family,size,variant,rep,iterations,ns,bytes
dot,16,wide2,0,262144,17.802,512
dot,16,vec2,0,262144,35.099,512
dot,16,wide1,0,262144,15.638,512
dot,16,shared,0,262144,17.719,512
dot,16,wide8,0,262144,16.776,512
dot,16,wide4,0,262144,15.228,512
dot,16,flock,0,262144,15.906,512
dot,16,wide16,0,262144,32.163,512
dot,16,wide4,1,262144,13.760,512
dot,16,wide8,1,262144,14.985,512
dot,16,wide16,1,262144,32.098,512
dot,16,vec2,1,262144,28.190,512
dot,16,wide2,1,262144,13.581,512
dot,16,flock,1,262144,15.546,512
dot,16,wide1,1,262144,13.267,512
dot,16,shared,1,262144,15.194,512
dot,16,wide16,2,262144,31.672,512
dot,16,shared,2,262144,15.254,512
dot,16,vec2,2,262144,28.630,512
dot,16,wide4,2,262144,13.863,512
dot,16,wide1,2,262144,13.185,512
dot,16,wide8,2,262144,15.730,512
dot,16,flock,2,262144,15.411,512
dot,16,wide2,2,262144,13.712,512
dot,16,wide4,3,262144,13.915,512
dot,16,flock,3,262144,14.954,512
dot,16,wide1,3,262144,13.413,512
dot,16,wide8,3,262144,15.173,512
dot,16,wide16,3,262144,31.832,512
dot,16,wide2,3,262144,13.811,512
dot,16,shared,3,262144,15.826,512
dot,16,vec2,3,262144,28.769,512
dot,16,shared,4,262144,16.043,512
dot,16,wide2,4,262144,13.683,512
dot,16,flock,4,262144,15.984,512
dot,16,vec2,4,262144,28.468,512
dot,16,wide16,4,262144,31.939,512
dot,16,wide1,4,262144,13.402,512
dot,16,wide4,4,262144,14.055,512
dot,16,wide8,4,262144,15.186,512
dot,16,wide4,5,262144,14.159,512
dot,16,wide1,5,262144,13.150,512
dot,16,wide16,5,262144,32.135,512
dot,16,flock,5,262144,15.592,512
dot,16,vec2,5,262144,28.282,512
dot,16,wide2,5,262144,13.684,512
dot,16,wide8,5,262144,15.457,512
dot,16,shared,5,262144,15.233,512
dot,16,flock,6,262144,15.324,512
dot,16,shared,6,262144,15.508,512
dot,16,wide4,6,262144,13.872,512
dot,16,wide8,6,262144,15.251,512
dot,16,vec2,6,262144,28.412,512
dot,16,wide2,6,262144,13.978,512
dot,16,wide1,6,262144,13.809,512
dot,16,wide16,6,262144,32.204,512
dot,16,wide8,7,262144,15.312,512
dot,16,shared,7,262144,15.497,512
dot,16,vec2,7,262144,28.661,512
dot,16,wide4,7,262144,14.350,512
dot,16,flock,7,262144,15.670,512
dot,16,wide1,7,262144,14.201,512
dot,16,wide16,7,262144,32.975,512
dot,16,wide2,7,262144,14.658,512
dot,16,wide4,8,262144,14.601,512
dot,16,flock,8,262144,16.006,512
dot,16,wide1,8,262144,13.881,512
dot,16,shared,8,262144,15.831,512
dot,16,wide8,8,262144,20.073,512
dot,16,wide2,8,262144,17.123,512
dot,16,vec2,8,262144,29.788,512
dot,16,wide16,8,262144,32.723,512
dot,16,wide2,9,262144,17.986,512
dot,16,wide16,9,262144,33.062,512
dot,16,wide1,9,262144,15.510,512
dot,16,wide4,9,262144,16.943,512
dot,16,vec2,9,262144,29.903,512
dot,16,wide8,9,262144,15.641,512
dot,16,shared,9,262144,15.687,512
dot,16,flock,9,262144,15.854,512
dot,16,vec2,10,262144,29.172,512
dot,16,flock,10,262144,15.563,512
dot,16,wide2,10,262144,13.805,512
dot,16,wide16,10,262144,32.182,512
dot,16,shared,10,262144,15.921,512
dot,16,wide1,10,262144,13.849,512
dot,16,wide4,10,262144,14.712,512
dot,16,wide8,10,262144,15.719,512
dot,16,wide1,11,262144,13.623,512
dot,16,wide16,11,262144,31.624,512
dot,16,shared,11,262144,15.503,512
dot,16,wide4,11,262144,13.961,512
dot,16,vec2,11,262144,29.247,512
dot,16,flock,11,262144,15.434,512
dot,16,wide8,11,262144,15.712,512
dot,16,wide2,11,262144,13.768,512
dot,16,wide2,12,262144,13.662,512
dot,16,vec2,12,262144,28.725,512
dot,16,wide16,12,262144,31.606,512
dot,16,flock,12,262144,15.521,512
dot,16,wide1,12,262144,13.359,512
dot,16,wide4,12,262144,14.345,512
dot,16,wide8,12,262144,15.186,512
dot,16,shared,12,262144,15.352,512
dot,16,flock,13,262144,15.254,512
dot,16,wide16,13,262144,31.841,512
dot,16,wide1,13,262144,14.031,512
dot,16,shared,13,262144,15.413,512
dot,16,wide2,13,262144,14.042,512
dot,16,wide4,13,262144,14.119,512
dot,16,wide8,13,262144,15.336,512
dot,16,vec2,13,262144,28.682,512
dot,16,wide2,14,262144,13.967,512
dot,16,wide16,14,262144,32.128,512
dot,16,vec2,14,262144,28.900,512
dot,16,wide4,14,262144,13.854,512
dot,16,flock,14,262144,15.876,512
dot,16,shared,14,262144,15.348,512
dot,16,wide8,14,262144,15.453,512
dot,16,wide1,14,262144,13.317,512
dot,16,wide4,15,262144,14.166,512
dot,16,wide2,15,262144,14.042,512
dot,16,shared,15,262144,15.615,512
dot,16,wide16,15,262144,31.815,512
dot,16,wide8,15,262144,16.077,512
dot,16,flock,15,262144,15.738,512
dot,16,vec2,15,262144,29.263,512
dot,16,wide1,15,262144,13.928,512
dot,16,wide4,16,262144,14.512,512
dot,16,vec2,16,262144,29.751,512
dot,16,wide16,16,262144,32.999,512
dot,16,wide1,16,262144,13.766,512
dot,16,flock,16,262144,15.736,512
dot,16,wide2,16,262144,13.736,512
dot,16,shared,16,262144,15.393,512
dot,16,wide8,16,262144,15.657,512
dot,16,flock,17,262144,15.959,512
dot,16,wide8,17,262144,16.063,512
dot,16,wide16,17,262144,33.381,512
dot,16,shared,17,262144,15.948,512
dot,16,wide4,17,262144,14.325,512
dot,16,wide1,17,262144,13.557,512
dot,16,vec2,17,262144,29.097,512
dot,16,wide2,17,262144,15.441,512
dot,16,wide4,18,262144,14.338,512
dot,16,vec2,18,262144,29.524,512
dot,16,shared,18,262144,15.271,512
dot,16,wide2,18,262144,14.178,512
dot,16,wide16,18,262144,32.565,512
dot,16,wide8,18,262144,15.176,512
dot,16,wide1,18,262144,13.436,512
dot,16,flock,18,262144,15.187,512
dot,16,shared,19,262144,15.379,512
dot,16,wide1,19,262144,13.173,512
dot,16,wide4,19,262144,13.891,512
dot,16,flock,19,262144,15.312,512
dot,16,wide8,19,262144,15.171,512
dot,16,wide2,19,262144,14.042,512
dot,16,wide16,19,262144,31.456,512
dot,16,vec2,19,262144,28.857,512
dot,16,vec2,20,262144,29.444,512
dot,16,wide8,20,262144,16.321,512
dot,16,flock,20,262144,16.512,512
dot,16,wide1,20,262144,14.310,512
dot,16,wide2,20,262144,14.661,512
dot,16,wide4,20,262144,15.274,512
dot,16,wide16,20,262144,33.796,512
dot,16,shared,20,262144,15.597,512
dot,16,wide1,21,262144,13.462,512
dot,16,shared,21,262144,15.921,512
dot,16,flock,21,262144,15.269,512
dot,16,wide16,21,262144,32.070,512
dot,16,vec2,21,262144,28.467,512
dot,16,wide4,21,262144,13.811,512
dot,16,wide2,21,262144,14.650,512
dot,16,wide8,21,262144,15.587,512
dot,16,wide2,22,262144,14.544,512
dot,16,wide8,22,262144,16.037,512
dot,16,wide1,22,262144,13.588,512
dot,16,flock,22,262144,15.507,512
dot,16,vec2,22,262144,28.534,512
dot,16,wide4,22,262144,14.633,512
dot,16,shared,22,262144,15.513,512
dot,16,wide16,22,262144,32.113,512
dot,16,flock,23,262144,15.573,512
dot,16,wide8,23,262144,15.680,512
dot,16,vec2,23,262144,29.570,512
dot,16,wide16,23,262144,32.956,512
dot,16,shared,23,262144,15.700,512
dot,16,wide1,23,262144,13.335,512
dot,16,wide2,23,262144,13.884,512
dot,16,wide4,23,262144,14.462,512
dot,16,wide8,24,262144,15.779,512
dot,16,shared,24,262144,15.890,512
dot,16,wide2,24,262144,14.009,512
dot,16,flock,24,262144,15.766,512
dot,16,wide4,24,262144,14.039,512
dot,16,vec2,24,262144,29.341,512
dot,16,wide1,24,262144,13.632,512
dot,16,wide16,24,262144,31.767,512
dot,16,wide4,25,262144,14.396,512
dot,16,wide1,25,262144,13.818,512
dot,16,vec2,25,262144,29.592,512
dot,16,wide16,25,262144,49.193,512
dot,16,wide2,25,262144,14.808,512
dot,16,flock,25,262144,15.885,512
dot,16,shared,25,262144,15.477,512
dot,16,wide8,25,262144,15.728,512
dot,16,shared,26,262144,15.256,512
dot,16,wide4,26,262144,14.060,512
dot,16,wide2,26,262144,14.093,512
dot,16,wide16,26,262144,31.674,512
dot,16,wide8,26,262144,15.278,512
dot,16,vec2,26,262144,28.418,512
dot,16,flock,26,262144,15.108,512
dot,16,wide1,26,262144,13.164,512
dot,16,vec2,27,262144,28.609,512
dot,16,shared,27,262144,15.347,512
dot,16,wide8,27,262144,15.301,512
dot,16,wide16,27,262144,31.327,512
dot,16,flock,27,262144,15.178,512
dot,16,wide2,27,262144,13.650,512
dot,16,wide4,27,262144,14.068,512
dot,16,wide1,27,262144,13.182,512
dot,16,wide4,28,262144,14.047,512
dot,16,shared,28,262144,15.129,512
dot,16,wide2,28,262144,13.794,512
dot,16,flock,28,262144,15.115,512
dot,16,wide16,28,262144,31.674,512
dot,16,wide1,28,262144,13.246,512
dot,16,wide8,28,262144,15.313,512
dot,16,vec2,28,262144,28.460,512
dot,16,wide4,29,262144,13.847,512
dot,16,wide16,29,262144,31.637,512
dot,16,wide8,29,262144,15.438,512
dot,16,shared,29,262144,15.673,512
dot,16,flock,29,262144,14.892,512
dot,16,vec2,29,262144,28.314,512
dot,16,wide1,29,262144,13.191,512
dot,16,wide2,29,262144,13.646,512
dot,16,wide8,30,262144,15.365,512
dot,16,wide2,30,262144,13.688,512
dot,16,wide1,30,262144,13.467,512
dot,16,wide4,30,262144,13.796,512
dot,16,vec2,30,262144,28.471,512
dot,16,shared,30,262144,15.399,512
dot,16,wide16,30,262144,31.613,512
dot,16,flock,30,262144,15.121,512
dot,16,wide8,31,262144,15.338,512
dot,16,wide4,31,262144,13.813,512
dot,16,flock,31,262144,15.238,512
dot,16,vec2,31,262144,28.310,512
dot,16,shared,31,262144,15.338,512
dot,16,wide2,31,262144,13.579,512
dot,16,wide16,31,262144,31.374,512
dot,16,wide1,31,262144,13.351,512
products,16,shared_unroll2,0,262144,17.019,768
products,16,flock,0,262144,16.467,768
products,16,schoolbook,0,262144,43.356,768
products,16,karatsuba,0,262144,51.234,768
products,16,shared_unroll8,0,262144,17.413,768
products,16,shared_unroll4,0,262144,17.525,768
products,16,karatsuba_barrett,0,262144,28.402,768
products,16,shared,0,262144,16.581,768
products,16,shared,1,262144,16.966,768
products,16,shared_unroll4,1,262144,17.345,768
products,16,shared_unroll8,1,262144,17.732,768
products,16,shared_unroll2,1,262144,17.032,768
products,16,karatsuba_barrett,1,262144,28.523,768
products,16,schoolbook,1,262144,44.632,768
products,16,flock,1,262144,16.431,768
products,16,karatsuba,1,262144,56.431,768
products,16,karatsuba_barrett,2,262144,28.594,768
products,16,shared,2,262144,16.784,768
products,16,shared_unroll8,2,262144,17.920,768
products,16,shared_unroll4,2,262144,17.511,768
products,16,shared_unroll2,2,262144,17.075,768
products,16,schoolbook,2,262144,43.537,768
products,16,flock,2,262144,16.212,768
products,16,karatsuba,2,262144,51.131,768
products,16,karatsuba,3,262144,50.605,768
products,16,shared_unroll4,3,262144,17.281,768
products,16,karatsuba_barrett,3,262144,28.336,768
products,16,shared_unroll2,3,262144,17.009,768
products,16,shared_unroll8,3,262144,17.751,768
products,16,shared,3,262144,16.592,768
products,16,schoolbook,3,262144,43.776,768
products,16,flock,3,262144,16.126,768
products,16,flock,4,262144,16.430,768
products,16,shared,4,262144,16.703,768
products,16,shared_unroll4,4,262144,17.263,768
products,16,karatsuba,4,262144,51.306,768
products,16,shared_unroll8,4,262144,17.752,768
products,16,karatsuba_barrett,4,262144,28.453,768
products,16,shared_unroll2,4,262144,17.013,768
products,16,schoolbook,4,262144,43.848,768
products,16,shared_unroll4,5,262144,17.241,768
products,16,karatsuba_barrett,5,262144,28.352,768
products,16,shared_unroll2,5,262144,17.411,768
products,16,shared_unroll8,5,262144,17.428,768
products,16,karatsuba,5,262144,51.046,768
products,16,shared,5,262144,16.601,768
products,16,flock,5,262144,16.267,768
products,16,schoolbook,5,262144,43.451,768
products,16,karatsuba_barrett,6,262144,28.260,768
products,16,shared_unroll8,6,262144,17.641,768
products,16,schoolbook,6,262144,43.134,768
products,16,shared_unroll2,6,262144,17.147,768
products,16,shared,6,262144,16.651,768
products,16,shared_unroll4,6,262144,17.718,768
products,16,flock,6,262144,16.118,768
products,16,karatsuba,6,262144,51.240,768
products,16,shared_unroll4,7,262144,17.458,768
products,16,shared_unroll8,7,262144,17.725,768
products,16,shared_unroll2,7,262144,17.347,768
products,16,flock,7,262144,15.833,768
products,16,karatsuba,7,262144,50.626,768
products,16,karatsuba_barrett,7,262144,28.554,768
products,16,schoolbook,7,262144,43.305,768
products,16,shared,7,262144,16.861,768
products,16,karatsuba_barrett,8,262144,28.394,768
products,16,karatsuba,8,262144,50.808,768
products,16,shared,8,262144,16.929,768
products,16,shared_unroll4,8,262144,17.245,768
products,16,shared_unroll8,8,262144,17.663,768
products,16,shared_unroll2,8,262144,17.012,768
products,16,flock,8,262144,16.364,768
products,16,schoolbook,8,262144,42.844,768
products,16,flock,9,262144,16.053,768
products,16,karatsuba,9,262144,50.536,768
products,16,karatsuba_barrett,9,262144,28.331,768
products,16,shared,9,262144,16.896,768
products,16,shared_unroll4,9,262144,17.232,768
products,16,shared_unroll8,9,262144,17.580,768
products,16,shared_unroll2,9,262144,16.978,768
products,16,schoolbook,9,262144,43.239,768
products,16,shared_unroll4,10,262144,17.185,768
products,16,shared_unroll2,10,262144,17.218,768
products,16,karatsuba_barrett,10,262144,28.345,768
products,16,flock,10,262144,16.464,768
products,16,karatsuba,10,262144,51.664,768
products,16,schoolbook,10,262144,43.477,768
products,16,shared,10,262144,16.661,768
products,16,shared_unroll8,10,262144,17.375,768
products,16,schoolbook,11,262144,43.020,768
products,16,shared_unroll2,11,262144,16.945,768
products,16,shared_unroll8,11,262144,17.405,768
products,16,flock,11,262144,16.112,768
products,16,karatsuba,11,262144,50.682,768
products,16,shared,11,262144,16.828,768
products,16,shared_unroll4,11,262144,17.424,768
products,16,karatsuba_barrett,11,262144,28.810,768
products,16,flock,12,262144,16.107,768
products,16,shared,12,262144,17.091,768
products,16,shared_unroll4,12,262144,17.299,768
products,16,shared_unroll2,12,262144,17.433,768
products,16,shared_unroll8,12,262144,17.825,768
products,16,karatsuba,12,262144,51.163,768
products,16,schoolbook,12,262144,42.879,768
products,16,karatsuba_barrett,12,262144,28.304,768
products,16,shared_unroll8,13,262144,17.649,768
products,16,shared_unroll4,13,262144,17.461,768
products,16,schoolbook,13,262144,42.736,768
products,16,karatsuba_barrett,13,262144,28.235,768
products,16,karatsuba,13,262144,50.626,768
products,16,shared,13,262144,16.995,768
products,16,shared_unroll2,13,262144,17.536,768
products,16,flock,13,262144,16.406,768
products,16,karatsuba,14,262144,51.818,768
products,16,shared_unroll2,14,262144,16.865,768
products,16,karatsuba_barrett,14,262144,28.747,768
products,16,schoolbook,14,262144,43.519,768
products,16,shared_unroll8,14,262144,17.281,768
products,16,shared,14,262144,17.327,768
products,16,shared_unroll4,14,262144,17.448,768
products,16,flock,14,262144,16.295,768
products,16,flock,15,262144,16.331,768
products,16,shared_unroll4,15,262144,17.343,768
products,16,karatsuba_barrett,15,262144,28.382,768
products,16,karatsuba,15,262144,51.401,768
products,16,shared_unroll2,15,262144,17.152,768
products,16,shared,15,262144,17.011,768
products,16,schoolbook,15,262144,43.747,768
products,16,shared_unroll8,15,262144,17.568,768
products,16,shared_unroll2,16,262144,17.251,768
products,16,shared_unroll8,16,262144,17.622,768
products,16,karatsuba_barrett,16,262144,28.617,768
products,16,shared,16,262144,16.859,768
products,16,karatsuba,16,262144,51.020,768
products,16,flock,16,262144,16.300,768
products,16,shared_unroll4,16,262144,17.332,768
products,16,schoolbook,16,262144,43.527,768
products,16,shared_unroll2,17,262144,16.847,768
products,16,karatsuba,17,262144,50.600,768
products,16,flock,17,262144,16.092,768
products,16,shared,17,262144,16.856,768
products,16,shared_unroll8,17,262144,17.516,768
products,16,karatsuba_barrett,17,262144,28.247,768
products,16,schoolbook,17,262144,43.571,768
products,16,shared_unroll4,17,262144,17.231,768
products,16,karatsuba_barrett,18,262144,28.240,768
products,16,schoolbook,18,262144,43.175,768
products,16,shared_unroll4,18,262144,17.418,768
products,16,shared,18,262144,16.555,768
products,16,shared_unroll8,18,262144,17.436,768
products,16,flock,18,262144,16.266,768
products,16,shared_unroll2,18,262144,16.927,768
products,16,karatsuba,18,262144,50.631,768
products,16,karatsuba,19,262144,50.698,768
products,16,flock,19,262144,16.809,768
products,16,schoolbook,19,262144,43.555,768
products,16,shared_unroll8,19,262144,18.183,768
products,16,shared_unroll4,19,262144,17.515,768
products,16,shared_unroll2,19,262144,17.118,768
products,16,shared,19,262144,16.955,768
products,16,karatsuba_barrett,19,262144,28.145,768
products,16,shared_unroll4,20,262144,17.485,768
products,16,shared,20,262144,16.616,768
products,16,shared_unroll8,20,262144,17.732,768
products,16,karatsuba,20,262144,50.751,768
products,16,schoolbook,20,262144,43.314,768
products,16,karatsuba_barrett,20,262144,28.241,768
products,16,shared_unroll2,20,262144,17.027,768
products,16,flock,20,262144,16.385,768
products,16,shared_unroll8,21,262144,17.508,768
products,16,karatsuba,21,262144,50.939,768
products,16,shared_unroll4,21,262144,17.589,768
products,16,karatsuba_barrett,21,262144,28.177,768
products,16,shared_unroll2,21,262144,16.993,768
products,16,schoolbook,21,262144,43.471,768
products,16,flock,21,262144,16.185,768
products,16,shared,21,262144,16.680,768
products,16,shared_unroll8,22,262144,17.499,768
products,16,karatsuba,22,262144,51.048,768
products,16,shared_unroll2,22,262144,17.274,768
products,16,shared_unroll4,22,262144,17.320,768
products,16,karatsuba_barrett,22,262144,28.378,768
products,16,schoolbook,22,262144,43.435,768
products,16,shared,22,262144,16.627,768
products,16,flock,22,262144,16.522,768
products,16,shared,23,262144,16.652,768
products,16,shared_unroll2,23,262144,17.341,768
products,16,karatsuba,23,262144,50.934,768
products,16,shared_unroll8,23,262144,17.424,768
products,16,flock,23,262144,16.436,768
products,16,shared_unroll4,23,262144,17.235,768
products,16,schoolbook,23,262144,43.560,768
products,16,karatsuba_barrett,23,262144,28.278,768
products,16,karatsuba_barrett,24,262144,28.906,768
products,16,shared_unroll4,24,262144,17.281,768
products,16,shared_unroll2,24,262144,17.164,768
products,16,flock,24,262144,16.158,768
products,16,karatsuba,24,262144,50.992,768
products,16,shared_unroll8,24,262144,17.454,768
products,16,schoolbook,24,262144,43.183,768
products,16,shared,24,262144,16.754,768
products,16,shared_unroll4,25,262144,17.450,768
products,16,shared_unroll2,25,262144,17.410,768
products,16,karatsuba,25,262144,50.349,768
products,16,karatsuba_barrett,25,262144,28.201,768
products,16,flock,25,262144,16.113,768
products,16,shared,25,262144,16.719,768
products,16,shared_unroll8,25,262144,17.624,768
products,16,schoolbook,25,262144,43.135,768
products,16,schoolbook,26,262144,42.730,768
products,16,shared_unroll4,26,262144,17.421,768
products,16,shared,26,262144,16.935,768
products,16,shared_unroll2,26,262144,17.225,768
products,16,karatsuba_barrett,26,262144,28.061,768
products,16,karatsuba,26,262144,51.026,768
products,16,shared_unroll8,26,262144,17.446,768
products,16,flock,26,262144,16.132,768
products,16,shared,27,262144,16.651,768
products,16,karatsuba,27,262144,50.735,768
products,16,shared_unroll2,27,262144,17.303,768
products,16,schoolbook,27,262144,43.488,768
products,16,shared_unroll4,27,262144,17.442,768
products,16,shared_unroll8,27,262144,17.691,768
products,16,karatsuba_barrett,27,262144,28.311,768
products,16,flock,27,262144,16.149,768
products,16,shared_unroll2,28,262144,16.994,768
products,16,karatsuba,28,262144,50.955,768
products,16,shared_unroll4,28,262144,17.233,768
products,16,karatsuba_barrett,28,262144,28.110,768
products,16,shared,28,262144,16.786,768
products,16,schoolbook,28,262144,43.479,768
products,16,flock,28,262144,15.968,768
products,16,shared_unroll8,28,262144,17.404,768
products,16,karatsuba_barrett,29,262144,28.346,768
products,16,shared_unroll4,29,262144,17.224,768
products,16,shared_unroll8,29,262144,17.510,768
products,16,karatsuba,29,262144,50.874,768
products,16,shared,29,262144,16.366,768
products,16,shared_unroll2,29,262144,16.982,768
products,16,flock,29,262144,16.135,768
products,16,schoolbook,29,262144,43.494,768
products,16,schoolbook,30,262144,43.917,768
products,16,shared_unroll8,30,262144,17.221,768
products,16,shared_unroll4,30,262144,17.302,768
products,16,karatsuba_barrett,30,262144,28.448,768
products,16,shared_unroll2,30,262144,16.973,768
products,16,karatsuba,30,262144,51.304,768
products,16,shared,30,262144,17.054,768
products,16,flock,30,262144,16.338,768
products,16,shared_unroll4,31,262144,17.717,768
products,16,shared,31,262144,16.282,768
products,16,shared_unroll2,31,262144,17.934,768
products,16,karatsuba_barrett,31,262144,28.662,768
products,16,flock,31,262144,15.857,768
products,16,karatsuba,31,262144,51.313,768
products,16,schoolbook,31,262144,42.624,768
products,16,shared_unroll8,31,262144,17.365,768
dot,1024,wide8,0,4096,746.379,32768
dot,1024,wide1,0,4096,694.194,32768
dot,1024,vec2,0,4096,1709.819,32768
dot,1024,wide16,0,4096,1145.467,32768
dot,1024,wide4,0,4096,694.946,32768
dot,1024,wide2,0,4096,700.277,32768
dot,1024,flock,0,4096,854.187,32768
dot,1024,shared,0,4096,869.293,32768
dot,1024,wide2,1,4096,728.556,32768
dot,1024,flock,1,4096,847.473,32768
dot,1024,vec2,1,4096,1717.885,32768
dot,1024,wide16,1,4096,1083.069,32768
dot,1024,shared,1,4096,871.694,32768
dot,1024,wide1,1,4096,684.743,32768
dot,1024,wide8,1,4096,750.458,32768
dot,1024,wide4,1,4096,707.865,32768
dot,1024,wide16,2,4096,1114.766,32768
dot,1024,wide2,2,4096,718.597,32768
dot,1024,flock,2,4096,857.076,32768
dot,1024,wide1,2,4096,694.916,32768
dot,1024,shared,2,4096,869.802,32768
dot,1024,vec2,2,4096,1702.718,32768
dot,1024,wide4,2,4096,711.924,32768
dot,1024,wide8,2,4096,748.474,32768
dot,1024,wide1,3,4096,697.144,32768
dot,1024,vec2,3,4096,1703.023,32768
dot,1024,wide2,3,4096,695.292,32768
dot,1024,wide16,3,4096,1094.808,32768
dot,1024,wide4,3,4096,696.279,32768
dot,1024,flock,3,4096,857.646,32768
dot,1024,wide8,3,4096,755.086,32768
dot,1024,shared,3,4096,858.978,32768
dot,1024,wide1,4,4096,694.814,32768
dot,1024,wide8,4,4096,747.732,32768
dot,1024,wide2,4,4096,695.190,32768
dot,1024,wide16,4,4096,1107.239,32768
dot,1024,flock,4,4096,858.358,32768
dot,1024,shared,4,4096,859.650,32768
dot,1024,wide4,4,4096,700.867,32768
dot,1024,vec2,4,4096,1742.564,32768
dot,1024,flock,5,4096,875.346,32768
dot,1024,wide8,5,4096,759.074,32768
dot,1024,shared,5,4096,857.096,32768
dot,1024,wide1,5,4096,694.987,32768
dot,1024,wide16,5,4096,1121.236,32768
dot,1024,wide4,5,4096,695.953,32768
dot,1024,vec2,5,4096,1728.455,32768
dot,1024,wide2,5,4096,700.969,32768
dot,1024,wide8,6,4096,742.767,32768
dot,1024,wide4,6,4096,693.481,32768
dot,1024,vec2,6,4096,1747.213,32768
dot,1024,wide16,6,4096,1131.815,32768
dot,1024,wide1,6,4096,683.370,32768
dot,1024,flock,6,4096,862.213,32768
dot,1024,wide2,6,4096,695.160,32768
dot,1024,shared,6,4096,861.491,32768
dot,1024,vec2,7,4096,1722.117,32768
dot,1024,wide2,7,4096,706.492,32768
dot,1024,shared,7,4096,869.568,32768
dot,1024,wide4,7,4096,685.079,32768
dot,1024,wide1,7,4096,725.535,32768
dot,1024,wide8,7,4096,736.623,32768
dot,1024,wide16,7,4096,1120.433,32768
dot,1024,flock,7,4096,849.884,32768
dot,1024,wide16,8,4096,1112.671,32768
dot,1024,wide8,8,4096,733.246,32768
dot,1024,wide2,8,4096,694.834,32768
dot,1024,wide4,8,4096,714.508,32768
dot,1024,shared,8,4096,861.898,32768
dot,1024,flock,8,4096,863.739,32768
dot,1024,wide1,8,4096,711.416,32768
dot,1024,vec2,8,4096,1718.771,32768
dot,1024,flock,9,4096,850.484,32768
dot,1024,wide4,9,4096,702.179,32768
dot,1024,wide16,9,4096,1126.719,32768
dot,1024,wide8,9,4096,737.834,32768
dot,1024,wide2,9,4096,716.441,32768
dot,1024,wide1,9,4096,692.556,32768
dot,1024,shared,9,4096,861.776,32768
dot,1024,vec2,9,4096,1716.217,32768
dot,1024,wide4,10,4096,708.984,32768
dot,1024,wide16,10,4096,1108.500,32768
dot,1024,shared,10,4096,870.300,32768
dot,1024,vec2,10,4096,1709.269,32768
dot,1024,wide1,10,4096,693.827,32768
dot,1024,wide2,10,4096,695.119,32768
dot,1024,flock,10,4096,873.128,32768
dot,1024,wide8,10,4096,741.241,32768
dot,1024,wide4,11,4096,695.394,32768
dot,1024,wide2,11,4096,725.626,32768
dot,1024,shared,11,4096,871.358,32768
dot,1024,vec2,11,4096,1726.217,32768
dot,1024,flock,11,4096,863.393,32768
dot,1024,wide8,11,4096,740.417,32768
dot,1024,wide1,11,4096,714.355,32768
dot,1024,wide16,11,4096,1126.394,32768
dot,1024,shared,12,4096,869.466,32768
dot,1024,wide16,12,4096,1111.572,32768
dot,1024,vec2,12,4096,1721.843,32768
dot,1024,wide8,12,4096,740.336,32768
dot,1024,wide4,12,4096,695.333,32768
dot,1024,flock,12,4096,872.813,32768
dot,1024,wide1,12,4096,690.521,32768
dot,1024,wide2,12,4096,695.272,32768
dot,1024,shared,13,4096,869.812,32768
dot,1024,wide8,13,4096,757.365,32768
dot,1024,wide2,13,4096,723.531,32768
dot,1024,wide16,13,4096,1106.608,32768
dot,1024,wide4,13,4096,697.774,32768
dot,1024,wide1,13,4096,704.539,32768
dot,1024,vec2,13,4096,1718.374,32768
dot,1024,flock,13,4096,860.250,32768
dot,1024,wide16,14,4096,1122.864,32768
dot,1024,wide4,14,4096,698.323,32768
dot,1024,shared,14,4096,857.290,32768
dot,1024,wide2,14,4096,707.184,32768
dot,1024,wide1,14,4096,700.785,32768
dot,1024,flock,14,4096,866.445,32768
dot,1024,vec2,14,4096,1709.391,32768
dot,1024,wide8,14,4096,761.434,32768
dot,1024,flock,15,4096,854.645,32768
dot,1024,shared,15,4096,898.753,32768
dot,1024,wide8,15,4096,760.203,32768
dot,1024,wide1,15,4096,736.796,32768
dot,1024,wide2,15,4096,772.522,32768
dot,1024,vec2,15,4096,1814.402,32768
dot,1024,wide16,15,4096,1127.533,32768
dot,1024,wide4,15,4096,731.985,32768
dot,1024,shared,16,4096,867.971,32768
dot,1024,wide2,16,4096,710.236,32768
dot,1024,wide1,16,4096,729.726,32768
dot,1024,wide16,16,4096,1093.312,32768
dot,1024,flock,16,4096,882.792,32768
dot,1024,wide4,16,4096,694.570,32768
dot,1024,vec2,16,4096,1749.135,32768
dot,1024,wide8,16,4096,737.020,32768
dot,1024,wide8,17,4096,759.145,32768
dot,1024,wide4,17,4096,697.367,32768
dot,1024,wide2,17,4096,697.835,32768
dot,1024,wide16,17,4096,1108.236,32768
dot,1024,shared,17,4096,863.322,32768
dot,1024,vec2,17,4096,1719.432,32768
dot,1024,wide1,17,4096,694.682,32768
dot,1024,flock,17,4096,859.782,32768
dot,1024,wide8,18,4096,735.585,32768
dot,1024,wide4,18,4096,725.362,32768
dot,1024,shared,18,4096,863.088,32768
dot,1024,wide2,18,4096,705.698,32768
dot,1024,vec2,18,4096,1721.659,32768
dot,1024,wide1,18,4096,720.276,32768
dot,1024,flock,18,4096,858.103,32768
dot,1024,wide16,18,4096,1102.519,32768
dot,1024,wide1,19,4096,722.463,32768
dot,1024,wide8,19,4096,757.680,32768
dot,1024,flock,19,4096,866.882,32768
dot,1024,wide16,19,4096,1111.816,32768
dot,1024,wide4,19,4096,704.691,32768
dot,1024,wide2,19,4096,694.122,32768
dot,1024,shared,19,4096,850.016,32768
dot,1024,vec2,19,4096,1711.548,32768
dot,1024,wide16,20,4096,1112.620,32768
dot,1024,wide2,20,4096,694.906,32768
dot,1024,wide4,20,4096,695.089,32768
dot,1024,flock,20,4096,883.942,32768
dot,1024,vec2,20,4096,1724.762,32768
dot,1024,shared,20,4096,860.606,32768
dot,1024,wide8,20,4096,753.072,32768
dot,1024,wide1,20,4096,709.178,32768
dot,1024,wide1,21,4096,709.493,32768
dot,1024,vec2,21,4096,1739.644,32768
dot,1024,wide8,21,4096,740.550,32768
dot,1024,wide16,21,4096,1134.125,32768
dot,1024,wide2,21,4096,705.302,32768
dot,1024,wide4,21,4096,711.456,32768
dot,1024,flock,21,4096,857.625,32768
dot,1024,shared,21,4096,875.051,32768
dot,1024,wide8,22,4096,737.762,32768
dot,1024,vec2,22,4096,1730.367,32768
dot,1024,flock,22,4096,867.025,32768
dot,1024,shared,22,4096,919.596,32768
dot,1024,wide4,22,4096,705.617,32768
dot,1024,wide16,22,4096,1108.500,32768
dot,1024,wide1,22,4096,696.136,32768
dot,1024,wide2,22,4096,703.349,32768
dot,1024,wide2,23,4096,716.624,32768
dot,1024,wide16,23,4096,1100.759,32768
dot,1024,wide8,23,4096,745.300,32768
dot,1024,shared,23,4096,896.861,32768
dot,1024,flock,23,4096,855.825,32768
dot,1024,wide4,23,4096,707.510,32768
dot,1024,vec2,23,4096,1726.115,32768
dot,1024,wide1,23,4096,689.606,32768
dot,1024,wide8,24,4096,740.041,32768
dot,1024,shared,24,4096,870.392,32768
dot,1024,vec2,24,4096,1700.277,32768
dot,1024,wide4,24,4096,696.269,32768
dot,1024,wide2,24,4096,693.075,32768
dot,1024,flock,24,4096,853.577,32768
dot,1024,wide1,24,4096,693.176,32768
dot,1024,wide16,24,4096,1112.813,32768
dot,1024,wide8,25,4096,732.412,32768
dot,1024,flock,25,4096,862.925,32768
dot,1024,wide4,25,4096,692.312,32768
dot,1024,wide16,25,4096,1100.972,32768
dot,1024,vec2,25,4096,1703.196,32768
dot,1024,wide2,25,4096,705.851,32768
dot,1024,wide1,25,4096,684.367,32768
dot,1024,shared,25,4096,857.524,32768
dot,1024,vec2,26,4096,1691.691,32768
dot,1024,wide4,26,4096,694.173,32768
dot,1024,shared,26,4096,852.173,32768
dot,1024,wide16,26,4096,1101.247,32768
dot,1024,flock,26,4096,846.873,32768
dot,1024,wide8,26,4096,742.177,32768
dot,1024,wide2,26,4096,711.334,32768
dot,1024,wide1,26,4096,710.154,32768
dot,1024,wide16,27,4096,1107.269,32768
dot,1024,wide8,27,4096,723.887,32768
dot,1024,wide1,27,4096,690.409,32768
dot,1024,wide2,27,4096,698.069,32768
dot,1024,vec2,27,4096,1718.892,32768
dot,1024,flock,27,4096,874.359,32768
dot,1024,wide4,27,4096,688.548,32768
dot,1024,shared,27,4096,862.488,32768
dot,1024,wide2,28,4096,693.471,32768
dot,1024,wide16,28,4096,1104.024,32768
dot,1024,wide8,28,4096,743.744,32768
dot,1024,shared,28,4096,860.280,32768
dot,1024,vec2,28,4096,1724.182,32768
dot,1024,wide4,28,4096,704.081,32768
dot,1024,flock,28,4096,857.035,32768
dot,1024,wide1,28,4096,699.127,32768
dot,1024,shared,29,4096,864.248,32768
dot,1024,wide16,29,4096,1089.783,32768
dot,1024,flock,29,4096,872.487,32768
dot,1024,wide1,29,4096,708.506,32768
dot,1024,wide2,29,4096,698.710,32768
dot,1024,wide4,29,4096,697.937,32768
dot,1024,wide8,29,4096,724.121,32768
dot,1024,vec2,29,4096,1711.283,32768
dot,1024,wide2,30,4096,710.317,32768
dot,1024,wide16,30,4096,1097.850,32768
dot,1024,wide1,30,4096,700.002,32768
dot,1024,shared,30,4096,860.056,32768
dot,1024,vec2,30,4096,1710.154,32768
dot,1024,flock,30,4096,864.278,32768
dot,1024,wide8,30,4096,736.664,32768
dot,1024,wide4,30,4096,709.585,32768
dot,1024,shared,31,4096,869.527,32768
dot,1024,wide2,31,4096,697.398,32768
dot,1024,wide1,31,4096,709.473,32768
dot,1024,vec2,31,4096,1716.644,32768
dot,1024,flock,31,4096,859.894,32768
dot,1024,wide4,31,4096,699.392,32768
dot,1024,wide8,31,4096,745.015,32768
dot,1024,wide16,31,4096,1083.537,32768
products,1024,karatsuba_barrett,0,4096,1610.067,49152
products,1024,karatsuba,0,4096,3085.226,49152
products,1024,schoolbook,0,4096,2605.804,49152
products,1024,shared_unroll4,0,4096,914.713,49152
products,1024,shared,0,4096,915.151,49152
products,1024,flock,0,4096,871.765,49152
products,1024,shared_unroll2,0,4096,915.924,49152
products,1024,shared_unroll8,0,4096,924.113,49152
products,1024,shared,1,4096,923.737,49152
products,1024,shared_unroll4,1,4096,938.059,49152
products,1024,karatsuba,1,4096,3064.382,49152
products,1024,flock,1,4096,865.763,49152
products,1024,shared_unroll2,1,4096,909.922,49152
products,1024,karatsuba_barrett,1,4096,1600.322,49152
products,1024,schoolbook,1,4096,2612.457,49152
products,1024,shared_unroll8,1,4096,913.126,49152
products,1024,shared,2,4096,912.791,49152
products,1024,shared_unroll4,2,4096,924.764,49152
products,1024,schoolbook,2,4096,2626.923,49152
products,1024,karatsuba_barrett,2,4096,1615.234,49152
products,1024,karatsuba,2,4096,3061.534,49152
products,1024,shared_unroll2,2,4096,926.443,49152
products,1024,flock,2,4096,862.152,49152
products,1024,shared_unroll8,2,4096,904.327,49152
products,1024,karatsuba_barrett,3,4096,1597.361,49152
products,1024,shared_unroll2,3,4096,919.118,49152
products,1024,shared_unroll4,3,4096,912.618,49152
products,1024,shared_unroll8,3,4096,929.281,49152
products,1024,shared,3,4096,921.783,49152
products,1024,schoolbook,3,4096,2662.018,49152
products,1024,flock,3,4096,912.048,49152
products,1024,karatsuba,3,4096,3083.476,49152
products,1024,karatsuba,4,4096,3071.940,49152
products,1024,karatsuba_barrett,4,4096,1607.351,49152
products,1024,shared_unroll4,4,4096,926.463,49152
products,1024,shared_unroll2,4,4096,913.005,49152
products,1024,flock,4,4096,860.667,49152
products,1024,shared_unroll8,4,4096,913.747,49152
products,1024,schoolbook,4,4096,2646.108,49152
products,1024,shared,4,4096,914.266,49152
products,1024,flock,5,4096,871.999,49152
products,1024,karatsuba_barrett,5,4096,1619.548,49152
products,1024,shared_unroll4,5,4096,953.583,49152
products,1024,shared,5,4096,922.658,49152
products,1024,schoolbook,5,4096,2625.244,49152
products,1024,karatsuba,5,4096,3097.107,49152
products,1024,shared_unroll8,5,4096,943.705,49152
products,1024,shared_unroll2,5,4096,942.047,49152
products,1024,shared_unroll4,6,4096,938.772,49152
products,1024,schoolbook,6,4096,2638.926,49152
products,1024,flock,6,4096,856.852,49152
products,1024,shared,6,4096,932.750,49152
products,1024,shared_unroll2,6,4096,922.211,49152
products,1024,karatsuba_barrett,6,4096,1630.096,49152
products,1024,shared_unroll8,6,4096,929.504,49152
products,1024,karatsuba,6,4096,3118.154,49152
products,1024,flock,7,4096,892.344,49152
products,1024,schoolbook,7,4096,2633.128,49152
products,1024,shared_unroll8,7,4096,917.867,49152
products,1024,shared_unroll2,7,4096,911.743,49152
products,1024,shared,7,4096,931.091,49152
products,1024,karatsuba,7,4096,3059.346,49152
products,1024,shared_unroll4,7,4096,940.369,49152
products,1024,karatsuba_barrett,7,4096,1611.847,49152
products,1024,shared_unroll2,8,4096,917.694,49152
products,1024,flock,8,4096,851.695,49152
products,1024,shared_unroll8,8,4096,905.640,49152
products,1024,karatsuba_barrett,8,4096,1602.448,49152
products,1024,shared,8,4096,912.211,49152
products,1024,karatsuba,8,4096,3070.099,49152
products,1024,shared_unroll4,8,4096,902.720,49152
products,1024,schoolbook,8,4096,2587.240,49152
products,1024,karatsuba,9,4096,3059.479,49152
products,1024,shared_unroll4,9,4096,945.689,49152
products,1024,shared_unroll8,9,4096,907.145,49152
products,1024,schoolbook,9,4096,2652.089,49152
products,1024,shared_unroll2,9,4096,913.279,49152
products,1024,flock,9,4096,854.146,49152
products,1024,karatsuba_barrett,9,4096,1622.172,49152
products,1024,shared,9,4096,923.604,49152
products,1024,flock,10,4096,856.771,49152
products,1024,shared_unroll2,10,4096,919.922,49152
products,1024,schoolbook,10,4096,2593.119,49152
products,1024,shared_unroll4,10,4096,901.225,49152
products,1024,shared_unroll8,10,4096,950.317,49152
products,1024,karatsuba_barrett,10,4096,1587.056,49152
products,1024,shared,10,4096,913.412,49152
products,1024,karatsuba,10,4096,3082.927,49152
products,1024,karatsuba,11,4096,3055.501,49152
products,1024,karatsuba_barrett,11,4096,1616.811,49152
products,1024,schoolbook,11,4096,2606.689,49152
products,1024,shared,11,4096,921.315,49152
products,1024,shared_unroll2,11,4096,918.701,49152
products,1024,flock,11,4096,872.030,49152
products,1024,shared_unroll8,11,4096,926.503,49152
products,1024,shared_unroll4,11,4096,932.648,49152
products,1024,shared,12,4096,930.695,49152
products,1024,karatsuba_barrett,12,4096,1628.713,49152
products,1024,shared_unroll2,12,4096,916.941,49152
products,1024,shared_unroll8,12,4096,913.188,49152
products,1024,karatsuba,12,4096,3098.450,49152
products,1024,flock,12,4096,856.262,49152
products,1024,shared_unroll4,12,4096,917.104,49152
products,1024,schoolbook,12,4096,2967.896,49152
products,1024,shared_unroll2,13,4096,923.411,49152
products,1024,karatsuba,13,4096,3072.774,49152
products,1024,shared_unroll8,13,4096,941.152,49152
products,1024,karatsuba_barrett,13,4096,1603.912,49152
products,1024,shared_unroll4,13,4096,947.652,49152
products,1024,flock,13,4096,875.010,49152
products,1024,shared,13,4096,932.932,49152
products,1024,schoolbook,13,4096,2640.238,49152
products,1024,shared_unroll8,14,4096,929.108,49152
products,1024,flock,14,4096,863.403,49152
products,1024,shared_unroll2,14,4096,926.910,49152
products,1024,shared_unroll4,14,4096,922.882,49152
products,1024,karatsuba,14,4096,3098.806,49152
products,1024,shared,14,4096,932.556,49152
products,1024,karatsuba_barrett,14,4096,1624.888,49152
products,1024,schoolbook,14,4096,2647.329,49152
products,1024,shared_unroll2,15,4096,997.630,49152
products,1024,karatsuba,15,4096,3073.303,49152
products,1024,flock,15,4096,866.109,49152
products,1024,schoolbook,15,4096,2630.025,49152
products,1024,shared_unroll4,15,4096,917.633,49152
products,1024,karatsuba_barrett,15,4096,1623.667,49152
products,1024,shared_unroll8,15,4096,914.896,49152
products,1024,shared,15,4096,947.245,49152
products,1024,schoolbook,16,4096,2641.754,49152
products,1024,shared_unroll8,16,4096,913.574,49152
products,1024,flock,16,4096,886.841,49152
products,1024,shared_unroll2,16,4096,917.572,49152
products,1024,shared,16,4096,914.754,49152
products,1024,shared_unroll4,16,4096,925.242,49152
products,1024,karatsuba_barrett,16,4096,1628.845,49152
products,1024,karatsuba,16,4096,3123.057,49152
products,1024,shared,17,4096,924.825,49152
products,1024,karatsuba,17,4096,3131.449,49152
products,1024,flock,17,4096,860.758,49152
products,1024,shared_unroll2,17,4096,931.335,49152
products,1024,schoolbook,17,4096,2599.894,49152
products,1024,shared_unroll8,17,4096,909.302,49152
products,1024,shared_unroll4,17,4096,939.911,49152
products,1024,karatsuba_barrett,17,4096,1613.464,49152
products,1024,schoolbook,18,4096,2656.118,49152
products,1024,shared_unroll2,18,4096,946.014,49152
products,1024,karatsuba_barrett,18,4096,1649.343,49152
products,1024,shared_unroll4,18,4096,907.074,49152
products,1024,flock,18,4096,852.183,49152
products,1024,karatsuba,18,4096,3090.831,49152
products,1024,shared,18,4096,934.814,49152
products,1024,shared_unroll8,18,4096,934.448,49152
products,1024,shared_unroll4,19,4096,937.754,49152
products,1024,karatsuba_barrett,19,4096,1644.979,49152
products,1024,shared_unroll2,19,4096,940.267,49152
products,1024,flock,19,4096,904.643,49152
products,1024,karatsuba,19,4096,3045.278,49152
products,1024,schoolbook,19,4096,2638.804,49152
products,1024,shared_unroll8,19,4096,919.484,49152
products,1024,shared,19,4096,925.649,49152
products,1024,karatsuba_barrett,20,4096,1617.910,49152
products,1024,karatsuba,20,4096,3097.137,49152
products,1024,shared_unroll4,20,4096,925.710,49152
products,1024,shared_unroll8,20,4096,933.054,49152
products,1024,schoolbook,20,4096,2676.636,49152
products,1024,shared,20,4096,894.918,49152
products,1024,shared_unroll2,20,4096,934.387,49152
products,1024,flock,20,4096,867.371,49152
products,1024,shared_unroll4,21,4096,942.291,49152
products,1024,flock,21,4096,872.620,49152
products,1024,shared_unroll2,21,4096,944.448,49152
products,1024,shared,21,4096,938.995,49152
products,1024,karatsuba_barrett,21,4096,1654.439,49152
products,1024,schoolbook,21,4096,2672.567,49152
products,1024,shared_unroll8,21,4096,954.335,49152
products,1024,karatsuba,21,4096,3104.197,49152
products,1024,shared_unroll8,22,4096,953.715,49152
products,1024,shared,22,4096,914.418,49152
products,1024,schoolbook,22,4096,2640.157,49152
products,1024,shared_unroll4,22,4096,904.175,49152
products,1024,karatsuba_barrett,22,4096,1616.292,49152
products,1024,flock,22,4096,858.602,49152
products,1024,karatsuba,22,4096,3076.019,49152
products,1024,shared_unroll2,22,4096,939.341,49152
products,1024,shared,23,4096,941.386,49152
products,1024,shared_unroll8,23,4096,933.553,49152
products,1024,shared_unroll2,23,4096,923.442,49152
products,1024,shared_unroll4,23,4096,917.755,49152
products,1024,flock,23,4096,878.804,49152
products,1024,karatsuba,23,4096,3074.402,49152
products,1024,schoolbook,23,4096,2656.108,49152
products,1024,karatsuba_barrett,23,4096,1639.038,49152
products,1024,shared_unroll2,24,4096,938.751,49152
products,1024,shared_unroll4,24,4096,934.316,49152
products,1024,karatsuba,24,4096,3022.603,49152
products,1024,shared_unroll8,24,4096,920.614,49152
products,1024,karatsuba_barrett,24,4096,1602.773,49152
products,1024,schoolbook,24,4096,2650.462,49152
products,1024,shared,24,4096,924.255,49152
products,1024,flock,24,4096,867.065,49152
products,1024,flock,25,4096,872.711,49152
products,1024,karatsuba,25,4096,3102.976,49152
products,1024,schoolbook,25,4096,2650.014,49152
products,1024,shared_unroll4,25,4096,932.078,49152
products,1024,shared,25,4096,933.115,49152
products,1024,shared_unroll2,25,4096,954.010,49152
products,1024,shared_unroll8,25,4096,917.094,49152
products,1024,karatsuba_barrett,25,4096,1586.456,49152
products,1024,karatsuba_barrett,26,4096,1627.289,49152
products,1024,karatsuba,26,4096,3090.983,49152
products,1024,flock,26,4096,866.394,49152
products,1024,shared_unroll8,26,4096,925.171,49152
products,1024,shared,26,4096,940.338,49152
products,1024,shared_unroll2,26,4096,924.266,49152
products,1024,schoolbook,26,4096,2619.273,49152
products,1024,shared_unroll4,26,4096,908.376,49152
products,1024,shared,27,4096,932.973,49152
products,1024,karatsuba,27,4096,3055.359,49152
products,1024,flock,27,4096,869.843,49152
products,1024,shared_unroll8,27,4096,897.919,49152
products,1024,shared_unroll2,27,4096,921.346,49152
products,1024,karatsuba_barrett,27,4096,1602.966,49152
products,1024,schoolbook,27,4096,2613.851,49152
products,1024,shared_unroll4,27,4096,906.413,49152
products,1024,karatsuba_barrett,28,4096,1615.865,49152
products,1024,shared_unroll2,28,4096,915.446,49152
products,1024,shared_unroll4,28,4096,926.625,49152
products,1024,schoolbook,28,4096,2625.214,49152
products,1024,shared_unroll8,28,4096,926.239,49152
products,1024,flock,28,4096,860.179,49152
products,1024,shared,28,4096,920.237,49152
products,1024,karatsuba,28,4096,3069.336,49152
products,1024,shared_unroll8,29,4096,913.534,49152
products,1024,karatsuba_barrett,29,4096,1608.063,49152
products,1024,schoolbook,29,4096,2616.699,49152
products,1024,shared_unroll2,29,4096,908.274,49152
products,1024,shared_unroll4,29,4096,911.957,49152
products,1024,flock,29,4096,870.504,49152
products,1024,shared,29,4096,914.195,49152
products,1024,karatsuba,29,4096,3080.831,49152
products,1024,schoolbook,30,4096,2607.300,49152
products,1024,shared_unroll2,30,4096,920.603,49152
products,1024,flock,30,4096,858.815,49152
products,1024,karatsuba_barrett,30,4096,1614.176,49152
products,1024,shared_unroll4,30,4096,914.815,49152
products,1024,karatsuba,30,4096,3060.679,49152
products,1024,shared_unroll8,30,4096,908.335,49152
products,1024,shared,30,4096,927.765,49152
products,1024,shared_unroll2,31,4096,913.086,49152
products,1024,karatsuba,31,4096,3074.717,49152
products,1024,shared_unroll4,31,4096,894.989,49152
products,1024,shared,31,4096,900.767,49152
products,1024,karatsuba_barrett,31,4096,1599.324,49152
products,1024,flock,31,4096,874.593,49152
products,1024,shared_unroll8,31,4096,915.395,49152
products,1024,schoolbook,31,4096,2633.606,49152
dot,65536,wide8,0,64,48740.234,2097152
dot,65536,wide2,0,64,45381.516,2097152
dot,65536,vec2,0,64,111716.797,2097152
dot,65536,wide16,0,64,69425.141,2097152
dot,65536,flock,0,64,55524.078,2097152
dot,65536,wide4,0,64,46977.875,2097152
dot,65536,shared,0,64,58889.328,2097152
dot,65536,wide1,0,64,45529.297,2097152
dot,65536,wide4,1,64,46440.109,2097152
dot,65536,vec2,1,64,112204.422,2097152
dot,65536,flock,1,64,55804.031,2097152
dot,65536,wide16,1,64,70033.203,2097152
dot,65536,wide2,1,64,45350.906,2097152
dot,65536,shared,1,64,55766.922,2097152
dot,65536,wide8,1,64,46977.219,2097152
dot,65536,wide1,1,64,45208.984,2097152
dot,65536,wide1,2,64,44331.391,2097152
dot,65536,wide2,2,64,44547.531,2097152
dot,65536,wide4,2,64,44768.234,2097152
dot,65536,wide16,2,64,70261.062,2097152
dot,65536,flock,2,64,55995.453,2097152
dot,65536,wide8,2,64,47760.422,2097152
dot,65536,vec2,2,64,110702.469,2097152
dot,65536,shared,2,64,56490.234,2097152
dot,65536,wide1,3,64,43424.469,2097152
dot,65536,vec2,3,64,108177.094,2097152
dot,65536,shared,3,64,54100.266,2097152
dot,65536,wide8,3,64,46775.391,2097152
dot,65536,wide4,3,64,45067.719,2097152
dot,65536,flock,3,64,54618.484,2097152
dot,65536,wide16,3,64,69803.391,2097152
dot,65536,wide2,3,64,44031.906,2097152
dot,65536,wide16,4,64,70128.250,2097152
dot,65536,wide8,4,64,46738.938,2097152
dot,65536,flock,4,64,54810.547,2097152
dot,65536,wide1,4,64,45033.203,2097152
dot,65536,shared,4,64,54628.906,2097152
dot,65536,vec2,4,64,114278.641,2097152
dot,65536,wide2,4,64,44052.094,2097152
dot,65536,wide4,4,64,44981.766,2097152
dot,65536,wide8,5,64,46721.359,2097152
dot,65536,vec2,5,64,109054.688,2097152
dot,65536,shared,5,64,53798.172,2097152
dot,65536,wide16,5,64,68623.047,2097152
dot,65536,flock,5,64,54375.000,2097152
dot,65536,wide2,5,64,45030.609,2097152
dot,65536,wide4,5,64,44369.797,2097152
dot,65536,wide1,5,64,44173.828,2097152
dot,65536,shared,6,64,56264.328,2097152
dot,65536,flock,6,64,53710.281,2097152
dot,65536,wide8,6,64,46738.938,2097152
dot,65536,vec2,6,64,107682.938,2097152
dot,65536,wide1,6,64,45240.891,2097152
dot,65536,wide2,6,64,44104.828,2097152
dot,65536,wide4,6,64,44057.938,2097152
dot,65536,wide16,6,64,69792.312,2097152
dot,65536,wide8,7,64,46735.688,2097152
dot,65536,wide16,7,64,70106.109,2097152
dot,65536,vec2,7,64,109709.641,2097152
dot,65536,shared,7,64,54669.922,2097152
dot,65536,wide1,7,64,44141.938,2097152
dot,65536,flock,7,64,55466.797,2097152
dot,65536,wide4,7,64,44052.734,2097152
dot,65536,wide2,7,64,45309.250,2097152
dot,65536,wide4,8,64,46104.172,2097152
dot,65536,vec2,8,64,110727.875,2097152
dot,65536,wide16,8,64,70039.719,2097152
dot,65536,wide1,8,64,44796.234,2097152
dot,65536,wide8,8,64,47147.125,2097152
dot,65536,shared,8,64,56793.625,2097152
dot,65536,wide2,8,64,44350.266,2097152
dot,65536,flock,8,64,55438.797,2097152
dot,65536,vec2,9,64,112085.297,2097152
dot,65536,wide4,9,64,44299.484,2097152
dot,65536,shared,9,64,55798.188,2097152
dot,65536,flock,9,64,54766.922,2097152
dot,65536,wide1,9,64,45225.266,2097152
dot,65536,wide16,9,64,69059.906,2097152
dot,65536,wide8,9,64,47361.984,2097152
dot,65536,wide2,9,64,44414.062,2097152
dot,65536,flock,10,64,54945.312,2097152
dot,65536,wide1,10,64,44986.969,2097152
dot,65536,wide4,10,64,44085.938,2097152
dot,65536,wide8,10,64,46728.516,2097152
dot,65536,wide16,10,64,69906.891,2097152
dot,65536,shared,10,64,54630.203,2097152
dot,65536,vec2,10,64,110052.094,2097152
dot,65536,wide2,10,64,44480.469,2097152
dot,65536,shared,11,64,55054.688,2097152
dot,65536,wide1,11,64,44037.109,2097152
dot,65536,vec2,11,64,110020.172,2097152
dot,65536,wide8,11,64,48824.859,2097152
dot,65536,wide2,11,64,46856.125,2097152
dot,65536,flock,11,64,55674.484,2097152
dot,65536,wide16,11,64,70194.000,2097152
dot,65536,wide4,11,64,43755.203,2097152
dot,65536,wide1,12,64,44506.500,2097152
dot,65536,wide8,12,64,47418.625,2097152
dot,65536,vec2,12,64,110328.125,2097152
dot,65536,wide16,12,64,68878.250,2097152
dot,65536,wide2,12,64,45149.734,2097152
dot,65536,wide4,12,64,44919.281,2097152
dot,65536,shared,12,64,56403.641,2097152
dot,65536,flock,12,64,58225.266,2097152
dot,65536,wide4,13,64,45636.719,2097152
dot,65536,wide8,13,64,48307.953,2097152
dot,65536,wide1,13,64,44578.125,2097152
dot,65536,wide16,13,64,70914.062,2097152
dot,65536,wide2,13,64,44798.172,2097152
dot,65536,vec2,13,64,109982.422,2097152
dot,65536,flock,13,64,54751.312,2097152
dot,65536,shared,13,64,54787.766,2097152
dot,65536,wide2,14,64,45212.234,2097152
dot,65536,wide1,14,64,45731.766,2097152
dot,65536,flock,14,64,57029.953,2097152
dot,65536,vec2,14,64,109798.188,2097152
dot,65536,wide4,14,64,45219.391,2097152
dot,65536,wide16,14,64,69550.781,2097152
dot,65536,wide8,14,64,48003.250,2097152
dot,65536,shared,14,64,56033.203,2097152
dot,65536,wide4,15,64,46222.656,2097152
dot,65536,shared,15,64,57990.234,2097152
dot,65536,flock,15,64,57449.859,2097152
dot,65536,wide1,15,64,44546.219,2097152
dot,65536,wide8,15,64,46839.844,2097152
dot,65536,wide16,15,64,70329.422,2097152
dot,65536,vec2,15,64,111312.500,2097152
dot,65536,wide2,15,64,44726.562,2097152
dot,65536,wide8,16,64,49407.547,2097152
dot,65536,wide2,16,64,46895.172,2097152
dot,65536,wide1,16,64,44886.719,2097152
dot,65536,wide4,16,64,44119.141,2097152
dot,65536,flock,16,64,56091.141,2097152
dot,65536,shared,16,64,55613.281,2097152
dot,65536,wide16,16,64,69968.094,2097152
dot,65536,vec2,16,64,108779.297,2097152
dot,65536,wide1,17,64,44481.109,2097152
dot,65536,wide4,17,64,44216.141,2097152
dot,65536,wide8,17,64,48499.359,2097152
dot,65536,vec2,17,64,108701.828,2097152
dot,65536,shared,17,64,55856.109,2097152
dot,65536,flock,17,64,54767.578,2097152
dot,65536,wide16,17,64,69837.234,2097152
dot,65536,wide2,17,64,44526.688,2097152
dot,65536,flock,18,64,55011.062,2097152
dot,65536,wide16,18,64,69179.031,2097152
dot,65536,wide2,18,64,44367.844,2097152
dot,65536,wide4,18,64,44701.172,2097152
dot,65536,wide1,18,64,44207.031,2097152
dot,65536,wide8,18,64,47311.844,2097152
dot,65536,vec2,18,64,108973.297,2097152
dot,65536,shared,18,64,55575.531,2097152
dot,65536,flock,19,64,54495.438,2097152
dot,65536,vec2,19,64,110143.219,2097152
dot,65536,wide8,19,64,46681.000,2097152
dot,65536,shared,19,64,55457.031,2097152
dot,65536,wide2,19,64,44095.703,2097152
dot,65536,wide16,19,64,69766.266,2097152
dot,65536,wide4,19,64,44272.141,2097152
dot,65536,wide1,19,64,44041.016,2097152
dot,65536,wide1,20,64,45264.312,2097152
dot,65536,flock,20,64,54576.172,2097152
dot,65536,vec2,20,64,109595.703,2097152
dot,65536,wide4,20,64,44044.281,2097152
dot,65536,wide16,20,64,69651.031,2097152
dot,65536,shared,20,64,54675.125,2097152
dot,65536,wide8,20,64,49231.125,2097152
dot,65536,wide2,20,64,44827.469,2097152
dot,65536,vec2,21,64,113253.266,2097152
dot,65536,shared,21,64,53760.422,2097152
dot,65536,wide2,21,64,44362.625,2097152
dot,65536,wide8,21,64,46810.547,2097152
dot,65536,wide16,21,64,69456.375,2097152
dot,65536,wide1,21,64,44129.562,2097152
dot,65536,flock,21,64,54925.781,2097152
dot,65536,wide4,21,64,45300.125,2097152
dot,65536,wide8,22,64,47068.359,2097152
dot,65536,flock,22,64,55102.859,2097152
dot,65536,wide16,22,64,69579.438,2097152
dot,65536,wide4,22,64,44695.969,2097152
dot,65536,wide1,22,64,45023.438,2097152
dot,65536,wide2,22,64,44092.453,2097152
dot,65536,vec2,22,64,110082.688,2097152
dot,65536,shared,22,64,54690.109,2097152
dot,65536,wide8,23,64,47764.984,2097152
dot,65536,wide4,23,64,44683.594,2097152
dot,65536,flock,23,64,54864.578,2097152
dot,65536,shared,23,64,55697.266,2097152
dot,65536,vec2,23,64,110338.531,2097152
dot,65536,wide2,23,64,44077.469,2097152
dot,65536,wide1,23,64,44701.172,2097152
dot,65536,wide16,23,64,69908.203,2097152
dot,65536,wide2,24,64,44050.125,2097152
dot,65536,wide4,24,64,44587.891,2097152
dot,65536,wide1,24,64,44930.984,2097152
dot,65536,vec2,24,64,111116.531,2097152
dot,65536,flock,24,64,53725.906,2097152
dot,65536,shared,24,64,54786.453,2097152
dot,65536,wide8,24,64,46943.359,2097152
dot,65536,wide16,24,64,69190.094,2097152
dot,65536,vec2,25,64,110042.969,2097152
dot,65536,wide4,25,64,45437.500,2097152
dot,65536,wide2,25,64,44155.609,2097152
dot,65536,flock,25,64,55708.344,2097152
dot,65536,shared,25,64,55341.797,2097152
dot,65536,wide8,25,64,47503.250,2097152
dot,65536,wide16,25,64,71089.188,2097152
dot,65536,wide1,25,64,43206.375,2097152
dot,65536,shared,26,64,54780.609,2097152
dot,65536,wide8,26,64,46949.875,2097152
dot,65536,wide1,26,64,44697.922,2097152
dot,65536,vec2,26,64,109742.188,2097152
dot,65536,wide4,26,64,44667.969,2097152
dot,65536,wide16,26,64,69251.953,2097152
dot,65536,wide2,26,64,44156.250,2097152
dot,65536,flock,26,64,55708.984,2097152
dot,65536,wide1,27,64,44040.359,2097152
dot,65536,shared,27,64,55650.391,2097152
dot,65536,wide2,27,64,44070.312,2097152
dot,65536,wide4,27,64,44247.391,2097152
dot,65536,wide8,27,64,47731.781,2097152
dot,65536,wide16,27,64,68800.781,2097152
dot,65536,vec2,27,64,109526.047,2097152
dot,65536,flock,27,64,54225.250,2097152
dot,65536,wide16,28,64,68779.953,2097152
dot,65536,wide8,28,64,46654.297,2097152
dot,65536,shared,28,64,55656.250,2097152
dot,65536,wide2,28,64,44399.094,2097152
dot,65536,flock,28,64,55167.969,2097152
dot,65536,wide4,28,64,45542.312,2097152
dot,65536,wide1,28,64,45572.922,2097152
dot,65536,vec2,28,64,110367.188,2097152
dot,65536,vec2,29,64,110313.156,2097152
dot,65536,wide2,29,64,44603.516,2097152
dot,65536,wide8,29,64,47761.719,2097152
dot,65536,shared,29,64,54584.641,2097152
dot,65536,wide4,29,64,44059.891,2097152
dot,65536,wide16,29,64,70224.609,2097152
dot,65536,flock,29,64,54546.875,2097152
dot,65536,wide1,29,64,45157.547,2097152
dot,65536,wide2,30,64,44589.844,2097152
dot,65536,flock,30,64,56289.062,2097152
dot,65536,vec2,30,64,112097.656,2097152
dot,65536,wide16,30,64,69144.531,2097152
dot,65536,wide4,30,64,44072.906,2097152
dot,65536,wide1,30,64,45154.953,2097152
dot,65536,wide8,30,64,46919.266,2097152
dot,65536,shared,30,64,54628.906,2097152
dot,65536,flock,31,64,55539.703,2097152
dot,65536,wide8,31,64,46710.938,2097152
dot,65536,wide16,31,64,70050.125,2097152
dot,65536,wide2,31,64,44014.969,2097152
dot,65536,shared,31,64,55017.578,2097152
dot,65536,vec2,31,64,111295.578,2097152
dot,65536,wide1,31,64,45132.812,2097152
dot,65536,wide4,31,64,46807.938,2097152
products,65536,shared,0,64,59207.031,3145728
products,65536,karatsuba,0,64,195291.016,3145728
products,65536,flock,0,64,56177.734,3145728
products,65536,schoolbook,0,64,166766.281,3145728
products,65536,shared_unroll4,0,64,58302.734,3145728
products,65536,shared_unroll2,0,64,59444.000,3145728
products,65536,shared_unroll8,0,64,58279.297,3145728
products,65536,karatsuba_barrett,0,64,106829.422,3145728
products,65536,flock,1,64,55246.750,3145728
products,65536,shared_unroll4,1,64,59134.766,3145728
products,65536,karatsuba,1,64,193178.391,3145728
products,65536,karatsuba_barrett,1,64,104717.438,3145728
products,65536,shared_unroll8,1,64,59930.984,3145728
products,65536,schoolbook,1,64,169471.359,3145728
products,65536,shared,1,64,58565.109,3145728
products,65536,shared_unroll2,1,64,59864.578,3145728
products,65536,shared_unroll2,2,64,59613.938,3145728
products,65536,flock,2,64,54554.688,3145728
products,65536,shared,2,64,59280.594,3145728
products,65536,schoolbook,2,64,170699.875,3145728
products,65536,shared_unroll4,2,64,58607.422,3145728
products,65536,shared_unroll8,2,64,58920.578,3145728
products,65536,karatsuba_barrett,2,64,106242.844,3145728
products,65536,karatsuba,2,64,200161.469,3145728
products,65536,shared_unroll4,3,64,60265.625,3145728
products,65536,shared_unroll2,3,64,58804.688,3145728
products,65536,schoolbook,3,64,170290.375,3145728
products,65536,karatsuba_barrett,3,64,106953.125,3145728
products,65536,shared,3,64,60162.766,3145728
products,65536,shared_unroll8,3,64,61187.500,3145728
products,65536,flock,3,64,56352.219,3145728
products,65536,karatsuba,3,64,198516.938,3145728
products,65536,shared_unroll2,4,64,59039.062,3145728
products,65536,shared_unroll8,4,64,59350.266,3145728
products,65536,karatsuba,4,64,197891.938,3145728
products,65536,schoolbook,4,64,168159.500,3145728
products,65536,shared_unroll4,4,64,58928.391,3145728
products,65536,karatsuba_barrett,4,64,105455.734,3145728
products,65536,flock,4,64,54649.750,3145728
products,65536,shared,4,64,60809.906,3145728
products,65536,schoolbook,5,64,168843.094,3145728
products,65536,flock,5,64,54791.656,3145728
products,65536,shared,5,64,59374.344,3145728
products,65536,shared_unroll2,5,64,58212.891,3145728
products,65536,shared_unroll4,5,64,59345.703,3145728
products,65536,karatsuba,5,64,195669.922,3145728
products,65536,karatsuba_barrett,5,64,104833.984,3145728
products,65536,shared_unroll8,5,64,59410.156,3145728
products,65536,karatsuba,6,64,196968.750,3145728
products,65536,flock,6,64,55278.000,3145728
products,65536,schoolbook,6,64,169708.328,3145728
products,65536,karatsuba_barrett,6,64,104531.906,3145728
products,65536,shared_unroll8,6,64,58416.016,3145728
products,65536,shared_unroll4,6,64,58800.781,3145728
products,65536,shared_unroll2,6,64,58633.469,3145728
products,65536,shared,6,64,58205.078,3145728
products,65536,shared_unroll4,7,64,59412.109,3145728
products,65536,shared_unroll2,7,64,58095.703,3145728
products,65536,flock,7,64,55640.625,3145728
products,65536,shared,7,64,58155.594,3145728
products,65536,karatsuba,7,64,197897.781,3145728
products,65536,shared_unroll8,7,64,58355.469,3145728
products,65536,karatsuba_barrett,7,64,105208.328,3145728
products,65536,schoolbook,7,64,168298.828,3145728
products,65536,karatsuba_barrett,8,64,105333.344,3145728
products,65536,shared_unroll4,8,64,59196.609,3145728
products,65536,flock,8,64,54962.234,3145728
products,65536,shared_unroll2,8,64,58410.156,3145728
products,65536,shared_unroll8,8,64,59487.625,3145728
products,65536,schoolbook,8,64,168430.984,3145728
products,65536,shared,8,64,59279.297,3145728
products,65536,karatsuba,8,64,198438.141,3145728
products,65536,shared,9,64,58940.109,3145728
products,65536,karatsuba,9,64,199925.781,3145728
products,65536,flock,9,64,56242.828,3145728
products,65536,karatsuba_barrett,9,64,103988.281,3145728
products,65536,schoolbook,9,64,171152.344,3145728
products,65536,shared_unroll4,9,64,58997.391,3145728
products,65536,shared_unroll2,9,64,59623.703,3145728
products,65536,shared_unroll8,9,64,58969.406,3145728
products,65536,shared,10,64,59522.797,3145728
products,65536,shared_unroll4,10,64,58716.156,3145728
products,65536,karatsuba_barrett,10,64,106409.500,3145728
products,65536,karatsuba,10,64,200000.000,3145728
products,65536,schoolbook,10,64,172251.953,3145728
products,65536,shared_unroll8,10,64,59024.734,3145728
products,65536,flock,10,64,55497.391,3145728
products,65536,shared_unroll2,10,64,58409.500,3145728
products,65536,karatsuba_barrett,11,64,105142.578,3145728
products,65536,karatsuba,11,64,196491.531,3145728
products,65536,schoolbook,11,64,169177.094,3145728
products,65536,shared_unroll2,11,64,58327.469,3145728
products,65536,shared_unroll8,11,64,58981.766,3145728
products,65536,shared,11,64,58807.938,3145728
products,65536,shared_unroll4,11,64,58276.688,3145728
products,65536,flock,11,64,55635.406,3145728
products,65536,shared_unroll4,12,64,58158.859,3145728
products,65536,schoolbook,12,64,168938.797,3145728
products,65536,karatsuba,12,64,195192.703,3145728
products,65536,flock,12,64,55486.328,3145728
products,65536,shared_unroll2,12,64,58423.828,3145728
products,65536,shared_unroll8,12,64,58235.031,3145728
products,65536,karatsuba_barrett,12,64,104532.547,3145728
products,65536,shared,12,64,59638.672,3145728
products,65536,shared,13,64,58507.812,3145728
products,65536,flock,13,64,55656.906,3145728
products,65536,shared_unroll2,13,64,58149.750,3145728
products,65536,karatsuba_barrett,13,64,105488.281,3145728
products,65536,shared_unroll8,13,64,58330.078,3145728
products,65536,schoolbook,13,64,168436.188,3145728
products,65536,karatsuba,13,64,198557.938,3145728
products,65536,shared_unroll4,13,64,58080.078,3145728
products,65536,flock,14,64,55627.594,3145728
products,65536,shared,14,64,58529.938,3145728
products,65536,karatsuba_barrett,14,64,104952.484,3145728
products,65536,schoolbook,14,64,171940.750,3145728
products,65536,shared_unroll4,14,64,58998.047,3145728
products,65536,shared_unroll2,14,64,58844.406,3145728
products,65536,shared_unroll8,14,64,59742.188,3145728
products,65536,karatsuba,14,64,197045.578,3145728
products,65536,karatsuba,15,64,200796.875,3145728
products,65536,schoolbook,15,64,167417.969,3145728
products,65536,flock,15,64,54768.234,3145728
products,65536,shared,15,64,58545.578,3145728
products,65536,shared_unroll2,15,64,59317.719,3145728
products,65536,karatsuba_barrett,15,64,105468.109,3145728
products,65536,shared_unroll8,15,64,59337.891,3145728
products,65536,shared_unroll4,15,64,58636.062,3145728
products,65536,shared_unroll2,16,64,59480.469,3145728
products,65536,karatsuba_barrett,16,64,104539.062,3145728
products,65536,shared_unroll4,16,64,59006.516,3145728
products,65536,shared,16,64,58994.141,3145728
products,65536,flock,16,64,54994.797,3145728
products,65536,shared_unroll8,16,64,58497.391,3145728
products,65536,schoolbook,16,64,170664.719,3145728
products,65536,karatsuba,16,64,197401.031,3145728
products,65536,schoolbook,17,64,169167.969,3145728
products,65536,karatsuba_barrett,17,64,104267.578,3145728
products,65536,shared,17,64,59615.891,3145728
products,65536,flock,17,64,54680.344,3145728
products,65536,karatsuba,17,64,199080.078,3145728
products,65536,shared_unroll2,17,64,58393.234,3145728
products,65536,shared_unroll8,17,64,59531.906,3145728
products,65536,shared_unroll4,17,64,58466.797,3145728
products,65536,shared_unroll2,18,64,59485.688,3145728
products,65536,karatsuba_barrett,18,64,104172.531,3145728
products,65536,karatsuba,18,64,198108.078,3145728
products,65536,shared_unroll8,18,64,58818.359,3145728
products,65536,flock,18,64,54773.438,3145728
products,65536,schoolbook,18,64,166705.078,3145728
products,65536,shared,18,64,58257.812,3145728
products,65536,shared_unroll4,18,64,58884.766,3145728
products,65536,flock,19,64,54781.891,3145728
products,65536,shared_unroll2,19,64,59370.453,3145728
products,65536,karatsuba_barrett,19,64,104869.141,3145728
products,65536,karatsuba,19,64,196963.547,3145728
products,65536,shared_unroll4,19,64,61330.734,3145728
products,65536,shared,19,64,57810.547,3145728
products,65536,schoolbook,19,64,166862.625,3145728
products,65536,shared_unroll8,19,64,60865.891,3145728
products,65536,karatsuba,20,64,195643.875,3145728
products,65536,flock,20,64,55900.391,3145728
products,65536,shared_unroll4,20,64,58751.297,3145728
products,65536,schoolbook,20,64,167123.047,3145728
products,65536,shared,20,64,58273.438,3145728
products,65536,shared_unroll2,20,64,58076.172,3145728
products,65536,karatsuba_barrett,20,64,105413.422,3145728
products,65536,shared_unroll8,20,64,59516.938,3145728
products,65536,schoolbook,21,64,165303.391,3145728
products,65536,shared_unroll4,21,64,58081.391,3145728
products,65536,karatsuba_barrett,21,64,105395.172,3145728
products,65536,karatsuba,21,64,198337.250,3145728
products,65536,shared_unroll8,21,64,58339.188,3145728
products,65536,flock,21,64,55436.859,3145728
products,65536,shared,21,64,58991.531,3145728
products,65536,shared_unroll2,21,64,59098.969,3145728
products,65536,shared_unroll2,22,64,58787.750,3145728
products,65536,karatsuba_barrett,22,64,106122.406,3145728
products,65536,flock,22,64,55468.750,3145728
products,65536,karatsuba,22,64,200587.250,3145728
products,65536,schoolbook,22,64,169007.812,3145728
products,65536,shared,22,64,59271.484,3145728
products,65536,shared_unroll4,22,64,59430.984,3145728
products,65536,shared_unroll8,22,64,59218.750,3145728
products,65536,flock,23,64,56805.344,3145728
products,65536,shared_unroll4,23,64,58930.328,3145728
products,65536,schoolbook,23,64,166833.984,3145728
products,65536,karatsuba,23,64,200337.891,3145728
products,65536,shared_unroll8,23,64,60111.969,3145728
products,65536,shared_unroll2,23,64,58593.109,3145728
products,65536,shared,23,64,61685.547,3145728
products,65536,karatsuba_barrett,23,64,112368.484,3145728
products,65536,shared,24,64,63723.953,3145728
products,65536,shared_unroll8,24,64,61733.719,3145728
products,65536,flock,24,64,56888.672,3145728
products,65536,shared_unroll4,24,64,59119.141,3145728
products,65536,schoolbook,24,64,168162.109,3145728
products,65536,karatsuba_barrett,24,64,104820.312,3145728
products,65536,karatsuba,24,64,198714.844,3145728
products,65536,shared_unroll2,24,64,58557.297,3145728
products,65536,karatsuba,25,64,199413.422,3145728
products,65536,schoolbook,25,64,171635.406,3145728
products,65536,shared_unroll4,25,64,61054.047,3145728
products,65536,shared_unroll8,25,64,58517.578,3145728
products,65536,flock,25,64,55869.141,3145728
products,65536,shared,25,64,58345.047,3145728
products,65536,shared_unroll2,25,64,58948.578,3145728
products,65536,karatsuba_barrett,25,64,104376.953,3145728
products,65536,shared_unroll2,26,64,59289.719,3145728
products,65536,karatsuba,26,64,198309.250,3145728
products,65536,schoolbook,26,64,166841.797,3145728
products,65536,shared,26,64,58369.141,3145728
products,65536,karatsuba_barrett,26,64,105269.531,3145728
products,65536,flock,26,64,54671.234,3145728
products,65536,shared_unroll4,26,64,59337.891,3145728
products,65536,shared_unroll8,26,64,58425.141,3145728
products,65536,karatsuba_barrett,27,64,105246.750,3145728
products,65536,shared_unroll2,27,64,58280.594,3145728
products,65536,schoolbook,27,64,169587.891,3145728
products,65536,shared_unroll8,27,64,58390.625,3145728
products,65536,shared_unroll4,27,64,59209.641,3145728
products,65536,flock,27,64,54667.969,3145728
products,65536,karatsuba,27,64,198378.266,3145728
products,65536,shared,27,64,58387.375,3145728
products,65536,shared_unroll2,28,64,58733.719,3145728
products,65536,shared,28,64,58769.531,3145728
products,65536,karatsuba_barrett,28,64,105134.109,3145728
products,65536,shared_unroll4,28,64,58364.594,3145728
products,65536,shared_unroll8,28,64,59251.953,3145728
products,65536,karatsuba,28,64,199466.797,3145728
products,65536,schoolbook,28,64,168358.078,3145728
products,65536,flock,28,64,53803.391,3145728
products,65536,schoolbook,29,64,168394.531,3145728
products,65536,shared_unroll4,29,64,61404.938,3145728
products,65536,shared_unroll2,29,64,58876.312,3145728
products,65536,shared,29,64,60289.703,3145728
products,65536,flock,29,64,55451.172,3145728
products,65536,shared_unroll8,29,64,60138.672,3145728
products,65536,karatsuba,29,64,197974.609,3145728
products,65536,karatsuba_barrett,29,64,106220.703,3145728
products,65536,shared_unroll2,30,64,59480.469,3145728
products,65536,shared_unroll8,30,64,59380.859,3145728
products,65536,flock,30,64,54776.688,3145728
products,65536,karatsuba_barrett,30,64,106330.734,3145728
products,65536,schoolbook,30,64,172414.062,3145728
products,65536,shared_unroll4,30,64,59330.719,3145728
products,65536,shared,30,64,59723.953,3145728
products,65536,karatsuba,30,64,206669.266,3145728
products,65536,shared_unroll8,31,64,59120.438,3145728
products,65536,schoolbook,31,64,170857.422,3145728
products,65536,shared_unroll4,31,64,58582.672,3145728
products,65536,shared,31,64,58923.828,3145728
products,65536,karatsuba,31,64,200978.516,3145728
products,65536,karatsuba_barrett,31,64,106820.969,3145728
products,65536,flock,31,64,56256.516,3145728
products,65536,shared_unroll2,31,64,59671.875,3145728
dot,1048576,shared,0,4,901479.250,33554432
dot,1048576,wide4,0,4,777135.250,33554432
dot,1048576,flock,0,4,886364.750,33554432
dot,1048576,wide16,0,4,1113458.500,33554432
dot,1048576,vec2,0,4,1773416.500,33554432
dot,1048576,wide2,0,4,723468.750,33554432
dot,1048576,wide1,0,4,721489.500,33554432
dot,1048576,wide8,0,4,794541.750,33554432
dot,1048576,shared,1,4,891229.250,33554432
dot,1048576,wide4,1,4,741823.000,33554432
dot,1048576,flock,1,4,894916.500,33554432
dot,1048576,wide8,1,4,763843.750,33554432
dot,1048576,wide2,1,4,739416.750,33554432
dot,1048576,wide16,1,4,1109072.750,33554432
dot,1048576,wide1,1,4,744166.750,33554432
dot,1048576,vec2,1,4,1922302.000,33554432
dot,1048576,flock,2,4,970281.250,33554432
dot,1048576,wide2,2,4,725458.250,33554432
dot,1048576,wide8,2,4,798145.750,33554432
dot,1048576,wide1,2,4,729520.750,33554432
dot,1048576,vec2,2,4,1778041.500,33554432
dot,1048576,wide4,2,4,717854.250,33554432
dot,1048576,shared,2,4,901416.500,33554432
dot,1048576,wide16,2,4,1110531.250,33554432
dot,1048576,wide4,3,4,732447.750,33554432
dot,1048576,shared,3,4,895562.500,33554432
dot,1048576,flock,3,4,886864.750,33554432
dot,1048576,wide2,3,4,726343.750,33554432
dot,1048576,wide1,3,4,723812.500,33554432
dot,1048576,vec2,3,4,1759656.250,33554432
dot,1048576,wide16,3,4,1114135.250,33554432
dot,1048576,wide8,3,4,762645.750,33554432
dot,1048576,vec2,4,4,1762781.250,33554432
dot,1048576,wide8,4,4,758875.000,33554432
dot,1048576,wide1,4,4,727937.500,33554432
dot,1048576,wide2,4,4,729000.000,33554432
dot,1048576,flock,4,4,887187.500,33554432
dot,1048576,wide16,4,4,1123177.000,33554432
dot,1048576,wide4,4,4,720291.500,33554432
dot,1048576,shared,4,4,931416.750,33554432
dot,1048576,wide16,5,4,1124843.750,33554432
dot,1048576,wide4,5,4,743916.750,33554432
dot,1048576,wide2,5,4,762114.500,33554432
dot,1048576,flock,5,4,910385.500,33554432
dot,1048576,wide8,5,4,803708.250,33554432
dot,1048576,vec2,5,4,1784822.750,33554432
dot,1048576,shared,5,4,903145.750,33554432
dot,1048576,wide1,5,4,720531.250,33554432
dot,1048576,wide16,6,4,1147958.500,33554432
dot,1048576,flock,6,4,902583.250,33554432
dot,1048576,wide8,6,4,785302.000,33554432
dot,1048576,wide4,6,4,720583.250,33554432
dot,1048576,vec2,6,4,1759697.750,33554432
dot,1048576,wide1,6,4,718739.500,33554432
dot,1048576,shared,6,4,894875.000,33554432
dot,1048576,wide2,6,4,715812.500,33554432
dot,1048576,flock,7,4,885395.750,33554432
dot,1048576,wide4,7,4,724885.500,33554432
dot,1048576,wide1,7,4,716458.250,33554432
dot,1048576,vec2,7,4,1765572.750,33554432
dot,1048576,shared,7,4,886781.250,33554432
dot,1048576,wide16,7,4,1132958.250,33554432
dot,1048576,wide8,7,4,815302.000,33554432
dot,1048576,wide2,7,4,760729.250,33554432
dot,1048576,wide8,8,4,764927.000,33554432
dot,1048576,shared,8,4,927166.750,33554432
dot,1048576,wide4,8,4,718073.000,33554432
dot,1048576,flock,8,4,910989.500,33554432
dot,1048576,wide1,8,4,779166.500,33554432
dot,1048576,vec2,8,4,1802750.000,33554432
dot,1048576,wide2,8,4,724510.250,33554432
dot,1048576,wide16,8,4,1133104.250,33554432
dot,1048576,shared,9,4,896645.750,33554432
dot,1048576,wide8,9,4,786604.000,33554432
dot,1048576,wide2,9,4,716593.750,33554432
dot,1048576,wide1,9,4,722479.000,33554432
dot,1048576,flock,9,4,886500.000,33554432
dot,1048576,wide16,9,4,1108552.000,33554432
dot,1048576,wide4,9,4,723573.000,33554432
dot,1048576,vec2,9,4,1770937.500,33554432
dot,1048576,shared,10,4,885614.500,33554432
dot,1048576,wide4,10,4,726812.500,33554432
dot,1048576,wide1,10,4,734302.000,33554432
dot,1048576,flock,10,4,891281.250,33554432
dot,1048576,wide8,10,4,773448.000,33554432
dot,1048576,vec2,10,4,1766218.750,33554432
dot,1048576,wide16,10,4,1119020.750,33554432
dot,1048576,wide2,10,4,719125.000,33554432
dot,1048576,wide1,11,4,720947.750,33554432
dot,1048576,wide2,11,4,718406.250,33554432
dot,1048576,wide4,11,4,718427.000,33554432
dot,1048576,flock,11,4,886000.000,33554432
dot,1048576,wide8,11,4,758833.500,33554432
dot,1048576,shared,11,4,887885.500,33554432
dot,1048576,wide16,11,4,1103010.250,33554432
dot,1048576,vec2,11,4,1758271.000,33554432
dot,1048576,shared,12,4,883906.250,33554432
dot,1048576,wide4,12,4,722520.750,33554432
dot,1048576,wide16,12,4,1104968.750,33554432
dot,1048576,wide2,12,4,721583.250,33554432
dot,1048576,wide8,12,4,760302.000,33554432
dot,1048576,vec2,12,4,1757687.500,33554432
dot,1048576,wide1,12,4,717572.750,33554432
dot,1048576,flock,12,4,891458.250,33554432
dot,1048576,flock,13,4,885333.250,33554432
dot,1048576,vec2,13,4,1765156.250,33554432
dot,1048576,wide2,13,4,718260.500,33554432
dot,1048576,wide16,13,4,1117010.500,33554432
dot,1048576,wide4,13,4,730468.750,33554432
dot,1048576,wide8,13,4,778302.000,33554432
dot,1048576,wide1,13,4,721833.500,33554432
dot,1048576,shared,13,4,894250.000,33554432
dot,1048576,flock,14,4,892906.250,33554432
dot,1048576,wide16,14,4,1116031.250,33554432
dot,1048576,wide4,14,4,757479.000,33554432
dot,1048576,shared,14,4,904864.500,33554432
dot,1048576,vec2,14,4,1762760.500,33554432
dot,1048576,wide1,14,4,718843.750,33554432
dot,1048576,wide2,14,4,732875.000,33554432
dot,1048576,wide8,14,4,761916.750,33554432
dot,1048576,flock,15,4,883521.000,33554432
dot,1048576,wide16,15,4,1105645.750,33554432
dot,1048576,wide1,15,4,714875.000,33554432
dot,1048576,wide2,15,4,718208.250,33554432
dot,1048576,wide8,15,4,758250.000,33554432
dot,1048576,shared,15,4,883583.500,33554432
dot,1048576,vec2,15,4,1757885.500,33554432
dot,1048576,wide4,15,4,717677.000,33554432
dot,1048576,shared,16,4,874281.250,33554432
dot,1048576,wide4,16,4,718031.250,33554432
dot,1048576,wide16,16,4,1104281.250,33554432
dot,1048576,wide2,16,4,716948.000,33554432
dot,1048576,wide1,16,4,722302.250,33554432
dot,1048576,flock,16,4,890781.250,33554432
dot,1048576,wide8,16,4,760177.000,33554432
dot,1048576,vec2,16,4,1766250.000,33554432
dot,1048576,shared,17,4,886718.750,33554432
dot,1048576,wide1,17,4,718521.000,33554432
dot,1048576,wide16,17,4,1107052.000,33554432
dot,1048576,wide4,17,4,715666.750,33554432
dot,1048576,wide2,17,4,718427.000,33554432
dot,1048576,flock,17,4,890854.250,33554432
dot,1048576,vec2,17,4,1762479.250,33554432
dot,1048576,wide8,17,4,758656.250,33554432
dot,1048576,shared,18,4,884218.750,33554432
dot,1048576,vec2,18,4,1761875.000,33554432
dot,1048576,flock,18,4,887937.500,33554432
dot,1048576,wide1,18,4,717729.250,33554432
dot,1048576,wide8,18,4,758375.000,33554432
dot,1048576,wide4,18,4,724187.500,33554432
dot,1048576,wide2,18,4,717177.000,33554432
dot,1048576,wide16,18,4,1103927.000,33554432
dot,1048576,vec2,19,4,1759302.250,33554432
dot,1048576,wide2,19,4,719791.500,33554432
dot,1048576,wide4,19,4,718031.250,33554432
dot,1048576,flock,19,4,885437.500,33554432
dot,1048576,wide8,19,4,760989.500,33554432
dot,1048576,wide1,19,4,717427.000,33554432
dot,1048576,wide16,19,4,1108500.000,33554432
dot,1048576,shared,19,4,884708.250,33554432
dot,1048576,wide4,20,4,720343.750,33554432
dot,1048576,wide2,20,4,728208.250,33554432
dot,1048576,shared,20,4,885781.250,33554432
dot,1048576,vec2,20,4,1758698.000,33554432
dot,1048576,flock,20,4,886729.250,33554432
dot,1048576,wide16,20,4,1112916.750,33554432
dot,1048576,wide1,20,4,716083.500,33554432
dot,1048576,wide8,20,4,766333.250,33554432
dot,1048576,wide1,21,4,722583.250,33554432
dot,1048576,flock,21,4,885541.750,33554432
dot,1048576,wide2,21,4,739114.500,33554432
dot,1048576,shared,21,4,881323.000,33554432
dot,1048576,wide4,21,4,729718.750,33554432
dot,1048576,wide16,21,4,1110354.250,33554432
dot,1048576,wide8,21,4,760437.500,33554432
dot,1048576,vec2,21,4,1763468.750,33554432
dot,1048576,vec2,22,4,1758073.000,33554432
dot,1048576,wide4,22,4,727739.500,33554432
dot,1048576,flock,22,4,895312.500,33554432
dot,1048576,wide2,22,4,716781.250,33554432
dot,1048576,wide1,22,4,730885.250,33554432
dot,1048576,wide16,22,4,1110802.250,33554432
dot,1048576,wide8,22,4,772416.500,33554432
dot,1048576,shared,22,4,890885.250,33554432
dot,1048576,flock,23,4,879010.500,33554432
dot,1048576,wide8,23,4,771968.750,33554432
dot,1048576,vec2,23,4,1767677.000,33554432
dot,1048576,wide4,23,4,782916.750,33554432
dot,1048576,wide1,23,4,820531.250,33554432
dot,1048576,wide16,23,4,1205906.250,33554432
dot,1048576,shared,23,4,991281.250,33554432
dot,1048576,wide2,23,4,906010.500,33554432
dot,1048576,flock,24,4,974281.250,33554432
dot,1048576,shared,24,4,969625.000,33554432
dot,1048576,vec2,24,4,1905375.000,33554432
dot,1048576,wide16,24,4,1251802.000,33554432
dot,1048576,wide2,24,4,783593.750,33554432
dot,1048576,wide8,24,4,777802.000,33554432
dot,1048576,wide1,24,4,824729.250,33554432
dot,1048576,wide4,24,4,827541.750,33554432
dot,1048576,wide1,25,4,824958.500,33554432
dot,1048576,wide8,25,4,873010.250,33554432
dot,1048576,wide2,25,4,792229.000,33554432
dot,1048576,wide4,25,4,845427.000,33554432
dot,1048576,shared,25,4,977447.750,33554432
dot,1048576,vec2,25,4,1880927.000,33554432
dot,1048576,wide16,25,4,1178541.750,33554432
dot,1048576,flock,25,4,958437.500,33554432
dot,1048576,wide16,26,4,1173437.500,33554432
dot,1048576,wide2,26,4,780791.750,33554432
dot,1048576,wide1,26,4,751697.750,33554432
dot,1048576,shared,26,4,1017218.750,33554432
dot,1048576,flock,26,4,891218.750,33554432
dot,1048576,wide8,26,4,856583.250,33554432
dot,1048576,vec2,26,4,1753604.250,33554432
dot,1048576,wide4,26,4,730041.750,33554432
dot,1048576,wide16,27,4,1109281.250,33554432
dot,1048576,flock,27,4,890635.500,33554432
dot,1048576,wide4,27,4,719031.250,33554432
dot,1048576,wide8,27,4,767447.750,33554432
dot,1048576,vec2,27,4,1759593.750,33554432
dot,1048576,wide1,27,4,724896.000,33554432
dot,1048576,wide2,27,4,724614.500,33554432
dot,1048576,shared,27,4,890083.250,33554432
dot,1048576,flock,28,4,883041.500,33554432
dot,1048576,shared,28,4,886989.500,33554432
dot,1048576,wide4,28,4,724416.500,33554432
dot,1048576,wide8,28,4,766166.500,33554432
dot,1048576,wide16,28,4,1107416.500,33554432
dot,1048576,vec2,28,4,1759437.500,33554432
dot,1048576,wide1,28,4,730229.250,33554432
dot,1048576,wide2,28,4,718635.500,33554432
dot,1048576,wide16,29,4,1108208.500,33554432
dot,1048576,wide8,29,4,771958.500,33554432
dot,1048576,shared,29,4,905750.000,33554432
dot,1048576,flock,29,4,891666.750,33554432
dot,1048576,wide4,29,4,719156.250,33554432
dot,1048576,wide1,29,4,735364.500,33554432
dot,1048576,wide2,29,4,721427.000,33554432
dot,1048576,vec2,29,4,1771416.750,33554432
dot,1048576,wide4,30,4,717708.500,33554432
dot,1048576,wide2,30,4,763187.500,33554432
dot,1048576,vec2,30,4,2302708.250,33554432
dot,1048576,wide8,30,4,772072.750,33554432
dot,1048576,shared,30,4,926489.500,33554432
dot,1048576,flock,30,4,903062.500,33554432
dot,1048576,wide1,30,4,715833.250,33554432
dot,1048576,wide16,30,4,1134041.750,33554432
dot,1048576,wide4,31,4,718062.500,33554432
dot,1048576,vec2,31,4,1816802.250,33554432
dot,1048576,wide1,31,4,850645.750,33554432
dot,1048576,wide16,31,4,1175979.250,33554432
dot,1048576,wide2,31,4,846646.000,33554432
dot,1048576,wide8,31,4,814552.250,33554432
dot,1048576,flock,31,4,906593.750,33554432
dot,1048576,shared,31,4,1068156.250,33554432
products,1048576,shared_unroll2,0,4,945906.250,50331648
products,1048576,schoolbook,0,4,2725010.500,50331648
products,1048576,karatsuba_barrett,0,4,1698739.500,50331648
products,1048576,shared_unroll8,0,4,970510.250,50331648
products,1048576,flock,0,4,894135.500,50331648
products,1048576,shared,0,4,980010.500,50331648
products,1048576,karatsuba,0,4,3170041.750,50331648
products,1048576,shared_unroll4,0,4,973020.750,50331648
products,1048576,shared_unroll2,1,4,946646.000,50331648
products,1048576,shared_unroll8,1,4,996729.250,50331648
products,1048576,karatsuba,1,4,3161218.750,50331648
products,1048576,shared,1,4,970739.750,50331648
products,1048576,flock,1,4,893708.250,50331648
products,1048576,karatsuba_barrett,1,4,1700427.250,50331648
products,1048576,shared_unroll4,1,4,956500.000,50331648
products,1048576,schoolbook,1,4,2696437.500,50331648
products,1048576,karatsuba,2,4,3160729.250,50331648
products,1048576,shared_unroll2,2,4,945781.250,50331648
products,1048576,shared_unroll8,2,4,982698.000,50331648
products,1048576,shared,2,4,1018583.250,50331648
products,1048576,shared_unroll4,2,4,959802.250,50331648
products,1048576,schoolbook,2,4,2714458.250,50331648
products,1048576,flock,2,4,938302.000,50331648
products,1048576,karatsuba_barrett,2,4,1710833.250,50331648
products,1048576,flock,3,4,897146.000,50331648
products,1048576,shared_unroll2,3,4,983437.500,50331648
products,1048576,schoolbook,3,4,2721552.250,50331648
products,1048576,karatsuba_barrett,3,4,1717239.500,50331648
products,1048576,karatsuba,3,4,3172750.000,50331648
products,1048576,shared_unroll8,3,4,993708.250,50331648
products,1048576,shared,3,4,960385.500,50331648
products,1048576,shared_unroll4,3,4,1098323.000,50331648
products,1048576,shared,4,4,949896.000,50331648
products,1048576,shared_unroll8,4,4,981041.750,50331648
products,1048576,karatsuba_barrett,4,4,1711708.250,50331648
products,1048576,flock,4,4,930395.750,50331648
products,1048576,schoolbook,4,4,2699666.750,50331648
products,1048576,shared_unroll4,4,4,1063666.500,50331648
products,1048576,karatsuba,4,4,3177968.750,50331648
products,1048576,shared_unroll2,4,4,1061010.500,50331648
products,1048576,shared_unroll2,5,4,981989.500,50331648
products,1048576,karatsuba,5,4,3216291.750,50331648
products,1048576,shared_unroll4,5,4,945073.000,50331648
products,1048576,shared,5,4,1068604.250,50331648
products,1048576,flock,5,4,1005718.750,50331648
products,1048576,shared_unroll8,5,4,1040062.500,50331648
products,1048576,karatsuba_barrett,5,4,1748718.750,50331648
products,1048576,schoolbook,5,4,2786729.000,50331648
products,1048576,flock,6,4,928343.750,50331648
products,1048576,shared,6,4,967312.500,50331648
products,1048576,shared_unroll4,6,4,954260.500,50331648
products,1048576,karatsuba,6,4,3181114.500,50331648
products,1048576,schoolbook,6,4,2704281.250,50331648
products,1048576,shared_unroll8,6,4,1014468.750,50331648
products,1048576,karatsuba_barrett,6,4,1748666.750,50331648
products,1048576,shared_unroll2,6,4,966302.250,50331648
products,1048576,schoolbook,7,4,2702229.250,50331648
products,1048576,shared_unroll2,7,4,963541.750,50331648
products,1048576,karatsuba_barrett,7,4,1699896.000,50331648
products,1048576,shared_unroll4,7,4,946343.750,50331648
products,1048576,shared,7,4,962583.250,50331648
products,1048576,shared_unroll8,7,4,948645.750,50331648
products,1048576,karatsuba,7,4,3174364.500,50331648
products,1048576,flock,7,4,911520.750,50331648
products,1048576,schoolbook,8,4,2710322.750,50331648
products,1048576,karatsuba_barrett,8,4,1818718.750,50331648
products,1048576,shared_unroll8,8,4,1098698.000,50331648
products,1048576,shared_unroll2,8,4,1000541.750,50331648
products,1048576,shared_unroll4,8,4,988156.250,50331648
products,1048576,shared,8,4,959885.500,50331648
products,1048576,karatsuba,8,4,3179760.500,50331648
products,1048576,flock,8,4,905198.000,50331648
products,1048576,shared_unroll2,9,4,974771.000,50331648
products,1048576,karatsuba_barrett,9,4,1706927.000,50331648
products,1048576,flock,9,4,937614.750,50331648
products,1048576,shared,9,4,952802.000,50331648
products,1048576,schoolbook,9,4,2723406.250,50331648
products,1048576,shared_unroll8,9,4,957093.750,50331648
products,1048576,karatsuba,9,4,3169187.500,50331648
products,1048576,shared_unroll4,9,4,966958.250,50331648
products,1048576,shared,10,4,1008416.500,50331648
products,1048576,shared_unroll8,10,4,964572.750,50331648
products,1048576,schoolbook,10,4,2771406.250,50331648
products,1048576,karatsuba,10,4,3198979.000,50331648
products,1048576,flock,10,4,909489.500,50331648
products,1048576,shared_unroll2,10,4,1141396.000,50331648
products,1048576,karatsuba_barrett,10,4,1734739.750,50331648
products,1048576,shared_unroll4,10,4,969395.750,50331648
products,1048576,schoolbook,11,4,2685322.750,50331648
products,1048576,shared_unroll4,11,4,992073.000,50331648
products,1048576,shared_unroll8,11,4,964750.000,50331648
products,1048576,shared_unroll2,11,4,977281.250,50331648
products,1048576,flock,11,4,892125.000,50331648
products,1048576,karatsuba_barrett,11,4,1705635.250,50331648
products,1048576,shared,11,4,952552.250,50331648
products,1048576,karatsuba,11,4,3155833.250,50331648
products,1048576,shared,12,4,958531.250,50331648
products,1048576,flock,12,4,894698.000,50331648
products,1048576,shared_unroll4,12,4,955156.250,50331648
products,1048576,shared_unroll8,12,4,955583.250,50331648
products,1048576,karatsuba,12,4,3154302.000,50331648
products,1048576,schoolbook,12,4,2698573.000,50331648
products,1048576,karatsuba_barrett,12,4,1700395.750,50331648
products,1048576,shared_unroll2,12,4,958333.500,50331648
products,1048576,shared_unroll2,13,4,948395.750,50331648
products,1048576,flock,13,4,924010.500,50331648
products,1048576,shared,13,4,1000354.250,50331648
products,1048576,karatsuba_barrett,13,4,1795416.750,50331648
products,1048576,shared_unroll4,13,4,1043135.250,50331648
products,1048576,shared_unroll8,13,4,1045958.250,50331648
products,1048576,karatsuba,13,4,3239646.000,50331648
products,1048576,schoolbook,13,4,2767854.000,50331648
products,1048576,shared_unroll8,14,4,1008208.500,50331648
products,1048576,shared,14,4,1049031.250,50331648
products,1048576,flock,14,4,916375.000,50331648
products,1048576,karatsuba,14,4,3217291.750,50331648
products,1048576,shared_unroll4,14,4,958854.250,50331648
products,1048576,shared_unroll2,14,4,950552.000,50331648
products,1048576,schoolbook,14,4,2696322.750,50331648
products,1048576,karatsuba_barrett,14,4,1711562.500,50331648
products,1048576,shared_unroll2,15,4,951572.750,50331648
products,1048576,karatsuba,15,4,3163375.000,50331648
products,1048576,shared,15,4,956072.750,50331648
products,1048576,karatsuba_barrett,15,4,1706843.750,50331648
products,1048576,shared_unroll8,15,4,1005958.500,50331648
products,1048576,shared_unroll4,15,4,960416.750,50331648
products,1048576,flock,15,4,913489.500,50331648
products,1048576,schoolbook,15,4,2709625.000,50331648
products,1048576,schoolbook,16,4,2704114.500,50331648
products,1048576,shared,16,4,961677.000,50331648
products,1048576,flock,16,4,905687.500,50331648
products,1048576,shared_unroll2,16,4,946343.750,50331648
products,1048576,karatsuba_barrett,16,4,1705635.250,50331648
products,1048576,shared_unroll4,16,4,953156.250,50331648
products,1048576,shared_unroll8,16,4,950125.000,50331648
products,1048576,karatsuba,16,4,3160781.250,50331648
products,1048576,shared_unroll8,17,4,954729.250,50331648
products,1048576,shared_unroll2,17,4,978552.250,50331648
products,1048576,flock,17,4,912093.750,50331648
products,1048576,schoolbook,17,4,2776541.500,50331648
products,1048576,shared,17,4,1026000.000,50331648
products,1048576,karatsuba,17,4,3230260.500,50331648
products,1048576,shared_unroll4,17,4,959583.250,50331648
products,1048576,karatsuba_barrett,17,4,1725312.500,50331648
products,1048576,shared_unroll2,18,4,972041.750,50331648
products,1048576,flock,18,4,922968.750,50331648
products,1048576,shared_unroll4,18,4,972291.750,50331648
products,1048576,schoolbook,18,4,2710041.750,50331648
products,1048576,karatsuba,18,4,3157864.750,50331648
products,1048576,shared_unroll8,18,4,951864.500,50331648
products,1048576,karatsuba_barrett,18,4,1705531.250,50331648
products,1048576,shared,18,4,952708.250,50331648
products,1048576,karatsuba_barrett,19,4,1703802.000,50331648
products,1048576,karatsuba,19,4,3153156.250,50331648
products,1048576,schoolbook,19,4,2705739.500,50331648
products,1048576,shared,19,4,956145.750,50331648
products,1048576,shared_unroll8,19,4,946927.000,50331648
products,1048576,flock,19,4,894427.000,50331648
products,1048576,shared_unroll4,19,4,951583.500,50331648
products,1048576,shared_unroll2,19,4,952729.250,50331648
products,1048576,shared_unroll2,20,4,951166.750,50331648
products,1048576,shared_unroll4,20,4,948416.750,50331648
products,1048576,shared_unroll8,20,4,949198.000,50331648
products,1048576,karatsuba_barrett,20,4,1698718.750,50331648
products,1048576,schoolbook,20,4,2696729.250,50331648
products,1048576,flock,20,4,910416.750,50331648
products,1048576,shared,20,4,958979.000,50331648
products,1048576,karatsuba,20,4,3159739.500,50331648
products,1048576,karatsuba_barrett,21,4,1701697.750,50331648
products,1048576,shared,21,4,947437.500,50331648
products,1048576,shared_unroll4,21,4,947604.000,50331648
products,1048576,karatsuba,21,4,3159593.750,50331648
products,1048576,schoolbook,21,4,2700604.000,50331648
products,1048576,shared_unroll8,21,4,943104.250,50331648
products,1048576,shared_unroll2,21,4,956729.250,50331648
products,1048576,flock,21,4,892416.500,50331648
products,1048576,schoolbook,22,4,2700312.500,50331648
products,1048576,shared,22,4,952843.750,50331648
products,1048576,karatsuba_barrett,22,4,1701364.500,50331648
products,1048576,flock,22,4,890958.500,50331648
products,1048576,shared_unroll4,22,4,959271.000,50331648
products,1048576,shared_unroll8,22,4,950645.750,50331648
products,1048576,karatsuba,22,4,3160062.500,50331648
products,1048576,shared_unroll2,22,4,954468.750,50331648
products,1048576,karatsuba,23,4,3155906.250,50331648
products,1048576,schoolbook,23,4,2702791.500,50331648
products,1048576,flock,23,4,895593.750,50331648
products,1048576,karatsuba_barrett,23,4,1705104.000,50331648
products,1048576,shared_unroll4,23,4,962083.250,50331648
products,1048576,shared,23,4,944802.000,50331648
products,1048576,shared_unroll2,23,4,951947.750,50331648
products,1048576,shared_unroll8,23,4,954312.500,50331648
products,1048576,shared_unroll8,24,4,954479.250,50331648
products,1048576,shared,24,4,947531.250,50331648
products,1048576,karatsuba,24,4,3168093.750,50331648
products,1048576,shared_unroll4,24,4,952312.500,50331648
products,1048576,schoolbook,24,4,2697989.750,50331648
products,1048576,karatsuba_barrett,24,4,1702156.250,50331648
products,1048576,shared_unroll2,24,4,946250.000,50331648
products,1048576,flock,24,4,898948.000,50331648
products,1048576,shared_unroll2,25,4,953083.250,50331648
products,1048576,shared,25,4,953323.000,50331648
products,1048576,shared_unroll8,25,4,948010.500,50331648
products,1048576,schoolbook,25,4,2696562.500,50331648
products,1048576,flock,25,4,900177.250,50331648
products,1048576,karatsuba,25,4,3154958.500,50331648
products,1048576,shared_unroll4,25,4,956802.250,50331648
products,1048576,karatsuba_barrett,25,4,1706885.500,50331648
products,1048576,schoolbook,26,4,2707135.500,50331648
products,1048576,karatsuba_barrett,26,4,1697250.000,50331648
products,1048576,shared,26,4,952677.000,50331648
products,1048576,shared_unroll8,26,4,970916.500,50331648
products,1048576,shared_unroll4,26,4,951635.500,50331648
products,1048576,flock,26,4,905281.250,50331648
products,1048576,shared_unroll2,26,4,963458.500,50331648
products,1048576,karatsuba,26,4,3155291.750,50331648
products,1048576,shared_unroll8,27,4,972989.500,50331648
products,1048576,shared_unroll4,27,4,949468.750,50331648
products,1048576,shared_unroll2,27,4,981812.500,50331648
products,1048576,flock,27,4,911541.750,50331648
products,1048576,karatsuba,27,4,3178750.000,50331648
products,1048576,karatsuba_barrett,27,4,1716072.750,50331648
products,1048576,schoolbook,27,4,2711781.250,50331648
products,1048576,shared,27,4,952052.250,50331648
products,1048576,karatsuba,28,4,3156791.500,50331648
products,1048576,shared_unroll2,28,4,949677.250,50331648
products,1048576,karatsuba_barrett,28,4,1698104.000,50331648
products,1048576,flock,28,4,898406.250,50331648
products,1048576,schoolbook,28,4,2702458.250,50331648
products,1048576,shared_unroll8,28,4,946833.250,50331648
products,1048576,shared_unroll4,28,4,955229.250,50331648
products,1048576,shared,28,4,952468.750,50331648
products,1048576,shared,29,4,952760.500,50331648
products,1048576,shared_unroll8,29,4,949385.250,50331648
products,1048576,karatsuba_barrett,29,4,1702833.500,50331648
products,1048576,karatsuba,29,4,3161218.750,50331648
products,1048576,shared_unroll2,29,4,954010.500,50331648
products,1048576,flock,29,4,895885.500,50331648
products,1048576,shared_unroll4,29,4,946656.250,50331648
products,1048576,schoolbook,29,4,2696708.500,50331648
products,1048576,shared_unroll2,30,4,946239.500,50331648
products,1048576,karatsuba,30,4,3161958.250,50331648
products,1048576,shared_unroll4,30,4,949916.750,50331648
products,1048576,schoolbook,30,4,2705104.250,50331648
products,1048576,flock,30,4,894000.000,50331648
products,1048576,shared_unroll8,30,4,948073.000,50331648
products,1048576,karatsuba_barrett,30,4,1737843.750,50331648
products,1048576,shared,30,4,1011239.500,50331648
products,1048576,shared_unroll8,31,4,1026021.000,50331648
products,1048576,shared_unroll2,31,4,1011479.250,50331648
products,1048576,shared,31,4,1032104.000,50331648
products,1048576,schoolbook,31,4,2765239.500,50331648
products,1048576,karatsuba,31,4,3277916.750,50331648
products,1048576,shared_unroll4,31,4,1002666.750,50331648
products,1048576,karatsuba_barrett,31,4,1714052.000,50331648
products,1048576,flock,31,4,898573.000,50331648
chain,1024,karatsuba_barrett,0,512,9902.588,16384
chain,1024,schoolbook,0,512,10145.020,16384
chain,1024,shared,0,512,7806.314,16384
chain,1024,karatsuba,0,512,8870.523,16384
chain,1024,flock,0,512,8048.746,16384
chain,1024,shared,1,512,7805.990,16384
chain,1024,karatsuba_barrett,1,512,9865.479,16384
chain,1024,karatsuba,1,512,8804.770,16384
chain,1024,schoolbook,1,512,10161.703,16384
chain,1024,flock,1,512,8091.879,16384
chain,1024,shared,2,512,7821.941,16384
chain,1024,karatsuba_barrett,2,512,9869.711,16384
chain,1024,schoolbook,2,512,10126.221,16384
chain,1024,karatsuba,2,512,8824.381,16384
chain,1024,flock,2,512,8072.266,16384
chain,1024,karatsuba,3,512,8815.186,16384
chain,1024,karatsuba_barrett,3,512,9865.805,16384
chain,1024,shared,3,512,7809.082,16384
chain,1024,flock,3,512,8070.312,16384
chain,1024,schoolbook,3,512,10119.873,16384
chain,1024,karatsuba_barrett,4,512,9866.293,16384
chain,1024,schoolbook,4,512,10119.547,16384
chain,1024,karatsuba,4,512,8815.350,16384
chain,1024,flock,4,512,8067.139,16384
chain,1024,shared,4,512,7856.607,16384
chain,1024,karatsuba_barrett,5,512,9906.168,16384
chain,1024,karatsuba,5,512,8817.465,16384
chain,1024,shared,5,512,8257.242,16384
chain,1024,flock,5,512,8060.629,16384
chain,1024,schoolbook,5,512,10293.295,16384
chain,1024,karatsuba_barrett,6,512,9891.928,16384
chain,1024,schoolbook,6,512,10329.346,16384
chain,1024,flock,6,512,8589.193,16384
chain,1024,shared,6,512,8089.762,16384
chain,1024,karatsuba,6,512,9305.502,16384
chain,1024,karatsuba,7,512,9212.971,16384
chain,1024,shared,7,512,7904.541,16384
chain,1024,schoolbook,7,512,10405.193,16384
chain,1024,flock,7,512,8061.197,16384
chain,1024,karatsuba_barrett,7,512,10030.680,16384
chain,1024,flock,8,512,8077.066,16384
chain,1024,karatsuba,8,512,9147.135,16384
chain,1024,schoolbook,8,512,10456.217,16384
chain,1024,karatsuba_barrett,8,512,10054.199,16384
chain,1024,shared,8,512,8074.383,16384
chain,1024,flock,9,512,8068.928,16384
chain,1024,schoolbook,9,512,10480.469,16384
chain,1024,karatsuba_barrett,9,512,9914.713,16384
chain,1024,shared,9,512,7857.910,16384
chain,1024,karatsuba,9,512,8823.160,16384
chain,1024,flock,10,512,8358.643,16384
chain,1024,karatsuba,10,512,8949.871,16384
chain,1024,shared,10,512,8116.211,16384
chain,1024,schoolbook,10,512,10325.195,16384
chain,1024,karatsuba_barrett,10,512,10000.977,16384
chain,1024,karatsuba_barrett,11,512,10219.645,16384
chain,1024,schoolbook,11,512,10521.891,16384
chain,1024,flock,11,512,8556.885,16384
chain,1024,karatsuba,11,512,9136.963,16384
chain,1024,shared,11,512,8103.352,16384
chain,1024,shared,12,512,8306.232,16384
chain,1024,flock,12,512,8363.852,16384
chain,1024,karatsuba_barrett,12,512,10292.154,16384
chain,1024,schoolbook,12,512,10553.223,16384
chain,1024,karatsuba,12,512,9223.471,16384
chain,1024,shared,13,512,7986.654,16384
chain,1024,flock,13,512,8236.898,16384
chain,1024,schoolbook,13,512,10328.205,16384
chain,1024,karatsuba_barrett,13,512,10327.719,16384
chain,1024,karatsuba,13,512,9148.031,16384
chain,1024,flock,14,512,8343.994,16384
chain,1024,shared,14,512,8040.771,16384
chain,1024,karatsuba_barrett,14,512,10234.455,16384
chain,1024,schoolbook,14,512,10661.053,16384
chain,1024,karatsuba,14,512,9206.625,16384
chain,1024,karatsuba,15,512,9131.674,16384
chain,1024,karatsuba_barrett,15,512,9893.635,16384
chain,1024,shared,15,512,8067.953,16384
chain,1024,schoolbook,15,512,10263.590,16384
chain,1024,flock,15,512,8526.123,16384
chain,1024,schoolbook,16,512,10514.160,16384
chain,1024,shared,16,512,8138.021,16384
chain,1024,flock,16,512,8058.430,16384
chain,1024,karatsuba_barrett,16,512,10143.066,16384
chain,1024,karatsuba,16,512,9136.637,16384
chain,1024,karatsuba,17,512,10708.822,16384
chain,1024,flock,17,512,8369.547,16384
chain,1024,schoolbook,17,512,10212.729,16384
chain,1024,karatsuba_barrett,17,512,10332.193,16384
chain,1024,shared,17,512,8058.023,16384
chain,1024,karatsuba,18,512,9059.082,16384
chain,1024,shared,18,512,7811.686,16384
chain,1024,schoolbook,18,512,10430.176,16384
chain,1024,karatsuba_barrett,18,512,9899.902,16384
chain,1024,flock,18,512,8345.947,16384
chain,1024,flock,19,512,8261.963,16384
chain,1024,shared,19,512,7876.547,16384
chain,1024,karatsuba_barrett,19,512,9882.648,16384
chain,1024,karatsuba,19,512,8995.279,16384
chain,1024,schoolbook,19,512,10126.547,16384
chain,1024,schoolbook,20,512,10378.498,16384
chain,1024,flock,20,512,8502.930,16384
chain,1024,shared,20,512,8209.961,16384
chain,1024,karatsuba_barrett,20,512,9930.094,16384
chain,1024,karatsuba,20,512,8828.695,16384
chain,1024,karatsuba_barrett,21,512,10267.742,16384
chain,1024,schoolbook,21,512,10729.656,16384
chain,1024,flock,21,512,8310.547,16384
chain,1024,karatsuba,21,512,8992.025,16384
chain,1024,shared,21,512,8093.994,16384
chain,1024,flock,22,512,8228.352,16384
chain,1024,karatsuba_barrett,22,512,10152.912,16384
chain,1024,schoolbook,22,512,10137.777,16384
chain,1024,karatsuba,22,512,9086.262,16384
chain,1024,shared,22,512,7849.039,16384
chain,1024,karatsuba_barrett,23,512,9898.273,16384
chain,1024,flock,23,512,8059.814,16384
chain,1024,karatsuba,23,512,8857.096,16384
chain,1024,schoolbook,23,512,10586.264,16384
chain,1024,shared,23,512,7809.082,16384
chain,1024,flock,24,512,8419.922,16384
chain,1024,schoolbook,24,512,10479.248,16384
chain,1024,shared,24,512,8152.750,16384
chain,1024,karatsuba_barrett,24,512,9869.547,16384
chain,1024,karatsuba,24,512,9020.182,16384
chain,1024,karatsuba,25,512,8977.539,16384
chain,1024,karatsuba_barrett,25,512,9961.832,16384
chain,1024,shared,25,512,8032.064,16384
chain,1024,schoolbook,25,512,10472.818,16384
chain,1024,flock,25,512,8257.162,16384
chain,1024,schoolbook,26,512,10458.740,16384
chain,1024,karatsuba,26,512,9086.506,16384
chain,1024,flock,26,512,8280.518,16384
chain,1024,shared,26,512,8044.189,16384
chain,1024,karatsuba_barrett,26,512,10483.562,16384
chain,1024,schoolbook,27,512,10521.891,16384
chain,1024,shared,27,512,7837.891,16384
chain,1024,flock,27,512,8219.645,16384
chain,1024,karatsuba,27,512,8880.127,16384
chain,1024,karatsuba_barrett,27,512,10261.883,16384
chain,1024,flock,28,512,8048.420,16384
chain,1024,karatsuba_barrett,28,512,9916.504,16384
chain,1024,karatsuba,28,512,8948.406,16384
chain,1024,schoolbook,28,512,10322.186,16384
chain,1024,shared,28,512,7914.715,16384
chain,1024,karatsuba_barrett,29,512,9963.541,16384
chain,1024,karatsuba,29,512,9000.488,16384
chain,1024,flock,29,512,8228.436,16384
chain,1024,schoolbook,29,512,10406.900,16384
chain,1024,shared,29,512,8005.371,16384
chain,1024,schoolbook,30,512,10306.234,16384
chain,1024,karatsuba,30,512,9203.369,16384
chain,1024,shared,30,512,7912.762,16384
chain,1024,flock,30,512,8084.961,16384
chain,1024,karatsuba_barrett,30,512,10214.191,16384
chain,1024,karatsuba_barrett,31,512,9904.623,16384
chain,1024,karatsuba,31,512,9247.965,16384
chain,1024,flock,31,512,8059.002,16384
chain,1024,shared,31,512,8147.541,16384
chain,1024,schoolbook,31,512,10528.158,16384
ntt,log8_lanes1,prepared_twiddle,0,2048,2444.519,8192
ntt,log8_lanes1,shared_twiddle,0,2048,2514.994,8192
ntt,log8_lanes1,shared_generic,0,2048,2467.407,8192
ntt,log8_lanes1,flock,0,2048,2603.983,8192
ntt,log8_lanes1,reset_only,0,2048,70.109,8192
ntt,log8_lanes1,flock,1,2048,2626.852,8192
ntt,log8_lanes1,prepared_twiddle,1,2048,2377.340,8192
ntt,log8_lanes1,reset_only,1,2048,61.971,8192
ntt,log8_lanes1,shared_generic,1,2048,2308.126,8192
ntt,log8_lanes1,shared_twiddle,1,2048,2408.183,8192
ntt,log8_lanes1,shared_twiddle,2,2048,2470.093,8192
ntt,log8_lanes1,shared_generic,2,2048,2245.544,8192
ntt,log8_lanes1,flock,2,2048,2650.716,8192
ntt,log8_lanes1,prepared_twiddle,2,2048,2299.479,8192
ntt,log8_lanes1,reset_only,2,2048,52.673,8192
ntt,log8_lanes1,prepared_twiddle,3,2048,2419.596,8192
ntt,log8_lanes1,shared_twiddle,3,2048,2410.299,8192
ntt,log8_lanes1,flock,3,2048,2511.292,8192
ntt,log8_lanes1,shared_generic,3,2048,2285.075,8192
ntt,log8_lanes1,reset_only,3,2048,149.414,8192
ntt,log8_lanes1,shared_twiddle,4,2048,2495.748,8192
ntt,log8_lanes1,reset_only,4,2048,147.949,8192
ntt,log8_lanes1,prepared_twiddle,4,2048,2296.957,8192
ntt,log8_lanes1,shared_generic,4,2048,2361.775,8192
ntt,log8_lanes1,flock,4,2048,2530.273,8192
ntt,log8_lanes1,flock,5,2048,2829.813,8192
ntt,log8_lanes1,shared_generic,5,2048,2330.994,8192
ntt,log8_lanes1,reset_only,5,2048,56.274,8192
ntt,log8_lanes1,shared_twiddle,5,2048,2513.224,8192
ntt,log8_lanes1,prepared_twiddle,5,2048,2432.617,8192
ntt,log8_lanes1,prepared_twiddle,6,2048,2304.077,8192
ntt,log8_lanes1,shared_twiddle,6,2048,2410.747,8192
ntt,log8_lanes1,shared_generic,6,2048,2352.315,8192
ntt,log8_lanes1,flock,6,2048,2535.665,8192
ntt,log8_lanes1,reset_only,6,2048,53.914,8192
ntt,log8_lanes1,reset_only,7,2048,52.266,8192
ntt,log8_lanes1,shared_generic,7,2048,2397.156,8192
ntt,log8_lanes1,flock,7,2048,2526.937,8192
ntt,log8_lanes1,prepared_twiddle,7,2048,2374.674,8192
ntt,log8_lanes1,shared_twiddle,7,2048,2426.432,8192
ntt,log8_lanes1,prepared_twiddle,8,2048,2364.299,8192
ntt,log8_lanes1,shared_generic,8,2048,2259.399,8192
ntt,log8_lanes1,reset_only,8,2048,53.792,8192
ntt,log8_lanes1,flock,8,2048,2598.917,8192
ntt,log8_lanes1,shared_twiddle,8,2048,2403.789,8192
ntt,log8_lanes1,prepared_twiddle,9,2048,2387.350,8192
ntt,log8_lanes1,reset_only,9,2048,116.903,8192
ntt,log8_lanes1,shared_generic,9,2048,2258.016,8192
ntt,log8_lanes1,flock,9,2048,2689.758,8192
ntt,log8_lanes1,shared_twiddle,9,2048,2363.261,8192
ntt,log8_lanes1,flock,10,2048,2596.375,8192
ntt,log8_lanes1,shared_twiddle,10,2048,2394.674,8192
ntt,log8_lanes1,prepared_twiddle,10,2048,2335.449,8192
ntt,log8_lanes1,reset_only,10,2048,117.269,8192
ntt,log8_lanes1,shared_generic,10,2048,2281.718,8192
ntt,log8_lanes1,reset_only,11,2048,53.385,8192
ntt,log8_lanes1,shared_generic,11,2048,2343.567,8192
ntt,log8_lanes1,flock,11,2048,2579.813,8192
ntt,log8_lanes1,prepared_twiddle,11,2048,2391.133,8192
ntt,log8_lanes1,shared_twiddle,11,2048,2331.238,8192
ntt,log8_lanes1,prepared_twiddle,12,2048,2381.165,8192
ntt,log8_lanes1,shared_twiddle,12,2048,2333.679,8192
ntt,log8_lanes1,flock,12,2048,2588.196,8192
ntt,log8_lanes1,reset_only,12,2048,53.589,8192
ntt,log8_lanes1,shared_generic,12,2048,2262.594,8192
ntt,log8_lanes1,reset_only,13,2048,150.167,8192
ntt,log8_lanes1,shared_twiddle,13,2048,2595.337,8192
ntt,log8_lanes1,prepared_twiddle,13,2048,2384.867,8192
ntt,log8_lanes1,shared_generic,13,2048,2361.409,8192
ntt,log8_lanes1,flock,13,2048,2552.673,8192
ntt,log8_lanes1,shared_generic,14,2048,2281.758,8192
ntt,log8_lanes1,reset_only,14,2048,148.376,8192
ntt,log8_lanes1,shared_twiddle,14,2048,2337.667,8192
ntt,log8_lanes1,prepared_twiddle,14,2048,2302.307,8192
ntt,log8_lanes1,flock,14,2048,2533.163,8192
ntt,log8_lanes1,prepared_twiddle,15,2048,2400.777,8192
ntt,log8_lanes1,reset_only,15,2048,149.801,8192
ntt,log8_lanes1,shared_generic,15,2048,2259.664,8192
ntt,log8_lanes1,flock,15,2048,2740.743,8192
ntt,log8_lanes1,shared_twiddle,15,2048,2377.035,8192
ntt,log8_lanes1,reset_only,16,2048,54.077,8192
ntt,log8_lanes1,shared_twiddle,16,2048,2459.432,8192
ntt,log8_lanes1,shared_generic,16,2048,2221.436,8192
ntt,log8_lanes1,prepared_twiddle,16,2048,2450.236,8192
ntt,log8_lanes1,flock,16,2048,2717.000,8192
ntt,log8_lanes1,flock,17,2048,2609.457,8192
ntt,log8_lanes1,shared_twiddle,17,2048,2516.398,8192
ntt,log8_lanes1,shared_generic,17,2048,2391.683,8192
ntt,log8_lanes1,reset_only,17,2048,58.391,8192
ntt,log8_lanes1,prepared_twiddle,17,2048,2345.541,8192
ntt,log8_lanes1,flock,18,2048,2489.298,8192
ntt,log8_lanes1,shared_twiddle,18,2048,2391.927,8192
ntt,log8_lanes1,reset_only,18,2048,117.635,8192
ntt,log8_lanes1,prepared_twiddle,18,2048,2291.830,8192
ntt,log8_lanes1,shared_generic,18,2048,2297.160,8192
ntt,log8_lanes1,flock,19,2048,2726.440,8192
ntt,log8_lanes1,shared_twiddle,19,2048,2380.249,8192
ntt,log8_lanes1,shared_generic,19,2048,2276.327,8192
ntt,log8_lanes1,reset_only,19,2048,52.511,8192
ntt,log8_lanes1,prepared_twiddle,19,2048,2366.089,8192
ntt,log8_lanes1,prepared_twiddle,20,2048,2481.934,8192
ntt,log8_lanes1,flock,20,2048,2955.363,8192
ntt,log8_lanes1,shared_generic,20,2048,2336.039,8192
ntt,log8_lanes1,shared_twiddle,20,2048,2654.928,8192
ntt,log8_lanes1,reset_only,20,2048,55.888,8192
ntt,log8_lanes1,prepared_twiddle,21,2048,2371.236,8192
ntt,log8_lanes1,flock,21,2048,2584.757,8192
ntt,log8_lanes1,reset_only,21,2048,57.353,8192
ntt,log8_lanes1,shared_twiddle,21,2048,2486.104,8192
ntt,log8_lanes1,shared_generic,21,2048,2352.092,8192
ntt,log8_lanes1,shared_twiddle,22,2048,2417.419,8192
ntt,log8_lanes1,shared_generic,22,2048,2311.809,8192
ntt,log8_lanes1,prepared_twiddle,22,2048,2381.836,8192
ntt,log8_lanes1,reset_only,22,2048,56.478,8192
ntt,log8_lanes1,flock,22,2048,2565.125,8192
ntt,log8_lanes1,flock,23,2048,2617.920,8192
ntt,log8_lanes1,shared_generic,23,2048,2224.263,8192
ntt,log8_lanes1,reset_only,23,2048,53.426,8192
ntt,log8_lanes1,shared_twiddle,23,2048,2436.747,8192
ntt,log8_lanes1,prepared_twiddle,23,2048,2397.176,8192
ntt,log8_lanes1,shared_twiddle,24,2048,2474.020,8192
ntt,log8_lanes1,prepared_twiddle,24,2048,2359.518,8192
ntt,log8_lanes1,flock,24,2048,2517.456,8192
ntt,log8_lanes1,shared_generic,24,2048,2299.947,8192
ntt,log8_lanes1,reset_only,24,2048,54.484,8192
ntt,log8_lanes1,reset_only,25,2048,58.126,8192
ntt,log8_lanes1,prepared_twiddle,25,2048,2379.679,8192
ntt,log8_lanes1,shared_generic,25,2048,2257.710,8192
ntt,log8_lanes1,flock,25,2048,2572.794,8192
ntt,log8_lanes1,shared_twiddle,25,2048,2471.171,8192
ntt,log8_lanes1,shared_twiddle,26,2048,2441.325,8192
ntt,log8_lanes1,shared_generic,26,2048,2399.801,8192
ntt,log8_lanes1,prepared_twiddle,26,2048,2445.963,8192
ntt,log8_lanes1,reset_only,26,2048,52.694,8192
ntt,log8_lanes1,flock,26,2048,2653.727,8192
ntt,log8_lanes1,shared_generic,27,2048,2255.636,8192
ntt,log8_lanes1,reset_only,27,2048,77.535,8192
ntt,log8_lanes1,prepared_twiddle,27,2048,2430.562,8192
ntt,log8_lanes1,shared_twiddle,27,2048,2593.099,8192
ntt,log8_lanes1,flock,27,2048,2548.564,8192
ntt,log8_lanes1,shared_twiddle,28,2048,2351.542,8192
ntt,log8_lanes1,shared_generic,28,2048,2270.874,8192
ntt,log8_lanes1,flock,28,2048,2537.211,8192
ntt,log8_lanes1,prepared_twiddle,28,2048,2376.546,8192
ntt,log8_lanes1,reset_only,28,2048,54.626,8192
ntt,log8_lanes1,prepared_twiddle,29,2048,2349.345,8192
ntt,log8_lanes1,reset_only,29,2048,53.487,8192
ntt,log8_lanes1,shared_twiddle,29,2048,2442.098,8192
ntt,log8_lanes1,shared_generic,29,2048,2241.882,8192
ntt,log8_lanes1,flock,29,2048,2622.070,8192
ntt,log8_lanes1,shared_generic,30,2048,2329.061,8192
ntt,log8_lanes1,reset_only,30,2048,54.830,8192
ntt,log8_lanes1,flock,30,2048,2690.613,8192
ntt,log8_lanes1,shared_twiddle,30,2048,2544.454,8192
ntt,log8_lanes1,prepared_twiddle,30,2048,2409.058,8192
ntt,log8_lanes1,prepared_twiddle,31,2048,2431.335,8192
ntt,log8_lanes1,shared_twiddle,31,2048,2496.806,8192
ntt,log8_lanes1,flock,31,2048,2515.381,8192
ntt,log8_lanes1,reset_only,31,2048,52.612,8192
ntt,log8_lanes1,shared_generic,31,2048,2322.855,8192
ntt,log8_lanes32,flock,0,128,46902.992,262144
ntt,log8_lanes32,prepared_twiddle,0,128,39472.008,262144
ntt,log8_lanes32,shared_generic,0,128,43785.812,262144
ntt,log8_lanes32,reset_only,0,128,2248.695,262144
ntt,log8_lanes32,shared_twiddle,0,128,39621.422,262144
ntt,log8_lanes32,reset_only,1,128,2106.445,262144
ntt,log8_lanes32,prepared_twiddle,1,128,40031.906,262144
ntt,log8_lanes32,shared_generic,1,128,43615.562,262144
ntt,log8_lanes32,shared_twiddle,1,128,40513.016,262144
ntt,log8_lanes32,flock,1,128,45301.430,262144
ntt,log8_lanes32,shared_generic,2,128,43624.672,262144
ntt,log8_lanes32,reset_only,2,128,2252.930,262144
ntt,log8_lanes32,prepared_twiddle,2,128,40695.641,262144
ntt,log8_lanes32,flock,2,128,47263.023,262144
ntt,log8_lanes32,shared_twiddle,2,128,39307.617,262144
ntt,log8_lanes32,reset_only,3,128,2212.891,262144
ntt,log8_lanes32,prepared_twiddle,3,128,40174.805,262144
ntt,log8_lanes32,shared_generic,3,128,44897.461,262144
ntt,log8_lanes32,flock,3,128,46257.492,262144
ntt,log8_lanes32,shared_twiddle,3,128,40351.562,262144
ntt,log8_lanes32,shared_generic,4,128,44503.258,262144
ntt,log8_lanes32,reset_only,4,128,2158.859,262144
ntt,log8_lanes32,prepared_twiddle,4,128,40378.906,262144
ntt,log8_lanes32,shared_twiddle,4,128,40047.523,262144
ntt,log8_lanes32,flock,4,128,47343.750,262144
ntt,log8_lanes32,flock,5,128,46367.516,262144
ntt,log8_lanes32,prepared_twiddle,5,128,39761.719,262144
ntt,log8_lanes32,shared_generic,5,128,43273.438,262144
ntt,log8_lanes32,reset_only,5,128,2131.508,262144
ntt,log8_lanes32,shared_twiddle,5,128,40135.094,262144
ntt,log8_lanes32,shared_twiddle,6,128,39292.320,262144
ntt,log8_lanes32,flock,6,128,46567.703,262144
ntt,log8_lanes32,prepared_twiddle,6,128,39048.180,262144
ntt,log8_lanes32,reset_only,6,128,1936.852,262144
ntt,log8_lanes32,shared_generic,6,128,43543.289,262144
ntt,log8_lanes32,reset_only,7,128,1936.852,262144
ntt,log8_lanes32,shared_twiddle,7,128,39140.625,262144
ntt,log8_lanes32,shared_generic,7,128,43458.656,262144
ntt,log8_lanes32,prepared_twiddle,7,128,39917.648,262144
ntt,log8_lanes32,flock,7,128,46613.938,262144
ntt,log8_lanes32,flock,8,128,44934.250,262144
ntt,log8_lanes32,reset_only,8,128,2060.875,262144
ntt,log8_lanes32,shared_generic,8,128,44690.430,262144
ntt,log8_lanes32,prepared_twiddle,8,128,38967.445,262144
ntt,log8_lanes32,shared_twiddle,8,128,40114.258,262144
ntt,log8_lanes32,shared_generic,9,128,44152.344,262144
ntt,log8_lanes32,prepared_twiddle,9,128,40017.250,262144
ntt,log8_lanes32,shared_twiddle,9,128,41216.469,262144
ntt,log8_lanes32,reset_only,9,128,2119.141,262144
ntt,log8_lanes32,flock,9,128,45397.133,262144
ntt,log8_lanes32,reset_only,10,128,2114.258,262144
ntt,log8_lanes32,shared_generic,10,128,43538.414,262144
ntt,log8_lanes32,flock,10,128,46573.898,262144
ntt,log8_lanes32,shared_twiddle,10,128,39530.273,262144
ntt,log8_lanes32,prepared_twiddle,10,128,39445.312,262144
ntt,log8_lanes32,reset_only,11,128,1974.289,262144
ntt,log8_lanes32,prepared_twiddle,11,128,39987.961,262144
ntt,log8_lanes32,shared_generic,11,128,44010.422,262144
ntt,log8_lanes32,shared_twiddle,11,128,39856.117,262144
ntt,log8_lanes32,flock,11,128,47555.336,262144
ntt,log8_lanes32,flock,12,128,47839.195,262144
ntt,log8_lanes32,prepared_twiddle,12,128,40582.031,262144
ntt,log8_lanes32,reset_only,12,128,2102.539,262144
ntt,log8_lanes32,shared_twiddle,12,128,40017.906,262144
ntt,log8_lanes32,shared_generic,12,128,42977.867,262144
ntt,log8_lanes32,prepared_twiddle,13,128,39564.453,262144
ntt,log8_lanes32,shared_twiddle,13,128,39200.195,262144
ntt,log8_lanes32,reset_only,13,128,1977.539,262144
ntt,log8_lanes32,shared_generic,13,128,43823.891,262144
ntt,log8_lanes32,flock,13,128,46126.633,262144
ntt,log8_lanes32,prepared_twiddle,14,128,40599.938,262144
ntt,log8_lanes32,shared_twiddle,14,128,41674.477,262144
ntt,log8_lanes32,reset_only,14,128,2345.703,262144
ntt,log8_lanes32,flock,14,128,45932.938,262144
ntt,log8_lanes32,shared_generic,14,128,44863.930,262144
ntt,log8_lanes32,shared_twiddle,15,128,40729.492,262144
ntt,log8_lanes32,reset_only,15,128,2128.578,262144
ntt,log8_lanes32,flock,15,128,47287.766,262144
ntt,log8_lanes32,shared_generic,15,128,44504.562,262144
ntt,log8_lanes32,prepared_twiddle,15,128,40952.805,262144
ntt,log8_lanes32,shared_twiddle,16,128,39540.688,262144
ntt,log8_lanes32,prepared_twiddle,16,128,40762.695,262144
ntt,log8_lanes32,flock,16,128,46171.875,262144
ntt,log8_lanes32,reset_only,16,128,1984.695,262144
ntt,log8_lanes32,shared_generic,16,128,43457.031,262144
ntt,log8_lanes32,flock,17,128,46395.828,262144
ntt,log8_lanes32,shared_twiddle,17,128,41648.766,262144
ntt,log8_lanes32,prepared_twiddle,17,128,40344.727,262144
ntt,log8_lanes32,shared_generic,17,128,45285.484,262144
ntt,log8_lanes32,reset_only,17,128,2124.672,262144
ntt,log8_lanes32,prepared_twiddle,18,128,40178.062,262144
ntt,log8_lanes32,shared_twiddle,18,128,40402.664,262144
ntt,log8_lanes32,reset_only,18,128,2401.695,262144
ntt,log8_lanes32,flock,18,128,46704.750,262144
ntt,log8_lanes32,shared_generic,18,128,44663.414,262144
ntt,log8_lanes32,prepared_twiddle,19,128,39571.617,262144
ntt,log8_lanes32,shared_twiddle,19,128,38927.734,262144
ntt,log8_lanes32,flock,19,128,47124.352,262144
ntt,log8_lanes32,reset_only,19,128,2115.234,262144
ntt,log8_lanes32,shared_generic,19,128,45569.984,262144
ntt,log8_lanes32,prepared_twiddle,20,128,38412.758,262144
ntt,log8_lanes32,shared_twiddle,20,128,38793.945,262144
ntt,log8_lanes32,reset_only,20,128,2458.984,262144
ntt,log8_lanes32,flock,20,128,46673.180,262144
ntt,log8_lanes32,shared_generic,20,128,43684.891,262144
ntt,log8_lanes32,shared_generic,21,128,44375.648,262144
ntt,log8_lanes32,flock,21,128,46560.227,262144
ntt,log8_lanes32,prepared_twiddle,21,128,39363.930,262144
ntt,log8_lanes32,shared_twiddle,21,128,41197.586,262144
ntt,log8_lanes32,reset_only,21,128,2327.477,262144
ntt,log8_lanes32,shared_twiddle,22,128,40227.867,262144
ntt,log8_lanes32,flock,22,128,46870.438,262144
ntt,log8_lanes32,shared_generic,22,128,43663.414,262144
ntt,log8_lanes32,reset_only,22,128,2109.703,262144
ntt,log8_lanes32,prepared_twiddle,22,128,39563.805,262144
ntt,log8_lanes32,shared_generic,23,128,43317.711,262144
ntt,log8_lanes32,shared_twiddle,23,128,39767.250,262144
ntt,log8_lanes32,reset_only,23,128,2014.977,262144
ntt,log8_lanes32,flock,23,128,45954.750,262144
ntt,log8_lanes32,prepared_twiddle,23,128,39736.648,262144
ntt,log8_lanes32,shared_twiddle,24,128,40562.500,262144
ntt,log8_lanes32,prepared_twiddle,24,128,40091.797,262144
ntt,log8_lanes32,flock,24,128,47018.227,262144
ntt,log8_lanes32,shared_generic,24,128,44031.578,262144
ntt,log8_lanes32,reset_only,24,128,2120.438,262144
ntt,log8_lanes32,shared_twiddle,25,128,39013.672,262144
ntt,log8_lanes32,shared_generic,25,128,45469.727,262144
ntt,log8_lanes32,prepared_twiddle,25,128,39879.234,262144
ntt,log8_lanes32,flock,25,128,48325.195,262144
ntt,log8_lanes32,reset_only,25,128,2238.930,262144
ntt,log8_lanes32,shared_twiddle,26,128,42023.438,262144
ntt,log8_lanes32,shared_generic,26,128,45520.188,262144
ntt,log8_lanes32,reset_only,26,128,2246.414,262144
ntt,log8_lanes32,prepared_twiddle,26,128,41079.750,262144
ntt,log8_lanes32,flock,26,128,45885.742,262144
ntt,log8_lanes32,prepared_twiddle,27,128,40357.094,262144
ntt,log8_lanes32,flock,27,128,46008.133,262144
ntt,log8_lanes32,shared_twiddle,27,128,40752.602,262144
ntt,log8_lanes32,shared_generic,27,128,43542.969,262144
ntt,log8_lanes32,reset_only,27,128,2096.023,262144
ntt,log8_lanes32,shared_generic,28,128,44022.133,262144
ntt,log8_lanes32,reset_only,28,128,2109.695,262144
ntt,log8_lanes32,prepared_twiddle,28,128,40372.070,262144
ntt,log8_lanes32,shared_twiddle,28,128,41618.812,262144
ntt,log8_lanes32,flock,28,128,47650.391,262144
ntt,log8_lanes32,reset_only,29,128,2245.117,262144
ntt,log8_lanes32,prepared_twiddle,29,128,39326.500,262144
ntt,log8_lanes32,shared_twiddle,29,128,39478.516,262144
ntt,log8_lanes32,shared_generic,29,128,43893.883,262144
ntt,log8_lanes32,flock,29,128,46668.945,262144
ntt,log8_lanes32,prepared_twiddle,30,128,39857.422,262144
ntt,log8_lanes32,shared_twiddle,30,128,40609.047,262144
ntt,log8_lanes32,shared_generic,30,128,46279.617,262144
ntt,log8_lanes32,reset_only,30,128,2245.773,262144
ntt,log8_lanes32,flock,30,128,46713.867,262144
ntt,log8_lanes32,prepared_twiddle,31,128,39129.227,262144
ntt,log8_lanes32,reset_only,31,128,2015.297,262144
ntt,log8_lanes32,flock,31,128,46021.812,262144
ntt,log8_lanes32,shared_twiddle,31,128,40577.477,262144
ntt,log8_lanes32,shared_generic,31,128,43905.273,262144
ntt,log12_lanes8,prepared_twiddle,0,8,401630.250,1048576
ntt,log12_lanes8,shared_generic,0,8,391406.250,1048576
ntt,log12_lanes8,flock,0,8,430968.750,1048576
ntt,log12_lanes8,reset_only,0,8,9151.000,1048576
ntt,log12_lanes8,shared_twiddle,0,8,392807.375,1048576
ntt,log12_lanes8,shared_twiddle,1,8,383312.500,1048576
ntt,log12_lanes8,reset_only,1,8,8484.375,1048576
ntt,log12_lanes8,shared_generic,1,8,384494.750,1048576
ntt,log12_lanes8,flock,1,8,409161.375,1048576
ntt,log12_lanes8,prepared_twiddle,1,8,406145.875,1048576
ntt,log12_lanes8,shared_generic,2,8,389234.375,1048576
ntt,log12_lanes8,flock,2,8,417229.250,1048576
ntt,log12_lanes8,prepared_twiddle,2,8,385005.250,1048576
ntt,log12_lanes8,reset_only,2,8,8458.375,1048576
ntt,log12_lanes8,shared_twiddle,2,8,395322.875,1048576
ntt,log12_lanes8,shared_twiddle,3,8,401677.125,1048576
ntt,log12_lanes8,prepared_twiddle,3,8,386093.750,1048576
ntt,log12_lanes8,flock,3,8,414463.500,1048576
ntt,log12_lanes8,shared_generic,3,8,423921.875,1048576
ntt,log12_lanes8,reset_only,3,8,8958.250,1048576
ntt,log12_lanes8,shared_twiddle,4,8,406161.375,1048576
ntt,log12_lanes8,prepared_twiddle,4,8,380776.000,1048576
ntt,log12_lanes8,flock,4,8,401906.250,1048576
ntt,log12_lanes8,shared_generic,4,8,397510.375,1048576
ntt,log12_lanes8,reset_only,4,8,9859.375,1048576
ntt,log12_lanes8,flock,5,8,401869.750,1048576
ntt,log12_lanes8,reset_only,5,8,8682.250,1048576
ntt,log12_lanes8,shared_twiddle,5,8,399500.000,1048576
ntt,log12_lanes8,shared_generic,5,8,411104.125,1048576
ntt,log12_lanes8,prepared_twiddle,5,8,387916.750,1048576
ntt,log12_lanes8,shared_generic,6,8,377312.500,1048576
ntt,log12_lanes8,prepared_twiddle,6,8,380458.375,1048576
ntt,log12_lanes8,reset_only,6,8,8635.500,1048576
ntt,log12_lanes8,flock,6,8,422005.125,1048576
ntt,log12_lanes8,shared_twiddle,6,8,392474.000,1048576
ntt,log12_lanes8,prepared_twiddle,7,8,382718.750,1048576
ntt,log12_lanes8,reset_only,7,8,8880.250,1048576
ntt,log12_lanes8,flock,7,8,392520.750,1048576
ntt,log12_lanes8,shared_generic,7,8,376500.000,1048576
ntt,log12_lanes8,shared_twiddle,7,8,397385.375,1048576
ntt,log12_lanes8,flock,8,8,422968.750,1048576
ntt,log12_lanes8,prepared_twiddle,8,8,387536.375,1048576
ntt,log12_lanes8,reset_only,8,8,12489.625,1048576
ntt,log12_lanes8,shared_twiddle,8,8,403458.375,1048576
ntt,log12_lanes8,shared_generic,8,8,390948.000,1048576
ntt,log12_lanes8,flock,9,8,413604.125,1048576
ntt,log12_lanes8,shared_generic,9,8,400307.375,1048576
ntt,log12_lanes8,prepared_twiddle,9,8,375088.625,1048576
ntt,log12_lanes8,reset_only,9,8,8505.250,1048576
ntt,log12_lanes8,shared_twiddle,9,8,389515.625,1048576
ntt,log12_lanes8,reset_only,10,8,8698.000,1048576
ntt,log12_lanes8,prepared_twiddle,10,8,387994.875,1048576
ntt,log12_lanes8,shared_twiddle,10,8,399364.500,1048576
ntt,log12_lanes8,flock,10,8,424541.625,1048576
ntt,log12_lanes8,shared_generic,10,8,376296.875,1048576
ntt,log12_lanes8,flock,11,8,409286.500,1048576
ntt,log12_lanes8,prepared_twiddle,11,8,391010.375,1048576
ntt,log12_lanes8,shared_generic,11,8,388994.750,1048576
ntt,log12_lanes8,shared_twiddle,11,8,396770.875,1048576
ntt,log12_lanes8,reset_only,11,8,8390.625,1048576
ntt,log12_lanes8,shared_twiddle,12,8,395421.875,1048576
ntt,log12_lanes8,flock,12,8,411666.750,1048576
ntt,log12_lanes8,reset_only,12,8,9583.375,1048576
ntt,log12_lanes8,shared_generic,12,8,408088.500,1048576
ntt,log12_lanes8,prepared_twiddle,12,8,379692.750,1048576
ntt,log12_lanes8,prepared_twiddle,13,8,393958.375,1048576
ntt,log12_lanes8,shared_twiddle,13,8,394494.875,1048576
ntt,log12_lanes8,reset_only,13,8,8651.125,1048576
ntt,log12_lanes8,shared_generic,13,8,383322.875,1048576
ntt,log12_lanes8,flock,13,8,420255.250,1048576
ntt,log12_lanes8,shared_twiddle,14,8,391630.250,1048576
ntt,log12_lanes8,prepared_twiddle,14,8,389432.250,1048576
ntt,log12_lanes8,reset_only,14,8,11276.000,1048576
ntt,log12_lanes8,shared_generic,14,8,383635.500,1048576
ntt,log12_lanes8,flock,14,8,402380.125,1048576
ntt,log12_lanes8,shared_twiddle,15,8,419270.750,1048576
ntt,log12_lanes8,prepared_twiddle,15,8,370442.750,1048576
ntt,log12_lanes8,shared_generic,15,8,369531.250,1048576
ntt,log12_lanes8,reset_only,15,8,8349.000,1048576
ntt,log12_lanes8,flock,15,8,420369.750,1048576
ntt,log12_lanes8,prepared_twiddle,16,8,378828.125,1048576
ntt,log12_lanes8,flock,16,8,439302.125,1048576
ntt,log12_lanes8,shared_twiddle,16,8,415604.250,1048576
ntt,log12_lanes8,shared_generic,16,8,383349.000,1048576
ntt,log12_lanes8,reset_only,16,8,10151.000,1048576
ntt,log12_lanes8,shared_twiddle,17,8,407843.750,1048576
ntt,log12_lanes8,flock,17,8,410182.250,1048576
ntt,log12_lanes8,prepared_twiddle,17,8,392671.875,1048576
ntt,log12_lanes8,reset_only,17,8,10562.500,1048576
ntt,log12_lanes8,shared_generic,17,8,397015.625,1048576
ntt,log12_lanes8,shared_generic,18,8,374125.000,1048576
ntt,log12_lanes8,shared_twiddle,18,8,400010.500,1048576
ntt,log12_lanes8,flock,18,8,429276.125,1048576
ntt,log12_lanes8,prepared_twiddle,18,8,376078.125,1048576
ntt,log12_lanes8,reset_only,18,8,8380.250,1048576
ntt,log12_lanes8,reset_only,19,8,8291.625,1048576
ntt,log12_lanes8,prepared_twiddle,19,8,385369.875,1048576
ntt,log12_lanes8,shared_generic,19,8,373317.750,1048576
ntt,log12_lanes8,shared_twiddle,19,8,392078.125,1048576
ntt,log12_lanes8,flock,19,8,405375.000,1048576
ntt,log12_lanes8,shared_generic,20,8,380343.750,1048576
ntt,log12_lanes8,reset_only,20,8,8359.375,1048576
ntt,log12_lanes8,shared_twiddle,20,8,392578.125,1048576
ntt,log12_lanes8,prepared_twiddle,20,8,385645.875,1048576
ntt,log12_lanes8,flock,20,8,410375.000,1048576
ntt,log12_lanes8,shared_generic,21,8,382968.750,1048576
ntt,log12_lanes8,shared_twiddle,21,8,387984.375,1048576
ntt,log12_lanes8,flock,21,8,426666.625,1048576
ntt,log12_lanes8,reset_only,21,8,10494.875,1048576
ntt,log12_lanes8,prepared_twiddle,21,8,381609.375,1048576
ntt,log12_lanes8,shared_twiddle,22,8,388937.500,1048576
ntt,log12_lanes8,prepared_twiddle,22,8,397291.625,1048576
ntt,log12_lanes8,shared_generic,22,8,379369.875,1048576
ntt,log12_lanes8,flock,22,8,416448.000,1048576
ntt,log12_lanes8,reset_only,22,8,9447.875,1048576
ntt,log12_lanes8,flock,23,8,422046.875,1048576
ntt,log12_lanes8,prepared_twiddle,23,8,399489.500,1048576
ntt,log12_lanes8,shared_generic,23,8,393239.625,1048576
ntt,log12_lanes8,reset_only,23,8,8656.250,1048576
ntt,log12_lanes8,shared_twiddle,23,8,396994.750,1048576
ntt,log12_lanes8,shared_generic,24,8,400250.000,1048576
ntt,log12_lanes8,reset_only,24,8,9213.500,1048576
ntt,log12_lanes8,shared_twiddle,24,8,416671.875,1048576
ntt,log12_lanes8,flock,24,8,410593.750,1048576
ntt,log12_lanes8,prepared_twiddle,24,8,379817.750,1048576
ntt,log12_lanes8,prepared_twiddle,25,8,394072.875,1048576
ntt,log12_lanes8,reset_only,25,8,9010.375,1048576
ntt,log12_lanes8,shared_twiddle,25,8,395312.500,1048576
ntt,log12_lanes8,flock,25,8,410958.250,1048576
ntt,log12_lanes8,shared_generic,25,8,372515.625,1048576
ntt,log12_lanes8,prepared_twiddle,26,8,394875.000,1048576
ntt,log12_lanes8,flock,26,8,419239.625,1048576
ntt,log12_lanes8,shared_twiddle,26,8,395932.375,1048576
ntt,log12_lanes8,shared_generic,26,8,396401.125,1048576
ntt,log12_lanes8,reset_only,26,8,9463.500,1048576
ntt,log12_lanes8,shared_twiddle,27,8,403458.250,1048576
ntt,log12_lanes8,reset_only,27,8,8604.125,1048576
ntt,log12_lanes8,flock,27,8,413067.750,1048576
ntt,log12_lanes8,shared_generic,27,8,384458.250,1048576
ntt,log12_lanes8,prepared_twiddle,27,8,407526.125,1048576
ntt,log12_lanes8,shared_twiddle,28,8,400927.125,1048576
ntt,log12_lanes8,prepared_twiddle,28,8,378057.250,1048576
ntt,log12_lanes8,reset_only,28,8,8369.750,1048576
ntt,log12_lanes8,shared_generic,28,8,388052.000,1048576
ntt,log12_lanes8,flock,28,8,408744.750,1048576
ntt,log12_lanes8,shared_generic,29,8,378578.125,1048576
ntt,log12_lanes8,prepared_twiddle,29,8,387984.375,1048576
ntt,log12_lanes8,shared_twiddle,29,8,394770.875,1048576
ntt,log12_lanes8,flock,29,8,402823.000,1048576
ntt,log12_lanes8,reset_only,29,8,8489.625,1048576
ntt,log12_lanes8,shared_generic,30,8,416901.000,1048576
ntt,log12_lanes8,shared_twiddle,30,8,392854.250,1048576
ntt,log12_lanes8,prepared_twiddle,30,8,381140.625,1048576
ntt,log12_lanes8,flock,30,8,411448.000,1048576
ntt,log12_lanes8,reset_only,30,8,9125.000,1048576
ntt,log12_lanes8,shared_generic,31,8,380963.500,1048576
ntt,log12_lanes8,prepared_twiddle,31,8,396114.625,1048576
ntt,log12_lanes8,flock,31,8,406171.875,1048576
ntt,log12_lanes8,shared_twiddle,31,8,395661.375,1048576
ntt,log12_lanes8,reset_only,31,8,9265.625,1048576
ntt,log15_lanes32,prepared_twiddle,0,1,13571917.000,33554432
ntt,log15_lanes32,reset_only,0,1,375292.000,33554432
ntt,log15_lanes32,flock,0,1,11379875.000,33554432
ntt,log15_lanes32,shared_twiddle,0,1,14905250.000,33554432
ntt,log15_lanes32,shared_generic,0,1,15974625.000,33554432
ntt,log15_lanes32,prepared_twiddle,1,1,13017292.000,33554432
ntt,log15_lanes32,shared_generic,1,1,14437792.000,33554432
ntt,log15_lanes32,flock,1,1,11207958.000,33554432
ntt,log15_lanes32,reset_only,1,1,363875.000,33554432
ntt,log15_lanes32,shared_twiddle,1,1,12875750.000,33554432
ntt,log15_lanes32,flock,2,1,11056459.000,33554432
ntt,log15_lanes32,prepared_twiddle,2,1,12926833.000,33554432
ntt,log15_lanes32,shared_twiddle,2,1,17744541.000,33554432
ntt,log15_lanes32,shared_generic,2,1,12668625.000,33554432
ntt,log15_lanes32,reset_only,2,1,367542.000,33554432
ntt,log15_lanes32,shared_generic,3,1,16615625.000,33554432
ntt,log15_lanes32,prepared_twiddle,3,1,12669250.000,33554432
ntt,log15_lanes32,shared_twiddle,3,1,13038416.000,33554432
ntt,log15_lanes32,flock,3,1,11299666.000,33554432
ntt,log15_lanes32,reset_only,3,1,370292.000,33554432
ntt,log15_lanes32,shared_twiddle,4,1,14806875.000,33554432
ntt,log15_lanes32,shared_generic,4,1,17102292.000,33554432
ntt,log15_lanes32,prepared_twiddle,4,1,12822083.000,33554432
ntt,log15_lanes32,flock,4,1,11159542.000,33554432
ntt,log15_lanes32,reset_only,4,1,338417.000,33554432
ntt,log15_lanes32,reset_only,5,1,381041.000,33554432
ntt,log15_lanes32,prepared_twiddle,5,1,14377958.000,33554432
ntt,log15_lanes32,shared_twiddle,5,1,14331250.000,33554432
ntt,log15_lanes32,flock,5,1,11036833.000,33554432
ntt,log15_lanes32,shared_generic,5,1,13914083.000,33554432
ntt,log15_lanes32,reset_only,6,1,396208.000,33554432
ntt,log15_lanes32,flock,6,1,11135417.000,33554432
ntt,log15_lanes32,shared_generic,6,1,12579459.000,33554432
ntt,log15_lanes32,shared_twiddle,6,1,12847083.000,33554432
ntt,log15_lanes32,prepared_twiddle,6,1,15045959.000,33554432
ntt,log15_lanes32,shared_generic,7,1,12525000.000,33554432
ntt,log15_lanes32,prepared_twiddle,7,1,12721250.000,33554432
ntt,log15_lanes32,shared_twiddle,7,1,13657000.000,33554432
ntt,log15_lanes32,reset_only,7,1,462125.000,33554432
ntt,log15_lanes32,flock,7,1,11199167.000,33554432
ntt,log15_lanes32,reset_only,8,1,365917.000,33554432
ntt,log15_lanes32,shared_twiddle,8,1,13848416.000,33554432
ntt,log15_lanes32,flock,8,1,11095167.000,33554432
ntt,log15_lanes32,prepared_twiddle,8,1,13163791.000,33554432
ntt,log15_lanes32,shared_generic,8,1,12294708.000,33554432
ntt,log15_lanes32,flock,9,1,11367625.000,33554432
ntt,log15_lanes32,reset_only,9,1,452084.000,33554432
ntt,log15_lanes32,shared_twiddle,9,1,12898500.000,33554432
ntt,log15_lanes32,prepared_twiddle,9,1,12504708.000,33554432
ntt,log15_lanes32,shared_generic,9,1,12605542.000,33554432
ntt,log15_lanes32,prepared_twiddle,10,1,12356833.000,33554432
ntt,log15_lanes32,flock,10,1,11097666.000,33554432
ntt,log15_lanes32,reset_only,10,1,470667.000,33554432
ntt,log15_lanes32,shared_twiddle,10,1,12787000.000,33554432
ntt,log15_lanes32,shared_generic,10,1,13369916.000,33554432
ntt,log15_lanes32,shared_generic,11,1,12486542.000,33554432
ntt,log15_lanes32,shared_twiddle,11,1,12566792.000,33554432
ntt,log15_lanes32,prepared_twiddle,11,1,12809125.000,33554432
ntt,log15_lanes32,reset_only,11,1,395000.000,33554432
ntt,log15_lanes32,flock,11,1,11365792.000,33554432
ntt,log15_lanes32,flock,12,1,10888958.000,33554432
ntt,log15_lanes32,shared_generic,12,1,12617583.000,33554432
ntt,log15_lanes32,shared_twiddle,12,1,12644791.000,33554432
ntt,log15_lanes32,prepared_twiddle,12,1,12401750.000,33554432
ntt,log15_lanes32,reset_only,12,1,375667.000,33554432
ntt,log15_lanes32,shared_twiddle,13,1,14322292.000,33554432
ntt,log15_lanes32,reset_only,13,1,364833.000,33554432
ntt,log15_lanes32,flock,13,1,11168458.000,33554432
ntt,log15_lanes32,shared_generic,13,1,13236875.000,33554432
ntt,log15_lanes32,prepared_twiddle,13,1,12960833.000,33554432
ntt,log15_lanes32,reset_only,14,1,365333.000,33554432
ntt,log15_lanes32,flock,14,1,10985292.000,33554432
ntt,log15_lanes32,shared_twiddle,14,1,12654125.000,33554432
ntt,log15_lanes32,shared_generic,14,1,12694292.000,33554432
ntt,log15_lanes32,prepared_twiddle,14,1,12379667.000,33554432
ntt,log15_lanes32,shared_twiddle,15,1,13031334.000,33554432
ntt,log15_lanes32,reset_only,15,1,418916.000,33554432
ntt,log15_lanes32,flock,15,1,11459375.000,33554432
ntt,log15_lanes32,prepared_twiddle,15,1,13140416.000,33554432
ntt,log15_lanes32,shared_generic,15,1,12451333.000,33554432
ntt,log15_lanes32,shared_generic,16,1,12486750.000,33554432
ntt,log15_lanes32,shared_twiddle,16,1,12774750.000,33554432
ntt,log15_lanes32,flock,16,1,11498042.000,33554432
ntt,log15_lanes32,prepared_twiddle,16,1,12297291.000,33554432
ntt,log15_lanes32,reset_only,16,1,367166.000,33554432
ntt,log15_lanes32,shared_twiddle,17,1,12781584.000,33554432
ntt,log15_lanes32,shared_generic,17,1,12476125.000,33554432
ntt,log15_lanes32,prepared_twiddle,17,1,12222750.000,33554432
ntt,log15_lanes32,reset_only,17,1,470000.000,33554432
ntt,log15_lanes32,flock,17,1,11186500.000,33554432
ntt,log15_lanes32,shared_generic,18,1,13657583.000,33554432
ntt,log15_lanes32,shared_twiddle,18,1,12775834.000,33554432
ntt,log15_lanes32,reset_only,18,1,373416.000,33554432
ntt,log15_lanes32,prepared_twiddle,18,1,12291791.000,33554432
ntt,log15_lanes32,flock,18,1,11192583.000,33554432
ntt,log15_lanes32,shared_twiddle,19,1,12928917.000,33554432
ntt,log15_lanes32,prepared_twiddle,19,1,12560792.000,33554432
ntt,log15_lanes32,flock,19,1,11017416.000,33554432
ntt,log15_lanes32,shared_generic,19,1,12539291.000,33554432
ntt,log15_lanes32,reset_only,19,1,368000.000,33554432
ntt,log15_lanes32,prepared_twiddle,20,1,12288375.000,33554432
ntt,log15_lanes32,shared_twiddle,20,1,12645000.000,33554432
ntt,log15_lanes32,flock,20,1,11078792.000,33554432
ntt,log15_lanes32,shared_generic,20,1,12516125.000,33554432
ntt,log15_lanes32,reset_only,20,1,369041.000,33554432
ntt,log15_lanes32,prepared_twiddle,21,1,12350042.000,33554432
ntt,log15_lanes32,flock,21,1,11173292.000,33554432
ntt,log15_lanes32,reset_only,21,1,391750.000,33554432
ntt,log15_lanes32,shared_twiddle,21,1,13216250.000,33554432
ntt,log15_lanes32,shared_generic,21,1,12362667.000,33554432
ntt,log15_lanes32,reset_only,22,1,372375.000,33554432
ntt,log15_lanes32,shared_twiddle,22,1,12669584.000,33554432
ntt,log15_lanes32,prepared_twiddle,22,1,12310083.000,33554432
ntt,log15_lanes32,shared_generic,22,1,12531500.000,33554432
ntt,log15_lanes32,flock,22,1,11261208.000,33554432
ntt,log15_lanes32,shared_twiddle,23,1,13062000.000,33554432
ntt,log15_lanes32,flock,23,1,11368250.000,33554432
ntt,log15_lanes32,shared_generic,23,1,12756000.000,33554432
ntt,log15_lanes32,reset_only,23,1,363667.000,33554432
ntt,log15_lanes32,prepared_twiddle,23,1,12779708.000,33554432
ntt,log15_lanes32,reset_only,24,1,371083.000,33554432
ntt,log15_lanes32,prepared_twiddle,24,1,12377708.000,33554432
ntt,log15_lanes32,flock,24,1,11227459.000,33554432
ntt,log15_lanes32,shared_twiddle,24,1,13276750.000,33554432
ntt,log15_lanes32,shared_generic,24,1,12576042.000,33554432
ntt,log15_lanes32,prepared_twiddle,25,1,12366000.000,33554432
ntt,log15_lanes32,shared_twiddle,25,1,12689875.000,33554432
ntt,log15_lanes32,shared_generic,25,1,12471708.000,33554432
ntt,log15_lanes32,flock,25,1,11178750.000,33554432
ntt,log15_lanes32,reset_only,25,1,392042.000,33554432
ntt,log15_lanes32,reset_only,26,1,401833.000,33554432
ntt,log15_lanes32,flock,26,1,11395625.000,33554432
ntt,log15_lanes32,shared_twiddle,26,1,13331417.000,33554432
ntt,log15_lanes32,shared_generic,26,1,12756500.000,33554432
ntt,log15_lanes32,prepared_twiddle,26,1,12829667.000,33554432
ntt,log15_lanes32,prepared_twiddle,27,1,12658667.000,33554432
ntt,log15_lanes32,reset_only,27,1,411000.000,33554432
ntt,log15_lanes32,shared_generic,27,1,12789708.000,33554432
ntt,log15_lanes32,shared_twiddle,27,1,13801959.000,33554432
ntt,log15_lanes32,flock,27,1,11322833.000,33554432
ntt,log15_lanes32,shared_twiddle,28,1,13820750.000,33554432
ntt,log15_lanes32,flock,28,1,11212500.000,33554432
ntt,log15_lanes32,reset_only,28,1,476708.000,33554432
ntt,log15_lanes32,shared_generic,28,1,12661125.000,33554432
ntt,log15_lanes32,prepared_twiddle,28,1,12338667.000,33554432
ntt,log15_lanes32,reset_only,29,1,375167.000,33554432
ntt,log15_lanes32,prepared_twiddle,29,1,12446583.000,33554432
ntt,log15_lanes32,shared_twiddle,29,1,12961833.000,33554432
ntt,log15_lanes32,flock,29,1,11187250.000,33554432
ntt,log15_lanes32,shared_generic,29,1,12667042.000,33554432
ntt,log15_lanes32,shared_generic,30,1,12735167.000,33554432
ntt,log15_lanes32,reset_only,30,1,404834.000,33554432
ntt,log15_lanes32,prepared_twiddle,30,1,12802833.000,33554432
ntt,log15_lanes32,flock,30,1,11438291.000,33554432
ntt,log15_lanes32,shared_twiddle,30,1,12918291.000,33554432
ntt,log15_lanes32,prepared_twiddle,31,1,12389125.000,33554432
ntt,log15_lanes32,flock,31,1,11077917.000,33554432
ntt,log15_lanes32,reset_only,31,1,362833.000,33554432
ntt,log15_lanes32,shared_twiddle,31,1,12836875.000,33554432
ntt,log15_lanes32,shared_generic,31,1,12413750.000,33554432
