family,size,variant,rep,iterations,ns,bytes,allocations,allocated_bytes,correctness
opt_integer_mac,l1_signed16_n1024,products2,0,16384,336.840,16384,0,0,1
opt_integer_mac,l1_signed16_n1024,incumbent,0,16384,338.537,16384,0,0,1
opt_integer_mac,l1_signed16_n1024,deferred_columns,0,16384,329.089,16384,0,0,1
opt_integer_mac,l1_signed16_n1024,circuit_z,0,16384,333.026,16384,0,0,1
opt_integer_mac,l1_signed16_n1024,products4,0,16384,333.272,16384,0,0,1
opt_integer_mac,l1_signed16_n1024,deferred_columns,1,16384,341.011,16384,0,0,1
opt_integer_mac,l1_signed16_n1024,circuit_z,1,16384,335.640,16384,0,0,1
opt_integer_mac,l1_signed16_n1024,products2,1,16384,354.561,16384,0,0,1
opt_integer_mac,l1_signed16_n1024,products4,1,16384,330.940,16384,0,0,1
opt_integer_mac,l1_signed16_n1024,incumbent,1,16384,333.595,16384,0,0,1
opt_integer_mac,l1_signed16_n1024,circuit_z,2,16384,335.068,16384,0,0,1
opt_integer_mac,l1_signed16_n1024,incumbent,2,16384,335.757,16384,0,0,1
opt_integer_mac,l1_signed16_n1024,products2,2,16384,338.038,16384,0,0,1
opt_integer_mac,l1_signed16_n1024,products4,2,16384,349.650,16384,0,0,1
opt_integer_mac,l1_signed16_n1024,deferred_columns,2,16384,332.659,16384,0,0,1
opt_integer_mac,l1_signed16_n1024,products4,3,16384,332.194,16384,0,0,1
opt_integer_mac,l1_signed16_n1024,products2,3,16384,334.409,16384,0,0,1
opt_integer_mac,l1_signed16_n1024,deferred_columns,3,16384,335.103,16384,0,0,1
opt_integer_mac,l1_signed16_n1024,circuit_z,3,16384,328.715,16384,0,0,1
opt_integer_mac,l1_signed16_n1024,incumbent,3,16384,346.502,16384,0,0,1
opt_integer_mac,l1_signed16_n1024,products2,4,16384,335.777,16384,0,0,1
opt_integer_mac,l1_signed16_n1024,deferred_columns,4,16384,333.005,16384,0,0,1
opt_integer_mac,l1_signed16_n1024,products4,4,16384,331.182,16384,0,0,1
opt_integer_mac,l1_signed16_n1024,circuit_z,4,16384,333.837,16384,0,0,1
opt_integer_mac,l1_signed16_n1024,incumbent,4,16384,323.128,16384,0,0,1
opt_integer_mac,l1_signed16_n1024,circuit_z,5,16384,334.768,16384,0,0,1
opt_integer_mac,l1_signed16_n1024,products2,5,16384,334.951,16384,0,0,1
opt_integer_mac,l1_signed16_n1024,products4,5,16384,332.776,16384,0,0,1
opt_integer_mac,l1_signed16_n1024,deferred_columns,5,16384,330.696,16384,0,0,1
opt_integer_mac,l1_signed16_n1024,incumbent,5,16384,335.793,16384,0,0,1
opt_integer_mac,l1_signed16_n1024,products2,6,16384,331.846,16384,0,0,1
opt_integer_mac,l1_signed16_n1024,deferred_columns,6,16384,335.698,16384,0,0,1
opt_integer_mac,l1_signed16_n1024,incumbent,6,16384,333.270,16384,0,0,1
opt_integer_mac,l1_signed16_n1024,products4,6,16384,331.431,16384,0,0,1
opt_integer_mac,l1_signed16_n1024,circuit_z,6,16384,330.826,16384,0,0,1
opt_integer_mac,l1_signed16_n1024,deferred_columns,7,16384,333.458,16384,0,0,1
opt_integer_mac,l1_signed16_n1024,products4,7,16384,332.909,16384,0,0,1
opt_integer_mac,l1_signed16_n1024,circuit_z,7,16384,327.695,16384,0,0,1
opt_integer_mac,l1_signed16_n1024,incumbent,7,16384,339.790,16384,0,0,1
opt_integer_mac,l1_signed16_n1024,products2,7,16384,338.206,16384,0,0,1
opt_integer_mac,l1_signed16_n1024,products4,8,16384,332.746,16384,0,0,1
opt_integer_mac,l1_signed16_n1024,circuit_z,8,16384,328.924,16384,0,0,1
opt_integer_mac,l1_signed16_n1024,deferred_columns,8,16384,332.212,16384,0,0,1
opt_integer_mac,l1_signed16_n1024,incumbent,8,16384,322.566,16384,0,0,1
opt_integer_mac,l1_signed16_n1024,products2,8,16384,333.471,16384,0,0,1
opt_integer_mac,l1_signed16_n1024,products4,9,16384,326.731,16384,0,0,1
opt_integer_mac,l1_signed16_n1024,circuit_z,9,16384,336.232,16384,0,0,1
opt_integer_mac,l1_signed16_n1024,incumbent,9,16384,339.877,16384,0,0,1
opt_integer_mac,l1_signed16_n1024,deferred_columns,9,16384,323.853,16384,0,0,1
opt_integer_mac,l1_signed16_n1024,products2,9,16384,334.391,16384,0,0,1
opt_integer_mac,l1_signed16_n1024,products2,10,16384,336.823,16384,0,0,1
opt_integer_mac,l1_signed16_n1024,circuit_z,10,16384,334.925,16384,0,0,1
opt_integer_mac,l1_signed16_n1024,products4,10,16384,331.769,16384,0,0,1
opt_integer_mac,l1_signed16_n1024,deferred_columns,10,16384,334.508,16384,0,0,1
opt_integer_mac,l1_signed16_n1024,incumbent,10,16384,323.680,16384,0,0,1
opt_integer_mac,l1_signed16_n1024,circuit_z,11,16384,336.497,16384,0,0,1
opt_integer_mac,l1_signed16_n1024,products2,11,16384,340.914,16384,0,0,1
opt_integer_mac,l1_signed16_n1024,incumbent,11,16384,334.427,16384,0,0,1
opt_integer_mac,l1_signed16_n1024,products4,11,16384,330.719,16384,0,0,1
opt_integer_mac,l1_signed16_n1024,deferred_columns,11,16384,331.459,16384,0,0,1
opt_integer_mac,l1_signed16_n1024,deferred_columns,12,16384,339.813,16384,0,0,1
opt_integer_mac,l1_signed16_n1024,products4,12,16384,336.772,16384,0,0,1
opt_integer_mac,l1_signed16_n1024,products2,12,16384,332.507,16384,0,0,1
opt_integer_mac,l1_signed16_n1024,incumbent,12,16384,334.834,16384,0,0,1
opt_integer_mac,l1_signed16_n1024,circuit_z,12,16384,328.697,16384,0,0,1
opt_integer_mac,l1_signed16_n1024,circuit_z,13,16384,347.933,16384,0,0,1
opt_integer_mac,l1_signed16_n1024,products4,13,16384,331.650,16384,0,0,1
opt_integer_mac,l1_signed16_n1024,products2,13,16384,334.424,16384,0,0,1
opt_integer_mac,l1_signed16_n1024,incumbent,13,16384,339.806,16384,0,0,1
opt_integer_mac,l1_signed16_n1024,deferred_columns,13,16384,334.585,16384,0,0,1
opt_integer_mac,l1_signed16_n1024,products2,14,16384,330.531,16384,0,0,1
opt_integer_mac,l1_signed16_n1024,deferred_columns,14,16384,333.244,16384,0,0,1
opt_integer_mac,l1_signed16_n1024,incumbent,14,16384,339.406,16384,0,0,1
opt_integer_mac,l1_signed16_n1024,circuit_z,14,16384,321.454,16384,0,0,1
opt_integer_mac,l1_signed16_n1024,products4,14,16384,329.600,16384,0,0,1
opt_integer_mac,l1_signed16_n1024,deferred_columns,15,16384,335.091,16384,0,0,1
opt_integer_mac,l1_signed16_n1024,products4,15,16384,332.542,16384,0,0,1
opt_integer_mac,l1_signed16_n1024,incumbent,15,16384,334.356,16384,0,0,1
opt_integer_mac,l1_signed16_n1024,products2,15,16384,336.909,16384,0,0,1
opt_integer_mac,l1_signed16_n1024,circuit_z,15,16384,331.228,16384,0,0,1
opt_integer_mac,l1_signed16_n1024,products4,16,16384,339.795,16384,0,0,1
opt_integer_mac,l1_signed16_n1024,incumbent,16,16384,323.764,16384,0,0,1
opt_integer_mac,l1_signed16_n1024,deferred_columns,16,16384,333.580,16384,0,0,1
opt_integer_mac,l1_signed16_n1024,products2,16,16384,337.758,16384,0,0,1
opt_integer_mac,l1_signed16_n1024,circuit_z,16,16384,333.364,16384,0,0,1
opt_integer_mac,l1_signed16_n1024,deferred_columns,17,16384,332.815,16384,0,0,1
opt_integer_mac,l1_signed16_n1024,products4,17,16384,334.429,16384,0,0,1
opt_integer_mac,l1_signed16_n1024,circuit_z,17,16384,329.206,16384,0,0,1
opt_integer_mac,l1_signed16_n1024,products2,17,16384,336.828,16384,0,0,1
opt_integer_mac,l1_signed16_n1024,incumbent,17,16384,338.102,16384,0,0,1
opt_integer_mac,l1_signed16_n1024,circuit_z,18,16384,323.481,16384,0,0,1
opt_integer_mac,l1_signed16_n1024,incumbent,18,16384,339.521,16384,0,0,1
opt_integer_mac,l1_signed16_n1024,products2,18,16384,348.033,16384,0,0,1
opt_integer_mac,l1_signed16_n1024,deferred_columns,18,16384,323.054,16384,0,0,1
opt_integer_mac,l1_signed16_n1024,products4,18,16384,331.174,16384,0,0,1
opt_integer_mac,l1_signed16_n1024,products4,19,16384,332.403,16384,0,0,1
opt_integer_mac,l1_signed16_n1024,products2,19,16384,340.932,16384,0,0,1
opt_integer_mac,l1_signed16_n1024,circuit_z,19,16384,335.032,16384,0,0,1
opt_integer_mac,l1_signed16_n1024,deferred_columns,19,16384,333.801,16384,0,0,1
opt_integer_mac,l1_signed16_n1024,incumbent,19,16384,329.913,16384,0,0,1
opt_integer_mac,l1_signed16_n1024,deferred_columns,20,16384,329.753,16384,0,0,1
opt_integer_mac,l1_signed16_n1024,incumbent,20,16384,340.284,16384,0,0,1
opt_integer_mac,l1_signed16_n1024,products4,20,16384,322.533,16384,0,0,1
opt_integer_mac,l1_signed16_n1024,circuit_z,20,16384,338.104,16384,0,0,1
opt_integer_mac,l1_signed16_n1024,products2,20,16384,338.560,16384,0,0,1
opt_integer_mac,l1_signed16_n1024,products2,21,16384,334.587,16384,0,0,1
opt_integer_mac,l1_signed16_n1024,products4,21,16384,330.755,16384,0,0,1
opt_integer_mac,l1_signed16_n1024,circuit_z,21,16384,333.903,16384,0,0,1
opt_integer_mac,l1_signed16_n1024,deferred_columns,21,16384,336.294,16384,0,0,1
opt_integer_mac,l1_signed16_n1024,incumbent,21,16384,334.818,16384,0,0,1
opt_integer_mac,l1_signed16_n1024,products2,22,16384,345.655,16384,0,0,1
opt_integer_mac,l1_signed16_n1024,products4,22,16384,333.143,16384,0,0,1
opt_integer_mac,l1_signed16_n1024,incumbent,22,16384,332.995,16384,0,0,1
opt_integer_mac,l1_signed16_n1024,deferred_columns,22,16384,333.199,16384,0,0,1
opt_integer_mac,l1_signed16_n1024,circuit_z,22,16384,335.187,16384,0,0,1
opt_integer_mac,l1_signed16_n1024,circuit_z,23,16384,334.048,16384,0,0,1
opt_integer_mac,l1_signed16_n1024,products4,23,16384,335.922,16384,0,0,1
opt_integer_mac,l1_signed16_n1024,products2,23,16384,334.295,16384,0,0,1
opt_integer_mac,l1_signed16_n1024,deferred_columns,23,16384,328.458,16384,0,0,1
opt_integer_mac,l1_signed16_n1024,incumbent,23,16384,335.172,16384,0,0,1
opt_integer_mac,l1_signed16_n1024,products4,24,16384,337.311,16384,0,0,1
opt_integer_mac,l1_signed16_n1024,products2,24,16384,338.712,16384,0,0,1
opt_integer_mac,l1_signed16_n1024,incumbent,24,16384,341.039,16384,0,0,1
opt_integer_mac,l1_signed16_n1024,deferred_columns,24,16384,321.668,16384,0,0,1
opt_integer_mac,l1_signed16_n1024,circuit_z,24,16384,328.682,16384,0,0,1
opt_integer_mac,l1_signed16_n1024,products2,25,16384,338.056,16384,0,0,1
opt_integer_mac,l1_signed16_n1024,deferred_columns,25,16384,336.606,16384,0,0,1
opt_integer_mac,l1_signed16_n1024,incumbent,25,16384,335.655,16384,0,0,1
opt_integer_mac,l1_signed16_n1024,circuit_z,25,16384,331.380,16384,0,0,1
opt_integer_mac,l1_signed16_n1024,products4,25,16384,331.835,16384,0,0,1
opt_integer_mac,l1_signed16_n1024,circuit_z,26,16384,325.963,16384,0,0,1
opt_integer_mac,l1_signed16_n1024,incumbent,26,16384,337.486,16384,0,0,1
opt_integer_mac,l1_signed16_n1024,products2,26,16384,340.836,16384,0,0,1
opt_integer_mac,l1_signed16_n1024,deferred_columns,26,16384,335.884,16384,0,0,1
opt_integer_mac,l1_signed16_n1024,products4,26,16384,336.642,16384,0,0,1
opt_integer_mac,l1_signed16_n1024,products2,27,16384,337.784,16384,0,0,1
opt_integer_mac,l1_signed16_n1024,incumbent,27,16384,334.859,16384,0,0,1
opt_integer_mac,l1_signed16_n1024,circuit_z,27,16384,322.034,16384,0,0,1
opt_integer_mac,l1_signed16_n1024,products4,27,16384,336.352,16384,0,0,1
opt_integer_mac,l1_signed16_n1024,deferred_columns,27,16384,333.262,16384,0,0,1
opt_integer_mac,l1_signed16_n1024,incumbent,28,16384,343.277,16384,0,0,1
opt_integer_mac,l1_signed16_n1024,deferred_columns,28,16384,340.795,16384,0,0,1
opt_integer_mac,l1_signed16_n1024,circuit_z,28,16384,329.633,16384,0,0,1
opt_integer_mac,l1_signed16_n1024,products4,28,16384,330.765,16384,0,0,1
opt_integer_mac,l1_signed16_n1024,products2,28,16384,335.396,16384,0,0,1
opt_integer_mac,l1_signed16_n1024,incumbent,29,16384,326.358,16384,0,0,1
opt_integer_mac,l1_signed16_n1024,circuit_z,29,16384,331.721,16384,0,0,1
opt_integer_mac,l1_signed16_n1024,products2,29,16384,332.644,16384,0,0,1
opt_integer_mac,l1_signed16_n1024,deferred_columns,29,16384,333.761,16384,0,0,1
opt_integer_mac,l1_signed16_n1024,products4,29,16384,330.424,16384,0,0,1
opt_integer_mac,l1_signed16_n1024,products2,30,16384,338.257,16384,0,0,1
opt_integer_mac,l1_signed16_n1024,circuit_z,30,16384,331.937,16384,0,0,1
opt_integer_mac,l1_signed16_n1024,products4,30,16384,334.719,16384,0,0,1
opt_integer_mac,l1_signed16_n1024,incumbent,30,16384,341.011,16384,0,0,1
opt_integer_mac,l1_signed16_n1024,deferred_columns,30,16384,333.211,16384,0,0,1
opt_integer_mac,l1_signed16_n1024,incumbent,31,16384,331.558,16384,0,0,1
opt_integer_mac,l1_signed16_n1024,deferred_columns,31,16384,331.421,16384,0,0,1
opt_integer_mac,l1_signed16_n1024,products4,31,16384,322.861,16384,0,0,1
opt_integer_mac,l1_signed16_n1024,products2,31,16384,334.325,16384,0,0,1
opt_integer_mac,l1_signed16_n1024,circuit_z,31,16384,337.293,16384,0,0,1
opt_integer_mac,l1_signed16_n1024,deferred_columns,32,16384,337.542,16384,0,0,1
opt_integer_mac,l1_signed16_n1024,products2,32,16384,342.168,16384,0,0,1
opt_integer_mac,l1_signed16_n1024,products4,32,16384,336.220,16384,0,0,1
opt_integer_mac,l1_signed16_n1024,circuit_z,32,16384,359.711,16384,0,0,1
opt_integer_mac,l1_signed16_n1024,incumbent,32,16384,328.161,16384,0,0,1
opt_integer_mac,l1_signed16_n1024,products2,33,16384,336.970,16384,0,0,1
opt_integer_mac,l1_signed16_n1024,products4,33,16384,328.982,16384,0,0,1
opt_integer_mac,l1_signed16_n1024,deferred_columns,33,16384,335.734,16384,0,0,1
opt_integer_mac,l1_signed16_n1024,circuit_z,33,16384,338.788,16384,0,0,1
opt_integer_mac,l1_signed16_n1024,incumbent,33,16384,332.273,16384,0,0,1
opt_integer_mac,l1_signed16_n1024,products2,34,16384,336.075,16384,0,0,1
opt_integer_mac,l1_signed16_n1024,circuit_z,34,16384,342.369,16384,0,0,1
opt_integer_mac,l1_signed16_n1024,products4,34,16384,329.201,16384,0,0,1
opt_integer_mac,l1_signed16_n1024,incumbent,34,16384,332.916,16384,0,0,1
opt_integer_mac,l1_signed16_n1024,deferred_columns,34,16384,338.509,16384,0,0,1
opt_integer_mac,l1_signed16_n1024,products4,35,16384,335.889,16384,0,0,1
opt_integer_mac,l1_signed16_n1024,products2,35,16384,334.078,16384,0,0,1
opt_integer_mac,l1_signed16_n1024,deferred_columns,35,16384,342.341,16384,0,0,1
opt_integer_mac,l1_signed16_n1024,circuit_z,35,16384,335.876,16384,0,0,1
opt_integer_mac,l1_signed16_n1024,incumbent,35,16384,334.513,16384,0,0,1
opt_integer_mac,l1_signed16_n1024,incumbent,36,16384,339.404,16384,0,0,1
opt_integer_mac,l1_signed16_n1024,products4,36,16384,334.206,16384,0,0,1
opt_integer_mac,l1_signed16_n1024,circuit_z,36,16384,341.789,16384,0,0,1
opt_integer_mac,l1_signed16_n1024,products2,36,16384,346.191,16384,0,0,1
opt_integer_mac,l1_signed16_n1024,deferred_columns,36,16384,334.976,16384,0,0,1
opt_integer_mac,l1_signed16_n1024,deferred_columns,37,16384,325.012,16384,0,0,1
opt_integer_mac,l1_signed16_n1024,products2,37,16384,341.479,16384,0,0,1
opt_integer_mac,l1_signed16_n1024,incumbent,37,16384,330.739,16384,0,0,1
opt_integer_mac,l1_signed16_n1024,circuit_z,37,16384,330.739,16384,0,0,1
opt_integer_mac,l1_signed16_n1024,products4,37,16384,332.680,16384,0,0,1
opt_integer_mac,l1_signed16_n1024,products2,38,16384,333.252,16384,0,0,1
opt_integer_mac,l1_signed16_n1024,deferred_columns,38,16384,332.212,16384,0,0,1
opt_integer_mac,l1_signed16_n1024,circuit_z,38,16384,330.612,16384,0,0,1
opt_integer_mac,l1_signed16_n1024,products4,38,16384,333.010,16384,0,0,1
opt_integer_mac,l1_signed16_n1024,incumbent,38,16384,334.653,16384,0,0,1
opt_integer_mac,l1_signed16_n1024,circuit_z,39,16384,354.983,16384,0,0,1
opt_integer_mac,l1_signed16_n1024,incumbent,39,16384,336.085,16384,0,0,1
opt_integer_mac,l1_signed16_n1024,deferred_columns,39,16384,337.514,16384,0,0,1
opt_integer_mac,l1_signed16_n1024,products4,39,16384,334.254,16384,0,0,1
opt_integer_mac,l1_signed16_n1024,products2,39,16384,336.332,16384,0,0,1
opt_integer_mac,l1_signed16_n1024,incumbent,40,16384,350.154,16384,0,0,1
opt_integer_mac,l1_signed16_n1024,products2,40,16384,336.156,16384,0,0,1
opt_integer_mac,l1_signed16_n1024,products4,40,16384,321.760,16384,0,0,1
opt_integer_mac,l1_signed16_n1024,circuit_z,40,16384,333.972,16384,0,0,1
opt_integer_mac,l1_signed16_n1024,deferred_columns,40,16384,338.079,16384,0,0,1
opt_integer_mac,l1_signed16_n1024,deferred_columns,41,16384,342.290,16384,0,0,1
opt_integer_mac,l1_signed16_n1024,incumbent,41,16384,341.349,16384,0,0,1
opt_integer_mac,l1_signed16_n1024,products2,41,16384,338.107,16384,0,0,1
opt_integer_mac,l1_signed16_n1024,products4,41,16384,324.125,16384,0,0,1
opt_integer_mac,l1_signed16_n1024,circuit_z,41,16384,331.401,16384,0,0,1
opt_integer_mac,l1_signed16_n1024,deferred_columns,42,16384,344.053,16384,0,0,1
opt_integer_mac,l1_signed16_n1024,circuit_z,42,16384,333.944,16384,0,0,1
opt_integer_mac,l1_signed16_n1024,incumbent,42,16384,335.009,16384,0,0,1
opt_integer_mac,l1_signed16_n1024,products4,42,16384,338.875,16384,0,0,1
opt_integer_mac,l1_signed16_n1024,products2,42,16384,325.996,16384,0,0,1
opt_integer_mac,l1_signed16_n1024,incumbent,43,16384,339.272,16384,0,0,1
opt_integer_mac,l1_signed16_n1024,circuit_z,43,16384,332.654,16384,0,0,1
opt_integer_mac,l1_signed16_n1024,products2,43,16384,341.497,16384,0,0,1
opt_integer_mac,l1_signed16_n1024,deferred_columns,43,16384,323.095,16384,0,0,1
opt_integer_mac,l1_signed16_n1024,products4,43,16384,338.758,16384,0,0,1
opt_integer_mac,l1_signed16_n1024,circuit_z,44,16384,327.792,16384,0,0,1
opt_integer_mac,l1_signed16_n1024,products2,44,16384,332.809,16384,0,0,1
opt_integer_mac,l1_signed16_n1024,incumbent,44,16384,331.451,16384,0,0,1
opt_integer_mac,l1_signed16_n1024,products4,44,16384,327.850,16384,0,0,1
opt_integer_mac,l1_signed16_n1024,deferred_columns,44,16384,346.100,16384,0,0,1
opt_integer_mac,l1_signed16_n1024,products2,45,16384,330.940,16384,0,0,1
opt_integer_mac,l1_signed16_n1024,circuit_z,45,16384,328.700,16384,0,0,1
opt_integer_mac,l1_signed16_n1024,deferred_columns,45,16384,331.523,16384,0,0,1
opt_integer_mac,l1_signed16_n1024,products4,45,16384,333.623,16384,0,0,1
opt_integer_mac,l1_signed16_n1024,incumbent,45,16384,336.202,16384,0,0,1
opt_integer_mac,l1_signed16_n1024,products2,46,16384,336.599,16384,0,0,1
opt_integer_mac,l1_signed16_n1024,products4,46,16384,337.313,16384,0,0,1
opt_integer_mac,l1_signed16_n1024,circuit_z,46,16384,329.384,16384,0,0,1
opt_integer_mac,l1_signed16_n1024,incumbent,46,16384,332.179,16384,0,0,1
opt_integer_mac,l1_signed16_n1024,deferred_columns,46,16384,331.047,16384,0,0,1
opt_integer_mac,l1_signed16_n1024,products4,47,16384,329.905,16384,0,0,1
opt_integer_mac,l1_signed16_n1024,circuit_z,47,16384,339.826,16384,0,0,1
opt_integer_mac,l1_signed16_n1024,products2,47,16384,330.233,16384,0,0,1
opt_integer_mac,l1_signed16_n1024,incumbent,47,16384,332.522,16384,0,0,1
opt_integer_mac,l1_signed16_n1024,deferred_columns,47,16384,331.922,16384,0,0,1
opt_integer_mac,l1_signed16_n1024,incumbent,48,16384,329.447,16384,0,0,1
opt_integer_mac,l1_signed16_n1024,deferred_columns,48,16384,327.891,16384,0,0,1
opt_integer_mac,l1_signed16_n1024,circuit_z,48,16384,333.145,16384,0,0,1
opt_integer_mac,l1_signed16_n1024,products4,48,16384,332.904,16384,0,0,1
opt_integer_mac,l1_signed16_n1024,products2,48,16384,339.587,16384,0,0,1
opt_integer_mac,l1_signed16_n1024,products4,49,16384,328.896,16384,0,0,1
opt_integer_mac,l1_signed16_n1024,incumbent,49,16384,339.874,16384,0,0,1
opt_integer_mac,l1_signed16_n1024,circuit_z,49,16384,337.560,16384,0,0,1
opt_integer_mac,l1_signed16_n1024,products2,49,16384,346.430,16384,0,0,1
opt_integer_mac,l1_signed16_n1024,deferred_columns,49,16384,336.861,16384,0,0,1
opt_integer_mac,l1_signed16_n1024,products4,50,16384,338.827,16384,0,0,1
opt_integer_mac,l1_signed16_n1024,deferred_columns,50,16384,329.875,16384,0,0,1
opt_integer_mac,l1_signed16_n1024,products2,50,16384,339.905,16384,0,0,1
opt_integer_mac,l1_signed16_n1024,incumbent,50,16384,346.006,16384,0,0,1
opt_integer_mac,l1_signed16_n1024,circuit_z,50,16384,328.102,16384,0,0,1
opt_integer_mac,l1_signed16_n1024,deferred_columns,51,16384,338.046,16384,0,0,1
opt_integer_mac,l1_signed16_n1024,circuit_z,51,16384,336.751,16384,0,0,1
opt_integer_mac,l1_signed16_n1024,products4,51,16384,336.535,16384,0,0,1
opt_integer_mac,l1_signed16_n1024,products2,51,16384,331.589,16384,0,0,1
opt_integer_mac,l1_signed16_n1024,incumbent,51,16384,346.756,16384,0,0,1
opt_integer_mac,l1_signed16_n1024,circuit_z,52,16384,328.150,16384,0,0,1
opt_integer_mac,l1_signed16_n1024,deferred_columns,52,16384,339.953,16384,0,0,1
opt_integer_mac,l1_signed16_n1024,incumbent,52,16384,332.553,16384,0,0,1
opt_integer_mac,l1_signed16_n1024,products2,52,16384,337.064,16384,0,0,1
opt_integer_mac,l1_signed16_n1024,products4,52,16384,336.642,16384,0,0,1
opt_integer_mac,l1_signed16_n1024,deferred_columns,53,16384,335.340,16384,0,0,1
opt_integer_mac,l1_signed16_n1024,products2,53,16384,325.503,16384,0,0,1
opt_integer_mac,l1_signed16_n1024,circuit_z,53,16384,337.975,16384,0,0,1
opt_integer_mac,l1_signed16_n1024,products4,53,16384,332.766,16384,0,0,1
opt_integer_mac,l1_signed16_n1024,incumbent,53,16384,333.969,16384,0,0,1
opt_integer_mac,l1_signed16_n1024,products2,54,16384,334.997,16384,0,0,1
opt_integer_mac,l1_signed16_n1024,circuit_z,54,16384,344.142,16384,0,0,1
opt_integer_mac,l1_signed16_n1024,incumbent,54,16384,328.458,16384,0,0,1
opt_integer_mac,l1_signed16_n1024,products4,54,16384,334.951,16384,0,0,1
opt_integer_mac,l1_signed16_n1024,deferred_columns,54,16384,333.402,16384,0,0,1
opt_integer_mac,l1_signed16_n1024,deferred_columns,55,16384,334.160,16384,0,0,1
opt_integer_mac,l1_signed16_n1024,incumbent,55,16384,340.591,16384,0,0,1
opt_integer_mac,l1_signed16_n1024,circuit_z,55,16384,335.879,16384,0,0,1
opt_integer_mac,l1_signed16_n1024,products2,55,16384,345.039,16384,0,0,1
opt_integer_mac,l1_signed16_n1024,products4,55,16384,334.997,16384,0,0,1
opt_integer_mac,l1_signed16_n1024,products2,56,16384,331.441,16384,0,0,1
opt_integer_mac,l1_signed16_n1024,incumbent,56,16384,335.912,16384,0,0,1
opt_integer_mac,l1_signed16_n1024,circuit_z,56,16384,331.754,16384,0,0,1
opt_integer_mac,l1_signed16_n1024,products4,56,16384,331.711,16384,0,0,1
opt_integer_mac,l1_signed16_n1024,deferred_columns,56,16384,339.511,16384,0,0,1
opt_integer_mac,l1_signed16_n1024,circuit_z,57,16384,327.499,16384,0,0,1
opt_integer_mac,l1_signed16_n1024,deferred_columns,57,16384,334.259,16384,0,0,1
opt_integer_mac,l1_signed16_n1024,incumbent,57,16384,329.531,16384,0,0,1
opt_integer_mac,l1_signed16_n1024,products2,57,16384,337.440,16384,0,0,1
opt_integer_mac,l1_signed16_n1024,products4,57,16384,330.503,16384,0,0,1
opt_integer_mac,l1_signed16_n1024,incumbent,58,16384,339.378,16384,0,0,1
opt_integer_mac,l1_signed16_n1024,products2,58,16384,333.214,16384,0,0,1
opt_integer_mac,l1_signed16_n1024,circuit_z,58,16384,335.304,16384,0,0,1
opt_integer_mac,l1_signed16_n1024,products4,58,16384,330.205,16384,0,0,1
opt_integer_mac,l1_signed16_n1024,deferred_columns,58,16384,333.712,16384,0,0,1
opt_integer_mac,l1_signed16_n1024,incumbent,59,16384,339.101,16384,0,0,1
opt_integer_mac,l1_signed16_n1024,products4,59,16384,333.684,16384,0,0,1
opt_integer_mac,l1_signed16_n1024,products2,59,16384,342.717,16384,0,0,1
opt_integer_mac,l1_signed16_n1024,deferred_columns,59,16384,335.691,16384,0,0,1
opt_integer_mac,l1_signed16_n1024,circuit_z,59,16384,337.926,16384,0,0,1
opt_integer_mac,l1_signed16_n1024,products4,60,16384,329.753,16384,0,0,1
opt_integer_mac,l1_signed16_n1024,incumbent,60,16384,342.120,16384,0,0,1
opt_integer_mac,l1_signed16_n1024,circuit_z,60,16384,337.227,16384,0,0,1
opt_integer_mac,l1_signed16_n1024,products2,60,16384,325.663,16384,0,0,1
opt_integer_mac,l1_signed16_n1024,deferred_columns,60,16384,325.668,16384,0,0,1
opt_integer_mac,l1_signed16_n1024,products4,61,16384,339.279,16384,0,0,1
opt_integer_mac,l1_signed16_n1024,deferred_columns,61,16384,340.146,16384,0,0,1
opt_integer_mac,l1_signed16_n1024,incumbent,61,16384,323.769,16384,0,0,1
opt_integer_mac,l1_signed16_n1024,products2,61,16384,340.838,16384,0,0,1
opt_integer_mac,l1_signed16_n1024,circuit_z,61,16384,333.761,16384,0,0,1
opt_integer_mac,l1_signed16_n1024,incumbent,62,16384,337.720,16384,0,0,1
opt_integer_mac,l1_signed16_n1024,products4,62,16384,332.156,16384,0,0,1
opt_integer_mac,l1_signed16_n1024,products2,62,16384,336.914,16384,0,0,1
opt_integer_mac,l1_signed16_n1024,deferred_columns,62,16384,338.120,16384,0,0,1
opt_integer_mac,l1_signed16_n1024,circuit_z,62,16384,331.998,16384,0,0,1
opt_integer_mac,l1_signed16_n1024,incumbent,63,16384,344.709,16384,0,0,1
opt_integer_mac,l1_signed16_n1024,products2,63,16384,342.351,16384,0,0,1
opt_integer_mac,l1_signed16_n1024,deferred_columns,63,16384,337.209,16384,0,0,1
opt_integer_mac,l1_signed16_n1024,circuit_z,63,16384,332.072,16384,0,0,1
opt_integer_mac,l1_signed16_n1024,products4,63,16384,340.683,16384,0,0,1
opt_integer_mac,l1_full_n1024,incumbent,0,16384,337.835,16384,0,0,1
opt_integer_mac,l1_full_n1024,deferred_columns,0,16384,334.173,16384,0,0,1
opt_integer_mac,l1_full_n1024,circuit_z,0,16384,330.681,16384,0,0,1
opt_integer_mac,l1_full_n1024,products2,0,16384,344.012,16384,0,0,1
opt_integer_mac,l1_full_n1024,products4,0,16384,333.071,16384,0,0,1
opt_integer_mac,l1_full_n1024,incumbent,1,16384,337.552,16384,0,0,1
opt_integer_mac,l1_full_n1024,products2,1,16384,342.382,16384,0,0,1
opt_integer_mac,l1_full_n1024,circuit_z,1,16384,334.435,16384,0,0,1
opt_integer_mac,l1_full_n1024,products4,1,16384,330.343,16384,0,0,1
opt_integer_mac,l1_full_n1024,deferred_columns,1,16384,344.610,16384,0,0,1
opt_integer_mac,l1_full_n1024,products4,2,16384,335.533,16384,0,0,1
opt_integer_mac,l1_full_n1024,circuit_z,2,16384,326.828,16384,0,0,1
opt_integer_mac,l1_full_n1024,incumbent,2,16384,337.410,16384,0,0,1
opt_integer_mac,l1_full_n1024,products2,2,16384,337.608,16384,0,0,1
opt_integer_mac,l1_full_n1024,deferred_columns,2,16384,332.085,16384,0,0,1
opt_integer_mac,l1_full_n1024,circuit_z,3,16384,332.166,16384,0,0,1
opt_integer_mac,l1_full_n1024,deferred_columns,3,16384,325.658,16384,0,0,1
opt_integer_mac,l1_full_n1024,products2,3,16384,338.783,16384,0,0,1
opt_integer_mac,l1_full_n1024,incumbent,3,16384,336.090,16384,0,0,1
opt_integer_mac,l1_full_n1024,products4,3,16384,331.073,16384,0,0,1
opt_integer_mac,l1_full_n1024,deferred_columns,4,16384,331.070,16384,0,0,1
opt_integer_mac,l1_full_n1024,circuit_z,4,16384,331.245,16384,0,0,1
opt_integer_mac,l1_full_n1024,products2,4,16384,333.094,16384,0,0,1
opt_integer_mac,l1_full_n1024,products4,4,16384,333.321,16384,0,0,1
opt_integer_mac,l1_full_n1024,incumbent,4,16384,339.251,16384,0,0,1
opt_integer_mac,l1_full_n1024,incumbent,5,16384,333.656,16384,0,0,1
opt_integer_mac,l1_full_n1024,products4,5,16384,338.430,16384,0,0,1
opt_integer_mac,l1_full_n1024,circuit_z,5,16384,346.219,16384,0,0,1
opt_integer_mac,l1_full_n1024,deferred_columns,5,16384,325.376,16384,0,0,1
opt_integer_mac,l1_full_n1024,products2,5,16384,340.505,16384,0,0,1
opt_integer_mac,l1_full_n1024,products4,6,16384,335.312,16384,0,0,1
opt_integer_mac,l1_full_n1024,incumbent,6,16384,330.818,16384,0,0,1
opt_integer_mac,l1_full_n1024,deferred_columns,6,16384,329.096,16384,0,0,1
opt_integer_mac,l1_full_n1024,circuit_z,6,16384,330.719,16384,0,0,1
opt_integer_mac,l1_full_n1024,products2,6,16384,348.635,16384,0,0,1
opt_integer_mac,l1_full_n1024,products4,7,16384,322.283,16384,0,0,1
opt_integer_mac,l1_full_n1024,circuit_z,7,16384,332.779,16384,0,0,1
opt_integer_mac,l1_full_n1024,incumbent,7,16384,331.729,16384,0,0,1
opt_integer_mac,l1_full_n1024,products2,7,16384,338.613,16384,0,0,1
opt_integer_mac,l1_full_n1024,deferred_columns,7,16384,337.222,16384,0,0,1
opt_integer_mac,l1_full_n1024,products4,8,16384,342.641,16384,0,0,1
opt_integer_mac,l1_full_n1024,circuit_z,8,16384,336.665,16384,0,0,1
opt_integer_mac,l1_full_n1024,products2,8,16384,340.663,16384,0,0,1
opt_integer_mac,l1_full_n1024,deferred_columns,8,16384,322.927,16384,0,0,1
opt_integer_mac,l1_full_n1024,incumbent,8,16384,334.844,16384,0,0,1
opt_integer_mac,l1_full_n1024,products4,9,16384,323.021,16384,0,0,1
opt_integer_mac,l1_full_n1024,incumbent,9,16384,339.221,16384,0,0,1
opt_integer_mac,l1_full_n1024,products2,9,16384,334.407,16384,0,0,1
opt_integer_mac,l1_full_n1024,circuit_z,9,16384,335.281,16384,0,0,1
opt_integer_mac,l1_full_n1024,deferred_columns,9,16384,326.683,16384,0,0,1
opt_integer_mac,l1_full_n1024,products4,10,16384,332.601,16384,0,0,1
opt_integer_mac,l1_full_n1024,incumbent,10,16384,338.974,16384,0,0,1
opt_integer_mac,l1_full_n1024,deferred_columns,10,16384,321.879,16384,0,0,1
opt_integer_mac,l1_full_n1024,products2,10,16384,339.274,16384,0,0,1
opt_integer_mac,l1_full_n1024,circuit_z,10,16384,324.656,16384,0,0,1
opt_integer_mac,l1_full_n1024,circuit_z,11,16384,334.127,16384,0,0,1
opt_integer_mac,l1_full_n1024,incumbent,11,16384,331.324,16384,0,0,1
opt_integer_mac,l1_full_n1024,deferred_columns,11,16384,332.344,16384,0,0,1
opt_integer_mac,l1_full_n1024,products2,11,16384,334.173,16384,0,0,1
opt_integer_mac,l1_full_n1024,products4,11,16384,344.020,16384,0,0,1
opt_integer_mac,l1_full_n1024,deferred_columns,12,16384,334.521,16384,0,0,1
opt_integer_mac,l1_full_n1024,circuit_z,12,16384,344.111,16384,0,0,1
opt_integer_mac,l1_full_n1024,products2,12,16384,333.982,16384,0,0,1
opt_integer_mac,l1_full_n1024,incumbent,12,16384,333.733,16384,0,0,1
opt_integer_mac,l1_full_n1024,products4,12,16384,332.034,16384,0,0,1
opt_integer_mac,l1_full_n1024,products4,13,16384,341.899,16384,0,0,1
opt_integer_mac,l1_full_n1024,circuit_z,13,16384,332.339,16384,0,0,1
opt_integer_mac,l1_full_n1024,incumbent,13,16384,333.590,16384,0,0,1
opt_integer_mac,l1_full_n1024,deferred_columns,13,16384,330.060,16384,0,0,1
opt_integer_mac,l1_full_n1024,products2,13,16384,337.791,16384,0,0,1
opt_integer_mac,l1_full_n1024,incumbent,14,16384,331.563,16384,0,0,1
opt_integer_mac,l1_full_n1024,products4,14,16384,333.906,16384,0,0,1
opt_integer_mac,l1_full_n1024,deferred_columns,14,16384,346.588,16384,0,0,1
opt_integer_mac,l1_full_n1024,products2,14,16384,335.602,16384,0,0,1
opt_integer_mac,l1_full_n1024,circuit_z,14,16384,332.369,16384,0,0,1
opt_integer_mac,l1_full_n1024,deferred_columns,15,16384,333.659,16384,0,0,1
opt_integer_mac,l1_full_n1024,products2,15,16384,334.223,16384,0,0,1
opt_integer_mac,l1_full_n1024,products4,15,16384,333.557,16384,0,0,1
opt_integer_mac,l1_full_n1024,incumbent,15,16384,342.010,16384,0,0,1
opt_integer_mac,l1_full_n1024,circuit_z,15,16384,334.854,16384,0,0,1
opt_integer_mac,l1_full_n1024,products4,16,16384,335.505,16384,0,0,1
opt_integer_mac,l1_full_n1024,products2,16,16384,337.802,16384,0,0,1
opt_integer_mac,l1_full_n1024,circuit_z,16,16384,340.047,16384,0,0,1
opt_integer_mac,l1_full_n1024,deferred_columns,16,16384,331.754,16384,0,0,1
opt_integer_mac,l1_full_n1024,incumbent,16,16384,330.368,16384,0,0,1
opt_integer_mac,l1_full_n1024,incumbent,17,16384,336.807,16384,0,0,1
opt_integer_mac,l1_full_n1024,deferred_columns,17,16384,330.442,16384,0,0,1
opt_integer_mac,l1_full_n1024,circuit_z,17,16384,334.170,16384,0,0,1
opt_integer_mac,l1_full_n1024,products2,17,16384,340.050,16384,0,0,1
opt_integer_mac,l1_full_n1024,products4,17,16384,336.517,16384,0,0,1
opt_integer_mac,l1_full_n1024,deferred_columns,18,16384,332.990,16384,0,0,1
opt_integer_mac,l1_full_n1024,products4,18,16384,335.208,16384,0,0,1
opt_integer_mac,l1_full_n1024,circuit_z,18,16384,330.737,16384,0,0,1
opt_integer_mac,l1_full_n1024,incumbent,18,16384,330.498,16384,0,0,1
opt_integer_mac,l1_full_n1024,products2,18,16384,337.535,16384,0,0,1
opt_integer_mac,l1_full_n1024,circuit_z,19,16384,339.307,16384,0,0,1
opt_integer_mac,l1_full_n1024,incumbent,19,16384,341.825,16384,0,0,1
opt_integer_mac,l1_full_n1024,products2,19,16384,336.594,16384,0,0,1
opt_integer_mac,l1_full_n1024,deferred_columns,19,16384,322.347,16384,0,0,1
opt_integer_mac,l1_full_n1024,products4,19,16384,327.510,16384,0,0,1
opt_integer_mac,l1_full_n1024,incumbent,20,16384,334.167,16384,0,0,1
opt_integer_mac,l1_full_n1024,circuit_z,20,16384,340.925,16384,0,0,1
opt_integer_mac,l1_full_n1024,deferred_columns,20,16384,326.047,16384,0,0,1
opt_integer_mac,l1_full_n1024,products2,20,16384,336.128,16384,0,0,1
opt_integer_mac,l1_full_n1024,products4,20,16384,327.377,16384,0,0,1
opt_integer_mac,l1_full_n1024,incumbent,21,16384,334.221,16384,0,0,1
opt_integer_mac,l1_full_n1024,products4,21,16384,331.802,16384,0,0,1
opt_integer_mac,l1_full_n1024,circuit_z,21,16384,329.114,16384,0,0,1
opt_integer_mac,l1_full_n1024,products2,21,16384,342.033,16384,0,0,1
opt_integer_mac,l1_full_n1024,deferred_columns,21,16384,331.683,16384,0,0,1
opt_integer_mac,l1_full_n1024,deferred_columns,22,16384,324.397,16384,0,0,1
opt_integer_mac,l1_full_n1024,products4,22,16384,332.263,16384,0,0,1
opt_integer_mac,l1_full_n1024,incumbent,22,16384,335.981,16384,0,0,1
opt_integer_mac,l1_full_n1024,products2,22,16384,333.054,16384,0,0,1
opt_integer_mac,l1_full_n1024,circuit_z,22,16384,344.322,16384,0,0,1
opt_integer_mac,l1_full_n1024,deferred_columns,23,16384,322.594,16384,0,0,1
opt_integer_mac,l1_full_n1024,circuit_z,23,16384,334.923,16384,0,0,1
opt_integer_mac,l1_full_n1024,products4,23,16384,333.649,16384,0,0,1
opt_integer_mac,l1_full_n1024,products2,23,16384,337.336,16384,0,0,1
opt_integer_mac,l1_full_n1024,incumbent,23,16384,330.854,16384,0,0,1
opt_integer_mac,l1_full_n1024,products2,24,16384,343.595,16384,0,0,1
opt_integer_mac,l1_full_n1024,circuit_z,24,16384,335.604,16384,0,0,1
opt_integer_mac,l1_full_n1024,deferred_columns,24,16384,329.234,16384,0,0,1
opt_integer_mac,l1_full_n1024,products4,24,16384,332.021,16384,0,0,1
opt_integer_mac,l1_full_n1024,incumbent,24,16384,341.197,16384,0,0,1
opt_integer_mac,l1_full_n1024,deferred_columns,25,16384,323.405,16384,0,0,1
opt_integer_mac,l1_full_n1024,incumbent,25,16384,337.374,16384,0,0,1
opt_integer_mac,l1_full_n1024,circuit_z,25,16384,333.628,16384,0,0,1
opt_integer_mac,l1_full_n1024,products2,25,16384,333.163,16384,0,0,1
opt_integer_mac,l1_full_n1024,products4,25,16384,330.050,16384,0,0,1
opt_integer_mac,l1_full_n1024,products2,26,16384,337.453,16384,0,0,1
opt_integer_mac,l1_full_n1024,products4,26,16384,328.150,16384,0,0,1
opt_integer_mac,l1_full_n1024,circuit_z,26,16384,339.022,16384,0,0,1
opt_integer_mac,l1_full_n1024,deferred_columns,26,16384,321.551,16384,0,0,1
opt_integer_mac,l1_full_n1024,incumbent,26,16384,331.779,16384,0,0,1
opt_integer_mac,l1_full_n1024,incumbent,27,16384,332.227,16384,0,0,1
opt_integer_mac,l1_full_n1024,products2,27,16384,335.732,16384,0,0,1
opt_integer_mac,l1_full_n1024,circuit_z,27,16384,331.276,16384,0,0,1
opt_integer_mac,l1_full_n1024,deferred_columns,27,16384,337.939,16384,0,0,1
opt_integer_mac,l1_full_n1024,products4,27,16384,337.987,16384,0,0,1
opt_integer_mac,l1_full_n1024,products4,28,16384,328.435,16384,0,0,1
opt_integer_mac,l1_full_n1024,incumbent,28,16384,333.188,16384,0,0,1
opt_integer_mac,l1_full_n1024,deferred_columns,28,16384,332.466,16384,0,0,1
opt_integer_mac,l1_full_n1024,circuit_z,28,16384,331.123,16384,0,0,1
opt_integer_mac,l1_full_n1024,products2,28,16384,342.768,16384,0,0,1
opt_integer_mac,l1_full_n1024,products2,29,16384,345.665,16384,0,0,1
opt_integer_mac,l1_full_n1024,circuit_z,29,16384,337.906,16384,0,0,1
opt_integer_mac,l1_full_n1024,incumbent,29,16384,333.285,16384,0,0,1
opt_integer_mac,l1_full_n1024,deferred_columns,29,16384,331.881,16384,0,0,1
opt_integer_mac,l1_full_n1024,products4,29,16384,331.212,16384,0,0,1
opt_integer_mac,l1_full_n1024,incumbent,30,16384,339.762,16384,0,0,1
opt_integer_mac,l1_full_n1024,deferred_columns,30,16384,334.045,16384,0,0,1
opt_integer_mac,l1_full_n1024,products4,30,16384,332.370,16384,0,0,1
opt_integer_mac,l1_full_n1024,circuit_z,30,16384,331.395,16384,0,0,1
opt_integer_mac,l1_full_n1024,products2,30,16384,338.565,16384,0,0,1
opt_integer_mac,l1_full_n1024,products2,31,16384,341.766,16384,0,0,1
opt_integer_mac,l1_full_n1024,circuit_z,31,16384,339.844,16384,0,0,1
opt_integer_mac,l1_full_n1024,products4,31,16384,333.059,16384,0,0,1
opt_integer_mac,l1_full_n1024,incumbent,31,16384,334.119,16384,0,0,1
opt_integer_mac,l1_full_n1024,deferred_columns,31,16384,330.610,16384,0,0,1
opt_integer_mac,l1_full_n1024,products2,32,16384,335.225,16384,0,0,1
opt_integer_mac,l1_full_n1024,circuit_z,32,16384,331.039,16384,0,0,1
opt_integer_mac,l1_full_n1024,incumbent,32,16384,347.229,16384,0,0,1
opt_integer_mac,l1_full_n1024,products4,32,16384,334.162,16384,0,0,1
opt_integer_mac,l1_full_n1024,deferred_columns,32,16384,333.514,16384,0,0,1
opt_integer_mac,l1_full_n1024,deferred_columns,33,16384,333.969,16384,0,0,1
opt_integer_mac,l1_full_n1024,circuit_z,33,16384,329.150,16384,0,0,1
opt_integer_mac,l1_full_n1024,incumbent,33,16384,330.556,16384,0,0,1
opt_integer_mac,l1_full_n1024,products2,33,16384,355.141,16384,0,0,1
opt_integer_mac,l1_full_n1024,products4,33,16384,325.239,16384,0,0,1
opt_integer_mac,l1_full_n1024,deferred_columns,34,16384,334.887,16384,0,0,1
opt_integer_mac,l1_full_n1024,circuit_z,34,16384,334.173,16384,0,0,1
opt_integer_mac,l1_full_n1024,products2,34,16384,334.791,16384,0,0,1
opt_integer_mac,l1_full_n1024,products4,34,16384,347.422,16384,0,0,1
opt_integer_mac,l1_full_n1024,incumbent,34,16384,336.917,16384,0,0,1
opt_integer_mac,l1_full_n1024,circuit_z,35,16384,341.324,16384,0,0,1
opt_integer_mac,l1_full_n1024,deferred_columns,35,16384,334.557,16384,0,0,1
opt_integer_mac,l1_full_n1024,products2,35,16384,339.343,16384,0,0,1
opt_integer_mac,l1_full_n1024,products4,35,16384,330.839,16384,0,0,1
opt_integer_mac,l1_full_n1024,incumbent,35,16384,331.370,16384,0,0,1
opt_integer_mac,l1_full_n1024,products4,36,16384,333.461,16384,0,0,1
opt_integer_mac,l1_full_n1024,products2,36,16384,339.025,16384,0,0,1
opt_integer_mac,l1_full_n1024,incumbent,36,16384,348.948,16384,0,0,1
opt_integer_mac,l1_full_n1024,circuit_z,36,16384,335.922,16384,0,0,1
opt_integer_mac,l1_full_n1024,deferred_columns,36,16384,333.265,16384,0,0,1
opt_integer_mac,l1_full_n1024,circuit_z,37,16384,334.513,16384,0,0,1
opt_integer_mac,l1_full_n1024,products2,37,16384,338.175,16384,0,0,1
opt_integer_mac,l1_full_n1024,deferred_columns,37,16384,328.201,16384,0,0,1
opt_integer_mac,l1_full_n1024,products4,37,16384,327.260,16384,0,0,1
opt_integer_mac,l1_full_n1024,incumbent,37,16384,333.588,16384,0,0,1
opt_integer_mac,l1_full_n1024,products4,38,16384,331.337,16384,0,0,1
opt_integer_mac,l1_full_n1024,deferred_columns,38,16384,339.945,16384,0,0,1
opt_integer_mac,l1_full_n1024,circuit_z,38,16384,325.272,16384,0,0,1
opt_integer_mac,l1_full_n1024,incumbent,38,16384,341.189,16384,0,0,1
opt_integer_mac,l1_full_n1024,products2,38,16384,347.941,16384,0,0,1
opt_integer_mac,l1_full_n1024,products2,39,16384,338.534,16384,0,0,1
opt_integer_mac,l1_full_n1024,deferred_columns,39,16384,335.737,16384,0,0,1
opt_integer_mac,l1_full_n1024,products4,39,16384,333.021,16384,0,0,1
opt_integer_mac,l1_full_n1024,incumbent,39,16384,338.806,16384,0,0,1
opt_integer_mac,l1_full_n1024,circuit_z,39,16384,332.141,16384,0,0,1
opt_integer_mac,l1_full_n1024,products2,40,16384,340.169,16384,0,0,1
opt_integer_mac,l1_full_n1024,incumbent,40,16384,337.555,16384,0,0,1
opt_integer_mac,l1_full_n1024,deferred_columns,40,16384,321.597,16384,0,0,1
opt_integer_mac,l1_full_n1024,circuit_z,40,16384,338.783,16384,0,0,1
opt_integer_mac,l1_full_n1024,products4,40,16384,335.757,16384,0,0,1
opt_integer_mac,l1_full_n1024,circuit_z,41,16384,328.537,16384,0,0,1
opt_integer_mac,l1_full_n1024,incumbent,41,16384,333.633,16384,0,0,1
opt_integer_mac,l1_full_n1024,deferred_columns,41,16384,338.341,16384,0,0,1
opt_integer_mac,l1_full_n1024,products4,41,16384,321.770,16384,0,0,1
opt_integer_mac,l1_full_n1024,products2,41,16384,339.505,16384,0,0,1
opt_integer_mac,l1_full_n1024,products2,42,16384,352.361,16384,0,0,1
opt_integer_mac,l1_full_n1024,products4,42,16384,330.551,16384,0,0,1
opt_integer_mac,l1_full_n1024,circuit_z,42,16384,335.070,16384,0,0,1
opt_integer_mac,l1_full_n1024,deferred_columns,42,16384,338.674,16384,0,0,1
opt_integer_mac,l1_full_n1024,incumbent,42,16384,323.860,16384,0,0,1
opt_integer_mac,l1_full_n1024,products2,43,16384,337.992,16384,0,0,1
opt_integer_mac,l1_full_n1024,circuit_z,43,16384,329.015,16384,0,0,1
opt_integer_mac,l1_full_n1024,deferred_columns,43,16384,332.049,16384,0,0,1
opt_integer_mac,l1_full_n1024,products4,43,16384,333.878,16384,0,0,1
opt_integer_mac,l1_full_n1024,incumbent,43,16384,336.960,16384,0,0,1
opt_integer_mac,l1_full_n1024,deferred_columns,44,16384,330.734,16384,0,0,1
opt_integer_mac,l1_full_n1024,incumbent,44,16384,333.570,16384,0,0,1
opt_integer_mac,l1_full_n1024,products2,44,16384,342.560,16384,0,0,1
opt_integer_mac,l1_full_n1024,products4,44,16384,331.174,16384,0,0,1
opt_integer_mac,l1_full_n1024,circuit_z,44,16384,328.773,16384,0,0,1
opt_integer_mac,l1_full_n1024,products4,45,16384,330.861,16384,0,0,1
opt_integer_mac,l1_full_n1024,incumbent,45,16384,346.135,16384,0,0,1
opt_integer_mac,l1_full_n1024,deferred_columns,45,16384,353.551,16384,0,0,1
opt_integer_mac,l1_full_n1024,circuit_z,45,16384,337.260,16384,0,0,1
opt_integer_mac,l1_full_n1024,products2,45,16384,338.674,16384,0,0,1
opt_integer_mac,l1_full_n1024,products2,46,16384,338.928,16384,0,0,1
opt_integer_mac,l1_full_n1024,products4,46,16384,336.390,16384,0,0,1
opt_integer_mac,l1_full_n1024,incumbent,46,16384,332.926,16384,0,0,1
opt_integer_mac,l1_full_n1024,deferred_columns,46,16384,332.047,16384,0,0,1
opt_integer_mac,l1_full_n1024,circuit_z,46,16384,337.311,16384,0,0,1
opt_integer_mac,l1_full_n1024,products4,47,16384,322.461,16384,0,0,1
opt_integer_mac,l1_full_n1024,deferred_columns,47,16384,346.756,16384,0,0,1
opt_integer_mac,l1_full_n1024,circuit_z,47,16384,331.596,16384,0,0,1
opt_integer_mac,l1_full_n1024,incumbent,47,16384,339.991,16384,0,0,1
opt_integer_mac,l1_full_n1024,products2,47,16384,337.064,16384,0,0,1
opt_integer_mac,l1_full_n1024,deferred_columns,48,16384,335.665,16384,0,0,1
opt_integer_mac,l1_full_n1024,products4,48,16384,329.887,16384,0,0,1
opt_integer_mac,l1_full_n1024,circuit_z,48,16384,334.887,16384,0,0,1
opt_integer_mac,l1_full_n1024,incumbent,48,16384,331.685,16384,0,0,1
opt_integer_mac,l1_full_n1024,products2,48,16384,336.830,16384,0,0,1
opt_integer_mac,l1_full_n1024,products4,49,16384,332.227,16384,0,0,1
opt_integer_mac,l1_full_n1024,products2,49,16384,341.304,16384,0,0,1
opt_integer_mac,l1_full_n1024,deferred_columns,49,16384,343.452,16384,0,0,1
opt_integer_mac,l1_full_n1024,circuit_z,49,16384,334.696,16384,0,0,1
opt_integer_mac,l1_full_n1024,incumbent,49,16384,344.872,16384,0,0,1
opt_integer_mac,l1_full_n1024,deferred_columns,50,16384,332.024,16384,0,0,1
opt_integer_mac,l1_full_n1024,incumbent,50,16384,338.043,16384,0,0,1
opt_integer_mac,l1_full_n1024,products4,50,16384,341.749,16384,0,0,1
opt_integer_mac,l1_full_n1024,circuit_z,50,16384,335.676,16384,0,0,1
opt_integer_mac,l1_full_n1024,products2,50,16384,339.249,16384,0,0,1
opt_integer_mac,l1_full_n1024,circuit_z,51,16384,333.410,16384,0,0,1
opt_integer_mac,l1_full_n1024,products2,51,16384,347.026,16384,0,0,1
opt_integer_mac,l1_full_n1024,products4,51,16384,342.115,16384,0,0,1
opt_integer_mac,l1_full_n1024,deferred_columns,51,16384,346.598,16384,0,0,1
opt_integer_mac,l1_full_n1024,incumbent,51,16384,336.039,16384,0,0,1
opt_integer_mac,l1_full_n1024,products2,52,16384,345.383,16384,0,0,1
opt_integer_mac,l1_full_n1024,incumbent,52,16384,337.270,16384,0,0,1
opt_integer_mac,l1_full_n1024,products4,52,16384,342.733,16384,0,0,1
opt_integer_mac,l1_full_n1024,deferred_columns,52,16384,343.582,16384,0,0,1
opt_integer_mac,l1_full_n1024,circuit_z,52,16384,339.139,16384,0,0,1
opt_integer_mac,l1_full_n1024,incumbent,53,16384,336.245,16384,0,0,1
opt_integer_mac,l1_full_n1024,products4,53,16384,335.963,16384,0,0,1
opt_integer_mac,l1_full_n1024,deferred_columns,53,16384,336.299,16384,0,0,1
opt_integer_mac,l1_full_n1024,circuit_z,53,16384,334.226,16384,0,0,1
opt_integer_mac,l1_full_n1024,products2,53,16384,338.580,16384,0,0,1
opt_integer_mac,l1_full_n1024,products2,54,16384,332.207,16384,0,0,1
opt_integer_mac,l1_full_n1024,products4,54,16384,344.063,16384,0,0,1
opt_integer_mac,l1_full_n1024,circuit_z,54,16384,329.809,16384,0,0,1
opt_integer_mac,l1_full_n1024,deferred_columns,54,16384,347.315,16384,0,0,1
opt_integer_mac,l1_full_n1024,incumbent,54,16384,345.540,16384,0,0,1
opt_integer_mac,l1_full_n1024,incumbent,55,16384,345.154,16384,0,0,1
opt_integer_mac,l1_full_n1024,circuit_z,55,16384,339.544,16384,0,0,1
opt_integer_mac,l1_full_n1024,deferred_columns,55,16384,332.570,16384,0,0,1
opt_integer_mac,l1_full_n1024,products4,55,16384,332.052,16384,0,0,1
opt_integer_mac,l1_full_n1024,products2,55,16384,340.157,16384,0,0,1
opt_integer_mac,l1_full_n1024,circuit_z,56,16384,330.671,16384,0,0,1
opt_integer_mac,l1_full_n1024,deferred_columns,56,16384,333.593,16384,0,0,1
opt_integer_mac,l1_full_n1024,products4,56,16384,338.422,16384,0,0,1
opt_integer_mac,l1_full_n1024,products2,56,16384,342.634,16384,0,0,1
opt_integer_mac,l1_full_n1024,incumbent,56,16384,333.120,16384,0,0,1
opt_integer_mac,l1_full_n1024,deferred_columns,57,16384,331.581,16384,0,0,1
opt_integer_mac,l1_full_n1024,incumbent,57,16384,334.272,16384,0,0,1
opt_integer_mac,l1_full_n1024,products4,57,16384,337.880,16384,0,0,1
opt_integer_mac,l1_full_n1024,circuit_z,57,16384,335.447,16384,0,0,1
opt_integer_mac,l1_full_n1024,products2,57,16384,337.082,16384,0,0,1
opt_integer_mac,l1_full_n1024,incumbent,58,16384,341.525,16384,0,0,1
opt_integer_mac,l1_full_n1024,deferred_columns,58,16384,345.370,16384,0,0,1
opt_integer_mac,l1_full_n1024,products2,58,16384,346.970,16384,0,0,1
opt_integer_mac,l1_full_n1024,circuit_z,58,16384,339.500,16384,0,0,1
opt_integer_mac,l1_full_n1024,products4,58,16384,338.178,16384,0,0,1
opt_integer_mac,l1_full_n1024,products2,59,16384,338.425,16384,0,0,1
opt_integer_mac,l1_full_n1024,deferred_columns,59,16384,342.651,16384,0,0,1
opt_integer_mac,l1_full_n1024,products4,59,16384,339.976,16384,0,0,1
opt_integer_mac,l1_full_n1024,incumbent,59,16384,332.456,16384,0,0,1
opt_integer_mac,l1_full_n1024,circuit_z,59,16384,334.668,16384,0,0,1
opt_integer_mac,l1_full_n1024,incumbent,60,16384,334.485,16384,0,0,1
opt_integer_mac,l1_full_n1024,products4,60,16384,338.956,16384,0,0,1
opt_integer_mac,l1_full_n1024,circuit_z,60,16384,335.660,16384,0,0,1
opt_integer_mac,l1_full_n1024,deferred_columns,60,16384,332.837,16384,0,0,1
opt_integer_mac,l1_full_n1024,products2,60,16384,337.008,16384,0,0,1
opt_integer_mac,l1_full_n1024,products2,61,16384,337.654,16384,0,0,1
opt_integer_mac,l1_full_n1024,products4,61,16384,339.622,16384,0,0,1
opt_integer_mac,l1_full_n1024,circuit_z,61,16384,342.135,16384,0,0,1
opt_integer_mac,l1_full_n1024,incumbent,61,16384,342.061,16384,0,0,1
opt_integer_mac,l1_full_n1024,deferred_columns,61,16384,330.312,16384,0,0,1
opt_integer_mac,l1_full_n1024,deferred_columns,62,16384,334.605,16384,0,0,1
opt_integer_mac,l1_full_n1024,products2,62,16384,345.762,16384,0,0,1
opt_integer_mac,l1_full_n1024,products4,62,16384,338.397,16384,0,0,1
opt_integer_mac,l1_full_n1024,circuit_z,62,16384,330.149,16384,0,0,1
opt_integer_mac,l1_full_n1024,incumbent,62,16384,333.900,16384,0,0,1
opt_integer_mac,l1_full_n1024,incumbent,63,16384,329.366,16384,0,0,1
opt_integer_mac,l1_full_n1024,circuit_z,63,16384,333.641,16384,0,0,1
opt_integer_mac,l1_full_n1024,deferred_columns,63,16384,340.118,16384,0,0,1
opt_integer_mac,l1_full_n1024,products2,63,16384,349.236,16384,0,0,1
opt_integer_mac,l1_full_n1024,products4,63,16384,338.720,16384,0,0,1
opt_integer_mac,l1_full_n65536,deferred_columns,0,256,21231.770,1048576,0,0,1
opt_integer_mac,l1_full_n65536,products4,0,256,21141.113,1048576,0,0,1
opt_integer_mac,l1_full_n65536,circuit_z,0,256,21145.672,1048576,0,0,1
opt_integer_mac,l1_full_n65536,products2,0,256,21332.844,1048576,0,0,1
opt_integer_mac,l1_full_n65536,incumbent,0,256,20801.758,1048576,0,0,1
opt_integer_mac,l1_full_n65536,incumbent,1,256,21028.480,1048576,0,0,1
opt_integer_mac,l1_full_n65536,deferred_columns,1,256,21215.332,1048576,0,0,1
opt_integer_mac,l1_full_n65536,products4,1,256,21264.160,1048576,0,0,1
opt_integer_mac,l1_full_n65536,circuit_z,1,256,21251.953,1048576,0,0,1
opt_integer_mac,l1_full_n65536,products2,1,256,21556.316,1048576,0,0,1
opt_integer_mac,l1_full_n65536,products2,2,256,21373.371,1048576,0,0,1
opt_integer_mac,l1_full_n65536,incumbent,2,256,21827.801,1048576,0,0,1
opt_integer_mac,l1_full_n65536,deferred_columns,2,256,21400.391,1048576,0,0,1
opt_integer_mac,l1_full_n65536,circuit_z,2,256,21587.730,1048576,0,0,1
opt_integer_mac,l1_full_n65536,products4,2,256,21651.855,1048576,0,0,1
opt_integer_mac,l1_full_n65536,incumbent,3,256,21274.414,1048576,0,0,1
opt_integer_mac,l1_full_n65536,circuit_z,3,256,21489.906,1048576,0,0,1
opt_integer_mac,l1_full_n65536,products2,3,256,21194.984,1048576,0,0,1
opt_integer_mac,l1_full_n65536,products4,3,256,21719.238,1048576,0,0,1
opt_integer_mac,l1_full_n65536,deferred_columns,3,256,21555.828,1048576,0,0,1
opt_integer_mac,l1_full_n65536,circuit_z,4,256,21882.812,1048576,0,0,1
opt_integer_mac,l1_full_n65536,incumbent,4,256,20785.484,1048576,0,0,1
opt_integer_mac,l1_full_n65536,products2,4,256,21444.660,1048576,0,0,1
opt_integer_mac,l1_full_n65536,deferred_columns,4,256,21116.371,1048576,0,0,1
opt_integer_mac,l1_full_n65536,products4,4,256,21259.766,1048576,0,0,1
opt_integer_mac,l1_full_n65536,incumbent,5,256,21351.398,1048576,0,0,1
opt_integer_mac,l1_full_n65536,products4,5,256,20910.156,1048576,0,0,1
opt_integer_mac,l1_full_n65536,circuit_z,5,256,21519.531,1048576,0,0,1
opt_integer_mac,l1_full_n65536,deferred_columns,5,256,21223.961,1048576,0,0,1
opt_integer_mac,l1_full_n65536,products2,5,256,21249.676,1048576,0,0,1
opt_integer_mac,l1_full_n65536,products2,6,256,20947.590,1048576,0,0,1
opt_integer_mac,l1_full_n65536,incumbent,6,256,21927.082,1048576,0,0,1
opt_integer_mac,l1_full_n65536,deferred_columns,6,256,21105.309,1048576,0,0,1
opt_integer_mac,l1_full_n65536,products4,6,256,21147.949,1048576,0,0,1
opt_integer_mac,l1_full_n65536,circuit_z,6,256,21194.172,1048576,0,0,1
opt_integer_mac,l1_full_n65536,deferred_columns,7,256,21663.738,1048576,0,0,1
opt_integer_mac,l1_full_n65536,circuit_z,7,256,21725.750,1048576,0,0,1
opt_integer_mac,l1_full_n65536,products4,7,256,21684.246,1048576,0,0,1
opt_integer_mac,l1_full_n65536,products2,7,256,21488.609,1048576,0,0,1
opt_integer_mac,l1_full_n65536,incumbent,7,256,20936.035,1048576,0,0,1
opt_integer_mac,l1_full_n65536,products2,8,256,21068.359,1048576,0,0,1
opt_integer_mac,l1_full_n65536,deferred_columns,8,256,20901.531,1048576,0,0,1
opt_integer_mac,l1_full_n65536,circuit_z,8,256,20935.707,1048576,0,0,1
opt_integer_mac,l1_full_n65536,products4,8,256,21082.355,1048576,0,0,1
opt_integer_mac,l1_full_n65536,incumbent,8,256,21863.934,1048576,0,0,1
opt_integer_mac,l1_full_n65536,incumbent,9,256,21137.207,1048576,0,0,1
opt_integer_mac,l1_full_n65536,deferred_columns,9,256,21425.941,1048576,0,0,1
opt_integer_mac,l1_full_n65536,products4,9,256,21269.207,1048576,0,0,1
opt_integer_mac,l1_full_n65536,products2,9,256,20846.516,1048576,0,0,1
opt_integer_mac,l1_full_n65536,circuit_z,9,256,21132.812,1048576,0,0,1
opt_integer_mac,l1_full_n65536,products2,10,256,20864.582,1048576,0,0,1
opt_integer_mac,l1_full_n65536,products4,10,256,21569.988,1048576,0,0,1
opt_integer_mac,l1_full_n65536,deferred_columns,10,256,21862.465,1048576,0,0,1
opt_integer_mac,l1_full_n65536,incumbent,10,256,21523.113,1048576,0,0,1
opt_integer_mac,l1_full_n65536,circuit_z,10,256,21797.035,1048576,0,0,1
opt_integer_mac,l1_full_n65536,products2,11,256,21145.020,1048576,0,0,1
opt_integer_mac,l1_full_n65536,deferred_columns,11,256,21145.832,1048576,0,0,1
opt_integer_mac,l1_full_n65536,circuit_z,11,256,20794.434,1048576,0,0,1
opt_integer_mac,l1_full_n65536,products4,11,256,21090.980,1048576,0,0,1
opt_integer_mac,l1_full_n65536,incumbent,11,256,21421.387,1048576,0,0,1
opt_integer_mac,l1_full_n65536,circuit_z,12,256,21202.473,1048576,0,0,1
opt_integer_mac,l1_full_n65536,incumbent,12,256,21721.680,1048576,0,0,1
opt_integer_mac,l1_full_n65536,products4,12,256,21503.254,1048576,0,0,1
opt_integer_mac,l1_full_n65536,products2,12,256,21060.711,1048576,0,0,1
opt_integer_mac,l1_full_n65536,deferred_columns,12,256,21354.164,1048576,0,0,1
opt_integer_mac,l1_full_n65536,products2,13,256,20818.684,1048576,0,0,1
opt_integer_mac,l1_full_n65536,circuit_z,13,256,21697.266,1048576,0,0,1
opt_integer_mac,l1_full_n65536,incumbent,13,256,20954.102,1048576,0,0,1
opt_integer_mac,l1_full_n65536,deferred_columns,13,256,21479.980,1048576,0,0,1
opt_integer_mac,l1_full_n65536,products4,13,256,21094.074,1048576,0,0,1
opt_integer_mac,l1_full_n65536,products4,14,256,20870.281,1048576,0,0,1
opt_integer_mac,l1_full_n65536,incumbent,14,256,21098.957,1048576,0,0,1
opt_integer_mac,l1_full_n65536,products2,14,256,21340.008,1048576,0,0,1
opt_integer_mac,l1_full_n65536,deferred_columns,14,256,21265.297,1048576,0,0,1
opt_integer_mac,l1_full_n65536,circuit_z,14,256,20827.637,1048576,0,0,1
opt_integer_mac,l1_full_n65536,products4,15,256,21213.379,1048576,0,0,1
opt_integer_mac,l1_full_n65536,circuit_z,15,256,20858.070,1048576,0,0,1
opt_integer_mac,l1_full_n65536,incumbent,15,256,21661.461,1048576,0,0,1
opt_integer_mac,l1_full_n65536,deferred_columns,15,256,21538.250,1048576,0,0,1
opt_integer_mac,l1_full_n65536,products2,15,256,21391.602,1048576,0,0,1
opt_integer_mac,l1_full_n65536,incumbent,16,256,21587.727,1048576,0,0,1
opt_integer_mac,l1_full_n65536,deferred_columns,16,256,21826.336,1048576,0,0,1
opt_integer_mac,l1_full_n65536,products4,16,256,21224.609,1048576,0,0,1
opt_integer_mac,l1_full_n65536,circuit_z,16,256,21214.195,1048576,0,0,1
opt_integer_mac,l1_full_n65536,products2,16,256,21680.016,1048576,0,0,1
opt_integer_mac,l1_full_n65536,products4,17,256,22733.074,1048576,0,0,1
opt_integer_mac,l1_full_n65536,circuit_z,17,256,21181.477,1048576,0,0,1
opt_integer_mac,l1_full_n65536,products2,17,256,20785.969,1048576,0,0,1
opt_integer_mac,l1_full_n65536,incumbent,17,256,21174.645,1048576,0,0,1
opt_integer_mac,l1_full_n65536,deferred_columns,17,256,20822.918,1048576,0,0,1
opt_integer_mac,l1_full_n65536,products2,18,256,21818.359,1048576,0,0,1
opt_integer_mac,l1_full_n65536,circuit_z,18,256,21602.867,1048576,0,0,1
opt_integer_mac,l1_full_n65536,products4,18,256,28178.547,1048576,0,0,1
opt_integer_mac,l1_full_n65536,deferred_columns,18,256,24127.113,1048576,0,0,1
opt_integer_mac,l1_full_n65536,incumbent,18,256,21554.852,1048576,0,0,1
opt_integer_mac,l1_full_n65536,deferred_columns,19,256,22093.426,1048576,0,0,1
opt_integer_mac,l1_full_n65536,circuit_z,19,256,21826.984,1048576,0,0,1
opt_integer_mac,l1_full_n65536,products2,19,256,21257.648,1048576,0,0,1
opt_integer_mac,l1_full_n65536,incumbent,19,256,20810.219,1048576,0,0,1
opt_integer_mac,l1_full_n65536,products4,19,256,21752.277,1048576,0,0,1
opt_integer_mac,l1_full_n65536,circuit_z,20,256,21678.059,1048576,0,0,1
opt_integer_mac,l1_full_n65536,deferred_columns,20,256,20953.125,1048576,0,0,1
opt_integer_mac,l1_full_n65536,products4,20,256,21047.363,1048576,0,0,1
opt_integer_mac,l1_full_n65536,incumbent,20,256,20909.504,1048576,0,0,1
opt_integer_mac,l1_full_n65536,products2,20,256,21899.090,1048576,0,0,1
opt_integer_mac,l1_full_n65536,incumbent,21,256,21414.062,1048576,0,0,1
opt_integer_mac,l1_full_n65536,circuit_z,21,256,21322.914,1048576,0,0,1
opt_integer_mac,l1_full_n65536,products2,21,256,21088.867,1048576,0,0,1
opt_integer_mac,l1_full_n65536,deferred_columns,21,256,21284.504,1048576,0,0,1
opt_integer_mac,l1_full_n65536,products4,21,256,21243.000,1048576,0,0,1
opt_integer_mac,l1_full_n65536,circuit_z,22,256,20900.551,1048576,0,0,1
opt_integer_mac,l1_full_n65536,products4,22,256,21040.691,1048576,0,0,1
opt_integer_mac,l1_full_n65536,deferred_columns,22,256,21146.320,1048576,0,0,1
opt_integer_mac,l1_full_n65536,products2,22,256,21676.758,1048576,0,0,1
opt_integer_mac,l1_full_n65536,incumbent,22,256,21000.977,1048576,0,0,1
opt_integer_mac,l1_full_n65536,incumbent,23,256,21261.883,1048576,0,0,1
opt_integer_mac,l1_full_n65536,circuit_z,23,256,20808.758,1048576,0,0,1
opt_integer_mac,l1_full_n65536,deferred_columns,23,256,21073.242,1048576,0,0,1
opt_integer_mac,l1_full_n65536,products4,23,256,21455.566,1048576,0,0,1
opt_integer_mac,l1_full_n65536,products2,23,256,21217.938,1048576,0,0,1
opt_integer_mac,l1_full_n65536,circuit_z,24,256,21215.008,1048576,0,0,1
opt_integer_mac,l1_full_n65536,products4,24,256,21105.957,1048576,0,0,1
opt_integer_mac,l1_full_n65536,deferred_columns,24,256,21799.965,1048576,0,0,1
opt_integer_mac,l1_full_n65536,products2,24,256,21274.738,1048576,0,0,1
opt_integer_mac,l1_full_n65536,incumbent,24,256,20808.758,1048576,0,0,1
opt_integer_mac,l1_full_n65536,products2,25,256,20981.770,1048576,0,0,1
opt_integer_mac,l1_full_n65536,circuit_z,25,256,21266.602,1048576,0,0,1
opt_integer_mac,l1_full_n65536,products4,25,256,21891.438,1048576,0,0,1
opt_integer_mac,l1_full_n65536,incumbent,25,256,20825.359,1048576,0,0,1
opt_integer_mac,l1_full_n65536,deferred_columns,25,256,21129.719,1048576,0,0,1
opt_integer_mac,l1_full_n65536,products4,26,256,21411.457,1048576,0,0,1
opt_integer_mac,l1_full_n65536,incumbent,26,256,21731.117,1048576,0,0,1
opt_integer_mac,l1_full_n65536,products2,26,256,20764.648,1048576,0,0,1
opt_integer_mac,l1_full_n65536,deferred_columns,26,256,21243.492,1048576,0,0,1
opt_integer_mac,l1_full_n65536,circuit_z,26,256,21256.023,1048576,0,0,1
opt_integer_mac,l1_full_n65536,incumbent,27,256,21326.660,1048576,0,0,1
opt_integer_mac,l1_full_n65536,products4,27,256,20873.535,1048576,0,0,1
opt_integer_mac,l1_full_n65536,circuit_z,27,256,21179.363,1048576,0,0,1
opt_integer_mac,l1_full_n65536,products2,27,256,21007.648,1048576,0,0,1
opt_integer_mac,l1_full_n65536,deferred_columns,27,256,21350.746,1048576,0,0,1
opt_integer_mac,l1_full_n65536,products2,28,256,21281.250,1048576,0,0,1
opt_integer_mac,l1_full_n65536,incumbent,28,256,21446.941,1048576,0,0,1
opt_integer_mac,l1_full_n65536,products4,28,256,21611.004,1048576,0,0,1
opt_integer_mac,l1_full_n65536,circuit_z,28,256,21268.066,1048576,0,0,1
opt_integer_mac,l1_full_n65536,deferred_columns,28,256,21762.207,1048576,0,0,1
opt_integer_mac,l1_full_n65536,circuit_z,29,256,21629.395,1048576,0,0,1
opt_integer_mac,l1_full_n65536,incumbent,29,256,21448.570,1048576,0,0,1
opt_integer_mac,l1_full_n65536,deferred_columns,29,256,21965.820,1048576,0,0,1
opt_integer_mac,l1_full_n65536,products2,29,256,21405.602,1048576,0,0,1
opt_integer_mac,l1_full_n65536,products4,29,256,21865.234,1048576,0,0,1
opt_integer_mac,l1_full_n65536,products4,30,256,21255.695,1048576,0,0,1
opt_integer_mac,l1_full_n65536,incumbent,30,256,21713.055,1048576,0,0,1
opt_integer_mac,l1_full_n65536,products2,30,256,21023.926,1048576,0,0,1
opt_integer_mac,l1_full_n65536,circuit_z,30,256,21063.965,1048576,0,0,1
opt_integer_mac,l1_full_n65536,deferred_columns,30,256,20925.617,1048576,0,0,1
opt_integer_mac,l1_full_n65536,circuit_z,31,256,21054.035,1048576,0,0,1
opt_integer_mac,l1_full_n65536,products2,31,256,21190.102,1048576,0,0,1
opt_integer_mac,l1_full_n65536,incumbent,31,256,21770.668,1048576,0,0,1
opt_integer_mac,l1_full_n65536,deferred_columns,31,256,21759.930,1048576,0,0,1
opt_integer_mac,l1_full_n65536,products4,31,256,21327.965,1048576,0,0,1
opt_integer_mac,l1_full_n65536,circuit_z,32,256,20925.457,1048576,0,0,1
opt_integer_mac,l1_full_n65536,products4,32,256,21233.887,1048576,0,0,1
opt_integer_mac,l1_full_n65536,deferred_columns,32,256,21253.582,1048576,0,0,1
opt_integer_mac,l1_full_n65536,products2,32,256,21323.566,1048576,0,0,1
opt_integer_mac,l1_full_n65536,incumbent,32,256,21014.000,1048576,0,0,1
opt_integer_mac,l1_full_n65536,products4,33,256,21628.258,1048576,0,0,1
opt_integer_mac,l1_full_n65536,deferred_columns,33,256,21336.754,1048576,0,0,1
opt_integer_mac,l1_full_n65536,incumbent,33,256,21196.941,1048576,0,0,1
opt_integer_mac,l1_full_n65536,products2,33,256,20824.707,1048576,0,0,1
opt_integer_mac,l1_full_n65536,circuit_z,33,256,21176.758,1048576,0,0,1
opt_integer_mac,l1_full_n65536,circuit_z,34,256,21313.477,1048576,0,0,1
opt_integer_mac,l1_full_n65536,products2,34,256,20959.312,1048576,0,0,1
opt_integer_mac,l1_full_n65536,deferred_columns,34,256,21100.098,1048576,0,0,1
opt_integer_mac,l1_full_n65536,incumbent,34,256,21178.059,1048576,0,0,1
opt_integer_mac,l1_full_n65536,products4,34,256,21290.039,1048576,0,0,1
opt_integer_mac,l1_full_n65536,products4,35,256,21422.363,1048576,0,0,1
opt_integer_mac,l1_full_n65536,products2,35,256,21026.203,1048576,0,0,1
opt_integer_mac,l1_full_n65536,deferred_columns,35,256,21688.637,1048576,0,0,1
opt_integer_mac,l1_full_n65536,circuit_z,35,256,21374.188,1048576,0,0,1
opt_integer_mac,l1_full_n65536,incumbent,35,256,20783.039,1048576,0,0,1
opt_integer_mac,l1_full_n65536,products4,36,256,21165.527,1048576,0,0,1
opt_integer_mac,l1_full_n65536,circuit_z,36,256,21189.129,1048576,0,0,1
opt_integer_mac,l1_full_n65536,incumbent,36,256,21140.137,1048576,0,0,1
opt_integer_mac,l1_full_n65536,products2,36,256,21896.484,1048576,0,0,1
opt_integer_mac,l1_full_n65536,deferred_columns,36,256,21409.180,1048576,0,0,1
opt_integer_mac,l1_full_n65536,incumbent,37,256,21013.348,1048576,0,0,1
opt_integer_mac,l1_full_n65536,products4,37,256,21363.445,1048576,0,0,1
opt_integer_mac,l1_full_n65536,circuit_z,37,256,21475.586,1048576,0,0,1
opt_integer_mac,l1_full_n65536,deferred_columns,37,256,21630.531,1048576,0,0,1
opt_integer_mac,l1_full_n65536,products2,37,256,21902.668,1048576,0,0,1
opt_integer_mac,l1_full_n65536,deferred_columns,38,256,21458.008,1048576,0,0,1
opt_integer_mac,l1_full_n65536,products2,38,256,21790.527,1048576,0,0,1
opt_integer_mac,l1_full_n65536,incumbent,38,256,20805.500,1048576,0,0,1
opt_integer_mac,l1_full_n65536,circuit_z,38,256,21292.316,1048576,0,0,1
opt_integer_mac,l1_full_n65536,products4,38,256,20951.988,1048576,0,0,1
opt_integer_mac,l1_full_n65536,deferred_columns,39,256,21639.160,1048576,0,0,1
opt_integer_mac,l1_full_n65536,products2,39,256,21272.625,1048576,0,0,1
opt_integer_mac,l1_full_n65536,circuit_z,39,256,20935.711,1048576,0,0,1
opt_integer_mac,l1_full_n65536,incumbent,39,256,21581.055,1048576,0,0,1
opt_integer_mac,l1_full_n65536,products4,39,256,21032.227,1048576,0,0,1
opt_integer_mac,l1_full_n65536,products4,40,256,21286.621,1048576,0,0,1
opt_integer_mac,l1_full_n65536,incumbent,40,256,22159.016,1048576,0,0,1
opt_integer_mac,l1_full_n65536,deferred_columns,40,256,21321.453,1048576,0,0,1
opt_integer_mac,l1_full_n65536,circuit_z,40,256,21329.914,1048576,0,0,1
opt_integer_mac,l1_full_n65536,products2,40,256,21058.918,1048576,0,0,1
opt_integer_mac,l1_full_n65536,products2,41,256,20630.531,1048576,0,0,1
opt_integer_mac,l1_full_n65536,products4,41,256,20952.637,1048576,0,0,1
opt_integer_mac,l1_full_n65536,circuit_z,41,256,21107.910,1048576,0,0,1
opt_integer_mac,l1_full_n65536,incumbent,41,256,20924.316,1048576,0,0,1
opt_integer_mac,l1_full_n65536,deferred_columns,41,256,21477.379,1048576,0,0,1
opt_integer_mac,l1_full_n65536,products2,42,256,20867.516,1048576,0,0,1
opt_integer_mac,l1_full_n65536,circuit_z,42,256,21218.262,1048576,0,0,1
opt_integer_mac,l1_full_n65536,products4,42,256,20794.105,1048576,0,0,1
opt_integer_mac,l1_full_n65536,deferred_columns,42,256,21417.641,1048576,0,0,1
opt_integer_mac,l1_full_n65536,incumbent,42,256,20802.082,1048576,0,0,1
opt_integer_mac,l1_full_n65536,products4,43,256,21005.207,1048576,0,0,1
opt_integer_mac,l1_full_n65536,incumbent,43,256,21280.598,1048576,0,0,1
opt_integer_mac,l1_full_n65536,circuit_z,43,256,20777.992,1048576,0,0,1
opt_integer_mac,l1_full_n65536,products2,43,256,20975.422,1048576,0,0,1
opt_integer_mac,l1_full_n65536,deferred_columns,43,256,20935.547,1048576,0,0,1
opt_integer_mac,l1_full_n65536,products4,44,256,20861.816,1048576,0,0,1
opt_integer_mac,l1_full_n65536,products2,44,256,20896.160,1048576,0,0,1
opt_integer_mac,l1_full_n65536,incumbent,44,256,22378.094,1048576,0,0,1
opt_integer_mac,l1_full_n65536,deferred_columns,44,256,22234.375,1048576,0,0,1
opt_integer_mac,l1_full_n65536,circuit_z,44,256,22140.301,1048576,0,0,1
opt_integer_mac,l1_full_n65536,products2,45,256,22352.867,1048576,0,0,1
opt_integer_mac,l1_full_n65536,deferred_columns,45,256,22565.754,1048576,0,0,1
opt_integer_mac,l1_full_n65536,circuit_z,45,256,21238.605,1048576,0,0,1
opt_integer_mac,l1_full_n65536,incumbent,45,256,21158.855,1048576,0,0,1
opt_integer_mac,l1_full_n65536,products4,45,256,20945.477,1048576,0,0,1
opt_integer_mac,l1_full_n65536,products4,46,256,21031.090,1048576,0,0,1
opt_integer_mac,l1_full_n65536,incumbent,46,256,21444.008,1048576,0,0,1
opt_integer_mac,l1_full_n65536,products2,46,256,21483.559,1048576,0,0,1
opt_integer_mac,l1_full_n65536,deferred_columns,46,256,21310.223,1048576,0,0,1
opt_integer_mac,l1_full_n65536,circuit_z,46,256,20757.324,1048576,0,0,1
opt_integer_mac,l1_full_n65536,products4,47,256,21581.219,1048576,0,0,1
opt_integer_mac,l1_full_n65536,deferred_columns,47,256,21165.691,1048576,0,0,1
opt_integer_mac,l1_full_n65536,circuit_z,47,256,22250.488,1048576,0,0,1
opt_integer_mac,l1_full_n65536,products2,47,256,21676.434,1048576,0,0,1
opt_integer_mac,l1_full_n65536,incumbent,47,256,21141.438,1048576,0,0,1
opt_integer_mac,l1_full_n65536,incumbent,48,256,21486.816,1048576,0,0,1
opt_integer_mac,l1_full_n65536,products4,48,256,21116.859,1048576,0,0,1
opt_integer_mac,l1_full_n65536,products2,48,256,21204.750,1048576,0,0,1
opt_integer_mac,l1_full_n65536,circuit_z,48,256,21673.180,1048576,0,0,1
opt_integer_mac,l1_full_n65536,deferred_columns,48,256,20990.398,1048576,0,0,1
opt_integer_mac,l1_full_n65536,circuit_z,49,256,21306.477,1048576,0,0,1
opt_integer_mac,l1_full_n65536,deferred_columns,49,256,21250.977,1048576,0,0,1
opt_integer_mac,l1_full_n65536,products2,49,256,21035.805,1048576,0,0,1
opt_integer_mac,l1_full_n65536,products4,49,256,21163.246,1048576,0,0,1
opt_integer_mac,l1_full_n65536,incumbent,49,256,20797.199,1048576,0,0,1
opt_integer_mac,l1_full_n65536,products2,50,256,21521.645,1048576,0,0,1
opt_integer_mac,l1_full_n65536,circuit_z,50,256,20982.422,1048576,0,0,1
opt_integer_mac,l1_full_n65536,deferred_columns,50,256,21212.402,1048576,0,0,1
opt_integer_mac,l1_full_n65536,incumbent,50,256,20764.484,1048576,0,0,1
opt_integer_mac,l1_full_n65536,products4,50,256,21362.629,1048576,0,0,1
opt_integer_mac,l1_full_n65536,circuit_z,51,256,20912.273,1048576,0,0,1
opt_integer_mac,l1_full_n65536,incumbent,51,256,21257.164,1048576,0,0,1
opt_integer_mac,l1_full_n65536,products4,51,256,22053.387,1048576,0,0,1
opt_integer_mac,l1_full_n65536,deferred_columns,51,256,21328.941,1048576,0,0,1
opt_integer_mac,l1_full_n65536,products2,51,256,21689.941,1048576,0,0,1
opt_integer_mac,l1_full_n65536,deferred_columns,52,256,21409.668,1048576,0,0,1
opt_integer_mac,l1_full_n65536,incumbent,52,256,21516.277,1048576,0,0,1
opt_integer_mac,l1_full_n65536,circuit_z,52,256,21798.180,1048576,0,0,1
opt_integer_mac,l1_full_n65536,products4,52,256,21521.160,1048576,0,0,1
opt_integer_mac,l1_full_n65536,products2,52,256,20874.188,1048576,0,0,1
opt_integer_mac,l1_full_n65536,circuit_z,53,256,20930.176,1048576,0,0,1
opt_integer_mac,l1_full_n65536,products2,53,256,21712.566,1048576,0,0,1
opt_integer_mac,l1_full_n65536,products4,53,256,23534.180,1048576,0,0,1
opt_integer_mac,l1_full_n65536,deferred_columns,53,256,21673.828,1048576,0,0,1
opt_integer_mac,l1_full_n65536,incumbent,53,256,21437.500,1048576,0,0,1
opt_integer_mac,l1_full_n65536,incumbent,54,256,21052.734,1048576,0,0,1
opt_integer_mac,l1_full_n65536,products4,54,256,21005.535,1048576,0,0,1
opt_integer_mac,l1_full_n65536,products2,54,256,21048.988,1048576,0,0,1
opt_integer_mac,l1_full_n65536,deferred_columns,54,256,21767.090,1048576,0,0,1
opt_integer_mac,l1_full_n65536,circuit_z,54,256,21624.188,1048576,0,0,1
opt_integer_mac,l1_full_n65536,products4,55,256,20763.508,1048576,0,0,1
opt_integer_mac,l1_full_n65536,deferred_columns,55,256,21318.848,1048576,0,0,1
opt_integer_mac,l1_full_n65536,incumbent,55,256,20916.176,1048576,0,0,1
opt_integer_mac,l1_full_n65536,products2,55,256,21135.418,1048576,0,0,1
opt_integer_mac,l1_full_n65536,circuit_z,55,256,20831.215,1048576,0,0,1
opt_integer_mac,l1_full_n65536,products4,56,256,21117.840,1048576,0,0,1
opt_integer_mac,l1_full_n65536,products2,56,256,21382.000,1048576,0,0,1
opt_integer_mac,l1_full_n65536,circuit_z,56,256,20894.207,1048576,0,0,1
opt_integer_mac,l1_full_n65536,deferred_columns,56,256,21367.348,1048576,0,0,1
opt_integer_mac,l1_full_n65536,incumbent,56,256,21407.551,1048576,0,0,1
opt_integer_mac,l1_full_n65536,products2,57,256,21215.496,1048576,0,0,1
opt_integer_mac,l1_full_n65536,deferred_columns,57,256,21027.180,1048576,0,0,1
opt_integer_mac,l1_full_n65536,incumbent,57,256,21257.000,1048576,0,0,1
opt_integer_mac,l1_full_n65536,circuit_z,57,256,21983.887,1048576,0,0,1
opt_integer_mac,l1_full_n65536,products4,57,256,21900.879,1048576,0,0,1
opt_integer_mac,l1_full_n65536,circuit_z,58,256,23433.434,1048576,0,0,1
opt_integer_mac,l1_full_n65536,deferred_columns,58,256,20856.281,1048576,0,0,1
opt_integer_mac,l1_full_n65536,incumbent,58,256,21388.020,1048576,0,0,1
opt_integer_mac,l1_full_n65536,products4,58,256,21980.633,1048576,0,0,1
opt_integer_mac,l1_full_n65536,products2,58,256,21140.625,1048576,0,0,1
opt_integer_mac,l1_full_n65536,products4,59,256,20991.375,1048576,0,0,1
opt_integer_mac,l1_full_n65536,incumbent,59,256,21069.496,1048576,0,0,1
opt_integer_mac,l1_full_n65536,products2,59,256,20871.094,1048576,0,0,1
opt_integer_mac,l1_full_n65536,circuit_z,59,256,21242.188,1048576,0,0,1
opt_integer_mac,l1_full_n65536,deferred_columns,59,256,20894.371,1048576,0,0,1
opt_integer_mac,l1_full_n65536,products2,60,256,21129.395,1048576,0,0,1
opt_integer_mac,l1_full_n65536,deferred_columns,60,256,20907.227,1048576,0,0,1
opt_integer_mac,l1_full_n65536,circuit_z,60,256,21484.375,1048576,0,0,1
opt_integer_mac,l1_full_n65536,products4,60,256,20845.215,1048576,0,0,1
opt_integer_mac,l1_full_n65536,incumbent,60,256,21354.656,1048576,0,0,1
opt_integer_mac,l1_full_n65536,products4,61,256,21533.367,1048576,0,0,1
opt_integer_mac,l1_full_n65536,products2,61,256,21053.059,1048576,0,0,1
opt_integer_mac,l1_full_n65536,incumbent,61,256,21367.512,1048576,0,0,1
opt_integer_mac,l1_full_n65536,circuit_z,61,256,21013.672,1048576,0,0,1
opt_integer_mac,l1_full_n65536,deferred_columns,61,256,21037.926,1048576,0,0,1
opt_integer_mac,l1_full_n65536,products4,62,256,21272.785,1048576,0,0,1
opt_integer_mac,l1_full_n65536,incumbent,62,256,21213.215,1048576,0,0,1
opt_integer_mac,l1_full_n65536,circuit_z,62,256,20769.695,1048576,0,0,1
opt_integer_mac,l1_full_n65536,products2,62,256,21658.203,1048576,0,0,1
opt_integer_mac,l1_full_n65536,deferred_columns,62,256,20779.785,1048576,0,0,1
opt_integer_mac,l1_full_n65536,incumbent,63,256,21095.379,1048576,0,0,1
opt_integer_mac,l1_full_n65536,circuit_z,63,256,21431.641,1048576,0,0,1
opt_integer_mac,l1_full_n65536,deferred_columns,63,256,21027.832,1048576,0,0,1
opt_integer_mac,l1_full_n65536,products4,63,256,21170.898,1048576,0,0,1
opt_integer_mac,l1_full_n65536,products2,63,256,20912.598,1048576,0,0,1
opt_projection,q128_l2_n16,horner_one_shot,0,16384,273.933,512,0,0,1
opt_projection,q128_l2_n16,production,0,16384,328.883,512,0,0,1
opt_projection,q128_l2_n16,public_divisor,0,16384,770.912,512,0,0,1
opt_projection,q128_l2_n16,horner_prepared,0,16384,124.560,512,0,0,1
opt_projection,q128_l2_n16,production,1,16384,326.403,512,0,0,1
opt_projection,q128_l2_n16,public_divisor,1,16384,775.747,512,0,0,1
opt_projection,q128_l2_n16,horner_prepared,1,16384,122.869,512,0,0,1
opt_projection,q128_l2_n16,horner_one_shot,1,16384,288.910,512,0,0,1
opt_projection,q128_l2_n16,horner_one_shot,2,16384,281.586,512,0,0,1
opt_projection,q128_l2_n16,public_divisor,2,16384,781.283,512,0,0,1
opt_projection,q128_l2_n16,horner_prepared,2,16384,132.548,512,0,0,1
opt_projection,q128_l2_n16,production,2,16384,319.394,512,0,0,1
opt_projection,q128_l2_n16,horner_one_shot,3,16384,279.655,512,0,0,1
opt_projection,q128_l2_n16,public_divisor,3,16384,768.857,512,0,0,1
opt_projection,q128_l2_n16,production,3,16384,317.713,512,0,0,1
opt_projection,q128_l2_n16,horner_prepared,3,16384,133.418,512,0,0,1
opt_projection,q128_l2_n16,horner_one_shot,4,16384,271.622,512,0,0,1
opt_projection,q128_l2_n16,horner_prepared,4,16384,123.820,512,0,0,1
opt_projection,q128_l2_n16,public_divisor,4,16384,784.948,512,0,0,1
opt_projection,q128_l2_n16,production,4,16384,317.945,512,0,0,1
opt_projection,q128_l2_n16,horner_one_shot,5,16384,272.191,512,0,0,1
opt_projection,q128_l2_n16,production,5,16384,316.058,512,0,0,1
opt_projection,q128_l2_n16,horner_prepared,5,16384,123.172,512,0,0,1
opt_projection,q128_l2_n16,public_divisor,5,16384,775.009,512,0,0,1
opt_projection,q128_l2_n16,horner_one_shot,6,16384,272.672,512,0,0,1
opt_projection,q128_l2_n16,production,6,16384,309.662,512,0,0,1
opt_projection,q128_l2_n16,public_divisor,6,16384,761.729,512,0,0,1
opt_projection,q128_l2_n16,horner_prepared,6,16384,122.749,512,0,0,1
opt_projection,q128_l2_n16,horner_prepared,7,16384,128.019,512,0,0,1
opt_projection,q128_l2_n16,horner_one_shot,7,16384,282.000,512,0,0,1
opt_projection,q128_l2_n16,public_divisor,7,16384,789.492,512,0,0,1
opt_projection,q128_l2_n16,production,7,16384,320.951,512,0,0,1
opt_projection,q128_l2_n16,public_divisor,8,16384,769.053,512,0,0,1
opt_projection,q128_l2_n16,horner_one_shot,8,16384,272.532,512,0,0,1
opt_projection,q128_l2_n16,horner_prepared,8,16384,127.314,512,0,0,1
opt_projection,q128_l2_n16,production,8,16384,317.495,512,0,0,1
opt_projection,q128_l2_n16,public_divisor,9,16384,762.581,512,0,0,1
opt_projection,q128_l2_n16,horner_one_shot,9,16384,274.511,512,0,0,1
opt_projection,q128_l2_n16,horner_prepared,9,16384,124.135,512,0,0,1
opt_projection,q128_l2_n16,production,9,16384,324.262,512,0,0,1
opt_projection,q128_l2_n16,horner_one_shot,10,16384,271.652,512,0,0,1
opt_projection,q128_l2_n16,production,10,16384,319.115,512,0,0,1
opt_projection,q128_l2_n16,horner_prepared,10,16384,125.547,512,0,0,1
opt_projection,q128_l2_n16,public_divisor,10,16384,769.572,512,0,0,1
opt_projection,q128_l2_n16,public_divisor,11,16384,776.082,512,0,0,1
opt_projection,q128_l2_n16,horner_one_shot,11,16384,279.584,512,0,0,1
opt_projection,q128_l2_n16,production,11,16384,323.255,512,0,0,1
opt_projection,q128_l2_n16,horner_prepared,11,16384,123.306,512,0,0,1
opt_projection,q128_l2_n16,horner_prepared,12,16384,126.803,512,0,0,1
opt_projection,q128_l2_n16,horner_one_shot,12,16384,289.375,512,0,0,1
opt_projection,q128_l2_n16,public_divisor,12,16384,773.549,512,0,0,1
opt_projection,q128_l2_n16,production,12,16384,326.431,512,0,0,1
opt_projection,q128_l2_n16,production,13,16384,321.681,512,0,0,1
opt_projection,q128_l2_n16,horner_prepared,13,16384,127.894,512,0,0,1
opt_projection,q128_l2_n16,horner_one_shot,13,16384,271.553,512,0,0,1
opt_projection,q128_l2_n16,public_divisor,13,16384,790.016,512,0,0,1
opt_projection,q128_l2_n16,production,14,16384,323.880,512,0,0,1
opt_projection,q128_l2_n16,horner_prepared,14,16384,124.639,512,0,0,1
opt_projection,q128_l2_n16,public_divisor,14,16384,776.535,512,0,0,1
opt_projection,q128_l2_n16,horner_one_shot,14,16384,289.347,512,0,0,1
opt_projection,q128_l2_n16,horner_prepared,15,16384,127.235,512,0,0,1
opt_projection,q128_l2_n16,production,15,16384,336.456,512,0,0,1
opt_projection,q128_l2_n16,public_divisor,15,16384,779.010,512,0,0,1
opt_projection,q128_l2_n16,horner_one_shot,15,16384,280.512,512,0,0,1
opt_projection,q128_l2_n16,public_divisor,16,16384,788.859,512,0,0,1
opt_projection,q128_l2_n16,horner_one_shot,16,16384,276.639,512,0,0,1
opt_projection,q128_l2_n16,horner_prepared,16,16384,124.011,512,0,0,1
opt_projection,q128_l2_n16,production,16,16384,324.247,512,0,0,1
opt_projection,q128_l2_n16,production,17,16384,326.065,512,0,0,1
opt_projection,q128_l2_n16,horner_one_shot,17,16384,278.809,512,0,0,1
opt_projection,q128_l2_n16,public_divisor,17,16384,784.434,512,0,0,1
opt_projection,q128_l2_n16,horner_prepared,17,16384,123.151,512,0,0,1
opt_projection,q128_l2_n16,public_divisor,18,16384,778.765,512,0,0,1
opt_projection,q128_l2_n16,horner_prepared,18,16384,124.972,512,0,0,1
opt_projection,q128_l2_n16,horner_one_shot,18,16384,279.470,512,0,0,1
opt_projection,q128_l2_n16,production,18,16384,320.714,512,0,0,1
opt_projection,q128_l2_n16,public_divisor,19,16384,787.590,512,0,0,1
opt_projection,q128_l2_n16,horner_prepared,19,16384,123.764,512,0,0,1
opt_projection,q128_l2_n16,horner_one_shot,19,16384,276.232,512,0,0,1
opt_projection,q128_l2_n16,production,19,16384,322.451,512,0,0,1
opt_projection,q128_l2_n16,horner_prepared,20,16384,123.942,512,0,0,1
opt_projection,q128_l2_n16,public_divisor,20,16384,776.749,512,0,0,1
opt_projection,q128_l2_n16,production,20,16384,334.920,512,0,0,1
opt_projection,q128_l2_n16,horner_one_shot,20,16384,276.456,512,0,0,1
opt_projection,q128_l2_n16,production,21,16384,326.586,512,0,0,1
opt_projection,q128_l2_n16,horner_one_shot,21,16384,282.967,512,0,0,1
opt_projection,q128_l2_n16,public_divisor,21,16384,768.895,512,0,0,1
opt_projection,q128_l2_n16,horner_prepared,21,16384,123.759,512,0,0,1
opt_projection,q128_l2_n16,horner_one_shot,22,16384,277.323,512,0,0,1
opt_projection,q128_l2_n16,production,22,16384,322.998,512,0,0,1
opt_projection,q128_l2_n16,public_divisor,22,16384,781.108,512,0,0,1
opt_projection,q128_l2_n16,horner_prepared,22,16384,123.278,512,0,0,1
opt_projection,q128_l2_n16,horner_one_shot,23,16384,272.074,512,0,0,1
opt_projection,q128_l2_n16,production,23,16384,315.295,512,0,0,1
opt_projection,q128_l2_n16,horner_prepared,23,16384,122.467,512,0,0,1
opt_projection,q128_l2_n16,public_divisor,23,16384,780.736,512,0,0,1
opt_projection,q128_l2_n16,production,24,16384,321.327,512,0,0,1
opt_projection,q128_l2_n16,public_divisor,24,16384,773.193,512,0,0,1
opt_projection,q128_l2_n16,horner_prepared,24,16384,122.536,512,0,0,1
opt_projection,q128_l2_n16,horner_one_shot,24,16384,275.960,512,0,0,1
opt_projection,q128_l2_n16,horner_prepared,25,16384,123.289,512,0,0,1
opt_projection,q128_l2_n16,public_divisor,25,16384,768.682,512,0,0,1
opt_projection,q128_l2_n16,production,25,16384,323.446,512,0,0,1
opt_projection,q128_l2_n16,horner_one_shot,25,16384,274.991,512,0,0,1
opt_projection,q128_l2_n16,public_divisor,26,16384,771.650,512,0,0,1
opt_projection,q128_l2_n16,horner_prepared,26,16384,127.993,512,0,0,1
opt_projection,q128_l2_n16,horner_one_shot,26,16384,273.778,512,0,0,1
opt_projection,q128_l2_n16,production,26,16384,322.548,512,0,0,1
opt_projection,q128_l2_n16,public_divisor,27,16384,784.856,512,0,0,1
opt_projection,q128_l2_n16,horner_prepared,27,16384,123.533,512,0,0,1
opt_projection,q128_l2_n16,production,27,16384,317.685,512,0,0,1
opt_projection,q128_l2_n16,horner_one_shot,27,16384,277.982,512,0,0,1
opt_projection,q128_l2_n16,horner_one_shot,28,16384,280.375,512,0,0,1
opt_projection,q128_l2_n16,public_divisor,28,16384,772.227,512,0,0,1
opt_projection,q128_l2_n16,production,28,16384,328.400,512,0,0,1
opt_projection,q128_l2_n16,horner_prepared,28,16384,130.768,512,0,0,1
opt_projection,q128_l2_n16,horner_prepared,29,16384,129.102,512,0,0,1
opt_projection,q128_l2_n16,production,29,16384,324.613,512,0,0,1
opt_projection,q128_l2_n16,horner_one_shot,29,16384,274.348,512,0,0,1
opt_projection,q128_l2_n16,public_divisor,29,16384,774.523,512,0,0,1
opt_projection,q128_l2_n16,public_divisor,30,16384,771.561,512,0,0,1
opt_projection,q128_l2_n16,horner_one_shot,30,16384,275.096,512,0,0,1
opt_projection,q128_l2_n16,horner_prepared,30,16384,125.328,512,0,0,1
opt_projection,q128_l2_n16,production,30,16384,324.000,512,0,0,1
opt_projection,q128_l2_n16,horner_prepared,31,16384,131.709,512,0,0,1
opt_projection,q128_l2_n16,horner_one_shot,31,16384,302.348,512,0,0,1
opt_projection,q128_l2_n16,production,31,16384,356.328,512,0,0,1
opt_projection,q128_l2_n16,public_divisor,31,16384,887.271,512,0,0,1
opt_projection,q128_l2_n16,horner_prepared,32,16384,128.362,512,0,0,1
opt_projection,q128_l2_n16,public_divisor,32,16384,792.447,512,0,0,1
opt_projection,q128_l2_n16,production,32,16384,319.753,512,0,0,1
opt_projection,q128_l2_n16,horner_one_shot,32,16384,274.803,512,0,0,1
opt_projection,q128_l2_n16,production,33,16384,322.281,512,0,0,1
opt_projection,q128_l2_n16,horner_prepared,33,16384,123.296,512,0,0,1
opt_projection,q128_l2_n16,horner_one_shot,33,16384,279.093,512,0,0,1
opt_projection,q128_l2_n16,public_divisor,33,16384,783.747,512,0,0,1
opt_projection,q128_l2_n16,horner_one_shot,34,16384,274.129,512,0,0,1
opt_projection,q128_l2_n16,horner_prepared,34,16384,126.859,512,0,0,1
opt_projection,q128_l2_n16,production,34,16384,323.832,512,0,0,1
opt_projection,q128_l2_n16,public_divisor,34,16384,761.531,512,0,0,1
opt_projection,q128_l2_n16,horner_prepared,35,16384,135.796,512,0,0,1
opt_projection,q128_l2_n16,horner_one_shot,35,16384,271.271,512,0,0,1
opt_projection,q128_l2_n16,public_divisor,35,16384,761.416,512,0,0,1
opt_projection,q128_l2_n16,production,35,16384,316.572,512,0,0,1
opt_projection,q128_l2_n16,production,36,16384,322.523,512,0,0,1
opt_projection,q128_l2_n16,horner_prepared,36,16384,125.010,512,0,0,1
opt_projection,q128_l2_n16,public_divisor,36,16384,777.654,512,0,0,1
opt_projection,q128_l2_n16,horner_one_shot,36,16384,273.661,512,0,0,1
opt_projection,q128_l2_n16,horner_one_shot,37,16384,274.849,512,0,0,1
opt_projection,q128_l2_n16,production,37,16384,316.208,512,0,0,1
opt_projection,q128_l2_n16,public_divisor,37,16384,767.642,512,0,0,1
opt_projection,q128_l2_n16,horner_prepared,37,16384,126.467,512,0,0,1
opt_projection,q128_l2_n16,horner_prepared,38,16384,123.344,512,0,0,1
opt_projection,q128_l2_n16,production,38,16384,320.910,512,0,0,1
opt_projection,q128_l2_n16,public_divisor,38,16384,764.331,512,0,0,1
opt_projection,q128_l2_n16,horner_one_shot,38,16384,280.604,512,0,0,1
opt_projection,q128_l2_n16,public_divisor,39,16384,781.031,512,0,0,1
opt_projection,q128_l2_n16,horner_prepared,39,16384,123.718,512,0,0,1
opt_projection,q128_l2_n16,horner_one_shot,39,16384,282.743,512,0,0,1
opt_projection,q128_l2_n16,production,39,16384,320.852,512,0,0,1
opt_projection,q128_l2_n16,horner_prepared,40,16384,126.124,512,0,0,1
opt_projection,q128_l2_n16,public_divisor,40,16384,777.496,512,0,0,1
opt_projection,q128_l2_n16,horner_one_shot,40,16384,276.571,512,0,0,1
opt_projection,q128_l2_n16,production,40,16384,322.507,512,0,0,1
opt_projection,q128_l2_n16,public_divisor,41,16384,780.965,512,0,0,1
opt_projection,q128_l2_n16,horner_one_shot,41,16384,273.074,512,0,0,1
opt_projection,q128_l2_n16,horner_prepared,41,16384,124.626,512,0,0,1
opt_projection,q128_l2_n16,production,41,16384,326.210,512,0,0,1
opt_projection,q128_l2_n16,public_divisor,42,16384,771.718,512,0,0,1
opt_projection,q128_l2_n16,production,42,16384,326.307,512,0,0,1
opt_projection,q128_l2_n16,horner_prepared,42,16384,122.815,512,0,0,1
opt_projection,q128_l2_n16,horner_one_shot,42,16384,275.749,512,0,0,1
opt_projection,q128_l2_n16,horner_prepared,43,16384,124.082,512,0,0,1
opt_projection,q128_l2_n16,production,43,16384,316.149,512,0,0,1
opt_projection,q128_l2_n16,horner_one_shot,43,16384,274.137,512,0,0,1
opt_projection,q128_l2_n16,public_divisor,43,16384,766.604,512,0,0,1
opt_projection,q128_l2_n16,horner_prepared,44,16384,124.850,512,0,0,1
opt_projection,q128_l2_n16,production,44,16384,322.657,512,0,0,1
opt_projection,q128_l2_n16,horner_one_shot,44,16384,273.320,512,0,0,1
opt_projection,q128_l2_n16,public_divisor,44,16384,779.605,512,0,0,1
opt_projection,q128_l2_n16,production,45,16384,325.363,512,0,0,1
opt_projection,q128_l2_n16,horner_one_shot,45,16384,270.963,512,0,0,1
opt_projection,q128_l2_n16,horner_prepared,45,16384,126.923,512,0,0,1
opt_projection,q128_l2_n16,public_divisor,45,16384,767.515,512,0,0,1
opt_projection,q128_l2_n16,horner_one_shot,46,16384,279.867,512,0,0,1
opt_projection,q128_l2_n16,production,46,16384,325.218,512,0,0,1
opt_projection,q128_l2_n16,horner_prepared,46,16384,123.909,512,0,0,1
opt_projection,q128_l2_n16,public_divisor,46,16384,778.315,512,0,0,1
opt_projection,q128_l2_n16,production,47,16384,319.209,512,0,0,1
opt_projection,q128_l2_n16,horner_one_shot,47,16384,271.172,512,0,0,1
opt_projection,q128_l2_n16,public_divisor,47,16384,766.462,512,0,0,1
opt_projection,q128_l2_n16,horner_prepared,47,16384,126.780,512,0,0,1
opt_projection,q128_l2_n16,horner_prepared,48,16384,123.179,512,0,0,1
opt_projection,q128_l2_n16,production,48,16384,323.006,512,0,0,1
opt_projection,q128_l2_n16,horner_one_shot,48,16384,275.141,512,0,0,1
opt_projection,q128_l2_n16,public_divisor,48,16384,770.182,512,0,0,1
opt_projection,q128_l2_n16,public_divisor,49,16384,771.149,512,0,0,1
opt_projection,q128_l2_n16,production,49,16384,317.675,512,0,0,1
opt_projection,q128_l2_n16,horner_prepared,49,16384,122.442,512,0,0,1
opt_projection,q128_l2_n16,horner_one_shot,49,16384,273.776,512,0,0,1
opt_projection,q128_l2_n16,production,50,16384,333.425,512,0,0,1
opt_projection,q128_l2_n16,horner_prepared,50,16384,132.802,512,0,0,1
opt_projection,q128_l2_n16,public_divisor,50,16384,768.626,512,0,0,1
opt_projection,q128_l2_n16,horner_one_shot,50,16384,277.362,512,0,0,1
opt_projection,q128_l2_n16,public_divisor,51,16384,771.647,512,0,0,1
opt_projection,q128_l2_n16,production,51,16384,318.192,512,0,0,1
opt_projection,q128_l2_n16,horner_one_shot,51,16384,272.845,512,0,0,1
opt_projection,q128_l2_n16,horner_prepared,51,16384,123.482,512,0,0,1
opt_projection,q128_l2_n16,public_divisor,52,16384,780.151,512,0,0,1
opt_projection,q128_l2_n16,horner_prepared,52,16384,124.484,512,0,0,1
opt_projection,q128_l2_n16,production,52,16384,332.128,512,0,0,1
opt_projection,q128_l2_n16,horner_one_shot,52,16384,287.732,512,0,0,1
opt_projection,q128_l2_n16,horner_one_shot,53,16384,274.170,512,0,0,1
opt_projection,q128_l2_n16,public_divisor,53,16384,770.025,512,0,0,1
opt_projection,q128_l2_n16,production,53,16384,326.981,512,0,0,1
opt_projection,q128_l2_n16,horner_prepared,53,16384,124.232,512,0,0,1
opt_projection,q128_l2_n16,production,54,16384,320.791,512,0,0,1
opt_projection,q128_l2_n16,horner_prepared,54,16384,125.692,512,0,0,1
opt_projection,q128_l2_n16,horner_one_shot,54,16384,284.007,512,0,0,1
opt_projection,q128_l2_n16,public_divisor,54,16384,772.779,512,0,0,1
opt_projection,q128_l2_n16,public_divisor,55,16384,777.896,512,0,0,1
opt_projection,q128_l2_n16,horner_prepared,55,16384,123.011,512,0,0,1
opt_projection,q128_l2_n16,horner_one_shot,55,16384,280.484,512,0,0,1
opt_projection,q128_l2_n16,production,55,16384,318.878,512,0,0,1
opt_projection,q128_l2_n16,production,56,16384,336.085,512,0,0,1
opt_projection,q128_l2_n16,public_divisor,56,16384,777.334,512,0,0,1
opt_projection,q128_l2_n16,horner_one_shot,56,16384,280.301,512,0,0,1
opt_projection,q128_l2_n16,horner_prepared,56,16384,129.878,512,0,0,1
opt_projection,q128_l2_n16,horner_one_shot,57,16384,283.933,512,0,0,1
opt_projection,q128_l2_n16,production,57,16384,325.958,512,0,0,1
opt_projection,q128_l2_n16,public_divisor,57,16384,776.917,512,0,0,1
opt_projection,q128_l2_n16,horner_prepared,57,16384,124.237,512,0,0,1
opt_projection,q128_l2_n16,production,58,16384,323.891,512,0,0,1
opt_projection,q128_l2_n16,horner_one_shot,58,16384,281.370,512,0,0,1
opt_projection,q128_l2_n16,public_divisor,58,16384,769.633,512,0,0,1
opt_projection,q128_l2_n16,horner_prepared,58,16384,135.000,512,0,0,1
opt_projection,q128_l2_n16,public_divisor,59,16384,786.390,512,0,0,1
opt_projection,q128_l2_n16,horner_prepared,59,16384,123.405,512,0,0,1
opt_projection,q128_l2_n16,horner_one_shot,59,16384,291.738,512,0,0,1
opt_projection,q128_l2_n16,production,59,16384,324.582,512,0,0,1
opt_projection,q128_l2_n16,horner_one_shot,60,16384,276.082,512,0,0,1
opt_projection,q128_l2_n16,public_divisor,60,16384,797.971,512,0,0,1
opt_projection,q128_l2_n16,horner_prepared,60,16384,124.087,512,0,0,1
opt_projection,q128_l2_n16,production,60,16384,319.036,512,0,0,1
opt_projection,q128_l2_n16,horner_one_shot,61,16384,281.487,512,0,0,1
opt_projection,q128_l2_n16,public_divisor,61,16384,778.572,512,0,0,1
opt_projection,q128_l2_n16,production,61,16384,326.787,512,0,0,1
opt_projection,q128_l2_n16,horner_prepared,61,16384,130.676,512,0,0,1
opt_projection,q128_l2_n16,horner_one_shot,62,16384,281.354,512,0,0,1
opt_projection,q128_l2_n16,public_divisor,62,16384,786.387,512,0,0,1
opt_projection,q128_l2_n16,production,62,16384,327.576,512,0,0,1
opt_projection,q128_l2_n16,horner_prepared,62,16384,123.721,512,0,0,1
opt_projection,q128_l2_n16,production,63,16384,331.169,512,0,0,1
opt_projection,q128_l2_n16,public_divisor,63,16384,777.901,512,0,0,1
opt_projection,q128_l2_n16,horner_one_shot,63,16384,279.503,512,0,0,1
opt_projection,q128_l2_n16,horner_prepared,63,16384,123.891,512,0,0,1
opt_uint_add,l1_n1024,circuit_z,0,16384,221.428,24576,0,0,1
opt_uint_add,l1_n1024,word_carry,0,16384,214.083,24576,0,0,1
opt_uint_add,l1_n1024,word_carry,1,16384,219.940,24576,0,0,1
opt_uint_add,l1_n1024,circuit_z,1,16384,214.795,24576,0,0,1
opt_uint_add,l1_n1024,word_carry,2,16384,218.043,24576,0,0,1
opt_uint_add,l1_n1024,circuit_z,2,16384,223.112,24576,0,0,1
opt_uint_add,l1_n1024,circuit_z,3,16384,219.869,24576,0,0,1
opt_uint_add,l1_n1024,word_carry,3,16384,213.585,24576,0,0,1
opt_uint_add,l1_n1024,word_carry,4,16384,215.726,24576,0,0,1
opt_uint_add,l1_n1024,circuit_z,4,16384,215.065,24576,0,0,1
opt_uint_add,l1_n1024,circuit_z,5,16384,217.204,24576,0,0,1
opt_uint_add,l1_n1024,word_carry,5,16384,212.720,24576,0,0,1
opt_uint_add,l1_n1024,word_carry,6,16384,220.657,24576,0,0,1
opt_uint_add,l1_n1024,circuit_z,6,16384,224.116,24576,0,0,1
opt_uint_add,l1_n1024,word_carry,7,16384,222.539,24576,0,0,1
opt_uint_add,l1_n1024,circuit_z,7,16384,216.398,24576,0,0,1
opt_uint_add,l1_n1024,circuit_z,8,16384,221.072,24576,0,0,1
opt_uint_add,l1_n1024,word_carry,8,16384,213.379,24576,0,0,1
opt_uint_add,l1_n1024,circuit_z,9,16384,213.865,24576,0,0,1
opt_uint_add,l1_n1024,word_carry,9,16384,216.466,24576,0,0,1
opt_uint_add,l1_n1024,circuit_z,10,16384,218.264,24576,0,0,1
opt_uint_add,l1_n1024,word_carry,10,16384,218.249,24576,0,0,1
opt_uint_add,l1_n1024,word_carry,11,16384,222.872,24576,0,0,1
opt_uint_add,l1_n1024,circuit_z,11,16384,220.556,24576,0,0,1
opt_uint_add,l1_n1024,word_carry,12,16384,212.186,24576,0,0,1
opt_uint_add,l1_n1024,circuit_z,12,16384,217.478,24576,0,0,1
opt_uint_add,l1_n1024,word_carry,13,16384,219.363,24576,0,0,1
opt_uint_add,l1_n1024,circuit_z,13,16384,219.185,24576,0,0,1
opt_uint_add,l1_n1024,word_carry,14,16384,217.740,24576,0,0,1
opt_uint_add,l1_n1024,circuit_z,14,16384,218.442,24576,0,0,1
opt_uint_add,l1_n1024,circuit_z,15,16384,215.281,24576,0,0,1
opt_uint_add,l1_n1024,word_carry,15,16384,219.683,24576,0,0,1
opt_uint_add,l1_n1024,circuit_z,16,16384,213.346,24576,0,0,1
opt_uint_add,l1_n1024,word_carry,16,16384,229.802,24576,0,0,1
opt_uint_add,l1_n1024,word_carry,17,16384,215.352,24576,0,0,1
opt_uint_add,l1_n1024,circuit_z,17,16384,215.157,24576,0,0,1
opt_uint_add,l1_n1024,circuit_z,18,16384,216.718,24576,0,0,1
opt_uint_add,l1_n1024,word_carry,18,16384,215.286,24576,0,0,1
opt_uint_add,l1_n1024,word_carry,19,16384,212.555,24576,0,0,1
opt_uint_add,l1_n1024,circuit_z,19,16384,215.218,24576,0,0,1
opt_uint_add,l1_n1024,word_carry,20,16384,211.558,24576,0,0,1
opt_uint_add,l1_n1024,circuit_z,20,16384,211.838,24576,0,0,1
opt_uint_add,l1_n1024,circuit_z,21,16384,218.043,24576,0,0,1
opt_uint_add,l1_n1024,word_carry,21,16384,215.599,24576,0,0,1
opt_uint_add,l1_n1024,circuit_z,22,16384,228.706,24576,0,0,1
opt_uint_add,l1_n1024,word_carry,22,16384,230.064,24576,0,0,1
opt_uint_add,l1_n1024,word_carry,23,16384,212.260,24576,0,0,1
opt_uint_add,l1_n1024,circuit_z,23,16384,215.365,24576,0,0,1
opt_uint_add,l1_n1024,circuit_z,24,16384,221.634,24576,0,0,1
opt_uint_add,l1_n1024,word_carry,24,16384,222.804,24576,0,0,1
opt_uint_add,l1_n1024,word_carry,25,16384,220.111,24576,0,0,1
opt_uint_add,l1_n1024,circuit_z,25,16384,213.585,24576,0,0,1
opt_uint_add,l1_n1024,word_carry,26,16384,212.428,24576,0,0,1
opt_uint_add,l1_n1024,circuit_z,26,16384,215.991,24576,0,0,1
opt_uint_add,l1_n1024,circuit_z,27,16384,215.218,24576,0,0,1
opt_uint_add,l1_n1024,word_carry,27,16384,213.870,24576,0,0,1
opt_uint_add,l1_n1024,word_carry,28,16384,222.382,24576,0,0,1
opt_uint_add,l1_n1024,circuit_z,28,16384,214.605,24576,0,0,1
opt_uint_add,l1_n1024,word_carry,29,16384,217.496,24576,0,0,1
opt_uint_add,l1_n1024,circuit_z,29,16384,216.949,24576,0,0,1
opt_uint_add,l1_n1024,circuit_z,30,16384,216.637,24576,0,0,1
opt_uint_add,l1_n1024,word_carry,30,16384,220.973,24576,0,0,1
opt_uint_add,l1_n1024,circuit_z,31,16384,217.349,24576,0,0,1
opt_uint_add,l1_n1024,word_carry,31,16384,216.359,24576,0,0,1
opt_uint_add,l1_n1024,circuit_z,32,16384,213.547,24576,0,0,1
opt_uint_add,l1_n1024,word_carry,32,16384,221.268,24576,0,0,1
opt_uint_add,l1_n1024,word_carry,33,16384,214.371,24576,0,0,1
opt_uint_add,l1_n1024,circuit_z,33,16384,219.795,24576,0,0,1
opt_uint_add,l1_n1024,word_carry,34,16384,213.470,24576,0,0,1
opt_uint_add,l1_n1024,circuit_z,34,16384,213.028,24576,0,0,1
opt_uint_add,l1_n1024,circuit_z,35,16384,225.978,24576,0,0,1
opt_uint_add,l1_n1024,word_carry,35,16384,223.094,24576,0,0,1
opt_uint_add,l1_n1024,word_carry,36,16384,220.805,24576,0,0,1
opt_uint_add,l1_n1024,circuit_z,36,16384,214.109,24576,0,0,1
opt_uint_add,l1_n1024,word_carry,37,16384,212.896,24576,0,0,1
opt_uint_add,l1_n1024,circuit_z,37,16384,216.568,24576,0,0,1
opt_uint_add,l1_n1024,circuit_z,38,16384,214.414,24576,0,0,1
opt_uint_add,l1_n1024,word_carry,38,16384,214.203,24576,0,0,1
opt_uint_add,l1_n1024,circuit_z,39,16384,211.891,24576,0,0,1
opt_uint_add,l1_n1024,word_carry,39,16384,215.955,24576,0,0,1
opt_uint_add,l1_n1024,circuit_z,40,16384,218.127,24576,0,0,1
opt_uint_add,l1_n1024,word_carry,40,16384,220.334,24576,0,0,1
opt_uint_add,l1_n1024,word_carry,41,16384,222.806,24576,0,0,1
opt_uint_add,l1_n1024,circuit_z,41,16384,217.695,24576,0,0,1
opt_uint_add,l1_n1024,word_carry,42,16384,216.039,24576,0,0,1
opt_uint_add,l1_n1024,circuit_z,42,16384,221.021,24576,0,0,1
opt_uint_add,l1_n1024,word_carry,43,16384,218.163,24576,0,0,1
opt_uint_add,l1_n1024,circuit_z,43,16384,215.411,24576,0,0,1
opt_uint_add,l1_n1024,circuit_z,44,16384,211.510,24576,0,0,1
opt_uint_add,l1_n1024,word_carry,44,16384,212.830,24576,0,0,1
opt_uint_add,l1_n1024,circuit_z,45,16384,216.250,24576,0,0,1
opt_uint_add,l1_n1024,word_carry,45,16384,234.342,24576,0,0,1
opt_uint_add,l1_n1024,word_carry,46,16384,227.122,24576,0,0,1
opt_uint_add,l1_n1024,circuit_z,46,16384,221.570,24576,0,0,1
opt_uint_add,l1_n1024,circuit_z,47,16384,219.625,24576,0,0,1
opt_uint_add,l1_n1024,word_carry,47,16384,226.997,24576,0,0,1
opt_uint_add,l1_n1024,circuit_z,48,16384,220.428,24576,0,0,1
opt_uint_add,l1_n1024,word_carry,48,16384,214.915,24576,0,0,1
opt_uint_add,l1_n1024,circuit_z,49,16384,239.395,24576,0,0,1
opt_uint_add,l1_n1024,word_carry,49,16384,231.974,24576,0,0,1
opt_uint_add,l1_n1024,circuit_z,50,16384,223.872,24576,0,0,1
opt_uint_add,l1_n1024,word_carry,50,16384,233.869,24576,0,0,1
opt_uint_add,l1_n1024,circuit_z,51,16384,226.158,24576,0,0,1
opt_uint_add,l1_n1024,word_carry,51,16384,211.502,24576,0,0,1
opt_uint_add,l1_n1024,word_carry,52,16384,218.124,24576,0,0,1
opt_uint_add,l1_n1024,circuit_z,52,16384,233.706,24576,0,0,1
opt_uint_add,l1_n1024,circuit_z,53,16384,221.619,24576,0,0,1
opt_uint_add,l1_n1024,word_carry,53,16384,221.629,24576,0,0,1
opt_uint_add,l1_n1024,circuit_z,54,16384,216.858,24576,0,0,1
opt_uint_add,l1_n1024,word_carry,54,16384,215.991,24576,0,0,1
opt_uint_add,l1_n1024,word_carry,55,16384,227.300,24576,0,0,1
opt_uint_add,l1_n1024,circuit_z,55,16384,218.259,24576,0,0,1
opt_uint_add,l1_n1024,circuit_z,56,16384,229.909,24576,0,0,1
opt_uint_add,l1_n1024,word_carry,56,16384,218.363,24576,0,0,1
opt_uint_add,l1_n1024,word_carry,57,16384,214.396,24576,0,0,1
opt_uint_add,l1_n1024,circuit_z,57,16384,218.028,24576,0,0,1
opt_uint_add,l1_n1024,word_carry,58,16384,220.360,24576,0,0,1
opt_uint_add,l1_n1024,circuit_z,58,16384,213.669,24576,0,0,1
opt_uint_add,l1_n1024,word_carry,59,16384,217.021,24576,0,0,1
opt_uint_add,l1_n1024,circuit_z,59,16384,233.307,24576,0,0,1
opt_uint_add,l1_n1024,word_carry,60,16384,219.683,24576,0,0,1
opt_uint_add,l1_n1024,circuit_z,60,16384,222.862,24576,0,0,1
opt_uint_add,l1_n1024,circuit_z,61,16384,224.673,24576,0,0,1
opt_uint_add,l1_n1024,word_carry,61,16384,219.638,24576,0,0,1
opt_uint_add,l1_n1024,word_carry,62,16384,231.794,24576,0,0,1
opt_uint_add,l1_n1024,circuit_z,62,16384,231.476,24576,0,0,1
opt_uint_add,l1_n1024,circuit_z,63,16384,219.973,24576,0,0,1
opt_uint_add,l1_n1024,word_carry,63,16384,219.526,24576,0,0,1
opt_uint_checked_add,l1_n1024,vendor_option,0,8192,541.219,24576,0,0,1
opt_uint_checked_add,l1_n1024,word_option,0,8192,507.548,24576,0,0,1
opt_uint_checked_add,l1_n1024,word_option,1,8192,529.404,24576,0,0,1
opt_uint_checked_add,l1_n1024,vendor_option,1,8192,492.915,24576,0,0,1
opt_uint_checked_add,l1_n1024,vendor_option,2,8192,493.032,24576,0,0,1
opt_uint_checked_add,l1_n1024,word_option,2,8192,498.810,24576,0,0,1
opt_uint_checked_add,l1_n1024,vendor_option,3,8192,492.859,24576,0,0,1
opt_uint_checked_add,l1_n1024,word_option,3,8192,497.045,24576,0,0,1
opt_uint_checked_add,l1_n1024,word_option,4,8192,506.414,24576,0,0,1
opt_uint_checked_add,l1_n1024,vendor_option,4,8192,489.075,24576,0,0,1
opt_uint_checked_add,l1_n1024,vendor_option,5,8192,515.137,24576,0,0,1
opt_uint_checked_add,l1_n1024,word_option,5,8192,507.563,24576,0,0,1
opt_uint_checked_add,l1_n1024,vendor_option,6,8192,486.710,24576,0,0,1
opt_uint_checked_add,l1_n1024,word_option,6,8192,507.467,24576,0,0,1
opt_uint_checked_add,l1_n1024,vendor_option,7,8192,497.172,24576,0,0,1
opt_uint_checked_add,l1_n1024,word_option,7,8192,496.852,24576,0,0,1
opt_uint_checked_add,l1_n1024,vendor_option,8,8192,491.058,24576,0,0,1
opt_uint_checked_add,l1_n1024,word_option,8,8192,489.426,24576,0,0,1
opt_uint_checked_add,l1_n1024,word_option,9,8192,491.577,24576,0,0,1
opt_uint_checked_add,l1_n1024,vendor_option,9,8192,509.359,24576,0,0,1
opt_uint_checked_add,l1_n1024,vendor_option,10,8192,500.682,24576,0,0,1
opt_uint_checked_add,l1_n1024,word_option,10,8192,505.956,24576,0,0,1
opt_uint_checked_add,l1_n1024,word_option,11,8192,503.255,24576,0,0,1
opt_uint_checked_add,l1_n1024,vendor_option,11,8192,484.828,24576,0,0,1
opt_uint_checked_add,l1_n1024,vendor_option,12,8192,494.064,24576,0,0,1
opt_uint_checked_add,l1_n1024,word_option,12,8192,506.587,24576,0,0,1
opt_uint_checked_add,l1_n1024,word_option,13,8192,489.349,24576,0,0,1
opt_uint_checked_add,l1_n1024,vendor_option,13,8192,504.089,24576,0,0,1
opt_uint_checked_add,l1_n1024,word_option,14,8192,503.031,24576,0,0,1
opt_uint_checked_add,l1_n1024,vendor_option,14,8192,487.452,24576,0,0,1
opt_uint_checked_add,l1_n1024,vendor_option,15,8192,507.187,24576,0,0,1
opt_uint_checked_add,l1_n1024,word_option,15,8192,496.816,24576,0,0,1
opt_uint_checked_add,l1_n1024,vendor_option,16,8192,496.114,24576,0,0,1
opt_uint_checked_add,l1_n1024,word_option,16,8192,506.042,24576,0,0,1
opt_uint_checked_add,l1_n1024,word_option,17,8192,519.063,24576,0,0,1
opt_uint_checked_add,l1_n1024,vendor_option,17,8192,505.702,24576,0,0,1
opt_uint_checked_add,l1_n1024,word_option,18,8192,502.975,24576,0,0,1
opt_uint_checked_add,l1_n1024,vendor_option,18,8192,503.332,24576,0,0,1
opt_uint_checked_add,l1_n1024,vendor_option,19,8192,488.485,24576,0,0,1
opt_uint_checked_add,l1_n1024,word_option,19,8192,498.301,24576,0,0,1
opt_uint_checked_add,l1_n1024,word_option,20,8192,488.719,24576,0,0,1
opt_uint_checked_add,l1_n1024,vendor_option,20,8192,511.276,24576,0,0,1
opt_uint_checked_add,l1_n1024,vendor_option,21,8192,486.277,24576,0,0,1
opt_uint_checked_add,l1_n1024,word_option,21,8192,494.664,24576,0,0,1
opt_uint_checked_add,l1_n1024,vendor_option,22,8192,508.214,24576,0,0,1
opt_uint_checked_add,l1_n1024,word_option,22,8192,590.174,24576,0,0,1
opt_uint_checked_add,l1_n1024,word_option,23,8192,522.995,24576,0,0,1
opt_uint_checked_add,l1_n1024,vendor_option,23,8192,493.922,24576,0,0,1
opt_uint_checked_add,l1_n1024,vendor_option,24,8192,520.701,24576,0,0,1
opt_uint_checked_add,l1_n1024,word_option,24,8192,513.163,24576,0,0,1
opt_uint_checked_add,l1_n1024,vendor_option,25,8192,492.116,24576,0,0,1
opt_uint_checked_add,l1_n1024,word_option,25,8192,602.147,24576,0,0,1
opt_uint_checked_add,l1_n1024,word_option,26,8192,631.180,24576,0,0,1
opt_uint_checked_add,l1_n1024,vendor_option,26,8192,502.691,24576,0,0,1
opt_uint_checked_add,l1_n1024,word_option,27,8192,499.034,24576,0,0,1
opt_uint_checked_add,l1_n1024,vendor_option,27,8192,488.164,24576,0,0,1
opt_uint_checked_add,l1_n1024,word_option,28,8192,507.523,24576,0,0,1
opt_uint_checked_add,l1_n1024,vendor_option,28,8192,487.635,24576,0,0,1
opt_uint_checked_add,l1_n1024,word_option,29,8192,500.280,24576,0,0,1
opt_uint_checked_add,l1_n1024,vendor_option,29,8192,488.724,24576,0,0,1
opt_uint_checked_add,l1_n1024,word_option,30,8192,499.969,24576,0,0,1
opt_uint_checked_add,l1_n1024,vendor_option,30,8192,502.904,24576,0,0,1
opt_uint_checked_add,l1_n1024,word_option,31,8192,500.590,24576,0,0,1
opt_uint_checked_add,l1_n1024,vendor_option,31,8192,496.368,24576,0,0,1
opt_uint_checked_add,l1_n1024,word_option,32,8192,514.938,24576,0,0,1
opt_uint_checked_add,l1_n1024,vendor_option,32,8192,489.878,24576,0,0,1
opt_uint_checked_add,l1_n1024,vendor_option,33,8192,513.224,24576,0,0,1
opt_uint_checked_add,l1_n1024,word_option,33,8192,489.110,24576,0,0,1
opt_uint_checked_add,l1_n1024,word_option,34,8192,498.861,24576,0,0,1
opt_uint_checked_add,l1_n1024,vendor_option,34,8192,496.811,24576,0,0,1
opt_uint_checked_add,l1_n1024,word_option,35,8192,485.687,24576,0,0,1
opt_uint_checked_add,l1_n1024,vendor_option,35,8192,506.790,24576,0,0,1
opt_uint_checked_add,l1_n1024,vendor_option,36,8192,486.679,24576,0,0,1
opt_uint_checked_add,l1_n1024,word_option,36,8192,494.659,24576,0,0,1
opt_uint_checked_add,l1_n1024,vendor_option,37,8192,504.689,24576,0,0,1
opt_uint_checked_add,l1_n1024,word_option,37,8192,495.041,24576,0,0,1
opt_uint_checked_add,l1_n1024,vendor_option,38,8192,496.913,24576,0,0,1
opt_uint_checked_add,l1_n1024,word_option,38,8192,486.628,24576,0,0,1
opt_uint_checked_add,l1_n1024,word_option,39,8192,494.258,24576,0,0,1
opt_uint_checked_add,l1_n1024,vendor_option,39,8192,493.510,24576,0,0,1
opt_uint_checked_add,l1_n1024,vendor_option,40,8192,500.992,24576,0,0,1
opt_uint_checked_add,l1_n1024,word_option,40,8192,497.930,24576,0,0,1
opt_uint_checked_add,l1_n1024,vendor_option,41,8192,487.767,24576,0,0,1
opt_uint_checked_add,l1_n1024,word_option,41,8192,493.744,24576,0,0,1
opt_uint_checked_add,l1_n1024,word_option,42,8192,515.228,24576,0,0,1
opt_uint_checked_add,l1_n1024,vendor_option,42,8192,493.683,24576,0,0,1
opt_uint_checked_add,l1_n1024,vendor_option,43,8192,501.836,24576,0,0,1
opt_uint_checked_add,l1_n1024,word_option,43,8192,487.808,24576,0,0,1
opt_uint_checked_add,l1_n1024,vendor_option,44,8192,488.139,24576,0,0,1
opt_uint_checked_add,l1_n1024,word_option,44,8192,499.542,24576,0,0,1
opt_uint_checked_add,l1_n1024,vendor_option,45,8192,491.501,24576,0,0,1
opt_uint_checked_add,l1_n1024,word_option,45,8192,505.046,24576,0,0,1
opt_uint_checked_add,l1_n1024,word_option,46,8192,508.387,24576,0,0,1
opt_uint_checked_add,l1_n1024,vendor_option,46,8192,517.141,24576,0,0,1
opt_uint_checked_add,l1_n1024,word_option,47,8192,487.915,24576,0,0,1
opt_uint_checked_add,l1_n1024,vendor_option,47,8192,496.836,24576,0,0,1
opt_uint_checked_add,l1_n1024,vendor_option,48,8192,487.712,24576,0,0,1
opt_uint_checked_add,l1_n1024,word_option,48,8192,486.445,24576,0,0,1
opt_uint_checked_add,l1_n1024,vendor_option,49,8192,495.921,24576,0,0,1
opt_uint_checked_add,l1_n1024,word_option,49,8192,488.286,24576,0,0,1
opt_uint_checked_add,l1_n1024,vendor_option,50,8192,507.075,24576,0,0,1
opt_uint_checked_add,l1_n1024,word_option,50,8192,511.551,24576,0,0,1
opt_uint_checked_add,l1_n1024,word_option,51,8192,496.724,24576,0,0,1
opt_uint_checked_add,l1_n1024,vendor_option,51,8192,492.274,24576,0,0,1
opt_uint_checked_add,l1_n1024,vendor_option,52,8192,500.025,24576,0,0,1
opt_uint_checked_add,l1_n1024,word_option,52,8192,490.117,24576,0,0,1
opt_uint_checked_add,l1_n1024,word_option,53,8192,500.193,24576,0,0,1
opt_uint_checked_add,l1_n1024,vendor_option,53,8192,484.711,24576,0,0,1
opt_uint_checked_add,l1_n1024,word_option,54,8192,503.123,24576,0,0,1
opt_uint_checked_add,l1_n1024,vendor_option,54,8192,494.659,24576,0,0,1
opt_uint_checked_add,l1_n1024,vendor_option,55,8192,491.002,24576,0,0,1
opt_uint_checked_add,l1_n1024,word_option,55,8192,503.332,24576,0,0,1
opt_uint_checked_add,l1_n1024,word_option,56,8192,486.532,24576,0,0,1
opt_uint_checked_add,l1_n1024,vendor_option,56,8192,499.354,24576,0,0,1
opt_uint_checked_add,l1_n1024,vendor_option,57,8192,498.037,24576,0,0,1
opt_uint_checked_add,l1_n1024,word_option,57,8192,489.965,24576,0,0,1
opt_uint_checked_add,l1_n1024,vendor_option,58,8192,495.580,24576,0,0,1
opt_uint_checked_add,l1_n1024,word_option,58,8192,497.538,24576,0,0,1
opt_uint_checked_add,l1_n1024,vendor_option,59,8192,502.055,24576,0,0,1
opt_uint_checked_add,l1_n1024,word_option,59,8192,487.371,24576,0,0,1
opt_uint_checked_add,l1_n1024,word_option,60,8192,491.389,24576,0,0,1
opt_uint_checked_add,l1_n1024,vendor_option,60,8192,500.168,24576,0,0,1
opt_uint_checked_add,l1_n1024,word_option,61,8192,508.224,24576,0,0,1
opt_uint_checked_add,l1_n1024,vendor_option,61,8192,503.164,24576,0,0,1
opt_uint_checked_add,l1_n1024,word_option,62,8192,492.233,24576,0,0,1
opt_uint_checked_add,l1_n1024,vendor_option,62,8192,496.353,24576,0,0,1
opt_uint_checked_add,l1_n1024,vendor_option,63,8192,504.211,24576,0,0,1
opt_uint_checked_add,l1_n1024,word_option,63,8192,512.766,24576,0,0,1
opt_uint_sub,l1_n1024,circuit_z,0,16384,214.528,24576,0,0,1
opt_uint_sub,l1_n1024,word_carry,0,16384,271.467,24576,0,0,1
opt_uint_sub,l1_n1024,word_carry,1,16384,285.372,24576,0,0,1
opt_uint_sub,l1_n1024,circuit_z,1,16384,227.420,24576,0,0,1
opt_uint_sub,l1_n1024,word_carry,2,16384,231.372,24576,0,0,1
opt_uint_sub,l1_n1024,circuit_z,2,16384,227.521,24576,0,0,1
opt_uint_sub,l1_n1024,circuit_z,3,16384,216.230,24576,0,0,1
opt_uint_sub,l1_n1024,word_carry,3,16384,221.082,24576,0,0,1
opt_uint_sub,l1_n1024,word_carry,4,16384,230.487,24576,0,0,1
opt_uint_sub,l1_n1024,circuit_z,4,16384,217.036,24576,0,0,1
opt_uint_sub,l1_n1024,word_carry,5,16384,215.744,24576,0,0,1
opt_uint_sub,l1_n1024,circuit_z,5,16384,215.317,24576,0,0,1
opt_uint_sub,l1_n1024,circuit_z,6,16384,222.104,24576,0,0,1
opt_uint_sub,l1_n1024,word_carry,6,16384,215.937,24576,0,0,1
opt_uint_sub,l1_n1024,circuit_z,7,16384,216.103,24576,0,0,1
opt_uint_sub,l1_n1024,word_carry,7,16384,217.738,24576,0,0,1
opt_uint_sub,l1_n1024,circuit_z,8,16384,213.338,24576,0,0,1
opt_uint_sub,l1_n1024,word_carry,8,16384,213.506,24576,0,0,1
opt_uint_sub,l1_n1024,circuit_z,9,16384,217.295,24576,0,0,1
opt_uint_sub,l1_n1024,word_carry,9,16384,217.458,24576,0,0,1
opt_uint_sub,l1_n1024,circuit_z,10,16384,218.086,24576,0,0,1
opt_uint_sub,l1_n1024,word_carry,10,16384,217.333,24576,0,0,1
opt_uint_sub,l1_n1024,word_carry,11,16384,214.798,24576,0,0,1
opt_uint_sub,l1_n1024,circuit_z,11,16384,213.120,24576,0,0,1
opt_uint_sub,l1_n1024,circuit_z,12,16384,221.077,24576,0,0,1
opt_uint_sub,l1_n1024,word_carry,12,16384,213.135,24576,0,0,1
opt_uint_sub,l1_n1024,circuit_z,13,16384,214.345,24576,0,0,1
opt_uint_sub,l1_n1024,word_carry,13,16384,216.443,24576,0,0,1
opt_uint_sub,l1_n1024,circuit_z,14,16384,211.248,24576,0,0,1
opt_uint_sub,l1_n1024,word_carry,14,16384,220.500,24576,0,0,1
opt_uint_sub,l1_n1024,word_carry,15,16384,211.761,24576,0,0,1
opt_uint_sub,l1_n1024,circuit_z,15,16384,213.351,24576,0,0,1
opt_uint_sub,l1_n1024,circuit_z,16,16384,220.108,24576,0,0,1
opt_uint_sub,l1_n1024,word_carry,16,16384,223.780,24576,0,0,1
opt_uint_sub,l1_n1024,word_carry,17,16384,214.322,24576,0,0,1
opt_uint_sub,l1_n1024,circuit_z,17,16384,219.198,24576,0,0,1
opt_uint_sub,l1_n1024,word_carry,18,16384,220.622,24576,0,0,1
opt_uint_sub,l1_n1024,circuit_z,18,16384,212.855,24576,0,0,1
opt_uint_sub,l1_n1024,circuit_z,19,16384,236.928,24576,0,0,1
opt_uint_sub,l1_n1024,word_carry,19,16384,214.676,24576,0,0,1
opt_uint_sub,l1_n1024,circuit_z,20,16384,215.520,24576,0,0,1
opt_uint_sub,l1_n1024,word_carry,20,16384,220.622,24576,0,0,1
opt_uint_sub,l1_n1024,circuit_z,21,16384,215.179,24576,0,0,1
opt_uint_sub,l1_n1024,word_carry,21,16384,222.562,24576,0,0,1
opt_uint_sub,l1_n1024,word_carry,22,16384,216.283,24576,0,0,1
opt_uint_sub,l1_n1024,circuit_z,22,16384,219.032,24576,0,0,1
opt_uint_sub,l1_n1024,circuit_z,23,16384,228.666,24576,0,0,1
opt_uint_sub,l1_n1024,word_carry,23,16384,219.007,24576,0,0,1
opt_uint_sub,l1_n1024,word_carry,24,16384,218.440,24576,0,0,1
opt_uint_sub,l1_n1024,circuit_z,24,16384,229.538,24576,0,0,1
opt_uint_sub,l1_n1024,circuit_z,25,16384,224.208,24576,0,0,1
opt_uint_sub,l1_n1024,word_carry,25,16384,212.687,24576,0,0,1
opt_uint_sub,l1_n1024,circuit_z,26,16384,222.287,24576,0,0,1
opt_uint_sub,l1_n1024,word_carry,26,16384,215.235,24576,0,0,1
opt_uint_sub,l1_n1024,circuit_z,27,16384,218.274,24576,0,0,1
opt_uint_sub,l1_n1024,word_carry,27,16384,213.516,24576,0,0,1
opt_uint_sub,l1_n1024,word_carry,28,16384,213.590,24576,0,0,1
opt_uint_sub,l1_n1024,circuit_z,28,16384,214.694,24576,0,0,1
opt_uint_sub,l1_n1024,circuit_z,29,16384,215.795,24576,0,0,1
opt_uint_sub,l1_n1024,word_carry,29,16384,212.873,24576,0,0,1
opt_uint_sub,l1_n1024,word_carry,30,16384,214.256,24576,0,0,1
opt_uint_sub,l1_n1024,circuit_z,30,16384,211.764,24576,0,0,1
opt_uint_sub,l1_n1024,circuit_z,31,16384,211.159,24576,0,0,1
opt_uint_sub,l1_n1024,word_carry,31,16384,218.679,24576,0,0,1
opt_uint_sub,l1_n1024,word_carry,32,16384,216.215,24576,0,0,1
opt_uint_sub,l1_n1024,circuit_z,32,16384,213.188,24576,0,0,1
opt_uint_sub,l1_n1024,circuit_z,33,16384,216.164,24576,0,0,1
opt_uint_sub,l1_n1024,word_carry,33,16384,211.756,24576,0,0,1
opt_uint_sub,l1_n1024,circuit_z,34,16384,214.790,24576,0,0,1
opt_uint_sub,l1_n1024,word_carry,34,16384,220.838,24576,0,0,1
opt_uint_sub,l1_n1024,circuit_z,35,16384,211.706,24576,0,0,1
opt_uint_sub,l1_n1024,word_carry,35,16384,218.285,24576,0,0,1
opt_uint_sub,l1_n1024,word_carry,36,16384,221.878,24576,0,0,1
opt_uint_sub,l1_n1024,circuit_z,36,16384,218.013,24576,0,0,1
opt_uint_sub,l1_n1024,circuit_z,37,16384,211.782,24576,0,0,1
opt_uint_sub,l1_n1024,word_carry,37,16384,220.281,24576,0,0,1
opt_uint_sub,l1_n1024,word_carry,38,16384,219.899,24576,0,0,1
opt_uint_sub,l1_n1024,circuit_z,38,16384,223.946,24576,0,0,1
opt_uint_sub,l1_n1024,word_carry,39,16384,229.950,24576,0,0,1
opt_uint_sub,l1_n1024,circuit_z,39,16384,216.794,24576,0,0,1
opt_uint_sub,l1_n1024,word_carry,40,16384,215.185,24576,0,0,1
opt_uint_sub,l1_n1024,circuit_z,40,16384,216.189,24576,0,0,1
opt_uint_sub,l1_n1024,circuit_z,41,16384,213.038,24576,0,0,1
opt_uint_sub,l1_n1024,word_carry,41,16384,223.358,24576,0,0,1
opt_uint_sub,l1_n1024,circuit_z,42,16384,217.893,24576,0,0,1
opt_uint_sub,l1_n1024,word_carry,42,16384,212.898,24576,0,0,1
opt_uint_sub,l1_n1024,circuit_z,43,16384,396.606,24576,0,0,1
opt_uint_sub,l1_n1024,word_carry,43,16384,219.744,24576,0,0,1
opt_uint_sub,l1_n1024,word_carry,44,16384,213.737,24576,0,0,1
opt_uint_sub,l1_n1024,circuit_z,44,16384,216.113,24576,0,0,1
opt_uint_sub,l1_n1024,word_carry,45,16384,211.812,24576,0,0,1
opt_uint_sub,l1_n1024,circuit_z,45,16384,217.163,24576,0,0,1
opt_uint_sub,l1_n1024,circuit_z,46,16384,219.732,24576,0,0,1
opt_uint_sub,l1_n1024,word_carry,46,16384,214.249,24576,0,0,1
opt_uint_sub,l1_n1024,word_carry,47,16384,214.676,24576,0,0,1
opt_uint_sub,l1_n1024,circuit_z,47,16384,214.119,24576,0,0,1
opt_uint_sub,l1_n1024,word_carry,48,16384,215.057,24576,0,0,1
opt_uint_sub,l1_n1024,circuit_z,48,16384,215.848,24576,0,0,1
opt_uint_sub,l1_n1024,circuit_z,49,16384,216.507,24576,0,0,1
opt_uint_sub,l1_n1024,word_carry,49,16384,212.840,24576,0,0,1
opt_uint_sub,l1_n1024,word_carry,50,16384,227.816,24576,0,0,1
opt_uint_sub,l1_n1024,circuit_z,50,16384,224.256,24576,0,0,1
opt_uint_sub,l1_n1024,circuit_z,51,16384,213.928,24576,0,0,1
opt_uint_sub,l1_n1024,word_carry,51,16384,223.872,24576,0,0,1
opt_uint_sub,l1_n1024,word_carry,52,16384,214.340,24576,0,0,1
opt_uint_sub,l1_n1024,circuit_z,52,16384,217.283,24576,0,0,1
opt_uint_sub,l1_n1024,circuit_z,53,16384,226.519,24576,0,0,1
opt_uint_sub,l1_n1024,word_carry,53,16384,222.293,24576,0,0,1
opt_uint_sub,l1_n1024,circuit_z,54,16384,215.309,24576,0,0,1
opt_uint_sub,l1_n1024,word_carry,54,16384,218.307,24576,0,0,1
opt_uint_sub,l1_n1024,word_carry,55,16384,232.587,24576,0,0,1
opt_uint_sub,l1_n1024,circuit_z,55,16384,214.549,24576,0,0,1
opt_uint_sub,l1_n1024,word_carry,56,16384,213.053,24576,0,0,1
opt_uint_sub,l1_n1024,circuit_z,56,16384,220.678,24576,0,0,1
opt_uint_sub,l1_n1024,word_carry,57,16384,214.203,24576,0,0,1
opt_uint_sub,l1_n1024,circuit_z,57,16384,212.952,24576,0,0,1
opt_uint_sub,l1_n1024,circuit_z,58,16384,217.745,24576,0,0,1
opt_uint_sub,l1_n1024,word_carry,58,16384,214.582,24576,0,0,1
opt_uint_sub,l1_n1024,circuit_z,59,16384,211.360,24576,0,0,1
opt_uint_sub,l1_n1024,word_carry,59,16384,223.638,24576,0,0,1
opt_uint_sub,l1_n1024,circuit_z,60,16384,221.423,24576,0,0,1
opt_uint_sub,l1_n1024,word_carry,60,16384,212.316,24576,0,0,1
opt_uint_sub,l1_n1024,circuit_z,61,16384,235.179,24576,0,0,1
opt_uint_sub,l1_n1024,word_carry,61,16384,213.038,24576,0,0,1
opt_uint_sub,l1_n1024,circuit_z,62,16384,241.081,24576,0,0,1
opt_uint_sub,l1_n1024,word_carry,62,16384,216.085,24576,0,0,1
opt_uint_sub,l1_n1024,circuit_z,63,16384,230.171,24576,0,0,1
opt_uint_sub,l1_n1024,word_carry,63,16384,216.525,24576,0,0,1
opt_uint_sub,l2_n1024,word_carry,0,8192,683.985,49152,0,0,1
opt_uint_sub,l2_n1024,circuit_z,0,8192,715.703,49152,0,0,1
opt_uint_sub,l2_n1024,circuit_z,1,8192,663.086,49152,0,0,1
opt_uint_sub,l2_n1024,word_carry,1,8192,678.345,49152,0,0,1
opt_uint_sub,l2_n1024,word_carry,2,8192,700.312,49152,0,0,1
opt_uint_sub,l2_n1024,circuit_z,2,8192,685.710,49152,0,0,1
opt_uint_sub,l2_n1024,word_carry,3,8192,681.920,49152,0,0,1
opt_uint_sub,l2_n1024,circuit_z,3,8192,679.337,49152,0,0,1
opt_uint_sub,l2_n1024,word_carry,4,8192,672.256,49152,0,0,1
opt_uint_sub,l2_n1024,circuit_z,4,8192,660.273,49152,0,0,1
opt_uint_sub,l2_n1024,circuit_z,5,8192,658.910,49152,0,0,1
opt_uint_sub,l2_n1024,word_carry,5,8192,659.307,49152,0,0,1
opt_uint_sub,l2_n1024,word_carry,6,8192,657.623,49152,0,0,1
opt_uint_sub,l2_n1024,circuit_z,6,8192,680.710,49152,0,0,1
opt_uint_sub,l2_n1024,circuit_z,7,8192,675.680,49152,0,0,1
opt_uint_sub,l2_n1024,word_carry,7,8192,655.416,49152,0,0,1
opt_uint_sub,l2_n1024,word_carry,8,8192,672.806,49152,0,0,1
opt_uint_sub,l2_n1024,circuit_z,8,8192,691.620,49152,0,0,1
opt_uint_sub,l2_n1024,circuit_z,9,8192,661.423,49152,0,0,1
opt_uint_sub,l2_n1024,word_carry,9,8192,681.600,49152,0,0,1
opt_uint_sub,l2_n1024,circuit_z,10,8192,670.883,49152,0,0,1
opt_uint_sub,l2_n1024,word_carry,10,8192,670.181,49152,0,0,1
opt_uint_sub,l2_n1024,circuit_z,11,8192,656.520,49152,0,0,1
opt_uint_sub,l2_n1024,word_carry,11,8192,688.573,49152,0,0,1
opt_uint_sub,l2_n1024,circuit_z,12,8192,660.055,49152,0,0,1
opt_uint_sub,l2_n1024,word_carry,12,8192,666.234,49152,0,0,1
opt_uint_sub,l2_n1024,circuit_z,13,8192,663.798,49152,0,0,1
opt_uint_sub,l2_n1024,word_carry,13,8192,661.336,49152,0,0,1
opt_uint_sub,l2_n1024,word_carry,14,8192,665.375,49152,0,0,1
opt_uint_sub,l2_n1024,circuit_z,14,8192,653.590,49152,0,0,1
opt_uint_sub,l2_n1024,circuit_z,15,8192,668.945,49152,0,0,1
opt_uint_sub,l2_n1024,word_carry,15,8192,661.209,49152,0,0,1
opt_uint_sub,l2_n1024,circuit_z,16,8192,681.483,49152,0,0,1
opt_uint_sub,l2_n1024,word_carry,16,8192,666.489,49152,0,0,1
opt_uint_sub,l2_n1024,word_carry,17,8192,678.528,49152,0,0,1
opt_uint_sub,l2_n1024,circuit_z,17,8192,661.916,49152,0,0,1
opt_uint_sub,l2_n1024,word_carry,18,8192,676.748,49152,0,0,1
opt_uint_sub,l2_n1024,circuit_z,18,8192,680.995,49152,0,0,1
opt_uint_sub,l2_n1024,word_carry,19,8192,667.638,49152,0,0,1
opt_uint_sub,l2_n1024,circuit_z,19,8192,664.795,49152,0,0,1
opt_uint_sub,l2_n1024,word_carry,20,8192,677.948,49152,0,0,1
opt_uint_sub,l2_n1024,circuit_z,20,8192,665.771,49152,0,0,1
opt_uint_sub,l2_n1024,circuit_z,21,8192,688.782,49152,0,0,1
opt_uint_sub,l2_n1024,word_carry,21,8192,678.996,49152,0,0,1
opt_uint_sub,l2_n1024,word_carry,22,8192,679.850,49152,0,0,1
opt_uint_sub,l2_n1024,circuit_z,22,8192,666.433,49152,0,0,1
opt_uint_sub,l2_n1024,word_carry,23,8192,673.899,49152,0,0,1
opt_uint_sub,l2_n1024,circuit_z,23,8192,665.268,49152,0,0,1
opt_uint_sub,l2_n1024,circuit_z,24,8192,669.449,49152,0,0,1
opt_uint_sub,l2_n1024,word_carry,24,8192,674.510,49152,0,0,1
opt_uint_sub,l2_n1024,circuit_z,25,8192,677.251,49152,0,0,1
opt_uint_sub,l2_n1024,word_carry,25,8192,655.706,49152,0,0,1
opt_uint_sub,l2_n1024,circuit_z,26,8192,685.323,49152,0,0,1
opt_uint_sub,l2_n1024,word_carry,26,8192,669.515,49152,0,0,1
opt_uint_sub,l2_n1024,circuit_z,27,8192,668.345,49152,0,0,1
opt_uint_sub,l2_n1024,word_carry,27,8192,670.731,49152,0,0,1
opt_uint_sub,l2_n1024,circuit_z,28,8192,678.696,49152,0,0,1
opt_uint_sub,l2_n1024,word_carry,28,8192,681.015,49152,0,0,1
opt_uint_sub,l2_n1024,word_carry,29,8192,662.033,49152,0,0,1
opt_uint_sub,l2_n1024,circuit_z,29,8192,675.268,49152,0,0,1
opt_uint_sub,l2_n1024,circuit_z,30,8192,654.607,49152,0,0,1
opt_uint_sub,l2_n1024,word_carry,30,8192,665.410,49152,0,0,1
opt_uint_sub,l2_n1024,word_carry,31,8192,661.214,49152,0,0,1
opt_uint_sub,l2_n1024,circuit_z,31,8192,677.897,49152,0,0,1
opt_uint_sub,l2_n1024,word_carry,32,8192,657.211,49152,0,0,1
opt_uint_sub,l2_n1024,circuit_z,32,8192,675.868,49152,0,0,1
opt_uint_sub,l2_n1024,circuit_z,33,8192,666.168,49152,0,0,1
opt_uint_sub,l2_n1024,word_carry,33,8192,657.237,49152,0,0,1
opt_uint_sub,l2_n1024,word_carry,34,8192,669.057,49152,0,0,1
opt_uint_sub,l2_n1024,circuit_z,34,8192,676.320,49152,0,0,1
opt_uint_sub,l2_n1024,circuit_z,35,8192,658.478,49152,0,0,1
opt_uint_sub,l2_n1024,word_carry,35,8192,665.044,49152,0,0,1
opt_uint_sub,l2_n1024,word_carry,36,8192,675.934,49152,0,0,1
opt_uint_sub,l2_n1024,circuit_z,36,8192,672.485,49152,0,0,1
opt_uint_sub,l2_n1024,word_carry,37,8192,658.406,49152,0,0,1
opt_uint_sub,l2_n1024,circuit_z,37,8192,708.822,49152,0,0,1
opt_uint_sub,l2_n1024,word_carry,38,8192,695.241,49152,0,0,1
opt_uint_sub,l2_n1024,circuit_z,38,8192,743.184,49152,0,0,1
opt_uint_sub,l2_n1024,circuit_z,39,8192,746.216,49152,0,0,1
opt_uint_sub,l2_n1024,word_carry,39,8192,685.089,49152,0,0,1
opt_uint_sub,l2_n1024,word_carry,40,8192,726.247,49152,0,0,1
opt_uint_sub,l2_n1024,circuit_z,40,8192,678.396,49152,0,0,1
opt_uint_sub,l2_n1024,circuit_z,41,8192,682.348,49152,0,0,1
opt_uint_sub,l2_n1024,word_carry,41,8192,686.371,49152,0,0,1
opt_uint_sub,l2_n1024,circuit_z,42,8192,671.697,49152,0,0,1
opt_uint_sub,l2_n1024,word_carry,42,8192,692.973,49152,0,0,1
opt_uint_sub,l2_n1024,circuit_z,43,8192,664.668,49152,0,0,1
opt_uint_sub,l2_n1024,word_carry,43,8192,690.140,49152,0,0,1
opt_uint_sub,l2_n1024,circuit_z,44,8192,689.468,49152,0,0,1
opt_uint_sub,l2_n1024,word_carry,44,8192,683.823,49152,0,0,1
opt_uint_sub,l2_n1024,word_carry,45,8192,665.395,49152,0,0,1
opt_uint_sub,l2_n1024,circuit_z,45,8192,674.057,49152,0,0,1
opt_uint_sub,l2_n1024,circuit_z,46,8192,659.536,49152,0,0,1
opt_uint_sub,l2_n1024,word_carry,46,8192,672.511,49152,0,0,1
opt_uint_sub,l2_n1024,circuit_z,47,8192,676.142,49152,0,0,1
opt_uint_sub,l2_n1024,word_carry,47,8192,682.032,49152,0,0,1
opt_uint_sub,l2_n1024,circuit_z,48,8192,659.831,49152,0,0,1
opt_uint_sub,l2_n1024,word_carry,48,8192,687.164,49152,0,0,1
opt_uint_sub,l2_n1024,word_carry,49,8192,666.804,49152,0,0,1
opt_uint_sub,l2_n1024,circuit_z,49,8192,670.263,49152,0,0,1
opt_uint_sub,l2_n1024,circuit_z,50,8192,679.128,49152,0,0,1
opt_uint_sub,l2_n1024,word_carry,50,8192,708.883,49152,0,0,1
opt_uint_sub,l2_n1024,word_carry,51,8192,688.222,49152,0,0,1
opt_uint_sub,l2_n1024,circuit_z,51,8192,676.783,49152,0,0,1
opt_uint_sub,l2_n1024,word_carry,52,8192,675.425,49152,0,0,1
opt_uint_sub,l2_n1024,circuit_z,52,8192,656.392,49152,0,0,1
opt_uint_sub,l2_n1024,circuit_z,53,8192,662.079,49152,0,0,1
opt_uint_sub,l2_n1024,word_carry,53,8192,659.246,49152,0,0,1
opt_uint_sub,l2_n1024,circuit_z,54,8192,675.598,49152,0,0,1
opt_uint_sub,l2_n1024,word_carry,54,8192,674.398,49152,0,0,1
opt_uint_sub,l2_n1024,word_carry,55,8192,662.191,49152,0,0,1
opt_uint_sub,l2_n1024,circuit_z,55,8192,664.708,49152,0,0,1
opt_uint_sub,l2_n1024,circuit_z,56,8192,672.668,49152,0,0,1
opt_uint_sub,l2_n1024,word_carry,56,8192,672.872,49152,0,0,1
opt_uint_sub,l2_n1024,circuit_z,57,8192,659.851,49152,0,0,1
opt_uint_sub,l2_n1024,word_carry,57,8192,683.767,49152,0,0,1
opt_uint_sub,l2_n1024,circuit_z,58,8192,671.412,49152,0,0,1
opt_uint_sub,l2_n1024,word_carry,58,8192,669.184,49152,0,0,1
opt_uint_sub,l2_n1024,word_carry,59,8192,658.066,49152,0,0,1
opt_uint_sub,l2_n1024,circuit_z,59,8192,684.326,49152,0,0,1
opt_uint_sub,l2_n1024,word_carry,60,8192,660.746,49152,0,0,1
opt_uint_sub,l2_n1024,circuit_z,60,8192,673.650,49152,0,0,1
opt_uint_sub,l2_n1024,circuit_z,61,8192,665.105,49152,0,0,1
opt_uint_sub,l2_n1024,word_carry,61,8192,653.971,49152,0,0,1
opt_uint_sub,l2_n1024,circuit_z,62,8192,663.976,49152,0,0,1
opt_uint_sub,l2_n1024,word_carry,62,8192,695.257,49152,0,0,1
opt_uint_sub,l2_n1024,circuit_z,63,8192,669.688,49152,0,0,1
opt_uint_sub,l2_n1024,word_carry,63,8192,671.214,49152,0,0,1
opt_uint_checked_sub,l2_n1024,word_option,0,4096,1216.329,49152,0,0,1
opt_uint_checked_sub,l2_n1024,vendor_option,0,4096,1189.006,49152,0,0,1
opt_uint_checked_sub,l2_n1024,vendor_option,1,4096,1209.371,49152,0,0,1
opt_uint_checked_sub,l2_n1024,word_option,1,4096,1263.245,49152,0,0,1
opt_uint_checked_sub,l2_n1024,word_option,2,4096,1220.042,49152,0,0,1
opt_uint_checked_sub,l2_n1024,vendor_option,2,4096,1206.685,49152,0,0,1
opt_uint_checked_sub,l2_n1024,vendor_option,3,4096,1212.229,49152,0,0,1
opt_uint_checked_sub,l2_n1024,word_option,3,4096,1198.812,49152,0,0,1
opt_uint_checked_sub,l2_n1024,vendor_option,4,4096,1201.263,49152,0,0,1
opt_uint_checked_sub,l2_n1024,word_option,4,4096,1213.430,49152,0,0,1
opt_uint_checked_sub,l2_n1024,vendor_option,5,4096,1194.061,49152,0,0,1
opt_uint_checked_sub,l2_n1024,word_option,5,4096,1200.958,49152,0,0,1
opt_uint_checked_sub,l2_n1024,vendor_option,6,4096,1201.355,49152,0,0,1
opt_uint_checked_sub,l2_n1024,word_option,6,4096,1204.956,49152,0,0,1
opt_uint_checked_sub,l2_n1024,vendor_option,7,4096,1241.730,49152,0,0,1
opt_uint_checked_sub,l2_n1024,word_option,7,4096,1213.318,49152,0,0,1
opt_uint_checked_sub,l2_n1024,vendor_option,8,4096,1235.402,49152,0,0,1
opt_uint_checked_sub,l2_n1024,word_option,8,4096,1323.181,49152,0,0,1
opt_uint_checked_sub,l2_n1024,vendor_option,9,4096,1226.186,49152,0,0,1
opt_uint_checked_sub,l2_n1024,word_option,9,4096,1289.632,49152,0,0,1
opt_uint_checked_sub,l2_n1024,vendor_option,10,4096,1206.645,49152,0,0,1
opt_uint_checked_sub,l2_n1024,word_option,10,4096,1204.437,49152,0,0,1
opt_uint_checked_sub,l2_n1024,word_option,11,4096,1230.662,49152,0,0,1
opt_uint_checked_sub,l2_n1024,vendor_option,11,4096,1181.681,49152,0,0,1
opt_uint_checked_sub,l2_n1024,word_option,12,4096,1463.887,49152,0,0,1
opt_uint_checked_sub,l2_n1024,vendor_option,12,4096,2133.382,49152,0,0,1
opt_uint_checked_sub,l2_n1024,word_option,13,4096,1257.039,49152,0,0,1
opt_uint_checked_sub,l2_n1024,vendor_option,13,4096,1238.322,49152,0,0,1
opt_uint_checked_sub,l2_n1024,vendor_option,14,4096,1241.007,49152,0,0,1
opt_uint_checked_sub,l2_n1024,word_option,14,4096,1315.155,49152,0,0,1
opt_uint_checked_sub,l2_n1024,word_option,15,4096,1325.877,49152,0,0,1
opt_uint_checked_sub,l2_n1024,vendor_option,15,4096,1289.815,49152,0,0,1
opt_uint_checked_sub,l2_n1024,vendor_option,16,4096,1261.220,49152,0,0,1
opt_uint_checked_sub,l2_n1024,word_option,16,4096,1328.725,49152,0,0,1
opt_uint_checked_sub,l2_n1024,vendor_option,17,4096,1331.879,49152,0,0,1
opt_uint_checked_sub,l2_n1024,word_option,17,4096,1292.267,49152,0,0,1
opt_uint_checked_sub,l2_n1024,word_option,18,4096,1235.423,49152,0,0,1
opt_uint_checked_sub,l2_n1024,vendor_option,18,4096,1194.122,49152,0,0,1
opt_uint_checked_sub,l2_n1024,vendor_option,19,4096,1228.455,49152,0,0,1
opt_uint_checked_sub,l2_n1024,word_option,19,4096,1201.975,49152,0,0,1
opt_uint_checked_sub,l2_n1024,vendor_option,20,4096,1192.505,49152,0,0,1
opt_uint_checked_sub,l2_n1024,word_option,20,4096,1203.878,49152,0,0,1
opt_uint_checked_sub,l2_n1024,word_option,21,4096,1225.199,49152,0,0,1
opt_uint_checked_sub,l2_n1024,vendor_option,21,4096,1248.647,49152,0,0,1
opt_uint_checked_sub,l2_n1024,word_option,22,4096,1339.243,49152,0,0,1
opt_uint_checked_sub,l2_n1024,vendor_option,22,4096,1242.594,49152,0,0,1
opt_uint_checked_sub,l2_n1024,word_option,23,4096,1384.145,49152,0,0,1
opt_uint_checked_sub,l2_n1024,vendor_option,23,4096,1276.723,49152,0,0,1
opt_uint_checked_sub,l2_n1024,word_option,24,4096,1246.572,49152,0,0,1
opt_uint_checked_sub,l2_n1024,vendor_option,24,4096,1199.524,49152,0,0,1
opt_uint_checked_sub,l2_n1024,word_option,25,4096,1220.306,49152,0,0,1
opt_uint_checked_sub,l2_n1024,vendor_option,25,4096,1192.128,49152,0,0,1
opt_uint_checked_sub,l2_n1024,word_option,26,4096,1247.467,49152,0,0,1
opt_uint_checked_sub,l2_n1024,vendor_option,26,4096,1219.320,49152,0,0,1
opt_uint_checked_sub,l2_n1024,word_option,27,4096,1263.387,49152,0,0,1
opt_uint_checked_sub,l2_n1024,vendor_option,27,4096,1232.961,49152,0,0,1
opt_uint_checked_sub,l2_n1024,word_option,28,4096,1283.091,49152,0,0,1
opt_uint_checked_sub,l2_n1024,vendor_option,28,4096,1190.114,49152,0,0,1
opt_uint_checked_sub,l2_n1024,word_option,29,4096,1207.652,49152,0,0,1
opt_uint_checked_sub,l2_n1024,vendor_option,29,4096,1189.036,49152,0,0,1
opt_uint_checked_sub,l2_n1024,vendor_option,30,4096,1207.275,49152,0,0,1
opt_uint_checked_sub,l2_n1024,word_option,30,4096,1203.410,49152,0,0,1
opt_uint_checked_sub,l2_n1024,vendor_option,31,4096,1193.563,49152,0,0,1
opt_uint_checked_sub,l2_n1024,word_option,31,4096,1220.479,49152,0,0,1
opt_uint_checked_sub,l2_n1024,word_option,32,4096,1211.873,49152,0,0,1
opt_uint_checked_sub,l2_n1024,vendor_option,32,4096,1202.372,49152,0,0,1
opt_uint_checked_sub,l2_n1024,word_option,33,4096,1231.079,49152,0,0,1
opt_uint_checked_sub,l2_n1024,vendor_option,33,4096,1214.691,49152,0,0,1
opt_uint_checked_sub,l2_n1024,word_option,34,4096,1226.857,49152,0,0,1
opt_uint_checked_sub,l2_n1024,vendor_option,34,4096,1202.555,49152,0,0,1
opt_uint_checked_sub,l2_n1024,vendor_option,35,4096,1209.239,49152,0,0,1
opt_uint_checked_sub,l2_n1024,word_option,35,4096,1204.081,49152,0,0,1
opt_uint_checked_sub,l2_n1024,vendor_option,36,4096,1198.964,49152,0,0,1
opt_uint_checked_sub,l2_n1024,word_option,36,4096,1206.116,49152,0,0,1
opt_uint_checked_sub,l2_n1024,vendor_option,37,4096,1215.261,49152,0,0,1
opt_uint_checked_sub,l2_n1024,word_option,37,4096,1195.902,49152,0,0,1
opt_uint_checked_sub,l2_n1024,word_option,38,4096,1282.196,49152,0,0,1
opt_uint_checked_sub,l2_n1024,vendor_option,38,4096,1233.907,49152,0,0,1
opt_uint_checked_sub,l2_n1024,vendor_option,39,4096,1236.379,49152,0,0,1
opt_uint_checked_sub,l2_n1024,word_option,39,4096,1261.760,49152,0,0,1
opt_uint_checked_sub,l2_n1024,word_option,40,4096,1213.501,49152,0,0,1
opt_uint_checked_sub,l2_n1024,vendor_option,40,4096,1191.996,49152,0,0,1
opt_uint_checked_sub,l2_n1024,word_option,41,4096,1224.823,49152,0,0,1
opt_uint_checked_sub,l2_n1024,vendor_option,41,4096,1179.433,49152,0,0,1
opt_uint_checked_sub,l2_n1024,vendor_option,42,4096,1219.859,49152,0,0,1
opt_uint_checked_sub,l2_n1024,word_option,42,4096,1199.097,49152,0,0,1
opt_uint_checked_sub,l2_n1024,word_option,43,4096,1224.874,49152,0,0,1
opt_uint_checked_sub,l2_n1024,vendor_option,43,4096,1179.677,49152,0,0,1
opt_uint_checked_sub,l2_n1024,vendor_option,44,4096,1222.839,49152,0,0,1
opt_uint_checked_sub,l2_n1024,word_option,44,4096,1193.899,49152,0,0,1
opt_uint_checked_sub,l2_n1024,vendor_option,45,4096,1220.815,49152,0,0,1
opt_uint_checked_sub,l2_n1024,word_option,45,4096,1197.601,49152,0,0,1
opt_uint_checked_sub,l2_n1024,word_option,46,4096,1249.929,49152,0,0,1
opt_uint_checked_sub,l2_n1024,vendor_option,46,4096,1194.956,49152,0,0,1
opt_uint_checked_sub,l2_n1024,vendor_option,47,4096,1209.859,49152,0,0,1
opt_uint_checked_sub,l2_n1024,word_option,47,4096,1254.049,49152,0,0,1
opt_uint_checked_sub,l2_n1024,vendor_option,48,4096,1195.323,49152,0,0,1
opt_uint_checked_sub,l2_n1024,word_option,48,4096,1215.810,49152,0,0,1
opt_uint_checked_sub,l2_n1024,vendor_option,49,4096,1205.098,49152,0,0,1
opt_uint_checked_sub,l2_n1024,word_option,49,4096,1198.110,49152,0,0,1
opt_uint_checked_sub,l2_n1024,vendor_option,50,4096,1194.936,49152,0,0,1
opt_uint_checked_sub,l2_n1024,word_option,50,4096,1214.549,49152,0,0,1
opt_uint_checked_sub,l2_n1024,vendor_option,51,4096,1248.952,49152,0,0,1
opt_uint_checked_sub,l2_n1024,word_option,51,4096,1340.078,49152,0,0,1
opt_uint_checked_sub,l2_n1024,word_option,52,4096,1755.198,49152,0,0,1
opt_uint_checked_sub,l2_n1024,vendor_option,52,4096,1512.655,49152,0,0,1
opt_uint_checked_sub,l2_n1024,word_option,53,4096,1327.097,49152,0,0,1
opt_uint_checked_sub,l2_n1024,vendor_option,53,4096,1224.864,49152,0,0,1
opt_uint_checked_sub,l2_n1024,vendor_option,54,4096,1212.046,49152,0,0,1
opt_uint_checked_sub,l2_n1024,word_option,54,4096,1255.869,49152,0,0,1
opt_uint_checked_sub,l2_n1024,vendor_option,55,4096,1190.877,49152,0,0,1
opt_uint_checked_sub,l2_n1024,word_option,55,4096,1205.953,49152,0,0,1
opt_uint_checked_sub,l2_n1024,vendor_option,56,4096,1226.186,49152,0,0,1
opt_uint_checked_sub,l2_n1024,word_option,56,4096,1226.715,49152,0,0,1
opt_uint_checked_sub,l2_n1024,vendor_option,57,4096,1198.863,49152,0,0,1
opt_uint_checked_sub,l2_n1024,word_option,57,4096,1226.664,49152,0,0,1
opt_uint_checked_sub,l2_n1024,word_option,58,4096,1219.564,49152,0,0,1
opt_uint_checked_sub,l2_n1024,vendor_option,58,4096,1215.770,49152,0,0,1
opt_uint_checked_sub,l2_n1024,vendor_option,59,4096,1193.512,49152,0,0,1
opt_uint_checked_sub,l2_n1024,word_option,59,4096,1234.273,49152,0,0,1
opt_uint_checked_sub,l2_n1024,word_option,60,4096,1244.944,49152,0,0,1
opt_uint_checked_sub,l2_n1024,vendor_option,60,4096,1197.530,49152,0,0,1
opt_uint_checked_sub,l2_n1024,word_option,61,4096,1206.187,49152,0,0,1
opt_uint_checked_sub,l2_n1024,vendor_option,61,4096,1193.166,49152,0,0,1
opt_uint_checked_sub,l2_n1024,vendor_option,62,4096,1204.254,49152,0,0,1
opt_uint_checked_sub,l2_n1024,word_option,62,4096,1266.866,49152,0,0,1
opt_uint_checked_sub,l2_n1024,vendor_option,63,4096,1275.391,49152,0,0,1
opt_uint_checked_sub,l2_n1024,word_option,63,4096,1471.090,49152,0,0,1
opt_uint_sub,l4_n16,word_carry,0,131072,22.645,1536,0,0,1
opt_uint_sub,l4_n16,circuit_z,0,131072,31.355,1536,0,0,1
opt_uint_sub,l4_n16,circuit_z,1,131072,22.762,1536,0,0,1
opt_uint_sub,l4_n16,word_carry,1,131072,23.482,1536,0,0,1
opt_uint_sub,l4_n16,circuit_z,2,131072,22.272,1536,0,0,1
opt_uint_sub,l4_n16,word_carry,2,131072,23.064,1536,0,0,1
opt_uint_sub,l4_n16,circuit_z,3,131072,22.882,1536,0,0,1
opt_uint_sub,l4_n16,word_carry,3,131072,22.190,1536,0,0,1
opt_uint_sub,l4_n16,circuit_z,4,131072,21.853,1536,0,0,1
opt_uint_sub,l4_n16,word_carry,4,131072,22.480,1536,0,0,1
opt_uint_sub,l4_n16,circuit_z,5,131072,22.233,1536,0,0,1
opt_uint_sub,l4_n16,word_carry,5,131072,24.371,1536,0,0,1
opt_uint_sub,l4_n16,circuit_z,6,131072,22.909,1536,0,0,1
opt_uint_sub,l4_n16,word_carry,6,131072,24.136,1536,0,0,1
opt_uint_sub,l4_n16,circuit_z,7,131072,22.882,1536,0,0,1
opt_uint_sub,l4_n16,word_carry,7,131072,22.220,1536,0,0,1
opt_uint_sub,l4_n16,word_carry,8,131072,22.443,1536,0,0,1
opt_uint_sub,l4_n16,circuit_z,8,131072,22.059,1536,0,0,1
opt_uint_sub,l4_n16,circuit_z,9,131072,23.894,1536,0,0,1
opt_uint_sub,l4_n16,word_carry,9,131072,23.805,1536,0,0,1
opt_uint_sub,l4_n16,circuit_z,10,131072,22.637,1536,0,0,1
opt_uint_sub,l4_n16,word_carry,10,131072,24.117,1536,0,0,1
opt_uint_sub,l4_n16,circuit_z,11,131072,23.591,1536,0,0,1
opt_uint_sub,l4_n16,word_carry,11,131072,23.144,1536,0,0,1
opt_uint_sub,l4_n16,circuit_z,12,131072,22.502,1536,0,0,1
opt_uint_sub,l4_n16,word_carry,12,131072,22.704,1536,0,0,1
opt_uint_sub,l4_n16,word_carry,13,131072,22.534,1536,0,0,1
opt_uint_sub,l4_n16,circuit_z,13,131072,21.770,1536,0,0,1
opt_uint_sub,l4_n16,circuit_z,14,131072,21.867,1536,0,0,1
opt_uint_sub,l4_n16,word_carry,14,131072,22.445,1536,0,0,1
opt_uint_sub,l4_n16,word_carry,15,131072,22.347,1536,0,0,1
opt_uint_sub,l4_n16,circuit_z,15,131072,22.902,1536,0,0,1
opt_uint_sub,l4_n16,word_carry,16,131072,22.194,1536,0,0,1
opt_uint_sub,l4_n16,circuit_z,16,131072,23.390,1536,0,0,1
opt_uint_sub,l4_n16,circuit_z,17,131072,21.928,1536,0,0,1
opt_uint_sub,l4_n16,word_carry,17,131072,22.244,1536,0,0,1
opt_uint_sub,l4_n16,circuit_z,18,131072,22.309,1536,0,0,1
opt_uint_sub,l4_n16,word_carry,18,131072,22.544,1536,0,0,1
opt_uint_sub,l4_n16,word_carry,19,131072,22.395,1536,0,0,1
opt_uint_sub,l4_n16,circuit_z,19,131072,22.090,1536,0,0,1
opt_uint_sub,l4_n16,word_carry,20,131072,22.276,1536,0,0,1
opt_uint_sub,l4_n16,circuit_z,20,131072,21.892,1536,0,0,1
opt_uint_sub,l4_n16,circuit_z,21,131072,21.919,1536,0,0,1
opt_uint_sub,l4_n16,word_carry,21,131072,22.257,1536,0,0,1
opt_uint_sub,l4_n16,circuit_z,22,131072,22.083,1536,0,0,1
opt_uint_sub,l4_n16,word_carry,22,131072,22.090,1536,0,0,1
opt_uint_sub,l4_n16,word_carry,23,131072,21.991,1536,0,0,1
opt_uint_sub,l4_n16,circuit_z,23,131072,22.422,1536,0,0,1
opt_uint_sub,l4_n16,word_carry,24,131072,22.117,1536,0,0,1
opt_uint_sub,l4_n16,circuit_z,24,131072,22.011,1536,0,0,1
opt_uint_sub,l4_n16,word_carry,25,131072,22.688,1536,0,0,1
opt_uint_sub,l4_n16,circuit_z,25,131072,21.953,1536,0,0,1
opt_uint_sub,l4_n16,circuit_z,26,131072,23.039,1536,0,0,1
opt_uint_sub,l4_n16,word_carry,26,131072,22.777,1536,0,0,1
opt_uint_sub,l4_n16,word_carry,27,131072,22.250,1536,0,0,1
opt_uint_sub,l4_n16,circuit_z,27,131072,22.054,1536,0,0,1
opt_uint_sub,l4_n16,circuit_z,28,131072,21.825,1536,0,0,1
opt_uint_sub,l4_n16,word_carry,28,131072,21.993,1536,0,0,1
opt_uint_sub,l4_n16,word_carry,29,131072,22.280,1536,0,0,1
opt_uint_sub,l4_n16,circuit_z,29,131072,22.497,1536,0,0,1
opt_uint_sub,l4_n16,circuit_z,30,131072,21.864,1536,0,0,1
opt_uint_sub,l4_n16,word_carry,30,131072,22.147,1536,0,0,1
opt_uint_sub,l4_n16,word_carry,31,131072,22.590,1536,0,0,1
opt_uint_sub,l4_n16,circuit_z,31,131072,22.082,1536,0,0,1
opt_uint_sub,l4_n16,circuit_z,32,131072,21.969,1536,0,0,1
opt_uint_sub,l4_n16,word_carry,32,131072,22.795,1536,0,0,1
opt_uint_sub,l4_n16,word_carry,33,131072,21.944,1536,0,0,1
opt_uint_sub,l4_n16,circuit_z,33,131072,21.899,1536,0,0,1
opt_uint_sub,l4_n16,word_carry,34,131072,22.524,1536,0,0,1
opt_uint_sub,l4_n16,circuit_z,34,131072,21.832,1536,0,0,1
opt_uint_sub,l4_n16,word_carry,35,131072,21.867,1536,0,0,1
opt_uint_sub,l4_n16,circuit_z,35,131072,21.822,1536,0,0,1
opt_uint_sub,l4_n16,word_carry,36,131072,22.793,1536,0,0,1
opt_uint_sub,l4_n16,circuit_z,36,131072,21.859,1536,0,0,1
opt_uint_sub,l4_n16,word_carry,37,131072,22.114,1536,0,0,1
opt_uint_sub,l4_n16,circuit_z,37,131072,22.630,1536,0,0,1
opt_uint_sub,l4_n16,circuit_z,38,131072,22.780,1536,0,0,1
opt_uint_sub,l4_n16,word_carry,38,131072,22.000,1536,0,0,1
opt_uint_sub,l4_n16,word_carry,39,131072,22.261,1536,0,0,1
opt_uint_sub,l4_n16,circuit_z,39,131072,22.192,1536,0,0,1
opt_uint_sub,l4_n16,circuit_z,40,131072,21.969,1536,0,0,1
opt_uint_sub,l4_n16,word_carry,40,131072,22.280,1536,0,0,1
opt_uint_sub,l4_n16,word_carry,41,131072,22.647,1536,0,0,1
opt_uint_sub,l4_n16,circuit_z,41,131072,23.038,1536,0,0,1
opt_uint_sub,l4_n16,word_carry,42,131072,22.342,1536,0,0,1
opt_uint_sub,l4_n16,circuit_z,42,131072,21.877,1536,0,0,1
opt_uint_sub,l4_n16,word_carry,43,131072,23.065,1536,0,0,1
opt_uint_sub,l4_n16,circuit_z,43,131072,22.094,1536,0,0,1
opt_uint_sub,l4_n16,word_carry,44,131072,22.035,1536,0,0,1
opt_uint_sub,l4_n16,circuit_z,44,131072,22.723,1536,0,0,1
opt_uint_sub,l4_n16,word_carry,45,131072,21.804,1536,0,0,1
opt_uint_sub,l4_n16,circuit_z,45,131072,21.971,1536,0,0,1
opt_uint_sub,l4_n16,circuit_z,46,131072,23.111,1536,0,0,1
opt_uint_sub,l4_n16,word_carry,46,131072,22.470,1536,0,0,1
opt_uint_sub,l4_n16,circuit_z,47,131072,22.468,1536,0,0,1
opt_uint_sub,l4_n16,word_carry,47,131072,22.095,1536,0,0,1
opt_uint_sub,l4_n16,word_carry,48,131072,22.423,1536,0,0,1
opt_uint_sub,l4_n16,circuit_z,48,131072,22.031,1536,0,0,1
opt_uint_sub,l4_n16,word_carry,49,131072,21.997,1536,0,0,1
opt_uint_sub,l4_n16,circuit_z,49,131072,21.835,1536,0,0,1
opt_uint_sub,l4_n16,word_carry,50,131072,22.316,1536,0,0,1
opt_uint_sub,l4_n16,circuit_z,50,131072,22.227,1536,0,0,1
opt_uint_sub,l4_n16,circuit_z,51,131072,21.868,1536,0,0,1
opt_uint_sub,l4_n16,word_carry,51,131072,22.216,1536,0,0,1
opt_uint_sub,l4_n16,word_carry,52,131072,22.331,1536,0,0,1
opt_uint_sub,l4_n16,circuit_z,52,131072,22.261,1536,0,0,1
opt_uint_sub,l4_n16,circuit_z,53,131072,22.363,1536,0,0,1
opt_uint_sub,l4_n16,word_carry,53,131072,22.559,1536,0,0,1
opt_uint_sub,l4_n16,circuit_z,54,131072,22.758,1536,0,0,1
opt_uint_sub,l4_n16,word_carry,54,131072,21.805,1536,0,0,1
opt_uint_sub,l4_n16,word_carry,55,131072,22.041,1536,0,0,1
opt_uint_sub,l4_n16,circuit_z,55,131072,22.379,1536,0,0,1
opt_uint_sub,l4_n16,circuit_z,56,131072,22.108,1536,0,0,1
opt_uint_sub,l4_n16,word_carry,56,131072,21.831,1536,0,0,1
opt_uint_sub,l4_n16,circuit_z,57,131072,22.585,1536,0,0,1
opt_uint_sub,l4_n16,word_carry,57,131072,21.833,1536,0,0,1
opt_uint_sub,l4_n16,word_carry,58,131072,21.938,1536,0,0,1
opt_uint_sub,l4_n16,circuit_z,58,131072,22.228,1536,0,0,1
opt_uint_sub,l4_n16,word_carry,59,131072,22.065,1536,0,0,1
opt_uint_sub,l4_n16,circuit_z,59,131072,21.780,1536,0,0,1
opt_uint_sub,l4_n16,circuit_z,60,131072,21.756,1536,0,0,1
opt_uint_sub,l4_n16,word_carry,60,131072,22.546,1536,0,0,1
opt_uint_sub,l4_n16,circuit_z,61,131072,22.493,1536,0,0,1
opt_uint_sub,l4_n16,word_carry,61,131072,22.598,1536,0,0,1
opt_uint_sub,l4_n16,circuit_z,62,131072,21.903,1536,0,0,1
opt_uint_sub,l4_n16,word_carry,62,131072,22.680,1536,0,0,1
opt_uint_sub,l4_n16,word_carry,63,131072,22.092,1536,0,0,1
opt_uint_sub,l4_n16,circuit_z,63,131072,21.976,1536,0,0,1
opt_uint_sub,l4_n1024,circuit_z,0,4096,1367.666,98304,0,0,1
opt_uint_sub,l4_n1024,word_carry,0,4096,1389.028,98304,0,0,1
opt_uint_sub,l4_n1024,word_carry,1,4096,1422.567,98304,0,0,1
opt_uint_sub,l4_n1024,circuit_z,1,4096,1390.055,98304,0,0,1
opt_uint_sub,l4_n1024,circuit_z,2,4096,1351.359,98304,0,0,1
opt_uint_sub,l4_n1024,word_carry,2,4096,1371.826,98304,0,0,1
opt_uint_sub,l4_n1024,word_carry,3,4096,1348.521,98304,0,0,1
opt_uint_sub,l4_n1024,circuit_z,3,4096,1371.368,98304,0,0,1
opt_uint_sub,l4_n1024,circuit_z,4,4096,1369.466,98304,0,0,1
opt_uint_sub,l4_n1024,word_carry,4,4096,1396.657,98304,0,0,1
opt_uint_sub,l4_n1024,word_carry,5,4096,1414.205,98304,0,0,1
opt_uint_sub,l4_n1024,circuit_z,5,4096,1363.800,98304,0,0,1
opt_uint_sub,l4_n1024,word_carry,6,4096,1357.523,98304,0,0,1
opt_uint_sub,l4_n1024,circuit_z,6,4096,1372.559,98304,0,0,1
opt_uint_sub,l4_n1024,circuit_z,7,4096,1365.112,98304,0,0,1
opt_uint_sub,l4_n1024,word_carry,7,4096,1357.035,98304,0,0,1
opt_uint_sub,l4_n1024,word_carry,8,4096,1478.444,98304,0,0,1
opt_uint_sub,l4_n1024,circuit_z,8,4096,1386.210,98304,0,0,1
opt_uint_sub,l4_n1024,word_carry,9,4096,1363.993,98304,0,0,1
opt_uint_sub,l4_n1024,circuit_z,9,4096,1404.704,98304,0,0,1
opt_uint_sub,l4_n1024,circuit_z,10,4096,1391.022,98304,0,0,1
opt_uint_sub,l4_n1024,word_carry,10,4096,1358.185,98304,0,0,1
opt_uint_sub,l4_n1024,word_carry,11,4096,1372.437,98304,0,0,1
opt_uint_sub,l4_n1024,circuit_z,11,4096,1358.358,98304,0,0,1
opt_uint_sub,l4_n1024,circuit_z,12,4096,1348.114,98304,0,0,1
opt_uint_sub,l4_n1024,word_carry,12,4096,1391.256,98304,0,0,1
opt_uint_sub,l4_n1024,circuit_z,13,4096,1377.655,98304,0,0,1
opt_uint_sub,l4_n1024,word_carry,13,4096,1362.956,98304,0,0,1
opt_uint_sub,l4_n1024,circuit_z,14,4096,1338.491,98304,0,0,1
opt_uint_sub,l4_n1024,word_carry,14,4096,1356.873,98304,0,0,1
opt_uint_sub,l4_n1024,word_carry,15,4096,1352.753,98304,0,0,1
opt_uint_sub,l4_n1024,circuit_z,15,4096,1329.580,98304,0,0,1
opt_uint_sub,l4_n1024,word_carry,16,4096,1359.538,98304,0,0,1
opt_uint_sub,l4_n1024,circuit_z,16,4096,1332.042,98304,0,0,1
opt_uint_sub,l4_n1024,circuit_z,17,4096,1343.516,98304,0,0,1
opt_uint_sub,l4_n1024,word_carry,17,4096,1336.935,98304,0,0,1
opt_uint_sub,l4_n1024,circuit_z,18,4096,1368.408,98304,0,0,1
opt_uint_sub,l4_n1024,word_carry,18,4096,1343.384,98304,0,0,1
opt_uint_sub,l4_n1024,circuit_z,19,4096,1391.510,98304,0,0,1
opt_uint_sub,l4_n1024,word_carry,19,4096,1384.715,98304,0,0,1
opt_uint_sub,l4_n1024,word_carry,20,4096,1378.133,98304,0,0,1
opt_uint_sub,l4_n1024,circuit_z,20,4096,1357.381,98304,0,0,1
opt_uint_sub,l4_n1024,word_carry,21,4096,1336.039,98304,0,0,1
opt_uint_sub,l4_n1024,circuit_z,21,4096,1382.945,98304,0,0,1
opt_uint_sub,l4_n1024,circuit_z,22,4096,1378.540,98304,0,0,1
opt_uint_sub,l4_n1024,word_carry,22,4096,1410.889,98304,0,0,1
opt_uint_sub,l4_n1024,word_carry,23,4096,1384.115,98304,0,0,1
opt_uint_sub,l4_n1024,circuit_z,23,4096,1367.320,98304,0,0,1
opt_uint_sub,l4_n1024,circuit_z,24,4096,1360.311,98304,0,0,1
opt_uint_sub,l4_n1024,word_carry,24,4096,1336.955,98304,0,0,1
opt_uint_sub,l4_n1024,word_carry,25,4096,1354.146,98304,0,0,1
opt_uint_sub,l4_n1024,circuit_z,25,4096,1332.977,98304,0,0,1
opt_uint_sub,l4_n1024,word_carry,26,4096,1396.973,98304,0,0,1
opt_uint_sub,l4_n1024,circuit_z,26,4096,1385.783,98304,0,0,1
opt_uint_sub,l4_n1024,circuit_z,27,4096,1352.600,98304,0,0,1
opt_uint_sub,l4_n1024,word_carry,27,4096,1358.449,98304,0,0,1
opt_uint_sub,l4_n1024,circuit_z,28,4096,1369.700,98304,0,0,1
opt_uint_sub,l4_n1024,word_carry,28,4096,1369.405,98304,0,0,1
opt_uint_sub,l4_n1024,circuit_z,29,4096,1330.088,98304,0,0,1
opt_uint_sub,l4_n1024,word_carry,29,4096,1381.521,98304,0,0,1
opt_uint_sub,l4_n1024,circuit_z,30,4096,1350.688,98304,0,0,1
opt_uint_sub,l4_n1024,word_carry,30,4096,1362.447,98304,0,0,1
opt_uint_sub,l4_n1024,word_carry,31,4096,1359.131,98304,0,0,1
opt_uint_sub,l4_n1024,circuit_z,31,4096,1418.549,98304,0,0,1
opt_uint_sub,l4_n1024,word_carry,32,4096,1400.126,98304,0,0,1
opt_uint_sub,l4_n1024,circuit_z,32,4096,1361.633,98304,0,0,1
opt_uint_sub,l4_n1024,word_carry,33,4096,1367.533,98304,0,0,1
opt_uint_sub,l4_n1024,circuit_z,33,4096,1332.611,98304,0,0,1
opt_uint_sub,l4_n1024,word_carry,34,4096,1345.927,98304,0,0,1
opt_uint_sub,l4_n1024,circuit_z,34,4096,1362.813,98304,0,0,1
opt_uint_sub,l4_n1024,circuit_z,35,4096,1380.015,98304,0,0,1
opt_uint_sub,l4_n1024,word_carry,35,4096,1417.491,98304,0,0,1
opt_uint_sub,l4_n1024,circuit_z,36,4096,1354.390,98304,0,0,1
opt_uint_sub,l4_n1024,word_carry,36,4096,1383.219,98304,0,0,1
opt_uint_sub,l4_n1024,word_carry,37,4096,1364.919,98304,0,0,1
opt_uint_sub,l4_n1024,circuit_z,37,4096,1379.873,98304,0,0,1
opt_uint_sub,l4_n1024,circuit_z,38,4096,1360.789,98304,0,0,1
opt_uint_sub,l4_n1024,word_carry,38,4096,1462.087,98304,0,0,1
opt_uint_sub,l4_n1024,word_carry,39,4096,1458.201,98304,0,0,1
opt_uint_sub,l4_n1024,circuit_z,39,4096,1357.656,98304,0,0,1
opt_uint_sub,l4_n1024,circuit_z,40,4096,1374.908,98304,0,0,1
opt_uint_sub,l4_n1024,word_carry,40,4096,1341.939,98304,0,0,1
opt_uint_sub,l4_n1024,word_carry,41,4096,1406.423,98304,0,0,1
opt_uint_sub,l4_n1024,circuit_z,41,4096,1339.549,98304,0,0,1
opt_uint_sub,l4_n1024,circuit_z,42,4096,1410.706,98304,0,0,1
opt_uint_sub,l4_n1024,word_carry,42,4096,1354.146,98304,0,0,1
opt_uint_sub,l4_n1024,circuit_z,43,4096,1342.336,98304,0,0,1
opt_uint_sub,l4_n1024,word_carry,43,4096,1379.598,98304,0,0,1
opt_uint_sub,l4_n1024,word_carry,44,4096,1480.540,98304,0,0,1
opt_uint_sub,l4_n1024,circuit_z,44,4096,1636.251,98304,0,0,1
opt_uint_sub,l4_n1024,circuit_z,45,4096,1485.596,98304,0,0,1
opt_uint_sub,l4_n1024,word_carry,45,4096,1467.967,98304,0,0,1
opt_uint_sub,l4_n1024,circuit_z,46,4096,1365.977,98304,0,0,1
opt_uint_sub,l4_n1024,word_carry,46,4096,1557.576,98304,0,0,1
opt_uint_sub,l4_n1024,word_carry,47,4096,1448.456,98304,0,0,1
opt_uint_sub,l4_n1024,circuit_z,47,4096,1431.539,98304,0,0,1
opt_uint_sub,l4_n1024,circuit_z,48,4096,1343.984,98304,0,0,1
opt_uint_sub,l4_n1024,word_carry,48,4096,1366.557,98304,0,0,1
opt_uint_sub,l4_n1024,circuit_z,49,4096,1410.533,98304,0,0,1
opt_uint_sub,l4_n1024,word_carry,49,4096,1438.650,98304,0,0,1
opt_uint_sub,l4_n1024,word_carry,50,4096,1539.174,98304,0,0,1
opt_uint_sub,l4_n1024,circuit_z,50,4096,1374.939,98304,0,0,1
opt_uint_sub,l4_n1024,word_carry,51,4096,1400.269,98304,0,0,1
opt_uint_sub,l4_n1024,circuit_z,51,4096,1340.037,98304,0,0,1
opt_uint_sub,l4_n1024,word_carry,52,4096,1645.721,98304,0,0,1
opt_uint_sub,l4_n1024,circuit_z,52,4096,1406.820,98304,0,0,1
opt_uint_sub,l4_n1024,word_carry,53,4096,1435.567,98304,0,0,1
opt_uint_sub,l4_n1024,circuit_z,53,4096,1366.719,98304,0,0,1
opt_uint_sub,l4_n1024,word_carry,54,4096,1417.511,98304,0,0,1
opt_uint_sub,l4_n1024,circuit_z,54,4096,1394.023,98304,0,0,1
opt_uint_sub,l4_n1024,word_carry,55,4096,1439.443,98304,0,0,1
opt_uint_sub,l4_n1024,circuit_z,55,4096,1534.790,98304,0,0,1
opt_uint_sub,l4_n1024,word_carry,56,4096,1401.245,98304,0,0,1
opt_uint_sub,l4_n1024,circuit_z,56,4096,1418.945,98304,0,0,1
opt_uint_sub,l4_n1024,circuit_z,57,4096,1469.676,98304,0,0,1
opt_uint_sub,l4_n1024,word_carry,57,4096,1381.582,98304,0,0,1
opt_uint_sub,l4_n1024,circuit_z,58,4096,1388.651,98304,0,0,1
opt_uint_sub,l4_n1024,word_carry,58,4096,1391.693,98304,0,0,1
opt_uint_sub,l4_n1024,word_carry,59,4096,1386.647,98304,0,0,1
opt_uint_sub,l4_n1024,circuit_z,59,4096,1346.090,98304,0,0,1
opt_uint_sub,l4_n1024,circuit_z,60,4096,1407.552,98304,0,0,1
opt_uint_sub,l4_n1024,word_carry,60,4096,1383.860,98304,0,0,1
opt_uint_sub,l4_n1024,word_carry,61,4096,1421.132,98304,0,0,1
opt_uint_sub,l4_n1024,circuit_z,61,4096,1361.887,98304,0,0,1
opt_uint_sub,l4_n1024,circuit_z,62,4096,1368.103,98304,0,0,1
opt_uint_sub,l4_n1024,word_carry,62,4096,1388.000,98304,0,0,1
opt_uint_sub,l4_n1024,word_carry,63,4096,1416.819,98304,0,0,1
opt_uint_sub,l4_n1024,circuit_z,63,4096,1417.257,98304,0,0,1
opt_uint_sub,l9_n16,circuit_z,0,65536,66.042,3456,0,0,1
opt_uint_sub,l9_n16,word_carry,0,65536,61.994,3456,0,0,1
opt_uint_sub,l9_n16,word_carry,1,65536,70.074,3456,0,0,1
opt_uint_sub,l9_n16,circuit_z,1,65536,61.878,3456,0,0,1
opt_uint_sub,l9_n16,word_carry,2,65536,66.337,3456,0,0,1
opt_uint_sub,l9_n16,circuit_z,2,65536,65.217,3456,0,0,1
opt_uint_sub,l9_n16,circuit_z,3,65536,68.122,3456,0,0,1
opt_uint_sub,l9_n16,word_carry,3,65536,65.892,3456,0,0,1
opt_uint_sub,l9_n16,circuit_z,4,65536,66.353,3456,0,0,1
opt_uint_sub,l9_n16,word_carry,4,65536,65.951,3456,0,0,1
opt_uint_sub,l9_n16,circuit_z,5,65536,64.140,3456,0,0,1
opt_uint_sub,l9_n16,word_carry,5,65536,66.071,3456,0,0,1
opt_uint_sub,l9_n16,word_carry,6,65536,68.104,3456,0,0,1
opt_uint_sub,l9_n16,circuit_z,6,65536,65.800,3456,0,0,1
opt_uint_sub,l9_n16,circuit_z,7,65536,67.454,3456,0,0,1
opt_uint_sub,l9_n16,word_carry,7,65536,65.995,3456,0,0,1
opt_uint_sub,l9_n16,circuit_z,8,65536,65.232,3456,0,0,1
opt_uint_sub,l9_n16,word_carry,8,65536,64.986,3456,0,0,1
opt_uint_sub,l9_n16,circuit_z,9,65536,65.634,3456,0,0,1
opt_uint_sub,l9_n16,word_carry,9,65536,79.461,3456,0,0,1
opt_uint_sub,l9_n16,word_carry,10,65536,85.328,3456,0,0,1
opt_uint_sub,l9_n16,circuit_z,10,65536,87.993,3456,0,0,1
opt_uint_sub,l9_n16,circuit_z,11,65536,75.989,3456,0,0,1
opt_uint_sub,l9_n16,word_carry,11,65536,67.887,3456,0,0,1
opt_uint_sub,l9_n16,word_carry,12,65536,67.801,3456,0,0,1
opt_uint_sub,l9_n16,circuit_z,12,65536,65.829,3456,0,0,1
opt_uint_sub,l9_n16,word_carry,13,65536,64.431,3456,0,0,1
opt_uint_sub,l9_n16,circuit_z,13,65536,62.365,3456,0,0,1
opt_uint_sub,l9_n16,circuit_z,14,65536,66.142,3456,0,0,1
opt_uint_sub,l9_n16,word_carry,14,65536,66.390,3456,0,0,1
opt_uint_sub,l9_n16,word_carry,15,65536,70.323,3456,0,0,1
opt_uint_sub,l9_n16,circuit_z,15,65536,65.007,3456,0,0,1
opt_uint_sub,l9_n16,word_carry,16,65536,66.811,3456,0,0,1
opt_uint_sub,l9_n16,circuit_z,16,65536,65.686,3456,0,0,1
opt_uint_sub,l9_n16,word_carry,17,65536,64.321,3456,0,0,1
opt_uint_sub,l9_n16,circuit_z,17,65536,65.748,3456,0,0,1
opt_uint_sub,l9_n16,word_carry,18,65536,67.094,3456,0,0,1
opt_uint_sub,l9_n16,circuit_z,18,65536,68.268,3456,0,0,1
opt_uint_sub,l9_n16,word_carry,19,65536,64.564,3456,0,0,1
opt_uint_sub,l9_n16,circuit_z,19,65536,71.877,3456,0,0,1
opt_uint_sub,l9_n16,word_carry,20,65536,73.454,3456,0,0,1
opt_uint_sub,l9_n16,circuit_z,20,65536,69.223,3456,0,0,1
opt_uint_sub,l9_n16,word_carry,21,65536,67.236,3456,0,0,1
opt_uint_sub,l9_n16,circuit_z,21,65536,65.450,3456,0,0,1
opt_uint_sub,l9_n16,word_carry,22,65536,64.306,3456,0,0,1
opt_uint_sub,l9_n16,circuit_z,22,65536,66.122,3456,0,0,1
opt_uint_sub,l9_n16,circuit_z,23,65536,65.938,3456,0,0,1
opt_uint_sub,l9_n16,word_carry,23,65536,69.105,3456,0,0,1
opt_uint_sub,l9_n16,circuit_z,24,65536,63.999,3456,0,0,1
opt_uint_sub,l9_n16,word_carry,24,65536,66.612,3456,0,0,1
opt_uint_sub,l9_n16,circuit_z,25,65536,73.568,3456,0,0,1
opt_uint_sub,l9_n16,word_carry,25,65536,69.384,3456,0,0,1
opt_uint_sub,l9_n16,word_carry,26,65536,66.448,3456,0,0,1
opt_uint_sub,l9_n16,circuit_z,26,65536,62.663,3456,0,0,1
opt_uint_sub,l9_n16,word_carry,27,65536,63.515,3456,0,0,1
opt_uint_sub,l9_n16,circuit_z,27,65536,64.777,3456,0,0,1
opt_uint_sub,l9_n16,circuit_z,28,65536,61.936,3456,0,0,1
opt_uint_sub,l9_n16,word_carry,28,65536,67.252,3456,0,0,1
opt_uint_sub,l9_n16,word_carry,29,65536,63.757,3456,0,0,1
opt_uint_sub,l9_n16,circuit_z,29,65536,66.584,3456,0,0,1
opt_uint_sub,l9_n16,circuit_z,30,65536,62.904,3456,0,0,1
opt_uint_sub,l9_n16,word_carry,30,65536,67.116,3456,0,0,1
opt_uint_sub,l9_n16,circuit_z,31,65536,66.760,3456,0,0,1
opt_uint_sub,l9_n16,word_carry,31,65536,65.791,3456,0,0,1
opt_uint_sub,l9_n16,circuit_z,32,65536,66.904,3456,0,0,1
opt_uint_sub,l9_n16,word_carry,32,65536,64.346,3456,0,0,1
opt_uint_sub,l9_n16,word_carry,33,65536,62.928,3456,0,0,1
opt_uint_sub,l9_n16,circuit_z,33,65536,63.630,3456,0,0,1
opt_uint_sub,l9_n16,word_carry,34,65536,74.928,3456,0,0,1
opt_uint_sub,l9_n16,circuit_z,34,65536,80.364,3456,0,0,1
opt_uint_sub,l9_n16,word_carry,35,65536,72.274,3456,0,0,1
opt_uint_sub,l9_n16,circuit_z,35,65536,74.971,3456,0,0,1
opt_uint_sub,l9_n16,word_carry,36,65536,63.892,3456,0,0,1
opt_uint_sub,l9_n16,circuit_z,36,65536,66.336,3456,0,0,1
opt_uint_sub,l9_n16,circuit_z,37,65536,65.334,3456,0,0,1
opt_uint_sub,l9_n16,word_carry,37,65536,67.632,3456,0,0,1
opt_uint_sub,l9_n16,circuit_z,38,65536,66.394,3456,0,0,1
opt_uint_sub,l9_n16,word_carry,38,65536,66.082,3456,0,0,1
opt_uint_sub,l9_n16,word_carry,39,65536,62.377,3456,0,0,1
opt_uint_sub,l9_n16,circuit_z,39,65536,65.020,3456,0,0,1
opt_uint_sub,l9_n16,word_carry,40,65536,66.166,3456,0,0,1
opt_uint_sub,l9_n16,circuit_z,40,65536,64.519,3456,0,0,1
opt_uint_sub,l9_n16,circuit_z,41,65536,62.419,3456,0,0,1
opt_uint_sub,l9_n16,word_carry,41,65536,65.999,3456,0,0,1
opt_uint_sub,l9_n16,circuit_z,42,65536,65.814,3456,0,0,1
opt_uint_sub,l9_n16,word_carry,42,65536,62.559,3456,0,0,1
opt_uint_sub,l9_n16,word_carry,43,65536,63.471,3456,0,0,1
opt_uint_sub,l9_n16,circuit_z,43,65536,65.037,3456,0,0,1
opt_uint_sub,l9_n16,word_carry,44,65536,64.378,3456,0,0,1
opt_uint_sub,l9_n16,circuit_z,44,65536,63.414,3456,0,0,1
opt_uint_sub,l9_n16,circuit_z,45,65536,62.172,3456,0,0,1
opt_uint_sub,l9_n16,word_carry,45,65536,65.311,3456,0,0,1
opt_uint_sub,l9_n16,word_carry,46,65536,64.999,3456,0,0,1
opt_uint_sub,l9_n16,circuit_z,46,65536,63.164,3456,0,0,1
opt_uint_sub,l9_n16,circuit_z,47,65536,64.772,3456,0,0,1
opt_uint_sub,l9_n16,word_carry,47,65536,65.738,3456,0,0,1
opt_uint_sub,l9_n16,circuit_z,48,65536,65.474,3456,0,0,1
opt_uint_sub,l9_n16,word_carry,48,65536,65.514,3456,0,0,1
opt_uint_sub,l9_n16,circuit_z,49,65536,66.102,3456,0,0,1
opt_uint_sub,l9_n16,word_carry,49,65536,65.841,3456,0,0,1
opt_uint_sub,l9_n16,circuit_z,50,65536,62.813,3456,0,0,1
opt_uint_sub,l9_n16,word_carry,50,65536,62.352,3456,0,0,1
opt_uint_sub,l9_n16,word_carry,51,65536,63.498,3456,0,0,1
opt_uint_sub,l9_n16,circuit_z,51,65536,64.639,3456,0,0,1
opt_uint_sub,l9_n16,circuit_z,52,65536,62.147,3456,0,0,1
opt_uint_sub,l9_n16,word_carry,52,65536,65.892,3456,0,0,1
opt_uint_sub,l9_n16,word_carry,53,65536,65.388,3456,0,0,1
opt_uint_sub,l9_n16,circuit_z,53,65536,64.160,3456,0,0,1
opt_uint_sub,l9_n16,word_carry,54,65536,67.509,3456,0,0,1
opt_uint_sub,l9_n16,circuit_z,54,65536,64.575,3456,0,0,1
opt_uint_sub,l9_n16,circuit_z,55,65536,65.287,3456,0,0,1
opt_uint_sub,l9_n16,word_carry,55,65536,64.933,3456,0,0,1
opt_uint_sub,l9_n16,word_carry,56,65536,63.243,3456,0,0,1
opt_uint_sub,l9_n16,circuit_z,56,65536,61.143,3456,0,0,1
opt_uint_sub,l9_n16,circuit_z,57,65536,62.328,3456,0,0,1
opt_uint_sub,l9_n16,word_carry,57,65536,65.765,3456,0,0,1
opt_uint_sub,l9_n16,circuit_z,58,65536,61.310,3456,0,0,1
opt_uint_sub,l9_n16,word_carry,58,65536,64.269,3456,0,0,1
opt_uint_sub,l9_n16,circuit_z,59,65536,61.667,3456,0,0,1
opt_uint_sub,l9_n16,word_carry,59,65536,62.982,3456,0,0,1
opt_uint_sub,l9_n16,circuit_z,60,65536,60.948,3456,0,0,1
opt_uint_sub,l9_n16,word_carry,60,65536,62.501,3456,0,0,1
opt_uint_sub,l9_n16,circuit_z,61,65536,64.501,3456,0,0,1
opt_uint_sub,l9_n16,word_carry,61,65536,62.136,3456,0,0,1
opt_uint_sub,l9_n16,circuit_z,62,65536,66.154,3456,0,0,1
opt_uint_sub,l9_n16,word_carry,62,65536,64.923,3456,0,0,1
opt_uint_sub,l9_n16,circuit_z,63,65536,62.374,3456,0,0,1
opt_uint_sub,l9_n16,word_carry,63,65536,64.785,3456,0,0,1
opt_uint_sub,l9_n1024,word_carry,0,1024,3893.107,221184,0,0,1
opt_uint_sub,l9_n1024,circuit_z,0,1024,3983.276,221184,0,0,1
opt_uint_sub,l9_n1024,circuit_z,1,1024,3969.727,221184,0,0,1
opt_uint_sub,l9_n1024,word_carry,1,1024,3996.501,221184,0,0,1
opt_uint_sub,l9_n1024,circuit_z,2,1024,4091.716,221184,0,0,1
opt_uint_sub,l9_n1024,word_carry,2,1024,3955.566,221184,0,0,1
opt_uint_sub,l9_n1024,circuit_z,3,1024,4070.639,221184,0,0,1
opt_uint_sub,l9_n1024,word_carry,3,1024,3893.677,221184,0,0,1
opt_uint_sub,l9_n1024,circuit_z,4,1024,3935.588,221184,0,0,1
opt_uint_sub,l9_n1024,word_carry,4,1024,3980.957,221184,0,0,1
opt_uint_sub,l9_n1024,word_carry,5,1024,4069.824,221184,0,0,1
opt_uint_sub,l9_n1024,circuit_z,5,1024,4148.641,221184,0,0,1
opt_uint_sub,l9_n1024,circuit_z,6,1024,4446.818,221184,0,0,1
opt_uint_sub,l9_n1024,word_carry,6,1024,4456.461,221184,0,0,1
opt_uint_sub,l9_n1024,word_carry,7,1024,4904.826,221184,0,0,1
opt_uint_sub,l9_n1024,circuit_z,7,1024,4721.395,221184,0,0,1
opt_uint_sub,l9_n1024,circuit_z,8,1024,3950.765,221184,0,0,1
opt_uint_sub,l9_n1024,word_carry,8,1024,4033.691,221184,0,0,1
opt_uint_sub,l9_n1024,word_carry,9,1024,4039.022,221184,0,0,1
opt_uint_sub,l9_n1024,circuit_z,9,1024,3956.299,221184,0,0,1
opt_uint_sub,l9_n1024,word_carry,10,1024,4320.395,221184,0,0,1
opt_uint_sub,l9_n1024,circuit_z,10,1024,4610.556,221184,0,0,1
opt_uint_sub,l9_n1024,word_carry,11,1024,4244.711,221184,0,0,1
opt_uint_sub,l9_n1024,circuit_z,11,1024,4184.978,221184,0,0,1
opt_uint_sub,l9_n1024,word_carry,12,1024,3916.138,221184,0,0,1
opt_uint_sub,l9_n1024,circuit_z,12,1024,4028.483,221184,0,0,1
opt_uint_sub,l9_n1024,circuit_z,13,1024,4066.731,221184,0,0,1
opt_uint_sub,l9_n1024,word_carry,13,1024,3943.318,221184,0,0,1
opt_uint_sub,l9_n1024,circuit_z,14,1024,3985.514,221184,0,0,1
opt_uint_sub,l9_n1024,word_carry,14,1024,4017.253,221184,0,0,1
opt_uint_sub,l9_n1024,circuit_z,15,1024,3989.624,221184,0,0,1
opt_uint_sub,l9_n1024,word_carry,15,1024,3875.570,221184,0,0,1
opt_uint_sub,l9_n1024,word_carry,16,1024,4036.865,221184,0,0,1
opt_uint_sub,l9_n1024,circuit_z,16,1024,4309.042,221184,0,0,1
opt_uint_sub,l9_n1024,circuit_z,17,1024,4061.035,221184,0,0,1
opt_uint_sub,l9_n1024,word_carry,17,1024,3851.685,221184,0,0,1
opt_uint_sub,l9_n1024,circuit_z,18,1024,3965.535,221184,0,0,1
opt_uint_sub,l9_n1024,word_carry,18,1024,3945.312,221184,0,0,1
opt_uint_sub,l9_n1024,word_carry,19,1024,3900.594,221184,0,0,1
opt_uint_sub,l9_n1024,circuit_z,19,1024,4001.099,221184,0,0,1
opt_uint_sub,l9_n1024,word_carry,20,1024,4225.708,221184,0,0,1
opt_uint_sub,l9_n1024,circuit_z,20,1024,3927.734,221184,0,0,1
opt_uint_sub,l9_n1024,word_carry,21,1024,3962.076,221184,0,0,1
opt_uint_sub,l9_n1024,circuit_z,21,1024,3929.729,221184,0,0,1
opt_uint_sub,l9_n1024,circuit_z,22,1024,3961.101,221184,0,0,1
opt_uint_sub,l9_n1024,word_carry,22,1024,3887.817,221184,0,0,1
opt_uint_sub,l9_n1024,word_carry,23,1024,3851.440,221184,0,0,1
opt_uint_sub,l9_n1024,circuit_z,23,1024,4095.785,221184,0,0,1
opt_uint_sub,l9_n1024,word_carry,24,1024,3850.423,221184,0,0,1
opt_uint_sub,l9_n1024,circuit_z,24,1024,4037.638,221184,0,0,1
opt_uint_sub,l9_n1024,word_carry,25,1024,3916.178,221184,0,0,1
opt_uint_sub,l9_n1024,circuit_z,25,1024,3938.924,221184,0,0,1
opt_uint_sub,l9_n1024,circuit_z,26,1024,4125.407,221184,0,0,1
opt_uint_sub,l9_n1024,word_carry,26,1024,3889.607,221184,0,0,1
opt_uint_sub,l9_n1024,word_carry,27,1024,4024.373,221184,0,0,1
opt_uint_sub,l9_n1024,circuit_z,27,1024,3992.229,221184,0,0,1
opt_uint_sub,l9_n1024,word_carry,28,1024,4114.177,221184,0,0,1
opt_uint_sub,l9_n1024,circuit_z,28,1024,4141.684,221184,0,0,1
opt_uint_sub,l9_n1024,word_carry,29,1024,3911.296,221184,0,0,1
opt_uint_sub,l9_n1024,circuit_z,29,1024,4184.042,221184,0,0,1
opt_uint_sub,l9_n1024,circuit_z,30,1024,3940.022,221184,0,0,1
opt_uint_sub,l9_n1024,word_carry,30,1024,3862.061,221184,0,0,1
opt_uint_sub,l9_n1024,circuit_z,31,1024,4122.559,221184,0,0,1
opt_uint_sub,l9_n1024,word_carry,31,1024,3975.546,221184,0,0,1
opt_uint_sub,l9_n1024,circuit_z,32,1024,4086.874,221184,0,0,1
opt_uint_sub,l9_n1024,word_carry,32,1024,3880.818,221184,0,0,1
opt_uint_sub,l9_n1024,circuit_z,33,1024,3943.196,221184,0,0,1
opt_uint_sub,l9_n1024,word_carry,33,1024,4002.278,221184,0,0,1
opt_uint_sub,l9_n1024,circuit_z,34,1024,3934.041,221184,0,0,1
opt_uint_sub,l9_n1024,word_carry,34,1024,3982.910,221184,0,0,1
opt_uint_sub,l9_n1024,word_carry,35,1024,3868.204,221184,0,0,1
opt_uint_sub,l9_n1024,circuit_z,35,1024,3988.200,221184,0,0,1
opt_uint_sub,l9_n1024,circuit_z,36,1024,4152.872,221184,0,0,1
opt_uint_sub,l9_n1024,word_carry,36,1024,4010.376,221184,0,0,1
opt_uint_sub,l9_n1024,circuit_z,37,1024,4088.013,221184,0,0,1
opt_uint_sub,l9_n1024,word_carry,37,1024,3885.580,221184,0,0,1
opt_uint_sub,l9_n1024,circuit_z,38,1024,3977.986,221184,0,0,1
opt_uint_sub,l9_n1024,word_carry,38,1024,3944.295,221184,0,0,1
opt_uint_sub,l9_n1024,word_carry,39,1024,3880.900,221184,0,0,1
opt_uint_sub,l9_n1024,circuit_z,39,1024,4070.109,221184,0,0,1
opt_uint_sub,l9_n1024,circuit_z,40,1024,3941.324,221184,0,0,1
opt_uint_sub,l9_n1024,word_carry,40,1024,3914.307,221184,0,0,1
opt_uint_sub,l9_n1024,word_carry,41,1024,3875.773,221184,0,0,1
opt_uint_sub,l9_n1024,circuit_z,41,1024,3950.032,221184,0,0,1
opt_uint_sub,l9_n1024,circuit_z,42,1024,3919.800,221184,0,0,1
opt_uint_sub,l9_n1024,word_carry,42,1024,3846.313,221184,0,0,1
opt_uint_sub,l9_n1024,circuit_z,43,1024,4018.311,221184,0,0,1
opt_uint_sub,l9_n1024,word_carry,43,1024,3911.052,221184,0,0,1
opt_uint_sub,l9_n1024,circuit_z,44,1024,3968.181,221184,0,0,1
opt_uint_sub,l9_n1024,word_carry,44,1024,3943.237,221184,0,0,1
opt_uint_sub,l9_n1024,circuit_z,45,1024,3955.363,221184,0,0,1
opt_uint_sub,l9_n1024,word_carry,45,1024,4021.281,221184,0,0,1
opt_uint_sub,l9_n1024,circuit_z,46,1024,4095.703,221184,0,0,1
opt_uint_sub,l9_n1024,word_carry,46,1024,4019.043,221184,0,0,1
opt_uint_sub,l9_n1024,word_carry,47,1024,3944.986,221184,0,0,1
opt_uint_sub,l9_n1024,circuit_z,47,1024,3923.625,221184,0,0,1
opt_uint_sub,l9_n1024,word_carry,48,1024,3990.356,221184,0,0,1
opt_uint_sub,l9_n1024,circuit_z,48,1024,4040.323,221184,0,0,1
opt_uint_sub,l9_n1024,circuit_z,49,1024,3927.694,221184,0,0,1
opt_uint_sub,l9_n1024,word_carry,49,1024,3941.121,221184,0,0,1
opt_uint_sub,l9_n1024,circuit_z,50,1024,3913.940,221184,0,0,1
opt_uint_sub,l9_n1024,word_carry,50,1024,3926.921,221184,0,0,1
opt_uint_sub,l9_n1024,circuit_z,51,1024,4084.351,221184,0,0,1
opt_uint_sub,l9_n1024,word_carry,51,1024,3911.987,221184,0,0,1
opt_uint_sub,l9_n1024,word_carry,52,1024,3974.202,221184,0,0,1
opt_uint_sub,l9_n1024,circuit_z,52,1024,3978.312,221184,0,0,1
opt_uint_sub,l9_n1024,circuit_z,53,1024,3975.261,221184,0,0,1
opt_uint_sub,l9_n1024,word_carry,53,1024,3870.442,221184,0,0,1
opt_uint_sub,l9_n1024,word_carry,54,1024,3948.242,221184,0,0,1
opt_uint_sub,l9_n1024,circuit_z,54,1024,4037.394,221184,0,0,1
opt_uint_sub,l9_n1024,word_carry,55,1024,3971.477,221184,0,0,1
opt_uint_sub,l9_n1024,circuit_z,55,1024,4005.412,221184,0,0,1
opt_uint_sub,l9_n1024,circuit_z,56,1024,4065.430,221184,0,0,1
opt_uint_sub,l9_n1024,word_carry,56,1024,3962.646,221184,0,0,1
opt_uint_sub,l9_n1024,word_carry,57,1024,4625.488,221184,0,0,1
opt_uint_sub,l9_n1024,circuit_z,57,1024,5301.351,221184,0,0,1
opt_uint_sub,l9_n1024,circuit_z,58,1024,4563.640,221184,0,0,1
opt_uint_sub,l9_n1024,word_carry,58,1024,4029.988,221184,0,0,1
opt_uint_sub,l9_n1024,word_carry,59,1024,4019.165,221184,0,0,1
opt_uint_sub,l9_n1024,circuit_z,59,1024,4000.651,221184,0,0,1
opt_uint_sub,l9_n1024,word_carry,60,1024,4027.100,221184,0,0,1
opt_uint_sub,l9_n1024,circuit_z,60,1024,3986.246,221184,0,0,1
opt_uint_sub,l9_n1024,circuit_z,61,1024,3967.244,221184,0,0,1
opt_uint_sub,l9_n1024,word_carry,61,1024,4046.428,221184,0,0,1
opt_uint_sub,l9_n1024,circuit_z,62,1024,4053.467,221184,0,0,1
opt_uint_sub,l9_n1024,word_carry,62,1024,4339.192,221184,0,0,1
opt_uint_sub,l9_n1024,word_carry,63,1024,4205.362,221184,0,0,1
opt_uint_sub,l9_n1024,circuit_z,63,1024,4107.096,221184,0,0,1
opt_prime_dot,q100_n16,one_acc,0,65536,61.055,512,0,0,1
opt_prime_dot,q100_n16,acc4,0,65536,68.562,512,0,0,1
opt_prime_dot,q100_n16,length_dispatch,0,65536,63.919,512,0,0,1
opt_prime_dot,q100_n16,acc4,1,65536,69.298,512,0,0,1
opt_prime_dot,q100_n16,length_dispatch,1,65536,63.171,512,0,0,1
opt_prime_dot,q100_n16,one_acc,1,65536,60.542,512,0,0,1
opt_prime_dot,q100_n16,acc4,2,65536,65.351,512,0,0,1
opt_prime_dot,q100_n16,one_acc,2,65536,66.522,512,0,0,1
opt_prime_dot,q100_n16,length_dispatch,2,65536,64.030,512,0,0,1
opt_prime_dot,q100_n16,length_dispatch,3,65536,60.336,512,0,0,1
opt_prime_dot,q100_n16,one_acc,3,65536,62.055,512,0,0,1
opt_prime_dot,q100_n16,acc4,3,65536,70.034,512,0,0,1
opt_prime_dot,q100_n16,one_acc,4,65536,62.717,512,0,0,1
opt_prime_dot,q100_n16,length_dispatch,4,65536,61.155,512,0,0,1
opt_prime_dot,q100_n16,acc4,4,65536,63.000,512,0,0,1
opt_prime_dot,q100_n16,length_dispatch,5,65536,59.099,512,0,0,1
opt_prime_dot,q100_n16,acc4,5,65536,65.062,512,0,0,1
opt_prime_dot,q100_n16,one_acc,5,65536,60.043,512,0,0,1
opt_prime_dot,q100_n16,length_dispatch,6,65536,71.328,512,0,0,1
opt_prime_dot,q100_n16,acc4,6,65536,64.041,512,0,0,1
opt_prime_dot,q100_n16,one_acc,6,65536,59.488,512,0,0,1
opt_prime_dot,q100_n16,length_dispatch,7,65536,62.018,512,0,0,1
opt_prime_dot,q100_n16,acc4,7,65536,63.285,512,0,0,1
opt_prime_dot,q100_n16,one_acc,7,65536,61.195,512,0,0,1
opt_prime_dot,q100_n16,acc4,8,65536,65.545,512,0,0,1
opt_prime_dot,q100_n16,length_dispatch,8,65536,61.540,512,0,0,1
opt_prime_dot,q100_n16,one_acc,8,65536,59.329,512,0,0,1
opt_prime_dot,q100_n16,length_dispatch,9,65536,60.783,512,0,0,1
opt_prime_dot,q100_n16,acc4,9,65536,63.302,512,0,0,1
opt_prime_dot,q100_n16,one_acc,9,65536,65.337,512,0,0,1
opt_prime_dot,q100_n16,one_acc,10,65536,60.085,512,0,0,1
opt_prime_dot,q100_n16,length_dispatch,10,65536,60.930,512,0,0,1
opt_prime_dot,q100_n16,acc4,10,65536,64.518,512,0,0,1
opt_prime_dot,q100_n16,acc4,11,65536,96.908,512,0,0,1
opt_prime_dot,q100_n16,one_acc,11,65536,74.947,512,0,0,1
opt_prime_dot,q100_n16,length_dispatch,11,65536,62.687,512,0,0,1
opt_prime_dot,q100_n16,acc4,12,65536,68.289,512,0,0,1
opt_prime_dot,q100_n16,one_acc,12,65536,61.284,512,0,0,1
opt_prime_dot,q100_n16,length_dispatch,12,65536,60.756,512,0,0,1
opt_prime_dot,q100_n16,acc4,13,65536,65.197,512,0,0,1
opt_prime_dot,q100_n16,one_acc,13,65536,61.072,512,0,0,1
opt_prime_dot,q100_n16,length_dispatch,13,65536,63.199,512,0,0,1
opt_prime_dot,q100_n16,length_dispatch,14,65536,61.717,512,0,0,1
opt_prime_dot,q100_n16,acc4,14,65536,65.400,512,0,0,1
opt_prime_dot,q100_n16,one_acc,14,65536,65.095,512,0,0,1
opt_prime_dot,q100_n16,length_dispatch,15,65536,62.487,512,0,0,1
opt_prime_dot,q100_n16,acc4,15,65536,62.972,512,0,0,1
opt_prime_dot,q100_n16,one_acc,15,65536,61.191,512,0,0,1
opt_prime_dot,q100_n16,acc4,16,65536,67.985,512,0,0,1
opt_prime_dot,q100_n16,length_dispatch,16,65536,62.875,512,0,0,1
opt_prime_dot,q100_n16,one_acc,16,65536,59.657,512,0,0,1
opt_prime_dot,q100_n16,one_acc,17,65536,60.743,512,0,0,1
opt_prime_dot,q100_n16,length_dispatch,17,65536,60.089,512,0,0,1
opt_prime_dot,q100_n16,acc4,17,65536,70.753,512,0,0,1
opt_prime_dot,q100_n16,length_dispatch,18,65536,60.669,512,0,0,1
opt_prime_dot,q100_n16,acc4,18,65536,63.555,512,0,0,1
opt_prime_dot,q100_n16,one_acc,18,65536,60.112,512,0,0,1
opt_prime_dot,q100_n16,acc4,19,65536,71.110,512,0,0,1
opt_prime_dot,q100_n16,one_acc,19,65536,60.868,512,0,0,1
opt_prime_dot,q100_n16,length_dispatch,19,65536,60.634,512,0,0,1
opt_prime_dot,q100_n16,acc4,20,65536,63.887,512,0,0,1
opt_prime_dot,q100_n16,one_acc,20,65536,61.225,512,0,0,1
opt_prime_dot,q100_n16,length_dispatch,20,65536,59.033,512,0,0,1
opt_prime_dot,q100_n16,one_acc,21,65536,60.350,512,0,0,1
opt_prime_dot,q100_n16,acc4,21,65536,61.993,512,0,0,1
opt_prime_dot,q100_n16,length_dispatch,21,65536,59.766,512,0,0,1
opt_prime_dot,q100_n16,length_dispatch,22,65536,59.013,512,0,0,1
opt_prime_dot,q100_n16,one_acc,22,65536,59.610,512,0,0,1
opt_prime_dot,q100_n16,acc4,22,65536,62.787,512,0,0,1
opt_prime_dot,q100_n16,length_dispatch,23,65536,59.475,512,0,0,1
opt_prime_dot,q100_n16,one_acc,23,65536,59.958,512,0,0,1
opt_prime_dot,q100_n16,acc4,23,65536,62.202,512,0,0,1
opt_prime_dot,q100_n16,one_acc,24,65536,59.067,512,0,0,1
opt_prime_dot,q100_n16,length_dispatch,24,65536,61.171,512,0,0,1
opt_prime_dot,q100_n16,acc4,24,65536,62.713,512,0,0,1
opt_prime_dot,q100_n16,one_acc,25,65536,60.921,512,0,0,1
opt_prime_dot,q100_n16,length_dispatch,25,65536,59.875,512,0,0,1
opt_prime_dot,q100_n16,acc4,25,65536,62.120,512,0,0,1
opt_prime_dot,q100_n16,one_acc,26,65536,60.549,512,0,0,1
opt_prime_dot,q100_n16,acc4,26,65536,62.249,512,0,0,1
opt_prime_dot,q100_n16,length_dispatch,26,65536,60.392,512,0,0,1
opt_prime_dot,q100_n16,one_acc,27,65536,59.320,512,0,0,1
opt_prime_dot,q100_n16,length_dispatch,27,65536,61.675,512,0,0,1
opt_prime_dot,q100_n16,acc4,27,65536,62.634,512,0,0,1
opt_prime_dot,q100_n16,length_dispatch,28,65536,60.837,512,0,0,1
opt_prime_dot,q100_n16,acc4,28,65536,62.499,512,0,0,1
opt_prime_dot,q100_n16,one_acc,28,65536,61.947,512,0,0,1
opt_prime_dot,q100_n16,acc4,29,65536,62.578,512,0,0,1
opt_prime_dot,q100_n16,length_dispatch,29,65536,61.852,512,0,0,1
opt_prime_dot,q100_n16,one_acc,29,65536,59.804,512,0,0,1
opt_prime_dot,q100_n16,length_dispatch,30,65536,62.013,512,0,0,1
opt_prime_dot,q100_n16,acc4,30,65536,63.136,512,0,0,1
opt_prime_dot,q100_n16,one_acc,30,65536,63.220,512,0,0,1
opt_prime_dot,q100_n16,one_acc,31,65536,61.062,512,0,0,1
opt_prime_dot,q100_n16,acc4,31,65536,73.503,512,0,0,1
opt_prime_dot,q100_n16,length_dispatch,31,65536,97.263,512,0,0,1
opt_prime_dot,q100_n16,one_acc,32,65536,63.963,512,0,0,1
opt_prime_dot,q100_n16,acc4,32,65536,65.169,512,0,0,1
opt_prime_dot,q100_n16,length_dispatch,32,65536,66.061,512,0,0,1
opt_prime_dot,q100_n16,one_acc,33,65536,66.445,512,0,0,1
opt_prime_dot,q100_n16,acc4,33,65536,66.086,512,0,0,1
opt_prime_dot,q100_n16,length_dispatch,33,65536,100.958,512,0,0,1
opt_prime_dot,q100_n16,one_acc,34,65536,638.295,512,0,0,1
opt_prime_dot,q100_n16,length_dispatch,34,65536,88.115,512,0,0,1
opt_prime_dot,q100_n16,acc4,34,65536,68.524,512,0,0,1
opt_prime_dot,q100_n16,one_acc,35,65536,76.561,512,0,0,1
opt_prime_dot,q100_n16,acc4,35,65536,79.040,512,0,0,1
opt_prime_dot,q100_n16,length_dispatch,35,65536,94.016,512,0,0,1
opt_prime_dot,q100_n16,one_acc,36,65536,91.793,512,0,0,1
opt_prime_dot,q100_n16,length_dispatch,36,65536,65.350,512,0,0,1
opt_prime_dot,q100_n16,acc4,36,65536,100.458,512,0,0,1
opt_prime_dot,q100_n16,acc4,37,65536,118.635,512,0,0,1
opt_prime_dot,q100_n16,length_dispatch,37,65536,72.110,512,0,0,1
opt_prime_dot,q100_n16,one_acc,37,65536,63.169,512,0,0,1
opt_prime_dot,q100_n16,acc4,38,65536,67.797,512,0,0,1
opt_prime_dot,q100_n16,length_dispatch,38,65536,63.375,512,0,0,1
opt_prime_dot,q100_n16,one_acc,38,65536,79.631,512,0,0,1
opt_prime_dot,q100_n16,length_dispatch,39,65536,63.611,512,0,0,1
opt_prime_dot,q100_n16,one_acc,39,65536,116.069,512,0,0,1
opt_prime_dot,q100_n16,acc4,39,65536,76.811,512,0,0,1
opt_prime_dot,q100_n16,acc4,40,65536,65.565,512,0,0,1
opt_prime_dot,q100_n16,length_dispatch,40,65536,64.133,512,0,0,1
opt_prime_dot,q100_n16,one_acc,40,65536,63.946,512,0,0,1
opt_prime_dot,q100_n16,one_acc,41,65536,72.743,512,0,0,1
opt_prime_dot,q100_n16,acc4,41,65536,103.143,512,0,0,1
opt_prime_dot,q100_n16,length_dispatch,41,65536,80.228,512,0,0,1
opt_prime_dot,q100_n16,length_dispatch,42,65536,68.672,512,0,0,1
opt_prime_dot,q100_n16,acc4,42,65536,75.936,512,0,0,1
opt_prime_dot,q100_n16,one_acc,42,65536,62.462,512,0,0,1
opt_prime_dot,q100_n16,length_dispatch,43,65536,72.635,512,0,0,1
opt_prime_dot,q100_n16,one_acc,43,65536,62.188,512,0,0,1
opt_prime_dot,q100_n16,acc4,43,65536,66.774,512,0,0,1
opt_prime_dot,q100_n16,length_dispatch,44,65536,62.106,512,0,0,1
opt_prime_dot,q100_n16,one_acc,44,65536,60.783,512,0,0,1
opt_prime_dot,q100_n16,acc4,44,65536,62.550,512,0,0,1
opt_prime_dot,q100_n16,length_dispatch,45,65536,61.139,512,0,0,1
opt_prime_dot,q100_n16,one_acc,45,65536,63.854,512,0,0,1
opt_prime_dot,q100_n16,acc4,45,65536,66.367,512,0,0,1
opt_prime_dot,q100_n16,one_acc,46,65536,60.956,512,0,0,1
opt_prime_dot,q100_n16,length_dispatch,46,65536,60.939,512,0,0,1
opt_prime_dot,q100_n16,acc4,46,65536,64.827,512,0,0,1
opt_prime_dot,q100_n16,acc4,47,65536,65.985,512,0,0,1
opt_prime_dot,q100_n16,length_dispatch,47,65536,65.920,512,0,0,1
opt_prime_dot,q100_n16,one_acc,47,65536,62.215,512,0,0,1
opt_prime_dot,q100_n16,one_acc,48,65536,59.991,512,0,0,1
opt_prime_dot,q100_n16,acc4,48,65536,66.170,512,0,0,1
opt_prime_dot,q100_n16,length_dispatch,48,65536,65.510,512,0,0,1
opt_prime_dot,q100_n16,one_acc,49,65536,61.925,512,0,0,1
opt_prime_dot,q100_n16,length_dispatch,49,65536,60.449,512,0,0,1
opt_prime_dot,q100_n16,acc4,49,65536,78.636,512,0,0,1
opt_prime_dot,q100_n16,one_acc,50,65536,60.694,512,0,0,1
opt_prime_dot,q100_n16,length_dispatch,50,65536,69.352,512,0,0,1
opt_prime_dot,q100_n16,acc4,50,65536,64.025,512,0,0,1
opt_prime_dot,q100_n16,one_acc,51,65536,63.278,512,0,0,1
opt_prime_dot,q100_n16,acc4,51,65536,65.262,512,0,0,1
opt_prime_dot,q100_n16,length_dispatch,51,65536,69.328,512,0,0,1
opt_prime_dot,q100_n16,acc4,52,65536,92.861,512,0,0,1
opt_prime_dot,q100_n16,one_acc,52,65536,87.575,512,0,0,1
opt_prime_dot,q100_n16,length_dispatch,52,65536,72.382,512,0,0,1
opt_prime_dot,q100_n16,acc4,53,65536,75.079,512,0,0,1
opt_prime_dot,q100_n16,one_acc,53,65536,62.949,512,0,0,1
opt_prime_dot,q100_n16,length_dispatch,53,65536,72.213,512,0,0,1
opt_prime_dot,q100_n16,length_dispatch,54,65536,63.737,512,0,0,1
opt_prime_dot,q100_n16,acc4,54,65536,65.797,512,0,0,1
opt_prime_dot,q100_n16,one_acc,54,65536,64.341,512,0,0,1
opt_prime_dot,q100_n16,one_acc,55,65536,59.902,512,0,0,1
opt_prime_dot,q100_n16,acc4,55,65536,65.655,512,0,0,1
opt_prime_dot,q100_n16,length_dispatch,55,65536,65.187,512,0,0,1
opt_prime_dot,q100_n16,one_acc,56,65536,65.135,512,0,0,1
opt_prime_dot,q100_n16,length_dispatch,56,65536,64.875,512,0,0,1
opt_prime_dot,q100_n16,acc4,56,65536,65.609,512,0,0,1
opt_prime_dot,q100_n16,acc4,57,65536,62.077,512,0,0,1
opt_prime_dot,q100_n16,one_acc,57,65536,66.239,512,0,0,1
opt_prime_dot,q100_n16,length_dispatch,57,65536,60.959,512,0,0,1
opt_prime_dot,q100_n16,length_dispatch,58,65536,62.343,512,0,0,1
opt_prime_dot,q100_n16,one_acc,58,65536,59.261,512,0,0,1
opt_prime_dot,q100_n16,acc4,58,65536,67.355,512,0,0,1
opt_prime_dot,q100_n16,one_acc,59,65536,61.324,512,0,0,1
opt_prime_dot,q100_n16,length_dispatch,59,65536,70.502,512,0,0,1
opt_prime_dot,q100_n16,acc4,59,65536,64.473,512,0,0,1
opt_prime_dot,q100_n16,acc4,60,65536,64.615,512,0,0,1
opt_prime_dot,q100_n16,one_acc,60,65536,59.842,512,0,0,1
opt_prime_dot,q100_n16,length_dispatch,60,65536,62.983,512,0,0,1
opt_prime_dot,q100_n16,length_dispatch,61,65536,61.565,512,0,0,1
opt_prime_dot,q100_n16,one_acc,61,65536,67.727,512,0,0,1
opt_prime_dot,q100_n16,acc4,61,65536,66.080,512,0,0,1
opt_prime_dot,q100_n16,one_acc,62,65536,68.724,512,0,0,1
opt_prime_dot,q100_n16,acc4,62,65536,65.180,512,0,0,1
opt_prime_dot,q100_n16,length_dispatch,62,65536,67.652,512,0,0,1
opt_prime_dot,q100_n16,acc4,63,65536,62.767,512,0,0,1
opt_prime_dot,q100_n16,length_dispatch,63,65536,61.593,512,0,0,1
opt_prime_dot,q100_n16,one_acc,63,65536,60.548,512,0,0,1
opt_prime_linear,q100_n16,acc4,0,131072,42.119,384,0,0,1
opt_prime_linear,q100_n16,one_acc,0,131072,41.995,384,0,0,1
opt_prime_linear,q100_n16,one_acc,1,131072,42.154,384,0,0,1
opt_prime_linear,q100_n16,acc4,1,131072,41.764,384,0,0,1
opt_prime_linear,q100_n16,acc4,2,131072,44.097,384,0,0,1
opt_prime_linear,q100_n16,one_acc,2,131072,42.695,384,0,0,1
opt_prime_linear,q100_n16,one_acc,3,131072,41.266,384,0,0,1
opt_prime_linear,q100_n16,acc4,3,131072,40.669,384,0,0,1
opt_prime_linear,q100_n16,acc4,4,131072,41.941,384,0,0,1
opt_prime_linear,q100_n16,one_acc,4,131072,40.946,384,0,0,1
opt_prime_linear,q100_n16,one_acc,5,131072,41.128,384,0,0,1
opt_prime_linear,q100_n16,acc4,5,131072,45.821,384,0,0,1
opt_prime_linear,q100_n16,one_acc,6,131072,41.833,384,0,0,1
opt_prime_linear,q100_n16,acc4,6,131072,46.979,384,0,0,1
opt_prime_linear,q100_n16,one_acc,7,131072,40.932,384,0,0,1
opt_prime_linear,q100_n16,acc4,7,131072,41.049,384,0,0,1
opt_prime_linear,q100_n16,acc4,8,131072,42.256,384,0,0,1
opt_prime_linear,q100_n16,one_acc,8,131072,44.229,384,0,0,1
opt_prime_linear,q100_n16,one_acc,9,131072,41.487,384,0,0,1
opt_prime_linear,q100_n16,acc4,9,131072,49.388,384,0,0,1
opt_prime_linear,q100_n16,acc4,10,131072,52.073,384,0,0,1
opt_prime_linear,q100_n16,one_acc,10,131072,42.828,384,0,0,1
opt_prime_linear,q100_n16,acc4,11,131072,44.597,384,0,0,1
opt_prime_linear,q100_n16,one_acc,11,131072,43.270,384,0,0,1
opt_prime_linear,q100_n16,acc4,12,131072,47.154,384,0,0,1
opt_prime_linear,q100_n16,one_acc,12,131072,44.959,384,0,0,1
opt_prime_linear,q100_n16,one_acc,13,131072,42.823,384,0,0,1
opt_prime_linear,q100_n16,acc4,13,131072,41.661,384,0,0,1
opt_prime_linear,q100_n16,one_acc,14,131072,52.664,384,0,0,1
opt_prime_linear,q100_n16,acc4,14,131072,41.053,384,0,0,1
opt_prime_linear,q100_n16,one_acc,15,131072,41.080,384,0,0,1
opt_prime_linear,q100_n16,acc4,15,131072,40.602,384,0,0,1
opt_prime_linear,q100_n16,one_acc,16,131072,46.405,384,0,0,1
opt_prime_linear,q100_n16,acc4,16,131072,46.437,384,0,0,1
opt_prime_linear,q100_n16,acc4,17,131072,46.140,384,0,0,1
opt_prime_linear,q100_n16,one_acc,17,131072,68.212,384,0,0,1
opt_prime_linear,q100_n16,acc4,18,131072,45.485,384,0,0,1
opt_prime_linear,q100_n16,one_acc,18,131072,43.054,384,0,0,1
opt_prime_linear,q100_n16,one_acc,19,131072,47.294,384,0,0,1
opt_prime_linear,q100_n16,acc4,19,131072,45.370,384,0,0,1
opt_prime_linear,q100_n16,one_acc,20,131072,43.562,384,0,0,1
opt_prime_linear,q100_n16,acc4,20,131072,44.998,384,0,0,1
opt_prime_linear,q100_n16,acc4,21,131072,41.849,384,0,0,1
opt_prime_linear,q100_n16,one_acc,21,131072,45.637,384,0,0,1
opt_prime_linear,q100_n16,acc4,22,131072,42.967,384,0,0,1
opt_prime_linear,q100_n16,one_acc,22,131072,43.321,384,0,0,1
opt_prime_linear,q100_n16,acc4,23,131072,41.745,384,0,0,1
opt_prime_linear,q100_n16,one_acc,23,131072,41.452,384,0,0,1
opt_prime_linear,q100_n16,one_acc,24,131072,41.187,384,0,0,1
opt_prime_linear,q100_n16,acc4,24,131072,42.765,384,0,0,1
opt_prime_linear,q100_n16,acc4,25,131072,42.796,384,0,0,1
opt_prime_linear,q100_n16,one_acc,25,131072,45.694,384,0,0,1
opt_prime_linear,q100_n16,one_acc,26,131072,51.743,384,0,0,1
opt_prime_linear,q100_n16,acc4,26,131072,47.968,384,0,0,1
opt_prime_linear,q100_n16,one_acc,27,131072,44.448,384,0,0,1
opt_prime_linear,q100_n16,acc4,27,131072,43.881,384,0,0,1
opt_prime_linear,q100_n16,one_acc,28,131072,46.987,384,0,0,1
opt_prime_linear,q100_n16,acc4,28,131072,42.279,384,0,0,1
opt_prime_linear,q100_n16,one_acc,29,131072,42.518,384,0,0,1
opt_prime_linear,q100_n16,acc4,29,131072,49.128,384,0,0,1
opt_prime_linear,q100_n16,acc4,30,131072,57.311,384,0,0,1
opt_prime_linear,q100_n16,one_acc,30,131072,42.303,384,0,0,1
opt_prime_linear,q100_n16,acc4,31,131072,42.782,384,0,0,1
opt_prime_linear,q100_n16,one_acc,31,131072,48.542,384,0,0,1
opt_prime_linear,q100_n16,one_acc,32,131072,46.472,384,0,0,1
opt_prime_linear,q100_n16,acc4,32,131072,45.735,384,0,0,1
opt_prime_linear,q100_n16,one_acc,33,131072,42.103,384,0,0,1
opt_prime_linear,q100_n16,acc4,33,131072,42.185,384,0,0,1
opt_prime_linear,q100_n16,acc4,34,131072,41.415,384,0,0,1
opt_prime_linear,q100_n16,one_acc,34,131072,43.707,384,0,0,1
opt_prime_linear,q100_n16,acc4,35,131072,42.976,384,0,0,1
opt_prime_linear,q100_n16,one_acc,35,131072,41.525,384,0,0,1
opt_prime_linear,q100_n16,acc4,36,131072,43.149,384,0,0,1
opt_prime_linear,q100_n16,one_acc,36,131072,41.328,384,0,0,1
opt_prime_linear,q100_n16,acc4,37,131072,42.493,384,0,0,1
opt_prime_linear,q100_n16,one_acc,37,131072,42.805,384,0,0,1
opt_prime_linear,q100_n16,one_acc,38,131072,43.494,384,0,0,1
opt_prime_linear,q100_n16,acc4,38,131072,41.087,384,0,0,1
opt_prime_linear,q100_n16,acc4,39,131072,41.865,384,0,0,1
opt_prime_linear,q100_n16,one_acc,39,131072,43.206,384,0,0,1
opt_prime_linear,q100_n16,acc4,40,131072,41.849,384,0,0,1
opt_prime_linear,q100_n16,one_acc,40,131072,43.131,384,0,0,1
opt_prime_linear,q100_n16,one_acc,41,131072,42.492,384,0,0,1
opt_prime_linear,q100_n16,acc4,41,131072,41.328,384,0,0,1
opt_prime_linear,q100_n16,one_acc,42,131072,44.119,384,0,0,1
opt_prime_linear,q100_n16,acc4,42,131072,42.171,384,0,0,1
opt_prime_linear,q100_n16,one_acc,43,131072,41.768,384,0,0,1
opt_prime_linear,q100_n16,acc4,43,131072,42.320,384,0,0,1
opt_prime_linear,q100_n16,acc4,44,131072,44.040,384,0,0,1
opt_prime_linear,q100_n16,one_acc,44,131072,46.964,384,0,0,1
opt_prime_linear,q100_n16,acc4,45,131072,43.166,384,0,0,1
opt_prime_linear,q100_n16,one_acc,45,131072,51.680,384,0,0,1
opt_prime_linear,q100_n16,acc4,46,131072,64.193,384,0,0,1
opt_prime_linear,q100_n16,one_acc,46,131072,46.215,384,0,0,1
opt_prime_linear,q100_n16,one_acc,47,131072,42.802,384,0,0,1
opt_prime_linear,q100_n16,acc4,47,131072,60.155,384,0,0,1
opt_prime_linear,q100_n16,one_acc,48,131072,61.563,384,0,0,1
opt_prime_linear,q100_n16,acc4,48,131072,139.159,384,0,0,1
opt_prime_linear,q100_n16,acc4,49,131072,46.406,384,0,0,1
opt_prime_linear,q100_n16,one_acc,49,131072,80.217,384,0,0,1
opt_prime_linear,q100_n16,acc4,50,131072,302.826,384,0,0,1
opt_prime_linear,q100_n16,one_acc,50,131072,1948.685,384,0,0,1
opt_prime_linear,q100_n16,one_acc,51,131072,281.645,384,0,0,1
opt_prime_linear,q100_n16,acc4,51,131072,135.582,384,0,0,1
opt_prime_linear,q100_n16,one_acc,52,131072,182.452,384,0,0,1
opt_prime_linear,q100_n16,acc4,52,131072,80.074,384,0,0,1
opt_prime_linear,q100_n16,acc4,53,131072,57.100,384,0,0,1
opt_prime_linear,q100_n16,one_acc,53,131072,113.834,384,0,0,1
opt_prime_linear,q100_n16,acc4,54,131072,144.433,384,0,0,1
opt_prime_linear,q100_n16,one_acc,54,131072,86.081,384,0,0,1
opt_prime_linear,q100_n16,acc4,55,131072,83.492,384,0,0,1
opt_prime_linear,q100_n16,one_acc,55,131072,100.458,384,0,0,1
opt_prime_linear,q100_n16,one_acc,56,131072,82.847,384,0,0,1
opt_prime_linear,q100_n16,acc4,56,131072,63.569,384,0,0,1
opt_prime_linear,q100_n16,acc4,57,131072,78.935,384,0,0,1
opt_prime_linear,q100_n16,one_acc,57,131072,45.449,384,0,0,1
opt_prime_linear,q100_n16,acc4,58,131072,564.595,384,0,0,1
opt_prime_linear,q100_n16,one_acc,58,131072,78.166,384,0,0,1
opt_prime_linear,q100_n16,one_acc,59,131072,353.034,384,0,0,1
opt_prime_linear,q100_n16,acc4,59,131072,129.535,384,0,0,1
opt_prime_linear,q100_n16,one_acc,60,131072,93.827,384,0,0,1
opt_prime_linear,q100_n16,acc4,60,131072,47.888,384,0,0,1
opt_prime_linear,q100_n16,acc4,61,131072,45.476,384,0,0,1
opt_prime_linear,q100_n16,one_acc,61,131072,43.143,384,0,0,1
opt_prime_linear,q100_n16,one_acc,62,131072,45.189,384,0,0,1
opt_prime_linear,q100_n16,acc4,62,131072,42.042,384,0,0,1
opt_prime_linear,q100_n16,one_acc,63,131072,42.226,384,0,0,1
opt_prime_linear,q100_n16,acc4,63,131072,42.542,384,0,0,1
opt_prime_dot,q128_n16,length_dispatch,0,65536,60.231,512,0,0,1
opt_prime_dot,q128_n16,one_acc,0,65536,64.182,512,0,0,1
opt_prime_dot,q128_n16,acc4,0,65536,64.047,512,0,0,1
opt_prime_dot,q128_n16,one_acc,1,65536,79.397,512,0,0,1
opt_prime_dot,q128_n16,length_dispatch,1,65536,64.745,512,0,0,1
opt_prime_dot,q128_n16,acc4,1,65536,92.970,512,0,0,1
opt_prime_dot,q128_n16,one_acc,2,65536,100.034,512,0,0,1
opt_prime_dot,q128_n16,length_dispatch,2,65536,63.555,512,0,0,1
opt_prime_dot,q128_n16,acc4,2,65536,69.668,512,0,0,1
opt_prime_dot,q128_n16,length_dispatch,3,65536,62.115,512,0,0,1
opt_prime_dot,q128_n16,one_acc,3,65536,62.660,512,0,0,1
opt_prime_dot,q128_n16,acc4,3,65536,66.598,512,0,0,1
opt_prime_dot,q128_n16,length_dispatch,4,65536,69.162,512,0,0,1
opt_prime_dot,q128_n16,acc4,4,65536,66.120,512,0,0,1
opt_prime_dot,q128_n16,one_acc,4,65536,61.279,512,0,0,1
opt_prime_dot,q128_n16,length_dispatch,5,65536,62.915,512,0,0,1
opt_prime_dot,q128_n16,one_acc,5,65536,62.045,512,0,0,1
opt_prime_dot,q128_n16,acc4,5,65536,64.032,512,0,0,1
opt_prime_dot,q128_n16,one_acc,6,65536,62.101,512,0,0,1
opt_prime_dot,q128_n16,acc4,6,65536,64.010,512,0,0,1
opt_prime_dot,q128_n16,length_dispatch,6,65536,63.786,512,0,0,1
opt_prime_dot,q128_n16,one_acc,7,65536,62.103,512,0,0,1
opt_prime_dot,q128_n16,length_dispatch,7,65536,61.146,512,0,0,1
opt_prime_dot,q128_n16,acc4,7,65536,64.765,512,0,0,1
opt_prime_dot,q128_n16,length_dispatch,8,65536,63.530,512,0,0,1
opt_prime_dot,q128_n16,acc4,8,65536,65.112,512,0,0,1
opt_prime_dot,q128_n16,one_acc,8,65536,61.356,512,0,0,1
opt_prime_dot,q128_n16,one_acc,9,65536,61.288,512,0,0,1
opt_prime_dot,q128_n16,length_dispatch,9,65536,61.361,512,0,0,1
opt_prime_dot,q128_n16,acc4,9,65536,63.698,512,0,0,1
opt_prime_dot,q128_n16,acc4,10,65536,77.418,512,0,0,1
opt_prime_dot,q128_n16,one_acc,10,65536,62.654,512,0,0,1
opt_prime_dot,q128_n16,length_dispatch,10,65536,93.121,512,0,0,1
opt_prime_dot,q128_n16,one_acc,11,65536,62.125,512,0,0,1
opt_prime_dot,q128_n16,acc4,11,65536,65.503,512,0,0,1
opt_prime_dot,q128_n16,length_dispatch,11,65536,73.573,512,0,0,1
opt_prime_dot,q128_n16,length_dispatch,12,65536,60.506,512,0,0,1
opt_prime_dot,q128_n16,acc4,12,65536,68.177,512,0,0,1
opt_prime_dot,q128_n16,one_acc,12,65536,62.835,512,0,0,1
opt_prime_dot,q128_n16,acc4,13,65536,65.297,512,0,0,1
opt_prime_dot,q128_n16,one_acc,13,65536,80.664,512,0,0,1
opt_prime_dot,q128_n16,length_dispatch,13,65536,69.213,512,0,0,1
opt_prime_dot,q128_n16,length_dispatch,14,65536,63.736,512,0,0,1
opt_prime_dot,q128_n16,one_acc,14,65536,69.998,512,0,0,1
opt_prime_dot,q128_n16,acc4,14,65536,71.050,512,0,0,1
opt_prime_dot,q128_n16,acc4,15,65536,70.080,512,0,0,1
opt_prime_dot,q128_n16,length_dispatch,15,65536,63.630,512,0,0,1
opt_prime_dot,q128_n16,one_acc,15,65536,65.430,512,0,0,1
opt_prime_dot,q128_n16,one_acc,16,65536,63.141,512,0,0,1
opt_prime_dot,q128_n16,acc4,16,65536,67.383,512,0,0,1
opt_prime_dot,q128_n16,length_dispatch,16,65536,59.874,512,0,0,1
opt_prime_dot,q128_n16,length_dispatch,17,65536,61.119,512,0,0,1
opt_prime_dot,q128_n16,acc4,17,65536,63.583,512,0,0,1
opt_prime_dot,q128_n16,one_acc,17,65536,61.359,512,0,0,1
opt_prime_dot,q128_n16,length_dispatch,18,65536,63.498,512,0,0,1
opt_prime_dot,q128_n16,acc4,18,65536,64.490,512,0,0,1
opt_prime_dot,q128_n16,one_acc,18,65536,61.615,512,0,0,1
opt_prime_dot,q128_n16,acc4,19,65536,62.819,512,0,0,1
opt_prime_dot,q128_n16,one_acc,19,65536,59.378,512,0,0,1
opt_prime_dot,q128_n16,length_dispatch,19,65536,60.993,512,0,0,1
opt_prime_dot,q128_n16,acc4,20,65536,63.605,512,0,0,1
opt_prime_dot,q128_n16,length_dispatch,20,65536,59.908,512,0,0,1
opt_prime_dot,q128_n16,one_acc,20,65536,61.186,512,0,0,1
opt_prime_dot,q128_n16,acc4,21,65536,63.976,512,0,0,1
opt_prime_dot,q128_n16,one_acc,21,65536,62.007,512,0,0,1
opt_prime_dot,q128_n16,length_dispatch,21,65536,60.438,512,0,0,1
opt_prime_dot,q128_n16,acc4,22,65536,63.473,512,0,0,1
opt_prime_dot,q128_n16,length_dispatch,22,65536,59.675,512,0,0,1
opt_prime_dot,q128_n16,one_acc,22,65536,61.262,512,0,0,1
opt_prime_dot,q128_n16,acc4,23,65536,64.632,512,0,0,1
opt_prime_dot,q128_n16,length_dispatch,23,65536,68.703,512,0,0,1
opt_prime_dot,q128_n16,one_acc,23,65536,63.618,512,0,0,1
opt_prime_dot,q128_n16,one_acc,24,65536,63.064,512,0,0,1
opt_prime_dot,q128_n16,acc4,24,65536,71.700,512,0,0,1
opt_prime_dot,q128_n16,length_dispatch,24,65536,62.506,512,0,0,1
opt_prime_dot,q128_n16,one_acc,25,65536,60.413,512,0,0,1
opt_prime_dot,q128_n16,acc4,25,65536,63.802,512,0,0,1
opt_prime_dot,q128_n16,length_dispatch,25,65536,60.298,512,0,0,1
opt_prime_dot,q128_n16,length_dispatch,26,65536,62.146,512,0,0,1
opt_prime_dot,q128_n16,acc4,26,65536,64.023,512,0,0,1
opt_prime_dot,q128_n16,one_acc,26,65536,60.570,512,0,0,1
opt_prime_dot,q128_n16,length_dispatch,27,65536,62.726,512,0,0,1
opt_prime_dot,q128_n16,one_acc,27,65536,61.426,512,0,0,1
opt_prime_dot,q128_n16,acc4,27,65536,63.349,512,0,0,1
opt_prime_dot,q128_n16,acc4,28,65536,66.587,512,0,0,1
opt_prime_dot,q128_n16,one_acc,28,65536,59.965,512,0,0,1
opt_prime_dot,q128_n16,length_dispatch,28,65536,60.212,512,0,0,1
opt_prime_dot,q128_n16,length_dispatch,29,65536,63.256,512,0,0,1
opt_prime_dot,q128_n16,one_acc,29,65536,62.945,512,0,0,1
opt_prime_dot,q128_n16,acc4,29,65536,64.142,512,0,0,1
opt_prime_dot,q128_n16,one_acc,30,65536,59.107,512,0,0,1
opt_prime_dot,q128_n16,length_dispatch,30,65536,61.152,512,0,0,1
opt_prime_dot,q128_n16,acc4,30,65536,64.658,512,0,0,1
opt_prime_dot,q128_n16,one_acc,31,65536,62.445,512,0,0,1
opt_prime_dot,q128_n16,acc4,31,65536,65.937,512,0,0,1
opt_prime_dot,q128_n16,length_dispatch,31,65536,64.288,512,0,0,1
opt_prime_dot,q128_n16,length_dispatch,32,65536,63.268,512,0,0,1
opt_prime_dot,q128_n16,one_acc,32,65536,68.368,512,0,0,1
opt_prime_dot,q128_n16,acc4,32,65536,76.641,512,0,0,1
opt_prime_dot,q128_n16,one_acc,33,65536,66.295,512,0,0,1
opt_prime_dot,q128_n16,acc4,33,65536,65.070,512,0,0,1
opt_prime_dot,q128_n16,length_dispatch,33,65536,71.196,512,0,0,1
opt_prime_dot,q128_n16,one_acc,34,65536,63.965,512,0,0,1
opt_prime_dot,q128_n16,acc4,34,65536,65.522,512,0,0,1
opt_prime_dot,q128_n16,length_dispatch,34,65536,68.396,512,0,0,1
opt_prime_dot,q128_n16,one_acc,35,65536,61.548,512,0,0,1
opt_prime_dot,q128_n16,acc4,35,65536,66.432,512,0,0,1
opt_prime_dot,q128_n16,length_dispatch,35,65536,62.064,512,0,0,1
opt_prime_dot,q128_n16,length_dispatch,36,65536,62.549,512,0,0,1
opt_prime_dot,q128_n16,one_acc,36,65536,61.720,512,0,0,1
opt_prime_dot,q128_n16,acc4,36,65536,64.855,512,0,0,1
opt_prime_dot,q128_n16,length_dispatch,37,65536,66.995,512,0,0,1
opt_prime_dot,q128_n16,one_acc,37,65536,66.314,512,0,0,1
opt_prime_dot,q128_n16,acc4,37,65536,69.564,512,0,0,1
opt_prime_dot,q128_n16,length_dispatch,38,65536,83.506,512,0,0,1
opt_prime_dot,q128_n16,acc4,38,65536,84.206,512,0,0,1
opt_prime_dot,q128_n16,one_acc,38,65536,65.907,512,0,0,1
opt_prime_dot,q128_n16,one_acc,39,65536,71.791,512,0,0,1
opt_prime_dot,q128_n16,length_dispatch,39,65536,106.948,512,0,0,1
opt_prime_dot,q128_n16,acc4,39,65536,545.268,512,0,0,1
opt_prime_dot,q128_n16,one_acc,40,65536,88.317,512,0,0,1
opt_prime_dot,q128_n16,length_dispatch,40,65536,185.954,512,0,0,1
opt_prime_dot,q128_n16,acc4,40,65536,126.729,512,0,0,1
opt_prime_dot,q128_n16,one_acc,41,65536,94.223,512,0,0,1
opt_prime_dot,q128_n16,length_dispatch,41,65536,60.451,512,0,0,1
opt_prime_dot,q128_n16,acc4,41,65536,64.669,512,0,0,1
opt_prime_dot,q128_n16,length_dispatch,42,65536,62.777,512,0,0,1
opt_prime_dot,q128_n16,one_acc,42,65536,60.530,512,0,0,1
opt_prime_dot,q128_n16,acc4,42,65536,64.917,512,0,0,1
opt_prime_dot,q128_n16,acc4,43,65536,66.665,512,0,0,1
opt_prime_dot,q128_n16,length_dispatch,43,65536,60.965,512,0,0,1
opt_prime_dot,q128_n16,one_acc,43,65536,60.307,512,0,0,1
opt_prime_dot,q128_n16,one_acc,44,65536,61.303,512,0,0,1
opt_prime_dot,q128_n16,acc4,44,65536,64.335,512,0,0,1
opt_prime_dot,q128_n16,length_dispatch,44,65536,60.413,512,0,0,1
opt_prime_dot,q128_n16,length_dispatch,45,65536,62.106,512,0,0,1
opt_prime_dot,q128_n16,acc4,45,65536,62.912,512,0,0,1
opt_prime_dot,q128_n16,one_acc,45,65536,60.266,512,0,0,1
opt_prime_dot,q128_n16,acc4,46,65536,62.564,512,0,0,1
opt_prime_dot,q128_n16,one_acc,46,65536,61.425,512,0,0,1
opt_prime_dot,q128_n16,length_dispatch,46,65536,61.402,512,0,0,1
opt_prime_dot,q128_n16,one_acc,47,65536,60.678,512,0,0,1
opt_prime_dot,q128_n16,acc4,47,65536,64.575,512,0,0,1
opt_prime_dot,q128_n16,length_dispatch,47,65536,60.532,512,0,0,1
opt_prime_dot,q128_n16,acc4,48,65536,62.810,512,0,0,1
opt_prime_dot,q128_n16,one_acc,48,65536,63.602,512,0,0,1
opt_prime_dot,q128_n16,length_dispatch,48,65536,60.589,512,0,0,1
opt_prime_dot,q128_n16,acc4,49,65536,64.660,512,0,0,1
opt_prime_dot,q128_n16,length_dispatch,49,65536,61.644,512,0,0,1
opt_prime_dot,q128_n16,one_acc,49,65536,60.952,512,0,0,1
opt_prime_dot,q128_n16,acc4,50,65536,64.660,512,0,0,1
opt_prime_dot,q128_n16,one_acc,50,65536,60.614,512,0,0,1
opt_prime_dot,q128_n16,length_dispatch,50,65536,62.654,512,0,0,1
opt_prime_dot,q128_n16,acc4,51,65536,63.916,512,0,0,1
opt_prime_dot,q128_n16,length_dispatch,51,65536,60.982,512,0,0,1
opt_prime_dot,q128_n16,one_acc,51,65536,60.654,512,0,0,1
opt_prime_dot,q128_n16,acc4,52,65536,62.134,512,0,0,1
opt_prime_dot,q128_n16,length_dispatch,52,65536,63.086,512,0,0,1
opt_prime_dot,q128_n16,one_acc,52,65536,61.042,512,0,0,1
opt_prime_dot,q128_n16,one_acc,53,65536,61.132,512,0,0,1
opt_prime_dot,q128_n16,length_dispatch,53,65536,61.598,512,0,0,1
opt_prime_dot,q128_n16,acc4,53,65536,65.275,512,0,0,1
opt_prime_dot,q128_n16,length_dispatch,54,65536,64.758,512,0,0,1
opt_prime_dot,q128_n16,one_acc,54,65536,65.788,512,0,0,1
opt_prime_dot,q128_n16,acc4,54,65536,478.965,512,0,0,1
opt_prime_dot,q128_n16,acc4,55,65536,73.354,512,0,0,1
opt_prime_dot,q128_n16,length_dispatch,55,65536,61.827,512,0,0,1
opt_prime_dot,q128_n16,one_acc,55,65536,63.055,512,0,0,1
opt_prime_dot,q128_n16,length_dispatch,56,65536,62.360,512,0,0,1
opt_prime_dot,q128_n16,acc4,56,65536,67.382,512,0,0,1
opt_prime_dot,q128_n16,one_acc,56,65536,62.487,512,0,0,1
opt_prime_dot,q128_n16,length_dispatch,57,65536,66.992,512,0,0,1
opt_prime_dot,q128_n16,one_acc,57,65536,62.976,512,0,0,1
opt_prime_dot,q128_n16,acc4,57,65536,63.929,512,0,0,1
opt_prime_dot,q128_n16,one_acc,58,65536,61.746,512,0,0,1
opt_prime_dot,q128_n16,acc4,58,65536,64.111,512,0,0,1
opt_prime_dot,q128_n16,length_dispatch,58,65536,62.339,512,0,0,1
opt_prime_dot,q128_n16,one_acc,59,65536,61.618,512,0,0,1
opt_prime_dot,q128_n16,acc4,59,65536,182.772,512,0,0,1
opt_prime_dot,q128_n16,length_dispatch,59,65536,324.160,512,0,0,1
opt_prime_dot,q128_n16,acc4,60,65536,77.916,512,0,0,1
opt_prime_dot,q128_n16,length_dispatch,60,65536,64.751,512,0,0,1
opt_prime_dot,q128_n16,one_acc,60,65536,59.818,512,0,0,1
opt_prime_dot,q128_n16,length_dispatch,61,65536,63.141,512,0,0,1
opt_prime_dot,q128_n16,one_acc,61,65536,61.093,512,0,0,1
opt_prime_dot,q128_n16,acc4,61,65536,68.099,512,0,0,1
opt_prime_dot,q128_n16,length_dispatch,62,65536,60.950,512,0,0,1
opt_prime_dot,q128_n16,one_acc,62,65536,62.532,512,0,0,1
opt_prime_dot,q128_n16,acc4,62,65536,63.333,512,0,0,1
opt_prime_dot,q128_n16,length_dispatch,63,65536,61.477,512,0,0,1
opt_prime_dot,q128_n16,acc4,63,65536,62.473,512,0,0,1
opt_prime_dot,q128_n16,one_acc,63,65536,61.909,512,0,0,1
opt_prime_linear,q128_n16,one_acc,0,131072,44.868,384,0,0,1
opt_prime_linear,q128_n16,acc4,0,131072,42.211,384,0,0,1
opt_prime_linear,q128_n16,one_acc,1,131072,41.754,384,0,0,1
opt_prime_linear,q128_n16,acc4,1,131072,42.381,384,0,0,1
opt_prime_linear,q128_n16,acc4,2,131072,42.179,384,0,0,1
opt_prime_linear,q128_n16,one_acc,2,131072,42.626,384,0,0,1
opt_prime_linear,q128_n16,acc4,3,131072,42.306,384,0,0,1
opt_prime_linear,q128_n16,one_acc,3,131072,41.588,384,0,0,1
opt_prime_linear,q128_n16,one_acc,4,131072,41.569,384,0,0,1
opt_prime_linear,q128_n16,acc4,4,131072,43.304,384,0,0,1
opt_prime_linear,q128_n16,acc4,5,131072,41.899,384,0,0,1
opt_prime_linear,q128_n16,one_acc,5,131072,42.151,384,0,0,1
opt_prime_linear,q128_n16,acc4,6,131072,43.101,384,0,0,1
opt_prime_linear,q128_n16,one_acc,6,131072,41.693,384,0,0,1
opt_prime_linear,q128_n16,acc4,7,131072,41.276,384,0,0,1
opt_prime_linear,q128_n16,one_acc,7,131072,41.981,384,0,0,1
opt_prime_linear,q128_n16,one_acc,8,131072,41.358,384,0,0,1
opt_prime_linear,q128_n16,acc4,8,131072,41.773,384,0,0,1
opt_prime_linear,q128_n16,acc4,9,131072,42.599,384,0,0,1
opt_prime_linear,q128_n16,one_acc,9,131072,44.566,384,0,0,1
opt_prime_linear,q128_n16,one_acc,10,131072,53.618,384,0,0,1
opt_prime_linear,q128_n16,acc4,10,131072,43.426,384,0,0,1
opt_prime_linear,q128_n16,acc4,11,131072,41.685,384,0,0,1
opt_prime_linear,q128_n16,one_acc,11,131072,47.263,384,0,0,1
opt_prime_linear,q128_n16,acc4,12,131072,91.656,384,0,0,1
opt_prime_linear,q128_n16,one_acc,12,131072,49.035,384,0,0,1
opt_prime_linear,q128_n16,acc4,13,131072,46.558,384,0,0,1
opt_prime_linear,q128_n16,one_acc,13,131072,41.587,384,0,0,1
opt_prime_linear,q128_n16,acc4,14,131072,42.208,384,0,0,1
opt_prime_linear,q128_n16,one_acc,14,131072,42.816,384,0,0,1
opt_prime_linear,q128_n16,acc4,15,131072,41.631,384,0,0,1
opt_prime_linear,q128_n16,one_acc,15,131072,44.208,384,0,0,1
opt_prime_linear,q128_n16,one_acc,16,131072,42.262,384,0,0,1
opt_prime_linear,q128_n16,acc4,16,131072,451.177,384,0,0,1
opt_prime_linear,q128_n16,one_acc,17,131072,77.163,384,0,0,1
opt_prime_linear,q128_n16,acc4,17,131072,46.559,384,0,0,1
opt_prime_linear,q128_n16,acc4,18,131072,44.777,384,0,0,1
opt_prime_linear,q128_n16,one_acc,18,131072,46.679,384,0,0,1
opt_prime_linear,q128_n16,acc4,19,131072,42.583,384,0,0,1
opt_prime_linear,q128_n16,one_acc,19,131072,44.882,384,0,0,1
opt_prime_linear,q128_n16,acc4,20,131072,42.714,384,0,0,1
opt_prime_linear,q128_n16,one_acc,20,131072,42.250,384,0,0,1
opt_prime_linear,q128_n16,acc4,21,131072,42.471,384,0,0,1
opt_prime_linear,q128_n16,one_acc,21,131072,44.440,384,0,0,1
opt_prime_linear,q128_n16,acc4,22,131072,43.314,384,0,0,1
opt_prime_linear,q128_n16,one_acc,22,131072,42.109,384,0,0,1
opt_prime_linear,q128_n16,one_acc,23,131072,48.440,384,0,0,1
opt_prime_linear,q128_n16,acc4,23,131072,76.346,384,0,0,1
opt_prime_linear,q128_n16,one_acc,24,131072,48.565,384,0,0,1
opt_prime_linear,q128_n16,acc4,24,131072,49.118,384,0,0,1
opt_prime_linear,q128_n16,one_acc,25,131072,107.563,384,0,0,1
opt_prime_linear,q128_n16,acc4,25,131072,79.856,384,0,0,1
opt_prime_linear,q128_n16,one_acc,26,131072,56.734,384,0,0,1
opt_prime_linear,q128_n16,acc4,26,131072,50.256,384,0,0,1
opt_prime_linear,q128_n16,one_acc,27,131072,47.669,384,0,0,1
opt_prime_linear,q128_n16,acc4,27,131072,44.152,384,0,0,1
opt_prime_linear,q128_n16,acc4,28,131072,45.609,384,0,0,1
opt_prime_linear,q128_n16,one_acc,28,131072,42.656,384,0,0,1
opt_prime_linear,q128_n16,acc4,29,131072,40.927,384,0,0,1
opt_prime_linear,q128_n16,one_acc,29,131072,42.702,384,0,0,1
opt_prime_linear,q128_n16,acc4,30,131072,44.179,384,0,0,1
opt_prime_linear,q128_n16,one_acc,30,131072,42.551,384,0,0,1
opt_prime_linear,q128_n16,one_acc,31,131072,43.290,384,0,0,1
opt_prime_linear,q128_n16,acc4,31,131072,42.114,384,0,0,1
opt_prime_linear,q128_n16,one_acc,32,131072,41.955,384,0,0,1
opt_prime_linear,q128_n16,acc4,32,131072,41.934,384,0,0,1
opt_prime_linear,q128_n16,one_acc,33,131072,43.776,384,0,0,1
opt_prime_linear,q128_n16,acc4,33,131072,43.566,384,0,0,1
opt_prime_linear,q128_n16,one_acc,34,131072,42.502,384,0,0,1
opt_prime_linear,q128_n16,acc4,34,131072,41.683,384,0,0,1
opt_prime_linear,q128_n16,one_acc,35,131072,42.049,384,0,0,1
opt_prime_linear,q128_n16,acc4,35,131072,43.127,384,0,0,1
opt_prime_linear,q128_n16,one_acc,36,131072,41.995,384,0,0,1
opt_prime_linear,q128_n16,acc4,36,131072,41.529,384,0,0,1
opt_prime_linear,q128_n16,acc4,37,131072,40.766,384,0,0,1
opt_prime_linear,q128_n16,one_acc,37,131072,41.646,384,0,0,1
opt_prime_linear,q128_n16,one_acc,38,131072,41.818,384,0,0,1
opt_prime_linear,q128_n16,acc4,38,131072,42.514,384,0,0,1
opt_prime_linear,q128_n16,acc4,39,131072,42.937,384,0,0,1
opt_prime_linear,q128_n16,one_acc,39,131072,42.351,384,0,0,1
opt_prime_linear,q128_n16,acc4,40,131072,42.454,384,0,0,1
opt_prime_linear,q128_n16,one_acc,40,131072,41.577,384,0,0,1
opt_prime_linear,q128_n16,acc4,41,131072,41.142,384,0,0,1
opt_prime_linear,q128_n16,one_acc,41,131072,40.953,384,0,0,1
opt_prime_linear,q128_n16,one_acc,42,131072,41.509,384,0,0,1
opt_prime_linear,q128_n16,acc4,42,131072,40.631,384,0,0,1
opt_prime_linear,q128_n16,one_acc,43,131072,41.590,384,0,0,1
opt_prime_linear,q128_n16,acc4,43,131072,40.672,384,0,0,1
opt_prime_linear,q128_n16,one_acc,44,131072,41.877,384,0,0,1
opt_prime_linear,q128_n16,acc4,44,131072,42.573,384,0,0,1
opt_prime_linear,q128_n16,one_acc,45,131072,43.797,384,0,0,1
opt_prime_linear,q128_n16,acc4,45,131072,42.094,384,0,0,1
opt_prime_linear,q128_n16,one_acc,46,131072,43.154,384,0,0,1
opt_prime_linear,q128_n16,acc4,46,131072,43.236,384,0,0,1
opt_prime_linear,q128_n16,acc4,47,131072,42.741,384,0,0,1
opt_prime_linear,q128_n16,one_acc,47,131072,47.026,384,0,0,1
opt_prime_linear,q128_n16,acc4,48,131072,41.346,384,0,0,1
opt_prime_linear,q128_n16,one_acc,48,131072,42.749,384,0,0,1
opt_prime_linear,q128_n16,one_acc,49,131072,41.700,384,0,0,1
opt_prime_linear,q128_n16,acc4,49,131072,41.781,384,0,0,1
opt_prime_linear,q128_n16,one_acc,50,131072,43.340,384,0,0,1
opt_prime_linear,q128_n16,acc4,50,131072,41.962,384,0,0,1
opt_prime_linear,q128_n16,acc4,51,131072,41.801,384,0,0,1
opt_prime_linear,q128_n16,one_acc,51,131072,42.369,384,0,0,1
opt_prime_linear,q128_n16,acc4,52,131072,42.991,384,0,0,1
opt_prime_linear,q128_n16,one_acc,52,131072,42.151,384,0,0,1
opt_prime_linear,q128_n16,acc4,53,131072,40.371,384,0,0,1
opt_prime_linear,q128_n16,one_acc,53,131072,41.557,384,0,0,1
opt_prime_linear,q128_n16,one_acc,54,131072,41.694,384,0,0,1
opt_prime_linear,q128_n16,acc4,54,131072,42.050,384,0,0,1
opt_prime_linear,q128_n16,acc4,55,131072,41.008,384,0,0,1
opt_prime_linear,q128_n16,one_acc,55,131072,42.459,384,0,0,1
opt_prime_linear,q128_n16,one_acc,56,131072,41.727,384,0,0,1
opt_prime_linear,q128_n16,acc4,56,131072,42.584,384,0,0,1
opt_prime_linear,q128_n16,acc4,57,131072,42.846,384,0,0,1
opt_prime_linear,q128_n16,one_acc,57,131072,41.615,384,0,0,1
opt_prime_linear,q128_n16,acc4,58,131072,41.595,384,0,0,1
opt_prime_linear,q128_n16,one_acc,58,131072,42.032,384,0,0,1
opt_prime_linear,q128_n16,one_acc,59,131072,41.177,384,0,0,1
opt_prime_linear,q128_n16,acc4,59,131072,42.052,384,0,0,1
opt_prime_linear,q128_n16,acc4,60,131072,40.451,384,0,0,1
opt_prime_linear,q128_n16,one_acc,60,131072,41.820,384,0,0,1
opt_prime_linear,q128_n16,acc4,61,131072,40.912,384,0,0,1
opt_prime_linear,q128_n16,one_acc,61,131072,42.864,384,0,0,1
opt_prime_linear,q128_n16,acc4,62,131072,41.937,384,0,0,1
opt_prime_linear,q128_n16,one_acc,62,131072,40.737,384,0,0,1
opt_prime_linear,q128_n16,acc4,63,131072,42.498,384,0,0,1
opt_prime_linear,q128_n16,one_acc,63,131072,41.787,384,0,0,1
opt_ood_reuse,log18,allocate,0,16,197450.562,4194304,2,66560,1
opt_ood_reuse,log18,scratch,0,16,194757.812,4194304,0,0,1
opt_ood_reuse,log18,allocate,1,16,213627.625,4194304,2,66560,1
opt_ood_reuse,log18,scratch,1,16,201393.250,4194304,0,0,1
opt_ood_reuse,log18,scratch,2,16,221950.500,4194304,0,0,1
opt_ood_reuse,log18,allocate,2,16,229260.438,4194304,2,66560,1
opt_ood_reuse,log18,scratch,3,16,205257.812,4194304,0,0,1
opt_ood_reuse,log18,allocate,3,16,208140.625,4194304,2,66560,1
opt_ood_reuse,log18,allocate,4,16,204317.688,4194304,2,66560,1
opt_ood_reuse,log18,scratch,4,16,202960.938,4194304,0,0,1
opt_ood_reuse,log18,allocate,5,16,196070.312,4194304,2,66560,1
opt_ood_reuse,log18,scratch,5,16,231565.125,4194304,0,0,1
opt_ood_reuse,log18,scratch,6,16,204578.125,4194304,0,0,1
opt_ood_reuse,log18,allocate,6,16,213242.188,4194304,2,66560,1
opt_ood_reuse,log18,allocate,7,16,209585.938,4194304,2,66560,1
opt_ood_reuse,log18,scratch,7,16,195109.375,4194304,0,0,1
opt_ood_reuse,log18,allocate,8,16,218994.812,4194304,2,66560,1
opt_ood_reuse,log18,scratch,8,16,224244.812,4194304,0,0,1
opt_ood_reuse,log18,allocate,9,16,200541.688,4194304,2,66560,1
opt_ood_reuse,log18,scratch,9,16,206598.938,4194304,0,0,1
opt_ood_reuse,log18,scratch,10,16,208455.688,4194304,0,0,1
opt_ood_reuse,log18,allocate,10,16,219924.500,4194304,2,66560,1
opt_ood_reuse,log18,allocate,11,16,218224.000,4194304,2,66560,1
opt_ood_reuse,log18,scratch,11,16,217088.500,4194304,0,0,1
opt_ood_reuse,log18,scratch,12,16,204677.125,4194304,0,0,1
opt_ood_reuse,log18,allocate,12,16,209177.062,4194304,2,66560,1
opt_ood_reuse,log18,scratch,13,16,231466.188,4194304,0,0,1
opt_ood_reuse,log18,allocate,13,16,192864.562,4194304,2,66560,1
opt_ood_reuse,log18,scratch,14,16,198278.688,4194304,0,0,1
opt_ood_reuse,log18,allocate,14,16,216893.188,4194304,2,66560,1
opt_ood_reuse,log18,scratch,15,16,195216.188,4194304,0,0,1
opt_ood_reuse,log18,allocate,15,16,200783.812,4194304,2,66560,1
opt_ood_reuse,log18,allocate,16,16,205419.312,4194304,2,66560,1
opt_ood_reuse,log18,scratch,16,16,213653.625,4194304,0,0,1
opt_ood_reuse,log18,allocate,17,16,205598.938,4194304,2,66560,1
opt_ood_reuse,log18,scratch,17,16,204901.062,4194304,0,0,1
opt_ood_reuse,log18,scratch,18,16,205015.625,4194304,0,0,1
opt_ood_reuse,log18,allocate,18,16,218541.688,4194304,2,66560,1
opt_ood_reuse,log18,allocate,19,16,218122.438,4194304,2,66560,1
opt_ood_reuse,log18,scratch,19,16,204125.000,4194304,0,0,1
opt_ood_reuse,log18,scratch,20,16,203656.250,4194304,0,0,1
opt_ood_reuse,log18,allocate,20,16,220333.375,4194304,2,66560,1
opt_ood_reuse,log18,allocate,21,16,194984.375,4194304,2,66560,1
opt_ood_reuse,log18,scratch,21,16,198156.250,4194304,0,0,1
opt_ood_reuse,log18,allocate,22,16,202679.688,4194304,2,66560,1
opt_ood_reuse,log18,scratch,22,16,225000.000,4194304,0,0,1
opt_ood_reuse,log18,allocate,23,16,229510.438,4194304,2,66560,1
opt_ood_reuse,log18,scratch,23,16,208197.938,4194304,0,0,1
opt_ood_reuse,log18,scratch,24,16,213299.500,4194304,0,0,1
opt_ood_reuse,log18,allocate,24,16,201820.312,4194304,2,66560,1
opt_ood_reuse,log18,allocate,25,16,201393.188,4194304,2,66560,1
opt_ood_reuse,log18,scratch,25,16,216664.062,4194304,0,0,1
opt_ood_reuse,log18,allocate,26,16,218309.875,4194304,2,66560,1
opt_ood_reuse,log18,scratch,26,16,206385.438,4194304,0,0,1
opt_ood_reuse,log18,allocate,27,16,194005.188,4194304,2,66560,1
opt_ood_reuse,log18,scratch,27,16,209080.688,4194304,0,0,1
opt_ood_reuse,log18,scratch,28,16,227075.500,4194304,0,0,1
opt_ood_reuse,log18,allocate,28,16,201557.250,4194304,2,66560,1
opt_ood_reuse,log18,scratch,29,16,202697.938,4194304,0,0,1
opt_ood_reuse,log18,allocate,29,16,201697.938,4194304,2,66560,1
opt_ood_reuse,log18,scratch,30,16,216705.750,4194304,0,0,1
opt_ood_reuse,log18,allocate,30,16,229216.125,4194304,2,66560,1
opt_ood_reuse,log18,allocate,31,16,236898.438,4194304,2,66560,1
opt_ood_reuse,log18,scratch,31,16,225799.438,4194304,0,0,1
opt_ood_reuse,log18,allocate,32,16,224580.688,4194304,2,66560,1
opt_ood_reuse,log18,scratch,32,16,212463.562,4194304,0,0,1
opt_ood_reuse,log18,scratch,33,16,199000.000,4194304,0,0,1
opt_ood_reuse,log18,allocate,33,16,217546.875,4194304,2,66560,1
opt_ood_reuse,log18,scratch,34,16,201364.562,4194304,0,0,1
opt_ood_reuse,log18,allocate,34,16,200703.125,4194304,2,66560,1
opt_ood_reuse,log18,allocate,35,16,216703.125,4194304,2,66560,1
opt_ood_reuse,log18,scratch,35,16,209059.875,4194304,0,0,1
opt_ood_reuse,log18,scratch,36,16,221697.938,4194304,0,0,1
opt_ood_reuse,log18,allocate,36,16,233242.188,4194304,2,66560,1
opt_ood_reuse,log18,allocate,37,16,220875.000,4194304,2,66560,1
opt_ood_reuse,log18,scratch,37,16,216739.562,4194304,0,0,1
opt_ood_reuse,log18,scratch,38,16,208401.000,4194304,0,0,1
opt_ood_reuse,log18,allocate,38,16,215158.875,4194304,2,66560,1
opt_ood_reuse,log18,scratch,39,16,201164.062,4194304,0,0,1
opt_ood_reuse,log18,allocate,39,16,218903.688,4194304,2,66560,1
opt_ood_reuse,log18,scratch,40,16,226851.562,4194304,0,0,1
opt_ood_reuse,log18,allocate,40,16,248424.500,4194304,2,66560,1
opt_ood_reuse,log18,allocate,41,16,297770.812,4194304,2,66560,1
opt_ood_reuse,log18,scratch,41,16,215692.750,4194304,0,0,1
opt_ood_reuse,log18,allocate,42,16,234906.250,4194304,2,66560,1
opt_ood_reuse,log18,scratch,42,16,359778.625,4194304,0,0,1
opt_ood_reuse,log18,scratch,43,16,225966.125,4194304,0,0,1
opt_ood_reuse,log18,allocate,43,16,235940.125,4194304,2,66560,1
opt_ood_reuse,log18,allocate,44,16,252677.062,4194304,2,66560,1
opt_ood_reuse,log18,scratch,44,16,347674.500,4194304,0,0,1
opt_ood_reuse,log18,allocate,45,16,219117.188,4194304,2,66560,1
opt_ood_reuse,log18,scratch,45,16,227362.000,4194304,0,0,1
opt_ood_reuse,log18,allocate,46,16,222794.250,4194304,2,66560,1
opt_ood_reuse,log18,scratch,46,16,207278.688,4194304,0,0,1
opt_ood_reuse,log18,scratch,47,16,222182.312,4194304,0,0,1
opt_ood_reuse,log18,allocate,47,16,228382.812,4194304,2,66560,1
opt_ood_reuse,log18,scratch,48,16,213385.438,4194304,0,0,1
opt_ood_reuse,log18,allocate,48,16,230177.062,4194304,2,66560,1
opt_ood_reuse,log18,scratch,49,16,216934.875,4194304,0,0,1
opt_ood_reuse,log18,allocate,49,16,222111.938,4194304,2,66560,1
opt_ood_reuse,log18,scratch,50,16,231005.188,4194304,0,0,1
opt_ood_reuse,log18,allocate,50,16,229299.500,4194304,2,66560,1
opt_ood_reuse,log18,allocate,51,16,319434.875,4194304,2,66560,1
opt_ood_reuse,log18,scratch,51,16,294346.375,4194304,0,0,1
opt_ood_reuse,log18,scratch,52,16,281648.438,4194304,0,0,1
opt_ood_reuse,log18,allocate,52,16,228627.625,4194304,2,66560,1
opt_ood_reuse,log18,scratch,53,16,226075.562,4194304,0,0,1
opt_ood_reuse,log18,allocate,53,16,234890.625,4194304,2,66560,1
opt_ood_reuse,log18,scratch,54,16,207442.688,4194304,0,0,1
opt_ood_reuse,log18,allocate,54,16,222286.500,4194304,2,66560,1
opt_ood_reuse,log18,scratch,55,16,215901.062,4194304,0,0,1
opt_ood_reuse,log18,allocate,55,16,220695.312,4194304,2,66560,1
opt_ood_reuse,log18,scratch,56,16,215013.000,4194304,0,0,1
opt_ood_reuse,log18,allocate,56,16,232364.562,4194304,2,66560,1
opt_ood_reuse,log18,allocate,57,16,235882.812,4194304,2,66560,1
opt_ood_reuse,log18,scratch,57,16,213039.062,4194304,0,0,1
opt_ood_reuse,log18,allocate,58,16,222833.312,4194304,2,66560,1
opt_ood_reuse,log18,scratch,58,16,234882.812,4194304,0,0,1
opt_ood_reuse,log18,allocate,59,16,229734.375,4194304,2,66560,1
opt_ood_reuse,log18,scratch,59,16,219794.250,4194304,0,0,1
opt_ood_reuse,log18,scratch,60,16,221408.875,4194304,0,0,1
opt_ood_reuse,log18,allocate,60,16,213239.562,4194304,2,66560,1
opt_ood_reuse,log18,allocate,61,16,210611.938,4194304,2,66560,1
opt_ood_reuse,log18,scratch,61,16,213776.062,4194304,0,0,1
opt_ood_reuse,log18,allocate,62,16,212403.625,4194304,2,66560,1
opt_ood_reuse,log18,scratch,62,16,219184.938,4194304,0,0,1
opt_ood_reuse,log18,scratch,63,16,219890.625,4194304,0,0,1
opt_ood_reuse,log18,allocate,63,16,213861.938,4194304,2,66560,1
opt_ntt,log15_lanes8,production,0,1,3843459.000,12582912,0,0,1
opt_ntt,log15_lanes8,depth_first,0,1,3603291.000,12582912,0,0,1
opt_ntt,log15_lanes8,depth_first,1,1,3741917.000,12582912,0,0,1
opt_ntt,log15_lanes8,production,1,1,3763041.000,12582912,0,0,1
opt_ntt,log15_lanes8,production,2,1,3861458.000,12582912,0,0,1
opt_ntt,log15_lanes8,depth_first,2,1,3603625.000,12582912,0,0,1
opt_ntt,log15_lanes8,production,3,1,3966833.000,12582912,0,0,1
opt_ntt,log15_lanes8,depth_first,3,1,3527667.000,12582912,0,0,1
opt_ntt,log15_lanes8,production,4,1,3975583.000,12582912,0,0,1
opt_ntt,log15_lanes8,depth_first,4,1,3720334.000,12582912,0,0,1
opt_ntt,log15_lanes8,production,5,1,3837416.000,12582912,0,0,1
opt_ntt,log15_lanes8,depth_first,5,1,3768541.000,12582912,0,0,1
opt_ntt,log15_lanes8,depth_first,6,1,4971167.000,12582912,0,0,1
opt_ntt,log15_lanes8,production,6,1,5594166.000,12582912,0,0,1
opt_ntt,log15_lanes8,production,7,1,3939417.000,12582912,0,0,1
opt_ntt,log15_lanes8,depth_first,7,1,3875625.000,12582912,0,0,1
opt_ntt,log15_lanes8,depth_first,8,1,3633375.000,12582912,0,0,1
opt_ntt,log15_lanes8,production,8,1,3986750.000,12582912,0,0,1
opt_ntt,log15_lanes8,depth_first,9,1,3681583.000,12582912,0,0,1
opt_ntt,log15_lanes8,production,9,1,3911625.000,12582912,0,0,1
opt_ntt,log15_lanes8,production,10,1,3865583.000,12582912,0,0,1
opt_ntt,log15_lanes8,depth_first,10,1,3763417.000,12582912,0,0,1
opt_ntt,log15_lanes8,production,11,1,3878000.000,12582912,0,0,1
opt_ntt,log15_lanes8,depth_first,11,1,3592709.000,12582912,0,0,1
opt_ntt,log15_lanes8,depth_first,12,1,3677250.000,12582912,0,0,1
opt_ntt,log15_lanes8,production,12,1,3760542.000,12582912,0,0,1
opt_ntt,log15_lanes8,depth_first,13,1,3691250.000,12582912,0,0,1
opt_ntt,log15_lanes8,production,13,1,3861708.000,12582912,0,0,1
opt_ntt,log15_lanes8,depth_first,14,1,3644333.000,12582912,0,0,1
opt_ntt,log15_lanes8,production,14,1,3856584.000,12582912,0,0,1
opt_ntt,log15_lanes8,depth_first,15,1,3658917.000,12582912,0,0,1
opt_ntt,log15_lanes8,production,15,1,3892000.000,12582912,0,0,1
opt_ntt,log15_lanes8,production,16,1,3839084.000,12582912,0,0,1
opt_ntt,log15_lanes8,depth_first,16,1,3592667.000,12582912,0,0,1
opt_ntt,log15_lanes8,depth_first,17,1,3551958.000,12582912,0,0,1
opt_ntt,log15_lanes8,production,17,1,3806375.000,12582912,0,0,1
opt_ntt,log15_lanes8,production,18,1,4054750.000,12582912,0,0,1
opt_ntt,log15_lanes8,depth_first,18,1,3579458.000,12582912,0,0,1
opt_ntt,log15_lanes8,depth_first,19,1,3715708.000,12582912,0,0,1
opt_ntt,log15_lanes8,production,19,1,3937750.000,12582912,0,0,1
opt_ntt,log15_lanes8,depth_first,20,1,3531458.000,12582912,0,0,1
opt_ntt,log15_lanes8,production,20,1,5988583.000,12582912,0,0,1
opt_ntt,log15_lanes8,production,21,1,3805750.000,12582912,0,0,1
opt_ntt,log15_lanes8,depth_first,21,1,5801125.000,12582912,0,0,1
opt_ntt,log15_lanes8,depth_first,22,1,3895292.000,12582912,0,0,1
opt_ntt,log15_lanes8,production,22,1,4095250.000,12582912,0,0,1
opt_ntt,log15_lanes8,production,23,1,4050250.000,12582912,0,0,1
opt_ntt,log15_lanes8,depth_first,23,1,3601583.000,12582912,0,0,1
opt_ntt,log15_lanes8,production,24,1,3812541.000,12582912,0,0,1
opt_ntt,log15_lanes8,depth_first,24,1,3661542.000,12582912,0,0,1
opt_ntt,log15_lanes8,production,25,1,3854125.000,12582912,0,0,1
opt_ntt,log15_lanes8,depth_first,25,1,3690750.000,12582912,0,0,1
opt_ntt,log15_lanes8,production,26,1,3960750.000,12582912,0,0,1
opt_ntt,log15_lanes8,depth_first,26,1,3672042.000,12582912,0,0,1
opt_ntt,log15_lanes8,production,27,1,4013708.000,12582912,0,0,1
opt_ntt,log15_lanes8,depth_first,27,1,3540666.000,12582912,0,0,1
opt_ntt,log15_lanes8,depth_first,28,1,3540375.000,12582912,0,0,1
opt_ntt,log15_lanes8,production,28,1,3832292.000,12582912,0,0,1
opt_ntt,log15_lanes8,production,29,1,4002333.000,12582912,0,0,1
opt_ntt,log15_lanes8,depth_first,29,1,3787833.000,12582912,0,0,1
opt_ntt,log15_lanes8,production,30,1,4094917.000,12582912,0,0,1
opt_ntt,log15_lanes8,depth_first,30,1,3646750.000,12582912,0,0,1
opt_ntt,log15_lanes8,depth_first,31,1,3549666.000,12582912,0,0,1
opt_ntt,log15_lanes8,production,31,1,4523167.000,12582912,0,0,1
opt_ntt,log15_lanes8,depth_first,32,1,5161708.000,12582912,0,0,1
opt_ntt,log15_lanes8,production,32,1,3997416.000,12582912,0,0,1
opt_ntt,log15_lanes8,depth_first,33,1,5092208.000,12582912,0,0,1
opt_ntt,log15_lanes8,production,33,1,3981042.000,12582912,0,0,1
opt_ntt,log15_lanes8,production,34,1,4029625.000,12582912,0,0,1
opt_ntt,log15_lanes8,depth_first,34,1,3541708.000,12582912,0,0,1
opt_ntt,log15_lanes8,depth_first,35,1,3531250.000,12582912,0,0,1
opt_ntt,log15_lanes8,production,35,1,3934709.000,12582912,0,0,1
opt_ntt,log15_lanes8,production,36,1,3871792.000,12582912,0,0,1
opt_ntt,log15_lanes8,depth_first,36,1,3857417.000,12582912,0,0,1
opt_ntt,log15_lanes8,production,37,1,3854125.000,12582912,0,0,1
opt_ntt,log15_lanes8,depth_first,37,1,3680459.000,12582912,0,0,1
opt_ntt,log15_lanes8,production,38,1,4000000.000,12582912,0,0,1
opt_ntt,log15_lanes8,depth_first,38,1,3526584.000,12582912,0,0,1
opt_ntt,log15_lanes8,production,39,1,3848541.000,12582912,0,0,1
opt_ntt,log15_lanes8,depth_first,39,1,3760416.000,12582912,0,0,1
opt_ntt,log15_lanes8,depth_first,40,1,3764666.000,12582912,0,0,1
opt_ntt,log15_lanes8,production,40,1,4436875.000,12582912,0,0,1
opt_ntt,log15_lanes8,depth_first,41,1,3768666.000,12582912,0,0,1
opt_ntt,log15_lanes8,production,41,1,3900958.000,12582912,0,0,1
opt_ntt,log15_lanes8,depth_first,42,1,3775417.000,12582912,0,0,1
opt_ntt,log15_lanes8,production,42,1,3759750.000,12582912,0,0,1
opt_ntt,log15_lanes8,depth_first,43,1,3559791.000,12582912,0,0,1
opt_ntt,log15_lanes8,production,43,1,3917167.000,12582912,0,0,1
opt_ntt,log15_lanes8,depth_first,44,1,3645791.000,12582912,0,0,1
opt_ntt,log15_lanes8,production,44,1,3940042.000,12582912,0,0,1
opt_ntt,log15_lanes8,depth_first,45,1,3633958.000,12582912,0,0,1
opt_ntt,log15_lanes8,production,45,1,3833167.000,12582912,0,0,1
opt_ntt,log15_lanes8,depth_first,46,1,3718917.000,12582912,0,0,1
opt_ntt,log15_lanes8,production,46,1,4091250.000,12582912,0,0,1
opt_ntt,log15_lanes8,production,47,1,3907000.000,12582912,0,0,1
opt_ntt,log15_lanes8,depth_first,47,1,3687208.000,12582912,0,0,1
opt_ntt,log15_lanes8,depth_first,48,1,3547208.000,12582912,0,0,1
opt_ntt,log15_lanes8,production,48,1,3875125.000,12582912,0,0,1
opt_ntt,log15_lanes8,production,49,1,3824500.000,12582912,0,0,1
opt_ntt,log15_lanes8,depth_first,49,1,3593458.000,12582912,0,0,1
opt_ntt,log15_lanes8,production,50,1,3857666.000,12582912,0,0,1
opt_ntt,log15_lanes8,depth_first,50,1,3506333.000,12582912,0,0,1
opt_ntt,log15_lanes8,production,51,1,4090667.000,12582912,0,0,1
opt_ntt,log15_lanes8,depth_first,51,1,3656166.000,12582912,0,0,1
opt_ntt,log15_lanes8,depth_first,52,1,3598416.000,12582912,0,0,1
opt_ntt,log15_lanes8,production,52,1,4037792.000,12582912,0,0,1
opt_ntt,log15_lanes8,depth_first,53,1,3630834.000,12582912,0,0,1
opt_ntt,log15_lanes8,production,53,1,3928583.000,12582912,0,0,1
opt_ntt,log15_lanes8,production,54,1,3871041.000,12582912,0,0,1
opt_ntt,log15_lanes8,depth_first,54,1,3677209.000,12582912,0,0,1
opt_ntt,log15_lanes8,production,55,1,3757333.000,12582912,0,0,1
opt_ntt,log15_lanes8,depth_first,55,1,3603084.000,12582912,0,0,1
opt_ntt,log15_lanes8,production,56,1,3754125.000,12582912,0,0,1
opt_ntt,log15_lanes8,depth_first,56,1,3700250.000,12582912,0,0,1
opt_ntt,log15_lanes8,production,57,1,3783167.000,12582912,0,0,1
opt_ntt,log15_lanes8,depth_first,57,1,3653458.000,12582912,0,0,1
opt_ntt,log15_lanes8,production,58,1,3933291.000,12582912,0,0,1
opt_ntt,log15_lanes8,depth_first,58,1,3651584.000,12582912,0,0,1
opt_ntt,log15_lanes8,depth_first,59,1,3527417.000,12582912,0,0,1
opt_ntt,log15_lanes8,production,59,1,3977125.000,12582912,0,0,1
opt_ntt,log15_lanes8,production,60,1,3886042.000,12582912,0,0,1
opt_ntt,log15_lanes8,depth_first,60,1,3601708.000,12582912,0,0,1
opt_ntt,log15_lanes8,depth_first,61,1,3677291.000,12582912,0,0,1
opt_ntt,log15_lanes8,production,61,1,3970375.000,12582912,0,0,1
opt_ntt,log15_lanes8,depth_first,62,1,3667250.000,12582912,0,0,1
opt_ntt,log15_lanes8,production,62,1,3921250.000,12582912,0,0,1
opt_ntt,log15_lanes8,production,63,1,3937958.000,12582912,0,0,1
opt_ntt,log15_lanes8,depth_first,63,1,3603625.000,12582912,0,0,1
opt_ntt,log16_lanes32,depth_first,0,1,22790458.000,100663296,0,0,1
opt_ntt,log16_lanes32,production,0,1,24179917.000,100663296,0,0,1
opt_ntt,log16_lanes32,production,1,1,24246708.000,100663296,0,0,1
opt_ntt,log16_lanes32,depth_first,1,1,22921458.000,100663296,0,0,1
opt_ntt,log16_lanes32,depth_first,2,1,23540542.000,100663296,0,0,1
opt_ntt,log16_lanes32,production,2,1,24241084.000,100663296,0,0,1
opt_ntt,log16_lanes32,production,3,1,23612334.000,100663296,0,0,1
opt_ntt,log16_lanes32,depth_first,3,1,24407250.000,100663296,0,0,1
opt_ntt,log16_lanes32,depth_first,4,1,22996708.000,100663296,0,0,1
opt_ntt,log16_lanes32,production,4,1,24261417.000,100663296,0,0,1
opt_ntt,log16_lanes32,depth_first,5,1,24035375.000,100663296,0,0,1
opt_ntt,log16_lanes32,production,5,1,23924834.000,100663296,0,0,1
opt_ntt,log16_lanes32,production,6,1,24217083.000,100663296,0,0,1
opt_ntt,log16_lanes32,depth_first,6,1,23622250.000,100663296,0,0,1
opt_ntt,log16_lanes32,production,7,1,24051750.000,100663296,0,0,1
opt_ntt,log16_lanes32,depth_first,7,1,23002125.000,100663296,0,0,1
opt_ntt,log16_lanes32,depth_first,8,1,23314375.000,100663296,0,0,1
opt_ntt,log16_lanes32,production,8,1,23955667.000,100663296,0,0,1
opt_ntt,log16_lanes32,depth_first,9,1,24203584.000,100663296,0,0,1
opt_ntt,log16_lanes32,production,9,1,24007541.000,100663296,0,0,1
opt_ntt,log16_lanes32,depth_first,10,1,24441291.000,100663296,0,0,1
opt_ntt,log16_lanes32,production,10,1,24053875.000,100663296,0,0,1
opt_ntt,log16_lanes32,production,11,1,24271166.000,100663296,0,0,1
opt_ntt,log16_lanes32,depth_first,11,1,22524833.000,100663296,0,0,1
opt_ntt,log16_lanes32,depth_first,12,1,22470916.000,100663296,0,0,1
opt_ntt,log16_lanes32,production,12,1,23994334.000,100663296,0,0,1
opt_ntt,log16_lanes32,depth_first,13,1,22986333.000,100663296,0,0,1
opt_ntt,log16_lanes32,production,13,1,24427417.000,100663296,0,0,1
opt_ntt,log16_lanes32,production,14,1,23463875.000,100663296,0,0,1
opt_ntt,log16_lanes32,depth_first,14,1,22927000.000,100663296,0,0,1
opt_ntt,log16_lanes32,depth_first,15,1,22656334.000,100663296,0,0,1
opt_ntt,log16_lanes32,production,15,1,23924125.000,100663296,0,0,1
opt_ntt,log16_lanes32,depth_first,16,1,22841334.000,100663296,0,0,1
opt_ntt,log16_lanes32,production,16,1,23767042.000,100663296,0,0,1
opt_ntt,log16_lanes32,production,17,1,24070333.000,100663296,0,0,1
opt_ntt,log16_lanes32,depth_first,17,1,24135750.000,100663296,0,0,1
opt_ntt,log16_lanes32,depth_first,18,1,23061583.000,100663296,0,0,1
opt_ntt,log16_lanes32,production,18,1,24028041.000,100663296,0,0,1
opt_ntt,log16_lanes32,production,19,1,24000458.000,100663296,0,0,1
opt_ntt,log16_lanes32,depth_first,19,1,23057333.000,100663296,0,0,1
opt_ntt,log16_lanes32,production,20,1,23930459.000,100663296,0,0,1
opt_ntt,log16_lanes32,depth_first,20,1,22882125.000,100663296,0,0,1
opt_ntt,log16_lanes32,depth_first,21,1,24591917.000,100663296,0,0,1
opt_ntt,log16_lanes32,production,21,1,23732500.000,100663296,0,0,1
opt_ntt,log16_lanes32,production,22,1,24583875.000,100663296,0,0,1
opt_ntt,log16_lanes32,depth_first,22,1,24620750.000,100663296,0,0,1
opt_ntt,log16_lanes32,production,23,1,24159000.000,100663296,0,0,1
opt_ntt,log16_lanes32,depth_first,23,1,23991625.000,100663296,0,0,1
opt_ntt,log16_lanes32,depth_first,24,1,24685792.000,100663296,0,0,1
opt_ntt,log16_lanes32,production,24,1,23724458.000,100663296,0,0,1
opt_ntt,log16_lanes32,production,25,1,24261250.000,100663296,0,0,1
opt_ntt,log16_lanes32,depth_first,25,1,23464792.000,100663296,0,0,1
opt_ntt,log16_lanes32,depth_first,26,1,25310750.000,100663296,0,0,1
opt_ntt,log16_lanes32,production,26,1,24015750.000,100663296,0,0,1
opt_ntt,log16_lanes32,production,27,1,24550167.000,100663296,0,0,1
opt_ntt,log16_lanes32,depth_first,27,1,23662250.000,100663296,0,0,1
opt_ntt,log16_lanes32,production,28,1,23961625.000,100663296,0,0,1
opt_ntt,log16_lanes32,depth_first,28,1,23119292.000,100663296,0,0,1
opt_ntt,log16_lanes32,production,29,1,24213958.000,100663296,0,0,1
opt_ntt,log16_lanes32,depth_first,29,1,22728250.000,100663296,0,0,1
opt_ntt,log16_lanes32,depth_first,30,1,22766041.000,100663296,0,0,1
opt_ntt,log16_lanes32,production,30,1,24120500.000,100663296,0,0,1
opt_ntt,log16_lanes32,depth_first,31,1,24201458.000,100663296,0,0,1
opt_ntt,log16_lanes32,production,31,1,23480000.000,100663296,0,0,1
opt_ntt,log16_lanes32,production,32,1,23949875.000,100663296,0,0,1
opt_ntt,log16_lanes32,depth_first,32,1,23173167.000,100663296,0,0,1
opt_ntt,log16_lanes32,depth_first,33,1,23578041.000,100663296,0,0,1
opt_ntt,log16_lanes32,production,33,1,24140458.000,100663296,0,0,1
opt_ntt,log16_lanes32,production,34,1,23836417.000,100663296,0,0,1
opt_ntt,log16_lanes32,depth_first,34,1,22619917.000,100663296,0,0,1
opt_ntt,log16_lanes32,depth_first,35,1,23078083.000,100663296,0,0,1
opt_ntt,log16_lanes32,production,35,1,23600541.000,100663296,0,0,1
opt_ntt,log16_lanes32,production,36,1,24105666.000,100663296,0,0,1
opt_ntt,log16_lanes32,depth_first,36,1,23401666.000,100663296,0,0,1
opt_ntt,log16_lanes32,depth_first,37,1,22992583.000,100663296,0,0,1
opt_ntt,log16_lanes32,production,37,1,24106750.000,100663296,0,0,1
opt_ntt,log16_lanes32,production,38,1,24372458.000,100663296,0,0,1
opt_ntt,log16_lanes32,depth_first,38,1,22816459.000,100663296,0,0,1
opt_ntt,log16_lanes32,depth_first,39,1,23111375.000,100663296,0,0,1
opt_ntt,log16_lanes32,production,39,1,24958291.000,100663296,0,0,1
opt_ntt,log16_lanes32,depth_first,40,1,23168792.000,100663296,0,0,1
opt_ntt,log16_lanes32,production,40,1,24051750.000,100663296,0,0,1
opt_ntt,log16_lanes32,production,41,1,24658583.000,100663296,0,0,1
opt_ntt,log16_lanes32,depth_first,41,1,23169792.000,100663296,0,0,1
opt_ntt,log16_lanes32,production,42,1,24674833.000,100663296,0,0,1
opt_ntt,log16_lanes32,depth_first,42,1,23575708.000,100663296,0,0,1
opt_ntt,log16_lanes32,depth_first,43,1,24019334.000,100663296,0,0,1
opt_ntt,log16_lanes32,production,43,1,24313042.000,100663296,0,0,1
opt_ntt,log16_lanes32,depth_first,44,1,23204042.000,100663296,0,0,1
opt_ntt,log16_lanes32,production,44,1,24374000.000,100663296,0,0,1
opt_ntt,log16_lanes32,production,45,1,24728875.000,100663296,0,0,1
opt_ntt,log16_lanes32,depth_first,45,1,22828750.000,100663296,0,0,1
opt_ntt,log16_lanes32,production,46,1,24180125.000,100663296,0,0,1
opt_ntt,log16_lanes32,depth_first,46,1,23205250.000,100663296,0,0,1
opt_ntt,log16_lanes32,production,47,1,24564083.000,100663296,0,0,1
opt_ntt,log16_lanes32,depth_first,47,1,22861750.000,100663296,0,0,1
opt_ntt,log16_lanes32,production,48,1,24653125.000,100663296,0,0,1
opt_ntt,log16_lanes32,depth_first,48,1,22733625.000,100663296,0,0,1
opt_ntt,log16_lanes32,production,49,1,24426875.000,100663296,0,0,1
opt_ntt,log16_lanes32,depth_first,49,1,24030583.000,100663296,0,0,1
opt_ntt,log16_lanes32,depth_first,50,1,22861916.000,100663296,0,0,1
opt_ntt,log16_lanes32,production,50,1,24519959.000,100663296,0,0,1
opt_ntt,log16_lanes32,production,51,1,24380000.000,100663296,0,0,1
opt_ntt,log16_lanes32,depth_first,51,1,24002000.000,100663296,0,0,1
opt_ntt,log16_lanes32,production,52,1,24568959.000,100663296,0,0,1
opt_ntt,log16_lanes32,depth_first,52,1,23296208.000,100663296,0,0,1
opt_ntt,log16_lanes32,depth_first,53,1,22830542.000,100663296,0,0,1
opt_ntt,log16_lanes32,production,53,1,24781583.000,100663296,0,0,1
opt_ntt,log16_lanes32,production,54,1,24471167.000,100663296,0,0,1
opt_ntt,log16_lanes32,depth_first,54,1,23571541.000,100663296,0,0,1
opt_ntt,log16_lanes32,depth_first,55,1,22948500.000,100663296,0,0,1
opt_ntt,log16_lanes32,production,55,1,24625583.000,100663296,0,0,1
opt_ntt,log16_lanes32,production,56,1,24479417.000,100663296,0,0,1
opt_ntt,log16_lanes32,depth_first,56,1,23218708.000,100663296,0,0,1
opt_ntt,log16_lanes32,production,57,1,24640334.000,100663296,0,0,1
opt_ntt,log16_lanes32,depth_first,57,1,22985583.000,100663296,0,0,1
opt_ntt,log16_lanes32,depth_first,58,1,24510584.000,100663296,0,0,1
opt_ntt,log16_lanes32,production,58,1,24426583.000,100663296,0,0,1
opt_ntt,log16_lanes32,production,59,1,24854833.000,100663296,0,0,1
opt_ntt,log16_lanes32,depth_first,59,1,23855625.000,100663296,0,0,1
opt_ntt,log16_lanes32,depth_first,60,1,23437541.000,100663296,0,0,1
opt_ntt,log16_lanes32,production,60,1,24530333.000,100663296,0,0,1
opt_ntt,log16_lanes32,depth_first,61,1,23312958.000,100663296,0,0,1
opt_ntt,log16_lanes32,production,61,1,24600625.000,100663296,0,0,1
opt_ntt,log16_lanes32,depth_first,62,1,23467167.000,100663296,0,0,1
opt_ntt,log16_lanes32,production,62,1,24318792.000,100663296,0,0,1
opt_ntt,log16_lanes32,depth_first,63,1,23769500.000,100663296,0,0,1
opt_ntt,log16_lanes32,production,63,1,24537167.000,100663296,0,0,1
opt_ntt,log18_lanes32,production,0,1,109598583.000,402653184,1,1520,1
opt_ntt,log18_lanes32,depth_first,0,1,107020708.000,402653184,0,0,1
opt_ntt,log18_lanes32,production,1,1,110273417.000,402653184,1,1520,1
opt_ntt,log18_lanes32,depth_first,1,1,106153458.000,402653184,0,0,1
opt_ntt,log18_lanes32,production,2,1,110018916.000,402653184,1,1520,1
opt_ntt,log18_lanes32,depth_first,2,1,106375458.000,402653184,0,0,1
opt_ntt,log18_lanes32,production,3,1,110143292.000,402653184,1,1520,1
opt_ntt,log18_lanes32,depth_first,3,1,103931583.000,402653184,0,0,1
opt_ntt,log18_lanes32,production,4,1,109688292.000,402653184,1,1520,1
opt_ntt,log18_lanes32,depth_first,4,1,106388708.000,402653184,0,0,1
opt_ntt,log18_lanes32,depth_first,5,1,105992417.000,402653184,0,0,1
opt_ntt,log18_lanes32,production,5,1,110566459.000,402653184,1,1520,1
opt_ntt,log18_lanes32,production,6,1,109821709.000,402653184,1,1520,1
opt_ntt,log18_lanes32,depth_first,6,1,104824875.000,402653184,0,0,1
opt_ntt,log18_lanes32,depth_first,7,1,105842000.000,402653184,0,0,1
opt_ntt,log18_lanes32,production,7,1,109563583.000,402653184,1,1520,1
opt_ntt,log18_lanes32,depth_first,8,1,105180000.000,402653184,0,0,1
opt_ntt,log18_lanes32,production,8,1,109685708.000,402653184,1,1520,1
opt_ntt,log18_lanes32,production,9,1,109344292.000,402653184,1,1520,1
opt_ntt,log18_lanes32,depth_first,9,1,106428959.000,402653184,0,0,1
opt_ntt,log18_lanes32,depth_first,10,1,106501417.000,402653184,0,0,1
opt_ntt,log18_lanes32,production,10,1,109474875.000,402653184,1,1520,1
opt_ntt,log18_lanes32,depth_first,11,1,106273834.000,402653184,0,0,1
opt_ntt,log18_lanes32,production,11,1,106894459.000,402653184,1,1520,1
opt_ntt,log18_lanes32,depth_first,12,1,104892666.000,402653184,0,0,1
opt_ntt,log18_lanes32,production,12,1,110661583.000,402653184,1,1520,1
opt_ntt,log18_lanes32,depth_first,13,1,103194125.000,402653184,0,0,1
opt_ntt,log18_lanes32,production,13,1,107949167.000,402653184,1,1520,1
opt_ntt,log18_lanes32,depth_first,14,1,102861458.000,402653184,0,0,1
opt_ntt,log18_lanes32,production,14,1,111903208.000,402653184,1,1520,1
opt_ntt,log18_lanes32,production,15,1,109359250.000,402653184,1,1520,1
opt_ntt,log18_lanes32,depth_first,15,1,104219708.000,402653184,0,0,1
opt_ntt,log18_lanes32,depth_first,16,1,105440167.000,402653184,0,0,1
opt_ntt,log18_lanes32,production,16,1,109569500.000,402653184,1,1520,1
opt_ntt,log18_lanes32,depth_first,17,1,104263500.000,402653184,0,0,1
opt_ntt,log18_lanes32,production,17,1,110069292.000,402653184,1,1520,1
opt_ntt,log18_lanes32,production,18,1,109611333.000,402653184,1,1520,1
opt_ntt,log18_lanes32,depth_first,18,1,105154125.000,402653184,0,0,1
opt_ntt,log18_lanes32,depth_first,19,1,106947667.000,402653184,0,0,1
opt_ntt,log18_lanes32,production,19,1,109623250.000,402653184,1,1520,1
opt_ntt,log18_lanes32,depth_first,20,1,105403291.000,402653184,0,0,1
opt_ntt,log18_lanes32,production,20,1,109060708.000,402653184,1,1520,1
opt_ntt,log18_lanes32,production,21,1,108783625.000,402653184,1,1520,1
opt_ntt,log18_lanes32,depth_first,21,1,104328083.000,402653184,0,0,1
opt_ntt,log18_lanes32,production,22,1,109797458.000,402653184,1,1520,1
opt_ntt,log18_lanes32,depth_first,22,1,106567375.000,402653184,0,0,1
opt_ntt,log18_lanes32,production,23,1,110230084.000,402653184,1,1520,1
opt_ntt,log18_lanes32,depth_first,23,1,106113250.000,402653184,0,0,1
opt_ntt,log18_lanes32,production,24,1,109231833.000,402653184,1,1520,1
opt_ntt,log18_lanes32,depth_first,24,1,103589709.000,402653184,0,0,1
opt_ntt,log18_lanes32,depth_first,25,1,105139292.000,402653184,0,0,1
opt_ntt,log18_lanes32,production,25,1,109558792.000,402653184,1,1520,1
opt_ntt,log18_lanes32,production,26,1,109601375.000,402653184,1,1520,1
opt_ntt,log18_lanes32,depth_first,26,1,105650417.000,402653184,0,0,1
opt_ntt,log18_lanes32,production,27,1,107133333.000,402653184,1,1520,1
opt_ntt,log18_lanes32,depth_first,27,1,103219500.000,402653184,0,0,1
opt_ntt,log18_lanes32,depth_first,28,1,105408875.000,402653184,0,0,1
opt_ntt,log18_lanes32,production,28,1,107140458.000,402653184,1,1520,1
opt_ntt,log18_lanes32,depth_first,29,1,106469375.000,402653184,0,0,1
opt_ntt,log18_lanes32,production,29,1,111036208.000,402653184,1,1520,1
opt_ntt,log18_lanes32,depth_first,30,1,104603875.000,402653184,0,0,1
opt_ntt,log18_lanes32,production,30,1,109610416.000,402653184,1,1520,1
opt_ntt,log18_lanes32,depth_first,31,1,104360958.000,402653184,0,0,1
opt_ntt,log18_lanes32,production,31,1,109338125.000,402653184,1,1520,1
opt_ntt,log18_lanes32,production,32,1,110290708.000,402653184,1,1520,1
opt_ntt,log18_lanes32,depth_first,32,1,104736375.000,402653184,0,0,1
opt_ntt,log18_lanes32,production,33,1,109745625.000,402653184,1,1520,1
opt_ntt,log18_lanes32,depth_first,33,1,104684209.000,402653184,0,0,1
opt_ntt,log18_lanes32,depth_first,34,1,105744875.000,402653184,0,0,1
opt_ntt,log18_lanes32,production,34,1,108831125.000,402653184,1,1520,1
opt_ntt,log18_lanes32,production,35,1,112351875.000,402653184,1,1520,1
opt_ntt,log18_lanes32,depth_first,35,1,109877458.000,402653184,0,0,1
opt_ntt,log18_lanes32,depth_first,36,1,107171042.000,402653184,0,0,1
opt_ntt,log18_lanes32,production,36,1,112031708.000,402653184,1,1520,1
opt_ntt,log18_lanes32,production,37,1,109679875.000,402653184,1,1520,1
opt_ntt,log18_lanes32,depth_first,37,1,105024875.000,402653184,0,0,1
opt_ntt,log18_lanes32,depth_first,38,1,105786833.000,402653184,0,0,1
opt_ntt,log18_lanes32,production,38,1,108679958.000,402653184,1,1520,1
opt_ntt,log18_lanes32,production,39,1,109824417.000,402653184,1,1520,1
opt_ntt,log18_lanes32,depth_first,39,1,105430458.000,402653184,0,0,1
opt_ntt,log18_lanes32,production,40,1,109222000.000,402653184,1,1520,1
opt_ntt,log18_lanes32,depth_first,40,1,103219792.000,402653184,0,0,1
opt_ntt,log18_lanes32,production,41,1,109537000.000,402653184,1,1520,1
opt_ntt,log18_lanes32,depth_first,41,1,106528000.000,402653184,0,0,1
opt_ntt,log18_lanes32,depth_first,42,1,108008958.000,402653184,0,0,1
opt_ntt,log18_lanes32,production,42,1,110889958.000,402653184,1,1520,1
opt_ntt,log18_lanes32,depth_first,43,1,108447333.000,402653184,0,0,1
opt_ntt,log18_lanes32,production,43,1,109055000.000,402653184,1,1520,1
opt_ntt,log18_lanes32,depth_first,44,1,105788042.000,402653184,0,0,1
opt_ntt,log18_lanes32,production,44,1,109140291.000,402653184,1,1520,1
opt_ntt,log18_lanes32,production,45,1,111118958.000,402653184,1,1520,1
opt_ntt,log18_lanes32,depth_first,45,1,105444042.000,402653184,0,0,1
opt_ntt,log18_lanes32,production,46,1,109608042.000,402653184,1,1520,1
opt_ntt,log18_lanes32,depth_first,46,1,105725000.000,402653184,0,0,1
opt_ntt,log18_lanes32,production,47,1,109885583.000,402653184,1,1520,1
opt_ntt,log18_lanes32,depth_first,47,1,104520709.000,402653184,0,0,1
opt_ntt,log18_lanes32,depth_first,48,1,105912667.000,402653184,0,0,1
opt_ntt,log18_lanes32,production,48,1,109446583.000,402653184,1,1520,1
opt_ntt,log18_lanes32,production,49,1,109872708.000,402653184,1,1520,1
opt_ntt,log18_lanes32,depth_first,49,1,106521125.000,402653184,0,0,1
opt_ntt,log18_lanes32,depth_first,50,1,105592750.000,402653184,0,0,1
opt_ntt,log18_lanes32,production,50,1,110159708.000,402653184,1,1520,1
opt_ntt,log18_lanes32,production,51,1,109403084.000,402653184,1,1520,1
opt_ntt,log18_lanes32,depth_first,51,1,105628833.000,402653184,0,0,1
opt_ntt,log18_lanes32,production,52,1,110918417.000,402653184,1,1520,1
opt_ntt,log18_lanes32,depth_first,52,1,104627417.000,402653184,0,0,1
opt_ntt,log18_lanes32,production,53,1,110175375.000,402653184,1,1520,1
opt_ntt,log18_lanes32,depth_first,53,1,105873292.000,402653184,0,0,1
opt_ntt,log18_lanes32,production,54,1,107972792.000,402653184,1,1520,1
opt_ntt,log18_lanes32,depth_first,54,1,103740583.000,402653184,0,0,1
opt_ntt,log18_lanes32,production,55,1,110056958.000,402653184,1,1520,1
opt_ntt,log18_lanes32,depth_first,55,1,104569291.000,402653184,0,0,1
opt_ntt,log18_lanes32,depth_first,56,1,106035166.000,402653184,0,0,1
opt_ntt,log18_lanes32,production,56,1,109826167.000,402653184,1,1520,1
opt_ntt,log18_lanes32,production,57,1,109733459.000,402653184,1,1520,1
opt_ntt,log18_lanes32,depth_first,57,1,103773542.000,402653184,0,0,1
opt_ntt,log18_lanes32,depth_first,58,1,105405791.000,402653184,0,0,1
opt_ntt,log18_lanes32,production,58,1,107521500.000,402653184,1,1520,1
opt_ntt,log18_lanes32,production,59,1,109894583.000,402653184,1,1520,1
opt_ntt,log18_lanes32,depth_first,59,1,106281459.000,402653184,0,0,1
opt_ntt,log18_lanes32,depth_first,60,1,106677917.000,402653184,0,0,1
opt_ntt,log18_lanes32,production,60,1,110014792.000,402653184,1,1520,1
opt_ntt,log18_lanes32,production,61,1,110035083.000,402653184,1,1520,1
opt_ntt,log18_lanes32,depth_first,61,1,104415750.000,402653184,0,0,1
opt_ntt,log18_lanes32,depth_first,62,1,106578000.000,402653184,0,0,1
opt_ntt,log18_lanes32,production,62,1,109550667.000,402653184,1,1520,1
opt_ntt,log18_lanes32,depth_first,63,1,105309333.000,402653184,0,0,1
opt_ntt,log18_lanes32,production,63,1,110071459.000,402653184,1,1520,1
opt_packed_ood,logs16_14,production,0,16,263940.125,4194304,21,2229728,1
opt_packed_ood,logs16_14,single_write_ood,0,16,316333.312,4194304,3,2163200,1
opt_packed_ood,logs16_14,production,1,16,273901.062,4194304,21,2229728,1
opt_packed_ood,logs16_14,single_write_ood,1,16,298226.562,4194304,3,2163200,1
opt_packed_ood,logs16_14,single_write_ood,2,16,288283.875,4194304,3,2163200,1
opt_packed_ood,logs16_14,production,2,16,310018.250,4194304,21,2229728,1
opt_packed_ood,logs16_14,single_write_ood,3,16,311671.875,4194304,3,2163200,1
opt_packed_ood,logs16_14,production,3,16,267489.562,4194304,21,2229728,1
opt_packed_ood,logs16_14,production,4,16,277119.750,4194304,21,2229728,1
opt_packed_ood,logs16_14,single_write_ood,4,16,309645.812,4194304,3,2163200,1
opt_packed_ood,logs16_14,production,5,16,270218.750,4194304,21,2229728,1
opt_packed_ood,logs16_14,single_write_ood,5,16,277263.000,4194304,3,2163200,1
opt_packed_ood,logs16_14,production,6,16,298020.812,4194304,21,2229728,1
opt_packed_ood,logs16_14,single_write_ood,6,16,306622.375,4194304,3,2163200,1
opt_packed_ood,logs16_14,single_write_ood,7,16,308299.500,4194304,3,2163200,1
opt_packed_ood,logs16_14,production,7,16,279427.062,4194304,21,2229728,1
opt_packed_ood,logs16_14,single_write_ood,8,16,309010.438,4194304,3,2163200,1
opt_packed_ood,logs16_14,production,8,16,278669.312,4194304,21,2229728,1
opt_packed_ood,logs16_14,single_write_ood,9,16,268661.500,4194304,3,2163200,1
opt_packed_ood,logs16_14,production,9,16,299828.125,4194304,21,2229728,1
opt_packed_ood,logs16_14,production,10,16,274747.438,4194304,21,2229728,1
opt_packed_ood,logs16_14,single_write_ood,10,16,306208.312,4194304,3,2163200,1
opt_packed_ood,logs16_14,single_write_ood,11,16,309536.438,4194304,3,2163200,1
opt_packed_ood,logs16_14,production,11,16,283565.125,4194304,21,2229728,1
opt_packed_ood,logs16_14,production,12,16,262187.500,4194304,21,2229728,1
opt_packed_ood,logs16_14,single_write_ood,12,16,264578.125,4194304,3,2163200,1
opt_packed_ood,logs16_14,single_write_ood,13,16,310033.875,4194304,3,2163200,1
opt_packed_ood,logs16_14,production,13,16,277109.375,4194304,21,2229728,1
opt_packed_ood,logs16_14,single_write_ood,14,16,311114.562,4194304,3,2163200,1
opt_packed_ood,logs16_14,production,14,16,266385.438,4194304,21,2229728,1
opt_packed_ood,logs16_14,production,15,16,274869.812,4194304,21,2229728,1
opt_packed_ood,logs16_14,single_write_ood,15,16,294752.562,4194304,3,2163200,1
opt_packed_ood,logs16_14,production,16,16,252218.750,4194304,21,2229728,1
opt_packed_ood,logs16_14,single_write_ood,16,16,297666.688,4194304,3,2163200,1
opt_packed_ood,logs16_14,single_write_ood,17,16,324231.750,4194304,3,2163200,1
opt_packed_ood,logs16_14,production,17,16,274023.438,4194304,21,2229728,1
opt_packed_ood,logs16_14,production,18,16,267783.812,4194304,21,2229728,1
opt_packed_ood,logs16_14,single_write_ood,18,16,315578.125,4194304,3,2163200,1
opt_packed_ood,logs16_14,production,19,16,275703.125,4194304,21,2229728,1
opt_packed_ood,logs16_14,single_write_ood,19,16,308372.438,4194304,3,2163200,1
opt_packed_ood,logs16_14,single_write_ood,20,16,294447.938,4194304,3,2163200,1
opt_packed_ood,logs16_14,production,20,16,277458.312,4194304,21,2229728,1
opt_packed_ood,logs16_14,production,21,16,273197.875,4194304,21,2229728,1
opt_packed_ood,logs16_14,single_write_ood,21,16,300710.938,4194304,3,2163200,1
opt_packed_ood,logs16_14,production,22,16,278247.375,4194304,21,2229728,1
opt_packed_ood,logs16_14,single_write_ood,22,16,290203.125,4194304,3,2163200,1
opt_packed_ood,logs16_14,production,23,16,261940.062,4194304,21,2229728,1
opt_packed_ood,logs16_14,single_write_ood,23,16,286992.188,4194304,3,2163200,1
opt_packed_ood,logs16_14,single_write_ood,24,16,316317.750,4194304,3,2163200,1
opt_packed_ood,logs16_14,production,24,16,271955.688,4194304,21,2229728,1
opt_packed_ood,logs16_14,production,25,16,272901.000,4194304,21,2229728,1
opt_packed_ood,logs16_14,single_write_ood,25,16,306625.000,4194304,3,2163200,1
opt_packed_ood,logs16_14,production,26,16,282380.188,4194304,21,2229728,1
opt_packed_ood,logs16_14,single_write_ood,26,16,294614.562,4194304,3,2163200,1
opt_packed_ood,logs16_14,production,27,16,264729.188,4194304,21,2229728,1
opt_packed_ood,logs16_14,single_write_ood,27,16,324330.750,4194304,3,2163200,1
opt_packed_ood,logs16_14,production,28,16,286919.250,4194304,21,2229728,1
opt_packed_ood,logs16_14,single_write_ood,28,16,300104.188,4194304,3,2163200,1
opt_packed_ood,logs16_14,production,29,16,283906.250,4194304,21,2229728,1
opt_packed_ood,logs16_14,single_write_ood,29,16,304726.562,4194304,3,2163200,1
opt_packed_ood,logs16_14,production,30,16,270815.125,4194304,21,2229728,1
opt_packed_ood,logs16_14,single_write_ood,30,16,281434.938,4194304,3,2163200,1
opt_packed_ood,logs16_14,single_write_ood,31,16,329349.000,4194304,3,2163200,1
opt_packed_ood,logs16_14,production,31,16,280203.125,4194304,21,2229728,1
opt_packed_ood,logs16_14,production,32,16,277859.375,4194304,21,2229728,1
opt_packed_ood,logs16_14,single_write_ood,32,16,299724.000,4194304,3,2163200,1
opt_packed_ood,logs16_14,production,33,16,281273.438,4194304,21,2229728,1
opt_packed_ood,logs16_14,single_write_ood,33,16,314968.750,4194304,3,2163200,1
opt_packed_ood,logs16_14,single_write_ood,34,16,305609.375,4194304,3,2163200,1
opt_packed_ood,logs16_14,production,34,16,296669.250,4194304,21,2229728,1
opt_packed_ood,logs16_14,single_write_ood,35,16,301882.812,4194304,3,2163200,1
opt_packed_ood,logs16_14,production,35,16,277218.750,4194304,21,2229728,1
opt_packed_ood,logs16_14,single_write_ood,36,16,298424.500,4194304,3,2163200,1
opt_packed_ood,logs16_14,production,36,16,275713.562,4194304,21,2229728,1
opt_packed_ood,logs16_14,production,37,16,266393.250,4194304,21,2229728,1
opt_packed_ood,logs16_14,single_write_ood,37,16,252809.875,4194304,3,2163200,1
opt_packed_ood,logs16_14,production,38,16,281950.500,4194304,21,2229728,1
opt_packed_ood,logs16_14,single_write_ood,38,16,310898.438,4194304,3,2163200,1
opt_packed_ood,logs16_14,production,39,16,274502.562,4194304,21,2229728,1
opt_packed_ood,logs16_14,single_write_ood,39,16,304760.375,4194304,3,2163200,1
opt_packed_ood,logs16_14,production,40,16,270653.625,4194304,21,2229728,1
opt_packed_ood,logs16_14,single_write_ood,40,16,302283.875,4194304,3,2163200,1
opt_packed_ood,logs16_14,single_write_ood,41,16,288588.500,4194304,3,2163200,1
opt_packed_ood,logs16_14,production,41,16,251572.875,4194304,21,2229728,1
opt_packed_ood,logs16_14,single_write_ood,42,16,287257.812,4194304,3,2163200,1
opt_packed_ood,logs16_14,production,42,16,273747.438,4194304,21,2229728,1
opt_packed_ood,logs16_14,single_write_ood,43,16,296059.875,4194304,3,2163200,1
opt_packed_ood,logs16_14,production,43,16,297921.875,4194304,21,2229728,1
opt_packed_ood,logs16_14,production,44,16,281518.188,4194304,21,2229728,1
opt_packed_ood,logs16_14,single_write_ood,44,16,308502.562,4194304,3,2163200,1
opt_packed_ood,logs16_14,production,45,16,272033.875,4194304,21,2229728,1
opt_packed_ood,logs16_14,single_write_ood,45,16,309335.938,4194304,3,2163200,1
opt_packed_ood,logs16_14,single_write_ood,46,16,310505.188,4194304,3,2163200,1
opt_packed_ood,logs16_14,production,46,16,275510.438,4194304,21,2229728,1
opt_packed_ood,logs16_14,single_write_ood,47,16,301572.938,4194304,3,2163200,1
opt_packed_ood,logs16_14,production,47,16,276770.875,4194304,21,2229728,1
opt_packed_ood,logs16_14,single_write_ood,48,16,289401.062,4194304,3,2163200,1
opt_packed_ood,logs16_14,production,48,16,249075.562,4194304,21,2229728,1
opt_packed_ood,logs16_14,production,49,16,281020.812,4194304,21,2229728,1
opt_packed_ood,logs16_14,single_write_ood,49,16,311390.625,4194304,3,2163200,1
opt_packed_ood,logs16_14,single_write_ood,50,16,310127.625,4194304,3,2163200,1
opt_packed_ood,logs16_14,production,50,16,294520.875,4194304,21,2229728,1
opt_packed_ood,logs16_14,production,51,16,277140.625,4194304,21,2229728,1
opt_packed_ood,logs16_14,single_write_ood,51,16,314000.000,4194304,3,2163200,1
opt_packed_ood,logs16_14,production,52,16,244093.750,4194304,21,2229728,1
opt_packed_ood,logs16_14,single_write_ood,52,16,305851.562,4194304,3,2163200,1
opt_packed_ood,logs16_14,production,53,16,265924.438,4194304,21,2229728,1
opt_packed_ood,logs16_14,single_write_ood,53,16,310237.000,4194304,3,2163200,1
opt_packed_ood,logs16_14,production,54,16,271671.875,4194304,21,2229728,1
opt_packed_ood,logs16_14,single_write_ood,54,16,289875.000,4194304,3,2163200,1
opt_packed_ood,logs16_14,single_write_ood,55,16,302169.250,4194304,3,2163200,1
opt_packed_ood,logs16_14,production,55,16,279476.562,4194304,21,2229728,1
opt_packed_ood,logs16_14,production,56,16,288968.750,4194304,21,2229728,1
opt_packed_ood,logs16_14,single_write_ood,56,16,300690.125,4194304,3,2163200,1
opt_packed_ood,logs16_14,production,57,16,286752.625,4194304,21,2229728,1
opt_packed_ood,logs16_14,single_write_ood,57,16,285419.250,4194304,3,2163200,1
opt_packed_ood,logs16_14,single_write_ood,58,16,332786.438,4194304,3,2163200,1
opt_packed_ood,logs16_14,production,58,16,276000.000,4194304,21,2229728,1
opt_packed_ood,logs16_14,production,59,16,253125.000,4194304,21,2229728,1
opt_packed_ood,logs16_14,single_write_ood,59,16,304010.438,4194304,3,2163200,1
opt_packed_ood,logs16_14,single_write_ood,60,16,310039.062,4194304,3,2163200,1
opt_packed_ood,logs16_14,production,60,16,278382.812,4194304,21,2229728,1
opt_packed_ood,logs16_14,single_write_ood,61,16,300604.125,4194304,3,2163200,1
opt_packed_ood,logs16_14,production,61,16,299184.938,4194304,21,2229728,1
opt_packed_ood,logs16_14,single_write_ood,62,16,313023.438,4194304,3,2163200,1
opt_packed_ood,logs16_14,production,62,16,257830.688,4194304,21,2229728,1
opt_packed_ood,logs16_14,production,63,16,279604.188,4194304,21,2229728,1
opt_packed_ood,logs16_14,single_write_ood,63,16,316515.625,4194304,3,2163200,1
