family,size,variant,rep,iterations,ns,bytes,allocations,allocated_bytes,correctness
opt_integer_mac,l1_signed16_n1024,deferred_columns,0,16384,331.963,16384,0,0,1
opt_integer_mac,l1_signed16_n1024,products2,0,16384,341.802,16384,0,0,1
opt_integer_mac,l1_signed16_n1024,incumbent,0,16384,338.033,16384,0,0,1
opt_integer_mac,l1_signed16_n1024,circuit_z,0,16384,333.028,16384,0,0,1
opt_integer_mac,l1_signed16_n1024,products4,0,16384,327.357,16384,0,0,1
opt_integer_mac,l1_signed16_n1024,deferred_columns,1,16384,342.977,16384,0,0,1
opt_integer_mac,l1_signed16_n1024,incumbent,1,16384,351.519,16384,0,0,1
opt_integer_mac,l1_signed16_n1024,circuit_z,1,16384,349.154,16384,0,0,1
opt_integer_mac,l1_signed16_n1024,products2,1,16384,348.582,16384,0,0,1
opt_integer_mac,l1_signed16_n1024,products4,1,16384,337.654,16384,0,0,1
opt_integer_mac,l1_signed16_n1024,products4,2,16384,340.586,16384,0,0,1
opt_integer_mac,l1_signed16_n1024,products2,2,16384,336.922,16384,0,0,1
opt_integer_mac,l1_signed16_n1024,circuit_z,2,16384,330.241,16384,0,0,1
opt_integer_mac,l1_signed16_n1024,deferred_columns,2,16384,335.490,16384,0,0,1
opt_integer_mac,l1_signed16_n1024,incumbent,2,16384,335.724,16384,0,0,1
opt_integer_mac,l1_signed16_n1024,incumbent,3,16384,338.186,16384,0,0,1
opt_integer_mac,l1_signed16_n1024,circuit_z,3,16384,333.931,16384,0,0,1
opt_integer_mac,l1_signed16_n1024,products2,3,16384,337.120,16384,0,0,1
opt_integer_mac,l1_signed16_n1024,products4,3,16384,337.440,16384,0,0,1
opt_integer_mac,l1_signed16_n1024,deferred_columns,3,16384,334.646,16384,0,0,1
opt_integer_mac,l1_signed16_n1024,products4,4,16384,332.708,16384,0,0,1
opt_integer_mac,l1_signed16_n1024,products2,4,16384,341.448,16384,0,0,1
opt_integer_mac,l1_signed16_n1024,deferred_columns,4,16384,346.352,16384,0,0,1
opt_integer_mac,l1_signed16_n1024,incumbent,4,16384,335.129,16384,0,0,1
opt_integer_mac,l1_signed16_n1024,circuit_z,4,16384,327.652,16384,0,0,1
opt_integer_mac,l1_signed16_n1024,products2,5,16384,331.581,16384,0,0,1
opt_integer_mac,l1_signed16_n1024,deferred_columns,5,16384,333.730,16384,0,0,1
opt_integer_mac,l1_signed16_n1024,incumbent,5,16384,343.114,16384,0,0,1
opt_integer_mac,l1_signed16_n1024,circuit_z,5,16384,333.885,16384,0,0,1
opt_integer_mac,l1_signed16_n1024,products4,5,16384,333.852,16384,0,0,1
opt_integer_mac,l1_signed16_n1024,incumbent,6,16384,327.977,16384,0,0,1
opt_integer_mac,l1_signed16_n1024,circuit_z,6,16384,334.155,16384,0,0,1
opt_integer_mac,l1_signed16_n1024,products2,6,16384,336.576,16384,0,0,1
opt_integer_mac,l1_signed16_n1024,deferred_columns,6,16384,334.287,16384,0,0,1
opt_integer_mac,l1_signed16_n1024,products4,6,16384,343.252,16384,0,0,1
opt_integer_mac,l1_signed16_n1024,incumbent,7,16384,339.890,16384,0,0,1
opt_integer_mac,l1_signed16_n1024,products4,7,16384,327.708,16384,0,0,1
opt_integer_mac,l1_signed16_n1024,circuit_z,7,16384,338.084,16384,0,0,1
opt_integer_mac,l1_signed16_n1024,products2,7,16384,342.476,16384,0,0,1
opt_integer_mac,l1_signed16_n1024,deferred_columns,7,16384,327.604,16384,0,0,1
opt_integer_mac,l1_signed16_n1024,products4,8,16384,339.373,16384,0,0,1
opt_integer_mac,l1_signed16_n1024,products2,8,16384,334.450,16384,0,0,1
opt_integer_mac,l1_signed16_n1024,circuit_z,8,16384,331.879,16384,0,0,1
opt_integer_mac,l1_signed16_n1024,deferred_columns,8,16384,335.831,16384,0,0,1
opt_integer_mac,l1_signed16_n1024,incumbent,8,16384,331.772,16384,0,0,1
opt_integer_mac,l1_signed16_n1024,products2,9,16384,346.944,16384,0,0,1
opt_integer_mac,l1_signed16_n1024,incumbent,9,16384,333.183,16384,0,0,1
opt_integer_mac,l1_signed16_n1024,deferred_columns,9,16384,334.885,16384,0,0,1
opt_integer_mac,l1_signed16_n1024,products4,9,16384,328.814,16384,0,0,1
opt_integer_mac,l1_signed16_n1024,circuit_z,9,16384,332.548,16384,0,0,1
opt_integer_mac,l1_signed16_n1024,products2,10,16384,330.076,16384,0,0,1
opt_integer_mac,l1_signed16_n1024,deferred_columns,10,16384,343.966,16384,0,0,1
opt_integer_mac,l1_signed16_n1024,incumbent,10,16384,338.201,16384,0,0,1
opt_integer_mac,l1_signed16_n1024,products4,10,16384,335.576,16384,0,0,1
opt_integer_mac,l1_signed16_n1024,circuit_z,10,16384,333.796,16384,0,0,1
opt_integer_mac,l1_signed16_n1024,circuit_z,11,16384,335.820,16384,0,0,1
opt_integer_mac,l1_signed16_n1024,products2,11,16384,334.345,16384,0,0,1
opt_integer_mac,l1_signed16_n1024,deferred_columns,11,16384,340.663,16384,0,0,1
opt_integer_mac,l1_signed16_n1024,products4,11,16384,338.603,16384,0,0,1
opt_integer_mac,l1_signed16_n1024,incumbent,11,16384,329.435,16384,0,0,1
opt_integer_mac,l1_signed16_n1024,incumbent,12,16384,331.922,16384,0,0,1
opt_integer_mac,l1_signed16_n1024,products4,12,16384,327.947,16384,0,0,1
opt_integer_mac,l1_signed16_n1024,circuit_z,12,16384,333.496,16384,0,0,1
opt_integer_mac,l1_signed16_n1024,products2,12,16384,349.149,16384,0,0,1
opt_integer_mac,l1_signed16_n1024,deferred_columns,12,16384,339.068,16384,0,0,1
opt_integer_mac,l1_signed16_n1024,products4,13,16384,328.153,16384,0,0,1
opt_integer_mac,l1_signed16_n1024,products2,13,16384,340.551,16384,0,0,1
opt_integer_mac,l1_signed16_n1024,circuit_z,13,16384,332.985,16384,0,0,1
opt_integer_mac,l1_signed16_n1024,incumbent,13,16384,334.689,16384,0,0,1
opt_integer_mac,l1_signed16_n1024,deferred_columns,13,16384,335.655,16384,0,0,1
opt_integer_mac,l1_signed16_n1024,circuit_z,14,16384,346.092,16384,0,0,1
opt_integer_mac,l1_signed16_n1024,products2,14,16384,331.090,16384,0,0,1
opt_integer_mac,l1_signed16_n1024,incumbent,14,16384,343.447,16384,0,0,1
opt_integer_mac,l1_signed16_n1024,deferred_columns,14,16384,327.520,16384,0,0,1
opt_integer_mac,l1_signed16_n1024,products4,14,16384,336.655,16384,0,0,1
opt_integer_mac,l1_signed16_n1024,deferred_columns,15,16384,332.283,16384,0,0,1
opt_integer_mac,l1_signed16_n1024,circuit_z,15,16384,335.119,16384,0,0,1
opt_integer_mac,l1_signed16_n1024,products4,15,16384,333.509,16384,0,0,1
opt_integer_mac,l1_signed16_n1024,products2,15,16384,338.982,16384,0,0,1
opt_integer_mac,l1_signed16_n1024,incumbent,15,16384,337.952,16384,0,0,1
opt_integer_mac,l1_signed16_n1024,circuit_z,16,16384,330.653,16384,0,0,1
opt_integer_mac,l1_signed16_n1024,products2,16,16384,336.988,16384,0,0,1
opt_integer_mac,l1_signed16_n1024,incumbent,16,16384,338.440,16384,0,0,1
opt_integer_mac,l1_signed16_n1024,products4,16,16384,336.118,16384,0,0,1
opt_integer_mac,l1_signed16_n1024,deferred_columns,16,16384,335.080,16384,0,0,1
opt_integer_mac,l1_signed16_n1024,deferred_columns,17,16384,339.386,16384,0,0,1
opt_integer_mac,l1_signed16_n1024,circuit_z,17,16384,338.529,16384,0,0,1
opt_integer_mac,l1_signed16_n1024,products4,17,16384,332.822,16384,0,0,1
opt_integer_mac,l1_signed16_n1024,incumbent,17,16384,333.341,16384,0,0,1
opt_integer_mac,l1_signed16_n1024,products2,17,16384,331.289,16384,0,0,1
opt_integer_mac,l1_signed16_n1024,products2,18,16384,335.915,16384,0,0,1
opt_integer_mac,l1_signed16_n1024,circuit_z,18,16384,333.809,16384,0,0,1
opt_integer_mac,l1_signed16_n1024,incumbent,18,16384,331.800,16384,0,0,1
opt_integer_mac,l1_signed16_n1024,deferred_columns,18,16384,335.050,16384,0,0,1
opt_integer_mac,l1_signed16_n1024,products4,18,16384,356.773,16384,0,0,1
opt_integer_mac,l1_signed16_n1024,incumbent,19,16384,332.614,16384,0,0,1
opt_integer_mac,l1_signed16_n1024,deferred_columns,19,16384,329.903,16384,0,0,1
opt_integer_mac,l1_signed16_n1024,products4,19,16384,327.675,16384,0,0,1
opt_integer_mac,l1_signed16_n1024,circuit_z,19,16384,333.753,16384,0,0,1
opt_integer_mac,l1_signed16_n1024,products2,19,16384,341.133,16384,0,0,1
opt_integer_mac,l1_signed16_n1024,products4,20,16384,327.995,16384,0,0,1
opt_integer_mac,l1_signed16_n1024,deferred_columns,20,16384,332.586,16384,0,0,1
opt_integer_mac,l1_signed16_n1024,products2,20,16384,341.324,16384,0,0,1
opt_integer_mac,l1_signed16_n1024,circuit_z,20,16384,332.891,16384,0,0,1
opt_integer_mac,l1_signed16_n1024,incumbent,20,16384,335.462,16384,0,0,1
opt_integer_mac,l1_signed16_n1024,products2,21,16384,334.989,16384,0,0,1
opt_integer_mac,l1_signed16_n1024,products4,21,16384,338.186,16384,0,0,1
opt_integer_mac,l1_signed16_n1024,circuit_z,21,16384,333.791,16384,0,0,1
opt_integer_mac,l1_signed16_n1024,incumbent,21,16384,331.973,16384,0,0,1
opt_integer_mac,l1_signed16_n1024,deferred_columns,21,16384,346.713,16384,0,0,1
opt_integer_mac,l1_signed16_n1024,products4,22,16384,327.085,16384,0,0,1
opt_integer_mac,l1_signed16_n1024,circuit_z,22,16384,334.081,16384,0,0,1
opt_integer_mac,l1_signed16_n1024,deferred_columns,22,16384,333.682,16384,0,0,1
opt_integer_mac,l1_signed16_n1024,incumbent,22,16384,335.464,16384,0,0,1
opt_integer_mac,l1_signed16_n1024,products2,22,16384,335.327,16384,0,0,1
opt_integer_mac,l1_signed16_n1024,products4,23,16384,336.349,16384,0,0,1
opt_integer_mac,l1_signed16_n1024,products2,23,16384,330.704,16384,0,0,1
opt_integer_mac,l1_signed16_n1024,circuit_z,23,16384,338.188,16384,0,0,1
opt_integer_mac,l1_signed16_n1024,incumbent,23,16384,340.609,16384,0,0,1
opt_integer_mac,l1_signed16_n1024,deferred_columns,23,16384,338.031,16384,0,0,1
opt_integer_mac,l1_signed16_n1024,deferred_columns,24,16384,338.051,16384,0,0,1
opt_integer_mac,l1_signed16_n1024,products4,24,16384,351.064,16384,0,0,1
opt_integer_mac,l1_signed16_n1024,products2,24,16384,339.742,16384,0,0,1
opt_integer_mac,l1_signed16_n1024,circuit_z,24,16384,334.180,16384,0,0,1
opt_integer_mac,l1_signed16_n1024,incumbent,24,16384,334.895,16384,0,0,1
opt_integer_mac,l1_signed16_n1024,products4,25,16384,336.891,16384,0,0,1
opt_integer_mac,l1_signed16_n1024,circuit_z,25,16384,331.896,16384,0,0,1
opt_integer_mac,l1_signed16_n1024,incumbent,25,16384,337.425,16384,0,0,1
opt_integer_mac,l1_signed16_n1024,products2,25,16384,330.645,16384,0,0,1
opt_integer_mac,l1_signed16_n1024,deferred_columns,25,16384,348.040,16384,0,0,1
opt_integer_mac,l1_signed16_n1024,circuit_z,26,16384,335.528,16384,0,0,1
opt_integer_mac,l1_signed16_n1024,products4,26,16384,335.477,16384,0,0,1
opt_integer_mac,l1_signed16_n1024,products2,26,16384,336.212,16384,0,0,1
opt_integer_mac,l1_signed16_n1024,deferred_columns,26,16384,333.018,16384,0,0,1
opt_integer_mac,l1_signed16_n1024,incumbent,26,16384,340.932,16384,0,0,1
opt_integer_mac,l1_signed16_n1024,products4,27,16384,331.238,16384,0,0,1
opt_integer_mac,l1_signed16_n1024,products2,27,16384,347.946,16384,0,0,1
opt_integer_mac,l1_signed16_n1024,incumbent,27,16384,343.025,16384,0,0,1
opt_integer_mac,l1_signed16_n1024,circuit_z,27,16384,342.117,16384,0,0,1
opt_integer_mac,l1_signed16_n1024,deferred_columns,27,16384,336.957,16384,0,0,1
opt_integer_mac,l1_signed16_n1024,incumbent,28,16384,332.321,16384,0,0,1
opt_integer_mac,l1_signed16_n1024,circuit_z,28,16384,339.315,16384,0,0,1
opt_integer_mac,l1_signed16_n1024,products4,28,16384,331.154,16384,0,0,1
opt_integer_mac,l1_signed16_n1024,deferred_columns,28,16384,327.464,16384,0,0,1
opt_integer_mac,l1_signed16_n1024,products2,28,16384,343.773,16384,0,0,1
opt_integer_mac,l1_signed16_n1024,products4,29,16384,338.905,16384,0,0,1
opt_integer_mac,l1_signed16_n1024,circuit_z,29,16384,334.452,16384,0,0,1
opt_integer_mac,l1_signed16_n1024,incumbent,29,16384,329.770,16384,0,0,1
opt_integer_mac,l1_signed16_n1024,products2,29,16384,343.844,16384,0,0,1
opt_integer_mac,l1_signed16_n1024,deferred_columns,29,16384,331.904,16384,0,0,1
opt_integer_mac,l1_signed16_n1024,incumbent,30,16384,328.181,16384,0,0,1
opt_integer_mac,l1_signed16_n1024,circuit_z,30,16384,346.868,16384,0,0,1
opt_integer_mac,l1_signed16_n1024,deferred_columns,30,16384,337.387,16384,0,0,1
opt_integer_mac,l1_signed16_n1024,products4,30,16384,331.507,16384,0,0,1
opt_integer_mac,l1_signed16_n1024,products2,30,16384,330.582,16384,0,0,1
opt_integer_mac,l1_signed16_n1024,incumbent,31,16384,338.666,16384,0,0,1
opt_integer_mac,l1_signed16_n1024,products2,31,16384,334.864,16384,0,0,1
opt_integer_mac,l1_signed16_n1024,circuit_z,31,16384,335.787,16384,0,0,1
opt_integer_mac,l1_signed16_n1024,deferred_columns,31,16384,336.329,16384,0,0,1
opt_integer_mac,l1_signed16_n1024,products4,31,16384,352.226,16384,0,0,1
opt_integer_mac,l1_signed16_n1024,products2,32,16384,344.683,16384,0,0,1
opt_integer_mac,l1_signed16_n1024,deferred_columns,32,16384,345.558,16384,0,0,1
opt_integer_mac,l1_signed16_n1024,circuit_z,32,16384,338.875,16384,0,0,1
opt_integer_mac,l1_signed16_n1024,incumbent,32,16384,334.740,16384,0,0,1
opt_integer_mac,l1_signed16_n1024,products4,32,16384,340.602,16384,0,0,1
opt_integer_mac,l1_signed16_n1024,deferred_columns,33,16384,345.706,16384,0,0,1
opt_integer_mac,l1_signed16_n1024,incumbent,33,16384,360.433,16384,0,0,1
opt_integer_mac,l1_signed16_n1024,products2,33,16384,339.714,16384,0,0,1
opt_integer_mac,l1_signed16_n1024,circuit_z,33,16384,341.949,16384,0,0,1
opt_integer_mac,l1_signed16_n1024,products4,33,16384,341.886,16384,0,0,1
opt_integer_mac,l1_signed16_n1024,products4,34,16384,329.867,16384,0,0,1
opt_integer_mac,l1_signed16_n1024,incumbent,34,16384,335.976,16384,0,0,1
opt_integer_mac,l1_signed16_n1024,deferred_columns,34,16384,349.892,16384,0,0,1
opt_integer_mac,l1_signed16_n1024,products2,34,16384,335.373,16384,0,0,1
opt_integer_mac,l1_signed16_n1024,circuit_z,34,16384,339.793,16384,0,0,1
opt_integer_mac,l1_signed16_n1024,products4,35,16384,358.096,16384,0,0,1
opt_integer_mac,l1_signed16_n1024,deferred_columns,35,16384,333.995,16384,0,0,1
opt_integer_mac,l1_signed16_n1024,circuit_z,35,16384,338.448,16384,0,0,1
opt_integer_mac,l1_signed16_n1024,incumbent,35,16384,352.270,16384,0,0,1
opt_integer_mac,l1_signed16_n1024,products2,35,16384,336.909,16384,0,0,1
opt_integer_mac,l1_signed16_n1024,deferred_columns,36,16384,331.200,16384,0,0,1
opt_integer_mac,l1_signed16_n1024,products4,36,16384,332.787,16384,0,0,1
opt_integer_mac,l1_signed16_n1024,circuit_z,36,16384,363.345,16384,0,0,1
opt_integer_mac,l1_signed16_n1024,products2,36,16384,337.964,16384,0,0,1
opt_integer_mac,l1_signed16_n1024,incumbent,36,16384,345.680,16384,0,0,1
opt_integer_mac,l1_signed16_n1024,incumbent,37,16384,334.620,16384,0,0,1
opt_integer_mac,l1_signed16_n1024,circuit_z,37,16384,352.613,16384,0,0,1
opt_integer_mac,l1_signed16_n1024,deferred_columns,37,16384,330.571,16384,0,0,1
opt_integer_mac,l1_signed16_n1024,products2,37,16384,336.772,16384,0,0,1
opt_integer_mac,l1_signed16_n1024,products4,37,16384,328.084,16384,0,0,1
opt_integer_mac,l1_signed16_n1024,products2,38,16384,346.987,16384,0,0,1
opt_integer_mac,l1_signed16_n1024,incumbent,38,16384,330.884,16384,0,0,1
opt_integer_mac,l1_signed16_n1024,products4,38,16384,345.195,16384,0,0,1
opt_integer_mac,l1_signed16_n1024,deferred_columns,38,16384,353.274,16384,0,0,1
opt_integer_mac,l1_signed16_n1024,circuit_z,38,16384,335.940,16384,0,0,1
opt_integer_mac,l1_signed16_n1024,circuit_z,39,16384,337.692,16384,0,0,1
opt_integer_mac,l1_signed16_n1024,products4,39,16384,339.152,16384,0,0,1
opt_integer_mac,l1_signed16_n1024,products2,39,16384,343.852,16384,0,0,1
opt_integer_mac,l1_signed16_n1024,incumbent,39,16384,329.587,16384,0,0,1
opt_integer_mac,l1_signed16_n1024,deferred_columns,39,16384,339.572,16384,0,0,1
opt_integer_mac,l1_signed16_n1024,products2,40,16384,346.329,16384,0,0,1
opt_integer_mac,l1_signed16_n1024,deferred_columns,40,16384,334.328,16384,0,0,1
opt_integer_mac,l1_signed16_n1024,products4,40,16384,334.094,16384,0,0,1
opt_integer_mac,l1_signed16_n1024,incumbent,40,16384,353.554,16384,0,0,1
opt_integer_mac,l1_signed16_n1024,circuit_z,40,16384,336.281,16384,0,0,1
opt_integer_mac,l1_signed16_n1024,deferred_columns,41,16384,341.929,16384,0,0,1
opt_integer_mac,l1_signed16_n1024,circuit_z,41,16384,333.026,16384,0,0,1
opt_integer_mac,l1_signed16_n1024,products2,41,16384,377.385,16384,0,0,1
opt_integer_mac,l1_signed16_n1024,incumbent,41,16384,340.103,16384,0,0,1
opt_integer_mac,l1_signed16_n1024,products4,41,16384,334.890,16384,0,0,1
opt_integer_mac,l1_signed16_n1024,products2,42,16384,377.345,16384,0,0,1
opt_integer_mac,l1_signed16_n1024,incumbent,42,16384,341.120,16384,0,0,1
opt_integer_mac,l1_signed16_n1024,products4,42,16384,334.836,16384,0,0,1
opt_integer_mac,l1_signed16_n1024,circuit_z,42,16384,328.003,16384,0,0,1
opt_integer_mac,l1_signed16_n1024,deferred_columns,42,16384,334.844,16384,0,0,1
opt_integer_mac,l1_signed16_n1024,incumbent,43,16384,328.145,16384,0,0,1
opt_integer_mac,l1_signed16_n1024,products4,43,16384,335.149,16384,0,0,1
opt_integer_mac,l1_signed16_n1024,deferred_columns,43,16384,337.191,16384,0,0,1
opt_integer_mac,l1_signed16_n1024,products2,43,16384,335.264,16384,0,0,1
opt_integer_mac,l1_signed16_n1024,circuit_z,43,16384,337.697,16384,0,0,1
opt_integer_mac,l1_signed16_n1024,products2,44,16384,332.647,16384,0,0,1
opt_integer_mac,l1_signed16_n1024,products4,44,16384,333.616,16384,0,0,1
opt_integer_mac,l1_signed16_n1024,incumbent,44,16384,329.773,16384,0,0,1
opt_integer_mac,l1_signed16_n1024,circuit_z,44,16384,331.904,16384,0,0,1
opt_integer_mac,l1_signed16_n1024,deferred_columns,44,16384,334.335,16384,0,0,1
opt_integer_mac,l1_signed16_n1024,incumbent,45,16384,342.840,16384,0,0,1
opt_integer_mac,l1_signed16_n1024,circuit_z,45,16384,330.432,16384,0,0,1
opt_integer_mac,l1_signed16_n1024,products4,45,16384,328.794,16384,0,0,1
opt_integer_mac,l1_signed16_n1024,deferred_columns,45,16384,336.665,16384,0,0,1
opt_integer_mac,l1_signed16_n1024,products2,45,16384,330.559,16384,0,0,1
opt_integer_mac,l1_signed16_n1024,products4,46,16384,332.336,16384,0,0,1
opt_integer_mac,l1_signed16_n1024,circuit_z,46,16384,340.953,16384,0,0,1
opt_integer_mac,l1_signed16_n1024,deferred_columns,46,16384,332.329,16384,0,0,1
opt_integer_mac,l1_signed16_n1024,incumbent,46,16384,331.650,16384,0,0,1
opt_integer_mac,l1_signed16_n1024,products2,46,16384,346.214,16384,0,0,1
opt_integer_mac,l1_signed16_n1024,products4,47,16384,328.415,16384,0,0,1
opt_integer_mac,l1_signed16_n1024,incumbent,47,16384,335.543,16384,0,0,1
opt_integer_mac,l1_signed16_n1024,circuit_z,47,16384,338.572,16384,0,0,1
opt_integer_mac,l1_signed16_n1024,products2,47,16384,345.144,16384,0,0,1
opt_integer_mac,l1_signed16_n1024,deferred_columns,47,16384,331.057,16384,0,0,1
opt_integer_mac,l1_signed16_n1024,products4,48,16384,327.601,16384,0,0,1
opt_integer_mac,l1_signed16_n1024,circuit_z,48,16384,333.817,16384,0,0,1
opt_integer_mac,l1_signed16_n1024,deferred_columns,48,16384,329.142,16384,0,0,1
opt_integer_mac,l1_signed16_n1024,products2,48,16384,342.878,16384,0,0,1
opt_integer_mac,l1_signed16_n1024,incumbent,48,16384,340.141,16384,0,0,1
opt_integer_mac,l1_signed16_n1024,incumbent,49,16384,336.594,16384,0,0,1
opt_integer_mac,l1_signed16_n1024,products4,49,16384,330.605,16384,0,0,1
opt_integer_mac,l1_signed16_n1024,deferred_columns,49,16384,334.699,16384,0,0,1
opt_integer_mac,l1_signed16_n1024,products2,49,16384,333.155,16384,0,0,1
opt_integer_mac,l1_signed16_n1024,circuit_z,49,16384,341.459,16384,0,0,1
opt_integer_mac,l1_signed16_n1024,incumbent,50,16384,337.013,16384,0,0,1
opt_integer_mac,l1_signed16_n1024,products2,50,16384,332.972,16384,0,0,1
opt_integer_mac,l1_signed16_n1024,products4,50,16384,332.476,16384,0,0,1
opt_integer_mac,l1_signed16_n1024,deferred_columns,50,16384,339.498,16384,0,0,1
opt_integer_mac,l1_signed16_n1024,circuit_z,50,16384,334.818,16384,0,0,1
opt_integer_mac,l1_signed16_n1024,incumbent,51,16384,342.720,16384,0,0,1
opt_integer_mac,l1_signed16_n1024,products4,51,16384,332.034,16384,0,0,1
opt_integer_mac,l1_signed16_n1024,deferred_columns,51,16384,327.220,16384,0,0,1
opt_integer_mac,l1_signed16_n1024,products2,51,16384,339.635,16384,0,0,1
opt_integer_mac,l1_signed16_n1024,circuit_z,51,16384,327.525,16384,0,0,1
opt_integer_mac,l1_signed16_n1024,circuit_z,52,16384,327.507,16384,0,0,1
opt_integer_mac,l1_signed16_n1024,products4,52,16384,334.559,16384,0,0,1
opt_integer_mac,l1_signed16_n1024,deferred_columns,52,16384,336.009,16384,0,0,1
opt_integer_mac,l1_signed16_n1024,incumbent,52,16384,332.652,16384,0,0,1
opt_integer_mac,l1_signed16_n1024,products2,52,16384,334.567,16384,0,0,1
opt_integer_mac,l1_signed16_n1024,deferred_columns,53,16384,340.752,16384,0,0,1
opt_integer_mac,l1_signed16_n1024,products4,53,16384,340.978,16384,0,0,1
opt_integer_mac,l1_signed16_n1024,incumbent,53,16384,336.904,16384,0,0,1
opt_integer_mac,l1_signed16_n1024,circuit_z,53,16384,338.148,16384,0,0,1
opt_integer_mac,l1_signed16_n1024,products2,53,16384,334.518,16384,0,0,1
opt_integer_mac,l1_signed16_n1024,circuit_z,54,16384,327.184,16384,0,0,1
opt_integer_mac,l1_signed16_n1024,products2,54,16384,338.847,16384,0,0,1
opt_integer_mac,l1_signed16_n1024,incumbent,54,16384,329.119,16384,0,0,1
opt_integer_mac,l1_signed16_n1024,deferred_columns,54,16384,333.595,16384,0,0,1
opt_integer_mac,l1_signed16_n1024,products4,54,16384,328.751,16384,0,0,1
opt_integer_mac,l1_signed16_n1024,products2,55,16384,340.721,16384,0,0,1
opt_integer_mac,l1_signed16_n1024,deferred_columns,55,16384,331.014,16384,0,0,1
opt_integer_mac,l1_signed16_n1024,incumbent,55,16384,336.441,16384,0,0,1
opt_integer_mac,l1_signed16_n1024,products4,55,16384,332.408,16384,0,0,1
opt_integer_mac,l1_signed16_n1024,circuit_z,55,16384,333.082,16384,0,0,1
opt_integer_mac,l1_signed16_n1024,products4,56,16384,342.611,16384,0,0,1
opt_integer_mac,l1_signed16_n1024,deferred_columns,56,16384,327.133,16384,0,0,1
opt_integer_mac,l1_signed16_n1024,incumbent,56,16384,331.884,16384,0,0,1
opt_integer_mac,l1_signed16_n1024,circuit_z,56,16384,342.003,16384,0,0,1
opt_integer_mac,l1_signed16_n1024,products2,56,16384,339.114,16384,0,0,1
opt_integer_mac,l1_signed16_n1024,products2,57,16384,335.134,16384,0,0,1
opt_integer_mac,l1_signed16_n1024,products4,57,16384,338.595,16384,0,0,1
opt_integer_mac,l1_signed16_n1024,incumbent,57,16384,337.057,16384,0,0,1
opt_integer_mac,l1_signed16_n1024,circuit_z,57,16384,338.580,16384,0,0,1
opt_integer_mac,l1_signed16_n1024,deferred_columns,57,16384,337.189,16384,0,0,1
opt_integer_mac,l1_signed16_n1024,products2,58,16384,341.955,16384,0,0,1
opt_integer_mac,l1_signed16_n1024,products4,58,16384,334.518,16384,0,0,1
opt_integer_mac,l1_signed16_n1024,deferred_columns,58,16384,353.826,16384,0,0,1
opt_integer_mac,l1_signed16_n1024,circuit_z,58,16384,336.594,16384,0,0,1
opt_integer_mac,l1_signed16_n1024,incumbent,58,16384,331.660,16384,0,0,1
opt_integer_mac,l1_signed16_n1024,circuit_z,59,16384,334.816,16384,0,0,1
opt_integer_mac,l1_signed16_n1024,products4,59,16384,331.744,16384,0,0,1
opt_integer_mac,l1_signed16_n1024,incumbent,59,16384,331.106,16384,0,0,1
opt_integer_mac,l1_signed16_n1024,products2,59,16384,343.318,16384,0,0,1
opt_integer_mac,l1_signed16_n1024,deferred_columns,59,16384,328.140,16384,0,0,1
opt_integer_mac,l1_signed16_n1024,products4,60,16384,333.110,16384,0,0,1
opt_integer_mac,l1_signed16_n1024,incumbent,60,16384,331.830,16384,0,0,1
opt_integer_mac,l1_signed16_n1024,circuit_z,60,16384,334.732,16384,0,0,1
opt_integer_mac,l1_signed16_n1024,products2,60,16384,330.498,16384,0,0,1
opt_integer_mac,l1_signed16_n1024,deferred_columns,60,16384,340.792,16384,0,0,1
opt_integer_mac,l1_signed16_n1024,circuit_z,61,16384,331.698,16384,0,0,1
opt_integer_mac,l1_signed16_n1024,products4,61,16384,332.987,16384,0,0,1
opt_integer_mac,l1_signed16_n1024,incumbent,61,16384,333.519,16384,0,0,1
opt_integer_mac,l1_signed16_n1024,products2,61,16384,330.251,16384,0,0,1
opt_integer_mac,l1_signed16_n1024,deferred_columns,61,16384,331.266,16384,0,0,1
opt_integer_mac,l1_signed16_n1024,products4,62,16384,333.481,16384,0,0,1
opt_integer_mac,l1_signed16_n1024,products2,62,16384,378.199,16384,0,0,1
opt_integer_mac,l1_signed16_n1024,circuit_z,62,16384,344.991,16384,0,0,1
opt_integer_mac,l1_signed16_n1024,incumbent,62,16384,345.439,16384,0,0,1
opt_integer_mac,l1_signed16_n1024,deferred_columns,62,16384,328.273,16384,0,0,1
opt_integer_mac,l1_signed16_n1024,products4,63,16384,333.272,16384,0,0,1
opt_integer_mac,l1_signed16_n1024,deferred_columns,63,16384,327.538,16384,0,0,1
opt_integer_mac,l1_signed16_n1024,circuit_z,63,16384,334.666,16384,0,0,1
opt_integer_mac,l1_signed16_n1024,products2,63,16384,337.367,16384,0,0,1
opt_integer_mac,l1_signed16_n1024,incumbent,63,16384,337.519,16384,0,0,1
opt_integer_mac,l1_full_n1024,products2,0,16384,345.149,16384,0,0,1
opt_integer_mac,l1_full_n1024,circuit_z,0,16384,330.190,16384,0,0,1
opt_integer_mac,l1_full_n1024,incumbent,0,16384,339.366,16384,0,0,1
opt_integer_mac,l1_full_n1024,deferred_columns,0,16384,335.627,16384,0,0,1
opt_integer_mac,l1_full_n1024,products4,0,16384,330.424,16384,0,0,1
opt_integer_mac,l1_full_n1024,products2,1,16384,340.246,16384,0,0,1
opt_integer_mac,l1_full_n1024,products4,1,16384,332.792,16384,0,0,1
opt_integer_mac,l1_full_n1024,circuit_z,1,16384,348.729,16384,0,0,1
opt_integer_mac,l1_full_n1024,deferred_columns,1,16384,329.661,16384,0,0,1
opt_integer_mac,l1_full_n1024,incumbent,1,16384,333.158,16384,0,0,1
opt_integer_mac,l1_full_n1024,incumbent,2,16384,330.577,16384,0,0,1
opt_integer_mac,l1_full_n1024,products2,2,16384,338.089,16384,0,0,1
opt_integer_mac,l1_full_n1024,deferred_columns,2,16384,340.825,16384,0,0,1
opt_integer_mac,l1_full_n1024,products4,2,16384,333.112,16384,0,0,1
opt_integer_mac,l1_full_n1024,circuit_z,2,16384,333.132,16384,0,0,1
opt_integer_mac,l1_full_n1024,circuit_z,3,16384,327.876,16384,0,0,1
opt_integer_mac,l1_full_n1024,products4,3,16384,331.690,16384,0,0,1
opt_integer_mac,l1_full_n1024,incumbent,3,16384,336.627,16384,0,0,1
opt_integer_mac,l1_full_n1024,deferred_columns,3,16384,340.925,16384,0,0,1
opt_integer_mac,l1_full_n1024,products2,3,16384,347.992,16384,0,0,1
opt_integer_mac,l1_full_n1024,incumbent,4,16384,331.690,16384,0,0,1
opt_integer_mac,l1_full_n1024,products4,4,16384,337.329,16384,0,0,1
opt_integer_mac,l1_full_n1024,products2,4,16384,343.346,16384,0,0,1
opt_integer_mac,l1_full_n1024,circuit_z,4,16384,332.982,16384,0,0,1
opt_integer_mac,l1_full_n1024,deferred_columns,4,16384,330.694,16384,0,0,1
opt_integer_mac,l1_full_n1024,circuit_z,5,16384,337.102,16384,0,0,1
opt_integer_mac,l1_full_n1024,products2,5,16384,340.322,16384,0,0,1
opt_integer_mac,l1_full_n1024,deferred_columns,5,16384,327.367,16384,0,0,1
opt_integer_mac,l1_full_n1024,products4,5,16384,331.228,16384,0,0,1
opt_integer_mac,l1_full_n1024,incumbent,5,16384,331.500,16384,0,0,1
opt_integer_mac,l1_full_n1024,products2,6,16384,358.180,16384,0,0,1
opt_integer_mac,l1_full_n1024,products4,6,16384,343.742,16384,0,0,1
opt_integer_mac,l1_full_n1024,circuit_z,6,16384,335.164,16384,0,0,1
opt_integer_mac,l1_full_n1024,incumbent,6,16384,339.284,16384,0,0,1
opt_integer_mac,l1_full_n1024,deferred_columns,6,16384,330.991,16384,0,0,1
opt_integer_mac,l1_full_n1024,deferred_columns,7,16384,346.029,16384,0,0,1
opt_integer_mac,l1_full_n1024,products2,7,16384,336.632,16384,0,0,1
opt_integer_mac,l1_full_n1024,products4,7,16384,335.424,16384,0,0,1
opt_integer_mac,l1_full_n1024,circuit_z,7,16384,345.011,16384,0,0,1
opt_integer_mac,l1_full_n1024,incumbent,7,16384,329.847,16384,0,0,1
opt_integer_mac,l1_full_n1024,products2,8,16384,340.795,16384,0,0,1
opt_integer_mac,l1_full_n1024,circuit_z,8,16384,332.677,16384,0,0,1
opt_integer_mac,l1_full_n1024,deferred_columns,8,16384,335.706,16384,0,0,1
opt_integer_mac,l1_full_n1024,products4,8,16384,332.377,16384,0,0,1
opt_integer_mac,l1_full_n1024,incumbent,8,16384,348.269,16384,0,0,1
opt_integer_mac,l1_full_n1024,circuit_z,9,16384,337.730,16384,0,0,1
opt_integer_mac,l1_full_n1024,products4,9,16384,332.189,16384,0,0,1
opt_integer_mac,l1_full_n1024,products2,9,16384,332.815,16384,0,0,1
opt_integer_mac,l1_full_n1024,incumbent,9,16384,338.982,16384,0,0,1
opt_integer_mac,l1_full_n1024,deferred_columns,9,16384,327.184,16384,0,0,1
opt_integer_mac,l1_full_n1024,deferred_columns,10,16384,340.167,16384,0,0,1
opt_integer_mac,l1_full_n1024,circuit_z,10,16384,332.751,16384,0,0,1
opt_integer_mac,l1_full_n1024,incumbent,10,16384,336.995,16384,0,0,1
opt_integer_mac,l1_full_n1024,products2,10,16384,338.661,16384,0,0,1
opt_integer_mac,l1_full_n1024,products4,10,16384,334.076,16384,0,0,1
opt_integer_mac,l1_full_n1024,deferred_columns,11,16384,329.829,16384,0,0,1
opt_integer_mac,l1_full_n1024,incumbent,11,16384,343.778,16384,0,0,1
opt_integer_mac,l1_full_n1024,products4,11,16384,334.234,16384,0,0,1
opt_integer_mac,l1_full_n1024,circuit_z,11,16384,326.874,16384,0,0,1
opt_integer_mac,l1_full_n1024,products2,11,16384,341.418,16384,0,0,1
opt_integer_mac,l1_full_n1024,products2,12,16384,342.112,16384,0,0,1
opt_integer_mac,l1_full_n1024,incumbent,12,16384,334.457,16384,0,0,1
opt_integer_mac,l1_full_n1024,deferred_columns,12,16384,349.459,16384,0,0,1
opt_integer_mac,l1_full_n1024,products4,12,16384,332.052,16384,0,0,1
opt_integer_mac,l1_full_n1024,circuit_z,12,16384,330.027,16384,0,0,1
opt_integer_mac,l1_full_n1024,circuit_z,13,16384,331.909,16384,0,0,1
opt_integer_mac,l1_full_n1024,products2,13,16384,334.841,16384,0,0,1
opt_integer_mac,l1_full_n1024,products4,13,16384,332.888,16384,0,0,1
opt_integer_mac,l1_full_n1024,incumbent,13,16384,365.082,16384,0,0,1
opt_integer_mac,l1_full_n1024,deferred_columns,13,16384,378.164,16384,0,0,1
opt_integer_mac,l1_full_n1024,products4,14,16384,334.785,16384,0,0,1
opt_integer_mac,l1_full_n1024,incumbent,14,16384,329.094,16384,0,0,1
opt_integer_mac,l1_full_n1024,circuit_z,14,16384,331.833,16384,0,0,1
opt_integer_mac,l1_full_n1024,products2,14,16384,338.381,16384,0,0,1
opt_integer_mac,l1_full_n1024,deferred_columns,14,16384,345.327,16384,0,0,1
opt_integer_mac,l1_full_n1024,circuit_z,15,16384,327.944,16384,0,0,1
opt_integer_mac,l1_full_n1024,incumbent,15,16384,335.037,16384,0,0,1
opt_integer_mac,l1_full_n1024,deferred_columns,15,16384,331.334,16384,0,0,1
opt_integer_mac,l1_full_n1024,products2,15,16384,340.518,16384,0,0,1
opt_integer_mac,l1_full_n1024,products4,15,16384,331.263,16384,0,0,1
opt_integer_mac,l1_full_n1024,products4,16,16384,345.388,16384,0,0,1
opt_integer_mac,l1_full_n1024,circuit_z,16,16384,332.703,16384,0,0,1
opt_integer_mac,l1_full_n1024,deferred_columns,16,16384,332.537,16384,0,0,1
opt_integer_mac,l1_full_n1024,products2,16,16384,338.239,16384,0,0,1
opt_integer_mac,l1_full_n1024,incumbent,16,16384,333.214,16384,0,0,1
opt_integer_mac,l1_full_n1024,deferred_columns,17,16384,333.687,16384,0,0,1
opt_integer_mac,l1_full_n1024,incumbent,17,16384,346.288,16384,0,0,1
opt_integer_mac,l1_full_n1024,products4,17,16384,337.201,16384,0,0,1
opt_integer_mac,l1_full_n1024,products2,17,16384,334.752,16384,0,0,1
opt_integer_mac,l1_full_n1024,circuit_z,17,16384,335.459,16384,0,0,1
opt_integer_mac,l1_full_n1024,products4,18,16384,332.563,16384,0,0,1
opt_integer_mac,l1_full_n1024,products2,18,16384,336.606,16384,0,0,1
opt_integer_mac,l1_full_n1024,deferred_columns,18,16384,345.731,16384,0,0,1
opt_integer_mac,l1_full_n1024,incumbent,18,16384,336.583,16384,0,0,1
opt_integer_mac,l1_full_n1024,circuit_z,18,16384,330.208,16384,0,0,1
opt_integer_mac,l1_full_n1024,incumbent,19,16384,335.551,16384,0,0,1
opt_integer_mac,l1_full_n1024,products2,19,16384,339.109,16384,0,0,1
opt_integer_mac,l1_full_n1024,circuit_z,19,16384,331.380,16384,0,0,1
opt_integer_mac,l1_full_n1024,products4,19,16384,342.880,16384,0,0,1
opt_integer_mac,l1_full_n1024,deferred_columns,19,16384,340.960,16384,0,0,1
opt_integer_mac,l1_full_n1024,circuit_z,20,16384,335.141,16384,0,0,1
opt_integer_mac,l1_full_n1024,products4,20,16384,335.609,16384,0,0,1
opt_integer_mac,l1_full_n1024,deferred_columns,20,16384,333.049,16384,0,0,1
opt_integer_mac,l1_full_n1024,products2,20,16384,338.595,16384,0,0,1
opt_integer_mac,l1_full_n1024,incumbent,20,16384,341.207,16384,0,0,1
opt_integer_mac,l1_full_n1024,circuit_z,21,16384,327.530,16384,0,0,1
opt_integer_mac,l1_full_n1024,deferred_columns,21,16384,330.869,16384,0,0,1
opt_integer_mac,l1_full_n1024,products4,21,16384,338.343,16384,0,0,1
opt_integer_mac,l1_full_n1024,incumbent,21,16384,336.917,16384,0,0,1
opt_integer_mac,l1_full_n1024,products2,21,16384,339.338,16384,0,0,1
opt_integer_mac,l1_full_n1024,deferred_columns,22,16384,340.874,16384,0,0,1
opt_integer_mac,l1_full_n1024,circuit_z,22,16384,327.891,16384,0,0,1
opt_integer_mac,l1_full_n1024,incumbent,22,16384,332.385,16384,0,0,1
opt_integer_mac,l1_full_n1024,products2,22,16384,339.434,16384,0,0,1
opt_integer_mac,l1_full_n1024,products4,22,16384,338.674,16384,0,0,1
opt_integer_mac,l1_full_n1024,incumbent,23,16384,328.677,16384,0,0,1
opt_integer_mac,l1_full_n1024,products2,23,16384,345.731,16384,0,0,1
opt_integer_mac,l1_full_n1024,circuit_z,23,16384,329.180,16384,0,0,1
opt_integer_mac,l1_full_n1024,products4,23,16384,331.172,16384,0,0,1
opt_integer_mac,l1_full_n1024,deferred_columns,23,16384,332.481,16384,0,0,1
opt_integer_mac,l1_full_n1024,circuit_z,24,16384,334.630,16384,0,0,1
opt_integer_mac,l1_full_n1024,products2,24,16384,335.134,16384,0,0,1
opt_integer_mac,l1_full_n1024,incumbent,24,16384,339.302,16384,0,0,1
opt_integer_mac,l1_full_n1024,products4,24,16384,347.371,16384,0,0,1
opt_integer_mac,l1_full_n1024,deferred_columns,24,16384,327.822,16384,0,0,1
opt_integer_mac,l1_full_n1024,deferred_columns,25,16384,336.210,16384,0,0,1
opt_integer_mac,l1_full_n1024,circuit_z,25,16384,327.400,16384,0,0,1
opt_integer_mac,l1_full_n1024,products2,25,16384,339.528,16384,0,0,1
opt_integer_mac,l1_full_n1024,incumbent,25,16384,332.199,16384,0,0,1
opt_integer_mac,l1_full_n1024,products4,25,16384,351.913,16384,0,0,1
opt_integer_mac,l1_full_n1024,incumbent,26,16384,329.961,16384,0,0,1
opt_integer_mac,l1_full_n1024,circuit_z,26,16384,337.105,16384,0,0,1
opt_integer_mac,l1_full_n1024,products4,26,16384,331.741,16384,0,0,1
opt_integer_mac,l1_full_n1024,products2,26,16384,340.846,16384,0,0,1
opt_integer_mac,l1_full_n1024,deferred_columns,26,16384,327.601,16384,0,0,1
opt_integer_mac,l1_full_n1024,products4,27,16384,342.061,16384,0,0,1
opt_integer_mac,l1_full_n1024,incumbent,27,16384,333.204,16384,0,0,1
opt_integer_mac,l1_full_n1024,products2,27,16384,344.409,16384,0,0,1
opt_integer_mac,l1_full_n1024,deferred_columns,27,16384,336.670,16384,0,0,1
opt_integer_mac,l1_full_n1024,circuit_z,27,16384,337.654,16384,0,0,1
opt_integer_mac,l1_full_n1024,incumbent,28,16384,331.879,16384,0,0,1
opt_integer_mac,l1_full_n1024,products4,28,16384,336.764,16384,0,0,1
opt_integer_mac,l1_full_n1024,products2,28,16384,334.623,16384,0,0,1
opt_integer_mac,l1_full_n1024,circuit_z,28,16384,330.839,16384,0,0,1
opt_integer_mac,l1_full_n1024,deferred_columns,28,16384,337.247,16384,0,0,1
opt_integer_mac,l1_full_n1024,circuit_z,29,16384,340.736,16384,0,0,1
opt_integer_mac,l1_full_n1024,deferred_columns,29,16384,331.538,16384,0,0,1
opt_integer_mac,l1_full_n1024,products4,29,16384,332.695,16384,0,0,1
opt_integer_mac,l1_full_n1024,products2,29,16384,335.762,16384,0,0,1
opt_integer_mac,l1_full_n1024,incumbent,29,16384,331.182,16384,0,0,1
opt_integer_mac,l1_full_n1024,circuit_z,30,16384,345.444,16384,0,0,1
opt_integer_mac,l1_full_n1024,products4,30,16384,337.507,16384,0,0,1
opt_integer_mac,l1_full_n1024,incumbent,30,16384,333.087,16384,0,0,1
opt_integer_mac,l1_full_n1024,products2,30,16384,334.468,16384,0,0,1
opt_integer_mac,l1_full_n1024,deferred_columns,30,16384,337.730,16384,0,0,1
opt_integer_mac,l1_full_n1024,incumbent,31,16384,328.580,16384,0,0,1
opt_integer_mac,l1_full_n1024,products2,31,16384,347.407,16384,0,0,1
opt_integer_mac,l1_full_n1024,deferred_columns,31,16384,327.271,16384,0,0,1
opt_integer_mac,l1_full_n1024,products4,31,16384,332.092,16384,0,0,1
opt_integer_mac,l1_full_n1024,circuit_z,31,16384,327.853,16384,0,0,1
opt_integer_mac,l1_full_n1024,deferred_columns,32,16384,332.914,16384,0,0,1
opt_integer_mac,l1_full_n1024,circuit_z,32,16384,330.813,16384,0,0,1
opt_integer_mac,l1_full_n1024,products4,32,16384,340.782,16384,0,0,1
opt_integer_mac,l1_full_n1024,incumbent,32,16384,329.020,16384,0,0,1
opt_integer_mac,l1_full_n1024,products2,32,16384,357.229,16384,0,0,1
opt_integer_mac,l1_full_n1024,products2,33,16384,337.481,16384,0,0,1
opt_integer_mac,l1_full_n1024,deferred_columns,33,16384,329.793,16384,0,0,1
opt_integer_mac,l1_full_n1024,incumbent,33,16384,333.160,16384,0,0,1
opt_integer_mac,l1_full_n1024,circuit_z,33,16384,327.403,16384,0,0,1
opt_integer_mac,l1_full_n1024,products4,33,16384,333.132,16384,0,0,1
opt_integer_mac,l1_full_n1024,circuit_z,34,16384,335.533,16384,0,0,1
opt_integer_mac,l1_full_n1024,products4,34,16384,331.846,16384,0,0,1
opt_integer_mac,l1_full_n1024,incumbent,34,16384,336.197,16384,0,0,1
opt_integer_mac,l1_full_n1024,products2,34,16384,332.141,16384,0,0,1
opt_integer_mac,l1_full_n1024,deferred_columns,34,16384,333.944,16384,0,0,1
opt_integer_mac,l1_full_n1024,incumbent,35,16384,328.425,16384,0,0,1
opt_integer_mac,l1_full_n1024,deferred_columns,35,16384,332.255,16384,0,0,1
opt_integer_mac,l1_full_n1024,products4,35,16384,327.601,16384,0,0,1
opt_integer_mac,l1_full_n1024,circuit_z,35,16384,334.994,16384,0,0,1
opt_integer_mac,l1_full_n1024,products2,35,16384,334.363,16384,0,0,1
opt_integer_mac,l1_full_n1024,products4,36,16384,340.907,16384,0,0,1
opt_integer_mac,l1_full_n1024,circuit_z,36,16384,341.042,16384,0,0,1
opt_integer_mac,l1_full_n1024,deferred_columns,36,16384,328.316,16384,0,0,1
opt_integer_mac,l1_full_n1024,products2,36,16384,339.518,16384,0,0,1
opt_integer_mac,l1_full_n1024,incumbent,36,16384,334.419,16384,0,0,1
opt_integer_mac,l1_full_n1024,products4,37,16384,334.267,16384,0,0,1
opt_integer_mac,l1_full_n1024,circuit_z,37,16384,327.423,16384,0,0,1
opt_integer_mac,l1_full_n1024,products2,37,16384,334.613,16384,0,0,1
opt_integer_mac,l1_full_n1024,incumbent,37,16384,328.425,16384,0,0,1
opt_integer_mac,l1_full_n1024,deferred_columns,37,16384,333.814,16384,0,0,1
opt_integer_mac,l1_full_n1024,products4,38,16384,335.528,16384,0,0,1
opt_integer_mac,l1_full_n1024,deferred_columns,38,16384,331.815,16384,0,0,1
opt_integer_mac,l1_full_n1024,incumbent,38,16384,340.243,16384,0,0,1
opt_integer_mac,l1_full_n1024,circuit_z,38,16384,340.088,16384,0,0,1
opt_integer_mac,l1_full_n1024,products2,38,16384,336.995,16384,0,0,1
opt_integer_mac,l1_full_n1024,incumbent,39,16384,346.179,16384,0,0,1
opt_integer_mac,l1_full_n1024,products4,39,16384,337.481,16384,0,0,1
opt_integer_mac,l1_full_n1024,deferred_columns,39,16384,332.616,16384,0,0,1
opt_integer_mac,l1_full_n1024,circuit_z,39,16384,339.592,16384,0,0,1
opt_integer_mac,l1_full_n1024,products2,39,16384,333.056,16384,0,0,1
opt_integer_mac,l1_full_n1024,products4,40,16384,331.841,16384,0,0,1
opt_integer_mac,l1_full_n1024,incumbent,40,16384,352.234,16384,0,0,1
opt_integer_mac,l1_full_n1024,circuit_z,40,16384,336.772,16384,0,0,1
opt_integer_mac,l1_full_n1024,deferred_columns,40,16384,327.443,16384,0,0,1
opt_integer_mac,l1_full_n1024,products2,40,16384,341.975,16384,0,0,1
opt_integer_mac,l1_full_n1024,products4,41,16384,337.512,16384,0,0,1
opt_integer_mac,l1_full_n1024,incumbent,41,16384,331.785,16384,0,0,1
opt_integer_mac,l1_full_n1024,deferred_columns,41,16384,342.628,16384,0,0,1
opt_integer_mac,l1_full_n1024,products2,41,16384,333.453,16384,0,0,1
opt_integer_mac,l1_full_n1024,circuit_z,41,16384,332.486,16384,0,0,1
opt_integer_mac,l1_full_n1024,incumbent,42,16384,337.908,16384,0,0,1
opt_integer_mac,l1_full_n1024,products2,42,16384,343.857,16384,0,0,1
opt_integer_mac,l1_full_n1024,deferred_columns,42,16384,336.438,16384,0,0,1
opt_integer_mac,l1_full_n1024,circuit_z,42,16384,344.869,16384,0,0,1
opt_integer_mac,l1_full_n1024,products4,42,16384,327.833,16384,0,0,1
opt_integer_mac,l1_full_n1024,circuit_z,43,16384,330.984,16384,0,0,1
opt_integer_mac,l1_full_n1024,deferred_columns,43,16384,336.026,16384,0,0,1
opt_integer_mac,l1_full_n1024,products2,43,16384,338.432,16384,0,0,1
opt_integer_mac,l1_full_n1024,products4,43,16384,331.576,16384,0,0,1
opt_integer_mac,l1_full_n1024,incumbent,43,16384,350.133,16384,0,0,1
opt_integer_mac,l1_full_n1024,products2,44,16384,337.171,16384,0,0,1
opt_integer_mac,l1_full_n1024,deferred_columns,44,16384,336.929,16384,0,0,1
opt_integer_mac,l1_full_n1024,products4,44,16384,332.166,16384,0,0,1
opt_integer_mac,l1_full_n1024,incumbent,44,16384,330.485,16384,0,0,1
opt_integer_mac,l1_full_n1024,circuit_z,44,16384,332.146,16384,0,0,1
opt_integer_mac,l1_full_n1024,incumbent,45,16384,335.391,16384,0,0,1
opt_integer_mac,l1_full_n1024,deferred_columns,45,16384,341.042,16384,0,0,1
opt_integer_mac,l1_full_n1024,products4,45,16384,333.168,16384,0,0,1
opt_integer_mac,l1_full_n1024,circuit_z,45,16384,336.851,16384,0,0,1
opt_integer_mac,l1_full_n1024,products2,45,16384,336.227,16384,0,0,1
opt_integer_mac,l1_full_n1024,incumbent,46,16384,337.407,16384,0,0,1
opt_integer_mac,l1_full_n1024,products4,46,16384,345.256,16384,0,0,1
opt_integer_mac,l1_full_n1024,deferred_columns,46,16384,335.164,16384,0,0,1
opt_integer_mac,l1_full_n1024,circuit_z,46,16384,331.965,16384,0,0,1
opt_integer_mac,l1_full_n1024,products2,46,16384,332.057,16384,0,0,1
opt_integer_mac,l1_full_n1024,incumbent,47,16384,338.623,16384,0,0,1
opt_integer_mac,l1_full_n1024,deferred_columns,47,16384,329.839,16384,0,0,1
opt_integer_mac,l1_full_n1024,products2,47,16384,341.703,16384,0,0,1
opt_integer_mac,l1_full_n1024,products4,47,16384,342.504,16384,0,0,1
opt_integer_mac,l1_full_n1024,circuit_z,47,16384,333.160,16384,0,0,1
opt_integer_mac,l1_full_n1024,products2,48,16384,340.480,16384,0,0,1
opt_integer_mac,l1_full_n1024,incumbent,48,16384,341.125,16384,0,0,1
opt_integer_mac,l1_full_n1024,deferred_columns,48,16384,333.158,16384,0,0,1
opt_integer_mac,l1_full_n1024,products4,48,16384,342.969,16384,0,0,1
opt_integer_mac,l1_full_n1024,circuit_z,48,16384,326.942,16384,0,0,1
opt_integer_mac,l1_full_n1024,deferred_columns,49,16384,329.982,16384,0,0,1
opt_integer_mac,l1_full_n1024,products2,49,16384,342.982,16384,0,0,1
opt_integer_mac,l1_full_n1024,incumbent,49,16384,338.514,16384,0,0,1
opt_integer_mac,l1_full_n1024,circuit_z,49,16384,337.804,16384,0,0,1
opt_integer_mac,l1_full_n1024,products4,49,16384,332.179,16384,0,0,1
opt_integer_mac,l1_full_n1024,products4,50,16384,336.154,16384,0,0,1
opt_integer_mac,l1_full_n1024,circuit_z,50,16384,329.020,16384,0,0,1
opt_integer_mac,l1_full_n1024,products2,50,16384,340.950,16384,0,0,1
opt_integer_mac,l1_full_n1024,deferred_columns,50,16384,334.140,16384,0,0,1
opt_integer_mac,l1_full_n1024,incumbent,50,16384,334.635,16384,0,0,1
opt_integer_mac,l1_full_n1024,circuit_z,51,16384,342.616,16384,0,0,1
opt_integer_mac,l1_full_n1024,incumbent,51,16384,330.777,16384,0,0,1
opt_integer_mac,l1_full_n1024,deferred_columns,51,16384,331.469,16384,0,0,1
opt_integer_mac,l1_full_n1024,products4,51,16384,332.151,16384,0,0,1
opt_integer_mac,l1_full_n1024,products2,51,16384,336.001,16384,0,0,1
opt_integer_mac,l1_full_n1024,circuit_z,52,16384,329.559,16384,0,0,1
opt_integer_mac,l1_full_n1024,products2,52,16384,343.562,16384,0,0,1
opt_integer_mac,l1_full_n1024,incumbent,52,16384,329.969,16384,0,0,1
opt_integer_mac,l1_full_n1024,deferred_columns,52,16384,332.977,16384,0,0,1
opt_integer_mac,l1_full_n1024,products4,52,16384,327.866,16384,0,0,1
opt_integer_mac,l1_full_n1024,products4,53,16384,332.054,16384,0,0,1
opt_integer_mac,l1_full_n1024,products2,53,16384,333.768,16384,0,0,1
opt_integer_mac,l1_full_n1024,incumbent,53,16384,349.238,16384,0,0,1
opt_integer_mac,l1_full_n1024,circuit_z,53,16384,334.256,16384,0,0,1
opt_integer_mac,l1_full_n1024,deferred_columns,53,16384,328.700,16384,0,0,1
opt_integer_mac,l1_full_n1024,products4,54,16384,331.238,16384,0,0,1
opt_integer_mac,l1_full_n1024,circuit_z,54,16384,330.200,16384,0,0,1
opt_integer_mac,l1_full_n1024,deferred_columns,54,16384,335.592,16384,0,0,1
opt_integer_mac,l1_full_n1024,products2,54,16384,332.446,16384,0,0,1
opt_integer_mac,l1_full_n1024,incumbent,54,16384,330.856,16384,0,0,1
opt_integer_mac,l1_full_n1024,products2,55,16384,331.823,16384,0,0,1
opt_integer_mac,l1_full_n1024,circuit_z,55,16384,352.081,16384,0,0,1
opt_integer_mac,l1_full_n1024,incumbent,55,16384,341.769,16384,0,0,1
opt_integer_mac,l1_full_n1024,products4,55,16384,339.973,16384,0,0,1
opt_integer_mac,l1_full_n1024,deferred_columns,55,16384,334.717,16384,0,0,1
opt_integer_mac,l1_full_n1024,circuit_z,56,16384,329.966,16384,0,0,1
opt_integer_mac,l1_full_n1024,incumbent,56,16384,335.754,16384,0,0,1
opt_integer_mac,l1_full_n1024,products2,56,16384,341.784,16384,0,0,1
opt_integer_mac,l1_full_n1024,deferred_columns,56,16384,334.844,16384,0,0,1
opt_integer_mac,l1_full_n1024,products4,56,16384,350.733,16384,0,0,1
opt_integer_mac,l1_full_n1024,products4,57,16384,335.988,16384,0,0,1
opt_integer_mac,l1_full_n1024,products2,57,16384,336.713,16384,0,0,1
opt_integer_mac,l1_full_n1024,deferred_columns,57,16384,338.806,16384,0,0,1
opt_integer_mac,l1_full_n1024,incumbent,57,16384,345.233,16384,0,0,1
opt_integer_mac,l1_full_n1024,circuit_z,57,16384,341.855,16384,0,0,1
opt_integer_mac,l1_full_n1024,incumbent,58,16384,334.455,16384,0,0,1
opt_integer_mac,l1_full_n1024,circuit_z,58,16384,330.526,16384,0,0,1
opt_integer_mac,l1_full_n1024,products2,58,16384,352.641,16384,0,0,1
opt_integer_mac,l1_full_n1024,deferred_columns,58,16384,332.761,16384,0,0,1
opt_integer_mac,l1_full_n1024,products4,58,16384,332.095,16384,0,0,1
opt_integer_mac,l1_full_n1024,circuit_z,59,16384,339.190,16384,0,0,1
opt_integer_mac,l1_full_n1024,products2,59,16384,338.262,16384,0,0,1
opt_integer_mac,l1_full_n1024,products4,59,16384,336.629,16384,0,0,1
opt_integer_mac,l1_full_n1024,incumbent,59,16384,335.579,16384,0,0,1
opt_integer_mac,l1_full_n1024,deferred_columns,59,16384,330.126,16384,0,0,1
opt_integer_mac,l1_full_n1024,incumbent,60,16384,343.862,16384,0,0,1
opt_integer_mac,l1_full_n1024,products4,60,16384,331.861,16384,0,0,1
opt_integer_mac,l1_full_n1024,deferred_columns,60,16384,337.168,16384,0,0,1
opt_integer_mac,l1_full_n1024,products2,60,16384,344.131,16384,0,0,1
opt_integer_mac,l1_full_n1024,circuit_z,60,16384,342.926,16384,0,0,1
opt_integer_mac,l1_full_n1024,products4,61,16384,329.793,16384,0,0,1
opt_integer_mac,l1_full_n1024,circuit_z,61,16384,334.602,16384,0,0,1
opt_integer_mac,l1_full_n1024,incumbent,61,16384,343.468,16384,0,0,1
opt_integer_mac,l1_full_n1024,products2,61,16384,332.748,16384,0,0,1
opt_integer_mac,l1_full_n1024,deferred_columns,61,16384,335.851,16384,0,0,1
opt_integer_mac,l1_full_n1024,circuit_z,62,16384,342.766,16384,0,0,1
opt_integer_mac,l1_full_n1024,products2,62,16384,336.393,16384,0,0,1
opt_integer_mac,l1_full_n1024,products4,62,16384,338.997,16384,0,0,1
opt_integer_mac,l1_full_n1024,deferred_columns,62,16384,344.009,16384,0,0,1
opt_integer_mac,l1_full_n1024,incumbent,62,16384,328.018,16384,0,0,1
opt_integer_mac,l1_full_n1024,deferred_columns,63,16384,339.073,16384,0,0,1
opt_integer_mac,l1_full_n1024,circuit_z,63,16384,343.997,16384,0,0,1
opt_integer_mac,l1_full_n1024,incumbent,63,16384,327.835,16384,0,0,1
opt_integer_mac,l1_full_n1024,products4,63,16384,330.800,16384,0,0,1
opt_integer_mac,l1_full_n1024,products2,63,16384,343.778,16384,0,0,1
opt_integer_mac,l1_full_n65536,products2,0,256,21910.484,1048576,0,0,1
opt_integer_mac,l1_full_n65536,incumbent,0,256,20813.641,1048576,0,0,1
opt_integer_mac,l1_full_n65536,products4,0,256,21133.953,1048576,0,0,1
opt_integer_mac,l1_full_n65536,deferred_columns,0,256,21063.148,1048576,0,0,1
opt_integer_mac,l1_full_n65536,circuit_z,0,256,21300.945,1048576,0,0,1
opt_integer_mac,l1_full_n65536,incumbent,1,256,21217.773,1048576,0,0,1
opt_integer_mac,l1_full_n65536,products2,1,256,21162.438,1048576,0,0,1
opt_integer_mac,l1_full_n65536,circuit_z,1,256,22164.551,1048576,0,0,1
opt_integer_mac,l1_full_n65536,products4,1,256,21092.609,1048576,0,0,1
opt_integer_mac,l1_full_n65536,deferred_columns,1,256,20789.879,1048576,0,0,1
opt_integer_mac,l1_full_n65536,incumbent,2,256,22104.164,1048576,0,0,1
opt_integer_mac,l1_full_n65536,circuit_z,2,256,20938.641,1048576,0,0,1
opt_integer_mac,l1_full_n65536,products2,2,256,21110.840,1048576,0,0,1
opt_integer_mac,l1_full_n65536,products4,2,256,21043.945,1048576,0,0,1
opt_integer_mac,l1_full_n65536,deferred_columns,2,256,21415.527,1048576,0,0,1
opt_integer_mac,l1_full_n65536,incumbent,3,256,21442.055,1048576,0,0,1
opt_integer_mac,l1_full_n65536,circuit_z,3,256,21591.148,1048576,0,0,1
opt_integer_mac,l1_full_n65536,deferred_columns,3,256,21208.496,1048576,0,0,1
opt_integer_mac,l1_full_n65536,products2,3,256,21207.848,1048576,0,0,1
opt_integer_mac,l1_full_n65536,products4,3,256,21217.613,1048576,0,0,1
opt_integer_mac,l1_full_n65536,products4,4,256,21581.379,1048576,0,0,1
opt_integer_mac,l1_full_n65536,circuit_z,4,256,21026.043,1048576,0,0,1
opt_integer_mac,l1_full_n65536,products2,4,256,21353.191,1048576,0,0,1
opt_integer_mac,l1_full_n65536,deferred_columns,4,256,20728.191,1048576,0,0,1
opt_integer_mac,l1_full_n65536,incumbent,4,256,21142.418,1048576,0,0,1
opt_integer_mac,l1_full_n65536,circuit_z,5,256,21726.727,1048576,0,0,1
opt_integer_mac,l1_full_n65536,products2,5,256,21530.109,1048576,0,0,1
opt_integer_mac,l1_full_n65536,incumbent,5,256,21313.641,1048576,0,0,1
opt_integer_mac,l1_full_n65536,deferred_columns,5,256,21965.332,1048576,0,0,1
opt_integer_mac,l1_full_n65536,products4,5,256,20966.469,1048576,0,0,1
opt_integer_mac,l1_full_n65536,deferred_columns,6,256,20941.730,1048576,0,0,1
opt_integer_mac,l1_full_n65536,products4,6,256,21089.844,1048576,0,0,1
opt_integer_mac,l1_full_n65536,products2,6,256,20777.344,1048576,0,0,1
opt_integer_mac,l1_full_n65536,incumbent,6,256,21129.883,1048576,0,0,1
opt_integer_mac,l1_full_n65536,circuit_z,6,256,20754.719,1048576,0,0,1
opt_integer_mac,l1_full_n65536,incumbent,7,256,21887.371,1048576,0,0,1
opt_integer_mac,l1_full_n65536,circuit_z,7,256,21127.605,1048576,0,0,1
opt_integer_mac,l1_full_n65536,products4,7,256,21124.836,1048576,0,0,1
opt_integer_mac,l1_full_n65536,deferred_columns,7,256,20864.258,1048576,0,0,1
opt_integer_mac,l1_full_n65536,products2,7,256,21384.930,1048576,0,0,1
opt_integer_mac,l1_full_n65536,products2,8,256,20721.352,1048576,0,0,1
opt_integer_mac,l1_full_n65536,circuit_z,8,256,21152.344,1048576,0,0,1
opt_integer_mac,l1_full_n65536,products4,8,256,21113.281,1048576,0,0,1
opt_integer_mac,l1_full_n65536,deferred_columns,8,256,21948.730,1048576,0,0,1
opt_integer_mac,l1_full_n65536,incumbent,8,256,20873.535,1048576,0,0,1
opt_integer_mac,l1_full_n65536,incumbent,9,256,21256.512,1048576,0,0,1
opt_integer_mac,l1_full_n65536,circuit_z,9,256,21073.891,1048576,0,0,1
opt_integer_mac,l1_full_n65536,deferred_columns,9,256,21252.441,1048576,0,0,1
opt_integer_mac,l1_full_n65536,products2,9,256,21108.234,1048576,0,0,1
opt_integer_mac,l1_full_n65536,products4,9,256,21440.918,1048576,0,0,1
opt_integer_mac,l1_full_n65536,incumbent,10,256,21296.551,1048576,0,0,1
opt_integer_mac,l1_full_n65536,products4,10,256,20874.184,1048576,0,0,1
opt_integer_mac,l1_full_n65536,products2,10,256,21398.766,1048576,0,0,1
opt_integer_mac,l1_full_n65536,deferred_columns,10,256,21209.145,1048576,0,0,1
opt_integer_mac,l1_full_n65536,circuit_z,10,256,21035.645,1048576,0,0,1
opt_integer_mac,l1_full_n65536,circuit_z,11,256,20913.246,1048576,0,0,1
opt_integer_mac,l1_full_n65536,incumbent,11,256,21507.973,1048576,0,0,1
opt_integer_mac,l1_full_n65536,products4,11,256,20949.707,1048576,0,0,1
opt_integer_mac,l1_full_n65536,products2,11,256,20823.566,1048576,0,0,1
opt_integer_mac,l1_full_n65536,deferred_columns,11,256,21253.254,1048576,0,0,1
opt_integer_mac,l1_full_n65536,products4,12,256,21221.680,1048576,0,0,1
opt_integer_mac,l1_full_n65536,deferred_columns,12,256,21245.605,1048576,0,0,1
opt_integer_mac,l1_full_n65536,incumbent,12,256,21006.188,1048576,0,0,1
opt_integer_mac,l1_full_n65536,circuit_z,12,256,22341.473,1048576,0,0,1
opt_integer_mac,l1_full_n65536,products2,12,256,21460.938,1048576,0,0,1
opt_integer_mac,l1_full_n65536,products2,13,256,21044.434,1048576,0,0,1
opt_integer_mac,l1_full_n65536,deferred_columns,13,256,21227.539,1048576,0,0,1
opt_integer_mac,l1_full_n65536,incumbent,13,256,20811.363,1048576,0,0,1
opt_integer_mac,l1_full_n65536,products4,13,256,21336.262,1048576,0,0,1
opt_integer_mac,l1_full_n65536,circuit_z,13,256,21154.137,1048576,0,0,1
opt_integer_mac,l1_full_n65536,incumbent,14,256,21557.129,1048576,0,0,1
opt_integer_mac,l1_full_n65536,circuit_z,14,256,21250.164,1048576,0,0,1
opt_integer_mac,l1_full_n65536,products4,14,256,21148.766,1048576,0,0,1
opt_integer_mac,l1_full_n65536,products2,14,256,20745.117,1048576,0,0,1
opt_integer_mac,l1_full_n65536,deferred_columns,14,256,21274.254,1048576,0,0,1
opt_integer_mac,l1_full_n65536,products2,15,256,21148.762,1048576,0,0,1
opt_integer_mac,l1_full_n65536,circuit_z,15,256,22378.418,1048576,0,0,1
opt_integer_mac,l1_full_n65536,deferred_columns,15,256,20846.027,1048576,0,0,1
opt_integer_mac,l1_full_n65536,incumbent,15,256,20782.227,1048576,0,0,1
opt_integer_mac,l1_full_n65536,products4,15,256,21140.625,1048576,0,0,1
opt_integer_mac,l1_full_n65536,circuit_z,16,256,21254.234,1048576,0,0,1
opt_integer_mac,l1_full_n65536,incumbent,16,256,21783.367,1048576,0,0,1
opt_integer_mac,l1_full_n65536,products2,16,256,21470.703,1048576,0,0,1
opt_integer_mac,l1_full_n65536,deferred_columns,16,256,21790.691,1048576,0,0,1
opt_integer_mac,l1_full_n65536,products4,16,256,20731.281,1048576,0,0,1
opt_integer_mac,l1_full_n65536,products2,17,256,20937.664,1048576,0,0,1
opt_integer_mac,l1_full_n65536,products4,17,256,21478.352,1048576,0,0,1
opt_integer_mac,l1_full_n65536,circuit_z,17,256,20895.508,1048576,0,0,1
opt_integer_mac,l1_full_n65536,incumbent,17,256,21543.621,1048576,0,0,1
opt_integer_mac,l1_full_n65536,deferred_columns,17,256,21335.609,1048576,0,0,1
opt_integer_mac,l1_full_n65536,incumbent,18,256,21308.270,1048576,0,0,1
opt_integer_mac,l1_full_n65536,circuit_z,18,256,20916.668,1048576,0,0,1
opt_integer_mac,l1_full_n65536,products4,18,256,21538.898,1048576,0,0,1
opt_integer_mac,l1_full_n65536,deferred_columns,18,256,21030.273,1048576,0,0,1
opt_integer_mac,l1_full_n65536,products2,18,256,20812.664,1048576,0,0,1
opt_integer_mac,l1_full_n65536,deferred_columns,19,256,21193.035,1048576,0,0,1
opt_integer_mac,l1_full_n65536,circuit_z,19,256,21323.566,1048576,0,0,1
opt_integer_mac,l1_full_n65536,products2,19,256,21042.316,1048576,0,0,1
opt_integer_mac,l1_full_n65536,products4,19,256,21117.676,1048576,0,0,1
opt_integer_mac,l1_full_n65536,incumbent,19,256,21029.133,1048576,0,0,1
opt_integer_mac,l1_full_n65536,products2,20,256,22461.590,1048576,0,0,1
opt_integer_mac,l1_full_n65536,deferred_columns,20,256,21576.172,1048576,0,0,1
opt_integer_mac,l1_full_n65536,products4,20,256,21250.648,1048576,0,0,1
opt_integer_mac,l1_full_n65536,incumbent,20,256,21250.160,1048576,0,0,1
opt_integer_mac,l1_full_n65536,circuit_z,20,256,21329.590,1048576,0,0,1
opt_integer_mac,l1_full_n65536,deferred_columns,21,256,20937.172,1048576,0,0,1
opt_integer_mac,l1_full_n65536,incumbent,21,256,20914.715,1048576,0,0,1
opt_integer_mac,l1_full_n65536,products4,21,256,21103.676,1048576,0,0,1
opt_integer_mac,l1_full_n65536,circuit_z,21,256,20870.605,1048576,0,0,1
opt_integer_mac,l1_full_n65536,products2,21,256,21420.574,1048576,0,0,1
opt_integer_mac,l1_full_n65536,incumbent,22,256,21047.199,1048576,0,0,1
opt_integer_mac,l1_full_n65536,circuit_z,22,256,21729.168,1048576,0,0,1
opt_integer_mac,l1_full_n65536,products4,22,256,20857.746,1048576,0,0,1
opt_integer_mac,l1_full_n65536,deferred_columns,22,256,21117.023,1048576,0,0,1
opt_integer_mac,l1_full_n65536,products2,22,256,21140.461,1048576,0,0,1
opt_integer_mac,l1_full_n65536,deferred_columns,23,256,21453.125,1048576,0,0,1
opt_integer_mac,l1_full_n65536,products2,23,256,20990.723,1048576,0,0,1
opt_integer_mac,l1_full_n65536,circuit_z,23,256,21398.113,1048576,0,0,1
opt_integer_mac,l1_full_n65536,products4,23,256,21588.051,1048576,0,0,1
opt_integer_mac,l1_full_n65536,incumbent,23,256,21359.051,1048576,0,0,1
opt_integer_mac,l1_full_n65536,deferred_columns,24,256,21271.324,1048576,0,0,1
opt_integer_mac,l1_full_n65536,circuit_z,24,256,21139.488,1048576,0,0,1
opt_integer_mac,l1_full_n65536,products2,24,256,20940.102,1048576,0,0,1
opt_integer_mac,l1_full_n65536,incumbent,24,256,21012.371,1048576,0,0,1
opt_integer_mac,l1_full_n65536,products4,24,256,21359.703,1048576,0,0,1
opt_integer_mac,l1_full_n65536,deferred_columns,25,256,21046.387,1048576,0,0,1
opt_integer_mac,l1_full_n65536,circuit_z,25,256,21139.484,1048576,0,0,1
opt_integer_mac,l1_full_n65536,products4,25,256,21090.660,1048576,0,0,1
opt_integer_mac,l1_full_n65536,products2,25,256,21036.297,1048576,0,0,1
opt_integer_mac,l1_full_n65536,incumbent,25,256,21924.641,1048576,0,0,1
opt_integer_mac,l1_full_n65536,incumbent,26,256,21370.441,1048576,0,0,1
opt_integer_mac,l1_full_n65536,circuit_z,26,256,22510.414,1048576,0,0,1
opt_integer_mac,l1_full_n65536,products2,26,256,21931.965,1048576,0,0,1
opt_integer_mac,l1_full_n65536,deferred_columns,26,256,20846.027,1048576,0,0,1
opt_integer_mac,l1_full_n65536,products4,26,256,20972.980,1048576,0,0,1
opt_integer_mac,l1_full_n65536,circuit_z,27,256,20739.418,1048576,0,0,1
opt_integer_mac,l1_full_n65536,products4,27,256,20814.129,1048576,0,0,1
opt_integer_mac,l1_full_n65536,incumbent,27,256,20809.082,1048576,0,0,1
opt_integer_mac,l1_full_n65536,products2,27,256,20940.758,1048576,0,0,1
opt_integer_mac,l1_full_n65536,deferred_columns,27,256,20835.121,1048576,0,0,1
opt_integer_mac,l1_full_n65536,circuit_z,28,256,20869.141,1048576,0,0,1
opt_integer_mac,l1_full_n65536,products4,28,256,20787.762,1048576,0,0,1
opt_integer_mac,l1_full_n65536,incumbent,28,256,21645.020,1048576,0,0,1
opt_integer_mac,l1_full_n65536,deferred_columns,28,256,21534.180,1048576,0,0,1
opt_integer_mac,l1_full_n65536,products2,28,256,21134.113,1048576,0,0,1
opt_integer_mac,l1_full_n65536,deferred_columns,29,256,21937.664,1048576,0,0,1
opt_integer_mac,l1_full_n65536,products4,29,256,20745.281,1048576,0,0,1
opt_integer_mac,l1_full_n65536,products2,29,256,21055.340,1048576,0,0,1
opt_integer_mac,l1_full_n65536,circuit_z,29,256,20805.500,1048576,0,0,1
opt_integer_mac,l1_full_n65536,incumbent,29,256,21627.602,1048576,0,0,1
opt_integer_mac,l1_full_n65536,incumbent,30,256,21016.113,1048576,0,0,1
opt_integer_mac,l1_full_n65536,products4,30,256,21512.367,1048576,0,0,1
opt_integer_mac,l1_full_n65536,deferred_columns,30,256,20990.398,1048576,0,0,1
opt_integer_mac,l1_full_n65536,products2,30,256,21376.953,1048576,0,0,1
opt_integer_mac,l1_full_n65536,circuit_z,30,256,21918.129,1048576,0,0,1
opt_integer_mac,l1_full_n65536,products2,31,256,21426.434,1048576,0,0,1
opt_integer_mac,l1_full_n65536,circuit_z,31,256,21304.039,1048576,0,0,1
opt_integer_mac,l1_full_n65536,incumbent,31,256,21018.719,1048576,0,0,1
opt_integer_mac,l1_full_n65536,products4,31,256,20915.691,1048576,0,0,1
opt_integer_mac,l1_full_n65536,deferred_columns,31,256,20914.551,1048576,0,0,1
opt_integer_mac,l1_full_n65536,circuit_z,32,256,21996.422,1048576,0,0,1
opt_integer_mac,l1_full_n65536,deferred_columns,32,256,21048.988,1048576,0,0,1
opt_integer_mac,l1_full_n65536,products2,32,256,21334.797,1048576,0,0,1
opt_integer_mac,l1_full_n65536,incumbent,32,256,21248.859,1048576,0,0,1
opt_integer_mac,l1_full_n65536,products4,32,256,20979.168,1048576,0,0,1
opt_integer_mac,l1_full_n65536,products2,33,256,21500.324,1048576,0,0,1
opt_integer_mac,l1_full_n65536,deferred_columns,33,256,23359.863,1048576,0,0,1
opt_integer_mac,l1_full_n65536,circuit_z,33,256,20904.785,1048576,0,0,1
opt_integer_mac,l1_full_n65536,products4,33,256,20968.914,1048576,0,0,1
opt_integer_mac,l1_full_n65536,incumbent,33,256,20866.211,1048576,0,0,1
opt_integer_mac,l1_full_n65536,products4,34,256,20906.086,1048576,0,0,1
opt_integer_mac,l1_full_n65536,products2,34,256,21289.875,1048576,0,0,1
opt_integer_mac,l1_full_n65536,incumbent,34,256,22288.734,1048576,0,0,1
opt_integer_mac,l1_full_n65536,circuit_z,34,256,21474.121,1048576,0,0,1
opt_integer_mac,l1_full_n65536,deferred_columns,34,256,21458.008,1048576,0,0,1
opt_integer_mac,l1_full_n65536,deferred_columns,35,256,21603.840,1048576,0,0,1
opt_integer_mac,l1_full_n65536,circuit_z,35,256,21040.039,1048576,0,0,1
opt_integer_mac,l1_full_n65536,products2,35,256,20856.934,1048576,0,0,1
opt_integer_mac,l1_full_n65536,products4,35,256,22146.320,1048576,0,0,1
opt_integer_mac,l1_full_n65536,incumbent,35,256,20923.988,1048576,0,0,1
opt_integer_mac,l1_full_n65536,products2,36,256,20923.504,1048576,0,0,1
opt_integer_mac,l1_full_n65536,incumbent,36,256,21674.965,1048576,0,0,1
opt_integer_mac,l1_full_n65536,deferred_columns,36,256,20895.344,1048576,0,0,1
opt_integer_mac,l1_full_n65536,products4,36,256,20909.180,1048576,0,0,1
opt_integer_mac,l1_full_n65536,circuit_z,36,256,21283.203,1048576,0,0,1
opt_integer_mac,l1_full_n65536,products4,37,256,21339.684,1048576,0,0,1
opt_integer_mac,l1_full_n65536,deferred_columns,37,256,20750.160,1048576,0,0,1
opt_integer_mac,l1_full_n65536,products2,37,256,20946.289,1048576,0,0,1
opt_integer_mac,l1_full_n65536,incumbent,37,256,20766.438,1048576,0,0,1
opt_integer_mac,l1_full_n65536,circuit_z,37,256,21239.098,1048576,0,0,1
opt_integer_mac,l1_full_n65536,incumbent,38,256,20757.648,1048576,0,0,1
opt_integer_mac,l1_full_n65536,deferred_columns,38,256,21417.969,1048576,0,0,1
opt_integer_mac,l1_full_n65536,products2,38,256,20845.215,1048576,0,0,1
opt_integer_mac,l1_full_n65536,products4,38,256,21263.023,1048576,0,0,1
opt_integer_mac,l1_full_n65536,circuit_z,38,256,20866.371,1048576,0,0,1
opt_integer_mac,l1_full_n65536,circuit_z,39,256,21062.012,1048576,0,0,1
opt_integer_mac,l1_full_n65536,deferred_columns,39,256,22564.613,1048576,0,0,1
opt_integer_mac,l1_full_n65536,products4,39,256,20740.398,1048576,0,0,1
opt_integer_mac,l1_full_n65536,products2,39,256,21145.348,1048576,0,0,1
opt_integer_mac,l1_full_n65536,incumbent,39,256,21442.711,1048576,0,0,1
opt_integer_mac,l1_full_n65536,products4,40,256,21112.305,1048576,0,0,1
opt_integer_mac,l1_full_n65536,circuit_z,40,256,20755.535,1048576,0,0,1
opt_integer_mac,l1_full_n65536,incumbent,40,256,21457.355,1048576,0,0,1
opt_integer_mac,l1_full_n65536,products2,40,256,20809.246,1048576,0,0,1
opt_integer_mac,l1_full_n65536,deferred_columns,40,256,21207.684,1048576,0,0,1
opt_integer_mac,l1_full_n65536,incumbent,41,256,20733.398,1048576,0,0,1
opt_integer_mac,l1_full_n65536,products2,41,256,21733.070,1048576,0,0,1
opt_integer_mac,l1_full_n65536,products4,41,256,21111.977,1048576,0,0,1
opt_integer_mac,l1_full_n65536,deferred_columns,41,256,21220.539,1048576,0,0,1
opt_integer_mac,l1_full_n65536,circuit_z,41,256,21891.441,1048576,0,0,1
opt_integer_mac,l1_full_n65536,products4,42,256,20765.949,1048576,0,0,1
opt_integer_mac,l1_full_n65536,circuit_z,42,256,21858.398,1048576,0,0,1
opt_integer_mac,l1_full_n65536,incumbent,42,256,21231.934,1048576,0,0,1
opt_integer_mac,l1_full_n65536,deferred_columns,42,256,20973.793,1048576,0,0,1
opt_integer_mac,l1_full_n65536,products2,42,256,21104.328,1048576,0,0,1
opt_integer_mac,l1_full_n65536,products4,43,256,21548.500,1048576,0,0,1
opt_integer_mac,l1_full_n65536,circuit_z,43,256,20991.371,1048576,0,0,1
opt_integer_mac,l1_full_n65536,incumbent,43,256,21368.977,1048576,0,0,1
opt_integer_mac,l1_full_n65536,products2,43,256,21129.883,1048576,0,0,1
opt_integer_mac,l1_full_n65536,deferred_columns,43,256,21139.324,1048576,0,0,1
opt_integer_mac,l1_full_n65536,deferred_columns,44,256,21160.645,1048576,0,0,1
opt_integer_mac,l1_full_n65536,circuit_z,44,256,20993.812,1048576,0,0,1
opt_integer_mac,l1_full_n65536,products4,44,256,21243.816,1048576,0,0,1
opt_integer_mac,l1_full_n65536,incumbent,44,256,21198.730,1048576,0,0,1
opt_integer_mac,l1_full_n65536,products2,44,256,22084.148,1048576,0,0,1
opt_integer_mac,l1_full_n65536,products4,45,256,21119.629,1048576,0,0,1
opt_integer_mac,l1_full_n65536,products2,45,256,21374.023,1048576,0,0,1
opt_integer_mac,l1_full_n65536,circuit_z,45,256,21344.891,1048576,0,0,1
opt_integer_mac,l1_full_n65536,incumbent,45,256,21063.805,1048576,0,0,1
opt_integer_mac,l1_full_n65536,deferred_columns,45,256,21265.953,1048576,0,0,1
opt_integer_mac,l1_full_n65536,circuit_z,46,256,20928.871,1048576,0,0,1
opt_integer_mac,l1_full_n65536,incumbent,46,256,20749.836,1048576,0,0,1
opt_integer_mac,l1_full_n65536,products4,46,256,20907.062,1048576,0,0,1
opt_integer_mac,l1_full_n65536,products2,46,256,21033.043,1048576,0,0,1
opt_integer_mac,l1_full_n65536,deferred_columns,46,256,21631.348,1048576,0,0,1
opt_integer_mac,l1_full_n65536,products4,47,256,20863.117,1048576,0,0,1
opt_integer_mac,l1_full_n65536,products2,47,256,21136.883,1048576,0,0,1
opt_integer_mac,l1_full_n65536,circuit_z,47,256,21392.742,1048576,0,0,1
opt_integer_mac,l1_full_n65536,incumbent,47,256,21000.160,1048576,0,0,1
opt_integer_mac,l1_full_n65536,deferred_columns,47,256,21960.613,1048576,0,0,1
opt_integer_mac,l1_full_n65536,incumbent,48,256,21349.609,1048576,0,0,1
opt_integer_mac,l1_full_n65536,products2,48,256,20993.816,1048576,0,0,1
opt_integer_mac,l1_full_n65536,circuit_z,48,256,21728.355,1048576,0,0,1
opt_integer_mac,l1_full_n65536,products4,48,256,21451.172,1048576,0,0,1
opt_integer_mac,l1_full_n65536,deferred_columns,48,256,20997.395,1048576,0,0,1
opt_integer_mac,l1_full_n65536,incumbent,49,256,20978.352,1048576,0,0,1
opt_integer_mac,l1_full_n65536,circuit_z,49,256,21392.090,1048576,0,0,1
opt_integer_mac,l1_full_n65536,products2,49,256,21073.895,1048576,0,0,1
opt_integer_mac,l1_full_n65536,products4,49,256,21506.188,1048576,0,0,1
opt_integer_mac,l1_full_n65536,deferred_columns,49,256,21404.297,1048576,0,0,1
opt_integer_mac,l1_full_n65536,circuit_z,50,256,21205.566,1048576,0,0,1
opt_integer_mac,l1_full_n65536,products2,50,256,21529.785,1048576,0,0,1
opt_integer_mac,l1_full_n65536,deferred_columns,50,256,20894.371,1048576,0,0,1
opt_integer_mac,l1_full_n65536,incumbent,50,256,21220.215,1048576,0,0,1
opt_integer_mac,l1_full_n65536,products4,50,256,20978.680,1048576,0,0,1
opt_integer_mac,l1_full_n65536,circuit_z,51,256,21073.895,1048576,0,0,1
opt_integer_mac,l1_full_n65536,incumbent,51,256,21007.652,1048576,0,0,1
opt_integer_mac,l1_full_n65536,products4,51,256,21791.992,1048576,0,0,1
opt_integer_mac,l1_full_n65536,deferred_columns,51,256,21018.066,1048576,0,0,1
opt_integer_mac,l1_full_n65536,products2,51,256,20810.383,1048576,0,0,1
opt_integer_mac,l1_full_n65536,circuit_z,52,256,20972.008,1048576,0,0,1
opt_integer_mac,l1_full_n65536,incumbent,52,256,20758.461,1048576,0,0,1
opt_integer_mac,l1_full_n65536,products4,52,256,21164.715,1048576,0,0,1
opt_integer_mac,l1_full_n65536,products2,52,256,20988.605,1048576,0,0,1
opt_integer_mac,l1_full_n65536,deferred_columns,52,256,21670.734,1048576,0,0,1
opt_integer_mac,l1_full_n65536,deferred_columns,53,256,20747.395,1048576,0,0,1
opt_integer_mac,l1_full_n65536,circuit_z,53,256,21121.742,1048576,0,0,1
opt_integer_mac,l1_full_n65536,products2,53,256,22296.875,1048576,0,0,1
opt_integer_mac,l1_full_n65536,products4,53,256,20964.680,1048576,0,0,1
opt_integer_mac,l1_full_n65536,incumbent,53,256,20725.586,1048576,0,0,1
opt_integer_mac,l1_full_n65536,deferred_columns,54,256,21024.902,1048576,0,0,1
opt_integer_mac,l1_full_n65536,products2,54,256,20754.230,1048576,0,0,1
opt_integer_mac,l1_full_n65536,circuit_z,54,256,21437.012,1048576,0,0,1
opt_integer_mac,l1_full_n65536,products4,54,256,21410.320,1048576,0,0,1
opt_integer_mac,l1_full_n65536,incumbent,54,256,20768.555,1048576,0,0,1
opt_integer_mac,l1_full_n65536,products2,55,256,21040.691,1048576,0,0,1
opt_integer_mac,l1_full_n65536,products4,55,256,21321.129,1048576,0,0,1
opt_integer_mac,l1_full_n65536,incumbent,55,256,21097.656,1048576,0,0,1
opt_integer_mac,l1_full_n65536,deferred_columns,55,256,21045.246,1048576,0,0,1
opt_integer_mac,l1_full_n65536,circuit_z,55,256,21836.102,1048576,0,0,1
opt_integer_mac,l1_full_n65536,circuit_z,56,256,20754.719,1048576,0,0,1
opt_integer_mac,l1_full_n65536,deferred_columns,56,256,20922.199,1048576,0,0,1
opt_integer_mac,l1_full_n65536,products4,56,256,21221.840,1048576,0,0,1
opt_integer_mac,l1_full_n65536,products2,56,256,21597.492,1048576,0,0,1
opt_integer_mac,l1_full_n65536,incumbent,56,256,21018.227,1048576,0,0,1
opt_integer_mac,l1_full_n65536,incumbent,57,256,22182.129,1048576,0,0,1
opt_integer_mac,l1_full_n65536,deferred_columns,57,256,20763.836,1048576,0,0,1
opt_integer_mac,l1_full_n65536,products4,57,256,21378.742,1048576,0,0,1
opt_integer_mac,l1_full_n65536,products2,57,256,21338.867,1048576,0,0,1
opt_integer_mac,l1_full_n65536,circuit_z,57,256,21059.570,1048576,0,0,1
opt_integer_mac,l1_full_n65536,incumbent,58,256,20924.969,1048576,0,0,1
opt_integer_mac,l1_full_n65536,products4,58,256,21585.613,1048576,0,0,1
opt_integer_mac,l1_full_n65536,products2,58,256,21156.250,1048576,0,0,1
opt_integer_mac,l1_full_n65536,circuit_z,58,256,21177.082,1048576,0,0,1
opt_integer_mac,l1_full_n65536,deferred_columns,58,256,21124.348,1048576,0,0,1
opt_integer_mac,l1_full_n65536,incumbent,59,256,21572.266,1048576,0,0,1
opt_integer_mac,l1_full_n65536,circuit_z,59,256,21054.359,1048576,0,0,1
opt_integer_mac,l1_full_n65536,products2,59,256,21786.133,1048576,0,0,1
opt_integer_mac,l1_full_n65536,products4,59,256,20912.598,1048576,0,0,1
opt_integer_mac,l1_full_n65536,deferred_columns,59,256,21098.309,1048576,0,0,1
opt_integer_mac,l1_full_n65536,incumbent,60,256,21025.227,1048576,0,0,1
opt_integer_mac,l1_full_n65536,circuit_z,60,256,21680.988,1048576,0,0,1
opt_integer_mac,l1_full_n65536,deferred_columns,60,256,20779.461,1048576,0,0,1
opt_integer_mac,l1_full_n65536,products2,60,256,21220.539,1048576,0,0,1
opt_integer_mac,l1_full_n65536,products4,60,256,20763.184,1048576,0,0,1
opt_integer_mac,l1_full_n65536,products4,61,256,20949.547,1048576,0,0,1
opt_integer_mac,l1_full_n65536,circuit_z,61,256,21316.246,1048576,0,0,1
opt_integer_mac,l1_full_n65536,products2,61,256,21318.684,1048576,0,0,1
opt_integer_mac,l1_full_n65536,incumbent,61,256,21697.102,1048576,0,0,1
opt_integer_mac,l1_full_n65536,deferred_columns,61,256,21185.223,1048576,0,0,1
opt_integer_mac,l1_full_n65536,incumbent,62,256,20857.258,1048576,0,0,1
opt_integer_mac,l1_full_n65536,products2,62,256,21476.562,1048576,0,0,1
opt_integer_mac,l1_full_n65536,circuit_z,62,256,21228.188,1048576,0,0,1
opt_integer_mac,l1_full_n65536,deferred_columns,62,256,21102.539,1048576,0,0,1
opt_integer_mac,l1_full_n65536,products4,62,256,21067.223,1048576,0,0,1
opt_integer_mac,l1_full_n65536,circuit_z,63,256,21225.750,1048576,0,0,1
opt_integer_mac,l1_full_n65536,deferred_columns,63,256,20921.711,1048576,0,0,1
opt_integer_mac,l1_full_n65536,incumbent,63,256,21184.734,1048576,0,0,1
opt_integer_mac,l1_full_n65536,products4,63,256,21765.301,1048576,0,0,1
opt_integer_mac,l1_full_n65536,products2,63,256,21620.117,1048576,0,0,1
opt_projection,q128_l2_n16,horner_prepared,0,16384,123.495,512,0,0,1
opt_projection,q128_l2_n16,public_divisor,0,16384,786.557,512,0,0,1
opt_projection,q128_l2_n16,horner_one_shot,0,16384,280.617,512,0,0,1
opt_projection,q128_l2_n16,production,0,16384,367.635,512,0,0,1
opt_projection,q128_l2_n16,production,1,16384,348.707,512,0,0,1
opt_projection,q128_l2_n16,public_divisor,1,16384,782.026,512,0,0,1
opt_projection,q128_l2_n16,horner_one_shot,1,16384,287.422,512,0,0,1
opt_projection,q128_l2_n16,horner_prepared,1,16384,125.664,512,0,0,1
opt_projection,q128_l2_n16,production,2,16384,360.992,512,0,0,1
opt_projection,q128_l2_n16,horner_one_shot,2,16384,275.200,512,0,0,1
opt_projection,q128_l2_n16,horner_prepared,2,16384,125.356,512,0,0,1
opt_projection,q128_l2_n16,public_divisor,2,16384,763.751,512,0,0,1
opt_projection,q128_l2_n16,public_divisor,3,16384,782.565,512,0,0,1
opt_projection,q128_l2_n16,horner_prepared,3,16384,125.341,512,0,0,1
opt_projection,q128_l2_n16,horner_one_shot,3,16384,273.570,512,0,0,1
opt_projection,q128_l2_n16,production,3,16384,341.601,512,0,0,1
opt_projection,q128_l2_n16,public_divisor,4,16384,787.954,512,0,0,1
opt_projection,q128_l2_n16,production,4,16384,356.303,512,0,0,1
opt_projection,q128_l2_n16,horner_prepared,4,16384,126.317,512,0,0,1
opt_projection,q128_l2_n16,horner_one_shot,4,16384,274.948,512,0,0,1
opt_projection,q128_l2_n16,production,5,16384,350.217,512,0,0,1
opt_projection,q128_l2_n16,public_divisor,5,16384,772.909,512,0,0,1
opt_projection,q128_l2_n16,horner_one_shot,5,16384,269.882,512,0,0,1
opt_projection,q128_l2_n16,horner_prepared,5,16384,125.313,512,0,0,1
opt_projection,q128_l2_n16,horner_prepared,6,16384,134.064,512,0,0,1
opt_projection,q128_l2_n16,production,6,16384,353.895,512,0,0,1
opt_projection,q128_l2_n16,horner_one_shot,6,16384,271.863,512,0,0,1
opt_projection,q128_l2_n16,public_divisor,6,16384,776.115,512,0,0,1
opt_projection,q128_l2_n16,horner_prepared,7,16384,122.943,512,0,0,1
opt_projection,q128_l2_n16,production,7,16384,361.295,512,0,0,1
opt_projection,q128_l2_n16,horner_one_shot,7,16384,278.610,512,0,0,1
opt_projection,q128_l2_n16,public_divisor,7,16384,768.916,512,0,0,1
opt_projection,q128_l2_n16,horner_prepared,8,16384,126.785,512,0,0,1
opt_projection,q128_l2_n16,public_divisor,8,16384,773.621,512,0,0,1
opt_projection,q128_l2_n16,horner_one_shot,8,16384,271.973,512,0,0,1
opt_projection,q128_l2_n16,production,8,16384,357.053,512,0,0,1
opt_projection,q128_l2_n16,horner_prepared,9,16384,122.526,512,0,0,1
opt_projection,q128_l2_n16,production,9,16384,343.099,512,0,0,1
opt_projection,q128_l2_n16,horner_one_shot,9,16384,277.634,512,0,0,1
opt_projection,q128_l2_n16,public_divisor,9,16384,782.033,512,0,0,1
opt_projection,q128_l2_n16,horner_one_shot,10,16384,275.823,512,0,0,1
opt_projection,q128_l2_n16,public_divisor,10,16384,775.497,512,0,0,1
opt_projection,q128_l2_n16,horner_prepared,10,16384,122.859,512,0,0,1
opt_projection,q128_l2_n16,production,10,16384,354.469,512,0,0,1
opt_projection,q128_l2_n16,horner_one_shot,11,16384,269.549,512,0,0,1
opt_projection,q128_l2_n16,public_divisor,11,16384,771.876,512,0,0,1
opt_projection,q128_l2_n16,production,11,16384,344.149,512,0,0,1
opt_projection,q128_l2_n16,horner_prepared,11,16384,123.731,512,0,0,1
opt_projection,q128_l2_n16,horner_one_shot,12,16384,273.450,512,0,0,1
opt_projection,q128_l2_n16,public_divisor,12,16384,775.363,512,0,0,1
opt_projection,q128_l2_n16,horner_prepared,12,16384,122.404,512,0,0,1
opt_projection,q128_l2_n16,production,12,16384,355.339,512,0,0,1
opt_projection,q128_l2_n16,horner_prepared,13,16384,122.554,512,0,0,1
opt_projection,q128_l2_n16,production,13,16384,345.172,512,0,0,1
opt_projection,q128_l2_n16,horner_one_shot,13,16384,269.869,512,0,0,1
opt_projection,q128_l2_n16,public_divisor,13,16384,783.806,512,0,0,1
opt_projection,q128_l2_n16,horner_one_shot,14,16384,270.816,512,0,0,1
opt_projection,q128_l2_n16,production,14,16384,355.718,512,0,0,1
opt_projection,q128_l2_n16,horner_prepared,14,16384,127.398,512,0,0,1
opt_projection,q128_l2_n16,public_divisor,14,16384,761.912,512,0,0,1
opt_projection,q128_l2_n16,production,15,16384,354.871,512,0,0,1
opt_projection,q128_l2_n16,public_divisor,15,16384,774.925,512,0,0,1
opt_projection,q128_l2_n16,horner_prepared,15,16384,129.326,512,0,0,1
opt_projection,q128_l2_n16,horner_one_shot,15,16384,278.508,512,0,0,1
opt_projection,q128_l2_n16,public_divisor,16,16384,777.829,512,0,0,1
opt_projection,q128_l2_n16,production,16,16384,361.748,512,0,0,1
opt_projection,q128_l2_n16,horner_one_shot,16,16384,273.972,512,0,0,1
opt_projection,q128_l2_n16,horner_prepared,16,16384,125.974,512,0,0,1
opt_projection,q128_l2_n16,production,17,16384,359.912,512,0,0,1
opt_projection,q128_l2_n16,horner_one_shot,17,16384,278.254,512,0,0,1
opt_projection,q128_l2_n16,public_divisor,17,16384,771.790,512,0,0,1
opt_projection,q128_l2_n16,horner_prepared,17,16384,126.506,512,0,0,1
opt_projection,q128_l2_n16,production,18,16384,350.871,512,0,0,1
opt_projection,q128_l2_n16,horner_prepared,18,16384,122.398,512,0,0,1
opt_projection,q128_l2_n16,horner_one_shot,18,16384,273.481,512,0,0,1
opt_projection,q128_l2_n16,public_divisor,18,16384,759.918,512,0,0,1
opt_projection,q128_l2_n16,public_divisor,19,16384,784.678,512,0,0,1
opt_projection,q128_l2_n16,production,19,16384,348.999,512,0,0,1
opt_projection,q128_l2_n16,horner_prepared,19,16384,131.388,512,0,0,1
opt_projection,q128_l2_n16,horner_one_shot,19,16384,280.533,512,0,0,1
opt_projection,q128_l2_n16,production,20,16384,342.148,512,0,0,1
opt_projection,q128_l2_n16,horner_prepared,20,16384,124.486,512,0,0,1
opt_projection,q128_l2_n16,public_divisor,20,16384,776.031,512,0,0,1
opt_projection,q128_l2_n16,horner_one_shot,20,16384,274.053,512,0,0,1
opt_projection,q128_l2_n16,horner_one_shot,21,16384,274.399,512,0,0,1
opt_projection,q128_l2_n16,production,21,16384,350.367,512,0,0,1
opt_projection,q128_l2_n16,horner_prepared,21,16384,124.911,512,0,0,1
opt_projection,q128_l2_n16,public_divisor,21,16384,778.236,512,0,0,1
opt_projection,q128_l2_n16,horner_prepared,22,16384,120.466,512,0,0,1
opt_projection,q128_l2_n16,horner_one_shot,22,16384,276.146,512,0,0,1
opt_projection,q128_l2_n16,public_divisor,22,16384,772.247,512,0,0,1
opt_projection,q128_l2_n16,production,22,16384,342.247,512,0,0,1
opt_projection,q128_l2_n16,production,23,16384,355.850,512,0,0,1
opt_projection,q128_l2_n16,horner_prepared,23,16384,121.592,512,0,0,1
opt_projection,q128_l2_n16,horner_one_shot,23,16384,278.516,512,0,0,1
opt_projection,q128_l2_n16,public_divisor,23,16384,769.231,512,0,0,1
opt_projection,q128_l2_n16,production,24,16384,349.014,512,0,0,1
opt_projection,q128_l2_n16,horner_one_shot,24,16384,279.205,512,0,0,1
opt_projection,q128_l2_n16,horner_prepared,24,16384,133.692,512,0,0,1
opt_projection,q128_l2_n16,public_divisor,24,16384,785.375,512,0,0,1
opt_projection,q128_l2_n16,horner_one_shot,25,16384,275.558,512,0,0,1
opt_projection,q128_l2_n16,horner_prepared,25,16384,123.642,512,0,0,1
opt_projection,q128_l2_n16,production,25,16384,351.613,512,0,0,1
opt_projection,q128_l2_n16,public_divisor,25,16384,782.532,512,0,0,1
opt_projection,q128_l2_n16,horner_one_shot,26,16384,266.001,512,0,0,1
opt_projection,q128_l2_n16,public_divisor,26,16384,770.851,512,0,0,1
opt_projection,q128_l2_n16,horner_prepared,26,16384,126.455,512,0,0,1
opt_projection,q128_l2_n16,production,26,16384,345.072,512,0,0,1
opt_projection,q128_l2_n16,production,27,16384,360.677,512,0,0,1
opt_projection,q128_l2_n16,public_divisor,27,16384,773.554,512,0,0,1
opt_projection,q128_l2_n16,horner_prepared,27,16384,128.685,512,0,0,1
opt_projection,q128_l2_n16,horner_one_shot,27,16384,280.673,512,0,0,1
opt_projection,q128_l2_n16,public_divisor,28,16384,761.098,512,0,0,1
opt_projection,q128_l2_n16,horner_one_shot,28,16384,273.054,512,0,0,1
opt_projection,q128_l2_n16,production,28,16384,347.097,512,0,0,1
opt_projection,q128_l2_n16,horner_prepared,28,16384,122.945,512,0,0,1
opt_projection,q128_l2_n16,production,29,16384,364.199,512,0,0,1
opt_projection,q128_l2_n16,horner_one_shot,29,16384,270.035,512,0,0,1
opt_projection,q128_l2_n16,horner_prepared,29,16384,124.545,512,0,0,1
opt_projection,q128_l2_n16,public_divisor,29,16384,763.906,512,0,0,1
opt_projection,q128_l2_n16,horner_one_shot,30,16384,270.615,512,0,0,1
opt_projection,q128_l2_n16,horner_prepared,30,16384,122.386,512,0,0,1
opt_projection,q128_l2_n16,production,30,16384,361.031,512,0,0,1
opt_projection,q128_l2_n16,public_divisor,30,16384,786.016,512,0,0,1
opt_projection,q128_l2_n16,production,31,16384,350.357,512,0,0,1
opt_projection,q128_l2_n16,horner_prepared,31,16384,124.217,512,0,0,1
opt_projection,q128_l2_n16,public_divisor,31,16384,784.841,512,0,0,1
opt_projection,q128_l2_n16,horner_one_shot,31,16384,280.253,512,0,0,1
opt_projection,q128_l2_n16,horner_one_shot,32,16384,275.800,512,0,0,1
opt_projection,q128_l2_n16,horner_prepared,32,16384,124.512,512,0,0,1
opt_projection,q128_l2_n16,public_divisor,32,16384,774.969,512,0,0,1
opt_projection,q128_l2_n16,production,32,16384,349.309,512,0,0,1
opt_projection,q128_l2_n16,production,33,16384,350.093,512,0,0,1
opt_projection,q128_l2_n16,horner_prepared,33,16384,127.037,512,0,0,1
opt_projection,q128_l2_n16,horner_one_shot,33,16384,276.601,512,0,0,1
opt_projection,q128_l2_n16,public_divisor,33,16384,774.803,512,0,0,1
opt_projection,q128_l2_n16,public_divisor,34,16384,774.188,512,0,0,1
opt_projection,q128_l2_n16,horner_prepared,34,16384,123.118,512,0,0,1
opt_projection,q128_l2_n16,horner_one_shot,34,16384,275.861,512,0,0,1
opt_projection,q128_l2_n16,production,34,16384,353.968,512,0,0,1
opt_projection,q128_l2_n16,horner_prepared,35,16384,127.007,512,0,0,1
opt_projection,q128_l2_n16,production,35,16384,355.431,512,0,0,1
opt_projection,q128_l2_n16,horner_one_shot,35,16384,274.111,512,0,0,1
opt_projection,q128_l2_n16,public_divisor,35,16384,762.650,512,0,0,1
opt_projection,q128_l2_n16,horner_one_shot,36,16384,270.274,512,0,0,1
opt_projection,q128_l2_n16,public_divisor,36,16384,794.263,512,0,0,1
opt_projection,q128_l2_n16,horner_prepared,36,16384,130.180,512,0,0,1
opt_projection,q128_l2_n16,production,36,16384,358.111,512,0,0,1
opt_projection,q128_l2_n16,horner_one_shot,37,16384,281.789,512,0,0,1
opt_projection,q128_l2_n16,production,37,16384,349.993,512,0,0,1
opt_projection,q128_l2_n16,horner_prepared,37,16384,122.490,512,0,0,1
opt_projection,q128_l2_n16,public_divisor,37,16384,774.134,512,0,0,1
opt_projection,q128_l2_n16,horner_prepared,38,16384,124.056,512,0,0,1
opt_projection,q128_l2_n16,horner_one_shot,38,16384,272.761,512,0,0,1
opt_projection,q128_l2_n16,production,38,16384,341.428,512,0,0,1
opt_projection,q128_l2_n16,public_divisor,38,16384,785.207,512,0,0,1
opt_projection,q128_l2_n16,horner_prepared,39,16384,120.761,512,0,0,1
opt_projection,q128_l2_n16,horner_one_shot,39,16384,283.173,512,0,0,1
opt_projection,q128_l2_n16,public_divisor,39,16384,763.593,512,0,0,1
opt_projection,q128_l2_n16,production,39,16384,356.194,512,0,0,1
opt_projection,q128_l2_n16,production,40,16384,342.593,512,0,0,1
opt_projection,q128_l2_n16,horner_one_shot,40,16384,277.186,512,0,0,1
opt_projection,q128_l2_n16,public_divisor,40,16384,769.445,512,0,0,1
opt_projection,q128_l2_n16,horner_prepared,40,16384,125.186,512,0,0,1
opt_projection,q128_l2_n16,horner_one_shot,41,16384,274.152,512,0,0,1
opt_projection,q128_l2_n16,production,41,16384,347.738,512,0,0,1
opt_projection,q128_l2_n16,horner_prepared,41,16384,125.557,512,0,0,1
opt_projection,q128_l2_n16,public_divisor,41,16384,760.025,512,0,0,1
opt_projection,q128_l2_n16,horner_one_shot,42,16384,276.128,512,0,0,1
opt_projection,q128_l2_n16,horner_prepared,42,16384,129.478,512,0,0,1
opt_projection,q128_l2_n16,public_divisor,42,16384,780.863,512,0,0,1
opt_projection,q128_l2_n16,production,42,16384,365.334,512,0,0,1
opt_projection,q128_l2_n16,public_divisor,43,16384,815.638,512,0,0,1
opt_projection,q128_l2_n16,horner_one_shot,43,16384,276.774,512,0,0,1
opt_projection,q128_l2_n16,production,43,16384,355.039,512,0,0,1
opt_projection,q128_l2_n16,horner_prepared,43,16384,122.541,512,0,0,1
opt_projection,q128_l2_n16,horner_prepared,44,16384,126.188,512,0,0,1
opt_projection,q128_l2_n16,public_divisor,44,16384,781.497,512,0,0,1
opt_projection,q128_l2_n16,horner_one_shot,44,16384,274.200,512,0,0,1
opt_projection,q128_l2_n16,production,44,16384,358.569,512,0,0,1
opt_projection,q128_l2_n16,horner_one_shot,45,16384,269.854,512,0,0,1
opt_projection,q128_l2_n16,production,45,16384,354.012,512,0,0,1
opt_projection,q128_l2_n16,horner_prepared,45,16384,126.134,512,0,0,1
opt_projection,q128_l2_n16,public_divisor,45,16384,784.109,512,0,0,1
opt_projection,q128_l2_n16,public_divisor,46,16384,764.572,512,0,0,1
opt_projection,q128_l2_n16,horner_one_shot,46,16384,273.717,512,0,0,1
opt_projection,q128_l2_n16,horner_prepared,46,16384,128.565,512,0,0,1
opt_projection,q128_l2_n16,production,46,16384,353.767,512,0,0,1
opt_projection,q128_l2_n16,horner_one_shot,47,16384,271.172,512,0,0,1
opt_projection,q128_l2_n16,production,47,16384,355.779,512,0,0,1
opt_projection,q128_l2_n16,horner_prepared,47,16384,131.940,512,0,0,1
opt_projection,q128_l2_n16,public_divisor,47,16384,784.655,512,0,0,1
opt_projection,q128_l2_n16,horner_prepared,48,16384,128.777,512,0,0,1
opt_projection,q128_l2_n16,public_divisor,48,16384,764.961,512,0,0,1
opt_projection,q128_l2_n16,production,48,16384,342.189,512,0,0,1
opt_projection,q128_l2_n16,horner_one_shot,48,16384,274.956,512,0,0,1
opt_projection,q128_l2_n16,horner_prepared,49,16384,127.444,512,0,0,1
opt_projection,q128_l2_n16,horner_one_shot,49,16384,270.073,512,0,0,1
opt_projection,q128_l2_n16,public_divisor,49,16384,785.021,512,0,0,1
opt_projection,q128_l2_n16,production,49,16384,342.425,512,0,0,1
opt_projection,q128_l2_n16,horner_prepared,50,16384,122.421,512,0,0,1
opt_projection,q128_l2_n16,public_divisor,50,16384,764.867,512,0,0,1
opt_projection,q128_l2_n16,horner_one_shot,50,16384,273.572,512,0,0,1
opt_projection,q128_l2_n16,production,50,16384,360.713,512,0,0,1
opt_projection,q128_l2_n16,horner_prepared,51,16384,125.160,512,0,0,1
opt_projection,q128_l2_n16,production,51,16384,345.375,512,0,0,1
opt_projection,q128_l2_n16,public_divisor,51,16384,774.231,512,0,0,1
opt_projection,q128_l2_n16,horner_one_shot,51,16384,273.954,512,0,0,1
opt_projection,q128_l2_n16,public_divisor,52,16384,783.496,512,0,0,1
opt_projection,q128_l2_n16,horner_prepared,52,16384,122.498,512,0,0,1
opt_projection,q128_l2_n16,production,52,16384,345.591,512,0,0,1
opt_projection,q128_l2_n16,horner_one_shot,52,16384,275.589,512,0,0,1
opt_projection,q128_l2_n16,horner_one_shot,53,16384,279.404,512,0,0,1
opt_projection,q128_l2_n16,public_divisor,53,16384,778.557,512,0,0,1
opt_projection,q128_l2_n16,production,53,16384,344.734,512,0,0,1
opt_projection,q128_l2_n16,horner_prepared,53,16384,126.053,512,0,0,1
opt_projection,q128_l2_n16,horner_one_shot,54,16384,282.242,512,0,0,1
opt_projection,q128_l2_n16,public_divisor,54,16384,766.324,512,0,0,1
opt_projection,q128_l2_n16,horner_prepared,54,16384,122.421,512,0,0,1
opt_projection,q128_l2_n16,production,54,16384,348.488,512,0,0,1
opt_projection,q128_l2_n16,horner_one_shot,55,16384,283.849,512,0,0,1
opt_projection,q128_l2_n16,public_divisor,55,16384,788.612,512,0,0,1
opt_projection,q128_l2_n16,horner_prepared,55,16384,128.736,512,0,0,1
opt_projection,q128_l2_n16,production,55,16384,361.048,512,0,0,1
opt_projection,q128_l2_n16,horner_one_shot,56,16384,264.336,512,0,0,1
opt_projection,q128_l2_n16,horner_prepared,56,16384,123.230,512,0,0,1
opt_projection,q128_l2_n16,public_divisor,56,16384,762.751,512,0,0,1
opt_projection,q128_l2_n16,production,56,16384,351.720,512,0,0,1
opt_projection,q128_l2_n16,public_divisor,57,16384,771.479,512,0,0,1
opt_projection,q128_l2_n16,production,57,16384,359.673,512,0,0,1
opt_projection,q128_l2_n16,horner_prepared,57,16384,126.429,512,0,0,1
opt_projection,q128_l2_n16,horner_one_shot,57,16384,272.687,512,0,0,1
opt_projection,q128_l2_n16,horner_one_shot,58,16384,269.608,512,0,0,1
opt_projection,q128_l2_n16,production,58,16384,340.174,512,0,0,1
opt_projection,q128_l2_n16,public_divisor,58,16384,777.242,512,0,0,1
opt_projection,q128_l2_n16,horner_prepared,58,16384,126.569,512,0,0,1
opt_projection,q128_l2_n16,horner_one_shot,59,16384,292.514,512,0,0,1
opt_projection,q128_l2_n16,horner_prepared,59,16384,126.567,512,0,0,1
opt_projection,q128_l2_n16,public_divisor,59,16384,771.861,512,0,0,1
opt_projection,q128_l2_n16,production,59,16384,350.283,512,0,0,1
opt_projection,q128_l2_n16,public_divisor,60,16384,781.001,512,0,0,1
opt_projection,q128_l2_n16,horner_prepared,60,16384,122.770,512,0,0,1
opt_projection,q128_l2_n16,horner_one_shot,60,16384,274.208,512,0,0,1
opt_projection,q128_l2_n16,production,60,16384,360.634,512,0,0,1
opt_projection,q128_l2_n16,horner_one_shot,61,16384,272.916,512,0,0,1
opt_projection,q128_l2_n16,public_divisor,61,16384,774.961,512,0,0,1
opt_projection,q128_l2_n16,horner_prepared,61,16384,126.488,512,0,0,1
opt_projection,q128_l2_n16,production,61,16384,356.679,512,0,0,1
opt_projection,q128_l2_n16,public_divisor,62,16384,758.855,512,0,0,1
opt_projection,q128_l2_n16,horner_prepared,62,16384,127.363,512,0,0,1
opt_projection,q128_l2_n16,horner_one_shot,62,16384,284.574,512,0,0,1
opt_projection,q128_l2_n16,production,62,16384,371.671,512,0,0,1
opt_projection,q128_l2_n16,production,63,16384,340.457,512,0,0,1
opt_projection,q128_l2_n16,horner_prepared,63,16384,122.520,512,0,0,1
opt_projection,q128_l2_n16,public_divisor,63,16384,772.041,512,0,0,1
opt_projection,q128_l2_n16,horner_one_shot,63,16384,271.909,512,0,0,1
opt_uint_add,l1_n1024,circuit_z,0,16384,208.094,24576,0,0,1
opt_uint_add,l1_n1024,word_carry,0,16384,212.850,24576,0,0,1
opt_uint_add,l1_n1024,circuit_z,1,16384,216.161,24576,0,0,1
opt_uint_add,l1_n1024,word_carry,1,16384,214.887,24576,0,0,1
opt_uint_add,l1_n1024,word_carry,2,16384,213.206,24576,0,0,1
opt_uint_add,l1_n1024,circuit_z,2,16384,220.118,24576,0,0,1
opt_uint_add,l1_n1024,circuit_z,3,16384,208.946,24576,0,0,1
opt_uint_add,l1_n1024,word_carry,3,16384,216.721,24576,0,0,1
opt_uint_add,l1_n1024,word_carry,4,16384,218.374,24576,0,0,1
opt_uint_add,l1_n1024,circuit_z,4,16384,214.600,24576,0,0,1
opt_uint_add,l1_n1024,word_carry,5,16384,210.703,24576,0,0,1
opt_uint_add,l1_n1024,circuit_z,5,16384,216.413,24576,0,0,1
opt_uint_add,l1_n1024,circuit_z,6,16384,219.116,24576,0,0,1
opt_uint_add,l1_n1024,word_carry,6,16384,212.743,24576,0,0,1
opt_uint_add,l1_n1024,word_carry,7,16384,209.401,24576,0,0,1
opt_uint_add,l1_n1024,circuit_z,7,16384,209.239,24576,0,0,1
opt_uint_add,l1_n1024,circuit_z,8,16384,213.282,24576,0,0,1
opt_uint_add,l1_n1024,word_carry,8,16384,215.101,24576,0,0,1
opt_uint_add,l1_n1024,circuit_z,9,16384,216.405,24576,0,0,1
opt_uint_add,l1_n1024,word_carry,9,16384,216.593,24576,0,0,1
opt_uint_add,l1_n1024,word_carry,10,16384,210.513,24576,0,0,1
opt_uint_add,l1_n1024,circuit_z,10,16384,214.027,24576,0,0,1
opt_uint_add,l1_n1024,word_carry,11,16384,215.792,24576,0,0,1
opt_uint_add,l1_n1024,circuit_z,11,16384,225.741,24576,0,0,1
opt_uint_add,l1_n1024,word_carry,12,16384,217.918,24576,0,0,1
opt_uint_add,l1_n1024,circuit_z,12,16384,215.820,24576,0,0,1
opt_uint_add,l1_n1024,circuit_z,13,16384,215.965,24576,0,0,1
opt_uint_add,l1_n1024,word_carry,13,16384,209.066,24576,0,0,1
opt_uint_add,l1_n1024,circuit_z,14,16384,212.972,24576,0,0,1
opt_uint_add,l1_n1024,word_carry,14,16384,215.535,24576,0,0,1
opt_uint_add,l1_n1024,circuit_z,15,16384,211.993,24576,0,0,1
opt_uint_add,l1_n1024,word_carry,15,16384,211.039,24576,0,0,1
opt_uint_add,l1_n1024,word_carry,16,16384,213.811,24576,0,0,1
opt_uint_add,l1_n1024,circuit_z,16,16384,209.122,24576,0,0,1
opt_uint_add,l1_n1024,circuit_z,17,16384,213.257,24576,0,0,1
opt_uint_add,l1_n1024,word_carry,17,16384,218.697,24576,0,0,1
opt_uint_add,l1_n1024,word_carry,18,16384,219.790,24576,0,0,1
opt_uint_add,l1_n1024,circuit_z,18,16384,212.313,24576,0,0,1
opt_uint_add,l1_n1024,word_carry,19,16384,211.706,24576,0,0,1
opt_uint_add,l1_n1024,circuit_z,19,16384,209.526,24576,0,0,1
opt_uint_add,l1_n1024,circuit_z,20,16384,216.451,24576,0,0,1
opt_uint_add,l1_n1024,word_carry,20,16384,216.995,24576,0,0,1
opt_uint_add,l1_n1024,circuit_z,21,16384,209.618,24576,0,0,1
opt_uint_add,l1_n1024,word_carry,21,16384,214.422,24576,0,0,1
opt_uint_add,l1_n1024,word_carry,22,16384,210.859,24576,0,0,1
opt_uint_add,l1_n1024,circuit_z,22,16384,210.632,24576,0,0,1
opt_uint_add,l1_n1024,circuit_z,23,16384,220.744,24576,0,0,1
opt_uint_add,l1_n1024,word_carry,23,16384,216.840,24576,0,0,1
opt_uint_add,l1_n1024,circuit_z,24,16384,216.955,24576,0,0,1
opt_uint_add,l1_n1024,word_carry,24,16384,216.123,24576,0,0,1
opt_uint_add,l1_n1024,circuit_z,25,16384,209.142,24576,0,0,1
opt_uint_add,l1_n1024,word_carry,25,16384,208.872,24576,0,0,1
opt_uint_add,l1_n1024,circuit_z,26,16384,214.633,24576,0,0,1
opt_uint_add,l1_n1024,word_carry,26,16384,210.490,24576,0,0,1
opt_uint_add,l1_n1024,circuit_z,27,16384,212.346,24576,0,0,1
opt_uint_add,l1_n1024,word_carry,27,16384,223.401,24576,0,0,1
opt_uint_add,l1_n1024,word_carry,28,16384,209.152,24576,0,0,1
opt_uint_add,l1_n1024,circuit_z,28,16384,210.279,24576,0,0,1
opt_uint_add,l1_n1024,circuit_z,29,16384,219.884,24576,0,0,1
opt_uint_add,l1_n1024,word_carry,29,16384,215.261,24576,0,0,1
opt_uint_add,l1_n1024,word_carry,30,16384,220.779,24576,0,0,1
opt_uint_add,l1_n1024,circuit_z,30,16384,215.032,24576,0,0,1
opt_uint_add,l1_n1024,circuit_z,31,16384,213.069,24576,0,0,1
opt_uint_add,l1_n1024,word_carry,31,16384,210.971,24576,0,0,1
opt_uint_add,l1_n1024,circuit_z,32,16384,216.352,24576,0,0,1
opt_uint_add,l1_n1024,word_carry,32,16384,209.112,24576,0,0,1
opt_uint_add,l1_n1024,circuit_z,33,16384,209.498,24576,0,0,1
opt_uint_add,l1_n1024,word_carry,33,16384,211.858,24576,0,0,1
opt_uint_add,l1_n1024,word_carry,34,16384,208.799,24576,0,0,1
opt_uint_add,l1_n1024,circuit_z,34,16384,214.114,24576,0,0,1
opt_uint_add,l1_n1024,word_carry,35,16384,211.594,24576,0,0,1
opt_uint_add,l1_n1024,circuit_z,35,16384,209.986,24576,0,0,1
opt_uint_add,l1_n1024,circuit_z,36,16384,209.178,24576,0,0,1
opt_uint_add,l1_n1024,word_carry,36,16384,209.030,24576,0,0,1
opt_uint_add,l1_n1024,word_carry,37,16384,208.992,24576,0,0,1
opt_uint_add,l1_n1024,circuit_z,37,16384,220.543,24576,0,0,1
opt_uint_add,l1_n1024,circuit_z,38,16384,210.111,24576,0,0,1
opt_uint_add,l1_n1024,word_carry,38,16384,209.165,24576,0,0,1
opt_uint_add,l1_n1024,circuit_z,39,16384,215.647,24576,0,0,1
opt_uint_add,l1_n1024,word_carry,39,16384,244.207,24576,0,0,1
opt_uint_add,l1_n1024,circuit_z,40,16384,215.691,24576,0,0,1
opt_uint_add,l1_n1024,word_carry,40,16384,216.599,24576,0,0,1
opt_uint_add,l1_n1024,circuit_z,41,16384,210.182,24576,0,0,1
opt_uint_add,l1_n1024,word_carry,41,16384,221.329,24576,0,0,1
opt_uint_add,l1_n1024,circuit_z,42,16384,223.818,24576,0,0,1
opt_uint_add,l1_n1024,word_carry,42,16384,221.700,24576,0,0,1
opt_uint_add,l1_n1024,circuit_z,43,16384,220.029,24576,0,0,1
opt_uint_add,l1_n1024,word_carry,43,16384,213.193,24576,0,0,1
opt_uint_add,l1_n1024,circuit_z,44,16384,212.507,24576,0,0,1
opt_uint_add,l1_n1024,word_carry,44,16384,211.334,24576,0,0,1
opt_uint_add,l1_n1024,circuit_z,45,16384,217.219,24576,0,0,1
opt_uint_add,l1_n1024,word_carry,45,16384,210.892,24576,0,0,1
opt_uint_add,l1_n1024,circuit_z,46,16384,215.340,24576,0,0,1
opt_uint_add,l1_n1024,word_carry,46,16384,214.907,24576,0,0,1
opt_uint_add,l1_n1024,circuit_z,47,16384,214.890,24576,0,0,1
opt_uint_add,l1_n1024,word_carry,47,16384,216.736,24576,0,0,1
opt_uint_add,l1_n1024,circuit_z,48,16384,212.708,24576,0,0,1
opt_uint_add,l1_n1024,word_carry,48,16384,212.405,24576,0,0,1
opt_uint_add,l1_n1024,circuit_z,49,16384,224.505,24576,0,0,1
opt_uint_add,l1_n1024,word_carry,49,16384,214.968,24576,0,0,1
opt_uint_add,l1_n1024,word_carry,50,16384,211.146,24576,0,0,1
opt_uint_add,l1_n1024,circuit_z,50,16384,216.565,24576,0,0,1
opt_uint_add,l1_n1024,circuit_z,51,16384,212.133,24576,0,0,1
opt_uint_add,l1_n1024,word_carry,51,16384,212.153,24576,0,0,1
opt_uint_add,l1_n1024,circuit_z,52,16384,218.770,24576,0,0,1
opt_uint_add,l1_n1024,word_carry,52,16384,213.811,24576,0,0,1
opt_uint_add,l1_n1024,circuit_z,53,16384,209.277,24576,0,0,1
opt_uint_add,l1_n1024,word_carry,53,16384,212.649,24576,0,0,1
opt_uint_add,l1_n1024,circuit_z,54,16384,210.688,24576,0,0,1
opt_uint_add,l1_n1024,word_carry,54,16384,217.222,24576,0,0,1
opt_uint_add,l1_n1024,word_carry,55,16384,214.040,24576,0,0,1
opt_uint_add,l1_n1024,circuit_z,55,16384,209.315,24576,0,0,1
opt_uint_add,l1_n1024,word_carry,56,16384,220.011,24576,0,0,1
opt_uint_add,l1_n1024,circuit_z,56,16384,215.744,24576,0,0,1
opt_uint_add,l1_n1024,circuit_z,57,16384,212.985,24576,0,0,1
opt_uint_add,l1_n1024,word_carry,57,16384,210.121,24576,0,0,1
opt_uint_add,l1_n1024,circuit_z,58,16384,210.770,24576,0,0,1
opt_uint_add,l1_n1024,word_carry,58,16384,210.447,24576,0,0,1
opt_uint_add,l1_n1024,circuit_z,59,16384,212.781,24576,0,0,1
opt_uint_add,l1_n1024,word_carry,59,16384,215.881,24576,0,0,1
opt_uint_add,l1_n1024,circuit_z,60,16384,216.731,24576,0,0,1
opt_uint_add,l1_n1024,word_carry,60,16384,225.945,24576,0,0,1
opt_uint_add,l1_n1024,word_carry,61,16384,215.289,24576,0,0,1
opt_uint_add,l1_n1024,circuit_z,61,16384,223.134,24576,0,0,1
opt_uint_add,l1_n1024,circuit_z,62,16384,217.326,24576,0,0,1
opt_uint_add,l1_n1024,word_carry,62,16384,212.741,24576,0,0,1
opt_uint_add,l1_n1024,word_carry,63,16384,216.586,24576,0,0,1
opt_uint_add,l1_n1024,circuit_z,63,16384,215.411,24576,0,0,1
opt_uint_checked_add,l1_n1024,word_option,0,8192,501.724,24576,0,0,1
opt_uint_checked_add,l1_n1024,vendor_option,0,8192,488.459,24576,0,0,1
opt_uint_checked_add,l1_n1024,word_option,1,8192,511.022,24576,0,0,1
opt_uint_checked_add,l1_n1024,vendor_option,1,8192,502.101,24576,0,0,1
opt_uint_checked_add,l1_n1024,vendor_option,2,8192,485.753,24576,0,0,1
opt_uint_checked_add,l1_n1024,word_option,2,8192,495.834,24576,0,0,1
opt_uint_checked_add,l1_n1024,word_option,3,8192,504.924,24576,0,0,1
opt_uint_checked_add,l1_n1024,vendor_option,3,8192,512.299,24576,0,0,1
opt_uint_checked_add,l1_n1024,word_option,4,8192,505.132,24576,0,0,1
opt_uint_checked_add,l1_n1024,vendor_option,4,8192,485.219,24576,0,0,1
opt_uint_checked_add,l1_n1024,vendor_option,5,8192,504.669,24576,0,0,1
opt_uint_checked_add,l1_n1024,word_option,5,8192,494.726,24576,0,0,1
opt_uint_checked_add,l1_n1024,word_option,6,8192,494.680,24576,0,0,1
opt_uint_checked_add,l1_n1024,vendor_option,6,8192,493.383,24576,0,0,1
opt_uint_checked_add,l1_n1024,vendor_option,7,8192,497.701,24576,0,0,1
opt_uint_checked_add,l1_n1024,word_option,7,8192,491.465,24576,0,0,1
opt_uint_checked_add,l1_n1024,vendor_option,8,8192,491.882,24576,0,0,1
opt_uint_checked_add,l1_n1024,word_option,8,8192,518.397,24576,0,0,1
opt_uint_checked_add,l1_n1024,vendor_option,9,8192,504.425,24576,0,0,1
opt_uint_checked_add,l1_n1024,word_option,9,8192,492.716,24576,0,0,1
opt_uint_checked_add,l1_n1024,vendor_option,10,8192,507.930,24576,0,0,1
opt_uint_checked_add,l1_n1024,word_option,10,8192,486.160,24576,0,0,1
opt_uint_checked_add,l1_n1024,word_option,11,8192,500.590,24576,0,0,1
opt_uint_checked_add,l1_n1024,vendor_option,11,8192,485.992,24576,0,0,1
opt_uint_checked_add,l1_n1024,word_option,12,8192,509.964,24576,0,0,1
opt_uint_checked_add,l1_n1024,vendor_option,12,8192,496.648,24576,0,0,1
opt_uint_checked_add,l1_n1024,word_option,13,8192,488.174,24576,0,0,1
opt_uint_checked_add,l1_n1024,vendor_option,13,8192,493.016,24576,0,0,1
opt_uint_checked_add,l1_n1024,word_option,14,8192,500.768,24576,0,0,1
opt_uint_checked_add,l1_n1024,vendor_option,14,8192,498.968,24576,0,0,1
opt_uint_checked_add,l1_n1024,vendor_option,15,8192,482.208,24576,0,0,1
opt_uint_checked_add,l1_n1024,word_option,15,8192,485.845,24576,0,0,1
opt_uint_checked_add,l1_n1024,word_option,16,8192,497.844,24576,0,0,1
opt_uint_checked_add,l1_n1024,vendor_option,16,8192,482.824,24576,0,0,1
opt_uint_checked_add,l1_n1024,word_option,17,8192,490.529,24576,0,0,1
opt_uint_checked_add,l1_n1024,vendor_option,17,8192,491.394,24576,0,0,1
opt_uint_checked_add,l1_n1024,vendor_option,18,8192,489.604,24576,0,0,1
opt_uint_checked_add,l1_n1024,word_option,18,8192,507.401,24576,0,0,1
opt_uint_checked_add,l1_n1024,word_option,19,8192,518.265,24576,0,0,1
opt_uint_checked_add,l1_n1024,vendor_option,19,8192,496.170,24576,0,0,1
opt_uint_checked_add,l1_n1024,word_option,20,8192,509.415,24576,0,0,1
opt_uint_checked_add,l1_n1024,vendor_option,20,8192,481.939,24576,0,0,1
opt_uint_checked_add,l1_n1024,vendor_option,21,8192,488.108,24576,0,0,1
opt_uint_checked_add,l1_n1024,word_option,21,8192,486.018,24576,0,0,1
opt_uint_checked_add,l1_n1024,vendor_option,22,8192,482.046,24576,0,0,1
opt_uint_checked_add,l1_n1024,word_option,22,8192,497.375,24576,0,0,1
opt_uint_checked_add,l1_n1024,vendor_option,23,8192,481.944,24576,0,0,1
opt_uint_checked_add,l1_n1024,word_option,23,8192,493.189,24576,0,0,1
opt_uint_checked_add,l1_n1024,word_option,24,8192,496.684,24576,0,0,1
opt_uint_checked_add,l1_n1024,vendor_option,24,8192,515.732,24576,0,0,1
opt_uint_checked_add,l1_n1024,vendor_option,25,8192,502.406,24576,0,0,1
opt_uint_checked_add,l1_n1024,word_option,25,8192,503.006,24576,0,0,1
opt_uint_checked_add,l1_n1024,word_option,26,8192,508.265,24576,0,0,1
opt_uint_checked_add,l1_n1024,vendor_option,26,8192,482.712,24576,0,0,1
opt_uint_checked_add,l1_n1024,word_option,27,8192,491.231,24576,0,0,1
opt_uint_checked_add,l1_n1024,vendor_option,27,8192,493.103,24576,0,0,1
opt_uint_checked_add,l1_n1024,vendor_option,28,8192,481.618,24576,0,0,1
opt_uint_checked_add,l1_n1024,word_option,28,8192,496.552,24576,0,0,1
opt_uint_checked_add,l1_n1024,word_option,29,8192,487.656,24576,0,0,1
opt_uint_checked_add,l1_n1024,vendor_option,29,8192,514.338,24576,0,0,1
opt_uint_checked_add,l1_n1024,vendor_option,30,8192,494.578,24576,0,0,1
opt_uint_checked_add,l1_n1024,word_option,30,8192,493.912,24576,0,0,1
opt_uint_checked_add,l1_n1024,vendor_option,31,8192,497.152,24576,0,0,1
opt_uint_checked_add,l1_n1024,word_option,31,8192,498.260,24576,0,0,1
opt_uint_checked_add,l1_n1024,word_option,32,8192,487.737,24576,0,0,1
opt_uint_checked_add,l1_n1024,vendor_option,32,8192,500.534,24576,0,0,1
opt_uint_checked_add,l1_n1024,word_option,33,8192,509.771,24576,0,0,1
opt_uint_checked_add,l1_n1024,vendor_option,33,8192,504.588,24576,0,0,1
opt_uint_checked_add,l1_n1024,vendor_option,34,8192,488.062,24576,0,0,1
opt_uint_checked_add,l1_n1024,word_option,34,8192,492.193,24576,0,0,1
opt_uint_checked_add,l1_n1024,vendor_option,35,8192,502.747,24576,0,0,1
opt_uint_checked_add,l1_n1024,word_option,35,8192,503.352,24576,0,0,1
opt_uint_checked_add,l1_n1024,vendor_option,36,8192,490.799,24576,0,0,1
opt_uint_checked_add,l1_n1024,word_option,36,8192,491.842,24576,0,0,1
opt_uint_checked_add,l1_n1024,vendor_option,37,8192,482.651,24576,0,0,1
opt_uint_checked_add,l1_n1024,word_option,37,8192,506.424,24576,0,0,1
opt_uint_checked_add,l1_n1024,vendor_option,38,8192,489.777,24576,0,0,1
opt_uint_checked_add,l1_n1024,word_option,38,8192,488.286,24576,0,0,1
opt_uint_checked_add,l1_n1024,vendor_option,39,8192,488.892,24576,0,0,1
opt_uint_checked_add,l1_n1024,word_option,39,8192,502.996,24576,0,0,1
opt_uint_checked_add,l1_n1024,word_option,40,8192,490.819,24576,0,0,1
opt_uint_checked_add,l1_n1024,vendor_option,40,8192,489.329,24576,0,0,1
opt_uint_checked_add,l1_n1024,word_option,41,8192,486.552,24576,0,0,1
opt_uint_checked_add,l1_n1024,vendor_option,41,8192,516.713,24576,0,0,1
opt_uint_checked_add,l1_n1024,vendor_option,42,8192,489.573,24576,0,0,1
opt_uint_checked_add,l1_n1024,word_option,42,8192,485.753,24576,0,0,1
opt_uint_checked_add,l1_n1024,vendor_option,43,8192,488.831,24576,0,0,1
opt_uint_checked_add,l1_n1024,word_option,43,8192,506.104,24576,0,0,1
opt_uint_checked_add,l1_n1024,word_option,44,8192,489.268,24576,0,0,1
opt_uint_checked_add,l1_n1024,vendor_option,44,8192,486.211,24576,0,0,1
opt_uint_checked_add,l1_n1024,word_option,45,8192,522.242,24576,0,0,1
opt_uint_checked_add,l1_n1024,vendor_option,45,8192,497.874,24576,0,0,1
opt_uint_checked_add,l1_n1024,vendor_option,46,8192,496.129,24576,0,0,1
opt_uint_checked_add,l1_n1024,word_option,46,8192,511.780,24576,0,0,1
opt_uint_checked_add,l1_n1024,word_option,47,8192,502.950,24576,0,0,1
opt_uint_checked_add,l1_n1024,vendor_option,47,8192,496.053,24576,0,0,1
opt_uint_checked_add,l1_n1024,word_option,48,8192,494.899,24576,0,0,1
opt_uint_checked_add,l1_n1024,vendor_option,48,8192,485.784,24576,0,0,1
opt_uint_checked_add,l1_n1024,word_option,49,8192,494.105,24576,0,0,1
opt_uint_checked_add,l1_n1024,vendor_option,49,8192,489.405,24576,0,0,1
opt_uint_checked_add,l1_n1024,vendor_option,50,8192,493.668,24576,0,0,1
opt_uint_checked_add,l1_n1024,word_option,50,8192,492.381,24576,0,0,1
opt_uint_checked_add,l1_n1024,vendor_option,51,8192,524.292,24576,0,0,1
opt_uint_checked_add,l1_n1024,word_option,51,8192,491.267,24576,0,0,1
opt_uint_checked_add,l1_n1024,vendor_option,52,8192,484.339,24576,0,0,1
opt_uint_checked_add,l1_n1024,word_option,52,8192,500.773,24576,0,0,1
opt_uint_checked_add,l1_n1024,vendor_option,53,8192,495.972,24576,0,0,1
opt_uint_checked_add,l1_n1024,word_option,53,8192,493.149,24576,0,0,1
opt_uint_checked_add,l1_n1024,word_option,54,8192,489.207,24576,0,0,1
opt_uint_checked_add,l1_n1024,vendor_option,54,8192,500.753,24576,0,0,1
opt_uint_checked_add,l1_n1024,word_option,55,8192,493.718,24576,0,0,1
opt_uint_checked_add,l1_n1024,vendor_option,55,8192,490.224,24576,0,0,1
opt_uint_checked_add,l1_n1024,vendor_option,56,8192,481.516,24576,0,0,1
opt_uint_checked_add,l1_n1024,word_option,56,8192,499.720,24576,0,0,1
opt_uint_checked_add,l1_n1024,word_option,57,8192,509.145,24576,0,0,1
opt_uint_checked_add,l1_n1024,vendor_option,57,8192,482.691,24576,0,0,1
opt_uint_checked_add,l1_n1024,word_option,58,8192,497.564,24576,0,0,1
opt_uint_checked_add,l1_n1024,vendor_option,58,8192,482.976,24576,0,0,1
opt_uint_checked_add,l1_n1024,vendor_option,59,8192,492.254,24576,0,0,1
opt_uint_checked_add,l1_n1024,word_option,59,8192,489.085,24576,0,0,1
opt_uint_checked_add,l1_n1024,word_option,60,8192,486.496,24576,0,0,1
opt_uint_checked_add,l1_n1024,vendor_option,60,8192,491.343,24576,0,0,1
opt_uint_checked_add,l1_n1024,word_option,61,8192,487.381,24576,0,0,1
opt_uint_checked_add,l1_n1024,vendor_option,61,8192,493.271,24576,0,0,1
opt_uint_checked_add,l1_n1024,word_option,62,8192,496.180,24576,0,0,1
opt_uint_checked_add,l1_n1024,vendor_option,62,8192,518.600,24576,0,0,1
opt_uint_checked_add,l1_n1024,vendor_option,63,8192,515.874,24576,0,0,1
opt_uint_checked_add,l1_n1024,word_option,63,8192,486.364,24576,0,0,1
opt_uint_sub,l1_n1024,circuit_z,0,16384,208.593,24576,0,0,1
opt_uint_sub,l1_n1024,word_carry,0,16384,213.272,24576,0,0,1
opt_uint_sub,l1_n1024,word_carry,1,16384,224.586,24576,0,0,1
opt_uint_sub,l1_n1024,circuit_z,1,16384,216.141,24576,0,0,1
opt_uint_sub,l1_n1024,word_carry,2,16384,216.799,24576,0,0,1
opt_uint_sub,l1_n1024,circuit_z,2,16384,209.468,24576,0,0,1
opt_uint_sub,l1_n1024,circuit_z,3,16384,208.649,24576,0,0,1
opt_uint_sub,l1_n1024,word_carry,3,16384,215.238,24576,0,0,1
opt_uint_sub,l1_n1024,word_carry,4,16384,209.015,24576,0,0,1
opt_uint_sub,l1_n1024,circuit_z,4,16384,208.707,24576,0,0,1
opt_uint_sub,l1_n1024,word_carry,5,16384,215.736,24576,0,0,1
opt_uint_sub,l1_n1024,circuit_z,5,16384,213.707,24576,0,0,1
opt_uint_sub,l1_n1024,circuit_z,6,16384,211.675,24576,0,0,1
opt_uint_sub,l1_n1024,word_carry,6,16384,215.284,24576,0,0,1
opt_uint_sub,l1_n1024,circuit_z,7,16384,208.476,24576,0,0,1
opt_uint_sub,l1_n1024,word_carry,7,16384,212.186,24576,0,0,1
opt_uint_sub,l1_n1024,word_carry,8,16384,213.778,24576,0,0,1
opt_uint_sub,l1_n1024,circuit_z,8,16384,209.470,24576,0,0,1
opt_uint_sub,l1_n1024,word_carry,9,16384,211.619,24576,0,0,1
opt_uint_sub,l1_n1024,circuit_z,9,16384,210.203,24576,0,0,1
opt_uint_sub,l1_n1024,circuit_z,10,16384,208.728,24576,0,0,1
opt_uint_sub,l1_n1024,word_carry,10,16384,221.977,24576,0,0,1
opt_uint_sub,l1_n1024,circuit_z,11,16384,215.571,24576,0,0,1
opt_uint_sub,l1_n1024,word_carry,11,16384,210.208,24576,0,0,1
opt_uint_sub,l1_n1024,word_carry,12,16384,212.914,24576,0,0,1
opt_uint_sub,l1_n1024,circuit_z,12,16384,208.995,24576,0,0,1
opt_uint_sub,l1_n1024,word_carry,13,16384,209.513,24576,0,0,1
opt_uint_sub,l1_n1024,circuit_z,13,16384,214.684,24576,0,0,1
opt_uint_sub,l1_n1024,word_carry,14,16384,212.761,24576,0,0,1
opt_uint_sub,l1_n1024,circuit_z,14,16384,214.826,24576,0,0,1
opt_uint_sub,l1_n1024,circuit_z,15,16384,220.202,24576,0,0,1
opt_uint_sub,l1_n1024,word_carry,15,16384,208.900,24576,0,0,1
opt_uint_sub,l1_n1024,word_carry,16,16384,209.816,24576,0,0,1
opt_uint_sub,l1_n1024,circuit_z,16,16384,214.979,24576,0,0,1
opt_uint_sub,l1_n1024,word_carry,17,16384,208.949,24576,0,0,1
opt_uint_sub,l1_n1024,circuit_z,17,16384,208.692,24576,0,0,1
opt_uint_sub,l1_n1024,word_carry,18,16384,215.159,24576,0,0,1
opt_uint_sub,l1_n1024,circuit_z,18,16384,210.172,24576,0,0,1
opt_uint_sub,l1_n1024,circuit_z,19,16384,208.603,24576,0,0,1
opt_uint_sub,l1_n1024,word_carry,19,16384,218.086,24576,0,0,1
opt_uint_sub,l1_n1024,word_carry,20,16384,222.402,24576,0,0,1
opt_uint_sub,l1_n1024,circuit_z,20,16384,219.299,24576,0,0,1
opt_uint_sub,l1_n1024,circuit_z,21,16384,208.722,24576,0,0,1
opt_uint_sub,l1_n1024,word_carry,21,16384,209.173,24576,0,0,1
opt_uint_sub,l1_n1024,circuit_z,22,16384,217.857,24576,0,0,1
opt_uint_sub,l1_n1024,word_carry,22,16384,211.543,24576,0,0,1
opt_uint_sub,l1_n1024,circuit_z,23,16384,216.352,24576,0,0,1
opt_uint_sub,l1_n1024,word_carry,23,16384,212.123,24576,0,0,1
opt_uint_sub,l1_n1024,circuit_z,24,16384,215.853,24576,0,0,1
opt_uint_sub,l1_n1024,word_carry,24,16384,210.902,24576,0,0,1
opt_uint_sub,l1_n1024,word_carry,25,16384,210.673,24576,0,0,1
opt_uint_sub,l1_n1024,circuit_z,25,16384,217.692,24576,0,0,1
opt_uint_sub,l1_n1024,circuit_z,26,16384,215.482,24576,0,0,1
opt_uint_sub,l1_n1024,word_carry,26,16384,215.032,24576,0,0,1
opt_uint_sub,l1_n1024,word_carry,27,16384,211.032,24576,0,0,1
opt_uint_sub,l1_n1024,circuit_z,27,16384,216.517,24576,0,0,1
opt_uint_sub,l1_n1024,circuit_z,28,16384,208.735,24576,0,0,1
opt_uint_sub,l1_n1024,word_carry,28,16384,214.378,24576,0,0,1
opt_uint_sub,l1_n1024,circuit_z,29,16384,211.489,24576,0,0,1
opt_uint_sub,l1_n1024,word_carry,29,16384,209.091,24576,0,0,1
opt_uint_sub,l1_n1024,circuit_z,30,16384,219.938,24576,0,0,1
opt_uint_sub,l1_n1024,word_carry,30,16384,209.147,24576,0,0,1
opt_uint_sub,l1_n1024,circuit_z,31,16384,208.847,24576,0,0,1
opt_uint_sub,l1_n1024,word_carry,31,16384,212.710,24576,0,0,1
opt_uint_sub,l1_n1024,word_carry,32,16384,215.034,24576,0,0,1
opt_uint_sub,l1_n1024,circuit_z,32,16384,208.738,24576,0,0,1
opt_uint_sub,l1_n1024,circuit_z,33,16384,210.581,24576,0,0,1
opt_uint_sub,l1_n1024,word_carry,33,16384,211.652,24576,0,0,1
opt_uint_sub,l1_n1024,circuit_z,34,16384,218.145,24576,0,0,1
opt_uint_sub,l1_n1024,word_carry,34,16384,213.453,24576,0,0,1
opt_uint_sub,l1_n1024,circuit_z,35,16384,208.875,24576,0,0,1
opt_uint_sub,l1_n1024,word_carry,35,16384,208.941,24576,0,0,1
opt_uint_sub,l1_n1024,word_carry,36,16384,223.429,24576,0,0,1
opt_uint_sub,l1_n1024,circuit_z,36,16384,210.724,24576,0,0,1
opt_uint_sub,l1_n1024,circuit_z,37,16384,208.532,24576,0,0,1
opt_uint_sub,l1_n1024,word_carry,37,16384,212.484,24576,0,0,1
opt_uint_sub,l1_n1024,circuit_z,38,16384,210.159,24576,0,0,1
opt_uint_sub,l1_n1024,word_carry,38,16384,209.112,24576,0,0,1
opt_uint_sub,l1_n1024,circuit_z,39,16384,211.611,24576,0,0,1
opt_uint_sub,l1_n1024,word_carry,39,16384,221.639,24576,0,0,1
opt_uint_sub,l1_n1024,word_carry,40,16384,211.230,24576,0,0,1
opt_uint_sub,l1_n1024,circuit_z,40,16384,217.278,24576,0,0,1
opt_uint_sub,l1_n1024,word_carry,41,16384,209.681,24576,0,0,1
opt_uint_sub,l1_n1024,circuit_z,41,16384,221.532,24576,0,0,1
opt_uint_sub,l1_n1024,word_carry,42,16384,214.478,24576,0,0,1
opt_uint_sub,l1_n1024,circuit_z,42,16384,208.824,24576,0,0,1
opt_uint_sub,l1_n1024,circuit_z,43,16384,209.353,24576,0,0,1
opt_uint_sub,l1_n1024,word_carry,43,16384,213.669,24576,0,0,1
opt_uint_sub,l1_n1024,circuit_z,44,16384,215.385,24576,0,0,1
opt_uint_sub,l1_n1024,word_carry,44,16384,212.631,24576,0,0,1
opt_uint_sub,l1_n1024,word_carry,45,16384,212.527,24576,0,0,1
opt_uint_sub,l1_n1024,circuit_z,45,16384,208.547,24576,0,0,1
opt_uint_sub,l1_n1024,word_carry,46,16384,225.807,24576,0,0,1
opt_uint_sub,l1_n1024,circuit_z,46,16384,212.186,24576,0,0,1
opt_uint_sub,l1_n1024,circuit_z,47,16384,209.272,24576,0,0,1
opt_uint_sub,l1_n1024,word_carry,47,16384,209.582,24576,0,0,1
opt_uint_sub,l1_n1024,circuit_z,48,16384,213.074,24576,0,0,1
opt_uint_sub,l1_n1024,word_carry,48,16384,219.905,24576,0,0,1
opt_uint_sub,l1_n1024,circuit_z,49,16384,213.412,24576,0,0,1
opt_uint_sub,l1_n1024,word_carry,49,16384,214.444,24576,0,0,1
opt_uint_sub,l1_n1024,word_carry,50,16384,209.745,24576,0,0,1
opt_uint_sub,l1_n1024,circuit_z,50,16384,224.294,24576,0,0,1
opt_uint_sub,l1_n1024,word_carry,51,16384,209.180,24576,0,0,1
opt_uint_sub,l1_n1024,circuit_z,51,16384,208.944,24576,0,0,1
opt_uint_sub,l1_n1024,circuit_z,52,16384,216.454,24576,0,0,1
opt_uint_sub,l1_n1024,word_carry,52,16384,215.508,24576,0,0,1
opt_uint_sub,l1_n1024,word_carry,53,16384,211.227,24576,0,0,1
opt_uint_sub,l1_n1024,circuit_z,53,16384,212.120,24576,0,0,1
opt_uint_sub,l1_n1024,word_carry,54,16384,211.721,24576,0,0,1
opt_uint_sub,l1_n1024,circuit_z,54,16384,213.242,24576,0,0,1
opt_uint_sub,l1_n1024,circuit_z,55,16384,208.455,24576,0,0,1
opt_uint_sub,l1_n1024,word_carry,55,16384,212.807,24576,0,0,1
opt_uint_sub,l1_n1024,circuit_z,56,16384,213.618,24576,0,0,1
opt_uint_sub,l1_n1024,word_carry,56,16384,208.979,24576,0,0,1
opt_uint_sub,l1_n1024,word_carry,57,16384,216.881,24576,0,0,1
opt_uint_sub,l1_n1024,circuit_z,57,16384,210.798,24576,0,0,1
opt_uint_sub,l1_n1024,circuit_z,58,16384,271.627,24576,0,0,1
opt_uint_sub,l1_n1024,word_carry,58,16384,216.428,24576,0,0,1
opt_uint_sub,l1_n1024,word_carry,59,16384,209.068,24576,0,0,1
opt_uint_sub,l1_n1024,circuit_z,59,16384,210.907,24576,0,0,1
opt_uint_sub,l1_n1024,circuit_z,60,16384,218.684,24576,0,0,1
opt_uint_sub,l1_n1024,word_carry,60,16384,213.331,24576,0,0,1
opt_uint_sub,l1_n1024,circuit_z,61,16384,208.488,24576,0,0,1
opt_uint_sub,l1_n1024,word_carry,61,16384,208.933,24576,0,0,1
opt_uint_sub,l1_n1024,word_carry,62,16384,208.867,24576,0,0,1
opt_uint_sub,l1_n1024,circuit_z,62,16384,209.127,24576,0,0,1
opt_uint_sub,l1_n1024,circuit_z,63,16384,208.992,24576,0,0,1
opt_uint_sub,l1_n1024,word_carry,63,16384,213.748,24576,0,0,1
opt_uint_sub,l2_n1024,word_carry,0,8192,669.052,49152,0,0,1
opt_uint_sub,l2_n1024,circuit_z,0,8192,678.909,49152,0,0,1
opt_uint_sub,l2_n1024,circuit_z,1,8192,662.709,49152,0,0,1
opt_uint_sub,l2_n1024,word_carry,1,8192,665.960,49152,0,0,1
opt_uint_sub,l2_n1024,circuit_z,2,8192,668.549,49152,0,0,1
opt_uint_sub,l2_n1024,word_carry,2,8192,689.402,49152,0,0,1
opt_uint_sub,l2_n1024,circuit_z,3,8192,675.212,49152,0,0,1
opt_uint_sub,l2_n1024,word_carry,3,8192,666.367,49152,0,0,1
opt_uint_sub,l2_n1024,circuit_z,4,8192,660.517,49152,0,0,1
opt_uint_sub,l2_n1024,word_carry,4,8192,671.066,49152,0,0,1
opt_uint_sub,l2_n1024,word_carry,5,8192,657.420,49152,0,0,1
opt_uint_sub,l2_n1024,circuit_z,5,8192,691.289,49152,0,0,1
opt_uint_sub,l2_n1024,circuit_z,6,8192,676.763,49152,0,0,1
opt_uint_sub,l2_n1024,word_carry,6,8192,674.973,49152,0,0,1
opt_uint_sub,l2_n1024,circuit_z,7,8192,661.535,49152,0,0,1
opt_uint_sub,l2_n1024,word_carry,7,8192,680.064,49152,0,0,1
opt_uint_sub,l2_n1024,word_carry,8,8192,659.994,49152,0,0,1
opt_uint_sub,l2_n1024,circuit_z,8,8192,682.693,49152,0,0,1
opt_uint_sub,l2_n1024,circuit_z,9,8192,658.381,49152,0,0,1
opt_uint_sub,l2_n1024,word_carry,9,8192,670.751,49152,0,0,1
opt_uint_sub,l2_n1024,circuit_z,10,8192,662.481,49152,0,0,1
opt_uint_sub,l2_n1024,word_carry,10,8192,676.259,49152,0,0,1
opt_uint_sub,l2_n1024,circuit_z,11,8192,663.503,49152,0,0,1
opt_uint_sub,l2_n1024,word_carry,11,8192,654.048,49152,0,0,1
opt_uint_sub,l2_n1024,circuit_z,12,8192,676.229,49152,0,0,1
opt_uint_sub,l2_n1024,word_carry,12,8192,678.619,49152,0,0,1
opt_uint_sub,l2_n1024,word_carry,13,8192,724.498,49152,0,0,1
opt_uint_sub,l2_n1024,circuit_z,13,8192,670.115,49152,0,0,1
opt_uint_sub,l2_n1024,circuit_z,14,8192,664.271,49152,0,0,1
opt_uint_sub,l2_n1024,word_carry,14,8192,689.524,49152,0,0,1
opt_uint_sub,l2_n1024,word_carry,15,8192,670.227,49152,0,0,1
opt_uint_sub,l2_n1024,circuit_z,15,8192,660.146,49152,0,0,1
opt_uint_sub,l2_n1024,circuit_z,16,8192,660.355,49152,0,0,1
opt_uint_sub,l2_n1024,word_carry,16,8192,687.220,49152,0,0,1
opt_uint_sub,l2_n1024,circuit_z,17,8192,660.304,49152,0,0,1
opt_uint_sub,l2_n1024,word_carry,17,8192,684.026,49152,0,0,1
opt_uint_sub,l2_n1024,word_carry,18,8192,689.987,49152,0,0,1
opt_uint_sub,l2_n1024,circuit_z,18,8192,676.620,49152,0,0,1
opt_uint_sub,l2_n1024,word_carry,19,8192,662.938,49152,0,0,1
opt_uint_sub,l2_n1024,circuit_z,19,8192,674.311,49152,0,0,1
opt_uint_sub,l2_n1024,word_carry,20,8192,663.747,49152,0,0,1
opt_uint_sub,l2_n1024,circuit_z,20,8192,664.536,49152,0,0,1
opt_uint_sub,l2_n1024,circuit_z,21,8192,667.094,49152,0,0,1
opt_uint_sub,l2_n1024,word_carry,21,8192,654.978,49152,0,0,1
opt_uint_sub,l2_n1024,circuit_z,22,8192,677.124,49152,0,0,1
opt_uint_sub,l2_n1024,word_carry,22,8192,686.905,49152,0,0,1
opt_uint_sub,l2_n1024,circuit_z,23,8192,670.364,49152,0,0,1
opt_uint_sub,l2_n1024,word_carry,23,8192,696.096,49152,0,0,1
opt_uint_sub,l2_n1024,word_carry,24,8192,671.265,49152,0,0,1
opt_uint_sub,l2_n1024,circuit_z,24,8192,676.880,49152,0,0,1
opt_uint_sub,l2_n1024,word_carry,25,8192,662.821,49152,0,0,1
opt_uint_sub,l2_n1024,circuit_z,25,8192,675.151,49152,0,0,1
opt_uint_sub,l2_n1024,word_carry,26,8192,671.448,49152,0,0,1
opt_uint_sub,l2_n1024,circuit_z,26,8192,689.224,49152,0,0,1
opt_uint_sub,l2_n1024,word_carry,27,8192,677.297,49152,0,0,1
opt_uint_sub,l2_n1024,circuit_z,27,8192,667.567,49152,0,0,1
opt_uint_sub,l2_n1024,circuit_z,28,8192,653.941,49152,0,0,1
opt_uint_sub,l2_n1024,word_carry,28,8192,680.201,49152,0,0,1
opt_uint_sub,l2_n1024,circuit_z,29,8192,674.749,49152,0,0,1
opt_uint_sub,l2_n1024,word_carry,29,8192,665.548,49152,0,0,1
opt_uint_sub,l2_n1024,circuit_z,30,8192,669.856,49152,0,0,1
opt_uint_sub,l2_n1024,word_carry,30,8192,669.067,49152,0,0,1
opt_uint_sub,l2_n1024,word_carry,31,8192,659.495,49152,0,0,1
opt_uint_sub,l2_n1024,circuit_z,31,8192,665.405,49152,0,0,1
opt_uint_sub,l2_n1024,circuit_z,32,8192,673.706,49152,0,0,1
opt_uint_sub,l2_n1024,word_carry,32,8192,659.663,49152,0,0,1
opt_uint_sub,l2_n1024,word_carry,33,8192,662.730,49152,0,0,1
opt_uint_sub,l2_n1024,circuit_z,33,8192,678.528,49152,0,0,1
opt_uint_sub,l2_n1024,word_carry,34,8192,663.091,49152,0,0,1
opt_uint_sub,l2_n1024,circuit_z,34,8192,684.402,49152,0,0,1
opt_uint_sub,l2_n1024,circuit_z,35,8192,654.221,49152,0,0,1
opt_uint_sub,l2_n1024,word_carry,35,8192,683.818,49152,0,0,1
opt_uint_sub,l2_n1024,circuit_z,36,8192,679.362,49152,0,0,1
opt_uint_sub,l2_n1024,word_carry,36,8192,699.381,49152,0,0,1
opt_uint_sub,l2_n1024,circuit_z,37,8192,712.011,49152,0,0,1
opt_uint_sub,l2_n1024,word_carry,37,8192,654.724,49152,0,0,1
opt_uint_sub,l2_n1024,circuit_z,38,8192,660.507,49152,0,0,1
opt_uint_sub,l2_n1024,word_carry,38,8192,660.746,49152,0,0,1
opt_uint_sub,l2_n1024,circuit_z,39,8192,693.385,49152,0,0,1
opt_uint_sub,l2_n1024,word_carry,39,8192,665.105,49152,0,0,1
opt_uint_sub,l2_n1024,word_carry,40,8192,663.920,49152,0,0,1
opt_uint_sub,l2_n1024,circuit_z,40,8192,662.440,49152,0,0,1
opt_uint_sub,l2_n1024,circuit_z,41,8192,661.000,49152,0,0,1
opt_uint_sub,l2_n1024,word_carry,41,8192,656.637,49152,0,0,1
opt_uint_sub,l2_n1024,circuit_z,42,8192,674.077,49152,0,0,1
opt_uint_sub,l2_n1024,word_carry,42,8192,656.886,49152,0,0,1
opt_uint_sub,l2_n1024,word_carry,43,8192,671.015,49152,0,0,1
opt_uint_sub,l2_n1024,circuit_z,43,8192,676.849,49152,0,0,1
opt_uint_sub,l2_n1024,word_carry,44,8192,662.058,49152,0,0,1
opt_uint_sub,l2_n1024,circuit_z,44,8192,670.512,49152,0,0,1
opt_uint_sub,l2_n1024,word_carry,45,8192,664.322,49152,0,0,1
opt_uint_sub,l2_n1024,circuit_z,45,8192,673.864,49152,0,0,1
opt_uint_sub,l2_n1024,circuit_z,46,8192,669.307,49152,0,0,1
opt_uint_sub,l2_n1024,word_carry,46,8192,673.986,49152,0,0,1
opt_uint_sub,l2_n1024,word_carry,47,8192,660.772,49152,0,0,1
opt_uint_sub,l2_n1024,circuit_z,47,8192,668.691,49152,0,0,1
opt_uint_sub,l2_n1024,circuit_z,48,8192,680.425,49152,0,0,1
opt_uint_sub,l2_n1024,word_carry,48,8192,665.782,49152,0,0,1
opt_uint_sub,l2_n1024,circuit_z,49,8192,669.281,49152,0,0,1
opt_uint_sub,l2_n1024,word_carry,49,8192,681.468,49152,0,0,1
opt_uint_sub,l2_n1024,circuit_z,50,8192,664.495,49152,0,0,1
opt_uint_sub,l2_n1024,word_carry,50,8192,670.542,49152,0,0,1
opt_uint_sub,l2_n1024,word_carry,51,8192,661.372,49152,0,0,1
opt_uint_sub,l2_n1024,circuit_z,51,8192,665.187,49152,0,0,1
opt_uint_sub,l2_n1024,circuit_z,52,8192,671.519,49152,0,0,1
opt_uint_sub,l2_n1024,word_carry,52,8192,674.769,49152,0,0,1
opt_uint_sub,l2_n1024,circuit_z,53,8192,665.543,49152,0,0,1
opt_uint_sub,l2_n1024,word_carry,53,8192,673.528,49152,0,0,1
opt_uint_sub,l2_n1024,word_carry,54,8192,689.351,49152,0,0,1
opt_uint_sub,l2_n1024,circuit_z,54,8192,666.656,49152,0,0,1
opt_uint_sub,l2_n1024,word_carry,55,8192,667.786,49152,0,0,1
opt_uint_sub,l2_n1024,circuit_z,55,8192,675.669,49152,0,0,1
opt_uint_sub,l2_n1024,word_carry,56,8192,654.475,49152,0,0,1
opt_uint_sub,l2_n1024,circuit_z,56,8192,672.043,49152,0,0,1
opt_uint_sub,l2_n1024,circuit_z,57,8192,692.001,49152,0,0,1
opt_uint_sub,l2_n1024,word_carry,57,8192,668.671,49152,0,0,1
opt_uint_sub,l2_n1024,word_carry,58,8192,671.722,49152,0,0,1
opt_uint_sub,l2_n1024,circuit_z,58,8192,671.763,49152,0,0,1
opt_uint_sub,l2_n1024,word_carry,59,8192,680.272,49152,0,0,1
opt_uint_sub,l2_n1024,circuit_z,59,8192,681.386,49152,0,0,1
opt_uint_sub,l2_n1024,circuit_z,60,8192,673.070,49152,0,0,1
opt_uint_sub,l2_n1024,word_carry,60,8192,658.254,49152,0,0,1
opt_uint_sub,l2_n1024,word_carry,61,8192,662.069,49152,0,0,1
opt_uint_sub,l2_n1024,circuit_z,61,8192,671.931,49152,0,0,1
opt_uint_sub,l2_n1024,word_carry,62,8192,669.215,49152,0,0,1
opt_uint_sub,l2_n1024,circuit_z,62,8192,661.402,49152,0,0,1
opt_uint_sub,l2_n1024,circuit_z,63,8192,668.772,49152,0,0,1
opt_uint_sub,l2_n1024,word_carry,63,8192,655.436,49152,0,0,1
opt_uint_checked_sub,l2_n1024,word_option,0,4096,1219.055,49152,0,0,1
opt_uint_checked_sub,l2_n1024,vendor_option,0,4096,1184.479,49152,0,0,1
opt_uint_checked_sub,l2_n1024,vendor_option,1,4096,1235.138,49152,0,0,1
opt_uint_checked_sub,l2_n1024,word_option,1,4096,1199.544,49152,0,0,1
opt_uint_checked_sub,l2_n1024,word_option,2,4096,1242.310,49152,0,0,1
opt_uint_checked_sub,l2_n1024,vendor_option,2,4096,1205.637,49152,0,0,1
opt_uint_checked_sub,l2_n1024,word_option,3,4096,1224.630,49152,0,0,1
opt_uint_checked_sub,l2_n1024,vendor_option,3,4096,1179.555,49152,0,0,1
opt_uint_checked_sub,l2_n1024,vendor_option,4,4096,1228.821,49152,0,0,1
opt_uint_checked_sub,l2_n1024,word_option,4,4096,1249.593,49152,0,0,1
opt_uint_checked_sub,l2_n1024,vendor_option,5,4096,1186.747,49152,0,0,1
opt_uint_checked_sub,l2_n1024,word_option,5,4096,1220.154,49152,0,0,1
opt_uint_checked_sub,l2_n1024,vendor_option,6,4096,1219.747,49152,0,0,1
opt_uint_checked_sub,l2_n1024,word_option,6,4096,1227.183,49152,0,0,1
opt_uint_checked_sub,l2_n1024,word_option,7,4096,1212.931,49152,0,0,1
opt_uint_checked_sub,l2_n1024,vendor_option,7,4096,1241.597,49152,0,0,1
opt_uint_checked_sub,l2_n1024,vendor_option,8,4096,1178.904,49152,0,0,1
opt_uint_checked_sub,l2_n1024,word_option,8,4096,1224.609,49152,0,0,1
opt_uint_checked_sub,l2_n1024,word_option,9,4096,1214.437,49152,0,0,1
opt_uint_checked_sub,l2_n1024,vendor_option,9,4096,1198.110,49152,0,0,1
opt_uint_checked_sub,l2_n1024,vendor_option,10,4096,1178.497,49152,0,0,1
opt_uint_checked_sub,l2_n1024,word_option,10,4096,1227.132,49152,0,0,1
opt_uint_checked_sub,l2_n1024,vendor_option,11,4096,1219.950,49152,0,0,1
opt_uint_checked_sub,l2_n1024,word_option,11,4096,1235.178,49152,0,0,1
opt_uint_checked_sub,l2_n1024,word_option,12,4096,1222.951,49152,0,0,1
opt_uint_checked_sub,l2_n1024,vendor_option,12,4096,1205.322,49152,0,0,1
opt_uint_checked_sub,l2_n1024,vendor_option,13,4096,1216.817,49152,0,0,1
opt_uint_checked_sub,l2_n1024,word_option,13,4096,1221.934,49152,0,0,1
opt_uint_checked_sub,l2_n1024,vendor_option,14,4096,1206.299,49152,0,0,1
opt_uint_checked_sub,l2_n1024,word_option,14,4096,1270.040,49152,0,0,1
opt_uint_checked_sub,l2_n1024,vendor_option,15,4096,1223.521,49152,0,0,1
opt_uint_checked_sub,l2_n1024,word_option,15,4096,1242.605,49152,0,0,1
opt_uint_checked_sub,l2_n1024,vendor_option,16,4096,1196.472,49152,0,0,1
opt_uint_checked_sub,l2_n1024,word_option,16,4096,1238.180,49152,0,0,1
opt_uint_checked_sub,l2_n1024,word_option,17,4096,1232.615,49152,0,0,1
opt_uint_checked_sub,l2_n1024,vendor_option,17,4096,1181.102,49152,0,0,1
opt_uint_checked_sub,l2_n1024,vendor_option,18,4096,1234.700,49152,0,0,1
opt_uint_checked_sub,l2_n1024,word_option,18,4096,1237.976,49152,0,0,1
opt_uint_checked_sub,l2_n1024,vendor_option,19,4096,1199.443,49152,0,0,1
opt_uint_checked_sub,l2_n1024,word_option,19,4096,1226.064,49152,0,0,1
opt_uint_checked_sub,l2_n1024,vendor_option,20,4096,1226.440,49152,0,0,1
opt_uint_checked_sub,l2_n1024,word_option,20,4096,1230.133,49152,0,0,1
opt_uint_checked_sub,l2_n1024,vendor_option,21,4096,1197.164,49152,0,0,1
opt_uint_checked_sub,l2_n1024,word_option,21,4096,1215.810,49152,0,0,1
opt_uint_checked_sub,l2_n1024,word_option,22,4096,1206.401,49152,0,0,1
opt_uint_checked_sub,l2_n1024,vendor_option,22,4096,1208.822,49152,0,0,1
opt_uint_checked_sub,l2_n1024,vendor_option,23,4096,1286.245,49152,0,0,1
opt_uint_checked_sub,l2_n1024,word_option,23,4096,1258.250,49152,0,0,1
opt_uint_checked_sub,l2_n1024,vendor_option,24,4096,1228.271,49152,0,0,1
opt_uint_checked_sub,l2_n1024,word_option,24,4096,1256.704,49152,0,0,1
opt_uint_checked_sub,l2_n1024,word_option,25,4096,1210.754,49152,0,0,1
opt_uint_checked_sub,l2_n1024,vendor_option,25,4096,1211.426,49152,0,0,1
opt_uint_checked_sub,l2_n1024,vendor_option,26,4096,1191.762,49152,0,0,1
opt_uint_checked_sub,l2_n1024,word_option,26,4096,1246.765,49152,0,0,1
opt_uint_checked_sub,l2_n1024,vendor_option,27,4096,1213.348,49152,0,0,1
opt_uint_checked_sub,l2_n1024,word_option,27,4096,1235.148,49152,0,0,1
opt_uint_checked_sub,l2_n1024,word_option,28,4096,1199.188,49152,0,0,1
opt_uint_checked_sub,l2_n1024,vendor_option,28,4096,1188.751,49152,0,0,1
opt_uint_checked_sub,l2_n1024,word_option,29,4096,1200.439,49152,0,0,1
opt_uint_checked_sub,l2_n1024,vendor_option,29,4096,1248.820,49152,0,0,1
opt_uint_checked_sub,l2_n1024,word_option,30,4096,1237.691,49152,0,0,1
opt_uint_checked_sub,l2_n1024,vendor_option,30,4096,1202.576,49152,0,0,1
opt_uint_checked_sub,l2_n1024,word_option,31,4096,1220.510,49152,0,0,1
opt_uint_checked_sub,l2_n1024,vendor_option,31,4096,1194.397,49152,0,0,1
opt_uint_checked_sub,l2_n1024,vendor_option,32,4096,1183.482,49152,0,0,1
opt_uint_checked_sub,l2_n1024,word_option,32,4096,1260.518,49152,0,0,1
opt_uint_checked_sub,l2_n1024,vendor_option,33,4096,1179.189,49152,0,0,1
opt_uint_checked_sub,l2_n1024,word_option,33,4096,1229.543,49152,0,0,1
opt_uint_checked_sub,l2_n1024,vendor_option,34,4096,1183.563,49152,0,0,1
opt_uint_checked_sub,l2_n1024,word_option,34,4096,1227.824,49152,0,0,1
opt_uint_checked_sub,l2_n1024,vendor_option,35,4096,1187.622,49152,0,0,1
opt_uint_checked_sub,l2_n1024,word_option,35,4096,1218.007,49152,0,0,1
opt_uint_checked_sub,l2_n1024,word_option,36,4096,1266.256,49152,0,0,1
opt_uint_checked_sub,l2_n1024,vendor_option,36,4096,1201.202,49152,0,0,1
opt_uint_checked_sub,l2_n1024,vendor_option,37,4096,1182.353,49152,0,0,1
opt_uint_checked_sub,l2_n1024,word_option,37,4096,1222.219,49152,0,0,1
opt_uint_checked_sub,l2_n1024,word_option,38,4096,1233.876,49152,0,0,1
opt_uint_checked_sub,l2_n1024,vendor_option,38,4096,1197.947,49152,0,0,1
opt_uint_checked_sub,l2_n1024,word_option,39,4096,1199.727,49152,0,0,1
opt_uint_checked_sub,l2_n1024,vendor_option,39,4096,1208.384,49152,0,0,1
opt_uint_checked_sub,l2_n1024,word_option,40,4096,1219.381,49152,0,0,1
opt_uint_checked_sub,l2_n1024,vendor_option,40,4096,1200.134,49152,0,0,1
opt_uint_checked_sub,l2_n1024,vendor_option,41,4096,1233.490,49152,0,0,1
opt_uint_checked_sub,l2_n1024,word_option,41,4096,1227.600,49152,0,0,1
opt_uint_checked_sub,l2_n1024,vendor_option,42,4096,1183.167,49152,0,0,1
opt_uint_checked_sub,l2_n1024,word_option,42,4096,1231.140,49152,0,0,1
opt_uint_checked_sub,l2_n1024,word_option,43,4096,1208.760,49152,0,0,1
opt_uint_checked_sub,l2_n1024,vendor_option,43,4096,1262.115,49152,0,0,1
opt_uint_checked_sub,l2_n1024,word_option,44,4096,1243.713,49152,0,0,1
opt_uint_checked_sub,l2_n1024,vendor_option,44,4096,1209.696,49152,0,0,1
opt_uint_checked_sub,l2_n1024,vendor_option,45,4096,1180.003,49152,0,0,1
opt_uint_checked_sub,l2_n1024,word_option,45,4096,1215.953,49152,0,0,1
opt_uint_checked_sub,l2_n1024,vendor_option,46,4096,1227.122,49152,0,0,1
opt_uint_checked_sub,l2_n1024,word_option,46,4096,1225.515,49152,0,0,1
opt_uint_checked_sub,l2_n1024,vendor_option,47,4096,1178.986,49152,0,0,1
opt_uint_checked_sub,l2_n1024,word_option,47,4096,1226.756,49152,0,0,1
opt_uint_checked_sub,l2_n1024,vendor_option,48,4096,1204.651,49152,0,0,1
opt_uint_checked_sub,l2_n1024,word_option,48,4096,1215.078,49152,0,0,1
opt_uint_checked_sub,l2_n1024,vendor_option,49,4096,1186.635,49152,0,0,1
opt_uint_checked_sub,l2_n1024,word_option,49,4096,1259.084,49152,0,0,1
opt_uint_checked_sub,l2_n1024,vendor_option,50,4096,1224.884,49152,0,0,1
opt_uint_checked_sub,l2_n1024,word_option,50,4096,1220.774,49152,0,0,1
opt_uint_checked_sub,l2_n1024,word_option,51,4096,1238.871,49152,0,0,1
opt_uint_checked_sub,l2_n1024,vendor_option,51,4096,1194.427,49152,0,0,1
opt_uint_checked_sub,l2_n1024,vendor_option,52,4096,1181.284,49152,0,0,1
opt_uint_checked_sub,l2_n1024,word_option,52,4096,1238.261,49152,0,0,1
opt_uint_checked_sub,l2_n1024,word_option,53,4096,1260.030,49152,0,0,1
opt_uint_checked_sub,l2_n1024,vendor_option,53,4096,1210.307,49152,0,0,1
opt_uint_checked_sub,l2_n1024,word_option,54,4096,1236.318,49152,0,0,1
opt_uint_checked_sub,l2_n1024,vendor_option,54,4096,1239.563,49152,0,0,1
opt_uint_checked_sub,l2_n1024,vendor_option,55,4096,1182.353,49152,0,0,1
opt_uint_checked_sub,l2_n1024,word_option,55,4096,1215.454,49152,0,0,1
opt_uint_checked_sub,l2_n1024,word_option,56,4096,1237.000,49152,0,0,1
opt_uint_checked_sub,l2_n1024,vendor_option,56,4096,1271.250,49152,0,0,1
opt_uint_checked_sub,l2_n1024,word_option,57,4096,1200.378,49152,0,0,1
opt_uint_checked_sub,l2_n1024,vendor_option,57,4096,1186.534,49152,0,0,1
opt_uint_checked_sub,l2_n1024,vendor_option,58,4096,1187.103,49152,0,0,1
opt_uint_checked_sub,l2_n1024,word_option,58,4096,1215.607,49152,0,0,1
opt_uint_checked_sub,l2_n1024,vendor_option,59,4096,1206.075,49152,0,0,1
opt_uint_checked_sub,l2_n1024,word_option,59,4096,1292.338,49152,0,0,1
opt_uint_checked_sub,l2_n1024,word_option,60,4096,1200.449,49152,0,0,1
opt_uint_checked_sub,l2_n1024,vendor_option,60,4096,1207.469,49152,0,0,1
opt_uint_checked_sub,l2_n1024,word_option,61,4096,1205.638,49152,0,0,1
opt_uint_checked_sub,l2_n1024,vendor_option,61,4096,1195.689,49152,0,0,1
opt_uint_checked_sub,l2_n1024,word_option,62,4096,1208.984,49152,0,0,1
opt_uint_checked_sub,l2_n1024,vendor_option,62,4096,1206.136,49152,0,0,1
opt_uint_checked_sub,l2_n1024,word_option,63,4096,1250.478,49152,0,0,1
opt_uint_checked_sub,l2_n1024,vendor_option,63,4096,1235.769,49152,0,0,1
opt_uint_sub,l4_n16,word_carry,0,262144,22.191,1536,0,0,1
opt_uint_sub,l4_n16,circuit_z,0,262144,21.796,1536,0,0,1
opt_uint_sub,l4_n16,circuit_z,1,262144,22.501,1536,0,0,1
opt_uint_sub,l4_n16,word_carry,1,262144,22.066,1536,0,0,1
opt_uint_sub,l4_n16,word_carry,2,262144,22.498,1536,0,0,1
opt_uint_sub,l4_n16,circuit_z,2,262144,22.034,1536,0,0,1
opt_uint_sub,l4_n16,circuit_z,3,262144,21.850,1536,0,0,1
opt_uint_sub,l4_n16,word_carry,3,262144,23.012,1536,0,0,1
opt_uint_sub,l4_n16,word_carry,4,262144,22.327,1536,0,0,1
opt_uint_sub,l4_n16,circuit_z,4,262144,22.226,1536,0,0,1
opt_uint_sub,l4_n16,word_carry,5,262144,22.008,1536,0,0,1
opt_uint_sub,l4_n16,circuit_z,5,262144,21.913,1536,0,0,1
opt_uint_sub,l4_n16,circuit_z,6,262144,22.181,1536,0,0,1
opt_uint_sub,l4_n16,word_carry,6,262144,21.905,1536,0,0,1
opt_uint_sub,l4_n16,circuit_z,7,262144,22.993,1536,0,0,1
opt_uint_sub,l4_n16,word_carry,7,262144,22.312,1536,0,0,1
opt_uint_sub,l4_n16,circuit_z,8,262144,22.144,1536,0,0,1
opt_uint_sub,l4_n16,word_carry,8,262144,21.911,1536,0,0,1
opt_uint_sub,l4_n16,word_carry,9,262144,22.696,1536,0,0,1
opt_uint_sub,l4_n16,circuit_z,9,262144,22.128,1536,0,0,1
opt_uint_sub,l4_n16,word_carry,10,262144,21.887,1536,0,0,1
opt_uint_sub,l4_n16,circuit_z,10,262144,21.999,1536,0,0,1
opt_uint_sub,l4_n16,circuit_z,11,262144,21.770,1536,0,0,1
opt_uint_sub,l4_n16,word_carry,11,262144,22.159,1536,0,0,1
opt_uint_sub,l4_n16,word_carry,12,262144,22.168,1536,0,0,1
opt_uint_sub,l4_n16,circuit_z,12,262144,22.109,1536,0,0,1
opt_uint_sub,l4_n16,word_carry,13,262144,23.046,1536,0,0,1
opt_uint_sub,l4_n16,circuit_z,13,262144,21.779,1536,0,0,1
opt_uint_sub,l4_n16,circuit_z,14,262144,22.337,1536,0,0,1
opt_uint_sub,l4_n16,word_carry,14,262144,22.156,1536,0,0,1
opt_uint_sub,l4_n16,word_carry,15,262144,22.936,1536,0,0,1
opt_uint_sub,l4_n16,circuit_z,15,262144,22.556,1536,0,0,1
opt_uint_sub,l4_n16,circuit_z,16,262144,22.194,1536,0,0,1
opt_uint_sub,l4_n16,word_carry,16,262144,22.802,1536,0,0,1
opt_uint_sub,l4_n16,circuit_z,17,262144,22.165,1536,0,0,1
opt_uint_sub,l4_n16,word_carry,17,262144,22.223,1536,0,0,1
opt_uint_sub,l4_n16,word_carry,18,262144,22.418,1536,0,0,1
opt_uint_sub,l4_n16,circuit_z,18,262144,22.534,1536,0,0,1
opt_uint_sub,l4_n16,circuit_z,19,262144,22.533,1536,0,0,1
opt_uint_sub,l4_n16,word_carry,19,262144,22.678,1536,0,0,1
opt_uint_sub,l4_n16,word_carry,20,262144,22.374,1536,0,0,1
opt_uint_sub,l4_n16,circuit_z,20,262144,22.127,1536,0,0,1
opt_uint_sub,l4_n16,circuit_z,21,262144,22.524,1536,0,0,1
opt_uint_sub,l4_n16,word_carry,21,262144,22.221,1536,0,0,1
opt_uint_sub,l4_n16,word_carry,22,262144,22.111,1536,0,0,1
opt_uint_sub,l4_n16,circuit_z,22,262144,22.064,1536,0,0,1
opt_uint_sub,l4_n16,circuit_z,23,262144,21.885,1536,0,0,1
opt_uint_sub,l4_n16,word_carry,23,262144,22.827,1536,0,0,1
opt_uint_sub,l4_n16,word_carry,24,262144,22.470,1536,0,0,1
opt_uint_sub,l4_n16,circuit_z,24,262144,21.925,1536,0,0,1
opt_uint_sub,l4_n16,word_carry,25,262144,22.228,1536,0,0,1
opt_uint_sub,l4_n16,circuit_z,25,262144,21.811,1536,0,0,1
opt_uint_sub,l4_n16,circuit_z,26,262144,22.341,1536,0,0,1
opt_uint_sub,l4_n16,word_carry,26,262144,22.302,1536,0,0,1
opt_uint_sub,l4_n16,word_carry,27,262144,22.012,1536,0,0,1
opt_uint_sub,l4_n16,circuit_z,27,262144,22.138,1536,0,0,1
opt_uint_sub,l4_n16,word_carry,28,262144,21.926,1536,0,0,1
opt_uint_sub,l4_n16,circuit_z,28,262144,22.123,1536,0,0,1
opt_uint_sub,l4_n16,circuit_z,29,262144,22.081,1536,0,0,1
opt_uint_sub,l4_n16,word_carry,29,262144,23.326,1536,0,0,1
opt_uint_sub,l4_n16,word_carry,30,262144,23.187,1536,0,0,1
opt_uint_sub,l4_n16,circuit_z,30,262144,22.097,1536,0,0,1
opt_uint_sub,l4_n16,circuit_z,31,262144,22.225,1536,0,0,1
opt_uint_sub,l4_n16,word_carry,31,262144,21.995,1536,0,0,1
opt_uint_sub,l4_n16,circuit_z,32,262144,22.530,1536,0,0,1
opt_uint_sub,l4_n16,word_carry,32,262144,22.318,1536,0,0,1
opt_uint_sub,l4_n16,word_carry,33,262144,22.451,1536,0,0,1
opt_uint_sub,l4_n16,circuit_z,33,262144,22.695,1536,0,0,1
opt_uint_sub,l4_n16,circuit_z,34,262144,22.127,1536,0,0,1
opt_uint_sub,l4_n16,word_carry,34,262144,22.178,1536,0,0,1
opt_uint_sub,l4_n16,circuit_z,35,262144,22.235,1536,0,0,1
opt_uint_sub,l4_n16,word_carry,35,262144,22.286,1536,0,0,1
opt_uint_sub,l4_n16,circuit_z,36,262144,22.368,1536,0,0,1
opt_uint_sub,l4_n16,word_carry,36,262144,21.843,1536,0,0,1
opt_uint_sub,l4_n16,word_carry,37,262144,22.174,1536,0,0,1
opt_uint_sub,l4_n16,circuit_z,37,262144,22.241,1536,0,0,1
opt_uint_sub,l4_n16,circuit_z,38,262144,22.726,1536,0,0,1
opt_uint_sub,l4_n16,word_carry,38,262144,22.124,1536,0,0,1
opt_uint_sub,l4_n16,word_carry,39,262144,21.819,1536,0,0,1
opt_uint_sub,l4_n16,circuit_z,39,262144,22.592,1536,0,0,1
opt_uint_sub,l4_n16,word_carry,40,262144,22.007,1536,0,0,1
opt_uint_sub,l4_n16,circuit_z,40,262144,22.065,1536,0,0,1
opt_uint_sub,l4_n16,word_carry,41,262144,23.050,1536,0,0,1
opt_uint_sub,l4_n16,circuit_z,41,262144,22.538,1536,0,0,1
opt_uint_sub,l4_n16,word_carry,42,262144,22.382,1536,0,0,1
opt_uint_sub,l4_n16,circuit_z,42,262144,21.864,1536,0,0,1
opt_uint_sub,l4_n16,circuit_z,43,262144,23.549,1536,0,0,1
opt_uint_sub,l4_n16,word_carry,43,262144,22.082,1536,0,0,1
opt_uint_sub,l4_n16,word_carry,44,262144,22.661,1536,0,0,1
opt_uint_sub,l4_n16,circuit_z,44,262144,22.033,1536,0,0,1
opt_uint_sub,l4_n16,circuit_z,45,262144,22.093,1536,0,0,1
opt_uint_sub,l4_n16,word_carry,45,262144,22.037,1536,0,0,1
opt_uint_sub,l4_n16,word_carry,46,262144,22.332,1536,0,0,1
opt_uint_sub,l4_n16,circuit_z,46,262144,22.682,1536,0,0,1
opt_uint_sub,l4_n16,word_carry,47,262144,22.598,1536,0,0,1
opt_uint_sub,l4_n16,circuit_z,47,262144,22.202,1536,0,0,1
opt_uint_sub,l4_n16,circuit_z,48,262144,22.001,1536,0,0,1
opt_uint_sub,l4_n16,word_carry,48,262144,21.959,1536,0,0,1
opt_uint_sub,l4_n16,circuit_z,49,262144,22.179,1536,0,0,1
opt_uint_sub,l4_n16,word_carry,49,262144,23.101,1536,0,0,1
opt_uint_sub,l4_n16,circuit_z,50,262144,22.450,1536,0,0,1
opt_uint_sub,l4_n16,word_carry,50,262144,22.220,1536,0,0,1
opt_uint_sub,l4_n16,word_carry,51,262144,22.300,1536,0,0,1
opt_uint_sub,l4_n16,circuit_z,51,262144,22.271,1536,0,0,1
opt_uint_sub,l4_n16,circuit_z,52,262144,22.272,1536,0,0,1
opt_uint_sub,l4_n16,word_carry,52,262144,22.426,1536,0,0,1
opt_uint_sub,l4_n16,word_carry,53,262144,22.591,1536,0,0,1
opt_uint_sub,l4_n16,circuit_z,53,262144,22.173,1536,0,0,1
opt_uint_sub,l4_n16,word_carry,54,262144,22.288,1536,0,0,1
opt_uint_sub,l4_n16,circuit_z,54,262144,22.257,1536,0,0,1
opt_uint_sub,l4_n16,circuit_z,55,262144,23.486,1536,0,0,1
opt_uint_sub,l4_n16,word_carry,55,262144,21.929,1536,0,0,1
opt_uint_sub,l4_n16,word_carry,56,262144,22.813,1536,0,0,1
opt_uint_sub,l4_n16,circuit_z,56,262144,22.346,1536,0,0,1
opt_uint_sub,l4_n16,word_carry,57,262144,21.822,1536,0,0,1
opt_uint_sub,l4_n16,circuit_z,57,262144,22.223,1536,0,0,1
opt_uint_sub,l4_n16,word_carry,58,262144,23.274,1536,0,0,1
opt_uint_sub,l4_n16,circuit_z,58,262144,22.217,1536,0,0,1
opt_uint_sub,l4_n16,circuit_z,59,262144,22.963,1536,0,0,1
opt_uint_sub,l4_n16,word_carry,59,262144,22.149,1536,0,0,1
opt_uint_sub,l4_n16,circuit_z,60,262144,22.190,1536,0,0,1
opt_uint_sub,l4_n16,word_carry,60,262144,22.071,1536,0,0,1
opt_uint_sub,l4_n16,circuit_z,61,262144,22.225,1536,0,0,1
opt_uint_sub,l4_n16,word_carry,61,262144,22.432,1536,0,0,1
opt_uint_sub,l4_n16,circuit_z,62,262144,22.153,1536,0,0,1
opt_uint_sub,l4_n16,word_carry,62,262144,22.000,1536,0,0,1
opt_uint_sub,l4_n16,word_carry,63,262144,22.182,1536,0,0,1
opt_uint_sub,l4_n16,circuit_z,63,262144,22.382,1536,0,0,1
opt_uint_sub,l4_n1024,word_carry,0,4096,1364.431,98304,0,0,1
opt_uint_sub,l4_n1024,circuit_z,0,4096,1339.254,98304,0,0,1
opt_uint_sub,l4_n1024,circuit_z,1,4096,1408.366,98304,0,0,1
opt_uint_sub,l4_n1024,word_carry,1,4096,1384.857,98304,0,0,1
opt_uint_sub,l4_n1024,word_carry,2,4096,1353.760,98304,0,0,1
opt_uint_sub,l4_n1024,circuit_z,2,4096,1374.430,98304,0,0,1
opt_uint_sub,l4_n1024,word_carry,3,4096,1386.698,98304,0,0,1
opt_uint_sub,l4_n1024,circuit_z,3,4096,1382.528,98304,0,0,1
opt_uint_sub,l4_n1024,word_carry,4,4096,1360.036,98304,0,0,1
opt_uint_sub,l4_n1024,circuit_z,4,4096,1365.977,98304,0,0,1
opt_uint_sub,l4_n1024,word_carry,5,4096,1337.178,98304,0,0,1
opt_uint_sub,l4_n1024,circuit_z,5,4096,1328.654,98304,0,0,1
opt_uint_sub,l4_n1024,word_carry,6,4096,1333.689,98304,0,0,1
opt_uint_sub,l4_n1024,circuit_z,6,4096,1361.481,98304,0,0,1
opt_uint_sub,l4_n1024,circuit_z,7,4096,1410.624,98304,0,0,1
opt_uint_sub,l4_n1024,word_carry,7,4096,1334.493,98304,0,0,1
opt_uint_sub,l4_n1024,word_carry,8,4096,1362.223,98304,0,0,1
opt_uint_sub,l4_n1024,circuit_z,8,4096,1346.934,98304,0,0,1
opt_uint_sub,l4_n1024,word_carry,9,4096,1368.815,98304,0,0,1
opt_uint_sub,l4_n1024,circuit_z,9,4096,1340.729,98304,0,0,1
opt_uint_sub,l4_n1024,word_carry,10,4096,1406.342,98304,0,0,1
opt_uint_sub,l4_n1024,circuit_z,10,4096,1333.354,98304,0,0,1
opt_uint_sub,l4_n1024,circuit_z,11,4096,1374.034,98304,0,0,1
opt_uint_sub,l4_n1024,word_carry,11,4096,1393.850,98304,0,0,1
opt_uint_sub,l4_n1024,circuit_z,12,4096,1462.982,98304,0,0,1
opt_uint_sub,l4_n1024,word_carry,12,4096,1396.301,98304,0,0,1
opt_uint_sub,l4_n1024,word_carry,13,4096,1356.181,98304,0,0,1
opt_uint_sub,l4_n1024,circuit_z,13,4096,1363.464,98304,0,0,1
opt_uint_sub,l4_n1024,circuit_z,14,4096,1361.603,98304,0,0,1
opt_uint_sub,l4_n1024,word_carry,14,4096,1388.123,98304,0,0,1
opt_uint_sub,l4_n1024,word_carry,15,4096,1359.985,98304,0,0,1
opt_uint_sub,l4_n1024,circuit_z,15,4096,1365.784,98304,0,0,1
opt_uint_sub,l4_n1024,circuit_z,16,4096,1386.647,98304,0,0,1
opt_uint_sub,l4_n1024,word_carry,16,4096,1376.068,98304,0,0,1
opt_uint_sub,l4_n1024,circuit_z,17,4096,1352.142,98304,0,0,1
opt_uint_sub,l4_n1024,word_carry,17,4096,1334.697,98304,0,0,1
opt_uint_sub,l4_n1024,word_carry,18,4096,1355.672,98304,0,0,1
opt_uint_sub,l4_n1024,circuit_z,18,4096,1372.833,98304,0,0,1
opt_uint_sub,l4_n1024,word_carry,19,4096,1378.855,98304,0,0,1
opt_uint_sub,l4_n1024,circuit_z,19,4096,1342.641,98304,0,0,1
opt_uint_sub,l4_n1024,word_carry,20,4096,1366.496,98304,0,0,1
opt_uint_sub,l4_n1024,circuit_z,20,4096,1350.260,98304,0,0,1
opt_uint_sub,l4_n1024,word_carry,21,4096,1341.359,98304,0,0,1
opt_uint_sub,l4_n1024,circuit_z,21,4096,1360.107,98304,0,0,1
opt_uint_sub,l4_n1024,circuit_z,22,4096,1369.537,98304,0,0,1
opt_uint_sub,l4_n1024,word_carry,22,4096,1349.803,98304,0,0,1
opt_uint_sub,l4_n1024,word_carry,23,4096,1373.047,98304,0,0,1
opt_uint_sub,l4_n1024,circuit_z,23,4096,1373.169,98304,0,0,1
opt_uint_sub,l4_n1024,circuit_z,24,4096,1328.959,98304,0,0,1
opt_uint_sub,l4_n1024,word_carry,24,4096,1377.909,98304,0,0,1
opt_uint_sub,l4_n1024,circuit_z,25,4096,1400.706,98304,0,0,1
opt_uint_sub,l4_n1024,word_carry,25,4096,1353.251,98304,0,0,1
opt_uint_sub,l4_n1024,circuit_z,26,4096,1366.018,98304,0,0,1
opt_uint_sub,l4_n1024,word_carry,26,4096,1363.932,98304,0,0,1
opt_uint_sub,l4_n1024,circuit_z,27,4096,1344.594,98304,0,0,1
opt_uint_sub,l4_n1024,word_carry,27,4096,1342.712,98304,0,0,1
opt_uint_sub,l4_n1024,word_carry,28,4096,1342.855,98304,0,0,1
opt_uint_sub,l4_n1024,circuit_z,28,4096,1331.838,98304,0,0,1
opt_uint_sub,l4_n1024,word_carry,29,4096,1355.621,98304,0,0,1
opt_uint_sub,l4_n1024,circuit_z,29,4096,1409.403,98304,0,0,1
opt_uint_sub,l4_n1024,word_carry,30,4096,1378.042,98304,0,0,1
opt_uint_sub,l4_n1024,circuit_z,30,4096,1332.967,98304,0,0,1
opt_uint_sub,l4_n1024,circuit_z,31,4096,1384.389,98304,0,0,1
opt_uint_sub,l4_n1024,word_carry,31,4096,1340.383,98304,0,0,1
opt_uint_sub,l4_n1024,circuit_z,32,4096,1370.799,98304,0,0,1
opt_uint_sub,l4_n1024,word_carry,32,4096,1385.050,98304,0,0,1
opt_uint_sub,l4_n1024,circuit_z,33,4096,1328.990,98304,0,0,1
opt_uint_sub,l4_n1024,word_carry,33,4096,1357.300,98304,0,0,1
opt_uint_sub,l4_n1024,word_carry,34,4096,1372.660,98304,0,0,1
opt_uint_sub,l4_n1024,circuit_z,34,4096,1346.273,98304,0,0,1
opt_uint_sub,l4_n1024,word_carry,35,4096,1386.047,98304,0,0,1
opt_uint_sub,l4_n1024,circuit_z,35,4096,1383.789,98304,0,0,1
opt_uint_sub,l4_n1024,word_carry,36,4096,1371.033,98304,0,0,1
opt_uint_sub,l4_n1024,circuit_z,36,4096,1365.255,98304,0,0,1
opt_uint_sub,l4_n1024,word_carry,37,4096,1366.719,98304,0,0,1
opt_uint_sub,l4_n1024,circuit_z,37,4096,1342.295,98304,0,0,1
opt_uint_sub,l4_n1024,word_carry,38,4096,1339.956,98304,0,0,1
opt_uint_sub,l4_n1024,circuit_z,38,4096,1386.637,98304,0,0,1
opt_uint_sub,l4_n1024,word_carry,39,4096,1338.786,98304,0,0,1
opt_uint_sub,l4_n1024,circuit_z,39,4096,1337.016,98304,0,0,1
opt_uint_sub,l4_n1024,circuit_z,40,4096,1353.719,98304,0,0,1
opt_uint_sub,l4_n1024,word_carry,40,4096,1334.951,98304,0,0,1
opt_uint_sub,l4_n1024,circuit_z,41,4096,1349.640,98304,0,0,1
opt_uint_sub,l4_n1024,word_carry,41,4096,1455.251,98304,0,0,1
opt_uint_sub,l4_n1024,word_carry,42,4096,1389.974,98304,0,0,1
opt_uint_sub,l4_n1024,circuit_z,42,4096,1351.389,98304,0,0,1
opt_uint_sub,l4_n1024,circuit_z,43,4096,1356.201,98304,0,0,1
opt_uint_sub,l4_n1024,word_carry,43,4096,1355.733,98304,0,0,1
opt_uint_sub,l4_n1024,circuit_z,44,4096,1358.775,98304,0,0,1
opt_uint_sub,l4_n1024,word_carry,44,4096,1440.480,98304,0,0,1
opt_uint_sub,l4_n1024,word_carry,45,4096,1370.565,98304,0,0,1
opt_uint_sub,l4_n1024,circuit_z,45,4096,1355.174,98304,0,0,1
opt_uint_sub,l4_n1024,word_carry,46,4096,1373.790,98304,0,0,1
opt_uint_sub,l4_n1024,circuit_z,46,4096,1342.834,98304,0,0,1
opt_uint_sub,l4_n1024,word_carry,47,4096,1341.207,98304,0,0,1
opt_uint_sub,l4_n1024,circuit_z,47,4096,1383.107,98304,0,0,1
opt_uint_sub,l4_n1024,word_carry,48,4096,1349.355,98304,0,0,1
opt_uint_sub,l4_n1024,circuit_z,48,4096,1355.693,98304,0,0,1
opt_uint_sub,l4_n1024,word_carry,49,4096,1374.410,98304,0,0,1
opt_uint_sub,l4_n1024,circuit_z,49,4096,1347.626,98304,0,0,1
opt_uint_sub,l4_n1024,circuit_z,50,4096,1379.161,98304,0,0,1
opt_uint_sub,l4_n1024,word_carry,50,4096,1364.197,98304,0,0,1
opt_uint_sub,l4_n1024,word_carry,51,4096,1371.246,98304,0,0,1
opt_uint_sub,l4_n1024,circuit_z,51,4096,1351.033,98304,0,0,1
opt_uint_sub,l4_n1024,circuit_z,52,4096,1354.289,98304,0,0,1
opt_uint_sub,l4_n1024,word_carry,52,4096,1358.470,98304,0,0,1
opt_uint_sub,l4_n1024,circuit_z,53,4096,1391.022,98304,0,0,1
opt_uint_sub,l4_n1024,word_carry,53,4096,1388.255,98304,0,0,1
opt_uint_sub,l4_n1024,circuit_z,54,4096,1350.749,98304,0,0,1
opt_uint_sub,l4_n1024,word_carry,54,4096,1349.396,98304,0,0,1
opt_uint_sub,l4_n1024,word_carry,55,4096,1354.269,98304,0,0,1
opt_uint_sub,l4_n1024,circuit_z,55,4096,1363.983,98304,0,0,1
opt_uint_sub,l4_n1024,circuit_z,56,4096,1353.933,98304,0,0,1
opt_uint_sub,l4_n1024,word_carry,56,4096,1374.705,98304,0,0,1
opt_uint_sub,l4_n1024,word_carry,57,4096,1335.307,98304,0,0,1
opt_uint_sub,l4_n1024,circuit_z,57,4096,1386.027,98304,0,0,1
opt_uint_sub,l4_n1024,word_carry,58,4096,1399.760,98304,0,0,1
opt_uint_sub,l4_n1024,circuit_z,58,4096,1356.730,98304,0,0,1
opt_uint_sub,l4_n1024,word_carry,59,4096,1387.695,98304,0,0,1
opt_uint_sub,l4_n1024,circuit_z,59,4096,1392.059,98304,0,0,1
opt_uint_sub,l4_n1024,word_carry,60,4096,1341.807,98304,0,0,1
opt_uint_sub,l4_n1024,circuit_z,60,4096,1346.710,98304,0,0,1
opt_uint_sub,l4_n1024,word_carry,61,4096,1378.255,98304,0,0,1
opt_uint_sub,l4_n1024,circuit_z,61,4096,1330.190,98304,0,0,1
opt_uint_sub,l4_n1024,circuit_z,62,4096,1374.227,98304,0,0,1
opt_uint_sub,l4_n1024,word_carry,62,4096,1359.446,98304,0,0,1
opt_uint_sub,l4_n1024,circuit_z,63,4096,1338.196,98304,0,0,1
opt_uint_sub,l4_n1024,word_carry,63,4096,1361.847,98304,0,0,1
opt_uint_sub,l9_n16,word_carry,0,65536,63.877,3456,0,0,1
opt_uint_sub,l9_n16,circuit_z,0,65536,64.191,3456,0,0,1
opt_uint_sub,l9_n16,word_carry,1,65536,64.596,3456,0,0,1
opt_uint_sub,l9_n16,circuit_z,1,65536,61.192,3456,0,0,1
opt_uint_sub,l9_n16,circuit_z,2,65536,62.190,3456,0,0,1
opt_uint_sub,l9_n16,word_carry,2,65536,69.097,3456,0,0,1
opt_uint_sub,l9_n16,circuit_z,3,65536,63.806,3456,0,0,1
opt_uint_sub,l9_n16,word_carry,3,65536,64.519,3456,0,0,1
opt_uint_sub,l9_n16,word_carry,4,65536,64.458,3456,0,0,1
opt_uint_sub,l9_n16,circuit_z,4,65536,66.441,3456,0,0,1
opt_uint_sub,l9_n16,word_carry,5,65536,62.977,3456,0,0,1
opt_uint_sub,l9_n16,circuit_z,5,65536,62.667,3456,0,0,1
opt_uint_sub,l9_n16,circuit_z,6,65536,61.756,3456,0,0,1
opt_uint_sub,l9_n16,word_carry,6,65536,63.283,3456,0,0,1
opt_uint_sub,l9_n16,circuit_z,7,65536,62.304,3456,0,0,1
opt_uint_sub,l9_n16,word_carry,7,65536,66.125,3456,0,0,1
opt_uint_sub,l9_n16,circuit_z,8,65536,63.154,3456,0,0,1
opt_uint_sub,l9_n16,word_carry,8,65536,65.650,3456,0,0,1
opt_uint_sub,l9_n16,circuit_z,9,65536,62.344,3456,0,0,1
opt_uint_sub,l9_n16,word_carry,9,65536,64.660,3456,0,0,1
opt_uint_sub,l9_n16,circuit_z,10,65536,63.601,3456,0,0,1
opt_uint_sub,l9_n16,word_carry,10,65536,65.562,3456,0,0,1
opt_uint_sub,l9_n16,circuit_z,11,65536,64.250,3456,0,0,1
opt_uint_sub,l9_n16,word_carry,11,65536,61.994,3456,0,0,1
opt_uint_sub,l9_n16,circuit_z,12,65536,61.424,3456,0,0,1
opt_uint_sub,l9_n16,word_carry,12,65536,61.709,3456,0,0,1
opt_uint_sub,l9_n16,circuit_z,13,65536,63.057,3456,0,0,1
opt_uint_sub,l9_n16,word_carry,13,65536,65.119,3456,0,0,1
opt_uint_sub,l9_n16,circuit_z,14,65536,62.460,3456,0,0,1
opt_uint_sub,l9_n16,word_carry,14,65536,64.233,3456,0,0,1
opt_uint_sub,l9_n16,word_carry,15,65536,62.708,3456,0,0,1
opt_uint_sub,l9_n16,circuit_z,15,65536,64.796,3456,0,0,1
opt_uint_sub,l9_n16,word_carry,16,65536,64.941,3456,0,0,1
opt_uint_sub,l9_n16,circuit_z,16,65536,66.483,3456,0,0,1
opt_uint_sub,l9_n16,word_carry,17,65536,64.863,3456,0,0,1
opt_uint_sub,l9_n16,circuit_z,17,65536,61.558,3456,0,0,1
opt_uint_sub,l9_n16,word_carry,18,65536,62.278,3456,0,0,1
opt_uint_sub,l9_n16,circuit_z,18,65536,61.306,3456,0,0,1
opt_uint_sub,l9_n16,word_carry,19,65536,62.569,3456,0,0,1
opt_uint_sub,l9_n16,circuit_z,19,65536,65.323,3456,0,0,1
opt_uint_sub,l9_n16,word_carry,20,65536,61.666,3456,0,0,1
opt_uint_sub,l9_n16,circuit_z,20,65536,64.854,3456,0,0,1
opt_uint_sub,l9_n16,circuit_z,21,65536,61.951,3456,0,0,1
opt_uint_sub,l9_n16,word_carry,21,65536,64.636,3456,0,0,1
opt_uint_sub,l9_n16,circuit_z,22,65536,64.369,3456,0,0,1
opt_uint_sub,l9_n16,word_carry,22,65536,64.566,3456,0,0,1
opt_uint_sub,l9_n16,word_carry,23,65536,62.998,3456,0,0,1
opt_uint_sub,l9_n16,circuit_z,23,65536,61.372,3456,0,0,1
opt_uint_sub,l9_n16,circuit_z,24,65536,64.936,3456,0,0,1
opt_uint_sub,l9_n16,word_carry,24,65536,65.833,3456,0,0,1
opt_uint_sub,l9_n16,circuit_z,25,65536,63.344,3456,0,0,1
opt_uint_sub,l9_n16,word_carry,25,65536,65.693,3456,0,0,1
opt_uint_sub,l9_n16,circuit_z,26,65536,61.220,3456,0,0,1
opt_uint_sub,l9_n16,word_carry,26,65536,62.956,3456,0,0,1
opt_uint_sub,l9_n16,circuit_z,27,65536,63.534,3456,0,0,1
opt_uint_sub,l9_n16,word_carry,27,65536,60.391,3456,0,0,1
opt_uint_sub,l9_n16,circuit_z,28,65536,61.552,3456,0,0,1
opt_uint_sub,l9_n16,word_carry,28,65536,61.620,3456,0,0,1
opt_uint_sub,l9_n16,word_carry,29,65536,61.376,3456,0,0,1
opt_uint_sub,l9_n16,circuit_z,29,65536,64.761,3456,0,0,1
opt_uint_sub,l9_n16,word_carry,30,65536,62.909,3456,0,0,1
opt_uint_sub,l9_n16,circuit_z,30,65536,67.099,3456,0,0,1
opt_uint_sub,l9_n16,word_carry,31,65536,64.977,3456,0,0,1
opt_uint_sub,l9_n16,circuit_z,31,65536,61.897,3456,0,0,1
opt_uint_sub,l9_n16,circuit_z,32,65536,63.456,3456,0,0,1
opt_uint_sub,l9_n16,word_carry,32,65536,64.659,3456,0,0,1
opt_uint_sub,l9_n16,circuit_z,33,65536,65.703,3456,0,0,1
opt_uint_sub,l9_n16,word_carry,33,65536,61.081,3456,0,0,1
opt_uint_sub,l9_n16,circuit_z,34,65536,62.567,3456,0,0,1
opt_uint_sub,l9_n16,word_carry,34,65536,61.154,3456,0,0,1
opt_uint_sub,l9_n16,circuit_z,35,65536,60.811,3456,0,0,1
opt_uint_sub,l9_n16,word_carry,35,65536,62.893,3456,0,0,1
opt_uint_sub,l9_n16,circuit_z,36,65536,62.731,3456,0,0,1
opt_uint_sub,l9_n16,word_carry,36,65536,66.511,3456,0,0,1
opt_uint_sub,l9_n16,word_carry,37,65536,62.249,3456,0,0,1
opt_uint_sub,l9_n16,circuit_z,37,65536,64.657,3456,0,0,1
opt_uint_sub,l9_n16,word_carry,38,65536,65.457,3456,0,0,1
opt_uint_sub,l9_n16,circuit_z,38,65536,62.033,3456,0,0,1
opt_uint_sub,l9_n16,word_carry,39,65536,65.698,3456,0,0,1
opt_uint_sub,l9_n16,circuit_z,39,65536,64.049,3456,0,0,1
opt_uint_sub,l9_n16,circuit_z,40,65536,63.625,3456,0,0,1
opt_uint_sub,l9_n16,word_carry,40,65536,66.610,3456,0,0,1
opt_uint_sub,l9_n16,circuit_z,41,65536,64.695,3456,0,0,1
opt_uint_sub,l9_n16,word_carry,41,65536,64.355,3456,0,0,1
opt_uint_sub,l9_n16,word_carry,42,65536,61.584,3456,0,0,1
opt_uint_sub,l9_n16,circuit_z,42,65536,64.056,3456,0,0,1
opt_uint_sub,l9_n16,word_carry,43,65536,65.666,3456,0,0,1
opt_uint_sub,l9_n16,circuit_z,43,65536,63.114,3456,0,0,1
opt_uint_sub,l9_n16,word_carry,44,65536,66.505,3456,0,0,1
opt_uint_sub,l9_n16,circuit_z,44,65536,67.387,3456,0,0,1
opt_uint_sub,l9_n16,circuit_z,45,65536,63.090,3456,0,0,1
opt_uint_sub,l9_n16,word_carry,45,65536,63.409,3456,0,0,1
opt_uint_sub,l9_n16,circuit_z,46,65536,65.299,3456,0,0,1
opt_uint_sub,l9_n16,word_carry,46,65536,62.530,3456,0,0,1
opt_uint_sub,l9_n16,word_carry,47,65536,62.998,3456,0,0,1
opt_uint_sub,l9_n16,circuit_z,47,65536,64.875,3456,0,0,1
opt_uint_sub,l9_n16,word_carry,48,65536,61.818,3456,0,0,1
opt_uint_sub,l9_n16,circuit_z,48,65536,67.378,3456,0,0,1
opt_uint_sub,l9_n16,word_carry,49,65536,64.039,3456,0,0,1
opt_uint_sub,l9_n16,circuit_z,49,65536,62.930,3456,0,0,1
opt_uint_sub,l9_n16,word_carry,50,65536,65.136,3456,0,0,1
opt_uint_sub,l9_n16,circuit_z,50,65536,61.549,3456,0,0,1
opt_uint_sub,l9_n16,word_carry,51,65536,61.663,3456,0,0,1
opt_uint_sub,l9_n16,circuit_z,51,65536,62.904,3456,0,0,1
opt_uint_sub,l9_n16,word_carry,52,65536,65.441,3456,0,0,1
opt_uint_sub,l9_n16,circuit_z,52,65536,64.072,3456,0,0,1
opt_uint_sub,l9_n16,circuit_z,53,65536,61.812,3456,0,0,1
opt_uint_sub,l9_n16,word_carry,53,65536,62.675,3456,0,0,1
opt_uint_sub,l9_n16,word_carry,54,65536,67.169,3456,0,0,1
opt_uint_sub,l9_n16,circuit_z,54,65536,63.921,3456,0,0,1
opt_uint_sub,l9_n16,circuit_z,55,65536,63.447,3456,0,0,1
opt_uint_sub,l9_n16,word_carry,55,65536,65.144,3456,0,0,1
opt_uint_sub,l9_n16,circuit_z,56,65536,63.981,3456,0,0,1
opt_uint_sub,l9_n16,word_carry,56,65536,63.054,3456,0,0,1
opt_uint_sub,l9_n16,word_carry,57,65536,61.532,3456,0,0,1
opt_uint_sub,l9_n16,circuit_z,57,65536,63.562,3456,0,0,1
opt_uint_sub,l9_n16,circuit_z,58,65536,62.272,3456,0,0,1
opt_uint_sub,l9_n16,word_carry,58,65536,69.082,3456,0,0,1
opt_uint_sub,l9_n16,circuit_z,59,65536,62.401,3456,0,0,1
opt_uint_sub,l9_n16,word_carry,59,65536,63.830,3456,0,0,1
opt_uint_sub,l9_n16,circuit_z,60,65536,65.816,3456,0,0,1
opt_uint_sub,l9_n16,word_carry,60,65536,63.320,3456,0,0,1
opt_uint_sub,l9_n16,word_carry,61,65536,62.245,3456,0,0,1
opt_uint_sub,l9_n16,circuit_z,61,65536,62.663,3456,0,0,1
opt_uint_sub,l9_n16,word_carry,62,65536,66.308,3456,0,0,1
opt_uint_sub,l9_n16,circuit_z,62,65536,65.057,3456,0,0,1
opt_uint_sub,l9_n16,circuit_z,63,65536,59.734,3456,0,0,1
opt_uint_sub,l9_n16,word_carry,63,65536,64.782,3456,0,0,1
opt_uint_sub,l9_n1024,circuit_z,0,1024,4020.224,221184,0,0,1
opt_uint_sub,l9_n1024,word_carry,0,1024,3836.792,221184,0,0,1
opt_uint_sub,l9_n1024,circuit_z,1,1024,3957.967,221184,0,0,1
opt_uint_sub,l9_n1024,word_carry,1,1024,3918.417,221184,0,0,1
opt_uint_sub,l9_n1024,word_carry,2,1024,4099.325,221184,0,0,1
opt_uint_sub,l9_n1024,circuit_z,2,1024,4022.095,221184,0,0,1
opt_uint_sub,l9_n1024,word_carry,3,1024,3964.355,221184,0,0,1
opt_uint_sub,l9_n1024,circuit_z,3,1024,3997.640,221184,0,0,1
opt_uint_sub,l9_n1024,circuit_z,4,1024,3937.053,221184,0,0,1
opt_uint_sub,l9_n1024,word_carry,4,1024,3895.467,221184,0,0,1
opt_uint_sub,l9_n1024,word_carry,5,1024,4135.539,221184,0,0,1
opt_uint_sub,l9_n1024,circuit_z,5,1024,4022.786,221184,0,0,1
opt_uint_sub,l9_n1024,circuit_z,6,1024,3996.379,221184,0,0,1
opt_uint_sub,l9_n1024,word_carry,6,1024,3835.449,221184,0,0,1
opt_uint_sub,l9_n1024,word_carry,7,1024,3891.438,221184,0,0,1
opt_uint_sub,l9_n1024,circuit_z,7,1024,3992.757,221184,0,0,1
opt_uint_sub,l9_n1024,word_carry,8,1024,3885.823,221184,0,0,1
opt_uint_sub,l9_n1024,circuit_z,8,1024,4002.482,221184,0,0,1
opt_uint_sub,l9_n1024,word_carry,9,1024,3895.630,221184,0,0,1
opt_uint_sub,l9_n1024,circuit_z,9,1024,4219.849,221184,0,0,1
opt_uint_sub,l9_n1024,word_carry,10,1024,3835.979,221184,0,0,1
opt_uint_sub,l9_n1024,circuit_z,10,1024,3891.927,221184,0,0,1
opt_uint_sub,l9_n1024,word_carry,11,1024,3972.697,221184,0,0,1
opt_uint_sub,l9_n1024,circuit_z,11,1024,3989.177,221184,0,0,1
opt_uint_sub,l9_n1024,word_carry,12,1024,3899.089,221184,0,0,1
opt_uint_sub,l9_n1024,circuit_z,12,1024,3895.630,221184,0,0,1
opt_uint_sub,l9_n1024,word_carry,13,1024,3834.798,221184,0,0,1
opt_uint_sub,l9_n1024,circuit_z,13,1024,3986.287,221184,0,0,1
opt_uint_sub,l9_n1024,circuit_z,14,1024,4059.651,221184,0,0,1
opt_uint_sub,l9_n1024,word_carry,14,1024,3922.811,221184,0,0,1
opt_uint_sub,l9_n1024,word_carry,15,1024,3906.453,221184,0,0,1
opt_uint_sub,l9_n1024,circuit_z,15,1024,4021.973,221184,0,0,1
opt_uint_sub,l9_n1024,word_carry,16,1024,3943.685,221184,0,0,1
opt_uint_sub,l9_n1024,circuit_z,16,1024,4014.201,221184,0,0,1
opt_uint_sub,l9_n1024,circuit_z,17,1024,4152.872,221184,0,0,1
opt_uint_sub,l9_n1024,word_carry,17,1024,3953.939,221184,0,0,1
opt_uint_sub,l9_n1024,word_carry,18,1024,3964.396,221184,0,0,1
opt_uint_sub,l9_n1024,circuit_z,18,1024,3889.893,221184,0,0,1
opt_uint_sub,l9_n1024,word_carry,19,1024,3913.127,221184,0,0,1
opt_uint_sub,l9_n1024,circuit_z,19,1024,4115.683,221184,0,0,1
opt_uint_sub,l9_n1024,circuit_z,20,1024,4056.396,221184,0,0,1
opt_uint_sub,l9_n1024,word_carry,20,1024,3828.491,221184,0,0,1
opt_uint_sub,l9_n1024,word_carry,21,1024,3831.991,221184,0,0,1
opt_uint_sub,l9_n1024,circuit_z,21,1024,3948.079,221184,0,0,1
opt_uint_sub,l9_n1024,circuit_z,22,1024,3929.158,221184,0,0,1
opt_uint_sub,l9_n1024,word_carry,22,1024,3834.025,221184,0,0,1
opt_uint_sub,l9_n1024,circuit_z,23,1024,4018.758,221184,0,0,1
opt_uint_sub,l9_n1024,word_carry,23,1024,3834.961,221184,0,0,1
opt_uint_sub,l9_n1024,word_carry,24,1024,3891.275,221184,0,0,1
opt_uint_sub,l9_n1024,circuit_z,24,1024,3993.489,221184,0,0,1
opt_uint_sub,l9_n1024,circuit_z,25,1024,3913.371,221184,0,0,1
opt_uint_sub,l9_n1024,word_carry,25,1024,4172.078,221184,0,0,1
opt_uint_sub,l9_n1024,circuit_z,26,1024,4107.666,221184,0,0,1
opt_uint_sub,l9_n1024,word_carry,26,1024,3900.472,221184,0,0,1
opt_uint_sub,l9_n1024,circuit_z,27,1024,4116.943,221184,0,0,1
opt_uint_sub,l9_n1024,word_carry,27,1024,3883.789,221184,0,0,1
opt_uint_sub,l9_n1024,circuit_z,28,1024,4031.616,221184,0,0,1
opt_uint_sub,l9_n1024,word_carry,28,1024,3855.103,221184,0,0,1
opt_uint_sub,l9_n1024,word_carry,29,1024,3865.560,221184,0,0,1
opt_uint_sub,l9_n1024,circuit_z,29,1024,3956.543,221184,0,0,1
opt_uint_sub,l9_n1024,circuit_z,30,1024,4006.796,221184,0,0,1
opt_uint_sub,l9_n1024,word_carry,30,1024,3887.817,221184,0,0,1
opt_uint_sub,l9_n1024,circuit_z,31,1024,3970.418,221184,0,0,1
opt_uint_sub,l9_n1024,word_carry,31,1024,4025.269,221184,0,0,1
opt_uint_sub,l9_n1024,circuit_z,32,1024,4074.991,221184,0,0,1
opt_uint_sub,l9_n1024,word_carry,32,1024,3837.199,221184,0,0,1
opt_uint_sub,l9_n1024,circuit_z,33,1024,3938.029,221184,0,0,1
opt_uint_sub,l9_n1024,word_carry,33,1024,3884.358,221184,0,0,1
opt_uint_sub,l9_n1024,circuit_z,34,1024,4003.866,221184,0,0,1
opt_uint_sub,l9_n1024,word_carry,34,1024,3894.775,221184,0,0,1
opt_uint_sub,l9_n1024,word_carry,35,1024,3938.110,221184,0,0,1
opt_uint_sub,l9_n1024,circuit_z,35,1024,4042.317,221184,0,0,1
opt_uint_sub,l9_n1024,word_carry,36,1024,3919.148,221184,0,0,1
opt_uint_sub,l9_n1024,circuit_z,36,1024,4008.830,221184,0,0,1
opt_uint_sub,l9_n1024,word_carry,37,1024,3888.265,221184,0,0,1
opt_uint_sub,l9_n1024,circuit_z,37,1024,4153.280,221184,0,0,1
opt_uint_sub,l9_n1024,circuit_z,38,1024,3921.143,221184,0,0,1
opt_uint_sub,l9_n1024,word_carry,38,1024,3857.625,221184,0,0,1
opt_uint_sub,l9_n1024,word_carry,39,1024,3851.237,221184,0,0,1
opt_uint_sub,l9_n1024,circuit_z,39,1024,3982.829,221184,0,0,1
opt_uint_sub,l9_n1024,word_carry,40,1024,3867.391,221184,0,0,1
opt_uint_sub,l9_n1024,circuit_z,40,1024,4070.801,221184,0,0,1
opt_uint_sub,l9_n1024,word_carry,41,1024,3849.162,221184,0,0,1
opt_uint_sub,l9_n1024,circuit_z,41,1024,4045.410,221184,0,0,1
opt_uint_sub,l9_n1024,word_carry,42,1024,3937.541,221184,0,0,1
opt_uint_sub,l9_n1024,circuit_z,42,1024,4023.641,221184,0,0,1
opt_uint_sub,l9_n1024,word_carry,43,1024,3882.895,221184,0,0,1
opt_uint_sub,l9_n1024,circuit_z,43,1024,3894.531,221184,0,0,1
opt_uint_sub,l9_n1024,word_carry,44,1024,4027.791,221184,0,0,1
opt_uint_sub,l9_n1024,circuit_z,44,1024,3927.450,221184,0,0,1
opt_uint_sub,l9_n1024,word_carry,45,1024,3869.588,221184,0,0,1
opt_uint_sub,l9_n1024,circuit_z,45,1024,3989.502,221184,0,0,1
opt_uint_sub,l9_n1024,word_carry,46,1024,3908.162,221184,0,0,1
opt_uint_sub,l9_n1024,circuit_z,46,1024,4012.573,221184,0,0,1
opt_uint_sub,l9_n1024,word_carry,47,1024,3960.938,221184,0,0,1
opt_uint_sub,l9_n1024,circuit_z,47,1024,4053.874,221184,0,0,1
opt_uint_sub,l9_n1024,circuit_z,48,1024,3896.362,221184,0,0,1
opt_uint_sub,l9_n1024,word_carry,48,1024,3833.862,221184,0,0,1
opt_uint_sub,l9_n1024,circuit_z,49,1024,3958.212,221184,0,0,1
opt_uint_sub,l9_n1024,word_carry,49,1024,3935.832,221184,0,0,1
opt_uint_sub,l9_n1024,circuit_z,50,1024,4014.812,221184,0,0,1
opt_uint_sub,l9_n1024,word_carry,50,1024,3943.970,221184,0,0,1
opt_uint_sub,l9_n1024,circuit_z,51,1024,4044.475,221184,0,0,1
opt_uint_sub,l9_n1024,word_carry,51,1024,3910.522,221184,0,0,1
opt_uint_sub,l9_n1024,word_carry,52,1024,3898.804,221184,0,0,1
opt_uint_sub,l9_n1024,circuit_z,52,1024,4017.212,221184,0,0,1
opt_uint_sub,l9_n1024,circuit_z,53,1024,3929.728,221184,0,0,1
opt_uint_sub,l9_n1024,word_carry,53,1024,3894.003,221184,0,0,1
opt_uint_sub,l9_n1024,circuit_z,54,1024,3996.989,221184,0,0,1
opt_uint_sub,l9_n1024,word_carry,54,1024,4235.474,221184,0,0,1
opt_uint_sub,l9_n1024,word_carry,55,1024,3952.515,221184,0,0,1
opt_uint_sub,l9_n1024,circuit_z,55,1024,3960.896,221184,0,0,1
opt_uint_sub,l9_n1024,circuit_z,56,1024,3921.062,221184,0,0,1
opt_uint_sub,l9_n1024,word_carry,56,1024,3840.739,221184,0,0,1
opt_uint_sub,l9_n1024,word_carry,57,1024,3911.580,221184,0,0,1
opt_uint_sub,l9_n1024,circuit_z,57,1024,3923.828,221184,0,0,1
opt_uint_sub,l9_n1024,word_carry,58,1024,3991.130,221184,0,0,1
opt_uint_sub,l9_n1024,circuit_z,58,1024,4064.331,221184,0,0,1
opt_uint_sub,l9_n1024,word_carry,59,1024,3861.898,221184,0,0,1
opt_uint_sub,l9_n1024,circuit_z,59,1024,3993.693,221184,0,0,1
opt_uint_sub,l9_n1024,word_carry,60,1024,3998.739,221184,0,0,1
opt_uint_sub,l9_n1024,circuit_z,60,1024,3992.391,221184,0,0,1
opt_uint_sub,l9_n1024,circuit_z,61,1024,4038.777,221184,0,0,1
opt_uint_sub,l9_n1024,word_carry,61,1024,3905.924,221184,0,0,1
opt_uint_sub,l9_n1024,word_carry,62,1024,3944.133,221184,0,0,1
opt_uint_sub,l9_n1024,circuit_z,62,1024,3943.970,221184,0,0,1
opt_uint_sub,l9_n1024,circuit_z,63,1024,3966.593,221184,0,0,1
opt_uint_sub,l9_n1024,word_carry,63,1024,3873.575,221184,0,0,1
opt_prime_dot,q100_n16,length_dispatch,0,65536,60.420,512,0,0,1
opt_prime_dot,q100_n16,acc4,0,65536,63.065,512,0,0,1
opt_prime_dot,q100_n16,one_acc,0,65536,60.253,512,0,0,1
opt_prime_dot,q100_n16,length_dispatch,1,65536,59.594,512,0,0,1
opt_prime_dot,q100_n16,acc4,1,65536,65.472,512,0,0,1
opt_prime_dot,q100_n16,one_acc,1,65536,58.954,512,0,0,1
opt_prime_dot,q100_n16,one_acc,2,65536,59.964,512,0,0,1
opt_prime_dot,q100_n16,acc4,2,65536,65.815,512,0,0,1
opt_prime_dot,q100_n16,length_dispatch,2,65536,61.244,512,0,0,1
opt_prime_dot,q100_n16,length_dispatch,3,65536,61.338,512,0,0,1
opt_prime_dot,q100_n16,one_acc,3,65536,59.980,512,0,0,1
opt_prime_dot,q100_n16,acc4,3,65536,63.138,512,0,0,1
opt_prime_dot,q100_n16,length_dispatch,4,65536,61.238,512,0,0,1
opt_prime_dot,q100_n16,one_acc,4,65536,59.774,512,0,0,1
opt_prime_dot,q100_n16,acc4,4,65536,62.651,512,0,0,1
opt_prime_dot,q100_n16,acc4,5,65536,64.900,512,0,0,1
opt_prime_dot,q100_n16,one_acc,5,65536,59.373,512,0,0,1
opt_prime_dot,q100_n16,length_dispatch,5,65536,60.379,512,0,0,1
opt_prime_dot,q100_n16,length_dispatch,6,65536,60.736,512,0,0,1
opt_prime_dot,q100_n16,one_acc,6,65536,58.956,512,0,0,1
opt_prime_dot,q100_n16,acc4,6,65536,65.488,512,0,0,1
opt_prime_dot,q100_n16,one_acc,7,65536,59.625,512,0,0,1
opt_prime_dot,q100_n16,acc4,7,65536,63.035,512,0,0,1
opt_prime_dot,q100_n16,length_dispatch,7,65536,63.503,512,0,0,1
opt_prime_dot,q100_n16,acc4,8,65536,61.864,512,0,0,1
opt_prime_dot,q100_n16,one_acc,8,65536,60.545,512,0,0,1
opt_prime_dot,q100_n16,length_dispatch,8,65536,60.837,512,0,0,1
opt_prime_dot,q100_n16,length_dispatch,9,65536,61.905,512,0,0,1
opt_prime_dot,q100_n16,acc4,9,65536,62.440,512,0,0,1
opt_prime_dot,q100_n16,one_acc,9,65536,59.034,512,0,0,1
opt_prime_dot,q100_n16,one_acc,10,65536,60.308,512,0,0,1
opt_prime_dot,q100_n16,acc4,10,65536,63.284,512,0,0,1
opt_prime_dot,q100_n16,length_dispatch,10,65536,62.662,512,0,0,1
opt_prime_dot,q100_n16,acc4,11,65536,62.356,512,0,0,1
opt_prime_dot,q100_n16,one_acc,11,65536,58.928,512,0,0,1
opt_prime_dot,q100_n16,length_dispatch,11,65536,59.653,512,0,0,1
opt_prime_dot,q100_n16,length_dispatch,12,65536,59.483,512,0,0,1
opt_prime_dot,q100_n16,acc4,12,65536,64.261,512,0,0,1
opt_prime_dot,q100_n16,one_acc,12,65536,59.564,512,0,0,1
opt_prime_dot,q100_n16,acc4,13,65536,63.765,512,0,0,1
opt_prime_dot,q100_n16,one_acc,13,65536,62.425,512,0,0,1
opt_prime_dot,q100_n16,length_dispatch,13,65536,61.089,512,0,0,1
opt_prime_dot,q100_n16,one_acc,14,65536,59.704,512,0,0,1
opt_prime_dot,q100_n16,length_dispatch,14,65536,59.224,512,0,0,1
opt_prime_dot,q100_n16,acc4,14,65536,61.609,512,0,0,1
opt_prime_dot,q100_n16,length_dispatch,15,65536,61.329,512,0,0,1
opt_prime_dot,q100_n16,acc4,15,65536,62.779,512,0,0,1
opt_prime_dot,q100_n16,one_acc,15,65536,60.553,512,0,0,1
opt_prime_dot,q100_n16,one_acc,16,65536,60.561,512,0,0,1
opt_prime_dot,q100_n16,acc4,16,65536,63.706,512,0,0,1
opt_prime_dot,q100_n16,length_dispatch,16,65536,60.354,512,0,0,1
opt_prime_dot,q100_n16,length_dispatch,17,65536,60.471,512,0,0,1
opt_prime_dot,q100_n16,acc4,17,65536,66.062,512,0,0,1
opt_prime_dot,q100_n16,one_acc,17,65536,59.293,512,0,0,1
opt_prime_dot,q100_n16,one_acc,18,65536,59.088,512,0,0,1
opt_prime_dot,q100_n16,acc4,18,65536,63.484,512,0,0,1
opt_prime_dot,q100_n16,length_dispatch,18,65536,61.436,512,0,0,1
opt_prime_dot,q100_n16,one_acc,19,65536,61.340,512,0,0,1
opt_prime_dot,q100_n16,length_dispatch,19,65536,59.523,512,0,0,1
opt_prime_dot,q100_n16,acc4,19,65536,62.459,512,0,0,1
opt_prime_dot,q100_n16,length_dispatch,20,65536,60.623,512,0,0,1
opt_prime_dot,q100_n16,acc4,20,65536,60.954,512,0,0,1
opt_prime_dot,q100_n16,one_acc,20,65536,60.130,512,0,0,1
opt_prime_dot,q100_n16,length_dispatch,21,65536,59.714,512,0,0,1
opt_prime_dot,q100_n16,one_acc,21,65536,61.547,512,0,0,1
opt_prime_dot,q100_n16,acc4,21,65536,65.525,512,0,0,1
opt_prime_dot,q100_n16,length_dispatch,22,65536,60.990,512,0,0,1
opt_prime_dot,q100_n16,acc4,22,65536,63.887,512,0,0,1
opt_prime_dot,q100_n16,one_acc,22,65536,59.574,512,0,0,1
opt_prime_dot,q100_n16,acc4,23,65536,62.437,512,0,0,1
opt_prime_dot,q100_n16,length_dispatch,23,65536,60.623,512,0,0,1
opt_prime_dot,q100_n16,one_acc,23,65536,59.759,512,0,0,1
opt_prime_dot,q100_n16,acc4,24,65536,61.926,512,0,0,1
opt_prime_dot,q100_n16,length_dispatch,24,65536,61.445,512,0,0,1
opt_prime_dot,q100_n16,one_acc,24,65536,60.497,512,0,0,1
opt_prime_dot,q100_n16,length_dispatch,25,65536,63.578,512,0,0,1
opt_prime_dot,q100_n16,acc4,25,65536,64.851,512,0,0,1
opt_prime_dot,q100_n16,one_acc,25,65536,60.572,512,0,0,1
opt_prime_dot,q100_n16,one_acc,26,65536,61.330,512,0,0,1
opt_prime_dot,q100_n16,length_dispatch,26,65536,60.922,512,0,0,1
opt_prime_dot,q100_n16,acc4,26,65536,62.066,512,0,0,1
opt_prime_dot,q100_n16,acc4,27,65536,61.775,512,0,0,1
opt_prime_dot,q100_n16,length_dispatch,27,65536,62.354,512,0,0,1
opt_prime_dot,q100_n16,one_acc,27,65536,59.946,512,0,0,1
opt_prime_dot,q100_n16,one_acc,28,65536,60.181,512,0,0,1
opt_prime_dot,q100_n16,acc4,28,65536,62.498,512,0,0,1
opt_prime_dot,q100_n16,length_dispatch,28,65536,60.504,512,0,0,1
opt_prime_dot,q100_n16,acc4,29,65536,62.016,512,0,0,1
opt_prime_dot,q100_n16,length_dispatch,29,65536,59.683,512,0,0,1
opt_prime_dot,q100_n16,one_acc,29,65536,60.646,512,0,0,1
opt_prime_dot,q100_n16,length_dispatch,30,65536,61.868,512,0,0,1
opt_prime_dot,q100_n16,one_acc,30,65536,60.059,512,0,0,1
opt_prime_dot,q100_n16,acc4,30,65536,62.263,512,0,0,1
opt_prime_dot,q100_n16,length_dispatch,31,65536,60.038,512,0,0,1
opt_prime_dot,q100_n16,one_acc,31,65536,63.823,512,0,0,1
opt_prime_dot,q100_n16,acc4,31,65536,62.778,512,0,0,1
opt_prime_dot,q100_n16,length_dispatch,32,65536,60.264,512,0,0,1
opt_prime_dot,q100_n16,acc4,32,65536,63.023,512,0,0,1
opt_prime_dot,q100_n16,one_acc,32,65536,61.628,512,0,0,1
opt_prime_dot,q100_n16,one_acc,33,65536,61.869,512,0,0,1
opt_prime_dot,q100_n16,acc4,33,65536,61.563,512,0,0,1
opt_prime_dot,q100_n16,length_dispatch,33,65536,58.947,512,0,0,1
opt_prime_dot,q100_n16,one_acc,34,65536,60.563,512,0,0,1
opt_prime_dot,q100_n16,length_dispatch,34,65536,60.509,512,0,0,1
opt_prime_dot,q100_n16,acc4,34,65536,64.715,512,0,0,1
opt_prime_dot,q100_n16,acc4,35,65536,61.838,512,0,0,1
opt_prime_dot,q100_n16,length_dispatch,35,65536,59.259,512,0,0,1
opt_prime_dot,q100_n16,one_acc,35,65536,60.091,512,0,0,1
opt_prime_dot,q100_n16,length_dispatch,36,65536,58.978,512,0,0,1
opt_prime_dot,q100_n16,one_acc,36,65536,60.648,512,0,0,1
opt_prime_dot,q100_n16,acc4,36,65536,64.513,512,0,0,1
opt_prime_dot,q100_n16,acc4,37,65536,61.663,512,0,0,1
opt_prime_dot,q100_n16,length_dispatch,37,65536,62.983,512,0,0,1
opt_prime_dot,q100_n16,one_acc,37,65536,63.574,512,0,0,1
opt_prime_dot,q100_n16,acc4,38,65536,68.077,512,0,0,1
opt_prime_dot,q100_n16,one_acc,38,65536,58.935,512,0,0,1
opt_prime_dot,q100_n16,length_dispatch,38,65536,59.005,512,0,0,1
opt_prime_dot,q100_n16,length_dispatch,39,65536,61.690,512,0,0,1
opt_prime_dot,q100_n16,one_acc,39,65536,62.972,512,0,0,1
opt_prime_dot,q100_n16,acc4,39,65536,63.388,512,0,0,1
opt_prime_dot,q100_n16,one_acc,40,65536,60.708,512,0,0,1
opt_prime_dot,q100_n16,length_dispatch,40,65536,60.938,512,0,0,1
opt_prime_dot,q100_n16,acc4,40,65536,62.960,512,0,0,1
opt_prime_dot,q100_n16,acc4,41,65536,63.693,512,0,0,1
opt_prime_dot,q100_n16,length_dispatch,41,65536,60.226,512,0,0,1
opt_prime_dot,q100_n16,one_acc,41,65536,61.047,512,0,0,1
opt_prime_dot,q100_n16,one_acc,42,65536,62.937,512,0,0,1
opt_prime_dot,q100_n16,length_dispatch,42,65536,59.157,512,0,0,1
opt_prime_dot,q100_n16,acc4,42,65536,61.874,512,0,0,1
opt_prime_dot,q100_n16,acc4,43,65536,63.368,512,0,0,1
opt_prime_dot,q100_n16,one_acc,43,65536,59.143,512,0,0,1
opt_prime_dot,q100_n16,length_dispatch,43,65536,60.038,512,0,0,1
opt_prime_dot,q100_n16,acc4,44,65536,62.401,512,0,0,1
opt_prime_dot,q100_n16,one_acc,44,65536,59.015,512,0,0,1
opt_prime_dot,q100_n16,length_dispatch,44,65536,62.233,512,0,0,1
opt_prime_dot,q100_n16,length_dispatch,45,65536,60.639,512,0,0,1
opt_prime_dot,q100_n16,acc4,45,65536,62.995,512,0,0,1
opt_prime_dot,q100_n16,one_acc,45,65536,59.233,512,0,0,1
opt_prime_dot,q100_n16,one_acc,46,65536,60.654,512,0,0,1
opt_prime_dot,q100_n16,acc4,46,65536,62.717,512,0,0,1
opt_prime_dot,q100_n16,length_dispatch,46,65536,59.287,512,0,0,1
opt_prime_dot,q100_n16,length_dispatch,47,65536,61.740,512,0,0,1
opt_prime_dot,q100_n16,one_acc,47,65536,59.415,512,0,0,1
opt_prime_dot,q100_n16,acc4,47,65536,62.902,512,0,0,1
opt_prime_dot,q100_n16,length_dispatch,48,65536,63.663,512,0,0,1
opt_prime_dot,q100_n16,one_acc,48,65536,60.601,512,0,0,1
opt_prime_dot,q100_n16,acc4,48,65536,65.147,512,0,0,1
opt_prime_dot,q100_n16,acc4,49,65536,62.638,512,0,0,1
opt_prime_dot,q100_n16,length_dispatch,49,65536,60.486,512,0,0,1
opt_prime_dot,q100_n16,one_acc,49,65536,63.384,512,0,0,1
opt_prime_dot,q100_n16,one_acc,50,65536,60.724,512,0,0,1
opt_prime_dot,q100_n16,length_dispatch,50,65536,59.992,512,0,0,1
opt_prime_dot,q100_n16,acc4,50,65536,64.076,512,0,0,1
opt_prime_dot,q100_n16,acc4,51,65536,61.752,512,0,0,1
opt_prime_dot,q100_n16,one_acc,51,65536,60.504,512,0,0,1
opt_prime_dot,q100_n16,length_dispatch,51,65536,60.357,512,0,0,1
opt_prime_dot,q100_n16,length_dispatch,52,65536,60.595,512,0,0,1
opt_prime_dot,q100_n16,one_acc,52,65536,61.072,512,0,0,1
opt_prime_dot,q100_n16,acc4,52,65536,61.804,512,0,0,1
opt_prime_dot,q100_n16,length_dispatch,53,65536,61.440,512,0,0,1
opt_prime_dot,q100_n16,acc4,53,65536,62.721,512,0,0,1
opt_prime_dot,q100_n16,one_acc,53,65536,58.997,512,0,0,1
opt_prime_dot,q100_n16,one_acc,54,65536,60.930,512,0,0,1
opt_prime_dot,q100_n16,acc4,54,65536,61.746,512,0,0,1
opt_prime_dot,q100_n16,length_dispatch,54,65536,60.970,512,0,0,1
opt_prime_dot,q100_n16,length_dispatch,55,65536,61.052,512,0,0,1
opt_prime_dot,q100_n16,acc4,55,65536,61.854,512,0,0,1
opt_prime_dot,q100_n16,one_acc,55,65536,61.211,512,0,0,1
opt_prime_dot,q100_n16,one_acc,56,65536,60.899,512,0,0,1
opt_prime_dot,q100_n16,acc4,56,65536,62.197,512,0,0,1
opt_prime_dot,q100_n16,length_dispatch,56,65536,62.448,512,0,0,1
opt_prime_dot,q100_n16,one_acc,57,65536,59.450,512,0,0,1
opt_prime_dot,q100_n16,acc4,57,65536,63.594,512,0,0,1
opt_prime_dot,q100_n16,length_dispatch,57,65536,60.955,512,0,0,1
opt_prime_dot,q100_n16,length_dispatch,58,65536,60.723,512,0,0,1
opt_prime_dot,q100_n16,one_acc,58,65536,59.582,512,0,0,1
opt_prime_dot,q100_n16,acc4,58,65536,62.047,512,0,0,1
opt_prime_dot,q100_n16,one_acc,59,65536,61.338,512,0,0,1
opt_prime_dot,q100_n16,acc4,59,65536,63.085,512,0,0,1
opt_prime_dot,q100_n16,length_dispatch,59,65536,60.816,512,0,0,1
opt_prime_dot,q100_n16,length_dispatch,60,65536,59.358,512,0,0,1
opt_prime_dot,q100_n16,one_acc,60,65536,59.734,512,0,0,1
opt_prime_dot,q100_n16,acc4,60,65536,64.025,512,0,0,1
opt_prime_dot,q100_n16,acc4,61,65536,65.067,512,0,0,1
opt_prime_dot,q100_n16,one_acc,61,65536,62.145,512,0,0,1
opt_prime_dot,q100_n16,length_dispatch,61,65536,60.642,512,0,0,1
opt_prime_dot,q100_n16,one_acc,62,65536,57.852,512,0,0,1
opt_prime_dot,q100_n16,length_dispatch,62,65536,58.467,512,0,0,1
opt_prime_dot,q100_n16,acc4,62,65536,63.650,512,0,0,1
opt_prime_dot,q100_n16,length_dispatch,63,65536,64.398,512,0,0,1
opt_prime_dot,q100_n16,one_acc,63,65536,60.010,512,0,0,1
opt_prime_dot,q100_n16,acc4,63,65536,63.248,512,0,0,1
opt_prime_linear,q100_n16,one_acc,0,131072,41.173,384,0,0,1
opt_prime_linear,q100_n16,acc4,0,131072,40.662,384,0,0,1
opt_prime_linear,q100_n16,acc4,1,131072,42.507,384,0,0,1
opt_prime_linear,q100_n16,one_acc,1,131072,40.717,384,0,0,1
opt_prime_linear,q100_n16,one_acc,2,131072,40.849,384,0,0,1
opt_prime_linear,q100_n16,acc4,2,131072,40.892,384,0,0,1
opt_prime_linear,q100_n16,acc4,3,131072,40.819,384,0,0,1
opt_prime_linear,q100_n16,one_acc,3,131072,41.385,384,0,0,1
opt_prime_linear,q100_n16,acc4,4,131072,40.935,384,0,0,1
opt_prime_linear,q100_n16,one_acc,4,131072,41.430,384,0,0,1
opt_prime_linear,q100_n16,one_acc,5,131072,41.725,384,0,0,1
opt_prime_linear,q100_n16,acc4,5,131072,40.539,384,0,0,1
opt_prime_linear,q100_n16,acc4,6,131072,40.291,384,0,0,1
opt_prime_linear,q100_n16,one_acc,6,131072,41.102,384,0,0,1
opt_prime_linear,q100_n16,acc4,7,131072,40.751,384,0,0,1
opt_prime_linear,q100_n16,one_acc,7,131072,42.193,384,0,0,1
opt_prime_linear,q100_n16,one_acc,8,131072,42.555,384,0,0,1
opt_prime_linear,q100_n16,acc4,8,131072,41.509,384,0,0,1
opt_prime_linear,q100_n16,one_acc,9,131072,41.181,384,0,0,1
opt_prime_linear,q100_n16,acc4,9,131072,40.853,384,0,0,1
opt_prime_linear,q100_n16,acc4,10,131072,40.991,384,0,0,1
opt_prime_linear,q100_n16,one_acc,10,131072,40.715,384,0,0,1
opt_prime_linear,q100_n16,one_acc,11,131072,42.408,384,0,0,1
opt_prime_linear,q100_n16,acc4,11,131072,40.937,384,0,0,1
opt_prime_linear,q100_n16,one_acc,12,131072,41.008,384,0,0,1
opt_prime_linear,q100_n16,acc4,12,131072,41.579,384,0,0,1
opt_prime_linear,q100_n16,one_acc,13,131072,41.644,384,0,0,1
opt_prime_linear,q100_n16,acc4,13,131072,40.916,384,0,0,1
opt_prime_linear,q100_n16,one_acc,14,131072,43.773,384,0,0,1
opt_prime_linear,q100_n16,acc4,14,131072,41.270,384,0,0,1
opt_prime_linear,q100_n16,acc4,15,131072,41.643,384,0,0,1
opt_prime_linear,q100_n16,one_acc,15,131072,40.964,384,0,0,1
opt_prime_linear,q100_n16,one_acc,16,131072,40.498,384,0,0,1
opt_prime_linear,q100_n16,acc4,16,131072,40.855,384,0,0,1
opt_prime_linear,q100_n16,acc4,17,131072,40.911,384,0,0,1
opt_prime_linear,q100_n16,one_acc,17,131072,41.259,384,0,0,1
opt_prime_linear,q100_n16,one_acc,18,131072,42.872,384,0,0,1
opt_prime_linear,q100_n16,acc4,18,131072,41.285,384,0,0,1
opt_prime_linear,q100_n16,acc4,19,131072,40.433,384,0,0,1
opt_prime_linear,q100_n16,one_acc,19,131072,42.249,384,0,0,1
opt_prime_linear,q100_n16,acc4,20,131072,40.286,384,0,0,1
opt_prime_linear,q100_n16,one_acc,20,131072,42.420,384,0,0,1
opt_prime_linear,q100_n16,one_acc,21,131072,40.514,384,0,0,1
opt_prime_linear,q100_n16,acc4,21,131072,41.577,384,0,0,1
opt_prime_linear,q100_n16,one_acc,22,131072,41.796,384,0,0,1
opt_prime_linear,q100_n16,acc4,22,131072,41.093,384,0,0,1
opt_prime_linear,q100_n16,acc4,23,131072,41.345,384,0,0,1
opt_prime_linear,q100_n16,one_acc,23,131072,40.964,384,0,0,1
opt_prime_linear,q100_n16,one_acc,24,131072,42.053,384,0,0,1
opt_prime_linear,q100_n16,acc4,24,131072,40.663,384,0,0,1
opt_prime_linear,q100_n16,one_acc,25,131072,41.884,384,0,0,1
opt_prime_linear,q100_n16,acc4,25,131072,40.984,384,0,0,1
opt_prime_linear,q100_n16,acc4,26,131072,41.778,384,0,0,1
opt_prime_linear,q100_n16,one_acc,26,131072,41.107,384,0,0,1
opt_prime_linear,q100_n16,one_acc,27,131072,43.056,384,0,0,1
opt_prime_linear,q100_n16,acc4,27,131072,39.917,384,0,0,1
opt_prime_linear,q100_n16,one_acc,28,131072,41.181,384,0,0,1
opt_prime_linear,q100_n16,acc4,28,131072,40.892,384,0,0,1
opt_prime_linear,q100_n16,one_acc,29,131072,41.381,384,0,0,1
opt_prime_linear,q100_n16,acc4,29,131072,41.457,384,0,0,1
opt_prime_linear,q100_n16,one_acc,30,131072,42.716,384,0,0,1
opt_prime_linear,q100_n16,acc4,30,131072,41.623,384,0,0,1
opt_prime_linear,q100_n16,acc4,31,131072,40.263,384,0,0,1
opt_prime_linear,q100_n16,one_acc,31,131072,40.810,384,0,0,1
opt_prime_linear,q100_n16,one_acc,32,131072,41.800,384,0,0,1
opt_prime_linear,q100_n16,acc4,32,131072,39.761,384,0,0,1
opt_prime_linear,q100_n16,acc4,33,131072,40.087,384,0,0,1
opt_prime_linear,q100_n16,one_acc,33,131072,41.794,384,0,0,1
opt_prime_linear,q100_n16,one_acc,34,131072,41.916,384,0,0,1
opt_prime_linear,q100_n16,acc4,34,131072,41.428,384,0,0,1
opt_prime_linear,q100_n16,acc4,35,131072,43.143,384,0,0,1
opt_prime_linear,q100_n16,one_acc,35,131072,41.940,384,0,0,1
opt_prime_linear,q100_n16,acc4,36,131072,40.785,384,0,0,1
opt_prime_linear,q100_n16,one_acc,36,131072,41.811,384,0,0,1
opt_prime_linear,q100_n16,acc4,37,131072,41.771,384,0,0,1
opt_prime_linear,q100_n16,one_acc,37,131072,41.958,384,0,0,1
opt_prime_linear,q100_n16,one_acc,38,131072,41.697,384,0,0,1
opt_prime_linear,q100_n16,acc4,38,131072,40.504,384,0,0,1
opt_prime_linear,q100_n16,one_acc,39,131072,41.074,384,0,0,1
opt_prime_linear,q100_n16,acc4,39,131072,41.364,384,0,0,1
opt_prime_linear,q100_n16,one_acc,40,131072,43.794,384,0,0,1
opt_prime_linear,q100_n16,acc4,40,131072,41.833,384,0,0,1
opt_prime_linear,q100_n16,one_acc,41,131072,41.714,384,0,0,1
opt_prime_linear,q100_n16,acc4,41,131072,40.991,384,0,0,1
opt_prime_linear,q100_n16,acc4,42,131072,40.746,384,0,0,1
opt_prime_linear,q100_n16,one_acc,42,131072,40.737,384,0,0,1
opt_prime_linear,q100_n16,one_acc,43,131072,41.651,384,0,0,1
opt_prime_linear,q100_n16,acc4,43,131072,40.391,384,0,0,1
opt_prime_linear,q100_n16,one_acc,44,131072,42.101,384,0,0,1
opt_prime_linear,q100_n16,acc4,44,131072,41.977,384,0,0,1
opt_prime_linear,q100_n16,acc4,45,131072,41.375,384,0,0,1
opt_prime_linear,q100_n16,one_acc,45,131072,41.124,384,0,0,1
opt_prime_linear,q100_n16,one_acc,46,131072,40.815,384,0,0,1
opt_prime_linear,q100_n16,acc4,46,131072,40.522,384,0,0,1
opt_prime_linear,q100_n16,one_acc,47,131072,41.502,384,0,0,1
opt_prime_linear,q100_n16,acc4,47,131072,41.504,384,0,0,1
opt_prime_linear,q100_n16,acc4,48,131072,40.328,384,0,0,1
opt_prime_linear,q100_n16,one_acc,48,131072,42.486,384,0,0,1
opt_prime_linear,q100_n16,one_acc,49,131072,41.886,384,0,0,1
opt_prime_linear,q100_n16,acc4,49,131072,41.885,384,0,0,1
opt_prime_linear,q100_n16,one_acc,50,131072,40.878,384,0,0,1
opt_prime_linear,q100_n16,acc4,50,131072,41.306,384,0,0,1
opt_prime_linear,q100_n16,acc4,51,131072,39.594,384,0,0,1
opt_prime_linear,q100_n16,one_acc,51,131072,41.282,384,0,0,1
opt_prime_linear,q100_n16,acc4,52,131072,41.415,384,0,0,1
opt_prime_linear,q100_n16,one_acc,52,131072,42.066,384,0,0,1
opt_prime_linear,q100_n16,acc4,53,131072,40.755,384,0,0,1
opt_prime_linear,q100_n16,one_acc,53,131072,41.803,384,0,0,1
opt_prime_linear,q100_n16,one_acc,54,131072,40.933,384,0,0,1
opt_prime_linear,q100_n16,acc4,54,131072,42.659,384,0,0,1
opt_prime_linear,q100_n16,one_acc,55,131072,41.151,384,0,0,1
opt_prime_linear,q100_n16,acc4,55,131072,41.020,384,0,0,1
opt_prime_linear,q100_n16,one_acc,56,131072,40.484,384,0,0,1
opt_prime_linear,q100_n16,acc4,56,131072,41.593,384,0,0,1
opt_prime_linear,q100_n16,acc4,57,131072,40.494,384,0,0,1
opt_prime_linear,q100_n16,one_acc,57,131072,41.397,384,0,0,1
opt_prime_linear,q100_n16,one_acc,58,131072,42.417,384,0,0,1
opt_prime_linear,q100_n16,acc4,58,131072,41.094,384,0,0,1
opt_prime_linear,q100_n16,one_acc,59,131072,41.103,384,0,0,1
opt_prime_linear,q100_n16,acc4,59,131072,41.262,384,0,0,1
opt_prime_linear,q100_n16,acc4,60,131072,41.022,384,0,0,1
opt_prime_linear,q100_n16,one_acc,60,131072,41.855,384,0,0,1
opt_prime_linear,q100_n16,one_acc,61,131072,39.758,384,0,0,1
opt_prime_linear,q100_n16,acc4,61,131072,40.640,384,0,0,1
opt_prime_linear,q100_n16,one_acc,62,131072,40.549,384,0,0,1
opt_prime_linear,q100_n16,acc4,62,131072,42.009,384,0,0,1
opt_prime_linear,q100_n16,acc4,63,131072,41.904,384,0,0,1
opt_prime_linear,q100_n16,one_acc,63,131072,42.509,384,0,0,1
opt_prime_dot,q128_n16,acc4,0,65536,62.437,512,0,0,1
opt_prime_dot,q128_n16,length_dispatch,0,65536,59.652,512,0,0,1
opt_prime_dot,q128_n16,one_acc,0,65536,60.720,512,0,0,1
opt_prime_dot,q128_n16,acc4,1,65536,62.935,512,0,0,1
opt_prime_dot,q128_n16,one_acc,1,65536,60.264,512,0,0,1
opt_prime_dot,q128_n16,length_dispatch,1,65536,58.288,512,0,0,1
opt_prime_dot,q128_n16,length_dispatch,2,65536,60.129,512,0,0,1
opt_prime_dot,q128_n16,acc4,2,65536,64.061,512,0,0,1
opt_prime_dot,q128_n16,one_acc,2,65536,59.912,512,0,0,1
opt_prime_dot,q128_n16,acc4,3,65536,61.899,512,0,0,1
opt_prime_dot,q128_n16,one_acc,3,65536,59.621,512,0,0,1
opt_prime_dot,q128_n16,length_dispatch,3,65536,59.941,512,0,0,1
opt_prime_dot,q128_n16,one_acc,4,65536,60.712,512,0,0,1
opt_prime_dot,q128_n16,length_dispatch,4,65536,59.540,512,0,0,1
opt_prime_dot,q128_n16,acc4,4,65536,62.421,512,0,0,1
opt_prime_dot,q128_n16,length_dispatch,5,65536,58.744,512,0,0,1
opt_prime_dot,q128_n16,acc4,5,65536,62.460,512,0,0,1
opt_prime_dot,q128_n16,one_acc,5,65536,62.094,512,0,0,1
opt_prime_dot,q128_n16,acc4,6,65536,65.070,512,0,0,1
opt_prime_dot,q128_n16,one_acc,6,65536,60.430,512,0,0,1
opt_prime_dot,q128_n16,length_dispatch,6,65536,60.991,512,0,0,1
opt_prime_dot,q128_n16,length_dispatch,7,65536,60.552,512,0,0,1
opt_prime_dot,q128_n16,acc4,7,65536,63.306,512,0,0,1
opt_prime_dot,q128_n16,one_acc,7,65536,59.259,512,0,0,1
opt_prime_dot,q128_n16,one_acc,8,65536,61.335,512,0,0,1
opt_prime_dot,q128_n16,length_dispatch,8,65536,59.359,512,0,0,1
opt_prime_dot,q128_n16,acc4,8,65536,64.548,512,0,0,1
opt_prime_dot,q128_n16,length_dispatch,9,65536,57.911,512,0,0,1
opt_prime_dot,q128_n16,one_acc,9,65536,61.125,512,0,0,1
opt_prime_dot,q128_n16,acc4,9,65536,62.384,512,0,0,1
opt_prime_dot,q128_n16,length_dispatch,10,65536,58.001,512,0,0,1
opt_prime_dot,q128_n16,one_acc,10,65536,59.944,512,0,0,1
opt_prime_dot,q128_n16,acc4,10,65536,64.426,512,0,0,1
opt_prime_dot,q128_n16,acc4,11,65536,61.876,512,0,0,1
opt_prime_dot,q128_n16,one_acc,11,65536,60.166,512,0,0,1
opt_prime_dot,q128_n16,length_dispatch,11,65536,60.097,512,0,0,1
opt_prime_dot,q128_n16,length_dispatch,12,65536,62.336,512,0,0,1
opt_prime_dot,q128_n16,one_acc,12,65536,60.034,512,0,0,1
opt_prime_dot,q128_n16,acc4,12,65536,63.085,512,0,0,1
opt_prime_dot,q128_n16,one_acc,13,65536,59.994,512,0,0,1
opt_prime_dot,q128_n16,acc4,13,65536,66.189,512,0,0,1
opt_prime_dot,q128_n16,length_dispatch,13,65536,59.062,512,0,0,1
opt_prime_dot,q128_n16,length_dispatch,14,65536,61.089,512,0,0,1
opt_prime_dot,q128_n16,one_acc,14,65536,59.366,512,0,0,1
opt_prime_dot,q128_n16,acc4,14,65536,62.368,512,0,0,1
opt_prime_dot,q128_n16,one_acc,15,65536,60.015,512,0,0,1
opt_prime_dot,q128_n16,acc4,15,65536,61.256,512,0,0,1
opt_prime_dot,q128_n16,length_dispatch,15,65536,60.607,512,0,0,1
opt_prime_dot,q128_n16,length_dispatch,16,65536,59.895,512,0,0,1
opt_prime_dot,q128_n16,acc4,16,65536,64.149,512,0,0,1
opt_prime_dot,q128_n16,one_acc,16,65536,60.691,512,0,0,1
opt_prime_dot,q128_n16,one_acc,17,65536,61.885,512,0,0,1
opt_prime_dot,q128_n16,length_dispatch,17,65536,60.638,512,0,0,1
opt_prime_dot,q128_n16,acc4,17,65536,64.199,512,0,0,1
opt_prime_dot,q128_n16,one_acc,18,65536,60.301,512,0,0,1
opt_prime_dot,q128_n16,length_dispatch,18,65536,60.280,512,0,0,1
opt_prime_dot,q128_n16,acc4,18,65536,62.440,512,0,0,1
opt_prime_dot,q128_n16,acc4,19,65536,63.990,512,0,0,1
opt_prime_dot,q128_n16,one_acc,19,65536,60.590,512,0,0,1
opt_prime_dot,q128_n16,length_dispatch,19,65536,59.975,512,0,0,1
opt_prime_dot,q128_n16,length_dispatch,20,65536,60.095,512,0,0,1
opt_prime_dot,q128_n16,one_acc,20,65536,60.402,512,0,0,1
opt_prime_dot,q128_n16,acc4,20,65536,62.709,512,0,0,1
opt_prime_dot,q128_n16,one_acc,21,65536,60.282,512,0,0,1
opt_prime_dot,q128_n16,acc4,21,65536,61.324,512,0,0,1
opt_prime_dot,q128_n16,length_dispatch,21,65536,58.631,512,0,0,1
opt_prime_dot,q128_n16,length_dispatch,22,65536,60.351,512,0,0,1
opt_prime_dot,q128_n16,one_acc,22,65536,60.000,512,0,0,1
opt_prime_dot,q128_n16,acc4,22,65536,62.356,512,0,0,1
opt_prime_dot,q128_n16,length_dispatch,23,65536,63.437,512,0,0,1
opt_prime_dot,q128_n16,acc4,23,65536,62.408,512,0,0,1
opt_prime_dot,q128_n16,one_acc,23,65536,60.792,512,0,0,1
opt_prime_dot,q128_n16,acc4,24,65536,62.872,512,0,0,1
opt_prime_dot,q128_n16,length_dispatch,24,65536,61.201,512,0,0,1
opt_prime_dot,q128_n16,one_acc,24,65536,63.928,512,0,0,1
opt_prime_dot,q128_n16,one_acc,25,65536,59.714,512,0,0,1
opt_prime_dot,q128_n16,length_dispatch,25,65536,59.589,512,0,0,1
opt_prime_dot,q128_n16,acc4,25,65536,62.082,512,0,0,1
opt_prime_dot,q128_n16,acc4,26,65536,64.512,512,0,0,1
opt_prime_dot,q128_n16,one_acc,26,65536,57.901,512,0,0,1
opt_prime_dot,q128_n16,length_dispatch,26,65536,59.182,512,0,0,1
opt_prime_dot,q128_n16,acc4,27,65536,62.480,512,0,0,1
opt_prime_dot,q128_n16,length_dispatch,27,65536,59.829,512,0,0,1
opt_prime_dot,q128_n16,one_acc,27,65536,59.980,512,0,0,1
opt_prime_dot,q128_n16,acc4,28,65536,63.716,512,0,0,1
opt_prime_dot,q128_n16,one_acc,28,65536,59.754,512,0,0,1
opt_prime_dot,q128_n16,length_dispatch,28,65536,59.582,512,0,0,1
opt_prime_dot,q128_n16,length_dispatch,29,65536,59.408,512,0,0,1
opt_prime_dot,q128_n16,acc4,29,65536,60.971,512,0,0,1
opt_prime_dot,q128_n16,one_acc,29,65536,62.140,512,0,0,1
opt_prime_dot,q128_n16,one_acc,30,65536,60.361,512,0,0,1
opt_prime_dot,q128_n16,length_dispatch,30,65536,59.685,512,0,0,1
opt_prime_dot,q128_n16,acc4,30,65536,62.496,512,0,0,1
opt_prime_dot,q128_n16,acc4,31,65536,63.032,512,0,0,1
opt_prime_dot,q128_n16,one_acc,31,65536,60.740,512,0,0,1
opt_prime_dot,q128_n16,length_dispatch,31,65536,61.125,512,0,0,1
opt_prime_dot,q128_n16,one_acc,32,65536,59.664,512,0,0,1
opt_prime_dot,q128_n16,acc4,32,65536,61.653,512,0,0,1
opt_prime_dot,q128_n16,length_dispatch,32,65536,61.333,512,0,0,1
opt_prime_dot,q128_n16,one_acc,33,65536,58.978,512,0,0,1
opt_prime_dot,q128_n16,length_dispatch,33,65536,60.670,512,0,0,1
opt_prime_dot,q128_n16,acc4,33,65536,63.520,512,0,0,1
opt_prime_dot,q128_n16,one_acc,34,65536,60.376,512,0,0,1
opt_prime_dot,q128_n16,length_dispatch,34,65536,62.189,512,0,0,1
opt_prime_dot,q128_n16,acc4,34,65536,63.242,512,0,0,1
opt_prime_dot,q128_n16,one_acc,35,65536,61.061,512,0,0,1
opt_prime_dot,q128_n16,length_dispatch,35,65536,61.754,512,0,0,1
opt_prime_dot,q128_n16,acc4,35,65536,63.066,512,0,0,1
opt_prime_dot,q128_n16,one_acc,36,65536,60.394,512,0,0,1
opt_prime_dot,q128_n16,acc4,36,65536,63.014,512,0,0,1
opt_prime_dot,q128_n16,length_dispatch,36,65536,59.987,512,0,0,1
opt_prime_dot,q128_n16,acc4,37,65536,68.808,512,0,0,1
opt_prime_dot,q128_n16,one_acc,37,65536,61.676,512,0,0,1
opt_prime_dot,q128_n16,length_dispatch,37,65536,62.487,512,0,0,1
opt_prime_dot,q128_n16,one_acc,38,65536,59.222,512,0,0,1
opt_prime_dot,q128_n16,length_dispatch,38,65536,60.177,512,0,0,1
opt_prime_dot,q128_n16,acc4,38,65536,63.484,512,0,0,1
opt_prime_dot,q128_n16,length_dispatch,39,65536,59.654,512,0,0,1
opt_prime_dot,q128_n16,one_acc,39,65536,60.321,512,0,0,1
opt_prime_dot,q128_n16,acc4,39,65536,65.288,512,0,0,1
opt_prime_dot,q128_n16,one_acc,40,65536,61.163,512,0,0,1
opt_prime_dot,q128_n16,acc4,40,65536,62.397,512,0,0,1
opt_prime_dot,q128_n16,length_dispatch,40,65536,60.227,512,0,0,1
opt_prime_dot,q128_n16,one_acc,41,65536,60.390,512,0,0,1
opt_prime_dot,q128_n16,length_dispatch,41,65536,59.414,512,0,0,1
opt_prime_dot,q128_n16,acc4,41,65536,63.939,512,0,0,1
opt_prime_dot,q128_n16,length_dispatch,42,65536,60.424,512,0,0,1
opt_prime_dot,q128_n16,acc4,42,65536,60.679,512,0,0,1
opt_prime_dot,q128_n16,one_acc,42,65536,60.196,512,0,0,1
opt_prime_dot,q128_n16,length_dispatch,43,65536,61.073,512,0,0,1
opt_prime_dot,q128_n16,acc4,43,65536,62.880,512,0,0,1
opt_prime_dot,q128_n16,one_acc,43,65536,61.017,512,0,0,1
opt_prime_dot,q128_n16,acc4,44,65536,63.276,512,0,0,1
opt_prime_dot,q128_n16,one_acc,44,65536,60.377,512,0,0,1
opt_prime_dot,q128_n16,length_dispatch,44,65536,60.627,512,0,0,1
opt_prime_dot,q128_n16,length_dispatch,45,65536,62.208,512,0,0,1
opt_prime_dot,q128_n16,acc4,45,65536,61.522,512,0,0,1
opt_prime_dot,q128_n16,one_acc,45,65536,60.196,512,0,0,1
opt_prime_dot,q128_n16,length_dispatch,46,65536,65.286,512,0,0,1
opt_prime_dot,q128_n16,one_acc,46,65536,59.189,512,0,0,1
opt_prime_dot,q128_n16,acc4,46,65536,62.619,512,0,0,1
opt_prime_dot,q128_n16,acc4,47,65536,61.689,512,0,0,1
opt_prime_dot,q128_n16,one_acc,47,65536,60.159,512,0,0,1
opt_prime_dot,q128_n16,length_dispatch,47,65536,60.200,512,0,0,1
opt_prime_dot,q128_n16,acc4,48,65536,61.782,512,0,0,1
opt_prime_dot,q128_n16,one_acc,48,65536,59.638,512,0,0,1
opt_prime_dot,q128_n16,length_dispatch,48,65536,59.146,512,0,0,1
opt_prime_dot,q128_n16,one_acc,49,65536,58.999,512,0,0,1
opt_prime_dot,q128_n16,acc4,49,65536,63.880,512,0,0,1
opt_prime_dot,q128_n16,length_dispatch,49,65536,59.030,512,0,0,1
opt_prime_dot,q128_n16,acc4,50,65536,63.172,512,0,0,1
opt_prime_dot,q128_n16,length_dispatch,50,65536,59.049,512,0,0,1
opt_prime_dot,q128_n16,one_acc,50,65536,58.946,512,0,0,1
opt_prime_dot,q128_n16,one_acc,51,65536,60.718,512,0,0,1
opt_prime_dot,q128_n16,acc4,51,65536,61.740,512,0,0,1
opt_prime_dot,q128_n16,length_dispatch,51,65536,60.111,512,0,0,1
opt_prime_dot,q128_n16,acc4,52,65536,62.633,512,0,0,1
opt_prime_dot,q128_n16,length_dispatch,52,65536,59.413,512,0,0,1
opt_prime_dot,q128_n16,one_acc,52,65536,60.492,512,0,0,1
opt_prime_dot,q128_n16,acc4,53,65536,63.358,512,0,0,1
opt_prime_dot,q128_n16,length_dispatch,53,65536,60.707,512,0,0,1
opt_prime_dot,q128_n16,one_acc,53,65536,59.568,512,0,0,1
opt_prime_dot,q128_n16,length_dispatch,54,65536,59.236,512,0,0,1
opt_prime_dot,q128_n16,one_acc,54,65536,59.938,512,0,0,1
opt_prime_dot,q128_n16,acc4,54,65536,61.731,512,0,0,1
opt_prime_dot,q128_n16,length_dispatch,55,65536,60.601,512,0,0,1
opt_prime_dot,q128_n16,acc4,55,65536,62.720,512,0,0,1
opt_prime_dot,q128_n16,one_acc,55,65536,60.720,512,0,0,1
opt_prime_dot,q128_n16,acc4,56,65536,63.674,512,0,0,1
opt_prime_dot,q128_n16,one_acc,56,65536,62.751,512,0,0,1
opt_prime_dot,q128_n16,length_dispatch,56,65536,59.212,512,0,0,1
opt_prime_dot,q128_n16,one_acc,57,65536,60.296,512,0,0,1
opt_prime_dot,q128_n16,acc4,57,65536,62.413,512,0,0,1
opt_prime_dot,q128_n16,length_dispatch,57,65536,59.060,512,0,0,1
opt_prime_dot,q128_n16,acc4,58,65536,63.562,512,0,0,1
opt_prime_dot,q128_n16,one_acc,58,65536,60.249,512,0,0,1
opt_prime_dot,q128_n16,length_dispatch,58,65536,64.012,512,0,0,1
opt_prime_dot,q128_n16,acc4,59,65536,62.922,512,0,0,1
opt_prime_dot,q128_n16,one_acc,59,65536,58.026,512,0,0,1
opt_prime_dot,q128_n16,length_dispatch,59,65536,60.768,512,0,0,1
opt_prime_dot,q128_n16,one_acc,60,65536,59.841,512,0,0,1
opt_prime_dot,q128_n16,length_dispatch,60,65536,62.377,512,0,0,1
opt_prime_dot,q128_n16,acc4,60,65536,62.292,512,0,0,1
opt_prime_dot,q128_n16,one_acc,61,65536,60.200,512,0,0,1
opt_prime_dot,q128_n16,length_dispatch,61,65536,60.924,512,0,0,1
opt_prime_dot,q128_n16,acc4,61,65536,62.681,512,0,0,1
opt_prime_dot,q128_n16,length_dispatch,62,65536,60.803,512,0,0,1
opt_prime_dot,q128_n16,one_acc,62,65536,60.190,512,0,0,1
opt_prime_dot,q128_n16,acc4,62,65536,62.703,512,0,0,1
opt_prime_dot,q128_n16,one_acc,63,65536,60.764,512,0,0,1
opt_prime_dot,q128_n16,length_dispatch,63,65536,58.035,512,0,0,1
opt_prime_dot,q128_n16,acc4,63,65536,60.579,512,0,0,1
opt_prime_linear,q128_n16,acc4,0,131072,41.465,384,0,0,1
opt_prime_linear,q128_n16,one_acc,0,131072,39.753,384,0,0,1
opt_prime_linear,q128_n16,acc4,1,131072,40.797,384,0,0,1
opt_prime_linear,q128_n16,one_acc,1,131072,39.975,384,0,0,1
opt_prime_linear,q128_n16,acc4,2,131072,41.581,384,0,0,1
opt_prime_linear,q128_n16,one_acc,2,131072,41.967,384,0,0,1
opt_prime_linear,q128_n16,one_acc,3,131072,40.693,384,0,0,1
opt_prime_linear,q128_n16,acc4,3,131072,41.036,384,0,0,1
opt_prime_linear,q128_n16,one_acc,4,131072,43.943,384,0,0,1
opt_prime_linear,q128_n16,acc4,4,131072,40.324,384,0,0,1
opt_prime_linear,q128_n16,acc4,5,131072,40.655,384,0,0,1
opt_prime_linear,q128_n16,one_acc,5,131072,40.826,384,0,0,1
opt_prime_linear,q128_n16,acc4,6,131072,41.670,384,0,0,1
opt_prime_linear,q128_n16,one_acc,6,131072,41.735,384,0,0,1
opt_prime_linear,q128_n16,acc4,7,131072,41.357,384,0,0,1
opt_prime_linear,q128_n16,one_acc,7,131072,42.034,384,0,0,1
opt_prime_linear,q128_n16,one_acc,8,131072,41.612,384,0,0,1
opt_prime_linear,q128_n16,acc4,8,131072,42.007,384,0,0,1
opt_prime_linear,q128_n16,acc4,9,131072,41.623,384,0,0,1
opt_prime_linear,q128_n16,one_acc,9,131072,41.409,384,0,0,1
opt_prime_linear,q128_n16,acc4,10,131072,40.660,384,0,0,1
opt_prime_linear,q128_n16,one_acc,10,131072,40.631,384,0,0,1
opt_prime_linear,q128_n16,one_acc,11,131072,41.923,384,0,0,1
opt_prime_linear,q128_n16,acc4,11,131072,43.284,384,0,0,1
opt_prime_linear,q128_n16,one_acc,12,131072,40.301,384,0,0,1
opt_prime_linear,q128_n16,acc4,12,131072,40.750,384,0,0,1
opt_prime_linear,q128_n16,acc4,13,131072,42.269,384,0,0,1
opt_prime_linear,q128_n16,one_acc,13,131072,40.856,384,0,0,1
opt_prime_linear,q128_n16,one_acc,14,131072,41.128,384,0,0,1
opt_prime_linear,q128_n16,acc4,14,131072,40.713,384,0,0,1
opt_prime_linear,q128_n16,one_acc,15,131072,41.291,384,0,0,1
opt_prime_linear,q128_n16,acc4,15,131072,41.032,384,0,0,1
opt_prime_linear,q128_n16,one_acc,16,131072,41.670,384,0,0,1
opt_prime_linear,q128_n16,acc4,16,131072,41.329,384,0,0,1
opt_prime_linear,q128_n16,one_acc,17,131072,39.811,384,0,0,1
opt_prime_linear,q128_n16,acc4,17,131072,40.319,384,0,0,1
opt_prime_linear,q128_n16,acc4,18,131072,41.645,384,0,0,1
opt_prime_linear,q128_n16,one_acc,18,131072,40.913,384,0,0,1
opt_prime_linear,q128_n16,one_acc,19,131072,41.513,384,0,0,1
opt_prime_linear,q128_n16,acc4,19,131072,41.397,384,0,0,1
opt_prime_linear,q128_n16,one_acc,20,131072,40.026,384,0,0,1
opt_prime_linear,q128_n16,acc4,20,131072,41.023,384,0,0,1
opt_prime_linear,q128_n16,acc4,21,131072,40.664,384,0,0,1
opt_prime_linear,q128_n16,one_acc,21,131072,41.381,384,0,0,1
opt_prime_linear,q128_n16,one_acc,22,131072,40.825,384,0,0,1
opt_prime_linear,q128_n16,acc4,22,131072,40.922,384,0,0,1
opt_prime_linear,q128_n16,one_acc,23,131072,40.828,384,0,0,1
opt_prime_linear,q128_n16,acc4,23,131072,40.979,384,0,0,1
opt_prime_linear,q128_n16,acc4,24,131072,42.350,384,0,0,1
opt_prime_linear,q128_n16,one_acc,24,131072,40.925,384,0,0,1
opt_prime_linear,q128_n16,acc4,25,131072,41.218,384,0,0,1
opt_prime_linear,q128_n16,one_acc,25,131072,40.490,384,0,0,1
opt_prime_linear,q128_n16,one_acc,26,131072,40.912,384,0,0,1
opt_prime_linear,q128_n16,acc4,26,131072,42.088,384,0,0,1
opt_prime_linear,q128_n16,acc4,27,131072,41.758,384,0,0,1
opt_prime_linear,q128_n16,one_acc,27,131072,41.711,384,0,0,1
opt_prime_linear,q128_n16,one_acc,28,131072,42.208,384,0,0,1
opt_prime_linear,q128_n16,acc4,28,131072,42.901,384,0,0,1
opt_prime_linear,q128_n16,acc4,29,131072,41.051,384,0,0,1
opt_prime_linear,q128_n16,one_acc,29,131072,42.032,384,0,0,1
opt_prime_linear,q128_n16,one_acc,30,131072,42.535,384,0,0,1
opt_prime_linear,q128_n16,acc4,30,131072,40.884,384,0,0,1
opt_prime_linear,q128_n16,acc4,31,131072,40.880,384,0,0,1
opt_prime_linear,q128_n16,one_acc,31,131072,42.595,384,0,0,1
opt_prime_linear,q128_n16,one_acc,32,131072,41.759,384,0,0,1
opt_prime_linear,q128_n16,acc4,32,131072,41.698,384,0,0,1
opt_prime_linear,q128_n16,acc4,33,131072,42.180,384,0,0,1
opt_prime_linear,q128_n16,one_acc,33,131072,40.600,384,0,0,1
opt_prime_linear,q128_n16,one_acc,34,131072,41.156,384,0,0,1
opt_prime_linear,q128_n16,acc4,34,131072,42.427,384,0,0,1
opt_prime_linear,q128_n16,one_acc,35,131072,41.602,384,0,0,1
opt_prime_linear,q128_n16,acc4,35,131072,40.294,384,0,0,1
opt_prime_linear,q128_n16,acc4,36,131072,41.268,384,0,0,1
opt_prime_linear,q128_n16,one_acc,36,131072,41.339,384,0,0,1
opt_prime_linear,q128_n16,one_acc,37,131072,41.785,384,0,0,1
opt_prime_linear,q128_n16,acc4,37,131072,42.375,384,0,0,1
opt_prime_linear,q128_n16,one_acc,38,131072,42.120,384,0,0,1
opt_prime_linear,q128_n16,acc4,38,131072,42.140,384,0,0,1
opt_prime_linear,q128_n16,one_acc,39,131072,41.594,384,0,0,1
opt_prime_linear,q128_n16,acc4,39,131072,41.198,384,0,0,1
opt_prime_linear,q128_n16,one_acc,40,131072,41.117,384,0,0,1
opt_prime_linear,q128_n16,acc4,40,131072,42.062,384,0,0,1
opt_prime_linear,q128_n16,acc4,41,131072,41.237,384,0,0,1
opt_prime_linear,q128_n16,one_acc,41,131072,41.164,384,0,0,1
opt_prime_linear,q128_n16,one_acc,42,131072,40.873,384,0,0,1
opt_prime_linear,q128_n16,acc4,42,131072,41.763,384,0,0,1
opt_prime_linear,q128_n16,one_acc,43,131072,41.834,384,0,0,1
opt_prime_linear,q128_n16,acc4,43,131072,40.916,384,0,0,1
opt_prime_linear,q128_n16,one_acc,44,131072,41.020,384,0,0,1
opt_prime_linear,q128_n16,acc4,44,131072,40.766,384,0,0,1
opt_prime_linear,q128_n16,acc4,45,131072,41.142,384,0,0,1
opt_prime_linear,q128_n16,one_acc,45,131072,41.669,384,0,0,1
opt_prime_linear,q128_n16,one_acc,46,131072,41.071,384,0,0,1
opt_prime_linear,q128_n16,acc4,46,131072,40.609,384,0,0,1
opt_prime_linear,q128_n16,one_acc,47,131072,41.042,384,0,0,1
opt_prime_linear,q128_n16,acc4,47,131072,40.656,384,0,0,1
opt_prime_linear,q128_n16,acc4,48,131072,40.279,384,0,0,1
opt_prime_linear,q128_n16,one_acc,48,131072,41.059,384,0,0,1
opt_prime_linear,q128_n16,acc4,49,131072,40.004,384,0,0,1
opt_prime_linear,q128_n16,one_acc,49,131072,41.714,384,0,0,1
opt_prime_linear,q128_n16,acc4,50,131072,40.293,384,0,0,1
opt_prime_linear,q128_n16,one_acc,50,131072,41.606,384,0,0,1
opt_prime_linear,q128_n16,acc4,51,131072,40.271,384,0,0,1
opt_prime_linear,q128_n16,one_acc,51,131072,42.404,384,0,0,1
opt_prime_linear,q128_n16,one_acc,52,131072,41.087,384,0,0,1
opt_prime_linear,q128_n16,acc4,52,131072,41.020,384,0,0,1
opt_prime_linear,q128_n16,acc4,53,131072,41.174,384,0,0,1
opt_prime_linear,q128_n16,one_acc,53,131072,41.428,384,0,0,1
opt_prime_linear,q128_n16,acc4,54,131072,40.339,384,0,0,1
opt_prime_linear,q128_n16,one_acc,54,131072,41.607,384,0,0,1
opt_prime_linear,q128_n16,one_acc,55,131072,40.805,384,0,0,1
opt_prime_linear,q128_n16,acc4,55,131072,40.319,384,0,0,1
opt_prime_linear,q128_n16,one_acc,56,131072,40.787,384,0,0,1
opt_prime_linear,q128_n16,acc4,56,131072,40.517,384,0,0,1
opt_prime_linear,q128_n16,one_acc,57,131072,41.405,384,0,0,1
opt_prime_linear,q128_n16,acc4,57,131072,41.286,384,0,0,1
opt_prime_linear,q128_n16,acc4,58,131072,41.134,384,0,0,1
opt_prime_linear,q128_n16,one_acc,58,131072,40.453,384,0,0,1
opt_prime_linear,q128_n16,one_acc,59,131072,41.105,384,0,0,1
opt_prime_linear,q128_n16,acc4,59,131072,40.538,384,0,0,1
opt_prime_linear,q128_n16,one_acc,60,131072,41.941,384,0,0,1
opt_prime_linear,q128_n16,acc4,60,131072,41.650,384,0,0,1
opt_prime_linear,q128_n16,one_acc,61,131072,42.634,384,0,0,1
opt_prime_linear,q128_n16,acc4,61,131072,40.729,384,0,0,1
opt_prime_linear,q128_n16,acc4,62,131072,41.719,384,0,0,1
opt_prime_linear,q128_n16,one_acc,62,131072,41.930,384,0,0,1
opt_prime_linear,q128_n16,one_acc,63,131072,41.595,384,0,0,1
opt_prime_linear,q128_n16,acc4,63,131072,40.656,384,0,0,1
opt_ood_reuse,log18,scratch,0,16,195562.500,4194304,0,0,1
opt_ood_reuse,log18,allocate,0,16,223546.875,4194304,2,66560,1
opt_ood_reuse,log18,allocate,1,16,196880.188,4194304,2,66560,1
opt_ood_reuse,log18,scratch,1,16,208718.750,4194304,0,0,1
opt_ood_reuse,log18,scratch,2,16,200458.375,4194304,0,0,1
opt_ood_reuse,log18,allocate,2,16,220309.875,4194304,2,66560,1
opt_ood_reuse,log18,allocate,3,16,197101.562,4194304,2,66560,1
opt_ood_reuse,log18,scratch,3,16,196867.188,4194304,0,0,1
opt_ood_reuse,log18,allocate,4,16,199520.812,4194304,2,66560,1
opt_ood_reuse,log18,scratch,4,16,200666.688,4194304,0,0,1
opt_ood_reuse,log18,scratch,5,16,193760.438,4194304,0,0,1
opt_ood_reuse,log18,allocate,5,16,194864.562,4194304,2,66560,1
opt_ood_reuse,log18,scratch,6,16,192268.250,4194304,0,0,1
opt_ood_reuse,log18,allocate,6,16,197351.562,4194304,2,66560,1
opt_ood_reuse,log18,allocate,7,16,198893.250,4194304,2,66560,1
opt_ood_reuse,log18,scratch,7,16,206833.375,4194304,0,0,1
opt_ood_reuse,log18,scratch,8,16,222679.688,4194304,0,0,1
opt_ood_reuse,log18,allocate,8,16,216322.938,4194304,2,66560,1
opt_ood_reuse,log18,scratch,9,16,201388.000,4194304,0,0,1
opt_ood_reuse,log18,allocate,9,16,201971.312,4194304,2,66560,1
opt_ood_reuse,log18,allocate,10,16,197026.062,4194304,2,66560,1
opt_ood_reuse,log18,scratch,10,16,227903.625,4194304,0,0,1
opt_ood_reuse,log18,allocate,11,16,198929.688,4194304,2,66560,1
opt_ood_reuse,log18,scratch,11,16,202078.125,4194304,0,0,1
opt_ood_reuse,log18,scratch,12,16,196567.750,4194304,0,0,1
opt_ood_reuse,log18,allocate,12,16,216059.938,4194304,2,66560,1
opt_ood_reuse,log18,allocate,13,16,212356.750,4194304,2,66560,1
opt_ood_reuse,log18,scratch,13,16,200385.438,4194304,0,0,1
opt_ood_reuse,log18,allocate,14,16,210609.375,4194304,2,66560,1
opt_ood_reuse,log18,scratch,14,16,199612.000,4194304,0,0,1
opt_ood_reuse,log18,scratch,15,16,195296.875,4194304,0,0,1
opt_ood_reuse,log18,allocate,15,16,192033.812,4194304,2,66560,1
opt_ood_reuse,log18,allocate,16,16,197557.250,4194304,2,66560,1
opt_ood_reuse,log18,scratch,16,16,192578.125,4194304,0,0,1
opt_ood_reuse,log18,allocate,17,16,195799.438,4194304,2,66560,1
opt_ood_reuse,log18,scratch,17,16,220549.500,4194304,0,0,1
opt_ood_reuse,log18,allocate,18,16,236880.188,4194304,2,66560,1
opt_ood_reuse,log18,scratch,18,16,204244.750,4194304,0,0,1
opt_ood_reuse,log18,scratch,19,16,215468.750,4194304,0,0,1
opt_ood_reuse,log18,allocate,19,16,202958.312,4194304,2,66560,1
opt_ood_reuse,log18,allocate,20,16,197223.938,4194304,2,66560,1
opt_ood_reuse,log18,scratch,20,16,225085.938,4194304,0,0,1
opt_ood_reuse,log18,allocate,21,16,193927.062,4194304,2,66560,1
opt_ood_reuse,log18,scratch,21,16,192294.312,4194304,0,0,1
opt_ood_reuse,log18,allocate,22,16,205658.875,4194304,2,66560,1
opt_ood_reuse,log18,scratch,22,16,213117.188,4194304,0,0,1
opt_ood_reuse,log18,scratch,23,16,210781.250,4194304,0,0,1
opt_ood_reuse,log18,allocate,23,16,214424.500,4194304,2,66560,1
opt_ood_reuse,log18,scratch,24,16,197385.438,4194304,0,0,1
opt_ood_reuse,log18,allocate,24,16,202265.625,4194304,2,66560,1
opt_ood_reuse,log18,allocate,25,16,207263.000,4194304,2,66560,1
opt_ood_reuse,log18,scratch,25,16,224033.812,4194304,0,0,1
opt_ood_reuse,log18,allocate,26,16,202666.688,4194304,2,66560,1
opt_ood_reuse,log18,scratch,26,16,229335.938,4194304,0,0,1
opt_ood_reuse,log18,allocate,27,16,206208.312,4194304,2,66560,1
opt_ood_reuse,log18,scratch,27,16,200927.062,4194304,0,0,1
opt_ood_reuse,log18,scratch,28,16,210763.000,4194304,0,0,1
opt_ood_reuse,log18,allocate,28,16,211612.000,4194304,2,66560,1
opt_ood_reuse,log18,scratch,29,16,191497.375,4194304,0,0,1
opt_ood_reuse,log18,allocate,29,16,206296.875,4194304,2,66560,1
opt_ood_reuse,log18,allocate,30,16,195213.500,4194304,2,66560,1
opt_ood_reuse,log18,scratch,30,16,218859.375,4194304,0,0,1
opt_ood_reuse,log18,scratch,31,16,206476.562,4194304,0,0,1
opt_ood_reuse,log18,allocate,31,16,202755.250,4194304,2,66560,1
opt_ood_reuse,log18,allocate,32,16,203351.562,4194304,2,66560,1
opt_ood_reuse,log18,scratch,32,16,200080.750,4194304,0,0,1
opt_ood_reuse,log18,scratch,33,16,205932.312,4194304,0,0,1
opt_ood_reuse,log18,allocate,33,16,203640.625,4194304,2,66560,1
opt_ood_reuse,log18,scratch,34,16,197036.500,4194304,0,0,1
opt_ood_reuse,log18,allocate,34,16,194888.000,4194304,2,66560,1
opt_ood_reuse,log18,scratch,35,16,194893.250,4194304,0,0,1
opt_ood_reuse,log18,allocate,35,16,233796.875,4194304,2,66560,1
opt_ood_reuse,log18,scratch,36,16,206500.000,4194304,0,0,1
opt_ood_reuse,log18,allocate,36,16,221380.250,4194304,2,66560,1
opt_ood_reuse,log18,allocate,37,16,205947.938,4194304,2,66560,1
opt_ood_reuse,log18,scratch,37,16,194614.562,4194304,0,0,1
opt_ood_reuse,log18,scratch,38,16,214833.375,4194304,0,0,1
opt_ood_reuse,log18,allocate,38,16,198333.375,4194304,2,66560,1
opt_ood_reuse,log18,scratch,39,16,211520.875,4194304,0,0,1
opt_ood_reuse,log18,allocate,39,16,199572.875,4194304,2,66560,1
opt_ood_reuse,log18,allocate,40,16,222789.062,4194304,2,66560,1
opt_ood_reuse,log18,scratch,40,16,193007.812,4194304,0,0,1
opt_ood_reuse,log18,scratch,41,16,198968.750,4194304,0,0,1
opt_ood_reuse,log18,allocate,41,16,223484.375,4194304,2,66560,1
opt_ood_reuse,log18,scratch,42,16,196453.125,4194304,0,0,1
opt_ood_reuse,log18,allocate,42,16,200427.062,4194304,2,66560,1
opt_ood_reuse,log18,scratch,43,16,212111.938,4194304,0,0,1
opt_ood_reuse,log18,allocate,43,16,206403.625,4194304,2,66560,1
opt_ood_reuse,log18,allocate,44,16,194648.438,4194304,2,66560,1
opt_ood_reuse,log18,scratch,44,16,200492.188,4194304,0,0,1
opt_ood_reuse,log18,scratch,45,16,195132.812,4194304,0,0,1
opt_ood_reuse,log18,allocate,45,16,228989.562,4194304,2,66560,1
opt_ood_reuse,log18,allocate,46,16,205000.000,4194304,2,66560,1
opt_ood_reuse,log18,scratch,46,16,196328.125,4194304,0,0,1
opt_ood_reuse,log18,scratch,47,16,206734.375,4194304,0,0,1
opt_ood_reuse,log18,allocate,47,16,204364.625,4194304,2,66560,1
opt_ood_reuse,log18,scratch,48,16,213419.250,4194304,0,0,1
opt_ood_reuse,log18,allocate,48,16,195289.062,4194304,2,66560,1
opt_ood_reuse,log18,allocate,49,16,204156.250,4194304,2,66560,1
opt_ood_reuse,log18,scratch,49,16,191838.562,4194304,0,0,1
opt_ood_reuse,log18,allocate,50,16,225929.688,4194304,2,66560,1
opt_ood_reuse,log18,scratch,50,16,206348.938,4194304,0,0,1
opt_ood_reuse,log18,scratch,51,16,203223.938,4194304,0,0,1
opt_ood_reuse,log18,allocate,51,16,199697.938,4194304,2,66560,1
opt_ood_reuse,log18,allocate,52,16,206742.188,4194304,2,66560,1
opt_ood_reuse,log18,scratch,52,16,193942.688,4194304,0,0,1
opt_ood_reuse,log18,scratch,53,16,194330.688,4194304,0,0,1
opt_ood_reuse,log18,allocate,53,16,202781.250,4194304,2,66560,1
opt_ood_reuse,log18,allocate,54,16,195580.750,4194304,2,66560,1
opt_ood_reuse,log18,scratch,54,16,207179.688,4194304,0,0,1
opt_ood_reuse,log18,scratch,55,16,201054.688,4194304,0,0,1
opt_ood_reuse,log18,allocate,55,16,201630.188,4194304,2,66560,1
opt_ood_reuse,log18,allocate,56,16,195359.375,4194304,2,66560,1
opt_ood_reuse,log18,scratch,56,16,194419.250,4194304,0,0,1
opt_ood_reuse,log18,allocate,57,16,195627.562,4194304,2,66560,1
opt_ood_reuse,log18,scratch,57,16,195127.625,4194304,0,0,1
opt_ood_reuse,log18,scratch,58,16,233755.250,4194304,0,0,1
opt_ood_reuse,log18,allocate,58,16,203953.125,4194304,2,66560,1
opt_ood_reuse,log18,scratch,59,16,194979.188,4194304,0,0,1
opt_ood_reuse,log18,allocate,59,16,218226.562,4194304,2,66560,1
opt_ood_reuse,log18,scratch,60,16,194679.688,4194304,0,0,1
opt_ood_reuse,log18,allocate,60,16,209046.875,4194304,2,66560,1
opt_ood_reuse,log18,scratch,61,16,197677.125,4194304,0,0,1
opt_ood_reuse,log18,allocate,61,16,193408.875,4194304,2,66560,1
opt_ood_reuse,log18,scratch,62,16,189450.500,4194304,0,0,1
opt_ood_reuse,log18,allocate,62,16,205010.438,4194304,2,66560,1
opt_ood_reuse,log18,allocate,63,16,219682.312,4194304,2,66560,1
opt_ood_reuse,log18,scratch,63,16,213799.500,4194304,0,0,1
opt_ntt,log15_lanes8,depth_first,0,1,3507834.000,12582912,0,0,1
opt_ntt,log15_lanes8,production,0,1,3929250.000,12582912,0,0,1
opt_ntt,log15_lanes8,depth_first,1,1,3630458.000,12582912,0,0,1
opt_ntt,log15_lanes8,production,1,1,3804959.000,12582912,0,0,1
opt_ntt,log15_lanes8,production,2,1,3763583.000,12582912,0,0,1
opt_ntt,log15_lanes8,depth_first,2,1,3863208.000,12582912,0,0,1
opt_ntt,log15_lanes8,depth_first,3,1,3648917.000,12582912,0,0,1
opt_ntt,log15_lanes8,production,3,1,3760250.000,12582912,0,0,1
opt_ntt,log15_lanes8,depth_first,4,1,3539459.000,12582912,0,0,1
opt_ntt,log15_lanes8,production,4,1,3762166.000,12582912,0,0,1
opt_ntt,log15_lanes8,depth_first,5,1,3761000.000,12582912,0,0,1
opt_ntt,log15_lanes8,production,5,1,3798292.000,12582912,0,0,1
opt_ntt,log15_lanes8,production,6,1,3748583.000,12582912,0,0,1
opt_ntt,log15_lanes8,depth_first,6,1,3632708.000,12582912,0,0,1
opt_ntt,log15_lanes8,depth_first,7,1,3587666.000,12582912,0,0,1
opt_ntt,log15_lanes8,production,7,1,3934791.000,12582912,0,0,1
opt_ntt,log15_lanes8,production,8,1,3854041.000,12582912,0,0,1
opt_ntt,log15_lanes8,depth_first,8,1,3621417.000,12582912,0,0,1
opt_ntt,log15_lanes8,production,9,1,3845750.000,12582912,0,0,1
opt_ntt,log15_lanes8,depth_first,9,1,3730041.000,12582912,0,0,1
opt_ntt,log15_lanes8,depth_first,10,1,3524000.000,12582912,0,0,1
opt_ntt,log15_lanes8,production,10,1,3826792.000,12582912,0,0,1
opt_ntt,log15_lanes8,depth_first,11,1,3617125.000,12582912,0,0,1
opt_ntt,log15_lanes8,production,11,1,3875542.000,12582912,0,0,1
opt_ntt,log15_lanes8,production,12,1,3800958.000,12582912,0,0,1
opt_ntt,log15_lanes8,depth_first,12,1,3638917.000,12582912,0,0,1
opt_ntt,log15_lanes8,depth_first,13,1,3652250.000,12582912,0,0,1
opt_ntt,log15_lanes8,production,13,1,3766292.000,12582912,0,0,1
opt_ntt,log15_lanes8,production,14,1,5134292.000,12582912,0,0,1
opt_ntt,log15_lanes8,depth_first,14,1,3692583.000,12582912,0,0,1
opt_ntt,log15_lanes8,production,15,1,3855459.000,12582912,0,0,1
opt_ntt,log15_lanes8,depth_first,15,1,3622167.000,12582912,0,0,1
opt_ntt,log15_lanes8,production,16,1,3848375.000,12582912,0,0,1
opt_ntt,log15_lanes8,depth_first,16,1,3819875.000,12582912,0,0,1
opt_ntt,log15_lanes8,depth_first,17,1,3627750.000,12582912,0,0,1
opt_ntt,log15_lanes8,production,17,1,3880292.000,12582912,0,0,1
opt_ntt,log15_lanes8,production,18,1,3768375.000,12582912,0,0,1
opt_ntt,log15_lanes8,depth_first,18,1,3566417.000,12582912,0,0,1
opt_ntt,log15_lanes8,production,19,1,3753916.000,12582912,0,0,1
opt_ntt,log15_lanes8,depth_first,19,1,3662209.000,12582912,0,0,1
opt_ntt,log15_lanes8,depth_first,20,1,3692625.000,12582912,0,0,1
opt_ntt,log15_lanes8,production,20,1,3935750.000,12582912,0,0,1
opt_ntt,log15_lanes8,depth_first,21,1,3641542.000,12582912,0,0,1
opt_ntt,log15_lanes8,production,21,1,3823625.000,12582912,0,0,1
opt_ntt,log15_lanes8,production,22,1,3938250.000,12582912,0,0,1
opt_ntt,log15_lanes8,depth_first,22,1,3724750.000,12582912,0,0,1
opt_ntt,log15_lanes8,production,23,1,3784875.000,12582912,0,0,1
opt_ntt,log15_lanes8,depth_first,23,1,3629500.000,12582912,0,0,1
opt_ntt,log15_lanes8,production,24,1,3814292.000,12582912,0,0,1
opt_ntt,log15_lanes8,depth_first,24,1,3658209.000,12582912,0,0,1
opt_ntt,log15_lanes8,production,25,1,3904958.000,12582912,0,0,1
opt_ntt,log15_lanes8,depth_first,25,1,3660375.000,12582912,0,0,1
opt_ntt,log15_lanes8,production,26,1,3799333.000,12582912,0,0,1
opt_ntt,log15_lanes8,depth_first,26,1,3530250.000,12582912,0,0,1
opt_ntt,log15_lanes8,depth_first,27,1,3552917.000,12582912,0,0,1
opt_ntt,log15_lanes8,production,27,1,3866917.000,12582912,0,0,1
opt_ntt,log15_lanes8,production,28,1,3763458.000,12582912,0,0,1
opt_ntt,log15_lanes8,depth_first,28,1,3597417.000,12582912,0,0,1
opt_ntt,log15_lanes8,depth_first,29,1,3548542.000,12582912,0,0,1
opt_ntt,log15_lanes8,production,29,1,4073584.000,12582912,0,0,1
opt_ntt,log15_lanes8,depth_first,30,1,3763000.000,12582912,0,0,1
opt_ntt,log15_lanes8,production,30,1,3877125.000,12582912,0,0,1
opt_ntt,log15_lanes8,depth_first,31,1,3743875.000,12582912,0,0,1
opt_ntt,log15_lanes8,production,31,1,3889708.000,12582912,0,0,1
opt_ntt,log15_lanes8,production,32,1,3875542.000,12582912,0,0,1
opt_ntt,log15_lanes8,depth_first,32,1,3591625.000,12582912,0,0,1
opt_ntt,log15_lanes8,production,33,1,4009584.000,12582912,0,0,1
opt_ntt,log15_lanes8,depth_first,33,1,3690083.000,12582912,0,0,1
opt_ntt,log15_lanes8,depth_first,34,1,3549792.000,12582912,0,0,1
opt_ntt,log15_lanes8,production,34,1,3873792.000,12582912,0,0,1
opt_ntt,log15_lanes8,production,35,1,3811708.000,12582912,0,0,1
opt_ntt,log15_lanes8,depth_first,35,1,3845666.000,12582912,0,0,1
opt_ntt,log15_lanes8,depth_first,36,1,3642958.000,12582912,0,0,1
opt_ntt,log15_lanes8,production,36,1,3892208.000,12582912,0,0,1
opt_ntt,log15_lanes8,production,37,1,3861209.000,12582912,0,0,1
opt_ntt,log15_lanes8,depth_first,37,1,3701250.000,12582912,0,0,1
opt_ntt,log15_lanes8,production,38,1,3768958.000,12582912,0,0,1
opt_ntt,log15_lanes8,depth_first,38,1,3693083.000,12582912,0,0,1
opt_ntt,log15_lanes8,production,39,1,3756375.000,12582912,0,0,1
opt_ntt,log15_lanes8,depth_first,39,1,3570584.000,12582912,0,0,1
opt_ntt,log15_lanes8,production,40,1,3769625.000,12582912,0,0,1
opt_ntt,log15_lanes8,depth_first,40,1,3550750.000,12582912,0,0,1
opt_ntt,log15_lanes8,depth_first,41,1,3587500.000,12582912,0,0,1
opt_ntt,log15_lanes8,production,41,1,3875666.000,12582912,0,0,1
opt_ntt,log15_lanes8,depth_first,42,1,3862834.000,12582912,0,0,1
opt_ntt,log15_lanes8,production,42,1,3881000.000,12582912,0,0,1
opt_ntt,log15_lanes8,depth_first,43,1,3761333.000,12582912,0,0,1
opt_ntt,log15_lanes8,production,43,1,3831750.000,12582912,0,0,1
opt_ntt,log15_lanes8,production,44,1,3800917.000,12582912,0,0,1
opt_ntt,log15_lanes8,depth_first,44,1,3562375.000,12582912,0,0,1
opt_ntt,log15_lanes8,depth_first,45,1,3531500.000,12582912,0,0,1
opt_ntt,log15_lanes8,production,45,1,3761500.000,12582912,0,0,1
opt_ntt,log15_lanes8,depth_first,46,1,3719917.000,12582912,0,0,1
opt_ntt,log15_lanes8,production,46,1,3708417.000,12582912,0,0,1
opt_ntt,log15_lanes8,production,47,1,3966458.000,12582912,0,0,1
opt_ntt,log15_lanes8,depth_first,47,1,3662625.000,12582912,0,0,1
opt_ntt,log15_lanes8,depth_first,48,1,3516166.000,12582912,0,0,1
opt_ntt,log15_lanes8,production,48,1,3900917.000,12582912,0,0,1
opt_ntt,log15_lanes8,depth_first,49,1,3516458.000,12582912,0,0,1
opt_ntt,log15_lanes8,production,49,1,3795250.000,12582912,0,0,1
opt_ntt,log15_lanes8,production,50,1,3897042.000,12582912,0,0,1
opt_ntt,log15_lanes8,depth_first,50,1,3672709.000,12582912,0,0,1
opt_ntt,log15_lanes8,depth_first,51,1,3620250.000,12582912,0,0,1
opt_ntt,log15_lanes8,production,51,1,3842417.000,12582912,0,0,1
opt_ntt,log15_lanes8,depth_first,52,1,3631791.000,12582912,0,0,1
opt_ntt,log15_lanes8,production,52,1,3867000.000,12582912,0,0,1
opt_ntt,log15_lanes8,depth_first,53,1,3803417.000,12582912,0,0,1
opt_ntt,log15_lanes8,production,53,1,3879250.000,12582912,0,0,1
opt_ntt,log15_lanes8,production,54,1,3879542.000,12582912,0,0,1
opt_ntt,log15_lanes8,depth_first,54,1,3615542.000,12582912,0,0,1
opt_ntt,log15_lanes8,depth_first,55,1,3528334.000,12582912,0,0,1
opt_ntt,log15_lanes8,production,55,1,4057042.000,12582912,0,0,1
opt_ntt,log15_lanes8,depth_first,56,1,3616333.000,12582912,0,0,1
opt_ntt,log15_lanes8,production,56,1,3821291.000,12582912,0,0,1
opt_ntt,log15_lanes8,production,57,1,4037208.000,12582912,0,0,1
opt_ntt,log15_lanes8,depth_first,57,1,3657000.000,12582912,0,0,1
opt_ntt,log15_lanes8,depth_first,58,1,3524291.000,12582912,0,0,1
opt_ntt,log15_lanes8,production,58,1,3827625.000,12582912,0,0,1
opt_ntt,log15_lanes8,depth_first,59,1,3708125.000,12582912,0,0,1
opt_ntt,log15_lanes8,production,59,1,3873292.000,12582912,0,0,1
opt_ntt,log15_lanes8,production,60,1,3937917.000,12582912,0,0,1
opt_ntt,log15_lanes8,depth_first,60,1,3723167.000,12582912,0,0,1
opt_ntt,log15_lanes8,depth_first,61,1,3504042.000,12582912,0,0,1
opt_ntt,log15_lanes8,production,61,1,3782750.000,12582912,0,0,1
opt_ntt,log15_lanes8,production,62,1,3934958.000,12582912,0,0,1
opt_ntt,log15_lanes8,depth_first,62,1,3790208.000,12582912,0,0,1
opt_ntt,log15_lanes8,production,63,1,3903417.000,12582912,0,0,1
opt_ntt,log15_lanes8,depth_first,63,1,3702042.000,12582912,0,0,1
opt_ntt,log16_lanes32,depth_first,0,1,23050209.000,100663296,0,0,1
opt_ntt,log16_lanes32,production,0,1,23566458.000,100663296,0,0,1
opt_ntt,log16_lanes32,depth_first,1,1,24031542.000,100663296,0,0,1
opt_ntt,log16_lanes32,production,1,1,23726125.000,100663296,0,0,1
opt_ntt,log16_lanes32,production,2,1,23654208.000,100663296,0,0,1
opt_ntt,log16_lanes32,depth_first,2,1,23925709.000,100663296,0,0,1
opt_ntt,log16_lanes32,production,3,1,24286917.000,100663296,0,0,1
opt_ntt,log16_lanes32,depth_first,3,1,23945041.000,100663296,0,0,1
opt_ntt,log16_lanes32,production,4,1,23844625.000,100663296,0,0,1
opt_ntt,log16_lanes32,depth_first,4,1,22728834.000,100663296,0,0,1
opt_ntt,log16_lanes32,production,5,1,24388083.000,100663296,0,0,1
opt_ntt,log16_lanes32,depth_first,5,1,23203958.000,100663296,0,0,1
opt_ntt,log16_lanes32,depth_first,6,1,22938417.000,100663296,0,0,1
opt_ntt,log16_lanes32,production,6,1,23879417.000,100663296,0,0,1
opt_ntt,log16_lanes32,production,7,1,24171375.000,100663296,0,0,1
opt_ntt,log16_lanes32,depth_first,7,1,22983792.000,100663296,0,0,1
opt_ntt,log16_lanes32,production,8,1,23787750.000,100663296,0,0,1
opt_ntt,log16_lanes32,depth_first,8,1,23167833.000,100663296,0,0,1
opt_ntt,log16_lanes32,production,9,1,23913917.000,100663296,0,0,1
opt_ntt,log16_lanes32,depth_first,9,1,22948791.000,100663296,0,0,1
opt_ntt,log16_lanes32,production,10,1,23839209.000,100663296,0,0,1
opt_ntt,log16_lanes32,depth_first,10,1,25546375.000,100663296,0,0,1
opt_ntt,log16_lanes32,production,11,1,24008083.000,100663296,0,0,1
opt_ntt,log16_lanes32,depth_first,11,1,22720167.000,100663296,0,0,1
opt_ntt,log16_lanes32,depth_first,12,1,23147375.000,100663296,0,0,1
opt_ntt,log16_lanes32,production,12,1,23972625.000,100663296,0,0,1
opt_ntt,log16_lanes32,depth_first,13,1,22798917.000,100663296,0,0,1
opt_ntt,log16_lanes32,production,13,1,24270459.000,100663296,0,0,1
opt_ntt,log16_lanes32,production,14,1,23879250.000,100663296,0,0,1
opt_ntt,log16_lanes32,depth_first,14,1,23002833.000,100663296,0,0,1
opt_ntt,log16_lanes32,depth_first,15,1,22846208.000,100663296,0,0,1
opt_ntt,log16_lanes32,production,15,1,24335084.000,100663296,0,0,1
opt_ntt,log16_lanes32,production,16,1,24106916.000,100663296,0,0,1
opt_ntt,log16_lanes32,depth_first,16,1,23455333.000,100663296,0,0,1
opt_ntt,log16_lanes32,depth_first,17,1,24544417.000,100663296,0,0,1
opt_ntt,log16_lanes32,production,17,1,23781292.000,100663296,0,0,1
opt_ntt,log16_lanes32,depth_first,18,1,23546208.000,100663296,0,0,1
opt_ntt,log16_lanes32,production,18,1,24216708.000,100663296,0,0,1
opt_ntt,log16_lanes32,production,19,1,23755125.000,100663296,0,0,1
opt_ntt,log16_lanes32,depth_first,19,1,23705459.000,100663296,0,0,1
opt_ntt,log16_lanes32,production,20,1,23707792.000,100663296,0,0,1
opt_ntt,log16_lanes32,depth_first,20,1,22828333.000,100663296,0,0,1
opt_ntt,log16_lanes32,production,21,1,23851250.000,100663296,0,0,1
opt_ntt,log16_lanes32,depth_first,21,1,24509125.000,100663296,0,0,1
opt_ntt,log16_lanes32,depth_first,22,1,23154833.000,100663296,0,0,1
opt_ntt,log16_lanes32,production,22,1,23917708.000,100663296,0,0,1
opt_ntt,log16_lanes32,depth_first,23,1,23227083.000,100663296,0,0,1
opt_ntt,log16_lanes32,production,23,1,24380625.000,100663296,0,0,1
opt_ntt,log16_lanes32,production,24,1,24211166.000,100663296,0,0,1
opt_ntt,log16_lanes32,depth_first,24,1,22930250.000,100663296,0,0,1
opt_ntt,log16_lanes32,production,25,1,24637541.000,100663296,0,0,1
opt_ntt,log16_lanes32,depth_first,25,1,24305625.000,100663296,0,0,1
opt_ntt,log16_lanes32,production,26,1,24856167.000,100663296,0,0,1
opt_ntt,log16_lanes32,depth_first,26,1,25018333.000,100663296,0,0,1
opt_ntt,log16_lanes32,depth_first,27,1,23024458.000,100663296,0,0,1
opt_ntt,log16_lanes32,production,27,1,24440584.000,100663296,0,0,1
opt_ntt,log16_lanes32,depth_first,28,1,24162541.000,100663296,0,0,1
opt_ntt,log16_lanes32,production,28,1,24436875.000,100663296,0,0,1
opt_ntt,log16_lanes32,production,29,1,23984125.000,100663296,0,0,1
opt_ntt,log16_lanes32,depth_first,29,1,22676000.000,100663296,0,0,1
opt_ntt,log16_lanes32,production,30,1,24327458.000,100663296,0,0,1
opt_ntt,log16_lanes32,depth_first,30,1,22729000.000,100663296,0,0,1
opt_ntt,log16_lanes32,production,31,1,24375875.000,100663296,0,0,1
opt_ntt,log16_lanes32,depth_first,31,1,23371917.000,100663296,0,0,1
opt_ntt,log16_lanes32,production,32,1,23519458.000,100663296,0,0,1
opt_ntt,log16_lanes32,depth_first,32,1,23084416.000,100663296,0,0,1
opt_ntt,log16_lanes32,production,33,1,24327375.000,100663296,0,0,1
opt_ntt,log16_lanes32,depth_first,33,1,23822667.000,100663296,0,0,1
opt_ntt,log16_lanes32,production,34,1,25302708.000,100663296,0,0,1
opt_ntt,log16_lanes32,depth_first,34,1,23799125.000,100663296,0,0,1
opt_ntt,log16_lanes32,production,35,1,23933917.000,100663296,0,0,1
opt_ntt,log16_lanes32,depth_first,35,1,24069458.000,100663296,0,0,1
opt_ntt,log16_lanes32,depth_first,36,1,23500458.000,100663296,0,0,1
opt_ntt,log16_lanes32,production,36,1,24782208.000,100663296,0,0,1
opt_ntt,log16_lanes32,production,37,1,24595958.000,100663296,0,0,1
opt_ntt,log16_lanes32,depth_first,37,1,22293709.000,100663296,0,0,1
opt_ntt,log16_lanes32,depth_first,38,1,22611625.000,100663296,0,0,1
opt_ntt,log16_lanes32,production,38,1,23578417.000,100663296,0,0,1
opt_ntt,log16_lanes32,depth_first,39,1,23662833.000,100663296,0,0,1
opt_ntt,log16_lanes32,production,39,1,23930500.000,100663296,0,0,1
opt_ntt,log16_lanes32,depth_first,40,1,23017459.000,100663296,0,0,1
opt_ntt,log16_lanes32,production,40,1,24186291.000,100663296,0,0,1
opt_ntt,log16_lanes32,depth_first,41,1,23003250.000,100663296,0,0,1
opt_ntt,log16_lanes32,production,41,1,23732333.000,100663296,0,0,1
opt_ntt,log16_lanes32,production,42,1,24415833.000,100663296,0,0,1
opt_ntt,log16_lanes32,depth_first,42,1,23184875.000,100663296,0,0,1
opt_ntt,log16_lanes32,depth_first,43,1,23149833.000,100663296,0,0,1
opt_ntt,log16_lanes32,production,43,1,24048834.000,100663296,0,0,1
opt_ntt,log16_lanes32,depth_first,44,1,22323208.000,100663296,0,0,1
opt_ntt,log16_lanes32,production,44,1,24590125.000,100663296,0,0,1
opt_ntt,log16_lanes32,depth_first,45,1,22705167.000,100663296,0,0,1
opt_ntt,log16_lanes32,production,45,1,24056208.000,100663296,0,0,1
opt_ntt,log16_lanes32,production,46,1,23898291.000,100663296,0,0,1
opt_ntt,log16_lanes32,depth_first,46,1,22388833.000,100663296,0,0,1
opt_ntt,log16_lanes32,production,47,1,24610625.000,100663296,0,0,1
opt_ntt,log16_lanes32,depth_first,47,1,22275333.000,100663296,0,0,1
opt_ntt,log16_lanes32,production,48,1,24390334.000,100663296,0,0,1
opt_ntt,log16_lanes32,depth_first,48,1,24475833.000,100663296,0,0,1
opt_ntt,log16_lanes32,depth_first,49,1,23247167.000,100663296,0,0,1
opt_ntt,log16_lanes32,production,49,1,23397292.000,100663296,0,0,1
opt_ntt,log16_lanes32,depth_first,50,1,23425625.000,100663296,0,0,1
opt_ntt,log16_lanes32,production,50,1,23366042.000,100663296,0,0,1
opt_ntt,log16_lanes32,production,51,1,24589875.000,100663296,0,0,1
opt_ntt,log16_lanes32,depth_first,51,1,22819583.000,100663296,0,0,1
opt_ntt,log16_lanes32,depth_first,52,1,22947042.000,100663296,0,0,1
opt_ntt,log16_lanes32,production,52,1,24299375.000,100663296,0,0,1
opt_ntt,log16_lanes32,depth_first,53,1,23255250.000,100663296,0,0,1
opt_ntt,log16_lanes32,production,53,1,24251000.000,100663296,0,0,1
opt_ntt,log16_lanes32,depth_first,54,1,22377208.000,100663296,0,0,1
opt_ntt,log16_lanes32,production,54,1,24481584.000,100663296,0,0,1
opt_ntt,log16_lanes32,production,55,1,25245625.000,100663296,0,0,1
opt_ntt,log16_lanes32,depth_first,55,1,22366125.000,100663296,0,0,1
opt_ntt,log16_lanes32,production,56,1,23523958.000,100663296,0,0,1
opt_ntt,log16_lanes32,depth_first,56,1,22747959.000,100663296,0,0,1
opt_ntt,log16_lanes32,production,57,1,24355541.000,100663296,0,0,1
opt_ntt,log16_lanes32,depth_first,57,1,23337042.000,100663296,0,0,1
opt_ntt,log16_lanes32,production,58,1,23345292.000,100663296,0,0,1
opt_ntt,log16_lanes32,depth_first,58,1,23029791.000,100663296,0,0,1
opt_ntt,log16_lanes32,depth_first,59,1,22208666.000,100663296,0,0,1
opt_ntt,log16_lanes32,production,59,1,24699750.000,100663296,0,0,1
opt_ntt,log16_lanes32,depth_first,60,1,22187458.000,100663296,0,0,1
opt_ntt,log16_lanes32,production,60,1,24213083.000,100663296,0,0,1
opt_ntt,log16_lanes32,production,61,1,24129125.000,100663296,0,0,1
opt_ntt,log16_lanes32,depth_first,61,1,22826458.000,100663296,0,0,1
opt_ntt,log16_lanes32,production,62,1,24382916.000,100663296,0,0,1
opt_ntt,log16_lanes32,depth_first,62,1,23384917.000,100663296,0,0,1
opt_ntt,log16_lanes32,depth_first,63,1,22991209.000,100663296,0,0,1
opt_ntt,log16_lanes32,production,63,1,24179334.000,100663296,0,0,1
opt_ntt,log18_lanes32,depth_first,0,1,103999625.000,402653184,0,0,1
opt_ntt,log18_lanes32,production,0,1,107747291.000,402653184,1,1520,1
opt_ntt,log18_lanes32,production,1,1,107205875.000,402653184,1,1520,1
opt_ntt,log18_lanes32,depth_first,1,1,102286500.000,402653184,0,0,1
opt_ntt,log18_lanes32,production,2,1,109099250.000,402653184,1,1520,1
opt_ntt,log18_lanes32,depth_first,2,1,103148417.000,402653184,0,0,1
opt_ntt,log18_lanes32,production,3,1,107011417.000,402653184,1,1520,1
opt_ntt,log18_lanes32,depth_first,3,1,103835333.000,402653184,0,0,1
opt_ntt,log18_lanes32,depth_first,4,1,103719459.000,402653184,0,0,1
opt_ntt,log18_lanes32,production,4,1,107778792.000,402653184,1,1520,1
opt_ntt,log18_lanes32,depth_first,5,1,102931667.000,402653184,0,0,1
opt_ntt,log18_lanes32,production,5,1,107101792.000,402653184,1,1520,1
opt_ntt,log18_lanes32,depth_first,6,1,102694000.000,402653184,0,0,1
opt_ntt,log18_lanes32,production,6,1,107946834.000,402653184,1,1520,1
opt_ntt,log18_lanes32,production,7,1,107320292.000,402653184,1,1520,1
opt_ntt,log18_lanes32,depth_first,7,1,103111042.000,402653184,0,0,1
opt_ntt,log18_lanes32,depth_first,8,1,104569125.000,402653184,0,0,1
opt_ntt,log18_lanes32,production,8,1,108229709.000,402653184,1,1520,1
opt_ntt,log18_lanes32,depth_first,9,1,103486208.000,402653184,0,0,1
opt_ntt,log18_lanes32,production,9,1,108085417.000,402653184,1,1520,1
opt_ntt,log18_lanes32,production,10,1,108247875.000,402653184,1,1520,1
opt_ntt,log18_lanes32,depth_first,10,1,104249917.000,402653184,0,0,1
opt_ntt,log18_lanes32,depth_first,11,1,104133125.000,402653184,0,0,1
opt_ntt,log18_lanes32,production,11,1,107492333.000,402653184,1,1520,1
opt_ntt,log18_lanes32,depth_first,12,1,103933083.000,402653184,0,0,1
opt_ntt,log18_lanes32,production,12,1,108202417.000,402653184,1,1520,1
opt_ntt,log18_lanes32,production,13,1,107395541.000,402653184,1,1520,1
opt_ntt,log18_lanes32,depth_first,13,1,103555167.000,402653184,0,0,1
opt_ntt,log18_lanes32,production,14,1,107532959.000,402653184,1,1520,1
opt_ntt,log18_lanes32,depth_first,14,1,105494125.000,402653184,0,0,1
opt_ntt,log18_lanes32,production,15,1,107254917.000,402653184,1,1520,1
opt_ntt,log18_lanes32,depth_first,15,1,103266167.000,402653184,0,0,1
opt_ntt,log18_lanes32,production,16,1,107889167.000,402653184,1,1520,1
opt_ntt,log18_lanes32,depth_first,16,1,103968500.000,402653184,0,0,1
opt_ntt,log18_lanes32,depth_first,17,1,104592791.000,402653184,0,0,1
opt_ntt,log18_lanes32,production,17,1,107588042.000,402653184,1,1520,1
opt_ntt,log18_lanes32,production,18,1,107984125.000,402653184,1,1520,1
opt_ntt,log18_lanes32,depth_first,18,1,103415833.000,402653184,0,0,1
opt_ntt,log18_lanes32,depth_first,19,1,103484916.000,402653184,0,0,1
opt_ntt,log18_lanes32,production,19,1,107203500.000,402653184,1,1520,1
opt_ntt,log18_lanes32,depth_first,20,1,102681625.000,402653184,0,0,1
opt_ntt,log18_lanes32,production,20,1,107821750.000,402653184,1,1520,1
opt_ntt,log18_lanes32,production,21,1,108364792.000,402653184,1,1520,1
opt_ntt,log18_lanes32,depth_first,21,1,102824750.000,402653184,0,0,1
opt_ntt,log18_lanes32,depth_first,22,1,104376458.000,402653184,0,0,1
opt_ntt,log18_lanes32,production,22,1,107841667.000,402653184,1,1520,1
opt_ntt,log18_lanes32,depth_first,23,1,102386500.000,402653184,0,0,1
opt_ntt,log18_lanes32,production,23,1,106901833.000,402653184,1,1520,1
opt_ntt,log18_lanes32,depth_first,24,1,103173792.000,402653184,0,0,1
opt_ntt,log18_lanes32,production,24,1,107195959.000,402653184,1,1520,1
opt_ntt,log18_lanes32,depth_first,25,1,102919917.000,402653184,0,0,1
opt_ntt,log18_lanes32,production,25,1,107133958.000,402653184,1,1520,1
opt_ntt,log18_lanes32,production,26,1,107781584.000,402653184,1,1520,1
opt_ntt,log18_lanes32,depth_first,26,1,102514875.000,402653184,0,0,1
opt_ntt,log18_lanes32,depth_first,27,1,104948250.000,402653184,0,0,1
opt_ntt,log18_lanes32,production,27,1,107986709.000,402653184,1,1520,1
opt_ntt,log18_lanes32,depth_first,28,1,102752500.000,402653184,0,0,1
opt_ntt,log18_lanes32,production,28,1,107832875.000,402653184,1,1520,1
opt_ntt,log18_lanes32,depth_first,29,1,102450416.000,402653184,0,0,1
opt_ntt,log18_lanes32,production,29,1,108006458.000,402653184,1,1520,1
opt_ntt,log18_lanes32,depth_first,30,1,103332667.000,402653184,0,0,1
opt_ntt,log18_lanes32,production,30,1,107415958.000,402653184,1,1520,1
opt_ntt,log18_lanes32,depth_first,31,1,102938625.000,402653184,0,0,1
opt_ntt,log18_lanes32,production,31,1,107482250.000,402653184,1,1520,1
opt_ntt,log18_lanes32,production,32,1,107749167.000,402653184,1,1520,1
opt_ntt,log18_lanes32,depth_first,32,1,104245000.000,402653184,0,0,1
opt_ntt,log18_lanes32,production,33,1,107373084.000,402653184,1,1520,1
opt_ntt,log18_lanes32,depth_first,33,1,104511042.000,402653184,0,0,1
opt_ntt,log18_lanes32,depth_first,34,1,103549083.000,402653184,0,0,1
opt_ntt,log18_lanes32,production,34,1,107659875.000,402653184,1,1520,1
opt_ntt,log18_lanes32,depth_first,35,1,104405584.000,402653184,0,0,1
opt_ntt,log18_lanes32,production,35,1,108097333.000,402653184,1,1520,1
opt_ntt,log18_lanes32,production,36,1,107870917.000,402653184,1,1520,1
opt_ntt,log18_lanes32,depth_first,36,1,103764875.000,402653184,0,0,1
opt_ntt,log18_lanes32,production,37,1,106626500.000,402653184,1,1520,1
opt_ntt,log18_lanes32,depth_first,37,1,103275792.000,402653184,0,0,1
opt_ntt,log18_lanes32,production,38,1,107958833.000,402653184,1,1520,1
opt_ntt,log18_lanes32,depth_first,38,1,104149833.000,402653184,0,0,1
opt_ntt,log18_lanes32,depth_first,39,1,102925458.000,402653184,0,0,1
opt_ntt,log18_lanes32,production,39,1,108078209.000,402653184,1,1520,1
opt_ntt,log18_lanes32,production,40,1,106856542.000,402653184,1,1520,1
opt_ntt,log18_lanes32,depth_first,40,1,106223834.000,402653184,0,0,1
opt_ntt,log18_lanes32,production,41,1,107440833.000,402653184,1,1520,1
opt_ntt,log18_lanes32,depth_first,41,1,103727166.000,402653184,0,0,1
opt_ntt,log18_lanes32,depth_first,42,1,103667917.000,402653184,0,0,1
opt_ntt,log18_lanes32,production,42,1,108378667.000,402653184,1,1520,1
opt_ntt,log18_lanes32,depth_first,43,1,105207416.000,402653184,0,0,1
opt_ntt,log18_lanes32,production,43,1,107040125.000,402653184,1,1520,1
opt_ntt,log18_lanes32,production,44,1,107434250.000,402653184,1,1520,1
opt_ntt,log18_lanes32,depth_first,44,1,102835334.000,402653184,0,0,1
opt_ntt,log18_lanes32,depth_first,45,1,104349958.000,402653184,0,0,1
opt_ntt,log18_lanes32,production,45,1,107359333.000,402653184,1,1520,1
opt_ntt,log18_lanes32,depth_first,46,1,103134708.000,402653184,0,0,1
opt_ntt,log18_lanes32,production,46,1,107193666.000,402653184,1,1520,1
opt_ntt,log18_lanes32,production,47,1,107261417.000,402653184,1,1520,1
opt_ntt,log18_lanes32,depth_first,47,1,104942125.000,402653184,0,0,1
opt_ntt,log18_lanes32,production,48,1,108489875.000,402653184,1,1520,1
opt_ntt,log18_lanes32,depth_first,48,1,103857416.000,402653184,0,0,1
opt_ntt,log18_lanes32,depth_first,49,1,103379042.000,402653184,0,0,1
opt_ntt,log18_lanes32,production,49,1,108553666.000,402653184,1,1520,1
opt_ntt,log18_lanes32,depth_first,50,1,104070000.000,402653184,0,0,1
opt_ntt,log18_lanes32,production,50,1,107911958.000,402653184,1,1520,1
opt_ntt,log18_lanes32,production,51,1,108787125.000,402653184,1,1520,1
opt_ntt,log18_lanes32,depth_first,51,1,104105125.000,402653184,0,0,1
opt_ntt,log18_lanes32,production,52,1,107597292.000,402653184,1,1520,1
opt_ntt,log18_lanes32,depth_first,52,1,106503458.000,402653184,0,0,1
opt_ntt,log18_lanes32,depth_first,53,1,104042458.000,402653184,0,0,1
opt_ntt,log18_lanes32,production,53,1,108071875.000,402653184,1,1520,1
opt_ntt,log18_lanes32,production,54,1,106999000.000,402653184,1,1520,1
opt_ntt,log18_lanes32,depth_first,54,1,103476541.000,402653184,0,0,1
opt_ntt,log18_lanes32,production,55,1,107337958.000,402653184,1,1520,1
opt_ntt,log18_lanes32,depth_first,55,1,103714333.000,402653184,0,0,1
opt_ntt,log18_lanes32,depth_first,56,1,103580833.000,402653184,0,0,1
opt_ntt,log18_lanes32,production,56,1,107852625.000,402653184,1,1520,1
opt_ntt,log18_lanes32,production,57,1,107471500.000,402653184,1,1520,1
opt_ntt,log18_lanes32,depth_first,57,1,103259125.000,402653184,0,0,1
opt_ntt,log18_lanes32,depth_first,58,1,104169833.000,402653184,0,0,1
opt_ntt,log18_lanes32,production,58,1,107273042.000,402653184,1,1520,1
opt_ntt,log18_lanes32,depth_first,59,1,102833875.000,402653184,0,0,1
opt_ntt,log18_lanes32,production,59,1,107511167.000,402653184,1,1520,1
opt_ntt,log18_lanes32,production,60,1,107828917.000,402653184,1,1520,1
opt_ntt,log18_lanes32,depth_first,60,1,104219709.000,402653184,0,0,1
opt_ntt,log18_lanes32,production,61,1,108613375.000,402653184,1,1520,1
opt_ntt,log18_lanes32,depth_first,61,1,104199708.000,402653184,0,0,1
opt_ntt,log18_lanes32,depth_first,62,1,104221333.000,402653184,0,0,1
opt_ntt,log18_lanes32,production,62,1,108949750.000,402653184,1,1520,1
opt_ntt,log18_lanes32,production,63,1,107121834.000,402653184,1,1520,1
opt_ntt,log18_lanes32,depth_first,63,1,104470208.000,402653184,0,0,1
opt_packed_ood,logs16_14,single_write_ood,0,16,309169.250,4194304,3,2163200,1
opt_packed_ood,logs16_14,production,0,16,269518.250,4194304,21,2229728,1
opt_packed_ood,logs16_14,single_write_ood,1,16,307130.188,4194304,3,2163200,1
opt_packed_ood,logs16_14,production,1,16,272348.938,4194304,21,2229728,1
opt_packed_ood,logs16_14,production,2,16,261562.500,4194304,21,2229728,1
opt_packed_ood,logs16_14,single_write_ood,2,16,271161.500,4194304,3,2163200,1
opt_packed_ood,logs16_14,production,3,16,248385.438,4194304,21,2229728,1
opt_packed_ood,logs16_14,single_write_ood,3,16,299221.312,4194304,3,2163200,1
opt_packed_ood,logs16_14,single_write_ood,4,16,303062.500,4194304,3,2163200,1
opt_packed_ood,logs16_14,production,4,16,271411.438,4194304,21,2229728,1
opt_packed_ood,logs16_14,production,5,16,290945.312,4194304,21,2229728,1
opt_packed_ood,logs16_14,single_write_ood,5,16,314138.062,4194304,3,2163200,1
opt_packed_ood,logs16_14,production,6,16,251692.750,4194304,21,2229728,1
opt_packed_ood,logs16_14,single_write_ood,6,16,265104.188,4194304,3,2163200,1
opt_packed_ood,logs16_14,production,7,16,265085.938,4194304,21,2229728,1
opt_packed_ood,logs16_14,single_write_ood,7,16,299861.938,4194304,3,2163200,1
opt_packed_ood,logs16_14,production,8,16,267669.312,4194304,21,2229728,1
opt_packed_ood,logs16_14,single_write_ood,8,16,291703.125,4194304,3,2163200,1
opt_packed_ood,logs16_14,production,9,16,275966.125,4194304,21,2229728,1
opt_packed_ood,logs16_14,single_write_ood,9,16,282101.562,4194304,3,2163200,1
opt_packed_ood,logs16_14,production,10,16,245994.812,4194304,21,2229728,1
opt_packed_ood,logs16_14,single_write_ood,10,16,303619.812,4194304,3,2163200,1
opt_packed_ood,logs16_14,single_write_ood,11,16,311989.562,4194304,3,2163200,1
opt_packed_ood,logs16_14,production,11,16,268385.438,4194304,21,2229728,1
opt_packed_ood,logs16_14,production,12,16,269291.688,4194304,21,2229728,1
opt_packed_ood,logs16_14,single_write_ood,12,16,298924.438,4194304,3,2163200,1
opt_packed_ood,logs16_14,single_write_ood,13,16,302434.875,4194304,3,2163200,1
opt_packed_ood,logs16_14,production,13,16,261375.000,4194304,21,2229728,1
opt_packed_ood,logs16_14,production,14,16,249278.688,4194304,21,2229728,1
opt_packed_ood,logs16_14,single_write_ood,14,16,302205.750,4194304,3,2163200,1
opt_packed_ood,logs16_14,single_write_ood,15,16,304781.250,4194304,3,2163200,1
opt_packed_ood,logs16_14,production,15,16,270414.062,4194304,21,2229728,1
opt_packed_ood,logs16_14,single_write_ood,16,16,297974.000,4194304,3,2163200,1
opt_packed_ood,logs16_14,production,16,16,266302.125,4194304,21,2229728,1
opt_packed_ood,logs16_14,production,17,16,296169.250,4194304,21,2229728,1
opt_packed_ood,logs16_14,single_write_ood,17,16,276414.062,4194304,3,2163200,1
opt_packed_ood,logs16_14,single_write_ood,18,16,273960.938,4194304,3,2163200,1
opt_packed_ood,logs16_14,production,18,16,269849.000,4194304,21,2229728,1
opt_packed_ood,logs16_14,single_write_ood,19,16,297302.062,4194304,3,2163200,1
opt_packed_ood,logs16_14,production,19,16,280127.625,4194304,21,2229728,1
opt_packed_ood,logs16_14,production,20,16,286138.000,4194304,21,2229728,1
opt_packed_ood,logs16_14,single_write_ood,20,16,307236.938,4194304,3,2163200,1
opt_packed_ood,logs16_14,single_write_ood,21,16,303263.062,4194304,3,2163200,1
opt_packed_ood,logs16_14,production,21,16,281010.375,4194304,21,2229728,1
opt_packed_ood,logs16_14,production,22,16,268096.375,4194304,21,2229728,1
opt_packed_ood,logs16_14,single_write_ood,22,16,297247.375,4194304,3,2163200,1
opt_packed_ood,logs16_14,production,23,16,298221.312,4194304,21,2229728,1
opt_packed_ood,logs16_14,single_write_ood,23,16,304328.125,4194304,3,2163200,1
opt_packed_ood,logs16_14,single_write_ood,24,16,305617.188,4194304,3,2163200,1
opt_packed_ood,logs16_14,production,24,16,262796.875,4194304,21,2229728,1
opt_packed_ood,logs16_14,single_write_ood,25,16,229908.812,4194304,3,2163200,1
opt_packed_ood,logs16_14,production,25,16,264440.125,4194304,21,2229728,1
opt_packed_ood,logs16_14,single_write_ood,26,16,292880.250,4194304,3,2163200,1
opt_packed_ood,logs16_14,production,26,16,271380.188,4194304,21,2229728,1
opt_packed_ood,logs16_14,production,27,16,280296.875,4194304,21,2229728,1
opt_packed_ood,logs16_14,single_write_ood,27,16,307466.188,4194304,3,2163200,1
opt_packed_ood,logs16_14,single_write_ood,28,16,310281.250,4194304,3,2163200,1
opt_packed_ood,logs16_14,production,28,16,254591.125,4194304,21,2229728,1
opt_packed_ood,logs16_14,production,29,16,262330.750,4194304,21,2229728,1
opt_packed_ood,logs16_14,single_write_ood,29,16,300906.250,4194304,3,2163200,1
opt_packed_ood,logs16_14,production,30,16,266161.438,4194304,21,2229728,1
opt_packed_ood,logs16_14,single_write_ood,30,16,293377.625,4194304,3,2163200,1
opt_packed_ood,logs16_14,production,31,16,278395.812,4194304,21,2229728,1
opt_packed_ood,logs16_14,single_write_ood,31,16,310213.500,4194304,3,2163200,1
opt_packed_ood,logs16_14,single_write_ood,32,16,297111.938,4194304,3,2163200,1
opt_packed_ood,logs16_14,production,32,16,260315.125,4194304,21,2229728,1
opt_packed_ood,logs16_14,single_write_ood,33,16,300156.250,4194304,3,2163200,1
opt_packed_ood,logs16_14,production,33,16,269940.125,4194304,21,2229728,1
opt_packed_ood,logs16_14,production,34,16,265914.062,4194304,21,2229728,1
opt_packed_ood,logs16_14,single_write_ood,34,16,304906.250,4194304,3,2163200,1
opt_packed_ood,logs16_14,production,35,16,272546.875,4194304,21,2229728,1
opt_packed_ood,logs16_14,single_write_ood,35,16,295502.562,4194304,3,2163200,1
opt_packed_ood,logs16_14,production,36,16,262664.062,4194304,21,2229728,1
opt_packed_ood,logs16_14,single_write_ood,36,16,301153.625,4194304,3,2163200,1
opt_packed_ood,logs16_14,single_write_ood,37,16,307036.500,4194304,3,2163200,1
opt_packed_ood,logs16_14,production,37,16,268356.812,4194304,21,2229728,1
opt_packed_ood,logs16_14,single_write_ood,38,16,243000.000,4194304,3,2163200,1
opt_packed_ood,logs16_14,production,38,16,282273.438,4194304,21,2229728,1
opt_packed_ood,logs16_14,single_write_ood,39,16,305895.875,4194304,3,2163200,1
opt_packed_ood,logs16_14,production,39,16,266364.562,4194304,21,2229728,1
opt_packed_ood,logs16_14,single_write_ood,40,16,305494.812,4194304,3,2163200,1
opt_packed_ood,logs16_14,production,40,16,266473.938,4194304,21,2229728,1
opt_packed_ood,logs16_14,production,41,16,268088.562,4194304,21,2229728,1
opt_packed_ood,logs16_14,single_write_ood,41,16,309869.750,4194304,3,2163200,1
opt_packed_ood,logs16_14,production,42,16,288958.312,4194304,21,2229728,1
opt_packed_ood,logs16_14,single_write_ood,42,16,305286.438,4194304,3,2163200,1
opt_packed_ood,logs16_14,single_write_ood,43,16,254002.625,4194304,3,2163200,1
opt_packed_ood,logs16_14,production,43,16,260875.000,4194304,21,2229728,1
opt_packed_ood,logs16_14,single_write_ood,44,16,301575.562,4194304,3,2163200,1
opt_packed_ood,logs16_14,production,44,16,266955.750,4194304,21,2229728,1
opt_packed_ood,logs16_14,single_write_ood,45,16,307960.938,4194304,3,2163200,1
opt_packed_ood,logs16_14,production,45,16,271148.438,4194304,21,2229728,1
opt_packed_ood,logs16_14,production,46,16,265572.875,4194304,21,2229728,1
opt_packed_ood,logs16_14,single_write_ood,46,16,304671.875,4194304,3,2163200,1
opt_packed_ood,logs16_14,production,47,16,265841.125,4194304,21,2229728,1
opt_packed_ood,logs16_14,single_write_ood,47,16,297518.188,4194304,3,2163200,1
opt_packed_ood,logs16_14,production,48,16,271791.688,4194304,21,2229728,1
opt_packed_ood,logs16_14,single_write_ood,48,16,299734.375,4194304,3,2163200,1
opt_packed_ood,logs16_14,production,49,16,271919.250,4194304,21,2229728,1
opt_packed_ood,logs16_14,single_write_ood,49,16,311526.000,4194304,3,2163200,1
opt_packed_ood,logs16_14,single_write_ood,50,16,306276.000,4194304,3,2163200,1
opt_packed_ood,logs16_14,production,50,16,274588.562,4194304,21,2229728,1
opt_packed_ood,logs16_14,production,51,16,267734.375,4194304,21,2229728,1
opt_packed_ood,logs16_14,single_write_ood,51,16,297807.250,4194304,3,2163200,1
opt_packed_ood,logs16_14,single_write_ood,52,16,230330.750,4194304,3,2163200,1
opt_packed_ood,logs16_14,production,52,16,280111.938,4194304,21,2229728,1
opt_packed_ood,logs16_14,single_write_ood,53,16,301026.062,4194304,3,2163200,1
opt_packed_ood,logs16_14,production,53,16,266369.812,4194304,21,2229728,1
opt_packed_ood,logs16_14,single_write_ood,54,16,283541.688,4194304,3,2163200,1
opt_packed_ood,logs16_14,production,54,16,271531.250,4194304,21,2229728,1
opt_packed_ood,logs16_14,single_write_ood,55,16,300567.750,4194304,3,2163200,1
opt_packed_ood,logs16_14,production,55,16,268651.062,4194304,21,2229728,1
opt_packed_ood,logs16_14,production,56,16,267898.438,4194304,21,2229728,1
opt_packed_ood,logs16_14,single_write_ood,56,16,307419.312,4194304,3,2163200,1
opt_packed_ood,logs16_14,production,57,16,280286.500,4194304,21,2229728,1
opt_packed_ood,logs16_14,single_write_ood,57,16,252552.125,4194304,3,2163200,1
opt_packed_ood,logs16_14,single_write_ood,58,16,301937.500,4194304,3,2163200,1
opt_packed_ood,logs16_14,production,58,16,263679.688,4194304,21,2229728,1
opt_packed_ood,logs16_14,production,59,16,267731.812,4194304,21,2229728,1
opt_packed_ood,logs16_14,single_write_ood,59,16,299388.062,4194304,3,2163200,1
opt_packed_ood,logs16_14,single_write_ood,60,16,314546.875,4194304,3,2163200,1
opt_packed_ood,logs16_14,production,60,16,273921.875,4194304,21,2229728,1
opt_packed_ood,logs16_14,single_write_ood,61,16,288557.312,4194304,3,2163200,1
opt_packed_ood,logs16_14,production,61,16,266622.375,4194304,21,2229728,1
opt_packed_ood,logs16_14,single_write_ood,62,16,301724.000,4194304,3,2163200,1
opt_packed_ood,logs16_14,production,62,16,267489.625,4194304,21,2229728,1
opt_packed_ood,logs16_14,single_write_ood,63,16,238197.938,4194304,3,2163200,1
opt_packed_ood,logs16_14,production,63,16,295557.312,4194304,21,2229728,1
