2026-10-07T19:58:52.406442Z  INFO falcon_algebraic:commit:falcon_algebraic:witness: bitz::piop::spartan::falcon512_algebraic::protocol: close time.busy=32.4ms time.idle=471ns
2026-10-07T19:58:52.436513Z  INFO falcon_algebraic:commit:shared_source:encode: bitz::hybrid::opening: close time.busy=1.94ms time.idle=591ns
2026-10-07T19:58:52.437734Z  INFO falcon_algebraic:commit:shared_source:merkle: bitz::hybrid::opening: close time.busy=1.21ms time.idle=140ns
2026-10-07T19:58:52.437736Z  INFO falcon_algebraic:commit: bitz::piop::spartan::falcon512_algebraic::protocol: close time.busy=63.8ms time.idle=1.41µs
2026-10-07T19:58:52.457891Z  INFO falcon_algebraic:prove:falcon_algebraic:ring:falcon_algebraic_ring:prove:falcon_algebraic_ring:coordinates: bitz::piop::spartan::falcon512_algebraic::ring: close time.busy=11.4ms time.idle=270ns
2026-10-07T19:58:52.458712Z  INFO falcon_algebraic:prove:falcon_algebraic:ring:falcon_algebraic_ring:prove:spartan:grinding{bits=11}: bitz::piop::spartan::grinding: close time.busy=9.01µs time.idle=161ns
2026-10-07T19:58:52.477583Z  INFO falcon_algebraic:prove:falcon_algebraic:ring:falcon_algebraic_ring:prove:falcon_algebraic_ring:collapse: bitz::piop::spartan::falcon512_algebraic::ring: close time.busy=18.9ms time.idle=130ns
2026-10-07T19:58:52.477892Z  INFO falcon_algebraic:prove:falcon_algebraic:ring:falcon_algebraic_ring:prove: bitz::piop::spartan::falcon512_algebraic::ring: close time.busy=32.4ms time.idle=291ns
2026-10-07T19:58:52.477894Z  INFO falcon_algebraic:prove:falcon_algebraic:ring: bitz::piop::spartan::falcon512_algebraic::protocol: close time.busy=32.4ms time.idle=140ns
2026-10-07T19:58:52.477903Z  INFO falcon_algebraic:prove:falcon_algebraic:arithmetic:falcon_algebraic:norm:spartan:grinding{bits=11}: bitz::piop::spartan::grinding: close time.busy=6.27µs time.idle=130ns
2026-10-07T19:58:52.508500Z  INFO falcon_algebraic:prove:falcon_algebraic:arithmetic:falcon_algebraic:norm:spartan:round_grinding_prove:spartan:grinding{bits=14}: bitz::piop::spartan::grinding: close time.busy=25.6µs time.idle=391ns
2026-10-07T19:58:52.508502Z  INFO falcon_algebraic:prove:falcon_algebraic:arithmetic:falcon_algebraic:norm:spartan:round_grinding_prove: bitz::sumcheck::boundary: close time.busy=30.0µs time.idle=170ns
2026-10-07T19:58:52.520942Z  INFO falcon_algebraic:prove:falcon_algebraic:arithmetic:falcon_algebraic:norm:spartan:round_grinding_prove:spartan:grinding{bits=14}: bitz::piop::spartan::grinding: close time.busy=163µs time.idle=110ns
2026-10-07T19:58:52.520944Z  INFO falcon_algebraic:prove:falcon_algebraic:arithmetic:falcon_algebraic:norm:spartan:round_grinding_prove: bitz::sumcheck::boundary: close time.busy=166µs time.idle=131ns
2026-10-07T19:58:52.526498Z  INFO falcon_algebraic:prove:falcon_algebraic:arithmetic:falcon_algebraic:norm:spartan:round_grinding_prove:spartan:grinding{bits=14}: bitz::piop::spartan::grinding: close time.busy=39.2µs time.idle=120ns
2026-10-07T19:58:52.526500Z  INFO falcon_algebraic:prove:falcon_algebraic:arithmetic:falcon_algebraic:norm:spartan:round_grinding_prove: bitz::sumcheck::boundary: close time.busy=42.2µs time.idle=150ns
2026-10-07T19:58:52.529039Z  INFO falcon_algebraic:prove:falcon_algebraic:arithmetic:falcon_algebraic:norm:spartan:round_grinding_prove:spartan:grinding{bits=14}: bitz::piop::spartan::grinding: close time.busy=19.5µs time.idle=110ns
2026-10-07T19:58:52.529041Z  INFO falcon_algebraic:prove:falcon_algebraic:arithmetic:falcon_algebraic:norm:spartan:round_grinding_prove: bitz::sumcheck::boundary: close time.busy=21.8µs time.idle=110ns
2026-10-07T19:58:52.530417Z  INFO falcon_algebraic:prove:falcon_algebraic:arithmetic:falcon_algebraic:norm:spartan:round_grinding_prove:spartan:grinding{bits=14}: bitz::piop::spartan::grinding: close time.busy=110µs time.idle=101ns
2026-10-07T19:58:52.530419Z  INFO falcon_algebraic:prove:falcon_algebraic:arithmetic:falcon_algebraic:norm:spartan:round_grinding_prove: bitz::sumcheck::boundary: close time.busy=113µs time.idle=130ns
2026-10-07T19:58:52.531068Z  INFO falcon_algebraic:prove:falcon_algebraic:arithmetic:falcon_algebraic:norm:spartan:round_grinding_prove:spartan:grinding{bits=14}: bitz::piop::spartan::grinding: close time.busy=12.0µs time.idle=110ns
2026-10-07T19:58:52.531072Z  INFO falcon_algebraic:prove:falcon_algebraic:arithmetic:falcon_algebraic:norm:spartan:round_grinding_prove: bitz::sumcheck::boundary: close time.busy=16.8µs time.idle=110ns
2026-10-07T19:58:52.531435Z  INFO falcon_algebraic:prove:falcon_algebraic:arithmetic:falcon_algebraic:norm:spartan:round_grinding_prove:spartan:grinding{bits=14}: bitz::piop::spartan::grinding: close time.busy=44.0µs time.idle=111ns
2026-10-07T19:58:52.531436Z  INFO falcon_algebraic:prove:falcon_algebraic:arithmetic:falcon_algebraic:norm:spartan:round_grinding_prove: bitz::sumcheck::boundary: close time.busy=46.1µs time.idle=110ns
2026-10-07T19:58:52.531618Z  INFO falcon_algebraic:prove:falcon_algebraic:arithmetic:falcon_algebraic:norm:spartan:round_grinding_prove:spartan:grinding{bits=14}: bitz::piop::spartan::grinding: close time.busy=15.4µs time.idle=110ns
2026-10-07T19:58:52.531619Z  INFO falcon_algebraic:prove:falcon_algebraic:arithmetic:falcon_algebraic:norm:spartan:round_grinding_prove: bitz::sumcheck::boundary: close time.busy=17.7µs time.idle=120ns
2026-10-07T19:58:52.531710Z  INFO falcon_algebraic:prove:falcon_algebraic:arithmetic:falcon_algebraic:norm:spartan:round_grinding_prove:spartan:grinding{bits=14}: bitz::piop::spartan::grinding: close time.busy=5.91µs time.idle=111ns
2026-10-07T19:58:52.531711Z  INFO falcon_algebraic:prove:falcon_algebraic:arithmetic:falcon_algebraic:norm:spartan:round_grinding_prove: bitz::sumcheck::boundary: close time.busy=8.10µs time.idle=110ns
2026-10-07T19:58:52.531820Z  INFO falcon_algebraic:prove:falcon_algebraic:arithmetic:falcon_algebraic:norm:spartan:round_grinding_prove:spartan:grinding{bits=14}: bitz::piop::spartan::grinding: close time.busy=60.2µs time.idle=110ns
2026-10-07T19:58:52.531822Z  INFO falcon_algebraic:prove:falcon_algebraic:arithmetic:falcon_algebraic:norm:spartan:round_grinding_prove: bitz::sumcheck::boundary: close time.busy=62.2µs time.idle=111ns
2026-10-07T19:58:52.531856Z  INFO falcon_algebraic:prove:falcon_algebraic:arithmetic:falcon_algebraic:norm:spartan:round_grinding_prove:spartan:grinding{bits=14}: bitz::piop::spartan::grinding: close time.busy=5.64µs time.idle=110ns
2026-10-07T19:58:52.531857Z  INFO falcon_algebraic:prove:falcon_algebraic:arithmetic:falcon_algebraic:norm:spartan:round_grinding_prove: bitz::sumcheck::boundary: close time.busy=7.66µs time.idle=110ns
2026-10-07T19:58:52.531908Z  INFO falcon_algebraic:prove:falcon_algebraic:arithmetic:falcon_algebraic:norm:spartan:round_grinding_prove:spartan:grinding{bits=14}: bitz::piop::spartan::grinding: close time.busy=33.5µs time.idle=111ns
2026-10-07T19:58:52.531909Z  INFO falcon_algebraic:prove:falcon_algebraic:arithmetic:falcon_algebraic:norm:spartan:round_grinding_prove: bitz::sumcheck::boundary: close time.busy=35.6µs time.idle=110ns
2026-10-07T19:58:52.531935Z  INFO falcon_algebraic:prove:falcon_algebraic:arithmetic:falcon_algebraic:norm:spartan:round_grinding_prove:spartan:grinding{bits=14}: bitz::piop::spartan::grinding: close time.busy=13.2µs time.idle=111ns
2026-10-07T19:58:52.531936Z  INFO falcon_algebraic:prove:falcon_algebraic:arithmetic:falcon_algebraic:norm:spartan:round_grinding_prove: bitz::sumcheck::boundary: close time.busy=15.3µs time.idle=120ns
2026-10-07T19:58:52.531961Z  INFO falcon_algebraic:prove:falcon_algebraic:arithmetic:falcon_algebraic:norm:spartan:round_grinding_prove:spartan:grinding{bits=14}: bitz::piop::spartan::grinding: close time.busy=12.5µs time.idle=100ns
2026-10-07T19:58:52.531962Z  INFO falcon_algebraic:prove:falcon_algebraic:arithmetic:falcon_algebraic:norm:spartan:round_grinding_prove: bitz::sumcheck::boundary: close time.busy=14.6µs time.idle=90.0ns
2026-10-07T19:58:52.531980Z  INFO falcon_algebraic:prove:falcon_algebraic:arithmetic:falcon_algebraic:norm:spartan:round_grinding_prove:spartan:grinding{bits=14}: bitz::piop::spartan::grinding: close time.busy=7.86µs time.idle=110ns
2026-10-07T19:58:52.531981Z  INFO falcon_algebraic:prove:falcon_algebraic:arithmetic:falcon_algebraic:norm:spartan:round_grinding_prove: bitz::sumcheck::boundary: close time.busy=9.89µs time.idle=110ns
2026-10-07T19:58:52.532035Z  INFO falcon_algebraic:prove:falcon_algebraic:arithmetic:falcon_algebraic:norm:spartan:round_grinding_prove:spartan:grinding{bits=14}: bitz::piop::spartan::grinding: close time.busy=43.3µs time.idle=110ns
2026-10-07T19:58:52.532036Z  INFO falcon_algebraic:prove:falcon_algebraic:arithmetic:falcon_algebraic:norm:spartan:round_grinding_prove: bitz::sumcheck::boundary: close time.busy=45.3µs time.idle=110ns
2026-10-07T19:58:52.532087Z  INFO falcon_algebraic:prove:falcon_algebraic:arithmetic:falcon_algebraic:norm:spartan:round_grinding_prove:spartan:grinding{bits=14}: bitz::piop::spartan::grinding: close time.busy=41.5µs time.idle=111ns
2026-10-07T19:58:52.532089Z  INFO falcon_algebraic:prove:falcon_algebraic:arithmetic:falcon_algebraic:norm:spartan:round_grinding_prove: bitz::sumcheck::boundary: close time.busy=44.8µs time.idle=110ns
2026-10-07T19:58:52.532108Z  INFO falcon_algebraic:prove:falcon_algebraic:arithmetic:falcon_algebraic:norm:spartan:round_grinding_prove:spartan:grinding{bits=14}: bitz::piop::spartan::grinding: close time.busy=9.53µs time.idle=110ns
2026-10-07T19:58:52.532109Z  INFO falcon_algebraic:prove:falcon_algebraic:arithmetic:falcon_algebraic:norm:spartan:round_grinding_prove: bitz::sumcheck::boundary: close time.busy=11.6µs time.idle=90.0ns
2026-10-07T19:58:52.532152Z  INFO falcon_algebraic:prove:falcon_algebraic:arithmetic:falcon_algebraic:norm:spartan:round_grinding_prove:spartan:grinding{bits=14}: bitz::piop::spartan::grinding: close time.busy=34.9µs time.idle=110ns
2026-10-07T19:58:52.532154Z  INFO falcon_algebraic:prove:falcon_algebraic:arithmetic:falcon_algebraic:norm:spartan:round_grinding_prove: bitz::sumcheck::boundary: close time.busy=36.9µs time.idle=120ns
2026-10-07T19:58:52.532161Z  INFO falcon_algebraic:prove:falcon_algebraic:arithmetic:falcon_algebraic:norm: bitz::piop::spartan::falcon512_algebraic::arithmetic: close time.busy=54.3ms time.idle=181ns
2026-10-07T19:58:52.532164Z  INFO falcon_algebraic:prove:falcon_algebraic:arithmetic:falcon_algebraic:binding:spartan:grinding{bits=10}: bitz::piop::spartan::grinding: close time.busy=832ns time.idle=120ns
2026-10-07T19:58:52.578490Z  INFO falcon_algebraic:prove:falcon_algebraic:arithmetic:falcon_algebraic:binding:inner_packed:prefix_accumulators: bitz::sumcheck::inner::packed::state: close time.busy=37.3ms time.idle=200ns
2026-10-07T19:58:52.578500Z  INFO falcon_algebraic:prove:falcon_algebraic:arithmetic:falcon_algebraic:binding:spartan:round_grinding_prove:spartan:grinding{bits=13}: bitz::piop::spartan::grinding: close time.busy=4.59µs time.idle=110ns
2026-10-07T19:58:52.578502Z  INFO falcon_algebraic:prove:falcon_algebraic:arithmetic:falcon_algebraic:binding:spartan:round_grinding_prove: bitz::sumcheck::boundary: close time.busy=7.33µs time.idle=160ns
2026-10-07T19:58:52.578528Z  INFO falcon_algebraic:prove:falcon_algebraic:arithmetic:falcon_algebraic:binding:spartan:round_grinding_prove:spartan:grinding{bits=13}: bitz::piop::spartan::grinding: close time.busy=18.8µs time.idle=120ns
2026-10-07T19:58:52.578529Z  INFO falcon_algebraic:prove:falcon_algebraic:arithmetic:falcon_algebraic:binding:spartan:round_grinding_prove: bitz::sumcheck::boundary: close time.busy=20.9µs time.idle=111ns
2026-10-07T19:58:52.578541Z  INFO falcon_algebraic:prove:falcon_algebraic:arithmetic:falcon_algebraic:binding:spartan:round_grinding_prove:spartan:grinding{bits=13}: bitz::piop::spartan::grinding: close time.busy=7.27µs time.idle=110ns
2026-10-07T19:58:52.578542Z  INFO falcon_algebraic:prove:falcon_algebraic:arithmetic:falcon_algebraic:binding:spartan:round_grinding_prove: bitz::sumcheck::boundary: close time.busy=9.33µs time.idle=110ns
2026-10-07T19:58:52.620327Z  INFO falcon_algebraic:prove:falcon_algebraic:arithmetic:falcon_algebraic:binding:inner_packed:prepare_tail: bitz::sumcheck::inner::packed::state: close time.busy=41.8ms time.idle=162ns
2026-10-07T19:58:52.620349Z  INFO falcon_algebraic:prove:falcon_algebraic:arithmetic:falcon_algebraic:binding:spartan:round_grinding_prove:spartan:grinding{bits=13}: bitz::piop::spartan::grinding: close time.busy=16.3µs time.idle=130ns
2026-10-07T19:58:52.620351Z  INFO falcon_algebraic:prove:falcon_algebraic:arithmetic:falcon_algebraic:binding:spartan:round_grinding_prove: bitz::sumcheck::boundary: close time.busy=19.2µs time.idle=131ns
2026-10-07T19:58:52.643474Z  INFO falcon_algebraic:prove:falcon_algebraic:arithmetic:falcon_algebraic:binding:inner_packed:fold_tail{round=3}: bitz::sumcheck::inner::packed::state: close time.busy=23.1ms time.idle=150ns
2026-10-07T19:58:52.643512Z  INFO falcon_algebraic:prove:falcon_algebraic:arithmetic:falcon_algebraic:binding:spartan:round_grinding_prove:spartan:grinding{bits=13}: bitz::piop::spartan::grinding: close time.busy=34.7µs time.idle=121ns
2026-10-07T19:58:52.643514Z  INFO falcon_algebraic:prove:falcon_algebraic:arithmetic:falcon_algebraic:binding:spartan:round_grinding_prove: bitz::sumcheck::boundary: close time.busy=37.4µs time.idle=120ns
2026-10-07T19:58:52.653368Z  INFO falcon_algebraic:prove:falcon_algebraic:arithmetic:falcon_algebraic:binding:inner_packed:fold_tail{round=4}: bitz::sumcheck::inner::packed::state: close time.busy=9.85ms time.idle=141ns
2026-10-07T19:58:52.653391Z  INFO falcon_algebraic:prove:falcon_algebraic:arithmetic:falcon_algebraic:binding:spartan:round_grinding_prove:spartan:grinding{bits=13}: bitz::piop::spartan::grinding: close time.busy=20.0µs time.idle=110ns
2026-10-07T19:58:52.653392Z  INFO falcon_algebraic:prove:falcon_algebraic:arithmetic:falcon_algebraic:binding:spartan:round_grinding_prove: bitz::sumcheck::boundary: close time.busy=22.5µs time.idle=120ns
2026-10-07T19:58:52.658318Z  INFO falcon_algebraic:prove:falcon_algebraic:arithmetic:falcon_algebraic:binding:inner_packed:fold_tail{round=5}: bitz::sumcheck::inner::packed::state: close time.busy=4.92ms time.idle=120ns
2026-10-07T19:58:52.658346Z  INFO falcon_algebraic:prove:falcon_algebraic:arithmetic:falcon_algebraic:binding:spartan:round_grinding_prove:spartan:grinding{bits=13}: bitz::piop::spartan::grinding: close time.busy=25.0µs time.idle=111ns
2026-10-07T19:58:52.658347Z  INFO falcon_algebraic:prove:falcon_algebraic:arithmetic:falcon_algebraic:binding:spartan:round_grinding_prove: bitz::sumcheck::boundary: close time.busy=27.1µs time.idle=111ns
2026-10-07T19:58:52.661220Z  INFO falcon_algebraic:prove:falcon_algebraic:arithmetic:falcon_algebraic:binding:inner_packed:fold_tail{round=6}: bitz::sumcheck::inner::packed::state: close time.busy=2.87ms time.idle=120ns
2026-10-07T19:58:52.661261Z  INFO falcon_algebraic:prove:falcon_algebraic:arithmetic:falcon_algebraic:binding:spartan:round_grinding_prove:spartan:grinding{bits=13}: bitz::piop::spartan::grinding: close time.busy=37.4µs time.idle=130ns
2026-10-07T19:58:52.661262Z  INFO falcon_algebraic:prove:falcon_algebraic:arithmetic:falcon_algebraic:binding:spartan:round_grinding_prove: bitz::sumcheck::boundary: close time.busy=39.7µs time.idle=120ns
2026-10-07T19:58:52.662528Z  INFO falcon_algebraic:prove:falcon_algebraic:arithmetic:falcon_algebraic:binding:inner_packed:fold_tail{round=7}: bitz::sumcheck::inner::packed::state: close time.busy=1.26ms time.idle=140ns
2026-10-07T19:58:52.662594Z  INFO falcon_algebraic:prove:falcon_algebraic:arithmetic:falcon_algebraic:binding:spartan:round_grinding_prove:spartan:grinding{bits=13}: bitz::piop::spartan::grinding: close time.busy=62.9µs time.idle=111ns
2026-10-07T19:58:52.662595Z  INFO falcon_algebraic:prove:falcon_algebraic:arithmetic:falcon_algebraic:binding:spartan:round_grinding_prove: bitz::sumcheck::boundary: close time.busy=65.3µs time.idle=120ns
2026-10-07T19:58:52.663242Z  INFO falcon_algebraic:prove:falcon_algebraic:arithmetic:falcon_algebraic:binding:inner_packed:fold_tail{round=8}: bitz::sumcheck::inner::packed::state: close time.busy=641µs time.idle=110ns
2026-10-07T19:58:52.663266Z  INFO falcon_algebraic:prove:falcon_algebraic:arithmetic:falcon_algebraic:binding:spartan:round_grinding_prove:spartan:grinding{bits=13}: bitz::piop::spartan::grinding: close time.busy=20.8µs time.idle=110ns
2026-10-07T19:58:52.663268Z  INFO falcon_algebraic:prove:falcon_algebraic:arithmetic:falcon_algebraic:binding:spartan:round_grinding_prove: bitz::sumcheck::boundary: close time.busy=23.8µs time.idle=120ns
2026-10-07T19:58:52.663602Z  INFO falcon_algebraic:prove:falcon_algebraic:arithmetic:falcon_algebraic:binding:inner_packed:fold_tail{round=9}: bitz::sumcheck::inner::packed::state: close time.busy=332µs time.idle=110ns
2026-10-07T19:58:52.663662Z  INFO falcon_algebraic:prove:falcon_algebraic:arithmetic:falcon_algebraic:binding:spartan:round_grinding_prove:spartan:grinding{bits=13}: bitz::piop::spartan::grinding: close time.busy=56.8µs time.idle=110ns
2026-10-07T19:58:52.663663Z  INFO falcon_algebraic:prove:falcon_algebraic:arithmetic:falcon_algebraic:binding:spartan:round_grinding_prove: bitz::sumcheck::boundary: close time.busy=59.0µs time.idle=110ns
2026-10-07T19:58:52.663834Z  INFO falcon_algebraic:prove:falcon_algebraic:arithmetic:falcon_algebraic:binding:inner_packed:fold_tail{round=10}: bitz::sumcheck::inner::packed::state: close time.busy=168µs time.idle=110ns
2026-10-07T19:58:52.663867Z  INFO falcon_algebraic:prove:falcon_algebraic:arithmetic:falcon_algebraic:binding:spartan:round_grinding_prove:spartan:grinding{bits=13}: bitz::piop::spartan::grinding: close time.busy=30.8µs time.idle=110ns
2026-10-07T19:58:52.663868Z  INFO falcon_algebraic:prove:falcon_algebraic:arithmetic:falcon_algebraic:binding:spartan:round_grinding_prove: bitz::sumcheck::boundary: close time.busy=32.9µs time.idle=100ns
2026-10-07T19:58:52.663958Z  INFO falcon_algebraic:prove:falcon_algebraic:arithmetic:falcon_algebraic:binding:inner_packed:fold_tail{round=11}: bitz::sumcheck::inner::packed::state: close time.busy=87.3µs time.idle=121ns
2026-10-07T19:58:52.663992Z  INFO falcon_algebraic:prove:falcon_algebraic:arithmetic:falcon_algebraic:binding:spartan:round_grinding_prove:spartan:grinding{bits=13}: bitz::piop::spartan::grinding: close time.busy=31.3µs time.idle=120ns
2026-10-07T19:58:52.663993Z  INFO falcon_algebraic:prove:falcon_algebraic:arithmetic:falcon_algebraic:binding:spartan:round_grinding_prove: bitz::sumcheck::boundary: close time.busy=33.3µs time.idle=100ns
2026-10-07T19:58:52.664041Z  INFO falcon_algebraic:prove:falcon_algebraic:arithmetic:falcon_algebraic:binding:inner_packed:fold_tail{round=12}: bitz::sumcheck::inner::packed::state: close time.busy=44.4µs time.idle=150ns
2026-10-07T19:58:52.664088Z  INFO falcon_algebraic:prove:falcon_algebraic:arithmetic:falcon_algebraic:binding:spartan:round_grinding_prove:spartan:grinding{bits=13}: bitz::piop::spartan::grinding: close time.busy=43.8µs time.idle=110ns
2026-10-07T19:58:52.664089Z  INFO falcon_algebraic:prove:falcon_algebraic:arithmetic:falcon_algebraic:binding:spartan:round_grinding_prove: bitz::sumcheck::boundary: close time.busy=46.1µs time.idle=110ns
2026-10-07T19:58:52.664115Z  INFO falcon_algebraic:prove:falcon_algebraic:arithmetic:falcon_algebraic:binding:inner_packed:fold_tail{round=13}: bitz::sumcheck::inner::packed::state: close time.busy=22.3µs time.idle=120ns
2026-10-07T19:58:52.664174Z  INFO falcon_algebraic:prove:falcon_algebraic:arithmetic:falcon_algebraic:binding:spartan:round_grinding_prove:spartan:grinding{bits=13}: bitz::piop::spartan::grinding: close time.busy=57.1µs time.idle=121ns
2026-10-07T19:58:52.664175Z  INFO falcon_algebraic:prove:falcon_algebraic:arithmetic:falcon_algebraic:binding:spartan:round_grinding_prove: bitz::sumcheck::boundary: close time.busy=59.1µs time.idle=100ns
2026-10-07T19:58:52.664189Z  INFO falcon_algebraic:prove:falcon_algebraic:arithmetic:falcon_algebraic:binding:inner_packed:fold_tail{round=14}: bitz::sumcheck::inner::packed::state: close time.busy=11.1µs time.idle=120ns
2026-10-07T19:58:52.664226Z  INFO falcon_algebraic:prove:falcon_algebraic:arithmetic:falcon_algebraic:binding:spartan:round_grinding_prove:spartan:grinding{bits=13}: bitz::piop::spartan::grinding: close time.busy=34.2µs time.idle=111ns
2026-10-07T19:58:52.664228Z  INFO falcon_algebraic:prove:falcon_algebraic:arithmetic:falcon_algebraic:binding:spartan:round_grinding_prove: bitz::sumcheck::boundary: close time.busy=37.0µs time.idle=110ns
2026-10-07T19:58:52.664235Z  INFO falcon_algebraic:prove:falcon_algebraic:arithmetic:falcon_algebraic:binding:inner_packed:fold_tail{round=15}: bitz::sumcheck::inner::packed::state: close time.busy=5.42µs time.idle=110ns
2026-10-07T19:58:52.664252Z  INFO falcon_algebraic:prove:falcon_algebraic:arithmetic:falcon_algebraic:binding:spartan:round_grinding_prove:spartan:grinding{bits=13}: bitz::piop::spartan::grinding: close time.busy=14.4µs time.idle=110ns
2026-10-07T19:58:52.664253Z  INFO falcon_algebraic:prove:falcon_algebraic:arithmetic:falcon_algebraic:binding:spartan:round_grinding_prove: bitz::sumcheck::boundary: close time.busy=16.5µs time.idle=110ns
2026-10-07T19:58:52.664258Z  INFO falcon_algebraic:prove:falcon_algebraic:arithmetic:falcon_algebraic:binding:inner_packed:fold_tail{round=16}: bitz::sumcheck::inner::packed::state: close time.busy=2.65µs time.idle=100ns
2026-10-07T19:58:52.664277Z  INFO falcon_algebraic:prove:falcon_algebraic:arithmetic:falcon_algebraic:binding:spartan:round_grinding_prove:spartan:grinding{bits=13}: bitz::piop::spartan::grinding: close time.busy=16.5µs time.idle=110ns
2026-10-07T19:58:52.664279Z  INFO falcon_algebraic:prove:falcon_algebraic:arithmetic:falcon_algebraic:binding:spartan:round_grinding_prove: bitz::sumcheck::boundary: close time.busy=18.6µs time.idle=121ns
2026-10-07T19:58:52.664285Z  INFO falcon_algebraic:prove:falcon_algebraic:arithmetic:falcon_algebraic:binding:inner_packed:fold_tail{round=17}: bitz::sumcheck::inner::packed::state: close time.busy=1.37µs time.idle=110ns
2026-10-07T19:58:52.664304Z  INFO falcon_algebraic:prove:falcon_algebraic:arithmetic:falcon_algebraic:binding:spartan:round_grinding_prove:spartan:grinding{bits=13}: bitz::piop::spartan::grinding: close time.busy=16.9µs time.idle=110ns
2026-10-07T19:58:52.664305Z  INFO falcon_algebraic:prove:falcon_algebraic:arithmetic:falcon_algebraic:binding:spartan:round_grinding_prove: bitz::sumcheck::boundary: close time.busy=19.2µs time.idle=110ns
2026-10-07T19:58:52.664308Z  INFO falcon_algebraic:prove:falcon_algebraic:arithmetic:falcon_algebraic:binding:inner_packed:fold_tail{round=18}: bitz::sumcheck::inner::packed::state: close time.busy=731ns time.idle=90.0ns
2026-10-07T19:58:52.664316Z  INFO falcon_algebraic:prove:falcon_algebraic:arithmetic:falcon_algebraic:binding:spartan:round_grinding_prove:spartan:grinding{bits=13}: bitz::piop::spartan::grinding: close time.busy=6.37µs time.idle=110ns
2026-10-07T19:58:52.664318Z  INFO falcon_algebraic:prove:falcon_algebraic:arithmetic:falcon_algebraic:binding:spartan:round_grinding_prove: bitz::sumcheck::boundary: close time.busy=8.23µs time.idle=110ns
2026-10-07T19:58:52.664320Z  INFO falcon_algebraic:prove:falcon_algebraic:arithmetic:falcon_algebraic:binding:inner_packed:fold_tail{round=19}: bitz::sumcheck::inner::packed::state: close time.busy=481ns time.idle=110ns
2026-10-07T19:58:52.664388Z  INFO falcon_algebraic:prove:falcon_algebraic:arithmetic:falcon_algebraic:binding:spartan:round_grinding_prove:spartan:grinding{bits=13}: bitz::piop::spartan::grinding: close time.busy=66.3µs time.idle=110ns
2026-10-07T19:58:52.664390Z  INFO falcon_algebraic:prove:falcon_algebraic:arithmetic:falcon_algebraic:binding:spartan:round_grinding_prove: bitz::sumcheck::boundary: close time.busy=68.2µs time.idle=120ns
2026-10-07T19:58:52.664392Z  INFO falcon_algebraic:prove:falcon_algebraic:arithmetic:falcon_algebraic:binding:inner_packed:fold_tail{round=20}: bitz::sumcheck::inner::packed::state: close time.busy=271ns time.idle=100ns
2026-10-07T19:58:52.664399Z  INFO falcon_algebraic:prove:falcon_algebraic:arithmetic:falcon_algebraic:binding:spartan:round_grinding_prove:spartan:grinding{bits=13}: bitz::piop::spartan::grinding: close time.busy=5.12µs time.idle=110ns
2026-10-07T19:58:52.664400Z  INFO falcon_algebraic:prove:falcon_algebraic:arithmetic:falcon_algebraic:binding:spartan:round_grinding_prove: bitz::sumcheck::boundary: close time.busy=6.93µs time.idle=110ns
2026-10-07T19:58:52.664403Z  INFO falcon_algebraic:prove:falcon_algebraic:arithmetic:falcon_algebraic:binding:inner_packed:fold_tail{round=21}: bitz::sumcheck::inner::packed::state: close time.busy=171ns time.idle=140ns
2026-10-07T19:58:52.664451Z  INFO falcon_algebraic:prove:falcon_algebraic:arithmetic:falcon_algebraic:binding:spartan:round_grinding_prove:spartan:grinding{bits=13}: bitz::piop::spartan::grinding: close time.busy=46.0µs time.idle=120ns
2026-10-07T19:58:52.664452Z  INFO falcon_algebraic:prove:falcon_algebraic:arithmetic:falcon_algebraic:binding:spartan:round_grinding_prove: bitz::sumcheck::boundary: close time.busy=47.8µs time.idle=110ns
2026-10-07T19:58:52.664454Z  INFO falcon_algebraic:prove:falcon_algebraic:arithmetic:falcon_algebraic:binding:inner_packed:fold_tail{round=22}: bitz::sumcheck::inner::packed::state: close time.busy=130ns time.idle=90.0ns
2026-10-07T19:58:52.664464Z  INFO falcon_algebraic:prove:falcon_algebraic:arithmetic:falcon_algebraic:binding:spartan:round_grinding_prove:spartan:grinding{bits=13}: bitz::piop::spartan::grinding: close time.busy=8.06µs time.idle=120ns
2026-10-07T19:58:52.664466Z  INFO falcon_algebraic:prove:falcon_algebraic:arithmetic:falcon_algebraic:binding:spartan:round_grinding_prove: bitz::sumcheck::boundary: close time.busy=10.0µs time.idle=110ns
2026-10-07T19:58:52.664468Z  INFO falcon_algebraic:prove:falcon_algebraic:arithmetic:falcon_algebraic:binding:inner_packed:fold_tail{round=23}: bitz::sumcheck::inner::packed::state: close time.busy=411ns time.idle=110ns
2026-10-07T19:58:52.670813Z  INFO falcon_algebraic:prove:falcon_algebraic:arithmetic:falcon_algebraic:binding: bitz::piop::spartan::falcon512_algebraic::arithmetic: close time.busy=139ms time.idle=131ns
2026-10-07T19:58:52.670815Z  INFO falcon_algebraic:prove:falcon_algebraic:arithmetic: bitz::piop::spartan::falcon512_algebraic::protocol: close time.busy=193ms time.idle=210ns
2026-10-07T19:58:52.673441Z  INFO falcon_algebraic:prove:falcon_algebraic:bitz:falcon_bridge:integer_folds: bitz::hybrid::integer_bridge: close time.busy=2.59ms time.idle=150ns
2026-10-07T19:58:52.674475Z  INFO falcon_algebraic:prove:falcon_algebraic:bitz:falcon_bridge:column_packing: bitz::hybrid::integer_bridge: close time.busy=845µs time.idle=161ns
2026-10-07T19:58:52.674874Z  INFO falcon_algebraic:prove:falcon_algebraic:bitz:falcon_bridge:power_tables: bitz::hybrid::integer_bridge: close time.busy=359µs time.idle=150ns
2026-10-07T19:58:52.674884Z  INFO falcon_algebraic:prove:falcon_algebraic:bitz:spartan:grinding{bits=14}: bitz::piop::spartan::grinding: close time.busy=6.48µs time.idle=120ns
2026-10-07T19:58:52.683174Z  INFO falcon_algebraic:prove:falcon_algebraic:bitz:falcon_bridge:wfbitz_forest:spartan:grinding{bits=14}: bitz::piop::spartan::grinding: close time.busy=41.0µs time.idle=120ns
2026-10-07T19:58:52.683350Z  INFO falcon_algebraic:prove:falcon_algebraic:bitz:falcon_bridge:wfbitz_forest:spartan:grinding{bits=14}: bitz::piop::spartan::grinding: close time.busy=163µs time.idle=100ns
2026-10-07T19:58:52.683409Z  INFO falcon_algebraic:prove:falcon_algebraic:bitz:falcon_bridge:wfbitz_forest:spartan:grinding{bits=14}: bitz::piop::spartan::grinding: close time.busy=52.8µs time.idle=100ns
2026-10-07T19:58:52.683447Z  INFO falcon_algebraic:prove:falcon_algebraic:bitz:falcon_bridge:wfbitz_forest:spartan:grinding{bits=14}: bitz::piop::spartan::grinding: close time.busy=33.6µs time.idle=100ns
2026-10-07T19:58:52.683607Z  INFO falcon_algebraic:prove:falcon_algebraic:bitz:falcon_bridge:wfbitz_forest:spartan:grinding{bits=14}: bitz::piop::spartan::grinding: close time.busy=157µs time.idle=100ns
2026-10-07T19:58:52.683814Z  INFO falcon_algebraic:prove:falcon_algebraic:bitz:falcon_bridge:wfbitz_forest:spartan:grinding{bits=14}: bitz::piop::spartan::grinding: close time.busy=204µs time.idle=111ns
2026-10-07T19:58:52.683888Z  INFO falcon_algebraic:prove:falcon_algebraic:bitz:falcon_bridge:wfbitz_forest:spartan:grinding{bits=14}: bitz::piop::spartan::grinding: close time.busy=70.4µs time.idle=110ns
2026-10-07T19:58:52.683922Z  INFO falcon_algebraic:prove:falcon_algebraic:bitz:falcon_bridge:wfbitz_forest:spartan:grinding{bits=14}: bitz::piop::spartan::grinding: close time.busy=30.6µs time.idle=110ns
2026-10-07T19:58:52.683930Z  INFO falcon_algebraic:prove:falcon_algebraic:bitz:falcon_bridge:wfbitz_forest:spartan:grinding{bits=14}: bitz::piop::spartan::grinding: close time.busy=4.18µs time.idle=100ns
2026-10-07T19:58:52.683938Z  INFO falcon_algebraic:prove:falcon_algebraic:bitz:falcon_bridge:wfbitz_forest:spartan:grinding{bits=14}: bitz::piop::spartan::grinding: close time.busy=5.40µs time.idle=100ns
2026-10-07T19:58:52.684028Z  INFO falcon_algebraic:prove:falcon_algebraic:bitz:falcon_bridge:wfbitz_forest:spartan:grinding{bits=14}: bitz::piop::spartan::grinding: close time.busy=87.0µs time.idle=110ns
2026-10-07T19:58:52.684069Z  INFO falcon_algebraic:prove:falcon_algebraic:bitz:falcon_bridge:wfbitz_forest:spartan:grinding{bits=14}: bitz::piop::spartan::grinding: close time.busy=37.9µs time.idle=111ns
2026-10-07T19:58:52.684137Z  INFO falcon_algebraic:prove:falcon_algebraic:bitz:falcon_bridge:wfbitz_forest:spartan:grinding{bits=14}: bitz::piop::spartan::grinding: close time.busy=64.8µs time.idle=111ns
2026-10-07T19:58:52.684220Z  INFO falcon_algebraic:prove:falcon_algebraic:bitz:falcon_bridge:wfbitz_forest:spartan:grinding{bits=14}: bitz::piop::spartan::grinding: close time.busy=65.8µs time.idle=141ns
2026-10-07T19:58:52.684284Z  INFO falcon_algebraic:prove:falcon_algebraic:bitz:falcon_bridge:wfbitz_forest:spartan:grinding{bits=14}: bitz::piop::spartan::grinding: close time.busy=54.3µs time.idle=110ns
2026-10-07T19:58:52.684354Z  INFO falcon_algebraic:prove:falcon_algebraic:bitz:falcon_bridge:wfbitz_forest:spartan:grinding{bits=14}: bitz::piop::spartan::grinding: close time.busy=61.4µs time.idle=100ns
2026-10-07T19:58:52.684496Z  INFO falcon_algebraic:prove:falcon_algebraic:bitz:falcon_bridge:wfbitz_forest:spartan:grinding{bits=14}: bitz::piop::spartan::grinding: close time.busy=137µs time.idle=90.0ns
2026-10-07T19:58:52.684540Z  INFO falcon_algebraic:prove:falcon_algebraic:bitz:falcon_bridge:wfbitz_forest:spartan:grinding{bits=14}: bitz::piop::spartan::grinding: close time.busy=39.4µs time.idle=110ns
2026-10-07T19:58:52.684547Z  INFO falcon_algebraic:prove:falcon_algebraic:bitz:falcon_bridge:wfbitz_forest:spartan:grinding{bits=14}: bitz::piop::spartan::grinding: close time.busy=4.08µs time.idle=101ns
2026-10-07T19:58:52.684615Z  INFO falcon_algebraic:prove:falcon_algebraic:bitz:falcon_bridge:wfbitz_forest:spartan:grinding{bits=14}: bitz::piop::spartan::grinding: close time.busy=64.5µs time.idle=111ns
2026-10-07T19:58:52.684640Z  INFO falcon_algebraic:prove:falcon_algebraic:bitz:falcon_bridge:wfbitz_forest:spartan:grinding{bits=14}: bitz::piop::spartan::grinding: close time.busy=22.6µs time.idle=111ns
2026-10-07T19:58:52.684654Z  INFO falcon_algebraic:prove:falcon_algebraic:bitz:falcon_bridge:wfbitz_forest:spartan:grinding{bits=14}: bitz::piop::spartan::grinding: close time.busy=11.1µs time.idle=100ns
2026-10-07T19:58:52.684682Z  INFO falcon_algebraic:prove:falcon_algebraic:bitz:falcon_bridge:wfbitz_forest:spartan:grinding{bits=14}: bitz::piop::spartan::grinding: close time.busy=25.2µs time.idle=110ns
2026-10-07T19:58:52.684694Z  INFO falcon_algebraic:prove:falcon_algebraic:bitz:falcon_bridge:wfbitz_forest:spartan:grinding{bits=14}: bitz::piop::spartan::grinding: close time.busy=9.41µs time.idle=110ns
2026-10-07T19:58:52.684713Z  INFO falcon_algebraic:prove:falcon_algebraic:bitz:falcon_bridge:wfbitz_forest:spartan:grinding{bits=14}: bitz::piop::spartan::grinding: close time.busy=16.2µs time.idle=110ns
2026-10-07T19:58:52.684769Z  INFO falcon_algebraic:prove:falcon_algebraic:bitz:falcon_bridge:wfbitz_forest:spartan:grinding{bits=14}: bitz::piop::spartan::grinding: close time.busy=52.6µs time.idle=121ns
2026-10-07T19:58:52.684821Z  INFO falcon_algebraic:prove:falcon_algebraic:bitz:falcon_bridge:wfbitz_forest:spartan:grinding{bits=14}: bitz::piop::spartan::grinding: close time.busy=49.7µs time.idle=110ns
2026-10-07T19:58:52.684945Z  INFO falcon_algebraic:prove:falcon_algebraic:bitz:falcon_bridge:wfbitz_forest:spartan:grinding{bits=14}: bitz::piop::spartan::grinding: close time.busy=100µs time.idle=90.0ns
2026-10-07T19:58:52.684974Z  INFO falcon_algebraic:prove:falcon_algebraic:bitz:falcon_bridge:wfbitz_forest:spartan:grinding{bits=14}: bitz::piop::spartan::grinding: close time.busy=7.40µs time.idle=110ns
2026-10-07T19:58:52.685005Z  INFO falcon_algebraic:prove:falcon_algebraic:bitz:falcon_bridge:wfbitz_forest:spartan:grinding{bits=14}: bitz::piop::spartan::grinding: close time.busy=23.3µs time.idle=90.0ns
2026-10-07T19:58:52.685031Z  INFO falcon_algebraic:prove:falcon_algebraic:bitz:falcon_bridge:wfbitz_forest:spartan:grinding{bits=14}: bitz::piop::spartan::grinding: close time.busy=10.0µs time.idle=111ns
2026-10-07T19:58:52.685122Z  INFO falcon_algebraic:prove:falcon_algebraic:bitz:falcon_bridge:wfbitz_forest:spartan:grinding{bits=14}: bitz::piop::spartan::grinding: close time.busy=84.5µs time.idle=90.0ns
2026-10-07T19:58:52.685177Z  INFO falcon_algebraic:prove:falcon_algebraic:bitz:falcon_bridge:wfbitz_forest:spartan:grinding{bits=14}: bitz::piop::spartan::grinding: close time.busy=51.0µs time.idle=100ns
2026-10-07T19:58:52.685187Z  INFO falcon_algebraic:prove:falcon_algebraic:bitz:falcon_bridge:wfbitz_forest:spartan:grinding{bits=14}: bitz::piop::spartan::grinding: close time.busy=6.24µs time.idle=110ns
2026-10-07T19:58:52.685257Z  INFO falcon_algebraic:prove:falcon_algebraic:bitz:falcon_bridge:wfbitz_forest:spartan:grinding{bits=14}: bitz::piop::spartan::grinding: close time.busy=66.5µs time.idle=120ns
2026-10-07T19:58:52.685346Z  INFO falcon_algebraic:prove:falcon_algebraic:bitz:falcon_bridge:wfbitz_forest:spartan:grinding{bits=14}: bitz::piop::spartan::grinding: close time.busy=86.5µs time.idle=120ns
2026-10-07T19:58:52.685357Z  INFO falcon_algebraic:prove:falcon_algebraic:bitz:falcon_bridge:wfbitz_forest:spartan:grinding{bits=14}: bitz::piop::spartan::grinding: close time.busy=7.95µs time.idle=111ns
2026-10-07T19:58:52.685396Z  INFO falcon_algebraic:prove:falcon_algebraic:bitz:falcon_bridge:wfbitz_forest:spartan:grinding{bits=14}: bitz::piop::spartan::grinding: close time.busy=35.5µs time.idle=110ns
2026-10-07T19:58:52.685446Z  INFO falcon_algebraic:prove:falcon_algebraic:bitz:falcon_bridge:wfbitz_forest:spartan:grinding{bits=14}: bitz::piop::spartan::grinding: close time.busy=47.5µs time.idle=121ns
2026-10-07T19:58:52.685497Z  INFO falcon_algebraic:prove:falcon_algebraic:bitz:falcon_bridge:wfbitz_forest:spartan:grinding{bits=14}: bitz::piop::spartan::grinding: close time.busy=47.2µs time.idle=90.0ns
2026-10-07T19:58:52.685510Z  INFO falcon_algebraic:prove:falcon_algebraic:bitz:falcon_bridge:wfbitz_forest:spartan:grinding{bits=14}: bitz::piop::spartan::grinding: close time.busy=10.1µs time.idle=120ns
2026-10-07T19:58:52.685533Z  INFO falcon_algebraic:prove:falcon_algebraic:bitz:falcon_bridge:wfbitz_forest:spartan:grinding{bits=14}: bitz::piop::spartan::grinding: close time.busy=20.8µs time.idle=110ns
2026-10-07T19:58:52.685732Z  INFO falcon_algebraic:prove:falcon_algebraic:bitz:falcon_bridge:wfbitz_forest:spartan:grinding{bits=14}: bitz::piop::spartan::grinding: close time.busy=163µs time.idle=111ns
2026-10-07T19:58:52.685779Z  INFO falcon_algebraic:prove:falcon_algebraic:bitz:falcon_bridge:wfbitz_forest:spartan:grinding{bits=14}: bitz::piop::spartan::grinding: close time.busy=11.1µs time.idle=111ns
2026-10-07T19:58:52.685865Z  INFO falcon_algebraic:prove:falcon_algebraic:bitz:falcon_bridge:wfbitz_forest:spartan:grinding{bits=14}: bitz::piop::spartan::grinding: close time.busy=68.7µs time.idle=110ns
2026-10-07T19:58:52.685891Z  INFO falcon_algebraic:prove:falcon_algebraic:bitz:falcon_bridge:wfbitz_forest:spartan:grinding{bits=14}: bitz::piop::spartan::grinding: close time.busy=18.2µs time.idle=110ns
2026-10-07T19:58:52.686017Z  INFO falcon_algebraic:prove:falcon_algebraic:bitz:falcon_bridge:wfbitz_forest:spartan:grinding{bits=14}: bitz::piop::spartan::grinding: close time.busy=110µs time.idle=110ns
2026-10-07T19:58:52.686039Z  INFO falcon_algebraic:prove:falcon_algebraic:bitz:falcon_bridge:wfbitz_forest:spartan:grinding{bits=14}: bitz::piop::spartan::grinding: close time.busy=15.7µs time.idle=111ns
2026-10-07T19:58:52.686059Z  INFO falcon_algebraic:prove:falcon_algebraic:bitz:falcon_bridge:wfbitz_forest:spartan:grinding{bits=14}: bitz::piop::spartan::grinding: close time.busy=15.9µs time.idle=111ns
2026-10-07T19:58:52.686146Z  INFO falcon_algebraic:prove:falcon_algebraic:bitz:falcon_bridge:wfbitz_forest:spartan:grinding{bits=14}: bitz::piop::spartan::grinding: close time.busy=83.2µs time.idle=110ns
2026-10-07T19:58:52.686201Z  INFO falcon_algebraic:prove:falcon_algebraic:bitz:falcon_bridge:wfbitz_forest:spartan:grinding{bits=14}: bitz::piop::spartan::grinding: close time.busy=52.6µs time.idle=100ns
2026-10-07T19:58:52.686243Z  INFO falcon_algebraic:prove:falcon_algebraic:bitz:falcon_bridge:wfbitz_forest:spartan:grinding{bits=14}: bitz::piop::spartan::grinding: close time.busy=38.1µs time.idle=110ns
2026-10-07T19:58:52.686278Z  INFO falcon_algebraic:prove:falcon_algebraic:bitz:falcon_bridge:wfbitz_forest:spartan:grinding{bits=14}: bitz::piop::spartan::grinding: close time.busy=32.3µs time.idle=120ns
2026-10-07T19:58:52.686289Z  INFO falcon_algebraic:prove:falcon_algebraic:bitz:falcon_bridge:wfbitz_forest:spartan:grinding{bits=14}: bitz::piop::spartan::grinding: close time.busy=7.74µs time.idle=120ns
2026-10-07T19:58:52.686320Z  INFO falcon_algebraic:prove:falcon_algebraic:bitz:falcon_bridge:wfbitz_forest:spartan:grinding{bits=14}: bitz::piop::spartan::grinding: close time.busy=27.9µs time.idle=110ns
2026-10-07T19:58:52.686477Z  INFO falcon_algebraic:prove:falcon_algebraic:bitz:falcon_bridge:wfbitz_forest:spartan:grinding{bits=14}: bitz::piop::spartan::grinding: close time.busy=154µs time.idle=261ns
2026-10-07T19:58:52.686501Z  INFO falcon_algebraic:prove:falcon_algebraic:bitz:falcon_bridge:wfbitz_forest:spartan:grinding{bits=14}: bitz::piop::spartan::grinding: close time.busy=21.1µs time.idle=120ns
2026-10-07T19:58:52.686570Z  INFO falcon_algebraic:prove:falcon_algebraic:bitz:falcon_bridge:wfbitz_forest:spartan:grinding{bits=14}: bitz::piop::spartan::grinding: close time.busy=67.1µs time.idle=90.0ns
2026-10-07T19:58:52.686657Z  INFO falcon_algebraic:prove:falcon_algebraic:bitz:falcon_bridge:wfbitz_forest:spartan:grinding{bits=14}: bitz::piop::spartan::grinding: close time.busy=25.3µs time.idle=110ns
2026-10-07T19:58:52.686727Z  INFO falcon_algebraic:prove:falcon_algebraic:bitz:falcon_bridge:wfbitz_forest:spartan:grinding{bits=14}: bitz::piop::spartan::grinding: close time.busy=4.28µs time.idle=110ns
2026-10-07T19:58:52.686766Z  INFO falcon_algebraic:prove:falcon_algebraic:bitz:falcon_bridge:wfbitz_forest:spartan:grinding{bits=14}: bitz::piop::spartan::grinding: close time.busy=10.4µs time.idle=111ns
2026-10-07T19:58:52.686910Z  INFO falcon_algebraic:prove:falcon_algebraic:bitz:falcon_bridge:wfbitz_forest:spartan:grinding{bits=14}: bitz::piop::spartan::grinding: close time.busy=127µs time.idle=110ns
2026-10-07T19:58:52.686937Z  INFO falcon_algebraic:prove:falcon_algebraic:bitz:falcon_bridge:wfbitz_forest:spartan:grinding{bits=14}: bitz::piop::spartan::grinding: close time.busy=19.4µs time.idle=110ns
2026-10-07T19:58:52.686969Z  INFO falcon_algebraic:prove:falcon_algebraic:bitz:falcon_bridge:wfbitz_forest:spartan:grinding{bits=14}: bitz::piop::spartan::grinding: close time.busy=16.4µs time.idle=110ns
2026-10-07T19:58:52.686996Z  INFO falcon_algebraic:prove:falcon_algebraic:bitz:falcon_bridge:wfbitz_forest:spartan:grinding{bits=14}: bitz::piop::spartan::grinding: close time.busy=20.4µs time.idle=100ns
2026-10-07T19:58:52.687087Z  INFO falcon_algebraic:prove:falcon_algebraic:bitz:falcon_bridge:wfbitz_forest:spartan:grinding{bits=14}: bitz::piop::spartan::grinding: close time.busy=86.0µs time.idle=110ns
2026-10-07T19:58:52.687184Z  INFO falcon_algebraic:prove:falcon_algebraic:bitz:falcon_bridge:wfbitz_forest:spartan:grinding{bits=14}: bitz::piop::spartan::grinding: close time.busy=93.2µs time.idle=110ns
2026-10-07T19:58:52.687265Z  INFO falcon_algebraic:prove:falcon_algebraic:bitz:falcon_bridge:wfbitz_forest:spartan:grinding{bits=14}: bitz::piop::spartan::grinding: close time.busy=76.7µs time.idle=110ns
2026-10-07T19:58:52.687469Z  INFO falcon_algebraic:prove:falcon_algebraic:bitz:falcon_bridge:wfbitz_forest:spartan:grinding{bits=14}: bitz::piop::spartan::grinding: close time.busy=201µs time.idle=121ns
2026-10-07T19:58:52.687518Z  INFO falcon_algebraic:prove:falcon_algebraic:bitz:falcon_bridge:wfbitz_forest:spartan:grinding{bits=14}: bitz::piop::spartan::grinding: close time.busy=46.7µs time.idle=110ns
2026-10-07T19:58:52.687620Z  INFO falcon_algebraic:prove:falcon_algebraic:bitz:falcon_bridge:wfbitz_forest:spartan:grinding{bits=14}: bitz::piop::spartan::grinding: close time.busy=100µs time.idle=110ns
2026-10-07T19:58:52.687679Z  INFO falcon_algebraic:prove:falcon_algebraic:bitz:falcon_bridge:wfbitz_forest:spartan:grinding{bits=14}: bitz::piop::spartan::grinding: close time.busy=56.5µs time.idle=111ns
2026-10-07T19:58:52.687706Z  INFO falcon_algebraic:prove:falcon_algebraic:bitz:falcon_bridge:wfbitz_forest:spartan:grinding{bits=14}: bitz::piop::spartan::grinding: close time.busy=24.8µs time.idle=110ns
2026-10-07T19:58:52.687746Z  INFO falcon_algebraic:prove:falcon_algebraic:bitz:falcon_bridge:wfbitz_forest:spartan:grinding{bits=14}: bitz::piop::spartan::grinding: close time.busy=36.8µs time.idle=110ns
2026-10-07T19:58:52.687779Z  INFO falcon_algebraic:prove:falcon_algebraic:bitz:falcon_bridge:wfbitz_forest:spartan:grinding{bits=14}: bitz::piop::spartan::grinding: close time.busy=30.7µs time.idle=121ns
2026-10-07T19:58:52.687943Z  INFO falcon_algebraic:prove:falcon_algebraic:bitz:falcon_bridge:wfbitz_forest:spartan:grinding{bits=14}: bitz::piop::spartan::grinding: close time.busy=47.7µs time.idle=100ns
2026-10-07T19:58:52.688106Z  INFO falcon_algebraic:prove:falcon_algebraic:bitz:falcon_bridge:wfbitz_forest:spartan:grinding{bits=14}: bitz::piop::spartan::grinding: close time.busy=36.9µs time.idle=110ns
2026-10-07T19:58:52.688292Z  INFO falcon_algebraic:prove:falcon_algebraic:bitz:falcon_bridge:wfbitz_forest:spartan:grinding{bits=14}: bitz::piop::spartan::grinding: close time.busy=137µs time.idle=111ns
2026-10-07T19:58:52.688451Z  INFO falcon_algebraic:prove:falcon_algebraic:bitz:falcon_bridge:wfbitz_forest:spartan:grinding{bits=14}: bitz::piop::spartan::grinding: close time.busy=132µs time.idle=110ns
2026-10-07T19:58:52.688603Z  INFO falcon_algebraic:prove:falcon_algebraic:bitz:falcon_bridge:wfbitz_forest:spartan:grinding{bits=14}: bitz::piop::spartan::grinding: close time.busy=134µs time.idle=111ns
2026-10-07T19:58:52.688728Z  INFO falcon_algebraic:prove:falcon_algebraic:bitz:falcon_bridge:wfbitz_forest:spartan:grinding{bits=14}: bitz::piop::spartan::grinding: close time.busy=117µs time.idle=181ns
2026-10-07T19:58:52.688781Z  INFO falcon_algebraic:prove:falcon_algebraic:bitz:falcon_bridge:wfbitz_forest:spartan:grinding{bits=14}: bitz::piop::spartan::grinding: close time.busy=37.1µs time.idle=110ns
2026-10-07T19:58:52.688845Z  INFO falcon_algebraic:prove:falcon_algebraic:bitz:falcon_bridge:wfbitz_forest:spartan:grinding{bits=14}: bitz::piop::spartan::grinding: close time.busy=58.3µs time.idle=110ns
2026-10-07T19:58:52.688867Z  INFO falcon_algebraic:prove:falcon_algebraic:bitz:falcon_bridge:wfbitz_forest:spartan:grinding{bits=14}: bitz::piop::spartan::grinding: close time.busy=18.0µs time.idle=100ns
2026-10-07T19:58:52.688934Z  INFO falcon_algebraic:prove:falcon_algebraic:bitz:falcon_bridge:wfbitz_forest:spartan:grinding{bits=14}: bitz::piop::spartan::grinding: close time.busy=64.4µs time.idle=110ns
2026-10-07T19:58:52.688945Z  INFO falcon_algebraic:prove:falcon_algebraic:bitz:falcon_bridge:wfbitz_forest:spartan:grinding{bits=14}: bitz::piop::spartan::grinding: close time.busy=7.79µs time.idle=111ns
2026-10-07T19:58:52.688973Z  INFO falcon_algebraic:prove:falcon_algebraic:bitz:falcon_bridge:wfbitz_forest:spartan:grinding{bits=14}: bitz::piop::spartan::grinding: close time.busy=24.9µs time.idle=120ns
2026-10-07T19:58:52.689040Z  INFO falcon_algebraic:prove:falcon_algebraic:bitz:falcon_bridge:wfbitz_forest:spartan:grinding{bits=14}: bitz::piop::spartan::grinding: close time.busy=64.6µs time.idle=110ns
2026-10-07T19:58:52.689061Z  INFO falcon_algebraic:prove:falcon_algebraic:bitz:falcon_bridge:wfbitz_forest:spartan:grinding{bits=14}: bitz::piop::spartan::grinding: close time.busy=18.3µs time.idle=110ns
2026-10-07T19:58:52.689087Z  INFO falcon_algebraic:prove:falcon_algebraic:bitz:falcon_bridge:wfbitz_forest:spartan:grinding{bits=14}: bitz::piop::spartan::grinding: close time.busy=23.3µs time.idle=90.0ns
2026-10-07T19:58:52.689230Z  INFO falcon_algebraic:prove:falcon_algebraic:bitz:falcon_bridge:wfbitz_forest:spartan:grinding{bits=14}: bitz::piop::spartan::grinding: close time.busy=140µs time.idle=110ns
2026-10-07T19:58:52.689250Z  INFO falcon_algebraic:prove:falcon_algebraic:bitz:falcon_bridge:wfbitz_forest:spartan:grinding{bits=14}: bitz::piop::spartan::grinding: close time.busy=17.1µs time.idle=120ns
2026-10-07T19:58:52.689299Z  INFO falcon_algebraic:prove:falcon_algebraic:bitz:falcon_bridge:wfbitz_forest:spartan:grinding{bits=14}: bitz::piop::spartan::grinding: close time.busy=47.3µs time.idle=120ns
2026-10-07T19:58:52.689537Z  INFO falcon_algebraic:prove:falcon_algebraic:bitz:falcon_bridge:wfbitz_forest:spartan:grinding{bits=14}: bitz::piop::spartan::grinding: close time.busy=23.4µs time.idle=111ns
2026-10-07T19:58:52.689842Z  INFO falcon_algebraic:prove:falcon_algebraic:bitz:falcon_bridge:wfbitz_forest:spartan:grinding{bits=14}: bitz::piop::spartan::grinding: close time.busy=65.3µs time.idle=110ns
2026-10-07T19:58:52.690040Z  INFO falcon_algebraic:prove:falcon_algebraic:bitz:falcon_bridge:wfbitz_forest:spartan:grinding{bits=14}: bitz::piop::spartan::grinding: close time.busy=102µs time.idle=90.0ns
2026-10-07T19:58:52.690116Z  INFO falcon_algebraic:prove:falcon_algebraic:bitz:falcon_bridge:wfbitz_forest:spartan:grinding{bits=14}: bitz::piop::spartan::grinding: close time.busy=24.4µs time.idle=110ns
2026-10-07T19:58:52.690190Z  INFO falcon_algebraic:prove:falcon_algebraic:bitz:falcon_bridge:wfbitz_forest:spartan:grinding{bits=14}: bitz::piop::spartan::grinding: close time.busy=45.0µs time.idle=110ns
2026-10-07T19:58:52.690300Z  INFO falcon_algebraic:prove:falcon_algebraic:bitz:falcon_bridge:wfbitz_forest:spartan:grinding{bits=14}: bitz::piop::spartan::grinding: close time.busy=93.3µs time.idle=110ns
2026-10-07T19:58:52.690326Z  INFO falcon_algebraic:prove:falcon_algebraic:bitz:falcon_bridge:wfbitz_forest:spartan:grinding{bits=14}: bitz::piop::spartan::grinding: close time.busy=18.4µs time.idle=110ns
2026-10-07T19:58:52.690364Z  INFO falcon_algebraic:prove:falcon_algebraic:bitz:falcon_bridge:wfbitz_forest:spartan:grinding{bits=14}: bitz::piop::spartan::grinding: close time.busy=22.1µs time.idle=101ns
2026-10-07T19:58:52.690417Z  INFO falcon_algebraic:prove:falcon_algebraic:bitz:falcon_bridge:wfbitz_forest:spartan:grinding{bits=14}: bitz::piop::spartan::grinding: close time.busy=48.0µs time.idle=100ns
2026-10-07T19:58:52.690464Z  INFO falcon_algebraic:prove:falcon_algebraic:bitz:falcon_bridge:wfbitz_forest:spartan:grinding{bits=14}: bitz::piop::spartan::grinding: close time.busy=42.4µs time.idle=111ns
2026-10-07T19:58:52.690570Z  INFO falcon_algebraic:prove:falcon_algebraic:bitz:falcon_bridge:wfbitz_forest:spartan:grinding{bits=14}: bitz::piop::spartan::grinding: close time.busy=103µs time.idle=110ns
2026-10-07T19:58:52.690638Z  INFO falcon_algebraic:prove:falcon_algebraic:bitz:falcon_bridge:wfbitz_forest:spartan:grinding{bits=14}: bitz::piop::spartan::grinding: close time.busy=64.3µs time.idle=120ns
2026-10-07T19:58:52.690664Z  INFO falcon_algebraic:prove:falcon_algebraic:bitz:falcon_bridge:wfbitz_forest:spartan:grinding{bits=14}: bitz::piop::spartan::grinding: close time.busy=23.7µs time.idle=100ns
2026-10-07T19:58:52.690871Z  INFO falcon_algebraic:prove:falcon_algebraic:bitz:falcon_bridge:wfbitz_forest:spartan:grinding{bits=14}: bitz::piop::spartan::grinding: close time.busy=204µs time.idle=121ns
2026-10-07T19:58:52.690897Z  INFO falcon_algebraic:prove:falcon_algebraic:bitz:falcon_bridge:wfbitz_forest:spartan:grinding{bits=14}: bitz::piop::spartan::grinding: close time.busy=22.8µs time.idle=110ns
2026-10-07T19:58:52.690906Z  INFO falcon_algebraic:prove:falcon_algebraic:bitz:falcon_bridge:wfbitz_forest:spartan:grinding{bits=14}: bitz::piop::spartan::grinding: close time.busy=6.21µs time.idle=111ns
2026-10-07T19:58:52.690979Z  INFO falcon_algebraic:prove:falcon_algebraic:bitz:falcon_bridge:wfbitz_forest:spartan:grinding{bits=14}: bitz::piop::spartan::grinding: close time.busy=70.3µs time.idle=110ns
2026-10-07T19:58:52.691012Z  INFO falcon_algebraic:prove:falcon_algebraic:bitz:falcon_bridge:wfbitz_forest:spartan:grinding{bits=14}: bitz::piop::spartan::grinding: close time.busy=29.9µs time.idle=110ns
2026-10-07T19:58:52.691130Z  INFO falcon_algebraic:prove:falcon_algebraic:bitz:falcon_bridge:wfbitz_forest:spartan:grinding{bits=14}: bitz::piop::spartan::grinding: close time.busy=116µs time.idle=110ns
2026-10-07T19:58:52.691574Z  INFO falcon_algebraic:prove:falcon_algebraic:bitz:falcon_bridge:wfbitz_forest:spartan:grinding{bits=14}: bitz::piop::spartan::grinding: close time.busy=31.4µs time.idle=120ns
2026-10-07T19:58:52.692195Z  INFO falcon_algebraic:prove:falcon_algebraic:bitz:falcon_bridge:wfbitz_forest:spartan:grinding{bits=14}: bitz::piop::spartan::grinding: close time.busy=143µs time.idle=120ns
2026-10-07T19:58:52.692554Z  INFO falcon_algebraic:prove:falcon_algebraic:bitz:falcon_bridge:wfbitz_forest:spartan:grinding{bits=14}: bitz::piop::spartan::grinding: close time.busy=171µs time.idle=131ns
2026-10-07T19:58:52.692720Z  INFO falcon_algebraic:prove:falcon_algebraic:bitz:falcon_bridge:wfbitz_forest:spartan:grinding{bits=14}: bitz::piop::spartan::grinding: close time.busy=69.8µs time.idle=121ns
2026-10-07T19:58:52.692830Z  INFO falcon_algebraic:prove:falcon_algebraic:bitz:falcon_bridge:wfbitz_forest:spartan:grinding{bits=14}: bitz::piop::spartan::grinding: close time.busy=59.1µs time.idle=110ns
2026-10-07T19:58:52.692896Z  INFO falcon_algebraic:prove:falcon_algebraic:bitz:falcon_bridge:wfbitz_forest:spartan:grinding{bits=14}: bitz::piop::spartan::grinding: close time.busy=37.5µs time.idle=110ns
2026-10-07T19:58:52.692980Z  INFO falcon_algebraic:prove:falcon_algebraic:bitz:falcon_bridge:wfbitz_forest:spartan:grinding{bits=14}: bitz::piop::spartan::grinding: close time.busy=66.7µs time.idle=121ns
2026-10-07T19:58:52.693049Z  INFO falcon_algebraic:prove:falcon_algebraic:bitz:falcon_bridge:wfbitz_forest:spartan:grinding{bits=14}: bitz::piop::spartan::grinding: close time.busy=60.8µs time.idle=111ns
2026-10-07T19:58:52.693226Z  INFO falcon_algebraic:prove:falcon_algebraic:bitz:falcon_bridge:wfbitz_forest:spartan:grinding{bits=14}: bitz::piop::spartan::grinding: close time.busy=161µs time.idle=110ns
2026-10-07T19:58:52.693293Z  INFO falcon_algebraic:prove:falcon_algebraic:bitz:falcon_bridge:wfbitz_forest:spartan:grinding{bits=14}: bitz::piop::spartan::grinding: close time.busy=62.0µs time.idle=100ns
2026-10-07T19:58:52.693319Z  INFO falcon_algebraic:prove:falcon_algebraic:bitz:falcon_bridge:wfbitz_forest:spartan:grinding{bits=14}: bitz::piop::spartan::grinding: close time.busy=21.2µs time.idle=100ns
2026-10-07T19:58:52.693356Z  INFO falcon_algebraic:prove:falcon_algebraic:bitz:falcon_bridge:wfbitz_forest:spartan:grinding{bits=14}: bitz::piop::spartan::grinding: close time.busy=33.5µs time.idle=100ns
2026-10-07T19:58:52.693403Z  INFO falcon_algebraic:prove:falcon_algebraic:bitz:falcon_bridge:wfbitz_forest:spartan:grinding{bits=14}: bitz::piop::spartan::grinding: close time.busy=43.6µs time.idle=110ns
2026-10-07T19:58:52.693463Z  INFO falcon_algebraic:prove:falcon_algebraic:bitz:falcon_bridge:wfbitz_forest:spartan:grinding{bits=14}: bitz::piop::spartan::grinding: close time.busy=57.3µs time.idle=121ns
2026-10-07T19:58:52.693567Z  INFO falcon_algebraic:prove:falcon_algebraic:bitz:falcon_bridge:wfbitz_forest:spartan:grinding{bits=14}: bitz::piop::spartan::grinding: close time.busy=101µs time.idle=110ns
2026-10-07T19:58:52.693602Z  INFO falcon_algebraic:prove:falcon_algebraic:bitz:falcon_bridge:wfbitz_forest:spartan:grinding{bits=14}: bitz::piop::spartan::grinding: close time.busy=31.8µs time.idle=110ns
2026-10-07T19:58:52.693641Z  INFO falcon_algebraic:prove:falcon_algebraic:bitz:falcon_bridge:wfbitz_forest:spartan:grinding{bits=14}: bitz::piop::spartan::grinding: close time.busy=35.8µs time.idle=121ns
2026-10-07T19:58:52.693684Z  INFO falcon_algebraic:prove:falcon_algebraic:bitz:falcon_bridge:wfbitz_forest:spartan:grinding{bits=14}: bitz::piop::spartan::grinding: close time.busy=40.5µs time.idle=110ns
2026-10-07T19:58:52.693769Z  INFO falcon_algebraic:prove:falcon_algebraic:bitz:falcon_bridge:wfbitz_forest:spartan:grinding{bits=14}: bitz::piop::spartan::grinding: close time.busy=82.0µs time.idle=121ns
2026-10-07T19:58:52.693801Z  INFO falcon_algebraic:prove:falcon_algebraic:bitz:falcon_bridge:wfbitz_forest:spartan:grinding{bits=14}: bitz::piop::spartan::grinding: close time.busy=29.0µs time.idle=111ns
2026-10-07T19:58:52.696503Z  INFO falcon_algebraic:prove:falcon_algebraic:bitz:falcon_bridge:wfbitz_forest:spartan:grinding{bits=14}: bitz::piop::spartan::grinding: close time.busy=45.0µs time.idle=131ns
2026-10-07T19:58:52.697558Z  INFO falcon_algebraic:prove:falcon_algebraic:bitz:falcon_bridge:wfbitz_forest:spartan:grinding{bits=14}: bitz::piop::spartan::grinding: close time.busy=107µs time.idle=130ns
2026-10-07T19:58:52.697952Z  INFO falcon_algebraic:prove:falcon_algebraic:bitz:falcon_bridge:wfbitz_forest:spartan:grinding{bits=14}: bitz::piop::spartan::grinding: close time.busy=33.7µs time.idle=130ns
2026-10-07T19:58:52.698209Z  INFO falcon_algebraic:prove:falcon_algebraic:bitz:falcon_bridge:wfbitz_forest:spartan:grinding{bits=14}: bitz::piop::spartan::grinding: close time.busy=72.3µs time.idle=130ns
2026-10-07T19:58:52.698321Z  INFO falcon_algebraic:prove:falcon_algebraic:bitz:falcon_bridge:wfbitz_forest:spartan:grinding{bits=14}: bitz::piop::spartan::grinding: close time.busy=13.9µs time.idle=130ns
2026-10-07T19:58:52.698412Z  INFO falcon_algebraic:prove:falcon_algebraic:bitz:falcon_bridge:wfbitz_forest:spartan:grinding{bits=14}: bitz::piop::spartan::grinding: close time.busy=38.8µs time.idle=120ns
2026-10-07T19:58:52.698528Z  INFO falcon_algebraic:prove:falcon_algebraic:bitz:falcon_bridge:wfbitz_forest:spartan:grinding{bits=14}: bitz::piop::spartan::grinding: close time.busy=87.5µs time.idle=110ns
2026-10-07T19:58:52.698631Z  INFO falcon_algebraic:prove:falcon_algebraic:bitz:falcon_bridge:wfbitz_forest:spartan:grinding{bits=14}: bitz::piop::spartan::grinding: close time.busy=85.9µs time.idle=111ns
2026-10-07T19:58:52.698694Z  INFO falcon_algebraic:prove:falcon_algebraic:bitz:falcon_bridge:wfbitz_forest:spartan:grinding{bits=14}: bitz::piop::spartan::grinding: close time.busy=55.0µs time.idle=110ns
2026-10-07T19:58:52.698715Z  INFO falcon_algebraic:prove:falcon_algebraic:bitz:falcon_bridge:wfbitz_forest:spartan:grinding{bits=14}: bitz::piop::spartan::grinding: close time.busy=4.98µs time.idle=110ns
2026-10-07T19:58:52.698896Z  INFO falcon_algebraic:prove:falcon_algebraic:bitz:falcon_bridge:wfbitz_forest:spartan:grinding{bits=14}: bitz::piop::spartan::grinding: close time.busy=175µs time.idle=121ns
2026-10-07T19:58:52.698929Z  INFO falcon_algebraic:prove:falcon_algebraic:bitz:falcon_bridge:wfbitz_forest:spartan:grinding{bits=14}: bitz::piop::spartan::grinding: close time.busy=28.6µs time.idle=90.0ns
2026-10-07T19:58:52.699070Z  INFO falcon_algebraic:prove:falcon_algebraic:bitz:falcon_bridge:wfbitz_forest:spartan:grinding{bits=14}: bitz::piop::spartan::grinding: close time.busy=137µs time.idle=110ns
2026-10-07T19:58:52.699121Z  INFO falcon_algebraic:prove:falcon_algebraic:bitz:falcon_bridge:wfbitz_forest:spartan:grinding{bits=14}: bitz::piop::spartan::grinding: close time.busy=48.1µs time.idle=120ns
2026-10-07T19:58:52.699178Z  INFO falcon_algebraic:prove:falcon_algebraic:bitz:falcon_bridge:wfbitz_forest:spartan:grinding{bits=14}: bitz::piop::spartan::grinding: close time.busy=53.8µs time.idle=110ns
2026-10-07T19:58:52.699230Z  INFO falcon_algebraic:prove:falcon_algebraic:bitz:falcon_bridge:wfbitz_forest:spartan:grinding{bits=14}: bitz::piop::spartan::grinding: close time.busy=48.7µs time.idle=120ns
2026-10-07T19:58:52.699255Z  INFO falcon_algebraic:prove:falcon_algebraic:bitz:falcon_bridge:wfbitz_forest:spartan:grinding{bits=14}: bitz::piop::spartan::grinding: close time.busy=21.5µs time.idle=110ns
2026-10-07T19:58:52.699347Z  INFO falcon_algebraic:prove:falcon_algebraic:bitz:falcon_bridge:wfbitz_forest:spartan:grinding{bits=14}: bitz::piop::spartan::grinding: close time.busy=89.5µs time.idle=110ns
2026-10-07T19:58:52.699467Z  INFO falcon_algebraic:prove:falcon_algebraic:bitz:falcon_bridge:wfbitz_forest:spartan:grinding{bits=14}: bitz::piop::spartan::grinding: close time.busy=117µs time.idle=100ns
2026-10-07T19:58:52.699510Z  INFO falcon_algebraic:prove:falcon_algebraic:bitz:falcon_bridge:wfbitz_forest:spartan:grinding{bits=14}: bitz::piop::spartan::grinding: close time.busy=40.2µs time.idle=110ns
2026-10-07T19:58:52.699533Z  INFO falcon_algebraic:prove:falcon_algebraic:bitz:falcon_bridge:wfbitz_forest:spartan:grinding{bits=14}: bitz::piop::spartan::grinding: close time.busy=20.4µs time.idle=120ns
2026-10-07T19:58:52.701591Z  INFO falcon_algebraic:prove:falcon_algebraic:bitz:falcon_bridge:wfbitz_forest:spartan:grinding{bits=14}: bitz::piop::spartan::grinding: close time.busy=67.8µs time.idle=140ns
2026-10-07T19:58:52.703526Z  INFO falcon_algebraic:prove:falcon_algebraic:bitz:falcon_bridge:wfbitz_forest:spartan:grinding{bits=14}: bitz::piop::spartan::grinding: close time.busy=92.8µs time.idle=130ns
2026-10-07T19:58:52.704235Z  INFO falcon_algebraic:prove:falcon_algebraic:bitz:falcon_bridge:wfbitz_forest:spartan:grinding{bits=14}: bitz::piop::spartan::grinding: close time.busy=32.1µs time.idle=131ns
2026-10-07T19:58:52.704602Z  INFO falcon_algebraic:prove:falcon_algebraic:bitz:falcon_bridge:wfbitz_forest:spartan:grinding{bits=14}: bitz::piop::spartan::grinding: close time.busy=28.0µs time.idle=130ns
2026-10-07T19:58:52.704822Z  INFO falcon_algebraic:prove:falcon_algebraic:bitz:falcon_bridge:wfbitz_forest:spartan:grinding{bits=14}: bitz::piop::spartan::grinding: close time.busy=46.3µs time.idle=130ns
2026-10-07T19:58:52.704936Z  INFO falcon_algebraic:prove:falcon_algebraic:bitz:falcon_bridge:wfbitz_forest:spartan:grinding{bits=14}: bitz::piop::spartan::grinding: close time.busy=20.7µs time.idle=131ns
2026-10-07T19:58:52.704998Z  INFO falcon_algebraic:prove:falcon_algebraic:bitz:falcon_bridge:wfbitz_forest:spartan:grinding{bits=14}: bitz::piop::spartan::grinding: close time.busy=11.8µs time.idle=130ns
2026-10-07T19:58:52.705032Z  INFO falcon_algebraic:prove:falcon_algebraic:bitz:falcon_bridge:wfbitz_forest:spartan:grinding{bits=14}: bitz::piop::spartan::grinding: close time.busy=5.09µs time.idle=120ns
2026-10-07T19:58:52.705143Z  INFO falcon_algebraic:prove:falcon_algebraic:bitz:falcon_bridge:wfbitz_forest:spartan:grinding{bits=14}: bitz::piop::spartan::grinding: close time.busy=92.2µs time.idle=120ns
2026-10-07T19:58:52.705175Z  INFO falcon_algebraic:prove:falcon_algebraic:bitz:falcon_bridge:wfbitz_forest:spartan:grinding{bits=14}: bitz::piop::spartan::grinding: close time.busy=23.7µs time.idle=100ns
2026-10-07T19:58:52.705225Z  INFO falcon_algebraic:prove:falcon_algebraic:bitz:falcon_bridge:wfbitz_forest:spartan:grinding{bits=14}: bitz::piop::spartan::grinding: close time.busy=33.2µs time.idle=111ns
2026-10-07T19:58:52.705243Z  INFO falcon_algebraic:prove:falcon_algebraic:bitz:falcon_bridge:wfbitz_forest:spartan:grinding{bits=14}: bitz::piop::spartan::grinding: close time.busy=12.0µs time.idle=111ns
2026-10-07T19:58:52.705260Z  INFO falcon_algebraic:prove:falcon_algebraic:bitz:falcon_bridge:wfbitz_forest:spartan:grinding{bits=14}: bitz::piop::spartan::grinding: close time.busy=12.8µs time.idle=100ns
2026-10-07T19:58:52.705398Z  INFO falcon_algebraic:prove:falcon_algebraic:bitz:falcon_bridge:wfbitz_forest:spartan:grinding{bits=14}: bitz::piop::spartan::grinding: close time.busy=135µs time.idle=120ns
2026-10-07T19:58:52.705497Z  INFO falcon_algebraic:prove:falcon_algebraic:bitz:falcon_bridge:wfbitz_forest:spartan:grinding{bits=14}: bitz::piop::spartan::grinding: close time.busy=94.9µs time.idle=100ns
2026-10-07T19:58:52.705559Z  INFO falcon_algebraic:prove:falcon_algebraic:bitz:falcon_bridge:wfbitz_forest:spartan:grinding{bits=14}: bitz::piop::spartan::grinding: close time.busy=58.3µs time.idle=110ns
2026-10-07T19:58:52.705654Z  INFO falcon_algebraic:prove:falcon_algebraic:bitz:falcon_bridge:wfbitz_forest:spartan:grinding{bits=14}: bitz::piop::spartan::grinding: close time.busy=91.7µs time.idle=111ns
2026-10-07T19:58:52.705699Z  INFO falcon_algebraic:prove:falcon_algebraic:bitz:falcon_bridge:wfbitz_forest:spartan:grinding{bits=14}: bitz::piop::spartan::grinding: close time.busy=42.3µs time.idle=110ns
2026-10-07T19:58:52.705731Z  INFO falcon_algebraic:prove:falcon_algebraic:bitz:falcon_bridge:wfbitz_forest:spartan:grinding{bits=14}: bitz::piop::spartan::grinding: close time.busy=29.5µs time.idle=111ns
2026-10-07T19:58:52.705860Z  INFO falcon_algebraic:prove:falcon_algebraic:bitz:falcon_bridge:wfbitz_forest:spartan:grinding{bits=14}: bitz::piop::spartan::grinding: close time.busy=126µs time.idle=100ns
2026-10-07T19:58:52.705942Z  INFO falcon_algebraic:prove:falcon_algebraic:bitz:falcon_bridge:wfbitz_forest:spartan:grinding{bits=14}: bitz::piop::spartan::grinding: close time.busy=78.4µs time.idle=110ns
2026-10-07T19:58:52.705972Z  INFO falcon_algebraic:prove:falcon_algebraic:bitz:falcon_bridge:wfbitz_forest:spartan:grinding{bits=14}: bitz::piop::spartan::grinding: close time.busy=27.7µs time.idle=110ns
2026-10-07T19:58:52.709154Z  INFO falcon_algebraic:prove:falcon_algebraic:bitz:falcon_bridge:wfbitz_forest:spartan:grinding{bits=14}: bitz::piop::spartan::grinding: close time.busy=29.2µs time.idle=120ns
2026-10-07T19:58:52.711592Z  INFO falcon_algebraic:prove:falcon_algebraic:bitz:falcon_bridge:wfbitz_forest:spartan:grinding{bits=14}: bitz::piop::spartan::grinding: close time.busy=16.4µs time.idle=130ns
2026-10-07T19:58:52.713503Z  INFO falcon_algebraic:prove:falcon_algebraic:bitz:falcon_bridge:wfbitz_forest:spartan:grinding{bits=14}: bitz::piop::spartan::grinding: close time.busy=89.9µs time.idle=130ns
2026-10-07T19:58:52.714221Z  INFO falcon_algebraic:prove:falcon_algebraic:bitz:falcon_bridge:wfbitz_forest:spartan:grinding{bits=14}: bitz::piop::spartan::grinding: close time.busy=40.0µs time.idle=150ns
2026-10-07T19:58:52.714637Z  INFO falcon_algebraic:prove:falcon_algebraic:bitz:falcon_bridge:wfbitz_forest:spartan:grinding{bits=14}: bitz::piop::spartan::grinding: close time.busy=75.5µs time.idle=132ns
2026-10-07T19:58:52.714817Z  INFO falcon_algebraic:prove:falcon_algebraic:bitz:falcon_bridge:wfbitz_forest:spartan:grinding{bits=14}: bitz::piop::spartan::grinding: close time.busy=5.69µs time.idle=130ns
2026-10-07T19:58:52.714932Z  INFO falcon_algebraic:prove:falcon_algebraic:bitz:falcon_bridge:wfbitz_forest:spartan:grinding{bits=14}: bitz::piop::spartan::grinding: close time.busy=21.9µs time.idle=130ns
2026-10-07T19:58:52.715015Z  INFO falcon_algebraic:prove:falcon_algebraic:bitz:falcon_bridge:wfbitz_forest:spartan:grinding{bits=14}: bitz::piop::spartan::grinding: close time.busy=32.1µs time.idle=120ns
2026-10-07T19:58:52.715050Z  INFO falcon_algebraic:prove:falcon_algebraic:bitz:falcon_bridge:wfbitz_forest:spartan:grinding{bits=14}: bitz::piop::spartan::grinding: close time.busy=5.91µs time.idle=130ns
2026-10-07T19:58:52.715087Z  INFO falcon_algebraic:prove:falcon_algebraic:bitz:falcon_bridge:wfbitz_forest:spartan:grinding{bits=14}: bitz::piop::spartan::grinding: close time.busy=20.0µs time.idle=110ns
2026-10-07T19:58:52.715122Z  INFO falcon_algebraic:prove:falcon_algebraic:bitz:falcon_bridge:wfbitz_forest:spartan:grinding{bits=14}: bitz::piop::spartan::grinding: close time.busy=27.3µs time.idle=110ns
2026-10-07T19:58:52.715188Z  INFO falcon_algebraic:prove:falcon_algebraic:bitz:falcon_bridge:wfbitz_forest:spartan:grinding{bits=14}: bitz::piop::spartan::grinding: close time.busy=49.4µs time.idle=121ns
2026-10-07T19:58:52.715308Z  INFO falcon_algebraic:prove:falcon_algebraic:bitz:falcon_bridge:wfbitz_forest:spartan:grinding{bits=14}: bitz::piop::spartan::grinding: close time.busy=114µs time.idle=130ns
2026-10-07T19:58:52.715340Z  INFO falcon_algebraic:prove:falcon_algebraic:bitz:falcon_bridge:wfbitz_forest:spartan:grinding{bits=14}: bitz::piop::spartan::grinding: close time.busy=27.6µs time.idle=90.0ns
2026-10-07T19:58:52.715406Z  INFO falcon_algebraic:prove:falcon_algebraic:bitz:falcon_bridge:wfbitz_forest:spartan:grinding{bits=14}: bitz::piop::spartan::grinding: close time.busy=62.7µs time.idle=110ns
2026-10-07T19:58:52.715529Z  INFO falcon_algebraic:prove:falcon_algebraic:bitz:falcon_bridge:wfbitz_forest:spartan:grinding{bits=14}: bitz::piop::spartan::grinding: close time.busy=120µs time.idle=110ns
2026-10-07T19:58:52.715562Z  INFO falcon_algebraic:prove:falcon_algebraic:bitz:falcon_bridge:wfbitz_forest:spartan:grinding{bits=14}: bitz::piop::spartan::grinding: close time.busy=30.1µs time.idle=121ns
2026-10-07T19:58:52.715589Z  INFO falcon_algebraic:prove:falcon_algebraic:bitz:falcon_bridge:wfbitz_forest:spartan:grinding{bits=14}: bitz::piop::spartan::grinding: close time.busy=23.9µs time.idle=110ns
2026-10-07T19:58:52.715809Z  INFO falcon_algebraic:prove:falcon_algebraic:bitz:falcon_bridge:wfbitz_forest:spartan:grinding{bits=14}: bitz::piop::spartan::grinding: close time.busy=217µs time.idle=120ns
2026-10-07T19:58:52.715860Z  INFO falcon_algebraic:prove:falcon_algebraic:bitz:falcon_bridge:wfbitz_forest:spartan:grinding{bits=14}: bitz::piop::spartan::grinding: close time.busy=48.9µs time.idle=120ns
2026-10-07T19:58:52.715959Z  INFO falcon_algebraic:prove:falcon_algebraic:bitz:falcon_bridge:wfbitz_forest:spartan:grinding{bits=14}: bitz::piop::spartan::grinding: close time.busy=95.3µs time.idle=101ns
2026-10-07T19:58:52.715988Z  INFO falcon_algebraic:prove:falcon_algebraic:bitz:falcon_bridge:wfbitz_forest:spartan:grinding{bits=14}: bitz::piop::spartan::grinding: close time.busy=26.1µs time.idle=110ns
2026-10-07T19:58:52.716137Z  INFO falcon_algebraic:prove:falcon_algebraic:bitz:falcon_bridge:wfbitz_forest:spartan:grinding{bits=14}: bitz::piop::spartan::grinding: close time.busy=146µs time.idle=120ns
2026-10-07T19:58:52.719690Z  INFO falcon_algebraic:prove:falcon_algebraic:bitz:falcon_bridge:wfbitz_forest:spartan:grinding{bits=14}: bitz::piop::spartan::grinding: close time.busy=79.0µs time.idle=120ns
2026-10-07T19:58:52.719713Z  INFO falcon_algebraic:prove:falcon_algebraic:bitz:falcon_bridge:wfbitz_forest:spartan:grinding{bits=14}: bitz::piop::spartan::grinding: close time.busy=19.7µs time.idle=110ns
2026-10-07T19:58:52.722196Z  INFO falcon_algebraic:prove:falcon_algebraic:bitz:falcon_bridge:wfbitz_forest:spartan:grinding{bits=14}: bitz::piop::spartan::grinding: close time.busy=65.6µs time.idle=140ns
2026-10-07T19:58:52.724058Z  INFO falcon_algebraic:prove:falcon_algebraic:bitz:falcon_bridge:wfbitz_forest:spartan:grinding{bits=14}: bitz::piop::spartan::grinding: close time.busy=29.6µs time.idle=130ns
2026-10-07T19:58:52.724823Z  INFO falcon_algebraic:prove:falcon_algebraic:bitz:falcon_bridge:wfbitz_forest:spartan:grinding{bits=14}: bitz::piop::spartan::grinding: close time.busy=86.1µs time.idle=120ns
2026-10-07T19:58:52.725272Z  INFO falcon_algebraic:prove:falcon_algebraic:bitz:falcon_bridge:wfbitz_forest:spartan:grinding{bits=14}: bitz::piop::spartan::grinding: close time.busy=105µs time.idle=130ns
2026-10-07T19:58:52.725491Z  INFO falcon_algebraic:prove:falcon_algebraic:bitz:falcon_bridge:wfbitz_forest:spartan:grinding{bits=14}: bitz::piop::spartan::grinding: close time.busy=44.2µs time.idle=130ns
2026-10-07T19:58:52.725619Z  INFO falcon_algebraic:prove:falcon_algebraic:bitz:falcon_bridge:wfbitz_forest:spartan:grinding{bits=14}: bitz::piop::spartan::grinding: close time.busy=35.5µs time.idle=130ns
2026-10-07T19:58:52.725674Z  INFO falcon_algebraic:prove:falcon_algebraic:bitz:falcon_bridge:wfbitz_forest:spartan:grinding{bits=14}: bitz::piop::spartan::grinding: close time.busy=4.96µs time.idle=141ns
2026-10-07T19:58:52.725816Z  INFO falcon_algebraic:prove:falcon_algebraic:bitz:falcon_bridge:wfbitz_forest:spartan:grinding{bits=14}: bitz::piop::spartan::grinding: close time.busy=112µs time.idle=130ns
2026-10-07T19:58:52.725901Z  INFO falcon_algebraic:prove:falcon_algebraic:bitz:falcon_bridge:wfbitz_forest:spartan:grinding{bits=14}: bitz::piop::spartan::grinding: close time.busy=67.8µs time.idle=110ns
2026-10-07T19:58:52.725988Z  INFO falcon_algebraic:prove:falcon_algebraic:bitz:falcon_bridge:wfbitz_forest:spartan:grinding{bits=14}: bitz::piop::spartan::grinding: close time.busy=78.8µs time.idle=111ns
2026-10-07T19:58:52.726046Z  INFO falcon_algebraic:prove:falcon_algebraic:bitz:falcon_bridge:wfbitz_forest:spartan:grinding{bits=14}: bitz::piop::spartan::grinding: close time.busy=41.7µs time.idle=120ns
2026-10-07T19:58:52.726063Z  INFO falcon_algebraic:prove:falcon_algebraic:bitz:falcon_bridge:wfbitz_forest:spartan:grinding{bits=14}: bitz::piop::spartan::grinding: close time.busy=11.2µs time.idle=100ns
2026-10-07T19:58:52.726111Z  INFO falcon_algebraic:prove:falcon_algebraic:bitz:falcon_bridge:wfbitz_forest:spartan:grinding{bits=14}: bitz::piop::spartan::grinding: close time.busy=43.7µs time.idle=110ns
2026-10-07T19:58:52.726163Z  INFO falcon_algebraic:prove:falcon_algebraic:bitz:falcon_bridge:wfbitz_forest:spartan:grinding{bits=14}: bitz::piop::spartan::grinding: close time.busy=47.9µs time.idle=110ns
2026-10-07T19:58:52.726280Z  INFO falcon_algebraic:prove:falcon_algebraic:bitz:falcon_bridge:wfbitz_forest:spartan:grinding{bits=14}: bitz::piop::spartan::grinding: close time.busy=115µs time.idle=110ns
2026-10-07T19:58:52.726304Z  INFO falcon_algebraic:prove:falcon_algebraic:bitz:falcon_bridge:wfbitz_forest:spartan:grinding{bits=14}: bitz::piop::spartan::grinding: close time.busy=20.7µs time.idle=120ns
2026-10-07T19:58:52.726340Z  INFO falcon_algebraic:prove:falcon_algebraic:bitz:falcon_bridge:wfbitz_forest:spartan:grinding{bits=14}: bitz::piop::spartan::grinding: close time.busy=32.5µs time.idle=120ns
2026-10-07T19:58:52.726388Z  INFO falcon_algebraic:prove:falcon_algebraic:bitz:falcon_bridge:wfbitz_forest:spartan:grinding{bits=14}: bitz::piop::spartan::grinding: close time.busy=45.7µs time.idle=110ns
2026-10-07T19:58:52.726480Z  INFO falcon_algebraic:prove:falcon_algebraic:bitz:falcon_bridge:wfbitz_forest:spartan:grinding{bits=14}: bitz::piop::spartan::grinding: close time.busy=89.2µs time.idle=110ns
2026-10-07T19:58:52.726505Z  INFO falcon_algebraic:prove:falcon_algebraic:bitz:falcon_bridge:wfbitz_forest:spartan:grinding{bits=14}: bitz::piop::spartan::grinding: close time.busy=22.2µs time.idle=91.0ns
2026-10-07T19:58:52.726569Z  INFO falcon_algebraic:prove:falcon_algebraic:bitz:falcon_bridge:wfbitz_forest:spartan:grinding{bits=14}: bitz::piop::spartan::grinding: close time.busy=61.2µs time.idle=120ns
2026-10-07T19:58:52.726577Z  INFO falcon_algebraic:prove:falcon_algebraic:bitz:falcon_bridge:wfbitz_forest:spartan:grinding{bits=14}: bitz::piop::spartan::grinding: close time.busy=4.77µs time.idle=110ns
2026-10-07T19:58:52.729625Z  INFO falcon_algebraic:prove:falcon_algebraic:bitz:falcon_bridge:wfbitz_forest:spartan:grinding{bits=14}: bitz::piop::spartan::grinding: close time.busy=23.4µs time.idle=110ns
2026-10-07T19:58:52.729677Z  INFO falcon_algebraic:prove:falcon_algebraic:bitz:falcon_bridge:wfbitz_forest:spartan:grinding{bits=14}: bitz::piop::spartan::grinding: close time.busy=48.7µs time.idle=110ns
2026-10-07T19:58:52.729702Z  INFO falcon_algebraic:prove:falcon_algebraic:bitz:falcon_bridge:wfbitz_forest:spartan:grinding{bits=14}: bitz::piop::spartan::grinding: close time.busy=21.8µs time.idle=121ns
2026-10-07T19:58:52.732215Z  INFO falcon_algebraic:prove:falcon_algebraic:bitz:falcon_bridge:wfbitz_forest:spartan:grinding{bits=14}: bitz::piop::spartan::grinding: close time.busy=16.0µs time.idle=130ns
2026-10-07T19:58:52.734101Z  INFO falcon_algebraic:prove:falcon_algebraic:bitz:falcon_bridge:wfbitz_forest:spartan:grinding{bits=14}: bitz::piop::spartan::grinding: close time.busy=63.4µs time.idle=130ns
2026-10-07T19:58:52.734806Z  INFO falcon_algebraic:prove:falcon_algebraic:bitz:falcon_bridge:wfbitz_forest:spartan:grinding{bits=14}: bitz::piop::spartan::grinding: close time.busy=28.5µs time.idle=130ns
2026-10-07T19:58:52.735181Z  INFO falcon_algebraic:prove:falcon_algebraic:bitz:falcon_bridge:wfbitz_forest:spartan:grinding{bits=14}: bitz::piop::spartan::grinding: close time.busy=31.9µs time.idle=130ns
2026-10-07T19:58:52.735366Z  INFO falcon_algebraic:prove:falcon_algebraic:bitz:falcon_bridge:wfbitz_forest:spartan:grinding{bits=14}: bitz::piop::spartan::grinding: close time.busy=9.34µs time.idle=130ns
2026-10-07T19:58:52.735503Z  INFO falcon_algebraic:prove:falcon_algebraic:bitz:falcon_bridge:wfbitz_forest:spartan:grinding{bits=14}: bitz::piop::spartan::grinding: close time.busy=43.2µs time.idle=130ns
2026-10-07T19:58:52.735642Z  INFO falcon_algebraic:prove:falcon_algebraic:bitz:falcon_bridge:wfbitz_forest:spartan:grinding{bits=14}: bitz::piop::spartan::grinding: close time.busy=88.1µs time.idle=131ns
2026-10-07T19:58:52.735766Z  INFO falcon_algebraic:prove:falcon_algebraic:bitz:falcon_bridge:wfbitz_forest:spartan:grinding{bits=14}: bitz::piop::spartan::grinding: close time.busy=94.5µs time.idle=120ns
2026-10-07T19:58:52.735799Z  INFO falcon_algebraic:prove:falcon_algebraic:bitz:falcon_bridge:wfbitz_forest:spartan:grinding{bits=14}: bitz::piop::spartan::grinding: close time.busy=15.7µs time.idle=121ns
2026-10-07T19:58:52.735872Z  INFO falcon_algebraic:prove:falcon_algebraic:bitz:falcon_bridge:wfbitz_forest:spartan:grinding{bits=14}: bitz::piop::spartan::grinding: close time.busy=64.5µs time.idle=110ns
2026-10-07T19:58:52.735899Z  INFO falcon_algebraic:prove:falcon_algebraic:bitz:falcon_bridge:wfbitz_forest:spartan:grinding{bits=14}: bitz::piop::spartan::grinding: close time.busy=10.5µs time.idle=110ns
2026-10-07T19:58:52.735929Z  INFO falcon_algebraic:prove:falcon_algebraic:bitz:falcon_bridge:wfbitz_forest:spartan:grinding{bits=14}: bitz::piop::spartan::grinding: close time.busy=24.3µs time.idle=110ns
2026-10-07T19:58:52.735974Z  INFO falcon_algebraic:prove:falcon_algebraic:bitz:falcon_bridge:wfbitz_forest:spartan:grinding{bits=14}: bitz::piop::spartan::grinding: close time.busy=40.5µs time.idle=110ns
2026-10-07T19:58:52.736102Z  INFO falcon_algebraic:prove:falcon_algebraic:bitz:falcon_bridge:wfbitz_forest:spartan:grinding{bits=14}: bitz::piop::spartan::grinding: close time.busy=123µs time.idle=110ns
2026-10-07T19:58:52.736135Z  INFO falcon_algebraic:prove:falcon_algebraic:bitz:falcon_bridge:wfbitz_forest:spartan:grinding{bits=14}: bitz::piop::spartan::grinding: close time.busy=30.4µs time.idle=120ns
2026-10-07T19:58:52.736240Z  INFO falcon_algebraic:prove:falcon_algebraic:bitz:falcon_bridge:wfbitz_forest:spartan:grinding{bits=14}: bitz::piop::spartan::grinding: close time.busy=102µs time.idle=110ns
2026-10-07T19:58:52.736290Z  INFO falcon_algebraic:prove:falcon_algebraic:bitz:falcon_bridge:wfbitz_forest:spartan:grinding{bits=14}: bitz::piop::spartan::grinding: close time.busy=47.2µs time.idle=110ns
2026-10-07T19:58:52.736306Z  INFO falcon_algebraic:prove:falcon_algebraic:bitz:falcon_bridge:wfbitz_forest:spartan:grinding{bits=14}: bitz::piop::spartan::grinding: close time.busy=13.3µs time.idle=100ns
2026-10-07T19:58:52.736357Z  INFO falcon_algebraic:prove:falcon_algebraic:bitz:falcon_bridge:wfbitz_forest:spartan:grinding{bits=14}: bitz::piop::spartan::grinding: close time.busy=47.6µs time.idle=121ns
2026-10-07T19:58:52.736475Z  INFO falcon_algebraic:prove:falcon_algebraic:bitz:falcon_bridge:wfbitz_forest:spartan:grinding{bits=14}: bitz::piop::spartan::grinding: close time.busy=116µs time.idle=110ns
2026-10-07T19:58:52.736525Z  INFO falcon_algebraic:prove:falcon_algebraic:bitz:falcon_bridge:wfbitz_forest:spartan:grinding{bits=14}: bitz::piop::spartan::grinding: close time.busy=47.1µs time.idle=111ns
2026-10-07T19:58:52.736568Z  INFO falcon_algebraic:prove:falcon_algebraic:bitz:falcon_bridge:wfbitz_forest:spartan:grinding{bits=14}: bitz::piop::spartan::grinding: close time.busy=39.7µs time.idle=121ns
2026-10-07T19:58:52.737005Z  INFO falcon_algebraic:prove:falcon_algebraic:bitz:falcon_bridge:wfbitz_forest: bitz::hybrid::integer_bridge: close time.busy=62.1ms time.idle=130ns
2026-10-07T19:58:52.737075Z  INFO falcon_algebraic:prove:falcon_algebraic:bitz: bitz::piop::spartan::falcon512_algebraic::protocol: close time.busy=66.3ms time.idle=150ns
2026-10-07T19:58:52.740618Z  INFO falcon_algebraic:prove:falcon_joint:packed_setup: bitz::hybrid::joint_sumcheck: close time.busy=3.54ms time.idle=200ns
2026-10-07T19:58:52.740673Z  INFO falcon_algebraic:prove:spartan:round_grinding_prove:spartan:grinding{bits=10}: bitz::piop::spartan::grinding: close time.busy=2.17µs time.idle=110ns
2026-10-07T19:58:52.740674Z  INFO falcon_algebraic:prove:spartan:round_grinding_prove: bitz::sumcheck::boundary: close time.busy=5.05µs time.idle=150ns
2026-10-07T19:58:52.740733Z  INFO falcon_algebraic:prove:spartan:round_grinding_prove:spartan:grinding{bits=10}: bitz::piop::spartan::grinding: close time.busy=360ns time.idle=121ns
2026-10-07T19:58:52.740734Z  INFO falcon_algebraic:prove:spartan:round_grinding_prove: bitz::sumcheck::boundary: close time.busy=2.77µs time.idle=130ns
2026-10-07T19:58:52.740793Z  INFO falcon_algebraic:prove:spartan:round_grinding_prove:spartan:grinding{bits=10}: bitz::piop::spartan::grinding: close time.busy=4.60µs time.idle=120ns
2026-10-07T19:58:52.740794Z  INFO falcon_algebraic:prove:spartan:round_grinding_prove: bitz::sumcheck::boundary: close time.busy=6.75µs time.idle=120ns
2026-10-07T19:58:52.740864Z  INFO falcon_algebraic:prove:spartan:round_grinding_prove:spartan:grinding{bits=10}: bitz::piop::spartan::grinding: close time.busy=19.2µs time.idle=110ns
2026-10-07T19:58:52.740865Z  INFO falcon_algebraic:prove:spartan:round_grinding_prove: bitz::sumcheck::boundary: close time.busy=21.3µs time.idle=120ns
2026-10-07T19:58:52.740920Z  INFO falcon_algebraic:prove:spartan:round_grinding_prove:spartan:grinding{bits=10}: bitz::piop::spartan::grinding: close time.busy=3.81µs time.idle=120ns
2026-10-07T19:58:52.740921Z  INFO falcon_algebraic:prove:spartan:round_grinding_prove: bitz::sumcheck::boundary: close time.busy=6.31µs time.idle=120ns
2026-10-07T19:58:52.740971Z  INFO falcon_algebraic:prove:spartan:round_grinding_prove:spartan:grinding{bits=10}: bitz::piop::spartan::grinding: close time.busy=411ns time.idle=110ns
2026-10-07T19:58:52.740972Z  INFO falcon_algebraic:prove:spartan:round_grinding_prove: bitz::sumcheck::boundary: close time.busy=2.58µs time.idle=120ns
2026-10-07T19:58:52.741025Z  INFO falcon_algebraic:prove:spartan:round_grinding_prove:spartan:grinding{bits=10}: bitz::piop::spartan::grinding: close time.busy=3.21µs time.idle=121ns
2026-10-07T19:58:52.741026Z  INFO falcon_algebraic:prove:spartan:round_grinding_prove: bitz::sumcheck::boundary: close time.busy=5.28µs time.idle=90.0ns
2026-10-07T19:58:52.742391Z  INFO falcon_algebraic:prove:falcon_joint:prepare: bitz::hybrid::joint_sumcheck: close time.busy=1.36ms time.idle=140ns
2026-10-07T19:58:52.742403Z  INFO falcon_algebraic:prove:spartan:round_grinding_prove:spartan:grinding{bits=10}: bitz::piop::spartan::grinding: close time.busy=8.78µs time.idle=111ns
2026-10-07T19:58:52.742404Z  INFO falcon_algebraic:prove:spartan:round_grinding_prove: bitz::sumcheck::boundary: close time.busy=10.9µs time.idle=121ns
2026-10-07T19:58:52.742677Z  INFO falcon_algebraic:prove:falcon_joint:compact: bitz::hybrid::joint_sumcheck: close time.busy=270µs time.idle=151ns
2026-10-07T19:58:52.742680Z  INFO falcon_algebraic:prove:spartan:round_grinding_prove:spartan:grinding{bits=10}: bitz::piop::spartan::grinding: close time.busy=682ns time.idle=110ns
2026-10-07T19:58:52.742682Z  INFO falcon_algebraic:prove:spartan:round_grinding_prove: bitz::sumcheck::boundary: close time.busy=3.20µs time.idle=130ns
2026-10-07T19:58:52.742822Z  INFO falcon_algebraic:prove:falcon_joint:compact: bitz::hybrid::joint_sumcheck: close time.busy=138µs time.idle=150ns
2026-10-07T19:58:52.742828Z  INFO falcon_algebraic:prove:spartan:round_grinding_prove:spartan:grinding{bits=10}: bitz::piop::spartan::grinding: close time.busy=3.58µs time.idle=111ns
2026-10-07T19:58:52.742830Z  INFO falcon_algebraic:prove:spartan:round_grinding_prove: bitz::sumcheck::boundary: close time.busy=6.36µs time.idle=111ns
2026-10-07T19:58:52.742920Z  INFO falcon_algebraic:prove:falcon_joint:compact: bitz::hybrid::joint_sumcheck: close time.busy=88.9µs time.idle=120ns
2026-10-07T19:58:52.742927Z  INFO falcon_algebraic:prove:spartan:round_grinding_prove:spartan:grinding{bits=10}: bitz::piop::spartan::grinding: close time.busy=4.40µs time.idle=121ns
2026-10-07T19:58:52.742929Z  INFO falcon_algebraic:prove:spartan:round_grinding_prove: bitz::sumcheck::boundary: close time.busy=6.57µs time.idle=100ns
2026-10-07T19:58:52.743006Z  INFO falcon_algebraic:prove:falcon_joint:compact: bitz::hybrid::joint_sumcheck: close time.busy=75.4µs time.idle=131ns
2026-10-07T19:58:52.743010Z  INFO falcon_algebraic:prove:spartan:round_grinding_prove:spartan:grinding{bits=10}: bitz::piop::spartan::grinding: close time.busy=982ns time.idle=120ns
2026-10-07T19:58:52.743011Z  INFO falcon_algebraic:prove:spartan:round_grinding_prove: bitz::sumcheck::boundary: close time.busy=3.79µs time.idle=100ns
2026-10-07T19:58:52.743029Z  INFO falcon_algebraic:prove:falcon_joint:dense: bitz::hybrid::joint_sumcheck: close time.busy=16.2µs time.idle=130ns
2026-10-07T19:58:52.743033Z  INFO falcon_algebraic:prove:spartan:round_grinding_prove:spartan:grinding{bits=10}: bitz::piop::spartan::grinding: close time.busy=1.48µs time.idle=112ns
2026-10-07T19:58:52.743034Z  INFO falcon_algebraic:prove:spartan:round_grinding_prove: bitz::sumcheck::boundary: close time.busy=3.57µs time.idle=110ns
2026-10-07T19:58:52.743047Z  INFO falcon_algebraic:prove:falcon_joint:dense: bitz::hybrid::joint_sumcheck: close time.busy=11.2µs time.idle=100ns
2026-10-07T19:58:52.743052Z  INFO falcon_algebraic:prove:spartan:round_grinding_prove:spartan:grinding{bits=10}: bitz::piop::spartan::grinding: close time.busy=2.69µs time.idle=110ns
2026-10-07T19:58:52.743054Z  INFO falcon_algebraic:prove:spartan:round_grinding_prove: bitz::sumcheck::boundary: close time.busy=4.89µs time.idle=120ns
2026-10-07T19:58:52.743062Z  INFO falcon_algebraic:prove:falcon_joint:dense: bitz::hybrid::joint_sumcheck: close time.busy=6.50µs time.idle=111ns
2026-10-07T19:58:52.743067Z  INFO falcon_algebraic:prove:spartan:round_grinding_prove:spartan:grinding{bits=10}: bitz::piop::spartan::grinding: close time.busy=2.85µs time.idle=110ns
2026-10-07T19:58:52.743068Z  INFO falcon_algebraic:prove:spartan:round_grinding_prove: bitz::sumcheck::boundary: close time.busy=5.18µs time.idle=100ns
2026-10-07T19:58:52.743071Z  INFO falcon_algebraic:prove:falcon_joint:dense: bitz::hybrid::joint_sumcheck: close time.busy=1.35µs time.idle=120ns
2026-10-07T19:58:52.743074Z  INFO falcon_algebraic:prove:spartan:round_grinding_prove:spartan:grinding{bits=10}: bitz::piop::spartan::grinding: close time.busy=341ns time.idle=120ns
2026-10-07T19:58:52.743075Z  INFO falcon_algebraic:prove:spartan:round_grinding_prove: bitz::sumcheck::boundary: close time.busy=2.60µs time.idle=90.0ns
2026-10-07T19:58:52.743077Z  INFO falcon_algebraic:prove:falcon_joint:dense: bitz::hybrid::joint_sumcheck: close time.busy=702ns time.idle=120ns
2026-10-07T19:58:52.743081Z  INFO falcon_algebraic:prove:spartan:round_grinding_prove:spartan:grinding{bits=10}: bitz::piop::spartan::grinding: close time.busy=1.17µs time.idle=110ns
2026-10-07T19:58:52.743082Z  INFO falcon_algebraic:prove:spartan:round_grinding_prove: bitz::sumcheck::boundary: close time.busy=3.58µs time.idle=100ns
2026-10-07T19:58:52.743084Z  INFO falcon_algebraic:prove:falcon_joint:dense: bitz::hybrid::joint_sumcheck: close time.busy=401ns time.idle=110ns
2026-10-07T19:58:52.743093Z  INFO falcon_algebraic:prove:spartan:round_grinding_prove:spartan:grinding{bits=10}: bitz::piop::spartan::grinding: close time.busy=6.58µs time.idle=110ns
2026-10-07T19:58:52.743094Z  INFO falcon_algebraic:prove:spartan:round_grinding_prove: bitz::sumcheck::boundary: close time.busy=8.82µs time.idle=110ns
2026-10-07T19:58:52.743096Z  INFO falcon_algebraic:prove:falcon_joint:dense: bitz::hybrid::joint_sumcheck: close time.busy=221ns time.idle=100ns
2026-10-07T19:58:52.743100Z  INFO falcon_algebraic:prove:spartan:round_grinding_prove:spartan:grinding{bits=10}: bitz::piop::spartan::grinding: close time.busy=1.70µs time.idle=120ns
2026-10-07T19:58:52.743101Z  INFO falcon_algebraic:prove:spartan:round_grinding_prove: bitz::sumcheck::boundary: close time.busy=3.71µs time.idle=110ns
2026-10-07T19:58:52.743103Z  INFO falcon_algebraic:prove:falcon_joint:dense: bitz::hybrid::joint_sumcheck: close time.busy=150ns time.idle=100ns
2026-10-07T19:58:52.743106Z  INFO falcon_algebraic:prove:spartan:round_grinding_prove:spartan:grinding{bits=10}: bitz::piop::spartan::grinding: close time.busy=1.16µs time.idle=120ns
2026-10-07T19:58:52.743107Z  INFO falcon_algebraic:prove:spartan:round_grinding_prove: bitz::sumcheck::boundary: close time.busy=3.16µs time.idle=110ns
2026-10-07T19:58:52.743109Z  INFO falcon_algebraic:prove:falcon_joint:dense: bitz::hybrid::joint_sumcheck: close time.busy=120ns time.idle=110ns
2026-10-07T19:58:52.743120Z  INFO falcon_algebraic:prove:spartan:round_grinding_prove:spartan:grinding{bits=10}: bitz::piop::spartan::grinding: close time.busy=9.54µs time.idle=110ns
2026-10-07T19:58:52.743121Z  INFO falcon_algebraic:prove:spartan:round_grinding_prove: bitz::sumcheck::boundary: close time.busy=11.6µs time.idle=100ns
2026-10-07T19:58:52.743123Z  INFO falcon_algebraic:prove:falcon_joint:dense: bitz::hybrid::joint_sumcheck: close time.busy=90.0ns time.idle=120ns
2026-10-07T19:58:52.743131Z  INFO falcon_algebraic:prove:spartan:round_grinding_prove:spartan:grinding{bits=10}: bitz::piop::spartan::grinding: close time.busy=5.82µs time.idle=110ns
2026-10-07T19:58:52.743132Z  INFO falcon_algebraic:prove:spartan:round_grinding_prove: bitz::sumcheck::boundary: close time.busy=7.83µs time.idle=100ns
2026-10-07T19:58:52.743134Z  INFO falcon_algebraic:prove:falcon_joint:dense: bitz::hybrid::joint_sumcheck: close time.busy=100ns time.idle=111ns
2026-10-07T19:58:52.743144Z  INFO falcon_algebraic:prove:spartan:round_grinding_prove:spartan:grinding{bits=10}: bitz::piop::spartan::grinding: close time.busy=7.89µs time.idle=112ns
2026-10-07T19:58:52.743145Z  INFO falcon_algebraic:prove:spartan:round_grinding_prove: bitz::sumcheck::boundary: close time.busy=9.91µs time.idle=90.0ns
2026-10-07T19:58:52.743147Z  INFO falcon_algebraic:prove:falcon_joint:dense: bitz::hybrid::joint_sumcheck: close time.busy=241ns time.idle=120ns
2026-10-07T19:58:52.743158Z  INFO falcon_algebraic:prove:spartan:round_grinding_prove:spartan:grinding{bits=10}: bitz::piop::spartan::grinding: close time.busy=8.81µs time.idle=110ns
2026-10-07T19:58:52.743159Z  INFO falcon_algebraic:prove:spartan:round_grinding_prove: bitz::sumcheck::boundary: close time.busy=11.0µs time.idle=100ns
2026-10-07T19:58:52.743161Z  INFO falcon_algebraic:prove:falcon_joint:dense: bitz::hybrid::joint_sumcheck: close time.busy=80.0ns time.idle=110ns
2026-10-07T19:58:52.743164Z  INFO falcon_algebraic:prove:spartan:round_grinding_prove:spartan:grinding{bits=10}: bitz::piop::spartan::grinding: close time.busy=1.11µs time.idle=111ns
2026-10-07T19:58:52.743165Z  INFO falcon_algebraic:prove:spartan:round_grinding_prove: bitz::sumcheck::boundary: close time.busy=3.20µs time.idle=121ns
2026-10-07T19:58:52.743167Z  INFO falcon_algebraic:prove:falcon_joint:dense: bitz::hybrid::joint_sumcheck: close time.busy=71.0ns time.idle=100ns
2026-10-07T19:58:52.746599Z  INFO falcon_algebraic:prove:falcon_algebraic:pcs:op:ring_switch:spartan:grinding{bits=12}: bitz::piop::spartan::grinding: close time.busy=11.2µs time.idle=120ns
2026-10-07T19:58:52.746613Z  INFO falcon_algebraic:prove:falcon_algebraic:pcs:op:ring_switch: bitz::hybrid::opening: close time.busy=3.44ms time.idle=131ns
2026-10-07T19:58:52.746623Z  INFO falcon_algebraic:prove:falcon_algebraic:pcs:op:extra_bases:spartan:grinding{bits=12}: bitz::piop::spartan::grinding: close time.busy=7.04µs time.idle=110ns
2026-10-07T19:58:52.750342Z  INFO falcon_algebraic:prove:falcon_algebraic:pcs:op:extra_bases:op:initial_messages: bitz::hybrid::opening::streamed: close time.busy=3.70ms time.idle=130ns
2026-10-07T19:58:52.750344Z  INFO falcon_algebraic:prove:falcon_algebraic:pcs:op:extra_bases: bitz::hybrid::opening: close time.busy=3.73ms time.idle=150ns
2026-10-07T19:58:52.750360Z  INFO falcon_algebraic:prove:falcon_algebraic:pcs:op:ligerito:lig:grind_pow{bits=20}:spartan:grinding{bits=12}: bitz::piop::spartan::grinding: close time.busy=9.10µs time.idle=130ns
2026-10-07T19:58:52.756961Z  INFO falcon_algebraic:prove:falcon_algebraic:pcs:op:ligerito:lig:grind_pow{bits=20 seed_lo=16375824786920364557 seed_hi=1983144282459121119 nonce=1785466}: bitz::ligerito_flock: close time.busy=6.61ms time.idle=181ns
2026-10-07T19:58:52.756973Z  INFO falcon_algebraic:prove:falcon_algebraic:pcs:op:ligerito:spartan:grinding{bits=12}: bitz::piop::spartan::grinding: close time.busy=8.79µs time.idle=110ns
2026-10-07T19:58:52.757014Z  INFO falcon_algebraic:prove:falcon_algebraic:pcs:op:ligerito:lig:grind_pow{bits=20}:spartan:grinding{bits=12}: bitz::piop::spartan::grinding: close time.busy=37.6µs time.idle=160ns
2026-10-07T19:58:52.762340Z  INFO falcon_algebraic:prove:falcon_algebraic:pcs:op:ligerito:lig:grind_pow{bits=20 seed_lo=14517310510578505501 seed_hi=6928831755814259526 nonce=1434179}: bitz::ligerito_flock: close time.busy=5.36ms time.idle=110ns
2026-10-07T19:58:52.762359Z  INFO falcon_algebraic:prove:falcon_algebraic:pcs:op:ligerito:spartan:grinding{bits=12}: bitz::piop::spartan::grinding: close time.busy=17.4µs time.idle=120ns
2026-10-07T19:58:52.763619Z  INFO falcon_algebraic:prove:falcon_algebraic:pcs:op:ligerito:op:deferred_first_fold: bitz::hybrid::opening::streamed: close time.busy=1.26ms time.idle=150ns
2026-10-07T19:58:52.763652Z  INFO falcon_algebraic:prove:falcon_algebraic:pcs:op:ligerito:lig:grind_pow{bits=20}:spartan:grinding{bits=12}: bitz::piop::spartan::grinding: close time.busy=28.9µs time.idle=250ns
2026-10-07T19:58:52.766411Z  INFO falcon_algebraic:prove:falcon_algebraic:pcs:op:ligerito:lig:grind_pow{bits=20 seed_lo=14441719486906525332 seed_hi=4887251053874519830 nonce=749449}: bitz::ligerito_flock: close time.busy=2.79ms time.idle=140ns
2026-10-07T19:58:52.766427Z  INFO falcon_algebraic:prove:falcon_algebraic:pcs:op:ligerito:spartan:grinding{bits=12}: bitz::piop::spartan::grinding: close time.busy=13.2µs time.idle=110ns
2026-10-07T19:58:52.766445Z  INFO falcon_algebraic:prove:falcon_algebraic:pcs:op:ligerito:lig:grind_pow{bits=20}:spartan:grinding{bits=12}: bitz::piop::spartan::grinding: close time.busy=14.7µs time.idle=170ns
2026-10-07T19:58:52.768810Z  INFO falcon_algebraic:prove:falcon_algebraic:pcs:op:ligerito:lig:grind_pow{bits=20 seed_lo=4040019448686371158 seed_hi=12007848838415722241 nonce=638779}: bitz::ligerito_flock: close time.busy=2.38ms time.idle=110ns
2026-10-07T19:58:52.768835Z  INFO falcon_algebraic:prove:falcon_algebraic:pcs:op:ligerito:spartan:grinding{bits=12}: bitz::piop::spartan::grinding: close time.busy=22.9µs time.idle=110ns
2026-10-07T19:58:52.769840Z  INFO falcon_algebraic:prove:falcon_algebraic:pcs:op:ligerito:lig:grind_pow{bits=11}:spartan:grinding{bits=12}: bitz::piop::spartan::grinding: close time.busy=25.1µs time.idle=110ns
2026-10-07T19:58:52.769849Z  INFO falcon_algebraic:prove:falcon_algebraic:pcs:op:ligerito:lig:grind_pow{bits=11 seed_lo=12168614032339833606 seed_hi=677864334761961363 nonce=1876}: bitz::ligerito_flock: close time.busy=35.3µs time.idle=132ns
2026-10-07T19:58:52.769875Z  INFO falcon_algebraic:prove:falcon_algebraic:pcs:op:ligerito:spartan:grinding{bits=12}: bitz::piop::spartan::grinding: close time.busy=24.1µs time.idle=110ns
2026-10-07T19:58:52.770843Z  INFO falcon_algebraic:prove:falcon_algebraic:pcs:op:ligerito:lig:grind_pow{bits=7}:spartan:grinding{bits=12}: bitz::piop::spartan::grinding: close time.busy=6.51µs time.idle=120ns
2026-10-07T19:58:52.770847Z  INFO falcon_algebraic:prove:falcon_algebraic:pcs:op:ligerito:lig:grind_pow{bits=7 seed_lo=12556229113317911125 seed_hi=6749826581381619231 nonce=24}: bitz::ligerito_flock: close time.busy=10.4µs time.idle=130ns
2026-10-07T19:58:52.770869Z  INFO falcon_algebraic:prove:falcon_algebraic:pcs:op:ligerito:spartan:grinding{bits=12}: bitz::piop::spartan::grinding: close time.busy=19.8µs time.idle=110ns
2026-10-07T19:58:52.770931Z  INFO falcon_algebraic:prove:falcon_algebraic:pcs:op:ligerito:lig:grind_pow{bits=19}:spartan:grinding{bits=12}: bitz::piop::spartan::grinding: close time.busy=22.3µs time.idle=150ns
2026-10-07T19:58:52.771431Z  INFO falcon_algebraic:prove:falcon_algebraic:pcs:op:ligerito:lig:grind_pow{bits=19 seed_lo=4999734546879186383 seed_hi=5642541635383918156 nonce=133341}: bitz::ligerito_flock: close time.busy=523µs time.idle=130ns
2026-10-07T19:58:52.771459Z  INFO falcon_algebraic:prove:falcon_algebraic:pcs:op:ligerito:spartan:grinding{bits=12}: bitz::piop::spartan::grinding: close time.busy=26.5µs time.idle=120ns
2026-10-07T19:58:52.771521Z  INFO falcon_algebraic:prove:falcon_algebraic:pcs:op:ligerito:lig:grind_pow{bits=19}:spartan:grinding{bits=12}: bitz::piop::spartan::grinding: close time.busy=31.6µs time.idle=111ns
2026-10-07T19:58:52.772581Z  INFO falcon_algebraic:prove:falcon_algebraic:pcs:op:ligerito:lig:grind_pow{bits=19 seed_lo=16120839933993617660 seed_hi=8845007109929095843 nonce=285668}: bitz::ligerito_flock: close time.busy=1.09ms time.idle=120ns
2026-10-07T19:58:52.772596Z  INFO falcon_algebraic:prove:falcon_algebraic:pcs:op:ligerito:spartan:grinding{bits=12}: bitz::piop::spartan::grinding: close time.busy=13.6µs time.idle=110ns
2026-10-07T19:58:52.772676Z  INFO falcon_algebraic:prove:falcon_algebraic:pcs:op:ligerito:lig:grind_pow{bits=19}:spartan:grinding{bits=12}: bitz::piop::spartan::grinding: close time.busy=62.2µs time.idle=120ns
2026-10-07T19:58:52.779993Z  INFO falcon_algebraic:prove:falcon_algebraic:pcs:op:ligerito:lig:grind_pow{bits=19 seed_lo=7533905475163248731 seed_hi=13331801534544350727 nonce=1978168}: bitz::ligerito_flock: close time.busy=7.38ms time.idle=121ns
2026-10-07T19:58:52.780009Z  INFO falcon_algebraic:prove:falcon_algebraic:pcs:op:ligerito:spartan:grinding{bits=12}: bitz::piop::spartan::grinding: close time.busy=14.8µs time.idle=110ns
2026-10-07T19:58:52.780220Z  INFO falcon_algebraic:prove:falcon_algebraic:pcs:op:ligerito:lig:grind_pow{bits=11}:spartan:grinding{bits=12}: bitz::piop::spartan::grinding: close time.busy=5.71µs time.idle=110ns
2026-10-07T19:58:52.780230Z  INFO falcon_algebraic:prove:falcon_algebraic:pcs:op:ligerito:lig:grind_pow{bits=11 seed_lo=13414360004935892538 seed_hi=13352016151955891289 nonce=1894}: bitz::ligerito_flock: close time.busy=16.1µs time.idle=120ns
2026-10-07T19:58:52.780240Z  INFO falcon_algebraic:prove:falcon_algebraic:pcs:op:ligerito:spartan:grinding{bits=12}: bitz::piop::spartan::grinding: close time.busy=8.14µs time.idle=111ns
2026-10-07T19:58:52.781223Z  INFO falcon_algebraic:prove:falcon_algebraic:pcs:op:ligerito:lig:grind_pow{bits=7}:spartan:grinding{bits=12}: bitz::piop::spartan::grinding: close time.busy=48.9µs time.idle=110ns
2026-10-07T19:58:52.781226Z  INFO falcon_algebraic:prove:falcon_algebraic:pcs:op:ligerito:lig:grind_pow{bits=7 seed_lo=14011323245469665233 seed_hi=10627610180640753093 nonce=87}: bitz::ligerito_flock: close time.busy=52.6µs time.idle=111ns
2026-10-07T19:58:52.781261Z  INFO falcon_algebraic:prove:falcon_algebraic:pcs:op:ligerito:spartan:grinding{bits=12}: bitz::piop::spartan::grinding: close time.busy=32.9µs time.idle=110ns
2026-10-07T19:58:52.781285Z  INFO falcon_algebraic:prove:falcon_algebraic:pcs:op:ligerito:lig:grind_pow{bits=17}:spartan:grinding{bits=12}: bitz::piop::spartan::grinding: close time.busy=16.6µs time.idle=111ns
2026-10-07T19:58:52.781317Z  INFO falcon_algebraic:prove:falcon_algebraic:pcs:op:ligerito:lig:grind_pow{bits=17 seed_lo=12040305675577541021 seed_hi=4448544093894922929 nonce=7149}: bitz::ligerito_flock: close time.busy=49.5µs time.idle=110ns
2026-10-07T19:58:52.781336Z  INFO falcon_algebraic:prove:falcon_algebraic:pcs:op:ligerito:spartan:grinding{bits=12}: bitz::piop::spartan::grinding: close time.busy=17.1µs time.idle=110ns
2026-10-07T19:58:52.781355Z  INFO falcon_algebraic:prove:falcon_algebraic:pcs:op:ligerito:lig:grind_pow{bits=17}:spartan:grinding{bits=12}: bitz::piop::spartan::grinding: close time.busy=9.42µs time.idle=110ns
2026-10-07T19:58:52.781378Z  INFO falcon_algebraic:prove:falcon_algebraic:pcs:op:ligerito:lig:grind_pow{bits=17 seed_lo=14594745866361555729 seed_hi=4481801811290485119 nonce=4584}: bitz::ligerito_flock: close time.busy=32.8µs time.idle=120ns
2026-10-07T19:58:52.781417Z  INFO falcon_algebraic:prove:falcon_algebraic:pcs:op:ligerito:spartan:grinding{bits=12}: bitz::piop::spartan::grinding: close time.busy=37.2µs time.idle=110ns
2026-10-07T19:58:52.781431Z  INFO falcon_algebraic:prove:falcon_algebraic:pcs:op:ligerito:lig:grind_pow{bits=17}:spartan:grinding{bits=12}: bitz::piop::spartan::grinding: close time.busy=8.07µs time.idle=90.0ns
2026-10-07T19:58:52.781553Z  INFO falcon_algebraic:prove:falcon_algebraic:pcs:op:ligerito:lig:grind_pow{bits=17 seed_lo=13300957292935261440 seed_hi=4548511347967446605 nonce=31400}: bitz::ligerito_flock: close time.busy=130µs time.idle=120ns
2026-10-07T19:58:52.781601Z  INFO falcon_algebraic:prove:falcon_algebraic:pcs:op:ligerito:spartan:grinding{bits=12}: bitz::piop::spartan::grinding: close time.busy=46.1µs time.idle=110ns
2026-10-07T19:58:52.781666Z  INFO falcon_algebraic:prove:falcon_algebraic:pcs:op:ligerito:lig:grind_pow{bits=11}:spartan:grinding{bits=12}: bitz::piop::spartan::grinding: close time.busy=17.5µs time.idle=110ns
2026-10-07T19:58:52.781677Z  INFO falcon_algebraic:prove:falcon_algebraic:pcs:op:ligerito:lig:grind_pow{bits=11 seed_lo=5054118974374254575 seed_hi=14981614931524400151 nonce=2654}: bitz::ligerito_flock: close time.busy=29.9µs time.idle=110ns
2026-10-07T19:58:52.781708Z  INFO falcon_algebraic:prove:falcon_algebraic:pcs:op:ligerito:spartan:grinding{bits=12}: bitz::piop::spartan::grinding: close time.busy=28.9µs time.idle=110ns
2026-10-07T19:58:52.781885Z  INFO falcon_algebraic:prove:falcon_algebraic:pcs:op:ligerito:lig:grind_pow{bits=7}:spartan:grinding{bits=12}: bitz::piop::spartan::grinding: close time.busy=7.96µs time.idle=110ns
2026-10-07T19:58:52.781889Z  INFO falcon_algebraic:prove:falcon_algebraic:pcs:op:ligerito:lig:grind_pow{bits=7 seed_lo=10782382566308342209 seed_hi=11179761202078984758 nonce=218}: bitz::ligerito_flock: close time.busy=12.1µs time.idle=120ns
2026-10-07T19:58:52.781897Z  INFO falcon_algebraic:prove:falcon_algebraic:pcs:op:ligerito:spartan:grinding{bits=12}: bitz::piop::spartan::grinding: close time.busy=6.26µs time.idle=110ns
2026-10-07T19:58:52.781909Z  INFO falcon_algebraic:prove:falcon_algebraic:pcs:op:ligerito:lig:grind_pow{bits=15}:spartan:grinding{bits=12}: bitz::piop::spartan::grinding: close time.busy=9.08µs time.idle=111ns
2026-10-07T19:58:52.782020Z  INFO falcon_algebraic:prove:falcon_algebraic:pcs:op:ligerito:lig:grind_pow{bits=15 seed_lo=1228380510673385658 seed_hi=4608945683697044113 nonce=28426}: bitz::ligerito_flock: close time.busy=120µs time.idle=110ns
2026-10-07T19:58:52.782029Z  INFO falcon_algebraic:prove:falcon_algebraic:pcs:op:ligerito:spartan:grinding{bits=12}: bitz::piop::spartan::grinding: close time.busy=7.35µs time.idle=110ns
2026-10-07T19:58:52.782037Z  INFO falcon_algebraic:prove:falcon_algebraic:pcs:op:ligerito:lig:grind_pow{bits=15}:spartan:grinding{bits=12}: bitz::piop::spartan::grinding: close time.busy=4.23µs time.idle=110ns
2026-10-07T19:58:52.782137Z  INFO falcon_algebraic:prove:falcon_algebraic:pcs:op:ligerito:lig:grind_pow{bits=15 seed_lo=15181336230616402119 seed_hi=7493050434602918546 nonce=25325}: bitz::ligerito_flock: close time.busy=106µs time.idle=122ns
2026-10-07T19:58:52.782148Z  INFO falcon_algebraic:prove:falcon_algebraic:pcs:op:ligerito:spartan:grinding{bits=12}: bitz::piop::spartan::grinding: close time.busy=8.35µs time.idle=110ns
2026-10-07T19:58:52.782163Z  INFO falcon_algebraic:prove:falcon_algebraic:pcs:op:ligerito:lig:grind_pow{bits=15}:spartan:grinding{bits=12}: bitz::piop::spartan::grinding: close time.busy=11.7µs time.idle=110ns
2026-10-07T19:58:52.782274Z  INFO falcon_algebraic:prove:falcon_algebraic:pcs:op:ligerito:lig:grind_pow{bits=15 seed_lo=7421790146636421713 seed_hi=16128424606281112580 nonce=28449}: bitz::ligerito_flock: close time.busy=124µs time.idle=110ns
2026-10-07T19:58:52.782288Z  INFO falcon_algebraic:prove:falcon_algebraic:pcs:op:ligerito:spartan:grinding{bits=12}: bitz::piop::spartan::grinding: close time.busy=11.1µs time.idle=111ns
2026-10-07T19:58:52.782298Z  INFO falcon_algebraic:prove:falcon_algebraic:pcs:op:ligerito:lig:grind_pow{bits=11}:spartan:grinding{bits=12}: bitz::piop::spartan::grinding: close time.busy=4.77µs time.idle=110ns
2026-10-07T19:58:52.782302Z  INFO falcon_algebraic:prove:falcon_algebraic:pcs:op:ligerito:lig:grind_pow{bits=11 seed_lo=14005453541847172307 seed_hi=3880069313824445422 nonce=567}: bitz::ligerito_flock: close time.busy=9.95µs time.idle=121ns
2026-10-07T19:58:52.782310Z  INFO falcon_algebraic:prove:falcon_algebraic:pcs:op:ligerito:spartan:grinding{bits=12}: bitz::piop::spartan::grinding: close time.busy=6.56µs time.idle=110ns
2026-10-07T19:58:52.782387Z  INFO falcon_algebraic:prove:falcon_algebraic:pcs:op:ligerito: bitz::hybrid::opening: close time.busy=32.0ms time.idle=162ns
2026-10-07T19:58:52.782390Z  INFO falcon_algebraic:prove:falcon_algebraic:pcs: bitz::piop::spartan::falcon512_algebraic::protocol: close time.busy=39.2ms time.idle=150ns
2026-10-07T19:58:52.782849Z  INFO falcon_algebraic:prove: bitz::piop::spartan::falcon512_algebraic::protocol: close time.busy=345ms time.idle=200ns
2026-10-07T19:58:52.799653Z  INFO falcon_algebraic:verify:falcon_algebraic_ring:verify:falcon_algebraic_ring:coordinates: bitz::piop::spartan::falcon512_algebraic::ring: close time.busy=8.83ms time.idle=170ns
2026-10-07T19:58:52.818434Z  INFO falcon_algebraic:verify:falcon_algebraic_ring:verify:falcon_algebraic_ring:collapse: bitz::piop::spartan::falcon512_algebraic::ring: close time.busy=18.8ms time.idle=110ns
2026-10-07T19:58:52.818437Z  INFO falcon_algebraic:verify:falcon_algebraic_ring:verify: bitz::piop::spartan::falcon512_algebraic::ring: close time.busy=27.9ms time.idle=180ns
2026-10-07T19:58:52.818464Z  INFO falcon_algebraic:verify:spartan:round_grinding_verify: bitz::sumcheck::boundary: close time.busy=902ns time.idle=130ns
2026-10-07T19:58:52.818469Z  INFO falcon_algebraic:verify:spartan:round_grinding_verify: bitz::sumcheck::boundary: close time.busy=822ns time.idle=110ns
2026-10-07T19:58:52.818472Z  INFO falcon_algebraic:verify:spartan:round_grinding_verify: bitz::sumcheck::boundary: close time.busy=892ns time.idle=100ns
2026-10-07T19:58:52.818477Z  INFO falcon_algebraic:verify:spartan:round_grinding_verify: bitz::sumcheck::boundary: close time.busy=861ns time.idle=110ns
2026-10-07T19:58:52.818481Z  INFO falcon_algebraic:verify:spartan:round_grinding_verify: bitz::sumcheck::boundary: close time.busy=711ns time.idle=111ns
2026-10-07T19:58:52.818486Z  INFO falcon_algebraic:verify:spartan:round_grinding_verify: bitz::sumcheck::boundary: close time.busy=782ns time.idle=110ns
2026-10-07T19:58:52.818490Z  INFO falcon_algebraic:verify:spartan:round_grinding_verify: bitz::sumcheck::boundary: close time.busy=802ns time.idle=110ns
2026-10-07T19:58:52.818494Z  INFO falcon_algebraic:verify:spartan:round_grinding_verify: bitz::sumcheck::boundary: close time.busy=902ns time.idle=110ns
2026-10-07T19:58:52.818498Z  INFO falcon_algebraic:verify:spartan:round_grinding_verify: bitz::sumcheck::boundary: close time.busy=872ns time.idle=100ns
2026-10-07T19:58:52.818503Z  INFO falcon_algebraic:verify:spartan:round_grinding_verify: bitz::sumcheck::boundary: close time.busy=762ns time.idle=110ns
2026-10-07T19:58:52.818508Z  INFO falcon_algebraic:verify:spartan:round_grinding_verify: bitz::sumcheck::boundary: close time.busy=871ns time.idle=90.0ns
2026-10-07T19:58:52.818512Z  INFO falcon_algebraic:verify:spartan:round_grinding_verify: bitz::sumcheck::boundary: close time.busy=801ns time.idle=111ns
2026-10-07T19:58:52.818515Z  INFO falcon_algebraic:verify:spartan:round_grinding_verify: bitz::sumcheck::boundary: close time.busy=911ns time.idle=121ns
2026-10-07T19:58:52.818522Z  INFO falcon_algebraic:verify:spartan:round_grinding_verify: bitz::sumcheck::boundary: close time.busy=942ns time.idle=100ns
2026-10-07T19:58:52.818527Z  INFO falcon_algebraic:verify:spartan:round_grinding_verify: bitz::sumcheck::boundary: close time.busy=701ns time.idle=120ns
2026-10-07T19:58:52.818531Z  INFO falcon_algebraic:verify:spartan:round_grinding_verify: bitz::sumcheck::boundary: close time.busy=782ns time.idle=110ns
2026-10-07T19:58:52.818535Z  INFO falcon_algebraic:verify:spartan:round_grinding_verify: bitz::sumcheck::boundary: close time.busy=902ns time.idle=90.0ns
2026-10-07T19:58:52.818540Z  INFO falcon_algebraic:verify:spartan:round_grinding_verify: bitz::sumcheck::boundary: close time.busy=762ns time.idle=110ns
2026-10-07T19:58:52.818545Z  INFO falcon_algebraic:verify:spartan:round_grinding_verify: bitz::sumcheck::boundary: close time.busy=851ns time.idle=110ns
2026-10-07T19:58:52.828147Z  INFO falcon_algebraic:verify:spartan:round_grinding_verify: bitz::sumcheck::boundary: close time.busy=1.08µs time.idle=150ns
2026-10-07T19:58:52.828152Z  INFO falcon_algebraic:verify:spartan:round_grinding_verify: bitz::sumcheck::boundary: close time.busy=822ns time.idle=130ns
2026-10-07T19:58:52.828156Z  INFO falcon_algebraic:verify:spartan:round_grinding_verify: bitz::sumcheck::boundary: close time.busy=802ns time.idle=120ns
2026-10-07T19:58:52.828159Z  INFO falcon_algebraic:verify:spartan:round_grinding_verify: bitz::sumcheck::boundary: close time.busy=802ns time.idle=130ns
2026-10-07T19:58:52.828163Z  INFO falcon_algebraic:verify:spartan:round_grinding_verify: bitz::sumcheck::boundary: close time.busy=862ns time.idle=110ns
2026-10-07T19:58:52.828168Z  INFO falcon_algebraic:verify:spartan:round_grinding_verify: bitz::sumcheck::boundary: close time.busy=1.18µs time.idle=110ns
2026-10-07T19:58:52.828171Z  INFO falcon_algebraic:verify:spartan:round_grinding_verify: bitz::sumcheck::boundary: close time.busy=802ns time.idle=110ns
2026-10-07T19:58:52.828175Z  INFO falcon_algebraic:verify:spartan:round_grinding_verify: bitz::sumcheck::boundary: close time.busy=872ns time.idle=100ns
2026-10-07T19:58:52.828178Z  INFO falcon_algebraic:verify:spartan:round_grinding_verify: bitz::sumcheck::boundary: close time.busy=872ns time.idle=140ns
2026-10-07T19:58:52.828185Z  INFO falcon_algebraic:verify:spartan:round_grinding_verify: bitz::sumcheck::boundary: close time.busy=871ns time.idle=121ns
2026-10-07T19:58:52.828188Z  INFO falcon_algebraic:verify:spartan:round_grinding_verify: bitz::sumcheck::boundary: close time.busy=912ns time.idle=100ns
2026-10-07T19:58:52.828192Z  INFO falcon_algebraic:verify:spartan:round_grinding_verify: bitz::sumcheck::boundary: close time.busy=932ns time.idle=110ns
2026-10-07T19:58:52.828195Z  INFO falcon_algebraic:verify:spartan:round_grinding_verify: bitz::sumcheck::boundary: close time.busy=851ns time.idle=100ns
2026-10-07T19:58:52.828200Z  INFO falcon_algebraic:verify:spartan:round_grinding_verify: bitz::sumcheck::boundary: close time.busy=922ns time.idle=100ns
2026-10-07T19:58:52.828205Z  INFO falcon_algebraic:verify:spartan:round_grinding_verify: bitz::sumcheck::boundary: close time.busy=881ns time.idle=110ns
2026-10-07T19:58:52.828208Z  INFO falcon_algebraic:verify:spartan:round_grinding_verify: bitz::sumcheck::boundary: close time.busy=882ns time.idle=110ns
2026-10-07T19:58:52.828212Z  INFO falcon_algebraic:verify:spartan:round_grinding_verify: bitz::sumcheck::boundary: close time.busy=861ns time.idle=120ns
2026-10-07T19:58:52.828215Z  INFO falcon_algebraic:verify:spartan:round_grinding_verify: bitz::sumcheck::boundary: close time.busy=942ns time.idle=100ns
2026-10-07T19:58:52.828221Z  INFO falcon_algebraic:verify:spartan:round_grinding_verify: bitz::sumcheck::boundary: close time.busy=1.13µs time.idle=120ns
2026-10-07T19:58:52.828224Z  INFO falcon_algebraic:verify:spartan:round_grinding_verify: bitz::sumcheck::boundary: close time.busy=631ns time.idle=110ns
2026-10-07T19:58:52.828227Z  INFO falcon_algebraic:verify:spartan:round_grinding_verify: bitz::sumcheck::boundary: close time.busy=702ns time.idle=100ns
2026-10-07T19:58:52.828230Z  INFO falcon_algebraic:verify:spartan:round_grinding_verify: bitz::sumcheck::boundary: close time.busy=651ns time.idle=111ns
2026-10-07T19:58:52.828233Z  INFO falcon_algebraic:verify:spartan:round_grinding_verify: bitz::sumcheck::boundary: close time.busy=661ns time.idle=110ns
2026-10-07T19:58:52.828236Z  INFO falcon_algebraic:verify:spartan:round_grinding_verify: bitz::sumcheck::boundary: close time.busy=632ns time.idle=100ns
2026-10-07T19:58:52.835500Z  INFO falcon_algebraic:verify:spartan:round_grinding_verify: bitz::sumcheck::boundary: close time.busy=1.05µs time.idle=141ns
2026-10-07T19:58:52.835503Z  INFO falcon_algebraic:verify:spartan:round_grinding_verify: bitz::sumcheck::boundary: close time.busy=1.04µs time.idle=110ns
2026-10-07T19:58:52.835506Z  INFO falcon_algebraic:verify:spartan:round_grinding_verify: bitz::sumcheck::boundary: close time.busy=971ns time.idle=112ns
2026-10-07T19:58:52.835509Z  INFO falcon_algebraic:verify:spartan:round_grinding_verify: bitz::sumcheck::boundary: close time.busy=942ns time.idle=110ns
2026-10-07T19:58:52.835512Z  INFO falcon_algebraic:verify:spartan:round_grinding_verify: bitz::sumcheck::boundary: close time.busy=1.17µs time.idle=120ns
2026-10-07T19:58:52.835514Z  INFO falcon_algebraic:verify:spartan:round_grinding_verify: bitz::sumcheck::boundary: close time.busy=952ns time.idle=110ns
2026-10-07T19:58:52.835517Z  INFO falcon_algebraic:verify:spartan:round_grinding_verify: bitz::sumcheck::boundary: close time.busy=932ns time.idle=110ns
2026-10-07T19:58:52.835520Z  INFO falcon_algebraic:verify:spartan:round_grinding_verify: bitz::sumcheck::boundary: close time.busy=932ns time.idle=100ns
2026-10-07T19:58:52.835522Z  INFO falcon_algebraic:verify:spartan:round_grinding_verify: bitz::sumcheck::boundary: close time.busy=1.01µs time.idle=110ns
2026-10-07T19:58:52.835525Z  INFO falcon_algebraic:verify:spartan:round_grinding_verify: bitz::sumcheck::boundary: close time.busy=1.00µs time.idle=100ns
2026-10-07T19:58:52.835528Z  INFO falcon_algebraic:verify:spartan:round_grinding_verify: bitz::sumcheck::boundary: close time.busy=1.05µs time.idle=100ns
2026-10-07T19:58:52.835531Z  INFO falcon_algebraic:verify:spartan:round_grinding_verify: bitz::sumcheck::boundary: close time.busy=982ns time.idle=110ns
2026-10-07T19:58:52.835533Z  INFO falcon_algebraic:verify:spartan:round_grinding_verify: bitz::sumcheck::boundary: close time.busy=952ns time.idle=110ns
2026-10-07T19:58:52.835536Z  INFO falcon_algebraic:verify:spartan:round_grinding_verify: bitz::sumcheck::boundary: close time.busy=1.03µs time.idle=100ns
2026-10-07T19:58:52.835539Z  INFO falcon_algebraic:verify:spartan:round_grinding_verify: bitz::sumcheck::boundary: close time.busy=1.10µs time.idle=110ns
2026-10-07T19:58:52.835542Z  INFO falcon_algebraic:verify:spartan:round_grinding_verify: bitz::sumcheck::boundary: close time.busy=1.09µs time.idle=111ns
2026-10-07T19:58:52.835544Z  INFO falcon_algebraic:verify:spartan:round_grinding_verify: bitz::sumcheck::boundary: close time.busy=1.09µs time.idle=100ns
2026-10-07T19:58:52.835547Z  INFO falcon_algebraic:verify:spartan:round_grinding_verify: bitz::sumcheck::boundary: close time.busy=1.16µs time.idle=110ns
2026-10-07T19:58:52.835550Z  INFO falcon_algebraic:verify:spartan:round_grinding_verify: bitz::sumcheck::boundary: close time.busy=912ns time.idle=110ns
2026-10-07T19:58:52.835552Z  INFO falcon_algebraic:verify:spartan:round_grinding_verify: bitz::sumcheck::boundary: close time.busy=932ns time.idle=100ns
2026-10-07T19:58:52.835555Z  INFO falcon_algebraic:verify:spartan:round_grinding_verify: bitz::sumcheck::boundary: close time.busy=982ns time.idle=110ns
2026-10-07T19:58:52.835558Z  INFO falcon_algebraic:verify:spartan:round_grinding_verify: bitz::sumcheck::boundary: close time.busy=952ns time.idle=110ns
2026-10-07T19:58:52.835561Z  INFO falcon_algebraic:verify:spartan:round_grinding_verify: bitz::sumcheck::boundary: close time.busy=961ns time.idle=112ns
2026-10-07T19:58:52.835564Z  INFO falcon_algebraic:verify:spartan:round_grinding_verify: bitz::sumcheck::boundary: close time.busy=1.09µs time.idle=100ns
2026-10-07T19:58:52.835567Z  INFO falcon_algebraic:verify:spartan:round_grinding_verify: bitz::sumcheck::boundary: close time.busy=1.00µs time.idle=110ns
2026-10-07T19:58:52.837844Z  INFO falcon_algebraic:verify: bitz::piop::spartan::falcon512_algebraic::protocol: close time.busy=54.9ms time.idle=180ns
2026-10-07T19:58:52.870282Z  INFO falcon_algebraic:commit:falcon_algebraic:witness: bitz::piop::spartan::falcon512_algebraic::protocol: close time.busy=32.1ms time.idle=230ns
2026-10-07T19:58:52.899597Z  INFO falcon_algebraic:commit:shared_source:encode: bitz::hybrid::opening: close time.busy=1.56ms time.idle=150ns
2026-10-07T19:58:52.900572Z  INFO falcon_algebraic:commit:shared_source:merkle: bitz::hybrid::opening: close time.busy=973µs time.idle=140ns
2026-10-07T19:58:52.900573Z  INFO falcon_algebraic:commit: bitz::piop::spartan::falcon512_algebraic::protocol: close time.busy=62.5ms time.idle=201ns
2026-10-07T19:58:52.917981Z  INFO falcon_algebraic:prove:falcon_algebraic:ring:falcon_algebraic_ring:prove:falcon_algebraic_ring:coordinates: bitz::piop::spartan::falcon512_algebraic::ring: close time.busy=8.82ms time.idle=281ns
2026-10-07T19:58:52.918774Z  INFO falcon_algebraic:prove:falcon_algebraic:ring:falcon_algebraic_ring:prove:spartan:grinding{bits=11}: bitz::piop::spartan::grinding: close time.busy=8.42µs time.idle=160ns
2026-10-07T19:58:52.937303Z  INFO falcon_algebraic:prove:falcon_algebraic:ring:falcon_algebraic_ring:prove:falcon_algebraic_ring:collapse: bitz::piop::spartan::falcon512_algebraic::ring: close time.busy=18.5ms time.idle=150ns
2026-10-07T19:58:52.937305Z  INFO falcon_algebraic:prove:falcon_algebraic:ring:falcon_algebraic_ring:prove: bitz::piop::spartan::falcon512_algebraic::ring: close time.busy=29.1ms time.idle=170ns
2026-10-07T19:58:52.937306Z  INFO falcon_algebraic:prove:falcon_algebraic:ring: bitz::piop::spartan::falcon512_algebraic::protocol: close time.busy=29.1ms time.idle=150ns
2026-10-07T19:58:52.937314Z  INFO falcon_algebraic:prove:falcon_algebraic:arithmetic:falcon_algebraic:norm:spartan:grinding{bits=11}: bitz::piop::spartan::grinding: close time.busy=5.61µs time.idle=110ns
2026-10-07T19:58:52.966575Z  INFO falcon_algebraic:prove:falcon_algebraic:arithmetic:falcon_algebraic:norm:spartan:round_grinding_prove:spartan:grinding{bits=14}: bitz::piop::spartan::grinding: close time.busy=22.5µs time.idle=150ns
2026-10-07T19:58:52.966578Z  INFO falcon_algebraic:prove:falcon_algebraic:arithmetic:falcon_algebraic:norm:spartan:round_grinding_prove: bitz::sumcheck::boundary: close time.busy=26.1µs time.idle=160ns
2026-10-07T19:58:52.977459Z  INFO falcon_algebraic:prove:falcon_algebraic:arithmetic:falcon_algebraic:norm:spartan:round_grinding_prove:spartan:grinding{bits=14}: bitz::piop::spartan::grinding: close time.busy=164µs time.idle=120ns
2026-10-07T19:58:52.977461Z  INFO falcon_algebraic:prove:falcon_algebraic:arithmetic:falcon_algebraic:norm:spartan:round_grinding_prove: bitz::sumcheck::boundary: close time.busy=167µs time.idle=150ns
2026-10-07T19:58:52.982635Z  INFO falcon_algebraic:prove:falcon_algebraic:arithmetic:falcon_algebraic:norm:spartan:round_grinding_prove:spartan:grinding{bits=14}: bitz::piop::spartan::grinding: close time.busy=39.6µs time.idle=110ns
2026-10-07T19:58:52.982638Z  INFO falcon_algebraic:prove:falcon_algebraic:arithmetic:falcon_algebraic:norm:spartan:round_grinding_prove: bitz::sumcheck::boundary: close time.busy=42.5µs time.idle=130ns
2026-10-07T19:58:52.985176Z  INFO falcon_algebraic:prove:falcon_algebraic:arithmetic:falcon_algebraic:norm:spartan:round_grinding_prove:spartan:grinding{bits=14}: bitz::piop::spartan::grinding: close time.busy=19.3µs time.idle=120ns
2026-10-07T19:58:52.985178Z  INFO falcon_algebraic:prove:falcon_algebraic:arithmetic:falcon_algebraic:norm:spartan:round_grinding_prove: bitz::sumcheck::boundary: close time.busy=21.9µs time.idle=131ns
2026-10-07T19:58:52.986548Z  INFO falcon_algebraic:prove:falcon_algebraic:arithmetic:falcon_algebraic:norm:spartan:round_grinding_prove:spartan:grinding{bits=14}: bitz::piop::spartan::grinding: close time.busy=111µs time.idle=120ns
2026-10-07T19:58:52.986549Z  INFO falcon_algebraic:prove:falcon_algebraic:arithmetic:falcon_algebraic:norm:spartan:round_grinding_prove: bitz::sumcheck::boundary: close time.busy=114µs time.idle=120ns
2026-10-07T19:58:52.987197Z  INFO falcon_algebraic:prove:falcon_algebraic:arithmetic:falcon_algebraic:norm:spartan:round_grinding_prove:spartan:grinding{bits=14}: bitz::piop::spartan::grinding: close time.busy=12.2µs time.idle=110ns
2026-10-07T19:58:52.987198Z  INFO falcon_algebraic:prove:falcon_algebraic:arithmetic:falcon_algebraic:norm:spartan:round_grinding_prove: bitz::sumcheck::boundary: close time.busy=14.3µs time.idle=110ns
2026-10-07T19:58:52.987561Z  INFO falcon_algebraic:prove:falcon_algebraic:arithmetic:falcon_algebraic:norm:spartan:round_grinding_prove:spartan:grinding{bits=14}: bitz::piop::spartan::grinding: close time.busy=44.5µs time.idle=110ns
2026-10-07T19:58:52.987563Z  INFO falcon_algebraic:prove:falcon_algebraic:arithmetic:falcon_algebraic:norm:spartan:round_grinding_prove: bitz::sumcheck::boundary: close time.busy=46.5µs time.idle=110ns
2026-10-07T19:58:52.987742Z  INFO falcon_algebraic:prove:falcon_algebraic:arithmetic:falcon_algebraic:norm:spartan:round_grinding_prove:spartan:grinding{bits=14}: bitz::piop::spartan::grinding: close time.busy=15.6µs time.idle=110ns
2026-10-07T19:58:52.987744Z  INFO falcon_algebraic:prove:falcon_algebraic:arithmetic:falcon_algebraic:norm:spartan:round_grinding_prove: bitz::sumcheck::boundary: close time.busy=17.7µs time.idle=110ns
2026-10-07T19:58:52.987835Z  INFO falcon_algebraic:prove:falcon_algebraic:arithmetic:falcon_algebraic:norm:spartan:round_grinding_prove:spartan:grinding{bits=14}: bitz::piop::spartan::grinding: close time.busy=6.03µs time.idle=110ns
2026-10-07T19:58:52.987836Z  INFO falcon_algebraic:prove:falcon_algebraic:arithmetic:falcon_algebraic:norm:spartan:round_grinding_prove: bitz::sumcheck::boundary: close time.busy=8.17µs time.idle=110ns
2026-10-07T19:58:52.987947Z  INFO falcon_algebraic:prove:falcon_algebraic:arithmetic:falcon_algebraic:norm:spartan:round_grinding_prove:spartan:grinding{bits=14}: bitz::piop::spartan::grinding: close time.busy=61.0µs time.idle=110ns
2026-10-07T19:58:52.987948Z  INFO falcon_algebraic:prove:falcon_algebraic:arithmetic:falcon_algebraic:norm:spartan:round_grinding_prove: bitz::sumcheck::boundary: close time.busy=62.9µs time.idle=110ns
2026-10-07T19:58:52.987982Z  INFO falcon_algebraic:prove:falcon_algebraic:arithmetic:falcon_algebraic:norm:spartan:round_grinding_prove:spartan:grinding{bits=14}: bitz::piop::spartan::grinding: close time.busy=5.80µs time.idle=101ns
2026-10-07T19:58:52.987983Z  INFO falcon_algebraic:prove:falcon_algebraic:arithmetic:falcon_algebraic:norm:spartan:round_grinding_prove: bitz::sumcheck::boundary: close time.busy=7.88µs time.idle=100ns
2026-10-07T19:58:52.988035Z  INFO falcon_algebraic:prove:falcon_algebraic:arithmetic:falcon_algebraic:norm:spartan:round_grinding_prove:spartan:grinding{bits=14}: bitz::piop::spartan::grinding: close time.busy=33.9µs time.idle=110ns
2026-10-07T19:58:52.988036Z  INFO falcon_algebraic:prove:falcon_algebraic:arithmetic:falcon_algebraic:norm:spartan:round_grinding_prove: bitz::sumcheck::boundary: close time.busy=36.3µs time.idle=100ns
2026-10-07T19:58:52.988063Z  INFO falcon_algebraic:prove:falcon_algebraic:arithmetic:falcon_algebraic:norm:spartan:round_grinding_prove:spartan:grinding{bits=14}: bitz::piop::spartan::grinding: close time.busy=13.5µs time.idle=100ns
2026-10-07T19:58:52.988065Z  INFO falcon_algebraic:prove:falcon_algebraic:arithmetic:falcon_algebraic:norm:spartan:round_grinding_prove: bitz::sumcheck::boundary: close time.busy=15.6µs time.idle=121ns
2026-10-07T19:58:52.988089Z  INFO falcon_algebraic:prove:falcon_algebraic:arithmetic:falcon_algebraic:norm:spartan:round_grinding_prove:spartan:grinding{bits=14}: bitz::piop::spartan::grinding: close time.busy=12.7µs time.idle=100ns
2026-10-07T19:58:52.988091Z  INFO falcon_algebraic:prove:falcon_algebraic:arithmetic:falcon_algebraic:norm:spartan:round_grinding_prove: bitz::sumcheck::boundary: close time.busy=15.3µs time.idle=110ns
2026-10-07T19:58:52.988109Z  INFO falcon_algebraic:prove:falcon_algebraic:arithmetic:falcon_algebraic:norm:spartan:round_grinding_prove:spartan:grinding{bits=14}: bitz::piop::spartan::grinding: close time.busy=7.93µs time.idle=90.0ns
2026-10-07T19:58:52.988110Z  INFO falcon_algebraic:prove:falcon_algebraic:arithmetic:falcon_algebraic:norm:spartan:round_grinding_prove: bitz::sumcheck::boundary: close time.busy=10.1µs time.idle=100ns
2026-10-07T19:58:52.988162Z  INFO falcon_algebraic:prove:falcon_algebraic:arithmetic:falcon_algebraic:norm:spartan:round_grinding_prove:spartan:grinding{bits=14}: bitz::piop::spartan::grinding: close time.busy=43.5µs time.idle=90.0ns
2026-10-07T19:58:52.988163Z  INFO falcon_algebraic:prove:falcon_algebraic:arithmetic:falcon_algebraic:norm:spartan:round_grinding_prove: bitz::sumcheck::boundary: close time.busy=45.5µs time.idle=100ns
2026-10-07T19:58:52.988214Z  INFO falcon_algebraic:prove:falcon_algebraic:arithmetic:falcon_algebraic:norm:spartan:round_grinding_prove:spartan:grinding{bits=14}: bitz::piop::spartan::grinding: close time.busy=42.1µs time.idle=110ns
2026-10-07T19:58:52.988215Z  INFO falcon_algebraic:prove:falcon_algebraic:arithmetic:falcon_algebraic:norm:spartan:round_grinding_prove: bitz::sumcheck::boundary: close time.busy=44.3µs time.idle=130ns
2026-10-07T19:58:52.988234Z  INFO falcon_algebraic:prove:falcon_algebraic:arithmetic:falcon_algebraic:norm:spartan:round_grinding_prove:spartan:grinding{bits=14}: bitz::piop::spartan::grinding: close time.busy=9.72µs time.idle=100ns
2026-10-07T19:58:52.988236Z  INFO falcon_algebraic:prove:falcon_algebraic:arithmetic:falcon_algebraic:norm:spartan:round_grinding_prove: bitz::sumcheck::boundary: close time.busy=11.8µs time.idle=100ns
2026-10-07T19:58:52.988280Z  INFO falcon_algebraic:prove:falcon_algebraic:arithmetic:falcon_algebraic:norm:spartan:round_grinding_prove:spartan:grinding{bits=14}: bitz::piop::spartan::grinding: close time.busy=35.4µs time.idle=100ns
2026-10-07T19:58:52.988281Z  INFO falcon_algebraic:prove:falcon_algebraic:arithmetic:falcon_algebraic:norm:spartan:round_grinding_prove: bitz::sumcheck::boundary: close time.busy=37.4µs time.idle=120ns
2026-10-07T19:58:52.988289Z  INFO falcon_algebraic:prove:falcon_algebraic:arithmetic:falcon_algebraic:norm: bitz::piop::spartan::falcon512_algebraic::arithmetic: close time.busy=51.0ms time.idle=161ns
2026-10-07T19:58:52.988292Z  INFO falcon_algebraic:prove:falcon_algebraic:arithmetic:falcon_algebraic:binding:spartan:grinding{bits=10}: bitz::piop::spartan::grinding: close time.busy=822ns time.idle=100ns
2026-10-07T19:58:53.034420Z  INFO falcon_algebraic:prove:falcon_algebraic:arithmetic:falcon_algebraic:binding:inner_packed:prefix_accumulators: bitz::sumcheck::inner::packed::state: close time.busy=37.2ms time.idle=160ns
2026-10-07T19:58:53.034428Z  INFO falcon_algebraic:prove:falcon_algebraic:arithmetic:falcon_algebraic:binding:spartan:round_grinding_prove:spartan:grinding{bits=13}: bitz::piop::spartan::grinding: close time.busy=2.10µs time.idle=120ns
2026-10-07T19:58:53.034429Z  INFO falcon_algebraic:prove:falcon_algebraic:arithmetic:falcon_algebraic:binding:spartan:round_grinding_prove: bitz::sumcheck::boundary: close time.busy=4.82µs time.idle=140ns
2026-10-07T19:58:53.034453Z  INFO falcon_algebraic:prove:falcon_algebraic:arithmetic:falcon_algebraic:binding:spartan:round_grinding_prove:spartan:grinding{bits=13}: bitz::piop::spartan::grinding: close time.busy=19.2µs time.idle=110ns
2026-10-07T19:58:53.034455Z  INFO falcon_algebraic:prove:falcon_algebraic:arithmetic:falcon_algebraic:binding:spartan:round_grinding_prove: bitz::sumcheck::boundary: close time.busy=21.4µs time.idle=120ns
2026-10-07T19:58:53.034466Z  INFO falcon_algebraic:prove:falcon_algebraic:arithmetic:falcon_algebraic:binding:spartan:round_grinding_prove:spartan:grinding{bits=13}: bitz::piop::spartan::grinding: close time.busy=7.21µs time.idle=111ns
2026-10-07T19:58:53.034469Z  INFO falcon_algebraic:prove:falcon_algebraic:arithmetic:falcon_algebraic:binding:spartan:round_grinding_prove: bitz::sumcheck::boundary: close time.busy=10.8µs time.idle=130ns
2026-10-07T19:58:53.076046Z  INFO falcon_algebraic:prove:falcon_algebraic:arithmetic:falcon_algebraic:binding:inner_packed:prepare_tail: bitz::sumcheck::inner::packed::state: close time.busy=41.6ms time.idle=300ns
2026-10-07T19:58:53.076068Z  INFO falcon_algebraic:prove:falcon_algebraic:arithmetic:falcon_algebraic:binding:spartan:round_grinding_prove:spartan:grinding{bits=13}: bitz::piop::spartan::grinding: close time.busy=16.0µs time.idle=141ns
2026-10-07T19:58:53.076069Z  INFO falcon_algebraic:prove:falcon_algebraic:arithmetic:falcon_algebraic:binding:spartan:round_grinding_prove: bitz::sumcheck::boundary: close time.busy=18.5µs time.idle=231ns
2026-10-07T19:58:53.099210Z  INFO falcon_algebraic:prove:falcon_algebraic:arithmetic:falcon_algebraic:binding:inner_packed:fold_tail{round=3}: bitz::sumcheck::inner::packed::state: close time.busy=23.1ms time.idle=130ns
2026-10-07T19:58:53.099249Z  INFO falcon_algebraic:prove:falcon_algebraic:arithmetic:falcon_algebraic:binding:spartan:round_grinding_prove:spartan:grinding{bits=13}: bitz::piop::spartan::grinding: close time.busy=34.9µs time.idle=130ns
2026-10-07T19:58:53.099251Z  INFO falcon_algebraic:prove:falcon_algebraic:arithmetic:falcon_algebraic:binding:spartan:round_grinding_prove: bitz::sumcheck::boundary: close time.busy=37.9µs time.idle=120ns
2026-10-07T19:58:53.109108Z  INFO falcon_algebraic:prove:falcon_algebraic:arithmetic:falcon_algebraic:binding:inner_packed:fold_tail{round=4}: bitz::sumcheck::inner::packed::state: close time.busy=9.85ms time.idle=210ns
2026-10-07T19:58:53.109129Z  INFO falcon_algebraic:prove:falcon_algebraic:arithmetic:falcon_algebraic:binding:spartan:round_grinding_prove:spartan:grinding{bits=13}: bitz::piop::spartan::grinding: close time.busy=17.4µs time.idle=152ns
2026-10-07T19:58:53.109130Z  INFO falcon_algebraic:prove:falcon_algebraic:arithmetic:falcon_algebraic:binding:spartan:round_grinding_prove: bitz::sumcheck::boundary: close time.busy=20.0µs time.idle=110ns
2026-10-07T19:58:53.114073Z  INFO falcon_algebraic:prove:falcon_algebraic:arithmetic:falcon_algebraic:binding:inner_packed:fold_tail{round=5}: bitz::sumcheck::inner::packed::state: close time.busy=4.94ms time.idle=120ns
2026-10-07T19:58:53.114101Z  INFO falcon_algebraic:prove:falcon_algebraic:arithmetic:falcon_algebraic:binding:spartan:round_grinding_prove:spartan:grinding{bits=13}: bitz::piop::spartan::grinding: close time.busy=25.4µs time.idle=121ns
2026-10-07T19:58:53.114102Z  INFO falcon_algebraic:prove:falcon_algebraic:arithmetic:falcon_algebraic:binding:spartan:round_grinding_prove: bitz::sumcheck::boundary: close time.busy=27.5µs time.idle=120ns
2026-10-07T19:58:53.117061Z  INFO falcon_algebraic:prove:falcon_algebraic:arithmetic:falcon_algebraic:binding:inner_packed:fold_tail{round=6}: bitz::sumcheck::inner::packed::state: close time.busy=2.96ms time.idle=130ns
2026-10-07T19:58:53.117104Z  INFO falcon_algebraic:prove:falcon_algebraic:arithmetic:falcon_algebraic:binding:spartan:round_grinding_prove:spartan:grinding{bits=13}: bitz::piop::spartan::grinding: close time.busy=39.8µs time.idle=131ns
2026-10-07T19:58:53.117106Z  INFO falcon_algebraic:prove:falcon_algebraic:arithmetic:falcon_algebraic:binding:spartan:round_grinding_prove: bitz::sumcheck::boundary: close time.busy=42.1µs time.idle=120ns
2026-10-07T19:58:53.118370Z  INFO falcon_algebraic:prove:falcon_algebraic:arithmetic:falcon_algebraic:binding:inner_packed:fold_tail{round=7}: bitz::sumcheck::inner::packed::state: close time.busy=1.26ms time.idle=110ns
2026-10-07T19:58:53.118436Z  INFO falcon_algebraic:prove:falcon_algebraic:arithmetic:falcon_algebraic:binding:spartan:round_grinding_prove:spartan:grinding{bits=13}: bitz::piop::spartan::grinding: close time.busy=63.3µs time.idle=120ns
2026-10-07T19:58:53.118439Z  INFO falcon_algebraic:prove:falcon_algebraic:arithmetic:falcon_algebraic:binding:spartan:round_grinding_prove: bitz::sumcheck::boundary: close time.busy=67.3µs time.idle=120ns
2026-10-07T19:58:53.119088Z  INFO falcon_algebraic:prove:falcon_algebraic:arithmetic:falcon_algebraic:binding:inner_packed:fold_tail{round=8}: bitz::sumcheck::inner::packed::state: close time.busy=643µs time.idle=121ns
2026-10-07T19:58:53.119111Z  INFO falcon_algebraic:prove:falcon_algebraic:arithmetic:falcon_algebraic:binding:spartan:round_grinding_prove:spartan:grinding{bits=13}: bitz::piop::spartan::grinding: close time.busy=20.7µs time.idle=120ns
2026-10-07T19:58:53.119112Z  INFO falcon_algebraic:prove:falcon_algebraic:arithmetic:falcon_algebraic:binding:spartan:round_grinding_prove: bitz::sumcheck::boundary: close time.busy=22.8µs time.idle=110ns
2026-10-07T19:58:53.119444Z  INFO falcon_algebraic:prove:falcon_algebraic:arithmetic:falcon_algebraic:binding:inner_packed:fold_tail{round=9}: bitz::sumcheck::inner::packed::state: close time.busy=330µs time.idle=111ns
2026-10-07T19:58:53.119504Z  INFO falcon_algebraic:prove:falcon_algebraic:arithmetic:falcon_algebraic:binding:spartan:round_grinding_prove:spartan:grinding{bits=13}: bitz::piop::spartan::grinding: close time.busy=57.1µs time.idle=120ns
2026-10-07T19:58:53.119505Z  INFO falcon_algebraic:prove:falcon_algebraic:arithmetic:falcon_algebraic:binding:spartan:round_grinding_prove: bitz::sumcheck::boundary: close time.busy=59.2µs time.idle=110ns
2026-10-07T19:58:53.119676Z  INFO falcon_algebraic:prove:falcon_algebraic:arithmetic:falcon_algebraic:binding:inner_packed:fold_tail{round=10}: bitz::sumcheck::inner::packed::state: close time.busy=168µs time.idle=110ns
2026-10-07T19:58:53.119709Z  INFO falcon_algebraic:prove:falcon_algebraic:arithmetic:falcon_algebraic:binding:spartan:round_grinding_prove:spartan:grinding{bits=13}: bitz::piop::spartan::grinding: close time.busy=30.7µs time.idle=120ns
2026-10-07T19:58:53.119710Z  INFO falcon_algebraic:prove:falcon_algebraic:arithmetic:falcon_algebraic:binding:spartan:round_grinding_prove: bitz::sumcheck::boundary: close time.busy=32.9µs time.idle=100ns
2026-10-07T19:58:53.119800Z  INFO falcon_algebraic:prove:falcon_algebraic:arithmetic:falcon_algebraic:binding:inner_packed:fold_tail{round=11}: bitz::sumcheck::inner::packed::state: close time.busy=87.1µs time.idle=120ns
2026-10-07T19:58:53.119834Z  INFO falcon_algebraic:prove:falcon_algebraic:arithmetic:falcon_algebraic:binding:spartan:round_grinding_prove:spartan:grinding{bits=13}: bitz::piop::spartan::grinding: close time.busy=31.6µs time.idle=120ns
2026-10-07T19:58:53.119835Z  INFO falcon_algebraic:prove:falcon_algebraic:arithmetic:falcon_algebraic:binding:spartan:round_grinding_prove: bitz::sumcheck::boundary: close time.busy=33.6µs time.idle=110ns
2026-10-07T19:58:53.119883Z  INFO falcon_algebraic:prove:falcon_algebraic:arithmetic:falcon_algebraic:binding:inner_packed:fold_tail{round=12}: bitz::sumcheck::inner::packed::state: close time.busy=44.1µs time.idle=120ns
2026-10-07T19:58:53.119927Z  INFO falcon_algebraic:prove:falcon_algebraic:arithmetic:falcon_algebraic:binding:spartan:round_grinding_prove:spartan:grinding{bits=13}: bitz::piop::spartan::grinding: close time.busy=41.9µs time.idle=120ns
2026-10-07T19:58:53.119929Z  INFO falcon_algebraic:prove:falcon_algebraic:arithmetic:falcon_algebraic:binding:spartan:round_grinding_prove: bitz::sumcheck::boundary: close time.busy=44.0µs time.idle=90.0ns
2026-10-07T19:58:53.119954Z  INFO falcon_algebraic:prove:falcon_algebraic:arithmetic:falcon_algebraic:binding:inner_packed:fold_tail{round=13}: bitz::sumcheck::inner::packed::state: close time.busy=22.2µs time.idle=110ns
2026-10-07T19:58:53.120014Z  INFO falcon_algebraic:prove:falcon_algebraic:arithmetic:falcon_algebraic:binding:spartan:round_grinding_prove:spartan:grinding{bits=13}: bitz::piop::spartan::grinding: close time.busy=57.4µs time.idle=120ns
2026-10-07T19:58:53.120015Z  INFO falcon_algebraic:prove:falcon_algebraic:arithmetic:falcon_algebraic:binding:spartan:round_grinding_prove: bitz::sumcheck::boundary: close time.busy=59.5µs time.idle=110ns
2026-10-07T19:58:53.120029Z  INFO falcon_algebraic:prove:falcon_algebraic:arithmetic:falcon_algebraic:binding:inner_packed:fold_tail{round=14}: bitz::sumcheck::inner::packed::state: close time.busy=11.2µs time.idle=111ns
2026-10-07T19:58:53.120068Z  INFO falcon_algebraic:prove:falcon_algebraic:arithmetic:falcon_algebraic:binding:spartan:round_grinding_prove:spartan:grinding{bits=13}: bitz::piop::spartan::grinding: close time.busy=35.9µs time.idle=131ns
2026-10-07T19:58:53.120069Z  INFO falcon_algebraic:prove:falcon_algebraic:arithmetic:falcon_algebraic:binding:spartan:round_grinding_prove: bitz::sumcheck::boundary: close time.busy=38.1µs time.idle=100ns
2026-10-07T19:58:53.120077Z  INFO falcon_algebraic:prove:falcon_algebraic:arithmetic:falcon_algebraic:binding:inner_packed:fold_tail{round=15}: bitz::sumcheck::inner::packed::state: close time.busy=5.40µs time.idle=110ns
2026-10-07T19:58:53.120093Z  INFO falcon_algebraic:prove:falcon_algebraic:arithmetic:falcon_algebraic:binding:spartan:round_grinding_prove:spartan:grinding{bits=13}: bitz::piop::spartan::grinding: close time.busy=14.5µs time.idle=131ns
2026-10-07T19:58:53.120095Z  INFO falcon_algebraic:prove:falcon_algebraic:arithmetic:falcon_algebraic:binding:spartan:round_grinding_prove: bitz::sumcheck::boundary: close time.busy=16.9µs time.idle=110ns
2026-10-07T19:58:53.120100Z  INFO falcon_algebraic:prove:falcon_algebraic:arithmetic:falcon_algebraic:binding:inner_packed:fold_tail{round=16}: bitz::sumcheck::inner::packed::state: close time.busy=2.65µs time.idle=110ns
2026-10-07T19:58:53.120119Z  INFO falcon_algebraic:prove:falcon_algebraic:arithmetic:falcon_algebraic:binding:spartan:round_grinding_prove:spartan:grinding{bits=13}: bitz::piop::spartan::grinding: close time.busy=16.6µs time.idle=110ns
2026-10-07T19:58:53.120120Z  INFO falcon_algebraic:prove:falcon_algebraic:arithmetic:falcon_algebraic:binding:spartan:round_grinding_prove: bitz::sumcheck::boundary: close time.busy=18.7µs time.idle=100ns
2026-10-07T19:58:53.120126Z  INFO falcon_algebraic:prove:falcon_algebraic:arithmetic:falcon_algebraic:binding:inner_packed:fold_tail{round=17}: bitz::sumcheck::inner::packed::state: close time.busy=1.38µs time.idle=110ns
2026-10-07T19:58:53.120146Z  INFO falcon_algebraic:prove:falcon_algebraic:arithmetic:falcon_algebraic:binding:spartan:round_grinding_prove:spartan:grinding{bits=13}: bitz::piop::spartan::grinding: close time.busy=17.0µs time.idle=110ns
2026-10-07T19:58:53.120147Z  INFO falcon_algebraic:prove:falcon_algebraic:arithmetic:falcon_algebraic:binding:spartan:round_grinding_prove: bitz::sumcheck::boundary: close time.busy=19.3µs time.idle=110ns
2026-10-07T19:58:53.120150Z  INFO falcon_algebraic:prove:falcon_algebraic:arithmetic:falcon_algebraic:binding:inner_packed:fold_tail{round=18}: bitz::sumcheck::inner::packed::state: close time.busy=762ns time.idle=110ns
2026-10-07T19:58:53.120158Z  INFO falcon_algebraic:prove:falcon_algebraic:arithmetic:falcon_algebraic:binding:spartan:round_grinding_prove:spartan:grinding{bits=13}: bitz::piop::spartan::grinding: close time.busy=6.39µs time.idle=110ns
2026-10-07T19:58:53.120159Z  INFO falcon_algebraic:prove:falcon_algebraic:arithmetic:falcon_algebraic:binding:spartan:round_grinding_prove: bitz::sumcheck::boundary: close time.busy=8.18µs time.idle=90.0ns
2026-10-07T19:58:53.120162Z  INFO falcon_algebraic:prove:falcon_algebraic:arithmetic:falcon_algebraic:binding:inner_packed:fold_tail{round=19}: bitz::sumcheck::inner::packed::state: close time.busy=431ns time.idle=130ns
2026-10-07T19:58:53.120231Z  INFO falcon_algebraic:prove:falcon_algebraic:arithmetic:falcon_algebraic:binding:spartan:round_grinding_prove:spartan:grinding{bits=13}: bitz::piop::spartan::grinding: close time.busy=66.6µs time.idle=100ns
2026-10-07T19:58:53.120232Z  INFO falcon_algebraic:prove:falcon_algebraic:arithmetic:falcon_algebraic:binding:spartan:round_grinding_prove: bitz::sumcheck::boundary: close time.busy=68.5µs time.idle=121ns
2026-10-07T19:58:53.120234Z  INFO falcon_algebraic:prove:falcon_algebraic:arithmetic:falcon_algebraic:binding:inner_packed:fold_tail{round=20}: bitz::sumcheck::inner::packed::state: close time.busy=250ns time.idle=110ns
2026-10-07T19:58:53.120242Z  INFO falcon_algebraic:prove:falcon_algebraic:arithmetic:falcon_algebraic:binding:spartan:round_grinding_prove:spartan:grinding{bits=13}: bitz::piop::spartan::grinding: close time.busy=5.15µs time.idle=110ns
2026-10-07T19:58:53.120243Z  INFO falcon_algebraic:prove:falcon_algebraic:arithmetic:falcon_algebraic:binding:spartan:round_grinding_prove: bitz::sumcheck::boundary: close time.busy=6.98µs time.idle=110ns
2026-10-07T19:58:53.120245Z  INFO falcon_algebraic:prove:falcon_algebraic:arithmetic:falcon_algebraic:binding:inner_packed:fold_tail{round=21}: bitz::sumcheck::inner::packed::state: close time.busy=170ns time.idle=110ns
2026-10-07T19:58:53.120294Z  INFO falcon_algebraic:prove:falcon_algebraic:arithmetic:falcon_algebraic:binding:spartan:round_grinding_prove:spartan:grinding{bits=13}: bitz::piop::spartan::grinding: close time.busy=46.5µs time.idle=121ns
2026-10-07T19:58:53.120295Z  INFO falcon_algebraic:prove:falcon_algebraic:arithmetic:falcon_algebraic:binding:spartan:round_grinding_prove: bitz::sumcheck::boundary: close time.busy=48.3µs time.idle=120ns
2026-10-07T19:58:53.120297Z  INFO falcon_algebraic:prove:falcon_algebraic:arithmetic:falcon_algebraic:binding:inner_packed:fold_tail{round=22}: bitz::sumcheck::inner::packed::state: close time.busy=121ns time.idle=140ns
2026-10-07T19:58:53.120307Z  INFO falcon_algebraic:prove:falcon_algebraic:arithmetic:falcon_algebraic:binding:spartan:round_grinding_prove:spartan:grinding{bits=13}: bitz::piop::spartan::grinding: close time.busy=8.21µs time.idle=110ns
2026-10-07T19:58:53.120309Z  INFO falcon_algebraic:prove:falcon_algebraic:arithmetic:falcon_algebraic:binding:spartan:round_grinding_prove: bitz::sumcheck::boundary: close time.busy=10.1µs time.idle=101ns
2026-10-07T19:58:53.120311Z  INFO falcon_algebraic:prove:falcon_algebraic:arithmetic:falcon_algebraic:binding:inner_packed:fold_tail{round=23}: bitz::sumcheck::inner::packed::state: close time.busy=211ns time.idle=90.0ns
2026-10-07T19:58:53.126891Z  INFO falcon_algebraic:prove:falcon_algebraic:arithmetic:falcon_algebraic:binding: bitz::piop::spartan::falcon512_algebraic::arithmetic: close time.busy=139ms time.idle=140ns
2026-10-07T19:58:53.126894Z  INFO falcon_algebraic:prove:falcon_algebraic:arithmetic: bitz::piop::spartan::falcon512_algebraic::protocol: close time.busy=190ms time.idle=160ns
2026-10-07T19:58:53.129510Z  INFO falcon_algebraic:prove:falcon_algebraic:bitz:falcon_bridge:integer_folds: bitz::hybrid::integer_bridge: close time.busy=2.58ms time.idle=150ns
2026-10-07T19:58:53.130560Z  INFO falcon_algebraic:prove:falcon_algebraic:bitz:falcon_bridge:column_packing: bitz::hybrid::integer_bridge: close time.busy=860µs time.idle=130ns
2026-10-07T19:58:53.130931Z  INFO falcon_algebraic:prove:falcon_algebraic:bitz:falcon_bridge:power_tables: bitz::hybrid::integer_bridge: close time.busy=369µs time.idle=161ns
2026-10-07T19:58:53.130943Z  INFO falcon_algebraic:prove:falcon_algebraic:bitz:spartan:grinding{bits=14}: bitz::piop::spartan::grinding: close time.busy=9.55µs time.idle=120ns
2026-10-07T19:58:53.139000Z  INFO falcon_algebraic:prove:falcon_algebraic:bitz:falcon_bridge:wfbitz_forest:spartan:grinding{bits=14}: bitz::piop::spartan::grinding: close time.busy=41.5µs time.idle=130ns
2026-10-07T19:58:53.139180Z  INFO falcon_algebraic:prove:falcon_algebraic:bitz:falcon_bridge:wfbitz_forest:spartan:grinding{bits=14}: bitz::piop::spartan::grinding: close time.busy=168µs time.idle=120ns
2026-10-07T19:58:53.139239Z  INFO falcon_algebraic:prove:falcon_algebraic:bitz:falcon_bridge:wfbitz_forest:spartan:grinding{bits=14}: bitz::piop::spartan::grinding: close time.busy=53.0µs time.idle=111ns
2026-10-07T19:58:53.139277Z  INFO falcon_algebraic:prove:falcon_algebraic:bitz:falcon_bridge:wfbitz_forest:spartan:grinding{bits=14}: bitz::piop::spartan::grinding: close time.busy=33.8µs time.idle=110ns
2026-10-07T19:58:53.139440Z  INFO falcon_algebraic:prove:falcon_algebraic:bitz:falcon_bridge:wfbitz_forest:spartan:grinding{bits=14}: bitz::piop::spartan::grinding: close time.busy=158µs time.idle=110ns
2026-10-07T19:58:53.139650Z  INFO falcon_algebraic:prove:falcon_algebraic:bitz:falcon_bridge:wfbitz_forest:spartan:grinding{bits=14}: bitz::piop::spartan::grinding: close time.busy=206µs time.idle=120ns
2026-10-07T19:58:53.139723Z  INFO falcon_algebraic:prove:falcon_algebraic:bitz:falcon_bridge:wfbitz_forest:spartan:grinding{bits=14}: bitz::piop::spartan::grinding: close time.busy=70.9µs time.idle=110ns
2026-10-07T19:58:53.139757Z  INFO falcon_algebraic:prove:falcon_algebraic:bitz:falcon_bridge:wfbitz_forest:spartan:grinding{bits=14}: bitz::piop::spartan::grinding: close time.busy=30.7µs time.idle=100ns
2026-10-07T19:58:53.139764Z  INFO falcon_algebraic:prove:falcon_algebraic:bitz:falcon_bridge:wfbitz_forest:spartan:grinding{bits=14}: bitz::piop::spartan::grinding: close time.busy=4.19µs time.idle=112ns
2026-10-07T19:58:53.139773Z  INFO falcon_algebraic:prove:falcon_algebraic:bitz:falcon_bridge:wfbitz_forest:spartan:grinding{bits=14}: bitz::piop::spartan::grinding: close time.busy=5.42µs time.idle=110ns
2026-10-07T19:58:53.139863Z  INFO falcon_algebraic:prove:falcon_algebraic:bitz:falcon_bridge:wfbitz_forest:spartan:grinding{bits=14}: bitz::piop::spartan::grinding: close time.busy=87.2µs time.idle=120ns
2026-10-07T19:58:53.139903Z  INFO falcon_algebraic:prove:falcon_algebraic:bitz:falcon_bridge:wfbitz_forest:spartan:grinding{bits=14}: bitz::piop::spartan::grinding: close time.busy=36.3µs time.idle=110ns
2026-10-07T19:58:53.139970Z  INFO falcon_algebraic:prove:falcon_algebraic:bitz:falcon_bridge:wfbitz_forest:spartan:grinding{bits=14}: bitz::piop::spartan::grinding: close time.busy=65.0µs time.idle=100ns
2026-10-07T19:58:53.140056Z  INFO falcon_algebraic:prove:falcon_algebraic:bitz:falcon_bridge:wfbitz_forest:spartan:grinding{bits=14}: bitz::piop::spartan::grinding: close time.busy=68.1µs time.idle=110ns
2026-10-07T19:58:53.140120Z  INFO falcon_algebraic:prove:falcon_algebraic:bitz:falcon_bridge:wfbitz_forest:spartan:grinding{bits=14}: bitz::piop::spartan::grinding: close time.busy=54.4µs time.idle=120ns
2026-10-07T19:58:53.140189Z  INFO falcon_algebraic:prove:falcon_algebraic:bitz:falcon_bridge:wfbitz_forest:spartan:grinding{bits=14}: bitz::piop::spartan::grinding: close time.busy=61.8µs time.idle=110ns
2026-10-07T19:58:53.140332Z  INFO falcon_algebraic:prove:falcon_algebraic:bitz:falcon_bridge:wfbitz_forest:spartan:grinding{bits=14}: bitz::piop::spartan::grinding: close time.busy=137µs time.idle=110ns
2026-10-07T19:58:53.140376Z  INFO falcon_algebraic:prove:falcon_algebraic:bitz:falcon_bridge:wfbitz_forest:spartan:grinding{bits=14}: bitz::piop::spartan::grinding: close time.busy=39.5µs time.idle=100ns
2026-10-07T19:58:53.140383Z  INFO falcon_algebraic:prove:falcon_algebraic:bitz:falcon_bridge:wfbitz_forest:spartan:grinding{bits=14}: bitz::piop::spartan::grinding: close time.busy=4.10µs time.idle=100ns
2026-10-07T19:58:53.140451Z  INFO falcon_algebraic:prove:falcon_algebraic:bitz:falcon_bridge:wfbitz_forest:spartan:grinding{bits=14}: bitz::piop::spartan::grinding: close time.busy=64.5µs time.idle=110ns
2026-10-07T19:58:53.140476Z  INFO falcon_algebraic:prove:falcon_algebraic:bitz:falcon_bridge:wfbitz_forest:spartan:grinding{bits=14}: bitz::piop::spartan::grinding: close time.busy=22.6µs time.idle=110ns
2026-10-07T19:58:53.140490Z  INFO falcon_algebraic:prove:falcon_algebraic:bitz:falcon_bridge:wfbitz_forest:spartan:grinding{bits=14}: bitz::piop::spartan::grinding: close time.busy=11.2µs time.idle=110ns
2026-10-07T19:58:53.140518Z  INFO falcon_algebraic:prove:falcon_algebraic:bitz:falcon_bridge:wfbitz_forest:spartan:grinding{bits=14}: bitz::piop::spartan::grinding: close time.busy=25.1µs time.idle=110ns
2026-10-07T19:58:53.140530Z  INFO falcon_algebraic:prove:falcon_algebraic:bitz:falcon_bridge:wfbitz_forest:spartan:grinding{bits=14}: bitz::piop::spartan::grinding: close time.busy=9.48µs time.idle=90.0ns
2026-10-07T19:58:53.140549Z  INFO falcon_algebraic:prove:falcon_algebraic:bitz:falcon_bridge:wfbitz_forest:spartan:grinding{bits=14}: bitz::piop::spartan::grinding: close time.busy=16.2µs time.idle=110ns
2026-10-07T19:58:53.140605Z  INFO falcon_algebraic:prove:falcon_algebraic:bitz:falcon_bridge:wfbitz_forest:spartan:grinding{bits=14}: bitz::piop::spartan::grinding: close time.busy=52.6µs time.idle=110ns
2026-10-07T19:58:53.140657Z  INFO falcon_algebraic:prove:falcon_algebraic:bitz:falcon_bridge:wfbitz_forest:spartan:grinding{bits=14}: bitz::piop::spartan::grinding: close time.busy=49.8µs time.idle=110ns
2026-10-07T19:58:53.140781Z  INFO falcon_algebraic:prove:falcon_algebraic:bitz:falcon_bridge:wfbitz_forest:spartan:grinding{bits=14}: bitz::piop::spartan::grinding: close time.busy=100µs time.idle=110ns
2026-10-07T19:58:53.140810Z  INFO falcon_algebraic:prove:falcon_algebraic:bitz:falcon_bridge:wfbitz_forest:spartan:grinding{bits=14}: bitz::piop::spartan::grinding: close time.busy=7.41µs time.idle=100ns
2026-10-07T19:58:53.140841Z  INFO falcon_algebraic:prove:falcon_algebraic:bitz:falcon_bridge:wfbitz_forest:spartan:grinding{bits=14}: bitz::piop::spartan::grinding: close time.busy=23.3µs time.idle=110ns
2026-10-07T19:58:53.140867Z  INFO falcon_algebraic:prove:falcon_algebraic:bitz:falcon_bridge:wfbitz_forest:spartan:grinding{bits=14}: bitz::piop::spartan::grinding: close time.busy=9.98µs time.idle=90.0ns
2026-10-07T19:58:53.140956Z  INFO falcon_algebraic:prove:falcon_algebraic:bitz:falcon_bridge:wfbitz_forest:spartan:grinding{bits=14}: bitz::piop::spartan::grinding: close time.busy=84.0µs time.idle=90.0ns
2026-10-07T19:58:53.141012Z  INFO falcon_algebraic:prove:falcon_algebraic:bitz:falcon_bridge:wfbitz_forest:spartan:grinding{bits=14}: bitz::piop::spartan::grinding: close time.busy=51.3µs time.idle=100ns
2026-10-07T19:58:53.141022Z  INFO falcon_algebraic:prove:falcon_algebraic:bitz:falcon_bridge:wfbitz_forest:spartan:grinding{bits=14}: bitz::piop::spartan::grinding: close time.busy=6.27µs time.idle=100ns
2026-10-07T19:58:53.141094Z  INFO falcon_algebraic:prove:falcon_algebraic:bitz:falcon_bridge:wfbitz_forest:spartan:grinding{bits=14}: bitz::piop::spartan::grinding: close time.busy=68.6µs time.idle=110ns
2026-10-07T19:58:53.141184Z  INFO falcon_algebraic:prove:falcon_algebraic:bitz:falcon_bridge:wfbitz_forest:spartan:grinding{bits=14}: bitz::piop::spartan::grinding: close time.busy=86.9µs time.idle=110ns
2026-10-07T19:58:53.141195Z  INFO falcon_algebraic:prove:falcon_algebraic:bitz:falcon_bridge:wfbitz_forest:spartan:grinding{bits=14}: bitz::piop::spartan::grinding: close time.busy=7.94µs time.idle=110ns
2026-10-07T19:58:53.141234Z  INFO falcon_algebraic:prove:falcon_algebraic:bitz:falcon_bridge:wfbitz_forest:spartan:grinding{bits=14}: bitz::piop::spartan::grinding: close time.busy=35.7µs time.idle=110ns
2026-10-07T19:58:53.141285Z  INFO falcon_algebraic:prove:falcon_algebraic:bitz:falcon_bridge:wfbitz_forest:spartan:grinding{bits=14}: bitz::piop::spartan::grinding: close time.busy=48.2µs time.idle=111ns
2026-10-07T19:58:53.141335Z  INFO falcon_algebraic:prove:falcon_algebraic:bitz:falcon_bridge:wfbitz_forest:spartan:grinding{bits=14}: bitz::piop::spartan::grinding: close time.busy=47.4µs time.idle=110ns
2026-10-07T19:58:53.141348Z  INFO falcon_algebraic:prove:falcon_algebraic:bitz:falcon_bridge:wfbitz_forest:spartan:grinding{bits=14}: bitz::piop::spartan::grinding: close time.busy=10.2µs time.idle=110ns
2026-10-07T19:58:53.141372Z  INFO falcon_algebraic:prove:falcon_algebraic:bitz:falcon_bridge:wfbitz_forest:spartan:grinding{bits=14}: bitz::piop::spartan::grinding: close time.busy=20.9µs time.idle=110ns
2026-10-07T19:58:53.141574Z  INFO falcon_algebraic:prove:falcon_algebraic:bitz:falcon_bridge:wfbitz_forest:spartan:grinding{bits=14}: bitz::piop::spartan::grinding: close time.busy=163µs time.idle=90.0ns
2026-10-07T19:58:53.141620Z  INFO falcon_algebraic:prove:falcon_algebraic:bitz:falcon_bridge:wfbitz_forest:spartan:grinding{bits=14}: bitz::piop::spartan::grinding: close time.busy=11.2µs time.idle=111ns
2026-10-07T19:58:53.141707Z  INFO falcon_algebraic:prove:falcon_algebraic:bitz:falcon_bridge:wfbitz_forest:spartan:grinding{bits=14}: bitz::piop::spartan::grinding: close time.busy=69.4µs time.idle=111ns
2026-10-07T19:58:53.141733Z  INFO falcon_algebraic:prove:falcon_algebraic:bitz:falcon_bridge:wfbitz_forest:spartan:grinding{bits=14}: bitz::piop::spartan::grinding: close time.busy=18.2µs time.idle=110ns
2026-10-07T19:58:53.141859Z  INFO falcon_algebraic:prove:falcon_algebraic:bitz:falcon_bridge:wfbitz_forest:spartan:grinding{bits=14}: bitz::piop::spartan::grinding: close time.busy=110µs time.idle=110ns
2026-10-07T19:58:53.141880Z  INFO falcon_algebraic:prove:falcon_algebraic:bitz:falcon_bridge:wfbitz_forest:spartan:grinding{bits=14}: bitz::piop::spartan::grinding: close time.busy=15.3µs time.idle=120ns
2026-10-07T19:58:53.141899Z  INFO falcon_algebraic:prove:falcon_algebraic:bitz:falcon_bridge:wfbitz_forest:spartan:grinding{bits=14}: bitz::piop::spartan::grinding: close time.busy=14.5µs time.idle=100ns
2026-10-07T19:58:53.141986Z  INFO falcon_algebraic:prove:falcon_algebraic:bitz:falcon_bridge:wfbitz_forest:spartan:grinding{bits=14}: bitz::piop::spartan::grinding: close time.busy=83.9µs time.idle=111ns
2026-10-07T19:58:53.142042Z  INFO falcon_algebraic:prove:falcon_algebraic:bitz:falcon_bridge:wfbitz_forest:spartan:grinding{bits=14}: bitz::piop::spartan::grinding: close time.busy=53.0µs time.idle=120ns
2026-10-07T19:58:53.142086Z  INFO falcon_algebraic:prove:falcon_algebraic:bitz:falcon_bridge:wfbitz_forest:spartan:grinding{bits=14}: bitz::piop::spartan::grinding: close time.busy=38.4µs time.idle=110ns
2026-10-07T19:58:53.142121Z  INFO falcon_algebraic:prove:falcon_algebraic:bitz:falcon_bridge:wfbitz_forest:spartan:grinding{bits=14}: bitz::piop::spartan::grinding: close time.busy=32.5µs time.idle=110ns
2026-10-07T19:58:53.142132Z  INFO falcon_algebraic:prove:falcon_algebraic:bitz:falcon_bridge:wfbitz_forest:spartan:grinding{bits=14}: bitz::piop::spartan::grinding: close time.busy=7.83µs time.idle=110ns
2026-10-07T19:58:53.142163Z  INFO falcon_algebraic:prove:falcon_algebraic:bitz:falcon_bridge:wfbitz_forest:spartan:grinding{bits=14}: bitz::piop::spartan::grinding: close time.busy=28.1µs time.idle=100ns
2026-10-07T19:58:53.142320Z  INFO falcon_algebraic:prove:falcon_algebraic:bitz:falcon_bridge:wfbitz_forest:spartan:grinding{bits=14}: bitz::piop::spartan::grinding: close time.busy=154µs time.idle=110ns
2026-10-07T19:58:53.142344Z  INFO falcon_algebraic:prove:falcon_algebraic:bitz:falcon_bridge:wfbitz_forest:spartan:grinding{bits=14}: bitz::piop::spartan::grinding: close time.busy=21.2µs time.idle=120ns
2026-10-07T19:58:53.142414Z  INFO falcon_algebraic:prove:falcon_algebraic:bitz:falcon_bridge:wfbitz_forest:spartan:grinding{bits=14}: bitz::piop::spartan::grinding: close time.busy=67.2µs time.idle=110ns
2026-10-07T19:58:53.142502Z  INFO falcon_algebraic:prove:falcon_algebraic:bitz:falcon_bridge:wfbitz_forest:spartan:grinding{bits=14}: bitz::piop::spartan::grinding: close time.busy=25.5µs time.idle=110ns
2026-10-07T19:58:53.142574Z  INFO falcon_algebraic:prove:falcon_algebraic:bitz:falcon_bridge:wfbitz_forest:spartan:grinding{bits=14}: bitz::piop::spartan::grinding: close time.busy=4.32µs time.idle=120ns
2026-10-07T19:58:53.142612Z  INFO falcon_algebraic:prove:falcon_algebraic:bitz:falcon_bridge:wfbitz_forest:spartan:grinding{bits=14}: bitz::piop::spartan::grinding: close time.busy=10.4µs time.idle=120ns
2026-10-07T19:58:53.142757Z  INFO falcon_algebraic:prove:falcon_algebraic:bitz:falcon_bridge:wfbitz_forest:spartan:grinding{bits=14}: bitz::piop::spartan::grinding: close time.busy=127µs time.idle=110ns
2026-10-07T19:58:53.142784Z  INFO falcon_algebraic:prove:falcon_algebraic:bitz:falcon_bridge:wfbitz_forest:spartan:grinding{bits=14}: bitz::piop::spartan::grinding: close time.busy=19.5µs time.idle=110ns
2026-10-07T19:58:53.142816Z  INFO falcon_algebraic:prove:falcon_algebraic:bitz:falcon_bridge:wfbitz_forest:spartan:grinding{bits=14}: bitz::piop::spartan::grinding: close time.busy=16.4µs time.idle=120ns
2026-10-07T19:58:53.142844Z  INFO falcon_algebraic:prove:falcon_algebraic:bitz:falcon_bridge:wfbitz_forest:spartan:grinding{bits=14}: bitz::piop::spartan::grinding: close time.busy=20.5µs time.idle=112ns
2026-10-07T19:58:53.142933Z  INFO falcon_algebraic:prove:falcon_algebraic:bitz:falcon_bridge:wfbitz_forest:spartan:grinding{bits=14}: bitz::piop::spartan::grinding: close time.busy=84.7µs time.idle=120ns
2026-10-07T19:58:53.143031Z  INFO falcon_algebraic:prove:falcon_algebraic:bitz:falcon_bridge:wfbitz_forest:spartan:grinding{bits=14}: bitz::piop::spartan::grinding: close time.busy=93.8µs time.idle=111ns
2026-10-07T19:58:53.143114Z  INFO falcon_algebraic:prove:falcon_algebraic:bitz:falcon_bridge:wfbitz_forest:spartan:grinding{bits=14}: bitz::piop::spartan::grinding: close time.busy=79.5µs time.idle=180ns
2026-10-07T19:58:53.143319Z  INFO falcon_algebraic:prove:falcon_algebraic:bitz:falcon_bridge:wfbitz_forest:spartan:grinding{bits=14}: bitz::piop::spartan::grinding: close time.busy=202µs time.idle=110ns
2026-10-07T19:58:53.143369Z  INFO falcon_algebraic:prove:falcon_algebraic:bitz:falcon_bridge:wfbitz_forest:spartan:grinding{bits=14}: bitz::piop::spartan::grinding: close time.busy=47.2µs time.idle=110ns
2026-10-07T19:58:53.143471Z  INFO falcon_algebraic:prove:falcon_algebraic:bitz:falcon_bridge:wfbitz_forest:spartan:grinding{bits=14}: bitz::piop::spartan::grinding: close time.busy=101µs time.idle=110ns
2026-10-07T19:58:53.143531Z  INFO falcon_algebraic:prove:falcon_algebraic:bitz:falcon_bridge:wfbitz_forest:spartan:grinding{bits=14}: bitz::piop::spartan::grinding: close time.busy=56.8µs time.idle=120ns
2026-10-07T19:58:53.143558Z  INFO falcon_algebraic:prove:falcon_algebraic:bitz:falcon_bridge:wfbitz_forest:spartan:grinding{bits=14}: bitz::piop::spartan::grinding: close time.busy=25.0µs time.idle=90.0ns
2026-10-07T19:58:53.143598Z  INFO falcon_algebraic:prove:falcon_algebraic:bitz:falcon_bridge:wfbitz_forest:spartan:grinding{bits=14}: bitz::piop::spartan::grinding: close time.busy=37.1µs time.idle=110ns
2026-10-07T19:58:53.143631Z  INFO falcon_algebraic:prove:falcon_algebraic:bitz:falcon_bridge:wfbitz_forest:spartan:grinding{bits=14}: bitz::piop::spartan::grinding: close time.busy=30.9µs time.idle=111ns
2026-10-07T19:58:53.143793Z  INFO falcon_algebraic:prove:falcon_algebraic:bitz:falcon_bridge:wfbitz_forest:spartan:grinding{bits=14}: bitz::piop::spartan::grinding: close time.busy=48.1µs time.idle=130ns
2026-10-07T19:58:53.143955Z  INFO falcon_algebraic:prove:falcon_algebraic:bitz:falcon_bridge:wfbitz_forest:spartan:grinding{bits=14}: bitz::piop::spartan::grinding: close time.busy=37.2µs time.idle=120ns
2026-10-07T19:58:53.144144Z  INFO falcon_algebraic:prove:falcon_algebraic:bitz:falcon_bridge:wfbitz_forest:spartan:grinding{bits=14}: bitz::piop::spartan::grinding: close time.busy=140µs time.idle=130ns
2026-10-07T19:58:53.144304Z  INFO falcon_algebraic:prove:falcon_algebraic:bitz:falcon_bridge:wfbitz_forest:spartan:grinding{bits=14}: bitz::piop::spartan::grinding: close time.busy=132µs time.idle=110ns
2026-10-07T19:58:53.144456Z  INFO falcon_algebraic:prove:falcon_algebraic:bitz:falcon_bridge:wfbitz_forest:spartan:grinding{bits=14}: bitz::piop::spartan::grinding: close time.busy=135µs time.idle=110ns
2026-10-07T19:58:53.144582Z  INFO falcon_algebraic:prove:falcon_algebraic:bitz:falcon_bridge:wfbitz_forest:spartan:grinding{bits=14}: bitz::piop::spartan::grinding: close time.busy=118µs time.idle=110ns
2026-10-07T19:58:53.144636Z  INFO falcon_algebraic:prove:falcon_algebraic:bitz:falcon_bridge:wfbitz_forest:spartan:grinding{bits=14}: bitz::piop::spartan::grinding: close time.busy=37.6µs time.idle=120ns
2026-10-07T19:58:53.144700Z  INFO falcon_algebraic:prove:falcon_algebraic:bitz:falcon_bridge:wfbitz_forest:spartan:grinding{bits=14}: bitz::piop::spartan::grinding: close time.busy=58.8µs time.idle=120ns
2026-10-07T19:58:53.144722Z  INFO falcon_algebraic:prove:falcon_algebraic:bitz:falcon_bridge:wfbitz_forest:spartan:grinding{bits=14}: bitz::piop::spartan::grinding: close time.busy=18.0µs time.idle=110ns
2026-10-07T19:58:53.144791Z  INFO falcon_algebraic:prove:falcon_algebraic:bitz:falcon_bridge:wfbitz_forest:spartan:grinding{bits=14}: bitz::piop::spartan::grinding: close time.busy=64.8µs time.idle=111ns
2026-10-07T19:58:53.144802Z  INFO falcon_algebraic:prove:falcon_algebraic:bitz:falcon_bridge:wfbitz_forest:spartan:grinding{bits=14}: bitz::piop::spartan::grinding: close time.busy=7.83µs time.idle=110ns
2026-10-07T19:58:53.144830Z  INFO falcon_algebraic:prove:falcon_algebraic:bitz:falcon_bridge:wfbitz_forest:spartan:grinding{bits=14}: bitz::piop::spartan::grinding: close time.busy=25.1µs time.idle=120ns
2026-10-07T19:58:53.144897Z  INFO falcon_algebraic:prove:falcon_algebraic:bitz:falcon_bridge:wfbitz_forest:spartan:grinding{bits=14}: bitz::piop::spartan::grinding: close time.busy=64.5µs time.idle=110ns
2026-10-07T19:58:53.144916Z  INFO falcon_algebraic:prove:falcon_algebraic:bitz:falcon_bridge:wfbitz_forest:spartan:grinding{bits=14}: bitz::piop::spartan::grinding: close time.busy=16.7µs time.idle=100ns
2026-10-07T19:58:53.144942Z  INFO falcon_algebraic:prove:falcon_algebraic:bitz:falcon_bridge:wfbitz_forest:spartan:grinding{bits=14}: bitz::piop::spartan::grinding: close time.busy=23.4µs time.idle=121ns
2026-10-07T19:58:53.145087Z  INFO falcon_algebraic:prove:falcon_algebraic:bitz:falcon_bridge:wfbitz_forest:spartan:grinding{bits=14}: bitz::piop::spartan::grinding: close time.busy=142µs time.idle=121ns
2026-10-07T19:58:53.145107Z  INFO falcon_algebraic:prove:falcon_algebraic:bitz:falcon_bridge:wfbitz_forest:spartan:grinding{bits=14}: bitz::piop::spartan::grinding: close time.busy=17.2µs time.idle=111ns
2026-10-07T19:58:53.145157Z  INFO falcon_algebraic:prove:falcon_algebraic:bitz:falcon_bridge:wfbitz_forest:spartan:grinding{bits=14}: bitz::piop::spartan::grinding: close time.busy=47.3µs time.idle=120ns
2026-10-07T19:58:53.145394Z  INFO falcon_algebraic:prove:falcon_algebraic:bitz:falcon_bridge:wfbitz_forest:spartan:grinding{bits=14}: bitz::piop::spartan::grinding: close time.busy=23.5µs time.idle=120ns
2026-10-07T19:58:53.145700Z  INFO falcon_algebraic:prove:falcon_algebraic:bitz:falcon_bridge:wfbitz_forest:spartan:grinding{bits=14}: bitz::piop::spartan::grinding: close time.busy=65.3µs time.idle=110ns
2026-10-07T19:58:53.145897Z  INFO falcon_algebraic:prove:falcon_algebraic:bitz:falcon_bridge:wfbitz_forest:spartan:grinding{bits=14}: bitz::piop::spartan::grinding: close time.busy=103µs time.idle=120ns
2026-10-07T19:58:53.145973Z  INFO falcon_algebraic:prove:falcon_algebraic:bitz:falcon_bridge:wfbitz_forest:spartan:grinding{bits=14}: bitz::piop::spartan::grinding: close time.busy=24.6µs time.idle=110ns
2026-10-07T19:58:53.146049Z  INFO falcon_algebraic:prove:falcon_algebraic:bitz:falcon_bridge:wfbitz_forest:spartan:grinding{bits=14}: bitz::piop::spartan::grinding: close time.busy=47.3µs time.idle=120ns
2026-10-07T19:58:53.146160Z  INFO falcon_algebraic:prove:falcon_algebraic:bitz:falcon_bridge:wfbitz_forest:spartan:grinding{bits=14}: bitz::piop::spartan::grinding: close time.busy=94.3µs time.idle=260ns
2026-10-07T19:58:53.146186Z  INFO falcon_algebraic:prove:falcon_algebraic:bitz:falcon_bridge:wfbitz_forest:spartan:grinding{bits=14}: bitz::piop::spartan::grinding: close time.busy=18.6µs time.idle=110ns
2026-10-07T19:58:53.146224Z  INFO falcon_algebraic:prove:falcon_algebraic:bitz:falcon_bridge:wfbitz_forest:spartan:grinding{bits=14}: bitz::piop::spartan::grinding: close time.busy=22.3µs time.idle=100ns
2026-10-07T19:58:53.146278Z  INFO falcon_algebraic:prove:falcon_algebraic:bitz:falcon_bridge:wfbitz_forest:spartan:grinding{bits=14}: bitz::piop::spartan::grinding: close time.busy=48.4µs time.idle=90.0ns
2026-10-07T19:58:53.146325Z  INFO falcon_algebraic:prove:falcon_algebraic:bitz:falcon_bridge:wfbitz_forest:spartan:grinding{bits=14}: bitz::piop::spartan::grinding: close time.busy=42.7µs time.idle=120ns
2026-10-07T19:58:53.146431Z  INFO falcon_algebraic:prove:falcon_algebraic:bitz:falcon_bridge:wfbitz_forest:spartan:grinding{bits=14}: bitz::piop::spartan::grinding: close time.busy=103µs time.idle=90.0ns
2026-10-07T19:58:53.146500Z  INFO falcon_algebraic:prove:falcon_algebraic:bitz:falcon_bridge:wfbitz_forest:spartan:grinding{bits=14}: bitz::piop::spartan::grinding: close time.busy=64.7µs time.idle=120ns
2026-10-07T19:58:53.146527Z  INFO falcon_algebraic:prove:falcon_algebraic:bitz:falcon_bridge:wfbitz_forest:spartan:grinding{bits=14}: bitz::piop::spartan::grinding: close time.busy=24.0µs time.idle=110ns
2026-10-07T19:58:53.146734Z  INFO falcon_algebraic:prove:falcon_algebraic:bitz:falcon_bridge:wfbitz_forest:spartan:grinding{bits=14}: bitz::piop::spartan::grinding: close time.busy=205µs time.idle=110ns
2026-10-07T19:58:53.146760Z  INFO falcon_algebraic:prove:falcon_algebraic:bitz:falcon_bridge:wfbitz_forest:spartan:grinding{bits=14}: bitz::piop::spartan::grinding: close time.busy=23.0µs time.idle=100ns
2026-10-07T19:58:53.146769Z  INFO falcon_algebraic:prove:falcon_algebraic:bitz:falcon_bridge:wfbitz_forest:spartan:grinding{bits=14}: bitz::piop::spartan::grinding: close time.busy=6.24µs time.idle=110ns
2026-10-07T19:58:53.146842Z  INFO falcon_algebraic:prove:falcon_algebraic:bitz:falcon_bridge:wfbitz_forest:spartan:grinding{bits=14}: bitz::piop::spartan::grinding: close time.busy=70.7µs time.idle=110ns
2026-10-07T19:58:53.146875Z  INFO falcon_algebraic:prove:falcon_algebraic:bitz:falcon_bridge:wfbitz_forest:spartan:grinding{bits=14}: bitz::piop::spartan::grinding: close time.busy=30.1µs time.idle=120ns
2026-10-07T19:58:53.146991Z  INFO falcon_algebraic:prove:falcon_algebraic:bitz:falcon_bridge:wfbitz_forest:spartan:grinding{bits=14}: bitz::piop::spartan::grinding: close time.busy=113µs time.idle=120ns
2026-10-07T19:58:53.147447Z  INFO falcon_algebraic:prove:falcon_algebraic:bitz:falcon_bridge:wfbitz_forest:spartan:grinding{bits=14}: bitz::piop::spartan::grinding: close time.busy=31.7µs time.idle=120ns
2026-10-07T19:58:53.148069Z  INFO falcon_algebraic:prove:falcon_algebraic:bitz:falcon_bridge:wfbitz_forest:spartan:grinding{bits=14}: bitz::piop::spartan::grinding: close time.busy=147µs time.idle=121ns
2026-10-07T19:58:53.148425Z  INFO falcon_algebraic:prove:falcon_algebraic:bitz:falcon_bridge:wfbitz_forest:spartan:grinding{bits=14}: bitz::piop::spartan::grinding: close time.busy=171µs time.idle=131ns
2026-10-07T19:58:53.148591Z  INFO falcon_algebraic:prove:falcon_algebraic:bitz:falcon_bridge:wfbitz_forest:spartan:grinding{bits=14}: bitz::piop::spartan::grinding: close time.busy=70.1µs time.idle=120ns
2026-10-07T19:58:53.148700Z  INFO falcon_algebraic:prove:falcon_algebraic:bitz:falcon_bridge:wfbitz_forest:spartan:grinding{bits=14}: bitz::piop::spartan::grinding: close time.busy=59.2µs time.idle=111ns
2026-10-07T19:58:53.148766Z  INFO falcon_algebraic:prove:falcon_algebraic:bitz:falcon_bridge:wfbitz_forest:spartan:grinding{bits=14}: bitz::piop::spartan::grinding: close time.busy=37.7µs time.idle=110ns
2026-10-07T19:58:53.148850Z  INFO falcon_algebraic:prove:falcon_algebraic:bitz:falcon_bridge:wfbitz_forest:spartan:grinding{bits=14}: bitz::piop::spartan::grinding: close time.busy=67.0µs time.idle=120ns
2026-10-07T19:58:53.148918Z  INFO falcon_algebraic:prove:falcon_algebraic:bitz:falcon_bridge:wfbitz_forest:spartan:grinding{bits=14}: bitz::piop::spartan::grinding: close time.busy=59.4µs time.idle=111ns
2026-10-07T19:58:53.149097Z  INFO falcon_algebraic:prove:falcon_algebraic:bitz:falcon_bridge:wfbitz_forest:spartan:grinding{bits=14}: bitz::piop::spartan::grinding: close time.busy=163µs time.idle=111ns
2026-10-07T19:58:53.149165Z  INFO falcon_algebraic:prove:falcon_algebraic:bitz:falcon_bridge:wfbitz_forest:spartan:grinding{bits=14}: bitz::piop::spartan::grinding: close time.busy=62.6µs time.idle=101ns
2026-10-07T19:58:53.149191Z  INFO falcon_algebraic:prove:falcon_algebraic:bitz:falcon_bridge:wfbitz_forest:spartan:grinding{bits=14}: bitz::piop::spartan::grinding: close time.busy=21.3µs time.idle=110ns
2026-10-07T19:58:53.149228Z  INFO falcon_algebraic:prove:falcon_algebraic:bitz:falcon_bridge:wfbitz_forest:spartan:grinding{bits=14}: bitz::piop::spartan::grinding: close time.busy=33.6µs time.idle=190ns
2026-10-07T19:58:53.149276Z  INFO falcon_algebraic:prove:falcon_algebraic:bitz:falcon_bridge:wfbitz_forest:spartan:grinding{bits=14}: bitz::piop::spartan::grinding: close time.busy=43.8µs time.idle=120ns
2026-10-07T19:58:53.149337Z  INFO falcon_algebraic:prove:falcon_algebraic:bitz:falcon_bridge:wfbitz_forest:spartan:grinding{bits=14}: bitz::piop::spartan::grinding: close time.busy=57.8µs time.idle=110ns
2026-10-07T19:58:53.149442Z  INFO falcon_algebraic:prove:falcon_algebraic:bitz:falcon_bridge:wfbitz_forest:spartan:grinding{bits=14}: bitz::piop::spartan::grinding: close time.busy=102µs time.idle=101ns
2026-10-07T19:58:53.149476Z  INFO falcon_algebraic:prove:falcon_algebraic:bitz:falcon_bridge:wfbitz_forest:spartan:grinding{bits=14}: bitz::piop::spartan::grinding: close time.busy=31.9µs time.idle=120ns
2026-10-07T19:58:53.149515Z  INFO falcon_algebraic:prove:falcon_algebraic:bitz:falcon_bridge:wfbitz_forest:spartan:grinding{bits=14}: bitz::piop::spartan::grinding: close time.busy=36.1µs time.idle=110ns
2026-10-07T19:58:53.149558Z  INFO falcon_algebraic:prove:falcon_algebraic:bitz:falcon_bridge:wfbitz_forest:spartan:grinding{bits=14}: bitz::piop::spartan::grinding: close time.busy=40.7µs time.idle=110ns
2026-10-07T19:58:53.149643Z  INFO falcon_algebraic:prove:falcon_algebraic:bitz:falcon_bridge:wfbitz_forest:spartan:grinding{bits=14}: bitz::piop::spartan::grinding: close time.busy=82.1µs time.idle=110ns
2026-10-07T19:58:53.149675Z  INFO falcon_algebraic:prove:falcon_algebraic:bitz:falcon_bridge:wfbitz_forest:spartan:grinding{bits=14}: bitz::piop::spartan::grinding: close time.busy=29.2µs time.idle=111ns
2026-10-07T19:58:53.152388Z  INFO falcon_algebraic:prove:falcon_algebraic:bitz:falcon_bridge:wfbitz_forest:spartan:grinding{bits=14}: bitz::piop::spartan::grinding: close time.busy=45.2µs time.idle=120ns
2026-10-07T19:58:53.153450Z  INFO falcon_algebraic:prove:falcon_algebraic:bitz:falcon_bridge:wfbitz_forest:spartan:grinding{bits=14}: bitz::piop::spartan::grinding: close time.busy=108µs time.idle=141ns
2026-10-07T19:58:53.153844Z  INFO falcon_algebraic:prove:falcon_algebraic:bitz:falcon_bridge:wfbitz_forest:spartan:grinding{bits=14}: bitz::piop::spartan::grinding: close time.busy=33.9µs time.idle=130ns
2026-10-07T19:58:53.154105Z  INFO falcon_algebraic:prove:falcon_algebraic:bitz:falcon_bridge:wfbitz_forest:spartan:grinding{bits=14}: bitz::piop::spartan::grinding: close time.busy=74.7µs time.idle=130ns
2026-10-07T19:58:53.154215Z  INFO falcon_algebraic:prove:falcon_algebraic:bitz:falcon_bridge:wfbitz_forest:spartan:grinding{bits=14}: bitz::piop::spartan::grinding: close time.busy=13.9µs time.idle=110ns
2026-10-07T19:58:53.154305Z  INFO falcon_algebraic:prove:falcon_algebraic:bitz:falcon_bridge:wfbitz_forest:spartan:grinding{bits=14}: bitz::piop::spartan::grinding: close time.busy=39.0µs time.idle=120ns
2026-10-07T19:58:53.154420Z  INFO falcon_algebraic:prove:falcon_algebraic:bitz:falcon_bridge:wfbitz_forest:spartan:grinding{bits=14}: bitz::piop::spartan::grinding: close time.busy=87.6µs time.idle=111ns
2026-10-07T19:58:53.154524Z  INFO falcon_algebraic:prove:falcon_algebraic:bitz:falcon_bridge:wfbitz_forest:spartan:grinding{bits=14}: bitz::piop::spartan::grinding: close time.busy=86.5µs time.idle=111ns
2026-10-07T19:58:53.154587Z  INFO falcon_algebraic:prove:falcon_algebraic:bitz:falcon_bridge:wfbitz_forest:spartan:grinding{bits=14}: bitz::piop::spartan::grinding: close time.busy=55.2µs time.idle=121ns
2026-10-07T19:58:53.154608Z  INFO falcon_algebraic:prove:falcon_algebraic:bitz:falcon_bridge:wfbitz_forest:spartan:grinding{bits=14}: bitz::piop::spartan::grinding: close time.busy=4.99µs time.idle=110ns
2026-10-07T19:58:53.154791Z  INFO falcon_algebraic:prove:falcon_algebraic:bitz:falcon_bridge:wfbitz_forest:spartan:grinding{bits=14}: bitz::piop::spartan::grinding: close time.busy=177µs time.idle=120ns
2026-10-07T19:58:53.154824Z  INFO falcon_algebraic:prove:falcon_algebraic:bitz:falcon_bridge:wfbitz_forest:spartan:grinding{bits=14}: bitz::piop::spartan::grinding: close time.busy=28.8µs time.idle=120ns
2026-10-07T19:58:53.154965Z  INFO falcon_algebraic:prove:falcon_algebraic:bitz:falcon_bridge:wfbitz_forest:spartan:grinding{bits=14}: bitz::piop::spartan::grinding: close time.busy=136µs time.idle=110ns
2026-10-07T19:58:53.155016Z  INFO falcon_algebraic:prove:falcon_algebraic:bitz:falcon_bridge:wfbitz_forest:spartan:grinding{bits=14}: bitz::piop::spartan::grinding: close time.busy=48.3µs time.idle=110ns
2026-10-07T19:58:53.155075Z  INFO falcon_algebraic:prove:falcon_algebraic:bitz:falcon_bridge:wfbitz_forest:spartan:grinding{bits=14}: bitz::piop::spartan::grinding: close time.busy=56.2µs time.idle=120ns
2026-10-07T19:58:53.155127Z  INFO falcon_algebraic:prove:falcon_algebraic:bitz:falcon_bridge:wfbitz_forest:spartan:grinding{bits=14}: bitz::piop::spartan::grinding: close time.busy=48.9µs time.idle=110ns
2026-10-07T19:58:53.155152Z  INFO falcon_algebraic:prove:falcon_algebraic:bitz:falcon_bridge:wfbitz_forest:spartan:grinding{bits=14}: bitz::piop::spartan::grinding: close time.busy=21.7µs time.idle=120ns
2026-10-07T19:58:53.155245Z  INFO falcon_algebraic:prove:falcon_algebraic:bitz:falcon_bridge:wfbitz_forest:spartan:grinding{bits=14}: bitz::piop::spartan::grinding: close time.busy=90.4µs time.idle=110ns
2026-10-07T19:58:53.155366Z  INFO falcon_algebraic:prove:falcon_algebraic:bitz:falcon_bridge:wfbitz_forest:spartan:grinding{bits=14}: bitz::piop::spartan::grinding: close time.busy=118µs time.idle=120ns
2026-10-07T19:58:53.155410Z  INFO falcon_algebraic:prove:falcon_algebraic:bitz:falcon_bridge:wfbitz_forest:spartan:grinding{bits=14}: bitz::piop::spartan::grinding: close time.busy=40.6µs time.idle=110ns
2026-10-07T19:58:53.155433Z  INFO falcon_algebraic:prove:falcon_algebraic:bitz:falcon_bridge:wfbitz_forest:spartan:grinding{bits=14}: bitz::piop::spartan::grinding: close time.busy=20.5µs time.idle=120ns
2026-10-07T19:58:53.157492Z  INFO falcon_algebraic:prove:falcon_algebraic:bitz:falcon_bridge:wfbitz_forest:spartan:grinding{bits=14}: bitz::piop::spartan::grinding: close time.busy=67.7µs time.idle=130ns
2026-10-07T19:58:53.159423Z  INFO falcon_algebraic:prove:falcon_algebraic:bitz:falcon_bridge:wfbitz_forest:spartan:grinding{bits=14}: bitz::piop::spartan::grinding: close time.busy=92.6µs time.idle=131ns
2026-10-07T19:58:53.160174Z  INFO falcon_algebraic:prove:falcon_algebraic:bitz:falcon_bridge:wfbitz_forest:spartan:grinding{bits=14}: bitz::piop::spartan::grinding: close time.busy=32.2µs time.idle=140ns
2026-10-07T19:58:53.160547Z  INFO falcon_algebraic:prove:falcon_algebraic:bitz:falcon_bridge:wfbitz_forest:spartan:grinding{bits=14}: bitz::piop::spartan::grinding: close time.busy=28.0µs time.idle=130ns
2026-10-07T19:58:53.160767Z  INFO falcon_algebraic:prove:falcon_algebraic:bitz:falcon_bridge:wfbitz_forest:spartan:grinding{bits=14}: bitz::piop::spartan::grinding: close time.busy=46.2µs time.idle=121ns
2026-10-07T19:58:53.160879Z  INFO falcon_algebraic:prove:falcon_algebraic:bitz:falcon_bridge:wfbitz_forest:spartan:grinding{bits=14}: bitz::piop::spartan::grinding: close time.busy=20.7µs time.idle=130ns
2026-10-07T19:58:53.160941Z  INFO falcon_algebraic:prove:falcon_algebraic:bitz:falcon_bridge:wfbitz_forest:spartan:grinding{bits=14}: bitz::piop::spartan::grinding: close time.busy=11.9µs time.idle=130ns
2026-10-07T19:58:53.160974Z  INFO falcon_algebraic:prove:falcon_algebraic:bitz:falcon_bridge:wfbitz_forest:spartan:grinding{bits=14}: bitz::piop::spartan::grinding: close time.busy=5.10µs time.idle=121ns
2026-10-07T19:58:53.161086Z  INFO falcon_algebraic:prove:falcon_algebraic:bitz:falcon_bridge:wfbitz_forest:spartan:grinding{bits=14}: bitz::piop::spartan::grinding: close time.busy=93.7µs time.idle=120ns
2026-10-07T19:58:53.161117Z  INFO falcon_algebraic:prove:falcon_algebraic:bitz:falcon_bridge:wfbitz_forest:spartan:grinding{bits=14}: bitz::piop::spartan::grinding: close time.busy=23.4µs time.idle=120ns
2026-10-07T19:58:53.161167Z  INFO falcon_algebraic:prove:falcon_algebraic:bitz:falcon_bridge:wfbitz_forest:spartan:grinding{bits=14}: bitz::piop::spartan::grinding: close time.busy=33.1µs time.idle=120ns
2026-10-07T19:58:53.161186Z  INFO falcon_algebraic:prove:falcon_algebraic:bitz:falcon_bridge:wfbitz_forest:spartan:grinding{bits=14}: bitz::piop::spartan::grinding: close time.busy=12.0µs time.idle=110ns
2026-10-07T19:58:53.161203Z  INFO falcon_algebraic:prove:falcon_algebraic:bitz:falcon_bridge:wfbitz_forest:spartan:grinding{bits=14}: bitz::piop::spartan::grinding: close time.busy=12.9µs time.idle=100ns
2026-10-07T19:58:53.161341Z  INFO falcon_algebraic:prove:falcon_algebraic:bitz:falcon_bridge:wfbitz_forest:spartan:grinding{bits=14}: bitz::piop::spartan::grinding: close time.busy=134µs time.idle=110ns
2026-10-07T19:58:53.161439Z  INFO falcon_algebraic:prove:falcon_algebraic:bitz:falcon_bridge:wfbitz_forest:spartan:grinding{bits=14}: bitz::piop::spartan::grinding: close time.busy=94.5µs time.idle=110ns
2026-10-07T19:58:53.161500Z  INFO falcon_algebraic:prove:falcon_algebraic:bitz:falcon_bridge:wfbitz_forest:spartan:grinding{bits=14}: bitz::piop::spartan::grinding: close time.busy=58.1µs time.idle=121ns
2026-10-07T19:58:53.161594Z  INFO falcon_algebraic:prove:falcon_algebraic:bitz:falcon_bridge:wfbitz_forest:spartan:grinding{bits=14}: bitz::piop::spartan::grinding: close time.busy=91.2µs time.idle=121ns
2026-10-07T19:58:53.161639Z  INFO falcon_algebraic:prove:falcon_algebraic:bitz:falcon_bridge:wfbitz_forest:spartan:grinding{bits=14}: bitz::piop::spartan::grinding: close time.busy=42.1µs time.idle=100ns
2026-10-07T19:58:53.161672Z  INFO falcon_algebraic:prove:falcon_algebraic:bitz:falcon_bridge:wfbitz_forest:spartan:grinding{bits=14}: bitz::piop::spartan::grinding: close time.busy=29.4µs time.idle=110ns
2026-10-07T19:58:53.161800Z  INFO falcon_algebraic:prove:falcon_algebraic:bitz:falcon_bridge:wfbitz_forest:spartan:grinding{bits=14}: bitz::piop::spartan::grinding: close time.busy=125µs time.idle=110ns
2026-10-07T19:58:53.161881Z  INFO falcon_algebraic:prove:falcon_algebraic:bitz:falcon_bridge:wfbitz_forest:spartan:grinding{bits=14}: bitz::piop::spartan::grinding: close time.busy=78.0µs time.idle=111ns
2026-10-07T19:58:53.161911Z  INFO falcon_algebraic:prove:falcon_algebraic:bitz:falcon_bridge:wfbitz_forest:spartan:grinding{bits=14}: bitz::piop::spartan::grinding: close time.busy=27.5µs time.idle=110ns
2026-10-07T19:58:53.165105Z  INFO falcon_algebraic:prove:falcon_algebraic:bitz:falcon_bridge:wfbitz_forest:spartan:grinding{bits=14}: bitz::piop::spartan::grinding: close time.busy=29.2µs time.idle=141ns
2026-10-07T19:58:53.167549Z  INFO falcon_algebraic:prove:falcon_algebraic:bitz:falcon_bridge:wfbitz_forest:spartan:grinding{bits=14}: bitz::piop::spartan::grinding: close time.busy=16.3µs time.idle=131ns
2026-10-07T19:58:53.169467Z  INFO falcon_algebraic:prove:falcon_algebraic:bitz:falcon_bridge:wfbitz_forest:spartan:grinding{bits=14}: bitz::piop::spartan::grinding: close time.busy=89.7µs time.idle=141ns
2026-10-07T19:58:53.170186Z  INFO falcon_algebraic:prove:falcon_algebraic:bitz:falcon_bridge:wfbitz_forest:spartan:grinding{bits=14}: bitz::piop::spartan::grinding: close time.busy=40.0µs time.idle=130ns
2026-10-07T19:58:53.170601Z  INFO falcon_algebraic:prove:falcon_algebraic:bitz:falcon_bridge:wfbitz_forest:spartan:grinding{bits=14}: bitz::piop::spartan::grinding: close time.busy=75.3µs time.idle=131ns
2026-10-07T19:58:53.170780Z  INFO falcon_algebraic:prove:falcon_algebraic:bitz:falcon_bridge:wfbitz_forest:spartan:grinding{bits=14}: bitz::piop::spartan::grinding: close time.busy=5.71µs time.idle=121ns
2026-10-07T19:58:53.170894Z  INFO falcon_algebraic:prove:falcon_algebraic:bitz:falcon_bridge:wfbitz_forest:spartan:grinding{bits=14}: bitz::piop::spartan::grinding: close time.busy=21.8µs time.idle=141ns
2026-10-07T19:58:53.170976Z  INFO falcon_algebraic:prove:falcon_algebraic:bitz:falcon_bridge:wfbitz_forest:spartan:grinding{bits=14}: bitz::piop::spartan::grinding: close time.busy=32.3µs time.idle=130ns
2026-10-07T19:58:53.171009Z  INFO falcon_algebraic:prove:falcon_algebraic:bitz:falcon_bridge:wfbitz_forest:spartan:grinding{bits=14}: bitz::piop::spartan::grinding: close time.busy=4.42µs time.idle=130ns
2026-10-07T19:58:53.171050Z  INFO falcon_algebraic:prove:falcon_algebraic:bitz:falcon_bridge:wfbitz_forest:spartan:grinding{bits=14}: bitz::piop::spartan::grinding: close time.busy=22.3µs time.idle=121ns
2026-10-07T19:58:53.171085Z  INFO falcon_algebraic:prove:falcon_algebraic:bitz:falcon_bridge:wfbitz_forest:spartan:grinding{bits=14}: bitz::piop::spartan::grinding: close time.busy=27.3µs time.idle=110ns
2026-10-07T19:58:53.171150Z  INFO falcon_algebraic:prove:falcon_algebraic:bitz:falcon_bridge:wfbitz_forest:spartan:grinding{bits=14}: bitz::piop::spartan::grinding: close time.busy=49.3µs time.idle=111ns
2026-10-07T19:58:53.171270Z  INFO falcon_algebraic:prove:falcon_algebraic:bitz:falcon_bridge:wfbitz_forest:spartan:grinding{bits=14}: bitz::piop::spartan::grinding: close time.busy=114µs time.idle=110ns
2026-10-07T19:58:53.171302Z  INFO falcon_algebraic:prove:falcon_algebraic:bitz:falcon_bridge:wfbitz_forest:spartan:grinding{bits=14}: bitz::piop::spartan::grinding: close time.busy=27.5µs time.idle=100ns
2026-10-07T19:58:53.171368Z  INFO falcon_algebraic:prove:falcon_algebraic:bitz:falcon_bridge:wfbitz_forest:spartan:grinding{bits=14}: bitz::piop::spartan::grinding: close time.busy=62.5µs time.idle=121ns
2026-10-07T19:58:53.171490Z  INFO falcon_algebraic:prove:falcon_algebraic:bitz:falcon_bridge:wfbitz_forest:spartan:grinding{bits=14}: bitz::piop::spartan::grinding: close time.busy=120µs time.idle=100ns
2026-10-07T19:58:53.171523Z  INFO falcon_algebraic:prove:falcon_algebraic:bitz:falcon_bridge:wfbitz_forest:spartan:grinding{bits=14}: bitz::piop::spartan::grinding: close time.busy=29.9µs time.idle=121ns
2026-10-07T19:58:53.171550Z  INFO falcon_algebraic:prove:falcon_algebraic:bitz:falcon_bridge:wfbitz_forest:spartan:grinding{bits=14}: bitz::piop::spartan::grinding: close time.busy=23.9µs time.idle=121ns
2026-10-07T19:58:53.171769Z  INFO falcon_algebraic:prove:falcon_algebraic:bitz:falcon_bridge:wfbitz_forest:spartan:grinding{bits=14}: bitz::piop::spartan::grinding: close time.busy=216µs time.idle=110ns
2026-10-07T19:58:53.171820Z  INFO falcon_algebraic:prove:falcon_algebraic:bitz:falcon_bridge:wfbitz_forest:spartan:grinding{bits=14}: bitz::piop::spartan::grinding: close time.busy=48.7µs time.idle=110ns
2026-10-07T19:58:53.171918Z  INFO falcon_algebraic:prove:falcon_algebraic:bitz:falcon_bridge:wfbitz_forest:spartan:grinding{bits=14}: bitz::piop::spartan::grinding: close time.busy=95.1µs time.idle=111ns
2026-10-07T19:58:53.171947Z  INFO falcon_algebraic:prove:falcon_algebraic:bitz:falcon_bridge:wfbitz_forest:spartan:grinding{bits=14}: bitz::piop::spartan::grinding: close time.busy=26.0µs time.idle=100ns
2026-10-07T19:58:53.172096Z  INFO falcon_algebraic:prove:falcon_algebraic:bitz:falcon_bridge:wfbitz_forest:spartan:grinding{bits=14}: bitz::piop::spartan::grinding: close time.busy=146µs time.idle=110ns
2026-10-07T19:58:53.175607Z  INFO falcon_algebraic:prove:falcon_algebraic:bitz:falcon_bridge:wfbitz_forest:spartan:grinding{bits=14}: bitz::piop::spartan::grinding: close time.busy=78.6µs time.idle=120ns
2026-10-07T19:58:53.175630Z  INFO falcon_algebraic:prove:falcon_algebraic:bitz:falcon_bridge:wfbitz_forest:spartan:grinding{bits=14}: bitz::piop::spartan::grinding: close time.busy=19.7µs time.idle=120ns
2026-10-07T19:58:53.178099Z  INFO falcon_algebraic:prove:falcon_algebraic:bitz:falcon_bridge:wfbitz_forest:spartan:grinding{bits=14}: bitz::piop::spartan::grinding: close time.busy=66.9µs time.idle=130ns
2026-10-07T19:58:53.179952Z  INFO falcon_algebraic:prove:falcon_algebraic:bitz:falcon_bridge:wfbitz_forest:spartan:grinding{bits=14}: bitz::piop::spartan::grinding: close time.busy=28.0µs time.idle=120ns
2026-10-07T19:58:53.180718Z  INFO falcon_algebraic:prove:falcon_algebraic:bitz:falcon_bridge:wfbitz_forest:spartan:grinding{bits=14}: bitz::piop::spartan::grinding: close time.busy=85.9µs time.idle=131ns
2026-10-07T19:58:53.181165Z  INFO falcon_algebraic:prove:falcon_algebraic:bitz:falcon_bridge:wfbitz_forest:spartan:grinding{bits=14}: bitz::piop::spartan::grinding: close time.busy=105µs time.idle=120ns
2026-10-07T19:58:53.181385Z  INFO falcon_algebraic:prove:falcon_algebraic:bitz:falcon_bridge:wfbitz_forest:spartan:grinding{bits=14}: bitz::piop::spartan::grinding: close time.busy=44.2µs time.idle=140ns
2026-10-07T19:58:53.181512Z  INFO falcon_algebraic:prove:falcon_algebraic:bitz:falcon_bridge:wfbitz_forest:spartan:grinding{bits=14}: bitz::piop::spartan::grinding: close time.busy=35.4µs time.idle=130ns
2026-10-07T19:58:53.181566Z  INFO falcon_algebraic:prove:falcon_algebraic:bitz:falcon_bridge:wfbitz_forest:spartan:grinding{bits=14}: bitz::piop::spartan::grinding: close time.busy=4.99µs time.idle=131ns
2026-10-07T19:58:53.181707Z  INFO falcon_algebraic:prove:falcon_algebraic:bitz:falcon_bridge:wfbitz_forest:spartan:grinding{bits=14}: bitz::piop::spartan::grinding: close time.busy=111µs time.idle=110ns
2026-10-07T19:58:53.181792Z  INFO falcon_algebraic:prove:falcon_algebraic:bitz:falcon_bridge:wfbitz_forest:spartan:grinding{bits=14}: bitz::piop::spartan::grinding: close time.busy=67.6µs time.idle=110ns
2026-10-07T19:58:53.181879Z  INFO falcon_algebraic:prove:falcon_algebraic:bitz:falcon_bridge:wfbitz_forest:spartan:grinding{bits=14}: bitz::piop::spartan::grinding: close time.busy=78.6µs time.idle=110ns
2026-10-07T19:58:53.181936Z  INFO falcon_algebraic:prove:falcon_algebraic:bitz:falcon_bridge:wfbitz_forest:spartan:grinding{bits=14}: bitz::piop::spartan::grinding: close time.busy=39.9µs time.idle=111ns
2026-10-07T19:58:53.181952Z  INFO falcon_algebraic:prove:falcon_algebraic:bitz:falcon_bridge:wfbitz_forest:spartan:grinding{bits=14}: bitz::piop::spartan::grinding: close time.busy=11.2µs time.idle=120ns
2026-10-07T19:58:53.182000Z  INFO falcon_algebraic:prove:falcon_algebraic:bitz:falcon_bridge:wfbitz_forest:spartan:grinding{bits=14}: bitz::piop::spartan::grinding: close time.busy=43.7µs time.idle=100ns
2026-10-07T19:58:53.182053Z  INFO falcon_algebraic:prove:falcon_algebraic:bitz:falcon_bridge:wfbitz_forest:spartan:grinding{bits=14}: bitz::piop::spartan::grinding: close time.busy=49.5µs time.idle=110ns
2026-10-07T19:58:53.182171Z  INFO falcon_algebraic:prove:falcon_algebraic:bitz:falcon_bridge:wfbitz_forest:spartan:grinding{bits=14}: bitz::piop::spartan::grinding: close time.busy=115µs time.idle=110ns
2026-10-07T19:58:53.182195Z  INFO falcon_algebraic:prove:falcon_algebraic:bitz:falcon_bridge:wfbitz_forest:spartan:grinding{bits=14}: bitz::piop::spartan::grinding: close time.busy=20.7µs time.idle=111ns
2026-10-07T19:58:53.182231Z  INFO falcon_algebraic:prove:falcon_algebraic:bitz:falcon_bridge:wfbitz_forest:spartan:grinding{bits=14}: bitz::piop::spartan::grinding: close time.busy=32.6µs time.idle=110ns
2026-10-07T19:58:53.182279Z  INFO falcon_algebraic:prove:falcon_algebraic:bitz:falcon_bridge:wfbitz_forest:spartan:grinding{bits=14}: bitz::piop::spartan::grinding: close time.busy=45.6µs time.idle=111ns
2026-10-07T19:58:53.182371Z  INFO falcon_algebraic:prove:falcon_algebraic:bitz:falcon_bridge:wfbitz_forest:spartan:grinding{bits=14}: bitz::piop::spartan::grinding: close time.busy=89.2µs time.idle=120ns
2026-10-07T19:58:53.182396Z  INFO falcon_algebraic:prove:falcon_algebraic:bitz:falcon_bridge:wfbitz_forest:spartan:grinding{bits=14}: bitz::piop::spartan::grinding: close time.busy=22.2µs time.idle=121ns
2026-10-07T19:58:53.182460Z  INFO falcon_algebraic:prove:falcon_algebraic:bitz:falcon_bridge:wfbitz_forest:spartan:grinding{bits=14}: bitz::piop::spartan::grinding: close time.busy=61.3µs time.idle=90.0ns
2026-10-07T19:58:53.182468Z  INFO falcon_algebraic:prove:falcon_algebraic:bitz:falcon_bridge:wfbitz_forest:spartan:grinding{bits=14}: bitz::piop::spartan::grinding: close time.busy=4.81µs time.idle=131ns
2026-10-07T19:58:53.185483Z  INFO falcon_algebraic:prove:falcon_algebraic:bitz:falcon_bridge:wfbitz_forest:spartan:grinding{bits=14}: bitz::piop::spartan::grinding: close time.busy=23.3µs time.idle=130ns
2026-10-07T19:58:53.185535Z  INFO falcon_algebraic:prove:falcon_algebraic:bitz:falcon_bridge:wfbitz_forest:spartan:grinding{bits=14}: bitz::piop::spartan::grinding: close time.busy=48.5µs time.idle=120ns
2026-10-07T19:58:53.185561Z  INFO falcon_algebraic:prove:falcon_algebraic:bitz:falcon_bridge:wfbitz_forest:spartan:grinding{bits=14}: bitz::piop::spartan::grinding: close time.busy=21.7µs time.idle=110ns
2026-10-07T19:58:53.188076Z  INFO falcon_algebraic:prove:falcon_algebraic:bitz:falcon_bridge:wfbitz_forest:spartan:grinding{bits=14}: bitz::piop::spartan::grinding: close time.busy=15.9µs time.idle=120ns
2026-10-07T19:58:53.189960Z  INFO falcon_algebraic:prove:falcon_algebraic:bitz:falcon_bridge:wfbitz_forest:spartan:grinding{bits=14}: bitz::piop::spartan::grinding: close time.busy=61.9µs time.idle=140ns
2026-10-07T19:58:53.190665Z  INFO falcon_algebraic:prove:falcon_algebraic:bitz:falcon_bridge:wfbitz_forest:spartan:grinding{bits=14}: bitz::piop::spartan::grinding: close time.busy=28.6µs time.idle=141ns
2026-10-07T19:58:53.191038Z  INFO falcon_algebraic:prove:falcon_algebraic:bitz:falcon_bridge:wfbitz_forest:spartan:grinding{bits=14}: bitz::piop::spartan::grinding: close time.busy=32.2µs time.idle=131ns
2026-10-07T19:58:53.191224Z  INFO falcon_algebraic:prove:falcon_algebraic:bitz:falcon_bridge:wfbitz_forest:spartan:grinding{bits=14}: bitz::piop::spartan::grinding: close time.busy=9.29µs time.idle=130ns
2026-10-07T19:58:53.191358Z  INFO falcon_algebraic:prove:falcon_algebraic:bitz:falcon_bridge:wfbitz_forest:spartan:grinding{bits=14}: bitz::piop::spartan::grinding: close time.busy=43.0µs time.idle=131ns
2026-10-07T19:58:53.191496Z  INFO falcon_algebraic:prove:falcon_algebraic:bitz:falcon_bridge:wfbitz_forest:spartan:grinding{bits=14}: bitz::piop::spartan::grinding: close time.busy=87.7µs time.idle=130ns
2026-10-07T19:58:53.191620Z  INFO falcon_algebraic:prove:falcon_algebraic:bitz:falcon_bridge:wfbitz_forest:spartan:grinding{bits=14}: bitz::piop::spartan::grinding: close time.busy=94.2µs time.idle=130ns
2026-10-07T19:58:53.191653Z  INFO falcon_algebraic:prove:falcon_algebraic:bitz:falcon_bridge:wfbitz_forest:spartan:grinding{bits=14}: bitz::piop::spartan::grinding: close time.busy=15.8µs time.idle=120ns
2026-10-07T19:58:53.191726Z  INFO falcon_algebraic:prove:falcon_algebraic:bitz:falcon_bridge:wfbitz_forest:spartan:grinding{bits=14}: bitz::piop::spartan::grinding: close time.busy=64.3µs time.idle=120ns
2026-10-07T19:58:53.191753Z  INFO falcon_algebraic:prove:falcon_algebraic:bitz:falcon_bridge:wfbitz_forest:spartan:grinding{bits=14}: bitz::piop::spartan::grinding: close time.busy=10.5µs time.idle=120ns
2026-10-07T19:58:53.191783Z  INFO falcon_algebraic:prove:falcon_algebraic:bitz:falcon_bridge:wfbitz_forest:spartan:grinding{bits=14}: bitz::piop::spartan::grinding: close time.busy=23.7µs time.idle=111ns
2026-10-07T19:58:53.191827Z  INFO falcon_algebraic:prove:falcon_algebraic:bitz:falcon_bridge:wfbitz_forest:spartan:grinding{bits=14}: bitz::piop::spartan::grinding: close time.busy=40.2µs time.idle=121ns
2026-10-07T19:58:53.191953Z  INFO falcon_algebraic:prove:falcon_algebraic:bitz:falcon_bridge:wfbitz_forest:spartan:grinding{bits=14}: bitz::piop::spartan::grinding: close time.busy=121µs time.idle=132ns
2026-10-07T19:58:53.191986Z  INFO falcon_algebraic:prove:falcon_algebraic:bitz:falcon_bridge:wfbitz_forest:spartan:grinding{bits=14}: bitz::piop::spartan::grinding: close time.busy=30.3µs time.idle=100ns
2026-10-07T19:58:53.192095Z  INFO falcon_algebraic:prove:falcon_algebraic:bitz:falcon_bridge:wfbitz_forest:spartan:grinding{bits=14}: bitz::piop::spartan::grinding: close time.busy=107µs time.idle=110ns
2026-10-07T19:58:53.192146Z  INFO falcon_algebraic:prove:falcon_algebraic:bitz:falcon_bridge:wfbitz_forest:spartan:grinding{bits=14}: bitz::piop::spartan::grinding: close time.busy=47.3µs time.idle=120ns
2026-10-07T19:58:53.192162Z  INFO falcon_algebraic:prove:falcon_algebraic:bitz:falcon_bridge:wfbitz_forest:spartan:grinding{bits=14}: bitz::piop::spartan::grinding: close time.busy=13.2µs time.idle=110ns
2026-10-07T19:58:53.192212Z  INFO falcon_algebraic:prove:falcon_algebraic:bitz:falcon_bridge:wfbitz_forest:spartan:grinding{bits=14}: bitz::piop::spartan::grinding: close time.busy=47.6µs time.idle=110ns
2026-10-07T19:58:53.192331Z  INFO falcon_algebraic:prove:falcon_algebraic:bitz:falcon_bridge:wfbitz_forest:spartan:grinding{bits=14}: bitz::piop::spartan::grinding: close time.busy=115µs time.idle=120ns
2026-10-07T19:58:53.192381Z  INFO falcon_algebraic:prove:falcon_algebraic:bitz:falcon_bridge:wfbitz_forest:spartan:grinding{bits=14}: bitz::piop::spartan::grinding: close time.busy=46.9µs time.idle=120ns
2026-10-07T19:58:53.192423Z  INFO falcon_algebraic:prove:falcon_algebraic:bitz:falcon_bridge:wfbitz_forest:spartan:grinding{bits=14}: bitz::piop::spartan::grinding: close time.busy=39.7µs time.idle=100ns
2026-10-07T19:58:53.192875Z  INFO falcon_algebraic:prove:falcon_algebraic:bitz:falcon_bridge:wfbitz_forest: bitz::hybrid::integer_bridge: close time.busy=61.9ms time.idle=150ns
2026-10-07T19:58:53.192942Z  INFO falcon_algebraic:prove:falcon_algebraic:bitz: bitz::piop::spartan::falcon512_algebraic::protocol: close time.busy=66.0ms time.idle=150ns
2026-10-07T19:58:53.196376Z  INFO falcon_algebraic:prove:falcon_joint:packed_setup: bitz::hybrid::joint_sumcheck: close time.busy=3.43ms time.idle=161ns
2026-10-07T19:58:53.196430Z  INFO falcon_algebraic:prove:spartan:round_grinding_prove:spartan:grinding{bits=10}: bitz::piop::spartan::grinding: close time.busy=2.13µs time.idle=140ns
2026-10-07T19:58:53.196431Z  INFO falcon_algebraic:prove:spartan:round_grinding_prove: bitz::sumcheck::boundary: close time.busy=4.82µs time.idle=150ns
2026-10-07T19:58:53.196490Z  INFO falcon_algebraic:prove:spartan:round_grinding_prove:spartan:grinding{bits=10}: bitz::piop::spartan::grinding: close time.busy=350ns time.idle=131ns
2026-10-07T19:58:53.196491Z  INFO falcon_algebraic:prove:spartan:round_grinding_prove: bitz::sumcheck::boundary: close time.busy=2.77µs time.idle=110ns
2026-10-07T19:58:53.196549Z  INFO falcon_algebraic:prove:spartan:round_grinding_prove:spartan:grinding{bits=10}: bitz::piop::spartan::grinding: close time.busy=4.61µs time.idle=111ns
2026-10-07T19:58:53.196551Z  INFO falcon_algebraic:prove:spartan:round_grinding_prove: bitz::sumcheck::boundary: close time.busy=6.74µs time.idle=110ns
2026-10-07T19:58:53.196621Z  INFO falcon_algebraic:prove:spartan:round_grinding_prove:spartan:grinding{bits=10}: bitz::piop::spartan::grinding: close time.busy=19.2µs time.idle=100ns
2026-10-07T19:58:53.196622Z  INFO falcon_algebraic:prove:spartan:round_grinding_prove: bitz::sumcheck::boundary: close time.busy=21.3µs time.idle=100ns
2026-10-07T19:58:53.196676Z  INFO falcon_algebraic:prove:spartan:round_grinding_prove:spartan:grinding{bits=10}: bitz::piop::spartan::grinding: close time.busy=3.81µs time.idle=110ns
2026-10-07T19:58:53.196678Z  INFO falcon_algebraic:prove:spartan:round_grinding_prove: bitz::sumcheck::boundary: close time.busy=6.29µs time.idle=110ns
2026-10-07T19:58:53.196728Z  INFO falcon_algebraic:prove:spartan:round_grinding_prove:spartan:grinding{bits=10}: bitz::piop::spartan::grinding: close time.busy=411ns time.idle=100ns
2026-10-07T19:58:53.196729Z  INFO falcon_algebraic:prove:spartan:round_grinding_prove: bitz::sumcheck::boundary: close time.busy=2.58µs time.idle=91.0ns
2026-10-07T19:58:53.196782Z  INFO falcon_algebraic:prove:spartan:round_grinding_prove:spartan:grinding{bits=10}: bitz::piop::spartan::grinding: close time.busy=3.20µs time.idle=110ns
2026-10-07T19:58:53.196783Z  INFO falcon_algebraic:prove:spartan:round_grinding_prove: bitz::sumcheck::boundary: close time.busy=5.27µs time.idle=120ns
2026-10-07T19:58:53.198268Z  INFO falcon_algebraic:prove:falcon_joint:prepare: bitz::hybrid::joint_sumcheck: close time.busy=1.48ms time.idle=131ns
2026-10-07T19:58:53.198281Z  INFO falcon_algebraic:prove:spartan:round_grinding_prove:spartan:grinding{bits=10}: bitz::piop::spartan::grinding: close time.busy=8.77µs time.idle=110ns
2026-10-07T19:58:53.198283Z  INFO falcon_algebraic:prove:spartan:round_grinding_prove: bitz::sumcheck::boundary: close time.busy=11.3µs time.idle=441ns
2026-10-07T19:58:53.198691Z  INFO falcon_algebraic:prove:falcon_joint:compact: bitz::hybrid::joint_sumcheck: close time.busy=406µs time.idle=131ns
2026-10-07T19:58:53.198698Z  INFO falcon_algebraic:prove:spartan:round_grinding_prove:spartan:grinding{bits=10}: bitz::piop::spartan::grinding: close time.busy=681ns time.idle=120ns
2026-10-07T19:58:53.198699Z  INFO falcon_algebraic:prove:spartan:round_grinding_prove: bitz::sumcheck::boundary: close time.busy=3.30µs time.idle=181ns
2026-10-07T19:58:53.198856Z  INFO falcon_algebraic:prove:falcon_joint:compact: bitz::hybrid::joint_sumcheck: close time.busy=155µs time.idle=110ns
2026-10-07T19:58:53.198863Z  INFO falcon_algebraic:prove:spartan:round_grinding_prove:spartan:grinding{bits=10}: bitz::piop::spartan::grinding: close time.busy=3.57µs time.idle=120ns
2026-10-07T19:58:53.198864Z  INFO falcon_algebraic:prove:spartan:round_grinding_prove: bitz::sumcheck::boundary: close time.busy=6.66µs time.idle=250ns
2026-10-07T19:58:53.198955Z  INFO falcon_algebraic:prove:falcon_joint:compact: bitz::hybrid::joint_sumcheck: close time.busy=89.1µs time.idle=111ns
2026-10-07T19:58:53.198962Z  INFO falcon_algebraic:prove:spartan:round_grinding_prove:spartan:grinding{bits=10}: bitz::piop::spartan::grinding: close time.busy=4.37µs time.idle=110ns
2026-10-07T19:58:53.198964Z  INFO falcon_algebraic:prove:spartan:round_grinding_prove: bitz::sumcheck::boundary: close time.busy=6.51µs time.idle=110ns
2026-10-07T19:58:53.199041Z  INFO falcon_algebraic:prove:falcon_joint:compact: bitz::hybrid::joint_sumcheck: close time.busy=75.6µs time.idle=110ns
2026-10-07T19:58:53.199044Z  INFO falcon_algebraic:prove:spartan:round_grinding_prove:spartan:grinding{bits=10}: bitz::piop::spartan::grinding: close time.busy=351ns time.idle=100ns
2026-10-07T19:58:53.199046Z  INFO falcon_algebraic:prove:spartan:round_grinding_prove: bitz::sumcheck::boundary: close time.busy=3.95µs time.idle=120ns
2026-10-07T19:58:53.199065Z  INFO falcon_algebraic:prove:falcon_joint:dense: bitz::hybrid::joint_sumcheck: close time.busy=16.6µs time.idle=140ns
2026-10-07T19:58:53.199069Z  INFO falcon_algebraic:prove:spartan:round_grinding_prove:spartan:grinding{bits=10}: bitz::piop::spartan::grinding: close time.busy=1.49µs time.idle=111ns
2026-10-07T19:58:53.199070Z  INFO falcon_algebraic:prove:spartan:round_grinding_prove: bitz::sumcheck::boundary: close time.busy=3.58µs time.idle=90.0ns
2026-10-07T19:58:53.199081Z  INFO falcon_algebraic:prove:falcon_joint:dense: bitz::hybrid::joint_sumcheck: close time.busy=9.48µs time.idle=120ns
2026-10-07T19:58:53.199086Z  INFO falcon_algebraic:prove:spartan:round_grinding_prove:spartan:grinding{bits=10}: bitz::piop::spartan::grinding: close time.busy=2.69µs time.idle=110ns
2026-10-07T19:58:53.199087Z  INFO falcon_algebraic:prove:spartan:round_grinding_prove: bitz::sumcheck::boundary: close time.busy=4.90µs time.idle=100ns
2026-10-07T19:58:53.199095Z  INFO falcon_algebraic:prove:falcon_joint:dense: bitz::hybrid::joint_sumcheck: close time.busy=6.40µs time.idle=110ns
2026-10-07T19:58:53.199100Z  INFO falcon_algebraic:prove:spartan:round_grinding_prove:spartan:grinding{bits=10}: bitz::piop::spartan::grinding: close time.busy=2.85µs time.idle=110ns
2026-10-07T19:58:53.199101Z  INFO falcon_algebraic:prove:spartan:round_grinding_prove: bitz::sumcheck::boundary: close time.busy=5.02µs time.idle=110ns
2026-10-07T19:58:53.199104Z  INFO falcon_algebraic:prove:falcon_joint:dense: bitz::hybrid::joint_sumcheck: close time.busy=1.37µs time.idle=100ns
2026-10-07T19:58:53.199107Z  INFO falcon_algebraic:prove:spartan:round_grinding_prove:spartan:grinding{bits=10}: bitz::piop::spartan::grinding: close time.busy=340ns time.idle=121ns
2026-10-07T19:58:53.199108Z  INFO falcon_algebraic:prove:spartan:round_grinding_prove: bitz::sumcheck::boundary: close time.busy=2.62µs time.idle=110ns
2026-10-07T19:58:53.199111Z  INFO falcon_algebraic:prove:falcon_joint:dense: bitz::hybrid::joint_sumcheck: close time.busy=741ns time.idle=90.0ns
2026-10-07T19:58:53.199114Z  INFO falcon_algebraic:prove:spartan:round_grinding_prove:spartan:grinding{bits=10}: bitz::piop::spartan::grinding: close time.busy=1.15µs time.idle=120ns
2026-10-07T19:58:53.199116Z  INFO falcon_algebraic:prove:spartan:round_grinding_prove: bitz::sumcheck::boundary: close time.busy=3.96µs time.idle=120ns
2026-10-07T19:58:53.199118Z  INFO falcon_algebraic:prove:falcon_joint:dense: bitz::hybrid::joint_sumcheck: close time.busy=391ns time.idle=100ns
2026-10-07T19:58:53.199127Z  INFO falcon_algebraic:prove:spartan:round_grinding_prove:spartan:grinding{bits=10}: bitz::piop::spartan::grinding: close time.busy=6.56µs time.idle=111ns
2026-10-07T19:58:53.199128Z  INFO falcon_algebraic:prove:spartan:round_grinding_prove: bitz::sumcheck::boundary: close time.busy=8.83µs time.idle=110ns
2026-10-07T19:58:53.199130Z  INFO falcon_algebraic:prove:falcon_joint:dense: bitz::hybrid::joint_sumcheck: close time.busy=220ns time.idle=120ns
2026-10-07T19:58:53.199133Z  INFO falcon_algebraic:prove:spartan:round_grinding_prove:spartan:grinding{bits=10}: bitz::piop::spartan::grinding: close time.busy=1.69µs time.idle=121ns
2026-10-07T19:58:53.199134Z  INFO falcon_algebraic:prove:spartan:round_grinding_prove: bitz::sumcheck::boundary: close time.busy=3.70µs time.idle=101ns
2026-10-07T19:58:53.199136Z  INFO falcon_algebraic:prove:falcon_joint:dense: bitz::hybrid::joint_sumcheck: close time.busy=151ns time.idle=120ns
2026-10-07T19:58:53.199139Z  INFO falcon_algebraic:prove:spartan:round_grinding_prove:spartan:grinding{bits=10}: bitz::piop::spartan::grinding: close time.busy=1.15µs time.idle=120ns
2026-10-07T19:58:53.199140Z  INFO falcon_algebraic:prove:spartan:round_grinding_prove: bitz::sumcheck::boundary: close time.busy=3.16µs time.idle=90.0ns
2026-10-07T19:58:53.199142Z  INFO falcon_algebraic:prove:falcon_joint:dense: bitz::hybrid::joint_sumcheck: close time.busy=110ns time.idle=120ns
2026-10-07T19:58:53.199154Z  INFO falcon_algebraic:prove:spartan:round_grinding_prove:spartan:grinding{bits=10}: bitz::piop::spartan::grinding: close time.busy=9.47µs time.idle=110ns
2026-10-07T19:58:53.199155Z  INFO falcon_algebraic:prove:spartan:round_grinding_prove: bitz::sumcheck::boundary: close time.busy=11.5µs time.idle=110ns
2026-10-07T19:58:53.199156Z  INFO falcon_algebraic:prove:falcon_joint:dense: bitz::hybrid::joint_sumcheck: close time.busy=90.0ns time.idle=100ns
2026-10-07T19:58:53.199164Z  INFO falcon_algebraic:prove:spartan:round_grinding_prove:spartan:grinding{bits=10}: bitz::piop::spartan::grinding: close time.busy=5.76µs time.idle=110ns
2026-10-07T19:58:53.199165Z  INFO falcon_algebraic:prove:spartan:round_grinding_prove: bitz::sumcheck::boundary: close time.busy=7.76µs time.idle=110ns
2026-10-07T19:58:53.199167Z  INFO falcon_algebraic:prove:falcon_joint:dense: bitz::hybrid::joint_sumcheck: close time.busy=91.0ns time.idle=100ns
2026-10-07T19:58:53.199177Z  INFO falcon_algebraic:prove:spartan:round_grinding_prove:spartan:grinding{bits=10}: bitz::piop::spartan::grinding: close time.busy=7.83µs time.idle=111ns
2026-10-07T19:58:53.199178Z  INFO falcon_algebraic:prove:spartan:round_grinding_prove: bitz::sumcheck::boundary: close time.busy=9.85µs time.idle=110ns
2026-10-07T19:58:53.199180Z  INFO falcon_algebraic:prove:falcon_joint:dense: bitz::hybrid::joint_sumcheck: close time.busy=241ns time.idle=100ns
2026-10-07T19:58:53.199191Z  INFO falcon_algebraic:prove:spartan:round_grinding_prove:spartan:grinding{bits=10}: bitz::piop::spartan::grinding: close time.busy=8.77µs time.idle=110ns
2026-10-07T19:58:53.199192Z  INFO falcon_algebraic:prove:spartan:round_grinding_prove: bitz::sumcheck::boundary: close time.busy=10.9µs time.idle=120ns
2026-10-07T19:58:53.199194Z  INFO falcon_algebraic:prove:falcon_joint:dense: bitz::hybrid::joint_sumcheck: close time.busy=80.0ns time.idle=110ns
2026-10-07T19:58:53.199197Z  INFO falcon_algebraic:prove:spartan:round_grinding_prove:spartan:grinding{bits=10}: bitz::piop::spartan::grinding: close time.busy=1.10µs time.idle=110ns
2026-10-07T19:58:53.199198Z  INFO falcon_algebraic:prove:spartan:round_grinding_prove: bitz::sumcheck::boundary: close time.busy=3.15µs time.idle=100ns
2026-10-07T19:58:53.199200Z  INFO falcon_algebraic:prove:falcon_joint:dense: bitz::hybrid::joint_sumcheck: close time.busy=60.0ns time.idle=120ns
2026-10-07T19:58:53.202610Z  INFO falcon_algebraic:prove:falcon_algebraic:pcs:op:ring_switch:spartan:grinding{bits=12}: bitz::piop::spartan::grinding: close time.busy=11.3µs time.idle=130ns
2026-10-07T19:58:53.202623Z  INFO falcon_algebraic:prove:falcon_algebraic:pcs:op:ring_switch: bitz::hybrid::opening: close time.busy=3.42ms time.idle=141ns
2026-10-07T19:58:53.202633Z  INFO falcon_algebraic:prove:falcon_algebraic:pcs:op:extra_bases:spartan:grinding{bits=12}: bitz::piop::spartan::grinding: close time.busy=7.08µs time.idle=120ns
2026-10-07T19:58:53.206355Z  INFO falcon_algebraic:prove:falcon_algebraic:pcs:op:extra_bases:op:initial_messages: bitz::hybrid::opening::streamed: close time.busy=3.71ms time.idle=140ns
2026-10-07T19:58:53.206357Z  INFO falcon_algebraic:prove:falcon_algebraic:pcs:op:extra_bases: bitz::hybrid::opening: close time.busy=3.73ms time.idle=140ns
2026-10-07T19:58:53.206374Z  INFO falcon_algebraic:prove:falcon_algebraic:pcs:op:ligerito:lig:grind_pow{bits=20}:spartan:grinding{bits=12}: bitz::piop::spartan::grinding: close time.busy=11.3µs time.idle=110ns
2026-10-07T19:58:53.212976Z  INFO falcon_algebraic:prove:falcon_algebraic:pcs:op:ligerito:lig:grind_pow{bits=20 seed_lo=16375824786920364557 seed_hi=1983144282459121119 nonce=1785466}: bitz::ligerito_flock: close time.busy=6.61ms time.idle=120ns
2026-10-07T19:58:53.212988Z  INFO falcon_algebraic:prove:falcon_algebraic:pcs:op:ligerito:spartan:grinding{bits=12}: bitz::piop::spartan::grinding: close time.busy=8.82µs time.idle=121ns
2026-10-07T19:58:53.213029Z  INFO falcon_algebraic:prove:falcon_algebraic:pcs:op:ligerito:lig:grind_pow{bits=20}:spartan:grinding{bits=12}: bitz::piop::spartan::grinding: close time.busy=38.0µs time.idle=110ns
2026-10-07T19:58:53.218352Z  INFO falcon_algebraic:prove:falcon_algebraic:pcs:op:ligerito:lig:grind_pow{bits=20 seed_lo=14517310510578505501 seed_hi=6928831755814259526 nonce=1434179}: bitz::ligerito_flock: close time.busy=5.36ms time.idle=110ns
2026-10-07T19:58:53.218372Z  INFO falcon_algebraic:prove:falcon_algebraic:pcs:op:ligerito:spartan:grinding{bits=12}: bitz::piop::spartan::grinding: close time.busy=17.5µs time.idle=110ns
2026-10-07T19:58:53.219622Z  INFO falcon_algebraic:prove:falcon_algebraic:pcs:op:ligerito:op:deferred_first_fold: bitz::hybrid::opening::streamed: close time.busy=1.25ms time.idle=130ns
2026-10-07T19:58:53.219656Z  INFO falcon_algebraic:prove:falcon_algebraic:pcs:op:ligerito:lig:grind_pow{bits=20}:spartan:grinding{bits=12}: bitz::piop::spartan::grinding: close time.busy=29.1µs time.idle=121ns
2026-10-07T19:58:53.222414Z  INFO falcon_algebraic:prove:falcon_algebraic:pcs:op:ligerito:lig:grind_pow{bits=20 seed_lo=14441719486906525332 seed_hi=4887251053874519830 nonce=749449}: bitz::ligerito_flock: close time.busy=2.79ms time.idle=170ns
2026-10-07T19:58:53.222429Z  INFO falcon_algebraic:prove:falcon_algebraic:pcs:op:ligerito:spartan:grinding{bits=12}: bitz::piop::spartan::grinding: close time.busy=13.3µs time.idle=110ns
2026-10-07T19:58:53.222448Z  INFO falcon_algebraic:prove:falcon_algebraic:pcs:op:ligerito:lig:grind_pow{bits=20}:spartan:grinding{bits=12}: bitz::piop::spartan::grinding: close time.busy=14.8µs time.idle=110ns
2026-10-07T19:58:53.224813Z  INFO falcon_algebraic:prove:falcon_algebraic:pcs:op:ligerito:lig:grind_pow{bits=20 seed_lo=4040019448686371158 seed_hi=12007848838415722241 nonce=638779}: bitz::ligerito_flock: close time.busy=2.38ms time.idle=121ns
2026-10-07T19:58:53.224838Z  INFO falcon_algebraic:prove:falcon_algebraic:pcs:op:ligerito:spartan:grinding{bits=12}: bitz::piop::spartan::grinding: close time.busy=23.1µs time.idle=110ns
2026-10-07T19:58:53.225855Z  INFO falcon_algebraic:prove:falcon_algebraic:pcs:op:ligerito:lig:grind_pow{bits=11}:spartan:grinding{bits=12}: bitz::piop::spartan::grinding: close time.busy=25.4µs time.idle=121ns
2026-10-07T19:58:53.225865Z  INFO falcon_algebraic:prove:falcon_algebraic:pcs:op:ligerito:lig:grind_pow{bits=11 seed_lo=12168614032339833606 seed_hi=677864334761961363 nonce=1876}: bitz::ligerito_flock: close time.busy=35.8µs time.idle=130ns
2026-10-07T19:58:53.225892Z  INFO falcon_algebraic:prove:falcon_algebraic:pcs:op:ligerito:spartan:grinding{bits=12}: bitz::piop::spartan::grinding: close time.busy=24.3µs time.idle=120ns
2026-10-07T19:58:53.226861Z  INFO falcon_algebraic:prove:falcon_algebraic:pcs:op:ligerito:lig:grind_pow{bits=7}:spartan:grinding{bits=12}: bitz::piop::spartan::grinding: close time.busy=6.47µs time.idle=110ns
2026-10-07T19:58:53.226864Z  INFO falcon_algebraic:prove:falcon_algebraic:pcs:op:ligerito:lig:grind_pow{bits=7 seed_lo=12556229113317911125 seed_hi=6749826581381619231 nonce=24}: bitz::ligerito_flock: close time.busy=10.5µs time.idle=130ns
2026-10-07T19:58:53.226886Z  INFO falcon_algebraic:prove:falcon_algebraic:pcs:op:ligerito:spartan:grinding{bits=12}: bitz::piop::spartan::grinding: close time.busy=19.9µs time.idle=110ns
2026-10-07T19:58:53.226948Z  INFO falcon_algebraic:prove:falcon_algebraic:pcs:op:ligerito:lig:grind_pow{bits=19}:spartan:grinding{bits=12}: bitz::piop::spartan::grinding: close time.busy=22.3µs time.idle=110ns
2026-10-07T19:58:53.227449Z  INFO falcon_algebraic:prove:falcon_algebraic:pcs:op:ligerito:lig:grind_pow{bits=19 seed_lo=4999734546879186383 seed_hi=5642541635383918156 nonce=133341}: bitz::ligerito_flock: close time.busy=525µs time.idle=130ns
2026-10-07T19:58:53.227478Z  INFO falcon_algebraic:prove:falcon_algebraic:pcs:op:ligerito:spartan:grinding{bits=12}: bitz::piop::spartan::grinding: close time.busy=26.9µs time.idle=111ns
2026-10-07T19:58:53.227542Z  INFO falcon_algebraic:prove:falcon_algebraic:pcs:op:ligerito:lig:grind_pow{bits=19}:spartan:grinding{bits=12}: bitz::piop::spartan::grinding: close time.busy=32.1µs time.idle=121ns
2026-10-07T19:58:53.228605Z  INFO falcon_algebraic:prove:falcon_algebraic:pcs:op:ligerito:lig:grind_pow{bits=19 seed_lo=16120839933993617660 seed_hi=8845007109929095843 nonce=285668}: bitz::ligerito_flock: close time.busy=1.10ms time.idle=110ns
2026-10-07T19:58:53.228621Z  INFO falcon_algebraic:prove:falcon_algebraic:pcs:op:ligerito:spartan:grinding{bits=12}: bitz::piop::spartan::grinding: close time.busy=13.7µs time.idle=120ns
2026-10-07T19:58:53.228700Z  INFO falcon_algebraic:prove:falcon_algebraic:pcs:op:ligerito:lig:grind_pow{bits=19}:spartan:grinding{bits=12}: bitz::piop::spartan::grinding: close time.busy=62.6µs time.idle=110ns
2026-10-07T19:58:53.236015Z  INFO falcon_algebraic:prove:falcon_algebraic:pcs:op:ligerito:lig:grind_pow{bits=19 seed_lo=7533905475163248731 seed_hi=13331801534544350727 nonce=1978168}: bitz::ligerito_flock: close time.busy=7.38ms time.idle=120ns
2026-10-07T19:58:53.236032Z  INFO falcon_algebraic:prove:falcon_algebraic:pcs:op:ligerito:spartan:grinding{bits=12}: bitz::piop::spartan::grinding: close time.busy=14.8µs time.idle=101ns
2026-10-07T19:58:53.236243Z  INFO falcon_algebraic:prove:falcon_algebraic:pcs:op:ligerito:lig:grind_pow{bits=11}:spartan:grinding{bits=12}: bitz::piop::spartan::grinding: close time.busy=5.74µs time.idle=120ns
2026-10-07T19:58:53.236252Z  INFO falcon_algebraic:prove:falcon_algebraic:pcs:op:ligerito:lig:grind_pow{bits=11 seed_lo=13414360004935892538 seed_hi=13352016151955891289 nonce=1894}: bitz::ligerito_flock: close time.busy=16.2µs time.idle=131ns
2026-10-07T19:58:53.236262Z  INFO falcon_algebraic:prove:falcon_algebraic:pcs:op:ligerito:spartan:grinding{bits=12}: bitz::piop::spartan::grinding: close time.busy=8.22µs time.idle=110ns
2026-10-07T19:58:53.237250Z  INFO falcon_algebraic:prove:falcon_algebraic:pcs:op:ligerito:lig:grind_pow{bits=7}:spartan:grinding{bits=12}: bitz::piop::spartan::grinding: close time.busy=51.9µs time.idle=120ns
2026-10-07T19:58:53.237253Z  INFO falcon_algebraic:prove:falcon_algebraic:pcs:op:ligerito:lig:grind_pow{bits=7 seed_lo=14011323245469665233 seed_hi=10627610180640753093 nonce=87}: bitz::ligerito_flock: close time.busy=55.5µs time.idle=110ns
2026-10-07T19:58:53.237288Z  INFO falcon_algebraic:prove:falcon_algebraic:pcs:op:ligerito:spartan:grinding{bits=12}: bitz::piop::spartan::grinding: close time.busy=33.0µs time.idle=130ns
2026-10-07T19:58:53.237312Z  INFO falcon_algebraic:prove:falcon_algebraic:pcs:op:ligerito:lig:grind_pow{bits=17}:spartan:grinding{bits=12}: bitz::piop::spartan::grinding: close time.busy=16.8µs time.idle=110ns
2026-10-07T19:58:53.237345Z  INFO falcon_algebraic:prove:falcon_algebraic:pcs:op:ligerito:lig:grind_pow{bits=17 seed_lo=12040305675577541021 seed_hi=4448544093894922929 nonce=7149}: bitz::ligerito_flock: close time.busy=49.9µs time.idle=120ns
2026-10-07T19:58:53.237364Z  INFO falcon_algebraic:prove:falcon_algebraic:pcs:op:ligerito:spartan:grinding{bits=12}: bitz::piop::spartan::grinding: close time.busy=17.3µs time.idle=111ns
2026-10-07T19:58:53.237382Z  INFO falcon_algebraic:prove:falcon_algebraic:pcs:op:ligerito:lig:grind_pow{bits=17}:spartan:grinding{bits=12}: bitz::piop::spartan::grinding: close time.busy=9.52µs time.idle=110ns
2026-10-07T19:58:53.237405Z  INFO falcon_algebraic:prove:falcon_algebraic:pcs:op:ligerito:lig:grind_pow{bits=17 seed_lo=14594745866361555729 seed_hi=4481801811290485119 nonce=4584}: bitz::ligerito_flock: close time.busy=33.0µs time.idle=121ns
2026-10-07T19:58:53.237445Z  INFO falcon_algebraic:prove:falcon_algebraic:pcs:op:ligerito:spartan:grinding{bits=12}: bitz::piop::spartan::grinding: close time.busy=37.5µs time.idle=111ns
2026-10-07T19:58:53.237459Z  INFO falcon_algebraic:prove:falcon_algebraic:pcs:op:ligerito:lig:grind_pow{bits=17}:spartan:grinding{bits=12}: bitz::piop::spartan::grinding: close time.busy=8.18µs time.idle=110ns
2026-10-07T19:58:53.237581Z  INFO falcon_algebraic:prove:falcon_algebraic:pcs:op:ligerito:lig:grind_pow{bits=17 seed_lo=13300957292935261440 seed_hi=4548511347967446605 nonce=31400}: bitz::ligerito_flock: close time.busy=131µs time.idle=121ns
2026-10-07T19:58:53.237630Z  INFO falcon_algebraic:prove:falcon_algebraic:pcs:op:ligerito:spartan:grinding{bits=12}: bitz::piop::spartan::grinding: close time.busy=46.9µs time.idle=111ns
2026-10-07T19:58:53.237695Z  INFO falcon_algebraic:prove:falcon_algebraic:pcs:op:ligerito:lig:grind_pow{bits=11}:spartan:grinding{bits=12}: bitz::piop::spartan::grinding: close time.busy=17.5µs time.idle=111ns
2026-10-07T19:58:53.237706Z  INFO falcon_algebraic:prove:falcon_algebraic:pcs:op:ligerito:lig:grind_pow{bits=11 seed_lo=5054118974374254575 seed_hi=14981614931524400151 nonce=2654}: bitz::ligerito_flock: close time.busy=30.0µs time.idle=110ns
2026-10-07T19:58:53.237737Z  INFO falcon_algebraic:prove:falcon_algebraic:pcs:op:ligerito:spartan:grinding{bits=12}: bitz::piop::spartan::grinding: close time.busy=29.2µs time.idle=111ns
2026-10-07T19:58:53.237915Z  INFO falcon_algebraic:prove:falcon_algebraic:pcs:op:ligerito:lig:grind_pow{bits=7}:spartan:grinding{bits=12}: bitz::piop::spartan::grinding: close time.busy=8.28µs time.idle=100ns
2026-10-07T19:58:53.237918Z  INFO falcon_algebraic:prove:falcon_algebraic:pcs:op:ligerito:lig:grind_pow{bits=7 seed_lo=10782382566308342209 seed_hi=11179761202078984758 nonce=218}: bitz::ligerito_flock: close time.busy=12.2µs time.idle=121ns
2026-10-07T19:58:53.237926Z  INFO falcon_algebraic:prove:falcon_algebraic:pcs:op:ligerito:spartan:grinding{bits=12}: bitz::piop::spartan::grinding: close time.busy=6.34µs time.idle=110ns
2026-10-07T19:58:53.237939Z  INFO falcon_algebraic:prove:falcon_algebraic:pcs:op:ligerito:lig:grind_pow{bits=15}:spartan:grinding{bits=12}: bitz::piop::spartan::grinding: close time.busy=9.19µs time.idle=101ns
2026-10-07T19:58:53.238052Z  INFO falcon_algebraic:prove:falcon_algebraic:pcs:op:ligerito:lig:grind_pow{bits=15 seed_lo=1228380510673385658 seed_hi=4608945683697044113 nonce=28426}: bitz::ligerito_flock: close time.busy=122µs time.idle=120ns
2026-10-07T19:58:53.238061Z  INFO falcon_algebraic:prove:falcon_algebraic:pcs:op:ligerito:spartan:grinding{bits=12}: bitz::piop::spartan::grinding: close time.busy=7.45µs time.idle=110ns
2026-10-07T19:58:53.238069Z  INFO falcon_algebraic:prove:falcon_algebraic:pcs:op:ligerito:lig:grind_pow{bits=15}:spartan:grinding{bits=12}: bitz::piop::spartan::grinding: close time.busy=3.87µs time.idle=120ns
2026-10-07T19:58:53.238168Z  INFO falcon_algebraic:prove:falcon_algebraic:pcs:op:ligerito:lig:grind_pow{bits=15 seed_lo=15181336230616402119 seed_hi=7493050434602918546 nonce=25325}: bitz::ligerito_flock: close time.busy=104µs time.idle=111ns
2026-10-07T19:58:53.238179Z  INFO falcon_algebraic:prove:falcon_algebraic:pcs:op:ligerito:spartan:grinding{bits=12}: bitz::piop::spartan::grinding: close time.busy=8.38µs time.idle=110ns
2026-10-07T19:58:53.238194Z  INFO falcon_algebraic:prove:falcon_algebraic:pcs:op:ligerito:lig:grind_pow{bits=15}:spartan:grinding{bits=12}: bitz::piop::spartan::grinding: close time.busy=11.8µs time.idle=110ns
2026-10-07T19:58:53.238305Z  INFO falcon_algebraic:prove:falcon_algebraic:pcs:op:ligerito:lig:grind_pow{bits=15 seed_lo=7421790146636421713 seed_hi=16128424606281112580 nonce=28449}: bitz::ligerito_flock: close time.busy=124µs time.idle=110ns
2026-10-07T19:58:53.238318Z  INFO falcon_algebraic:prove:falcon_algebraic:pcs:op:ligerito:spartan:grinding{bits=12}: bitz::piop::spartan::grinding: close time.busy=11.2µs time.idle=120ns
2026-10-07T19:58:53.238328Z  INFO falcon_algebraic:prove:falcon_algebraic:pcs:op:ligerito:lig:grind_pow{bits=11}:spartan:grinding{bits=12}: bitz::piop::spartan::grinding: close time.busy=4.80µs time.idle=111ns
2026-10-07T19:58:53.238332Z  INFO falcon_algebraic:prove:falcon_algebraic:pcs:op:ligerito:lig:grind_pow{bits=11 seed_lo=14005453541847172307 seed_hi=3880069313824445422 nonce=567}: bitz::ligerito_flock: close time.busy=10.0µs time.idle=110ns
2026-10-07T19:58:53.238341Z  INFO falcon_algebraic:prove:falcon_algebraic:pcs:op:ligerito:spartan:grinding{bits=12}: bitz::piop::spartan::grinding: close time.busy=6.62µs time.idle=110ns
2026-10-07T19:58:53.238418Z  INFO falcon_algebraic:prove:falcon_algebraic:pcs:op:ligerito: bitz::hybrid::opening: close time.busy=32.1ms time.idle=171ns
2026-10-07T19:58:53.238421Z  INFO falcon_algebraic:prove:falcon_algebraic:pcs: bitz::piop::spartan::falcon512_algebraic::protocol: close time.busy=39.2ms time.idle=140ns
2026-10-07T19:58:53.239333Z  INFO falcon_algebraic:prove: bitz::piop::spartan::falcon512_algebraic::protocol: close time.busy=339ms time.idle=210ns
2026-10-07T19:58:53.256337Z  INFO falcon_algebraic:verify:falcon_algebraic_ring:verify:falcon_algebraic_ring:coordinates: bitz::piop::spartan::falcon512_algebraic::ring: close time.busy=8.90ms time.idle=150ns
2026-10-07T19:58:53.275062Z  INFO falcon_algebraic:verify:falcon_algebraic_ring:verify:falcon_algebraic_ring:collapse: bitz::piop::spartan::falcon512_algebraic::ring: close time.busy=18.7ms time.idle=151ns
2026-10-07T19:58:53.275064Z  INFO falcon_algebraic:verify:falcon_algebraic_ring:verify: bitz::piop::spartan::falcon512_algebraic::ring: close time.busy=27.9ms time.idle=170ns
2026-10-07T19:58:53.275091Z  INFO falcon_algebraic:verify:spartan:round_grinding_verify: bitz::sumcheck::boundary: close time.busy=962ns time.idle=130ns
2026-10-07T19:58:53.275095Z  INFO falcon_algebraic:verify:spartan:round_grinding_verify: bitz::sumcheck::boundary: close time.busy=822ns time.idle=110ns
2026-10-07T19:58:53.275099Z  INFO falcon_algebraic:verify:spartan:round_grinding_verify: bitz::sumcheck::boundary: close time.busy=942ns time.idle=110ns
2026-10-07T19:58:53.275103Z  INFO falcon_algebraic:verify:spartan:round_grinding_verify: bitz::sumcheck::boundary: close time.busy=872ns time.idle=120ns
2026-10-07T19:58:53.275107Z  INFO falcon_algebraic:verify:spartan:round_grinding_verify: bitz::sumcheck::boundary: close time.busy=701ns time.idle=110ns
2026-10-07T19:58:53.275112Z  INFO falcon_algebraic:verify:spartan:round_grinding_verify: bitz::sumcheck::boundary: close time.busy=831ns time.idle=111ns
2026-10-07T19:58:53.275116Z  INFO falcon_algebraic:verify:spartan:round_grinding_verify: bitz::sumcheck::boundary: close time.busy=801ns time.idle=101ns
2026-10-07T19:58:53.275120Z  INFO falcon_algebraic:verify:spartan:round_grinding_verify: bitz::sumcheck::boundary: close time.busy=942ns time.idle=110ns
2026-10-07T19:58:53.275124Z  INFO falcon_algebraic:verify:spartan:round_grinding_verify: bitz::sumcheck::boundary: close time.busy=891ns time.idle=111ns
2026-10-07T19:58:53.275130Z  INFO falcon_algebraic:verify:spartan:round_grinding_verify: bitz::sumcheck::boundary: close time.busy=782ns time.idle=90.0ns
2026-10-07T19:58:53.275135Z  INFO falcon_algebraic:verify:spartan:round_grinding_verify: bitz::sumcheck::boundary: close time.busy=871ns time.idle=111ns
2026-10-07T19:58:53.275139Z  INFO falcon_algebraic:verify:spartan:round_grinding_verify: bitz::sumcheck::boundary: close time.busy=872ns time.idle=120ns
2026-10-07T19:58:53.275142Z  INFO falcon_algebraic:verify:spartan:round_grinding_verify: bitz::sumcheck::boundary: close time.busy=892ns time.idle=90.0ns
2026-10-07T19:58:53.275148Z  INFO falcon_algebraic:verify:spartan:round_grinding_verify: bitz::sumcheck::boundary: close time.busy=1.04µs time.idle=110ns
2026-10-07T19:58:53.275153Z  INFO falcon_algebraic:verify:spartan:round_grinding_verify: bitz::sumcheck::boundary: close time.busy=721ns time.idle=120ns
2026-10-07T19:58:53.275157Z  INFO falcon_algebraic:verify:spartan:round_grinding_verify: bitz::sumcheck::boundary: close time.busy=791ns time.idle=100ns
2026-10-07T19:58:53.275161Z  INFO falcon_algebraic:verify:spartan:round_grinding_verify: bitz::sumcheck::boundary: close time.busy=921ns time.idle=111ns
2026-10-07T19:58:53.275167Z  INFO falcon_algebraic:verify:spartan:round_grinding_verify: bitz::sumcheck::boundary: close time.busy=832ns time.idle=110ns
2026-10-07T19:58:53.275171Z  INFO falcon_algebraic:verify:spartan:round_grinding_verify: bitz::sumcheck::boundary: close time.busy=871ns time.idle=90.0ns
2026-10-07T19:58:53.284834Z  INFO falcon_algebraic:verify:spartan:round_grinding_verify: bitz::sumcheck::boundary: close time.busy=1.37µs time.idle=151ns
2026-10-07T19:58:53.284838Z  INFO falcon_algebraic:verify:spartan:round_grinding_verify: bitz::sumcheck::boundary: close time.busy=812ns time.idle=120ns
2026-10-07T19:58:53.284842Z  INFO falcon_algebraic:verify:spartan:round_grinding_verify: bitz::sumcheck::boundary: close time.busy=822ns time.idle=110ns
2026-10-07T19:58:53.284846Z  INFO falcon_algebraic:verify:spartan:round_grinding_verify: bitz::sumcheck::boundary: close time.busy=841ns time.idle=130ns
2026-10-07T19:58:53.284849Z  INFO falcon_algebraic:verify:spartan:round_grinding_verify: bitz::sumcheck::boundary: close time.busy=872ns time.idle=110ns
2026-10-07T19:58:53.284854Z  INFO falcon_algebraic:verify:spartan:round_grinding_verify: bitz::sumcheck::boundary: close time.busy=1.16µs time.idle=120ns
2026-10-07T19:58:53.284858Z  INFO falcon_algebraic:verify:spartan:round_grinding_verify: bitz::sumcheck::boundary: close time.busy=812ns time.idle=140ns
2026-10-07T19:58:53.284861Z  INFO falcon_algebraic:verify:spartan:round_grinding_verify: bitz::sumcheck::boundary: close time.busy=862ns time.idle=90.0ns
2026-10-07T19:58:53.284865Z  INFO falcon_algebraic:verify:spartan:round_grinding_verify: bitz::sumcheck::boundary: close time.busy=862ns time.idle=110ns
2026-10-07T19:58:53.284871Z  INFO falcon_algebraic:verify:spartan:round_grinding_verify: bitz::sumcheck::boundary: close time.busy=852ns time.idle=110ns
2026-10-07T19:58:53.284875Z  INFO falcon_algebraic:verify:spartan:round_grinding_verify: bitz::sumcheck::boundary: close time.busy=922ns time.idle=120ns
2026-10-07T19:58:53.284878Z  INFO falcon_algebraic:verify:spartan:round_grinding_verify: bitz::sumcheck::boundary: close time.busy=942ns time.idle=110ns
2026-10-07T19:58:53.284882Z  INFO falcon_algebraic:verify:spartan:round_grinding_verify: bitz::sumcheck::boundary: close time.busy=851ns time.idle=110ns
2026-10-07T19:58:53.284887Z  INFO falcon_algebraic:verify:spartan:round_grinding_verify: bitz::sumcheck::boundary: close time.busy=892ns time.idle=110ns
2026-10-07T19:58:53.284891Z  INFO falcon_algebraic:verify:spartan:round_grinding_verify: bitz::sumcheck::boundary: close time.busy=891ns time.idle=101ns
2026-10-07T19:58:53.284894Z  INFO falcon_algebraic:verify:spartan:round_grinding_verify: bitz::sumcheck::boundary: close time.busy=882ns time.idle=100ns
2026-10-07T19:58:53.284898Z  INFO falcon_algebraic:verify:spartan:round_grinding_verify: bitz::sumcheck::boundary: close time.busy=881ns time.idle=110ns
2026-10-07T19:58:53.284902Z  INFO falcon_algebraic:verify:spartan:round_grinding_verify: bitz::sumcheck::boundary: close time.busy=962ns time.idle=110ns
2026-10-07T19:58:53.284908Z  INFO falcon_algebraic:verify:spartan:round_grinding_verify: bitz::sumcheck::boundary: close time.busy=1.13µs time.idle=110ns
2026-10-07T19:58:53.284911Z  INFO falcon_algebraic:verify:spartan:round_grinding_verify: bitz::sumcheck::boundary: close time.busy=632ns time.idle=130ns
2026-10-07T19:58:53.284913Z  INFO falcon_algebraic:verify:spartan:round_grinding_verify: bitz::sumcheck::boundary: close time.busy=732ns time.idle=100ns
2026-10-07T19:58:53.284916Z  INFO falcon_algebraic:verify:spartan:round_grinding_verify: bitz::sumcheck::boundary: close time.busy=741ns time.idle=110ns
2026-10-07T19:58:53.284919Z  INFO falcon_algebraic:verify:spartan:round_grinding_verify: bitz::sumcheck::boundary: close time.busy=672ns time.idle=100ns
2026-10-07T19:58:53.284922Z  INFO falcon_algebraic:verify:spartan:round_grinding_verify: bitz::sumcheck::boundary: close time.busy=641ns time.idle=91.0ns
2026-10-07T19:58:53.292231Z  INFO falcon_algebraic:verify:spartan:round_grinding_verify: bitz::sumcheck::boundary: close time.busy=1.05µs time.idle=151ns
2026-10-07T19:58:53.292235Z  INFO falcon_algebraic:verify:spartan:round_grinding_verify: bitz::sumcheck::boundary: close time.busy=1.04µs time.idle=130ns
2026-10-07T19:58:53.292238Z  INFO falcon_algebraic:verify:spartan:round_grinding_verify: bitz::sumcheck::boundary: close time.busy=991ns time.idle=122ns
2026-10-07T19:58:53.292241Z  INFO falcon_algebraic:verify:spartan:round_grinding_verify: bitz::sumcheck::boundary: close time.busy=972ns time.idle=110ns
2026-10-07T19:58:53.292244Z  INFO falcon_algebraic:verify:spartan:round_grinding_verify: bitz::sumcheck::boundary: close time.busy=1.19µs time.idle=110ns
2026-10-07T19:58:53.292246Z  INFO falcon_algebraic:verify:spartan:round_grinding_verify: bitz::sumcheck::boundary: close time.busy=981ns time.idle=111ns
2026-10-07T19:58:53.292249Z  INFO falcon_algebraic:verify:spartan:round_grinding_verify: bitz::sumcheck::boundary: close time.busy=961ns time.idle=111ns
2026-10-07T19:58:53.292251Z  INFO falcon_algebraic:verify:spartan:round_grinding_verify: bitz::sumcheck::boundary: close time.busy=951ns time.idle=91.0ns
2026-10-07T19:58:53.292254Z  INFO falcon_algebraic:verify:spartan:round_grinding_verify: bitz::sumcheck::boundary: close time.busy=1.01µs time.idle=110ns
2026-10-07T19:58:53.292257Z  INFO falcon_algebraic:verify:spartan:round_grinding_verify: bitz::sumcheck::boundary: close time.busy=1.00µs time.idle=110ns
2026-10-07T19:58:53.292260Z  INFO falcon_algebraic:verify:spartan:round_grinding_verify: bitz::sumcheck::boundary: close time.busy=1.02µs time.idle=90.0ns
2026-10-07T19:58:53.292262Z  INFO falcon_algebraic:verify:spartan:round_grinding_verify: bitz::sumcheck::boundary: close time.busy=982ns time.idle=110ns
2026-10-07T19:58:53.292265Z  INFO falcon_algebraic:verify:spartan:round_grinding_verify: bitz::sumcheck::boundary: close time.busy=972ns time.idle=110ns
2026-10-07T19:58:53.292268Z  INFO falcon_algebraic:verify:spartan:round_grinding_verify: bitz::sumcheck::boundary: close time.busy=1.03µs time.idle=102ns
2026-10-07T19:58:53.292271Z  INFO falcon_algebraic:verify:spartan:round_grinding_verify: bitz::sumcheck::boundary: close time.busy=1.12µs time.idle=120ns
2026-10-07T19:58:53.292274Z  INFO falcon_algebraic:verify:spartan:round_grinding_verify: bitz::sumcheck::boundary: close time.busy=1.11µs time.idle=120ns
2026-10-07T19:58:53.292276Z  INFO falcon_algebraic:verify:spartan:round_grinding_verify: bitz::sumcheck::boundary: close time.busy=1.11µs time.idle=100ns
2026-10-07T19:58:53.292279Z  INFO falcon_algebraic:verify:spartan:round_grinding_verify: bitz::sumcheck::boundary: close time.busy=1.18µs time.idle=110ns
2026-10-07T19:58:53.292282Z  INFO falcon_algebraic:verify:spartan:round_grinding_verify: bitz::sumcheck::boundary: close time.busy=932ns time.idle=110ns
2026-10-07T19:58:53.292285Z  INFO falcon_algebraic:verify:spartan:round_grinding_verify: bitz::sumcheck::boundary: close time.busy=952ns time.idle=100ns
2026-10-07T19:58:53.292288Z  INFO falcon_algebraic:verify:spartan:round_grinding_verify: bitz::sumcheck::boundary: close time.busy=1.00µs time.idle=110ns
2026-10-07T19:58:53.292290Z  INFO falcon_algebraic:verify:spartan:round_grinding_verify: bitz::sumcheck::boundary: close time.busy=982ns time.idle=110ns
2026-10-07T19:58:53.292293Z  INFO falcon_algebraic:verify:spartan:round_grinding_verify: bitz::sumcheck::boundary: close time.busy=991ns time.idle=102ns
2026-10-07T19:58:53.292296Z  INFO falcon_algebraic:verify:spartan:round_grinding_verify: bitz::sumcheck::boundary: close time.busy=1.12µs time.idle=100ns
2026-10-07T19:58:53.292299Z  INFO falcon_algebraic:verify:spartan:round_grinding_verify: bitz::sumcheck::boundary: close time.busy=1.05µs time.idle=110ns
2026-10-07T19:58:53.294553Z  INFO falcon_algebraic:verify: bitz::piop::spartan::falcon512_algebraic::protocol: close time.busy=55.2ms time.idle=161ns
2026-10-07T19:58:53.327075Z  INFO falcon_algebraic:commit:falcon_algebraic:witness: bitz::piop::spartan::falcon512_algebraic::protocol: close time.busy=32.2ms time.idle=222ns
2026-10-07T19:58:53.356442Z  INFO falcon_algebraic:commit:shared_source:encode: bitz::hybrid::opening: close time.busy=1.57ms time.idle=170ns
2026-10-07T19:58:53.357422Z  INFO falcon_algebraic:commit:shared_source:merkle: bitz::hybrid::opening: close time.busy=977µs time.idle=120ns
2026-10-07T19:58:53.357423Z  INFO falcon_algebraic:commit: bitz::piop::spartan::falcon512_algebraic::protocol: close time.busy=62.7ms time.idle=201ns
2026-10-07T19:58:53.374992Z  INFO falcon_algebraic:prove:falcon_algebraic:ring:falcon_algebraic_ring:prove:falcon_algebraic_ring:coordinates: bitz::piop::spartan::falcon512_algebraic::ring: close time.busy=8.80ms time.idle=281ns
2026-10-07T19:58:53.375786Z  INFO falcon_algebraic:prove:falcon_algebraic:ring:falcon_algebraic_ring:prove:spartan:grinding{bits=11}: bitz::piop::spartan::grinding: close time.busy=8.36µs time.idle=190ns
2026-10-07T19:58:53.394281Z  INFO falcon_algebraic:prove:falcon_algebraic:ring:falcon_algebraic_ring:prove:falcon_algebraic_ring:collapse: bitz::piop::spartan::falcon512_algebraic::ring: close time.busy=18.5ms time.idle=131ns
2026-10-07T19:58:53.394283Z  INFO falcon_algebraic:prove:falcon_algebraic:ring:falcon_algebraic_ring:prove: bitz::piop::spartan::falcon512_algebraic::ring: close time.busy=29.0ms time.idle=170ns
2026-10-07T19:58:53.394284Z  INFO falcon_algebraic:prove:falcon_algebraic:ring: bitz::piop::spartan::falcon512_algebraic::protocol: close time.busy=29.0ms time.idle=150ns
2026-10-07T19:58:53.394293Z  INFO falcon_algebraic:prove:falcon_algebraic:arithmetic:falcon_algebraic:norm:spartan:grinding{bits=11}: bitz::piop::spartan::grinding: close time.busy=5.68µs time.idle=110ns
2026-10-07T19:58:53.423567Z  INFO falcon_algebraic:prove:falcon_algebraic:arithmetic:falcon_algebraic:norm:spartan:round_grinding_prove:spartan:grinding{bits=14}: bitz::piop::spartan::grinding: close time.busy=22.5µs time.idle=141ns
2026-10-07T19:58:53.423570Z  INFO falcon_algebraic:prove:falcon_algebraic:arithmetic:falcon_algebraic:norm:spartan:round_grinding_prove: bitz::sumcheck::boundary: close time.busy=25.9µs time.idle=150ns
2026-10-07T19:58:53.434496Z  INFO falcon_algebraic:prove:falcon_algebraic:arithmetic:falcon_algebraic:norm:spartan:round_grinding_prove:spartan:grinding{bits=14}: bitz::piop::spartan::grinding: close time.busy=163µs time.idle=130ns
2026-10-07T19:58:53.434498Z  INFO falcon_algebraic:prove:falcon_algebraic:arithmetic:falcon_algebraic:norm:spartan:round_grinding_prove: bitz::sumcheck::boundary: close time.busy=167µs time.idle=121ns
2026-10-07T19:58:53.439646Z  INFO falcon_algebraic:prove:falcon_algebraic:arithmetic:falcon_algebraic:norm:spartan:round_grinding_prove:spartan:grinding{bits=14}: bitz::piop::spartan::grinding: close time.busy=39.3µs time.idle=120ns
2026-10-07T19:58:53.439648Z  INFO falcon_algebraic:prove:falcon_algebraic:arithmetic:falcon_algebraic:norm:spartan:round_grinding_prove: bitz::sumcheck::boundary: close time.busy=42.6µs time.idle=131ns
2026-10-07T19:58:53.442193Z  INFO falcon_algebraic:prove:falcon_algebraic:arithmetic:falcon_algebraic:norm:spartan:round_grinding_prove:spartan:grinding{bits=14}: bitz::piop::spartan::grinding: close time.busy=19.2µs time.idle=110ns
2026-10-07T19:58:53.442194Z  INFO falcon_algebraic:prove:falcon_algebraic:arithmetic:falcon_algebraic:norm:spartan:round_grinding_prove: bitz::sumcheck::boundary: close time.busy=21.9µs time.idle=130ns
2026-10-07T19:58:53.443562Z  INFO falcon_algebraic:prove:falcon_algebraic:arithmetic:falcon_algebraic:norm:spartan:round_grinding_prove:spartan:grinding{bits=14}: bitz::piop::spartan::grinding: close time.busy=111µs time.idle=130ns
2026-10-07T19:58:53.443564Z  INFO falcon_algebraic:prove:falcon_algebraic:arithmetic:falcon_algebraic:norm:spartan:round_grinding_prove: bitz::sumcheck::boundary: close time.busy=113µs time.idle=130ns
2026-10-07T19:58:53.444214Z  INFO falcon_algebraic:prove:falcon_algebraic:arithmetic:falcon_algebraic:norm:spartan:round_grinding_prove:spartan:grinding{bits=14}: bitz::piop::spartan::grinding: close time.busy=12.2µs time.idle=121ns
2026-10-07T19:58:53.444216Z  INFO falcon_algebraic:prove:falcon_algebraic:arithmetic:falcon_algebraic:norm:spartan:round_grinding_prove: bitz::sumcheck::boundary: close time.busy=14.8µs time.idle=130ns
2026-10-07T19:58:53.444579Z  INFO falcon_algebraic:prove:falcon_algebraic:arithmetic:falcon_algebraic:norm:spartan:round_grinding_prove:spartan:grinding{bits=14}: bitz::piop::spartan::grinding: close time.busy=44.1µs time.idle=120ns
2026-10-07T19:58:53.444580Z  INFO falcon_algebraic:prove:falcon_algebraic:arithmetic:falcon_algebraic:norm:spartan:round_grinding_prove: bitz::sumcheck::boundary: close time.busy=46.0µs time.idle=111ns
2026-10-07T19:58:53.444759Z  INFO falcon_algebraic:prove:falcon_algebraic:arithmetic:falcon_algebraic:norm:spartan:round_grinding_prove:spartan:grinding{bits=14}: bitz::piop::spartan::grinding: close time.busy=15.4µs time.idle=110ns
2026-10-07T19:58:53.444760Z  INFO falcon_algebraic:prove:falcon_algebraic:arithmetic:falcon_algebraic:norm:spartan:round_grinding_prove: bitz::sumcheck::boundary: close time.busy=17.6µs time.idle=110ns
2026-10-07T19:58:53.444851Z  INFO falcon_algebraic:prove:falcon_algebraic:arithmetic:falcon_algebraic:norm:spartan:round_grinding_prove:spartan:grinding{bits=14}: bitz::piop::spartan::grinding: close time.busy=5.97µs time.idle=110ns
2026-10-07T19:58:53.444852Z  INFO falcon_algebraic:prove:falcon_algebraic:arithmetic:falcon_algebraic:norm:spartan:round_grinding_prove: bitz::sumcheck::boundary: close time.busy=8.13µs time.idle=120ns
2026-10-07T19:58:53.444961Z  INFO falcon_algebraic:prove:falcon_algebraic:arithmetic:falcon_algebraic:norm:spartan:round_grinding_prove:spartan:grinding{bits=14}: bitz::piop::spartan::grinding: close time.busy=60.6µs time.idle=121ns
2026-10-07T19:58:53.444962Z  INFO falcon_algebraic:prove:falcon_algebraic:arithmetic:falcon_algebraic:norm:spartan:round_grinding_prove: bitz::sumcheck::boundary: close time.busy=62.6µs time.idle=110ns
2026-10-07T19:58:53.444996Z  INFO falcon_algebraic:prove:falcon_algebraic:arithmetic:falcon_algebraic:norm:spartan:round_grinding_prove:spartan:grinding{bits=14}: bitz::piop::spartan::grinding: close time.busy=5.70µs time.idle=111ns
2026-10-07T19:58:53.444997Z  INFO falcon_algebraic:prove:falcon_algebraic:arithmetic:falcon_algebraic:norm:spartan:round_grinding_prove: bitz::sumcheck::boundary: close time.busy=7.71µs time.idle=110ns
2026-10-07T19:58:53.445050Z  INFO falcon_algebraic:prove:falcon_algebraic:arithmetic:falcon_algebraic:norm:spartan:round_grinding_prove:spartan:grinding{bits=14}: bitz::piop::spartan::grinding: close time.busy=35.2µs time.idle=121ns
2026-10-07T19:58:53.445051Z  INFO falcon_algebraic:prove:falcon_algebraic:arithmetic:falcon_algebraic:norm:spartan:round_grinding_prove: bitz::sumcheck::boundary: close time.busy=37.4µs time.idle=90.0ns
2026-10-07T19:58:53.445077Z  INFO falcon_algebraic:prove:falcon_algebraic:arithmetic:falcon_algebraic:norm:spartan:round_grinding_prove:spartan:grinding{bits=14}: bitz::piop::spartan::grinding: close time.busy=13.4µs time.idle=121ns
2026-10-07T19:58:53.445079Z  INFO falcon_algebraic:prove:falcon_algebraic:arithmetic:falcon_algebraic:norm:spartan:round_grinding_prove: bitz::sumcheck::boundary: close time.busy=16.2µs time.idle=111ns
2026-10-07T19:58:53.445103Z  INFO falcon_algebraic:prove:falcon_algebraic:arithmetic:falcon_algebraic:norm:spartan:round_grinding_prove:spartan:grinding{bits=14}: bitz::piop::spartan::grinding: close time.busy=12.5µs time.idle=120ns
2026-10-07T19:58:53.445104Z  INFO falcon_algebraic:prove:falcon_algebraic:arithmetic:falcon_algebraic:norm:spartan:round_grinding_prove: bitz::sumcheck::boundary: close time.busy=14.7µs time.idle=110ns
2026-10-07T19:58:53.445122Z  INFO falcon_algebraic:prove:falcon_algebraic:arithmetic:falcon_algebraic:norm:spartan:round_grinding_prove:spartan:grinding{bits=14}: bitz::piop::spartan::grinding: close time.busy=7.83µs time.idle=120ns
2026-10-07T19:58:53.445123Z  INFO falcon_algebraic:prove:falcon_algebraic:arithmetic:falcon_algebraic:norm:spartan:round_grinding_prove: bitz::sumcheck::boundary: close time.busy=9.91µs time.idle=120ns
2026-10-07T19:58:53.445175Z  INFO falcon_algebraic:prove:falcon_algebraic:arithmetic:falcon_algebraic:norm:spartan:round_grinding_prove:spartan:grinding{bits=14}: bitz::piop::spartan::grinding: close time.busy=43.2µs time.idle=110ns
2026-10-07T19:58:53.445176Z  INFO falcon_algebraic:prove:falcon_algebraic:arithmetic:falcon_algebraic:norm:spartan:round_grinding_prove: bitz::sumcheck::boundary: close time.busy=45.1µs time.idle=100ns
2026-10-07T19:58:53.445226Z  INFO falcon_algebraic:prove:falcon_algebraic:arithmetic:falcon_algebraic:norm:spartan:round_grinding_prove:spartan:grinding{bits=14}: bitz::piop::spartan::grinding: close time.busy=41.7µs time.idle=110ns
2026-10-07T19:58:53.445227Z  INFO falcon_algebraic:prove:falcon_algebraic:arithmetic:falcon_algebraic:norm:spartan:round_grinding_prove: bitz::sumcheck::boundary: close time.busy=43.9µs time.idle=110ns
2026-10-07T19:58:53.445246Z  INFO falcon_algebraic:prove:falcon_algebraic:arithmetic:falcon_algebraic:norm:spartan:round_grinding_prove:spartan:grinding{bits=14}: bitz::piop::spartan::grinding: close time.busy=9.51µs time.idle=100ns
2026-10-07T19:58:53.445247Z  INFO falcon_algebraic:prove:falcon_algebraic:arithmetic:falcon_algebraic:norm:spartan:round_grinding_prove: bitz::sumcheck::boundary: close time.busy=11.5µs time.idle=110ns
2026-10-07T19:58:53.445291Z  INFO falcon_algebraic:prove:falcon_algebraic:arithmetic:falcon_algebraic:norm:spartan:round_grinding_prove:spartan:grinding{bits=14}: bitz::piop::spartan::grinding: close time.busy=35.1µs time.idle=101ns
2026-10-07T19:58:53.445292Z  INFO falcon_algebraic:prove:falcon_algebraic:arithmetic:falcon_algebraic:norm:spartan:round_grinding_prove: bitz::sumcheck::boundary: close time.busy=37.1µs time.idle=110ns
2026-10-07T19:58:53.445300Z  INFO falcon_algebraic:prove:falcon_algebraic:arithmetic:falcon_algebraic:norm: bitz::piop::spartan::falcon512_algebraic::arithmetic: close time.busy=51.0ms time.idle=150ns
2026-10-07T19:58:53.445303Z  INFO falcon_algebraic:prove:falcon_algebraic:arithmetic:falcon_algebraic:binding:spartan:grinding{bits=10}: bitz::piop::spartan::grinding: close time.busy=842ns time.idle=120ns
2026-10-07T19:58:53.491470Z  INFO falcon_algebraic:prove:falcon_algebraic:arithmetic:falcon_algebraic:binding:inner_packed:prefix_accumulators: bitz::sumcheck::inner::packed::state: close time.busy=37.3ms time.idle=180ns
2026-10-07T19:58:53.491480Z  INFO falcon_algebraic:prove:falcon_algebraic:arithmetic:falcon_algebraic:binding:spartan:round_grinding_prove:spartan:grinding{bits=13}: bitz::piop::spartan::grinding: close time.busy=4.36µs time.idle=110ns
2026-10-07T19:58:53.491482Z  INFO falcon_algebraic:prove:falcon_algebraic:arithmetic:falcon_algebraic:binding:spartan:round_grinding_prove: bitz::sumcheck::boundary: close time.busy=7.17µs time.idle=150ns
2026-10-07T19:58:53.491505Z  INFO falcon_algebraic:prove:falcon_algebraic:arithmetic:falcon_algebraic:binding:spartan:round_grinding_prove:spartan:grinding{bits=13}: bitz::piop::spartan::grinding: close time.busy=18.8µs time.idle=111ns
2026-10-07T19:58:53.491507Z  INFO falcon_algebraic:prove:falcon_algebraic:arithmetic:falcon_algebraic:binding:spartan:round_grinding_prove: bitz::sumcheck::boundary: close time.busy=21.9µs time.idle=120ns
2026-10-07T19:58:53.491519Z  INFO falcon_algebraic:prove:falcon_algebraic:arithmetic:falcon_algebraic:binding:spartan:round_grinding_prove:spartan:grinding{bits=13}: bitz::piop::spartan::grinding: close time.busy=7.50µs time.idle=110ns
2026-10-07T19:58:53.491521Z  INFO falcon_algebraic:prove:falcon_algebraic:arithmetic:falcon_algebraic:binding:spartan:round_grinding_prove: bitz::sumcheck::boundary: close time.busy=9.77µs time.idle=111ns
2026-10-07T19:58:53.532899Z  INFO falcon_algebraic:prove:falcon_algebraic:arithmetic:falcon_algebraic:binding:inner_packed:prepare_tail: bitz::sumcheck::inner::packed::state: close time.busy=41.4ms time.idle=261ns
2026-10-07T19:58:53.532920Z  INFO falcon_algebraic:prove:falcon_algebraic:arithmetic:falcon_algebraic:binding:spartan:round_grinding_prove:spartan:grinding{bits=13}: bitz::piop::spartan::grinding: close time.busy=15.6µs time.idle=141ns
2026-10-07T19:58:53.532922Z  INFO falcon_algebraic:prove:falcon_algebraic:arithmetic:falcon_algebraic:binding:spartan:round_grinding_prove: bitz::sumcheck::boundary: close time.busy=18.7µs time.idle=321ns
2026-10-07T19:58:53.556009Z  INFO falcon_algebraic:prove:falcon_algebraic:arithmetic:falcon_algebraic:binding:inner_packed:fold_tail{round=3}: bitz::sumcheck::inner::packed::state: close time.busy=23.1ms time.idle=160ns
2026-10-07T19:58:53.556049Z  INFO falcon_algebraic:prove:falcon_algebraic:arithmetic:falcon_algebraic:binding:spartan:round_grinding_prove:spartan:grinding{bits=13}: bitz::piop::spartan::grinding: close time.busy=36.0µs time.idle=130ns
2026-10-07T19:58:53.556051Z  INFO falcon_algebraic:prove:falcon_algebraic:arithmetic:falcon_algebraic:binding:spartan:round_grinding_prove: bitz::sumcheck::boundary: close time.busy=38.8µs time.idle=110ns
2026-10-07T19:58:53.565934Z  INFO falcon_algebraic:prove:falcon_algebraic:arithmetic:falcon_algebraic:binding:inner_packed:fold_tail{round=4}: bitz::sumcheck::inner::packed::state: close time.busy=9.88ms time.idle=190ns
2026-10-07T19:58:53.565957Z  INFO falcon_algebraic:prove:falcon_algebraic:arithmetic:falcon_algebraic:binding:spartan:round_grinding_prove:spartan:grinding{bits=13}: bitz::piop::spartan::grinding: close time.busy=20.0µs time.idle=120ns
2026-10-07T19:58:53.565959Z  INFO falcon_algebraic:prove:falcon_algebraic:arithmetic:falcon_algebraic:binding:spartan:round_grinding_prove: bitz::sumcheck::boundary: close time.busy=22.6µs time.idle=110ns
2026-10-07T19:58:53.570910Z  INFO falcon_algebraic:prove:falcon_algebraic:arithmetic:falcon_algebraic:binding:inner_packed:fold_tail{round=5}: bitz::sumcheck::inner::packed::state: close time.busy=4.95ms time.idle=151ns
2026-10-07T19:58:53.570936Z  INFO falcon_algebraic:prove:falcon_algebraic:arithmetic:falcon_algebraic:binding:spartan:round_grinding_prove:spartan:grinding{bits=13}: bitz::piop::spartan::grinding: close time.busy=22.7µs time.idle=120ns
2026-10-07T19:58:53.570937Z  INFO falcon_algebraic:prove:falcon_algebraic:arithmetic:falcon_algebraic:binding:spartan:round_grinding_prove: bitz::sumcheck::boundary: close time.busy=24.8µs time.idle=120ns
2026-10-07T19:58:53.573886Z  INFO falcon_algebraic:prove:falcon_algebraic:arithmetic:falcon_algebraic:binding:inner_packed:fold_tail{round=6}: bitz::sumcheck::inner::packed::state: close time.busy=2.95ms time.idle=121ns
2026-10-07T19:58:53.573929Z  INFO falcon_algebraic:prove:falcon_algebraic:arithmetic:falcon_algebraic:binding:spartan:round_grinding_prove:spartan:grinding{bits=13}: bitz::piop::spartan::grinding: close time.busy=39.9µs time.idle=120ns
2026-10-07T19:58:53.573931Z  INFO falcon_algebraic:prove:falcon_algebraic:arithmetic:falcon_algebraic:binding:spartan:round_grinding_prove: bitz::sumcheck::boundary: close time.busy=42.4µs time.idle=151ns
2026-10-07T19:58:53.575196Z  INFO falcon_algebraic:prove:falcon_algebraic:arithmetic:falcon_algebraic:binding:inner_packed:fold_tail{round=7}: bitz::sumcheck::inner::packed::state: close time.busy=1.26ms time.idle=120ns
2026-10-07T19:58:53.575264Z  INFO falcon_algebraic:prove:falcon_algebraic:arithmetic:falcon_algebraic:binding:spartan:round_grinding_prove:spartan:grinding{bits=13}: bitz::piop::spartan::grinding: close time.busy=65.4µs time.idle=110ns
2026-10-07T19:58:53.575266Z  INFO falcon_algebraic:prove:falcon_algebraic:arithmetic:falcon_algebraic:binding:spartan:round_grinding_prove: bitz::sumcheck::boundary: close time.busy=67.6µs time.idle=110ns
2026-10-07T19:58:53.575913Z  INFO falcon_algebraic:prove:falcon_algebraic:arithmetic:falcon_algebraic:binding:inner_packed:fold_tail{round=8}: bitz::sumcheck::inner::packed::state: close time.busy=641µs time.idle=120ns
2026-10-07T19:58:53.575934Z  INFO falcon_algebraic:prove:falcon_algebraic:arithmetic:falcon_algebraic:binding:spartan:round_grinding_prove:spartan:grinding{bits=13}: bitz::piop::spartan::grinding: close time.busy=18.3µs time.idle=120ns
2026-10-07T19:58:53.575935Z  INFO falcon_algebraic:prove:falcon_algebraic:arithmetic:falcon_algebraic:binding:spartan:round_grinding_prove: bitz::sumcheck::boundary: close time.busy=20.3µs time.idle=100ns
2026-10-07T19:58:53.576269Z  INFO falcon_algebraic:prove:falcon_algebraic:arithmetic:falcon_algebraic:binding:inner_packed:fold_tail{round=9}: bitz::sumcheck::inner::packed::state: close time.busy=331µs time.idle=111ns
2026-10-07T19:58:53.576328Z  INFO falcon_algebraic:prove:falcon_algebraic:arithmetic:falcon_algebraic:binding:spartan:round_grinding_prove:spartan:grinding{bits=13}: bitz::piop::spartan::grinding: close time.busy=56.8µs time.idle=111ns
2026-10-07T19:58:53.576329Z  INFO falcon_algebraic:prove:falcon_algebraic:arithmetic:falcon_algebraic:binding:spartan:round_grinding_prove: bitz::sumcheck::boundary: close time.busy=59.0µs time.idle=90.0ns
2026-10-07T19:58:53.576500Z  INFO falcon_algebraic:prove:falcon_algebraic:arithmetic:falcon_algebraic:binding:inner_packed:fold_tail{round=10}: bitz::sumcheck::inner::packed::state: close time.busy=168µs time.idle=121ns
2026-10-07T19:58:53.576533Z  INFO falcon_algebraic:prove:falcon_algebraic:arithmetic:falcon_algebraic:binding:spartan:round_grinding_prove:spartan:grinding{bits=13}: bitz::piop::spartan::grinding: close time.busy=30.8µs time.idle=120ns
2026-10-07T19:58:53.576535Z  INFO falcon_algebraic:prove:falcon_algebraic:arithmetic:falcon_algebraic:binding:spartan:round_grinding_prove: bitz::sumcheck::boundary: close time.busy=33.0µs time.idle=110ns
2026-10-07T19:58:53.576625Z  INFO falcon_algebraic:prove:falcon_algebraic:arithmetic:falcon_algebraic:binding:inner_packed:fold_tail{round=11}: bitz::sumcheck::inner::packed::state: close time.busy=87.6µs time.idle=111ns
2026-10-07T19:58:53.576658Z  INFO falcon_algebraic:prove:falcon_algebraic:arithmetic:falcon_algebraic:binding:spartan:round_grinding_prove:spartan:grinding{bits=13}: bitz::piop::spartan::grinding: close time.busy=31.3µs time.idle=110ns
2026-10-07T19:58:53.576660Z  INFO falcon_algebraic:prove:falcon_algebraic:arithmetic:falcon_algebraic:binding:spartan:round_grinding_prove: bitz::sumcheck::boundary: close time.busy=33.3µs time.idle=100ns
2026-10-07T19:58:53.576707Z  INFO falcon_algebraic:prove:falcon_algebraic:arithmetic:falcon_algebraic:binding:inner_packed:fold_tail{round=12}: bitz::sumcheck::inner::packed::state: close time.busy=44.0µs time.idle=110ns
2026-10-07T19:58:53.576751Z  INFO falcon_algebraic:prove:falcon_algebraic:arithmetic:falcon_algebraic:binding:spartan:round_grinding_prove:spartan:grinding{bits=13}: bitz::piop::spartan::grinding: close time.busy=41.3µs time.idle=110ns
2026-10-07T19:58:53.576752Z  INFO falcon_algebraic:prove:falcon_algebraic:arithmetic:falcon_algebraic:binding:spartan:round_grinding_prove: bitz::sumcheck::boundary: close time.busy=43.4µs time.idle=110ns
2026-10-07T19:58:53.576778Z  INFO falcon_algebraic:prove:falcon_algebraic:arithmetic:falcon_algebraic:binding:inner_packed:fold_tail{round=13}: bitz::sumcheck::inner::packed::state: close time.busy=22.2µs time.idle=131ns
2026-10-07T19:58:53.576838Z  INFO falcon_algebraic:prove:falcon_algebraic:arithmetic:falcon_algebraic:binding:spartan:round_grinding_prove:spartan:grinding{bits=13}: bitz::piop::spartan::grinding: close time.busy=57.5µs time.idle=100ns
2026-10-07T19:58:53.576840Z  INFO falcon_algebraic:prove:falcon_algebraic:arithmetic:falcon_algebraic:binding:spartan:round_grinding_prove: bitz::sumcheck::boundary: close time.busy=59.7µs time.idle=120ns
2026-10-07T19:58:53.576853Z  INFO falcon_algebraic:prove:falcon_algebraic:arithmetic:falcon_algebraic:binding:inner_packed:fold_tail{round=14}: bitz::sumcheck::inner::packed::state: close time.busy=11.2µs time.idle=110ns
2026-10-07T19:58:53.576890Z  INFO falcon_algebraic:prove:falcon_algebraic:arithmetic:falcon_algebraic:binding:spartan:round_grinding_prove:spartan:grinding{bits=13}: bitz::piop::spartan::grinding: close time.busy=34.2µs time.idle=100ns
2026-10-07T19:58:53.576891Z  INFO falcon_algebraic:prove:falcon_algebraic:arithmetic:falcon_algebraic:binding:spartan:round_grinding_prove: bitz::sumcheck::boundary: close time.busy=36.3µs time.idle=120ns
2026-10-07T19:58:53.576899Z  INFO falcon_algebraic:prove:falcon_algebraic:arithmetic:falcon_algebraic:binding:inner_packed:fold_tail{round=15}: bitz::sumcheck::inner::packed::state: close time.busy=5.39µs time.idle=120ns
2026-10-07T19:58:53.576916Z  INFO falcon_algebraic:prove:falcon_algebraic:arithmetic:falcon_algebraic:binding:spartan:round_grinding_prove:spartan:grinding{bits=13}: bitz::piop::spartan::grinding: close time.busy=14.4µs time.idle=110ns
2026-10-07T19:58:53.576917Z  INFO falcon_algebraic:prove:falcon_algebraic:arithmetic:falcon_algebraic:binding:spartan:round_grinding_prove: bitz::sumcheck::boundary: close time.busy=16.6µs time.idle=110ns
2026-10-07T19:58:53.576922Z  INFO falcon_algebraic:prove:falcon_algebraic:arithmetic:falcon_algebraic:binding:inner_packed:fold_tail{round=16}: bitz::sumcheck::inner::packed::state: close time.busy=2.67µs time.idle=140ns
2026-10-07T19:58:53.576941Z  INFO falcon_algebraic:prove:falcon_algebraic:arithmetic:falcon_algebraic:binding:spartan:round_grinding_prove:spartan:grinding{bits=13}: bitz::piop::spartan::grinding: close time.busy=16.5µs time.idle=110ns
2026-10-07T19:58:53.576943Z  INFO falcon_algebraic:prove:falcon_algebraic:arithmetic:falcon_algebraic:binding:spartan:round_grinding_prove: bitz::sumcheck::boundary: close time.busy=18.6µs time.idle=120ns
2026-10-07T19:58:53.576949Z  INFO falcon_algebraic:prove:falcon_algebraic:arithmetic:falcon_algebraic:binding:inner_packed:fold_tail{round=17}: bitz::sumcheck::inner::packed::state: close time.busy=1.38µs time.idle=110ns
2026-10-07T19:58:53.576968Z  INFO falcon_algebraic:prove:falcon_algebraic:arithmetic:falcon_algebraic:binding:spartan:round_grinding_prove:spartan:grinding{bits=13}: bitz::piop::spartan::grinding: close time.busy=16.9µs time.idle=110ns
2026-10-07T19:58:53.576969Z  INFO falcon_algebraic:prove:falcon_algebraic:arithmetic:falcon_algebraic:binding:spartan:round_grinding_prove: bitz::sumcheck::boundary: close time.busy=19.1µs time.idle=110ns
2026-10-07T19:58:53.576972Z  INFO falcon_algebraic:prove:falcon_algebraic:arithmetic:falcon_algebraic:binding:inner_packed:fold_tail{round=18}: bitz::sumcheck::inner::packed::state: close time.busy=742ns time.idle=110ns
2026-10-07T19:58:53.576980Z  INFO falcon_algebraic:prove:falcon_algebraic:arithmetic:falcon_algebraic:binding:spartan:round_grinding_prove:spartan:grinding{bits=13}: bitz::piop::spartan::grinding: close time.busy=6.32µs time.idle=110ns
2026-10-07T19:58:53.576982Z  INFO falcon_algebraic:prove:falcon_algebraic:arithmetic:falcon_algebraic:binding:spartan:round_grinding_prove: bitz::sumcheck::boundary: close time.busy=8.12µs time.idle=110ns
2026-10-07T19:58:53.576984Z  INFO falcon_algebraic:prove:falcon_algebraic:arithmetic:falcon_algebraic:binding:inner_packed:fold_tail{round=19}: bitz::sumcheck::inner::packed::state: close time.busy=420ns time.idle=111ns
2026-10-07T19:58:53.577054Z  INFO falcon_algebraic:prove:falcon_algebraic:arithmetic:falcon_algebraic:binding:spartan:round_grinding_prove:spartan:grinding{bits=13}: bitz::piop::spartan::grinding: close time.busy=67.7µs time.idle=110ns
2026-10-07T19:58:53.577056Z  INFO falcon_algebraic:prove:falcon_algebraic:arithmetic:falcon_algebraic:binding:spartan:round_grinding_prove: bitz::sumcheck::boundary: close time.busy=69.7µs time.idle=110ns
2026-10-07T19:58:53.577058Z  INFO falcon_algebraic:prove:falcon_algebraic:arithmetic:falcon_algebraic:binding:inner_packed:fold_tail{round=20}: bitz::sumcheck::inner::packed::state: close time.busy=261ns time.idle=120ns
2026-10-07T19:58:53.577065Z  INFO falcon_algebraic:prove:falcon_algebraic:arithmetic:falcon_algebraic:binding:spartan:round_grinding_prove:spartan:grinding{bits=13}: bitz::piop::spartan::grinding: close time.busy=5.15µs time.idle=111ns
2026-10-07T19:58:53.577067Z  INFO falcon_algebraic:prove:falcon_algebraic:arithmetic:falcon_algebraic:binding:spartan:round_grinding_prove: bitz::sumcheck::boundary: close time.busy=6.99µs time.idle=111ns
2026-10-07T19:58:53.577069Z  INFO falcon_algebraic:prove:falcon_algebraic:arithmetic:falcon_algebraic:binding:inner_packed:fold_tail{round=21}: bitz::sumcheck::inner::packed::state: close time.busy=181ns time.idle=110ns
2026-10-07T19:58:53.577117Z  INFO falcon_algebraic:prove:falcon_algebraic:arithmetic:falcon_algebraic:binding:spartan:round_grinding_prove:spartan:grinding{bits=13}: bitz::piop::spartan::grinding: close time.busy=46.1µs time.idle=110ns
2026-10-07T19:58:53.577118Z  INFO falcon_algebraic:prove:falcon_algebraic:arithmetic:falcon_algebraic:binding:spartan:round_grinding_prove: bitz::sumcheck::boundary: close time.busy=47.9µs time.idle=101ns
2026-10-07T19:58:53.577120Z  INFO falcon_algebraic:prove:falcon_algebraic:arithmetic:falcon_algebraic:binding:inner_packed:fold_tail{round=22}: bitz::sumcheck::inner::packed::state: close time.busy=120ns time.idle=120ns
2026-10-07T19:58:53.577130Z  INFO falcon_algebraic:prove:falcon_algebraic:arithmetic:falcon_algebraic:binding:spartan:round_grinding_prove:spartan:grinding{bits=13}: bitz::piop::spartan::grinding: close time.busy=8.13µs time.idle=110ns
2026-10-07T19:58:53.577132Z  INFO falcon_algebraic:prove:falcon_algebraic:arithmetic:falcon_algebraic:binding:spartan:round_grinding_prove: bitz::sumcheck::boundary: close time.busy=9.94µs time.idle=110ns
2026-10-07T19:58:53.577134Z  INFO falcon_algebraic:prove:falcon_algebraic:arithmetic:falcon_algebraic:binding:inner_packed:fold_tail{round=23}: bitz::sumcheck::inner::packed::state: close time.busy=211ns time.idle=120ns
2026-10-07T19:58:53.583780Z  INFO falcon_algebraic:prove:falcon_algebraic:arithmetic:falcon_algebraic:binding: bitz::piop::spartan::falcon512_algebraic::arithmetic: close time.busy=138ms time.idle=120ns
2026-10-07T19:58:53.583783Z  INFO falcon_algebraic:prove:falcon_algebraic:arithmetic: bitz::piop::spartan::falcon512_algebraic::protocol: close time.busy=189ms time.idle=151ns
2026-10-07T19:58:53.586400Z  INFO falcon_algebraic:prove:falcon_algebraic:bitz:falcon_bridge:integer_folds: bitz::hybrid::integer_bridge: close time.busy=2.58ms time.idle=150ns
2026-10-07T19:58:53.587448Z  INFO falcon_algebraic:prove:falcon_algebraic:bitz:falcon_bridge:column_packing: bitz::hybrid::integer_bridge: close time.busy=858µs time.idle=161ns
2026-10-07T19:58:53.587824Z  INFO falcon_algebraic:prove:falcon_algebraic:bitz:falcon_bridge:power_tables: bitz::hybrid::integer_bridge: close time.busy=374µs time.idle=150ns
2026-10-07T19:58:53.587836Z  INFO falcon_algebraic:prove:falcon_algebraic:bitz:spartan:grinding{bits=14}: bitz::piop::spartan::grinding: close time.busy=8.90µs time.idle=110ns
2026-10-07T19:58:53.595804Z  INFO falcon_algebraic:prove:falcon_algebraic:bitz:falcon_bridge:wfbitz_forest:spartan:grinding{bits=14}: bitz::piop::spartan::grinding: close time.busy=41.2µs time.idle=131ns
2026-10-07T19:58:53.595980Z  INFO falcon_algebraic:prove:falcon_algebraic:bitz:falcon_bridge:wfbitz_forest:spartan:grinding{bits=14}: bitz::piop::spartan::grinding: close time.busy=164µs time.idle=121ns
2026-10-07T19:58:53.596040Z  INFO falcon_algebraic:prove:falcon_algebraic:bitz:falcon_bridge:wfbitz_forest:spartan:grinding{bits=14}: bitz::piop::spartan::grinding: close time.busy=53.4µs time.idle=110ns
2026-10-07T19:58:53.596079Z  INFO falcon_algebraic:prove:falcon_algebraic:bitz:falcon_bridge:wfbitz_forest:spartan:grinding{bits=14}: bitz::piop::spartan::grinding: close time.busy=35.0µs time.idle=100ns
2026-10-07T19:58:53.596240Z  INFO falcon_algebraic:prove:falcon_algebraic:bitz:falcon_bridge:wfbitz_forest:spartan:grinding{bits=14}: bitz::piop::spartan::grinding: close time.busy=157µs time.idle=110ns
2026-10-07T19:58:53.596448Z  INFO falcon_algebraic:prove:falcon_algebraic:bitz:falcon_bridge:wfbitz_forest:spartan:grinding{bits=14}: bitz::piop::spartan::grinding: close time.busy=205µs time.idle=111ns
2026-10-07T19:58:53.596522Z  INFO falcon_algebraic:prove:falcon_algebraic:bitz:falcon_bridge:wfbitz_forest:spartan:grinding{bits=14}: bitz::piop::spartan::grinding: close time.busy=70.6µs time.idle=111ns
2026-10-07T19:58:53.596555Z  INFO falcon_algebraic:prove:falcon_algebraic:bitz:falcon_bridge:wfbitz_forest:spartan:grinding{bits=14}: bitz::piop::spartan::grinding: close time.busy=30.6µs time.idle=110ns
2026-10-07T19:58:53.596563Z  INFO falcon_algebraic:prove:falcon_algebraic:bitz:falcon_bridge:wfbitz_forest:spartan:grinding{bits=14}: bitz::piop::spartan::grinding: close time.busy=4.19µs time.idle=110ns
2026-10-07T19:58:53.596571Z  INFO falcon_algebraic:prove:falcon_algebraic:bitz:falcon_bridge:wfbitz_forest:spartan:grinding{bits=14}: bitz::piop::spartan::grinding: close time.busy=5.40µs time.idle=120ns
2026-10-07T19:58:53.596662Z  INFO falcon_algebraic:prove:falcon_algebraic:bitz:falcon_bridge:wfbitz_forest:spartan:grinding{bits=14}: bitz::piop::spartan::grinding: close time.busy=87.2µs time.idle=100ns
2026-10-07T19:58:53.596701Z  INFO falcon_algebraic:prove:falcon_algebraic:bitz:falcon_bridge:wfbitz_forest:spartan:grinding{bits=14}: bitz::piop::spartan::grinding: close time.busy=36.3µs time.idle=111ns
2026-10-07T19:58:53.596769Z  INFO falcon_algebraic:prove:falcon_algebraic:bitz:falcon_bridge:wfbitz_forest:spartan:grinding{bits=14}: bitz::piop::spartan::grinding: close time.busy=64.9µs time.idle=120ns
2026-10-07T19:58:53.596853Z  INFO falcon_algebraic:prove:falcon_algebraic:bitz:falcon_bridge:wfbitz_forest:spartan:grinding{bits=14}: bitz::piop::spartan::grinding: close time.busy=66.2µs time.idle=111ns
2026-10-07T19:58:53.596917Z  INFO falcon_algebraic:prove:falcon_algebraic:bitz:falcon_bridge:wfbitz_forest:spartan:grinding{bits=14}: bitz::piop::spartan::grinding: close time.busy=54.8µs time.idle=110ns
2026-10-07T19:58:53.596987Z  INFO falcon_algebraic:prove:falcon_algebraic:bitz:falcon_bridge:wfbitz_forest:spartan:grinding{bits=14}: bitz::piop::spartan::grinding: close time.busy=61.6µs time.idle=110ns
2026-10-07T19:58:53.597131Z  INFO falcon_algebraic:prove:falcon_algebraic:bitz:falcon_bridge:wfbitz_forest:spartan:grinding{bits=14}: bitz::piop::spartan::grinding: close time.busy=139µs time.idle=100ns
2026-10-07T19:58:53.597175Z  INFO falcon_algebraic:prove:falcon_algebraic:bitz:falcon_bridge:wfbitz_forest:spartan:grinding{bits=14}: bitz::piop::spartan::grinding: close time.busy=39.6µs time.idle=90.0ns
2026-10-07T19:58:53.597183Z  INFO falcon_algebraic:prove:falcon_algebraic:bitz:falcon_bridge:wfbitz_forest:spartan:grinding{bits=14}: bitz::piop::spartan::grinding: close time.busy=4.16µs time.idle=120ns
2026-10-07T19:58:53.597251Z  INFO falcon_algebraic:prove:falcon_algebraic:bitz:falcon_bridge:wfbitz_forest:spartan:grinding{bits=14}: bitz::piop::spartan::grinding: close time.busy=64.7µs time.idle=110ns
2026-10-07T19:58:53.597276Z  INFO falcon_algebraic:prove:falcon_algebraic:bitz:falcon_bridge:wfbitz_forest:spartan:grinding{bits=14}: bitz::piop::spartan::grinding: close time.busy=22.6µs time.idle=110ns
2026-10-07T19:58:53.597290Z  INFO falcon_algebraic:prove:falcon_algebraic:bitz:falcon_bridge:wfbitz_forest:spartan:grinding{bits=14}: bitz::piop::spartan::grinding: close time.busy=11.1µs time.idle=100ns
2026-10-07T19:58:53.597319Z  INFO falcon_algebraic:prove:falcon_algebraic:bitz:falcon_bridge:wfbitz_forest:spartan:grinding{bits=14}: bitz::piop::spartan::grinding: close time.busy=25.3µs time.idle=111ns
2026-10-07T19:58:53.597332Z  INFO falcon_algebraic:prove:falcon_algebraic:bitz:falcon_bridge:wfbitz_forest:spartan:grinding{bits=14}: bitz::piop::spartan::grinding: close time.busy=9.47µs time.idle=100ns
2026-10-07T19:58:53.597351Z  INFO falcon_algebraic:prove:falcon_algebraic:bitz:falcon_bridge:wfbitz_forest:spartan:grinding{bits=14}: bitz::piop::spartan::grinding: close time.busy=16.2µs time.idle=110ns
2026-10-07T19:58:53.597406Z  INFO falcon_algebraic:prove:falcon_algebraic:bitz:falcon_bridge:wfbitz_forest:spartan:grinding{bits=14}: bitz::piop::spartan::grinding: close time.busy=52.8µs time.idle=110ns
2026-10-07T19:58:53.597459Z  INFO falcon_algebraic:prove:falcon_algebraic:bitz:falcon_bridge:wfbitz_forest:spartan:grinding{bits=14}: bitz::piop::spartan::grinding: close time.busy=50.0µs time.idle=110ns
2026-10-07T19:58:53.597583Z  INFO falcon_algebraic:prove:falcon_algebraic:bitz:falcon_bridge:wfbitz_forest:spartan:grinding{bits=14}: bitz::piop::spartan::grinding: close time.busy=100µs time.idle=110ns
2026-10-07T19:58:53.597612Z  INFO falcon_algebraic:prove:falcon_algebraic:bitz:falcon_bridge:wfbitz_forest:spartan:grinding{bits=14}: bitz::piop::spartan::grinding: close time.busy=7.39µs time.idle=111ns
2026-10-07T19:58:53.597643Z  INFO falcon_algebraic:prove:falcon_algebraic:bitz:falcon_bridge:wfbitz_forest:spartan:grinding{bits=14}: bitz::piop::spartan::grinding: close time.busy=23.2µs time.idle=100ns
2026-10-07T19:58:53.597669Z  INFO falcon_algebraic:prove:falcon_algebraic:bitz:falcon_bridge:wfbitz_forest:spartan:grinding{bits=14}: bitz::piop::spartan::grinding: close time.busy=9.94µs time.idle=100ns
2026-10-07T19:58:53.597758Z  INFO falcon_algebraic:prove:falcon_algebraic:bitz:falcon_bridge:wfbitz_forest:spartan:grinding{bits=14}: bitz::piop::spartan::grinding: close time.busy=83.3µs time.idle=110ns
2026-10-07T19:58:53.597814Z  INFO falcon_algebraic:prove:falcon_algebraic:bitz:falcon_bridge:wfbitz_forest:spartan:grinding{bits=14}: bitz::piop::spartan::grinding: close time.busy=51.0µs time.idle=100ns
2026-10-07T19:58:53.597824Z  INFO falcon_algebraic:prove:falcon_algebraic:bitz:falcon_bridge:wfbitz_forest:spartan:grinding{bits=14}: bitz::piop::spartan::grinding: close time.busy=6.24µs time.idle=120ns
2026-10-07T19:58:53.597894Z  INFO falcon_algebraic:prove:falcon_algebraic:bitz:falcon_bridge:wfbitz_forest:spartan:grinding{bits=14}: bitz::piop::spartan::grinding: close time.busy=66.8µs time.idle=110ns
2026-10-07T19:58:53.597983Z  INFO falcon_algebraic:prove:falcon_algebraic:bitz:falcon_bridge:wfbitz_forest:spartan:grinding{bits=14}: bitz::piop::spartan::grinding: close time.busy=86.8µs time.idle=110ns
2026-10-07T19:58:53.597994Z  INFO falcon_algebraic:prove:falcon_algebraic:bitz:falcon_bridge:wfbitz_forest:spartan:grinding{bits=14}: bitz::piop::spartan::grinding: close time.busy=7.92µs time.idle=100ns
2026-10-07T19:58:53.598033Z  INFO falcon_algebraic:prove:falcon_algebraic:bitz:falcon_bridge:wfbitz_forest:spartan:grinding{bits=14}: bitz::piop::spartan::grinding: close time.busy=35.6µs time.idle=120ns
2026-10-07T19:58:53.598086Z  INFO falcon_algebraic:prove:falcon_algebraic:bitz:falcon_bridge:wfbitz_forest:spartan:grinding{bits=14}: bitz::piop::spartan::grinding: close time.busy=50.0µs time.idle=111ns
2026-10-07T19:58:53.598137Z  INFO falcon_algebraic:prove:falcon_algebraic:bitz:falcon_bridge:wfbitz_forest:spartan:grinding{bits=14}: bitz::piop::spartan::grinding: close time.busy=47.4µs time.idle=110ns
2026-10-07T19:58:53.598150Z  INFO falcon_algebraic:prove:falcon_algebraic:bitz:falcon_bridge:wfbitz_forest:spartan:grinding{bits=14}: bitz::piop::spartan::grinding: close time.busy=10.1µs time.idle=110ns
2026-10-07T19:58:53.598174Z  INFO falcon_algebraic:prove:falcon_algebraic:bitz:falcon_bridge:wfbitz_forest:spartan:grinding{bits=14}: bitz::piop::spartan::grinding: close time.busy=20.9µs time.idle=111ns
2026-10-07T19:58:53.598376Z  INFO falcon_algebraic:prove:falcon_algebraic:bitz:falcon_bridge:wfbitz_forest:spartan:grinding{bits=14}: bitz::piop::spartan::grinding: close time.busy=163µs time.idle=100ns
2026-10-07T19:58:53.598423Z  INFO falcon_algebraic:prove:falcon_algebraic:bitz:falcon_bridge:wfbitz_forest:spartan:grinding{bits=14}: bitz::piop::spartan::grinding: close time.busy=11.2µs time.idle=100ns
2026-10-07T19:58:53.598510Z  INFO falcon_algebraic:prove:falcon_algebraic:bitz:falcon_bridge:wfbitz_forest:spartan:grinding{bits=14}: bitz::piop::spartan::grinding: close time.busy=69.0µs time.idle=101ns
2026-10-07T19:58:53.598536Z  INFO falcon_algebraic:prove:falcon_algebraic:bitz:falcon_bridge:wfbitz_forest:spartan:grinding{bits=14}: bitz::piop::spartan::grinding: close time.busy=18.2µs time.idle=110ns
2026-10-07T19:58:53.598661Z  INFO falcon_algebraic:prove:falcon_algebraic:bitz:falcon_bridge:wfbitz_forest:spartan:grinding{bits=14}: bitz::piop::spartan::grinding: close time.busy=110µs time.idle=120ns
2026-10-07T19:58:53.598682Z  INFO falcon_algebraic:prove:falcon_algebraic:bitz:falcon_bridge:wfbitz_forest:spartan:grinding{bits=14}: bitz::piop::spartan::grinding: close time.busy=15.3µs time.idle=110ns
2026-10-07T19:58:53.598701Z  INFO falcon_algebraic:prove:falcon_algebraic:bitz:falcon_bridge:wfbitz_forest:spartan:grinding{bits=14}: bitz::piop::spartan::grinding: close time.busy=14.5µs time.idle=100ns
2026-10-07T19:58:53.598788Z  INFO falcon_algebraic:prove:falcon_algebraic:bitz:falcon_bridge:wfbitz_forest:spartan:grinding{bits=14}: bitz::piop::spartan::grinding: close time.busy=83.0µs time.idle=100ns
2026-10-07T19:58:53.598843Z  INFO falcon_algebraic:prove:falcon_algebraic:bitz:falcon_bridge:wfbitz_forest:spartan:grinding{bits=14}: bitz::piop::spartan::grinding: close time.busy=52.6µs time.idle=110ns
2026-10-07T19:58:53.598885Z  INFO falcon_algebraic:prove:falcon_algebraic:bitz:falcon_bridge:wfbitz_forest:spartan:grinding{bits=14}: bitz::piop::spartan::grinding: close time.busy=38.1µs time.idle=120ns
2026-10-07T19:58:53.598920Z  INFO falcon_algebraic:prove:falcon_algebraic:bitz:falcon_bridge:wfbitz_forest:spartan:grinding{bits=14}: bitz::piop::spartan::grinding: close time.busy=32.3µs time.idle=110ns
2026-10-07T19:58:53.598931Z  INFO falcon_algebraic:prove:falcon_algebraic:bitz:falcon_bridge:wfbitz_forest:spartan:grinding{bits=14}: bitz::piop::spartan::grinding: close time.busy=7.75µs time.idle=110ns
2026-10-07T19:58:53.598962Z  INFO falcon_algebraic:prove:falcon_algebraic:bitz:falcon_bridge:wfbitz_forest:spartan:grinding{bits=14}: bitz::piop::spartan::grinding: close time.busy=27.9µs time.idle=100ns
2026-10-07T19:58:53.599121Z  INFO falcon_algebraic:prove:falcon_algebraic:bitz:falcon_bridge:wfbitz_forest:spartan:grinding{bits=14}: bitz::piop::spartan::grinding: close time.busy=156µs time.idle=110ns
2026-10-07T19:58:53.599145Z  INFO falcon_algebraic:prove:falcon_algebraic:bitz:falcon_bridge:wfbitz_forest:spartan:grinding{bits=14}: bitz::piop::spartan::grinding: close time.busy=21.1µs time.idle=120ns
2026-10-07T19:58:53.599215Z  INFO falcon_algebraic:prove:falcon_algebraic:bitz:falcon_bridge:wfbitz_forest:spartan:grinding{bits=14}: bitz::piop::spartan::grinding: close time.busy=67.1µs time.idle=110ns
2026-10-07T19:58:53.599304Z  INFO falcon_algebraic:prove:falcon_algebraic:bitz:falcon_bridge:wfbitz_forest:spartan:grinding{bits=14}: bitz::piop::spartan::grinding: close time.busy=25.2µs time.idle=120ns
2026-10-07T19:58:53.599374Z  INFO falcon_algebraic:prove:falcon_algebraic:bitz:falcon_bridge:wfbitz_forest:spartan:grinding{bits=14}: bitz::piop::spartan::grinding: close time.busy=4.29µs time.idle=110ns
2026-10-07T19:58:53.599413Z  INFO falcon_algebraic:prove:falcon_algebraic:bitz:falcon_bridge:wfbitz_forest:spartan:grinding{bits=14}: bitz::piop::spartan::grinding: close time.busy=10.4µs time.idle=120ns
2026-10-07T19:58:53.599557Z  INFO falcon_algebraic:prove:falcon_algebraic:bitz:falcon_bridge:wfbitz_forest:spartan:grinding{bits=14}: bitz::piop::spartan::grinding: close time.busy=127µs time.idle=90.0ns
2026-10-07T19:58:53.599586Z  INFO falcon_algebraic:prove:falcon_algebraic:bitz:falcon_bridge:wfbitz_forest:spartan:grinding{bits=14}: bitz::piop::spartan::grinding: close time.busy=19.4µs time.idle=110ns
2026-10-07T19:58:53.599618Z  INFO falcon_algebraic:prove:falcon_algebraic:bitz:falcon_bridge:wfbitz_forest:spartan:grinding{bits=14}: bitz::piop::spartan::grinding: close time.busy=16.4µs time.idle=110ns
2026-10-07T19:58:53.599645Z  INFO falcon_algebraic:prove:falcon_algebraic:bitz:falcon_bridge:wfbitz_forest:spartan:grinding{bits=14}: bitz::piop::spartan::grinding: close time.busy=20.4µs time.idle=110ns
2026-10-07T19:58:53.599733Z  INFO falcon_algebraic:prove:falcon_algebraic:bitz:falcon_bridge:wfbitz_forest:spartan:grinding{bits=14}: bitz::piop::spartan::grinding: close time.busy=83.9µs time.idle=110ns
2026-10-07T19:58:53.599830Z  INFO falcon_algebraic:prove:falcon_algebraic:bitz:falcon_bridge:wfbitz_forest:spartan:grinding{bits=14}: bitz::piop::spartan::grinding: close time.busy=93.2µs time.idle=111ns
2026-10-07T19:58:53.599910Z  INFO falcon_algebraic:prove:falcon_algebraic:bitz:falcon_bridge:wfbitz_forest:spartan:grinding{bits=14}: bitz::piop::spartan::grinding: close time.busy=76.5µs time.idle=91.0ns
2026-10-07T19:58:53.600116Z  INFO falcon_algebraic:prove:falcon_algebraic:bitz:falcon_bridge:wfbitz_forest:spartan:grinding{bits=14}: bitz::piop::spartan::grinding: close time.busy=202µs time.idle=130ns
2026-10-07T19:58:53.600165Z  INFO falcon_algebraic:prove:falcon_algebraic:bitz:falcon_bridge:wfbitz_forest:spartan:grinding{bits=14}: bitz::piop::spartan::grinding: close time.busy=46.7µs time.idle=111ns
2026-10-07T19:58:53.600267Z  INFO falcon_algebraic:prove:falcon_algebraic:bitz:falcon_bridge:wfbitz_forest:spartan:grinding{bits=14}: bitz::piop::spartan::grinding: close time.busy=100µs time.idle=110ns
2026-10-07T19:58:53.600326Z  INFO falcon_algebraic:prove:falcon_algebraic:bitz:falcon_bridge:wfbitz_forest:spartan:grinding{bits=14}: bitz::piop::spartan::grinding: close time.busy=56.5µs time.idle=121ns
2026-10-07T19:58:53.600353Z  INFO falcon_algebraic:prove:falcon_algebraic:bitz:falcon_bridge:wfbitz_forest:spartan:grinding{bits=14}: bitz::piop::spartan::grinding: close time.busy=24.7µs time.idle=120ns
2026-10-07T19:58:53.600392Z  INFO falcon_algebraic:prove:falcon_algebraic:bitz:falcon_bridge:wfbitz_forest:spartan:grinding{bits=14}: bitz::piop::spartan::grinding: close time.busy=36.7µs time.idle=120ns
2026-10-07T19:58:53.600425Z  INFO falcon_algebraic:prove:falcon_algebraic:bitz:falcon_bridge:wfbitz_forest:spartan:grinding{bits=14}: bitz::piop::spartan::grinding: close time.busy=30.6µs time.idle=112ns
2026-10-07T19:58:53.600586Z  INFO falcon_algebraic:prove:falcon_algebraic:bitz:falcon_bridge:wfbitz_forest:spartan:grinding{bits=14}: bitz::piop::spartan::grinding: close time.busy=47.7µs time.idle=101ns
2026-10-07T19:58:53.600748Z  INFO falcon_algebraic:prove:falcon_algebraic:bitz:falcon_bridge:wfbitz_forest:spartan:grinding{bits=14}: bitz::piop::spartan::grinding: close time.busy=36.9µs time.idle=110ns
2026-10-07T19:58:53.600934Z  INFO falcon_algebraic:prove:falcon_algebraic:bitz:falcon_bridge:wfbitz_forest:spartan:grinding{bits=14}: bitz::piop::spartan::grinding: close time.busy=137µs time.idle=110ns
2026-10-07T19:58:53.601095Z  INFO falcon_algebraic:prove:falcon_algebraic:bitz:falcon_bridge:wfbitz_forest:spartan:grinding{bits=14}: bitz::piop::spartan::grinding: close time.busy=133µs time.idle=110ns
2026-10-07T19:58:53.601246Z  INFO falcon_algebraic:prove:falcon_algebraic:bitz:falcon_bridge:wfbitz_forest:spartan:grinding{bits=14}: bitz::piop::spartan::grinding: close time.busy=134µs time.idle=110ns
2026-10-07T19:58:53.601371Z  INFO falcon_algebraic:prove:falcon_algebraic:bitz:falcon_bridge:wfbitz_forest:spartan:grinding{bits=14}: bitz::piop::spartan::grinding: close time.busy=117µs time.idle=110ns
2026-10-07T19:58:53.601424Z  INFO falcon_algebraic:prove:falcon_algebraic:bitz:falcon_bridge:wfbitz_forest:spartan:grinding{bits=14}: bitz::piop::spartan::grinding: close time.busy=37.0µs time.idle=110ns
2026-10-07T19:58:53.601488Z  INFO falcon_algebraic:prove:falcon_algebraic:bitz:falcon_bridge:wfbitz_forest:spartan:grinding{bits=14}: bitz::piop::spartan::grinding: close time.busy=58.2µs time.idle=100ns
2026-10-07T19:58:53.601510Z  INFO falcon_algebraic:prove:falcon_algebraic:bitz:falcon_bridge:wfbitz_forest:spartan:grinding{bits=14}: bitz::piop::spartan::grinding: close time.busy=17.9µs time.idle=90.0ns
2026-10-07T19:58:53.601578Z  INFO falcon_algebraic:prove:falcon_algebraic:bitz:falcon_bridge:wfbitz_forest:spartan:grinding{bits=14}: bitz::piop::spartan::grinding: close time.busy=64.3µs time.idle=110ns
2026-10-07T19:58:53.601588Z  INFO falcon_algebraic:prove:falcon_algebraic:bitz:falcon_bridge:wfbitz_forest:spartan:grinding{bits=14}: bitz::piop::spartan::grinding: close time.busy=7.78µs time.idle=110ns
2026-10-07T19:58:53.601616Z  INFO falcon_algebraic:prove:falcon_algebraic:bitz:falcon_bridge:wfbitz_forest:spartan:grinding{bits=14}: bitz::piop::spartan::grinding: close time.busy=25.0µs time.idle=110ns
2026-10-07T19:58:53.601683Z  INFO falcon_algebraic:prove:falcon_algebraic:bitz:falcon_bridge:wfbitz_forest:spartan:grinding{bits=14}: bitz::piop::spartan::grinding: close time.busy=64.0µs time.idle=111ns
2026-10-07T19:58:53.601703Z  INFO falcon_algebraic:prove:falcon_algebraic:bitz:falcon_bridge:wfbitz_forest:spartan:grinding{bits=14}: bitz::piop::spartan::grinding: close time.busy=16.6µs time.idle=110ns
2026-10-07T19:58:53.601728Z  INFO falcon_algebraic:prove:falcon_algebraic:bitz:falcon_bridge:wfbitz_forest:spartan:grinding{bits=14}: bitz::piop::spartan::grinding: close time.busy=23.2µs time.idle=110ns
2026-10-07T19:58:53.601871Z  INFO falcon_algebraic:prove:falcon_algebraic:bitz:falcon_bridge:wfbitz_forest:spartan:grinding{bits=14}: bitz::piop::spartan::grinding: close time.busy=140µs time.idle=110ns
2026-10-07T19:58:53.601891Z  INFO falcon_algebraic:prove:falcon_algebraic:bitz:falcon_bridge:wfbitz_forest:spartan:grinding{bits=14}: bitz::piop::spartan::grinding: close time.busy=17.0µs time.idle=110ns
2026-10-07T19:58:53.601940Z  INFO falcon_algebraic:prove:falcon_algebraic:bitz:falcon_bridge:wfbitz_forest:spartan:grinding{bits=14}: bitz::piop::spartan::grinding: close time.busy=47.2µs time.idle=110ns
2026-10-07T19:58:53.602180Z  INFO falcon_algebraic:prove:falcon_algebraic:bitz:falcon_bridge:wfbitz_forest:spartan:grinding{bits=14}: bitz::piop::spartan::grinding: close time.busy=23.3µs time.idle=120ns
2026-10-07T19:58:53.602487Z  INFO falcon_algebraic:prove:falcon_algebraic:bitz:falcon_bridge:wfbitz_forest:spartan:grinding{bits=14}: bitz::piop::spartan::grinding: close time.busy=65.2µs time.idle=110ns
2026-10-07T19:58:53.602684Z  INFO falcon_algebraic:prove:falcon_algebraic:bitz:falcon_bridge:wfbitz_forest:spartan:grinding{bits=14}: bitz::piop::spartan::grinding: close time.busy=102µs time.idle=110ns
2026-10-07T19:58:53.602759Z  INFO falcon_algebraic:prove:falcon_algebraic:bitz:falcon_bridge:wfbitz_forest:spartan:grinding{bits=14}: bitz::piop::spartan::grinding: close time.busy=24.4µs time.idle=110ns
2026-10-07T19:58:53.602832Z  INFO falcon_algebraic:prove:falcon_algebraic:bitz:falcon_bridge:wfbitz_forest:spartan:grinding{bits=14}: bitz::piop::spartan::grinding: close time.busy=45.2µs time.idle=101ns
2026-10-07T19:58:53.602943Z  INFO falcon_algebraic:prove:falcon_algebraic:bitz:falcon_bridge:wfbitz_forest:spartan:grinding{bits=14}: bitz::piop::spartan::grinding: close time.busy=93.5µs time.idle=100ns
2026-10-07T19:58:53.602969Z  INFO falcon_algebraic:prove:falcon_algebraic:bitz:falcon_bridge:wfbitz_forest:spartan:grinding{bits=14}: bitz::piop::spartan::grinding: close time.busy=18.4µs time.idle=110ns
2026-10-07T19:58:53.603007Z  INFO falcon_algebraic:prove:falcon_algebraic:bitz:falcon_bridge:wfbitz_forest:spartan:grinding{bits=14}: bitz::piop::spartan::grinding: close time.busy=22.2µs time.idle=100ns
2026-10-07T19:58:53.603062Z  INFO falcon_algebraic:prove:falcon_algebraic:bitz:falcon_bridge:wfbitz_forest:spartan:grinding{bits=14}: bitz::piop::spartan::grinding: close time.busy=49.6µs time.idle=110ns
2026-10-07T19:58:53.603109Z  INFO falcon_algebraic:prove:falcon_algebraic:bitz:falcon_bridge:wfbitz_forest:spartan:grinding{bits=14}: bitz::piop::spartan::grinding: close time.busy=42.5µs time.idle=120ns
2026-10-07T19:58:53.603215Z  INFO falcon_algebraic:prove:falcon_algebraic:bitz:falcon_bridge:wfbitz_forest:spartan:grinding{bits=14}: bitz::piop::spartan::grinding: close time.busy=103µs time.idle=110ns
2026-10-07T19:58:53.603283Z  INFO falcon_algebraic:prove:falcon_algebraic:bitz:falcon_bridge:wfbitz_forest:spartan:grinding{bits=14}: bitz::piop::spartan::grinding: close time.busy=64.5µs time.idle=110ns
2026-10-07T19:58:53.603309Z  INFO falcon_algebraic:prove:falcon_algebraic:bitz:falcon_bridge:wfbitz_forest:spartan:grinding{bits=14}: bitz::piop::spartan::grinding: close time.busy=23.8µs time.idle=110ns
2026-10-07T19:58:53.603516Z  INFO falcon_algebraic:prove:falcon_algebraic:bitz:falcon_bridge:wfbitz_forest:spartan:grinding{bits=14}: bitz::piop::spartan::grinding: close time.busy=204µs time.idle=110ns
2026-10-07T19:58:53.603542Z  INFO falcon_algebraic:prove:falcon_algebraic:bitz:falcon_bridge:wfbitz_forest:spartan:grinding{bits=14}: bitz::piop::spartan::grinding: close time.busy=22.8µs time.idle=121ns
2026-10-07T19:58:53.603551Z  INFO falcon_algebraic:prove:falcon_algebraic:bitz:falcon_bridge:wfbitz_forest:spartan:grinding{bits=14}: bitz::piop::spartan::grinding: close time.busy=6.18µs time.idle=110ns
2026-10-07T19:58:53.603624Z  INFO falcon_algebraic:prove:falcon_algebraic:bitz:falcon_bridge:wfbitz_forest:spartan:grinding{bits=14}: bitz::piop::spartan::grinding: close time.busy=70.4µs time.idle=110ns
2026-10-07T19:58:53.603657Z  INFO falcon_algebraic:prove:falcon_algebraic:bitz:falcon_bridge:wfbitz_forest:spartan:grinding{bits=14}: bitz::piop::spartan::grinding: close time.busy=29.9µs time.idle=110ns
2026-10-07T19:58:53.603772Z  INFO falcon_algebraic:prove:falcon_algebraic:bitz:falcon_bridge:wfbitz_forest:spartan:grinding{bits=14}: bitz::piop::spartan::grinding: close time.busy=112µs time.idle=120ns
2026-10-07T19:58:53.604225Z  INFO falcon_algebraic:prove:falcon_algebraic:bitz:falcon_bridge:wfbitz_forest:spartan:grinding{bits=14}: bitz::piop::spartan::grinding: close time.busy=31.3µs time.idle=110ns
2026-10-07T19:58:53.604839Z  INFO falcon_algebraic:prove:falcon_algebraic:bitz:falcon_bridge:wfbitz_forest:spartan:grinding{bits=14}: bitz::piop::spartan::grinding: close time.busy=143µs time.idle=120ns
2026-10-07T19:58:53.605196Z  INFO falcon_algebraic:prove:falcon_algebraic:bitz:falcon_bridge:wfbitz_forest:spartan:grinding{bits=14}: bitz::piop::spartan::grinding: close time.busy=173µs time.idle=120ns
2026-10-07T19:58:53.605361Z  INFO falcon_algebraic:prove:falcon_algebraic:bitz:falcon_bridge:wfbitz_forest:spartan:grinding{bits=14}: bitz::piop::spartan::grinding: close time.busy=69.7µs time.idle=110ns
2026-10-07T19:58:53.605470Z  INFO falcon_algebraic:prove:falcon_algebraic:bitz:falcon_bridge:wfbitz_forest:spartan:grinding{bits=14}: bitz::piop::spartan::grinding: close time.busy=59.2µs time.idle=100ns
2026-10-07T19:58:53.605535Z  INFO falcon_algebraic:prove:falcon_algebraic:bitz:falcon_bridge:wfbitz_forest:spartan:grinding{bits=14}: bitz::piop::spartan::grinding: close time.busy=37.5µs time.idle=110ns
2026-10-07T19:58:53.605619Z  INFO falcon_algebraic:prove:falcon_algebraic:bitz:falcon_bridge:wfbitz_forest:spartan:grinding{bits=14}: bitz::piop::spartan::grinding: close time.busy=66.9µs time.idle=110ns
2026-10-07T19:58:53.605686Z  INFO falcon_algebraic:prove:falcon_algebraic:bitz:falcon_bridge:wfbitz_forest:spartan:grinding{bits=14}: bitz::piop::spartan::grinding: close time.busy=59.3µs time.idle=110ns
2026-10-07T19:58:53.605864Z  INFO falcon_algebraic:prove:falcon_algebraic:bitz:falcon_bridge:wfbitz_forest:spartan:grinding{bits=14}: bitz::piop::spartan::grinding: close time.busy=161µs time.idle=90.0ns
2026-10-07T19:58:53.605932Z  INFO falcon_algebraic:prove:falcon_algebraic:bitz:falcon_bridge:wfbitz_forest:spartan:grinding{bits=14}: bitz::piop::spartan::grinding: close time.busy=62.2µs time.idle=100ns
2026-10-07T19:58:53.605958Z  INFO falcon_algebraic:prove:falcon_algebraic:bitz:falcon_bridge:wfbitz_forest:spartan:grinding{bits=14}: bitz::piop::spartan::grinding: close time.busy=21.2µs time.idle=100ns
2026-10-07T19:58:53.605995Z  INFO falcon_algebraic:prove:falcon_algebraic:bitz:falcon_bridge:wfbitz_forest:spartan:grinding{bits=14}: bitz::piop::spartan::grinding: close time.busy=33.6µs time.idle=120ns
2026-10-07T19:58:53.606042Z  INFO falcon_algebraic:prove:falcon_algebraic:bitz:falcon_bridge:wfbitz_forest:spartan:grinding{bits=14}: bitz::piop::spartan::grinding: close time.busy=44.1µs time.idle=110ns
2026-10-07T19:58:53.606104Z  INFO falcon_algebraic:prove:falcon_algebraic:bitz:falcon_bridge:wfbitz_forest:spartan:grinding{bits=14}: bitz::piop::spartan::grinding: close time.busy=57.5µs time.idle=110ns
2026-10-07T19:58:53.606209Z  INFO falcon_algebraic:prove:falcon_algebraic:bitz:falcon_bridge:wfbitz_forest:spartan:grinding{bits=14}: bitz::piop::spartan::grinding: close time.busy=102µs time.idle=160ns
2026-10-07T19:58:53.606243Z  INFO falcon_algebraic:prove:falcon_algebraic:bitz:falcon_bridge:wfbitz_forest:spartan:grinding{bits=14}: bitz::piop::spartan::grinding: close time.busy=31.9µs time.idle=111ns
2026-10-07T19:58:53.606282Z  INFO falcon_algebraic:prove:falcon_algebraic:bitz:falcon_bridge:wfbitz_forest:spartan:grinding{bits=14}: bitz::piop::spartan::grinding: close time.busy=35.9µs time.idle=110ns
2026-10-07T19:58:53.606325Z  INFO falcon_algebraic:prove:falcon_algebraic:bitz:falcon_bridge:wfbitz_forest:spartan:grinding{bits=14}: bitz::piop::spartan::grinding: close time.busy=40.7µs time.idle=121ns
2026-10-07T19:58:53.606410Z  INFO falcon_algebraic:prove:falcon_algebraic:bitz:falcon_bridge:wfbitz_forest:spartan:grinding{bits=14}: bitz::piop::spartan::grinding: close time.busy=82.2µs time.idle=111ns
2026-10-07T19:58:53.606442Z  INFO falcon_algebraic:prove:falcon_algebraic:bitz:falcon_bridge:wfbitz_forest:spartan:grinding{bits=14}: bitz::piop::spartan::grinding: close time.busy=29.0µs time.idle=120ns
2026-10-07T19:58:53.609154Z  INFO falcon_algebraic:prove:falcon_algebraic:bitz:falcon_bridge:wfbitz_forest:spartan:grinding{bits=14}: bitz::piop::spartan::grinding: close time.busy=45.0µs time.idle=121ns
2026-10-07T19:58:53.610213Z  INFO falcon_algebraic:prove:falcon_algebraic:bitz:falcon_bridge:wfbitz_forest:spartan:grinding{bits=14}: bitz::piop::spartan::grinding: close time.busy=107µs time.idle=140ns
2026-10-07T19:58:53.610613Z  INFO falcon_algebraic:prove:falcon_algebraic:bitz:falcon_bridge:wfbitz_forest:spartan:grinding{bits=14}: bitz::piop::spartan::grinding: close time.busy=33.8µs time.idle=140ns
2026-10-07T19:58:53.610871Z  INFO falcon_algebraic:prove:falcon_algebraic:bitz:falcon_bridge:wfbitz_forest:spartan:grinding{bits=14}: bitz::piop::spartan::grinding: close time.busy=72.5µs time.idle=141ns
2026-10-07T19:58:53.610980Z  INFO falcon_algebraic:prove:falcon_algebraic:bitz:falcon_bridge:wfbitz_forest:spartan:grinding{bits=14}: bitz::piop::spartan::grinding: close time.busy=13.9µs time.idle=120ns
2026-10-07T19:58:53.611072Z  INFO falcon_algebraic:prove:falcon_algebraic:bitz:falcon_bridge:wfbitz_forest:spartan:grinding{bits=14}: bitz::piop::spartan::grinding: close time.busy=40.4µs time.idle=120ns
2026-10-07T19:58:53.611187Z  INFO falcon_algebraic:prove:falcon_algebraic:bitz:falcon_bridge:wfbitz_forest:spartan:grinding{bits=14}: bitz::piop::spartan::grinding: close time.busy=87.6µs time.idle=130ns
2026-10-07T19:58:53.611290Z  INFO falcon_algebraic:prove:falcon_algebraic:bitz:falcon_bridge:wfbitz_forest:spartan:grinding{bits=14}: bitz::piop::spartan::grinding: close time.busy=86.0µs time.idle=120ns
2026-10-07T19:58:53.611353Z  INFO falcon_algebraic:prove:falcon_algebraic:bitz:falcon_bridge:wfbitz_forest:spartan:grinding{bits=14}: bitz::piop::spartan::grinding: close time.busy=55.0µs time.idle=110ns
2026-10-07T19:58:53.611374Z  INFO falcon_algebraic:prove:falcon_algebraic:bitz:falcon_bridge:wfbitz_forest:spartan:grinding{bits=14}: bitz::piop::spartan::grinding: close time.busy=4.97µs time.idle=110ns
2026-10-07T19:58:53.611556Z  INFO falcon_algebraic:prove:falcon_algebraic:bitz:falcon_bridge:wfbitz_forest:spartan:grinding{bits=14}: bitz::piop::spartan::grinding: close time.busy=175µs time.idle=110ns
2026-10-07T19:58:53.611589Z  INFO falcon_algebraic:prove:falcon_algebraic:bitz:falcon_bridge:wfbitz_forest:spartan:grinding{bits=14}: bitz::piop::spartan::grinding: close time.busy=28.6µs time.idle=130ns
2026-10-07T19:58:53.611728Z  INFO falcon_algebraic:prove:falcon_algebraic:bitz:falcon_bridge:wfbitz_forest:spartan:grinding{bits=14}: bitz::piop::spartan::grinding: close time.busy=136µs time.idle=110ns
2026-10-07T19:58:53.611779Z  INFO falcon_algebraic:prove:falcon_algebraic:bitz:falcon_bridge:wfbitz_forest:spartan:grinding{bits=14}: bitz::piop::spartan::grinding: close time.busy=48.1µs time.idle=120ns
2026-10-07T19:58:53.611836Z  INFO falcon_algebraic:prove:falcon_algebraic:bitz:falcon_bridge:wfbitz_forest:spartan:grinding{bits=14}: bitz::piop::spartan::grinding: close time.busy=53.8µs time.idle=100ns
2026-10-07T19:58:53.611888Z  INFO falcon_algebraic:prove:falcon_algebraic:bitz:falcon_bridge:wfbitz_forest:spartan:grinding{bits=14}: bitz::piop::spartan::grinding: close time.busy=48.7µs time.idle=120ns
2026-10-07T19:58:53.611912Z  INFO falcon_algebraic:prove:falcon_algebraic:bitz:falcon_bridge:wfbitz_forest:spartan:grinding{bits=14}: bitz::piop::spartan::grinding: close time.busy=21.4µs time.idle=120ns
2026-10-07T19:58:53.612004Z  INFO falcon_algebraic:prove:falcon_algebraic:bitz:falcon_bridge:wfbitz_forest:spartan:grinding{bits=14}: bitz::piop::spartan::grinding: close time.busy=89.4µs time.idle=120ns
2026-10-07T19:58:53.612126Z  INFO falcon_algebraic:prove:falcon_algebraic:bitz:falcon_bridge:wfbitz_forest:spartan:grinding{bits=14}: bitz::piop::spartan::grinding: close time.busy=119µs time.idle=110ns
2026-10-07T19:58:53.612169Z  INFO falcon_algebraic:prove:falcon_algebraic:bitz:falcon_bridge:wfbitz_forest:spartan:grinding{bits=14}: bitz::piop::spartan::grinding: close time.busy=40.2µs time.idle=111ns
2026-10-07T19:58:53.612193Z  INFO falcon_algebraic:prove:falcon_algebraic:bitz:falcon_bridge:wfbitz_forest:spartan:grinding{bits=14}: bitz::piop::spartan::grinding: close time.busy=20.4µs time.idle=111ns
2026-10-07T19:58:53.614251Z  INFO falcon_algebraic:prove:falcon_algebraic:bitz:falcon_bridge:wfbitz_forest:spartan:grinding{bits=14}: bitz::piop::spartan::grinding: close time.busy=67.9µs time.idle=130ns
2026-10-07T19:58:53.616173Z  INFO falcon_algebraic:prove:falcon_algebraic:bitz:falcon_bridge:wfbitz_forest:spartan:grinding{bits=14}: bitz::piop::spartan::grinding: close time.busy=93.1µs time.idle=130ns
2026-10-07T19:58:53.616923Z  INFO falcon_algebraic:prove:falcon_algebraic:bitz:falcon_bridge:wfbitz_forest:spartan:grinding{bits=14}: bitz::piop::spartan::grinding: close time.busy=32.2µs time.idle=120ns
2026-10-07T19:58:53.617317Z  INFO falcon_algebraic:prove:falcon_algebraic:bitz:falcon_bridge:wfbitz_forest:spartan:grinding{bits=14}: bitz::piop::spartan::grinding: close time.busy=28.0µs time.idle=140ns
2026-10-07T19:58:53.617548Z  INFO falcon_algebraic:prove:falcon_algebraic:bitz:falcon_bridge:wfbitz_forest:spartan:grinding{bits=14}: bitz::piop::spartan::grinding: close time.busy=46.4µs time.idle=130ns
2026-10-07T19:58:53.617666Z  INFO falcon_algebraic:prove:falcon_algebraic:bitz:falcon_bridge:wfbitz_forest:spartan:grinding{bits=14}: bitz::piop::spartan::grinding: close time.busy=20.8µs time.idle=130ns
2026-10-07T19:58:53.617728Z  INFO falcon_algebraic:prove:falcon_algebraic:bitz:falcon_bridge:wfbitz_forest:spartan:grinding{bits=14}: bitz::piop::spartan::grinding: close time.busy=11.7µs time.idle=110ns
2026-10-07T19:58:53.617761Z  INFO falcon_algebraic:prove:falcon_algebraic:bitz:falcon_bridge:wfbitz_forest:spartan:grinding{bits=14}: bitz::piop::spartan::grinding: close time.busy=4.93µs time.idle=120ns
2026-10-07T19:58:53.617870Z  INFO falcon_algebraic:prove:falcon_algebraic:bitz:falcon_bridge:wfbitz_forest:spartan:grinding{bits=14}: bitz::piop::spartan::grinding: close time.busy=91.7µs time.idle=121ns
2026-10-07T19:58:53.617902Z  INFO falcon_algebraic:prove:falcon_algebraic:bitz:falcon_bridge:wfbitz_forest:spartan:grinding{bits=14}: bitz::piop::spartan::grinding: close time.busy=23.4µs time.idle=100ns
2026-10-07T19:58:53.617952Z  INFO falcon_algebraic:prove:falcon_algebraic:bitz:falcon_bridge:wfbitz_forest:spartan:grinding{bits=14}: bitz::piop::spartan::grinding: close time.busy=33.2µs time.idle=100ns
2026-10-07T19:58:53.617969Z  INFO falcon_algebraic:prove:falcon_algebraic:bitz:falcon_bridge:wfbitz_forest:spartan:grinding{bits=14}: bitz::piop::spartan::grinding: close time.busy=12.0µs time.idle=120ns
2026-10-07T19:58:53.617987Z  INFO falcon_algebraic:prove:falcon_algebraic:bitz:falcon_bridge:wfbitz_forest:spartan:grinding{bits=14}: bitz::piop::spartan::grinding: close time.busy=12.7µs time.idle=110ns
2026-10-07T19:58:53.618127Z  INFO falcon_algebraic:prove:falcon_algebraic:bitz:falcon_bridge:wfbitz_forest:spartan:grinding{bits=14}: bitz::piop::spartan::grinding: close time.busy=137µs time.idle=111ns
2026-10-07T19:58:53.618225Z  INFO falcon_algebraic:prove:falcon_algebraic:bitz:falcon_bridge:wfbitz_forest:spartan:grinding{bits=14}: bitz::piop::spartan::grinding: close time.busy=94.7µs time.idle=110ns
2026-10-07T19:58:53.618287Z  INFO falcon_algebraic:prove:falcon_algebraic:bitz:falcon_bridge:wfbitz_forest:spartan:grinding{bits=14}: bitz::piop::spartan::grinding: close time.busy=58.2µs time.idle=111ns
2026-10-07T19:58:53.618381Z  INFO falcon_algebraic:prove:falcon_algebraic:bitz:falcon_bridge:wfbitz_forest:spartan:grinding{bits=14}: bitz::piop::spartan::grinding: close time.busy=91.6µs time.idle=91.0ns
2026-10-07T19:58:53.618426Z  INFO falcon_algebraic:prove:falcon_algebraic:bitz:falcon_bridge:wfbitz_forest:spartan:grinding{bits=14}: bitz::piop::spartan::grinding: close time.busy=42.3µs time.idle=110ns
2026-10-07T19:58:53.618459Z  INFO falcon_algebraic:prove:falcon_algebraic:bitz:falcon_bridge:wfbitz_forest:spartan:grinding{bits=14}: bitz::piop::spartan::grinding: close time.busy=29.5µs time.idle=110ns
2026-10-07T19:58:53.618588Z  INFO falcon_algebraic:prove:falcon_algebraic:bitz:falcon_bridge:wfbitz_forest:spartan:grinding{bits=14}: bitz::piop::spartan::grinding: close time.busy=126µs time.idle=110ns
2026-10-07T19:58:53.618669Z  INFO falcon_algebraic:prove:falcon_algebraic:bitz:falcon_bridge:wfbitz_forest:spartan:grinding{bits=14}: bitz::piop::spartan::grinding: close time.busy=78.3µs time.idle=110ns
2026-10-07T19:58:53.618699Z  INFO falcon_algebraic:prove:falcon_algebraic:bitz:falcon_bridge:wfbitz_forest:spartan:grinding{bits=14}: bitz::piop::spartan::grinding: close time.busy=27.6µs time.idle=130ns
2026-10-07T19:58:53.621866Z  INFO falcon_algebraic:prove:falcon_algebraic:bitz:falcon_bridge:wfbitz_forest:spartan:grinding{bits=14}: bitz::piop::spartan::grinding: close time.busy=29.2µs time.idle=120ns
2026-10-07T19:58:53.624328Z  INFO falcon_algebraic:prove:falcon_algebraic:bitz:falcon_bridge:wfbitz_forest:spartan:grinding{bits=14}: bitz::piop::spartan::grinding: close time.busy=16.4µs time.idle=131ns
2026-10-07T19:58:53.626242Z  INFO falcon_algebraic:prove:falcon_algebraic:bitz:falcon_bridge:wfbitz_forest:spartan:grinding{bits=14}: bitz::piop::spartan::grinding: close time.busy=89.9µs time.idle=130ns
2026-10-07T19:58:53.626999Z  INFO falcon_algebraic:prove:falcon_algebraic:bitz:falcon_bridge:wfbitz_forest:spartan:grinding{bits=14}: bitz::piop::spartan::grinding: close time.busy=40.1µs time.idle=121ns
2026-10-07T19:58:53.627441Z  INFO falcon_algebraic:prove:falcon_algebraic:bitz:falcon_bridge:wfbitz_forest:spartan:grinding{bits=14}: bitz::piop::spartan::grinding: close time.busy=75.6µs time.idle=140ns
2026-10-07T19:58:53.627631Z  INFO falcon_algebraic:prove:falcon_algebraic:bitz:falcon_bridge:wfbitz_forest:spartan:grinding{bits=14}: bitz::piop::spartan::grinding: close time.busy=5.71µs time.idle=140ns
2026-10-07T19:58:53.627751Z  INFO falcon_algebraic:prove:falcon_algebraic:bitz:falcon_bridge:wfbitz_forest:spartan:grinding{bits=14}: bitz::piop::spartan::grinding: close time.busy=21.9µs time.idle=130ns
2026-10-07T19:58:53.627835Z  INFO falcon_algebraic:prove:falcon_algebraic:bitz:falcon_bridge:wfbitz_forest:spartan:grinding{bits=14}: bitz::piop::spartan::grinding: close time.busy=32.3µs time.idle=120ns
2026-10-07T19:58:53.627867Z  INFO falcon_algebraic:prove:falcon_algebraic:bitz:falcon_bridge:wfbitz_forest:spartan:grinding{bits=14}: bitz::piop::spartan::grinding: close time.busy=4.29µs time.idle=111ns
2026-10-07T19:58:53.627904Z  INFO falcon_algebraic:prove:falcon_algebraic:bitz:falcon_bridge:wfbitz_forest:spartan:grinding{bits=14}: bitz::piop::spartan::grinding: close time.busy=20.0µs time.idle=110ns
2026-10-07T19:58:53.627939Z  INFO falcon_algebraic:prove:falcon_algebraic:bitz:falcon_bridge:wfbitz_forest:spartan:grinding{bits=14}: bitz::piop::spartan::grinding: close time.busy=27.3µs time.idle=120ns
2026-10-07T19:58:53.628004Z  INFO falcon_algebraic:prove:falcon_algebraic:bitz:falcon_bridge:wfbitz_forest:spartan:grinding{bits=14}: bitz::piop::spartan::grinding: close time.busy=49.2µs time.idle=110ns
2026-10-07T19:58:53.628125Z  INFO falcon_algebraic:prove:falcon_algebraic:bitz:falcon_bridge:wfbitz_forest:spartan:grinding{bits=14}: bitz::piop::spartan::grinding: close time.busy=116µs time.idle=120ns
2026-10-07T19:58:53.628157Z  INFO falcon_algebraic:prove:falcon_algebraic:bitz:falcon_bridge:wfbitz_forest:spartan:grinding{bits=14}: bitz::piop::spartan::grinding: close time.busy=27.5µs time.idle=120ns
2026-10-07T19:58:53.628223Z  INFO falcon_algebraic:prove:falcon_algebraic:bitz:falcon_bridge:wfbitz_forest:spartan:grinding{bits=14}: bitz::piop::spartan::grinding: close time.busy=62.5µs time.idle=120ns
2026-10-07T19:58:53.628346Z  INFO falcon_algebraic:prove:falcon_algebraic:bitz:falcon_bridge:wfbitz_forest:spartan:grinding{bits=14}: bitz::piop::spartan::grinding: close time.busy=120µs time.idle=110ns
2026-10-07T19:58:53.628379Z  INFO falcon_algebraic:prove:falcon_algebraic:bitz:falcon_bridge:wfbitz_forest:spartan:grinding{bits=14}: bitz::piop::spartan::grinding: close time.busy=29.9µs time.idle=110ns
2026-10-07T19:58:53.628405Z  INFO falcon_algebraic:prove:falcon_algebraic:bitz:falcon_bridge:wfbitz_forest:spartan:grinding{bits=14}: bitz::piop::spartan::grinding: close time.busy=23.8µs time.idle=110ns
2026-10-07T19:58:53.628624Z  INFO falcon_algebraic:prove:falcon_algebraic:bitz:falcon_bridge:wfbitz_forest:spartan:grinding{bits=14}: bitz::piop::spartan::grinding: close time.busy=216µs time.idle=110ns
2026-10-07T19:58:53.628676Z  INFO falcon_algebraic:prove:falcon_algebraic:bitz:falcon_bridge:wfbitz_forest:spartan:grinding{bits=14}: bitz::piop::spartan::grinding: close time.busy=48.8µs time.idle=121ns
2026-10-07T19:58:53.628774Z  INFO falcon_algebraic:prove:falcon_algebraic:bitz:falcon_bridge:wfbitz_forest:spartan:grinding{bits=14}: bitz::piop::spartan::grinding: close time.busy=95.1µs time.idle=110ns
2026-10-07T19:58:53.628803Z  INFO falcon_algebraic:prove:falcon_algebraic:bitz:falcon_bridge:wfbitz_forest:spartan:grinding{bits=14}: bitz::piop::spartan::grinding: close time.busy=25.9µs time.idle=111ns
2026-10-07T19:58:53.628949Z  INFO falcon_algebraic:prove:falcon_algebraic:bitz:falcon_bridge:wfbitz_forest:spartan:grinding{bits=14}: bitz::piop::spartan::grinding: close time.busy=144µs time.idle=120ns
2026-10-07T19:58:53.632444Z  INFO falcon_algebraic:prove:falcon_algebraic:bitz:falcon_bridge:wfbitz_forest:spartan:grinding{bits=14}: bitz::piop::spartan::grinding: close time.busy=78.8µs time.idle=130ns
2026-10-07T19:58:53.632467Z  INFO falcon_algebraic:prove:falcon_algebraic:bitz:falcon_bridge:wfbitz_forest:spartan:grinding{bits=14}: bitz::piop::spartan::grinding: close time.busy=19.7µs time.idle=110ns
2026-10-07T19:58:53.634956Z  INFO falcon_algebraic:prove:falcon_algebraic:bitz:falcon_bridge:wfbitz_forest:spartan:grinding{bits=14}: bitz::piop::spartan::grinding: close time.busy=65.8µs time.idle=120ns
2026-10-07T19:58:53.636814Z  INFO falcon_algebraic:prove:falcon_algebraic:bitz:falcon_bridge:wfbitz_forest:spartan:grinding{bits=14}: bitz::piop::spartan::grinding: close time.busy=28.1µs time.idle=130ns
2026-10-07T19:58:53.637623Z  INFO falcon_algebraic:prove:falcon_algebraic:bitz:falcon_bridge:wfbitz_forest:spartan:grinding{bits=14}: bitz::piop::spartan::grinding: close time.busy=85.8µs time.idle=161ns
2026-10-07T19:58:53.638091Z  INFO falcon_algebraic:prove:falcon_algebraic:bitz:falcon_bridge:wfbitz_forest:spartan:grinding{bits=14}: bitz::piop::spartan::grinding: close time.busy=107µs time.idle=150ns
2026-10-07T19:58:53.638320Z  INFO falcon_algebraic:prove:falcon_algebraic:bitz:falcon_bridge:wfbitz_forest:spartan:grinding{bits=14}: bitz::piop::spartan::grinding: close time.busy=44.3µs time.idle=130ns
2026-10-07T19:58:53.638452Z  INFO falcon_algebraic:prove:falcon_algebraic:bitz:falcon_bridge:wfbitz_forest:spartan:grinding{bits=14}: bitz::piop::spartan::grinding: close time.busy=35.3µs time.idle=130ns
2026-10-07T19:58:53.638508Z  INFO falcon_algebraic:prove:falcon_algebraic:bitz:falcon_bridge:wfbitz_forest:spartan:grinding{bits=14}: bitz::piop::spartan::grinding: close time.busy=4.87µs time.idle=110ns
2026-10-07T19:58:53.638647Z  INFO falcon_algebraic:prove:falcon_algebraic:bitz:falcon_bridge:wfbitz_forest:spartan:grinding{bits=14}: bitz::piop::spartan::grinding: close time.busy=111µs time.idle=111ns
2026-10-07T19:58:53.638732Z  INFO falcon_algebraic:prove:falcon_algebraic:bitz:falcon_bridge:wfbitz_forest:spartan:grinding{bits=14}: bitz::piop::spartan::grinding: close time.busy=67.6µs time.idle=100ns
2026-10-07T19:58:53.638819Z  INFO falcon_algebraic:prove:falcon_algebraic:bitz:falcon_bridge:wfbitz_forest:spartan:grinding{bits=14}: bitz::piop::spartan::grinding: close time.busy=78.5µs time.idle=120ns
2026-10-07T19:58:53.638875Z  INFO falcon_algebraic:prove:falcon_algebraic:bitz:falcon_bridge:wfbitz_forest:spartan:grinding{bits=14}: bitz::piop::spartan::grinding: close time.busy=39.8µs time.idle=121ns
2026-10-07T19:58:53.638891Z  INFO falcon_algebraic:prove:falcon_algebraic:bitz:falcon_bridge:wfbitz_forest:spartan:grinding{bits=14}: bitz::piop::spartan::grinding: close time.busy=11.1µs time.idle=110ns
2026-10-07T19:58:53.638939Z  INFO falcon_algebraic:prove:falcon_algebraic:bitz:falcon_bridge:wfbitz_forest:spartan:grinding{bits=14}: bitz::piop::spartan::grinding: close time.busy=43.5µs time.idle=100ns
2026-10-07T19:58:53.638990Z  INFO falcon_algebraic:prove:falcon_algebraic:bitz:falcon_bridge:wfbitz_forest:spartan:grinding{bits=14}: bitz::piop::spartan::grinding: close time.busy=47.8µs time.idle=90.0ns
2026-10-07T19:58:53.639109Z  INFO falcon_algebraic:prove:falcon_algebraic:bitz:falcon_bridge:wfbitz_forest:spartan:grinding{bits=14}: bitz::piop::spartan::grinding: close time.busy=116µs time.idle=110ns
2026-10-07T19:58:53.639133Z  INFO falcon_algebraic:prove:falcon_algebraic:bitz:falcon_bridge:wfbitz_forest:spartan:grinding{bits=14}: bitz::piop::spartan::grinding: close time.busy=20.6µs time.idle=100ns
2026-10-07T19:58:53.639168Z  INFO falcon_algebraic:prove:falcon_algebraic:bitz:falcon_bridge:wfbitz_forest:spartan:grinding{bits=14}: bitz::piop::spartan::grinding: close time.busy=32.4µs time.idle=110ns
2026-10-07T19:58:53.639216Z  INFO falcon_algebraic:prove:falcon_algebraic:bitz:falcon_bridge:wfbitz_forest:spartan:grinding{bits=14}: bitz::piop::spartan::grinding: close time.busy=45.5µs time.idle=110ns
2026-10-07T19:58:53.639308Z  INFO falcon_algebraic:prove:falcon_algebraic:bitz:falcon_bridge:wfbitz_forest:spartan:grinding{bits=14}: bitz::piop::spartan::grinding: close time.busy=88.9µs time.idle=110ns
2026-10-07T19:58:53.639333Z  INFO falcon_algebraic:prove:falcon_algebraic:bitz:falcon_bridge:wfbitz_forest:spartan:grinding{bits=14}: bitz::piop::spartan::grinding: close time.busy=22.1µs time.idle=111ns
2026-10-07T19:58:53.639397Z  INFO falcon_algebraic:prove:falcon_algebraic:bitz:falcon_bridge:wfbitz_forest:spartan:grinding{bits=14}: bitz::piop::spartan::grinding: close time.busy=61.1µs time.idle=110ns
2026-10-07T19:58:53.639405Z  INFO falcon_algebraic:prove:falcon_algebraic:bitz:falcon_bridge:wfbitz_forest:spartan:grinding{bits=14}: bitz::piop::spartan::grinding: close time.busy=4.75µs time.idle=120ns
2026-10-07T19:58:53.642391Z  INFO falcon_algebraic:prove:falcon_algebraic:bitz:falcon_bridge:wfbitz_forest:spartan:grinding{bits=14}: bitz::piop::spartan::grinding: close time.busy=23.4µs time.idle=130ns
2026-10-07T19:58:53.642443Z  INFO falcon_algebraic:prove:falcon_algebraic:bitz:falcon_bridge:wfbitz_forest:spartan:grinding{bits=14}: bitz::piop::spartan::grinding: close time.busy=48.7µs time.idle=111ns
2026-10-07T19:58:53.642468Z  INFO falcon_algebraic:prove:falcon_algebraic:bitz:falcon_bridge:wfbitz_forest:spartan:grinding{bits=14}: bitz::piop::spartan::grinding: close time.busy=21.8µs time.idle=110ns
2026-10-07T19:58:53.644982Z  INFO falcon_algebraic:prove:falcon_algebraic:bitz:falcon_bridge:wfbitz_forest:spartan:grinding{bits=14}: bitz::piop::spartan::grinding: close time.busy=15.9µs time.idle=130ns
2026-10-07T19:58:53.646874Z  INFO falcon_algebraic:prove:falcon_algebraic:bitz:falcon_bridge:wfbitz_forest:spartan:grinding{bits=14}: bitz::piop::spartan::grinding: close time.busy=62.2µs time.idle=130ns
2026-10-07T19:58:53.647583Z  INFO falcon_algebraic:prove:falcon_algebraic:bitz:falcon_bridge:wfbitz_forest:spartan:grinding{bits=14}: bitz::piop::spartan::grinding: close time.busy=28.6µs time.idle=130ns
2026-10-07T19:58:53.647956Z  INFO falcon_algebraic:prove:falcon_algebraic:bitz:falcon_bridge:wfbitz_forest:spartan:grinding{bits=14}: bitz::piop::spartan::grinding: close time.busy=31.8µs time.idle=140ns
2026-10-07T19:58:53.648143Z  INFO falcon_algebraic:prove:falcon_algebraic:bitz:falcon_bridge:wfbitz_forest:spartan:grinding{bits=14}: bitz::piop::spartan::grinding: close time.busy=9.23µs time.idle=141ns
2026-10-07T19:58:53.648277Z  INFO falcon_algebraic:prove:falcon_algebraic:bitz:falcon_bridge:wfbitz_forest:spartan:grinding{bits=14}: bitz::piop::spartan::grinding: close time.busy=43.0µs time.idle=120ns
2026-10-07T19:58:53.648416Z  INFO falcon_algebraic:prove:falcon_algebraic:bitz:falcon_bridge:wfbitz_forest:spartan:grinding{bits=14}: bitz::piop::spartan::grinding: close time.busy=87.9µs time.idle=120ns
2026-10-07T19:58:53.648539Z  INFO falcon_algebraic:prove:falcon_algebraic:bitz:falcon_bridge:wfbitz_forest:spartan:grinding{bits=14}: bitz::piop::spartan::grinding: close time.busy=94.3µs time.idle=121ns
2026-10-07T19:58:53.648572Z  INFO falcon_algebraic:prove:falcon_algebraic:bitz:falcon_bridge:wfbitz_forest:spartan:grinding{bits=14}: bitz::piop::spartan::grinding: close time.busy=15.7µs time.idle=110ns
2026-10-07T19:58:53.648645Z  INFO falcon_algebraic:prove:falcon_algebraic:bitz:falcon_bridge:wfbitz_forest:spartan:grinding{bits=14}: bitz::piop::spartan::grinding: close time.busy=64.4µs time.idle=111ns
2026-10-07T19:58:53.648671Z  INFO falcon_algebraic:prove:falcon_algebraic:bitz:falcon_bridge:wfbitz_forest:spartan:grinding{bits=14}: bitz::piop::spartan::grinding: close time.busy=10.4µs time.idle=110ns
2026-10-07T19:58:53.648701Z  INFO falcon_algebraic:prove:falcon_algebraic:bitz:falcon_bridge:wfbitz_forest:spartan:grinding{bits=14}: bitz::piop::spartan::grinding: close time.busy=23.8µs time.idle=111ns
2026-10-07T19:58:53.648746Z  INFO falcon_algebraic:prove:falcon_algebraic:bitz:falcon_bridge:wfbitz_forest:spartan:grinding{bits=14}: bitz::piop::spartan::grinding: close time.busy=40.2µs time.idle=100ns
2026-10-07T19:58:53.648871Z  INFO falcon_algebraic:prove:falcon_algebraic:bitz:falcon_bridge:wfbitz_forest:spartan:grinding{bits=14}: bitz::piop::spartan::grinding: close time.busy=121µs time.idle=110ns
2026-10-07T19:58:53.648905Z  INFO falcon_algebraic:prove:falcon_algebraic:bitz:falcon_bridge:wfbitz_forest:spartan:grinding{bits=14}: bitz::piop::spartan::grinding: close time.busy=30.3µs time.idle=120ns
2026-10-07T19:58:53.649010Z  INFO falcon_algebraic:prove:falcon_algebraic:bitz:falcon_bridge:wfbitz_forest:spartan:grinding{bits=14}: bitz::piop::spartan::grinding: close time.busy=102µs time.idle=101ns
2026-10-07T19:58:53.649061Z  INFO falcon_algebraic:prove:falcon_algebraic:bitz:falcon_bridge:wfbitz_forest:spartan:grinding{bits=14}: bitz::piop::spartan::grinding: close time.busy=48.9µs time.idle=120ns
2026-10-07T19:58:53.649078Z  INFO falcon_algebraic:prove:falcon_algebraic:bitz:falcon_bridge:wfbitz_forest:spartan:grinding{bits=14}: bitz::piop::spartan::grinding: close time.busy=13.1µs time.idle=110ns
2026-10-07T19:58:53.649129Z  INFO falcon_algebraic:prove:falcon_algebraic:bitz:falcon_bridge:wfbitz_forest:spartan:grinding{bits=14}: bitz::piop::spartan::grinding: close time.busy=47.5µs time.idle=110ns
2026-10-07T19:58:53.649247Z  INFO falcon_algebraic:prove:falcon_algebraic:bitz:falcon_bridge:wfbitz_forest:spartan:grinding{bits=14}: bitz::piop::spartan::grinding: close time.busy=116µs time.idle=110ns
2026-10-07T19:58:53.649297Z  INFO falcon_algebraic:prove:falcon_algebraic:bitz:falcon_bridge:wfbitz_forest:spartan:grinding{bits=14}: bitz::piop::spartan::grinding: close time.busy=47.0µs time.idle=110ns
2026-10-07T19:58:53.649339Z  INFO falcon_algebraic:prove:falcon_algebraic:bitz:falcon_bridge:wfbitz_forest:spartan:grinding{bits=14}: bitz::piop::spartan::grinding: close time.busy=39.7µs time.idle=121ns
2026-10-07T19:58:53.649779Z  INFO falcon_algebraic:prove:falcon_algebraic:bitz:falcon_bridge:wfbitz_forest: bitz::hybrid::integer_bridge: close time.busy=61.9ms time.idle=121ns
2026-10-07T19:58:53.649845Z  INFO falcon_algebraic:prove:falcon_algebraic:bitz: bitz::piop::spartan::falcon512_algebraic::protocol: close time.busy=66.1ms time.idle=151ns
2026-10-07T19:58:53.653362Z  INFO falcon_algebraic:prove:falcon_joint:packed_setup: bitz::hybrid::joint_sumcheck: close time.busy=3.51ms time.idle=180ns
2026-10-07T19:58:53.653417Z  INFO falcon_algebraic:prove:spartan:round_grinding_prove:spartan:grinding{bits=10}: bitz::piop::spartan::grinding: close time.busy=2.17µs time.idle=140ns
2026-10-07T19:58:53.653418Z  INFO falcon_algebraic:prove:spartan:round_grinding_prove: bitz::sumcheck::boundary: close time.busy=5.04µs time.idle=150ns
2026-10-07T19:58:53.653477Z  INFO falcon_algebraic:prove:spartan:round_grinding_prove:spartan:grinding{bits=10}: bitz::piop::spartan::grinding: close time.busy=360ns time.idle=110ns
2026-10-07T19:58:53.653478Z  INFO falcon_algebraic:prove:spartan:round_grinding_prove: bitz::sumcheck::boundary: close time.busy=2.71µs time.idle=110ns
2026-10-07T19:58:53.653536Z  INFO falcon_algebraic:prove:spartan:round_grinding_prove:spartan:grinding{bits=10}: bitz::piop::spartan::grinding: close time.busy=4.61µs time.idle=110ns
2026-10-07T19:58:53.653538Z  INFO falcon_algebraic:prove:spartan:round_grinding_prove: bitz::sumcheck::boundary: close time.busy=6.73µs time.idle=121ns
2026-10-07T19:58:53.653608Z  INFO falcon_algebraic:prove:spartan:round_grinding_prove:spartan:grinding{bits=10}: bitz::piop::spartan::grinding: close time.busy=19.2µs time.idle=111ns
2026-10-07T19:58:53.653609Z  INFO falcon_algebraic:prove:spartan:round_grinding_prove: bitz::sumcheck::boundary: close time.busy=21.3µs time.idle=110ns
2026-10-07T19:58:53.653664Z  INFO falcon_algebraic:prove:spartan:round_grinding_prove:spartan:grinding{bits=10}: bitz::piop::spartan::grinding: close time.busy=3.82µs time.idle=110ns
2026-10-07T19:58:53.653665Z  INFO falcon_algebraic:prove:spartan:round_grinding_prove: bitz::sumcheck::boundary: close time.busy=6.24µs time.idle=120ns
2026-10-07T19:58:53.653715Z  INFO falcon_algebraic:prove:spartan:round_grinding_prove:spartan:grinding{bits=10}: bitz::piop::spartan::grinding: close time.busy=401ns time.idle=110ns
2026-10-07T19:58:53.653716Z  INFO falcon_algebraic:prove:spartan:round_grinding_prove: bitz::sumcheck::boundary: close time.busy=2.56µs time.idle=120ns
2026-10-07T19:58:53.653769Z  INFO falcon_algebraic:prove:spartan:round_grinding_prove:spartan:grinding{bits=10}: bitz::piop::spartan::grinding: close time.busy=3.22µs time.idle=100ns
2026-10-07T19:58:53.653770Z  INFO falcon_algebraic:prove:spartan:round_grinding_prove: bitz::sumcheck::boundary: close time.busy=5.28µs time.idle=120ns
2026-10-07T19:58:53.655251Z  INFO falcon_algebraic:prove:falcon_joint:prepare: bitz::hybrid::joint_sumcheck: close time.busy=1.48ms time.idle=160ns
2026-10-07T19:58:53.655263Z  INFO falcon_algebraic:prove:spartan:round_grinding_prove:spartan:grinding{bits=10}: bitz::piop::spartan::grinding: close time.busy=8.80µs time.idle=110ns
2026-10-07T19:58:53.655265Z  INFO falcon_algebraic:prove:spartan:round_grinding_prove: bitz::sumcheck::boundary: close time.busy=11.0µs time.idle=121ns
2026-10-07T19:58:53.655631Z  INFO falcon_algebraic:prove:falcon_joint:compact: bitz::hybrid::joint_sumcheck: close time.busy=365µs time.idle=160ns
2026-10-07T19:58:53.655635Z  INFO falcon_algebraic:prove:spartan:round_grinding_prove:spartan:grinding{bits=10}: bitz::piop::spartan::grinding: close time.busy=682ns time.idle=110ns
2026-10-07T19:58:53.655637Z  INFO falcon_algebraic:prove:spartan:round_grinding_prove: bitz::sumcheck::boundary: close time.busy=3.15µs time.idle=171ns
2026-10-07T19:58:53.655791Z  INFO falcon_algebraic:prove:falcon_joint:compact: bitz::hybrid::joint_sumcheck: close time.busy=153µs time.idle=120ns
2026-10-07T19:58:53.655798Z  INFO falcon_algebraic:prove:spartan:round_grinding_prove:spartan:grinding{bits=10}: bitz::piop::spartan::grinding: close time.busy=3.61µs time.idle=110ns
2026-10-07T19:58:53.655799Z  INFO falcon_algebraic:prove:spartan:round_grinding_prove: bitz::sumcheck::boundary: close time.busy=5.74µs time.idle=110ns
2026-10-07T19:58:53.655890Z  INFO falcon_algebraic:prove:falcon_joint:compact: bitz::hybrid::joint_sumcheck: close time.busy=89.4µs time.idle=110ns
2026-10-07T19:58:53.655897Z  INFO falcon_algebraic:prove:spartan:round_grinding_prove:spartan:grinding{bits=10}: bitz::piop::spartan::grinding: close time.busy=4.41µs time.idle=111ns
2026-10-07T19:58:53.655898Z  INFO falcon_algebraic:prove:spartan:round_grinding_prove: bitz::sumcheck::boundary: close time.busy=6.62µs time.idle=111ns
2026-10-07T19:58:53.655975Z  INFO falcon_algebraic:prove:falcon_joint:compact: bitz::hybrid::joint_sumcheck: close time.busy=75.7µs time.idle=110ns
2026-10-07T19:58:53.655978Z  INFO falcon_algebraic:prove:spartan:round_grinding_prove:spartan:grinding{bits=10}: bitz::piop::spartan::grinding: close time.busy=350ns time.idle=111ns
2026-10-07T19:58:53.655980Z  INFO falcon_algebraic:prove:spartan:round_grinding_prove: bitz::sumcheck::boundary: close time.busy=2.56µs time.idle=110ns
2026-10-07T19:58:53.655998Z  INFO falcon_algebraic:prove:falcon_joint:dense: bitz::hybrid::joint_sumcheck: close time.busy=16.3µs time.idle=120ns
2026-10-07T19:58:53.656002Z  INFO falcon_algebraic:prove:spartan:round_grinding_prove:spartan:grinding{bits=10}: bitz::piop::spartan::grinding: close time.busy=1.47µs time.idle=101ns
2026-10-07T19:58:53.656003Z  INFO falcon_algebraic:prove:spartan:round_grinding_prove: bitz::sumcheck::boundary: close time.busy=3.55µs time.idle=111ns
2026-10-07T19:58:53.656014Z  INFO falcon_algebraic:prove:falcon_joint:dense: bitz::hybrid::joint_sumcheck: close time.busy=9.36µs time.idle=120ns
2026-10-07T19:58:53.656019Z  INFO falcon_algebraic:prove:spartan:round_grinding_prove:spartan:grinding{bits=10}: bitz::piop::spartan::grinding: close time.busy=2.70µs time.idle=110ns
2026-10-07T19:58:53.656020Z  INFO falcon_algebraic:prove:spartan:round_grinding_prove: bitz::sumcheck::boundary: close time.busy=4.78µs time.idle=110ns
2026-10-07T19:58:53.656028Z  INFO falcon_algebraic:prove:falcon_joint:dense: bitz::hybrid::joint_sumcheck: close time.busy=6.39µs time.idle=110ns
2026-10-07T19:58:53.656033Z  INFO falcon_algebraic:prove:spartan:round_grinding_prove:spartan:grinding{bits=10}: bitz::piop::spartan::grinding: close time.busy=2.85µs time.idle=121ns
2026-10-07T19:58:53.656034Z  INFO falcon_algebraic:prove:spartan:round_grinding_prove: bitz::sumcheck::boundary: close time.busy=5.19µs time.idle=110ns
2026-10-07T19:58:53.656038Z  INFO falcon_algebraic:prove:falcon_joint:dense: bitz::hybrid::joint_sumcheck: close time.busy=1.36µs time.idle=110ns
2026-10-07T19:58:53.656040Z  INFO falcon_algebraic:prove:spartan:round_grinding_prove:spartan:grinding{bits=10}: bitz::piop::spartan::grinding: close time.busy=341ns time.idle=110ns
2026-10-07T19:58:53.656042Z  INFO falcon_algebraic:prove:spartan:round_grinding_prove: bitz::sumcheck::boundary: close time.busy=3.03µs time.idle=110ns
2026-10-07T19:58:53.656044Z  INFO falcon_algebraic:prove:falcon_joint:dense: bitz::hybrid::joint_sumcheck: close time.busy=711ns time.idle=111ns
2026-10-07T19:58:53.656050Z  INFO falcon_algebraic:prove:spartan:round_grinding_prove:spartan:grinding{bits=10}: bitz::piop::spartan::grinding: close time.busy=1.16µs time.idle=100ns
2026-10-07T19:58:53.656051Z  INFO falcon_algebraic:prove:spartan:round_grinding_prove: bitz::sumcheck::boundary: close time.busy=3.52µs time.idle=110ns
2026-10-07T19:58:53.656053Z  INFO falcon_algebraic:prove:falcon_joint:dense: bitz::hybrid::joint_sumcheck: close time.busy=400ns time.idle=111ns
2026-10-07T19:58:53.656062Z  INFO falcon_algebraic:prove:spartan:round_grinding_prove:spartan:grinding{bits=10}: bitz::piop::spartan::grinding: close time.busy=6.57µs time.idle=100ns
2026-10-07T19:58:53.656064Z  INFO falcon_algebraic:prove:spartan:round_grinding_prove: bitz::sumcheck::boundary: close time.busy=8.78µs time.idle=111ns
2026-10-07T19:58:53.656065Z  INFO falcon_algebraic:prove:falcon_joint:dense: bitz::hybrid::joint_sumcheck: close time.busy=221ns time.idle=110ns
2026-10-07T19:58:53.656069Z  INFO falcon_algebraic:prove:spartan:round_grinding_prove:spartan:grinding{bits=10}: bitz::piop::spartan::grinding: close time.busy=1.69µs time.idle=100ns
2026-10-07T19:58:53.656070Z  INFO falcon_algebraic:prove:spartan:round_grinding_prove: bitz::sumcheck::boundary: close time.busy=3.67µs time.idle=110ns
2026-10-07T19:58:53.656072Z  INFO falcon_algebraic:prove:falcon_joint:dense: bitz::hybrid::joint_sumcheck: close time.busy=150ns time.idle=121ns
2026-10-07T19:58:53.656075Z  INFO falcon_algebraic:prove:spartan:round_grinding_prove:spartan:grinding{bits=10}: bitz::piop::spartan::grinding: close time.busy=1.15µs time.idle=100ns
2026-10-07T19:58:53.656076Z  INFO falcon_algebraic:prove:spartan:round_grinding_prove: bitz::sumcheck::boundary: close time.busy=3.12µs time.idle=110ns
2026-10-07T19:58:53.656078Z  INFO falcon_algebraic:prove:falcon_joint:dense: bitz::hybrid::joint_sumcheck: close time.busy=110ns time.idle=110ns
2026-10-07T19:58:53.656089Z  INFO falcon_algebraic:prove:spartan:round_grinding_prove:spartan:grinding{bits=10}: bitz::piop::spartan::grinding: close time.busy=9.50µs time.idle=100ns
2026-10-07T19:58:53.656090Z  INFO falcon_algebraic:prove:spartan:round_grinding_prove: bitz::sumcheck::boundary: close time.busy=11.6µs time.idle=110ns
2026-10-07T19:58:53.656092Z  INFO falcon_algebraic:prove:falcon_joint:dense: bitz::hybrid::joint_sumcheck: close time.busy=90.0ns time.idle=121ns
2026-10-07T19:58:53.656100Z  INFO falcon_algebraic:prove:spartan:round_grinding_prove:spartan:grinding{bits=10}: bitz::piop::spartan::grinding: close time.busy=5.78µs time.idle=111ns
2026-10-07T19:58:53.656101Z  INFO falcon_algebraic:prove:spartan:round_grinding_prove: bitz::sumcheck::boundary: close time.busy=7.78µs time.idle=111ns
2026-10-07T19:58:53.656103Z  INFO falcon_algebraic:prove:falcon_joint:dense: bitz::hybrid::joint_sumcheck: close time.busy=91.0ns time.idle=110ns
2026-10-07T19:58:53.656113Z  INFO falcon_algebraic:prove:spartan:round_grinding_prove:spartan:grinding{bits=10}: bitz::piop::spartan::grinding: close time.busy=7.85µs time.idle=111ns
2026-10-07T19:58:53.656114Z  INFO falcon_algebraic:prove:spartan:round_grinding_prove: bitz::sumcheck::boundary: close time.busy=9.84µs time.idle=120ns
2026-10-07T19:58:53.656115Z  INFO falcon_algebraic:prove:falcon_joint:dense: bitz::hybrid::joint_sumcheck: close time.busy=151ns time.idle=110ns
2026-10-07T19:58:53.656127Z  INFO falcon_algebraic:prove:spartan:round_grinding_prove:spartan:grinding{bits=10}: bitz::piop::spartan::grinding: close time.busy=8.77µs time.idle=100ns
2026-10-07T19:58:53.656128Z  INFO falcon_algebraic:prove:spartan:round_grinding_prove: bitz::sumcheck::boundary: close time.busy=10.9µs time.idle=120ns
2026-10-07T19:58:53.656129Z  INFO falcon_algebraic:prove:falcon_joint:dense: bitz::hybrid::joint_sumcheck: close time.busy=80.0ns time.idle=110ns
2026-10-07T19:58:53.656133Z  INFO falcon_algebraic:prove:spartan:round_grinding_prove:spartan:grinding{bits=10}: bitz::piop::spartan::grinding: close time.busy=1.10µs time.idle=111ns
2026-10-07T19:58:53.656134Z  INFO falcon_algebraic:prove:spartan:round_grinding_prove: bitz::sumcheck::boundary: close time.busy=3.17µs time.idle=120ns
2026-10-07T19:58:53.656136Z  INFO falcon_algebraic:prove:falcon_joint:dense: bitz::hybrid::joint_sumcheck: close time.busy=70.0ns time.idle=120ns
2026-10-07T19:58:53.659547Z  INFO falcon_algebraic:prove:falcon_algebraic:pcs:op:ring_switch:spartan:grinding{bits=12}: bitz::piop::spartan::grinding: close time.busy=11.3µs time.idle=130ns
2026-10-07T19:58:53.659560Z  INFO falcon_algebraic:prove:falcon_algebraic:pcs:op:ring_switch: bitz::hybrid::opening: close time.busy=3.42ms time.idle=131ns
2026-10-07T19:58:53.659570Z  INFO falcon_algebraic:prove:falcon_algebraic:pcs:op:extra_bases:spartan:grinding{bits=12}: bitz::piop::spartan::grinding: close time.busy=7.13µs time.idle=111ns
2026-10-07T19:58:53.663290Z  INFO falcon_algebraic:prove:falcon_algebraic:pcs:op:extra_bases:op:initial_messages: bitz::hybrid::opening::streamed: close time.busy=3.70ms time.idle=110ns
2026-10-07T19:58:53.663292Z  INFO falcon_algebraic:prove:falcon_algebraic:pcs:op:extra_bases: bitz::hybrid::opening: close time.busy=3.73ms time.idle=151ns
2026-10-07T19:58:53.663309Z  INFO falcon_algebraic:prove:falcon_algebraic:pcs:op:ligerito:lig:grind_pow{bits=20}:spartan:grinding{bits=12}: bitz::piop::spartan::grinding: close time.busy=11.2µs time.idle=201ns
2026-10-07T19:58:53.669914Z  INFO falcon_algebraic:prove:falcon_algebraic:pcs:op:ligerito:lig:grind_pow{bits=20 seed_lo=16375824786920364557 seed_hi=1983144282459121119 nonce=1785466}: bitz::ligerito_flock: close time.busy=6.62ms time.idle=141ns
2026-10-07T19:58:53.669925Z  INFO falcon_algebraic:prove:falcon_algebraic:pcs:op:ligerito:spartan:grinding{bits=12}: bitz::piop::spartan::grinding: close time.busy=8.73µs time.idle=110ns
2026-10-07T19:58:53.669967Z  INFO falcon_algebraic:prove:falcon_algebraic:pcs:op:ligerito:lig:grind_pow{bits=20}:spartan:grinding{bits=12}: bitz::piop::spartan::grinding: close time.busy=37.6µs time.idle=190ns
2026-10-07T19:58:53.675285Z  INFO falcon_algebraic:prove:falcon_algebraic:pcs:op:ligerito:lig:grind_pow{bits=20 seed_lo=14517310510578505501 seed_hi=6928831755814259526 nonce=1434179}: bitz::ligerito_flock: close time.busy=5.36ms time.idle=110ns
2026-10-07T19:58:53.675305Z  INFO falcon_algebraic:prove:falcon_algebraic:pcs:op:ligerito:spartan:grinding{bits=12}: bitz::piop::spartan::grinding: close time.busy=17.4µs time.idle=120ns
2026-10-07T19:58:53.676557Z  INFO falcon_algebraic:prove:falcon_algebraic:pcs:op:ligerito:op:deferred_first_fold: bitz::hybrid::opening::streamed: close time.busy=1.25ms time.idle=141ns
2026-10-07T19:58:53.676591Z  INFO falcon_algebraic:prove:falcon_algebraic:pcs:op:ligerito:lig:grind_pow{bits=20}:spartan:grinding{bits=12}: bitz::piop::spartan::grinding: close time.busy=28.9µs time.idle=110ns
2026-10-07T19:58:53.679356Z  INFO falcon_algebraic:prove:falcon_algebraic:pcs:op:ligerito:lig:grind_pow{bits=20 seed_lo=14441719486906525332 seed_hi=4887251053874519830 nonce=749449}: bitz::ligerito_flock: close time.busy=2.80ms time.idle=200ns
2026-10-07T19:58:53.679371Z  INFO falcon_algebraic:prove:falcon_algebraic:pcs:op:ligerito:spartan:grinding{bits=12}: bitz::piop::spartan::grinding: close time.busy=13.2µs time.idle=110ns
2026-10-07T19:58:53.679390Z  INFO falcon_algebraic:prove:falcon_algebraic:pcs:op:ligerito:lig:grind_pow{bits=20}:spartan:grinding{bits=12}: bitz::piop::spartan::grinding: close time.busy=14.7µs time.idle=121ns
2026-10-07T19:58:53.681755Z  INFO falcon_algebraic:prove:falcon_algebraic:pcs:op:ligerito:lig:grind_pow{bits=20 seed_lo=4040019448686371158 seed_hi=12007848838415722241 nonce=638779}: bitz::ligerito_flock: close time.busy=2.38ms time.idle=110ns
2026-10-07T19:58:53.681780Z  INFO falcon_algebraic:prove:falcon_algebraic:pcs:op:ligerito:spartan:grinding{bits=12}: bitz::piop::spartan::grinding: close time.busy=23.0µs time.idle=111ns
2026-10-07T19:58:53.682793Z  INFO falcon_algebraic:prove:falcon_algebraic:pcs:op:ligerito:lig:grind_pow{bits=11}:spartan:grinding{bits=12}: bitz::piop::spartan::grinding: close time.busy=25.2µs time.idle=111ns
2026-10-07T19:58:53.682803Z  INFO falcon_algebraic:prove:falcon_algebraic:pcs:op:ligerito:lig:grind_pow{bits=11 seed_lo=12168614032339833606 seed_hi=677864334761961363 nonce=1876}: bitz::ligerito_flock: close time.busy=35.8µs time.idle=142ns
2026-10-07T19:58:53.682829Z  INFO falcon_algebraic:prove:falcon_algebraic:pcs:op:ligerito:spartan:grinding{bits=12}: bitz::piop::spartan::grinding: close time.busy=24.2µs time.idle=110ns
2026-10-07T19:58:53.683799Z  INFO falcon_algebraic:prove:falcon_algebraic:pcs:op:ligerito:lig:grind_pow{bits=7}:spartan:grinding{bits=12}: bitz::piop::spartan::grinding: close time.busy=6.39µs time.idle=110ns
2026-10-07T19:58:53.683802Z  INFO falcon_algebraic:prove:falcon_algebraic:pcs:op:ligerito:lig:grind_pow{bits=7 seed_lo=12556229113317911125 seed_hi=6749826581381619231 nonce=24}: bitz::ligerito_flock: close time.busy=10.5µs time.idle=130ns
2026-10-07T19:58:53.683824Z  INFO falcon_algebraic:prove:falcon_algebraic:pcs:op:ligerito:spartan:grinding{bits=12}: bitz::piop::spartan::grinding: close time.busy=19.9µs time.idle=110ns
2026-10-07T19:58:53.683886Z  INFO falcon_algebraic:prove:falcon_algebraic:pcs:op:ligerito:lig:grind_pow{bits=19}:spartan:grinding{bits=12}: bitz::piop::spartan::grinding: close time.busy=22.3µs time.idle=120ns
2026-10-07T19:58:53.684418Z  INFO falcon_algebraic:prove:falcon_algebraic:pcs:op:ligerito:lig:grind_pow{bits=19 seed_lo=4999734546879186383 seed_hi=5642541635383918156 nonce=133341}: bitz::ligerito_flock: close time.busy=555µs time.idle=130ns
2026-10-07T19:58:53.684447Z  INFO falcon_algebraic:prove:falcon_algebraic:pcs:op:ligerito:spartan:grinding{bits=12}: bitz::piop::spartan::grinding: close time.busy=26.9µs time.idle=120ns
2026-10-07T19:58:53.684509Z  INFO falcon_algebraic:prove:falcon_algebraic:pcs:op:ligerito:lig:grind_pow{bits=19}:spartan:grinding{bits=12}: bitz::piop::spartan::grinding: close time.busy=31.7µs time.idle=120ns
2026-10-07T19:58:53.685571Z  INFO falcon_algebraic:prove:falcon_algebraic:pcs:op:ligerito:lig:grind_pow{bits=19 seed_lo=16120839933993617660 seed_hi=8845007109929095843 nonce=285668}: bitz::ligerito_flock: close time.busy=1.09ms time.idle=121ns
2026-10-07T19:58:53.685586Z  INFO falcon_algebraic:prove:falcon_algebraic:pcs:op:ligerito:spartan:grinding{bits=12}: bitz::piop::spartan::grinding: close time.busy=13.7µs time.idle=120ns
2026-10-07T19:58:53.685665Z  INFO falcon_algebraic:prove:falcon_algebraic:pcs:op:ligerito:lig:grind_pow{bits=19}:spartan:grinding{bits=12}: bitz::piop::spartan::grinding: close time.busy=62.2µs time.idle=120ns
2026-10-07T19:58:53.692984Z  INFO falcon_algebraic:prove:falcon_algebraic:pcs:op:ligerito:lig:grind_pow{bits=19 seed_lo=7533905475163248731 seed_hi=13331801534544350727 nonce=1978168}: bitz::ligerito_flock: close time.busy=7.38ms time.idle=130ns
2026-10-07T19:58:53.693001Z  INFO falcon_algebraic:prove:falcon_algebraic:pcs:op:ligerito:spartan:grinding{bits=12}: bitz::piop::spartan::grinding: close time.busy=14.8µs time.idle=130ns
2026-10-07T19:58:53.693213Z  INFO falcon_algebraic:prove:falcon_algebraic:pcs:op:ligerito:lig:grind_pow{bits=11}:spartan:grinding{bits=12}: bitz::piop::spartan::grinding: close time.busy=5.72µs time.idle=110ns
2026-10-07T19:58:53.693222Z  INFO falcon_algebraic:prove:falcon_algebraic:pcs:op:ligerito:lig:grind_pow{bits=11 seed_lo=13414360004935892538 seed_hi=13352016151955891289 nonce=1894}: bitz::ligerito_flock: close time.busy=16.1µs time.idle=120ns
2026-10-07T19:58:53.693233Z  INFO falcon_algebraic:prove:falcon_algebraic:pcs:op:ligerito:spartan:grinding{bits=12}: bitz::piop::spartan::grinding: close time.busy=8.22µs time.idle=120ns
2026-10-07T19:58:53.694217Z  INFO falcon_algebraic:prove:falcon_algebraic:pcs:op:ligerito:lig:grind_pow{bits=7}:spartan:grinding{bits=12}: bitz::piop::spartan::grinding: close time.busy=49.3µs time.idle=110ns
2026-10-07T19:58:53.694223Z  INFO falcon_algebraic:prove:falcon_algebraic:pcs:op:ligerito:lig:grind_pow{bits=7 seed_lo=14011323245469665233 seed_hi=10627610180640753093 nonce=87}: bitz::ligerito_flock: close time.busy=56.2µs time.idle=111ns
2026-10-07T19:58:53.694258Z  INFO falcon_algebraic:prove:falcon_algebraic:pcs:op:ligerito:spartan:grinding{bits=12}: bitz::piop::spartan::grinding: close time.busy=33.1µs time.idle=120ns
2026-10-07T19:58:53.694283Z  INFO falcon_algebraic:prove:falcon_algebraic:pcs:op:ligerito:lig:grind_pow{bits=17}:spartan:grinding{bits=12}: bitz::piop::spartan::grinding: close time.busy=16.8µs time.idle=110ns
2026-10-07T19:58:53.694315Z  INFO falcon_algebraic:prove:falcon_algebraic:pcs:op:ligerito:lig:grind_pow{bits=17 seed_lo=12040305675577541021 seed_hi=4448544093894922929 nonce=7149}: bitz::ligerito_flock: close time.busy=50.0µs time.idle=131ns
2026-10-07T19:58:53.694334Z  INFO falcon_algebraic:prove:falcon_algebraic:pcs:op:ligerito:spartan:grinding{bits=12}: bitz::piop::spartan::grinding: close time.busy=17.3µs time.idle=111ns
2026-10-07T19:58:53.694353Z  INFO falcon_algebraic:prove:falcon_algebraic:pcs:op:ligerito:lig:grind_pow{bits=17}:spartan:grinding{bits=12}: bitz::piop::spartan::grinding: close time.busy=9.53µs time.idle=111ns
2026-10-07T19:58:53.694376Z  INFO falcon_algebraic:prove:falcon_algebraic:pcs:op:ligerito:lig:grind_pow{bits=17 seed_lo=14594745866361555729 seed_hi=4481801811290485119 nonce=4584}: bitz::ligerito_flock: close time.busy=33.0µs time.idle=130ns
2026-10-07T19:58:53.694415Z  INFO falcon_algebraic:prove:falcon_algebraic:pcs:op:ligerito:spartan:grinding{bits=12}: bitz::piop::spartan::grinding: close time.busy=37.5µs time.idle=110ns
2026-10-07T19:58:53.694430Z  INFO falcon_algebraic:prove:falcon_algebraic:pcs:op:ligerito:lig:grind_pow{bits=17}:spartan:grinding{bits=12}: bitz::piop::spartan::grinding: close time.busy=8.18µs time.idle=110ns
2026-10-07T19:58:53.694552Z  INFO falcon_algebraic:prove:falcon_algebraic:pcs:op:ligerito:lig:grind_pow{bits=17 seed_lo=13300957292935261440 seed_hi=4548511347967446605 nonce=31400}: bitz::ligerito_flock: close time.busy=131µs time.idle=130ns
2026-10-07T19:58:53.694600Z  INFO falcon_algebraic:prove:falcon_algebraic:pcs:op:ligerito:spartan:grinding{bits=12}: bitz::piop::spartan::grinding: close time.busy=46.5µs time.idle=110ns
2026-10-07T19:58:53.694665Z  INFO falcon_algebraic:prove:falcon_algebraic:pcs:op:ligerito:lig:grind_pow{bits=11}:spartan:grinding{bits=12}: bitz::piop::spartan::grinding: close time.busy=17.5µs time.idle=110ns
2026-10-07T19:58:53.694677Z  INFO falcon_algebraic:prove:falcon_algebraic:pcs:op:ligerito:lig:grind_pow{bits=11 seed_lo=5054118974374254575 seed_hi=14981614931524400151 nonce=2654}: bitz::ligerito_flock: close time.busy=30.0µs time.idle=121ns
2026-10-07T19:58:53.694708Z  INFO falcon_algebraic:prove:falcon_algebraic:pcs:op:ligerito:spartan:grinding{bits=12}: bitz::piop::spartan::grinding: close time.busy=29.1µs time.idle=120ns
2026-10-07T19:58:53.694886Z  INFO falcon_algebraic:prove:falcon_algebraic:pcs:op:ligerito:lig:grind_pow{bits=7}:spartan:grinding{bits=12}: bitz::piop::spartan::grinding: close time.busy=8.02µs time.idle=110ns
2026-10-07T19:58:53.694889Z  INFO falcon_algebraic:prove:falcon_algebraic:pcs:op:ligerito:lig:grind_pow{bits=7 seed_lo=10782382566308342209 seed_hi=11179761202078984758 nonce=218}: bitz::ligerito_flock: close time.busy=12.0µs time.idle=120ns
2026-10-07T19:58:53.694898Z  INFO falcon_algebraic:prove:falcon_algebraic:pcs:op:ligerito:spartan:grinding{bits=12}: bitz::piop::spartan::grinding: close time.busy=6.31µs time.idle=110ns
2026-10-07T19:58:53.694911Z  INFO falcon_algebraic:prove:falcon_algebraic:pcs:op:ligerito:lig:grind_pow{bits=15}:spartan:grinding{bits=12}: bitz::piop::spartan::grinding: close time.busy=9.15µs time.idle=110ns
2026-10-07T19:58:53.695021Z  INFO falcon_algebraic:prove:falcon_algebraic:pcs:op:ligerito:lig:grind_pow{bits=15 seed_lo=1228380510673385658 seed_hi=4608945683697044113 nonce=28426}: bitz::ligerito_flock: close time.busy=121µs time.idle=110ns
2026-10-07T19:58:53.695031Z  INFO falcon_algebraic:prove:falcon_algebraic:pcs:op:ligerito:spartan:grinding{bits=12}: bitz::piop::spartan::grinding: close time.busy=7.40µs time.idle=111ns
2026-10-07T19:58:53.695040Z  INFO falcon_algebraic:prove:falcon_algebraic:pcs:op:ligerito:lig:grind_pow{bits=15}:spartan:grinding{bits=12}: bitz::piop::spartan::grinding: close time.busy=3.83µs time.idle=111ns
2026-10-07T19:58:53.695140Z  INFO falcon_algebraic:prove:falcon_algebraic:pcs:op:ligerito:lig:grind_pow{bits=15 seed_lo=15181336230616402119 seed_hi=7493050434602918546 nonce=25325}: bitz::ligerito_flock: close time.busy=106µs time.idle=130ns
2026-10-07T19:58:53.695150Z  INFO falcon_algebraic:prove:falcon_algebraic:pcs:op:ligerito:spartan:grinding{bits=12}: bitz::piop::spartan::grinding: close time.busy=8.32µs time.idle=120ns
2026-10-07T19:58:53.695165Z  INFO falcon_algebraic:prove:falcon_algebraic:pcs:op:ligerito:lig:grind_pow{bits=15}:spartan:grinding{bits=12}: bitz::piop::spartan::grinding: close time.busy=11.7µs time.idle=100ns
2026-10-07T19:58:53.695277Z  INFO falcon_algebraic:prove:falcon_algebraic:pcs:op:ligerito:lig:grind_pow{bits=15 seed_lo=7421790146636421713 seed_hi=16128424606281112580 nonce=28449}: bitz::ligerito_flock: close time.busy=124µs time.idle=110ns
2026-10-07T19:58:53.695290Z  INFO falcon_algebraic:prove:falcon_algebraic:pcs:op:ligerito:spartan:grinding{bits=12}: bitz::piop::spartan::grinding: close time.busy=11.1µs time.idle=110ns
2026-10-07T19:58:53.695299Z  INFO falcon_algebraic:prove:falcon_algebraic:pcs:op:ligerito:lig:grind_pow{bits=11}:spartan:grinding{bits=12}: bitz::piop::spartan::grinding: close time.busy=4.77µs time.idle=110ns
2026-10-07T19:58:53.695304Z  INFO falcon_algebraic:prove:falcon_algebraic:pcs:op:ligerito:lig:grind_pow{bits=11 seed_lo=14005453541847172307 seed_hi=3880069313824445422 nonce=567}: bitz::ligerito_flock: close time.busy=9.95µs time.idle=120ns
2026-10-07T19:58:53.695312Z  INFO falcon_algebraic:prove:falcon_algebraic:pcs:op:ligerito:spartan:grinding{bits=12}: bitz::piop::spartan::grinding: close time.busy=6.58µs time.idle=110ns
2026-10-07T19:58:53.695389Z  INFO falcon_algebraic:prove:falcon_algebraic:pcs:op:ligerito: bitz::hybrid::opening: close time.busy=32.1ms time.idle=160ns
2026-10-07T19:58:53.695392Z  INFO falcon_algebraic:prove:falcon_algebraic:pcs: bitz::piop::spartan::falcon512_algebraic::protocol: close time.busy=39.3ms time.idle=140ns
2026-10-07T19:58:53.696292Z  INFO falcon_algebraic:prove: bitz::piop::spartan::falcon512_algebraic::protocol: close time.busy=339ms time.idle=190ns
2026-10-07T19:58:53.714267Z  INFO falcon_algebraic:verify:falcon_algebraic_ring:verify:falcon_algebraic_ring:coordinates: bitz::piop::spartan::falcon512_algebraic::ring: close time.busy=9.99ms time.idle=230ns
2026-10-07T19:58:53.732253Z  INFO falcon_algebraic:verify:falcon_algebraic_ring:verify:falcon_algebraic_ring:collapse: bitz::piop::spartan::falcon512_algebraic::ring: close time.busy=18.0ms time.idle=320ns
2026-10-07T19:58:53.732257Z  INFO falcon_algebraic:verify:falcon_algebraic_ring:verify: bitz::piop::spartan::falcon512_algebraic::ring: close time.busy=28.3ms time.idle=170ns
2026-10-07T19:58:53.732286Z  INFO falcon_algebraic:verify:spartan:round_grinding_verify: bitz::sumcheck::boundary: close time.busy=982ns time.idle=190ns
2026-10-07T19:58:53.732290Z  INFO falcon_algebraic:verify:spartan:round_grinding_verify: bitz::sumcheck::boundary: close time.busy=832ns time.idle=120ns
2026-10-07T19:58:53.732294Z  INFO falcon_algebraic:verify:spartan:round_grinding_verify: bitz::sumcheck::boundary: close time.busy=902ns time.idle=130ns
2026-10-07T19:58:53.732298Z  INFO falcon_algebraic:verify:spartan:round_grinding_verify: bitz::sumcheck::boundary: close time.busy=891ns time.idle=111ns
2026-10-07T19:58:53.732302Z  INFO falcon_algebraic:verify:spartan:round_grinding_verify: bitz::sumcheck::boundary: close time.busy=721ns time.idle=111ns
2026-10-07T19:58:53.732307Z  INFO falcon_algebraic:verify:spartan:round_grinding_verify: bitz::sumcheck::boundary: close time.busy=812ns time.idle=110ns
2026-10-07T19:58:53.732312Z  INFO falcon_algebraic:verify:spartan:round_grinding_verify: bitz::sumcheck::boundary: close time.busy=802ns time.idle=90.0ns
2026-10-07T19:58:53.732316Z  INFO falcon_algebraic:verify:spartan:round_grinding_verify: bitz::sumcheck::boundary: close time.busy=921ns time.idle=121ns
2026-10-07T19:58:53.732320Z  INFO falcon_algebraic:verify:spartan:round_grinding_verify: bitz::sumcheck::boundary: close time.busy=892ns time.idle=110ns
2026-10-07T19:58:53.732325Z  INFO falcon_algebraic:verify:spartan:round_grinding_verify: bitz::sumcheck::boundary: close time.busy=761ns time.idle=100ns
2026-10-07T19:58:53.732330Z  INFO falcon_algebraic:verify:spartan:round_grinding_verify: bitz::sumcheck::boundary: close time.busy=902ns time.idle=100ns
2026-10-07T19:58:53.732334Z  INFO falcon_algebraic:verify:spartan:round_grinding_verify: bitz::sumcheck::boundary: close time.busy=892ns time.idle=110ns
2026-10-07T19:58:53.732338Z  INFO falcon_algebraic:verify:spartan:round_grinding_verify: bitz::sumcheck::boundary: close time.busy=881ns time.idle=101ns
2026-10-07T19:58:53.732343Z  INFO falcon_algebraic:verify:spartan:round_grinding_verify: bitz::sumcheck::boundary: close time.busy=962ns time.idle=110ns
2026-10-07T19:58:53.732348Z  INFO falcon_algebraic:verify:spartan:round_grinding_verify: bitz::sumcheck::boundary: close time.busy=732ns time.idle=120ns
2026-10-07T19:58:53.732352Z  INFO falcon_algebraic:verify:spartan:round_grinding_verify: bitz::sumcheck::boundary: close time.busy=802ns time.idle=100ns
2026-10-07T19:58:53.732356Z  INFO falcon_algebraic:verify:spartan:round_grinding_verify: bitz::sumcheck::boundary: close time.busy=912ns time.idle=110ns
2026-10-07T19:58:53.732362Z  INFO falcon_algebraic:verify:spartan:round_grinding_verify: bitz::sumcheck::boundary: close time.busy=822ns time.idle=100ns
2026-10-07T19:58:53.732366Z  INFO falcon_algebraic:verify:spartan:round_grinding_verify: bitz::sumcheck::boundary: close time.busy=871ns time.idle=100ns
2026-10-07T19:58:53.741865Z  INFO falcon_algebraic:verify:spartan:round_grinding_verify: bitz::sumcheck::boundary: close time.busy=1.13µs time.idle=210ns
2026-10-07T19:58:53.741870Z  INFO falcon_algebraic:verify:spartan:round_grinding_verify: bitz::sumcheck::boundary: close time.busy=811ns time.idle=120ns
2026-10-07T19:58:53.741875Z  INFO falcon_algebraic:verify:spartan:round_grinding_verify: bitz::sumcheck::boundary: close time.busy=832ns time.idle=110ns
2026-10-07T19:58:53.741878Z  INFO falcon_algebraic:verify:spartan:round_grinding_verify: bitz::sumcheck::boundary: close time.busy=812ns time.idle=110ns
2026-10-07T19:58:53.741881Z  INFO falcon_algebraic:verify:spartan:round_grinding_verify: bitz::sumcheck::boundary: close time.busy=871ns time.idle=110ns
2026-10-07T19:58:53.741886Z  INFO falcon_algebraic:verify:spartan:round_grinding_verify: bitz::sumcheck::boundary: close time.busy=1.17µs time.idle=121ns
2026-10-07T19:58:53.741890Z  INFO falcon_algebraic:verify:spartan:round_grinding_verify: bitz::sumcheck::boundary: close time.busy=811ns time.idle=120ns
2026-10-07T19:58:53.741894Z  INFO falcon_algebraic:verify:spartan:round_grinding_verify: bitz::sumcheck::boundary: close time.busy=851ns time.idle=101ns
2026-10-07T19:58:53.741897Z  INFO falcon_algebraic:verify:spartan:round_grinding_verify: bitz::sumcheck::boundary: close time.busy=862ns time.idle=110ns
2026-10-07T19:58:53.741904Z  INFO falcon_algebraic:verify:spartan:round_grinding_verify: bitz::sumcheck::boundary: close time.busy=861ns time.idle=120ns
2026-10-07T19:58:53.741907Z  INFO falcon_algebraic:verify:spartan:round_grinding_verify: bitz::sumcheck::boundary: close time.busy=922ns time.idle=120ns
2026-10-07T19:58:53.741911Z  INFO falcon_algebraic:verify:spartan:round_grinding_verify: bitz::sumcheck::boundary: close time.busy=942ns time.idle=110ns
2026-10-07T19:58:53.741914Z  INFO falcon_algebraic:verify:spartan:round_grinding_verify: bitz::sumcheck::boundary: close time.busy=852ns time.idle=110ns
2026-10-07T19:58:53.741920Z  INFO falcon_algebraic:verify:spartan:round_grinding_verify: bitz::sumcheck::boundary: close time.busy=892ns time.idle=90.0ns
2026-10-07T19:58:53.741924Z  INFO falcon_algebraic:verify:spartan:round_grinding_verify: bitz::sumcheck::boundary: close time.busy=941ns time.idle=111ns
2026-10-07T19:58:53.741928Z  INFO falcon_algebraic:verify:spartan:round_grinding_verify: bitz::sumcheck::boundary: close time.busy=902ns time.idle=110ns
2026-10-07T19:58:53.741931Z  INFO falcon_algebraic:verify:spartan:round_grinding_verify: bitz::sumcheck::boundary: close time.busy=882ns time.idle=130ns
2026-10-07T19:58:53.741935Z  INFO falcon_algebraic:verify:spartan:round_grinding_verify: bitz::sumcheck::boundary: close time.busy=961ns time.idle=91.0ns
2026-10-07T19:58:53.741941Z  INFO falcon_algebraic:verify:spartan:round_grinding_verify: bitz::sumcheck::boundary: close time.busy=1.10µs time.idle=110ns
2026-10-07T19:58:53.741944Z  INFO falcon_algebraic:verify:spartan:round_grinding_verify: bitz::sumcheck::boundary: close time.busy=661ns time.idle=121ns
2026-10-07T19:58:53.741946Z  INFO falcon_algebraic:verify:spartan:round_grinding_verify: bitz::sumcheck::boundary: close time.busy=731ns time.idle=101ns
2026-10-07T19:58:53.741949Z  INFO falcon_algebraic:verify:spartan:round_grinding_verify: bitz::sumcheck::boundary: close time.busy=671ns time.idle=110ns
2026-10-07T19:58:53.741952Z  INFO falcon_algebraic:verify:spartan:round_grinding_verify: bitz::sumcheck::boundary: close time.busy=672ns time.idle=110ns
2026-10-07T19:58:53.741955Z  INFO falcon_algebraic:verify:spartan:round_grinding_verify: bitz::sumcheck::boundary: close time.busy=651ns time.idle=100ns
2026-10-07T19:58:53.749261Z  INFO falcon_algebraic:verify:spartan:round_grinding_verify: bitz::sumcheck::boundary: close time.busy=1.03µs time.idle=130ns
2026-10-07T19:58:53.749265Z  INFO falcon_algebraic:verify:spartan:round_grinding_verify: bitz::sumcheck::boundary: close time.busy=1.06µs time.idle=111ns
2026-10-07T19:58:53.749268Z  INFO falcon_algebraic:verify:spartan:round_grinding_verify: bitz::sumcheck::boundary: close time.busy=992ns time.idle=110ns
2026-10-07T19:58:53.749271Z  INFO falcon_algebraic:verify:spartan:round_grinding_verify: bitz::sumcheck::boundary: close time.busy=962ns time.idle=110ns
2026-10-07T19:58:53.749274Z  INFO falcon_algebraic:verify:spartan:round_grinding_verify: bitz::sumcheck::boundary: close time.busy=1.20µs time.idle=111ns
2026-10-07T19:58:53.749276Z  INFO falcon_algebraic:verify:spartan:round_grinding_verify: bitz::sumcheck::boundary: close time.busy=972ns time.idle=110ns
2026-10-07T19:58:53.749279Z  INFO falcon_algebraic:verify:spartan:round_grinding_verify: bitz::sumcheck::boundary: close time.busy=962ns time.idle=110ns
2026-10-07T19:58:53.749282Z  INFO falcon_algebraic:verify:spartan:round_grinding_verify: bitz::sumcheck::boundary: close time.busy=942ns time.idle=100ns
2026-10-07T19:58:53.749284Z  INFO falcon_algebraic:verify:spartan:round_grinding_verify: bitz::sumcheck::boundary: close time.busy=1.00µs time.idle=110ns
2026-10-07T19:58:53.749287Z  INFO falcon_algebraic:verify:spartan:round_grinding_verify: bitz::sumcheck::boundary: close time.busy=992ns time.idle=110ns
2026-10-07T19:58:53.749290Z  INFO falcon_algebraic:verify:spartan:round_grinding_verify: bitz::sumcheck::boundary: close time.busy=1.02µs time.idle=90.0ns
2026-10-07T19:58:53.749292Z  INFO falcon_algebraic:verify:spartan:round_grinding_verify: bitz::sumcheck::boundary: close time.busy=992ns time.idle=110ns
2026-10-07T19:58:53.749295Z  INFO falcon_algebraic:verify:spartan:round_grinding_verify: bitz::sumcheck::boundary: close time.busy=971ns time.idle=111ns
2026-10-07T19:58:53.749298Z  INFO falcon_algebraic:verify:spartan:round_grinding_verify: bitz::sumcheck::boundary: close time.busy=1.04µs time.idle=100ns
2026-10-07T19:58:53.749301Z  INFO falcon_algebraic:verify:spartan:round_grinding_verify: bitz::sumcheck::boundary: close time.busy=1.18µs time.idle=110ns
2026-10-07T19:58:53.749304Z  INFO falcon_algebraic:verify:spartan:round_grinding_verify: bitz::sumcheck::boundary: close time.busy=1.12µs time.idle=120ns
2026-10-07T19:58:53.749307Z  INFO falcon_algebraic:verify:spartan:round_grinding_verify: bitz::sumcheck::boundary: close time.busy=1.11µs time.idle=101ns
2026-10-07T19:58:53.749310Z  INFO falcon_algebraic:verify:spartan:round_grinding_verify: bitz::sumcheck::boundary: close time.busy=1.18µs time.idle=110ns
2026-10-07T19:58:53.749313Z  INFO falcon_algebraic:verify:spartan:round_grinding_verify: bitz::sumcheck::boundary: close time.busy=932ns time.idle=110ns
2026-10-07T19:58:53.749315Z  INFO falcon_algebraic:verify:spartan:round_grinding_verify: bitz::sumcheck::boundary: close time.busy=942ns time.idle=110ns
2026-10-07T19:58:53.749318Z  INFO falcon_algebraic:verify:spartan:round_grinding_verify: bitz::sumcheck::boundary: close time.busy=1.00µs time.idle=100ns
2026-10-07T19:58:53.749321Z  INFO falcon_algebraic:verify:spartan:round_grinding_verify: bitz::sumcheck::boundary: close time.busy=962ns time.idle=110ns
2026-10-07T19:58:53.749324Z  INFO falcon_algebraic:verify:spartan:round_grinding_verify: bitz::sumcheck::boundary: close time.busy=972ns time.idle=110ns
2026-10-07T19:58:53.749326Z  INFO falcon_algebraic:verify:spartan:round_grinding_verify: bitz::sumcheck::boundary: close time.busy=1.12µs time.idle=90.0ns
2026-10-07T19:58:53.749329Z  INFO falcon_algebraic:verify:spartan:round_grinding_verify: bitz::sumcheck::boundary: close time.busy=1.04µs time.idle=110ns
2026-10-07T19:58:53.751706Z  INFO falcon_algebraic:verify: bitz::piop::spartan::falcon512_algebraic::protocol: close time.busy=55.4ms time.idle=200ns
2026-10-07T19:58:53.784201Z  INFO falcon_algebraic:commit:falcon_algebraic:witness: bitz::piop::spartan::falcon512_algebraic::protocol: close time.busy=32.2ms time.idle=140ns
2026-10-07T19:58:53.813660Z  INFO falcon_algebraic:commit:shared_source:encode: bitz::hybrid::opening: close time.busy=1.55ms time.idle=170ns
2026-10-07T19:58:53.814648Z  INFO falcon_algebraic:commit:shared_source:merkle: bitz::hybrid::opening: close time.busy=985µs time.idle=140ns
2026-10-07T19:58:53.814650Z  INFO falcon_algebraic:commit: bitz::piop::spartan::falcon512_algebraic::protocol: close time.busy=62.8ms time.idle=170ns
2026-10-07T19:58:53.832168Z  INFO falcon_algebraic:prove:falcon_algebraic:ring:falcon_algebraic_ring:prove:falcon_algebraic_ring:coordinates: bitz::piop::spartan::falcon512_algebraic::ring: close time.busy=8.95ms time.idle=281ns
2026-10-07T19:58:53.832990Z  INFO falcon_algebraic:prove:falcon_algebraic:ring:falcon_algebraic_ring:prove:spartan:grinding{bits=11}: bitz::piop::spartan::grinding: close time.busy=8.83µs time.idle=180ns
2026-10-07T19:58:53.851587Z  INFO falcon_algebraic:prove:falcon_algebraic:ring:falcon_algebraic_ring:prove:falcon_algebraic_ring:collapse: bitz::piop::spartan::falcon512_algebraic::ring: close time.busy=18.6ms time.idle=160ns
2026-10-07T19:58:53.851590Z  INFO falcon_algebraic:prove:falcon_algebraic:ring:falcon_algebraic_ring:prove: bitz::piop::spartan::falcon512_algebraic::ring: close time.busy=29.3ms time.idle=180ns
2026-10-07T19:58:53.851591Z  INFO falcon_algebraic:prove:falcon_algebraic:ring: bitz::piop::spartan::falcon512_algebraic::protocol: close time.busy=29.3ms time.idle=130ns
2026-10-07T19:58:53.851600Z  INFO falcon_algebraic:prove:falcon_algebraic:arithmetic:falcon_algebraic:norm:spartan:grinding{bits=11}: bitz::piop::spartan::grinding: close time.busy=5.90µs time.idle=110ns
2026-10-07T19:58:53.880918Z  INFO falcon_algebraic:prove:falcon_algebraic:arithmetic:falcon_algebraic:norm:spartan:round_grinding_prove:spartan:grinding{bits=14}: bitz::piop::spartan::grinding: close time.busy=23.0µs time.idle=130ns
2026-10-07T19:58:53.880921Z  INFO falcon_algebraic:prove:falcon_algebraic:arithmetic:falcon_algebraic:norm:spartan:round_grinding_prove: bitz::sumcheck::boundary: close time.busy=26.8µs time.idle=151ns
2026-10-07T19:58:53.891777Z  INFO falcon_algebraic:prove:falcon_algebraic:arithmetic:falcon_algebraic:norm:spartan:round_grinding_prove:spartan:grinding{bits=14}: bitz::piop::spartan::grinding: close time.busy=162µs time.idle=130ns
2026-10-07T19:58:53.891782Z  INFO falcon_algebraic:prove:falcon_algebraic:arithmetic:falcon_algebraic:norm:spartan:round_grinding_prove: bitz::sumcheck::boundary: close time.busy=168µs time.idle=121ns
2026-10-07T19:58:53.896956Z  INFO falcon_algebraic:prove:falcon_algebraic:arithmetic:falcon_algebraic:norm:spartan:round_grinding_prove:spartan:grinding{bits=14}: bitz::piop::spartan::grinding: close time.busy=39.2µs time.idle=111ns
2026-10-07T19:58:53.896958Z  INFO falcon_algebraic:prove:falcon_algebraic:arithmetic:falcon_algebraic:norm:spartan:round_grinding_prove: bitz::sumcheck::boundary: close time.busy=42.1µs time.idle=120ns
2026-10-07T19:58:53.899499Z  INFO falcon_algebraic:prove:falcon_algebraic:arithmetic:falcon_algebraic:norm:spartan:round_grinding_prove:spartan:grinding{bits=14}: bitz::piop::spartan::grinding: close time.busy=19.1µs time.idle=130ns
2026-10-07T19:58:53.899500Z  INFO falcon_algebraic:prove:falcon_algebraic:arithmetic:falcon_algebraic:norm:spartan:round_grinding_prove: bitz::sumcheck::boundary: close time.busy=21.7µs time.idle=131ns
2026-10-07T19:58:53.900867Z  INFO falcon_algebraic:prove:falcon_algebraic:arithmetic:falcon_algebraic:norm:spartan:round_grinding_prove:spartan:grinding{bits=14}: bitz::piop::spartan::grinding: close time.busy=110µs time.idle=111ns
2026-10-07T19:58:53.900869Z  INFO falcon_algebraic:prove:falcon_algebraic:arithmetic:falcon_algebraic:norm:spartan:round_grinding_prove: bitz::sumcheck::boundary: close time.busy=112µs time.idle=110ns
2026-10-07T19:58:53.901520Z  INFO falcon_algebraic:prove:falcon_algebraic:arithmetic:falcon_algebraic:norm:spartan:round_grinding_prove:spartan:grinding{bits=14}: bitz::piop::spartan::grinding: close time.busy=12.0µs time.idle=111ns
2026-10-07T19:58:53.901521Z  INFO falcon_algebraic:prove:falcon_algebraic:arithmetic:falcon_algebraic:norm:spartan:round_grinding_prove: bitz::sumcheck::boundary: close time.busy=14.1µs time.idle=110ns
2026-10-07T19:58:53.901884Z  INFO falcon_algebraic:prove:falcon_algebraic:arithmetic:falcon_algebraic:norm:spartan:round_grinding_prove:spartan:grinding{bits=14}: bitz::piop::spartan::grinding: close time.busy=44.0µs time.idle=110ns
2026-10-07T19:58:53.901886Z  INFO falcon_algebraic:prove:falcon_algebraic:arithmetic:falcon_algebraic:norm:spartan:round_grinding_prove: bitz::sumcheck::boundary: close time.busy=46.0µs time.idle=110ns
2026-10-07T19:58:53.902067Z  INFO falcon_algebraic:prove:falcon_algebraic:arithmetic:falcon_algebraic:norm:spartan:round_grinding_prove:spartan:grinding{bits=14}: bitz::piop::spartan::grinding: close time.busy=15.4µs time.idle=120ns
2026-10-07T19:58:53.902068Z  INFO falcon_algebraic:prove:falcon_algebraic:arithmetic:falcon_algebraic:norm:spartan:round_grinding_prove: bitz::sumcheck::boundary: close time.busy=17.5µs time.idle=110ns
2026-10-07T19:58:53.902159Z  INFO falcon_algebraic:prove:falcon_algebraic:arithmetic:falcon_algebraic:norm:spartan:round_grinding_prove:spartan:grinding{bits=14}: bitz::piop::spartan::grinding: close time.busy=5.95µs time.idle=111ns
2026-10-07T19:58:53.902161Z  INFO falcon_algebraic:prove:falcon_algebraic:arithmetic:falcon_algebraic:norm:spartan:round_grinding_prove: bitz::sumcheck::boundary: close time.busy=8.12µs time.idle=111ns
2026-10-07T19:58:53.902269Z  INFO falcon_algebraic:prove:falcon_algebraic:arithmetic:falcon_algebraic:norm:spartan:round_grinding_prove:spartan:grinding{bits=14}: bitz::piop::spartan::grinding: close time.busy=60.4µs time.idle=110ns
2026-10-07T19:58:53.902271Z  INFO falcon_algebraic:prove:falcon_algebraic:arithmetic:falcon_algebraic:norm:spartan:round_grinding_prove: bitz::sumcheck::boundary: close time.busy=62.4µs time.idle=110ns
2026-10-07T19:58:53.902305Z  INFO falcon_algebraic:prove:falcon_algebraic:arithmetic:falcon_algebraic:norm:spartan:round_grinding_prove:spartan:grinding{bits=14}: bitz::piop::spartan::grinding: close time.busy=5.69µs time.idle=110ns
2026-10-07T19:58:53.902306Z  INFO falcon_algebraic:prove:falcon_algebraic:arithmetic:falcon_algebraic:norm:spartan:round_grinding_prove: bitz::sumcheck::boundary: close time.busy=7.74µs time.idle=110ns
2026-10-07T19:58:53.902357Z  INFO falcon_algebraic:prove:falcon_algebraic:arithmetic:falcon_algebraic:norm:spartan:round_grinding_prove:spartan:grinding{bits=14}: bitz::piop::spartan::grinding: close time.busy=33.6µs time.idle=100ns
2026-10-07T19:58:53.902359Z  INFO falcon_algebraic:prove:falcon_algebraic:arithmetic:falcon_algebraic:norm:spartan:round_grinding_prove: bitz::sumcheck::boundary: close time.busy=35.6µs time.idle=100ns
2026-10-07T19:58:53.902384Z  INFO falcon_algebraic:prove:falcon_algebraic:arithmetic:falcon_algebraic:norm:spartan:round_grinding_prove:spartan:grinding{bits=14}: bitz::piop::spartan::grinding: close time.busy=13.3µs time.idle=100ns
2026-10-07T19:58:53.902385Z  INFO falcon_algebraic:prove:falcon_algebraic:arithmetic:falcon_algebraic:norm:spartan:round_grinding_prove: bitz::sumcheck::boundary: close time.busy=15.4µs time.idle=120ns
2026-10-07T19:58:53.902410Z  INFO falcon_algebraic:prove:falcon_algebraic:arithmetic:falcon_algebraic:norm:spartan:round_grinding_prove:spartan:grinding{bits=14}: bitz::piop::spartan::grinding: close time.busy=12.5µs time.idle=100ns
2026-10-07T19:58:53.902411Z  INFO falcon_algebraic:prove:falcon_algebraic:arithmetic:falcon_algebraic:norm:spartan:round_grinding_prove: bitz::sumcheck::boundary: close time.busy=14.6µs time.idle=110ns
2026-10-07T19:58:53.902429Z  INFO falcon_algebraic:prove:falcon_algebraic:arithmetic:falcon_algebraic:norm:spartan:round_grinding_prove:spartan:grinding{bits=14}: bitz::piop::spartan::grinding: close time.busy=7.83µs time.idle=90.0ns
2026-10-07T19:58:53.902430Z  INFO falcon_algebraic:prove:falcon_algebraic:arithmetic:falcon_algebraic:norm:spartan:round_grinding_prove: bitz::sumcheck::boundary: close time.busy=9.93µs time.idle=101ns
2026-10-07T19:58:53.902481Z  INFO falcon_algebraic:prove:falcon_algebraic:arithmetic:falcon_algebraic:norm:spartan:round_grinding_prove:spartan:grinding{bits=14}: bitz::piop::spartan::grinding: close time.busy=42.9µs time.idle=110ns
2026-10-07T19:58:53.902482Z  INFO falcon_algebraic:prove:falcon_algebraic:arithmetic:falcon_algebraic:norm:spartan:round_grinding_prove: bitz::sumcheck::boundary: close time.busy=44.9µs time.idle=110ns
2026-10-07T19:58:53.902532Z  INFO falcon_algebraic:prove:falcon_algebraic:arithmetic:falcon_algebraic:norm:spartan:round_grinding_prove:spartan:grinding{bits=14}: bitz::piop::spartan::grinding: close time.busy=41.5µs time.idle=100ns
2026-10-07T19:58:53.902533Z  INFO falcon_algebraic:prove:falcon_algebraic:arithmetic:falcon_algebraic:norm:spartan:round_grinding_prove: bitz::sumcheck::boundary: close time.busy=43.7µs time.idle=110ns
2026-10-07T19:58:53.902552Z  INFO falcon_algebraic:prove:falcon_algebraic:arithmetic:falcon_algebraic:norm:spartan:round_grinding_prove:spartan:grinding{bits=14}: bitz::piop::spartan::grinding: close time.busy=9.62µs time.idle=110ns
2026-10-07T19:58:53.902554Z  INFO falcon_algebraic:prove:falcon_algebraic:arithmetic:falcon_algebraic:norm:spartan:round_grinding_prove: bitz::sumcheck::boundary: close time.busy=11.6µs time.idle=110ns
2026-10-07T19:58:53.902597Z  INFO falcon_algebraic:prove:falcon_algebraic:arithmetic:falcon_algebraic:norm:spartan:round_grinding_prove:spartan:grinding{bits=14}: bitz::piop::spartan::grinding: close time.busy=35.0µs time.idle=110ns
2026-10-07T19:58:53.902598Z  INFO falcon_algebraic:prove:falcon_algebraic:arithmetic:falcon_algebraic:norm:spartan:round_grinding_prove: bitz::sumcheck::boundary: close time.busy=37.0µs time.idle=100ns
2026-10-07T19:58:53.902605Z  INFO falcon_algebraic:prove:falcon_algebraic:arithmetic:falcon_algebraic:norm: bitz::piop::spartan::falcon512_algebraic::arithmetic: close time.busy=51.0ms time.idle=171ns
2026-10-07T19:58:53.902609Z  INFO falcon_algebraic:prove:falcon_algebraic:arithmetic:falcon_algebraic:binding:spartan:grinding{bits=10}: bitz::piop::spartan::grinding: close time.busy=831ns time.idle=101ns
2026-10-07T19:58:53.948830Z  INFO falcon_algebraic:prove:falcon_algebraic:arithmetic:falcon_algebraic:binding:inner_packed:prefix_accumulators: bitz::sumcheck::inner::packed::state: close time.busy=37.3ms time.idle=170ns
2026-10-07T19:58:53.948839Z  INFO falcon_algebraic:prove:falcon_algebraic:arithmetic:falcon_algebraic:binding:spartan:round_grinding_prove:spartan:grinding{bits=13}: bitz::piop::spartan::grinding: close time.busy=2.13µs time.idle=131ns
2026-10-07T19:58:53.948841Z  INFO falcon_algebraic:prove:falcon_algebraic:arithmetic:falcon_algebraic:binding:spartan:round_grinding_prove: bitz::sumcheck::boundary: close time.busy=4.97µs time.idle=160ns
2026-10-07T19:58:53.948865Z  INFO falcon_algebraic:prove:falcon_algebraic:arithmetic:falcon_algebraic:binding:spartan:round_grinding_prove:spartan:grinding{bits=13}: bitz::piop::spartan::grinding: close time.busy=19.2µs time.idle=111ns
2026-10-07T19:58:53.948866Z  INFO falcon_algebraic:prove:falcon_algebraic:arithmetic:falcon_algebraic:binding:spartan:round_grinding_prove: bitz::sumcheck::boundary: close time.busy=21.4µs time.idle=121ns
2026-10-07T19:58:53.948878Z  INFO falcon_algebraic:prove:falcon_algebraic:arithmetic:falcon_algebraic:binding:spartan:round_grinding_prove:spartan:grinding{bits=13}: bitz::piop::spartan::grinding: close time.busy=7.25µs time.idle=120ns
2026-10-07T19:58:53.948880Z  INFO falcon_algebraic:prove:falcon_algebraic:arithmetic:falcon_algebraic:binding:spartan:round_grinding_prove: bitz::sumcheck::boundary: close time.busy=9.32µs time.idle=110ns
2026-10-07T19:58:53.990175Z  INFO falcon_algebraic:prove:falcon_algebraic:arithmetic:falcon_algebraic:binding:inner_packed:prepare_tail: bitz::sumcheck::inner::packed::state: close time.busy=41.3ms time.idle=231ns
2026-10-07T19:58:53.990196Z  INFO falcon_algebraic:prove:falcon_algebraic:arithmetic:falcon_algebraic:binding:spartan:round_grinding_prove:spartan:grinding{bits=13}: bitz::piop::spartan::grinding: close time.busy=16.0µs time.idle=141ns
2026-10-07T19:58:53.990197Z  INFO falcon_algebraic:prove:falcon_algebraic:arithmetic:falcon_algebraic:binding:spartan:round_grinding_prove: bitz::sumcheck::boundary: close time.busy=18.8µs time.idle=121ns
2026-10-07T19:58:54.013471Z  INFO falcon_algebraic:prove:falcon_algebraic:arithmetic:falcon_algebraic:binding:inner_packed:fold_tail{round=3}: bitz::sumcheck::inner::packed::state: close time.busy=23.3ms time.idle=171ns
2026-10-07T19:58:54.013509Z  INFO falcon_algebraic:prove:falcon_algebraic:arithmetic:falcon_algebraic:binding:spartan:round_grinding_prove:spartan:grinding{bits=13}: bitz::piop::spartan::grinding: close time.busy=34.4µs time.idle=120ns
2026-10-07T19:58:54.013511Z  INFO falcon_algebraic:prove:falcon_algebraic:arithmetic:falcon_algebraic:binding:spartan:round_grinding_prove: bitz::sumcheck::boundary: close time.busy=37.0µs time.idle=120ns
2026-10-07T19:58:54.023383Z  INFO falcon_algebraic:prove:falcon_algebraic:arithmetic:falcon_algebraic:binding:inner_packed:fold_tail{round=4}: bitz::sumcheck::inner::packed::state: close time.busy=9.87ms time.idle=120ns
2026-10-07T19:58:54.023407Z  INFO falcon_algebraic:prove:falcon_algebraic:arithmetic:falcon_algebraic:binding:spartan:round_grinding_prove:spartan:grinding{bits=13}: bitz::piop::spartan::grinding: close time.busy=19.9µs time.idle=120ns
2026-10-07T19:58:54.023409Z  INFO falcon_algebraic:prove:falcon_algebraic:arithmetic:falcon_algebraic:binding:spartan:round_grinding_prove: bitz::sumcheck::boundary: close time.busy=22.5µs time.idle=110ns
2026-10-07T19:58:54.028361Z  INFO falcon_algebraic:prove:falcon_algebraic:arithmetic:falcon_algebraic:binding:inner_packed:fold_tail{round=5}: bitz::sumcheck::inner::packed::state: close time.busy=4.95ms time.idle=111ns
2026-10-07T19:58:54.028388Z  INFO falcon_algebraic:prove:falcon_algebraic:arithmetic:falcon_algebraic:binding:spartan:round_grinding_prove:spartan:grinding{bits=13}: bitz::piop::spartan::grinding: close time.busy=25.1µs time.idle=110ns
2026-10-07T19:58:54.028390Z  INFO falcon_algebraic:prove:falcon_algebraic:arithmetic:falcon_algebraic:binding:spartan:round_grinding_prove: bitz::sumcheck::boundary: close time.busy=27.2µs time.idle=120ns
2026-10-07T19:58:54.031374Z  INFO falcon_algebraic:prove:falcon_algebraic:arithmetic:falcon_algebraic:binding:inner_packed:fold_tail{round=6}: bitz::sumcheck::inner::packed::state: close time.busy=2.98ms time.idle=121ns
2026-10-07T19:58:54.031415Z  INFO falcon_algebraic:prove:falcon_algebraic:arithmetic:falcon_algebraic:binding:spartan:round_grinding_prove:spartan:grinding{bits=13}: bitz::piop::spartan::grinding: close time.busy=37.1µs time.idle=120ns
2026-10-07T19:58:54.031417Z  INFO falcon_algebraic:prove:falcon_algebraic:arithmetic:falcon_algebraic:binding:spartan:round_grinding_prove: bitz::sumcheck::boundary: close time.busy=39.4µs time.idle=110ns
2026-10-07T19:58:54.032680Z  INFO falcon_algebraic:prove:falcon_algebraic:arithmetic:falcon_algebraic:binding:inner_packed:fold_tail{round=7}: bitz::sumcheck::inner::packed::state: close time.busy=1.26ms time.idle=110ns
2026-10-07T19:58:54.032746Z  INFO falcon_algebraic:prove:falcon_algebraic:arithmetic:falcon_algebraic:binding:spartan:round_grinding_prove:spartan:grinding{bits=13}: bitz::piop::spartan::grinding: close time.busy=62.7µs time.idle=120ns
2026-10-07T19:58:54.032747Z  INFO falcon_algebraic:prove:falcon_algebraic:arithmetic:falcon_algebraic:binding:spartan:round_grinding_prove: bitz::sumcheck::boundary: close time.busy=64.9µs time.idle=120ns
2026-10-07T19:58:54.033395Z  INFO falcon_algebraic:prove:falcon_algebraic:arithmetic:falcon_algebraic:binding:inner_packed:fold_tail{round=8}: bitz::sumcheck::inner::packed::state: close time.busy=643µs time.idle=110ns
2026-10-07T19:58:54.033419Z  INFO falcon_algebraic:prove:falcon_algebraic:arithmetic:falcon_algebraic:binding:spartan:round_grinding_prove:spartan:grinding{bits=13}: bitz::piop::spartan::grinding: close time.busy=20.5µs time.idle=110ns
2026-10-07T19:58:54.033420Z  INFO falcon_algebraic:prove:falcon_algebraic:arithmetic:falcon_algebraic:binding:spartan:round_grinding_prove: bitz::sumcheck::boundary: close time.busy=22.6µs time.idle=110ns
2026-10-07T19:58:54.033752Z  INFO falcon_algebraic:prove:falcon_algebraic:arithmetic:falcon_algebraic:binding:inner_packed:fold_tail{round=9}: bitz::sumcheck::inner::packed::state: close time.busy=330µs time.idle=111ns
2026-10-07T19:58:54.033811Z  INFO falcon_algebraic:prove:falcon_algebraic:arithmetic:falcon_algebraic:binding:spartan:round_grinding_prove:spartan:grinding{bits=13}: bitz::piop::spartan::grinding: close time.busy=56.6µs time.idle=120ns
2026-10-07T19:58:54.033812Z  INFO falcon_algebraic:prove:falcon_algebraic:arithmetic:falcon_algebraic:binding:spartan:round_grinding_prove: bitz::sumcheck::boundary: close time.busy=58.8µs time.idle=110ns
2026-10-07T19:58:54.033982Z  INFO falcon_algebraic:prove:falcon_algebraic:arithmetic:falcon_algebraic:binding:inner_packed:fold_tail{round=10}: bitz::sumcheck::inner::packed::state: close time.busy=167µs time.idle=151ns
2026-10-07T19:58:54.034015Z  INFO falcon_algebraic:prove:falcon_algebraic:arithmetic:falcon_algebraic:binding:spartan:round_grinding_prove:spartan:grinding{bits=13}: bitz::piop::spartan::grinding: close time.busy=30.4µs time.idle=110ns
2026-10-07T19:58:54.034016Z  INFO falcon_algebraic:prove:falcon_algebraic:arithmetic:falcon_algebraic:binding:spartan:round_grinding_prove: bitz::sumcheck::boundary: close time.busy=32.6µs time.idle=101ns
2026-10-07T19:58:54.034108Z  INFO falcon_algebraic:prove:falcon_algebraic:arithmetic:falcon_algebraic:binding:inner_packed:fold_tail{round=11}: bitz::sumcheck::inner::packed::state: close time.busy=88.6µs time.idle=140ns
2026-10-07T19:58:54.034141Z  INFO falcon_algebraic:prove:falcon_algebraic:arithmetic:falcon_algebraic:binding:spartan:round_grinding_prove:spartan:grinding{bits=13}: bitz::piop::spartan::grinding: close time.busy=31.1µs time.idle=121ns
2026-10-07T19:58:54.034143Z  INFO falcon_algebraic:prove:falcon_algebraic:arithmetic:falcon_algebraic:binding:spartan:round_grinding_prove: bitz::sumcheck::boundary: close time.busy=33.2µs time.idle=110ns
2026-10-07T19:58:54.034190Z  INFO falcon_algebraic:prove:falcon_algebraic:arithmetic:falcon_algebraic:binding:inner_packed:fold_tail{round=12}: bitz::sumcheck::inner::packed::state: close time.busy=44.1µs time.idle=140ns
2026-10-07T19:58:54.034235Z  INFO falcon_algebraic:prove:falcon_algebraic:arithmetic:falcon_algebraic:binding:spartan:round_grinding_prove:spartan:grinding{bits=13}: bitz::piop::spartan::grinding: close time.busy=41.2µs time.idle=120ns
2026-10-07T19:58:54.034236Z  INFO falcon_algebraic:prove:falcon_algebraic:arithmetic:falcon_algebraic:binding:spartan:round_grinding_prove: bitz::sumcheck::boundary: close time.busy=43.3µs time.idle=90.0ns
2026-10-07T19:58:54.034262Z  INFO falcon_algebraic:prove:falcon_algebraic:arithmetic:falcon_algebraic:binding:inner_packed:fold_tail{round=13}: bitz::sumcheck::inner::packed::state: close time.busy=22.2µs time.idle=130ns
2026-10-07T19:58:54.034321Z  INFO falcon_algebraic:prove:falcon_algebraic:arithmetic:falcon_algebraic:binding:spartan:round_grinding_prove:spartan:grinding{bits=13}: bitz::piop::spartan::grinding: close time.busy=56.8µs time.idle=111ns
2026-10-07T19:58:54.034322Z  INFO falcon_algebraic:prove:falcon_algebraic:arithmetic:falcon_algebraic:binding:spartan:round_grinding_prove: bitz::sumcheck::boundary: close time.busy=58.9µs time.idle=110ns
2026-10-07T19:58:54.034336Z  INFO falcon_algebraic:prove:falcon_algebraic:arithmetic:falcon_algebraic:binding:inner_packed:fold_tail{round=14}: bitz::sumcheck::inner::packed::state: close time.busy=11.1µs time.idle=120ns
2026-10-07T19:58:54.034372Z  INFO falcon_algebraic:prove:falcon_algebraic:arithmetic:falcon_algebraic:binding:spartan:round_grinding_prove:spartan:grinding{bits=13}: bitz::piop::spartan::grinding: close time.busy=34.0µs time.idle=121ns
2026-10-07T19:58:54.034373Z  INFO falcon_algebraic:prove:falcon_algebraic:arithmetic:falcon_algebraic:binding:spartan:round_grinding_prove: bitz::sumcheck::boundary: close time.busy=36.1µs time.idle=100ns
2026-10-07T19:58:54.034381Z  INFO falcon_algebraic:prove:falcon_algebraic:arithmetic:falcon_algebraic:binding:inner_packed:fold_tail{round=15}: bitz::sumcheck::inner::packed::state: close time.busy=5.34µs time.idle=110ns
2026-10-07T19:58:54.034398Z  INFO falcon_algebraic:prove:falcon_algebraic:arithmetic:falcon_algebraic:binding:spartan:round_grinding_prove:spartan:grinding{bits=13}: bitz::piop::spartan::grinding: close time.busy=14.4µs time.idle=110ns
2026-10-07T19:58:54.034399Z  INFO falcon_algebraic:prove:falcon_algebraic:arithmetic:falcon_algebraic:binding:spartan:round_grinding_prove: bitz::sumcheck::boundary: close time.busy=16.5µs time.idle=110ns
2026-10-07T19:58:54.034404Z  INFO falcon_algebraic:prove:falcon_algebraic:arithmetic:falcon_algebraic:binding:inner_packed:fold_tail{round=16}: bitz::sumcheck::inner::packed::state: close time.busy=2.67µs time.idle=120ns
2026-10-07T19:58:54.034423Z  INFO falcon_algebraic:prove:falcon_algebraic:arithmetic:falcon_algebraic:binding:spartan:round_grinding_prove:spartan:grinding{bits=13}: bitz::piop::spartan::grinding: close time.busy=16.5µs time.idle=120ns
2026-10-07T19:58:54.034424Z  INFO falcon_algebraic:prove:falcon_algebraic:arithmetic:falcon_algebraic:binding:spartan:round_grinding_prove: bitz::sumcheck::boundary: close time.busy=18.6µs time.idle=100ns
2026-10-07T19:58:54.034431Z  INFO falcon_algebraic:prove:falcon_algebraic:arithmetic:falcon_algebraic:binding:inner_packed:fold_tail{round=17}: bitz::sumcheck::inner::packed::state: close time.busy=1.37µs time.idle=120ns
2026-10-07T19:58:54.034450Z  INFO falcon_algebraic:prove:falcon_algebraic:arithmetic:falcon_algebraic:binding:spartan:round_grinding_prove:spartan:grinding{bits=13}: bitz::piop::spartan::grinding: close time.busy=16.8µs time.idle=121ns
2026-10-07T19:58:54.034451Z  INFO falcon_algebraic:prove:falcon_algebraic:arithmetic:falcon_algebraic:binding:spartan:round_grinding_prove: bitz::sumcheck::boundary: close time.busy=19.1µs time.idle=120ns
2026-10-07T19:58:54.034454Z  INFO falcon_algebraic:prove:falcon_algebraic:arithmetic:falcon_algebraic:binding:inner_packed:fold_tail{round=18}: bitz::sumcheck::inner::packed::state: close time.busy=791ns time.idle=111ns
2026-10-07T19:58:54.034462Z  INFO falcon_algebraic:prove:falcon_algebraic:arithmetic:falcon_algebraic:binding:spartan:round_grinding_prove:spartan:grinding{bits=13}: bitz::piop::spartan::grinding: close time.busy=6.32µs time.idle=111ns
2026-10-07T19:58:54.034466Z  INFO falcon_algebraic:prove:falcon_algebraic:arithmetic:falcon_algebraic:binding:spartan:round_grinding_prove: bitz::sumcheck::boundary: close time.busy=11.0µs time.idle=100ns
2026-10-07T19:58:54.034468Z  INFO falcon_algebraic:prove:falcon_algebraic:arithmetic:falcon_algebraic:binding:inner_packed:fold_tail{round=19}: bitz::sumcheck::inner::packed::state: close time.busy=430ns time.idle=121ns
2026-10-07T19:58:54.034536Z  INFO falcon_algebraic:prove:falcon_algebraic:arithmetic:falcon_algebraic:binding:spartan:round_grinding_prove:spartan:grinding{bits=13}: bitz::piop::spartan::grinding: close time.busy=66.0µs time.idle=120ns
2026-10-07T19:58:54.034538Z  INFO falcon_algebraic:prove:falcon_algebraic:arithmetic:falcon_algebraic:binding:spartan:round_grinding_prove: bitz::sumcheck::boundary: close time.busy=67.9µs time.idle=110ns
2026-10-07T19:58:54.034540Z  INFO falcon_algebraic:prove:falcon_algebraic:arithmetic:falcon_algebraic:binding:inner_packed:fold_tail{round=20}: bitz::sumcheck::inner::packed::state: close time.busy=271ns time.idle=110ns
2026-10-07T19:58:54.034547Z  INFO falcon_algebraic:prove:falcon_algebraic:arithmetic:falcon_algebraic:binding:spartan:round_grinding_prove:spartan:grinding{bits=13}: bitz::piop::spartan::grinding: close time.busy=5.20µs time.idle=120ns
2026-10-07T19:58:54.034549Z  INFO falcon_algebraic:prove:falcon_algebraic:arithmetic:falcon_algebraic:binding:spartan:round_grinding_prove: bitz::sumcheck::boundary: close time.busy=7.06µs time.idle=90.0ns
2026-10-07T19:58:54.034551Z  INFO falcon_algebraic:prove:falcon_algebraic:arithmetic:falcon_algebraic:binding:inner_packed:fold_tail{round=21}: bitz::sumcheck::inner::packed::state: close time.busy=170ns time.idle=120ns
2026-10-07T19:58:54.034599Z  INFO falcon_algebraic:prove:falcon_algebraic:arithmetic:falcon_algebraic:binding:spartan:round_grinding_prove:spartan:grinding{bits=13}: bitz::piop::spartan::grinding: close time.busy=45.9µs time.idle=120ns
2026-10-07T19:58:54.034600Z  INFO falcon_algebraic:prove:falcon_algebraic:arithmetic:falcon_algebraic:binding:spartan:round_grinding_prove: bitz::sumcheck::boundary: close time.busy=47.7µs time.idle=120ns
2026-10-07T19:58:54.034602Z  INFO falcon_algebraic:prove:falcon_algebraic:arithmetic:falcon_algebraic:binding:inner_packed:fold_tail{round=22}: bitz::sumcheck::inner::packed::state: close time.busy=120ns time.idle=121ns
2026-10-07T19:58:54.034612Z  INFO falcon_algebraic:prove:falcon_algebraic:arithmetic:falcon_algebraic:binding:spartan:round_grinding_prove:spartan:grinding{bits=13}: bitz::piop::spartan::grinding: close time.busy=8.08µs time.idle=110ns
2026-10-07T19:58:54.034613Z  INFO falcon_algebraic:prove:falcon_algebraic:arithmetic:falcon_algebraic:binding:spartan:round_grinding_prove: bitz::sumcheck::boundary: close time.busy=9.91µs time.idle=100ns
2026-10-07T19:58:54.034616Z  INFO falcon_algebraic:prove:falcon_algebraic:arithmetic:falcon_algebraic:binding:inner_packed:fold_tail{round=23}: bitz::sumcheck::inner::packed::state: close time.busy=190ns time.idle=120ns
2026-10-07T19:58:54.041329Z  INFO falcon_algebraic:prove:falcon_algebraic:arithmetic:falcon_algebraic:binding: bitz::piop::spartan::falcon512_algebraic::arithmetic: close time.busy=139ms time.idle=150ns
2026-10-07T19:58:54.041332Z  INFO falcon_algebraic:prove:falcon_algebraic:arithmetic: bitz::piop::spartan::falcon512_algebraic::protocol: close time.busy=190ms time.idle=160ns
2026-10-07T19:58:54.043986Z  INFO falcon_algebraic:prove:falcon_algebraic:bitz:falcon_bridge:integer_folds: bitz::hybrid::integer_bridge: close time.busy=2.61ms time.idle=151ns
2026-10-07T19:58:54.045025Z  INFO falcon_algebraic:prove:falcon_algebraic:bitz:falcon_bridge:column_packing: bitz::hybrid::integer_bridge: close time.busy=846µs time.idle=160ns
2026-10-07T19:58:54.045405Z  INFO falcon_algebraic:prove:falcon_algebraic:bitz:falcon_bridge:power_tables: bitz::hybrid::integer_bridge: close time.busy=378µs time.idle=160ns
2026-10-07T19:58:54.045418Z  INFO falcon_algebraic:prove:falcon_algebraic:bitz:spartan:grinding{bits=14}: bitz::piop::spartan::grinding: close time.busy=9.17µs time.idle=120ns
2026-10-07T19:58:54.053431Z  INFO falcon_algebraic:prove:falcon_algebraic:bitz:falcon_bridge:wfbitz_forest:spartan:grinding{bits=14}: bitz::piop::spartan::grinding: close time.busy=41.1µs time.idle=120ns
2026-10-07T19:58:54.053607Z  INFO falcon_algebraic:prove:falcon_algebraic:bitz:falcon_bridge:wfbitz_forest:spartan:grinding{bits=14}: bitz::piop::spartan::grinding: close time.busy=163µs time.idle=110ns
2026-10-07T19:58:54.053665Z  INFO falcon_algebraic:prove:falcon_algebraic:bitz:falcon_bridge:wfbitz_forest:spartan:grinding{bits=14}: bitz::piop::spartan::grinding: close time.busy=52.6µs time.idle=110ns
2026-10-07T19:58:54.053703Z  INFO falcon_algebraic:prove:falcon_algebraic:bitz:falcon_bridge:wfbitz_forest:spartan:grinding{bits=14}: bitz::piop::spartan::grinding: close time.busy=33.5µs time.idle=110ns
2026-10-07T19:58:54.053863Z  INFO falcon_algebraic:prove:falcon_algebraic:bitz:falcon_bridge:wfbitz_forest:spartan:grinding{bits=14}: bitz::piop::spartan::grinding: close time.busy=156µs time.idle=110ns
2026-10-07T19:58:54.054071Z  INFO falcon_algebraic:prove:falcon_algebraic:bitz:falcon_bridge:wfbitz_forest:spartan:grinding{bits=14}: bitz::piop::spartan::grinding: close time.busy=205µs time.idle=110ns
2026-10-07T19:58:54.054144Z  INFO falcon_algebraic:prove:falcon_algebraic:bitz:falcon_bridge:wfbitz_forest:spartan:grinding{bits=14}: bitz::piop::spartan::grinding: close time.busy=70.2µs time.idle=111ns
2026-10-07T19:58:54.054178Z  INFO falcon_algebraic:prove:falcon_algebraic:bitz:falcon_bridge:wfbitz_forest:spartan:grinding{bits=14}: bitz::piop::spartan::grinding: close time.busy=30.5µs time.idle=100ns
2026-10-07T19:58:54.054185Z  INFO falcon_algebraic:prove:falcon_algebraic:bitz:falcon_bridge:wfbitz_forest:spartan:grinding{bits=14}: bitz::piop::spartan::grinding: close time.busy=4.17µs time.idle=110ns
2026-10-07T19:58:54.054194Z  INFO falcon_algebraic:prove:falcon_algebraic:bitz:falcon_bridge:wfbitz_forest:spartan:grinding{bits=14}: bitz::piop::spartan::grinding: close time.busy=5.39µs time.idle=111ns
2026-10-07T19:58:54.054284Z  INFO falcon_algebraic:prove:falcon_algebraic:bitz:falcon_bridge:wfbitz_forest:spartan:grinding{bits=14}: bitz::piop::spartan::grinding: close time.busy=87.2µs time.idle=111ns
2026-10-07T19:58:54.054323Z  INFO falcon_algebraic:prove:falcon_algebraic:bitz:falcon_bridge:wfbitz_forest:spartan:grinding{bits=14}: bitz::piop::spartan::grinding: close time.busy=36.1µs time.idle=110ns
2026-10-07T19:58:54.054390Z  INFO falcon_algebraic:prove:falcon_algebraic:bitz:falcon_bridge:wfbitz_forest:spartan:grinding{bits=14}: bitz::piop::spartan::grinding: close time.busy=64.4µs time.idle=110ns
2026-10-07T19:58:54.054474Z  INFO falcon_algebraic:prove:falcon_algebraic:bitz:falcon_bridge:wfbitz_forest:spartan:grinding{bits=14}: bitz::piop::spartan::grinding: close time.busy=65.6µs time.idle=110ns
2026-10-07T19:58:54.054537Z  INFO falcon_algebraic:prove:falcon_algebraic:bitz:falcon_bridge:wfbitz_forest:spartan:grinding{bits=14}: bitz::piop::spartan::grinding: close time.busy=54.1µs time.idle=110ns
2026-10-07T19:58:54.054607Z  INFO falcon_algebraic:prove:falcon_algebraic:bitz:falcon_bridge:wfbitz_forest:spartan:grinding{bits=14}: bitz::piop::spartan::grinding: close time.busy=61.2µs time.idle=110ns
2026-10-07T19:58:54.054749Z  INFO falcon_algebraic:prove:falcon_algebraic:bitz:falcon_bridge:wfbitz_forest:spartan:grinding{bits=14}: bitz::piop::spartan::grinding: close time.busy=137µs time.idle=110ns
2026-10-07T19:58:54.054793Z  INFO falcon_algebraic:prove:falcon_algebraic:bitz:falcon_bridge:wfbitz_forest:spartan:grinding{bits=14}: bitz::piop::spartan::grinding: close time.busy=39.3µs time.idle=100ns
2026-10-07T19:58:54.054800Z  INFO falcon_algebraic:prove:falcon_algebraic:bitz:falcon_bridge:wfbitz_forest:spartan:grinding{bits=14}: bitz::piop::spartan::grinding: close time.busy=4.13µs time.idle=110ns
2026-10-07T19:58:54.054869Z  INFO falcon_algebraic:prove:falcon_algebraic:bitz:falcon_bridge:wfbitz_forest:spartan:grinding{bits=14}: bitz::piop::spartan::grinding: close time.busy=64.3µs time.idle=110ns
2026-10-07T19:58:54.054894Z  INFO falcon_algebraic:prove:falcon_algebraic:bitz:falcon_bridge:wfbitz_forest:spartan:grinding{bits=14}: bitz::piop::spartan::grinding: close time.busy=22.4µs time.idle=120ns
2026-10-07T19:58:54.054908Z  INFO falcon_algebraic:prove:falcon_algebraic:bitz:falcon_bridge:wfbitz_forest:spartan:grinding{bits=14}: bitz::piop::spartan::grinding: close time.busy=11.1µs time.idle=110ns
2026-10-07T19:58:54.054936Z  INFO falcon_algebraic:prove:falcon_algebraic:bitz:falcon_bridge:wfbitz_forest:spartan:grinding{bits=14}: bitz::piop::spartan::grinding: close time.busy=25.1µs time.idle=100ns
2026-10-07T19:58:54.054948Z  INFO falcon_algebraic:prove:falcon_algebraic:bitz:falcon_bridge:wfbitz_forest:spartan:grinding{bits=14}: bitz::piop::spartan::grinding: close time.busy=9.42µs time.idle=110ns
2026-10-07T19:58:54.054967Z  INFO falcon_algebraic:prove:falcon_algebraic:bitz:falcon_bridge:wfbitz_forest:spartan:grinding{bits=14}: bitz::piop::spartan::grinding: close time.busy=16.1µs time.idle=110ns
2026-10-07T19:58:54.055022Z  INFO falcon_algebraic:prove:falcon_algebraic:bitz:falcon_bridge:wfbitz_forest:spartan:grinding{bits=14}: bitz::piop::spartan::grinding: close time.busy=52.4µs time.idle=120ns
2026-10-07T19:58:54.055076Z  INFO falcon_algebraic:prove:falcon_algebraic:bitz:falcon_bridge:wfbitz_forest:spartan:grinding{bits=14}: bitz::piop::spartan::grinding: close time.busy=51.6µs time.idle=110ns
2026-10-07T19:58:54.055200Z  INFO falcon_algebraic:prove:falcon_algebraic:bitz:falcon_bridge:wfbitz_forest:spartan:grinding{bits=14}: bitz::piop::spartan::grinding: close time.busy=99.8µs time.idle=110ns
2026-10-07T19:58:54.055229Z  INFO falcon_algebraic:prove:falcon_algebraic:bitz:falcon_bridge:wfbitz_forest:spartan:grinding{bits=14}: bitz::piop::spartan::grinding: close time.busy=7.36µs time.idle=110ns
2026-10-07T19:58:54.055260Z  INFO falcon_algebraic:prove:falcon_algebraic:bitz:falcon_bridge:wfbitz_forest:spartan:grinding{bits=14}: bitz::piop::spartan::grinding: close time.busy=23.1µs time.idle=100ns
2026-10-07T19:58:54.055286Z  INFO falcon_algebraic:prove:falcon_algebraic:bitz:falcon_bridge:wfbitz_forest:spartan:grinding{bits=14}: bitz::piop::spartan::grinding: close time.busy=9.88µs time.idle=100ns
2026-10-07T19:58:54.055374Z  INFO falcon_algebraic:prove:falcon_algebraic:bitz:falcon_bridge:wfbitz_forest:spartan:grinding{bits=14}: bitz::piop::spartan::grinding: close time.busy=82.6µs time.idle=100ns
2026-10-07T19:58:54.055429Z  INFO falcon_algebraic:prove:falcon_algebraic:bitz:falcon_bridge:wfbitz_forest:spartan:grinding{bits=14}: bitz::piop::spartan::grinding: close time.busy=50.5µs time.idle=100ns
2026-10-07T19:58:54.055439Z  INFO falcon_algebraic:prove:falcon_algebraic:bitz:falcon_bridge:wfbitz_forest:spartan:grinding{bits=14}: bitz::piop::spartan::grinding: close time.busy=6.17µs time.idle=121ns
2026-10-07T19:58:54.055508Z  INFO falcon_algebraic:prove:falcon_algebraic:bitz:falcon_bridge:wfbitz_forest:spartan:grinding{bits=14}: bitz::piop::spartan::grinding: close time.busy=65.9µs time.idle=90.0ns
2026-10-07T19:58:54.055597Z  INFO falcon_algebraic:prove:falcon_algebraic:bitz:falcon_bridge:wfbitz_forest:spartan:grinding{bits=14}: bitz::piop::spartan::grinding: close time.busy=85.8µs time.idle=110ns
2026-10-07T19:58:54.055608Z  INFO falcon_algebraic:prove:falcon_algebraic:bitz:falcon_bridge:wfbitz_forest:spartan:grinding{bits=14}: bitz::piop::spartan::grinding: close time.busy=7.91µs time.idle=110ns
2026-10-07T19:58:54.055646Z  INFO falcon_algebraic:prove:falcon_algebraic:bitz:falcon_bridge:wfbitz_forest:spartan:grinding{bits=14}: bitz::piop::spartan::grinding: close time.busy=35.6µs time.idle=110ns
2026-10-07T19:58:54.055697Z  INFO falcon_algebraic:prove:falcon_algebraic:bitz:falcon_bridge:wfbitz_forest:spartan:grinding{bits=14}: bitz::piop::spartan::grinding: close time.busy=47.5µs time.idle=110ns
2026-10-07T19:58:54.055748Z  INFO falcon_algebraic:prove:falcon_algebraic:bitz:falcon_bridge:wfbitz_forest:spartan:grinding{bits=14}: bitz::piop::spartan::grinding: close time.busy=47.3µs time.idle=110ns
2026-10-07T19:58:54.055761Z  INFO falcon_algebraic:prove:falcon_algebraic:bitz:falcon_bridge:wfbitz_forest:spartan:grinding{bits=14}: bitz::piop::spartan::grinding: close time.busy=10.1µs time.idle=100ns
2026-10-07T19:58:54.055784Z  INFO falcon_algebraic:prove:falcon_algebraic:bitz:falcon_bridge:wfbitz_forest:spartan:grinding{bits=14}: bitz::piop::spartan::grinding: close time.busy=20.8µs time.idle=111ns
2026-10-07T19:58:54.055985Z  INFO falcon_algebraic:prove:falcon_algebraic:bitz:falcon_bridge:wfbitz_forest:spartan:grinding{bits=14}: bitz::piop::spartan::grinding: close time.busy=163µs time.idle=110ns
2026-10-07T19:58:54.056032Z  INFO falcon_algebraic:prove:falcon_algebraic:bitz:falcon_bridge:wfbitz_forest:spartan:grinding{bits=14}: bitz::piop::spartan::grinding: close time.busy=11.1µs time.idle=110ns
2026-10-07T19:58:54.056120Z  INFO falcon_algebraic:prove:falcon_algebraic:bitz:falcon_bridge:wfbitz_forest:spartan:grinding{bits=14}: bitz::piop::spartan::grinding: close time.busy=68.7µs time.idle=100ns
2026-10-07T19:58:54.056146Z  INFO falcon_algebraic:prove:falcon_algebraic:bitz:falcon_bridge:wfbitz_forest:spartan:grinding{bits=14}: bitz::piop::spartan::grinding: close time.busy=18.2µs time.idle=110ns
2026-10-07T19:58:54.056271Z  INFO falcon_algebraic:prove:falcon_algebraic:bitz:falcon_bridge:wfbitz_forest:spartan:grinding{bits=14}: bitz::piop::spartan::grinding: close time.busy=109µs time.idle=100ns
2026-10-07T19:58:54.056293Z  INFO falcon_algebraic:prove:falcon_algebraic:bitz:falcon_bridge:wfbitz_forest:spartan:grinding{bits=14}: bitz::piop::spartan::grinding: close time.busy=15.3µs time.idle=110ns
2026-10-07T19:58:54.056311Z  INFO falcon_algebraic:prove:falcon_algebraic:bitz:falcon_bridge:wfbitz_forest:spartan:grinding{bits=14}: bitz::piop::spartan::grinding: close time.busy=14.4µs time.idle=121ns
2026-10-07T19:58:54.056397Z  INFO falcon_algebraic:prove:falcon_algebraic:bitz:falcon_bridge:wfbitz_forest:spartan:grinding{bits=14}: bitz::piop::spartan::grinding: close time.busy=82.7µs time.idle=110ns
2026-10-07T19:58:54.056453Z  INFO falcon_algebraic:prove:falcon_algebraic:bitz:falcon_bridge:wfbitz_forest:spartan:grinding{bits=14}: bitz::piop::spartan::grinding: close time.busy=52.4µs time.idle=120ns
2026-10-07T19:58:54.056494Z  INFO falcon_algebraic:prove:falcon_algebraic:bitz:falcon_bridge:wfbitz_forest:spartan:grinding{bits=14}: bitz::piop::spartan::grinding: close time.busy=37.9µs time.idle=110ns
2026-10-07T19:58:54.056529Z  INFO falcon_algebraic:prove:falcon_algebraic:bitz:falcon_bridge:wfbitz_forest:spartan:grinding{bits=14}: bitz::piop::spartan::grinding: close time.busy=32.1µs time.idle=100ns
2026-10-07T19:58:54.056540Z  INFO falcon_algebraic:prove:falcon_algebraic:bitz:falcon_bridge:wfbitz_forest:spartan:grinding{bits=14}: bitz::piop::spartan::grinding: close time.busy=8.07µs time.idle=110ns
2026-10-07T19:58:54.056571Z  INFO falcon_algebraic:prove:falcon_algebraic:bitz:falcon_bridge:wfbitz_forest:spartan:grinding{bits=14}: bitz::piop::spartan::grinding: close time.busy=27.8µs time.idle=110ns
2026-10-07T19:58:54.056728Z  INFO falcon_algebraic:prove:falcon_algebraic:bitz:falcon_bridge:wfbitz_forest:spartan:grinding{bits=14}: bitz::piop::spartan::grinding: close time.busy=154µs time.idle=160ns
2026-10-07T19:58:54.056752Z  INFO falcon_algebraic:prove:falcon_algebraic:bitz:falcon_bridge:wfbitz_forest:spartan:grinding{bits=14}: bitz::piop::spartan::grinding: close time.busy=21.1µs time.idle=110ns
2026-10-07T19:58:54.056821Z  INFO falcon_algebraic:prove:falcon_algebraic:bitz:falcon_bridge:wfbitz_forest:spartan:grinding{bits=14}: bitz::piop::spartan::grinding: close time.busy=66.9µs time.idle=101ns
2026-10-07T19:58:54.056909Z  INFO falcon_algebraic:prove:falcon_algebraic:bitz:falcon_bridge:wfbitz_forest:spartan:grinding{bits=14}: bitz::piop::spartan::grinding: close time.busy=25.2µs time.idle=110ns
2026-10-07T19:58:54.056981Z  INFO falcon_algebraic:prove:falcon_algebraic:bitz:falcon_bridge:wfbitz_forest:spartan:grinding{bits=14}: bitz::piop::spartan::grinding: close time.busy=4.27µs time.idle=120ns
2026-10-07T19:58:54.057019Z  INFO falcon_algebraic:prove:falcon_algebraic:bitz:falcon_bridge:wfbitz_forest:spartan:grinding{bits=14}: bitz::piop::spartan::grinding: close time.busy=10.4µs time.idle=110ns
2026-10-07T19:58:54.057164Z  INFO falcon_algebraic:prove:falcon_algebraic:bitz:falcon_bridge:wfbitz_forest:spartan:grinding{bits=14}: bitz::piop::spartan::grinding: close time.busy=128µs time.idle=110ns
2026-10-07T19:58:54.057192Z  INFO falcon_algebraic:prove:falcon_algebraic:bitz:falcon_bridge:wfbitz_forest:spartan:grinding{bits=14}: bitz::piop::spartan::grinding: close time.busy=19.4µs time.idle=110ns
2026-10-07T19:58:54.057224Z  INFO falcon_algebraic:prove:falcon_algebraic:bitz:falcon_bridge:wfbitz_forest:spartan:grinding{bits=14}: bitz::piop::spartan::grinding: close time.busy=16.3µs time.idle=122ns
2026-10-07T19:58:54.057251Z  INFO falcon_algebraic:prove:falcon_algebraic:bitz:falcon_bridge:wfbitz_forest:spartan:grinding{bits=14}: bitz::piop::spartan::grinding: close time.busy=20.4µs time.idle=120ns
2026-10-07T19:58:54.057339Z  INFO falcon_algebraic:prove:falcon_algebraic:bitz:falcon_bridge:wfbitz_forest:spartan:grinding{bits=14}: bitz::piop::spartan::grinding: close time.busy=83.6µs time.idle=110ns
2026-10-07T19:58:54.057436Z  INFO falcon_algebraic:prove:falcon_algebraic:bitz:falcon_bridge:wfbitz_forest:spartan:grinding{bits=14}: bitz::piop::spartan::grinding: close time.busy=92.8µs time.idle=110ns
2026-10-07T19:58:54.057516Z  INFO falcon_algebraic:prove:falcon_algebraic:bitz:falcon_bridge:wfbitz_forest:spartan:grinding{bits=14}: bitz::piop::spartan::grinding: close time.busy=76.3µs time.idle=111ns
2026-10-07T19:58:54.057719Z  INFO falcon_algebraic:prove:falcon_algebraic:bitz:falcon_bridge:wfbitz_forest:spartan:grinding{bits=14}: bitz::piop::spartan::grinding: close time.busy=199µs time.idle=130ns
2026-10-07T19:58:54.057768Z  INFO falcon_algebraic:prove:falcon_algebraic:bitz:falcon_bridge:wfbitz_forest:spartan:grinding{bits=14}: bitz::piop::spartan::grinding: close time.busy=46.7µs time.idle=110ns
2026-10-07T19:58:54.057870Z  INFO falcon_algebraic:prove:falcon_algebraic:bitz:falcon_bridge:wfbitz_forest:spartan:grinding{bits=14}: bitz::piop::spartan::grinding: close time.busy=99.6µs time.idle=110ns
2026-10-07T19:58:54.057928Z  INFO falcon_algebraic:prove:falcon_algebraic:bitz:falcon_bridge:wfbitz_forest:spartan:grinding{bits=14}: bitz::piop::spartan::grinding: close time.busy=56.3µs time.idle=110ns
2026-10-07T19:58:54.057955Z  INFO falcon_algebraic:prove:falcon_algebraic:bitz:falcon_bridge:wfbitz_forest:spartan:grinding{bits=14}: bitz::piop::spartan::grinding: close time.busy=24.7µs time.idle=110ns
2026-10-07T19:58:54.057995Z  INFO falcon_algebraic:prove:falcon_algebraic:bitz:falcon_bridge:wfbitz_forest:spartan:grinding{bits=14}: bitz::piop::spartan::grinding: close time.busy=36.7µs time.idle=110ns
2026-10-07T19:58:54.058027Z  INFO falcon_algebraic:prove:falcon_algebraic:bitz:falcon_bridge:wfbitz_forest:spartan:grinding{bits=14}: bitz::piop::spartan::grinding: close time.busy=30.6µs time.idle=110ns
2026-10-07T19:58:54.058188Z  INFO falcon_algebraic:prove:falcon_algebraic:bitz:falcon_bridge:wfbitz_forest:spartan:grinding{bits=14}: bitz::piop::spartan::grinding: close time.busy=47.5µs time.idle=112ns
2026-10-07T19:58:54.058350Z  INFO falcon_algebraic:prove:falcon_algebraic:bitz:falcon_bridge:wfbitz_forest:spartan:grinding{bits=14}: bitz::piop::spartan::grinding: close time.busy=36.7µs time.idle=110ns
2026-10-07T19:58:54.058536Z  INFO falcon_algebraic:prove:falcon_algebraic:bitz:falcon_bridge:wfbitz_forest:spartan:grinding{bits=14}: bitz::piop::spartan::grinding: close time.busy=136µs time.idle=110ns
2026-10-07T19:58:54.058695Z  INFO falcon_algebraic:prove:falcon_algebraic:bitz:falcon_bridge:wfbitz_forest:spartan:grinding{bits=14}: bitz::piop::spartan::grinding: close time.busy=131µs time.idle=120ns
2026-10-07T19:58:54.058846Z  INFO falcon_algebraic:prove:falcon_algebraic:bitz:falcon_bridge:wfbitz_forest:spartan:grinding{bits=14}: bitz::piop::spartan::grinding: close time.busy=134µs time.idle=110ns
2026-10-07T19:58:54.058970Z  INFO falcon_algebraic:prove:falcon_algebraic:bitz:falcon_bridge:wfbitz_forest:spartan:grinding{bits=14}: bitz::piop::spartan::grinding: close time.busy=116µs time.idle=100ns
2026-10-07T19:58:54.059023Z  INFO falcon_algebraic:prove:falcon_algebraic:bitz:falcon_bridge:wfbitz_forest:spartan:grinding{bits=14}: bitz::piop::spartan::grinding: close time.busy=36.9µs time.idle=111ns
2026-10-07T19:58:54.059088Z  INFO falcon_algebraic:prove:falcon_algebraic:bitz:falcon_bridge:wfbitz_forest:spartan:grinding{bits=14}: bitz::piop::spartan::grinding: close time.busy=60.0µs time.idle=120ns
2026-10-07T19:58:54.059110Z  INFO falcon_algebraic:prove:falcon_algebraic:bitz:falcon_bridge:wfbitz_forest:spartan:grinding{bits=14}: bitz::piop::spartan::grinding: close time.busy=17.9µs time.idle=110ns
2026-10-07T19:58:54.059178Z  INFO falcon_algebraic:prove:falcon_algebraic:bitz:falcon_bridge:wfbitz_forest:spartan:grinding{bits=14}: bitz::piop::spartan::grinding: close time.busy=64.0µs time.idle=141ns
2026-10-07T19:58:54.059188Z  INFO falcon_algebraic:prove:falcon_algebraic:bitz:falcon_bridge:wfbitz_forest:spartan:grinding{bits=14}: bitz::piop::spartan::grinding: close time.busy=7.75µs time.idle=110ns
2026-10-07T19:58:54.059216Z  INFO falcon_algebraic:prove:falcon_algebraic:bitz:falcon_bridge:wfbitz_forest:spartan:grinding{bits=14}: bitz::piop::spartan::grinding: close time.busy=24.8µs time.idle=131ns
2026-10-07T19:58:54.059283Z  INFO falcon_algebraic:prove:falcon_algebraic:bitz:falcon_bridge:wfbitz_forest:spartan:grinding{bits=14}: bitz::piop::spartan::grinding: close time.busy=64.1µs time.idle=110ns
2026-10-07T19:58:54.059302Z  INFO falcon_algebraic:prove:falcon_algebraic:bitz:falcon_bridge:wfbitz_forest:spartan:grinding{bits=14}: bitz::piop::spartan::grinding: close time.busy=16.5µs time.idle=110ns
2026-10-07T19:58:54.059328Z  INFO falcon_algebraic:prove:falcon_algebraic:bitz:falcon_bridge:wfbitz_forest:spartan:grinding{bits=14}: bitz::piop::spartan::grinding: close time.busy=23.2µs time.idle=110ns
2026-10-07T19:58:54.059470Z  INFO falcon_algebraic:prove:falcon_algebraic:bitz:falcon_bridge:wfbitz_forest:spartan:grinding{bits=14}: bitz::piop::spartan::grinding: close time.busy=139µs time.idle=110ns
2026-10-07T19:58:54.059490Z  INFO falcon_algebraic:prove:falcon_algebraic:bitz:falcon_bridge:wfbitz_forest:spartan:grinding{bits=14}: bitz::piop::spartan::grinding: close time.busy=17.0µs time.idle=110ns
2026-10-07T19:58:54.059539Z  INFO falcon_algebraic:prove:falcon_algebraic:bitz:falcon_bridge:wfbitz_forest:spartan:grinding{bits=14}: bitz::piop::spartan::grinding: close time.busy=47.0µs time.idle=110ns
2026-10-07T19:58:54.059778Z  INFO falcon_algebraic:prove:falcon_algebraic:bitz:falcon_bridge:wfbitz_forest:spartan:grinding{bits=14}: bitz::piop::spartan::grinding: close time.busy=23.3µs time.idle=110ns
2026-10-07T19:58:54.060087Z  INFO falcon_algebraic:prove:falcon_algebraic:bitz:falcon_bridge:wfbitz_forest:spartan:grinding{bits=14}: bitz::piop::spartan::grinding: close time.busy=67.4µs time.idle=131ns
2026-10-07T19:58:54.060284Z  INFO falcon_algebraic:prove:falcon_algebraic:bitz:falcon_bridge:wfbitz_forest:spartan:grinding{bits=14}: bitz::piop::spartan::grinding: close time.busy=102µs time.idle=120ns
2026-10-07T19:58:54.060359Z  INFO falcon_algebraic:prove:falcon_algebraic:bitz:falcon_bridge:wfbitz_forest:spartan:grinding{bits=14}: bitz::piop::spartan::grinding: close time.busy=24.4µs time.idle=110ns
2026-10-07T19:58:54.060433Z  INFO falcon_algebraic:prove:falcon_algebraic:bitz:falcon_bridge:wfbitz_forest:spartan:grinding{bits=14}: bitz::piop::spartan::grinding: close time.busy=45.1µs time.idle=110ns
2026-10-07T19:58:54.060543Z  INFO falcon_algebraic:prove:falcon_algebraic:bitz:falcon_bridge:wfbitz_forest:spartan:grinding{bits=14}: bitz::piop::spartan::grinding: close time.busy=93.4µs time.idle=110ns
2026-10-07T19:58:54.060570Z  INFO falcon_algebraic:prove:falcon_algebraic:bitz:falcon_bridge:wfbitz_forest:spartan:grinding{bits=14}: bitz::piop::spartan::grinding: close time.busy=18.4µs time.idle=100ns
2026-10-07T19:58:54.060608Z  INFO falcon_algebraic:prove:falcon_algebraic:bitz:falcon_bridge:wfbitz_forest:spartan:grinding{bits=14}: bitz::piop::spartan::grinding: close time.busy=22.1µs time.idle=122ns
2026-10-07T19:58:54.060661Z  INFO falcon_algebraic:prove:falcon_algebraic:bitz:falcon_bridge:wfbitz_forest:spartan:grinding{bits=14}: bitz::piop::spartan::grinding: close time.busy=47.9µs time.idle=111ns
2026-10-07T19:58:54.060708Z  INFO falcon_algebraic:prove:falcon_algebraic:bitz:falcon_bridge:wfbitz_forest:spartan:grinding{bits=14}: bitz::piop::spartan::grinding: close time.busy=42.5µs time.idle=110ns
2026-10-07T19:58:54.060814Z  INFO falcon_algebraic:prove:falcon_algebraic:bitz:falcon_bridge:wfbitz_forest:spartan:grinding{bits=14}: bitz::piop::spartan::grinding: close time.busy=103µs time.idle=110ns
2026-10-07T19:58:54.060882Z  INFO falcon_algebraic:prove:falcon_algebraic:bitz:falcon_bridge:wfbitz_forest:spartan:grinding{bits=14}: bitz::piop::spartan::grinding: close time.busy=64.4µs time.idle=120ns
2026-10-07T19:58:54.060908Z  INFO falcon_algebraic:prove:falcon_algebraic:bitz:falcon_bridge:wfbitz_forest:spartan:grinding{bits=14}: bitz::piop::spartan::grinding: close time.busy=23.9µs time.idle=110ns
2026-10-07T19:58:54.061117Z  INFO falcon_algebraic:prove:falcon_algebraic:bitz:falcon_bridge:wfbitz_forest:spartan:grinding{bits=14}: bitz::piop::spartan::grinding: close time.busy=206µs time.idle=110ns
2026-10-07T19:58:54.061143Z  INFO falcon_algebraic:prove:falcon_algebraic:bitz:falcon_bridge:wfbitz_forest:spartan:grinding{bits=14}: bitz::piop::spartan::grinding: close time.busy=22.8µs time.idle=111ns
2026-10-07T19:58:54.061152Z  INFO falcon_algebraic:prove:falcon_algebraic:bitz:falcon_bridge:wfbitz_forest:spartan:grinding{bits=14}: bitz::piop::spartan::grinding: close time.busy=6.22µs time.idle=100ns
2026-10-07T19:58:54.061225Z  INFO falcon_algebraic:prove:falcon_algebraic:bitz:falcon_bridge:wfbitz_forest:spartan:grinding{bits=14}: bitz::piop::spartan::grinding: close time.busy=70.3µs time.idle=110ns
2026-10-07T19:58:54.061258Z  INFO falcon_algebraic:prove:falcon_algebraic:bitz:falcon_bridge:wfbitz_forest:spartan:grinding{bits=14}: bitz::piop::spartan::grinding: close time.busy=29.8µs time.idle=120ns
2026-10-07T19:58:54.061373Z  INFO falcon_algebraic:prove:falcon_algebraic:bitz:falcon_bridge:wfbitz_forest:spartan:grinding{bits=14}: bitz::piop::spartan::grinding: close time.busy=112µs time.idle=111ns
2026-10-07T19:58:54.061822Z  INFO falcon_algebraic:prove:falcon_algebraic:bitz:falcon_bridge:wfbitz_forest:spartan:grinding{bits=14}: bitz::piop::spartan::grinding: close time.busy=31.1µs time.idle=110ns
2026-10-07T19:58:54.062444Z  INFO falcon_algebraic:prove:falcon_algebraic:bitz:falcon_bridge:wfbitz_forest:spartan:grinding{bits=14}: bitz::piop::spartan::grinding: close time.busy=142µs time.idle=120ns
2026-10-07T19:58:54.062799Z  INFO falcon_algebraic:prove:falcon_algebraic:bitz:falcon_bridge:wfbitz_forest:spartan:grinding{bits=14}: bitz::piop::spartan::grinding: close time.busy=170µs time.idle=120ns
2026-10-07T19:58:54.062965Z  INFO falcon_algebraic:prove:falcon_algebraic:bitz:falcon_bridge:wfbitz_forest:spartan:grinding{bits=14}: bitz::piop::spartan::grinding: close time.busy=69.4µs time.idle=120ns
2026-10-07T19:58:54.063076Z  INFO falcon_algebraic:prove:falcon_algebraic:bitz:falcon_bridge:wfbitz_forest:spartan:grinding{bits=14}: bitz::piop::spartan::grinding: close time.busy=60.5µs time.idle=121ns
2026-10-07T19:58:54.063141Z  INFO falcon_algebraic:prove:falcon_algebraic:bitz:falcon_bridge:wfbitz_forest:spartan:grinding{bits=14}: bitz::piop::spartan::grinding: close time.busy=37.2µs time.idle=110ns
2026-10-07T19:58:54.063225Z  INFO falcon_algebraic:prove:falcon_algebraic:bitz:falcon_bridge:wfbitz_forest:spartan:grinding{bits=14}: bitz::piop::spartan::grinding: close time.busy=66.3µs time.idle=110ns
2026-10-07T19:58:54.063294Z  INFO falcon_algebraic:prove:falcon_algebraic:bitz:falcon_bridge:wfbitz_forest:spartan:grinding{bits=14}: bitz::piop::spartan::grinding: close time.busy=59.0µs time.idle=110ns
2026-10-07T19:58:54.063469Z  INFO falcon_algebraic:prove:falcon_algebraic:bitz:falcon_bridge:wfbitz_forest:spartan:grinding{bits=14}: bitz::piop::spartan::grinding: close time.busy=160µs time.idle=110ns
2026-10-07T19:58:54.063537Z  INFO falcon_algebraic:prove:falcon_algebraic:bitz:falcon_bridge:wfbitz_forest:spartan:grinding{bits=14}: bitz::piop::spartan::grinding: close time.busy=61.8µs time.idle=100ns
2026-10-07T19:58:54.063563Z  INFO falcon_algebraic:prove:falcon_algebraic:bitz:falcon_bridge:wfbitz_forest:spartan:grinding{bits=14}: bitz::piop::spartan::grinding: close time.busy=21.2µs time.idle=110ns
2026-10-07T19:58:54.063600Z  INFO falcon_algebraic:prove:falcon_algebraic:bitz:falcon_bridge:wfbitz_forest:spartan:grinding{bits=14}: bitz::piop::spartan::grinding: close time.busy=33.4µs time.idle=110ns
2026-10-07T19:58:54.063647Z  INFO falcon_algebraic:prove:falcon_algebraic:bitz:falcon_bridge:wfbitz_forest:spartan:grinding{bits=14}: bitz::piop::spartan::grinding: close time.busy=43.5µs time.idle=110ns
2026-10-07T19:58:54.063707Z  INFO falcon_algebraic:prove:falcon_algebraic:bitz:falcon_bridge:wfbitz_forest:spartan:grinding{bits=14}: bitz::piop::spartan::grinding: close time.busy=57.2µs time.idle=110ns
2026-10-07T19:58:54.063811Z  INFO falcon_algebraic:prove:falcon_algebraic:bitz:falcon_bridge:wfbitz_forest:spartan:grinding{bits=14}: bitz::piop::spartan::grinding: close time.busy=101µs time.idle=110ns
2026-10-07T19:58:54.063845Z  INFO falcon_algebraic:prove:falcon_algebraic:bitz:falcon_bridge:wfbitz_forest:spartan:grinding{bits=14}: bitz::piop::spartan::grinding: close time.busy=31.8µs time.idle=111ns
2026-10-07T19:58:54.063884Z  INFO falcon_algebraic:prove:falcon_algebraic:bitz:falcon_bridge:wfbitz_forest:spartan:grinding{bits=14}: bitz::piop::spartan::grinding: close time.busy=35.8µs time.idle=110ns
2026-10-07T19:58:54.063927Z  INFO falcon_algebraic:prove:falcon_algebraic:bitz:falcon_bridge:wfbitz_forest:spartan:grinding{bits=14}: bitz::piop::spartan::grinding: close time.busy=40.4µs time.idle=120ns
2026-10-07T19:58:54.064011Z  INFO falcon_algebraic:prove:falcon_algebraic:bitz:falcon_bridge:wfbitz_forest:spartan:grinding{bits=14}: bitz::piop::spartan::grinding: close time.busy=81.8µs time.idle=120ns
2026-10-07T19:58:54.064043Z  INFO falcon_algebraic:prove:falcon_algebraic:bitz:falcon_bridge:wfbitz_forest:spartan:grinding{bits=14}: bitz::piop::spartan::grinding: close time.busy=29.4µs time.idle=111ns
2026-10-07T19:58:54.066730Z  INFO falcon_algebraic:prove:falcon_algebraic:bitz:falcon_bridge:wfbitz_forest:spartan:grinding{bits=14}: bitz::piop::spartan::grinding: close time.busy=45.0µs time.idle=120ns
2026-10-07T19:58:54.067788Z  INFO falcon_algebraic:prove:falcon_algebraic:bitz:falcon_bridge:wfbitz_forest:spartan:grinding{bits=14}: bitz::piop::spartan::grinding: close time.busy=107µs time.idle=130ns
2026-10-07T19:58:54.068183Z  INFO falcon_algebraic:prove:falcon_algebraic:bitz:falcon_bridge:wfbitz_forest:spartan:grinding{bits=14}: bitz::piop::spartan::grinding: close time.busy=33.6µs time.idle=121ns
2026-10-07T19:58:54.068442Z  INFO falcon_algebraic:prove:falcon_algebraic:bitz:falcon_bridge:wfbitz_forest:spartan:grinding{bits=14}: bitz::piop::spartan::grinding: close time.busy=72.1µs time.idle=131ns
2026-10-07T19:58:54.068552Z  INFO falcon_algebraic:prove:falcon_algebraic:bitz:falcon_bridge:wfbitz_forest:spartan:grinding{bits=14}: bitz::piop::spartan::grinding: close time.busy=13.9µs time.idle=121ns
2026-10-07T19:58:54.068642Z  INFO falcon_algebraic:prove:falcon_algebraic:bitz:falcon_bridge:wfbitz_forest:spartan:grinding{bits=14}: bitz::piop::spartan::grinding: close time.busy=38.5µs time.idle=120ns
2026-10-07T19:58:54.068757Z  INFO falcon_algebraic:prove:falcon_algebraic:bitz:falcon_bridge:wfbitz_forest:spartan:grinding{bits=14}: bitz::piop::spartan::grinding: close time.busy=87.1µs time.idle=110ns
2026-10-07T19:58:54.068861Z  INFO falcon_algebraic:prove:falcon_algebraic:bitz:falcon_bridge:wfbitz_forest:spartan:grinding{bits=14}: bitz::piop::spartan::grinding: close time.busy=85.5µs time.idle=180ns
2026-10-07T19:58:54.068923Z  INFO falcon_algebraic:prove:falcon_algebraic:bitz:falcon_bridge:wfbitz_forest:spartan:grinding{bits=14}: bitz::piop::spartan::grinding: close time.busy=54.8µs time.idle=120ns
2026-10-07T19:58:54.068944Z  INFO falcon_algebraic:prove:falcon_algebraic:bitz:falcon_bridge:wfbitz_forest:spartan:grinding{bits=14}: bitz::piop::spartan::grinding: close time.busy=4.94µs time.idle=110ns
2026-10-07T19:58:54.069126Z  INFO falcon_algebraic:prove:falcon_algebraic:bitz:falcon_bridge:wfbitz_forest:spartan:grinding{bits=14}: bitz::piop::spartan::grinding: close time.busy=176µs time.idle=110ns
2026-10-07T19:58:54.069159Z  INFO falcon_algebraic:prove:falcon_algebraic:bitz:falcon_bridge:wfbitz_forest:spartan:grinding{bits=14}: bitz::piop::spartan::grinding: close time.busy=28.5µs time.idle=111ns
2026-10-07T19:58:54.069298Z  INFO falcon_algebraic:prove:falcon_algebraic:bitz:falcon_bridge:wfbitz_forest:spartan:grinding{bits=14}: bitz::piop::spartan::grinding: close time.busy=135µs time.idle=110ns
2026-10-07T19:58:54.069350Z  INFO falcon_algebraic:prove:falcon_algebraic:bitz:falcon_bridge:wfbitz_forest:spartan:grinding{bits=14}: bitz::piop::spartan::grinding: close time.busy=48.3µs time.idle=121ns
2026-10-07T19:58:54.069407Z  INFO falcon_algebraic:prove:falcon_algebraic:bitz:falcon_bridge:wfbitz_forest:spartan:grinding{bits=14}: bitz::piop::spartan::grinding: close time.busy=53.7µs time.idle=111ns
2026-10-07T19:58:54.069459Z  INFO falcon_algebraic:prove:falcon_algebraic:bitz:falcon_bridge:wfbitz_forest:spartan:grinding{bits=14}: bitz::piop::spartan::grinding: close time.busy=48.6µs time.idle=110ns
2026-10-07T19:58:54.069483Z  INFO falcon_algebraic:prove:falcon_algebraic:bitz:falcon_bridge:wfbitz_forest:spartan:grinding{bits=14}: bitz::piop::spartan::grinding: close time.busy=21.4µs time.idle=111ns
2026-10-07T19:58:54.069575Z  INFO falcon_algebraic:prove:falcon_algebraic:bitz:falcon_bridge:wfbitz_forest:spartan:grinding{bits=14}: bitz::piop::spartan::grinding: close time.busy=89.3µs time.idle=110ns
2026-10-07T19:58:54.069694Z  INFO falcon_algebraic:prove:falcon_algebraic:bitz:falcon_bridge:wfbitz_forest:spartan:grinding{bits=14}: bitz::piop::spartan::grinding: close time.busy=116µs time.idle=121ns
2026-10-07T19:58:54.069738Z  INFO falcon_algebraic:prove:falcon_algebraic:bitz:falcon_bridge:wfbitz_forest:spartan:grinding{bits=14}: bitz::piop::spartan::grinding: close time.busy=40.1µs time.idle=110ns
2026-10-07T19:58:54.069761Z  INFO falcon_algebraic:prove:falcon_algebraic:bitz:falcon_bridge:wfbitz_forest:spartan:grinding{bits=14}: bitz::piop::spartan::grinding: close time.busy=20.3µs time.idle=110ns
2026-10-07T19:58:54.071804Z  INFO falcon_algebraic:prove:falcon_algebraic:bitz:falcon_bridge:wfbitz_forest:spartan:grinding{bits=14}: bitz::piop::spartan::grinding: close time.busy=67.6µs time.idle=120ns
2026-10-07T19:58:54.073724Z  INFO falcon_algebraic:prove:falcon_algebraic:bitz:falcon_bridge:wfbitz_forest:spartan:grinding{bits=14}: bitz::piop::spartan::grinding: close time.busy=92.6µs time.idle=130ns
2026-10-07T19:58:54.074432Z  INFO falcon_algebraic:prove:falcon_algebraic:bitz:falcon_bridge:wfbitz_forest:spartan:grinding{bits=14}: bitz::piop::spartan::grinding: close time.busy=31.9µs time.idle=130ns
2026-10-07T19:58:54.074798Z  INFO falcon_algebraic:prove:falcon_algebraic:bitz:falcon_bridge:wfbitz_forest:spartan:grinding{bits=14}: bitz::piop::spartan::grinding: close time.busy=27.9µs time.idle=131ns
2026-10-07T19:58:54.075019Z  INFO falcon_algebraic:prove:falcon_algebraic:bitz:falcon_bridge:wfbitz_forest:spartan:grinding{bits=14}: bitz::piop::spartan::grinding: close time.busy=46.2µs time.idle=130ns
2026-10-07T19:58:54.075133Z  INFO falcon_algebraic:prove:falcon_algebraic:bitz:falcon_bridge:wfbitz_forest:spartan:grinding{bits=14}: bitz::piop::spartan::grinding: close time.busy=20.7µs time.idle=120ns
2026-10-07T19:58:54.075196Z  INFO falcon_algebraic:prove:falcon_algebraic:bitz:falcon_bridge:wfbitz_forest:spartan:grinding{bits=14}: bitz::piop::spartan::grinding: close time.busy=11.8µs time.idle=140ns
2026-10-07T19:58:54.075230Z  INFO falcon_algebraic:prove:falcon_algebraic:bitz:falcon_bridge:wfbitz_forest:spartan:grinding{bits=14}: bitz::piop::spartan::grinding: close time.busy=5.11µs time.idle=130ns
2026-10-07T19:58:54.075339Z  INFO falcon_algebraic:prove:falcon_algebraic:bitz:falcon_bridge:wfbitz_forest:spartan:grinding{bits=14}: bitz::piop::spartan::grinding: close time.busy=91.2µs time.idle=100ns
2026-10-07T19:58:54.075370Z  INFO falcon_algebraic:prove:falcon_algebraic:bitz:falcon_bridge:wfbitz_forest:spartan:grinding{bits=14}: bitz::piop::spartan::grinding: close time.busy=23.3µs time.idle=110ns
2026-10-07T19:58:54.075419Z  INFO falcon_algebraic:prove:falcon_algebraic:bitz:falcon_bridge:wfbitz_forest:spartan:grinding{bits=14}: bitz::piop::spartan::grinding: close time.busy=33.3µs time.idle=110ns
2026-10-07T19:58:54.075437Z  INFO falcon_algebraic:prove:falcon_algebraic:bitz:falcon_bridge:wfbitz_forest:spartan:grinding{bits=14}: bitz::piop::spartan::grinding: close time.busy=12.0µs time.idle=120ns
2026-10-07T19:58:54.075454Z  INFO falcon_algebraic:prove:falcon_algebraic:bitz:falcon_bridge:wfbitz_forest:spartan:grinding{bits=14}: bitz::piop::spartan::grinding: close time.busy=12.7µs time.idle=110ns
2026-10-07T19:58:54.075592Z  INFO falcon_algebraic:prove:falcon_algebraic:bitz:falcon_bridge:wfbitz_forest:spartan:grinding{bits=14}: bitz::piop::spartan::grinding: close time.busy=134µs time.idle=110ns
2026-10-07T19:58:54.075690Z  INFO falcon_algebraic:prove:falcon_algebraic:bitz:falcon_bridge:wfbitz_forest:spartan:grinding{bits=14}: bitz::piop::spartan::grinding: close time.busy=94.2µs time.idle=110ns
2026-10-07T19:58:54.075751Z  INFO falcon_algebraic:prove:falcon_algebraic:bitz:falcon_bridge:wfbitz_forest:spartan:grinding{bits=14}: bitz::piop::spartan::grinding: close time.busy=57.9µs time.idle=120ns
2026-10-07T19:58:54.075845Z  INFO falcon_algebraic:prove:falcon_algebraic:bitz:falcon_bridge:wfbitz_forest:spartan:grinding{bits=14}: bitz::piop::spartan::grinding: close time.busy=91.1µs time.idle=90.0ns
2026-10-07T19:58:54.075890Z  INFO falcon_algebraic:prove:falcon_algebraic:bitz:falcon_bridge:wfbitz_forest:spartan:grinding{bits=14}: bitz::piop::spartan::grinding: close time.busy=42.1µs time.idle=110ns
2026-10-07T19:58:54.075922Z  INFO falcon_algebraic:prove:falcon_algebraic:bitz:falcon_bridge:wfbitz_forest:spartan:grinding{bits=14}: bitz::piop::spartan::grinding: close time.busy=29.3µs time.idle=110ns
2026-10-07T19:58:54.076052Z  INFO falcon_algebraic:prove:falcon_algebraic:bitz:falcon_bridge:wfbitz_forest:spartan:grinding{bits=14}: bitz::piop::spartan::grinding: close time.busy=127µs time.idle=120ns
2026-10-07T19:58:54.076133Z  INFO falcon_algebraic:prove:falcon_algebraic:bitz:falcon_bridge:wfbitz_forest:spartan:grinding{bits=14}: bitz::piop::spartan::grinding: close time.busy=77.9µs time.idle=111ns
2026-10-07T19:58:54.076163Z  INFO falcon_algebraic:prove:falcon_algebraic:bitz:falcon_bridge:wfbitz_forest:spartan:grinding{bits=14}: bitz::piop::spartan::grinding: close time.busy=27.5µs time.idle=110ns
2026-10-07T19:58:54.079359Z  INFO falcon_algebraic:prove:falcon_algebraic:bitz:falcon_bridge:wfbitz_forest:spartan:grinding{bits=14}: bitz::piop::spartan::grinding: close time.busy=29.8µs time.idle=120ns
2026-10-07T19:58:54.081789Z  INFO falcon_algebraic:prove:falcon_algebraic:bitz:falcon_bridge:wfbitz_forest:spartan:grinding{bits=14}: bitz::piop::spartan::grinding: close time.busy=16.4µs time.idle=140ns
2026-10-07T19:58:54.083696Z  INFO falcon_algebraic:prove:falcon_algebraic:bitz:falcon_bridge:wfbitz_forest:spartan:grinding{bits=14}: bitz::piop::spartan::grinding: close time.busy=89.8µs time.idle=130ns
2026-10-07T19:58:54.084414Z  INFO falcon_algebraic:prove:falcon_algebraic:bitz:falcon_bridge:wfbitz_forest:spartan:grinding{bits=14}: bitz::piop::spartan::grinding: close time.busy=40.0µs time.idle=130ns
2026-10-07T19:58:54.084832Z  INFO falcon_algebraic:prove:falcon_algebraic:bitz:falcon_bridge:wfbitz_forest:spartan:grinding{bits=14}: bitz::piop::spartan::grinding: close time.busy=75.5µs time.idle=130ns
2026-10-07T19:58:54.085012Z  INFO falcon_algebraic:prove:falcon_algebraic:bitz:falcon_bridge:wfbitz_forest:spartan:grinding{bits=14}: bitz::piop::spartan::grinding: close time.busy=5.72µs time.idle=130ns
2026-10-07T19:58:54.085128Z  INFO falcon_algebraic:prove:falcon_algebraic:bitz:falcon_bridge:wfbitz_forest:spartan:grinding{bits=14}: bitz::piop::spartan::grinding: close time.busy=21.9µs time.idle=130ns
2026-10-07T19:58:54.085210Z  INFO falcon_algebraic:prove:falcon_algebraic:bitz:falcon_bridge:wfbitz_forest:spartan:grinding{bits=14}: bitz::piop::spartan::grinding: close time.busy=32.1µs time.idle=130ns
2026-10-07T19:58:54.085243Z  INFO falcon_algebraic:prove:falcon_algebraic:bitz:falcon_bridge:wfbitz_forest:spartan:grinding{bits=14}: bitz::piop::spartan::grinding: close time.busy=4.37µs time.idle=131ns
2026-10-07T19:58:54.085280Z  INFO falcon_algebraic:prove:falcon_algebraic:bitz:falcon_bridge:wfbitz_forest:spartan:grinding{bits=14}: bitz::piop::spartan::grinding: close time.busy=20.0µs time.idle=120ns
2026-10-07T19:58:54.085315Z  INFO falcon_algebraic:prove:falcon_algebraic:bitz:falcon_bridge:wfbitz_forest:spartan:grinding{bits=14}: bitz::piop::spartan::grinding: close time.busy=27.2µs time.idle=110ns
2026-10-07T19:58:54.085380Z  INFO falcon_algebraic:prove:falcon_algebraic:bitz:falcon_bridge:wfbitz_forest:spartan:grinding{bits=14}: bitz::piop::spartan::grinding: close time.busy=49.1µs time.idle=110ns
2026-10-07T19:58:54.085500Z  INFO falcon_algebraic:prove:falcon_algebraic:bitz:falcon_bridge:wfbitz_forest:spartan:grinding{bits=14}: bitz::piop::spartan::grinding: close time.busy=114µs time.idle=110ns
2026-10-07T19:58:54.085531Z  INFO falcon_algebraic:prove:falcon_algebraic:bitz:falcon_bridge:wfbitz_forest:spartan:grinding{bits=14}: bitz::piop::spartan::grinding: close time.busy=27.4µs time.idle=110ns
2026-10-07T19:58:54.085597Z  INFO falcon_algebraic:prove:falcon_algebraic:bitz:falcon_bridge:wfbitz_forest:spartan:grinding{bits=14}: bitz::piop::spartan::grinding: close time.busy=62.4µs time.idle=110ns
2026-10-07T19:58:54.085719Z  INFO falcon_algebraic:prove:falcon_algebraic:bitz:falcon_bridge:wfbitz_forest:spartan:grinding{bits=14}: bitz::piop::spartan::grinding: close time.busy=119µs time.idle=110ns
2026-10-07T19:58:54.085752Z  INFO falcon_algebraic:prove:falcon_algebraic:bitz:falcon_bridge:wfbitz_forest:spartan:grinding{bits=14}: bitz::piop::spartan::grinding: close time.busy=29.9µs time.idle=90.0ns
2026-10-07T19:58:54.085779Z  INFO falcon_algebraic:prove:falcon_algebraic:bitz:falcon_bridge:wfbitz_forest:spartan:grinding{bits=14}: bitz::piop::spartan::grinding: close time.busy=23.8µs time.idle=110ns
2026-10-07T19:58:54.085997Z  INFO falcon_algebraic:prove:falcon_algebraic:bitz:falcon_bridge:wfbitz_forest:spartan:grinding{bits=14}: bitz::piop::spartan::grinding: close time.busy=216µs time.idle=111ns
2026-10-07T19:58:54.086050Z  INFO falcon_algebraic:prove:falcon_algebraic:bitz:falcon_bridge:wfbitz_forest:spartan:grinding{bits=14}: bitz::piop::spartan::grinding: close time.busy=50.3µs time.idle=110ns
2026-10-07T19:58:54.086148Z  INFO falcon_algebraic:prove:falcon_algebraic:bitz:falcon_bridge:wfbitz_forest:spartan:grinding{bits=14}: bitz::piop::spartan::grinding: close time.busy=95.0µs time.idle=122ns
2026-10-07T19:58:54.086177Z  INFO falcon_algebraic:prove:falcon_algebraic:bitz:falcon_bridge:wfbitz_forest:spartan:grinding{bits=14}: bitz::piop::spartan::grinding: close time.busy=26.0µs time.idle=120ns
2026-10-07T19:58:54.086323Z  INFO falcon_algebraic:prove:falcon_algebraic:bitz:falcon_bridge:wfbitz_forest:spartan:grinding{bits=14}: bitz::piop::spartan::grinding: close time.busy=144µs time.idle=110ns
2026-10-07T19:58:54.089808Z  INFO falcon_algebraic:prove:falcon_algebraic:bitz:falcon_bridge:wfbitz_forest:spartan:grinding{bits=14}: bitz::piop::spartan::grinding: close time.busy=78.4µs time.idle=120ns
2026-10-07T19:58:54.089832Z  INFO falcon_algebraic:prove:falcon_algebraic:bitz:falcon_bridge:wfbitz_forest:spartan:grinding{bits=14}: bitz::piop::spartan::grinding: close time.busy=19.6µs time.idle=110ns
2026-10-07T19:58:54.092292Z  INFO falcon_algebraic:prove:falcon_algebraic:bitz:falcon_bridge:wfbitz_forest:spartan:grinding{bits=14}: bitz::piop::spartan::grinding: close time.busy=65.0µs time.idle=130ns
2026-10-07T19:58:54.094141Z  INFO falcon_algebraic:prove:falcon_algebraic:bitz:falcon_bridge:wfbitz_forest:spartan:grinding{bits=14}: bitz::piop::spartan::grinding: close time.busy=27.8µs time.idle=160ns
2026-10-07T19:58:54.094902Z  INFO falcon_algebraic:prove:falcon_algebraic:bitz:falcon_bridge:wfbitz_forest:spartan:grinding{bits=14}: bitz::piop::spartan::grinding: close time.busy=85.4µs time.idle=130ns
2026-10-07T19:58:54.095347Z  INFO falcon_algebraic:prove:falcon_algebraic:bitz:falcon_bridge:wfbitz_forest:spartan:grinding{bits=14}: bitz::piop::spartan::grinding: close time.busy=104µs time.idle=130ns
2026-10-07T19:58:54.095565Z  INFO falcon_algebraic:prove:falcon_algebraic:bitz:falcon_bridge:wfbitz_forest:spartan:grinding{bits=14}: bitz::piop::spartan::grinding: close time.busy=43.9µs time.idle=121ns
2026-10-07T19:58:54.095692Z  INFO falcon_algebraic:prove:falcon_algebraic:bitz:falcon_bridge:wfbitz_forest:spartan:grinding{bits=14}: bitz::piop::spartan::grinding: close time.busy=35.2µs time.idle=130ns
2026-10-07T19:58:54.095747Z  INFO falcon_algebraic:prove:falcon_algebraic:bitz:falcon_bridge:wfbitz_forest:spartan:grinding{bits=14}: bitz::piop::spartan::grinding: close time.busy=4.96µs time.idle=130ns
2026-10-07T19:58:54.095887Z  INFO falcon_algebraic:prove:falcon_algebraic:bitz:falcon_bridge:wfbitz_forest:spartan:grinding{bits=14}: bitz::piop::spartan::grinding: close time.busy=111µs time.idle=121ns
2026-10-07T19:58:54.095972Z  INFO falcon_algebraic:prove:falcon_algebraic:bitz:falcon_bridge:wfbitz_forest:spartan:grinding{bits=14}: bitz::piop::spartan::grinding: close time.busy=67.6µs time.idle=110ns
2026-10-07T19:58:54.096062Z  INFO falcon_algebraic:prove:falcon_algebraic:bitz:falcon_bridge:wfbitz_forest:spartan:grinding{bits=14}: bitz::piop::spartan::grinding: close time.busy=81.1µs time.idle=120ns
2026-10-07T19:58:54.096118Z  INFO falcon_algebraic:prove:falcon_algebraic:bitz:falcon_bridge:wfbitz_forest:spartan:grinding{bits=14}: bitz::piop::spartan::grinding: close time.busy=39.8µs time.idle=111ns
2026-10-07T19:58:54.096134Z  INFO falcon_algebraic:prove:falcon_algebraic:bitz:falcon_bridge:wfbitz_forest:spartan:grinding{bits=14}: bitz::piop::spartan::grinding: close time.busy=11.1µs time.idle=100ns
2026-10-07T19:58:54.096182Z  INFO falcon_algebraic:prove:falcon_algebraic:bitz:falcon_bridge:wfbitz_forest:spartan:grinding{bits=14}: bitz::piop::spartan::grinding: close time.busy=43.5µs time.idle=110ns
2026-10-07T19:58:54.096233Z  INFO falcon_algebraic:prove:falcon_algebraic:bitz:falcon_bridge:wfbitz_forest:spartan:grinding{bits=14}: bitz::piop::spartan::grinding: close time.busy=47.7µs time.idle=110ns
2026-10-07T19:58:54.096351Z  INFO falcon_algebraic:prove:falcon_algebraic:bitz:falcon_bridge:wfbitz_forest:spartan:grinding{bits=14}: bitz::piop::spartan::grinding: close time.busy=114µs time.idle=101ns
2026-10-07T19:58:54.096374Z  INFO falcon_algebraic:prove:falcon_algebraic:bitz:falcon_bridge:wfbitz_forest:spartan:grinding{bits=14}: bitz::piop::spartan::grinding: close time.busy=20.7µs time.idle=111ns
2026-10-07T19:58:54.096410Z  INFO falcon_algebraic:prove:falcon_algebraic:bitz:falcon_bridge:wfbitz_forest:spartan:grinding{bits=14}: bitz::piop::spartan::grinding: close time.busy=32.4µs time.idle=121ns
2026-10-07T19:58:54.096458Z  INFO falcon_algebraic:prove:falcon_algebraic:bitz:falcon_bridge:wfbitz_forest:spartan:grinding{bits=14}: bitz::piop::spartan::grinding: close time.busy=45.4µs time.idle=110ns
2026-10-07T19:58:54.096550Z  INFO falcon_algebraic:prove:falcon_algebraic:bitz:falcon_bridge:wfbitz_forest:spartan:grinding{bits=14}: bitz::piop::spartan::grinding: close time.busy=88.9µs time.idle=110ns
2026-10-07T19:58:54.096576Z  INFO falcon_algebraic:prove:falcon_algebraic:bitz:falcon_bridge:wfbitz_forest:spartan:grinding{bits=14}: bitz::piop::spartan::grinding: close time.busy=22.1µs time.idle=111ns
2026-10-07T19:58:54.096639Z  INFO falcon_algebraic:prove:falcon_algebraic:bitz:falcon_bridge:wfbitz_forest:spartan:grinding{bits=14}: bitz::piop::spartan::grinding: close time.busy=61.0µs time.idle=110ns
2026-10-07T19:58:54.096647Z  INFO falcon_algebraic:prove:falcon_algebraic:bitz:falcon_bridge:wfbitz_forest:spartan:grinding{bits=14}: bitz::piop::spartan::grinding: close time.busy=4.75µs time.idle=110ns
2026-10-07T19:58:54.099585Z  INFO falcon_algebraic:prove:falcon_algebraic:bitz:falcon_bridge:wfbitz_forest:spartan:grinding{bits=14}: bitz::piop::spartan::grinding: close time.busy=23.2µs time.idle=120ns
2026-10-07T19:58:54.099637Z  INFO falcon_algebraic:prove:falcon_algebraic:bitz:falcon_bridge:wfbitz_forest:spartan:grinding{bits=14}: bitz::piop::spartan::grinding: close time.busy=48.4µs time.idle=110ns
2026-10-07T19:58:54.099662Z  INFO falcon_algebraic:prove:falcon_algebraic:bitz:falcon_bridge:wfbitz_forest:spartan:grinding{bits=14}: bitz::piop::spartan::grinding: close time.busy=21.7µs time.idle=110ns
2026-10-07T19:58:54.102165Z  INFO falcon_algebraic:prove:falcon_algebraic:bitz:falcon_bridge:wfbitz_forest:spartan:grinding{bits=14}: bitz::piop::spartan::grinding: close time.busy=15.9µs time.idle=120ns
2026-10-07T19:58:54.104054Z  INFO falcon_algebraic:prove:falcon_algebraic:bitz:falcon_bridge:wfbitz_forest:spartan:grinding{bits=14}: bitz::piop::spartan::grinding: close time.busy=63.2µs time.idle=130ns
2026-10-07T19:58:54.104757Z  INFO falcon_algebraic:prove:falcon_algebraic:bitz:falcon_bridge:wfbitz_forest:spartan:grinding{bits=14}: bitz::piop::spartan::grinding: close time.busy=28.5µs time.idle=120ns
2026-10-07T19:58:54.105131Z  INFO falcon_algebraic:prove:falcon_algebraic:bitz:falcon_bridge:wfbitz_forest:spartan:grinding{bits=14}: bitz::piop::spartan::grinding: close time.busy=31.6µs time.idle=130ns
2026-10-07T19:58:54.105315Z  INFO falcon_algebraic:prove:falcon_algebraic:bitz:falcon_bridge:wfbitz_forest:spartan:grinding{bits=14}: bitz::piop::spartan::grinding: close time.busy=9.21µs time.idle=130ns
2026-10-07T19:58:54.105450Z  INFO falcon_algebraic:prove:falcon_algebraic:bitz:falcon_bridge:wfbitz_forest:spartan:grinding{bits=14}: bitz::piop::spartan::grinding: close time.busy=42.8µs time.idle=121ns
2026-10-07T19:58:54.105587Z  INFO falcon_algebraic:prove:falcon_algebraic:bitz:falcon_bridge:wfbitz_forest:spartan:grinding{bits=14}: bitz::piop::spartan::grinding: close time.busy=87.3µs time.idle=120ns
2026-10-07T19:58:54.105710Z  INFO falcon_algebraic:prove:falcon_algebraic:bitz:falcon_bridge:wfbitz_forest:spartan:grinding{bits=14}: bitz::piop::spartan::grinding: close time.busy=93.7µs time.idle=130ns
2026-10-07T19:58:54.105743Z  INFO falcon_algebraic:prove:falcon_algebraic:bitz:falcon_bridge:wfbitz_forest:spartan:grinding{bits=14}: bitz::piop::spartan::grinding: close time.busy=15.7µs time.idle=110ns
2026-10-07T19:58:54.105815Z  INFO falcon_algebraic:prove:falcon_algebraic:bitz:falcon_bridge:wfbitz_forest:spartan:grinding{bits=14}: bitz::piop::spartan::grinding: close time.busy=64.2µs time.idle=120ns
2026-10-07T19:58:54.105842Z  INFO falcon_algebraic:prove:falcon_algebraic:bitz:falcon_bridge:wfbitz_forest:spartan:grinding{bits=14}: bitz::piop::spartan::grinding: close time.busy=10.4µs time.idle=120ns
2026-10-07T19:58:54.105872Z  INFO falcon_algebraic:prove:falcon_algebraic:bitz:falcon_bridge:wfbitz_forest:spartan:grinding{bits=14}: bitz::piop::spartan::grinding: close time.busy=23.7µs time.idle=111ns
2026-10-07T19:58:54.105917Z  INFO falcon_algebraic:prove:falcon_algebraic:bitz:falcon_bridge:wfbitz_forest:spartan:grinding{bits=14}: bitz::piop::spartan::grinding: close time.busy=40.2µs time.idle=110ns
2026-10-07T19:58:54.106042Z  INFO falcon_algebraic:prove:falcon_algebraic:bitz:falcon_bridge:wfbitz_forest:spartan:grinding{bits=14}: bitz::piop::spartan::grinding: close time.busy=121µs time.idle=110ns
2026-10-07T19:58:54.106078Z  INFO falcon_algebraic:prove:falcon_algebraic:bitz:falcon_bridge:wfbitz_forest:spartan:grinding{bits=14}: bitz::piop::spartan::grinding: close time.busy=30.5µs time.idle=120ns
2026-10-07T19:58:54.106183Z  INFO falcon_algebraic:prove:falcon_algebraic:bitz:falcon_bridge:wfbitz_forest:spartan:grinding{bits=14}: bitz::piop::spartan::grinding: close time.busy=102µs time.idle=100ns
2026-10-07T19:58:54.106233Z  INFO falcon_algebraic:prove:falcon_algebraic:bitz:falcon_bridge:wfbitz_forest:spartan:grinding{bits=14}: bitz::piop::spartan::grinding: close time.busy=47.2µs time.idle=120ns
2026-10-07T19:58:54.106249Z  INFO falcon_algebraic:prove:falcon_algebraic:bitz:falcon_bridge:wfbitz_forest:spartan:grinding{bits=14}: bitz::piop::spartan::grinding: close time.busy=13.2µs time.idle=111ns
2026-10-07T19:58:54.106299Z  INFO falcon_algebraic:prove:falcon_algebraic:bitz:falcon_bridge:wfbitz_forest:spartan:grinding{bits=14}: bitz::piop::spartan::grinding: close time.busy=47.5µs time.idle=120ns
2026-10-07T19:58:54.106417Z  INFO falcon_algebraic:prove:falcon_algebraic:bitz:falcon_bridge:wfbitz_forest:spartan:grinding{bits=14}: bitz::piop::spartan::grinding: close time.busy=115µs time.idle=110ns
2026-10-07T19:58:54.106467Z  INFO falcon_algebraic:prove:falcon_algebraic:bitz:falcon_bridge:wfbitz_forest:spartan:grinding{bits=14}: bitz::piop::spartan::grinding: close time.busy=46.9µs time.idle=111ns
2026-10-07T19:58:54.106509Z  INFO falcon_algebraic:prove:falcon_algebraic:bitz:falcon_bridge:wfbitz_forest:spartan:grinding{bits=14}: bitz::piop::spartan::grinding: close time.busy=39.6µs time.idle=101ns
2026-10-07T19:58:54.106959Z  INFO falcon_algebraic:prove:falcon_algebraic:bitz:falcon_bridge:wfbitz_forest: bitz::hybrid::integer_bridge: close time.busy=61.5ms time.idle=140ns
2026-10-07T19:58:54.107028Z  INFO falcon_algebraic:prove:falcon_algebraic:bitz: bitz::piop::spartan::falcon512_algebraic::protocol: close time.busy=65.7ms time.idle=152ns
2026-10-07T19:58:54.110468Z  INFO falcon_algebraic:prove:falcon_joint:packed_setup: bitz::hybrid::joint_sumcheck: close time.busy=3.44ms time.idle=160ns
2026-10-07T19:58:54.110522Z  INFO falcon_algebraic:prove:spartan:round_grinding_prove:spartan:grinding{bits=10}: bitz::piop::spartan::grinding: close time.busy=2.12µs time.idle=120ns
2026-10-07T19:58:54.110524Z  INFO falcon_algebraic:prove:spartan:round_grinding_prove: bitz::sumcheck::boundary: close time.busy=4.81µs time.idle=131ns
2026-10-07T19:58:54.110582Z  INFO falcon_algebraic:prove:spartan:round_grinding_prove:spartan:grinding{bits=10}: bitz::piop::spartan::grinding: close time.busy=351ns time.idle=120ns
2026-10-07T19:58:54.110584Z  INFO falcon_algebraic:prove:spartan:round_grinding_prove: bitz::sumcheck::boundary: close time.busy=2.69µs time.idle=121ns
2026-10-07T19:58:54.110642Z  INFO falcon_algebraic:prove:spartan:round_grinding_prove:spartan:grinding{bits=10}: bitz::piop::spartan::grinding: close time.busy=4.61µs time.idle=120ns
2026-10-07T19:58:54.110643Z  INFO falcon_algebraic:prove:spartan:round_grinding_prove: bitz::sumcheck::boundary: close time.busy=6.90µs time.idle=120ns
2026-10-07T19:58:54.110714Z  INFO falcon_algebraic:prove:spartan:round_grinding_prove:spartan:grinding{bits=10}: bitz::piop::spartan::grinding: close time.busy=19.2µs time.idle=111ns
2026-10-07T19:58:54.110715Z  INFO falcon_algebraic:prove:spartan:round_grinding_prove: bitz::sumcheck::boundary: close time.busy=21.3µs time.idle=120ns
2026-10-07T19:58:54.110770Z  INFO falcon_algebraic:prove:spartan:round_grinding_prove:spartan:grinding{bits=10}: bitz::piop::spartan::grinding: close time.busy=3.81µs time.idle=120ns
2026-10-07T19:58:54.110771Z  INFO falcon_algebraic:prove:spartan:round_grinding_prove: bitz::sumcheck::boundary: close time.busy=6.34µs time.idle=111ns
2026-10-07T19:58:54.110821Z  INFO falcon_algebraic:prove:spartan:round_grinding_prove:spartan:grinding{bits=10}: bitz::piop::spartan::grinding: close time.busy=400ns time.idle=121ns
2026-10-07T19:58:54.110822Z  INFO falcon_algebraic:prove:spartan:round_grinding_prove: bitz::sumcheck::boundary: close time.busy=2.58µs time.idle=100ns
2026-10-07T19:58:54.110876Z  INFO falcon_algebraic:prove:spartan:round_grinding_prove:spartan:grinding{bits=10}: bitz::piop::spartan::grinding: close time.busy=3.23µs time.idle=110ns
2026-10-07T19:58:54.110877Z  INFO falcon_algebraic:prove:spartan:round_grinding_prove: bitz::sumcheck::boundary: close time.busy=5.28µs time.idle=120ns
2026-10-07T19:58:54.112367Z  INFO falcon_algebraic:prove:falcon_joint:prepare: bitz::hybrid::joint_sumcheck: close time.busy=1.49ms time.idle=150ns
2026-10-07T19:58:54.112379Z  INFO falcon_algebraic:prove:spartan:round_grinding_prove:spartan:grinding{bits=10}: bitz::piop::spartan::grinding: close time.busy=8.91µs time.idle=110ns
2026-10-07T19:58:54.112380Z  INFO falcon_algebraic:prove:spartan:round_grinding_prove: bitz::sumcheck::boundary: close time.busy=11.1µs time.idle=131ns
2026-10-07T19:58:54.112746Z  INFO falcon_algebraic:prove:falcon_joint:compact: bitz::hybrid::joint_sumcheck: close time.busy=363µs time.idle=130ns
2026-10-07T19:58:54.112749Z  INFO falcon_algebraic:prove:spartan:round_grinding_prove:spartan:grinding{bits=10}: bitz::piop::spartan::grinding: close time.busy=692ns time.idle=110ns
2026-10-07T19:58:54.112751Z  INFO falcon_algebraic:prove:spartan:round_grinding_prove: bitz::sumcheck::boundary: close time.busy=3.11µs time.idle=150ns
2026-10-07T19:58:54.112902Z  INFO falcon_algebraic:prove:falcon_joint:compact: bitz::hybrid::joint_sumcheck: close time.busy=150µs time.idle=120ns
2026-10-07T19:58:54.112909Z  INFO falcon_algebraic:prove:spartan:round_grinding_prove:spartan:grinding{bits=10}: bitz::piop::spartan::grinding: close time.busy=3.58µs time.idle=130ns
2026-10-07T19:58:54.112910Z  INFO falcon_algebraic:prove:spartan:round_grinding_prove: bitz::sumcheck::boundary: close time.busy=5.79µs time.idle=110ns
2026-10-07T19:58:54.113000Z  INFO falcon_algebraic:prove:falcon_joint:compact: bitz::hybrid::joint_sumcheck: close time.busy=88.5µs time.idle=121ns
2026-10-07T19:58:54.113007Z  INFO falcon_algebraic:prove:spartan:round_grinding_prove:spartan:grinding{bits=10}: bitz::piop::spartan::grinding: close time.busy=4.36µs time.idle=170ns
2026-10-07T19:58:54.113009Z  INFO falcon_algebraic:prove:spartan:round_grinding_prove: bitz::sumcheck::boundary: close time.busy=6.68µs time.idle=111ns
2026-10-07T19:58:54.113087Z  INFO falcon_algebraic:prove:falcon_joint:compact: bitz::hybrid::joint_sumcheck: close time.busy=76.7µs time.idle=110ns
2026-10-07T19:58:54.113090Z  INFO falcon_algebraic:prove:spartan:round_grinding_prove:spartan:grinding{bits=10}: bitz::piop::spartan::grinding: close time.busy=341ns time.idle=120ns
2026-10-07T19:58:54.113091Z  INFO falcon_algebraic:prove:spartan:round_grinding_prove: bitz::sumcheck::boundary: close time.busy=2.58µs time.idle=110ns
2026-10-07T19:58:54.113109Z  INFO falcon_algebraic:prove:falcon_joint:dense: bitz::hybrid::joint_sumcheck: close time.busy=16.3µs time.idle=120ns
2026-10-07T19:58:54.113113Z  INFO falcon_algebraic:prove:spartan:round_grinding_prove:spartan:grinding{bits=10}: bitz::piop::spartan::grinding: close time.busy=1.46µs time.idle=120ns
2026-10-07T19:58:54.113114Z  INFO falcon_algebraic:prove:spartan:round_grinding_prove: bitz::sumcheck::boundary: close time.busy=3.53µs time.idle=110ns
2026-10-07T19:58:54.113125Z  INFO falcon_algebraic:prove:falcon_joint:dense: bitz::hybrid::joint_sumcheck: close time.busy=9.26µs time.idle=110ns
2026-10-07T19:58:54.113130Z  INFO falcon_algebraic:prove:spartan:round_grinding_prove:spartan:grinding{bits=10}: bitz::piop::spartan::grinding: close time.busy=2.69µs time.idle=110ns
2026-10-07T19:58:54.113131Z  INFO falcon_algebraic:prove:spartan:round_grinding_prove: bitz::sumcheck::boundary: close time.busy=4.87µs time.idle=100ns
2026-10-07T19:58:54.113139Z  INFO falcon_algebraic:prove:falcon_joint:dense: bitz::hybrid::joint_sumcheck: close time.busy=6.41µs time.idle=110ns
2026-10-07T19:58:54.113144Z  INFO falcon_algebraic:prove:spartan:round_grinding_prove:spartan:grinding{bits=10}: bitz::piop::spartan::grinding: close time.busy=2.87µs time.idle=110ns
2026-10-07T19:58:54.113146Z  INFO falcon_algebraic:prove:spartan:round_grinding_prove: bitz::sumcheck::boundary: close time.busy=5.65µs time.idle=100ns
2026-10-07T19:58:54.113149Z  INFO falcon_algebraic:prove:falcon_joint:dense: bitz::hybrid::joint_sumcheck: close time.busy=1.35µs time.idle=110ns
2026-10-07T19:58:54.113151Z  INFO falcon_algebraic:prove:spartan:round_grinding_prove:spartan:grinding{bits=10}: bitz::piop::spartan::grinding: close time.busy=341ns time.idle=110ns
2026-10-07T19:58:54.113153Z  INFO falcon_algebraic:prove:spartan:round_grinding_prove: bitz::sumcheck::boundary: close time.busy=2.54µs time.idle=100ns
2026-10-07T19:58:54.113155Z  INFO falcon_algebraic:prove:falcon_joint:dense: bitz::hybrid::joint_sumcheck: close time.busy=702ns time.idle=110ns
2026-10-07T19:58:54.113159Z  INFO falcon_algebraic:prove:spartan:round_grinding_prove:spartan:grinding{bits=10}: bitz::piop::spartan::grinding: close time.busy=1.15µs time.idle=111ns
2026-10-07T19:58:54.113160Z  INFO falcon_algebraic:prove:spartan:round_grinding_prove: bitz::sumcheck::boundary: close time.busy=3.40µs time.idle=110ns
2026-10-07T19:58:54.113162Z  INFO falcon_algebraic:prove:falcon_joint:dense: bitz::hybrid::joint_sumcheck: close time.busy=400ns time.idle=101ns
2026-10-07T19:58:54.113171Z  INFO falcon_algebraic:prove:spartan:round_grinding_prove:spartan:grinding{bits=10}: bitz::piop::spartan::grinding: close time.busy=6.59µs time.idle=111ns
2026-10-07T19:58:54.113172Z  INFO falcon_algebraic:prove:spartan:round_grinding_prove: bitz::sumcheck::boundary: close time.busy=8.84µs time.idle=111ns
2026-10-07T19:58:54.113173Z  INFO falcon_algebraic:prove:falcon_joint:dense: bitz::hybrid::joint_sumcheck: close time.busy=231ns time.idle=120ns
2026-10-07T19:58:54.113177Z  INFO falcon_algebraic:prove:spartan:round_grinding_prove:spartan:grinding{bits=10}: bitz::piop::spartan::grinding: close time.busy=1.70µs time.idle=110ns
2026-10-07T19:58:54.113178Z  INFO falcon_algebraic:prove:spartan:round_grinding_prove: bitz::sumcheck::boundary: close time.busy=3.70µs time.idle=100ns
2026-10-07T19:58:54.113180Z  INFO falcon_algebraic:prove:falcon_joint:dense: bitz::hybrid::joint_sumcheck: close time.busy=150ns time.idle=110ns
2026-10-07T19:58:54.113183Z  INFO falcon_algebraic:prove:spartan:round_grinding_prove:spartan:grinding{bits=10}: bitz::piop::spartan::grinding: close time.busy=1.16µs time.idle=110ns
2026-10-07T19:58:54.113184Z  INFO falcon_algebraic:prove:spartan:round_grinding_prove: bitz::sumcheck::boundary: close time.busy=3.13µs time.idle=100ns
2026-10-07T19:58:54.113186Z  INFO falcon_algebraic:prove:falcon_joint:dense: bitz::hybrid::joint_sumcheck: close time.busy=110ns time.idle=110ns
2026-10-07T19:58:54.113198Z  INFO falcon_algebraic:prove:spartan:round_grinding_prove:spartan:grinding{bits=10}: bitz::piop::spartan::grinding: close time.busy=9.50µs time.idle=110ns
2026-10-07T19:58:54.113199Z  INFO falcon_algebraic:prove:spartan:round_grinding_prove: bitz::sumcheck::boundary: close time.busy=11.6µs time.idle=102ns
2026-10-07T19:58:54.113200Z  INFO falcon_algebraic:prove:falcon_joint:dense: bitz::hybrid::joint_sumcheck: close time.busy=91.0ns time.idle=110ns
2026-10-07T19:58:54.113208Z  INFO falcon_algebraic:prove:spartan:round_grinding_prove:spartan:grinding{bits=10}: bitz::piop::spartan::grinding: close time.busy=5.80µs time.idle=110ns
2026-10-07T19:58:54.113209Z  INFO falcon_algebraic:prove:spartan:round_grinding_prove: bitz::sumcheck::boundary: close time.busy=7.80µs time.idle=100ns
2026-10-07T19:58:54.113211Z  INFO falcon_algebraic:prove:falcon_joint:dense: bitz::hybrid::joint_sumcheck: close time.busy=90.0ns time.idle=110ns
2026-10-07T19:58:54.113221Z  INFO falcon_algebraic:prove:spartan:round_grinding_prove:spartan:grinding{bits=10}: bitz::piop::spartan::grinding: close time.busy=7.88µs time.idle=110ns
2026-10-07T19:58:54.113223Z  INFO falcon_algebraic:prove:spartan:round_grinding_prove: bitz::sumcheck::boundary: close time.busy=9.99µs time.idle=112ns
2026-10-07T19:58:54.113225Z  INFO falcon_algebraic:prove:falcon_joint:dense: bitz::hybrid::joint_sumcheck: close time.busy=250ns time.idle=91.0ns
2026-10-07T19:58:54.113236Z  INFO falcon_algebraic:prove:spartan:round_grinding_prove:spartan:grinding{bits=10}: bitz::piop::spartan::grinding: close time.busy=8.80µs time.idle=111ns
2026-10-07T19:58:54.113237Z  INFO falcon_algebraic:prove:spartan:round_grinding_prove: bitz::sumcheck::boundary: close time.busy=11.0µs time.idle=120ns
2026-10-07T19:58:54.113239Z  INFO falcon_algebraic:prove:falcon_joint:dense: bitz::hybrid::joint_sumcheck: close time.busy=80.0ns time.idle=90.0ns
2026-10-07T19:58:54.113242Z  INFO falcon_algebraic:prove:spartan:round_grinding_prove:spartan:grinding{bits=10}: bitz::piop::spartan::grinding: close time.busy=1.10µs time.idle=110ns
2026-10-07T19:58:54.113243Z  INFO falcon_algebraic:prove:spartan:round_grinding_prove: bitz::sumcheck::boundary: close time.busy=3.18µs time.idle=110ns
2026-10-07T19:58:54.113245Z  INFO falcon_algebraic:prove:falcon_joint:dense: bitz::hybrid::joint_sumcheck: close time.busy=60.0ns time.idle=120ns
2026-10-07T19:58:54.116664Z  INFO falcon_algebraic:prove:falcon_algebraic:pcs:op:ring_switch:spartan:grinding{bits=12}: bitz::piop::spartan::grinding: close time.busy=11.2µs time.idle=130ns
2026-10-07T19:58:54.116677Z  INFO falcon_algebraic:prove:falcon_algebraic:pcs:op:ring_switch: bitz::hybrid::opening: close time.busy=3.43ms time.idle=130ns
2026-10-07T19:58:54.116687Z  INFO falcon_algebraic:prove:falcon_algebraic:pcs:op:extra_bases:spartan:grinding{bits=12}: bitz::piop::spartan::grinding: close time.busy=7.16µs time.idle=121ns
2026-10-07T19:58:54.120411Z  INFO falcon_algebraic:prove:falcon_algebraic:pcs:op:extra_bases:op:initial_messages: bitz::hybrid::opening::streamed: close time.busy=3.71ms time.idle=141ns
2026-10-07T19:58:54.120412Z  INFO falcon_algebraic:prove:falcon_algebraic:pcs:op:extra_bases: bitz::hybrid::opening: close time.busy=3.73ms time.idle=140ns
2026-10-07T19:58:54.120430Z  INFO falcon_algebraic:prove:falcon_algebraic:pcs:op:ligerito:lig:grind_pow{bits=20}:spartan:grinding{bits=12}: bitz::piop::spartan::grinding: close time.busy=11.2µs time.idle=140ns
2026-10-07T19:58:54.127040Z  INFO falcon_algebraic:prove:falcon_algebraic:pcs:op:ligerito:lig:grind_pow{bits=20 seed_lo=16375824786920364557 seed_hi=1983144282459121119 nonce=1785466}: bitz::ligerito_flock: close time.busy=6.62ms time.idle=130ns
2026-10-07T19:58:54.127053Z  INFO falcon_algebraic:prove:falcon_algebraic:pcs:op:ligerito:spartan:grinding{bits=12}: bitz::piop::spartan::grinding: close time.busy=9.71µs time.idle=121ns
2026-10-07T19:58:54.127094Z  INFO falcon_algebraic:prove:falcon_algebraic:pcs:op:ligerito:lig:grind_pow{bits=20}:spartan:grinding{bits=12}: bitz::piop::spartan::grinding: close time.busy=37.5µs time.idle=180ns
2026-10-07T19:58:54.132422Z  INFO falcon_algebraic:prove:falcon_algebraic:pcs:op:ligerito:lig:grind_pow{bits=20 seed_lo=14517310510578505501 seed_hi=6928831755814259526 nonce=1434179}: bitz::ligerito_flock: close time.busy=5.37ms time.idle=110ns
2026-10-07T19:58:54.132441Z  INFO falcon_algebraic:prove:falcon_algebraic:pcs:op:ligerito:spartan:grinding{bits=12}: bitz::piop::spartan::grinding: close time.busy=17.4µs time.idle=130ns
2026-10-07T19:58:54.133698Z  INFO falcon_algebraic:prove:falcon_algebraic:pcs:op:ligerito:op:deferred_first_fold: bitz::hybrid::opening::streamed: close time.busy=1.25ms time.idle=121ns
2026-10-07T19:58:54.133731Z  INFO falcon_algebraic:prove:falcon_algebraic:pcs:op:ligerito:lig:grind_pow{bits=20}:spartan:grinding{bits=12}: bitz::piop::spartan::grinding: close time.busy=28.8µs time.idle=110ns
2026-10-07T19:58:54.136499Z  INFO falcon_algebraic:prove:falcon_algebraic:pcs:op:ligerito:lig:grind_pow{bits=20 seed_lo=14441719486906525332 seed_hi=4887251053874519830 nonce=749449}: bitz::ligerito_flock: close time.busy=2.80ms time.idle=120ns
2026-10-07T19:58:54.136514Z  INFO falcon_algebraic:prove:falcon_algebraic:pcs:op:ligerito:spartan:grinding{bits=12}: bitz::piop::spartan::grinding: close time.busy=13.2µs time.idle=111ns
2026-10-07T19:58:54.136533Z  INFO falcon_algebraic:prove:falcon_algebraic:pcs:op:ligerito:lig:grind_pow{bits=20}:spartan:grinding{bits=12}: bitz::piop::spartan::grinding: close time.busy=14.7µs time.idle=110ns
2026-10-07T19:58:54.138903Z  INFO falcon_algebraic:prove:falcon_algebraic:pcs:op:ligerito:lig:grind_pow{bits=20 seed_lo=4040019448686371158 seed_hi=12007848838415722241 nonce=638779}: bitz::ligerito_flock: close time.busy=2.39ms time.idle=120ns
2026-10-07T19:58:54.138928Z  INFO falcon_algebraic:prove:falcon_algebraic:pcs:op:ligerito:spartan:grinding{bits=12}: bitz::piop::spartan::grinding: close time.busy=22.9µs time.idle=110ns
2026-10-07T19:58:54.139948Z  INFO falcon_algebraic:prove:falcon_algebraic:pcs:op:ligerito:lig:grind_pow{bits=11}:spartan:grinding{bits=12}: bitz::piop::spartan::grinding: close time.busy=25.1µs time.idle=120ns
2026-10-07T19:58:54.139958Z  INFO falcon_algebraic:prove:falcon_algebraic:pcs:op:ligerito:lig:grind_pow{bits=11 seed_lo=12168614032339833606 seed_hi=677864334761961363 nonce=1876}: bitz::ligerito_flock: close time.busy=35.6µs time.idle=130ns
2026-10-07T19:58:54.139985Z  INFO falcon_algebraic:prove:falcon_algebraic:pcs:op:ligerito:spartan:grinding{bits=12}: bitz::piop::spartan::grinding: close time.busy=24.1µs time.idle=111ns
2026-10-07T19:58:54.140955Z  INFO falcon_algebraic:prove:falcon_algebraic:pcs:op:ligerito:lig:grind_pow{bits=7}:spartan:grinding{bits=12}: bitz::piop::spartan::grinding: close time.busy=6.28µs time.idle=110ns
2026-10-07T19:58:54.140958Z  INFO falcon_algebraic:prove:falcon_algebraic:pcs:op:ligerito:lig:grind_pow{bits=7 seed_lo=12556229113317911125 seed_hi=6749826581381619231 nonce=24}: bitz::ligerito_flock: close time.busy=10.3µs time.idle=121ns
2026-10-07T19:58:54.140979Z  INFO falcon_algebraic:prove:falcon_algebraic:pcs:op:ligerito:spartan:grinding{bits=12}: bitz::piop::spartan::grinding: close time.busy=19.7µs time.idle=101ns
2026-10-07T19:58:54.141041Z  INFO falcon_algebraic:prove:falcon_algebraic:pcs:op:ligerito:lig:grind_pow{bits=19}:spartan:grinding{bits=12}: bitz::piop::spartan::grinding: close time.busy=22.4µs time.idle=110ns
2026-10-07T19:58:54.141538Z  INFO falcon_algebraic:prove:falcon_algebraic:pcs:op:ligerito:lig:grind_pow{bits=19 seed_lo=4999734546879186383 seed_hi=5642541635383918156 nonce=133341}: bitz::ligerito_flock: close time.busy=521µs time.idle=111ns
2026-10-07T19:58:54.141567Z  INFO falcon_algebraic:prove:falcon_algebraic:pcs:op:ligerito:spartan:grinding{bits=12}: bitz::piop::spartan::grinding: close time.busy=26.5µs time.idle=110ns
2026-10-07T19:58:54.141629Z  INFO falcon_algebraic:prove:falcon_algebraic:pcs:op:ligerito:lig:grind_pow{bits=19}:spartan:grinding{bits=12}: bitz::piop::spartan::grinding: close time.busy=31.6µs time.idle=110ns
2026-10-07T19:58:54.142690Z  INFO falcon_algebraic:prove:falcon_algebraic:pcs:op:ligerito:lig:grind_pow{bits=19 seed_lo=16120839933993617660 seed_hi=8845007109929095843 nonce=285668}: bitz::ligerito_flock: close time.busy=1.09ms time.idle=120ns
2026-10-07T19:58:54.142705Z  INFO falcon_algebraic:prove:falcon_algebraic:pcs:op:ligerito:spartan:grinding{bits=12}: bitz::piop::spartan::grinding: close time.busy=13.6µs time.idle=110ns
2026-10-07T19:58:54.142784Z  INFO falcon_algebraic:prove:falcon_algebraic:pcs:op:ligerito:lig:grind_pow{bits=19}:spartan:grinding{bits=12}: bitz::piop::spartan::grinding: close time.busy=62.0µs time.idle=110ns
2026-10-07T19:58:54.150093Z  INFO falcon_algebraic:prove:falcon_algebraic:pcs:op:ligerito:lig:grind_pow{bits=19 seed_lo=7533905475163248731 seed_hi=13331801534544350727 nonce=1978168}: bitz::ligerito_flock: close time.busy=7.37ms time.idle=110ns
2026-10-07T19:58:54.150110Z  INFO falcon_algebraic:prove:falcon_algebraic:pcs:op:ligerito:spartan:grinding{bits=12}: bitz::piop::spartan::grinding: close time.busy=14.7µs time.idle=110ns
2026-10-07T19:58:54.150319Z  INFO falcon_algebraic:prove:falcon_algebraic:pcs:op:ligerito:lig:grind_pow{bits=11}:spartan:grinding{bits=12}: bitz::piop::spartan::grinding: close time.busy=5.64µs time.idle=110ns
2026-10-07T19:58:54.150329Z  INFO falcon_algebraic:prove:falcon_algebraic:pcs:op:ligerito:lig:grind_pow{bits=11 seed_lo=13414360004935892538 seed_hi=13352016151955891289 nonce=1894}: bitz::ligerito_flock: close time.busy=16.4µs time.idle=110ns
2026-10-07T19:58:54.150340Z  INFO falcon_algebraic:prove:falcon_algebraic:pcs:op:ligerito:spartan:grinding{bits=12}: bitz::piop::spartan::grinding: close time.busy=8.20µs time.idle=111ns
2026-10-07T19:58:54.151321Z  INFO falcon_algebraic:prove:falcon_algebraic:pcs:op:ligerito:lig:grind_pow{bits=7}:spartan:grinding{bits=12}: bitz::piop::spartan::grinding: close time.busy=48.6µs time.idle=120ns
2026-10-07T19:58:54.151324Z  INFO falcon_algebraic:prove:falcon_algebraic:pcs:op:ligerito:lig:grind_pow{bits=7 seed_lo=14011323245469665233 seed_hi=10627610180640753093 nonce=87}: bitz::ligerito_flock: close time.busy=52.2µs time.idle=111ns
2026-10-07T19:58:54.151359Z  INFO falcon_algebraic:prove:falcon_algebraic:pcs:op:ligerito:spartan:grinding{bits=12}: bitz::piop::spartan::grinding: close time.busy=32.9µs time.idle=130ns
2026-10-07T19:58:54.151383Z  INFO falcon_algebraic:prove:falcon_algebraic:pcs:op:ligerito:lig:grind_pow{bits=17}:spartan:grinding{bits=12}: bitz::piop::spartan::grinding: close time.busy=16.6µs time.idle=111ns
2026-10-07T19:58:54.151415Z  INFO falcon_algebraic:prove:falcon_algebraic:pcs:op:ligerito:lig:grind_pow{bits=17 seed_lo=12040305675577541021 seed_hi=4448544093894922929 nonce=7149}: bitz::ligerito_flock: close time.busy=49.5µs time.idle=111ns
2026-10-07T19:58:54.151434Z  INFO falcon_algebraic:prove:falcon_algebraic:pcs:op:ligerito:spartan:grinding{bits=12}: bitz::piop::spartan::grinding: close time.busy=17.1µs time.idle=110ns
2026-10-07T19:58:54.151452Z  INFO falcon_algebraic:prove:falcon_algebraic:pcs:op:ligerito:lig:grind_pow{bits=17}:spartan:grinding{bits=12}: bitz::piop::spartan::grinding: close time.busy=9.41µs time.idle=110ns
2026-10-07T19:58:54.151475Z  INFO falcon_algebraic:prove:falcon_algebraic:pcs:op:ligerito:lig:grind_pow{bits=17 seed_lo=14594745866361555729 seed_hi=4481801811290485119 nonce=4584}: bitz::ligerito_flock: close time.busy=32.7µs time.idle=111ns
2026-10-07T19:58:54.151514Z  INFO falcon_algebraic:prove:falcon_algebraic:pcs:op:ligerito:spartan:grinding{bits=12}: bitz::piop::spartan::grinding: close time.busy=37.1µs time.idle=110ns
2026-10-07T19:58:54.151529Z  INFO falcon_algebraic:prove:falcon_algebraic:pcs:op:ligerito:lig:grind_pow{bits=17}:spartan:grinding{bits=12}: bitz::piop::spartan::grinding: close time.busy=8.09µs time.idle=110ns
2026-10-07T19:58:54.151650Z  INFO falcon_algebraic:prove:falcon_algebraic:pcs:op:ligerito:lig:grind_pow{bits=17 seed_lo=13300957292935261440 seed_hi=4548511347967446605 nonce=31400}: bitz::ligerito_flock: close time.busy=130µs time.idle=120ns
2026-10-07T19:58:54.151698Z  INFO falcon_algebraic:prove:falcon_algebraic:pcs:op:ligerito:spartan:grinding{bits=12}: bitz::piop::spartan::grinding: close time.busy=46.0µs time.idle=110ns
2026-10-07T19:58:54.151763Z  INFO falcon_algebraic:prove:falcon_algebraic:pcs:op:ligerito:lig:grind_pow{bits=11}:spartan:grinding{bits=12}: bitz::piop::spartan::grinding: close time.busy=17.3µs time.idle=110ns
2026-10-07T19:58:54.151775Z  INFO falcon_algebraic:prove:falcon_algebraic:pcs:op:ligerito:lig:grind_pow{bits=11 seed_lo=5054118974374254575 seed_hi=14981614931524400151 nonce=2654}: bitz::ligerito_flock: close time.busy=29.7µs time.idle=110ns
2026-10-07T19:58:54.151805Z  INFO falcon_algebraic:prove:falcon_algebraic:pcs:op:ligerito:spartan:grinding{bits=12}: bitz::piop::spartan::grinding: close time.busy=29.0µs time.idle=110ns
2026-10-07T19:58:54.151984Z  INFO falcon_algebraic:prove:falcon_algebraic:pcs:op:ligerito:lig:grind_pow{bits=7}:spartan:grinding{bits=12}: bitz::piop::spartan::grinding: close time.busy=8.29µs time.idle=110ns
2026-10-07T19:58:54.151988Z  INFO falcon_algebraic:prove:falcon_algebraic:pcs:op:ligerito:lig:grind_pow{bits=7 seed_lo=10782382566308342209 seed_hi=11179761202078984758 nonce=218}: bitz::ligerito_flock: close time.busy=12.4µs time.idle=111ns
2026-10-07T19:58:54.151997Z  INFO falcon_algebraic:prove:falcon_algebraic:pcs:op:ligerito:spartan:grinding{bits=12}: bitz::piop::spartan::grinding: close time.busy=6.30µs time.idle=110ns
2026-10-07T19:58:54.152009Z  INFO falcon_algebraic:prove:falcon_algebraic:pcs:op:ligerito:lig:grind_pow{bits=15}:spartan:grinding{bits=12}: bitz::piop::spartan::grinding: close time.busy=9.16µs time.idle=111ns
2026-10-07T19:58:54.152134Z  INFO falcon_algebraic:prove:falcon_algebraic:pcs:op:ligerito:lig:grind_pow{bits=15 seed_lo=1228380510673385658 seed_hi=4608945683697044113 nonce=28426}: bitz::ligerito_flock: close time.busy=135µs time.idle=120ns
2026-10-07T19:58:54.152144Z  INFO falcon_algebraic:prove:falcon_algebraic:pcs:op:ligerito:spartan:grinding{bits=12}: bitz::piop::spartan::grinding: close time.busy=7.43µs time.idle=111ns
2026-10-07T19:58:54.152151Z  INFO falcon_algebraic:prove:falcon_algebraic:pcs:op:ligerito:lig:grind_pow{bits=15}:spartan:grinding{bits=12}: bitz::piop::spartan::grinding: close time.busy=3.82µs time.idle=110ns
2026-10-07T19:58:54.152251Z  INFO falcon_algebraic:prove:falcon_algebraic:pcs:op:ligerito:lig:grind_pow{bits=15 seed_lo=15181336230616402119 seed_hi=7493050434602918546 nonce=25325}: bitz::ligerito_flock: close time.busy=105µs time.idle=110ns
2026-10-07T19:58:54.152262Z  INFO falcon_algebraic:prove:falcon_algebraic:pcs:op:ligerito:spartan:grinding{bits=12}: bitz::piop::spartan::grinding: close time.busy=8.30µs time.idle=120ns
2026-10-07T19:58:54.152277Z  INFO falcon_algebraic:prove:falcon_algebraic:pcs:op:ligerito:lig:grind_pow{bits=15}:spartan:grinding{bits=12}: bitz::piop::spartan::grinding: close time.busy=11.7µs time.idle=111ns
2026-10-07T19:58:54.152389Z  INFO falcon_algebraic:prove:falcon_algebraic:pcs:op:ligerito:lig:grind_pow{bits=15 seed_lo=7421790146636421713 seed_hi=16128424606281112580 nonce=28449}: bitz::ligerito_flock: close time.busy=124µs time.idle=160ns
2026-10-07T19:58:54.152402Z  INFO falcon_algebraic:prove:falcon_algebraic:pcs:op:ligerito:spartan:grinding{bits=12}: bitz::piop::spartan::grinding: close time.busy=11.2µs time.idle=120ns
2026-10-07T19:58:54.152412Z  INFO falcon_algebraic:prove:falcon_algebraic:pcs:op:ligerito:lig:grind_pow{bits=11}:spartan:grinding{bits=12}: bitz::piop::spartan::grinding: close time.busy=4.75µs time.idle=110ns
2026-10-07T19:58:54.152416Z  INFO falcon_algebraic:prove:falcon_algebraic:pcs:op:ligerito:lig:grind_pow{bits=11 seed_lo=14005453541847172307 seed_hi=3880069313824445422 nonce=567}: bitz::ligerito_flock: close time.busy=9.90µs time.idle=110ns
2026-10-07T19:58:54.152425Z  INFO falcon_algebraic:prove:falcon_algebraic:pcs:op:ligerito:spartan:grinding{bits=12}: bitz::piop::spartan::grinding: close time.busy=6.60µs time.idle=110ns
2026-10-07T19:58:54.152502Z  INFO falcon_algebraic:prove:falcon_algebraic:pcs:op:ligerito: bitz::hybrid::opening: close time.busy=32.1ms time.idle=150ns
2026-10-07T19:58:54.152505Z  INFO falcon_algebraic:prove:falcon_algebraic:pcs: bitz::piop::spartan::falcon512_algebraic::protocol: close time.busy=39.3ms time.idle=140ns
2026-10-07T19:58:54.153429Z  INFO falcon_algebraic:prove: bitz::piop::spartan::falcon512_algebraic::protocol: close time.busy=339ms time.idle=200ns
2026-10-07T19:58:54.170375Z  INFO falcon_algebraic:verify:falcon_algebraic_ring:verify:falcon_algebraic_ring:coordinates: bitz::piop::spartan::falcon512_algebraic::ring: close time.busy=8.92ms time.idle=150ns
2026-10-07T19:58:54.189043Z  INFO falcon_algebraic:verify:falcon_algebraic_ring:verify:falcon_algebraic_ring:collapse: bitz::piop::spartan::falcon512_algebraic::ring: close time.busy=18.7ms time.idle=150ns
2026-10-07T19:58:54.189046Z  INFO falcon_algebraic:verify:falcon_algebraic_ring:verify: bitz::piop::spartan::falcon512_algebraic::ring: close time.busy=27.9ms time.idle=160ns
2026-10-07T19:58:54.189073Z  INFO falcon_algebraic:verify:spartan:round_grinding_verify: bitz::sumcheck::boundary: close time.busy=912ns time.idle=130ns
2026-10-07T19:58:54.189077Z  INFO falcon_algebraic:verify:spartan:round_grinding_verify: bitz::sumcheck::boundary: close time.busy=832ns time.idle=110ns
2026-10-07T19:58:54.189082Z  INFO falcon_algebraic:verify:spartan:round_grinding_verify: bitz::sumcheck::boundary: close time.busy=882ns time.idle=110ns
2026-10-07T19:58:54.189086Z  INFO falcon_algebraic:verify:spartan:round_grinding_verify: bitz::sumcheck::boundary: close time.busy=862ns time.idle=110ns
2026-10-07T19:58:54.189090Z  INFO falcon_algebraic:verify:spartan:round_grinding_verify: bitz::sumcheck::boundary: close time.busy=712ns time.idle=100ns
2026-10-07T19:58:54.189095Z  INFO falcon_algebraic:verify:spartan:round_grinding_verify: bitz::sumcheck::boundary: close time.busy=801ns time.idle=100ns
2026-10-07T19:58:54.189099Z  INFO falcon_algebraic:verify:spartan:round_grinding_verify: bitz::sumcheck::boundary: close time.busy=781ns time.idle=100ns
2026-10-07T19:58:54.189103Z  INFO falcon_algebraic:verify:spartan:round_grinding_verify: bitz::sumcheck::boundary: close time.busy=872ns time.idle=110ns
2026-10-07T19:58:54.189107Z  INFO falcon_algebraic:verify:spartan:round_grinding_verify: bitz::sumcheck::boundary: close time.busy=862ns time.idle=110ns
2026-10-07T19:58:54.189112Z  INFO falcon_algebraic:verify:spartan:round_grinding_verify: bitz::sumcheck::boundary: close time.busy=761ns time.idle=91.0ns
2026-10-07T19:58:54.189117Z  INFO falcon_algebraic:verify:spartan:round_grinding_verify: bitz::sumcheck::boundary: close time.busy=861ns time.idle=111ns
2026-10-07T19:58:54.189121Z  INFO falcon_algebraic:verify:spartan:round_grinding_verify: bitz::sumcheck::boundary: close time.busy=812ns time.idle=110ns
2026-10-07T19:58:54.189125Z  INFO falcon_algebraic:verify:spartan:round_grinding_verify: bitz::sumcheck::boundary: close time.busy=922ns time.idle=100ns
2026-10-07T19:58:54.189131Z  INFO falcon_algebraic:verify:spartan:round_grinding_verify: bitz::sumcheck::boundary: close time.busy=931ns time.idle=111ns
2026-10-07T19:58:54.189136Z  INFO falcon_algebraic:verify:spartan:round_grinding_verify: bitz::sumcheck::boundary: close time.busy=691ns time.idle=121ns
2026-10-07T19:58:54.189139Z  INFO falcon_algebraic:verify:spartan:round_grinding_verify: bitz::sumcheck::boundary: close time.busy=781ns time.idle=100ns
2026-10-07T19:58:54.189144Z  INFO falcon_algebraic:verify:spartan:round_grinding_verify: bitz::sumcheck::boundary: close time.busy=892ns time.idle=110ns
2026-10-07T19:58:54.189149Z  INFO falcon_algebraic:verify:spartan:round_grinding_verify: bitz::sumcheck::boundary: close time.busy=781ns time.idle=101ns
2026-10-07T19:58:54.189153Z  INFO falcon_algebraic:verify:spartan:round_grinding_verify: bitz::sumcheck::boundary: close time.busy=862ns time.idle=90.0ns
2026-10-07T19:58:54.198737Z  INFO falcon_algebraic:verify:spartan:round_grinding_verify: bitz::sumcheck::boundary: close time.busy=1.01µs time.idle=141ns
2026-10-07T19:58:54.198741Z  INFO falcon_algebraic:verify:spartan:round_grinding_verify: bitz::sumcheck::boundary: close time.busy=782ns time.idle=130ns
2026-10-07T19:58:54.198746Z  INFO falcon_algebraic:verify:spartan:round_grinding_verify: bitz::sumcheck::boundary: close time.busy=821ns time.idle=130ns
2026-10-07T19:58:54.198749Z  INFO falcon_algebraic:verify:spartan:round_grinding_verify: bitz::sumcheck::boundary: close time.busy=791ns time.idle=111ns
2026-10-07T19:58:54.198752Z  INFO falcon_algebraic:verify:spartan:round_grinding_verify: bitz::sumcheck::boundary: close time.busy=862ns time.idle=110ns
2026-10-07T19:58:54.198757Z  INFO falcon_algebraic:verify:spartan:round_grinding_verify: bitz::sumcheck::boundary: close time.busy=1.19µs time.idle=110ns
2026-10-07T19:58:54.198761Z  INFO falcon_algebraic:verify:spartan:round_grinding_verify: bitz::sumcheck::boundary: close time.busy=802ns time.idle=120ns
2026-10-07T19:58:54.198765Z  INFO falcon_algebraic:verify:spartan:round_grinding_verify: bitz::sumcheck::boundary: close time.busy=891ns time.idle=101ns
2026-10-07T19:58:54.198768Z  INFO falcon_algebraic:verify:spartan:round_grinding_verify: bitz::sumcheck::boundary: close time.busy=871ns time.idle=111ns
2026-10-07T19:58:54.198775Z  INFO falcon_algebraic:verify:spartan:round_grinding_verify: bitz::sumcheck::boundary: close time.busy=882ns time.idle=130ns
2026-10-07T19:58:54.198779Z  INFO falcon_algebraic:verify:spartan:round_grinding_verify: bitz::sumcheck::boundary: close time.busy=922ns time.idle=100ns
2026-10-07T19:58:54.198782Z  INFO falcon_algebraic:verify:spartan:round_grinding_verify: bitz::sumcheck::boundary: close time.busy=931ns time.idle=111ns
2026-10-07T19:58:54.198786Z  INFO falcon_algebraic:verify:spartan:round_grinding_verify: bitz::sumcheck::boundary: close time.busy=852ns time.idle=100ns
2026-10-07T19:58:54.198791Z  INFO falcon_algebraic:verify:spartan:round_grinding_verify: bitz::sumcheck::boundary: close time.busy=932ns time.idle=100ns
2026-10-07T19:58:54.198795Z  INFO falcon_algebraic:verify:spartan:round_grinding_verify: bitz::sumcheck::boundary: close time.busy=891ns time.idle=110ns
2026-10-07T19:58:54.198799Z  INFO falcon_algebraic:verify:spartan:round_grinding_verify: bitz::sumcheck::boundary: close time.busy=862ns time.idle=110ns
2026-10-07T19:58:54.198802Z  INFO falcon_algebraic:verify:spartan:round_grinding_verify: bitz::sumcheck::boundary: close time.busy=871ns time.idle=101ns
2026-10-07T19:58:54.198806Z  INFO falcon_algebraic:verify:spartan:round_grinding_verify: bitz::sumcheck::boundary: close time.busy=952ns time.idle=90.0ns
2026-10-07T19:58:54.198812Z  INFO falcon_algebraic:verify:spartan:round_grinding_verify: bitz::sumcheck::boundary: close time.busy=1.13µs time.idle=110ns
2026-10-07T19:58:54.198814Z  INFO falcon_algebraic:verify:spartan:round_grinding_verify: bitz::sumcheck::boundary: close time.busy=632ns time.idle=130ns
2026-10-07T19:58:54.198817Z  INFO falcon_algebraic:verify:spartan:round_grinding_verify: bitz::sumcheck::boundary: close time.busy=762ns time.idle=100ns
2026-10-07T19:58:54.198820Z  INFO falcon_algebraic:verify:spartan:round_grinding_verify: bitz::sumcheck::boundary: close time.busy=661ns time.idle=120ns
2026-10-07T19:58:54.198823Z  INFO falcon_algebraic:verify:spartan:round_grinding_verify: bitz::sumcheck::boundary: close time.busy=651ns time.idle=111ns
2026-10-07T19:58:54.198826Z  INFO falcon_algebraic:verify:spartan:round_grinding_verify: bitz::sumcheck::boundary: close time.busy=641ns time.idle=101ns
2026-10-07T19:58:54.206092Z  INFO falcon_algebraic:verify:spartan:round_grinding_verify: bitz::sumcheck::boundary: close time.busy=1.10µs time.idle=141ns
2026-10-07T19:58:54.206096Z  INFO falcon_algebraic:verify:spartan:round_grinding_verify: bitz::sumcheck::boundary: close time.busy=1.02µs time.idle=110ns
2026-10-07T19:58:54.206098Z  INFO falcon_algebraic:verify:spartan:round_grinding_verify: bitz::sumcheck::boundary: close time.busy=962ns time.idle=110ns
2026-10-07T19:58:54.206101Z  INFO falcon_algebraic:verify:spartan:round_grinding_verify: bitz::sumcheck::boundary: close time.busy=942ns time.idle=110ns
2026-10-07T19:58:54.206104Z  INFO falcon_algebraic:verify:spartan:round_grinding_verify: bitz::sumcheck::boundary: close time.busy=1.17µs time.idle=111ns
2026-10-07T19:58:54.206107Z  INFO falcon_algebraic:verify:spartan:round_grinding_verify: bitz::sumcheck::boundary: close time.busy=952ns time.idle=110ns
2026-10-07T19:58:54.206109Z  INFO falcon_algebraic:verify:spartan:round_grinding_verify: bitz::sumcheck::boundary: close time.busy=932ns time.idle=110ns
2026-10-07T19:58:54.206112Z  INFO falcon_algebraic:verify:spartan:round_grinding_verify: bitz::sumcheck::boundary: close time.busy=951ns time.idle=101ns
2026-10-07T19:58:54.206115Z  INFO falcon_algebraic:verify:spartan:round_grinding_verify: bitz::sumcheck::boundary: close time.busy=1.00µs time.idle=120ns
2026-10-07T19:58:54.206117Z  INFO falcon_algebraic:verify:spartan:round_grinding_verify: bitz::sumcheck::boundary: close time.busy=992ns time.idle=110ns
2026-10-07T19:58:54.206120Z  INFO falcon_algebraic:verify:spartan:round_grinding_verify: bitz::sumcheck::boundary: close time.busy=1.03µs time.idle=100ns
2026-10-07T19:58:54.206123Z  INFO falcon_algebraic:verify:spartan:round_grinding_verify: bitz::sumcheck::boundary: close time.busy=982ns time.idle=100ns
2026-10-07T19:58:54.206125Z  INFO falcon_algebraic:verify:spartan:round_grinding_verify: bitz::sumcheck::boundary: close time.busy=952ns time.idle=110ns
2026-10-07T19:58:54.206129Z  INFO falcon_algebraic:verify:spartan:round_grinding_verify: bitz::sumcheck::boundary: close time.busy=1.03µs time.idle=100ns
2026-10-07T19:58:54.206132Z  INFO falcon_algebraic:verify:spartan:round_grinding_verify: bitz::sumcheck::boundary: close time.busy=1.10µs time.idle=110ns
2026-10-07T19:58:54.206135Z  INFO falcon_algebraic:verify:spartan:round_grinding_verify: bitz::sumcheck::boundary: close time.busy=1.08µs time.idle=111ns
2026-10-07T19:58:54.206137Z  INFO falcon_algebraic:verify:spartan:round_grinding_verify: bitz::sumcheck::boundary: close time.busy=1.09µs time.idle=100ns
2026-10-07T19:58:54.206140Z  INFO falcon_algebraic:verify:spartan:round_grinding_verify: bitz::sumcheck::boundary: close time.busy=1.16µs time.idle=111ns
2026-10-07T19:58:54.206143Z  INFO falcon_algebraic:verify:spartan:round_grinding_verify: bitz::sumcheck::boundary: close time.busy=932ns time.idle=90.0ns
2026-10-07T19:58:54.206146Z  INFO falcon_algebraic:verify:spartan:round_grinding_verify: bitz::sumcheck::boundary: close time.busy=932ns time.idle=100ns
2026-10-07T19:58:54.206148Z  INFO falcon_algebraic:verify:spartan:round_grinding_verify: bitz::sumcheck::boundary: close time.busy=982ns time.idle=110ns
2026-10-07T19:58:54.206151Z  INFO falcon_algebraic:verify:spartan:round_grinding_verify: bitz::sumcheck::boundary: close time.busy=961ns time.idle=112ns
2026-10-07T19:58:54.206154Z  INFO falcon_algebraic:verify:spartan:round_grinding_verify: bitz::sumcheck::boundary: close time.busy=952ns time.idle=110ns
2026-10-07T19:58:54.206157Z  INFO falcon_algebraic:verify:spartan:round_grinding_verify: bitz::sumcheck::boundary: close time.busy=1.09µs time.idle=100ns
2026-10-07T19:58:54.206159Z  INFO falcon_algebraic:verify:spartan:round_grinding_verify: bitz::sumcheck::boundary: close time.busy=1.00µs time.idle=120ns
2026-10-07T19:58:54.208437Z  INFO falcon_algebraic:verify: bitz::piop::spartan::falcon512_algebraic::protocol: close time.busy=55.0ms time.idle=180ns
2026-10-07T19:58:54.240796Z  INFO falcon_algebraic:commit:falcon_algebraic:witness: bitz::piop::spartan::falcon512_algebraic::protocol: close time.busy=32.1ms time.idle=161ns
2026-10-07T19:58:54.270260Z  INFO falcon_algebraic:commit:shared_source:encode: bitz::hybrid::opening: close time.busy=1.56ms time.idle=180ns
2026-10-07T19:58:54.271247Z  INFO falcon_algebraic:commit:shared_source:merkle: bitz::hybrid::opening: close time.busy=984µs time.idle=140ns
2026-10-07T19:58:54.271249Z  INFO falcon_algebraic:commit: bitz::piop::spartan::falcon512_algebraic::protocol: close time.busy=62.7ms time.idle=221ns
2026-10-07T19:58:54.288879Z  INFO falcon_algebraic:prove:falcon_algebraic:ring:falcon_algebraic_ring:prove:falcon_algebraic_ring:coordinates: bitz::piop::spartan::falcon512_algebraic::ring: close time.busy=8.94ms time.idle=271ns
2026-10-07T19:58:54.289693Z  INFO falcon_algebraic:prove:falcon_algebraic:ring:falcon_algebraic_ring:prove:spartan:grinding{bits=11}: bitz::piop::spartan::grinding: close time.busy=8.60µs time.idle=161ns
2026-10-07T19:58:54.308421Z  INFO falcon_algebraic:prove:falcon_algebraic:ring:falcon_algebraic_ring:prove:falcon_algebraic_ring:collapse: bitz::piop::spartan::falcon512_algebraic::ring: close time.busy=18.7ms time.idle=140ns
2026-10-07T19:58:54.308423Z  INFO falcon_algebraic:prove:falcon_algebraic:ring:falcon_algebraic_ring:prove: bitz::piop::spartan::falcon512_algebraic::ring: close time.busy=29.4ms time.idle=160ns
2026-10-07T19:58:54.308424Z  INFO falcon_algebraic:prove:falcon_algebraic:ring: bitz::piop::spartan::falcon512_algebraic::protocol: close time.busy=29.4ms time.idle=150ns
2026-10-07T19:58:54.308433Z  INFO falcon_algebraic:prove:falcon_algebraic:arithmetic:falcon_algebraic:norm:spartan:grinding{bits=11}: bitz::piop::spartan::grinding: close time.busy=6.38µs time.idle=140ns
2026-10-07T19:58:54.337902Z  INFO falcon_algebraic:prove:falcon_algebraic:arithmetic:falcon_algebraic:norm:spartan:round_grinding_prove:spartan:grinding{bits=14}: bitz::piop::spartan::grinding: close time.busy=23.7µs time.idle=110ns
2026-10-07T19:58:54.337907Z  INFO falcon_algebraic:prove:falcon_algebraic:arithmetic:falcon_algebraic:norm:spartan:round_grinding_prove: bitz::sumcheck::boundary: close time.busy=29.9µs time.idle=210ns
2026-10-07T19:58:54.348523Z  INFO falcon_algebraic:prove:falcon_algebraic:arithmetic:falcon_algebraic:norm:spartan:round_grinding_prove:spartan:grinding{bits=14}: bitz::piop::spartan::grinding: close time.busy=164µs time.idle=120ns
2026-10-07T19:58:54.348525Z  INFO falcon_algebraic:prove:falcon_algebraic:arithmetic:falcon_algebraic:norm:spartan:round_grinding_prove: bitz::sumcheck::boundary: close time.busy=167µs time.idle=170ns
2026-10-07T19:58:54.353679Z  INFO falcon_algebraic:prove:falcon_algebraic:arithmetic:falcon_algebraic:norm:spartan:round_grinding_prove:spartan:grinding{bits=14}: bitz::piop::spartan::grinding: close time.busy=39.9µs time.idle=130ns
2026-10-07T19:58:54.353681Z  INFO falcon_algebraic:prove:falcon_algebraic:arithmetic:falcon_algebraic:norm:spartan:round_grinding_prove: bitz::sumcheck::boundary: close time.busy=42.9µs time.idle=130ns
2026-10-07T19:58:54.356220Z  INFO falcon_algebraic:prove:falcon_algebraic:arithmetic:falcon_algebraic:norm:spartan:round_grinding_prove:spartan:grinding{bits=14}: bitz::piop::spartan::grinding: close time.busy=19.1µs time.idle=101ns
2026-10-07T19:58:54.356221Z  INFO falcon_algebraic:prove:falcon_algebraic:arithmetic:falcon_algebraic:norm:spartan:round_grinding_prove: bitz::sumcheck::boundary: close time.busy=21.6µs time.idle=120ns
2026-10-07T19:58:54.357591Z  INFO falcon_algebraic:prove:falcon_algebraic:arithmetic:falcon_algebraic:norm:spartan:round_grinding_prove:spartan:grinding{bits=14}: bitz::piop::spartan::grinding: close time.busy=111µs time.idle=110ns
2026-10-07T19:58:54.357593Z  INFO falcon_algebraic:prove:falcon_algebraic:arithmetic:falcon_algebraic:norm:spartan:round_grinding_prove: bitz::sumcheck::boundary: close time.busy=113µs time.idle=100ns
2026-10-07T19:58:54.358240Z  INFO falcon_algebraic:prove:falcon_algebraic:arithmetic:falcon_algebraic:norm:spartan:round_grinding_prove:spartan:grinding{bits=14}: bitz::piop::spartan::grinding: close time.busy=12.1µs time.idle=110ns
2026-10-07T19:58:54.358241Z  INFO falcon_algebraic:prove:falcon_algebraic:arithmetic:falcon_algebraic:norm:spartan:round_grinding_prove: bitz::sumcheck::boundary: close time.busy=14.2µs time.idle=112ns
2026-10-07T19:58:54.358605Z  INFO falcon_algebraic:prove:falcon_algebraic:arithmetic:falcon_algebraic:norm:spartan:round_grinding_prove:spartan:grinding{bits=14}: bitz::piop::spartan::grinding: close time.busy=44.3µs time.idle=110ns
2026-10-07T19:58:54.358606Z  INFO falcon_algebraic:prove:falcon_algebraic:arithmetic:falcon_algebraic:norm:spartan:round_grinding_prove: bitz::sumcheck::boundary: close time.busy=46.3µs time.idle=110ns
2026-10-07T19:58:54.358786Z  INFO falcon_algebraic:prove:falcon_algebraic:arithmetic:falcon_algebraic:norm:spartan:round_grinding_prove:spartan:grinding{bits=14}: bitz::piop::spartan::grinding: close time.busy=15.5µs time.idle=110ns
2026-10-07T19:58:54.358787Z  INFO falcon_algebraic:prove:falcon_algebraic:arithmetic:falcon_algebraic:norm:spartan:round_grinding_prove: bitz::sumcheck::boundary: close time.busy=17.6µs time.idle=121ns
2026-10-07T19:58:54.358878Z  INFO falcon_algebraic:prove:falcon_algebraic:arithmetic:falcon_algebraic:norm:spartan:round_grinding_prove:spartan:grinding{bits=14}: bitz::piop::spartan::grinding: close time.busy=5.96µs time.idle=100ns
2026-10-07T19:58:54.358880Z  INFO falcon_algebraic:prove:falcon_algebraic:arithmetic:falcon_algebraic:norm:spartan:round_grinding_prove: bitz::sumcheck::boundary: close time.busy=8.15µs time.idle=110ns
2026-10-07T19:58:54.358990Z  INFO falcon_algebraic:prove:falcon_algebraic:arithmetic:falcon_algebraic:norm:spartan:round_grinding_prove:spartan:grinding{bits=14}: bitz::piop::spartan::grinding: close time.busy=60.8µs time.idle=110ns
2026-10-07T19:58:54.358991Z  INFO falcon_algebraic:prove:falcon_algebraic:arithmetic:falcon_algebraic:norm:spartan:round_grinding_prove: bitz::sumcheck::boundary: close time.busy=62.7µs time.idle=120ns
2026-10-07T19:58:54.359027Z  INFO falcon_algebraic:prove:falcon_algebraic:arithmetic:falcon_algebraic:norm:spartan:round_grinding_prove:spartan:grinding{bits=14}: bitz::piop::spartan::grinding: close time.busy=5.70µs time.idle=100ns
2026-10-07T19:58:54.359028Z  INFO falcon_algebraic:prove:falcon_algebraic:arithmetic:falcon_algebraic:norm:spartan:round_grinding_prove: bitz::sumcheck::boundary: close time.busy=7.72µs time.idle=110ns
2026-10-07T19:58:54.359081Z  INFO falcon_algebraic:prove:falcon_algebraic:arithmetic:falcon_algebraic:norm:spartan:round_grinding_prove:spartan:grinding{bits=14}: bitz::piop::spartan::grinding: close time.busy=33.9µs time.idle=100ns
2026-10-07T19:58:54.359082Z  INFO falcon_algebraic:prove:falcon_algebraic:arithmetic:falcon_algebraic:norm:spartan:round_grinding_prove: bitz::sumcheck::boundary: close time.busy=36.0µs time.idle=100ns
2026-10-07T19:58:54.359108Z  INFO falcon_algebraic:prove:falcon_algebraic:arithmetic:falcon_algebraic:norm:spartan:round_grinding_prove:spartan:grinding{bits=14}: bitz::piop::spartan::grinding: close time.busy=13.4µs time.idle=101ns
2026-10-07T19:58:54.359109Z  INFO falcon_algebraic:prove:falcon_algebraic:arithmetic:falcon_algebraic:norm:spartan:round_grinding_prove: bitz::sumcheck::boundary: close time.busy=15.4µs time.idle=110ns
2026-10-07T19:58:54.359133Z  INFO falcon_algebraic:prove:falcon_algebraic:arithmetic:falcon_algebraic:norm:spartan:round_grinding_prove:spartan:grinding{bits=14}: bitz::piop::spartan::grinding: close time.busy=12.6µs time.idle=111ns
2026-10-07T19:58:54.359134Z  INFO falcon_algebraic:prove:falcon_algebraic:arithmetic:falcon_algebraic:norm:spartan:round_grinding_prove: bitz::sumcheck::boundary: close time.busy=14.8µs time.idle=120ns
2026-10-07T19:58:54.359152Z  INFO falcon_algebraic:prove:falcon_algebraic:arithmetic:falcon_algebraic:norm:spartan:round_grinding_prove:spartan:grinding{bits=14}: bitz::piop::spartan::grinding: close time.busy=7.83µs time.idle=111ns
2026-10-07T19:58:54.359153Z  INFO falcon_algebraic:prove:falcon_algebraic:arithmetic:falcon_algebraic:norm:spartan:round_grinding_prove: bitz::sumcheck::boundary: close time.busy=9.71µs time.idle=90.0ns
2026-10-07T19:58:54.359205Z  INFO falcon_algebraic:prove:falcon_algebraic:arithmetic:falcon_algebraic:norm:spartan:round_grinding_prove:spartan:grinding{bits=14}: bitz::piop::spartan::grinding: close time.busy=43.4µs time.idle=90.0ns
2026-10-07T19:58:54.359206Z  INFO falcon_algebraic:prove:falcon_algebraic:arithmetic:falcon_algebraic:norm:spartan:round_grinding_prove: bitz::sumcheck::boundary: close time.busy=45.3µs time.idle=110ns
2026-10-07T19:58:54.359256Z  INFO falcon_algebraic:prove:falcon_algebraic:arithmetic:falcon_algebraic:norm:spartan:round_grinding_prove:spartan:grinding{bits=14}: bitz::piop::spartan::grinding: close time.busy=41.9µs time.idle=90.0ns
2026-10-07T19:58:54.359258Z  INFO falcon_algebraic:prove:falcon_algebraic:arithmetic:falcon_algebraic:norm:spartan:round_grinding_prove: bitz::sumcheck::boundary: close time.busy=44.1µs time.idle=120ns
2026-10-07T19:58:54.359276Z  INFO falcon_algebraic:prove:falcon_algebraic:arithmetic:falcon_algebraic:norm:spartan:round_grinding_prove:spartan:grinding{bits=14}: bitz::piop::spartan::grinding: close time.busy=9.65µs time.idle=110ns
2026-10-07T19:58:54.359278Z  INFO falcon_algebraic:prove:falcon_algebraic:arithmetic:falcon_algebraic:norm:spartan:round_grinding_prove: bitz::sumcheck::boundary: close time.busy=11.6µs time.idle=90.0ns
2026-10-07T19:58:54.359321Z  INFO falcon_algebraic:prove:falcon_algebraic:arithmetic:falcon_algebraic:norm:spartan:round_grinding_prove:spartan:grinding{bits=14}: bitz::piop::spartan::grinding: close time.busy=35.2µs time.idle=100ns
2026-10-07T19:58:54.359322Z  INFO falcon_algebraic:prove:falcon_algebraic:arithmetic:falcon_algebraic:norm:spartan:round_grinding_prove: bitz::sumcheck::boundary: close time.busy=37.2µs time.idle=121ns
2026-10-07T19:58:54.359330Z  INFO falcon_algebraic:prove:falcon_algebraic:arithmetic:falcon_algebraic:norm: bitz::piop::spartan::falcon512_algebraic::arithmetic: close time.busy=50.9ms time.idle=160ns
2026-10-07T19:58:54.359333Z  INFO falcon_algebraic:prove:falcon_algebraic:arithmetic:falcon_algebraic:binding:spartan:grinding{bits=10}: bitz::piop::spartan::grinding: close time.busy=831ns time.idle=121ns
2026-10-07T19:58:54.405562Z  INFO falcon_algebraic:prove:falcon_algebraic:arithmetic:falcon_algebraic:binding:inner_packed:prefix_accumulators: bitz::sumcheck::inner::packed::state: close time.busy=37.3ms time.idle=181ns
2026-10-07T19:58:54.405570Z  INFO falcon_algebraic:prove:falcon_algebraic:arithmetic:falcon_algebraic:binding:spartan:round_grinding_prove:spartan:grinding{bits=13}: bitz::piop::spartan::grinding: close time.busy=2.22µs time.idle=110ns
2026-10-07T19:58:54.405572Z  INFO falcon_algebraic:prove:falcon_algebraic:arithmetic:falcon_algebraic:binding:spartan:round_grinding_prove: bitz::sumcheck::boundary: close time.busy=4.95µs time.idle=140ns
2026-10-07T19:58:54.405595Z  INFO falcon_algebraic:prove:falcon_algebraic:arithmetic:falcon_algebraic:binding:spartan:round_grinding_prove:spartan:grinding{bits=13}: bitz::piop::spartan::grinding: close time.busy=19.0µs time.idle=110ns
2026-10-07T19:58:54.405597Z  INFO falcon_algebraic:prove:falcon_algebraic:arithmetic:falcon_algebraic:binding:spartan:round_grinding_prove: bitz::sumcheck::boundary: close time.busy=21.1µs time.idle=120ns
2026-10-07T19:58:54.405609Z  INFO falcon_algebraic:prove:falcon_algebraic:arithmetic:falcon_algebraic:binding:spartan:round_grinding_prove:spartan:grinding{bits=13}: bitz::piop::spartan::grinding: close time.busy=7.25µs time.idle=110ns
2026-10-07T19:58:54.405610Z  INFO falcon_algebraic:prove:falcon_algebraic:arithmetic:falcon_algebraic:binding:spartan:round_grinding_prove: bitz::sumcheck::boundary: close time.busy=9.30µs time.idle=120ns
2026-10-07T19:58:54.447289Z  INFO falcon_algebraic:prove:falcon_algebraic:arithmetic:falcon_algebraic:binding:inner_packed:prepare_tail: bitz::sumcheck::inner::packed::state: close time.busy=41.7ms time.idle=300ns
2026-10-07T19:58:54.447310Z  INFO falcon_algebraic:prove:falcon_algebraic:arithmetic:falcon_algebraic:binding:spartan:round_grinding_prove:spartan:grinding{bits=13}: bitz::piop::spartan::grinding: close time.busy=15.8µs time.idle=181ns
2026-10-07T19:58:54.447311Z  INFO falcon_algebraic:prove:falcon_algebraic:arithmetic:falcon_algebraic:binding:spartan:round_grinding_prove: bitz::sumcheck::boundary: close time.busy=18.5µs time.idle=110ns
2026-10-07T19:58:54.470410Z  INFO falcon_algebraic:prove:falcon_algebraic:arithmetic:falcon_algebraic:binding:inner_packed:fold_tail{round=3}: bitz::sumcheck::inner::packed::state: close time.busy=23.1ms time.idle=140ns
2026-10-07T19:58:54.470451Z  INFO falcon_algebraic:prove:falcon_algebraic:arithmetic:falcon_algebraic:binding:spartan:round_grinding_prove:spartan:grinding{bits=13}: bitz::piop::spartan::grinding: close time.busy=36.9µs time.idle=130ns
2026-10-07T19:58:54.470453Z  INFO falcon_algebraic:prove:falcon_algebraic:arithmetic:falcon_algebraic:binding:spartan:round_grinding_prove: bitz::sumcheck::boundary: close time.busy=39.7µs time.idle=120ns
2026-10-07T19:58:54.480315Z  INFO falcon_algebraic:prove:falcon_algebraic:arithmetic:falcon_algebraic:binding:inner_packed:fold_tail{round=4}: bitz::sumcheck::inner::packed::state: close time.busy=9.86ms time.idle=192ns
2026-10-07T19:58:54.480339Z  INFO falcon_algebraic:prove:falcon_algebraic:arithmetic:falcon_algebraic:binding:spartan:round_grinding_prove:spartan:grinding{bits=13}: bitz::piop::spartan::grinding: close time.busy=20.2µs time.idle=120ns
2026-10-07T19:58:54.480340Z  INFO falcon_algebraic:prove:falcon_algebraic:arithmetic:falcon_algebraic:binding:spartan:round_grinding_prove: bitz::sumcheck::boundary: close time.busy=22.8µs time.idle=110ns
2026-10-07T19:58:54.485293Z  INFO falcon_algebraic:prove:falcon_algebraic:arithmetic:falcon_algebraic:binding:inner_packed:fold_tail{round=5}: bitz::sumcheck::inner::packed::state: close time.busy=4.95ms time.idle=111ns
2026-10-07T19:58:54.485323Z  INFO falcon_algebraic:prove:falcon_algebraic:arithmetic:falcon_algebraic:binding:spartan:round_grinding_prove:spartan:grinding{bits=13}: bitz::piop::spartan::grinding: close time.busy=25.0µs time.idle=111ns
2026-10-07T19:58:54.485324Z  INFO falcon_algebraic:prove:falcon_algebraic:arithmetic:falcon_algebraic:binding:spartan:round_grinding_prove: bitz::sumcheck::boundary: close time.busy=27.2µs time.idle=111ns
2026-10-07T19:58:54.488374Z  INFO falcon_algebraic:prove:falcon_algebraic:arithmetic:falcon_algebraic:binding:inner_packed:fold_tail{round=6}: bitz::sumcheck::inner::packed::state: close time.busy=3.05ms time.idle=111ns
2026-10-07T19:58:54.488415Z  INFO falcon_algebraic:prove:falcon_algebraic:arithmetic:falcon_algebraic:binding:spartan:round_grinding_prove:spartan:grinding{bits=13}: bitz::piop::spartan::grinding: close time.busy=37.7µs time.idle=130ns
2026-10-07T19:58:54.488416Z  INFO falcon_algebraic:prove:falcon_algebraic:arithmetic:falcon_algebraic:binding:spartan:round_grinding_prove: bitz::sumcheck::boundary: close time.busy=39.9µs time.idle=111ns
2026-10-07T19:58:54.489679Z  INFO falcon_algebraic:prove:falcon_algebraic:arithmetic:falcon_algebraic:binding:inner_packed:fold_tail{round=7}: bitz::sumcheck::inner::packed::state: close time.busy=1.26ms time.idle=110ns
2026-10-07T19:58:54.489747Z  INFO falcon_algebraic:prove:falcon_algebraic:arithmetic:falcon_algebraic:binding:spartan:round_grinding_prove:spartan:grinding{bits=13}: bitz::piop::spartan::grinding: close time.busy=65.7µs time.idle=120ns
2026-10-07T19:58:54.489748Z  INFO falcon_algebraic:prove:falcon_algebraic:arithmetic:falcon_algebraic:binding:spartan:round_grinding_prove: bitz::sumcheck::boundary: close time.busy=67.8µs time.idle=110ns
2026-10-07T19:58:54.490396Z  INFO falcon_algebraic:prove:falcon_algebraic:arithmetic:falcon_algebraic:binding:inner_packed:fold_tail{round=8}: bitz::sumcheck::inner::packed::state: close time.busy=642µs time.idle=120ns
2026-10-07T19:58:54.490419Z  INFO falcon_algebraic:prove:falcon_algebraic:arithmetic:falcon_algebraic:binding:spartan:round_grinding_prove:spartan:grinding{bits=13}: bitz::piop::spartan::grinding: close time.busy=20.5µs time.idle=120ns
2026-10-07T19:58:54.490421Z  INFO falcon_algebraic:prove:falcon_algebraic:arithmetic:falcon_algebraic:binding:spartan:round_grinding_prove: bitz::sumcheck::boundary: close time.busy=22.7µs time.idle=110ns
2026-10-07T19:58:54.490754Z  INFO falcon_algebraic:prove:falcon_algebraic:arithmetic:falcon_algebraic:binding:inner_packed:fold_tail{round=9}: bitz::sumcheck::inner::packed::state: close time.busy=331µs time.idle=110ns
2026-10-07T19:58:54.490814Z  INFO falcon_algebraic:prove:falcon_algebraic:arithmetic:falcon_algebraic:binding:spartan:round_grinding_prove:spartan:grinding{bits=13}: bitz::piop::spartan::grinding: close time.busy=56.9µs time.idle=111ns
2026-10-07T19:58:54.490815Z  INFO falcon_algebraic:prove:falcon_algebraic:arithmetic:falcon_algebraic:binding:spartan:round_grinding_prove: bitz::sumcheck::boundary: close time.busy=59.1µs time.idle=90.0ns
2026-10-07T19:58:54.490985Z  INFO falcon_algebraic:prove:falcon_algebraic:arithmetic:falcon_algebraic:binding:inner_packed:fold_tail{round=10}: bitz::sumcheck::inner::packed::state: close time.busy=168µs time.idle=110ns
2026-10-07T19:58:54.491019Z  INFO falcon_algebraic:prove:falcon_algebraic:arithmetic:falcon_algebraic:binding:spartan:round_grinding_prove:spartan:grinding{bits=13}: bitz::piop::spartan::grinding: close time.busy=30.8µs time.idle=110ns
2026-10-07T19:58:54.491020Z  INFO falcon_algebraic:prove:falcon_algebraic:arithmetic:falcon_algebraic:binding:spartan:round_grinding_prove: bitz::sumcheck::boundary: close time.busy=33.0µs time.idle=111ns
2026-10-07T19:58:54.491112Z  INFO falcon_algebraic:prove:falcon_algebraic:arithmetic:falcon_algebraic:binding:inner_packed:fold_tail{round=11}: bitz::sumcheck::inner::packed::state: close time.busy=89.8µs time.idle=110ns
2026-10-07T19:58:54.491146Z  INFO falcon_algebraic:prove:falcon_algebraic:arithmetic:falcon_algebraic:binding:spartan:round_grinding_prove:spartan:grinding{bits=13}: bitz::piop::spartan::grinding: close time.busy=31.4µs time.idle=120ns
2026-10-07T19:58:54.491148Z  INFO falcon_algebraic:prove:falcon_algebraic:arithmetic:falcon_algebraic:binding:spartan:round_grinding_prove: bitz::sumcheck::boundary: close time.busy=34.1µs time.idle=100ns
2026-10-07T19:58:54.491197Z  INFO falcon_algebraic:prove:falcon_algebraic:arithmetic:falcon_algebraic:binding:inner_packed:fold_tail{round=12}: bitz::sumcheck::inner::packed::state: close time.busy=44.2µs time.idle=110ns
2026-10-07T19:58:54.491241Z  INFO falcon_algebraic:prove:falcon_algebraic:arithmetic:falcon_algebraic:binding:spartan:round_grinding_prove:spartan:grinding{bits=13}: bitz::piop::spartan::grinding: close time.busy=41.5µs time.idle=110ns
2026-10-07T19:58:54.491242Z  INFO falcon_algebraic:prove:falcon_algebraic:arithmetic:falcon_algebraic:binding:spartan:round_grinding_prove: bitz::sumcheck::boundary: close time.busy=43.6µs time.idle=100ns
2026-10-07T19:58:54.491267Z  INFO falcon_algebraic:prove:falcon_algebraic:arithmetic:falcon_algebraic:binding:inner_packed:fold_tail{round=13}: bitz::sumcheck::inner::packed::state: close time.busy=22.2µs time.idle=110ns
2026-10-07T19:58:54.491327Z  INFO falcon_algebraic:prove:falcon_algebraic:arithmetic:falcon_algebraic:binding:spartan:round_grinding_prove:spartan:grinding{bits=13}: bitz::piop::spartan::grinding: close time.busy=57.2µs time.idle=120ns
2026-10-07T19:58:54.491328Z  INFO falcon_algebraic:prove:falcon_algebraic:arithmetic:falcon_algebraic:binding:spartan:round_grinding_prove: bitz::sumcheck::boundary: close time.busy=59.3µs time.idle=90.0ns
2026-10-07T19:58:54.491342Z  INFO falcon_algebraic:prove:falcon_algebraic:arithmetic:falcon_algebraic:binding:inner_packed:fold_tail{round=14}: bitz::sumcheck::inner::packed::state: close time.busy=11.2µs time.idle=110ns
2026-10-07T19:58:54.491379Z  INFO falcon_algebraic:prove:falcon_algebraic:arithmetic:falcon_algebraic:binding:spartan:round_grinding_prove:spartan:grinding{bits=13}: bitz::piop::spartan::grinding: close time.busy=34.3µs time.idle=110ns
2026-10-07T19:58:54.491380Z  INFO falcon_algebraic:prove:falcon_algebraic:arithmetic:falcon_algebraic:binding:spartan:round_grinding_prove: bitz::sumcheck::boundary: close time.busy=36.3µs time.idle=110ns
2026-10-07T19:58:54.491388Z  INFO falcon_algebraic:prove:falcon_algebraic:arithmetic:falcon_algebraic:binding:inner_packed:fold_tail{round=15}: bitz::sumcheck::inner::packed::state: close time.busy=5.42µs time.idle=110ns
2026-10-07T19:58:54.491404Z  INFO falcon_algebraic:prove:falcon_algebraic:arithmetic:falcon_algebraic:binding:spartan:round_grinding_prove:spartan:grinding{bits=13}: bitz::piop::spartan::grinding: close time.busy=14.5µs time.idle=111ns
2026-10-07T19:58:54.491406Z  INFO falcon_algebraic:prove:falcon_algebraic:arithmetic:falcon_algebraic:binding:spartan:round_grinding_prove: bitz::sumcheck::boundary: close time.busy=16.7µs time.idle=100ns
2026-10-07T19:58:54.491411Z  INFO falcon_algebraic:prove:falcon_algebraic:arithmetic:falcon_algebraic:binding:inner_packed:fold_tail{round=16}: bitz::sumcheck::inner::packed::state: close time.busy=2.67µs time.idle=111ns
2026-10-07T19:58:54.491430Z  INFO falcon_algebraic:prove:falcon_algebraic:arithmetic:falcon_algebraic:binding:spartan:round_grinding_prove:spartan:grinding{bits=13}: bitz::piop::spartan::grinding: close time.busy=16.5µs time.idle=111ns
2026-10-07T19:58:54.491431Z  INFO falcon_algebraic:prove:falcon_algebraic:arithmetic:falcon_algebraic:binding:spartan:round_grinding_prove: bitz::sumcheck::boundary: close time.busy=18.6µs time.idle=290ns
2026-10-07T19:58:54.491439Z  INFO falcon_algebraic:prove:falcon_algebraic:arithmetic:falcon_algebraic:binding:inner_packed:fold_tail{round=17}: bitz::sumcheck::inner::packed::state: close time.busy=1.66µs time.idle=120ns
2026-10-07T19:58:54.491459Z  INFO falcon_algebraic:prove:falcon_algebraic:arithmetic:falcon_algebraic:binding:spartan:round_grinding_prove:spartan:grinding{bits=13}: bitz::piop::spartan::grinding: close time.busy=17.2µs time.idle=100ns
2026-10-07T19:58:54.491461Z  INFO falcon_algebraic:prove:falcon_algebraic:arithmetic:falcon_algebraic:binding:spartan:round_grinding_prove: bitz::sumcheck::boundary: close time.busy=20.2µs time.idle=121ns
2026-10-07T19:58:54.491463Z  INFO falcon_algebraic:prove:falcon_algebraic:arithmetic:falcon_algebraic:binding:inner_packed:fold_tail{round=18}: bitz::sumcheck::inner::packed::state: close time.busy=741ns time.idle=150ns
2026-10-07T19:58:54.491472Z  INFO falcon_algebraic:prove:falcon_algebraic:arithmetic:falcon_algebraic:binding:spartan:round_grinding_prove:spartan:grinding{bits=13}: bitz::piop::spartan::grinding: close time.busy=6.34µs time.idle=110ns
2026-10-07T19:58:54.491473Z  INFO falcon_algebraic:prove:falcon_algebraic:arithmetic:falcon_algebraic:binding:spartan:round_grinding_prove: bitz::sumcheck::boundary: close time.busy=8.19µs time.idle=110ns
2026-10-07T19:58:54.491475Z  INFO falcon_algebraic:prove:falcon_algebraic:arithmetic:falcon_algebraic:binding:inner_packed:fold_tail{round=19}: bitz::sumcheck::inner::packed::state: close time.busy=431ns time.idle=110ns
2026-10-07T19:58:54.491544Z  INFO falcon_algebraic:prove:falcon_algebraic:arithmetic:falcon_algebraic:binding:spartan:round_grinding_prove:spartan:grinding{bits=13}: bitz::piop::spartan::grinding: close time.busy=66.4µs time.idle=110ns
2026-10-07T19:58:54.491545Z  INFO falcon_algebraic:prove:falcon_algebraic:arithmetic:falcon_algebraic:binding:spartan:round_grinding_prove: bitz::sumcheck::boundary: close time.busy=68.3µs time.idle=110ns
2026-10-07T19:58:54.491547Z  INFO falcon_algebraic:prove:falcon_algebraic:arithmetic:falcon_algebraic:binding:inner_packed:fold_tail{round=20}: bitz::sumcheck::inner::packed::state: close time.busy=260ns time.idle=100ns
2026-10-07T19:58:54.491555Z  INFO falcon_algebraic:prove:falcon_algebraic:arithmetic:falcon_algebraic:binding:spartan:round_grinding_prove:spartan:grinding{bits=13}: bitz::piop::spartan::grinding: close time.busy=5.14µs time.idle=110ns
2026-10-07T19:58:54.491556Z  INFO falcon_algebraic:prove:falcon_algebraic:arithmetic:falcon_algebraic:binding:spartan:round_grinding_prove: bitz::sumcheck::boundary: close time.busy=6.94µs time.idle=121ns
2026-10-07T19:58:54.491558Z  INFO falcon_algebraic:prove:falcon_algebraic:arithmetic:falcon_algebraic:binding:inner_packed:fold_tail{round=21}: bitz::sumcheck::inner::packed::state: close time.busy=180ns time.idle=111ns
2026-10-07T19:58:54.491606Z  INFO falcon_algebraic:prove:falcon_algebraic:arithmetic:falcon_algebraic:binding:spartan:round_grinding_prove:spartan:grinding{bits=13}: bitz::piop::spartan::grinding: close time.busy=46.1µs time.idle=110ns
2026-10-07T19:58:54.491608Z  INFO falcon_algebraic:prove:falcon_algebraic:arithmetic:falcon_algebraic:binding:spartan:round_grinding_prove: bitz::sumcheck::boundary: close time.busy=47.9µs time.idle=100ns
2026-10-07T19:58:54.491610Z  INFO falcon_algebraic:prove:falcon_algebraic:arithmetic:falcon_algebraic:binding:inner_packed:fold_tail{round=22}: bitz::sumcheck::inner::packed::state: close time.busy=120ns time.idle=120ns
2026-10-07T19:58:54.491620Z  INFO falcon_algebraic:prove:falcon_algebraic:arithmetic:falcon_algebraic:binding:spartan:round_grinding_prove:spartan:grinding{bits=13}: bitz::piop::spartan::grinding: close time.busy=8.11µs time.idle=110ns
2026-10-07T19:58:54.491621Z  INFO falcon_algebraic:prove:falcon_algebraic:arithmetic:falcon_algebraic:binding:spartan:round_grinding_prove: bitz::sumcheck::boundary: close time.busy=10.1µs time.idle=110ns
2026-10-07T19:58:54.491623Z  INFO falcon_algebraic:prove:falcon_algebraic:arithmetic:falcon_algebraic:binding:inner_packed:fold_tail{round=23}: bitz::sumcheck::inner::packed::state: close time.busy=211ns time.idle=110ns
2026-10-07T19:58:54.498333Z  INFO falcon_algebraic:prove:falcon_algebraic:arithmetic:falcon_algebraic:binding: bitz::piop::spartan::falcon512_algebraic::arithmetic: close time.busy=139ms time.idle=111ns
2026-10-07T19:58:54.498336Z  INFO falcon_algebraic:prove:falcon_algebraic:arithmetic: bitz::piop::spartan::falcon512_algebraic::protocol: close time.busy=190ms time.idle=150ns
2026-10-07T19:58:54.500970Z  INFO falcon_algebraic:prove:falcon_algebraic:bitz:falcon_bridge:integer_folds: bitz::hybrid::integer_bridge: close time.busy=2.59ms time.idle=131ns
2026-10-07T19:58:54.502012Z  INFO falcon_algebraic:prove:falcon_algebraic:bitz:falcon_bridge:column_packing: bitz::hybrid::integer_bridge: close time.busy=849µs time.idle=170ns
2026-10-07T19:58:54.502383Z  INFO falcon_algebraic:prove:falcon_algebraic:bitz:falcon_bridge:power_tables: bitz::hybrid::integer_bridge: close time.busy=370µs time.idle=160ns
2026-10-07T19:58:54.502395Z  INFO falcon_algebraic:prove:falcon_algebraic:bitz:spartan:grinding{bits=14}: bitz::piop::spartan::grinding: close time.busy=9.01µs time.idle=110ns
2026-10-07T19:58:54.510380Z  INFO falcon_algebraic:prove:falcon_algebraic:bitz:falcon_bridge:wfbitz_forest:spartan:grinding{bits=14}: bitz::piop::spartan::grinding: close time.busy=41.1µs time.idle=182ns
2026-10-07T19:58:54.510556Z  INFO falcon_algebraic:prove:falcon_algebraic:bitz:falcon_bridge:wfbitz_forest:spartan:grinding{bits=14}: bitz::piop::spartan::grinding: close time.busy=164µs time.idle=120ns
2026-10-07T19:58:54.510614Z  INFO falcon_algebraic:prove:falcon_algebraic:bitz:falcon_bridge:wfbitz_forest:spartan:grinding{bits=14}: bitz::piop::spartan::grinding: close time.busy=52.9µs time.idle=110ns
2026-10-07T19:58:54.510652Z  INFO falcon_algebraic:prove:falcon_algebraic:bitz:falcon_bridge:wfbitz_forest:spartan:grinding{bits=14}: bitz::piop::spartan::grinding: close time.busy=33.7µs time.idle=110ns
2026-10-07T19:58:54.510813Z  INFO falcon_algebraic:prove:falcon_algebraic:bitz:falcon_bridge:wfbitz_forest:spartan:grinding{bits=14}: bitz::piop::spartan::grinding: close time.busy=157µs time.idle=121ns
2026-10-07T19:58:54.511021Z  INFO falcon_algebraic:prove:falcon_algebraic:bitz:falcon_bridge:wfbitz_forest:spartan:grinding{bits=14}: bitz::piop::spartan::grinding: close time.busy=205µs time.idle=110ns
2026-10-07T19:58:54.511097Z  INFO falcon_algebraic:prove:falcon_algebraic:bitz:falcon_bridge:wfbitz_forest:spartan:grinding{bits=14}: bitz::piop::spartan::grinding: close time.busy=72.6µs time.idle=110ns
2026-10-07T19:58:54.511130Z  INFO falcon_algebraic:prove:falcon_algebraic:bitz:falcon_bridge:wfbitz_forest:spartan:grinding{bits=14}: bitz::piop::spartan::grinding: close time.busy=30.6µs time.idle=110ns
2026-10-07T19:58:54.511137Z  INFO falcon_algebraic:prove:falcon_algebraic:bitz:falcon_bridge:wfbitz_forest:spartan:grinding{bits=14}: bitz::piop::spartan::grinding: close time.busy=4.19µs time.idle=120ns
2026-10-07T19:58:54.511146Z  INFO falcon_algebraic:prove:falcon_algebraic:bitz:falcon_bridge:wfbitz_forest:spartan:grinding{bits=14}: bitz::piop::spartan::grinding: close time.busy=5.43µs time.idle=110ns
2026-10-07T19:58:54.511236Z  INFO falcon_algebraic:prove:falcon_algebraic:bitz:falcon_bridge:wfbitz_forest:spartan:grinding{bits=14}: bitz::piop::spartan::grinding: close time.busy=87.1µs time.idle=111ns
2026-10-07T19:58:54.511276Z  INFO falcon_algebraic:prove:falcon_algebraic:bitz:falcon_bridge:wfbitz_forest:spartan:grinding{bits=14}: bitz::piop::spartan::grinding: close time.busy=36.3µs time.idle=120ns
2026-10-07T19:58:54.511343Z  INFO falcon_algebraic:prove:falcon_algebraic:bitz:falcon_bridge:wfbitz_forest:spartan:grinding{bits=14}: bitz::piop::spartan::grinding: close time.busy=64.8µs time.idle=111ns
2026-10-07T19:58:54.511427Z  INFO falcon_algebraic:prove:falcon_algebraic:bitz:falcon_bridge:wfbitz_forest:spartan:grinding{bits=14}: bitz::piop::spartan::grinding: close time.busy=66.1µs time.idle=110ns
2026-10-07T19:58:54.511490Z  INFO falcon_algebraic:prove:falcon_algebraic:bitz:falcon_bridge:wfbitz_forest:spartan:grinding{bits=14}: bitz::piop::spartan::grinding: close time.busy=54.4µs time.idle=121ns
2026-10-07T19:58:54.511560Z  INFO falcon_algebraic:prove:falcon_algebraic:bitz:falcon_bridge:wfbitz_forest:spartan:grinding{bits=14}: bitz::piop::spartan::grinding: close time.busy=61.7µs time.idle=110ns
2026-10-07T19:58:54.511703Z  INFO falcon_algebraic:prove:falcon_algebraic:bitz:falcon_bridge:wfbitz_forest:spartan:grinding{bits=14}: bitz::piop::spartan::grinding: close time.busy=137µs time.idle=111ns
2026-10-07T19:58:54.511747Z  INFO falcon_algebraic:prove:falcon_algebraic:bitz:falcon_bridge:wfbitz_forest:spartan:grinding{bits=14}: bitz::piop::spartan::grinding: close time.busy=39.3µs time.idle=110ns
2026-10-07T19:58:54.511755Z  INFO falcon_algebraic:prove:falcon_algebraic:bitz:falcon_bridge:wfbitz_forest:spartan:grinding{bits=14}: bitz::piop::spartan::grinding: close time.busy=4.07µs time.idle=111ns
2026-10-07T19:58:54.511822Z  INFO falcon_algebraic:prove:falcon_algebraic:bitz:falcon_bridge:wfbitz_forest:spartan:grinding{bits=14}: bitz::piop::spartan::grinding: close time.busy=64.3µs time.idle=110ns
2026-10-07T19:58:54.511847Z  INFO falcon_algebraic:prove:falcon_algebraic:bitz:falcon_bridge:wfbitz_forest:spartan:grinding{bits=14}: bitz::piop::spartan::grinding: close time.busy=22.5µs time.idle=100ns
2026-10-07T19:58:54.511861Z  INFO falcon_algebraic:prove:falcon_algebraic:bitz:falcon_bridge:wfbitz_forest:spartan:grinding{bits=14}: bitz::piop::spartan::grinding: close time.busy=11.1µs time.idle=110ns
2026-10-07T19:58:54.511889Z  INFO falcon_algebraic:prove:falcon_algebraic:bitz:falcon_bridge:wfbitz_forest:spartan:grinding{bits=14}: bitz::piop::spartan::grinding: close time.busy=25.1µs time.idle=100ns
2026-10-07T19:58:54.511901Z  INFO falcon_algebraic:prove:falcon_algebraic:bitz:falcon_bridge:wfbitz_forest:spartan:grinding{bits=14}: bitz::piop::spartan::grinding: close time.busy=9.41µs time.idle=110ns
2026-10-07T19:58:54.511920Z  INFO falcon_algebraic:prove:falcon_algebraic:bitz:falcon_bridge:wfbitz_forest:spartan:grinding{bits=14}: bitz::piop::spartan::grinding: close time.busy=16.1µs time.idle=110ns
2026-10-07T19:58:54.511975Z  INFO falcon_algebraic:prove:falcon_algebraic:bitz:falcon_bridge:wfbitz_forest:spartan:grinding{bits=14}: bitz::piop::spartan::grinding: close time.busy=52.4µs time.idle=110ns
2026-10-07T19:58:54.512027Z  INFO falcon_algebraic:prove:falcon_algebraic:bitz:falcon_bridge:wfbitz_forest:spartan:grinding{bits=14}: bitz::piop::spartan::grinding: close time.busy=49.5µs time.idle=110ns
2026-10-07T19:58:54.512153Z  INFO falcon_algebraic:prove:falcon_algebraic:bitz:falcon_bridge:wfbitz_forest:spartan:grinding{bits=14}: bitz::piop::spartan::grinding: close time.busy=99.7µs time.idle=110ns
2026-10-07T19:58:54.512181Z  INFO falcon_algebraic:prove:falcon_algebraic:bitz:falcon_bridge:wfbitz_forest:spartan:grinding{bits=14}: bitz::piop::spartan::grinding: close time.busy=7.34µs time.idle=112ns
2026-10-07T19:58:54.512213Z  INFO falcon_algebraic:prove:falcon_algebraic:bitz:falcon_bridge:wfbitz_forest:spartan:grinding{bits=14}: bitz::piop::spartan::grinding: close time.busy=23.1µs time.idle=110ns
2026-10-07T19:58:54.512239Z  INFO falcon_algebraic:prove:falcon_algebraic:bitz:falcon_bridge:wfbitz_forest:spartan:grinding{bits=14}: bitz::piop::spartan::grinding: close time.busy=10.0µs time.idle=100ns
2026-10-07T19:58:54.512327Z  INFO falcon_algebraic:prove:falcon_algebraic:bitz:falcon_bridge:wfbitz_forest:spartan:grinding{bits=14}: bitz::piop::spartan::grinding: close time.busy=82.5µs time.idle=110ns
2026-10-07T19:58:54.512381Z  INFO falcon_algebraic:prove:falcon_algebraic:bitz:falcon_bridge:wfbitz_forest:spartan:grinding{bits=14}: bitz::piop::spartan::grinding: close time.busy=50.4µs time.idle=120ns
2026-10-07T19:58:54.512391Z  INFO falcon_algebraic:prove:falcon_algebraic:bitz:falcon_bridge:wfbitz_forest:spartan:grinding{bits=14}: bitz::piop::spartan::grinding: close time.busy=6.19µs time.idle=111ns
2026-10-07T19:58:54.512460Z  INFO falcon_algebraic:prove:falcon_algebraic:bitz:falcon_bridge:wfbitz_forest:spartan:grinding{bits=14}: bitz::piop::spartan::grinding: close time.busy=65.9µs time.idle=110ns
2026-10-07T19:58:54.512550Z  INFO falcon_algebraic:prove:falcon_algebraic:bitz:falcon_bridge:wfbitz_forest:spartan:grinding{bits=14}: bitz::piop::spartan::grinding: close time.busy=86.3µs time.idle=110ns
2026-10-07T19:58:54.512560Z  INFO falcon_algebraic:prove:falcon_algebraic:bitz:falcon_bridge:wfbitz_forest:spartan:grinding{bits=14}: bitz::piop::spartan::grinding: close time.busy=7.92µs time.idle=100ns
2026-10-07T19:58:54.512600Z  INFO falcon_algebraic:prove:falcon_algebraic:bitz:falcon_bridge:wfbitz_forest:spartan:grinding{bits=14}: bitz::piop::spartan::grinding: close time.busy=35.7µs time.idle=110ns
2026-10-07T19:58:54.512650Z  INFO falcon_algebraic:prove:falcon_algebraic:bitz:falcon_bridge:wfbitz_forest:spartan:grinding{bits=14}: bitz::piop::spartan::grinding: close time.busy=47.6µs time.idle=120ns
2026-10-07T19:58:54.512701Z  INFO falcon_algebraic:prove:falcon_algebraic:bitz:falcon_bridge:wfbitz_forest:spartan:grinding{bits=14}: bitz::piop::spartan::grinding: close time.busy=47.3µs time.idle=120ns
2026-10-07T19:58:54.512714Z  INFO falcon_algebraic:prove:falcon_algebraic:bitz:falcon_bridge:wfbitz_forest:spartan:grinding{bits=14}: bitz::piop::spartan::grinding: close time.busy=10.2µs time.idle=120ns
2026-10-07T19:58:54.512737Z  INFO falcon_algebraic:prove:falcon_algebraic:bitz:falcon_bridge:wfbitz_forest:spartan:grinding{bits=14}: bitz::piop::spartan::grinding: close time.busy=20.9µs time.idle=110ns
2026-10-07T19:58:54.512938Z  INFO falcon_algebraic:prove:falcon_algebraic:bitz:falcon_bridge:wfbitz_forest:spartan:grinding{bits=14}: bitz::piop::spartan::grinding: close time.busy=163µs time.idle=110ns
2026-10-07T19:58:54.512985Z  INFO falcon_algebraic:prove:falcon_algebraic:bitz:falcon_bridge:wfbitz_forest:spartan:grinding{bits=14}: bitz::piop::spartan::grinding: close time.busy=11.2µs time.idle=100ns
2026-10-07T19:58:54.513073Z  INFO falcon_algebraic:prove:falcon_algebraic:bitz:falcon_bridge:wfbitz_forest:spartan:grinding{bits=14}: bitz::piop::spartan::grinding: close time.busy=70.9µs time.idle=110ns
2026-10-07T19:58:54.513099Z  INFO falcon_algebraic:prove:falcon_algebraic:bitz:falcon_bridge:wfbitz_forest:spartan:grinding{bits=14}: bitz::piop::spartan::grinding: close time.busy=18.2µs time.idle=90.0ns
2026-10-07T19:58:54.513224Z  INFO falcon_algebraic:prove:falcon_algebraic:bitz:falcon_bridge:wfbitz_forest:spartan:grinding{bits=14}: bitz::piop::spartan::grinding: close time.busy=110µs time.idle=120ns
2026-10-07T19:58:54.513245Z  INFO falcon_algebraic:prove:falcon_algebraic:bitz:falcon_bridge:wfbitz_forest:spartan:grinding{bits=14}: bitz::piop::spartan::grinding: close time.busy=15.3µs time.idle=100ns
2026-10-07T19:58:54.513264Z  INFO falcon_algebraic:prove:falcon_algebraic:bitz:falcon_bridge:wfbitz_forest:spartan:grinding{bits=14}: bitz::piop::spartan::grinding: close time.busy=14.4µs time.idle=110ns
2026-10-07T19:58:54.513350Z  INFO falcon_algebraic:prove:falcon_algebraic:bitz:falcon_bridge:wfbitz_forest:spartan:grinding{bits=14}: bitz::piop::spartan::grinding: close time.busy=82.8µs time.idle=100ns
2026-10-07T19:58:54.513406Z  INFO falcon_algebraic:prove:falcon_algebraic:bitz:falcon_bridge:wfbitz_forest:spartan:grinding{bits=14}: bitz::piop::spartan::grinding: close time.busy=52.5µs time.idle=120ns
2026-10-07T19:58:54.513447Z  INFO falcon_algebraic:prove:falcon_algebraic:bitz:falcon_bridge:wfbitz_forest:spartan:grinding{bits=14}: bitz::piop::spartan::grinding: close time.busy=38.0µs time.idle=112ns
2026-10-07T19:58:54.513483Z  INFO falcon_algebraic:prove:falcon_algebraic:bitz:falcon_bridge:wfbitz_forest:spartan:grinding{bits=14}: bitz::piop::spartan::grinding: close time.busy=32.2µs time.idle=100ns
2026-10-07T19:58:54.513493Z  INFO falcon_algebraic:prove:falcon_algebraic:bitz:falcon_bridge:wfbitz_forest:spartan:grinding{bits=14}: bitz::piop::spartan::grinding: close time.busy=7.75µs time.idle=110ns
2026-10-07T19:58:54.513524Z  INFO falcon_algebraic:prove:falcon_algebraic:bitz:falcon_bridge:wfbitz_forest:spartan:grinding{bits=14}: bitz::piop::spartan::grinding: close time.busy=28.0µs time.idle=112ns
2026-10-07T19:58:54.513681Z  INFO falcon_algebraic:prove:falcon_algebraic:bitz:falcon_bridge:wfbitz_forest:spartan:grinding{bits=14}: bitz::piop::spartan::grinding: close time.busy=154µs time.idle=110ns
2026-10-07T19:58:54.513705Z  INFO falcon_algebraic:prove:falcon_algebraic:bitz:falcon_bridge:wfbitz_forest:spartan:grinding{bits=14}: bitz::piop::spartan::grinding: close time.busy=21.2µs time.idle=111ns
2026-10-07T19:58:54.513776Z  INFO falcon_algebraic:prove:falcon_algebraic:bitz:falcon_bridge:wfbitz_forest:spartan:grinding{bits=14}: bitz::piop::spartan::grinding: close time.busy=67.2µs time.idle=120ns
2026-10-07T19:58:54.513864Z  INFO falcon_algebraic:prove:falcon_algebraic:bitz:falcon_bridge:wfbitz_forest:spartan:grinding{bits=14}: bitz::piop::spartan::grinding: close time.busy=25.3µs time.idle=112ns
2026-10-07T19:58:54.513935Z  INFO falcon_algebraic:prove:falcon_algebraic:bitz:falcon_bridge:wfbitz_forest:spartan:grinding{bits=14}: bitz::piop::spartan::grinding: close time.busy=4.30µs time.idle=100ns
2026-10-07T19:58:54.513974Z  INFO falcon_algebraic:prove:falcon_algebraic:bitz:falcon_bridge:wfbitz_forest:spartan:grinding{bits=14}: bitz::piop::spartan::grinding: close time.busy=10.4µs time.idle=100ns
2026-10-07T19:58:54.514120Z  INFO falcon_algebraic:prove:falcon_algebraic:bitz:falcon_bridge:wfbitz_forest:spartan:grinding{bits=14}: bitz::piop::spartan::grinding: close time.busy=129µs time.idle=171ns
2026-10-07T19:58:54.514148Z  INFO falcon_algebraic:prove:falcon_algebraic:bitz:falcon_bridge:wfbitz_forest:spartan:grinding{bits=14}: bitz::piop::spartan::grinding: close time.busy=19.4µs time.idle=121ns
2026-10-07T19:58:54.514180Z  INFO falcon_algebraic:prove:falcon_algebraic:bitz:falcon_bridge:wfbitz_forest:spartan:grinding{bits=14}: bitz::piop::spartan::grinding: close time.busy=16.4µs time.idle=110ns
2026-10-07T19:58:54.514207Z  INFO falcon_algebraic:prove:falcon_algebraic:bitz:falcon_bridge:wfbitz_forest:spartan:grinding{bits=14}: bitz::piop::spartan::grinding: close time.busy=20.4µs time.idle=120ns
2026-10-07T19:58:54.514296Z  INFO falcon_algebraic:prove:falcon_algebraic:bitz:falcon_bridge:wfbitz_forest:spartan:grinding{bits=14}: bitz::piop::spartan::grinding: close time.busy=84.1µs time.idle=110ns
2026-10-07T19:58:54.514393Z  INFO falcon_algebraic:prove:falcon_algebraic:bitz:falcon_bridge:wfbitz_forest:spartan:grinding{bits=14}: bitz::piop::spartan::grinding: close time.busy=93.3µs time.idle=101ns
2026-10-07T19:58:54.514473Z  INFO falcon_algebraic:prove:falcon_algebraic:bitz:falcon_bridge:wfbitz_forest:spartan:grinding{bits=14}: bitz::piop::spartan::grinding: close time.busy=76.5µs time.idle=110ns
2026-10-07T19:58:54.514677Z  INFO falcon_algebraic:prove:falcon_algebraic:bitz:falcon_bridge:wfbitz_forest:spartan:grinding{bits=14}: bitz::piop::spartan::grinding: close time.busy=201µs time.idle=110ns
2026-10-07T19:58:54.514726Z  INFO falcon_algebraic:prove:falcon_algebraic:bitz:falcon_bridge:wfbitz_forest:spartan:grinding{bits=14}: bitz::piop::spartan::grinding: close time.busy=46.8µs time.idle=111ns
2026-10-07T19:58:54.514829Z  INFO falcon_algebraic:prove:falcon_algebraic:bitz:falcon_bridge:wfbitz_forest:spartan:grinding{bits=14}: bitz::piop::spartan::grinding: close time.busy=100µs time.idle=120ns
2026-10-07T19:58:54.514888Z  INFO falcon_algebraic:prove:falcon_algebraic:bitz:falcon_bridge:wfbitz_forest:spartan:grinding{bits=14}: bitz::piop::spartan::grinding: close time.busy=56.7µs time.idle=110ns
2026-10-07T19:58:54.514915Z  INFO falcon_algebraic:prove:falcon_algebraic:bitz:falcon_bridge:wfbitz_forest:spartan:grinding{bits=14}: bitz::piop::spartan::grinding: close time.busy=25.1µs time.idle=120ns
2026-10-07T19:58:54.514955Z  INFO falcon_algebraic:prove:falcon_algebraic:bitz:falcon_bridge:wfbitz_forest:spartan:grinding{bits=14}: bitz::piop::spartan::grinding: close time.busy=37.0µs time.idle=110ns
2026-10-07T19:58:54.514988Z  INFO falcon_algebraic:prove:falcon_algebraic:bitz:falcon_bridge:wfbitz_forest:spartan:grinding{bits=14}: bitz::piop::spartan::grinding: close time.busy=30.7µs time.idle=110ns
2026-10-07T19:58:54.515151Z  INFO falcon_algebraic:prove:falcon_algebraic:bitz:falcon_bridge:wfbitz_forest:spartan:grinding{bits=14}: bitz::piop::spartan::grinding: close time.busy=47.8µs time.idle=110ns
2026-10-07T19:58:54.515312Z  INFO falcon_algebraic:prove:falcon_algebraic:bitz:falcon_bridge:wfbitz_forest:spartan:grinding{bits=14}: bitz::piop::spartan::grinding: close time.busy=37.0µs time.idle=120ns
2026-10-07T19:58:54.515500Z  INFO falcon_algebraic:prove:falcon_algebraic:bitz:falcon_bridge:wfbitz_forest:spartan:grinding{bits=14}: bitz::piop::spartan::grinding: close time.busy=137µs time.idle=121ns
2026-10-07T19:58:54.515659Z  INFO falcon_algebraic:prove:falcon_algebraic:bitz:falcon_bridge:wfbitz_forest:spartan:grinding{bits=14}: bitz::piop::spartan::grinding: close time.busy=132µs time.idle=121ns
2026-10-07T19:58:54.515810Z  INFO falcon_algebraic:prove:falcon_algebraic:bitz:falcon_bridge:wfbitz_forest:spartan:grinding{bits=14}: bitz::piop::spartan::grinding: close time.busy=134µs time.idle=100ns
2026-10-07T19:58:54.515936Z  INFO falcon_algebraic:prove:falcon_algebraic:bitz:falcon_bridge:wfbitz_forest:spartan:grinding{bits=14}: bitz::piop::spartan::grinding: close time.busy=117µs time.idle=100ns
2026-10-07T19:58:54.515989Z  INFO falcon_algebraic:prove:falcon_algebraic:bitz:falcon_bridge:wfbitz_forest:spartan:grinding{bits=14}: bitz::piop::spartan::grinding: close time.busy=37.2µs time.idle=130ns
2026-10-07T19:58:54.516055Z  INFO falcon_algebraic:prove:falcon_algebraic:bitz:falcon_bridge:wfbitz_forest:spartan:grinding{bits=14}: bitz::piop::spartan::grinding: close time.busy=60.7µs time.idle=112ns
2026-10-07T19:58:54.516077Z  INFO falcon_algebraic:prove:falcon_algebraic:bitz:falcon_bridge:wfbitz_forest:spartan:grinding{bits=14}: bitz::piop::spartan::grinding: close time.busy=18.0µs time.idle=110ns
2026-10-07T19:58:54.516145Z  INFO falcon_algebraic:prove:falcon_algebraic:bitz:falcon_bridge:wfbitz_forest:spartan:grinding{bits=14}: bitz::piop::spartan::grinding: close time.busy=64.5µs time.idle=111ns
2026-10-07T19:58:54.516155Z  INFO falcon_algebraic:prove:falcon_algebraic:bitz:falcon_bridge:wfbitz_forest:spartan:grinding{bits=14}: bitz::piop::spartan::grinding: close time.busy=7.75µs time.idle=121ns
2026-10-07T19:58:54.516183Z  INFO falcon_algebraic:prove:falcon_algebraic:bitz:falcon_bridge:wfbitz_forest:spartan:grinding{bits=14}: bitz::piop::spartan::grinding: close time.busy=25.0µs time.idle=100ns
2026-10-07T19:58:54.516250Z  INFO falcon_algebraic:prove:falcon_algebraic:bitz:falcon_bridge:wfbitz_forest:spartan:grinding{bits=14}: bitz::piop::spartan::grinding: close time.busy=64.1µs time.idle=121ns
2026-10-07T19:58:54.516269Z  INFO falcon_algebraic:prove:falcon_algebraic:bitz:falcon_bridge:wfbitz_forest:spartan:grinding{bits=14}: bitz::piop::spartan::grinding: close time.busy=16.6µs time.idle=121ns
2026-10-07T19:58:54.516295Z  INFO falcon_algebraic:prove:falcon_algebraic:bitz:falcon_bridge:wfbitz_forest:spartan:grinding{bits=14}: bitz::piop::spartan::grinding: close time.busy=23.3µs time.idle=110ns
2026-10-07T19:58:54.516438Z  INFO falcon_algebraic:prove:falcon_algebraic:bitz:falcon_bridge:wfbitz_forest:spartan:grinding{bits=14}: bitz::piop::spartan::grinding: close time.busy=140µs time.idle=110ns
2026-10-07T19:58:54.516457Z  INFO falcon_algebraic:prove:falcon_algebraic:bitz:falcon_bridge:wfbitz_forest:spartan:grinding{bits=14}: bitz::piop::spartan::grinding: close time.busy=17.1µs time.idle=110ns
2026-10-07T19:58:54.516507Z  INFO falcon_algebraic:prove:falcon_algebraic:bitz:falcon_bridge:wfbitz_forest:spartan:grinding{bits=14}: bitz::piop::spartan::grinding: close time.busy=47.3µs time.idle=90.0ns
2026-10-07T19:58:54.516747Z  INFO falcon_algebraic:prove:falcon_algebraic:bitz:falcon_bridge:wfbitz_forest:spartan:grinding{bits=14}: bitz::piop::spartan::grinding: close time.busy=23.4µs time.idle=110ns
2026-10-07T19:58:54.517056Z  INFO falcon_algebraic:prove:falcon_algebraic:bitz:falcon_bridge:wfbitz_forest:spartan:grinding{bits=14}: bitz::piop::spartan::grinding: close time.busy=67.3µs time.idle=121ns
2026-10-07T19:58:54.517254Z  INFO falcon_algebraic:prove:falcon_algebraic:bitz:falcon_bridge:wfbitz_forest:spartan:grinding{bits=14}: bitz::piop::spartan::grinding: close time.busy=102µs time.idle=120ns
2026-10-07T19:58:54.517329Z  INFO falcon_algebraic:prove:falcon_algebraic:bitz:falcon_bridge:wfbitz_forest:spartan:grinding{bits=14}: bitz::piop::spartan::grinding: close time.busy=24.4µs time.idle=110ns
2026-10-07T19:58:54.517403Z  INFO falcon_algebraic:prove:falcon_algebraic:bitz:falcon_bridge:wfbitz_forest:spartan:grinding{bits=14}: bitz::piop::spartan::grinding: close time.busy=45.2µs time.idle=111ns
2026-10-07T19:58:54.517514Z  INFO falcon_algebraic:prove:falcon_algebraic:bitz:falcon_bridge:wfbitz_forest:spartan:grinding{bits=14}: bitz::piop::spartan::grinding: close time.busy=93.8µs time.idle=191ns
2026-10-07T19:58:54.517540Z  INFO falcon_algebraic:prove:falcon_algebraic:bitz:falcon_bridge:wfbitz_forest:spartan:grinding{bits=14}: bitz::piop::spartan::grinding: close time.busy=18.5µs time.idle=130ns
2026-10-07T19:58:54.517578Z  INFO falcon_algebraic:prove:falcon_algebraic:bitz:falcon_bridge:wfbitz_forest:spartan:grinding{bits=14}: bitz::piop::spartan::grinding: close time.busy=22.2µs time.idle=110ns
2026-10-07T19:58:54.517632Z  INFO falcon_algebraic:prove:falcon_algebraic:bitz:falcon_bridge:wfbitz_forest:spartan:grinding{bits=14}: bitz::piop::spartan::grinding: close time.busy=48.1µs time.idle=110ns
2026-10-07T19:58:54.517678Z  INFO falcon_algebraic:prove:falcon_algebraic:bitz:falcon_bridge:wfbitz_forest:spartan:grinding{bits=14}: bitz::piop::spartan::grinding: close time.busy=42.7µs time.idle=110ns
2026-10-07T19:58:54.517785Z  INFO falcon_algebraic:prove:falcon_algebraic:bitz:falcon_bridge:wfbitz_forest:spartan:grinding{bits=14}: bitz::piop::spartan::grinding: close time.busy=103µs time.idle=101ns
2026-10-07T19:58:54.517853Z  INFO falcon_algebraic:prove:falcon_algebraic:bitz:falcon_bridge:wfbitz_forest:spartan:grinding{bits=14}: bitz::piop::spartan::grinding: close time.busy=64.6µs time.idle=110ns
2026-10-07T19:58:54.517879Z  INFO falcon_algebraic:prove:falcon_algebraic:bitz:falcon_bridge:wfbitz_forest:spartan:grinding{bits=14}: bitz::piop::spartan::grinding: close time.busy=23.8µs time.idle=100ns
2026-10-07T19:58:54.518089Z  INFO falcon_algebraic:prove:falcon_algebraic:bitz:falcon_bridge:wfbitz_forest:spartan:grinding{bits=14}: bitz::piop::spartan::grinding: close time.busy=207µs time.idle=110ns
2026-10-07T19:58:54.518114Z  INFO falcon_algebraic:prove:falcon_algebraic:bitz:falcon_bridge:wfbitz_forest:spartan:grinding{bits=14}: bitz::piop::spartan::grinding: close time.busy=22.8µs time.idle=121ns
2026-10-07T19:58:54.518123Z  INFO falcon_algebraic:prove:falcon_algebraic:bitz:falcon_bridge:wfbitz_forest:spartan:grinding{bits=14}: bitz::piop::spartan::grinding: close time.busy=6.20µs time.idle=120ns
2026-10-07T19:58:54.518197Z  INFO falcon_algebraic:prove:falcon_algebraic:bitz:falcon_bridge:wfbitz_forest:spartan:grinding{bits=14}: bitz::piop::spartan::grinding: close time.busy=70.5µs time.idle=111ns
2026-10-07T19:58:54.518230Z  INFO falcon_algebraic:prove:falcon_algebraic:bitz:falcon_bridge:wfbitz_forest:spartan:grinding{bits=14}: bitz::piop::spartan::grinding: close time.busy=29.9µs time.idle=120ns
2026-10-07T19:58:54.518345Z  INFO falcon_algebraic:prove:falcon_algebraic:bitz:falcon_bridge:wfbitz_forest:spartan:grinding{bits=14}: bitz::piop::spartan::grinding: close time.busy=113µs time.idle=110ns
2026-10-07T19:58:54.518797Z  INFO falcon_algebraic:prove:falcon_algebraic:bitz:falcon_bridge:wfbitz_forest:spartan:grinding{bits=14}: bitz::piop::spartan::grinding: close time.busy=31.3µs time.idle=121ns
2026-10-07T19:58:54.519417Z  INFO falcon_algebraic:prove:falcon_algebraic:bitz:falcon_bridge:wfbitz_forest:spartan:grinding{bits=14}: bitz::piop::spartan::grinding: close time.busy=143µs time.idle=120ns
2026-10-07T19:58:54.519770Z  INFO falcon_algebraic:prove:falcon_algebraic:bitz:falcon_bridge:wfbitz_forest:spartan:grinding{bits=14}: bitz::piop::spartan::grinding: close time.busy=170µs time.idle=100ns
2026-10-07T19:58:54.519934Z  INFO falcon_algebraic:prove:falcon_algebraic:bitz:falcon_bridge:wfbitz_forest:spartan:grinding{bits=14}: bitz::piop::spartan::grinding: close time.busy=69.3µs time.idle=120ns
2026-10-07T19:58:54.520043Z  INFO falcon_algebraic:prove:falcon_algebraic:bitz:falcon_bridge:wfbitz_forest:spartan:grinding{bits=14}: bitz::piop::spartan::grinding: close time.busy=59.2µs time.idle=110ns
2026-10-07T19:58:54.520111Z  INFO falcon_algebraic:prove:falcon_algebraic:bitz:falcon_bridge:wfbitz_forest:spartan:grinding{bits=14}: bitz::piop::spartan::grinding: close time.busy=37.3µs time.idle=110ns
2026-10-07T19:58:54.520195Z  INFO falcon_algebraic:prove:falcon_algebraic:bitz:falcon_bridge:wfbitz_forest:spartan:grinding{bits=14}: bitz::piop::spartan::grinding: close time.busy=66.4µs time.idle=110ns
2026-10-07T19:58:54.520262Z  INFO falcon_algebraic:prove:falcon_algebraic:bitz:falcon_bridge:wfbitz_forest:spartan:grinding{bits=14}: bitz::piop::spartan::grinding: close time.busy=58.9µs time.idle=110ns
2026-10-07T19:58:54.520437Z  INFO falcon_algebraic:prove:falcon_algebraic:bitz:falcon_bridge:wfbitz_forest:spartan:grinding{bits=14}: bitz::piop::spartan::grinding: close time.busy=160µs time.idle=110ns
2026-10-07T19:58:54.520505Z  INFO falcon_algebraic:prove:falcon_algebraic:bitz:falcon_bridge:wfbitz_forest:spartan:grinding{bits=14}: bitz::piop::spartan::grinding: close time.busy=61.9µs time.idle=100ns
2026-10-07T19:58:54.520531Z  INFO falcon_algebraic:prove:falcon_algebraic:bitz:falcon_bridge:wfbitz_forest:spartan:grinding{bits=14}: bitz::piop::spartan::grinding: close time.busy=21.2µs time.idle=120ns
2026-10-07T19:58:54.520568Z  INFO falcon_algebraic:prove:falcon_algebraic:bitz:falcon_bridge:wfbitz_forest:spartan:grinding{bits=14}: bitz::piop::spartan::grinding: close time.busy=33.5µs time.idle=120ns
2026-10-07T19:58:54.520615Z  INFO falcon_algebraic:prove:falcon_algebraic:bitz:falcon_bridge:wfbitz_forest:spartan:grinding{bits=14}: bitz::piop::spartan::grinding: close time.busy=43.7µs time.idle=120ns
2026-10-07T19:58:54.520676Z  INFO falcon_algebraic:prove:falcon_algebraic:bitz:falcon_bridge:wfbitz_forest:spartan:grinding{bits=14}: bitz::piop::spartan::grinding: close time.busy=57.4µs time.idle=110ns
2026-10-07T19:58:54.520780Z  INFO falcon_algebraic:prove:falcon_algebraic:bitz:falcon_bridge:wfbitz_forest:spartan:grinding{bits=14}: bitz::piop::spartan::grinding: close time.busy=102µs time.idle=260ns
2026-10-07T19:58:54.520814Z  INFO falcon_algebraic:prove:falcon_algebraic:bitz:falcon_bridge:wfbitz_forest:spartan:grinding{bits=14}: bitz::piop::spartan::grinding: close time.busy=31.8µs time.idle=110ns
2026-10-07T19:58:54.520853Z  INFO falcon_algebraic:prove:falcon_algebraic:bitz:falcon_bridge:wfbitz_forest:spartan:grinding{bits=14}: bitz::piop::spartan::grinding: close time.busy=35.9µs time.idle=110ns
2026-10-07T19:58:54.520896Z  INFO falcon_algebraic:prove:falcon_algebraic:bitz:falcon_bridge:wfbitz_forest:spartan:grinding{bits=14}: bitz::piop::spartan::grinding: close time.busy=40.6µs time.idle=110ns
2026-10-07T19:58:54.520981Z  INFO falcon_algebraic:prove:falcon_algebraic:bitz:falcon_bridge:wfbitz_forest:spartan:grinding{bits=14}: bitz::piop::spartan::grinding: close time.busy=82.1µs time.idle=110ns
2026-10-07T19:58:54.521013Z  INFO falcon_algebraic:prove:falcon_algebraic:bitz:falcon_bridge:wfbitz_forest:spartan:grinding{bits=14}: bitz::piop::spartan::grinding: close time.busy=29.0µs time.idle=110ns
2026-10-07T19:58:54.523698Z  INFO falcon_algebraic:prove:falcon_algebraic:bitz:falcon_bridge:wfbitz_forest:spartan:grinding{bits=14}: bitz::piop::spartan::grinding: close time.busy=45.2µs time.idle=120ns
2026-10-07T19:58:54.524759Z  INFO falcon_algebraic:prove:falcon_algebraic:bitz:falcon_bridge:wfbitz_forest:spartan:grinding{bits=14}: bitz::piop::spartan::grinding: close time.busy=107µs time.idle=130ns
2026-10-07T19:58:54.525161Z  INFO falcon_algebraic:prove:falcon_algebraic:bitz:falcon_bridge:wfbitz_forest:spartan:grinding{bits=14}: bitz::piop::spartan::grinding: close time.busy=33.7µs time.idle=120ns
2026-10-07T19:58:54.525418Z  INFO falcon_algebraic:prove:falcon_algebraic:bitz:falcon_bridge:wfbitz_forest:spartan:grinding{bits=14}: bitz::piop::spartan::grinding: close time.busy=72.5µs time.idle=130ns
2026-10-07T19:58:54.525528Z  INFO falcon_algebraic:prove:falcon_algebraic:bitz:falcon_bridge:wfbitz_forest:spartan:grinding{bits=14}: bitz::piop::spartan::grinding: close time.busy=13.9µs time.idle=120ns
2026-10-07T19:58:54.525619Z  INFO falcon_algebraic:prove:falcon_algebraic:bitz:falcon_bridge:wfbitz_forest:spartan:grinding{bits=14}: bitz::piop::spartan::grinding: close time.busy=38.7µs time.idle=110ns
2026-10-07T19:58:54.525734Z  INFO falcon_algebraic:prove:falcon_algebraic:bitz:falcon_bridge:wfbitz_forest:spartan:grinding{bits=14}: bitz::piop::spartan::grinding: close time.busy=87.2µs time.idle=100ns
2026-10-07T19:58:54.525837Z  INFO falcon_algebraic:prove:falcon_algebraic:bitz:falcon_bridge:wfbitz_forest:spartan:grinding{bits=14}: bitz::piop::spartan::grinding: close time.busy=85.6µs time.idle=110ns
2026-10-07T19:58:54.525900Z  INFO falcon_algebraic:prove:falcon_algebraic:bitz:falcon_bridge:wfbitz_forest:spartan:grinding{bits=14}: bitz::piop::spartan::grinding: close time.busy=54.9µs time.idle=100ns
2026-10-07T19:58:54.525921Z  INFO falcon_algebraic:prove:falcon_algebraic:bitz:falcon_bridge:wfbitz_forest:spartan:grinding{bits=14}: bitz::piop::spartan::grinding: close time.busy=4.97µs time.idle=100ns
2026-10-07T19:58:54.526103Z  INFO falcon_algebraic:prove:falcon_algebraic:bitz:falcon_bridge:wfbitz_forest:spartan:grinding{bits=14}: bitz::piop::spartan::grinding: close time.busy=177µs time.idle=110ns
2026-10-07T19:58:54.526136Z  INFO falcon_algebraic:prove:falcon_algebraic:bitz:falcon_bridge:wfbitz_forest:spartan:grinding{bits=14}: bitz::piop::spartan::grinding: close time.busy=28.5µs time.idle=120ns
2026-10-07T19:58:54.526275Z  INFO falcon_algebraic:prove:falcon_algebraic:bitz:falcon_bridge:wfbitz_forest:spartan:grinding{bits=14}: bitz::piop::spartan::grinding: close time.busy=135µs time.idle=120ns
2026-10-07T19:58:54.526327Z  INFO falcon_algebraic:prove:falcon_algebraic:bitz:falcon_bridge:wfbitz_forest:spartan:grinding{bits=14}: bitz::piop::spartan::grinding: close time.busy=48.0µs time.idle=100ns
2026-10-07T19:58:54.526383Z  INFO falcon_algebraic:prove:falcon_algebraic:bitz:falcon_bridge:wfbitz_forest:spartan:grinding{bits=14}: bitz::piop::spartan::grinding: close time.busy=53.8µs time.idle=110ns
2026-10-07T19:58:54.526435Z  INFO falcon_algebraic:prove:falcon_algebraic:bitz:falcon_bridge:wfbitz_forest:spartan:grinding{bits=14}: bitz::piop::spartan::grinding: close time.busy=48.7µs time.idle=110ns
2026-10-07T19:58:54.526459Z  INFO falcon_algebraic:prove:falcon_algebraic:bitz:falcon_bridge:wfbitz_forest:spartan:grinding{bits=14}: bitz::piop::spartan::grinding: close time.busy=21.5µs time.idle=120ns
2026-10-07T19:58:54.526552Z  INFO falcon_algebraic:prove:falcon_algebraic:bitz:falcon_bridge:wfbitz_forest:spartan:grinding{bits=14}: bitz::piop::spartan::grinding: close time.busy=89.5µs time.idle=110ns
2026-10-07T19:58:54.526671Z  INFO falcon_algebraic:prove:falcon_algebraic:bitz:falcon_bridge:wfbitz_forest:spartan:grinding{bits=14}: bitz::piop::spartan::grinding: close time.busy=116µs time.idle=110ns
2026-10-07T19:58:54.526714Z  INFO falcon_algebraic:prove:falcon_algebraic:bitz:falcon_bridge:wfbitz_forest:spartan:grinding{bits=14}: bitz::piop::spartan::grinding: close time.busy=39.8µs time.idle=100ns
2026-10-07T19:58:54.526737Z  INFO falcon_algebraic:prove:falcon_algebraic:bitz:falcon_bridge:wfbitz_forest:spartan:grinding{bits=14}: bitz::piop::spartan::grinding: close time.busy=20.2µs time.idle=111ns
2026-10-07T19:58:54.528782Z  INFO falcon_algebraic:prove:falcon_algebraic:bitz:falcon_bridge:wfbitz_forest:spartan:grinding{bits=14}: bitz::piop::spartan::grinding: close time.busy=67.7µs time.idle=120ns
2026-10-07T19:58:54.530690Z  INFO falcon_algebraic:prove:falcon_algebraic:bitz:falcon_bridge:wfbitz_forest:spartan:grinding{bits=14}: bitz::piop::spartan::grinding: close time.busy=92.8µs time.idle=130ns
2026-10-07T19:58:54.531439Z  INFO falcon_algebraic:prove:falcon_algebraic:bitz:falcon_bridge:wfbitz_forest:spartan:grinding{bits=14}: bitz::piop::spartan::grinding: close time.busy=32.0µs time.idle=120ns
2026-10-07T19:58:54.531831Z  INFO falcon_algebraic:prove:falcon_algebraic:bitz:falcon_bridge:wfbitz_forest:spartan:grinding{bits=14}: bitz::piop::spartan::grinding: close time.busy=27.9µs time.idle=130ns
2026-10-07T19:58:54.532064Z  INFO falcon_algebraic:prove:falcon_algebraic:bitz:falcon_bridge:wfbitz_forest:spartan:grinding{bits=14}: bitz::piop::spartan::grinding: close time.busy=47.8µs time.idle=130ns
2026-10-07T19:58:54.532181Z  INFO falcon_algebraic:prove:falcon_algebraic:bitz:falcon_bridge:wfbitz_forest:spartan:grinding{bits=14}: bitz::piop::spartan::grinding: close time.busy=20.7µs time.idle=130ns
2026-10-07T19:58:54.532244Z  INFO falcon_algebraic:prove:falcon_algebraic:bitz:falcon_bridge:wfbitz_forest:spartan:grinding{bits=14}: bitz::piop::spartan::grinding: close time.busy=11.7µs time.idle=120ns
2026-10-07T19:58:54.532277Z  INFO falcon_algebraic:prove:falcon_algebraic:bitz:falcon_bridge:wfbitz_forest:spartan:grinding{bits=14}: bitz::piop::spartan::grinding: close time.busy=4.92µs time.idle=110ns
2026-10-07T19:58:54.532385Z  INFO falcon_algebraic:prove:falcon_algebraic:bitz:falcon_bridge:wfbitz_forest:spartan:grinding{bits=14}: bitz::piop::spartan::grinding: close time.busy=91.1µs time.idle=120ns
2026-10-07T19:58:54.532416Z  INFO falcon_algebraic:prove:falcon_algebraic:bitz:falcon_bridge:wfbitz_forest:spartan:grinding{bits=14}: bitz::piop::spartan::grinding: close time.busy=23.2µs time.idle=90.0ns
2026-10-07T19:58:54.532466Z  INFO falcon_algebraic:prove:falcon_algebraic:bitz:falcon_bridge:wfbitz_forest:spartan:grinding{bits=14}: bitz::piop::spartan::grinding: close time.busy=33.0µs time.idle=110ns
2026-10-07T19:58:54.532484Z  INFO falcon_algebraic:prove:falcon_algebraic:bitz:falcon_bridge:wfbitz_forest:spartan:grinding{bits=14}: bitz::piop::spartan::grinding: close time.busy=12.0µs time.idle=110ns
2026-10-07T19:58:54.532501Z  INFO falcon_algebraic:prove:falcon_algebraic:bitz:falcon_bridge:wfbitz_forest:spartan:grinding{bits=14}: bitz::piop::spartan::grinding: close time.busy=12.7µs time.idle=110ns
2026-10-07T19:58:54.532638Z  INFO falcon_algebraic:prove:falcon_algebraic:bitz:falcon_bridge:wfbitz_forest:spartan:grinding{bits=14}: bitz::piop::spartan::grinding: close time.busy=134µs time.idle=110ns
2026-10-07T19:58:54.532736Z  INFO falcon_algebraic:prove:falcon_algebraic:bitz:falcon_bridge:wfbitz_forest:spartan:grinding{bits=14}: bitz::piop::spartan::grinding: close time.busy=94.1µs time.idle=120ns
2026-10-07T19:58:54.532797Z  INFO falcon_algebraic:prove:falcon_algebraic:bitz:falcon_bridge:wfbitz_forest:spartan:grinding{bits=14}: bitz::piop::spartan::grinding: close time.busy=57.9µs time.idle=110ns
2026-10-07T19:58:54.532891Z  INFO falcon_algebraic:prove:falcon_algebraic:bitz:falcon_bridge:wfbitz_forest:spartan:grinding{bits=14}: bitz::piop::spartan::grinding: close time.busy=91.0µs time.idle=110ns
2026-10-07T19:58:54.532936Z  INFO falcon_algebraic:prove:falcon_algebraic:bitz:falcon_bridge:wfbitz_forest:spartan:grinding{bits=14}: bitz::piop::spartan::grinding: close time.busy=42.0µs time.idle=110ns
2026-10-07T19:58:54.532968Z  INFO falcon_algebraic:prove:falcon_algebraic:bitz:falcon_bridge:wfbitz_forest:spartan:grinding{bits=14}: bitz::piop::spartan::grinding: close time.busy=29.3µs time.idle=121ns
2026-10-07T19:58:54.533097Z  INFO falcon_algebraic:prove:falcon_algebraic:bitz:falcon_bridge:wfbitz_forest:spartan:grinding{bits=14}: bitz::piop::spartan::grinding: close time.busy=126µs time.idle=110ns
2026-10-07T19:58:54.533178Z  INFO falcon_algebraic:prove:falcon_algebraic:bitz:falcon_bridge:wfbitz_forest:spartan:grinding{bits=14}: bitz::piop::spartan::grinding: close time.busy=77.8µs time.idle=110ns
2026-10-07T19:58:54.533209Z  INFO falcon_algebraic:prove:falcon_algebraic:bitz:falcon_bridge:wfbitz_forest:spartan:grinding{bits=14}: bitz::piop::spartan::grinding: close time.busy=27.4µs time.idle=120ns
2026-10-07T19:58:54.536377Z  INFO falcon_algebraic:prove:falcon_algebraic:bitz:falcon_bridge:wfbitz_forest:spartan:grinding{bits=14}: bitz::piop::spartan::grinding: close time.busy=29.1µs time.idle=110ns
2026-10-07T19:58:54.538806Z  INFO falcon_algebraic:prove:falcon_algebraic:bitz:falcon_bridge:wfbitz_forest:spartan:grinding{bits=14}: bitz::piop::spartan::grinding: close time.busy=16.4µs time.idle=170ns
2026-10-07T19:58:54.540711Z  INFO falcon_algebraic:prove:falcon_algebraic:bitz:falcon_bridge:wfbitz_forest:spartan:grinding{bits=14}: bitz::piop::spartan::grinding: close time.busy=89.7µs time.idle=150ns
2026-10-07T19:58:54.541467Z  INFO falcon_algebraic:prove:falcon_algebraic:bitz:falcon_bridge:wfbitz_forest:spartan:grinding{bits=14}: bitz::piop::spartan::grinding: close time.busy=40.0µs time.idle=141ns
2026-10-07T19:58:54.541885Z  INFO falcon_algebraic:prove:falcon_algebraic:bitz:falcon_bridge:wfbitz_forest:spartan:grinding{bits=14}: bitz::piop::spartan::grinding: close time.busy=75.3µs time.idle=130ns
2026-10-07T19:58:54.542067Z  INFO falcon_algebraic:prove:falcon_algebraic:bitz:falcon_bridge:wfbitz_forest:spartan:grinding{bits=14}: bitz::piop::spartan::grinding: close time.busy=5.75µs time.idle=130ns
2026-10-07T19:58:54.542181Z  INFO falcon_algebraic:prove:falcon_algebraic:bitz:falcon_bridge:wfbitz_forest:spartan:grinding{bits=14}: bitz::piop::spartan::grinding: close time.busy=21.8µs time.idle=131ns
2026-10-07T19:58:54.542263Z  INFO falcon_algebraic:prove:falcon_algebraic:bitz:falcon_bridge:wfbitz_forest:spartan:grinding{bits=14}: bitz::piop::spartan::grinding: close time.busy=32.0µs time.idle=130ns
2026-10-07T19:58:54.542296Z  INFO falcon_algebraic:prove:falcon_algebraic:bitz:falcon_bridge:wfbitz_forest:spartan:grinding{bits=14}: bitz::piop::spartan::grinding: close time.busy=4.39µs time.idle=120ns
2026-10-07T19:58:54.542333Z  INFO falcon_algebraic:prove:falcon_algebraic:bitz:falcon_bridge:wfbitz_forest:spartan:grinding{bits=14}: bitz::piop::spartan::grinding: close time.busy=19.9µs time.idle=131ns
2026-10-07T19:58:54.542368Z  INFO falcon_algebraic:prove:falcon_algebraic:bitz:falcon_bridge:wfbitz_forest:spartan:grinding{bits=14}: bitz::piop::spartan::grinding: close time.busy=27.2µs time.idle=110ns
2026-10-07T19:58:54.542433Z  INFO falcon_algebraic:prove:falcon_algebraic:bitz:falcon_bridge:wfbitz_forest:spartan:grinding{bits=14}: bitz::piop::spartan::grinding: close time.busy=49.0µs time.idle=121ns
2026-10-07T19:58:54.542552Z  INFO falcon_algebraic:prove:falcon_algebraic:bitz:falcon_bridge:wfbitz_forest:spartan:grinding{bits=14}: bitz::piop::spartan::grinding: close time.busy=114µs time.idle=110ns
2026-10-07T19:58:54.542584Z  INFO falcon_algebraic:prove:falcon_algebraic:bitz:falcon_bridge:wfbitz_forest:spartan:grinding{bits=14}: bitz::piop::spartan::grinding: close time.busy=27.5µs time.idle=100ns
2026-10-07T19:58:54.542649Z  INFO falcon_algebraic:prove:falcon_algebraic:bitz:falcon_bridge:wfbitz_forest:spartan:grinding{bits=14}: bitz::piop::spartan::grinding: close time.busy=62.4µs time.idle=120ns
2026-10-07T19:58:54.542772Z  INFO falcon_algebraic:prove:falcon_algebraic:bitz:falcon_bridge:wfbitz_forest:spartan:grinding{bits=14}: bitz::piop::spartan::grinding: close time.busy=120µs time.idle=111ns
2026-10-07T19:58:54.542805Z  INFO falcon_algebraic:prove:falcon_algebraic:bitz:falcon_bridge:wfbitz_forest:spartan:grinding{bits=14}: bitz::piop::spartan::grinding: close time.busy=29.8µs time.idle=130ns
2026-10-07T19:58:54.542831Z  INFO falcon_algebraic:prove:falcon_algebraic:bitz:falcon_bridge:wfbitz_forest:spartan:grinding{bits=14}: bitz::piop::spartan::grinding: close time.busy=23.8µs time.idle=100ns
2026-10-07T19:58:54.543052Z  INFO falcon_algebraic:prove:falcon_algebraic:bitz:falcon_bridge:wfbitz_forest:spartan:grinding{bits=14}: bitz::piop::spartan::grinding: close time.busy=217µs time.idle=110ns
2026-10-07T19:58:54.543103Z  INFO falcon_algebraic:prove:falcon_algebraic:bitz:falcon_bridge:wfbitz_forest:spartan:grinding{bits=14}: bitz::piop::spartan::grinding: close time.busy=48.7µs time.idle=110ns
2026-10-07T19:58:54.543201Z  INFO falcon_algebraic:prove:falcon_algebraic:bitz:falcon_bridge:wfbitz_forest:spartan:grinding{bits=14}: bitz::piop::spartan::grinding: close time.busy=94.8µs time.idle=110ns
2026-10-07T19:58:54.543230Z  INFO falcon_algebraic:prove:falcon_algebraic:bitz:falcon_bridge:wfbitz_forest:spartan:grinding{bits=14}: bitz::piop::spartan::grinding: close time.busy=26.0µs time.idle=120ns
2026-10-07T19:58:54.543377Z  INFO falcon_algebraic:prove:falcon_algebraic:bitz:falcon_bridge:wfbitz_forest:spartan:grinding{bits=14}: bitz::piop::spartan::grinding: close time.busy=144µs time.idle=110ns
2026-10-07T19:58:54.546848Z  INFO falcon_algebraic:prove:falcon_algebraic:bitz:falcon_bridge:wfbitz_forest:spartan:grinding{bits=14}: bitz::piop::spartan::grinding: close time.busy=78.3µs time.idle=120ns
2026-10-07T19:58:54.546871Z  INFO falcon_algebraic:prove:falcon_algebraic:bitz:falcon_bridge:wfbitz_forest:spartan:grinding{bits=14}: bitz::piop::spartan::grinding: close time.busy=19.6µs time.idle=110ns
2026-10-07T19:58:54.549329Z  INFO falcon_algebraic:prove:falcon_algebraic:bitz:falcon_bridge:wfbitz_forest:spartan:grinding{bits=14}: bitz::piop::spartan::grinding: close time.busy=64.9µs time.idle=160ns
2026-10-07T19:58:54.551172Z  INFO falcon_algebraic:prove:falcon_algebraic:bitz:falcon_bridge:wfbitz_forest:spartan:grinding{bits=14}: bitz::piop::spartan::grinding: close time.busy=27.9µs time.idle=130ns
2026-10-07T19:58:54.551937Z  INFO falcon_algebraic:prove:falcon_algebraic:bitz:falcon_bridge:wfbitz_forest:spartan:grinding{bits=14}: bitz::piop::spartan::grinding: close time.busy=85.6µs time.idle=130ns
2026-10-07T19:58:54.552381Z  INFO falcon_algebraic:prove:falcon_algebraic:bitz:falcon_bridge:wfbitz_forest:spartan:grinding{bits=14}: bitz::piop::spartan::grinding: close time.busy=104µs time.idle=130ns
2026-10-07T19:58:54.552600Z  INFO falcon_algebraic:prove:falcon_algebraic:bitz:falcon_bridge:wfbitz_forest:spartan:grinding{bits=14}: bitz::piop::spartan::grinding: close time.busy=44.0µs time.idle=130ns
2026-10-07T19:58:54.552727Z  INFO falcon_algebraic:prove:falcon_algebraic:bitz:falcon_bridge:wfbitz_forest:spartan:grinding{bits=14}: bitz::piop::spartan::grinding: close time.busy=35.2µs time.idle=130ns
2026-10-07T19:58:54.552781Z  INFO falcon_algebraic:prove:falcon_algebraic:bitz:falcon_bridge:wfbitz_forest:spartan:grinding{bits=14}: bitz::piop::spartan::grinding: close time.busy=4.97µs time.idle=131ns
2026-10-07T19:58:54.552921Z  INFO falcon_algebraic:prove:falcon_algebraic:bitz:falcon_bridge:wfbitz_forest:spartan:grinding{bits=14}: bitz::piop::spartan::grinding: close time.busy=111µs time.idle=130ns
2026-10-07T19:58:54.553006Z  INFO falcon_algebraic:prove:falcon_algebraic:bitz:falcon_bridge:wfbitz_forest:spartan:grinding{bits=14}: bitz::piop::spartan::grinding: close time.busy=67.4µs time.idle=120ns
2026-10-07T19:58:54.553094Z  INFO falcon_algebraic:prove:falcon_algebraic:bitz:falcon_bridge:wfbitz_forest:spartan:grinding{bits=14}: bitz::piop::spartan::grinding: close time.busy=79.8µs time.idle=121ns
2026-10-07T19:58:54.553150Z  INFO falcon_algebraic:prove:falcon_algebraic:bitz:falcon_bridge:wfbitz_forest:spartan:grinding{bits=14}: bitz::piop::spartan::grinding: close time.busy=39.7µs time.idle=110ns
2026-10-07T19:58:54.553167Z  INFO falcon_algebraic:prove:falcon_algebraic:bitz:falcon_bridge:wfbitz_forest:spartan:grinding{bits=14}: bitz::piop::spartan::grinding: close time.busy=11.1µs time.idle=121ns
2026-10-07T19:58:54.553215Z  INFO falcon_algebraic:prove:falcon_algebraic:bitz:falcon_bridge:wfbitz_forest:spartan:grinding{bits=14}: bitz::piop::spartan::grinding: close time.busy=43.4µs time.idle=111ns
2026-10-07T19:58:54.553266Z  INFO falcon_algebraic:prove:falcon_algebraic:bitz:falcon_bridge:wfbitz_forest:spartan:grinding{bits=14}: bitz::piop::spartan::grinding: close time.busy=47.7µs time.idle=110ns
2026-10-07T19:58:54.553383Z  INFO falcon_algebraic:prove:falcon_algebraic:bitz:falcon_bridge:wfbitz_forest:spartan:grinding{bits=14}: bitz::piop::spartan::grinding: close time.busy=114µs time.idle=110ns
2026-10-07T19:58:54.553407Z  INFO falcon_algebraic:prove:falcon_algebraic:bitz:falcon_bridge:wfbitz_forest:spartan:grinding{bits=14}: bitz::piop::spartan::grinding: close time.busy=20.6µs time.idle=120ns
2026-10-07T19:58:54.553442Z  INFO falcon_algebraic:prove:falcon_algebraic:bitz:falcon_bridge:wfbitz_forest:spartan:grinding{bits=14}: bitz::piop::spartan::grinding: close time.busy=32.3µs time.idle=100ns
2026-10-07T19:58:54.553491Z  INFO falcon_algebraic:prove:falcon_algebraic:bitz:falcon_bridge:wfbitz_forest:spartan:grinding{bits=14}: bitz::piop::spartan::grinding: close time.busy=45.4µs time.idle=110ns
2026-10-07T19:58:54.553583Z  INFO falcon_algebraic:prove:falcon_algebraic:bitz:falcon_bridge:wfbitz_forest:spartan:grinding{bits=14}: bitz::piop::spartan::grinding: close time.busy=88.7µs time.idle=110ns
2026-10-07T19:58:54.553608Z  INFO falcon_algebraic:prove:falcon_algebraic:bitz:falcon_bridge:wfbitz_forest:spartan:grinding{bits=14}: bitz::piop::spartan::grinding: close time.busy=22.1µs time.idle=110ns
2026-10-07T19:58:54.553671Z  INFO falcon_algebraic:prove:falcon_algebraic:bitz:falcon_bridge:wfbitz_forest:spartan:grinding{bits=14}: bitz::piop::spartan::grinding: close time.busy=60.9µs time.idle=120ns
2026-10-07T19:58:54.553679Z  INFO falcon_algebraic:prove:falcon_algebraic:bitz:falcon_bridge:wfbitz_forest:spartan:grinding{bits=14}: bitz::piop::spartan::grinding: close time.busy=4.77µs time.idle=110ns
2026-10-07T19:58:54.556648Z  INFO falcon_algebraic:prove:falcon_algebraic:bitz:falcon_bridge:wfbitz_forest:spartan:grinding{bits=14}: bitz::piop::spartan::grinding: close time.busy=23.3µs time.idle=120ns
2026-10-07T19:58:54.556700Z  INFO falcon_algebraic:prove:falcon_algebraic:bitz:falcon_bridge:wfbitz_forest:spartan:grinding{bits=14}: bitz::piop::spartan::grinding: close time.busy=48.5µs time.idle=100ns
2026-10-07T19:58:54.556725Z  INFO falcon_algebraic:prove:falcon_algebraic:bitz:falcon_bridge:wfbitz_forest:spartan:grinding{bits=14}: bitz::piop::spartan::grinding: close time.busy=21.7µs time.idle=110ns
2026-10-07T19:58:54.559232Z  INFO falcon_algebraic:prove:falcon_algebraic:bitz:falcon_bridge:wfbitz_forest:spartan:grinding{bits=14}: bitz::piop::spartan::grinding: close time.busy=16.0µs time.idle=120ns
2026-10-07T19:58:54.561109Z  INFO falcon_algebraic:prove:falcon_algebraic:bitz:falcon_bridge:wfbitz_forest:spartan:grinding{bits=14}: bitz::piop::spartan::grinding: close time.busy=61.9µs time.idle=130ns
2026-10-07T19:58:54.561813Z  INFO falcon_algebraic:prove:falcon_algebraic:bitz:falcon_bridge:wfbitz_forest:spartan:grinding{bits=14}: bitz::piop::spartan::grinding: close time.busy=28.8µs time.idle=130ns
2026-10-07T19:58:54.562186Z  INFO falcon_algebraic:prove:falcon_algebraic:bitz:falcon_bridge:wfbitz_forest:spartan:grinding{bits=14}: bitz::piop::spartan::grinding: close time.busy=31.6µs time.idle=131ns
2026-10-07T19:58:54.562369Z  INFO falcon_algebraic:prove:falcon_algebraic:bitz:falcon_bridge:wfbitz_forest:spartan:grinding{bits=14}: bitz::piop::spartan::grinding: close time.busy=9.24µs time.idle=130ns
2026-10-07T19:58:54.562503Z  INFO falcon_algebraic:prove:falcon_algebraic:bitz:falcon_bridge:wfbitz_forest:spartan:grinding{bits=14}: bitz::piop::spartan::grinding: close time.busy=42.7µs time.idle=130ns
2026-10-07T19:58:54.562640Z  INFO falcon_algebraic:prove:falcon_algebraic:bitz:falcon_bridge:wfbitz_forest:spartan:grinding{bits=14}: bitz::piop::spartan::grinding: close time.busy=87.2µs time.idle=130ns
2026-10-07T19:58:54.562763Z  INFO falcon_algebraic:prove:falcon_algebraic:bitz:falcon_bridge:wfbitz_forest:spartan:grinding{bits=14}: bitz::piop::spartan::grinding: close time.busy=93.8µs time.idle=130ns
2026-10-07T19:58:54.562796Z  INFO falcon_algebraic:prove:falcon_algebraic:bitz:falcon_bridge:wfbitz_forest:spartan:grinding{bits=14}: bitz::piop::spartan::grinding: close time.busy=15.6µs time.idle=100ns
2026-10-07T19:58:54.562869Z  INFO falcon_algebraic:prove:falcon_algebraic:bitz:falcon_bridge:wfbitz_forest:spartan:grinding{bits=14}: bitz::piop::spartan::grinding: close time.busy=64.0µs time.idle=110ns
2026-10-07T19:58:54.562895Z  INFO falcon_algebraic:prove:falcon_algebraic:bitz:falcon_bridge:wfbitz_forest:spartan:grinding{bits=14}: bitz::piop::spartan::grinding: close time.busy=10.4µs time.idle=110ns
2026-10-07T19:58:54.562925Z  INFO falcon_algebraic:prove:falcon_algebraic:bitz:falcon_bridge:wfbitz_forest:spartan:grinding{bits=14}: bitz::piop::spartan::grinding: close time.busy=23.6µs time.idle=110ns
2026-10-07T19:58:54.562971Z  INFO falcon_algebraic:prove:falcon_algebraic:bitz:falcon_bridge:wfbitz_forest:spartan:grinding{bits=14}: bitz::piop::spartan::grinding: close time.busy=40.1µs time.idle=120ns
2026-10-07T19:58:54.563097Z  INFO falcon_algebraic:prove:falcon_algebraic:bitz:falcon_bridge:wfbitz_forest:spartan:grinding{bits=14}: bitz::piop::spartan::grinding: close time.busy=122µs time.idle=120ns
2026-10-07T19:58:54.563130Z  INFO falcon_algebraic:prove:falcon_algebraic:bitz:falcon_bridge:wfbitz_forest:spartan:grinding{bits=14}: bitz::piop::spartan::grinding: close time.busy=30.3µs time.idle=110ns
2026-10-07T19:58:54.563235Z  INFO falcon_algebraic:prove:falcon_algebraic:bitz:falcon_bridge:wfbitz_forest:spartan:grinding{bits=14}: bitz::piop::spartan::grinding: close time.busy=102µs time.idle=100ns
2026-10-07T19:58:54.563285Z  INFO falcon_algebraic:prove:falcon_algebraic:bitz:falcon_bridge:wfbitz_forest:spartan:grinding{bits=14}: bitz::piop::spartan::grinding: close time.busy=47.1µs time.idle=110ns
2026-10-07T19:58:54.563301Z  INFO falcon_algebraic:prove:falcon_algebraic:bitz:falcon_bridge:wfbitz_forest:spartan:grinding{bits=14}: bitz::piop::spartan::grinding: close time.busy=13.2µs time.idle=110ns
2026-10-07T19:58:54.563351Z  INFO falcon_algebraic:prove:falcon_algebraic:bitz:falcon_bridge:wfbitz_forest:spartan:grinding{bits=14}: bitz::piop::spartan::grinding: close time.busy=47.4µs time.idle=130ns
2026-10-07T19:58:54.563469Z  INFO falcon_algebraic:prove:falcon_algebraic:bitz:falcon_bridge:wfbitz_forest:spartan:grinding{bits=14}: bitz::piop::spartan::grinding: close time.busy=115µs time.idle=121ns
2026-10-07T19:58:54.563519Z  INFO falcon_algebraic:prove:falcon_algebraic:bitz:falcon_bridge:wfbitz_forest:spartan:grinding{bits=14}: bitz::piop::spartan::grinding: close time.busy=46.8µs time.idle=110ns
2026-10-07T19:58:54.563561Z  INFO falcon_algebraic:prove:falcon_algebraic:bitz:falcon_bridge:wfbitz_forest:spartan:grinding{bits=14}: bitz::piop::spartan::grinding: close time.busy=39.6µs time.idle=120ns
2026-10-07T19:58:54.564004Z  INFO falcon_algebraic:prove:falcon_algebraic:bitz:falcon_bridge:wfbitz_forest: bitz::hybrid::integer_bridge: close time.busy=61.6ms time.idle=131ns
2026-10-07T19:58:54.564073Z  INFO falcon_algebraic:prove:falcon_algebraic:bitz: bitz::piop::spartan::falcon512_algebraic::protocol: close time.busy=65.7ms time.idle=160ns
2026-10-07T19:58:54.567594Z  INFO falcon_algebraic:prove:falcon_joint:packed_setup: bitz::hybrid::joint_sumcheck: close time.busy=3.52ms time.idle=180ns
2026-10-07T19:58:54.567649Z  INFO falcon_algebraic:prove:spartan:round_grinding_prove:spartan:grinding{bits=10}: bitz::piop::spartan::grinding: close time.busy=2.15µs time.idle=131ns
2026-10-07T19:58:54.567650Z  INFO falcon_algebraic:prove:spartan:round_grinding_prove: bitz::sumcheck::boundary: close time.busy=4.68µs time.idle=140ns
2026-10-07T19:58:54.567708Z  INFO falcon_algebraic:prove:spartan:round_grinding_prove:spartan:grinding{bits=10}: bitz::piop::spartan::grinding: close time.busy=361ns time.idle=110ns
2026-10-07T19:58:54.567710Z  INFO falcon_algebraic:prove:spartan:round_grinding_prove: bitz::sumcheck::boundary: close time.busy=2.73µs time.idle=121ns
2026-10-07T19:58:54.567768Z  INFO falcon_algebraic:prove:spartan:round_grinding_prove:spartan:grinding{bits=10}: bitz::piop::spartan::grinding: close time.busy=4.60µs time.idle=110ns
2026-10-07T19:58:54.567769Z  INFO falcon_algebraic:prove:spartan:round_grinding_prove: bitz::sumcheck::boundary: close time.busy=6.73µs time.idle=110ns
2026-10-07T19:58:54.567840Z  INFO falcon_algebraic:prove:spartan:round_grinding_prove:spartan:grinding{bits=10}: bitz::piop::spartan::grinding: close time.busy=19.2µs time.idle=111ns
2026-10-07T19:58:54.567841Z  INFO falcon_algebraic:prove:spartan:round_grinding_prove: bitz::sumcheck::boundary: close time.busy=21.5µs time.idle=101ns
2026-10-07T19:58:54.567895Z  INFO falcon_algebraic:prove:spartan:round_grinding_prove:spartan:grinding{bits=10}: bitz::piop::spartan::grinding: close time.busy=3.82µs time.idle=100ns
2026-10-07T19:58:54.567897Z  INFO falcon_algebraic:prove:spartan:round_grinding_prove: bitz::sumcheck::boundary: close time.busy=6.84µs time.idle=110ns
2026-10-07T19:58:54.567948Z  INFO falcon_algebraic:prove:spartan:round_grinding_prove:spartan:grinding{bits=10}: bitz::piop::spartan::grinding: close time.busy=411ns time.idle=120ns
2026-10-07T19:58:54.567949Z  INFO falcon_algebraic:prove:spartan:round_grinding_prove: bitz::sumcheck::boundary: close time.busy=2.65µs time.idle=100ns
2026-10-07T19:58:54.568002Z  INFO falcon_algebraic:prove:spartan:round_grinding_prove:spartan:grinding{bits=10}: bitz::piop::spartan::grinding: close time.busy=3.21µs time.idle=110ns
2026-10-07T19:58:54.568003Z  INFO falcon_algebraic:prove:spartan:round_grinding_prove: bitz::sumcheck::boundary: close time.busy=5.29µs time.idle=120ns
2026-10-07T19:58:54.569492Z  INFO falcon_algebraic:prove:falcon_joint:prepare: bitz::hybrid::joint_sumcheck: close time.busy=1.49ms time.idle=120ns
2026-10-07T19:58:54.569504Z  INFO falcon_algebraic:prove:spartan:round_grinding_prove:spartan:grinding{bits=10}: bitz::piop::spartan::grinding: close time.busy=8.99µs time.idle=110ns
2026-10-07T19:58:54.569505Z  INFO falcon_algebraic:prove:spartan:round_grinding_prove: bitz::sumcheck::boundary: close time.busy=11.2µs time.idle=120ns
2026-10-07T19:58:54.569910Z  INFO falcon_algebraic:prove:falcon_joint:compact: bitz::hybrid::joint_sumcheck: close time.busy=403µs time.idle=160ns
2026-10-07T19:58:54.569913Z  INFO falcon_algebraic:prove:spartan:round_grinding_prove:spartan:grinding{bits=10}: bitz::piop::spartan::grinding: close time.busy=671ns time.idle=121ns
2026-10-07T19:58:54.569915Z  INFO falcon_algebraic:prove:spartan:round_grinding_prove: bitz::sumcheck::boundary: close time.busy=3.12µs time.idle=100ns
2026-10-07T19:58:54.570074Z  INFO falcon_algebraic:prove:falcon_joint:compact: bitz::hybrid::joint_sumcheck: close time.busy=157µs time.idle=111ns
2026-10-07T19:58:54.570080Z  INFO falcon_algebraic:prove:spartan:round_grinding_prove:spartan:grinding{bits=10}: bitz::piop::spartan::grinding: close time.busy=3.58µs time.idle=111ns
2026-10-07T19:58:54.570081Z  INFO falcon_algebraic:prove:spartan:round_grinding_prove: bitz::sumcheck::boundary: close time.busy=5.77µs time.idle=110ns
2026-10-07T19:58:54.570172Z  INFO falcon_algebraic:prove:falcon_joint:compact: bitz::hybrid::joint_sumcheck: close time.busy=88.9µs time.idle=120ns
2026-10-07T19:58:54.570179Z  INFO falcon_algebraic:prove:spartan:round_grinding_prove:spartan:grinding{bits=10}: bitz::piop::spartan::grinding: close time.busy=4.37µs time.idle=110ns
2026-10-07T19:58:54.570180Z  INFO falcon_algebraic:prove:spartan:round_grinding_prove: bitz::sumcheck::boundary: close time.busy=6.51µs time.idle=110ns
2026-10-07T19:58:54.570257Z  INFO falcon_algebraic:prove:falcon_joint:compact: bitz::hybrid::joint_sumcheck: close time.busy=75.1µs time.idle=110ns
2026-10-07T19:58:54.570260Z  INFO falcon_algebraic:prove:spartan:round_grinding_prove:spartan:grinding{bits=10}: bitz::piop::spartan::grinding: close time.busy=350ns time.idle=111ns
2026-10-07T19:58:54.570261Z  INFO falcon_algebraic:prove:spartan:round_grinding_prove: bitz::sumcheck::boundary: close time.busy=2.58µs time.idle=100ns
2026-10-07T19:58:54.570279Z  INFO falcon_algebraic:prove:falcon_joint:dense: bitz::hybrid::joint_sumcheck: close time.busy=16.5µs time.idle=140ns
2026-10-07T19:58:54.570283Z  INFO falcon_algebraic:prove:spartan:round_grinding_prove:spartan:grinding{bits=10}: bitz::piop::spartan::grinding: close time.busy=1.48µs time.idle=110ns
2026-10-07T19:58:54.570284Z  INFO falcon_algebraic:prove:spartan:round_grinding_prove: bitz::sumcheck::boundary: close time.busy=3.56µs time.idle=90.0ns
2026-10-07T19:58:54.570295Z  INFO falcon_algebraic:prove:falcon_joint:dense: bitz::hybrid::joint_sumcheck: close time.busy=9.29µs time.idle=111ns
2026-10-07T19:58:54.570300Z  INFO falcon_algebraic:prove:spartan:round_grinding_prove:spartan:grinding{bits=10}: bitz::piop::spartan::grinding: close time.busy=2.69µs time.idle=111ns
2026-10-07T19:58:54.570302Z  INFO falcon_algebraic:prove:spartan:round_grinding_prove: bitz::sumcheck::boundary: close time.busy=5.42µs time.idle=90.0ns
2026-10-07T19:58:54.570310Z  INFO falcon_algebraic:prove:falcon_joint:dense: bitz::hybrid::joint_sumcheck: close time.busy=6.45µs time.idle=110ns
2026-10-07T19:58:54.570315Z  INFO falcon_algebraic:prove:spartan:round_grinding_prove:spartan:grinding{bits=10}: bitz::piop::spartan::grinding: close time.busy=2.87µs time.idle=111ns
2026-10-07T19:58:54.570316Z  INFO falcon_algebraic:prove:spartan:round_grinding_prove: bitz::sumcheck::boundary: close time.busy=5.26µs time.idle=121ns
2026-10-07T19:58:54.570319Z  INFO falcon_algebraic:prove:falcon_joint:dense: bitz::hybrid::joint_sumcheck: close time.busy=1.34µs time.idle=101ns
2026-10-07T19:58:54.570322Z  INFO falcon_algebraic:prove:spartan:round_grinding_prove:spartan:grinding{bits=10}: bitz::piop::spartan::grinding: close time.busy=331ns time.idle=110ns
2026-10-07T19:58:54.570323Z  INFO falcon_algebraic:prove:spartan:round_grinding_prove: bitz::sumcheck::boundary: close time.busy=2.56µs time.idle=110ns
2026-10-07T19:58:54.570326Z  INFO falcon_algebraic:prove:falcon_joint:dense: bitz::hybrid::joint_sumcheck: close time.busy=722ns time.idle=90.0ns
2026-10-07T19:58:54.570329Z  INFO falcon_algebraic:prove:spartan:round_grinding_prove:spartan:grinding{bits=10}: bitz::piop::spartan::grinding: close time.busy=1.15µs time.idle=110ns
2026-10-07T19:58:54.570330Z  INFO falcon_algebraic:prove:spartan:round_grinding_prove: bitz::sumcheck::boundary: close time.busy=3.37µs time.idle=120ns
2026-10-07T19:58:54.570332Z  INFO falcon_algebraic:prove:falcon_joint:dense: bitz::hybrid::joint_sumcheck: close time.busy=390ns time.idle=110ns
2026-10-07T19:58:54.570341Z  INFO falcon_algebraic:prove:spartan:round_grinding_prove:spartan:grinding{bits=10}: bitz::piop::spartan::grinding: close time.busy=6.57µs time.idle=110ns
2026-10-07T19:58:54.570342Z  INFO falcon_algebraic:prove:spartan:round_grinding_prove: bitz::sumcheck::boundary: close time.busy=8.80µs time.idle=100ns
2026-10-07T19:58:54.570344Z  INFO falcon_algebraic:prove:falcon_joint:dense: bitz::hybrid::joint_sumcheck: close time.busy=230ns time.idle=121ns
2026-10-07T19:58:54.570348Z  INFO falcon_algebraic:prove:spartan:round_grinding_prove:spartan:grinding{bits=10}: bitz::piop::spartan::grinding: close time.busy=1.71µs time.idle=110ns
2026-10-07T19:58:54.570349Z  INFO falcon_algebraic:prove:spartan:round_grinding_prove: bitz::sumcheck::boundary: close time.busy=3.69µs time.idle=100ns
2026-10-07T19:58:54.570350Z  INFO falcon_algebraic:prove:falcon_joint:dense: bitz::hybrid::joint_sumcheck: close time.busy=151ns time.idle=110ns
2026-10-07T19:58:54.570354Z  INFO falcon_algebraic:prove:spartan:round_grinding_prove:spartan:grinding{bits=10}: bitz::piop::spartan::grinding: close time.busy=1.15µs time.idle=110ns
2026-10-07T19:58:54.570355Z  INFO falcon_algebraic:prove:spartan:round_grinding_prove: bitz::sumcheck::boundary: close time.busy=3.13µs time.idle=90.0ns
2026-10-07T19:58:54.570356Z  INFO falcon_algebraic:prove:falcon_joint:dense: bitz::hybrid::joint_sumcheck: close time.busy=110ns time.idle=110ns
2026-10-07T19:58:54.570368Z  INFO falcon_algebraic:prove:spartan:round_grinding_prove:spartan:grinding{bits=10}: bitz::piop::spartan::grinding: close time.busy=9.48µs time.idle=110ns
2026-10-07T19:58:54.570369Z  INFO falcon_algebraic:prove:spartan:round_grinding_prove: bitz::sumcheck::boundary: close time.busy=11.5µs time.idle=110ns
2026-10-07T19:58:54.570371Z  INFO falcon_algebraic:prove:falcon_joint:dense: bitz::hybrid::joint_sumcheck: close time.busy=90.0ns time.idle=100ns
2026-10-07T19:58:54.570379Z  INFO falcon_algebraic:prove:spartan:round_grinding_prove:spartan:grinding{bits=10}: bitz::piop::spartan::grinding: close time.busy=5.78µs time.idle=110ns
2026-10-07T19:58:54.570380Z  INFO falcon_algebraic:prove:spartan:round_grinding_prove: bitz::sumcheck::boundary: close time.busy=7.78µs time.idle=110ns
2026-10-07T19:58:54.570382Z  INFO falcon_algebraic:prove:falcon_joint:dense: bitz::hybrid::joint_sumcheck: close time.busy=80.0ns time.idle=100ns
2026-10-07T19:58:54.570392Z  INFO falcon_algebraic:prove:spartan:round_grinding_prove:spartan:grinding{bits=10}: bitz::piop::spartan::grinding: close time.busy=7.84µs time.idle=100ns
2026-10-07T19:58:54.570393Z  INFO falcon_algebraic:prove:spartan:round_grinding_prove: bitz::sumcheck::boundary: close time.busy=9.99µs time.idle=110ns
2026-10-07T19:58:54.570395Z  INFO falcon_algebraic:prove:falcon_joint:dense: bitz::hybrid::joint_sumcheck: close time.busy=351ns time.idle=90.0ns
2026-10-07T19:58:54.570406Z  INFO falcon_algebraic:prove:spartan:round_grinding_prove:spartan:grinding{bits=10}: bitz::piop::spartan::grinding: close time.busy=8.80µs time.idle=110ns
2026-10-07T19:58:54.570407Z  INFO falcon_algebraic:prove:spartan:round_grinding_prove: bitz::sumcheck::boundary: close time.busy=11.0µs time.idle=110ns
2026-10-07T19:58:54.570409Z  INFO falcon_algebraic:prove:falcon_joint:dense: bitz::hybrid::joint_sumcheck: close time.busy=80.0ns time.idle=120ns
2026-10-07T19:58:54.570412Z  INFO falcon_algebraic:prove:spartan:round_grinding_prove:spartan:grinding{bits=10}: bitz::piop::spartan::grinding: close time.busy=1.11µs time.idle=110ns
2026-10-07T19:58:54.570413Z  INFO falcon_algebraic:prove:spartan:round_grinding_prove: bitz::sumcheck::boundary: close time.busy=3.20µs time.idle=101ns
2026-10-07T19:58:54.570415Z  INFO falcon_algebraic:prove:falcon_joint:dense: bitz::hybrid::joint_sumcheck: close time.busy=70.0ns time.idle=111ns
2026-10-07T19:58:54.573838Z  INFO falcon_algebraic:prove:falcon_algebraic:pcs:op:ring_switch:spartan:grinding{bits=12}: bitz::piop::spartan::grinding: close time.busy=11.2µs time.idle=130ns
2026-10-07T19:58:54.573852Z  INFO falcon_algebraic:prove:falcon_algebraic:pcs:op:ring_switch: bitz::hybrid::opening: close time.busy=3.44ms time.idle=130ns
2026-10-07T19:58:54.573862Z  INFO falcon_algebraic:prove:falcon_algebraic:pcs:op:extra_bases:spartan:grinding{bits=12}: bitz::piop::spartan::grinding: close time.busy=7.13µs time.idle=110ns
2026-10-07T19:58:54.577588Z  INFO falcon_algebraic:prove:falcon_algebraic:pcs:op:extra_bases:op:initial_messages: bitz::hybrid::opening::streamed: close time.busy=3.71ms time.idle=130ns
2026-10-07T19:58:54.577590Z  INFO falcon_algebraic:prove:falcon_algebraic:pcs:op:extra_bases: bitz::hybrid::opening: close time.busy=3.74ms time.idle=151ns
2026-10-07T19:58:54.577608Z  INFO falcon_algebraic:prove:falcon_algebraic:pcs:op:ligerito:lig:grind_pow{bits=20}:spartan:grinding{bits=12}: bitz::piop::spartan::grinding: close time.busy=11.2µs time.idle=320ns
2026-10-07T19:58:54.584215Z  INFO falcon_algebraic:prove:falcon_algebraic:pcs:op:ligerito:lig:grind_pow{bits=20 seed_lo=16375824786920364557 seed_hi=1983144282459121119 nonce=1785466}: bitz::ligerito_flock: close time.busy=6.62ms time.idle=121ns
2026-10-07T19:58:54.584226Z  INFO falcon_algebraic:prove:falcon_algebraic:pcs:op:ligerito:spartan:grinding{bits=12}: bitz::piop::spartan::grinding: close time.busy=8.78µs time.idle=120ns
2026-10-07T19:58:54.584268Z  INFO falcon_algebraic:prove:falcon_algebraic:pcs:op:ligerito:lig:grind_pow{bits=20}:spartan:grinding{bits=12}: bitz::piop::spartan::grinding: close time.busy=37.7µs time.idle=180ns
2026-10-07T19:58:54.589584Z  INFO falcon_algebraic:prove:falcon_algebraic:pcs:op:ligerito:lig:grind_pow{bits=20 seed_lo=14517310510578505501 seed_hi=6928831755814259526 nonce=1434179}: bitz::ligerito_flock: close time.busy=5.36ms time.idle=120ns
2026-10-07T19:58:54.589604Z  INFO falcon_algebraic:prove:falcon_algebraic:pcs:op:ligerito:spartan:grinding{bits=12}: bitz::piop::spartan::grinding: close time.busy=17.4µs time.idle=110ns
2026-10-07T19:58:54.590874Z  INFO falcon_algebraic:prove:falcon_algebraic:pcs:op:ligerito:op:deferred_first_fold: bitz::hybrid::opening::streamed: close time.busy=1.27ms time.idle=110ns
2026-10-07T19:58:54.590907Z  INFO falcon_algebraic:prove:falcon_algebraic:pcs:op:ligerito:lig:grind_pow{bits=20}:spartan:grinding{bits=12}: bitz::piop::spartan::grinding: close time.busy=28.7µs time.idle=110ns
2026-10-07T19:58:54.593668Z  INFO falcon_algebraic:prove:falcon_algebraic:pcs:op:ligerito:lig:grind_pow{bits=20 seed_lo=14441719486906525332 seed_hi=4887251053874519830 nonce=749449}: bitz::ligerito_flock: close time.busy=2.79ms time.idle=170ns
2026-10-07T19:58:54.593684Z  INFO falcon_algebraic:prove:falcon_algebraic:pcs:op:ligerito:spartan:grinding{bits=12}: bitz::piop::spartan::grinding: close time.busy=13.2µs time.idle=110ns
2026-10-07T19:58:54.593702Z  INFO falcon_algebraic:prove:falcon_algebraic:pcs:op:ligerito:lig:grind_pow{bits=20}:spartan:grinding{bits=12}: bitz::piop::spartan::grinding: close time.busy=14.7µs time.idle=110ns
2026-10-07T19:58:54.596067Z  INFO falcon_algebraic:prove:falcon_algebraic:pcs:op:ligerito:lig:grind_pow{bits=20 seed_lo=4040019448686371158 seed_hi=12007848838415722241 nonce=638779}: bitz::ligerito_flock: close time.busy=2.38ms time.idle=110ns
2026-10-07T19:58:54.596091Z  INFO falcon_algebraic:prove:falcon_algebraic:pcs:op:ligerito:spartan:grinding{bits=12}: bitz::piop::spartan::grinding: close time.busy=22.9µs time.idle=110ns
2026-10-07T19:58:54.597107Z  INFO falcon_algebraic:prove:falcon_algebraic:pcs:op:ligerito:lig:grind_pow{bits=11}:spartan:grinding{bits=12}: bitz::piop::spartan::grinding: close time.busy=25.2µs time.idle=120ns
2026-10-07T19:58:54.597117Z  INFO falcon_algebraic:prove:falcon_algebraic:pcs:op:ligerito:lig:grind_pow{bits=11 seed_lo=12168614032339833606 seed_hi=677864334761961363 nonce=1876}: bitz::ligerito_flock: close time.busy=35.8µs time.idle=120ns
2026-10-07T19:58:54.597143Z  INFO falcon_algebraic:prove:falcon_algebraic:pcs:op:ligerito:spartan:grinding{bits=12}: bitz::piop::spartan::grinding: close time.busy=24.0µs time.idle=120ns
2026-10-07T19:58:54.598115Z  INFO falcon_algebraic:prove:falcon_algebraic:pcs:op:ligerito:lig:grind_pow{bits=7}:spartan:grinding{bits=12}: bitz::piop::spartan::grinding: close time.busy=6.41µs time.idle=110ns
2026-10-07T19:58:54.598118Z  INFO falcon_algebraic:prove:falcon_algebraic:pcs:op:ligerito:lig:grind_pow{bits=7 seed_lo=12556229113317911125 seed_hi=6749826581381619231 nonce=24}: bitz::ligerito_flock: close time.busy=10.4µs time.idle=120ns
2026-10-07T19:58:54.598140Z  INFO falcon_algebraic:prove:falcon_algebraic:pcs:op:ligerito:spartan:grinding{bits=12}: bitz::piop::spartan::grinding: close time.busy=19.9µs time.idle=111ns
2026-10-07T19:58:54.598201Z  INFO falcon_algebraic:prove:falcon_algebraic:pcs:op:ligerito:lig:grind_pow{bits=19}:spartan:grinding{bits=12}: bitz::piop::spartan::grinding: close time.busy=22.3µs time.idle=110ns
2026-10-07T19:58:54.598701Z  INFO falcon_algebraic:prove:falcon_algebraic:pcs:op:ligerito:lig:grind_pow{bits=19 seed_lo=4999734546879186383 seed_hi=5642541635383918156 nonce=133341}: bitz::ligerito_flock: close time.busy=523µs time.idle=120ns
2026-10-07T19:58:54.598730Z  INFO falcon_algebraic:prove:falcon_algebraic:pcs:op:ligerito:spartan:grinding{bits=12}: bitz::piop::spartan::grinding: close time.busy=26.8µs time.idle=110ns
2026-10-07T19:58:54.598793Z  INFO falcon_algebraic:prove:falcon_algebraic:pcs:op:ligerito:lig:grind_pow{bits=19}:spartan:grinding{bits=12}: bitz::piop::spartan::grinding: close time.busy=31.7µs time.idle=110ns
2026-10-07T19:58:54.599853Z  INFO falcon_algebraic:prove:falcon_algebraic:pcs:op:ligerito:lig:grind_pow{bits=19 seed_lo=16120839933993617660 seed_hi=8845007109929095843 nonce=285668}: bitz::ligerito_flock: close time.busy=1.09ms time.idle=130ns
2026-10-07T19:58:54.599869Z  INFO falcon_algebraic:prove:falcon_algebraic:pcs:op:ligerito:spartan:grinding{bits=12}: bitz::piop::spartan::grinding: close time.busy=13.7µs time.idle=111ns
2026-10-07T19:58:54.599948Z  INFO falcon_algebraic:prove:falcon_algebraic:pcs:op:ligerito:lig:grind_pow{bits=19}:spartan:grinding{bits=12}: bitz::piop::spartan::grinding: close time.busy=62.2µs time.idle=110ns
2026-10-07T19:58:54.607280Z  INFO falcon_algebraic:prove:falcon_algebraic:pcs:op:ligerito:lig:grind_pow{bits=19 seed_lo=7533905475163248731 seed_hi=13331801534544350727 nonce=1978168}: bitz::ligerito_flock: close time.busy=7.40ms time.idle=120ns
2026-10-07T19:58:54.607298Z  INFO falcon_algebraic:prove:falcon_algebraic:pcs:op:ligerito:spartan:grinding{bits=12}: bitz::piop::spartan::grinding: close time.busy=14.8µs time.idle=190ns
2026-10-07T19:58:54.607508Z  INFO falcon_algebraic:prove:falcon_algebraic:pcs:op:ligerito:lig:grind_pow{bits=11}:spartan:grinding{bits=12}: bitz::piop::spartan::grinding: close time.busy=5.62µs time.idle=110ns
2026-10-07T19:58:54.607517Z  INFO falcon_algebraic:prove:falcon_algebraic:pcs:op:ligerito:lig:grind_pow{bits=11 seed_lo=13414360004935892538 seed_hi=13352016151955891289 nonce=1894}: bitz::ligerito_flock: close time.busy=16.0µs time.idle=121ns
2026-10-07T19:58:54.607526Z  INFO falcon_algebraic:prove:falcon_algebraic:pcs:op:ligerito:spartan:grinding{bits=12}: bitz::piop::spartan::grinding: close time.busy=6.13µs time.idle=121ns
2026-10-07T19:58:54.608513Z  INFO falcon_algebraic:prove:falcon_algebraic:pcs:op:ligerito:lig:grind_pow{bits=7}:spartan:grinding{bits=12}: bitz::piop::spartan::grinding: close time.busy=51.4µs time.idle=120ns
2026-10-07T19:58:54.608516Z  INFO falcon_algebraic:prove:falcon_algebraic:pcs:op:ligerito:lig:grind_pow{bits=7 seed_lo=14011323245469665233 seed_hi=10627610180640753093 nonce=87}: bitz::ligerito_flock: close time.busy=55.2µs time.idle=110ns
2026-10-07T19:58:54.608551Z  INFO falcon_algebraic:prove:falcon_algebraic:pcs:op:ligerito:spartan:grinding{bits=12}: bitz::piop::spartan::grinding: close time.busy=32.9µs time.idle=110ns
2026-10-07T19:58:54.608574Z  INFO falcon_algebraic:prove:falcon_algebraic:pcs:op:ligerito:lig:grind_pow{bits=17}:spartan:grinding{bits=12}: bitz::piop::spartan::grinding: close time.busy=16.7µs time.idle=110ns
2026-10-07T19:58:54.608607Z  INFO falcon_algebraic:prove:falcon_algebraic:pcs:op:ligerito:lig:grind_pow{bits=17 seed_lo=12040305675577541021 seed_hi=4448544093894922929 nonce=7149}: bitz::ligerito_flock: close time.busy=49.7µs time.idle=111ns
2026-10-07T19:58:54.608626Z  INFO falcon_algebraic:prove:falcon_algebraic:pcs:op:ligerito:spartan:grinding{bits=12}: bitz::piop::spartan::grinding: close time.busy=17.2µs time.idle=111ns
2026-10-07T19:58:54.608644Z  INFO falcon_algebraic:prove:falcon_algebraic:pcs:op:ligerito:lig:grind_pow{bits=17}:spartan:grinding{bits=12}: bitz::piop::spartan::grinding: close time.busy=9.48µs time.idle=120ns
2026-10-07T19:58:54.608667Z  INFO falcon_algebraic:prove:falcon_algebraic:pcs:op:ligerito:lig:grind_pow{bits=17 seed_lo=14594745866361555729 seed_hi=4481801811290485119 nonce=4584}: bitz::ligerito_flock: close time.busy=32.9µs time.idle=110ns
2026-10-07T19:58:54.608706Z  INFO falcon_algebraic:prove:falcon_algebraic:pcs:op:ligerito:spartan:grinding{bits=12}: bitz::piop::spartan::grinding: close time.busy=37.5µs time.idle=110ns
2026-10-07T19:58:54.608721Z  INFO falcon_algebraic:prove:falcon_algebraic:pcs:op:ligerito:lig:grind_pow{bits=17}:spartan:grinding{bits=12}: bitz::piop::spartan::grinding: close time.busy=8.13µs time.idle=90.0ns
2026-10-07T19:58:54.608843Z  INFO falcon_algebraic:prove:falcon_algebraic:pcs:op:ligerito:lig:grind_pow{bits=17 seed_lo=13300957292935261440 seed_hi=4548511347967446605 nonce=31400}: bitz::ligerito_flock: close time.busy=131µs time.idle=121ns
2026-10-07T19:58:54.608891Z  INFO falcon_algebraic:prove:falcon_algebraic:pcs:op:ligerito:spartan:grinding{bits=12}: bitz::piop::spartan::grinding: close time.busy=46.5µs time.idle=120ns
2026-10-07T19:58:54.608956Z  INFO falcon_algebraic:prove:falcon_algebraic:pcs:op:ligerito:lig:grind_pow{bits=11}:spartan:grinding{bits=12}: bitz::piop::spartan::grinding: close time.busy=17.5µs time.idle=110ns
2026-10-07T19:58:54.608968Z  INFO falcon_algebraic:prove:falcon_algebraic:pcs:op:ligerito:lig:grind_pow{bits=11 seed_lo=5054118974374254575 seed_hi=14981614931524400151 nonce=2654}: bitz::ligerito_flock: close time.busy=30.0µs time.idle=111ns
2026-10-07T19:58:54.608999Z  INFO falcon_algebraic:prove:falcon_algebraic:pcs:op:ligerito:spartan:grinding{bits=12}: bitz::piop::spartan::grinding: close time.busy=29.1µs time.idle=110ns
2026-10-07T19:58:54.609179Z  INFO falcon_algebraic:prove:falcon_algebraic:pcs:op:ligerito:lig:grind_pow{bits=7}:spartan:grinding{bits=12}: bitz::piop::spartan::grinding: close time.busy=8.11µs time.idle=110ns
2026-10-07T19:58:54.609183Z  INFO falcon_algebraic:prove:falcon_algebraic:pcs:op:ligerito:lig:grind_pow{bits=7 seed_lo=10782382566308342209 seed_hi=11179761202078984758 nonce=218}: bitz::ligerito_flock: close time.busy=12.3µs time.idle=110ns
2026-10-07T19:58:54.609191Z  INFO falcon_algebraic:prove:falcon_algebraic:pcs:op:ligerito:spartan:grinding{bits=12}: bitz::piop::spartan::grinding: close time.busy=6.30µs time.idle=110ns
2026-10-07T19:58:54.609204Z  INFO falcon_algebraic:prove:falcon_algebraic:pcs:op:ligerito:lig:grind_pow{bits=15}:spartan:grinding{bits=12}: bitz::piop::spartan::grinding: close time.busy=9.15µs time.idle=111ns
2026-10-07T19:58:54.609315Z  INFO falcon_algebraic:prove:falcon_algebraic:pcs:op:ligerito:lig:grind_pow{bits=15 seed_lo=1228380510673385658 seed_hi=4608945683697044113 nonce=28426}: bitz::ligerito_flock: close time.busy=121µs time.idle=110ns
2026-10-07T19:58:54.609324Z  INFO falcon_algebraic:prove:falcon_algebraic:pcs:op:ligerito:spartan:grinding{bits=12}: bitz::piop::spartan::grinding: close time.busy=7.42µs time.idle=111ns
2026-10-07T19:58:54.609332Z  INFO falcon_algebraic:prove:falcon_algebraic:pcs:op:ligerito:lig:grind_pow{bits=15}:spartan:grinding{bits=12}: bitz::piop::spartan::grinding: close time.busy=3.81µs time.idle=120ns
2026-10-07T19:58:54.609432Z  INFO falcon_algebraic:prove:falcon_algebraic:pcs:op:ligerito:lig:grind_pow{bits=15 seed_lo=15181336230616402119 seed_hi=7493050434602918546 nonce=25325}: bitz::ligerito_flock: close time.busy=104µs time.idle=111ns
2026-10-07T19:58:54.609442Z  INFO falcon_algebraic:prove:falcon_algebraic:pcs:op:ligerito:spartan:grinding{bits=12}: bitz::piop::spartan::grinding: close time.busy=8.34µs time.idle=110ns
2026-10-07T19:58:54.609457Z  INFO falcon_algebraic:prove:falcon_algebraic:pcs:op:ligerito:lig:grind_pow{bits=15}:spartan:grinding{bits=12}: bitz::piop::spartan::grinding: close time.busy=11.6µs time.idle=110ns
2026-10-07T19:58:54.609569Z  INFO falcon_algebraic:prove:falcon_algebraic:pcs:op:ligerito:lig:grind_pow{bits=15 seed_lo=7421790146636421713 seed_hi=16128424606281112580 nonce=28449}: bitz::ligerito_flock: close time.busy=124µs time.idle=110ns
2026-10-07T19:58:54.609582Z  INFO falcon_algebraic:prove:falcon_algebraic:pcs:op:ligerito:spartan:grinding{bits=12}: bitz::piop::spartan::grinding: close time.busy=11.2µs time.idle=110ns
2026-10-07T19:58:54.609592Z  INFO falcon_algebraic:prove:falcon_algebraic:pcs:op:ligerito:lig:grind_pow{bits=11}:spartan:grinding{bits=12}: bitz::piop::spartan::grinding: close time.busy=4.76µs time.idle=120ns
2026-10-07T19:58:54.609596Z  INFO falcon_algebraic:prove:falcon_algebraic:pcs:op:ligerito:lig:grind_pow{bits=11 seed_lo=14005453541847172307 seed_hi=3880069313824445422 nonce=567}: bitz::ligerito_flock: close time.busy=9.91µs time.idle=110ns
2026-10-07T19:58:54.609605Z  INFO falcon_algebraic:prove:falcon_algebraic:pcs:op:ligerito:spartan:grinding{bits=12}: bitz::piop::spartan::grinding: close time.busy=6.57µs time.idle=111ns
2026-10-07T19:58:54.609682Z  INFO falcon_algebraic:prove:falcon_algebraic:pcs:op:ligerito: bitz::hybrid::opening: close time.busy=32.1ms time.idle=150ns
2026-10-07T19:58:54.609685Z  INFO falcon_algebraic:prove:falcon_algebraic:pcs: bitz::piop::spartan::falcon512_algebraic::protocol: close time.busy=39.3ms time.idle=150ns
2026-10-07T19:58:54.610617Z  INFO falcon_algebraic:prove: bitz::piop::spartan::falcon512_algebraic::protocol: close time.busy=339ms time.idle=170ns
2026-10-07T19:58:54.627628Z  INFO falcon_algebraic:verify:falcon_algebraic_ring:verify:falcon_algebraic_ring:coordinates: bitz::piop::spartan::falcon512_algebraic::ring: close time.busy=8.90ms time.idle=152ns
2026-10-07T19:58:54.646316Z  INFO falcon_algebraic:verify:falcon_algebraic_ring:verify:falcon_algebraic_ring:collapse: bitz::piop::spartan::falcon512_algebraic::ring: close time.busy=18.7ms time.idle=170ns
2026-10-07T19:58:54.646318Z  INFO falcon_algebraic:verify:falcon_algebraic_ring:verify: bitz::piop::spartan::falcon512_algebraic::ring: close time.busy=27.9ms time.idle=150ns
2026-10-07T19:58:54.646345Z  INFO falcon_algebraic:verify:spartan:round_grinding_verify: bitz::sumcheck::boundary: close time.busy=902ns time.idle=130ns
2026-10-07T19:58:54.646349Z  INFO falcon_algebraic:verify:spartan:round_grinding_verify: bitz::sumcheck::boundary: close time.busy=821ns time.idle=110ns
2026-10-07T19:58:54.646353Z  INFO falcon_algebraic:verify:spartan:round_grinding_verify: bitz::sumcheck::boundary: close time.busy=882ns time.idle=110ns
2026-10-07T19:58:54.646357Z  INFO falcon_algebraic:verify:spartan:round_grinding_verify: bitz::sumcheck::boundary: close time.busy=862ns time.idle=120ns
2026-10-07T19:58:54.646361Z  INFO falcon_algebraic:verify:spartan:round_grinding_verify: bitz::sumcheck::boundary: close time.busy=712ns time.idle=90.0ns
2026-10-07T19:58:54.646366Z  INFO falcon_algebraic:verify:spartan:round_grinding_verify: bitz::sumcheck::boundary: close time.busy=801ns time.idle=110ns
2026-10-07T19:58:54.646370Z  INFO falcon_algebraic:verify:spartan:round_grinding_verify: bitz::sumcheck::boundary: close time.busy=811ns time.idle=110ns
2026-10-07T19:58:54.646374Z  INFO falcon_algebraic:verify:spartan:round_grinding_verify: bitz::sumcheck::boundary: close time.busy=902ns time.idle=100ns
2026-10-07T19:58:54.646378Z  INFO falcon_algebraic:verify:spartan:round_grinding_verify: bitz::sumcheck::boundary: close time.busy=862ns time.idle=110ns
2026-10-07T19:58:54.646383Z  INFO falcon_algebraic:verify:spartan:round_grinding_verify: bitz::sumcheck::boundary: close time.busy=741ns time.idle=110ns
2026-10-07T19:58:54.646388Z  INFO falcon_algebraic:verify:spartan:round_grinding_verify: bitz::sumcheck::boundary: close time.busy=862ns time.idle=100ns
2026-10-07T19:58:54.646392Z  INFO falcon_algebraic:verify:spartan:round_grinding_verify: bitz::sumcheck::boundary: close time.busy=862ns time.idle=120ns
2026-10-07T19:58:54.646396Z  INFO falcon_algebraic:verify:spartan:round_grinding_verify: bitz::sumcheck::boundary: close time.busy=912ns time.idle=120ns
2026-10-07T19:58:54.646401Z  INFO falcon_algebraic:verify:spartan:round_grinding_verify: bitz::sumcheck::boundary: close time.busy=952ns time.idle=110ns
2026-10-07T19:58:54.646406Z  INFO falcon_algebraic:verify:spartan:round_grinding_verify: bitz::sumcheck::boundary: close time.busy=712ns time.idle=90.0ns
2026-10-07T19:58:54.646410Z  INFO falcon_algebraic:verify:spartan:round_grinding_verify: bitz::sumcheck::boundary: close time.busy=792ns time.idle=110ns
2026-10-07T19:58:54.646414Z  INFO falcon_algebraic:verify:spartan:round_grinding_verify: bitz::sumcheck::boundary: close time.busy=882ns time.idle=120ns
2026-10-07T19:58:54.646420Z  INFO falcon_algebraic:verify:spartan:round_grinding_verify: bitz::sumcheck::boundary: close time.busy=821ns time.idle=100ns
2026-10-07T19:58:54.646424Z  INFO falcon_algebraic:verify:spartan:round_grinding_verify: bitz::sumcheck::boundary: close time.busy=852ns time.idle=110ns
2026-10-07T19:58:54.656032Z  INFO falcon_algebraic:verify:spartan:round_grinding_verify: bitz::sumcheck::boundary: close time.busy=1.00µs time.idle=210ns
2026-10-07T19:58:54.656037Z  INFO falcon_algebraic:verify:spartan:round_grinding_verify: bitz::sumcheck::boundary: close time.busy=812ns time.idle=110ns
2026-10-07T19:58:54.656041Z  INFO falcon_algebraic:verify:spartan:round_grinding_verify: bitz::sumcheck::boundary: close time.busy=841ns time.idle=111ns
2026-10-07T19:58:54.656048Z  INFO falcon_algebraic:verify:spartan:round_grinding_verify: bitz::sumcheck::boundary: close time.busy=3.78µs time.idle=110ns
2026-10-07T19:58:54.656051Z  INFO falcon_algebraic:verify:spartan:round_grinding_verify: bitz::sumcheck::boundary: close time.busy=852ns time.idle=110ns
2026-10-07T19:58:54.656056Z  INFO falcon_algebraic:verify:spartan:round_grinding_verify: bitz::sumcheck::boundary: close time.busy=1.20µs time.idle=121ns
2026-10-07T19:58:54.656060Z  INFO falcon_algebraic:verify:spartan:round_grinding_verify: bitz::sumcheck::boundary: close time.busy=792ns time.idle=100ns
2026-10-07T19:58:54.656066Z  INFO falcon_algebraic:verify:spartan:round_grinding_verify: bitz::sumcheck::boundary: close time.busy=911ns time.idle=101ns
2026-10-07T19:58:54.656069Z  INFO falcon_algebraic:verify:spartan:round_grinding_verify: bitz::sumcheck::boundary: close time.busy=871ns time.idle=121ns
2026-10-07T19:58:54.656076Z  INFO falcon_algebraic:verify:spartan:round_grinding_verify: bitz::sumcheck::boundary: close time.busy=882ns time.idle=110ns
2026-10-07T19:58:54.656079Z  INFO falcon_algebraic:verify:spartan:round_grinding_verify: bitz::sumcheck::boundary: close time.busy=911ns time.idle=101ns
2026-10-07T19:58:54.656082Z  INFO falcon_algebraic:verify:spartan:round_grinding_verify: bitz::sumcheck::boundary: close time.busy=932ns time.idle=110ns
2026-10-07T19:58:54.656086Z  INFO falcon_algebraic:verify:spartan:round_grinding_verify: bitz::sumcheck::boundary: close time.busy=862ns time.idle=110ns
2026-10-07T19:58:54.656091Z  INFO falcon_algebraic:verify:spartan:round_grinding_verify: bitz::sumcheck::boundary: close time.busy=922ns time.idle=100ns
2026-10-07T19:58:54.656096Z  INFO falcon_algebraic:verify:spartan:round_grinding_verify: bitz::sumcheck::boundary: close time.busy=892ns time.idle=110ns
2026-10-07T19:58:54.656099Z  INFO falcon_algebraic:verify:spartan:round_grinding_verify: bitz::sumcheck::boundary: close time.busy=861ns time.idle=110ns
2026-10-07T19:58:54.656102Z  INFO falcon_algebraic:verify:spartan:round_grinding_verify: bitz::sumcheck::boundary: close time.busy=872ns time.idle=90.0ns
2026-10-07T19:58:54.656106Z  INFO falcon_algebraic:verify:spartan:round_grinding_verify: bitz::sumcheck::boundary: close time.busy=941ns time.idle=111ns
2026-10-07T19:58:54.656112Z  INFO falcon_algebraic:verify:spartan:round_grinding_verify: bitz::sumcheck::boundary: close time.busy=1.13µs time.idle=120ns
2026-10-07T19:58:54.656115Z  INFO falcon_algebraic:verify:spartan:round_grinding_verify: bitz::sumcheck::boundary: close time.busy=631ns time.idle=110ns
2026-10-07T19:58:54.656117Z  INFO falcon_algebraic:verify:spartan:round_grinding_verify: bitz::sumcheck::boundary: close time.busy=711ns time.idle=111ns
2026-10-07T19:58:54.656120Z  INFO falcon_algebraic:verify:spartan:round_grinding_verify: bitz::sumcheck::boundary: close time.busy=651ns time.idle=110ns
2026-10-07T19:58:54.656123Z  INFO falcon_algebraic:verify:spartan:round_grinding_verify: bitz::sumcheck::boundary: close time.busy=992ns time.idle=120ns
2026-10-07T19:58:54.656127Z  INFO falcon_algebraic:verify:spartan:round_grinding_verify: bitz::sumcheck::boundary: close time.busy=811ns time.idle=131ns
2026-10-07T19:58:54.663416Z  INFO falcon_algebraic:verify:spartan:round_grinding_verify: bitz::sumcheck::boundary: close time.busy=1.08µs time.idle=121ns
2026-10-07T19:58:54.663420Z  INFO falcon_algebraic:verify:spartan:round_grinding_verify: bitz::sumcheck::boundary: close time.busy=1.03µs time.idle=110ns
2026-10-07T19:58:54.663423Z  INFO falcon_algebraic:verify:spartan:round_grinding_verify: bitz::sumcheck::boundary: close time.busy=972ns time.idle=100ns
2026-10-07T19:58:54.663425Z  INFO falcon_algebraic:verify:spartan:round_grinding_verify: bitz::sumcheck::boundary: close time.busy=951ns time.idle=112ns
2026-10-07T19:58:54.663429Z  INFO falcon_algebraic:verify:spartan:round_grinding_verify: bitz::sumcheck::boundary: close time.busy=1.19µs time.idle=110ns
2026-10-07T19:58:54.663431Z  INFO falcon_algebraic:verify:spartan:round_grinding_verify: bitz::sumcheck::boundary: close time.busy=952ns time.idle=110ns
2026-10-07T19:58:54.663434Z  INFO falcon_algebraic:verify:spartan:round_grinding_verify: bitz::sumcheck::boundary: close time.busy=932ns time.idle=100ns
2026-10-07T19:58:54.663436Z  INFO falcon_algebraic:verify:spartan:round_grinding_verify: bitz::sumcheck::boundary: close time.busy=942ns time.idle=90.0ns
2026-10-07T19:58:54.663439Z  INFO falcon_algebraic:verify:spartan:round_grinding_verify: bitz::sumcheck::boundary: close time.busy=1.01µs time.idle=110ns
2026-10-07T19:58:54.663443Z  INFO falcon_algebraic:verify:spartan:round_grinding_verify: bitz::sumcheck::boundary: close time.busy=992ns time.idle=110ns
2026-10-07T19:58:54.663445Z  INFO falcon_algebraic:verify:spartan:round_grinding_verify: bitz::sumcheck::boundary: close time.busy=1.03µs time.idle=100ns
2026-10-07T19:58:54.663448Z  INFO falcon_algebraic:verify:spartan:round_grinding_verify: bitz::sumcheck::boundary: close time.busy=981ns time.idle=111ns
2026-10-07T19:58:54.663451Z  INFO falcon_algebraic:verify:spartan:round_grinding_verify: bitz::sumcheck::boundary: close time.busy=952ns time.idle=110ns
2026-10-07T19:58:54.663454Z  INFO falcon_algebraic:verify:spartan:round_grinding_verify: bitz::sumcheck::boundary: close time.busy=1.01µs time.idle=90.0ns
2026-10-07T19:58:54.663457Z  INFO falcon_algebraic:verify:spartan:round_grinding_verify: bitz::sumcheck::boundary: close time.busy=1.10µs time.idle=120ns
2026-10-07T19:58:54.663459Z  INFO falcon_algebraic:verify:spartan:round_grinding_verify: bitz::sumcheck::boundary: close time.busy=1.09µs time.idle=90.0ns
2026-10-07T19:58:54.663462Z  INFO falcon_algebraic:verify:spartan:round_grinding_verify: bitz::sumcheck::boundary: close time.busy=1.09µs time.idle=100ns
2026-10-07T19:58:54.663465Z  INFO falcon_algebraic:verify:spartan:round_grinding_verify: bitz::sumcheck::boundary: close time.busy=1.16µs time.idle=110ns
2026-10-07T19:58:54.663468Z  INFO falcon_algebraic:verify:spartan:round_grinding_verify: bitz::sumcheck::boundary: close time.busy=932ns time.idle=110ns
2026-10-07T19:58:54.663470Z  INFO falcon_algebraic:verify:spartan:round_grinding_verify: bitz::sumcheck::boundary: close time.busy=932ns time.idle=100ns
2026-10-07T19:58:54.663473Z  INFO falcon_algebraic:verify:spartan:round_grinding_verify: bitz::sumcheck::boundary: close time.busy=982ns time.idle=110ns
2026-10-07T19:58:54.663476Z  INFO falcon_algebraic:verify:spartan:round_grinding_verify: bitz::sumcheck::boundary: close time.busy=951ns time.idle=111ns
2026-10-07T19:58:54.663478Z  INFO falcon_algebraic:verify:spartan:round_grinding_verify: bitz::sumcheck::boundary: close time.busy=962ns time.idle=110ns
2026-10-07T19:58:54.663481Z  INFO falcon_algebraic:verify:spartan:round_grinding_verify: bitz::sumcheck::boundary: close time.busy=1.10µs time.idle=90.0ns
2026-10-07T19:58:54.663484Z  INFO falcon_algebraic:verify:spartan:round_grinding_verify: bitz::sumcheck::boundary: close time.busy=1.00µs time.idle=110ns
2026-10-07T19:58:54.665757Z  INFO falcon_algebraic:verify: bitz::piop::spartan::falcon512_algebraic::protocol: close time.busy=55.1ms time.idle=200ns
2026-10-07T19:58:54.698159Z  INFO falcon_algebraic:commit:falcon_algebraic:witness: bitz::piop::spartan::falcon512_algebraic::protocol: close time.busy=32.2ms time.idle=150ns
2026-10-07T19:58:54.727498Z  INFO falcon_algebraic:commit:shared_source:encode: bitz::hybrid::opening: close time.busy=1.58ms time.idle=190ns
2026-10-07T19:58:54.728504Z  INFO falcon_algebraic:commit:shared_source:merkle: bitz::hybrid::opening: close time.busy=1.00ms time.idle=140ns
2026-10-07T19:58:54.728506Z  INFO falcon_algebraic:commit: bitz::piop::spartan::falcon512_algebraic::protocol: close time.busy=62.6ms time.idle=140ns
2026-10-07T19:58:54.745978Z  INFO falcon_algebraic:prove:falcon_algebraic:ring:falcon_algebraic_ring:prove:falcon_algebraic_ring:coordinates: bitz::piop::spartan::falcon512_algebraic::ring: close time.busy=8.82ms time.idle=250ns
2026-10-07T19:58:54.746775Z  INFO falcon_algebraic:prove:falcon_algebraic:ring:falcon_algebraic_ring:prove:spartan:grinding{bits=11}: bitz::piop::spartan::grinding: close time.busy=8.66µs time.idle=190ns
2026-10-07T19:58:54.765323Z  INFO falcon_algebraic:prove:falcon_algebraic:ring:falcon_algebraic_ring:prove:falcon_algebraic_ring:collapse: bitz::piop::spartan::falcon512_algebraic::ring: close time.busy=18.5ms time.idle=200ns
2026-10-07T19:58:54.765325Z  INFO falcon_algebraic:prove:falcon_algebraic:ring:falcon_algebraic_ring:prove: bitz::piop::spartan::falcon512_algebraic::ring: close time.busy=29.1ms time.idle=160ns
2026-10-07T19:58:54.765328Z  INFO falcon_algebraic:prove:falcon_algebraic:ring: bitz::piop::spartan::falcon512_algebraic::protocol: close time.busy=29.1ms time.idle=150ns
2026-10-07T19:58:54.765336Z  INFO falcon_algebraic:prove:falcon_algebraic:arithmetic:falcon_algebraic:norm:spartan:grinding{bits=11}: bitz::piop::spartan::grinding: close time.busy=6.13µs time.idle=120ns
2026-10-07T19:58:54.794737Z  INFO falcon_algebraic:prove:falcon_algebraic:arithmetic:falcon_algebraic:norm:spartan:round_grinding_prove:spartan:grinding{bits=14}: bitz::piop::spartan::grinding: close time.busy=26.5µs time.idle=130ns
2026-10-07T19:58:54.794740Z  INFO falcon_algebraic:prove:falcon_algebraic:arithmetic:falcon_algebraic:norm:spartan:round_grinding_prove: bitz::sumcheck::boundary: close time.busy=30.1µs time.idle=160ns
2026-10-07T19:58:54.805389Z  INFO falcon_algebraic:prove:falcon_algebraic:arithmetic:falcon_algebraic:norm:spartan:round_grinding_prove:spartan:grinding{bits=14}: bitz::piop::spartan::grinding: close time.busy=163µs time.idle=120ns
2026-10-07T19:58:54.805391Z  INFO falcon_algebraic:prove:falcon_algebraic:arithmetic:falcon_algebraic:norm:spartan:round_grinding_prove: bitz::sumcheck::boundary: close time.busy=167µs time.idle=131ns
2026-10-07T19:58:54.810543Z  INFO falcon_algebraic:prove:falcon_algebraic:arithmetic:falcon_algebraic:norm:spartan:round_grinding_prove:spartan:grinding{bits=14}: bitz::piop::spartan::grinding: close time.busy=39.8µs time.idle=130ns
2026-10-07T19:58:54.810545Z  INFO falcon_algebraic:prove:falcon_algebraic:arithmetic:falcon_algebraic:norm:spartan:round_grinding_prove: bitz::sumcheck::boundary: close time.busy=43.3µs time.idle=130ns
2026-10-07T19:58:54.813082Z  INFO falcon_algebraic:prove:falcon_algebraic:arithmetic:falcon_algebraic:norm:spartan:round_grinding_prove:spartan:grinding{bits=14}: bitz::piop::spartan::grinding: close time.busy=19.5µs time.idle=100ns
2026-10-07T19:58:54.813084Z  INFO falcon_algebraic:prove:falcon_algebraic:arithmetic:falcon_algebraic:norm:spartan:round_grinding_prove: bitz::sumcheck::boundary: close time.busy=22.3µs time.idle=120ns
2026-10-07T19:58:54.814452Z  INFO falcon_algebraic:prove:falcon_algebraic:arithmetic:falcon_algebraic:norm:spartan:round_grinding_prove:spartan:grinding{bits=14}: bitz::piop::spartan::grinding: close time.busy=110µs time.idle=120ns
2026-10-07T19:58:54.814454Z  INFO falcon_algebraic:prove:falcon_algebraic:arithmetic:falcon_algebraic:norm:spartan:round_grinding_prove: bitz::sumcheck::boundary: close time.busy=113µs time.idle=120ns
2026-10-07T19:58:54.815104Z  INFO falcon_algebraic:prove:falcon_algebraic:arithmetic:falcon_algebraic:norm:spartan:round_grinding_prove:spartan:grinding{bits=14}: bitz::piop::spartan::grinding: close time.busy=12.1µs time.idle=120ns
2026-10-07T19:58:54.815105Z  INFO falcon_algebraic:prove:falcon_algebraic:arithmetic:falcon_algebraic:norm:spartan:round_grinding_prove: bitz::sumcheck::boundary: close time.busy=14.7µs time.idle=130ns
2026-10-07T19:58:54.815470Z  INFO falcon_algebraic:prove:falcon_algebraic:arithmetic:falcon_algebraic:norm:spartan:round_grinding_prove:spartan:grinding{bits=14}: bitz::piop::spartan::grinding: close time.busy=44.1µs time.idle=110ns
2026-10-07T19:58:54.815472Z  INFO falcon_algebraic:prove:falcon_algebraic:arithmetic:falcon_algebraic:norm:spartan:round_grinding_prove: bitz::sumcheck::boundary: close time.busy=46.7µs time.idle=120ns
2026-10-07T19:58:54.815651Z  INFO falcon_algebraic:prove:falcon_algebraic:arithmetic:falcon_algebraic:norm:spartan:round_grinding_prove:spartan:grinding{bits=14}: bitz::piop::spartan::grinding: close time.busy=15.5µs time.idle=111ns
2026-10-07T19:58:54.815653Z  INFO falcon_algebraic:prove:falcon_algebraic:arithmetic:falcon_algebraic:norm:spartan:round_grinding_prove: bitz::sumcheck::boundary: close time.busy=17.8µs time.idle=101ns
2026-10-07T19:58:54.815744Z  INFO falcon_algebraic:prove:falcon_algebraic:arithmetic:falcon_algebraic:norm:spartan:round_grinding_prove:spartan:grinding{bits=14}: bitz::piop::spartan::grinding: close time.busy=5.96µs time.idle=110ns
2026-10-07T19:58:54.815747Z  INFO falcon_algebraic:prove:falcon_algebraic:arithmetic:falcon_algebraic:norm:spartan:round_grinding_prove: bitz::sumcheck::boundary: close time.busy=9.52µs time.idle=110ns
2026-10-07T19:58:54.815855Z  INFO falcon_algebraic:prove:falcon_algebraic:arithmetic:falcon_algebraic:norm:spartan:round_grinding_prove:spartan:grinding{bits=14}: bitz::piop::spartan::grinding: close time.busy=60.4µs time.idle=110ns
2026-10-07T19:58:54.815857Z  INFO falcon_algebraic:prove:falcon_algebraic:arithmetic:falcon_algebraic:norm:spartan:round_grinding_prove: bitz::sumcheck::boundary: close time.busy=62.3µs time.idle=100ns
2026-10-07T19:58:54.815891Z  INFO falcon_algebraic:prove:falcon_algebraic:arithmetic:falcon_algebraic:norm:spartan:round_grinding_prove:spartan:grinding{bits=14}: bitz::piop::spartan::grinding: close time.busy=5.71µs time.idle=111ns
2026-10-07T19:58:54.815892Z  INFO falcon_algebraic:prove:falcon_algebraic:arithmetic:falcon_algebraic:norm:spartan:round_grinding_prove: bitz::sumcheck::boundary: close time.busy=7.78µs time.idle=90.0ns
2026-10-07T19:58:54.815943Z  INFO falcon_algebraic:prove:falcon_algebraic:arithmetic:falcon_algebraic:norm:spartan:round_grinding_prove:spartan:grinding{bits=14}: bitz::piop::spartan::grinding: close time.busy=33.7µs time.idle=110ns
2026-10-07T19:58:54.815944Z  INFO falcon_algebraic:prove:falcon_algebraic:arithmetic:falcon_algebraic:norm:spartan:round_grinding_prove: bitz::sumcheck::boundary: close time.busy=35.7µs time.idle=110ns
2026-10-07T19:58:54.815970Z  INFO falcon_algebraic:prove:falcon_algebraic:arithmetic:falcon_algebraic:norm:spartan:round_grinding_prove:spartan:grinding{bits=14}: bitz::piop::spartan::grinding: close time.busy=13.4µs time.idle=100ns
2026-10-07T19:58:54.815971Z  INFO falcon_algebraic:prove:falcon_algebraic:arithmetic:falcon_algebraic:norm:spartan:round_grinding_prove: bitz::sumcheck::boundary: close time.busy=15.5µs time.idle=110ns
2026-10-07T19:58:54.815996Z  INFO falcon_algebraic:prove:falcon_algebraic:arithmetic:falcon_algebraic:norm:spartan:round_grinding_prove:spartan:grinding{bits=14}: bitz::piop::spartan::grinding: close time.busy=12.5µs time.idle=91.0ns
2026-10-07T19:58:54.815997Z  INFO falcon_algebraic:prove:falcon_algebraic:arithmetic:falcon_algebraic:norm:spartan:round_grinding_prove: bitz::sumcheck::boundary: close time.busy=14.6µs time.idle=100ns
2026-10-07T19:58:54.816015Z  INFO falcon_algebraic:prove:falcon_algebraic:arithmetic:falcon_algebraic:norm:spartan:round_grinding_prove:spartan:grinding{bits=14}: bitz::piop::spartan::grinding: close time.busy=7.84µs time.idle=120ns
2026-10-07T19:58:54.816016Z  INFO falcon_algebraic:prove:falcon_algebraic:arithmetic:falcon_algebraic:norm:spartan:round_grinding_prove: bitz::sumcheck::boundary: close time.busy=9.91µs time.idle=110ns
2026-10-07T19:58:54.816069Z  INFO falcon_algebraic:prove:falcon_algebraic:arithmetic:falcon_algebraic:norm:spartan:round_grinding_prove:spartan:grinding{bits=14}: bitz::piop::spartan::grinding: close time.busy=45.1µs time.idle=111ns
2026-10-07T19:58:54.816070Z  INFO falcon_algebraic:prove:falcon_algebraic:arithmetic:falcon_algebraic:norm:spartan:round_grinding_prove: bitz::sumcheck::boundary: close time.busy=47.1µs time.idle=110ns
2026-10-07T19:58:54.816120Z  INFO falcon_algebraic:prove:falcon_algebraic:arithmetic:falcon_algebraic:norm:spartan:round_grinding_prove:spartan:grinding{bits=14}: bitz::piop::spartan::grinding: close time.busy=41.5µs time.idle=100ns
2026-10-07T19:58:54.816122Z  INFO falcon_algebraic:prove:falcon_algebraic:arithmetic:falcon_algebraic:norm:spartan:round_grinding_prove: bitz::sumcheck::boundary: close time.busy=43.7µs time.idle=120ns
2026-10-07T19:58:54.816140Z  INFO falcon_algebraic:prove:falcon_algebraic:arithmetic:falcon_algebraic:norm:spartan:round_grinding_prove:spartan:grinding{bits=14}: bitz::piop::spartan::grinding: close time.busy=9.54µs time.idle=100ns
2026-10-07T19:58:54.816142Z  INFO falcon_algebraic:prove:falcon_algebraic:arithmetic:falcon_algebraic:norm:spartan:round_grinding_prove: bitz::sumcheck::boundary: close time.busy=11.5µs time.idle=100ns
2026-10-07T19:58:54.816185Z  INFO falcon_algebraic:prove:falcon_algebraic:arithmetic:falcon_algebraic:norm:spartan:round_grinding_prove:spartan:grinding{bits=14}: bitz::piop::spartan::grinding: close time.busy=34.9µs time.idle=110ns
2026-10-07T19:58:54.816187Z  INFO falcon_algebraic:prove:falcon_algebraic:arithmetic:falcon_algebraic:norm:spartan:round_grinding_prove: bitz::sumcheck::boundary: close time.busy=37.0µs time.idle=110ns
2026-10-07T19:58:54.816195Z  INFO falcon_algebraic:prove:falcon_algebraic:arithmetic:falcon_algebraic:norm: bitz::piop::spartan::falcon512_algebraic::arithmetic: close time.busy=50.9ms time.idle=350ns
2026-10-07T19:58:54.816198Z  INFO falcon_algebraic:prove:falcon_algebraic:arithmetic:falcon_algebraic:binding:spartan:grinding{bits=10}: bitz::piop::spartan::grinding: close time.busy=831ns time.idle=110ns
2026-10-07T19:58:54.862284Z  INFO falcon_algebraic:prove:falcon_algebraic:arithmetic:falcon_algebraic:binding:inner_packed:prefix_accumulators: bitz::sumcheck::inner::packed::state: close time.busy=37.3ms time.idle=150ns
2026-10-07T19:58:54.862292Z  INFO falcon_algebraic:prove:falcon_algebraic:arithmetic:falcon_algebraic:binding:spartan:round_grinding_prove:spartan:grinding{bits=13}: bitz::piop::spartan::grinding: close time.busy=2.39µs time.idle=120ns
2026-10-07T19:58:54.862294Z  INFO falcon_algebraic:prove:falcon_algebraic:arithmetic:falcon_algebraic:binding:spartan:round_grinding_prove: bitz::sumcheck::boundary: close time.busy=5.14µs time.idle=141ns
2026-10-07T19:58:54.862318Z  INFO falcon_algebraic:prove:falcon_algebraic:arithmetic:falcon_algebraic:binding:spartan:round_grinding_prove:spartan:grinding{bits=13}: bitz::piop::spartan::grinding: close time.busy=18.9µs time.idle=121ns
2026-10-07T19:58:54.862319Z  INFO falcon_algebraic:prove:falcon_algebraic:arithmetic:falcon_algebraic:binding:spartan:round_grinding_prove: bitz::sumcheck::boundary: close time.busy=21.1µs time.idle=120ns
2026-10-07T19:58:54.862331Z  INFO falcon_algebraic:prove:falcon_algebraic:arithmetic:falcon_algebraic:binding:spartan:round_grinding_prove:spartan:grinding{bits=13}: bitz::piop::spartan::grinding: close time.busy=7.17µs time.idle=101ns
2026-10-07T19:58:54.862332Z  INFO falcon_algebraic:prove:falcon_algebraic:arithmetic:falcon_algebraic:binding:spartan:round_grinding_prove: bitz::sumcheck::boundary: close time.busy=9.33µs time.idle=120ns
2026-10-07T19:58:54.903568Z  INFO falcon_algebraic:prove:falcon_algebraic:arithmetic:falcon_algebraic:binding:inner_packed:prepare_tail: bitz::sumcheck::inner::packed::state: close time.busy=41.2ms time.idle=240ns
2026-10-07T19:58:54.903588Z  INFO falcon_algebraic:prove:falcon_algebraic:arithmetic:falcon_algebraic:binding:spartan:round_grinding_prove:spartan:grinding{bits=13}: bitz::piop::spartan::grinding: close time.busy=15.7µs time.idle=140ns
2026-10-07T19:58:54.903590Z  INFO falcon_algebraic:prove:falcon_algebraic:arithmetic:falcon_algebraic:binding:spartan:round_grinding_prove: bitz::sumcheck::boundary: close time.busy=18.4µs time.idle=180ns
2026-10-07T19:58:54.926656Z  INFO falcon_algebraic:prove:falcon_algebraic:arithmetic:falcon_algebraic:binding:inner_packed:fold_tail{round=3}: bitz::sumcheck::inner::packed::state: close time.busy=23.1ms time.idle=130ns
2026-10-07T19:58:54.926695Z  INFO falcon_algebraic:prove:falcon_algebraic:arithmetic:falcon_algebraic:binding:spartan:round_grinding_prove:spartan:grinding{bits=13}: bitz::piop::spartan::grinding: close time.busy=34.7µs time.idle=120ns
2026-10-07T19:58:54.926697Z  INFO falcon_algebraic:prove:falcon_algebraic:arithmetic:falcon_algebraic:binding:spartan:round_grinding_prove: bitz::sumcheck::boundary: close time.busy=37.5µs time.idle=180ns
2026-10-07T19:58:54.936552Z  INFO falcon_algebraic:prove:falcon_algebraic:arithmetic:falcon_algebraic:binding:inner_packed:fold_tail{round=4}: bitz::sumcheck::inner::packed::state: close time.busy=9.85ms time.idle=160ns
2026-10-07T19:58:54.936576Z  INFO falcon_algebraic:prove:falcon_algebraic:arithmetic:falcon_algebraic:binding:spartan:round_grinding_prove:spartan:grinding{bits=13}: bitz::piop::spartan::grinding: close time.busy=20.2µs time.idle=131ns
2026-10-07T19:58:54.936580Z  INFO falcon_algebraic:prove:falcon_algebraic:arithmetic:falcon_algebraic:binding:spartan:round_grinding_prove: bitz::sumcheck::boundary: close time.busy=24.6µs time.idle=151ns
2026-10-07T19:58:54.941541Z  INFO falcon_algebraic:prove:falcon_algebraic:arithmetic:falcon_algebraic:binding:inner_packed:fold_tail{round=5}: bitz::sumcheck::inner::packed::state: close time.busy=4.96ms time.idle=180ns
2026-10-07T19:58:54.941569Z  INFO falcon_algebraic:prove:falcon_algebraic:arithmetic:falcon_algebraic:binding:spartan:round_grinding_prove:spartan:grinding{bits=13}: bitz::piop::spartan::grinding: close time.busy=25.3µs time.idle=110ns
2026-10-07T19:58:54.941570Z  INFO falcon_algebraic:prove:falcon_algebraic:arithmetic:falcon_algebraic:binding:spartan:round_grinding_prove: bitz::sumcheck::boundary: close time.busy=27.4µs time.idle=110ns
2026-10-07T19:58:54.944491Z  INFO falcon_algebraic:prove:falcon_algebraic:arithmetic:falcon_algebraic:binding:inner_packed:fold_tail{round=6}: bitz::sumcheck::inner::packed::state: close time.busy=2.92ms time.idle=110ns
2026-10-07T19:58:54.944531Z  INFO falcon_algebraic:prove:falcon_algebraic:arithmetic:falcon_algebraic:binding:spartan:round_grinding_prove:spartan:grinding{bits=13}: bitz::piop::spartan::grinding: close time.busy=37.2µs time.idle=130ns
2026-10-07T19:58:54.944533Z  INFO falcon_algebraic:prove:falcon_algebraic:arithmetic:falcon_algebraic:binding:spartan:round_grinding_prove: bitz::sumcheck::boundary: close time.busy=39.6µs time.idle=100ns
2026-10-07T19:58:54.945797Z  INFO falcon_algebraic:prove:falcon_algebraic:arithmetic:falcon_algebraic:binding:inner_packed:fold_tail{round=7}: bitz::sumcheck::inner::packed::state: close time.busy=1.26ms time.idle=111ns
2026-10-07T19:58:54.945863Z  INFO falcon_algebraic:prove:falcon_algebraic:arithmetic:falcon_algebraic:binding:spartan:round_grinding_prove:spartan:grinding{bits=13}: bitz::piop::spartan::grinding: close time.busy=62.7µs time.idle=121ns
2026-10-07T19:58:54.945864Z  INFO falcon_algebraic:prove:falcon_algebraic:arithmetic:falcon_algebraic:binding:spartan:round_grinding_prove: bitz::sumcheck::boundary: close time.busy=64.9µs time.idle=110ns
2026-10-07T19:58:54.946510Z  INFO falcon_algebraic:prove:falcon_algebraic:arithmetic:falcon_algebraic:binding:inner_packed:fold_tail{round=8}: bitz::sumcheck::inner::packed::state: close time.busy=640µs time.idle=131ns
2026-10-07T19:58:54.946533Z  INFO falcon_algebraic:prove:falcon_algebraic:arithmetic:falcon_algebraic:binding:spartan:round_grinding_prove:spartan:grinding{bits=13}: bitz::piop::spartan::grinding: close time.busy=20.7µs time.idle=110ns
2026-10-07T19:58:54.946534Z  INFO falcon_algebraic:prove:falcon_algebraic:arithmetic:falcon_algebraic:binding:spartan:round_grinding_prove: bitz::sumcheck::boundary: close time.busy=22.8µs time.idle=110ns
2026-10-07T19:58:54.946867Z  INFO falcon_algebraic:prove:falcon_algebraic:arithmetic:falcon_algebraic:binding:inner_packed:fold_tail{round=9}: bitz::sumcheck::inner::packed::state: close time.busy=330µs time.idle=110ns
2026-10-07T19:58:54.946926Z  INFO falcon_algebraic:prove:falcon_algebraic:arithmetic:falcon_algebraic:binding:spartan:round_grinding_prove:spartan:grinding{bits=13}: bitz::piop::spartan::grinding: close time.busy=57.0µs time.idle=110ns
2026-10-07T19:58:54.946927Z  INFO falcon_algebraic:prove:falcon_algebraic:arithmetic:falcon_algebraic:binding:spartan:round_grinding_prove: bitz::sumcheck::boundary: close time.busy=59.1µs time.idle=110ns
2026-10-07T19:58:54.947100Z  INFO falcon_algebraic:prove:falcon_algebraic:arithmetic:falcon_algebraic:binding:inner_packed:fold_tail{round=10}: bitz::sumcheck::inner::packed::state: close time.busy=170µs time.idle=100ns
2026-10-07T19:58:54.947133Z  INFO falcon_algebraic:prove:falcon_algebraic:arithmetic:falcon_algebraic:binding:spartan:round_grinding_prove:spartan:grinding{bits=13}: bitz::piop::spartan::grinding: close time.busy=30.7µs time.idle=120ns
2026-10-07T19:58:54.947135Z  INFO falcon_algebraic:prove:falcon_algebraic:arithmetic:falcon_algebraic:binding:spartan:round_grinding_prove: bitz::sumcheck::boundary: close time.busy=33.8µs time.idle=100ns
2026-10-07T19:58:54.947225Z  INFO falcon_algebraic:prove:falcon_algebraic:arithmetic:falcon_algebraic:binding:inner_packed:fold_tail{round=11}: bitz::sumcheck::inner::packed::state: close time.busy=87.5µs time.idle=111ns
2026-10-07T19:58:54.947259Z  INFO falcon_algebraic:prove:falcon_algebraic:arithmetic:falcon_algebraic:binding:spartan:round_grinding_prove:spartan:grinding{bits=13}: bitz::piop::spartan::grinding: close time.busy=31.2µs time.idle=110ns
2026-10-07T19:58:54.947260Z  INFO falcon_algebraic:prove:falcon_algebraic:arithmetic:falcon_algebraic:binding:spartan:round_grinding_prove: bitz::sumcheck::boundary: close time.busy=33.3µs time.idle=121ns
2026-10-07T19:58:54.947308Z  INFO falcon_algebraic:prove:falcon_algebraic:arithmetic:falcon_algebraic:binding:inner_packed:fold_tail{round=12}: bitz::sumcheck::inner::packed::state: close time.busy=44.2µs time.idle=110ns
2026-10-07T19:58:54.947352Z  INFO falcon_algebraic:prove:falcon_algebraic:arithmetic:falcon_algebraic:binding:spartan:round_grinding_prove:spartan:grinding{bits=13}: bitz::piop::spartan::grinding: close time.busy=41.1µs time.idle=110ns
2026-10-07T19:58:54.947353Z  INFO falcon_algebraic:prove:falcon_algebraic:arithmetic:falcon_algebraic:binding:spartan:round_grinding_prove: bitz::sumcheck::boundary: close time.busy=43.3µs time.idle=110ns
2026-10-07T19:58:54.947378Z  INFO falcon_algebraic:prove:falcon_algebraic:arithmetic:falcon_algebraic:binding:inner_packed:fold_tail{round=13}: bitz::sumcheck::inner::packed::state: close time.busy=22.1µs time.idle=90.0ns
2026-10-07T19:58:54.947438Z  INFO falcon_algebraic:prove:falcon_algebraic:arithmetic:falcon_algebraic:binding:spartan:round_grinding_prove:spartan:grinding{bits=13}: bitz::piop::spartan::grinding: close time.busy=56.9µs time.idle=110ns
2026-10-07T19:58:54.947439Z  INFO falcon_algebraic:prove:falcon_algebraic:arithmetic:falcon_algebraic:binding:spartan:round_grinding_prove: bitz::sumcheck::boundary: close time.busy=59.0µs time.idle=110ns
2026-10-07T19:58:54.947453Z  INFO falcon_algebraic:prove:falcon_algebraic:arithmetic:falcon_algebraic:binding:inner_packed:fold_tail{round=14}: bitz::sumcheck::inner::packed::state: close time.busy=11.2µs time.idle=120ns
2026-10-07T19:58:54.947489Z  INFO falcon_algebraic:prove:falcon_algebraic:arithmetic:falcon_algebraic:binding:spartan:round_grinding_prove:spartan:grinding{bits=13}: bitz::piop::spartan::grinding: close time.busy=34.1µs time.idle=110ns
2026-10-07T19:58:54.947490Z  INFO falcon_algebraic:prove:falcon_algebraic:arithmetic:falcon_algebraic:binding:spartan:round_grinding_prove: bitz::sumcheck::boundary: close time.busy=36.1µs time.idle=110ns
2026-10-07T19:58:54.947498Z  INFO falcon_algebraic:prove:falcon_algebraic:arithmetic:falcon_algebraic:binding:inner_packed:fold_tail{round=15}: bitz::sumcheck::inner::packed::state: close time.busy=5.46µs time.idle=110ns
2026-10-07T19:58:54.947515Z  INFO falcon_algebraic:prove:falcon_algebraic:arithmetic:falcon_algebraic:binding:spartan:round_grinding_prove:spartan:grinding{bits=13}: bitz::piop::spartan::grinding: close time.busy=14.4µs time.idle=100ns
2026-10-07T19:58:54.947516Z  INFO falcon_algebraic:prove:falcon_algebraic:arithmetic:falcon_algebraic:binding:spartan:round_grinding_prove: bitz::sumcheck::boundary: close time.busy=16.8µs time.idle=100ns
2026-10-07T19:58:54.947521Z  INFO falcon_algebraic:prove:falcon_algebraic:arithmetic:falcon_algebraic:binding:inner_packed:fold_tail{round=16}: bitz::sumcheck::inner::packed::state: close time.busy=2.63µs time.idle=110ns
2026-10-07T19:58:54.947540Z  INFO falcon_algebraic:prove:falcon_algebraic:arithmetic:falcon_algebraic:binding:spartan:round_grinding_prove:spartan:grinding{bits=13}: bitz::piop::spartan::grinding: close time.busy=16.5µs time.idle=110ns
2026-10-07T19:58:54.947542Z  INFO falcon_algebraic:prove:falcon_algebraic:arithmetic:falcon_algebraic:binding:spartan:round_grinding_prove: bitz::sumcheck::boundary: close time.busy=18.6µs time.idle=110ns
2026-10-07T19:58:54.947548Z  INFO falcon_algebraic:prove:falcon_algebraic:arithmetic:falcon_algebraic:binding:inner_packed:fold_tail{round=17}: bitz::sumcheck::inner::packed::state: close time.busy=1.39µs time.idle=110ns
2026-10-07T19:58:54.947568Z  INFO falcon_algebraic:prove:falcon_algebraic:arithmetic:falcon_algebraic:binding:spartan:round_grinding_prove:spartan:grinding{bits=13}: bitz::piop::spartan::grinding: close time.busy=16.9µs time.idle=110ns
2026-10-07T19:58:54.947569Z  INFO falcon_algebraic:prove:falcon_algebraic:arithmetic:falcon_algebraic:binding:spartan:round_grinding_prove: bitz::sumcheck::boundary: close time.busy=19.1µs time.idle=100ns
2026-10-07T19:58:54.947571Z  INFO falcon_algebraic:prove:falcon_algebraic:arithmetic:falcon_algebraic:binding:inner_packed:fold_tail{round=18}: bitz::sumcheck::inner::packed::state: close time.busy=752ns time.idle=130ns
2026-10-07T19:58:54.947580Z  INFO falcon_algebraic:prove:falcon_algebraic:arithmetic:falcon_algebraic:binding:spartan:round_grinding_prove:spartan:grinding{bits=13}: bitz::piop::spartan::grinding: close time.busy=6.32µs time.idle=110ns
2026-10-07T19:58:54.947581Z  INFO falcon_algebraic:prove:falcon_algebraic:arithmetic:falcon_algebraic:binding:spartan:round_grinding_prove: bitz::sumcheck::boundary: close time.busy=8.10µs time.idle=110ns
2026-10-07T19:58:54.947583Z  INFO falcon_algebraic:prove:falcon_algebraic:arithmetic:falcon_algebraic:binding:inner_packed:fold_tail{round=19}: bitz::sumcheck::inner::packed::state: close time.busy=440ns time.idle=111ns
2026-10-07T19:58:54.947652Z  INFO falcon_algebraic:prove:falcon_algebraic:arithmetic:falcon_algebraic:binding:spartan:round_grinding_prove:spartan:grinding{bits=13}: bitz::piop::spartan::grinding: close time.busy=66.0µs time.idle=110ns
2026-10-07T19:58:54.947653Z  INFO falcon_algebraic:prove:falcon_algebraic:arithmetic:falcon_algebraic:binding:spartan:round_grinding_prove: bitz::sumcheck::boundary: close time.busy=67.9µs time.idle=100ns
2026-10-07T19:58:54.947655Z  INFO falcon_algebraic:prove:falcon_algebraic:arithmetic:falcon_algebraic:binding:inner_packed:fold_tail{round=20}: bitz::sumcheck::inner::packed::state: close time.busy=261ns time.idle=110ns
2026-10-07T19:58:54.947662Z  INFO falcon_algebraic:prove:falcon_algebraic:arithmetic:falcon_algebraic:binding:spartan:round_grinding_prove:spartan:grinding{bits=13}: bitz::piop::spartan::grinding: close time.busy=5.15µs time.idle=110ns
2026-10-07T19:58:54.947663Z  INFO falcon_algebraic:prove:falcon_algebraic:arithmetic:falcon_algebraic:binding:spartan:round_grinding_prove: bitz::sumcheck::boundary: close time.busy=6.94µs time.idle=110ns
2026-10-07T19:58:54.947665Z  INFO falcon_algebraic:prove:falcon_algebraic:arithmetic:falcon_algebraic:binding:inner_packed:fold_tail{round=21}: bitz::sumcheck::inner::packed::state: close time.busy=170ns time.idle=111ns
2026-10-07T19:58:54.947714Z  INFO falcon_algebraic:prove:falcon_algebraic:arithmetic:falcon_algebraic:binding:spartan:round_grinding_prove:spartan:grinding{bits=13}: bitz::piop::spartan::grinding: close time.busy=45.9µs time.idle=110ns
2026-10-07T19:58:54.947715Z  INFO falcon_algebraic:prove:falcon_algebraic:arithmetic:falcon_algebraic:binding:spartan:round_grinding_prove: bitz::sumcheck::boundary: close time.busy=47.7µs time.idle=100ns
2026-10-07T19:58:54.947717Z  INFO falcon_algebraic:prove:falcon_algebraic:arithmetic:falcon_algebraic:binding:inner_packed:fold_tail{round=22}: bitz::sumcheck::inner::packed::state: close time.busy=120ns time.idle=120ns
2026-10-07T19:58:54.947727Z  INFO falcon_algebraic:prove:falcon_algebraic:arithmetic:falcon_algebraic:binding:spartan:round_grinding_prove:spartan:grinding{bits=13}: bitz::piop::spartan::grinding: close time.busy=8.06µs time.idle=111ns
2026-10-07T19:58:54.947728Z  INFO falcon_algebraic:prove:falcon_algebraic:arithmetic:falcon_algebraic:binding:spartan:round_grinding_prove: bitz::sumcheck::boundary: close time.busy=10.0µs time.idle=110ns
2026-10-07T19:58:54.947731Z  INFO falcon_algebraic:prove:falcon_algebraic:arithmetic:falcon_algebraic:binding:inner_packed:fold_tail{round=23}: bitz::sumcheck::inner::packed::state: close time.busy=191ns time.idle=120ns
2026-10-07T19:58:54.954472Z  INFO falcon_algebraic:prove:falcon_algebraic:arithmetic:falcon_algebraic:binding: bitz::piop::spartan::falcon512_algebraic::arithmetic: close time.busy=138ms time.idle=221ns
2026-10-07T19:58:54.954475Z  INFO falcon_algebraic:prove:falcon_algebraic:arithmetic: bitz::piop::spartan::falcon512_algebraic::protocol: close time.busy=189ms time.idle=150ns
2026-10-07T19:58:54.957116Z  INFO falcon_algebraic:prove:falcon_algebraic:bitz:falcon_bridge:integer_folds: bitz::hybrid::integer_bridge: close time.busy=2.60ms time.idle=141ns
2026-10-07T19:58:54.958160Z  INFO falcon_algebraic:prove:falcon_algebraic:bitz:falcon_bridge:column_packing: bitz::hybrid::integer_bridge: close time.busy=855µs time.idle=151ns
2026-10-07T19:58:54.958537Z  INFO falcon_algebraic:prove:falcon_algebraic:bitz:falcon_bridge:power_tables: bitz::hybrid::integer_bridge: close time.busy=375µs time.idle=140ns
2026-10-07T19:58:54.958549Z  INFO falcon_algebraic:prove:falcon_algebraic:bitz:spartan:grinding{bits=14}: bitz::piop::spartan::grinding: close time.busy=9.05µs time.idle=110ns
2026-10-07T19:58:54.966451Z  INFO falcon_algebraic:prove:falcon_algebraic:bitz:falcon_bridge:wfbitz_forest:spartan:grinding{bits=14}: bitz::piop::spartan::grinding: close time.busy=41.2µs time.idle=130ns
2026-10-07T19:58:54.966626Z  INFO falcon_algebraic:prove:falcon_algebraic:bitz:falcon_bridge:wfbitz_forest:spartan:grinding{bits=14}: bitz::piop::spartan::grinding: close time.busy=163µs time.idle=120ns
2026-10-07T19:58:54.966684Z  INFO falcon_algebraic:prove:falcon_algebraic:bitz:falcon_bridge:wfbitz_forest:spartan:grinding{bits=14}: bitz::piop::spartan::grinding: close time.busy=52.6µs time.idle=121ns
2026-10-07T19:58:54.966722Z  INFO falcon_algebraic:prove:falcon_algebraic:bitz:falcon_bridge:wfbitz_forest:spartan:grinding{bits=14}: bitz::piop::spartan::grinding: close time.busy=33.6µs time.idle=110ns
2026-10-07T19:58:54.966882Z  INFO falcon_algebraic:prove:falcon_algebraic:bitz:falcon_bridge:wfbitz_forest:spartan:grinding{bits=14}: bitz::piop::spartan::grinding: close time.busy=156µs time.idle=110ns
2026-10-07T19:58:54.967091Z  INFO falcon_algebraic:prove:falcon_algebraic:bitz:falcon_bridge:wfbitz_forest:spartan:grinding{bits=14}: bitz::piop::spartan::grinding: close time.busy=205µs time.idle=111ns
2026-10-07T19:58:54.967164Z  INFO falcon_algebraic:prove:falcon_algebraic:bitz:falcon_bridge:wfbitz_forest:spartan:grinding{bits=14}: bitz::piop::spartan::grinding: close time.busy=70.3µs time.idle=110ns
2026-10-07T19:58:54.967198Z  INFO falcon_algebraic:prove:falcon_algebraic:bitz:falcon_bridge:wfbitz_forest:spartan:grinding{bits=14}: bitz::piop::spartan::grinding: close time.busy=30.5µs time.idle=110ns
2026-10-07T19:58:54.967205Z  INFO falcon_algebraic:prove:falcon_algebraic:bitz:falcon_bridge:wfbitz_forest:spartan:grinding{bits=14}: bitz::piop::spartan::grinding: close time.busy=4.19µs time.idle=110ns
2026-10-07T19:58:54.967213Z  INFO falcon_algebraic:prove:falcon_algebraic:bitz:falcon_bridge:wfbitz_forest:spartan:grinding{bits=14}: bitz::piop::spartan::grinding: close time.busy=5.46µs time.idle=110ns
2026-10-07T19:58:54.967303Z  INFO falcon_algebraic:prove:falcon_algebraic:bitz:falcon_bridge:wfbitz_forest:spartan:grinding{bits=14}: bitz::piop::spartan::grinding: close time.busy=86.8µs time.idle=111ns
2026-10-07T19:58:54.967342Z  INFO falcon_algebraic:prove:falcon_algebraic:bitz:falcon_bridge:wfbitz_forest:spartan:grinding{bits=14}: bitz::piop::spartan::grinding: close time.busy=36.2µs time.idle=111ns
2026-10-07T19:58:54.967409Z  INFO falcon_algebraic:prove:falcon_algebraic:bitz:falcon_bridge:wfbitz_forest:spartan:grinding{bits=14}: bitz::piop::spartan::grinding: close time.busy=64.5µs time.idle=111ns
2026-10-07T19:58:54.967493Z  INFO falcon_algebraic:prove:falcon_algebraic:bitz:falcon_bridge:wfbitz_forest:spartan:grinding{bits=14}: bitz::piop::spartan::grinding: close time.busy=65.7µs time.idle=111ns
2026-10-07T19:58:54.967557Z  INFO falcon_algebraic:prove:falcon_algebraic:bitz:falcon_bridge:wfbitz_forest:spartan:grinding{bits=14}: bitz::piop::spartan::grinding: close time.busy=54.0µs time.idle=120ns
2026-10-07T19:58:54.967626Z  INFO falcon_algebraic:prove:falcon_algebraic:bitz:falcon_bridge:wfbitz_forest:spartan:grinding{bits=14}: bitz::piop::spartan::grinding: close time.busy=61.1µs time.idle=110ns
2026-10-07T19:58:54.967768Z  INFO falcon_algebraic:prove:falcon_algebraic:bitz:falcon_bridge:wfbitz_forest:spartan:grinding{bits=14}: bitz::piop::spartan::grinding: close time.busy=137µs time.idle=120ns
2026-10-07T19:58:54.967812Z  INFO falcon_algebraic:prove:falcon_algebraic:bitz:falcon_bridge:wfbitz_forest:spartan:grinding{bits=14}: bitz::piop::spartan::grinding: close time.busy=39.3µs time.idle=110ns
2026-10-07T19:58:54.967819Z  INFO falcon_algebraic:prove:falcon_algebraic:bitz:falcon_bridge:wfbitz_forest:spartan:grinding{bits=14}: bitz::piop::spartan::grinding: close time.busy=4.13µs time.idle=111ns
2026-10-07T19:58:54.967887Z  INFO falcon_algebraic:prove:falcon_algebraic:bitz:falcon_bridge:wfbitz_forest:spartan:grinding{bits=14}: bitz::piop::spartan::grinding: close time.busy=64.3µs time.idle=110ns
2026-10-07T19:58:54.967912Z  INFO falcon_algebraic:prove:falcon_algebraic:bitz:falcon_bridge:wfbitz_forest:spartan:grinding{bits=14}: bitz::piop::spartan::grinding: close time.busy=22.5µs time.idle=100ns
2026-10-07T19:58:54.967926Z  INFO falcon_algebraic:prove:falcon_algebraic:bitz:falcon_bridge:wfbitz_forest:spartan:grinding{bits=14}: bitz::piop::spartan::grinding: close time.busy=11.2µs time.idle=110ns
2026-10-07T19:58:54.967954Z  INFO falcon_algebraic:prove:falcon_algebraic:bitz:falcon_bridge:wfbitz_forest:spartan:grinding{bits=14}: bitz::piop::spartan::grinding: close time.busy=25.0µs time.idle=110ns
2026-10-07T19:58:54.967966Z  INFO falcon_algebraic:prove:falcon_algebraic:bitz:falcon_bridge:wfbitz_forest:spartan:grinding{bits=14}: bitz::piop::spartan::grinding: close time.busy=9.42µs time.idle=110ns
2026-10-07T19:58:54.967985Z  INFO falcon_algebraic:prove:falcon_algebraic:bitz:falcon_bridge:wfbitz_forest:spartan:grinding{bits=14}: bitz::piop::spartan::grinding: close time.busy=16.1µs time.idle=110ns
2026-10-07T19:58:54.968040Z  INFO falcon_algebraic:prove:falcon_algebraic:bitz:falcon_bridge:wfbitz_forest:spartan:grinding{bits=14}: bitz::piop::spartan::grinding: close time.busy=52.7µs time.idle=120ns
2026-10-07T19:58:54.968094Z  INFO falcon_algebraic:prove:falcon_algebraic:bitz:falcon_bridge:wfbitz_forest:spartan:grinding{bits=14}: bitz::piop::spartan::grinding: close time.busy=50.6µs time.idle=110ns
2026-10-07T19:58:54.968217Z  INFO falcon_algebraic:prove:falcon_algebraic:bitz:falcon_bridge:wfbitz_forest:spartan:grinding{bits=14}: bitz::piop::spartan::grinding: close time.busy=99.6µs time.idle=110ns
2026-10-07T19:58:54.968246Z  INFO falcon_algebraic:prove:falcon_algebraic:bitz:falcon_bridge:wfbitz_forest:spartan:grinding{bits=14}: bitz::piop::spartan::grinding: close time.busy=7.39µs time.idle=110ns
2026-10-07T19:58:54.968277Z  INFO falcon_algebraic:prove:falcon_algebraic:bitz:falcon_bridge:wfbitz_forest:spartan:grinding{bits=14}: bitz::piop::spartan::grinding: close time.busy=23.1µs time.idle=110ns
2026-10-07T19:58:54.968303Z  INFO falcon_algebraic:prove:falcon_algebraic:bitz:falcon_bridge:wfbitz_forest:spartan:grinding{bits=14}: bitz::piop::spartan::grinding: close time.busy=9.92µs time.idle=120ns
2026-10-07T19:58:54.968391Z  INFO falcon_algebraic:prove:falcon_algebraic:bitz:falcon_bridge:wfbitz_forest:spartan:grinding{bits=14}: bitz::piop::spartan::grinding: close time.busy=82.6µs time.idle=110ns
2026-10-07T19:58:54.968447Z  INFO falcon_algebraic:prove:falcon_algebraic:bitz:falcon_bridge:wfbitz_forest:spartan:grinding{bits=14}: bitz::piop::spartan::grinding: close time.busy=50.8µs time.idle=111ns
2026-10-07T19:58:54.968457Z  INFO falcon_algebraic:prove:falcon_algebraic:bitz:falcon_bridge:wfbitz_forest:spartan:grinding{bits=14}: bitz::piop::spartan::grinding: close time.busy=6.25µs time.idle=110ns
2026-10-07T19:58:54.968527Z  INFO falcon_algebraic:prove:falcon_algebraic:bitz:falcon_bridge:wfbitz_forest:spartan:grinding{bits=14}: bitz::piop::spartan::grinding: close time.busy=66.5µs time.idle=120ns
2026-10-07T19:58:54.968616Z  INFO falcon_algebraic:prove:falcon_algebraic:bitz:falcon_bridge:wfbitz_forest:spartan:grinding{bits=14}: bitz::piop::spartan::grinding: close time.busy=86.2µs time.idle=110ns
2026-10-07T19:58:54.968627Z  INFO falcon_algebraic:prove:falcon_algebraic:bitz:falcon_bridge:wfbitz_forest:spartan:grinding{bits=14}: bitz::piop::spartan::grinding: close time.busy=7.91µs time.idle=120ns
2026-10-07T19:58:54.968666Z  INFO falcon_algebraic:prove:falcon_algebraic:bitz:falcon_bridge:wfbitz_forest:spartan:grinding{bits=14}: bitz::piop::spartan::grinding: close time.busy=35.5µs time.idle=111ns
2026-10-07T19:58:54.968716Z  INFO falcon_algebraic:prove:falcon_algebraic:bitz:falcon_bridge:wfbitz_forest:spartan:grinding{bits=14}: bitz::piop::spartan::grinding: close time.busy=47.4µs time.idle=110ns
2026-10-07T19:58:54.968766Z  INFO falcon_algebraic:prove:falcon_algebraic:bitz:falcon_bridge:wfbitz_forest:spartan:grinding{bits=14}: bitz::piop::spartan::grinding: close time.busy=47.1µs time.idle=110ns
2026-10-07T19:58:54.968779Z  INFO falcon_algebraic:prove:falcon_algebraic:bitz:falcon_bridge:wfbitz_forest:spartan:grinding{bits=14}: bitz::piop::spartan::grinding: close time.busy=10.1µs time.idle=110ns
2026-10-07T19:58:54.968803Z  INFO falcon_algebraic:prove:falcon_algebraic:bitz:falcon_bridge:wfbitz_forest:spartan:grinding{bits=14}: bitz::piop::spartan::grinding: close time.busy=20.8µs time.idle=111ns
2026-10-07T19:58:54.969002Z  INFO falcon_algebraic:prove:falcon_algebraic:bitz:falcon_bridge:wfbitz_forest:spartan:grinding{bits=14}: bitz::piop::spartan::grinding: close time.busy=163µs time.idle=110ns
2026-10-07T19:58:54.969052Z  INFO falcon_algebraic:prove:falcon_algebraic:bitz:falcon_bridge:wfbitz_forest:spartan:grinding{bits=14}: bitz::piop::spartan::grinding: close time.busy=13.1µs time.idle=110ns
2026-10-07T19:58:54.969138Z  INFO falcon_algebraic:prove:falcon_algebraic:bitz:falcon_bridge:wfbitz_forest:spartan:grinding{bits=14}: bitz::piop::spartan::grinding: close time.busy=68.5µs time.idle=120ns
2026-10-07T19:58:54.969164Z  INFO falcon_algebraic:prove:falcon_algebraic:bitz:falcon_bridge:wfbitz_forest:spartan:grinding{bits=14}: bitz::piop::spartan::grinding: close time.busy=18.2µs time.idle=110ns
2026-10-07T19:58:54.969289Z  INFO falcon_algebraic:prove:falcon_algebraic:bitz:falcon_bridge:wfbitz_forest:spartan:grinding{bits=14}: bitz::piop::spartan::grinding: close time.busy=109µs time.idle=110ns
2026-10-07T19:58:54.969310Z  INFO falcon_algebraic:prove:falcon_algebraic:bitz:falcon_bridge:wfbitz_forest:spartan:grinding{bits=14}: bitz::piop::spartan::grinding: close time.busy=15.3µs time.idle=110ns
2026-10-07T19:58:54.969329Z  INFO falcon_algebraic:prove:falcon_algebraic:bitz:falcon_bridge:wfbitz_forest:spartan:grinding{bits=14}: bitz::piop::spartan::grinding: close time.busy=14.4µs time.idle=121ns
2026-10-07T19:58:54.969415Z  INFO falcon_algebraic:prove:falcon_algebraic:bitz:falcon_bridge:wfbitz_forest:spartan:grinding{bits=14}: bitz::piop::spartan::grinding: close time.busy=82.8µs time.idle=120ns
2026-10-07T19:58:54.969471Z  INFO falcon_algebraic:prove:falcon_algebraic:bitz:falcon_bridge:wfbitz_forest:spartan:grinding{bits=14}: bitz::piop::spartan::grinding: close time.busy=52.5µs time.idle=110ns
2026-10-07T19:58:54.969512Z  INFO falcon_algebraic:prove:falcon_algebraic:bitz:falcon_bridge:wfbitz_forest:spartan:grinding{bits=14}: bitz::piop::spartan::grinding: close time.busy=38.1µs time.idle=110ns
2026-10-07T19:58:54.969548Z  INFO falcon_algebraic:prove:falcon_algebraic:bitz:falcon_bridge:wfbitz_forest:spartan:grinding{bits=14}: bitz::piop::spartan::grinding: close time.busy=32.2µs time.idle=121ns
2026-10-07T19:58:54.969558Z  INFO falcon_algebraic:prove:falcon_algebraic:bitz:falcon_bridge:wfbitz_forest:spartan:grinding{bits=14}: bitz::piop::spartan::grinding: close time.busy=7.78µs time.idle=110ns
2026-10-07T19:58:54.969590Z  INFO falcon_algebraic:prove:falcon_algebraic:bitz:falcon_bridge:wfbitz_forest:spartan:grinding{bits=14}: bitz::piop::spartan::grinding: close time.busy=27.9µs time.idle=110ns
2026-10-07T19:58:54.969746Z  INFO falcon_algebraic:prove:falcon_algebraic:bitz:falcon_bridge:wfbitz_forest:spartan:grinding{bits=14}: bitz::piop::spartan::grinding: close time.busy=153µs time.idle=110ns
2026-10-07T19:58:54.969770Z  INFO falcon_algebraic:prove:falcon_algebraic:bitz:falcon_bridge:wfbitz_forest:spartan:grinding{bits=14}: bitz::piop::spartan::grinding: close time.busy=21.1µs time.idle=111ns
2026-10-07T19:58:54.969840Z  INFO falcon_algebraic:prove:falcon_algebraic:bitz:falcon_bridge:wfbitz_forest:spartan:grinding{bits=14}: bitz::piop::spartan::grinding: close time.busy=66.9µs time.idle=110ns
2026-10-07T19:58:54.969929Z  INFO falcon_algebraic:prove:falcon_algebraic:bitz:falcon_bridge:wfbitz_forest:spartan:grinding{bits=14}: bitz::piop::spartan::grinding: close time.busy=25.2µs time.idle=120ns
2026-10-07T19:58:54.970000Z  INFO falcon_algebraic:prove:falcon_algebraic:bitz:falcon_bridge:wfbitz_forest:spartan:grinding{bits=14}: bitz::piop::spartan::grinding: close time.busy=4.31µs time.idle=120ns
2026-10-07T19:58:54.970039Z  INFO falcon_algebraic:prove:falcon_algebraic:bitz:falcon_bridge:wfbitz_forest:spartan:grinding{bits=14}: bitz::piop::spartan::grinding: close time.busy=10.8µs time.idle=111ns
2026-10-07T19:58:54.970184Z  INFO falcon_algebraic:prove:falcon_algebraic:bitz:falcon_bridge:wfbitz_forest:spartan:grinding{bits=14}: bitz::piop::spartan::grinding: close time.busy=127µs time.idle=110ns
2026-10-07T19:58:54.970212Z  INFO falcon_algebraic:prove:falcon_algebraic:bitz:falcon_bridge:wfbitz_forest:spartan:grinding{bits=14}: bitz::piop::spartan::grinding: close time.busy=19.4µs time.idle=120ns
2026-10-07T19:58:54.970244Z  INFO falcon_algebraic:prove:falcon_algebraic:bitz:falcon_bridge:wfbitz_forest:spartan:grinding{bits=14}: bitz::piop::spartan::grinding: close time.busy=16.4µs time.idle=110ns
2026-10-07T19:58:54.970271Z  INFO falcon_algebraic:prove:falcon_algebraic:bitz:falcon_bridge:wfbitz_forest:spartan:grinding{bits=14}: bitz::piop::spartan::grinding: close time.busy=20.4µs time.idle=111ns
2026-10-07T19:58:54.970359Z  INFO falcon_algebraic:prove:falcon_algebraic:bitz:falcon_bridge:wfbitz_forest:spartan:grinding{bits=14}: bitz::piop::spartan::grinding: close time.busy=83.7µs time.idle=120ns
2026-10-07T19:58:54.970456Z  INFO falcon_algebraic:prove:falcon_algebraic:bitz:falcon_bridge:wfbitz_forest:spartan:grinding{bits=14}: bitz::piop::spartan::grinding: close time.busy=93.3µs time.idle=110ns
2026-10-07T19:58:54.970536Z  INFO falcon_algebraic:prove:falcon_algebraic:bitz:falcon_bridge:wfbitz_forest:spartan:grinding{bits=14}: bitz::piop::spartan::grinding: close time.busy=76.5µs time.idle=110ns
2026-10-07T19:58:54.970740Z  INFO falcon_algebraic:prove:falcon_algebraic:bitz:falcon_bridge:wfbitz_forest:spartan:grinding{bits=14}: bitz::piop::spartan::grinding: close time.busy=200µs time.idle=110ns
2026-10-07T19:58:54.970789Z  INFO falcon_algebraic:prove:falcon_algebraic:bitz:falcon_bridge:wfbitz_forest:spartan:grinding{bits=14}: bitz::piop::spartan::grinding: close time.busy=46.6µs time.idle=110ns
2026-10-07T19:58:54.970891Z  INFO falcon_algebraic:prove:falcon_algebraic:bitz:falcon_bridge:wfbitz_forest:spartan:grinding{bits=14}: bitz::piop::spartan::grinding: close time.busy=99.9µs time.idle=110ns
2026-10-07T19:58:54.970950Z  INFO falcon_algebraic:prove:falcon_algebraic:bitz:falcon_bridge:wfbitz_forest:spartan:grinding{bits=14}: bitz::piop::spartan::grinding: close time.busy=56.5µs time.idle=110ns
2026-10-07T19:58:54.970977Z  INFO falcon_algebraic:prove:falcon_algebraic:bitz:falcon_bridge:wfbitz_forest:spartan:grinding{bits=14}: bitz::piop::spartan::grinding: close time.busy=24.8µs time.idle=122ns
2026-10-07T19:58:54.971016Z  INFO falcon_algebraic:prove:falcon_algebraic:bitz:falcon_bridge:wfbitz_forest:spartan:grinding{bits=14}: bitz::piop::spartan::grinding: close time.busy=36.8µs time.idle=110ns
2026-10-07T19:58:54.971052Z  INFO falcon_algebraic:prove:falcon_algebraic:bitz:falcon_bridge:wfbitz_forest:spartan:grinding{bits=14}: bitz::piop::spartan::grinding: close time.busy=32.4µs time.idle=110ns
2026-10-07T19:58:54.971213Z  INFO falcon_algebraic:prove:falcon_algebraic:bitz:falcon_bridge:wfbitz_forest:spartan:grinding{bits=14}: bitz::piop::spartan::grinding: close time.busy=47.7µs time.idle=110ns
2026-10-07T19:58:54.971373Z  INFO falcon_algebraic:prove:falcon_algebraic:bitz:falcon_bridge:wfbitz_forest:spartan:grinding{bits=14}: bitz::piop::spartan::grinding: close time.busy=36.9µs time.idle=130ns
2026-10-07T19:58:54.971560Z  INFO falcon_algebraic:prove:falcon_algebraic:bitz:falcon_bridge:wfbitz_forest:spartan:grinding{bits=14}: bitz::piop::spartan::grinding: close time.busy=136µs time.idle=120ns
2026-10-07T19:58:54.971719Z  INFO falcon_algebraic:prove:falcon_algebraic:bitz:falcon_bridge:wfbitz_forest:spartan:grinding{bits=14}: bitz::piop::spartan::grinding: close time.busy=131µs time.idle=110ns
2026-10-07T19:58:54.971870Z  INFO falcon_algebraic:prove:falcon_algebraic:bitz:falcon_bridge:wfbitz_forest:spartan:grinding{bits=14}: bitz::piop::spartan::grinding: close time.busy=134µs time.idle=120ns
2026-10-07T19:58:54.971994Z  INFO falcon_algebraic:prove:falcon_algebraic:bitz:falcon_bridge:wfbitz_forest:spartan:grinding{bits=14}: bitz::piop::spartan::grinding: close time.busy=117µs time.idle=110ns
2026-10-07T19:58:54.972050Z  INFO falcon_algebraic:prove:falcon_algebraic:bitz:falcon_bridge:wfbitz_forest:spartan:grinding{bits=14}: bitz::piop::spartan::grinding: close time.busy=39.4µs time.idle=100ns
2026-10-07T19:58:54.972113Z  INFO falcon_algebraic:prove:falcon_algebraic:bitz:falcon_bridge:wfbitz_forest:spartan:grinding{bits=14}: bitz::piop::spartan::grinding: close time.busy=58.1µs time.idle=121ns
2026-10-07T19:58:54.972136Z  INFO falcon_algebraic:prove:falcon_algebraic:bitz:falcon_bridge:wfbitz_forest:spartan:grinding{bits=14}: bitz::piop::spartan::grinding: close time.busy=18.1µs time.idle=100ns
2026-10-07T19:58:54.972203Z  INFO falcon_algebraic:prove:falcon_algebraic:bitz:falcon_bridge:wfbitz_forest:spartan:grinding{bits=14}: bitz::piop::spartan::grinding: close time.busy=64.2µs time.idle=110ns
2026-10-07T19:58:54.972214Z  INFO falcon_algebraic:prove:falcon_algebraic:bitz:falcon_bridge:wfbitz_forest:spartan:grinding{bits=14}: bitz::piop::spartan::grinding: close time.busy=7.79µs time.idle=120ns
2026-10-07T19:58:54.972242Z  INFO falcon_algebraic:prove:falcon_algebraic:bitz:falcon_bridge:wfbitz_forest:spartan:grinding{bits=14}: bitz::piop::spartan::grinding: close time.busy=24.9µs time.idle=100ns
2026-10-07T19:58:54.972308Z  INFO falcon_algebraic:prove:falcon_algebraic:bitz:falcon_bridge:wfbitz_forest:spartan:grinding{bits=14}: bitz::piop::spartan::grinding: close time.busy=63.9µs time.idle=110ns
2026-10-07T19:58:54.972327Z  INFO falcon_algebraic:prove:falcon_algebraic:bitz:falcon_bridge:wfbitz_forest:spartan:grinding{bits=14}: bitz::piop::spartan::grinding: close time.busy=16.5µs time.idle=110ns
2026-10-07T19:58:54.972353Z  INFO falcon_algebraic:prove:falcon_algebraic:bitz:falcon_bridge:wfbitz_forest:spartan:grinding{bits=14}: bitz::piop::spartan::grinding: close time.busy=23.2µs time.idle=120ns
2026-10-07T19:58:54.972495Z  INFO falcon_algebraic:prove:falcon_algebraic:bitz:falcon_bridge:wfbitz_forest:spartan:grinding{bits=14}: bitz::piop::spartan::grinding: close time.busy=139µs time.idle=110ns
2026-10-07T19:58:54.972515Z  INFO falcon_algebraic:prove:falcon_algebraic:bitz:falcon_bridge:wfbitz_forest:spartan:grinding{bits=14}: bitz::piop::spartan::grinding: close time.busy=17.1µs time.idle=111ns
2026-10-07T19:58:54.972565Z  INFO falcon_algebraic:prove:falcon_algebraic:bitz:falcon_bridge:wfbitz_forest:spartan:grinding{bits=14}: bitz::piop::spartan::grinding: close time.busy=47.1µs time.idle=101ns
2026-10-07T19:58:54.972802Z  INFO falcon_algebraic:prove:falcon_algebraic:bitz:falcon_bridge:wfbitz_forest:spartan:grinding{bits=14}: bitz::piop::spartan::grinding: close time.busy=23.3µs time.idle=110ns
2026-10-07T19:58:54.973113Z  INFO falcon_algebraic:prove:falcon_algebraic:bitz:falcon_bridge:wfbitz_forest:spartan:grinding{bits=14}: bitz::piop::spartan::grinding: close time.busy=65.0µs time.idle=130ns
2026-10-07T19:58:54.973312Z  INFO falcon_algebraic:prove:falcon_algebraic:bitz:falcon_bridge:wfbitz_forest:spartan:grinding{bits=14}: bitz::piop::spartan::grinding: close time.busy=102µs time.idle=110ns
2026-10-07T19:58:54.973386Z  INFO falcon_algebraic:prove:falcon_algebraic:bitz:falcon_bridge:wfbitz_forest:spartan:grinding{bits=14}: bitz::piop::spartan::grinding: close time.busy=24.4µs time.idle=110ns
2026-10-07T19:58:54.973459Z  INFO falcon_algebraic:prove:falcon_algebraic:bitz:falcon_bridge:wfbitz_forest:spartan:grinding{bits=14}: bitz::piop::spartan::grinding: close time.busy=45.0µs time.idle=110ns
2026-10-07T19:58:54.973569Z  INFO falcon_algebraic:prove:falcon_algebraic:bitz:falcon_bridge:wfbitz_forest:spartan:grinding{bits=14}: bitz::piop::spartan::grinding: close time.busy=93.0µs time.idle=110ns
2026-10-07T19:58:54.973595Z  INFO falcon_algebraic:prove:falcon_algebraic:bitz:falcon_bridge:wfbitz_forest:spartan:grinding{bits=14}: bitz::piop::spartan::grinding: close time.busy=18.3µs time.idle=110ns
2026-10-07T19:58:54.973633Z  INFO falcon_algebraic:prove:falcon_algebraic:bitz:falcon_bridge:wfbitz_forest:spartan:grinding{bits=14}: bitz::piop::spartan::grinding: close time.busy=22.0µs time.idle=120ns
2026-10-07T19:58:54.973686Z  INFO falcon_algebraic:prove:falcon_algebraic:bitz:falcon_bridge:wfbitz_forest:spartan:grinding{bits=14}: bitz::piop::spartan::grinding: close time.busy=47.7µs time.idle=100ns
2026-10-07T19:58:54.973732Z  INFO falcon_algebraic:prove:falcon_algebraic:bitz:falcon_bridge:wfbitz_forest:spartan:grinding{bits=14}: bitz::piop::spartan::grinding: close time.busy=42.3µs time.idle=121ns
2026-10-07T19:58:54.973838Z  INFO falcon_algebraic:prove:falcon_algebraic:bitz:falcon_bridge:wfbitz_forest:spartan:grinding{bits=14}: bitz::piop::spartan::grinding: close time.busy=102µs time.idle=110ns
2026-10-07T19:58:54.973905Z  INFO falcon_algebraic:prove:falcon_algebraic:bitz:falcon_bridge:wfbitz_forest:spartan:grinding{bits=14}: bitz::piop::spartan::grinding: close time.busy=64.4µs time.idle=112ns
2026-10-07T19:58:54.973932Z  INFO falcon_algebraic:prove:falcon_algebraic:bitz:falcon_bridge:wfbitz_forest:spartan:grinding{bits=14}: bitz::piop::spartan::grinding: close time.busy=23.6µs time.idle=110ns
2026-10-07T19:58:54.974140Z  INFO falcon_algebraic:prove:falcon_algebraic:bitz:falcon_bridge:wfbitz_forest:spartan:grinding{bits=14}: bitz::piop::spartan::grinding: close time.busy=205µs time.idle=121ns
2026-10-07T19:58:54.974165Z  INFO falcon_algebraic:prove:falcon_algebraic:bitz:falcon_bridge:wfbitz_forest:spartan:grinding{bits=14}: bitz::piop::spartan::grinding: close time.busy=22.7µs time.idle=110ns
2026-10-07T19:58:54.974174Z  INFO falcon_algebraic:prove:falcon_algebraic:bitz:falcon_bridge:wfbitz_forest:spartan:grinding{bits=14}: bitz::piop::spartan::grinding: close time.busy=6.18µs time.idle=120ns
2026-10-07T19:58:54.974247Z  INFO falcon_algebraic:prove:falcon_algebraic:bitz:falcon_bridge:wfbitz_forest:spartan:grinding{bits=14}: bitz::piop::spartan::grinding: close time.busy=70.0µs time.idle=120ns
2026-10-07T19:58:54.974279Z  INFO falcon_algebraic:prove:falcon_algebraic:bitz:falcon_bridge:wfbitz_forest:spartan:grinding{bits=14}: bitz::piop::spartan::grinding: close time.busy=29.7µs time.idle=111ns
2026-10-07T19:58:54.974394Z  INFO falcon_algebraic:prove:falcon_algebraic:bitz:falcon_bridge:wfbitz_forest:spartan:grinding{bits=14}: bitz::piop::spartan::grinding: close time.busy=112µs time.idle=120ns
2026-10-07T19:58:54.974847Z  INFO falcon_algebraic:prove:falcon_algebraic:bitz:falcon_bridge:wfbitz_forest:spartan:grinding{bits=14}: bitz::piop::spartan::grinding: close time.busy=31.3µs time.idle=110ns
2026-10-07T19:58:54.975468Z  INFO falcon_algebraic:prove:falcon_algebraic:bitz:falcon_bridge:wfbitz_forest:spartan:grinding{bits=14}: bitz::piop::spartan::grinding: close time.busy=142µs time.idle=120ns
2026-10-07T19:58:54.975824Z  INFO falcon_algebraic:prove:falcon_algebraic:bitz:falcon_bridge:wfbitz_forest:spartan:grinding{bits=14}: bitz::piop::spartan::grinding: close time.busy=169µs time.idle=120ns
2026-10-07T19:58:54.975988Z  INFO falcon_algebraic:prove:falcon_algebraic:bitz:falcon_bridge:wfbitz_forest:spartan:grinding{bits=14}: bitz::piop::spartan::grinding: close time.busy=69.1µs time.idle=120ns
2026-10-07T19:58:54.976099Z  INFO falcon_algebraic:prove:falcon_algebraic:bitz:falcon_bridge:wfbitz_forest:spartan:grinding{bits=14}: bitz::piop::spartan::grinding: close time.busy=60.5µs time.idle=121ns
2026-10-07T19:58:54.976164Z  INFO falcon_algebraic:prove:falcon_algebraic:bitz:falcon_bridge:wfbitz_forest:spartan:grinding{bits=14}: bitz::piop::spartan::grinding: close time.busy=37.1µs time.idle=110ns
2026-10-07T19:58:54.976247Z  INFO falcon_algebraic:prove:falcon_algebraic:bitz:falcon_bridge:wfbitz_forest:spartan:grinding{bits=14}: bitz::piop::spartan::grinding: close time.busy=66.1µs time.idle=120ns
2026-10-07T19:58:54.976314Z  INFO falcon_algebraic:prove:falcon_algebraic:bitz:falcon_bridge:wfbitz_forest:spartan:grinding{bits=14}: bitz::piop::spartan::grinding: close time.busy=58.9µs time.idle=101ns
2026-10-07T19:58:54.976490Z  INFO falcon_algebraic:prove:falcon_algebraic:bitz:falcon_bridge:wfbitz_forest:spartan:grinding{bits=14}: bitz::piop::spartan::grinding: close time.busy=160µs time.idle=110ns
2026-10-07T19:58:54.976558Z  INFO falcon_algebraic:prove:falcon_algebraic:bitz:falcon_bridge:wfbitz_forest:spartan:grinding{bits=14}: bitz::piop::spartan::grinding: close time.busy=62.0µs time.idle=120ns
2026-10-07T19:58:54.976583Z  INFO falcon_algebraic:prove:falcon_algebraic:bitz:falcon_bridge:wfbitz_forest:spartan:grinding{bits=14}: bitz::piop::spartan::grinding: close time.busy=21.2µs time.idle=111ns
2026-10-07T19:58:54.976621Z  INFO falcon_algebraic:prove:falcon_algebraic:bitz:falcon_bridge:wfbitz_forest:spartan:grinding{bits=14}: bitz::piop::spartan::grinding: close time.busy=33.5µs time.idle=120ns
2026-10-07T19:58:54.976668Z  INFO falcon_algebraic:prove:falcon_algebraic:bitz:falcon_bridge:wfbitz_forest:spartan:grinding{bits=14}: bitz::piop::spartan::grinding: close time.busy=43.6µs time.idle=100ns
2026-10-07T19:58:54.976728Z  INFO falcon_algebraic:prove:falcon_algebraic:bitz:falcon_bridge:wfbitz_forest:spartan:grinding{bits=14}: bitz::piop::spartan::grinding: close time.busy=57.3µs time.idle=110ns
2026-10-07T19:58:54.976832Z  INFO falcon_algebraic:prove:falcon_algebraic:bitz:falcon_bridge:wfbitz_forest:spartan:grinding{bits=14}: bitz::piop::spartan::grinding: close time.busy=101µs time.idle=120ns
2026-10-07T19:58:54.976866Z  INFO falcon_algebraic:prove:falcon_algebraic:bitz:falcon_bridge:wfbitz_forest:spartan:grinding{bits=14}: bitz::piop::spartan::grinding: close time.busy=31.8µs time.idle=110ns
2026-10-07T19:58:54.976905Z  INFO falcon_algebraic:prove:falcon_algebraic:bitz:falcon_bridge:wfbitz_forest:spartan:grinding{bits=14}: bitz::piop::spartan::grinding: close time.busy=35.8µs time.idle=120ns
2026-10-07T19:58:54.976948Z  INFO falcon_algebraic:prove:falcon_algebraic:bitz:falcon_bridge:wfbitz_forest:spartan:grinding{bits=14}: bitz::piop::spartan::grinding: close time.busy=40.5µs time.idle=110ns
2026-10-07T19:58:54.977033Z  INFO falcon_algebraic:prove:falcon_algebraic:bitz:falcon_bridge:wfbitz_forest:spartan:grinding{bits=14}: bitz::piop::spartan::grinding: close time.busy=81.9µs time.idle=100ns
2026-10-07T19:58:54.977066Z  INFO falcon_algebraic:prove:falcon_algebraic:bitz:falcon_bridge:wfbitz_forest:spartan:grinding{bits=14}: bitz::piop::spartan::grinding: close time.busy=30.2µs time.idle=110ns
2026-10-07T19:58:54.979743Z  INFO falcon_algebraic:prove:falcon_algebraic:bitz:falcon_bridge:wfbitz_forest:spartan:grinding{bits=14}: bitz::piop::spartan::grinding: close time.busy=44.9µs time.idle=130ns
2026-10-07T19:58:54.980802Z  INFO falcon_algebraic:prove:falcon_algebraic:bitz:falcon_bridge:wfbitz_forest:spartan:grinding{bits=14}: bitz::piop::spartan::grinding: close time.busy=107µs time.idle=140ns
2026-10-07T19:58:54.981199Z  INFO falcon_algebraic:prove:falcon_algebraic:bitz:falcon_bridge:wfbitz_forest:spartan:grinding{bits=14}: bitz::piop::spartan::grinding: close time.busy=33.7µs time.idle=120ns
2026-10-07T19:58:54.981456Z  INFO falcon_algebraic:prove:falcon_algebraic:bitz:falcon_bridge:wfbitz_forest:spartan:grinding{bits=14}: bitz::piop::spartan::grinding: close time.busy=72.4µs time.idle=120ns
2026-10-07T19:58:54.981566Z  INFO falcon_algebraic:prove:falcon_algebraic:bitz:falcon_bridge:wfbitz_forest:spartan:grinding{bits=14}: bitz::piop::spartan::grinding: close time.busy=14.0µs time.idle=110ns
2026-10-07T19:58:54.981656Z  INFO falcon_algebraic:prove:falcon_algebraic:bitz:falcon_bridge:wfbitz_forest:spartan:grinding{bits=14}: bitz::piop::spartan::grinding: close time.busy=38.7µs time.idle=120ns
2026-10-07T19:58:54.981772Z  INFO falcon_algebraic:prove:falcon_algebraic:bitz:falcon_bridge:wfbitz_forest:spartan:grinding{bits=14}: bitz::piop::spartan::grinding: close time.busy=87.5µs time.idle=120ns
2026-10-07T19:58:54.981875Z  INFO falcon_algebraic:prove:falcon_algebraic:bitz:falcon_bridge:wfbitz_forest:spartan:grinding{bits=14}: bitz::piop::spartan::grinding: close time.busy=85.8µs time.idle=101ns
2026-10-07T19:58:54.981938Z  INFO falcon_algebraic:prove:falcon_algebraic:bitz:falcon_bridge:wfbitz_forest:spartan:grinding{bits=14}: bitz::piop::spartan::grinding: close time.busy=55.1µs time.idle=110ns
2026-10-07T19:58:54.981959Z  INFO falcon_algebraic:prove:falcon_algebraic:bitz:falcon_bridge:wfbitz_forest:spartan:grinding{bits=14}: bitz::piop::spartan::grinding: close time.busy=4.98µs time.idle=120ns
2026-10-07T19:58:54.982142Z  INFO falcon_algebraic:prove:falcon_algebraic:bitz:falcon_bridge:wfbitz_forest:spartan:grinding{bits=14}: bitz::piop::spartan::grinding: close time.busy=177µs time.idle=112ns
2026-10-07T19:58:54.982175Z  INFO falcon_algebraic:prove:falcon_algebraic:bitz:falcon_bridge:wfbitz_forest:spartan:grinding{bits=14}: bitz::piop::spartan::grinding: close time.busy=28.6µs time.idle=110ns
2026-10-07T19:58:54.982314Z  INFO falcon_algebraic:prove:falcon_algebraic:bitz:falcon_bridge:wfbitz_forest:spartan:grinding{bits=14}: bitz::piop::spartan::grinding: close time.busy=136µs time.idle=110ns
2026-10-07T19:58:54.982365Z  INFO falcon_algebraic:prove:falcon_algebraic:bitz:falcon_bridge:wfbitz_forest:spartan:grinding{bits=14}: bitz::piop::spartan::grinding: close time.busy=48.2µs time.idle=121ns
2026-10-07T19:58:54.982422Z  INFO falcon_algebraic:prove:falcon_algebraic:bitz:falcon_bridge:wfbitz_forest:spartan:grinding{bits=14}: bitz::piop::spartan::grinding: close time.busy=53.8µs time.idle=110ns
2026-10-07T19:58:54.982474Z  INFO falcon_algebraic:prove:falcon_algebraic:bitz:falcon_bridge:wfbitz_forest:spartan:grinding{bits=14}: bitz::piop::spartan::grinding: close time.busy=48.6µs time.idle=120ns
2026-10-07T19:58:54.982498Z  INFO falcon_algebraic:prove:falcon_algebraic:bitz:falcon_bridge:wfbitz_forest:spartan:grinding{bits=14}: bitz::piop::spartan::grinding: close time.busy=21.5µs time.idle=110ns
2026-10-07T19:58:54.982590Z  INFO falcon_algebraic:prove:falcon_algebraic:bitz:falcon_bridge:wfbitz_forest:spartan:grinding{bits=14}: bitz::piop::spartan::grinding: close time.busy=88.9µs time.idle=121ns
2026-10-07T19:58:54.982709Z  INFO falcon_algebraic:prove:falcon_algebraic:bitz:falcon_bridge:wfbitz_forest:spartan:grinding{bits=14}: bitz::piop::spartan::grinding: close time.busy=116µs time.idle=110ns
2026-10-07T19:58:54.982752Z  INFO falcon_algebraic:prove:falcon_algebraic:bitz:falcon_bridge:wfbitz_forest:spartan:grinding{bits=14}: bitz::piop::spartan::grinding: close time.busy=39.9µs time.idle=110ns
2026-10-07T19:58:54.982775Z  INFO falcon_algebraic:prove:falcon_algebraic:bitz:falcon_bridge:wfbitz_forest:spartan:grinding{bits=14}: bitz::piop::spartan::grinding: close time.busy=20.3µs time.idle=110ns
2026-10-07T19:58:54.984831Z  INFO falcon_algebraic:prove:falcon_algebraic:bitz:falcon_bridge:wfbitz_forest:spartan:grinding{bits=14}: bitz::piop::spartan::grinding: close time.busy=67.7µs time.idle=120ns
2026-10-07T19:58:54.986739Z  INFO falcon_algebraic:prove:falcon_algebraic:bitz:falcon_bridge:wfbitz_forest:spartan:grinding{bits=14}: bitz::piop::spartan::grinding: close time.busy=92.8µs time.idle=121ns
2026-10-07T19:58:54.987449Z  INFO falcon_algebraic:prove:falcon_algebraic:bitz:falcon_bridge:wfbitz_forest:spartan:grinding{bits=14}: bitz::piop::spartan::grinding: close time.busy=32.1µs time.idle=140ns
2026-10-07T19:58:54.987816Z  INFO falcon_algebraic:prove:falcon_algebraic:bitz:falcon_bridge:wfbitz_forest:spartan:grinding{bits=14}: bitz::piop::spartan::grinding: close time.busy=27.9µs time.idle=120ns
2026-10-07T19:58:54.988036Z  INFO falcon_algebraic:prove:falcon_algebraic:bitz:falcon_bridge:wfbitz_forest:spartan:grinding{bits=14}: bitz::piop::spartan::grinding: close time.busy=46.6µs time.idle=141ns
2026-10-07T19:58:54.988150Z  INFO falcon_algebraic:prove:falcon_algebraic:bitz:falcon_bridge:wfbitz_forest:spartan:grinding{bits=14}: bitz::piop::spartan::grinding: close time.busy=20.7µs time.idle=120ns
2026-10-07T19:58:54.988211Z  INFO falcon_algebraic:prove:falcon_algebraic:bitz:falcon_bridge:wfbitz_forest:spartan:grinding{bits=14}: bitz::piop::spartan::grinding: close time.busy=11.8µs time.idle=120ns
2026-10-07T19:58:54.988245Z  INFO falcon_algebraic:prove:falcon_algebraic:bitz:falcon_bridge:wfbitz_forest:spartan:grinding{bits=14}: bitz::piop::spartan::grinding: close time.busy=5.05µs time.idle=120ns
2026-10-07T19:58:54.988354Z  INFO falcon_algebraic:prove:falcon_algebraic:bitz:falcon_bridge:wfbitz_forest:spartan:grinding{bits=14}: bitz::piop::spartan::grinding: close time.busy=91.1µs time.idle=110ns
2026-10-07T19:58:54.988385Z  INFO falcon_algebraic:prove:falcon_algebraic:bitz:falcon_bridge:wfbitz_forest:spartan:grinding{bits=14}: bitz::piop::spartan::grinding: close time.busy=23.3µs time.idle=120ns
2026-10-07T19:58:54.988434Z  INFO falcon_algebraic:prove:falcon_algebraic:bitz:falcon_bridge:wfbitz_forest:spartan:grinding{bits=14}: bitz::piop::spartan::grinding: close time.busy=33.2µs time.idle=121ns
2026-10-07T19:58:54.988452Z  INFO falcon_algebraic:prove:falcon_algebraic:bitz:falcon_bridge:wfbitz_forest:spartan:grinding{bits=14}: bitz::piop::spartan::grinding: close time.busy=12.1µs time.idle=111ns
2026-10-07T19:58:54.988470Z  INFO falcon_algebraic:prove:falcon_algebraic:bitz:falcon_bridge:wfbitz_forest:spartan:grinding{bits=14}: bitz::piop::spartan::grinding: close time.busy=12.8µs time.idle=100ns
2026-10-07T19:58:54.988608Z  INFO falcon_algebraic:prove:falcon_algebraic:bitz:falcon_bridge:wfbitz_forest:spartan:grinding{bits=14}: bitz::piop::spartan::grinding: close time.busy=135µs time.idle=90.0ns
2026-10-07T19:58:54.988706Z  INFO falcon_algebraic:prove:falcon_algebraic:bitz:falcon_bridge:wfbitz_forest:spartan:grinding{bits=14}: bitz::piop::spartan::grinding: close time.busy=94.6µs time.idle=121ns
2026-10-07T19:58:54.988767Z  INFO falcon_algebraic:prove:falcon_algebraic:bitz:falcon_bridge:wfbitz_forest:spartan:grinding{bits=14}: bitz::piop::spartan::grinding: close time.busy=58.2µs time.idle=110ns
2026-10-07T19:58:54.988862Z  INFO falcon_algebraic:prove:falcon_algebraic:bitz:falcon_bridge:wfbitz_forest:spartan:grinding{bits=14}: bitz::piop::spartan::grinding: close time.busy=91.6µs time.idle=121ns
2026-10-07T19:58:54.988907Z  INFO falcon_algebraic:prove:falcon_algebraic:bitz:falcon_bridge:wfbitz_forest:spartan:grinding{bits=14}: bitz::piop::spartan::grinding: close time.busy=42.4µs time.idle=120ns
2026-10-07T19:58:54.988940Z  INFO falcon_algebraic:prove:falcon_algebraic:bitz:falcon_bridge:wfbitz_forest:spartan:grinding{bits=14}: bitz::piop::spartan::grinding: close time.busy=29.5µs time.idle=110ns
2026-10-07T19:58:54.989070Z  INFO falcon_algebraic:prove:falcon_algebraic:bitz:falcon_bridge:wfbitz_forest:spartan:grinding{bits=14}: bitz::piop::spartan::grinding: close time.busy=127µs time.idle=120ns
2026-10-07T19:58:54.989151Z  INFO falcon_algebraic:prove:falcon_algebraic:bitz:falcon_bridge:wfbitz_forest:spartan:grinding{bits=14}: bitz::piop::spartan::grinding: close time.busy=78.2µs time.idle=110ns
2026-10-07T19:58:54.989183Z  INFO falcon_algebraic:prove:falcon_algebraic:bitz:falcon_bridge:wfbitz_forest:spartan:grinding{bits=14}: bitz::piop::spartan::grinding: close time.busy=27.6µs time.idle=120ns
2026-10-07T19:58:54.992356Z  INFO falcon_algebraic:prove:falcon_algebraic:bitz:falcon_bridge:wfbitz_forest:spartan:grinding{bits=14}: bitz::piop::spartan::grinding: close time.busy=29.0µs time.idle=140ns
2026-10-07T19:58:54.994790Z  INFO falcon_algebraic:prove:falcon_algebraic:bitz:falcon_bridge:wfbitz_forest:spartan:grinding{bits=14}: bitz::piop::spartan::grinding: close time.busy=16.4µs time.idle=110ns
2026-10-07T19:58:54.996701Z  INFO falcon_algebraic:prove:falcon_algebraic:bitz:falcon_bridge:wfbitz_forest:spartan:grinding{bits=14}: bitz::piop::spartan::grinding: close time.busy=89.5µs time.idle=150ns
2026-10-07T19:58:54.997418Z  INFO falcon_algebraic:prove:falcon_algebraic:bitz:falcon_bridge:wfbitz_forest:spartan:grinding{bits=14}: bitz::piop::spartan::grinding: close time.busy=40.0µs time.idle=131ns
2026-10-07T19:58:54.997835Z  INFO falcon_algebraic:prove:falcon_algebraic:bitz:falcon_bridge:wfbitz_forest:spartan:grinding{bits=14}: bitz::piop::spartan::grinding: close time.busy=75.4µs time.idle=130ns
2026-10-07T19:58:54.998015Z  INFO falcon_algebraic:prove:falcon_algebraic:bitz:falcon_bridge:wfbitz_forest:spartan:grinding{bits=14}: bitz::piop::spartan::grinding: close time.busy=5.71µs time.idle=132ns
2026-10-07T19:58:54.998131Z  INFO falcon_algebraic:prove:falcon_algebraic:bitz:falcon_bridge:wfbitz_forest:spartan:grinding{bits=14}: bitz::piop::spartan::grinding: close time.busy=21.9µs time.idle=131ns
2026-10-07T19:58:54.998213Z  INFO falcon_algebraic:prove:falcon_algebraic:bitz:falcon_bridge:wfbitz_forest:spartan:grinding{bits=14}: bitz::piop::spartan::grinding: close time.busy=32.2µs time.idle=130ns
2026-10-07T19:58:54.998245Z  INFO falcon_algebraic:prove:falcon_algebraic:bitz:falcon_bridge:wfbitz_forest:spartan:grinding{bits=14}: bitz::piop::spartan::grinding: close time.busy=4.37µs time.idle=121ns
2026-10-07T19:58:54.998283Z  INFO falcon_algebraic:prove:falcon_algebraic:bitz:falcon_bridge:wfbitz_forest:spartan:grinding{bits=14}: bitz::piop::spartan::grinding: close time.busy=19.9µs time.idle=110ns
2026-10-07T19:58:54.998318Z  INFO falcon_algebraic:prove:falcon_algebraic:bitz:falcon_bridge:wfbitz_forest:spartan:grinding{bits=14}: bitz::piop::spartan::grinding: close time.busy=27.2µs time.idle=110ns
2026-10-07T19:58:54.998383Z  INFO falcon_algebraic:prove:falcon_algebraic:bitz:falcon_bridge:wfbitz_forest:spartan:grinding{bits=14}: bitz::piop::spartan::grinding: close time.busy=49.2µs time.idle=120ns
2026-10-07T19:58:54.998502Z  INFO falcon_algebraic:prove:falcon_algebraic:bitz:falcon_bridge:wfbitz_forest:spartan:grinding{bits=14}: bitz::piop::spartan::grinding: close time.busy=114µs time.idle=111ns
2026-10-07T19:58:54.998534Z  INFO falcon_algebraic:prove:falcon_algebraic:bitz:falcon_bridge:wfbitz_forest:spartan:grinding{bits=14}: bitz::piop::spartan::grinding: close time.busy=27.4µs time.idle=110ns
2026-10-07T19:58:54.998599Z  INFO falcon_algebraic:prove:falcon_algebraic:bitz:falcon_bridge:wfbitz_forest:spartan:grinding{bits=14}: bitz::piop::spartan::grinding: close time.busy=62.3µs time.idle=110ns
2026-10-07T19:58:54.998722Z  INFO falcon_algebraic:prove:falcon_algebraic:bitz:falcon_bridge:wfbitz_forest:spartan:grinding{bits=14}: bitz::piop::spartan::grinding: close time.busy=119µs time.idle=110ns
2026-10-07T19:58:54.998755Z  INFO falcon_algebraic:prove:falcon_algebraic:bitz:falcon_bridge:wfbitz_forest:spartan:grinding{bits=14}: bitz::piop::spartan::grinding: close time.busy=29.8µs time.idle=110ns
2026-10-07T19:58:54.998781Z  INFO falcon_algebraic:prove:falcon_algebraic:bitz:falcon_bridge:wfbitz_forest:spartan:grinding{bits=14}: bitz::piop::spartan::grinding: close time.busy=23.8µs time.idle=110ns
2026-10-07T19:58:54.999000Z  INFO falcon_algebraic:prove:falcon_algebraic:bitz:falcon_bridge:wfbitz_forest:spartan:grinding{bits=14}: bitz::piop::spartan::grinding: close time.busy=216µs time.idle=120ns
2026-10-07T19:58:54.999054Z  INFO falcon_algebraic:prove:falcon_algebraic:bitz:falcon_bridge:wfbitz_forest:spartan:grinding{bits=14}: bitz::piop::spartan::grinding: close time.busy=50.5µs time.idle=120ns
2026-10-07T19:58:54.999152Z  INFO falcon_algebraic:prove:falcon_algebraic:bitz:falcon_bridge:wfbitz_forest:spartan:grinding{bits=14}: bitz::piop::spartan::grinding: close time.busy=94.8µs time.idle=120ns
2026-10-07T19:58:54.999181Z  INFO falcon_algebraic:prove:falcon_algebraic:bitz:falcon_bridge:wfbitz_forest:spartan:grinding{bits=14}: bitz::piop::spartan::grinding: close time.busy=26.0µs time.idle=120ns
2026-10-07T19:58:54.999327Z  INFO falcon_algebraic:prove:falcon_algebraic:bitz:falcon_bridge:wfbitz_forest:spartan:grinding{bits=14}: bitz::piop::spartan::grinding: close time.busy=144µs time.idle=100ns
2026-10-07T19:58:55.002766Z  INFO falcon_algebraic:prove:falcon_algebraic:bitz:falcon_bridge:wfbitz_forest:spartan:grinding{bits=14}: bitz::piop::spartan::grinding: close time.busy=78.5µs time.idle=120ns
2026-10-07T19:58:55.002789Z  INFO falcon_algebraic:prove:falcon_algebraic:bitz:falcon_bridge:wfbitz_forest:spartan:grinding{bits=14}: bitz::piop::spartan::grinding: close time.busy=19.7µs time.idle=120ns
2026-10-07T19:58:55.005253Z  INFO falcon_algebraic:prove:falcon_algebraic:bitz:falcon_bridge:wfbitz_forest:spartan:grinding{bits=14}: bitz::piop::spartan::grinding: close time.busy=64.7µs time.idle=120ns
2026-10-07T19:58:55.007100Z  INFO falcon_algebraic:prove:falcon_algebraic:bitz:falcon_bridge:wfbitz_forest:spartan:grinding{bits=14}: bitz::piop::spartan::grinding: close time.busy=27.8µs time.idle=150ns
2026-10-07T19:58:55.007862Z  INFO falcon_algebraic:prove:falcon_algebraic:bitz:falcon_bridge:wfbitz_forest:spartan:grinding{bits=14}: bitz::piop::spartan::grinding: close time.busy=85.6µs time.idle=130ns
2026-10-07T19:58:55.008312Z  INFO falcon_algebraic:prove:falcon_algebraic:bitz:falcon_bridge:wfbitz_forest:spartan:grinding{bits=14}: bitz::piop::spartan::grinding: close time.busy=104µs time.idle=120ns
2026-10-07T19:58:55.008530Z  INFO falcon_algebraic:prove:falcon_algebraic:bitz:falcon_bridge:wfbitz_forest:spartan:grinding{bits=14}: bitz::piop::spartan::grinding: close time.busy=44.2µs time.idle=130ns
2026-10-07T19:58:55.008657Z  INFO falcon_algebraic:prove:falcon_algebraic:bitz:falcon_bridge:wfbitz_forest:spartan:grinding{bits=14}: bitz::piop::spartan::grinding: close time.busy=35.4µs time.idle=130ns
2026-10-07T19:58:55.008713Z  INFO falcon_algebraic:prove:falcon_algebraic:bitz:falcon_bridge:wfbitz_forest:spartan:grinding{bits=14}: bitz::piop::spartan::grinding: close time.busy=5.48µs time.idle=150ns
2026-10-07T19:58:55.008853Z  INFO falcon_algebraic:prove:falcon_algebraic:bitz:falcon_bridge:wfbitz_forest:spartan:grinding{bits=14}: bitz::piop::spartan::grinding: close time.busy=112µs time.idle=110ns
2026-10-07T19:58:55.008939Z  INFO falcon_algebraic:prove:falcon_algebraic:bitz:falcon_bridge:wfbitz_forest:spartan:grinding{bits=14}: bitz::piop::spartan::grinding: close time.busy=67.7µs time.idle=110ns
2026-10-07T19:58:55.009026Z  INFO falcon_algebraic:prove:falcon_algebraic:bitz:falcon_bridge:wfbitz_forest:spartan:grinding{bits=14}: bitz::piop::spartan::grinding: close time.busy=78.6µs time.idle=121ns
2026-10-07T19:58:55.009084Z  INFO falcon_algebraic:prove:falcon_algebraic:bitz:falcon_bridge:wfbitz_forest:spartan:grinding{bits=14}: bitz::piop::spartan::grinding: close time.busy=41.6µs time.idle=110ns
2026-10-07T19:58:55.009101Z  INFO falcon_algebraic:prove:falcon_algebraic:bitz:falcon_bridge:wfbitz_forest:spartan:grinding{bits=14}: bitz::piop::spartan::grinding: close time.busy=11.2µs time.idle=110ns
2026-10-07T19:58:55.009149Z  INFO falcon_algebraic:prove:falcon_algebraic:bitz:falcon_bridge:wfbitz_forest:spartan:grinding{bits=14}: bitz::piop::spartan::grinding: close time.busy=43.6µs time.idle=131ns
2026-10-07T19:58:55.009201Z  INFO falcon_algebraic:prove:falcon_algebraic:bitz:falcon_bridge:wfbitz_forest:spartan:grinding{bits=14}: bitz::piop::spartan::grinding: close time.busy=48.0µs time.idle=120ns
2026-10-07T19:58:55.009319Z  INFO falcon_algebraic:prove:falcon_algebraic:bitz:falcon_bridge:wfbitz_forest:spartan:grinding{bits=14}: bitz::piop::spartan::grinding: close time.busy=115µs time.idle=100ns
2026-10-07T19:58:55.009343Z  INFO falcon_algebraic:prove:falcon_algebraic:bitz:falcon_bridge:wfbitz_forest:spartan:grinding{bits=14}: bitz::piop::spartan::grinding: close time.busy=20.7µs time.idle=110ns
2026-10-07T19:58:55.009379Z  INFO falcon_algebraic:prove:falcon_algebraic:bitz:falcon_bridge:wfbitz_forest:spartan:grinding{bits=14}: bitz::piop::spartan::grinding: close time.busy=32.5µs time.idle=120ns
2026-10-07T19:58:55.009427Z  INFO falcon_algebraic:prove:falcon_algebraic:bitz:falcon_bridge:wfbitz_forest:spartan:grinding{bits=14}: bitz::piop::spartan::grinding: close time.busy=45.6µs time.idle=111ns
2026-10-07T19:58:55.009519Z  INFO falcon_algebraic:prove:falcon_algebraic:bitz:falcon_bridge:wfbitz_forest:spartan:grinding{bits=14}: bitz::piop::spartan::grinding: close time.busy=88.8µs time.idle=121ns
2026-10-07T19:58:55.009544Z  INFO falcon_algebraic:prove:falcon_algebraic:bitz:falcon_bridge:wfbitz_forest:spartan:grinding{bits=14}: bitz::piop::spartan::grinding: close time.busy=22.1µs time.idle=110ns
2026-10-07T19:58:55.009608Z  INFO falcon_algebraic:prove:falcon_algebraic:bitz:falcon_bridge:wfbitz_forest:spartan:grinding{bits=14}: bitz::piop::spartan::grinding: close time.busy=61.0µs time.idle=110ns
2026-10-07T19:58:55.009615Z  INFO falcon_algebraic:prove:falcon_algebraic:bitz:falcon_bridge:wfbitz_forest:spartan:grinding{bits=14}: bitz::piop::spartan::grinding: close time.busy=4.80µs time.idle=110ns
2026-10-07T19:58:55.012568Z  INFO falcon_algebraic:prove:falcon_algebraic:bitz:falcon_bridge:wfbitz_forest:spartan:grinding{bits=14}: bitz::piop::spartan::grinding: close time.busy=23.3µs time.idle=111ns
2026-10-07T19:58:55.012620Z  INFO falcon_algebraic:prove:falcon_algebraic:bitz:falcon_bridge:wfbitz_forest:spartan:grinding{bits=14}: bitz::piop::spartan::grinding: close time.busy=48.5µs time.idle=110ns
2026-10-07T19:58:55.012645Z  INFO falcon_algebraic:prove:falcon_algebraic:bitz:falcon_bridge:wfbitz_forest:spartan:grinding{bits=14}: bitz::piop::spartan::grinding: close time.busy=21.7µs time.idle=110ns
2026-10-07T19:58:55.015150Z  INFO falcon_algebraic:prove:falcon_algebraic:bitz:falcon_bridge:wfbitz_forest:spartan:grinding{bits=14}: bitz::piop::spartan::grinding: close time.busy=16.0µs time.idle=120ns
2026-10-07T19:58:55.017021Z  INFO falcon_algebraic:prove:falcon_algebraic:bitz:falcon_bridge:wfbitz_forest:spartan:grinding{bits=14}: bitz::piop::spartan::grinding: close time.busy=61.8µs time.idle=120ns
2026-10-07T19:58:55.017728Z  INFO falcon_algebraic:prove:falcon_algebraic:bitz:falcon_bridge:wfbitz_forest:spartan:grinding{bits=14}: bitz::piop::spartan::grinding: close time.busy=28.5µs time.idle=120ns
2026-10-07T19:58:55.018102Z  INFO falcon_algebraic:prove:falcon_algebraic:bitz:falcon_bridge:wfbitz_forest:spartan:grinding{bits=14}: bitz::piop::spartan::grinding: close time.busy=31.7µs time.idle=120ns
2026-10-07T19:58:55.018286Z  INFO falcon_algebraic:prove:falcon_algebraic:bitz:falcon_bridge:wfbitz_forest:spartan:grinding{bits=14}: bitz::piop::spartan::grinding: close time.busy=9.24µs time.idle=130ns
2026-10-07T19:58:55.018421Z  INFO falcon_algebraic:prove:falcon_algebraic:bitz:falcon_bridge:wfbitz_forest:spartan:grinding{bits=14}: bitz::piop::spartan::grinding: close time.busy=42.8µs time.idle=130ns
2026-10-07T19:58:55.018558Z  INFO falcon_algebraic:prove:falcon_algebraic:bitz:falcon_bridge:wfbitz_forest:spartan:grinding{bits=14}: bitz::piop::spartan::grinding: close time.busy=87.5µs time.idle=130ns
2026-10-07T19:58:55.018681Z  INFO falcon_algebraic:prove:falcon_algebraic:bitz:falcon_bridge:wfbitz_forest:spartan:grinding{bits=14}: bitz::piop::spartan::grinding: close time.busy=94.0µs time.idle=120ns
2026-10-07T19:58:55.018715Z  INFO falcon_algebraic:prove:falcon_algebraic:bitz:falcon_bridge:wfbitz_forest:spartan:grinding{bits=14}: bitz::piop::spartan::grinding: close time.busy=15.7µs time.idle=100ns
2026-10-07T19:58:55.018788Z  INFO falcon_algebraic:prove:falcon_algebraic:bitz:falcon_bridge:wfbitz_forest:spartan:grinding{bits=14}: bitz::piop::spartan::grinding: close time.busy=64.1µs time.idle=110ns
2026-10-07T19:58:55.018815Z  INFO falcon_algebraic:prove:falcon_algebraic:bitz:falcon_bridge:wfbitz_forest:spartan:grinding{bits=14}: bitz::piop::spartan::grinding: close time.busy=10.4µs time.idle=101ns
2026-10-07T19:58:55.018845Z  INFO falcon_algebraic:prove:falcon_algebraic:bitz:falcon_bridge:wfbitz_forest:spartan:grinding{bits=14}: bitz::piop::spartan::grinding: close time.busy=23.7µs time.idle=110ns
2026-10-07T19:58:55.018889Z  INFO falcon_algebraic:prove:falcon_algebraic:bitz:falcon_bridge:wfbitz_forest:spartan:grinding{bits=14}: bitz::piop::spartan::grinding: close time.busy=40.2µs time.idle=120ns
2026-10-07T19:58:55.019014Z  INFO falcon_algebraic:prove:falcon_algebraic:bitz:falcon_bridge:wfbitz_forest:spartan:grinding{bits=14}: bitz::piop::spartan::grinding: close time.busy=121µs time.idle=120ns
2026-10-07T19:58:55.019049Z  INFO falcon_algebraic:prove:falcon_algebraic:bitz:falcon_bridge:wfbitz_forest:spartan:grinding{bits=14}: bitz::piop::spartan::grinding: close time.busy=32.0µs time.idle=110ns
2026-10-07T19:58:55.019154Z  INFO falcon_algebraic:prove:falcon_algebraic:bitz:falcon_bridge:wfbitz_forest:spartan:grinding{bits=14}: bitz::piop::spartan::grinding: close time.busy=102µs time.idle=100ns
2026-10-07T19:58:55.019204Z  INFO falcon_algebraic:prove:falcon_algebraic:bitz:falcon_bridge:wfbitz_forest:spartan:grinding{bits=14}: bitz::piop::spartan::grinding: close time.busy=47.2µs time.idle=110ns
2026-10-07T19:58:55.019220Z  INFO falcon_algebraic:prove:falcon_algebraic:bitz:falcon_bridge:wfbitz_forest:spartan:grinding{bits=14}: bitz::piop::spartan::grinding: close time.busy=13.2µs time.idle=110ns
2026-10-07T19:58:55.019271Z  INFO falcon_algebraic:prove:falcon_algebraic:bitz:falcon_bridge:wfbitz_forest:spartan:grinding{bits=14}: bitz::piop::spartan::grinding: close time.busy=47.5µs time.idle=110ns
2026-10-07T19:58:55.019389Z  INFO falcon_algebraic:prove:falcon_algebraic:bitz:falcon_bridge:wfbitz_forest:spartan:grinding{bits=14}: bitz::piop::spartan::grinding: close time.busy=115µs time.idle=120ns
2026-10-07T19:58:55.019439Z  INFO falcon_algebraic:prove:falcon_algebraic:bitz:falcon_bridge:wfbitz_forest:spartan:grinding{bits=14}: bitz::piop::spartan::grinding: close time.busy=46.9µs time.idle=111ns
2026-10-07T19:58:55.019481Z  INFO falcon_algebraic:prove:falcon_algebraic:bitz:falcon_bridge:wfbitz_forest:spartan:grinding{bits=14}: bitz::piop::spartan::grinding: close time.busy=39.7µs time.idle=100ns
2026-10-07T19:58:55.019924Z  INFO falcon_algebraic:prove:falcon_algebraic:bitz:falcon_bridge:wfbitz_forest: bitz::hybrid::integer_bridge: close time.busy=61.4ms time.idle=151ns
2026-10-07T19:58:55.019991Z  INFO falcon_algebraic:prove:falcon_algebraic:bitz: bitz::piop::spartan::falcon512_algebraic::protocol: close time.busy=65.5ms time.idle=140ns
2026-10-07T19:58:55.023417Z  INFO falcon_algebraic:prove:falcon_joint:packed_setup: bitz::hybrid::joint_sumcheck: close time.busy=3.42ms time.idle=171ns
2026-10-07T19:58:55.023472Z  INFO falcon_algebraic:prove:spartan:round_grinding_prove:spartan:grinding{bits=10}: bitz::piop::spartan::grinding: close time.busy=2.15µs time.idle=110ns
2026-10-07T19:58:55.023474Z  INFO falcon_algebraic:prove:spartan:round_grinding_prove: bitz::sumcheck::boundary: close time.busy=4.87µs time.idle=130ns
2026-10-07T19:58:55.023532Z  INFO falcon_algebraic:prove:spartan:round_grinding_prove:spartan:grinding{bits=10}: bitz::piop::spartan::grinding: close time.busy=350ns time.idle=120ns
2026-10-07T19:58:55.023533Z  INFO falcon_algebraic:prove:spartan:round_grinding_prove: bitz::sumcheck::boundary: close time.busy=2.73µs time.idle=130ns
2026-10-07T19:58:55.023592Z  INFO falcon_algebraic:prove:spartan:round_grinding_prove:spartan:grinding{bits=10}: bitz::piop::spartan::grinding: close time.busy=4.64µs time.idle=120ns
2026-10-07T19:58:55.023594Z  INFO falcon_algebraic:prove:spartan:round_grinding_prove: bitz::sumcheck::boundary: close time.busy=7.35µs time.idle=110ns
2026-10-07T19:58:55.023665Z  INFO falcon_algebraic:prove:spartan:round_grinding_prove:spartan:grinding{bits=10}: bitz::piop::spartan::grinding: close time.busy=19.2µs time.idle=120ns
2026-10-07T19:58:55.023666Z  INFO falcon_algebraic:prove:spartan:round_grinding_prove: bitz::sumcheck::boundary: close time.busy=21.4µs time.idle=110ns
2026-10-07T19:58:55.023720Z  INFO falcon_algebraic:prove:spartan:round_grinding_prove:spartan:grinding{bits=10}: bitz::piop::spartan::grinding: close time.busy=3.82µs time.idle=120ns
2026-10-07T19:58:55.023722Z  INFO falcon_algebraic:prove:spartan:round_grinding_prove: bitz::sumcheck::boundary: close time.busy=6.26µs time.idle=90.0ns
2026-10-07T19:58:55.023772Z  INFO falcon_algebraic:prove:spartan:round_grinding_prove:spartan:grinding{bits=10}: bitz::piop::spartan::grinding: close time.busy=411ns time.idle=100ns
2026-10-07T19:58:55.023773Z  INFO falcon_algebraic:prove:spartan:round_grinding_prove: bitz::sumcheck::boundary: close time.busy=2.58µs time.idle=100ns
2026-10-07T19:58:55.023826Z  INFO falcon_algebraic:prove:spartan:round_grinding_prove:spartan:grinding{bits=10}: bitz::piop::spartan::grinding: close time.busy=3.21µs time.idle=110ns
2026-10-07T19:58:55.023827Z  INFO falcon_algebraic:prove:spartan:round_grinding_prove: bitz::sumcheck::boundary: close time.busy=5.25µs time.idle=100ns
2026-10-07T19:58:55.025316Z  INFO falcon_algebraic:prove:falcon_joint:prepare: bitz::hybrid::joint_sumcheck: close time.busy=1.49ms time.idle=151ns
2026-10-07T19:58:55.025329Z  INFO falcon_algebraic:prove:spartan:round_grinding_prove:spartan:grinding{bits=10}: bitz::piop::spartan::grinding: close time.busy=9.01µs time.idle=111ns
2026-10-07T19:58:55.025330Z  INFO falcon_algebraic:prove:spartan:round_grinding_prove: bitz::sumcheck::boundary: close time.busy=11.8µs time.idle=170ns
2026-10-07T19:58:55.025727Z  INFO falcon_algebraic:prove:falcon_joint:compact: bitz::hybrid::joint_sumcheck: close time.busy=394µs time.idle=140ns
2026-10-07T19:58:55.025731Z  INFO falcon_algebraic:prove:spartan:round_grinding_prove:spartan:grinding{bits=10}: bitz::piop::spartan::grinding: close time.busy=681ns time.idle=111ns
2026-10-07T19:58:55.025733Z  INFO falcon_algebraic:prove:spartan:round_grinding_prove: bitz::sumcheck::boundary: close time.busy=3.50µs time.idle=371ns
2026-10-07T19:58:55.025880Z  INFO falcon_algebraic:prove:falcon_joint:compact: bitz::hybrid::joint_sumcheck: close time.busy=145µs time.idle=160ns
2026-10-07T19:58:55.025887Z  INFO falcon_algebraic:prove:spartan:round_grinding_prove:spartan:grinding{bits=10}: bitz::piop::spartan::grinding: close time.busy=3.57µs time.idle=120ns
2026-10-07T19:58:55.025888Z  INFO falcon_algebraic:prove:spartan:round_grinding_prove: bitz::sumcheck::boundary: close time.busy=5.96µs time.idle=161ns
2026-10-07T19:58:55.025978Z  INFO falcon_algebraic:prove:falcon_joint:compact: bitz::hybrid::joint_sumcheck: close time.busy=88.4µs time.idle=110ns
2026-10-07T19:58:55.025985Z  INFO falcon_algebraic:prove:spartan:round_grinding_prove:spartan:grinding{bits=10}: bitz::piop::spartan::grinding: close time.busy=4.39µs time.idle=120ns
2026-10-07T19:58:55.025986Z  INFO falcon_algebraic:prove:spartan:round_grinding_prove: bitz::sumcheck::boundary: close time.busy=6.54µs time.idle=100ns
2026-10-07T19:58:55.026065Z  INFO falcon_algebraic:prove:falcon_joint:compact: bitz::hybrid::joint_sumcheck: close time.busy=77.0µs time.idle=111ns
2026-10-07T19:58:55.026068Z  INFO falcon_algebraic:prove:spartan:round_grinding_prove:spartan:grinding{bits=10}: bitz::piop::spartan::grinding: close time.busy=350ns time.idle=121ns
2026-10-07T19:58:55.026069Z  INFO falcon_algebraic:prove:spartan:round_grinding_prove: bitz::sumcheck::boundary: close time.busy=2.60µs time.idle=110ns
2026-10-07T19:58:55.026087Z  INFO falcon_algebraic:prove:falcon_joint:dense: bitz::hybrid::joint_sumcheck: close time.busy=16.4µs time.idle=90.0ns
2026-10-07T19:58:55.026092Z  INFO falcon_algebraic:prove:spartan:round_grinding_prove:spartan:grinding{bits=10}: bitz::piop::spartan::grinding: close time.busy=1.46µs time.idle=120ns
2026-10-07T19:58:55.026093Z  INFO falcon_algebraic:prove:spartan:round_grinding_prove: bitz::sumcheck::boundary: close time.busy=3.60µs time.idle=110ns
2026-10-07T19:58:55.026104Z  INFO falcon_algebraic:prove:falcon_joint:dense: bitz::hybrid::joint_sumcheck: close time.busy=9.33µs time.idle=91.0ns
2026-10-07T19:58:55.026109Z  INFO falcon_algebraic:prove:spartan:round_grinding_prove:spartan:grinding{bits=10}: bitz::piop::spartan::grinding: close time.busy=2.71µs time.idle=110ns
2026-10-07T19:58:55.026110Z  INFO falcon_algebraic:prove:spartan:round_grinding_prove: bitz::sumcheck::boundary: close time.busy=4.79µs time.idle=120ns
2026-10-07T19:58:55.026118Z  INFO falcon_algebraic:prove:falcon_joint:dense: bitz::hybrid::joint_sumcheck: close time.busy=6.39µs time.idle=110ns
2026-10-07T19:58:55.026123Z  INFO falcon_algebraic:prove:spartan:round_grinding_prove:spartan:grinding{bits=10}: bitz::piop::spartan::grinding: close time.busy=2.85µs time.idle=111ns
2026-10-07T19:58:55.026124Z  INFO falcon_algebraic:prove:spartan:round_grinding_prove: bitz::sumcheck::boundary: close time.busy=5.20µs time.idle=90.0ns
2026-10-07T19:58:55.026127Z  INFO falcon_algebraic:prove:falcon_joint:dense: bitz::hybrid::joint_sumcheck: close time.busy=1.34µs time.idle=121ns
2026-10-07T19:58:55.026130Z  INFO falcon_algebraic:prove:spartan:round_grinding_prove:spartan:grinding{bits=10}: bitz::piop::spartan::grinding: close time.busy=340ns time.idle=111ns
2026-10-07T19:58:55.026131Z  INFO falcon_algebraic:prove:spartan:round_grinding_prove: bitz::sumcheck::boundary: close time.busy=2.58µs time.idle=100ns
2026-10-07T19:58:55.026133Z  INFO falcon_algebraic:prove:falcon_joint:dense: bitz::hybrid::joint_sumcheck: close time.busy=701ns time.idle=120ns
2026-10-07T19:58:55.026137Z  INFO falcon_algebraic:prove:spartan:round_grinding_prove:spartan:grinding{bits=10}: bitz::piop::spartan::grinding: close time.busy=1.16µs time.idle=110ns
2026-10-07T19:58:55.026138Z  INFO falcon_algebraic:prove:spartan:round_grinding_prove: bitz::sumcheck::boundary: close time.busy=3.44µs time.idle=90.0ns
2026-10-07T19:58:55.026140Z  INFO falcon_algebraic:prove:falcon_joint:dense: bitz::hybrid::joint_sumcheck: close time.busy=401ns time.idle=110ns
2026-10-07T19:58:55.026149Z  INFO falcon_algebraic:prove:spartan:round_grinding_prove:spartan:grinding{bits=10}: bitz::piop::spartan::grinding: close time.busy=6.59µs time.idle=110ns
2026-10-07T19:58:55.026150Z  INFO falcon_algebraic:prove:spartan:round_grinding_prove: bitz::sumcheck::boundary: close time.busy=8.85µs time.idle=110ns
2026-10-07T19:58:55.026152Z  INFO falcon_algebraic:prove:falcon_joint:dense: bitz::hybrid::joint_sumcheck: close time.busy=230ns time.idle=100ns
2026-10-07T19:58:55.026156Z  INFO falcon_algebraic:prove:spartan:round_grinding_prove:spartan:grinding{bits=10}: bitz::piop::spartan::grinding: close time.busy=1.72µs time.idle=110ns
2026-10-07T19:58:55.026157Z  INFO falcon_algebraic:prove:spartan:round_grinding_prove: bitz::sumcheck::boundary: close time.busy=3.69µs time.idle=111ns
2026-10-07T19:58:55.026158Z  INFO falcon_algebraic:prove:falcon_joint:dense: bitz::hybrid::joint_sumcheck: close time.busy=150ns time.idle=121ns
2026-10-07T19:58:55.026162Z  INFO falcon_algebraic:prove:spartan:round_grinding_prove:spartan:grinding{bits=10}: bitz::piop::spartan::grinding: close time.busy=1.15µs time.idle=110ns
2026-10-07T19:58:55.026163Z  INFO falcon_algebraic:prove:spartan:round_grinding_prove: bitz::sumcheck::boundary: close time.busy=3.14µs time.idle=100ns
2026-10-07T19:58:55.026164Z  INFO falcon_algebraic:prove:falcon_joint:dense: bitz::hybrid::joint_sumcheck: close time.busy=111ns time.idle=110ns
2026-10-07T19:58:55.026176Z  INFO falcon_algebraic:prove:spartan:round_grinding_prove:spartan:grinding{bits=10}: bitz::piop::spartan::grinding: close time.busy=9.50µs time.idle=110ns
2026-10-07T19:58:55.026177Z  INFO falcon_algebraic:prove:spartan:round_grinding_prove: bitz::sumcheck::boundary: close time.busy=11.6µs time.idle=90.0ns
2026-10-07T19:58:55.026179Z  INFO falcon_algebraic:prove:falcon_joint:dense: bitz::hybrid::joint_sumcheck: close time.busy=91.0ns time.idle=110ns
2026-10-07T19:58:55.026187Z  INFO falcon_algebraic:prove:spartan:round_grinding_prove:spartan:grinding{bits=10}: bitz::piop::spartan::grinding: close time.busy=5.80µs time.idle=110ns
2026-10-07T19:58:55.026188Z  INFO falcon_algebraic:prove:spartan:round_grinding_prove: bitz::sumcheck::boundary: close time.busy=7.83µs time.idle=100ns
2026-10-07T19:58:55.026190Z  INFO falcon_algebraic:prove:falcon_joint:dense: bitz::hybrid::joint_sumcheck: close time.busy=100ns time.idle=110ns
2026-10-07T19:58:55.026200Z  INFO falcon_algebraic:prove:spartan:round_grinding_prove:spartan:grinding{bits=10}: bitz::piop::spartan::grinding: close time.busy=7.88µs time.idle=110ns
2026-10-07T19:58:55.026201Z  INFO falcon_algebraic:prove:spartan:round_grinding_prove: bitz::sumcheck::boundary: close time.busy=10.0µs time.idle=101ns
2026-10-07T19:58:55.026203Z  INFO falcon_algebraic:prove:falcon_joint:dense: bitz::hybrid::joint_sumcheck: close time.busy=241ns time.idle=110ns
2026-10-07T19:58:55.026214Z  INFO falcon_algebraic:prove:spartan:round_grinding_prove:spartan:grinding{bits=10}: bitz::piop::spartan::grinding: close time.busy=8.79µs time.idle=110ns
2026-10-07T19:58:55.026215Z  INFO falcon_algebraic:prove:spartan:round_grinding_prove: bitz::sumcheck::boundary: close time.busy=11.0µs time.idle=120ns
2026-10-07T19:58:55.026217Z  INFO falcon_algebraic:prove:falcon_joint:dense: bitz::hybrid::joint_sumcheck: close time.busy=80.0ns time.idle=90.0ns
2026-10-07T19:58:55.026220Z  INFO falcon_algebraic:prove:spartan:round_grinding_prove:spartan:grinding{bits=10}: bitz::piop::spartan::grinding: close time.busy=1.11µs time.idle=110ns
2026-10-07T19:58:55.026221Z  INFO falcon_algebraic:prove:spartan:round_grinding_prove: bitz::sumcheck::boundary: close time.busy=3.22µs time.idle=111ns
2026-10-07T19:58:55.026223Z  INFO falcon_algebraic:prove:falcon_joint:dense: bitz::hybrid::joint_sumcheck: close time.busy=71.0ns time.idle=100ns
2026-10-07T19:58:55.029646Z  INFO falcon_algebraic:prove:falcon_algebraic:pcs:op:ring_switch:spartan:grinding{bits=12}: bitz::piop::spartan::grinding: close time.busy=11.3µs time.idle=120ns
2026-10-07T19:58:55.029660Z  INFO falcon_algebraic:prove:falcon_algebraic:pcs:op:ring_switch: bitz::hybrid::opening: close time.busy=3.43ms time.idle=141ns
2026-10-07T19:58:55.029669Z  INFO falcon_algebraic:prove:falcon_algebraic:pcs:op:extra_bases:spartan:grinding{bits=12}: bitz::piop::spartan::grinding: close time.busy=7.10µs time.idle=110ns
2026-10-07T19:58:55.033397Z  INFO falcon_algebraic:prove:falcon_algebraic:pcs:op:extra_bases:op:initial_messages: bitz::hybrid::opening::streamed: close time.busy=3.71ms time.idle=120ns
2026-10-07T19:58:55.033398Z  INFO falcon_algebraic:prove:falcon_algebraic:pcs:op:extra_bases: bitz::hybrid::opening: close time.busy=3.74ms time.idle=140ns
2026-10-07T19:58:55.033416Z  INFO falcon_algebraic:prove:falcon_algebraic:pcs:op:ligerito:lig:grind_pow{bits=20}:spartan:grinding{bits=12}: bitz::piop::spartan::grinding: close time.busy=11.3µs time.idle=281ns
2026-10-07T19:58:55.040014Z  INFO falcon_algebraic:prove:falcon_algebraic:pcs:op:ligerito:lig:grind_pow{bits=20 seed_lo=16375824786920364557 seed_hi=1983144282459121119 nonce=1785466}: bitz::ligerito_flock: close time.busy=6.61ms time.idle=120ns
2026-10-07T19:58:55.040026Z  INFO falcon_algebraic:prove:falcon_algebraic:pcs:op:ligerito:spartan:grinding{bits=12}: bitz::piop::spartan::grinding: close time.busy=8.87µs time.idle=120ns
2026-10-07T19:58:55.040070Z  INFO falcon_algebraic:prove:falcon_algebraic:pcs:op:ligerito:lig:grind_pow{bits=20}:spartan:grinding{bits=12}: bitz::piop::spartan::grinding: close time.busy=39.4µs time.idle=181ns
2026-10-07T19:58:55.045387Z  INFO falcon_algebraic:prove:falcon_algebraic:pcs:op:ligerito:lig:grind_pow{bits=20 seed_lo=14517310510578505501 seed_hi=6928831755814259526 nonce=1434179}: bitz::ligerito_flock: close time.busy=5.36ms time.idle=120ns
2026-10-07T19:58:55.045407Z  INFO falcon_algebraic:prove:falcon_algebraic:pcs:op:ligerito:spartan:grinding{bits=12}: bitz::piop::spartan::grinding: close time.busy=17.4µs time.idle=121ns
2026-10-07T19:58:55.046661Z  INFO falcon_algebraic:prove:falcon_algebraic:pcs:op:ligerito:op:deferred_first_fold: bitz::hybrid::opening::streamed: close time.busy=1.25ms time.idle=110ns
2026-10-07T19:58:55.046694Z  INFO falcon_algebraic:prove:falcon_algebraic:pcs:op:ligerito:lig:grind_pow{bits=20}:spartan:grinding{bits=12}: bitz::piop::spartan::grinding: close time.busy=28.7µs time.idle=110ns
2026-10-07T19:58:55.049450Z  INFO falcon_algebraic:prove:falcon_algebraic:pcs:op:ligerito:lig:grind_pow{bits=20 seed_lo=14441719486906525332 seed_hi=4887251053874519830 nonce=749449}: bitz::ligerito_flock: close time.busy=2.79ms time.idle=100ns
2026-10-07T19:58:55.049465Z  INFO falcon_algebraic:prove:falcon_algebraic:pcs:op:ligerito:spartan:grinding{bits=12}: bitz::piop::spartan::grinding: close time.busy=13.2µs time.idle=110ns
2026-10-07T19:58:55.049483Z  INFO falcon_algebraic:prove:falcon_algebraic:pcs:op:ligerito:lig:grind_pow{bits=20}:spartan:grinding{bits=12}: bitz::piop::spartan::grinding: close time.busy=14.7µs time.idle=121ns
2026-10-07T19:58:55.051849Z  INFO falcon_algebraic:prove:falcon_algebraic:pcs:op:ligerito:lig:grind_pow{bits=20 seed_lo=4040019448686371158 seed_hi=12007848838415722241 nonce=638779}: bitz::ligerito_flock: close time.busy=2.38ms time.idle=110ns
2026-10-07T19:58:55.051874Z  INFO falcon_algebraic:prove:falcon_algebraic:pcs:op:ligerito:spartan:grinding{bits=12}: bitz::piop::spartan::grinding: close time.busy=23.0µs time.idle=110ns
2026-10-07T19:58:55.052876Z  INFO falcon_algebraic:prove:falcon_algebraic:pcs:op:ligerito:lig:grind_pow{bits=11}:spartan:grinding{bits=12}: bitz::piop::spartan::grinding: close time.busy=25.2µs time.idle=110ns
2026-10-07T19:58:55.052886Z  INFO falcon_algebraic:prove:falcon_algebraic:pcs:op:ligerito:lig:grind_pow{bits=11 seed_lo=12168614032339833606 seed_hi=677864334761961363 nonce=1876}: bitz::ligerito_flock: close time.busy=35.8µs time.idle=121ns
2026-10-07T19:58:55.052912Z  INFO falcon_algebraic:prove:falcon_algebraic:pcs:op:ligerito:spartan:grinding{bits=12}: bitz::piop::spartan::grinding: close time.busy=24.2µs time.idle=110ns
2026-10-07T19:58:55.053880Z  INFO falcon_algebraic:prove:falcon_algebraic:pcs:op:ligerito:lig:grind_pow{bits=7}:spartan:grinding{bits=12}: bitz::piop::spartan::grinding: close time.busy=6.36µs time.idle=120ns
2026-10-07T19:58:55.053884Z  INFO falcon_algebraic:prove:falcon_algebraic:pcs:op:ligerito:lig:grind_pow{bits=7 seed_lo=12556229113317911125 seed_hi=6749826581381619231 nonce=24}: bitz::ligerito_flock: close time.busy=10.5µs time.idle=150ns
2026-10-07T19:58:55.053906Z  INFO falcon_algebraic:prove:falcon_algebraic:pcs:op:ligerito:spartan:grinding{bits=12}: bitz::piop::spartan::grinding: close time.busy=19.9µs time.idle=110ns
2026-10-07T19:58:55.053967Z  INFO falcon_algebraic:prove:falcon_algebraic:pcs:op:ligerito:lig:grind_pow{bits=19}:spartan:grinding{bits=12}: bitz::piop::spartan::grinding: close time.busy=22.2µs time.idle=120ns
2026-10-07T19:58:55.054470Z  INFO falcon_algebraic:prove:falcon_algebraic:pcs:op:ligerito:lig:grind_pow{bits=19 seed_lo=4999734546879186383 seed_hi=5642541635383918156 nonce=133341}: bitz::ligerito_flock: close time.busy=526µs time.idle=120ns
2026-10-07T19:58:55.054499Z  INFO falcon_algebraic:prove:falcon_algebraic:pcs:op:ligerito:spartan:grinding{bits=12}: bitz::piop::spartan::grinding: close time.busy=26.8µs time.idle=111ns
2026-10-07T19:58:55.054561Z  INFO falcon_algebraic:prove:falcon_algebraic:pcs:op:ligerito:lig:grind_pow{bits=19}:spartan:grinding{bits=12}: bitz::piop::spartan::grinding: close time.busy=31.7µs time.idle=122ns
2026-10-07T19:58:55.055622Z  INFO falcon_algebraic:prove:falcon_algebraic:pcs:op:ligerito:lig:grind_pow{bits=19 seed_lo=16120839933993617660 seed_hi=8845007109929095843 nonce=285668}: bitz::ligerito_flock: close time.busy=1.09ms time.idle=120ns
2026-10-07T19:58:55.055639Z  INFO falcon_algebraic:prove:falcon_algebraic:pcs:op:ligerito:spartan:grinding{bits=12}: bitz::piop::spartan::grinding: close time.busy=13.7µs time.idle=122ns
2026-10-07T19:58:55.055718Z  INFO falcon_algebraic:prove:falcon_algebraic:pcs:op:ligerito:lig:grind_pow{bits=19}:spartan:grinding{bits=12}: bitz::piop::spartan::grinding: close time.busy=62.0µs time.idle=110ns
2026-10-07T19:58:55.063027Z  INFO falcon_algebraic:prove:falcon_algebraic:pcs:op:ligerito:lig:grind_pow{bits=19 seed_lo=7533905475163248731 seed_hi=13331801534544350727 nonce=1978168}: bitz::ligerito_flock: close time.busy=7.37ms time.idle=250ns
2026-10-07T19:58:55.063044Z  INFO falcon_algebraic:prove:falcon_algebraic:pcs:op:ligerito:spartan:grinding{bits=12}: bitz::piop::spartan::grinding: close time.busy=15.1µs time.idle=110ns
2026-10-07T19:58:55.063254Z  INFO falcon_algebraic:prove:falcon_algebraic:pcs:op:ligerito:lig:grind_pow{bits=11}:spartan:grinding{bits=12}: bitz::piop::spartan::grinding: close time.busy=5.62µs time.idle=110ns
2026-10-07T19:58:55.063264Z  INFO falcon_algebraic:prove:falcon_algebraic:pcs:op:ligerito:lig:grind_pow{bits=11 seed_lo=13414360004935892538 seed_hi=13352016151955891289 nonce=1894}: bitz::ligerito_flock: close time.busy=15.9µs time.idle=111ns
2026-10-07T19:58:55.063274Z  INFO falcon_algebraic:prove:falcon_algebraic:pcs:op:ligerito:spartan:grinding{bits=12}: bitz::piop::spartan::grinding: close time.busy=8.16µs time.idle=110ns
2026-10-07T19:58:55.064272Z  INFO falcon_algebraic:prove:falcon_algebraic:pcs:op:ligerito:lig:grind_pow{bits=7}:spartan:grinding{bits=12}: bitz::piop::spartan::grinding: close time.busy=51.1µs time.idle=110ns
2026-10-07T19:58:55.064275Z  INFO falcon_algebraic:prove:falcon_algebraic:pcs:op:ligerito:lig:grind_pow{bits=7 seed_lo=14011323245469665233 seed_hi=10627610180640753093 nonce=87}: bitz::ligerito_flock: close time.busy=54.8µs time.idle=120ns
2026-10-07T19:58:55.064309Z  INFO falcon_algebraic:prove:falcon_algebraic:pcs:op:ligerito:spartan:grinding{bits=12}: bitz::piop::spartan::grinding: close time.busy=32.8µs time.idle=110ns
2026-10-07T19:58:55.064333Z  INFO falcon_algebraic:prove:falcon_algebraic:pcs:op:ligerito:lig:grind_pow{bits=17}:spartan:grinding{bits=12}: bitz::piop::spartan::grinding: close time.busy=16.6µs time.idle=111ns
2026-10-07T19:58:55.064365Z  INFO falcon_algebraic:prove:falcon_algebraic:pcs:op:ligerito:lig:grind_pow{bits=17 seed_lo=12040305675577541021 seed_hi=4448544093894922929 nonce=7149}: bitz::ligerito_flock: close time.busy=49.6µs time.idle=120ns
2026-10-07T19:58:55.064384Z  INFO falcon_algebraic:prove:falcon_algebraic:pcs:op:ligerito:spartan:grinding{bits=12}: bitz::piop::spartan::grinding: close time.busy=17.1µs time.idle=111ns
2026-10-07T19:58:55.064403Z  INFO falcon_algebraic:prove:falcon_algebraic:pcs:op:ligerito:lig:grind_pow{bits=17}:spartan:grinding{bits=12}: bitz::piop::spartan::grinding: close time.busy=9.53µs time.idle=110ns
2026-10-07T19:58:55.064426Z  INFO falcon_algebraic:prove:falcon_algebraic:pcs:op:ligerito:lig:grind_pow{bits=17 seed_lo=14594745866361555729 seed_hi=4481801811290485119 nonce=4584}: bitz::ligerito_flock: close time.busy=33.1µs time.idle=111ns
2026-10-07T19:58:55.064465Z  INFO falcon_algebraic:prove:falcon_algebraic:pcs:op:ligerito:spartan:grinding{bits=12}: bitz::piop::spartan::grinding: close time.busy=37.2µs time.idle=110ns
2026-10-07T19:58:55.064480Z  INFO falcon_algebraic:prove:falcon_algebraic:pcs:op:ligerito:lig:grind_pow{bits=17}:spartan:grinding{bits=12}: bitz::piop::spartan::grinding: close time.busy=8.13µs time.idle=110ns
2026-10-07T19:58:55.064602Z  INFO falcon_algebraic:prove:falcon_algebraic:pcs:op:ligerito:lig:grind_pow{bits=17 seed_lo=13300957292935261440 seed_hi=4548511347967446605 nonce=31400}: bitz::ligerito_flock: close time.busy=131µs time.idle=110ns
2026-10-07T19:58:55.064650Z  INFO falcon_algebraic:prove:falcon_algebraic:pcs:op:ligerito:spartan:grinding{bits=12}: bitz::piop::spartan::grinding: close time.busy=46.2µs time.idle=111ns
2026-10-07T19:58:55.064715Z  INFO falcon_algebraic:prove:falcon_algebraic:pcs:op:ligerito:lig:grind_pow{bits=11}:spartan:grinding{bits=12}: bitz::piop::spartan::grinding: close time.busy=17.4µs time.idle=110ns
2026-10-07T19:58:55.064727Z  INFO falcon_algebraic:prove:falcon_algebraic:pcs:op:ligerito:lig:grind_pow{bits=11 seed_lo=5054118974374254575 seed_hi=14981614931524400151 nonce=2654}: bitz::ligerito_flock: close time.busy=30.5µs time.idle=110ns
2026-10-07T19:58:55.064758Z  INFO falcon_algebraic:prove:falcon_algebraic:pcs:op:ligerito:spartan:grinding{bits=12}: bitz::piop::spartan::grinding: close time.busy=29.0µs time.idle=110ns
2026-10-07T19:58:55.064936Z  INFO falcon_algebraic:prove:falcon_algebraic:pcs:op:ligerito:lig:grind_pow{bits=7}:spartan:grinding{bits=12}: bitz::piop::spartan::grinding: close time.busy=8.00µs time.idle=110ns
2026-10-07T19:58:55.064939Z  INFO falcon_algebraic:prove:falcon_algebraic:pcs:op:ligerito:lig:grind_pow{bits=7 seed_lo=10782382566308342209 seed_hi=11179761202078984758 nonce=218}: bitz::ligerito_flock: close time.busy=12.1µs time.idle=120ns
2026-10-07T19:58:55.064948Z  INFO falcon_algebraic:prove:falcon_algebraic:pcs:op:ligerito:spartan:grinding{bits=12}: bitz::piop::spartan::grinding: close time.busy=6.30µs time.idle=110ns
2026-10-07T19:58:55.064960Z  INFO falcon_algebraic:prove:falcon_algebraic:pcs:op:ligerito:lig:grind_pow{bits=15}:spartan:grinding{bits=12}: bitz::piop::spartan::grinding: close time.busy=9.14µs time.idle=110ns
2026-10-07T19:58:55.065074Z  INFO falcon_algebraic:prove:falcon_algebraic:pcs:op:ligerito:lig:grind_pow{bits=15 seed_lo=1228380510673385658 seed_hi=4608945683697044113 nonce=28426}: bitz::ligerito_flock: close time.busy=123µs time.idle=120ns
2026-10-07T19:58:55.065083Z  INFO falcon_algebraic:prove:falcon_algebraic:pcs:op:ligerito:spartan:grinding{bits=12}: bitz::piop::spartan::grinding: close time.busy=7.42µs time.idle=110ns
2026-10-07T19:58:55.065091Z  INFO falcon_algebraic:prove:falcon_algebraic:pcs:op:ligerito:lig:grind_pow{bits=15}:spartan:grinding{bits=12}: bitz::piop::spartan::grinding: close time.busy=3.82µs time.idle=110ns
2026-10-07T19:58:55.065191Z  INFO falcon_algebraic:prove:falcon_algebraic:pcs:op:ligerito:lig:grind_pow{bits=15 seed_lo=15181336230616402119 seed_hi=7493050434602918546 nonce=25325}: bitz::ligerito_flock: close time.busy=104µs time.idle=110ns
2026-10-07T19:58:55.065201Z  INFO falcon_algebraic:prove:falcon_algebraic:pcs:op:ligerito:spartan:grinding{bits=12}: bitz::piop::spartan::grinding: close time.busy=8.31µs time.idle=120ns
2026-10-07T19:58:55.065216Z  INFO falcon_algebraic:prove:falcon_algebraic:pcs:op:ligerito:lig:grind_pow{bits=15}:spartan:grinding{bits=12}: bitz::piop::spartan::grinding: close time.busy=11.6µs time.idle=111ns
2026-10-07T19:58:55.065327Z  INFO falcon_algebraic:prove:falcon_algebraic:pcs:op:ligerito:lig:grind_pow{bits=15 seed_lo=7421790146636421713 seed_hi=16128424606281112580 nonce=28449}: bitz::ligerito_flock: close time.busy=124µs time.idle=120ns
2026-10-07T19:58:55.065340Z  INFO falcon_algebraic:prove:falcon_algebraic:pcs:op:ligerito:spartan:grinding{bits=12}: bitz::piop::spartan::grinding: close time.busy=11.2µs time.idle=111ns
2026-10-07T19:58:55.065350Z  INFO falcon_algebraic:prove:falcon_algebraic:pcs:op:ligerito:lig:grind_pow{bits=11}:spartan:grinding{bits=12}: bitz::piop::spartan::grinding: close time.busy=4.77µs time.idle=110ns
2026-10-07T19:58:55.065354Z  INFO falcon_algebraic:prove:falcon_algebraic:pcs:op:ligerito:lig:grind_pow{bits=11 seed_lo=14005453541847172307 seed_hi=3880069313824445422 nonce=567}: bitz::ligerito_flock: close time.busy=9.88µs time.idle=110ns
2026-10-07T19:58:55.065363Z  INFO falcon_algebraic:prove:falcon_algebraic:pcs:op:ligerito:spartan:grinding{bits=12}: bitz::piop::spartan::grinding: close time.busy=6.60µs time.idle=110ns
2026-10-07T19:58:55.065440Z  INFO falcon_algebraic:prove:falcon_algebraic:pcs:op:ligerito: bitz::hybrid::opening: close time.busy=32.0ms time.idle=130ns
2026-10-07T19:58:55.065443Z  INFO falcon_algebraic:prove:falcon_algebraic:pcs: bitz::piop::spartan::falcon512_algebraic::protocol: close time.busy=39.2ms time.idle=140ns
2026-10-07T19:58:55.066364Z  INFO falcon_algebraic:prove: bitz::piop::spartan::falcon512_algebraic::protocol: close time.busy=338ms time.idle=231ns
2026-10-07T19:58:55.083233Z  INFO falcon_algebraic:verify:falcon_algebraic_ring:verify:falcon_algebraic_ring:coordinates: bitz::piop::spartan::falcon512_algebraic::ring: close time.busy=8.92ms time.idle=180ns
2026-10-07T19:58:55.101950Z  INFO falcon_algebraic:verify:falcon_algebraic_ring:verify:falcon_algebraic_ring:collapse: bitz::piop::spartan::falcon512_algebraic::ring: close time.busy=18.7ms time.idle=140ns
2026-10-07T19:58:55.101953Z  INFO falcon_algebraic:verify:falcon_algebraic_ring:verify: bitz::piop::spartan::falcon512_algebraic::ring: close time.busy=27.9ms time.idle=171ns
2026-10-07T19:58:55.101981Z  INFO falcon_algebraic:verify:spartan:round_grinding_verify: bitz::sumcheck::boundary: close time.busy=972ns time.idle=210ns
2026-10-07T19:58:55.101984Z  INFO falcon_algebraic:verify:spartan:round_grinding_verify: bitz::sumcheck::boundary: close time.busy=821ns time.idle=111ns
2026-10-07T19:58:55.101988Z  INFO falcon_algebraic:verify:spartan:round_grinding_verify: bitz::sumcheck::boundary: close time.busy=872ns time.idle=120ns
2026-10-07T19:58:55.101992Z  INFO falcon_algebraic:verify:spartan:round_grinding_verify: bitz::sumcheck::boundary: close time.busy=862ns time.idle=100ns
2026-10-07T19:58:55.101996Z  INFO falcon_algebraic:verify:spartan:round_grinding_verify: bitz::sumcheck::boundary: close time.busy=762ns time.idle=110ns
2026-10-07T19:58:55.102001Z  INFO falcon_algebraic:verify:spartan:round_grinding_verify: bitz::sumcheck::boundary: close time.busy=781ns time.idle=110ns
2026-10-07T19:58:55.102005Z  INFO falcon_algebraic:verify:spartan:round_grinding_verify: bitz::sumcheck::boundary: close time.busy=791ns time.idle=90.0ns
2026-10-07T19:58:55.102010Z  INFO falcon_algebraic:verify:spartan:round_grinding_verify: bitz::sumcheck::boundary: close time.busy=891ns time.idle=110ns
2026-10-07T19:58:55.102013Z  INFO falcon_algebraic:verify:spartan:round_grinding_verify: bitz::sumcheck::boundary: close time.busy=852ns time.idle=110ns
2026-10-07T19:58:55.102019Z  INFO falcon_algebraic:verify:spartan:round_grinding_verify: bitz::sumcheck::boundary: close time.busy=751ns time.idle=100ns
2026-10-07T19:58:55.102024Z  INFO falcon_algebraic:verify:spartan:round_grinding_verify: bitz::sumcheck::boundary: close time.busy=862ns time.idle=110ns
2026-10-07T19:58:55.102027Z  INFO falcon_algebraic:verify:spartan:round_grinding_verify: bitz::sumcheck::boundary: close time.busy=811ns time.idle=111ns
2026-10-07T19:58:55.102031Z  INFO falcon_algebraic:verify:spartan:round_grinding_verify: bitz::sumcheck::boundary: close time.busy=911ns time.idle=101ns
2026-10-07T19:58:55.102037Z  INFO falcon_algebraic:verify:spartan:round_grinding_verify: bitz::sumcheck::boundary: close time.busy=932ns time.idle=110ns
2026-10-07T19:58:55.102042Z  INFO falcon_algebraic:verify:spartan:round_grinding_verify: bitz::sumcheck::boundary: close time.busy=702ns time.idle=110ns
2026-10-07T19:58:55.102047Z  INFO falcon_algebraic:verify:spartan:round_grinding_verify: bitz::sumcheck::boundary: close time.busy=851ns time.idle=110ns
2026-10-07T19:58:55.102052Z  INFO falcon_algebraic:verify:spartan:round_grinding_verify: bitz::sumcheck::boundary: close time.busy=901ns time.idle=91.0ns
2026-10-07T19:58:55.102057Z  INFO falcon_algebraic:verify:spartan:round_grinding_verify: bitz::sumcheck::boundary: close time.busy=822ns time.idle=100ns
2026-10-07T19:58:55.102062Z  INFO falcon_algebraic:verify:spartan:round_grinding_verify: bitz::sumcheck::boundary: close time.busy=851ns time.idle=121ns
2026-10-07T19:58:55.111642Z  INFO falcon_algebraic:verify:spartan:round_grinding_verify: bitz::sumcheck::boundary: close time.busy=1.04µs time.idle=150ns
2026-10-07T19:58:55.111646Z  INFO falcon_algebraic:verify:spartan:round_grinding_verify: bitz::sumcheck::boundary: close time.busy=812ns time.idle=110ns
2026-10-07T19:58:55.111650Z  INFO falcon_algebraic:verify:spartan:round_grinding_verify: bitz::sumcheck::boundary: close time.busy=812ns time.idle=110ns
2026-10-07T19:58:55.111654Z  INFO falcon_algebraic:verify:spartan:round_grinding_verify: bitz::sumcheck::boundary: close time.busy=801ns time.idle=110ns
2026-10-07T19:58:55.111658Z  INFO falcon_algebraic:verify:spartan:round_grinding_verify: bitz::sumcheck::boundary: close time.busy=872ns time.idle=110ns
2026-10-07T19:58:55.111663Z  INFO falcon_algebraic:verify:spartan:round_grinding_verify: bitz::sumcheck::boundary: close time.busy=1.20µs time.idle=111ns
2026-10-07T19:58:55.111666Z  INFO falcon_algebraic:verify:spartan:round_grinding_verify: bitz::sumcheck::boundary: close time.busy=802ns time.idle=100ns
2026-10-07T19:58:55.111670Z  INFO falcon_algebraic:verify:spartan:round_grinding_verify: bitz::sumcheck::boundary: close time.busy=882ns time.idle=90.0ns
2026-10-07T19:58:55.111674Z  INFO falcon_algebraic:verify:spartan:round_grinding_verify: bitz::sumcheck::boundary: close time.busy=861ns time.idle=140ns
2026-10-07T19:58:55.111680Z  INFO falcon_algebraic:verify:spartan:round_grinding_verify: bitz::sumcheck::boundary: close time.busy=872ns time.idle=120ns
2026-10-07T19:58:55.111684Z  INFO falcon_algebraic:verify:spartan:round_grinding_verify: bitz::sumcheck::boundary: close time.busy=911ns time.idle=101ns
2026-10-07T19:58:55.111687Z  INFO falcon_algebraic:verify:spartan:round_grinding_verify: bitz::sumcheck::boundary: close time.busy=932ns time.idle=100ns
2026-10-07T19:58:55.111691Z  INFO falcon_algebraic:verify:spartan:round_grinding_verify: bitz::sumcheck::boundary: close time.busy=862ns time.idle=110ns
2026-10-07T19:58:55.111696Z  INFO falcon_algebraic:verify:spartan:round_grinding_verify: bitz::sumcheck::boundary: close time.busy=921ns time.idle=101ns
2026-10-07T19:58:55.111700Z  INFO falcon_algebraic:verify:spartan:round_grinding_verify: bitz::sumcheck::boundary: close time.busy=872ns time.idle=110ns
2026-10-07T19:58:55.111704Z  INFO falcon_algebraic:verify:spartan:round_grinding_verify: bitz::sumcheck::boundary: close time.busy=852ns time.idle=130ns
2026-10-07T19:58:55.111707Z  INFO falcon_algebraic:verify:spartan:round_grinding_verify: bitz::sumcheck::boundary: close time.busy=871ns time.idle=131ns
2026-10-07T19:58:55.111711Z  INFO falcon_algebraic:verify:spartan:round_grinding_verify: bitz::sumcheck::boundary: close time.busy=962ns time.idle=110ns
2026-10-07T19:58:55.111717Z  INFO falcon_algebraic:verify:spartan:round_grinding_verify: bitz::sumcheck::boundary: close time.busy=1.14µs time.idle=110ns
2026-10-07T19:58:55.111720Z  INFO falcon_algebraic:verify:spartan:round_grinding_verify: bitz::sumcheck::boundary: close time.busy=642ns time.idle=100ns
2026-10-07T19:58:55.111722Z  INFO falcon_algebraic:verify:spartan:round_grinding_verify: bitz::sumcheck::boundary: close time.busy=712ns time.idle=100ns
2026-10-07T19:58:55.111725Z  INFO falcon_algebraic:verify:spartan:round_grinding_verify: bitz::sumcheck::boundary: close time.busy=661ns time.idle=120ns
2026-10-07T19:58:55.111728Z  INFO falcon_algebraic:verify:spartan:round_grinding_verify: bitz::sumcheck::boundary: close time.busy=651ns time.idle=111ns
2026-10-07T19:58:55.111731Z  INFO falcon_algebraic:verify:spartan:round_grinding_verify: bitz::sumcheck::boundary: close time.busy=642ns time.idle=110ns
2026-10-07T19:58:55.119003Z  INFO falcon_algebraic:verify:spartan:round_grinding_verify: bitz::sumcheck::boundary: close time.busy=1.04µs time.idle=140ns
2026-10-07T19:58:55.119006Z  INFO falcon_algebraic:verify:spartan:round_grinding_verify: bitz::sumcheck::boundary: close time.busy=1.03µs time.idle=110ns
2026-10-07T19:58:55.119009Z  INFO falcon_algebraic:verify:spartan:round_grinding_verify: bitz::sumcheck::boundary: close time.busy=972ns time.idle=110ns
2026-10-07T19:58:55.119012Z  INFO falcon_algebraic:verify:spartan:round_grinding_verify: bitz::sumcheck::boundary: close time.busy=952ns time.idle=110ns
2026-10-07T19:58:55.119015Z  INFO falcon_algebraic:verify:spartan:round_grinding_verify: bitz::sumcheck::boundary: close time.busy=1.17µs time.idle=110ns
2026-10-07T19:58:55.119017Z  INFO falcon_algebraic:verify:spartan:round_grinding_verify: bitz::sumcheck::boundary: close time.busy=952ns time.idle=110ns
2026-10-07T19:58:55.119020Z  INFO falcon_algebraic:verify:spartan:round_grinding_verify: bitz::sumcheck::boundary: close time.busy=932ns time.idle=120ns
2026-10-07T19:58:55.119023Z  INFO falcon_algebraic:verify:spartan:round_grinding_verify: bitz::sumcheck::boundary: close time.busy=932ns time.idle=100ns
2026-10-07T19:58:55.119026Z  INFO falcon_algebraic:verify:spartan:round_grinding_verify: bitz::sumcheck::boundary: close time.busy=1.01µs time.idle=110ns
2026-10-07T19:58:55.119028Z  INFO falcon_algebraic:verify:spartan:round_grinding_verify: bitz::sumcheck::boundary: close time.busy=1.00µs time.idle=100ns
2026-10-07T19:58:55.119031Z  INFO falcon_algebraic:verify:spartan:round_grinding_verify: bitz::sumcheck::boundary: close time.busy=1.07µs time.idle=90.0ns
2026-10-07T19:58:55.119034Z  INFO falcon_algebraic:verify:spartan:round_grinding_verify: bitz::sumcheck::boundary: close time.busy=981ns time.idle=112ns
2026-10-07T19:58:55.119037Z  INFO falcon_algebraic:verify:spartan:round_grinding_verify: bitz::sumcheck::boundary: close time.busy=961ns time.idle=112ns
2026-10-07T19:58:55.119040Z  INFO falcon_algebraic:verify:spartan:round_grinding_verify: bitz::sumcheck::boundary: close time.busy=1.03µs time.idle=100ns
2026-10-07T19:58:55.119043Z  INFO falcon_algebraic:verify:spartan:round_grinding_verify: bitz::sumcheck::boundary: close time.busy=1.10µs time.idle=100ns
2026-10-07T19:58:55.119047Z  INFO falcon_algebraic:verify:spartan:round_grinding_verify: bitz::sumcheck::boundary: close time.busy=2.31µs time.idle=110ns
2026-10-07T19:58:55.119050Z  INFO falcon_algebraic:verify:spartan:round_grinding_verify: bitz::sumcheck::boundary: close time.busy=1.10µs time.idle=91.0ns
2026-10-07T19:58:55.119053Z  INFO falcon_algebraic:verify:spartan:round_grinding_verify: bitz::sumcheck::boundary: close time.busy=1.15µs time.idle=110ns
2026-10-07T19:58:55.119055Z  INFO falcon_algebraic:verify:spartan:round_grinding_verify: bitz::sumcheck::boundary: close time.busy=932ns time.idle=100ns
2026-10-07T19:58:55.119058Z  INFO falcon_algebraic:verify:spartan:round_grinding_verify: bitz::sumcheck::boundary: close time.busy=932ns time.idle=110ns
2026-10-07T19:58:55.119061Z  INFO falcon_algebraic:verify:spartan:round_grinding_verify: bitz::sumcheck::boundary: close time.busy=972ns time.idle=100ns
2026-10-07T19:58:55.119063Z  INFO falcon_algebraic:verify:spartan:round_grinding_verify: bitz::sumcheck::boundary: close time.busy=952ns time.idle=110ns
2026-10-07T19:58:55.119066Z  INFO falcon_algebraic:verify:spartan:round_grinding_verify: bitz::sumcheck::boundary: close time.busy=962ns time.idle=110ns
2026-10-07T19:58:55.119069Z  INFO falcon_algebraic:verify:spartan:round_grinding_verify: bitz::sumcheck::boundary: close time.busy=1.10µs time.idle=100ns
2026-10-07T19:58:55.119072Z  INFO falcon_algebraic:verify:spartan:round_grinding_verify: bitz::sumcheck::boundary: close time.busy=1.00µs time.idle=110ns
2026-10-07T19:58:55.121330Z  INFO falcon_algebraic:verify: bitz::piop::spartan::falcon512_algebraic::protocol: close time.busy=54.9ms time.idle=130ns
