2026-10-07T19:58:56.277837Z  INFO falcon_algebraic:commit:falcon_algebraic:witness: bitz::piop::spartan::falcon512_algebraic::protocol: close time.busy=32.6ms time.idle=490ns
2026-10-07T19:58:56.307994Z  INFO falcon_algebraic:commit:shared_source:encode: bitz::hybrid::opening: close time.busy=1.97ms time.idle=331ns
2026-10-07T19:58:56.309221Z  INFO falcon_algebraic:commit:shared_source:merkle: bitz::hybrid::opening: close time.busy=1.22ms time.idle=160ns
2026-10-07T19:58:56.309223Z  INFO falcon_algebraic:commit: bitz::piop::spartan::falcon512_algebraic::protocol: close time.busy=64.1ms time.idle=1.61µs
2026-10-07T19:58:56.324160Z  INFO falcon_algebraic:prove:falcon_algebraic:ring:falcon_algebraic_ring:prove:falcon_algebraic_ring:coordinates: bitz::piop::spartan::falcon512_algebraic::ring: close time.busy=6.03ms time.idle=261ns
2026-10-07T19:58:56.325008Z  INFO falcon_algebraic:prove:falcon_algebraic:ring:falcon_algebraic_ring:prove:spartan:grinding{bits=11}: bitz::piop::spartan::grinding: close time.busy=8.62µs time.idle=160ns
2026-10-07T19:58:56.343931Z  INFO falcon_algebraic:prove:falcon_algebraic:ring:falcon_algebraic_ring:prove:falcon_algebraic_ring:collapse: bitz::piop::spartan::falcon512_algebraic::ring: close time.busy=18.9ms time.idle=150ns
2026-10-07T19:58:56.344458Z  INFO falcon_algebraic:prove:falcon_algebraic:ring:falcon_algebraic_ring:prove: bitz::piop::spartan::falcon512_algebraic::ring: close time.busy=27.3ms time.idle=260ns
2026-10-07T19:58:56.344460Z  INFO falcon_algebraic:prove:falcon_algebraic:ring: bitz::piop::spartan::falcon512_algebraic::protocol: close time.busy=27.3ms time.idle=151ns
2026-10-07T19:58:56.344470Z  INFO falcon_algebraic:prove:falcon_algebraic:arithmetic:falcon_algebraic:norm:spartan:grinding{bits=11}: bitz::piop::spartan::grinding: close time.busy=6.49µs time.idle=180ns
2026-10-07T19:58:56.375260Z  INFO falcon_algebraic:prove:falcon_algebraic:arithmetic:falcon_algebraic:norm:spartan:round_grinding_prove:spartan:grinding{bits=14}: bitz::piop::spartan::grinding: close time.busy=26.3µs time.idle=401ns
2026-10-07T19:58:56.375263Z  INFO falcon_algebraic:prove:falcon_algebraic:arithmetic:falcon_algebraic:norm:spartan:round_grinding_prove: bitz::sumcheck::boundary: close time.busy=31.2µs time.idle=160ns
2026-10-07T19:58:56.387804Z  INFO falcon_algebraic:prove:falcon_algebraic:arithmetic:falcon_algebraic:norm:spartan:round_grinding_prove:spartan:grinding{bits=14}: bitz::piop::spartan::grinding: close time.busy=164µs time.idle=120ns
2026-10-07T19:58:56.387807Z  INFO falcon_algebraic:prove:falcon_algebraic:arithmetic:falcon_algebraic:norm:spartan:round_grinding_prove: bitz::sumcheck::boundary: close time.busy=167µs time.idle=131ns
2026-10-07T19:58:56.393502Z  INFO falcon_algebraic:prove:falcon_algebraic:arithmetic:falcon_algebraic:norm:spartan:round_grinding_prove:spartan:grinding{bits=14}: bitz::piop::spartan::grinding: close time.busy=40.2µs time.idle=131ns
2026-10-07T19:58:56.393505Z  INFO falcon_algebraic:prove:falcon_algebraic:arithmetic:falcon_algebraic:norm:spartan:round_grinding_prove: bitz::sumcheck::boundary: close time.busy=44.1µs time.idle=180ns
2026-10-07T19:58:56.396039Z  INFO falcon_algebraic:prove:falcon_algebraic:arithmetic:falcon_algebraic:norm:spartan:round_grinding_prove:spartan:grinding{bits=14}: bitz::piop::spartan::grinding: close time.busy=19.8µs time.idle=110ns
2026-10-07T19:58:56.396040Z  INFO falcon_algebraic:prove:falcon_algebraic:arithmetic:falcon_algebraic:norm:spartan:round_grinding_prove: bitz::sumcheck::boundary: close time.busy=22.5µs time.idle=130ns
2026-10-07T19:58:56.397427Z  INFO falcon_algebraic:prove:falcon_algebraic:arithmetic:falcon_algebraic:norm:spartan:round_grinding_prove:spartan:grinding{bits=14}: bitz::piop::spartan::grinding: close time.busy=111µs time.idle=110ns
2026-10-07T19:58:56.397428Z  INFO falcon_algebraic:prove:falcon_algebraic:arithmetic:falcon_algebraic:norm:spartan:round_grinding_prove: bitz::sumcheck::boundary: close time.busy=113µs time.idle=121ns
2026-10-07T19:58:56.398076Z  INFO falcon_algebraic:prove:falcon_algebraic:arithmetic:falcon_algebraic:norm:spartan:round_grinding_prove:spartan:grinding{bits=14}: bitz::piop::spartan::grinding: close time.busy=12.3µs time.idle=111ns
2026-10-07T19:58:56.398081Z  INFO falcon_algebraic:prove:falcon_algebraic:arithmetic:falcon_algebraic:norm:spartan:round_grinding_prove: bitz::sumcheck::boundary: close time.busy=17.6µs time.idle=130ns
2026-10-07T19:58:56.398444Z  INFO falcon_algebraic:prove:falcon_algebraic:arithmetic:falcon_algebraic:norm:spartan:round_grinding_prove:spartan:grinding{bits=14}: bitz::piop::spartan::grinding: close time.busy=44.3µs time.idle=130ns
2026-10-07T19:58:56.398446Z  INFO falcon_algebraic:prove:falcon_algebraic:arithmetic:falcon_algebraic:norm:spartan:round_grinding_prove: bitz::sumcheck::boundary: close time.busy=46.4µs time.idle=171ns
2026-10-07T19:58:56.398625Z  INFO falcon_algebraic:prove:falcon_algebraic:arithmetic:falcon_algebraic:norm:spartan:round_grinding_prove:spartan:grinding{bits=14}: bitz::piop::spartan::grinding: close time.busy=15.7µs time.idle=120ns
2026-10-07T19:58:56.398627Z  INFO falcon_algebraic:prove:falcon_algebraic:arithmetic:falcon_algebraic:norm:spartan:round_grinding_prove: bitz::sumcheck::boundary: close time.busy=18.1µs time.idle=110ns
2026-10-07T19:58:56.398718Z  INFO falcon_algebraic:prove:falcon_algebraic:arithmetic:falcon_algebraic:norm:spartan:round_grinding_prove:spartan:grinding{bits=14}: bitz::piop::spartan::grinding: close time.busy=6.15µs time.idle=120ns
2026-10-07T19:58:56.398719Z  INFO falcon_algebraic:prove:falcon_algebraic:arithmetic:falcon_algebraic:norm:spartan:round_grinding_prove: bitz::sumcheck::boundary: close time.busy=8.33µs time.idle=110ns
2026-10-07T19:58:56.398829Z  INFO falcon_algebraic:prove:falcon_algebraic:arithmetic:falcon_algebraic:norm:spartan:round_grinding_prove:spartan:grinding{bits=14}: bitz::piop::spartan::grinding: close time.busy=60.8µs time.idle=110ns
2026-10-07T19:58:56.398830Z  INFO falcon_algebraic:prove:falcon_algebraic:arithmetic:falcon_algebraic:norm:spartan:round_grinding_prove: bitz::sumcheck::boundary: close time.busy=62.8µs time.idle=120ns
2026-10-07T19:58:56.398865Z  INFO falcon_algebraic:prove:falcon_algebraic:arithmetic:falcon_algebraic:norm:spartan:round_grinding_prove:spartan:grinding{bits=14}: bitz::piop::spartan::grinding: close time.busy=5.93µs time.idle=111ns
2026-10-07T19:58:56.398866Z  INFO falcon_algebraic:prove:falcon_algebraic:arithmetic:falcon_algebraic:norm:spartan:round_grinding_prove: bitz::sumcheck::boundary: close time.busy=8.07µs time.idle=110ns
2026-10-07T19:58:56.398918Z  INFO falcon_algebraic:prove:falcon_algebraic:arithmetic:falcon_algebraic:norm:spartan:round_grinding_prove:spartan:grinding{bits=14}: bitz::piop::spartan::grinding: close time.busy=34.0µs time.idle=120ns
2026-10-07T19:58:56.398919Z  INFO falcon_algebraic:prove:falcon_algebraic:arithmetic:falcon_algebraic:norm:spartan:round_grinding_prove: bitz::sumcheck::boundary: close time.busy=36.1µs time.idle=110ns
2026-10-07T19:58:56.398945Z  INFO falcon_algebraic:prove:falcon_algebraic:arithmetic:falcon_algebraic:norm:spartan:round_grinding_prove:spartan:grinding{bits=14}: bitz::piop::spartan::grinding: close time.busy=13.5µs time.idle=110ns
2026-10-07T19:58:56.398947Z  INFO falcon_algebraic:prove:falcon_algebraic:arithmetic:falcon_algebraic:norm:spartan:round_grinding_prove: bitz::sumcheck::boundary: close time.busy=15.6µs time.idle=120ns
2026-10-07T19:58:56.398971Z  INFO falcon_algebraic:prove:falcon_algebraic:arithmetic:falcon_algebraic:norm:spartan:round_grinding_prove:spartan:grinding{bits=14}: bitz::piop::spartan::grinding: close time.busy=12.7µs time.idle=110ns
2026-10-07T19:58:56.398973Z  INFO falcon_algebraic:prove:falcon_algebraic:arithmetic:falcon_algebraic:norm:spartan:round_grinding_prove: bitz::sumcheck::boundary: close time.busy=14.8µs time.idle=110ns
2026-10-07T19:58:56.398991Z  INFO falcon_algebraic:prove:falcon_algebraic:arithmetic:falcon_algebraic:norm:spartan:round_grinding_prove:spartan:grinding{bits=14}: bitz::piop::spartan::grinding: close time.busy=8.08µs time.idle=120ns
2026-10-07T19:58:56.398992Z  INFO falcon_algebraic:prove:falcon_algebraic:arithmetic:falcon_algebraic:norm:spartan:round_grinding_prove: bitz::sumcheck::boundary: close time.busy=10.0µs time.idle=120ns
2026-10-07T19:58:56.399048Z  INFO falcon_algebraic:prove:falcon_algebraic:arithmetic:falcon_algebraic:norm:spartan:round_grinding_prove:spartan:grinding{bits=14}: bitz::piop::spartan::grinding: close time.busy=45.9µs time.idle=110ns
2026-10-07T19:58:56.399050Z  INFO falcon_algebraic:prove:falcon_algebraic:arithmetic:falcon_algebraic:norm:spartan:round_grinding_prove: bitz::sumcheck::boundary: close time.busy=48.0µs time.idle=120ns
2026-10-07T19:58:56.399100Z  INFO falcon_algebraic:prove:falcon_algebraic:arithmetic:falcon_algebraic:norm:spartan:round_grinding_prove:spartan:grinding{bits=14}: bitz::piop::spartan::grinding: close time.busy=42.0µs time.idle=120ns
2026-10-07T19:58:56.399102Z  INFO falcon_algebraic:prove:falcon_algebraic:arithmetic:falcon_algebraic:norm:spartan:round_grinding_prove: bitz::sumcheck::boundary: close time.busy=44.3µs time.idle=110ns
2026-10-07T19:58:56.399121Z  INFO falcon_algebraic:prove:falcon_algebraic:arithmetic:falcon_algebraic:norm:spartan:round_grinding_prove:spartan:grinding{bits=14}: bitz::piop::spartan::grinding: close time.busy=9.76µs time.idle=110ns
2026-10-07T19:58:56.399122Z  INFO falcon_algebraic:prove:falcon_algebraic:arithmetic:falcon_algebraic:norm:spartan:round_grinding_prove: bitz::sumcheck::boundary: close time.busy=11.8µs time.idle=110ns
2026-10-07T19:58:56.399166Z  INFO falcon_algebraic:prove:falcon_algebraic:arithmetic:falcon_algebraic:norm:spartan:round_grinding_prove:spartan:grinding{bits=14}: bitz::piop::spartan::grinding: close time.busy=35.3µs time.idle=120ns
2026-10-07T19:58:56.399167Z  INFO falcon_algebraic:prove:falcon_algebraic:arithmetic:falcon_algebraic:norm:spartan:round_grinding_prove: bitz::sumcheck::boundary: close time.busy=37.4µs time.idle=121ns
2026-10-07T19:58:56.399176Z  INFO falcon_algebraic:prove:falcon_algebraic:arithmetic:falcon_algebraic:norm: bitz::piop::spartan::falcon512_algebraic::arithmetic: close time.busy=54.7ms time.idle=240ns
2026-10-07T19:58:56.399179Z  INFO falcon_algebraic:prove:falcon_algebraic:arithmetic:falcon_algebraic:binding:spartan:grinding{bits=10}: bitz::piop::spartan::grinding: close time.busy=831ns time.idle=110ns
2026-10-07T19:58:56.445689Z  INFO falcon_algebraic:prove:falcon_algebraic:arithmetic:falcon_algebraic:binding:inner_packed:prefix_accumulators: bitz::sumcheck::inner::packed::state: close time.busy=37.3ms time.idle=181ns
2026-10-07T19:58:56.445700Z  INFO falcon_algebraic:prove:falcon_algebraic:arithmetic:falcon_algebraic:binding:spartan:round_grinding_prove:spartan:grinding{bits=13}: bitz::piop::spartan::grinding: close time.busy=5.01µs time.idle=110ns
2026-10-07T19:58:56.445701Z  INFO falcon_algebraic:prove:falcon_algebraic:arithmetic:falcon_algebraic:binding:spartan:round_grinding_prove: bitz::sumcheck::boundary: close time.busy=7.73µs time.idle=161ns
2026-10-07T19:58:56.445727Z  INFO falcon_algebraic:prove:falcon_algebraic:arithmetic:falcon_algebraic:binding:spartan:round_grinding_prove:spartan:grinding{bits=13}: bitz::piop::spartan::grinding: close time.busy=18.8µs time.idle=111ns
2026-10-07T19:58:56.445729Z  INFO falcon_algebraic:prove:falcon_algebraic:arithmetic:falcon_algebraic:binding:spartan:round_grinding_prove: bitz::sumcheck::boundary: close time.busy=21.0µs time.idle=120ns
2026-10-07T19:58:56.445741Z  INFO falcon_algebraic:prove:falcon_algebraic:arithmetic:falcon_algebraic:binding:spartan:round_grinding_prove:spartan:grinding{bits=13}: bitz::piop::spartan::grinding: close time.busy=7.43µs time.idle=110ns
2026-10-07T19:58:56.445742Z  INFO falcon_algebraic:prove:falcon_algebraic:arithmetic:falcon_algebraic:binding:spartan:round_grinding_prove: bitz::sumcheck::boundary: close time.busy=9.53µs time.idle=120ns
2026-10-07T19:58:56.487579Z  INFO falcon_algebraic:prove:falcon_algebraic:arithmetic:falcon_algebraic:binding:inner_packed:prepare_tail: bitz::sumcheck::inner::packed::state: close time.busy=41.8ms time.idle=161ns
2026-10-07T19:58:56.487600Z  INFO falcon_algebraic:prove:falcon_algebraic:arithmetic:falcon_algebraic:binding:spartan:round_grinding_prove:spartan:grinding{bits=13}: bitz::piop::spartan::grinding: close time.busy=15.9µs time.idle=140ns
2026-10-07T19:58:56.487602Z  INFO falcon_algebraic:prove:falcon_algebraic:arithmetic:falcon_algebraic:binding:spartan:round_grinding_prove: bitz::sumcheck::boundary: close time.busy=18.4µs time.idle=120ns
2026-10-07T19:58:56.510888Z  INFO falcon_algebraic:prove:falcon_algebraic:arithmetic:falcon_algebraic:binding:inner_packed:fold_tail{round=3}: bitz::sumcheck::inner::packed::state: close time.busy=23.3ms time.idle=140ns
2026-10-07T19:58:56.510926Z  INFO falcon_algebraic:prove:falcon_algebraic:arithmetic:falcon_algebraic:binding:spartan:round_grinding_prove:spartan:grinding{bits=13}: bitz::piop::spartan::grinding: close time.busy=34.8µs time.idle=120ns
2026-10-07T19:58:56.510927Z  INFO falcon_algebraic:prove:falcon_algebraic:arithmetic:falcon_algebraic:binding:spartan:round_grinding_prove: bitz::sumcheck::boundary: close time.busy=37.5µs time.idle=130ns
2026-10-07T19:58:56.520771Z  INFO falcon_algebraic:prove:falcon_algebraic:arithmetic:falcon_algebraic:binding:inner_packed:fold_tail{round=4}: bitz::sumcheck::inner::packed::state: close time.busy=9.84ms time.idle=121ns
2026-10-07T19:58:56.520795Z  INFO falcon_algebraic:prove:falcon_algebraic:arithmetic:falcon_algebraic:binding:spartan:round_grinding_prove:spartan:grinding{bits=13}: bitz::piop::spartan::grinding: close time.busy=20.3µs time.idle=110ns
2026-10-07T19:58:56.520796Z  INFO falcon_algebraic:prove:falcon_algebraic:arithmetic:falcon_algebraic:binding:spartan:round_grinding_prove: bitz::sumcheck::boundary: close time.busy=22.8µs time.idle=120ns
2026-10-07T19:58:56.525753Z  INFO falcon_algebraic:prove:falcon_algebraic:arithmetic:falcon_algebraic:binding:inner_packed:fold_tail{round=5}: bitz::sumcheck::inner::packed::state: close time.busy=4.95ms time.idle=100ns
2026-10-07T19:58:56.525780Z  INFO falcon_algebraic:prove:falcon_algebraic:arithmetic:falcon_algebraic:binding:spartan:round_grinding_prove:spartan:grinding{bits=13}: bitz::piop::spartan::grinding: close time.busy=25.3µs time.idle=111ns
2026-10-07T19:58:56.525782Z  INFO falcon_algebraic:prove:falcon_algebraic:arithmetic:falcon_algebraic:binding:spartan:round_grinding_prove: bitz::sumcheck::boundary: close time.busy=27.4µs time.idle=110ns
2026-10-07T19:58:56.528817Z  INFO falcon_algebraic:prove:falcon_algebraic:arithmetic:falcon_algebraic:binding:inner_packed:fold_tail{round=6}: bitz::sumcheck::inner::packed::state: close time.busy=3.03ms time.idle=130ns
2026-10-07T19:58:56.528857Z  INFO falcon_algebraic:prove:falcon_algebraic:arithmetic:falcon_algebraic:binding:spartan:round_grinding_prove:spartan:grinding{bits=13}: bitz::piop::spartan::grinding: close time.busy=37.6µs time.idle=111ns
2026-10-07T19:58:56.528859Z  INFO falcon_algebraic:prove:falcon_algebraic:arithmetic:falcon_algebraic:binding:spartan:round_grinding_prove: bitz::sumcheck::boundary: close time.busy=39.8µs time.idle=110ns
2026-10-07T19:58:56.530120Z  INFO falcon_algebraic:prove:falcon_algebraic:arithmetic:falcon_algebraic:binding:inner_packed:fold_tail{round=7}: bitz::sumcheck::inner::packed::state: close time.busy=1.26ms time.idle=111ns
2026-10-07T19:58:56.530186Z  INFO falcon_algebraic:prove:falcon_algebraic:arithmetic:falcon_algebraic:binding:spartan:round_grinding_prove:spartan:grinding{bits=13}: bitz::piop::spartan::grinding: close time.busy=63.1µs time.idle=120ns
2026-10-07T19:58:56.530188Z  INFO falcon_algebraic:prove:falcon_algebraic:arithmetic:falcon_algebraic:binding:spartan:round_grinding_prove: bitz::sumcheck::boundary: close time.busy=65.6µs time.idle=121ns
2026-10-07T19:58:56.530835Z  INFO falcon_algebraic:prove:falcon_algebraic:arithmetic:falcon_algebraic:binding:inner_packed:fold_tail{round=8}: bitz::sumcheck::inner::packed::state: close time.busy=641µs time.idle=100ns
2026-10-07T19:58:56.530859Z  INFO falcon_algebraic:prove:falcon_algebraic:arithmetic:falcon_algebraic:binding:spartan:round_grinding_prove:spartan:grinding{bits=13}: bitz::piop::spartan::grinding: close time.busy=21.1µs time.idle=110ns
2026-10-07T19:58:56.530861Z  INFO falcon_algebraic:prove:falcon_algebraic:arithmetic:falcon_algebraic:binding:spartan:round_grinding_prove: bitz::sumcheck::boundary: close time.busy=24.6µs time.idle=100ns
2026-10-07T19:58:56.531197Z  INFO falcon_algebraic:prove:falcon_algebraic:arithmetic:falcon_algebraic:binding:inner_packed:fold_tail{round=9}: bitz::sumcheck::inner::packed::state: close time.busy=333µs time.idle=120ns
2026-10-07T19:58:56.531256Z  INFO falcon_algebraic:prove:falcon_algebraic:arithmetic:falcon_algebraic:binding:spartan:round_grinding_prove:spartan:grinding{bits=13}: bitz::piop::spartan::grinding: close time.busy=57.1µs time.idle=110ns
2026-10-07T19:58:56.531258Z  INFO falcon_algebraic:prove:falcon_algebraic:arithmetic:falcon_algebraic:binding:spartan:round_grinding_prove: bitz::sumcheck::boundary: close time.busy=59.3µs time.idle=110ns
2026-10-07T19:58:56.531430Z  INFO falcon_algebraic:prove:falcon_algebraic:arithmetic:falcon_algebraic:binding:inner_packed:fold_tail{round=10}: bitz::sumcheck::inner::packed::state: close time.busy=170µs time.idle=110ns
2026-10-07T19:58:56.531463Z  INFO falcon_algebraic:prove:falcon_algebraic:arithmetic:falcon_algebraic:binding:spartan:round_grinding_prove:spartan:grinding{bits=13}: bitz::piop::spartan::grinding: close time.busy=30.9µs time.idle=130ns
2026-10-07T19:58:56.531464Z  INFO falcon_algebraic:prove:falcon_algebraic:arithmetic:falcon_algebraic:binding:spartan:round_grinding_prove: bitz::sumcheck::boundary: close time.busy=33.1µs time.idle=100ns
2026-10-07T19:58:56.531554Z  INFO falcon_algebraic:prove:falcon_algebraic:arithmetic:falcon_algebraic:binding:inner_packed:fold_tail{round=11}: bitz::sumcheck::inner::packed::state: close time.busy=87.0µs time.idle=110ns
2026-10-07T19:58:56.531588Z  INFO falcon_algebraic:prove:falcon_algebraic:arithmetic:falcon_algebraic:binding:spartan:round_grinding_prove:spartan:grinding{bits=13}: bitz::piop::spartan::grinding: close time.busy=31.5µs time.idle=110ns
2026-10-07T19:58:56.531589Z  INFO falcon_algebraic:prove:falcon_algebraic:arithmetic:falcon_algebraic:binding:spartan:round_grinding_prove: bitz::sumcheck::boundary: close time.busy=33.6µs time.idle=110ns
2026-10-07T19:58:56.531637Z  INFO falcon_algebraic:prove:falcon_algebraic:arithmetic:falcon_algebraic:binding:inner_packed:fold_tail{round=12}: bitz::sumcheck::inner::packed::state: close time.busy=44.1µs time.idle=111ns
2026-10-07T19:58:56.531681Z  INFO falcon_algebraic:prove:falcon_algebraic:arithmetic:falcon_algebraic:binding:spartan:round_grinding_prove:spartan:grinding{bits=13}: bitz::piop::spartan::grinding: close time.busy=41.5µs time.idle=110ns
2026-10-07T19:58:56.531682Z  INFO falcon_algebraic:prove:falcon_algebraic:arithmetic:falcon_algebraic:binding:spartan:round_grinding_prove: bitz::sumcheck::boundary: close time.busy=43.7µs time.idle=110ns
2026-10-07T19:58:56.531708Z  INFO falcon_algebraic:prove:falcon_algebraic:arithmetic:falcon_algebraic:binding:inner_packed:fold_tail{round=13}: bitz::sumcheck::inner::packed::state: close time.busy=22.2µs time.idle=100ns
2026-10-07T19:58:56.531768Z  INFO falcon_algebraic:prove:falcon_algebraic:arithmetic:falcon_algebraic:binding:spartan:round_grinding_prove:spartan:grinding{bits=13}: bitz::piop::spartan::grinding: close time.busy=57.3µs time.idle=121ns
2026-10-07T19:58:56.531769Z  INFO falcon_algebraic:prove:falcon_algebraic:arithmetic:falcon_algebraic:binding:spartan:round_grinding_prove: bitz::sumcheck::boundary: close time.busy=59.5µs time.idle=110ns
2026-10-07T19:58:56.531782Z  INFO falcon_algebraic:prove:falcon_algebraic:arithmetic:falcon_algebraic:binding:inner_packed:fold_tail{round=14}: bitz::sumcheck::inner::packed::state: close time.busy=11.1µs time.idle=130ns
2026-10-07T19:58:56.531819Z  INFO falcon_algebraic:prove:falcon_algebraic:arithmetic:falcon_algebraic:binding:spartan:round_grinding_prove:spartan:grinding{bits=13}: bitz::piop::spartan::grinding: close time.busy=34.4µs time.idle=120ns
2026-10-07T19:58:56.531821Z  INFO falcon_algebraic:prove:falcon_algebraic:arithmetic:falcon_algebraic:binding:spartan:round_grinding_prove: bitz::sumcheck::boundary: close time.busy=37.0µs time.idle=110ns
2026-10-07T19:58:56.531829Z  INFO falcon_algebraic:prove:falcon_algebraic:arithmetic:falcon_algebraic:binding:inner_packed:fold_tail{round=15}: bitz::sumcheck::inner::packed::state: close time.busy=5.38µs time.idle=130ns
2026-10-07T19:58:56.531846Z  INFO falcon_algebraic:prove:falcon_algebraic:arithmetic:falcon_algebraic:binding:spartan:round_grinding_prove:spartan:grinding{bits=13}: bitz::piop::spartan::grinding: close time.busy=14.7µs time.idle=120ns
2026-10-07T19:58:56.531847Z  INFO falcon_algebraic:prove:falcon_algebraic:arithmetic:falcon_algebraic:binding:spartan:round_grinding_prove: bitz::sumcheck::boundary: close time.busy=16.9µs time.idle=110ns
2026-10-07T19:58:56.531852Z  INFO falcon_algebraic:prove:falcon_algebraic:arithmetic:falcon_algebraic:binding:inner_packed:fold_tail{round=16}: bitz::sumcheck::inner::packed::state: close time.busy=2.69µs time.idle=120ns
2026-10-07T19:58:56.531871Z  INFO falcon_algebraic:prove:falcon_algebraic:arithmetic:falcon_algebraic:binding:spartan:round_grinding_prove:spartan:grinding{bits=13}: bitz::piop::spartan::grinding: close time.busy=16.7µs time.idle=120ns
2026-10-07T19:58:56.531873Z  INFO falcon_algebraic:prove:falcon_algebraic:arithmetic:falcon_algebraic:binding:spartan:round_grinding_prove: bitz::sumcheck::boundary: close time.busy=18.9µs time.idle=110ns
2026-10-07T19:58:56.531879Z  INFO falcon_algebraic:prove:falcon_algebraic:arithmetic:falcon_algebraic:binding:inner_packed:fold_tail{round=17}: bitz::sumcheck::inner::packed::state: close time.busy=1.40µs time.idle=100ns
2026-10-07T19:58:56.531898Z  INFO falcon_algebraic:prove:falcon_algebraic:arithmetic:falcon_algebraic:binding:spartan:round_grinding_prove:spartan:grinding{bits=13}: bitz::piop::spartan::grinding: close time.busy=17.1µs time.idle=110ns
2026-10-07T19:58:56.531900Z  INFO falcon_algebraic:prove:falcon_algebraic:arithmetic:falcon_algebraic:binding:spartan:round_grinding_prove: bitz::sumcheck::boundary: close time.busy=19.4µs time.idle=110ns
2026-10-07T19:58:56.531902Z  INFO falcon_algebraic:prove:falcon_algebraic:arithmetic:falcon_algebraic:binding:inner_packed:fold_tail{round=18}: bitz::sumcheck::inner::packed::state: close time.busy=741ns time.idle=110ns
2026-10-07T19:58:56.531911Z  INFO falcon_algebraic:prove:falcon_algebraic:arithmetic:falcon_algebraic:binding:spartan:round_grinding_prove:spartan:grinding{bits=13}: bitz::piop::spartan::grinding: close time.busy=6.65µs time.idle=110ns
2026-10-07T19:58:56.531912Z  INFO falcon_algebraic:prove:falcon_algebraic:arithmetic:falcon_algebraic:binding:spartan:round_grinding_prove: bitz::sumcheck::boundary: close time.busy=8.51µs time.idle=110ns
2026-10-07T19:58:56.531914Z  INFO falcon_algebraic:prove:falcon_algebraic:arithmetic:falcon_algebraic:binding:inner_packed:fold_tail{round=19}: bitz::sumcheck::inner::packed::state: close time.busy=441ns time.idle=100ns
2026-10-07T19:58:56.531983Z  INFO falcon_algebraic:prove:falcon_algebraic:arithmetic:falcon_algebraic:binding:spartan:round_grinding_prove:spartan:grinding{bits=13}: bitz::piop::spartan::grinding: close time.busy=66.6µs time.idle=111ns
2026-10-07T19:58:56.531984Z  INFO falcon_algebraic:prove:falcon_algebraic:arithmetic:falcon_algebraic:binding:spartan:round_grinding_prove: bitz::sumcheck::boundary: close time.busy=68.5µs time.idle=120ns
2026-10-07T19:58:56.531986Z  INFO falcon_algebraic:prove:falcon_algebraic:arithmetic:falcon_algebraic:binding:inner_packed:fold_tail{round=20}: bitz::sumcheck::inner::packed::state: close time.busy=271ns time.idle=110ns
2026-10-07T19:58:56.531994Z  INFO falcon_algebraic:prove:falcon_algebraic:arithmetic:falcon_algebraic:binding:spartan:round_grinding_prove:spartan:grinding{bits=13}: bitz::piop::spartan::grinding: close time.busy=5.37µs time.idle=110ns
2026-10-07T19:58:56.531995Z  INFO falcon_algebraic:prove:falcon_algebraic:arithmetic:falcon_algebraic:binding:spartan:round_grinding_prove: bitz::sumcheck::boundary: close time.busy=7.24µs time.idle=111ns
2026-10-07T19:58:56.531998Z  INFO falcon_algebraic:prove:falcon_algebraic:arithmetic:falcon_algebraic:binding:inner_packed:fold_tail{round=21}: bitz::sumcheck::inner::packed::state: close time.busy=180ns time.idle=110ns
2026-10-07T19:58:56.532048Z  INFO falcon_algebraic:prove:falcon_algebraic:arithmetic:falcon_algebraic:binding:spartan:round_grinding_prove:spartan:grinding{bits=13}: bitz::piop::spartan::grinding: close time.busy=48.2µs time.idle=110ns
2026-10-07T19:58:56.532050Z  INFO falcon_algebraic:prove:falcon_algebraic:arithmetic:falcon_algebraic:binding:spartan:round_grinding_prove: bitz::sumcheck::boundary: close time.busy=50.2µs time.idle=110ns
2026-10-07T19:58:56.532052Z  INFO falcon_algebraic:prove:falcon_algebraic:arithmetic:falcon_algebraic:binding:inner_packed:fold_tail{round=22}: bitz::sumcheck::inner::packed::state: close time.busy=140ns time.idle=130ns
2026-10-07T19:58:56.532062Z  INFO falcon_algebraic:prove:falcon_algebraic:arithmetic:falcon_algebraic:binding:spartan:round_grinding_prove:spartan:grinding{bits=13}: bitz::piop::spartan::grinding: close time.busy=8.41µs time.idle=110ns
2026-10-07T19:58:56.532063Z  INFO falcon_algebraic:prove:falcon_algebraic:arithmetic:falcon_algebraic:binding:spartan:round_grinding_prove: bitz::sumcheck::boundary: close time.busy=10.3µs time.idle=110ns
2026-10-07T19:58:56.532065Z  INFO falcon_algebraic:prove:falcon_algebraic:arithmetic:falcon_algebraic:binding:inner_packed:fold_tail{round=23}: bitz::sumcheck::inner::packed::state: close time.busy=210ns time.idle=100ns
2026-10-07T19:58:56.538755Z  INFO falcon_algebraic:prove:falcon_algebraic:arithmetic:falcon_algebraic:binding: bitz::piop::spartan::falcon512_algebraic::arithmetic: close time.busy=140ms time.idle=150ns
2026-10-07T19:58:56.538758Z  INFO falcon_algebraic:prove:falcon_algebraic:arithmetic: bitz::piop::spartan::falcon512_algebraic::protocol: close time.busy=194ms time.idle=210ns
2026-10-07T19:58:56.541437Z  INFO falcon_algebraic:prove:falcon_algebraic:bitz:falcon_bridge:integer_folds: bitz::hybrid::integer_bridge: close time.busy=2.64ms time.idle=160ns
2026-10-07T19:58:56.542494Z  INFO falcon_algebraic:prove:falcon_algebraic:bitz:falcon_bridge:column_packing: bitz::hybrid::integer_bridge: close time.busy=859µs time.idle=170ns
2026-10-07T19:58:56.542893Z  INFO falcon_algebraic:prove:falcon_algebraic:bitz:falcon_bridge:power_tables: bitz::hybrid::integer_bridge: close time.busy=357µs time.idle=151ns
2026-10-07T19:58:56.542905Z  INFO falcon_algebraic:prove:falcon_algebraic:bitz:spartan:grinding{bits=14}: bitz::piop::spartan::grinding: close time.busy=9.37µs time.idle=111ns
2026-10-07T19:58:56.551343Z  INFO falcon_algebraic:prove:falcon_algebraic:bitz:falcon_bridge:wfbitz_forest:spartan:grinding{bits=14}: bitz::piop::spartan::grinding: close time.busy=40.7µs time.idle=250ns
2026-10-07T19:58:56.551519Z  INFO falcon_algebraic:prove:falcon_algebraic:bitz:falcon_bridge:wfbitz_forest:spartan:grinding{bits=14}: bitz::piop::spartan::grinding: close time.busy=163µs time.idle=110ns
2026-10-07T19:58:56.551577Z  INFO falcon_algebraic:prove:falcon_algebraic:bitz:falcon_bridge:wfbitz_forest:spartan:grinding{bits=14}: bitz::piop::spartan::grinding: close time.busy=52.8µs time.idle=110ns
2026-10-07T19:58:56.551615Z  INFO falcon_algebraic:prove:falcon_algebraic:bitz:falcon_bridge:wfbitz_forest:spartan:grinding{bits=14}: bitz::piop::spartan::grinding: close time.busy=33.8µs time.idle=110ns
2026-10-07T19:58:56.551775Z  INFO falcon_algebraic:prove:falcon_algebraic:bitz:falcon_bridge:wfbitz_forest:spartan:grinding{bits=14}: bitz::piop::spartan::grinding: close time.busy=156µs time.idle=110ns
2026-10-07T19:58:56.551983Z  INFO falcon_algebraic:prove:falcon_algebraic:bitz:falcon_bridge:wfbitz_forest:spartan:grinding{bits=14}: bitz::piop::spartan::grinding: close time.busy=204µs time.idle=111ns
2026-10-07T19:58:56.552068Z  INFO falcon_algebraic:prove:falcon_algebraic:bitz:falcon_bridge:wfbitz_forest:spartan:grinding{bits=14}: bitz::piop::spartan::grinding: close time.busy=82.2µs time.idle=110ns
2026-10-07T19:58:56.552103Z  INFO falcon_algebraic:prove:falcon_algebraic:bitz:falcon_bridge:wfbitz_forest:spartan:grinding{bits=14}: bitz::piop::spartan::grinding: close time.busy=30.7µs time.idle=110ns
2026-10-07T19:58:56.552110Z  INFO falcon_algebraic:prove:falcon_algebraic:bitz:falcon_bridge:wfbitz_forest:spartan:grinding{bits=14}: bitz::piop::spartan::grinding: close time.busy=4.34µs time.idle=130ns
2026-10-07T19:58:56.552119Z  INFO falcon_algebraic:prove:falcon_algebraic:bitz:falcon_bridge:wfbitz_forest:spartan:grinding{bits=14}: bitz::piop::spartan::grinding: close time.busy=5.54µs time.idle=110ns
2026-10-07T19:58:56.552209Z  INFO falcon_algebraic:prove:falcon_algebraic:bitz:falcon_bridge:wfbitz_forest:spartan:grinding{bits=14}: bitz::piop::spartan::grinding: close time.busy=87.2µs time.idle=110ns
2026-10-07T19:58:56.552248Z  INFO falcon_algebraic:prove:falcon_algebraic:bitz:falcon_bridge:wfbitz_forest:spartan:grinding{bits=14}: bitz::piop::spartan::grinding: close time.busy=36.3µs time.idle=131ns
2026-10-07T19:58:56.552316Z  INFO falcon_algebraic:prove:falcon_algebraic:bitz:falcon_bridge:wfbitz_forest:spartan:grinding{bits=14}: bitz::piop::spartan::grinding: close time.busy=64.7µs time.idle=110ns
2026-10-07T19:58:56.552399Z  INFO falcon_algebraic:prove:falcon_algebraic:bitz:falcon_bridge:wfbitz_forest:spartan:grinding{bits=14}: bitz::piop::spartan::grinding: close time.busy=66.0µs time.idle=112ns
2026-10-07T19:58:56.552463Z  INFO falcon_algebraic:prove:falcon_algebraic:bitz:falcon_bridge:wfbitz_forest:spartan:grinding{bits=14}: bitz::piop::spartan::grinding: close time.busy=54.5µs time.idle=111ns
2026-10-07T19:58:56.552533Z  INFO falcon_algebraic:prove:falcon_algebraic:bitz:falcon_bridge:wfbitz_forest:spartan:grinding{bits=14}: bitz::piop::spartan::grinding: close time.busy=61.8µs time.idle=120ns
2026-10-07T19:58:56.552677Z  INFO falcon_algebraic:prove:falcon_algebraic:bitz:falcon_bridge:wfbitz_forest:spartan:grinding{bits=14}: bitz::piop::spartan::grinding: close time.busy=138µs time.idle=130ns
2026-10-07T19:58:56.552721Z  INFO falcon_algebraic:prove:falcon_algebraic:bitz:falcon_bridge:wfbitz_forest:spartan:grinding{bits=14}: bitz::piop::spartan::grinding: close time.busy=39.8µs time.idle=120ns
2026-10-07T19:58:56.552729Z  INFO falcon_algebraic:prove:falcon_algebraic:bitz:falcon_bridge:wfbitz_forest:spartan:grinding{bits=14}: bitz::piop::spartan::grinding: close time.busy=4.28µs time.idle=121ns
2026-10-07T19:58:56.552797Z  INFO falcon_algebraic:prove:falcon_algebraic:bitz:falcon_bridge:wfbitz_forest:spartan:grinding{bits=14}: bitz::piop::spartan::grinding: close time.busy=64.9µs time.idle=120ns
2026-10-07T19:58:56.552822Z  INFO falcon_algebraic:prove:falcon_algebraic:bitz:falcon_bridge:wfbitz_forest:spartan:grinding{bits=14}: bitz::piop::spartan::grinding: close time.busy=22.8µs time.idle=110ns
2026-10-07T19:58:56.552836Z  INFO falcon_algebraic:prove:falcon_algebraic:bitz:falcon_bridge:wfbitz_forest:spartan:grinding{bits=14}: bitz::piop::spartan::grinding: close time.busy=11.3µs time.idle=120ns
2026-10-07T19:58:56.552865Z  INFO falcon_algebraic:prove:falcon_algebraic:bitz:falcon_bridge:wfbitz_forest:spartan:grinding{bits=14}: bitz::piop::spartan::grinding: close time.busy=25.4µs time.idle=120ns
2026-10-07T19:58:56.552877Z  INFO falcon_algebraic:prove:falcon_algebraic:bitz:falcon_bridge:wfbitz_forest:spartan:grinding{bits=14}: bitz::piop::spartan::grinding: close time.busy=9.64µs time.idle=120ns
2026-10-07T19:58:56.552896Z  INFO falcon_algebraic:prove:falcon_algebraic:bitz:falcon_bridge:wfbitz_forest:spartan:grinding{bits=14}: bitz::piop::spartan::grinding: close time.busy=16.4µs time.idle=110ns
2026-10-07T19:58:56.552952Z  INFO falcon_algebraic:prove:falcon_algebraic:bitz:falcon_bridge:wfbitz_forest:spartan:grinding{bits=14}: bitz::piop::spartan::grinding: close time.busy=53.0µs time.idle=120ns
2026-10-07T19:58:56.553005Z  INFO falcon_algebraic:prove:falcon_algebraic:bitz:falcon_bridge:wfbitz_forest:spartan:grinding{bits=14}: bitz::piop::spartan::grinding: close time.busy=50.2µs time.idle=110ns
2026-10-07T19:58:56.553132Z  INFO falcon_algebraic:prove:falcon_algebraic:bitz:falcon_bridge:wfbitz_forest:spartan:grinding{bits=14}: bitz::piop::spartan::grinding: close time.busy=103µs time.idle=121ns
2026-10-07T19:58:56.553162Z  INFO falcon_algebraic:prove:falcon_algebraic:bitz:falcon_bridge:wfbitz_forest:spartan:grinding{bits=14}: bitz::piop::spartan::grinding: close time.busy=8.30µs time.idle=110ns
2026-10-07T19:58:56.553193Z  INFO falcon_algebraic:prove:falcon_algebraic:bitz:falcon_bridge:wfbitz_forest:spartan:grinding{bits=14}: bitz::piop::spartan::grinding: close time.busy=23.5µs time.idle=131ns
2026-10-07T19:58:56.553220Z  INFO falcon_algebraic:prove:falcon_algebraic:bitz:falcon_bridge:wfbitz_forest:spartan:grinding{bits=14}: bitz::piop::spartan::grinding: close time.busy=10.1µs time.idle=110ns
2026-10-07T19:58:56.553309Z  INFO falcon_algebraic:prove:falcon_algebraic:bitz:falcon_bridge:wfbitz_forest:spartan:grinding{bits=14}: bitz::piop::spartan::grinding: close time.busy=83.3µs time.idle=110ns
2026-10-07T19:58:56.553364Z  INFO falcon_algebraic:prove:falcon_algebraic:bitz:falcon_bridge:wfbitz_forest:spartan:grinding{bits=14}: bitz::piop::spartan::grinding: close time.busy=51.0µs time.idle=121ns
2026-10-07T19:58:56.553374Z  INFO falcon_algebraic:prove:falcon_algebraic:bitz:falcon_bridge:wfbitz_forest:spartan:grinding{bits=14}: bitz::piop::spartan::grinding: close time.busy=6.43µs time.idle=120ns
2026-10-07T19:58:56.553444Z  INFO falcon_algebraic:prove:falcon_algebraic:bitz:falcon_bridge:wfbitz_forest:spartan:grinding{bits=14}: bitz::piop::spartan::grinding: close time.busy=66.6µs time.idle=110ns
2026-10-07T19:58:56.553534Z  INFO falcon_algebraic:prove:falcon_algebraic:bitz:falcon_bridge:wfbitz_forest:spartan:grinding{bits=14}: bitz::piop::spartan::grinding: close time.busy=86.7µs time.idle=120ns
2026-10-07T19:58:56.553545Z  INFO falcon_algebraic:prove:falcon_algebraic:bitz:falcon_bridge:wfbitz_forest:spartan:grinding{bits=14}: bitz::piop::spartan::grinding: close time.busy=8.09µs time.idle=110ns
2026-10-07T19:58:56.553584Z  INFO falcon_algebraic:prove:falcon_algebraic:bitz:falcon_bridge:wfbitz_forest:spartan:grinding{bits=14}: bitz::piop::spartan::grinding: close time.busy=35.7µs time.idle=120ns
2026-10-07T19:58:56.553634Z  INFO falcon_algebraic:prove:falcon_algebraic:bitz:falcon_bridge:wfbitz_forest:spartan:grinding{bits=14}: bitz::piop::spartan::grinding: close time.busy=47.7µs time.idle=120ns
2026-10-07T19:58:56.553685Z  INFO falcon_algebraic:prove:falcon_algebraic:bitz:falcon_bridge:wfbitz_forest:spartan:grinding{bits=14}: bitz::piop::spartan::grinding: close time.busy=47.4µs time.idle=110ns
2026-10-07T19:58:56.553698Z  INFO falcon_algebraic:prove:falcon_algebraic:bitz:falcon_bridge:wfbitz_forest:spartan:grinding{bits=14}: bitz::piop::spartan::grinding: close time.busy=10.3µs time.idle=110ns
2026-10-07T19:58:56.553721Z  INFO falcon_algebraic:prove:falcon_algebraic:bitz:falcon_bridge:wfbitz_forest:spartan:grinding{bits=14}: bitz::piop::spartan::grinding: close time.busy=21.0µs time.idle=120ns
2026-10-07T19:58:56.553921Z  INFO falcon_algebraic:prove:falcon_algebraic:bitz:falcon_bridge:wfbitz_forest:spartan:grinding{bits=14}: bitz::piop::spartan::grinding: close time.busy=163µs time.idle=121ns
2026-10-07T19:58:56.553969Z  INFO falcon_algebraic:prove:falcon_algebraic:bitz:falcon_bridge:wfbitz_forest:spartan:grinding{bits=14}: bitz::piop::spartan::grinding: close time.busy=11.4µs time.idle=120ns
2026-10-07T19:58:56.554057Z  INFO falcon_algebraic:prove:falcon_algebraic:bitz:falcon_bridge:wfbitz_forest:spartan:grinding{bits=14}: bitz::piop::spartan::grinding: close time.busy=70.9µs time.idle=120ns
2026-10-07T19:58:56.554083Z  INFO falcon_algebraic:prove:falcon_algebraic:bitz:falcon_bridge:wfbitz_forest:spartan:grinding{bits=14}: bitz::piop::spartan::grinding: close time.busy=18.3µs time.idle=131ns
2026-10-07T19:58:56.554209Z  INFO falcon_algebraic:prove:falcon_algebraic:bitz:falcon_bridge:wfbitz_forest:spartan:grinding{bits=14}: bitz::piop::spartan::grinding: close time.busy=110µs time.idle=110ns
2026-10-07T19:58:56.554231Z  INFO falcon_algebraic:prove:falcon_algebraic:bitz:falcon_bridge:wfbitz_forest:spartan:grinding{bits=14}: bitz::piop::spartan::grinding: close time.busy=15.6µs time.idle=110ns
2026-10-07T19:58:56.554250Z  INFO falcon_algebraic:prove:falcon_algebraic:bitz:falcon_bridge:wfbitz_forest:spartan:grinding{bits=14}: bitz::piop::spartan::grinding: close time.busy=14.6µs time.idle=121ns
2026-10-07T19:58:56.554336Z  INFO falcon_algebraic:prove:falcon_algebraic:bitz:falcon_bridge:wfbitz_forest:spartan:grinding{bits=14}: bitz::piop::spartan::grinding: close time.busy=83.0µs time.idle=110ns
2026-10-07T19:58:56.554392Z  INFO falcon_algebraic:prove:falcon_algebraic:bitz:falcon_bridge:wfbitz_forest:spartan:grinding{bits=14}: bitz::piop::spartan::grinding: close time.busy=52.7µs time.idle=120ns
2026-10-07T19:58:56.554433Z  INFO falcon_algebraic:prove:falcon_algebraic:bitz:falcon_bridge:wfbitz_forest:spartan:grinding{bits=14}: bitz::piop::spartan::grinding: close time.busy=38.2µs time.idle=110ns
2026-10-07T19:58:56.554469Z  INFO falcon_algebraic:prove:falcon_algebraic:bitz:falcon_bridge:wfbitz_forest:spartan:grinding{bits=14}: bitz::piop::spartan::grinding: close time.busy=32.4µs time.idle=120ns
2026-10-07T19:58:56.554480Z  INFO falcon_algebraic:prove:falcon_algebraic:bitz:falcon_bridge:wfbitz_forest:spartan:grinding{bits=14}: bitz::piop::spartan::grinding: close time.busy=7.95µs time.idle=110ns
2026-10-07T19:58:56.554511Z  INFO falcon_algebraic:prove:falcon_algebraic:bitz:falcon_bridge:wfbitz_forest:spartan:grinding{bits=14}: bitz::piop::spartan::grinding: close time.busy=28.1µs time.idle=120ns
2026-10-07T19:58:56.554667Z  INFO falcon_algebraic:prove:falcon_algebraic:bitz:falcon_bridge:wfbitz_forest:spartan:grinding{bits=14}: bitz::piop::spartan::grinding: close time.busy=154µs time.idle=122ns
2026-10-07T19:58:56.554691Z  INFO falcon_algebraic:prove:falcon_algebraic:bitz:falcon_bridge:wfbitz_forest:spartan:grinding{bits=14}: bitz::piop::spartan::grinding: close time.busy=21.2µs time.idle=120ns
2026-10-07T19:58:56.554761Z  INFO falcon_algebraic:prove:falcon_algebraic:bitz:falcon_bridge:wfbitz_forest:spartan:grinding{bits=14}: bitz::piop::spartan::grinding: close time.busy=67.1µs time.idle=110ns
2026-10-07T19:58:56.554849Z  INFO falcon_algebraic:prove:falcon_algebraic:bitz:falcon_bridge:wfbitz_forest:spartan:grinding{bits=14}: bitz::piop::spartan::grinding: close time.busy=25.4µs time.idle=110ns
2026-10-07T19:58:56.554919Z  INFO falcon_algebraic:prove:falcon_algebraic:bitz:falcon_bridge:wfbitz_forest:spartan:grinding{bits=14}: bitz::piop::spartan::grinding: close time.busy=4.44µs time.idle=120ns
2026-10-07T19:58:56.554958Z  INFO falcon_algebraic:prove:falcon_algebraic:bitz:falcon_bridge:wfbitz_forest:spartan:grinding{bits=14}: bitz::piop::spartan::grinding: close time.busy=10.5µs time.idle=120ns
2026-10-07T19:58:56.555104Z  INFO falcon_algebraic:prove:falcon_algebraic:bitz:falcon_bridge:wfbitz_forest:spartan:grinding{bits=14}: bitz::piop::spartan::grinding: close time.busy=129µs time.idle=120ns
2026-10-07T19:58:56.555132Z  INFO falcon_algebraic:prove:falcon_algebraic:bitz:falcon_bridge:wfbitz_forest:spartan:grinding{bits=14}: bitz::piop::spartan::grinding: close time.busy=19.6µs time.idle=110ns
2026-10-07T19:58:56.555165Z  INFO falcon_algebraic:prove:falcon_algebraic:bitz:falcon_bridge:wfbitz_forest:spartan:grinding{bits=14}: bitz::piop::spartan::grinding: close time.busy=16.5µs time.idle=110ns
2026-10-07T19:58:56.555191Z  INFO falcon_algebraic:prove:falcon_algebraic:bitz:falcon_bridge:wfbitz_forest:spartan:grinding{bits=14}: bitz::piop::spartan::grinding: close time.busy=20.6µs time.idle=110ns
2026-10-07T19:58:56.555280Z  INFO falcon_algebraic:prove:falcon_algebraic:bitz:falcon_bridge:wfbitz_forest:spartan:grinding{bits=14}: bitz::piop::spartan::grinding: close time.busy=84.1µs time.idle=110ns
2026-10-07T19:58:56.555377Z  INFO falcon_algebraic:prove:falcon_algebraic:bitz:falcon_bridge:wfbitz_forest:spartan:grinding{bits=14}: bitz::piop::spartan::grinding: close time.busy=93.1µs time.idle=120ns
2026-10-07T19:58:56.555457Z  INFO falcon_algebraic:prove:falcon_algebraic:bitz:falcon_bridge:wfbitz_forest:spartan:grinding{bits=14}: bitz::piop::spartan::grinding: close time.busy=76.4µs time.idle=120ns
2026-10-07T19:58:56.555661Z  INFO falcon_algebraic:prove:falcon_algebraic:bitz:falcon_bridge:wfbitz_forest:spartan:grinding{bits=14}: bitz::piop::spartan::grinding: close time.busy=200µs time.idle=120ns
2026-10-07T19:58:56.555710Z  INFO falcon_algebraic:prove:falcon_algebraic:bitz:falcon_bridge:wfbitz_forest:spartan:grinding{bits=14}: bitz::piop::spartan::grinding: close time.busy=46.8µs time.idle=120ns
2026-10-07T19:58:56.555812Z  INFO falcon_algebraic:prove:falcon_algebraic:bitz:falcon_bridge:wfbitz_forest:spartan:grinding{bits=14}: bitz::piop::spartan::grinding: close time.busy=100.0µs time.idle=121ns
2026-10-07T19:58:56.555871Z  INFO falcon_algebraic:prove:falcon_algebraic:bitz:falcon_bridge:wfbitz_forest:spartan:grinding{bits=14}: bitz::piop::spartan::grinding: close time.busy=56.5µs time.idle=110ns
2026-10-07T19:58:56.555898Z  INFO falcon_algebraic:prove:falcon_algebraic:bitz:falcon_bridge:wfbitz_forest:spartan:grinding{bits=14}: bitz::piop::spartan::grinding: close time.busy=24.9µs time.idle=110ns
2026-10-07T19:58:56.555938Z  INFO falcon_algebraic:prove:falcon_algebraic:bitz:falcon_bridge:wfbitz_forest:spartan:grinding{bits=14}: bitz::piop::spartan::grinding: close time.busy=36.9µs time.idle=110ns
2026-10-07T19:58:56.555971Z  INFO falcon_algebraic:prove:falcon_algebraic:bitz:falcon_bridge:wfbitz_forest:spartan:grinding{bits=14}: bitz::piop::spartan::grinding: close time.busy=30.7µs time.idle=121ns
2026-10-07T19:58:56.556134Z  INFO falcon_algebraic:prove:falcon_algebraic:bitz:falcon_bridge:wfbitz_forest:spartan:grinding{bits=14}: bitz::piop::spartan::grinding: close time.busy=47.7µs time.idle=110ns
2026-10-07T19:58:56.556295Z  INFO falcon_algebraic:prove:falcon_algebraic:bitz:falcon_bridge:wfbitz_forest:spartan:grinding{bits=14}: bitz::piop::spartan::grinding: close time.busy=36.9µs time.idle=120ns
2026-10-07T19:58:56.556482Z  INFO falcon_algebraic:prove:falcon_algebraic:bitz:falcon_bridge:wfbitz_forest:spartan:grinding{bits=14}: bitz::piop::spartan::grinding: close time.busy=136µs time.idle=120ns
2026-10-07T19:58:56.556641Z  INFO falcon_algebraic:prove:falcon_algebraic:bitz:falcon_bridge:wfbitz_forest:spartan:grinding{bits=14}: bitz::piop::spartan::grinding: close time.busy=132µs time.idle=130ns
2026-10-07T19:58:56.556792Z  INFO falcon_algebraic:prove:falcon_algebraic:bitz:falcon_bridge:wfbitz_forest:spartan:grinding{bits=14}: bitz::piop::spartan::grinding: close time.busy=134µs time.idle=120ns
2026-10-07T19:58:56.556917Z  INFO falcon_algebraic:prove:falcon_algebraic:bitz:falcon_bridge:wfbitz_forest:spartan:grinding{bits=14}: bitz::piop::spartan::grinding: close time.busy=117µs time.idle=110ns
2026-10-07T19:58:56.556970Z  INFO falcon_algebraic:prove:falcon_algebraic:bitz:falcon_bridge:wfbitz_forest:spartan:grinding{bits=14}: bitz::piop::spartan::grinding: close time.busy=37.3µs time.idle=120ns
2026-10-07T19:58:56.557034Z  INFO falcon_algebraic:prove:falcon_algebraic:bitz:falcon_bridge:wfbitz_forest:spartan:grinding{bits=14}: bitz::piop::spartan::grinding: close time.busy=58.4µs time.idle=110ns
2026-10-07T19:58:56.557058Z  INFO falcon_algebraic:prove:falcon_algebraic:bitz:falcon_bridge:wfbitz_forest:spartan:grinding{bits=14}: bitz::piop::spartan::grinding: close time.busy=19.6µs time.idle=110ns
2026-10-07T19:58:56.557126Z  INFO falcon_algebraic:prove:falcon_algebraic:bitz:falcon_bridge:wfbitz_forest:spartan:grinding{bits=14}: bitz::piop::spartan::grinding: close time.busy=64.4µs time.idle=120ns
2026-10-07T19:58:56.557137Z  INFO falcon_algebraic:prove:falcon_algebraic:bitz:falcon_bridge:wfbitz_forest:spartan:grinding{bits=14}: bitz::piop::spartan::grinding: close time.busy=8.00µs time.idle=110ns
2026-10-07T19:58:56.557165Z  INFO falcon_algebraic:prove:falcon_algebraic:bitz:falcon_bridge:wfbitz_forest:spartan:grinding{bits=14}: bitz::piop::spartan::grinding: close time.busy=25.1µs time.idle=130ns
2026-10-07T19:58:56.557232Z  INFO falcon_algebraic:prove:falcon_algebraic:bitz:falcon_bridge:wfbitz_forest:spartan:grinding{bits=14}: bitz::piop::spartan::grinding: close time.busy=64.2µs time.idle=211ns
2026-10-07T19:58:56.557252Z  INFO falcon_algebraic:prove:falcon_algebraic:bitz:falcon_bridge:wfbitz_forest:spartan:grinding{bits=14}: bitz::piop::spartan::grinding: close time.busy=16.7µs time.idle=120ns
2026-10-07T19:58:56.557278Z  INFO falcon_algebraic:prove:falcon_algebraic:bitz:falcon_bridge:wfbitz_forest:spartan:grinding{bits=14}: bitz::piop::spartan::grinding: close time.busy=23.4µs time.idle=120ns
2026-10-07T19:58:56.557421Z  INFO falcon_algebraic:prove:falcon_algebraic:bitz:falcon_bridge:wfbitz_forest:spartan:grinding{bits=14}: bitz::piop::spartan::grinding: close time.busy=140µs time.idle=120ns
2026-10-07T19:58:56.557440Z  INFO falcon_algebraic:prove:falcon_algebraic:bitz:falcon_bridge:wfbitz_forest:spartan:grinding{bits=14}: bitz::piop::spartan::grinding: close time.busy=17.3µs time.idle=131ns
2026-10-07T19:58:56.557491Z  INFO falcon_algebraic:prove:falcon_algebraic:bitz:falcon_bridge:wfbitz_forest:spartan:grinding{bits=14}: bitz::piop::spartan::grinding: close time.busy=47.4µs time.idle=111ns
2026-10-07T19:58:56.557732Z  INFO falcon_algebraic:prove:falcon_algebraic:bitz:falcon_bridge:wfbitz_forest:spartan:grinding{bits=14}: bitz::piop::spartan::grinding: close time.busy=23.5µs time.idle=120ns
2026-10-07T19:58:56.558040Z  INFO falcon_algebraic:prove:falcon_algebraic:bitz:falcon_bridge:wfbitz_forest:spartan:grinding{bits=14}: bitz::piop::spartan::grinding: close time.busy=65.8µs time.idle=110ns
2026-10-07T19:58:56.558240Z  INFO falcon_algebraic:prove:falcon_algebraic:bitz:falcon_bridge:wfbitz_forest:spartan:grinding{bits=14}: bitz::piop::spartan::grinding: close time.busy=102µs time.idle=120ns
2026-10-07T19:58:56.558315Z  INFO falcon_algebraic:prove:falcon_algebraic:bitz:falcon_bridge:wfbitz_forest:spartan:grinding{bits=14}: bitz::piop::spartan::grinding: close time.busy=24.7µs time.idle=120ns
2026-10-07T19:58:56.558388Z  INFO falcon_algebraic:prove:falcon_algebraic:bitz:falcon_bridge:wfbitz_forest:spartan:grinding{bits=14}: bitz::piop::spartan::grinding: close time.busy=45.4µs time.idle=120ns
2026-10-07T19:58:56.558499Z  INFO falcon_algebraic:prove:falcon_algebraic:bitz:falcon_bridge:wfbitz_forest:spartan:grinding{bits=14}: bitz::piop::spartan::grinding: close time.busy=94.1µs time.idle=110ns
2026-10-07T19:58:56.558526Z  INFO falcon_algebraic:prove:falcon_algebraic:bitz:falcon_bridge:wfbitz_forest:spartan:grinding{bits=14}: bitz::piop::spartan::grinding: close time.busy=18.8µs time.idle=120ns
2026-10-07T19:58:56.558564Z  INFO falcon_algebraic:prove:falcon_algebraic:bitz:falcon_bridge:wfbitz_forest:spartan:grinding{bits=14}: bitz::piop::spartan::grinding: close time.busy=22.5µs time.idle=121ns
2026-10-07T19:58:56.558618Z  INFO falcon_algebraic:prove:falcon_algebraic:bitz:falcon_bridge:wfbitz_forest:spartan:grinding{bits=14}: bitz::piop::spartan::grinding: close time.busy=48.4µs time.idle=120ns
2026-10-07T19:58:56.558665Z  INFO falcon_algebraic:prove:falcon_algebraic:bitz:falcon_bridge:wfbitz_forest:spartan:grinding{bits=14}: bitz::piop::spartan::grinding: close time.busy=42.9µs time.idle=121ns
2026-10-07T19:58:56.558772Z  INFO falcon_algebraic:prove:falcon_algebraic:bitz:falcon_bridge:wfbitz_forest:spartan:grinding{bits=14}: bitz::piop::spartan::grinding: close time.busy=104µs time.idle=110ns
2026-10-07T19:58:56.558840Z  INFO falcon_algebraic:prove:falcon_algebraic:bitz:falcon_bridge:wfbitz_forest:spartan:grinding{bits=14}: bitz::piop::spartan::grinding: close time.busy=64.9µs time.idle=120ns
2026-10-07T19:58:56.558867Z  INFO falcon_algebraic:prove:falcon_algebraic:bitz:falcon_bridge:wfbitz_forest:spartan:grinding{bits=14}: bitz::piop::spartan::grinding: close time.busy=24.1µs time.idle=110ns
2026-10-07T19:58:56.559077Z  INFO falcon_algebraic:prove:falcon_algebraic:bitz:falcon_bridge:wfbitz_forest:spartan:grinding{bits=14}: bitz::piop::spartan::grinding: close time.busy=207µs time.idle=121ns
2026-10-07T19:58:56.559104Z  INFO falcon_algebraic:prove:falcon_algebraic:bitz:falcon_bridge:wfbitz_forest:spartan:grinding{bits=14}: bitz::piop::spartan::grinding: close time.busy=23.1µs time.idle=111ns
2026-10-07T19:58:56.559113Z  INFO falcon_algebraic:prove:falcon_algebraic:bitz:falcon_bridge:wfbitz_forest:spartan:grinding{bits=14}: bitz::piop::spartan::grinding: close time.busy=6.41µs time.idle=131ns
2026-10-07T19:58:56.559187Z  INFO falcon_algebraic:prove:falcon_algebraic:bitz:falcon_bridge:wfbitz_forest:spartan:grinding{bits=14}: bitz::piop::spartan::grinding: close time.busy=70.9µs time.idle=110ns
2026-10-07T19:58:56.559220Z  INFO falcon_algebraic:prove:falcon_algebraic:bitz:falcon_bridge:wfbitz_forest:spartan:grinding{bits=14}: bitz::piop::spartan::grinding: close time.busy=30.2µs time.idle=120ns
2026-10-07T19:58:56.559336Z  INFO falcon_algebraic:prove:falcon_algebraic:bitz:falcon_bridge:wfbitz_forest:spartan:grinding{bits=14}: bitz::piop::spartan::grinding: close time.busy=113µs time.idle=110ns
2026-10-07T19:58:56.559786Z  INFO falcon_algebraic:prove:falcon_algebraic:bitz:falcon_bridge:wfbitz_forest:spartan:grinding{bits=14}: bitz::piop::spartan::grinding: close time.busy=31.4µs time.idle=201ns
2026-10-07T19:58:56.560414Z  INFO falcon_algebraic:prove:falcon_algebraic:bitz:falcon_bridge:wfbitz_forest:spartan:grinding{bits=14}: bitz::piop::spartan::grinding: close time.busy=142µs time.idle=130ns
2026-10-07T19:58:56.560771Z  INFO falcon_algebraic:prove:falcon_algebraic:bitz:falcon_bridge:wfbitz_forest:spartan:grinding{bits=14}: bitz::piop::spartan::grinding: close time.busy=171µs time.idle=130ns
2026-10-07T19:58:56.560935Z  INFO falcon_algebraic:prove:falcon_algebraic:bitz:falcon_bridge:wfbitz_forest:spartan:grinding{bits=14}: bitz::piop::spartan::grinding: close time.busy=69.8µs time.idle=141ns
2026-10-07T19:58:56.561047Z  INFO falcon_algebraic:prove:falcon_algebraic:bitz:falcon_bridge:wfbitz_forest:spartan:grinding{bits=14}: bitz::piop::spartan::grinding: close time.busy=60.8µs time.idle=110ns
2026-10-07T19:58:56.561113Z  INFO falcon_algebraic:prove:falcon_algebraic:bitz:falcon_bridge:wfbitz_forest:spartan:grinding{bits=14}: bitz::piop::spartan::grinding: close time.busy=37.6µs time.idle=120ns
2026-10-07T19:58:56.561198Z  INFO falcon_algebraic:prove:falcon_algebraic:bitz:falcon_bridge:wfbitz_forest:spartan:grinding{bits=14}: bitz::piop::spartan::grinding: close time.busy=66.9µs time.idle=110ns
2026-10-07T19:58:56.561265Z  INFO falcon_algebraic:prove:falcon_algebraic:bitz:falcon_bridge:wfbitz_forest:spartan:grinding{bits=14}: bitz::piop::spartan::grinding: close time.busy=59.5µs time.idle=120ns
2026-10-07T19:58:56.561442Z  INFO falcon_algebraic:prove:falcon_algebraic:bitz:falcon_bridge:wfbitz_forest:spartan:grinding{bits=14}: bitz::piop::spartan::grinding: close time.busy=161µs time.idle=131ns
2026-10-07T19:58:56.561510Z  INFO falcon_algebraic:prove:falcon_algebraic:bitz:falcon_bridge:wfbitz_forest:spartan:grinding{bits=14}: bitz::piop::spartan::grinding: close time.busy=62.3µs time.idle=121ns
2026-10-07T19:58:56.561536Z  INFO falcon_algebraic:prove:falcon_algebraic:bitz:falcon_bridge:wfbitz_forest:spartan:grinding{bits=14}: bitz::piop::spartan::grinding: close time.busy=21.4µs time.idle=130ns
2026-10-07T19:58:56.561573Z  INFO falcon_algebraic:prove:falcon_algebraic:bitz:falcon_bridge:wfbitz_forest:spartan:grinding{bits=14}: bitz::piop::spartan::grinding: close time.busy=33.9µs time.idle=121ns
2026-10-07T19:58:56.561621Z  INFO falcon_algebraic:prove:falcon_algebraic:bitz:falcon_bridge:wfbitz_forest:spartan:grinding{bits=14}: bitz::piop::spartan::grinding: close time.busy=43.9µs time.idle=120ns
2026-10-07T19:58:56.561681Z  INFO falcon_algebraic:prove:falcon_algebraic:bitz:falcon_bridge:wfbitz_forest:spartan:grinding{bits=14}: bitz::piop::spartan::grinding: close time.busy=57.6µs time.idle=110ns
2026-10-07T19:58:56.561786Z  INFO falcon_algebraic:prove:falcon_algebraic:bitz:falcon_bridge:wfbitz_forest:spartan:grinding{bits=14}: bitz::piop::spartan::grinding: close time.busy=102µs time.idle=110ns
2026-10-07T19:58:56.561821Z  INFO falcon_algebraic:prove:falcon_algebraic:bitz:falcon_bridge:wfbitz_forest:spartan:grinding{bits=14}: bitz::piop::spartan::grinding: close time.busy=32.0µs time.idle=111ns
2026-10-07T19:58:56.561859Z  INFO falcon_algebraic:prove:falcon_algebraic:bitz:falcon_bridge:wfbitz_forest:spartan:grinding{bits=14}: bitz::piop::spartan::grinding: close time.busy=36.0µs time.idle=120ns
2026-10-07T19:58:56.561903Z  INFO falcon_algebraic:prove:falcon_algebraic:bitz:falcon_bridge:wfbitz_forest:spartan:grinding{bits=14}: bitz::piop::spartan::grinding: close time.busy=40.7µs time.idle=121ns
2026-10-07T19:58:56.561988Z  INFO falcon_algebraic:prove:falcon_algebraic:bitz:falcon_bridge:wfbitz_forest:spartan:grinding{bits=14}: bitz::piop::spartan::grinding: close time.busy=82.2µs time.idle=120ns
2026-10-07T19:58:56.562020Z  INFO falcon_algebraic:prove:falcon_algebraic:bitz:falcon_bridge:wfbitz_forest:spartan:grinding{bits=14}: bitz::piop::spartan::grinding: close time.busy=29.2µs time.idle=120ns
2026-10-07T19:58:56.564761Z  INFO falcon_algebraic:prove:falcon_algebraic:bitz:falcon_bridge:wfbitz_forest:spartan:grinding{bits=14}: bitz::piop::spartan::grinding: close time.busy=45.3µs time.idle=111ns
2026-10-07T19:58:56.565823Z  INFO falcon_algebraic:prove:falcon_algebraic:bitz:falcon_bridge:wfbitz_forest:spartan:grinding{bits=14}: bitz::piop::spartan::grinding: close time.busy=108µs time.idle=130ns
2026-10-07T19:58:56.566219Z  INFO falcon_algebraic:prove:falcon_algebraic:bitz:falcon_bridge:wfbitz_forest:spartan:grinding{bits=14}: bitz::piop::spartan::grinding: close time.busy=33.9µs time.idle=110ns
2026-10-07T19:58:56.566476Z  INFO falcon_algebraic:prove:falcon_algebraic:bitz:falcon_bridge:wfbitz_forest:spartan:grinding{bits=14}: bitz::piop::spartan::grinding: close time.busy=72.6µs time.idle=131ns
2026-10-07T19:58:56.566597Z  INFO falcon_algebraic:prove:falcon_algebraic:bitz:falcon_bridge:wfbitz_forest:spartan:grinding{bits=14}: bitz::piop::spartan::grinding: close time.busy=14.1µs time.idle=121ns
2026-10-07T19:58:56.566689Z  INFO falcon_algebraic:prove:falcon_algebraic:bitz:falcon_bridge:wfbitz_forest:spartan:grinding{bits=14}: bitz::piop::spartan::grinding: close time.busy=39.1µs time.idle=132ns
2026-10-07T19:58:56.566805Z  INFO falcon_algebraic:prove:falcon_algebraic:bitz:falcon_bridge:wfbitz_forest:spartan:grinding{bits=14}: bitz::piop::spartan::grinding: close time.busy=87.7µs time.idle=120ns
2026-10-07T19:58:56.566909Z  INFO falcon_algebraic:prove:falcon_algebraic:bitz:falcon_bridge:wfbitz_forest:spartan:grinding{bits=14}: bitz::piop::spartan::grinding: close time.busy=86.4µs time.idle=131ns
2026-10-07T19:58:56.566972Z  INFO falcon_algebraic:prove:falcon_algebraic:bitz:falcon_bridge:wfbitz_forest:spartan:grinding{bits=14}: bitz::piop::spartan::grinding: close time.busy=55.3µs time.idle=110ns
2026-10-07T19:58:56.566994Z  INFO falcon_algebraic:prove:falcon_algebraic:bitz:falcon_bridge:wfbitz_forest:spartan:grinding{bits=14}: bitz::piop::spartan::grinding: close time.busy=5.17µs time.idle=110ns
2026-10-07T19:58:56.567177Z  INFO falcon_algebraic:prove:falcon_algebraic:bitz:falcon_bridge:wfbitz_forest:spartan:grinding{bits=14}: bitz::piop::spartan::grinding: close time.busy=178µs time.idle=120ns
2026-10-07T19:58:56.567210Z  INFO falcon_algebraic:prove:falcon_algebraic:bitz:falcon_bridge:wfbitz_forest:spartan:grinding{bits=14}: bitz::piop::spartan::grinding: close time.busy=28.8µs time.idle=110ns
2026-10-07T19:58:56.567350Z  INFO falcon_algebraic:prove:falcon_algebraic:bitz:falcon_bridge:wfbitz_forest:spartan:grinding{bits=14}: bitz::piop::spartan::grinding: close time.busy=136µs time.idle=110ns
2026-10-07T19:58:56.567401Z  INFO falcon_algebraic:prove:falcon_algebraic:bitz:falcon_bridge:wfbitz_forest:spartan:grinding{bits=14}: bitz::piop::spartan::grinding: close time.busy=48.4µs time.idle=111ns
2026-10-07T19:58:56.567458Z  INFO falcon_algebraic:prove:falcon_algebraic:bitz:falcon_bridge:wfbitz_forest:spartan:grinding{bits=14}: bitz::piop::spartan::grinding: close time.busy=54.1µs time.idle=110ns
2026-10-07T19:58:56.567511Z  INFO falcon_algebraic:prove:falcon_algebraic:bitz:falcon_bridge:wfbitz_forest:spartan:grinding{bits=14}: bitz::piop::spartan::grinding: close time.busy=48.9µs time.idle=110ns
2026-10-07T19:58:56.567535Z  INFO falcon_algebraic:prove:falcon_algebraic:bitz:falcon_bridge:wfbitz_forest:spartan:grinding{bits=14}: bitz::piop::spartan::grinding: close time.busy=21.7µs time.idle=130ns
2026-10-07T19:58:56.567628Z  INFO falcon_algebraic:prove:falcon_algebraic:bitz:falcon_bridge:wfbitz_forest:spartan:grinding{bits=14}: bitz::piop::spartan::grinding: close time.busy=89.9µs time.idle=120ns
2026-10-07T19:58:56.567748Z  INFO falcon_algebraic:prove:falcon_algebraic:bitz:falcon_bridge:wfbitz_forest:spartan:grinding{bits=14}: bitz::piop::spartan::grinding: close time.busy=117µs time.idle=120ns
2026-10-07T19:58:56.567791Z  INFO falcon_algebraic:prove:falcon_algebraic:bitz:falcon_bridge:wfbitz_forest:spartan:grinding{bits=14}: bitz::piop::spartan::grinding: close time.busy=40.3µs time.idle=120ns
2026-10-07T19:58:56.567814Z  INFO falcon_algebraic:prove:falcon_algebraic:bitz:falcon_bridge:wfbitz_forest:spartan:grinding{bits=14}: bitz::piop::spartan::grinding: close time.busy=20.6µs time.idle=110ns
2026-10-07T19:58:56.569866Z  INFO falcon_algebraic:prove:falcon_algebraic:bitz:falcon_bridge:wfbitz_forest:spartan:grinding{bits=14}: bitz::piop::spartan::grinding: close time.busy=68.0µs time.idle=130ns
2026-10-07T19:58:56.571777Z  INFO falcon_algebraic:prove:falcon_algebraic:bitz:falcon_bridge:wfbitz_forest:spartan:grinding{bits=14}: bitz::piop::spartan::grinding: close time.busy=93.2µs time.idle=130ns
2026-10-07T19:58:56.572489Z  INFO falcon_algebraic:prove:falcon_algebraic:bitz:falcon_bridge:wfbitz_forest:spartan:grinding{bits=14}: bitz::piop::spartan::grinding: close time.busy=32.3µs time.idle=120ns
2026-10-07T19:58:56.572858Z  INFO falcon_algebraic:prove:falcon_algebraic:bitz:falcon_bridge:wfbitz_forest:spartan:grinding{bits=14}: bitz::piop::spartan::grinding: close time.busy=28.2µs time.idle=120ns
2026-10-07T19:58:56.573082Z  INFO falcon_algebraic:prove:falcon_algebraic:bitz:falcon_bridge:wfbitz_forest:spartan:grinding{bits=14}: bitz::piop::spartan::grinding: close time.busy=48.5µs time.idle=111ns
2026-10-07T19:58:56.573196Z  INFO falcon_algebraic:prove:falcon_algebraic:bitz:falcon_bridge:wfbitz_forest:spartan:grinding{bits=14}: bitz::piop::spartan::grinding: close time.busy=21.0µs time.idle=110ns
2026-10-07T19:58:56.573258Z  INFO falcon_algebraic:prove:falcon_algebraic:bitz:falcon_bridge:wfbitz_forest:spartan:grinding{bits=14}: bitz::piop::spartan::grinding: close time.busy=12.0µs time.idle=121ns
2026-10-07T19:58:56.573293Z  INFO falcon_algebraic:prove:falcon_algebraic:bitz:falcon_bridge:wfbitz_forest:spartan:grinding{bits=14}: bitz::piop::spartan::grinding: close time.busy=5.24µs time.idle=110ns
2026-10-07T19:58:56.573402Z  INFO falcon_algebraic:prove:falcon_algebraic:bitz:falcon_bridge:wfbitz_forest:spartan:grinding{bits=14}: bitz::piop::spartan::grinding: close time.busy=91.8µs time.idle=130ns
2026-10-07T19:58:56.573434Z  INFO falcon_algebraic:prove:falcon_algebraic:bitz:falcon_bridge:wfbitz_forest:spartan:grinding{bits=14}: bitz::piop::spartan::grinding: close time.busy=23.6µs time.idle=111ns
2026-10-07T19:58:56.573483Z  INFO falcon_algebraic:prove:falcon_algebraic:bitz:falcon_bridge:wfbitz_forest:spartan:grinding{bits=14}: bitz::piop::spartan::grinding: close time.busy=33.3µs time.idle=120ns
2026-10-07T19:58:56.573501Z  INFO falcon_algebraic:prove:falcon_algebraic:bitz:falcon_bridge:wfbitz_forest:spartan:grinding{bits=14}: bitz::piop::spartan::grinding: close time.busy=12.2µs time.idle=110ns
2026-10-07T19:58:56.573518Z  INFO falcon_algebraic:prove:falcon_algebraic:bitz:falcon_bridge:wfbitz_forest:spartan:grinding{bits=14}: bitz::piop::spartan::grinding: close time.busy=12.9µs time.idle=120ns
2026-10-07T19:58:56.573657Z  INFO falcon_algebraic:prove:falcon_algebraic:bitz:falcon_bridge:wfbitz_forest:spartan:grinding{bits=14}: bitz::piop::spartan::grinding: close time.busy=135µs time.idle=120ns
2026-10-07T19:58:56.573756Z  INFO falcon_algebraic:prove:falcon_algebraic:bitz:falcon_bridge:wfbitz_forest:spartan:grinding{bits=14}: bitz::piop::spartan::grinding: close time.busy=94.9µs time.idle=130ns
2026-10-07T19:58:56.573818Z  INFO falcon_algebraic:prove:falcon_algebraic:bitz:falcon_bridge:wfbitz_forest:spartan:grinding{bits=14}: bitz::piop::spartan::grinding: close time.busy=58.4µs time.idle=120ns
2026-10-07T19:58:56.573912Z  INFO falcon_algebraic:prove:falcon_algebraic:bitz:falcon_bridge:wfbitz_forest:spartan:grinding{bits=14}: bitz::piop::spartan::grinding: close time.busy=91.7µs time.idle=110ns
2026-10-07T19:58:56.573957Z  INFO falcon_algebraic:prove:falcon_algebraic:bitz:falcon_bridge:wfbitz_forest:spartan:grinding{bits=14}: bitz::piop::spartan::grinding: close time.busy=42.5µs time.idle=120ns
2026-10-07T19:58:56.573990Z  INFO falcon_algebraic:prove:falcon_algebraic:bitz:falcon_bridge:wfbitz_forest:spartan:grinding{bits=14}: bitz::piop::spartan::grinding: close time.busy=29.6µs time.idle=110ns
2026-10-07T19:58:56.574121Z  INFO falcon_algebraic:prove:falcon_algebraic:bitz:falcon_bridge:wfbitz_forest:spartan:grinding{bits=14}: bitz::piop::spartan::grinding: close time.busy=128µs time.idle=110ns
2026-10-07T19:58:56.574202Z  INFO falcon_algebraic:prove:falcon_algebraic:bitz:falcon_bridge:wfbitz_forest:spartan:grinding{bits=14}: bitz::piop::spartan::grinding: close time.busy=78.5µs time.idle=120ns
2026-10-07T19:58:56.574233Z  INFO falcon_algebraic:prove:falcon_algebraic:bitz:falcon_bridge:wfbitz_forest:spartan:grinding{bits=14}: bitz::piop::spartan::grinding: close time.busy=27.8µs time.idle=131ns
2026-10-07T19:58:56.577387Z  INFO falcon_algebraic:prove:falcon_algebraic:bitz:falcon_bridge:wfbitz_forest:spartan:grinding{bits=14}: bitz::piop::spartan::grinding: close time.busy=29.3µs time.idle=120ns
2026-10-07T19:58:56.579814Z  INFO falcon_algebraic:prove:falcon_algebraic:bitz:falcon_bridge:wfbitz_forest:spartan:grinding{bits=14}: bitz::piop::spartan::grinding: close time.busy=16.5µs time.idle=120ns
2026-10-07T19:58:56.581720Z  INFO falcon_algebraic:prove:falcon_algebraic:bitz:falcon_bridge:wfbitz_forest:spartan:grinding{bits=14}: bitz::piop::spartan::grinding: close time.busy=90.1µs time.idle=130ns
2026-10-07T19:58:56.582443Z  INFO falcon_algebraic:prove:falcon_algebraic:bitz:falcon_bridge:wfbitz_forest:spartan:grinding{bits=14}: bitz::piop::spartan::grinding: close time.busy=40.3µs time.idle=120ns
2026-10-07T19:58:56.582862Z  INFO falcon_algebraic:prove:falcon_algebraic:bitz:falcon_bridge:wfbitz_forest:spartan:grinding{bits=14}: bitz::piop::spartan::grinding: close time.busy=75.9µs time.idle=130ns
2026-10-07T19:58:56.583043Z  INFO falcon_algebraic:prove:falcon_algebraic:bitz:falcon_bridge:wfbitz_forest:spartan:grinding{bits=14}: bitz::piop::spartan::grinding: close time.busy=5.87µs time.idle=120ns
2026-10-07T19:58:56.583160Z  INFO falcon_algebraic:prove:falcon_algebraic:bitz:falcon_bridge:wfbitz_forest:spartan:grinding{bits=14}: bitz::piop::spartan::grinding: close time.busy=22.1µs time.idle=110ns
2026-10-07T19:58:56.583243Z  INFO falcon_algebraic:prove:falcon_algebraic:bitz:falcon_bridge:wfbitz_forest:spartan:grinding{bits=14}: bitz::piop::spartan::grinding: close time.busy=32.4µs time.idle=130ns
2026-10-07T19:58:56.583276Z  INFO falcon_algebraic:prove:falcon_algebraic:bitz:falcon_bridge:wfbitz_forest:spartan:grinding{bits=14}: bitz::piop::spartan::grinding: close time.busy=4.56µs time.idle=120ns
2026-10-07T19:58:56.583314Z  INFO falcon_algebraic:prove:falcon_algebraic:bitz:falcon_bridge:wfbitz_forest:spartan:grinding{bits=14}: bitz::piop::spartan::grinding: close time.busy=20.2µs time.idle=130ns
2026-10-07T19:58:56.583349Z  INFO falcon_algebraic:prove:falcon_algebraic:bitz:falcon_bridge:wfbitz_forest:spartan:grinding{bits=14}: bitz::piop::spartan::grinding: close time.busy=27.5µs time.idle=120ns
2026-10-07T19:58:56.583415Z  INFO falcon_algebraic:prove:falcon_algebraic:bitz:falcon_bridge:wfbitz_forest:spartan:grinding{bits=14}: bitz::piop::spartan::grinding: close time.busy=49.5µs time.idle=110ns
2026-10-07T19:58:56.583535Z  INFO falcon_algebraic:prove:falcon_algebraic:bitz:falcon_bridge:wfbitz_forest:spartan:grinding{bits=14}: bitz::piop::spartan::grinding: close time.busy=114µs time.idle=110ns
2026-10-07T19:58:56.583567Z  INFO falcon_algebraic:prove:falcon_algebraic:bitz:falcon_bridge:wfbitz_forest:spartan:grinding{bits=14}: bitz::piop::spartan::grinding: close time.busy=27.8µs time.idle=130ns
2026-10-07T19:58:56.583634Z  INFO falcon_algebraic:prove:falcon_algebraic:bitz:falcon_bridge:wfbitz_forest:spartan:grinding{bits=14}: bitz::piop::spartan::grinding: close time.busy=63.0µs time.idle=111ns
2026-10-07T19:58:56.583757Z  INFO falcon_algebraic:prove:falcon_algebraic:bitz:falcon_bridge:wfbitz_forest:spartan:grinding{bits=14}: bitz::piop::spartan::grinding: close time.busy=120µs time.idle=120ns
2026-10-07T19:58:56.583790Z  INFO falcon_algebraic:prove:falcon_algebraic:bitz:falcon_bridge:wfbitz_forest:spartan:grinding{bits=14}: bitz::piop::spartan::grinding: close time.busy=30.2µs time.idle=131ns
2026-10-07T19:58:56.583817Z  INFO falcon_algebraic:prove:falcon_algebraic:bitz:falcon_bridge:wfbitz_forest:spartan:grinding{bits=14}: bitz::piop::spartan::grinding: close time.busy=24.1µs time.idle=120ns
2026-10-07T19:58:56.584037Z  INFO falcon_algebraic:prove:falcon_algebraic:bitz:falcon_bridge:wfbitz_forest:spartan:grinding{bits=14}: bitz::piop::spartan::grinding: close time.busy=217µs time.idle=120ns
2026-10-07T19:58:56.584105Z  INFO falcon_algebraic:prove:falcon_algebraic:bitz:falcon_bridge:wfbitz_forest:spartan:grinding{bits=14}: bitz::piop::spartan::grinding: close time.busy=64.7µs time.idle=120ns
2026-10-07T19:58:56.584203Z  INFO falcon_algebraic:prove:falcon_algebraic:bitz:falcon_bridge:wfbitz_forest:spartan:grinding{bits=14}: bitz::piop::spartan::grinding: close time.busy=95.5µs time.idle=110ns
2026-10-07T19:58:56.584232Z  INFO falcon_algebraic:prove:falcon_algebraic:bitz:falcon_bridge:wfbitz_forest:spartan:grinding{bits=14}: bitz::piop::spartan::grinding: close time.busy=26.3µs time.idle=110ns
2026-10-07T19:58:56.584379Z  INFO falcon_algebraic:prove:falcon_algebraic:bitz:falcon_bridge:wfbitz_forest:spartan:grinding{bits=14}: bitz::piop::spartan::grinding: close time.busy=145µs time.idle=110ns
2026-10-07T19:58:56.587828Z  INFO falcon_algebraic:prove:falcon_algebraic:bitz:falcon_bridge:wfbitz_forest:spartan:grinding{bits=14}: bitz::piop::spartan::grinding: close time.busy=79.0µs time.idle=141ns
2026-10-07T19:58:56.587852Z  INFO falcon_algebraic:prove:falcon_algebraic:bitz:falcon_bridge:wfbitz_forest:spartan:grinding{bits=14}: bitz::piop::spartan::grinding: close time.busy=19.9µs time.idle=111ns
2026-10-07T19:58:56.590322Z  INFO falcon_algebraic:prove:falcon_algebraic:bitz:falcon_bridge:wfbitz_forest:spartan:grinding{bits=14}: bitz::piop::spartan::grinding: close time.busy=65.6µs time.idle=130ns
2026-10-07T19:58:56.592175Z  INFO falcon_algebraic:prove:falcon_algebraic:bitz:falcon_bridge:wfbitz_forest:spartan:grinding{bits=14}: bitz::piop::spartan::grinding: close time.busy=28.1µs time.idle=121ns
2026-10-07T19:58:56.592937Z  INFO falcon_algebraic:prove:falcon_algebraic:bitz:falcon_bridge:wfbitz_forest:spartan:grinding{bits=14}: bitz::piop::spartan::grinding: close time.busy=85.9µs time.idle=120ns
2026-10-07T19:58:56.593384Z  INFO falcon_algebraic:prove:falcon_algebraic:bitz:falcon_bridge:wfbitz_forest:spartan:grinding{bits=14}: bitz::piop::spartan::grinding: close time.busy=105µs time.idle=110ns
2026-10-07T19:58:56.593603Z  INFO falcon_algebraic:prove:falcon_algebraic:bitz:falcon_bridge:wfbitz_forest:spartan:grinding{bits=14}: bitz::piop::spartan::grinding: close time.busy=44.4µs time.idle=120ns
2026-10-07T19:58:56.593732Z  INFO falcon_algebraic:prove:falcon_algebraic:bitz:falcon_bridge:wfbitz_forest:spartan:grinding{bits=14}: bitz::piop::spartan::grinding: close time.busy=35.6µs time.idle=120ns
2026-10-07T19:58:56.593788Z  INFO falcon_algebraic:prove:falcon_algebraic:bitz:falcon_bridge:wfbitz_forest:spartan:grinding{bits=14}: bitz::piop::spartan::grinding: close time.busy=5.16µs time.idle=110ns
2026-10-07T19:58:56.593929Z  INFO falcon_algebraic:prove:falcon_algebraic:bitz:falcon_bridge:wfbitz_forest:spartan:grinding{bits=14}: bitz::piop::spartan::grinding: close time.busy=112µs time.idle=121ns
2026-10-07T19:58:56.594015Z  INFO falcon_algebraic:prove:falcon_algebraic:bitz:falcon_bridge:wfbitz_forest:spartan:grinding{bits=14}: bitz::piop::spartan::grinding: close time.busy=68.0µs time.idle=120ns
2026-10-07T19:58:56.594104Z  INFO falcon_algebraic:prove:falcon_algebraic:bitz:falcon_bridge:wfbitz_forest:spartan:grinding{bits=14}: bitz::piop::spartan::grinding: close time.busy=81.0µs time.idle=110ns
2026-10-07T19:58:56.594161Z  INFO falcon_algebraic:prove:falcon_algebraic:bitz:falcon_bridge:wfbitz_forest:spartan:grinding{bits=14}: bitz::piop::spartan::grinding: close time.busy=40.1µs time.idle=120ns
2026-10-07T19:58:56.594178Z  INFO falcon_algebraic:prove:falcon_algebraic:bitz:falcon_bridge:wfbitz_forest:spartan:grinding{bits=14}: bitz::piop::spartan::grinding: close time.busy=11.5µs time.idle=110ns
2026-10-07T19:58:56.594226Z  INFO falcon_algebraic:prove:falcon_algebraic:bitz:falcon_bridge:wfbitz_forest:spartan:grinding{bits=14}: bitz::piop::spartan::grinding: close time.busy=43.9µs time.idle=120ns
2026-10-07T19:58:56.594278Z  INFO falcon_algebraic:prove:falcon_algebraic:bitz:falcon_bridge:wfbitz_forest:spartan:grinding{bits=14}: bitz::piop::spartan::grinding: close time.busy=48.2µs time.idle=110ns
2026-10-07T19:58:56.594396Z  INFO falcon_algebraic:prove:falcon_algebraic:bitz:falcon_bridge:wfbitz_forest:spartan:grinding{bits=14}: bitz::piop::spartan::grinding: close time.busy=115µs time.idle=110ns
2026-10-07T19:58:56.594420Z  INFO falcon_algebraic:prove:falcon_algebraic:bitz:falcon_bridge:wfbitz_forest:spartan:grinding{bits=14}: bitz::piop::spartan::grinding: close time.busy=20.9µs time.idle=120ns
2026-10-07T19:58:56.594456Z  INFO falcon_algebraic:prove:falcon_algebraic:bitz:falcon_bridge:wfbitz_forest:spartan:grinding{bits=14}: bitz::piop::spartan::grinding: close time.busy=32.7µs time.idle=130ns
2026-10-07T19:58:56.594504Z  INFO falcon_algebraic:prove:falcon_algebraic:bitz:falcon_bridge:wfbitz_forest:spartan:grinding{bits=14}: bitz::piop::spartan::grinding: close time.busy=45.8µs time.idle=120ns
2026-10-07T19:58:56.594596Z  INFO falcon_algebraic:prove:falcon_algebraic:bitz:falcon_bridge:wfbitz_forest:spartan:grinding{bits=14}: bitz::piop::spartan::grinding: close time.busy=89.1µs time.idle=110ns
2026-10-07T19:58:56.594621Z  INFO falcon_algebraic:prove:falcon_algebraic:bitz:falcon_bridge:wfbitz_forest:spartan:grinding{bits=14}: bitz::piop::spartan::grinding: close time.busy=22.3µs time.idle=111ns
2026-10-07T19:58:56.594685Z  INFO falcon_algebraic:prove:falcon_algebraic:bitz:falcon_bridge:wfbitz_forest:spartan:grinding{bits=14}: bitz::piop::spartan::grinding: close time.busy=61.2µs time.idle=120ns
2026-10-07T19:58:56.594693Z  INFO falcon_algebraic:prove:falcon_algebraic:bitz:falcon_bridge:wfbitz_forest:spartan:grinding{bits=14}: bitz::piop::spartan::grinding: close time.busy=4.97µs time.idle=111ns
2026-10-07T19:58:56.597650Z  INFO falcon_algebraic:prove:falcon_algebraic:bitz:falcon_bridge:wfbitz_forest:spartan:grinding{bits=14}: bitz::piop::spartan::grinding: close time.busy=23.7µs time.idle=121ns
2026-10-07T19:58:56.597703Z  INFO falcon_algebraic:prove:falcon_algebraic:bitz:falcon_bridge:wfbitz_forest:spartan:grinding{bits=14}: bitz::piop::spartan::grinding: close time.busy=49.0µs time.idle=110ns
2026-10-07T19:58:56.597728Z  INFO falcon_algebraic:prove:falcon_algebraic:bitz:falcon_bridge:wfbitz_forest:spartan:grinding{bits=14}: bitz::piop::spartan::grinding: close time.busy=22.1µs time.idle=120ns
2026-10-07T19:58:56.600227Z  INFO falcon_algebraic:prove:falcon_algebraic:bitz:falcon_bridge:wfbitz_forest:spartan:grinding{bits=14}: bitz::piop::spartan::grinding: close time.busy=16.0µs time.idle=140ns
2026-10-07T19:58:56.602115Z  INFO falcon_algebraic:prove:falcon_algebraic:bitz:falcon_bridge:wfbitz_forest:spartan:grinding{bits=14}: bitz::piop::spartan::grinding: close time.busy=62.3µs time.idle=120ns
2026-10-07T19:58:56.602824Z  INFO falcon_algebraic:prove:falcon_algebraic:bitz:falcon_bridge:wfbitz_forest:spartan:grinding{bits=14}: bitz::piop::spartan::grinding: close time.busy=28.7µs time.idle=121ns
2026-10-07T19:58:56.603199Z  INFO falcon_algebraic:prove:falcon_algebraic:bitz:falcon_bridge:wfbitz_forest:spartan:grinding{bits=14}: bitz::piop::spartan::grinding: close time.busy=31.9µs time.idle=120ns
2026-10-07T19:58:56.603383Z  INFO falcon_algebraic:prove:falcon_algebraic:bitz:falcon_bridge:wfbitz_forest:spartan:grinding{bits=14}: bitz::piop::spartan::grinding: close time.busy=9.41µs time.idle=120ns
2026-10-07T19:58:56.603520Z  INFO falcon_algebraic:prove:falcon_algebraic:bitz:falcon_bridge:wfbitz_forest:spartan:grinding{bits=14}: bitz::piop::spartan::grinding: close time.busy=43.2µs time.idle=111ns
2026-10-07T19:58:56.603659Z  INFO falcon_algebraic:prove:falcon_algebraic:bitz:falcon_bridge:wfbitz_forest:spartan:grinding{bits=14}: bitz::piop::spartan::grinding: close time.busy=88.2µs time.idle=110ns
2026-10-07T19:58:56.603783Z  INFO falcon_algebraic:prove:falcon_algebraic:bitz:falcon_bridge:wfbitz_forest:spartan:grinding{bits=14}: bitz::piop::spartan::grinding: close time.busy=94.7µs time.idle=130ns
2026-10-07T19:58:56.603817Z  INFO falcon_algebraic:prove:falcon_algebraic:bitz:falcon_bridge:wfbitz_forest:spartan:grinding{bits=14}: bitz::piop::spartan::grinding: close time.busy=16.0µs time.idle=120ns
2026-10-07T19:58:56.603890Z  INFO falcon_algebraic:prove:falcon_algebraic:bitz:falcon_bridge:wfbitz_forest:spartan:grinding{bits=14}: bitz::piop::spartan::grinding: close time.busy=64.6µs time.idle=120ns
2026-10-07T19:58:56.603917Z  INFO falcon_algebraic:prove:falcon_algebraic:bitz:falcon_bridge:wfbitz_forest:spartan:grinding{bits=14}: bitz::piop::spartan::grinding: close time.busy=10.7µs time.idle=130ns
2026-10-07T19:58:56.603947Z  INFO falcon_algebraic:prove:falcon_algebraic:bitz:falcon_bridge:wfbitz_forest:spartan:grinding{bits=14}: bitz::piop::spartan::grinding: close time.busy=24.1µs time.idle=111ns
2026-10-07T19:58:56.603992Z  INFO falcon_algebraic:prove:falcon_algebraic:bitz:falcon_bridge:wfbitz_forest:spartan:grinding{bits=14}: bitz::piop::spartan::grinding: close time.busy=40.6µs time.idle=120ns
2026-10-07T19:58:56.604120Z  INFO falcon_algebraic:prove:falcon_algebraic:bitz:falcon_bridge:wfbitz_forest:spartan:grinding{bits=14}: bitz::piop::spartan::grinding: close time.busy=123µs time.idle=120ns
2026-10-07T19:58:56.604153Z  INFO falcon_algebraic:prove:falcon_algebraic:bitz:falcon_bridge:wfbitz_forest:spartan:grinding{bits=14}: bitz::piop::spartan::grinding: close time.busy=30.7µs time.idle=130ns
2026-10-07T19:58:56.604259Z  INFO falcon_algebraic:prove:falcon_algebraic:bitz:falcon_bridge:wfbitz_forest:spartan:grinding{bits=14}: bitz::piop::spartan::grinding: close time.busy=103µs time.idle=110ns
2026-10-07T19:58:56.604310Z  INFO falcon_algebraic:prove:falcon_algebraic:bitz:falcon_bridge:wfbitz_forest:spartan:grinding{bits=14}: bitz::piop::spartan::grinding: close time.busy=47.6µs time.idle=131ns
2026-10-07T19:58:56.604326Z  INFO falcon_algebraic:prove:falcon_algebraic:bitz:falcon_bridge:wfbitz_forest:spartan:grinding{bits=14}: bitz::piop::spartan::grinding: close time.busy=13.4µs time.idle=131ns
2026-10-07T19:58:56.604377Z  INFO falcon_algebraic:prove:falcon_algebraic:bitz:falcon_bridge:wfbitz_forest:spartan:grinding{bits=14}: bitz::piop::spartan::grinding: close time.busy=47.9µs time.idle=111ns
2026-10-07T19:58:56.604496Z  INFO falcon_algebraic:prove:falcon_algebraic:bitz:falcon_bridge:wfbitz_forest:spartan:grinding{bits=14}: bitz::piop::spartan::grinding: close time.busy=116µs time.idle=130ns
2026-10-07T19:58:56.604546Z  INFO falcon_algebraic:prove:falcon_algebraic:bitz:falcon_bridge:wfbitz_forest:spartan:grinding{bits=14}: bitz::piop::spartan::grinding: close time.busy=47.3µs time.idle=120ns
2026-10-07T19:58:56.604588Z  INFO falcon_algebraic:prove:falcon_algebraic:bitz:falcon_bridge:wfbitz_forest:spartan:grinding{bits=14}: bitz::piop::spartan::grinding: close time.busy=40.0µs time.idle=120ns
2026-10-07T19:58:56.605052Z  INFO falcon_algebraic:prove:falcon_algebraic:bitz:falcon_bridge:wfbitz_forest: bitz::hybrid::integer_bridge: close time.busy=62.1ms time.idle=150ns
2026-10-07T19:58:56.605118Z  INFO falcon_algebraic:prove:falcon_algebraic:bitz: bitz::piop::spartan::falcon512_algebraic::protocol: close time.busy=66.4ms time.idle=160ns
2026-10-07T19:58:56.608657Z  INFO falcon_algebraic:prove:falcon_joint:packed_setup: bitz::hybrid::joint_sumcheck: close time.busy=3.54ms time.idle=150ns
2026-10-07T19:58:56.608712Z  INFO falcon_algebraic:prove:spartan:round_grinding_prove:spartan:grinding{bits=10}: bitz::piop::spartan::grinding: close time.busy=2.13µs time.idle=111ns
2026-10-07T19:58:56.608713Z  INFO falcon_algebraic:prove:spartan:round_grinding_prove: bitz::sumcheck::boundary: close time.busy=4.66µs time.idle=140ns
2026-10-07T19:58:56.608772Z  INFO falcon_algebraic:prove:spartan:round_grinding_prove:spartan:grinding{bits=10}: bitz::piop::spartan::grinding: close time.busy=351ns time.idle=110ns
2026-10-07T19:58:56.608773Z  INFO falcon_algebraic:prove:spartan:round_grinding_prove: bitz::sumcheck::boundary: close time.busy=2.72µs time.idle=120ns
2026-10-07T19:58:56.608832Z  INFO falcon_algebraic:prove:spartan:round_grinding_prove:spartan:grinding{bits=10}: bitz::piop::spartan::grinding: close time.busy=4.61µs time.idle=111ns
2026-10-07T19:58:56.608833Z  INFO falcon_algebraic:prove:spartan:round_grinding_prove: bitz::sumcheck::boundary: close time.busy=6.78µs time.idle=110ns
2026-10-07T19:58:56.608904Z  INFO falcon_algebraic:prove:spartan:round_grinding_prove:spartan:grinding{bits=10}: bitz::piop::spartan::grinding: close time.busy=19.2µs time.idle=121ns
2026-10-07T19:58:56.608905Z  INFO falcon_algebraic:prove:spartan:round_grinding_prove: bitz::sumcheck::boundary: close time.busy=21.4µs time.idle=130ns
2026-10-07T19:58:56.608960Z  INFO falcon_algebraic:prove:spartan:round_grinding_prove:spartan:grinding{bits=10}: bitz::piop::spartan::grinding: close time.busy=3.81µs time.idle=110ns
2026-10-07T19:58:56.608961Z  INFO falcon_algebraic:prove:spartan:round_grinding_prove: bitz::sumcheck::boundary: close time.busy=6.33µs time.idle=120ns
2026-10-07T19:58:56.609012Z  INFO falcon_algebraic:prove:spartan:round_grinding_prove:spartan:grinding{bits=10}: bitz::piop::spartan::grinding: close time.busy=401ns time.idle=120ns
2026-10-07T19:58:56.609013Z  INFO falcon_algebraic:prove:spartan:round_grinding_prove: bitz::sumcheck::boundary: close time.busy=2.65µs time.idle=110ns
2026-10-07T19:58:56.609070Z  INFO falcon_algebraic:prove:spartan:round_grinding_prove:spartan:grinding{bits=10}: bitz::piop::spartan::grinding: close time.busy=3.20µs time.idle=110ns
2026-10-07T19:58:56.609071Z  INFO falcon_algebraic:prove:spartan:round_grinding_prove: bitz::sumcheck::boundary: close time.busy=5.44µs time.idle=110ns
2026-10-07T19:58:56.610436Z  INFO falcon_algebraic:prove:falcon_joint:prepare: bitz::hybrid::joint_sumcheck: close time.busy=1.36ms time.idle=140ns
2026-10-07T19:58:56.610448Z  INFO falcon_algebraic:prove:spartan:round_grinding_prove:spartan:grinding{bits=10}: bitz::piop::spartan::grinding: close time.busy=8.99µs time.idle=110ns
2026-10-07T19:58:56.610449Z  INFO falcon_algebraic:prove:spartan:round_grinding_prove: bitz::sumcheck::boundary: close time.busy=11.5µs time.idle=180ns
2026-10-07T19:58:56.610724Z  INFO falcon_algebraic:prove:falcon_joint:compact: bitz::hybrid::joint_sumcheck: close time.busy=272µs time.idle=140ns
2026-10-07T19:58:56.610728Z  INFO falcon_algebraic:prove:spartan:round_grinding_prove:spartan:grinding{bits=10}: bitz::piop::spartan::grinding: close time.busy=711ns time.idle=110ns
2026-10-07T19:58:56.610729Z  INFO falcon_algebraic:prove:spartan:round_grinding_prove: bitz::sumcheck::boundary: close time.busy=3.35µs time.idle=171ns
2026-10-07T19:58:56.610869Z  INFO falcon_algebraic:prove:falcon_joint:compact: bitz::hybrid::joint_sumcheck: close time.busy=138µs time.idle=120ns
2026-10-07T19:58:56.610875Z  INFO falcon_algebraic:prove:spartan:round_grinding_prove:spartan:grinding{bits=10}: bitz::piop::spartan::grinding: close time.busy=3.62µs time.idle=110ns
2026-10-07T19:58:56.610877Z  INFO falcon_algebraic:prove:spartan:round_grinding_prove: bitz::sumcheck::boundary: close time.busy=6.39µs time.idle=110ns
2026-10-07T19:58:56.610968Z  INFO falcon_algebraic:prove:falcon_joint:compact: bitz::hybrid::joint_sumcheck: close time.busy=88.8µs time.idle=120ns
2026-10-07T19:58:56.610975Z  INFO falcon_algebraic:prove:spartan:round_grinding_prove:spartan:grinding{bits=10}: bitz::piop::spartan::grinding: close time.busy=4.43µs time.idle=110ns
2026-10-07T19:58:56.610976Z  INFO falcon_algebraic:prove:spartan:round_grinding_prove: bitz::sumcheck::boundary: close time.busy=6.66µs time.idle=121ns
2026-10-07T19:58:56.611055Z  INFO falcon_algebraic:prove:falcon_joint:compact: bitz::hybrid::joint_sumcheck: close time.busy=77.4µs time.idle=110ns
2026-10-07T19:58:56.611058Z  INFO falcon_algebraic:prove:spartan:round_grinding_prove:spartan:grinding{bits=10}: bitz::piop::spartan::grinding: close time.busy=401ns time.idle=110ns
2026-10-07T19:58:56.611060Z  INFO falcon_algebraic:prove:spartan:round_grinding_prove: bitz::sumcheck::boundary: close time.busy=2.65µs time.idle=120ns
2026-10-07T19:58:56.611078Z  INFO falcon_algebraic:prove:falcon_joint:dense: bitz::hybrid::joint_sumcheck: close time.busy=16.5µs time.idle=130ns
2026-10-07T19:58:56.611082Z  INFO falcon_algebraic:prove:spartan:round_grinding_prove:spartan:grinding{bits=10}: bitz::piop::spartan::grinding: close time.busy=1.51µs time.idle=110ns
2026-10-07T19:58:56.611083Z  INFO falcon_algebraic:prove:spartan:round_grinding_prove: bitz::sumcheck::boundary: close time.busy=3.58µs time.idle=120ns
2026-10-07T19:58:56.611094Z  INFO falcon_algebraic:prove:falcon_joint:dense: bitz::hybrid::joint_sumcheck: close time.busy=9.34µs time.idle=110ns
2026-10-07T19:58:56.611099Z  INFO falcon_algebraic:prove:spartan:round_grinding_prove:spartan:grinding{bits=10}: bitz::piop::spartan::grinding: close time.busy=2.69µs time.idle=100ns
2026-10-07T19:58:56.611100Z  INFO falcon_algebraic:prove:spartan:round_grinding_prove: bitz::sumcheck::boundary: close time.busy=4.95µs time.idle=110ns
2026-10-07T19:58:56.611108Z  INFO falcon_algebraic:prove:falcon_joint:dense: bitz::hybrid::joint_sumcheck: close time.busy=6.56µs time.idle=120ns
2026-10-07T19:58:56.611113Z  INFO falcon_algebraic:prove:spartan:round_grinding_prove:spartan:grinding{bits=10}: bitz::piop::spartan::grinding: close time.busy=2.87µs time.idle=110ns
2026-10-07T19:58:56.611115Z  INFO falcon_algebraic:prove:spartan:round_grinding_prove: bitz::sumcheck::boundary: close time.busy=5.26µs time.idle=110ns
2026-10-07T19:58:56.611118Z  INFO falcon_algebraic:prove:falcon_joint:dense: bitz::hybrid::joint_sumcheck: close time.busy=1.34µs time.idle=111ns
2026-10-07T19:58:56.611120Z  INFO falcon_algebraic:prove:spartan:round_grinding_prove:spartan:grinding{bits=10}: bitz::piop::spartan::grinding: close time.busy=340ns time.idle=111ns
2026-10-07T19:58:56.611122Z  INFO falcon_algebraic:prove:spartan:round_grinding_prove: bitz::sumcheck::boundary: close time.busy=2.63µs time.idle=120ns
2026-10-07T19:58:56.611124Z  INFO falcon_algebraic:prove:falcon_joint:dense: bitz::hybrid::joint_sumcheck: close time.busy=721ns time.idle=100ns
2026-10-07T19:58:56.611127Z  INFO falcon_algebraic:prove:spartan:round_grinding_prove:spartan:grinding{bits=10}: bitz::piop::spartan::grinding: close time.busy=1.16µs time.idle=100ns
2026-10-07T19:58:56.611129Z  INFO falcon_algebraic:prove:spartan:round_grinding_prove: bitz::sumcheck::boundary: close time.busy=3.62µs time.idle=120ns
2026-10-07T19:58:56.611131Z  INFO falcon_algebraic:prove:falcon_joint:dense: bitz::hybrid::joint_sumcheck: close time.busy=380ns time.idle=101ns
2026-10-07T19:58:56.611140Z  INFO falcon_algebraic:prove:spartan:round_grinding_prove:spartan:grinding{bits=10}: bitz::piop::spartan::grinding: close time.busy=6.60µs time.idle=110ns
2026-10-07T19:58:56.611141Z  INFO falcon_algebraic:prove:spartan:round_grinding_prove: bitz::sumcheck::boundary: close time.busy=8.86µs time.idle=120ns
2026-10-07T19:58:56.611143Z  INFO falcon_algebraic:prove:falcon_joint:dense: bitz::hybrid::joint_sumcheck: close time.busy=231ns time.idle=120ns
2026-10-07T19:58:56.611147Z  INFO falcon_algebraic:prove:spartan:round_grinding_prove:spartan:grinding{bits=10}: bitz::piop::spartan::grinding: close time.busy=1.71µs time.idle=110ns
2026-10-07T19:58:56.611148Z  INFO falcon_algebraic:prove:spartan:round_grinding_prove: bitz::sumcheck::boundary: close time.busy=3.76µs time.idle=111ns
2026-10-07T19:58:56.611150Z  INFO falcon_algebraic:prove:falcon_joint:dense: bitz::hybrid::joint_sumcheck: close time.busy=151ns time.idle=120ns
2026-10-07T19:58:56.611153Z  INFO falcon_algebraic:prove:spartan:round_grinding_prove:spartan:grinding{bits=10}: bitz::piop::spartan::grinding: close time.busy=1.17µs time.idle=100ns
2026-10-07T19:58:56.611154Z  INFO falcon_algebraic:prove:spartan:round_grinding_prove: bitz::sumcheck::boundary: close time.busy=3.22µs time.idle=120ns
2026-10-07T19:58:56.611156Z  INFO falcon_algebraic:prove:falcon_joint:dense: bitz::hybrid::joint_sumcheck: close time.busy=110ns time.idle=120ns
2026-10-07T19:58:56.611168Z  INFO falcon_algebraic:prove:spartan:round_grinding_prove:spartan:grinding{bits=10}: bitz::piop::spartan::grinding: close time.busy=9.53µs time.idle=111ns
2026-10-07T19:58:56.611169Z  INFO falcon_algebraic:prove:spartan:round_grinding_prove: bitz::sumcheck::boundary: close time.busy=11.6µs time.idle=111ns
2026-10-07T19:58:56.611171Z  INFO falcon_algebraic:prove:falcon_joint:dense: bitz::hybrid::joint_sumcheck: close time.busy=90.0ns time.idle=120ns
2026-10-07T19:58:56.611179Z  INFO falcon_algebraic:prove:spartan:round_grinding_prove:spartan:grinding{bits=10}: bitz::piop::spartan::grinding: close time.busy=5.80µs time.idle=100ns
2026-10-07T19:58:56.611180Z  INFO falcon_algebraic:prove:spartan:round_grinding_prove: bitz::sumcheck::boundary: close time.busy=7.88µs time.idle=110ns
2026-10-07T19:58:56.611182Z  INFO falcon_algebraic:prove:falcon_joint:dense: bitz::hybrid::joint_sumcheck: close time.busy=100ns time.idle=111ns
2026-10-07T19:58:56.611192Z  INFO falcon_algebraic:prove:spartan:round_grinding_prove:spartan:grinding{bits=10}: bitz::piop::spartan::grinding: close time.busy=7.87µs time.idle=100ns
2026-10-07T19:58:56.611193Z  INFO falcon_algebraic:prove:spartan:round_grinding_prove: bitz::sumcheck::boundary: close time.busy=10.1µs time.idle=110ns
2026-10-07T19:58:56.611195Z  INFO falcon_algebraic:prove:falcon_joint:dense: bitz::hybrid::joint_sumcheck: close time.busy=170ns time.idle=111ns
2026-10-07T19:58:56.611206Z  INFO falcon_algebraic:prove:spartan:round_grinding_prove:spartan:grinding{bits=10}: bitz::piop::spartan::grinding: close time.busy=8.82µs time.idle=110ns
2026-10-07T19:58:56.611207Z  INFO falcon_algebraic:prove:spartan:round_grinding_prove: bitz::sumcheck::boundary: close time.busy=11.0µs time.idle=110ns
2026-10-07T19:58:56.611209Z  INFO falcon_algebraic:prove:falcon_joint:dense: bitz::hybrid::joint_sumcheck: close time.busy=70.0ns time.idle=120ns
2026-10-07T19:58:56.611212Z  INFO falcon_algebraic:prove:spartan:round_grinding_prove:spartan:grinding{bits=10}: bitz::piop::spartan::grinding: close time.busy=1.12µs time.idle=100ns
2026-10-07T19:58:56.611213Z  INFO falcon_algebraic:prove:spartan:round_grinding_prove: bitz::sumcheck::boundary: close time.busy=3.22µs time.idle=110ns
2026-10-07T19:58:56.611215Z  INFO falcon_algebraic:prove:falcon_joint:dense: bitz::hybrid::joint_sumcheck: close time.busy=60.0ns time.idle=121ns
2026-10-07T19:58:56.614628Z  INFO falcon_algebraic:prove:falcon_algebraic:pcs:op:ring_switch:spartan:grinding{bits=12}: bitz::piop::spartan::grinding: close time.busy=11.4µs time.idle=130ns
2026-10-07T19:58:56.614641Z  INFO falcon_algebraic:prove:falcon_algebraic:pcs:op:ring_switch: bitz::hybrid::opening: close time.busy=3.42ms time.idle=132ns
2026-10-07T19:58:56.614652Z  INFO falcon_algebraic:prove:falcon_algebraic:pcs:op:extra_bases:spartan:grinding{bits=12}: bitz::piop::spartan::grinding: close time.busy=7.25µs time.idle=120ns
2026-10-07T19:58:56.618380Z  INFO falcon_algebraic:prove:falcon_algebraic:pcs:op:extra_bases:op:initial_messages: bitz::hybrid::opening::streamed: close time.busy=3.71ms time.idle=320ns
2026-10-07T19:58:56.618382Z  INFO falcon_algebraic:prove:falcon_algebraic:pcs:op:extra_bases: bitz::hybrid::opening: close time.busy=3.74ms time.idle=160ns
2026-10-07T19:58:56.618400Z  INFO falcon_algebraic:prove:falcon_algebraic:pcs:op:ligerito:lig:grind_pow{bits=20}:spartan:grinding{bits=12}: bitz::piop::spartan::grinding: close time.busy=11.5µs time.idle=120ns
2026-10-07T19:58:56.625016Z  INFO falcon_algebraic:prove:falcon_algebraic:pcs:op:ligerito:lig:grind_pow{bits=20 seed_lo=16375824786920364557 seed_hi=1983144282459121119 nonce=1785466}: bitz::ligerito_flock: close time.busy=6.63ms time.idle=120ns
2026-10-07T19:58:56.625028Z  INFO falcon_algebraic:prove:falcon_algebraic:pcs:op:ligerito:spartan:grinding{bits=12}: bitz::piop::spartan::grinding: close time.busy=9.04µs time.idle=120ns
2026-10-07T19:58:56.625072Z  INFO falcon_algebraic:prove:falcon_algebraic:pcs:op:ligerito:lig:grind_pow{bits=20}:spartan:grinding{bits=12}: bitz::piop::spartan::grinding: close time.busy=39.8µs time.idle=160ns
2026-10-07T19:58:56.630403Z  INFO falcon_algebraic:prove:falcon_algebraic:pcs:op:ligerito:lig:grind_pow{bits=20 seed_lo=14517310510578505501 seed_hi=6928831755814259526 nonce=1434179}: bitz::ligerito_flock: close time.busy=5.37ms time.idle=100ns
2026-10-07T19:58:56.630423Z  INFO falcon_algebraic:prove:falcon_algebraic:pcs:op:ligerito:spartan:grinding{bits=12}: bitz::piop::spartan::grinding: close time.busy=17.7µs time.idle=120ns
2026-10-07T19:58:56.631692Z  INFO falcon_algebraic:prove:falcon_algebraic:pcs:op:ligerito:op:deferred_first_fold: bitz::hybrid::opening::streamed: close time.busy=1.27ms time.idle=141ns
2026-10-07T19:58:56.631725Z  INFO falcon_algebraic:prove:falcon_algebraic:pcs:op:ligerito:lig:grind_pow{bits=20}:spartan:grinding{bits=12}: bitz::piop::spartan::grinding: close time.busy=28.9µs time.idle=250ns
2026-10-07T19:58:56.634491Z  INFO falcon_algebraic:prove:falcon_algebraic:pcs:op:ligerito:lig:grind_pow{bits=20 seed_lo=14441719486906525332 seed_hi=4887251053874519830 nonce=749449}: bitz::ligerito_flock: close time.busy=2.80ms time.idle=160ns
2026-10-07T19:58:56.634507Z  INFO falcon_algebraic:prove:falcon_algebraic:pcs:op:ligerito:spartan:grinding{bits=12}: bitz::piop::spartan::grinding: close time.busy=13.5µs time.idle=121ns
2026-10-07T19:58:56.634526Z  INFO falcon_algebraic:prove:falcon_algebraic:pcs:op:ligerito:lig:grind_pow{bits=20}:spartan:grinding{bits=12}: bitz::piop::spartan::grinding: close time.busy=15.0µs time.idle=180ns
2026-10-07T19:58:56.636890Z  INFO falcon_algebraic:prove:falcon_algebraic:pcs:op:ligerito:lig:grind_pow{bits=20 seed_lo=4040019448686371158 seed_hi=12007848838415722241 nonce=638779}: bitz::ligerito_flock: close time.busy=2.38ms time.idle=111ns
2026-10-07T19:58:56.636915Z  INFO falcon_algebraic:prove:falcon_algebraic:pcs:op:ligerito:spartan:grinding{bits=12}: bitz::piop::spartan::grinding: close time.busy=23.3µs time.idle=130ns
2026-10-07T19:58:56.637922Z  INFO falcon_algebraic:prove:falcon_algebraic:pcs:op:ligerito:lig:grind_pow{bits=11}:spartan:grinding{bits=12}: bitz::piop::spartan::grinding: close time.busy=25.4µs time.idle=121ns
2026-10-07T19:58:56.637932Z  INFO falcon_algebraic:prove:falcon_algebraic:pcs:op:ligerito:lig:grind_pow{bits=11 seed_lo=12168614032339833606 seed_hi=677864334761961363 nonce=1876}: bitz::ligerito_flock: close time.busy=35.8µs time.idle=120ns
2026-10-07T19:58:56.637958Z  INFO falcon_algebraic:prove:falcon_algebraic:pcs:op:ligerito:spartan:grinding{bits=12}: bitz::piop::spartan::grinding: close time.busy=24.5µs time.idle=111ns
2026-10-07T19:58:56.638935Z  INFO falcon_algebraic:prove:falcon_algebraic:pcs:op:ligerito:lig:grind_pow{bits=7}:spartan:grinding{bits=12}: bitz::piop::spartan::grinding: close time.busy=6.91µs time.idle=110ns
2026-10-07T19:58:56.638938Z  INFO falcon_algebraic:prove:falcon_algebraic:pcs:op:ligerito:lig:grind_pow{bits=7 seed_lo=12556229113317911125 seed_hi=6749826581381619231 nonce=24}: bitz::ligerito_flock: close time.busy=10.7µs time.idle=121ns
2026-10-07T19:58:56.638961Z  INFO falcon_algebraic:prove:falcon_algebraic:pcs:op:ligerito:spartan:grinding{bits=12}: bitz::piop::spartan::grinding: close time.busy=20.0µs time.idle=110ns
2026-10-07T19:58:56.639023Z  INFO falcon_algebraic:prove:falcon_algebraic:pcs:op:ligerito:lig:grind_pow{bits=19}:spartan:grinding{bits=12}: bitz::piop::spartan::grinding: close time.busy=22.4µs time.idle=161ns
2026-10-07T19:58:56.639522Z  INFO falcon_algebraic:prove:falcon_algebraic:pcs:op:ligerito:lig:grind_pow{bits=19 seed_lo=4999734546879186383 seed_hi=5642541635383918156 nonce=133341}: bitz::ligerito_flock: close time.busy=523µs time.idle=110ns
2026-10-07T19:58:56.639551Z  INFO falcon_algebraic:prove:falcon_algebraic:pcs:op:ligerito:spartan:grinding{bits=12}: bitz::piop::spartan::grinding: close time.busy=26.8µs time.idle=110ns
2026-10-07T19:58:56.639614Z  INFO falcon_algebraic:prove:falcon_algebraic:pcs:op:ligerito:lig:grind_pow{bits=19}:spartan:grinding{bits=12}: bitz::piop::spartan::grinding: close time.busy=32.0µs time.idle=110ns
2026-10-07T19:58:56.640678Z  INFO falcon_algebraic:prove:falcon_algebraic:pcs:op:ligerito:lig:grind_pow{bits=19 seed_lo=16120839933993617660 seed_hi=8845007109929095843 nonce=285668}: bitz::ligerito_flock: close time.busy=1.10ms time.idle=121ns
2026-10-07T19:58:56.640694Z  INFO falcon_algebraic:prove:falcon_algebraic:pcs:op:ligerito:spartan:grinding{bits=12}: bitz::piop::spartan::grinding: close time.busy=13.9µs time.idle=110ns
2026-10-07T19:58:56.640774Z  INFO falcon_algebraic:prove:falcon_algebraic:pcs:op:ligerito:lig:grind_pow{bits=19}:spartan:grinding{bits=12}: bitz::piop::spartan::grinding: close time.busy=62.4µs time.idle=110ns
2026-10-07T19:58:56.648105Z  INFO falcon_algebraic:prove:falcon_algebraic:pcs:op:ligerito:lig:grind_pow{bits=19 seed_lo=7533905475163248731 seed_hi=13331801534544350727 nonce=1978168}: bitz::ligerito_flock: close time.busy=7.39ms time.idle=120ns
2026-10-07T19:58:56.648122Z  INFO falcon_algebraic:prove:falcon_algebraic:pcs:op:ligerito:spartan:grinding{bits=12}: bitz::piop::spartan::grinding: close time.busy=15.0µs time.idle=100ns
2026-10-07T19:58:56.648331Z  INFO falcon_algebraic:prove:falcon_algebraic:pcs:op:ligerito:lig:grind_pow{bits=11}:spartan:grinding{bits=12}: bitz::piop::spartan::grinding: close time.busy=6.00µs time.idle=121ns
2026-10-07T19:58:56.648340Z  INFO falcon_algebraic:prove:falcon_algebraic:pcs:op:ligerito:lig:grind_pow{bits=11 seed_lo=13414360004935892538 seed_hi=13352016151955891289 nonce=1894}: bitz::ligerito_flock: close time.busy=16.4µs time.idle=110ns
2026-10-07T19:58:56.648351Z  INFO falcon_algebraic:prove:falcon_algebraic:pcs:op:ligerito:spartan:grinding{bits=12}: bitz::piop::spartan::grinding: close time.busy=8.40µs time.idle=120ns
2026-10-07T19:58:56.649339Z  INFO falcon_algebraic:prove:falcon_algebraic:pcs:op:ligerito:lig:grind_pow{bits=7}:spartan:grinding{bits=12}: bitz::piop::spartan::grinding: close time.busy=51.6µs time.idle=121ns
2026-10-07T19:58:56.649342Z  INFO falcon_algebraic:prove:falcon_algebraic:pcs:op:ligerito:lig:grind_pow{bits=7 seed_lo=14011323245469665233 seed_hi=10627610180640753093 nonce=87}: bitz::ligerito_flock: close time.busy=55.2µs time.idle=101ns
2026-10-07T19:58:56.649377Z  INFO falcon_algebraic:prove:falcon_algebraic:pcs:op:ligerito:spartan:grinding{bits=12}: bitz::piop::spartan::grinding: close time.busy=33.2µs time.idle=110ns
2026-10-07T19:58:56.649401Z  INFO falcon_algebraic:prove:falcon_algebraic:pcs:op:ligerito:lig:grind_pow{bits=17}:spartan:grinding{bits=12}: bitz::piop::spartan::grinding: close time.busy=16.9µs time.idle=120ns
2026-10-07T19:58:56.649434Z  INFO falcon_algebraic:prove:falcon_algebraic:pcs:op:ligerito:lig:grind_pow{bits=17 seed_lo=12040305675577541021 seed_hi=4448544093894922929 nonce=7149}: bitz::ligerito_flock: close time.busy=50.2µs time.idle=111ns
2026-10-07T19:58:56.649453Z  INFO falcon_algebraic:prove:falcon_algebraic:pcs:op:ligerito:spartan:grinding{bits=12}: bitz::piop::spartan::grinding: close time.busy=17.4µs time.idle=110ns
2026-10-07T19:58:56.649473Z  INFO falcon_algebraic:prove:falcon_algebraic:pcs:op:ligerito:lig:grind_pow{bits=17}:spartan:grinding{bits=12}: bitz::piop::spartan::grinding: close time.busy=9.72µs time.idle=121ns
2026-10-07T19:58:56.649496Z  INFO falcon_algebraic:prove:falcon_algebraic:pcs:op:ligerito:lig:grind_pow{bits=17 seed_lo=14594745866361555729 seed_hi=4481801811290485119 nonce=4584}: bitz::ligerito_flock: close time.busy=33.5µs time.idle=101ns
2026-10-07T19:58:56.649536Z  INFO falcon_algebraic:prove:falcon_algebraic:pcs:op:ligerito:spartan:grinding{bits=12}: bitz::piop::spartan::grinding: close time.busy=37.6µs time.idle=120ns
2026-10-07T19:58:56.649550Z  INFO falcon_algebraic:prove:falcon_algebraic:pcs:op:ligerito:lig:grind_pow{bits=17}:spartan:grinding{bits=12}: bitz::piop::spartan::grinding: close time.busy=8.38µs time.idle=130ns
2026-10-07T19:58:56.649672Z  INFO falcon_algebraic:prove:falcon_algebraic:pcs:op:ligerito:lig:grind_pow{bits=17 seed_lo=13300957292935261440 seed_hi=4548511347967446605 nonce=31400}: bitz::ligerito_flock: close time.busy=131µs time.idle=111ns
2026-10-07T19:58:56.649721Z  INFO falcon_algebraic:prove:falcon_algebraic:pcs:op:ligerito:spartan:grinding{bits=12}: bitz::piop::spartan::grinding: close time.busy=46.6µs time.idle=121ns
2026-10-07T19:58:56.649786Z  INFO falcon_algebraic:prove:falcon_algebraic:pcs:op:ligerito:lig:grind_pow{bits=11}:spartan:grinding{bits=12}: bitz::piop::spartan::grinding: close time.busy=17.6µs time.idle=110ns
2026-10-07T19:58:56.649798Z  INFO falcon_algebraic:prove:falcon_algebraic:pcs:op:ligerito:lig:grind_pow{bits=11 seed_lo=5054118974374254575 seed_hi=14981614931524400151 nonce=2654}: bitz::ligerito_flock: close time.busy=30.0µs time.idle=100ns
2026-10-07T19:58:56.649829Z  INFO falcon_algebraic:prove:falcon_algebraic:pcs:op:ligerito:spartan:grinding{bits=12}: bitz::piop::spartan::grinding: close time.busy=29.1µs time.idle=120ns
2026-10-07T19:58:56.650007Z  INFO falcon_algebraic:prove:falcon_algebraic:pcs:op:ligerito:lig:grind_pow{bits=7}:spartan:grinding{bits=12}: bitz::piop::spartan::grinding: close time.busy=8.16µs time.idle=110ns
2026-10-07T19:58:56.650010Z  INFO falcon_algebraic:prove:falcon_algebraic:pcs:op:ligerito:lig:grind_pow{bits=7 seed_lo=10782382566308342209 seed_hi=11179761202078984758 nonce=218}: bitz::ligerito_flock: close time.busy=12.1µs time.idle=130ns
2026-10-07T19:58:56.650019Z  INFO falcon_algebraic:prove:falcon_algebraic:pcs:op:ligerito:spartan:grinding{bits=12}: bitz::piop::spartan::grinding: close time.busy=6.52µs time.idle=110ns
2026-10-07T19:58:56.650032Z  INFO falcon_algebraic:prove:falcon_algebraic:pcs:op:ligerito:lig:grind_pow{bits=15}:spartan:grinding{bits=12}: bitz::piop::spartan::grinding: close time.busy=9.36µs time.idle=121ns
2026-10-07T19:58:56.650144Z  INFO falcon_algebraic:prove:falcon_algebraic:pcs:op:ligerito:lig:grind_pow{bits=15 seed_lo=1228380510673385658 seed_hi=4608945683697044113 nonce=28426}: bitz::ligerito_flock: close time.busy=123µs time.idle=110ns
2026-10-07T19:58:56.650154Z  INFO falcon_algebraic:prove:falcon_algebraic:pcs:op:ligerito:spartan:grinding{bits=12}: bitz::piop::spartan::grinding: close time.busy=7.62µs time.idle=110ns
2026-10-07T19:58:56.650162Z  INFO falcon_algebraic:prove:falcon_algebraic:pcs:op:ligerito:lig:grind_pow{bits=15}:spartan:grinding{bits=12}: bitz::piop::spartan::grinding: close time.busy=4.04µs time.idle=110ns
2026-10-07T19:58:56.650261Z  INFO falcon_algebraic:prove:falcon_algebraic:pcs:op:ligerito:lig:grind_pow{bits=15 seed_lo=15181336230616402119 seed_hi=7493050434602918546 nonce=25325}: bitz::ligerito_flock: close time.busy=104µs time.idle=111ns
2026-10-07T19:58:56.650272Z  INFO falcon_algebraic:prove:falcon_algebraic:pcs:op:ligerito:spartan:grinding{bits=12}: bitz::piop::spartan::grinding: close time.busy=8.47µs time.idle=190ns
2026-10-07T19:58:56.650287Z  INFO falcon_algebraic:prove:falcon_algebraic:pcs:op:ligerito:lig:grind_pow{bits=15}:spartan:grinding{bits=12}: bitz::piop::spartan::grinding: close time.busy=11.8µs time.idle=111ns
2026-10-07T19:58:56.650398Z  INFO falcon_algebraic:prove:falcon_algebraic:pcs:op:ligerito:lig:grind_pow{bits=15 seed_lo=7421790146636421713 seed_hi=16128424606281112580 nonce=28449}: bitz::ligerito_flock: close time.busy=124µs time.idle=121ns
2026-10-07T19:58:56.650412Z  INFO falcon_algebraic:prove:falcon_algebraic:pcs:op:ligerito:spartan:grinding{bits=12}: bitz::piop::spartan::grinding: close time.busy=11.3µs time.idle=110ns
2026-10-07T19:58:56.650422Z  INFO falcon_algebraic:prove:falcon_algebraic:pcs:op:ligerito:lig:grind_pow{bits=11}:spartan:grinding{bits=12}: bitz::piop::spartan::grinding: close time.busy=5.07µs time.idle=110ns
2026-10-07T19:58:56.650426Z  INFO falcon_algebraic:prove:falcon_algebraic:pcs:op:ligerito:lig:grind_pow{bits=11 seed_lo=14005453541847172307 seed_hi=3880069313824445422 nonce=567}: bitz::ligerito_flock: close time.busy=10.3µs time.idle=110ns
2026-10-07T19:58:56.650436Z  INFO falcon_algebraic:prove:falcon_algebraic:pcs:op:ligerito:spartan:grinding{bits=12}: bitz::piop::spartan::grinding: close time.busy=7.38µs time.idle=110ns
2026-10-07T19:58:56.650513Z  INFO falcon_algebraic:prove:falcon_algebraic:pcs:op:ligerito: bitz::hybrid::opening: close time.busy=32.1ms time.idle=171ns
2026-10-07T19:58:56.650517Z  INFO falcon_algebraic:prove:falcon_algebraic:pcs: bitz::piop::spartan::falcon512_algebraic::protocol: close time.busy=39.3ms time.idle=140ns
2026-10-07T19:58:56.651023Z  INFO falcon_algebraic:prove: bitz::piop::spartan::falcon512_algebraic::protocol: close time.busy=342ms time.idle=210ns
2026-10-07T19:58:56.662785Z  INFO falcon_algebraic:verify:falcon_algebraic_ring:verify:falcon_algebraic_ring:coordinates: bitz::piop::spartan::falcon512_algebraic::ring: close time.busy=3.48ms time.idle=120ns
2026-10-07T19:58:56.681560Z  INFO falcon_algebraic:verify:falcon_algebraic_ring:verify:falcon_algebraic_ring:collapse: bitz::piop::spartan::falcon512_algebraic::ring: close time.busy=18.8ms time.idle=140ns
2026-10-07T19:58:56.681563Z  INFO falcon_algebraic:verify:falcon_algebraic_ring:verify: bitz::piop::spartan::falcon512_algebraic::ring: close time.busy=22.5ms time.idle=172ns
2026-10-07T19:58:56.681589Z  INFO falcon_algebraic:verify:spartan:round_grinding_verify: bitz::sumcheck::boundary: close time.busy=962ns time.idle=140ns
2026-10-07T19:58:56.681593Z  INFO falcon_algebraic:verify:spartan:round_grinding_verify: bitz::sumcheck::boundary: close time.busy=832ns time.idle=110ns
2026-10-07T19:58:56.681597Z  INFO falcon_algebraic:verify:spartan:round_grinding_verify: bitz::sumcheck::boundary: close time.busy=901ns time.idle=131ns
2026-10-07T19:58:56.681601Z  INFO falcon_algebraic:verify:spartan:round_grinding_verify: bitz::sumcheck::boundary: close time.busy=872ns time.idle=110ns
2026-10-07T19:58:56.681605Z  INFO falcon_algebraic:verify:spartan:round_grinding_verify: bitz::sumcheck::boundary: close time.busy=721ns time.idle=110ns
2026-10-07T19:58:56.681610Z  INFO falcon_algebraic:verify:spartan:round_grinding_verify: bitz::sumcheck::boundary: close time.busy=811ns time.idle=110ns
2026-10-07T19:58:56.681614Z  INFO falcon_algebraic:verify:spartan:round_grinding_verify: bitz::sumcheck::boundary: close time.busy=811ns time.idle=120ns
2026-10-07T19:58:56.681618Z  INFO falcon_algebraic:verify:spartan:round_grinding_verify: bitz::sumcheck::boundary: close time.busy=922ns time.idle=120ns
2026-10-07T19:58:56.681622Z  INFO falcon_algebraic:verify:spartan:round_grinding_verify: bitz::sumcheck::boundary: close time.busy=872ns time.idle=110ns
2026-10-07T19:58:56.681627Z  INFO falcon_algebraic:verify:spartan:round_grinding_verify: bitz::sumcheck::boundary: close time.busy=761ns time.idle=110ns
2026-10-07T19:58:56.681632Z  INFO falcon_algebraic:verify:spartan:round_grinding_verify: bitz::sumcheck::boundary: close time.busy=871ns time.idle=111ns
2026-10-07T19:58:56.681636Z  INFO falcon_algebraic:verify:spartan:round_grinding_verify: bitz::sumcheck::boundary: close time.busy=821ns time.idle=111ns
2026-10-07T19:58:56.681640Z  INFO falcon_algebraic:verify:spartan:round_grinding_verify: bitz::sumcheck::boundary: close time.busy=941ns time.idle=111ns
2026-10-07T19:58:56.681646Z  INFO falcon_algebraic:verify:spartan:round_grinding_verify: bitz::sumcheck::boundary: close time.busy=951ns time.idle=111ns
2026-10-07T19:58:56.681651Z  INFO falcon_algebraic:verify:spartan:round_grinding_verify: bitz::sumcheck::boundary: close time.busy=722ns time.idle=110ns
2026-10-07T19:58:56.681655Z  INFO falcon_algebraic:verify:spartan:round_grinding_verify: bitz::sumcheck::boundary: close time.busy=802ns time.idle=110ns
2026-10-07T19:58:56.681659Z  INFO falcon_algebraic:verify:spartan:round_grinding_verify: bitz::sumcheck::boundary: close time.busy=912ns time.idle=120ns
2026-10-07T19:58:56.681664Z  INFO falcon_algebraic:verify:spartan:round_grinding_verify: bitz::sumcheck::boundary: close time.busy=771ns time.idle=100ns
2026-10-07T19:58:56.681669Z  INFO falcon_algebraic:verify:spartan:round_grinding_verify: bitz::sumcheck::boundary: close time.busy=892ns time.idle=110ns
2026-10-07T19:58:56.691394Z  INFO falcon_algebraic:verify:spartan:round_grinding_verify: bitz::sumcheck::boundary: close time.busy=1.07µs time.idle=160ns
2026-10-07T19:58:56.691398Z  INFO falcon_algebraic:verify:spartan:round_grinding_verify: bitz::sumcheck::boundary: close time.busy=812ns time.idle=120ns
2026-10-07T19:58:56.691402Z  INFO falcon_algebraic:verify:spartan:round_grinding_verify: bitz::sumcheck::boundary: close time.busy=822ns time.idle=120ns
2026-10-07T19:58:56.691406Z  INFO falcon_algebraic:verify:spartan:round_grinding_verify: bitz::sumcheck::boundary: close time.busy=821ns time.idle=101ns
2026-10-07T19:58:56.691409Z  INFO falcon_algebraic:verify:spartan:round_grinding_verify: bitz::sumcheck::boundary: close time.busy=882ns time.idle=110ns
2026-10-07T19:58:56.691414Z  INFO falcon_algebraic:verify:spartan:round_grinding_verify: bitz::sumcheck::boundary: close time.busy=1.20µs time.idle=110ns
2026-10-07T19:58:56.691418Z  INFO falcon_algebraic:verify:spartan:round_grinding_verify: bitz::sumcheck::boundary: close time.busy=842ns time.idle=100ns
2026-10-07T19:58:56.691422Z  INFO falcon_algebraic:verify:spartan:round_grinding_verify: bitz::sumcheck::boundary: close time.busy=902ns time.idle=100ns
2026-10-07T19:58:56.691425Z  INFO falcon_algebraic:verify:spartan:round_grinding_verify: bitz::sumcheck::boundary: close time.busy=881ns time.idle=111ns
2026-10-07T19:58:56.691432Z  INFO falcon_algebraic:verify:spartan:round_grinding_verify: bitz::sumcheck::boundary: close time.busy=892ns time.idle=110ns
2026-10-07T19:58:56.691435Z  INFO falcon_algebraic:verify:spartan:round_grinding_verify: bitz::sumcheck::boundary: close time.busy=931ns time.idle=110ns
2026-10-07T19:58:56.691438Z  INFO falcon_algebraic:verify:spartan:round_grinding_verify: bitz::sumcheck::boundary: close time.busy=942ns time.idle=110ns
2026-10-07T19:58:56.691442Z  INFO falcon_algebraic:verify:spartan:round_grinding_verify: bitz::sumcheck::boundary: close time.busy=882ns time.idle=100ns
2026-10-07T19:58:56.691447Z  INFO falcon_algebraic:verify:spartan:round_grinding_verify: bitz::sumcheck::boundary: close time.busy=941ns time.idle=111ns
2026-10-07T19:58:56.691452Z  INFO falcon_algebraic:verify:spartan:round_grinding_verify: bitz::sumcheck::boundary: close time.busy=892ns time.idle=120ns
2026-10-07T19:58:56.691455Z  INFO falcon_algebraic:verify:spartan:round_grinding_verify: bitz::sumcheck::boundary: close time.busy=882ns time.idle=110ns
2026-10-07T19:58:56.691459Z  INFO falcon_algebraic:verify:spartan:round_grinding_verify: bitz::sumcheck::boundary: close time.busy=891ns time.idle=121ns
2026-10-07T19:58:56.691462Z  INFO falcon_algebraic:verify:spartan:round_grinding_verify: bitz::sumcheck::boundary: close time.busy=972ns time.idle=110ns
2026-10-07T19:58:56.691469Z  INFO falcon_algebraic:verify:spartan:round_grinding_verify: bitz::sumcheck::boundary: close time.busy=1.13µs time.idle=110ns
2026-10-07T19:58:56.691471Z  INFO falcon_algebraic:verify:spartan:round_grinding_verify: bitz::sumcheck::boundary: close time.busy=661ns time.idle=100ns
2026-10-07T19:58:56.691474Z  INFO falcon_algebraic:verify:spartan:round_grinding_verify: bitz::sumcheck::boundary: close time.busy=721ns time.idle=111ns
2026-10-07T19:58:56.691477Z  INFO falcon_algebraic:verify:spartan:round_grinding_verify: bitz::sumcheck::boundary: close time.busy=671ns time.idle=100ns
2026-10-07T19:58:56.691480Z  INFO falcon_algebraic:verify:spartan:round_grinding_verify: bitz::sumcheck::boundary: close time.busy=671ns time.idle=110ns
2026-10-07T19:58:56.691483Z  INFO falcon_algebraic:verify:spartan:round_grinding_verify: bitz::sumcheck::boundary: close time.busy=651ns time.idle=130ns
2026-10-07T19:58:56.698752Z  INFO falcon_algebraic:verify:spartan:round_grinding_verify: bitz::sumcheck::boundary: close time.busy=1.06µs time.idle=140ns
2026-10-07T19:58:56.698756Z  INFO falcon_algebraic:verify:spartan:round_grinding_verify: bitz::sumcheck::boundary: close time.busy=1.07µs time.idle=110ns
2026-10-07T19:58:56.698758Z  INFO falcon_algebraic:verify:spartan:round_grinding_verify: bitz::sumcheck::boundary: close time.busy=992ns time.idle=110ns
2026-10-07T19:58:56.698761Z  INFO falcon_algebraic:verify:spartan:round_grinding_verify: bitz::sumcheck::boundary: close time.busy=972ns time.idle=110ns
2026-10-07T19:58:56.698764Z  INFO falcon_algebraic:verify:spartan:round_grinding_verify: bitz::sumcheck::boundary: close time.busy=1.19µs time.idle=110ns
2026-10-07T19:58:56.698767Z  INFO falcon_algebraic:verify:spartan:round_grinding_verify: bitz::sumcheck::boundary: close time.busy=941ns time.idle=121ns
2026-10-07T19:58:56.698769Z  INFO falcon_algebraic:verify:spartan:round_grinding_verify: bitz::sumcheck::boundary: close time.busy=941ns time.idle=111ns
2026-10-07T19:58:56.698772Z  INFO falcon_algebraic:verify:spartan:round_grinding_verify: bitz::sumcheck::boundary: close time.busy=972ns time.idle=100ns
2026-10-07T19:58:56.698775Z  INFO falcon_algebraic:verify:spartan:round_grinding_verify: bitz::sumcheck::boundary: close time.busy=1.03µs time.idle=110ns
2026-10-07T19:58:56.698777Z  INFO falcon_algebraic:verify:spartan:round_grinding_verify: bitz::sumcheck::boundary: close time.busy=1.02µs time.idle=110ns
2026-10-07T19:58:56.698780Z  INFO falcon_algebraic:verify:spartan:round_grinding_verify: bitz::sumcheck::boundary: close time.busy=1.06µs time.idle=110ns
2026-10-07T19:58:56.698783Z  INFO falcon_algebraic:verify:spartan:round_grinding_verify: bitz::sumcheck::boundary: close time.busy=992ns time.idle=110ns
2026-10-07T19:58:56.698786Z  INFO falcon_algebraic:verify:spartan:round_grinding_verify: bitz::sumcheck::boundary: close time.busy=972ns time.idle=110ns
2026-10-07T19:58:56.698788Z  INFO falcon_algebraic:verify:spartan:round_grinding_verify: bitz::sumcheck::boundary: close time.busy=1.02µs time.idle=110ns
2026-10-07T19:58:56.698791Z  INFO falcon_algebraic:verify:spartan:round_grinding_verify: bitz::sumcheck::boundary: close time.busy=1.12µs time.idle=120ns
2026-10-07T19:58:56.698794Z  INFO falcon_algebraic:verify:spartan:round_grinding_verify: bitz::sumcheck::boundary: close time.busy=1.11µs time.idle=110ns
2026-10-07T19:58:56.698797Z  INFO falcon_algebraic:verify:spartan:round_grinding_verify: bitz::sumcheck::boundary: close time.busy=1.10µs time.idle=101ns
2026-10-07T19:58:56.698800Z  INFO falcon_algebraic:verify:spartan:round_grinding_verify: bitz::sumcheck::boundary: close time.busy=1.18µs time.idle=110ns
2026-10-07T19:58:56.698802Z  INFO falcon_algebraic:verify:spartan:round_grinding_verify: bitz::sumcheck::boundary: close time.busy=942ns time.idle=110ns
2026-10-07T19:58:56.698805Z  INFO falcon_algebraic:verify:spartan:round_grinding_verify: bitz::sumcheck::boundary: close time.busy=952ns time.idle=110ns
2026-10-07T19:58:56.698808Z  INFO falcon_algebraic:verify:spartan:round_grinding_verify: bitz::sumcheck::boundary: close time.busy=992ns time.idle=110ns
2026-10-07T19:58:56.698810Z  INFO falcon_algebraic:verify:spartan:round_grinding_verify: bitz::sumcheck::boundary: close time.busy=972ns time.idle=110ns
2026-10-07T19:58:56.698813Z  INFO falcon_algebraic:verify:spartan:round_grinding_verify: bitz::sumcheck::boundary: close time.busy=961ns time.idle=111ns
2026-10-07T19:58:56.698817Z  INFO falcon_algebraic:verify:spartan:round_grinding_verify: bitz::sumcheck::boundary: close time.busy=1.10µs time.idle=120ns
2026-10-07T19:58:56.698819Z  INFO falcon_algebraic:verify:spartan:round_grinding_verify: bitz::sumcheck::boundary: close time.busy=1.02µs time.idle=100ns
2026-10-07T19:58:56.701081Z  INFO falcon_algebraic:verify: bitz::piop::spartan::falcon512_algebraic::protocol: close time.busy=50.0ms time.idle=190ns
2026-10-07T19:58:56.733721Z  INFO falcon_algebraic:commit:falcon_algebraic:witness: bitz::piop::spartan::falcon512_algebraic::protocol: close time.busy=32.4ms time.idle=150ns
2026-10-07T19:58:56.763028Z  INFO falcon_algebraic:commit:shared_source:encode: bitz::hybrid::opening: close time.busy=1.55ms time.idle=161ns
2026-10-07T19:58:56.764001Z  INFO falcon_algebraic:commit:shared_source:merkle: bitz::hybrid::opening: close time.busy=971µs time.idle=140ns
2026-10-07T19:58:56.764003Z  INFO falcon_algebraic:commit: bitz::piop::spartan::falcon512_algebraic::protocol: close time.busy=62.7ms time.idle=202ns
2026-10-07T19:58:56.775912Z  INFO falcon_algebraic:prove:falcon_algebraic:ring:falcon_algebraic_ring:prove:falcon_algebraic_ring:coordinates: bitz::piop::spartan::falcon512_algebraic::ring: close time.busy=3.32ms time.idle=270ns
2026-10-07T19:58:56.776720Z  INFO falcon_algebraic:prove:falcon_algebraic:ring:falcon_algebraic_ring:prove:spartan:grinding{bits=11}: bitz::piop::spartan::grinding: close time.busy=7.88µs time.idle=140ns
2026-10-07T19:58:56.795234Z  INFO falcon_algebraic:prove:falcon_algebraic:ring:falcon_algebraic_ring:prove:falcon_algebraic_ring:collapse: bitz::piop::spartan::falcon512_algebraic::ring: close time.busy=18.5ms time.idle=140ns
2026-10-07T19:58:56.795236Z  INFO falcon_algebraic:prove:falcon_algebraic:ring:falcon_algebraic_ring:prove: bitz::piop::spartan::falcon512_algebraic::ring: close time.busy=23.6ms time.idle=170ns
2026-10-07T19:58:56.795237Z  INFO falcon_algebraic:prove:falcon_algebraic:ring: bitz::piop::spartan::falcon512_algebraic::protocol: close time.busy=23.6ms time.idle=171ns
2026-10-07T19:58:56.795245Z  INFO falcon_algebraic:prove:falcon_algebraic:arithmetic:falcon_algebraic:norm:spartan:grinding{bits=11}: bitz::piop::spartan::grinding: close time.busy=5.62µs time.idle=100ns
2026-10-07T19:58:56.824590Z  INFO falcon_algebraic:prove:falcon_algebraic:arithmetic:falcon_algebraic:norm:spartan:round_grinding_prove:spartan:grinding{bits=14}: bitz::piop::spartan::grinding: close time.busy=23.6µs time.idle=130ns
2026-10-07T19:58:56.824594Z  INFO falcon_algebraic:prove:falcon_algebraic:arithmetic:falcon_algebraic:norm:spartan:round_grinding_prove: bitz::sumcheck::boundary: close time.busy=28.9µs time.idle=571ns
2026-10-07T19:58:56.835484Z  INFO falcon_algebraic:prove:falcon_algebraic:arithmetic:falcon_algebraic:norm:spartan:round_grinding_prove:spartan:grinding{bits=14}: bitz::piop::spartan::grinding: close time.busy=163µs time.idle=230ns
2026-10-07T19:58:56.835486Z  INFO falcon_algebraic:prove:falcon_algebraic:arithmetic:falcon_algebraic:norm:spartan:round_grinding_prove: bitz::sumcheck::boundary: close time.busy=167µs time.idle=300ns
2026-10-07T19:58:56.840640Z  INFO falcon_algebraic:prove:falcon_algebraic:arithmetic:falcon_algebraic:norm:spartan:round_grinding_prove:spartan:grinding{bits=14}: bitz::piop::spartan::grinding: close time.busy=39.7µs time.idle=120ns
2026-10-07T19:58:56.840643Z  INFO falcon_algebraic:prove:falcon_algebraic:arithmetic:falcon_algebraic:norm:spartan:round_grinding_prove: bitz::sumcheck::boundary: close time.busy=43.4µs time.idle=200ns
2026-10-07T19:58:56.843180Z  INFO falcon_algebraic:prove:falcon_algebraic:arithmetic:falcon_algebraic:norm:spartan:round_grinding_prove:spartan:grinding{bits=14}: bitz::piop::spartan::grinding: close time.busy=19.4µs time.idle=120ns
2026-10-07T19:58:56.843182Z  INFO falcon_algebraic:prove:falcon_algebraic:arithmetic:falcon_algebraic:norm:spartan:round_grinding_prove: bitz::sumcheck::boundary: close time.busy=22.3µs time.idle=141ns
2026-10-07T19:58:56.844554Z  INFO falcon_algebraic:prove:falcon_algebraic:arithmetic:falcon_algebraic:norm:spartan:round_grinding_prove:spartan:grinding{bits=14}: bitz::piop::spartan::grinding: close time.busy=110µs time.idle=110ns
2026-10-07T19:58:56.844556Z  INFO falcon_algebraic:prove:falcon_algebraic:arithmetic:falcon_algebraic:norm:spartan:round_grinding_prove: bitz::sumcheck::boundary: close time.busy=113µs time.idle=120ns
2026-10-07T19:58:56.845205Z  INFO falcon_algebraic:prove:falcon_algebraic:arithmetic:falcon_algebraic:norm:spartan:round_grinding_prove:spartan:grinding{bits=14}: bitz::piop::spartan::grinding: close time.busy=12.3µs time.idle=111ns
2026-10-07T19:58:56.845207Z  INFO falcon_algebraic:prove:falcon_algebraic:arithmetic:falcon_algebraic:norm:spartan:round_grinding_prove: bitz::sumcheck::boundary: close time.busy=15.0µs time.idle=130ns
2026-10-07T19:58:56.845572Z  INFO falcon_algebraic:prove:falcon_algebraic:arithmetic:falcon_algebraic:norm:spartan:round_grinding_prove:spartan:grinding{bits=14}: bitz::piop::spartan::grinding: close time.busy=44.2µs time.idle=120ns
2026-10-07T19:58:56.845574Z  INFO falcon_algebraic:prove:falcon_algebraic:arithmetic:falcon_algebraic:norm:spartan:round_grinding_prove: bitz::sumcheck::boundary: close time.busy=46.9µs time.idle=111ns
2026-10-07T19:58:56.845754Z  INFO falcon_algebraic:prove:falcon_algebraic:arithmetic:falcon_algebraic:norm:spartan:round_grinding_prove:spartan:grinding{bits=14}: bitz::piop::spartan::grinding: close time.busy=15.7µs time.idle=110ns
2026-10-07T19:58:56.845756Z  INFO falcon_algebraic:prove:falcon_algebraic:arithmetic:falcon_algebraic:norm:spartan:round_grinding_prove: bitz::sumcheck::boundary: close time.busy=18.2µs time.idle=110ns
2026-10-07T19:58:56.845848Z  INFO falcon_algebraic:prove:falcon_algebraic:arithmetic:falcon_algebraic:norm:spartan:round_grinding_prove:spartan:grinding{bits=14}: bitz::piop::spartan::grinding: close time.busy=6.18µs time.idle=120ns
2026-10-07T19:58:56.845849Z  INFO falcon_algebraic:prove:falcon_algebraic:arithmetic:falcon_algebraic:norm:spartan:round_grinding_prove: bitz::sumcheck::boundary: close time.busy=8.36µs time.idle=101ns
2026-10-07T19:58:56.845959Z  INFO falcon_algebraic:prove:falcon_algebraic:arithmetic:falcon_algebraic:norm:spartan:round_grinding_prove:spartan:grinding{bits=14}: bitz::piop::spartan::grinding: close time.busy=60.6µs time.idle=120ns
2026-10-07T19:58:56.845961Z  INFO falcon_algebraic:prove:falcon_algebraic:arithmetic:falcon_algebraic:norm:spartan:round_grinding_prove: bitz::sumcheck::boundary: close time.busy=62.6µs time.idle=100ns
2026-10-07T19:58:56.845995Z  INFO falcon_algebraic:prove:falcon_algebraic:arithmetic:falcon_algebraic:norm:spartan:round_grinding_prove:spartan:grinding{bits=14}: bitz::piop::spartan::grinding: close time.busy=5.87µs time.idle=110ns
2026-10-07T19:58:56.845996Z  INFO falcon_algebraic:prove:falcon_algebraic:arithmetic:falcon_algebraic:norm:spartan:round_grinding_prove: bitz::sumcheck::boundary: close time.busy=7.97µs time.idle=111ns
2026-10-07T19:58:56.846050Z  INFO falcon_algebraic:prove:falcon_algebraic:arithmetic:falcon_algebraic:norm:spartan:round_grinding_prove:spartan:grinding{bits=14}: bitz::piop::spartan::grinding: close time.busy=35.6µs time.idle=110ns
2026-10-07T19:58:56.846051Z  INFO falcon_algebraic:prove:falcon_algebraic:arithmetic:falcon_algebraic:norm:spartan:round_grinding_prove: bitz::sumcheck::boundary: close time.busy=37.7µs time.idle=110ns
2026-10-07T19:58:56.846077Z  INFO falcon_algebraic:prove:falcon_algebraic:arithmetic:falcon_algebraic:norm:spartan:round_grinding_prove:spartan:grinding{bits=14}: bitz::piop::spartan::grinding: close time.busy=13.4µs time.idle=120ns
2026-10-07T19:58:56.846078Z  INFO falcon_algebraic:prove:falcon_algebraic:arithmetic:falcon_algebraic:norm:spartan:round_grinding_prove: bitz::sumcheck::boundary: close time.busy=15.5µs time.idle=120ns
2026-10-07T19:58:56.846103Z  INFO falcon_algebraic:prove:falcon_algebraic:arithmetic:falcon_algebraic:norm:spartan:round_grinding_prove:spartan:grinding{bits=14}: bitz::piop::spartan::grinding: close time.busy=12.6µs time.idle=110ns
2026-10-07T19:58:56.846109Z  INFO falcon_algebraic:prove:falcon_algebraic:arithmetic:falcon_algebraic:norm:spartan:round_grinding_prove: bitz::sumcheck::boundary: close time.busy=19.4µs time.idle=110ns
2026-10-07T19:58:56.846127Z  INFO falcon_algebraic:prove:falcon_algebraic:arithmetic:falcon_algebraic:norm:spartan:round_grinding_prove:spartan:grinding{bits=14}: bitz::piop::spartan::grinding: close time.busy=8.01µs time.idle=130ns
2026-10-07T19:58:56.846128Z  INFO falcon_algebraic:prove:falcon_algebraic:arithmetic:falcon_algebraic:norm:spartan:round_grinding_prove: bitz::sumcheck::boundary: close time.busy=9.98µs time.idle=120ns
2026-10-07T19:58:56.846180Z  INFO falcon_algebraic:prove:falcon_algebraic:arithmetic:falcon_algebraic:norm:spartan:round_grinding_prove:spartan:grinding{bits=14}: bitz::piop::spartan::grinding: close time.busy=43.1µs time.idle=121ns
2026-10-07T19:58:56.846181Z  INFO falcon_algebraic:prove:falcon_algebraic:arithmetic:falcon_algebraic:norm:spartan:round_grinding_prove: bitz::sumcheck::boundary: close time.busy=45.1µs time.idle=110ns
2026-10-07T19:58:56.846231Z  INFO falcon_algebraic:prove:falcon_algebraic:arithmetic:falcon_algebraic:norm:spartan:round_grinding_prove:spartan:grinding{bits=14}: bitz::piop::spartan::grinding: close time.busy=41.7µs time.idle=110ns
2026-10-07T19:58:56.846232Z  INFO falcon_algebraic:prove:falcon_algebraic:arithmetic:falcon_algebraic:norm:spartan:round_grinding_prove: bitz::sumcheck::boundary: close time.busy=43.9µs time.idle=120ns
2026-10-07T19:58:56.846251Z  INFO falcon_algebraic:prove:falcon_algebraic:arithmetic:falcon_algebraic:norm:spartan:round_grinding_prove:spartan:grinding{bits=14}: bitz::piop::spartan::grinding: close time.busy=9.69µs time.idle=111ns
2026-10-07T19:58:56.846253Z  INFO falcon_algebraic:prove:falcon_algebraic:arithmetic:falcon_algebraic:norm:spartan:round_grinding_prove: bitz::sumcheck::boundary: close time.busy=11.7µs time.idle=110ns
2026-10-07T19:58:56.846296Z  INFO falcon_algebraic:prove:falcon_algebraic:arithmetic:falcon_algebraic:norm:spartan:round_grinding_prove:spartan:grinding{bits=14}: bitz::piop::spartan::grinding: close time.busy=35.1µs time.idle=120ns
2026-10-07T19:58:56.846297Z  INFO falcon_algebraic:prove:falcon_algebraic:arithmetic:falcon_algebraic:norm:spartan:round_grinding_prove: bitz::sumcheck::boundary: close time.busy=37.1µs time.idle=120ns
2026-10-07T19:58:56.846306Z  INFO falcon_algebraic:prove:falcon_algebraic:arithmetic:falcon_algebraic:norm: bitz::piop::spartan::falcon512_algebraic::arithmetic: close time.busy=51.1ms time.idle=140ns
2026-10-07T19:58:56.846309Z  INFO falcon_algebraic:prove:falcon_algebraic:arithmetic:falcon_algebraic:binding:spartan:grinding{bits=10}: bitz::piop::spartan::grinding: close time.busy=832ns time.idle=100ns
2026-10-07T19:58:56.892359Z  INFO falcon_algebraic:prove:falcon_algebraic:arithmetic:falcon_algebraic:binding:inner_packed:prefix_accumulators: bitz::sumcheck::inner::packed::state: close time.busy=37.3ms time.idle=300ns
2026-10-07T19:58:56.892367Z  INFO falcon_algebraic:prove:falcon_algebraic:arithmetic:falcon_algebraic:binding:spartan:round_grinding_prove:spartan:grinding{bits=13}: bitz::piop::spartan::grinding: close time.busy=2.31µs time.idle=120ns
2026-10-07T19:58:56.892369Z  INFO falcon_algebraic:prove:falcon_algebraic:arithmetic:falcon_algebraic:binding:spartan:round_grinding_prove: bitz::sumcheck::boundary: close time.busy=5.28µs time.idle=160ns
2026-10-07T19:58:56.892393Z  INFO falcon_algebraic:prove:falcon_algebraic:arithmetic:falcon_algebraic:binding:spartan:round_grinding_prove:spartan:grinding{bits=13}: bitz::piop::spartan::grinding: close time.busy=19.3µs time.idle=121ns
2026-10-07T19:58:56.892394Z  INFO falcon_algebraic:prove:falcon_algebraic:arithmetic:falcon_algebraic:binding:spartan:round_grinding_prove: bitz::sumcheck::boundary: close time.busy=21.6µs time.idle=120ns
2026-10-07T19:58:56.892406Z  INFO falcon_algebraic:prove:falcon_algebraic:arithmetic:falcon_algebraic:binding:spartan:round_grinding_prove:spartan:grinding{bits=13}: bitz::piop::spartan::grinding: close time.busy=7.42µs time.idle=120ns
2026-10-07T19:58:56.892409Z  INFO falcon_algebraic:prove:falcon_algebraic:arithmetic:falcon_algebraic:binding:spartan:round_grinding_prove: bitz::sumcheck::boundary: close time.busy=10.5µs time.idle=120ns
2026-10-07T19:58:56.934067Z  INFO falcon_algebraic:prove:falcon_algebraic:arithmetic:falcon_algebraic:binding:inner_packed:prepare_tail: bitz::sumcheck::inner::packed::state: close time.busy=41.7ms time.idle=380ns
2026-10-07T19:58:56.934089Z  INFO falcon_algebraic:prove:falcon_algebraic:arithmetic:falcon_algebraic:binding:spartan:round_grinding_prove:spartan:grinding{bits=13}: bitz::piop::spartan::grinding: close time.busy=16.0µs time.idle=220ns
2026-10-07T19:58:56.934091Z  INFO falcon_algebraic:prove:falcon_algebraic:arithmetic:falcon_algebraic:binding:spartan:round_grinding_prove: bitz::sumcheck::boundary: close time.busy=19.2µs time.idle=221ns
2026-10-07T19:58:56.957502Z  INFO falcon_algebraic:prove:falcon_algebraic:arithmetic:falcon_algebraic:binding:inner_packed:fold_tail{round=3}: bitz::sumcheck::inner::packed::state: close time.busy=23.4ms time.idle=160ns
2026-10-07T19:58:56.957541Z  INFO falcon_algebraic:prove:falcon_algebraic:arithmetic:falcon_algebraic:binding:spartan:round_grinding_prove:spartan:grinding{bits=13}: bitz::piop::spartan::grinding: close time.busy=34.8µs time.idle=120ns
2026-10-07T19:58:56.957543Z  INFO falcon_algebraic:prove:falcon_algebraic:arithmetic:falcon_algebraic:binding:spartan:round_grinding_prove: bitz::sumcheck::boundary: close time.busy=37.6µs time.idle=472ns
2026-10-07T19:58:56.967386Z  INFO falcon_algebraic:prove:falcon_algebraic:arithmetic:falcon_algebraic:binding:inner_packed:fold_tail{round=4}: bitz::sumcheck::inner::packed::state: close time.busy=9.84ms time.idle=110ns
2026-10-07T19:58:56.967408Z  INFO falcon_algebraic:prove:falcon_algebraic:arithmetic:falcon_algebraic:binding:spartan:round_grinding_prove:spartan:grinding{bits=13}: bitz::piop::spartan::grinding: close time.busy=18.0µs time.idle=110ns
2026-10-07T19:58:56.967410Z  INFO falcon_algebraic:prove:falcon_algebraic:arithmetic:falcon_algebraic:binding:spartan:round_grinding_prove: bitz::sumcheck::boundary: close time.busy=20.6µs time.idle=190ns
2026-10-07T19:58:56.972372Z  INFO falcon_algebraic:prove:falcon_algebraic:arithmetic:falcon_algebraic:binding:inner_packed:fold_tail{round=5}: bitz::sumcheck::inner::packed::state: close time.busy=4.96ms time.idle=120ns
2026-10-07T19:58:56.972403Z  INFO falcon_algebraic:prove:falcon_algebraic:arithmetic:falcon_algebraic:binding:spartan:round_grinding_prove:spartan:grinding{bits=13}: bitz::piop::spartan::grinding: close time.busy=26.7µs time.idle=130ns
2026-10-07T19:58:56.972404Z  INFO falcon_algebraic:prove:falcon_algebraic:arithmetic:falcon_algebraic:binding:spartan:round_grinding_prove: bitz::sumcheck::boundary: close time.busy=28.9µs time.idle=190ns
2026-10-07T19:58:56.975360Z  INFO falcon_algebraic:prove:falcon_algebraic:arithmetic:falcon_algebraic:binding:inner_packed:fold_tail{round=6}: bitz::sumcheck::inner::packed::state: close time.busy=2.95ms time.idle=120ns
2026-10-07T19:58:56.975401Z  INFO falcon_algebraic:prove:falcon_algebraic:arithmetic:falcon_algebraic:binding:spartan:round_grinding_prove:spartan:grinding{bits=13}: bitz::piop::spartan::grinding: close time.busy=37.3µs time.idle=111ns
2026-10-07T19:58:56.975402Z  INFO falcon_algebraic:prove:falcon_algebraic:arithmetic:falcon_algebraic:binding:spartan:round_grinding_prove: bitz::sumcheck::boundary: close time.busy=39.5µs time.idle=120ns
2026-10-07T19:58:56.976666Z  INFO falcon_algebraic:prove:falcon_algebraic:arithmetic:falcon_algebraic:binding:inner_packed:fold_tail{round=7}: bitz::sumcheck::inner::packed::state: close time.busy=1.26ms time.idle=110ns
2026-10-07T19:58:56.976732Z  INFO falcon_algebraic:prove:falcon_algebraic:arithmetic:falcon_algebraic:binding:spartan:round_grinding_prove:spartan:grinding{bits=13}: bitz::piop::spartan::grinding: close time.busy=62.7µs time.idle=120ns
2026-10-07T19:58:56.976733Z  INFO falcon_algebraic:prove:falcon_algebraic:arithmetic:falcon_algebraic:binding:spartan:round_grinding_prove: bitz::sumcheck::boundary: close time.busy=64.9µs time.idle=110ns
2026-10-07T19:58:56.977383Z  INFO falcon_algebraic:prove:falcon_algebraic:arithmetic:falcon_algebraic:binding:inner_packed:fold_tail{round=8}: bitz::sumcheck::inner::packed::state: close time.busy=643µs time.idle=110ns
2026-10-07T19:58:56.977407Z  INFO falcon_algebraic:prove:falcon_algebraic:arithmetic:falcon_algebraic:binding:spartan:round_grinding_prove:spartan:grinding{bits=13}: bitz::piop::spartan::grinding: close time.busy=21.0µs time.idle=110ns
2026-10-07T19:58:56.977408Z  INFO falcon_algebraic:prove:falcon_algebraic:arithmetic:falcon_algebraic:binding:spartan:round_grinding_prove: bitz::sumcheck::boundary: close time.busy=23.1µs time.idle=110ns
2026-10-07T19:58:56.977742Z  INFO falcon_algebraic:prove:falcon_algebraic:arithmetic:falcon_algebraic:binding:inner_packed:fold_tail{round=9}: bitz::sumcheck::inner::packed::state: close time.busy=331µs time.idle=191ns
2026-10-07T19:58:56.977801Z  INFO falcon_algebraic:prove:falcon_algebraic:arithmetic:falcon_algebraic:binding:spartan:round_grinding_prove:spartan:grinding{bits=13}: bitz::piop::spartan::grinding: close time.busy=56.7µs time.idle=120ns
2026-10-07T19:58:56.977802Z  INFO falcon_algebraic:prove:falcon_algebraic:arithmetic:falcon_algebraic:binding:spartan:round_grinding_prove: bitz::sumcheck::boundary: close time.busy=58.9µs time.idle=110ns
2026-10-07T19:58:56.977978Z  INFO falcon_algebraic:prove:falcon_algebraic:arithmetic:falcon_algebraic:binding:inner_packed:fold_tail{round=10}: bitz::sumcheck::inner::packed::state: close time.busy=173µs time.idle=120ns
2026-10-07T19:58:56.978011Z  INFO falcon_algebraic:prove:falcon_algebraic:arithmetic:falcon_algebraic:binding:spartan:round_grinding_prove:spartan:grinding{bits=13}: bitz::piop::spartan::grinding: close time.busy=30.9µs time.idle=120ns
2026-10-07T19:58:56.978012Z  INFO falcon_algebraic:prove:falcon_algebraic:arithmetic:falcon_algebraic:binding:spartan:round_grinding_prove: bitz::sumcheck::boundary: close time.busy=33.1µs time.idle=111ns
2026-10-07T19:58:56.978104Z  INFO falcon_algebraic:prove:falcon_algebraic:arithmetic:falcon_algebraic:binding:inner_packed:fold_tail{round=11}: bitz::sumcheck::inner::packed::state: close time.busy=89.4µs time.idle=110ns
2026-10-07T19:58:56.978139Z  INFO falcon_algebraic:prove:falcon_algebraic:arithmetic:falcon_algebraic:binding:spartan:round_grinding_prove:spartan:grinding{bits=13}: bitz::piop::spartan::grinding: close time.busy=31.4µs time.idle=121ns
2026-10-07T19:58:56.978140Z  INFO falcon_algebraic:prove:falcon_algebraic:arithmetic:falcon_algebraic:binding:spartan:round_grinding_prove: bitz::sumcheck::boundary: close time.busy=33.5µs time.idle=120ns
2026-10-07T19:58:56.978188Z  INFO falcon_algebraic:prove:falcon_algebraic:arithmetic:falcon_algebraic:binding:inner_packed:fold_tail{round=12}: bitz::sumcheck::inner::packed::state: close time.busy=44.1µs time.idle=210ns
2026-10-07T19:58:56.978233Z  INFO falcon_algebraic:prove:falcon_algebraic:arithmetic:falcon_algebraic:binding:spartan:round_grinding_prove:spartan:grinding{bits=13}: bitz::piop::spartan::grinding: close time.busy=41.5µs time.idle=131ns
2026-10-07T19:58:56.978234Z  INFO falcon_algebraic:prove:falcon_algebraic:arithmetic:falcon_algebraic:binding:spartan:round_grinding_prove: bitz::sumcheck::boundary: close time.busy=43.7µs time.idle=120ns
2026-10-07T19:58:56.978259Z  INFO falcon_algebraic:prove:falcon_algebraic:arithmetic:falcon_algebraic:binding:inner_packed:fold_tail{round=13}: bitz::sumcheck::inner::packed::state: close time.busy=22.1µs time.idle=110ns
2026-10-07T19:58:56.978319Z  INFO falcon_algebraic:prove:falcon_algebraic:arithmetic:falcon_algebraic:binding:spartan:round_grinding_prove:spartan:grinding{bits=13}: bitz::piop::spartan::grinding: close time.busy=57.1µs time.idle=120ns
2026-10-07T19:58:56.978320Z  INFO falcon_algebraic:prove:falcon_algebraic:arithmetic:falcon_algebraic:binding:spartan:round_grinding_prove: bitz::sumcheck::boundary: close time.busy=59.2µs time.idle=110ns
2026-10-07T19:58:56.978334Z  INFO falcon_algebraic:prove:falcon_algebraic:arithmetic:falcon_algebraic:binding:inner_packed:fold_tail{round=14}: bitz::sumcheck::inner::packed::state: close time.busy=11.1µs time.idle=120ns
2026-10-07T19:58:56.978371Z  INFO falcon_algebraic:prove:falcon_algebraic:arithmetic:falcon_algebraic:binding:spartan:round_grinding_prove:spartan:grinding{bits=13}: bitz::piop::spartan::grinding: close time.busy=34.3µs time.idle=120ns
2026-10-07T19:58:56.978372Z  INFO falcon_algebraic:prove:falcon_algebraic:arithmetic:falcon_algebraic:binding:spartan:round_grinding_prove: bitz::sumcheck::boundary: close time.busy=36.4µs time.idle=111ns
2026-10-07T19:58:56.978380Z  INFO falcon_algebraic:prove:falcon_algebraic:arithmetic:falcon_algebraic:binding:inner_packed:fold_tail{round=15}: bitz::sumcheck::inner::packed::state: close time.busy=5.37µs time.idle=110ns
2026-10-07T19:58:56.978397Z  INFO falcon_algebraic:prove:falcon_algebraic:arithmetic:falcon_algebraic:binding:spartan:round_grinding_prove:spartan:grinding{bits=13}: bitz::piop::spartan::grinding: close time.busy=14.6µs time.idle=110ns
2026-10-07T19:58:56.978398Z  INFO falcon_algebraic:prove:falcon_algebraic:arithmetic:falcon_algebraic:binding:spartan:round_grinding_prove: bitz::sumcheck::boundary: close time.busy=16.8µs time.idle=120ns
2026-10-07T19:58:56.978403Z  INFO falcon_algebraic:prove:falcon_algebraic:arithmetic:falcon_algebraic:binding:inner_packed:fold_tail{round=16}: bitz::sumcheck::inner::packed::state: close time.busy=2.67µs time.idle=120ns
2026-10-07T19:58:56.978422Z  INFO falcon_algebraic:prove:falcon_algebraic:arithmetic:falcon_algebraic:binding:spartan:round_grinding_prove:spartan:grinding{bits=13}: bitz::piop::spartan::grinding: close time.busy=16.6µs time.idle=120ns
2026-10-07T19:58:56.978424Z  INFO falcon_algebraic:prove:falcon_algebraic:arithmetic:falcon_algebraic:binding:spartan:round_grinding_prove: bitz::sumcheck::boundary: close time.busy=18.8µs time.idle=110ns
2026-10-07T19:58:56.978430Z  INFO falcon_algebraic:prove:falcon_algebraic:arithmetic:falcon_algebraic:binding:inner_packed:fold_tail{round=17}: bitz::sumcheck::inner::packed::state: close time.busy=1.38µs time.idle=110ns
2026-10-07T19:58:56.978449Z  INFO falcon_algebraic:prove:falcon_algebraic:arithmetic:falcon_algebraic:binding:spartan:round_grinding_prove:spartan:grinding{bits=13}: bitz::piop::spartan::grinding: close time.busy=17.0µs time.idle=110ns
2026-10-07T19:58:56.978451Z  INFO falcon_algebraic:prove:falcon_algebraic:arithmetic:falcon_algebraic:binding:spartan:round_grinding_prove: bitz::sumcheck::boundary: close time.busy=19.3µs time.idle=120ns
2026-10-07T19:58:56.978453Z  INFO falcon_algebraic:prove:falcon_algebraic:arithmetic:falcon_algebraic:binding:inner_packed:fold_tail{round=18}: bitz::sumcheck::inner::packed::state: close time.busy=752ns time.idle=130ns
2026-10-07T19:58:56.978462Z  INFO falcon_algebraic:prove:falcon_algebraic:arithmetic:falcon_algebraic:binding:spartan:round_grinding_prove:spartan:grinding{bits=13}: bitz::piop::spartan::grinding: close time.busy=6.56µs time.idle=120ns
2026-10-07T19:58:56.978463Z  INFO falcon_algebraic:prove:falcon_algebraic:arithmetic:falcon_algebraic:binding:spartan:round_grinding_prove: bitz::sumcheck::boundary: close time.busy=8.44µs time.idle=110ns
2026-10-07T19:58:56.978465Z  INFO falcon_algebraic:prove:falcon_algebraic:arithmetic:falcon_algebraic:binding:inner_packed:fold_tail{round=19}: bitz::sumcheck::inner::packed::state: close time.busy=451ns time.idle=120ns
2026-10-07T19:58:56.978534Z  INFO falcon_algebraic:prove:falcon_algebraic:arithmetic:falcon_algebraic:binding:spartan:round_grinding_prove:spartan:grinding{bits=13}: bitz::piop::spartan::grinding: close time.busy=66.3µs time.idle=120ns
2026-10-07T19:58:56.978535Z  INFO falcon_algebraic:prove:falcon_algebraic:arithmetic:falcon_algebraic:binding:spartan:round_grinding_prove: bitz::sumcheck::boundary: close time.busy=68.2µs time.idle=130ns
2026-10-07T19:58:56.978537Z  INFO falcon_algebraic:prove:falcon_algebraic:arithmetic:falcon_algebraic:binding:inner_packed:fold_tail{round=20}: bitz::sumcheck::inner::packed::state: close time.busy=250ns time.idle=111ns
2026-10-07T19:58:56.978545Z  INFO falcon_algebraic:prove:falcon_algebraic:arithmetic:falcon_algebraic:binding:spartan:round_grinding_prove:spartan:grinding{bits=13}: bitz::piop::spartan::grinding: close time.busy=5.33µs time.idle=120ns
2026-10-07T19:58:56.978546Z  INFO falcon_algebraic:prove:falcon_algebraic:arithmetic:falcon_algebraic:binding:spartan:round_grinding_prove: bitz::sumcheck::boundary: close time.busy=7.20µs time.idle=111ns
2026-10-07T19:58:56.978549Z  INFO falcon_algebraic:prove:falcon_algebraic:arithmetic:falcon_algebraic:binding:inner_packed:fold_tail{round=21}: bitz::sumcheck::inner::packed::state: close time.busy=180ns time.idle=121ns
2026-10-07T19:58:56.978597Z  INFO falcon_algebraic:prove:falcon_algebraic:arithmetic:falcon_algebraic:binding:spartan:round_grinding_prove:spartan:grinding{bits=13}: bitz::piop::spartan::grinding: close time.busy=46.0µs time.idle=120ns
2026-10-07T19:58:56.978598Z  INFO falcon_algebraic:prove:falcon_algebraic:arithmetic:falcon_algebraic:binding:spartan:round_grinding_prove: bitz::sumcheck::boundary: close time.busy=47.9µs time.idle=101ns
2026-10-07T19:58:56.978600Z  INFO falcon_algebraic:prove:falcon_algebraic:arithmetic:falcon_algebraic:binding:inner_packed:fold_tail{round=22}: bitz::sumcheck::inner::packed::state: close time.busy=130ns time.idle=120ns
2026-10-07T19:58:56.978611Z  INFO falcon_algebraic:prove:falcon_algebraic:arithmetic:falcon_algebraic:binding:spartan:round_grinding_prove:spartan:grinding{bits=13}: bitz::piop::spartan::grinding: close time.busy=8.26µs time.idle=110ns
2026-10-07T19:58:56.978612Z  INFO falcon_algebraic:prove:falcon_algebraic:arithmetic:falcon_algebraic:binding:spartan:round_grinding_prove: bitz::sumcheck::boundary: close time.busy=10.1µs time.idle=111ns
2026-10-07T19:58:56.978614Z  INFO falcon_algebraic:prove:falcon_algebraic:arithmetic:falcon_algebraic:binding:inner_packed:fold_tail{round=23}: bitz::sumcheck::inner::packed::state: close time.busy=321ns time.idle=120ns
2026-10-07T19:58:56.985223Z  INFO falcon_algebraic:prove:falcon_algebraic:arithmetic:falcon_algebraic:binding: bitz::piop::spartan::falcon512_algebraic::arithmetic: close time.busy=139ms time.idle=150ns
2026-10-07T19:58:56.985226Z  INFO falcon_algebraic:prove:falcon_algebraic:arithmetic: bitz::piop::spartan::falcon512_algebraic::protocol: close time.busy=190ms time.idle=152ns
2026-10-07T19:58:56.987861Z  INFO falcon_algebraic:prove:falcon_algebraic:bitz:falcon_bridge:integer_folds: bitz::hybrid::integer_bridge: close time.busy=2.60ms time.idle=150ns
2026-10-07T19:58:56.988908Z  INFO falcon_algebraic:prove:falcon_algebraic:bitz:falcon_bridge:column_packing: bitz::hybrid::integer_bridge: close time.busy=851µs time.idle=190ns
2026-10-07T19:58:56.989282Z  INFO falcon_algebraic:prove:falcon_algebraic:bitz:falcon_bridge:power_tables: bitz::hybrid::integer_bridge: close time.busy=372µs time.idle=151ns
2026-10-07T19:58:56.989293Z  INFO falcon_algebraic:prove:falcon_algebraic:bitz:spartan:grinding{bits=14}: bitz::piop::spartan::grinding: close time.busy=9.06µs time.idle=111ns
2026-10-07T19:58:56.997255Z  INFO falcon_algebraic:prove:falcon_algebraic:bitz:falcon_bridge:wfbitz_forest:spartan:grinding{bits=14}: bitz::piop::spartan::grinding: close time.busy=41.1µs time.idle=130ns
2026-10-07T19:58:56.997429Z  INFO falcon_algebraic:prove:falcon_algebraic:bitz:falcon_bridge:wfbitz_forest:spartan:grinding{bits=14}: bitz::piop::spartan::grinding: close time.busy=163µs time.idle=110ns
2026-10-07T19:58:56.997488Z  INFO falcon_algebraic:prove:falcon_algebraic:bitz:falcon_bridge:wfbitz_forest:spartan:grinding{bits=14}: bitz::piop::spartan::grinding: close time.busy=52.8µs time.idle=120ns
2026-10-07T19:58:56.997526Z  INFO falcon_algebraic:prove:falcon_algebraic:bitz:falcon_bridge:wfbitz_forest:spartan:grinding{bits=14}: bitz::piop::spartan::grinding: close time.busy=33.8µs time.idle=110ns
2026-10-07T19:58:56.997686Z  INFO falcon_algebraic:prove:falcon_algebraic:bitz:falcon_bridge:wfbitz_forest:spartan:grinding{bits=14}: bitz::piop::spartan::grinding: close time.busy=157µs time.idle=120ns
2026-10-07T19:58:56.997895Z  INFO falcon_algebraic:prove:falcon_algebraic:bitz:falcon_bridge:wfbitz_forest:spartan:grinding{bits=14}: bitz::piop::spartan::grinding: close time.busy=204µs time.idle=111ns
2026-10-07T19:58:56.997969Z  INFO falcon_algebraic:prove:falcon_algebraic:bitz:falcon_bridge:wfbitz_forest:spartan:grinding{bits=14}: bitz::piop::spartan::grinding: close time.busy=70.5µs time.idle=100ns
2026-10-07T19:58:56.998002Z  INFO falcon_algebraic:prove:falcon_algebraic:bitz:falcon_bridge:wfbitz_forest:spartan:grinding{bits=14}: bitz::piop::spartan::grinding: close time.busy=30.7µs time.idle=120ns
2026-10-07T19:58:56.998009Z  INFO falcon_algebraic:prove:falcon_algebraic:bitz:falcon_bridge:wfbitz_forest:spartan:grinding{bits=14}: bitz::piop::spartan::grinding: close time.busy=4.35µs time.idle=110ns
2026-10-07T19:58:56.998018Z  INFO falcon_algebraic:prove:falcon_algebraic:bitz:falcon_bridge:wfbitz_forest:spartan:grinding{bits=14}: bitz::piop::spartan::grinding: close time.busy=5.62µs time.idle=100ns
2026-10-07T19:58:56.998110Z  INFO falcon_algebraic:prove:falcon_algebraic:bitz:falcon_bridge:wfbitz_forest:spartan:grinding{bits=14}: bitz::piop::spartan::grinding: close time.busy=88.7µs time.idle=110ns
2026-10-07T19:58:56.998149Z  INFO falcon_algebraic:prove:falcon_algebraic:bitz:falcon_bridge:wfbitz_forest:spartan:grinding{bits=14}: bitz::piop::spartan::grinding: close time.busy=36.4µs time.idle=110ns
2026-10-07T19:58:56.998217Z  INFO falcon_algebraic:prove:falcon_algebraic:bitz:falcon_bridge:wfbitz_forest:spartan:grinding{bits=14}: bitz::piop::spartan::grinding: close time.busy=64.8µs time.idle=110ns
2026-10-07T19:58:56.998300Z  INFO falcon_algebraic:prove:falcon_algebraic:bitz:falcon_bridge:wfbitz_forest:spartan:grinding{bits=14}: bitz::piop::spartan::grinding: close time.busy=65.9µs time.idle=110ns
2026-10-07T19:58:56.998364Z  INFO falcon_algebraic:prove:falcon_algebraic:bitz:falcon_bridge:wfbitz_forest:spartan:grinding{bits=14}: bitz::piop::spartan::grinding: close time.busy=54.4µs time.idle=110ns
2026-10-07T19:58:56.998433Z  INFO falcon_algebraic:prove:falcon_algebraic:bitz:falcon_bridge:wfbitz_forest:spartan:grinding{bits=14}: bitz::piop::spartan::grinding: close time.busy=61.4µs time.idle=120ns
2026-10-07T19:58:56.998575Z  INFO falcon_algebraic:prove:falcon_algebraic:bitz:falcon_bridge:wfbitz_forest:spartan:grinding{bits=14}: bitz::piop::spartan::grinding: close time.busy=137µs time.idle=110ns
2026-10-07T19:58:56.998619Z  INFO falcon_algebraic:prove:falcon_algebraic:bitz:falcon_bridge:wfbitz_forest:spartan:grinding{bits=14}: bitz::piop::spartan::grinding: close time.busy=39.4µs time.idle=111ns
2026-10-07T19:58:56.998627Z  INFO falcon_algebraic:prove:falcon_algebraic:bitz:falcon_bridge:wfbitz_forest:spartan:grinding{bits=14}: bitz::piop::spartan::grinding: close time.busy=4.25µs time.idle=110ns
2026-10-07T19:58:56.998694Z  INFO falcon_algebraic:prove:falcon_algebraic:bitz:falcon_bridge:wfbitz_forest:spartan:grinding{bits=14}: bitz::piop::spartan::grinding: close time.busy=64.3µs time.idle=120ns
2026-10-07T19:58:56.998719Z  INFO falcon_algebraic:prove:falcon_algebraic:bitz:falcon_bridge:wfbitz_forest:spartan:grinding{bits=14}: bitz::piop::spartan::grinding: close time.busy=22.6µs time.idle=110ns
2026-10-07T19:58:56.998733Z  INFO falcon_algebraic:prove:falcon_algebraic:bitz:falcon_bridge:wfbitz_forest:spartan:grinding{bits=14}: bitz::piop::spartan::grinding: close time.busy=11.2µs time.idle=110ns
2026-10-07T19:58:56.998761Z  INFO falcon_algebraic:prove:falcon_algebraic:bitz:falcon_bridge:wfbitz_forest:spartan:grinding{bits=14}: bitz::piop::spartan::grinding: close time.busy=25.2µs time.idle=121ns
2026-10-07T19:58:56.998774Z  INFO falcon_algebraic:prove:falcon_algebraic:bitz:falcon_bridge:wfbitz_forest:spartan:grinding{bits=14}: bitz::piop::spartan::grinding: close time.busy=9.60µs time.idle=121ns
2026-10-07T19:58:56.998793Z  INFO falcon_algebraic:prove:falcon_algebraic:bitz:falcon_bridge:wfbitz_forest:spartan:grinding{bits=14}: bitz::piop::spartan::grinding: close time.busy=16.2µs time.idle=110ns
2026-10-07T19:58:56.998849Z  INFO falcon_algebraic:prove:falcon_algebraic:bitz:falcon_bridge:wfbitz_forest:spartan:grinding{bits=14}: bitz::piop::spartan::grinding: close time.busy=52.7µs time.idle=112ns
2026-10-07T19:58:56.998901Z  INFO falcon_algebraic:prove:falcon_algebraic:bitz:falcon_bridge:wfbitz_forest:spartan:grinding{bits=14}: bitz::piop::spartan::grinding: close time.busy=49.7µs time.idle=121ns
2026-10-07T19:58:56.999024Z  INFO falcon_algebraic:prove:falcon_algebraic:bitz:falcon_bridge:wfbitz_forest:spartan:grinding{bits=14}: bitz::piop::spartan::grinding: close time.busy=99.7µs time.idle=111ns
2026-10-07T19:58:56.999055Z  INFO falcon_algebraic:prove:falcon_algebraic:bitz:falcon_bridge:wfbitz_forest:spartan:grinding{bits=14}: bitz::piop::spartan::grinding: close time.busy=7.61µs time.idle=120ns
2026-10-07T19:58:56.999087Z  INFO falcon_algebraic:prove:falcon_algebraic:bitz:falcon_bridge:wfbitz_forest:spartan:grinding{bits=14}: bitz::piop::spartan::grinding: close time.busy=23.2µs time.idle=110ns
2026-10-07T19:58:56.999113Z  INFO falcon_algebraic:prove:falcon_algebraic:bitz:falcon_bridge:wfbitz_forest:spartan:grinding{bits=14}: bitz::piop::spartan::grinding: close time.busy=10.1µs time.idle=111ns
2026-10-07T19:58:56.999201Z  INFO falcon_algebraic:prove:falcon_algebraic:bitz:falcon_bridge:wfbitz_forest:spartan:grinding{bits=14}: bitz::piop::spartan::grinding: close time.busy=82.5µs time.idle=110ns
2026-10-07T19:58:56.999256Z  INFO falcon_algebraic:prove:falcon_algebraic:bitz:falcon_bridge:wfbitz_forest:spartan:grinding{bits=14}: bitz::piop::spartan::grinding: close time.busy=50.5µs time.idle=120ns
2026-10-07T19:58:56.999266Z  INFO falcon_algebraic:prove:falcon_algebraic:bitz:falcon_bridge:wfbitz_forest:spartan:grinding{bits=14}: bitz::piop::spartan::grinding: close time.busy=6.37µs time.idle=120ns
2026-10-07T19:58:56.999336Z  INFO falcon_algebraic:prove:falcon_algebraic:bitz:falcon_bridge:wfbitz_forest:spartan:grinding{bits=14}: bitz::piop::spartan::grinding: close time.busy=66.4µs time.idle=120ns
2026-10-07T19:58:56.999425Z  INFO falcon_algebraic:prove:falcon_algebraic:bitz:falcon_bridge:wfbitz_forest:spartan:grinding{bits=14}: bitz::piop::spartan::grinding: close time.busy=86.6µs time.idle=120ns
2026-10-07T19:58:56.999436Z  INFO falcon_algebraic:prove:falcon_algebraic:bitz:falcon_bridge:wfbitz_forest:spartan:grinding{bits=14}: bitz::piop::spartan::grinding: close time.busy=8.04µs time.idle=110ns
2026-10-07T19:58:56.999475Z  INFO falcon_algebraic:prove:falcon_algebraic:bitz:falcon_bridge:wfbitz_forest:spartan:grinding{bits=14}: bitz::piop::spartan::grinding: close time.busy=35.6µs time.idle=110ns
2026-10-07T19:58:56.999526Z  INFO falcon_algebraic:prove:falcon_algebraic:bitz:falcon_bridge:wfbitz_forest:spartan:grinding{bits=14}: bitz::piop::spartan::grinding: close time.busy=47.6µs time.idle=110ns
2026-10-07T19:58:56.999576Z  INFO falcon_algebraic:prove:falcon_algebraic:bitz:falcon_bridge:wfbitz_forest:spartan:grinding{bits=14}: bitz::piop::spartan::grinding: close time.busy=47.6µs time.idle=110ns
2026-10-07T19:58:56.999589Z  INFO falcon_algebraic:prove:falcon_algebraic:bitz:falcon_bridge:wfbitz_forest:spartan:grinding{bits=14}: bitz::piop::spartan::grinding: close time.busy=10.3µs time.idle=110ns
2026-10-07T19:58:56.999613Z  INFO falcon_algebraic:prove:falcon_algebraic:bitz:falcon_bridge:wfbitz_forest:spartan:grinding{bits=14}: bitz::piop::spartan::grinding: close time.busy=21.0µs time.idle=110ns
2026-10-07T19:58:56.999813Z  INFO falcon_algebraic:prove:falcon_algebraic:bitz:falcon_bridge:wfbitz_forest:spartan:grinding{bits=14}: bitz::piop::spartan::grinding: close time.busy=163µs time.idle=111ns
2026-10-07T19:58:56.999860Z  INFO falcon_algebraic:prove:falcon_algebraic:bitz:falcon_bridge:wfbitz_forest:spartan:grinding{bits=14}: bitz::piop::spartan::grinding: close time.busy=11.4µs time.idle=110ns
2026-10-07T19:58:56.999947Z  INFO falcon_algebraic:prove:falcon_algebraic:bitz:falcon_bridge:wfbitz_forest:spartan:grinding{bits=14}: bitz::piop::spartan::grinding: close time.busy=68.8µs time.idle=111ns
2026-10-07T19:58:56.999973Z  INFO falcon_algebraic:prove:falcon_algebraic:bitz:falcon_bridge:wfbitz_forest:spartan:grinding{bits=14}: bitz::piop::spartan::grinding: close time.busy=18.3µs time.idle=110ns
2026-10-07T19:58:57.000100Z  INFO falcon_algebraic:prove:falcon_algebraic:bitz:falcon_bridge:wfbitz_forest:spartan:grinding{bits=14}: bitz::piop::spartan::grinding: close time.busy=112µs time.idle=110ns
2026-10-07T19:58:57.000122Z  INFO falcon_algebraic:prove:falcon_algebraic:bitz:falcon_bridge:wfbitz_forest:spartan:grinding{bits=14}: bitz::piop::spartan::grinding: close time.busy=15.5µs time.idle=130ns
2026-10-07T19:58:57.000141Z  INFO falcon_algebraic:prove:falcon_algebraic:bitz:falcon_bridge:wfbitz_forest:spartan:grinding{bits=14}: bitz::piop::spartan::grinding: close time.busy=14.6µs time.idle=111ns
2026-10-07T19:58:57.000227Z  INFO falcon_algebraic:prove:falcon_algebraic:bitz:falcon_bridge:wfbitz_forest:spartan:grinding{bits=14}: bitz::piop::spartan::grinding: close time.busy=82.7µs time.idle=111ns
2026-10-07T19:58:57.000283Z  INFO falcon_algebraic:prove:falcon_algebraic:bitz:falcon_bridge:wfbitz_forest:spartan:grinding{bits=14}: bitz::piop::spartan::grinding: close time.busy=52.5µs time.idle=110ns
2026-10-07T19:58:57.000324Z  INFO falcon_algebraic:prove:falcon_algebraic:bitz:falcon_bridge:wfbitz_forest:spartan:grinding{bits=14}: bitz::piop::spartan::grinding: close time.busy=38.2µs time.idle=110ns
2026-10-07T19:58:57.000359Z  INFO falcon_algebraic:prove:falcon_algebraic:bitz:falcon_bridge:wfbitz_forest:spartan:grinding{bits=14}: bitz::piop::spartan::grinding: close time.busy=32.5µs time.idle=110ns
2026-10-07T19:58:57.000370Z  INFO falcon_algebraic:prove:falcon_algebraic:bitz:falcon_bridge:wfbitz_forest:spartan:grinding{bits=14}: bitz::piop::spartan::grinding: close time.busy=7.97µs time.idle=120ns
2026-10-07T19:58:57.000402Z  INFO falcon_algebraic:prove:falcon_algebraic:bitz:falcon_bridge:wfbitz_forest:spartan:grinding{bits=14}: bitz::piop::spartan::grinding: close time.busy=28.2µs time.idle=120ns
2026-10-07T19:58:57.000558Z  INFO falcon_algebraic:prove:falcon_algebraic:bitz:falcon_bridge:wfbitz_forest:spartan:grinding{bits=14}: bitz::piop::spartan::grinding: close time.busy=154µs time.idle=110ns
2026-10-07T19:58:57.000582Z  INFO falcon_algebraic:prove:falcon_algebraic:bitz:falcon_bridge:wfbitz_forest:spartan:grinding{bits=14}: bitz::piop::spartan::grinding: close time.busy=21.3µs time.idle=120ns
2026-10-07T19:58:57.000652Z  INFO falcon_algebraic:prove:falcon_algebraic:bitz:falcon_bridge:wfbitz_forest:spartan:grinding{bits=14}: bitz::piop::spartan::grinding: close time.busy=67.2µs time.idle=110ns
2026-10-07T19:58:57.000740Z  INFO falcon_algebraic:prove:falcon_algebraic:bitz:falcon_bridge:wfbitz_forest:spartan:grinding{bits=14}: bitz::piop::spartan::grinding: close time.busy=25.5µs time.idle=110ns
2026-10-07T19:58:57.000810Z  INFO falcon_algebraic:prove:falcon_algebraic:bitz:falcon_bridge:wfbitz_forest:spartan:grinding{bits=14}: bitz::piop::spartan::grinding: close time.busy=4.49µs time.idle=121ns
2026-10-07T19:58:57.000849Z  INFO falcon_algebraic:prove:falcon_algebraic:bitz:falcon_bridge:wfbitz_forest:spartan:grinding{bits=14}: bitz::piop::spartan::grinding: close time.busy=10.6µs time.idle=110ns
2026-10-07T19:58:57.000993Z  INFO falcon_algebraic:prove:falcon_algebraic:bitz:falcon_bridge:wfbitz_forest:spartan:grinding{bits=14}: bitz::piop::spartan::grinding: close time.busy=127µs time.idle=120ns
2026-10-07T19:58:57.001021Z  INFO falcon_algebraic:prove:falcon_algebraic:bitz:falcon_bridge:wfbitz_forest:spartan:grinding{bits=14}: bitz::piop::spartan::grinding: close time.busy=19.6µs time.idle=110ns
2026-10-07T19:58:57.001055Z  INFO falcon_algebraic:prove:falcon_algebraic:bitz:falcon_bridge:wfbitz_forest:spartan:grinding{bits=14}: bitz::piop::spartan::grinding: close time.busy=18.0µs time.idle=120ns
2026-10-07T19:58:57.001083Z  INFO falcon_algebraic:prove:falcon_algebraic:bitz:falcon_bridge:wfbitz_forest:spartan:grinding{bits=14}: bitz::piop::spartan::grinding: close time.busy=20.7µs time.idle=111ns
2026-10-07T19:58:57.001171Z  INFO falcon_algebraic:prove:falcon_algebraic:bitz:falcon_bridge:wfbitz_forest:spartan:grinding{bits=14}: bitz::piop::spartan::grinding: close time.busy=84.0µs time.idle=110ns
2026-10-07T19:58:57.001269Z  INFO falcon_algebraic:prove:falcon_algebraic:bitz:falcon_bridge:wfbitz_forest:spartan:grinding{bits=14}: bitz::piop::spartan::grinding: close time.busy=93.2µs time.idle=110ns
2026-10-07T19:58:57.001349Z  INFO falcon_algebraic:prove:falcon_algebraic:bitz:falcon_bridge:wfbitz_forest:spartan:grinding{bits=14}: bitz::piop::spartan::grinding: close time.busy=76.5µs time.idle=111ns
2026-10-07T19:58:57.001552Z  INFO falcon_algebraic:prove:falcon_algebraic:bitz:falcon_bridge:wfbitz_forest:spartan:grinding{bits=14}: bitz::piop::spartan::grinding: close time.busy=200µs time.idle=110ns
2026-10-07T19:58:57.001601Z  INFO falcon_algebraic:prove:falcon_algebraic:bitz:falcon_bridge:wfbitz_forest:spartan:grinding{bits=14}: bitz::piop::spartan::grinding: close time.busy=46.7µs time.idle=120ns
2026-10-07T19:58:57.001703Z  INFO falcon_algebraic:prove:falcon_algebraic:bitz:falcon_bridge:wfbitz_forest:spartan:grinding{bits=14}: bitz::piop::spartan::grinding: close time.busy=100.0µs time.idle=120ns
2026-10-07T19:58:57.001762Z  INFO falcon_algebraic:prove:falcon_algebraic:bitz:falcon_bridge:wfbitz_forest:spartan:grinding{bits=14}: bitz::piop::spartan::grinding: close time.busy=56.6µs time.idle=110ns
2026-10-07T19:58:57.001789Z  INFO falcon_algebraic:prove:falcon_algebraic:bitz:falcon_bridge:wfbitz_forest:spartan:grinding{bits=14}: bitz::piop::spartan::grinding: close time.busy=24.9µs time.idle=110ns
2026-10-07T19:58:57.001828Z  INFO falcon_algebraic:prove:falcon_algebraic:bitz:falcon_bridge:wfbitz_forest:spartan:grinding{bits=14}: bitz::piop::spartan::grinding: close time.busy=36.8µs time.idle=110ns
2026-10-07T19:58:57.001861Z  INFO falcon_algebraic:prove:falcon_algebraic:bitz:falcon_bridge:wfbitz_forest:spartan:grinding{bits=14}: bitz::piop::spartan::grinding: close time.busy=30.8µs time.idle=111ns
2026-10-07T19:58:57.002022Z  INFO falcon_algebraic:prove:falcon_algebraic:bitz:falcon_bridge:wfbitz_forest:spartan:grinding{bits=14}: bitz::piop::spartan::grinding: close time.busy=47.7µs time.idle=110ns
2026-10-07T19:58:57.002185Z  INFO falcon_algebraic:prove:falcon_algebraic:bitz:falcon_bridge:wfbitz_forest:spartan:grinding{bits=14}: bitz::piop::spartan::grinding: close time.busy=36.9µs time.idle=120ns
2026-10-07T19:58:57.002372Z  INFO falcon_algebraic:prove:falcon_algebraic:bitz:falcon_bridge:wfbitz_forest:spartan:grinding{bits=14}: bitz::piop::spartan::grinding: close time.busy=136µs time.idle=120ns
2026-10-07T19:58:57.002531Z  INFO falcon_algebraic:prove:falcon_algebraic:bitz:falcon_bridge:wfbitz_forest:spartan:grinding{bits=14}: bitz::piop::spartan::grinding: close time.busy=132µs time.idle=111ns
2026-10-07T19:58:57.002682Z  INFO falcon_algebraic:prove:falcon_algebraic:bitz:falcon_bridge:wfbitz_forest:spartan:grinding{bits=14}: bitz::piop::spartan::grinding: close time.busy=134µs time.idle=110ns
2026-10-07T19:58:57.002807Z  INFO falcon_algebraic:prove:falcon_algebraic:bitz:falcon_bridge:wfbitz_forest:spartan:grinding{bits=14}: bitz::piop::spartan::grinding: close time.busy=117µs time.idle=110ns
2026-10-07T19:58:57.002860Z  INFO falcon_algebraic:prove:falcon_algebraic:bitz:falcon_bridge:wfbitz_forest:spartan:grinding{bits=14}: bitz::piop::spartan::grinding: close time.busy=37.2µs time.idle=110ns
2026-10-07T19:58:57.002924Z  INFO falcon_algebraic:prove:falcon_algebraic:bitz:falcon_bridge:wfbitz_forest:spartan:grinding{bits=14}: bitz::piop::spartan::grinding: close time.busy=58.3µs time.idle=110ns
2026-10-07T19:58:57.002946Z  INFO falcon_algebraic:prove:falcon_algebraic:bitz:falcon_bridge:wfbitz_forest:spartan:grinding{bits=14}: bitz::piop::spartan::grinding: close time.busy=18.2µs time.idle=120ns
2026-10-07T19:58:57.003014Z  INFO falcon_algebraic:prove:falcon_algebraic:bitz:falcon_bridge:wfbitz_forest:spartan:grinding{bits=14}: bitz::piop::spartan::grinding: close time.busy=64.4µs time.idle=110ns
2026-10-07T19:58:57.003025Z  INFO falcon_algebraic:prove:falcon_algebraic:bitz:falcon_bridge:wfbitz_forest:spartan:grinding{bits=14}: bitz::piop::spartan::grinding: close time.busy=8.11µs time.idle=120ns
2026-10-07T19:58:57.003056Z  INFO falcon_algebraic:prove:falcon_algebraic:bitz:falcon_bridge:wfbitz_forest:spartan:grinding{bits=14}: bitz::piop::spartan::grinding: close time.busy=27.5µs time.idle=120ns
2026-10-07T19:58:57.003122Z  INFO falcon_algebraic:prove:falcon_algebraic:bitz:falcon_bridge:wfbitz_forest:spartan:grinding{bits=14}: bitz::piop::spartan::grinding: close time.busy=64.1µs time.idle=120ns
2026-10-07T19:58:57.003142Z  INFO falcon_algebraic:prove:falcon_algebraic:bitz:falcon_bridge:wfbitz_forest:spartan:grinding{bits=14}: bitz::piop::spartan::grinding: close time.busy=16.8µs time.idle=110ns
2026-10-07T19:58:57.003168Z  INFO falcon_algebraic:prove:falcon_algebraic:bitz:falcon_bridge:wfbitz_forest:spartan:grinding{bits=14}: bitz::piop::spartan::grinding: close time.busy=23.5µs time.idle=110ns
2026-10-07T19:58:57.003310Z  INFO falcon_algebraic:prove:falcon_algebraic:bitz:falcon_bridge:wfbitz_forest:spartan:grinding{bits=14}: bitz::piop::spartan::grinding: close time.busy=140µs time.idle=110ns
2026-10-07T19:58:57.003330Z  INFO falcon_algebraic:prove:falcon_algebraic:bitz:falcon_bridge:wfbitz_forest:spartan:grinding{bits=14}: bitz::piop::spartan::grinding: close time.busy=17.1µs time.idle=111ns
2026-10-07T19:58:57.003380Z  INFO falcon_algebraic:prove:falcon_algebraic:bitz:falcon_bridge:wfbitz_forest:spartan:grinding{bits=14}: bitz::piop::spartan::grinding: close time.busy=47.2µs time.idle=110ns
2026-10-07T19:58:57.003619Z  INFO falcon_algebraic:prove:falcon_algebraic:bitz:falcon_bridge:wfbitz_forest:spartan:grinding{bits=14}: bitz::piop::spartan::grinding: close time.busy=23.4µs time.idle=131ns
2026-10-07T19:58:57.003926Z  INFO falcon_algebraic:prove:falcon_algebraic:bitz:falcon_bridge:wfbitz_forest:spartan:grinding{bits=14}: bitz::piop::spartan::grinding: close time.busy=65.0µs time.idle=110ns
2026-10-07T19:58:57.004125Z  INFO falcon_algebraic:prove:falcon_algebraic:bitz:falcon_bridge:wfbitz_forest:spartan:grinding{bits=14}: bitz::piop::spartan::grinding: close time.busy=104µs time.idle=120ns
2026-10-07T19:58:57.004201Z  INFO falcon_algebraic:prove:falcon_algebraic:bitz:falcon_bridge:wfbitz_forest:spartan:grinding{bits=14}: bitz::piop::spartan::grinding: close time.busy=24.5µs time.idle=111ns
2026-10-07T19:58:57.004275Z  INFO falcon_algebraic:prove:falcon_algebraic:bitz:falcon_bridge:wfbitz_forest:spartan:grinding{bits=14}: bitz::piop::spartan::grinding: close time.busy=45.3µs time.idle=110ns
2026-10-07T19:58:57.004386Z  INFO falcon_algebraic:prove:falcon_algebraic:bitz:falcon_bridge:wfbitz_forest:spartan:grinding{bits=14}: bitz::piop::spartan::grinding: close time.busy=93.4µs time.idle=121ns
2026-10-07T19:58:57.004412Z  INFO falcon_algebraic:prove:falcon_algebraic:bitz:falcon_bridge:wfbitz_forest:spartan:grinding{bits=14}: bitz::piop::spartan::grinding: close time.busy=18.6µs time.idle=110ns
2026-10-07T19:58:57.004450Z  INFO falcon_algebraic:prove:falcon_algebraic:bitz:falcon_bridge:wfbitz_forest:spartan:grinding{bits=14}: bitz::piop::spartan::grinding: close time.busy=22.2µs time.idle=110ns
2026-10-07T19:58:57.004503Z  INFO falcon_algebraic:prove:falcon_algebraic:bitz:falcon_bridge:wfbitz_forest:spartan:grinding{bits=14}: bitz::piop::spartan::grinding: close time.busy=48.0µs time.idle=110ns
2026-10-07T19:58:57.004550Z  INFO falcon_algebraic:prove:falcon_algebraic:bitz:falcon_bridge:wfbitz_forest:spartan:grinding{bits=14}: bitz::piop::spartan::grinding: close time.busy=42.5µs time.idle=110ns
2026-10-07T19:58:57.004656Z  INFO falcon_algebraic:prove:falcon_algebraic:bitz:falcon_bridge:wfbitz_forest:spartan:grinding{bits=14}: bitz::piop::spartan::grinding: close time.busy=103µs time.idle=110ns
2026-10-07T19:58:57.004724Z  INFO falcon_algebraic:prove:falcon_algebraic:bitz:falcon_bridge:wfbitz_forest:spartan:grinding{bits=14}: bitz::piop::spartan::grinding: close time.busy=64.4µs time.idle=110ns
2026-10-07T19:58:57.004751Z  INFO falcon_algebraic:prove:falcon_algebraic:bitz:falcon_bridge:wfbitz_forest:spartan:grinding{bits=14}: bitz::piop::spartan::grinding: close time.busy=23.9µs time.idle=120ns
2026-10-07T19:58:57.004957Z  INFO falcon_algebraic:prove:falcon_algebraic:bitz:falcon_bridge:wfbitz_forest:spartan:grinding{bits=14}: bitz::piop::spartan::grinding: close time.busy=203µs time.idle=110ns
2026-10-07T19:58:57.004983Z  INFO falcon_algebraic:prove:falcon_algebraic:bitz:falcon_bridge:wfbitz_forest:spartan:grinding{bits=14}: bitz::piop::spartan::grinding: close time.busy=22.9µs time.idle=120ns
2026-10-07T19:58:57.004992Z  INFO falcon_algebraic:prove:falcon_algebraic:bitz:falcon_bridge:wfbitz_forest:spartan:grinding{bits=14}: bitz::piop::spartan::grinding: close time.busy=6.38µs time.idle=120ns
2026-10-07T19:58:57.005067Z  INFO falcon_algebraic:prove:falcon_algebraic:bitz:falcon_bridge:wfbitz_forest:spartan:grinding{bits=14}: bitz::piop::spartan::grinding: close time.busy=72.1µs time.idle=110ns
2026-10-07T19:58:57.005100Z  INFO falcon_algebraic:prove:falcon_algebraic:bitz:falcon_bridge:wfbitz_forest:spartan:grinding{bits=14}: bitz::piop::spartan::grinding: close time.busy=29.9µs time.idle=110ns
2026-10-07T19:58:57.005215Z  INFO falcon_algebraic:prove:falcon_algebraic:bitz:falcon_bridge:wfbitz_forest:spartan:grinding{bits=14}: bitz::piop::spartan::grinding: close time.busy=112µs time.idle=110ns
2026-10-07T19:58:57.005669Z  INFO falcon_algebraic:prove:falcon_algebraic:bitz:falcon_bridge:wfbitz_forest:spartan:grinding{bits=14}: bitz::piop::spartan::grinding: close time.busy=31.5µs time.idle=110ns
2026-10-07T19:58:57.006292Z  INFO falcon_algebraic:prove:falcon_algebraic:bitz:falcon_bridge:wfbitz_forest:spartan:grinding{bits=14}: bitz::piop::spartan::grinding: close time.busy=143µs time.idle=120ns
2026-10-07T19:58:57.006647Z  INFO falcon_algebraic:prove:falcon_algebraic:bitz:falcon_bridge:wfbitz_forest:spartan:grinding{bits=14}: bitz::piop::spartan::grinding: close time.busy=169µs time.idle=120ns
2026-10-07T19:58:57.006813Z  INFO falcon_algebraic:prove:falcon_algebraic:bitz:falcon_bridge:wfbitz_forest:spartan:grinding{bits=14}: bitz::piop::spartan::grinding: close time.busy=69.3µs time.idle=121ns
2026-10-07T19:58:57.006923Z  INFO falcon_algebraic:prove:falcon_algebraic:bitz:falcon_bridge:wfbitz_forest:spartan:grinding{bits=14}: bitz::piop::spartan::grinding: close time.busy=58.6µs time.idle=120ns
2026-10-07T19:58:57.006990Z  INFO falcon_algebraic:prove:falcon_algebraic:bitz:falcon_bridge:wfbitz_forest:spartan:grinding{bits=14}: bitz::piop::spartan::grinding: close time.busy=37.3µs time.idle=120ns
2026-10-07T19:58:57.007075Z  INFO falcon_algebraic:prove:falcon_algebraic:bitz:falcon_bridge:wfbitz_forest:spartan:grinding{bits=14}: bitz::piop::spartan::grinding: close time.busy=68.3µs time.idle=120ns
2026-10-07T19:58:57.007142Z  INFO falcon_algebraic:prove:falcon_algebraic:bitz:falcon_bridge:wfbitz_forest:spartan:grinding{bits=14}: bitz::piop::spartan::grinding: close time.busy=58.9µs time.idle=120ns
2026-10-07T19:58:57.007318Z  INFO falcon_algebraic:prove:falcon_algebraic:bitz:falcon_bridge:wfbitz_forest:spartan:grinding{bits=14}: bitz::piop::spartan::grinding: close time.busy=160µs time.idle=110ns
2026-10-07T19:58:57.007385Z  INFO falcon_algebraic:prove:falcon_algebraic:bitz:falcon_bridge:wfbitz_forest:spartan:grinding{bits=14}: bitz::piop::spartan::grinding: close time.busy=62.0µs time.idle=121ns
2026-10-07T19:58:57.007411Z  INFO falcon_algebraic:prove:falcon_algebraic:bitz:falcon_bridge:wfbitz_forest:spartan:grinding{bits=14}: bitz::piop::spartan::grinding: close time.busy=21.4µs time.idle=120ns
2026-10-07T19:58:57.007449Z  INFO falcon_algebraic:prove:falcon_algebraic:bitz:falcon_bridge:wfbitz_forest:spartan:grinding{bits=14}: bitz::piop::spartan::grinding: close time.busy=33.7µs time.idle=110ns
2026-10-07T19:58:57.007496Z  INFO falcon_algebraic:prove:falcon_algebraic:bitz:falcon_bridge:wfbitz_forest:spartan:grinding{bits=14}: bitz::piop::spartan::grinding: close time.busy=43.6µs time.idle=110ns
2026-10-07T19:58:57.007557Z  INFO falcon_algebraic:prove:falcon_algebraic:bitz:falcon_bridge:wfbitz_forest:spartan:grinding{bits=14}: bitz::piop::spartan::grinding: close time.busy=57.4µs time.idle=110ns
2026-10-07T19:58:57.007660Z  INFO falcon_algebraic:prove:falcon_algebraic:bitz:falcon_bridge:wfbitz_forest:spartan:grinding{bits=14}: bitz::piop::spartan::grinding: close time.busy=101µs time.idle=120ns
2026-10-07T19:58:57.007695Z  INFO falcon_algebraic:prove:falcon_algebraic:bitz:falcon_bridge:wfbitz_forest:spartan:grinding{bits=14}: bitz::piop::spartan::grinding: close time.busy=31.9µs time.idle=110ns
2026-10-07T19:58:57.007733Z  INFO falcon_algebraic:prove:falcon_algebraic:bitz:falcon_bridge:wfbitz_forest:spartan:grinding{bits=14}: bitz::piop::spartan::grinding: close time.busy=35.9µs time.idle=111ns
2026-10-07T19:58:57.007776Z  INFO falcon_algebraic:prove:falcon_algebraic:bitz:falcon_bridge:wfbitz_forest:spartan:grinding{bits=14}: bitz::piop::spartan::grinding: close time.busy=40.6µs time.idle=111ns
2026-10-07T19:58:57.007861Z  INFO falcon_algebraic:prove:falcon_algebraic:bitz:falcon_bridge:wfbitz_forest:spartan:grinding{bits=14}: bitz::piop::spartan::grinding: close time.busy=81.8µs time.idle=110ns
2026-10-07T19:58:57.007892Z  INFO falcon_algebraic:prove:falcon_algebraic:bitz:falcon_bridge:wfbitz_forest:spartan:grinding{bits=14}: bitz::piop::spartan::grinding: close time.busy=29.1µs time.idle=120ns
2026-10-07T19:58:57.010601Z  INFO falcon_algebraic:prove:falcon_algebraic:bitz:falcon_bridge:wfbitz_forest:spartan:grinding{bits=14}: bitz::piop::spartan::grinding: close time.busy=45.2µs time.idle=110ns
2026-10-07T19:58:57.011662Z  INFO falcon_algebraic:prove:falcon_algebraic:bitz:falcon_bridge:wfbitz_forest:spartan:grinding{bits=14}: bitz::piop::spartan::grinding: close time.busy=107µs time.idle=121ns
2026-10-07T19:58:57.012062Z  INFO falcon_algebraic:prove:falcon_algebraic:bitz:falcon_bridge:wfbitz_forest:spartan:grinding{bits=14}: bitz::piop::spartan::grinding: close time.busy=35.7µs time.idle=120ns
2026-10-07T19:58:57.012320Z  INFO falcon_algebraic:prove:falcon_algebraic:bitz:falcon_bridge:wfbitz_forest:spartan:grinding{bits=14}: bitz::piop::spartan::grinding: close time.busy=72.4µs time.idle=121ns
2026-10-07T19:58:57.012432Z  INFO falcon_algebraic:prove:falcon_algebraic:bitz:falcon_bridge:wfbitz_forest:spartan:grinding{bits=14}: bitz::piop::spartan::grinding: close time.busy=14.1µs time.idle=121ns
2026-10-07T19:58:57.012523Z  INFO falcon_algebraic:prove:falcon_algebraic:bitz:falcon_bridge:wfbitz_forest:spartan:grinding{bits=14}: bitz::piop::spartan::grinding: close time.busy=39.2µs time.idle=120ns
2026-10-07T19:58:57.012640Z  INFO falcon_algebraic:prove:falcon_algebraic:bitz:falcon_bridge:wfbitz_forest:spartan:grinding{bits=14}: bitz::piop::spartan::grinding: close time.busy=87.7µs time.idle=120ns
2026-10-07T19:58:57.012744Z  INFO falcon_algebraic:prove:falcon_algebraic:bitz:falcon_bridge:wfbitz_forest:spartan:grinding{bits=14}: bitz::piop::spartan::grinding: close time.busy=86.1µs time.idle=121ns
2026-10-07T19:58:57.012807Z  INFO falcon_algebraic:prove:falcon_algebraic:bitz:falcon_bridge:wfbitz_forest:spartan:grinding{bits=14}: bitz::piop::spartan::grinding: close time.busy=55.3µs time.idle=110ns
2026-10-07T19:58:57.012828Z  INFO falcon_algebraic:prove:falcon_algebraic:bitz:falcon_bridge:wfbitz_forest:spartan:grinding{bits=14}: bitz::piop::spartan::grinding: close time.busy=5.16µs time.idle=110ns
2026-10-07T19:58:57.013009Z  INFO falcon_algebraic:prove:falcon_algebraic:bitz:falcon_bridge:wfbitz_forest:spartan:grinding{bits=14}: bitz::piop::spartan::grinding: close time.busy=175µs time.idle=110ns
2026-10-07T19:58:57.013043Z  INFO falcon_algebraic:prove:falcon_algebraic:bitz:falcon_bridge:wfbitz_forest:spartan:grinding{bits=14}: bitz::piop::spartan::grinding: close time.busy=29.2µs time.idle=121ns
2026-10-07T19:58:57.013185Z  INFO falcon_algebraic:prove:falcon_algebraic:bitz:falcon_bridge:wfbitz_forest:spartan:grinding{bits=14}: bitz::piop::spartan::grinding: close time.busy=136µs time.idle=111ns
2026-10-07T19:58:57.013236Z  INFO falcon_algebraic:prove:falcon_algebraic:bitz:falcon_bridge:wfbitz_forest:spartan:grinding{bits=14}: bitz::piop::spartan::grinding: close time.busy=48.4µs time.idle=111ns
2026-10-07T19:58:57.013293Z  INFO falcon_algebraic:prove:falcon_algebraic:bitz:falcon_bridge:wfbitz_forest:spartan:grinding{bits=14}: bitz::piop::spartan::grinding: close time.busy=54.1µs time.idle=110ns
2026-10-07T19:58:57.013345Z  INFO falcon_algebraic:prove:falcon_algebraic:bitz:falcon_bridge:wfbitz_forest:spartan:grinding{bits=14}: bitz::piop::spartan::grinding: close time.busy=49.0µs time.idle=121ns
2026-10-07T19:58:57.013370Z  INFO falcon_algebraic:prove:falcon_algebraic:bitz:falcon_bridge:wfbitz_forest:spartan:grinding{bits=14}: bitz::piop::spartan::grinding: close time.busy=21.7µs time.idle=110ns
2026-10-07T19:58:57.013462Z  INFO falcon_algebraic:prove:falcon_algebraic:bitz:falcon_bridge:wfbitz_forest:spartan:grinding{bits=14}: bitz::piop::spartan::grinding: close time.busy=89.6µs time.idle=110ns
2026-10-07T19:58:57.013581Z  INFO falcon_algebraic:prove:falcon_algebraic:bitz:falcon_bridge:wfbitz_forest:spartan:grinding{bits=14}: bitz::piop::spartan::grinding: close time.busy=116µs time.idle=120ns
2026-10-07T19:58:57.013624Z  INFO falcon_algebraic:prove:falcon_algebraic:bitz:falcon_bridge:wfbitz_forest:spartan:grinding{bits=14}: bitz::piop::spartan::grinding: close time.busy=40.1µs time.idle=110ns
2026-10-07T19:58:57.013647Z  INFO falcon_algebraic:prove:falcon_algebraic:bitz:falcon_bridge:wfbitz_forest:spartan:grinding{bits=14}: bitz::piop::spartan::grinding: close time.busy=20.4µs time.idle=120ns
2026-10-07T19:58:57.015701Z  INFO falcon_algebraic:prove:falcon_algebraic:bitz:falcon_bridge:wfbitz_forest:spartan:grinding{bits=14}: bitz::piop::spartan::grinding: close time.busy=67.9µs time.idle=120ns
2026-10-07T19:58:57.017621Z  INFO falcon_algebraic:prove:falcon_algebraic:bitz:falcon_bridge:wfbitz_forest:spartan:grinding{bits=14}: bitz::piop::spartan::grinding: close time.busy=92.9µs time.idle=120ns
2026-10-07T19:58:57.018331Z  INFO falcon_algebraic:prove:falcon_algebraic:bitz:falcon_bridge:wfbitz_forest:spartan:grinding{bits=14}: bitz::piop::spartan::grinding: close time.busy=32.2µs time.idle=120ns
2026-10-07T19:58:57.018700Z  INFO falcon_algebraic:prove:falcon_algebraic:bitz:falcon_bridge:wfbitz_forest:spartan:grinding{bits=14}: bitz::piop::spartan::grinding: close time.busy=28.2µs time.idle=120ns
2026-10-07T19:58:57.018921Z  INFO falcon_algebraic:prove:falcon_algebraic:bitz:falcon_bridge:wfbitz_forest:spartan:grinding{bits=14}: bitz::piop::spartan::grinding: close time.busy=46.5µs time.idle=120ns
2026-10-07T19:58:57.019036Z  INFO falcon_algebraic:prove:falcon_algebraic:bitz:falcon_bridge:wfbitz_forest:spartan:grinding{bits=14}: bitz::piop::spartan::grinding: close time.busy=21.3µs time.idle=120ns
2026-10-07T19:58:57.019101Z  INFO falcon_algebraic:prove:falcon_algebraic:bitz:falcon_bridge:wfbitz_forest:spartan:grinding{bits=14}: bitz::piop::spartan::grinding: close time.busy=12.1µs time.idle=120ns
2026-10-07T19:58:57.019136Z  INFO falcon_algebraic:prove:falcon_algebraic:bitz:falcon_bridge:wfbitz_forest:spartan:grinding{bits=14}: bitz::piop::spartan::grinding: close time.busy=5.27µs time.idle=120ns
2026-10-07T19:58:57.019245Z  INFO falcon_algebraic:prove:falcon_algebraic:bitz:falcon_bridge:wfbitz_forest:spartan:grinding{bits=14}: bitz::piop::spartan::grinding: close time.busy=91.5µs time.idle=120ns
2026-10-07T19:58:57.019277Z  INFO falcon_algebraic:prove:falcon_algebraic:bitz:falcon_bridge:wfbitz_forest:spartan:grinding{bits=14}: bitz::piop::spartan::grinding: close time.busy=23.5µs time.idle=110ns
2026-10-07T19:58:57.019326Z  INFO falcon_algebraic:prove:falcon_algebraic:bitz:falcon_bridge:wfbitz_forest:spartan:grinding{bits=14}: bitz::piop::spartan::grinding: close time.busy=33.3µs time.idle=110ns
2026-10-07T19:58:57.019347Z  INFO falcon_algebraic:prove:falcon_algebraic:bitz:falcon_bridge:wfbitz_forest:spartan:grinding{bits=14}: bitz::piop::spartan::grinding: close time.busy=12.1µs time.idle=110ns
2026-10-07T19:58:57.019364Z  INFO falcon_algebraic:prove:falcon_algebraic:bitz:falcon_bridge:wfbitz_forest:spartan:grinding{bits=14}: bitz::piop::spartan::grinding: close time.busy=12.8µs time.idle=110ns
2026-10-07T19:58:57.019501Z  INFO falcon_algebraic:prove:falcon_algebraic:bitz:falcon_bridge:wfbitz_forest:spartan:grinding{bits=14}: bitz::piop::spartan::grinding: close time.busy=134µs time.idle=120ns
2026-10-07T19:58:57.019599Z  INFO falcon_algebraic:prove:falcon_algebraic:bitz:falcon_bridge:wfbitz_forest:spartan:grinding{bits=14}: bitz::piop::spartan::grinding: close time.busy=94.3µs time.idle=110ns
2026-10-07T19:58:57.019660Z  INFO falcon_algebraic:prove:falcon_algebraic:bitz:falcon_bridge:wfbitz_forest:spartan:grinding{bits=14}: bitz::piop::spartan::grinding: close time.busy=58.0µs time.idle=120ns
2026-10-07T19:58:57.019754Z  INFO falcon_algebraic:prove:falcon_algebraic:bitz:falcon_bridge:wfbitz_forest:spartan:grinding{bits=14}: bitz::piop::spartan::grinding: close time.busy=91.2µs time.idle=110ns
2026-10-07T19:58:57.019799Z  INFO falcon_algebraic:prove:falcon_algebraic:bitz:falcon_bridge:wfbitz_forest:spartan:grinding{bits=14}: bitz::piop::spartan::grinding: close time.busy=42.4µs time.idle=110ns
2026-10-07T19:58:57.019832Z  INFO falcon_algebraic:prove:falcon_algebraic:bitz:falcon_bridge:wfbitz_forest:spartan:grinding{bits=14}: bitz::piop::spartan::grinding: close time.busy=29.5µs time.idle=110ns
2026-10-07T19:58:57.019960Z  INFO falcon_algebraic:prove:falcon_algebraic:bitz:falcon_bridge:wfbitz_forest:spartan:grinding{bits=14}: bitz::piop::spartan::grinding: close time.busy=125µs time.idle=110ns
2026-10-07T19:58:57.020041Z  INFO falcon_algebraic:prove:falcon_algebraic:bitz:falcon_bridge:wfbitz_forest:spartan:grinding{bits=14}: bitz::piop::spartan::grinding: close time.busy=78.4µs time.idle=110ns
2026-10-07T19:58:57.020073Z  INFO falcon_algebraic:prove:falcon_algebraic:bitz:falcon_bridge:wfbitz_forest:spartan:grinding{bits=14}: bitz::piop::spartan::grinding: close time.busy=28.9µs time.idle=111ns
2026-10-07T19:58:57.023233Z  INFO falcon_algebraic:prove:falcon_algebraic:bitz:falcon_bridge:wfbitz_forest:spartan:grinding{bits=14}: bitz::piop::spartan::grinding: close time.busy=29.2µs time.idle=121ns
2026-10-07T19:58:57.025670Z  INFO falcon_algebraic:prove:falcon_algebraic:bitz:falcon_bridge:wfbitz_forest:spartan:grinding{bits=14}: bitz::piop::spartan::grinding: close time.busy=16.6µs time.idle=120ns
2026-10-07T19:58:57.027587Z  INFO falcon_algebraic:prove:falcon_algebraic:bitz:falcon_bridge:wfbitz_forest:spartan:grinding{bits=14}: bitz::piop::spartan::grinding: close time.busy=89.7µs time.idle=120ns
2026-10-07T19:58:57.028304Z  INFO falcon_algebraic:prove:falcon_algebraic:bitz:falcon_bridge:wfbitz_forest:spartan:grinding{bits=14}: bitz::piop::spartan::grinding: close time.busy=40.2µs time.idle=190ns
2026-10-07T19:58:57.028720Z  INFO falcon_algebraic:prove:falcon_algebraic:bitz:falcon_bridge:wfbitz_forest:spartan:grinding{bits=14}: bitz::piop::spartan::grinding: close time.busy=75.5µs time.idle=140ns
2026-10-07T19:58:57.028901Z  INFO falcon_algebraic:prove:falcon_algebraic:bitz:falcon_bridge:wfbitz_forest:spartan:grinding{bits=14}: bitz::piop::spartan::grinding: close time.busy=5.87µs time.idle=120ns
2026-10-07T19:58:57.029016Z  INFO falcon_algebraic:prove:falcon_algebraic:bitz:falcon_bridge:wfbitz_forest:spartan:grinding{bits=14}: bitz::piop::spartan::grinding: close time.busy=22.1µs time.idle=120ns
2026-10-07T19:58:57.029102Z  INFO falcon_algebraic:prove:falcon_algebraic:bitz:falcon_bridge:wfbitz_forest:spartan:grinding{bits=14}: bitz::piop::spartan::grinding: close time.busy=32.3µs time.idle=110ns
2026-10-07T19:58:57.029135Z  INFO falcon_algebraic:prove:falcon_algebraic:bitz:falcon_bridge:wfbitz_forest:spartan:grinding{bits=14}: bitz::piop::spartan::grinding: close time.busy=4.60µs time.idle=120ns
2026-10-07T19:58:57.029174Z  INFO falcon_algebraic:prove:falcon_algebraic:bitz:falcon_bridge:wfbitz_forest:spartan:grinding{bits=14}: bitz::piop::spartan::grinding: close time.busy=20.1µs time.idle=110ns
2026-10-07T19:58:57.029209Z  INFO falcon_algebraic:prove:falcon_algebraic:bitz:falcon_bridge:wfbitz_forest:spartan:grinding{bits=14}: bitz::piop::spartan::grinding: close time.busy=27.4µs time.idle=110ns
2026-10-07T19:58:57.029274Z  INFO falcon_algebraic:prove:falcon_algebraic:bitz:falcon_bridge:wfbitz_forest:spartan:grinding{bits=14}: bitz::piop::spartan::grinding: close time.busy=49.4µs time.idle=111ns
2026-10-07T19:58:57.029393Z  INFO falcon_algebraic:prove:falcon_algebraic:bitz:falcon_bridge:wfbitz_forest:spartan:grinding{bits=14}: bitz::piop::spartan::grinding: close time.busy=114µs time.idle=111ns
2026-10-07T19:58:57.029425Z  INFO falcon_algebraic:prove:falcon_algebraic:bitz:falcon_bridge:wfbitz_forest:spartan:grinding{bits=14}: bitz::piop::spartan::grinding: close time.busy=27.7µs time.idle=120ns
2026-10-07T19:58:57.029491Z  INFO falcon_algebraic:prove:falcon_algebraic:bitz:falcon_bridge:wfbitz_forest:spartan:grinding{bits=14}: bitz::piop::spartan::grinding: close time.busy=62.6µs time.idle=110ns
2026-10-07T19:58:57.029614Z  INFO falcon_algebraic:prove:falcon_algebraic:bitz:falcon_bridge:wfbitz_forest:spartan:grinding{bits=14}: bitz::piop::spartan::grinding: close time.busy=120µs time.idle=120ns
2026-10-07T19:58:57.029647Z  INFO falcon_algebraic:prove:falcon_algebraic:bitz:falcon_bridge:wfbitz_forest:spartan:grinding{bits=14}: bitz::piop::spartan::grinding: close time.busy=30.1µs time.idle=120ns
2026-10-07T19:58:57.029674Z  INFO falcon_algebraic:prove:falcon_algebraic:bitz:falcon_bridge:wfbitz_forest:spartan:grinding{bits=14}: bitz::piop::spartan::grinding: close time.busy=24.0µs time.idle=110ns
2026-10-07T19:58:57.029893Z  INFO falcon_algebraic:prove:falcon_algebraic:bitz:falcon_bridge:wfbitz_forest:spartan:grinding{bits=14}: bitz::piop::spartan::grinding: close time.busy=216µs time.idle=110ns
2026-10-07T19:58:57.029944Z  INFO falcon_algebraic:prove:falcon_algebraic:bitz:falcon_bridge:wfbitz_forest:spartan:grinding{bits=14}: bitz::piop::spartan::grinding: close time.busy=48.9µs time.idle=110ns
2026-10-07T19:58:57.030042Z  INFO falcon_algebraic:prove:falcon_algebraic:bitz:falcon_bridge:wfbitz_forest:spartan:grinding{bits=14}: bitz::piop::spartan::grinding: close time.busy=95.4µs time.idle=120ns
2026-10-07T19:58:57.030073Z  INFO falcon_algebraic:prove:falcon_algebraic:bitz:falcon_bridge:wfbitz_forest:spartan:grinding{bits=14}: bitz::piop::spartan::grinding: close time.busy=26.3µs time.idle=130ns
2026-10-07T19:58:57.030220Z  INFO falcon_algebraic:prove:falcon_algebraic:bitz:falcon_bridge:wfbitz_forest:spartan:grinding{bits=14}: bitz::piop::spartan::grinding: close time.busy=144µs time.idle=111ns
2026-10-07T19:58:57.033728Z  INFO falcon_algebraic:prove:falcon_algebraic:bitz:falcon_bridge:wfbitz_forest:spartan:grinding{bits=14}: bitz::piop::spartan::grinding: close time.busy=78.5µs time.idle=120ns
2026-10-07T19:58:57.033751Z  INFO falcon_algebraic:prove:falcon_algebraic:bitz:falcon_bridge:wfbitz_forest:spartan:grinding{bits=14}: bitz::piop::spartan::grinding: close time.busy=19.8µs time.idle=111ns
2026-10-07T19:58:57.036214Z  INFO falcon_algebraic:prove:falcon_algebraic:bitz:falcon_bridge:wfbitz_forest:spartan:grinding{bits=14}: bitz::piop::spartan::grinding: close time.busy=64.8µs time.idle=120ns
2026-10-07T19:58:57.038074Z  INFO falcon_algebraic:prove:falcon_algebraic:bitz:falcon_bridge:wfbitz_forest:spartan:grinding{bits=14}: bitz::piop::spartan::grinding: close time.busy=29.5µs time.idle=130ns
2026-10-07T19:58:57.038835Z  INFO falcon_algebraic:prove:falcon_algebraic:bitz:falcon_bridge:wfbitz_forest:spartan:grinding{bits=14}: bitz::piop::spartan::grinding: close time.busy=85.7µs time.idle=110ns
2026-10-07T19:58:57.039282Z  INFO falcon_algebraic:prove:falcon_algebraic:bitz:falcon_bridge:wfbitz_forest:spartan:grinding{bits=14}: bitz::piop::spartan::grinding: close time.busy=104µs time.idle=120ns
2026-10-07T19:58:57.039501Z  INFO falcon_algebraic:prove:falcon_algebraic:bitz:falcon_bridge:wfbitz_forest:spartan:grinding{bits=14}: bitz::piop::spartan::grinding: close time.busy=44.3µs time.idle=120ns
2026-10-07T19:58:57.039630Z  INFO falcon_algebraic:prove:falcon_algebraic:bitz:falcon_bridge:wfbitz_forest:spartan:grinding{bits=14}: bitz::piop::spartan::grinding: close time.busy=35.5µs time.idle=120ns
2026-10-07T19:58:57.039686Z  INFO falcon_algebraic:prove:falcon_algebraic:bitz:falcon_bridge:wfbitz_forest:spartan:grinding{bits=14}: bitz::piop::spartan::grinding: close time.busy=5.17µs time.idle=110ns
2026-10-07T19:58:57.039827Z  INFO falcon_algebraic:prove:falcon_algebraic:bitz:falcon_bridge:wfbitz_forest:spartan:grinding{bits=14}: bitz::piop::spartan::grinding: close time.busy=112µs time.idle=121ns
2026-10-07T19:58:57.039913Z  INFO falcon_algebraic:prove:falcon_algebraic:bitz:falcon_bridge:wfbitz_forest:spartan:grinding{bits=14}: bitz::piop::spartan::grinding: close time.busy=67.8µs time.idle=110ns
2026-10-07T19:58:57.040000Z  INFO falcon_algebraic:prove:falcon_algebraic:bitz:falcon_bridge:wfbitz_forest:spartan:grinding{bits=14}: bitz::piop::spartan::grinding: close time.busy=78.6µs time.idle=110ns
2026-10-07T19:58:57.040059Z  INFO falcon_algebraic:prove:falcon_algebraic:bitz:falcon_bridge:wfbitz_forest:spartan:grinding{bits=14}: bitz::piop::spartan::grinding: close time.busy=42.5µs time.idle=120ns
2026-10-07T19:58:57.040075Z  INFO falcon_algebraic:prove:falcon_algebraic:bitz:falcon_bridge:wfbitz_forest:spartan:grinding{bits=14}: bitz::piop::spartan::grinding: close time.busy=11.4µs time.idle=110ns
2026-10-07T19:58:57.040123Z  INFO falcon_algebraic:prove:falcon_algebraic:bitz:falcon_bridge:wfbitz_forest:spartan:grinding{bits=14}: bitz::piop::spartan::grinding: close time.busy=43.7µs time.idle=120ns
2026-10-07T19:58:57.040175Z  INFO falcon_algebraic:prove:falcon_algebraic:bitz:falcon_bridge:wfbitz_forest:spartan:grinding{bits=14}: bitz::piop::spartan::grinding: close time.busy=47.9µs time.idle=110ns
2026-10-07T19:58:57.040292Z  INFO falcon_algebraic:prove:falcon_algebraic:bitz:falcon_bridge:wfbitz_forest:spartan:grinding{bits=14}: bitz::piop::spartan::grinding: close time.busy=115µs time.idle=110ns
2026-10-07T19:58:57.040316Z  INFO falcon_algebraic:prove:falcon_algebraic:bitz:falcon_bridge:wfbitz_forest:spartan:grinding{bits=14}: bitz::piop::spartan::grinding: close time.busy=20.9µs time.idle=110ns
2026-10-07T19:58:57.040352Z  INFO falcon_algebraic:prove:falcon_algebraic:bitz:falcon_bridge:wfbitz_forest:spartan:grinding{bits=14}: bitz::piop::spartan::grinding: close time.busy=32.7µs time.idle=110ns
2026-10-07T19:58:57.040400Z  INFO falcon_algebraic:prove:falcon_algebraic:bitz:falcon_bridge:wfbitz_forest:spartan:grinding{bits=14}: bitz::piop::spartan::grinding: close time.busy=45.8µs time.idle=110ns
2026-10-07T19:58:57.040492Z  INFO falcon_algebraic:prove:falcon_algebraic:bitz:falcon_bridge:wfbitz_forest:spartan:grinding{bits=14}: bitz::piop::spartan::grinding: close time.busy=89.1µs time.idle=110ns
2026-10-07T19:58:57.040517Z  INFO falcon_algebraic:prove:falcon_algebraic:bitz:falcon_bridge:wfbitz_forest:spartan:grinding{bits=14}: bitz::piop::spartan::grinding: close time.busy=22.3µs time.idle=120ns
2026-10-07T19:58:57.040581Z  INFO falcon_algebraic:prove:falcon_algebraic:bitz:falcon_bridge:wfbitz_forest:spartan:grinding{bits=14}: bitz::piop::spartan::grinding: close time.busy=61.2µs time.idle=111ns
2026-10-07T19:58:57.040587Z  INFO falcon_algebraic:prove:falcon_algebraic:bitz:falcon_bridge:wfbitz_forest:spartan:grinding{bits=14}: bitz::piop::spartan::grinding: close time.busy=2.56µs time.idle=110ns
2026-10-07T19:58:57.043562Z  INFO falcon_algebraic:prove:falcon_algebraic:bitz:falcon_bridge:wfbitz_forest:spartan:grinding{bits=14}: bitz::piop::spartan::grinding: close time.busy=23.5µs time.idle=130ns
2026-10-07T19:58:57.043614Z  INFO falcon_algebraic:prove:falcon_algebraic:bitz:falcon_bridge:wfbitz_forest:spartan:grinding{bits=14}: bitz::piop::spartan::grinding: close time.busy=48.6µs time.idle=110ns
2026-10-07T19:58:57.043639Z  INFO falcon_algebraic:prove:falcon_algebraic:bitz:falcon_bridge:wfbitz_forest:spartan:grinding{bits=14}: bitz::piop::spartan::grinding: close time.busy=21.8µs time.idle=121ns
2026-10-07T19:58:57.046140Z  INFO falcon_algebraic:prove:falcon_algebraic:bitz:falcon_bridge:wfbitz_forest:spartan:grinding{bits=14}: bitz::piop::spartan::grinding: close time.busy=16.1µs time.idle=120ns
2026-10-07T19:58:57.048023Z  INFO falcon_algebraic:prove:falcon_algebraic:bitz:falcon_bridge:wfbitz_forest:spartan:grinding{bits=14}: bitz::piop::spartan::grinding: close time.busy=62.1µs time.idle=120ns
2026-10-07T19:58:57.048729Z  INFO falcon_algebraic:prove:falcon_algebraic:bitz:falcon_bridge:wfbitz_forest:spartan:grinding{bits=14}: bitz::piop::spartan::grinding: close time.busy=28.7µs time.idle=120ns
2026-10-07T19:58:57.049103Z  INFO falcon_algebraic:prove:falcon_algebraic:bitz:falcon_bridge:wfbitz_forest:spartan:grinding{bits=14}: bitz::piop::spartan::grinding: close time.busy=31.8µs time.idle=120ns
2026-10-07T19:58:57.049288Z  INFO falcon_algebraic:prove:falcon_algebraic:bitz:falcon_bridge:wfbitz_forest:spartan:grinding{bits=14}: bitz::piop::spartan::grinding: close time.busy=9.43µs time.idle=121ns
2026-10-07T19:58:57.049424Z  INFO falcon_algebraic:prove:falcon_algebraic:bitz:falcon_bridge:wfbitz_forest:spartan:grinding{bits=14}: bitz::piop::spartan::grinding: close time.busy=43.0µs time.idle=111ns
2026-10-07T19:58:57.049563Z  INFO falcon_algebraic:prove:falcon_algebraic:bitz:falcon_bridge:wfbitz_forest:spartan:grinding{bits=14}: bitz::piop::spartan::grinding: close time.busy=87.8µs time.idle=110ns
2026-10-07T19:58:57.049686Z  INFO falcon_algebraic:prove:falcon_algebraic:bitz:falcon_bridge:wfbitz_forest:spartan:grinding{bits=14}: bitz::piop::spartan::grinding: close time.busy=94.0µs time.idle=120ns
2026-10-07T19:58:57.049720Z  INFO falcon_algebraic:prove:falcon_algebraic:bitz:falcon_bridge:wfbitz_forest:spartan:grinding{bits=14}: bitz::piop::spartan::grinding: close time.busy=15.9µs time.idle=110ns
2026-10-07T19:58:57.049793Z  INFO falcon_algebraic:prove:falcon_algebraic:bitz:falcon_bridge:wfbitz_forest:spartan:grinding{bits=14}: bitz::piop::spartan::grinding: close time.busy=64.3µs time.idle=110ns
2026-10-07T19:58:57.049819Z  INFO falcon_algebraic:prove:falcon_algebraic:bitz:falcon_bridge:wfbitz_forest:spartan:grinding{bits=14}: bitz::piop::spartan::grinding: close time.busy=10.6µs time.idle=110ns
2026-10-07T19:58:57.049849Z  INFO falcon_algebraic:prove:falcon_algebraic:bitz:falcon_bridge:wfbitz_forest:spartan:grinding{bits=14}: bitz::piop::spartan::grinding: close time.busy=23.9µs time.idle=111ns
2026-10-07T19:58:57.049894Z  INFO falcon_algebraic:prove:falcon_algebraic:bitz:falcon_bridge:wfbitz_forest:spartan:grinding{bits=14}: bitz::piop::spartan::grinding: close time.busy=40.3µs time.idle=111ns
2026-10-07T19:58:57.050019Z  INFO falcon_algebraic:prove:falcon_algebraic:bitz:falcon_bridge:wfbitz_forest:spartan:grinding{bits=14}: bitz::piop::spartan::grinding: close time.busy=121µs time.idle=112ns
2026-10-07T19:58:57.050056Z  INFO falcon_algebraic:prove:falcon_algebraic:bitz:falcon_bridge:wfbitz_forest:spartan:grinding{bits=14}: bitz::piop::spartan::grinding: close time.busy=33.1µs time.idle=110ns
2026-10-07T19:58:57.050161Z  INFO falcon_algebraic:prove:falcon_algebraic:bitz:falcon_bridge:wfbitz_forest:spartan:grinding{bits=14}: bitz::piop::spartan::grinding: close time.busy=102µs time.idle=110ns
2026-10-07T19:58:57.050211Z  INFO falcon_algebraic:prove:falcon_algebraic:bitz:falcon_bridge:wfbitz_forest:spartan:grinding{bits=14}: bitz::piop::spartan::grinding: close time.busy=47.5µs time.idle=120ns
2026-10-07T19:58:57.050227Z  INFO falcon_algebraic:prove:falcon_algebraic:bitz:falcon_bridge:wfbitz_forest:spartan:grinding{bits=14}: bitz::piop::spartan::grinding: close time.busy=13.4µs time.idle=110ns
2026-10-07T19:58:57.050278Z  INFO falcon_algebraic:prove:falcon_algebraic:bitz:falcon_bridge:wfbitz_forest:spartan:grinding{bits=14}: bitz::piop::spartan::grinding: close time.busy=47.7µs time.idle=120ns
2026-10-07T19:58:57.050397Z  INFO falcon_algebraic:prove:falcon_algebraic:bitz:falcon_bridge:wfbitz_forest:spartan:grinding{bits=14}: bitz::piop::spartan::grinding: close time.busy=116µs time.idle=120ns
2026-10-07T19:58:57.050447Z  INFO falcon_algebraic:prove:falcon_algebraic:bitz:falcon_bridge:wfbitz_forest:spartan:grinding{bits=14}: bitz::piop::spartan::grinding: close time.busy=46.9µs time.idle=110ns
2026-10-07T19:58:57.050489Z  INFO falcon_algebraic:prove:falcon_algebraic:bitz:falcon_bridge:wfbitz_forest:spartan:grinding{bits=14}: bitz::piop::spartan::grinding: close time.busy=39.8µs time.idle=111ns
2026-10-07T19:58:57.050936Z  INFO falcon_algebraic:prove:falcon_algebraic:bitz:falcon_bridge:wfbitz_forest: bitz::hybrid::integer_bridge: close time.busy=61.6ms time.idle=150ns
2026-10-07T19:58:57.051002Z  INFO falcon_algebraic:prove:falcon_algebraic:bitz: bitz::piop::spartan::falcon512_algebraic::protocol: close time.busy=65.8ms time.idle=140ns
2026-10-07T19:58:57.054422Z  INFO falcon_algebraic:prove:falcon_joint:packed_setup: bitz::hybrid::joint_sumcheck: close time.busy=3.42ms time.idle=181ns
2026-10-07T19:58:57.054476Z  INFO falcon_algebraic:prove:spartan:round_grinding_prove:spartan:grinding{bits=10}: bitz::piop::spartan::grinding: close time.busy=2.12µs time.idle=130ns
2026-10-07T19:58:57.054478Z  INFO falcon_algebraic:prove:spartan:round_grinding_prove: bitz::sumcheck::boundary: close time.busy=4.76µs time.idle=150ns
2026-10-07T19:58:57.054537Z  INFO falcon_algebraic:prove:spartan:round_grinding_prove:spartan:grinding{bits=10}: bitz::piop::spartan::grinding: close time.busy=351ns time.idle=130ns
2026-10-07T19:58:57.054538Z  INFO falcon_algebraic:prove:spartan:round_grinding_prove: bitz::sumcheck::boundary: close time.busy=2.75µs time.idle=120ns
2026-10-07T19:58:57.054597Z  INFO falcon_algebraic:prove:spartan:round_grinding_prove:spartan:grinding{bits=10}: bitz::piop::spartan::grinding: close time.busy=4.61µs time.idle=121ns
2026-10-07T19:58:57.054598Z  INFO falcon_algebraic:prove:spartan:round_grinding_prove: bitz::sumcheck::boundary: close time.busy=6.82µs time.idle=130ns
2026-10-07T19:58:57.054669Z  INFO falcon_algebraic:prove:spartan:round_grinding_prove:spartan:grinding{bits=10}: bitz::piop::spartan::grinding: close time.busy=19.2µs time.idle=120ns
2026-10-07T19:58:57.054670Z  INFO falcon_algebraic:prove:spartan:round_grinding_prove: bitz::sumcheck::boundary: close time.busy=21.4µs time.idle=120ns
2026-10-07T19:58:57.054725Z  INFO falcon_algebraic:prove:spartan:round_grinding_prove:spartan:grinding{bits=10}: bitz::piop::spartan::grinding: close time.busy=3.81µs time.idle=121ns
2026-10-07T19:58:57.054726Z  INFO falcon_algebraic:prove:spartan:round_grinding_prove: bitz::sumcheck::boundary: close time.busy=6.32µs time.idle=120ns
2026-10-07T19:58:57.054777Z  INFO falcon_algebraic:prove:spartan:round_grinding_prove:spartan:grinding{bits=10}: bitz::piop::spartan::grinding: close time.busy=410ns time.idle=121ns
2026-10-07T19:58:57.054778Z  INFO falcon_algebraic:prove:spartan:round_grinding_prove: bitz::sumcheck::boundary: close time.busy=2.67µs time.idle=110ns
2026-10-07T19:58:57.054831Z  INFO falcon_algebraic:prove:spartan:round_grinding_prove:spartan:grinding{bits=10}: bitz::piop::spartan::grinding: close time.busy=3.21µs time.idle=110ns
2026-10-07T19:58:57.054833Z  INFO falcon_algebraic:prove:spartan:round_grinding_prove: bitz::sumcheck::boundary: close time.busy=5.31µs time.idle=130ns
2026-10-07T19:58:57.056333Z  INFO falcon_algebraic:prove:falcon_joint:prepare: bitz::hybrid::joint_sumcheck: close time.busy=1.50ms time.idle=140ns
2026-10-07T19:58:57.056346Z  INFO falcon_algebraic:prove:spartan:round_grinding_prove:spartan:grinding{bits=10}: bitz::piop::spartan::grinding: close time.busy=9.05µs time.idle=110ns
2026-10-07T19:58:57.056347Z  INFO falcon_algebraic:prove:spartan:round_grinding_prove: bitz::sumcheck::boundary: close time.busy=11.8µs time.idle=161ns
2026-10-07T19:58:57.056804Z  INFO falcon_algebraic:prove:falcon_joint:compact: bitz::hybrid::joint_sumcheck: close time.busy=454µs time.idle=141ns
2026-10-07T19:58:57.056808Z  INFO falcon_algebraic:prove:spartan:round_grinding_prove:spartan:grinding{bits=10}: bitz::piop::spartan::grinding: close time.busy=702ns time.idle=110ns
2026-10-07T19:58:57.056810Z  INFO falcon_algebraic:prove:spartan:round_grinding_prove: bitz::sumcheck::boundary: close time.busy=3.61µs time.idle=160ns
2026-10-07T19:58:57.056981Z  INFO falcon_algebraic:prove:falcon_joint:compact: bitz::hybrid::joint_sumcheck: close time.busy=169µs time.idle=131ns
2026-10-07T19:58:57.056988Z  INFO falcon_algebraic:prove:spartan:round_grinding_prove:spartan:grinding{bits=10}: bitz::piop::spartan::grinding: close time.busy=3.60µs time.idle=110ns
2026-10-07T19:58:57.056989Z  INFO falcon_algebraic:prove:spartan:round_grinding_prove: bitz::sumcheck::boundary: close time.busy=6.18µs time.idle=151ns
2026-10-07T19:58:57.057082Z  INFO falcon_algebraic:prove:falcon_joint:compact: bitz::hybrid::joint_sumcheck: close time.busy=91.2µs time.idle=110ns
2026-10-07T19:58:57.057090Z  INFO falcon_algebraic:prove:spartan:round_grinding_prove:spartan:grinding{bits=10}: bitz::piop::spartan::grinding: close time.busy=4.43µs time.idle=110ns
2026-10-07T19:58:57.057091Z  INFO falcon_algebraic:prove:spartan:round_grinding_prove: bitz::sumcheck::boundary: close time.busy=6.87µs time.idle=110ns
2026-10-07T19:58:57.057168Z  INFO falcon_algebraic:prove:falcon_joint:compact: bitz::hybrid::joint_sumcheck: close time.busy=75.5µs time.idle=121ns
2026-10-07T19:58:57.057172Z  INFO falcon_algebraic:prove:spartan:round_grinding_prove:spartan:grinding{bits=10}: bitz::piop::spartan::grinding: close time.busy=411ns time.idle=110ns
2026-10-07T19:58:57.057173Z  INFO falcon_algebraic:prove:spartan:round_grinding_prove: bitz::sumcheck::boundary: close time.busy=2.67µs time.idle=110ns
2026-10-07T19:58:57.057192Z  INFO falcon_algebraic:prove:falcon_joint:dense: bitz::hybrid::joint_sumcheck: close time.busy=16.8µs time.idle=130ns
2026-10-07T19:58:57.057196Z  INFO falcon_algebraic:prove:spartan:round_grinding_prove:spartan:grinding{bits=10}: bitz::piop::spartan::grinding: close time.busy=1.53µs time.idle=120ns
2026-10-07T19:58:57.057197Z  INFO falcon_algebraic:prove:spartan:round_grinding_prove: bitz::sumcheck::boundary: close time.busy=3.64µs time.idle=112ns
2026-10-07T19:58:57.057208Z  INFO falcon_algebraic:prove:falcon_joint:dense: bitz::hybrid::joint_sumcheck: close time.busy=9.39µs time.idle=111ns
2026-10-07T19:58:57.057213Z  INFO falcon_algebraic:prove:spartan:round_grinding_prove:spartan:grinding{bits=10}: bitz::piop::spartan::grinding: close time.busy=2.69µs time.idle=111ns
2026-10-07T19:58:57.057214Z  INFO falcon_algebraic:prove:spartan:round_grinding_prove: bitz::sumcheck::boundary: close time.busy=4.96µs time.idle=110ns
2026-10-07T19:58:57.057222Z  INFO falcon_algebraic:prove:falcon_joint:dense: bitz::hybrid::joint_sumcheck: close time.busy=6.59µs time.idle=121ns
2026-10-07T19:58:57.057228Z  INFO falcon_algebraic:prove:spartan:round_grinding_prove:spartan:grinding{bits=10}: bitz::piop::spartan::grinding: close time.busy=2.85µs time.idle=110ns
2026-10-07T19:58:57.057229Z  INFO falcon_algebraic:prove:spartan:round_grinding_prove: bitz::sumcheck::boundary: close time.busy=5.26µs time.idle=110ns
2026-10-07T19:58:57.057232Z  INFO falcon_algebraic:prove:falcon_joint:dense: bitz::hybrid::joint_sumcheck: close time.busy=1.33µs time.idle=110ns
2026-10-07T19:58:57.057234Z  INFO falcon_algebraic:prove:spartan:round_grinding_prove:spartan:grinding{bits=10}: bitz::piop::spartan::grinding: close time.busy=340ns time.idle=120ns
2026-10-07T19:58:57.057236Z  INFO falcon_algebraic:prove:spartan:round_grinding_prove: bitz::sumcheck::boundary: close time.busy=2.67µs time.idle=121ns
2026-10-07T19:58:57.057238Z  INFO falcon_algebraic:prove:falcon_joint:dense: bitz::hybrid::joint_sumcheck: close time.busy=711ns time.idle=100ns
2026-10-07T19:58:57.057242Z  INFO falcon_algebraic:prove:spartan:round_grinding_prove:spartan:grinding{bits=10}: bitz::piop::spartan::grinding: close time.busy=1.16µs time.idle=110ns
2026-10-07T19:58:57.057243Z  INFO falcon_algebraic:prove:spartan:round_grinding_prove: bitz::sumcheck::boundary: close time.busy=3.56µs time.idle=120ns
2026-10-07T19:58:57.057245Z  INFO falcon_algebraic:prove:falcon_joint:dense: bitz::hybrid::joint_sumcheck: close time.busy=380ns time.idle=111ns
2026-10-07T19:58:57.057255Z  INFO falcon_algebraic:prove:spartan:round_grinding_prove:spartan:grinding{bits=10}: bitz::piop::spartan::grinding: close time.busy=6.59µs time.idle=111ns
2026-10-07T19:58:57.057256Z  INFO falcon_algebraic:prove:spartan:round_grinding_prove: bitz::sumcheck::boundary: close time.busy=8.87µs time.idle=120ns
2026-10-07T19:58:57.057257Z  INFO falcon_algebraic:prove:falcon_joint:dense: bitz::hybrid::joint_sumcheck: close time.busy=231ns time.idle=110ns
2026-10-07T19:58:57.057261Z  INFO falcon_algebraic:prove:spartan:round_grinding_prove:spartan:grinding{bits=10}: bitz::piop::spartan::grinding: close time.busy=1.70µs time.idle=120ns
2026-10-07T19:58:57.057262Z  INFO falcon_algebraic:prove:spartan:round_grinding_prove: bitz::sumcheck::boundary: close time.busy=3.72µs time.idle=120ns
2026-10-07T19:58:57.057264Z  INFO falcon_algebraic:prove:falcon_joint:dense: bitz::hybrid::joint_sumcheck: close time.busy=150ns time.idle=120ns
2026-10-07T19:58:57.057267Z  INFO falcon_algebraic:prove:spartan:round_grinding_prove:spartan:grinding{bits=10}: bitz::piop::spartan::grinding: close time.busy=1.17µs time.idle=120ns
2026-10-07T19:58:57.057268Z  INFO falcon_algebraic:prove:spartan:round_grinding_prove: bitz::sumcheck::boundary: close time.busy=3.22µs time.idle=110ns
2026-10-07T19:58:57.057270Z  INFO falcon_algebraic:prove:falcon_joint:dense: bitz::hybrid::joint_sumcheck: close time.busy=110ns time.idle=121ns
2026-10-07T19:58:57.057282Z  INFO falcon_algebraic:prove:spartan:round_grinding_prove:spartan:grinding{bits=10}: bitz::piop::spartan::grinding: close time.busy=9.53µs time.idle=110ns
2026-10-07T19:58:57.057283Z  INFO falcon_algebraic:prove:spartan:round_grinding_prove: bitz::sumcheck::boundary: close time.busy=11.6µs time.idle=110ns
2026-10-07T19:58:57.057285Z  INFO falcon_algebraic:prove:falcon_joint:dense: bitz::hybrid::joint_sumcheck: close time.busy=100ns time.idle=111ns
2026-10-07T19:58:57.057293Z  INFO falcon_algebraic:prove:spartan:round_grinding_prove:spartan:grinding{bits=10}: bitz::piop::spartan::grinding: close time.busy=5.81µs time.idle=111ns
2026-10-07T19:58:57.057294Z  INFO falcon_algebraic:prove:spartan:round_grinding_prove: bitz::sumcheck::boundary: close time.busy=7.87µs time.idle=120ns
2026-10-07T19:58:57.057296Z  INFO falcon_algebraic:prove:falcon_joint:dense: bitz::hybrid::joint_sumcheck: close time.busy=90.0ns time.idle=120ns
2026-10-07T19:58:57.057306Z  INFO falcon_algebraic:prove:spartan:round_grinding_prove:spartan:grinding{bits=10}: bitz::piop::spartan::grinding: close time.busy=7.87µs time.idle=120ns
2026-10-07T19:58:57.057307Z  INFO falcon_algebraic:prove:spartan:round_grinding_prove: bitz::sumcheck::boundary: close time.busy=10.00µs time.idle=122ns
2026-10-07T19:58:57.057309Z  INFO falcon_algebraic:prove:falcon_joint:dense: bitz::hybrid::joint_sumcheck: close time.busy=220ns time.idle=121ns
2026-10-07T19:58:57.057320Z  INFO falcon_algebraic:prove:spartan:round_grinding_prove:spartan:grinding{bits=10}: bitz::piop::spartan::grinding: close time.busy=8.83µs time.idle=110ns
2026-10-07T19:58:57.057321Z  INFO falcon_algebraic:prove:spartan:round_grinding_prove: bitz::sumcheck::boundary: close time.busy=11.0µs time.idle=110ns
2026-10-07T19:58:57.057323Z  INFO falcon_algebraic:prove:falcon_joint:dense: bitz::hybrid::joint_sumcheck: close time.busy=70.0ns time.idle=121ns
2026-10-07T19:58:57.057326Z  INFO falcon_algebraic:prove:spartan:round_grinding_prove:spartan:grinding{bits=10}: bitz::piop::spartan::grinding: close time.busy=1.11µs time.idle=120ns
2026-10-07T19:58:57.057327Z  INFO falcon_algebraic:prove:spartan:round_grinding_prove: bitz::sumcheck::boundary: close time.busy=3.23µs time.idle=110ns
2026-10-07T19:58:57.057329Z  INFO falcon_algebraic:prove:falcon_joint:dense: bitz::hybrid::joint_sumcheck: close time.busy=70.0ns time.idle=120ns
2026-10-07T19:58:57.060750Z  INFO falcon_algebraic:prove:falcon_algebraic:pcs:op:ring_switch:spartan:grinding{bits=12}: bitz::piop::spartan::grinding: close time.busy=11.3µs time.idle=130ns
2026-10-07T19:58:57.060764Z  INFO falcon_algebraic:prove:falcon_algebraic:pcs:op:ring_switch: bitz::hybrid::opening: close time.busy=3.43ms time.idle=140ns
2026-10-07T19:58:57.060774Z  INFO falcon_algebraic:prove:falcon_algebraic:pcs:op:extra_bases:spartan:grinding{bits=12}: bitz::piop::spartan::grinding: close time.busy=7.22µs time.idle=110ns
2026-10-07T19:58:57.064502Z  INFO falcon_algebraic:prove:falcon_algebraic:pcs:op:extra_bases:op:initial_messages: bitz::hybrid::opening::streamed: close time.busy=3.71ms time.idle=140ns
2026-10-07T19:58:57.064504Z  INFO falcon_algebraic:prove:falcon_algebraic:pcs:op:extra_bases: bitz::hybrid::opening: close time.busy=3.74ms time.idle=160ns
2026-10-07T19:58:57.064523Z  INFO falcon_algebraic:prove:falcon_algebraic:pcs:op:ligerito:lig:grind_pow{bits=20}:spartan:grinding{bits=12}: bitz::piop::spartan::grinding: close time.busy=11.5µs time.idle=110ns
2026-10-07T19:58:57.071145Z  INFO falcon_algebraic:prove:falcon_algebraic:pcs:op:ligerito:lig:grind_pow{bits=20 seed_lo=16375824786920364557 seed_hi=1983144282459121119 nonce=1785466}: bitz::ligerito_flock: close time.busy=6.63ms time.idle=140ns
2026-10-07T19:58:57.071156Z  INFO falcon_algebraic:prove:falcon_algebraic:pcs:op:ligerito:spartan:grinding{bits=12}: bitz::piop::spartan::grinding: close time.busy=9.03µs time.idle=111ns
2026-10-07T19:58:57.071198Z  INFO falcon_algebraic:prove:falcon_algebraic:pcs:op:ligerito:lig:grind_pow{bits=20}:spartan:grinding{bits=12}: bitz::piop::spartan::grinding: close time.busy=37.8µs time.idle=110ns
2026-10-07T19:58:57.076519Z  INFO falcon_algebraic:prove:falcon_algebraic:pcs:op:ligerito:lig:grind_pow{bits=20 seed_lo=14517310510578505501 seed_hi=6928831755814259526 nonce=1434179}: bitz::ligerito_flock: close time.busy=5.36ms time.idle=120ns
2026-10-07T19:58:57.076538Z  INFO falcon_algebraic:prove:falcon_algebraic:pcs:op:ligerito:spartan:grinding{bits=12}: bitz::piop::spartan::grinding: close time.busy=17.6µs time.idle=120ns
2026-10-07T19:58:57.077794Z  INFO falcon_algebraic:prove:falcon_algebraic:pcs:op:ligerito:op:deferred_first_fold: bitz::hybrid::opening::streamed: close time.busy=1.25ms time.idle=370ns
2026-10-07T19:58:57.077827Z  INFO falcon_algebraic:prove:falcon_algebraic:pcs:op:ligerito:lig:grind_pow{bits=20}:spartan:grinding{bits=12}: bitz::piop::spartan::grinding: close time.busy=29.0µs time.idle=120ns
2026-10-07T19:58:57.080588Z  INFO falcon_algebraic:prove:falcon_algebraic:pcs:op:ligerito:lig:grind_pow{bits=20 seed_lo=14441719486906525332 seed_hi=4887251053874519830 nonce=749449}: bitz::ligerito_flock: close time.busy=2.79ms time.idle=111ns
2026-10-07T19:58:57.080604Z  INFO falcon_algebraic:prove:falcon_algebraic:pcs:op:ligerito:spartan:grinding{bits=12}: bitz::piop::spartan::grinding: close time.busy=13.4µs time.idle=120ns
2026-10-07T19:58:57.080623Z  INFO falcon_algebraic:prove:falcon_algebraic:pcs:op:ligerito:lig:grind_pow{bits=20}:spartan:grinding{bits=12}: bitz::piop::spartan::grinding: close time.busy=15.1µs time.idle=170ns
2026-10-07T19:58:57.082994Z  INFO falcon_algebraic:prove:falcon_algebraic:pcs:op:ligerito:lig:grind_pow{bits=20 seed_lo=4040019448686371158 seed_hi=12007848838415722241 nonce=638779}: bitz::ligerito_flock: close time.busy=2.39ms time.idle=111ns
2026-10-07T19:58:57.083019Z  INFO falcon_algebraic:prove:falcon_algebraic:pcs:op:ligerito:spartan:grinding{bits=12}: bitz::piop::spartan::grinding: close time.busy=23.3µs time.idle=110ns
2026-10-07T19:58:57.084031Z  INFO falcon_algebraic:prove:falcon_algebraic:pcs:op:ligerito:lig:grind_pow{bits=11}:spartan:grinding{bits=12}: bitz::piop::spartan::grinding: close time.busy=25.4µs time.idle=120ns
2026-10-07T19:58:57.084042Z  INFO falcon_algebraic:prove:falcon_algebraic:pcs:op:ligerito:lig:grind_pow{bits=11 seed_lo=12168614032339833606 seed_hi=677864334761961363 nonce=1876}: bitz::ligerito_flock: close time.busy=36.3µs time.idle=131ns
2026-10-07T19:58:57.084071Z  INFO falcon_algebraic:prove:falcon_algebraic:pcs:op:ligerito:spartan:grinding{bits=12}: bitz::piop::spartan::grinding: close time.busy=24.6µs time.idle=130ns
2026-10-07T19:58:57.085049Z  INFO falcon_algebraic:prove:falcon_algebraic:pcs:op:ligerito:lig:grind_pow{bits=7}:spartan:grinding{bits=12}: bitz::piop::spartan::grinding: close time.busy=8.95µs time.idle=122ns
2026-10-07T19:58:57.085052Z  INFO falcon_algebraic:prove:falcon_algebraic:pcs:op:ligerito:lig:grind_pow{bits=7 seed_lo=12556229113317911125 seed_hi=6749826581381619231 nonce=24}: bitz::ligerito_flock: close time.busy=13.1µs time.idle=120ns
2026-10-07T19:58:57.085075Z  INFO falcon_algebraic:prove:falcon_algebraic:pcs:op:ligerito:spartan:grinding{bits=12}: bitz::piop::spartan::grinding: close time.busy=20.4µs time.idle=130ns
2026-10-07T19:58:57.085136Z  INFO falcon_algebraic:prove:falcon_algebraic:pcs:op:ligerito:lig:grind_pow{bits=19}:spartan:grinding{bits=12}: bitz::piop::spartan::grinding: close time.busy=22.5µs time.idle=120ns
2026-10-07T19:58:57.085636Z  INFO falcon_algebraic:prove:falcon_algebraic:pcs:op:ligerito:lig:grind_pow{bits=19 seed_lo=4999734546879186383 seed_hi=5642541635383918156 nonce=133341}: bitz::ligerito_flock: close time.busy=523µs time.idle=110ns
2026-10-07T19:58:57.085665Z  INFO falcon_algebraic:prove:falcon_algebraic:pcs:op:ligerito:spartan:grinding{bits=12}: bitz::piop::spartan::grinding: close time.busy=26.9µs time.idle=111ns
2026-10-07T19:58:57.085728Z  INFO falcon_algebraic:prove:falcon_algebraic:pcs:op:ligerito:lig:grind_pow{bits=19}:spartan:grinding{bits=12}: bitz::piop::spartan::grinding: close time.busy=32.0µs time.idle=120ns
2026-10-07T19:58:57.086790Z  INFO falcon_algebraic:prove:falcon_algebraic:pcs:op:ligerito:lig:grind_pow{bits=19 seed_lo=16120839933993617660 seed_hi=8845007109929095843 nonce=285668}: bitz::ligerito_flock: close time.busy=1.09ms time.idle=110ns
2026-10-07T19:58:57.086806Z  INFO falcon_algebraic:prove:falcon_algebraic:pcs:op:ligerito:spartan:grinding{bits=12}: bitz::piop::spartan::grinding: close time.busy=13.9µs time.idle=111ns
2026-10-07T19:58:57.086886Z  INFO falcon_algebraic:prove:falcon_algebraic:pcs:op:ligerito:lig:grind_pow{bits=19}:spartan:grinding{bits=12}: bitz::piop::spartan::grinding: close time.busy=62.5µs time.idle=120ns
2026-10-07T19:58:57.094222Z  INFO falcon_algebraic:prove:falcon_algebraic:pcs:op:ligerito:lig:grind_pow{bits=19 seed_lo=7533905475163248731 seed_hi=13331801534544350727 nonce=1978168}: bitz::ligerito_flock: close time.busy=7.40ms time.idle=111ns
2026-10-07T19:58:57.094239Z  INFO falcon_algebraic:prove:falcon_algebraic:pcs:op:ligerito:spartan:grinding{bits=12}: bitz::piop::spartan::grinding: close time.busy=15.0µs time.idle=111ns
2026-10-07T19:58:57.094450Z  INFO falcon_algebraic:prove:falcon_algebraic:pcs:op:ligerito:lig:grind_pow{bits=11}:spartan:grinding{bits=12}: bitz::piop::spartan::grinding: close time.busy=5.96µs time.idle=110ns
2026-10-07T19:58:57.094459Z  INFO falcon_algebraic:prove:falcon_algebraic:pcs:op:ligerito:lig:grind_pow{bits=11 seed_lo=13414360004935892538 seed_hi=13352016151955891289 nonce=1894}: bitz::ligerito_flock: close time.busy=16.4µs time.idle=130ns
2026-10-07T19:58:57.094470Z  INFO falcon_algebraic:prove:falcon_algebraic:pcs:op:ligerito:spartan:grinding{bits=12}: bitz::piop::spartan::grinding: close time.busy=8.47µs time.idle=110ns
2026-10-07T19:58:57.095456Z  INFO falcon_algebraic:prove:falcon_algebraic:pcs:op:ligerito:lig:grind_pow{bits=7}:spartan:grinding{bits=12}: bitz::piop::spartan::grinding: close time.busy=49.5µs time.idle=130ns
2026-10-07T19:58:57.095459Z  INFO falcon_algebraic:prove:falcon_algebraic:pcs:op:ligerito:lig:grind_pow{bits=7 seed_lo=14011323245469665233 seed_hi=10627610180640753093 nonce=87}: bitz::ligerito_flock: close time.busy=53.1µs time.idle=111ns
2026-10-07T19:58:57.095494Z  INFO falcon_algebraic:prove:falcon_algebraic:pcs:op:ligerito:spartan:grinding{bits=12}: bitz::piop::spartan::grinding: close time.busy=33.3µs time.idle=120ns
2026-10-07T19:58:57.095518Z  INFO falcon_algebraic:prove:falcon_algebraic:pcs:op:ligerito:lig:grind_pow{bits=17}:spartan:grinding{bits=12}: bitz::piop::spartan::grinding: close time.busy=16.9µs time.idle=121ns
2026-10-07T19:58:57.095552Z  INFO falcon_algebraic:prove:falcon_algebraic:pcs:op:ligerito:lig:grind_pow{bits=17 seed_lo=12040305675577541021 seed_hi=4448544093894922929 nonce=7149}: bitz::ligerito_flock: close time.busy=51.2µs time.idle=120ns
2026-10-07T19:58:57.095571Z  INFO falcon_algebraic:prove:falcon_algebraic:pcs:op:ligerito:spartan:grinding{bits=12}: bitz::piop::spartan::grinding: close time.busy=17.4µs time.idle=120ns
2026-10-07T19:58:57.095590Z  INFO falcon_algebraic:prove:falcon_algebraic:pcs:op:ligerito:lig:grind_pow{bits=17}:spartan:grinding{bits=12}: bitz::piop::spartan::grinding: close time.busy=9.70µs time.idle=120ns
2026-10-07T19:58:57.095613Z  INFO falcon_algebraic:prove:falcon_algebraic:pcs:op:ligerito:lig:grind_pow{bits=17 seed_lo=14594745866361555729 seed_hi=4481801811290485119 nonce=4584}: bitz::ligerito_flock: close time.busy=33.5µs time.idle=110ns
2026-10-07T19:58:57.095653Z  INFO falcon_algebraic:prove:falcon_algebraic:pcs:op:ligerito:spartan:grinding{bits=12}: bitz::piop::spartan::grinding: close time.busy=37.6µs time.idle=120ns
2026-10-07T19:58:57.095667Z  INFO falcon_algebraic:prove:falcon_algebraic:pcs:op:ligerito:lig:grind_pow{bits=17}:spartan:grinding{bits=12}: bitz::piop::spartan::grinding: close time.busy=8.37µs time.idle=120ns
2026-10-07T19:58:57.095789Z  INFO falcon_algebraic:prove:falcon_algebraic:pcs:op:ligerito:lig:grind_pow{bits=17 seed_lo=13300957292935261440 seed_hi=4548511347967446605 nonce=31400}: bitz::ligerito_flock: close time.busy=131µs time.idle=120ns
2026-10-07T19:58:57.095837Z  INFO falcon_algebraic:prove:falcon_algebraic:pcs:op:ligerito:spartan:grinding{bits=12}: bitz::piop::spartan::grinding: close time.busy=46.6µs time.idle=120ns
2026-10-07T19:58:57.095903Z  INFO falcon_algebraic:prove:falcon_algebraic:pcs:op:ligerito:lig:grind_pow{bits=11}:spartan:grinding{bits=12}: bitz::piop::spartan::grinding: close time.busy=17.7µs time.idle=120ns
2026-10-07T19:58:57.095914Z  INFO falcon_algebraic:prove:falcon_algebraic:pcs:op:ligerito:lig:grind_pow{bits=11 seed_lo=5054118974374254575 seed_hi=14981614931524400151 nonce=2654}: bitz::ligerito_flock: close time.busy=30.1µs time.idle=110ns
2026-10-07T19:58:57.095945Z  INFO falcon_algebraic:prove:falcon_algebraic:pcs:op:ligerito:spartan:grinding{bits=12}: bitz::piop::spartan::grinding: close time.busy=29.3µs time.idle=131ns
2026-10-07T19:58:57.096128Z  INFO falcon_algebraic:prove:falcon_algebraic:pcs:op:ligerito:lig:grind_pow{bits=7}:spartan:grinding{bits=12}: bitz::piop::spartan::grinding: close time.busy=8.41µs time.idle=121ns
2026-10-07T19:58:57.096131Z  INFO falcon_algebraic:prove:falcon_algebraic:pcs:op:ligerito:lig:grind_pow{bits=7 seed_lo=10782382566308342209 seed_hi=11179761202078984758 nonce=218}: bitz::ligerito_flock: close time.busy=12.4µs time.idle=121ns
2026-10-07T19:58:57.096139Z  INFO falcon_algebraic:prove:falcon_algebraic:pcs:op:ligerito:spartan:grinding{bits=12}: bitz::piop::spartan::grinding: close time.busy=6.49µs time.idle=121ns
2026-10-07T19:58:57.096152Z  INFO falcon_algebraic:prove:falcon_algebraic:pcs:op:ligerito:lig:grind_pow{bits=15}:spartan:grinding{bits=12}: bitz::piop::spartan::grinding: close time.busy=9.38µs time.idle=120ns
2026-10-07T19:58:57.096264Z  INFO falcon_algebraic:prove:falcon_algebraic:pcs:op:ligerito:lig:grind_pow{bits=15 seed_lo=1228380510673385658 seed_hi=4608945683697044113 nonce=28426}: bitz::ligerito_flock: close time.busy=121µs time.idle=110ns
2026-10-07T19:58:57.096273Z  INFO falcon_algebraic:prove:falcon_algebraic:pcs:op:ligerito:spartan:grinding{bits=12}: bitz::piop::spartan::grinding: close time.busy=7.63µs time.idle=120ns
2026-10-07T19:58:57.096281Z  INFO falcon_algebraic:prove:falcon_algebraic:pcs:op:ligerito:lig:grind_pow{bits=15}:spartan:grinding{bits=12}: bitz::piop::spartan::grinding: close time.busy=4.05µs time.idle=111ns
2026-10-07T19:58:57.096381Z  INFO falcon_algebraic:prove:falcon_algebraic:pcs:op:ligerito:lig:grind_pow{bits=15 seed_lo=15181336230616402119 seed_hi=7493050434602918546 nonce=25325}: bitz::ligerito_flock: close time.busy=105µs time.idle=110ns
2026-10-07T19:58:57.096392Z  INFO falcon_algebraic:prove:falcon_algebraic:pcs:op:ligerito:spartan:grinding{bits=12}: bitz::piop::spartan::grinding: close time.busy=8.55µs time.idle=121ns
2026-10-07T19:58:57.096408Z  INFO falcon_algebraic:prove:falcon_algebraic:pcs:op:ligerito:lig:grind_pow{bits=15}:spartan:grinding{bits=12}: bitz::piop::spartan::grinding: close time.busy=11.9µs time.idle=121ns
2026-10-07T19:58:57.096519Z  INFO falcon_algebraic:prove:falcon_algebraic:pcs:op:ligerito:lig:grind_pow{bits=15 seed_lo=7421790146636421713 seed_hi=16128424606281112580 nonce=28449}: bitz::ligerito_flock: close time.busy=124µs time.idle=110ns
2026-10-07T19:58:57.096533Z  INFO falcon_algebraic:prove:falcon_algebraic:pcs:op:ligerito:spartan:grinding{bits=12}: bitz::piop::spartan::grinding: close time.busy=11.4µs time.idle=120ns
2026-10-07T19:58:57.096543Z  INFO falcon_algebraic:prove:falcon_algebraic:pcs:op:ligerito:lig:grind_pow{bits=11}:spartan:grinding{bits=12}: bitz::piop::spartan::grinding: close time.busy=4.99µs time.idle=120ns
2026-10-07T19:58:57.096547Z  INFO falcon_algebraic:prove:falcon_algebraic:pcs:op:ligerito:lig:grind_pow{bits=11 seed_lo=14005453541847172307 seed_hi=3880069313824445422 nonce=567}: bitz::ligerito_flock: close time.busy=10.2µs time.idle=110ns
2026-10-07T19:58:57.096556Z  INFO falcon_algebraic:prove:falcon_algebraic:pcs:op:ligerito:spartan:grinding{bits=12}: bitz::piop::spartan::grinding: close time.busy=6.79µs time.idle=130ns
2026-10-07T19:58:57.096633Z  INFO falcon_algebraic:prove:falcon_algebraic:pcs:op:ligerito: bitz::hybrid::opening: close time.busy=32.1ms time.idle=150ns
2026-10-07T19:58:57.096636Z  INFO falcon_algebraic:prove:falcon_algebraic:pcs: bitz::piop::spartan::falcon512_algebraic::protocol: close time.busy=39.3ms time.idle=151ns
2026-10-07T19:58:57.097608Z  INFO falcon_algebraic:prove: bitz::piop::spartan::falcon512_algebraic::protocol: close time.busy=334ms time.idle=120ns
2026-10-07T19:58:57.109051Z  INFO falcon_algebraic:verify:falcon_algebraic_ring:verify:falcon_algebraic_ring:coordinates: bitz::piop::spartan::falcon512_algebraic::ring: close time.busy=3.46ms time.idle=171ns
2026-10-07T19:58:57.127781Z  INFO falcon_algebraic:verify:falcon_algebraic_ring:verify:falcon_algebraic_ring:collapse: bitz::piop::spartan::falcon512_algebraic::ring: close time.busy=18.7ms time.idle=141ns
2026-10-07T19:58:57.127784Z  INFO falcon_algebraic:verify:falcon_algebraic_ring:verify: bitz::piop::spartan::falcon512_algebraic::ring: close time.busy=22.5ms time.idle=160ns
2026-10-07T19:58:57.127811Z  INFO falcon_algebraic:verify:spartan:round_grinding_verify: bitz::sumcheck::boundary: close time.busy=892ns time.idle=160ns
2026-10-07T19:58:57.127815Z  INFO falcon_algebraic:verify:spartan:round_grinding_verify: bitz::sumcheck::boundary: close time.busy=821ns time.idle=110ns
2026-10-07T19:58:57.127819Z  INFO falcon_algebraic:verify:spartan:round_grinding_verify: bitz::sumcheck::boundary: close time.busy=892ns time.idle=110ns
2026-10-07T19:58:57.127823Z  INFO falcon_algebraic:verify:spartan:round_grinding_verify: bitz::sumcheck::boundary: close time.busy=872ns time.idle=120ns
2026-10-07T19:58:57.127827Z  INFO falcon_algebraic:verify:spartan:round_grinding_verify: bitz::sumcheck::boundary: close time.busy=712ns time.idle=110ns
2026-10-07T19:58:57.127832Z  INFO falcon_algebraic:verify:spartan:round_grinding_verify: bitz::sumcheck::boundary: close time.busy=791ns time.idle=111ns
2026-10-07T19:58:57.127836Z  INFO falcon_algebraic:verify:spartan:round_grinding_verify: bitz::sumcheck::boundary: close time.busy=802ns time.idle=110ns
2026-10-07T19:58:57.127840Z  INFO falcon_algebraic:verify:spartan:round_grinding_verify: bitz::sumcheck::boundary: close time.busy=912ns time.idle=110ns
2026-10-07T19:58:57.127844Z  INFO falcon_algebraic:verify:spartan:round_grinding_verify: bitz::sumcheck::boundary: close time.busy=862ns time.idle=110ns
2026-10-07T19:58:57.127850Z  INFO falcon_algebraic:verify:spartan:round_grinding_verify: bitz::sumcheck::boundary: close time.busy=761ns time.idle=100ns
2026-10-07T19:58:57.127855Z  INFO falcon_algebraic:verify:spartan:round_grinding_verify: bitz::sumcheck::boundary: close time.busy=862ns time.idle=110ns
2026-10-07T19:58:57.127859Z  INFO falcon_algebraic:verify:spartan:round_grinding_verify: bitz::sumcheck::boundary: close time.busy=822ns time.idle=100ns
2026-10-07T19:58:57.127862Z  INFO falcon_algebraic:verify:spartan:round_grinding_verify: bitz::sumcheck::boundary: close time.busy=922ns time.idle=120ns
2026-10-07T19:58:57.127868Z  INFO falcon_algebraic:verify:spartan:round_grinding_verify: bitz::sumcheck::boundary: close time.busy=942ns time.idle=110ns
2026-10-07T19:58:57.127873Z  INFO falcon_algebraic:verify:spartan:round_grinding_verify: bitz::sumcheck::boundary: close time.busy=701ns time.idle=120ns
2026-10-07T19:58:57.127877Z  INFO falcon_algebraic:verify:spartan:round_grinding_verify: bitz::sumcheck::boundary: close time.busy=791ns time.idle=110ns
2026-10-07T19:58:57.127881Z  INFO falcon_algebraic:verify:spartan:round_grinding_verify: bitz::sumcheck::boundary: close time.busy=902ns time.idle=120ns
2026-10-07T19:58:57.127887Z  INFO falcon_algebraic:verify:spartan:round_grinding_verify: bitz::sumcheck::boundary: close time.busy=762ns time.idle=110ns
2026-10-07T19:58:57.127891Z  INFO falcon_algebraic:verify:spartan:round_grinding_verify: bitz::sumcheck::boundary: close time.busy=861ns time.idle=110ns
2026-10-07T19:58:57.137620Z  INFO falcon_algebraic:verify:spartan:round_grinding_verify: bitz::sumcheck::boundary: close time.busy=1.05µs time.idle=160ns
2026-10-07T19:58:57.137625Z  INFO falcon_algebraic:verify:spartan:round_grinding_verify: bitz::sumcheck::boundary: close time.busy=801ns time.idle=121ns
2026-10-07T19:58:57.137629Z  INFO falcon_algebraic:verify:spartan:round_grinding_verify: bitz::sumcheck::boundary: close time.busy=821ns time.idle=110ns
2026-10-07T19:58:57.137632Z  INFO falcon_algebraic:verify:spartan:round_grinding_verify: bitz::sumcheck::boundary: close time.busy=801ns time.idle=110ns
2026-10-07T19:58:57.137636Z  INFO falcon_algebraic:verify:spartan:round_grinding_verify: bitz::sumcheck::boundary: close time.busy=862ns time.idle=120ns
2026-10-07T19:58:57.137640Z  INFO falcon_algebraic:verify:spartan:round_grinding_verify: bitz::sumcheck::boundary: close time.busy=1.19µs time.idle=110ns
2026-10-07T19:58:57.137644Z  INFO falcon_algebraic:verify:spartan:round_grinding_verify: bitz::sumcheck::boundary: close time.busy=812ns time.idle=130ns
2026-10-07T19:58:57.137648Z  INFO falcon_algebraic:verify:spartan:round_grinding_verify: bitz::sumcheck::boundary: close time.busy=891ns time.idle=111ns
2026-10-07T19:58:57.137651Z  INFO falcon_algebraic:verify:spartan:round_grinding_verify: bitz::sumcheck::boundary: close time.busy=861ns time.idle=131ns
2026-10-07T19:58:57.137658Z  INFO falcon_algebraic:verify:spartan:round_grinding_verify: bitz::sumcheck::boundary: close time.busy=881ns time.idle=121ns
2026-10-07T19:58:57.137661Z  INFO falcon_algebraic:verify:spartan:round_grinding_verify: bitz::sumcheck::boundary: close time.busy=922ns time.idle=110ns
2026-10-07T19:58:57.137665Z  INFO falcon_algebraic:verify:spartan:round_grinding_verify: bitz::sumcheck::boundary: close time.busy=952ns time.idle=110ns
2026-10-07T19:58:57.137668Z  INFO falcon_algebraic:verify:spartan:round_grinding_verify: bitz::sumcheck::boundary: close time.busy=862ns time.idle=100ns
2026-10-07T19:58:57.137673Z  INFO falcon_algebraic:verify:spartan:round_grinding_verify: bitz::sumcheck::boundary: close time.busy=931ns time.idle=111ns
2026-10-07T19:58:57.137678Z  INFO falcon_algebraic:verify:spartan:round_grinding_verify: bitz::sumcheck::boundary: close time.busy=882ns time.idle=110ns
2026-10-07T19:58:57.137681Z  INFO falcon_algebraic:verify:spartan:round_grinding_verify: bitz::sumcheck::boundary: close time.busy=852ns time.idle=120ns
2026-10-07T19:58:57.137685Z  INFO falcon_algebraic:verify:spartan:round_grinding_verify: bitz::sumcheck::boundary: close time.busy=871ns time.idle=111ns
2026-10-07T19:58:57.137689Z  INFO falcon_algebraic:verify:spartan:round_grinding_verify: bitz::sumcheck::boundary: close time.busy=952ns time.idle=110ns
2026-10-07T19:58:57.137695Z  INFO falcon_algebraic:verify:spartan:round_grinding_verify: bitz::sumcheck::boundary: close time.busy=1.12µs time.idle=110ns
2026-10-07T19:58:57.137698Z  INFO falcon_algebraic:verify:spartan:round_grinding_verify: bitz::sumcheck::boundary: close time.busy=641ns time.idle=111ns
2026-10-07T19:58:57.137700Z  INFO falcon_algebraic:verify:spartan:round_grinding_verify: bitz::sumcheck::boundary: close time.busy=702ns time.idle=120ns
2026-10-07T19:58:57.137703Z  INFO falcon_algebraic:verify:spartan:round_grinding_verify: bitz::sumcheck::boundary: close time.busy=651ns time.idle=110ns
2026-10-07T19:58:57.137706Z  INFO falcon_algebraic:verify:spartan:round_grinding_verify: bitz::sumcheck::boundary: close time.busy=661ns time.idle=131ns
2026-10-07T19:58:57.137709Z  INFO falcon_algebraic:verify:spartan:round_grinding_verify: bitz::sumcheck::boundary: close time.busy=652ns time.idle=100ns
2026-10-07T19:58:57.144967Z  INFO falcon_algebraic:verify:spartan:round_grinding_verify: bitz::sumcheck::boundary: close time.busy=1.04µs time.idle=141ns
2026-10-07T19:58:57.144971Z  INFO falcon_algebraic:verify:spartan:round_grinding_verify: bitz::sumcheck::boundary: close time.busy=1.05µs time.idle=110ns
2026-10-07T19:58:57.144974Z  INFO falcon_algebraic:verify:spartan:round_grinding_verify: bitz::sumcheck::boundary: close time.busy=992ns time.idle=110ns
2026-10-07T19:58:57.144976Z  INFO falcon_algebraic:verify:spartan:round_grinding_verify: bitz::sumcheck::boundary: close time.busy=962ns time.idle=110ns
2026-10-07T19:58:57.144979Z  INFO falcon_algebraic:verify:spartan:round_grinding_verify: bitz::sumcheck::boundary: close time.busy=1.17µs time.idle=121ns
2026-10-07T19:58:57.144982Z  INFO falcon_algebraic:verify:spartan:round_grinding_verify: bitz::sumcheck::boundary: close time.busy=951ns time.idle=112ns
2026-10-07T19:58:57.144985Z  INFO falcon_algebraic:verify:spartan:round_grinding_verify: bitz::sumcheck::boundary: close time.busy=931ns time.idle=121ns
2026-10-07T19:58:57.144987Z  INFO falcon_algebraic:verify:spartan:round_grinding_verify: bitz::sumcheck::boundary: close time.busy=942ns time.idle=110ns
2026-10-07T19:58:57.144990Z  INFO falcon_algebraic:verify:spartan:round_grinding_verify: bitz::sumcheck::boundary: close time.busy=1.01µs time.idle=112ns
2026-10-07T19:58:57.144993Z  INFO falcon_algebraic:verify:spartan:round_grinding_verify: bitz::sumcheck::boundary: close time.busy=1.02µs time.idle=110ns
2026-10-07T19:58:57.144995Z  INFO falcon_algebraic:verify:spartan:round_grinding_verify: bitz::sumcheck::boundary: close time.busy=1.05µs time.idle=110ns
2026-10-07T19:58:57.144998Z  INFO falcon_algebraic:verify:spartan:round_grinding_verify: bitz::sumcheck::boundary: close time.busy=1.00µs time.idle=100ns
2026-10-07T19:58:57.145001Z  INFO falcon_algebraic:verify:spartan:round_grinding_verify: bitz::sumcheck::boundary: close time.busy=962ns time.idle=110ns
2026-10-07T19:58:57.145003Z  INFO falcon_algebraic:verify:spartan:round_grinding_verify: bitz::sumcheck::boundary: close time.busy=1.01µs time.idle=120ns
2026-10-07T19:58:57.145006Z  INFO falcon_algebraic:verify:spartan:round_grinding_verify: bitz::sumcheck::boundary: close time.busy=1.14µs time.idle=111ns
2026-10-07T19:58:57.145009Z  INFO falcon_algebraic:verify:spartan:round_grinding_verify: bitz::sumcheck::boundary: close time.busy=1.09µs time.idle=120ns
2026-10-07T19:58:57.145012Z  INFO falcon_algebraic:verify:spartan:round_grinding_verify: bitz::sumcheck::boundary: close time.busy=1.10µs time.idle=100ns
2026-10-07T19:58:57.145015Z  INFO falcon_algebraic:verify:spartan:round_grinding_verify: bitz::sumcheck::boundary: close time.busy=1.18µs time.idle=110ns
2026-10-07T19:58:57.145017Z  INFO falcon_algebraic:verify:spartan:round_grinding_verify: bitz::sumcheck::boundary: close time.busy=931ns time.idle=111ns
2026-10-07T19:58:57.145020Z  INFO falcon_algebraic:verify:spartan:round_grinding_verify: bitz::sumcheck::boundary: close time.busy=941ns time.idle=111ns
2026-10-07T19:58:57.145023Z  INFO falcon_algebraic:verify:spartan:round_grinding_verify: bitz::sumcheck::boundary: close time.busy=982ns time.idle=110ns
2026-10-07T19:58:57.145026Z  INFO falcon_algebraic:verify:spartan:round_grinding_verify: bitz::sumcheck::boundary: close time.busy=962ns time.idle=110ns
2026-10-07T19:58:57.145029Z  INFO falcon_algebraic:verify:spartan:round_grinding_verify: bitz::sumcheck::boundary: close time.busy=962ns time.idle=110ns
2026-10-07T19:58:57.145032Z  INFO falcon_algebraic:verify:spartan:round_grinding_verify: bitz::sumcheck::boundary: close time.busy=1.11µs time.idle=110ns
2026-10-07T19:58:57.145034Z  INFO falcon_algebraic:verify:spartan:round_grinding_verify: bitz::sumcheck::boundary: close time.busy=1.02µs time.idle=100ns
2026-10-07T19:58:57.147282Z  INFO falcon_algebraic:verify: bitz::piop::spartan::falcon512_algebraic::protocol: close time.busy=49.6ms time.idle=191ns
2026-10-07T19:58:57.179950Z  INFO falcon_algebraic:commit:falcon_algebraic:witness: bitz::piop::spartan::falcon512_algebraic::protocol: close time.busy=32.4ms time.idle=161ns
2026-10-07T19:58:57.209347Z  INFO falcon_algebraic:commit:shared_source:encode: bitz::hybrid::opening: close time.busy=1.57ms time.idle=180ns
2026-10-07T19:58:57.210324Z  INFO falcon_algebraic:commit:shared_source:merkle: bitz::hybrid::opening: close time.busy=974µs time.idle=141ns
2026-10-07T19:58:57.210326Z  INFO falcon_algebraic:commit: bitz::piop::spartan::falcon512_algebraic::protocol: close time.busy=62.9ms time.idle=200ns
2026-10-07T19:58:57.222274Z  INFO falcon_algebraic:prove:falcon_algebraic:ring:falcon_algebraic_ring:prove:falcon_algebraic_ring:coordinates: bitz::piop::spartan::falcon512_algebraic::ring: close time.busy=3.33ms time.idle=300ns
2026-10-07T19:58:57.223065Z  INFO falcon_algebraic:prove:falcon_algebraic:ring:falcon_algebraic_ring:prove:spartan:grinding{bits=11}: bitz::piop::spartan::grinding: close time.busy=7.78µs time.idle=161ns
2026-10-07T19:58:57.241549Z  INFO falcon_algebraic:prove:falcon_algebraic:ring:falcon_algebraic_ring:prove:falcon_algebraic_ring:collapse: bitz::piop::spartan::falcon512_algebraic::ring: close time.busy=18.5ms time.idle=130ns
2026-10-07T19:58:57.241552Z  INFO falcon_algebraic:prove:falcon_algebraic:ring:falcon_algebraic_ring:prove: bitz::piop::spartan::falcon512_algebraic::ring: close time.busy=23.5ms time.idle=170ns
2026-10-07T19:58:57.241553Z  INFO falcon_algebraic:prove:falcon_algebraic:ring: bitz::piop::spartan::falcon512_algebraic::protocol: close time.busy=23.5ms time.idle=140ns
2026-10-07T19:58:57.241561Z  INFO falcon_algebraic:prove:falcon_algebraic:arithmetic:falcon_algebraic:norm:spartan:grinding{bits=11}: bitz::piop::spartan::grinding: close time.busy=5.67µs time.idle=120ns
2026-10-07T19:58:57.270838Z  INFO falcon_algebraic:prove:falcon_algebraic:arithmetic:falcon_algebraic:norm:spartan:round_grinding_prove:spartan:grinding{bits=14}: bitz::piop::spartan::grinding: close time.busy=22.6µs time.idle=121ns
2026-10-07T19:58:57.270841Z  INFO falcon_algebraic:prove:falcon_algebraic:arithmetic:falcon_algebraic:norm:spartan:round_grinding_prove: bitz::sumcheck::boundary: close time.busy=26.3µs time.idle=170ns
2026-10-07T19:58:57.281767Z  INFO falcon_algebraic:prove:falcon_algebraic:arithmetic:falcon_algebraic:norm:spartan:round_grinding_prove:spartan:grinding{bits=14}: bitz::piop::spartan::grinding: close time.busy=162µs time.idle=130ns
2026-10-07T19:58:57.281769Z  INFO falcon_algebraic:prove:falcon_algebraic:arithmetic:falcon_algebraic:norm:spartan:round_grinding_prove: bitz::sumcheck::boundary: close time.busy=166µs time.idle=111ns
2026-10-07T19:58:57.286914Z  INFO falcon_algebraic:prove:falcon_algebraic:arithmetic:falcon_algebraic:norm:spartan:round_grinding_prove:spartan:grinding{bits=14}: bitz::piop::spartan::grinding: close time.busy=39.5µs time.idle=120ns
2026-10-07T19:58:57.286916Z  INFO falcon_algebraic:prove:falcon_algebraic:arithmetic:falcon_algebraic:norm:spartan:round_grinding_prove: bitz::sumcheck::boundary: close time.busy=42.5µs time.idle=110ns
2026-10-07T19:58:57.289482Z  INFO falcon_algebraic:prove:falcon_algebraic:arithmetic:falcon_algebraic:norm:spartan:round_grinding_prove:spartan:grinding{bits=14}: bitz::piop::spartan::grinding: close time.busy=19.2µs time.idle=121ns
2026-10-07T19:58:57.289484Z  INFO falcon_algebraic:prove:falcon_algebraic:arithmetic:falcon_algebraic:norm:spartan:round_grinding_prove: bitz::sumcheck::boundary: close time.busy=22.2µs time.idle=110ns
2026-10-07T19:58:57.290854Z  INFO falcon_algebraic:prove:falcon_algebraic:arithmetic:falcon_algebraic:norm:spartan:round_grinding_prove:spartan:grinding{bits=14}: bitz::piop::spartan::grinding: close time.busy=111µs time.idle=130ns
2026-10-07T19:58:57.290856Z  INFO falcon_algebraic:prove:falcon_algebraic:arithmetic:falcon_algebraic:norm:spartan:round_grinding_prove: bitz::sumcheck::boundary: close time.busy=114µs time.idle=120ns
2026-10-07T19:58:57.291506Z  INFO falcon_algebraic:prove:falcon_algebraic:arithmetic:falcon_algebraic:norm:spartan:round_grinding_prove:spartan:grinding{bits=14}: bitz::piop::spartan::grinding: close time.busy=12.3µs time.idle=120ns
2026-10-07T19:58:57.291508Z  INFO falcon_algebraic:prove:falcon_algebraic:arithmetic:falcon_algebraic:norm:spartan:round_grinding_prove: bitz::sumcheck::boundary: close time.busy=14.9µs time.idle=120ns
2026-10-07T19:58:57.291873Z  INFO falcon_algebraic:prove:falcon_algebraic:arithmetic:falcon_algebraic:norm:spartan:round_grinding_prove:spartan:grinding{bits=14}: bitz::piop::spartan::grinding: close time.busy=44.4µs time.idle=120ns
2026-10-07T19:58:57.291875Z  INFO falcon_algebraic:prove:falcon_algebraic:arithmetic:falcon_algebraic:norm:spartan:round_grinding_prove: bitz::sumcheck::boundary: close time.busy=47.0µs time.idle=100ns
2026-10-07T19:58:57.292058Z  INFO falcon_algebraic:prove:falcon_algebraic:arithmetic:falcon_algebraic:norm:spartan:round_grinding_prove:spartan:grinding{bits=14}: bitz::piop::spartan::grinding: close time.busy=17.2µs time.idle=110ns
2026-10-07T19:58:57.292059Z  INFO falcon_algebraic:prove:falcon_algebraic:arithmetic:falcon_algebraic:norm:spartan:round_grinding_prove: bitz::sumcheck::boundary: close time.busy=19.7µs time.idle=120ns
2026-10-07T19:58:57.292151Z  INFO falcon_algebraic:prove:falcon_algebraic:arithmetic:falcon_algebraic:norm:spartan:round_grinding_prove:spartan:grinding{bits=14}: bitz::piop::spartan::grinding: close time.busy=6.03µs time.idle=110ns
2026-10-07T19:58:57.292152Z  INFO falcon_algebraic:prove:falcon_algebraic:arithmetic:falcon_algebraic:norm:spartan:round_grinding_prove: bitz::sumcheck::boundary: close time.busy=8.29µs time.idle=110ns
2026-10-07T19:58:57.292260Z  INFO falcon_algebraic:prove:falcon_algebraic:arithmetic:falcon_algebraic:norm:spartan:round_grinding_prove:spartan:grinding{bits=14}: bitz::piop::spartan::grinding: close time.busy=60.5µs time.idle=121ns
2026-10-07T19:58:57.292262Z  INFO falcon_algebraic:prove:falcon_algebraic:arithmetic:falcon_algebraic:norm:spartan:round_grinding_prove: bitz::sumcheck::boundary: close time.busy=62.6µs time.idle=100ns
2026-10-07T19:58:57.292296Z  INFO falcon_algebraic:prove:falcon_algebraic:arithmetic:falcon_algebraic:norm:spartan:round_grinding_prove:spartan:grinding{bits=14}: bitz::piop::spartan::grinding: close time.busy=5.78µs time.idle=120ns
2026-10-07T19:58:57.292297Z  INFO falcon_algebraic:prove:falcon_algebraic:arithmetic:falcon_algebraic:norm:spartan:round_grinding_prove: bitz::sumcheck::boundary: close time.busy=7.84µs time.idle=122ns
2026-10-07T19:58:57.292348Z  INFO falcon_algebraic:prove:falcon_algebraic:arithmetic:falcon_algebraic:norm:spartan:round_grinding_prove:spartan:grinding{bits=14}: bitz::piop::spartan::grinding: close time.busy=33.8µs time.idle=110ns
2026-10-07T19:58:57.292349Z  INFO falcon_algebraic:prove:falcon_algebraic:arithmetic:falcon_algebraic:norm:spartan:round_grinding_prove: bitz::sumcheck::boundary: close time.busy=35.9µs time.idle=110ns
2026-10-07T19:58:57.292375Z  INFO falcon_algebraic:prove:falcon_algebraic:arithmetic:falcon_algebraic:norm:spartan:round_grinding_prove:spartan:grinding{bits=14}: bitz::piop::spartan::grinding: close time.busy=13.4µs time.idle=120ns
2026-10-07T19:58:57.292377Z  INFO falcon_algebraic:prove:falcon_algebraic:arithmetic:falcon_algebraic:norm:spartan:round_grinding_prove: bitz::sumcheck::boundary: close time.busy=16.1µs time.idle=110ns
2026-10-07T19:58:57.292402Z  INFO falcon_algebraic:prove:falcon_algebraic:arithmetic:falcon_algebraic:norm:spartan:round_grinding_prove:spartan:grinding{bits=14}: bitz::piop::spartan::grinding: close time.busy=12.6µs time.idle=120ns
2026-10-07T19:58:57.292403Z  INFO falcon_algebraic:prove:falcon_algebraic:arithmetic:falcon_algebraic:norm:spartan:round_grinding_prove: bitz::sumcheck::boundary: close time.busy=14.8µs time.idle=100ns
2026-10-07T19:58:57.292421Z  INFO falcon_algebraic:prove:falcon_algebraic:arithmetic:falcon_algebraic:norm:spartan:round_grinding_prove:spartan:grinding{bits=14}: bitz::piop::spartan::grinding: close time.busy=7.92µs time.idle=110ns
2026-10-07T19:58:57.292422Z  INFO falcon_algebraic:prove:falcon_algebraic:arithmetic:falcon_algebraic:norm:spartan:round_grinding_prove: bitz::sumcheck::boundary: close time.busy=10.1µs time.idle=120ns
2026-10-07T19:58:57.292474Z  INFO falcon_algebraic:prove:falcon_algebraic:arithmetic:falcon_algebraic:norm:spartan:round_grinding_prove:spartan:grinding{bits=14}: bitz::piop::spartan::grinding: close time.busy=43.4µs time.idle=120ns
2026-10-07T19:58:57.292475Z  INFO falcon_algebraic:prove:falcon_algebraic:arithmetic:falcon_algebraic:norm:spartan:round_grinding_prove: bitz::sumcheck::boundary: close time.busy=45.4µs time.idle=110ns
2026-10-07T19:58:57.292525Z  INFO falcon_algebraic:prove:falcon_algebraic:arithmetic:falcon_algebraic:norm:spartan:round_grinding_prove:spartan:grinding{bits=14}: bitz::piop::spartan::grinding: close time.busy=41.7µs time.idle=111ns
2026-10-07T19:58:57.292527Z  INFO falcon_algebraic:prove:falcon_algebraic:arithmetic:falcon_algebraic:norm:spartan:round_grinding_prove: bitz::sumcheck::boundary: close time.busy=44.0µs time.idle=110ns
2026-10-07T19:58:57.292546Z  INFO falcon_algebraic:prove:falcon_algebraic:arithmetic:falcon_algebraic:norm:spartan:round_grinding_prove:spartan:grinding{bits=14}: bitz::piop::spartan::grinding: close time.busy=9.62µs time.idle=110ns
2026-10-07T19:58:57.292547Z  INFO falcon_algebraic:prove:falcon_algebraic:arithmetic:falcon_algebraic:norm:spartan:round_grinding_prove: bitz::sumcheck::boundary: close time.busy=11.6µs time.idle=101ns
2026-10-07T19:58:57.292590Z  INFO falcon_algebraic:prove:falcon_algebraic:arithmetic:falcon_algebraic:norm:spartan:round_grinding_prove:spartan:grinding{bits=14}: bitz::piop::spartan::grinding: close time.busy=35.2µs time.idle=110ns
2026-10-07T19:58:57.292592Z  INFO falcon_algebraic:prove:falcon_algebraic:arithmetic:falcon_algebraic:norm:spartan:round_grinding_prove: bitz::sumcheck::boundary: close time.busy=37.3µs time.idle=100ns
2026-10-07T19:58:57.292600Z  INFO falcon_algebraic:prove:falcon_algebraic:arithmetic:falcon_algebraic:norm: bitz::piop::spartan::falcon512_algebraic::arithmetic: close time.busy=51.0ms time.idle=160ns
2026-10-07T19:58:57.292603Z  INFO falcon_algebraic:prove:falcon_algebraic:arithmetic:falcon_algebraic:binding:spartan:grinding{bits=10}: bitz::piop::spartan::grinding: close time.busy=902ns time.idle=100ns
2026-10-07T19:58:57.338718Z  INFO falcon_algebraic:prove:falcon_algebraic:arithmetic:falcon_algebraic:binding:inner_packed:prefix_accumulators: bitz::sumcheck::inner::packed::state: close time.busy=37.3ms time.idle=150ns
2026-10-07T19:58:57.338728Z  INFO falcon_algebraic:prove:falcon_algebraic:arithmetic:falcon_algebraic:binding:spartan:round_grinding_prove:spartan:grinding{bits=13}: bitz::piop::spartan::grinding: close time.busy=4.65µs time.idle=121ns
2026-10-07T19:58:57.338730Z  INFO falcon_algebraic:prove:falcon_algebraic:arithmetic:falcon_algebraic:binding:spartan:round_grinding_prove: bitz::sumcheck::boundary: close time.busy=7.63µs time.idle=140ns
2026-10-07T19:58:57.338754Z  INFO falcon_algebraic:prove:falcon_algebraic:arithmetic:falcon_algebraic:binding:spartan:round_grinding_prove:spartan:grinding{bits=13}: bitz::piop::spartan::grinding: close time.busy=18.6µs time.idle=120ns
2026-10-07T19:58:57.338756Z  INFO falcon_algebraic:prove:falcon_algebraic:arithmetic:falcon_algebraic:binding:spartan:round_grinding_prove: bitz::sumcheck::boundary: close time.busy=21.5µs time.idle=120ns
2026-10-07T19:58:57.338768Z  INFO falcon_algebraic:prove:falcon_algebraic:arithmetic:falcon_algebraic:binding:spartan:round_grinding_prove:spartan:grinding{bits=13}: bitz::piop::spartan::grinding: close time.busy=7.23µs time.idle=110ns
2026-10-07T19:58:57.338769Z  INFO falcon_algebraic:prove:falcon_algebraic:arithmetic:falcon_algebraic:binding:spartan:round_grinding_prove: bitz::sumcheck::boundary: close time.busy=9.33µs time.idle=120ns
2026-10-07T19:58:57.380178Z  INFO falcon_algebraic:prove:falcon_algebraic:arithmetic:falcon_algebraic:binding:inner_packed:prepare_tail: bitz::sumcheck::inner::packed::state: close time.busy=41.4ms time.idle=521ns
2026-10-07T19:58:57.380199Z  INFO falcon_algebraic:prove:falcon_algebraic:arithmetic:falcon_algebraic:binding:spartan:round_grinding_prove:spartan:grinding{bits=13}: bitz::piop::spartan::grinding: close time.busy=16.5µs time.idle=140ns
2026-10-07T19:58:57.380201Z  INFO falcon_algebraic:prove:falcon_algebraic:arithmetic:falcon_algebraic:binding:spartan:round_grinding_prove: bitz::sumcheck::boundary: close time.busy=19.4µs time.idle=110ns
2026-10-07T19:58:57.403317Z  INFO falcon_algebraic:prove:falcon_algebraic:arithmetic:falcon_algebraic:binding:inner_packed:fold_tail{round=3}: bitz::sumcheck::inner::packed::state: close time.busy=23.1ms time.idle=151ns
2026-10-07T19:58:57.403357Z  INFO falcon_algebraic:prove:falcon_algebraic:arithmetic:falcon_algebraic:binding:spartan:round_grinding_prove:spartan:grinding{bits=13}: bitz::piop::spartan::grinding: close time.busy=35.3µs time.idle=132ns
2026-10-07T19:58:57.403359Z  INFO falcon_algebraic:prove:falcon_algebraic:arithmetic:falcon_algebraic:binding:spartan:round_grinding_prove: bitz::sumcheck::boundary: close time.busy=38.2µs time.idle=120ns
2026-10-07T19:58:57.413196Z  INFO falcon_algebraic:prove:falcon_algebraic:arithmetic:falcon_algebraic:binding:inner_packed:fold_tail{round=4}: bitz::sumcheck::inner::packed::state: close time.busy=9.83ms time.idle=110ns
2026-10-07T19:58:57.413221Z  INFO falcon_algebraic:prove:falcon_algebraic:arithmetic:falcon_algebraic:binding:spartan:round_grinding_prove:spartan:grinding{bits=13}: bitz::piop::spartan::grinding: close time.busy=20.9µs time.idle=130ns
2026-10-07T19:58:57.413224Z  INFO falcon_algebraic:prove:falcon_algebraic:arithmetic:falcon_algebraic:binding:spartan:round_grinding_prove: bitz::sumcheck::boundary: close time.busy=24.7µs time.idle=120ns
2026-10-07T19:58:57.418218Z  INFO falcon_algebraic:prove:falcon_algebraic:arithmetic:falcon_algebraic:binding:inner_packed:fold_tail{round=5}: bitz::sumcheck::inner::packed::state: close time.busy=4.99ms time.idle=120ns
2026-10-07T19:58:57.418246Z  INFO falcon_algebraic:prove:falcon_algebraic:arithmetic:falcon_algebraic:binding:spartan:round_grinding_prove:spartan:grinding{bits=13}: bitz::piop::spartan::grinding: close time.busy=23.6µs time.idle=120ns
2026-10-07T19:58:57.418247Z  INFO falcon_algebraic:prove:falcon_algebraic:arithmetic:falcon_algebraic:binding:spartan:round_grinding_prove: bitz::sumcheck::boundary: close time.busy=26.2µs time.idle=121ns
2026-10-07T19:58:57.421142Z  INFO falcon_algebraic:prove:falcon_algebraic:arithmetic:falcon_algebraic:binding:inner_packed:fold_tail{round=6}: bitz::sumcheck::inner::packed::state: close time.busy=2.89ms time.idle=181ns
2026-10-07T19:58:57.421186Z  INFO falcon_algebraic:prove:falcon_algebraic:arithmetic:falcon_algebraic:binding:spartan:round_grinding_prove:spartan:grinding{bits=13}: bitz::piop::spartan::grinding: close time.busy=40.1µs time.idle=120ns
2026-10-07T19:58:57.421187Z  INFO falcon_algebraic:prove:falcon_algebraic:arithmetic:falcon_algebraic:binding:spartan:round_grinding_prove: bitz::sumcheck::boundary: close time.busy=42.4µs time.idle=120ns
2026-10-07T19:58:57.422456Z  INFO falcon_algebraic:prove:falcon_algebraic:arithmetic:falcon_algebraic:binding:inner_packed:fold_tail{round=7}: bitz::sumcheck::inner::packed::state: close time.busy=1.27ms time.idle=110ns
2026-10-07T19:58:57.422525Z  INFO falcon_algebraic:prove:falcon_algebraic:arithmetic:falcon_algebraic:binding:spartan:round_grinding_prove:spartan:grinding{bits=13}: bitz::piop::spartan::grinding: close time.busy=66.0µs time.idle=130ns
2026-10-07T19:58:57.422526Z  INFO falcon_algebraic:prove:falcon_algebraic:arithmetic:falcon_algebraic:binding:spartan:round_grinding_prove: bitz::sumcheck::boundary: close time.busy=68.6µs time.idle=121ns
2026-10-07T19:58:57.423178Z  INFO falcon_algebraic:prove:falcon_algebraic:arithmetic:falcon_algebraic:binding:inner_packed:fold_tail{round=8}: bitz::sumcheck::inner::packed::state: close time.busy=645µs time.idle=160ns
2026-10-07T19:58:57.423199Z  INFO falcon_algebraic:prove:falcon_algebraic:arithmetic:falcon_algebraic:binding:spartan:round_grinding_prove:spartan:grinding{bits=13}: bitz::piop::spartan::grinding: close time.busy=18.4µs time.idle=110ns
2026-10-07T19:58:57.423200Z  INFO falcon_algebraic:prove:falcon_algebraic:arithmetic:falcon_algebraic:binding:spartan:round_grinding_prove: bitz::sumcheck::boundary: close time.busy=20.5µs time.idle=110ns
2026-10-07T19:58:57.423534Z  INFO falcon_algebraic:prove:falcon_algebraic:arithmetic:falcon_algebraic:binding:inner_packed:fold_tail{round=9}: bitz::sumcheck::inner::packed::state: close time.busy=332µs time.idle=130ns
2026-10-07T19:58:57.423594Z  INFO falcon_algebraic:prove:falcon_algebraic:arithmetic:falcon_algebraic:binding:spartan:round_grinding_prove:spartan:grinding{bits=13}: bitz::piop::spartan::grinding: close time.busy=57.2µs time.idle=120ns
2026-10-07T19:58:57.423595Z  INFO falcon_algebraic:prove:falcon_algebraic:arithmetic:falcon_algebraic:binding:spartan:round_grinding_prove: bitz::sumcheck::boundary: close time.busy=59.4µs time.idle=110ns
2026-10-07T19:58:57.423768Z  INFO falcon_algebraic:prove:falcon_algebraic:arithmetic:falcon_algebraic:binding:inner_packed:fold_tail{round=10}: bitz::sumcheck::inner::packed::state: close time.busy=170µs time.idle=121ns
2026-10-07T19:58:57.423801Z  INFO falcon_algebraic:prove:falcon_algebraic:arithmetic:falcon_algebraic:binding:spartan:round_grinding_prove:spartan:grinding{bits=13}: bitz::piop::spartan::grinding: close time.busy=30.8µs time.idle=130ns
2026-10-07T19:58:57.423803Z  INFO falcon_algebraic:prove:falcon_algebraic:arithmetic:falcon_algebraic:binding:spartan:round_grinding_prove: bitz::sumcheck::boundary: close time.busy=33.1µs time.idle=111ns
2026-10-07T19:58:57.423893Z  INFO falcon_algebraic:prove:falcon_algebraic:arithmetic:falcon_algebraic:binding:inner_packed:fold_tail{round=11}: bitz::sumcheck::inner::packed::state: close time.busy=87.8µs time.idle=120ns
2026-10-07T19:58:57.423927Z  INFO falcon_algebraic:prove:falcon_algebraic:arithmetic:falcon_algebraic:binding:spartan:round_grinding_prove:spartan:grinding{bits=13}: bitz::piop::spartan::grinding: close time.busy=31.4µs time.idle=110ns
2026-10-07T19:58:57.423928Z  INFO falcon_algebraic:prove:falcon_algebraic:arithmetic:falcon_algebraic:binding:spartan:round_grinding_prove: bitz::sumcheck::boundary: close time.busy=33.5µs time.idle=111ns
2026-10-07T19:58:57.423976Z  INFO falcon_algebraic:prove:falcon_algebraic:arithmetic:falcon_algebraic:binding:inner_packed:fold_tail{round=12}: bitz::sumcheck::inner::packed::state: close time.busy=44.3µs time.idle=120ns
2026-10-07T19:58:57.424020Z  INFO falcon_algebraic:prove:falcon_algebraic:arithmetic:falcon_algebraic:binding:spartan:round_grinding_prove:spartan:grinding{bits=13}: bitz::piop::spartan::grinding: close time.busy=41.5µs time.idle=130ns
2026-10-07T19:58:57.424022Z  INFO falcon_algebraic:prove:falcon_algebraic:arithmetic:falcon_algebraic:binding:spartan:round_grinding_prove: bitz::sumcheck::boundary: close time.busy=43.7µs time.idle=110ns
2026-10-07T19:58:57.424049Z  INFO falcon_algebraic:prove:falcon_algebraic:arithmetic:falcon_algebraic:binding:inner_packed:fold_tail{round=13}: bitz::sumcheck::inner::packed::state: close time.busy=24.4µs time.idle=110ns
2026-10-07T19:58:57.424110Z  INFO falcon_algebraic:prove:falcon_algebraic:arithmetic:falcon_algebraic:binding:spartan:round_grinding_prove:spartan:grinding{bits=13}: bitz::piop::spartan::grinding: close time.busy=57.4µs time.idle=111ns
2026-10-07T19:58:57.424111Z  INFO falcon_algebraic:prove:falcon_algebraic:arithmetic:falcon_algebraic:binding:spartan:round_grinding_prove: bitz::sumcheck::boundary: close time.busy=59.5µs time.idle=110ns
2026-10-07T19:58:57.424125Z  INFO falcon_algebraic:prove:falcon_algebraic:arithmetic:falcon_algebraic:binding:inner_packed:fold_tail{round=14}: bitz::sumcheck::inner::packed::state: close time.busy=11.3µs time.idle=110ns
2026-10-07T19:58:57.424161Z  INFO falcon_algebraic:prove:falcon_algebraic:arithmetic:falcon_algebraic:binding:spartan:round_grinding_prove:spartan:grinding{bits=13}: bitz::piop::spartan::grinding: close time.busy=34.4µs time.idle=121ns
2026-10-07T19:58:57.424163Z  INFO falcon_algebraic:prove:falcon_algebraic:arithmetic:falcon_algebraic:binding:spartan:round_grinding_prove: bitz::sumcheck::boundary: close time.busy=36.6µs time.idle=110ns
2026-10-07T19:58:57.424170Z  INFO falcon_algebraic:prove:falcon_algebraic:arithmetic:falcon_algebraic:binding:inner_packed:fold_tail{round=15}: bitz::sumcheck::inner::packed::state: close time.busy=5.37µs time.idle=121ns
2026-10-07T19:58:57.424187Z  INFO falcon_algebraic:prove:falcon_algebraic:arithmetic:falcon_algebraic:binding:spartan:round_grinding_prove:spartan:grinding{bits=13}: bitz::piop::spartan::grinding: close time.busy=14.6µs time.idle=110ns
2026-10-07T19:58:57.424189Z  INFO falcon_algebraic:prove:falcon_algebraic:arithmetic:falcon_algebraic:binding:spartan:round_grinding_prove: bitz::sumcheck::boundary: close time.busy=16.8µs time.idle=120ns
2026-10-07T19:58:57.424194Z  INFO falcon_algebraic:prove:falcon_algebraic:arithmetic:falcon_algebraic:binding:inner_packed:fold_tail{round=16}: bitz::sumcheck::inner::packed::state: close time.busy=2.67µs time.idle=110ns
2026-10-07T19:58:57.424213Z  INFO falcon_algebraic:prove:falcon_algebraic:arithmetic:falcon_algebraic:binding:spartan:round_grinding_prove:spartan:grinding{bits=13}: bitz::piop::spartan::grinding: close time.busy=16.7µs time.idle=120ns
2026-10-07T19:58:57.424214Z  INFO falcon_algebraic:prove:falcon_algebraic:arithmetic:falcon_algebraic:binding:spartan:round_grinding_prove: bitz::sumcheck::boundary: close time.busy=18.8µs time.idle=110ns
2026-10-07T19:58:57.424221Z  INFO falcon_algebraic:prove:falcon_algebraic:arithmetic:falcon_algebraic:binding:inner_packed:fold_tail{round=17}: bitz::sumcheck::inner::packed::state: close time.busy=1.39µs time.idle=110ns
2026-10-07T19:58:57.424240Z  INFO falcon_algebraic:prove:falcon_algebraic:arithmetic:falcon_algebraic:binding:spartan:round_grinding_prove:spartan:grinding{bits=13}: bitz::piop::spartan::grinding: close time.busy=17.0µs time.idle=120ns
2026-10-07T19:58:57.424241Z  INFO falcon_algebraic:prove:falcon_algebraic:arithmetic:falcon_algebraic:binding:spartan:round_grinding_prove: bitz::sumcheck::boundary: close time.busy=19.3µs time.idle=110ns
2026-10-07T19:58:57.424244Z  INFO falcon_algebraic:prove:falcon_algebraic:arithmetic:falcon_algebraic:binding:inner_packed:fold_tail{round=18}: bitz::sumcheck::inner::packed::state: close time.busy=761ns time.idle=110ns
2026-10-07T19:58:57.424252Z  INFO falcon_algebraic:prove:falcon_algebraic:arithmetic:falcon_algebraic:binding:spartan:round_grinding_prove:spartan:grinding{bits=13}: bitz::piop::spartan::grinding: close time.busy=6.37µs time.idle=110ns
2026-10-07T19:58:57.424254Z  INFO falcon_algebraic:prove:falcon_algebraic:arithmetic:falcon_algebraic:binding:spartan:round_grinding_prove: bitz::sumcheck::boundary: close time.busy=8.22µs time.idle=110ns
2026-10-07T19:58:57.424256Z  INFO falcon_algebraic:prove:falcon_algebraic:arithmetic:falcon_algebraic:binding:inner_packed:fold_tail{round=19}: bitz::sumcheck::inner::packed::state: close time.busy=461ns time.idle=110ns
2026-10-07T19:58:57.424325Z  INFO falcon_algebraic:prove:falcon_algebraic:arithmetic:falcon_algebraic:binding:spartan:round_grinding_prove:spartan:grinding{bits=13}: bitz::piop::spartan::grinding: close time.busy=66.6µs time.idle=110ns
2026-10-07T19:58:57.424326Z  INFO falcon_algebraic:prove:falcon_algebraic:arithmetic:falcon_algebraic:binding:spartan:round_grinding_prove: bitz::sumcheck::boundary: close time.busy=68.6µs time.idle=111ns
2026-10-07T19:58:57.424328Z  INFO falcon_algebraic:prove:falcon_algebraic:arithmetic:falcon_algebraic:binding:inner_packed:fold_tail{round=20}: bitz::sumcheck::inner::packed::state: close time.busy=280ns time.idle=131ns
2026-10-07T19:58:57.424336Z  INFO falcon_algebraic:prove:falcon_algebraic:arithmetic:falcon_algebraic:binding:spartan:round_grinding_prove:spartan:grinding{bits=13}: bitz::piop::spartan::grinding: close time.busy=5.17µs time.idle=110ns
2026-10-07T19:58:57.424337Z  INFO falcon_algebraic:prove:falcon_algebraic:arithmetic:falcon_algebraic:binding:spartan:round_grinding_prove: bitz::sumcheck::boundary: close time.busy=7.05µs time.idle=110ns
2026-10-07T19:58:57.424339Z  INFO falcon_algebraic:prove:falcon_algebraic:arithmetic:falcon_algebraic:binding:inner_packed:fold_tail{round=21}: bitz::sumcheck::inner::packed::state: close time.busy=190ns time.idle=151ns
2026-10-07T19:58:57.424388Z  INFO falcon_algebraic:prove:falcon_algebraic:arithmetic:falcon_algebraic:binding:spartan:round_grinding_prove:spartan:grinding{bits=13}: bitz::piop::spartan::grinding: close time.busy=46.2µs time.idle=110ns
2026-10-07T19:58:57.424389Z  INFO falcon_algebraic:prove:falcon_algebraic:arithmetic:falcon_algebraic:binding:spartan:round_grinding_prove: bitz::sumcheck::boundary: close time.busy=48.1µs time.idle=110ns
2026-10-07T19:58:57.424391Z  INFO falcon_algebraic:prove:falcon_algebraic:arithmetic:falcon_algebraic:binding:inner_packed:fold_tail{round=22}: bitz::sumcheck::inner::packed::state: close time.busy=130ns time.idle=120ns
2026-10-07T19:58:57.424401Z  INFO falcon_algebraic:prove:falcon_algebraic:arithmetic:falcon_algebraic:binding:spartan:round_grinding_prove:spartan:grinding{bits=13}: bitz::piop::spartan::grinding: close time.busy=8.12µs time.idle=110ns
2026-10-07T19:58:57.424403Z  INFO falcon_algebraic:prove:falcon_algebraic:arithmetic:falcon_algebraic:binding:spartan:round_grinding_prove: bitz::sumcheck::boundary: close time.busy=10.2µs time.idle=120ns
2026-10-07T19:58:57.424405Z  INFO falcon_algebraic:prove:falcon_algebraic:arithmetic:falcon_algebraic:binding:inner_packed:fold_tail{round=23}: bitz::sumcheck::inner::packed::state: close time.busy=280ns time.idle=121ns
2026-10-07T19:58:57.431242Z  INFO falcon_algebraic:prove:falcon_algebraic:arithmetic:falcon_algebraic:binding: bitz::piop::spartan::falcon512_algebraic::arithmetic: close time.busy=139ms time.idle=131ns
2026-10-07T19:58:57.431245Z  INFO falcon_algebraic:prove:falcon_algebraic:arithmetic: bitz::piop::spartan::falcon512_algebraic::protocol: close time.busy=190ms time.idle=161ns
2026-10-07T19:58:57.433898Z  INFO falcon_algebraic:prove:falcon_algebraic:bitz:falcon_bridge:integer_folds: bitz::hybrid::integer_bridge: close time.busy=2.61ms time.idle=151ns
2026-10-07T19:58:57.434953Z  INFO falcon_algebraic:prove:falcon_algebraic:bitz:falcon_bridge:column_packing: bitz::hybrid::integer_bridge: close time.busy=859µs time.idle=331ns
2026-10-07T19:58:57.435333Z  INFO falcon_algebraic:prove:falcon_algebraic:bitz:falcon_bridge:power_tables: bitz::hybrid::integer_bridge: close time.busy=378µs time.idle=150ns
2026-10-07T19:58:57.435344Z  INFO falcon_algebraic:prove:falcon_algebraic:bitz:spartan:grinding{bits=14}: bitz::piop::spartan::grinding: close time.busy=8.79µs time.idle=100ns
2026-10-07T19:58:57.443623Z  INFO falcon_algebraic:prove:falcon_algebraic:bitz:falcon_bridge:wfbitz_forest:spartan:grinding{bits=14}: bitz::piop::spartan::grinding: close time.busy=40.7µs time.idle=130ns
2026-10-07T19:58:57.443799Z  INFO falcon_algebraic:prove:falcon_algebraic:bitz:falcon_bridge:wfbitz_forest:spartan:grinding{bits=14}: bitz::piop::spartan::grinding: close time.busy=164µs time.idle=120ns
2026-10-07T19:58:57.443858Z  INFO falcon_algebraic:prove:falcon_algebraic:bitz:falcon_bridge:wfbitz_forest:spartan:grinding{bits=14}: bitz::piop::spartan::grinding: close time.busy=52.8µs time.idle=120ns
2026-10-07T19:58:57.443896Z  INFO falcon_algebraic:prove:falcon_algebraic:bitz:falcon_bridge:wfbitz_forest:spartan:grinding{bits=14}: bitz::piop::spartan::grinding: close time.busy=33.7µs time.idle=121ns
2026-10-07T19:58:57.444059Z  INFO falcon_algebraic:prove:falcon_algebraic:bitz:falcon_bridge:wfbitz_forest:spartan:grinding{bits=14}: bitz::piop::spartan::grinding: close time.busy=159µs time.idle=110ns
2026-10-07T19:58:57.444267Z  INFO falcon_algebraic:prove:falcon_algebraic:bitz:falcon_bridge:wfbitz_forest:spartan:grinding{bits=14}: bitz::piop::spartan::grinding: close time.busy=204µs time.idle=121ns
2026-10-07T19:58:57.444340Z  INFO falcon_algebraic:prove:falcon_algebraic:bitz:falcon_bridge:wfbitz_forest:spartan:grinding{bits=14}: bitz::piop::spartan::grinding: close time.busy=70.3µs time.idle=110ns
2026-10-07T19:58:57.444373Z  INFO falcon_algebraic:prove:falcon_algebraic:bitz:falcon_bridge:wfbitz_forest:spartan:grinding{bits=14}: bitz::piop::spartan::grinding: close time.busy=30.5µs time.idle=110ns
2026-10-07T19:58:57.444380Z  INFO falcon_algebraic:prove:falcon_algebraic:bitz:falcon_bridge:wfbitz_forest:spartan:grinding{bits=14}: bitz::piop::spartan::grinding: close time.busy=4.20µs time.idle=120ns
2026-10-07T19:58:57.444389Z  INFO falcon_algebraic:prove:falcon_algebraic:bitz:falcon_bridge:wfbitz_forest:spartan:grinding{bits=14}: bitz::piop::spartan::grinding: close time.busy=5.43µs time.idle=120ns
2026-10-07T19:58:57.444479Z  INFO falcon_algebraic:prove:falcon_algebraic:bitz:falcon_bridge:wfbitz_forest:spartan:grinding{bits=14}: bitz::piop::spartan::grinding: close time.busy=87.0µs time.idle=110ns
2026-10-07T19:58:57.444518Z  INFO falcon_algebraic:prove:falcon_algebraic:bitz:falcon_bridge:wfbitz_forest:spartan:grinding{bits=14}: bitz::piop::spartan::grinding: close time.busy=36.2µs time.idle=110ns
2026-10-07T19:58:57.444585Z  INFO falcon_algebraic:prove:falcon_algebraic:bitz:falcon_bridge:wfbitz_forest:spartan:grinding{bits=14}: bitz::piop::spartan::grinding: close time.busy=64.6µs time.idle=110ns
2026-10-07T19:58:57.444669Z  INFO falcon_algebraic:prove:falcon_algebraic:bitz:falcon_bridge:wfbitz_forest:spartan:grinding{bits=14}: bitz::piop::spartan::grinding: close time.busy=65.8µs time.idle=110ns
2026-10-07T19:58:57.444733Z  INFO falcon_algebraic:prove:falcon_algebraic:bitz:falcon_bridge:wfbitz_forest:spartan:grinding{bits=14}: bitz::piop::spartan::grinding: close time.busy=54.3µs time.idle=261ns
2026-10-07T19:58:57.444802Z  INFO falcon_algebraic:prove:falcon_algebraic:bitz:falcon_bridge:wfbitz_forest:spartan:grinding{bits=14}: bitz::piop::spartan::grinding: close time.busy=61.4µs time.idle=120ns
2026-10-07T19:58:57.444945Z  INFO falcon_algebraic:prove:falcon_algebraic:bitz:falcon_bridge:wfbitz_forest:spartan:grinding{bits=14}: bitz::piop::spartan::grinding: close time.busy=137µs time.idle=130ns
2026-10-07T19:58:57.444988Z  INFO falcon_algebraic:prove:falcon_algebraic:bitz:falcon_bridge:wfbitz_forest:spartan:grinding{bits=14}: bitz::piop::spartan::grinding: close time.busy=39.4µs time.idle=111ns
2026-10-07T19:58:57.444996Z  INFO falcon_algebraic:prove:falcon_algebraic:bitz:falcon_bridge:wfbitz_forest:spartan:grinding{bits=14}: bitz::piop::spartan::grinding: close time.busy=4.08µs time.idle=120ns
2026-10-07T19:58:57.445066Z  INFO falcon_algebraic:prove:falcon_algebraic:bitz:falcon_bridge:wfbitz_forest:spartan:grinding{bits=14}: bitz::piop::spartan::grinding: close time.busy=66.7µs time.idle=120ns
2026-10-07T19:58:57.445091Z  INFO falcon_algebraic:prove:falcon_algebraic:bitz:falcon_bridge:wfbitz_forest:spartan:grinding{bits=14}: bitz::piop::spartan::grinding: close time.busy=22.5µs time.idle=120ns
2026-10-07T19:58:57.445105Z  INFO falcon_algebraic:prove:falcon_algebraic:bitz:falcon_bridge:wfbitz_forest:spartan:grinding{bits=14}: bitz::piop::spartan::grinding: close time.busy=11.1µs time.idle=120ns
2026-10-07T19:58:57.445136Z  INFO falcon_algebraic:prove:falcon_algebraic:bitz:falcon_bridge:wfbitz_forest:spartan:grinding{bits=14}: bitz::piop::spartan::grinding: close time.busy=25.2µs time.idle=120ns
2026-10-07T19:58:57.445148Z  INFO falcon_algebraic:prove:falcon_algebraic:bitz:falcon_bridge:wfbitz_forest:spartan:grinding{bits=14}: bitz::piop::spartan::grinding: close time.busy=9.46µs time.idle=122ns
2026-10-07T19:58:57.445167Z  INFO falcon_algebraic:prove:falcon_algebraic:bitz:falcon_bridge:wfbitz_forest:spartan:grinding{bits=14}: bitz::piop::spartan::grinding: close time.busy=16.2µs time.idle=110ns
2026-10-07T19:58:57.445223Z  INFO falcon_algebraic:prove:falcon_algebraic:bitz:falcon_bridge:wfbitz_forest:spartan:grinding{bits=14}: bitz::piop::spartan::grinding: close time.busy=53.0µs time.idle=110ns
2026-10-07T19:58:57.445276Z  INFO falcon_algebraic:prove:falcon_algebraic:bitz:falcon_bridge:wfbitz_forest:spartan:grinding{bits=14}: bitz::piop::spartan::grinding: close time.busy=50.2µs time.idle=110ns
2026-10-07T19:58:57.445401Z  INFO falcon_algebraic:prove:falcon_algebraic:bitz:falcon_bridge:wfbitz_forest:spartan:grinding{bits=14}: bitz::piop::spartan::grinding: close time.busy=101µs time.idle=111ns
2026-10-07T19:58:57.445429Z  INFO falcon_algebraic:prove:falcon_algebraic:bitz:falcon_bridge:wfbitz_forest:spartan:grinding{bits=14}: bitz::piop::spartan::grinding: close time.busy=7.45µs time.idle=110ns
2026-10-07T19:58:57.445461Z  INFO falcon_algebraic:prove:falcon_algebraic:bitz:falcon_bridge:wfbitz_forest:spartan:grinding{bits=14}: bitz::piop::spartan::grinding: close time.busy=23.3µs time.idle=110ns
2026-10-07T19:58:57.445487Z  INFO falcon_algebraic:prove:falcon_algebraic:bitz:falcon_bridge:wfbitz_forest:spartan:grinding{bits=14}: bitz::piop::spartan::grinding: close time.busy=10.0µs time.idle=110ns
2026-10-07T19:58:57.445576Z  INFO falcon_algebraic:prove:falcon_algebraic:bitz:falcon_bridge:wfbitz_forest:spartan:grinding{bits=14}: bitz::piop::spartan::grinding: close time.busy=83.4µs time.idle=111ns
2026-10-07T19:58:57.445632Z  INFO falcon_algebraic:prove:falcon_algebraic:bitz:falcon_bridge:wfbitz_forest:spartan:grinding{bits=14}: bitz::piop::spartan::grinding: close time.busy=50.9µs time.idle=110ns
2026-10-07T19:58:57.445641Z  INFO falcon_algebraic:prove:falcon_algebraic:bitz:falcon_bridge:wfbitz_forest:spartan:grinding{bits=14}: bitz::piop::spartan::grinding: close time.busy=6.25µs time.idle=120ns
2026-10-07T19:58:57.445711Z  INFO falcon_algebraic:prove:falcon_algebraic:bitz:falcon_bridge:wfbitz_forest:spartan:grinding{bits=14}: bitz::piop::spartan::grinding: close time.busy=66.5µs time.idle=111ns
2026-10-07T19:58:57.445800Z  INFO falcon_algebraic:prove:falcon_algebraic:bitz:falcon_bridge:wfbitz_forest:spartan:grinding{bits=14}: bitz::piop::spartan::grinding: close time.busy=86.4µs time.idle=110ns
2026-10-07T19:58:57.445811Z  INFO falcon_algebraic:prove:falcon_algebraic:bitz:falcon_bridge:wfbitz_forest:spartan:grinding{bits=14}: bitz::piop::spartan::grinding: close time.busy=7.91µs time.idle=110ns
2026-10-07T19:58:57.445850Z  INFO falcon_algebraic:prove:falcon_algebraic:bitz:falcon_bridge:wfbitz_forest:spartan:grinding{bits=14}: bitz::piop::spartan::grinding: close time.busy=35.6µs time.idle=110ns
2026-10-07T19:58:57.445900Z  INFO falcon_algebraic:prove:falcon_algebraic:bitz:falcon_bridge:wfbitz_forest:spartan:grinding{bits=14}: bitz::piop::spartan::grinding: close time.busy=47.4µs time.idle=110ns
2026-10-07T19:58:57.445950Z  INFO falcon_algebraic:prove:falcon_algebraic:bitz:falcon_bridge:wfbitz_forest:spartan:grinding{bits=14}: bitz::piop::spartan::grinding: close time.busy=47.2µs time.idle=110ns
2026-10-07T19:58:57.445963Z  INFO falcon_algebraic:prove:falcon_algebraic:bitz:falcon_bridge:wfbitz_forest:spartan:grinding{bits=14}: bitz::piop::spartan::grinding: close time.busy=10.1µs time.idle=110ns
2026-10-07T19:58:57.445987Z  INFO falcon_algebraic:prove:falcon_algebraic:bitz:falcon_bridge:wfbitz_forest:spartan:grinding{bits=14}: bitz::piop::spartan::grinding: close time.busy=20.8µs time.idle=120ns
2026-10-07T19:58:57.446190Z  INFO falcon_algebraic:prove:falcon_algebraic:bitz:falcon_bridge:wfbitz_forest:spartan:grinding{bits=14}: bitz::piop::spartan::grinding: close time.busy=166µs time.idle=110ns
2026-10-07T19:58:57.446237Z  INFO falcon_algebraic:prove:falcon_algebraic:bitz:falcon_bridge:wfbitz_forest:spartan:grinding{bits=14}: bitz::piop::spartan::grinding: close time.busy=11.2µs time.idle=110ns
2026-10-07T19:58:57.446323Z  INFO falcon_algebraic:prove:falcon_algebraic:bitz:falcon_bridge:wfbitz_forest:spartan:grinding{bits=14}: bitz::piop::spartan::grinding: close time.busy=69.0µs time.idle=110ns
2026-10-07T19:58:57.446349Z  INFO falcon_algebraic:prove:falcon_algebraic:bitz:falcon_bridge:wfbitz_forest:spartan:grinding{bits=14}: bitz::piop::spartan::grinding: close time.busy=18.2µs time.idle=110ns
2026-10-07T19:58:57.446475Z  INFO falcon_algebraic:prove:falcon_algebraic:bitz:falcon_bridge:wfbitz_forest:spartan:grinding{bits=14}: bitz::piop::spartan::grinding: close time.busy=110µs time.idle=120ns
2026-10-07T19:58:57.446496Z  INFO falcon_algebraic:prove:falcon_algebraic:bitz:falcon_bridge:wfbitz_forest:spartan:grinding{bits=14}: bitz::piop::spartan::grinding: close time.busy=15.3µs time.idle=120ns
2026-10-07T19:58:57.446515Z  INFO falcon_algebraic:prove:falcon_algebraic:bitz:falcon_bridge:wfbitz_forest:spartan:grinding{bits=14}: bitz::piop::spartan::grinding: close time.busy=14.5µs time.idle=130ns
2026-10-07T19:58:57.446601Z  INFO falcon_algebraic:prove:falcon_algebraic:bitz:falcon_bridge:wfbitz_forest:spartan:grinding{bits=14}: bitz::piop::spartan::grinding: close time.busy=83.0µs time.idle=120ns
2026-10-07T19:58:57.446657Z  INFO falcon_algebraic:prove:falcon_algebraic:bitz:falcon_bridge:wfbitz_forest:spartan:grinding{bits=14}: bitz::piop::spartan::grinding: close time.busy=52.6µs time.idle=111ns
2026-10-07T19:58:57.446698Z  INFO falcon_algebraic:prove:falcon_algebraic:bitz:falcon_bridge:wfbitz_forest:spartan:grinding{bits=14}: bitz::piop::spartan::grinding: close time.busy=38.1µs time.idle=120ns
2026-10-07T19:58:57.446733Z  INFO falcon_algebraic:prove:falcon_algebraic:bitz:falcon_bridge:wfbitz_forest:spartan:grinding{bits=14}: bitz::piop::spartan::grinding: close time.busy=32.3µs time.idle=120ns
2026-10-07T19:58:57.446744Z  INFO falcon_algebraic:prove:falcon_algebraic:bitz:falcon_bridge:wfbitz_forest:spartan:grinding{bits=14}: bitz::piop::spartan::grinding: close time.busy=7.79µs time.idle=120ns
2026-10-07T19:58:57.446775Z  INFO falcon_algebraic:prove:falcon_algebraic:bitz:falcon_bridge:wfbitz_forest:spartan:grinding{bits=14}: bitz::piop::spartan::grinding: close time.busy=27.9µs time.idle=120ns
2026-10-07T19:58:57.446932Z  INFO falcon_algebraic:prove:falcon_algebraic:bitz:falcon_bridge:wfbitz_forest:spartan:grinding{bits=14}: bitz::piop::spartan::grinding: close time.busy=154µs time.idle=120ns
2026-10-07T19:58:57.446956Z  INFO falcon_algebraic:prove:falcon_algebraic:bitz:falcon_bridge:wfbitz_forest:spartan:grinding{bits=14}: bitz::piop::spartan::grinding: close time.busy=21.2µs time.idle=121ns
2026-10-07T19:58:57.447025Z  INFO falcon_algebraic:prove:falcon_algebraic:bitz:falcon_bridge:wfbitz_forest:spartan:grinding{bits=14}: bitz::piop::spartan::grinding: close time.busy=67.1µs time.idle=120ns
2026-10-07T19:58:57.447115Z  INFO falcon_algebraic:prove:falcon_algebraic:bitz:falcon_bridge:wfbitz_forest:spartan:grinding{bits=14}: bitz::piop::spartan::grinding: close time.busy=25.3µs time.idle=120ns
2026-10-07T19:58:57.447185Z  INFO falcon_algebraic:prove:falcon_algebraic:bitz:falcon_bridge:wfbitz_forest:spartan:grinding{bits=14}: bitz::piop::spartan::grinding: close time.busy=4.32µs time.idle=110ns
2026-10-07T19:58:57.447224Z  INFO falcon_algebraic:prove:falcon_algebraic:bitz:falcon_bridge:wfbitz_forest:spartan:grinding{bits=14}: bitz::piop::spartan::grinding: close time.busy=10.4µs time.idle=130ns
2026-10-07T19:58:57.447368Z  INFO falcon_algebraic:prove:falcon_algebraic:bitz:falcon_bridge:wfbitz_forest:spartan:grinding{bits=14}: bitz::piop::spartan::grinding: close time.busy=127µs time.idle=120ns
2026-10-07T19:58:57.447396Z  INFO falcon_algebraic:prove:falcon_algebraic:bitz:falcon_bridge:wfbitz_forest:spartan:grinding{bits=14}: bitz::piop::spartan::grinding: close time.busy=19.5µs time.idle=110ns
2026-10-07T19:58:57.447429Z  INFO falcon_algebraic:prove:falcon_algebraic:bitz:falcon_bridge:wfbitz_forest:spartan:grinding{bits=14}: bitz::piop::spartan::grinding: close time.busy=16.4µs time.idle=111ns
2026-10-07T19:58:57.447456Z  INFO falcon_algebraic:prove:falcon_algebraic:bitz:falcon_bridge:wfbitz_forest:spartan:grinding{bits=14}: bitz::piop::spartan::grinding: close time.busy=20.5µs time.idle=120ns
2026-10-07T19:58:57.447544Z  INFO falcon_algebraic:prove:falcon_algebraic:bitz:falcon_bridge:wfbitz_forest:spartan:grinding{bits=14}: bitz::piop::spartan::grinding: close time.busy=84.2µs time.idle=130ns
2026-10-07T19:58:57.447642Z  INFO falcon_algebraic:prove:falcon_algebraic:bitz:falcon_bridge:wfbitz_forest:spartan:grinding{bits=14}: bitz::piop::spartan::grinding: close time.busy=93.5µs time.idle=130ns
2026-10-07T19:58:57.447722Z  INFO falcon_algebraic:prove:falcon_algebraic:bitz:falcon_bridge:wfbitz_forest:spartan:grinding{bits=14}: bitz::piop::spartan::grinding: close time.busy=76.6µs time.idle=122ns
2026-10-07T19:58:57.447926Z  INFO falcon_algebraic:prove:falcon_algebraic:bitz:falcon_bridge:wfbitz_forest:spartan:grinding{bits=14}: bitz::piop::spartan::grinding: close time.busy=201µs time.idle=110ns
2026-10-07T19:58:57.447975Z  INFO falcon_algebraic:prove:falcon_algebraic:bitz:falcon_bridge:wfbitz_forest:spartan:grinding{bits=14}: bitz::piop::spartan::grinding: close time.busy=46.9µs time.idle=120ns
2026-10-07T19:58:57.448080Z  INFO falcon_algebraic:prove:falcon_algebraic:bitz:falcon_bridge:wfbitz_forest:spartan:grinding{bits=14}: bitz::piop::spartan::grinding: close time.busy=102µs time.idle=110ns
2026-10-07T19:58:57.448139Z  INFO falcon_algebraic:prove:falcon_algebraic:bitz:falcon_bridge:wfbitz_forest:spartan:grinding{bits=14}: bitz::piop::spartan::grinding: close time.busy=56.7µs time.idle=110ns
2026-10-07T19:58:57.448166Z  INFO falcon_algebraic:prove:falcon_algebraic:bitz:falcon_bridge:wfbitz_forest:spartan:grinding{bits=14}: bitz::piop::spartan::grinding: close time.busy=24.9µs time.idle=121ns
2026-10-07T19:58:57.448205Z  INFO falcon_algebraic:prove:falcon_algebraic:bitz:falcon_bridge:wfbitz_forest:spartan:grinding{bits=14}: bitz::piop::spartan::grinding: close time.busy=36.9µs time.idle=110ns
2026-10-07T19:58:57.448238Z  INFO falcon_algebraic:prove:falcon_algebraic:bitz:falcon_bridge:wfbitz_forest:spartan:grinding{bits=14}: bitz::piop::spartan::grinding: close time.busy=30.7µs time.idle=120ns
2026-10-07T19:58:57.448399Z  INFO falcon_algebraic:prove:falcon_algebraic:bitz:falcon_bridge:wfbitz_forest:spartan:grinding{bits=14}: bitz::piop::spartan::grinding: close time.busy=47.8µs time.idle=121ns
2026-10-07T19:58:57.448561Z  INFO falcon_algebraic:prove:falcon_algebraic:bitz:falcon_bridge:wfbitz_forest:spartan:grinding{bits=14}: bitz::piop::spartan::grinding: close time.busy=37.0µs time.idle=120ns
2026-10-07T19:58:57.448748Z  INFO falcon_algebraic:prove:falcon_algebraic:bitz:falcon_bridge:wfbitz_forest:spartan:grinding{bits=14}: bitz::piop::spartan::grinding: close time.busy=137µs time.idle=110ns
2026-10-07T19:58:57.448907Z  INFO falcon_algebraic:prove:falcon_algebraic:bitz:falcon_bridge:wfbitz_forest:spartan:grinding{bits=14}: bitz::piop::spartan::grinding: close time.busy=132µs time.idle=110ns
2026-10-07T19:58:57.449062Z  INFO falcon_algebraic:prove:falcon_algebraic:bitz:falcon_bridge:wfbitz_forest:spartan:grinding{bits=14}: bitz::piop::spartan::grinding: close time.busy=137µs time.idle=110ns
2026-10-07T19:58:57.449187Z  INFO falcon_algebraic:prove:falcon_algebraic:bitz:falcon_bridge:wfbitz_forest:spartan:grinding{bits=14}: bitz::piop::spartan::grinding: close time.busy=117µs time.idle=110ns
2026-10-07T19:58:57.449240Z  INFO falcon_algebraic:prove:falcon_algebraic:bitz:falcon_bridge:wfbitz_forest:spartan:grinding{bits=14}: bitz::piop::spartan::grinding: close time.busy=37.1µs time.idle=110ns
2026-10-07T19:58:57.449304Z  INFO falcon_algebraic:prove:falcon_algebraic:bitz:falcon_bridge:wfbitz_forest:spartan:grinding{bits=14}: bitz::piop::spartan::grinding: close time.busy=58.4µs time.idle=121ns
2026-10-07T19:58:57.449326Z  INFO falcon_algebraic:prove:falcon_algebraic:bitz:falcon_bridge:wfbitz_forest:spartan:grinding{bits=14}: bitz::piop::spartan::grinding: close time.busy=18.0µs time.idle=120ns
2026-10-07T19:58:57.449394Z  INFO falcon_algebraic:prove:falcon_algebraic:bitz:falcon_bridge:wfbitz_forest:spartan:grinding{bits=14}: bitz::piop::spartan::grinding: close time.busy=64.4µs time.idle=120ns
2026-10-07T19:58:57.449405Z  INFO falcon_algebraic:prove:falcon_algebraic:bitz:falcon_bridge:wfbitz_forest:spartan:grinding{bits=14}: bitz::piop::spartan::grinding: close time.busy=7.83µs time.idle=110ns
2026-10-07T19:58:57.449433Z  INFO falcon_algebraic:prove:falcon_algebraic:bitz:falcon_bridge:wfbitz_forest:spartan:grinding{bits=14}: bitz::piop::spartan::grinding: close time.busy=25.0µs time.idle=120ns
2026-10-07T19:58:57.449499Z  INFO falcon_algebraic:prove:falcon_algebraic:bitz:falcon_bridge:wfbitz_forest:spartan:grinding{bits=14}: bitz::piop::spartan::grinding: close time.busy=64.1µs time.idle=121ns
2026-10-07T19:58:57.449519Z  INFO falcon_algebraic:prove:falcon_algebraic:bitz:falcon_bridge:wfbitz_forest:spartan:grinding{bits=14}: bitz::piop::spartan::grinding: close time.busy=16.6µs time.idle=120ns
2026-10-07T19:58:57.449545Z  INFO falcon_algebraic:prove:falcon_algebraic:bitz:falcon_bridge:wfbitz_forest:spartan:grinding{bits=14}: bitz::piop::spartan::grinding: close time.busy=23.3µs time.idle=130ns
2026-10-07T19:58:57.449687Z  INFO falcon_algebraic:prove:falcon_algebraic:bitz:falcon_bridge:wfbitz_forest:spartan:grinding{bits=14}: bitz::piop::spartan::grinding: close time.busy=140µs time.idle=110ns
2026-10-07T19:58:57.449707Z  INFO falcon_algebraic:prove:falcon_algebraic:bitz:falcon_bridge:wfbitz_forest:spartan:grinding{bits=14}: bitz::piop::spartan::grinding: close time.busy=17.1µs time.idle=120ns
2026-10-07T19:58:57.449757Z  INFO falcon_algebraic:prove:falcon_algebraic:bitz:falcon_bridge:wfbitz_forest:spartan:grinding{bits=14}: bitz::piop::spartan::grinding: close time.busy=47.4µs time.idle=110ns
2026-10-07T19:58:57.449994Z  INFO falcon_algebraic:prove:falcon_algebraic:bitz:falcon_bridge:wfbitz_forest:spartan:grinding{bits=14}: bitz::piop::spartan::grinding: close time.busy=23.4µs time.idle=111ns
2026-10-07T19:58:57.450302Z  INFO falcon_algebraic:prove:falcon_algebraic:bitz:falcon_bridge:wfbitz_forest:spartan:grinding{bits=14}: bitz::piop::spartan::grinding: close time.busy=65.1µs time.idle=130ns
2026-10-07T19:58:57.450500Z  INFO falcon_algebraic:prove:falcon_algebraic:bitz:falcon_bridge:wfbitz_forest:spartan:grinding{bits=14}: bitz::piop::spartan::grinding: close time.busy=102µs time.idle=131ns
2026-10-07T19:58:57.450575Z  INFO falcon_algebraic:prove:falcon_algebraic:bitz:falcon_bridge:wfbitz_forest:spartan:grinding{bits=14}: bitz::piop::spartan::grinding: close time.busy=24.4µs time.idle=121ns
2026-10-07T19:58:57.450649Z  INFO falcon_algebraic:prove:falcon_algebraic:bitz:falcon_bridge:wfbitz_forest:spartan:grinding{bits=14}: bitz::piop::spartan::grinding: close time.busy=45.3µs time.idle=121ns
2026-10-07T19:58:57.450759Z  INFO falcon_algebraic:prove:falcon_algebraic:bitz:falcon_bridge:wfbitz_forest:spartan:grinding{bits=14}: bitz::piop::spartan::grinding: close time.busy=93.6µs time.idle=130ns
2026-10-07T19:58:57.450785Z  INFO falcon_algebraic:prove:falcon_algebraic:bitz:falcon_bridge:wfbitz_forest:spartan:grinding{bits=14}: bitz::piop::spartan::grinding: close time.busy=18.6µs time.idle=120ns
2026-10-07T19:58:57.450823Z  INFO falcon_algebraic:prove:falcon_algebraic:bitz:falcon_bridge:wfbitz_forest:spartan:grinding{bits=14}: bitz::piop::spartan::grinding: close time.busy=22.2µs time.idle=120ns
2026-10-07T19:58:57.450877Z  INFO falcon_algebraic:prove:falcon_algebraic:bitz:falcon_bridge:wfbitz_forest:spartan:grinding{bits=14}: bitz::piop::spartan::grinding: close time.busy=48.1µs time.idle=120ns
2026-10-07T19:58:57.450924Z  INFO falcon_algebraic:prove:falcon_algebraic:bitz:falcon_bridge:wfbitz_forest:spartan:grinding{bits=14}: bitz::piop::spartan::grinding: close time.busy=42.6µs time.idle=120ns
2026-10-07T19:58:57.451031Z  INFO falcon_algebraic:prove:falcon_algebraic:bitz:falcon_bridge:wfbitz_forest:spartan:grinding{bits=14}: bitz::piop::spartan::grinding: close time.busy=103µs time.idle=120ns
2026-10-07T19:58:57.451101Z  INFO falcon_algebraic:prove:falcon_algebraic:bitz:falcon_bridge:wfbitz_forest:spartan:grinding{bits=14}: bitz::piop::spartan::grinding: close time.busy=67.1µs time.idle=130ns
2026-10-07T19:58:57.451128Z  INFO falcon_algebraic:prove:falcon_algebraic:bitz:falcon_bridge:wfbitz_forest:spartan:grinding{bits=14}: bitz::piop::spartan::grinding: close time.busy=23.8µs time.idle=120ns
2026-10-07T19:58:57.451335Z  INFO falcon_algebraic:prove:falcon_algebraic:bitz:falcon_bridge:wfbitz_forest:spartan:grinding{bits=14}: bitz::piop::spartan::grinding: close time.busy=205µs time.idle=111ns
2026-10-07T19:58:57.451361Z  INFO falcon_algebraic:prove:falcon_algebraic:bitz:falcon_bridge:wfbitz_forest:spartan:grinding{bits=14}: bitz::piop::spartan::grinding: close time.busy=23.0µs time.idle=110ns
2026-10-07T19:58:57.451370Z  INFO falcon_algebraic:prove:falcon_algebraic:bitz:falcon_bridge:wfbitz_forest:spartan:grinding{bits=14}: bitz::piop::spartan::grinding: close time.busy=6.28µs time.idle=121ns
2026-10-07T19:58:57.451444Z  INFO falcon_algebraic:prove:falcon_algebraic:bitz:falcon_bridge:wfbitz_forest:spartan:grinding{bits=14}: bitz::piop::spartan::grinding: close time.busy=70.8µs time.idle=110ns
2026-10-07T19:58:57.451477Z  INFO falcon_algebraic:prove:falcon_algebraic:bitz:falcon_bridge:wfbitz_forest:spartan:grinding{bits=14}: bitz::piop::spartan::grinding: close time.busy=30.0µs time.idle=120ns
2026-10-07T19:58:57.451592Z  INFO falcon_algebraic:prove:falcon_algebraic:bitz:falcon_bridge:wfbitz_forest:spartan:grinding{bits=14}: bitz::piop::spartan::grinding: close time.busy=113µs time.idle=110ns
2026-10-07T19:58:57.452051Z  INFO falcon_algebraic:prove:falcon_algebraic:bitz:falcon_bridge:wfbitz_forest:spartan:grinding{bits=14}: bitz::piop::spartan::grinding: close time.busy=33.4µs time.idle=130ns
2026-10-07T19:58:57.452669Z  INFO falcon_algebraic:prove:falcon_algebraic:bitz:falcon_bridge:wfbitz_forest:spartan:grinding{bits=14}: bitz::piop::spartan::grinding: close time.busy=143µs time.idle=131ns
2026-10-07T19:58:57.453022Z  INFO falcon_algebraic:prove:falcon_algebraic:bitz:falcon_bridge:wfbitz_forest:spartan:grinding{bits=14}: bitz::piop::spartan::grinding: close time.busy=170µs time.idle=110ns
2026-10-07T19:58:57.453189Z  INFO falcon_algebraic:prove:falcon_algebraic:bitz:falcon_bridge:wfbitz_forest:spartan:grinding{bits=14}: bitz::piop::spartan::grinding: close time.busy=69.5µs time.idle=110ns
2026-10-07T19:58:57.453300Z  INFO falcon_algebraic:prove:falcon_algebraic:bitz:falcon_bridge:wfbitz_forest:spartan:grinding{bits=14}: bitz::piop::spartan::grinding: close time.busy=59.3µs time.idle=110ns
2026-10-07T19:58:57.453367Z  INFO falcon_algebraic:prove:falcon_algebraic:bitz:falcon_bridge:wfbitz_forest:spartan:grinding{bits=14}: bitz::piop::spartan::grinding: close time.busy=37.6µs time.idle=110ns
2026-10-07T19:58:57.453451Z  INFO falcon_algebraic:prove:falcon_algebraic:bitz:falcon_bridge:wfbitz_forest:spartan:grinding{bits=14}: bitz::piop::spartan::grinding: close time.busy=67.0µs time.idle=110ns
2026-10-07T19:58:57.453518Z  INFO falcon_algebraic:prove:falcon_algebraic:bitz:falcon_bridge:wfbitz_forest:spartan:grinding{bits=14}: bitz::piop::spartan::grinding: close time.busy=59.6µs time.idle=110ns
2026-10-07T19:58:57.453695Z  INFO falcon_algebraic:prove:falcon_algebraic:bitz:falcon_bridge:wfbitz_forest:spartan:grinding{bits=14}: bitz::piop::spartan::grinding: close time.busy=161µs time.idle=120ns
2026-10-07T19:58:57.453764Z  INFO falcon_algebraic:prove:falcon_algebraic:bitz:falcon_bridge:wfbitz_forest:spartan:grinding{bits=14}: bitz::piop::spartan::grinding: close time.busy=62.3µs time.idle=110ns
2026-10-07T19:58:57.453790Z  INFO falcon_algebraic:prove:falcon_algebraic:bitz:falcon_bridge:wfbitz_forest:spartan:grinding{bits=14}: bitz::piop::spartan::grinding: close time.busy=21.3µs time.idle=110ns
2026-10-07T19:58:57.453827Z  INFO falcon_algebraic:prove:falcon_algebraic:bitz:falcon_bridge:wfbitz_forest:spartan:grinding{bits=14}: bitz::piop::spartan::grinding: close time.busy=33.6µs time.idle=111ns
2026-10-07T19:58:57.453874Z  INFO falcon_algebraic:prove:falcon_algebraic:bitz:falcon_bridge:wfbitz_forest:spartan:grinding{bits=14}: bitz::piop::spartan::grinding: close time.busy=43.8µs time.idle=120ns
2026-10-07T19:58:57.453935Z  INFO falcon_algebraic:prove:falcon_algebraic:bitz:falcon_bridge:wfbitz_forest:spartan:grinding{bits=14}: bitz::piop::spartan::grinding: close time.busy=57.7µs time.idle=111ns
2026-10-07T19:58:57.454040Z  INFO falcon_algebraic:prove:falcon_algebraic:bitz:falcon_bridge:wfbitz_forest:spartan:grinding{bits=14}: bitz::piop::spartan::grinding: close time.busy=102µs time.idle=110ns
2026-10-07T19:58:57.454077Z  INFO falcon_algebraic:prove:falcon_algebraic:bitz:falcon_bridge:wfbitz_forest:spartan:grinding{bits=14}: bitz::piop::spartan::grinding: close time.busy=34.4µs time.idle=121ns
2026-10-07T19:58:57.454115Z  INFO falcon_algebraic:prove:falcon_algebraic:bitz:falcon_bridge:wfbitz_forest:spartan:grinding{bits=14}: bitz::piop::spartan::grinding: close time.busy=36.0µs time.idle=110ns
2026-10-07T19:58:57.454159Z  INFO falcon_algebraic:prove:falcon_algebraic:bitz:falcon_bridge:wfbitz_forest:spartan:grinding{bits=14}: bitz::piop::spartan::grinding: close time.busy=40.7µs time.idle=110ns
2026-10-07T19:58:57.454244Z  INFO falcon_algebraic:prove:falcon_algebraic:bitz:falcon_bridge:wfbitz_forest:spartan:grinding{bits=14}: bitz::piop::spartan::grinding: close time.busy=82.4µs time.idle=110ns
2026-10-07T19:58:57.454275Z  INFO falcon_algebraic:prove:falcon_algebraic:bitz:falcon_bridge:wfbitz_forest:spartan:grinding{bits=14}: bitz::piop::spartan::grinding: close time.busy=29.1µs time.idle=110ns
2026-10-07T19:58:57.456969Z  INFO falcon_algebraic:prove:falcon_algebraic:bitz:falcon_bridge:wfbitz_forest:spartan:grinding{bits=14}: bitz::piop::spartan::grinding: close time.busy=45.1µs time.idle=120ns
2026-10-07T19:58:57.458039Z  INFO falcon_algebraic:prove:falcon_algebraic:bitz:falcon_bridge:wfbitz_forest:spartan:grinding{bits=14}: bitz::piop::spartan::grinding: close time.busy=110µs time.idle=150ns
2026-10-07T19:58:57.458433Z  INFO falcon_algebraic:prove:falcon_algebraic:bitz:falcon_bridge:wfbitz_forest:spartan:grinding{bits=14}: bitz::piop::spartan::grinding: close time.busy=33.8µs time.idle=121ns
2026-10-07T19:58:57.458690Z  INFO falcon_algebraic:prove:falcon_algebraic:bitz:falcon_bridge:wfbitz_forest:spartan:grinding{bits=14}: bitz::piop::spartan::grinding: close time.busy=72.4µs time.idle=130ns
2026-10-07T19:58:57.458800Z  INFO falcon_algebraic:prove:falcon_algebraic:bitz:falcon_bridge:wfbitz_forest:spartan:grinding{bits=14}: bitz::piop::spartan::grinding: close time.busy=13.9µs time.idle=110ns
2026-10-07T19:58:57.458891Z  INFO falcon_algebraic:prove:falcon_algebraic:bitz:falcon_bridge:wfbitz_forest:spartan:grinding{bits=14}: bitz::piop::spartan::grinding: close time.busy=38.9µs time.idle=121ns
2026-10-07T19:58:57.459007Z  INFO falcon_algebraic:prove:falcon_algebraic:bitz:falcon_bridge:wfbitz_forest:spartan:grinding{bits=14}: bitz::piop::spartan::grinding: close time.busy=87.7µs time.idle=121ns
2026-10-07T19:58:57.459113Z  INFO falcon_algebraic:prove:falcon_algebraic:bitz:falcon_bridge:wfbitz_forest:spartan:grinding{bits=14}: bitz::piop::spartan::grinding: close time.busy=88.4µs time.idle=120ns
2026-10-07T19:58:57.459176Z  INFO falcon_algebraic:prove:falcon_algebraic:bitz:falcon_bridge:wfbitz_forest:spartan:grinding{bits=14}: bitz::piop::spartan::grinding: close time.busy=55.3µs time.idle=110ns
2026-10-07T19:58:57.459197Z  INFO falcon_algebraic:prove:falcon_algebraic:bitz:falcon_bridge:wfbitz_forest:spartan:grinding{bits=14}: bitz::piop::spartan::grinding: close time.busy=4.99µs time.idle=110ns
2026-10-07T19:58:57.459378Z  INFO falcon_algebraic:prove:falcon_algebraic:bitz:falcon_bridge:wfbitz_forest:spartan:grinding{bits=14}: bitz::piop::spartan::grinding: close time.busy=175µs time.idle=110ns
2026-10-07T19:58:57.459411Z  INFO falcon_algebraic:prove:falcon_algebraic:bitz:falcon_bridge:wfbitz_forest:spartan:grinding{bits=14}: bitz::piop::spartan::grinding: close time.busy=28.6µs time.idle=111ns
2026-10-07T19:58:57.459550Z  INFO falcon_algebraic:prove:falcon_algebraic:bitz:falcon_bridge:wfbitz_forest:spartan:grinding{bits=14}: bitz::piop::spartan::grinding: close time.busy=135µs time.idle=120ns
2026-10-07T19:58:57.459602Z  INFO falcon_algebraic:prove:falcon_algebraic:bitz:falcon_bridge:wfbitz_forest:spartan:grinding{bits=14}: bitz::piop::spartan::grinding: close time.busy=48.1µs time.idle=111ns
2026-10-07T19:58:57.459659Z  INFO falcon_algebraic:prove:falcon_algebraic:bitz:falcon_bridge:wfbitz_forest:spartan:grinding{bits=14}: bitz::piop::spartan::grinding: close time.busy=53.9µs time.idle=122ns
2026-10-07T19:58:57.459710Z  INFO falcon_algebraic:prove:falcon_algebraic:bitz:falcon_bridge:wfbitz_forest:spartan:grinding{bits=14}: bitz::piop::spartan::grinding: close time.busy=48.9µs time.idle=110ns
2026-10-07T19:58:57.459735Z  INFO falcon_algebraic:prove:falcon_algebraic:bitz:falcon_bridge:wfbitz_forest:spartan:grinding{bits=14}: bitz::piop::spartan::grinding: close time.busy=21.5µs time.idle=121ns
2026-10-07T19:58:57.459827Z  INFO falcon_algebraic:prove:falcon_algebraic:bitz:falcon_bridge:wfbitz_forest:spartan:grinding{bits=14}: bitz::piop::spartan::grinding: close time.busy=89.6µs time.idle=110ns
2026-10-07T19:58:57.459947Z  INFO falcon_algebraic:prove:falcon_algebraic:bitz:falcon_bridge:wfbitz_forest:spartan:grinding{bits=14}: bitz::piop::spartan::grinding: close time.busy=117µs time.idle=110ns
2026-10-07T19:58:57.459990Z  INFO falcon_algebraic:prove:falcon_algebraic:bitz:falcon_bridge:wfbitz_forest:spartan:grinding{bits=14}: bitz::piop::spartan::grinding: close time.busy=40.3µs time.idle=120ns
2026-10-07T19:58:57.460013Z  INFO falcon_algebraic:prove:falcon_algebraic:bitz:falcon_bridge:wfbitz_forest:spartan:grinding{bits=14}: bitz::piop::spartan::grinding: close time.busy=20.4µs time.idle=111ns
2026-10-07T19:58:57.462069Z  INFO falcon_algebraic:prove:falcon_algebraic:bitz:falcon_bridge:wfbitz_forest:spartan:grinding{bits=14}: bitz::piop::spartan::grinding: close time.busy=70.2µs time.idle=130ns
2026-10-07T19:58:57.463996Z  INFO falcon_algebraic:prove:falcon_algebraic:bitz:falcon_bridge:wfbitz_forest:spartan:grinding{bits=14}: bitz::piop::spartan::grinding: close time.busy=93.2µs time.idle=110ns
2026-10-07T19:58:57.464750Z  INFO falcon_algebraic:prove:falcon_algebraic:bitz:falcon_bridge:wfbitz_forest:spartan:grinding{bits=14}: bitz::piop::spartan::grinding: close time.busy=32.2µs time.idle=140ns
2026-10-07T19:58:57.465126Z  INFO falcon_algebraic:prove:falcon_algebraic:bitz:falcon_bridge:wfbitz_forest:spartan:grinding{bits=14}: bitz::piop::spartan::grinding: close time.busy=28.1µs time.idle=110ns
2026-10-07T19:58:57.465349Z  INFO falcon_algebraic:prove:falcon_algebraic:bitz:falcon_bridge:wfbitz_forest:spartan:grinding{bits=14}: bitz::piop::spartan::grinding: close time.busy=46.7µs time.idle=141ns
2026-10-07T19:58:57.465463Z  INFO falcon_algebraic:prove:falcon_algebraic:bitz:falcon_bridge:wfbitz_forest:spartan:grinding{bits=14}: bitz::piop::spartan::grinding: close time.busy=20.9µs time.idle=111ns
2026-10-07T19:58:57.465526Z  INFO falcon_algebraic:prove:falcon_algebraic:bitz:falcon_bridge:wfbitz_forest:spartan:grinding{bits=14}: bitz::piop::spartan::grinding: close time.busy=11.9µs time.idle=110ns
2026-10-07T19:58:57.465560Z  INFO falcon_algebraic:prove:falcon_algebraic:bitz:falcon_bridge:wfbitz_forest:spartan:grinding{bits=14}: bitz::piop::spartan::grinding: close time.busy=5.14µs time.idle=120ns
2026-10-07T19:58:57.465670Z  INFO falcon_algebraic:prove:falcon_algebraic:bitz:falcon_bridge:wfbitz_forest:spartan:grinding{bits=14}: bitz::piop::spartan::grinding: close time.busy=91.9µs time.idle=122ns
2026-10-07T19:58:57.465702Z  INFO falcon_algebraic:prove:falcon_algebraic:bitz:falcon_bridge:wfbitz_forest:spartan:grinding{bits=14}: bitz::piop::spartan::grinding: close time.busy=23.5µs time.idle=110ns
2026-10-07T19:58:57.465751Z  INFO falcon_algebraic:prove:falcon_algebraic:bitz:falcon_bridge:wfbitz_forest:spartan:grinding{bits=14}: bitz::piop::spartan::grinding: close time.busy=33.2µs time.idle=121ns
2026-10-07T19:58:57.465769Z  INFO falcon_algebraic:prove:falcon_algebraic:bitz:falcon_bridge:wfbitz_forest:spartan:grinding{bits=14}: bitz::piop::spartan::grinding: close time.busy=12.1µs time.idle=110ns
2026-10-07T19:58:57.465786Z  INFO falcon_algebraic:prove:falcon_algebraic:bitz:falcon_bridge:wfbitz_forest:spartan:grinding{bits=14}: bitz::piop::spartan::grinding: close time.busy=12.9µs time.idle=110ns
2026-10-07T19:58:57.465925Z  INFO falcon_algebraic:prove:falcon_algebraic:bitz:falcon_bridge:wfbitz_forest:spartan:grinding{bits=14}: bitz::piop::spartan::grinding: close time.busy=135µs time.idle=110ns
2026-10-07T19:58:57.466023Z  INFO falcon_algebraic:prove:falcon_algebraic:bitz:falcon_bridge:wfbitz_forest:spartan:grinding{bits=14}: bitz::piop::spartan::grinding: close time.busy=94.9µs time.idle=110ns
2026-10-07T19:58:57.466087Z  INFO falcon_algebraic:prove:falcon_algebraic:bitz:falcon_bridge:wfbitz_forest:spartan:grinding{bits=14}: bitz::piop::spartan::grinding: close time.busy=60.9µs time.idle=111ns
2026-10-07T19:58:57.466182Z  INFO falcon_algebraic:prove:falcon_algebraic:bitz:falcon_bridge:wfbitz_forest:spartan:grinding{bits=14}: bitz::piop::spartan::grinding: close time.busy=91.6µs time.idle=110ns
2026-10-07T19:58:57.466227Z  INFO falcon_algebraic:prove:falcon_algebraic:bitz:falcon_bridge:wfbitz_forest:spartan:grinding{bits=14}: bitz::piop::spartan::grinding: close time.busy=42.2µs time.idle=110ns
2026-10-07T19:58:57.466259Z  INFO falcon_algebraic:prove:falcon_algebraic:bitz:falcon_bridge:wfbitz_forest:spartan:grinding{bits=14}: bitz::piop::spartan::grinding: close time.busy=29.4µs time.idle=110ns
2026-10-07T19:58:57.466388Z  INFO falcon_algebraic:prove:falcon_algebraic:bitz:falcon_bridge:wfbitz_forest:spartan:grinding{bits=14}: bitz::piop::spartan::grinding: close time.busy=126µs time.idle=110ns
2026-10-07T19:58:57.466469Z  INFO falcon_algebraic:prove:falcon_algebraic:bitz:falcon_bridge:wfbitz_forest:spartan:grinding{bits=14}: bitz::piop::spartan::grinding: close time.busy=78.2µs time.idle=110ns
2026-10-07T19:58:57.466499Z  INFO falcon_algebraic:prove:falcon_algebraic:bitz:falcon_bridge:wfbitz_forest:spartan:grinding{bits=14}: bitz::piop::spartan::grinding: close time.busy=27.6µs time.idle=110ns
2026-10-07T19:58:57.469667Z  INFO falcon_algebraic:prove:falcon_algebraic:bitz:falcon_bridge:wfbitz_forest:spartan:grinding{bits=14}: bitz::piop::spartan::grinding: close time.busy=29.4µs time.idle=161ns
2026-10-07T19:58:57.472112Z  INFO falcon_algebraic:prove:falcon_algebraic:bitz:falcon_bridge:wfbitz_forest:spartan:grinding{bits=14}: bitz::piop::spartan::grinding: close time.busy=16.3µs time.idle=120ns
2026-10-07T19:58:57.474021Z  INFO falcon_algebraic:prove:falcon_algebraic:bitz:falcon_bridge:wfbitz_forest:spartan:grinding{bits=14}: bitz::piop::spartan::grinding: close time.busy=90.0µs time.idle=110ns
2026-10-07T19:58:57.474740Z  INFO falcon_algebraic:prove:falcon_algebraic:bitz:falcon_bridge:wfbitz_forest:spartan:grinding{bits=14}: bitz::piop::spartan::grinding: close time.busy=40.2µs time.idle=111ns
2026-10-07T19:58:57.475160Z  INFO falcon_algebraic:prove:falcon_algebraic:bitz:falcon_bridge:wfbitz_forest:spartan:grinding{bits=14}: bitz::piop::spartan::grinding: close time.busy=75.6µs time.idle=150ns
2026-10-07T19:58:57.475340Z  INFO falcon_algebraic:prove:falcon_algebraic:bitz:falcon_bridge:wfbitz_forest:spartan:grinding{bits=14}: bitz::piop::spartan::grinding: close time.busy=5.74µs time.idle=122ns
2026-10-07T19:58:57.475456Z  INFO falcon_algebraic:prove:falcon_algebraic:bitz:falcon_bridge:wfbitz_forest:spartan:grinding{bits=14}: bitz::piop::spartan::grinding: close time.busy=22.0µs time.idle=120ns
2026-10-07T19:58:57.475540Z  INFO falcon_algebraic:prove:falcon_algebraic:bitz:falcon_bridge:wfbitz_forest:spartan:grinding{bits=14}: bitz::piop::spartan::grinding: close time.busy=32.3µs time.idle=120ns
2026-10-07T19:58:57.475573Z  INFO falcon_algebraic:prove:falcon_algebraic:bitz:falcon_bridge:wfbitz_forest:spartan:grinding{bits=14}: bitz::piop::spartan::grinding: close time.busy=4.46µs time.idle=120ns
2026-10-07T19:58:57.475611Z  INFO falcon_algebraic:prove:falcon_algebraic:bitz:falcon_bridge:wfbitz_forest:spartan:grinding{bits=14}: bitz::piop::spartan::grinding: close time.busy=20.1µs time.idle=110ns
2026-10-07T19:58:57.475646Z  INFO falcon_algebraic:prove:falcon_algebraic:bitz:falcon_bridge:wfbitz_forest:spartan:grinding{bits=14}: bitz::piop::spartan::grinding: close time.busy=27.4µs time.idle=110ns
2026-10-07T19:58:57.475712Z  INFO falcon_algebraic:prove:falcon_algebraic:bitz:falcon_bridge:wfbitz_forest:spartan:grinding{bits=14}: bitz::piop::spartan::grinding: close time.busy=49.5µs time.idle=120ns
2026-10-07T19:58:57.475832Z  INFO falcon_algebraic:prove:falcon_algebraic:bitz:falcon_bridge:wfbitz_forest:spartan:grinding{bits=14}: bitz::piop::spartan::grinding: close time.busy=114µs time.idle=110ns
2026-10-07T19:58:57.475863Z  INFO falcon_algebraic:prove:falcon_algebraic:bitz:falcon_bridge:wfbitz_forest:spartan:grinding{bits=14}: bitz::piop::spartan::grinding: close time.busy=27.7µs time.idle=110ns
2026-10-07T19:58:57.475930Z  INFO falcon_algebraic:prove:falcon_algebraic:bitz:falcon_bridge:wfbitz_forest:spartan:grinding{bits=14}: bitz::piop::spartan::grinding: close time.busy=62.8µs time.idle=110ns
2026-10-07T19:58:57.476055Z  INFO falcon_algebraic:prove:falcon_algebraic:bitz:falcon_bridge:wfbitz_forest:spartan:grinding{bits=14}: bitz::piop::spartan::grinding: close time.busy=122µs time.idle=110ns
2026-10-07T19:58:57.476088Z  INFO falcon_algebraic:prove:falcon_algebraic:bitz:falcon_bridge:wfbitz_forest:spartan:grinding{bits=14}: bitz::piop::spartan::grinding: close time.busy=30.1µs time.idle=130ns
2026-10-07T19:58:57.476115Z  INFO falcon_algebraic:prove:falcon_algebraic:bitz:falcon_bridge:wfbitz_forest:spartan:grinding{bits=14}: bitz::piop::spartan::grinding: close time.busy=24.0µs time.idle=111ns
2026-10-07T19:58:57.476334Z  INFO falcon_algebraic:prove:falcon_algebraic:bitz:falcon_bridge:wfbitz_forest:spartan:grinding{bits=14}: bitz::piop::spartan::grinding: close time.busy=217µs time.idle=110ns
2026-10-07T19:58:57.476386Z  INFO falcon_algebraic:prove:falcon_algebraic:bitz:falcon_bridge:wfbitz_forest:spartan:grinding{bits=14}: bitz::piop::spartan::grinding: close time.busy=48.8µs time.idle=110ns
2026-10-07T19:58:57.476484Z  INFO falcon_algebraic:prove:falcon_algebraic:bitz:falcon_bridge:wfbitz_forest:spartan:grinding{bits=14}: bitz::piop::spartan::grinding: close time.busy=95.1µs time.idle=110ns
2026-10-07T19:58:57.476513Z  INFO falcon_algebraic:prove:falcon_algebraic:bitz:falcon_bridge:wfbitz_forest:spartan:grinding{bits=14}: bitz::piop::spartan::grinding: close time.busy=26.1µs time.idle=120ns
2026-10-07T19:58:57.476660Z  INFO falcon_algebraic:prove:falcon_algebraic:bitz:falcon_bridge:wfbitz_forest:spartan:grinding{bits=14}: bitz::piop::spartan::grinding: close time.busy=144µs time.idle=120ns
2026-10-07T19:58:57.480142Z  INFO falcon_algebraic:prove:falcon_algebraic:bitz:falcon_bridge:wfbitz_forest:spartan:grinding{bits=14}: bitz::piop::spartan::grinding: close time.busy=79.1µs time.idle=140ns
2026-10-07T19:58:57.480165Z  INFO falcon_algebraic:prove:falcon_algebraic:bitz:falcon_bridge:wfbitz_forest:spartan:grinding{bits=14}: bitz::piop::spartan::grinding: close time.busy=19.8µs time.idle=110ns
2026-10-07T19:58:57.482638Z  INFO falcon_algebraic:prove:falcon_algebraic:bitz:falcon_bridge:wfbitz_forest:spartan:grinding{bits=14}: bitz::piop::spartan::grinding: close time.busy=65.8µs time.idle=130ns
2026-10-07T19:58:57.484476Z  INFO falcon_algebraic:prove:falcon_algebraic:bitz:falcon_bridge:wfbitz_forest:spartan:grinding{bits=14}: bitz::piop::spartan::grinding: close time.busy=28.0µs time.idle=140ns
2026-10-07T19:58:57.485242Z  INFO falcon_algebraic:prove:falcon_algebraic:bitz:falcon_bridge:wfbitz_forest:spartan:grinding{bits=14}: bitz::piop::spartan::grinding: close time.busy=86.0µs time.idle=170ns
2026-10-07T19:58:57.485688Z  INFO falcon_algebraic:prove:falcon_algebraic:bitz:falcon_bridge:wfbitz_forest:spartan:grinding{bits=14}: bitz::piop::spartan::grinding: close time.busy=105µs time.idle=131ns
2026-10-07T19:58:57.485907Z  INFO falcon_algebraic:prove:falcon_algebraic:bitz:falcon_bridge:wfbitz_forest:spartan:grinding{bits=14}: bitz::piop::spartan::grinding: close time.busy=44.2µs time.idle=120ns
2026-10-07T19:58:57.486036Z  INFO falcon_algebraic:prove:falcon_algebraic:bitz:falcon_bridge:wfbitz_forest:spartan:grinding{bits=14}: bitz::piop::spartan::grinding: close time.busy=35.9µs time.idle=120ns
2026-10-07T19:58:57.486094Z  INFO falcon_algebraic:prove:falcon_algebraic:bitz:falcon_bridge:wfbitz_forest:spartan:grinding{bits=14}: bitz::piop::spartan::grinding: close time.busy=5.00µs time.idle=110ns
2026-10-07T19:58:57.486235Z  INFO falcon_algebraic:prove:falcon_algebraic:bitz:falcon_bridge:wfbitz_forest:spartan:grinding{bits=14}: bitz::piop::spartan::grinding: close time.busy=112µs time.idle=110ns
2026-10-07T19:58:57.486321Z  INFO falcon_algebraic:prove:falcon_algebraic:bitz:falcon_bridge:wfbitz_forest:spartan:grinding{bits=14}: bitz::piop::spartan::grinding: close time.busy=68.1µs time.idle=110ns
2026-10-07T19:58:57.486408Z  INFO falcon_algebraic:prove:falcon_algebraic:bitz:falcon_bridge:wfbitz_forest:spartan:grinding{bits=14}: bitz::piop::spartan::grinding: close time.busy=79.1µs time.idle=110ns
2026-10-07T19:58:57.486465Z  INFO falcon_algebraic:prove:falcon_algebraic:bitz:falcon_bridge:wfbitz_forest:spartan:grinding{bits=14}: bitz::piop::spartan::grinding: close time.busy=40.3µs time.idle=110ns
2026-10-07T19:58:57.486482Z  INFO falcon_algebraic:prove:falcon_algebraic:bitz:falcon_bridge:wfbitz_forest:spartan:grinding{bits=14}: bitz::piop::spartan::grinding: close time.busy=11.3µs time.idle=120ns
2026-10-07T19:58:57.486530Z  INFO falcon_algebraic:prove:falcon_algebraic:bitz:falcon_bridge:wfbitz_forest:spartan:grinding{bits=14}: bitz::piop::spartan::grinding: close time.busy=43.9µs time.idle=110ns
2026-10-07T19:58:57.486582Z  INFO falcon_algebraic:prove:falcon_algebraic:bitz:falcon_bridge:wfbitz_forest:spartan:grinding{bits=14}: bitz::piop::spartan::grinding: close time.busy=48.5µs time.idle=110ns
2026-10-07T19:58:57.486700Z  INFO falcon_algebraic:prove:falcon_algebraic:bitz:falcon_bridge:wfbitz_forest:spartan:grinding{bits=14}: bitz::piop::spartan::grinding: close time.busy=115µs time.idle=121ns
2026-10-07T19:58:57.486724Z  INFO falcon_algebraic:prove:falcon_algebraic:bitz:falcon_bridge:wfbitz_forest:spartan:grinding{bits=14}: bitz::piop::spartan::grinding: close time.busy=20.9µs time.idle=110ns
2026-10-07T19:58:57.486760Z  INFO falcon_algebraic:prove:falcon_algebraic:bitz:falcon_bridge:wfbitz_forest:spartan:grinding{bits=14}: bitz::piop::spartan::grinding: close time.busy=32.7µs time.idle=120ns
2026-10-07T19:58:57.486809Z  INFO falcon_algebraic:prove:falcon_algebraic:bitz:falcon_bridge:wfbitz_forest:spartan:grinding{bits=14}: bitz::piop::spartan::grinding: close time.busy=45.9µs time.idle=110ns
2026-10-07T19:58:57.486901Z  INFO falcon_algebraic:prove:falcon_algebraic:bitz:falcon_bridge:wfbitz_forest:spartan:grinding{bits=14}: bitz::piop::spartan::grinding: close time.busy=89.4µs time.idle=120ns
2026-10-07T19:58:57.486926Z  INFO falcon_algebraic:prove:falcon_algebraic:bitz:falcon_bridge:wfbitz_forest:spartan:grinding{bits=14}: bitz::piop::spartan::grinding: close time.busy=22.3µs time.idle=111ns
2026-10-07T19:58:57.486990Z  INFO falcon_algebraic:prove:falcon_algebraic:bitz:falcon_bridge:wfbitz_forest:spartan:grinding{bits=14}: bitz::piop::spartan::grinding: close time.busy=61.5µs time.idle=120ns
2026-10-07T19:58:57.486998Z  INFO falcon_algebraic:prove:falcon_algebraic:bitz:falcon_bridge:wfbitz_forest:spartan:grinding{bits=14}: bitz::piop::spartan::grinding: close time.busy=4.84µs time.idle=111ns
2026-10-07T19:58:57.489964Z  INFO falcon_algebraic:prove:falcon_algebraic:bitz:falcon_bridge:wfbitz_forest:spartan:grinding{bits=14}: bitz::piop::spartan::grinding: close time.busy=23.3µs time.idle=110ns
2026-10-07T19:58:57.490016Z  INFO falcon_algebraic:prove:falcon_algebraic:bitz:falcon_bridge:wfbitz_forest:spartan:grinding{bits=14}: bitz::piop::spartan::grinding: close time.busy=48.7µs time.idle=110ns
2026-10-07T19:58:57.490041Z  INFO falcon_algebraic:prove:falcon_algebraic:bitz:falcon_bridge:wfbitz_forest:spartan:grinding{bits=14}: bitz::piop::spartan::grinding: close time.busy=22.2µs time.idle=110ns
2026-10-07T19:58:57.492543Z  INFO falcon_algebraic:prove:falcon_algebraic:bitz:falcon_bridge:wfbitz_forest:spartan:grinding{bits=14}: bitz::piop::spartan::grinding: close time.busy=16.0µs time.idle=111ns
2026-10-07T19:58:57.494430Z  INFO falcon_algebraic:prove:falcon_algebraic:bitz:falcon_bridge:wfbitz_forest:spartan:grinding{bits=14}: bitz::piop::spartan::grinding: close time.busy=62.2µs time.idle=130ns
2026-10-07T19:58:57.495139Z  INFO falcon_algebraic:prove:falcon_algebraic:bitz:falcon_bridge:wfbitz_forest:spartan:grinding{bits=14}: bitz::piop::spartan::grinding: close time.busy=28.7µs time.idle=120ns
2026-10-07T19:58:57.495512Z  INFO falcon_algebraic:prove:falcon_algebraic:bitz:falcon_bridge:wfbitz_forest:spartan:grinding{bits=14}: bitz::piop::spartan::grinding: close time.busy=31.9µs time.idle=130ns
2026-10-07T19:58:57.495697Z  INFO falcon_algebraic:prove:falcon_algebraic:bitz:falcon_bridge:wfbitz_forest:spartan:grinding{bits=14}: bitz::piop::spartan::grinding: close time.busy=9.31µs time.idle=110ns
2026-10-07T19:58:57.495833Z  INFO falcon_algebraic:prove:falcon_algebraic:bitz:falcon_bridge:wfbitz_forest:spartan:grinding{bits=14}: bitz::piop::spartan::grinding: close time.busy=43.1µs time.idle=110ns
2026-10-07T19:58:57.495972Z  INFO falcon_algebraic:prove:falcon_algebraic:bitz:falcon_bridge:wfbitz_forest:spartan:grinding{bits=14}: bitz::piop::spartan::grinding: close time.busy=88.1µs time.idle=120ns
2026-10-07T19:58:57.496098Z  INFO falcon_algebraic:prove:falcon_algebraic:bitz:falcon_bridge:wfbitz_forest:spartan:grinding{bits=14}: bitz::piop::spartan::grinding: close time.busy=96.6µs time.idle=120ns
2026-10-07T19:58:57.496132Z  INFO falcon_algebraic:prove:falcon_algebraic:bitz:falcon_bridge:wfbitz_forest:spartan:grinding{bits=14}: bitz::piop::spartan::grinding: close time.busy=15.8µs time.idle=110ns
2026-10-07T19:58:57.496205Z  INFO falcon_algebraic:prove:falcon_algebraic:bitz:falcon_bridge:wfbitz_forest:spartan:grinding{bits=14}: bitz::piop::spartan::grinding: close time.busy=64.6µs time.idle=120ns
2026-10-07T19:58:57.496231Z  INFO falcon_algebraic:prove:falcon_algebraic:bitz:falcon_bridge:wfbitz_forest:spartan:grinding{bits=14}: bitz::piop::spartan::grinding: close time.busy=10.5µs time.idle=120ns
2026-10-07T19:58:57.496261Z  INFO falcon_algebraic:prove:falcon_algebraic:bitz:falcon_bridge:wfbitz_forest:spartan:grinding{bits=14}: bitz::piop::spartan::grinding: close time.busy=23.9µs time.idle=110ns
2026-10-07T19:58:57.496307Z  INFO falcon_algebraic:prove:falcon_algebraic:bitz:falcon_bridge:wfbitz_forest:spartan:grinding{bits=14}: bitz::piop::spartan::grinding: close time.busy=40.5µs time.idle=110ns
2026-10-07T19:58:57.496432Z  INFO falcon_algebraic:prove:falcon_algebraic:bitz:falcon_bridge:wfbitz_forest:spartan:grinding{bits=14}: bitz::piop::spartan::grinding: close time.busy=121µs time.idle=111ns
2026-10-07T19:58:57.496466Z  INFO falcon_algebraic:prove:falcon_algebraic:bitz:falcon_bridge:wfbitz_forest:spartan:grinding{bits=14}: bitz::piop::spartan::grinding: close time.busy=30.6µs time.idle=110ns
2026-10-07T19:58:57.496571Z  INFO falcon_algebraic:prove:falcon_algebraic:bitz:falcon_bridge:wfbitz_forest:spartan:grinding{bits=14}: bitz::piop::spartan::grinding: close time.busy=103µs time.idle=120ns
2026-10-07T19:58:57.496622Z  INFO falcon_algebraic:prove:falcon_algebraic:bitz:falcon_bridge:wfbitz_forest:spartan:grinding{bits=14}: bitz::piop::spartan::grinding: close time.busy=47.5µs time.idle=110ns
2026-10-07T19:58:57.496640Z  INFO falcon_algebraic:prove:falcon_algebraic:bitz:falcon_bridge:wfbitz_forest:spartan:grinding{bits=14}: bitz::piop::spartan::grinding: close time.busy=13.2µs time.idle=121ns
2026-10-07T19:58:57.496691Z  INFO falcon_algebraic:prove:falcon_algebraic:bitz:falcon_bridge:wfbitz_forest:spartan:grinding{bits=14}: bitz::piop::spartan::grinding: close time.busy=47.8µs time.idle=121ns
2026-10-07T19:58:57.496810Z  INFO falcon_algebraic:prove:falcon_algebraic:bitz:falcon_bridge:wfbitz_forest:spartan:grinding{bits=14}: bitz::piop::spartan::grinding: close time.busy=116µs time.idle=120ns
2026-10-07T19:58:57.496860Z  INFO falcon_algebraic:prove:falcon_algebraic:bitz:falcon_bridge:wfbitz_forest:spartan:grinding{bits=14}: bitz::piop::spartan::grinding: close time.busy=47.3µs time.idle=110ns
2026-10-07T19:58:57.496902Z  INFO falcon_algebraic:prove:falcon_algebraic:bitz:falcon_bridge:wfbitz_forest:spartan:grinding{bits=14}: bitz::piop::spartan::grinding: close time.busy=39.9µs time.idle=121ns
2026-10-07T19:58:57.497361Z  INFO falcon_algebraic:prove:falcon_algebraic:bitz:falcon_bridge:wfbitz_forest: bitz::hybrid::integer_bridge: close time.busy=62.0ms time.idle=130ns
2026-10-07T19:58:57.497428Z  INFO falcon_algebraic:prove:falcon_algebraic:bitz: bitz::piop::spartan::falcon512_algebraic::protocol: close time.busy=66.2ms time.idle=160ns
2026-10-07T19:58:57.500958Z  INFO falcon_algebraic:prove:falcon_joint:packed_setup: bitz::hybrid::joint_sumcheck: close time.busy=3.53ms time.idle=180ns
2026-10-07T19:58:57.501013Z  INFO falcon_algebraic:prove:spartan:round_grinding_prove:spartan:grinding{bits=10}: bitz::piop::spartan::grinding: close time.busy=2.13µs time.idle=130ns
2026-10-07T19:58:57.501014Z  INFO falcon_algebraic:prove:spartan:round_grinding_prove: bitz::sumcheck::boundary: close time.busy=4.68µs time.idle=150ns
2026-10-07T19:58:57.501075Z  INFO falcon_algebraic:prove:spartan:round_grinding_prove:spartan:grinding{bits=10}: bitz::piop::spartan::grinding: close time.busy=351ns time.idle=120ns
2026-10-07T19:58:57.501076Z  INFO falcon_algebraic:prove:spartan:round_grinding_prove: bitz::sumcheck::boundary: close time.busy=2.82µs time.idle=110ns
2026-10-07T19:58:57.501134Z  INFO falcon_algebraic:prove:spartan:round_grinding_prove:spartan:grinding{bits=10}: bitz::piop::spartan::grinding: close time.busy=4.60µs time.idle=120ns
2026-10-07T19:58:57.501136Z  INFO falcon_algebraic:prove:spartan:round_grinding_prove: bitz::sumcheck::boundary: close time.busy=6.80µs time.idle=110ns
2026-10-07T19:58:57.501206Z  INFO falcon_algebraic:prove:spartan:round_grinding_prove:spartan:grinding{bits=10}: bitz::piop::spartan::grinding: close time.busy=19.2µs time.idle=130ns
2026-10-07T19:58:57.501208Z  INFO falcon_algebraic:prove:spartan:round_grinding_prove: bitz::sumcheck::boundary: close time.busy=21.4µs time.idle=120ns
2026-10-07T19:58:57.501262Z  INFO falcon_algebraic:prove:spartan:round_grinding_prove:spartan:grinding{bits=10}: bitz::piop::spartan::grinding: close time.busy=3.82µs time.idle=111ns
2026-10-07T19:58:57.501264Z  INFO falcon_algebraic:prove:spartan:round_grinding_prove: bitz::sumcheck::boundary: close time.busy=6.28µs time.idle=110ns
2026-10-07T19:58:57.501314Z  INFO falcon_algebraic:prove:spartan:round_grinding_prove:spartan:grinding{bits=10}: bitz::piop::spartan::grinding: close time.busy=410ns time.idle=110ns
2026-10-07T19:58:57.501315Z  INFO falcon_algebraic:prove:spartan:round_grinding_prove: bitz::sumcheck::boundary: close time.busy=2.62µs time.idle=110ns
2026-10-07T19:58:57.501368Z  INFO falcon_algebraic:prove:spartan:round_grinding_prove:spartan:grinding{bits=10}: bitz::piop::spartan::grinding: close time.busy=3.22µs time.idle=110ns
2026-10-07T19:58:57.501369Z  INFO falcon_algebraic:prove:spartan:round_grinding_prove: bitz::sumcheck::boundary: close time.busy=5.35µs time.idle=121ns
2026-10-07T19:58:57.502848Z  INFO falcon_algebraic:prove:falcon_joint:prepare: bitz::hybrid::joint_sumcheck: close time.busy=1.48ms time.idle=140ns
2026-10-07T19:58:57.502861Z  INFO falcon_algebraic:prove:spartan:round_grinding_prove:spartan:grinding{bits=10}: bitz::piop::spartan::grinding: close time.busy=8.83µs time.idle=121ns
2026-10-07T19:58:57.502862Z  INFO falcon_algebraic:prove:spartan:round_grinding_prove: bitz::sumcheck::boundary: close time.busy=11.4µs time.idle=171ns
2026-10-07T19:58:57.503207Z  INFO falcon_algebraic:prove:falcon_joint:compact: bitz::hybrid::joint_sumcheck: close time.busy=343µs time.idle=130ns
2026-10-07T19:58:57.503211Z  INFO falcon_algebraic:prove:spartan:round_grinding_prove:spartan:grinding{bits=10}: bitz::piop::spartan::grinding: close time.busy=732ns time.idle=120ns
2026-10-07T19:58:57.503213Z  INFO falcon_algebraic:prove:spartan:round_grinding_prove: bitz::sumcheck::boundary: close time.busy=3.50µs time.idle=180ns
2026-10-07T19:58:57.503356Z  INFO falcon_algebraic:prove:falcon_joint:compact: bitz::hybrid::joint_sumcheck: close time.busy=142µs time.idle=130ns
2026-10-07T19:58:57.503363Z  INFO falcon_algebraic:prove:spartan:round_grinding_prove:spartan:grinding{bits=10}: bitz::piop::spartan::grinding: close time.busy=3.66µs time.idle=110ns
2026-10-07T19:58:57.503364Z  INFO falcon_algebraic:prove:spartan:round_grinding_prove: bitz::sumcheck::boundary: close time.busy=5.99µs time.idle=160ns
2026-10-07T19:58:57.503455Z  INFO falcon_algebraic:prove:falcon_joint:compact: bitz::hybrid::joint_sumcheck: close time.busy=88.9µs time.idle=110ns
2026-10-07T19:58:57.503462Z  INFO falcon_algebraic:prove:spartan:round_grinding_prove:spartan:grinding{bits=10}: bitz::piop::spartan::grinding: close time.busy=4.41µs time.idle=110ns
2026-10-07T19:58:57.503464Z  INFO falcon_algebraic:prove:spartan:round_grinding_prove: bitz::sumcheck::boundary: close time.busy=6.74µs time.idle=170ns
2026-10-07T19:58:57.503541Z  INFO falcon_algebraic:prove:falcon_joint:compact: bitz::hybrid::joint_sumcheck: close time.busy=75.6µs time.idle=110ns
2026-10-07T19:58:57.503544Z  INFO falcon_algebraic:prove:spartan:round_grinding_prove:spartan:grinding{bits=10}: bitz::piop::spartan::grinding: close time.busy=391ns time.idle=120ns
2026-10-07T19:58:57.503545Z  INFO falcon_algebraic:prove:spartan:round_grinding_prove: bitz::sumcheck::boundary: close time.busy=2.69µs time.idle=120ns
2026-10-07T19:58:57.503564Z  INFO falcon_algebraic:prove:falcon_joint:dense: bitz::hybrid::joint_sumcheck: close time.busy=16.6µs time.idle=110ns
2026-10-07T19:58:57.503568Z  INFO falcon_algebraic:prove:spartan:round_grinding_prove:spartan:grinding{bits=10}: bitz::piop::spartan::grinding: close time.busy=1.52µs time.idle=120ns
2026-10-07T19:58:57.503569Z  INFO falcon_algebraic:prove:spartan:round_grinding_prove: bitz::sumcheck::boundary: close time.busy=3.67µs time.idle=112ns
2026-10-07T19:58:57.503580Z  INFO falcon_algebraic:prove:falcon_joint:dense: bitz::hybrid::joint_sumcheck: close time.busy=9.25µs time.idle=111ns
2026-10-07T19:58:57.503585Z  INFO falcon_algebraic:prove:spartan:round_grinding_prove:spartan:grinding{bits=10}: bitz::piop::spartan::grinding: close time.busy=2.69µs time.idle=110ns
2026-10-07T19:58:57.503586Z  INFO falcon_algebraic:prove:spartan:round_grinding_prove: bitz::sumcheck::boundary: close time.busy=4.92µs time.idle=110ns
2026-10-07T19:58:57.503594Z  INFO falcon_algebraic:prove:falcon_joint:dense: bitz::hybrid::joint_sumcheck: close time.busy=6.39µs time.idle=111ns
2026-10-07T19:58:57.503599Z  INFO falcon_algebraic:prove:spartan:round_grinding_prove:spartan:grinding{bits=10}: bitz::piop::spartan::grinding: close time.busy=2.85µs time.idle=110ns
2026-10-07T19:58:57.503600Z  INFO falcon_algebraic:prove:spartan:round_grinding_prove: bitz::sumcheck::boundary: close time.busy=5.21µs time.idle=120ns
2026-10-07T19:58:57.503603Z  INFO falcon_algebraic:prove:falcon_joint:dense: bitz::hybrid::joint_sumcheck: close time.busy=1.33µs time.idle=111ns
2026-10-07T19:58:57.503606Z  INFO falcon_algebraic:prove:spartan:round_grinding_prove:spartan:grinding{bits=10}: bitz::piop::spartan::grinding: close time.busy=350ns time.idle=111ns
2026-10-07T19:58:57.503608Z  INFO falcon_algebraic:prove:spartan:round_grinding_prove: bitz::sumcheck::boundary: close time.busy=3.14µs time.idle=110ns
2026-10-07T19:58:57.503610Z  INFO falcon_algebraic:prove:falcon_joint:dense: bitz::hybrid::joint_sumcheck: close time.busy=711ns time.idle=120ns
2026-10-07T19:58:57.503614Z  INFO falcon_algebraic:prove:spartan:round_grinding_prove:spartan:grinding{bits=10}: bitz::piop::spartan::grinding: close time.busy=1.17µs time.idle=120ns
2026-10-07T19:58:57.503615Z  INFO falcon_algebraic:prove:spartan:round_grinding_prove: bitz::sumcheck::boundary: close time.busy=3.56µs time.idle=121ns
2026-10-07T19:58:57.503617Z  INFO falcon_algebraic:prove:falcon_joint:dense: bitz::hybrid::joint_sumcheck: close time.busy=390ns time.idle=111ns
2026-10-07T19:58:57.503626Z  INFO falcon_algebraic:prove:spartan:round_grinding_prove:spartan:grinding{bits=10}: bitz::piop::spartan::grinding: close time.busy=6.58µs time.idle=111ns
2026-10-07T19:58:57.503627Z  INFO falcon_algebraic:prove:spartan:round_grinding_prove: bitz::sumcheck::boundary: close time.busy=8.87µs time.idle=110ns
2026-10-07T19:58:57.503629Z  INFO falcon_algebraic:prove:falcon_joint:dense: bitz::hybrid::joint_sumcheck: close time.busy=231ns time.idle=110ns
2026-10-07T19:58:57.503633Z  INFO falcon_algebraic:prove:spartan:round_grinding_prove:spartan:grinding{bits=10}: bitz::piop::spartan::grinding: close time.busy=1.71µs time.idle=110ns
2026-10-07T19:58:57.503634Z  INFO falcon_algebraic:prove:spartan:round_grinding_prove: bitz::sumcheck::boundary: close time.busy=3.71µs time.idle=120ns
2026-10-07T19:58:57.503636Z  INFO falcon_algebraic:prove:falcon_joint:dense: bitz::hybrid::joint_sumcheck: close time.busy=150ns time.idle=120ns
2026-10-07T19:58:57.503639Z  INFO falcon_algebraic:prove:spartan:round_grinding_prove:spartan:grinding{bits=10}: bitz::piop::spartan::grinding: close time.busy=1.16µs time.idle=110ns
2026-10-07T19:58:57.503640Z  INFO falcon_algebraic:prove:spartan:round_grinding_prove: bitz::sumcheck::boundary: close time.busy=3.19µs time.idle=110ns
2026-10-07T19:58:57.503642Z  INFO falcon_algebraic:prove:falcon_joint:dense: bitz::hybrid::joint_sumcheck: close time.busy=111ns time.idle=120ns
2026-10-07T19:58:57.503653Z  INFO falcon_algebraic:prove:spartan:round_grinding_prove:spartan:grinding{bits=10}: bitz::piop::spartan::grinding: close time.busy=9.52µs time.idle=110ns
2026-10-07T19:58:57.503654Z  INFO falcon_algebraic:prove:spartan:round_grinding_prove: bitz::sumcheck::boundary: close time.busy=11.6µs time.idle=120ns
2026-10-07T19:58:57.503656Z  INFO falcon_algebraic:prove:falcon_joint:dense: bitz::hybrid::joint_sumcheck: close time.busy=90.0ns time.idle=120ns
2026-10-07T19:58:57.503664Z  INFO falcon_algebraic:prove:spartan:round_grinding_prove:spartan:grinding{bits=10}: bitz::piop::spartan::grinding: close time.busy=5.80µs time.idle=111ns
2026-10-07T19:58:57.503665Z  INFO falcon_algebraic:prove:spartan:round_grinding_prove: bitz::sumcheck::boundary: close time.busy=7.83µs time.idle=110ns
2026-10-07T19:58:57.503667Z  INFO falcon_algebraic:prove:falcon_joint:dense: bitz::hybrid::joint_sumcheck: close time.busy=100ns time.idle=110ns
2026-10-07T19:58:57.503677Z  INFO falcon_algebraic:prove:spartan:round_grinding_prove:spartan:grinding{bits=10}: bitz::piop::spartan::grinding: close time.busy=7.87µs time.idle=110ns
2026-10-07T19:58:57.503678Z  INFO falcon_algebraic:prove:spartan:round_grinding_prove: bitz::sumcheck::boundary: close time.busy=10.0µs time.idle=121ns
2026-10-07T19:58:57.503680Z  INFO falcon_algebraic:prove:falcon_joint:dense: bitz::hybrid::joint_sumcheck: close time.busy=231ns time.idle=120ns
2026-10-07T19:58:57.503691Z  INFO falcon_algebraic:prove:spartan:round_grinding_prove:spartan:grinding{bits=10}: bitz::piop::spartan::grinding: close time.busy=8.77µs time.idle=110ns
2026-10-07T19:58:57.503693Z  INFO falcon_algebraic:prove:spartan:round_grinding_prove: bitz::sumcheck::boundary: close time.busy=11.0µs time.idle=110ns
2026-10-07T19:58:57.503694Z  INFO falcon_algebraic:prove:falcon_joint:dense: bitz::hybrid::joint_sumcheck: close time.busy=80.0ns time.idle=110ns
2026-10-07T19:58:57.503698Z  INFO falcon_algebraic:prove:spartan:round_grinding_prove:spartan:grinding{bits=10}: bitz::piop::spartan::grinding: close time.busy=1.11µs time.idle=110ns
2026-10-07T19:58:57.503699Z  INFO falcon_algebraic:prove:spartan:round_grinding_prove: bitz::sumcheck::boundary: close time.busy=3.23µs time.idle=110ns
2026-10-07T19:58:57.503701Z  INFO falcon_algebraic:prove:falcon_joint:dense: bitz::hybrid::joint_sumcheck: close time.busy=70.0ns time.idle=120ns
2026-10-07T19:58:57.507110Z  INFO falcon_algebraic:prove:falcon_algebraic:pcs:op:ring_switch:spartan:grinding{bits=12}: bitz::piop::spartan::grinding: close time.busy=11.2µs time.idle=140ns
2026-10-07T19:58:57.507124Z  INFO falcon_algebraic:prove:falcon_algebraic:pcs:op:ring_switch: bitz::hybrid::opening: close time.busy=3.42ms time.idle=130ns
2026-10-07T19:58:57.507132Z  INFO falcon_algebraic:prove:falcon_algebraic:pcs:op:extra_bases:spartan:grinding{bits=12}: bitz::piop::spartan::grinding: close time.busy=4.83µs time.idle=110ns
2026-10-07T19:58:57.510856Z  INFO falcon_algebraic:prove:falcon_algebraic:pcs:op:extra_bases:op:initial_messages: bitz::hybrid::opening::streamed: close time.busy=3.71ms time.idle=140ns
2026-10-07T19:58:57.510858Z  INFO falcon_algebraic:prove:falcon_algebraic:pcs:op:extra_bases: bitz::hybrid::opening: close time.busy=3.73ms time.idle=140ns
2026-10-07T19:58:57.510876Z  INFO falcon_algebraic:prove:falcon_algebraic:pcs:op:ligerito:lig:grind_pow{bits=20}:spartan:grinding{bits=12}: bitz::piop::spartan::grinding: close time.busy=11.4µs time.idle=180ns
2026-10-07T19:58:57.517501Z  INFO falcon_algebraic:prove:falcon_algebraic:pcs:op:ligerito:lig:grind_pow{bits=20 seed_lo=16375824786920364557 seed_hi=1983144282459121119 nonce=1785466}: bitz::ligerito_flock: close time.busy=6.64ms time.idle=120ns
2026-10-07T19:58:57.517512Z  INFO falcon_algebraic:prove:falcon_algebraic:pcs:op:ligerito:spartan:grinding{bits=12}: bitz::piop::spartan::grinding: close time.busy=9.18µs time.idle=120ns
2026-10-07T19:58:57.517554Z  INFO falcon_algebraic:prove:falcon_algebraic:pcs:op:ligerito:lig:grind_pow{bits=20}:spartan:grinding{bits=12}: bitz::piop::spartan::grinding: close time.busy=37.9µs time.idle=170ns
2026-10-07T19:58:57.522879Z  INFO falcon_algebraic:prove:falcon_algebraic:pcs:op:ligerito:lig:grind_pow{bits=20 seed_lo=14517310510578505501 seed_hi=6928831755814259526 nonce=1434179}: bitz::ligerito_flock: close time.busy=5.36ms time.idle=120ns
2026-10-07T19:58:57.522899Z  INFO falcon_algebraic:prove:falcon_algebraic:pcs:op:ligerito:spartan:grinding{bits=12}: bitz::piop::spartan::grinding: close time.busy=17.7µs time.idle=121ns
2026-10-07T19:58:57.524161Z  INFO falcon_algebraic:prove:falcon_algebraic:pcs:op:ligerito:op:deferred_first_fold: bitz::hybrid::opening::streamed: close time.busy=1.26ms time.idle=140ns
2026-10-07T19:58:57.524194Z  INFO falcon_algebraic:prove:falcon_algebraic:pcs:op:ligerito:lig:grind_pow{bits=20}:spartan:grinding{bits=12}: bitz::piop::spartan::grinding: close time.busy=29.3µs time.idle=110ns
2026-10-07T19:58:57.526959Z  INFO falcon_algebraic:prove:falcon_algebraic:pcs:op:ligerito:lig:grind_pow{bits=20 seed_lo=14441719486906525332 seed_hi=4887251053874519830 nonce=749449}: bitz::ligerito_flock: close time.busy=2.80ms time.idle=120ns
2026-10-07T19:58:57.526975Z  INFO falcon_algebraic:prove:falcon_algebraic:pcs:op:ligerito:spartan:grinding{bits=12}: bitz::piop::spartan::grinding: close time.busy=13.5µs time.idle=110ns
2026-10-07T19:58:57.526994Z  INFO falcon_algebraic:prove:falcon_algebraic:pcs:op:ligerito:lig:grind_pow{bits=20}:spartan:grinding{bits=12}: bitz::piop::spartan::grinding: close time.busy=14.9µs time.idle=120ns
2026-10-07T19:58:57.529367Z  INFO falcon_algebraic:prove:falcon_algebraic:pcs:op:ligerito:lig:grind_pow{bits=20 seed_lo=4040019448686371158 seed_hi=12007848838415722241 nonce=638779}: bitz::ligerito_flock: close time.busy=2.39ms time.idle=120ns
2026-10-07T19:58:57.529392Z  INFO falcon_algebraic:prove:falcon_algebraic:pcs:op:ligerito:spartan:grinding{bits=12}: bitz::piop::spartan::grinding: close time.busy=23.4µs time.idle=110ns
2026-10-07T19:58:57.530407Z  INFO falcon_algebraic:prove:falcon_algebraic:pcs:op:ligerito:lig:grind_pow{bits=11}:spartan:grinding{bits=12}: bitz::piop::spartan::grinding: close time.busy=25.5µs time.idle=120ns
2026-10-07T19:58:57.530419Z  INFO falcon_algebraic:prove:falcon_algebraic:pcs:op:ligerito:lig:grind_pow{bits=11 seed_lo=12168614032339833606 seed_hi=677864334761961363 nonce=1876}: bitz::ligerito_flock: close time.busy=38.4µs time.idle=130ns
2026-10-07T19:58:57.530445Z  INFO falcon_algebraic:prove:falcon_algebraic:pcs:op:ligerito:spartan:grinding{bits=12}: bitz::piop::spartan::grinding: close time.busy=24.5µs time.idle=110ns
2026-10-07T19:58:57.531426Z  INFO falcon_algebraic:prove:falcon_algebraic:pcs:op:ligerito:lig:grind_pow{bits=7}:spartan:grinding{bits=12}: bitz::piop::spartan::grinding: close time.busy=6.90µs time.idle=110ns
2026-10-07T19:58:57.531430Z  INFO falcon_algebraic:prove:falcon_algebraic:pcs:op:ligerito:lig:grind_pow{bits=7 seed_lo=12556229113317911125 seed_hi=6749826581381619231 nonce=24}: bitz::ligerito_flock: close time.busy=11.1µs time.idle=130ns
2026-10-07T19:58:57.531452Z  INFO falcon_algebraic:prove:falcon_algebraic:pcs:op:ligerito:spartan:grinding{bits=12}: bitz::piop::spartan::grinding: close time.busy=20.0µs time.idle=110ns
2026-10-07T19:58:57.531513Z  INFO falcon_algebraic:prove:falcon_algebraic:pcs:op:ligerito:lig:grind_pow{bits=19}:spartan:grinding{bits=12}: bitz::piop::spartan::grinding: close time.busy=22.6µs time.idle=120ns
2026-10-07T19:58:57.532011Z  INFO falcon_algebraic:prove:falcon_algebraic:pcs:op:ligerito:lig:grind_pow{bits=19 seed_lo=4999734546879186383 seed_hi=5642541635383918156 nonce=133341}: bitz::ligerito_flock: close time.busy=521µs time.idle=120ns
2026-10-07T19:58:57.532040Z  INFO falcon_algebraic:prove:falcon_algebraic:pcs:op:ligerito:spartan:grinding{bits=12}: bitz::piop::spartan::grinding: close time.busy=27.3µs time.idle=110ns
2026-10-07T19:58:57.532105Z  INFO falcon_algebraic:prove:falcon_algebraic:pcs:op:ligerito:lig:grind_pow{bits=19}:spartan:grinding{bits=12}: bitz::piop::spartan::grinding: close time.busy=32.0µs time.idle=120ns
2026-10-07T19:58:57.533167Z  INFO falcon_algebraic:prove:falcon_algebraic:pcs:op:ligerito:lig:grind_pow{bits=19 seed_lo=16120839933993617660 seed_hi=8845007109929095843 nonce=285668}: bitz::ligerito_flock: close time.busy=1.10ms time.idle=121ns
2026-10-07T19:58:57.533183Z  INFO falcon_algebraic:prove:falcon_algebraic:pcs:op:ligerito:spartan:grinding{bits=12}: bitz::piop::spartan::grinding: close time.busy=14.0µs time.idle=110ns
2026-10-07T19:58:57.533263Z  INFO falcon_algebraic:prove:falcon_algebraic:pcs:op:ligerito:lig:grind_pow{bits=19}:spartan:grinding{bits=12}: bitz::piop::spartan::grinding: close time.busy=62.4µs time.idle=110ns
2026-10-07T19:58:57.540583Z  INFO falcon_algebraic:prove:falcon_algebraic:pcs:op:ligerito:lig:grind_pow{bits=19 seed_lo=7533905475163248731 seed_hi=13331801534544350727 nonce=1978168}: bitz::ligerito_flock: close time.busy=7.38ms time.idle=120ns
2026-10-07T19:58:57.540600Z  INFO falcon_algebraic:prove:falcon_algebraic:pcs:op:ligerito:spartan:grinding{bits=12}: bitz::piop::spartan::grinding: close time.busy=15.0µs time.idle=110ns
2026-10-07T19:58:57.540811Z  INFO falcon_algebraic:prove:falcon_algebraic:pcs:op:ligerito:lig:grind_pow{bits=11}:spartan:grinding{bits=12}: bitz::piop::spartan::grinding: close time.busy=5.91µs time.idle=110ns
2026-10-07T19:58:57.540821Z  INFO falcon_algebraic:prove:falcon_algebraic:pcs:op:ligerito:lig:grind_pow{bits=11 seed_lo=13414360004935892538 seed_hi=13352016151955891289 nonce=1894}: bitz::ligerito_flock: close time.busy=16.3µs time.idle=130ns
2026-10-07T19:58:57.540831Z  INFO falcon_algebraic:prove:falcon_algebraic:pcs:op:ligerito:spartan:grinding{bits=12}: bitz::piop::spartan::grinding: close time.busy=8.47µs time.idle=110ns
2026-10-07T19:58:57.541820Z  INFO falcon_algebraic:prove:falcon_algebraic:pcs:op:ligerito:lig:grind_pow{bits=7}:spartan:grinding{bits=12}: bitz::piop::spartan::grinding: close time.busy=49.6µs time.idle=110ns
2026-10-07T19:58:57.541823Z  INFO falcon_algebraic:prove:falcon_algebraic:pcs:op:ligerito:lig:grind_pow{bits=7 seed_lo=14011323245469665233 seed_hi=10627610180640753093 nonce=87}: bitz::ligerito_flock: close time.busy=54.1µs time.idle=110ns
2026-10-07T19:58:57.541859Z  INFO falcon_algebraic:prove:falcon_algebraic:pcs:op:ligerito:spartan:grinding{bits=12}: bitz::piop::spartan::grinding: close time.busy=33.5µs time.idle=120ns
2026-10-07T19:58:57.541883Z  INFO falcon_algebraic:prove:falcon_algebraic:pcs:op:ligerito:lig:grind_pow{bits=17}:spartan:grinding{bits=12}: bitz::piop::spartan::grinding: close time.busy=17.0µs time.idle=110ns
2026-10-07T19:58:57.541916Z  INFO falcon_algebraic:prove:falcon_algebraic:pcs:op:ligerito:lig:grind_pow{bits=17 seed_lo=12040305675577541021 seed_hi=4448544093894922929 nonce=7149}: bitz::ligerito_flock: close time.busy=50.3µs time.idle=120ns
2026-10-07T19:58:57.541935Z  INFO falcon_algebraic:prove:falcon_algebraic:pcs:op:ligerito:spartan:grinding{bits=12}: bitz::piop::spartan::grinding: close time.busy=17.4µs time.idle=111ns
2026-10-07T19:58:57.541954Z  INFO falcon_algebraic:prove:falcon_algebraic:pcs:op:ligerito:lig:grind_pow{bits=17}:spartan:grinding{bits=12}: bitz::piop::spartan::grinding: close time.busy=9.72µs time.idle=110ns
2026-10-07T19:58:57.541977Z  INFO falcon_algebraic:prove:falcon_algebraic:pcs:op:ligerito:lig:grind_pow{bits=17 seed_lo=14594745866361555729 seed_hi=4481801811290485119 nonce=4584}: bitz::ligerito_flock: close time.busy=33.5µs time.idle=110ns
2026-10-07T19:58:57.542017Z  INFO falcon_algebraic:prove:falcon_algebraic:pcs:op:ligerito:spartan:grinding{bits=12}: bitz::piop::spartan::grinding: close time.busy=37.9µs time.idle=110ns
2026-10-07T19:58:57.542032Z  INFO falcon_algebraic:prove:falcon_algebraic:pcs:op:ligerito:lig:grind_pow{bits=17}:spartan:grinding{bits=12}: bitz::piop::spartan::grinding: close time.busy=8.38µs time.idle=110ns
2026-10-07T19:58:57.542156Z  INFO falcon_algebraic:prove:falcon_algebraic:pcs:op:ligerito:lig:grind_pow{bits=17 seed_lo=13300957292935261440 seed_hi=4548511347967446605 nonce=31400}: bitz::ligerito_flock: close time.busy=134µs time.idle=120ns
2026-10-07T19:58:57.542205Z  INFO falcon_algebraic:prove:falcon_algebraic:pcs:op:ligerito:spartan:grinding{bits=12}: bitz::piop::spartan::grinding: close time.busy=46.8µs time.idle=110ns
2026-10-07T19:58:57.542271Z  INFO falcon_algebraic:prove:falcon_algebraic:pcs:op:ligerito:lig:grind_pow{bits=11}:spartan:grinding{bits=12}: bitz::piop::spartan::grinding: close time.busy=17.7µs time.idle=110ns
2026-10-07T19:58:57.542282Z  INFO falcon_algebraic:prove:falcon_algebraic:pcs:op:ligerito:lig:grind_pow{bits=11 seed_lo=5054118974374254575 seed_hi=14981614931524400151 nonce=2654}: bitz::ligerito_flock: close time.busy=30.1µs time.idle=110ns
2026-10-07T19:58:57.542313Z  INFO falcon_algebraic:prove:falcon_algebraic:pcs:op:ligerito:spartan:grinding{bits=12}: bitz::piop::spartan::grinding: close time.busy=29.3µs time.idle=120ns
2026-10-07T19:58:57.542493Z  INFO falcon_algebraic:prove:falcon_algebraic:pcs:op:ligerito:lig:grind_pow{bits=7}:spartan:grinding{bits=12}: bitz::piop::spartan::grinding: close time.busy=8.15µs time.idle=111ns
2026-10-07T19:58:57.542497Z  INFO falcon_algebraic:prove:falcon_algebraic:pcs:op:ligerito:lig:grind_pow{bits=7 seed_lo=10782382566308342209 seed_hi=11179761202078984758 nonce=218}: bitz::ligerito_flock: close time.busy=12.3µs time.idle=110ns
2026-10-07T19:58:57.542505Z  INFO falcon_algebraic:prove:falcon_algebraic:pcs:op:ligerito:spartan:grinding{bits=12}: bitz::piop::spartan::grinding: close time.busy=6.51µs time.idle=101ns
2026-10-07T19:58:57.542518Z  INFO falcon_algebraic:prove:falcon_algebraic:pcs:op:ligerito:lig:grind_pow{bits=15}:spartan:grinding{bits=12}: bitz::piop::spartan::grinding: close time.busy=9.38µs time.idle=110ns
2026-10-07T19:58:57.542629Z  INFO falcon_algebraic:prove:falcon_algebraic:pcs:op:ligerito:lig:grind_pow{bits=15 seed_lo=1228380510673385658 seed_hi=4608945683697044113 nonce=28426}: bitz::ligerito_flock: close time.busy=121µs time.idle=112ns
2026-10-07T19:58:57.542639Z  INFO falcon_algebraic:prove:falcon_algebraic:pcs:op:ligerito:spartan:grinding{bits=12}: bitz::piop::spartan::grinding: close time.busy=7.61µs time.idle=111ns
2026-10-07T19:58:57.542647Z  INFO falcon_algebraic:prove:falcon_algebraic:pcs:op:ligerito:lig:grind_pow{bits=15}:spartan:grinding{bits=12}: bitz::piop::spartan::grinding: close time.busy=4.06µs time.idle=120ns
2026-10-07T19:58:57.542747Z  INFO falcon_algebraic:prove:falcon_algebraic:pcs:op:ligerito:lig:grind_pow{bits=15 seed_lo=15181336230616402119 seed_hi=7493050434602918546 nonce=25325}: bitz::ligerito_flock: close time.busy=105µs time.idle=111ns
2026-10-07T19:58:57.542757Z  INFO falcon_algebraic:prove:falcon_algebraic:pcs:op:ligerito:spartan:grinding{bits=12}: bitz::piop::spartan::grinding: close time.busy=8.50µs time.idle=110ns
2026-10-07T19:58:57.542773Z  INFO falcon_algebraic:prove:falcon_algebraic:pcs:op:ligerito:lig:grind_pow{bits=15}:spartan:grinding{bits=12}: bitz::piop::spartan::grinding: close time.busy=11.9µs time.idle=110ns
2026-10-07T19:58:57.542884Z  INFO falcon_algebraic:prove:falcon_algebraic:pcs:op:ligerito:lig:grind_pow{bits=15 seed_lo=7421790146636421713 seed_hi=16128424606281112580 nonce=28449}: bitz::ligerito_flock: close time.busy=124µs time.idle=110ns
2026-10-07T19:58:57.542897Z  INFO falcon_algebraic:prove:falcon_algebraic:pcs:op:ligerito:spartan:grinding{bits=12}: bitz::piop::spartan::grinding: close time.busy=11.4µs time.idle=110ns
2026-10-07T19:58:57.542907Z  INFO falcon_algebraic:prove:falcon_algebraic:pcs:op:ligerito:lig:grind_pow{bits=11}:spartan:grinding{bits=12}: bitz::piop::spartan::grinding: close time.busy=5.00µs time.idle=110ns
2026-10-07T19:58:57.542912Z  INFO falcon_algebraic:prove:falcon_algebraic:pcs:op:ligerito:lig:grind_pow{bits=11 seed_lo=14005453541847172307 seed_hi=3880069313824445422 nonce=567}: bitz::ligerito_flock: close time.busy=10.2µs time.idle=110ns
2026-10-07T19:58:57.542921Z  INFO falcon_algebraic:prove:falcon_algebraic:pcs:op:ligerito:spartan:grinding{bits=12}: bitz::piop::spartan::grinding: close time.busy=6.77µs time.idle=110ns
2026-10-07T19:58:57.542998Z  INFO falcon_algebraic:prove:falcon_algebraic:pcs:op:ligerito: bitz::hybrid::opening: close time.busy=32.1ms time.idle=150ns
2026-10-07T19:58:57.543001Z  INFO falcon_algebraic:prove:falcon_algebraic:pcs: bitz::piop::spartan::falcon512_algebraic::protocol: close time.busy=39.3ms time.idle=140ns
2026-10-07T19:58:57.543981Z  INFO falcon_algebraic:prove: bitz::piop::spartan::falcon512_algebraic::protocol: close time.busy=334ms time.idle=180ns
2026-10-07T19:58:57.556569Z  INFO falcon_algebraic:verify:falcon_algebraic_ring:verify:falcon_algebraic_ring:coordinates: bitz::piop::spartan::falcon512_algebraic::ring: close time.busy=4.59ms time.idle=180ns
2026-10-07T19:58:57.574440Z  INFO falcon_algebraic:verify:falcon_algebraic_ring:verify:falcon_algebraic_ring:collapse: bitz::piop::spartan::falcon512_algebraic::ring: close time.busy=17.9ms time.idle=370ns
2026-10-07T19:58:57.574442Z  INFO falcon_algebraic:verify:falcon_algebraic_ring:verify: bitz::piop::spartan::falcon512_algebraic::ring: close time.busy=22.7ms time.idle=160ns
2026-10-07T19:58:57.574469Z  INFO falcon_algebraic:verify:spartan:round_grinding_verify: bitz::sumcheck::boundary: close time.busy=972ns time.idle=130ns
2026-10-07T19:58:57.574473Z  INFO falcon_algebraic:verify:spartan:round_grinding_verify: bitz::sumcheck::boundary: close time.busy=821ns time.idle=120ns
2026-10-07T19:58:57.574477Z  INFO falcon_algebraic:verify:spartan:round_grinding_verify: bitz::sumcheck::boundary: close time.busy=881ns time.idle=131ns
2026-10-07T19:58:57.574481Z  INFO falcon_algebraic:verify:spartan:round_grinding_verify: bitz::sumcheck::boundary: close time.busy=892ns time.idle=120ns
2026-10-07T19:58:57.574485Z  INFO falcon_algebraic:verify:spartan:round_grinding_verify: bitz::sumcheck::boundary: close time.busy=712ns time.idle=100ns
2026-10-07T19:58:57.574490Z  INFO falcon_algebraic:verify:spartan:round_grinding_verify: bitz::sumcheck::boundary: close time.busy=791ns time.idle=120ns
2026-10-07T19:58:57.574495Z  INFO falcon_algebraic:verify:spartan:round_grinding_verify: bitz::sumcheck::boundary: close time.busy=801ns time.idle=111ns
2026-10-07T19:58:57.574499Z  INFO falcon_algebraic:verify:spartan:round_grinding_verify: bitz::sumcheck::boundary: close time.busy=892ns time.idle=110ns
2026-10-07T19:58:57.574503Z  INFO falcon_algebraic:verify:spartan:round_grinding_verify: bitz::sumcheck::boundary: close time.busy=861ns time.idle=110ns
2026-10-07T19:58:57.574508Z  INFO falcon_algebraic:verify:spartan:round_grinding_verify: bitz::sumcheck::boundary: close time.busy=761ns time.idle=111ns
2026-10-07T19:58:57.574513Z  INFO falcon_algebraic:verify:spartan:round_grinding_verify: bitz::sumcheck::boundary: close time.busy=862ns time.idle=110ns
2026-10-07T19:58:57.574517Z  INFO falcon_algebraic:verify:spartan:round_grinding_verify: bitz::sumcheck::boundary: close time.busy=822ns time.idle=110ns
2026-10-07T19:58:57.574520Z  INFO falcon_algebraic:verify:spartan:round_grinding_verify: bitz::sumcheck::boundary: close time.busy=922ns time.idle=120ns
2026-10-07T19:58:57.574526Z  INFO falcon_algebraic:verify:spartan:round_grinding_verify: bitz::sumcheck::boundary: close time.busy=932ns time.idle=120ns
2026-10-07T19:58:57.574531Z  INFO falcon_algebraic:verify:spartan:round_grinding_verify: bitz::sumcheck::boundary: close time.busy=711ns time.idle=110ns
2026-10-07T19:58:57.574535Z  INFO falcon_algebraic:verify:spartan:round_grinding_verify: bitz::sumcheck::boundary: close time.busy=791ns time.idle=111ns
2026-10-07T19:58:57.574539Z  INFO falcon_algebraic:verify:spartan:round_grinding_verify: bitz::sumcheck::boundary: close time.busy=902ns time.idle=110ns
2026-10-07T19:58:57.574544Z  INFO falcon_algebraic:verify:spartan:round_grinding_verify: bitz::sumcheck::boundary: close time.busy=761ns time.idle=131ns
2026-10-07T19:58:57.574549Z  INFO falcon_algebraic:verify:spartan:round_grinding_verify: bitz::sumcheck::boundary: close time.busy=862ns time.idle=120ns
2026-10-07T19:58:57.583712Z  INFO falcon_algebraic:verify:spartan:round_grinding_verify: bitz::sumcheck::boundary: close time.busy=1.00µs time.idle=150ns
2026-10-07T19:58:57.583716Z  INFO falcon_algebraic:verify:spartan:round_grinding_verify: bitz::sumcheck::boundary: close time.busy=802ns time.idle=120ns
2026-10-07T19:58:57.583720Z  INFO falcon_algebraic:verify:spartan:round_grinding_verify: bitz::sumcheck::boundary: close time.busy=822ns time.idle=110ns
2026-10-07T19:58:57.583724Z  INFO falcon_algebraic:verify:spartan:round_grinding_verify: bitz::sumcheck::boundary: close time.busy=801ns time.idle=111ns
2026-10-07T19:58:57.583727Z  INFO falcon_algebraic:verify:spartan:round_grinding_verify: bitz::sumcheck::boundary: close time.busy=861ns time.idle=110ns
2026-10-07T19:58:57.583732Z  INFO falcon_algebraic:verify:spartan:round_grinding_verify: bitz::sumcheck::boundary: close time.busy=1.19µs time.idle=121ns
2026-10-07T19:58:57.583735Z  INFO falcon_algebraic:verify:spartan:round_grinding_verify: bitz::sumcheck::boundary: close time.busy=812ns time.idle=110ns
2026-10-07T19:58:57.583739Z  INFO falcon_algebraic:verify:spartan:round_grinding_verify: bitz::sumcheck::boundary: close time.busy=892ns time.idle=100ns
2026-10-07T19:58:57.583743Z  INFO falcon_algebraic:verify:spartan:round_grinding_verify: bitz::sumcheck::boundary: close time.busy=872ns time.idle=100ns
2026-10-07T19:58:57.583749Z  INFO falcon_algebraic:verify:spartan:round_grinding_verify: bitz::sumcheck::boundary: close time.busy=882ns time.idle=110ns
2026-10-07T19:58:57.583753Z  INFO falcon_algebraic:verify:spartan:round_grinding_verify: bitz::sumcheck::boundary: close time.busy=922ns time.idle=100ns
2026-10-07T19:58:57.583756Z  INFO falcon_algebraic:verify:spartan:round_grinding_verify: bitz::sumcheck::boundary: close time.busy=932ns time.idle=110ns
2026-10-07T19:58:57.583760Z  INFO falcon_algebraic:verify:spartan:round_grinding_verify: bitz::sumcheck::boundary: close time.busy=862ns time.idle=100ns
2026-10-07T19:58:57.583765Z  INFO falcon_algebraic:verify:spartan:round_grinding_verify: bitz::sumcheck::boundary: close time.busy=932ns time.idle=120ns
2026-10-07T19:58:57.583770Z  INFO falcon_algebraic:verify:spartan:round_grinding_verify: bitz::sumcheck::boundary: close time.busy=932ns time.idle=110ns
2026-10-07T19:58:57.583774Z  INFO falcon_algebraic:verify:spartan:round_grinding_verify: bitz::sumcheck::boundary: close time.busy=882ns time.idle=110ns
2026-10-07T19:58:57.583777Z  INFO falcon_algebraic:verify:spartan:round_grinding_verify: bitz::sumcheck::boundary: close time.busy=871ns time.idle=110ns
2026-10-07T19:58:57.583781Z  INFO falcon_algebraic:verify:spartan:round_grinding_verify: bitz::sumcheck::boundary: close time.busy=952ns time.idle=110ns
2026-10-07T19:58:57.583787Z  INFO falcon_algebraic:verify:spartan:round_grinding_verify: bitz::sumcheck::boundary: close time.busy=1.12µs time.idle=130ns
2026-10-07T19:58:57.583789Z  INFO falcon_algebraic:verify:spartan:round_grinding_verify: bitz::sumcheck::boundary: close time.busy=642ns time.idle=110ns
2026-10-07T19:58:57.583792Z  INFO falcon_algebraic:verify:spartan:round_grinding_verify: bitz::sumcheck::boundary: close time.busy=702ns time.idle=110ns
2026-10-07T19:58:57.583795Z  INFO falcon_algebraic:verify:spartan:round_grinding_verify: bitz::sumcheck::boundary: close time.busy=661ns time.idle=110ns
2026-10-07T19:58:57.583798Z  INFO falcon_algebraic:verify:spartan:round_grinding_verify: bitz::sumcheck::boundary: close time.busy=651ns time.idle=121ns
2026-10-07T19:58:57.583801Z  INFO falcon_algebraic:verify:spartan:round_grinding_verify: bitz::sumcheck::boundary: close time.busy=651ns time.idle=120ns
2026-10-07T19:58:57.591082Z  INFO falcon_algebraic:verify:spartan:round_grinding_verify: bitz::sumcheck::boundary: close time.busy=1.07µs time.idle=141ns
2026-10-07T19:58:57.591085Z  INFO falcon_algebraic:verify:spartan:round_grinding_verify: bitz::sumcheck::boundary: close time.busy=1.05µs time.idle=110ns
2026-10-07T19:58:57.591088Z  INFO falcon_algebraic:verify:spartan:round_grinding_verify: bitz::sumcheck::boundary: close time.busy=972ns time.idle=110ns
2026-10-07T19:58:57.591091Z  INFO falcon_algebraic:verify:spartan:round_grinding_verify: bitz::sumcheck::boundary: close time.busy=952ns time.idle=110ns
2026-10-07T19:58:57.591094Z  INFO falcon_algebraic:verify:spartan:round_grinding_verify: bitz::sumcheck::boundary: close time.busy=1.17µs time.idle=110ns
2026-10-07T19:58:57.591097Z  INFO falcon_algebraic:verify:spartan:round_grinding_verify: bitz::sumcheck::boundary: close time.busy=941ns time.idle=111ns
2026-10-07T19:58:57.591099Z  INFO falcon_algebraic:verify:spartan:round_grinding_verify: bitz::sumcheck::boundary: close time.busy=931ns time.idle=121ns
2026-10-07T19:58:57.591102Z  INFO falcon_algebraic:verify:spartan:round_grinding_verify: bitz::sumcheck::boundary: close time.busy=941ns time.idle=111ns
2026-10-07T19:58:57.591105Z  INFO falcon_algebraic:verify:spartan:round_grinding_verify: bitz::sumcheck::boundary: close time.busy=1.01µs time.idle=110ns
2026-10-07T19:58:57.591107Z  INFO falcon_algebraic:verify:spartan:round_grinding_verify: bitz::sumcheck::boundary: close time.busy=1.00µs time.idle=110ns
2026-10-07T19:58:57.591110Z  INFO falcon_algebraic:verify:spartan:round_grinding_verify: bitz::sumcheck::boundary: close time.busy=1.04µs time.idle=110ns
2026-10-07T19:58:57.591113Z  INFO falcon_algebraic:verify:spartan:round_grinding_verify: bitz::sumcheck::boundary: close time.busy=962ns time.idle=100ns
2026-10-07T19:58:57.591116Z  INFO falcon_algebraic:verify:spartan:round_grinding_verify: bitz::sumcheck::boundary: close time.busy=961ns time.idle=101ns
2026-10-07T19:58:57.591118Z  INFO falcon_algebraic:verify:spartan:round_grinding_verify: bitz::sumcheck::boundary: close time.busy=1.03µs time.idle=110ns
2026-10-07T19:58:57.591121Z  INFO falcon_algebraic:verify:spartan:round_grinding_verify: bitz::sumcheck::boundary: close time.busy=1.10µs time.idle=110ns
2026-10-07T19:58:57.591124Z  INFO falcon_algebraic:verify:spartan:round_grinding_verify: bitz::sumcheck::boundary: close time.busy=1.08µs time.idle=121ns
2026-10-07T19:58:57.591128Z  INFO falcon_algebraic:verify:spartan:round_grinding_verify: bitz::sumcheck::boundary: close time.busy=1.09µs time.idle=110ns
2026-10-07T19:58:57.591131Z  INFO falcon_algebraic:verify:spartan:round_grinding_verify: bitz::sumcheck::boundary: close time.busy=1.17µs time.idle=111ns
2026-10-07T19:58:57.591133Z  INFO falcon_algebraic:verify:spartan:round_grinding_verify: bitz::sumcheck::boundary: close time.busy=931ns time.idle=111ns
2026-10-07T19:58:57.591136Z  INFO falcon_algebraic:verify:spartan:round_grinding_verify: bitz::sumcheck::boundary: close time.busy=941ns time.idle=101ns
2026-10-07T19:58:57.591138Z  INFO falcon_algebraic:verify:spartan:round_grinding_verify: bitz::sumcheck::boundary: close time.busy=981ns time.idle=111ns
2026-10-07T19:58:57.591141Z  INFO falcon_algebraic:verify:spartan:round_grinding_verify: bitz::sumcheck::boundary: close time.busy=962ns time.idle=110ns
2026-10-07T19:58:57.591144Z  INFO falcon_algebraic:verify:spartan:round_grinding_verify: bitz::sumcheck::boundary: close time.busy=962ns time.idle=110ns
2026-10-07T19:58:57.591147Z  INFO falcon_algebraic:verify:spartan:round_grinding_verify: bitz::sumcheck::boundary: close time.busy=1.11µs time.idle=110ns
2026-10-07T19:58:57.591149Z  INFO falcon_algebraic:verify:spartan:round_grinding_verify: bitz::sumcheck::boundary: close time.busy=1.01µs time.idle=110ns
2026-10-07T19:58:57.593430Z  INFO falcon_algebraic:verify: bitz::piop::spartan::falcon512_algebraic::protocol: close time.busy=49.4ms time.idle=211ns
2026-10-07T19:58:57.625885Z  INFO falcon_algebraic:commit:falcon_algebraic:witness: bitz::piop::spartan::falcon512_algebraic::protocol: close time.busy=32.2ms time.idle=141ns
2026-10-07T19:58:57.655287Z  INFO falcon_algebraic:commit:shared_source:encode: bitz::hybrid::opening: close time.busy=1.54ms time.idle=120ns
2026-10-07T19:58:57.656281Z  INFO falcon_algebraic:commit:shared_source:merkle: bitz::hybrid::opening: close time.busy=991µs time.idle=140ns
2026-10-07T19:58:57.656283Z  INFO falcon_algebraic:commit: bitz::piop::spartan::falcon512_algebraic::protocol: close time.busy=62.7ms time.idle=130ns
2026-10-07T19:58:57.668295Z  INFO falcon_algebraic:prove:falcon_algebraic:ring:falcon_algebraic_ring:prove:falcon_algebraic_ring:coordinates: bitz::piop::spartan::falcon512_algebraic::ring: close time.busy=3.42ms time.idle=301ns
2026-10-07T19:58:57.669090Z  INFO falcon_algebraic:prove:falcon_algebraic:ring:falcon_algebraic_ring:prove:spartan:grinding{bits=11}: bitz::piop::spartan::grinding: close time.busy=8.54µs time.idle=130ns
2026-10-07T19:58:57.687760Z  INFO falcon_algebraic:prove:falcon_algebraic:ring:falcon_algebraic_ring:prove:falcon_algebraic_ring:collapse: bitz::piop::spartan::falcon512_algebraic::ring: close time.busy=18.7ms time.idle=150ns
2026-10-07T19:58:57.687762Z  INFO falcon_algebraic:prove:falcon_algebraic:ring:falcon_algebraic_ring:prove: bitz::piop::spartan::falcon512_algebraic::ring: close time.busy=23.8ms time.idle=251ns
2026-10-07T19:58:57.687764Z  INFO falcon_algebraic:prove:falcon_algebraic:ring: bitz::piop::spartan::falcon512_algebraic::protocol: close time.busy=23.8ms time.idle=161ns
2026-10-07T19:58:57.687773Z  INFO falcon_algebraic:prove:falcon_algebraic:arithmetic:falcon_algebraic:norm:spartan:grinding{bits=11}: bitz::piop::spartan::grinding: close time.busy=6.31µs time.idle=110ns
2026-10-07T19:58:57.717148Z  INFO falcon_algebraic:prove:falcon_algebraic:arithmetic:falcon_algebraic:norm:spartan:round_grinding_prove:spartan:grinding{bits=14}: bitz::piop::spartan::grinding: close time.busy=23.1µs time.idle=110ns
2026-10-07T19:58:57.717151Z  INFO falcon_algebraic:prove:falcon_algebraic:arithmetic:falcon_algebraic:norm:spartan:round_grinding_prove: bitz::sumcheck::boundary: close time.busy=26.8µs time.idle=170ns
2026-10-07T19:58:57.728057Z  INFO falcon_algebraic:prove:falcon_algebraic:arithmetic:falcon_algebraic:norm:spartan:round_grinding_prove:spartan:grinding{bits=14}: bitz::piop::spartan::grinding: close time.busy=165µs time.idle=140ns
2026-10-07T19:58:57.728060Z  INFO falcon_algebraic:prove:falcon_algebraic:arithmetic:falcon_algebraic:norm:spartan:round_grinding_prove: bitz::sumcheck::boundary: close time.busy=168µs time.idle=161ns
2026-10-07T19:58:57.733226Z  INFO falcon_algebraic:prove:falcon_algebraic:arithmetic:falcon_algebraic:norm:spartan:round_grinding_prove:spartan:grinding{bits=14}: bitz::piop::spartan::grinding: close time.busy=39.7µs time.idle=120ns
2026-10-07T19:58:57.733228Z  INFO falcon_algebraic:prove:falcon_algebraic:arithmetic:falcon_algebraic:norm:spartan:round_grinding_prove: bitz::sumcheck::boundary: close time.busy=42.8µs time.idle=110ns
2026-10-07T19:58:57.735766Z  INFO falcon_algebraic:prove:falcon_algebraic:arithmetic:falcon_algebraic:norm:spartan:round_grinding_prove:spartan:grinding{bits=14}: bitz::piop::spartan::grinding: close time.busy=19.5µs time.idle=130ns
2026-10-07T19:58:57.735768Z  INFO falcon_algebraic:prove:falcon_algebraic:arithmetic:falcon_algebraic:norm:spartan:round_grinding_prove: bitz::sumcheck::boundary: close time.busy=22.4µs time.idle=130ns
2026-10-07T19:58:57.737154Z  INFO falcon_algebraic:prove:falcon_algebraic:arithmetic:falcon_algebraic:norm:spartan:round_grinding_prove:spartan:grinding{bits=14}: bitz::piop::spartan::grinding: close time.busy=111µs time.idle=120ns
2026-10-07T19:58:57.737156Z  INFO falcon_algebraic:prove:falcon_algebraic:arithmetic:falcon_algebraic:norm:spartan:round_grinding_prove: bitz::sumcheck::boundary: close time.busy=114µs time.idle=111ns
2026-10-07T19:58:57.737805Z  INFO falcon_algebraic:prove:falcon_algebraic:arithmetic:falcon_algebraic:norm:spartan:round_grinding_prove:spartan:grinding{bits=14}: bitz::piop::spartan::grinding: close time.busy=12.4µs time.idle=121ns
2026-10-07T19:58:57.737807Z  INFO falcon_algebraic:prove:falcon_algebraic:arithmetic:falcon_algebraic:norm:spartan:round_grinding_prove: bitz::sumcheck::boundary: close time.busy=15.0µs time.idle=130ns
2026-10-07T19:58:57.738175Z  INFO falcon_algebraic:prove:falcon_algebraic:arithmetic:falcon_algebraic:norm:spartan:round_grinding_prove:spartan:grinding{bits=14}: bitz::piop::spartan::grinding: close time.busy=44.6µs time.idle=110ns
2026-10-07T19:58:57.738177Z  INFO falcon_algebraic:prove:falcon_algebraic:arithmetic:falcon_algebraic:norm:spartan:round_grinding_prove: bitz::sumcheck::boundary: close time.busy=47.3µs time.idle=111ns
2026-10-07T19:58:57.738359Z  INFO falcon_algebraic:prove:falcon_algebraic:arithmetic:falcon_algebraic:norm:spartan:round_grinding_prove:spartan:grinding{bits=14}: bitz::piop::spartan::grinding: close time.busy=15.8µs time.idle=110ns
2026-10-07T19:58:57.738360Z  INFO falcon_algebraic:prove:falcon_algebraic:arithmetic:falcon_algebraic:norm:spartan:round_grinding_prove: bitz::sumcheck::boundary: close time.busy=18.2µs time.idle=131ns
2026-10-07T19:58:57.738452Z  INFO falcon_algebraic:prove:falcon_algebraic:arithmetic:falcon_algebraic:norm:spartan:round_grinding_prove:spartan:grinding{bits=14}: bitz::piop::spartan::grinding: close time.busy=6.21µs time.idle=111ns
2026-10-07T19:58:57.738453Z  INFO falcon_algebraic:prove:falcon_algebraic:arithmetic:falcon_algebraic:norm:spartan:round_grinding_prove: bitz::sumcheck::boundary: close time.busy=8.41µs time.idle=110ns
2026-10-07T19:58:57.738563Z  INFO falcon_algebraic:prove:falcon_algebraic:arithmetic:falcon_algebraic:norm:spartan:round_grinding_prove:spartan:grinding{bits=14}: bitz::piop::spartan::grinding: close time.busy=60.9µs time.idle=120ns
2026-10-07T19:58:57.738564Z  INFO falcon_algebraic:prove:falcon_algebraic:arithmetic:falcon_algebraic:norm:spartan:round_grinding_prove: bitz::sumcheck::boundary: close time.busy=62.9µs time.idle=110ns
2026-10-07T19:58:57.738598Z  INFO falcon_algebraic:prove:falcon_algebraic:arithmetic:falcon_algebraic:norm:spartan:round_grinding_prove:spartan:grinding{bits=14}: bitz::piop::spartan::grinding: close time.busy=5.91µs time.idle=120ns
2026-10-07T19:58:57.738599Z  INFO falcon_algebraic:prove:falcon_algebraic:arithmetic:falcon_algebraic:norm:spartan:round_grinding_prove: bitz::sumcheck::boundary: close time.busy=8.03µs time.idle=110ns
2026-10-07T19:58:57.738651Z  INFO falcon_algebraic:prove:falcon_algebraic:arithmetic:falcon_algebraic:norm:spartan:round_grinding_prove:spartan:grinding{bits=14}: bitz::piop::spartan::grinding: close time.busy=34.0µs time.idle=110ns
2026-10-07T19:58:57.738653Z  INFO falcon_algebraic:prove:falcon_algebraic:arithmetic:falcon_algebraic:norm:spartan:round_grinding_prove: bitz::sumcheck::boundary: close time.busy=37.0µs time.idle=110ns
2026-10-07T19:58:57.738679Z  INFO falcon_algebraic:prove:falcon_algebraic:arithmetic:falcon_algebraic:norm:spartan:round_grinding_prove:spartan:grinding{bits=14}: bitz::piop::spartan::grinding: close time.busy=13.6µs time.idle=120ns
2026-10-07T19:58:57.738681Z  INFO falcon_algebraic:prove:falcon_algebraic:arithmetic:falcon_algebraic:norm:spartan:round_grinding_prove: bitz::sumcheck::boundary: close time.busy=15.7µs time.idle=111ns
2026-10-07T19:58:57.738706Z  INFO falcon_algebraic:prove:falcon_algebraic:arithmetic:falcon_algebraic:norm:spartan:round_grinding_prove:spartan:grinding{bits=14}: bitz::piop::spartan::grinding: close time.busy=12.8µs time.idle=110ns
2026-10-07T19:58:57.738707Z  INFO falcon_algebraic:prove:falcon_algebraic:arithmetic:falcon_algebraic:norm:spartan:round_grinding_prove: bitz::sumcheck::boundary: close time.busy=14.9µs time.idle=110ns
2026-10-07T19:58:57.738725Z  INFO falcon_algebraic:prove:falcon_algebraic:arithmetic:falcon_algebraic:norm:spartan:round_grinding_prove:spartan:grinding{bits=14}: bitz::piop::spartan::grinding: close time.busy=8.09µs time.idle=120ns
2026-10-07T19:58:57.738727Z  INFO falcon_algebraic:prove:falcon_algebraic:arithmetic:falcon_algebraic:norm:spartan:round_grinding_prove: bitz::sumcheck::boundary: close time.busy=10.2µs time.idle=120ns
2026-10-07T19:58:57.738778Z  INFO falcon_algebraic:prove:falcon_algebraic:arithmetic:falcon_algebraic:norm:spartan:round_grinding_prove:spartan:grinding{bits=14}: bitz::piop::spartan::grinding: close time.busy=43.4µs time.idle=110ns
2026-10-07T19:58:57.738779Z  INFO falcon_algebraic:prove:falcon_algebraic:arithmetic:falcon_algebraic:norm:spartan:round_grinding_prove: bitz::sumcheck::boundary: close time.busy=45.4µs time.idle=100ns
2026-10-07T19:58:57.738830Z  INFO falcon_algebraic:prove:falcon_algebraic:arithmetic:falcon_algebraic:norm:spartan:round_grinding_prove:spartan:grinding{bits=14}: bitz::piop::spartan::grinding: close time.busy=42.0µs time.idle=120ns
2026-10-07T19:58:57.738831Z  INFO falcon_algebraic:prove:falcon_algebraic:arithmetic:falcon_algebraic:norm:spartan:round_grinding_prove: bitz::sumcheck::boundary: close time.busy=44.2µs time.idle=111ns
2026-10-07T19:58:57.738851Z  INFO falcon_algebraic:prove:falcon_algebraic:arithmetic:falcon_algebraic:norm:spartan:round_grinding_prove:spartan:grinding{bits=14}: bitz::piop::spartan::grinding: close time.busy=9.79µs time.idle=121ns
2026-10-07T19:58:57.738852Z  INFO falcon_algebraic:prove:falcon_algebraic:arithmetic:falcon_algebraic:norm:spartan:round_grinding_prove: bitz::sumcheck::boundary: close time.busy=11.8µs time.idle=111ns
2026-10-07T19:58:57.738896Z  INFO falcon_algebraic:prove:falcon_algebraic:arithmetic:falcon_algebraic:norm:spartan:round_grinding_prove:spartan:grinding{bits=14}: bitz::piop::spartan::grinding: close time.busy=35.4µs time.idle=112ns
2026-10-07T19:58:57.738897Z  INFO falcon_algebraic:prove:falcon_algebraic:arithmetic:falcon_algebraic:norm:spartan:round_grinding_prove: bitz::sumcheck::boundary: close time.busy=37.5µs time.idle=120ns
2026-10-07T19:58:57.738905Z  INFO falcon_algebraic:prove:falcon_algebraic:arithmetic:falcon_algebraic:norm: bitz::piop::spartan::falcon512_algebraic::arithmetic: close time.busy=51.1ms time.idle=151ns
2026-10-07T19:58:57.738909Z  INFO falcon_algebraic:prove:falcon_algebraic:arithmetic:falcon_algebraic:binding:spartan:grinding{bits=10}: bitz::piop::spartan::grinding: close time.busy=832ns time.idle=100ns
2026-10-07T19:58:57.785058Z  INFO falcon_algebraic:prove:falcon_algebraic:arithmetic:falcon_algebraic:binding:inner_packed:prefix_accumulators: bitz::sumcheck::inner::packed::state: close time.busy=37.4ms time.idle=160ns
2026-10-07T19:58:57.785067Z  INFO falcon_algebraic:prove:falcon_algebraic:arithmetic:falcon_algebraic:binding:spartan:round_grinding_prove:spartan:grinding{bits=13}: bitz::piop::spartan::grinding: close time.busy=2.41µs time.idle=120ns
2026-10-07T19:58:57.785068Z  INFO falcon_algebraic:prove:falcon_algebraic:arithmetic:falcon_algebraic:binding:spartan:round_grinding_prove: bitz::sumcheck::boundary: close time.busy=5.10µs time.idle=140ns
2026-10-07T19:58:57.785092Z  INFO falcon_algebraic:prove:falcon_algebraic:arithmetic:falcon_algebraic:binding:spartan:round_grinding_prove:spartan:grinding{bits=13}: bitz::piop::spartan::grinding: close time.busy=19.4µs time.idle=110ns
2026-10-07T19:58:57.785094Z  INFO falcon_algebraic:prove:falcon_algebraic:arithmetic:falcon_algebraic:binding:spartan:round_grinding_prove: bitz::sumcheck::boundary: close time.busy=21.5µs time.idle=131ns
2026-10-07T19:58:57.785106Z  INFO falcon_algebraic:prove:falcon_algebraic:arithmetic:falcon_algebraic:binding:spartan:round_grinding_prove:spartan:grinding{bits=13}: bitz::piop::spartan::grinding: close time.busy=7.46µs time.idle=121ns
2026-10-07T19:58:57.785107Z  INFO falcon_algebraic:prove:falcon_algebraic:arithmetic:falcon_algebraic:binding:spartan:round_grinding_prove: bitz::sumcheck::boundary: close time.busy=9.66µs time.idle=120ns
2026-10-07T19:58:57.826535Z  INFO falcon_algebraic:prove:falcon_algebraic:arithmetic:falcon_algebraic:binding:inner_packed:prepare_tail: bitz::sumcheck::inner::packed::state: close time.busy=41.4ms time.idle=230ns
2026-10-07T19:58:57.826555Z  INFO falcon_algebraic:prove:falcon_algebraic:arithmetic:falcon_algebraic:binding:spartan:round_grinding_prove:spartan:grinding{bits=13}: bitz::piop::spartan::grinding: close time.busy=15.8µs time.idle=131ns
2026-10-07T19:58:57.826557Z  INFO falcon_algebraic:prove:falcon_algebraic:arithmetic:falcon_algebraic:binding:spartan:round_grinding_prove: bitz::sumcheck::boundary: close time.busy=18.5µs time.idle=201ns
2026-10-07T19:58:57.849681Z  INFO falcon_algebraic:prove:falcon_algebraic:arithmetic:falcon_algebraic:binding:inner_packed:fold_tail{round=3}: bitz::sumcheck::inner::packed::state: close time.busy=23.1ms time.idle=141ns
2026-10-07T19:58:57.849720Z  INFO falcon_algebraic:prove:falcon_algebraic:arithmetic:falcon_algebraic:binding:spartan:round_grinding_prove:spartan:grinding{bits=13}: bitz::piop::spartan::grinding: close time.busy=34.8µs time.idle=130ns
2026-10-07T19:58:57.849722Z  INFO falcon_algebraic:prove:falcon_algebraic:arithmetic:falcon_algebraic:binding:spartan:round_grinding_prove: bitz::sumcheck::boundary: close time.busy=37.5µs time.idle=180ns
2026-10-07T19:58:57.859551Z  INFO falcon_algebraic:prove:falcon_algebraic:arithmetic:falcon_algebraic:binding:inner_packed:fold_tail{round=4}: bitz::sumcheck::inner::packed::state: close time.busy=9.83ms time.idle=120ns
2026-10-07T19:58:57.859573Z  INFO falcon_algebraic:prove:falcon_algebraic:arithmetic:falcon_algebraic:binding:spartan:round_grinding_prove:spartan:grinding{bits=13}: bitz::piop::spartan::grinding: close time.busy=17.9µs time.idle=110ns
2026-10-07T19:58:57.859575Z  INFO falcon_algebraic:prove:falcon_algebraic:arithmetic:falcon_algebraic:binding:spartan:round_grinding_prove: bitz::sumcheck::boundary: close time.busy=20.7µs time.idle=180ns
2026-10-07T19:58:57.864536Z  INFO falcon_algebraic:prove:falcon_algebraic:arithmetic:falcon_algebraic:binding:inner_packed:fold_tail{round=5}: bitz::sumcheck::inner::packed::state: close time.busy=4.96ms time.idle=121ns
2026-10-07T19:58:57.864565Z  INFO falcon_algebraic:prove:falcon_algebraic:arithmetic:falcon_algebraic:binding:spartan:round_grinding_prove:spartan:grinding{bits=13}: bitz::piop::spartan::grinding: close time.busy=26.2µs time.idle=120ns
2026-10-07T19:58:57.864567Z  INFO falcon_algebraic:prove:falcon_algebraic:arithmetic:falcon_algebraic:binding:spartan:round_grinding_prove: bitz::sumcheck::boundary: close time.busy=28.6µs time.idle=150ns
2026-10-07T19:58:57.867475Z  INFO falcon_algebraic:prove:falcon_algebraic:arithmetic:falcon_algebraic:binding:inner_packed:fold_tail{round=6}: bitz::sumcheck::inner::packed::state: close time.busy=2.90ms time.idle=120ns
2026-10-07T19:58:57.867517Z  INFO falcon_algebraic:prove:falcon_algebraic:arithmetic:falcon_algebraic:binding:spartan:round_grinding_prove:spartan:grinding{bits=13}: bitz::piop::spartan::grinding: close time.busy=37.5µs time.idle=121ns
2026-10-07T19:58:57.867518Z  INFO falcon_algebraic:prove:falcon_algebraic:arithmetic:falcon_algebraic:binding:spartan:round_grinding_prove: bitz::sumcheck::boundary: close time.busy=39.7µs time.idle=110ns
2026-10-07T19:58:57.868779Z  INFO falcon_algebraic:prove:falcon_algebraic:arithmetic:falcon_algebraic:binding:inner_packed:fold_tail{round=7}: bitz::sumcheck::inner::packed::state: close time.busy=1.26ms time.idle=160ns
2026-10-07T19:58:57.868845Z  INFO falcon_algebraic:prove:falcon_algebraic:arithmetic:falcon_algebraic:binding:spartan:round_grinding_prove:spartan:grinding{bits=13}: bitz::piop::spartan::grinding: close time.busy=63.1µs time.idle=121ns
2026-10-07T19:58:57.868847Z  INFO falcon_algebraic:prove:falcon_algebraic:arithmetic:falcon_algebraic:binding:spartan:round_grinding_prove: bitz::sumcheck::boundary: close time.busy=65.4µs time.idle=110ns
2026-10-07T19:58:57.869497Z  INFO falcon_algebraic:prove:falcon_algebraic:arithmetic:falcon_algebraic:binding:inner_packed:fold_tail{round=8}: bitz::sumcheck::inner::packed::state: close time.busy=645µs time.idle=120ns
2026-10-07T19:58:57.869521Z  INFO falcon_algebraic:prove:falcon_algebraic:arithmetic:falcon_algebraic:binding:spartan:round_grinding_prove:spartan:grinding{bits=13}: bitz::piop::spartan::grinding: close time.busy=21.2µs time.idle=110ns
2026-10-07T19:58:57.869522Z  INFO falcon_algebraic:prove:falcon_algebraic:arithmetic:falcon_algebraic:binding:spartan:round_grinding_prove: bitz::sumcheck::boundary: close time.busy=23.4µs time.idle=120ns
2026-10-07T19:58:57.869856Z  INFO falcon_algebraic:prove:falcon_algebraic:arithmetic:falcon_algebraic:binding:inner_packed:fold_tail{round=9}: bitz::sumcheck::inner::packed::state: close time.busy=331µs time.idle=120ns
2026-10-07T19:58:57.869916Z  INFO falcon_algebraic:prove:falcon_algebraic:arithmetic:falcon_algebraic:binding:spartan:round_grinding_prove:spartan:grinding{bits=13}: bitz::piop::spartan::grinding: close time.busy=57.1µs time.idle=120ns
2026-10-07T19:58:57.869917Z  INFO falcon_algebraic:prove:falcon_algebraic:arithmetic:falcon_algebraic:binding:spartan:round_grinding_prove: bitz::sumcheck::boundary: close time.busy=59.3µs time.idle=110ns
2026-10-07T19:58:57.870090Z  INFO falcon_algebraic:prove:falcon_algebraic:arithmetic:falcon_algebraic:binding:inner_packed:fold_tail{round=10}: bitz::sumcheck::inner::packed::state: close time.busy=171µs time.idle=141ns
2026-10-07T19:58:57.870124Z  INFO falcon_algebraic:prove:falcon_algebraic:arithmetic:falcon_algebraic:binding:spartan:round_grinding_prove:spartan:grinding{bits=13}: bitz::piop::spartan::grinding: close time.busy=30.9µs time.idle=120ns
2026-10-07T19:58:57.870125Z  INFO falcon_algebraic:prove:falcon_algebraic:arithmetic:falcon_algebraic:binding:spartan:round_grinding_prove: bitz::sumcheck::boundary: close time.busy=33.1µs time.idle=111ns
2026-10-07T19:58:57.870215Z  INFO falcon_algebraic:prove:falcon_algebraic:arithmetic:falcon_algebraic:binding:inner_packed:fold_tail{round=11}: bitz::sumcheck::inner::packed::state: close time.busy=87.2µs time.idle=120ns
2026-10-07T19:58:57.870249Z  INFO falcon_algebraic:prove:falcon_algebraic:arithmetic:falcon_algebraic:binding:spartan:round_grinding_prove:spartan:grinding{bits=13}: bitz::piop::spartan::grinding: close time.busy=31.6µs time.idle=110ns
2026-10-07T19:58:57.870250Z  INFO falcon_algebraic:prove:falcon_algebraic:arithmetic:falcon_algebraic:binding:spartan:round_grinding_prove: bitz::sumcheck::boundary: close time.busy=33.7µs time.idle=110ns
2026-10-07T19:58:57.870298Z  INFO falcon_algebraic:prove:falcon_algebraic:arithmetic:falcon_algebraic:binding:inner_packed:fold_tail{round=12}: bitz::sumcheck::inner::packed::state: close time.busy=44.2µs time.idle=120ns
2026-10-07T19:58:57.870343Z  INFO falcon_algebraic:prove:falcon_algebraic:arithmetic:falcon_algebraic:binding:spartan:round_grinding_prove:spartan:grinding{bits=13}: bitz::piop::spartan::grinding: close time.busy=41.6µs time.idle=111ns
2026-10-07T19:58:57.870344Z  INFO falcon_algebraic:prove:falcon_algebraic:arithmetic:falcon_algebraic:binding:spartan:round_grinding_prove: bitz::sumcheck::boundary: close time.busy=43.8µs time.idle=110ns
2026-10-07T19:58:57.870370Z  INFO falcon_algebraic:prove:falcon_algebraic:arithmetic:falcon_algebraic:binding:inner_packed:fold_tail{round=13}: bitz::sumcheck::inner::packed::state: close time.busy=22.1µs time.idle=120ns
2026-10-07T19:58:57.870429Z  INFO falcon_algebraic:prove:falcon_algebraic:arithmetic:falcon_algebraic:binding:spartan:round_grinding_prove:spartan:grinding{bits=13}: bitz::piop::spartan::grinding: close time.busy=57.4µs time.idle=120ns
2026-10-07T19:58:57.870431Z  INFO falcon_algebraic:prove:falcon_algebraic:arithmetic:falcon_algebraic:binding:spartan:round_grinding_prove: bitz::sumcheck::boundary: close time.busy=59.5µs time.idle=120ns
2026-10-07T19:58:57.870444Z  INFO falcon_algebraic:prove:falcon_algebraic:arithmetic:falcon_algebraic:binding:inner_packed:fold_tail{round=14}: bitz::sumcheck::inner::packed::state: close time.busy=11.2µs time.idle=120ns
2026-10-07T19:58:57.870481Z  INFO falcon_algebraic:prove:falcon_algebraic:arithmetic:falcon_algebraic:binding:spartan:round_grinding_prove:spartan:grinding{bits=13}: bitz::piop::spartan::grinding: close time.busy=34.4µs time.idle=121ns
2026-10-07T19:58:57.870482Z  INFO falcon_algebraic:prove:falcon_algebraic:arithmetic:falcon_algebraic:binding:spartan:round_grinding_prove: bitz::sumcheck::boundary: close time.busy=36.6µs time.idle=110ns
2026-10-07T19:58:57.870490Z  INFO falcon_algebraic:prove:falcon_algebraic:arithmetic:falcon_algebraic:binding:inner_packed:fold_tail{round=15}: bitz::sumcheck::inner::packed::state: close time.busy=5.39µs time.idle=110ns
2026-10-07T19:58:57.870507Z  INFO falcon_algebraic:prove:falcon_algebraic:arithmetic:falcon_algebraic:binding:spartan:round_grinding_prove:spartan:grinding{bits=13}: bitz::piop::spartan::grinding: close time.busy=14.7µs time.idle=120ns
2026-10-07T19:58:57.870509Z  INFO falcon_algebraic:prove:falcon_algebraic:arithmetic:falcon_algebraic:binding:spartan:round_grinding_prove: bitz::sumcheck::boundary: close time.busy=16.9µs time.idle=120ns
2026-10-07T19:58:57.870514Z  INFO falcon_algebraic:prove:falcon_algebraic:arithmetic:falcon_algebraic:binding:inner_packed:fold_tail{round=16}: bitz::sumcheck::inner::packed::state: close time.busy=2.67µs time.idle=110ns
2026-10-07T19:58:57.870533Z  INFO falcon_algebraic:prove:falcon_algebraic:arithmetic:falcon_algebraic:binding:spartan:round_grinding_prove:spartan:grinding{bits=13}: bitz::piop::spartan::grinding: close time.busy=16.8µs time.idle=110ns
2026-10-07T19:58:57.870534Z  INFO falcon_algebraic:prove:falcon_algebraic:arithmetic:falcon_algebraic:binding:spartan:round_grinding_prove: bitz::sumcheck::boundary: close time.busy=18.9µs time.idle=100ns
2026-10-07T19:58:57.870540Z  INFO falcon_algebraic:prove:falcon_algebraic:arithmetic:falcon_algebraic:binding:inner_packed:fold_tail{round=17}: bitz::sumcheck::inner::packed::state: close time.busy=1.38µs time.idle=120ns
2026-10-07T19:58:57.870560Z  INFO falcon_algebraic:prove:falcon_algebraic:arithmetic:falcon_algebraic:binding:spartan:round_grinding_prove:spartan:grinding{bits=13}: bitz::piop::spartan::grinding: close time.busy=17.2µs time.idle=110ns
2026-10-07T19:58:57.870561Z  INFO falcon_algebraic:prove:falcon_algebraic:arithmetic:falcon_algebraic:binding:spartan:round_grinding_prove: bitz::sumcheck::boundary: close time.busy=19.5µs time.idle=112ns
2026-10-07T19:58:57.870564Z  INFO falcon_algebraic:prove:falcon_algebraic:arithmetic:falcon_algebraic:binding:inner_packed:fold_tail{round=18}: bitz::sumcheck::inner::packed::state: close time.busy=761ns time.idle=140ns
2026-10-07T19:58:57.870573Z  INFO falcon_algebraic:prove:falcon_algebraic:arithmetic:falcon_algebraic:binding:spartan:round_grinding_prove:spartan:grinding{bits=13}: bitz::piop::spartan::grinding: close time.busy=6.58µs time.idle=120ns
2026-10-07T19:58:57.870575Z  INFO falcon_algebraic:prove:falcon_algebraic:arithmetic:falcon_algebraic:binding:spartan:round_grinding_prove: bitz::sumcheck::boundary: close time.busy=8.90µs time.idle=120ns
2026-10-07T19:58:57.870577Z  INFO falcon_algebraic:prove:falcon_algebraic:arithmetic:falcon_algebraic:binding:inner_packed:fold_tail{round=19}: bitz::sumcheck::inner::packed::state: close time.busy=451ns time.idle=110ns
2026-10-07T19:58:57.870646Z  INFO falcon_algebraic:prove:falcon_algebraic:arithmetic:falcon_algebraic:binding:spartan:round_grinding_prove:spartan:grinding{bits=13}: bitz::piop::spartan::grinding: close time.busy=66.6µs time.idle=121ns
2026-10-07T19:58:57.870647Z  INFO falcon_algebraic:prove:falcon_algebraic:arithmetic:falcon_algebraic:binding:spartan:round_grinding_prove: bitz::sumcheck::boundary: close time.busy=68.6µs time.idle=120ns
2026-10-07T19:58:57.870649Z  INFO falcon_algebraic:prove:falcon_algebraic:arithmetic:falcon_algebraic:binding:inner_packed:fold_tail{round=20}: bitz::sumcheck::inner::packed::state: close time.busy=280ns time.idle=120ns
2026-10-07T19:58:57.870657Z  INFO falcon_algebraic:prove:falcon_algebraic:arithmetic:falcon_algebraic:binding:spartan:round_grinding_prove:spartan:grinding{bits=13}: bitz::piop::spartan::grinding: close time.busy=5.43µs time.idle=121ns
2026-10-07T19:58:57.870658Z  INFO falcon_algebraic:prove:falcon_algebraic:arithmetic:falcon_algebraic:binding:spartan:round_grinding_prove: bitz::sumcheck::boundary: close time.busy=7.36µs time.idle=120ns
2026-10-07T19:58:57.870660Z  INFO falcon_algebraic:prove:falcon_algebraic:arithmetic:falcon_algebraic:binding:inner_packed:fold_tail{round=21}: bitz::sumcheck::inner::packed::state: close time.busy=190ns time.idle=110ns
2026-10-07T19:58:57.870709Z  INFO falcon_algebraic:prove:falcon_algebraic:arithmetic:falcon_algebraic:binding:spartan:round_grinding_prove:spartan:grinding{bits=13}: bitz::piop::spartan::grinding: close time.busy=46.3µs time.idle=192ns
2026-10-07T19:58:57.870710Z  INFO falcon_algebraic:prove:falcon_algebraic:arithmetic:falcon_algebraic:binding:spartan:round_grinding_prove: bitz::sumcheck::boundary: close time.busy=48.3µs time.idle=110ns
2026-10-07T19:58:57.870712Z  INFO falcon_algebraic:prove:falcon_algebraic:arithmetic:falcon_algebraic:binding:inner_packed:fold_tail{round=22}: bitz::sumcheck::inner::packed::state: close time.busy=131ns time.idle=110ns
2026-10-07T19:58:57.870723Z  INFO falcon_algebraic:prove:falcon_algebraic:arithmetic:falcon_algebraic:binding:spartan:round_grinding_prove:spartan:grinding{bits=13}: bitz::piop::spartan::grinding: close time.busy=8.32µs time.idle=121ns
2026-10-07T19:58:57.870724Z  INFO falcon_algebraic:prove:falcon_algebraic:arithmetic:falcon_algebraic:binding:spartan:round_grinding_prove: bitz::sumcheck::boundary: close time.busy=10.4µs time.idle=110ns
2026-10-07T19:58:57.870727Z  INFO falcon_algebraic:prove:falcon_algebraic:arithmetic:falcon_algebraic:binding:inner_packed:fold_tail{round=23}: bitz::sumcheck::inner::packed::state: close time.busy=541ns time.idle=110ns
2026-10-07T19:58:57.877544Z  INFO falcon_algebraic:prove:falcon_algebraic:arithmetic:falcon_algebraic:binding: bitz::piop::spartan::falcon512_algebraic::arithmetic: close time.busy=139ms time.idle=140ns
2026-10-07T19:58:57.877547Z  INFO falcon_algebraic:prove:falcon_algebraic:arithmetic: bitz::piop::spartan::falcon512_algebraic::protocol: close time.busy=190ms time.idle=151ns
2026-10-07T19:58:57.880200Z  INFO falcon_algebraic:prove:falcon_algebraic:bitz:falcon_bridge:integer_folds: bitz::hybrid::integer_bridge: close time.busy=2.61ms time.idle=140ns
2026-10-07T19:58:57.881247Z  INFO falcon_algebraic:prove:falcon_algebraic:bitz:falcon_bridge:column_packing: bitz::hybrid::integer_bridge: close time.busy=849µs time.idle=170ns
2026-10-07T19:58:57.881626Z  INFO falcon_algebraic:prove:falcon_algebraic:bitz:falcon_bridge:power_tables: bitz::hybrid::integer_bridge: close time.busy=376µs time.idle=150ns
2026-10-07T19:58:57.881639Z  INFO falcon_algebraic:prove:falcon_algebraic:bitz:spartan:grinding{bits=14}: bitz::piop::spartan::grinding: close time.busy=9.14µs time.idle=110ns
2026-10-07T19:58:57.889648Z  INFO falcon_algebraic:prove:falcon_algebraic:bitz:falcon_bridge:wfbitz_forest:spartan:grinding{bits=14}: bitz::piop::spartan::grinding: close time.busy=40.8µs time.idle=120ns
2026-10-07T19:58:57.889824Z  INFO falcon_algebraic:prove:falcon_algebraic:bitz:falcon_bridge:wfbitz_forest:spartan:grinding{bits=14}: bitz::piop::spartan::grinding: close time.busy=164µs time.idle=120ns
2026-10-07T19:58:57.889883Z  INFO falcon_algebraic:prove:falcon_algebraic:bitz:falcon_bridge:wfbitz_forest:spartan:grinding{bits=14}: bitz::piop::spartan::grinding: close time.busy=53.0µs time.idle=110ns
2026-10-07T19:58:57.889921Z  INFO falcon_algebraic:prove:falcon_algebraic:bitz:falcon_bridge:wfbitz_forest:spartan:grinding{bits=14}: bitz::piop::spartan::grinding: close time.busy=33.9µs time.idle=110ns
2026-10-07T19:58:57.890084Z  INFO falcon_algebraic:prove:falcon_algebraic:bitz:falcon_bridge:wfbitz_forest:spartan:grinding{bits=14}: bitz::piop::spartan::grinding: close time.busy=159µs time.idle=130ns
2026-10-07T19:58:57.890292Z  INFO falcon_algebraic:prove:falcon_algebraic:bitz:falcon_bridge:wfbitz_forest:spartan:grinding{bits=14}: bitz::piop::spartan::grinding: close time.busy=205µs time.idle=120ns
2026-10-07T19:58:57.890366Z  INFO falcon_algebraic:prove:falcon_algebraic:bitz:falcon_bridge:wfbitz_forest:spartan:grinding{bits=14}: bitz::piop::spartan::grinding: close time.busy=70.8µs time.idle=120ns
2026-10-07T19:58:57.890399Z  INFO falcon_algebraic:prove:falcon_algebraic:bitz:falcon_bridge:wfbitz_forest:spartan:grinding{bits=14}: bitz::piop::spartan::grinding: close time.busy=30.8µs time.idle=111ns
2026-10-07T19:58:57.890407Z  INFO falcon_algebraic:prove:falcon_algebraic:bitz:falcon_bridge:wfbitz_forest:spartan:grinding{bits=14}: bitz::piop::spartan::grinding: close time.busy=4.39µs time.idle=120ns
2026-10-07T19:58:57.890415Z  INFO falcon_algebraic:prove:falcon_algebraic:bitz:falcon_bridge:wfbitz_forest:spartan:grinding{bits=14}: bitz::piop::spartan::grinding: close time.busy=5.67µs time.idle=110ns
2026-10-07T19:58:57.890506Z  INFO falcon_algebraic:prove:falcon_algebraic:bitz:falcon_bridge:wfbitz_forest:spartan:grinding{bits=14}: bitz::piop::spartan::grinding: close time.busy=87.3µs time.idle=121ns
2026-10-07T19:58:57.890546Z  INFO falcon_algebraic:prove:falcon_algebraic:bitz:falcon_bridge:wfbitz_forest:spartan:grinding{bits=14}: bitz::piop::spartan::grinding: close time.busy=36.5µs time.idle=121ns
2026-10-07T19:58:57.890613Z  INFO falcon_algebraic:prove:falcon_algebraic:bitz:falcon_bridge:wfbitz_forest:spartan:grinding{bits=14}: bitz::piop::spartan::grinding: close time.busy=65.0µs time.idle=110ns
2026-10-07T19:58:57.890697Z  INFO falcon_algebraic:prove:falcon_algebraic:bitz:falcon_bridge:wfbitz_forest:spartan:grinding{bits=14}: bitz::piop::spartan::grinding: close time.busy=66.2µs time.idle=110ns
2026-10-07T19:58:57.890761Z  INFO falcon_algebraic:prove:falcon_algebraic:bitz:falcon_bridge:wfbitz_forest:spartan:grinding{bits=14}: bitz::piop::spartan::grinding: close time.busy=54.7µs time.idle=111ns
2026-10-07T19:58:57.890831Z  INFO falcon_algebraic:prove:falcon_algebraic:bitz:falcon_bridge:wfbitz_forest:spartan:grinding{bits=14}: bitz::piop::spartan::grinding: close time.busy=61.7µs time.idle=120ns
2026-10-07T19:58:57.890974Z  INFO falcon_algebraic:prove:falcon_algebraic:bitz:falcon_bridge:wfbitz_forest:spartan:grinding{bits=14}: bitz::piop::spartan::grinding: close time.busy=138µs time.idle=120ns
2026-10-07T19:58:57.891018Z  INFO falcon_algebraic:prove:falcon_algebraic:bitz:falcon_bridge:wfbitz_forest:spartan:grinding{bits=14}: bitz::piop::spartan::grinding: close time.busy=39.7µs time.idle=120ns
2026-10-07T19:58:57.891026Z  INFO falcon_algebraic:prove:falcon_algebraic:bitz:falcon_bridge:wfbitz_forest:spartan:grinding{bits=14}: bitz::piop::spartan::grinding: close time.busy=4.28µs time.idle=110ns
2026-10-07T19:58:57.891098Z  INFO falcon_algebraic:prove:falcon_algebraic:bitz:falcon_bridge:wfbitz_forest:spartan:grinding{bits=14}: bitz::piop::spartan::grinding: close time.busy=67.2µs time.idle=121ns
2026-10-07T19:58:57.891123Z  INFO falcon_algebraic:prove:falcon_algebraic:bitz:falcon_bridge:wfbitz_forest:spartan:grinding{bits=14}: bitz::piop::spartan::grinding: close time.busy=22.8µs time.idle=120ns
2026-10-07T19:58:57.891137Z  INFO falcon_algebraic:prove:falcon_algebraic:bitz:falcon_bridge:wfbitz_forest:spartan:grinding{bits=14}: bitz::piop::spartan::grinding: close time.busy=11.3µs time.idle=120ns
2026-10-07T19:58:57.891166Z  INFO falcon_algebraic:prove:falcon_algebraic:bitz:falcon_bridge:wfbitz_forest:spartan:grinding{bits=14}: bitz::piop::spartan::grinding: close time.busy=25.4µs time.idle=110ns
2026-10-07T19:58:57.891178Z  INFO falcon_algebraic:prove:falcon_algebraic:bitz:falcon_bridge:wfbitz_forest:spartan:grinding{bits=14}: bitz::piop::spartan::grinding: close time.busy=9.66µs time.idle=121ns
2026-10-07T19:58:57.891198Z  INFO falcon_algebraic:prove:falcon_algebraic:bitz:falcon_bridge:wfbitz_forest:spartan:grinding{bits=14}: bitz::piop::spartan::grinding: close time.busy=16.6µs time.idle=120ns
2026-10-07T19:58:57.891253Z  INFO falcon_algebraic:prove:falcon_algebraic:bitz:falcon_bridge:wfbitz_forest:spartan:grinding{bits=14}: bitz::piop::spartan::grinding: close time.busy=53.0µs time.idle=110ns
2026-10-07T19:58:57.891306Z  INFO falcon_algebraic:prove:falcon_algebraic:bitz:falcon_bridge:wfbitz_forest:spartan:grinding{bits=14}: bitz::piop::spartan::grinding: close time.busy=50.1µs time.idle=120ns
2026-10-07T19:58:57.891431Z  INFO falcon_algebraic:prove:falcon_algebraic:bitz:falcon_bridge:wfbitz_forest:spartan:grinding{bits=14}: bitz::piop::spartan::grinding: close time.busy=101µs time.idle=130ns
2026-10-07T19:58:57.891460Z  INFO falcon_algebraic:prove:falcon_algebraic:bitz:falcon_bridge:wfbitz_forest:spartan:grinding{bits=14}: bitz::piop::spartan::grinding: close time.busy=7.58µs time.idle=120ns
2026-10-07T19:58:57.891492Z  INFO falcon_algebraic:prove:falcon_algebraic:bitz:falcon_bridge:wfbitz_forest:spartan:grinding{bits=14}: bitz::piop::spartan::grinding: close time.busy=23.4µs time.idle=110ns
2026-10-07T19:58:57.891519Z  INFO falcon_algebraic:prove:falcon_algebraic:bitz:falcon_bridge:wfbitz_forest:spartan:grinding{bits=14}: bitz::piop::spartan::grinding: close time.busy=10.2µs time.idle=120ns
2026-10-07T19:58:57.891608Z  INFO falcon_algebraic:prove:falcon_algebraic:bitz:falcon_bridge:wfbitz_forest:spartan:grinding{bits=14}: bitz::piop::spartan::grinding: close time.busy=83.2µs time.idle=110ns
2026-10-07T19:58:57.891663Z  INFO falcon_algebraic:prove:falcon_algebraic:bitz:falcon_bridge:wfbitz_forest:spartan:grinding{bits=14}: bitz::piop::spartan::grinding: close time.busy=50.9µs time.idle=110ns
2026-10-07T19:58:57.891673Z  INFO falcon_algebraic:prove:falcon_algebraic:bitz:falcon_bridge:wfbitz_forest:spartan:grinding{bits=14}: bitz::piop::spartan::grinding: close time.busy=6.47µs time.idle=121ns
2026-10-07T19:58:57.891743Z  INFO falcon_algebraic:prove:falcon_algebraic:bitz:falcon_bridge:wfbitz_forest:spartan:grinding{bits=14}: bitz::piop::spartan::grinding: close time.busy=66.8µs time.idle=150ns
2026-10-07T19:58:57.891832Z  INFO falcon_algebraic:prove:falcon_algebraic:bitz:falcon_bridge:wfbitz_forest:spartan:grinding{bits=14}: bitz::piop::spartan::grinding: close time.busy=86.4µs time.idle=130ns
2026-10-07T19:58:57.891843Z  INFO falcon_algebraic:prove:falcon_algebraic:bitz:falcon_bridge:wfbitz_forest:spartan:grinding{bits=14}: bitz::piop::spartan::grinding: close time.busy=8.14µs time.idle=110ns
2026-10-07T19:58:57.891882Z  INFO falcon_algebraic:prove:falcon_algebraic:bitz:falcon_bridge:wfbitz_forest:spartan:grinding{bits=14}: bitz::piop::spartan::grinding: close time.busy=35.6µs time.idle=120ns
2026-10-07T19:58:57.891932Z  INFO falcon_algebraic:prove:falcon_algebraic:bitz:falcon_bridge:wfbitz_forest:spartan:grinding{bits=14}: bitz::piop::spartan::grinding: close time.busy=47.6µs time.idle=130ns
2026-10-07T19:58:57.891983Z  INFO falcon_algebraic:prove:falcon_algebraic:bitz:falcon_bridge:wfbitz_forest:spartan:grinding{bits=14}: bitz::piop::spartan::grinding: close time.busy=47.2µs time.idle=120ns
2026-10-07T19:58:57.891996Z  INFO falcon_algebraic:prove:falcon_algebraic:bitz:falcon_bridge:wfbitz_forest:spartan:grinding{bits=14}: bitz::piop::spartan::grinding: close time.busy=10.3µs time.idle=111ns
2026-10-07T19:58:57.892020Z  INFO falcon_algebraic:prove:falcon_algebraic:bitz:falcon_bridge:wfbitz_forest:spartan:grinding{bits=14}: bitz::piop::spartan::grinding: close time.busy=21.0µs time.idle=110ns
2026-10-07T19:58:57.892223Z  INFO falcon_algebraic:prove:falcon_algebraic:bitz:falcon_bridge:wfbitz_forest:spartan:grinding{bits=14}: bitz::piop::spartan::grinding: close time.busy=164µs time.idle=121ns
2026-10-07T19:58:57.892270Z  INFO falcon_algebraic:prove:falcon_algebraic:bitz:falcon_bridge:wfbitz_forest:spartan:grinding{bits=14}: bitz::piop::spartan::grinding: close time.busy=11.4µs time.idle=130ns
2026-10-07T19:58:57.892356Z  INFO falcon_algebraic:prove:falcon_algebraic:bitz:falcon_bridge:wfbitz_forest:spartan:grinding{bits=14}: bitz::piop::spartan::grinding: close time.busy=69.2µs time.idle=120ns
2026-10-07T19:58:57.892382Z  INFO falcon_algebraic:prove:falcon_algebraic:bitz:falcon_bridge:wfbitz_forest:spartan:grinding{bits=14}: bitz::piop::spartan::grinding: close time.busy=18.4µs time.idle=120ns
2026-10-07T19:58:57.892508Z  INFO falcon_algebraic:prove:falcon_algebraic:bitz:falcon_bridge:wfbitz_forest:spartan:grinding{bits=14}: bitz::piop::spartan::grinding: close time.busy=110µs time.idle=110ns
2026-10-07T19:58:57.892529Z  INFO falcon_algebraic:prove:falcon_algebraic:bitz:falcon_bridge:wfbitz_forest:spartan:grinding{bits=14}: bitz::piop::spartan::grinding: close time.busy=15.5µs time.idle=121ns
2026-10-07T19:58:57.892548Z  INFO falcon_algebraic:prove:falcon_algebraic:bitz:falcon_bridge:wfbitz_forest:spartan:grinding{bits=14}: bitz::piop::spartan::grinding: close time.busy=14.7µs time.idle=120ns
2026-10-07T19:58:57.892635Z  INFO falcon_algebraic:prove:falcon_algebraic:bitz:falcon_bridge:wfbitz_forest:spartan:grinding{bits=14}: bitz::piop::spartan::grinding: close time.busy=83.1µs time.idle=111ns
2026-10-07T19:58:57.892691Z  INFO falcon_algebraic:prove:falcon_algebraic:bitz:falcon_bridge:wfbitz_forest:spartan:grinding{bits=14}: bitz::piop::spartan::grinding: close time.busy=52.7µs time.idle=110ns
2026-10-07T19:58:57.892732Z  INFO falcon_algebraic:prove:falcon_algebraic:bitz:falcon_bridge:wfbitz_forest:spartan:grinding{bits=14}: bitz::piop::spartan::grinding: close time.busy=38.3µs time.idle=120ns
2026-10-07T19:58:57.892768Z  INFO falcon_algebraic:prove:falcon_algebraic:bitz:falcon_bridge:wfbitz_forest:spartan:grinding{bits=14}: bitz::piop::spartan::grinding: close time.busy=32.5µs time.idle=110ns
2026-10-07T19:58:57.892779Z  INFO falcon_algebraic:prove:falcon_algebraic:bitz:falcon_bridge:wfbitz_forest:spartan:grinding{bits=14}: bitz::piop::spartan::grinding: close time.busy=8.18µs time.idle=121ns
2026-10-07T19:58:57.892810Z  INFO falcon_algebraic:prove:falcon_algebraic:bitz:falcon_bridge:wfbitz_forest:spartan:grinding{bits=14}: bitz::piop::spartan::grinding: close time.busy=28.1µs time.idle=131ns
2026-10-07T19:58:57.892967Z  INFO falcon_algebraic:prove:falcon_algebraic:bitz:falcon_bridge:wfbitz_forest:spartan:grinding{bits=14}: bitz::piop::spartan::grinding: close time.busy=154µs time.idle=120ns
2026-10-07T19:58:57.892991Z  INFO falcon_algebraic:prove:falcon_algebraic:bitz:falcon_bridge:wfbitz_forest:spartan:grinding{bits=14}: bitz::piop::spartan::grinding: close time.busy=21.3µs time.idle=110ns
2026-10-07T19:58:57.893064Z  INFO falcon_algebraic:prove:falcon_algebraic:bitz:falcon_bridge:wfbitz_forest:spartan:grinding{bits=14}: bitz::piop::spartan::grinding: close time.busy=69.8µs time.idle=121ns
2026-10-07T19:58:57.893152Z  INFO falcon_algebraic:prove:falcon_algebraic:bitz:falcon_bridge:wfbitz_forest:spartan:grinding{bits=14}: bitz::piop::spartan::grinding: close time.busy=25.6µs time.idle=110ns
2026-10-07T19:58:57.893223Z  INFO falcon_algebraic:prove:falcon_algebraic:bitz:falcon_bridge:wfbitz_forest:spartan:grinding{bits=14}: bitz::piop::spartan::grinding: close time.busy=4.51µs time.idle=110ns
2026-10-07T19:58:57.893261Z  INFO falcon_algebraic:prove:falcon_algebraic:bitz:falcon_bridge:wfbitz_forest:spartan:grinding{bits=14}: bitz::piop::spartan::grinding: close time.busy=10.6µs time.idle=130ns
2026-10-07T19:58:57.893406Z  INFO falcon_algebraic:prove:falcon_algebraic:bitz:falcon_bridge:wfbitz_forest:spartan:grinding{bits=14}: bitz::piop::spartan::grinding: close time.busy=127µs time.idle=120ns
2026-10-07T19:58:57.893434Z  INFO falcon_algebraic:prove:falcon_algebraic:bitz:falcon_bridge:wfbitz_forest:spartan:grinding{bits=14}: bitz::piop::spartan::grinding: close time.busy=19.6µs time.idle=121ns
2026-10-07T19:58:57.893467Z  INFO falcon_algebraic:prove:falcon_algebraic:bitz:falcon_bridge:wfbitz_forest:spartan:grinding{bits=14}: bitz::piop::spartan::grinding: close time.busy=16.6µs time.idle=110ns
2026-10-07T19:58:57.893494Z  INFO falcon_algebraic:prove:falcon_algebraic:bitz:falcon_bridge:wfbitz_forest:spartan:grinding{bits=14}: bitz::piop::spartan::grinding: close time.busy=20.7µs time.idle=131ns
2026-10-07T19:58:57.893582Z  INFO falcon_algebraic:prove:falcon_algebraic:bitz:falcon_bridge:wfbitz_forest:spartan:grinding{bits=14}: bitz::piop::spartan::grinding: close time.busy=84.1µs time.idle=110ns
2026-10-07T19:58:57.893679Z  INFO falcon_algebraic:prove:falcon_algebraic:bitz:falcon_bridge:wfbitz_forest:spartan:grinding{bits=14}: bitz::piop::spartan::grinding: close time.busy=93.4µs time.idle=120ns
2026-10-07T19:58:57.893760Z  INFO falcon_algebraic:prove:falcon_algebraic:bitz:falcon_bridge:wfbitz_forest:spartan:grinding{bits=14}: bitz::piop::spartan::grinding: close time.busy=76.7µs time.idle=120ns
2026-10-07T19:58:57.893963Z  INFO falcon_algebraic:prove:falcon_algebraic:bitz:falcon_bridge:wfbitz_forest:spartan:grinding{bits=14}: bitz::piop::spartan::grinding: close time.busy=200µs time.idle=120ns
2026-10-07T19:58:57.894013Z  INFO falcon_algebraic:prove:falcon_algebraic:bitz:falcon_bridge:wfbitz_forest:spartan:grinding{bits=14}: bitz::piop::spartan::grinding: close time.busy=46.9µs time.idle=110ns
2026-10-07T19:58:57.894121Z  INFO falcon_algebraic:prove:falcon_algebraic:bitz:falcon_bridge:wfbitz_forest:spartan:grinding{bits=14}: bitz::piop::spartan::grinding: close time.busy=105µs time.idle=121ns
2026-10-07T19:58:57.894180Z  INFO falcon_algebraic:prove:falcon_algebraic:bitz:falcon_bridge:wfbitz_forest:spartan:grinding{bits=14}: bitz::piop::spartan::grinding: close time.busy=56.9µs time.idle=110ns
2026-10-07T19:58:57.894207Z  INFO falcon_algebraic:prove:falcon_algebraic:bitz:falcon_bridge:wfbitz_forest:spartan:grinding{bits=14}: bitz::piop::spartan::grinding: close time.busy=25.1µs time.idle=120ns
2026-10-07T19:58:57.894247Z  INFO falcon_algebraic:prove:falcon_algebraic:bitz:falcon_bridge:wfbitz_forest:spartan:grinding{bits=14}: bitz::piop::spartan::grinding: close time.busy=37.1µs time.idle=110ns
2026-10-07T19:58:57.894280Z  INFO falcon_algebraic:prove:falcon_algebraic:bitz:falcon_bridge:wfbitz_forest:spartan:grinding{bits=14}: bitz::piop::spartan::grinding: close time.busy=31.0µs time.idle=120ns
2026-10-07T19:58:57.894441Z  INFO falcon_algebraic:prove:falcon_algebraic:bitz:falcon_bridge:wfbitz_forest:spartan:grinding{bits=14}: bitz::piop::spartan::grinding: close time.busy=48.1µs time.idle=130ns
2026-10-07T19:58:57.894603Z  INFO falcon_algebraic:prove:falcon_algebraic:bitz:falcon_bridge:wfbitz_forest:spartan:grinding{bits=14}: bitz::piop::spartan::grinding: close time.busy=37.2µs time.idle=110ns
2026-10-07T19:58:57.894791Z  INFO falcon_algebraic:prove:falcon_algebraic:bitz:falcon_bridge:wfbitz_forest:spartan:grinding{bits=14}: bitz::piop::spartan::grinding: close time.busy=137µs time.idle=121ns
2026-10-07T19:58:57.894950Z  INFO falcon_algebraic:prove:falcon_algebraic:bitz:falcon_bridge:wfbitz_forest:spartan:grinding{bits=14}: bitz::piop::spartan::grinding: close time.busy=132µs time.idle=120ns
2026-10-07T19:58:57.895105Z  INFO falcon_algebraic:prove:falcon_algebraic:bitz:falcon_bridge:wfbitz_forest:spartan:grinding{bits=14}: bitz::piop::spartan::grinding: close time.busy=137µs time.idle=120ns
2026-10-07T19:58:57.895231Z  INFO falcon_algebraic:prove:falcon_algebraic:bitz:falcon_bridge:wfbitz_forest:spartan:grinding{bits=14}: bitz::piop::spartan::grinding: close time.busy=117µs time.idle=121ns
2026-10-07T19:58:57.895284Z  INFO falcon_algebraic:prove:falcon_algebraic:bitz:falcon_bridge:wfbitz_forest:spartan:grinding{bits=14}: bitz::piop::spartan::grinding: close time.busy=37.3µs time.idle=120ns
2026-10-07T19:58:57.895348Z  INFO falcon_algebraic:prove:falcon_algebraic:bitz:falcon_bridge:wfbitz_forest:spartan:grinding{bits=14}: bitz::piop::spartan::grinding: close time.busy=58.4µs time.idle=120ns
2026-10-07T19:58:57.895370Z  INFO falcon_algebraic:prove:falcon_algebraic:bitz:falcon_bridge:wfbitz_forest:spartan:grinding{bits=14}: bitz::piop::spartan::grinding: close time.busy=18.2µs time.idle=110ns
2026-10-07T19:58:57.895438Z  INFO falcon_algebraic:prove:falcon_algebraic:bitz:falcon_bridge:wfbitz_forest:spartan:grinding{bits=14}: bitz::piop::spartan::grinding: close time.busy=64.7µs time.idle=121ns
2026-10-07T19:58:57.895449Z  INFO falcon_algebraic:prove:falcon_algebraic:bitz:falcon_bridge:wfbitz_forest:spartan:grinding{bits=14}: bitz::piop::spartan::grinding: close time.busy=8.00µs time.idle=110ns
2026-10-07T19:58:57.895477Z  INFO falcon_algebraic:prove:falcon_algebraic:bitz:falcon_bridge:wfbitz_forest:spartan:grinding{bits=14}: bitz::piop::spartan::grinding: close time.busy=25.2µs time.idle=120ns
2026-10-07T19:58:57.895544Z  INFO falcon_algebraic:prove:falcon_algebraic:bitz:falcon_bridge:wfbitz_forest:spartan:grinding{bits=14}: bitz::piop::spartan::grinding: close time.busy=64.3µs time.idle=120ns
2026-10-07T19:58:57.895563Z  INFO falcon_algebraic:prove:falcon_algebraic:bitz:falcon_bridge:wfbitz_forest:spartan:grinding{bits=14}: bitz::piop::spartan::grinding: close time.busy=16.8µs time.idle=120ns
2026-10-07T19:58:57.895589Z  INFO falcon_algebraic:prove:falcon_algebraic:bitz:falcon_bridge:wfbitz_forest:spartan:grinding{bits=14}: bitz::piop::spartan::grinding: close time.busy=23.5µs time.idle=130ns
2026-10-07T19:58:57.895732Z  INFO falcon_algebraic:prove:falcon_algebraic:bitz:falcon_bridge:wfbitz_forest:spartan:grinding{bits=14}: bitz::piop::spartan::grinding: close time.busy=140µs time.idle=120ns
2026-10-07T19:58:57.895752Z  INFO falcon_algebraic:prove:falcon_algebraic:bitz:falcon_bridge:wfbitz_forest:spartan:grinding{bits=14}: bitz::piop::spartan::grinding: close time.busy=17.3µs time.idle=130ns
2026-10-07T19:58:57.895802Z  INFO falcon_algebraic:prove:falcon_algebraic:bitz:falcon_bridge:wfbitz_forest:spartan:grinding{bits=14}: bitz::piop::spartan::grinding: close time.busy=47.4µs time.idle=120ns
2026-10-07T19:58:57.896042Z  INFO falcon_algebraic:prove:falcon_algebraic:bitz:falcon_bridge:wfbitz_forest:spartan:grinding{bits=14}: bitz::piop::spartan::grinding: close time.busy=24.0µs time.idle=120ns
2026-10-07T19:58:57.896352Z  INFO falcon_algebraic:prove:falcon_algebraic:bitz:falcon_bridge:wfbitz_forest:spartan:grinding{bits=14}: bitz::piop::spartan::grinding: close time.busy=65.5µs time.idle=121ns
2026-10-07T19:58:57.896550Z  INFO falcon_algebraic:prove:falcon_algebraic:bitz:falcon_bridge:wfbitz_forest:spartan:grinding{bits=14}: bitz::piop::spartan::grinding: close time.busy=102µs time.idle=130ns
2026-10-07T19:58:57.896625Z  INFO falcon_algebraic:prove:falcon_algebraic:bitz:falcon_bridge:wfbitz_forest:spartan:grinding{bits=14}: bitz::piop::spartan::grinding: close time.busy=24.7µs time.idle=121ns
2026-10-07T19:58:57.896699Z  INFO falcon_algebraic:prove:falcon_algebraic:bitz:falcon_bridge:wfbitz_forest:spartan:grinding{bits=14}: bitz::piop::spartan::grinding: close time.busy=45.4µs time.idle=120ns
2026-10-07T19:58:57.896810Z  INFO falcon_algebraic:prove:falcon_algebraic:bitz:falcon_bridge:wfbitz_forest:spartan:grinding{bits=14}: bitz::piop::spartan::grinding: close time.busy=93.9µs time.idle=120ns
2026-10-07T19:58:57.896837Z  INFO falcon_algebraic:prove:falcon_algebraic:bitz:falcon_bridge:wfbitz_forest:spartan:grinding{bits=14}: bitz::piop::spartan::grinding: close time.busy=18.7µs time.idle=120ns
2026-10-07T19:58:57.896875Z  INFO falcon_algebraic:prove:falcon_algebraic:bitz:falcon_bridge:wfbitz_forest:spartan:grinding{bits=14}: bitz::piop::spartan::grinding: close time.busy=22.4µs time.idle=120ns
2026-10-07T19:58:57.896929Z  INFO falcon_algebraic:prove:falcon_algebraic:bitz:falcon_bridge:wfbitz_forest:spartan:grinding{bits=14}: bitz::piop::spartan::grinding: close time.busy=48.3µs time.idle=110ns
2026-10-07T19:58:57.896976Z  INFO falcon_algebraic:prove:falcon_algebraic:bitz:falcon_bridge:wfbitz_forest:spartan:grinding{bits=14}: bitz::piop::spartan::grinding: close time.busy=43.1µs time.idle=111ns
2026-10-07T19:58:57.897087Z  INFO falcon_algebraic:prove:falcon_algebraic:bitz:falcon_bridge:wfbitz_forest:spartan:grinding{bits=14}: bitz::piop::spartan::grinding: close time.busy=107µs time.idle=110ns
2026-10-07T19:58:57.897155Z  INFO falcon_algebraic:prove:falcon_algebraic:bitz:falcon_bridge:wfbitz_forest:spartan:grinding{bits=14}: bitz::piop::spartan::grinding: close time.busy=65.0µs time.idle=120ns
2026-10-07T19:58:57.897182Z  INFO falcon_algebraic:prove:falcon_algebraic:bitz:falcon_bridge:wfbitz_forest:spartan:grinding{bits=14}: bitz::piop::spartan::grinding: close time.busy=24.1µs time.idle=120ns
2026-10-07T19:58:57.897389Z  INFO falcon_algebraic:prove:falcon_algebraic:bitz:falcon_bridge:wfbitz_forest:spartan:grinding{bits=14}: bitz::piop::spartan::grinding: close time.busy=205µs time.idle=121ns
2026-10-07T19:58:57.897415Z  INFO falcon_algebraic:prove:falcon_algebraic:bitz:falcon_bridge:wfbitz_forest:spartan:grinding{bits=14}: bitz::piop::spartan::grinding: close time.busy=23.1µs time.idle=121ns
2026-10-07T19:58:57.897424Z  INFO falcon_algebraic:prove:falcon_algebraic:bitz:falcon_bridge:wfbitz_forest:spartan:grinding{bits=14}: bitz::piop::spartan::grinding: close time.busy=6.43µs time.idle=120ns
2026-10-07T19:58:57.897498Z  INFO falcon_algebraic:prove:falcon_algebraic:bitz:falcon_bridge:wfbitz_forest:spartan:grinding{bits=14}: bitz::piop::spartan::grinding: close time.busy=70.9µs time.idle=131ns
2026-10-07T19:58:57.897531Z  INFO falcon_algebraic:prove:falcon_algebraic:bitz:falcon_bridge:wfbitz_forest:spartan:grinding{bits=14}: bitz::piop::spartan::grinding: close time.busy=30.2µs time.idle=120ns
2026-10-07T19:58:57.897647Z  INFO falcon_algebraic:prove:falcon_algebraic:bitz:falcon_bridge:wfbitz_forest:spartan:grinding{bits=14}: bitz::piop::spartan::grinding: close time.busy=113µs time.idle=120ns
2026-10-07T19:58:57.898096Z  INFO falcon_algebraic:prove:falcon_algebraic:bitz:falcon_bridge:wfbitz_forest:spartan:grinding{bits=14}: bitz::piop::spartan::grinding: close time.busy=31.5µs time.idle=121ns
2026-10-07T19:58:57.898716Z  INFO falcon_algebraic:prove:falcon_algebraic:bitz:falcon_bridge:wfbitz_forest:spartan:grinding{bits=14}: bitz::piop::spartan::grinding: close time.busy=142µs time.idle=131ns
2026-10-07T19:58:57.899073Z  INFO falcon_algebraic:prove:falcon_algebraic:bitz:falcon_bridge:wfbitz_forest:spartan:grinding{bits=14}: bitz::piop::spartan::grinding: close time.busy=173µs time.idle=140ns
2026-10-07T19:58:57.899240Z  INFO falcon_algebraic:prove:falcon_algebraic:bitz:falcon_bridge:wfbitz_forest:spartan:grinding{bits=14}: bitz::piop::spartan::grinding: close time.busy=69.9µs time.idle=120ns
2026-10-07T19:58:57.899351Z  INFO falcon_algebraic:prove:falcon_algebraic:bitz:falcon_bridge:wfbitz_forest:spartan:grinding{bits=14}: bitz::piop::spartan::grinding: close time.busy=59.2µs time.idle=131ns
2026-10-07T19:58:57.899418Z  INFO falcon_algebraic:prove:falcon_algebraic:bitz:falcon_bridge:wfbitz_forest:spartan:grinding{bits=14}: bitz::piop::spartan::grinding: close time.busy=37.7µs time.idle=110ns
2026-10-07T19:58:57.899502Z  INFO falcon_algebraic:prove:falcon_algebraic:bitz:falcon_bridge:wfbitz_forest:spartan:grinding{bits=14}: bitz::piop::spartan::grinding: close time.busy=66.9µs time.idle=120ns
2026-10-07T19:58:57.899570Z  INFO falcon_algebraic:prove:falcon_algebraic:bitz:falcon_bridge:wfbitz_forest:spartan:grinding{bits=14}: bitz::piop::spartan::grinding: close time.busy=59.7µs time.idle=130ns
2026-10-07T19:58:57.899747Z  INFO falcon_algebraic:prove:falcon_algebraic:bitz:falcon_bridge:wfbitz_forest:spartan:grinding{bits=14}: bitz::piop::spartan::grinding: close time.busy=161µs time.idle=120ns
2026-10-07T19:58:57.899815Z  INFO falcon_algebraic:prove:falcon_algebraic:bitz:falcon_bridge:wfbitz_forest:spartan:grinding{bits=14}: bitz::piop::spartan::grinding: close time.busy=62.3µs time.idle=120ns
2026-10-07T19:58:57.899841Z  INFO falcon_algebraic:prove:falcon_algebraic:bitz:falcon_bridge:wfbitz_forest:spartan:grinding{bits=14}: bitz::piop::spartan::grinding: close time.busy=21.4µs time.idle=120ns
2026-10-07T19:58:57.899878Z  INFO falcon_algebraic:prove:falcon_algebraic:bitz:falcon_bridge:wfbitz_forest:spartan:grinding{bits=14}: bitz::piop::spartan::grinding: close time.busy=33.8µs time.idle=110ns
2026-10-07T19:58:57.899925Z  INFO falcon_algebraic:prove:falcon_algebraic:bitz:falcon_bridge:wfbitz_forest:spartan:grinding{bits=14}: bitz::piop::spartan::grinding: close time.busy=43.9µs time.idle=110ns
2026-10-07T19:58:57.899986Z  INFO falcon_algebraic:prove:falcon_algebraic:bitz:falcon_bridge:wfbitz_forest:spartan:grinding{bits=14}: bitz::piop::spartan::grinding: close time.busy=57.6µs time.idle=120ns
2026-10-07T19:58:57.900093Z  INFO falcon_algebraic:prove:falcon_algebraic:bitz:falcon_bridge:wfbitz_forest:spartan:grinding{bits=14}: bitz::piop::spartan::grinding: close time.busy=104µs time.idle=120ns
2026-10-07T19:58:57.900127Z  INFO falcon_algebraic:prove:falcon_algebraic:bitz:falcon_bridge:wfbitz_forest:spartan:grinding{bits=14}: bitz::piop::spartan::grinding: close time.busy=32.0µs time.idle=120ns
2026-10-07T19:58:57.900166Z  INFO falcon_algebraic:prove:falcon_algebraic:bitz:falcon_bridge:wfbitz_forest:spartan:grinding{bits=14}: bitz::piop::spartan::grinding: close time.busy=36.1µs time.idle=121ns
2026-10-07T19:58:57.900209Z  INFO falcon_algebraic:prove:falcon_algebraic:bitz:falcon_bridge:wfbitz_forest:spartan:grinding{bits=14}: bitz::piop::spartan::grinding: close time.busy=40.8µs time.idle=120ns
2026-10-07T19:58:57.900294Z  INFO falcon_algebraic:prove:falcon_algebraic:bitz:falcon_bridge:wfbitz_forest:spartan:grinding{bits=14}: bitz::piop::spartan::grinding: close time.busy=82.2µs time.idle=120ns
2026-10-07T19:58:57.900326Z  INFO falcon_algebraic:prove:falcon_algebraic:bitz:falcon_bridge:wfbitz_forest:spartan:grinding{bits=14}: bitz::piop::spartan::grinding: close time.busy=29.1µs time.idle=120ns
2026-10-07T19:58:57.903029Z  INFO falcon_algebraic:prove:falcon_algebraic:bitz:falcon_bridge:wfbitz_forest:spartan:grinding{bits=14}: bitz::piop::spartan::grinding: close time.busy=45.2µs time.idle=120ns
2026-10-07T19:58:57.904093Z  INFO falcon_algebraic:prove:falcon_algebraic:bitz:falcon_bridge:wfbitz_forest:spartan:grinding{bits=14}: bitz::piop::spartan::grinding: close time.busy=109µs time.idle=120ns
2026-10-07T19:58:57.904490Z  INFO falcon_algebraic:prove:falcon_algebraic:bitz:falcon_bridge:wfbitz_forest:spartan:grinding{bits=14}: bitz::piop::spartan::grinding: close time.busy=34.0µs time.idle=120ns
2026-10-07T19:58:57.904749Z  INFO falcon_algebraic:prove:falcon_algebraic:bitz:falcon_bridge:wfbitz_forest:spartan:grinding{bits=14}: bitz::piop::spartan::grinding: close time.busy=72.7µs time.idle=131ns
2026-10-07T19:58:57.904861Z  INFO falcon_algebraic:prove:falcon_algebraic:bitz:falcon_bridge:wfbitz_forest:spartan:grinding{bits=14}: bitz::piop::spartan::grinding: close time.busy=14.2µs time.idle=121ns
2026-10-07T19:58:57.904953Z  INFO falcon_algebraic:prove:falcon_algebraic:bitz:falcon_bridge:wfbitz_forest:spartan:grinding{bits=14}: bitz::piop::spartan::grinding: close time.busy=39.0µs time.idle=110ns
2026-10-07T19:58:57.905072Z  INFO falcon_algebraic:prove:falcon_algebraic:bitz:falcon_bridge:wfbitz_forest:spartan:grinding{bits=14}: bitz::piop::spartan::grinding: close time.busy=90.5µs time.idle=110ns
2026-10-07T19:58:57.905177Z  INFO falcon_algebraic:prove:falcon_algebraic:bitz:falcon_bridge:wfbitz_forest:spartan:grinding{bits=14}: bitz::piop::spartan::grinding: close time.busy=86.1µs time.idle=110ns
2026-10-07T19:58:57.905240Z  INFO falcon_algebraic:prove:falcon_algebraic:bitz:falcon_bridge:wfbitz_forest:spartan:grinding{bits=14}: bitz::piop::spartan::grinding: close time.busy=55.3µs time.idle=110ns
2026-10-07T19:58:57.905259Z  INFO falcon_algebraic:prove:falcon_algebraic:bitz:falcon_bridge:wfbitz_forest:spartan:grinding{bits=14}: bitz::piop::spartan::grinding: close time.busy=2.73µs time.idle=110ns
2026-10-07T19:58:57.905440Z  INFO falcon_algebraic:prove:falcon_algebraic:bitz:falcon_bridge:wfbitz_forest:spartan:grinding{bits=14}: bitz::piop::spartan::grinding: close time.busy=176µs time.idle=110ns
2026-10-07T19:58:57.905473Z  INFO falcon_algebraic:prove:falcon_algebraic:bitz:falcon_bridge:wfbitz_forest:spartan:grinding{bits=14}: bitz::piop::spartan::grinding: close time.busy=28.9µs time.idle=110ns
2026-10-07T19:58:57.905613Z  INFO falcon_algebraic:prove:falcon_algebraic:bitz:falcon_bridge:wfbitz_forest:spartan:grinding{bits=14}: bitz::piop::spartan::grinding: close time.busy=136µs time.idle=110ns
2026-10-07T19:58:57.905665Z  INFO falcon_algebraic:prove:falcon_algebraic:bitz:falcon_bridge:wfbitz_forest:spartan:grinding{bits=14}: bitz::piop::spartan::grinding: close time.busy=48.5µs time.idle=111ns
2026-10-07T19:58:57.905722Z  INFO falcon_algebraic:prove:falcon_algebraic:bitz:falcon_bridge:wfbitz_forest:spartan:grinding{bits=14}: bitz::piop::spartan::grinding: close time.busy=54.2µs time.idle=120ns
2026-10-07T19:58:57.905774Z  INFO falcon_algebraic:prove:falcon_algebraic:bitz:falcon_bridge:wfbitz_forest:spartan:grinding{bits=14}: bitz::piop::spartan::grinding: close time.busy=49.1µs time.idle=111ns
2026-10-07T19:58:57.905799Z  INFO falcon_algebraic:prove:falcon_algebraic:bitz:falcon_bridge:wfbitz_forest:spartan:grinding{bits=14}: bitz::piop::spartan::grinding: close time.busy=21.8µs time.idle=120ns
2026-10-07T19:58:57.905892Z  INFO falcon_algebraic:prove:falcon_algebraic:bitz:falcon_bridge:wfbitz_forest:spartan:grinding{bits=14}: bitz::piop::spartan::grinding: close time.busy=90.1µs time.idle=120ns
2026-10-07T19:58:57.906012Z  INFO falcon_algebraic:prove:falcon_algebraic:bitz:falcon_bridge:wfbitz_forest:spartan:grinding{bits=14}: bitz::piop::spartan::grinding: close time.busy=117µs time.idle=110ns
2026-10-07T19:58:57.906058Z  INFO falcon_algebraic:prove:falcon_algebraic:bitz:falcon_bridge:wfbitz_forest:spartan:grinding{bits=14}: bitz::piop::spartan::grinding: close time.busy=43.1µs time.idle=110ns
2026-10-07T19:58:57.906081Z  INFO falcon_algebraic:prove:falcon_algebraic:bitz:falcon_bridge:wfbitz_forest:spartan:grinding{bits=14}: bitz::piop::spartan::grinding: close time.busy=20.6µs time.idle=120ns
2026-10-07T19:58:57.908121Z  INFO falcon_algebraic:prove:falcon_algebraic:bitz:falcon_bridge:wfbitz_forest:spartan:grinding{bits=14}: bitz::piop::spartan::grinding: close time.busy=68.1µs time.idle=141ns
2026-10-07T19:58:57.910032Z  INFO falcon_algebraic:prove:falcon_algebraic:bitz:falcon_bridge:wfbitz_forest:spartan:grinding{bits=14}: bitz::piop::spartan::grinding: close time.busy=93.1µs time.idle=120ns
2026-10-07T19:58:57.910741Z  INFO falcon_algebraic:prove:falcon_algebraic:bitz:falcon_bridge:wfbitz_forest:spartan:grinding{bits=14}: bitz::piop::spartan::grinding: close time.busy=32.3µs time.idle=120ns
2026-10-07T19:58:57.911112Z  INFO falcon_algebraic:prove:falcon_algebraic:bitz:falcon_bridge:wfbitz_forest:spartan:grinding{bits=14}: bitz::piop::spartan::grinding: close time.busy=28.5µs time.idle=120ns
2026-10-07T19:58:57.911334Z  INFO falcon_algebraic:prove:falcon_algebraic:bitz:falcon_bridge:wfbitz_forest:spartan:grinding{bits=14}: bitz::piop::spartan::grinding: close time.busy=46.7µs time.idle=120ns
2026-10-07T19:58:57.911448Z  INFO falcon_algebraic:prove:falcon_algebraic:bitz:falcon_bridge:wfbitz_forest:spartan:grinding{bits=14}: bitz::piop::spartan::grinding: close time.busy=21.0µs time.idle=130ns
2026-10-07T19:58:57.911512Z  INFO falcon_algebraic:prove:falcon_algebraic:bitz:falcon_bridge:wfbitz_forest:spartan:grinding{bits=14}: bitz::piop::spartan::grinding: close time.busy=12.1µs time.idle=110ns
2026-10-07T19:58:57.911547Z  INFO falcon_algebraic:prove:falcon_algebraic:bitz:falcon_bridge:wfbitz_forest:spartan:grinding{bits=14}: bitz::piop::spartan::grinding: close time.busy=5.32µs time.idle=110ns
2026-10-07T19:58:57.911656Z  INFO falcon_algebraic:prove:falcon_algebraic:bitz:falcon_bridge:wfbitz_forest:spartan:grinding{bits=14}: bitz::piop::spartan::grinding: close time.busy=91.9µs time.idle=130ns
2026-10-07T19:58:57.911688Z  INFO falcon_algebraic:prove:falcon_algebraic:bitz:falcon_bridge:wfbitz_forest:spartan:grinding{bits=14}: bitz::piop::spartan::grinding: close time.busy=23.7µs time.idle=121ns
2026-10-07T19:58:57.911738Z  INFO falcon_algebraic:prove:falcon_algebraic:bitz:falcon_bridge:wfbitz_forest:spartan:grinding{bits=14}: bitz::piop::spartan::grinding: close time.busy=33.5µs time.idle=120ns
2026-10-07T19:58:57.911756Z  INFO falcon_algebraic:prove:falcon_algebraic:bitz:falcon_bridge:wfbitz_forest:spartan:grinding{bits=14}: bitz::piop::spartan::grinding: close time.busy=12.2µs time.idle=120ns
2026-10-07T19:58:57.911773Z  INFO falcon_algebraic:prove:falcon_algebraic:bitz:falcon_bridge:wfbitz_forest:spartan:grinding{bits=14}: bitz::piop::spartan::grinding: close time.busy=13.0µs time.idle=111ns
2026-10-07T19:58:57.911912Z  INFO falcon_algebraic:prove:falcon_algebraic:bitz:falcon_bridge:wfbitz_forest:spartan:grinding{bits=14}: bitz::piop::spartan::grinding: close time.busy=135µs time.idle=110ns
2026-10-07T19:58:57.912011Z  INFO falcon_algebraic:prove:falcon_algebraic:bitz:falcon_bridge:wfbitz_forest:spartan:grinding{bits=14}: bitz::piop::spartan::grinding: close time.busy=94.9µs time.idle=111ns
2026-10-07T19:58:57.912074Z  INFO falcon_algebraic:prove:falcon_algebraic:bitz:falcon_bridge:wfbitz_forest:spartan:grinding{bits=14}: bitz::piop::spartan::grinding: close time.busy=60.7µs time.idle=110ns
2026-10-07T19:58:57.912169Z  INFO falcon_algebraic:prove:falcon_algebraic:bitz:falcon_bridge:wfbitz_forest:spartan:grinding{bits=14}: bitz::piop::spartan::grinding: close time.busy=91.7µs time.idle=110ns
2026-10-07T19:58:57.912214Z  INFO falcon_algebraic:prove:falcon_algebraic:bitz:falcon_bridge:wfbitz_forest:spartan:grinding{bits=14}: bitz::piop::spartan::grinding: close time.busy=42.3µs time.idle=110ns
2026-10-07T19:58:57.912247Z  INFO falcon_algebraic:prove:falcon_algebraic:bitz:falcon_bridge:wfbitz_forest:spartan:grinding{bits=14}: bitz::piop::spartan::grinding: close time.busy=29.6µs time.idle=111ns
2026-10-07T19:58:57.912375Z  INFO falcon_algebraic:prove:falcon_algebraic:bitz:falcon_bridge:wfbitz_forest:spartan:grinding{bits=14}: bitz::piop::spartan::grinding: close time.busy=126µs time.idle=120ns
2026-10-07T19:58:57.912457Z  INFO falcon_algebraic:prove:falcon_algebraic:bitz:falcon_bridge:wfbitz_forest:spartan:grinding{bits=14}: bitz::piop::spartan::grinding: close time.busy=78.2µs time.idle=111ns
2026-10-07T19:58:57.912487Z  INFO falcon_algebraic:prove:falcon_algebraic:bitz:falcon_bridge:wfbitz_forest:spartan:grinding{bits=14}: bitz::piop::spartan::grinding: close time.busy=27.8µs time.idle=111ns
2026-10-07T19:58:57.915668Z  INFO falcon_algebraic:prove:falcon_algebraic:bitz:falcon_bridge:wfbitz_forest:spartan:grinding{bits=14}: bitz::piop::spartan::grinding: close time.busy=29.4µs time.idle=110ns
2026-10-07T19:58:57.918119Z  INFO falcon_algebraic:prove:falcon_algebraic:bitz:falcon_bridge:wfbitz_forest:spartan:grinding{bits=14}: bitz::piop::spartan::grinding: close time.busy=16.6µs time.idle=120ns
2026-10-07T19:58:57.920019Z  INFO falcon_algebraic:prove:falcon_algebraic:bitz:falcon_bridge:wfbitz_forest:spartan:grinding{bits=14}: bitz::piop::spartan::grinding: close time.busy=90.2µs time.idle=120ns
2026-10-07T19:58:57.920740Z  INFO falcon_algebraic:prove:falcon_algebraic:bitz:falcon_bridge:wfbitz_forest:spartan:grinding{bits=14}: bitz::piop::spartan::grinding: close time.busy=40.4µs time.idle=120ns
2026-10-07T19:58:57.921160Z  INFO falcon_algebraic:prove:falcon_algebraic:bitz:falcon_bridge:wfbitz_forest:spartan:grinding{bits=14}: bitz::piop::spartan::grinding: close time.busy=75.9µs time.idle=120ns
2026-10-07T19:58:57.921342Z  INFO falcon_algebraic:prove:falcon_algebraic:bitz:falcon_bridge:wfbitz_forest:spartan:grinding{bits=14}: bitz::piop::spartan::grinding: close time.busy=5.94µs time.idle=130ns
2026-10-07T19:58:57.921457Z  INFO falcon_algebraic:prove:falcon_algebraic:bitz:falcon_bridge:wfbitz_forest:spartan:grinding{bits=14}: bitz::piop::spartan::grinding: close time.busy=22.2µs time.idle=120ns
2026-10-07T19:58:57.921541Z  INFO falcon_algebraic:prove:falcon_algebraic:bitz:falcon_bridge:wfbitz_forest:spartan:grinding{bits=14}: bitz::piop::spartan::grinding: close time.busy=32.5µs time.idle=110ns
2026-10-07T19:58:57.921575Z  INFO falcon_algebraic:prove:falcon_algebraic:bitz:falcon_bridge:wfbitz_forest:spartan:grinding{bits=14}: bitz::piop::spartan::grinding: close time.busy=4.66µs time.idle=110ns
2026-10-07T19:58:57.921613Z  INFO falcon_algebraic:prove:falcon_algebraic:bitz:falcon_bridge:wfbitz_forest:spartan:grinding{bits=14}: bitz::piop::spartan::grinding: close time.busy=20.3µs time.idle=110ns
2026-10-07T19:58:57.921648Z  INFO falcon_algebraic:prove:falcon_algebraic:bitz:falcon_bridge:wfbitz_forest:spartan:grinding{bits=14}: bitz::piop::spartan::grinding: close time.busy=27.5µs time.idle=110ns
2026-10-07T19:58:57.921714Z  INFO falcon_algebraic:prove:falcon_algebraic:bitz:falcon_bridge:wfbitz_forest:spartan:grinding{bits=14}: bitz::piop::spartan::grinding: close time.busy=49.6µs time.idle=110ns
2026-10-07T19:58:57.921834Z  INFO falcon_algebraic:prove:falcon_algebraic:bitz:falcon_bridge:wfbitz_forest:spartan:grinding{bits=14}: bitz::piop::spartan::grinding: close time.busy=115µs time.idle=120ns
2026-10-07T19:58:57.921866Z  INFO falcon_algebraic:prove:falcon_algebraic:bitz:falcon_bridge:wfbitz_forest:spartan:grinding{bits=14}: bitz::piop::spartan::grinding: close time.busy=27.8µs time.idle=111ns
2026-10-07T19:58:57.921932Z  INFO falcon_algebraic:prove:falcon_algebraic:bitz:falcon_bridge:wfbitz_forest:spartan:grinding{bits=14}: bitz::piop::spartan::grinding: close time.busy=62.9µs time.idle=110ns
2026-10-07T19:58:57.922057Z  INFO falcon_algebraic:prove:falcon_algebraic:bitz:falcon_bridge:wfbitz_forest:spartan:grinding{bits=14}: bitz::piop::spartan::grinding: close time.busy=122µs time.idle=110ns
2026-10-07T19:58:57.922090Z  INFO falcon_algebraic:prove:falcon_algebraic:bitz:falcon_bridge:wfbitz_forest:spartan:grinding{bits=14}: bitz::piop::spartan::grinding: close time.busy=30.2µs time.idle=110ns
2026-10-07T19:58:57.922117Z  INFO falcon_algebraic:prove:falcon_algebraic:bitz:falcon_bridge:wfbitz_forest:spartan:grinding{bits=14}: bitz::piop::spartan::grinding: close time.busy=24.1µs time.idle=110ns
2026-10-07T19:58:57.922337Z  INFO falcon_algebraic:prove:falcon_algebraic:bitz:falcon_bridge:wfbitz_forest:spartan:grinding{bits=14}: bitz::piop::spartan::grinding: close time.busy=217µs time.idle=110ns
2026-10-07T19:58:57.922389Z  INFO falcon_algebraic:prove:falcon_algebraic:bitz:falcon_bridge:wfbitz_forest:spartan:grinding{bits=14}: bitz::piop::spartan::grinding: close time.busy=49.1µs time.idle=112ns
2026-10-07T19:58:57.922487Z  INFO falcon_algebraic:prove:falcon_algebraic:bitz:falcon_bridge:wfbitz_forest:spartan:grinding{bits=14}: bitz::piop::spartan::grinding: close time.busy=95.5µs time.idle=110ns
2026-10-07T19:58:57.922517Z  INFO falcon_algebraic:prove:falcon_algebraic:bitz:falcon_bridge:wfbitz_forest:spartan:grinding{bits=14}: bitz::piop::spartan::grinding: close time.busy=26.3µs time.idle=120ns
2026-10-07T19:58:57.922664Z  INFO falcon_algebraic:prove:falcon_algebraic:bitz:falcon_bridge:wfbitz_forest:spartan:grinding{bits=14}: bitz::piop::spartan::grinding: close time.busy=145µs time.idle=110ns
2026-10-07T19:58:57.926113Z  INFO falcon_algebraic:prove:falcon_algebraic:bitz:falcon_bridge:wfbitz_forest:spartan:grinding{bits=14}: bitz::piop::spartan::grinding: close time.busy=81.2µs time.idle=120ns
2026-10-07T19:58:57.926137Z  INFO falcon_algebraic:prove:falcon_algebraic:bitz:falcon_bridge:wfbitz_forest:spartan:grinding{bits=14}: bitz::piop::spartan::grinding: close time.busy=19.9µs time.idle=110ns
2026-10-07T19:58:57.928600Z  INFO falcon_algebraic:prove:falcon_algebraic:bitz:falcon_bridge:wfbitz_forest:spartan:grinding{bits=14}: bitz::piop::spartan::grinding: close time.busy=65.4µs time.idle=131ns
2026-10-07T19:58:57.930493Z  INFO falcon_algebraic:prove:falcon_algebraic:bitz:falcon_bridge:wfbitz_forest:spartan:grinding{bits=14}: bitz::piop::spartan::grinding: close time.busy=28.1µs time.idle=131ns
2026-10-07T19:58:57.931268Z  INFO falcon_algebraic:prove:falcon_algebraic:bitz:falcon_bridge:wfbitz_forest:spartan:grinding{bits=14}: bitz::piop::spartan::grinding: close time.busy=86.1µs time.idle=130ns
2026-10-07T19:58:57.931712Z  INFO falcon_algebraic:prove:falcon_algebraic:bitz:falcon_bridge:wfbitz_forest:spartan:grinding{bits=14}: bitz::piop::spartan::grinding: close time.busy=105µs time.idle=120ns
2026-10-07T19:58:57.931930Z  INFO falcon_algebraic:prove:falcon_algebraic:bitz:falcon_bridge:wfbitz_forest:spartan:grinding{bits=14}: bitz::piop::spartan::grinding: close time.busy=44.3µs time.idle=130ns
2026-10-07T19:58:57.932062Z  INFO falcon_algebraic:prove:falcon_algebraic:bitz:falcon_bridge:wfbitz_forest:spartan:grinding{bits=14}: bitz::piop::spartan::grinding: close time.busy=38.8µs time.idle=130ns
2026-10-07T19:58:57.932118Z  INFO falcon_algebraic:prove:falcon_algebraic:bitz:falcon_bridge:wfbitz_forest:spartan:grinding{bits=14}: bitz::piop::spartan::grinding: close time.busy=5.20µs time.idle=111ns
2026-10-07T19:58:57.932259Z  INFO falcon_algebraic:prove:falcon_algebraic:bitz:falcon_bridge:wfbitz_forest:spartan:grinding{bits=14}: bitz::piop::spartan::grinding: close time.busy=112µs time.idle=111ns
2026-10-07T19:58:57.932346Z  INFO falcon_algebraic:prove:falcon_algebraic:bitz:falcon_bridge:wfbitz_forest:spartan:grinding{bits=14}: bitz::piop::spartan::grinding: close time.busy=67.9µs time.idle=110ns
2026-10-07T19:58:57.932433Z  INFO falcon_algebraic:prove:falcon_algebraic:bitz:falcon_bridge:wfbitz_forest:spartan:grinding{bits=14}: bitz::piop::spartan::grinding: close time.busy=78.9µs time.idle=110ns
2026-10-07T19:58:57.932489Z  INFO falcon_algebraic:prove:falcon_algebraic:bitz:falcon_bridge:wfbitz_forest:spartan:grinding{bits=14}: bitz::piop::spartan::grinding: close time.busy=40.1µs time.idle=110ns
2026-10-07T19:58:57.932506Z  INFO falcon_algebraic:prove:falcon_algebraic:bitz:falcon_bridge:wfbitz_forest:spartan:grinding{bits=14}: bitz::piop::spartan::grinding: close time.busy=11.4µs time.idle=110ns
2026-10-07T19:58:57.932554Z  INFO falcon_algebraic:prove:falcon_algebraic:bitz:falcon_bridge:wfbitz_forest:spartan:grinding{bits=14}: bitz::piop::spartan::grinding: close time.busy=43.9µs time.idle=120ns
2026-10-07T19:58:57.932606Z  INFO falcon_algebraic:prove:falcon_algebraic:bitz:falcon_bridge:wfbitz_forest:spartan:grinding{bits=14}: bitz::piop::spartan::grinding: close time.busy=48.2µs time.idle=120ns
2026-10-07T19:58:57.932724Z  INFO falcon_algebraic:prove:falcon_algebraic:bitz:falcon_bridge:wfbitz_forest:spartan:grinding{bits=14}: bitz::piop::spartan::grinding: close time.busy=115µs time.idle=110ns
2026-10-07T19:58:57.932748Z  INFO falcon_algebraic:prove:falcon_algebraic:bitz:falcon_bridge:wfbitz_forest:spartan:grinding{bits=14}: bitz::piop::spartan::grinding: close time.busy=20.9µs time.idle=110ns
2026-10-07T19:58:57.932784Z  INFO falcon_algebraic:prove:falcon_algebraic:bitz:falcon_bridge:wfbitz_forest:spartan:grinding{bits=14}: bitz::piop::spartan::grinding: close time.busy=32.7µs time.idle=110ns
2026-10-07T19:58:57.932832Z  INFO falcon_algebraic:prove:falcon_algebraic:bitz:falcon_bridge:wfbitz_forest:spartan:grinding{bits=14}: bitz::piop::spartan::grinding: close time.busy=45.9µs time.idle=110ns
2026-10-07T19:58:57.932925Z  INFO falcon_algebraic:prove:falcon_algebraic:bitz:falcon_bridge:wfbitz_forest:spartan:grinding{bits=14}: bitz::piop::spartan::grinding: close time.busy=89.3µs time.idle=110ns
2026-10-07T19:58:57.932951Z  INFO falcon_algebraic:prove:falcon_algebraic:bitz:falcon_bridge:wfbitz_forest:spartan:grinding{bits=14}: bitz::piop::spartan::grinding: close time.busy=22.3µs time.idle=110ns
2026-10-07T19:58:57.933015Z  INFO falcon_algebraic:prove:falcon_algebraic:bitz:falcon_bridge:wfbitz_forest:spartan:grinding{bits=14}: bitz::piop::spartan::grinding: close time.busy=61.4µs time.idle=110ns
2026-10-07T19:58:57.933023Z  INFO falcon_algebraic:prove:falcon_algebraic:bitz:falcon_bridge:wfbitz_forest:spartan:grinding{bits=14}: bitz::piop::spartan::grinding: close time.busy=5.05µs time.idle=110ns
2026-10-07T19:58:57.935966Z  INFO falcon_algebraic:prove:falcon_algebraic:bitz:falcon_bridge:wfbitz_forest:spartan:grinding{bits=14}: bitz::piop::spartan::grinding: close time.busy=23.5µs time.idle=110ns
2026-10-07T19:58:57.936018Z  INFO falcon_algebraic:prove:falcon_algebraic:bitz:falcon_bridge:wfbitz_forest:spartan:grinding{bits=14}: bitz::piop::spartan::grinding: close time.busy=48.8µs time.idle=110ns
2026-10-07T19:58:57.936044Z  INFO falcon_algebraic:prove:falcon_algebraic:bitz:falcon_bridge:wfbitz_forest:spartan:grinding{bits=14}: bitz::piop::spartan::grinding: close time.busy=22.4µs time.idle=110ns
2026-10-07T19:58:57.938538Z  INFO falcon_algebraic:prove:falcon_algebraic:bitz:falcon_bridge:wfbitz_forest:spartan:grinding{bits=14}: bitz::piop::spartan::grinding: close time.busy=16.2µs time.idle=90.0ns
2026-10-07T19:58:57.940421Z  INFO falcon_algebraic:prove:falcon_algebraic:bitz:falcon_bridge:wfbitz_forest:spartan:grinding{bits=14}: bitz::piop::spartan::grinding: close time.busy=62.2µs time.idle=130ns
2026-10-07T19:58:57.941129Z  INFO falcon_algebraic:prove:falcon_algebraic:bitz:falcon_bridge:wfbitz_forest:spartan:grinding{bits=14}: bitz::piop::spartan::grinding: close time.busy=28.8µs time.idle=130ns
2026-10-07T19:58:57.941501Z  INFO falcon_algebraic:prove:falcon_algebraic:bitz:falcon_bridge:wfbitz_forest:spartan:grinding{bits=14}: bitz::piop::spartan::grinding: close time.busy=31.9µs time.idle=130ns
2026-10-07T19:58:57.941685Z  INFO falcon_algebraic:prove:falcon_algebraic:bitz:falcon_bridge:wfbitz_forest:spartan:grinding{bits=14}: bitz::piop::spartan::grinding: close time.busy=9.45µs time.idle=120ns
2026-10-07T19:58:57.941822Z  INFO falcon_algebraic:prove:falcon_algebraic:bitz:falcon_bridge:wfbitz_forest:spartan:grinding{bits=14}: bitz::piop::spartan::grinding: close time.busy=43.1µs time.idle=120ns
2026-10-07T19:58:57.941961Z  INFO falcon_algebraic:prove:falcon_algebraic:bitz:falcon_bridge:wfbitz_forest:spartan:grinding{bits=14}: bitz::piop::spartan::grinding: close time.busy=87.8µs time.idle=130ns
2026-10-07T19:58:57.942086Z  INFO falcon_algebraic:prove:falcon_algebraic:bitz:falcon_bridge:wfbitz_forest:spartan:grinding{bits=14}: bitz::piop::spartan::grinding: close time.busy=96.2µs time.idle=120ns
2026-10-07T19:58:57.942120Z  INFO falcon_algebraic:prove:falcon_algebraic:bitz:falcon_bridge:wfbitz_forest:spartan:grinding{bits=14}: bitz::piop::spartan::grinding: close time.busy=16.0µs time.idle=121ns
2026-10-07T19:58:57.942193Z  INFO falcon_algebraic:prove:falcon_algebraic:bitz:falcon_bridge:wfbitz_forest:spartan:grinding{bits=14}: bitz::piop::spartan::grinding: close time.busy=64.6µs time.idle=120ns
2026-10-07T19:58:57.942220Z  INFO falcon_algebraic:prove:falcon_algebraic:bitz:falcon_bridge:wfbitz_forest:spartan:grinding{bits=14}: bitz::piop::spartan::grinding: close time.busy=10.7µs time.idle=121ns
2026-10-07T19:58:57.942250Z  INFO falcon_algebraic:prove:falcon_algebraic:bitz:falcon_bridge:wfbitz_forest:spartan:grinding{bits=14}: bitz::piop::spartan::grinding: close time.busy=24.1µs time.idle=120ns
2026-10-07T19:58:57.942295Z  INFO falcon_algebraic:prove:falcon_algebraic:bitz:falcon_bridge:wfbitz_forest:spartan:grinding{bits=14}: bitz::piop::spartan::grinding: close time.busy=40.5µs time.idle=130ns
2026-10-07T19:58:57.942421Z  INFO falcon_algebraic:prove:falcon_algebraic:bitz:falcon_bridge:wfbitz_forest:spartan:grinding{bits=14}: bitz::piop::spartan::grinding: close time.busy=121µs time.idle=120ns
2026-10-07T19:58:57.942456Z  INFO falcon_algebraic:prove:falcon_algebraic:bitz:falcon_bridge:wfbitz_forest:spartan:grinding{bits=14}: bitz::piop::spartan::grinding: close time.busy=30.7µs time.idle=121ns
2026-10-07T19:58:57.942561Z  INFO falcon_algebraic:prove:falcon_algebraic:bitz:falcon_bridge:wfbitz_forest:spartan:grinding{bits=14}: bitz::piop::spartan::grinding: close time.busy=103µs time.idle=120ns
2026-10-07T19:58:57.942612Z  INFO falcon_algebraic:prove:falcon_algebraic:bitz:falcon_bridge:wfbitz_forest:spartan:grinding{bits=14}: bitz::piop::spartan::grinding: close time.busy=47.6µs time.idle=120ns
2026-10-07T19:58:57.942628Z  INFO falcon_algebraic:prove:falcon_algebraic:bitz:falcon_bridge:wfbitz_forest:spartan:grinding{bits=14}: bitz::piop::spartan::grinding: close time.busy=13.4µs time.idle=120ns
2026-10-07T19:58:57.942679Z  INFO falcon_algebraic:prove:falcon_algebraic:bitz:falcon_bridge:wfbitz_forest:spartan:grinding{bits=14}: bitz::piop::spartan::grinding: close time.busy=47.9µs time.idle=130ns
2026-10-07T19:58:57.942798Z  INFO falcon_algebraic:prove:falcon_algebraic:bitz:falcon_bridge:wfbitz_forest:spartan:grinding{bits=14}: bitz::piop::spartan::grinding: close time.busy=116µs time.idle=131ns
2026-10-07T19:58:57.942848Z  INFO falcon_algebraic:prove:falcon_algebraic:bitz:falcon_bridge:wfbitz_forest:spartan:grinding{bits=14}: bitz::piop::spartan::grinding: close time.busy=47.3µs time.idle=111ns
2026-10-07T19:58:57.942891Z  INFO falcon_algebraic:prove:falcon_algebraic:bitz:falcon_bridge:wfbitz_forest:spartan:grinding{bits=14}: bitz::piop::spartan::grinding: close time.busy=40.1µs time.idle=121ns
2026-10-07T19:58:57.943391Z  INFO falcon_algebraic:prove:falcon_algebraic:bitz:falcon_bridge:wfbitz_forest: bitz::hybrid::integer_bridge: close time.busy=61.7ms time.idle=210ns
2026-10-07T19:58:57.943459Z  INFO falcon_algebraic:prove:falcon_algebraic:bitz: bitz::piop::spartan::falcon512_algebraic::protocol: close time.busy=65.9ms time.idle=160ns
2026-10-07T19:58:57.946881Z  INFO falcon_algebraic:prove:falcon_joint:packed_setup: bitz::hybrid::joint_sumcheck: close time.busy=3.42ms time.idle=152ns
2026-10-07T19:58:57.946935Z  INFO falcon_algebraic:prove:spartan:round_grinding_prove:spartan:grinding{bits=10}: bitz::piop::spartan::grinding: close time.busy=2.21µs time.idle=100ns
2026-10-07T19:58:57.946937Z  INFO falcon_algebraic:prove:spartan:round_grinding_prove: bitz::sumcheck::boundary: close time.busy=4.82µs time.idle=140ns
2026-10-07T19:58:57.946996Z  INFO falcon_algebraic:prove:spartan:round_grinding_prove:spartan:grinding{bits=10}: bitz::piop::spartan::grinding: close time.busy=351ns time.idle=110ns
2026-10-07T19:58:57.946997Z  INFO falcon_algebraic:prove:spartan:round_grinding_prove: bitz::sumcheck::boundary: close time.busy=2.69µs time.idle=110ns
2026-10-07T19:58:57.947058Z  INFO falcon_algebraic:prove:spartan:round_grinding_prove:spartan:grinding{bits=10}: bitz::piop::spartan::grinding: close time.busy=4.60µs time.idle=110ns
2026-10-07T19:58:57.947059Z  INFO falcon_algebraic:prove:spartan:round_grinding_prove: bitz::sumcheck::boundary: close time.busy=6.81µs time.idle=120ns
2026-10-07T19:58:57.947130Z  INFO falcon_algebraic:prove:spartan:round_grinding_prove:spartan:grinding{bits=10}: bitz::piop::spartan::grinding: close time.busy=19.2µs time.idle=111ns
2026-10-07T19:58:57.947132Z  INFO falcon_algebraic:prove:spartan:round_grinding_prove: bitz::sumcheck::boundary: close time.busy=21.4µs time.idle=120ns
2026-10-07T19:58:57.947186Z  INFO falcon_algebraic:prove:spartan:round_grinding_prove:spartan:grinding{bits=10}: bitz::piop::spartan::grinding: close time.busy=3.81µs time.idle=100ns
2026-10-07T19:58:57.947188Z  INFO falcon_algebraic:prove:spartan:round_grinding_prove: bitz::sumcheck::boundary: close time.busy=6.29µs time.idle=130ns
2026-10-07T19:58:57.947238Z  INFO falcon_algebraic:prove:spartan:round_grinding_prove:spartan:grinding{bits=10}: bitz::piop::spartan::grinding: close time.busy=411ns time.idle=100ns
2026-10-07T19:58:57.947240Z  INFO falcon_algebraic:prove:spartan:round_grinding_prove: bitz::sumcheck::boundary: close time.busy=2.62µs time.idle=191ns
2026-10-07T19:58:57.947293Z  INFO falcon_algebraic:prove:spartan:round_grinding_prove:spartan:grinding{bits=10}: bitz::piop::spartan::grinding: close time.busy=3.21µs time.idle=110ns
2026-10-07T19:58:57.947294Z  INFO falcon_algebraic:prove:spartan:round_grinding_prove: bitz::sumcheck::boundary: close time.busy=5.34µs time.idle=120ns
2026-10-07T19:58:57.948777Z  INFO falcon_algebraic:prove:falcon_joint:prepare: bitz::hybrid::joint_sumcheck: close time.busy=1.48ms time.idle=130ns
2026-10-07T19:58:57.948789Z  INFO falcon_algebraic:prove:spartan:round_grinding_prove:spartan:grinding{bits=10}: bitz::piop::spartan::grinding: close time.busy=9.00µs time.idle=110ns
2026-10-07T19:58:57.948791Z  INFO falcon_algebraic:prove:spartan:round_grinding_prove: bitz::sumcheck::boundary: close time.busy=11.4µs time.idle=180ns
2026-10-07T19:58:57.949140Z  INFO falcon_algebraic:prove:falcon_joint:compact: bitz::hybrid::joint_sumcheck: close time.busy=347µs time.idle=140ns
2026-10-07T19:58:57.949144Z  INFO falcon_algebraic:prove:spartan:round_grinding_prove:spartan:grinding{bits=10}: bitz::piop::spartan::grinding: close time.busy=721ns time.idle=120ns
2026-10-07T19:58:57.949145Z  INFO falcon_algebraic:prove:spartan:round_grinding_prove: bitz::sumcheck::boundary: close time.busy=3.45µs time.idle=170ns
2026-10-07T19:58:57.949290Z  INFO falcon_algebraic:prove:falcon_joint:compact: bitz::hybrid::joint_sumcheck: close time.busy=142µs time.idle=111ns
2026-10-07T19:58:57.949296Z  INFO falcon_algebraic:prove:spartan:round_grinding_prove:spartan:grinding{bits=10}: bitz::piop::spartan::grinding: close time.busy=3.57µs time.idle=110ns
2026-10-07T19:58:57.949297Z  INFO falcon_algebraic:prove:spartan:round_grinding_prove: bitz::sumcheck::boundary: close time.busy=5.89µs time.idle=110ns
2026-10-07T19:58:57.949387Z  INFO falcon_algebraic:prove:falcon_joint:compact: bitz::hybrid::joint_sumcheck: close time.busy=88.3µs time.idle=121ns
2026-10-07T19:58:57.949395Z  INFO falcon_algebraic:prove:spartan:round_grinding_prove:spartan:grinding{bits=10}: bitz::piop::spartan::grinding: close time.busy=4.41µs time.idle=111ns
2026-10-07T19:58:57.949396Z  INFO falcon_algebraic:prove:spartan:round_grinding_prove: bitz::sumcheck::boundary: close time.busy=6.71µs time.idle=110ns
2026-10-07T19:58:57.949473Z  INFO falcon_algebraic:prove:falcon_joint:compact: bitz::hybrid::joint_sumcheck: close time.busy=75.4µs time.idle=131ns
2026-10-07T19:58:57.949476Z  INFO falcon_algebraic:prove:spartan:round_grinding_prove:spartan:grinding{bits=10}: bitz::piop::spartan::grinding: close time.busy=371ns time.idle=120ns
2026-10-07T19:58:57.949478Z  INFO falcon_algebraic:prove:spartan:round_grinding_prove: bitz::sumcheck::boundary: close time.busy=2.63µs time.idle=110ns
2026-10-07T19:58:57.949497Z  INFO falcon_algebraic:prove:falcon_joint:dense: bitz::hybrid::joint_sumcheck: close time.busy=17.1µs time.idle=120ns
2026-10-07T19:58:57.949500Z  INFO falcon_algebraic:prove:spartan:round_grinding_prove:spartan:grinding{bits=10}: bitz::piop::spartan::grinding: close time.busy=1.49µs time.idle=112ns
2026-10-07T19:58:57.949502Z  INFO falcon_algebraic:prove:spartan:round_grinding_prove: bitz::sumcheck::boundary: close time.busy=3.60µs time.idle=120ns
2026-10-07T19:58:57.949513Z  INFO falcon_algebraic:prove:falcon_joint:dense: bitz::hybrid::joint_sumcheck: close time.busy=9.53µs time.idle=120ns
2026-10-07T19:58:57.949518Z  INFO falcon_algebraic:prove:spartan:round_grinding_prove:spartan:grinding{bits=10}: bitz::piop::spartan::grinding: close time.busy=2.69µs time.idle=110ns
2026-10-07T19:58:57.949519Z  INFO falcon_algebraic:prove:spartan:round_grinding_prove: bitz::sumcheck::boundary: close time.busy=4.92µs time.idle=110ns
2026-10-07T19:58:57.949527Z  INFO falcon_algebraic:prove:falcon_joint:dense: bitz::hybrid::joint_sumcheck: close time.busy=6.90µs time.idle=110ns
2026-10-07T19:58:57.949532Z  INFO falcon_algebraic:prove:spartan:round_grinding_prove:spartan:grinding{bits=10}: bitz::piop::spartan::grinding: close time.busy=2.86µs time.idle=120ns
2026-10-07T19:58:57.949534Z  INFO falcon_algebraic:prove:spartan:round_grinding_prove: bitz::sumcheck::boundary: close time.busy=5.59µs time.idle=110ns
2026-10-07T19:58:57.949537Z  INFO falcon_algebraic:prove:falcon_joint:dense: bitz::hybrid::joint_sumcheck: close time.busy=1.35µs time.idle=100ns
2026-10-07T19:58:57.949540Z  INFO falcon_algebraic:prove:spartan:round_grinding_prove:spartan:grinding{bits=10}: bitz::piop::spartan::grinding: close time.busy=351ns time.idle=110ns
2026-10-07T19:58:57.949541Z  INFO falcon_algebraic:prove:spartan:round_grinding_prove: bitz::sumcheck::boundary: close time.busy=2.62µs time.idle=110ns
2026-10-07T19:58:57.949543Z  INFO falcon_algebraic:prove:falcon_joint:dense: bitz::hybrid::joint_sumcheck: close time.busy=732ns time.idle=100ns
2026-10-07T19:58:57.949547Z  INFO falcon_algebraic:prove:spartan:round_grinding_prove:spartan:grinding{bits=10}: bitz::piop::spartan::grinding: close time.busy=1.16µs time.idle=100ns
2026-10-07T19:58:57.949548Z  INFO falcon_algebraic:prove:spartan:round_grinding_prove: bitz::sumcheck::boundary: close time.busy=3.53µs time.idle=110ns
2026-10-07T19:58:57.949550Z  INFO falcon_algebraic:prove:falcon_joint:dense: bitz::hybrid::joint_sumcheck: close time.busy=391ns time.idle=110ns
2026-10-07T19:58:57.949559Z  INFO falcon_algebraic:prove:spartan:round_grinding_prove:spartan:grinding{bits=10}: bitz::piop::spartan::grinding: close time.busy=6.58µs time.idle=101ns
2026-10-07T19:58:57.949560Z  INFO falcon_algebraic:prove:spartan:round_grinding_prove: bitz::sumcheck::boundary: close time.busy=8.85µs time.idle=120ns
2026-10-07T19:58:57.949562Z  INFO falcon_algebraic:prove:falcon_joint:dense: bitz::hybrid::joint_sumcheck: close time.busy=231ns time.idle=120ns
2026-10-07T19:58:57.949566Z  INFO falcon_algebraic:prove:spartan:round_grinding_prove:spartan:grinding{bits=10}: bitz::piop::spartan::grinding: close time.busy=1.71µs time.idle=110ns
2026-10-07T19:58:57.949567Z  INFO falcon_algebraic:prove:spartan:round_grinding_prove: bitz::sumcheck::boundary: close time.busy=3.73µs time.idle=110ns
2026-10-07T19:58:57.949569Z  INFO falcon_algebraic:prove:falcon_joint:dense: bitz::hybrid::joint_sumcheck: close time.busy=150ns time.idle=120ns
2026-10-07T19:58:57.949572Z  INFO falcon_algebraic:prove:spartan:round_grinding_prove:spartan:grinding{bits=10}: bitz::piop::spartan::grinding: close time.busy=1.16µs time.idle=111ns
2026-10-07T19:58:57.949573Z  INFO falcon_algebraic:prove:spartan:round_grinding_prove: bitz::sumcheck::boundary: close time.busy=3.21µs time.idle=110ns
2026-10-07T19:58:57.949575Z  INFO falcon_algebraic:prove:falcon_joint:dense: bitz::hybrid::joint_sumcheck: close time.busy=110ns time.idle=110ns
2026-10-07T19:58:57.949586Z  INFO falcon_algebraic:prove:spartan:round_grinding_prove:spartan:grinding{bits=10}: bitz::piop::spartan::grinding: close time.busy=9.49µs time.idle=100ns
2026-10-07T19:58:57.949587Z  INFO falcon_algebraic:prove:spartan:round_grinding_prove: bitz::sumcheck::boundary: close time.busy=11.5µs time.idle=110ns
2026-10-07T19:58:57.949589Z  INFO falcon_algebraic:prove:falcon_joint:dense: bitz::hybrid::joint_sumcheck: close time.busy=90.0ns time.idle=110ns
2026-10-07T19:58:57.949597Z  INFO falcon_algebraic:prove:spartan:round_grinding_prove:spartan:grinding{bits=10}: bitz::piop::spartan::grinding: close time.busy=5.80µs time.idle=100ns
2026-10-07T19:58:57.949598Z  INFO falcon_algebraic:prove:spartan:round_grinding_prove: bitz::sumcheck::boundary: close time.busy=7.85µs time.idle=112ns
2026-10-07T19:58:57.949600Z  INFO falcon_algebraic:prove:falcon_joint:dense: bitz::hybrid::joint_sumcheck: close time.busy=101ns time.idle=110ns
2026-10-07T19:58:57.949610Z  INFO falcon_algebraic:prove:spartan:round_grinding_prove:spartan:grinding{bits=10}: bitz::piop::spartan::grinding: close time.busy=7.84µs time.idle=110ns
2026-10-07T19:58:57.949611Z  INFO falcon_algebraic:prove:spartan:round_grinding_prove: bitz::sumcheck::boundary: close time.busy=10.0µs time.idle=110ns
2026-10-07T19:58:57.949613Z  INFO falcon_algebraic:prove:falcon_joint:dense: bitz::hybrid::joint_sumcheck: close time.busy=220ns time.idle=111ns
2026-10-07T19:58:57.949624Z  INFO falcon_algebraic:prove:spartan:round_grinding_prove:spartan:grinding{bits=10}: bitz::piop::spartan::grinding: close time.busy=8.76µs time.idle=110ns
2026-10-07T19:58:57.949626Z  INFO falcon_algebraic:prove:spartan:round_grinding_prove: bitz::sumcheck::boundary: close time.busy=11.0µs time.idle=120ns
2026-10-07T19:58:57.949627Z  INFO falcon_algebraic:prove:falcon_joint:dense: bitz::hybrid::joint_sumcheck: close time.busy=80.0ns time.idle=110ns
2026-10-07T19:58:57.949631Z  INFO falcon_algebraic:prove:spartan:round_grinding_prove:spartan:grinding{bits=10}: bitz::piop::spartan::grinding: close time.busy=1.10µs time.idle=111ns
2026-10-07T19:58:57.949632Z  INFO falcon_algebraic:prove:spartan:round_grinding_prove: bitz::sumcheck::boundary: close time.busy=3.23µs time.idle=110ns
2026-10-07T19:58:57.949633Z  INFO falcon_algebraic:prove:falcon_joint:dense: bitz::hybrid::joint_sumcheck: close time.busy=70.0ns time.idle=110ns
2026-10-07T19:58:57.953054Z  INFO falcon_algebraic:prove:falcon_algebraic:pcs:op:ring_switch:spartan:grinding{bits=12}: bitz::piop::spartan::grinding: close time.busy=13.3µs time.idle=120ns
2026-10-07T19:58:57.953068Z  INFO falcon_algebraic:prove:falcon_algebraic:pcs:op:ring_switch: bitz::hybrid::opening: close time.busy=3.43ms time.idle=120ns
2026-10-07T19:58:57.953078Z  INFO falcon_algebraic:prove:falcon_algebraic:pcs:op:extra_bases:spartan:grinding{bits=12}: bitz::piop::spartan::grinding: close time.busy=7.38µs time.idle=120ns
2026-10-07T19:58:57.956818Z  INFO falcon_algebraic:prove:falcon_algebraic:pcs:op:extra_bases:op:initial_messages: bitz::hybrid::opening::streamed: close time.busy=3.72ms time.idle=141ns
2026-10-07T19:58:57.956820Z  INFO falcon_algebraic:prove:falcon_algebraic:pcs:op:extra_bases: bitz::hybrid::opening: close time.busy=3.75ms time.idle=140ns
2026-10-07T19:58:57.956838Z  INFO falcon_algebraic:prove:falcon_algebraic:pcs:op:ligerito:lig:grind_pow{bits=20}:spartan:grinding{bits=12}: bitz::piop::spartan::grinding: close time.busy=11.5µs time.idle=150ns
2026-10-07T19:58:57.963465Z  INFO falcon_algebraic:prove:falcon_algebraic:pcs:op:ligerito:lig:grind_pow{bits=20 seed_lo=16375824786920364557 seed_hi=1983144282459121119 nonce=1785466}: bitz::ligerito_flock: close time.busy=6.64ms time.idle=131ns
2026-10-07T19:58:57.963477Z  INFO falcon_algebraic:prove:falcon_algebraic:pcs:op:ligerito:spartan:grinding{bits=12}: bitz::piop::spartan::grinding: close time.busy=9.07µs time.idle=131ns
2026-10-07T19:58:57.963519Z  INFO falcon_algebraic:prove:falcon_algebraic:pcs:op:ligerito:lig:grind_pow{bits=20}:spartan:grinding{bits=12}: bitz::piop::spartan::grinding: close time.busy=37.9µs time.idle=240ns
2026-10-07T19:58:57.968852Z  INFO falcon_algebraic:prove:falcon_algebraic:pcs:op:ligerito:lig:grind_pow{bits=20 seed_lo=14517310510578505501 seed_hi=6928831755814259526 nonce=1434179}: bitz::ligerito_flock: close time.busy=5.37ms time.idle=111ns
2026-10-07T19:58:57.968872Z  INFO falcon_algebraic:prove:falcon_algebraic:pcs:op:ligerito:spartan:grinding{bits=12}: bitz::piop::spartan::grinding: close time.busy=17.7µs time.idle=131ns
2026-10-07T19:58:57.970136Z  INFO falcon_algebraic:prove:falcon_algebraic:pcs:op:ligerito:op:deferred_first_fold: bitz::hybrid::opening::streamed: close time.busy=1.26ms time.idle=140ns
2026-10-07T19:58:57.970170Z  INFO falcon_algebraic:prove:falcon_algebraic:pcs:op:ligerito:lig:grind_pow{bits=20}:spartan:grinding{bits=12}: bitz::piop::spartan::grinding: close time.busy=29.2µs time.idle=120ns
2026-10-07T19:58:57.972944Z  INFO falcon_algebraic:prove:falcon_algebraic:pcs:op:ligerito:lig:grind_pow{bits=20 seed_lo=14441719486906525332 seed_hi=4887251053874519830 nonce=749449}: bitz::ligerito_flock: close time.busy=2.80ms time.idle=122ns
2026-10-07T19:58:57.972960Z  INFO falcon_algebraic:prove:falcon_algebraic:pcs:op:ligerito:spartan:grinding{bits=12}: bitz::piop::spartan::grinding: close time.busy=13.5µs time.idle=110ns
2026-10-07T19:58:57.972979Z  INFO falcon_algebraic:prove:falcon_algebraic:pcs:op:ligerito:lig:grind_pow{bits=20}:spartan:grinding{bits=12}: bitz::piop::spartan::grinding: close time.busy=15.0µs time.idle=110ns
2026-10-07T19:58:57.975359Z  INFO falcon_algebraic:prove:falcon_algebraic:pcs:op:ligerito:lig:grind_pow{bits=20 seed_lo=4040019448686371158 seed_hi=12007848838415722241 nonce=638779}: bitz::ligerito_flock: close time.busy=2.40ms time.idle=130ns
2026-10-07T19:58:57.975384Z  INFO falcon_algebraic:prove:falcon_algebraic:pcs:op:ligerito:spartan:grinding{bits=12}: bitz::piop::spartan::grinding: close time.busy=23.3µs time.idle=110ns
2026-10-07T19:58:57.976394Z  INFO falcon_algebraic:prove:falcon_algebraic:pcs:op:ligerito:lig:grind_pow{bits=11}:spartan:grinding{bits=12}: bitz::piop::spartan::grinding: close time.busy=25.3µs time.idle=110ns
2026-10-07T19:58:57.976404Z  INFO falcon_algebraic:prove:falcon_algebraic:pcs:op:ligerito:lig:grind_pow{bits=11 seed_lo=12168614032339833606 seed_hi=677864334761961363 nonce=1876}: bitz::ligerito_flock: close time.busy=35.9µs time.idle=140ns
2026-10-07T19:58:57.976431Z  INFO falcon_algebraic:prove:falcon_algebraic:pcs:op:ligerito:spartan:grinding{bits=12}: bitz::piop::spartan::grinding: close time.busy=24.4µs time.idle=110ns
2026-10-07T19:58:57.977411Z  INFO falcon_algebraic:prove:falcon_algebraic:pcs:op:ligerito:lig:grind_pow{bits=7}:spartan:grinding{bits=12}: bitz::piop::spartan::grinding: close time.busy=6.64µs time.idle=131ns
2026-10-07T19:58:57.977414Z  INFO falcon_algebraic:prove:falcon_algebraic:pcs:op:ligerito:lig:grind_pow{bits=7 seed_lo=12556229113317911125 seed_hi=6749826581381619231 nonce=24}: bitz::ligerito_flock: close time.busy=10.7µs time.idle=130ns
2026-10-07T19:58:57.977437Z  INFO falcon_algebraic:prove:falcon_algebraic:pcs:op:ligerito:spartan:grinding{bits=12}: bitz::piop::spartan::grinding: close time.busy=20.1µs time.idle=120ns
2026-10-07T19:58:57.977499Z  INFO falcon_algebraic:prove:falcon_algebraic:pcs:op:ligerito:lig:grind_pow{bits=19}:spartan:grinding{bits=12}: bitz::piop::spartan::grinding: close time.busy=22.6µs time.idle=110ns
2026-10-07T19:58:57.978002Z  INFO falcon_algebraic:prove:falcon_algebraic:pcs:op:ligerito:lig:grind_pow{bits=19 seed_lo=4999734546879186383 seed_hi=5642541635383918156 nonce=133341}: bitz::ligerito_flock: close time.busy=527µs time.idle=120ns
2026-10-07T19:58:57.978032Z  INFO falcon_algebraic:prove:falcon_algebraic:pcs:op:ligerito:spartan:grinding{bits=12}: bitz::piop::spartan::grinding: close time.busy=27.1µs time.idle=111ns
2026-10-07T19:58:57.978098Z  INFO falcon_algebraic:prove:falcon_algebraic:pcs:op:ligerito:lig:grind_pow{bits=19}:spartan:grinding{bits=12}: bitz::piop::spartan::grinding: close time.busy=32.2µs time.idle=111ns
2026-10-07T19:58:57.979165Z  INFO falcon_algebraic:prove:falcon_algebraic:pcs:op:ligerito:lig:grind_pow{bits=19 seed_lo=16120839933993617660 seed_hi=8845007109929095843 nonce=285668}: bitz::ligerito_flock: close time.busy=1.10ms time.idle=121ns
2026-10-07T19:58:57.979181Z  INFO falcon_algebraic:prove:falcon_algebraic:pcs:op:ligerito:spartan:grinding{bits=12}: bitz::piop::spartan::grinding: close time.busy=14.0µs time.idle=111ns
2026-10-07T19:58:57.979261Z  INFO falcon_algebraic:prove:falcon_algebraic:pcs:op:ligerito:lig:grind_pow{bits=19}:spartan:grinding{bits=12}: bitz::piop::spartan::grinding: close time.busy=62.7µs time.idle=110ns
2026-10-07T19:58:57.986605Z  INFO falcon_algebraic:prove:falcon_algebraic:pcs:op:ligerito:lig:grind_pow{bits=19 seed_lo=7533905475163248731 seed_hi=13331801534544350727 nonce=1978168}: bitz::ligerito_flock: close time.busy=7.41ms time.idle=110ns
2026-10-07T19:58:57.986622Z  INFO falcon_algebraic:prove:falcon_algebraic:pcs:op:ligerito:spartan:grinding{bits=12}: bitz::piop::spartan::grinding: close time.busy=15.0µs time.idle=110ns
2026-10-07T19:58:57.986834Z  INFO falcon_algebraic:prove:falcon_algebraic:pcs:op:ligerito:lig:grind_pow{bits=11}:spartan:grinding{bits=12}: bitz::piop::spartan::grinding: close time.busy=5.91µs time.idle=110ns
2026-10-07T19:58:57.986843Z  INFO falcon_algebraic:prove:falcon_algebraic:pcs:op:ligerito:lig:grind_pow{bits=11 seed_lo=13414360004935892538 seed_hi=13352016151955891289 nonce=1894}: bitz::ligerito_flock: close time.busy=16.1µs time.idle=120ns
2026-10-07T19:58:57.986854Z  INFO falcon_algebraic:prove:falcon_algebraic:pcs:op:ligerito:spartan:grinding{bits=12}: bitz::piop::spartan::grinding: close time.busy=8.46µs time.idle=120ns
2026-10-07T19:58:57.987840Z  INFO falcon_algebraic:prove:falcon_algebraic:pcs:op:ligerito:lig:grind_pow{bits=7}:spartan:grinding{bits=12}: bitz::piop::spartan::grinding: close time.busy=49.0µs time.idle=122ns
2026-10-07T19:58:57.987843Z  INFO falcon_algebraic:prove:falcon_algebraic:pcs:op:ligerito:lig:grind_pow{bits=7 seed_lo=14011323245469665233 seed_hi=10627610180640753093 nonce=87}: bitz::ligerito_flock: close time.busy=52.7µs time.idle=120ns
2026-10-07T19:58:57.987879Z  INFO falcon_algebraic:prove:falcon_algebraic:pcs:op:ligerito:spartan:grinding{bits=12}: bitz::piop::spartan::grinding: close time.busy=33.4µs time.idle=110ns
2026-10-07T19:58:57.987903Z  INFO falcon_algebraic:prove:falcon_algebraic:pcs:op:ligerito:lig:grind_pow{bits=17}:spartan:grinding{bits=12}: bitz::piop::spartan::grinding: close time.busy=16.9µs time.idle=111ns
2026-10-07T19:58:57.987935Z  INFO falcon_algebraic:prove:falcon_algebraic:pcs:op:ligerito:lig:grind_pow{bits=17 seed_lo=12040305675577541021 seed_hi=4448544093894922929 nonce=7149}: bitz::ligerito_flock: close time.busy=50.3µs time.idle=120ns
2026-10-07T19:58:57.987955Z  INFO falcon_algebraic:prove:falcon_algebraic:pcs:op:ligerito:spartan:grinding{bits=12}: bitz::piop::spartan::grinding: close time.busy=17.4µs time.idle=112ns
2026-10-07T19:58:57.987973Z  INFO falcon_algebraic:prove:falcon_algebraic:pcs:op:ligerito:lig:grind_pow{bits=17}:spartan:grinding{bits=12}: bitz::piop::spartan::grinding: close time.busy=9.71µs time.idle=120ns
2026-10-07T19:58:57.987996Z  INFO falcon_algebraic:prove:falcon_algebraic:pcs:op:ligerito:lig:grind_pow{bits=17 seed_lo=14594745866361555729 seed_hi=4481801811290485119 nonce=4584}: bitz::ligerito_flock: close time.busy=33.5µs time.idle=100ns
2026-10-07T19:58:57.988036Z  INFO falcon_algebraic:prove:falcon_algebraic:pcs:op:ligerito:spartan:grinding{bits=12}: bitz::piop::spartan::grinding: close time.busy=37.8µs time.idle=120ns
2026-10-07T19:58:57.988053Z  INFO falcon_algebraic:prove:falcon_algebraic:pcs:op:ligerito:lig:grind_pow{bits=17}:spartan:grinding{bits=12}: bitz::piop::spartan::grinding: close time.busy=9.83µs time.idle=111ns
2026-10-07T19:58:57.988175Z  INFO falcon_algebraic:prove:falcon_algebraic:pcs:op:ligerito:lig:grind_pow{bits=17 seed_lo=13300957292935261440 seed_hi=4548511347967446605 nonce=31400}: bitz::ligerito_flock: close time.busy=133µs time.idle=110ns
2026-10-07T19:58:57.988224Z  INFO falcon_algebraic:prove:falcon_algebraic:pcs:op:ligerito:spartan:grinding{bits=12}: bitz::piop::spartan::grinding: close time.busy=46.6µs time.idle=110ns
2026-10-07T19:58:57.988289Z  INFO falcon_algebraic:prove:falcon_algebraic:pcs:op:ligerito:lig:grind_pow{bits=11}:spartan:grinding{bits=12}: bitz::piop::spartan::grinding: close time.busy=17.6µs time.idle=120ns
2026-10-07T19:58:57.988301Z  INFO falcon_algebraic:prove:falcon_algebraic:pcs:op:ligerito:lig:grind_pow{bits=11 seed_lo=5054118974374254575 seed_hi=14981614931524400151 nonce=2654}: bitz::ligerito_flock: close time.busy=30.2µs time.idle=110ns
2026-10-07T19:58:57.988332Z  INFO falcon_algebraic:prove:falcon_algebraic:pcs:op:ligerito:spartan:grinding{bits=12}: bitz::piop::spartan::grinding: close time.busy=29.3µs time.idle=120ns
2026-10-07T19:58:57.988509Z  INFO falcon_algebraic:prove:falcon_algebraic:pcs:op:ligerito:lig:grind_pow{bits=7}:spartan:grinding{bits=12}: bitz::piop::spartan::grinding: close time.busy=5.67µs time.idle=120ns
2026-10-07T19:58:57.988512Z  INFO falcon_algebraic:prove:falcon_algebraic:pcs:op:ligerito:lig:grind_pow{bits=7 seed_lo=10782382566308342209 seed_hi=11179761202078984758 nonce=218}: bitz::ligerito_flock: close time.busy=9.70µs time.idle=110ns
2026-10-07T19:58:57.988521Z  INFO falcon_algebraic:prove:falcon_algebraic:pcs:op:ligerito:spartan:grinding{bits=12}: bitz::piop::spartan::grinding: close time.busy=6.53µs time.idle=111ns
2026-10-07T19:58:57.988535Z  INFO falcon_algebraic:prove:falcon_algebraic:pcs:op:ligerito:lig:grind_pow{bits=15}:spartan:grinding{bits=12}: bitz::piop::spartan::grinding: close time.busy=9.39µs time.idle=111ns
2026-10-07T19:58:57.988646Z  INFO falcon_algebraic:prove:falcon_algebraic:pcs:op:ligerito:lig:grind_pow{bits=15 seed_lo=1228380510673385658 seed_hi=4608945683697044113 nonce=28426}: bitz::ligerito_flock: close time.busy=122µs time.idle=110ns
2026-10-07T19:58:57.988656Z  INFO falcon_algebraic:prove:falcon_algebraic:pcs:op:ligerito:spartan:grinding{bits=12}: bitz::piop::spartan::grinding: close time.busy=7.64µs time.idle=110ns
2026-10-07T19:58:57.988664Z  INFO falcon_algebraic:prove:falcon_algebraic:pcs:op:ligerito:lig:grind_pow{bits=15}:spartan:grinding{bits=12}: bitz::piop::spartan::grinding: close time.busy=4.11µs time.idle=111ns
2026-10-07T19:58:57.988765Z  INFO falcon_algebraic:prove:falcon_algebraic:pcs:op:ligerito:lig:grind_pow{bits=15 seed_lo=15181336230616402119 seed_hi=7493050434602918546 nonce=25325}: bitz::ligerito_flock: close time.busy=105µs time.idle=111ns
2026-10-07T19:58:57.988775Z  INFO falcon_algebraic:prove:falcon_algebraic:pcs:op:ligerito:spartan:grinding{bits=12}: bitz::piop::spartan::grinding: close time.busy=8.56µs time.idle=110ns
2026-10-07T19:58:57.988790Z  INFO falcon_algebraic:prove:falcon_algebraic:pcs:op:ligerito:lig:grind_pow{bits=15}:spartan:grinding{bits=12}: bitz::piop::spartan::grinding: close time.busy=11.9µs time.idle=120ns
2026-10-07T19:58:57.988902Z  INFO falcon_algebraic:prove:falcon_algebraic:pcs:op:ligerito:lig:grind_pow{bits=15 seed_lo=7421790146636421713 seed_hi=16128424606281112580 nonce=28449}: bitz::ligerito_flock: close time.busy=125µs time.idle=120ns
2026-10-07T19:58:57.988916Z  INFO falcon_algebraic:prove:falcon_algebraic:pcs:op:ligerito:spartan:grinding{bits=12}: bitz::piop::spartan::grinding: close time.busy=11.3µs time.idle=110ns
2026-10-07T19:58:57.988926Z  INFO falcon_algebraic:prove:falcon_algebraic:pcs:op:ligerito:lig:grind_pow{bits=11}:spartan:grinding{bits=12}: bitz::piop::spartan::grinding: close time.busy=4.99µs time.idle=111ns
2026-10-07T19:58:57.988930Z  INFO falcon_algebraic:prove:falcon_algebraic:pcs:op:ligerito:lig:grind_pow{bits=11 seed_lo=14005453541847172307 seed_hi=3880069313824445422 nonce=567}: bitz::ligerito_flock: close time.busy=10.2µs time.idle=110ns
2026-10-07T19:58:57.988939Z  INFO falcon_algebraic:prove:falcon_algebraic:pcs:op:ligerito:spartan:grinding{bits=12}: bitz::piop::spartan::grinding: close time.busy=6.81µs time.idle=110ns
2026-10-07T19:58:57.989017Z  INFO falcon_algebraic:prove:falcon_algebraic:pcs:op:ligerito: bitz::hybrid::opening: close time.busy=32.2ms time.idle=151ns
2026-10-07T19:58:57.989020Z  INFO falcon_algebraic:prove:falcon_algebraic:pcs: bitz::piop::spartan::falcon512_algebraic::protocol: close time.busy=39.4ms time.idle=120ns
2026-10-07T19:58:57.989990Z  INFO falcon_algebraic:prove: bitz::piop::spartan::falcon512_algebraic::protocol: close time.busy=334ms time.idle=190ns
2026-10-07T19:58:58.001811Z  INFO falcon_algebraic:verify:falcon_algebraic_ring:verify:falcon_algebraic_ring:coordinates: bitz::piop::spartan::falcon512_algebraic::ring: close time.busy=3.51ms time.idle=130ns
2026-10-07T19:58:58.020631Z  INFO falcon_algebraic:verify:falcon_algebraic_ring:verify:falcon_algebraic_ring:collapse: bitz::piop::spartan::falcon512_algebraic::ring: close time.busy=18.8ms time.idle=150ns
2026-10-07T19:58:58.020634Z  INFO falcon_algebraic:verify:falcon_algebraic_ring:verify: bitz::piop::spartan::falcon512_algebraic::ring: close time.busy=22.6ms time.idle=172ns
2026-10-07T19:58:58.020662Z  INFO falcon_algebraic:verify:spartan:round_grinding_verify: bitz::sumcheck::boundary: close time.busy=1.00µs time.idle=140ns
2026-10-07T19:58:58.020666Z  INFO falcon_algebraic:verify:spartan:round_grinding_verify: bitz::sumcheck::boundary: close time.busy=841ns time.idle=110ns
2026-10-07T19:58:58.020670Z  INFO falcon_algebraic:verify:spartan:round_grinding_verify: bitz::sumcheck::boundary: close time.busy=901ns time.idle=120ns
2026-10-07T19:58:58.020675Z  INFO falcon_algebraic:verify:spartan:round_grinding_verify: bitz::sumcheck::boundary: close time.busy=892ns time.idle=110ns
2026-10-07T19:58:58.020679Z  INFO falcon_algebraic:verify:spartan:round_grinding_verify: bitz::sumcheck::boundary: close time.busy=711ns time.idle=110ns
2026-10-07T19:58:58.020684Z  INFO falcon_algebraic:verify:spartan:round_grinding_verify: bitz::sumcheck::boundary: close time.busy=811ns time.idle=111ns
2026-10-07T19:58:58.020688Z  INFO falcon_algebraic:verify:spartan:round_grinding_verify: bitz::sumcheck::boundary: close time.busy=811ns time.idle=121ns
2026-10-07T19:58:58.020692Z  INFO falcon_algebraic:verify:spartan:round_grinding_verify: bitz::sumcheck::boundary: close time.busy=891ns time.idle=130ns
2026-10-07T19:58:58.020696Z  INFO falcon_algebraic:verify:spartan:round_grinding_verify: bitz::sumcheck::boundary: close time.busy=871ns time.idle=121ns
2026-10-07T19:58:58.020701Z  INFO falcon_algebraic:verify:spartan:round_grinding_verify: bitz::sumcheck::boundary: close time.busy=761ns time.idle=121ns
2026-10-07T19:58:58.020706Z  INFO falcon_algebraic:verify:spartan:round_grinding_verify: bitz::sumcheck::boundary: close time.busy=882ns time.idle=110ns
2026-10-07T19:58:58.020710Z  INFO falcon_algebraic:verify:spartan:round_grinding_verify: bitz::sumcheck::boundary: close time.busy=822ns time.idle=110ns
2026-10-07T19:58:58.020714Z  INFO falcon_algebraic:verify:spartan:round_grinding_verify: bitz::sumcheck::boundary: close time.busy=932ns time.idle=120ns
2026-10-07T19:58:58.020719Z  INFO falcon_algebraic:verify:spartan:round_grinding_verify: bitz::sumcheck::boundary: close time.busy=951ns time.idle=111ns
2026-10-07T19:58:58.020724Z  INFO falcon_algebraic:verify:spartan:round_grinding_verify: bitz::sumcheck::boundary: close time.busy=721ns time.idle=111ns
2026-10-07T19:58:58.020728Z  INFO falcon_algebraic:verify:spartan:round_grinding_verify: bitz::sumcheck::boundary: close time.busy=802ns time.idle=120ns
2026-10-07T19:58:58.020732Z  INFO falcon_algebraic:verify:spartan:round_grinding_verify: bitz::sumcheck::boundary: close time.busy=922ns time.idle=110ns
2026-10-07T19:58:58.020738Z  INFO falcon_algebraic:verify:spartan:round_grinding_verify: bitz::sumcheck::boundary: close time.busy=771ns time.idle=120ns
2026-10-07T19:58:58.020742Z  INFO falcon_algebraic:verify:spartan:round_grinding_verify: bitz::sumcheck::boundary: close time.busy=882ns time.idle=120ns
2026-10-07T19:58:58.030454Z  INFO falcon_algebraic:verify:spartan:round_grinding_verify: bitz::sumcheck::boundary: close time.busy=1.01µs time.idle=140ns
2026-10-07T19:58:58.030459Z  INFO falcon_algebraic:verify:spartan:round_grinding_verify: bitz::sumcheck::boundary: close time.busy=811ns time.idle=130ns
2026-10-07T19:58:58.030463Z  INFO falcon_algebraic:verify:spartan:round_grinding_verify: bitz::sumcheck::boundary: close time.busy=831ns time.idle=121ns
2026-10-07T19:58:58.030466Z  INFO falcon_algebraic:verify:spartan:round_grinding_verify: bitz::sumcheck::boundary: close time.busy=822ns time.idle=110ns
2026-10-07T19:58:58.030470Z  INFO falcon_algebraic:verify:spartan:round_grinding_verify: bitz::sumcheck::boundary: close time.busy=941ns time.idle=111ns
2026-10-07T19:58:58.030475Z  INFO falcon_algebraic:verify:spartan:round_grinding_verify: bitz::sumcheck::boundary: close time.busy=1.20µs time.idle=111ns
2026-10-07T19:58:58.030478Z  INFO falcon_algebraic:verify:spartan:round_grinding_verify: bitz::sumcheck::boundary: close time.busy=821ns time.idle=121ns
2026-10-07T19:58:58.030482Z  INFO falcon_algebraic:verify:spartan:round_grinding_verify: bitz::sumcheck::boundary: close time.busy=882ns time.idle=120ns
2026-10-07T19:58:58.030485Z  INFO falcon_algebraic:verify:spartan:round_grinding_verify: bitz::sumcheck::boundary: close time.busy=872ns time.idle=110ns
2026-10-07T19:58:58.030492Z  INFO falcon_algebraic:verify:spartan:round_grinding_verify: bitz::sumcheck::boundary: close time.busy=892ns time.idle=110ns
2026-10-07T19:58:58.030496Z  INFO falcon_algebraic:verify:spartan:round_grinding_verify: bitz::sumcheck::boundary: close time.busy=932ns time.idle=110ns
2026-10-07T19:58:58.030500Z  INFO falcon_algebraic:verify:spartan:round_grinding_verify: bitz::sumcheck::boundary: close time.busy=942ns time.idle=110ns
2026-10-07T19:58:58.030503Z  INFO falcon_algebraic:verify:spartan:round_grinding_verify: bitz::sumcheck::boundary: close time.busy=872ns time.idle=110ns
2026-10-07T19:58:58.030508Z  INFO falcon_algebraic:verify:spartan:round_grinding_verify: bitz::sumcheck::boundary: close time.busy=952ns time.idle=110ns
2026-10-07T19:58:58.030513Z  INFO falcon_algebraic:verify:spartan:round_grinding_verify: bitz::sumcheck::boundary: close time.busy=902ns time.idle=110ns
2026-10-07T19:58:58.030516Z  INFO falcon_algebraic:verify:spartan:round_grinding_verify: bitz::sumcheck::boundary: close time.busy=861ns time.idle=131ns
2026-10-07T19:58:58.030520Z  INFO falcon_algebraic:verify:spartan:round_grinding_verify: bitz::sumcheck::boundary: close time.busy=892ns time.idle=110ns
2026-10-07T19:58:58.030523Z  INFO falcon_algebraic:verify:spartan:round_grinding_verify: bitz::sumcheck::boundary: close time.busy=972ns time.idle=120ns
2026-10-07T19:58:58.030530Z  INFO falcon_algebraic:verify:spartan:round_grinding_verify: bitz::sumcheck::boundary: close time.busy=1.17µs time.idle=110ns
2026-10-07T19:58:58.030532Z  INFO falcon_algebraic:verify:spartan:round_grinding_verify: bitz::sumcheck::boundary: close time.busy=661ns time.idle=111ns
2026-10-07T19:58:58.030535Z  INFO falcon_algebraic:verify:spartan:round_grinding_verify: bitz::sumcheck::boundary: close time.busy=721ns time.idle=121ns
2026-10-07T19:58:58.030538Z  INFO falcon_algebraic:verify:spartan:round_grinding_verify: bitz::sumcheck::boundary: close time.busy=672ns time.idle=110ns
2026-10-07T19:58:58.030540Z  INFO falcon_algebraic:verify:spartan:round_grinding_verify: bitz::sumcheck::boundary: close time.busy=671ns time.idle=110ns
2026-10-07T19:58:58.030543Z  INFO falcon_algebraic:verify:spartan:round_grinding_verify: bitz::sumcheck::boundary: close time.busy=651ns time.idle=121ns
2026-10-07T19:58:58.037817Z  INFO falcon_algebraic:verify:spartan:round_grinding_verify: bitz::sumcheck::boundary: close time.busy=1.02µs time.idle=150ns
2026-10-07T19:58:58.037821Z  INFO falcon_algebraic:verify:spartan:round_grinding_verify: bitz::sumcheck::boundary: close time.busy=1.05µs time.idle=100ns
2026-10-07T19:58:58.037824Z  INFO falcon_algebraic:verify:spartan:round_grinding_verify: bitz::sumcheck::boundary: close time.busy=981ns time.idle=111ns
2026-10-07T19:58:58.037827Z  INFO falcon_algebraic:verify:spartan:round_grinding_verify: bitz::sumcheck::boundary: close time.busy=972ns time.idle=100ns
2026-10-07T19:58:58.037830Z  INFO falcon_algebraic:verify:spartan:round_grinding_verify: bitz::sumcheck::boundary: close time.busy=1.19µs time.idle=101ns
2026-10-07T19:58:58.037832Z  INFO falcon_algebraic:verify:spartan:round_grinding_verify: bitz::sumcheck::boundary: close time.busy=951ns time.idle=111ns
2026-10-07T19:58:58.037835Z  INFO falcon_algebraic:verify:spartan:round_grinding_verify: bitz::sumcheck::boundary: close time.busy=931ns time.idle=111ns
2026-10-07T19:58:58.037837Z  INFO falcon_algebraic:verify:spartan:round_grinding_verify: bitz::sumcheck::boundary: close time.busy=961ns time.idle=111ns
2026-10-07T19:58:58.037840Z  INFO falcon_algebraic:verify:spartan:round_grinding_verify: bitz::sumcheck::boundary: close time.busy=1.03µs time.idle=100ns
2026-10-07T19:58:58.037843Z  INFO falcon_algebraic:verify:spartan:round_grinding_verify: bitz::sumcheck::boundary: close time.busy=1.01µs time.idle=100ns
2026-10-07T19:58:58.037846Z  INFO falcon_algebraic:verify:spartan:round_grinding_verify: bitz::sumcheck::boundary: close time.busy=1.06µs time.idle=100ns
2026-10-07T19:58:58.037848Z  INFO falcon_algebraic:verify:spartan:round_grinding_verify: bitz::sumcheck::boundary: close time.busy=1.00µs time.idle=100ns
2026-10-07T19:58:58.037851Z  INFO falcon_algebraic:verify:spartan:round_grinding_verify: bitz::sumcheck::boundary: close time.busy=972ns time.idle=100ns
2026-10-07T19:58:58.037855Z  INFO falcon_algebraic:verify:spartan:round_grinding_verify: bitz::sumcheck::boundary: close time.busy=1.03µs time.idle=100ns
2026-10-07T19:58:58.037858Z  INFO falcon_algebraic:verify:spartan:round_grinding_verify: bitz::sumcheck::boundary: close time.busy=1.14µs time.idle=110ns
2026-10-07T19:58:58.037860Z  INFO falcon_algebraic:verify:spartan:round_grinding_verify: bitz::sumcheck::boundary: close time.busy=1.10µs time.idle=100ns
2026-10-07T19:58:58.037863Z  INFO falcon_algebraic:verify:spartan:round_grinding_verify: bitz::sumcheck::boundary: close time.busy=1.10µs time.idle=100ns
2026-10-07T19:58:58.037866Z  INFO falcon_algebraic:verify:spartan:round_grinding_verify: bitz::sumcheck::boundary: close time.busy=1.18µs time.idle=100ns
2026-10-07T19:58:58.037869Z  INFO falcon_algebraic:verify:spartan:round_grinding_verify: bitz::sumcheck::boundary: close time.busy=941ns time.idle=101ns
2026-10-07T19:58:58.037871Z  INFO falcon_algebraic:verify:spartan:round_grinding_verify: bitz::sumcheck::boundary: close time.busy=941ns time.idle=111ns
2026-10-07T19:58:58.037874Z  INFO falcon_algebraic:verify:spartan:round_grinding_verify: bitz::sumcheck::boundary: close time.busy=992ns time.idle=100ns
2026-10-07T19:58:58.037877Z  INFO falcon_algebraic:verify:spartan:round_grinding_verify: bitz::sumcheck::boundary: close time.busy=972ns time.idle=100ns
2026-10-07T19:58:58.037880Z  INFO falcon_algebraic:verify:spartan:round_grinding_verify: bitz::sumcheck::boundary: close time.busy=972ns time.idle=100ns
2026-10-07T19:58:58.037882Z  INFO falcon_algebraic:verify:spartan:round_grinding_verify: bitz::sumcheck::boundary: close time.busy=1.11µs time.idle=111ns
2026-10-07T19:58:58.037885Z  INFO falcon_algebraic:verify:spartan:round_grinding_verify: bitz::sumcheck::boundary: close time.busy=1.02µs time.idle=112ns
2026-10-07T19:58:58.040143Z  INFO falcon_algebraic:verify: bitz::piop::spartan::falcon512_algebraic::protocol: close time.busy=50.1ms time.idle=231ns
2026-10-07T19:58:58.073081Z  INFO falcon_algebraic:commit:falcon_algebraic:witness: bitz::piop::spartan::falcon512_algebraic::protocol: close time.busy=32.7ms time.idle=150ns
2026-10-07T19:58:58.102393Z  INFO falcon_algebraic:commit:shared_source:encode: bitz::hybrid::opening: close time.busy=1.56ms time.idle=180ns
2026-10-07T19:58:58.103377Z  INFO falcon_algebraic:commit:shared_source:merkle: bitz::hybrid::opening: close time.busy=982µs time.idle=141ns
2026-10-07T19:58:58.103379Z  INFO falcon_algebraic:commit: bitz::piop::spartan::falcon512_algebraic::protocol: close time.busy=63.1ms time.idle=180ns
2026-10-07T19:58:58.115602Z  INFO falcon_algebraic:prove:falcon_algebraic:ring:falcon_algebraic_ring:prove:falcon_algebraic_ring:coordinates: bitz::piop::spartan::falcon512_algebraic::ring: close time.busy=3.33ms time.idle=251ns
2026-10-07T19:58:58.116393Z  INFO falcon_algebraic:prove:falcon_algebraic:ring:falcon_algebraic_ring:prove:spartan:grinding{bits=11}: bitz::piop::spartan::grinding: close time.busy=8.07µs time.idle=150ns
2026-10-07T19:58:58.134844Z  INFO falcon_algebraic:prove:falcon_algebraic:ring:falcon_algebraic_ring:prove:falcon_algebraic_ring:collapse: bitz::piop::spartan::falcon512_algebraic::ring: close time.busy=18.4ms time.idle=140ns
2026-10-07T19:58:58.134847Z  INFO falcon_algebraic:prove:falcon_algebraic:ring:falcon_algebraic_ring:prove: bitz::piop::spartan::falcon512_algebraic::ring: close time.busy=23.5ms time.idle=140ns
2026-10-07T19:58:58.134848Z  INFO falcon_algebraic:prove:falcon_algebraic:ring: bitz::piop::spartan::falcon512_algebraic::protocol: close time.busy=23.5ms time.idle=170ns
2026-10-07T19:58:58.134856Z  INFO falcon_algebraic:prove:falcon_algebraic:arithmetic:falcon_algebraic:norm:spartan:grinding{bits=11}: bitz::piop::spartan::grinding: close time.busy=5.70µs time.idle=120ns
2026-10-07T19:58:58.164137Z  INFO falcon_algebraic:prove:falcon_algebraic:arithmetic:falcon_algebraic:norm:spartan:round_grinding_prove:spartan:grinding{bits=14}: bitz::piop::spartan::grinding: close time.busy=22.6µs time.idle=141ns
2026-10-07T19:58:58.164142Z  INFO falcon_algebraic:prove:falcon_algebraic:arithmetic:falcon_algebraic:norm:spartan:round_grinding_prove: bitz::sumcheck::boundary: close time.busy=28.1µs time.idle=160ns
2026-10-07T19:58:58.174803Z  INFO falcon_algebraic:prove:falcon_algebraic:arithmetic:falcon_algebraic:norm:spartan:round_grinding_prove:spartan:grinding{bits=14}: bitz::piop::spartan::grinding: close time.busy=162µs time.idle=111ns
2026-10-07T19:58:58.174806Z  INFO falcon_algebraic:prove:falcon_algebraic:arithmetic:falcon_algebraic:norm:spartan:round_grinding_prove: bitz::sumcheck::boundary: close time.busy=166µs time.idle=120ns
2026-10-07T19:58:58.179956Z  INFO falcon_algebraic:prove:falcon_algebraic:arithmetic:falcon_algebraic:norm:spartan:round_grinding_prove:spartan:grinding{bits=14}: bitz::piop::spartan::grinding: close time.busy=39.4µs time.idle=140ns
2026-10-07T19:58:58.179958Z  INFO falcon_algebraic:prove:falcon_algebraic:arithmetic:falcon_algebraic:norm:spartan:round_grinding_prove: bitz::sumcheck::boundary: close time.busy=42.4µs time.idle=140ns
2026-10-07T19:58:58.182489Z  INFO falcon_algebraic:prove:falcon_algebraic:arithmetic:falcon_algebraic:norm:spartan:round_grinding_prove:spartan:grinding{bits=14}: bitz::piop::spartan::grinding: close time.busy=19.2µs time.idle=110ns
2026-10-07T19:58:58.182490Z  INFO falcon_algebraic:prove:falcon_algebraic:arithmetic:falcon_algebraic:norm:spartan:round_grinding_prove: bitz::sumcheck::boundary: close time.busy=22.0µs time.idle=120ns
2026-10-07T19:58:58.183860Z  INFO falcon_algebraic:prove:falcon_algebraic:arithmetic:falcon_algebraic:norm:spartan:round_grinding_prove:spartan:grinding{bits=14}: bitz::piop::spartan::grinding: close time.busy=110µs time.idle=120ns
2026-10-07T19:58:58.183862Z  INFO falcon_algebraic:prove:falcon_algebraic:arithmetic:falcon_algebraic:norm:spartan:round_grinding_prove: bitz::sumcheck::boundary: close time.busy=113µs time.idle=110ns
2026-10-07T19:58:58.184525Z  INFO falcon_algebraic:prove:falcon_algebraic:arithmetic:falcon_algebraic:norm:spartan:round_grinding_prove:spartan:grinding{bits=14}: bitz::piop::spartan::grinding: close time.busy=12.1µs time.idle=121ns
2026-10-07T19:58:58.184527Z  INFO falcon_algebraic:prove:falcon_algebraic:arithmetic:falcon_algebraic:norm:spartan:round_grinding_prove: bitz::sumcheck::boundary: close time.busy=15.1µs time.idle=201ns
2026-10-07T19:58:58.184892Z  INFO falcon_algebraic:prove:falcon_algebraic:arithmetic:falcon_algebraic:norm:spartan:round_grinding_prove:spartan:grinding{bits=14}: bitz::piop::spartan::grinding: close time.busy=44.0µs time.idle=120ns
2026-10-07T19:58:58.184894Z  INFO falcon_algebraic:prove:falcon_algebraic:arithmetic:falcon_algebraic:norm:spartan:round_grinding_prove: bitz::sumcheck::boundary: close time.busy=46.6µs time.idle=111ns
2026-10-07T19:58:58.185076Z  INFO falcon_algebraic:prove:falcon_algebraic:arithmetic:falcon_algebraic:norm:spartan:round_grinding_prove:spartan:grinding{bits=14}: bitz::piop::spartan::grinding: close time.busy=15.5µs time.idle=110ns
2026-10-07T19:58:58.185077Z  INFO falcon_algebraic:prove:falcon_algebraic:arithmetic:falcon_algebraic:norm:spartan:round_grinding_prove: bitz::sumcheck::boundary: close time.busy=18.1µs time.idle=130ns
2026-10-07T19:58:58.185169Z  INFO falcon_algebraic:prove:falcon_algebraic:arithmetic:falcon_algebraic:norm:spartan:round_grinding_prove:spartan:grinding{bits=14}: bitz::piop::spartan::grinding: close time.busy=5.95µs time.idle=120ns
2026-10-07T19:58:58.185170Z  INFO falcon_algebraic:prove:falcon_algebraic:arithmetic:falcon_algebraic:norm:spartan:round_grinding_prove: bitz::sumcheck::boundary: close time.busy=8.22µs time.idle=110ns
2026-10-07T19:58:58.185279Z  INFO falcon_algebraic:prove:falcon_algebraic:arithmetic:falcon_algebraic:norm:spartan:round_grinding_prove:spartan:grinding{bits=14}: bitz::piop::spartan::grinding: close time.busy=60.4µs time.idle=110ns
2026-10-07T19:58:58.185281Z  INFO falcon_algebraic:prove:falcon_algebraic:arithmetic:falcon_algebraic:norm:spartan:round_grinding_prove: bitz::sumcheck::boundary: close time.busy=62.3µs time.idle=110ns
2026-10-07T19:58:58.185316Z  INFO falcon_algebraic:prove:falcon_algebraic:arithmetic:falcon_algebraic:norm:spartan:round_grinding_prove:spartan:grinding{bits=14}: bitz::piop::spartan::grinding: close time.busy=5.68µs time.idle=121ns
2026-10-07T19:58:58.185317Z  INFO falcon_algebraic:prove:falcon_algebraic:arithmetic:falcon_algebraic:norm:spartan:round_grinding_prove: bitz::sumcheck::boundary: close time.busy=7.84µs time.idle=110ns
2026-10-07T19:58:58.185368Z  INFO falcon_algebraic:prove:falcon_algebraic:arithmetic:falcon_algebraic:norm:spartan:round_grinding_prove:spartan:grinding{bits=14}: bitz::piop::spartan::grinding: close time.busy=33.6µs time.idle=110ns
2026-10-07T19:58:58.185370Z  INFO falcon_algebraic:prove:falcon_algebraic:arithmetic:falcon_algebraic:norm:spartan:round_grinding_prove: bitz::sumcheck::boundary: close time.busy=35.7µs time.idle=110ns
2026-10-07T19:58:58.185395Z  INFO falcon_algebraic:prove:falcon_algebraic:arithmetic:falcon_algebraic:norm:spartan:round_grinding_prove:spartan:grinding{bits=14}: bitz::piop::spartan::grinding: close time.busy=13.3µs time.idle=110ns
2026-10-07T19:58:58.185397Z  INFO falcon_algebraic:prove:falcon_algebraic:arithmetic:falcon_algebraic:norm:spartan:round_grinding_prove: bitz::sumcheck::boundary: close time.busy=15.4µs time.idle=121ns
2026-10-07T19:58:58.185421Z  INFO falcon_algebraic:prove:falcon_algebraic:arithmetic:falcon_algebraic:norm:spartan:round_grinding_prove:spartan:grinding{bits=14}: bitz::piop::spartan::grinding: close time.busy=12.5µs time.idle=111ns
2026-10-07T19:58:58.185422Z  INFO falcon_algebraic:prove:falcon_algebraic:arithmetic:falcon_algebraic:norm:spartan:round_grinding_prove: bitz::sumcheck::boundary: close time.busy=14.6µs time.idle=110ns
2026-10-07T19:58:58.185440Z  INFO falcon_algebraic:prove:falcon_algebraic:arithmetic:falcon_algebraic:norm:spartan:round_grinding_prove:spartan:grinding{bits=14}: bitz::piop::spartan::grinding: close time.busy=7.84µs time.idle=122ns
2026-10-07T19:58:58.185441Z  INFO falcon_algebraic:prove:falcon_algebraic:arithmetic:falcon_algebraic:norm:spartan:round_grinding_prove: bitz::sumcheck::boundary: close time.busy=9.80µs time.idle=110ns
2026-10-07T19:58:58.185492Z  INFO falcon_algebraic:prove:falcon_algebraic:arithmetic:falcon_algebraic:norm:spartan:round_grinding_prove:spartan:grinding{bits=14}: bitz::piop::spartan::grinding: close time.busy=43.0µs time.idle=120ns
2026-10-07T19:58:58.185494Z  INFO falcon_algebraic:prove:falcon_algebraic:arithmetic:falcon_algebraic:norm:spartan:round_grinding_prove: bitz::sumcheck::boundary: close time.busy=45.0µs time.idle=110ns
2026-10-07T19:58:58.185543Z  INFO falcon_algebraic:prove:falcon_algebraic:arithmetic:falcon_algebraic:norm:spartan:round_grinding_prove:spartan:grinding{bits=14}: bitz::piop::spartan::grinding: close time.busy=41.6µs time.idle=120ns
2026-10-07T19:58:58.185545Z  INFO falcon_algebraic:prove:falcon_algebraic:arithmetic:falcon_algebraic:norm:spartan:round_grinding_prove: bitz::sumcheck::boundary: close time.busy=43.8µs time.idle=120ns
2026-10-07T19:58:58.185564Z  INFO falcon_algebraic:prove:falcon_algebraic:arithmetic:falcon_algebraic:norm:spartan:round_grinding_prove:spartan:grinding{bits=14}: bitz::piop::spartan::grinding: close time.busy=9.52µs time.idle=111ns
2026-10-07T19:58:58.185565Z  INFO falcon_algebraic:prove:falcon_algebraic:arithmetic:falcon_algebraic:norm:spartan:round_grinding_prove: bitz::sumcheck::boundary: close time.busy=11.6µs time.idle=110ns
2026-10-07T19:58:58.185608Z  INFO falcon_algebraic:prove:falcon_algebraic:arithmetic:falcon_algebraic:norm:spartan:round_grinding_prove:spartan:grinding{bits=14}: bitz::piop::spartan::grinding: close time.busy=35.0µs time.idle=121ns
2026-10-07T19:58:58.185609Z  INFO falcon_algebraic:prove:falcon_algebraic:arithmetic:falcon_algebraic:norm:spartan:round_grinding_prove: bitz::sumcheck::boundary: close time.busy=37.1µs time.idle=120ns
2026-10-07T19:58:58.185618Z  INFO falcon_algebraic:prove:falcon_algebraic:arithmetic:falcon_algebraic:norm: bitz::piop::spartan::falcon512_algebraic::arithmetic: close time.busy=50.8ms time.idle=141ns
2026-10-07T19:58:58.185621Z  INFO falcon_algebraic:prove:falcon_algebraic:arithmetic:falcon_algebraic:binding:spartan:grinding{bits=10}: bitz::piop::spartan::grinding: close time.busy=832ns time.idle=100ns
2026-10-07T19:58:58.231688Z  INFO falcon_algebraic:prove:falcon_algebraic:arithmetic:falcon_algebraic:binding:inner_packed:prefix_accumulators: bitz::sumcheck::inner::packed::state: close time.busy=37.3ms time.idle=150ns
2026-10-07T19:58:58.231696Z  INFO falcon_algebraic:prove:falcon_algebraic:arithmetic:falcon_algebraic:binding:spartan:round_grinding_prove:spartan:grinding{bits=13}: bitz::piop::spartan::grinding: close time.busy=2.25µs time.idle=120ns
2026-10-07T19:58:58.231698Z  INFO falcon_algebraic:prove:falcon_algebraic:arithmetic:falcon_algebraic:binding:spartan:round_grinding_prove: bitz::sumcheck::boundary: close time.busy=5.33µs time.idle=130ns
2026-10-07T19:58:58.231722Z  INFO falcon_algebraic:prove:falcon_algebraic:arithmetic:falcon_algebraic:binding:spartan:round_grinding_prove:spartan:grinding{bits=13}: bitz::piop::spartan::grinding: close time.busy=19.0µs time.idle=110ns
2026-10-07T19:58:58.231723Z  INFO falcon_algebraic:prove:falcon_algebraic:arithmetic:falcon_algebraic:binding:spartan:round_grinding_prove: bitz::sumcheck::boundary: close time.busy=21.2µs time.idle=110ns
2026-10-07T19:58:58.231735Z  INFO falcon_algebraic:prove:falcon_algebraic:arithmetic:falcon_algebraic:binding:spartan:round_grinding_prove:spartan:grinding{bits=13}: bitz::piop::spartan::grinding: close time.busy=7.29µs time.idle=120ns
2026-10-07T19:58:58.231737Z  INFO falcon_algebraic:prove:falcon_algebraic:arithmetic:falcon_algebraic:binding:spartan:round_grinding_prove: bitz::sumcheck::boundary: close time.busy=9.43µs time.idle=120ns
2026-10-07T19:58:58.273097Z  INFO falcon_algebraic:prove:falcon_algebraic:arithmetic:falcon_algebraic:binding:inner_packed:prepare_tail: bitz::sumcheck::inner::packed::state: close time.busy=41.4ms time.idle=240ns
2026-10-07T19:58:58.273117Z  INFO falcon_algebraic:prove:falcon_algebraic:arithmetic:falcon_algebraic:binding:spartan:round_grinding_prove:spartan:grinding{bits=13}: bitz::piop::spartan::grinding: close time.busy=15.5µs time.idle=150ns
2026-10-07T19:58:58.273119Z  INFO falcon_algebraic:prove:falcon_algebraic:arithmetic:falcon_algebraic:binding:spartan:round_grinding_prove: bitz::sumcheck::boundary: close time.busy=18.1µs time.idle=121ns
2026-10-07T19:58:58.296167Z  INFO falcon_algebraic:prove:falcon_algebraic:arithmetic:falcon_algebraic:binding:inner_packed:fold_tail{round=3}: bitz::sumcheck::inner::packed::state: close time.busy=23.0ms time.idle=140ns
2026-10-07T19:58:58.296206Z  INFO falcon_algebraic:prove:falcon_algebraic:arithmetic:falcon_algebraic:binding:spartan:round_grinding_prove:spartan:grinding{bits=13}: bitz::piop::spartan::grinding: close time.busy=34.7µs time.idle=180ns
2026-10-07T19:58:58.296208Z  INFO falcon_algebraic:prove:falcon_algebraic:arithmetic:falcon_algebraic:binding:spartan:round_grinding_prove: bitz::sumcheck::boundary: close time.busy=37.6µs time.idle=130ns
2026-10-07T19:58:58.306049Z  INFO falcon_algebraic:prove:falcon_algebraic:arithmetic:falcon_algebraic:binding:inner_packed:fold_tail{round=4}: bitz::sumcheck::inner::packed::state: close time.busy=9.84ms time.idle=181ns
2026-10-07T19:58:58.306074Z  INFO falcon_algebraic:prove:falcon_algebraic:arithmetic:falcon_algebraic:binding:spartan:round_grinding_prove:spartan:grinding{bits=13}: bitz::piop::spartan::grinding: close time.busy=20.4µs time.idle=150ns
2026-10-07T19:58:58.306076Z  INFO falcon_algebraic:prove:falcon_algebraic:arithmetic:falcon_algebraic:binding:spartan:round_grinding_prove: bitz::sumcheck::boundary: close time.busy=23.4µs time.idle=121ns
2026-10-07T19:58:58.311022Z  INFO falcon_algebraic:prove:falcon_algebraic:arithmetic:falcon_algebraic:binding:inner_packed:fold_tail{round=5}: bitz::sumcheck::inner::packed::state: close time.busy=4.94ms time.idle=110ns
2026-10-07T19:58:58.311051Z  INFO falcon_algebraic:prove:falcon_algebraic:arithmetic:falcon_algebraic:binding:spartan:round_grinding_prove:spartan:grinding{bits=13}: bitz::piop::spartan::grinding: close time.busy=25.2µs time.idle=111ns
2026-10-07T19:58:58.311054Z  INFO falcon_algebraic:prove:falcon_algebraic:arithmetic:falcon_algebraic:binding:spartan:round_grinding_prove: bitz::sumcheck::boundary: close time.busy=29.4µs time.idle=121ns
2026-10-07T19:58:58.313923Z  INFO falcon_algebraic:prove:falcon_algebraic:arithmetic:falcon_algebraic:binding:inner_packed:fold_tail{round=6}: bitz::sumcheck::inner::packed::state: close time.busy=2.87ms time.idle=170ns
2026-10-07T19:58:58.313964Z  INFO falcon_algebraic:prove:falcon_algebraic:arithmetic:falcon_algebraic:binding:spartan:round_grinding_prove:spartan:grinding{bits=13}: bitz::piop::spartan::grinding: close time.busy=37.3µs time.idle=130ns
2026-10-07T19:58:58.313965Z  INFO falcon_algebraic:prove:falcon_algebraic:arithmetic:falcon_algebraic:binding:spartan:round_grinding_prove: bitz::sumcheck::boundary: close time.busy=39.6µs time.idle=110ns
2026-10-07T19:58:58.315225Z  INFO falcon_algebraic:prove:falcon_algebraic:arithmetic:falcon_algebraic:binding:inner_packed:fold_tail{round=7}: bitz::sumcheck::inner::packed::state: close time.busy=1.26ms time.idle=110ns
2026-10-07T19:58:58.315294Z  INFO falcon_algebraic:prove:falcon_algebraic:arithmetic:falcon_algebraic:binding:spartan:round_grinding_prove:spartan:grinding{bits=13}: bitz::piop::spartan::grinding: close time.busy=65.2µs time.idle=120ns
2026-10-07T19:58:58.315295Z  INFO falcon_algebraic:prove:falcon_algebraic:arithmetic:falcon_algebraic:binding:spartan:round_grinding_prove: bitz::sumcheck::boundary: close time.busy=67.5µs time.idle=120ns
2026-10-07T19:58:58.315941Z  INFO falcon_algebraic:prove:falcon_algebraic:arithmetic:falcon_algebraic:binding:inner_packed:fold_tail{round=8}: bitz::sumcheck::inner::packed::state: close time.busy=640µs time.idle=120ns
2026-10-07T19:58:58.315962Z  INFO falcon_algebraic:prove:falcon_algebraic:arithmetic:falcon_algebraic:binding:spartan:round_grinding_prove:spartan:grinding{bits=13}: bitz::piop::spartan::grinding: close time.busy=18.2µs time.idle=121ns
2026-10-07T19:58:58.315963Z  INFO falcon_algebraic:prove:falcon_algebraic:arithmetic:falcon_algebraic:binding:spartan:round_grinding_prove: bitz::sumcheck::boundary: close time.busy=20.4µs time.idle=120ns
2026-10-07T19:58:58.316297Z  INFO falcon_algebraic:prove:falcon_algebraic:arithmetic:falcon_algebraic:binding:inner_packed:fold_tail{round=9}: bitz::sumcheck::inner::packed::state: close time.busy=332µs time.idle=110ns
2026-10-07T19:58:58.316356Z  INFO falcon_algebraic:prove:falcon_algebraic:arithmetic:falcon_algebraic:binding:spartan:round_grinding_prove:spartan:grinding{bits=13}: bitz::piop::spartan::grinding: close time.busy=56.5µs time.idle=110ns
2026-10-07T19:58:58.316358Z  INFO falcon_algebraic:prove:falcon_algebraic:arithmetic:falcon_algebraic:binding:spartan:round_grinding_prove: bitz::sumcheck::boundary: close time.busy=58.7µs time.idle=110ns
2026-10-07T19:58:58.316529Z  INFO falcon_algebraic:prove:falcon_algebraic:arithmetic:falcon_algebraic:binding:inner_packed:fold_tail{round=10}: bitz::sumcheck::inner::packed::state: close time.busy=169µs time.idle=121ns
2026-10-07T19:58:58.316562Z  INFO falcon_algebraic:prove:falcon_algebraic:arithmetic:falcon_algebraic:binding:spartan:round_grinding_prove:spartan:grinding{bits=13}: bitz::piop::spartan::grinding: close time.busy=30.5µs time.idle=110ns
2026-10-07T19:58:58.316564Z  INFO falcon_algebraic:prove:falcon_algebraic:arithmetic:falcon_algebraic:binding:spartan:round_grinding_prove: bitz::sumcheck::boundary: close time.busy=32.7µs time.idle=110ns
2026-10-07T19:58:58.316654Z  INFO falcon_algebraic:prove:falcon_algebraic:arithmetic:falcon_algebraic:binding:inner_packed:fold_tail{round=11}: bitz::sumcheck::inner::packed::state: close time.busy=87.6µs time.idle=110ns
2026-10-07T19:58:58.316687Z  INFO falcon_algebraic:prove:falcon_algebraic:arithmetic:falcon_algebraic:binding:spartan:round_grinding_prove:spartan:grinding{bits=13}: bitz::piop::spartan::grinding: close time.busy=31.1µs time.idle=110ns
2026-10-07T19:58:58.316692Z  INFO falcon_algebraic:prove:falcon_algebraic:arithmetic:falcon_algebraic:binding:spartan:round_grinding_prove: bitz::sumcheck::boundary: close time.busy=37.2µs time.idle=110ns
2026-10-07T19:58:58.316740Z  INFO falcon_algebraic:prove:falcon_algebraic:arithmetic:falcon_algebraic:binding:inner_packed:fold_tail{round=12}: bitz::sumcheck::inner::packed::state: close time.busy=43.9µs time.idle=120ns
2026-10-07T19:58:58.316784Z  INFO falcon_algebraic:prove:falcon_algebraic:arithmetic:falcon_algebraic:binding:spartan:round_grinding_prove:spartan:grinding{bits=13}: bitz::piop::spartan::grinding: close time.busy=41.2µs time.idle=110ns
2026-10-07T19:58:58.316785Z  INFO falcon_algebraic:prove:falcon_algebraic:arithmetic:falcon_algebraic:binding:spartan:round_grinding_prove: bitz::sumcheck::boundary: close time.busy=43.3µs time.idle=120ns
2026-10-07T19:58:58.316811Z  INFO falcon_algebraic:prove:falcon_algebraic:arithmetic:falcon_algebraic:binding:inner_packed:fold_tail{round=13}: bitz::sumcheck::inner::packed::state: close time.busy=22.1µs time.idle=110ns
2026-10-07T19:58:58.316870Z  INFO falcon_algebraic:prove:falcon_algebraic:arithmetic:falcon_algebraic:binding:spartan:round_grinding_prove:spartan:grinding{bits=13}: bitz::piop::spartan::grinding: close time.busy=56.9µs time.idle=111ns
2026-10-07T19:58:58.316871Z  INFO falcon_algebraic:prove:falcon_algebraic:arithmetic:falcon_algebraic:binding:spartan:round_grinding_prove: bitz::sumcheck::boundary: close time.busy=59.0µs time.idle=110ns
2026-10-07T19:58:58.316885Z  INFO falcon_algebraic:prove:falcon_algebraic:arithmetic:falcon_algebraic:binding:inner_packed:fold_tail{round=14}: bitz::sumcheck::inner::packed::state: close time.busy=11.2µs time.idle=110ns
2026-10-07T19:58:58.316922Z  INFO falcon_algebraic:prove:falcon_algebraic:arithmetic:falcon_algebraic:binding:spartan:round_grinding_prove:spartan:grinding{bits=13}: bitz::piop::spartan::grinding: close time.busy=34.4µs time.idle=110ns
2026-10-07T19:58:58.316923Z  INFO falcon_algebraic:prove:falcon_algebraic:arithmetic:falcon_algebraic:binding:spartan:round_grinding_prove: bitz::sumcheck::boundary: close time.busy=36.5µs time.idle=110ns
2026-10-07T19:58:58.316931Z  INFO falcon_algebraic:prove:falcon_algebraic:arithmetic:falcon_algebraic:binding:inner_packed:fold_tail{round=15}: bitz::sumcheck::inner::packed::state: close time.busy=5.43µs time.idle=110ns
2026-10-07T19:58:58.316948Z  INFO falcon_algebraic:prove:falcon_algebraic:arithmetic:falcon_algebraic:binding:spartan:round_grinding_prove:spartan:grinding{bits=13}: bitz::piop::spartan::grinding: close time.busy=14.5µs time.idle=100ns
2026-10-07T19:58:58.316949Z  INFO falcon_algebraic:prove:falcon_algebraic:arithmetic:falcon_algebraic:binding:spartan:round_grinding_prove: bitz::sumcheck::boundary: close time.busy=16.7µs time.idle=120ns
2026-10-07T19:58:58.316954Z  INFO falcon_algebraic:prove:falcon_algebraic:arithmetic:falcon_algebraic:binding:inner_packed:fold_tail{round=16}: bitz::sumcheck::inner::packed::state: close time.busy=2.67µs time.idle=140ns
2026-10-07T19:58:58.316973Z  INFO falcon_algebraic:prove:falcon_algebraic:arithmetic:falcon_algebraic:binding:spartan:round_grinding_prove:spartan:grinding{bits=13}: bitz::piop::spartan::grinding: close time.busy=16.5µs time.idle=110ns
2026-10-07T19:58:58.316974Z  INFO falcon_algebraic:prove:falcon_algebraic:arithmetic:falcon_algebraic:binding:spartan:round_grinding_prove: bitz::sumcheck::boundary: close time.busy=18.6µs time.idle=110ns
2026-10-07T19:58:58.316980Z  INFO falcon_algebraic:prove:falcon_algebraic:arithmetic:falcon_algebraic:binding:inner_packed:fold_tail{round=17}: bitz::sumcheck::inner::packed::state: close time.busy=1.39µs time.idle=110ns
2026-10-07T19:58:58.317000Z  INFO falcon_algebraic:prove:falcon_algebraic:arithmetic:falcon_algebraic:binding:spartan:round_grinding_prove:spartan:grinding{bits=13}: bitz::piop::spartan::grinding: close time.busy=16.9µs time.idle=110ns
2026-10-07T19:58:58.317001Z  INFO falcon_algebraic:prove:falcon_algebraic:arithmetic:falcon_algebraic:binding:spartan:round_grinding_prove: bitz::sumcheck::boundary: close time.busy=19.2µs time.idle=110ns
2026-10-07T19:58:58.317004Z  INFO falcon_algebraic:prove:falcon_algebraic:arithmetic:falcon_algebraic:binding:inner_packed:fold_tail{round=18}: bitz::sumcheck::inner::packed::state: close time.busy=772ns time.idle=100ns
2026-10-07T19:58:58.317012Z  INFO falcon_algebraic:prove:falcon_algebraic:arithmetic:falcon_algebraic:binding:spartan:round_grinding_prove:spartan:grinding{bits=13}: bitz::piop::spartan::grinding: close time.busy=6.38µs time.idle=110ns
2026-10-07T19:58:58.317014Z  INFO falcon_algebraic:prove:falcon_algebraic:arithmetic:falcon_algebraic:binding:spartan:round_grinding_prove: bitz::sumcheck::boundary: close time.busy=8.30µs time.idle=120ns
2026-10-07T19:58:58.317016Z  INFO falcon_algebraic:prove:falcon_algebraic:arithmetic:falcon_algebraic:binding:inner_packed:fold_tail{round=19}: bitz::sumcheck::inner::packed::state: close time.busy=401ns time.idle=110ns
2026-10-07T19:58:58.317086Z  INFO falcon_algebraic:prove:falcon_algebraic:arithmetic:falcon_algebraic:binding:spartan:round_grinding_prove:spartan:grinding{bits=13}: bitz::piop::spartan::grinding: close time.busy=67.7µs time.idle=110ns
2026-10-07T19:58:58.317087Z  INFO falcon_algebraic:prove:falcon_algebraic:arithmetic:falcon_algebraic:binding:spartan:round_grinding_prove: bitz::sumcheck::boundary: close time.busy=69.7µs time.idle=110ns
2026-10-07T19:58:58.317089Z  INFO falcon_algebraic:prove:falcon_algebraic:arithmetic:falcon_algebraic:binding:inner_packed:fold_tail{round=20}: bitz::sumcheck::inner::packed::state: close time.busy=280ns time.idle=111ns
2026-10-07T19:58:58.317097Z  INFO falcon_algebraic:prove:falcon_algebraic:arithmetic:falcon_algebraic:binding:spartan:round_grinding_prove:spartan:grinding{bits=13}: bitz::piop::spartan::grinding: close time.busy=5.12µs time.idle=110ns
2026-10-07T19:58:58.317098Z  INFO falcon_algebraic:prove:falcon_algebraic:arithmetic:falcon_algebraic:binding:spartan:round_grinding_prove: bitz::sumcheck::boundary: close time.busy=7.00µs time.idle=110ns
2026-10-07T19:58:58.317100Z  INFO falcon_algebraic:prove:falcon_algebraic:arithmetic:falcon_algebraic:binding:inner_packed:fold_tail{round=21}: bitz::sumcheck::inner::packed::state: close time.busy=181ns time.idle=110ns
2026-10-07T19:58:58.317148Z  INFO falcon_algebraic:prove:falcon_algebraic:arithmetic:falcon_algebraic:binding:spartan:round_grinding_prove:spartan:grinding{bits=13}: bitz::piop::spartan::grinding: close time.busy=45.9µs time.idle=110ns
2026-10-07T19:58:58.317149Z  INFO falcon_algebraic:prove:falcon_algebraic:arithmetic:falcon_algebraic:binding:spartan:round_grinding_prove: bitz::sumcheck::boundary: close time.busy=47.8µs time.idle=110ns
2026-10-07T19:58:58.317152Z  INFO falcon_algebraic:prove:falcon_algebraic:arithmetic:falcon_algebraic:binding:inner_packed:fold_tail{round=22}: bitz::sumcheck::inner::packed::state: close time.busy=130ns time.idle=120ns
2026-10-07T19:58:58.317162Z  INFO falcon_algebraic:prove:falcon_algebraic:arithmetic:falcon_algebraic:binding:spartan:round_grinding_prove:spartan:grinding{bits=13}: bitz::piop::spartan::grinding: close time.busy=8.09µs time.idle=110ns
2026-10-07T19:58:58.317163Z  INFO falcon_algebraic:prove:falcon_algebraic:arithmetic:falcon_algebraic:binding:spartan:round_grinding_prove: bitz::sumcheck::boundary: close time.busy=10.1µs time.idle=110ns
2026-10-07T19:58:58.317166Z  INFO falcon_algebraic:prove:falcon_algebraic:arithmetic:falcon_algebraic:binding:inner_packed:fold_tail{round=23}: bitz::sumcheck::inner::packed::state: close time.busy=541ns time.idle=111ns
2026-10-07T19:58:58.323907Z  INFO falcon_algebraic:prove:falcon_algebraic:arithmetic:falcon_algebraic:binding: bitz::piop::spartan::falcon512_algebraic::arithmetic: close time.busy=138ms time.idle=160ns
2026-10-07T19:58:58.323910Z  INFO falcon_algebraic:prove:falcon_algebraic:arithmetic: bitz::piop::spartan::falcon512_algebraic::protocol: close time.busy=189ms time.idle=151ns
2026-10-07T19:58:58.326560Z  INFO falcon_algebraic:prove:falcon_algebraic:bitz:falcon_bridge:integer_folds: bitz::hybrid::integer_bridge: close time.busy=2.61ms time.idle=150ns
2026-10-07T19:58:58.327608Z  INFO falcon_algebraic:prove:falcon_algebraic:bitz:falcon_bridge:column_packing: bitz::hybrid::integer_bridge: close time.busy=850µs time.idle=170ns
2026-10-07T19:58:58.327977Z  INFO falcon_algebraic:prove:falcon_algebraic:bitz:falcon_bridge:power_tables: bitz::hybrid::integer_bridge: close time.busy=367µs time.idle=150ns
2026-10-07T19:58:58.327989Z  INFO falcon_algebraic:prove:falcon_algebraic:bitz:spartan:grinding{bits=14}: bitz::piop::spartan::grinding: close time.busy=8.73µs time.idle=120ns
2026-10-07T19:58:58.335894Z  INFO falcon_algebraic:prove:falcon_algebraic:bitz:falcon_bridge:wfbitz_forest:spartan:grinding{bits=14}: bitz::piop::spartan::grinding: close time.busy=40.5µs time.idle=180ns
2026-10-07T19:58:58.336072Z  INFO falcon_algebraic:prove:falcon_algebraic:bitz:falcon_bridge:wfbitz_forest:spartan:grinding{bits=14}: bitz::piop::spartan::grinding: close time.busy=166µs time.idle=111ns
2026-10-07T19:58:58.336131Z  INFO falcon_algebraic:prove:falcon_algebraic:bitz:falcon_bridge:wfbitz_forest:spartan:grinding{bits=14}: bitz::piop::spartan::grinding: close time.busy=52.7µs time.idle=101ns
2026-10-07T19:58:58.336169Z  INFO falcon_algebraic:prove:falcon_algebraic:bitz:falcon_bridge:wfbitz_forest:spartan:grinding{bits=14}: bitz::piop::spartan::grinding: close time.busy=33.6µs time.idle=110ns
2026-10-07T19:58:58.336329Z  INFO falcon_algebraic:prove:falcon_algebraic:bitz:falcon_bridge:wfbitz_forest:spartan:grinding{bits=14}: bitz::piop::spartan::grinding: close time.busy=156µs time.idle=110ns
2026-10-07T19:58:58.336536Z  INFO falcon_algebraic:prove:falcon_algebraic:bitz:falcon_bridge:wfbitz_forest:spartan:grinding{bits=14}: bitz::piop::spartan::grinding: close time.busy=204µs time.idle=110ns
2026-10-07T19:58:58.336609Z  INFO falcon_algebraic:prove:falcon_algebraic:bitz:falcon_bridge:wfbitz_forest:spartan:grinding{bits=14}: bitz::piop::spartan::grinding: close time.busy=70.2µs time.idle=112ns
2026-10-07T19:58:58.336643Z  INFO falcon_algebraic:prove:falcon_algebraic:bitz:falcon_bridge:wfbitz_forest:spartan:grinding{bits=14}: bitz::piop::spartan::grinding: close time.busy=30.5µs time.idle=110ns
2026-10-07T19:58:58.336650Z  INFO falcon_algebraic:prove:falcon_algebraic:bitz:falcon_bridge:wfbitz_forest:spartan:grinding{bits=14}: bitz::piop::spartan::grinding: close time.busy=4.21µs time.idle=111ns
2026-10-07T19:58:58.336658Z  INFO falcon_algebraic:prove:falcon_algebraic:bitz:falcon_bridge:wfbitz_forest:spartan:grinding{bits=14}: bitz::piop::spartan::grinding: close time.busy=5.39µs time.idle=111ns
2026-10-07T19:58:58.336748Z  INFO falcon_algebraic:prove:falcon_algebraic:bitz:falcon_bridge:wfbitz_forest:spartan:grinding{bits=14}: bitz::piop::spartan::grinding: close time.busy=86.7µs time.idle=110ns
2026-10-07T19:58:58.336787Z  INFO falcon_algebraic:prove:falcon_algebraic:bitz:falcon_bridge:wfbitz_forest:spartan:grinding{bits=14}: bitz::piop::spartan::grinding: close time.busy=36.2µs time.idle=110ns
2026-10-07T19:58:58.336855Z  INFO falcon_algebraic:prove:falcon_algebraic:bitz:falcon_bridge:wfbitz_forest:spartan:grinding{bits=14}: bitz::piop::spartan::grinding: close time.busy=64.7µs time.idle=110ns
2026-10-07T19:58:58.336938Z  INFO falcon_algebraic:prove:falcon_algebraic:bitz:falcon_bridge:wfbitz_forest:spartan:grinding{bits=14}: bitz::piop::spartan::grinding: close time.busy=65.9µs time.idle=110ns
2026-10-07T19:58:58.337002Z  INFO falcon_algebraic:prove:falcon_algebraic:bitz:falcon_bridge:wfbitz_forest:spartan:grinding{bits=14}: bitz::piop::spartan::grinding: close time.busy=54.4µs time.idle=110ns
2026-10-07T19:58:58.337073Z  INFO falcon_algebraic:prove:falcon_algebraic:bitz:falcon_bridge:wfbitz_forest:spartan:grinding{bits=14}: bitz::piop::spartan::grinding: close time.busy=62.7µs time.idle=110ns
2026-10-07T19:58:58.337216Z  INFO falcon_algebraic:prove:falcon_algebraic:bitz:falcon_bridge:wfbitz_forest:spartan:grinding{bits=14}: bitz::piop::spartan::grinding: close time.busy=137µs time.idle=120ns
2026-10-07T19:58:58.337260Z  INFO falcon_algebraic:prove:falcon_algebraic:bitz:falcon_bridge:wfbitz_forest:spartan:grinding{bits=14}: bitz::piop::spartan::grinding: close time.busy=39.4µs time.idle=110ns
2026-10-07T19:58:58.337267Z  INFO falcon_algebraic:prove:falcon_algebraic:bitz:falcon_bridge:wfbitz_forest:spartan:grinding{bits=14}: bitz::piop::spartan::grinding: close time.busy=4.07µs time.idle=110ns
2026-10-07T19:58:58.337335Z  INFO falcon_algebraic:prove:falcon_algebraic:bitz:falcon_bridge:wfbitz_forest:spartan:grinding{bits=14}: bitz::piop::spartan::grinding: close time.busy=64.5µs time.idle=110ns
2026-10-07T19:58:58.337360Z  INFO falcon_algebraic:prove:falcon_algebraic:bitz:falcon_bridge:wfbitz_forest:spartan:grinding{bits=14}: bitz::piop::spartan::grinding: close time.busy=22.5µs time.idle=110ns
2026-10-07T19:58:58.337374Z  INFO falcon_algebraic:prove:falcon_algebraic:bitz:falcon_bridge:wfbitz_forest:spartan:grinding{bits=14}: bitz::piop::spartan::grinding: close time.busy=11.1µs time.idle=120ns
2026-10-07T19:58:58.337402Z  INFO falcon_algebraic:prove:falcon_algebraic:bitz:falcon_bridge:wfbitz_forest:spartan:grinding{bits=14}: bitz::piop::spartan::grinding: close time.busy=25.1µs time.idle=111ns
2026-10-07T19:58:58.337414Z  INFO falcon_algebraic:prove:falcon_algebraic:bitz:falcon_bridge:wfbitz_forest:spartan:grinding{bits=14}: bitz::piop::spartan::grinding: close time.busy=9.44µs time.idle=110ns
2026-10-07T19:58:58.337433Z  INFO falcon_algebraic:prove:falcon_algebraic:bitz:falcon_bridge:wfbitz_forest:spartan:grinding{bits=14}: bitz::piop::spartan::grinding: close time.busy=16.1µs time.idle=110ns
2026-10-07T19:58:58.337489Z  INFO falcon_algebraic:prove:falcon_algebraic:bitz:falcon_bridge:wfbitz_forest:spartan:grinding{bits=14}: bitz::piop::spartan::grinding: close time.busy=52.6µs time.idle=110ns
2026-10-07T19:58:58.337541Z  INFO falcon_algebraic:prove:falcon_algebraic:bitz:falcon_bridge:wfbitz_forest:spartan:grinding{bits=14}: bitz::piop::spartan::grinding: close time.busy=49.7µs time.idle=120ns
2026-10-07T19:58:58.337664Z  INFO falcon_algebraic:prove:falcon_algebraic:bitz:falcon_bridge:wfbitz_forest:spartan:grinding{bits=14}: bitz::piop::spartan::grinding: close time.busy=100.0µs time.idle=110ns
2026-10-07T19:58:58.337693Z  INFO falcon_algebraic:prove:falcon_algebraic:bitz:falcon_bridge:wfbitz_forest:spartan:grinding{bits=14}: bitz::piop::spartan::grinding: close time.busy=7.42µs time.idle=110ns
2026-10-07T19:58:58.337725Z  INFO falcon_algebraic:prove:falcon_algebraic:bitz:falcon_bridge:wfbitz_forest:spartan:grinding{bits=14}: bitz::piop::spartan::grinding: close time.busy=23.1µs time.idle=120ns
2026-10-07T19:58:58.337751Z  INFO falcon_algebraic:prove:falcon_algebraic:bitz:falcon_bridge:wfbitz_forest:spartan:grinding{bits=14}: bitz::piop::spartan::grinding: close time.busy=9.90µs time.idle=110ns
2026-10-07T19:58:58.337840Z  INFO falcon_algebraic:prove:falcon_algebraic:bitz:falcon_bridge:wfbitz_forest:spartan:grinding{bits=14}: bitz::piop::spartan::grinding: close time.busy=82.8µs time.idle=120ns
2026-10-07T19:58:58.337895Z  INFO falcon_algebraic:prove:falcon_algebraic:bitz:falcon_bridge:wfbitz_forest:spartan:grinding{bits=14}: bitz::piop::spartan::grinding: close time.busy=50.7µs time.idle=110ns
2026-10-07T19:58:58.337904Z  INFO falcon_algebraic:prove:falcon_algebraic:bitz:falcon_bridge:wfbitz_forest:spartan:grinding{bits=14}: bitz::piop::spartan::grinding: close time.busy=6.26µs time.idle=120ns
2026-10-07T19:58:58.337974Z  INFO falcon_algebraic:prove:falcon_algebraic:bitz:falcon_bridge:wfbitz_forest:spartan:grinding{bits=14}: bitz::piop::spartan::grinding: close time.busy=66.5µs time.idle=120ns
2026-10-07T19:58:58.338065Z  INFO falcon_algebraic:prove:falcon_algebraic:bitz:falcon_bridge:wfbitz_forest:spartan:grinding{bits=14}: bitz::piop::spartan::grinding: close time.busy=87.9µs time.idle=110ns
2026-10-07T19:58:58.338076Z  INFO falcon_algebraic:prove:falcon_algebraic:bitz:falcon_bridge:wfbitz_forest:spartan:grinding{bits=14}: bitz::piop::spartan::grinding: close time.busy=7.91µs time.idle=110ns
2026-10-07T19:58:58.338115Z  INFO falcon_algebraic:prove:falcon_algebraic:bitz:falcon_bridge:wfbitz_forest:spartan:grinding{bits=14}: bitz::piop::spartan::grinding: close time.busy=35.4µs time.idle=110ns
2026-10-07T19:58:58.338166Z  INFO falcon_algebraic:prove:falcon_algebraic:bitz:falcon_bridge:wfbitz_forest:spartan:grinding{bits=14}: bitz::piop::spartan::grinding: close time.busy=47.5µs time.idle=112ns
2026-10-07T19:58:58.338216Z  INFO falcon_algebraic:prove:falcon_algebraic:bitz:falcon_bridge:wfbitz_forest:spartan:grinding{bits=14}: bitz::piop::spartan::grinding: close time.busy=47.1µs time.idle=111ns
2026-10-07T19:58:58.338229Z  INFO falcon_algebraic:prove:falcon_algebraic:bitz:falcon_bridge:wfbitz_forest:spartan:grinding{bits=14}: bitz::piop::spartan::grinding: close time.busy=10.1µs time.idle=120ns
2026-10-07T19:58:58.338252Z  INFO falcon_algebraic:prove:falcon_algebraic:bitz:falcon_bridge:wfbitz_forest:spartan:grinding{bits=14}: bitz::piop::spartan::grinding: close time.busy=20.8µs time.idle=120ns
2026-10-07T19:58:58.338451Z  INFO falcon_algebraic:prove:falcon_algebraic:bitz:falcon_bridge:wfbitz_forest:spartan:grinding{bits=14}: bitz::piop::spartan::grinding: close time.busy=163µs time.idle=110ns
2026-10-07T19:58:58.338497Z  INFO falcon_algebraic:prove:falcon_algebraic:bitz:falcon_bridge:wfbitz_forest:spartan:grinding{bits=14}: bitz::piop::spartan::grinding: close time.busy=11.1µs time.idle=120ns
2026-10-07T19:58:58.338583Z  INFO falcon_algebraic:prove:falcon_algebraic:bitz:falcon_bridge:wfbitz_forest:spartan:grinding{bits=14}: bitz::piop::spartan::grinding: close time.busy=68.6µs time.idle=120ns
2026-10-07T19:58:58.338609Z  INFO falcon_algebraic:prove:falcon_algebraic:bitz:falcon_bridge:wfbitz_forest:spartan:grinding{bits=14}: bitz::piop::spartan::grinding: close time.busy=18.1µs time.idle=110ns
2026-10-07T19:58:58.338734Z  INFO falcon_algebraic:prove:falcon_algebraic:bitz:falcon_bridge:wfbitz_forest:spartan:grinding{bits=14}: bitz::piop::spartan::grinding: close time.busy=109µs time.idle=110ns
2026-10-07T19:58:58.338755Z  INFO falcon_algebraic:prove:falcon_algebraic:bitz:falcon_bridge:wfbitz_forest:spartan:grinding{bits=14}: bitz::piop::spartan::grinding: close time.busy=15.3µs time.idle=110ns
2026-10-07T19:58:58.338774Z  INFO falcon_algebraic:prove:falcon_algebraic:bitz:falcon_bridge:wfbitz_forest:spartan:grinding{bits=14}: bitz::piop::spartan::grinding: close time.busy=14.4µs time.idle=110ns
2026-10-07T19:58:58.338860Z  INFO falcon_algebraic:prove:falcon_algebraic:bitz:falcon_bridge:wfbitz_forest:spartan:grinding{bits=14}: bitz::piop::spartan::grinding: close time.busy=82.6µs time.idle=110ns
2026-10-07T19:58:58.338915Z  INFO falcon_algebraic:prove:falcon_algebraic:bitz:falcon_bridge:wfbitz_forest:spartan:grinding{bits=14}: bitz::piop::spartan::grinding: close time.busy=52.4µs time.idle=110ns
2026-10-07T19:58:58.338957Z  INFO falcon_algebraic:prove:falcon_algebraic:bitz:falcon_bridge:wfbitz_forest:spartan:grinding{bits=14}: bitz::piop::spartan::grinding: close time.busy=38.1µs time.idle=110ns
2026-10-07T19:58:58.338992Z  INFO falcon_algebraic:prove:falcon_algebraic:bitz:falcon_bridge:wfbitz_forest:spartan:grinding{bits=14}: bitz::piop::spartan::grinding: close time.busy=32.2µs time.idle=120ns
2026-10-07T19:58:58.339003Z  INFO falcon_algebraic:prove:falcon_algebraic:bitz:falcon_bridge:wfbitz_forest:spartan:grinding{bits=14}: bitz::piop::spartan::grinding: close time.busy=7.74µs time.idle=110ns
2026-10-07T19:58:58.339034Z  INFO falcon_algebraic:prove:falcon_algebraic:bitz:falcon_bridge:wfbitz_forest:spartan:grinding{bits=14}: bitz::piop::spartan::grinding: close time.busy=27.8µs time.idle=111ns
2026-10-07T19:58:58.339191Z  INFO falcon_algebraic:prove:falcon_algebraic:bitz:falcon_bridge:wfbitz_forest:spartan:grinding{bits=14}: bitz::piop::spartan::grinding: close time.busy=155µs time.idle=111ns
2026-10-07T19:58:58.339215Z  INFO falcon_algebraic:prove:falcon_algebraic:bitz:falcon_bridge:wfbitz_forest:spartan:grinding{bits=14}: bitz::piop::spartan::grinding: close time.busy=21.1µs time.idle=121ns
2026-10-07T19:58:58.339285Z  INFO falcon_algebraic:prove:falcon_algebraic:bitz:falcon_bridge:wfbitz_forest:spartan:grinding{bits=14}: bitz::piop::spartan::grinding: close time.busy=66.9µs time.idle=110ns
2026-10-07T19:58:58.339373Z  INFO falcon_algebraic:prove:falcon_algebraic:bitz:falcon_bridge:wfbitz_forest:spartan:grinding{bits=14}: bitz::piop::spartan::grinding: close time.busy=25.3µs time.idle=110ns
2026-10-07T19:58:58.339444Z  INFO falcon_algebraic:prove:falcon_algebraic:bitz:falcon_bridge:wfbitz_forest:spartan:grinding{bits=14}: bitz::piop::spartan::grinding: close time.busy=4.29µs time.idle=111ns
2026-10-07T19:58:58.339482Z  INFO falcon_algebraic:prove:falcon_algebraic:bitz:falcon_bridge:wfbitz_forest:spartan:grinding{bits=14}: bitz::piop::spartan::grinding: close time.busy=10.4µs time.idle=110ns
2026-10-07T19:58:58.339626Z  INFO falcon_algebraic:prove:falcon_algebraic:bitz:falcon_bridge:wfbitz_forest:spartan:grinding{bits=14}: bitz::piop::spartan::grinding: close time.busy=126µs time.idle=120ns
2026-10-07T19:58:58.339653Z  INFO falcon_algebraic:prove:falcon_algebraic:bitz:falcon_bridge:wfbitz_forest:spartan:grinding{bits=14}: bitz::piop::spartan::grinding: close time.busy=19.4µs time.idle=111ns
2026-10-07T19:58:58.339686Z  INFO falcon_algebraic:prove:falcon_algebraic:bitz:falcon_bridge:wfbitz_forest:spartan:grinding{bits=14}: bitz::piop::spartan::grinding: close time.busy=16.3µs time.idle=120ns
2026-10-07T19:58:58.339712Z  INFO falcon_algebraic:prove:falcon_algebraic:bitz:falcon_bridge:wfbitz_forest:spartan:grinding{bits=14}: bitz::piop::spartan::grinding: close time.busy=20.4µs time.idle=111ns
2026-10-07T19:58:58.339800Z  INFO falcon_algebraic:prove:falcon_algebraic:bitz:falcon_bridge:wfbitz_forest:spartan:grinding{bits=14}: bitz::piop::spartan::grinding: close time.busy=83.7µs time.idle=110ns
2026-10-07T19:58:58.339897Z  INFO falcon_algebraic:prove:falcon_algebraic:bitz:falcon_bridge:wfbitz_forest:spartan:grinding{bits=14}: bitz::piop::spartan::grinding: close time.busy=92.9µs time.idle=120ns
2026-10-07T19:58:58.339977Z  INFO falcon_algebraic:prove:falcon_algebraic:bitz:falcon_bridge:wfbitz_forest:spartan:grinding{bits=14}: bitz::piop::spartan::grinding: close time.busy=76.3µs time.idle=110ns
2026-10-07T19:58:58.340182Z  INFO falcon_algebraic:prove:falcon_algebraic:bitz:falcon_bridge:wfbitz_forest:spartan:grinding{bits=14}: bitz::piop::spartan::grinding: close time.busy=202µs time.idle=111ns
2026-10-07T19:58:58.340231Z  INFO falcon_algebraic:prove:falcon_algebraic:bitz:falcon_bridge:wfbitz_forest:spartan:grinding{bits=14}: bitz::piop::spartan::grinding: close time.busy=46.6µs time.idle=110ns
2026-10-07T19:58:58.340333Z  INFO falcon_algebraic:prove:falcon_algebraic:bitz:falcon_bridge:wfbitz_forest:spartan:grinding{bits=14}: bitz::piop::spartan::grinding: close time.busy=99.7µs time.idle=110ns
2026-10-07T19:58:58.340392Z  INFO falcon_algebraic:prove:falcon_algebraic:bitz:falcon_bridge:wfbitz_forest:spartan:grinding{bits=14}: bitz::piop::spartan::grinding: close time.busy=56.3µs time.idle=120ns
2026-10-07T19:58:58.340419Z  INFO falcon_algebraic:prove:falcon_algebraic:bitz:falcon_bridge:wfbitz_forest:spartan:grinding{bits=14}: bitz::piop::spartan::grinding: close time.busy=24.7µs time.idle=110ns
2026-10-07T19:58:58.340458Z  INFO falcon_algebraic:prove:falcon_algebraic:bitz:falcon_bridge:wfbitz_forest:spartan:grinding{bits=14}: bitz::piop::spartan::grinding: close time.busy=36.7µs time.idle=110ns
2026-10-07T19:58:58.340491Z  INFO falcon_algebraic:prove:falcon_algebraic:bitz:falcon_bridge:wfbitz_forest:spartan:grinding{bits=14}: bitz::piop::spartan::grinding: close time.busy=30.6µs time.idle=110ns
2026-10-07T19:58:58.340653Z  INFO falcon_algebraic:prove:falcon_algebraic:bitz:falcon_bridge:wfbitz_forest:spartan:grinding{bits=14}: bitz::piop::spartan::grinding: close time.busy=47.5µs time.idle=120ns
2026-10-07T19:58:58.340814Z  INFO falcon_algebraic:prove:falcon_algebraic:bitz:falcon_bridge:wfbitz_forest:spartan:grinding{bits=14}: bitz::piop::spartan::grinding: close time.busy=36.7µs time.idle=110ns
2026-10-07T19:58:58.341001Z  INFO falcon_algebraic:prove:falcon_algebraic:bitz:falcon_bridge:wfbitz_forest:spartan:grinding{bits=14}: bitz::piop::spartan::grinding: close time.busy=136µs time.idle=110ns
2026-10-07T19:58:58.341162Z  INFO falcon_algebraic:prove:falcon_algebraic:bitz:falcon_bridge:wfbitz_forest:spartan:grinding{bits=14}: bitz::piop::spartan::grinding: close time.busy=133µs time.idle=110ns
2026-10-07T19:58:58.341312Z  INFO falcon_algebraic:prove:falcon_algebraic:bitz:falcon_bridge:wfbitz_forest:spartan:grinding{bits=14}: bitz::piop::spartan::grinding: close time.busy=134µs time.idle=110ns
2026-10-07T19:58:58.341437Z  INFO falcon_algebraic:prove:falcon_algebraic:bitz:falcon_bridge:wfbitz_forest:spartan:grinding{bits=14}: bitz::piop::spartan::grinding: close time.busy=117µs time.idle=110ns
2026-10-07T19:58:58.341490Z  INFO falcon_algebraic:prove:falcon_algebraic:bitz:falcon_bridge:wfbitz_forest:spartan:grinding{bits=14}: bitz::piop::spartan::grinding: close time.busy=37.0µs time.idle=110ns
2026-10-07T19:58:58.341554Z  INFO falcon_algebraic:prove:falcon_algebraic:bitz:falcon_bridge:wfbitz_forest:spartan:grinding{bits=14}: bitz::piop::spartan::grinding: close time.busy=58.1µs time.idle=111ns
2026-10-07T19:58:58.341576Z  INFO falcon_algebraic:prove:falcon_algebraic:bitz:falcon_bridge:wfbitz_forest:spartan:grinding{bits=14}: bitz::piop::spartan::grinding: close time.busy=17.9µs time.idle=110ns
2026-10-07T19:58:58.341643Z  INFO falcon_algebraic:prove:falcon_algebraic:bitz:falcon_bridge:wfbitz_forest:spartan:grinding{bits=14}: bitz::piop::spartan::grinding: close time.busy=64.1µs time.idle=110ns
2026-10-07T19:58:58.341654Z  INFO falcon_algebraic:prove:falcon_algebraic:bitz:falcon_bridge:wfbitz_forest:spartan:grinding{bits=14}: bitz::piop::spartan::grinding: close time.busy=7.80µs time.idle=110ns
2026-10-07T19:58:58.341681Z  INFO falcon_algebraic:prove:falcon_algebraic:bitz:falcon_bridge:wfbitz_forest:spartan:grinding{bits=14}: bitz::piop::spartan::grinding: close time.busy=24.8µs time.idle=110ns
2026-10-07T19:58:58.341748Z  INFO falcon_algebraic:prove:falcon_algebraic:bitz:falcon_bridge:wfbitz_forest:spartan:grinding{bits=14}: bitz::piop::spartan::grinding: close time.busy=63.9µs time.idle=110ns
2026-10-07T19:58:58.341767Z  INFO falcon_algebraic:prove:falcon_algebraic:bitz:falcon_bridge:wfbitz_forest:spartan:grinding{bits=14}: bitz::piop::spartan::grinding: close time.busy=16.6µs time.idle=110ns
2026-10-07T19:58:58.341793Z  INFO falcon_algebraic:prove:falcon_algebraic:bitz:falcon_bridge:wfbitz_forest:spartan:grinding{bits=14}: bitz::piop::spartan::grinding: close time.busy=23.1µs time.idle=110ns
2026-10-07T19:58:58.341935Z  INFO falcon_algebraic:prove:falcon_algebraic:bitz:falcon_bridge:wfbitz_forest:spartan:grinding{bits=14}: bitz::piop::spartan::grinding: close time.busy=139µs time.idle=110ns
2026-10-07T19:58:58.341954Z  INFO falcon_algebraic:prove:falcon_algebraic:bitz:falcon_bridge:wfbitz_forest:spartan:grinding{bits=14}: bitz::piop::spartan::grinding: close time.busy=16.9µs time.idle=110ns
2026-10-07T19:58:58.342004Z  INFO falcon_algebraic:prove:falcon_algebraic:bitz:falcon_bridge:wfbitz_forest:spartan:grinding{bits=14}: bitz::piop::spartan::grinding: close time.busy=47.0µs time.idle=110ns
2026-10-07T19:58:58.342246Z  INFO falcon_algebraic:prove:falcon_algebraic:bitz:falcon_bridge:wfbitz_forest:spartan:grinding{bits=14}: bitz::piop::spartan::grinding: close time.busy=23.3µs time.idle=110ns
2026-10-07T19:58:58.342553Z  INFO falcon_algebraic:prove:falcon_algebraic:bitz:falcon_bridge:wfbitz_forest:spartan:grinding{bits=14}: bitz::piop::spartan::grinding: close time.busy=64.9µs time.idle=111ns
2026-10-07T19:58:58.342751Z  INFO falcon_algebraic:prove:falcon_algebraic:bitz:falcon_bridge:wfbitz_forest:spartan:grinding{bits=14}: bitz::piop::spartan::grinding: close time.busy=102µs time.idle=120ns
2026-10-07T19:58:58.342825Z  INFO falcon_algebraic:prove:falcon_algebraic:bitz:falcon_bridge:wfbitz_forest:spartan:grinding{bits=14}: bitz::piop::spartan::grinding: close time.busy=24.4µs time.idle=110ns
2026-10-07T19:58:58.342901Z  INFO falcon_algebraic:prove:falcon_algebraic:bitz:falcon_bridge:wfbitz_forest:spartan:grinding{bits=14}: bitz::piop::spartan::grinding: close time.busy=45.1µs time.idle=110ns
2026-10-07T19:58:58.343012Z  INFO falcon_algebraic:prove:falcon_algebraic:bitz:falcon_bridge:wfbitz_forest:spartan:grinding{bits=14}: bitz::piop::spartan::grinding: close time.busy=93.8µs time.idle=110ns
2026-10-07T19:58:58.343039Z  INFO falcon_algebraic:prove:falcon_algebraic:bitz:falcon_bridge:wfbitz_forest:spartan:grinding{bits=14}: bitz::piop::spartan::grinding: close time.busy=18.8µs time.idle=120ns
2026-10-07T19:58:58.343079Z  INFO falcon_algebraic:prove:falcon_algebraic:bitz:falcon_bridge:wfbitz_forest:spartan:grinding{bits=14}: bitz::piop::spartan::grinding: close time.busy=22.3µs time.idle=110ns
2026-10-07T19:58:58.343132Z  INFO falcon_algebraic:prove:falcon_algebraic:bitz:falcon_bridge:wfbitz_forest:spartan:grinding{bits=14}: bitz::piop::spartan::grinding: close time.busy=48.2µs time.idle=120ns
2026-10-07T19:58:58.343179Z  INFO falcon_algebraic:prove:falcon_algebraic:bitz:falcon_bridge:wfbitz_forest:spartan:grinding{bits=14}: bitz::piop::spartan::grinding: close time.busy=42.6µs time.idle=121ns
2026-10-07T19:58:58.343286Z  INFO falcon_algebraic:prove:falcon_algebraic:bitz:falcon_bridge:wfbitz_forest:spartan:grinding{bits=14}: bitz::piop::spartan::grinding: close time.busy=103µs time.idle=110ns
2026-10-07T19:58:58.343353Z  INFO falcon_algebraic:prove:falcon_algebraic:bitz:falcon_bridge:wfbitz_forest:spartan:grinding{bits=14}: bitz::piop::spartan::grinding: close time.busy=64.6µs time.idle=110ns
2026-10-07T19:58:58.343380Z  INFO falcon_algebraic:prove:falcon_algebraic:bitz:falcon_bridge:wfbitz_forest:spartan:grinding{bits=14}: bitz::piop::spartan::grinding: close time.busy=23.8µs time.idle=120ns
2026-10-07T19:58:58.343587Z  INFO falcon_algebraic:prove:falcon_algebraic:bitz:falcon_bridge:wfbitz_forest:spartan:grinding{bits=14}: bitz::piop::spartan::grinding: close time.busy=204µs time.idle=110ns
2026-10-07T19:58:58.343612Z  INFO falcon_algebraic:prove:falcon_algebraic:bitz:falcon_bridge:wfbitz_forest:spartan:grinding{bits=14}: bitz::piop::spartan::grinding: close time.busy=22.9µs time.idle=111ns
2026-10-07T19:58:58.343621Z  INFO falcon_algebraic:prove:falcon_algebraic:bitz:falcon_bridge:wfbitz_forest:spartan:grinding{bits=14}: bitz::piop::spartan::grinding: close time.busy=6.24µs time.idle=110ns
2026-10-07T19:58:58.343695Z  INFO falcon_algebraic:prove:falcon_algebraic:bitz:falcon_bridge:wfbitz_forest:spartan:grinding{bits=14}: bitz::piop::spartan::grinding: close time.busy=70.5µs time.idle=120ns
2026-10-07T19:58:58.343728Z  INFO falcon_algebraic:prove:falcon_algebraic:bitz:falcon_bridge:wfbitz_forest:spartan:grinding{bits=14}: bitz::piop::spartan::grinding: close time.busy=29.9µs time.idle=111ns
2026-10-07T19:58:58.343843Z  INFO falcon_algebraic:prove:falcon_algebraic:bitz:falcon_bridge:wfbitz_forest:spartan:grinding{bits=14}: bitz::piop::spartan::grinding: close time.busy=112µs time.idle=112ns
2026-10-07T19:58:58.344296Z  INFO falcon_algebraic:prove:falcon_algebraic:bitz:falcon_bridge:wfbitz_forest:spartan:grinding{bits=14}: bitz::piop::spartan::grinding: close time.busy=31.2µs time.idle=121ns
2026-10-07T19:58:58.344910Z  INFO falcon_algebraic:prove:falcon_algebraic:bitz:falcon_bridge:wfbitz_forest:spartan:grinding{bits=14}: bitz::piop::spartan::grinding: close time.busy=142µs time.idle=121ns
2026-10-07T19:58:58.345265Z  INFO falcon_algebraic:prove:falcon_algebraic:bitz:falcon_bridge:wfbitz_forest:spartan:grinding{bits=14}: bitz::piop::spartan::grinding: close time.busy=170µs time.idle=120ns
2026-10-07T19:58:58.345430Z  INFO falcon_algebraic:prove:falcon_algebraic:bitz:falcon_bridge:wfbitz_forest:spartan:grinding{bits=14}: bitz::piop::spartan::grinding: close time.busy=69.5µs time.idle=120ns
2026-10-07T19:58:58.345540Z  INFO falcon_algebraic:prove:falcon_algebraic:bitz:falcon_bridge:wfbitz_forest:spartan:grinding{bits=14}: bitz::piop::spartan::grinding: close time.busy=58.8µs time.idle=110ns
2026-10-07T19:58:58.345607Z  INFO falcon_algebraic:prove:falcon_algebraic:bitz:falcon_bridge:wfbitz_forest:spartan:grinding{bits=14}: bitz::piop::spartan::grinding: close time.busy=37.4µs time.idle=110ns
2026-10-07T19:58:58.345690Z  INFO falcon_algebraic:prove:falcon_algebraic:bitz:falcon_bridge:wfbitz_forest:spartan:grinding{bits=14}: bitz::piop::spartan::grinding: close time.busy=66.5µs time.idle=110ns
2026-10-07T19:58:58.345757Z  INFO falcon_algebraic:prove:falcon_algebraic:bitz:falcon_bridge:wfbitz_forest:spartan:grinding{bits=14}: bitz::piop::spartan::grinding: close time.busy=59.1µs time.idle=120ns
2026-10-07T19:58:58.345934Z  INFO falcon_algebraic:prove:falcon_algebraic:bitz:falcon_bridge:wfbitz_forest:spartan:grinding{bits=14}: bitz::piop::spartan::grinding: close time.busy=160µs time.idle=110ns
2026-10-07T19:58:58.346001Z  INFO falcon_algebraic:prove:falcon_algebraic:bitz:falcon_bridge:wfbitz_forest:spartan:grinding{bits=14}: bitz::piop::spartan::grinding: close time.busy=62.0µs time.idle=120ns
2026-10-07T19:58:58.346027Z  INFO falcon_algebraic:prove:falcon_algebraic:bitz:falcon_bridge:wfbitz_forest:spartan:grinding{bits=14}: bitz::piop::spartan::grinding: close time.busy=21.2µs time.idle=110ns
2026-10-07T19:58:58.346066Z  INFO falcon_algebraic:prove:falcon_algebraic:bitz:falcon_bridge:wfbitz_forest:spartan:grinding{bits=14}: bitz::piop::spartan::grinding: close time.busy=35.1µs time.idle=111ns
2026-10-07T19:58:58.346113Z  INFO falcon_algebraic:prove:falcon_algebraic:bitz:falcon_bridge:wfbitz_forest:spartan:grinding{bits=14}: bitz::piop::spartan::grinding: close time.busy=43.5µs time.idle=110ns
2026-10-07T19:58:58.346173Z  INFO falcon_algebraic:prove:falcon_algebraic:bitz:falcon_bridge:wfbitz_forest:spartan:grinding{bits=14}: bitz::piop::spartan::grinding: close time.busy=57.3µs time.idle=110ns
2026-10-07T19:58:58.346277Z  INFO falcon_algebraic:prove:falcon_algebraic:bitz:falcon_bridge:wfbitz_forest:spartan:grinding{bits=14}: bitz::piop::spartan::grinding: close time.busy=101µs time.idle=110ns
2026-10-07T19:58:58.346311Z  INFO falcon_algebraic:prove:falcon_algebraic:bitz:falcon_bridge:wfbitz_forest:spartan:grinding{bits=14}: bitz::piop::spartan::grinding: close time.busy=31.8µs time.idle=120ns
2026-10-07T19:58:58.346350Z  INFO falcon_algebraic:prove:falcon_algebraic:bitz:falcon_bridge:wfbitz_forest:spartan:grinding{bits=14}: bitz::piop::spartan::grinding: close time.busy=35.8µs time.idle=120ns
2026-10-07T19:58:58.346393Z  INFO falcon_algebraic:prove:falcon_algebraic:bitz:falcon_bridge:wfbitz_forest:spartan:grinding{bits=14}: bitz::piop::spartan::grinding: close time.busy=40.5µs time.idle=110ns
2026-10-07T19:58:58.346477Z  INFO falcon_algebraic:prove:falcon_algebraic:bitz:falcon_bridge:wfbitz_forest:spartan:grinding{bits=14}: bitz::piop::spartan::grinding: close time.busy=81.8µs time.idle=110ns
2026-10-07T19:58:58.346509Z  INFO falcon_algebraic:prove:falcon_algebraic:bitz:falcon_bridge:wfbitz_forest:spartan:grinding{bits=14}: bitz::piop::spartan::grinding: close time.busy=28.9µs time.idle=110ns
2026-10-07T19:58:58.349184Z  INFO falcon_algebraic:prove:falcon_algebraic:bitz:falcon_bridge:wfbitz_forest:spartan:grinding{bits=14}: bitz::piop::spartan::grinding: close time.busy=45.1µs time.idle=130ns
2026-10-07T19:58:58.350247Z  INFO falcon_algebraic:prove:falcon_algebraic:bitz:falcon_bridge:wfbitz_forest:spartan:grinding{bits=14}: bitz::piop::spartan::grinding: close time.busy=107µs time.idle=110ns
2026-10-07T19:58:58.350638Z  INFO falcon_algebraic:prove:falcon_algebraic:bitz:falcon_bridge:wfbitz_forest:spartan:grinding{bits=14}: bitz::piop::spartan::grinding: close time.busy=33.8µs time.idle=121ns
2026-10-07T19:58:58.350885Z  INFO falcon_algebraic:prove:falcon_algebraic:bitz:falcon_bridge:wfbitz_forest:spartan:grinding{bits=14}: bitz::piop::spartan::grinding: close time.busy=72.3µs time.idle=120ns
2026-10-07T19:58:58.350991Z  INFO falcon_algebraic:prove:falcon_algebraic:bitz:falcon_bridge:wfbitz_forest:spartan:grinding{bits=14}: bitz::piop::spartan::grinding: close time.busy=13.9µs time.idle=111ns
2026-10-07T19:58:58.351083Z  INFO falcon_algebraic:prove:falcon_algebraic:bitz:falcon_bridge:wfbitz_forest:spartan:grinding{bits=14}: bitz::piop::spartan::grinding: close time.busy=39.9µs time.idle=121ns
2026-10-07T19:58:58.351199Z  INFO falcon_algebraic:prove:falcon_algebraic:bitz:falcon_bridge:wfbitz_forest:spartan:grinding{bits=14}: bitz::piop::spartan::grinding: close time.busy=87.1µs time.idle=110ns
2026-10-07T19:58:58.351302Z  INFO falcon_algebraic:prove:falcon_algebraic:bitz:falcon_bridge:wfbitz_forest:spartan:grinding{bits=14}: bitz::piop::spartan::grinding: close time.busy=85.4µs time.idle=110ns
2026-10-07T19:58:58.351365Z  INFO falcon_algebraic:prove:falcon_algebraic:bitz:falcon_bridge:wfbitz_forest:spartan:grinding{bits=14}: bitz::piop::spartan::grinding: close time.busy=54.7µs time.idle=120ns
2026-10-07T19:58:58.351386Z  INFO falcon_algebraic:prove:falcon_algebraic:bitz:falcon_bridge:wfbitz_forest:spartan:grinding{bits=14}: bitz::piop::spartan::grinding: close time.busy=4.95µs time.idle=110ns
2026-10-07T19:58:58.351565Z  INFO falcon_algebraic:prove:falcon_algebraic:bitz:falcon_bridge:wfbitz_forest:spartan:grinding{bits=14}: bitz::piop::spartan::grinding: close time.busy=174µs time.idle=120ns
2026-10-07T19:58:58.351598Z  INFO falcon_algebraic:prove:falcon_algebraic:bitz:falcon_bridge:wfbitz_forest:spartan:grinding{bits=14}: bitz::piop::spartan::grinding: close time.busy=28.4µs time.idle=110ns
2026-10-07T19:58:58.351737Z  INFO falcon_algebraic:prove:falcon_algebraic:bitz:falcon_bridge:wfbitz_forest:spartan:grinding{bits=14}: bitz::piop::spartan::grinding: close time.busy=135µs time.idle=121ns
2026-10-07T19:58:58.351788Z  INFO falcon_algebraic:prove:falcon_algebraic:bitz:falcon_bridge:wfbitz_forest:spartan:grinding{bits=14}: bitz::piop::spartan::grinding: close time.busy=47.9µs time.idle=110ns
2026-10-07T19:58:58.351844Z  INFO falcon_algebraic:prove:falcon_algebraic:bitz:falcon_bridge:wfbitz_forest:spartan:grinding{bits=14}: bitz::piop::spartan::grinding: close time.busy=53.6µs time.idle=110ns
2026-10-07T19:58:58.351896Z  INFO falcon_algebraic:prove:falcon_algebraic:bitz:falcon_bridge:wfbitz_forest:spartan:grinding{bits=14}: bitz::piop::spartan::grinding: close time.busy=48.6µs time.idle=110ns
2026-10-07T19:58:58.351920Z  INFO falcon_algebraic:prove:falcon_algebraic:bitz:falcon_bridge:wfbitz_forest:spartan:grinding{bits=14}: bitz::piop::spartan::grinding: close time.busy=21.4µs time.idle=110ns
2026-10-07T19:58:58.352012Z  INFO falcon_algebraic:prove:falcon_algebraic:bitz:falcon_bridge:wfbitz_forest:spartan:grinding{bits=14}: bitz::piop::spartan::grinding: close time.busy=89.2µs time.idle=120ns
2026-10-07T19:58:58.352133Z  INFO falcon_algebraic:prove:falcon_algebraic:bitz:falcon_bridge:wfbitz_forest:spartan:grinding{bits=14}: bitz::piop::spartan::grinding: close time.busy=118µs time.idle=111ns
2026-10-07T19:58:58.352176Z  INFO falcon_algebraic:prove:falcon_algebraic:bitz:falcon_bridge:wfbitz_forest:spartan:grinding{bits=14}: bitz::piop::spartan::grinding: close time.busy=40.1µs time.idle=110ns
2026-10-07T19:58:58.352199Z  INFO falcon_algebraic:prove:falcon_algebraic:bitz:falcon_bridge:wfbitz_forest:spartan:grinding{bits=14}: bitz::piop::spartan::grinding: close time.busy=20.3µs time.idle=110ns
2026-10-07T19:58:58.354235Z  INFO falcon_algebraic:prove:falcon_algebraic:bitz:falcon_bridge:wfbitz_forest:spartan:grinding{bits=14}: bitz::piop::spartan::grinding: close time.busy=67.6µs time.idle=110ns
2026-10-07T19:58:58.356141Z  INFO falcon_algebraic:prove:falcon_algebraic:bitz:falcon_bridge:wfbitz_forest:spartan:grinding{bits=14}: bitz::piop::spartan::grinding: close time.busy=92.7µs time.idle=120ns
2026-10-07T19:58:58.356849Z  INFO falcon_algebraic:prove:falcon_algebraic:bitz:falcon_bridge:wfbitz_forest:spartan:grinding{bits=14}: bitz::piop::spartan::grinding: close time.busy=32.0µs time.idle=121ns
2026-10-07T19:58:58.357220Z  INFO falcon_algebraic:prove:falcon_algebraic:bitz:falcon_bridge:wfbitz_forest:spartan:grinding{bits=14}: bitz::piop::spartan::grinding: close time.busy=27.9µs time.idle=120ns
2026-10-07T19:58:58.357441Z  INFO falcon_algebraic:prove:falcon_algebraic:bitz:falcon_bridge:wfbitz_forest:spartan:grinding{bits=14}: bitz::piop::spartan::grinding: close time.busy=46.3µs time.idle=120ns
2026-10-07T19:58:58.357554Z  INFO falcon_algebraic:prove:falcon_algebraic:bitz:falcon_bridge:wfbitz_forest:spartan:grinding{bits=14}: bitz::piop::spartan::grinding: close time.busy=20.7µs time.idle=120ns
2026-10-07T19:58:58.357616Z  INFO falcon_algebraic:prove:falcon_algebraic:bitz:falcon_bridge:wfbitz_forest:spartan:grinding{bits=14}: bitz::piop::spartan::grinding: close time.busy=11.8µs time.idle=120ns
2026-10-07T19:58:58.357650Z  INFO falcon_algebraic:prove:falcon_algebraic:bitz:falcon_bridge:wfbitz_forest:spartan:grinding{bits=14}: bitz::piop::spartan::grinding: close time.busy=5.06µs time.idle=121ns
2026-10-07T19:58:58.357759Z  INFO falcon_algebraic:prove:falcon_algebraic:bitz:falcon_bridge:wfbitz_forest:spartan:grinding{bits=14}: bitz::piop::spartan::grinding: close time.busy=91.3µs time.idle=120ns
2026-10-07T19:58:58.357791Z  INFO falcon_algebraic:prove:falcon_algebraic:bitz:falcon_bridge:wfbitz_forest:spartan:grinding{bits=14}: bitz::piop::spartan::grinding: close time.busy=23.3µs time.idle=110ns
2026-10-07T19:58:58.357840Z  INFO falcon_algebraic:prove:falcon_algebraic:bitz:falcon_bridge:wfbitz_forest:spartan:grinding{bits=14}: bitz::piop::spartan::grinding: close time.busy=33.2µs time.idle=121ns
2026-10-07T19:58:58.357858Z  INFO falcon_algebraic:prove:falcon_algebraic:bitz:falcon_bridge:wfbitz_forest:spartan:grinding{bits=14}: bitz::piop::spartan::grinding: close time.busy=12.0µs time.idle=111ns
2026-10-07T19:58:58.357875Z  INFO falcon_algebraic:prove:falcon_algebraic:bitz:falcon_bridge:wfbitz_forest:spartan:grinding{bits=14}: bitz::piop::spartan::grinding: close time.busy=12.7µs time.idle=120ns
2026-10-07T19:58:58.358013Z  INFO falcon_algebraic:prove:falcon_algebraic:bitz:falcon_bridge:wfbitz_forest:spartan:grinding{bits=14}: bitz::piop::spartan::grinding: close time.busy=134µs time.idle=130ns
2026-10-07T19:58:58.358112Z  INFO falcon_algebraic:prove:falcon_algebraic:bitz:falcon_bridge:wfbitz_forest:spartan:grinding{bits=14}: bitz::piop::spartan::grinding: close time.busy=96.1µs time.idle=110ns
2026-10-07T19:58:58.358174Z  INFO falcon_algebraic:prove:falcon_algebraic:bitz:falcon_bridge:wfbitz_forest:spartan:grinding{bits=14}: bitz::piop::spartan::grinding: close time.busy=58.0µs time.idle=110ns
2026-10-07T19:58:58.358268Z  INFO falcon_algebraic:prove:falcon_algebraic:bitz:falcon_bridge:wfbitz_forest:spartan:grinding{bits=14}: bitz::piop::spartan::grinding: close time.busy=91.2µs time.idle=110ns
2026-10-07T19:58:58.358313Z  INFO falcon_algebraic:prove:falcon_algebraic:bitz:falcon_bridge:wfbitz_forest:spartan:grinding{bits=14}: bitz::piop::spartan::grinding: close time.busy=42.1µs time.idle=110ns
2026-10-07T19:58:58.358345Z  INFO falcon_algebraic:prove:falcon_algebraic:bitz:falcon_bridge:wfbitz_forest:spartan:grinding{bits=14}: bitz::piop::spartan::grinding: close time.busy=29.4µs time.idle=121ns
2026-10-07T19:58:58.358473Z  INFO falcon_algebraic:prove:falcon_algebraic:bitz:falcon_bridge:wfbitz_forest:spartan:grinding{bits=14}: bitz::piop::spartan::grinding: close time.busy=125µs time.idle=110ns
2026-10-07T19:58:58.358554Z  INFO falcon_algebraic:prove:falcon_algebraic:bitz:falcon_bridge:wfbitz_forest:spartan:grinding{bits=14}: bitz::piop::spartan::grinding: close time.busy=78.0µs time.idle=120ns
2026-10-07T19:58:58.358584Z  INFO falcon_algebraic:prove:falcon_algebraic:bitz:falcon_bridge:wfbitz_forest:spartan:grinding{bits=14}: bitz::piop::spartan::grinding: close time.busy=27.5µs time.idle=121ns
2026-10-07T19:58:58.361744Z  INFO falcon_algebraic:prove:falcon_algebraic:bitz:falcon_bridge:wfbitz_forest:spartan:grinding{bits=14}: bitz::piop::spartan::grinding: close time.busy=29.0µs time.idle=120ns
2026-10-07T19:58:58.364172Z  INFO falcon_algebraic:prove:falcon_algebraic:bitz:falcon_bridge:wfbitz_forest:spartan:grinding{bits=14}: bitz::piop::spartan::grinding: close time.busy=16.3µs time.idle=120ns
2026-10-07T19:58:58.366071Z  INFO falcon_algebraic:prove:falcon_algebraic:bitz:falcon_bridge:wfbitz_forest:spartan:grinding{bits=14}: bitz::piop::spartan::grinding: close time.busy=91.7µs time.idle=120ns
2026-10-07T19:58:58.366788Z  INFO falcon_algebraic:prove:falcon_algebraic:bitz:falcon_bridge:wfbitz_forest:spartan:grinding{bits=14}: bitz::piop::spartan::grinding: close time.busy=40.0µs time.idle=120ns
2026-10-07T19:58:58.367206Z  INFO falcon_algebraic:prove:falcon_algebraic:bitz:falcon_bridge:wfbitz_forest:spartan:grinding{bits=14}: bitz::piop::spartan::grinding: close time.busy=75.3µs time.idle=130ns
2026-10-07T19:58:58.367386Z  INFO falcon_algebraic:prove:falcon_algebraic:bitz:falcon_bridge:wfbitz_forest:spartan:grinding{bits=14}: bitz::piop::spartan::grinding: close time.busy=5.67µs time.idle=120ns
2026-10-07T19:58:58.367501Z  INFO falcon_algebraic:prove:falcon_algebraic:bitz:falcon_bridge:wfbitz_forest:spartan:grinding{bits=14}: bitz::piop::spartan::grinding: close time.busy=21.8µs time.idle=130ns
2026-10-07T19:58:58.367584Z  INFO falcon_algebraic:prove:falcon_algebraic:bitz:falcon_bridge:wfbitz_forest:spartan:grinding{bits=14}: bitz::piop::spartan::grinding: close time.busy=32.1µs time.idle=110ns
2026-10-07T19:58:58.367617Z  INFO falcon_algebraic:prove:falcon_algebraic:bitz:falcon_bridge:wfbitz_forest:spartan:grinding{bits=14}: bitz::piop::spartan::grinding: close time.busy=4.38µs time.idle=120ns
2026-10-07T19:58:58.367654Z  INFO falcon_algebraic:prove:falcon_algebraic:bitz:falcon_bridge:wfbitz_forest:spartan:grinding{bits=14}: bitz::piop::spartan::grinding: close time.busy=19.9µs time.idle=110ns
2026-10-07T19:58:58.367689Z  INFO falcon_algebraic:prove:falcon_algebraic:bitz:falcon_bridge:wfbitz_forest:spartan:grinding{bits=14}: bitz::piop::spartan::grinding: close time.busy=27.1µs time.idle=110ns
2026-10-07T19:58:58.367754Z  INFO falcon_algebraic:prove:falcon_algebraic:bitz:falcon_bridge:wfbitz_forest:spartan:grinding{bits=14}: bitz::piop::spartan::grinding: close time.busy=49.0µs time.idle=120ns
2026-10-07T19:58:58.367873Z  INFO falcon_algebraic:prove:falcon_algebraic:bitz:falcon_bridge:wfbitz_forest:spartan:grinding{bits=14}: bitz::piop::spartan::grinding: close time.busy=114µs time.idle=110ns
2026-10-07T19:58:58.367904Z  INFO falcon_algebraic:prove:falcon_algebraic:bitz:falcon_bridge:wfbitz_forest:spartan:grinding{bits=14}: bitz::piop::spartan::grinding: close time.busy=27.4µs time.idle=111ns
2026-10-07T19:58:58.367970Z  INFO falcon_algebraic:prove:falcon_algebraic:bitz:falcon_bridge:wfbitz_forest:spartan:grinding{bits=14}: bitz::piop::spartan::grinding: close time.busy=62.1µs time.idle=110ns
2026-10-07T19:58:58.368094Z  INFO falcon_algebraic:prove:falcon_algebraic:bitz:falcon_bridge:wfbitz_forest:spartan:grinding{bits=14}: bitz::piop::spartan::grinding: close time.busy=121µs time.idle=110ns
2026-10-07T19:58:58.368126Z  INFO falcon_algebraic:prove:falcon_algebraic:bitz:falcon_bridge:wfbitz_forest:spartan:grinding{bits=14}: bitz::piop::spartan::grinding: close time.busy=29.7µs time.idle=110ns
2026-10-07T19:58:58.368153Z  INFO falcon_algebraic:prove:falcon_algebraic:bitz:falcon_bridge:wfbitz_forest:spartan:grinding{bits=14}: bitz::piop::spartan::grinding: close time.busy=23.7µs time.idle=120ns
2026-10-07T19:58:58.368370Z  INFO falcon_algebraic:prove:falcon_algebraic:bitz:falcon_bridge:wfbitz_forest:spartan:grinding{bits=14}: bitz::piop::spartan::grinding: close time.busy=215µs time.idle=111ns
2026-10-07T19:58:58.368421Z  INFO falcon_algebraic:prove:falcon_algebraic:bitz:falcon_bridge:wfbitz_forest:spartan:grinding{bits=14}: bitz::piop::spartan::grinding: close time.busy=48.4µs time.idle=110ns
2026-10-07T19:58:58.368519Z  INFO falcon_algebraic:prove:falcon_algebraic:bitz:falcon_bridge:wfbitz_forest:spartan:grinding{bits=14}: bitz::piop::spartan::grinding: close time.busy=94.4µs time.idle=111ns
2026-10-07T19:58:58.368547Z  INFO falcon_algebraic:prove:falcon_algebraic:bitz:falcon_bridge:wfbitz_forest:spartan:grinding{bits=14}: bitz::piop::spartan::grinding: close time.busy=25.9µs time.idle=120ns
2026-10-07T19:58:58.368694Z  INFO falcon_algebraic:prove:falcon_algebraic:bitz:falcon_bridge:wfbitz_forest:spartan:grinding{bits=14}: bitz::piop::spartan::grinding: close time.busy=143µs time.idle=110ns
2026-10-07T19:58:58.372143Z  INFO falcon_algebraic:prove:falcon_algebraic:bitz:falcon_bridge:wfbitz_forest:spartan:grinding{bits=14}: bitz::piop::spartan::grinding: close time.busy=78.3µs time.idle=120ns
2026-10-07T19:58:58.372166Z  INFO falcon_algebraic:prove:falcon_algebraic:bitz:falcon_bridge:wfbitz_forest:spartan:grinding{bits=14}: bitz::piop::spartan::grinding: close time.busy=19.6µs time.idle=110ns
2026-10-07T19:58:58.374624Z  INFO falcon_algebraic:prove:falcon_algebraic:bitz:falcon_bridge:wfbitz_forest:spartan:grinding{bits=14}: bitz::piop::spartan::grinding: close time.busy=65.3µs time.idle=120ns
2026-10-07T19:58:58.376467Z  INFO falcon_algebraic:prove:falcon_algebraic:bitz:falcon_bridge:wfbitz_forest:spartan:grinding{bits=14}: bitz::piop::spartan::grinding: close time.busy=27.7µs time.idle=120ns
2026-10-07T19:58:58.377228Z  INFO falcon_algebraic:prove:falcon_algebraic:bitz:falcon_bridge:wfbitz_forest:spartan:grinding{bits=14}: bitz::piop::spartan::grinding: close time.busy=85.5µs time.idle=130ns
2026-10-07T19:58:58.377673Z  INFO falcon_algebraic:prove:falcon_algebraic:bitz:falcon_bridge:wfbitz_forest:spartan:grinding{bits=14}: bitz::piop::spartan::grinding: close time.busy=104µs time.idle=131ns
2026-10-07T19:58:58.377892Z  INFO falcon_algebraic:prove:falcon_algebraic:bitz:falcon_bridge:wfbitz_forest:spartan:grinding{bits=14}: bitz::piop::spartan::grinding: close time.busy=44.0µs time.idle=130ns
2026-10-07T19:58:58.378019Z  INFO falcon_algebraic:prove:falcon_algebraic:bitz:falcon_bridge:wfbitz_forest:spartan:grinding{bits=14}: bitz::piop::spartan::grinding: close time.busy=35.3µs time.idle=130ns
2026-10-07T19:58:58.378077Z  INFO falcon_algebraic:prove:falcon_algebraic:bitz:falcon_bridge:wfbitz_forest:spartan:grinding{bits=14}: bitz::piop::spartan::grinding: close time.busy=4.95µs time.idle=120ns
2026-10-07T19:58:58.378217Z  INFO falcon_algebraic:prove:falcon_algebraic:bitz:falcon_bridge:wfbitz_forest:spartan:grinding{bits=14}: bitz::piop::spartan::grinding: close time.busy=111µs time.idle=130ns
2026-10-07T19:58:58.378303Z  INFO falcon_algebraic:prove:falcon_algebraic:bitz:falcon_bridge:wfbitz_forest:spartan:grinding{bits=14}: bitz::piop::spartan::grinding: close time.busy=67.6µs time.idle=120ns
2026-10-07T19:58:58.378389Z  INFO falcon_algebraic:prove:falcon_algebraic:bitz:falcon_bridge:wfbitz_forest:spartan:grinding{bits=14}: bitz::piop::spartan::grinding: close time.busy=78.5µs time.idle=110ns
2026-10-07T19:58:58.378445Z  INFO falcon_algebraic:prove:falcon_algebraic:bitz:falcon_bridge:wfbitz_forest:spartan:grinding{bits=14}: bitz::piop::spartan::grinding: close time.busy=39.8µs time.idle=111ns
2026-10-07T19:58:58.378462Z  INFO falcon_algebraic:prove:falcon_algebraic:bitz:falcon_bridge:wfbitz_forest:spartan:grinding{bits=14}: bitz::piop::spartan::grinding: close time.busy=11.2µs time.idle=110ns
2026-10-07T19:58:58.378510Z  INFO falcon_algebraic:prove:falcon_algebraic:bitz:falcon_bridge:wfbitz_forest:spartan:grinding{bits=14}: bitz::piop::spartan::grinding: close time.busy=43.5µs time.idle=111ns
2026-10-07T19:58:58.378561Z  INFO falcon_algebraic:prove:falcon_algebraic:bitz:falcon_bridge:wfbitz_forest:spartan:grinding{bits=14}: bitz::piop::spartan::grinding: close time.busy=47.8µs time.idle=111ns
2026-10-07T19:58:58.378679Z  INFO falcon_algebraic:prove:falcon_algebraic:bitz:falcon_bridge:wfbitz_forest:spartan:grinding{bits=14}: bitz::piop::spartan::grinding: close time.busy=114µs time.idle=151ns
2026-10-07T19:58:58.378702Z  INFO falcon_algebraic:prove:falcon_algebraic:bitz:falcon_bridge:wfbitz_forest:spartan:grinding{bits=14}: bitz::piop::spartan::grinding: close time.busy=20.7µs time.idle=120ns
2026-10-07T19:58:58.378738Z  INFO falcon_algebraic:prove:falcon_algebraic:bitz:falcon_bridge:wfbitz_forest:spartan:grinding{bits=14}: bitz::piop::spartan::grinding: close time.busy=32.5µs time.idle=110ns
2026-10-07T19:58:58.378787Z  INFO falcon_algebraic:prove:falcon_algebraic:bitz:falcon_bridge:wfbitz_forest:spartan:grinding{bits=14}: bitz::piop::spartan::grinding: close time.busy=45.6µs time.idle=110ns
2026-10-07T19:58:58.378879Z  INFO falcon_algebraic:prove:falcon_algebraic:bitz:falcon_bridge:wfbitz_forest:spartan:grinding{bits=14}: bitz::piop::spartan::grinding: close time.busy=88.9µs time.idle=110ns
2026-10-07T19:58:58.378904Z  INFO falcon_algebraic:prove:falcon_algebraic:bitz:falcon_bridge:wfbitz_forest:spartan:grinding{bits=14}: bitz::piop::spartan::grinding: close time.busy=22.1µs time.idle=120ns
2026-10-07T19:58:58.378968Z  INFO falcon_algebraic:prove:falcon_algebraic:bitz:falcon_bridge:wfbitz_forest:spartan:grinding{bits=14}: bitz::piop::spartan::grinding: close time.busy=61.1µs time.idle=110ns
2026-10-07T19:58:58.378975Z  INFO falcon_algebraic:prove:falcon_algebraic:bitz:falcon_bridge:wfbitz_forest:spartan:grinding{bits=14}: bitz::piop::spartan::grinding: close time.busy=4.79µs time.idle=120ns
2026-10-07T19:58:58.381917Z  INFO falcon_algebraic:prove:falcon_algebraic:bitz:falcon_bridge:wfbitz_forest:spartan:grinding{bits=14}: bitz::piop::spartan::grinding: close time.busy=23.3µs time.idle=110ns
2026-10-07T19:58:58.381970Z  INFO falcon_algebraic:prove:falcon_algebraic:bitz:falcon_bridge:wfbitz_forest:spartan:grinding{bits=14}: bitz::piop::spartan::grinding: close time.busy=49.1µs time.idle=110ns
2026-10-07T19:58:58.381995Z  INFO falcon_algebraic:prove:falcon_algebraic:bitz:falcon_bridge:wfbitz_forest:spartan:grinding{bits=14}: bitz::piop::spartan::grinding: close time.busy=21.8µs time.idle=110ns
2026-10-07T19:58:58.384486Z  INFO falcon_algebraic:prove:falcon_algebraic:bitz:falcon_bridge:wfbitz_forest:spartan:grinding{bits=14}: bitz::piop::spartan::grinding: close time.busy=15.8µs time.idle=110ns
2026-10-07T19:58:58.386353Z  INFO falcon_algebraic:prove:falcon_algebraic:bitz:falcon_bridge:wfbitz_forest:spartan:grinding{bits=14}: bitz::piop::spartan::grinding: close time.busy=61.9µs time.idle=130ns
2026-10-07T19:58:58.387062Z  INFO falcon_algebraic:prove:falcon_algebraic:bitz:falcon_bridge:wfbitz_forest:spartan:grinding{bits=14}: bitz::piop::spartan::grinding: close time.busy=30.2µs time.idle=121ns
2026-10-07T19:58:58.387434Z  INFO falcon_algebraic:prove:falcon_algebraic:bitz:falcon_bridge:wfbitz_forest:spartan:grinding{bits=14}: bitz::piop::spartan::grinding: close time.busy=31.6µs time.idle=120ns
2026-10-07T19:58:58.387618Z  INFO falcon_algebraic:prove:falcon_algebraic:bitz:falcon_bridge:wfbitz_forest:spartan:grinding{bits=14}: bitz::piop::spartan::grinding: close time.busy=9.23µs time.idle=121ns
2026-10-07T19:58:58.387753Z  INFO falcon_algebraic:prove:falcon_algebraic:bitz:falcon_bridge:wfbitz_forest:spartan:grinding{bits=14}: bitz::piop::spartan::grinding: close time.busy=42.8µs time.idle=121ns
2026-10-07T19:58:58.387891Z  INFO falcon_algebraic:prove:falcon_algebraic:bitz:falcon_bridge:wfbitz_forest:spartan:grinding{bits=14}: bitz::piop::spartan::grinding: close time.busy=87.3µs time.idle=120ns
2026-10-07T19:58:58.388014Z  INFO falcon_algebraic:prove:falcon_algebraic:bitz:falcon_bridge:wfbitz_forest:spartan:grinding{bits=14}: bitz::piop::spartan::grinding: close time.busy=93.8µs time.idle=120ns
2026-10-07T19:58:58.388049Z  INFO falcon_algebraic:prove:falcon_algebraic:bitz:falcon_bridge:wfbitz_forest:spartan:grinding{bits=14}: bitz::piop::spartan::grinding: close time.busy=17.3µs time.idle=121ns
2026-10-07T19:58:58.388122Z  INFO falcon_algebraic:prove:falcon_algebraic:bitz:falcon_bridge:wfbitz_forest:spartan:grinding{bits=14}: bitz::piop::spartan::grinding: close time.busy=64.3µs time.idle=110ns
2026-10-07T19:58:58.388149Z  INFO falcon_algebraic:prove:falcon_algebraic:bitz:falcon_bridge:wfbitz_forest:spartan:grinding{bits=14}: bitz::piop::spartan::grinding: close time.busy=10.5µs time.idle=110ns
2026-10-07T19:58:58.388179Z  INFO falcon_algebraic:prove:falcon_algebraic:bitz:falcon_bridge:wfbitz_forest:spartan:grinding{bits=14}: bitz::piop::spartan::grinding: close time.busy=23.8µs time.idle=110ns
2026-10-07T19:58:58.388224Z  INFO falcon_algebraic:prove:falcon_algebraic:bitz:falcon_bridge:wfbitz_forest:spartan:grinding{bits=14}: bitz::piop::spartan::grinding: close time.busy=40.3µs time.idle=120ns
2026-10-07T19:58:58.388349Z  INFO falcon_algebraic:prove:falcon_algebraic:bitz:falcon_bridge:wfbitz_forest:spartan:grinding{bits=14}: bitz::piop::spartan::grinding: close time.busy=121µs time.idle=110ns
2026-10-07T19:58:58.388383Z  INFO falcon_algebraic:prove:falcon_algebraic:bitz:falcon_bridge:wfbitz_forest:spartan:grinding{bits=14}: bitz::piop::spartan::grinding: close time.busy=30.4µs time.idle=110ns
2026-10-07T19:58:58.388488Z  INFO falcon_algebraic:prove:falcon_algebraic:bitz:falcon_bridge:wfbitz_forest:spartan:grinding{bits=14}: bitz::piop::spartan::grinding: close time.busy=102µs time.idle=110ns
2026-10-07T19:58:58.388538Z  INFO falcon_algebraic:prove:falcon_algebraic:bitz:falcon_bridge:wfbitz_forest:spartan:grinding{bits=14}: bitz::piop::spartan::grinding: close time.busy=47.3µs time.idle=110ns
2026-10-07T19:58:58.388554Z  INFO falcon_algebraic:prove:falcon_algebraic:bitz:falcon_bridge:wfbitz_forest:spartan:grinding{bits=14}: bitz::piop::spartan::grinding: close time.busy=13.2µs time.idle=110ns
2026-10-07T19:58:58.388604Z  INFO falcon_algebraic:prove:falcon_algebraic:bitz:falcon_bridge:wfbitz_forest:spartan:grinding{bits=14}: bitz::piop::spartan::grinding: close time.busy=47.5µs time.idle=110ns
2026-10-07T19:58:58.388722Z  INFO falcon_algebraic:prove:falcon_algebraic:bitz:falcon_bridge:wfbitz_forest:spartan:grinding{bits=14}: bitz::piop::spartan::grinding: close time.busy=115µs time.idle=111ns
2026-10-07T19:58:58.388772Z  INFO falcon_algebraic:prove:falcon_algebraic:bitz:falcon_bridge:wfbitz_forest:spartan:grinding{bits=14}: bitz::piop::spartan::grinding: close time.busy=46.9µs time.idle=111ns
2026-10-07T19:58:58.388815Z  INFO falcon_algebraic:prove:falcon_algebraic:bitz:falcon_bridge:wfbitz_forest:spartan:grinding{bits=14}: bitz::piop::spartan::grinding: close time.busy=39.7µs time.idle=111ns
2026-10-07T19:58:58.389261Z  INFO falcon_algebraic:prove:falcon_algebraic:bitz:falcon_bridge:wfbitz_forest: bitz::hybrid::integer_bridge: close time.busy=61.3ms time.idle=140ns
2026-10-07T19:58:58.389327Z  INFO falcon_algebraic:prove:falcon_algebraic:bitz: bitz::piop::spartan::falcon512_algebraic::protocol: close time.busy=65.4ms time.idle=151ns
2026-10-07T19:58:58.392835Z  INFO falcon_algebraic:prove:falcon_joint:packed_setup: bitz::hybrid::joint_sumcheck: close time.busy=3.51ms time.idle=181ns
2026-10-07T19:58:58.392890Z  INFO falcon_algebraic:prove:spartan:round_grinding_prove:spartan:grinding{bits=10}: bitz::piop::spartan::grinding: close time.busy=2.21µs time.idle=120ns
2026-10-07T19:58:58.392891Z  INFO falcon_algebraic:prove:spartan:round_grinding_prove: bitz::sumcheck::boundary: close time.busy=4.80µs time.idle=130ns
2026-10-07T19:58:58.392950Z  INFO falcon_algebraic:prove:spartan:round_grinding_prove:spartan:grinding{bits=10}: bitz::piop::spartan::grinding: close time.busy=351ns time.idle=120ns
2026-10-07T19:58:58.392952Z  INFO falcon_algebraic:prove:spartan:round_grinding_prove: bitz::sumcheck::boundary: close time.busy=2.71µs time.idle=121ns
2026-10-07T19:58:58.393010Z  INFO falcon_algebraic:prove:spartan:round_grinding_prove:spartan:grinding{bits=10}: bitz::piop::spartan::grinding: close time.busy=4.64µs time.idle=110ns
2026-10-07T19:58:58.393011Z  INFO falcon_algebraic:prove:spartan:round_grinding_prove: bitz::sumcheck::boundary: close time.busy=6.79µs time.idle=112ns
2026-10-07T19:58:58.393084Z  INFO falcon_algebraic:prove:spartan:round_grinding_prove:spartan:grinding{bits=10}: bitz::piop::spartan::grinding: close time.busy=19.2µs time.idle=110ns
2026-10-07T19:58:58.393086Z  INFO falcon_algebraic:prove:spartan:round_grinding_prove: bitz::sumcheck::boundary: close time.busy=21.6µs time.idle=120ns
2026-10-07T19:58:58.393140Z  INFO falcon_algebraic:prove:spartan:round_grinding_prove:spartan:grinding{bits=10}: bitz::piop::spartan::grinding: close time.busy=3.81µs time.idle=100ns
2026-10-07T19:58:58.393142Z  INFO falcon_algebraic:prove:spartan:round_grinding_prove: bitz::sumcheck::boundary: close time.busy=6.85µs time.idle=120ns
2026-10-07T19:58:58.393193Z  INFO falcon_algebraic:prove:spartan:round_grinding_prove:spartan:grinding{bits=10}: bitz::piop::spartan::grinding: close time.busy=411ns time.idle=110ns
2026-10-07T19:58:58.393194Z  INFO falcon_algebraic:prove:spartan:round_grinding_prove: bitz::sumcheck::boundary: close time.busy=2.67µs time.idle=110ns
2026-10-07T19:58:58.393247Z  INFO falcon_algebraic:prove:spartan:round_grinding_prove:spartan:grinding{bits=10}: bitz::piop::spartan::grinding: close time.busy=3.22µs time.idle=110ns
2026-10-07T19:58:58.393248Z  INFO falcon_algebraic:prove:spartan:round_grinding_prove: bitz::sumcheck::boundary: close time.busy=5.32µs time.idle=120ns
2026-10-07T19:58:58.394729Z  INFO falcon_algebraic:prove:falcon_joint:prepare: bitz::hybrid::joint_sumcheck: close time.busy=1.48ms time.idle=130ns
2026-10-07T19:58:58.394741Z  INFO falcon_algebraic:prove:spartan:round_grinding_prove:spartan:grinding{bits=10}: bitz::piop::spartan::grinding: close time.busy=8.87µs time.idle=110ns
2026-10-07T19:58:58.394742Z  INFO falcon_algebraic:prove:spartan:round_grinding_prove: bitz::sumcheck::boundary: close time.busy=11.5µs time.idle=181ns
2026-10-07T19:58:58.395092Z  INFO falcon_algebraic:prove:falcon_joint:compact: bitz::hybrid::joint_sumcheck: close time.busy=348µs time.idle=130ns
2026-10-07T19:58:58.395096Z  INFO falcon_algebraic:prove:spartan:round_grinding_prove:spartan:grinding{bits=10}: bitz::piop::spartan::grinding: close time.busy=721ns time.idle=110ns
2026-10-07T19:58:58.395098Z  INFO falcon_algebraic:prove:spartan:round_grinding_prove: bitz::sumcheck::boundary: close time.busy=3.51µs time.idle=110ns
2026-10-07T19:58:58.395242Z  INFO falcon_algebraic:prove:falcon_joint:compact: bitz::hybrid::joint_sumcheck: close time.busy=142µs time.idle=150ns
2026-10-07T19:58:58.395248Z  INFO falcon_algebraic:prove:spartan:round_grinding_prove:spartan:grinding{bits=10}: bitz::piop::spartan::grinding: close time.busy=3.62µs time.idle=110ns
2026-10-07T19:58:58.395250Z  INFO falcon_algebraic:prove:spartan:round_grinding_prove: bitz::sumcheck::boundary: close time.busy=5.89µs time.idle=110ns
2026-10-07T19:58:58.395340Z  INFO falcon_algebraic:prove:falcon_joint:compact: bitz::hybrid::joint_sumcheck: close time.busy=88.6µs time.idle=110ns
2026-10-07T19:58:58.395347Z  INFO falcon_algebraic:prove:spartan:round_grinding_prove:spartan:grinding{bits=10}: bitz::piop::spartan::grinding: close time.busy=4.43µs time.idle=110ns
2026-10-07T19:58:58.395348Z  INFO falcon_algebraic:prove:spartan:round_grinding_prove: bitz::sumcheck::boundary: close time.busy=6.64µs time.idle=120ns
2026-10-07T19:58:58.395425Z  INFO falcon_algebraic:prove:falcon_joint:compact: bitz::hybrid::joint_sumcheck: close time.busy=75.4µs time.idle=120ns
2026-10-07T19:58:58.395429Z  INFO falcon_algebraic:prove:spartan:round_grinding_prove:spartan:grinding{bits=10}: bitz::piop::spartan::grinding: close time.busy=411ns time.idle=120ns
2026-10-07T19:58:58.395430Z  INFO falcon_algebraic:prove:spartan:round_grinding_prove: bitz::sumcheck::boundary: close time.busy=2.69µs time.idle=110ns
2026-10-07T19:58:58.395449Z  INFO falcon_algebraic:prove:falcon_joint:dense: bitz::hybrid::joint_sumcheck: close time.busy=16.8µs time.idle=110ns
2026-10-07T19:58:58.395452Z  INFO falcon_algebraic:prove:spartan:round_grinding_prove:spartan:grinding{bits=10}: bitz::piop::spartan::grinding: close time.busy=1.55µs time.idle=110ns
2026-10-07T19:58:58.395454Z  INFO falcon_algebraic:prove:spartan:round_grinding_prove: bitz::sumcheck::boundary: close time.busy=3.64µs time.idle=130ns
2026-10-07T19:58:58.395464Z  INFO falcon_algebraic:prove:falcon_joint:dense: bitz::hybrid::joint_sumcheck: close time.busy=9.21µs time.idle=110ns
2026-10-07T19:58:58.395469Z  INFO falcon_algebraic:prove:spartan:round_grinding_prove:spartan:grinding{bits=10}: bitz::piop::spartan::grinding: close time.busy=2.69µs time.idle=100ns
2026-10-07T19:58:58.395471Z  INFO falcon_algebraic:prove:spartan:round_grinding_prove: bitz::sumcheck::boundary: close time.busy=5.48µs time.idle=111ns
2026-10-07T19:58:58.395479Z  INFO falcon_algebraic:prove:falcon_joint:dense: bitz::hybrid::joint_sumcheck: close time.busy=6.36µs time.idle=120ns
2026-10-07T19:58:58.395484Z  INFO falcon_algebraic:prove:spartan:round_grinding_prove:spartan:grinding{bits=10}: bitz::piop::spartan::grinding: close time.busy=2.87µs time.idle=110ns
2026-10-07T19:58:58.395485Z  INFO falcon_algebraic:prove:spartan:round_grinding_prove: bitz::sumcheck::boundary: close time.busy=5.19µs time.idle=120ns
2026-10-07T19:58:58.395488Z  INFO falcon_algebraic:prove:falcon_joint:dense: bitz::hybrid::joint_sumcheck: close time.busy=1.34µs time.idle=120ns
2026-10-07T19:58:58.395491Z  INFO falcon_algebraic:prove:spartan:round_grinding_prove:spartan:grinding{bits=10}: bitz::piop::spartan::grinding: close time.busy=350ns time.idle=111ns
2026-10-07T19:58:58.395492Z  INFO falcon_algebraic:prove:spartan:round_grinding_prove: bitz::sumcheck::boundary: close time.busy=2.67µs time.idle=111ns
2026-10-07T19:58:58.395495Z  INFO falcon_algebraic:prove:falcon_joint:dense: bitz::hybrid::joint_sumcheck: close time.busy=711ns time.idle=110ns
2026-10-07T19:58:58.395498Z  INFO falcon_algebraic:prove:spartan:round_grinding_prove:spartan:grinding{bits=10}: bitz::piop::spartan::grinding: close time.busy=1.17µs time.idle=100ns
2026-10-07T19:58:58.395499Z  INFO falcon_algebraic:prove:spartan:round_grinding_prove: bitz::sumcheck::boundary: close time.busy=3.46µs time.idle=120ns
2026-10-07T19:58:58.395502Z  INFO falcon_algebraic:prove:falcon_joint:dense: bitz::hybrid::joint_sumcheck: close time.busy=381ns time.idle=110ns
2026-10-07T19:58:58.395511Z  INFO falcon_algebraic:prove:spartan:round_grinding_prove:spartan:grinding{bits=10}: bitz::piop::spartan::grinding: close time.busy=6.58µs time.idle=110ns
2026-10-07T19:58:58.395512Z  INFO falcon_algebraic:prove:spartan:round_grinding_prove: bitz::sumcheck::boundary: close time.busy=8.85µs time.idle=120ns
2026-10-07T19:58:58.395513Z  INFO falcon_algebraic:prove:falcon_joint:dense: bitz::hybrid::joint_sumcheck: close time.busy=230ns time.idle=111ns
2026-10-07T19:58:58.395517Z  INFO falcon_algebraic:prove:spartan:round_grinding_prove:spartan:grinding{bits=10}: bitz::piop::spartan::grinding: close time.busy=1.71µs time.idle=101ns
2026-10-07T19:58:58.395518Z  INFO falcon_algebraic:prove:spartan:round_grinding_prove: bitz::sumcheck::boundary: close time.busy=3.74µs time.idle=120ns
2026-10-07T19:58:58.395520Z  INFO falcon_algebraic:prove:falcon_joint:dense: bitz::hybrid::joint_sumcheck: close time.busy=150ns time.idle=110ns
2026-10-07T19:58:58.395523Z  INFO falcon_algebraic:prove:spartan:round_grinding_prove:spartan:grinding{bits=10}: bitz::piop::spartan::grinding: close time.busy=1.16µs time.idle=110ns
2026-10-07T19:58:58.395524Z  INFO falcon_algebraic:prove:spartan:round_grinding_prove: bitz::sumcheck::boundary: close time.busy=3.20µs time.idle=121ns
2026-10-07T19:58:58.395526Z  INFO falcon_algebraic:prove:falcon_joint:dense: bitz::hybrid::joint_sumcheck: close time.busy=120ns time.idle=111ns
2026-10-07T19:58:58.395538Z  INFO falcon_algebraic:prove:spartan:round_grinding_prove:spartan:grinding{bits=10}: bitz::piop::spartan::grinding: close time.busy=9.53µs time.idle=100ns
2026-10-07T19:58:58.395539Z  INFO falcon_algebraic:prove:spartan:round_grinding_prove: bitz::sumcheck::boundary: close time.busy=11.6µs time.idle=120ns
2026-10-07T19:58:58.395541Z  INFO falcon_algebraic:prove:falcon_joint:dense: bitz::hybrid::joint_sumcheck: close time.busy=90.0ns time.idle=120ns
2026-10-07T19:58:58.395549Z  INFO falcon_algebraic:prove:spartan:round_grinding_prove:spartan:grinding{bits=10}: bitz::piop::spartan::grinding: close time.busy=5.78µs time.idle=111ns
2026-10-07T19:58:58.395550Z  INFO falcon_algebraic:prove:spartan:round_grinding_prove: bitz::sumcheck::boundary: close time.busy=7.87µs time.idle=120ns
2026-10-07T19:58:58.395552Z  INFO falcon_algebraic:prove:falcon_joint:dense: bitz::hybrid::joint_sumcheck: close time.busy=90.0ns time.idle=120ns
2026-10-07T19:58:58.395562Z  INFO falcon_algebraic:prove:spartan:round_grinding_prove:spartan:grinding{bits=10}: bitz::piop::spartan::grinding: close time.busy=7.87µs time.idle=110ns
2026-10-07T19:58:58.395563Z  INFO falcon_algebraic:prove:spartan:round_grinding_prove: bitz::sumcheck::boundary: close time.busy=10.0µs time.idle=120ns
2026-10-07T19:58:58.395565Z  INFO falcon_algebraic:prove:falcon_joint:dense: bitz::hybrid::joint_sumcheck: close time.busy=150ns time.idle=110ns
2026-10-07T19:58:58.395576Z  INFO falcon_algebraic:prove:spartan:round_grinding_prove:spartan:grinding{bits=10}: bitz::piop::spartan::grinding: close time.busy=8.82µs time.idle=110ns
2026-10-07T19:58:58.395577Z  INFO falcon_algebraic:prove:spartan:round_grinding_prove: bitz::sumcheck::boundary: close time.busy=11.1µs time.idle=122ns
2026-10-07T19:58:58.395579Z  INFO falcon_algebraic:prove:falcon_joint:dense: bitz::hybrid::joint_sumcheck: close time.busy=70.0ns time.idle=120ns
2026-10-07T19:58:58.395582Z  INFO falcon_algebraic:prove:spartan:round_grinding_prove:spartan:grinding{bits=10}: bitz::piop::spartan::grinding: close time.busy=1.12µs time.idle=100ns
2026-10-07T19:58:58.395584Z  INFO falcon_algebraic:prove:spartan:round_grinding_prove: bitz::sumcheck::boundary: close time.busy=3.21µs time.idle=110ns
2026-10-07T19:58:58.395585Z  INFO falcon_algebraic:prove:falcon_joint:dense: bitz::hybrid::joint_sumcheck: close time.busy=70.0ns time.idle=111ns
2026-10-07T19:58:58.399003Z  INFO falcon_algebraic:prove:falcon_algebraic:pcs:op:ring_switch:spartan:grinding{bits=12}: bitz::piop::spartan::grinding: close time.busy=11.2µs time.idle=130ns
2026-10-07T19:58:58.399017Z  INFO falcon_algebraic:prove:falcon_algebraic:pcs:op:ring_switch: bitz::hybrid::opening: close time.busy=3.43ms time.idle=120ns
2026-10-07T19:58:58.399027Z  INFO falcon_algebraic:prove:falcon_algebraic:pcs:op:extra_bases:spartan:grinding{bits=12}: bitz::piop::spartan::grinding: close time.busy=7.05µs time.idle=111ns
2026-10-07T19:58:58.402744Z  INFO falcon_algebraic:prove:falcon_algebraic:pcs:op:extra_bases:op:initial_messages: bitz::hybrid::opening::streamed: close time.busy=3.70ms time.idle=150ns
2026-10-07T19:58:58.402746Z  INFO falcon_algebraic:prove:falcon_algebraic:pcs:op:extra_bases: bitz::hybrid::opening: close time.busy=3.73ms time.idle=150ns
2026-10-07T19:58:58.402764Z  INFO falcon_algebraic:prove:falcon_algebraic:pcs:op:ligerito:lig:grind_pow{bits=20}:spartan:grinding{bits=12}: bitz::piop::spartan::grinding: close time.busy=11.2µs time.idle=321ns
2026-10-07T19:58:58.409363Z  INFO falcon_algebraic:prove:falcon_algebraic:pcs:op:ligerito:lig:grind_pow{bits=20 seed_lo=16375824786920364557 seed_hi=1983144282459121119 nonce=1785466}: bitz::ligerito_flock: close time.busy=6.61ms time.idle=140ns
2026-10-07T19:58:58.409374Z  INFO falcon_algebraic:prove:falcon_algebraic:pcs:op:ligerito:spartan:grinding{bits=12}: bitz::piop::spartan::grinding: close time.busy=8.76µs time.idle=131ns
2026-10-07T19:58:58.409416Z  INFO falcon_algebraic:prove:falcon_algebraic:pcs:op:ligerito:lig:grind_pow{bits=20}:spartan:grinding{bits=12}: bitz::piop::spartan::grinding: close time.busy=37.7µs time.idle=200ns
2026-10-07T19:58:58.414747Z  INFO falcon_algebraic:prove:falcon_algebraic:pcs:op:ligerito:lig:grind_pow{bits=20 seed_lo=14517310510578505501 seed_hi=6928831755814259526 nonce=1434179}: bitz::ligerito_flock: close time.busy=5.37ms time.idle=110ns
2026-10-07T19:58:58.414767Z  INFO falcon_algebraic:prove:falcon_algebraic:pcs:op:ligerito:spartan:grinding{bits=12}: bitz::piop::spartan::grinding: close time.busy=17.5µs time.idle=120ns
2026-10-07T19:58:58.416021Z  INFO falcon_algebraic:prove:falcon_algebraic:pcs:op:ligerito:op:deferred_first_fold: bitz::hybrid::opening::streamed: close time.busy=1.25ms time.idle=140ns
2026-10-07T19:58:58.416056Z  INFO falcon_algebraic:prove:falcon_algebraic:pcs:op:ligerito:lig:grind_pow{bits=20}:spartan:grinding{bits=12}: bitz::piop::spartan::grinding: close time.busy=30.4µs time.idle=110ns
2026-10-07T19:58:58.418830Z  INFO falcon_algebraic:prove:falcon_algebraic:pcs:op:ligerito:lig:grind_pow{bits=20 seed_lo=14441719486906525332 seed_hi=4887251053874519830 nonce=749449}: bitz::ligerito_flock: close time.busy=2.81ms time.idle=100ns
2026-10-07T19:58:58.418845Z  INFO falcon_algebraic:prove:falcon_algebraic:pcs:op:ligerito:spartan:grinding{bits=12}: bitz::piop::spartan::grinding: close time.busy=13.2µs time.idle=120ns
2026-10-07T19:58:58.418864Z  INFO falcon_algebraic:prove:falcon_algebraic:pcs:op:ligerito:lig:grind_pow{bits=20}:spartan:grinding{bits=12}: bitz::piop::spartan::grinding: close time.busy=14.7µs time.idle=121ns
2026-10-07T19:58:58.421235Z  INFO falcon_algebraic:prove:falcon_algebraic:pcs:op:ligerito:lig:grind_pow{bits=20 seed_lo=4040019448686371158 seed_hi=12007848838415722241 nonce=638779}: bitz::ligerito_flock: close time.busy=2.39ms time.idle=131ns
2026-10-07T19:58:58.421260Z  INFO falcon_algebraic:prove:falcon_algebraic:pcs:op:ligerito:spartan:grinding{bits=12}: bitz::piop::spartan::grinding: close time.busy=23.0µs time.idle=110ns
2026-10-07T19:58:58.422265Z  INFO falcon_algebraic:prove:falcon_algebraic:pcs:op:ligerito:lig:grind_pow{bits=11}:spartan:grinding{bits=12}: bitz::piop::spartan::grinding: close time.busy=25.0µs time.idle=120ns
2026-10-07T19:58:58.422275Z  INFO falcon_algebraic:prove:falcon_algebraic:pcs:op:ligerito:lig:grind_pow{bits=11 seed_lo=12168614032339833606 seed_hi=677864334761961363 nonce=1876}: bitz::ligerito_flock: close time.busy=35.6µs time.idle=131ns
2026-10-07T19:58:58.422301Z  INFO falcon_algebraic:prove:falcon_algebraic:pcs:op:ligerito:spartan:grinding{bits=12}: bitz::piop::spartan::grinding: close time.busy=24.1µs time.idle=110ns
2026-10-07T19:58:58.423269Z  INFO falcon_algebraic:prove:falcon_algebraic:pcs:op:ligerito:lig:grind_pow{bits=7}:spartan:grinding{bits=12}: bitz::piop::spartan::grinding: close time.busy=6.45µs time.idle=110ns
2026-10-07T19:58:58.423273Z  INFO falcon_algebraic:prove:falcon_algebraic:pcs:op:ligerito:lig:grind_pow{bits=7 seed_lo=12556229113317911125 seed_hi=6749826581381619231 nonce=24}: bitz::ligerito_flock: close time.busy=10.5µs time.idle=122ns
2026-10-07T19:58:58.423294Z  INFO falcon_algebraic:prove:falcon_algebraic:pcs:op:ligerito:spartan:grinding{bits=12}: bitz::piop::spartan::grinding: close time.busy=19.7µs time.idle=111ns
2026-10-07T19:58:58.423355Z  INFO falcon_algebraic:prove:falcon_algebraic:pcs:op:ligerito:lig:grind_pow{bits=19}:spartan:grinding{bits=12}: bitz::piop::spartan::grinding: close time.busy=22.1µs time.idle=110ns
2026-10-07T19:58:58.423852Z  INFO falcon_algebraic:prove:falcon_algebraic:pcs:op:ligerito:lig:grind_pow{bits=19 seed_lo=4999734546879186383 seed_hi=5642541635383918156 nonce=133341}: bitz::ligerito_flock: close time.busy=520µs time.idle=111ns
2026-10-07T19:58:58.423881Z  INFO falcon_algebraic:prove:falcon_algebraic:pcs:op:ligerito:spartan:grinding{bits=12}: bitz::piop::spartan::grinding: close time.busy=26.7µs time.idle=110ns
2026-10-07T19:58:58.423943Z  INFO falcon_algebraic:prove:falcon_algebraic:pcs:op:ligerito:lig:grind_pow{bits=19}:spartan:grinding{bits=12}: bitz::piop::spartan::grinding: close time.busy=31.6µs time.idle=110ns
2026-10-07T19:58:58.425006Z  INFO falcon_algebraic:prove:falcon_algebraic:pcs:op:ligerito:lig:grind_pow{bits=19 seed_lo=16120839933993617660 seed_hi=8845007109929095843 nonce=285668}: bitz::ligerito_flock: close time.busy=1.10ms time.idle=110ns
2026-10-07T19:58:58.425022Z  INFO falcon_algebraic:prove:falcon_algebraic:pcs:op:ligerito:spartan:grinding{bits=12}: bitz::piop::spartan::grinding: close time.busy=13.6µs time.idle=110ns
2026-10-07T19:58:58.425102Z  INFO falcon_algebraic:prove:falcon_algebraic:pcs:op:ligerito:lig:grind_pow{bits=19}:spartan:grinding{bits=12}: bitz::piop::spartan::grinding: close time.busy=63.1µs time.idle=121ns
2026-10-07T19:58:58.432415Z  INFO falcon_algebraic:prove:falcon_algebraic:pcs:op:ligerito:lig:grind_pow{bits=19 seed_lo=7533905475163248731 seed_hi=13331801534544350727 nonce=1978168}: bitz::ligerito_flock: close time.busy=7.38ms time.idle=120ns
2026-10-07T19:58:58.432432Z  INFO falcon_algebraic:prove:falcon_algebraic:pcs:op:ligerito:spartan:grinding{bits=12}: bitz::piop::spartan::grinding: close time.busy=14.7µs time.idle=110ns
2026-10-07T19:58:58.432642Z  INFO falcon_algebraic:prove:falcon_algebraic:pcs:op:ligerito:lig:grind_pow{bits=11}:spartan:grinding{bits=12}: bitz::piop::spartan::grinding: close time.busy=5.65µs time.idle=110ns
2026-10-07T19:58:58.432652Z  INFO falcon_algebraic:prove:falcon_algebraic:pcs:op:ligerito:lig:grind_pow{bits=11 seed_lo=13414360004935892538 seed_hi=13352016151955891289 nonce=1894}: bitz::ligerito_flock: close time.busy=16.1µs time.idle=110ns
2026-10-07T19:58:58.432662Z  INFO falcon_algebraic:prove:falcon_algebraic:pcs:op:ligerito:spartan:grinding{bits=12}: bitz::piop::spartan::grinding: close time.busy=8.21µs time.idle=111ns
2026-10-07T19:58:58.433650Z  INFO falcon_algebraic:prove:falcon_algebraic:pcs:op:ligerito:lig:grind_pow{bits=7}:spartan:grinding{bits=12}: bitz::piop::spartan::grinding: close time.busy=49.3µs time.idle=141ns
2026-10-07T19:58:58.433653Z  INFO falcon_algebraic:prove:falcon_algebraic:pcs:op:ligerito:lig:grind_pow{bits=7 seed_lo=14011323245469665233 seed_hi=10627610180640753093 nonce=87}: bitz::ligerito_flock: close time.busy=53.2µs time.idle=100ns
2026-10-07T19:58:58.433688Z  INFO falcon_algebraic:prove:falcon_algebraic:pcs:op:ligerito:spartan:grinding{bits=12}: bitz::piop::spartan::grinding: close time.busy=33.1µs time.idle=111ns
2026-10-07T19:58:58.433712Z  INFO falcon_algebraic:prove:falcon_algebraic:pcs:op:ligerito:lig:grind_pow{bits=17}:spartan:grinding{bits=12}: bitz::piop::spartan::grinding: close time.busy=16.7µs time.idle=110ns
2026-10-07T19:58:58.433744Z  INFO falcon_algebraic:prove:falcon_algebraic:pcs:op:ligerito:lig:grind_pow{bits=17 seed_lo=12040305675577541021 seed_hi=4448544093894922929 nonce=7149}: bitz::ligerito_flock: close time.busy=49.9µs time.idle=120ns
2026-10-07T19:58:58.433763Z  INFO falcon_algebraic:prove:falcon_algebraic:pcs:op:ligerito:spartan:grinding{bits=12}: bitz::piop::spartan::grinding: close time.busy=17.1µs time.idle=110ns
2026-10-07T19:58:58.433782Z  INFO falcon_algebraic:prove:falcon_algebraic:pcs:op:ligerito:lig:grind_pow{bits=17}:spartan:grinding{bits=12}: bitz::piop::spartan::grinding: close time.busy=9.43µs time.idle=110ns
2026-10-07T19:58:58.433805Z  INFO falcon_algebraic:prove:falcon_algebraic:pcs:op:ligerito:lig:grind_pow{bits=17 seed_lo=14594745866361555729 seed_hi=4481801811290485119 nonce=4584}: bitz::ligerito_flock: close time.busy=32.9µs time.idle=120ns
2026-10-07T19:58:58.433844Z  INFO falcon_algebraic:prove:falcon_algebraic:pcs:op:ligerito:spartan:grinding{bits=12}: bitz::piop::spartan::grinding: close time.busy=37.3µs time.idle=110ns
2026-10-07T19:58:58.433859Z  INFO falcon_algebraic:prove:falcon_algebraic:pcs:op:ligerito:lig:grind_pow{bits=17}:spartan:grinding{bits=12}: bitz::piop::spartan::grinding: close time.busy=8.12µs time.idle=111ns
2026-10-07T19:58:58.433981Z  INFO falcon_algebraic:prove:falcon_algebraic:pcs:op:ligerito:lig:grind_pow{bits=17 seed_lo=13300957292935261440 seed_hi=4548511347967446605 nonce=31400}: bitz::ligerito_flock: close time.busy=131µs time.idle=120ns
2026-10-07T19:58:58.434029Z  INFO falcon_algebraic:prove:falcon_algebraic:pcs:op:ligerito:spartan:grinding{bits=12}: bitz::piop::spartan::grinding: close time.busy=46.3µs time.idle=120ns
2026-10-07T19:58:58.434096Z  INFO falcon_algebraic:prove:falcon_algebraic:pcs:op:ligerito:lig:grind_pow{bits=11}:spartan:grinding{bits=12}: bitz::piop::spartan::grinding: close time.busy=17.5µs time.idle=111ns
2026-10-07T19:58:58.434108Z  INFO falcon_algebraic:prove:falcon_algebraic:pcs:op:ligerito:lig:grind_pow{bits=11 seed_lo=5054118974374254575 seed_hi=14981614931524400151 nonce=2654}: bitz::ligerito_flock: close time.busy=30.0µs time.idle=100ns
2026-10-07T19:58:58.434138Z  INFO falcon_algebraic:prove:falcon_algebraic:pcs:op:ligerito:spartan:grinding{bits=12}: bitz::piop::spartan::grinding: close time.busy=28.9µs time.idle=110ns
2026-10-07T19:58:58.434319Z  INFO falcon_algebraic:prove:falcon_algebraic:pcs:op:ligerito:lig:grind_pow{bits=7}:spartan:grinding{bits=12}: bitz::piop::spartan::grinding: close time.busy=7.92µs time.idle=110ns
2026-10-07T19:58:58.434322Z  INFO falcon_algebraic:prove:falcon_algebraic:pcs:op:ligerito:lig:grind_pow{bits=7 seed_lo=10782382566308342209 seed_hi=11179761202078984758 nonce=218}: bitz::ligerito_flock: close time.busy=12.1µs time.idle=120ns
2026-10-07T19:58:58.434330Z  INFO falcon_algebraic:prove:falcon_algebraic:pcs:op:ligerito:spartan:grinding{bits=12}: bitz::piop::spartan::grinding: close time.busy=6.24µs time.idle=110ns
2026-10-07T19:58:58.434343Z  INFO falcon_algebraic:prove:falcon_algebraic:pcs:op:ligerito:lig:grind_pow{bits=15}:spartan:grinding{bits=12}: bitz::piop::spartan::grinding: close time.busy=9.13µs time.idle=110ns
2026-10-07T19:58:58.434454Z  INFO falcon_algebraic:prove:falcon_algebraic:pcs:op:ligerito:lig:grind_pow{bits=15 seed_lo=1228380510673385658 seed_hi=4608945683697044113 nonce=28426}: bitz::ligerito_flock: close time.busy=121µs time.idle=110ns
2026-10-07T19:58:58.434463Z  INFO falcon_algebraic:prove:falcon_algebraic:pcs:op:ligerito:spartan:grinding{bits=12}: bitz::piop::spartan::grinding: close time.busy=7.35µs time.idle=110ns
2026-10-07T19:58:58.434471Z  INFO falcon_algebraic:prove:falcon_algebraic:pcs:op:ligerito:lig:grind_pow{bits=15}:spartan:grinding{bits=12}: bitz::piop::spartan::grinding: close time.busy=3.82µs time.idle=110ns
2026-10-07T19:58:58.434570Z  INFO falcon_algebraic:prove:falcon_algebraic:pcs:op:ligerito:lig:grind_pow{bits=15 seed_lo=15181336230616402119 seed_hi=7493050434602918546 nonce=25325}: bitz::ligerito_flock: close time.busy=104µs time.idle=110ns
2026-10-07T19:58:58.434580Z  INFO falcon_algebraic:prove:falcon_algebraic:pcs:op:ligerito:spartan:grinding{bits=12}: bitz::piop::spartan::grinding: close time.busy=8.28µs time.idle=121ns
2026-10-07T19:58:58.434595Z  INFO falcon_algebraic:prove:falcon_algebraic:pcs:op:ligerito:lig:grind_pow{bits=15}:spartan:grinding{bits=12}: bitz::piop::spartan::grinding: close time.busy=11.6µs time.idle=110ns
2026-10-07T19:58:58.434706Z  INFO falcon_algebraic:prove:falcon_algebraic:pcs:op:ligerito:lig:grind_pow{bits=15 seed_lo=7421790146636421713 seed_hi=16128424606281112580 nonce=28449}: bitz::ligerito_flock: close time.busy=123µs time.idle=120ns
2026-10-07T19:58:58.434720Z  INFO falcon_algebraic:prove:falcon_algebraic:pcs:op:ligerito:spartan:grinding{bits=12}: bitz::piop::spartan::grinding: close time.busy=11.1µs time.idle=110ns
2026-10-07T19:58:58.434730Z  INFO falcon_algebraic:prove:falcon_algebraic:pcs:op:ligerito:lig:grind_pow{bits=11}:spartan:grinding{bits=12}: bitz::piop::spartan::grinding: close time.busy=4.76µs time.idle=110ns
2026-10-07T19:58:58.434734Z  INFO falcon_algebraic:prove:falcon_algebraic:pcs:op:ligerito:lig:grind_pow{bits=11 seed_lo=14005453541847172307 seed_hi=3880069313824445422 nonce=567}: bitz::ligerito_flock: close time.busy=9.88µs time.idle=120ns
2026-10-07T19:58:58.434743Z  INFO falcon_algebraic:prove:falcon_algebraic:pcs:op:ligerito:spartan:grinding{bits=12}: bitz::piop::spartan::grinding: close time.busy=6.59µs time.idle=110ns
2026-10-07T19:58:58.434820Z  INFO falcon_algebraic:prove:falcon_algebraic:pcs:op:ligerito: bitz::hybrid::opening: close time.busy=32.1ms time.idle=150ns
2026-10-07T19:58:58.434823Z  INFO falcon_algebraic:prove:falcon_algebraic:pcs: bitz::piop::spartan::falcon512_algebraic::protocol: close time.busy=39.2ms time.idle=130ns
2026-10-07T19:58:58.435752Z  INFO falcon_algebraic:prove: bitz::piop::spartan::falcon512_algebraic::protocol: close time.busy=332ms time.idle=190ns
2026-10-07T19:58:58.447478Z  INFO falcon_algebraic:verify:falcon_algebraic_ring:verify:falcon_algebraic_ring:coordinates: bitz::piop::spartan::falcon512_algebraic::ring: close time.busy=3.46ms time.idle=160ns
2026-10-07T19:58:58.466177Z  INFO falcon_algebraic:verify:falcon_algebraic_ring:verify:falcon_algebraic_ring:collapse: bitz::piop::spartan::falcon512_algebraic::ring: close time.busy=18.7ms time.idle=120ns
2026-10-07T19:58:58.466180Z  INFO falcon_algebraic:verify:falcon_algebraic_ring:verify: bitz::piop::spartan::falcon512_algebraic::ring: close time.busy=22.4ms time.idle=160ns
2026-10-07T19:58:58.466208Z  INFO falcon_algebraic:verify:spartan:round_grinding_verify: bitz::sumcheck::boundary: close time.busy=1.03µs time.idle=130ns
2026-10-07T19:58:58.466212Z  INFO falcon_algebraic:verify:spartan:round_grinding_verify: bitz::sumcheck::boundary: close time.busy=822ns time.idle=130ns
2026-10-07T19:58:58.466215Z  INFO falcon_algebraic:verify:spartan:round_grinding_verify: bitz::sumcheck::boundary: close time.busy=892ns time.idle=120ns
2026-10-07T19:58:58.466220Z  INFO falcon_algebraic:verify:spartan:round_grinding_verify: bitz::sumcheck::boundary: close time.busy=872ns time.idle=130ns
2026-10-07T19:58:58.466224Z  INFO falcon_algebraic:verify:spartan:round_grinding_verify: bitz::sumcheck::boundary: close time.busy=712ns time.idle=110ns
2026-10-07T19:58:58.466229Z  INFO falcon_algebraic:verify:spartan:round_grinding_verify: bitz::sumcheck::boundary: close time.busy=811ns time.idle=110ns
2026-10-07T19:58:58.466233Z  INFO falcon_algebraic:verify:spartan:round_grinding_verify: bitz::sumcheck::boundary: close time.busy=811ns time.idle=110ns
2026-10-07T19:58:58.466237Z  INFO falcon_algebraic:verify:spartan:round_grinding_verify: bitz::sumcheck::boundary: close time.busy=912ns time.idle=110ns
2026-10-07T19:58:58.466241Z  INFO falcon_algebraic:verify:spartan:round_grinding_verify: bitz::sumcheck::boundary: close time.busy=882ns time.idle=110ns
2026-10-07T19:58:58.466246Z  INFO falcon_algebraic:verify:spartan:round_grinding_verify: bitz::sumcheck::boundary: close time.busy=771ns time.idle=110ns
2026-10-07T19:58:58.466251Z  INFO falcon_algebraic:verify:spartan:round_grinding_verify: bitz::sumcheck::boundary: close time.busy=892ns time.idle=100ns
2026-10-07T19:58:58.466255Z  INFO falcon_algebraic:verify:spartan:round_grinding_verify: bitz::sumcheck::boundary: close time.busy=822ns time.idle=110ns
2026-10-07T19:58:58.466259Z  INFO falcon_algebraic:verify:spartan:round_grinding_verify: bitz::sumcheck::boundary: close time.busy=922ns time.idle=120ns
2026-10-07T19:58:58.466264Z  INFO falcon_algebraic:verify:spartan:round_grinding_verify: bitz::sumcheck::boundary: close time.busy=942ns time.idle=120ns
2026-10-07T19:58:58.466269Z  INFO falcon_algebraic:verify:spartan:round_grinding_verify: bitz::sumcheck::boundary: close time.busy=711ns time.idle=120ns
2026-10-07T19:58:58.466273Z  INFO falcon_algebraic:verify:spartan:round_grinding_verify: bitz::sumcheck::boundary: close time.busy=791ns time.idle=110ns
2026-10-07T19:58:58.466277Z  INFO falcon_algebraic:verify:spartan:round_grinding_verify: bitz::sumcheck::boundary: close time.busy=921ns time.idle=111ns
2026-10-07T19:58:58.466283Z  INFO falcon_algebraic:verify:spartan:round_grinding_verify: bitz::sumcheck::boundary: close time.busy=762ns time.idle=120ns
2026-10-07T19:58:58.466287Z  INFO falcon_algebraic:verify:spartan:round_grinding_verify: bitz::sumcheck::boundary: close time.busy=871ns time.idle=121ns
2026-10-07T19:58:58.475875Z  INFO falcon_algebraic:verify:spartan:round_grinding_verify: bitz::sumcheck::boundary: close time.busy=1.10µs time.idle=151ns
2026-10-07T19:58:58.475880Z  INFO falcon_algebraic:verify:spartan:round_grinding_verify: bitz::sumcheck::boundary: close time.busy=812ns time.idle=130ns
2026-10-07T19:58:58.475884Z  INFO falcon_algebraic:verify:spartan:round_grinding_verify: bitz::sumcheck::boundary: close time.busy=832ns time.idle=120ns
2026-10-07T19:58:58.475887Z  INFO falcon_algebraic:verify:spartan:round_grinding_verify: bitz::sumcheck::boundary: close time.busy=811ns time.idle=110ns
2026-10-07T19:58:58.475891Z  INFO falcon_algebraic:verify:spartan:round_grinding_verify: bitz::sumcheck::boundary: close time.busy=882ns time.idle=110ns
2026-10-07T19:58:58.475895Z  INFO falcon_algebraic:verify:spartan:round_grinding_verify: bitz::sumcheck::boundary: close time.busy=1.20µs time.idle=120ns
2026-10-07T19:58:58.475899Z  INFO falcon_algebraic:verify:spartan:round_grinding_verify: bitz::sumcheck::boundary: close time.busy=822ns time.idle=110ns
2026-10-07T19:58:58.475904Z  INFO falcon_algebraic:verify:spartan:round_grinding_verify: bitz::sumcheck::boundary: close time.busy=902ns time.idle=110ns
2026-10-07T19:58:58.475907Z  INFO falcon_algebraic:verify:spartan:round_grinding_verify: bitz::sumcheck::boundary: close time.busy=882ns time.idle=140ns
2026-10-07T19:58:58.475914Z  INFO falcon_algebraic:verify:spartan:round_grinding_verify: bitz::sumcheck::boundary: close time.busy=892ns time.idle=110ns
2026-10-07T19:58:58.475917Z  INFO falcon_algebraic:verify:spartan:round_grinding_verify: bitz::sumcheck::boundary: close time.busy=932ns time.idle=110ns
2026-10-07T19:58:58.475921Z  INFO falcon_algebraic:verify:spartan:round_grinding_verify: bitz::sumcheck::boundary: close time.busy=942ns time.idle=110ns
2026-10-07T19:58:58.475924Z  INFO falcon_algebraic:verify:spartan:round_grinding_verify: bitz::sumcheck::boundary: close time.busy=882ns time.idle=120ns
2026-10-07T19:58:58.475929Z  INFO falcon_algebraic:verify:spartan:round_grinding_verify: bitz::sumcheck::boundary: close time.busy=942ns time.idle=100ns
2026-10-07T19:58:58.475934Z  INFO falcon_algebraic:verify:spartan:round_grinding_verify: bitz::sumcheck::boundary: close time.busy=892ns time.idle=110ns
2026-10-07T19:58:58.475937Z  INFO falcon_algebraic:verify:spartan:round_grinding_verify: bitz::sumcheck::boundary: close time.busy=871ns time.idle=131ns
2026-10-07T19:58:58.475941Z  INFO falcon_algebraic:verify:spartan:round_grinding_verify: bitz::sumcheck::boundary: close time.busy=892ns time.idle=110ns
2026-10-07T19:58:58.475944Z  INFO falcon_algebraic:verify:spartan:round_grinding_verify: bitz::sumcheck::boundary: close time.busy=972ns time.idle=100ns
2026-10-07T19:58:58.475951Z  INFO falcon_algebraic:verify:spartan:round_grinding_verify: bitz::sumcheck::boundary: close time.busy=1.13µs time.idle=110ns
2026-10-07T19:58:58.475953Z  INFO falcon_algebraic:verify:spartan:round_grinding_verify: bitz::sumcheck::boundary: close time.busy=651ns time.idle=111ns
2026-10-07T19:58:58.475956Z  INFO falcon_algebraic:verify:spartan:round_grinding_verify: bitz::sumcheck::boundary: close time.busy=722ns time.idle=110ns
2026-10-07T19:58:58.475959Z  INFO falcon_algebraic:verify:spartan:round_grinding_verify: bitz::sumcheck::boundary: close time.busy=661ns time.idle=120ns
2026-10-07T19:58:58.475962Z  INFO falcon_algebraic:verify:spartan:round_grinding_verify: bitz::sumcheck::boundary: close time.busy=671ns time.idle=111ns
2026-10-07T19:58:58.475965Z  INFO falcon_algebraic:verify:spartan:round_grinding_verify: bitz::sumcheck::boundary: close time.busy=661ns time.idle=110ns
2026-10-07T19:58:58.483248Z  INFO falcon_algebraic:verify:spartan:round_grinding_verify: bitz::sumcheck::boundary: close time.busy=1.06µs time.idle=140ns
2026-10-07T19:58:58.483252Z  INFO falcon_algebraic:verify:spartan:round_grinding_verify: bitz::sumcheck::boundary: close time.busy=1.06µs time.idle=120ns
2026-10-07T19:58:58.483255Z  INFO falcon_algebraic:verify:spartan:round_grinding_verify: bitz::sumcheck::boundary: close time.busy=1.00µs time.idle=110ns
2026-10-07T19:58:58.483258Z  INFO falcon_algebraic:verify:spartan:round_grinding_verify: bitz::sumcheck::boundary: close time.busy=971ns time.idle=111ns
2026-10-07T19:58:58.483261Z  INFO falcon_algebraic:verify:spartan:round_grinding_verify: bitz::sumcheck::boundary: close time.busy=1.18µs time.idle=110ns
2026-10-07T19:58:58.483263Z  INFO falcon_algebraic:verify:spartan:round_grinding_verify: bitz::sumcheck::boundary: close time.busy=962ns time.idle=110ns
2026-10-07T19:58:58.483266Z  INFO falcon_algebraic:verify:spartan:round_grinding_verify: bitz::sumcheck::boundary: close time.busy=952ns time.idle=110ns
2026-10-07T19:58:58.483268Z  INFO falcon_algebraic:verify:spartan:round_grinding_verify: bitz::sumcheck::boundary: close time.busy=962ns time.idle=100ns
2026-10-07T19:58:58.483271Z  INFO falcon_algebraic:verify:spartan:round_grinding_verify: bitz::sumcheck::boundary: close time.busy=1.02µs time.idle=110ns
2026-10-07T19:58:58.483274Z  INFO falcon_algebraic:verify:spartan:round_grinding_verify: bitz::sumcheck::boundary: close time.busy=1.01µs time.idle=111ns
2026-10-07T19:58:58.483277Z  INFO falcon_algebraic:verify:spartan:round_grinding_verify: bitz::sumcheck::boundary: close time.busy=1.07µs time.idle=110ns
2026-10-07T19:58:58.483280Z  INFO falcon_algebraic:verify:spartan:round_grinding_verify: bitz::sumcheck::boundary: close time.busy=1.00µs time.idle=110ns
2026-10-07T19:58:58.483283Z  INFO falcon_algebraic:verify:spartan:round_grinding_verify: bitz::sumcheck::boundary: close time.busy=972ns time.idle=110ns
2026-10-07T19:58:58.483286Z  INFO falcon_algebraic:verify:spartan:round_grinding_verify: bitz::sumcheck::boundary: close time.busy=1.02µs time.idle=120ns
2026-10-07T19:58:58.483289Z  INFO falcon_algebraic:verify:spartan:round_grinding_verify: bitz::sumcheck::boundary: close time.busy=1.13µs time.idle=110ns
2026-10-07T19:58:58.483291Z  INFO falcon_algebraic:verify:spartan:round_grinding_verify: bitz::sumcheck::boundary: close time.busy=1.10µs time.idle=110ns
2026-10-07T19:58:58.483294Z  INFO falcon_algebraic:verify:spartan:round_grinding_verify: bitz::sumcheck::boundary: close time.busy=1.10µs time.idle=110ns
2026-10-07T19:58:58.483297Z  INFO falcon_algebraic:verify:spartan:round_grinding_verify: bitz::sumcheck::boundary: close time.busy=1.18µs time.idle=110ns
2026-10-07T19:58:58.483300Z  INFO falcon_algebraic:verify:spartan:round_grinding_verify: bitz::sumcheck::boundary: close time.busy=942ns time.idle=110ns
2026-10-07T19:58:58.483302Z  INFO falcon_algebraic:verify:spartan:round_grinding_verify: bitz::sumcheck::boundary: close time.busy=942ns time.idle=110ns
2026-10-07T19:58:58.483305Z  INFO falcon_algebraic:verify:spartan:round_grinding_verify: bitz::sumcheck::boundary: close time.busy=1.00µs time.idle=100ns
2026-10-07T19:58:58.483308Z  INFO falcon_algebraic:verify:spartan:round_grinding_verify: bitz::sumcheck::boundary: close time.busy=962ns time.idle=110ns
2026-10-07T19:58:58.483310Z  INFO falcon_algebraic:verify:spartan:round_grinding_verify: bitz::sumcheck::boundary: close time.busy=972ns time.idle=110ns
2026-10-07T19:58:58.483313Z  INFO falcon_algebraic:verify:spartan:round_grinding_verify: bitz::sumcheck::boundary: close time.busy=1.12µs time.idle=110ns
2026-10-07T19:58:58.483316Z  INFO falcon_algebraic:verify:spartan:round_grinding_verify: bitz::sumcheck::boundary: close time.busy=1.02µs time.idle=110ns
2026-10-07T19:58:58.485554Z  INFO falcon_algebraic:verify: bitz::piop::spartan::falcon512_algebraic::protocol: close time.busy=49.7ms time.idle=171ns
2026-10-07T19:58:58.518200Z  INFO falcon_algebraic:commit:falcon_algebraic:witness: bitz::piop::spartan::falcon512_algebraic::protocol: close time.busy=32.4ms time.idle=111ns
2026-10-07T19:58:58.547628Z  INFO falcon_algebraic:commit:shared_source:encode: bitz::hybrid::opening: close time.busy=1.60ms time.idle=141ns
2026-10-07T19:58:58.548613Z  INFO falcon_algebraic:commit:shared_source:merkle: bitz::hybrid::opening: close time.busy=983µs time.idle=150ns
2026-10-07T19:58:58.548615Z  INFO falcon_algebraic:commit: bitz::piop::spartan::falcon512_algebraic::protocol: close time.busy=62.9ms time.idle=140ns
2026-10-07T19:58:58.560816Z  INFO falcon_algebraic:prove:falcon_algebraic:ring:falcon_algebraic_ring:prove:falcon_algebraic_ring:coordinates: bitz::piop::spartan::falcon512_algebraic::ring: close time.busy=3.32ms time.idle=281ns
2026-10-07T19:58:58.561608Z  INFO falcon_algebraic:prove:falcon_algebraic:ring:falcon_algebraic_ring:prove:spartan:grinding{bits=11}: bitz::piop::spartan::grinding: close time.busy=8.47µs time.idle=150ns
2026-10-07T19:58:58.580095Z  INFO falcon_algebraic:prove:falcon_algebraic:ring:falcon_algebraic_ring:prove:falcon_algebraic_ring:collapse: bitz::piop::spartan::falcon512_algebraic::ring: close time.busy=18.5ms time.idle=130ns
2026-10-07T19:58:58.580097Z  INFO falcon_algebraic:prove:falcon_algebraic:ring:falcon_algebraic_ring:prove: bitz::piop::spartan::falcon512_algebraic::ring: close time.busy=23.5ms time.idle=172ns
2026-10-07T19:58:58.580098Z  INFO falcon_algebraic:prove:falcon_algebraic:ring: bitz::piop::spartan::falcon512_algebraic::protocol: close time.busy=23.5ms time.idle=170ns
2026-10-07T19:58:58.580107Z  INFO falcon_algebraic:prove:falcon_algebraic:arithmetic:falcon_algebraic:norm:spartan:grinding{bits=11}: bitz::piop::spartan::grinding: close time.busy=5.72µs time.idle=100ns
2026-10-07T19:58:58.609396Z  INFO falcon_algebraic:prove:falcon_algebraic:arithmetic:falcon_algebraic:norm:spartan:round_grinding_prove:spartan:grinding{bits=14}: bitz::piop::spartan::grinding: close time.busy=22.9µs time.idle=140ns
2026-10-07T19:58:58.609399Z  INFO falcon_algebraic:prove:falcon_algebraic:arithmetic:falcon_algebraic:norm:spartan:round_grinding_prove: bitz::sumcheck::boundary: close time.busy=26.5µs time.idle=151ns
2026-10-07T19:58:58.620149Z  INFO falcon_algebraic:prove:falcon_algebraic:arithmetic:falcon_algebraic:norm:spartan:round_grinding_prove:spartan:grinding{bits=14}: bitz::piop::spartan::grinding: close time.busy=164µs time.idle=120ns
2026-10-07T19:58:58.620151Z  INFO falcon_algebraic:prove:falcon_algebraic:arithmetic:falcon_algebraic:norm:spartan:round_grinding_prove: bitz::sumcheck::boundary: close time.busy=167µs time.idle=120ns
2026-10-07T19:58:58.625307Z  INFO falcon_algebraic:prove:falcon_algebraic:arithmetic:falcon_algebraic:norm:spartan:round_grinding_prove:spartan:grinding{bits=14}: bitz::piop::spartan::grinding: close time.busy=39.1µs time.idle=120ns
2026-10-07T19:58:58.625309Z  INFO falcon_algebraic:prove:falcon_algebraic:arithmetic:falcon_algebraic:norm:spartan:round_grinding_prove: bitz::sumcheck::boundary: close time.busy=42.1µs time.idle=120ns
2026-10-07T19:58:58.627837Z  INFO falcon_algebraic:prove:falcon_algebraic:arithmetic:falcon_algebraic:norm:spartan:round_grinding_prove:spartan:grinding{bits=14}: bitz::piop::spartan::grinding: close time.busy=19.1µs time.idle=121ns
2026-10-07T19:58:58.627839Z  INFO falcon_algebraic:prove:falcon_algebraic:arithmetic:falcon_algebraic:norm:spartan:round_grinding_prove: bitz::sumcheck::boundary: close time.busy=22.0µs time.idle=140ns
2026-10-07T19:58:58.629210Z  INFO falcon_algebraic:prove:falcon_algebraic:arithmetic:falcon_algebraic:norm:spartan:round_grinding_prove:spartan:grinding{bits=14}: bitz::piop::spartan::grinding: close time.busy=111µs time.idle=120ns
2026-10-07T19:58:58.629212Z  INFO falcon_algebraic:prove:falcon_algebraic:arithmetic:falcon_algebraic:norm:spartan:round_grinding_prove: bitz::sumcheck::boundary: close time.busy=113µs time.idle=130ns
2026-10-07T19:58:58.629858Z  INFO falcon_algebraic:prove:falcon_algebraic:arithmetic:falcon_algebraic:norm:spartan:round_grinding_prove:spartan:grinding{bits=14}: bitz::piop::spartan::grinding: close time.busy=12.2µs time.idle=120ns
2026-10-07T19:58:58.629860Z  INFO falcon_algebraic:prove:falcon_algebraic:arithmetic:falcon_algebraic:norm:spartan:round_grinding_prove: bitz::sumcheck::boundary: close time.busy=14.9µs time.idle=110ns
2026-10-07T19:58:58.630228Z  INFO falcon_algebraic:prove:falcon_algebraic:arithmetic:falcon_algebraic:norm:spartan:round_grinding_prove:spartan:grinding{bits=14}: bitz::piop::spartan::grinding: close time.busy=44.2µs time.idle=121ns
2026-10-07T19:58:58.630230Z  INFO falcon_algebraic:prove:falcon_algebraic:arithmetic:falcon_algebraic:norm:spartan:round_grinding_prove: bitz::sumcheck::boundary: close time.busy=46.9µs time.idle=190ns
2026-10-07T19:58:58.630410Z  INFO falcon_algebraic:prove:falcon_algebraic:arithmetic:falcon_algebraic:norm:spartan:round_grinding_prove:spartan:grinding{bits=14}: bitz::piop::spartan::grinding: close time.busy=15.6µs time.idle=110ns
2026-10-07T19:58:58.630412Z  INFO falcon_algebraic:prove:falcon_algebraic:arithmetic:falcon_algebraic:norm:spartan:round_grinding_prove: bitz::sumcheck::boundary: close time.busy=18.1µs time.idle=120ns
2026-10-07T19:58:58.630503Z  INFO falcon_algebraic:prove:falcon_algebraic:arithmetic:falcon_algebraic:norm:spartan:round_grinding_prove:spartan:grinding{bits=14}: bitz::piop::spartan::grinding: close time.busy=6.01µs time.idle=110ns
2026-10-07T19:58:58.630504Z  INFO falcon_algebraic:prove:falcon_algebraic:arithmetic:falcon_algebraic:norm:spartan:round_grinding_prove: bitz::sumcheck::boundary: close time.busy=8.26µs time.idle=120ns
2026-10-07T19:58:58.630614Z  INFO falcon_algebraic:prove:falcon_algebraic:arithmetic:falcon_algebraic:norm:spartan:round_grinding_prove:spartan:grinding{bits=14}: bitz::piop::spartan::grinding: close time.busy=60.6µs time.idle=110ns
2026-10-07T19:58:58.630615Z  INFO falcon_algebraic:prove:falcon_algebraic:arithmetic:falcon_algebraic:norm:spartan:round_grinding_prove: bitz::sumcheck::boundary: close time.busy=62.6µs time.idle=121ns
2026-10-07T19:58:58.630649Z  INFO falcon_algebraic:prove:falcon_algebraic:arithmetic:falcon_algebraic:norm:spartan:round_grinding_prove:spartan:grinding{bits=14}: bitz::piop::spartan::grinding: close time.busy=5.69µs time.idle=110ns
2026-10-07T19:58:58.630650Z  INFO falcon_algebraic:prove:falcon_algebraic:arithmetic:falcon_algebraic:norm:spartan:round_grinding_prove: bitz::sumcheck::boundary: close time.busy=7.78µs time.idle=110ns
2026-10-07T19:58:58.630702Z  INFO falcon_algebraic:prove:falcon_algebraic:arithmetic:falcon_algebraic:norm:spartan:round_grinding_prove:spartan:grinding{bits=14}: bitz::piop::spartan::grinding: close time.busy=33.8µs time.idle=120ns
2026-10-07T19:58:58.630703Z  INFO falcon_algebraic:prove:falcon_algebraic:arithmetic:falcon_algebraic:norm:spartan:round_grinding_prove: bitz::sumcheck::boundary: close time.busy=35.9µs time.idle=110ns
2026-10-07T19:58:58.630729Z  INFO falcon_algebraic:prove:falcon_algebraic:arithmetic:falcon_algebraic:norm:spartan:round_grinding_prove:spartan:grinding{bits=14}: bitz::piop::spartan::grinding: close time.busy=13.3µs time.idle=130ns
2026-10-07T19:58:58.630730Z  INFO falcon_algebraic:prove:falcon_algebraic:arithmetic:falcon_algebraic:norm:spartan:round_grinding_prove: bitz::sumcheck::boundary: close time.busy=15.5µs time.idle=140ns
2026-10-07T19:58:58.630754Z  INFO falcon_algebraic:prove:falcon_algebraic:arithmetic:falcon_algebraic:norm:spartan:round_grinding_prove:spartan:grinding{bits=14}: bitz::piop::spartan::grinding: close time.busy=12.5µs time.idle=110ns
2026-10-07T19:58:58.630756Z  INFO falcon_algebraic:prove:falcon_algebraic:arithmetic:falcon_algebraic:norm:spartan:round_grinding_prove: bitz::sumcheck::boundary: close time.busy=14.6µs time.idle=110ns
2026-10-07T19:58:58.630773Z  INFO falcon_algebraic:prove:falcon_algebraic:arithmetic:falcon_algebraic:norm:spartan:round_grinding_prove:spartan:grinding{bits=14}: bitz::piop::spartan::grinding: close time.busy=7.84µs time.idle=110ns
2026-10-07T19:58:58.630775Z  INFO falcon_algebraic:prove:falcon_algebraic:arithmetic:falcon_algebraic:norm:spartan:round_grinding_prove: bitz::sumcheck::boundary: close time.busy=9.86µs time.idle=120ns
2026-10-07T19:58:58.630826Z  INFO falcon_algebraic:prove:falcon_algebraic:arithmetic:falcon_algebraic:norm:spartan:round_grinding_prove:spartan:grinding{bits=14}: bitz::piop::spartan::grinding: close time.busy=43.3µs time.idle=110ns
2026-10-07T19:58:58.630827Z  INFO falcon_algebraic:prove:falcon_algebraic:arithmetic:falcon_algebraic:norm:spartan:round_grinding_prove: bitz::sumcheck::boundary: close time.busy=45.3µs time.idle=110ns
2026-10-07T19:58:58.630877Z  INFO falcon_algebraic:prove:falcon_algebraic:arithmetic:falcon_algebraic:norm:spartan:round_grinding_prove:spartan:grinding{bits=14}: bitz::piop::spartan::grinding: close time.busy=41.8µs time.idle=110ns
2026-10-07T19:58:58.630878Z  INFO falcon_algebraic:prove:falcon_algebraic:arithmetic:falcon_algebraic:norm:spartan:round_grinding_prove: bitz::sumcheck::boundary: close time.busy=43.9µs time.idle=110ns
2026-10-07T19:58:58.630897Z  INFO falcon_algebraic:prove:falcon_algebraic:arithmetic:falcon_algebraic:norm:spartan:round_grinding_prove:spartan:grinding{bits=14}: bitz::piop::spartan::grinding: close time.busy=9.58µs time.idle=110ns
2026-10-07T19:58:58.630899Z  INFO falcon_algebraic:prove:falcon_algebraic:arithmetic:falcon_algebraic:norm:spartan:round_grinding_prove: bitz::sumcheck::boundary: close time.busy=11.6µs time.idle=110ns
2026-10-07T19:58:58.630942Z  INFO falcon_algebraic:prove:falcon_algebraic:arithmetic:falcon_algebraic:norm:spartan:round_grinding_prove:spartan:grinding{bits=14}: bitz::piop::spartan::grinding: close time.busy=35.1µs time.idle=110ns
2026-10-07T19:58:58.630944Z  INFO falcon_algebraic:prove:falcon_algebraic:arithmetic:falcon_algebraic:norm:spartan:round_grinding_prove: bitz::sumcheck::boundary: close time.busy=37.2µs time.idle=120ns
2026-10-07T19:58:58.630952Z  INFO falcon_algebraic:prove:falcon_algebraic:arithmetic:falcon_algebraic:norm: bitz::piop::spartan::falcon512_algebraic::arithmetic: close time.busy=50.9ms time.idle=150ns
2026-10-07T19:58:58.630955Z  INFO falcon_algebraic:prove:falcon_algebraic:arithmetic:falcon_algebraic:binding:spartan:grinding{bits=10}: bitz::piop::spartan::grinding: close time.busy=821ns time.idle=120ns
2026-10-07T19:58:58.677073Z  INFO falcon_algebraic:prove:falcon_algebraic:arithmetic:falcon_algebraic:binding:inner_packed:prefix_accumulators: bitz::sumcheck::inner::packed::state: close time.busy=37.3ms time.idle=140ns
2026-10-07T19:58:58.677081Z  INFO falcon_algebraic:prove:falcon_algebraic:arithmetic:falcon_algebraic:binding:spartan:round_grinding_prove:spartan:grinding{bits=13}: bitz::piop::spartan::grinding: close time.busy=2.32µs time.idle=131ns
2026-10-07T19:58:58.677083Z  INFO falcon_algebraic:prove:falcon_algebraic:arithmetic:falcon_algebraic:binding:spartan:round_grinding_prove: bitz::sumcheck::boundary: close time.busy=5.21µs time.idle=170ns
2026-10-07T19:58:58.677106Z  INFO falcon_algebraic:prove:falcon_algebraic:arithmetic:falcon_algebraic:binding:spartan:round_grinding_prove:spartan:grinding{bits=13}: bitz::piop::spartan::grinding: close time.busy=19.1µs time.idle=110ns
2026-10-07T19:58:58.677108Z  INFO falcon_algebraic:prove:falcon_algebraic:arithmetic:falcon_algebraic:binding:spartan:round_grinding_prove: bitz::sumcheck::boundary: close time.busy=21.3µs time.idle=120ns
2026-10-07T19:58:58.677119Z  INFO falcon_algebraic:prove:falcon_algebraic:arithmetic:falcon_algebraic:binding:spartan:round_grinding_prove:spartan:grinding{bits=13}: bitz::piop::spartan::grinding: close time.busy=7.27µs time.idle=110ns
2026-10-07T19:58:58.677121Z  INFO falcon_algebraic:prove:falcon_algebraic:arithmetic:falcon_algebraic:binding:spartan:round_grinding_prove: bitz::sumcheck::boundary: close time.busy=9.39µs time.idle=110ns
2026-10-07T19:58:58.718362Z  INFO falcon_algebraic:prove:falcon_algebraic:arithmetic:falcon_algebraic:binding:inner_packed:prepare_tail: bitz::sumcheck::inner::packed::state: close time.busy=41.2ms time.idle=230ns
2026-10-07T19:58:58.718382Z  INFO falcon_algebraic:prove:falcon_algebraic:arithmetic:falcon_algebraic:binding:spartan:round_grinding_prove:spartan:grinding{bits=13}: bitz::piop::spartan::grinding: close time.busy=15.5µs time.idle=120ns
2026-10-07T19:58:58.718384Z  INFO falcon_algebraic:prove:falcon_algebraic:arithmetic:falcon_algebraic:binding:spartan:round_grinding_prove: bitz::sumcheck::boundary: close time.busy=18.4µs time.idle=120ns
2026-10-07T19:58:58.741563Z  INFO falcon_algebraic:prove:falcon_algebraic:arithmetic:falcon_algebraic:binding:inner_packed:fold_tail{round=3}: bitz::sumcheck::inner::packed::state: close time.busy=23.2ms time.idle=130ns
2026-10-07T19:58:58.741602Z  INFO falcon_algebraic:prove:falcon_algebraic:arithmetic:falcon_algebraic:binding:spartan:round_grinding_prove:spartan:grinding{bits=13}: bitz::piop::spartan::grinding: close time.busy=34.7µs time.idle=120ns
2026-10-07T19:58:58.741603Z  INFO falcon_algebraic:prove:falcon_algebraic:arithmetic:falcon_algebraic:binding:spartan:round_grinding_prove: bitz::sumcheck::boundary: close time.busy=37.4µs time.idle=120ns
2026-10-07T19:58:58.751445Z  INFO falcon_algebraic:prove:falcon_algebraic:arithmetic:falcon_algebraic:binding:inner_packed:fold_tail{round=4}: bitz::sumcheck::inner::packed::state: close time.busy=9.84ms time.idle=110ns
2026-10-07T19:58:58.751466Z  INFO falcon_algebraic:prove:falcon_algebraic:arithmetic:falcon_algebraic:binding:spartan:round_grinding_prove:spartan:grinding{bits=13}: bitz::piop::spartan::grinding: close time.busy=17.9µs time.idle=110ns
2026-10-07T19:58:58.751470Z  INFO falcon_algebraic:prove:falcon_algebraic:arithmetic:falcon_algebraic:binding:spartan:round_grinding_prove: bitz::sumcheck::boundary: close time.busy=23.0µs time.idle=110ns
2026-10-07T19:58:58.756413Z  INFO falcon_algebraic:prove:falcon_algebraic:arithmetic:falcon_algebraic:binding:inner_packed:fold_tail{round=5}: bitz::sumcheck::inner::packed::state: close time.busy=4.94ms time.idle=100ns
2026-10-07T19:58:58.756443Z  INFO falcon_algebraic:prove:falcon_algebraic:arithmetic:falcon_algebraic:binding:spartan:round_grinding_prove:spartan:grinding{bits=13}: bitz::piop::spartan::grinding: close time.busy=25.9µs time.idle=120ns
2026-10-07T19:58:58.756444Z  INFO falcon_algebraic:prove:falcon_algebraic:arithmetic:falcon_algebraic:binding:spartan:round_grinding_prove: bitz::sumcheck::boundary: close time.busy=28.3µs time.idle=120ns
2026-10-07T19:58:58.760431Z  INFO falcon_algebraic:prove:falcon_algebraic:arithmetic:falcon_algebraic:binding:inner_packed:fold_tail{round=6}: bitz::sumcheck::inner::packed::state: close time.busy=3.98ms time.idle=110ns
2026-10-07T19:58:58.760473Z  INFO falcon_algebraic:prove:falcon_algebraic:arithmetic:falcon_algebraic:binding:spartan:round_grinding_prove:spartan:grinding{bits=13}: bitz::piop::spartan::grinding: close time.busy=39.6µs time.idle=111ns
2026-10-07T19:58:58.760475Z  INFO falcon_algebraic:prove:falcon_algebraic:arithmetic:falcon_algebraic:binding:spartan:round_grinding_prove: bitz::sumcheck::boundary: close time.busy=41.9µs time.idle=100ns
2026-10-07T19:58:58.761730Z  INFO falcon_algebraic:prove:falcon_algebraic:arithmetic:falcon_algebraic:binding:inner_packed:fold_tail{round=7}: bitz::sumcheck::inner::packed::state: close time.busy=1.25ms time.idle=111ns
2026-10-07T19:58:58.761798Z  INFO falcon_algebraic:prove:falcon_algebraic:arithmetic:falcon_algebraic:binding:spartan:round_grinding_prove:spartan:grinding{bits=13}: bitz::piop::spartan::grinding: close time.busy=65.6µs time.idle=120ns
2026-10-07T19:58:58.761799Z  INFO falcon_algebraic:prove:falcon_algebraic:arithmetic:falcon_algebraic:binding:spartan:round_grinding_prove: bitz::sumcheck::boundary: close time.busy=67.8µs time.idle=110ns
2026-10-07T19:58:58.762449Z  INFO falcon_algebraic:prove:falcon_algebraic:arithmetic:falcon_algebraic:binding:inner_packed:fold_tail{round=8}: bitz::sumcheck::inner::packed::state: close time.busy=643µs time.idle=110ns
2026-10-07T19:58:58.762472Z  INFO falcon_algebraic:prove:falcon_algebraic:arithmetic:falcon_algebraic:binding:spartan:round_grinding_prove:spartan:grinding{bits=13}: bitz::piop::spartan::grinding: close time.busy=20.6µs time.idle=110ns
2026-10-07T19:58:58.762473Z  INFO falcon_algebraic:prove:falcon_algebraic:arithmetic:falcon_algebraic:binding:spartan:round_grinding_prove: bitz::sumcheck::boundary: close time.busy=22.7µs time.idle=110ns
2026-10-07T19:58:58.762807Z  INFO falcon_algebraic:prove:falcon_algebraic:arithmetic:falcon_algebraic:binding:inner_packed:fold_tail{round=9}: bitz::sumcheck::inner::packed::state: close time.busy=332µs time.idle=140ns
2026-10-07T19:58:58.762867Z  INFO falcon_algebraic:prove:falcon_algebraic:arithmetic:falcon_algebraic:binding:spartan:round_grinding_prove:spartan:grinding{bits=13}: bitz::piop::spartan::grinding: close time.busy=57.3µs time.idle=110ns
2026-10-07T19:58:58.762868Z  INFO falcon_algebraic:prove:falcon_algebraic:arithmetic:falcon_algebraic:binding:spartan:round_grinding_prove: bitz::sumcheck::boundary: close time.busy=59.6µs time.idle=111ns
2026-10-07T19:58:58.763041Z  INFO falcon_algebraic:prove:falcon_algebraic:arithmetic:falcon_algebraic:binding:inner_packed:fold_tail{round=10}: bitz::sumcheck::inner::packed::state: close time.busy=170µs time.idle=111ns
2026-10-07T19:58:58.763074Z  INFO falcon_algebraic:prove:falcon_algebraic:arithmetic:falcon_algebraic:binding:spartan:round_grinding_prove:spartan:grinding{bits=13}: bitz::piop::spartan::grinding: close time.busy=30.8µs time.idle=110ns
2026-10-07T19:58:58.763076Z  INFO falcon_algebraic:prove:falcon_algebraic:arithmetic:falcon_algebraic:binding:spartan:round_grinding_prove: bitz::sumcheck::boundary: close time.busy=33.0µs time.idle=111ns
2026-10-07T19:58:58.763166Z  INFO falcon_algebraic:prove:falcon_algebraic:arithmetic:falcon_algebraic:binding:inner_packed:fold_tail{round=11}: bitz::sumcheck::inner::packed::state: close time.busy=87.2µs time.idle=100ns
2026-10-07T19:58:58.763200Z  INFO falcon_algebraic:prove:falcon_algebraic:arithmetic:falcon_algebraic:binding:spartan:round_grinding_prove:spartan:grinding{bits=13}: bitz::piop::spartan::grinding: close time.busy=31.7µs time.idle=110ns
2026-10-07T19:58:58.763202Z  INFO falcon_algebraic:prove:falcon_algebraic:arithmetic:falcon_algebraic:binding:spartan:round_grinding_prove: bitz::sumcheck::boundary: close time.busy=33.8µs time.idle=121ns
2026-10-07T19:58:58.763250Z  INFO falcon_algebraic:prove:falcon_algebraic:arithmetic:falcon_algebraic:binding:inner_packed:fold_tail{round=12}: bitz::sumcheck::inner::packed::state: close time.busy=44.0µs time.idle=120ns
2026-10-07T19:58:58.763294Z  INFO falcon_algebraic:prove:falcon_algebraic:arithmetic:falcon_algebraic:binding:spartan:round_grinding_prove:spartan:grinding{bits=13}: bitz::piop::spartan::grinding: close time.busy=41.5µs time.idle=110ns
2026-10-07T19:58:58.763295Z  INFO falcon_algebraic:prove:falcon_algebraic:arithmetic:falcon_algebraic:binding:spartan:round_grinding_prove: bitz::sumcheck::boundary: close time.busy=43.6µs time.idle=110ns
2026-10-07T19:58:58.763320Z  INFO falcon_algebraic:prove:falcon_algebraic:arithmetic:falcon_algebraic:binding:inner_packed:fold_tail{round=13}: bitz::sumcheck::inner::packed::state: close time.busy=22.3µs time.idle=110ns
2026-10-07T19:58:58.763380Z  INFO falcon_algebraic:prove:falcon_algebraic:arithmetic:falcon_algebraic:binding:spartan:round_grinding_prove:spartan:grinding{bits=13}: bitz::piop::spartan::grinding: close time.busy=57.3µs time.idle=110ns
2026-10-07T19:58:58.763381Z  INFO falcon_algebraic:prove:falcon_algebraic:arithmetic:falcon_algebraic:binding:spartan:round_grinding_prove: bitz::sumcheck::boundary: close time.busy=59.4µs time.idle=110ns
2026-10-07T19:58:58.763395Z  INFO falcon_algebraic:prove:falcon_algebraic:arithmetic:falcon_algebraic:binding:inner_packed:fold_tail{round=14}: bitz::sumcheck::inner::packed::state: close time.busy=11.2µs time.idle=110ns
2026-10-07T19:58:58.763432Z  INFO falcon_algebraic:prove:falcon_algebraic:arithmetic:falcon_algebraic:binding:spartan:round_grinding_prove:spartan:grinding{bits=13}: bitz::piop::spartan::grinding: close time.busy=34.3µs time.idle=110ns
2026-10-07T19:58:58.763433Z  INFO falcon_algebraic:prove:falcon_algebraic:arithmetic:falcon_algebraic:binding:spartan:round_grinding_prove: bitz::sumcheck::boundary: close time.busy=36.4µs time.idle=110ns
2026-10-07T19:58:58.763441Z  INFO falcon_algebraic:prove:falcon_algebraic:arithmetic:falcon_algebraic:binding:inner_packed:fold_tail{round=15}: bitz::sumcheck::inner::packed::state: close time.busy=5.41µs time.idle=110ns
2026-10-07T19:58:58.763458Z  INFO falcon_algebraic:prove:falcon_algebraic:arithmetic:falcon_algebraic:binding:spartan:round_grinding_prove:spartan:grinding{bits=13}: bitz::piop::spartan::grinding: close time.busy=14.5µs time.idle=111ns
2026-10-07T19:58:58.763459Z  INFO falcon_algebraic:prove:falcon_algebraic:arithmetic:falcon_algebraic:binding:spartan:round_grinding_prove: bitz::sumcheck::boundary: close time.busy=16.7µs time.idle=110ns
2026-10-07T19:58:58.763464Z  INFO falcon_algebraic:prove:falcon_algebraic:arithmetic:falcon_algebraic:binding:inner_packed:fold_tail{round=16}: bitz::sumcheck::inner::packed::state: close time.busy=2.69µs time.idle=110ns
2026-10-07T19:58:58.763483Z  INFO falcon_algebraic:prove:falcon_algebraic:arithmetic:falcon_algebraic:binding:spartan:round_grinding_prove:spartan:grinding{bits=13}: bitz::piop::spartan::grinding: close time.busy=16.6µs time.idle=111ns
2026-10-07T19:58:58.763484Z  INFO falcon_algebraic:prove:falcon_algebraic:arithmetic:falcon_algebraic:binding:spartan:round_grinding_prove: bitz::sumcheck::boundary: close time.busy=18.8µs time.idle=110ns
2026-10-07T19:58:58.763491Z  INFO falcon_algebraic:prove:falcon_algebraic:arithmetic:falcon_algebraic:binding:inner_packed:fold_tail{round=17}: bitz::sumcheck::inner::packed::state: close time.busy=1.40µs time.idle=130ns
2026-10-07T19:58:58.763511Z  INFO falcon_algebraic:prove:falcon_algebraic:arithmetic:falcon_algebraic:binding:spartan:round_grinding_prove:spartan:grinding{bits=13}: bitz::piop::spartan::grinding: close time.busy=17.0µs time.idle=110ns
2026-10-07T19:58:58.763512Z  INFO falcon_algebraic:prove:falcon_algebraic:arithmetic:falcon_algebraic:binding:spartan:round_grinding_prove: bitz::sumcheck::boundary: close time.busy=19.3µs time.idle=110ns
2026-10-07T19:58:58.763515Z  INFO falcon_algebraic:prove:falcon_algebraic:arithmetic:falcon_algebraic:binding:inner_packed:fold_tail{round=18}: bitz::sumcheck::inner::packed::state: close time.busy=772ns time.idle=110ns
2026-10-07T19:58:58.763523Z  INFO falcon_algebraic:prove:falcon_algebraic:arithmetic:falcon_algebraic:binding:spartan:round_grinding_prove:spartan:grinding{bits=13}: bitz::piop::spartan::grinding: close time.busy=6.38µs time.idle=110ns
2026-10-07T19:58:58.763524Z  INFO falcon_algebraic:prove:falcon_algebraic:arithmetic:falcon_algebraic:binding:spartan:round_grinding_prove: bitz::sumcheck::boundary: close time.busy=8.23µs time.idle=110ns
2026-10-07T19:58:58.763527Z  INFO falcon_algebraic:prove:falcon_algebraic:arithmetic:falcon_algebraic:binding:inner_packed:fold_tail{round=19}: bitz::sumcheck::inner::packed::state: close time.busy=431ns time.idle=110ns
2026-10-07T19:58:58.763595Z  INFO falcon_algebraic:prove:falcon_algebraic:arithmetic:falcon_algebraic:binding:spartan:round_grinding_prove:spartan:grinding{bits=13}: bitz::piop::spartan::grinding: close time.busy=66.5µs time.idle=110ns
2026-10-07T19:58:58.763597Z  INFO falcon_algebraic:prove:falcon_algebraic:arithmetic:falcon_algebraic:binding:spartan:round_grinding_prove: bitz::sumcheck::boundary: close time.busy=68.5µs time.idle=110ns
2026-10-07T19:58:58.763599Z  INFO falcon_algebraic:prove:falcon_algebraic:arithmetic:falcon_algebraic:binding:inner_packed:fold_tail{round=20}: bitz::sumcheck::inner::packed::state: close time.busy=250ns time.idle=110ns
2026-10-07T19:58:58.763606Z  INFO falcon_algebraic:prove:falcon_algebraic:arithmetic:falcon_algebraic:binding:spartan:round_grinding_prove:spartan:grinding{bits=13}: bitz::piop::spartan::grinding: close time.busy=5.15µs time.idle=110ns
2026-10-07T19:58:58.763607Z  INFO falcon_algebraic:prove:falcon_algebraic:arithmetic:falcon_algebraic:binding:spartan:round_grinding_prove: bitz::sumcheck::boundary: close time.busy=6.98µs time.idle=110ns
2026-10-07T19:58:58.763609Z  INFO falcon_algebraic:prove:falcon_algebraic:arithmetic:falcon_algebraic:binding:inner_packed:fold_tail{round=21}: bitz::sumcheck::inner::packed::state: close time.busy=170ns time.idle=110ns
2026-10-07T19:58:58.763658Z  INFO falcon_algebraic:prove:falcon_algebraic:arithmetic:falcon_algebraic:binding:spartan:round_grinding_prove:spartan:grinding{bits=13}: bitz::piop::spartan::grinding: close time.busy=46.3µs time.idle=110ns
2026-10-07T19:58:58.763659Z  INFO falcon_algebraic:prove:falcon_algebraic:arithmetic:falcon_algebraic:binding:spartan:round_grinding_prove: bitz::sumcheck::boundary: close time.busy=48.2µs time.idle=111ns
2026-10-07T19:58:58.763661Z  INFO falcon_algebraic:prove:falcon_algebraic:arithmetic:falcon_algebraic:binding:inner_packed:fold_tail{round=22}: bitz::sumcheck::inner::packed::state: close time.busy=110ns time.idle=110ns
2026-10-07T19:58:58.763671Z  INFO falcon_algebraic:prove:falcon_algebraic:arithmetic:falcon_algebraic:binding:spartan:round_grinding_prove:spartan:grinding{bits=13}: bitz::piop::spartan::grinding: close time.busy=8.10µs time.idle=110ns
2026-10-07T19:58:58.763673Z  INFO falcon_algebraic:prove:falcon_algebraic:arithmetic:falcon_algebraic:binding:spartan:round_grinding_prove: bitz::sumcheck::boundary: close time.busy=9.98µs time.idle=110ns
2026-10-07T19:58:58.763675Z  INFO falcon_algebraic:prove:falcon_algebraic:arithmetic:falcon_algebraic:binding:inner_packed:fold_tail{round=23}: bitz::sumcheck::inner::packed::state: close time.busy=450ns time.idle=112ns
2026-10-07T19:58:58.770363Z  INFO falcon_algebraic:prove:falcon_algebraic:arithmetic:falcon_algebraic:binding: bitz::piop::spartan::falcon512_algebraic::arithmetic: close time.busy=139ms time.idle=121ns
2026-10-07T19:58:58.770366Z  INFO falcon_algebraic:prove:falcon_algebraic:arithmetic: bitz::piop::spartan::falcon512_algebraic::protocol: close time.busy=190ms time.idle=120ns
2026-10-07T19:58:58.772971Z  INFO falcon_algebraic:prove:falcon_algebraic:bitz:falcon_bridge:integer_folds: bitz::hybrid::integer_bridge: close time.busy=2.57ms time.idle=140ns
2026-10-07T19:58:58.774020Z  INFO falcon_algebraic:prove:falcon_algebraic:bitz:falcon_bridge:column_packing: bitz::hybrid::integer_bridge: close time.busy=849µs time.idle=231ns
2026-10-07T19:58:58.774399Z  INFO falcon_algebraic:prove:falcon_algebraic:bitz:falcon_bridge:power_tables: bitz::hybrid::integer_bridge: close time.busy=377µs time.idle=141ns
2026-10-07T19:58:58.774411Z  INFO falcon_algebraic:prove:falcon_algebraic:bitz:spartan:grinding{bits=14}: bitz::piop::spartan::grinding: close time.busy=9.02µs time.idle=110ns
2026-10-07T19:58:58.782525Z  INFO falcon_algebraic:prove:falcon_algebraic:bitz:falcon_bridge:wfbitz_forest:spartan:grinding{bits=14}: bitz::piop::spartan::grinding: close time.busy=40.8µs time.idle=120ns
2026-10-07T19:58:58.782700Z  INFO falcon_algebraic:prove:falcon_algebraic:bitz:falcon_bridge:wfbitz_forest:spartan:grinding{bits=14}: bitz::piop::spartan::grinding: close time.busy=164µs time.idle=140ns
2026-10-07T19:58:58.782759Z  INFO falcon_algebraic:prove:falcon_algebraic:bitz:falcon_bridge:wfbitz_forest:spartan:grinding{bits=14}: bitz::piop::spartan::grinding: close time.busy=52.8µs time.idle=110ns
2026-10-07T19:58:58.782797Z  INFO falcon_algebraic:prove:falcon_algebraic:bitz:falcon_bridge:wfbitz_forest:spartan:grinding{bits=14}: bitz::piop::spartan::grinding: close time.busy=33.6µs time.idle=110ns
2026-10-07T19:58:58.782957Z  INFO falcon_algebraic:prove:falcon_algebraic:bitz:falcon_bridge:wfbitz_forest:spartan:grinding{bits=14}: bitz::piop::spartan::grinding: close time.busy=157µs time.idle=111ns
2026-10-07T19:58:58.783167Z  INFO falcon_algebraic:prove:falcon_algebraic:bitz:falcon_bridge:wfbitz_forest:spartan:grinding{bits=14}: bitz::piop::spartan::grinding: close time.busy=206µs time.idle=111ns
2026-10-07T19:58:58.783240Z  INFO falcon_algebraic:prove:falcon_algebraic:bitz:falcon_bridge:wfbitz_forest:spartan:grinding{bits=14}: bitz::piop::spartan::grinding: close time.busy=70.5µs time.idle=110ns
2026-10-07T19:58:58.783274Z  INFO falcon_algebraic:prove:falcon_algebraic:bitz:falcon_bridge:wfbitz_forest:spartan:grinding{bits=14}: bitz::piop::spartan::grinding: close time.busy=30.5µs time.idle=110ns
2026-10-07T19:58:58.783281Z  INFO falcon_algebraic:prove:falcon_algebraic:bitz:falcon_bridge:wfbitz_forest:spartan:grinding{bits=14}: bitz::piop::spartan::grinding: close time.busy=4.50µs time.idle=110ns
2026-10-07T19:58:58.783287Z  INFO falcon_algebraic:prove:falcon_algebraic:bitz:falcon_bridge:wfbitz_forest:spartan:grinding{bits=14}: bitz::piop::spartan::grinding: close time.busy=3.11µs time.idle=120ns
2026-10-07T19:58:58.783377Z  INFO falcon_algebraic:prove:falcon_algebraic:bitz:falcon_bridge:wfbitz_forest:spartan:grinding{bits=14}: bitz::piop::spartan::grinding: close time.busy=87.0µs time.idle=111ns
2026-10-07T19:58:58.783417Z  INFO falcon_algebraic:prove:falcon_algebraic:bitz:falcon_bridge:wfbitz_forest:spartan:grinding{bits=14}: bitz::piop::spartan::grinding: close time.busy=36.2µs time.idle=120ns
2026-10-07T19:58:58.783484Z  INFO falcon_algebraic:prove:falcon_algebraic:bitz:falcon_bridge:wfbitz_forest:spartan:grinding{bits=14}: bitz::piop::spartan::grinding: close time.busy=64.7µs time.idle=111ns
2026-10-07T19:58:58.783567Z  INFO falcon_algebraic:prove:falcon_algebraic:bitz:falcon_bridge:wfbitz_forest:spartan:grinding{bits=14}: bitz::piop::spartan::grinding: close time.busy=66.0µs time.idle=110ns
2026-10-07T19:58:58.783632Z  INFO falcon_algebraic:prove:falcon_algebraic:bitz:falcon_bridge:wfbitz_forest:spartan:grinding{bits=14}: bitz::piop::spartan::grinding: close time.busy=54.3µs time.idle=110ns
2026-10-07T19:58:58.783701Z  INFO falcon_algebraic:prove:falcon_algebraic:bitz:falcon_bridge:wfbitz_forest:spartan:grinding{bits=14}: bitz::piop::spartan::grinding: close time.busy=61.4µs time.idle=110ns
2026-10-07T19:58:58.783844Z  INFO falcon_algebraic:prove:falcon_algebraic:bitz:falcon_bridge:wfbitz_forest:spartan:grinding{bits=14}: bitz::piop::spartan::grinding: close time.busy=137µs time.idle=110ns
2026-10-07T19:58:58.783888Z  INFO falcon_algebraic:prove:falcon_algebraic:bitz:falcon_bridge:wfbitz_forest:spartan:grinding{bits=14}: bitz::piop::spartan::grinding: close time.busy=39.4µs time.idle=110ns
2026-10-07T19:58:58.783895Z  INFO falcon_algebraic:prove:falcon_algebraic:bitz:falcon_bridge:wfbitz_forest:spartan:grinding{bits=14}: bitz::piop::spartan::grinding: close time.busy=4.07µs time.idle=110ns
2026-10-07T19:58:58.783963Z  INFO falcon_algebraic:prove:falcon_algebraic:bitz:falcon_bridge:wfbitz_forest:spartan:grinding{bits=14}: bitz::piop::spartan::grinding: close time.busy=64.5µs time.idle=110ns
2026-10-07T19:58:58.783988Z  INFO falcon_algebraic:prove:falcon_algebraic:bitz:falcon_bridge:wfbitz_forest:spartan:grinding{bits=14}: bitz::piop::spartan::grinding: close time.busy=22.5µs time.idle=110ns
2026-10-07T19:58:58.784002Z  INFO falcon_algebraic:prove:falcon_algebraic:bitz:falcon_bridge:wfbitz_forest:spartan:grinding{bits=14}: bitz::piop::spartan::grinding: close time.busy=11.1µs time.idle=110ns
2026-10-07T19:58:58.784030Z  INFO falcon_algebraic:prove:falcon_algebraic:bitz:falcon_bridge:wfbitz_forest:spartan:grinding{bits=14}: bitz::piop::spartan::grinding: close time.busy=25.2µs time.idle=110ns
2026-10-07T19:58:58.784044Z  INFO falcon_algebraic:prove:falcon_algebraic:bitz:falcon_bridge:wfbitz_forest:spartan:grinding{bits=14}: bitz::piop::spartan::grinding: close time.busy=10.9µs time.idle=270ns
2026-10-07T19:58:58.784063Z  INFO falcon_algebraic:prove:falcon_algebraic:bitz:falcon_bridge:wfbitz_forest:spartan:grinding{bits=14}: bitz::piop::spartan::grinding: close time.busy=16.5µs time.idle=111ns
2026-10-07T19:58:58.784119Z  INFO falcon_algebraic:prove:falcon_algebraic:bitz:falcon_bridge:wfbitz_forest:spartan:grinding{bits=14}: bitz::piop::spartan::grinding: close time.busy=52.6µs time.idle=110ns
2026-10-07T19:58:58.784171Z  INFO falcon_algebraic:prove:falcon_algebraic:bitz:falcon_bridge:wfbitz_forest:spartan:grinding{bits=14}: bitz::piop::spartan::grinding: close time.busy=49.7µs time.idle=110ns
2026-10-07T19:58:58.784295Z  INFO falcon_algebraic:prove:falcon_algebraic:bitz:falcon_bridge:wfbitz_forest:spartan:grinding{bits=14}: bitz::piop::spartan::grinding: close time.busy=100.0µs time.idle=120ns
2026-10-07T19:58:58.784323Z  INFO falcon_algebraic:prove:falcon_algebraic:bitz:falcon_bridge:wfbitz_forest:spartan:grinding{bits=14}: bitz::piop::spartan::grinding: close time.busy=7.36µs time.idle=110ns
2026-10-07T19:58:58.784355Z  INFO falcon_algebraic:prove:falcon_algebraic:bitz:falcon_bridge:wfbitz_forest:spartan:grinding{bits=14}: bitz::piop::spartan::grinding: close time.busy=23.1µs time.idle=110ns
2026-10-07T19:58:58.784381Z  INFO falcon_algebraic:prove:falcon_algebraic:bitz:falcon_bridge:wfbitz_forest:spartan:grinding{bits=14}: bitz::piop::spartan::grinding: close time.busy=9.91µs time.idle=110ns
2026-10-07T19:58:58.784469Z  INFO falcon_algebraic:prove:falcon_algebraic:bitz:falcon_bridge:wfbitz_forest:spartan:grinding{bits=14}: bitz::piop::spartan::grinding: close time.busy=82.9µs time.idle=110ns
2026-10-07T19:58:58.784524Z  INFO falcon_algebraic:prove:falcon_algebraic:bitz:falcon_bridge:wfbitz_forest:spartan:grinding{bits=14}: bitz::piop::spartan::grinding: close time.busy=50.6µs time.idle=120ns
2026-10-07T19:58:58.784534Z  INFO falcon_algebraic:prove:falcon_algebraic:bitz:falcon_bridge:wfbitz_forest:spartan:grinding{bits=14}: bitz::piop::spartan::grinding: close time.busy=6.24µs time.idle=110ns
2026-10-07T19:58:58.784604Z  INFO falcon_algebraic:prove:falcon_algebraic:bitz:falcon_bridge:wfbitz_forest:spartan:grinding{bits=14}: bitz::piop::spartan::grinding: close time.busy=66.2µs time.idle=120ns
2026-10-07T19:58:58.784693Z  INFO falcon_algebraic:prove:falcon_algebraic:bitz:falcon_bridge:wfbitz_forest:spartan:grinding{bits=14}: bitz::piop::spartan::grinding: close time.busy=86.0µs time.idle=110ns
2026-10-07T19:58:58.784704Z  INFO falcon_algebraic:prove:falcon_algebraic:bitz:falcon_bridge:wfbitz_forest:spartan:grinding{bits=14}: bitz::piop::spartan::grinding: close time.busy=7.82µs time.idle=101ns
2026-10-07T19:58:58.784742Z  INFO falcon_algebraic:prove:falcon_algebraic:bitz:falcon_bridge:wfbitz_forest:spartan:grinding{bits=14}: bitz::piop::spartan::grinding: close time.busy=35.3µs time.idle=111ns
2026-10-07T19:58:58.784793Z  INFO falcon_algebraic:prove:falcon_algebraic:bitz:falcon_bridge:wfbitz_forest:spartan:grinding{bits=14}: bitz::piop::spartan::grinding: close time.busy=47.7µs time.idle=110ns
2026-10-07T19:58:58.784843Z  INFO falcon_algebraic:prove:falcon_algebraic:bitz:falcon_bridge:wfbitz_forest:spartan:grinding{bits=14}: bitz::piop::spartan::grinding: close time.busy=47.4µs time.idle=111ns
2026-10-07T19:58:58.784856Z  INFO falcon_algebraic:prove:falcon_algebraic:bitz:falcon_bridge:wfbitz_forest:spartan:grinding{bits=14}: bitz::piop::spartan::grinding: close time.busy=10.2µs time.idle=110ns
2026-10-07T19:58:58.784880Z  INFO falcon_algebraic:prove:falcon_algebraic:bitz:falcon_bridge:wfbitz_forest:spartan:grinding{bits=14}: bitz::piop::spartan::grinding: close time.busy=21.0µs time.idle=110ns
2026-10-07T19:58:58.785083Z  INFO falcon_algebraic:prove:falcon_algebraic:bitz:falcon_bridge:wfbitz_forest:spartan:grinding{bits=14}: bitz::piop::spartan::grinding: close time.busy=166µs time.idle=120ns
2026-10-07T19:58:58.785129Z  INFO falcon_algebraic:prove:falcon_algebraic:bitz:falcon_bridge:wfbitz_forest:spartan:grinding{bits=14}: bitz::piop::spartan::grinding: close time.busy=11.2µs time.idle=110ns
2026-10-07T19:58:58.785216Z  INFO falcon_algebraic:prove:falcon_algebraic:bitz:falcon_bridge:wfbitz_forest:spartan:grinding{bits=14}: bitz::piop::spartan::grinding: close time.busy=68.9µs time.idle=120ns
2026-10-07T19:58:58.785242Z  INFO falcon_algebraic:prove:falcon_algebraic:bitz:falcon_bridge:wfbitz_forest:spartan:grinding{bits=14}: bitz::piop::spartan::grinding: close time.busy=18.2µs time.idle=110ns
2026-10-07T19:58:58.785367Z  INFO falcon_algebraic:prove:falcon_algebraic:bitz:falcon_bridge:wfbitz_forest:spartan:grinding{bits=14}: bitz::piop::spartan::grinding: close time.busy=110µs time.idle=110ns
2026-10-07T19:58:58.785388Z  INFO falcon_algebraic:prove:falcon_algebraic:bitz:falcon_bridge:wfbitz_forest:spartan:grinding{bits=14}: bitz::piop::spartan::grinding: close time.busy=15.3µs time.idle=111ns
2026-10-07T19:58:58.785407Z  INFO falcon_algebraic:prove:falcon_algebraic:bitz:falcon_bridge:wfbitz_forest:spartan:grinding{bits=14}: bitz::piop::spartan::grinding: close time.busy=14.4µs time.idle=110ns
2026-10-07T19:58:58.785493Z  INFO falcon_algebraic:prove:falcon_algebraic:bitz:falcon_bridge:wfbitz_forest:spartan:grinding{bits=14}: bitz::piop::spartan::grinding: close time.busy=82.9µs time.idle=110ns
2026-10-07T19:58:58.785549Z  INFO falcon_algebraic:prove:falcon_algebraic:bitz:falcon_bridge:wfbitz_forest:spartan:grinding{bits=14}: bitz::piop::spartan::grinding: close time.busy=52.6µs time.idle=111ns
2026-10-07T19:58:58.785590Z  INFO falcon_algebraic:prove:falcon_algebraic:bitz:falcon_bridge:wfbitz_forest:spartan:grinding{bits=14}: bitz::piop::spartan::grinding: close time.busy=38.1µs time.idle=110ns
2026-10-07T19:58:58.785626Z  INFO falcon_algebraic:prove:falcon_algebraic:bitz:falcon_bridge:wfbitz_forest:spartan:grinding{bits=14}: bitz::piop::spartan::grinding: close time.busy=32.3µs time.idle=110ns
2026-10-07T19:58:58.785637Z  INFO falcon_algebraic:prove:falcon_algebraic:bitz:falcon_bridge:wfbitz_forest:spartan:grinding{bits=14}: bitz::piop::spartan::grinding: close time.busy=7.84µs time.idle=111ns
2026-10-07T19:58:58.785668Z  INFO falcon_algebraic:prove:falcon_algebraic:bitz:falcon_bridge:wfbitz_forest:spartan:grinding{bits=14}: bitz::piop::spartan::grinding: close time.busy=27.9µs time.idle=110ns
2026-10-07T19:58:58.785824Z  INFO falcon_algebraic:prove:falcon_algebraic:bitz:falcon_bridge:wfbitz_forest:spartan:grinding{bits=14}: bitz::piop::spartan::grinding: close time.busy=154µs time.idle=110ns
2026-10-07T19:58:58.785848Z  INFO falcon_algebraic:prove:falcon_algebraic:bitz:falcon_bridge:wfbitz_forest:spartan:grinding{bits=14}: bitz::piop::spartan::grinding: close time.busy=21.2µs time.idle=110ns
2026-10-07T19:58:58.785918Z  INFO falcon_algebraic:prove:falcon_algebraic:bitz:falcon_bridge:wfbitz_forest:spartan:grinding{bits=14}: bitz::piop::spartan::grinding: close time.busy=67.0µs time.idle=110ns
2026-10-07T19:58:58.786007Z  INFO falcon_algebraic:prove:falcon_algebraic:bitz:falcon_bridge:wfbitz_forest:spartan:grinding{bits=14}: bitz::piop::spartan::grinding: close time.busy=25.3µs time.idle=110ns
2026-10-07T19:58:58.786078Z  INFO falcon_algebraic:prove:falcon_algebraic:bitz:falcon_bridge:wfbitz_forest:spartan:grinding{bits=14}: bitz::piop::spartan::grinding: close time.busy=4.29µs time.idle=120ns
2026-10-07T19:58:58.786116Z  INFO falcon_algebraic:prove:falcon_algebraic:bitz:falcon_bridge:wfbitz_forest:spartan:grinding{bits=14}: bitz::piop::spartan::grinding: close time.busy=10.4µs time.idle=110ns
2026-10-07T19:58:58.786261Z  INFO falcon_algebraic:prove:falcon_algebraic:bitz:falcon_bridge:wfbitz_forest:spartan:grinding{bits=14}: bitz::piop::spartan::grinding: close time.busy=127µs time.idle=110ns
2026-10-07T19:58:58.786288Z  INFO falcon_algebraic:prove:falcon_algebraic:bitz:falcon_bridge:wfbitz_forest:spartan:grinding{bits=14}: bitz::piop::spartan::grinding: close time.busy=19.4µs time.idle=291ns
2026-10-07T19:58:58.786321Z  INFO falcon_algebraic:prove:falcon_algebraic:bitz:falcon_bridge:wfbitz_forest:spartan:grinding{bits=14}: bitz::piop::spartan::grinding: close time.busy=16.3µs time.idle=110ns
2026-10-07T19:58:58.786347Z  INFO falcon_algebraic:prove:falcon_algebraic:bitz:falcon_bridge:wfbitz_forest:spartan:grinding{bits=14}: bitz::piop::spartan::grinding: close time.busy=20.4µs time.idle=110ns
2026-10-07T19:58:58.786436Z  INFO falcon_algebraic:prove:falcon_algebraic:bitz:falcon_bridge:wfbitz_forest:spartan:grinding{bits=14}: bitz::piop::spartan::grinding: close time.busy=83.9µs time.idle=111ns
2026-10-07T19:58:58.786532Z  INFO falcon_algebraic:prove:falcon_algebraic:bitz:falcon_bridge:wfbitz_forest:spartan:grinding{bits=14}: bitz::piop::spartan::grinding: close time.busy=93.0µs time.idle=111ns
2026-10-07T19:58:58.786613Z  INFO falcon_algebraic:prove:falcon_algebraic:bitz:falcon_bridge:wfbitz_forest:spartan:grinding{bits=14}: bitz::piop::spartan::grinding: close time.busy=76.5µs time.idle=120ns
2026-10-07T19:58:58.786816Z  INFO falcon_algebraic:prove:falcon_algebraic:bitz:falcon_bridge:wfbitz_forest:spartan:grinding{bits=14}: bitz::piop::spartan::grinding: close time.busy=200µs time.idle=110ns
2026-10-07T19:58:58.786865Z  INFO falcon_algebraic:prove:falcon_algebraic:bitz:falcon_bridge:wfbitz_forest:spartan:grinding{bits=14}: bitz::piop::spartan::grinding: close time.busy=46.8µs time.idle=110ns
2026-10-07T19:58:58.786968Z  INFO falcon_algebraic:prove:falcon_algebraic:bitz:falcon_bridge:wfbitz_forest:spartan:grinding{bits=14}: bitz::piop::spartan::grinding: close time.busy=100µs time.idle=120ns
2026-10-07T19:58:58.787027Z  INFO falcon_algebraic:prove:falcon_algebraic:bitz:falcon_bridge:wfbitz_forest:spartan:grinding{bits=14}: bitz::piop::spartan::grinding: close time.busy=56.6µs time.idle=110ns
2026-10-07T19:58:58.787056Z  INFO falcon_algebraic:prove:falcon_algebraic:bitz:falcon_bridge:wfbitz_forest:spartan:grinding{bits=14}: bitz::piop::spartan::grinding: close time.busy=26.7µs time.idle=121ns
2026-10-07T19:58:58.787095Z  INFO falcon_algebraic:prove:falcon_algebraic:bitz:falcon_bridge:wfbitz_forest:spartan:grinding{bits=14}: bitz::piop::spartan::grinding: close time.busy=36.8µs time.idle=110ns
2026-10-07T19:58:58.787129Z  INFO falcon_algebraic:prove:falcon_algebraic:bitz:falcon_bridge:wfbitz_forest:spartan:grinding{bits=14}: bitz::piop::spartan::grinding: close time.busy=30.7µs time.idle=110ns
2026-10-07T19:58:58.787288Z  INFO falcon_algebraic:prove:falcon_algebraic:bitz:falcon_bridge:wfbitz_forest:spartan:grinding{bits=14}: bitz::piop::spartan::grinding: close time.busy=47.8µs time.idle=130ns
2026-10-07T19:58:58.787451Z  INFO falcon_algebraic:prove:falcon_algebraic:bitz:falcon_bridge:wfbitz_forest:spartan:grinding{bits=14}: bitz::piop::spartan::grinding: close time.busy=37.0µs time.idle=120ns
2026-10-07T19:58:58.787638Z  INFO falcon_algebraic:prove:falcon_algebraic:bitz:falcon_bridge:wfbitz_forest:spartan:grinding{bits=14}: bitz::piop::spartan::grinding: close time.busy=137µs time.idle=110ns
2026-10-07T19:58:58.787797Z  INFO falcon_algebraic:prove:falcon_algebraic:bitz:falcon_bridge:wfbitz_forest:spartan:grinding{bits=14}: bitz::piop::spartan::grinding: close time.busy=132µs time.idle=121ns
2026-10-07T19:58:58.787948Z  INFO falcon_algebraic:prove:falcon_algebraic:bitz:falcon_bridge:wfbitz_forest:spartan:grinding{bits=14}: bitz::piop::spartan::grinding: close time.busy=134µs time.idle=110ns
2026-10-07T19:58:58.788074Z  INFO falcon_algebraic:prove:falcon_algebraic:bitz:falcon_bridge:wfbitz_forest:spartan:grinding{bits=14}: bitz::piop::spartan::grinding: close time.busy=118µs time.idle=110ns
2026-10-07T19:58:58.788127Z  INFO falcon_algebraic:prove:falcon_algebraic:bitz:falcon_bridge:wfbitz_forest:spartan:grinding{bits=14}: bitz::piop::spartan::grinding: close time.busy=37.0µs time.idle=110ns
2026-10-07T19:58:58.788191Z  INFO falcon_algebraic:prove:falcon_algebraic:bitz:falcon_bridge:wfbitz_forest:spartan:grinding{bits=14}: bitz::piop::spartan::grinding: close time.busy=58.1µs time.idle=110ns
2026-10-07T19:58:58.788213Z  INFO falcon_algebraic:prove:falcon_algebraic:bitz:falcon_bridge:wfbitz_forest:spartan:grinding{bits=14}: bitz::piop::spartan::grinding: close time.busy=17.9µs time.idle=110ns
2026-10-07T19:58:58.788280Z  INFO falcon_algebraic:prove:falcon_algebraic:bitz:falcon_bridge:wfbitz_forest:spartan:grinding{bits=14}: bitz::piop::spartan::grinding: close time.busy=64.1µs time.idle=110ns
2026-10-07T19:58:58.788291Z  INFO falcon_algebraic:prove:falcon_algebraic:bitz:falcon_bridge:wfbitz_forest:spartan:grinding{bits=14}: bitz::piop::spartan::grinding: close time.busy=7.79µs time.idle=110ns
2026-10-07T19:58:58.788319Z  INFO falcon_algebraic:prove:falcon_algebraic:bitz:falcon_bridge:wfbitz_forest:spartan:grinding{bits=14}: bitz::piop::spartan::grinding: close time.busy=24.8µs time.idle=111ns
2026-10-07T19:58:58.788385Z  INFO falcon_algebraic:prove:falcon_algebraic:bitz:falcon_bridge:wfbitz_forest:spartan:grinding{bits=14}: bitz::piop::spartan::grinding: close time.busy=64.0µs time.idle=110ns
2026-10-07T19:58:58.788405Z  INFO falcon_algebraic:prove:falcon_algebraic:bitz:falcon_bridge:wfbitz_forest:spartan:grinding{bits=14}: bitz::piop::spartan::grinding: close time.busy=16.6µs time.idle=111ns
2026-10-07T19:58:58.788430Z  INFO falcon_algebraic:prove:falcon_algebraic:bitz:falcon_bridge:wfbitz_forest:spartan:grinding{bits=14}: bitz::piop::spartan::grinding: close time.busy=23.2µs time.idle=110ns
2026-10-07T19:58:58.788572Z  INFO falcon_algebraic:prove:falcon_algebraic:bitz:falcon_bridge:wfbitz_forest:spartan:grinding{bits=14}: bitz::piop::spartan::grinding: close time.busy=139µs time.idle=110ns
2026-10-07T19:58:58.788592Z  INFO falcon_algebraic:prove:falcon_algebraic:bitz:falcon_bridge:wfbitz_forest:spartan:grinding{bits=14}: bitz::piop::spartan::grinding: close time.busy=17.0µs time.idle=110ns
2026-10-07T19:58:58.788642Z  INFO falcon_algebraic:prove:falcon_algebraic:bitz:falcon_bridge:wfbitz_forest:spartan:grinding{bits=14}: bitz::piop::spartan::grinding: close time.busy=47.1µs time.idle=120ns
2026-10-07T19:58:58.788879Z  INFO falcon_algebraic:prove:falcon_algebraic:bitz:falcon_bridge:wfbitz_forest:spartan:grinding{bits=14}: bitz::piop::spartan::grinding: close time.busy=23.4µs time.idle=130ns
2026-10-07T19:58:58.789200Z  INFO falcon_algebraic:prove:falcon_algebraic:bitz:falcon_bridge:wfbitz_forest:spartan:grinding{bits=14}: bitz::piop::spartan::grinding: close time.busy=65.1µs time.idle=111ns
2026-10-07T19:58:58.789399Z  INFO falcon_algebraic:prove:falcon_algebraic:bitz:falcon_bridge:wfbitz_forest:spartan:grinding{bits=14}: bitz::piop::spartan::grinding: close time.busy=102µs time.idle=121ns
2026-10-07T19:58:58.789473Z  INFO falcon_algebraic:prove:falcon_algebraic:bitz:falcon_bridge:wfbitz_forest:spartan:grinding{bits=14}: bitz::piop::spartan::grinding: close time.busy=24.5µs time.idle=110ns
2026-10-07T19:58:58.789547Z  INFO falcon_algebraic:prove:falcon_algebraic:bitz:falcon_bridge:wfbitz_forest:spartan:grinding{bits=14}: bitz::piop::spartan::grinding: close time.busy=45.2µs time.idle=120ns
2026-10-07T19:58:58.789658Z  INFO falcon_algebraic:prove:falcon_algebraic:bitz:falcon_bridge:wfbitz_forest:spartan:grinding{bits=14}: bitz::piop::spartan::grinding: close time.busy=93.8µs time.idle=110ns
2026-10-07T19:58:58.789684Z  INFO falcon_algebraic:prove:falcon_algebraic:bitz:falcon_bridge:wfbitz_forest:spartan:grinding{bits=14}: bitz::piop::spartan::grinding: close time.busy=18.5µs time.idle=111ns
2026-10-07T19:58:58.789722Z  INFO falcon_algebraic:prove:falcon_algebraic:bitz:falcon_bridge:wfbitz_forest:spartan:grinding{bits=14}: bitz::piop::spartan::grinding: close time.busy=22.2µs time.idle=110ns
2026-10-07T19:58:58.789775Z  INFO falcon_algebraic:prove:falcon_algebraic:bitz:falcon_bridge:wfbitz_forest:spartan:grinding{bits=14}: bitz::piop::spartan::grinding: close time.busy=48.0µs time.idle=121ns
2026-10-07T19:58:58.789822Z  INFO falcon_algebraic:prove:falcon_algebraic:bitz:falcon_bridge:wfbitz_forest:spartan:grinding{bits=14}: bitz::piop::spartan::grinding: close time.busy=42.5µs time.idle=110ns
2026-10-07T19:58:58.789928Z  INFO falcon_algebraic:prove:falcon_algebraic:bitz:falcon_bridge:wfbitz_forest:spartan:grinding{bits=14}: bitz::piop::spartan::grinding: close time.busy=103µs time.idle=120ns
2026-10-07T19:58:58.789996Z  INFO falcon_algebraic:prove:falcon_algebraic:bitz:falcon_bridge:wfbitz_forest:spartan:grinding{bits=14}: bitz::piop::spartan::grinding: close time.busy=64.5µs time.idle=110ns
2026-10-07T19:58:58.790022Z  INFO falcon_algebraic:prove:falcon_algebraic:bitz:falcon_bridge:wfbitz_forest:spartan:grinding{bits=14}: bitz::piop::spartan::grinding: close time.busy=23.8µs time.idle=110ns
2026-10-07T19:58:58.790231Z  INFO falcon_algebraic:prove:falcon_algebraic:bitz:falcon_bridge:wfbitz_forest:spartan:grinding{bits=14}: bitz::piop::spartan::grinding: close time.busy=206µs time.idle=110ns
2026-10-07T19:58:58.790256Z  INFO falcon_algebraic:prove:falcon_algebraic:bitz:falcon_bridge:wfbitz_forest:spartan:grinding{bits=14}: bitz::piop::spartan::grinding: close time.busy=22.8µs time.idle=110ns
2026-10-07T19:58:58.790265Z  INFO falcon_algebraic:prove:falcon_algebraic:bitz:falcon_bridge:wfbitz_forest:spartan:grinding{bits=14}: bitz::piop::spartan::grinding: close time.busy=6.20µs time.idle=110ns
2026-10-07T19:58:58.790338Z  INFO falcon_algebraic:prove:falcon_algebraic:bitz:falcon_bridge:wfbitz_forest:spartan:grinding{bits=14}: bitz::piop::spartan::grinding: close time.busy=70.3µs time.idle=120ns
2026-10-07T19:58:58.790371Z  INFO falcon_algebraic:prove:falcon_algebraic:bitz:falcon_bridge:wfbitz_forest:spartan:grinding{bits=14}: bitz::piop::spartan::grinding: close time.busy=29.9µs time.idle=110ns
2026-10-07T19:58:58.790486Z  INFO falcon_algebraic:prove:falcon_algebraic:bitz:falcon_bridge:wfbitz_forest:spartan:grinding{bits=14}: bitz::piop::spartan::grinding: close time.busy=112µs time.idle=111ns
2026-10-07T19:58:58.790935Z  INFO falcon_algebraic:prove:falcon_algebraic:bitz:falcon_bridge:wfbitz_forest:spartan:grinding{bits=14}: bitz::piop::spartan::grinding: close time.busy=31.3µs time.idle=120ns
2026-10-07T19:58:58.791553Z  INFO falcon_algebraic:prove:falcon_algebraic:bitz:falcon_bridge:wfbitz_forest:spartan:grinding{bits=14}: bitz::piop::spartan::grinding: close time.busy=142µs time.idle=130ns
2026-10-07T19:58:58.791906Z  INFO falcon_algebraic:prove:falcon_algebraic:bitz:falcon_bridge:wfbitz_forest:spartan:grinding{bits=14}: bitz::piop::spartan::grinding: close time.busy=170µs time.idle=130ns
2026-10-07T19:58:58.792073Z  INFO falcon_algebraic:prove:falcon_algebraic:bitz:falcon_bridge:wfbitz_forest:spartan:grinding{bits=14}: bitz::piop::spartan::grinding: close time.busy=71.5µs time.idle=110ns
2026-10-07T19:58:58.792183Z  INFO falcon_algebraic:prove:falcon_algebraic:bitz:falcon_bridge:wfbitz_forest:spartan:grinding{bits=14}: bitz::piop::spartan::grinding: close time.busy=58.8µs time.idle=191ns
2026-10-07T19:58:58.792250Z  INFO falcon_algebraic:prove:falcon_algebraic:bitz:falcon_bridge:wfbitz_forest:spartan:grinding{bits=14}: bitz::piop::spartan::grinding: close time.busy=37.3µs time.idle=110ns
2026-10-07T19:58:58.792333Z  INFO falcon_algebraic:prove:falcon_algebraic:bitz:falcon_bridge:wfbitz_forest:spartan:grinding{bits=14}: bitz::piop::spartan::grinding: close time.busy=66.3µs time.idle=120ns
2026-10-07T19:58:58.792400Z  INFO falcon_algebraic:prove:falcon_algebraic:bitz:falcon_bridge:wfbitz_forest:spartan:grinding{bits=14}: bitz::piop::spartan::grinding: close time.busy=58.9µs time.idle=110ns
2026-10-07T19:58:58.792575Z  INFO falcon_algebraic:prove:falcon_algebraic:bitz:falcon_bridge:wfbitz_forest:spartan:grinding{bits=14}: bitz::piop::spartan::grinding: close time.busy=160µs time.idle=120ns
2026-10-07T19:58:58.792643Z  INFO falcon_algebraic:prove:falcon_algebraic:bitz:falcon_bridge:wfbitz_forest:spartan:grinding{bits=14}: bitz::piop::spartan::grinding: close time.busy=61.8µs time.idle=121ns
2026-10-07T19:58:58.792668Z  INFO falcon_algebraic:prove:falcon_algebraic:bitz:falcon_bridge:wfbitz_forest:spartan:grinding{bits=14}: bitz::piop::spartan::grinding: close time.busy=21.2µs time.idle=120ns
2026-10-07T19:58:58.792706Z  INFO falcon_algebraic:prove:falcon_algebraic:bitz:falcon_bridge:wfbitz_forest:spartan:grinding{bits=14}: bitz::piop::spartan::grinding: close time.busy=33.4µs time.idle=110ns
2026-10-07T19:58:58.792752Z  INFO falcon_algebraic:prove:falcon_algebraic:bitz:falcon_bridge:wfbitz_forest:spartan:grinding{bits=14}: bitz::piop::spartan::grinding: close time.busy=43.4µs time.idle=110ns
2026-10-07T19:58:58.792813Z  INFO falcon_algebraic:prove:falcon_algebraic:bitz:falcon_bridge:wfbitz_forest:spartan:grinding{bits=14}: bitz::piop::spartan::grinding: close time.busy=57.5µs time.idle=110ns
2026-10-07T19:58:58.792917Z  INFO falcon_algebraic:prove:falcon_algebraic:bitz:falcon_bridge:wfbitz_forest:spartan:grinding{bits=14}: bitz::piop::spartan::grinding: close time.busy=102µs time.idle=110ns
2026-10-07T19:58:58.792951Z  INFO falcon_algebraic:prove:falcon_algebraic:bitz:falcon_bridge:wfbitz_forest:spartan:grinding{bits=14}: bitz::piop::spartan::grinding: close time.busy=31.8µs time.idle=110ns
2026-10-07T19:58:58.792990Z  INFO falcon_algebraic:prove:falcon_algebraic:bitz:falcon_bridge:wfbitz_forest:spartan:grinding{bits=14}: bitz::piop::spartan::grinding: close time.busy=35.9µs time.idle=120ns
2026-10-07T19:58:58.793033Z  INFO falcon_algebraic:prove:falcon_algebraic:bitz:falcon_bridge:wfbitz_forest:spartan:grinding{bits=14}: bitz::piop::spartan::grinding: close time.busy=40.6µs time.idle=110ns
2026-10-07T19:58:58.793120Z  INFO falcon_algebraic:prove:falcon_algebraic:bitz:falcon_bridge:wfbitz_forest:spartan:grinding{bits=14}: bitz::piop::spartan::grinding: close time.busy=83.7µs time.idle=120ns
2026-10-07T19:58:58.793152Z  INFO falcon_algebraic:prove:falcon_algebraic:bitz:falcon_bridge:wfbitz_forest:spartan:grinding{bits=14}: bitz::piop::spartan::grinding: close time.busy=29.0µs time.idle=110ns
2026-10-07T19:58:58.795840Z  INFO falcon_algebraic:prove:falcon_algebraic:bitz:falcon_bridge:wfbitz_forest:spartan:grinding{bits=14}: bitz::piop::spartan::grinding: close time.busy=45.1µs time.idle=110ns
2026-10-07T19:58:58.796899Z  INFO falcon_algebraic:prove:falcon_algebraic:bitz:falcon_bridge:wfbitz_forest:spartan:grinding{bits=14}: bitz::piop::spartan::grinding: close time.busy=107µs time.idle=140ns
2026-10-07T19:58:58.797298Z  INFO falcon_algebraic:prove:falcon_algebraic:bitz:falcon_bridge:wfbitz_forest:spartan:grinding{bits=14}: bitz::piop::spartan::grinding: close time.busy=33.9µs time.idle=120ns
2026-10-07T19:58:58.797557Z  INFO falcon_algebraic:prove:falcon_algebraic:bitz:falcon_bridge:wfbitz_forest:spartan:grinding{bits=14}: bitz::piop::spartan::grinding: close time.busy=72.8µs time.idle=121ns
2026-10-07T19:58:58.797669Z  INFO falcon_algebraic:prove:falcon_algebraic:bitz:falcon_bridge:wfbitz_forest:spartan:grinding{bits=14}: bitz::piop::spartan::grinding: close time.busy=14.0µs time.idle=110ns
2026-10-07T19:58:58.797760Z  INFO falcon_algebraic:prove:falcon_algebraic:bitz:falcon_bridge:wfbitz_forest:spartan:grinding{bits=14}: bitz::piop::spartan::grinding: close time.busy=39.0µs time.idle=110ns
2026-10-07T19:58:58.797877Z  INFO falcon_algebraic:prove:falcon_algebraic:bitz:falcon_bridge:wfbitz_forest:spartan:grinding{bits=14}: bitz::piop::spartan::grinding: close time.busy=87.7µs time.idle=120ns
2026-10-07T19:58:58.797980Z  INFO falcon_algebraic:prove:falcon_algebraic:bitz:falcon_bridge:wfbitz_forest:spartan:grinding{bits=14}: bitz::piop::spartan::grinding: close time.busy=86.1µs time.idle=110ns
2026-10-07T19:58:58.798043Z  INFO falcon_algebraic:prove:falcon_algebraic:bitz:falcon_bridge:wfbitz_forest:spartan:grinding{bits=14}: bitz::piop::spartan::grinding: close time.busy=55.7µs time.idle=111ns
2026-10-07T19:58:58.798066Z  INFO falcon_algebraic:prove:falcon_algebraic:bitz:falcon_bridge:wfbitz_forest:spartan:grinding{bits=14}: bitz::piop::spartan::grinding: close time.busy=5.13µs time.idle=110ns
2026-10-07T19:58:58.798247Z  INFO falcon_algebraic:prove:falcon_algebraic:bitz:falcon_bridge:wfbitz_forest:spartan:grinding{bits=14}: bitz::piop::spartan::grinding: close time.busy=176µs time.idle=110ns
2026-10-07T19:58:58.798280Z  INFO falcon_algebraic:prove:falcon_algebraic:bitz:falcon_bridge:wfbitz_forest:spartan:grinding{bits=14}: bitz::piop::spartan::grinding: close time.busy=28.7µs time.idle=110ns
2026-10-07T19:58:58.798420Z  INFO falcon_algebraic:prove:falcon_algebraic:bitz:falcon_bridge:wfbitz_forest:spartan:grinding{bits=14}: bitz::piop::spartan::grinding: close time.busy=136µs time.idle=110ns
2026-10-07T19:58:58.798471Z  INFO falcon_algebraic:prove:falcon_algebraic:bitz:falcon_bridge:wfbitz_forest:spartan:grinding{bits=14}: bitz::piop::spartan::grinding: close time.busy=48.4µs time.idle=110ns
2026-10-07T19:58:58.798529Z  INFO falcon_algebraic:prove:falcon_algebraic:bitz:falcon_bridge:wfbitz_forest:spartan:grinding{bits=14}: bitz::piop::spartan::grinding: close time.busy=54.1µs time.idle=111ns
2026-10-07T19:58:58.798581Z  INFO falcon_algebraic:prove:falcon_algebraic:bitz:falcon_bridge:wfbitz_forest:spartan:grinding{bits=14}: bitz::piop::spartan::grinding: close time.busy=49.0µs time.idle=110ns
2026-10-07T19:58:58.798605Z  INFO falcon_algebraic:prove:falcon_algebraic:bitz:falcon_bridge:wfbitz_forest:spartan:grinding{bits=14}: bitz::piop::spartan::grinding: close time.busy=21.6µs time.idle=110ns
2026-10-07T19:58:58.798698Z  INFO falcon_algebraic:prove:falcon_algebraic:bitz:falcon_bridge:wfbitz_forest:spartan:grinding{bits=14}: bitz::piop::spartan::grinding: close time.busy=89.9µs time.idle=110ns
2026-10-07T19:58:58.798818Z  INFO falcon_algebraic:prove:falcon_algebraic:bitz:falcon_bridge:wfbitz_forest:spartan:grinding{bits=14}: bitz::piop::spartan::grinding: close time.busy=117µs time.idle=120ns
2026-10-07T19:58:58.798861Z  INFO falcon_algebraic:prove:falcon_algebraic:bitz:falcon_bridge:wfbitz_forest:spartan:grinding{bits=14}: bitz::piop::spartan::grinding: close time.busy=40.4µs time.idle=111ns
2026-10-07T19:58:58.798884Z  INFO falcon_algebraic:prove:falcon_algebraic:bitz:falcon_bridge:wfbitz_forest:spartan:grinding{bits=14}: bitz::piop::spartan::grinding: close time.busy=20.5µs time.idle=120ns
2026-10-07T19:58:58.800921Z  INFO falcon_algebraic:prove:falcon_algebraic:bitz:falcon_bridge:wfbitz_forest:spartan:grinding{bits=14}: bitz::piop::spartan::grinding: close time.busy=67.9µs time.idle=131ns
2026-10-07T19:58:58.802830Z  INFO falcon_algebraic:prove:falcon_algebraic:bitz:falcon_bridge:wfbitz_forest:spartan:grinding{bits=14}: bitz::piop::spartan::grinding: close time.busy=93.0µs time.idle=130ns
2026-10-07T19:58:58.803570Z  INFO falcon_algebraic:prove:falcon_algebraic:bitz:falcon_bridge:wfbitz_forest:spartan:grinding{bits=14}: bitz::piop::spartan::grinding: close time.busy=32.1µs time.idle=140ns
2026-10-07T19:58:58.803954Z  INFO falcon_algebraic:prove:falcon_algebraic:bitz:falcon_bridge:wfbitz_forest:spartan:grinding{bits=14}: bitz::piop::spartan::grinding: close time.busy=28.0µs time.idle=121ns
2026-10-07T19:58:58.804184Z  INFO falcon_algebraic:prove:falcon_algebraic:bitz:falcon_bridge:wfbitz_forest:spartan:grinding{bits=14}: bitz::piop::spartan::grinding: close time.busy=46.3µs time.idle=110ns
2026-10-07T19:58:58.804302Z  INFO falcon_algebraic:prove:falcon_algebraic:bitz:falcon_bridge:wfbitz_forest:spartan:grinding{bits=14}: bitz::piop::spartan::grinding: close time.busy=20.8µs time.idle=110ns
2026-10-07T19:58:58.804366Z  INFO falcon_algebraic:prove:falcon_algebraic:bitz:falcon_bridge:wfbitz_forest:spartan:grinding{bits=14}: bitz::piop::spartan::grinding: close time.busy=11.7µs time.idle=120ns
2026-10-07T19:58:58.804399Z  INFO falcon_algebraic:prove:falcon_algebraic:bitz:falcon_bridge:wfbitz_forest:spartan:grinding{bits=14}: bitz::piop::spartan::grinding: close time.busy=4.95µs time.idle=111ns
2026-10-07T19:58:58.804507Z  INFO falcon_algebraic:prove:falcon_algebraic:bitz:falcon_bridge:wfbitz_forest:spartan:grinding{bits=14}: bitz::piop::spartan::grinding: close time.busy=91.6µs time.idle=110ns
2026-10-07T19:58:58.804539Z  INFO falcon_algebraic:prove:falcon_algebraic:bitz:falcon_bridge:wfbitz_forest:spartan:grinding{bits=14}: bitz::piop::spartan::grinding: close time.busy=23.4µs time.idle=110ns
2026-10-07T19:58:58.804588Z  INFO falcon_algebraic:prove:falcon_algebraic:bitz:falcon_bridge:wfbitz_forest:spartan:grinding{bits=14}: bitz::piop::spartan::grinding: close time.busy=33.1µs time.idle=110ns
2026-10-07T19:58:58.804606Z  INFO falcon_algebraic:prove:falcon_algebraic:bitz:falcon_bridge:wfbitz_forest:spartan:grinding{bits=14}: bitz::piop::spartan::grinding: close time.busy=12.1µs time.idle=110ns
2026-10-07T19:58:58.804623Z  INFO falcon_algebraic:prove:falcon_algebraic:bitz:falcon_bridge:wfbitz_forest:spartan:grinding{bits=14}: bitz::piop::spartan::grinding: close time.busy=12.7µs time.idle=110ns
2026-10-07T19:58:58.804761Z  INFO falcon_algebraic:prove:falcon_algebraic:bitz:falcon_bridge:wfbitz_forest:spartan:grinding{bits=14}: bitz::piop::spartan::grinding: close time.busy=134µs time.idle=120ns
2026-10-07T19:58:58.804859Z  INFO falcon_algebraic:prove:falcon_algebraic:bitz:falcon_bridge:wfbitz_forest:spartan:grinding{bits=14}: bitz::piop::spartan::grinding: close time.busy=94.3µs time.idle=110ns
2026-10-07T19:58:58.804920Z  INFO falcon_algebraic:prove:falcon_algebraic:bitz:falcon_bridge:wfbitz_forest:spartan:grinding{bits=14}: bitz::piop::spartan::grinding: close time.busy=57.9µs time.idle=121ns
2026-10-07T19:58:58.805014Z  INFO falcon_algebraic:prove:falcon_algebraic:bitz:falcon_bridge:wfbitz_forest:spartan:grinding{bits=14}: bitz::piop::spartan::grinding: close time.busy=91.1µs time.idle=110ns
2026-10-07T19:58:58.805061Z  INFO falcon_algebraic:prove:falcon_algebraic:bitz:falcon_bridge:wfbitz_forest:spartan:grinding{bits=14}: bitz::piop::spartan::grinding: close time.busy=43.7µs time.idle=110ns
2026-10-07T19:58:58.805093Z  INFO falcon_algebraic:prove:falcon_algebraic:bitz:falcon_bridge:wfbitz_forest:spartan:grinding{bits=14}: bitz::piop::spartan::grinding: close time.busy=29.3µs time.idle=111ns
2026-10-07T19:58:58.805221Z  INFO falcon_algebraic:prove:falcon_algebraic:bitz:falcon_bridge:wfbitz_forest:spartan:grinding{bits=14}: bitz::piop::spartan::grinding: close time.busy=125µs time.idle=110ns
2026-10-07T19:58:58.805302Z  INFO falcon_algebraic:prove:falcon_algebraic:bitz:falcon_bridge:wfbitz_forest:spartan:grinding{bits=14}: bitz::piop::spartan::grinding: close time.busy=77.9µs time.idle=111ns
2026-10-07T19:58:58.805333Z  INFO falcon_algebraic:prove:falcon_algebraic:bitz:falcon_bridge:wfbitz_forest:spartan:grinding{bits=14}: bitz::piop::spartan::grinding: close time.busy=27.5µs time.idle=130ns
2026-10-07T19:58:58.808485Z  INFO falcon_algebraic:prove:falcon_algebraic:bitz:falcon_bridge:wfbitz_forest:spartan:grinding{bits=14}: bitz::piop::spartan::grinding: close time.busy=29.2µs time.idle=120ns
2026-10-07T19:58:58.810906Z  INFO falcon_algebraic:prove:falcon_algebraic:bitz:falcon_bridge:wfbitz_forest:spartan:grinding{bits=14}: bitz::piop::spartan::grinding: close time.busy=16.6µs time.idle=110ns
2026-10-07T19:58:58.812798Z  INFO falcon_algebraic:prove:falcon_algebraic:bitz:falcon_bridge:wfbitz_forest:spartan:grinding{bits=14}: bitz::piop::spartan::grinding: close time.busy=90.0µs time.idle=140ns
2026-10-07T19:58:58.813514Z  INFO falcon_algebraic:prove:falcon_algebraic:bitz:falcon_bridge:wfbitz_forest:spartan:grinding{bits=14}: bitz::piop::spartan::grinding: close time.busy=40.2µs time.idle=120ns
2026-10-07T19:58:58.813931Z  INFO falcon_algebraic:prove:falcon_algebraic:bitz:falcon_bridge:wfbitz_forest:spartan:grinding{bits=14}: bitz::piop::spartan::grinding: close time.busy=75.8µs time.idle=140ns
2026-10-07T19:58:58.814114Z  INFO falcon_algebraic:prove:falcon_algebraic:bitz:falcon_bridge:wfbitz_forest:spartan:grinding{bits=14}: bitz::piop::spartan::grinding: close time.busy=5.72µs time.idle=120ns
2026-10-07T19:58:58.814229Z  INFO falcon_algebraic:prove:falcon_algebraic:bitz:falcon_bridge:wfbitz_forest:spartan:grinding{bits=14}: bitz::piop::spartan::grinding: close time.busy=22.0µs time.idle=120ns
2026-10-07T19:58:58.814312Z  INFO falcon_algebraic:prove:falcon_algebraic:bitz:falcon_bridge:wfbitz_forest:spartan:grinding{bits=14}: bitz::piop::spartan::grinding: close time.busy=32.2µs time.idle=120ns
2026-10-07T19:58:58.814344Z  INFO falcon_algebraic:prove:falcon_algebraic:bitz:falcon_bridge:wfbitz_forest:spartan:grinding{bits=14}: bitz::piop::spartan::grinding: close time.busy=4.41µs time.idle=110ns
2026-10-07T19:58:58.814382Z  INFO falcon_algebraic:prove:falcon_algebraic:bitz:falcon_bridge:wfbitz_forest:spartan:grinding{bits=14}: bitz::piop::spartan::grinding: close time.busy=20.0µs time.idle=110ns
2026-10-07T19:58:58.814417Z  INFO falcon_algebraic:prove:falcon_algebraic:bitz:falcon_bridge:wfbitz_forest:spartan:grinding{bits=14}: bitz::piop::spartan::grinding: close time.busy=27.3µs time.idle=110ns
2026-10-07T19:58:58.814482Z  INFO falcon_algebraic:prove:falcon_algebraic:bitz:falcon_bridge:wfbitz_forest:spartan:grinding{bits=14}: bitz::piop::spartan::grinding: close time.busy=49.3µs time.idle=110ns
2026-10-07T19:58:58.814602Z  INFO falcon_algebraic:prove:falcon_algebraic:bitz:falcon_bridge:wfbitz_forest:spartan:grinding{bits=14}: bitz::piop::spartan::grinding: close time.busy=114µs time.idle=120ns
2026-10-07T19:58:58.814634Z  INFO falcon_algebraic:prove:falcon_algebraic:bitz:falcon_bridge:wfbitz_forest:spartan:grinding{bits=14}: bitz::piop::spartan::grinding: close time.busy=27.6µs time.idle=120ns
2026-10-07T19:58:58.814700Z  INFO falcon_algebraic:prove:falcon_algebraic:bitz:falcon_bridge:wfbitz_forest:spartan:grinding{bits=14}: bitz::piop::spartan::grinding: close time.busy=62.6µs time.idle=120ns
2026-10-07T19:58:58.814823Z  INFO falcon_algebraic:prove:falcon_algebraic:bitz:falcon_bridge:wfbitz_forest:spartan:grinding{bits=14}: bitz::piop::spartan::grinding: close time.busy=120µs time.idle=121ns
2026-10-07T19:58:58.814856Z  INFO falcon_algebraic:prove:falcon_algebraic:bitz:falcon_bridge:wfbitz_forest:spartan:grinding{bits=14}: bitz::piop::spartan::grinding: close time.busy=30.1µs time.idle=110ns
2026-10-07T19:58:58.814882Z  INFO falcon_algebraic:prove:falcon_algebraic:bitz:falcon_bridge:wfbitz_forest:spartan:grinding{bits=14}: bitz::piop::spartan::grinding: close time.busy=24.0µs time.idle=110ns
2026-10-07T19:58:58.815105Z  INFO falcon_algebraic:prove:falcon_algebraic:bitz:falcon_bridge:wfbitz_forest:spartan:grinding{bits=14}: bitz::piop::spartan::grinding: close time.busy=219µs time.idle=110ns
2026-10-07T19:58:58.815157Z  INFO falcon_algebraic:prove:falcon_algebraic:bitz:falcon_bridge:wfbitz_forest:spartan:grinding{bits=14}: bitz::piop::spartan::grinding: close time.busy=49.1µs time.idle=110ns
2026-10-07T19:58:58.815256Z  INFO falcon_algebraic:prove:falcon_algebraic:bitz:falcon_bridge:wfbitz_forest:spartan:grinding{bits=14}: bitz::piop::spartan::grinding: close time.busy=95.7µs time.idle=110ns
2026-10-07T19:58:58.815285Z  INFO falcon_algebraic:prove:falcon_algebraic:bitz:falcon_bridge:wfbitz_forest:spartan:grinding{bits=14}: bitz::piop::spartan::grinding: close time.busy=26.2µs time.idle=120ns
2026-10-07T19:58:58.815433Z  INFO falcon_algebraic:prove:falcon_algebraic:bitz:falcon_bridge:wfbitz_forest:spartan:grinding{bits=14}: bitz::piop::spartan::grinding: close time.busy=145µs time.idle=110ns
2026-10-07T19:58:58.818871Z  INFO falcon_algebraic:prove:falcon_algebraic:bitz:falcon_bridge:wfbitz_forest:spartan:grinding{bits=14}: bitz::piop::spartan::grinding: close time.busy=78.7µs time.idle=120ns
2026-10-07T19:58:58.818894Z  INFO falcon_algebraic:prove:falcon_algebraic:bitz:falcon_bridge:wfbitz_forest:spartan:grinding{bits=14}: bitz::piop::spartan::grinding: close time.busy=19.7µs time.idle=121ns
2026-10-07T19:58:58.821345Z  INFO falcon_algebraic:prove:falcon_algebraic:bitz:falcon_bridge:wfbitz_forest:spartan:grinding{bits=14}: bitz::piop::spartan::grinding: close time.busy=65.5µs time.idle=120ns
2026-10-07T19:58:58.823181Z  INFO falcon_algebraic:prove:falcon_algebraic:bitz:falcon_bridge:wfbitz_forest:spartan:grinding{bits=14}: bitz::piop::spartan::grinding: close time.busy=27.9µs time.idle=130ns
2026-10-07T19:58:58.823941Z  INFO falcon_algebraic:prove:falcon_algebraic:bitz:falcon_bridge:wfbitz_forest:spartan:grinding{bits=14}: bitz::piop::spartan::grinding: close time.busy=86.1µs time.idle=141ns
2026-10-07T19:58:58.824421Z  INFO falcon_algebraic:prove:falcon_algebraic:bitz:falcon_bridge:wfbitz_forest:spartan:grinding{bits=14}: bitz::piop::spartan::grinding: close time.busy=105µs time.idle=140ns
2026-10-07T19:58:58.824641Z  INFO falcon_algebraic:prove:falcon_algebraic:bitz:falcon_bridge:wfbitz_forest:spartan:grinding{bits=14}: bitz::piop::spartan::grinding: close time.busy=44.2µs time.idle=152ns
2026-10-07T19:58:58.824769Z  INFO falcon_algebraic:prove:falcon_algebraic:bitz:falcon_bridge:wfbitz_forest:spartan:grinding{bits=14}: bitz::piop::spartan::grinding: close time.busy=35.5µs time.idle=120ns
2026-10-07T19:58:58.824824Z  INFO falcon_algebraic:prove:falcon_algebraic:bitz:falcon_bridge:wfbitz_forest:spartan:grinding{bits=14}: bitz::piop::spartan::grinding: close time.busy=4.97µs time.idle=120ns
2026-10-07T19:58:58.824965Z  INFO falcon_algebraic:prove:falcon_algebraic:bitz:falcon_bridge:wfbitz_forest:spartan:grinding{bits=14}: bitz::piop::spartan::grinding: close time.busy=112µs time.idle=110ns
2026-10-07T19:58:58.825052Z  INFO falcon_algebraic:prove:falcon_algebraic:bitz:falcon_bridge:wfbitz_forest:spartan:grinding{bits=14}: bitz::piop::spartan::grinding: close time.busy=69.4µs time.idle=110ns
2026-10-07T19:58:58.825139Z  INFO falcon_algebraic:prove:falcon_algebraic:bitz:falcon_bridge:wfbitz_forest:spartan:grinding{bits=14}: bitz::piop::spartan::grinding: close time.busy=78.7µs time.idle=110ns
2026-10-07T19:58:58.825195Z  INFO falcon_algebraic:prove:falcon_algebraic:bitz:falcon_bridge:wfbitz_forest:spartan:grinding{bits=14}: bitz::piop::spartan::grinding: close time.busy=39.9µs time.idle=120ns
2026-10-07T19:58:58.825212Z  INFO falcon_algebraic:prove:falcon_algebraic:bitz:falcon_bridge:wfbitz_forest:spartan:grinding{bits=14}: bitz::piop::spartan::grinding: close time.busy=11.2µs time.idle=111ns
2026-10-07T19:58:58.825259Z  INFO falcon_algebraic:prove:falcon_algebraic:bitz:falcon_bridge:wfbitz_forest:spartan:grinding{bits=14}: bitz::piop::spartan::grinding: close time.busy=43.6µs time.idle=120ns
2026-10-07T19:58:58.825311Z  INFO falcon_algebraic:prove:falcon_algebraic:bitz:falcon_bridge:wfbitz_forest:spartan:grinding{bits=14}: bitz::piop::spartan::grinding: close time.busy=48.0µs time.idle=110ns
2026-10-07T19:58:58.825429Z  INFO falcon_algebraic:prove:falcon_algebraic:bitz:falcon_bridge:wfbitz_forest:spartan:grinding{bits=14}: bitz::piop::spartan::grinding: close time.busy=115µs time.idle=111ns
2026-10-07T19:58:58.825453Z  INFO falcon_algebraic:prove:falcon_algebraic:bitz:falcon_bridge:wfbitz_forest:spartan:grinding{bits=14}: bitz::piop::spartan::grinding: close time.busy=20.7µs time.idle=120ns
2026-10-07T19:58:58.825489Z  INFO falcon_algebraic:prove:falcon_algebraic:bitz:falcon_bridge:wfbitz_forest:spartan:grinding{bits=14}: bitz::piop::spartan::grinding: close time.busy=32.6µs time.idle=110ns
2026-10-07T19:58:58.825537Z  INFO falcon_algebraic:prove:falcon_algebraic:bitz:falcon_bridge:wfbitz_forest:spartan:grinding{bits=14}: bitz::piop::spartan::grinding: close time.busy=45.6µs time.idle=120ns
2026-10-07T19:58:58.825629Z  INFO falcon_algebraic:prove:falcon_algebraic:bitz:falcon_bridge:wfbitz_forest:spartan:grinding{bits=14}: bitz::piop::spartan::grinding: close time.busy=89.1µs time.idle=110ns
2026-10-07T19:58:58.825654Z  INFO falcon_algebraic:prove:falcon_algebraic:bitz:falcon_bridge:wfbitz_forest:spartan:grinding{bits=14}: bitz::piop::spartan::grinding: close time.busy=22.2µs time.idle=111ns
2026-10-07T19:58:58.825718Z  INFO falcon_algebraic:prove:falcon_algebraic:bitz:falcon_bridge:wfbitz_forest:spartan:grinding{bits=14}: bitz::piop::spartan::grinding: close time.busy=61.2µs time.idle=110ns
2026-10-07T19:58:58.825725Z  INFO falcon_algebraic:prove:falcon_algebraic:bitz:falcon_bridge:wfbitz_forest:spartan:grinding{bits=14}: bitz::piop::spartan::grinding: close time.busy=4.77µs time.idle=110ns
2026-10-07T19:58:58.828667Z  INFO falcon_algebraic:prove:falcon_algebraic:bitz:falcon_bridge:wfbitz_forest:spartan:grinding{bits=14}: bitz::piop::spartan::grinding: close time.busy=23.3µs time.idle=110ns
2026-10-07T19:58:58.828719Z  INFO falcon_algebraic:prove:falcon_algebraic:bitz:falcon_bridge:wfbitz_forest:spartan:grinding{bits=14}: bitz::piop::spartan::grinding: close time.busy=48.5µs time.idle=110ns
2026-10-07T19:58:58.828744Z  INFO falcon_algebraic:prove:falcon_algebraic:bitz:falcon_bridge:wfbitz_forest:spartan:grinding{bits=14}: bitz::piop::spartan::grinding: close time.busy=21.7µs time.idle=111ns
2026-10-07T19:58:58.831228Z  INFO falcon_algebraic:prove:falcon_algebraic:bitz:falcon_bridge:wfbitz_forest:spartan:grinding{bits=14}: bitz::piop::spartan::grinding: close time.busy=16.0µs time.idle=130ns
2026-10-07T19:58:58.833090Z  INFO falcon_algebraic:prove:falcon_algebraic:bitz:falcon_bridge:wfbitz_forest:spartan:grinding{bits=14}: bitz::piop::spartan::grinding: close time.busy=64.4µs time.idle=130ns
2026-10-07T19:58:58.833794Z  INFO falcon_algebraic:prove:falcon_algebraic:bitz:falcon_bridge:wfbitz_forest:spartan:grinding{bits=14}: bitz::piop::spartan::grinding: close time.busy=28.6µs time.idle=110ns
2026-10-07T19:58:58.834196Z  INFO falcon_algebraic:prove:falcon_algebraic:bitz:falcon_bridge:wfbitz_forest:spartan:grinding{bits=14}: bitz::piop::spartan::grinding: close time.busy=31.7µs time.idle=130ns
2026-10-07T19:58:58.834380Z  INFO falcon_algebraic:prove:falcon_algebraic:bitz:falcon_bridge:wfbitz_forest:spartan:grinding{bits=14}: bitz::piop::spartan::grinding: close time.busy=9.22µs time.idle=120ns
2026-10-07T19:58:58.834515Z  INFO falcon_algebraic:prove:falcon_algebraic:bitz:falcon_bridge:wfbitz_forest:spartan:grinding{bits=14}: bitz::piop::spartan::grinding: close time.busy=43.0µs time.idle=120ns
2026-10-07T19:58:58.834654Z  INFO falcon_algebraic:prove:falcon_algebraic:bitz:falcon_bridge:wfbitz_forest:spartan:grinding{bits=14}: bitz::piop::spartan::grinding: close time.busy=87.7µs time.idle=110ns
2026-10-07T19:58:58.834777Z  INFO falcon_algebraic:prove:falcon_algebraic:bitz:falcon_bridge:wfbitz_forest:spartan:grinding{bits=14}: bitz::piop::spartan::grinding: close time.busy=94.1µs time.idle=110ns
2026-10-07T19:58:58.834810Z  INFO falcon_algebraic:prove:falcon_algebraic:bitz:falcon_bridge:wfbitz_forest:spartan:grinding{bits=14}: bitz::piop::spartan::grinding: close time.busy=15.7µs time.idle=120ns
2026-10-07T19:58:58.834883Z  INFO falcon_algebraic:prove:falcon_algebraic:bitz:falcon_bridge:wfbitz_forest:spartan:grinding{bits=14}: bitz::piop::spartan::grinding: close time.busy=64.4µs time.idle=110ns
2026-10-07T19:58:58.834910Z  INFO falcon_algebraic:prove:falcon_algebraic:bitz:falcon_bridge:wfbitz_forest:spartan:grinding{bits=14}: bitz::piop::spartan::grinding: close time.busy=10.5µs time.idle=110ns
2026-10-07T19:58:58.834940Z  INFO falcon_algebraic:prove:falcon_algebraic:bitz:falcon_bridge:wfbitz_forest:spartan:grinding{bits=14}: bitz::piop::spartan::grinding: close time.busy=24.1µs time.idle=111ns
2026-10-07T19:58:58.834985Z  INFO falcon_algebraic:prove:falcon_algebraic:bitz:falcon_bridge:wfbitz_forest:spartan:grinding{bits=14}: bitz::piop::spartan::grinding: close time.busy=40.4µs time.idle=120ns
2026-10-07T19:58:58.835113Z  INFO falcon_algebraic:prove:falcon_algebraic:bitz:falcon_bridge:wfbitz_forest:spartan:grinding{bits=14}: bitz::piop::spartan::grinding: close time.busy=123µs time.idle=121ns
2026-10-07T19:58:58.835147Z  INFO falcon_algebraic:prove:falcon_algebraic:bitz:falcon_bridge:wfbitz_forest:spartan:grinding{bits=14}: bitz::piop::spartan::grinding: close time.busy=30.5µs time.idle=110ns
2026-10-07T19:58:58.835252Z  INFO falcon_algebraic:prove:falcon_algebraic:bitz:falcon_bridge:wfbitz_forest:spartan:grinding{bits=14}: bitz::piop::spartan::grinding: close time.busy=103µs time.idle=110ns
2026-10-07T19:58:58.835302Z  INFO falcon_algebraic:prove:falcon_algebraic:bitz:falcon_bridge:wfbitz_forest:spartan:grinding{bits=14}: bitz::piop::spartan::grinding: close time.busy=47.5µs time.idle=120ns
2026-10-07T19:58:58.835319Z  INFO falcon_algebraic:prove:falcon_algebraic:bitz:falcon_bridge:wfbitz_forest:spartan:grinding{bits=14}: bitz::piop::spartan::grinding: close time.busy=13.2µs time.idle=120ns
2026-10-07T19:58:58.835369Z  INFO falcon_algebraic:prove:falcon_algebraic:bitz:falcon_bridge:wfbitz_forest:spartan:grinding{bits=14}: bitz::piop::spartan::grinding: close time.busy=47.8µs time.idle=110ns
2026-10-07T19:58:58.835488Z  INFO falcon_algebraic:prove:falcon_algebraic:bitz:falcon_bridge:wfbitz_forest:spartan:grinding{bits=14}: bitz::piop::spartan::grinding: close time.busy=116µs time.idle=111ns
2026-10-07T19:58:58.835538Z  INFO falcon_algebraic:prove:falcon_algebraic:bitz:falcon_bridge:wfbitz_forest:spartan:grinding{bits=14}: bitz::piop::spartan::grinding: close time.busy=47.2µs time.idle=110ns
2026-10-07T19:58:58.835581Z  INFO falcon_algebraic:prove:falcon_algebraic:bitz:falcon_bridge:wfbitz_forest:spartan:grinding{bits=14}: bitz::piop::spartan::grinding: close time.busy=39.9µs time.idle=120ns
2026-10-07T19:58:58.836048Z  INFO falcon_algebraic:prove:falcon_algebraic:bitz:falcon_bridge:wfbitz_forest: bitz::hybrid::integer_bridge: close time.busy=61.6ms time.idle=140ns
2026-10-07T19:58:58.836114Z  INFO falcon_algebraic:prove:falcon_algebraic:bitz: bitz::piop::spartan::falcon512_algebraic::protocol: close time.busy=65.7ms time.idle=171ns
2026-10-07T19:58:58.839528Z  INFO falcon_algebraic:prove:falcon_joint:packed_setup: bitz::hybrid::joint_sumcheck: close time.busy=3.41ms time.idle=150ns
2026-10-07T19:58:58.839582Z  INFO falcon_algebraic:prove:spartan:round_grinding_prove:spartan:grinding{bits=10}: bitz::piop::spartan::grinding: close time.busy=2.17µs time.idle=120ns
2026-10-07T19:58:58.839584Z  INFO falcon_algebraic:prove:spartan:round_grinding_prove: bitz::sumcheck::boundary: close time.busy=4.71µs time.idle=140ns
2026-10-07T19:58:58.839642Z  INFO falcon_algebraic:prove:spartan:round_grinding_prove:spartan:grinding{bits=10}: bitz::piop::spartan::grinding: close time.busy=360ns time.idle=110ns
2026-10-07T19:58:58.839643Z  INFO falcon_algebraic:prove:spartan:round_grinding_prove: bitz::sumcheck::boundary: close time.busy=2.65µs time.idle=110ns
2026-10-07T19:58:58.839702Z  INFO falcon_algebraic:prove:spartan:round_grinding_prove:spartan:grinding{bits=10}: bitz::piop::spartan::grinding: close time.busy=4.62µs time.idle=111ns
2026-10-07T19:58:58.839703Z  INFO falcon_algebraic:prove:spartan:round_grinding_prove: bitz::sumcheck::boundary: close time.busy=6.78µs time.idle=120ns
2026-10-07T19:58:58.839774Z  INFO falcon_algebraic:prove:spartan:round_grinding_prove:spartan:grinding{bits=10}: bitz::piop::spartan::grinding: close time.busy=19.2µs time.idle=110ns
2026-10-07T19:58:58.839775Z  INFO falcon_algebraic:prove:spartan:round_grinding_prove: bitz::sumcheck::boundary: close time.busy=21.4µs time.idle=120ns
2026-10-07T19:58:58.839830Z  INFO falcon_algebraic:prove:spartan:round_grinding_prove:spartan:grinding{bits=10}: bitz::piop::spartan::grinding: close time.busy=3.81µs time.idle=121ns
2026-10-07T19:58:58.839831Z  INFO falcon_algebraic:prove:spartan:round_grinding_prove: bitz::sumcheck::boundary: close time.busy=6.27µs time.idle=110ns
2026-10-07T19:58:58.839882Z  INFO falcon_algebraic:prove:spartan:round_grinding_prove:spartan:grinding{bits=10}: bitz::piop::spartan::grinding: close time.busy=401ns time.idle=120ns
2026-10-07T19:58:58.839883Z  INFO falcon_algebraic:prove:spartan:round_grinding_prove: bitz::sumcheck::boundary: close time.busy=2.63µs time.idle=110ns
2026-10-07T19:58:58.839936Z  INFO falcon_algebraic:prove:spartan:round_grinding_prove:spartan:grinding{bits=10}: bitz::piop::spartan::grinding: close time.busy=3.20µs time.idle=120ns
2026-10-07T19:58:58.839937Z  INFO falcon_algebraic:prove:spartan:round_grinding_prove: bitz::sumcheck::boundary: close time.busy=5.31µs time.idle=110ns
2026-10-07T19:58:58.841425Z  INFO falcon_algebraic:prove:falcon_joint:prepare: bitz::hybrid::joint_sumcheck: close time.busy=1.49ms time.idle=130ns
2026-10-07T19:58:58.841437Z  INFO falcon_algebraic:prove:spartan:round_grinding_prove:spartan:grinding{bits=10}: bitz::piop::spartan::grinding: close time.busy=8.96µs time.idle=110ns
2026-10-07T19:58:58.841438Z  INFO falcon_algebraic:prove:spartan:round_grinding_prove: bitz::sumcheck::boundary: close time.busy=11.4µs time.idle=181ns
2026-10-07T19:58:58.841780Z  INFO falcon_algebraic:prove:falcon_joint:compact: bitz::hybrid::joint_sumcheck: close time.busy=340µs time.idle=130ns
2026-10-07T19:58:58.841784Z  INFO falcon_algebraic:prove:spartan:round_grinding_prove:spartan:grinding{bits=10}: bitz::piop::spartan::grinding: close time.busy=741ns time.idle=120ns
2026-10-07T19:58:58.841786Z  INFO falcon_algebraic:prove:spartan:round_grinding_prove: bitz::sumcheck::boundary: close time.busy=3.40µs time.idle=170ns
2026-10-07T19:58:58.841930Z  INFO falcon_algebraic:prove:falcon_joint:compact: bitz::hybrid::joint_sumcheck: close time.busy=143µs time.idle=140ns
2026-10-07T19:58:58.841937Z  INFO falcon_algebraic:prove:spartan:round_grinding_prove:spartan:grinding{bits=10}: bitz::piop::spartan::grinding: close time.busy=3.68µs time.idle=120ns
2026-10-07T19:58:58.841938Z  INFO falcon_algebraic:prove:spartan:round_grinding_prove: bitz::sumcheck::boundary: close time.busy=5.95µs time.idle=120ns
2026-10-07T19:58:58.842029Z  INFO falcon_algebraic:prove:falcon_joint:compact: bitz::hybrid::joint_sumcheck: close time.busy=89.1µs time.idle=140ns
2026-10-07T19:58:58.842037Z  INFO falcon_algebraic:prove:spartan:round_grinding_prove:spartan:grinding{bits=10}: bitz::piop::spartan::grinding: close time.busy=4.77µs time.idle=121ns
2026-10-07T19:58:58.842038Z  INFO falcon_algebraic:prove:spartan:round_grinding_prove: bitz::sumcheck::boundary: close time.busy=7.04µs time.idle=110ns
2026-10-07T19:58:58.842116Z  INFO falcon_algebraic:prove:falcon_joint:compact: bitz::hybrid::joint_sumcheck: close time.busy=76.4µs time.idle=121ns
2026-10-07T19:58:58.842119Z  INFO falcon_algebraic:prove:spartan:round_grinding_prove:spartan:grinding{bits=10}: bitz::piop::spartan::grinding: close time.busy=421ns time.idle=110ns
2026-10-07T19:58:58.842120Z  INFO falcon_algebraic:prove:spartan:round_grinding_prove: bitz::sumcheck::boundary: close time.busy=2.73µs time.idle=110ns
2026-10-07T19:58:58.842139Z  INFO falcon_algebraic:prove:falcon_joint:dense: bitz::hybrid::joint_sumcheck: close time.busy=16.3µs time.idle=120ns
2026-10-07T19:58:58.842143Z  INFO falcon_algebraic:prove:spartan:round_grinding_prove:spartan:grinding{bits=10}: bitz::piop::spartan::grinding: close time.busy=1.47µs time.idle=120ns
2026-10-07T19:58:58.842144Z  INFO falcon_algebraic:prove:spartan:round_grinding_prove: bitz::sumcheck::boundary: close time.busy=4.06µs time.idle=110ns
2026-10-07T19:58:58.842155Z  INFO falcon_algebraic:prove:falcon_joint:dense: bitz::hybrid::joint_sumcheck: close time.busy=9.26µs time.idle=120ns
2026-10-07T19:58:58.842160Z  INFO falcon_algebraic:prove:spartan:round_grinding_prove:spartan:grinding{bits=10}: bitz::piop::spartan::grinding: close time.busy=2.69µs time.idle=110ns
2026-10-07T19:58:58.842161Z  INFO falcon_algebraic:prove:spartan:round_grinding_prove: bitz::sumcheck::boundary: close time.busy=4.96µs time.idle=110ns
2026-10-07T19:58:58.842169Z  INFO falcon_algebraic:prove:falcon_joint:dense: bitz::hybrid::joint_sumcheck: close time.busy=6.37µs time.idle=110ns
2026-10-07T19:58:58.842174Z  INFO falcon_algebraic:prove:spartan:round_grinding_prove:spartan:grinding{bits=10}: bitz::piop::spartan::grinding: close time.busy=2.85µs time.idle=111ns
2026-10-07T19:58:58.842176Z  INFO falcon_algebraic:prove:spartan:round_grinding_prove: bitz::sumcheck::boundary: close time.busy=5.17µs time.idle=110ns
2026-10-07T19:58:58.842179Z  INFO falcon_algebraic:prove:falcon_joint:dense: bitz::hybrid::joint_sumcheck: close time.busy=1.35µs time.idle=111ns
2026-10-07T19:58:58.842181Z  INFO falcon_algebraic:prove:spartan:round_grinding_prove:spartan:grinding{bits=10}: bitz::piop::spartan::grinding: close time.busy=350ns time.idle=110ns
2026-10-07T19:58:58.842182Z  INFO falcon_algebraic:prove:spartan:round_grinding_prove: bitz::sumcheck::boundary: close time.busy=2.60µs time.idle=110ns
2026-10-07T19:58:58.842185Z  INFO falcon_algebraic:prove:falcon_joint:dense: bitz::hybrid::joint_sumcheck: close time.busy=731ns time.idle=110ns
2026-10-07T19:58:58.842188Z  INFO falcon_algebraic:prove:spartan:round_grinding_prove:spartan:grinding{bits=10}: bitz::piop::spartan::grinding: close time.busy=1.16µs time.idle=110ns
2026-10-07T19:58:58.842190Z  INFO falcon_algebraic:prove:spartan:round_grinding_prove: bitz::sumcheck::boundary: close time.busy=3.54µs time.idle=110ns
2026-10-07T19:58:58.842192Z  INFO falcon_algebraic:prove:falcon_joint:dense: bitz::hybrid::joint_sumcheck: close time.busy=381ns time.idle=110ns
2026-10-07T19:58:58.842201Z  INFO falcon_algebraic:prove:spartan:round_grinding_prove:spartan:grinding{bits=10}: bitz::piop::spartan::grinding: close time.busy=6.58µs time.idle=110ns
2026-10-07T19:58:58.842202Z  INFO falcon_algebraic:prove:spartan:round_grinding_prove: bitz::sumcheck::boundary: close time.busy=8.85µs time.idle=111ns
2026-10-07T19:58:58.842203Z  INFO falcon_algebraic:prove:falcon_joint:dense: bitz::hybrid::joint_sumcheck: close time.busy=230ns time.idle=111ns
2026-10-07T19:58:58.842207Z  INFO falcon_algebraic:prove:spartan:round_grinding_prove:spartan:grinding{bits=10}: bitz::piop::spartan::grinding: close time.busy=1.71µs time.idle=110ns
2026-10-07T19:58:58.842208Z  INFO falcon_algebraic:prove:spartan:round_grinding_prove: bitz::sumcheck::boundary: close time.busy=3.73µs time.idle=110ns
2026-10-07T19:58:58.842210Z  INFO falcon_algebraic:prove:falcon_joint:dense: bitz::hybrid::joint_sumcheck: close time.busy=150ns time.idle=110ns
2026-10-07T19:58:58.842213Z  INFO falcon_algebraic:prove:spartan:round_grinding_prove:spartan:grinding{bits=10}: bitz::piop::spartan::grinding: close time.busy=1.16µs time.idle=110ns
2026-10-07T19:58:58.842214Z  INFO falcon_algebraic:prove:spartan:round_grinding_prove: bitz::sumcheck::boundary: close time.busy=3.16µs time.idle=110ns
2026-10-07T19:58:58.842216Z  INFO falcon_algebraic:prove:falcon_joint:dense: bitz::hybrid::joint_sumcheck: close time.busy=110ns time.idle=110ns
2026-10-07T19:58:58.842228Z  INFO falcon_algebraic:prove:spartan:round_grinding_prove:spartan:grinding{bits=10}: bitz::piop::spartan::grinding: close time.busy=9.50µs time.idle=111ns
2026-10-07T19:58:58.842229Z  INFO falcon_algebraic:prove:spartan:round_grinding_prove: bitz::sumcheck::boundary: close time.busy=11.6µs time.idle=110ns
2026-10-07T19:58:58.842231Z  INFO falcon_algebraic:prove:falcon_joint:dense: bitz::hybrid::joint_sumcheck: close time.busy=100ns time.idle=110ns
2026-10-07T19:58:58.842239Z  INFO falcon_algebraic:prove:spartan:round_grinding_prove:spartan:grinding{bits=10}: bitz::piop::spartan::grinding: close time.busy=5.78µs time.idle=110ns
2026-10-07T19:58:58.842240Z  INFO falcon_algebraic:prove:spartan:round_grinding_prove: bitz::sumcheck::boundary: close time.busy=7.83µs time.idle=111ns
2026-10-07T19:58:58.842242Z  INFO falcon_algebraic:prove:falcon_joint:dense: bitz::hybrid::joint_sumcheck: close time.busy=90.0ns time.idle=111ns
2026-10-07T19:58:58.842252Z  INFO falcon_algebraic:prove:spartan:round_grinding_prove:spartan:grinding{bits=10}: bitz::piop::spartan::grinding: close time.busy=7.86µs time.idle=100ns
2026-10-07T19:58:58.842253Z  INFO falcon_algebraic:prove:spartan:round_grinding_prove: bitz::sumcheck::boundary: close time.busy=10.1µs time.idle=110ns
2026-10-07T19:58:58.842255Z  INFO falcon_algebraic:prove:falcon_joint:dense: bitz::hybrid::joint_sumcheck: close time.busy=151ns time.idle=110ns
2026-10-07T19:58:58.842266Z  INFO falcon_algebraic:prove:spartan:round_grinding_prove:spartan:grinding{bits=10}: bitz::piop::spartan::grinding: close time.busy=8.79µs time.idle=110ns
2026-10-07T19:58:58.842267Z  INFO falcon_algebraic:prove:spartan:round_grinding_prove: bitz::sumcheck::boundary: close time.busy=11.0µs time.idle=110ns
2026-10-07T19:58:58.842269Z  INFO falcon_algebraic:prove:falcon_joint:dense: bitz::hybrid::joint_sumcheck: close time.busy=80.0ns time.idle=100ns
2026-10-07T19:58:58.842272Z  INFO falcon_algebraic:prove:spartan:round_grinding_prove:spartan:grinding{bits=10}: bitz::piop::spartan::grinding: close time.busy=1.11µs time.idle=110ns
2026-10-07T19:58:58.842273Z  INFO falcon_algebraic:prove:spartan:round_grinding_prove: bitz::sumcheck::boundary: close time.busy=3.23µs time.idle=110ns
2026-10-07T19:58:58.842275Z  INFO falcon_algebraic:prove:falcon_joint:dense: bitz::hybrid::joint_sumcheck: close time.busy=70.0ns time.idle=110ns
2026-10-07T19:58:58.845690Z  INFO falcon_algebraic:prove:falcon_algebraic:pcs:op:ring_switch:spartan:grinding{bits=12}: bitz::piop::spartan::grinding: close time.busy=11.2µs time.idle=130ns
2026-10-07T19:58:58.845704Z  INFO falcon_algebraic:prove:falcon_algebraic:pcs:op:ring_switch: bitz::hybrid::opening: close time.busy=3.43ms time.idle=130ns
2026-10-07T19:58:58.845713Z  INFO falcon_algebraic:prove:falcon_algebraic:pcs:op:extra_bases:spartan:grinding{bits=12}: bitz::piop::spartan::grinding: close time.busy=7.07µs time.idle=120ns
2026-10-07T19:58:58.849442Z  INFO falcon_algebraic:prove:falcon_algebraic:pcs:op:extra_bases:op:initial_messages: bitz::hybrid::opening::streamed: close time.busy=3.71ms time.idle=141ns
2026-10-07T19:58:58.849444Z  INFO falcon_algebraic:prove:falcon_algebraic:pcs:op:extra_bases: bitz::hybrid::opening: close time.busy=3.74ms time.idle=141ns
2026-10-07T19:58:58.849461Z  INFO falcon_algebraic:prove:falcon_algebraic:pcs:op:ligerito:lig:grind_pow{bits=20}:spartan:grinding{bits=12}: bitz::piop::spartan::grinding: close time.busy=11.2µs time.idle=281ns
2026-10-07T19:58:58.856067Z  INFO falcon_algebraic:prove:falcon_algebraic:pcs:op:ligerito:lig:grind_pow{bits=20 seed_lo=16375824786920364557 seed_hi=1983144282459121119 nonce=1785466}: bitz::ligerito_flock: close time.busy=6.62ms time.idle=120ns
2026-10-07T19:58:58.856078Z  INFO falcon_algebraic:prove:falcon_algebraic:pcs:op:ligerito:spartan:grinding{bits=12}: bitz::piop::spartan::grinding: close time.busy=8.81µs time.idle=130ns
2026-10-07T19:58:58.856120Z  INFO falcon_algebraic:prove:falcon_algebraic:pcs:op:ligerito:lig:grind_pow{bits=20}:spartan:grinding{bits=12}: bitz::piop::spartan::grinding: close time.busy=37.7µs time.idle=190ns
2026-10-07T19:58:58.861434Z  INFO falcon_algebraic:prove:falcon_algebraic:pcs:op:ligerito:lig:grind_pow{bits=20 seed_lo=14517310510578505501 seed_hi=6928831755814259526 nonce=1434179}: bitz::ligerito_flock: close time.busy=5.35ms time.idle=131ns
2026-10-07T19:58:58.861454Z  INFO falcon_algebraic:prove:falcon_algebraic:pcs:op:ligerito:spartan:grinding{bits=12}: bitz::piop::spartan::grinding: close time.busy=17.5µs time.idle=120ns
2026-10-07T19:58:58.862709Z  INFO falcon_algebraic:prove:falcon_algebraic:pcs:op:ligerito:op:deferred_first_fold: bitz::hybrid::opening::streamed: close time.busy=1.25ms time.idle=130ns
2026-10-07T19:58:58.862742Z  INFO falcon_algebraic:prove:falcon_algebraic:pcs:op:ligerito:lig:grind_pow{bits=20}:spartan:grinding{bits=12}: bitz::piop::spartan::grinding: close time.busy=28.9µs time.idle=110ns
2026-10-07T19:58:58.865506Z  INFO falcon_algebraic:prove:falcon_algebraic:pcs:op:ligerito:lig:grind_pow{bits=20 seed_lo=14441719486906525332 seed_hi=4887251053874519830 nonce=749449}: bitz::ligerito_flock: close time.busy=2.79ms time.idle=121ns
2026-10-07T19:58:58.865522Z  INFO falcon_algebraic:prove:falcon_algebraic:pcs:op:ligerito:spartan:grinding{bits=12}: bitz::piop::spartan::grinding: close time.busy=13.3µs time.idle=110ns
2026-10-07T19:58:58.865540Z  INFO falcon_algebraic:prove:falcon_algebraic:pcs:op:ligerito:lig:grind_pow{bits=20}:spartan:grinding{bits=12}: bitz::piop::spartan::grinding: close time.busy=14.7µs time.idle=110ns
2026-10-07T19:58:58.867908Z  INFO falcon_algebraic:prove:falcon_algebraic:pcs:op:ligerito:lig:grind_pow{bits=20 seed_lo=4040019448686371158 seed_hi=12007848838415722241 nonce=638779}: bitz::ligerito_flock: close time.busy=2.38ms time.idle=110ns
2026-10-07T19:58:58.867932Z  INFO falcon_algebraic:prove:falcon_algebraic:pcs:op:ligerito:spartan:grinding{bits=12}: bitz::piop::spartan::grinding: close time.busy=23.1µs time.idle=110ns
2026-10-07T19:58:58.868936Z  INFO falcon_algebraic:prove:falcon_algebraic:pcs:op:ligerito:lig:grind_pow{bits=11}:spartan:grinding{bits=12}: bitz::piop::spartan::grinding: close time.busy=25.0µs time.idle=110ns
2026-10-07T19:58:58.868946Z  INFO falcon_algebraic:prove:falcon_algebraic:pcs:op:ligerito:lig:grind_pow{bits=11 seed_lo=12168614032339833606 seed_hi=677864334761961363 nonce=1876}: bitz::ligerito_flock: close time.busy=35.7µs time.idle=121ns
2026-10-07T19:58:58.868972Z  INFO falcon_algebraic:prove:falcon_algebraic:pcs:op:ligerito:spartan:grinding{bits=12}: bitz::piop::spartan::grinding: close time.busy=24.1µs time.idle=111ns
2026-10-07T19:58:58.869941Z  INFO falcon_algebraic:prove:falcon_algebraic:pcs:op:ligerito:lig:grind_pow{bits=7}:spartan:grinding{bits=12}: bitz::piop::spartan::grinding: close time.busy=6.47µs time.idle=110ns
2026-10-07T19:58:58.869944Z  INFO falcon_algebraic:prove:falcon_algebraic:pcs:op:ligerito:lig:grind_pow{bits=7 seed_lo=12556229113317911125 seed_hi=6749826581381619231 nonce=24}: bitz::ligerito_flock: close time.busy=10.7µs time.idle=121ns
2026-10-07T19:58:58.869966Z  INFO falcon_algebraic:prove:falcon_algebraic:pcs:op:ligerito:spartan:grinding{bits=12}: bitz::piop::spartan::grinding: close time.busy=19.7µs time.idle=110ns
2026-10-07T19:58:58.870027Z  INFO falcon_algebraic:prove:falcon_algebraic:pcs:op:ligerito:lig:grind_pow{bits=19}:spartan:grinding{bits=12}: bitz::piop::spartan::grinding: close time.busy=22.1µs time.idle=120ns
2026-10-07T19:58:58.870527Z  INFO falcon_algebraic:prove:falcon_algebraic:pcs:op:ligerito:lig:grind_pow{bits=19 seed_lo=4999734546879186383 seed_hi=5642541635383918156 nonce=133341}: bitz::ligerito_flock: close time.busy=523µs time.idle=120ns
2026-10-07T19:58:58.870555Z  INFO falcon_algebraic:prove:falcon_algebraic:pcs:op:ligerito:spartan:grinding{bits=12}: bitz::piop::spartan::grinding: close time.busy=26.7µs time.idle=111ns
2026-10-07T19:58:58.870618Z  INFO falcon_algebraic:prove:falcon_algebraic:pcs:op:ligerito:lig:grind_pow{bits=19}:spartan:grinding{bits=12}: bitz::piop::spartan::grinding: close time.busy=31.6µs time.idle=110ns
2026-10-07T19:58:58.871681Z  INFO falcon_algebraic:prove:falcon_algebraic:pcs:op:ligerito:lig:grind_pow{bits=19 seed_lo=16120839933993617660 seed_hi=8845007109929095843 nonce=285668}: bitz::ligerito_flock: close time.busy=1.10ms time.idle=121ns
2026-10-07T19:58:58.871696Z  INFO falcon_algebraic:prove:falcon_algebraic:pcs:op:ligerito:spartan:grinding{bits=12}: bitz::piop::spartan::grinding: close time.busy=13.7µs time.idle=100ns
2026-10-07T19:58:58.871776Z  INFO falcon_algebraic:prove:falcon_algebraic:pcs:op:ligerito:lig:grind_pow{bits=19}:spartan:grinding{bits=12}: bitz::piop::spartan::grinding: close time.busy=62.0µs time.idle=111ns
2026-10-07T19:58:58.879091Z  INFO falcon_algebraic:prove:falcon_algebraic:pcs:op:ligerito:lig:grind_pow{bits=19 seed_lo=7533905475163248731 seed_hi=13331801534544350727 nonce=1978168}: bitz::ligerito_flock: close time.busy=7.38ms time.idle=110ns
2026-10-07T19:58:58.879107Z  INFO falcon_algebraic:prove:falcon_algebraic:pcs:op:ligerito:spartan:grinding{bits=12}: bitz::piop::spartan::grinding: close time.busy=14.8µs time.idle=110ns
2026-10-07T19:58:58.879317Z  INFO falcon_algebraic:prove:falcon_algebraic:pcs:op:ligerito:lig:grind_pow{bits=11}:spartan:grinding{bits=12}: bitz::piop::spartan::grinding: close time.busy=5.65µs time.idle=111ns
2026-10-07T19:58:58.879326Z  INFO falcon_algebraic:prove:falcon_algebraic:pcs:op:ligerito:lig:grind_pow{bits=11 seed_lo=13414360004935892538 seed_hi=13352016151955891289 nonce=1894}: bitz::ligerito_flock: close time.busy=15.9µs time.idle=120ns
2026-10-07T19:58:58.879336Z  INFO falcon_algebraic:prove:falcon_algebraic:pcs:op:ligerito:spartan:grinding{bits=12}: bitz::piop::spartan::grinding: close time.busy=8.15µs time.idle=110ns
2026-10-07T19:58:58.880323Z  INFO falcon_algebraic:prove:falcon_algebraic:pcs:op:ligerito:lig:grind_pow{bits=7}:spartan:grinding{bits=12}: bitz::piop::spartan::grinding: close time.busy=51.1µs time.idle=110ns
2026-10-07T19:58:58.880326Z  INFO falcon_algebraic:prove:falcon_algebraic:pcs:op:ligerito:lig:grind_pow{bits=7 seed_lo=14011323245469665233 seed_hi=10627610180640753093 nonce=87}: bitz::ligerito_flock: close time.busy=54.7µs time.idle=110ns
2026-10-07T19:58:58.880361Z  INFO falcon_algebraic:prove:falcon_algebraic:pcs:op:ligerito:spartan:grinding{bits=12}: bitz::piop::spartan::grinding: close time.busy=32.8µs time.idle=110ns
2026-10-07T19:58:58.880385Z  INFO falcon_algebraic:prove:falcon_algebraic:pcs:op:ligerito:lig:grind_pow{bits=17}:spartan:grinding{bits=12}: bitz::piop::spartan::grinding: close time.busy=17.1µs time.idle=111ns
2026-10-07T19:58:58.880418Z  INFO falcon_algebraic:prove:falcon_algebraic:pcs:op:ligerito:lig:grind_pow{bits=17 seed_lo=12040305675577541021 seed_hi=4448544093894922929 nonce=7149}: bitz::ligerito_flock: close time.busy=50.5µs time.idle=120ns
2026-10-07T19:58:58.880437Z  INFO falcon_algebraic:prove:falcon_algebraic:pcs:op:ligerito:spartan:grinding{bits=12}: bitz::piop::spartan::grinding: close time.busy=17.1µs time.idle=111ns
2026-10-07T19:58:58.880455Z  INFO falcon_algebraic:prove:falcon_algebraic:pcs:op:ligerito:lig:grind_pow{bits=17}:spartan:grinding{bits=12}: bitz::piop::spartan::grinding: close time.busy=9.43µs time.idle=110ns
2026-10-07T19:58:58.880478Z  INFO falcon_algebraic:prove:falcon_algebraic:pcs:op:ligerito:lig:grind_pow{bits=17 seed_lo=14594745866361555729 seed_hi=4481801811290485119 nonce=4584}: bitz::ligerito_flock: close time.busy=33.0µs time.idle=110ns
2026-10-07T19:58:58.880517Z  INFO falcon_algebraic:prove:falcon_algebraic:pcs:op:ligerito:spartan:grinding{bits=12}: bitz::piop::spartan::grinding: close time.busy=37.3µs time.idle=120ns
2026-10-07T19:58:58.880532Z  INFO falcon_algebraic:prove:falcon_algebraic:pcs:op:ligerito:lig:grind_pow{bits=17}:spartan:grinding{bits=12}: bitz::piop::spartan::grinding: close time.busy=8.12µs time.idle=120ns
2026-10-07T19:58:58.880654Z  INFO falcon_algebraic:prove:falcon_algebraic:pcs:op:ligerito:lig:grind_pow{bits=17 seed_lo=13300957292935261440 seed_hi=4548511347967446605 nonce=31400}: bitz::ligerito_flock: close time.busy=131µs time.idle=110ns
2026-10-07T19:58:58.880702Z  INFO falcon_algebraic:prove:falcon_algebraic:pcs:op:ligerito:spartan:grinding{bits=12}: bitz::piop::spartan::grinding: close time.busy=46.3µs time.idle=110ns
2026-10-07T19:58:58.880767Z  INFO falcon_algebraic:prove:falcon_algebraic:pcs:op:ligerito:lig:grind_pow{bits=11}:spartan:grinding{bits=12}: bitz::piop::spartan::grinding: close time.busy=17.4µs time.idle=112ns
2026-10-07T19:58:58.880779Z  INFO falcon_algebraic:prove:falcon_algebraic:pcs:op:ligerito:lig:grind_pow{bits=11 seed_lo=5054118974374254575 seed_hi=14981614931524400151 nonce=2654}: bitz::ligerito_flock: close time.busy=30.5µs time.idle=120ns
2026-10-07T19:58:58.880810Z  INFO falcon_algebraic:prove:falcon_algebraic:pcs:op:ligerito:spartan:grinding{bits=12}: bitz::piop::spartan::grinding: close time.busy=28.9µs time.idle=121ns
2026-10-07T19:58:58.880989Z  INFO falcon_algebraic:prove:falcon_algebraic:pcs:op:ligerito:lig:grind_pow{bits=7}:spartan:grinding{bits=12}: bitz::piop::spartan::grinding: close time.busy=7.95µs time.idle=111ns
2026-10-07T19:58:58.880993Z  INFO falcon_algebraic:prove:falcon_algebraic:pcs:op:ligerito:lig:grind_pow{bits=7 seed_lo=10782382566308342209 seed_hi=11179761202078984758 nonce=218}: bitz::ligerito_flock: close time.busy=12.2µs time.idle=110ns
2026-10-07T19:58:58.881001Z  INFO falcon_algebraic:prove:falcon_algebraic:pcs:op:ligerito:spartan:grinding{bits=12}: bitz::piop::spartan::grinding: close time.busy=6.28µs time.idle=110ns
2026-10-07T19:58:58.881014Z  INFO falcon_algebraic:prove:falcon_algebraic:pcs:op:ligerito:lig:grind_pow{bits=15}:spartan:grinding{bits=12}: bitz::piop::spartan::grinding: close time.busy=9.13µs time.idle=110ns
2026-10-07T19:58:58.881127Z  INFO falcon_algebraic:prove:falcon_algebraic:pcs:op:ligerito:lig:grind_pow{bits=15 seed_lo=1228380510673385658 seed_hi=4608945683697044113 nonce=28426}: bitz::ligerito_flock: close time.busy=123µs time.idle=110ns
2026-10-07T19:58:58.881136Z  INFO falcon_algebraic:prove:falcon_algebraic:pcs:op:ligerito:spartan:grinding{bits=12}: bitz::piop::spartan::grinding: close time.busy=7.42µs time.idle=110ns
2026-10-07T19:58:58.881144Z  INFO falcon_algebraic:prove:falcon_algebraic:pcs:op:ligerito:lig:grind_pow{bits=15}:spartan:grinding{bits=12}: bitz::piop::spartan::grinding: close time.busy=3.83µs time.idle=110ns
2026-10-07T19:58:58.881243Z  INFO falcon_algebraic:prove:falcon_algebraic:pcs:op:ligerito:lig:grind_pow{bits=15 seed_lo=15181336230616402119 seed_hi=7493050434602918546 nonce=25325}: bitz::ligerito_flock: close time.busy=104µs time.idle=120ns
2026-10-07T19:58:58.881253Z  INFO falcon_algebraic:prove:falcon_algebraic:pcs:op:ligerito:spartan:grinding{bits=12}: bitz::piop::spartan::grinding: close time.busy=8.26µs time.idle=110ns
2026-10-07T19:58:58.881269Z  INFO falcon_algebraic:prove:falcon_algebraic:pcs:op:ligerito:lig:grind_pow{bits=15}:spartan:grinding{bits=12}: bitz::piop::spartan::grinding: close time.busy=11.6µs time.idle=110ns
2026-10-07T19:58:58.881380Z  INFO falcon_algebraic:prove:falcon_algebraic:pcs:op:ligerito:lig:grind_pow{bits=15 seed_lo=7421790146636421713 seed_hi=16128424606281112580 nonce=28449}: bitz::ligerito_flock: close time.busy=123µs time.idle=110ns
2026-10-07T19:58:58.881393Z  INFO falcon_algebraic:prove:falcon_algebraic:pcs:op:ligerito:spartan:grinding{bits=12}: bitz::piop::spartan::grinding: close time.busy=11.1µs time.idle=120ns
2026-10-07T19:58:58.881403Z  INFO falcon_algebraic:prove:falcon_algebraic:pcs:op:ligerito:lig:grind_pow{bits=11}:spartan:grinding{bits=12}: bitz::piop::spartan::grinding: close time.busy=4.79µs time.idle=110ns
2026-10-07T19:58:58.881407Z  INFO falcon_algebraic:prove:falcon_algebraic:pcs:op:ligerito:lig:grind_pow{bits=11 seed_lo=14005453541847172307 seed_hi=3880069313824445422 nonce=567}: bitz::ligerito_flock: close time.busy=9.96µs time.idle=190ns
2026-10-07T19:58:58.881416Z  INFO falcon_algebraic:prove:falcon_algebraic:pcs:op:ligerito:spartan:grinding{bits=12}: bitz::piop::spartan::grinding: close time.busy=6.58µs time.idle=110ns
2026-10-07T19:58:58.881493Z  INFO falcon_algebraic:prove:falcon_algebraic:pcs:op:ligerito: bitz::hybrid::opening: close time.busy=32.0ms time.idle=150ns
2026-10-07T19:58:58.881496Z  INFO falcon_algebraic:prove:falcon_algebraic:pcs: bitz::piop::spartan::falcon512_algebraic::protocol: close time.busy=39.2ms time.idle=140ns
2026-10-07T19:58:58.882412Z  INFO falcon_algebraic:prove: bitz::piop::spartan::falcon512_algebraic::protocol: close time.busy=334ms time.idle=190ns
2026-10-07T19:58:58.894134Z  INFO falcon_algebraic:verify:falcon_algebraic_ring:verify:falcon_algebraic_ring:coordinates: bitz::piop::spartan::falcon512_algebraic::ring: close time.busy=3.44ms time.idle=160ns
2026-10-07T19:58:58.912824Z  INFO falcon_algebraic:verify:falcon_algebraic_ring:verify:falcon_algebraic_ring:collapse: bitz::piop::spartan::falcon512_algebraic::ring: close time.busy=18.7ms time.idle=190ns
2026-10-07T19:58:58.912826Z  INFO falcon_algebraic:verify:falcon_algebraic_ring:verify: bitz::piop::spartan::falcon512_algebraic::ring: close time.busy=22.4ms time.idle=180ns
2026-10-07T19:58:58.912853Z  INFO falcon_algebraic:verify:spartan:round_grinding_verify: bitz::sumcheck::boundary: close time.busy=1.03µs time.idle=141ns
2026-10-07T19:58:58.912857Z  INFO falcon_algebraic:verify:spartan:round_grinding_verify: bitz::sumcheck::boundary: close time.busy=822ns time.idle=110ns
2026-10-07T19:58:58.912861Z  INFO falcon_algebraic:verify:spartan:round_grinding_verify: bitz::sumcheck::boundary: close time.busy=902ns time.idle=110ns
2026-10-07T19:58:58.912865Z  INFO falcon_algebraic:verify:spartan:round_grinding_verify: bitz::sumcheck::boundary: close time.busy=912ns time.idle=100ns
2026-10-07T19:58:58.912869Z  INFO falcon_algebraic:verify:spartan:round_grinding_verify: bitz::sumcheck::boundary: close time.busy=771ns time.idle=110ns
2026-10-07T19:58:58.912874Z  INFO falcon_algebraic:verify:spartan:round_grinding_verify: bitz::sumcheck::boundary: close time.busy=802ns time.idle=110ns
2026-10-07T19:58:58.912878Z  INFO falcon_algebraic:verify:spartan:round_grinding_verify: bitz::sumcheck::boundary: close time.busy=812ns time.idle=100ns
2026-10-07T19:58:58.912883Z  INFO falcon_algebraic:verify:spartan:round_grinding_verify: bitz::sumcheck::boundary: close time.busy=902ns time.idle=110ns
2026-10-07T19:58:58.912886Z  INFO falcon_algebraic:verify:spartan:round_grinding_verify: bitz::sumcheck::boundary: close time.busy=881ns time.idle=110ns
2026-10-07T19:58:58.912891Z  INFO falcon_algebraic:verify:spartan:round_grinding_verify: bitz::sumcheck::boundary: close time.busy=771ns time.idle=111ns
2026-10-07T19:58:58.912896Z  INFO falcon_algebraic:verify:spartan:round_grinding_verify: bitz::sumcheck::boundary: close time.busy=882ns time.idle=110ns
2026-10-07T19:58:58.912900Z  INFO falcon_algebraic:verify:spartan:round_grinding_verify: bitz::sumcheck::boundary: close time.busy=832ns time.idle=110ns
2026-10-07T19:58:58.912904Z  INFO falcon_algebraic:verify:spartan:round_grinding_verify: bitz::sumcheck::boundary: close time.busy=932ns time.idle=110ns
2026-10-07T19:58:58.912910Z  INFO falcon_algebraic:verify:spartan:round_grinding_verify: bitz::sumcheck::boundary: close time.busy=952ns time.idle=110ns
2026-10-07T19:58:58.912915Z  INFO falcon_algebraic:verify:spartan:round_grinding_verify: bitz::sumcheck::boundary: close time.busy=721ns time.idle=110ns
2026-10-07T19:58:58.912918Z  INFO falcon_algebraic:verify:spartan:round_grinding_verify: bitz::sumcheck::boundary: close time.busy=801ns time.idle=110ns
2026-10-07T19:58:58.912923Z  INFO falcon_algebraic:verify:spartan:round_grinding_verify: bitz::sumcheck::boundary: close time.busy=921ns time.idle=121ns
2026-10-07T19:58:58.912928Z  INFO falcon_algebraic:verify:spartan:round_grinding_verify: bitz::sumcheck::boundary: close time.busy=772ns time.idle=110ns
2026-10-07T19:58:58.912932Z  INFO falcon_algebraic:verify:spartan:round_grinding_verify: bitz::sumcheck::boundary: close time.busy=872ns time.idle=110ns
2026-10-07T19:58:58.922505Z  INFO falcon_algebraic:verify:spartan:round_grinding_verify: bitz::sumcheck::boundary: close time.busy=1.06µs time.idle=140ns
2026-10-07T19:58:58.922509Z  INFO falcon_algebraic:verify:spartan:round_grinding_verify: bitz::sumcheck::boundary: close time.busy=811ns time.idle=120ns
2026-10-07T19:58:58.922513Z  INFO falcon_algebraic:verify:spartan:round_grinding_verify: bitz::sumcheck::boundary: close time.busy=841ns time.idle=111ns
2026-10-07T19:58:58.922517Z  INFO falcon_algebraic:verify:spartan:round_grinding_verify: bitz::sumcheck::boundary: close time.busy=812ns time.idle=110ns
2026-10-07T19:58:58.922522Z  INFO falcon_algebraic:verify:spartan:round_grinding_verify: bitz::sumcheck::boundary: close time.busy=882ns time.idle=110ns
2026-10-07T19:58:58.922526Z  INFO falcon_algebraic:verify:spartan:round_grinding_verify: bitz::sumcheck::boundary: close time.busy=1.20µs time.idle=110ns
2026-10-07T19:58:58.922530Z  INFO falcon_algebraic:verify:spartan:round_grinding_verify: bitz::sumcheck::boundary: close time.busy=822ns time.idle=110ns
2026-10-07T19:58:58.922534Z  INFO falcon_algebraic:verify:spartan:round_grinding_verify: bitz::sumcheck::boundary: close time.busy=902ns time.idle=100ns
2026-10-07T19:58:58.922537Z  INFO falcon_algebraic:verify:spartan:round_grinding_verify: bitz::sumcheck::boundary: close time.busy=872ns time.idle=140ns
2026-10-07T19:58:58.922544Z  INFO falcon_algebraic:verify:spartan:round_grinding_verify: bitz::sumcheck::boundary: close time.busy=892ns time.idle=110ns
2026-10-07T19:58:58.922547Z  INFO falcon_algebraic:verify:spartan:round_grinding_verify: bitz::sumcheck::boundary: close time.busy=942ns time.idle=110ns
2026-10-07T19:58:58.922550Z  INFO falcon_algebraic:verify:spartan:round_grinding_verify: bitz::sumcheck::boundary: close time.busy=941ns time.idle=111ns
2026-10-07T19:58:58.922554Z  INFO falcon_algebraic:verify:spartan:round_grinding_verify: bitz::sumcheck::boundary: close time.busy=901ns time.idle=121ns
2026-10-07T19:58:58.922559Z  INFO falcon_algebraic:verify:spartan:round_grinding_verify: bitz::sumcheck::boundary: close time.busy=942ns time.idle=110ns
2026-10-07T19:58:58.922564Z  INFO falcon_algebraic:verify:spartan:round_grinding_verify: bitz::sumcheck::boundary: close time.busy=891ns time.idle=121ns
2026-10-07T19:58:58.922567Z  INFO falcon_algebraic:verify:spartan:round_grinding_verify: bitz::sumcheck::boundary: close time.busy=872ns time.idle=110ns
2026-10-07T19:58:58.922571Z  INFO falcon_algebraic:verify:spartan:round_grinding_verify: bitz::sumcheck::boundary: close time.busy=882ns time.idle=120ns
2026-10-07T19:58:58.922574Z  INFO falcon_algebraic:verify:spartan:round_grinding_verify: bitz::sumcheck::boundary: close time.busy=962ns time.idle=110ns
2026-10-07T19:58:58.922581Z  INFO falcon_algebraic:verify:spartan:round_grinding_verify: bitz::sumcheck::boundary: close time.busy=1.14µs time.idle=100ns
2026-10-07T19:58:58.922583Z  INFO falcon_algebraic:verify:spartan:round_grinding_verify: bitz::sumcheck::boundary: close time.busy=651ns time.idle=110ns
2026-10-07T19:58:58.922586Z  INFO falcon_algebraic:verify:spartan:round_grinding_verify: bitz::sumcheck::boundary: close time.busy=721ns time.idle=110ns
2026-10-07T19:58:58.922588Z  INFO falcon_algebraic:verify:spartan:round_grinding_verify: bitz::sumcheck::boundary: close time.busy=672ns time.idle=100ns
2026-10-07T19:58:58.922591Z  INFO falcon_algebraic:verify:spartan:round_grinding_verify: bitz::sumcheck::boundary: close time.busy=671ns time.idle=110ns
2026-10-07T19:58:58.922594Z  INFO falcon_algebraic:verify:spartan:round_grinding_verify: bitz::sumcheck::boundary: close time.busy=651ns time.idle=110ns
2026-10-07T19:58:58.929848Z  INFO falcon_algebraic:verify:spartan:round_grinding_verify: bitz::sumcheck::boundary: close time.busy=1.09µs time.idle=140ns
2026-10-07T19:58:58.929852Z  INFO falcon_algebraic:verify:spartan:round_grinding_verify: bitz::sumcheck::boundary: close time.busy=1.05µs time.idle=101ns
2026-10-07T19:58:58.929854Z  INFO falcon_algebraic:verify:spartan:round_grinding_verify: bitz::sumcheck::boundary: close time.busy=982ns time.idle=110ns
2026-10-07T19:58:58.929857Z  INFO falcon_algebraic:verify:spartan:round_grinding_verify: bitz::sumcheck::boundary: close time.busy=962ns time.idle=110ns
2026-10-07T19:58:58.929860Z  INFO falcon_algebraic:verify:spartan:round_grinding_verify: bitz::sumcheck::boundary: close time.busy=1.19µs time.idle=110ns
2026-10-07T19:58:58.929863Z  INFO falcon_algebraic:verify:spartan:round_grinding_verify: bitz::sumcheck::boundary: close time.busy=952ns time.idle=110ns
2026-10-07T19:58:58.929866Z  INFO falcon_algebraic:verify:spartan:round_grinding_verify: bitz::sumcheck::boundary: close time.busy=942ns time.idle=110ns
2026-10-07T19:58:58.929869Z  INFO falcon_algebraic:verify:spartan:round_grinding_verify: bitz::sumcheck::boundary: close time.busy=962ns time.idle=110ns
2026-10-07T19:58:58.929871Z  INFO falcon_algebraic:verify:spartan:round_grinding_verify: bitz::sumcheck::boundary: close time.busy=1.03µs time.idle=110ns
2026-10-07T19:58:58.929874Z  INFO falcon_algebraic:verify:spartan:round_grinding_verify: bitz::sumcheck::boundary: close time.busy=1.02µs time.idle=110ns
2026-10-07T19:58:58.929877Z  INFO falcon_algebraic:verify:spartan:round_grinding_verify: bitz::sumcheck::boundary: close time.busy=1.05µs time.idle=100ns
2026-10-07T19:58:58.929880Z  INFO falcon_algebraic:verify:spartan:round_grinding_verify: bitz::sumcheck::boundary: close time.busy=992ns time.idle=110ns
2026-10-07T19:58:58.929882Z  INFO falcon_algebraic:verify:spartan:round_grinding_verify: bitz::sumcheck::boundary: close time.busy=972ns time.idle=110ns
2026-10-07T19:58:58.929885Z  INFO falcon_algebraic:verify:spartan:round_grinding_verify: bitz::sumcheck::boundary: close time.busy=1.02µs time.idle=110ns
2026-10-07T19:58:58.929888Z  INFO falcon_algebraic:verify:spartan:round_grinding_verify: bitz::sumcheck::boundary: close time.busy=1.11µs time.idle=101ns
2026-10-07T19:58:58.929891Z  INFO falcon_algebraic:verify:spartan:round_grinding_verify: bitz::sumcheck::boundary: close time.busy=1.09µs time.idle=100ns
2026-10-07T19:58:58.929894Z  INFO falcon_algebraic:verify:spartan:round_grinding_verify: bitz::sumcheck::boundary: close time.busy=1.10µs time.idle=110ns
2026-10-07T19:58:58.929897Z  INFO falcon_algebraic:verify:spartan:round_grinding_verify: bitz::sumcheck::boundary: close time.busy=1.18µs time.idle=110ns
2026-10-07T19:58:58.929899Z  INFO falcon_algebraic:verify:spartan:round_grinding_verify: bitz::sumcheck::boundary: close time.busy=941ns time.idle=111ns
2026-10-07T19:58:58.929902Z  INFO falcon_algebraic:verify:spartan:round_grinding_verify: bitz::sumcheck::boundary: close time.busy=951ns time.idle=101ns
2026-10-07T19:58:58.929904Z  INFO falcon_algebraic:verify:spartan:round_grinding_verify: bitz::sumcheck::boundary: close time.busy=992ns time.idle=110ns
2026-10-07T19:58:58.929907Z  INFO falcon_algebraic:verify:spartan:round_grinding_verify: bitz::sumcheck::boundary: close time.busy=972ns time.idle=100ns
2026-10-07T19:58:58.929910Z  INFO falcon_algebraic:verify:spartan:round_grinding_verify: bitz::sumcheck::boundary: close time.busy=972ns time.idle=110ns
2026-10-07T19:58:58.929913Z  INFO falcon_algebraic:verify:spartan:round_grinding_verify: bitz::sumcheck::boundary: close time.busy=1.10µs time.idle=110ns
2026-10-07T19:58:58.929915Z  INFO falcon_algebraic:verify:spartan:round_grinding_verify: bitz::sumcheck::boundary: close time.busy=1.01µs time.idle=111ns
2026-10-07T19:58:58.932170Z  INFO falcon_algebraic:verify: bitz::piop::spartan::falcon512_algebraic::protocol: close time.busy=49.7ms time.idle=280ns
