family,size,variant,rep,iterations,ns,bytes,allocations,allocated_bytes,correctness
opt_ood,log10,collect_products,0,1024,2378.866,16384,3,16464,1
opt_ood,log10,production_blocked,0,1024,3268.921,16384,13,32832,1
opt_ood,log10,indexed_products,0,1024,2383.301,16384,2,16400,1
opt_ood,log10,prepared_products,0,1024,2368.489,16384,3,16464,1
opt_ood,log10,vector_products,0,1024,2323.120,16384,3,16464,1
opt_ood,log10,reuse_products,0,1024,2314.819,16384,2,16400,1
opt_ood,log10,prepared_products,1,1024,2355.265,16384,3,16464,1
opt_ood,log10,vector_products,1,1024,2316.365,16384,3,16464,1
opt_ood,log10,reuse_products,1,1024,2204.509,16384,2,16400,1
opt_ood,log10,indexed_products,1,1024,2478.068,16384,2,16400,1
opt_ood,log10,production_blocked,1,1024,3256.430,16384,13,32832,1
opt_ood,log10,collect_products,1,1024,2315.511,16384,3,16464,1
opt_ood,log10,indexed_products,2,1024,2346.191,16384,2,16400,1
opt_ood,log10,production_blocked,2,1024,3287.923,16384,13,32832,1
opt_ood,log10,collect_products,2,1024,2371.216,16384,3,16464,1
opt_ood,log10,prepared_products,2,1024,2336.874,16384,3,16464,1
opt_ood,log10,reuse_products,2,1024,2292.114,16384,2,16400,1
opt_ood,log10,vector_products,2,1024,2486.816,16384,3,16464,1
opt_ood,log10,indexed_products,3,1024,2505.045,16384,2,16400,1
opt_ood,log10,vector_products,3,1024,2331.909,16384,3,16464,1
opt_ood,log10,production_blocked,3,1024,3320.353,16384,13,32832,1
opt_ood,log10,prepared_products,3,1024,2415.242,16384,3,16464,1
opt_ood,log10,reuse_products,3,1024,2208.821,16384,2,16400,1
opt_ood,log10,collect_products,3,1024,2392.985,16384,3,16464,1
opt_ood,log10,vector_products,4,1024,2502.645,16384,3,16464,1
opt_ood,log10,indexed_products,4,1024,2288.859,16384,2,16400,1
opt_ood,log10,collect_products,4,1024,2371.704,16384,3,16464,1
opt_ood,log10,production_blocked,4,1024,3232.178,16384,13,32832,1
opt_ood,log10,prepared_products,4,1024,2483.521,16384,3,16464,1
opt_ood,log10,reuse_products,4,1024,2285.156,16384,2,16400,1
opt_ood,log10,collect_products,5,1024,2492.757,16384,3,16464,1
opt_ood,log10,indexed_products,5,1024,2319.051,16384,2,16400,1
opt_ood,log10,vector_products,5,1024,2467.325,16384,3,16464,1
opt_ood,log10,production_blocked,5,1024,3298.625,16384,13,32832,1
opt_ood,log10,prepared_products,5,1024,2390.259,16384,3,16464,1
opt_ood,log10,reuse_products,5,1024,2274.862,16384,2,16400,1
opt_ood,log10,collect_products,6,1024,2470.947,16384,3,16464,1
opt_ood,log10,vector_products,6,1024,2456.909,16384,3,16464,1
opt_ood,log10,production_blocked,6,1024,3204.712,16384,13,32832,1
opt_ood,log10,indexed_products,6,1024,2451.090,16384,2,16400,1
opt_ood,log10,prepared_products,6,1024,2353.068,16384,3,16464,1
opt_ood,log10,reuse_products,6,1024,2198.771,16384,2,16400,1
opt_ood,log10,production_blocked,7,1024,3252.563,16384,13,32832,1
opt_ood,log10,prepared_products,7,1024,2529.094,16384,3,16464,1
opt_ood,log10,indexed_products,7,1024,2387.166,16384,2,16400,1
opt_ood,log10,reuse_products,7,1024,2269.084,16384,2,16400,1
opt_ood,log10,vector_products,7,1024,2398.804,16384,3,16464,1
opt_ood,log10,collect_products,7,1024,2523.885,16384,3,16464,1
opt_ood,log10,collect_products,8,1024,2441.895,16384,3,16464,1
opt_ood,log10,indexed_products,8,1024,2406.250,16384,2,16400,1
opt_ood,log10,reuse_products,8,1024,2317.871,16384,2,16400,1
opt_ood,log10,vector_products,8,1024,2477.255,16384,3,16464,1
opt_ood,log10,prepared_products,8,1024,2426.432,16384,3,16464,1
opt_ood,log10,production_blocked,8,1024,3333.008,16384,13,32832,1
opt_ood,log10,collect_products,9,1024,2394.002,16384,3,16464,1
opt_ood,log10,prepared_products,9,1024,2429.769,16384,3,16464,1
opt_ood,log10,production_blocked,9,1024,3329.672,16384,13,32832,1
opt_ood,log10,indexed_products,9,1024,2402.710,16384,2,16400,1
opt_ood,log10,vector_products,9,1024,2445.801,16384,3,16464,1
opt_ood,log10,reuse_products,9,1024,2389.323,16384,2,16400,1
opt_ood,log10,collect_products,10,1024,2529.826,16384,3,16464,1
opt_ood,log10,reuse_products,10,1024,2355.103,16384,2,16400,1
opt_ood,log10,indexed_products,10,1024,2369.751,16384,2,16400,1
opt_ood,log10,production_blocked,10,1024,3353.394,16384,13,32832,1
opt_ood,log10,vector_products,10,1024,2416.341,16384,3,16464,1
opt_ood,log10,prepared_products,10,1024,2384.196,16384,3,16464,1
opt_ood,log10,production_blocked,11,1024,3305.989,16384,13,32832,1
opt_ood,log10,vector_products,11,1024,2414.225,16384,3,16464,1
opt_ood,log10,collect_products,11,1024,2429.892,16384,3,16464,1
opt_ood,log10,reuse_products,11,1024,2265.218,16384,2,16400,1
opt_ood,log10,prepared_products,11,1024,2456.461,16384,3,16464,1
opt_ood,log10,indexed_products,11,1024,2419.556,16384,2,16400,1
opt_ood,log10,indexed_products,12,1024,2361.816,16384,2,16400,1
opt_ood,log10,production_blocked,12,1024,3255.737,16384,13,32832,1
opt_ood,log10,reuse_products,12,1024,2340.251,16384,2,16400,1
opt_ood,log10,prepared_products,12,1024,2431.885,16384,3,16464,1
opt_ood,log10,collect_products,12,1024,2347.006,16384,3,16464,1
opt_ood,log10,vector_products,12,1024,2428.589,16384,3,16464,1
opt_ood,log10,vector_products,13,1024,2389.119,16384,3,16464,1
opt_ood,log10,collect_products,13,1024,2397.217,16384,3,16464,1
opt_ood,log10,reuse_products,13,1024,2280.314,16384,2,16400,1
opt_ood,log10,indexed_products,13,1024,2396.159,16384,2,16400,1
opt_ood,log10,prepared_products,13,1024,2461.833,16384,3,16464,1
opt_ood,log10,production_blocked,13,1024,3284.668,16384,13,32832,1
opt_ood,log10,prepared_products,14,1024,2387.776,16384,3,16464,1
opt_ood,log10,collect_products,14,1024,2349.854,16384,3,16464,1
opt_ood,log10,production_blocked,14,1024,3334.229,16384,13,32832,1
opt_ood,log10,reuse_products,14,1024,2300.578,16384,2,16400,1
opt_ood,log10,indexed_products,14,1024,2349.650,16384,2,16400,1
opt_ood,log10,vector_products,14,1024,2441.569,16384,3,16464,1
opt_ood,log10,prepared_products,15,1024,2451.579,16384,3,16464,1
opt_ood,log10,collect_products,15,1024,2323.567,16384,3,16464,1
opt_ood,log10,vector_products,15,1024,2322.672,16384,3,16464,1
opt_ood,log10,reuse_products,15,1024,2217.854,16384,2,16400,1
opt_ood,log10,indexed_products,15,1024,2377.360,16384,2,16400,1
opt_ood,log10,production_blocked,15,1024,3188.232,16384,13,32832,1
opt_ood,log10,vector_products,16,1024,2439.331,16384,3,16464,1
opt_ood,log10,indexed_products,16,1024,2384.440,16384,2,16400,1
opt_ood,log10,reuse_products,16,1024,2339.315,16384,2,16400,1
opt_ood,log10,collect_products,16,1024,2370.117,16384,3,16464,1
opt_ood,log10,prepared_products,16,1024,2354.940,16384,3,16464,1
opt_ood,log10,production_blocked,16,1024,3250.528,16384,13,32832,1
opt_ood,log10,reuse_products,17,1024,2190.430,16384,2,16400,1
opt_ood,log10,vector_products,17,1024,2393.270,16384,3,16464,1
opt_ood,log10,indexed_products,17,1024,2386.475,16384,2,16400,1
opt_ood,log10,collect_products,17,1024,2467.978,16384,3,16464,1
opt_ood,log10,production_blocked,17,1024,3372.437,16384,13,32832,1
opt_ood,log10,prepared_products,17,1024,2423.950,16384,3,16464,1
opt_ood,log10,vector_products,18,1024,2347.127,16384,3,16464,1
opt_ood,log10,production_blocked,18,1024,3353.801,16384,13,32832,1
opt_ood,log10,reuse_products,18,1024,2317.383,16384,2,16400,1
opt_ood,log10,collect_products,18,1024,2513.468,16384,3,16464,1
opt_ood,log10,prepared_products,18,1024,2390.137,16384,3,16464,1
opt_ood,log10,indexed_products,18,1024,2389.934,16384,2,16400,1
opt_ood,log10,prepared_products,19,1024,2313.517,16384,3,16464,1
opt_ood,log10,collect_products,19,1024,2312.337,16384,3,16464,1
opt_ood,log10,reuse_products,19,1024,2196.086,16384,2,16400,1
opt_ood,log10,production_blocked,19,1024,3411.784,16384,13,32832,1
opt_ood,log10,indexed_products,19,1024,2317.465,16384,2,16400,1
opt_ood,log10,vector_products,19,1024,2358.479,16384,3,16464,1
opt_ood,log10,production_blocked,20,1024,3191.690,16384,13,32832,1
opt_ood,log10,reuse_products,20,1024,2219.116,16384,2,16400,1
opt_ood,log10,indexed_products,20,1024,2293.904,16384,2,16400,1
opt_ood,log10,prepared_products,20,1024,2309.326,16384,3,16464,1
opt_ood,log10,collect_products,20,1024,2391.398,16384,3,16464,1
opt_ood,log10,vector_products,20,1024,2412.190,16384,3,16464,1
opt_ood,log10,vector_products,21,1024,2498.087,16384,3,16464,1
opt_ood,log10,collect_products,21,1024,2454.468,16384,3,16464,1
opt_ood,log10,production_blocked,21,1024,3322.632,16384,13,32832,1
opt_ood,log10,indexed_products,21,1024,2522.664,16384,2,16400,1
opt_ood,log10,prepared_products,21,1024,2358.765,16384,3,16464,1
opt_ood,log10,reuse_products,21,1024,2241.455,16384,2,16400,1
opt_ood,log10,collect_products,22,1024,2383.057,16384,3,16464,1
opt_ood,log10,reuse_products,22,1024,2297.282,16384,2,16400,1
opt_ood,log10,vector_products,22,1024,2417.847,16384,3,16464,1
opt_ood,log10,production_blocked,22,1024,3305.216,16384,13,32832,1
opt_ood,log10,indexed_products,22,1024,2359.781,16384,2,16400,1
opt_ood,log10,prepared_products,22,1024,2393.229,16384,3,16464,1
opt_ood,log10,prepared_products,23,1024,2317.871,16384,3,16464,1
opt_ood,log10,vector_products,23,1024,2317.261,16384,3,16464,1
opt_ood,log10,indexed_products,23,1024,2470.053,16384,2,16400,1
opt_ood,log10,collect_products,23,1024,2488.932,16384,3,16464,1
opt_ood,log10,reuse_products,23,1024,2287.435,16384,2,16400,1
opt_ood,log10,production_blocked,23,1024,3378.662,16384,13,32832,1
opt_ood,log10,production_blocked,24,1024,3275.554,16384,13,32832,1
opt_ood,log10,indexed_products,24,1024,2429.932,16384,2,16400,1
opt_ood,log10,vector_products,24,1024,2435.832,16384,3,16464,1
opt_ood,log10,reuse_products,24,1024,2303.223,16384,2,16400,1
opt_ood,log10,prepared_products,24,1024,2349.854,16384,3,16464,1
opt_ood,log10,collect_products,24,1024,2346.232,16384,3,16464,1
opt_ood,log10,collect_products,25,1024,2477.986,16384,3,16464,1
opt_ood,log10,indexed_products,25,1024,2372.600,16384,2,16400,1
opt_ood,log10,production_blocked,25,1024,3332.275,16384,13,32832,1
opt_ood,log10,vector_products,25,1024,2393.880,16384,3,16464,1
opt_ood,log10,reuse_products,25,1024,2352.457,16384,2,16400,1
opt_ood,log10,prepared_products,25,1024,2314.453,16384,3,16464,1
opt_ood,log10,collect_products,26,1024,2410.074,16384,3,16464,1
opt_ood,log10,prepared_products,26,1024,2333.659,16384,3,16464,1
opt_ood,log10,production_blocked,26,1024,3274.739,16384,13,32832,1
opt_ood,log10,reuse_products,26,1024,2284.708,16384,2,16400,1
opt_ood,log10,indexed_products,26,1024,2491.129,16384,2,16400,1
opt_ood,log10,vector_products,26,1024,2408.936,16384,3,16464,1
opt_ood,log10,vector_products,27,1024,2436.198,16384,3,16464,1
opt_ood,log10,prepared_products,27,1024,2371.054,16384,3,16464,1
opt_ood,log10,collect_products,27,1024,2375.529,16384,3,16464,1
opt_ood,log10,indexed_products,27,1024,2460.571,16384,2,16400,1
opt_ood,log10,production_blocked,27,1024,3364.787,16384,13,32832,1
opt_ood,log10,reuse_products,27,1024,2259.399,16384,2,16400,1
opt_ood,log10,reuse_products,28,1024,2192.952,16384,2,16400,1
opt_ood,log10,collect_products,28,1024,2407.063,16384,3,16464,1
opt_ood,log10,prepared_products,28,1024,2379.639,16384,3,16464,1
opt_ood,log10,indexed_products,28,1024,2404.460,16384,2,16400,1
opt_ood,log10,production_blocked,28,1024,3304.769,16384,13,32832,1
opt_ood,log10,vector_products,28,1024,2529.541,16384,3,16464,1
opt_ood,log10,vector_products,29,1024,2398.641,16384,3,16464,1
opt_ood,log10,indexed_products,29,1024,2368.693,16384,2,16400,1
opt_ood,log10,prepared_products,29,1024,2408.407,16384,3,16464,1
opt_ood,log10,production_blocked,29,1024,3309.326,16384,13,32832,1
opt_ood,log10,reuse_products,29,1024,2251.303,16384,2,16400,1
opt_ood,log10,collect_products,29,1024,2459.961,16384,3,16464,1
opt_ood,log10,collect_products,30,1024,2372.478,16384,3,16464,1
opt_ood,log10,vector_products,30,1024,2348.877,16384,3,16464,1
opt_ood,log10,reuse_products,30,1024,2322.225,16384,2,16400,1
opt_ood,log10,production_blocked,30,1024,3280.110,16384,13,32832,1
opt_ood,log10,prepared_products,30,1024,2377.971,16384,3,16464,1
opt_ood,log10,indexed_products,30,1024,2379.231,16384,2,16400,1
opt_ood,log10,collect_products,31,1024,2421.062,16384,3,16464,1
opt_ood,log10,production_blocked,31,1024,3169.760,16384,13,32832,1
opt_ood,log10,reuse_products,31,1024,2279.744,16384,2,16400,1
opt_ood,log10,vector_products,31,1024,2375.896,16384,3,16464,1
opt_ood,log10,prepared_products,31,1024,2368.896,16384,3,16464,1
opt_ood,log10,indexed_products,31,1024,2382.406,16384,2,16400,1
opt_ood_reuse,log10,allocate,0,2048,2239.990,16384,2,16400,1
opt_ood_reuse,log10,indexed_scratch,0,2048,1974.691,16384,0,0,1
opt_ood_reuse,log10,scratch,0,2048,1851.786,16384,0,0,1
opt_ood_reuse,log10,scratch,1,2048,1891.357,16384,0,0,1
opt_ood_reuse,log10,allocate,1,2048,2264.282,16384,2,16400,1
opt_ood_reuse,log10,indexed_scratch,1,2048,1990.458,16384,0,0,1
opt_ood_reuse,log10,indexed_scratch,2,2048,2019.755,16384,0,0,1
opt_ood_reuse,log10,scratch,2,2048,1858.867,16384,0,0,1
opt_ood_reuse,log10,allocate,2,2048,2281.637,16384,2,16400,1
opt_ood_reuse,log10,indexed_scratch,3,2048,1937.866,16384,0,0,1
opt_ood_reuse,log10,scratch,3,2048,1845.520,16384,0,0,1
opt_ood_reuse,log10,allocate,3,2048,2300.375,16384,2,16400,1
opt_ood_reuse,log10,scratch,4,2048,1880.270,16384,0,0,1
opt_ood_reuse,log10,allocate,4,2048,2279.033,16384,2,16400,1
opt_ood_reuse,log10,indexed_scratch,4,2048,1900.513,16384,0,0,1
opt_ood_reuse,log10,indexed_scratch,5,2048,1949.402,16384,0,0,1
opt_ood_reuse,log10,allocate,5,2048,2293.884,16384,2,16400,1
opt_ood_reuse,log10,scratch,5,2048,1968.486,16384,0,0,1
opt_ood_reuse,log10,scratch,6,2048,1918.457,16384,0,0,1
opt_ood_reuse,log10,indexed_scratch,6,2048,2017.578,16384,0,0,1
opt_ood_reuse,log10,allocate,6,2048,2293.925,16384,2,16400,1
opt_ood_reuse,log10,indexed_scratch,7,2048,1993.103,16384,0,0,1
opt_ood_reuse,log10,allocate,7,2048,2263.916,16384,2,16400,1
opt_ood_reuse,log10,scratch,7,2048,1862.427,16384,0,0,1
opt_ood_reuse,log10,scratch,8,2048,1849.243,16384,0,0,1
opt_ood_reuse,log10,indexed_scratch,8,2048,1993.103,16384,0,0,1
opt_ood_reuse,log10,allocate,8,2048,2187.073,16384,2,16400,1
opt_ood_reuse,log10,allocate,9,2048,2299.214,16384,2,16400,1
opt_ood_reuse,log10,indexed_scratch,9,2048,2087.952,16384,0,0,1
opt_ood_reuse,log10,scratch,9,2048,1867.208,16384,0,0,1
opt_ood_reuse,log10,allocate,10,2048,2313.009,16384,2,16400,1
opt_ood_reuse,log10,scratch,10,2048,1866.841,16384,0,0,1
opt_ood_reuse,log10,indexed_scratch,10,2048,2010.294,16384,0,0,1
opt_ood_reuse,log10,scratch,11,2048,1899.048,16384,0,0,1
opt_ood_reuse,log10,indexed_scratch,11,2048,1927.002,16384,0,0,1
opt_ood_reuse,log10,allocate,11,2048,2233.765,16384,2,16400,1
opt_ood_reuse,log10,indexed_scratch,12,2048,1942.770,16384,0,0,1
opt_ood_reuse,log10,allocate,12,2048,2302.572,16384,2,16400,1
opt_ood_reuse,log10,scratch,12,2048,1831.868,16384,0,0,1
opt_ood_reuse,log10,indexed_scratch,13,2048,1981.181,16384,0,0,1
opt_ood_reuse,log10,scratch,13,2048,1956.665,16384,0,0,1
opt_ood_reuse,log10,allocate,13,2048,2282.674,16384,2,16400,1
opt_ood_reuse,log10,indexed_scratch,14,2048,1967.875,16384,0,0,1
opt_ood_reuse,log10,scratch,14,2048,1873.779,16384,0,0,1
opt_ood_reuse,log10,allocate,14,2048,2288.737,16384,2,16400,1
opt_ood_reuse,log10,allocate,15,2048,2285.889,16384,2,16400,1
opt_ood_reuse,log10,indexed_scratch,15,2048,1958.822,16384,0,0,1
opt_ood_reuse,log10,scratch,15,2048,1860.270,16384,0,0,1
opt_ood_reuse,log10,allocate,16,2048,2245.564,16384,2,16400,1
opt_ood_reuse,log10,scratch,16,2048,1953.593,16384,0,0,1
opt_ood_reuse,log10,indexed_scratch,16,2048,1901.164,16384,0,0,1
opt_ood_reuse,log10,indexed_scratch,17,2048,1946.716,16384,0,0,1
opt_ood_reuse,log10,allocate,17,2048,2270.203,16384,2,16400,1
opt_ood_reuse,log10,scratch,17,2048,1834.635,16384,0,0,1
opt_ood_reuse,log10,scratch,18,2048,1833.170,16384,0,0,1
opt_ood_reuse,log10,indexed_scratch,18,2048,1943.828,16384,0,0,1
opt_ood_reuse,log10,allocate,18,2048,2280.375,16384,2,16400,1
opt_ood_reuse,log10,allocate,19,2048,2184.896,16384,2,16400,1
opt_ood_reuse,log10,indexed_scratch,19,2048,1933.451,16384,0,0,1
opt_ood_reuse,log10,scratch,19,2048,1865.112,16384,0,0,1
opt_ood_reuse,log10,allocate,20,2048,2198.262,16384,2,16400,1
opt_ood_reuse,log10,indexed_scratch,20,2048,1984.354,16384,0,0,1
opt_ood_reuse,log10,scratch,20,2048,1816.549,16384,0,0,1
opt_ood_reuse,log10,scratch,21,2048,1847.738,16384,0,0,1
opt_ood_reuse,log10,indexed_scratch,21,2048,1914.856,16384,0,0,1
opt_ood_reuse,log10,allocate,21,2048,2278.279,16384,2,16400,1
opt_ood_reuse,log10,scratch,22,2048,2047.444,16384,0,0,1
opt_ood_reuse,log10,allocate,22,2048,2315.755,16384,2,16400,1
opt_ood_reuse,log10,indexed_scratch,22,2048,2089.315,16384,0,0,1
opt_ood_reuse,log10,indexed_scratch,23,2048,1932.312,16384,0,0,1
opt_ood_reuse,log10,scratch,23,2048,1827.921,16384,0,0,1
opt_ood_reuse,log10,allocate,23,2048,2302.063,16384,2,16400,1
opt_ood_reuse,log10,scratch,24,2048,1881.958,16384,0,0,1
opt_ood_reuse,log10,allocate,24,2048,2270.508,16384,2,16400,1
opt_ood_reuse,log10,indexed_scratch,24,2048,1914.734,16384,0,0,1
opt_ood_reuse,log10,indexed_scratch,25,2048,1997.253,16384,0,0,1
opt_ood_reuse,log10,allocate,25,2048,2269.430,16384,2,16400,1
opt_ood_reuse,log10,scratch,25,2048,1867.411,16384,0,0,1
opt_ood_reuse,log10,allocate,26,2048,2319.458,16384,2,16400,1
opt_ood_reuse,log10,indexed_scratch,26,2048,1924.398,16384,0,0,1
opt_ood_reuse,log10,scratch,26,2048,1891.927,16384,0,0,1
opt_ood_reuse,log10,indexed_scratch,27,2048,1926.636,16384,0,0,1
opt_ood_reuse,log10,allocate,27,2048,2245.199,16384,2,16400,1
opt_ood_reuse,log10,scratch,27,2048,1885.132,16384,0,0,1
opt_ood_reuse,log10,allocate,28,2048,2269.002,16384,2,16400,1
opt_ood_reuse,log10,scratch,28,2048,1906.250,16384,0,0,1
opt_ood_reuse,log10,indexed_scratch,28,2048,1918.498,16384,0,0,1
opt_ood_reuse,log10,scratch,29,2048,1878.886,16384,0,0,1
opt_ood_reuse,log10,allocate,29,2048,2331.421,16384,2,16400,1
opt_ood_reuse,log10,indexed_scratch,29,2048,1954.366,16384,0,0,1
opt_ood_reuse,log10,scratch,30,2048,1848.287,16384,0,0,1
opt_ood_reuse,log10,allocate,30,2048,2241.354,16384,2,16400,1
opt_ood_reuse,log10,indexed_scratch,30,2048,1941.183,16384,0,0,1
opt_ood_reuse,log10,scratch,31,2048,1821.716,16384,0,0,1
opt_ood_reuse,log10,allocate,31,2048,2301.290,16384,2,16400,1
opt_ood_reuse,log10,indexed_scratch,31,2048,1959.554,16384,0,0,1
opt_ood,log16,reuse_products,0,64,104591.156,1048576,3,67312,1
opt_ood,log16,collect_products,0,64,161078.766,1048576,4,67568,1
opt_ood,log16,vector_products,0,64,109500.000,1048576,4,67568,1
opt_ood,log16,prepared_products,0,64,104548.172,1048576,4,67568,1
opt_ood,log16,production_blocked,0,64,84679.688,1048576,20,133328,1
opt_ood,log16,indexed_products,0,64,103163.422,1048576,3,67312,1
opt_ood,log16,indexed_products,1,64,106430.344,1048576,3,67312,1
opt_ood,log16,reuse_products,1,64,104557.953,1048576,3,67312,1
opt_ood,log16,vector_products,1,64,106248.703,1048576,4,67568,1
opt_ood,log16,production_blocked,1,64,95067.703,1048576,20,133328,1
opt_ood,log16,prepared_products,1,64,115126.953,1048576,4,67568,1
opt_ood,log16,collect_products,1,64,109699.219,1048576,4,67568,1
opt_ood,log16,reuse_products,2,64,113815.750,1048576,3,67312,1
opt_ood,log16,vector_products,2,64,113277.344,1048576,4,67568,1
opt_ood,log16,collect_products,2,64,108863.281,1048576,4,67568,1
opt_ood,log16,production_blocked,2,64,95473.953,1048576,20,133328,1
opt_ood,log16,indexed_products,2,64,119403.641,1048576,3,67312,1
opt_ood,log16,prepared_products,2,64,106556.641,1048576,4,67568,1
opt_ood,log16,indexed_products,3,64,104330.719,1048576,3,67312,1
opt_ood,log16,reuse_products,3,64,122354.812,1048576,3,67312,1
opt_ood,log16,collect_products,3,64,167720.703,1048576,4,67568,1
opt_ood,log16,vector_products,3,64,95230.469,1048576,4,67568,1
opt_ood,log16,prepared_products,3,64,100424.484,1048576,4,67568,1
opt_ood,log16,production_blocked,3,64,81286.453,1048576,20,133328,1
opt_ood,log16,production_blocked,4,64,83775.391,1048576,20,133328,1
opt_ood,log16,reuse_products,4,64,94219.391,1048576,3,67312,1
opt_ood,log16,collect_products,4,64,93843.094,1048576,4,67568,1
opt_ood,log16,prepared_products,4,64,130936.859,1048576,4,67568,1
opt_ood,log16,indexed_products,4,64,104451.812,1048576,3,67312,1
opt_ood,log16,vector_products,4,64,177201.828,1048576,4,67568,1
opt_ood,log16,indexed_products,5,64,111426.438,1048576,3,67312,1
opt_ood,log16,vector_products,5,64,102832.031,1048576,4,67568,1
opt_ood,log16,production_blocked,5,64,95091.141,1048576,20,133328,1
opt_ood,log16,reuse_products,5,64,166911.469,1048576,3,67312,1
opt_ood,log16,collect_products,5,64,102150.391,1048576,4,67568,1
opt_ood,log16,prepared_products,5,64,162150.391,1048576,4,67568,1
opt_ood,log16,production_blocked,6,64,86356.125,1048576,20,133328,1
opt_ood,log16,prepared_products,6,64,142970.047,1048576,4,67568,1
opt_ood,log16,indexed_products,6,64,108787.109,1048576,3,67312,1
opt_ood,log16,reuse_products,6,64,112670.578,1048576,3,67312,1
opt_ood,log16,vector_products,6,64,110360.016,1048576,4,67568,1
opt_ood,log16,collect_products,6,64,106829.422,1048576,4,67568,1
opt_ood,log16,prepared_products,7,64,114006.516,1048576,4,67568,1
opt_ood,log16,vector_products,7,64,104945.969,1048576,4,67568,1
opt_ood,log16,indexed_products,7,64,107069.656,1048576,3,67312,1
opt_ood,log16,collect_products,7,64,161532.547,1048576,4,67568,1
opt_ood,log16,reuse_products,7,64,109249.344,1048576,3,67312,1
opt_ood,log16,production_blocked,7,64,94709.641,1048576,20,133328,1
opt_ood,log16,indexed_products,8,64,107004.562,1048576,3,67312,1
opt_ood,log16,vector_products,8,64,106861.984,1048576,4,67568,1
opt_ood,log16,prepared_products,8,64,102908.844,1048576,4,67568,1
opt_ood,log16,reuse_products,8,64,113628.250,1048576,3,67312,1
opt_ood,log16,collect_products,8,64,104794.922,1048576,4,67568,1
opt_ood,log16,production_blocked,8,64,85503.906,1048576,20,133328,1
opt_ood,log16,production_blocked,9,64,94382.156,1048576,20,133328,1
opt_ood,log16,reuse_products,9,64,104377.594,1048576,3,67312,1
opt_ood,log16,vector_products,9,64,105796.234,1048576,4,67568,1
opt_ood,log16,prepared_products,9,64,105745.453,1048576,4,67568,1
opt_ood,log16,indexed_products,9,64,104347.656,1048576,3,67312,1
opt_ood,log16,collect_products,9,64,115940.094,1048576,4,67568,1
opt_ood,log16,reuse_products,10,64,110786.453,1048576,3,67312,1
opt_ood,log16,production_blocked,10,64,92410.812,1048576,20,133328,1
opt_ood,log16,prepared_products,10,64,108850.250,1048576,4,67568,1
opt_ood,log16,vector_products,10,64,112483.734,1048576,4,67568,1
opt_ood,log16,collect_products,10,64,104080.734,1048576,4,67568,1
opt_ood,log16,indexed_products,10,64,108301.422,1048576,3,67312,1
opt_ood,log16,collect_products,11,64,108967.453,1048576,4,67568,1
opt_ood,log16,vector_products,11,64,113634.125,1048576,4,67568,1
opt_ood,log16,prepared_products,11,64,107315.750,1048576,4,67568,1
opt_ood,log16,indexed_products,11,64,107467.453,1048576,3,67312,1
opt_ood,log16,reuse_products,11,64,107349.609,1048576,3,67312,1
opt_ood,log16,production_blocked,11,64,85871.094,1048576,20,133328,1
opt_ood,log16,collect_products,12,64,115117.188,1048576,4,67568,1
opt_ood,log16,prepared_products,12,64,103347.000,1048576,4,67568,1
opt_ood,log16,reuse_products,12,64,103157.547,1048576,3,67312,1
opt_ood,log16,vector_products,12,64,109960.938,1048576,4,67568,1
opt_ood,log16,indexed_products,12,64,106026.688,1048576,3,67312,1
opt_ood,log16,production_blocked,12,64,91503.906,1048576,20,133328,1
opt_ood,log16,vector_products,13,64,108103.516,1048576,4,67568,1
opt_ood,log16,prepared_products,13,64,110350.906,1048576,4,67568,1
opt_ood,log16,indexed_products,13,64,109223.312,1048576,3,67312,1
opt_ood,log16,reuse_products,13,64,106932.953,1048576,3,67312,1
opt_ood,log16,collect_products,13,64,98474.609,1048576,4,67568,1
opt_ood,log16,production_blocked,13,64,95679.031,1048576,20,133328,1
opt_ood,log16,vector_products,14,64,111921.875,1048576,4,67568,1
opt_ood,log16,production_blocked,14,64,93594.406,1048576,20,133328,1
opt_ood,log16,indexed_products,14,64,102225.922,1048576,3,67312,1
opt_ood,log16,reuse_products,14,64,105427.734,1048576,3,67312,1
opt_ood,log16,collect_products,14,64,108757.156,1048576,4,67568,1
opt_ood,log16,prepared_products,14,64,102156.250,1048576,4,67568,1
opt_ood,log16,production_blocked,15,64,92365.891,1048576,20,133328,1
opt_ood,log16,vector_products,15,64,119125.656,1048576,4,67568,1
opt_ood,log16,reuse_products,15,64,107435.547,1048576,3,67312,1
opt_ood,log16,indexed_products,15,64,98903.641,1048576,3,67312,1
opt_ood,log16,prepared_products,15,64,80611.328,1048576,4,67568,1
opt_ood,log16,collect_products,15,64,104994.141,1048576,4,67568,1
opt_ood,log16,vector_products,16,64,91535.797,1048576,4,67568,1
opt_ood,log16,indexed_products,16,64,85531.906,1048576,3,67312,1
opt_ood,log16,production_blocked,16,64,75299.484,1048576,20,133328,1
opt_ood,log16,collect_products,16,64,99447.266,1048576,4,67568,1
opt_ood,log16,prepared_products,16,64,103897.797,1048576,4,67568,1
opt_ood,log16,reuse_products,16,64,101410.797,1048576,3,67312,1
opt_ood,log16,collect_products,17,64,94228.516,1048576,4,67568,1
opt_ood,log16,production_blocked,17,64,86499.344,1048576,20,133328,1
opt_ood,log16,vector_products,17,64,107059.891,1048576,4,67568,1
opt_ood,log16,prepared_products,17,64,101805.328,1048576,4,67568,1
opt_ood,log16,indexed_products,17,64,102255.219,1048576,3,67312,1
opt_ood,log16,reuse_products,17,64,94114.594,1048576,3,67312,1
opt_ood,log16,collect_products,18,64,98916.656,1048576,4,67568,1
opt_ood,log16,indexed_products,18,64,106097.656,1048576,3,67312,1
opt_ood,log16,reuse_products,18,64,97911.453,1048576,3,67312,1
opt_ood,log16,production_blocked,18,64,81865.875,1048576,20,133328,1
opt_ood,log16,prepared_products,18,64,97611.984,1048576,4,67568,1
opt_ood,log16,vector_products,18,64,104353.516,1048576,4,67568,1
opt_ood,log16,production_blocked,19,64,78953.125,1048576,20,133328,1
opt_ood,log16,prepared_products,19,64,96315.094,1048576,4,67568,1
opt_ood,log16,indexed_products,19,64,98282.547,1048576,3,67312,1
opt_ood,log16,vector_products,19,64,100968.094,1048576,4,67568,1
opt_ood,log16,reuse_products,19,64,107923.172,1048576,3,67312,1
opt_ood,log16,collect_products,19,64,100707.031,1048576,4,67568,1
opt_ood,log16,prepared_products,20,64,97509.766,1048576,4,67568,1
opt_ood,log16,collect_products,20,64,95513.016,1048576,4,67568,1
opt_ood,log16,vector_products,20,64,99918.625,1048576,4,67568,1
opt_ood,log16,production_blocked,20,64,91973.312,1048576,20,133328,1
opt_ood,log16,reuse_products,20,64,101271.484,1048576,3,67312,1
opt_ood,log16,indexed_products,20,64,96186.859,1048576,3,67312,1
opt_ood,log16,vector_products,21,64,103940.094,1048576,4,67568,1
opt_ood,log16,production_blocked,21,64,78726.562,1048576,20,133328,1
opt_ood,log16,indexed_products,21,64,99412.109,1048576,3,67312,1
opt_ood,log16,prepared_products,21,64,99410.156,1048576,4,67568,1
opt_ood,log16,reuse_products,21,64,104331.375,1048576,3,67312,1
opt_ood,log16,collect_products,21,64,99964.844,1048576,4,67568,1
opt_ood,log16,indexed_products,22,64,106231.125,1048576,3,67312,1
opt_ood,log16,production_blocked,22,64,77752.609,1048576,20,133328,1
opt_ood,log16,collect_products,22,64,94443.359,1048576,4,67568,1
opt_ood,log16,prepared_products,22,64,106328.125,1048576,4,67568,1
opt_ood,log16,reuse_products,22,64,95050.781,1048576,3,67312,1
opt_ood,log16,vector_products,22,64,98184.234,1048576,4,67568,1
opt_ood,log16,production_blocked,23,64,86983.062,1048576,20,133328,1
opt_ood,log16,prepared_products,23,64,101626.953,1048576,4,67568,1
opt_ood,log16,indexed_products,23,64,95651.031,1048576,3,67312,1
opt_ood,log16,vector_products,23,64,93231.766,1048576,4,67568,1
opt_ood,log16,collect_products,23,64,103278.641,1048576,4,67568,1
opt_ood,log16,reuse_products,23,64,103810.547,1048576,3,67312,1
opt_ood,log16,prepared_products,24,64,101128.250,1048576,4,67568,1
opt_ood,log16,collect_products,24,64,99451.828,1048576,4,67568,1
opt_ood,log16,vector_products,24,64,94358.062,1048576,4,67568,1
opt_ood,log16,indexed_products,24,64,101177.078,1048576,3,67312,1
opt_ood,log16,reuse_products,24,64,99647.141,1048576,3,67312,1
opt_ood,log16,production_blocked,24,64,89414.719,1048576,20,133328,1
opt_ood,log16,prepared_products,25,64,102406.250,1048576,4,67568,1
opt_ood,log16,collect_products,25,64,102469.406,1048576,4,67568,1
opt_ood,log16,reuse_products,25,64,100801.438,1048576,3,67312,1
opt_ood,log16,vector_products,25,64,88703.125,1048576,4,67568,1
opt_ood,log16,indexed_products,25,64,90858.719,1048576,3,67312,1
opt_ood,log16,production_blocked,25,64,88008.453,1048576,20,133328,1
opt_ood,log16,collect_products,26,64,98576.172,1048576,4,67568,1
opt_ood,log16,vector_products,26,64,146296.875,1048576,4,67568,1
opt_ood,log16,reuse_products,26,64,103595.703,1048576,3,67312,1
opt_ood,log16,prepared_products,26,64,104080.078,1048576,4,67568,1
opt_ood,log16,production_blocked,26,64,82083.328,1048576,20,133328,1
opt_ood,log16,indexed_products,26,64,93426.422,1048576,3,67312,1
opt_ood,log16,production_blocked,27,64,80248.703,1048576,20,133328,1
opt_ood,log16,collect_products,27,64,102567.062,1048576,4,67568,1
opt_ood,log16,prepared_products,27,64,105272.125,1048576,4,67568,1
opt_ood,log16,indexed_products,27,64,108504.562,1048576,3,67312,1
opt_ood,log16,reuse_products,27,64,97903.000,1048576,3,67312,1
opt_ood,log16,vector_products,27,64,94884.766,1048576,4,67568,1
opt_ood,log16,indexed_products,28,64,104038.422,1048576,3,67312,1
opt_ood,log16,vector_products,28,64,96419.266,1048576,4,67568,1
opt_ood,log16,prepared_products,28,64,111125.000,1048576,4,67568,1
opt_ood,log16,production_blocked,28,64,91529.297,1048576,20,133328,1
opt_ood,log16,reuse_products,28,64,101059.234,1048576,3,67312,1
opt_ood,log16,collect_products,28,64,107177.094,1048576,4,67568,1
opt_ood,log16,indexed_products,29,64,104781.906,1048576,3,67312,1
opt_ood,log16,prepared_products,29,64,104572.266,1048576,4,67568,1
opt_ood,log16,production_blocked,29,64,89845.703,1048576,20,133328,1
opt_ood,log16,collect_products,29,64,87274.078,1048576,4,67568,1
opt_ood,log16,vector_products,29,64,102523.438,1048576,4,67568,1
opt_ood,log16,reuse_products,29,64,104231.766,1048576,3,67312,1
opt_ood,log16,collect_products,30,64,105270.844,1048576,4,67568,1
opt_ood,log16,production_blocked,30,64,82035.812,1048576,20,133328,1
opt_ood,log16,vector_products,30,64,105351.562,1048576,4,67568,1
opt_ood,log16,prepared_products,30,64,101620.453,1048576,4,67568,1
opt_ood,log16,indexed_products,30,64,103440.094,1048576,3,67312,1
opt_ood,log16,reuse_products,30,64,102682.938,1048576,3,67312,1
opt_ood,log16,vector_products,31,64,106106.781,1048576,4,67568,1
opt_ood,log16,indexed_products,31,64,96414.062,1048576,3,67312,1
opt_ood,log16,collect_products,31,64,106807.938,1048576,4,67568,1
opt_ood,log16,production_blocked,31,64,91225.266,1048576,20,133328,1
opt_ood,log16,reuse_products,31,64,105216.797,1048576,3,67312,1
opt_ood,log16,prepared_products,31,64,96889.312,1048576,4,67568,1
opt_ood_reuse,log16,allocate,0,32,104681.000,1048576,3,67312,1
opt_ood_reuse,log16,scratch,0,32,93608.062,1048576,1,1520,1
opt_ood_reuse,log16,indexed_scratch,0,32,112151.062,1048576,1,1520,1
opt_ood_reuse,log16,indexed_scratch,1,32,109187.500,1048576,1,1520,1
opt_ood_reuse,log16,scratch,1,32,84807.281,1048576,1,1520,1
opt_ood_reuse,log16,allocate,1,32,99914.062,1048576,3,67312,1
opt_ood_reuse,log16,scratch,2,32,102766.938,1048576,1,1520,1
opt_ood_reuse,log16,allocate,2,32,105757.812,1048576,3,67312,1
opt_ood_reuse,log16,indexed_scratch,2,32,101102.844,1048576,1,1520,1
opt_ood_reuse,log16,allocate,3,32,99355.469,1048576,3,67312,1
opt_ood_reuse,log16,indexed_scratch,3,32,104709.625,1048576,1,1520,1
opt_ood_reuse,log16,scratch,3,32,94752.625,1048576,1,1520,1
opt_ood_reuse,log16,allocate,4,32,89971.344,1048576,3,67312,1
opt_ood_reuse,log16,indexed_scratch,4,32,84958.344,1048576,1,1520,1
opt_ood_reuse,log16,scratch,4,32,97567.719,1048576,1,1520,1
opt_ood_reuse,log16,scratch,5,32,102869.781,1048576,1,1520,1
opt_ood_reuse,log16,allocate,5,32,92381.531,1048576,3,67312,1
opt_ood_reuse,log16,indexed_scratch,5,32,101164.062,1048576,1,1520,1
opt_ood_reuse,log16,indexed_scratch,6,32,102454.438,1048576,1,1520,1
opt_ood_reuse,log16,allocate,6,32,104934.906,1048576,3,67312,1
opt_ood_reuse,log16,scratch,6,32,105273.438,1048576,1,1520,1
opt_ood_reuse,log16,indexed_scratch,7,32,98976.562,1048576,1,1520,1
opt_ood_reuse,log16,scratch,7,32,86782.562,1048576,1,1520,1
opt_ood_reuse,log16,allocate,7,32,94583.344,1048576,3,67312,1
opt_ood_reuse,log16,scratch,8,32,99257.812,1048576,1,1520,1
opt_ood_reuse,log16,allocate,8,32,96281.250,1048576,3,67312,1
opt_ood_reuse,log16,indexed_scratch,8,32,95283.844,1048576,1,1520,1
opt_ood_reuse,log16,scratch,9,32,108678.406,1048576,1,1520,1
opt_ood_reuse,log16,indexed_scratch,9,32,108571.625,1048576,1,1520,1
opt_ood_reuse,log16,allocate,9,32,104683.594,1048576,3,67312,1
opt_ood_reuse,log16,indexed_scratch,10,32,93959.625,1048576,1,1520,1
opt_ood_reuse,log16,allocate,10,32,106282.562,1048576,3,67312,1
opt_ood_reuse,log16,scratch,10,32,101759.125,1048576,1,1520,1
opt_ood_reuse,log16,scratch,11,32,102619.781,1048576,1,1520,1
opt_ood_reuse,log16,allocate,11,32,89837.250,1048576,3,67312,1
opt_ood_reuse,log16,indexed_scratch,11,32,108226.562,1048576,1,1520,1
opt_ood_reuse,log16,allocate,12,32,100131.500,1048576,3,67312,1
opt_ood_reuse,log16,scratch,12,32,92542.969,1048576,1,1520,1
opt_ood_reuse,log16,indexed_scratch,12,32,90049.469,1048576,1,1520,1
opt_ood_reuse,log16,scratch,13,32,88777.344,1048576,1,1520,1
opt_ood_reuse,log16,indexed_scratch,13,32,100847.656,1048576,1,1520,1
opt_ood_reuse,log16,allocate,13,32,92696.594,1048576,3,67312,1
opt_ood_reuse,log16,indexed_scratch,14,32,104283.844,1048576,1,1520,1
opt_ood_reuse,log16,scratch,14,32,98785.156,1048576,1,1520,1
opt_ood_reuse,log16,allocate,14,32,94273.438,1048576,3,67312,1
opt_ood_reuse,log16,indexed_scratch,15,32,107695.312,1048576,1,1520,1
opt_ood_reuse,log16,allocate,15,32,94613.281,1048576,3,67312,1
opt_ood_reuse,log16,scratch,15,32,99364.562,1048576,1,1520,1
opt_ood_reuse,log16,scratch,16,32,105429.688,1048576,1,1520,1
opt_ood_reuse,log16,indexed_scratch,16,32,108526.031,1048576,1,1520,1
opt_ood_reuse,log16,allocate,16,32,101973.969,1048576,3,67312,1
opt_ood_reuse,log16,indexed_scratch,17,32,88291.656,1048576,1,1520,1
opt_ood_reuse,log16,allocate,17,32,108522.125,1048576,3,67312,1
opt_ood_reuse,log16,scratch,17,32,107850.281,1048576,1,1520,1
opt_ood_reuse,log16,scratch,18,32,98296.875,1048576,1,1520,1
opt_ood_reuse,log16,indexed_scratch,18,32,102436.188,1048576,1,1520,1
opt_ood_reuse,log16,allocate,18,32,93740.875,1048576,3,67312,1
opt_ood_reuse,log16,scratch,19,32,94539.062,1048576,1,1520,1
opt_ood_reuse,log16,indexed_scratch,19,32,104361.969,1048576,1,1520,1
opt_ood_reuse,log16,allocate,19,32,99542.969,1048576,3,67312,1
opt_ood_reuse,log16,allocate,20,32,97421.875,1048576,3,67312,1
opt_ood_reuse,log16,scratch,20,32,95257.812,1048576,1,1520,1
opt_ood_reuse,log16,indexed_scratch,20,32,99861.969,1048576,1,1520,1
opt_ood_reuse,log16,indexed_scratch,21,32,95569.000,1048576,1,1520,1
opt_ood_reuse,log16,allocate,21,32,103173.188,1048576,3,67312,1
opt_ood_reuse,log16,scratch,21,32,98712.219,1048576,1,1520,1
opt_ood_reuse,log16,allocate,22,32,107319.031,1048576,3,67312,1
opt_ood_reuse,log16,scratch,22,32,106917.969,1048576,1,1520,1
opt_ood_reuse,log16,indexed_scratch,22,32,99104.156,1048576,1,1520,1
opt_ood_reuse,log16,indexed_scratch,23,32,89490.906,1048576,1,1520,1
opt_ood_reuse,log16,scratch,23,32,96414.062,1048576,1,1520,1
opt_ood_reuse,log16,allocate,23,32,96928.406,1048576,3,67312,1
opt_ood_reuse,log16,allocate,24,32,97341.125,1048576,3,67312,1
opt_ood_reuse,log16,indexed_scratch,24,32,93218.750,1048576,1,1520,1
opt_ood_reuse,log16,scratch,24,32,98734.375,1048576,1,1520,1
opt_ood_reuse,log16,scratch,25,32,114214.844,1048576,1,1520,1
opt_ood_reuse,log16,indexed_scratch,25,32,108511.719,1048576,1,1520,1
opt_ood_reuse,log16,allocate,25,32,106037.750,1048576,3,67312,1
opt_ood_reuse,log16,scratch,26,32,104497.406,1048576,1,1520,1
opt_ood_reuse,log16,indexed_scratch,26,32,95811.188,1048576,1,1520,1
opt_ood_reuse,log16,allocate,26,32,106269.531,1048576,3,67312,1
opt_ood_reuse,log16,allocate,27,32,108679.688,1048576,3,67312,1
opt_ood_reuse,log16,indexed_scratch,27,32,92169.281,1048576,1,1520,1
opt_ood_reuse,log16,scratch,27,32,104804.688,1048576,1,1520,1
opt_ood_reuse,log16,indexed_scratch,28,32,104035.156,1048576,1,1520,1
opt_ood_reuse,log16,allocate,28,32,103369.781,1048576,3,67312,1
opt_ood_reuse,log16,scratch,28,32,100039.062,1048576,1,1520,1
opt_ood_reuse,log16,scratch,29,32,89847.656,1048576,1,1520,1
opt_ood_reuse,log16,indexed_scratch,29,32,90786.469,1048576,1,1520,1
opt_ood_reuse,log16,allocate,29,32,101548.188,1048576,3,67312,1
opt_ood_reuse,log16,allocate,30,32,104778.656,1048576,3,67312,1
opt_ood_reuse,log16,scratch,30,32,112457.031,1048576,1,1520,1
opt_ood_reuse,log16,indexed_scratch,30,32,102537.781,1048576,1,1520,1
opt_ood_reuse,log16,allocate,31,32,105414.062,1048576,3,67312,1
opt_ood_reuse,log16,scratch,31,32,103828.125,1048576,1,1520,1
opt_ood_reuse,log16,indexed_scratch,31,32,82261.719,1048576,1,1520,1
opt_ood,log18,vector_products,0,32,155712.219,4194304,4,69104,1
opt_ood,log18,indexed_products,0,32,151425.781,4194304,3,68080,1
opt_ood,log18,collect_products,0,32,136996.094,4194304,4,69104,1
opt_ood,log18,reuse_products,0,32,144901.031,4194304,3,68080,1
opt_ood,log18,prepared_products,0,32,164746.094,4194304,4,69104,1
opt_ood,log18,production_blocked,0,32,131990.906,4194304,22,135632,1
opt_ood,log18,production_blocked,1,32,147792.969,4194304,22,135632,1
opt_ood,log18,indexed_products,1,32,151300.781,4194304,3,68080,1
opt_ood,log18,prepared_products,1,32,147816.406,4194304,4,69104,1
opt_ood,log18,vector_products,1,32,179023.438,4194304,4,69104,1
opt_ood,log18,collect_products,1,32,153697.906,4194304,4,69104,1
opt_ood,log18,reuse_products,1,32,165203.125,4194304,3,68080,1
opt_ood,log18,prepared_products,2,32,185598.969,4194304,4,69104,1
opt_ood,log18,reuse_products,2,32,129520.812,4194304,3,68080,1
opt_ood,log18,vector_products,2,32,212406.250,4194304,4,69104,1
opt_ood,log18,collect_products,2,32,168476.562,4194304,4,69104,1
opt_ood,log18,production_blocked,2,32,156272.156,4194304,22,135632,1
opt_ood,log18,indexed_products,2,32,138458.312,4194304,3,68080,1
opt_ood,log18,collect_products,3,32,139878.906,4194304,4,69104,1
opt_ood,log18,prepared_products,3,32,134075.531,4194304,4,69104,1
opt_ood,log18,reuse_products,3,32,136601.562,4194304,3,68080,1
opt_ood,log18,vector_products,3,32,135109.375,4194304,4,69104,1
opt_ood,log18,production_blocked,3,32,112902.344,4194304,22,135632,1
opt_ood,log18,indexed_products,3,32,125209.625,4194304,3,68080,1
opt_ood,log18,prepared_products,4,32,134669.281,4194304,4,69104,1
opt_ood,log18,reuse_products,4,32,130721.344,4194304,3,68080,1
opt_ood,log18,indexed_products,4,32,129575.531,4194304,3,68080,1
opt_ood,log18,vector_products,4,32,127412.750,4194304,4,69104,1
opt_ood,log18,collect_products,4,32,151144.531,4194304,4,69104,1
opt_ood,log18,production_blocked,4,32,140714.844,4194304,22,135632,1
opt_ood,log18,indexed_products,5,32,140260.438,4194304,3,68080,1
opt_ood,log18,prepared_products,5,32,138200.531,4194304,4,69104,1
opt_ood,log18,collect_products,5,32,145381.500,4194304,4,69104,1
opt_ood,log18,vector_products,5,32,149087.250,4194304,4,69104,1
opt_ood,log18,production_blocked,5,32,125334.656,4194304,22,135632,1
opt_ood,log18,reuse_products,5,32,135619.812,4194304,3,68080,1
opt_ood,log18,production_blocked,6,32,134934.906,4194304,22,135632,1
opt_ood,log18,collect_products,6,32,120220.062,4194304,4,69104,1
opt_ood,log18,reuse_products,6,32,135766.938,4194304,3,68080,1
opt_ood,log18,indexed_products,6,32,130503.906,4194304,3,68080,1
opt_ood,log18,prepared_products,6,32,174174.469,4194304,4,69104,1
opt_ood,log18,vector_products,6,32,142001.281,4194304,4,69104,1
opt_ood,log18,production_blocked,7,32,136470.062,4194304,22,135632,1
opt_ood,log18,prepared_products,7,32,153256.500,4194304,4,69104,1
opt_ood,log18,collect_products,7,32,141829.438,4194304,4,69104,1
opt_ood,log18,reuse_products,7,32,153865.906,4194304,3,68080,1
opt_ood,log18,indexed_products,7,32,126630.219,4194304,3,68080,1
opt_ood,log18,vector_products,7,32,146192.719,4194304,4,69104,1
opt_ood,log18,indexed_products,8,32,144916.656,4194304,3,68080,1
opt_ood,log18,vector_products,8,32,163476.562,4194304,4,69104,1
opt_ood,log18,collect_products,8,32,148592.438,4194304,4,69104,1
opt_ood,log18,production_blocked,8,32,125369.812,4194304,22,135632,1
opt_ood,log18,prepared_products,8,32,143552.094,4194304,4,69104,1
opt_ood,log18,reuse_products,8,32,168569.000,4194304,3,68080,1
opt_ood,log18,indexed_products,9,32,136828.125,4194304,3,68080,1
opt_ood,log18,prepared_products,9,32,132632.812,4194304,4,69104,1
opt_ood,log18,collect_products,9,32,128796.875,4194304,4,69104,1
opt_ood,log18,reuse_products,9,32,155029.938,4194304,3,68080,1
opt_ood,log18,production_blocked,9,32,138851.562,4194304,22,135632,1
opt_ood,log18,vector_products,9,32,212898.438,4194304,4,69104,1
opt_ood,log18,collect_products,10,32,134635.438,4194304,4,69104,1
opt_ood,log18,production_blocked,10,32,137369.781,4194304,22,135632,1
opt_ood,log18,reuse_products,10,32,171072.938,4194304,3,68080,1
opt_ood,log18,indexed_products,10,32,151514.312,4194304,3,68080,1
opt_ood,log18,prepared_products,10,32,157481.781,4194304,4,69104,1
opt_ood,log18,vector_products,10,32,158760.406,4194304,4,69104,1
opt_ood,log18,indexed_products,11,32,156160.156,4194304,3,68080,1
opt_ood,log18,collect_products,11,32,148451.812,4194304,4,69104,1
opt_ood,log18,prepared_products,11,32,129375.000,4194304,4,69104,1
opt_ood,log18,production_blocked,11,32,146388.031,4194304,22,135632,1
opt_ood,log18,reuse_products,11,32,140946.625,4194304,3,68080,1
opt_ood,log18,vector_products,11,32,148903.656,4194304,4,69104,1
opt_ood,log18,reuse_products,12,32,150860.688,4194304,3,68080,1
opt_ood,log18,production_blocked,12,32,128968.750,4194304,22,135632,1
opt_ood,log18,collect_products,12,32,147091.156,4194304,4,69104,1
opt_ood,log18,vector_products,12,32,144733.062,4194304,4,69104,1
opt_ood,log18,indexed_products,12,32,151526.031,4194304,3,68080,1
opt_ood,log18,prepared_products,12,32,141049.469,4194304,4,69104,1
opt_ood,log18,collect_products,13,32,145486.969,4194304,4,69104,1
opt_ood,log18,reuse_products,13,32,134431.000,4194304,3,68080,1
opt_ood,log18,indexed_products,13,32,145548.188,4194304,3,68080,1
opt_ood,log18,production_blocked,13,32,124824.219,4194304,22,135632,1
opt_ood,log18,vector_products,13,32,153910.156,4194304,4,69104,1
opt_ood,log18,prepared_products,13,32,150200.531,4194304,4,69104,1
opt_ood,log18,reuse_products,14,32,136537.750,4194304,3,68080,1
opt_ood,log18,vector_products,14,32,128947.938,4194304,4,69104,1
opt_ood,log18,prepared_products,14,32,150475.281,4194304,4,69104,1
opt_ood,log18,production_blocked,14,32,140066.406,4194304,22,135632,1
opt_ood,log18,collect_products,14,32,145007.812,4194304,4,69104,1
opt_ood,log18,indexed_products,14,32,158936.219,4194304,3,68080,1
opt_ood,log18,collect_products,15,32,153274.750,4194304,4,69104,1
opt_ood,log18,prepared_products,15,32,152684.875,4194304,4,69104,1
opt_ood,log18,production_blocked,15,32,143884.125,4194304,22,135632,1
opt_ood,log18,vector_products,15,32,140076.844,4194304,4,69104,1
opt_ood,log18,reuse_products,15,32,155585.938,4194304,3,68080,1
opt_ood,log18,indexed_products,15,32,140470.031,4194304,3,68080,1
opt_ood,log18,vector_products,16,32,144850.250,4194304,4,69104,1
opt_ood,log18,prepared_products,16,32,154500.000,4194304,4,69104,1
opt_ood,log18,indexed_products,16,32,143328.125,4194304,3,68080,1
opt_ood,log18,reuse_products,16,32,148911.469,4194304,3,68080,1
opt_ood,log18,production_blocked,16,32,125882.812,4194304,22,135632,1
opt_ood,log18,collect_products,16,32,148358.062,4194304,4,69104,1
opt_ood,log18,production_blocked,17,32,120716.156,4194304,22,135632,1
opt_ood,log18,indexed_products,17,32,143373.688,4194304,3,68080,1
opt_ood,log18,collect_products,17,32,141031.250,4194304,4,69104,1
opt_ood,log18,prepared_products,17,32,153811.219,4194304,4,69104,1
opt_ood,log18,reuse_products,17,32,149408.844,4194304,3,68080,1
opt_ood,log18,vector_products,17,32,155127.594,4194304,4,69104,1
opt_ood,log18,production_blocked,18,32,129759.094,4194304,22,135632,1
opt_ood,log18,indexed_products,18,32,153657.562,4194304,3,68080,1
opt_ood,log18,vector_products,18,32,143463.531,4194304,4,69104,1
opt_ood,log18,collect_products,18,32,149337.219,4194304,4,69104,1
opt_ood,log18,prepared_products,18,32,153454.438,4194304,4,69104,1
opt_ood,log18,reuse_products,18,32,138885.438,4194304,3,68080,1
opt_ood,log18,collect_products,19,32,146311.188,4194304,4,69104,1
opt_ood,log18,vector_products,19,32,143992.188,4194304,4,69104,1
opt_ood,log18,indexed_products,19,32,146097.656,4194304,3,68080,1
opt_ood,log18,reuse_products,19,32,153194.000,4194304,3,68080,1
opt_ood,log18,production_blocked,19,32,133557.312,4194304,22,135632,1
opt_ood,log18,prepared_products,19,32,160399.750,4194304,4,69104,1
opt_ood,log18,prepared_products,20,32,154072.906,4194304,4,69104,1
opt_ood,log18,vector_products,20,32,146351.562,4194304,4,69104,1
opt_ood,log18,indexed_products,20,32,143093.750,4194304,3,68080,1
opt_ood,log18,production_blocked,20,32,133730.469,4194304,22,135632,1
opt_ood,log18,collect_products,20,32,152205.719,4194304,4,69104,1
opt_ood,log18,reuse_products,20,32,150050.781,4194304,3,68080,1
opt_ood,log18,indexed_products,21,32,163346.344,4194304,3,68080,1
opt_ood,log18,reuse_products,21,32,144501.312,4194304,3,68080,1
opt_ood,log18,production_blocked,21,32,129651.062,4194304,22,135632,1
opt_ood,log18,prepared_products,21,32,154621.094,4194304,4,69104,1
opt_ood,log18,vector_products,21,32,158769.531,4194304,4,69104,1
opt_ood,log18,collect_products,21,32,149994.781,4194304,4,69104,1
opt_ood,log18,production_blocked,22,32,142873.719,4194304,22,135632,1
opt_ood,log18,collect_products,22,32,176532.531,4194304,4,69104,1
opt_ood,log18,indexed_products,22,32,153778.656,4194304,3,68080,1
opt_ood,log18,vector_products,22,32,136121.094,4194304,4,69104,1
opt_ood,log18,reuse_products,22,32,142493.500,4194304,3,68080,1
opt_ood,log18,prepared_products,22,32,140201.812,4194304,4,69104,1
opt_ood,log18,vector_products,23,32,161457.031,4194304,4,69104,1
opt_ood,log18,production_blocked,23,32,222306.000,4194304,22,135632,1
opt_ood,log18,prepared_products,23,32,149298.156,4194304,4,69104,1
opt_ood,log18,indexed_products,23,32,146438.812,4194304,3,68080,1
opt_ood,log18,collect_products,23,32,129427.094,4194304,4,69104,1
opt_ood,log18,reuse_products,23,32,144053.375,4194304,3,68080,1
opt_ood,log18,production_blocked,24,32,136712.250,4194304,22,135632,1
opt_ood,log18,reuse_products,24,32,151623.688,4194304,3,68080,1
opt_ood,log18,vector_products,24,32,138618.469,4194304,4,69104,1
opt_ood,log18,indexed_products,24,32,137960.938,4194304,3,68080,1
opt_ood,log18,collect_products,24,32,154761.719,4194304,4,69104,1
opt_ood,log18,prepared_products,24,32,141725.250,4194304,4,69104,1
opt_ood,log18,collect_products,25,32,147683.594,4194304,4,69104,1
opt_ood,log18,indexed_products,25,32,138100.281,4194304,3,68080,1
opt_ood,log18,production_blocked,25,32,134041.656,4194304,22,135632,1
opt_ood,log18,reuse_products,25,32,142833.344,4194304,3,68080,1
opt_ood,log18,vector_products,25,32,153710.938,4194304,4,69104,1
opt_ood,log18,prepared_products,25,32,139291.656,4194304,4,69104,1
opt_ood,log18,prepared_products,26,32,167342.469,4194304,4,69104,1
opt_ood,log18,production_blocked,26,32,148447.938,4194304,22,135632,1
opt_ood,log18,collect_products,26,32,148980.469,4194304,4,69104,1
opt_ood,log18,reuse_products,26,32,144792.969,4194304,3,68080,1
opt_ood,log18,vector_products,26,32,143621.094,4194304,4,69104,1
opt_ood,log18,indexed_products,26,32,150088.531,4194304,3,68080,1
opt_ood,log18,production_blocked,27,32,126867.188,4194304,22,135632,1
opt_ood,log18,reuse_products,27,32,146420.594,4194304,3,68080,1
opt_ood,log18,prepared_products,27,32,150541.656,4194304,4,69104,1
opt_ood,log18,collect_products,27,32,143098.938,4194304,4,69104,1
opt_ood,log18,indexed_products,27,32,141630.219,4194304,3,68080,1
opt_ood,log18,vector_products,27,32,153886.719,4194304,4,69104,1
opt_ood,log18,collect_products,28,32,146665.375,4194304,4,69104,1
opt_ood,log18,prepared_products,28,32,147321.594,4194304,4,69104,1
opt_ood,log18,production_blocked,28,32,147752.594,4194304,22,135632,1
opt_ood,log18,indexed_products,28,32,162536.469,4194304,3,68080,1
opt_ood,log18,reuse_products,28,32,147980.469,4194304,3,68080,1
opt_ood,log18,vector_products,28,32,143768.219,4194304,4,69104,1
opt_ood,log18,reuse_products,29,32,133796.875,4194304,3,68080,1
opt_ood,log18,vector_products,29,32,142398.438,4194304,4,69104,1
opt_ood,log18,indexed_products,29,32,143039.062,4194304,3,68080,1
opt_ood,log18,prepared_products,29,32,150125.000,4194304,4,69104,1
opt_ood,log18,production_blocked,29,32,132363.281,4194304,22,135632,1
opt_ood,log18,collect_products,29,32,132835.938,4194304,4,69104,1
opt_ood,log18,reuse_products,30,32,150203.125,4194304,3,68080,1
opt_ood,log18,production_blocked,30,32,134369.781,4194304,22,135632,1
opt_ood,log18,collect_products,30,32,143029.938,4194304,4,69104,1
opt_ood,log18,indexed_products,30,32,148688.812,4194304,3,68080,1
opt_ood,log18,vector_products,30,32,147229.156,4194304,4,69104,1
opt_ood,log18,prepared_products,30,32,143904.938,4194304,4,69104,1
opt_ood,log18,collect_products,31,32,147291.656,4194304,4,69104,1
opt_ood,log18,prepared_products,31,32,140513.000,4194304,4,69104,1
opt_ood,log18,reuse_products,31,32,140516.938,4194304,3,68080,1
opt_ood,log18,production_blocked,31,32,130415.344,4194304,22,135632,1
opt_ood,log18,indexed_products,31,32,137873.688,4194304,3,68080,1
opt_ood,log18,vector_products,31,32,146973.938,4194304,4,69104,1
opt_ood_reuse,log18,indexed_scratch,0,32,164296.875,4194304,1,1520,1
opt_ood_reuse,log18,allocate,0,32,139011.719,4194304,3,68080,1
opt_ood_reuse,log18,scratch,0,32,193156.250,4194304,1,1520,1
opt_ood_reuse,log18,scratch,1,32,144351.562,4194304,1,1520,1
opt_ood_reuse,log18,allocate,1,32,143101.562,4194304,3,68080,1
opt_ood_reuse,log18,indexed_scratch,1,32,149506.500,4194304,1,1520,1
opt_ood_reuse,log18,indexed_scratch,2,32,153699.219,4194304,1,1520,1
opt_ood_reuse,log18,allocate,2,32,174970.062,4194304,3,68080,1
opt_ood_reuse,log18,scratch,2,32,142322.906,4194304,1,1520,1
opt_ood_reuse,log18,scratch,3,32,143109.375,4194304,1,1520,1
opt_ood_reuse,log18,allocate,3,32,135171.875,4194304,3,68080,1
opt_ood_reuse,log18,indexed_scratch,3,32,132876.312,4194304,1,1520,1
opt_ood_reuse,log18,scratch,4,32,134196.594,4194304,1,1520,1
opt_ood_reuse,log18,indexed_scratch,4,32,141268.219,4194304,1,1520,1
opt_ood_reuse,log18,allocate,4,32,149665.344,4194304,3,68080,1
opt_ood_reuse,log18,indexed_scratch,5,32,146585.938,4194304,1,1520,1
opt_ood_reuse,log18,scratch,5,32,191834.656,4194304,1,1520,1
opt_ood_reuse,log18,allocate,5,32,141080.719,4194304,3,68080,1
opt_ood_reuse,log18,scratch,6,32,153481.750,4194304,1,1520,1
opt_ood_reuse,log18,indexed_scratch,6,32,157161.469,4194304,1,1520,1
opt_ood_reuse,log18,allocate,6,32,145144.531,4194304,3,68080,1
opt_ood_reuse,log18,allocate,7,32,149860.656,4194304,3,68080,1
opt_ood_reuse,log18,indexed_scratch,7,32,144098.969,4194304,1,1520,1
opt_ood_reuse,log18,scratch,7,32,138134.125,4194304,1,1520,1
opt_ood_reuse,log18,indexed_scratch,8,32,127704.438,4194304,1,1520,1
opt_ood_reuse,log18,scratch,8,32,140679.688,4194304,1,1520,1
opt_ood_reuse,log18,allocate,8,32,192190.094,4194304,3,68080,1
opt_ood_reuse,log18,scratch,9,32,134035.156,4194304,1,1520,1
opt_ood_reuse,log18,allocate,9,32,163940.094,4194304,3,68080,1
opt_ood_reuse,log18,indexed_scratch,9,32,147796.875,4194304,1,1520,1
opt_ood_reuse,log18,allocate,10,32,142292.969,4194304,3,68080,1
opt_ood_reuse,log18,scratch,10,32,172248.688,4194304,1,1520,1
opt_ood_reuse,log18,indexed_scratch,10,32,172639.344,4194304,1,1520,1
opt_ood_reuse,log18,scratch,11,32,150592.438,4194304,1,1520,1
opt_ood_reuse,log18,indexed_scratch,11,32,158091.156,4194304,1,1520,1
opt_ood_reuse,log18,allocate,11,32,151200.531,4194304,3,68080,1
opt_ood_reuse,log18,allocate,12,32,140311.188,4194304,3,68080,1
opt_ood_reuse,log18,scratch,12,32,138895.844,4194304,1,1520,1
opt_ood_reuse,log18,indexed_scratch,12,32,172458.344,4194304,1,1520,1
opt_ood_reuse,log18,scratch,13,32,131109.375,4194304,1,1520,1
opt_ood_reuse,log18,allocate,13,32,129125.000,4194304,3,68080,1
opt_ood_reuse,log18,indexed_scratch,13,32,134736.969,4194304,1,1520,1
opt_ood_reuse,log18,indexed_scratch,14,32,145078.125,4194304,1,1520,1
opt_ood_reuse,log18,scratch,14,32,141476.562,4194304,1,1520,1
opt_ood_reuse,log18,allocate,14,32,135924.469,4194304,3,68080,1
opt_ood_reuse,log18,indexed_scratch,15,32,155636.719,4194304,1,1520,1
opt_ood_reuse,log18,scratch,15,32,137503.906,4194304,1,1520,1
opt_ood_reuse,log18,allocate,15,32,294164.062,4194304,3,68080,1
opt_ood_reuse,log18,indexed_scratch,16,32,142132.812,4194304,1,1520,1
opt_ood_reuse,log18,scratch,16,32,156015.625,4194304,1,1520,1
opt_ood_reuse,log18,allocate,16,32,175716.125,4194304,3,68080,1
opt_ood_reuse,log18,indexed_scratch,17,32,135774.719,4194304,1,1520,1
opt_ood_reuse,log18,scratch,17,32,177984.375,4194304,1,1520,1
opt_ood_reuse,log18,allocate,17,32,144368.500,4194304,3,68080,1
opt_ood_reuse,log18,indexed_scratch,18,32,159066.406,4194304,1,1520,1
opt_ood_reuse,log18,allocate,18,32,140233.094,4194304,3,68080,1
opt_ood_reuse,log18,scratch,18,32,141298.188,4194304,1,1520,1
opt_ood_reuse,log18,allocate,19,32,124152.344,4194304,3,68080,1
opt_ood_reuse,log18,indexed_scratch,19,32,122782.531,4194304,1,1520,1
opt_ood_reuse,log18,scratch,19,32,145619.812,4194304,1,1520,1
opt_ood_reuse,log18,allocate,20,32,133654.969,4194304,3,68080,1
opt_ood_reuse,log18,indexed_scratch,20,32,140756.500,4194304,1,1520,1
opt_ood_reuse,log18,scratch,20,32,153169.250,4194304,1,1520,1
opt_ood_reuse,log18,allocate,21,32,150641.938,4194304,3,68080,1
opt_ood_reuse,log18,indexed_scratch,21,32,142520.812,4194304,1,1520,1
opt_ood_reuse,log18,scratch,21,32,158649.719,4194304,1,1520,1
opt_ood_reuse,log18,indexed_scratch,22,32,140476.562,4194304,1,1520,1
opt_ood_reuse,log18,scratch,22,32,136402.344,4194304,1,1520,1
opt_ood_reuse,log18,allocate,22,32,144003.906,4194304,3,68080,1
opt_ood_reuse,log18,allocate,23,32,145596.344,4194304,3,68080,1
opt_ood_reuse,log18,indexed_scratch,23,32,143102.844,4194304,1,1520,1
opt_ood_reuse,log18,scratch,23,32,145507.812,4194304,1,1520,1
opt_ood_reuse,log18,allocate,24,32,137669.250,4194304,3,68080,1
opt_ood_reuse,log18,scratch,24,32,164330.750,4194304,1,1520,1
opt_ood_reuse,log18,indexed_scratch,24,32,182919.281,4194304,1,1520,1
opt_ood_reuse,log18,scratch,25,32,148091.156,4194304,1,1520,1
opt_ood_reuse,log18,allocate,25,32,146522.156,4194304,3,68080,1
opt_ood_reuse,log18,indexed_scratch,25,32,136867.188,4194304,1,1520,1
opt_ood_reuse,log18,scratch,26,32,148123.688,4194304,1,1520,1
opt_ood_reuse,log18,allocate,26,32,147781.250,4194304,3,68080,1
opt_ood_reuse,log18,indexed_scratch,26,32,144458.344,4194304,1,1520,1
opt_ood_reuse,log18,indexed_scratch,27,32,130441.406,4194304,1,1520,1
opt_ood_reuse,log18,allocate,27,32,116785.156,4194304,3,68080,1
opt_ood_reuse,log18,scratch,27,32,126242.188,4194304,1,1520,1
opt_ood_reuse,log18,scratch,28,32,145319.000,4194304,1,1520,1
opt_ood_reuse,log18,allocate,28,32,210260.438,4194304,3,68080,1
opt_ood_reuse,log18,indexed_scratch,28,32,151858.094,4194304,1,1520,1
opt_ood_reuse,log18,allocate,29,32,143410.156,4194304,3,68080,1
opt_ood_reuse,log18,scratch,29,32,131884.125,4194304,1,1520,1
opt_ood_reuse,log18,indexed_scratch,29,32,149768.219,4194304,1,1520,1
opt_ood_reuse,log18,allocate,30,32,145617.188,4194304,3,68080,1
opt_ood_reuse,log18,indexed_scratch,30,32,144506.500,4194304,1,1520,1
opt_ood_reuse,log18,scratch,30,32,142289.062,4194304,1,1520,1
opt_ood_reuse,log18,scratch,31,32,156996.094,4194304,1,1520,1
opt_ood_reuse,log18,allocate,31,32,146397.125,4194304,3,68080,1
opt_ood_reuse,log18,indexed_scratch,31,32,140212.250,4194304,1,1520,1
opt_ntt,log8_lanes1,production,0,1024,2824.503,12288,0,0,1
opt_ntt,log8_lanes1,half_depth,0,1024,3192.586,12288,0,0,1
opt_ntt,log8_lanes1,tiled_half,0,1024,3239.990,12288,0,0,1
opt_ntt,log8_lanes1,depth_first,0,1024,4077.067,12288,0,0,1
opt_ntt,log8_lanes1,production,1,1024,3230.184,12288,0,0,1
opt_ntt,log8_lanes1,half_depth,1,1024,2976.562,12288,0,0,1
opt_ntt,log8_lanes1,tiled_half,1,1024,2960.652,12288,0,0,1
opt_ntt,log8_lanes1,depth_first,1,1024,3592.447,12288,0,0,1
opt_ntt,log8_lanes1,half_depth,2,1024,3138.184,12288,0,0,1
opt_ntt,log8_lanes1,tiled_half,2,1024,3125.691,12288,0,0,1
opt_ntt,log8_lanes1,production,2,1024,2634.236,12288,0,0,1
opt_ntt,log8_lanes1,depth_first,2,1024,3671.305,12288,0,0,1
opt_ntt,log8_lanes1,production,3,1024,2581.177,12288,0,0,1
opt_ntt,log8_lanes1,half_depth,3,1024,2942.505,12288,0,0,1
opt_ntt,log8_lanes1,tiled_half,3,1024,3132.976,12288,0,0,1
opt_ntt,log8_lanes1,depth_first,3,1024,3493.124,12288,0,0,1
opt_ntt,log8_lanes1,depth_first,4,1024,3417.033,12288,0,0,1
opt_ntt,log8_lanes1,half_depth,4,1024,3432.861,12288,0,0,1
opt_ntt,log8_lanes1,production,4,1024,2824.585,12288,0,0,1
opt_ntt,log8_lanes1,tiled_half,4,1024,2975.627,12288,0,0,1
opt_ntt,log8_lanes1,half_depth,5,1024,2972.087,12288,0,0,1
opt_ntt,log8_lanes1,depth_first,5,1024,3660.156,12288,0,0,1
opt_ntt,log8_lanes1,production,5,1024,2726.440,12288,0,0,1
opt_ntt,log8_lanes1,tiled_half,5,1024,3015.706,12288,0,0,1
opt_ntt,log8_lanes1,depth_first,6,1024,3549.235,12288,0,0,1
opt_ntt,log8_lanes1,production,6,1024,2710.327,12288,0,0,1
opt_ntt,log8_lanes1,tiled_half,6,1024,3076.619,12288,0,0,1
opt_ntt,log8_lanes1,half_depth,6,1024,2974.039,12288,0,0,1
opt_ntt,log8_lanes1,half_depth,7,1024,3242.065,12288,0,0,1
opt_ntt,log8_lanes1,tiled_half,7,1024,3289.511,12288,0,0,1
opt_ntt,log8_lanes1,depth_first,7,1024,3943.115,12288,0,0,1
opt_ntt,log8_lanes1,production,7,1024,2534.180,12288,0,0,1
opt_ntt,log8_lanes1,production,8,1024,2538.899,12288,0,0,1
opt_ntt,log8_lanes1,depth_first,8,1024,3662.598,12288,0,0,1
opt_ntt,log8_lanes1,tiled_half,8,1024,3237.752,12288,0,0,1
opt_ntt,log8_lanes1,half_depth,8,1024,3266.235,12288,0,0,1
opt_ntt,log8_lanes1,production,9,1024,2591.349,12288,0,0,1
opt_ntt,log8_lanes1,half_depth,9,1024,3069.661,12288,0,0,1
opt_ntt,log8_lanes1,tiled_half,9,1024,3202.596,12288,0,0,1
opt_ntt,log8_lanes1,depth_first,9,1024,4133.301,12288,0,0,1
opt_ntt,log8_lanes1,tiled_half,10,1024,3247.844,12288,0,0,1
opt_ntt,log8_lanes1,depth_first,10,1024,3366.740,12288,0,0,1
opt_ntt,log8_lanes1,half_depth,10,1024,2896.321,12288,0,0,1
opt_ntt,log8_lanes1,production,10,1024,2557.983,12288,0,0,1
opt_ntt,log8_lanes1,depth_first,11,1024,3550.375,12288,0,0,1
opt_ntt,log8_lanes1,tiled_half,11,1024,3179.606,12288,0,0,1
opt_ntt,log8_lanes1,production,11,1024,2532.674,12288,0,0,1
opt_ntt,log8_lanes1,half_depth,11,1024,3097.290,12288,0,0,1
opt_ntt,log8_lanes1,depth_first,12,1024,3913.045,12288,0,0,1
opt_ntt,log8_lanes1,production,12,1024,3381.104,12288,0,0,1
opt_ntt,log8_lanes1,half_depth,12,1024,3082.520,12288,0,0,1
opt_ntt,log8_lanes1,tiled_half,12,1024,2900.961,12288,0,0,1
opt_ntt,log8_lanes1,production,13,1024,2534.017,12288,0,0,1
opt_ntt,log8_lanes1,tiled_half,13,1024,2892.619,12288,0,0,1
opt_ntt,log8_lanes1,depth_first,13,1024,3484.904,12288,0,0,1
opt_ntt,log8_lanes1,half_depth,13,1024,2997.681,12288,0,0,1
opt_ntt,log8_lanes1,half_depth,14,1024,3046.713,12288,0,0,1
opt_ntt,log8_lanes1,production,14,1024,2993.856,12288,0,0,1
opt_ntt,log8_lanes1,depth_first,14,1024,3868.814,12288,0,0,1
opt_ntt,log8_lanes1,tiled_half,14,1024,3116.049,12288,0,0,1
opt_ntt,log8_lanes1,half_depth,15,1024,3043.904,12288,0,0,1
opt_ntt,log8_lanes1,tiled_half,15,1024,2903.768,12288,0,0,1
opt_ntt,log8_lanes1,production,15,1024,2533.284,12288,0,0,1
opt_ntt,log8_lanes1,depth_first,15,1024,3682.861,12288,0,0,1
opt_ntt,log8_lanes1,production,16,1024,2534.953,12288,0,0,1
opt_ntt,log8_lanes1,half_depth,16,1024,2898.764,12288,0,0,1
opt_ntt,log8_lanes1,tiled_half,16,1024,2898.438,12288,0,0,1
opt_ntt,log8_lanes1,depth_first,16,1024,3398.315,12288,0,0,1
opt_ntt,log8_lanes1,production,17,1024,2532.918,12288,0,0,1
opt_ntt,log8_lanes1,depth_first,17,1024,3345.541,12288,0,0,1
opt_ntt,log8_lanes1,half_depth,17,1024,3201.376,12288,0,0,1
opt_ntt,log8_lanes1,tiled_half,17,1024,2949.097,12288,0,0,1
opt_ntt,log8_lanes1,depth_first,18,1024,3346.802,12288,0,0,1
opt_ntt,log8_lanes1,production,18,1024,2732.219,12288,0,0,1
opt_ntt,log8_lanes1,tiled_half,18,1024,3065.227,12288,0,0,1
opt_ntt,log8_lanes1,half_depth,18,1024,3025.064,12288,0,0,1
opt_ntt,log8_lanes1,tiled_half,19,1024,3043.009,12288,0,0,1
opt_ntt,log8_lanes1,production,19,1024,2984.172,12288,0,0,1
opt_ntt,log8_lanes1,half_depth,19,1024,2947.551,12288,0,0,1
opt_ntt,log8_lanes1,depth_first,19,1024,3696.614,12288,0,0,1
opt_ntt,log8_lanes1,production,20,1024,2800.537,12288,0,0,1
opt_ntt,log8_lanes1,half_depth,20,1024,3596.313,12288,0,0,1
opt_ntt,log8_lanes1,depth_first,20,1024,3929.403,12288,0,0,1
opt_ntt,log8_lanes1,tiled_half,20,1024,3557.332,12288,0,0,1
opt_ntt,log8_lanes1,tiled_half,21,1024,3430.949,12288,0,0,1
opt_ntt,log8_lanes1,half_depth,21,1024,2945.394,12288,0,0,1
opt_ntt,log8_lanes1,production,21,1024,2566.895,12288,0,0,1
opt_ntt,log8_lanes1,depth_first,21,1024,3690.104,12288,0,0,1
opt_ntt,log8_lanes1,half_depth,22,1024,2958.496,12288,0,0,1
opt_ntt,log8_lanes1,tiled_half,22,1024,2959.432,12288,0,0,1
opt_ntt,log8_lanes1,depth_first,22,1024,3791.789,12288,0,0,1
opt_ntt,log8_lanes1,production,22,1024,3134.928,12288,0,0,1
opt_ntt,log8_lanes1,half_depth,23,1024,3131.104,12288,0,0,1
opt_ntt,log8_lanes1,production,23,1024,2552.979,12288,0,0,1
opt_ntt,log8_lanes1,depth_first,23,1024,3695.801,12288,0,0,1
opt_ntt,log8_lanes1,tiled_half,23,1024,2983.928,12288,0,0,1
opt_ntt,log8_lanes1,half_depth,24,1024,2876.993,12288,0,0,1
opt_ntt,log8_lanes1,tiled_half,24,1024,3077.148,12288,0,0,1
opt_ntt,log8_lanes1,depth_first,24,1024,3408.691,12288,0,0,1
opt_ntt,log8_lanes1,production,24,1024,2540.975,12288,0,0,1
opt_ntt,log8_lanes1,half_depth,25,1024,2953.125,12288,0,0,1
opt_ntt,log8_lanes1,production,25,1024,2943.970,12288,0,0,1
opt_ntt,log8_lanes1,tiled_half,25,1024,3690.226,12288,0,0,1
opt_ntt,log8_lanes1,depth_first,25,1024,3668.213,12288,0,0,1
opt_ntt,log8_lanes1,production,26,1024,3175.008,12288,0,0,1
opt_ntt,log8_lanes1,half_depth,26,1024,3071.533,12288,0,0,1
opt_ntt,log8_lanes1,depth_first,26,1024,3602.498,12288,0,0,1
opt_ntt,log8_lanes1,tiled_half,26,1024,3087.198,12288,0,0,1
opt_ntt,log8_lanes1,depth_first,27,1024,3363.606,12288,0,0,1
opt_ntt,log8_lanes1,half_depth,27,1024,2906.494,12288,0,0,1
opt_ntt,log8_lanes1,production,27,1024,2543.701,12288,0,0,1
opt_ntt,log8_lanes1,tiled_half,27,1024,3107.178,12288,0,0,1
opt_ntt,log8_lanes1,production,28,1024,3056.071,12288,0,0,1
opt_ntt,log8_lanes1,half_depth,28,1024,2925.741,12288,0,0,1
opt_ntt,log8_lanes1,tiled_half,28,1024,3156.372,12288,0,0,1
opt_ntt,log8_lanes1,depth_first,28,1024,3739.339,12288,0,0,1
opt_ntt,log8_lanes1,tiled_half,29,1024,2918.010,12288,0,0,1
opt_ntt,log8_lanes1,production,29,1024,2800.089,12288,0,0,1
opt_ntt,log8_lanes1,half_depth,29,1024,2984.904,12288,0,0,1
opt_ntt,log8_lanes1,depth_first,29,1024,3338.745,12288,0,0,1
opt_ntt,log8_lanes1,half_depth,30,1024,3122.354,12288,0,0,1
opt_ntt,log8_lanes1,depth_first,30,1024,3570.923,12288,0,0,1
opt_ntt,log8_lanes1,tiled_half,30,1024,2897.177,12288,0,0,1
opt_ntt,log8_lanes1,production,30,1024,2682.861,12288,0,0,1
opt_ntt,log8_lanes1,depth_first,31,1024,3375.325,12288,0,0,1
opt_ntt,log8_lanes1,half_depth,31,1024,2881.877,12288,0,0,1
opt_ntt,log8_lanes1,production,31,1024,2540.568,12288,0,0,1
opt_ntt,log8_lanes1,tiled_half,31,1024,3351.807,12288,0,0,1
opt_ntt,log8_lanes32,production,0,128,46178.055,393216,0,0,1
opt_ntt,log8_lanes32,half_depth,0,128,30692.055,393216,0,0,1
opt_ntt,log8_lanes32,depth_first,0,128,40833.656,393216,0,0,1
opt_ntt,log8_lanes32,tiled_half,0,128,30150.719,393216,0,0,1
opt_ntt,log8_lanes32,tiled_half,1,128,30105.141,393216,0,0,1
opt_ntt,log8_lanes32,half_depth,1,128,31418.945,393216,0,0,1
opt_ntt,log8_lanes32,production,1,128,46543.945,393216,0,0,1
opt_ntt,log8_lanes32,depth_first,1,128,40181.312,393216,0,0,1
opt_ntt,log8_lanes32,tiled_half,2,128,30518.227,393216,0,0,1
opt_ntt,log8_lanes32,depth_first,2,128,39789.062,393216,0,0,1
opt_ntt,log8_lanes32,production,2,128,46337.562,393216,0,0,1
opt_ntt,log8_lanes32,half_depth,2,128,30625.648,393216,0,0,1
opt_ntt,log8_lanes32,depth_first,3,128,39864.258,393216,0,0,1
opt_ntt,log8_lanes32,half_depth,3,128,31138.016,393216,0,0,1
opt_ntt,log8_lanes32,production,3,128,45943.359,393216,0,0,1
opt_ntt,log8_lanes32,tiled_half,3,128,31582.352,393216,0,0,1
opt_ntt,log8_lanes32,production,4,128,46943.359,393216,0,0,1
opt_ntt,log8_lanes32,tiled_half,4,128,30116.859,393216,0,0,1
opt_ntt,log8_lanes32,depth_first,4,128,39568.039,393216,0,0,1
opt_ntt,log8_lanes32,half_depth,4,128,31881.188,393216,0,0,1
opt_ntt,log8_lanes32,depth_first,5,128,39644.531,393216,0,0,1
opt_ntt,log8_lanes32,half_depth,5,128,31242.844,393216,0,0,1
opt_ntt,log8_lanes32,production,5,128,45586.258,393216,0,0,1
opt_ntt,log8_lanes32,tiled_half,5,128,30284.836,393216,0,0,1
opt_ntt,log8_lanes32,half_depth,6,128,30818.359,393216,0,0,1
opt_ntt,log8_lanes32,production,6,128,47102.219,393216,0,0,1
opt_ntt,log8_lanes32,tiled_half,6,128,31693.031,393216,0,0,1
opt_ntt,log8_lanes32,depth_first,6,128,41357.750,393216,0,0,1
opt_ntt,log8_lanes32,depth_first,7,128,40412.758,393216,0,0,1
opt_ntt,log8_lanes32,half_depth,7,128,31664.062,393216,0,0,1
opt_ntt,log8_lanes32,production,7,128,46870.117,393216,0,0,1
opt_ntt,log8_lanes32,tiled_half,7,128,30338.539,393216,0,0,1
opt_ntt,log8_lanes32,depth_first,8,128,41156.250,393216,0,0,1
opt_ntt,log8_lanes32,tiled_half,8,128,32073.891,393216,0,0,1
opt_ntt,log8_lanes32,production,8,128,46884.766,393216,0,0,1
opt_ntt,log8_lanes32,half_depth,8,128,30056.961,393216,0,0,1
opt_ntt,log8_lanes32,production,9,128,46669.594,393216,0,0,1
opt_ntt,log8_lanes32,tiled_half,9,128,30008.789,393216,0,0,1
opt_ntt,log8_lanes32,depth_first,9,128,39980.469,393216,0,0,1
opt_ntt,log8_lanes32,half_depth,9,128,31902.992,393216,0,0,1
opt_ntt,log8_lanes32,production,10,128,47940.430,393216,0,0,1
opt_ntt,log8_lanes32,half_depth,10,128,30179.367,393216,0,0,1
opt_ntt,log8_lanes32,tiled_half,10,128,30407.227,393216,0,0,1
opt_ntt,log8_lanes32,depth_first,10,128,39857.422,393216,0,0,1
opt_ntt,log8_lanes32,depth_first,11,128,40524.414,393216,0,0,1
opt_ntt,log8_lanes32,half_depth,11,128,30491.539,393216,0,0,1
opt_ntt,log8_lanes32,production,11,128,46221.680,393216,0,0,1
opt_ntt,log8_lanes32,tiled_half,11,128,30514.000,393216,0,0,1
opt_ntt,log8_lanes32,half_depth,12,128,30681.312,393216,0,0,1
opt_ntt,log8_lanes32,production,12,128,46613.938,393216,0,0,1
opt_ntt,log8_lanes32,tiled_half,12,128,30161.789,393216,0,0,1
opt_ntt,log8_lanes32,depth_first,12,128,39709.633,393216,0,0,1
opt_ntt,log8_lanes32,tiled_half,13,128,30656.898,393216,0,0,1
opt_ntt,log8_lanes32,half_depth,13,128,30673.828,393216,0,0,1
opt_ntt,log8_lanes32,production,13,128,46135.094,393216,0,0,1
opt_ntt,log8_lanes32,depth_first,13,128,40366.211,393216,0,0,1
opt_ntt,log8_lanes32,half_depth,14,128,30057.945,393216,0,0,1
opt_ntt,log8_lanes32,depth_first,14,128,39891.273,393216,0,0,1
opt_ntt,log8_lanes32,production,14,128,46942.062,393216,0,0,1
opt_ntt,log8_lanes32,tiled_half,14,128,30509.766,393216,0,0,1
opt_ntt,log8_lanes32,half_depth,15,128,30787.109,393216,0,0,1
opt_ntt,log8_lanes32,production,15,128,45901.695,393216,0,0,1
opt_ntt,log8_lanes32,tiled_half,15,128,30661.461,393216,0,0,1
opt_ntt,log8_lanes32,depth_first,15,128,39800.133,393216,0,0,1
opt_ntt,log8_lanes32,tiled_half,16,128,30815.102,393216,0,0,1
opt_ntt,log8_lanes32,depth_first,16,128,40543.297,393216,0,0,1
opt_ntt,log8_lanes32,production,16,128,47565.109,393216,0,0,1
opt_ntt,log8_lanes32,half_depth,16,128,30098.961,393216,0,0,1
opt_ntt,log8_lanes32,production,17,128,46606.445,393216,0,0,1
opt_ntt,log8_lanes32,tiled_half,17,128,31083.008,393216,0,0,1
opt_ntt,log8_lanes32,half_depth,17,128,30820.633,393216,0,0,1
opt_ntt,log8_lanes32,depth_first,17,128,39322.922,393216,0,0,1
opt_ntt,log8_lanes32,depth_first,18,128,39842.445,393216,0,0,1
opt_ntt,log8_lanes32,production,18,128,45669.922,393216,0,0,1
opt_ntt,log8_lanes32,tiled_half,18,128,31533.523,393216,0,0,1
opt_ntt,log8_lanes32,half_depth,18,128,30033.203,393216,0,0,1
opt_ntt,log8_lanes32,tiled_half,19,128,31186.852,393216,0,0,1
opt_ntt,log8_lanes32,depth_first,19,128,39331.711,393216,0,0,1
opt_ntt,log8_lanes32,production,19,128,46365.555,393216,0,0,1
opt_ntt,log8_lanes32,half_depth,19,128,30201.820,393216,0,0,1
opt_ntt,log8_lanes32,tiled_half,20,128,30574.867,393216,0,0,1
opt_ntt,log8_lanes32,depth_first,20,128,40099.938,393216,0,0,1
opt_ntt,log8_lanes32,production,20,128,46220.375,393216,0,0,1
opt_ntt,log8_lanes32,half_depth,20,128,31454.102,393216,0,0,1
opt_ntt,log8_lanes32,half_depth,21,128,30195.312,393216,0,0,1
opt_ntt,log8_lanes32,depth_first,21,128,40218.094,393216,0,0,1
opt_ntt,log8_lanes32,tiled_half,21,128,30162.430,393216,0,0,1
opt_ntt,log8_lanes32,production,21,128,47041.344,393216,0,0,1
opt_ntt,log8_lanes32,tiled_half,22,128,30355.797,393216,0,0,1
opt_ntt,log8_lanes32,production,22,128,46286.461,393216,0,0,1
opt_ntt,log8_lanes32,depth_first,22,128,40590.492,393216,0,0,1
opt_ntt,log8_lanes32,half_depth,22,128,30061.203,393216,0,0,1
opt_ntt,log8_lanes32,depth_first,23,128,39837.242,393216,0,0,1
opt_ntt,log8_lanes32,production,23,128,46931.320,393216,0,0,1
opt_ntt,log8_lanes32,tiled_half,23,128,30552.734,393216,0,0,1
opt_ntt,log8_lanes32,half_depth,23,128,30852.539,393216,0,0,1
opt_ntt,log8_lanes32,depth_first,24,128,39594.727,393216,0,0,1
opt_ntt,log8_lanes32,half_depth,24,128,30199.219,393216,0,0,1
opt_ntt,log8_lanes32,production,24,128,45870.766,393216,0,0,1
opt_ntt,log8_lanes32,tiled_half,24,128,32107.750,393216,0,0,1
opt_ntt,log8_lanes32,depth_first,25,128,40328.445,393216,0,0,1
opt_ntt,log8_lanes32,tiled_half,25,128,30615.234,393216,0,0,1
opt_ntt,log8_lanes32,half_depth,25,128,30093.102,393216,0,0,1
opt_ntt,log8_lanes32,production,25,128,46872.070,393216,0,0,1
opt_ntt,log8_lanes32,depth_first,26,128,39678.383,393216,0,0,1
opt_ntt,log8_lanes32,production,26,128,46408.203,393216,0,0,1
opt_ntt,log8_lanes32,half_depth,26,128,30264.648,393216,0,0,1
opt_ntt,log8_lanes32,tiled_half,26,128,30863.938,393216,0,0,1
opt_ntt,log8_lanes32,depth_first,27,128,39640.297,393216,0,0,1
opt_ntt,log8_lanes32,production,27,128,46257.812,393216,0,0,1
opt_ntt,log8_lanes32,half_depth,27,128,30047.523,393216,0,0,1
opt_ntt,log8_lanes32,tiled_half,27,128,30149.414,393216,0,0,1
opt_ntt,log8_lanes32,depth_first,28,128,39505.211,393216,0,0,1
opt_ntt,log8_lanes32,production,28,128,46091.469,393216,0,0,1
opt_ntt,log8_lanes32,tiled_half,28,128,30678.062,393216,0,0,1
opt_ntt,log8_lanes32,half_depth,28,128,32667.641,393216,0,0,1
opt_ntt,log8_lanes32,production,29,128,49424.156,393216,0,0,1
opt_ntt,log8_lanes32,tiled_half,29,128,35201.500,393216,0,0,1
opt_ntt,log8_lanes32,depth_first,29,128,39674.805,393216,0,0,1
opt_ntt,log8_lanes32,half_depth,29,128,30108.398,393216,0,0,1
opt_ntt,log8_lanes32,depth_first,30,128,40745.766,393216,0,0,1
opt_ntt,log8_lanes32,tiled_half,30,128,30499.023,393216,0,0,1
opt_ntt,log8_lanes32,production,30,128,47639.969,393216,0,0,1
opt_ntt,log8_lanes32,half_depth,30,128,30447.266,393216,0,0,1
opt_ntt,log8_lanes32,tiled_half,31,128,30821.938,393216,0,0,1
opt_ntt,log8_lanes32,depth_first,31,128,40339.516,393216,0,0,1
opt_ntt,log8_lanes32,half_depth,31,128,30369.789,393216,0,0,1
opt_ntt,log8_lanes32,production,31,128,46633.461,393216,0,0,1
opt_ntt,log12_lanes8,tiled_half,0,8,279333.250,1572864,1,1520,1
opt_ntt,log12_lanes8,production,0,8,447203.125,1572864,1,1520,1
opt_ntt,log12_lanes8,half_depth,0,8,222703.125,1572864,1,1520,1
opt_ntt,log12_lanes8,depth_first,0,8,255817.625,1572864,1,1520,1
opt_ntt,log12_lanes8,tiled_half,1,8,289937.500,1572864,1,1520,1
opt_ntt,log12_lanes8,half_depth,1,8,224864.500,1572864,1,1520,1
opt_ntt,log12_lanes8,production,1,8,494947.875,1572864,1,1520,1
opt_ntt,log12_lanes8,depth_first,1,8,240536.500,1572864,1,1520,1
opt_ntt,log12_lanes8,half_depth,2,8,261864.625,1572864,1,1520,1
opt_ntt,log12_lanes8,tiled_half,2,8,278218.750,1572864,1,1520,1
opt_ntt,log12_lanes8,depth_first,2,8,263703.125,1572864,1,1520,1
opt_ntt,log12_lanes8,production,2,8,450703.125,1572864,1,1520,1
opt_ntt,log12_lanes8,tiled_half,3,8,275932.250,1572864,1,1520,1
opt_ntt,log12_lanes8,half_depth,3,8,238067.750,1572864,1,1520,1
opt_ntt,log12_lanes8,depth_first,3,8,261401.125,1572864,1,1520,1
opt_ntt,log12_lanes8,production,3,8,489604.125,1572864,1,1520,1
opt_ntt,log12_lanes8,tiled_half,4,8,259109.375,1572864,1,1520,1
opt_ntt,log12_lanes8,half_depth,4,8,257276.000,1572864,1,1520,1
opt_ntt,log12_lanes8,production,4,8,449026.125,1572864,1,1520,1
opt_ntt,log12_lanes8,depth_first,4,8,282369.875,1572864,1,1520,1
opt_ntt,log12_lanes8,depth_first,5,8,260885.375,1572864,1,1520,1
opt_ntt,log12_lanes8,tiled_half,5,8,302338.500,1572864,1,1520,1
opt_ntt,log12_lanes8,half_depth,5,8,250796.875,1572864,1,1520,1
opt_ntt,log12_lanes8,production,5,8,491541.625,1572864,1,1520,1
opt_ntt,log12_lanes8,tiled_half,6,8,306448.000,1572864,1,1520,1
opt_ntt,log12_lanes8,half_depth,6,8,216010.375,1572864,1,1520,1
opt_ntt,log12_lanes8,depth_first,6,8,232947.875,1572864,1,1520,1
opt_ntt,log12_lanes8,production,6,8,571317.750,1572864,1,1520,1
opt_ntt,log12_lanes8,production,7,8,528187.500,1572864,1,1520,1
opt_ntt,log12_lanes8,half_depth,7,8,245166.625,1572864,1,1520,1
opt_ntt,log12_lanes8,tiled_half,7,8,338036.500,1572864,1,1520,1
opt_ntt,log12_lanes8,depth_first,7,8,248239.625,1572864,1,1520,1
opt_ntt,log12_lanes8,depth_first,8,8,274474.000,1572864,1,1520,1
opt_ntt,log12_lanes8,production,8,8,422265.625,1572864,1,1520,1
opt_ntt,log12_lanes8,half_depth,8,8,236968.750,1572864,1,1520,1
opt_ntt,log12_lanes8,tiled_half,8,8,267687.500,1572864,1,1520,1
opt_ntt,log12_lanes8,half_depth,9,8,251244.750,1572864,1,1520,1
opt_ntt,log12_lanes8,depth_first,9,8,248130.250,1572864,1,1520,1
opt_ntt,log12_lanes8,tiled_half,9,8,256713.625,1572864,1,1520,1
opt_ntt,log12_lanes8,production,9,8,470802.125,1572864,1,1520,1
opt_ntt,log12_lanes8,depth_first,10,8,251770.750,1572864,1,1520,1
opt_ntt,log12_lanes8,production,10,8,428859.375,1572864,1,1520,1
opt_ntt,log12_lanes8,half_depth,10,8,244119.750,1572864,1,1520,1
opt_ntt,log12_lanes8,tiled_half,10,8,251130.250,1572864,1,1520,1
opt_ntt,log12_lanes8,half_depth,11,8,247302.125,1572864,1,1520,1
opt_ntt,log12_lanes8,tiled_half,11,8,281020.750,1572864,1,1520,1
opt_ntt,log12_lanes8,production,11,8,451453.125,1572864,1,1520,1
opt_ntt,log12_lanes8,depth_first,11,8,261588.500,1572864,1,1520,1
opt_ntt,log12_lanes8,production,12,8,435401.125,1572864,1,1520,1
opt_ntt,log12_lanes8,tiled_half,12,8,262203.125,1572864,1,1520,1
opt_ntt,log12_lanes8,half_depth,12,8,225437.500,1572864,1,1520,1
opt_ntt,log12_lanes8,depth_first,12,8,261291.625,1572864,1,1520,1
opt_ntt,log12_lanes8,tiled_half,13,8,270817.750,1572864,1,1520,1
opt_ntt,log12_lanes8,production,13,8,445395.875,1572864,1,1520,1
opt_ntt,log12_lanes8,depth_first,13,8,254067.625,1572864,1,1520,1
opt_ntt,log12_lanes8,half_depth,13,8,246729.250,1572864,1,1520,1
opt_ntt,log12_lanes8,half_depth,14,8,244479.250,1572864,1,1520,1
opt_ntt,log12_lanes8,production,14,8,427109.375,1572864,1,1520,1
opt_ntt,log12_lanes8,tiled_half,14,8,270073.000,1572864,1,1520,1
opt_ntt,log12_lanes8,depth_first,14,8,274067.750,1572864,1,1520,1
opt_ntt,log12_lanes8,tiled_half,15,8,270130.250,1572864,1,1520,1
opt_ntt,log12_lanes8,depth_first,15,8,269083.250,1572864,1,1520,1
opt_ntt,log12_lanes8,half_depth,15,8,257854.125,1572864,1,1520,1
opt_ntt,log12_lanes8,production,15,8,485395.750,1572864,1,1520,1
opt_ntt,log12_lanes8,production,16,8,420947.875,1572864,1,1520,1
opt_ntt,log12_lanes8,depth_first,16,8,247083.375,1572864,1,1520,1
opt_ntt,log12_lanes8,tiled_half,16,8,735823.000,1572864,1,1520,1
opt_ntt,log12_lanes8,half_depth,16,8,262140.625,1572864,1,1520,1
opt_ntt,log12_lanes8,depth_first,17,8,254052.125,1572864,1,1520,1
opt_ntt,log12_lanes8,production,17,8,446468.750,1572864,1,1520,1
opt_ntt,log12_lanes8,half_depth,17,8,234312.500,1572864,1,1520,1
opt_ntt,log12_lanes8,tiled_half,17,8,315421.875,1572864,1,1520,1
opt_ntt,log12_lanes8,tiled_half,18,8,245510.500,1572864,1,1520,1
opt_ntt,log12_lanes8,half_depth,18,8,246458.375,1572864,1,1520,1
opt_ntt,log12_lanes8,depth_first,18,8,262145.875,1572864,1,1520,1
opt_ntt,log12_lanes8,production,18,8,488224.000,1572864,1,1520,1
opt_ntt,log12_lanes8,tiled_half,19,8,266953.125,1572864,1,1520,1
opt_ntt,log12_lanes8,depth_first,19,8,265265.625,1572864,1,1520,1
opt_ntt,log12_lanes8,production,19,8,501958.375,1572864,1,1520,1
opt_ntt,log12_lanes8,half_depth,19,8,239156.250,1572864,1,1520,1
opt_ntt,log12_lanes8,production,20,8,420697.875,1572864,1,1520,1
opt_ntt,log12_lanes8,half_depth,20,8,255671.875,1572864,1,1520,1
opt_ntt,log12_lanes8,depth_first,20,8,254984.375,1572864,1,1520,1
opt_ntt,log12_lanes8,tiled_half,20,8,256140.625,1572864,1,1520,1
opt_ntt,log12_lanes8,depth_first,21,8,253515.625,1572864,1,1520,1
opt_ntt,log12_lanes8,production,21,8,442505.250,1572864,1,1520,1
opt_ntt,log12_lanes8,half_depth,21,8,246520.875,1572864,1,1520,1
opt_ntt,log12_lanes8,tiled_half,21,8,278505.250,1572864,1,1520,1
opt_ntt,log12_lanes8,production,22,8,580729.250,1572864,1,1520,1
opt_ntt,log12_lanes8,depth_first,22,8,239484.375,1572864,1,1520,1
opt_ntt,log12_lanes8,tiled_half,22,8,234078.125,1572864,1,1520,1
opt_ntt,log12_lanes8,half_depth,22,8,230781.250,1572864,1,1520,1
opt_ntt,log12_lanes8,half_depth,23,8,255213.625,1572864,1,1520,1
opt_ntt,log12_lanes8,depth_first,23,8,259088.500,1572864,1,1520,1
opt_ntt,log12_lanes8,production,23,8,489041.625,1572864,1,1520,1
opt_ntt,log12_lanes8,tiled_half,23,8,272583.250,1572864,1,1520,1
opt_ntt,log12_lanes8,tiled_half,24,8,239614.625,1572864,1,1520,1
opt_ntt,log12_lanes8,half_depth,24,8,223864.625,1572864,1,1520,1
opt_ntt,log12_lanes8,depth_first,24,8,244213.500,1572864,1,1520,1
opt_ntt,log12_lanes8,production,24,8,461573.000,1572864,1,1520,1
opt_ntt,log12_lanes8,tiled_half,25,8,347000.000,1572864,1,1520,1
opt_ntt,log12_lanes8,production,25,8,407546.875,1572864,1,1520,1
opt_ntt,log12_lanes8,half_depth,25,8,227401.000,1572864,1,1520,1
opt_ntt,log12_lanes8,depth_first,25,8,239869.750,1572864,1,1520,1
opt_ntt,log12_lanes8,half_depth,26,8,235677.000,1572864,1,1520,1
opt_ntt,log12_lanes8,depth_first,26,8,271197.875,1572864,1,1520,1
opt_ntt,log12_lanes8,production,26,8,472411.500,1572864,1,1520,1
opt_ntt,log12_lanes8,tiled_half,26,8,273260.375,1572864,1,1520,1
opt_ntt,log12_lanes8,production,27,8,474802.125,1572864,1,1520,1
opt_ntt,log12_lanes8,depth_first,27,8,255895.875,1572864,1,1520,1
opt_ntt,log12_lanes8,tiled_half,27,8,322838.500,1572864,1,1520,1
opt_ntt,log12_lanes8,half_depth,27,8,584614.625,1572864,1,1520,1
opt_ntt,log12_lanes8,production,28,8,483812.500,1572864,1,1520,1
opt_ntt,log12_lanes8,half_depth,28,8,249687.500,1572864,1,1520,1
opt_ntt,log12_lanes8,tiled_half,28,8,242104.125,1572864,1,1520,1
opt_ntt,log12_lanes8,depth_first,28,8,252458.250,1572864,1,1520,1
opt_ntt,log12_lanes8,depth_first,29,8,252187.500,1572864,1,1520,1
opt_ntt,log12_lanes8,tiled_half,29,8,286343.750,1572864,1,1520,1
opt_ntt,log12_lanes8,production,29,8,453036.500,1572864,1,1520,1
opt_ntt,log12_lanes8,half_depth,29,8,219322.875,1572864,1,1520,1
opt_ntt,log12_lanes8,depth_first,30,8,247979.125,1572864,1,1520,1
opt_ntt,log12_lanes8,half_depth,30,8,248510.375,1572864,1,1520,1
opt_ntt,log12_lanes8,production,30,8,462671.875,1572864,1,1520,1
opt_ntt,log12_lanes8,tiled_half,30,8,360859.375,1572864,1,1520,1
opt_ntt,log12_lanes8,production,31,8,526802.125,1572864,1,1520,1
opt_ntt,log12_lanes8,half_depth,31,8,224942.750,1572864,1,1520,1
opt_ntt,log12_lanes8,tiled_half,31,8,274234.375,1572864,1,1520,1
opt_ntt,log12_lanes8,depth_first,31,8,260703.125,1572864,1,1520,1
opt_ntt,log15_lanes8,half_depth,0,2,750208.000,12582912,1,1520,1
opt_ntt,log15_lanes8,tiled_half,0,2,1034146.000,12582912,1,1520,1
opt_ntt,log15_lanes8,depth_first,0,2,993562.500,12582912,1,1520,1
opt_ntt,log15_lanes8,production,0,2,1524458.000,12582912,1,1520,1
opt_ntt,log15_lanes8,depth_first,1,2,785729.500,12582912,1,1520,1
opt_ntt,log15_lanes8,tiled_half,1,2,887229.500,12582912,1,1520,1
opt_ntt,log15_lanes8,half_depth,1,2,898937.500,12582912,1,1520,1
opt_ntt,log15_lanes8,production,1,2,1164833.000,12582912,1,1520,1
opt_ntt,log15_lanes8,depth_first,2,2,769771.000,12582912,1,1520,1
opt_ntt,log15_lanes8,tiled_half,2,2,980333.500,12582912,1,1520,1
opt_ntt,log15_lanes8,production,2,2,1181375.000,12582912,1,1520,1
opt_ntt,log15_lanes8,half_depth,2,2,791479.000,12582912,1,1520,1
opt_ntt,log15_lanes8,production,3,2,1154729.000,12582912,1,1520,1
opt_ntt,log15_lanes8,tiled_half,3,2,931125.000,12582912,1,1520,1
opt_ntt,log15_lanes8,half_depth,3,2,782479.000,12582912,1,1520,1
opt_ntt,log15_lanes8,depth_first,3,2,958167.000,12582912,1,1520,1
opt_ntt,log15_lanes8,production,4,2,1130896.000,12582912,1,1520,1
opt_ntt,log15_lanes8,depth_first,4,2,821958.500,12582912,1,1520,1
opt_ntt,log15_lanes8,half_depth,4,2,739687.500,12582912,1,1520,1
opt_ntt,log15_lanes8,tiled_half,4,2,1243021.000,12582912,1,1520,1
opt_ntt,log15_lanes8,production,5,2,1138562.500,12582912,1,1520,1
opt_ntt,log15_lanes8,half_depth,5,2,749583.000,12582912,1,1520,1
opt_ntt,log15_lanes8,tiled_half,5,2,939208.000,12582912,1,1520,1
opt_ntt,log15_lanes8,depth_first,5,2,837187.500,12582912,1,1520,1
opt_ntt,log15_lanes8,tiled_half,6,2,1008229.000,12582912,1,1520,1
opt_ntt,log15_lanes8,half_depth,6,2,754104.500,12582912,1,1520,1
opt_ntt,log15_lanes8,depth_first,6,2,867396.000,12582912,1,1520,1
opt_ntt,log15_lanes8,production,6,2,1352521.000,12582912,1,1520,1
opt_ntt,log15_lanes8,half_depth,7,2,839229.000,12582912,1,1520,1
opt_ntt,log15_lanes8,tiled_half,7,2,1152895.500,12582912,1,1520,1
opt_ntt,log15_lanes8,production,7,2,1234896.000,12582912,1,1520,1
opt_ntt,log15_lanes8,depth_first,7,2,770500.000,12582912,1,1520,1
opt_ntt,log15_lanes8,production,8,2,1192791.500,12582912,1,1520,1
opt_ntt,log15_lanes8,depth_first,8,2,744708.500,12582912,1,1520,1
opt_ntt,log15_lanes8,tiled_half,8,2,881562.500,12582912,1,1520,1
opt_ntt,log15_lanes8,half_depth,8,2,754937.500,12582912,1,1520,1
opt_ntt,log15_lanes8,half_depth,9,2,834479.000,12582912,1,1520,1
opt_ntt,log15_lanes8,tiled_half,9,2,1013646.000,12582912,1,1520,1
opt_ntt,log15_lanes8,depth_first,9,2,782770.500,12582912,1,1520,1
opt_ntt,log15_lanes8,production,9,2,2868479.000,12582912,1,1520,1
opt_ntt,log15_lanes8,depth_first,10,2,798437.500,12582912,1,1520,1
opt_ntt,log15_lanes8,tiled_half,10,2,2161312.500,12582912,1,1520,1
opt_ntt,log15_lanes8,half_depth,10,2,881770.500,12582912,1,1520,1
opt_ntt,log15_lanes8,production,10,2,1197875.000,12582912,1,1520,1
opt_ntt,log15_lanes8,tiled_half,11,2,941375.000,12582912,1,1520,1
opt_ntt,log15_lanes8,depth_first,11,2,792729.000,12582912,1,1520,1
opt_ntt,log15_lanes8,production,11,2,1184187.500,12582912,1,1520,1
opt_ntt,log15_lanes8,half_depth,11,2,808875.000,12582912,1,1520,1
opt_ntt,log15_lanes8,depth_first,12,2,833041.500,12582912,1,1520,1
opt_ntt,log15_lanes8,tiled_half,12,2,941833.500,12582912,1,1520,1
opt_ntt,log15_lanes8,production,12,2,1130833.500,12582912,1,1520,1
opt_ntt,log15_lanes8,half_depth,12,2,833541.500,12582912,1,1520,1
opt_ntt,log15_lanes8,half_depth,13,2,752395.500,12582912,1,1520,1
opt_ntt,log15_lanes8,depth_first,13,2,791979.000,12582912,1,1520,1
opt_ntt,log15_lanes8,tiled_half,13,2,957437.500,12582912,1,1520,1
opt_ntt,log15_lanes8,production,13,2,1190396.000,12582912,1,1520,1
opt_ntt,log15_lanes8,production,14,2,1172354.500,12582912,1,1520,1
opt_ntt,log15_lanes8,depth_first,14,2,800792.000,12582912,1,1520,1
opt_ntt,log15_lanes8,tiled_half,14,2,1006521.000,12582912,1,1520,1
opt_ntt,log15_lanes8,half_depth,14,2,792771.000,12582912,1,1520,1
opt_ntt,log15_lanes8,tiled_half,15,2,1047645.500,12582912,1,1520,1
opt_ntt,log15_lanes8,production,15,2,1350708.500,12582912,1,1520,1
opt_ntt,log15_lanes8,depth_first,15,2,900625.000,12582912,1,1520,1
opt_ntt,log15_lanes8,half_depth,15,2,768229.500,12582912,1,1520,1
opt_ntt,log15_lanes8,production,16,2,1413750.000,12582912,1,1520,1
opt_ntt,log15_lanes8,half_depth,16,2,843479.000,12582912,1,1520,1
opt_ntt,log15_lanes8,tiled_half,16,2,947583.000,12582912,1,1520,1
opt_ntt,log15_lanes8,depth_first,16,2,874479.000,12582912,1,1520,1
opt_ntt,log15_lanes8,depth_first,17,2,888021.000,12582912,1,1520,1
opt_ntt,log15_lanes8,production,17,2,1049312.500,12582912,1,1520,1
opt_ntt,log15_lanes8,half_depth,17,2,750125.000,12582912,1,1520,1
opt_ntt,log15_lanes8,tiled_half,17,2,838083.500,12582912,1,1520,1
opt_ntt,log15_lanes8,production,18,2,1181771.000,12582912,1,1520,1
opt_ntt,log15_lanes8,depth_first,18,2,807625.000,12582912,1,1520,1
opt_ntt,log15_lanes8,half_depth,18,2,798541.500,12582912,1,1520,1
opt_ntt,log15_lanes8,tiled_half,18,2,871875.000,12582912,1,1520,1
opt_ntt,log15_lanes8,depth_first,19,2,795854.500,12582912,1,1520,1
opt_ntt,log15_lanes8,tiled_half,19,2,1209375.000,12582912,1,1520,1
opt_ntt,log15_lanes8,half_depth,19,2,782750.000,12582912,1,1520,1
opt_ntt,log15_lanes8,production,19,2,1124917.000,12582912,1,1520,1
opt_ntt,log15_lanes8,half_depth,20,2,762687.500,12582912,1,1520,1
opt_ntt,log15_lanes8,tiled_half,20,2,1043833.500,12582912,1,1520,1
opt_ntt,log15_lanes8,depth_first,20,2,839083.500,12582912,1,1520,1
opt_ntt,log15_lanes8,production,20,2,1048896.000,12582912,1,1520,1
opt_ntt,log15_lanes8,production,21,2,1033229.000,12582912,1,1520,1
opt_ntt,log15_lanes8,depth_first,21,2,838562.500,12582912,1,1520,1
opt_ntt,log15_lanes8,half_depth,21,2,832125.000,12582912,1,1520,1
opt_ntt,log15_lanes8,tiled_half,21,2,1175729.000,12582912,1,1520,1
opt_ntt,log15_lanes8,tiled_half,22,2,978687.500,12582912,1,1520,1
opt_ntt,log15_lanes8,depth_first,22,2,816875.000,12582912,1,1520,1
opt_ntt,log15_lanes8,production,22,2,1268041.500,12582912,1,1520,1
opt_ntt,log15_lanes8,half_depth,22,2,774000.000,12582912,1,1520,1
opt_ntt,log15_lanes8,tiled_half,23,2,934583.500,12582912,1,1520,1
opt_ntt,log15_lanes8,half_depth,23,2,757437.500,12582912,1,1520,1
opt_ntt,log15_lanes8,production,23,2,1266667.000,12582912,1,1520,1
opt_ntt,log15_lanes8,depth_first,23,2,831062.500,12582912,1,1520,1
opt_ntt,log15_lanes8,depth_first,24,2,817000.000,12582912,1,1520,1
opt_ntt,log15_lanes8,tiled_half,24,2,986104.000,12582912,1,1520,1
opt_ntt,log15_lanes8,half_depth,24,2,743625.000,12582912,1,1520,1
opt_ntt,log15_lanes8,production,24,2,1252729.500,12582912,1,1520,1
opt_ntt,log15_lanes8,tiled_half,25,2,950625.000,12582912,1,1520,1
opt_ntt,log15_lanes8,depth_first,25,2,788042.000,12582912,1,1520,1
opt_ntt,log15_lanes8,production,25,2,1212271.000,12582912,1,1520,1
opt_ntt,log15_lanes8,half_depth,25,2,845500.000,12582912,1,1520,1
opt_ntt,log15_lanes8,production,26,2,1059333.000,12582912,1,1520,1
opt_ntt,log15_lanes8,tiled_half,26,2,838687.500,12582912,1,1520,1
opt_ntt,log15_lanes8,depth_first,26,2,791520.500,12582912,1,1520,1
opt_ntt,log15_lanes8,half_depth,26,2,815041.500,12582912,1,1520,1
opt_ntt,log15_lanes8,production,27,2,989833.500,12582912,1,1520,1
opt_ntt,log15_lanes8,half_depth,27,2,758354.000,12582912,1,1520,1
opt_ntt,log15_lanes8,tiled_half,27,2,834542.000,12582912,1,1520,1
opt_ntt,log15_lanes8,depth_first,27,2,797104.500,12582912,1,1520,1
opt_ntt,log15_lanes8,production,28,2,1190937.500,12582912,1,1520,1
opt_ntt,log15_lanes8,half_depth,28,2,818666.500,12582912,1,1520,1
opt_ntt,log15_lanes8,depth_first,28,2,797541.500,12582912,1,1520,1
opt_ntt,log15_lanes8,tiled_half,28,2,907333.500,12582912,1,1520,1
opt_ntt,log15_lanes8,half_depth,29,2,752708.500,12582912,1,1520,1
opt_ntt,log15_lanes8,depth_first,29,2,935479.500,12582912,1,1520,1
opt_ntt,log15_lanes8,tiled_half,29,2,934750.000,12582912,1,1520,1
opt_ntt,log15_lanes8,production,29,2,1026396.000,12582912,1,1520,1
opt_ntt,log15_lanes8,depth_first,30,2,793020.500,12582912,1,1520,1
opt_ntt,log15_lanes8,production,30,2,1192333.500,12582912,1,1520,1
opt_ntt,log15_lanes8,half_depth,30,2,820833.500,12582912,1,1520,1
opt_ntt,log15_lanes8,tiled_half,30,2,903166.500,12582912,1,1520,1
opt_ntt,log15_lanes8,depth_first,31,2,891208.500,12582912,1,1520,1
opt_ntt,log15_lanes8,production,31,2,1293646.000,12582912,1,1520,1
opt_ntt,log15_lanes8,half_depth,31,2,826271.000,12582912,1,1520,1
opt_ntt,log15_lanes8,tiled_half,31,2,923770.500,12582912,1,1520,1
opt_ntt,log15_lanes32,half_depth,0,2,2331833.000,50331648,1,1520,1
opt_ntt,log15_lanes32,tiled_half,0,2,2740125.000,50331648,1,1520,1
opt_ntt,log15_lanes32,depth_first,0,2,2583896.000,50331648,1,1520,1
opt_ntt,log15_lanes32,production,0,2,2527041.500,50331648,1,1520,1
opt_ntt,log15_lanes32,depth_first,1,2,2577042.000,50331648,1,1520,1
opt_ntt,log15_lanes32,tiled_half,1,2,2844062.500,50331648,1,1520,1
opt_ntt,log15_lanes32,production,1,2,2980271.000,50331648,1,1520,1
opt_ntt,log15_lanes32,half_depth,1,2,2370000.000,50331648,1,1520,1
opt_ntt,log15_lanes32,production,2,2,3158833.500,50331648,1,1520,1
opt_ntt,log15_lanes32,tiled_half,2,2,2835167.000,50331648,1,1520,1
opt_ntt,log15_lanes32,depth_first,2,2,2515187.500,50331648,1,1520,1
opt_ntt,log15_lanes32,half_depth,2,2,2664062.500,50331648,1,1520,1
opt_ntt,log15_lanes32,depth_first,3,2,2598562.500,50331648,1,1520,1
opt_ntt,log15_lanes32,tiled_half,3,2,2629125.000,50331648,1,1520,1
opt_ntt,log15_lanes32,half_depth,3,2,2649229.000,50331648,1,1520,1
opt_ntt,log15_lanes32,production,3,2,2873521.000,50331648,1,1520,1
opt_ntt,log15_lanes32,half_depth,4,2,2344833.500,50331648,1,1520,1
opt_ntt,log15_lanes32,depth_first,4,2,2698166.500,50331648,1,1520,1
opt_ntt,log15_lanes32,tiled_half,4,2,2816708.500,50331648,1,1520,1
opt_ntt,log15_lanes32,production,4,2,2628229.000,50331648,1,1520,1
opt_ntt,log15_lanes32,half_depth,5,2,2393625.000,50331648,1,1520,1
opt_ntt,log15_lanes32,tiled_half,5,2,2786771.000,50331648,1,1520,1
opt_ntt,log15_lanes32,production,5,2,2299417.000,50331648,1,1520,1
opt_ntt,log15_lanes32,depth_first,5,2,2778854.000,50331648,1,1520,1
opt_ntt,log15_lanes32,tiled_half,6,2,2535229.000,50331648,1,1520,1
opt_ntt,log15_lanes32,production,6,2,2398291.500,50331648,1,1520,1
opt_ntt,log15_lanes32,depth_first,6,2,2563479.500,50331648,1,1520,1
opt_ntt,log15_lanes32,half_depth,6,2,2412479.000,50331648,1,1520,1
opt_ntt,log15_lanes32,depth_first,7,2,2469729.000,50331648,1,1520,1
opt_ntt,log15_lanes32,half_depth,7,2,2606979.000,50331648,1,1520,1
opt_ntt,log15_lanes32,production,7,2,2885666.500,50331648,1,1520,1
opt_ntt,log15_lanes32,tiled_half,7,2,2537937.500,50331648,1,1520,1
opt_ntt,log15_lanes32,half_depth,8,2,2544458.500,50331648,1,1520,1
opt_ntt,log15_lanes32,production,8,2,2788896.000,50331648,1,1520,1
opt_ntt,log15_lanes32,tiled_half,8,2,2471000.000,50331648,1,1520,1
opt_ntt,log15_lanes32,depth_first,8,2,2457812.500,50331648,1,1520,1
opt_ntt,log15_lanes32,depth_first,9,2,2466979.000,50331648,1,1520,1
opt_ntt,log15_lanes32,tiled_half,9,2,2436416.500,50331648,1,1520,1
opt_ntt,log15_lanes32,production,9,2,2675520.500,50331648,1,1520,1
opt_ntt,log15_lanes32,half_depth,9,2,2219145.500,50331648,1,1520,1
opt_ntt,log15_lanes32,depth_first,10,2,2628187.500,50331648,1,1520,1
opt_ntt,log15_lanes32,half_depth,10,2,2216041.500,50331648,1,1520,1
opt_ntt,log15_lanes32,production,10,2,2684791.500,50331648,1,1520,1
opt_ntt,log15_lanes32,tiled_half,10,2,2670250.000,50331648,1,1520,1
opt_ntt,log15_lanes32,tiled_half,11,2,2511417.000,50331648,1,1520,1
opt_ntt,log15_lanes32,production,11,2,2607166.500,50331648,1,1520,1
opt_ntt,log15_lanes32,half_depth,11,2,2364166.500,50331648,1,1520,1
opt_ntt,log15_lanes32,depth_first,11,2,2692562.500,50331648,1,1520,1
opt_ntt,log15_lanes32,depth_first,12,2,2844021.000,50331648,1,1520,1
opt_ntt,log15_lanes32,production,12,2,2285208.500,50331648,1,1520,1
opt_ntt,log15_lanes32,tiled_half,12,2,2477917.000,50331648,1,1520,1
opt_ntt,log15_lanes32,half_depth,12,2,2271083.000,50331648,1,1520,1
opt_ntt,log15_lanes32,depth_first,13,2,2347812.500,50331648,1,1520,1
opt_ntt,log15_lanes32,half_depth,13,2,2410958.500,50331648,1,1520,1
opt_ntt,log15_lanes32,tiled_half,13,2,2845770.500,50331648,1,1520,1
opt_ntt,log15_lanes32,production,13,2,3137937.500,50331648,1,1520,1
opt_ntt,log15_lanes32,half_depth,14,2,2437729.000,50331648,1,1520,1
opt_ntt,log15_lanes32,depth_first,14,2,2522958.500,50331648,1,1520,1
opt_ntt,log15_lanes32,production,14,2,3165083.500,50331648,1,1520,1
opt_ntt,log15_lanes32,tiled_half,14,2,2751958.500,50331648,1,1520,1
opt_ntt,log15_lanes32,tiled_half,15,2,2375771.000,50331648,1,1520,1
opt_ntt,log15_lanes32,production,15,2,2713437.500,50331648,1,1520,1
opt_ntt,log15_lanes32,half_depth,15,2,2319479.000,50331648,1,1520,1
opt_ntt,log15_lanes32,depth_first,15,2,3290250.000,50331648,1,1520,1
opt_ntt,log15_lanes32,half_depth,16,2,2965250.000,50331648,1,1520,1
opt_ntt,log15_lanes32,depth_first,16,2,3218750.000,50331648,1,1520,1
opt_ntt,log15_lanes32,tiled_half,16,2,2333062.500,50331648,1,1520,1
opt_ntt,log15_lanes32,production,16,2,3034687.500,50331648,1,1520,1
opt_ntt,log15_lanes32,half_depth,17,2,2506000.000,50331648,1,1520,1
opt_ntt,log15_lanes32,depth_first,17,2,2433979.500,50331648,1,1520,1
opt_ntt,log15_lanes32,tiled_half,17,2,2859020.500,50331648,1,1520,1
opt_ntt,log15_lanes32,production,17,2,2717854.500,50331648,1,1520,1
opt_ntt,log15_lanes32,depth_first,18,2,2331875.000,50331648,1,1520,1
opt_ntt,log15_lanes32,tiled_half,18,2,2805500.000,50331648,1,1520,1
opt_ntt,log15_lanes32,production,18,2,2707104.000,50331648,1,1520,1
opt_ntt,log15_lanes32,half_depth,18,2,2392645.500,50331648,1,1520,1
opt_ntt,log15_lanes32,tiled_half,19,2,2555125.000,50331648,1,1520,1
opt_ntt,log15_lanes32,half_depth,19,2,2280062.500,50331648,1,1520,1
opt_ntt,log15_lanes32,depth_first,19,2,2538104.000,50331648,1,1520,1
opt_ntt,log15_lanes32,production,19,2,2514125.000,50331648,1,1520,1
opt_ntt,log15_lanes32,production,20,2,2341958.000,50331648,1,1520,1
opt_ntt,log15_lanes32,half_depth,20,2,2354458.500,50331648,1,1520,1
opt_ntt,log15_lanes32,tiled_half,20,2,2415187.500,50331648,1,1520,1
opt_ntt,log15_lanes32,depth_first,20,2,2555500.000,50331648,1,1520,1
opt_ntt,log15_lanes32,tiled_half,21,2,2568437.500,50331648,1,1520,1
opt_ntt,log15_lanes32,depth_first,21,2,2556729.500,50331648,1,1520,1
opt_ntt,log15_lanes32,production,21,2,2690625.000,50331648,1,1520,1
opt_ntt,log15_lanes32,half_depth,21,2,2397958.000,50331648,1,1520,1
opt_ntt,log15_lanes32,half_depth,22,2,2495125.000,50331648,1,1520,1
opt_ntt,log15_lanes32,depth_first,22,2,2433417.000,50331648,1,1520,1
opt_ntt,log15_lanes32,tiled_half,22,2,2442146.000,50331648,1,1520,1
opt_ntt,log15_lanes32,production,22,2,2718208.500,50331648,1,1520,1
opt_ntt,log15_lanes32,depth_first,23,2,2425875.000,50331648,1,1520,1
opt_ntt,log15_lanes32,half_depth,23,2,2552479.500,50331648,1,1520,1
opt_ntt,log15_lanes32,production,23,2,2611354.500,50331648,1,1520,1
opt_ntt,log15_lanes32,tiled_half,23,2,2471333.500,50331648,1,1520,1
opt_ntt,log15_lanes32,half_depth,24,2,2378792.000,50331648,1,1520,1
opt_ntt,log15_lanes32,tiled_half,24,2,2461000.000,50331648,1,1520,1
opt_ntt,log15_lanes32,production,24,2,2490292.000,50331648,1,1520,1
opt_ntt,log15_lanes32,depth_first,24,2,3035625.000,50331648,1,1520,1
opt_ntt,log15_lanes32,production,25,2,3018541.500,50331648,1,1520,1
opt_ntt,log15_lanes32,tiled_half,25,2,3139208.500,50331648,1,1520,1
opt_ntt,log15_lanes32,half_depth,25,2,2608229.000,50331648,1,1520,1
opt_ntt,log15_lanes32,depth_first,25,2,2628500.000,50331648,1,1520,1
opt_ntt,log15_lanes32,production,26,2,2942875.000,50331648,1,1520,1
opt_ntt,log15_lanes32,tiled_half,26,2,2748875.000,50331648,1,1520,1
opt_ntt,log15_lanes32,depth_first,26,2,2384625.000,50331648,1,1520,1
opt_ntt,log15_lanes32,half_depth,26,2,2487771.000,50331648,1,1520,1
opt_ntt,log15_lanes32,tiled_half,27,2,2764708.500,50331648,1,1520,1
opt_ntt,log15_lanes32,production,27,2,2483583.000,50331648,1,1520,1
opt_ntt,log15_lanes32,half_depth,27,2,2535270.500,50331648,1,1520,1
opt_ntt,log15_lanes32,depth_first,27,2,2432833.000,50331648,1,1520,1
opt_ntt,log15_lanes32,tiled_half,28,2,2528708.500,50331648,1,1520,1
opt_ntt,log15_lanes32,depth_first,28,2,2463875.000,50331648,1,1520,1
opt_ntt,log15_lanes32,half_depth,28,2,2230646.000,50331648,1,1520,1
opt_ntt,log15_lanes32,production,28,2,2780458.000,50331648,1,1520,1
opt_ntt,log15_lanes32,half_depth,29,2,2348479.500,50331648,1,1520,1
opt_ntt,log15_lanes32,depth_first,29,2,2467104.500,50331648,1,1520,1
opt_ntt,log15_lanes32,production,29,2,2697104.000,50331648,1,1520,1
opt_ntt,log15_lanes32,tiled_half,29,2,2278083.000,50331648,1,1520,1
opt_ntt,log15_lanes32,depth_first,30,2,2594541.500,50331648,1,1520,1
opt_ntt,log15_lanes32,half_depth,30,2,2264166.500,50331648,1,1520,1
opt_ntt,log15_lanes32,production,30,2,2797375.000,50331648,1,1520,1
opt_ntt,log15_lanes32,tiled_half,30,2,2596437.500,50331648,1,1520,1
opt_ntt,log15_lanes32,tiled_half,31,2,2393416.500,50331648,1,1520,1
opt_ntt,log15_lanes32,depth_first,31,2,2546417.000,50331648,1,1520,1
opt_ntt,log15_lanes32,half_depth,31,2,2319291.500,50331648,1,1520,1
opt_ntt,log15_lanes32,production,31,2,2777375.000,50331648,1,1520,1
opt_ntt,log16_lanes32,production,0,1,7962708.000,100663296,1,1520,1
opt_ntt,log16_lanes32,depth_first,0,1,6382292.000,100663296,1,1520,1
opt_ntt,log16_lanes32,tiled_half,0,1,9592625.000,100663296,1,1520,1
opt_ntt,log16_lanes32,half_depth,0,1,5082542.000,100663296,1,1520,1
opt_ntt,log16_lanes32,half_depth,1,1,6962750.000,100663296,1,1520,1
opt_ntt,log16_lanes32,depth_first,1,1,5783208.000,100663296,1,1520,1
opt_ntt,log16_lanes32,production,1,1,8392833.000,100663296,1,1520,1
opt_ntt,log16_lanes32,tiled_half,1,1,7131417.000,100663296,1,1520,1
opt_ntt,log16_lanes32,depth_first,2,1,5722459.000,100663296,1,1520,1
opt_ntt,log16_lanes32,half_depth,2,1,4758917.000,100663296,1,1520,1
opt_ntt,log16_lanes32,tiled_half,2,1,5236000.000,100663296,1,1520,1
opt_ntt,log16_lanes32,production,2,1,5788125.000,100663296,1,1520,1
opt_ntt,log16_lanes32,half_depth,3,1,5017334.000,100663296,1,1520,1
opt_ntt,log16_lanes32,tiled_half,3,1,6766584.000,100663296,1,1520,1
opt_ntt,log16_lanes32,depth_first,3,1,5529125.000,100663296,1,1520,1
opt_ntt,log16_lanes32,production,3,1,5695375.000,100663296,1,1520,1
opt_ntt,log16_lanes32,production,4,1,9635333.000,100663296,1,1520,1
opt_ntt,log16_lanes32,tiled_half,4,1,5931834.000,100663296,1,1520,1
opt_ntt,log16_lanes32,depth_first,4,1,6380375.000,100663296,1,1520,1
opt_ntt,log16_lanes32,half_depth,4,1,5336375.000,100663296,1,1520,1
opt_ntt,log16_lanes32,tiled_half,5,1,6279584.000,100663296,1,1520,1
opt_ntt,log16_lanes32,half_depth,5,1,5944125.000,100663296,1,1520,1
opt_ntt,log16_lanes32,depth_first,5,1,5683500.000,100663296,1,1520,1
opt_ntt,log16_lanes32,production,5,1,6036375.000,100663296,1,1520,1
opt_ntt,log16_lanes32,tiled_half,6,1,5827667.000,100663296,1,1520,1
opt_ntt,log16_lanes32,half_depth,6,1,5091209.000,100663296,1,1520,1
opt_ntt,log16_lanes32,production,6,1,5037084.000,100663296,1,1520,1
opt_ntt,log16_lanes32,depth_first,6,1,6428916.000,100663296,1,1520,1
opt_ntt,log16_lanes32,depth_first,7,1,5543625.000,100663296,1,1520,1
opt_ntt,log16_lanes32,production,7,1,4572584.000,100663296,1,1520,1
opt_ntt,log16_lanes32,half_depth,7,1,4966417.000,100663296,1,1520,1
opt_ntt,log16_lanes32,tiled_half,7,1,6126417.000,100663296,1,1520,1
opt_ntt,log16_lanes32,production,8,1,5103042.000,100663296,1,1520,1
opt_ntt,log16_lanes32,half_depth,8,1,5205208.000,100663296,1,1520,1
opt_ntt,log16_lanes32,tiled_half,8,1,5199375.000,100663296,1,1520,1
opt_ntt,log16_lanes32,depth_first,8,1,4772541.000,100663296,1,1520,1
opt_ntt,log16_lanes32,production,9,1,5976375.000,100663296,1,1520,1
opt_ntt,log16_lanes32,depth_first,9,1,5297667.000,100663296,1,1520,1
opt_ntt,log16_lanes32,tiled_half,9,1,5300792.000,100663296,1,1520,1
opt_ntt,log16_lanes32,half_depth,9,1,4821167.000,100663296,1,1520,1
opt_ntt,log16_lanes32,half_depth,10,1,4974750.000,100663296,1,1520,1
opt_ntt,log16_lanes32,depth_first,10,1,5154667.000,100663296,1,1520,1
opt_ntt,log16_lanes32,production,10,1,5943000.000,100663296,1,1520,1
opt_ntt,log16_lanes32,tiled_half,10,1,5195542.000,100663296,1,1520,1
opt_ntt,log16_lanes32,half_depth,11,1,4917792.000,100663296,1,1520,1
opt_ntt,log16_lanes32,production,11,1,5671542.000,100663296,1,1520,1
opt_ntt,log16_lanes32,tiled_half,11,1,4919917.000,100663296,1,1520,1
opt_ntt,log16_lanes32,depth_first,11,1,5077041.000,100663296,1,1520,1
opt_ntt,log16_lanes32,tiled_half,12,1,5858167.000,100663296,1,1520,1
opt_ntt,log16_lanes32,depth_first,12,1,5251292.000,100663296,1,1520,1
opt_ntt,log16_lanes32,half_depth,12,1,5652959.000,100663296,1,1520,1
opt_ntt,log16_lanes32,production,12,1,5877792.000,100663296,1,1520,1
opt_ntt,log16_lanes32,half_depth,13,1,5055625.000,100663296,1,1520,1
opt_ntt,log16_lanes32,production,13,1,5137791.000,100663296,1,1520,1
opt_ntt,log16_lanes32,tiled_half,13,1,5015459.000,100663296,1,1520,1
opt_ntt,log16_lanes32,depth_first,13,1,5655458.000,100663296,1,1520,1
opt_ntt,log16_lanes32,tiled_half,14,1,5243500.000,100663296,1,1520,1
opt_ntt,log16_lanes32,production,14,1,5102875.000,100663296,1,1520,1
opt_ntt,log16_lanes32,depth_first,14,1,5735708.000,100663296,1,1520,1
opt_ntt,log16_lanes32,half_depth,14,1,5808083.000,100663296,1,1520,1
opt_ntt,log16_lanes32,tiled_half,15,1,7339375.000,100663296,1,1520,1
opt_ntt,log16_lanes32,depth_first,15,1,9183750.000,100663296,1,1520,1
opt_ntt,log16_lanes32,production,15,1,5061292.000,100663296,1,1520,1
opt_ntt,log16_lanes32,half_depth,15,1,5628625.000,100663296,1,1520,1
opt_ntt,log16_lanes32,half_depth,16,1,4740875.000,100663296,1,1520,1
opt_ntt,log16_lanes32,tiled_half,16,1,4899000.000,100663296,1,1520,1
opt_ntt,log16_lanes32,production,16,1,5055041.000,100663296,1,1520,1
opt_ntt,log16_lanes32,depth_first,16,1,5785666.000,100663296,1,1520,1
opt_ntt,log16_lanes32,production,17,1,4983334.000,100663296,1,1520,1
opt_ntt,log16_lanes32,half_depth,17,1,4899625.000,100663296,1,1520,1
opt_ntt,log16_lanes32,tiled_half,17,1,6476041.000,100663296,1,1520,1
opt_ntt,log16_lanes32,depth_first,17,1,5006000.000,100663296,1,1520,1
opt_ntt,log16_lanes32,depth_first,18,1,5581083.000,100663296,1,1520,1
opt_ntt,log16_lanes32,half_depth,18,1,5511584.000,100663296,1,1520,1
opt_ntt,log16_lanes32,tiled_half,18,1,4400834.000,100663296,1,1520,1
opt_ntt,log16_lanes32,production,18,1,5801584.000,100663296,1,1520,1
opt_ntt,log16_lanes32,depth_first,19,1,5124542.000,100663296,1,1520,1
opt_ntt,log16_lanes32,production,19,1,5122167.000,100663296,1,1520,1
opt_ntt,log16_lanes32,tiled_half,19,1,15745834.000,100663296,1,1520,1
opt_ntt,log16_lanes32,half_depth,19,1,5302750.000,100663296,1,1520,1
opt_ntt,log16_lanes32,production,20,1,5073250.000,100663296,1,1520,1
opt_ntt,log16_lanes32,half_depth,20,1,5043417.000,100663296,1,1520,1
opt_ntt,log16_lanes32,depth_first,20,1,5075833.000,100663296,1,1520,1
opt_ntt,log16_lanes32,tiled_half,20,1,4887792.000,100663296,1,1520,1
opt_ntt,log16_lanes32,depth_first,21,1,5239459.000,100663296,1,1520,1
opt_ntt,log16_lanes32,half_depth,21,1,4764833.000,100663296,1,1520,1
opt_ntt,log16_lanes32,production,21,1,5697500.000,100663296,1,1520,1
opt_ntt,log16_lanes32,tiled_half,21,1,5303333.000,100663296,1,1520,1
opt_ntt,log16_lanes32,half_depth,22,1,4747583.000,100663296,1,1520,1
opt_ntt,log16_lanes32,tiled_half,22,1,5507542.000,100663296,1,1520,1
opt_ntt,log16_lanes32,production,22,1,4993917.000,100663296,1,1520,1
opt_ntt,log16_lanes32,depth_first,22,1,5090917.000,100663296,1,1520,1
opt_ntt,log16_lanes32,tiled_half,23,1,5544167.000,100663296,1,1520,1
opt_ntt,log16_lanes32,half_depth,23,1,4479917.000,100663296,1,1520,1
opt_ntt,log16_lanes32,depth_first,23,1,5083500.000,100663296,1,1520,1
opt_ntt,log16_lanes32,production,23,1,5045875.000,100663296,1,1520,1
opt_ntt,log16_lanes32,half_depth,24,1,4713292.000,100663296,1,1520,1
opt_ntt,log16_lanes32,depth_first,24,1,5246000.000,100663296,1,1520,1
opt_ntt,log16_lanes32,production,24,1,5463667.000,100663296,1,1520,1
opt_ntt,log16_lanes32,tiled_half,24,1,6768083.000,100663296,1,1520,1
opt_ntt,log16_lanes32,half_depth,25,1,5050042.000,100663296,1,1520,1
opt_ntt,log16_lanes32,production,25,1,4585917.000,100663296,1,1520,1
opt_ntt,log16_lanes32,tiled_half,25,1,5999500.000,100663296,1,1520,1
opt_ntt,log16_lanes32,depth_first,25,1,5142458.000,100663296,1,1520,1
opt_ntt,log16_lanes32,depth_first,26,1,5165000.000,100663296,1,1520,1
opt_ntt,log16_lanes32,half_depth,26,1,5102000.000,100663296,1,1520,1
opt_ntt,log16_lanes32,tiled_half,26,1,5252875.000,100663296,1,1520,1
opt_ntt,log16_lanes32,production,26,1,4986916.000,100663296,1,1520,1
opt_ntt,log16_lanes32,tiled_half,27,1,5793000.000,100663296,1,1520,1
opt_ntt,log16_lanes32,production,27,1,8340083.000,100663296,1,1520,1
opt_ntt,log16_lanes32,half_depth,27,1,4473250.000,100663296,1,1520,1
opt_ntt,log16_lanes32,depth_first,27,1,5896959.000,100663296,1,1520,1
opt_ntt,log16_lanes32,depth_first,28,1,5104875.000,100663296,1,1520,1
opt_ntt,log16_lanes32,half_depth,28,1,4831416.000,100663296,1,1520,1
opt_ntt,log16_lanes32,tiled_half,28,1,5060959.000,100663296,1,1520,1
opt_ntt,log16_lanes32,production,28,1,6611500.000,100663296,1,1520,1
opt_ntt,log16_lanes32,depth_first,29,1,4979083.000,100663296,1,1520,1
opt_ntt,log16_lanes32,production,29,1,10845792.000,100663296,1,1520,1
opt_ntt,log16_lanes32,half_depth,29,1,5031375.000,100663296,1,1520,1
opt_ntt,log16_lanes32,tiled_half,29,1,6278875.000,100663296,1,1520,1
opt_ntt,log16_lanes32,half_depth,30,1,4624000.000,100663296,1,1520,1
opt_ntt,log16_lanes32,tiled_half,30,1,5247584.000,100663296,1,1520,1
opt_ntt,log16_lanes32,production,30,1,7573292.000,100663296,1,1520,1
opt_ntt,log16_lanes32,depth_first,30,1,5052042.000,100663296,1,1520,1
opt_ntt,log16_lanes32,depth_first,31,1,5372500.000,100663296,1,1520,1
opt_ntt,log16_lanes32,half_depth,31,1,5021333.000,100663296,1,1520,1
opt_ntt,log16_lanes32,production,31,1,6714166.000,100663296,1,1520,1
opt_ntt,log16_lanes32,tiled_half,31,1,7519833.000,100663296,1,1520,1
opt_ntt,log18_lanes32,production,0,1,20980083.000,402653184,1,1520,1
opt_ntt,log18_lanes32,half_depth,0,1,19270125.000,402653184,1,1520,1
opt_ntt,log18_lanes32,tiled_half,0,1,20942875.000,402653184,1,1520,1
opt_ntt,log18_lanes32,depth_first,0,1,22063792.000,402653184,1,1520,1
opt_ntt,log18_lanes32,half_depth,1,1,21421125.000,402653184,1,1520,1
opt_ntt,log18_lanes32,tiled_half,1,1,21343458.000,402653184,1,1520,1
opt_ntt,log18_lanes32,depth_first,1,1,20427750.000,402653184,1,1520,1
opt_ntt,log18_lanes32,production,1,1,22283375.000,402653184,1,1520,1
opt_ntt,log18_lanes32,tiled_half,2,1,23587792.000,402653184,1,1520,1
opt_ntt,log18_lanes32,production,2,1,34527084.000,402653184,1,1520,1
opt_ntt,log18_lanes32,depth_first,2,1,22613042.000,402653184,1,1520,1
opt_ntt,log18_lanes32,half_depth,2,1,20177667.000,402653184,1,1520,1
opt_ntt,log18_lanes32,half_depth,3,1,19351125.000,402653184,1,1520,1
opt_ntt,log18_lanes32,production,3,1,21045750.000,402653184,1,1520,1
opt_ntt,log18_lanes32,depth_first,3,1,20332375.000,402653184,1,1520,1
opt_ntt,log18_lanes32,tiled_half,3,1,20427875.000,402653184,1,1520,1
opt_ntt,log18_lanes32,depth_first,4,1,21701334.000,402653184,1,1520,1
opt_ntt,log18_lanes32,production,4,1,20843750.000,402653184,1,1520,1
opt_ntt,log18_lanes32,tiled_half,4,1,20660375.000,402653184,1,1520,1
opt_ntt,log18_lanes32,half_depth,4,1,19212000.000,402653184,1,1520,1
opt_ntt,log18_lanes32,tiled_half,5,1,20186958.000,402653184,1,1520,1
opt_ntt,log18_lanes32,half_depth,5,1,20275083.000,402653184,1,1520,1
opt_ntt,log18_lanes32,depth_first,5,1,19856084.000,402653184,1,1520,1
opt_ntt,log18_lanes32,production,5,1,20933208.000,402653184,1,1520,1
opt_ntt,log18_lanes32,depth_first,6,1,20722750.000,402653184,1,1520,1
opt_ntt,log18_lanes32,tiled_half,6,1,20984584.000,402653184,1,1520,1
opt_ntt,log18_lanes32,production,6,1,20855125.000,402653184,1,1520,1
opt_ntt,log18_lanes32,half_depth,6,1,19079958.000,402653184,1,1520,1
opt_ntt,log18_lanes32,depth_first,7,1,21107125.000,402653184,1,1520,1
opt_ntt,log18_lanes32,production,7,1,21484666.000,402653184,1,1520,1
opt_ntt,log18_lanes32,half_depth,7,1,21071334.000,402653184,1,1520,1
opt_ntt,log18_lanes32,tiled_half,7,1,21324292.000,402653184,1,1520,1
opt_ntt,log18_lanes32,half_depth,8,1,21455125.000,402653184,1,1520,1
opt_ntt,log18_lanes32,tiled_half,8,1,21383667.000,402653184,1,1520,1
opt_ntt,log18_lanes32,depth_first,8,1,22259000.000,402653184,1,1520,1
opt_ntt,log18_lanes32,production,8,1,21174416.000,402653184,1,1520,1
opt_ntt,log18_lanes32,production,9,1,20867125.000,402653184,1,1520,1
opt_ntt,log18_lanes32,depth_first,9,1,22037917.000,402653184,1,1520,1
opt_ntt,log18_lanes32,tiled_half,9,1,21672208.000,402653184,1,1520,1
opt_ntt,log18_lanes32,half_depth,9,1,19878083.000,402653184,1,1520,1
opt_ntt,log18_lanes32,half_depth,10,1,21107708.000,402653184,1,1520,1
opt_ntt,log18_lanes32,tiled_half,10,1,24096750.000,402653184,1,1520,1
opt_ntt,log18_lanes32,depth_first,10,1,21785708.000,402653184,1,1520,1
opt_ntt,log18_lanes32,production,10,1,20647833.000,402653184,1,1520,1
opt_ntt,log18_lanes32,tiled_half,11,1,20107375.000,402653184,1,1520,1
opt_ntt,log18_lanes32,half_depth,11,1,20564000.000,402653184,1,1520,1
opt_ntt,log18_lanes32,production,11,1,21347833.000,402653184,1,1520,1
opt_ntt,log18_lanes32,depth_first,11,1,21914458.000,402653184,1,1520,1
opt_ntt,log18_lanes32,production,12,1,21773791.000,402653184,1,1520,1
opt_ntt,log18_lanes32,depth_first,12,1,20377416.000,402653184,1,1520,1
opt_ntt,log18_lanes32,tiled_half,12,1,20755916.000,402653184,1,1520,1
opt_ntt,log18_lanes32,half_depth,12,1,21219125.000,402653184,1,1520,1
opt_ntt,log18_lanes32,half_depth,13,1,23003375.000,402653184,1,1520,1
opt_ntt,log18_lanes32,production,13,1,21019750.000,402653184,1,1520,1
opt_ntt,log18_lanes32,tiled_half,13,1,20081209.000,402653184,1,1520,1
opt_ntt,log18_lanes32,depth_first,13,1,21899708.000,402653184,1,1520,1
opt_ntt,log18_lanes32,depth_first,14,1,23203875.000,402653184,1,1520,1
opt_ntt,log18_lanes32,tiled_half,14,1,21285291.000,402653184,1,1520,1
opt_ntt,log18_lanes32,production,14,1,25028500.000,402653184,1,1520,1
opt_ntt,log18_lanes32,half_depth,14,1,20141000.000,402653184,1,1520,1
opt_ntt,log18_lanes32,tiled_half,15,1,21498917.000,402653184,1,1520,1
opt_ntt,log18_lanes32,half_depth,15,1,20391292.000,402653184,1,1520,1
opt_ntt,log18_lanes32,production,15,1,22791375.000,402653184,1,1520,1
opt_ntt,log18_lanes32,depth_first,15,1,21719875.000,402653184,1,1520,1
opt_ntt,log18_lanes32,tiled_half,16,1,20894250.000,402653184,1,1520,1
opt_ntt,log18_lanes32,depth_first,16,1,21837333.000,402653184,1,1520,1
opt_ntt,log18_lanes32,production,16,1,21334000.000,402653184,1,1520,1
opt_ntt,log18_lanes32,half_depth,16,1,19808292.000,402653184,1,1520,1
opt_ntt,log18_lanes32,depth_first,17,1,20647458.000,402653184,1,1520,1
opt_ntt,log18_lanes32,tiled_half,17,1,22347959.000,402653184,1,1520,1
opt_ntt,log18_lanes32,half_depth,17,1,19497250.000,402653184,1,1520,1
opt_ntt,log18_lanes32,production,17,1,23410667.000,402653184,1,1520,1
opt_ntt,log18_lanes32,depth_first,18,1,21578292.000,402653184,1,1520,1
opt_ntt,log18_lanes32,half_depth,18,1,19889458.000,402653184,1,1520,1
opt_ntt,log18_lanes32,tiled_half,18,1,21326042.000,402653184,1,1520,1
opt_ntt,log18_lanes32,production,18,1,21318375.000,402653184,1,1520,1
opt_ntt,log18_lanes32,depth_first,19,1,21677250.000,402653184,1,1520,1
opt_ntt,log18_lanes32,tiled_half,19,1,20997792.000,402653184,1,1520,1
opt_ntt,log18_lanes32,production,19,1,21072709.000,402653184,1,1520,1
opt_ntt,log18_lanes32,half_depth,19,1,21632667.000,402653184,1,1520,1
opt_ntt,log18_lanes32,tiled_half,20,1,21084334.000,402653184,1,1520,1
opt_ntt,log18_lanes32,production,20,1,20760334.000,402653184,1,1520,1
opt_ntt,log18_lanes32,half_depth,20,1,19471375.000,402653184,1,1520,1
opt_ntt,log18_lanes32,depth_first,20,1,19638667.000,402653184,1,1520,1
opt_ntt,log18_lanes32,depth_first,21,1,22942000.000,402653184,1,1520,1
opt_ntt,log18_lanes32,half_depth,21,1,19345167.000,402653184,1,1520,1
opt_ntt,log18_lanes32,production,21,1,31588541.000,402653184,1,1520,1
opt_ntt,log18_lanes32,tiled_half,21,1,21182166.000,402653184,1,1520,1
opt_ntt,log18_lanes32,production,22,1,21560875.000,402653184,1,1520,1
opt_ntt,log18_lanes32,depth_first,22,1,24948584.000,402653184,1,1520,1
opt_ntt,log18_lanes32,half_depth,22,1,19395792.000,402653184,1,1520,1
opt_ntt,log18_lanes32,tiled_half,22,1,22024667.000,402653184,1,1520,1
opt_ntt,log18_lanes32,depth_first,23,1,20629208.000,402653184,1,1520,1
opt_ntt,log18_lanes32,half_depth,23,1,20940000.000,402653184,1,1520,1
opt_ntt,log18_lanes32,production,23,1,28758167.000,402653184,1,1520,1
opt_ntt,log18_lanes32,tiled_half,23,1,20389958.000,402653184,1,1520,1
opt_ntt,log18_lanes32,tiled_half,24,1,21276792.000,402653184,1,1520,1
opt_ntt,log18_lanes32,half_depth,24,1,20699917.000,402653184,1,1520,1
opt_ntt,log18_lanes32,depth_first,24,1,21488917.000,402653184,1,1520,1
opt_ntt,log18_lanes32,production,24,1,20447916.000,402653184,1,1520,1
opt_ntt,log18_lanes32,depth_first,25,1,22157541.000,402653184,1,1520,1
opt_ntt,log18_lanes32,tiled_half,25,1,21763583.000,402653184,1,1520,1
opt_ntt,log18_lanes32,production,25,1,29580292.000,402653184,1,1520,1
opt_ntt,log18_lanes32,half_depth,25,1,21999375.000,402653184,1,1520,1
opt_ntt,log18_lanes32,tiled_half,26,1,21003625.000,402653184,1,1520,1
opt_ntt,log18_lanes32,production,26,1,20457208.000,402653184,1,1520,1
opt_ntt,log18_lanes32,depth_first,26,1,21008250.000,402653184,1,1520,1
opt_ntt,log18_lanes32,half_depth,26,1,26569000.000,402653184,1,1520,1
opt_ntt,log18_lanes32,tiled_half,27,1,21457625.000,402653184,1,1520,1
opt_ntt,log18_lanes32,depth_first,27,1,22298000.000,402653184,1,1520,1
opt_ntt,log18_lanes32,production,27,1,21313666.000,402653184,1,1520,1
opt_ntt,log18_lanes32,half_depth,27,1,19449708.000,402653184,1,1520,1
opt_ntt,log18_lanes32,production,28,1,20173417.000,402653184,1,1520,1
opt_ntt,log18_lanes32,tiled_half,28,1,19747750.000,402653184,1,1520,1
opt_ntt,log18_lanes32,half_depth,28,1,22033709.000,402653184,1,1520,1
opt_ntt,log18_lanes32,depth_first,28,1,22488292.000,402653184,1,1520,1
opt_ntt,log18_lanes32,depth_first,29,1,23109500.000,402653184,1,1520,1
opt_ntt,log18_lanes32,tiled_half,29,1,20504875.000,402653184,1,1520,1
opt_ntt,log18_lanes32,production,29,1,30716667.000,402653184,1,1520,1
opt_ntt,log18_lanes32,half_depth,29,1,27945833.000,402653184,1,1520,1
opt_ntt,log18_lanes32,depth_first,30,1,32286000.000,402653184,1,1520,1
opt_ntt,log18_lanes32,tiled_half,30,1,20450875.000,402653184,1,1520,1
opt_ntt,log18_lanes32,production,30,1,21299083.000,402653184,1,1520,1
opt_ntt,log18_lanes32,half_depth,30,1,19835708.000,402653184,1,1520,1
opt_ntt,log18_lanes32,half_depth,31,1,21950667.000,402653184,1,1520,1
opt_ntt,log18_lanes32,tiled_half,31,1,19103250.000,402653184,1,1520,1
opt_ntt,log18_lanes32,production,31,1,21057209.000,402653184,1,1520,1
opt_ntt,log18_lanes32,depth_first,31,1,28995792.000,402653184,1,1520,1
opt_pack,logs9_9,production,0,128,35469.078,16384,2,17904,1
opt_pack,logs9_9,single_write,0,128,715.500,16384,1,16384,1
opt_pack,logs9_9,tiled_write,0,128,575.516,16384,1,16384,1
opt_pack,logs9_9,production,1,128,36031.250,16384,2,17904,1
opt_pack,logs9_9,single_write,1,128,723.633,16384,1,16384,1
opt_pack,logs9_9,tiled_write,1,128,566.406,16384,1,16384,1
opt_pack,logs9_9,tiled_write,2,128,560.547,16384,1,16384,1
opt_pack,logs9_9,single_write,2,128,694.664,16384,1,16384,1
opt_pack,logs9_9,production,2,128,37016.930,16384,2,17904,1
opt_pack,logs9_9,tiled_write,3,128,647.133,16384,1,16384,1
opt_pack,logs9_9,production,3,128,35913.086,16384,2,17904,1
opt_pack,logs9_9,single_write,3,128,709.641,16384,1,16384,1
opt_pack,logs9_9,single_write,4,128,693.039,16384,1,16384,1
opt_pack,logs9_9,tiled_write,4,128,562.820,16384,1,16384,1
opt_pack,logs9_9,production,4,128,36124.344,16384,2,17904,1
opt_pack,logs9_9,tiled_write,5,128,593.102,16384,1,16384,1
opt_pack,logs9_9,single_write,5,128,699.867,16384,1,16384,1
opt_pack,logs9_9,production,5,128,37198.570,16384,2,17904,1
opt_pack,logs9_9,production,6,128,34981.445,16384,2,17904,1
opt_pack,logs9_9,tiled_write,6,128,578.781,16384,1,16384,1
opt_pack,logs9_9,single_write,6,128,696.617,16384,1,16384,1
opt_pack,logs9_9,production,7,128,34021.156,16384,2,17904,1
opt_pack,logs9_9,tiled_write,7,128,665.688,16384,1,16384,1
opt_pack,logs9_9,single_write,7,128,697.914,16384,1,16384,1
opt_pack,logs9_9,single_write,8,128,705.078,16384,1,16384,1
opt_pack,logs9_9,tiled_write,8,128,567.055,16384,1,16384,1
opt_pack,logs9_9,production,8,128,35347.656,16384,2,17904,1
opt_pack,logs9_9,single_write,9,128,748.375,16384,1,16384,1
opt_pack,logs9_9,production,9,128,34458.008,16384,2,17904,1
opt_pack,logs9_9,tiled_write,9,128,635.086,16384,1,16384,1
opt_pack,logs9_9,tiled_write,10,128,599.609,16384,1,16384,1
opt_pack,logs9_9,single_write,10,128,699.219,16384,1,16384,1
opt_pack,logs9_9,production,10,128,35711.914,16384,2,17904,1
opt_pack,logs9_9,tiled_write,11,128,619.141,16384,1,16384,1
opt_pack,logs9_9,production,11,128,29362.305,16384,2,17904,1
opt_pack,logs9_9,single_write,11,128,722.328,16384,1,16384,1
opt_pack,logs9_9,single_write,12,128,701.500,16384,1,16384,1
opt_pack,logs9_9,production,12,128,35983.398,16384,2,17904,1
opt_pack,logs9_9,tiled_write,12,128,793.297,16384,1,16384,1
opt_pack,logs9_9,production,13,128,33620.445,16384,2,17904,1
opt_pack,logs9_9,single_write,13,128,730.789,16384,1,16384,1
opt_pack,logs9_9,tiled_write,13,128,564.125,16384,1,16384,1
opt_pack,logs9_9,tiled_write,14,128,560.227,16384,1,16384,1
opt_pack,logs9_9,single_write,14,128,692.055,16384,1,16384,1
opt_pack,logs9_9,production,14,128,32608.070,16384,2,17904,1
opt_pack,logs9_9,tiled_write,15,128,595.055,16384,1,16384,1
opt_pack,logs9_9,single_write,15,128,694.008,16384,1,16384,1
opt_pack,logs9_9,production,15,128,29631.508,16384,2,17904,1
opt_pack,logs9_9,tiled_write,16,128,614.586,16384,1,16384,1
opt_pack,logs9_9,production,16,128,35978.836,16384,2,17904,1
opt_pack,logs9_9,single_write,16,128,717.453,16384,1,16384,1
opt_pack,logs9_9,production,17,128,32723.305,16384,2,17904,1
opt_pack,logs9_9,single_write,17,128,766.273,16384,1,16384,1
opt_pack,logs9_9,tiled_write,17,128,597.008,16384,1,16384,1
opt_pack,logs9_9,tiled_write,18,128,596.680,16384,1,16384,1
opt_pack,logs9_9,single_write,18,128,732.422,16384,1,16384,1
opt_pack,logs9_9,production,18,128,22378.250,16384,2,17904,1
opt_pack,logs9_9,single_write,19,128,744.461,16384,1,16384,1
opt_pack,logs9_9,production,19,128,25003.258,16384,2,17904,1
opt_pack,logs9_9,tiled_write,19,128,596.680,16384,1,16384,1
opt_pack,logs9_9,tiled_write,20,128,593.422,16384,1,16384,1
opt_pack,logs9_9,single_write,20,128,729.812,16384,1,16384,1
opt_pack,logs9_9,production,20,128,20207.359,16384,2,17904,1
opt_pack,logs9_9,single_write,21,128,744.789,16384,1,16384,1
opt_pack,logs9_9,production,21,128,24404.953,16384,2,17904,1
opt_pack,logs9_9,tiled_write,21,128,597.984,16384,1,16384,1
opt_pack,logs9_9,production,22,128,33621.742,16384,2,17904,1
opt_pack,logs9_9,tiled_write,22,128,629.883,16384,1,16384,1
opt_pack,logs9_9,single_write,22,128,698.242,16384,1,16384,1
opt_pack,logs9_9,tiled_write,23,128,562.500,16384,1,16384,1
opt_pack,logs9_9,single_write,23,128,699.219,16384,1,16384,1
opt_pack,logs9_9,production,23,128,32091.797,16384,2,17904,1
opt_pack,logs9_9,tiled_write,24,128,637.695,16384,1,16384,1
opt_pack,logs9_9,production,24,128,28321.609,16384,2,17904,1
opt_pack,logs9_9,single_write,24,128,728.188,16384,1,16384,1
opt_pack,logs9_9,single_write,25,128,704.102,16384,1,16384,1
opt_pack,logs9_9,tiled_write,25,128,574.219,16384,1,16384,1
opt_pack,logs9_9,production,25,128,26981.117,16384,2,17904,1
opt_pack,logs9_9,tiled_write,26,128,616.859,16384,1,16384,1
opt_pack,logs9_9,single_write,26,128,729.164,16384,1,16384,1
opt_pack,logs9_9,production,26,128,18064.133,16384,2,17904,1
opt_pack,logs9_9,single_write,27,128,743.164,16384,1,16384,1
opt_pack,logs9_9,tiled_write,27,128,621.094,16384,1,16384,1
opt_pack,logs9_9,production,27,128,25833.008,16384,2,17904,1
opt_pack,logs9_9,single_write,28,128,742.188,16384,1,16384,1
opt_pack,logs9_9,production,28,128,23691.727,16384,2,17904,1
opt_pack,logs9_9,tiled_write,28,128,605.469,16384,1,16384,1
opt_pack,logs9_9,production,29,128,25288.734,16384,2,17904,1
opt_pack,logs9_9,single_write,29,128,735.031,16384,1,16384,1
opt_pack,logs9_9,tiled_write,29,128,645.836,16384,1,16384,1
opt_pack,logs9_9,production,30,128,32322.586,16384,2,17904,1
opt_pack,logs9_9,tiled_write,30,128,597.008,16384,1,16384,1
opt_pack,logs9_9,single_write,30,128,696.938,16384,1,16384,1
opt_pack,logs9_9,single_write,31,128,701.492,16384,1,16384,1
opt_pack,logs9_9,tiled_write,31,128,565.109,16384,1,16384,1
opt_pack,logs9_9,production,31,128,35506.836,16384,2,17904,1
opt_packed_ood,logs9_9,tiled_indexed_ood,0,64,2830.078,32768,3,32784,1
opt_packed_ood,logs9_9,single_write_ood,0,64,2921.875,32768,3,32784,1
opt_packed_ood,logs9_9,production,0,64,65865.891,32768,15,50736,1
opt_packed_ood,logs9_9,single_write_ood,1,64,2980.469,32768,3,32784,1
opt_packed_ood,logs9_9,production,1,64,63137.375,32768,15,50736,1
opt_packed_ood,logs9_9,tiled_indexed_ood,1,64,2930.984,32768,3,32784,1
opt_packed_ood,logs9_9,production,2,64,66037.109,32768,15,50736,1
opt_packed_ood,logs9_9,single_write_ood,2,64,2968.750,32768,3,32784,1
opt_packed_ood,logs9_9,tiled_indexed_ood,2,64,2893.234,32768,3,32784,1
opt_packed_ood,logs9_9,tiled_indexed_ood,3,64,2861.969,32768,3,32784,1
opt_packed_ood,logs9_9,production,3,64,68830.078,32768,15,50736,1
opt_packed_ood,logs9_9,single_write_ood,3,64,2993.500,32768,3,32784,1
opt_packed_ood,logs9_9,tiled_indexed_ood,4,64,2909.500,32768,3,32784,1
opt_packed_ood,logs9_9,single_write_ood,4,64,2934.250,32768,3,32784,1
opt_packed_ood,logs9_9,production,4,64,61920.578,32768,15,50736,1
opt_packed_ood,logs9_9,production,5,64,64451.828,32768,15,50736,1
opt_packed_ood,logs9_9,tiled_indexed_ood,5,64,2973.312,32768,3,32784,1
opt_packed_ood,logs9_9,single_write_ood,5,64,2997.406,32768,3,32784,1
opt_packed_ood,logs9_9,production,6,64,55556.641,32768,15,50736,1
opt_packed_ood,logs9_9,tiled_indexed_ood,6,64,2939.453,32768,3,32784,1
opt_packed_ood,logs9_9,single_write_ood,6,64,2988.938,32768,3,32784,1
opt_packed_ood,logs9_9,production,7,64,62455.719,32768,15,50736,1
opt_packed_ood,logs9_9,tiled_indexed_ood,7,64,2968.094,32768,3,32784,1
opt_packed_ood,logs9_9,single_write_ood,7,64,3013.672,32768,3,32784,1
opt_packed_ood,logs9_9,single_write_ood,8,64,2988.938,32768,3,32784,1
opt_packed_ood,logs9_9,tiled_indexed_ood,8,64,2886.062,32768,3,32784,1
opt_packed_ood,logs9_9,production,8,64,62884.109,32768,15,50736,1
opt_packed_ood,logs9_9,production,9,64,53624.344,32768,15,50736,1
opt_packed_ood,logs9_9,single_write_ood,9,64,3021.484,32768,3,32784,1
opt_packed_ood,logs9_9,tiled_indexed_ood,9,64,2910.812,32768,3,32784,1
opt_packed_ood,logs9_9,production,10,64,59985.688,32768,15,50736,1
opt_packed_ood,logs9_9,tiled_indexed_ood,10,64,2901.688,32768,3,32784,1
opt_packed_ood,logs9_9,single_write_ood,10,64,2947.922,32768,3,32784,1
opt_packed_ood,logs9_9,single_write_ood,11,64,2932.281,32768,3,32784,1
opt_packed_ood,logs9_9,tiled_indexed_ood,11,64,2834.641,32768,3,32784,1
opt_packed_ood,logs9_9,production,11,64,62700.516,32768,15,50736,1
opt_packed_ood,logs9_9,tiled_indexed_ood,12,64,2906.891,32768,3,32784,1
opt_packed_ood,logs9_9,production,12,64,68504.547,32768,15,50736,1
opt_packed_ood,logs9_9,single_write_ood,12,64,2990.875,32768,3,32784,1
opt_packed_ood,logs9_9,production,13,64,60532.547,32768,15,50736,1
opt_packed_ood,logs9_9,single_write_ood,13,64,2997.391,32768,3,32784,1
opt_packed_ood,logs9_9,tiled_indexed_ood,13,64,2930.328,32768,3,32784,1
opt_packed_ood,logs9_9,production,14,64,62988.281,32768,15,50736,1
opt_packed_ood,logs9_9,single_write_ood,14,64,3021.484,32768,3,32784,1
opt_packed_ood,logs9_9,tiled_indexed_ood,14,64,2869.797,32768,3,32784,1
opt_packed_ood,logs9_9,production,15,64,66569.000,32768,15,50736,1
opt_packed_ood,logs9_9,single_write_ood,15,64,3003.250,32768,3,32784,1
opt_packed_ood,logs9_9,tiled_indexed_ood,15,64,2940.750,32768,3,32784,1
opt_packed_ood,logs9_9,tiled_indexed_ood,16,64,2852.219,32768,3,32784,1
opt_packed_ood,logs9_9,production,16,64,64269.531,32768,15,50736,1
opt_packed_ood,logs9_9,single_write_ood,16,64,3063.156,32768,3,32784,1
opt_packed_ood,logs9_9,single_write_ood,17,64,2969.406,32768,3,32784,1
opt_packed_ood,logs9_9,production,17,64,61703.125,32768,15,50736,1
opt_packed_ood,logs9_9,tiled_indexed_ood,17,64,2894.531,32768,3,32784,1
opt_packed_ood,logs9_9,single_write_ood,18,64,2945.953,32768,3,32784,1
opt_packed_ood,logs9_9,tiled_indexed_ood,18,64,2845.703,32768,3,32784,1
opt_packed_ood,logs9_9,production,18,64,67660.156,32768,15,50736,1
opt_packed_ood,logs9_9,single_write_ood,19,64,3084.641,32768,3,32784,1
opt_packed_ood,logs9_9,production,19,64,62187.500,32768,15,50736,1
opt_packed_ood,logs9_9,tiled_indexed_ood,19,64,2889.984,32768,3,32784,1
opt_packed_ood,logs9_9,production,20,64,56619.141,32768,15,50736,1
opt_packed_ood,logs9_9,single_write_ood,20,64,3087.891,32768,3,32784,1
opt_packed_ood,logs9_9,tiled_indexed_ood,20,64,2986.328,32768,3,32784,1
opt_packed_ood,logs9_9,production,21,64,67553.375,32768,15,50736,1
opt_packed_ood,logs9_9,tiled_indexed_ood,21,64,2893.234,32768,3,32784,1
opt_packed_ood,logs9_9,single_write_ood,21,64,2951.172,32768,3,32784,1
opt_packed_ood,logs9_9,tiled_indexed_ood,22,64,2847.656,32768,3,32784,1
opt_packed_ood,logs9_9,single_write_ood,22,64,2925.125,32768,3,32784,1
opt_packed_ood,logs9_9,production,22,64,58849.609,32768,15,50736,1
opt_packed_ood,logs9_9,single_write_ood,23,64,3012.375,32768,3,32784,1
opt_packed_ood,logs9_9,tiled_indexed_ood,23,64,2880.203,32768,3,32784,1
opt_packed_ood,logs9_9,production,23,64,59886.719,32768,15,50736,1
opt_packed_ood,logs9_9,production,24,64,56034.500,32768,15,50736,1
opt_packed_ood,logs9_9,single_write_ood,24,64,3048.828,32768,3,32784,1
opt_packed_ood,logs9_9,tiled_indexed_ood,24,64,2888.672,32768,3,32784,1
opt_packed_ood,logs9_9,production,25,64,65891.922,32768,15,50736,1
opt_packed_ood,logs9_9,tiled_indexed_ood,25,64,2895.828,32768,3,32784,1
opt_packed_ood,logs9_9,single_write_ood,25,64,2942.047,32768,3,32784,1
opt_packed_ood,logs9_9,production,26,64,60868.500,32768,15,50736,1
opt_packed_ood,logs9_9,single_write_ood,26,64,3031.250,32768,3,32784,1
opt_packed_ood,logs9_9,tiled_indexed_ood,26,64,2880.859,32768,3,32784,1
opt_packed_ood,logs9_9,tiled_indexed_ood,27,64,2845.703,32768,3,32784,1
opt_packed_ood,logs9_9,production,27,64,66720.047,32768,15,50736,1
opt_packed_ood,logs9_9,single_write_ood,27,64,3076.172,32768,3,32784,1
opt_packed_ood,logs9_9,production,28,64,58134.109,32768,15,50736,1
opt_packed_ood,logs9_9,single_write_ood,28,64,2992.828,32768,3,32784,1
opt_packed_ood,logs9_9,tiled_indexed_ood,28,64,2873.047,32768,3,32784,1
opt_packed_ood,logs9_9,single_write_ood,29,64,3078.766,32768,3,32784,1
opt_packed_ood,logs9_9,tiled_indexed_ood,29,64,2846.359,32768,3,32784,1
opt_packed_ood,logs9_9,production,29,64,62117.844,32768,15,50736,1
opt_packed_ood,logs9_9,tiled_indexed_ood,30,64,2974.609,32768,3,32784,1
opt_packed_ood,logs9_9,production,30,64,69374.344,32768,15,50736,1
opt_packed_ood,logs9_9,single_write_ood,30,64,2994.781,32768,3,32784,1
opt_packed_ood,logs9_9,single_write_ood,31,64,2910.797,32768,3,32784,1
opt_packed_ood,logs9_9,production,31,64,60466.797,32768,15,50736,1
opt_packed_ood,logs9_9,tiled_indexed_ood,31,64,2900.391,32768,3,32784,1
opt_pack,logs16_14,single_write,0,16,91523.438,2097152,1,2097152,1
opt_pack,logs16_14,production,0,16,198182.312,2097152,2,2098672,1
opt_pack,logs16_14,tiled_write,0,16,73697.938,2097152,2,2098672,1
opt_pack,logs16_14,single_write,1,16,91273.438,2097152,1,2097152,1
opt_pack,logs16_14,tiled_write,1,16,84281.250,2097152,2,2098672,1
opt_pack,logs16_14,production,1,16,191184.875,2097152,2,2098672,1
opt_pack,logs16_14,production,2,16,216054.688,2097152,2,2098672,1
opt_pack,logs16_14,single_write,2,16,94278.625,2097152,1,2097152,1
opt_pack,logs16_14,tiled_write,2,16,89734.375,2097152,2,2098672,1
opt_pack,logs16_14,production,3,16,203072.938,2097152,2,2098672,1
opt_pack,logs16_14,single_write,3,16,92445.312,2097152,1,2097152,1
opt_pack,logs16_14,tiled_write,3,16,76505.250,2097152,2,2098672,1
opt_pack,logs16_14,tiled_write,4,16,89515.625,2097152,2,2098672,1
opt_pack,logs16_14,single_write,4,16,93122.375,2097152,1,2097152,1
opt_pack,logs16_14,production,4,16,186974.000,2097152,2,2098672,1
opt_pack,logs16_14,tiled_write,5,16,75463.562,2097152,2,2098672,1
opt_pack,logs16_14,single_write,5,16,91408.875,2097152,1,2097152,1
opt_pack,logs16_14,production,5,16,217794.312,2097152,2,2098672,1
opt_pack,logs16_14,single_write,6,16,95468.750,2097152,1,2097152,1
opt_pack,logs16_14,tiled_write,6,16,66872.375,2097152,2,2098672,1
opt_pack,logs16_14,production,6,16,180242.188,2097152,2,2098672,1
opt_pack,logs16_14,production,7,16,216898.438,2097152,2,2098672,1
opt_pack,logs16_14,single_write,7,16,92559.875,2097152,1,2097152,1
opt_pack,logs16_14,tiled_write,7,16,84255.250,2097152,2,2098672,1
opt_pack,logs16_14,tiled_write,8,16,70789.062,2097152,2,2098672,1
opt_pack,logs16_14,production,8,16,219440.125,2097152,2,2098672,1
opt_pack,logs16_14,single_write,8,16,96963.562,2097152,1,2097152,1
opt_pack,logs16_14,single_write,9,16,93776.062,2097152,1,2097152,1
opt_pack,logs16_14,tiled_write,9,16,97260.438,2097152,2,2098672,1
opt_pack,logs16_14,production,9,16,176744.812,2097152,2,2098672,1
opt_pack,logs16_14,production,10,16,206221.312,2097152,2,2098672,1
opt_pack,logs16_14,tiled_write,10,16,80565.062,2097152,2,2098672,1
opt_pack,logs16_14,single_write,10,16,91526.000,2097152,1,2097152,1
opt_pack,logs16_14,production,11,16,197224.000,2097152,2,2098672,1
opt_pack,logs16_14,single_write,11,16,95158.875,2097152,1,2097152,1
opt_pack,logs16_14,tiled_write,11,16,85445.312,2097152,2,2098672,1
opt_pack,logs16_14,production,12,16,172151.000,2097152,2,2098672,1
opt_pack,logs16_14,single_write,12,16,93015.625,2097152,1,2097152,1
opt_pack,logs16_14,tiled_write,12,16,74721.375,2097152,2,2098672,1
opt_pack,logs16_14,tiled_write,13,16,70549.438,2097152,2,2098672,1
opt_pack,logs16_14,production,13,16,206223.938,2097152,2,2098672,1
opt_pack,logs16_14,single_write,13,16,94059.938,2097152,1,2097152,1
opt_pack,logs16_14,tiled_write,14,16,80942.688,2097152,2,2098672,1
opt_pack,logs16_14,production,14,16,208158.875,2097152,2,2098672,1
opt_pack,logs16_14,single_write,14,16,95299.500,2097152,1,2097152,1
opt_pack,logs16_14,single_write,15,16,94065.125,2097152,1,2097152,1
opt_pack,logs16_14,tiled_write,15,16,67726.562,2097152,2,2098672,1
opt_pack,logs16_14,production,15,16,210023.438,2097152,2,2098672,1
opt_pack,logs16_14,production,16,16,190721.312,2097152,2,2098672,1
opt_pack,logs16_14,single_write,16,16,93666.625,2097152,1,2097152,1
opt_pack,logs16_14,tiled_write,16,16,77437.500,2097152,2,2098672,1
opt_pack,logs16_14,tiled_write,17,16,79919.312,2097152,2,2098672,1
opt_pack,logs16_14,single_write,17,16,93755.188,2097152,1,2097152,1
opt_pack,logs16_14,production,17,16,195385.438,2097152,2,2098672,1
opt_pack,logs16_14,tiled_write,18,16,82987.000,2097152,2,2098672,1
opt_pack,logs16_14,production,18,16,208119.750,2097152,2,2098672,1
opt_pack,logs16_14,single_write,18,16,94695.312,2097152,1,2097152,1
opt_pack,logs16_14,production,19,16,174768.188,2097152,2,2098672,1
opt_pack,logs16_14,single_write,19,16,92994.750,2097152,1,2097152,1
opt_pack,logs16_14,tiled_write,19,16,82213.562,2097152,2,2098672,1
opt_pack,logs16_14,tiled_write,20,16,84096.375,2097152,2,2098672,1
opt_pack,logs16_14,production,20,16,201273.438,2097152,2,2098672,1
opt_pack,logs16_14,single_write,20,16,93375.000,2097152,1,2097152,1
opt_pack,logs16_14,tiled_write,21,16,80151.062,2097152,2,2098672,1
opt_pack,logs16_14,production,21,16,201005.250,2097152,2,2098672,1
opt_pack,logs16_14,single_write,21,16,92596.375,2097152,1,2097152,1
opt_pack,logs16_14,production,22,16,167002.562,2097152,2,2098672,1
opt_pack,logs16_14,tiled_write,22,16,76875.000,2097152,2,2098672,1
opt_pack,logs16_14,single_write,22,16,90463.562,2097152,1,2097152,1
opt_pack,logs16_14,single_write,23,16,90580.688,2097152,1,2097152,1
opt_pack,logs16_14,production,23,16,179585.938,2097152,2,2098672,1
opt_pack,logs16_14,tiled_write,23,16,84859.375,2097152,2,2098672,1
opt_pack,logs16_14,single_write,24,16,94656.250,2097152,1,2097152,1
opt_pack,logs16_14,tiled_write,24,16,92442.688,2097152,2,2098672,1
opt_pack,logs16_14,production,24,16,187046.875,2097152,2,2098672,1
opt_pack,logs16_14,production,25,16,198612.000,2097152,2,2098672,1
opt_pack,logs16_14,single_write,25,16,95601.562,2097152,1,2097152,1
opt_pack,logs16_14,tiled_write,25,16,91062.500,2097152,2,2098672,1
opt_pack,logs16_14,tiled_write,26,16,74356.750,2097152,2,2098672,1
opt_pack,logs16_14,production,26,16,178518.250,2097152,2,2098672,1
opt_pack,logs16_14,single_write,26,16,96195.312,2097152,1,2097152,1
opt_pack,logs16_14,production,27,16,213054.688,2097152,2,2098672,1
opt_pack,logs16_14,single_write,27,16,92658.875,2097152,1,2097152,1
opt_pack,logs16_14,tiled_write,27,16,71362.000,2097152,2,2098672,1
opt_pack,logs16_14,production,28,16,181994.750,2097152,2,2098672,1
opt_pack,logs16_14,single_write,28,16,93809.875,2097152,1,2097152,1
opt_pack,logs16_14,tiled_write,28,16,78958.312,2097152,2,2098672,1
opt_pack,logs16_14,production,29,16,201604.188,2097152,2,2098672,1
opt_pack,logs16_14,single_write,29,16,94835.938,2097152,1,2097152,1
opt_pack,logs16_14,tiled_write,29,16,87161.438,2097152,2,2098672,1
opt_pack,logs16_14,single_write,30,16,92192.688,2097152,1,2097152,1
opt_pack,logs16_14,production,30,16,193632.812,2097152,2,2098672,1
opt_pack,logs16_14,tiled_write,30,16,72013.000,2097152,2,2098672,1
opt_pack,logs16_14,tiled_write,31,16,71276.062,2097152,2,2098672,1
opt_pack,logs16_14,single_write,31,16,94598.938,2097152,1,2097152,1
opt_pack,logs16_14,production,31,16,215924.500,2097152,2,2098672,1
opt_packed_ood,logs16_14,single_write_ood,0,16,237742.188,4194304,4,2164720,1
opt_packed_ood,logs16_14,tiled_indexed_ood,0,16,183041.688,4194304,4,2164720,1
opt_packed_ood,logs16_14,production,0,16,286421.875,4194304,22,2231248,1
opt_packed_ood,logs16_14,production,1,16,269729.125,4194304,22,2231248,1
opt_packed_ood,logs16_14,single_write_ood,1,16,241533.812,4194304,4,2164720,1
opt_packed_ood,logs16_14,tiled_indexed_ood,1,16,186229.188,4194304,4,2164720,1
opt_packed_ood,logs16_14,single_write_ood,2,16,254843.750,4194304,4,2164720,1
opt_packed_ood,logs16_14,tiled_indexed_ood,2,16,163830.750,4194304,4,2164720,1
opt_packed_ood,logs16_14,production,2,16,297135.438,4194304,22,2231248,1
opt_packed_ood,logs16_14,single_write_ood,3,16,244679.688,4194304,4,2164720,1
opt_packed_ood,logs16_14,production,3,16,303750.000,4194304,22,2231248,1
opt_packed_ood,logs16_14,tiled_indexed_ood,3,16,180752.625,4194304,4,2164720,1
opt_packed_ood,logs16_14,tiled_indexed_ood,4,16,180440.125,4194304,4,2164720,1
opt_packed_ood,logs16_14,production,4,16,293572.938,4194304,22,2231248,1
opt_packed_ood,logs16_14,single_write_ood,4,16,248401.062,4194304,4,2164720,1
opt_packed_ood,logs16_14,tiled_indexed_ood,5,16,156315.062,4194304,4,2164720,1
opt_packed_ood,logs16_14,production,5,16,294994.812,4194304,22,2231248,1
opt_packed_ood,logs16_14,single_write_ood,5,16,255414.062,4194304,4,2164720,1
opt_packed_ood,logs16_14,single_write_ood,6,16,262700.500,4194304,4,2164720,1
opt_packed_ood,logs16_14,tiled_indexed_ood,6,16,175713.562,4194304,4,2164720,1
opt_packed_ood,logs16_14,production,6,16,299325.500,4194304,22,2231248,1
opt_packed_ood,logs16_14,tiled_indexed_ood,7,16,183919.312,4194304,4,2164720,1
opt_packed_ood,logs16_14,single_write_ood,7,16,238979.125,4194304,4,2164720,1
opt_packed_ood,logs16_14,production,7,16,294270.812,4194304,22,2231248,1
opt_packed_ood,logs16_14,single_write_ood,8,16,249195.312,4194304,4,2164720,1
opt_packed_ood,logs16_14,tiled_indexed_ood,8,16,203974.000,4194304,4,2164720,1
opt_packed_ood,logs16_14,production,8,16,290304.688,4194304,22,2231248,1
opt_packed_ood,logs16_14,single_write_ood,9,16,248054.688,4194304,4,2164720,1
opt_packed_ood,logs16_14,production,9,16,292484.375,4194304,22,2231248,1
opt_packed_ood,logs16_14,tiled_indexed_ood,9,16,198234.375,4194304,4,2164720,1
opt_packed_ood,logs16_14,single_write_ood,10,16,251674.438,4194304,4,2164720,1
opt_packed_ood,logs16_14,tiled_indexed_ood,10,16,180229.125,4194304,4,2164720,1
opt_packed_ood,logs16_14,production,10,16,286539.062,4194304,22,2231248,1
opt_packed_ood,logs16_14,tiled_indexed_ood,11,16,191921.875,4194304,4,2164720,1
opt_packed_ood,logs16_14,single_write_ood,11,16,249049.500,4194304,4,2164720,1
opt_packed_ood,logs16_14,production,11,16,298299.500,4194304,22,2231248,1
opt_packed_ood,logs16_14,production,12,16,288515.625,4194304,22,2231248,1
opt_packed_ood,logs16_14,tiled_indexed_ood,12,16,170869.812,4194304,4,2164720,1
opt_packed_ood,logs16_14,single_write_ood,12,16,253645.812,4194304,4,2164720,1
opt_packed_ood,logs16_14,production,13,16,271403.625,4194304,22,2231248,1
opt_packed_ood,logs16_14,single_write_ood,13,16,246572.875,4194304,4,2164720,1
opt_packed_ood,logs16_14,tiled_indexed_ood,13,16,161281.250,4194304,4,2164720,1
opt_packed_ood,logs16_14,production,14,16,294562.500,4194304,22,2231248,1
opt_packed_ood,logs16_14,tiled_indexed_ood,14,16,161770.812,4194304,4,2164720,1
opt_packed_ood,logs16_14,single_write_ood,14,16,234463.500,4194304,4,2164720,1
opt_packed_ood,logs16_14,single_write_ood,15,16,242224.000,4194304,4,2164720,1
opt_packed_ood,logs16_14,tiled_indexed_ood,15,16,193747.375,4194304,4,2164720,1
opt_packed_ood,logs16_14,production,15,16,328380.188,4194304,22,2231248,1
opt_packed_ood,logs16_14,tiled_indexed_ood,16,16,166507.812,4194304,4,2164720,1
opt_packed_ood,logs16_14,production,16,16,295062.500,4194304,22,2231248,1
opt_packed_ood,logs16_14,single_write_ood,16,16,250614.562,4194304,4,2164720,1
opt_packed_ood,logs16_14,single_write_ood,17,16,249309.875,4194304,4,2164720,1
opt_packed_ood,logs16_14,tiled_indexed_ood,17,16,183354.188,4194304,4,2164720,1
opt_packed_ood,logs16_14,production,17,16,289023.438,4194304,22,2231248,1
opt_packed_ood,logs16_14,single_write_ood,18,16,243971.375,4194304,4,2164720,1
opt_packed_ood,logs16_14,production,18,16,283289.062,4194304,22,2231248,1
opt_packed_ood,logs16_14,tiled_indexed_ood,18,16,191632.812,4194304,4,2164720,1
opt_packed_ood,logs16_14,production,19,16,297317.688,4194304,22,2231248,1
opt_packed_ood,logs16_14,tiled_indexed_ood,19,16,164210.938,4194304,4,2164720,1
opt_packed_ood,logs16_14,single_write_ood,19,16,264572.938,4194304,4,2164720,1
opt_packed_ood,logs16_14,tiled_indexed_ood,20,16,194203.125,4194304,4,2164720,1
opt_packed_ood,logs16_14,single_write_ood,20,16,243179.688,4194304,4,2164720,1
opt_packed_ood,logs16_14,production,20,16,322653.688,4194304,22,2231248,1
opt_packed_ood,logs16_14,production,21,16,303651.062,4194304,22,2231248,1
opt_packed_ood,logs16_14,single_write_ood,21,16,245835.938,4194304,4,2164720,1
opt_packed_ood,logs16_14,tiled_indexed_ood,21,16,190825.562,4194304,4,2164720,1
opt_packed_ood,logs16_14,single_write_ood,22,16,243880.250,4194304,4,2164720,1
opt_packed_ood,logs16_14,tiled_indexed_ood,22,16,178523.438,4194304,4,2164720,1
opt_packed_ood,logs16_14,production,22,16,294479.188,4194304,22,2231248,1
opt_packed_ood,logs16_14,single_write_ood,23,16,252869.750,4194304,4,2164720,1
opt_packed_ood,logs16_14,tiled_indexed_ood,23,16,176651.000,4194304,4,2164720,1
opt_packed_ood,logs16_14,production,23,16,291901.062,4194304,22,2231248,1
opt_packed_ood,logs16_14,tiled_indexed_ood,24,16,181364.562,4194304,4,2164720,1
opt_packed_ood,logs16_14,production,24,16,314460.938,4194304,22,2231248,1
opt_packed_ood,logs16_14,single_write_ood,24,16,251739.562,4194304,4,2164720,1
opt_packed_ood,logs16_14,single_write_ood,25,16,248713.562,4194304,4,2164720,1
opt_packed_ood,logs16_14,tiled_indexed_ood,25,16,169281.250,4194304,4,2164720,1
opt_packed_ood,logs16_14,production,25,16,303619.812,4194304,22,2231248,1
opt_packed_ood,logs16_14,production,26,16,283226.562,4194304,22,2231248,1
opt_packed_ood,logs16_14,single_write_ood,26,16,256531.250,4194304,4,2164720,1
opt_packed_ood,logs16_14,tiled_indexed_ood,26,16,202557.312,4194304,4,2164720,1
opt_packed_ood,logs16_14,production,27,16,332557.312,4194304,22,2231248,1
opt_packed_ood,logs16_14,single_write_ood,27,16,240322.938,4194304,4,2164720,1
opt_packed_ood,logs16_14,tiled_indexed_ood,27,16,181544.250,4194304,4,2164720,1
opt_packed_ood,logs16_14,single_write_ood,28,16,248635.438,4194304,4,2164720,1
opt_packed_ood,logs16_14,production,28,16,298466.125,4194304,22,2231248,1
opt_packed_ood,logs16_14,tiled_indexed_ood,28,16,179406.250,4194304,4,2164720,1
opt_packed_ood,logs16_14,tiled_indexed_ood,29,16,156854.188,4194304,4,2164720,1
opt_packed_ood,logs16_14,single_write_ood,29,16,254192.750,4194304,4,2164720,1
opt_packed_ood,logs16_14,production,29,16,346190.125,4194304,22,2231248,1
opt_packed_ood,logs16_14,single_write_ood,30,16,243664.062,4194304,4,2164720,1
opt_packed_ood,logs16_14,production,30,16,297539.062,4194304,22,2231248,1
opt_packed_ood,logs16_14,tiled_indexed_ood,30,16,175416.625,4194304,4,2164720,1
opt_packed_ood,logs16_14,tiled_indexed_ood,31,16,197007.812,4194304,4,2164720,1
opt_packed_ood,logs16_14,production,31,16,246742.188,4194304,22,2231248,1
opt_packed_ood,logs16_14,single_write_ood,31,16,242263.062,4194304,4,2164720,1
opt_pack,logs18_18,tiled_write,0,8,150656.250,8388608,2,8390128,1
opt_pack,logs18_18,single_write,0,8,423921.875,8388608,1,8388608,1
opt_pack,logs18_18,production,0,8,445020.750,8388608,2,8390128,1
opt_pack,logs18_18,production,1,8,447708.250,8388608,2,8390128,1
opt_pack,logs18_18,tiled_write,1,8,175369.750,8388608,2,8390128,1
opt_pack,logs18_18,single_write,1,8,439739.625,8388608,1,8388608,1
opt_pack,logs18_18,tiled_write,2,8,181349.000,8388608,2,8390128,1
opt_pack,logs18_18,single_write,2,8,440312.500,8388608,1,8388608,1
opt_pack,logs18_18,production,2,8,347541.625,8388608,2,8390128,1
opt_pack,logs18_18,production,3,8,426182.250,8388608,2,8390128,1
opt_pack,logs18_18,tiled_write,3,8,135380.250,8388608,2,8390128,1
opt_pack,logs18_18,single_write,3,8,442260.375,8388608,1,8388608,1
opt_pack,logs18_18,tiled_write,4,8,117817.750,8388608,2,8390128,1
opt_pack,logs18_18,production,4,8,427416.625,8388608,2,8390128,1
opt_pack,logs18_18,single_write,4,8,430312.500,8388608,1,8388608,1
opt_pack,logs18_18,production,5,8,395651.000,8388608,2,8390128,1
opt_pack,logs18_18,tiled_write,5,8,135713.500,8388608,2,8390128,1
opt_pack,logs18_18,single_write,5,8,442546.875,8388608,1,8388608,1
opt_pack,logs18_18,production,6,8,406333.375,8388608,2,8390128,1
opt_pack,logs18_18,single_write,6,8,435609.375,8388608,1,8388608,1
opt_pack,logs18_18,tiled_write,6,8,137599.000,8388608,2,8390128,1
opt_pack,logs18_18,production,7,8,388916.625,8388608,2,8390128,1
opt_pack,logs18_18,tiled_write,7,8,146974.000,8388608,2,8390128,1
opt_pack,logs18_18,single_write,7,8,438828.125,8388608,1,8388608,1
opt_pack,logs18_18,production,8,8,335276.000,8388608,2,8390128,1
opt_pack,logs18_18,tiled_write,8,8,172864.625,8388608,2,8390128,1
opt_pack,logs18_18,single_write,8,8,436937.500,8388608,1,8388608,1
opt_pack,logs18_18,production,9,8,407323.000,8388608,2,8390128,1
opt_pack,logs18_18,single_write,9,8,441546.875,8388608,1,8388608,1
opt_pack,logs18_18,tiled_write,9,8,138875.000,8388608,2,8390128,1
opt_pack,logs18_18,single_write,10,8,442104.125,8388608,1,8388608,1
opt_pack,logs18_18,tiled_write,10,8,209604.125,8388608,2,8390128,1
opt_pack,logs18_18,production,10,8,429437.500,8388608,2,8390128,1
opt_pack,logs18_18,tiled_write,11,8,603119.875,8388608,2,8390128,1
opt_pack,logs18_18,single_write,11,8,442833.250,8388608,1,8388608,1
opt_pack,logs18_18,production,11,8,377875.000,8388608,2,8390128,1
opt_pack,logs18_18,production,12,8,410260.375,8388608,2,8390128,1
opt_pack,logs18_18,single_write,12,8,429880.250,8388608,1,8388608,1
opt_pack,logs18_18,tiled_write,12,8,149432.375,8388608,2,8390128,1
opt_pack,logs18_18,tiled_write,13,8,137031.250,8388608,2,8390128,1
opt_pack,logs18_18,production,13,8,403010.375,8388608,2,8390128,1
opt_pack,logs18_18,single_write,13,8,428812.500,8388608,1,8388608,1
opt_pack,logs18_18,production,14,8,408682.375,8388608,2,8390128,1
opt_pack,logs18_18,tiled_write,14,8,174010.375,8388608,2,8390128,1
opt_pack,logs18_18,single_write,14,8,442015.625,8388608,1,8388608,1
opt_pack,logs18_18,single_write,15,8,429572.875,8388608,1,8388608,1
opt_pack,logs18_18,production,15,8,357000.000,8388608,2,8390128,1
opt_pack,logs18_18,tiled_write,15,8,121515.625,8388608,2,8390128,1
opt_pack,logs18_18,production,16,8,382380.125,8388608,2,8390128,1
opt_pack,logs18_18,tiled_write,16,8,193958.250,8388608,2,8390128,1
opt_pack,logs18_18,single_write,16,8,441333.375,8388608,1,8388608,1
opt_pack,logs18_18,tiled_write,17,8,146526.000,8388608,2,8390128,1
opt_pack,logs18_18,single_write,17,8,449291.750,8388608,1,8388608,1
opt_pack,logs18_18,production,17,8,350583.375,8388608,2,8390128,1
opt_pack,logs18_18,single_write,18,8,433208.250,8388608,1,8388608,1
opt_pack,logs18_18,production,18,8,427692.750,8388608,2,8390128,1
opt_pack,logs18_18,tiled_write,18,8,171625.000,8388608,2,8390128,1
opt_pack,logs18_18,tiled_write,19,8,138286.500,8388608,2,8390128,1
opt_pack,logs18_18,single_write,19,8,446000.000,8388608,1,8388608,1
opt_pack,logs18_18,production,19,8,389869.875,8388608,2,8390128,1
opt_pack,logs18_18,tiled_write,20,8,115833.375,8388608,2,8390128,1
opt_pack,logs18_18,production,20,8,360546.875,8388608,2,8390128,1
opt_pack,logs18_18,single_write,20,8,457208.375,8388608,1,8388608,1
opt_pack,logs18_18,tiled_write,21,8,150448.000,8388608,2,8390128,1
opt_pack,logs18_18,production,21,8,344052.125,8388608,2,8390128,1
opt_pack,logs18_18,single_write,21,8,480671.875,8388608,1,8388608,1
opt_pack,logs18_18,production,22,8,373401.125,8388608,2,8390128,1
opt_pack,logs18_18,single_write,22,8,455500.000,8388608,1,8388608,1
opt_pack,logs18_18,tiled_write,22,8,123796.875,8388608,2,8390128,1
opt_pack,logs18_18,tiled_write,23,8,153041.625,8388608,2,8390128,1
opt_pack,logs18_18,single_write,23,8,435557.375,8388608,1,8388608,1
opt_pack,logs18_18,production,23,8,386005.250,8388608,2,8390128,1
opt_pack,logs18_18,single_write,24,8,431849.000,8388608,1,8388608,1
opt_pack,logs18_18,tiled_write,24,8,159000.000,8388608,2,8390128,1
opt_pack,logs18_18,production,24,8,420073.000,8388608,2,8390128,1
opt_pack,logs18_18,tiled_write,25,8,153578.125,8388608,2,8390128,1
opt_pack,logs18_18,single_write,25,8,436328.125,8388608,1,8388608,1
opt_pack,logs18_18,production,25,8,418036.500,8388608,2,8390128,1
opt_pack,logs18_18,tiled_write,26,8,130526.000,8388608,2,8390128,1
opt_pack,logs18_18,single_write,26,8,441427.000,8388608,1,8388608,1
opt_pack,logs18_18,production,26,8,400552.000,8388608,2,8390128,1
opt_pack,logs18_18,single_write,27,8,435895.875,8388608,1,8388608,1
opt_pack,logs18_18,tiled_write,27,8,149989.625,8388608,2,8390128,1
opt_pack,logs18_18,production,27,8,367296.875,8388608,2,8390128,1
opt_pack,logs18_18,single_write,28,8,441994.750,8388608,1,8388608,1
opt_pack,logs18_18,production,28,8,372328.125,8388608,2,8390128,1
opt_pack,logs18_18,tiled_write,28,8,149307.250,8388608,2,8390128,1
opt_pack,logs18_18,production,29,8,428062.500,8388608,2,8390128,1
opt_pack,logs18_18,tiled_write,29,8,162114.625,8388608,2,8390128,1
opt_pack,logs18_18,single_write,29,8,442088.625,8388608,1,8388608,1
opt_pack,logs18_18,production,30,8,386598.875,8388608,2,8390128,1
opt_pack,logs18_18,single_write,30,8,432791.625,8388608,1,8388608,1
opt_pack,logs18_18,tiled_write,30,8,131729.125,8388608,2,8390128,1
opt_pack,logs18_18,production,31,8,447177.125,8388608,2,8390128,1
opt_pack,logs18_18,tiled_write,31,8,170724.000,8388608,2,8390128,1
opt_pack,logs18_18,single_write,31,8,440125.000,8388608,1,8388608,1
opt_packed_ood,logs18_18,production,0,8,560072.875,16777216,24,8527312,1
opt_packed_ood,logs18_18,single_write_ood,0,8,740812.500,16777216,4,8457712,1
opt_packed_ood,logs18_18,tiled_indexed_ood,0,8,293760.375,16777216,4,8457712,1
opt_packed_ood,logs18_18,single_write_ood,1,8,680500.000,16777216,4,8457712,1
opt_packed_ood,logs18_18,tiled_indexed_ood,1,8,307395.750,16777216,4,8457712,1
opt_packed_ood,logs18_18,production,1,8,633046.875,16777216,24,8527312,1
opt_packed_ood,logs18_18,tiled_indexed_ood,2,8,312583.250,16777216,4,8457712,1
opt_packed_ood,logs18_18,production,2,8,501510.375,16777216,24,8527312,1
opt_packed_ood,logs18_18,single_write_ood,2,8,706916.750,16777216,4,8457712,1
opt_packed_ood,logs18_18,single_write_ood,3,8,673000.000,16777216,4,8457712,1
opt_packed_ood,logs18_18,production,3,8,605609.375,16777216,24,8527312,1
opt_packed_ood,logs18_18,tiled_indexed_ood,3,8,372541.625,16777216,4,8457712,1
opt_packed_ood,logs18_18,single_write_ood,4,8,757552.000,16777216,4,8457712,1
opt_packed_ood,logs18_18,tiled_indexed_ood,4,8,292588.500,16777216,4,8457712,1
opt_packed_ood,logs18_18,production,4,8,587567.750,16777216,24,8527312,1
opt_packed_ood,logs18_18,single_write_ood,5,8,726875.000,16777216,4,8457712,1
opt_packed_ood,logs18_18,production,5,8,623578.125,16777216,24,8527312,1
opt_packed_ood,logs18_18,tiled_indexed_ood,5,8,383526.000,16777216,4,8457712,1
opt_packed_ood,logs18_18,single_write_ood,6,8,696026.125,16777216,4,8457712,1
opt_packed_ood,logs18_18,production,6,8,781739.625,16777216,24,8527312,1
opt_packed_ood,logs18_18,tiled_indexed_ood,6,8,364890.625,16777216,4,8457712,1
opt_packed_ood,logs18_18,single_write_ood,7,8,696666.750,16777216,4,8457712,1
opt_packed_ood,logs18_18,production,7,8,500479.125,16777216,24,8527312,1
opt_packed_ood,logs18_18,tiled_indexed_ood,7,8,257286.500,16777216,4,8457712,1
opt_packed_ood,logs18_18,single_write_ood,8,8,742427.000,16777216,4,8457712,1
opt_packed_ood,logs18_18,tiled_indexed_ood,8,8,252625.000,16777216,4,8457712,1
opt_packed_ood,logs18_18,production,8,8,626697.875,16777216,24,8527312,1
opt_packed_ood,logs18_18,single_write_ood,9,8,691458.250,16777216,4,8457712,1
opt_packed_ood,logs18_18,production,9,8,531583.375,16777216,24,8527312,1
opt_packed_ood,logs18_18,tiled_indexed_ood,9,8,354588.625,16777216,4,8457712,1
opt_packed_ood,logs18_18,production,10,8,580218.750,16777216,24,8527312,1
opt_packed_ood,logs18_18,single_write_ood,10,8,685802.125,16777216,4,8457712,1
opt_packed_ood,logs18_18,tiled_indexed_ood,10,8,294859.375,16777216,4,8457712,1
opt_packed_ood,logs18_18,single_write_ood,11,8,726864.500,16777216,4,8457712,1
opt_packed_ood,logs18_18,production,11,8,576698.000,16777216,24,8527312,1
opt_packed_ood,logs18_18,tiled_indexed_ood,11,8,240724.000,16777216,4,8457712,1
opt_packed_ood,logs18_18,single_write_ood,12,8,677265.625,16777216,4,8457712,1
opt_packed_ood,logs18_18,tiled_indexed_ood,12,8,299281.250,16777216,4,8457712,1
opt_packed_ood,logs18_18,production,12,8,582364.625,16777216,24,8527312,1
opt_packed_ood,logs18_18,single_write_ood,13,8,679666.625,16777216,4,8457712,1
opt_packed_ood,logs18_18,production,13,8,563015.625,16777216,24,8527312,1
opt_packed_ood,logs18_18,tiled_indexed_ood,13,8,295875.000,16777216,4,8457712,1
opt_packed_ood,logs18_18,production,14,8,660359.375,16777216,24,8527312,1
opt_packed_ood,logs18_18,single_write_ood,14,8,687000.000,16777216,4,8457712,1
opt_packed_ood,logs18_18,tiled_indexed_ood,14,8,345557.250,16777216,4,8457712,1
opt_packed_ood,logs18_18,tiled_indexed_ood,15,8,306786.500,16777216,4,8457712,1
opt_packed_ood,logs18_18,single_write_ood,15,8,727890.625,16777216,4,8457712,1
opt_packed_ood,logs18_18,production,15,8,572833.375,16777216,24,8527312,1
opt_packed_ood,logs18_18,tiled_indexed_ood,16,8,327953.125,16777216,4,8457712,1
opt_packed_ood,logs18_18,single_write_ood,16,8,739546.875,16777216,4,8457712,1
opt_packed_ood,logs18_18,production,16,8,616708.375,16777216,24,8527312,1
opt_packed_ood,logs18_18,tiled_indexed_ood,17,8,286171.875,16777216,4,8457712,1
opt_packed_ood,logs18_18,single_write_ood,17,8,691145.875,16777216,4,8457712,1
opt_packed_ood,logs18_18,production,17,8,526156.250,16777216,24,8527312,1
opt_packed_ood,logs18_18,single_write_ood,18,8,705770.750,16777216,4,8457712,1
opt_packed_ood,logs18_18,production,18,8,519198.000,16777216,24,8527312,1
opt_packed_ood,logs18_18,tiled_indexed_ood,18,8,274401.000,16777216,4,8457712,1
opt_packed_ood,logs18_18,production,19,8,544473.875,16777216,24,8527312,1
opt_packed_ood,logs18_18,single_write_ood,19,8,702645.875,16777216,4,8457712,1
opt_packed_ood,logs18_18,tiled_indexed_ood,19,8,458770.875,16777216,4,8457712,1
opt_packed_ood,logs18_18,production,20,8,640489.625,16777216,24,8527312,1
opt_packed_ood,logs18_18,tiled_indexed_ood,20,8,418859.375,16777216,4,8457712,1
opt_packed_ood,logs18_18,single_write_ood,20,8,843724.000,16777216,4,8457712,1
opt_packed_ood,logs18_18,tiled_indexed_ood,21,8,332520.875,16777216,4,8457712,1
opt_packed_ood,logs18_18,production,21,8,526322.875,16777216,24,8527312,1
opt_packed_ood,logs18_18,single_write_ood,21,8,694192.625,16777216,4,8457712,1
opt_packed_ood,logs18_18,production,22,8,547531.250,16777216,24,8527312,1
opt_packed_ood,logs18_18,single_write_ood,22,8,683864.625,16777216,4,8457712,1
opt_packed_ood,logs18_18,tiled_indexed_ood,22,8,293041.625,16777216,4,8457712,1
opt_packed_ood,logs18_18,production,23,8,542307.375,16777216,24,8527312,1
opt_packed_ood,logs18_18,single_write_ood,23,8,697276.125,16777216,4,8457712,1
opt_packed_ood,logs18_18,tiled_indexed_ood,23,8,310838.500,16777216,4,8457712,1
opt_packed_ood,logs18_18,tiled_indexed_ood,24,8,310463.500,16777216,4,8457712,1
opt_packed_ood,logs18_18,production,24,8,567692.750,16777216,24,8527312,1
opt_packed_ood,logs18_18,single_write_ood,24,8,676380.250,16777216,4,8457712,1
opt_packed_ood,logs18_18,single_write_ood,25,8,708645.875,16777216,4,8457712,1
opt_packed_ood,logs18_18,production,25,8,493468.750,16777216,24,8527312,1
opt_packed_ood,logs18_18,tiled_indexed_ood,25,8,331645.875,16777216,4,8457712,1
opt_packed_ood,logs18_18,single_write_ood,26,8,767739.625,16777216,4,8457712,1
opt_packed_ood,logs18_18,tiled_indexed_ood,26,8,326916.625,16777216,4,8457712,1
opt_packed_ood,logs18_18,production,26,8,503140.625,16777216,24,8527312,1
opt_packed_ood,logs18_18,single_write_ood,27,8,696239.625,16777216,4,8457712,1
opt_packed_ood,logs18_18,tiled_indexed_ood,27,8,309479.250,16777216,4,8457712,1
opt_packed_ood,logs18_18,production,27,8,544500.000,16777216,24,8527312,1
opt_packed_ood,logs18_18,single_write_ood,28,8,680494.750,16777216,4,8457712,1
opt_packed_ood,logs18_18,production,28,8,573437.500,16777216,24,8527312,1
opt_packed_ood,logs18_18,tiled_indexed_ood,28,8,358104.250,16777216,4,8457712,1
opt_packed_ood,logs18_18,production,29,8,594125.000,16777216,24,8527312,1
opt_packed_ood,logs18_18,tiled_indexed_ood,29,8,300359.375,16777216,4,8457712,1
opt_packed_ood,logs18_18,single_write_ood,29,8,695984.375,16777216,4,8457712,1
opt_packed_ood,logs18_18,production,30,8,551791.625,16777216,24,8527312,1
opt_packed_ood,logs18_18,single_write_ood,30,8,694765.625,16777216,4,8457712,1
opt_packed_ood,logs18_18,tiled_indexed_ood,30,8,275661.375,16777216,4,8457712,1
opt_packed_ood,logs18_18,production,31,8,548656.250,16777216,24,8527312,1
opt_packed_ood,logs18_18,tiled_indexed_ood,31,8,294234.375,16777216,4,8457712,1
opt_packed_ood,logs18_18,single_write_ood,31,8,693651.000,16777216,4,8457712,1
