family,size,variant,rep,iterations,ns,bytes,allocations,allocated_bytes,correctness
opt_ood,log10,indexed_products,0,1024,2293.863,16384,2,16400,1
opt_ood,log10,vector_products,0,1024,2382.854,16384,3,16464,1
opt_ood,log10,collect_products,0,1024,2305.745,16384,3,16464,1
opt_ood,log10,reuse_products,0,1024,2212.769,16384,2,16400,1
opt_ood,log10,prepared_products,0,1024,2324.178,16384,3,16464,1
opt_ood,log10,production_blocked,0,1024,3073.486,16384,13,32832,1
opt_ood,log10,prepared_products,1,1024,2302.083,16384,3,16464,1
opt_ood,log10,collect_products,1,1024,2350.342,16384,3,16464,1
opt_ood,log10,production_blocked,1,1024,3074.829,16384,13,32832,1
opt_ood,log10,reuse_products,1,1024,2232.748,16384,2,16400,1
opt_ood,log10,indexed_products,1,1024,2324.463,16384,2,16400,1
opt_ood,log10,vector_products,1,1024,2333.944,16384,3,16464,1
opt_ood,log10,prepared_products,2,1024,2305.298,16384,3,16464,1
opt_ood,log10,production_blocked,2,1024,3043.905,16384,13,32832,1
opt_ood,log10,reuse_products,2,1024,2332.967,16384,2,16400,1
opt_ood,log10,indexed_products,2,1024,2292.399,16384,2,16400,1
opt_ood,log10,collect_products,2,1024,2296.427,16384,3,16464,1
opt_ood,log10,vector_products,2,1024,2305.298,16384,3,16464,1
opt_ood,log10,reuse_products,3,1024,2297.159,16384,2,16400,1
opt_ood,log10,collect_products,3,1024,2317.017,16384,3,16464,1
opt_ood,log10,prepared_products,3,1024,2295.654,16384,3,16464,1
opt_ood,log10,vector_products,3,1024,2367.798,16384,3,16464,1
opt_ood,log10,production_blocked,3,1024,3061.768,16384,13,32832,1
opt_ood,log10,indexed_products,3,1024,2295.247,16384,2,16400,1
opt_ood,log10,collect_products,4,1024,2350.138,16384,3,16464,1
opt_ood,log10,reuse_products,4,1024,2240.805,16384,2,16400,1
opt_ood,log10,vector_products,4,1024,2312.703,16384,3,16464,1
opt_ood,log10,indexed_products,4,1024,2318.359,16384,2,16400,1
opt_ood,log10,production_blocked,4,1024,3060.262,16384,13,32832,1
opt_ood,log10,prepared_products,4,1024,2296.387,16384,3,16464,1
opt_ood,log10,prepared_products,5,1024,2295.491,16384,3,16464,1
opt_ood,log10,production_blocked,5,1024,3089.844,16384,13,32832,1
opt_ood,log10,indexed_products,5,1024,2282.999,16384,2,16400,1
opt_ood,log10,reuse_products,5,1024,2219.198,16384,2,16400,1
opt_ood,log10,vector_products,5,1024,2378.011,16384,3,16464,1
opt_ood,log10,collect_products,5,1024,2366.007,16384,3,16464,1
opt_ood,log10,prepared_products,6,1024,2489.746,16384,3,16464,1
opt_ood,log10,reuse_products,6,1024,2385.539,16384,2,16400,1
opt_ood,log10,collect_products,6,1024,2312.541,16384,3,16464,1
opt_ood,log10,production_blocked,6,1024,3042.277,16384,13,32832,1
opt_ood,log10,vector_products,6,1024,2330.160,16384,3,16464,1
opt_ood,log10,indexed_products,6,1024,2325.765,16384,2,16400,1
opt_ood,log10,production_blocked,7,1024,3032.430,16384,13,32832,1
opt_ood,log10,vector_products,7,1024,2312.053,16384,3,16464,1
opt_ood,log10,indexed_products,7,1024,2333.659,16384,2,16400,1
opt_ood,log10,collect_products,7,1024,2315.390,16384,3,16464,1
opt_ood,log10,reuse_products,7,1024,2218.059,16384,2,16400,1
opt_ood,log10,prepared_products,7,1024,2336.507,16384,3,16464,1
opt_ood,log10,reuse_products,8,1024,2223.999,16384,2,16400,1
opt_ood,log10,prepared_products,8,1024,2280.599,16384,3,16464,1
opt_ood,log10,production_blocked,8,1024,3066.691,16384,13,32832,1
opt_ood,log10,collect_products,8,1024,2317.546,16384,3,16464,1
opt_ood,log10,vector_products,8,1024,2299.031,16384,3,16464,1
opt_ood,log10,indexed_products,8,1024,2281.088,16384,2,16400,1
opt_ood,log10,production_blocked,9,1024,3095.865,16384,13,32832,1
opt_ood,log10,vector_products,9,1024,2307.658,16384,3,16464,1
opt_ood,log10,prepared_products,9,1024,2282.267,16384,3,16464,1
opt_ood,log10,indexed_products,9,1024,2347.778,16384,2,16400,1
opt_ood,log10,reuse_products,9,1024,2199.910,16384,2,16400,1
opt_ood,log10,collect_products,9,1024,2644.328,16384,3,16464,1
opt_ood,log10,vector_products,10,1024,2336.101,16384,3,16464,1
opt_ood,log10,production_blocked,10,1024,3088.216,16384,13,32832,1
opt_ood,log10,indexed_products,10,1024,2298.747,16384,2,16400,1
opt_ood,log10,reuse_products,10,1024,2197.713,16384,2,16400,1
opt_ood,log10,collect_products,10,1024,2352.905,16384,3,16464,1
opt_ood,log10,prepared_products,10,1024,2304.851,16384,3,16464,1
opt_ood,log10,vector_products,11,1024,2306.560,16384,3,16464,1
opt_ood,log10,indexed_products,11,1024,2364.543,16384,2,16400,1
opt_ood,log10,production_blocked,11,1024,3051.473,16384,13,32832,1
opt_ood,log10,collect_products,11,1024,2323.975,16384,3,16464,1
opt_ood,log10,reuse_products,11,1024,2253.621,16384,2,16400,1
opt_ood,log10,prepared_products,11,1024,2322.550,16384,3,16464,1
opt_ood,log10,production_blocked,12,1024,3103.394,16384,13,32832,1
opt_ood,log10,collect_products,12,1024,2369.141,16384,3,16464,1
opt_ood,log10,reuse_products,12,1024,2249.797,16384,2,16400,1
opt_ood,log10,prepared_products,12,1024,2277.751,16384,3,16464,1
opt_ood,log10,indexed_products,12,1024,2292.399,16384,2,16400,1
opt_ood,log10,vector_products,12,1024,2374.797,16384,3,16464,1
opt_ood,log10,production_blocked,13,1024,3058.310,16384,13,32832,1
opt_ood,log10,indexed_products,13,1024,2289.021,16384,2,16400,1
opt_ood,log10,vector_products,13,1024,2353.882,16384,3,16464,1
opt_ood,log10,collect_products,13,1024,2319.092,16384,3,16464,1
opt_ood,log10,prepared_products,13,1024,2281.698,16384,3,16464,1
opt_ood,log10,reuse_products,13,1024,2231.363,16384,2,16400,1
opt_ood,log10,vector_products,14,1024,2370.158,16384,3,16464,1
opt_ood,log10,reuse_products,14,1024,2226.440,16384,2,16400,1
opt_ood,log10,indexed_products,14,1024,2287.109,16384,2,16400,1
opt_ood,log10,production_blocked,14,1024,3096.680,16384,13,32832,1
opt_ood,log10,prepared_products,14,1024,2280.925,16384,3,16464,1
opt_ood,log10,collect_products,14,1024,2299.520,16384,3,16464,1
opt_ood,log10,prepared_products,15,1024,2303.467,16384,3,16464,1
opt_ood,log10,production_blocked,15,1024,3080.282,16384,13,32832,1
opt_ood,log10,indexed_products,15,1024,2289.795,16384,2,16400,1
opt_ood,log10,collect_products,15,1024,2300.537,16384,3,16464,1
opt_ood,log10,reuse_products,15,1024,2264.689,16384,2,16400,1
opt_ood,log10,vector_products,15,1024,2315.022,16384,3,16464,1
opt_ood,log10,vector_products,16,1024,2303.264,16384,3,16464,1
opt_ood,log10,production_blocked,16,1024,3099.080,16384,13,32832,1
opt_ood,log10,prepared_products,16,1024,2287.517,16384,3,16464,1
opt_ood,log10,indexed_products,16,1024,2298.828,16384,2,16400,1
opt_ood,log10,reuse_products,16,1024,2251.140,16384,2,16400,1
opt_ood,log10,collect_products,16,1024,2339.519,16384,3,16464,1
opt_ood,log10,vector_products,17,1024,2313.477,16384,3,16464,1
opt_ood,log10,prepared_products,17,1024,2296.061,16384,3,16464,1
opt_ood,log10,reuse_products,17,1024,2269.979,16384,2,16400,1
opt_ood,log10,production_blocked,17,1024,3051.514,16384,13,32832,1
opt_ood,log10,indexed_products,17,1024,2292.766,16384,2,16400,1
opt_ood,log10,collect_products,17,1024,2366.903,16384,3,16464,1
opt_ood,log10,reuse_products,18,1024,2204.468,16384,2,16400,1
opt_ood,log10,prepared_products,18,1024,2313.843,16384,3,16464,1
opt_ood,log10,collect_products,18,1024,2336.833,16384,3,16464,1
opt_ood,log10,vector_products,18,1024,2364.949,16384,3,16464,1
opt_ood,log10,indexed_products,18,1024,2289.347,16384,2,16400,1
opt_ood,log10,production_blocked,18,1024,3044.067,16384,13,32832,1
opt_ood,log10,production_blocked,19,1024,3099.528,16384,13,32832,1
opt_ood,log10,vector_products,19,1024,2316.487,16384,3,16464,1
opt_ood,log10,collect_products,19,1024,2298.991,16384,3,16464,1
opt_ood,log10,reuse_products,19,1024,2276.489,16384,2,16400,1
opt_ood,log10,indexed_products,19,1024,2295.492,16384,2,16400,1
opt_ood,log10,prepared_products,19,1024,2281.900,16384,3,16464,1
opt_ood,log10,prepared_products,20,1024,2302.206,16384,3,16464,1
opt_ood,log10,collect_products,20,1024,2327.962,16384,3,16464,1
opt_ood,log10,indexed_products,20,1024,2295.573,16384,2,16400,1
opt_ood,log10,production_blocked,20,1024,3056.396,16384,13,32832,1
opt_ood,log10,reuse_products,20,1024,2265.015,16384,2,16400,1
opt_ood,log10,vector_products,20,1024,2304.159,16384,3,16464,1
opt_ood,log10,production_blocked,21,1024,3042.765,16384,13,32832,1
opt_ood,log10,vector_products,21,1024,2364.665,16384,3,16464,1
opt_ood,log10,prepared_products,21,1024,2284.506,16384,3,16464,1
opt_ood,log10,indexed_products,21,1024,2288.574,16384,2,16400,1
opt_ood,log10,reuse_products,21,1024,2234.375,16384,2,16400,1
opt_ood,log10,collect_products,21,1024,2345.865,16384,3,16464,1
opt_ood,log10,vector_products,22,1024,2304.729,16384,3,16464,1
opt_ood,log10,prepared_products,22,1024,2280.069,16384,3,16464,1
opt_ood,log10,collect_products,22,1024,2405.355,16384,3,16464,1
opt_ood,log10,production_blocked,22,1024,3038.004,16384,13,32832,1
opt_ood,log10,reuse_products,22,1024,2222.819,16384,2,16400,1
opt_ood,log10,indexed_products,22,1024,2386.597,16384,2,16400,1
opt_ood,log10,reuse_products,23,1024,2202.474,16384,2,16400,1
opt_ood,log10,collect_products,23,1024,2323.364,16384,3,16464,1
opt_ood,log10,production_blocked,23,1024,3074.300,16384,13,32832,1
opt_ood,log10,prepared_products,23,1024,2308.350,16384,3,16464,1
opt_ood,log10,vector_products,23,1024,2300.334,16384,3,16464,1
opt_ood,log10,indexed_products,23,1024,2285.645,16384,2,16400,1
opt_ood,log10,prepared_products,24,1024,2334.595,16384,3,16464,1
opt_ood,log10,collect_products,24,1024,2302.775,16384,3,16464,1
opt_ood,log10,vector_products,24,1024,2301.107,16384,3,16464,1
opt_ood,log10,indexed_products,24,1024,2316.977,16384,2,16400,1
opt_ood,log10,reuse_products,24,1024,2201.823,16384,2,16400,1
opt_ood,log10,production_blocked,24,1024,3044.678,16384,13,32832,1
opt_ood,log10,production_blocked,25,1024,3076.904,16384,13,32832,1
opt_ood,log10,prepared_products,25,1024,2322.469,16384,3,16464,1
opt_ood,log10,collect_products,25,1024,2298.543,16384,3,16464,1
opt_ood,log10,indexed_products,25,1024,2291.707,16384,2,16400,1
opt_ood,log10,vector_products,25,1024,2369.060,16384,3,16464,1
opt_ood,log10,reuse_products,25,1024,2182.576,16384,2,16400,1
opt_ood,log10,prepared_products,26,1024,2280.884,16384,3,16464,1
opt_ood,log10,collect_products,26,1024,2355.469,16384,3,16464,1
opt_ood,log10,reuse_products,26,1024,2296.224,16384,2,16400,1
opt_ood,log10,production_blocked,26,1024,3040.283,16384,13,32832,1
opt_ood,log10,vector_products,26,1024,2352.701,16384,3,16464,1
opt_ood,log10,indexed_products,26,1024,2375.814,16384,2,16400,1
opt_ood,log10,indexed_products,27,1024,2325.398,16384,2,16400,1
opt_ood,log10,prepared_products,27,1024,2291.830,16384,3,16464,1
opt_ood,log10,reuse_products,27,1024,2275.960,16384,2,16400,1
opt_ood,log10,production_blocked,27,1024,3062.866,16384,13,32832,1
opt_ood,log10,collect_products,27,1024,2308.919,16384,3,16464,1
opt_ood,log10,vector_products,27,1024,2359.660,16384,3,16464,1
opt_ood,log10,production_blocked,28,1024,3080.729,16384,13,32832,1
opt_ood,log10,reuse_products,28,1024,2221.843,16384,2,16400,1
opt_ood,log10,collect_products,28,1024,2320.395,16384,3,16464,1
opt_ood,log10,indexed_products,28,1024,2349.162,16384,2,16400,1
opt_ood,log10,vector_products,28,1024,2315.837,16384,3,16464,1
opt_ood,log10,prepared_products,28,1024,2282.715,16384,3,16464,1
opt_ood,log10,collect_products,29,1024,2374.553,16384,3,16464,1
opt_ood,log10,vector_products,29,1024,2307.007,16384,3,16464,1
opt_ood,log10,production_blocked,29,1024,3041.260,16384,13,32832,1
opt_ood,log10,reuse_products,29,1024,2262.207,16384,2,16400,1
opt_ood,log10,prepared_products,29,1024,2305.460,16384,3,16464,1
opt_ood,log10,indexed_products,29,1024,2286.214,16384,2,16400,1
opt_ood,log10,vector_products,30,1024,2301.514,16384,3,16464,1
opt_ood,log10,production_blocked,30,1024,3098.999,16384,13,32832,1
opt_ood,log10,reuse_products,30,1024,2182.658,16384,2,16400,1
opt_ood,log10,prepared_products,30,1024,2282.268,16384,3,16464,1
opt_ood,log10,collect_products,30,1024,2384.603,16384,3,16464,1
opt_ood,log10,indexed_products,30,1024,2289.551,16384,2,16400,1
opt_ood,log10,vector_products,31,1024,2329.224,16384,3,16464,1
opt_ood,log10,indexed_products,31,1024,2351.318,16384,2,16400,1
opt_ood,log10,production_blocked,31,1024,3081.259,16384,13,32832,1
opt_ood,log10,prepared_products,31,1024,2326.782,16384,3,16464,1
opt_ood,log10,reuse_products,31,1024,2205.688,16384,2,16400,1
opt_ood,log10,collect_products,31,1024,2373.047,16384,3,16464,1
opt_ood_reuse,log10,allocate,0,2048,2302.816,16384,2,16400,1
opt_ood_reuse,log10,indexed_scratch,0,2048,1924.479,16384,0,0,1
opt_ood_reuse,log10,scratch,0,2048,1823.120,16384,0,0,1
opt_ood_reuse,log10,allocate,1,2048,2296.306,16384,2,16400,1
opt_ood_reuse,log10,indexed_scratch,1,2048,1921.896,16384,0,0,1
opt_ood_reuse,log10,scratch,1,2048,1840.962,16384,0,0,1
opt_ood_reuse,log10,indexed_scratch,2,2048,1891.581,16384,0,0,1
opt_ood_reuse,log10,scratch,2,2048,1875.793,16384,0,0,1
opt_ood_reuse,log10,allocate,2,2048,2212.972,16384,2,16400,1
opt_ood_reuse,log10,scratch,3,2048,1848.246,16384,0,0,1
opt_ood_reuse,log10,allocate,3,2048,2223.816,16384,2,16400,1
opt_ood_reuse,log10,indexed_scratch,3,2048,1908.366,16384,0,0,1
opt_ood_reuse,log10,allocate,4,2048,2217.997,16384,2,16400,1
opt_ood_reuse,log10,scratch,4,2048,1887.532,16384,0,0,1
opt_ood_reuse,log10,indexed_scratch,4,2048,1896.871,16384,0,0,1
opt_ood_reuse,log10,indexed_scratch,5,2048,1919.718,16384,0,0,1
opt_ood_reuse,log10,scratch,5,2048,1829.021,16384,0,0,1
opt_ood_reuse,log10,allocate,5,2048,2290.446,16384,2,16400,1
opt_ood_reuse,log10,allocate,6,2048,2221.476,16384,2,16400,1
opt_ood_reuse,log10,scratch,6,2048,1849.507,16384,0,0,1
opt_ood_reuse,log10,indexed_scratch,6,2048,1890.116,16384,0,0,1
opt_ood_reuse,log10,scratch,7,2048,1897.624,16384,0,0,1
opt_ood_reuse,log10,allocate,7,2048,2267.477,16384,2,16400,1
opt_ood_reuse,log10,indexed_scratch,7,2048,1907.064,16384,0,0,1
opt_ood_reuse,log10,allocate,8,2048,2237.528,16384,2,16400,1
opt_ood_reuse,log10,scratch,8,2048,1820.353,16384,0,0,1
opt_ood_reuse,log10,indexed_scratch,8,2048,1923.706,16384,0,0,1
opt_ood_reuse,log10,scratch,9,2048,1868.266,16384,0,0,1
opt_ood_reuse,log10,indexed_scratch,9,2048,1925.944,16384,0,0,1
opt_ood_reuse,log10,allocate,9,2048,2330.180,16384,2,16400,1
opt_ood_reuse,log10,allocate,10,2048,2204.936,16384,2,16400,1
opt_ood_reuse,log10,indexed_scratch,10,2048,1923.442,16384,0,0,1
opt_ood_reuse,log10,scratch,10,2048,1845.479,16384,0,0,1
opt_ood_reuse,log10,scratch,11,2048,1901.937,16384,0,0,1
opt_ood_reuse,log10,indexed_scratch,11,2048,1929.403,16384,0,0,1
opt_ood_reuse,log10,allocate,11,2048,2209.513,16384,2,16400,1
opt_ood_reuse,log10,allocate,12,2048,2220.032,16384,2,16400,1
opt_ood_reuse,log10,indexed_scratch,12,2048,1952.535,16384,0,0,1
opt_ood_reuse,log10,scratch,12,2048,1825.826,16384,0,0,1
opt_ood_reuse,log10,allocate,13,2048,2206.299,16384,2,16400,1
opt_ood_reuse,log10,indexed_scratch,13,2048,1895.650,16384,0,0,1
opt_ood_reuse,log10,scratch,13,2048,1853.271,16384,0,0,1
opt_ood_reuse,log10,indexed_scratch,14,2048,1902.446,16384,0,0,1
opt_ood_reuse,log10,scratch,14,2048,1856.934,16384,0,0,1
opt_ood_reuse,log10,allocate,14,2048,2195.943,16384,2,16400,1
opt_ood_reuse,log10,allocate,15,2048,2277.283,16384,2,16400,1
opt_ood_reuse,log10,indexed_scratch,15,2048,1886.759,16384,0,0,1
opt_ood_reuse,log10,scratch,15,2048,1857.564,16384,0,0,1
opt_ood_reuse,log10,scratch,16,2048,1824.870,16384,0,0,1
opt_ood_reuse,log10,allocate,16,2048,2276.103,16384,2,16400,1
opt_ood_reuse,log10,indexed_scratch,16,2048,1896.301,16384,0,0,1
opt_ood_reuse,log10,scratch,17,2048,1854.044,16384,0,0,1
opt_ood_reuse,log10,indexed_scratch,17,2048,1890.401,16384,0,0,1
opt_ood_reuse,log10,allocate,17,2048,2265.564,16384,2,16400,1
opt_ood_reuse,log10,allocate,18,2048,2208.374,16384,2,16400,1
opt_ood_reuse,log10,indexed_scratch,18,2048,1913.574,16384,0,0,1
opt_ood_reuse,log10,scratch,18,2048,1837.891,16384,0,0,1
opt_ood_reuse,log10,allocate,19,2048,2240.031,16384,2,16400,1
opt_ood_reuse,log10,scratch,19,2048,1855.652,16384,0,0,1
opt_ood_reuse,log10,indexed_scratch,19,2048,1917.908,16384,0,0,1
opt_ood_reuse,log10,allocate,20,2048,2214.376,16384,2,16400,1
opt_ood_reuse,log10,indexed_scratch,20,2048,1938.823,16384,0,0,1
opt_ood_reuse,log10,scratch,20,2048,1827.332,16384,0,0,1
opt_ood_reuse,log10,allocate,21,2048,2242.696,16384,2,16400,1
opt_ood_reuse,log10,scratch,21,2048,1829.488,16384,0,0,1
opt_ood_reuse,log10,indexed_scratch,21,2048,1903.402,16384,0,0,1
opt_ood_reuse,log10,indexed_scratch,22,2048,1896.220,16384,0,0,1
opt_ood_reuse,log10,allocate,22,2048,2212.402,16384,2,16400,1
opt_ood_reuse,log10,scratch,22,2048,1825.867,16384,0,0,1
opt_ood_reuse,log10,scratch,23,2048,1830.872,16384,0,0,1
opt_ood_reuse,log10,indexed_scratch,23,2048,1906.067,16384,0,0,1
opt_ood_reuse,log10,allocate,23,2048,2241.150,16384,2,16400,1
opt_ood_reuse,log10,indexed_scratch,24,2048,1903.097,16384,0,0,1
opt_ood_reuse,log10,allocate,24,2048,2226.542,16384,2,16400,1
opt_ood_reuse,log10,scratch,24,2048,1835.714,16384,0,0,1
opt_ood_reuse,log10,indexed_scratch,25,2048,1910.869,16384,0,0,1
opt_ood_reuse,log10,allocate,25,2048,2234.009,16384,2,16400,1
opt_ood_reuse,log10,scratch,25,2048,1829.671,16384,0,0,1
opt_ood_reuse,log10,allocate,26,2048,2241.415,16384,2,16400,1
opt_ood_reuse,log10,scratch,26,2048,1821.798,16384,0,0,1
opt_ood_reuse,log10,indexed_scratch,26,2048,1922.160,16384,0,0,1
opt_ood_reuse,log10,indexed_scratch,27,2048,1890.890,16384,0,0,1
opt_ood_reuse,log10,scratch,27,2048,1842.692,16384,0,0,1
opt_ood_reuse,log10,allocate,27,2048,2204.285,16384,2,16400,1
opt_ood_reuse,log10,allocate,28,2048,2241.251,16384,2,16400,1
opt_ood_reuse,log10,indexed_scratch,28,2048,1889.750,16384,0,0,1
opt_ood_reuse,log10,scratch,28,2048,1878.092,16384,0,0,1
opt_ood_reuse,log10,scratch,29,2048,1823.812,16384,0,0,1
opt_ood_reuse,log10,indexed_scratch,29,2048,1919.434,16384,0,0,1
opt_ood_reuse,log10,allocate,29,2048,2223.979,16384,2,16400,1
opt_ood_reuse,log10,allocate,30,2048,2252.991,16384,2,16400,1
opt_ood_reuse,log10,indexed_scratch,30,2048,1890.198,16384,0,0,1
opt_ood_reuse,log10,scratch,30,2048,1848.836,16384,0,0,1
opt_ood_reuse,log10,scratch,31,2048,1840.800,16384,0,0,1
opt_ood_reuse,log10,indexed_scratch,31,2048,1971.883,16384,0,0,1
opt_ood_reuse,log10,allocate,31,2048,2211.772,16384,2,16400,1
opt_ood,log16,reuse_products,0,64,96502.609,1048576,3,67312,1
opt_ood,log16,prepared_products,0,64,96718.750,1048576,4,67568,1
opt_ood,log16,vector_products,0,64,103115.891,1048576,4,67568,1
opt_ood,log16,collect_products,0,64,93109.375,1048576,4,67568,1
opt_ood,log16,indexed_products,0,64,103444.000,1048576,3,67312,1
opt_ood,log16,production_blocked,0,64,77473.969,1048576,20,133328,1
opt_ood,log16,production_blocked,1,64,83790.359,1048576,20,133328,1
opt_ood,log16,collect_products,1,64,100478.516,1048576,4,67568,1
opt_ood,log16,reuse_products,1,64,98152.344,1048576,3,67312,1
opt_ood,log16,prepared_products,1,64,97494.797,1048576,4,67568,1
opt_ood,log16,indexed_products,1,64,105060.547,1048576,3,67312,1
opt_ood,log16,vector_products,1,64,109677.734,1048576,4,67568,1
opt_ood,log16,prepared_products,2,64,103955.734,1048576,4,67568,1
opt_ood,log16,collect_products,2,64,101660.812,1048576,4,67568,1
opt_ood,log16,vector_products,2,64,120197.266,1048576,4,67568,1
opt_ood,log16,reuse_products,2,64,108401.031,1048576,3,67312,1
opt_ood,log16,production_blocked,2,64,74725.266,1048576,20,133328,1
opt_ood,log16,indexed_products,2,64,105692.719,1048576,3,67312,1
opt_ood,log16,prepared_products,3,64,101498.047,1048576,4,67568,1
opt_ood,log16,vector_products,3,64,104889.984,1048576,4,67568,1
opt_ood,log16,reuse_products,3,64,100513.672,1048576,3,67312,1
opt_ood,log16,production_blocked,3,64,75585.938,1048576,20,133328,1
opt_ood,log16,indexed_products,3,64,99678.391,1048576,3,67312,1
opt_ood,log16,collect_products,3,64,99224.609,1048576,4,67568,1
opt_ood,log16,indexed_products,4,64,102498.047,1048576,3,67312,1
opt_ood,log16,collect_products,4,64,100317.047,1048576,4,67568,1
opt_ood,log16,production_blocked,4,64,79370.453,1048576,20,133328,1
opt_ood,log16,reuse_products,4,64,95421.234,1048576,3,67312,1
opt_ood,log16,prepared_products,4,64,96489.578,1048576,4,67568,1
opt_ood,log16,vector_products,4,64,107368.484,1048576,4,67568,1
opt_ood,log16,vector_products,5,64,104907.562,1048576,4,67568,1
opt_ood,log16,collect_products,5,64,99893.219,1048576,4,67568,1
opt_ood,log16,prepared_products,5,64,106269.531,1048576,4,67568,1
opt_ood,log16,reuse_products,5,64,106623.703,1048576,3,67312,1
opt_ood,log16,indexed_products,5,64,108867.188,1048576,3,67312,1
opt_ood,log16,production_blocked,5,64,82694.016,1048576,20,133328,1
opt_ood,log16,production_blocked,6,64,87347.000,1048576,20,133328,1
opt_ood,log16,reuse_products,6,64,94856.766,1048576,3,67312,1
opt_ood,log16,vector_products,6,64,106401.688,1048576,4,67568,1
opt_ood,log16,collect_products,6,64,104574.219,1048576,4,67568,1
opt_ood,log16,prepared_products,6,64,102920.578,1048576,4,67568,1
opt_ood,log16,indexed_products,6,64,91468.750,1048576,3,67312,1
opt_ood,log16,vector_products,7,64,168080.734,1048576,4,67568,1
opt_ood,log16,reuse_products,7,64,104057.938,1048576,3,67312,1
opt_ood,log16,collect_products,7,64,91178.391,1048576,4,67568,1
opt_ood,log16,production_blocked,7,64,86839.203,1048576,20,133328,1
opt_ood,log16,prepared_products,7,64,110317.062,1048576,4,67568,1
opt_ood,log16,indexed_products,7,64,100280.594,1048576,3,67312,1
opt_ood,log16,vector_products,8,64,108332.031,1048576,4,67568,1
opt_ood,log16,prepared_products,8,64,94846.344,1048576,4,67568,1
opt_ood,log16,indexed_products,8,64,92927.734,1048576,3,67312,1
opt_ood,log16,production_blocked,8,64,76955.719,1048576,20,133328,1
opt_ood,log16,collect_products,8,64,100106.781,1048576,4,67568,1
opt_ood,log16,reuse_products,8,64,93026.031,1048576,3,67312,1
opt_ood,log16,production_blocked,9,64,94722.000,1048576,20,133328,1
opt_ood,log16,indexed_products,9,64,99430.984,1048576,3,67312,1
opt_ood,log16,reuse_products,9,64,96466.797,1048576,3,67312,1
opt_ood,log16,prepared_products,9,64,102598.312,1048576,4,67568,1
opt_ood,log16,collect_products,9,64,100333.328,1048576,4,67568,1
opt_ood,log16,vector_products,9,64,104490.891,1048576,4,67568,1
opt_ood,log16,production_blocked,10,64,89339.844,1048576,20,133328,1
opt_ood,log16,prepared_products,10,64,213302.078,1048576,4,67568,1
opt_ood,log16,collect_products,10,64,108807.297,1048576,4,67568,1
opt_ood,log16,vector_products,10,64,99953.125,1048576,4,67568,1
opt_ood,log16,indexed_products,10,64,103505.203,1048576,3,67312,1
opt_ood,log16,reuse_products,10,64,113255.859,1048576,3,67312,1
opt_ood,log16,reuse_products,11,64,113651.047,1048576,3,67312,1
opt_ood,log16,collect_products,11,64,101432.938,1048576,4,67568,1
opt_ood,log16,vector_products,11,64,111589.188,1048576,4,67568,1
opt_ood,log16,production_blocked,11,64,93059.906,1048576,20,133328,1
opt_ood,log16,indexed_products,11,64,111376.297,1048576,3,67312,1
opt_ood,log16,prepared_products,11,64,109322.922,1048576,4,67568,1
opt_ood,log16,vector_products,12,64,112858.719,1048576,4,67568,1
opt_ood,log16,production_blocked,12,64,93480.469,1048576,20,133328,1
opt_ood,log16,indexed_products,12,64,104050.781,1048576,3,67312,1
opt_ood,log16,collect_products,12,64,104227.859,1048576,4,67568,1
opt_ood,log16,reuse_products,12,64,107578.781,1048576,3,67312,1
opt_ood,log16,prepared_products,12,64,117848.312,1048576,4,67568,1
opt_ood,log16,production_blocked,13,64,96644.531,1048576,20,133328,1
opt_ood,log16,prepared_products,13,64,148653.641,1048576,4,67568,1
opt_ood,log16,indexed_products,13,64,144841.797,1048576,3,67312,1
opt_ood,log16,collect_products,13,64,96561.844,1048576,4,67568,1
opt_ood,log16,vector_products,13,64,101760.422,1048576,4,67568,1
opt_ood,log16,reuse_products,13,64,102178.391,1048576,3,67312,1
opt_ood,log16,reuse_products,14,64,110165.359,1048576,3,67312,1
opt_ood,log16,vector_products,14,64,96223.953,1048576,4,67568,1
opt_ood,log16,collect_products,14,64,90561.859,1048576,4,67568,1
opt_ood,log16,production_blocked,14,64,81259.766,1048576,20,133328,1
opt_ood,log16,prepared_products,14,64,86950.531,1048576,4,67568,1
opt_ood,log16,indexed_products,14,64,166519.531,1048576,3,67312,1
opt_ood,log16,vector_products,15,64,519944.000,1048576,4,67568,1
opt_ood,log16,production_blocked,15,64,544798.188,1048576,20,133328,1
opt_ood,log16,collect_products,15,64,314930.344,1048576,4,67568,1
opt_ood,log16,reuse_products,15,64,268752.609,1048576,3,67312,1
opt_ood,log16,prepared_products,15,64,363020.188,1048576,4,67568,1
opt_ood,log16,indexed_products,15,64,86856.109,1048576,3,67312,1
opt_ood,log16,vector_products,16,64,162228.516,1048576,4,67568,1
opt_ood,log16,production_blocked,16,64,203192.703,1048576,20,133328,1
opt_ood,log16,prepared_products,16,64,111551.422,1048576,4,67568,1
opt_ood,log16,indexed_products,16,64,97522.797,1048576,3,67312,1
opt_ood,log16,reuse_products,16,64,82414.062,1048576,3,67312,1
opt_ood,log16,collect_products,16,64,84215.500,1048576,4,67568,1
opt_ood,log16,prepared_products,17,64,93969.406,1048576,4,67568,1
opt_ood,log16,collect_products,17,64,80753.250,1048576,4,67568,1
opt_ood,log16,reuse_products,17,64,174505.203,1048576,3,67312,1
opt_ood,log16,vector_products,17,64,101931.641,1048576,4,67568,1
opt_ood,log16,production_blocked,17,64,98703.125,1048576,20,133328,1
opt_ood,log16,indexed_products,17,64,117961.594,1048576,3,67312,1
opt_ood,log16,collect_products,18,64,110951.828,1048576,4,67568,1
opt_ood,log16,production_blocked,18,64,129373.703,1048576,20,133328,1
opt_ood,log16,prepared_products,18,64,99822.922,1048576,4,67568,1
opt_ood,log16,reuse_products,18,64,105225.250,1048576,3,67312,1
opt_ood,log16,vector_products,18,64,107351.562,1048576,4,67568,1
opt_ood,log16,indexed_products,18,64,105570.953,1048576,3,67312,1
opt_ood,log16,reuse_products,19,64,181677.734,1048576,3,67312,1
opt_ood,log16,production_blocked,19,64,120302.094,1048576,20,133328,1
opt_ood,log16,prepared_products,19,64,138693.359,1048576,4,67568,1
opt_ood,log16,indexed_products,19,64,106669.922,1048576,3,67312,1
opt_ood,log16,vector_products,19,64,108141.938,1048576,4,67568,1
opt_ood,log16,collect_products,19,64,98723.953,1048576,4,67568,1
opt_ood,log16,reuse_products,20,64,107216.797,1048576,3,67312,1
opt_ood,log16,indexed_products,20,64,88410.812,1048576,3,67312,1
opt_ood,log16,production_blocked,20,64,76290.359,1048576,20,133328,1
opt_ood,log16,prepared_products,20,64,87620.438,1048576,4,67568,1
opt_ood,log16,vector_products,20,64,77908.859,1048576,4,67568,1
opt_ood,log16,collect_products,20,64,81381.516,1048576,4,67568,1
opt_ood,log16,vector_products,21,64,81182.297,1048576,4,67568,1
opt_ood,log16,production_blocked,21,64,67617.188,1048576,20,133328,1
opt_ood,log16,collect_products,21,64,74888.672,1048576,4,67568,1
opt_ood,log16,indexed_products,21,64,91416.672,1048576,3,67312,1
opt_ood,log16,prepared_products,21,64,89524.078,1048576,4,67568,1
opt_ood,log16,reuse_products,21,64,103949.219,1048576,3,67312,1
opt_ood,log16,indexed_products,22,64,95219.406,1048576,3,67312,1
opt_ood,log16,prepared_products,22,64,90039.719,1048576,4,67568,1
opt_ood,log16,collect_products,22,64,90684.906,1048576,4,67568,1
opt_ood,log16,vector_products,22,64,97360.688,1048576,4,67568,1
opt_ood,log16,production_blocked,22,64,98169.922,1048576,20,133328,1
opt_ood,log16,reuse_products,22,64,108583.328,1048576,3,67312,1
opt_ood,log16,collect_products,23,64,152044.266,1048576,4,67568,1
opt_ood,log16,vector_products,23,64,103462.891,1048576,4,67568,1
opt_ood,log16,indexed_products,23,64,90794.922,1048576,3,67312,1
opt_ood,log16,prepared_products,23,64,102722.656,1048576,4,67568,1
opt_ood,log16,reuse_products,23,64,96577.469,1048576,3,67312,1
opt_ood,log16,production_blocked,23,64,80609.375,1048576,20,133328,1
opt_ood,log16,production_blocked,24,64,98338.547,1048576,20,133328,1
opt_ood,log16,collect_products,24,64,94267.578,1048576,4,67568,1
opt_ood,log16,vector_products,24,64,91320.969,1048576,4,67568,1
opt_ood,log16,prepared_products,24,64,96733.719,1048576,4,67568,1
opt_ood,log16,reuse_products,24,64,116345.047,1048576,3,67312,1
opt_ood,log16,indexed_products,24,64,101589.844,1048576,3,67312,1
opt_ood,log16,indexed_products,25,64,98955.734,1048576,3,67312,1
opt_ood,log16,prepared_products,25,64,103345.047,1048576,4,67568,1
opt_ood,log16,vector_products,25,64,100864.578,1048576,4,67568,1
opt_ood,log16,production_blocked,25,64,87685.547,1048576,20,133328,1
opt_ood,log16,collect_products,25,64,105981.125,1048576,4,67568,1
opt_ood,log16,reuse_products,25,64,104139.312,1048576,3,67312,1
opt_ood,log16,indexed_products,26,64,138120.438,1048576,3,67312,1
opt_ood,log16,prepared_products,26,64,98863.281,1048576,4,67568,1
opt_ood,log16,collect_products,26,64,114124.344,1048576,4,67568,1
opt_ood,log16,reuse_products,26,64,104298.172,1048576,3,67312,1
opt_ood,log16,vector_products,26,64,125095.062,1048576,4,67568,1
opt_ood,log16,production_blocked,26,64,136729.812,1048576,20,133328,1
opt_ood,log16,collect_products,27,64,94519.531,1048576,4,67568,1
opt_ood,log16,vector_products,27,64,99730.469,1048576,4,67568,1
opt_ood,log16,reuse_products,27,64,111695.312,1048576,3,67312,1
opt_ood,log16,indexed_products,27,64,112617.188,1048576,3,67312,1
opt_ood,log16,prepared_products,27,64,109871.094,1048576,4,67568,1
opt_ood,log16,production_blocked,27,64,88205.734,1048576,20,133328,1
opt_ood,log16,prepared_products,28,64,97654.297,1048576,4,67568,1
opt_ood,log16,collect_products,28,64,94714.844,1048576,4,67568,1
opt_ood,log16,production_blocked,28,64,92012.359,1048576,20,133328,1
opt_ood,log16,reuse_products,28,64,102037.109,1048576,3,67312,1
opt_ood,log16,indexed_products,28,64,107014.984,1048576,3,67312,1
opt_ood,log16,vector_products,28,64,112956.375,1048576,4,67568,1
opt_ood,log16,indexed_products,29,64,111962.234,1048576,3,67312,1
opt_ood,log16,prepared_products,29,64,118404.953,1048576,4,67568,1
opt_ood,log16,reuse_products,29,64,103171.875,1048576,3,67312,1
opt_ood,log16,vector_products,29,64,109018.891,1048576,4,67568,1
opt_ood,log16,production_blocked,29,64,91985.031,1048576,20,133328,1
opt_ood,log16,collect_products,29,64,110648.438,1048576,4,67568,1
opt_ood,log16,production_blocked,30,64,118960.297,1048576,20,133328,1
opt_ood,log16,indexed_products,30,64,114808.594,1048576,3,67312,1
opt_ood,log16,prepared_products,30,64,118201.172,1048576,4,67568,1
opt_ood,log16,vector_products,30,64,119085.281,1048576,4,67568,1
opt_ood,log16,collect_products,30,64,121171.875,1048576,4,67568,1
opt_ood,log16,reuse_products,30,64,122483.062,1048576,3,67312,1
opt_ood,log16,prepared_products,31,64,100892.578,1048576,4,67568,1
opt_ood,log16,reuse_products,31,64,97751.953,1048576,3,67312,1
opt_ood,log16,indexed_products,31,64,111936.203,1048576,3,67312,1
opt_ood,log16,vector_products,31,64,120046.234,1048576,4,67568,1
opt_ood,log16,collect_products,31,64,96024.734,1048576,4,67568,1
opt_ood,log16,production_blocked,31,64,94748.047,1048576,20,133328,1
opt_ood_reuse,log16,scratch,0,32,95934.906,1048576,1,1520,1
opt_ood_reuse,log16,indexed_scratch,0,32,146843.750,1048576,1,1520,1
opt_ood_reuse,log16,allocate,0,32,116589.844,1048576,3,67312,1
opt_ood_reuse,log16,indexed_scratch,1,32,203628.906,1048576,1,1520,1
opt_ood_reuse,log16,scratch,1,32,119194.000,1048576,1,1520,1
opt_ood_reuse,log16,allocate,1,32,113234.375,1048576,3,67312,1
opt_ood_reuse,log16,indexed_scratch,2,32,106016.938,1048576,1,1520,1
opt_ood_reuse,log16,allocate,2,32,100934.906,1048576,3,67312,1
opt_ood_reuse,log16,scratch,2,32,292416.656,1048576,1,1520,1
opt_ood_reuse,log16,allocate,3,32,161976.562,1048576,3,67312,1
opt_ood_reuse,log16,scratch,3,32,94308.594,1048576,1,1520,1
opt_ood_reuse,log16,indexed_scratch,3,32,157105.469,1048576,1,1520,1
opt_ood_reuse,log16,allocate,4,32,147760.438,1048576,3,67312,1
opt_ood_reuse,log16,scratch,4,32,253490.875,1048576,1,1520,1
opt_ood_reuse,log16,indexed_scratch,4,32,263287.781,1048576,1,1520,1
opt_ood_reuse,log16,allocate,5,32,95102.844,1048576,3,67312,1
opt_ood_reuse,log16,scratch,5,32,80136.719,1048576,1,1520,1
opt_ood_reuse,log16,indexed_scratch,5,32,89268.250,1048576,1,1520,1
opt_ood_reuse,log16,indexed_scratch,6,32,184209.625,1048576,1,1520,1
opt_ood_reuse,log16,scratch,6,32,114154.938,1048576,1,1520,1
opt_ood_reuse,log16,allocate,6,32,86802.094,1048576,3,67312,1
opt_ood_reuse,log16,indexed_scratch,7,32,138026.031,1048576,1,1520,1
opt_ood_reuse,log16,allocate,7,32,266277.344,1048576,3,67312,1
opt_ood_reuse,log16,scratch,7,32,100903.625,1048576,1,1520,1
opt_ood_reuse,log16,allocate,8,32,260808.594,1048576,3,67312,1
opt_ood_reuse,log16,indexed_scratch,8,32,157856.750,1048576,1,1520,1
opt_ood_reuse,log16,scratch,8,32,82382.812,1048576,1,1520,1
opt_ood_reuse,log16,indexed_scratch,9,32,422977.875,1048576,1,1520,1
opt_ood_reuse,log16,scratch,9,32,126949.219,1048576,1,1520,1
opt_ood_reuse,log16,allocate,9,32,160389.312,1048576,3,67312,1
opt_ood_reuse,log16,allocate,10,32,162496.094,1048576,3,67312,1
opt_ood_reuse,log16,indexed_scratch,10,32,364444.000,1048576,1,1520,1
opt_ood_reuse,log16,scratch,10,32,451748.688,1048576,1,1520,1
opt_ood_reuse,log16,allocate,11,32,105761.719,1048576,3,67312,1
opt_ood_reuse,log16,scratch,11,32,737970.062,1048576,1,1520,1
opt_ood_reuse,log16,indexed_scratch,11,32,165576.844,1048576,1,1520,1
opt_ood_reuse,log16,indexed_scratch,12,32,199390.625,1048576,1,1520,1
opt_ood_reuse,log16,scratch,12,32,105847.656,1048576,1,1520,1
opt_ood_reuse,log16,allocate,12,32,192485.656,1048576,3,67312,1
opt_ood_reuse,log16,scratch,13,32,80115.875,1048576,1,1520,1
opt_ood_reuse,log16,indexed_scratch,13,32,83341.156,1048576,1,1520,1
opt_ood_reuse,log16,allocate,13,32,229097.656,1048576,3,67312,1
opt_ood_reuse,log16,scratch,14,32,177873.688,1048576,1,1520,1
opt_ood_reuse,log16,indexed_scratch,14,32,341856.750,1048576,1,1520,1
opt_ood_reuse,log16,allocate,14,32,300657.562,1048576,3,67312,1
opt_ood_reuse,log16,indexed_scratch,15,32,220931.000,1048576,1,1520,1
opt_ood_reuse,log16,allocate,15,32,87489.594,1048576,3,67312,1
opt_ood_reuse,log16,scratch,15,32,55229.188,1048576,1,1520,1
opt_ood_reuse,log16,allocate,16,32,72217.438,1048576,3,67312,1
opt_ood_reuse,log16,scratch,16,32,156242.188,1048576,1,1520,1
opt_ood_reuse,log16,indexed_scratch,16,32,108506.500,1048576,1,1520,1
opt_ood_reuse,log16,scratch,17,32,123269.531,1048576,1,1520,1
opt_ood_reuse,log16,allocate,17,32,100005.188,1048576,3,67312,1
opt_ood_reuse,log16,indexed_scratch,17,32,105447.938,1048576,1,1520,1
opt_ood_reuse,log16,scratch,18,32,98035.156,1048576,1,1520,1
opt_ood_reuse,log16,allocate,18,32,100192.688,1048576,3,67312,1
opt_ood_reuse,log16,indexed_scratch,18,32,106468.750,1048576,1,1520,1
opt_ood_reuse,log16,scratch,19,32,80515.625,1048576,1,1520,1
opt_ood_reuse,log16,indexed_scratch,19,32,176988.281,1048576,1,1520,1
opt_ood_reuse,log16,allocate,19,32,167789.062,1048576,3,67312,1
opt_ood_reuse,log16,scratch,20,32,162041.656,1048576,1,1520,1
opt_ood_reuse,log16,allocate,20,32,148317.688,1048576,3,67312,1
opt_ood_reuse,log16,indexed_scratch,20,32,129306.000,1048576,1,1520,1
opt_ood_reuse,log16,scratch,21,32,113139.312,1048576,1,1520,1
opt_ood_reuse,log16,allocate,21,32,166204.406,1048576,3,67312,1
opt_ood_reuse,log16,indexed_scratch,21,32,443147.125,1048576,1,1520,1
opt_ood_reuse,log16,indexed_scratch,22,32,316485.656,1048576,1,1520,1
opt_ood_reuse,log16,scratch,22,32,118425.781,1048576,1,1520,1
opt_ood_reuse,log16,allocate,22,32,108920.562,1048576,3,67312,1
opt_ood_reuse,log16,allocate,23,32,106963.531,1048576,3,67312,1
opt_ood_reuse,log16,indexed_scratch,23,32,81024.750,1048576,1,1520,1
opt_ood_reuse,log16,scratch,23,32,85622.406,1048576,1,1520,1
opt_ood_reuse,log16,scratch,24,32,93329.438,1048576,1,1520,1
opt_ood_reuse,log16,allocate,24,32,109796.875,1048576,3,67312,1
opt_ood_reuse,log16,indexed_scratch,24,32,126480.469,1048576,1,1520,1
opt_ood_reuse,log16,allocate,25,32,92522.125,1048576,3,67312,1
opt_ood_reuse,log16,indexed_scratch,25,32,103628.906,1048576,1,1520,1
opt_ood_reuse,log16,scratch,25,32,120782.562,1048576,1,1520,1
opt_ood_reuse,log16,allocate,26,32,101110.688,1048576,3,67312,1
opt_ood_reuse,log16,indexed_scratch,26,32,95375.000,1048576,1,1520,1
opt_ood_reuse,log16,scratch,26,32,108095.031,1048576,1,1520,1
opt_ood_reuse,log16,indexed_scratch,27,32,149964.844,1048576,1,1520,1
opt_ood_reuse,log16,allocate,27,32,112617.188,1048576,3,67312,1
opt_ood_reuse,log16,scratch,27,32,156949.219,1048576,1,1520,1
opt_ood_reuse,log16,indexed_scratch,28,32,104302.062,1048576,1,1520,1
opt_ood_reuse,log16,scratch,28,32,93657.562,1048576,1,1520,1
opt_ood_reuse,log16,allocate,28,32,91861.969,1048576,3,67312,1
opt_ood_reuse,log16,scratch,29,32,114048.188,1048576,1,1520,1
opt_ood_reuse,log16,allocate,29,32,97557.281,1048576,3,67312,1
opt_ood_reuse,log16,indexed_scratch,29,32,110490.875,1048576,1,1520,1
opt_ood_reuse,log16,allocate,30,32,93859.375,1048576,3,67312,1
opt_ood_reuse,log16,indexed_scratch,30,32,101881.500,1048576,1,1520,1
opt_ood_reuse,log16,scratch,30,32,113524.719,1048576,1,1520,1
opt_ood_reuse,log16,scratch,31,32,106063.781,1048576,1,1520,1
opt_ood_reuse,log16,indexed_scratch,31,32,107252.625,1048576,1,1520,1
opt_ood_reuse,log16,allocate,31,32,91429.688,1048576,3,67312,1
opt_ood,log18,prepared_products,0,32,141848.969,4194304,4,69104,1
opt_ood,log18,reuse_products,0,32,151746.094,4194304,3,68080,1
opt_ood,log18,vector_products,0,32,145595.031,4194304,4,69104,1
opt_ood,log18,indexed_products,0,32,138281.250,4194304,3,68080,1
opt_ood,log18,collect_products,0,32,150803.406,4194304,4,69104,1
opt_ood,log18,production_blocked,0,32,127625.000,4194304,22,135632,1
opt_ood,log18,reuse_products,1,32,131316.406,4194304,3,68080,1
opt_ood,log18,vector_products,1,32,126091.156,4194304,4,69104,1
opt_ood,log18,production_blocked,1,32,117351.562,4194304,22,135632,1
opt_ood,log18,indexed_products,1,32,136962.250,4194304,3,68080,1
opt_ood,log18,collect_products,1,32,151789.062,4194304,4,69104,1
opt_ood,log18,prepared_products,1,32,117959.625,4194304,4,69104,1
opt_ood,log18,vector_products,2,32,133164.062,4194304,4,69104,1
opt_ood,log18,indexed_products,2,32,134518.219,4194304,3,68080,1
opt_ood,log18,prepared_products,2,32,139906.250,4194304,4,69104,1
opt_ood,log18,production_blocked,2,32,114877.594,4194304,22,135632,1
opt_ood,log18,collect_products,2,32,137205.750,4194304,4,69104,1
opt_ood,log18,reuse_products,2,32,124686.188,4194304,3,68080,1
opt_ood,log18,vector_products,3,32,179914.062,4194304,4,69104,1
opt_ood,log18,reuse_products,3,32,191579.438,4194304,3,68080,1
opt_ood,log18,indexed_products,3,32,157829.438,4194304,3,68080,1
opt_ood,log18,production_blocked,3,32,125835.938,4194304,22,135632,1
opt_ood,log18,collect_products,3,32,140195.312,4194304,4,69104,1
opt_ood,log18,prepared_products,3,32,156820.312,4194304,4,69104,1
opt_ood,log18,reuse_products,4,32,132250.000,4194304,3,68080,1
opt_ood,log18,production_blocked,4,32,131319.031,4194304,22,135632,1
opt_ood,log18,collect_products,4,32,125860.688,4194304,4,69104,1
opt_ood,log18,prepared_products,4,32,165088.531,4194304,4,69104,1
opt_ood,log18,vector_products,4,32,141097.656,4194304,4,69104,1
opt_ood,log18,indexed_products,4,32,146282.562,4194304,3,68080,1
opt_ood,log18,indexed_products,5,32,167322.906,4194304,3,68080,1
opt_ood,log18,collect_products,5,32,172923.188,4194304,4,69104,1
opt_ood,log18,vector_products,5,32,149691.406,4194304,4,69104,1
opt_ood,log18,production_blocked,5,32,149752.594,4194304,22,135632,1
opt_ood,log18,reuse_products,5,32,154518.219,4194304,3,68080,1
opt_ood,log18,prepared_products,5,32,146161.438,4194304,4,69104,1
opt_ood,log18,collect_products,6,32,135071.625,4194304,4,69104,1
opt_ood,log18,vector_products,6,32,155970.062,4194304,4,69104,1
opt_ood,log18,prepared_products,6,32,147585.938,4194304,4,69104,1
opt_ood,log18,production_blocked,6,32,150787.750,4194304,22,135632,1
opt_ood,log18,indexed_products,6,32,193789.062,4194304,3,68080,1
opt_ood,log18,reuse_products,6,32,269475.250,4194304,3,68080,1
opt_ood,log18,production_blocked,7,32,162558.594,4194304,22,135632,1
opt_ood,log18,reuse_products,7,32,286415.344,4194304,3,68080,1
opt_ood,log18,indexed_products,7,32,316666.656,4194304,3,68080,1
opt_ood,log18,vector_products,7,32,192235.688,4194304,4,69104,1
opt_ood,log18,collect_products,7,32,447783.875,4194304,4,69104,1
opt_ood,log18,prepared_products,7,32,171658.844,4194304,4,69104,1
opt_ood,log18,vector_products,8,32,441553.406,4194304,4,69104,1
opt_ood,log18,production_blocked,8,32,168355.469,4194304,22,135632,1
opt_ood,log18,reuse_products,8,32,209921.875,4194304,3,68080,1
opt_ood,log18,indexed_products,8,32,211045.594,4194304,3,68080,1
opt_ood,log18,collect_products,8,32,160944.000,4194304,4,69104,1
opt_ood,log18,prepared_products,8,32,161037.781,4194304,4,69104,1
opt_ood,log18,indexed_products,9,32,172161.438,4194304,3,68080,1
opt_ood,log18,vector_products,9,32,215514.312,4194304,4,69104,1
opt_ood,log18,collect_products,9,32,140808.594,4194304,4,69104,1
opt_ood,log18,prepared_products,9,32,149908.844,4194304,4,69104,1
opt_ood,log18,reuse_products,9,32,129496.094,4194304,3,68080,1
opt_ood,log18,production_blocked,9,32,142851.562,4194304,22,135632,1
opt_ood,log18,vector_products,10,32,137397.125,4194304,4,69104,1
opt_ood,log18,collect_products,10,32,161380.219,4194304,4,69104,1
opt_ood,log18,reuse_products,10,32,180875.000,4194304,3,68080,1
opt_ood,log18,indexed_products,10,32,141338.531,4194304,3,68080,1
opt_ood,log18,prepared_products,10,32,135485.656,4194304,4,69104,1
opt_ood,log18,production_blocked,10,32,115010.406,4194304,22,135632,1
opt_ood,log18,indexed_products,11,32,127102.844,4194304,3,68080,1
opt_ood,log18,production_blocked,11,32,129807.281,4194304,22,135632,1
opt_ood,log18,reuse_products,11,32,130854.188,4194304,3,68080,1
opt_ood,log18,collect_products,11,32,153092.438,4194304,4,69104,1
opt_ood,log18,vector_products,11,32,156118.500,4194304,4,69104,1
opt_ood,log18,prepared_products,11,32,156578.125,4194304,4,69104,1
opt_ood,log18,indexed_products,12,32,161597.656,4194304,3,68080,1
opt_ood,log18,vector_products,12,32,174574.219,4194304,4,69104,1
opt_ood,log18,reuse_products,12,32,202756.500,4194304,3,68080,1
opt_ood,log18,production_blocked,12,32,182622.406,4194304,22,135632,1
opt_ood,log18,collect_products,12,32,277841.156,4194304,4,69104,1
opt_ood,log18,prepared_products,12,32,155492.188,4194304,4,69104,1
opt_ood,log18,vector_products,13,32,150315.094,4194304,4,69104,1
opt_ood,log18,indexed_products,13,32,204029.969,4194304,3,68080,1
opt_ood,log18,prepared_products,13,32,157011.719,4194304,4,69104,1
opt_ood,log18,production_blocked,13,32,129539.062,4194304,22,135632,1
opt_ood,log18,collect_products,13,32,232239.594,4194304,4,69104,1
opt_ood,log18,reuse_products,13,32,140748.688,4194304,3,68080,1
opt_ood,log18,collect_products,14,32,206587.219,4194304,4,69104,1
opt_ood,log18,production_blocked,14,32,165886.719,4194304,22,135632,1
opt_ood,log18,reuse_products,14,32,147388.031,4194304,3,68080,1
opt_ood,log18,vector_products,14,32,145936.219,4194304,4,69104,1
opt_ood,log18,indexed_products,14,32,187994.781,4194304,3,68080,1
opt_ood,log18,prepared_products,14,32,151266.938,4194304,4,69104,1
opt_ood,log18,production_blocked,15,32,141470.062,4194304,22,135632,1
opt_ood,log18,indexed_products,15,32,183209.625,4194304,3,68080,1
opt_ood,log18,reuse_products,15,32,183638.000,4194304,3,68080,1
opt_ood,log18,collect_products,15,32,134716.156,4194304,4,69104,1
opt_ood,log18,vector_products,15,32,163445.312,4194304,4,69104,1
opt_ood,log18,prepared_products,15,32,163820.312,4194304,4,69104,1
opt_ood,log18,prepared_products,16,32,155397.125,4194304,4,69104,1
opt_ood,log18,vector_products,16,32,158356.781,4194304,4,69104,1
opt_ood,log18,collect_products,16,32,162954.438,4194304,4,69104,1
opt_ood,log18,production_blocked,16,32,140546.875,4194304,22,135632,1
opt_ood,log18,indexed_products,16,32,171266.906,4194304,3,68080,1
opt_ood,log18,reuse_products,16,32,151204.406,4194304,3,68080,1
opt_ood,log18,reuse_products,17,32,183325.500,4194304,3,68080,1
opt_ood,log18,production_blocked,17,32,133335.938,4194304,22,135632,1
opt_ood,log18,collect_products,17,32,174796.875,4194304,4,69104,1
opt_ood,log18,indexed_products,17,32,153515.625,4194304,3,68080,1
opt_ood,log18,vector_products,17,32,156867.188,4194304,4,69104,1
opt_ood,log18,prepared_products,17,32,191382.812,4194304,4,69104,1
opt_ood,log18,reuse_products,18,32,167729.156,4194304,3,68080,1
opt_ood,log18,production_blocked,18,32,129039.062,4194304,22,135632,1
opt_ood,log18,indexed_products,18,32,163429.688,4194304,3,68080,1
opt_ood,log18,prepared_products,18,32,166266.938,4194304,4,69104,1
opt_ood,log18,collect_products,18,32,143052.094,4194304,4,69104,1
opt_ood,log18,vector_products,18,32,174359.375,4194304,4,69104,1
opt_ood,log18,vector_products,19,32,203412.750,4194304,4,69104,1
opt_ood,log18,collect_products,19,32,181402.344,4194304,4,69104,1
opt_ood,log18,production_blocked,19,32,172330.719,4194304,22,135632,1
opt_ood,log18,reuse_products,19,32,161020.844,4194304,3,68080,1
opt_ood,log18,indexed_products,19,32,157089.844,4194304,3,68080,1
opt_ood,log18,prepared_products,19,32,177079.406,4194304,4,69104,1
opt_ood,log18,production_blocked,20,32,245789.062,4194304,22,135632,1
opt_ood,log18,collect_products,20,32,155196.625,4194304,4,69104,1
opt_ood,log18,vector_products,20,32,168820.312,4194304,4,69104,1
opt_ood,log18,reuse_products,20,32,177463.562,4194304,3,68080,1
opt_ood,log18,prepared_products,20,32,149630.219,4194304,4,69104,1
opt_ood,log18,indexed_products,20,32,177889.312,4194304,3,68080,1
opt_ood,log18,vector_products,21,32,173611.969,4194304,4,69104,1
opt_ood,log18,production_blocked,21,32,141467.438,4194304,22,135632,1
opt_ood,log18,collect_products,21,32,166766.938,4194304,4,69104,1
opt_ood,log18,reuse_products,21,32,159473.938,4194304,3,68080,1
opt_ood,log18,prepared_products,21,32,151406.250,4194304,4,69104,1
opt_ood,log18,indexed_products,21,32,140808.594,4194304,3,68080,1
opt_ood,log18,prepared_products,22,32,170304.688,4194304,4,69104,1
opt_ood,log18,reuse_products,22,32,155968.750,4194304,3,68080,1
opt_ood,log18,vector_products,22,32,129131.500,4194304,4,69104,1
opt_ood,log18,collect_products,22,32,183032.531,4194304,4,69104,1
opt_ood,log18,indexed_products,22,32,144311.219,4194304,3,68080,1
opt_ood,log18,production_blocked,22,32,136401.031,4194304,22,135632,1
opt_ood,log18,reuse_products,23,32,165936.188,4194304,3,68080,1
opt_ood,log18,production_blocked,23,32,123647.156,4194304,22,135632,1
opt_ood,log18,vector_products,23,32,167033.844,4194304,4,69104,1
opt_ood,log18,collect_products,23,32,142660.156,4194304,4,69104,1
opt_ood,log18,indexed_products,23,32,173761.719,4194304,3,68080,1
opt_ood,log18,prepared_products,23,32,190707.031,4194304,4,69104,1
opt_ood,log18,production_blocked,24,32,139417.969,4194304,22,135632,1
opt_ood,log18,reuse_products,24,32,255822.938,4194304,3,68080,1
opt_ood,log18,collect_products,24,32,238486.969,4194304,4,69104,1
opt_ood,log18,vector_products,24,32,157367.188,4194304,4,69104,1
opt_ood,log18,prepared_products,24,32,163317.688,4194304,4,69104,1
opt_ood,log18,indexed_products,24,32,195174.500,4194304,3,68080,1
opt_ood,log18,reuse_products,25,32,163785.156,4194304,3,68080,1
opt_ood,log18,prepared_products,25,32,160001.281,4194304,4,69104,1
opt_ood,log18,collect_products,25,32,159061.188,4194304,4,69104,1
opt_ood,log18,indexed_products,25,32,154264.344,4194304,3,68080,1
opt_ood,log18,production_blocked,25,32,138406.250,4194304,22,135632,1
opt_ood,log18,vector_products,25,32,155035.156,4194304,4,69104,1
opt_ood,log18,prepared_products,26,32,143114.594,4194304,4,69104,1
opt_ood,log18,reuse_products,26,32,149785.156,4194304,3,68080,1
opt_ood,log18,production_blocked,26,32,113580.719,4194304,22,135632,1
opt_ood,log18,indexed_products,26,32,154334.656,4194304,3,68080,1
opt_ood,log18,collect_products,26,32,142001.312,4194304,4,69104,1
opt_ood,log18,vector_products,26,32,148542.969,4194304,4,69104,1
opt_ood,log18,collect_products,27,32,165023.438,4194304,4,69104,1
opt_ood,log18,indexed_products,27,32,147145.844,4194304,3,68080,1
opt_ood,log18,production_blocked,27,32,134864.594,4194304,22,135632,1
opt_ood,log18,reuse_products,27,32,122481.781,4194304,3,68080,1
opt_ood,log18,vector_products,27,32,138322.906,4194304,4,69104,1
opt_ood,log18,prepared_products,27,32,125102.875,4194304,4,69104,1
opt_ood,log18,reuse_products,28,32,166554.688,4194304,3,68080,1
opt_ood,log18,prepared_products,28,32,157596.375,4194304,4,69104,1
opt_ood,log18,vector_products,28,32,134033.844,4194304,4,69104,1
opt_ood,log18,indexed_products,28,32,139928.375,4194304,3,68080,1
opt_ood,log18,collect_products,28,32,150147.125,4194304,4,69104,1
opt_ood,log18,production_blocked,28,32,123285.156,4194304,22,135632,1
opt_ood,log18,indexed_products,29,32,139153.625,4194304,3,68080,1
opt_ood,log18,production_blocked,29,32,129411.469,4194304,22,135632,1
opt_ood,log18,reuse_products,29,32,149604.156,4194304,3,68080,1
opt_ood,log18,vector_products,29,32,163444.000,4194304,4,69104,1
opt_ood,log18,prepared_products,29,32,142808.594,4194304,4,69104,1
opt_ood,log18,collect_products,29,32,178845.062,4194304,4,69104,1
opt_ood,log18,prepared_products,30,32,215725.250,4194304,4,69104,1
opt_ood,log18,reuse_products,30,32,169481.750,4194304,3,68080,1
opt_ood,log18,production_blocked,30,32,129335.938,4194304,22,135632,1
opt_ood,log18,indexed_products,30,32,160885.406,4194304,3,68080,1
opt_ood,log18,vector_products,30,32,145423.156,4194304,4,69104,1
opt_ood,log18,collect_products,30,32,149104.156,4194304,4,69104,1
opt_ood,log18,indexed_products,31,32,160104.156,4194304,3,68080,1
opt_ood,log18,prepared_products,31,32,161140.625,4194304,4,69104,1
opt_ood,log18,production_blocked,31,32,125951.844,4194304,22,135632,1
opt_ood,log18,vector_products,31,32,167513.000,4194304,4,69104,1
opt_ood,log18,reuse_products,31,32,160494.781,4194304,3,68080,1
opt_ood,log18,collect_products,31,32,152795.562,4194304,4,69104,1
opt_ood_reuse,log18,indexed_scratch,0,32,169078.125,4194304,1,1520,1
opt_ood_reuse,log18,scratch,0,32,218278.656,4194304,1,1520,1
opt_ood_reuse,log18,allocate,0,32,160338.531,4194304,3,68080,1
opt_ood_reuse,log18,allocate,1,32,158216.125,4194304,3,68080,1
opt_ood_reuse,log18,scratch,1,32,165549.469,4194304,1,1520,1
opt_ood_reuse,log18,indexed_scratch,1,32,137143.219,4194304,1,1520,1
opt_ood_reuse,log18,indexed_scratch,2,32,147092.438,4194304,1,1520,1
opt_ood_reuse,log18,allocate,2,32,126125.000,4194304,3,68080,1
opt_ood_reuse,log18,scratch,2,32,159678.375,4194304,1,1520,1
opt_ood_reuse,log18,scratch,3,32,174987.000,4194304,1,1520,1
opt_ood_reuse,log18,allocate,3,32,159774.750,4194304,3,68080,1
opt_ood_reuse,log18,indexed_scratch,3,32,194936.188,4194304,1,1520,1
opt_ood_reuse,log18,allocate,4,32,187111.969,4194304,3,68080,1
opt_ood_reuse,log18,scratch,4,32,164164.062,4194304,1,1520,1
opt_ood_reuse,log18,indexed_scratch,4,32,179615.875,4194304,1,1520,1
opt_ood_reuse,log18,scratch,5,32,184506.500,4194304,1,1520,1
opt_ood_reuse,log18,indexed_scratch,5,32,227846.344,4194304,1,1520,1
opt_ood_reuse,log18,allocate,5,32,129243.469,4194304,3,68080,1
opt_ood_reuse,log18,indexed_scratch,6,32,162852.875,4194304,1,1520,1
opt_ood_reuse,log18,allocate,6,32,168898.438,4194304,3,68080,1
opt_ood_reuse,log18,scratch,6,32,167153.656,4194304,1,1520,1
opt_ood_reuse,log18,allocate,7,32,144815.125,4194304,3,68080,1
opt_ood_reuse,log18,scratch,7,32,139127.594,4194304,1,1520,1
opt_ood_reuse,log18,indexed_scratch,7,32,133980.469,4194304,1,1520,1
opt_ood_reuse,log18,indexed_scratch,8,32,143723.969,4194304,1,1520,1
opt_ood_reuse,log18,scratch,8,32,163614.562,4194304,1,1520,1
opt_ood_reuse,log18,allocate,8,32,158119.781,4194304,3,68080,1
opt_ood_reuse,log18,indexed_scratch,9,32,166134.125,4194304,1,1520,1
opt_ood_reuse,log18,allocate,9,32,160933.594,4194304,3,68080,1
opt_ood_reuse,log18,scratch,9,32,163424.469,4194304,1,1520,1
opt_ood_reuse,log18,scratch,10,32,165884.094,4194304,1,1520,1
opt_ood_reuse,log18,allocate,10,32,155354.156,4194304,3,68080,1
opt_ood_reuse,log18,indexed_scratch,10,32,159757.812,4194304,1,1520,1
opt_ood_reuse,log18,scratch,11,32,144419.281,4194304,1,1520,1
opt_ood_reuse,log18,indexed_scratch,11,32,162733.094,4194304,1,1520,1
opt_ood_reuse,log18,allocate,11,32,143514.312,4194304,3,68080,1
opt_ood_reuse,log18,scratch,12,32,155535.156,4194304,1,1520,1
opt_ood_reuse,log18,allocate,12,32,159208.344,4194304,3,68080,1
opt_ood_reuse,log18,indexed_scratch,12,32,160997.375,4194304,1,1520,1
opt_ood_reuse,log18,indexed_scratch,13,32,163721.344,4194304,1,1520,1
opt_ood_reuse,log18,allocate,13,32,143518.219,4194304,3,68080,1
opt_ood_reuse,log18,scratch,13,32,162601.562,4194304,1,1520,1
opt_ood_reuse,log18,allocate,14,32,167171.875,4194304,3,68080,1
opt_ood_reuse,log18,indexed_scratch,14,32,154431.000,4194304,1,1520,1
opt_ood_reuse,log18,scratch,14,32,146990.875,4194304,1,1520,1
opt_ood_reuse,log18,indexed_scratch,15,32,159585.938,4194304,1,1520,1
opt_ood_reuse,log18,scratch,15,32,312950.500,4194304,1,1520,1
opt_ood_reuse,log18,allocate,15,32,163002.594,4194304,3,68080,1
opt_ood_reuse,log18,allocate,16,32,150486.969,4194304,3,68080,1
opt_ood_reuse,log18,indexed_scratch,16,32,148072.906,4194304,1,1520,1
opt_ood_reuse,log18,scratch,16,32,148785.156,4194304,1,1520,1
opt_ood_reuse,log18,allocate,17,32,137286.469,4194304,3,68080,1
opt_ood_reuse,log18,indexed_scratch,17,32,140572.906,4194304,1,1520,1
opt_ood_reuse,log18,scratch,17,32,146210.938,4194304,1,1520,1
opt_ood_reuse,log18,allocate,18,32,134743.469,4194304,3,68080,1
opt_ood_reuse,log18,scratch,18,32,142414.062,4194304,1,1520,1
opt_ood_reuse,log18,indexed_scratch,18,32,132165.375,4194304,1,1520,1
opt_ood_reuse,log18,allocate,19,32,145609.375,4194304,3,68080,1
opt_ood_reuse,log18,scratch,19,32,137429.688,4194304,1,1520,1
opt_ood_reuse,log18,indexed_scratch,19,32,146162.750,4194304,1,1520,1
opt_ood_reuse,log18,scratch,20,32,143156.250,4194304,1,1520,1
opt_ood_reuse,log18,indexed_scratch,20,32,143243.500,4194304,1,1520,1
opt_ood_reuse,log18,allocate,20,32,152677.062,4194304,3,68080,1
opt_ood_reuse,log18,allocate,21,32,141466.125,4194304,3,68080,1
opt_ood_reuse,log18,indexed_scratch,21,32,148375.000,4194304,1,1520,1
opt_ood_reuse,log18,scratch,21,32,145210.938,4194304,1,1520,1
opt_ood_reuse,log18,allocate,22,32,141821.625,4194304,3,68080,1
opt_ood_reuse,log18,indexed_scratch,22,32,137981.750,4194304,1,1520,1
opt_ood_reuse,log18,scratch,22,32,150515.625,4194304,1,1520,1
opt_ood_reuse,log18,allocate,23,32,127128.906,4194304,3,68080,1
opt_ood_reuse,log18,indexed_scratch,23,32,152259.094,4194304,1,1520,1
opt_ood_reuse,log18,scratch,23,32,135214.844,4194304,1,1520,1
opt_ood_reuse,log18,indexed_scratch,24,32,142394.531,4194304,1,1520,1
opt_ood_reuse,log18,allocate,24,32,145925.781,4194304,3,68080,1
opt_ood_reuse,log18,scratch,24,32,136667.969,4194304,1,1520,1
opt_ood_reuse,log18,scratch,25,32,141486.969,4194304,1,1520,1
opt_ood_reuse,log18,allocate,25,32,141027.344,4194304,3,68080,1
opt_ood_reuse,log18,indexed_scratch,25,32,150574.219,4194304,1,1520,1
opt_ood_reuse,log18,scratch,26,32,128649.719,4194304,1,1520,1
opt_ood_reuse,log18,allocate,26,32,140535.156,4194304,3,68080,1
opt_ood_reuse,log18,indexed_scratch,26,32,163592.438,4194304,1,1520,1
opt_ood_reuse,log18,scratch,27,32,140609.375,4194304,1,1520,1
opt_ood_reuse,log18,allocate,27,32,134656.250,4194304,3,68080,1
opt_ood_reuse,log18,indexed_scratch,27,32,153028.625,4194304,1,1520,1
opt_ood_reuse,log18,indexed_scratch,28,32,151608.062,4194304,1,1520,1
opt_ood_reuse,log18,scratch,28,32,133670.594,4194304,1,1520,1
opt_ood_reuse,log18,allocate,28,32,144332.031,4194304,3,68080,1
opt_ood_reuse,log18,allocate,29,32,137296.875,4194304,3,68080,1
opt_ood_reuse,log18,scratch,29,32,157110.688,4194304,1,1520,1
opt_ood_reuse,log18,indexed_scratch,29,32,161937.500,4194304,1,1520,1
opt_ood_reuse,log18,indexed_scratch,30,32,137378.906,4194304,1,1520,1
opt_ood_reuse,log18,scratch,30,32,145377.594,4194304,1,1520,1
opt_ood_reuse,log18,allocate,30,32,145648.438,4194304,3,68080,1
opt_ood_reuse,log18,allocate,31,32,140955.719,4194304,3,68080,1
opt_ood_reuse,log18,indexed_scratch,31,32,149214.844,4194304,1,1520,1
opt_ood_reuse,log18,scratch,31,32,145035.156,4194304,1,1520,1
opt_ntt,log8_lanes1,production,0,1024,2621.094,12288,0,0,1
opt_ntt,log8_lanes1,depth_first,0,1024,3923.706,12288,0,0,1
opt_ntt,log8_lanes1,half_depth,0,1024,3640.584,12288,0,0,1
opt_ntt,log8_lanes1,tiled_half,0,1024,3616.658,12288,0,0,1
opt_ntt,log8_lanes1,tiled_half,1,1024,3276.448,12288,0,0,1
opt_ntt,log8_lanes1,depth_first,1,1024,3653.360,12288,0,0,1
opt_ntt,log8_lanes1,production,1,1024,3292.033,12288,0,0,1
opt_ntt,log8_lanes1,half_depth,1,1024,3077.556,12288,0,0,1
opt_ntt,log8_lanes1,half_depth,2,1024,3042.969,12288,0,0,1
opt_ntt,log8_lanes1,depth_first,2,1024,3447.104,12288,0,0,1
opt_ntt,log8_lanes1,tiled_half,2,1024,2902.059,12288,0,0,1
opt_ntt,log8_lanes1,production,2,1024,2804.729,12288,0,0,1
opt_ntt,log8_lanes1,production,3,1024,2685.222,12288,0,0,1
opt_ntt,log8_lanes1,tiled_half,3,1024,2939.494,12288,0,0,1
opt_ntt,log8_lanes1,depth_first,3,1024,3712.442,12288,0,0,1
opt_ntt,log8_lanes1,half_depth,3,1024,3340.739,12288,0,0,1
opt_ntt,log8_lanes1,half_depth,4,1024,3230.266,12288,0,0,1
opt_ntt,log8_lanes1,tiled_half,4,1024,2972.412,12288,0,0,1
opt_ntt,log8_lanes1,production,4,1024,2544.189,12288,0,0,1
opt_ntt,log8_lanes1,depth_first,4,1024,3588.095,12288,0,0,1
opt_ntt,log8_lanes1,half_depth,5,1024,3065.552,12288,0,0,1
opt_ntt,log8_lanes1,production,5,1024,2558.105,12288,0,0,1
opt_ntt,log8_lanes1,tiled_half,5,1024,2993.571,12288,0,0,1
opt_ntt,log8_lanes1,depth_first,5,1024,3431.355,12288,0,0,1
opt_ntt,log8_lanes1,depth_first,6,1024,3412.964,12288,0,0,1
opt_ntt,log8_lanes1,production,6,1024,2544.515,12288,0,0,1
opt_ntt,log8_lanes1,tiled_half,6,1024,3024.496,12288,0,0,1
opt_ntt,log8_lanes1,half_depth,6,1024,3276.651,12288,0,0,1
opt_ntt,log8_lanes1,tiled_half,7,1024,3176.188,12288,0,0,1
opt_ntt,log8_lanes1,depth_first,7,1024,3809.978,12288,0,0,1
opt_ntt,log8_lanes1,production,7,1024,2623.372,12288,0,0,1
opt_ntt,log8_lanes1,half_depth,7,1024,2897.379,12288,0,0,1
opt_ntt,log8_lanes1,tiled_half,8,1024,2920.572,12288,0,0,1
opt_ntt,log8_lanes1,production,8,1024,2974.569,12288,0,0,1
opt_ntt,log8_lanes1,half_depth,8,1024,3284.221,12288,0,0,1
opt_ntt,log8_lanes1,depth_first,8,1024,3997.641,12288,0,0,1
opt_ntt,log8_lanes1,tiled_half,9,1024,3161.417,12288,0,0,1
opt_ntt,log8_lanes1,depth_first,9,1024,3497.803,12288,0,0,1
opt_ntt,log8_lanes1,production,9,1024,2536.580,12288,0,0,1
opt_ntt,log8_lanes1,half_depth,9,1024,3120.605,12288,0,0,1
opt_ntt,log8_lanes1,depth_first,10,1024,3559.570,12288,0,0,1
opt_ntt,log8_lanes1,half_depth,10,1024,2886.963,12288,0,0,1
opt_ntt,log8_lanes1,production,10,1024,2987.956,12288,0,0,1
opt_ntt,log8_lanes1,tiled_half,10,1024,2973.185,12288,0,0,1
opt_ntt,log8_lanes1,production,11,1024,2581.380,12288,0,0,1
opt_ntt,log8_lanes1,half_depth,11,1024,3239.990,12288,0,0,1
opt_ntt,log8_lanes1,depth_first,11,1024,4346.721,12288,0,0,1
opt_ntt,log8_lanes1,tiled_half,11,1024,3079.956,12288,0,0,1
opt_ntt,log8_lanes1,depth_first,12,1024,3925.049,12288,0,0,1
opt_ntt,log8_lanes1,half_depth,12,1024,3151.367,12288,0,0,1
opt_ntt,log8_lanes1,production,12,1024,2613.770,12288,0,0,1
opt_ntt,log8_lanes1,tiled_half,12,1024,3127.971,12288,0,0,1
opt_ntt,log8_lanes1,production,13,1024,2543.701,12288,0,0,1
opt_ntt,log8_lanes1,half_depth,13,1024,2938.965,12288,0,0,1
opt_ntt,log8_lanes1,tiled_half,13,1024,2985.677,12288,0,0,1
opt_ntt,log8_lanes1,depth_first,13,1024,3822.347,12288,0,0,1
opt_ntt,log8_lanes1,depth_first,14,1024,4268.473,12288,0,0,1
opt_ntt,log8_lanes1,half_depth,14,1024,3293.457,12288,0,0,1
opt_ntt,log8_lanes1,tiled_half,14,1024,2971.150,12288,0,0,1
opt_ntt,log8_lanes1,production,14,1024,2545.207,12288,0,0,1
opt_ntt,log8_lanes1,production,15,1024,2539.551,12288,0,0,1
opt_ntt,log8_lanes1,half_depth,15,1024,3005.208,12288,0,0,1
opt_ntt,log8_lanes1,tiled_half,15,1024,2950.114,12288,0,0,1
opt_ntt,log8_lanes1,depth_first,15,1024,3655.110,12288,0,0,1
opt_ntt,log8_lanes1,half_depth,16,1024,3200.154,12288,0,0,1
opt_ntt,log8_lanes1,production,16,1024,3010.945,12288,0,0,1
opt_ntt,log8_lanes1,tiled_half,16,1024,3110.433,12288,0,0,1
opt_ntt,log8_lanes1,depth_first,16,1024,3831.380,12288,0,0,1
opt_ntt,log8_lanes1,depth_first,17,1024,3576.701,12288,0,0,1
opt_ntt,log8_lanes1,production,17,1024,2546.753,12288,0,0,1
opt_ntt,log8_lanes1,tiled_half,17,1024,2900.187,12288,0,0,1
opt_ntt,log8_lanes1,half_depth,17,1024,3077.637,12288,0,0,1
opt_ntt,log8_lanes1,half_depth,18,1024,3007.812,12288,0,0,1
opt_ntt,log8_lanes1,depth_first,18,1024,3578.654,12288,0,0,1
opt_ntt,log8_lanes1,production,18,1024,3040.080,12288,0,0,1
opt_ntt,log8_lanes1,tiled_half,18,1024,3193.318,12288,0,0,1
opt_ntt,log8_lanes1,tiled_half,19,1024,3110.147,12288,0,0,1
opt_ntt,log8_lanes1,depth_first,19,1024,4166.301,12288,0,0,1
opt_ntt,log8_lanes1,production,19,1024,2744.141,12288,0,0,1
opt_ntt,log8_lanes1,half_depth,19,1024,2894.043,12288,0,0,1
opt_ntt,log8_lanes1,production,20,1024,2536.377,12288,0,0,1
opt_ntt,log8_lanes1,tiled_half,20,1024,2960.083,12288,0,0,1
opt_ntt,log8_lanes1,depth_first,20,1024,3666.098,12288,0,0,1
opt_ntt,log8_lanes1,half_depth,20,1024,3109.050,12288,0,0,1
opt_ntt,log8_lanes1,production,21,1024,2909.749,12288,0,0,1
opt_ntt,log8_lanes1,tiled_half,21,1024,3064.331,12288,0,0,1
opt_ntt,log8_lanes1,depth_first,21,1024,3936.442,12288,0,0,1
opt_ntt,log8_lanes1,half_depth,21,1024,2956.909,12288,0,0,1
opt_ntt,log8_lanes1,tiled_half,22,1024,3023.682,12288,0,0,1
opt_ntt,log8_lanes1,production,22,1024,2534.424,12288,0,0,1
opt_ntt,log8_lanes1,half_depth,22,1024,2881.999,12288,0,0,1
opt_ntt,log8_lanes1,depth_first,22,1024,3474.040,12288,0,0,1
opt_ntt,log8_lanes1,depth_first,23,1024,3400.757,12288,0,0,1
opt_ntt,log8_lanes1,production,23,1024,2553.915,12288,0,0,1
opt_ntt,log8_lanes1,tiled_half,23,1024,3027.263,12288,0,0,1
opt_ntt,log8_lanes1,half_depth,23,1024,3042.480,12288,0,0,1
opt_ntt,log8_lanes1,half_depth,24,1024,3061.564,12288,0,0,1
opt_ntt,log8_lanes1,depth_first,24,1024,3582.723,12288,0,0,1
opt_ntt,log8_lanes1,tiled_half,24,1024,2886.963,12288,0,0,1
opt_ntt,log8_lanes1,production,24,1024,2706.218,12288,0,0,1
opt_ntt,log8_lanes1,tiled_half,25,1024,2895.833,12288,0,0,1
opt_ntt,log8_lanes1,production,25,1024,2532.634,12288,0,0,1
opt_ntt,log8_lanes1,half_depth,25,1024,2939.819,12288,0,0,1
opt_ntt,log8_lanes1,depth_first,25,1024,3449.016,12288,0,0,1
opt_ntt,log8_lanes1,half_depth,26,1024,3049.153,12288,0,0,1
opt_ntt,log8_lanes1,tiled_half,26,1024,2906.494,12288,0,0,1
opt_ntt,log8_lanes1,depth_first,26,1024,3422.729,12288,0,0,1
opt_ntt,log8_lanes1,production,26,1024,2648.152,12288,0,0,1
opt_ntt,log8_lanes1,production,27,1024,2532.186,12288,0,0,1
opt_ntt,log8_lanes1,depth_first,27,1024,3407.878,12288,0,0,1
opt_ntt,log8_lanes1,half_depth,27,1024,2942.546,12288,0,0,1
opt_ntt,log8_lanes1,tiled_half,27,1024,2884.277,12288,0,0,1
opt_ntt,log8_lanes1,tiled_half,28,1024,2975.952,12288,0,0,1
opt_ntt,log8_lanes1,depth_first,28,1024,3462.199,12288,0,0,1
opt_ntt,log8_lanes1,production,28,1024,2553.589,12288,0,0,1
opt_ntt,log8_lanes1,half_depth,28,1024,3056.682,12288,0,0,1
opt_ntt,log8_lanes1,half_depth,29,1024,2878.052,12288,0,0,1
opt_ntt,log8_lanes1,production,29,1024,2540.121,12288,0,0,1
opt_ntt,log8_lanes1,tiled_half,29,1024,2884.603,12288,0,0,1
opt_ntt,log8_lanes1,depth_first,29,1024,3438.843,12288,0,0,1
opt_ntt,log8_lanes1,tiled_half,30,1024,2927.124,12288,0,0,1
opt_ntt,log8_lanes1,production,30,1024,2670.166,12288,0,0,1
opt_ntt,log8_lanes1,half_depth,30,1024,2945.435,12288,0,0,1
opt_ntt,log8_lanes1,depth_first,30,1024,3378.540,12288,0,0,1
opt_ntt,log8_lanes1,depth_first,31,1024,3394.043,12288,0,0,1
opt_ntt,log8_lanes1,half_depth,31,1024,2914.144,12288,0,0,1
opt_ntt,log8_lanes1,production,31,1024,2664.999,12288,0,0,1
opt_ntt,log8_lanes1,tiled_half,31,1024,2881.348,12288,0,0,1
opt_ntt,log8_lanes32,depth_first,0,64,40532.547,393216,0,0,1
opt_ntt,log8_lanes32,tiled_half,0,64,30339.188,393216,0,0,1
opt_ntt,log8_lanes32,production,0,64,46585.281,393216,0,0,1
opt_ntt,log8_lanes32,half_depth,0,64,30270.828,393216,0,0,1
opt_ntt,log8_lanes32,half_depth,1,64,30910.812,393216,0,0,1
opt_ntt,log8_lanes32,depth_first,1,64,41901.047,393216,0,0,1
opt_ntt,log8_lanes32,production,1,64,45629.562,393216,0,0,1
opt_ntt,log8_lanes32,tiled_half,1,64,30123.047,393216,0,0,1
opt_ntt,log8_lanes32,depth_first,2,64,40157.547,393216,0,0,1
opt_ntt,log8_lanes32,production,2,64,46624.344,393216,0,0,1
opt_ntt,log8_lanes32,tiled_half,2,64,30929.031,393216,0,0,1
opt_ntt,log8_lanes32,half_depth,2,64,30164.703,393216,0,0,1
opt_ntt,log8_lanes32,depth_first,3,64,41679.688,393216,0,0,1
opt_ntt,log8_lanes32,tiled_half,3,64,30292.969,393216,0,0,1
opt_ntt,log8_lanes32,half_depth,3,64,30182.938,393216,0,0,1
opt_ntt,log8_lanes32,production,3,64,45552.078,393216,0,0,1
opt_ntt,log8_lanes32,production,4,64,47876.953,393216,0,0,1
opt_ntt,log8_lanes32,tiled_half,4,64,30169.922,393216,0,0,1
opt_ntt,log8_lanes32,depth_first,4,64,39316.406,393216,0,0,1
opt_ntt,log8_lanes32,half_depth,4,64,32108.719,393216,0,0,1
opt_ntt,log8_lanes32,depth_first,5,64,39649.734,393216,0,0,1
opt_ntt,log8_lanes32,half_depth,5,64,30490.234,393216,0,0,1
opt_ntt,log8_lanes32,production,5,64,46128.266,393216,0,0,1
opt_ntt,log8_lanes32,tiled_half,5,64,30949.219,393216,0,0,1
opt_ntt,log8_lanes32,half_depth,6,64,30300.125,393216,0,0,1
opt_ntt,log8_lanes32,depth_first,6,64,39835.938,393216,0,0,1
opt_ntt,log8_lanes32,tiled_half,6,64,32653.000,393216,0,0,1
opt_ntt,log8_lanes32,production,6,64,45630.859,393216,0,0,1
opt_ntt,log8_lanes32,production,7,64,45514.328,393216,0,0,1
opt_ntt,log8_lanes32,depth_first,7,64,39644.531,393216,0,0,1
opt_ntt,log8_lanes32,tiled_half,7,64,30686.188,393216,0,0,1
opt_ntt,log8_lanes32,half_depth,7,64,30130.859,393216,0,0,1
opt_ntt,log8_lanes32,half_depth,8,64,30372.391,393216,0,0,1
opt_ntt,log8_lanes32,tiled_half,8,64,30284.516,393216,0,0,1
opt_ntt,log8_lanes32,depth_first,8,64,40394.531,393216,0,0,1
opt_ntt,log8_lanes32,production,8,64,46091.141,393216,0,0,1
opt_ntt,log8_lanes32,half_depth,9,64,30195.312,393216,0,0,1
opt_ntt,log8_lanes32,depth_first,9,64,40345.703,393216,0,0,1
opt_ntt,log8_lanes32,production,9,64,45779.953,393216,0,0,1
opt_ntt,log8_lanes32,tiled_half,9,64,30332.672,393216,0,0,1
opt_ntt,log8_lanes32,depth_first,10,64,41317.062,393216,0,0,1
opt_ntt,log8_lanes32,production,10,64,45406.906,393216,0,0,1
opt_ntt,log8_lanes32,tiled_half,10,64,30303.391,393216,0,0,1
opt_ntt,log8_lanes32,half_depth,10,64,30291.656,393216,0,0,1
opt_ntt,log8_lanes32,depth_first,11,64,40047.516,393216,0,0,1
opt_ntt,log8_lanes32,tiled_half,11,64,30206.391,393216,0,0,1
opt_ntt,log8_lanes32,half_depth,11,64,30122.391,393216,0,0,1
opt_ntt,log8_lanes32,production,11,64,47664.719,393216,0,0,1
opt_ntt,log8_lanes32,tiled_half,12,64,30240.891,393216,0,0,1
opt_ntt,log8_lanes32,production,12,64,45980.469,393216,0,0,1
opt_ntt,log8_lanes32,half_depth,12,64,30227.219,393216,0,0,1
opt_ntt,log8_lanes32,depth_first,12,64,40417.312,393216,0,0,1
opt_ntt,log8_lanes32,depth_first,13,64,39542.312,393216,0,0,1
opt_ntt,log8_lanes32,half_depth,13,64,30153.641,393216,0,0,1
opt_ntt,log8_lanes32,production,13,64,48202.469,393216,0,0,1
opt_ntt,log8_lanes32,tiled_half,13,64,30393.234,393216,0,0,1
opt_ntt,log8_lanes32,half_depth,14,64,30305.984,393216,0,0,1
opt_ntt,log8_lanes32,production,14,64,45514.312,393216,0,0,1
opt_ntt,log8_lanes32,depth_first,14,64,40159.500,393216,0,0,1
opt_ntt,log8_lanes32,tiled_half,14,64,30311.203,393216,0,0,1
opt_ntt,log8_lanes32,depth_first,15,64,40411.453,393216,0,0,1
opt_ntt,log8_lanes32,half_depth,15,64,31836.578,393216,0,0,1
opt_ntt,log8_lanes32,tiled_half,15,64,30669.922,393216,0,0,1
opt_ntt,log8_lanes32,production,15,64,45901.703,393216,0,0,1
opt_ntt,log8_lanes32,tiled_half,16,64,30074.875,393216,0,0,1
opt_ntt,log8_lanes32,depth_first,16,64,40400.391,393216,0,0,1
opt_ntt,log8_lanes32,production,16,64,46605.469,393216,0,0,1
opt_ntt,log8_lanes32,half_depth,16,64,30179.047,393216,0,0,1
opt_ntt,log8_lanes32,production,17,64,47917.328,393216,0,0,1
opt_ntt,log8_lanes32,half_depth,17,64,30291.672,393216,0,0,1
opt_ntt,log8_lanes32,tiled_half,17,64,30231.766,393216,0,0,1
opt_ntt,log8_lanes32,depth_first,17,64,40039.062,393216,0,0,1
opt_ntt,log8_lanes32,production,18,64,46691.406,393216,0,0,1
opt_ntt,log8_lanes32,tiled_half,18,64,30382.156,393216,0,0,1
opt_ntt,log8_lanes32,half_depth,18,64,30384.109,393216,0,0,1
opt_ntt,log8_lanes32,depth_first,18,64,41666.016,393216,0,0,1
opt_ntt,log8_lanes32,tiled_half,19,64,30175.125,393216,0,0,1
opt_ntt,log8_lanes32,depth_first,19,64,39482.422,393216,0,0,1
opt_ntt,log8_lanes32,half_depth,19,64,30226.562,393216,0,0,1
opt_ntt,log8_lanes32,production,19,64,45528.641,393216,0,0,1
opt_ntt,log8_lanes32,tiled_half,20,64,31224.609,393216,0,0,1
opt_ntt,log8_lanes32,production,20,64,45568.359,393216,0,0,1
opt_ntt,log8_lanes32,half_depth,20,64,30255.859,393216,0,0,1
opt_ntt,log8_lanes32,depth_first,20,64,39651.703,393216,0,0,1
opt_ntt,log8_lanes32,half_depth,21,64,31210.281,393216,0,0,1
opt_ntt,log8_lanes32,tiled_half,21,64,31275.391,393216,0,0,1
opt_ntt,log8_lanes32,depth_first,21,64,41705.734,393216,0,0,1
opt_ntt,log8_lanes32,production,21,64,46220.703,393216,0,0,1
opt_ntt,log8_lanes32,production,22,64,46692.047,393216,0,0,1
opt_ntt,log8_lanes32,tiled_half,22,64,31822.266,393216,0,0,1
opt_ntt,log8_lanes32,depth_first,22,64,39634.109,393216,0,0,1
opt_ntt,log8_lanes32,half_depth,22,64,30327.484,393216,0,0,1
opt_ntt,log8_lanes32,tiled_half,23,64,31455.719,393216,0,0,1
opt_ntt,log8_lanes32,production,23,64,48488.281,393216,0,0,1
opt_ntt,log8_lanes32,depth_first,23,64,40515.625,393216,0,0,1
opt_ntt,log8_lanes32,half_depth,23,64,30192.047,393216,0,0,1
opt_ntt,log8_lanes32,production,24,64,46236.984,393216,0,0,1
opt_ntt,log8_lanes32,depth_first,24,64,39488.922,393216,0,0,1
opt_ntt,log8_lanes32,half_depth,24,64,30304.047,393216,0,0,1
opt_ntt,log8_lanes32,tiled_half,24,64,30176.438,393216,0,0,1
opt_ntt,log8_lanes32,production,25,64,48843.750,393216,0,0,1
opt_ntt,log8_lanes32,tiled_half,25,64,31089.844,393216,0,0,1
opt_ntt,log8_lanes32,depth_first,25,64,40511.062,393216,0,0,1
opt_ntt,log8_lanes32,half_depth,25,64,31248.047,393216,0,0,1
opt_ntt,log8_lanes32,tiled_half,26,64,30555.344,393216,0,0,1
opt_ntt,log8_lanes32,production,26,64,46636.719,393216,0,0,1
opt_ntt,log8_lanes32,half_depth,26,64,30554.688,393216,0,0,1
opt_ntt,log8_lanes32,depth_first,26,64,41741.531,393216,0,0,1
opt_ntt,log8_lanes32,depth_first,27,64,39412.109,393216,0,0,1
opt_ntt,log8_lanes32,production,27,64,46085.281,393216,0,0,1
opt_ntt,log8_lanes32,tiled_half,27,64,30852.859,393216,0,0,1
opt_ntt,log8_lanes32,half_depth,27,64,30408.203,393216,0,0,1
opt_ntt,log8_lanes32,production,28,64,46023.438,393216,0,0,1
opt_ntt,log8_lanes32,tiled_half,28,64,30470.047,393216,0,0,1
opt_ntt,log8_lanes32,half_depth,28,64,30199.859,393216,0,0,1
opt_ntt,log8_lanes32,depth_first,28,64,40770.188,393216,0,0,1
opt_ntt,log8_lanes32,tiled_half,29,64,30704.422,393216,0,0,1
opt_ntt,log8_lanes32,half_depth,29,64,31125.000,393216,0,0,1
opt_ntt,log8_lanes32,production,29,64,48207.688,393216,0,0,1
opt_ntt,log8_lanes32,depth_first,29,64,40427.734,393216,0,0,1
opt_ntt,log8_lanes32,production,30,64,46943.359,393216,0,0,1
opt_ntt,log8_lanes32,tiled_half,30,64,32031.250,393216,0,0,1
opt_ntt,log8_lanes32,depth_first,30,64,39406.906,393216,0,0,1
opt_ntt,log8_lanes32,half_depth,30,64,30783.203,393216,0,0,1
opt_ntt,log8_lanes32,tiled_half,31,64,31259.109,393216,0,0,1
opt_ntt,log8_lanes32,production,31,64,46126.953,393216,0,0,1
opt_ntt,log8_lanes32,depth_first,31,64,40046.875,393216,0,0,1
opt_ntt,log8_lanes32,half_depth,31,64,31210.281,393216,0,0,1
opt_ntt,log12_lanes8,half_depth,0,8,207994.750,1572864,1,1520,1
opt_ntt,log12_lanes8,depth_first,0,8,237911.375,1572864,1,1520,1
opt_ntt,log12_lanes8,production,0,8,535505.250,1572864,1,1520,1
opt_ntt,log12_lanes8,tiled_half,0,8,276229.125,1572864,1,1520,1
opt_ntt,log12_lanes8,production,1,8,473364.625,1572864,1,1520,1
opt_ntt,log12_lanes8,half_depth,1,8,244744.750,1572864,1,1520,1
opt_ntt,log12_lanes8,tiled_half,1,8,266703.125,1572864,1,1520,1
opt_ntt,log12_lanes8,depth_first,1,8,272229.125,1572864,1,1520,1
opt_ntt,log12_lanes8,depth_first,2,8,245505.250,1572864,1,1520,1
opt_ntt,log12_lanes8,production,2,8,475505.250,1572864,1,1520,1
opt_ntt,log12_lanes8,tiled_half,2,8,279765.625,1572864,1,1520,1
opt_ntt,log12_lanes8,half_depth,2,8,245458.375,1572864,1,1520,1
opt_ntt,log12_lanes8,tiled_half,3,8,330567.750,1572864,1,1520,1
opt_ntt,log12_lanes8,half_depth,3,8,234760.375,1572864,1,1520,1
opt_ntt,log12_lanes8,depth_first,3,8,226625.000,1572864,1,1520,1
opt_ntt,log12_lanes8,production,3,8,486937.500,1572864,1,1520,1
opt_ntt,log12_lanes8,tiled_half,4,8,294270.750,1572864,1,1520,1
opt_ntt,log12_lanes8,depth_first,4,8,254421.875,1572864,1,1520,1
opt_ntt,log12_lanes8,production,4,8,478541.625,1572864,1,1520,1
opt_ntt,log12_lanes8,half_depth,4,8,211942.750,1572864,1,1520,1
opt_ntt,log12_lanes8,production,5,8,461380.250,1572864,1,1520,1
opt_ntt,log12_lanes8,depth_first,5,8,252713.625,1572864,1,1520,1
opt_ntt,log12_lanes8,tiled_half,5,8,263463.625,1572864,1,1520,1
opt_ntt,log12_lanes8,half_depth,5,8,245765.625,1572864,1,1520,1
opt_ntt,log12_lanes8,half_depth,6,8,245890.625,1572864,1,1520,1
opt_ntt,log12_lanes8,depth_first,6,8,255171.875,1572864,1,1520,1
opt_ntt,log12_lanes8,tiled_half,6,8,327890.625,1572864,1,1520,1
opt_ntt,log12_lanes8,production,6,8,426349.000,1572864,1,1520,1
opt_ntt,log12_lanes8,tiled_half,7,8,255484.375,1572864,1,1520,1
opt_ntt,log12_lanes8,production,7,8,421208.375,1572864,1,1520,1
opt_ntt,log12_lanes8,half_depth,7,8,208375.000,1572864,1,1520,1
opt_ntt,log12_lanes8,depth_first,7,8,234974.000,1572864,1,1520,1
opt_ntt,log12_lanes8,depth_first,8,8,270833.375,1572864,1,1520,1
opt_ntt,log12_lanes8,production,8,8,386000.000,1572864,1,1520,1
opt_ntt,log12_lanes8,half_depth,8,8,209901.000,1572864,1,1520,1
opt_ntt,log12_lanes8,tiled_half,8,8,302776.000,1572864,1,1520,1
opt_ntt,log12_lanes8,depth_first,9,8,257921.875,1572864,1,1520,1
opt_ntt,log12_lanes8,production,9,8,484151.000,1572864,1,1520,1
opt_ntt,log12_lanes8,tiled_half,9,8,320598.875,1572864,1,1520,1
opt_ntt,log12_lanes8,half_depth,9,8,228203.125,1572864,1,1520,1
opt_ntt,log12_lanes8,depth_first,10,8,229250.000,1572864,1,1520,1
opt_ntt,log12_lanes8,production,10,8,382260.500,1572864,1,1520,1
opt_ntt,log12_lanes8,half_depth,10,8,232026.000,1572864,1,1520,1
opt_ntt,log12_lanes8,tiled_half,10,8,311875.000,1572864,1,1520,1
opt_ntt,log12_lanes8,depth_first,11,8,261994.750,1572864,1,1520,1
opt_ntt,log12_lanes8,half_depth,11,8,222109.375,1572864,1,1520,1
opt_ntt,log12_lanes8,tiled_half,11,8,269171.875,1572864,1,1520,1
opt_ntt,log12_lanes8,production,11,8,364348.875,1572864,1,1520,1
opt_ntt,log12_lanes8,tiled_half,12,8,231573.000,1572864,1,1520,1
opt_ntt,log12_lanes8,production,12,8,428218.750,1572864,1,1520,1
opt_ntt,log12_lanes8,depth_first,12,8,236151.000,1572864,1,1520,1
opt_ntt,log12_lanes8,half_depth,12,8,224953.125,1572864,1,1520,1
opt_ntt,log12_lanes8,tiled_half,13,8,236338.500,1572864,1,1520,1
opt_ntt,log12_lanes8,production,13,8,489302.000,1572864,1,1520,1
opt_ntt,log12_lanes8,depth_first,13,8,231609.375,1572864,1,1520,1
opt_ntt,log12_lanes8,half_depth,13,8,209302.125,1572864,1,1520,1
opt_ntt,log12_lanes8,depth_first,14,8,229255.250,1572864,1,1520,1
opt_ntt,log12_lanes8,production,14,8,412786.375,1572864,1,1520,1
opt_ntt,log12_lanes8,tiled_half,14,8,257812.500,1572864,1,1520,1
opt_ntt,log12_lanes8,half_depth,14,8,224598.875,1572864,1,1520,1
opt_ntt,log12_lanes8,half_depth,15,8,233151.125,1572864,1,1520,1
opt_ntt,log12_lanes8,production,15,8,391786.500,1572864,1,1520,1
opt_ntt,log12_lanes8,depth_first,15,8,229640.625,1572864,1,1520,1
opt_ntt,log12_lanes8,tiled_half,15,8,211062.500,1572864,1,1520,1
opt_ntt,log12_lanes8,half_depth,16,8,242156.250,1572864,1,1520,1
opt_ntt,log12_lanes8,depth_first,16,8,239151.000,1572864,1,1520,1
opt_ntt,log12_lanes8,production,16,8,436572.875,1572864,1,1520,1
opt_ntt,log12_lanes8,tiled_half,16,8,269869.750,1572864,1,1520,1
opt_ntt,log12_lanes8,tiled_half,17,8,259572.875,1572864,1,1520,1
opt_ntt,log12_lanes8,half_depth,17,8,219015.625,1572864,1,1520,1
opt_ntt,log12_lanes8,depth_first,17,8,242145.750,1572864,1,1520,1
opt_ntt,log12_lanes8,production,17,8,377796.875,1572864,1,1520,1
opt_ntt,log12_lanes8,tiled_half,18,8,255114.500,1572864,1,1520,1
opt_ntt,log12_lanes8,production,18,8,413177.000,1572864,1,1520,1
opt_ntt,log12_lanes8,depth_first,18,8,261489.625,1572864,1,1520,1
opt_ntt,log12_lanes8,half_depth,18,8,242416.625,1572864,1,1520,1
opt_ntt,log12_lanes8,half_depth,19,8,226630.250,1572864,1,1520,1
opt_ntt,log12_lanes8,depth_first,19,8,239599.000,1572864,1,1520,1
opt_ntt,log12_lanes8,tiled_half,19,8,302890.625,1572864,1,1520,1
opt_ntt,log12_lanes8,production,19,8,447687.500,1572864,1,1520,1
opt_ntt,log12_lanes8,tiled_half,20,8,274255.250,1572864,1,1520,1
opt_ntt,log12_lanes8,half_depth,20,8,219140.625,1572864,1,1520,1
opt_ntt,log12_lanes8,production,20,8,458541.625,1572864,1,1520,1
opt_ntt,log12_lanes8,depth_first,20,8,239828.125,1572864,1,1520,1
opt_ntt,log12_lanes8,depth_first,21,8,226432.250,1572864,1,1520,1
opt_ntt,log12_lanes8,half_depth,21,8,223604.125,1572864,1,1520,1
opt_ntt,log12_lanes8,production,21,8,418729.250,1572864,1,1520,1
opt_ntt,log12_lanes8,tiled_half,21,8,254677.000,1572864,1,1520,1
opt_ntt,log12_lanes8,production,22,8,501229.125,1572864,1,1520,1
opt_ntt,log12_lanes8,tiled_half,22,8,291849.000,1572864,1,1520,1
opt_ntt,log12_lanes8,half_depth,22,8,216890.625,1572864,1,1520,1
opt_ntt,log12_lanes8,depth_first,22,8,228901.125,1572864,1,1520,1
opt_ntt,log12_lanes8,half_depth,23,8,218994.750,1572864,1,1520,1
opt_ntt,log12_lanes8,tiled_half,23,8,285224.000,1572864,1,1520,1
opt_ntt,log12_lanes8,production,23,8,436901.000,1572864,1,1520,1
opt_ntt,log12_lanes8,depth_first,23,8,231708.375,1572864,1,1520,1
opt_ntt,log12_lanes8,depth_first,24,8,258401.000,1572864,1,1520,1
opt_ntt,log12_lanes8,production,24,8,447364.625,1572864,1,1520,1
opt_ntt,log12_lanes8,tiled_half,24,8,221312.500,1572864,1,1520,1
opt_ntt,log12_lanes8,half_depth,24,8,212656.250,1572864,1,1520,1
opt_ntt,log12_lanes8,production,25,8,415229.125,1572864,1,1520,1
opt_ntt,log12_lanes8,depth_first,25,8,250437.500,1572864,1,1520,1
opt_ntt,log12_lanes8,half_depth,25,8,231760.375,1572864,1,1520,1
opt_ntt,log12_lanes8,tiled_half,25,8,294625.000,1572864,1,1520,1
opt_ntt,log12_lanes8,half_depth,26,8,226041.625,1572864,1,1520,1
opt_ntt,log12_lanes8,production,26,8,384343.750,1572864,1,1520,1
opt_ntt,log12_lanes8,depth_first,26,8,239687.500,1572864,1,1520,1
opt_ntt,log12_lanes8,tiled_half,26,8,303698.000,1572864,1,1520,1
opt_ntt,log12_lanes8,tiled_half,27,8,271088.500,1572864,1,1520,1
opt_ntt,log12_lanes8,production,27,8,426588.500,1572864,1,1520,1
opt_ntt,log12_lanes8,half_depth,27,8,240729.250,1572864,1,1520,1
opt_ntt,log12_lanes8,depth_first,27,8,226583.375,1572864,1,1520,1
opt_ntt,log12_lanes8,depth_first,28,8,234880.250,1572864,1,1520,1
opt_ntt,log12_lanes8,tiled_half,28,8,295416.625,1572864,1,1520,1
opt_ntt,log12_lanes8,production,28,8,384343.750,1572864,1,1520,1
opt_ntt,log12_lanes8,half_depth,28,8,226458.375,1572864,1,1520,1
opt_ntt,log12_lanes8,tiled_half,29,8,304416.625,1572864,1,1520,1
opt_ntt,log12_lanes8,half_depth,29,8,235739.625,1572864,1,1520,1
opt_ntt,log12_lanes8,depth_first,29,8,245979.250,1572864,1,1520,1
opt_ntt,log12_lanes8,production,29,8,410072.875,1572864,1,1520,1
opt_ntt,log12_lanes8,production,30,8,494364.500,1572864,1,1520,1
opt_ntt,log12_lanes8,depth_first,30,8,242645.750,1572864,1,1520,1
opt_ntt,log12_lanes8,tiled_half,30,8,276479.125,1572864,1,1520,1
opt_ntt,log12_lanes8,half_depth,30,8,249093.750,1572864,1,1520,1
opt_ntt,log12_lanes8,production,31,8,422677.125,1572864,1,1520,1
opt_ntt,log12_lanes8,depth_first,31,8,239968.750,1572864,1,1520,1
opt_ntt,log12_lanes8,half_depth,31,8,228166.625,1572864,1,1520,1
opt_ntt,log12_lanes8,tiled_half,31,8,241526.125,1572864,1,1520,1
opt_ntt,log15_lanes8,production,0,4,1330395.750,12582912,1,1520,1
opt_ntt,log15_lanes8,tiled_half,0,4,1113864.500,12582912,1,1520,1
opt_ntt,log15_lanes8,half_depth,0,4,1020291.750,12582912,1,1520,1
opt_ntt,log15_lanes8,depth_first,0,4,994833.250,12582912,1,1520,1
opt_ntt,log15_lanes8,depth_first,1,4,825260.500,12582912,1,1520,1
opt_ntt,log15_lanes8,half_depth,1,4,811531.250,12582912,1,1520,1
opt_ntt,log15_lanes8,tiled_half,1,4,1124239.750,12582912,1,1520,1
opt_ntt,log15_lanes8,production,1,4,1231885.500,12582912,1,1520,1
opt_ntt,log15_lanes8,depth_first,2,4,776562.500,12582912,1,1520,1
opt_ntt,log15_lanes8,tiled_half,2,4,911083.250,12582912,1,1520,1
opt_ntt,log15_lanes8,production,2,4,1274437.500,12582912,1,1520,1
opt_ntt,log15_lanes8,half_depth,2,4,795854.000,12582912,1,1520,1
opt_ntt,log15_lanes8,half_depth,3,4,828948.000,12582912,1,1520,1
opt_ntt,log15_lanes8,tiled_half,3,4,867937.500,12582912,1,1520,1
opt_ntt,log15_lanes8,production,3,4,1362156.250,12582912,1,1520,1
opt_ntt,log15_lanes8,depth_first,3,4,872823.000,12582912,1,1520,1
opt_ntt,log15_lanes8,tiled_half,4,4,1040031.250,12582912,1,1520,1
opt_ntt,log15_lanes8,depth_first,4,4,776927.000,12582912,1,1520,1
opt_ntt,log15_lanes8,production,4,4,1182687.500,12582912,1,1520,1
opt_ntt,log15_lanes8,half_depth,4,4,802645.750,12582912,1,1520,1
opt_ntt,log15_lanes8,production,5,4,1316687.500,12582912,1,1520,1
opt_ntt,log15_lanes8,depth_first,5,4,785229.000,12582912,1,1520,1
opt_ntt,log15_lanes8,tiled_half,5,4,1057239.750,12582912,1,1520,1
opt_ntt,log15_lanes8,half_depth,5,4,797989.500,12582912,1,1520,1
opt_ntt,log15_lanes8,production,6,4,1181593.750,12582912,1,1520,1
opt_ntt,log15_lanes8,tiled_half,6,4,950166.750,12582912,1,1520,1
opt_ntt,log15_lanes8,depth_first,6,4,857541.750,12582912,1,1520,1
opt_ntt,log15_lanes8,half_depth,6,4,844552.250,12582912,1,1520,1
opt_ntt,log15_lanes8,tiled_half,7,4,972552.250,12582912,1,1520,1
opt_ntt,log15_lanes8,depth_first,7,4,883208.500,12582912,1,1520,1
opt_ntt,log15_lanes8,production,7,4,1129979.000,12582912,1,1520,1
opt_ntt,log15_lanes8,half_depth,7,4,848510.250,12582912,1,1520,1
opt_ntt,log15_lanes8,half_depth,8,4,809656.250,12582912,1,1520,1
opt_ntt,log15_lanes8,production,8,4,1062510.500,12582912,1,1520,1
opt_ntt,log15_lanes8,tiled_half,8,4,958343.750,12582912,1,1520,1
opt_ntt,log15_lanes8,depth_first,8,4,851177.250,12582912,1,1520,1
opt_ntt,log15_lanes8,depth_first,9,4,784500.000,12582912,1,1520,1
opt_ntt,log15_lanes8,production,9,4,1164750.000,12582912,1,1520,1
opt_ntt,log15_lanes8,half_depth,9,4,806250.000,12582912,1,1520,1
opt_ntt,log15_lanes8,tiled_half,9,4,1055604.250,12582912,1,1520,1
opt_ntt,log15_lanes8,depth_first,10,4,780739.500,12582912,1,1520,1
opt_ntt,log15_lanes8,production,10,4,971541.500,12582912,1,1520,1
opt_ntt,log15_lanes8,half_depth,10,4,819979.250,12582912,1,1520,1
opt_ntt,log15_lanes8,tiled_half,10,4,919114.750,12582912,1,1520,1
opt_ntt,log15_lanes8,half_depth,11,4,777406.250,12582912,1,1520,1
opt_ntt,log15_lanes8,production,11,4,1017687.500,12582912,1,1520,1
opt_ntt,log15_lanes8,tiled_half,11,4,1022854.250,12582912,1,1520,1
opt_ntt,log15_lanes8,depth_first,11,4,783093.750,12582912,1,1520,1
opt_ntt,log15_lanes8,depth_first,12,4,780656.250,12582912,1,1520,1
opt_ntt,log15_lanes8,half_depth,12,4,789166.750,12582912,1,1520,1
opt_ntt,log15_lanes8,tiled_half,12,4,940385.250,12582912,1,1520,1
opt_ntt,log15_lanes8,production,12,4,1175177.000,12582912,1,1520,1
opt_ntt,log15_lanes8,production,13,4,1125760.500,12582912,1,1520,1
opt_ntt,log15_lanes8,tiled_half,13,4,1056281.250,12582912,1,1520,1
opt_ntt,log15_lanes8,half_depth,13,4,757250.000,12582912,1,1520,1
opt_ntt,log15_lanes8,depth_first,13,4,849125.000,12582912,1,1520,1
opt_ntt,log15_lanes8,half_depth,14,4,804770.750,12582912,1,1520,1
opt_ntt,log15_lanes8,depth_first,14,4,1010437.500,12582912,1,1520,1
opt_ntt,log15_lanes8,tiled_half,14,4,1337010.250,12582912,1,1520,1
opt_ntt,log15_lanes8,production,14,4,1585833.250,12582912,1,1520,1
opt_ntt,log15_lanes8,depth_first,15,4,1253218.750,12582912,1,1520,1
opt_ntt,log15_lanes8,production,15,4,1146187.500,12582912,1,1520,1
opt_ntt,log15_lanes8,half_depth,15,4,772312.500,12582912,1,1520,1
opt_ntt,log15_lanes8,tiled_half,15,4,1272145.750,12582912,1,1520,1
opt_ntt,log15_lanes8,tiled_half,16,4,1075718.750,12582912,1,1520,1
opt_ntt,log15_lanes8,production,16,4,1161750.000,12582912,1,1520,1
opt_ntt,log15_lanes8,depth_first,16,4,799937.500,12582912,1,1520,1
opt_ntt,log15_lanes8,half_depth,16,4,845323.000,12582912,1,1520,1
opt_ntt,log15_lanes8,production,17,4,1068833.250,12582912,1,1520,1
opt_ntt,log15_lanes8,half_depth,17,4,827218.750,12582912,1,1520,1
opt_ntt,log15_lanes8,depth_first,17,4,808093.750,12582912,1,1520,1
opt_ntt,log15_lanes8,tiled_half,17,4,1198937.500,12582912,1,1520,1
opt_ntt,log15_lanes8,tiled_half,18,4,1135614.750,12582912,1,1520,1
opt_ntt,log15_lanes8,depth_first,18,4,912041.750,12582912,1,1520,1
opt_ntt,log15_lanes8,half_depth,18,4,841291.500,12582912,1,1520,1
opt_ntt,log15_lanes8,production,18,4,1241739.500,12582912,1,1520,1
opt_ntt,log15_lanes8,depth_first,19,4,889010.500,12582912,1,1520,1
opt_ntt,log15_lanes8,half_depth,19,4,889906.250,12582912,1,1520,1
opt_ntt,log15_lanes8,tiled_half,19,4,1208364.500,12582912,1,1520,1
opt_ntt,log15_lanes8,production,19,4,1272021.000,12582912,1,1520,1
opt_ntt,log15_lanes8,tiled_half,20,4,1107635.500,12582912,1,1520,1
opt_ntt,log15_lanes8,production,20,4,1389000.000,12582912,1,1520,1
opt_ntt,log15_lanes8,half_depth,20,4,812406.250,12582912,1,1520,1
opt_ntt,log15_lanes8,depth_first,20,4,914333.500,12582912,1,1520,1
opt_ntt,log15_lanes8,half_depth,21,4,800166.750,12582912,1,1520,1
opt_ntt,log15_lanes8,depth_first,21,4,975521.000,12582912,1,1520,1
opt_ntt,log15_lanes8,production,21,4,1293021.000,12582912,1,1520,1
opt_ntt,log15_lanes8,tiled_half,21,4,1234083.250,12582912,1,1520,1
opt_ntt,log15_lanes8,depth_first,22,4,890885.500,12582912,1,1520,1
opt_ntt,log15_lanes8,tiled_half,22,4,1178760.250,12582912,1,1520,1
opt_ntt,log15_lanes8,half_depth,22,4,842510.250,12582912,1,1520,1
opt_ntt,log15_lanes8,production,22,4,1244895.750,12582912,1,1520,1
opt_ntt,log15_lanes8,production,23,4,1304239.750,12582912,1,1520,1
opt_ntt,log15_lanes8,tiled_half,23,4,1143010.500,12582912,1,1520,1
opt_ntt,log15_lanes8,depth_first,23,4,972968.750,12582912,1,1520,1
opt_ntt,log15_lanes8,half_depth,23,4,891937.500,12582912,1,1520,1
opt_ntt,log15_lanes8,production,24,4,1252000.000,12582912,1,1520,1
opt_ntt,log15_lanes8,half_depth,24,4,824479.000,12582912,1,1520,1
opt_ntt,log15_lanes8,depth_first,24,4,935250.000,12582912,1,1520,1
opt_ntt,log15_lanes8,tiled_half,24,4,1134406.250,12582912,1,1520,1
opt_ntt,log15_lanes8,production,25,4,1401000.000,12582912,1,1520,1
opt_ntt,log15_lanes8,half_depth,25,4,817708.250,12582912,1,1520,1
opt_ntt,log15_lanes8,tiled_half,25,4,1192614.500,12582912,1,1520,1
opt_ntt,log15_lanes8,depth_first,25,4,960979.250,12582912,1,1520,1
opt_ntt,log15_lanes8,depth_first,26,4,965322.750,12582912,1,1520,1
opt_ntt,log15_lanes8,tiled_half,26,4,1254854.250,12582912,1,1520,1
opt_ntt,log15_lanes8,half_depth,26,4,908021.000,12582912,1,1520,1
opt_ntt,log15_lanes8,production,26,4,1140531.250,12582912,1,1520,1
opt_ntt,log15_lanes8,depth_first,27,4,846843.750,12582912,1,1520,1
opt_ntt,log15_lanes8,production,27,4,1045406.250,12582912,1,1520,1
opt_ntt,log15_lanes8,half_depth,27,4,778885.250,12582912,1,1520,1
opt_ntt,log15_lanes8,tiled_half,27,4,1079645.750,12582912,1,1520,1
opt_ntt,log15_lanes8,production,28,4,1214562.500,12582912,1,1520,1
opt_ntt,log15_lanes8,tiled_half,28,4,1103916.750,12582912,1,1520,1
opt_ntt,log15_lanes8,depth_first,28,4,803072.750,12582912,1,1520,1
opt_ntt,log15_lanes8,half_depth,28,4,831885.500,12582912,1,1520,1
opt_ntt,log15_lanes8,depth_first,29,4,793291.500,12582912,1,1520,1
opt_ntt,log15_lanes8,tiled_half,29,4,1046666.750,12582912,1,1520,1
opt_ntt,log15_lanes8,production,29,4,1086937.500,12582912,1,1520,1
opt_ntt,log15_lanes8,half_depth,29,4,859041.750,12582912,1,1520,1
opt_ntt,log15_lanes8,depth_first,30,4,768437.500,12582912,1,1520,1
opt_ntt,log15_lanes8,tiled_half,30,4,986552.000,12582912,1,1520,1
opt_ntt,log15_lanes8,production,30,4,1172521.000,12582912,1,1520,1
opt_ntt,log15_lanes8,half_depth,30,4,934573.000,12582912,1,1520,1
opt_ntt,log15_lanes8,depth_first,31,4,821271.000,12582912,1,1520,1
opt_ntt,log15_lanes8,production,31,4,1139823.000,12582912,1,1520,1
opt_ntt,log15_lanes8,tiled_half,31,4,1239958.250,12582912,1,1520,1
opt_ntt,log15_lanes8,half_depth,31,4,923885.250,12582912,1,1520,1
opt_ntt,log15_lanes32,depth_first,0,2,2711791.500,50331648,1,1520,1
opt_ntt,log15_lanes32,production,0,2,2433667.000,50331648,1,1520,1
opt_ntt,log15_lanes32,tiled_half,0,2,3009687.500,50331648,1,1520,1
opt_ntt,log15_lanes32,half_depth,0,2,2457021.000,50331648,1,1520,1
opt_ntt,log15_lanes32,half_depth,1,2,2458437.500,50331648,1,1520,1
opt_ntt,log15_lanes32,depth_first,1,2,2336458.000,50331648,1,1520,1
opt_ntt,log15_lanes32,production,1,2,2416416.500,50331648,1,1520,1
opt_ntt,log15_lanes32,tiled_half,1,2,2687562.500,50331648,1,1520,1
opt_ntt,log15_lanes32,half_depth,2,2,2289167.000,50331648,1,1520,1
opt_ntt,log15_lanes32,depth_first,2,2,2473416.500,50331648,1,1520,1
opt_ntt,log15_lanes32,production,2,2,2462000.000,50331648,1,1520,1
opt_ntt,log15_lanes32,tiled_half,2,2,2259771.000,50331648,1,1520,1
opt_ntt,log15_lanes32,half_depth,3,2,2489333.500,50331648,1,1520,1
opt_ntt,log15_lanes32,depth_first,3,2,2283125.000,50331648,1,1520,1
opt_ntt,log15_lanes32,tiled_half,3,2,2647250.000,50331648,1,1520,1
opt_ntt,log15_lanes32,production,3,2,2563312.500,50331648,1,1520,1
opt_ntt,log15_lanes32,tiled_half,4,2,2488541.500,50331648,1,1520,1
opt_ntt,log15_lanes32,production,4,2,2666250.000,50331648,1,1520,1
opt_ntt,log15_lanes32,half_depth,4,2,2188604.000,50331648,1,1520,1
opt_ntt,log15_lanes32,depth_first,4,2,2609500.000,50331648,1,1520,1
opt_ntt,log15_lanes32,half_depth,5,2,2320354.000,50331648,1,1520,1
opt_ntt,log15_lanes32,production,5,2,2422646.000,50331648,1,1520,1
opt_ntt,log15_lanes32,depth_first,5,2,2475958.500,50331648,1,1520,1
opt_ntt,log15_lanes32,tiled_half,5,2,2469104.000,50331648,1,1520,1
opt_ntt,log15_lanes32,tiled_half,6,2,2684062.500,50331648,1,1520,1
opt_ntt,log15_lanes32,production,6,2,2459521.000,50331648,1,1520,1
opt_ntt,log15_lanes32,depth_first,6,2,2773312.500,50331648,1,1520,1
opt_ntt,log15_lanes32,half_depth,6,2,2413042.000,50331648,1,1520,1
opt_ntt,log15_lanes32,half_depth,7,2,2244000.000,50331648,1,1520,1
opt_ntt,log15_lanes32,tiled_half,7,2,2558687.500,50331648,1,1520,1
opt_ntt,log15_lanes32,production,7,2,2634833.000,50331648,1,1520,1
opt_ntt,log15_lanes32,depth_first,7,2,2475791.500,50331648,1,1520,1
opt_ntt,log15_lanes32,half_depth,8,2,2319333.500,50331648,1,1520,1
opt_ntt,log15_lanes32,production,8,2,2361083.000,50331648,1,1520,1
opt_ntt,log15_lanes32,depth_first,8,2,2638875.000,50331648,1,1520,1
opt_ntt,log15_lanes32,tiled_half,8,2,3198396.000,50331648,1,1520,1
opt_ntt,log15_lanes32,production,9,2,2239771.000,50331648,1,1520,1
opt_ntt,log15_lanes32,half_depth,9,2,2479854.000,50331648,1,1520,1
opt_ntt,log15_lanes32,depth_first,9,2,2632750.000,50331648,1,1520,1
opt_ntt,log15_lanes32,tiled_half,9,2,2479646.000,50331648,1,1520,1
opt_ntt,log15_lanes32,production,10,2,2543354.000,50331648,1,1520,1
opt_ntt,log15_lanes32,tiled_half,10,2,2447854.000,50331648,1,1520,1
opt_ntt,log15_lanes32,half_depth,10,2,3194833.500,50331648,1,1520,1
opt_ntt,log15_lanes32,depth_first,10,2,2569833.500,50331648,1,1520,1
opt_ntt,log15_lanes32,half_depth,11,2,2201854.000,50331648,1,1520,1
opt_ntt,log15_lanes32,tiled_half,11,2,2812937.500,50331648,1,1520,1
opt_ntt,log15_lanes32,depth_first,11,2,2519833.000,50331648,1,1520,1
opt_ntt,log15_lanes32,production,11,2,2384291.500,50331648,1,1520,1
opt_ntt,log15_lanes32,half_depth,12,2,2343375.000,50331648,1,1520,1
opt_ntt,log15_lanes32,depth_first,12,2,2428270.500,50331648,1,1520,1
opt_ntt,log15_lanes32,production,12,2,2799916.500,50331648,1,1520,1
opt_ntt,log15_lanes32,tiled_half,12,2,2422604.500,50331648,1,1520,1
opt_ntt,log15_lanes32,tiled_half,13,2,2475916.500,50331648,1,1520,1
opt_ntt,log15_lanes32,depth_first,13,2,2475625.000,50331648,1,1520,1
opt_ntt,log15_lanes32,production,13,2,2294708.500,50331648,1,1520,1
opt_ntt,log15_lanes32,half_depth,13,2,2430916.500,50331648,1,1520,1
opt_ntt,log15_lanes32,half_depth,14,2,2371020.500,50331648,1,1520,1
opt_ntt,log15_lanes32,production,14,2,2929458.500,50331648,1,1520,1
opt_ntt,log15_lanes32,tiled_half,14,2,2664417.000,50331648,1,1520,1
opt_ntt,log15_lanes32,depth_first,14,2,2455250.000,50331648,1,1520,1
opt_ntt,log15_lanes32,depth_first,15,2,3205604.500,50331648,1,1520,1
opt_ntt,log15_lanes32,half_depth,15,2,2328791.500,50331648,1,1520,1
opt_ntt,log15_lanes32,tiled_half,15,2,2245583.500,50331648,1,1520,1
opt_ntt,log15_lanes32,production,15,2,2608875.000,50331648,1,1520,1
opt_ntt,log15_lanes32,tiled_half,16,2,2432604.000,50331648,1,1520,1
opt_ntt,log15_lanes32,half_depth,16,2,2771250.000,50331648,1,1520,1
opt_ntt,log15_lanes32,production,16,2,2633541.500,50331648,1,1520,1
opt_ntt,log15_lanes32,depth_first,16,2,2320750.000,50331648,1,1520,1
opt_ntt,log15_lanes32,tiled_half,17,2,2550875.000,50331648,1,1520,1
opt_ntt,log15_lanes32,half_depth,17,2,2249854.500,50331648,1,1520,1
opt_ntt,log15_lanes32,production,17,2,2472729.000,50331648,1,1520,1
opt_ntt,log15_lanes32,depth_first,17,2,2550187.500,50331648,1,1520,1
opt_ntt,log15_lanes32,production,18,2,2573916.500,50331648,1,1520,1
opt_ntt,log15_lanes32,half_depth,18,2,2754104.000,50331648,1,1520,1
opt_ntt,log15_lanes32,depth_first,18,2,2432687.500,50331648,1,1520,1
opt_ntt,log15_lanes32,tiled_half,18,2,2551854.500,50331648,1,1520,1
opt_ntt,log15_lanes32,half_depth,19,2,2405979.000,50331648,1,1520,1
opt_ntt,log15_lanes32,tiled_half,19,2,2681354.500,50331648,1,1520,1
opt_ntt,log15_lanes32,depth_first,19,2,2643896.000,50331648,1,1520,1
opt_ntt,log15_lanes32,production,19,2,2895146.000,50331648,1,1520,1
opt_ntt,log15_lanes32,production,20,2,2379583.500,50331648,1,1520,1
opt_ntt,log15_lanes32,tiled_half,20,2,2559771.000,50331648,1,1520,1
opt_ntt,log15_lanes32,half_depth,20,2,2395958.000,50331648,1,1520,1
opt_ntt,log15_lanes32,depth_first,20,2,2407875.000,50331648,1,1520,1
opt_ntt,log15_lanes32,tiled_half,21,2,3058646.000,50331648,1,1520,1
opt_ntt,log15_lanes32,production,21,2,3004020.500,50331648,1,1520,1
opt_ntt,log15_lanes32,half_depth,21,2,2307167.000,50331648,1,1520,1
opt_ntt,log15_lanes32,depth_first,21,2,2532500.000,50331648,1,1520,1
opt_ntt,log15_lanes32,production,22,2,2446812.500,50331648,1,1520,1
opt_ntt,log15_lanes32,half_depth,22,2,2351291.500,50331648,1,1520,1
opt_ntt,log15_lanes32,depth_first,22,2,2458708.000,50331648,1,1520,1
opt_ntt,log15_lanes32,tiled_half,22,2,2483625.000,50331648,1,1520,1
opt_ntt,log15_lanes32,depth_first,23,2,3227521.000,50331648,1,1520,1
opt_ntt,log15_lanes32,production,23,2,3011041.500,50331648,1,1520,1
opt_ntt,log15_lanes32,tiled_half,23,2,2661666.500,50331648,1,1520,1
opt_ntt,log15_lanes32,half_depth,23,2,2503687.500,50331648,1,1520,1
opt_ntt,log15_lanes32,half_depth,24,2,2554937.500,50331648,1,1520,1
opt_ntt,log15_lanes32,tiled_half,24,2,2560167.000,50331648,1,1520,1
opt_ntt,log15_lanes32,production,24,2,2429479.000,50331648,1,1520,1
opt_ntt,log15_lanes32,depth_first,24,2,2320229.500,50331648,1,1520,1
opt_ntt,log15_lanes32,tiled_half,25,2,2731500.000,50331648,1,1520,1
opt_ntt,log15_lanes32,depth_first,25,2,2740125.000,50331648,1,1520,1
opt_ntt,log15_lanes32,half_depth,25,2,2197792.000,50331648,1,1520,1
opt_ntt,log15_lanes32,production,25,2,2486437.500,50331648,1,1520,1
opt_ntt,log15_lanes32,depth_first,26,2,2315791.500,50331648,1,1520,1
opt_ntt,log15_lanes32,half_depth,26,2,2496354.000,50331648,1,1520,1
opt_ntt,log15_lanes32,production,26,2,2481645.500,50331648,1,1520,1
opt_ntt,log15_lanes32,tiled_half,26,2,2666312.500,50331648,1,1520,1
opt_ntt,log15_lanes32,depth_first,27,2,2591687.500,50331648,1,1520,1
opt_ntt,log15_lanes32,tiled_half,27,2,2218187.500,50331648,1,1520,1
opt_ntt,log15_lanes32,production,27,2,2758667.000,50331648,1,1520,1
opt_ntt,log15_lanes32,half_depth,27,2,2228708.000,50331648,1,1520,1
opt_ntt,log15_lanes32,half_depth,28,2,2316854.000,50331648,1,1520,1
opt_ntt,log15_lanes32,production,28,2,2709062.500,50331648,1,1520,1
opt_ntt,log15_lanes32,depth_first,28,2,2341625.000,50331648,1,1520,1
opt_ntt,log15_lanes32,tiled_half,28,2,2547562.500,50331648,1,1520,1
opt_ntt,log15_lanes32,production,29,2,2466125.000,50331648,1,1520,1
opt_ntt,log15_lanes32,tiled_half,29,2,2419521.000,50331648,1,1520,1
opt_ntt,log15_lanes32,depth_first,29,2,2494812.500,50331648,1,1520,1
opt_ntt,log15_lanes32,half_depth,29,2,2165000.000,50331648,1,1520,1
opt_ntt,log15_lanes32,tiled_half,30,2,3745416.500,50331648,1,1520,1
opt_ntt,log15_lanes32,half_depth,30,2,3234875.000,50331648,1,1520,1
opt_ntt,log15_lanes32,depth_first,30,2,2502458.500,50331648,1,1520,1
opt_ntt,log15_lanes32,production,30,2,2676979.000,50331648,1,1520,1
opt_ntt,log15_lanes32,production,31,2,2577833.500,50331648,1,1520,1
opt_ntt,log15_lanes32,half_depth,31,2,2807771.000,50331648,1,1520,1
opt_ntt,log15_lanes32,depth_first,31,2,2547146.000,50331648,1,1520,1
opt_ntt,log15_lanes32,tiled_half,31,2,2943916.500,50331648,1,1520,1
opt_ntt,log16_lanes32,half_depth,0,1,5671375.000,100663296,1,1520,1
opt_ntt,log16_lanes32,tiled_half,0,1,5682375.000,100663296,1,1520,1
opt_ntt,log16_lanes32,depth_first,0,1,5144250.000,100663296,1,1520,1
opt_ntt,log16_lanes32,production,0,1,6887041.000,100663296,1,1520,1
opt_ntt,log16_lanes32,depth_first,1,1,6044333.000,100663296,1,1520,1
opt_ntt,log16_lanes32,production,1,1,6132917.000,100663296,1,1520,1
opt_ntt,log16_lanes32,half_depth,1,1,5232000.000,100663296,1,1520,1
opt_ntt,log16_lanes32,tiled_half,1,1,4959584.000,100663296,1,1520,1
opt_ntt,log16_lanes32,tiled_half,2,1,5502250.000,100663296,1,1520,1
opt_ntt,log16_lanes32,depth_first,2,1,7474917.000,100663296,1,1520,1
opt_ntt,log16_lanes32,production,2,1,5475958.000,100663296,1,1520,1
opt_ntt,log16_lanes32,half_depth,2,1,5816000.000,100663296,1,1520,1
opt_ntt,log16_lanes32,production,3,1,4468083.000,100663296,1,1520,1
opt_ntt,log16_lanes32,half_depth,3,1,4771875.000,100663296,1,1520,1
opt_ntt,log16_lanes32,tiled_half,3,1,15391334.000,100663296,1,1520,1
opt_ntt,log16_lanes32,depth_first,3,1,5220875.000,100663296,1,1520,1
opt_ntt,log16_lanes32,tiled_half,4,1,5611792.000,100663296,1,1520,1
opt_ntt,log16_lanes32,depth_first,4,1,5395667.000,100663296,1,1520,1
opt_ntt,log16_lanes32,production,4,1,6046125.000,100663296,1,1520,1
opt_ntt,log16_lanes32,half_depth,4,1,4945209.000,100663296,1,1520,1
opt_ntt,log16_lanes32,production,5,1,5377292.000,100663296,1,1520,1
opt_ntt,log16_lanes32,tiled_half,5,1,4743500.000,100663296,1,1520,1
opt_ntt,log16_lanes32,depth_first,5,1,5000166.000,100663296,1,1520,1
opt_ntt,log16_lanes32,half_depth,5,1,4399875.000,100663296,1,1520,1
opt_ntt,log16_lanes32,depth_first,6,1,5030125.000,100663296,1,1520,1
opt_ntt,log16_lanes32,tiled_half,6,1,5477375.000,100663296,1,1520,1
opt_ntt,log16_lanes32,half_depth,6,1,5566625.000,100663296,1,1520,1
opt_ntt,log16_lanes32,production,6,1,4935542.000,100663296,1,1520,1
opt_ntt,log16_lanes32,depth_first,7,1,9805000.000,100663296,1,1520,1
opt_ntt,log16_lanes32,tiled_half,7,1,5715125.000,100663296,1,1520,1
opt_ntt,log16_lanes32,half_depth,7,1,4986708.000,100663296,1,1520,1
opt_ntt,log16_lanes32,production,7,1,4987792.000,100663296,1,1520,1
opt_ntt,log16_lanes32,production,8,1,5226958.000,100663296,1,1520,1
opt_ntt,log16_lanes32,depth_first,8,1,5135708.000,100663296,1,1520,1
opt_ntt,log16_lanes32,half_depth,8,1,4692625.000,100663296,1,1520,1
opt_ntt,log16_lanes32,tiled_half,8,1,5741917.000,100663296,1,1520,1
opt_ntt,log16_lanes32,production,9,1,4986250.000,100663296,1,1520,1
opt_ntt,log16_lanes32,depth_first,9,1,4900833.000,100663296,1,1520,1
opt_ntt,log16_lanes32,half_depth,9,1,4619709.000,100663296,1,1520,1
opt_ntt,log16_lanes32,tiled_half,9,1,5806541.000,100663296,1,1520,1
opt_ntt,log16_lanes32,half_depth,10,1,4480459.000,100663296,1,1520,1
opt_ntt,log16_lanes32,tiled_half,10,1,4927208.000,100663296,1,1520,1
opt_ntt,log16_lanes32,production,10,1,5110333.000,100663296,1,1520,1
opt_ntt,log16_lanes32,depth_first,10,1,4816458.000,100663296,1,1520,1
opt_ntt,log16_lanes32,tiled_half,11,1,4813959.000,100663296,1,1520,1
opt_ntt,log16_lanes32,production,11,1,4391000.000,100663296,1,1520,1
opt_ntt,log16_lanes32,half_depth,11,1,6555875.000,100663296,1,1520,1
opt_ntt,log16_lanes32,depth_first,11,1,5218541.000,100663296,1,1520,1
opt_ntt,log16_lanes32,half_depth,12,1,4269875.000,100663296,1,1520,1
opt_ntt,log16_lanes32,production,12,1,5213417.000,100663296,1,1520,1
opt_ntt,log16_lanes32,depth_first,12,1,5015958.000,100663296,1,1520,1
opt_ntt,log16_lanes32,tiled_half,12,1,4501917.000,100663296,1,1520,1
opt_ntt,log16_lanes32,depth_first,13,1,4763875.000,100663296,1,1520,1
opt_ntt,log16_lanes32,tiled_half,13,1,4618375.000,100663296,1,1520,1
opt_ntt,log16_lanes32,production,13,1,4888792.000,100663296,1,1520,1
opt_ntt,log16_lanes32,half_depth,13,1,7545834.000,100663296,1,1520,1
opt_ntt,log16_lanes32,production,14,1,4873458.000,100663296,1,1520,1
opt_ntt,log16_lanes32,depth_first,14,1,5297417.000,100663296,1,1520,1
opt_ntt,log16_lanes32,tiled_half,14,1,5178250.000,100663296,1,1520,1
opt_ntt,log16_lanes32,half_depth,14,1,4964958.000,100663296,1,1520,1
opt_ntt,log16_lanes32,depth_first,15,1,4761959.000,100663296,1,1520,1
opt_ntt,log16_lanes32,production,15,1,5695208.000,100663296,1,1520,1
opt_ntt,log16_lanes32,half_depth,15,1,7992458.000,100663296,1,1520,1
opt_ntt,log16_lanes32,tiled_half,15,1,4836667.000,100663296,1,1520,1
opt_ntt,log16_lanes32,tiled_half,16,1,5419000.000,100663296,1,1520,1
opt_ntt,log16_lanes32,depth_first,16,1,4809916.000,100663296,1,1520,1
opt_ntt,log16_lanes32,half_depth,16,1,5573166.000,100663296,1,1520,1
opt_ntt,log16_lanes32,production,16,1,4850583.000,100663296,1,1520,1
opt_ntt,log16_lanes32,tiled_half,17,1,5636125.000,100663296,1,1520,1
opt_ntt,log16_lanes32,half_depth,17,1,5591291.000,100663296,1,1520,1
opt_ntt,log16_lanes32,depth_first,17,1,5018792.000,100663296,1,1520,1
opt_ntt,log16_lanes32,production,17,1,5098500.000,100663296,1,1520,1
opt_ntt,log16_lanes32,depth_first,18,1,4948875.000,100663296,1,1520,1
opt_ntt,log16_lanes32,tiled_half,18,1,4379000.000,100663296,1,1520,1
opt_ntt,log16_lanes32,production,18,1,5069792.000,100663296,1,1520,1
opt_ntt,log16_lanes32,half_depth,18,1,5044458.000,100663296,1,1520,1
opt_ntt,log16_lanes32,depth_first,19,1,8594875.000,100663296,1,1520,1
opt_ntt,log16_lanes32,half_depth,19,1,4477666.000,100663296,1,1520,1
opt_ntt,log16_lanes32,production,19,1,4783625.000,100663296,1,1520,1
opt_ntt,log16_lanes32,tiled_half,19,1,4731167.000,100663296,1,1520,1
opt_ntt,log16_lanes32,half_depth,20,1,4740792.000,100663296,1,1520,1
opt_ntt,log16_lanes32,depth_first,20,1,4926667.000,100663296,1,1520,1
opt_ntt,log16_lanes32,production,20,1,4839459.000,100663296,1,1520,1
opt_ntt,log16_lanes32,tiled_half,20,1,4912042.000,100663296,1,1520,1
opt_ntt,log16_lanes32,production,21,1,4583125.000,100663296,1,1520,1
opt_ntt,log16_lanes32,half_depth,21,1,4659708.000,100663296,1,1520,1
opt_ntt,log16_lanes32,tiled_half,21,1,4895125.000,100663296,1,1520,1
opt_ntt,log16_lanes32,depth_first,21,1,4829041.000,100663296,1,1520,1
opt_ntt,log16_lanes32,depth_first,22,1,4719958.000,100663296,1,1520,1
opt_ntt,log16_lanes32,tiled_half,22,1,5416750.000,100663296,1,1520,1
opt_ntt,log16_lanes32,production,22,1,6347917.000,100663296,1,1520,1
opt_ntt,log16_lanes32,half_depth,22,1,4525041.000,100663296,1,1520,1
opt_ntt,log16_lanes32,tiled_half,23,1,5647417.000,100663296,1,1520,1
opt_ntt,log16_lanes32,production,23,1,4919833.000,100663296,1,1520,1
opt_ntt,log16_lanes32,depth_first,23,1,4575750.000,100663296,1,1520,1
opt_ntt,log16_lanes32,half_depth,23,1,5275542.000,100663296,1,1520,1
opt_ntt,log16_lanes32,depth_first,24,1,7784083.000,100663296,1,1520,1
opt_ntt,log16_lanes32,production,24,1,4582667.000,100663296,1,1520,1
opt_ntt,log16_lanes32,half_depth,24,1,4646792.000,100663296,1,1520,1
opt_ntt,log16_lanes32,tiled_half,24,1,4644542.000,100663296,1,1520,1
opt_ntt,log16_lanes32,half_depth,25,1,6849000.000,100663296,1,1520,1
opt_ntt,log16_lanes32,production,25,1,4833000.000,100663296,1,1520,1
opt_ntt,log16_lanes32,tiled_half,25,1,4846458.000,100663296,1,1520,1
opt_ntt,log16_lanes32,depth_first,25,1,7184625.000,100663296,1,1520,1
opt_ntt,log16_lanes32,depth_first,26,1,4855667.000,100663296,1,1520,1
opt_ntt,log16_lanes32,production,26,1,4777625.000,100663296,1,1520,1
opt_ntt,log16_lanes32,tiled_half,26,1,4769334.000,100663296,1,1520,1
opt_ntt,log16_lanes32,half_depth,26,1,4574750.000,100663296,1,1520,1
opt_ntt,log16_lanes32,depth_first,27,1,8126667.000,100663296,1,1520,1
opt_ntt,log16_lanes32,tiled_half,27,1,5236916.000,100663296,1,1520,1
opt_ntt,log16_lanes32,half_depth,27,1,4596125.000,100663296,1,1520,1
opt_ntt,log16_lanes32,production,27,1,4406084.000,100663296,1,1520,1
opt_ntt,log16_lanes32,half_depth,28,1,6269500.000,100663296,1,1520,1
opt_ntt,log16_lanes32,tiled_half,28,1,5925500.000,100663296,1,1520,1
opt_ntt,log16_lanes32,production,28,1,4956625.000,100663296,1,1520,1
opt_ntt,log16_lanes32,depth_first,28,1,7695000.000,100663296,1,1520,1
opt_ntt,log16_lanes32,depth_first,29,1,5081209.000,100663296,1,1520,1
opt_ntt,log16_lanes32,production,29,1,5908459.000,100663296,1,1520,1
opt_ntt,log16_lanes32,tiled_half,29,1,4502458.000,100663296,1,1520,1
opt_ntt,log16_lanes32,half_depth,29,1,4570417.000,100663296,1,1520,1
opt_ntt,log16_lanes32,half_depth,30,1,4389042.000,100663296,1,1520,1
opt_ntt,log16_lanes32,tiled_half,30,1,4823500.000,100663296,1,1520,1
opt_ntt,log16_lanes32,depth_first,30,1,4580292.000,100663296,1,1520,1
opt_ntt,log16_lanes32,production,30,1,4555125.000,100663296,1,1520,1
opt_ntt,log16_lanes32,half_depth,31,1,4689667.000,100663296,1,1520,1
opt_ntt,log16_lanes32,tiled_half,31,1,4646709.000,100663296,1,1520,1
opt_ntt,log16_lanes32,production,31,1,5135041.000,100663296,1,1520,1
opt_ntt,log16_lanes32,depth_first,31,1,4624708.000,100663296,1,1520,1
opt_ntt,log18_lanes32,depth_first,0,1,20651125.000,402653184,1,1520,1
opt_ntt,log18_lanes32,production,0,1,21227583.000,402653184,1,1520,1
opt_ntt,log18_lanes32,half_depth,0,1,19725334.000,402653184,1,1520,1
opt_ntt,log18_lanes32,tiled_half,0,1,20131000.000,402653184,1,1520,1
opt_ntt,log18_lanes32,production,1,1,22574542.000,402653184,1,1520,1
opt_ntt,log18_lanes32,half_depth,1,1,21884458.000,402653184,1,1520,1
opt_ntt,log18_lanes32,tiled_half,1,1,22255125.000,402653184,1,1520,1
opt_ntt,log18_lanes32,depth_first,1,1,21937667.000,402653184,1,1520,1
opt_ntt,log18_lanes32,half_depth,2,1,19336750.000,402653184,1,1520,1
opt_ntt,log18_lanes32,tiled_half,2,1,20345917.000,402653184,1,1520,1
opt_ntt,log18_lanes32,depth_first,2,1,19652333.000,402653184,1,1520,1
opt_ntt,log18_lanes32,production,2,1,20558625.000,402653184,1,1520,1
opt_ntt,log18_lanes32,tiled_half,3,1,23359875.000,402653184,1,1520,1
opt_ntt,log18_lanes32,depth_first,3,1,20174959.000,402653184,1,1520,1
opt_ntt,log18_lanes32,production,3,1,29536125.000,402653184,1,1520,1
opt_ntt,log18_lanes32,half_depth,3,1,19709958.000,402653184,1,1520,1
opt_ntt,log18_lanes32,tiled_half,4,1,20165667.000,402653184,1,1520,1
opt_ntt,log18_lanes32,depth_first,4,1,20933041.000,402653184,1,1520,1
opt_ntt,log18_lanes32,half_depth,4,1,19270417.000,402653184,1,1520,1
opt_ntt,log18_lanes32,production,4,1,21203584.000,402653184,1,1520,1
opt_ntt,log18_lanes32,production,5,1,29530375.000,402653184,1,1520,1
opt_ntt,log18_lanes32,tiled_half,5,1,24245667.000,402653184,1,1520,1
opt_ntt,log18_lanes32,depth_first,5,1,23360584.000,402653184,1,1520,1
opt_ntt,log18_lanes32,half_depth,5,1,22825708.000,402653184,1,1520,1
opt_ntt,log18_lanes32,depth_first,6,1,24396750.000,402653184,1,1520,1
opt_ntt,log18_lanes32,tiled_half,6,1,36691458.000,402653184,1,1520,1
opt_ntt,log18_lanes32,production,6,1,24243875.000,402653184,1,1520,1
opt_ntt,log18_lanes32,half_depth,6,1,25528334.000,402653184,1,1520,1
opt_ntt,log18_lanes32,tiled_half,7,1,22527167.000,402653184,1,1520,1
opt_ntt,log18_lanes32,production,7,1,22021791.000,402653184,1,1520,1
opt_ntt,log18_lanes32,half_depth,7,1,19724041.000,402653184,1,1520,1
opt_ntt,log18_lanes32,depth_first,7,1,21039208.000,402653184,1,1520,1
opt_ntt,log18_lanes32,tiled_half,8,1,20456000.000,402653184,1,1520,1
opt_ntt,log18_lanes32,production,8,1,22392500.000,402653184,1,1520,1
opt_ntt,log18_lanes32,half_depth,8,1,21599833.000,402653184,1,1520,1
opt_ntt,log18_lanes32,depth_first,8,1,20528750.000,402653184,1,1520,1
opt_ntt,log18_lanes32,half_depth,9,1,19050625.000,402653184,1,1520,1
opt_ntt,log18_lanes32,depth_first,9,1,19964959.000,402653184,1,1520,1
opt_ntt,log18_lanes32,production,9,1,19688667.000,402653184,1,1520,1
opt_ntt,log18_lanes32,tiled_half,9,1,20799916.000,402653184,1,1520,1
opt_ntt,log18_lanes32,half_depth,10,1,19953292.000,402653184,1,1520,1
opt_ntt,log18_lanes32,tiled_half,10,1,19184416.000,402653184,1,1520,1
opt_ntt,log18_lanes32,production,10,1,21107834.000,402653184,1,1520,1
opt_ntt,log18_lanes32,depth_first,10,1,20754916.000,402653184,1,1520,1
opt_ntt,log18_lanes32,production,11,1,20135750.000,402653184,1,1520,1
opt_ntt,log18_lanes32,tiled_half,11,1,19935292.000,402653184,1,1520,1
opt_ntt,log18_lanes32,depth_first,11,1,20765000.000,402653184,1,1520,1
opt_ntt,log18_lanes32,half_depth,11,1,19754333.000,402653184,1,1520,1
opt_ntt,log18_lanes32,depth_first,12,1,21952000.000,402653184,1,1520,1
opt_ntt,log18_lanes32,production,12,1,26786125.000,402653184,1,1520,1
opt_ntt,log18_lanes32,half_depth,12,1,22534083.000,402653184,1,1520,1
opt_ntt,log18_lanes32,tiled_half,12,1,21820000.000,402653184,1,1520,1
opt_ntt,log18_lanes32,half_depth,13,1,19660542.000,402653184,1,1520,1
opt_ntt,log18_lanes32,tiled_half,13,1,21677209.000,402653184,1,1520,1
opt_ntt,log18_lanes32,depth_first,13,1,22696541.000,402653184,1,1520,1
opt_ntt,log18_lanes32,production,13,1,21991792.000,402653184,1,1520,1
opt_ntt,log18_lanes32,depth_first,14,1,20980667.000,402653184,1,1520,1
opt_ntt,log18_lanes32,half_depth,14,1,22041833.000,402653184,1,1520,1
opt_ntt,log18_lanes32,tiled_half,14,1,21087667.000,402653184,1,1520,1
opt_ntt,log18_lanes32,production,14,1,23429875.000,402653184,1,1520,1
opt_ntt,log18_lanes32,production,15,1,23681292.000,402653184,1,1520,1
opt_ntt,log18_lanes32,depth_first,15,1,19764500.000,402653184,1,1520,1
opt_ntt,log18_lanes32,half_depth,15,1,20123250.000,402653184,1,1520,1
opt_ntt,log18_lanes32,tiled_half,15,1,24860042.000,402653184,1,1520,1
opt_ntt,log18_lanes32,production,16,1,21276791.000,402653184,1,1520,1
opt_ntt,log18_lanes32,half_depth,16,1,20103167.000,402653184,1,1520,1
opt_ntt,log18_lanes32,depth_first,16,1,21695125.000,402653184,1,1520,1
opt_ntt,log18_lanes32,tiled_half,16,1,19813583.000,402653184,1,1520,1
opt_ntt,log18_lanes32,half_depth,17,1,19803084.000,402653184,1,1520,1
opt_ntt,log18_lanes32,tiled_half,17,1,20095625.000,402653184,1,1520,1
opt_ntt,log18_lanes32,depth_first,17,1,21438458.000,402653184,1,1520,1
opt_ntt,log18_lanes32,production,17,1,21480666.000,402653184,1,1520,1
opt_ntt,log18_lanes32,tiled_half,18,1,20416375.000,402653184,1,1520,1
opt_ntt,log18_lanes32,production,18,1,20075542.000,402653184,1,1520,1
opt_ntt,log18_lanes32,depth_first,18,1,22221750.000,402653184,1,1520,1
opt_ntt,log18_lanes32,half_depth,18,1,20663125.000,402653184,1,1520,1
opt_ntt,log18_lanes32,tiled_half,19,1,24635417.000,402653184,1,1520,1
opt_ntt,log18_lanes32,production,19,1,23660667.000,402653184,1,1520,1
opt_ntt,log18_lanes32,depth_first,19,1,20871666.000,402653184,1,1520,1
opt_ntt,log18_lanes32,half_depth,19,1,18831083.000,402653184,1,1520,1
opt_ntt,log18_lanes32,depth_first,20,1,21718250.000,402653184,1,1520,1
opt_ntt,log18_lanes32,half_depth,20,1,20704167.000,402653184,1,1520,1
opt_ntt,log18_lanes32,production,20,1,21989750.000,402653184,1,1520,1
opt_ntt,log18_lanes32,tiled_half,20,1,21518542.000,402653184,1,1520,1
opt_ntt,log18_lanes32,tiled_half,21,1,21602667.000,402653184,1,1520,1
opt_ntt,log18_lanes32,half_depth,21,1,20776292.000,402653184,1,1520,1
opt_ntt,log18_lanes32,depth_first,21,1,20592375.000,402653184,1,1520,1
opt_ntt,log18_lanes32,production,21,1,21731750.000,402653184,1,1520,1
opt_ntt,log18_lanes32,depth_first,22,1,20824583.000,402653184,1,1520,1
opt_ntt,log18_lanes32,production,22,1,26202542.000,402653184,1,1520,1
opt_ntt,log18_lanes32,half_depth,22,1,20044958.000,402653184,1,1520,1
opt_ntt,log18_lanes32,tiled_half,22,1,19882042.000,402653184,1,1520,1
opt_ntt,log18_lanes32,tiled_half,23,1,21471708.000,402653184,1,1520,1
opt_ntt,log18_lanes32,production,23,1,21365583.000,402653184,1,1520,1
opt_ntt,log18_lanes32,half_depth,23,1,19322459.000,402653184,1,1520,1
opt_ntt,log18_lanes32,depth_first,23,1,20812125.000,402653184,1,1520,1
opt_ntt,log18_lanes32,depth_first,24,1,21367292.000,402653184,1,1520,1
opt_ntt,log18_lanes32,half_depth,24,1,20870208.000,402653184,1,1520,1
opt_ntt,log18_lanes32,production,24,1,22691542.000,402653184,1,1520,1
opt_ntt,log18_lanes32,tiled_half,24,1,21473417.000,402653184,1,1520,1
opt_ntt,log18_lanes32,depth_first,25,1,23657583.000,402653184,1,1520,1
opt_ntt,log18_lanes32,half_depth,25,1,21242708.000,402653184,1,1520,1
opt_ntt,log18_lanes32,tiled_half,25,1,20169958.000,402653184,1,1520,1
opt_ntt,log18_lanes32,production,25,1,30207042.000,402653184,1,1520,1
opt_ntt,log18_lanes32,tiled_half,26,1,29844209.000,402653184,1,1520,1
opt_ntt,log18_lanes32,half_depth,26,1,19732334.000,402653184,1,1520,1
opt_ntt,log18_lanes32,depth_first,26,1,23995583.000,402653184,1,1520,1
opt_ntt,log18_lanes32,production,26,1,27706041.000,402653184,1,1520,1
opt_ntt,log18_lanes32,tiled_half,27,1,20257708.000,402653184,1,1520,1
opt_ntt,log18_lanes32,production,27,1,25296375.000,402653184,1,1520,1
opt_ntt,log18_lanes32,half_depth,27,1,21501250.000,402653184,1,1520,1
opt_ntt,log18_lanes32,depth_first,27,1,21031917.000,402653184,1,1520,1
opt_ntt,log18_lanes32,tiled_half,28,1,21532250.000,402653184,1,1520,1
opt_ntt,log18_lanes32,half_depth,28,1,22721000.000,402653184,1,1520,1
opt_ntt,log18_lanes32,production,28,1,20907584.000,402653184,1,1520,1
opt_ntt,log18_lanes32,depth_first,28,1,20099125.000,402653184,1,1520,1
opt_ntt,log18_lanes32,depth_first,29,1,21770833.000,402653184,1,1520,1
opt_ntt,log18_lanes32,half_depth,29,1,20613833.000,402653184,1,1520,1
opt_ntt,log18_lanes32,production,29,1,21131666.000,402653184,1,1520,1
opt_ntt,log18_lanes32,tiled_half,29,1,20168417.000,402653184,1,1520,1
opt_ntt,log18_lanes32,half_depth,30,1,19833833.000,402653184,1,1520,1
opt_ntt,log18_lanes32,tiled_half,30,1,21634167.000,402653184,1,1520,1
opt_ntt,log18_lanes32,production,30,1,27656292.000,402653184,1,1520,1
opt_ntt,log18_lanes32,depth_first,30,1,24860375.000,402653184,1,1520,1
opt_ntt,log18_lanes32,production,31,1,21184291.000,402653184,1,1520,1
opt_ntt,log18_lanes32,depth_first,31,1,23875375.000,402653184,1,1520,1
opt_ntt,log18_lanes32,tiled_half,31,1,22700750.000,402653184,1,1520,1
opt_ntt,log18_lanes32,half_depth,31,1,19531084.000,402653184,1,1520,1
opt_pack,logs9_9,tiled_write,0,128,568.031,16384,1,16384,1
opt_pack,logs9_9,production,0,128,74351.242,16384,2,17904,1
opt_pack,logs9_9,single_write,0,128,728.516,16384,1,16384,1
opt_pack,logs9_9,tiled_write,1,128,583.656,16384,1,16384,1
opt_pack,logs9_9,production,1,128,39864.906,16384,2,17904,1
opt_pack,logs9_9,single_write,1,128,730.797,16384,1,16384,1
opt_pack,logs9_9,tiled_write,2,128,589.188,16384,1,16384,1
opt_pack,logs9_9,production,2,128,35352.211,16384,2,17904,1
opt_pack,logs9_9,single_write,2,128,755.203,16384,1,16384,1
opt_pack,logs9_9,tiled_write,3,128,593.102,16384,1,16384,1
opt_pack,logs9_9,production,3,128,32444.016,16384,2,17904,1
opt_pack,logs9_9,single_write,3,128,734.703,16384,1,16384,1
opt_pack,logs9_9,single_write,4,128,717.773,16384,1,16384,1
opt_pack,logs9_9,tiled_write,4,128,581.711,16384,1,16384,1
opt_pack,logs9_9,production,4,128,36726.234,16384,2,17904,1
opt_pack,logs9_9,single_write,5,128,730.141,16384,1,16384,1
opt_pack,logs9_9,production,5,128,37696.938,16384,2,17904,1
opt_pack,logs9_9,tiled_write,5,128,616.539,16384,1,16384,1
opt_pack,logs9_9,tiled_write,6,128,718.102,16384,1,16384,1
opt_pack,logs9_9,single_write,6,128,770.836,16384,1,16384,1
opt_pack,logs9_9,production,6,128,34606.445,16384,2,17904,1
opt_pack,logs9_9,tiled_write,7,128,627.609,16384,1,16384,1
opt_pack,logs9_9,single_write,7,128,721.680,16384,1,16384,1
opt_pack,logs9_9,production,7,128,33561.844,16384,2,17904,1
opt_pack,logs9_9,single_write,8,128,753.906,16384,1,16384,1
opt_pack,logs9_9,production,8,128,32381.188,16384,2,17904,1
opt_pack,logs9_9,tiled_write,8,128,611.656,16384,1,16384,1
opt_pack,logs9_9,production,9,128,34122.719,16384,2,17904,1
opt_pack,logs9_9,tiled_write,9,128,604.164,16384,1,16384,1
opt_pack,logs9_9,single_write,9,128,716.141,16384,1,16384,1
opt_pack,logs9_9,single_write,10,128,718.422,16384,1,16384,1
opt_pack,logs9_9,production,10,128,31512.695,16384,2,17904,1
opt_pack,logs9_9,tiled_write,10,128,626.305,16384,1,16384,1
opt_pack,logs9_9,single_write,11,128,722.008,16384,1,16384,1
opt_pack,logs9_9,tiled_write,11,128,586.586,16384,1,16384,1
opt_pack,logs9_9,production,11,128,32432.945,16384,2,17904,1
opt_pack,logs9_9,tiled_write,12,128,607.750,16384,1,16384,1
opt_pack,logs9_9,production,12,128,33658.531,16384,2,17904,1
opt_pack,logs9_9,single_write,12,128,728.188,16384,1,16384,1
opt_pack,logs9_9,tiled_write,13,128,592.117,16384,1,16384,1
opt_pack,logs9_9,production,13,128,36209.312,16384,2,17904,1
opt_pack,logs9_9,single_write,13,128,735.680,16384,1,16384,1
opt_pack,logs9_9,tiled_write,14,128,597.000,16384,1,16384,1
opt_pack,logs9_9,single_write,14,128,717.125,16384,1,16384,1
opt_pack,logs9_9,production,14,128,38799.156,16384,2,17904,1
opt_pack,logs9_9,single_write,15,128,790.039,16384,1,16384,1
opt_pack,logs9_9,tiled_write,15,128,739.914,16384,1,16384,1
opt_pack,logs9_9,production,15,128,38610.031,16384,2,17904,1
opt_pack,logs9_9,production,16,128,34567.062,16384,2,17904,1
opt_pack,logs9_9,tiled_write,16,128,599.281,16384,1,16384,1
opt_pack,logs9_9,single_write,16,128,713.539,16384,1,16384,1
opt_pack,logs9_9,production,17,128,35940.430,16384,2,17904,1
opt_pack,logs9_9,single_write,17,128,731.773,16384,1,16384,1
opt_pack,logs9_9,tiled_write,17,128,583.984,16384,1,16384,1
opt_pack,logs9_9,tiled_write,18,128,572.586,16384,1,16384,1
opt_pack,logs9_9,production,18,128,28015.297,16384,2,17904,1
opt_pack,logs9_9,single_write,18,128,736.648,16384,1,16384,1
opt_pack,logs9_9,tiled_write,19,128,589.523,16384,1,16384,1
opt_pack,logs9_9,single_write,19,128,707.031,16384,1,16384,1
opt_pack,logs9_9,production,19,128,37885.094,16384,2,17904,1
opt_pack,logs9_9,tiled_write,20,128,626.953,16384,1,16384,1
opt_pack,logs9_9,production,20,128,36565.109,16384,2,17904,1
opt_pack,logs9_9,single_write,20,128,761.398,16384,1,16384,1
opt_pack,logs9_9,production,21,128,34677.734,16384,2,17904,1
opt_pack,logs9_9,tiled_write,21,128,589.188,16384,1,16384,1
opt_pack,logs9_9,single_write,21,128,714.523,16384,1,16384,1
opt_pack,logs9_9,production,22,128,36724.281,16384,2,17904,1
opt_pack,logs9_9,tiled_write,22,128,623.703,16384,1,16384,1
opt_pack,logs9_9,single_write,22,128,713.539,16384,1,16384,1
opt_pack,logs9_9,tiled_write,23,128,595.055,16384,1,16384,1
opt_pack,logs9_9,production,23,128,35829.750,16384,2,17904,1
opt_pack,logs9_9,single_write,23,128,739.578,16384,1,16384,1
opt_pack,logs9_9,single_write,24,128,724.938,16384,1,16384,1
opt_pack,logs9_9,tiled_write,24,128,704.102,16384,1,16384,1
opt_pack,logs9_9,production,24,128,30768.555,16384,2,17904,1
opt_pack,logs9_9,production,25,128,33906.906,16384,2,17904,1
opt_pack,logs9_9,tiled_write,25,128,651.367,16384,1,16384,1
opt_pack,logs9_9,single_write,25,128,729.164,16384,1,16384,1
opt_pack,logs9_9,tiled_write,26,128,601.242,16384,1,16384,1
opt_pack,logs9_9,single_write,26,128,713.539,16384,1,16384,1
opt_pack,logs9_9,production,26,128,31599.609,16384,2,17904,1
opt_pack,logs9_9,production,27,128,31458.008,16384,2,17904,1
opt_pack,logs9_9,tiled_write,27,128,681.641,16384,1,16384,1
opt_pack,logs9_9,single_write,27,128,1006.508,16384,1,16384,1
opt_pack,logs9_9,production,28,128,34721.352,16384,2,17904,1
opt_pack,logs9_9,single_write,28,128,733.727,16384,1,16384,1
opt_pack,logs9_9,tiled_write,28,128,587.891,16384,1,16384,1
opt_pack,logs9_9,single_write,29,128,707.688,16384,1,16384,1
opt_pack,logs9_9,tiled_write,29,128,585.609,16384,1,16384,1
opt_pack,logs9_9,production,29,128,24865.883,16384,2,17904,1
opt_pack,logs9_9,tiled_write,30,128,689.453,16384,1,16384,1
opt_pack,logs9_9,single_write,30,128,720.375,16384,1,16384,1
opt_pack,logs9_9,production,30,128,32633.469,16384,2,17904,1
opt_pack,logs9_9,tiled_write,31,128,600.914,16384,1,16384,1
opt_pack,logs9_9,production,31,128,34517.578,16384,2,17904,1
opt_pack,logs9_9,single_write,31,128,732.422,16384,1,16384,1
opt_packed_ood,logs9_9,single_write_ood,0,64,2929.031,32768,3,32784,1
opt_packed_ood,logs9_9,tiled_indexed_ood,0,64,2841.797,32768,3,32784,1
opt_packed_ood,logs9_9,production,0,64,56682.281,32768,15,50736,1
opt_packed_ood,logs9_9,production,1,64,57488.922,32768,15,50736,1
opt_packed_ood,logs9_9,single_write_ood,1,64,2984.375,32768,3,32784,1
opt_packed_ood,logs9_9,tiled_indexed_ood,1,64,3003.266,32768,3,32784,1
opt_packed_ood,logs9_9,single_write_ood,2,64,2926.438,32768,3,32784,1
opt_packed_ood,logs9_9,production,2,64,58977.219,32768,15,50736,1
opt_packed_ood,logs9_9,tiled_indexed_ood,2,64,3124.344,32768,3,32784,1
opt_packed_ood,logs9_9,production,3,64,63895.828,32768,15,50736,1
opt_packed_ood,logs9_9,tiled_indexed_ood,3,64,2977.203,32768,3,32784,1
opt_packed_ood,logs9_9,single_write_ood,3,64,2987.625,32768,3,32784,1
opt_packed_ood,logs9_9,production,4,64,63078.125,32768,15,50736,1
opt_packed_ood,logs9_9,tiled_indexed_ood,4,64,2992.188,32768,3,32784,1
opt_packed_ood,logs9_9,single_write_ood,4,64,3033.859,32768,3,32784,1
opt_packed_ood,logs9_9,production,5,64,63435.547,32768,15,50736,1
opt_packed_ood,logs9_9,single_write_ood,5,64,2990.234,32768,3,32784,1
opt_packed_ood,logs9_9,tiled_indexed_ood,5,64,2883.469,32768,3,32784,1
opt_packed_ood,logs9_9,production,6,64,60080.078,32768,15,50736,1
opt_packed_ood,logs9_9,single_write_ood,6,64,3030.609,32768,3,32784,1
opt_packed_ood,logs9_9,tiled_indexed_ood,6,64,2935.547,32768,3,32784,1
opt_packed_ood,logs9_9,production,7,64,55861.984,32768,15,50736,1
opt_packed_ood,logs9_9,single_write_ood,7,64,2992.844,32768,3,32784,1
opt_packed_ood,logs9_9,tiled_indexed_ood,7,64,2865.875,32768,3,32784,1
opt_packed_ood,logs9_9,tiled_indexed_ood,8,64,2845.703,32768,3,32784,1
opt_packed_ood,logs9_9,single_write_ood,8,64,2936.859,32768,3,32784,1
opt_packed_ood,logs9_9,production,8,64,60442.062,32768,15,50736,1
opt_packed_ood,logs9_9,single_write_ood,9,64,3038.406,32768,3,32784,1
opt_packed_ood,logs9_9,production,9,64,65853.516,32768,15,50736,1
opt_packed_ood,logs9_9,tiled_indexed_ood,9,64,3000.000,32768,3,32784,1
opt_packed_ood,logs9_9,production,10,64,56188.797,32768,15,50736,1
opt_packed_ood,logs9_9,single_write_ood,10,64,3007.156,32768,3,32784,1
opt_packed_ood,logs9_9,tiled_indexed_ood,10,64,2888.016,32768,3,32784,1
opt_packed_ood,logs9_9,tiled_indexed_ood,11,64,2862.625,32768,3,32784,1
opt_packed_ood,logs9_9,production,11,64,52772.125,32768,15,50736,1
opt_packed_ood,logs9_9,single_write_ood,11,64,3011.062,32768,3,32784,1
opt_packed_ood,logs9_9,tiled_indexed_ood,12,64,3378.250,32768,3,32784,1
opt_packed_ood,logs9_9,production,12,64,69839.844,32768,15,50736,1
opt_packed_ood,logs9_9,single_write_ood,12,64,2981.766,32768,3,32784,1
opt_packed_ood,logs9_9,production,13,64,64179.031,32768,15,50736,1
opt_packed_ood,logs9_9,single_write_ood,13,64,2988.938,32768,3,32784,1
opt_packed_ood,logs9_9,tiled_indexed_ood,13,64,2923.172,32768,3,32784,1
opt_packed_ood,logs9_9,single_write_ood,14,64,2925.141,32768,3,32784,1
opt_packed_ood,logs9_9,production,14,64,68329.422,32768,15,50736,1
opt_packed_ood,logs9_9,tiled_indexed_ood,14,64,3053.391,32768,3,32784,1
opt_packed_ood,logs9_9,production,15,64,63738.281,32768,15,50736,1
opt_packed_ood,logs9_9,tiled_indexed_ood,15,64,2956.375,32768,3,32784,1
opt_packed_ood,logs9_9,single_write_ood,15,64,2964.844,32768,3,32784,1
opt_packed_ood,logs9_9,tiled_indexed_ood,16,64,2910.812,32768,3,32784,1
opt_packed_ood,logs9_9,production,16,64,59253.906,32768,15,50736,1
opt_packed_ood,logs9_9,single_write_ood,16,64,3000.000,32768,3,32784,1
opt_packed_ood,logs9_9,single_write_ood,17,64,2919.266,32768,3,32784,1
opt_packed_ood,logs9_9,tiled_indexed_ood,17,64,2890.625,32768,3,32784,1
opt_packed_ood,logs9_9,production,17,64,58197.922,32768,15,50736,1
opt_packed_ood,logs9_9,single_write_ood,18,64,2956.375,32768,3,32784,1
opt_packed_ood,logs9_9,tiled_indexed_ood,18,64,2882.156,32768,3,32784,1
opt_packed_ood,logs9_9,production,18,64,61136.062,32768,15,50736,1
opt_packed_ood,logs9_9,single_write_ood,19,64,2992.188,32768,3,32784,1
opt_packed_ood,logs9_9,production,19,64,63484.375,32768,15,50736,1
opt_packed_ood,logs9_9,tiled_indexed_ood,19,64,2962.234,32768,3,32784,1
opt_packed_ood,logs9_9,single_write_ood,20,64,3000.641,32768,3,32784,1
opt_packed_ood,logs9_9,tiled_indexed_ood,20,64,2895.828,32768,3,32784,1
opt_packed_ood,logs9_9,production,20,64,166230.469,32768,15,50736,1
opt_packed_ood,logs9_9,tiled_indexed_ood,21,64,2965.500,32768,3,32784,1
opt_packed_ood,logs9_9,production,21,64,61576.828,32768,15,50736,1
opt_packed_ood,logs9_9,single_write_ood,21,64,3006.516,32768,3,32784,1
opt_packed_ood,logs9_9,production,22,64,104713.531,32768,15,50736,1
opt_packed_ood,logs9_9,single_write_ood,22,64,2977.859,32768,3,32784,1
opt_packed_ood,logs9_9,tiled_indexed_ood,22,64,2868.484,32768,3,32784,1
opt_packed_ood,logs9_9,production,23,64,60966.141,32768,15,50736,1
opt_packed_ood,logs9_9,tiled_indexed_ood,23,64,3073.562,32768,3,32784,1
opt_packed_ood,logs9_9,single_write_ood,23,64,3011.078,32768,3,32784,1
opt_packed_ood,logs9_9,tiled_indexed_ood,24,64,2847.000,32768,3,32784,1
opt_packed_ood,logs9_9,production,24,64,52820.312,32768,15,50736,1
opt_packed_ood,logs9_9,single_write_ood,24,64,3061.859,32768,3,32784,1
opt_packed_ood,logs9_9,tiled_indexed_ood,25,64,2983.719,32768,3,32784,1
opt_packed_ood,logs9_9,production,25,64,55156.250,32768,15,50736,1
opt_packed_ood,logs9_9,single_write_ood,25,64,3055.328,32768,3,32784,1
opt_packed_ood,logs9_9,tiled_indexed_ood,26,64,2960.938,32768,3,32784,1
opt_packed_ood,logs9_9,single_write_ood,26,64,2998.703,32768,3,32784,1
opt_packed_ood,logs9_9,production,26,64,59933.594,32768,15,50736,1
opt_packed_ood,logs9_9,production,27,64,65841.156,32768,15,50736,1
opt_packed_ood,logs9_9,tiled_indexed_ood,27,64,3074.875,32768,3,32784,1
opt_packed_ood,logs9_9,single_write_ood,27,64,3060.547,32768,3,32784,1
opt_packed_ood,logs9_9,single_write_ood,28,64,2929.047,32768,3,32784,1
opt_packed_ood,logs9_9,tiled_indexed_ood,28,64,2857.422,32768,3,32784,1
opt_packed_ood,logs9_9,production,28,64,60001.953,32768,15,50736,1
opt_packed_ood,logs9_9,single_write_ood,29,64,3019.531,32768,3,32784,1
opt_packed_ood,logs9_9,tiled_indexed_ood,29,64,2895.172,32768,3,32784,1
opt_packed_ood,logs9_9,production,29,64,61710.938,32768,15,50736,1
opt_packed_ood,logs9_9,production,30,64,58838.547,32768,15,50736,1
opt_packed_ood,logs9_9,single_write_ood,30,64,2995.438,32768,3,32784,1
opt_packed_ood,logs9_9,tiled_indexed_ood,30,64,2899.734,32768,3,32784,1
opt_packed_ood,logs9_9,production,31,64,61027.344,32768,15,50736,1
opt_packed_ood,logs9_9,tiled_indexed_ood,31,64,2904.938,32768,3,32784,1
opt_packed_ood,logs9_9,single_write_ood,31,64,2956.375,32768,3,32784,1
opt_pack,logs16_14,single_write,0,16,97645.875,2097152,1,2097152,1
opt_pack,logs16_14,production,0,16,186890.625,2097152,2,2098672,1
opt_pack,logs16_14,tiled_write,0,16,84067.688,2097152,2,2098672,1
opt_pack,logs16_14,production,1,16,186117.188,2097152,2,2098672,1
opt_pack,logs16_14,single_write,1,16,94330.750,2097152,1,2097152,1
opt_pack,logs16_14,tiled_write,1,16,85919.250,2097152,2,2098672,1
opt_pack,logs16_14,production,2,16,219010.438,2097152,2,2098672,1
opt_pack,logs16_14,tiled_write,2,16,81119.750,2097152,2,2098672,1
opt_pack,logs16_14,single_write,2,16,93375.000,2097152,1,2097152,1
opt_pack,logs16_14,single_write,3,16,93630.250,2097152,1,2097152,1
opt_pack,logs16_14,tiled_write,3,16,85916.625,2097152,2,2098672,1
opt_pack,logs16_14,production,3,16,208700.500,2097152,2,2098672,1
opt_pack,logs16_14,tiled_write,4,16,82424.500,2097152,2,2098672,1
opt_pack,logs16_14,production,4,16,177367.188,2097152,2,2098672,1
opt_pack,logs16_14,single_write,4,16,100075.562,2097152,1,2097152,1
opt_pack,logs16_14,production,5,16,189091.125,2097152,2,2098672,1
opt_pack,logs16_14,single_write,5,16,97700.500,2097152,1,2097152,1
opt_pack,logs16_14,tiled_write,5,16,94669.250,2097152,2,2098672,1
opt_pack,logs16_14,tiled_write,6,16,71434.938,2097152,2,2098672,1
opt_pack,logs16_14,production,6,16,186684.875,2097152,2,2098672,1
opt_pack,logs16_14,single_write,6,16,93023.438,2097152,1,2097152,1
opt_pack,logs16_14,tiled_write,7,16,85531.250,2097152,2,2098672,1
opt_pack,logs16_14,production,7,16,175731.750,2097152,2,2098672,1
opt_pack,logs16_14,single_write,7,16,93682.312,2097152,1,2097152,1
opt_pack,logs16_14,tiled_write,8,16,79424.500,2097152,2,2098672,1
opt_pack,logs16_14,production,8,16,170898.438,2097152,2,2098672,1
opt_pack,logs16_14,single_write,8,16,92125.000,2097152,1,2097152,1
opt_pack,logs16_14,single_write,9,16,93661.438,2097152,1,2097152,1
opt_pack,logs16_14,production,9,16,180679.688,2097152,2,2098672,1
opt_pack,logs16_14,tiled_write,9,16,62466.125,2097152,2,2098672,1
opt_pack,logs16_14,single_write,10,16,90473.938,2097152,1,2097152,1
opt_pack,logs16_14,production,10,16,164934.938,2097152,2,2098672,1
opt_pack,logs16_14,tiled_write,10,16,76799.500,2097152,2,2098672,1
opt_pack,logs16_14,single_write,11,16,94010.375,2097152,1,2097152,1
opt_pack,logs16_14,tiled_write,11,16,68481.750,2097152,2,2098672,1
opt_pack,logs16_14,production,11,16,181364.562,2097152,2,2098672,1
opt_pack,logs16_14,production,12,16,207992.188,2097152,2,2098672,1
opt_pack,logs16_14,single_write,12,16,97515.625,2097152,1,2097152,1
opt_pack,logs16_14,tiled_write,12,16,95325.500,2097152,2,2098672,1
opt_pack,logs16_14,tiled_write,13,16,98109.375,2097152,2,2098672,1
opt_pack,logs16_14,single_write,13,16,91375.000,2097152,1,2097152,1
opt_pack,logs16_14,production,13,16,157419.312,2097152,2,2098672,1
opt_pack,logs16_14,single_write,14,16,94875.000,2097152,1,2097152,1
opt_pack,logs16_14,tiled_write,14,16,65539.062,2097152,2,2098672,1
opt_pack,logs16_14,production,14,16,176661.500,2097152,2,2098672,1
opt_pack,logs16_14,tiled_write,15,16,87632.812,2097152,2,2098672,1
opt_pack,logs16_14,single_write,15,16,96106.750,2097152,1,2097152,1
opt_pack,logs16_14,production,15,16,199523.438,2097152,2,2098672,1
opt_pack,logs16_14,tiled_write,16,16,72869.812,2097152,2,2098672,1
opt_pack,logs16_14,production,16,16,226885.438,2097152,2,2098672,1
opt_pack,logs16_14,single_write,16,16,90843.750,2097152,1,2097152,1
opt_pack,logs16_14,production,17,16,186223.938,2097152,2,2098672,1
opt_pack,logs16_14,tiled_write,17,16,82638.062,2097152,2,2098672,1
opt_pack,logs16_14,single_write,17,16,96080.750,2097152,1,2097152,1
opt_pack,logs16_14,single_write,18,16,93929.688,2097152,1,2097152,1
opt_pack,logs16_14,production,18,16,182726.562,2097152,2,2098672,1
opt_pack,logs16_14,tiled_write,18,16,56898.438,2097152,2,2098672,1
opt_pack,logs16_14,production,19,16,205971.375,2097152,2,2098672,1
opt_pack,logs16_14,single_write,19,16,95122.438,2097152,1,2097152,1
opt_pack,logs16_14,tiled_write,19,16,93700.500,2097152,2,2098672,1
opt_pack,logs16_14,tiled_write,20,16,60000.000,2097152,2,2098672,1
opt_pack,logs16_14,single_write,20,16,90515.625,2097152,1,2097152,1
opt_pack,logs16_14,production,20,16,223117.188,2097152,2,2098672,1
opt_pack,logs16_14,single_write,21,16,91820.312,2097152,1,2097152,1
opt_pack,logs16_14,tiled_write,21,16,66401.062,2097152,2,2098672,1
opt_pack,logs16_14,production,21,16,188755.188,2097152,2,2098672,1
opt_pack,logs16_14,production,22,16,180895.812,2097152,2,2098672,1
opt_pack,logs16_14,single_write,22,16,94815.125,2097152,1,2097152,1
opt_pack,logs16_14,tiled_write,22,16,64562.500,2097152,2,2098672,1
opt_pack,logs16_14,single_write,23,16,94757.812,2097152,1,2097152,1
opt_pack,logs16_14,production,23,16,180622.375,2097152,2,2098672,1
opt_pack,logs16_14,tiled_write,23,16,76226.562,2097152,2,2098672,1
opt_pack,logs16_14,single_write,24,16,95497.375,2097152,1,2097152,1
opt_pack,logs16_14,tiled_write,24,16,72250.000,2097152,2,2098672,1
opt_pack,logs16_14,production,24,16,198638.000,2097152,2,2098672,1
opt_pack,logs16_14,single_write,25,16,96106.750,2097152,1,2097152,1
opt_pack,logs16_14,production,25,16,210406.250,2097152,2,2098672,1
opt_pack,logs16_14,tiled_write,25,16,93861.938,2097152,2,2098672,1
opt_pack,logs16_14,tiled_write,26,16,63500.000,2097152,2,2098672,1
opt_pack,logs16_14,production,26,16,211291.688,2097152,2,2098672,1
opt_pack,logs16_14,single_write,26,16,98877.562,2097152,1,2097152,1
opt_pack,logs16_14,single_write,27,16,97348.938,2097152,1,2097152,1
opt_pack,logs16_14,tiled_write,27,16,98445.312,2097152,2,2098672,1
opt_pack,logs16_14,production,27,16,140841.125,2097152,2,2098672,1
opt_pack,logs16_14,production,28,16,206809.875,2097152,2,2098672,1
opt_pack,logs16_14,tiled_write,28,16,86434.875,2097152,2,2098672,1
opt_pack,logs16_14,single_write,28,16,99276.000,2097152,1,2097152,1
opt_pack,logs16_14,single_write,29,16,92062.500,2097152,1,2097152,1
opt_pack,logs16_14,tiled_write,29,16,64768.250,2097152,2,2098672,1
opt_pack,logs16_14,production,29,16,203031.250,2097152,2,2098672,1
opt_pack,logs16_14,production,30,16,176388.000,2097152,2,2098672,1
opt_pack,logs16_14,tiled_write,30,16,75101.562,2097152,2,2098672,1
opt_pack,logs16_14,single_write,30,16,95502.625,2097152,1,2097152,1
opt_pack,logs16_14,production,31,16,191278.688,2097152,2,2098672,1
opt_pack,logs16_14,tiled_write,31,16,67276.000,2097152,2,2098672,1
opt_pack,logs16_14,single_write,31,16,99765.625,2097152,1,2097152,1
opt_packed_ood,logs16_14,single_write_ood,0,16,258653.625,4194304,4,2164720,1
opt_packed_ood,logs16_14,tiled_indexed_ood,0,16,183434.875,4194304,4,2164720,1
opt_packed_ood,logs16_14,production,0,16,331065.062,4194304,22,2231248,1
opt_packed_ood,logs16_14,single_write_ood,1,16,247065.062,4194304,4,2164720,1
opt_packed_ood,logs16_14,production,1,16,281934.875,4194304,22,2231248,1
opt_packed_ood,logs16_14,tiled_indexed_ood,1,16,186164.062,4194304,4,2164720,1
opt_packed_ood,logs16_14,single_write_ood,2,16,264820.312,4194304,4,2164720,1
opt_packed_ood,logs16_14,tiled_indexed_ood,2,16,162947.938,4194304,4,2164720,1
opt_packed_ood,logs16_14,production,2,16,243169.312,4194304,22,2231248,1
opt_packed_ood,logs16_14,tiled_indexed_ood,3,16,167315.062,4194304,4,2164720,1
opt_packed_ood,logs16_14,production,3,16,309997.438,4194304,22,2231248,1
opt_packed_ood,logs16_14,single_write_ood,3,16,257987.000,4194304,4,2164720,1
opt_packed_ood,logs16_14,production,4,16,306333.375,4194304,22,2231248,1
opt_packed_ood,logs16_14,single_write_ood,4,16,251536.500,4194304,4,2164720,1
opt_packed_ood,logs16_14,tiled_indexed_ood,4,16,181302.062,4194304,4,2164720,1
opt_packed_ood,logs16_14,production,5,16,309770.812,4194304,22,2231248,1
opt_packed_ood,logs16_14,tiled_indexed_ood,5,16,170562.500,4194304,4,2164720,1
opt_packed_ood,logs16_14,single_write_ood,5,16,249450.500,4194304,4,2164720,1
opt_packed_ood,logs16_14,production,6,16,282924.500,4194304,22,2231248,1
opt_packed_ood,logs16_14,tiled_indexed_ood,6,16,197677.062,4194304,4,2164720,1
opt_packed_ood,logs16_14,single_write_ood,6,16,261247.375,4194304,4,2164720,1
opt_packed_ood,logs16_14,single_write_ood,7,16,271502.562,4194304,4,2164720,1
opt_packed_ood,logs16_14,tiled_indexed_ood,7,16,140487.000,4194304,4,2164720,1
opt_packed_ood,logs16_14,production,7,16,322510.438,4194304,22,2231248,1
opt_packed_ood,logs16_14,single_write_ood,8,16,246974.000,4194304,4,2164720,1
opt_packed_ood,logs16_14,production,8,16,317143.188,4194304,22,2231248,1
opt_packed_ood,logs16_14,tiled_indexed_ood,8,16,154359.375,4194304,4,2164720,1
opt_packed_ood,logs16_14,single_write_ood,9,16,287606.812,4194304,4,2164720,1
opt_packed_ood,logs16_14,tiled_indexed_ood,9,16,165742.188,4194304,4,2164720,1
opt_packed_ood,logs16_14,production,9,16,321815.125,4194304,22,2231248,1
opt_packed_ood,logs16_14,single_write_ood,10,16,261932.312,4194304,4,2164720,1
opt_packed_ood,logs16_14,tiled_indexed_ood,10,16,165958.375,4194304,4,2164720,1
opt_packed_ood,logs16_14,production,10,16,289528.625,4194304,22,2231248,1
opt_packed_ood,logs16_14,tiled_indexed_ood,11,16,140354.188,4194304,4,2164720,1
opt_packed_ood,logs16_14,single_write_ood,11,16,251002.625,4194304,4,2164720,1
opt_packed_ood,logs16_14,production,11,16,304575.500,4194304,22,2231248,1
opt_packed_ood,logs16_14,single_write_ood,12,16,254799.500,4194304,4,2164720,1
opt_packed_ood,logs16_14,production,12,16,317072.938,4194304,22,2231248,1
opt_packed_ood,logs16_14,tiled_indexed_ood,12,16,183283.875,4194304,4,2164720,1
opt_packed_ood,logs16_14,single_write_ood,13,16,248458.312,4194304,4,2164720,1
opt_packed_ood,logs16_14,production,13,16,290705.750,4194304,22,2231248,1
opt_packed_ood,logs16_14,tiled_indexed_ood,13,16,168973.938,4194304,4,2164720,1
opt_packed_ood,logs16_14,single_write_ood,14,16,237343.750,4194304,4,2164720,1
opt_packed_ood,logs16_14,production,14,16,285109.375,4194304,22,2231248,1
opt_packed_ood,logs16_14,tiled_indexed_ood,14,16,163565.062,4194304,4,2164720,1
opt_packed_ood,logs16_14,single_write_ood,15,16,269520.812,4194304,4,2164720,1
opt_packed_ood,logs16_14,tiled_indexed_ood,15,16,164526.062,4194304,4,2164720,1
opt_packed_ood,logs16_14,production,15,16,291513.062,4194304,22,2231248,1
opt_packed_ood,logs16_14,single_write_ood,16,16,246747.438,4194304,4,2164720,1
opt_packed_ood,logs16_14,tiled_indexed_ood,16,16,187388.000,4194304,4,2164720,1
opt_packed_ood,logs16_14,production,16,16,287455.750,4194304,22,2231248,1
opt_packed_ood,logs16_14,tiled_indexed_ood,17,16,159518.250,4194304,4,2164720,1
opt_packed_ood,logs16_14,production,17,16,291007.812,4194304,22,2231248,1
opt_packed_ood,logs16_14,single_write_ood,17,16,249679.688,4194304,4,2164720,1
opt_packed_ood,logs16_14,production,18,16,297091.125,4194304,22,2231248,1
opt_packed_ood,logs16_14,single_write_ood,18,16,247726.562,4194304,4,2164720,1
opt_packed_ood,logs16_14,tiled_indexed_ood,18,16,197369.812,4194304,4,2164720,1
opt_packed_ood,logs16_14,production,19,16,286580.750,4194304,22,2231248,1
opt_packed_ood,logs16_14,tiled_indexed_ood,19,16,160526.062,4194304,4,2164720,1
opt_packed_ood,logs16_14,single_write_ood,19,16,237656.250,4194304,4,2164720,1
opt_packed_ood,logs16_14,single_write_ood,20,16,256427.062,4194304,4,2164720,1
opt_packed_ood,logs16_14,tiled_indexed_ood,20,16,177023.438,4194304,4,2164720,1
opt_packed_ood,logs16_14,production,20,16,288369.812,4194304,22,2231248,1
opt_packed_ood,logs16_14,tiled_indexed_ood,21,16,188085.938,4194304,4,2164720,1
opt_packed_ood,logs16_14,single_write_ood,21,16,237737.000,4194304,4,2164720,1
opt_packed_ood,logs16_14,production,21,16,322091.125,4194304,22,2231248,1
opt_packed_ood,logs16_14,single_write_ood,22,16,251005.188,4194304,4,2164720,1
opt_packed_ood,logs16_14,production,22,16,324380.188,4194304,22,2231248,1
opt_packed_ood,logs16_14,tiled_indexed_ood,22,16,156585.938,4194304,4,2164720,1
opt_packed_ood,logs16_14,production,23,16,330434.875,4194304,22,2231248,1
opt_packed_ood,logs16_14,tiled_indexed_ood,23,16,159778.625,4194304,4,2164720,1
opt_packed_ood,logs16_14,single_write_ood,23,16,250104.125,4194304,4,2164720,1
opt_packed_ood,logs16_14,tiled_indexed_ood,24,16,164783.875,4194304,4,2164720,1
opt_packed_ood,logs16_14,production,24,16,289348.938,4194304,22,2231248,1
opt_packed_ood,logs16_14,single_write_ood,24,16,260528.625,4194304,4,2164720,1
opt_packed_ood,logs16_14,tiled_indexed_ood,25,16,199091.125,4194304,4,2164720,1
opt_packed_ood,logs16_14,single_write_ood,25,16,263500.000,4194304,4,2164720,1
opt_packed_ood,logs16_14,production,25,16,285570.312,4194304,22,2231248,1
opt_packed_ood,logs16_14,production,26,16,324161.438,4194304,22,2231248,1
opt_packed_ood,logs16_14,single_write_ood,26,16,241057.250,4194304,4,2164720,1
opt_packed_ood,logs16_14,tiled_indexed_ood,26,16,183390.625,4194304,4,2164720,1
opt_packed_ood,logs16_14,production,27,16,314437.500,4194304,22,2231248,1
opt_packed_ood,logs16_14,single_write_ood,27,16,255382.812,4194304,4,2164720,1
opt_packed_ood,logs16_14,tiled_indexed_ood,27,16,149630.188,4194304,4,2164720,1
opt_packed_ood,logs16_14,single_write_ood,28,16,266283.875,4194304,4,2164720,1
opt_packed_ood,logs16_14,tiled_indexed_ood,28,16,172414.062,4194304,4,2164720,1
opt_packed_ood,logs16_14,production,28,16,335789.062,4194304,22,2231248,1
opt_packed_ood,logs16_14,tiled_indexed_ood,29,16,182223.938,4194304,4,2164720,1
opt_packed_ood,logs16_14,single_write_ood,29,16,252565.125,4194304,4,2164720,1
opt_packed_ood,logs16_14,production,29,16,293049.500,4194304,22,2231248,1
opt_packed_ood,logs16_14,tiled_indexed_ood,30,16,174916.688,4194304,4,2164720,1
opt_packed_ood,logs16_14,single_write_ood,30,16,261773.438,4194304,4,2164720,1
opt_packed_ood,logs16_14,production,30,16,310276.000,4194304,22,2231248,1
opt_packed_ood,logs16_14,single_write_ood,31,16,257382.812,4194304,4,2164720,1
opt_packed_ood,logs16_14,production,31,16,286471.312,4194304,22,2231248,1
opt_packed_ood,logs16_14,tiled_indexed_ood,31,16,202885.438,4194304,4,2164720,1
opt_pack,logs18_18,production,0,8,435541.750,8388608,2,8390128,1
opt_pack,logs18_18,single_write,0,8,428812.500,8388608,1,8388608,1
opt_pack,logs18_18,tiled_write,0,8,159474.000,8388608,2,8390128,1
opt_pack,logs18_18,tiled_write,1,8,144640.625,8388608,2,8390128,1
opt_pack,logs18_18,single_write,1,8,434812.500,8388608,1,8388608,1
opt_pack,logs18_18,production,1,8,406036.500,8388608,2,8390128,1
opt_pack,logs18_18,tiled_write,2,8,157135.500,8388608,2,8390128,1
opt_pack,logs18_18,single_write,2,8,433942.750,8388608,1,8388608,1
opt_pack,logs18_18,production,2,8,393406.250,8388608,2,8390128,1
opt_pack,logs18_18,tiled_write,3,8,163546.875,8388608,2,8390128,1
opt_pack,logs18_18,production,3,8,354255.250,8388608,2,8390128,1
opt_pack,logs18_18,single_write,3,8,449015.625,8388608,1,8388608,1
opt_pack,logs18_18,tiled_write,4,8,153463.500,8388608,2,8390128,1
opt_pack,logs18_18,single_write,4,8,438380.250,8388608,1,8388608,1
opt_pack,logs18_18,production,4,8,365729.125,8388608,2,8390128,1
opt_pack,logs18_18,tiled_write,5,8,155645.750,8388608,2,8390128,1
opt_pack,logs18_18,production,5,8,410239.625,8388608,2,8390128,1
opt_pack,logs18_18,single_write,5,8,441187.500,8388608,1,8388608,1
opt_pack,logs18_18,single_write,6,8,420328.125,8388608,1,8388608,1
opt_pack,logs18_18,tiled_write,6,8,167114.625,8388608,2,8390128,1
opt_pack,logs18_18,production,6,8,427067.750,8388608,2,8390128,1
opt_pack,logs18_18,tiled_write,7,8,162057.250,8388608,2,8390128,1
opt_pack,logs18_18,production,7,8,397073.000,8388608,2,8390128,1
opt_pack,logs18_18,single_write,7,8,436796.875,8388608,1,8388608,1
opt_pack,logs18_18,tiled_write,8,8,170817.750,8388608,2,8390128,1
opt_pack,logs18_18,production,8,8,376916.625,8388608,2,8390128,1
opt_pack,logs18_18,single_write,8,8,438453.125,8388608,1,8388608,1
opt_pack,logs18_18,tiled_write,9,8,167026.000,8388608,2,8390128,1
opt_pack,logs18_18,single_write,9,8,436885.500,8388608,1,8388608,1
opt_pack,logs18_18,production,9,8,431447.875,8388608,2,8390128,1
opt_pack,logs18_18,production,10,8,412750.000,8388608,2,8390128,1
opt_pack,logs18_18,single_write,10,8,458213.500,8388608,1,8388608,1
opt_pack,logs18_18,tiled_write,10,8,189281.250,8388608,2,8390128,1
opt_pack,logs18_18,tiled_write,11,8,193947.875,8388608,2,8390128,1
opt_pack,logs18_18,production,11,8,399703.125,8388608,2,8390128,1
opt_pack,logs18_18,single_write,11,8,434958.375,8388608,1,8388608,1
opt_pack,logs18_18,single_write,12,8,440916.625,8388608,1,8388608,1
opt_pack,logs18_18,tiled_write,12,8,162260.375,8388608,2,8390128,1
opt_pack,logs18_18,production,12,8,370208.375,8388608,2,8390128,1
opt_pack,logs18_18,tiled_write,13,8,178406.250,8388608,2,8390128,1
opt_pack,logs18_18,single_write,13,8,435927.125,8388608,1,8388608,1
opt_pack,logs18_18,production,13,8,392078.125,8388608,2,8390128,1
opt_pack,logs18_18,tiled_write,14,8,174182.250,8388608,2,8390128,1
opt_pack,logs18_18,production,14,8,369937.500,8388608,2,8390128,1
opt_pack,logs18_18,single_write,14,8,446578.125,8388608,1,8388608,1
opt_pack,logs18_18,single_write,15,8,433218.750,8388608,1,8388608,1
opt_pack,logs18_18,production,15,8,370291.625,8388608,2,8390128,1
opt_pack,logs18_18,tiled_write,15,8,153437.500,8388608,2,8390128,1
opt_pack,logs18_18,production,16,8,402848.875,8388608,2,8390128,1
opt_pack,logs18_18,single_write,16,8,417859.375,8388608,1,8388608,1
opt_pack,logs18_18,tiled_write,16,8,146807.250,8388608,2,8390128,1
opt_pack,logs18_18,single_write,17,8,452260.375,8388608,1,8388608,1
opt_pack,logs18_18,production,17,8,359041.750,8388608,2,8390128,1
opt_pack,logs18_18,tiled_write,17,8,141599.000,8388608,2,8390128,1
opt_pack,logs18_18,production,18,8,400401.000,8388608,2,8390128,1
opt_pack,logs18_18,single_write,18,8,448786.500,8388608,1,8388608,1
opt_pack,logs18_18,tiled_write,18,8,151515.625,8388608,2,8390128,1
opt_pack,logs18_18,production,19,8,379156.250,8388608,2,8390128,1
opt_pack,logs18_18,single_write,19,8,433291.750,8388608,1,8388608,1
opt_pack,logs18_18,tiled_write,19,8,134442.625,8388608,2,8390128,1
opt_pack,logs18_18,single_write,20,8,446099.000,8388608,1,8388608,1
opt_pack,logs18_18,tiled_write,20,8,190921.875,8388608,2,8390128,1
opt_pack,logs18_18,production,20,8,373567.750,8388608,2,8390128,1
opt_pack,logs18_18,single_write,21,8,435250.000,8388608,1,8388608,1
opt_pack,logs18_18,production,21,8,408817.750,8388608,2,8390128,1
opt_pack,logs18_18,tiled_write,21,8,163869.750,8388608,2,8390128,1
opt_pack,logs18_18,tiled_write,22,8,176161.375,8388608,2,8390128,1
opt_pack,logs18_18,single_write,22,8,463078.125,8388608,1,8388608,1
opt_pack,logs18_18,production,22,8,387609.375,8388608,2,8390128,1
opt_pack,logs18_18,production,23,8,452036.375,8388608,2,8390128,1
opt_pack,logs18_18,tiled_write,23,8,174468.750,8388608,2,8390128,1
opt_pack,logs18_18,single_write,23,8,433911.375,8388608,1,8388608,1
opt_pack,logs18_18,production,24,8,389234.375,8388608,2,8390128,1
opt_pack,logs18_18,single_write,24,8,465953.125,8388608,1,8388608,1
opt_pack,logs18_18,tiled_write,24,8,191843.750,8388608,2,8390128,1
opt_pack,logs18_18,tiled_write,25,8,168609.375,8388608,2,8390128,1
opt_pack,logs18_18,single_write,25,8,457203.125,8388608,1,8388608,1
opt_pack,logs18_18,production,25,8,400343.750,8388608,2,8390128,1
opt_pack,logs18_18,single_write,26,8,427661.375,8388608,1,8388608,1
opt_pack,logs18_18,tiled_write,26,8,178895.875,8388608,2,8390128,1
opt_pack,logs18_18,production,26,8,399145.875,8388608,2,8390128,1
opt_pack,logs18_18,production,27,8,488906.250,8388608,2,8390128,1
opt_pack,logs18_18,tiled_write,27,8,222505.250,8388608,2,8390128,1
opt_pack,logs18_18,single_write,27,8,432125.000,8388608,1,8388608,1
opt_pack,logs18_18,production,28,8,448067.750,8388608,2,8390128,1
opt_pack,logs18_18,tiled_write,28,8,177864.625,8388608,2,8390128,1
opt_pack,logs18_18,single_write,28,8,425151.000,8388608,1,8388608,1
opt_pack,logs18_18,tiled_write,29,8,183687.500,8388608,2,8390128,1
opt_pack,logs18_18,single_write,29,8,426599.000,8388608,1,8388608,1
opt_pack,logs18_18,production,29,8,382734.375,8388608,2,8390128,1
opt_pack,logs18_18,tiled_write,30,8,144729.125,8388608,2,8390128,1
opt_pack,logs18_18,single_write,30,8,426916.625,8388608,1,8388608,1
opt_pack,logs18_18,production,30,8,607510.375,8388608,2,8390128,1
opt_pack,logs18_18,tiled_write,31,8,219625.000,8388608,2,8390128,1
opt_pack,logs18_18,production,31,8,459364.500,8388608,2,8390128,1
opt_pack,logs18_18,single_write,31,8,427078.125,8388608,1,8388608,1
opt_packed_ood,logs18_18,tiled_indexed_ood,0,8,322604.125,16777216,4,8457712,1
opt_packed_ood,logs18_18,single_write_ood,0,8,709114.625,16777216,4,8457712,1
opt_packed_ood,logs18_18,production,0,8,593890.625,16777216,24,8527312,1
opt_packed_ood,logs18_18,production,1,8,608817.750,16777216,24,8527312,1
opt_packed_ood,logs18_18,single_write_ood,1,8,728416.625,16777216,4,8457712,1
opt_packed_ood,logs18_18,tiled_indexed_ood,1,8,348375.000,16777216,4,8457712,1
opt_packed_ood,logs18_18,production,2,8,649854.125,16777216,24,8527312,1
opt_packed_ood,logs18_18,single_write_ood,2,8,718703.125,16777216,4,8457712,1
opt_packed_ood,logs18_18,tiled_indexed_ood,2,8,354557.250,16777216,4,8457712,1
opt_packed_ood,logs18_18,production,3,8,593786.500,16777216,24,8527312,1
opt_packed_ood,logs18_18,single_write_ood,3,8,721869.750,16777216,4,8457712,1
opt_packed_ood,logs18_18,tiled_indexed_ood,3,8,315255.125,16777216,4,8457712,1
opt_packed_ood,logs18_18,tiled_indexed_ood,4,8,380927.125,16777216,4,8457712,1
opt_packed_ood,logs18_18,production,4,8,617765.625,16777216,24,8527312,1
opt_packed_ood,logs18_18,single_write_ood,4,8,690536.500,16777216,4,8457712,1
opt_packed_ood,logs18_18,single_write_ood,5,8,728526.000,16777216,4,8457712,1
opt_packed_ood,logs18_18,production,5,8,591229.250,16777216,24,8527312,1
opt_packed_ood,logs18_18,tiled_indexed_ood,5,8,366265.625,16777216,4,8457712,1
opt_packed_ood,logs18_18,single_write_ood,6,8,702072.875,16777216,4,8457712,1
opt_packed_ood,logs18_18,tiled_indexed_ood,6,8,387354.125,16777216,4,8457712,1
opt_packed_ood,logs18_18,production,6,8,574255.125,16777216,24,8527312,1
opt_packed_ood,logs18_18,production,7,8,620244.875,16777216,24,8527312,1
opt_packed_ood,logs18_18,tiled_indexed_ood,7,8,335614.625,16777216,4,8457712,1
opt_packed_ood,logs18_18,single_write_ood,7,8,687989.500,16777216,4,8457712,1
opt_packed_ood,logs18_18,tiled_indexed_ood,8,8,355744.750,16777216,4,8457712,1
opt_packed_ood,logs18_18,single_write_ood,8,8,705828.125,16777216,4,8457712,1
opt_packed_ood,logs18_18,production,8,8,566984.375,16777216,24,8527312,1
opt_packed_ood,logs18_18,production,9,8,599750.000,16777216,24,8527312,1
opt_packed_ood,logs18_18,tiled_indexed_ood,9,8,322239.500,16777216,4,8457712,1
opt_packed_ood,logs18_18,single_write_ood,9,8,709697.875,16777216,4,8457712,1
opt_packed_ood,logs18_18,production,10,8,603437.500,16777216,24,8527312,1
opt_packed_ood,logs18_18,single_write_ood,10,8,704052.000,16777216,4,8457712,1
opt_packed_ood,logs18_18,tiled_indexed_ood,10,8,373890.625,16777216,4,8457712,1
opt_packed_ood,logs18_18,tiled_indexed_ood,11,8,345911.500,16777216,4,8457712,1
opt_packed_ood,logs18_18,single_write_ood,11,8,722125.000,16777216,4,8457712,1
opt_packed_ood,logs18_18,production,11,8,648161.500,16777216,24,8527312,1
opt_packed_ood,logs18_18,single_write_ood,12,8,734901.000,16777216,4,8457712,1
opt_packed_ood,logs18_18,production,12,8,615500.000,16777216,24,8527312,1
opt_packed_ood,logs18_18,tiled_indexed_ood,12,8,348953.125,16777216,4,8457712,1
opt_packed_ood,logs18_18,production,13,8,601046.875,16777216,24,8527312,1
opt_packed_ood,logs18_18,tiled_indexed_ood,13,8,332682.375,16777216,4,8457712,1
opt_packed_ood,logs18_18,single_write_ood,13,8,723296.875,16777216,4,8457712,1
opt_packed_ood,logs18_18,single_write_ood,14,8,663010.375,16777216,4,8457712,1
opt_packed_ood,logs18_18,tiled_indexed_ood,14,8,354796.875,16777216,4,8457712,1
opt_packed_ood,logs18_18,production,14,8,593078.125,16777216,24,8527312,1
opt_packed_ood,logs18_18,production,15,8,587171.875,16777216,24,8527312,1
opt_packed_ood,logs18_18,tiled_indexed_ood,15,8,368869.750,16777216,4,8457712,1
opt_packed_ood,logs18_18,single_write_ood,15,8,696828.125,16777216,4,8457712,1
opt_packed_ood,logs18_18,production,16,8,566671.875,16777216,24,8527312,1
opt_packed_ood,logs18_18,single_write_ood,16,8,714718.750,16777216,4,8457712,1
opt_packed_ood,logs18_18,tiled_indexed_ood,16,8,338338.625,16777216,4,8457712,1
opt_packed_ood,logs18_18,production,17,8,583046.875,16777216,24,8527312,1
opt_packed_ood,logs18_18,tiled_indexed_ood,17,8,311630.250,16777216,4,8457712,1
opt_packed_ood,logs18_18,single_write_ood,17,8,717312.500,16777216,4,8457712,1
opt_packed_ood,logs18_18,single_write_ood,18,8,703260.375,16777216,4,8457712,1
opt_packed_ood,logs18_18,production,18,8,644479.125,16777216,24,8527312,1
opt_packed_ood,logs18_18,tiled_indexed_ood,18,8,326593.750,16777216,4,8457712,1
opt_packed_ood,logs18_18,production,19,8,596046.875,16777216,24,8527312,1
opt_packed_ood,logs18_18,tiled_indexed_ood,19,8,336937.500,16777216,4,8457712,1
opt_packed_ood,logs18_18,single_write_ood,19,8,732822.875,16777216,4,8457712,1
opt_packed_ood,logs18_18,tiled_indexed_ood,20,8,327307.250,16777216,4,8457712,1
opt_packed_ood,logs18_18,production,20,8,587119.875,16777216,24,8527312,1
opt_packed_ood,logs18_18,single_write_ood,20,8,718625.000,16777216,4,8457712,1
opt_packed_ood,logs18_18,single_write_ood,21,8,716145.875,16777216,4,8457712,1
opt_packed_ood,logs18_18,tiled_indexed_ood,21,8,426901.000,16777216,4,8457712,1
opt_packed_ood,logs18_18,production,21,8,597734.375,16777216,24,8527312,1
opt_packed_ood,logs18_18,production,22,8,644562.500,16777216,24,8527312,1
opt_packed_ood,logs18_18,single_write_ood,22,8,720755.250,16777216,4,8457712,1
opt_packed_ood,logs18_18,tiled_indexed_ood,22,8,299510.375,16777216,4,8457712,1
opt_packed_ood,logs18_18,tiled_indexed_ood,23,8,336651.000,16777216,4,8457712,1
opt_packed_ood,logs18_18,production,23,8,603276.125,16777216,24,8527312,1
opt_packed_ood,logs18_18,single_write_ood,23,8,715604.125,16777216,4,8457712,1
opt_packed_ood,logs18_18,production,24,8,645942.750,16777216,24,8527312,1
opt_packed_ood,logs18_18,tiled_indexed_ood,24,8,318885.375,16777216,4,8457712,1
opt_packed_ood,logs18_18,single_write_ood,24,8,721651.125,16777216,4,8457712,1
opt_packed_ood,logs18_18,single_write_ood,25,8,698057.250,16777216,4,8457712,1
opt_packed_ood,logs18_18,production,25,8,632697.875,16777216,24,8527312,1
opt_packed_ood,logs18_18,tiled_indexed_ood,25,8,343520.875,16777216,4,8457712,1
opt_packed_ood,logs18_18,single_write_ood,26,8,713651.000,16777216,4,8457712,1
opt_packed_ood,logs18_18,tiled_indexed_ood,26,8,353099.000,16777216,4,8457712,1
opt_packed_ood,logs18_18,production,26,8,641395.875,16777216,24,8527312,1
opt_packed_ood,logs18_18,production,27,8,626218.750,16777216,24,8527312,1
opt_packed_ood,logs18_18,tiled_indexed_ood,27,8,320218.750,16777216,4,8457712,1
opt_packed_ood,logs18_18,single_write_ood,27,8,698312.500,16777216,4,8457712,1
opt_packed_ood,logs18_18,production,28,8,605546.875,16777216,24,8527312,1
opt_packed_ood,logs18_18,tiled_indexed_ood,28,8,343921.875,16777216,4,8457712,1
opt_packed_ood,logs18_18,single_write_ood,28,8,694713.500,16777216,4,8457712,1
opt_packed_ood,logs18_18,single_write_ood,29,8,701687.500,16777216,4,8457712,1
opt_packed_ood,logs18_18,tiled_indexed_ood,29,8,356875.000,16777216,4,8457712,1
opt_packed_ood,logs18_18,production,29,8,564156.250,16777216,24,8527312,1
opt_packed_ood,logs18_18,tiled_indexed_ood,30,8,356052.000,16777216,4,8457712,1
opt_packed_ood,logs18_18,single_write_ood,30,8,696854.125,16777216,4,8457712,1
opt_packed_ood,logs18_18,production,30,8,650437.500,16777216,24,8527312,1
opt_packed_ood,logs18_18,production,31,8,589838.500,16777216,24,8527312,1
opt_packed_ood,logs18_18,single_write_ood,31,8,693916.625,16777216,4,8457712,1
opt_packed_ood,logs18_18,tiled_indexed_ood,31,8,342307.250,16777216,4,8457712,1
