family,size,variant,rep,iterations,ns,bytes,allocations,allocated_bytes,correctness
opt_ood,log10,collect_products,0,1024,2506.714,16384,3,16464,1
opt_ood,log10,production_blocked,0,1024,3218.587,16384,13,32832,1
opt_ood,log10,indexed_products,0,1024,2510.905,16384,2,16400,1
opt_ood,log10,prepared_products,0,1024,2356.853,16384,3,16464,1
opt_ood,log10,vector_products,0,1024,2606.648,16384,3,16464,1
opt_ood,log10,reuse_products,0,1024,2271.240,16384,2,16400,1
opt_ood,log10,prepared_products,1,1024,2790.935,16384,3,16464,1
opt_ood,log10,vector_products,1,1024,2572.632,16384,3,16464,1
opt_ood,log10,reuse_products,1,1024,2683.797,16384,2,16400,1
opt_ood,log10,indexed_products,1,1024,2434.001,16384,2,16400,1
opt_ood,log10,production_blocked,1,1024,3387.004,16384,13,32832,1
opt_ood,log10,collect_products,1,1024,2594.930,16384,3,16464,1
opt_ood,log10,indexed_products,2,1024,2586.995,16384,2,16400,1
opt_ood,log10,production_blocked,2,1024,3398.274,16384,13,32832,1
opt_ood,log10,collect_products,2,1024,2459.839,16384,3,16464,1
opt_ood,log10,prepared_products,2,1024,2463.867,16384,3,16464,1
opt_ood,log10,reuse_products,2,1024,2332.153,16384,2,16400,1
opt_ood,log10,vector_products,2,1024,2451.741,16384,3,16464,1
opt_ood,log10,indexed_products,3,1024,2861.572,16384,2,16400,1
opt_ood,log10,vector_products,3,1024,2467.245,16384,3,16464,1
opt_ood,log10,production_blocked,3,1024,3204.468,16384,13,32832,1
opt_ood,log10,prepared_products,3,1024,2456.583,16384,3,16464,1
opt_ood,log10,reuse_products,3,1024,2468.791,16384,2,16400,1
opt_ood,log10,collect_products,3,1024,2427.205,16384,3,16464,1
opt_ood,log10,vector_products,4,1024,2612.346,16384,3,16464,1
opt_ood,log10,indexed_products,4,1024,2411.580,16384,2,16400,1
opt_ood,log10,collect_products,4,1024,2392.293,16384,3,16464,1
opt_ood,log10,production_blocked,4,1024,3188.110,16384,13,32832,1
opt_ood,log10,prepared_products,4,1024,2351.034,16384,3,16464,1
opt_ood,log10,reuse_products,4,1024,2373.047,16384,2,16400,1
opt_ood,log10,collect_products,5,1024,2666.789,16384,3,16464,1
opt_ood,log10,indexed_products,5,1024,2467.367,16384,2,16400,1
opt_ood,log10,vector_products,5,1024,2497.925,16384,3,16464,1
opt_ood,log10,production_blocked,5,1024,3270.874,16384,13,32832,1
opt_ood,log10,prepared_products,5,1024,2459.106,16384,3,16464,1
opt_ood,log10,reuse_products,5,1024,2382.771,16384,2,16400,1
opt_ood,log10,collect_products,6,1024,2514.811,16384,3,16464,1
opt_ood,log10,vector_products,6,1024,2590.495,16384,3,16464,1
opt_ood,log10,production_blocked,6,1024,3268.311,16384,13,32832,1
opt_ood,log10,indexed_products,6,1024,2364.014,16384,2,16400,1
opt_ood,log10,prepared_products,6,1024,2394.450,16384,3,16464,1
opt_ood,log10,reuse_products,6,1024,2359.822,16384,2,16400,1
opt_ood,log10,production_blocked,7,1024,3220.174,16384,13,32832,1
opt_ood,log10,prepared_products,7,1024,2602.539,16384,3,16464,1
opt_ood,log10,indexed_products,7,1024,2416.951,16384,2,16400,1
opt_ood,log10,reuse_products,7,1024,2292.114,16384,2,16400,1
opt_ood,log10,vector_products,7,1024,2436.809,16384,3,16464,1
opt_ood,log10,collect_products,7,1024,2440.389,16384,3,16464,1
opt_ood,log10,collect_products,8,1024,2445.679,16384,3,16464,1
opt_ood,log10,indexed_products,8,1024,2542.358,16384,2,16400,1
opt_ood,log10,reuse_products,8,1024,2320.149,16384,2,16400,1
opt_ood,log10,vector_products,8,1024,2426.351,16384,3,16464,1
opt_ood,log10,prepared_products,8,1024,2462.687,16384,3,16464,1
opt_ood,log10,production_blocked,8,1024,3146.077,16384,13,32832,1
opt_ood,log10,collect_products,9,1024,2386.475,16384,3,16464,1
opt_ood,log10,prepared_products,9,1024,2611.734,16384,3,16464,1
opt_ood,log10,production_blocked,9,1024,3361.003,16384,13,32832,1
opt_ood,log10,indexed_products,9,1024,2414.998,16384,2,16400,1
opt_ood,log10,vector_products,9,1024,2567.789,16384,3,16464,1
opt_ood,log10,reuse_products,9,1024,2238.362,16384,2,16400,1
opt_ood,log10,collect_products,10,1024,2476.278,16384,3,16464,1
opt_ood,log10,reuse_products,10,1024,2385.458,16384,2,16400,1
opt_ood,log10,indexed_products,10,1024,2520.996,16384,2,16400,1
opt_ood,log10,production_blocked,10,1024,3212.442,16384,13,32832,1
opt_ood,log10,vector_products,10,1024,2440.674,16384,3,16464,1
opt_ood,log10,prepared_products,10,1024,2406.209,16384,3,16464,1
opt_ood,log10,production_blocked,11,1024,3204.834,16384,13,32832,1
opt_ood,log10,vector_products,11,1024,2595.825,16384,3,16464,1
opt_ood,log10,collect_products,11,1024,2445.476,16384,3,16464,1
opt_ood,log10,reuse_products,11,1024,2305.379,16384,2,16400,1
opt_ood,log10,prepared_products,11,1024,2442.953,16384,3,16464,1
opt_ood,log10,indexed_products,11,1024,2386.393,16384,2,16400,1
opt_ood,log10,indexed_products,12,1024,2436.116,16384,2,16400,1
opt_ood,log10,production_blocked,12,1024,3202.637,16384,13,32832,1
opt_ood,log10,reuse_products,12,1024,2541.382,16384,2,16400,1
opt_ood,log10,prepared_products,12,1024,2425.741,16384,3,16464,1
opt_ood,log10,collect_products,12,1024,2416.708,16384,3,16464,1
opt_ood,log10,vector_products,12,1024,2523.315,16384,3,16464,1
opt_ood,log10,vector_products,13,1024,2360.311,16384,3,16464,1
opt_ood,log10,collect_products,13,1024,2463.664,16384,3,16464,1
opt_ood,log10,reuse_products,13,1024,2203.369,16384,2,16400,1
opt_ood,log10,indexed_products,13,1024,2575.032,16384,2,16400,1
opt_ood,log10,prepared_products,13,1024,2496.501,16384,3,16464,1
opt_ood,log10,production_blocked,13,1024,3168.701,16384,13,32832,1
opt_ood,log10,prepared_products,14,1024,2369.669,16384,3,16464,1
opt_ood,log10,collect_products,14,1024,2383.871,16384,3,16464,1
opt_ood,log10,production_blocked,14,1024,3071.004,16384,13,32832,1
opt_ood,log10,reuse_products,14,1024,2214.315,16384,2,16400,1
opt_ood,log10,indexed_products,14,1024,2412.923,16384,2,16400,1
opt_ood,log10,vector_products,14,1024,2344.768,16384,3,16464,1
opt_ood,log10,prepared_products,15,1024,2300.821,16384,3,16464,1
opt_ood,log10,collect_products,15,1024,2328.206,16384,3,16464,1
opt_ood,log10,vector_products,15,1024,2449.057,16384,3,16464,1
opt_ood,log10,reuse_products,15,1024,2227.132,16384,2,16400,1
opt_ood,log10,indexed_products,15,1024,2499.553,16384,2,16400,1
opt_ood,log10,production_blocked,15,1024,3192.627,16384,13,32832,1
opt_ood,log10,vector_products,16,1024,2513.184,16384,3,16464,1
opt_ood,log10,indexed_products,16,1024,2372.600,16384,2,16400,1
opt_ood,log10,reuse_products,16,1024,2231.038,16384,2,16400,1
opt_ood,log10,collect_products,16,1024,2381.796,16384,3,16464,1
opt_ood,log10,prepared_products,16,1024,2635.620,16384,3,16464,1
opt_ood,log10,production_blocked,16,1024,3305.257,16384,13,32832,1
opt_ood,log10,reuse_products,17,1024,2308.228,16384,2,16400,1
opt_ood,log10,vector_products,17,1024,2382.690,16384,3,16464,1
opt_ood,log10,indexed_products,17,1024,2318.889,16384,2,16400,1
opt_ood,log10,collect_products,17,1024,2456.095,16384,3,16464,1
opt_ood,log10,production_blocked,17,1024,3515.299,16384,13,32832,1
opt_ood,log10,prepared_products,17,1024,2446.411,16384,3,16464,1
opt_ood,log10,vector_products,18,1024,2489.584,16384,3,16464,1
opt_ood,log10,production_blocked,18,1024,3149.048,16384,13,32832,1
opt_ood,log10,reuse_products,18,1024,2201.213,16384,2,16400,1
opt_ood,log10,collect_products,18,1024,2360.229,16384,3,16464,1
opt_ood,log10,prepared_products,18,1024,2568.400,16384,3,16464,1
opt_ood,log10,indexed_products,18,1024,2414.673,16384,2,16400,1
opt_ood,log10,prepared_products,19,1024,2392.985,16384,3,16464,1
opt_ood,log10,collect_products,19,1024,2448.935,16384,3,16464,1
opt_ood,log10,reuse_products,19,1024,2261.312,16384,2,16400,1
opt_ood,log10,production_blocked,19,1024,3198.689,16384,13,32832,1
opt_ood,log10,indexed_products,19,1024,2414.388,16384,2,16400,1
opt_ood,log10,vector_products,19,1024,2566.366,16384,3,16464,1
opt_ood,log10,production_blocked,20,1024,3262.369,16384,13,32832,1
opt_ood,log10,reuse_products,20,1024,2264.526,16384,2,16400,1
opt_ood,log10,indexed_products,20,1024,2439.779,16384,2,16400,1
opt_ood,log10,prepared_products,20,1024,2417.806,16384,3,16464,1
opt_ood,log10,collect_products,20,1024,2416.342,16384,3,16464,1
opt_ood,log10,vector_products,20,1024,2611.003,16384,3,16464,1
opt_ood,log10,vector_products,21,1024,2418.620,16384,3,16464,1
opt_ood,log10,collect_products,21,1024,2415.486,16384,3,16464,1
opt_ood,log10,production_blocked,21,1024,3094.441,16384,13,32832,1
opt_ood,log10,indexed_products,21,1024,2303.955,16384,2,16400,1
opt_ood,log10,prepared_products,21,1024,2463.216,16384,3,16464,1
opt_ood,log10,reuse_products,21,1024,2532.349,16384,2,16400,1
opt_ood,log10,collect_products,22,1024,2501.343,16384,3,16464,1
opt_ood,log10,reuse_products,22,1024,2228.800,16384,2,16400,1
opt_ood,log10,vector_products,22,1024,2430.054,16384,3,16464,1
opt_ood,log10,production_blocked,22,1024,3064.941,16384,13,32832,1
opt_ood,log10,indexed_products,22,1024,2367.635,16384,2,16400,1
opt_ood,log10,prepared_products,22,1024,2300.415,16384,3,16464,1
opt_ood,log10,prepared_products,23,1024,2727.458,16384,3,16464,1
opt_ood,log10,vector_products,23,1024,2447.551,16384,3,16464,1
opt_ood,log10,indexed_products,23,1024,2343.140,16384,2,16400,1
opt_ood,log10,collect_products,23,1024,2354.696,16384,3,16464,1
opt_ood,log10,reuse_products,23,1024,2282.471,16384,2,16400,1
opt_ood,log10,production_blocked,23,1024,3148.479,16384,13,32832,1
opt_ood,log10,production_blocked,24,1024,3145.304,16384,13,32832,1
opt_ood,log10,indexed_products,24,1024,2341.269,16384,2,16400,1
opt_ood,log10,vector_products,24,1024,2572.266,16384,3,16464,1
opt_ood,log10,reuse_products,24,1024,2221.599,16384,2,16400,1
opt_ood,log10,prepared_products,24,1024,2324.422,16384,3,16464,1
opt_ood,log10,collect_products,24,1024,2359.090,16384,3,16464,1
opt_ood,log10,collect_products,25,1024,2415.894,16384,3,16464,1
opt_ood,log10,indexed_products,25,1024,2453.166,16384,2,16400,1
opt_ood,log10,production_blocked,25,1024,3175.700,16384,13,32832,1
opt_ood,log10,vector_products,25,1024,2367.065,16384,3,16464,1
opt_ood,log10,reuse_products,25,1024,2255.331,16384,2,16400,1
opt_ood,log10,prepared_products,25,1024,2299.886,16384,3,16464,1
opt_ood,log10,collect_products,26,1024,2344.442,16384,3,16464,1
opt_ood,log10,prepared_products,26,1024,2305.460,16384,3,16464,1
opt_ood,log10,production_blocked,26,1024,3269.979,16384,13,32832,1
opt_ood,log10,reuse_products,26,1024,2266.276,16384,2,16400,1
opt_ood,log10,indexed_products,26,1024,2318.237,16384,2,16400,1
opt_ood,log10,vector_products,26,1024,2330.811,16384,3,16464,1
opt_ood,log10,vector_products,27,1024,2512.533,16384,3,16464,1
opt_ood,log10,prepared_products,27,1024,2301.025,16384,3,16464,1
opt_ood,log10,collect_products,27,1024,2395.345,16384,3,16464,1
opt_ood,log10,indexed_products,27,1024,2372.314,16384,2,16400,1
opt_ood,log10,production_blocked,27,1024,3212.728,16384,13,32832,1
opt_ood,log10,reuse_products,27,1024,2189.575,16384,2,16400,1
opt_ood,log10,reuse_products,28,1024,2200.603,16384,2,16400,1
opt_ood,log10,collect_products,28,1024,2371.704,16384,3,16464,1
opt_ood,log10,prepared_products,28,1024,2425.333,16384,3,16464,1
opt_ood,log10,indexed_products,28,1024,2372.762,16384,2,16400,1
opt_ood,log10,production_blocked,28,1024,3111.531,16384,13,32832,1
opt_ood,log10,vector_products,28,1024,2458.821,16384,3,16464,1
opt_ood,log10,vector_products,29,1024,2415.771,16384,3,16464,1
opt_ood,log10,indexed_products,29,1024,2439.169,16384,2,16400,1
opt_ood,log10,prepared_products,29,1024,2298.015,16384,3,16464,1
opt_ood,log10,production_blocked,29,1024,3137.776,16384,13,32832,1
opt_ood,log10,reuse_products,29,1024,2215.291,16384,2,16400,1
opt_ood,log10,collect_products,29,1024,2343.953,16384,3,16464,1
opt_ood,log10,collect_products,30,1024,2372.762,16384,3,16464,1
opt_ood,log10,vector_products,30,1024,2452.596,16384,3,16464,1
opt_ood,log10,reuse_products,30,1024,2341.390,16384,2,16400,1
opt_ood,log10,production_blocked,30,1024,3129.965,16384,13,32832,1
opt_ood,log10,prepared_products,30,1024,2367.839,16384,3,16464,1
opt_ood,log10,indexed_products,30,1024,2471.436,16384,2,16400,1
opt_ood,log10,collect_products,31,1024,2456.421,16384,3,16464,1
opt_ood,log10,production_blocked,31,1024,3270.793,16384,13,32832,1
opt_ood,log10,reuse_products,31,1024,2393.839,16384,2,16400,1
opt_ood,log10,vector_products,31,1024,2451.863,16384,3,16464,1
opt_ood,log10,prepared_products,31,1024,2413.452,16384,3,16464,1
opt_ood,log10,indexed_products,31,1024,2380.697,16384,2,16400,1
opt_ood_reuse,log10,allocate,0,2048,2217.631,16384,2,16400,1
opt_ood_reuse,log10,indexed_scratch,0,2048,1996.623,16384,0,0,1
opt_ood_reuse,log10,scratch,0,2048,1855.611,16384,0,0,1
opt_ood_reuse,log10,scratch,1,2048,1853.902,16384,0,0,1
opt_ood_reuse,log10,allocate,1,2048,2222.147,16384,2,16400,1
opt_ood_reuse,log10,indexed_scratch,1,2048,1973.287,16384,0,0,1
opt_ood_reuse,log10,indexed_scratch,2,2048,1924.906,16384,0,0,1
opt_ood_reuse,log10,scratch,2,2048,1926.575,16384,0,0,1
opt_ood_reuse,log10,allocate,2,2048,2192.179,16384,2,16400,1
opt_ood_reuse,log10,indexed_scratch,3,2048,1963.501,16384,0,0,1
opt_ood_reuse,log10,scratch,3,2048,1841.573,16384,0,0,1
opt_ood_reuse,log10,allocate,3,2048,2230.347,16384,2,16400,1
opt_ood_reuse,log10,scratch,4,2048,1928.629,16384,0,0,1
opt_ood_reuse,log10,allocate,4,2048,3082.764,16384,2,16400,1
opt_ood_reuse,log10,indexed_scratch,4,2048,1980.632,16384,0,0,1
opt_ood_reuse,log10,indexed_scratch,5,2048,2012.125,16384,0,0,1
opt_ood_reuse,log10,allocate,5,2048,2499.512,16384,2,16400,1
opt_ood_reuse,log10,scratch,5,2048,1926.025,16384,0,0,1
opt_ood_reuse,log10,scratch,6,2048,1882.385,16384,0,0,1
opt_ood_reuse,log10,indexed_scratch,6,2048,1917.358,16384,0,0,1
opt_ood_reuse,log10,allocate,6,2048,2233.256,16384,2,16400,1
opt_ood_reuse,log10,indexed_scratch,7,2048,1920.024,16384,0,0,1
opt_ood_reuse,log10,allocate,7,2048,2208.760,16384,2,16400,1
opt_ood_reuse,log10,scratch,7,2048,1935.954,16384,0,0,1
opt_ood_reuse,log10,scratch,8,2048,1860.636,16384,0,0,1
opt_ood_reuse,log10,indexed_scratch,8,2048,1973.247,16384,0,0,1
opt_ood_reuse,log10,allocate,8,2048,2357.707,16384,2,16400,1
opt_ood_reuse,log10,allocate,9,2048,2448.425,16384,2,16400,1
opt_ood_reuse,log10,indexed_scratch,9,2048,3400.411,16384,0,0,1
opt_ood_reuse,log10,scratch,9,2048,15354.350,16384,0,0,1
opt_ood_reuse,log10,allocate,10,2048,4146.647,16384,2,16400,1
opt_ood_reuse,log10,scratch,10,2048,2224.040,16384,0,0,1
opt_ood_reuse,log10,indexed_scratch,10,2048,2007.039,16384,0,0,1
opt_ood_reuse,log10,scratch,11,2048,2087.789,16384,0,0,1
opt_ood_reuse,log10,indexed_scratch,11,2048,2092.488,16384,0,0,1
opt_ood_reuse,log10,allocate,11,2048,2359.721,16384,2,16400,1
opt_ood_reuse,log10,indexed_scratch,12,2048,2403.178,16384,0,0,1
opt_ood_reuse,log10,allocate,12,2048,2506.388,16384,2,16400,1
opt_ood_reuse,log10,scratch,12,2048,2226.725,16384,0,0,1
opt_ood_reuse,log10,indexed_scratch,13,2048,2043.192,16384,0,0,1
opt_ood_reuse,log10,scratch,13,2048,2054.362,16384,0,0,1
opt_ood_reuse,log10,allocate,13,2048,2309.896,16384,2,16400,1
opt_ood_reuse,log10,indexed_scratch,14,2048,2074.422,16384,0,0,1
opt_ood_reuse,log10,scratch,14,2048,1981.466,16384,0,0,1
opt_ood_reuse,log10,allocate,14,2048,2448.364,16384,2,16400,1
opt_ood_reuse,log10,allocate,15,2048,2287.007,16384,2,16400,1
opt_ood_reuse,log10,indexed_scratch,15,2048,1946.147,16384,0,0,1
opt_ood_reuse,log10,scratch,15,2048,1952.596,16384,0,0,1
opt_ood_reuse,log10,allocate,16,2048,4763.529,16384,2,16400,1
opt_ood_reuse,log10,scratch,16,2048,1949.300,16384,0,0,1
opt_ood_reuse,log10,indexed_scratch,16,2048,2620.707,16384,0,0,1
opt_ood_reuse,log10,indexed_scratch,17,2048,2063.375,16384,0,0,1
opt_ood_reuse,log10,allocate,17,2048,25832.520,16384,2,16400,1
opt_ood_reuse,log10,scratch,17,2048,3771.301,16384,0,0,1
opt_ood_reuse,log10,scratch,18,2048,2700.236,16384,0,0,1
opt_ood_reuse,log10,indexed_scratch,18,2048,2429.382,16384,0,0,1
opt_ood_reuse,log10,allocate,18,2048,2638.082,16384,2,16400,1
opt_ood_reuse,log10,allocate,19,2048,2373.881,16384,2,16400,1
opt_ood_reuse,log10,indexed_scratch,19,2048,2149.292,16384,0,0,1
opt_ood_reuse,log10,scratch,19,2048,2297.262,16384,0,0,1
opt_ood_reuse,log10,allocate,20,2048,2378.927,16384,2,16400,1
opt_ood_reuse,log10,indexed_scratch,20,2048,2169.658,16384,0,0,1
opt_ood_reuse,log10,scratch,20,2048,2377.279,16384,0,0,1
opt_ood_reuse,log10,scratch,21,2048,2435.384,16384,0,0,1
opt_ood_reuse,log10,indexed_scratch,21,2048,2087.178,16384,0,0,1
opt_ood_reuse,log10,allocate,21,2048,2648.600,16384,2,16400,1
opt_ood_reuse,log10,scratch,22,2048,2032.023,16384,0,0,1
opt_ood_reuse,log10,allocate,22,2048,2562.297,16384,2,16400,1
opt_ood_reuse,log10,indexed_scratch,22,2048,2504.170,16384,0,0,1
opt_ood_reuse,log10,indexed_scratch,23,2048,1997.986,16384,0,0,1
opt_ood_reuse,log10,scratch,23,2048,1911.052,16384,0,0,1
opt_ood_reuse,log10,allocate,23,2048,2974.223,16384,2,16400,1
opt_ood_reuse,log10,scratch,24,2048,1989.583,16384,0,0,1
opt_ood_reuse,log10,allocate,24,2048,2432.394,16384,2,16400,1
opt_ood_reuse,log10,indexed_scratch,24,2048,2172.140,16384,0,0,1
opt_ood_reuse,log10,indexed_scratch,25,2048,2089.986,16384,0,0,1
opt_ood_reuse,log10,allocate,25,2048,2481.812,16384,2,16400,1
opt_ood_reuse,log10,scratch,25,2048,2094.604,16384,0,0,1
opt_ood_reuse,log10,allocate,26,2048,2645.040,16384,2,16400,1
opt_ood_reuse,log10,indexed_scratch,26,2048,2033.264,16384,0,0,1
opt_ood_reuse,log10,scratch,26,2048,1912.720,16384,0,0,1
opt_ood_reuse,log10,indexed_scratch,27,2048,2349.752,16384,0,0,1
opt_ood_reuse,log10,allocate,27,2048,2439.860,16384,2,16400,1
opt_ood_reuse,log10,scratch,27,2048,2659.790,16384,0,0,1
opt_ood_reuse,log10,allocate,28,2048,2524.251,16384,2,16400,1
opt_ood_reuse,log10,scratch,28,2048,2023.580,16384,0,0,1
opt_ood_reuse,log10,indexed_scratch,28,2048,2203.288,16384,0,0,1
opt_ood_reuse,log10,scratch,29,2048,2274.943,16384,0,0,1
opt_ood_reuse,log10,allocate,29,2048,2414.246,16384,2,16400,1
opt_ood_reuse,log10,indexed_scratch,29,2048,2018.718,16384,0,0,1
opt_ood_reuse,log10,scratch,30,2048,2380.045,16384,0,0,1
opt_ood_reuse,log10,allocate,30,2048,3154.500,16384,2,16400,1
opt_ood_reuse,log10,indexed_scratch,30,2048,1975.952,16384,0,0,1
opt_ood_reuse,log10,scratch,31,2048,2080.587,16384,0,0,1
opt_ood_reuse,log10,allocate,31,2048,2916.687,16384,2,16400,1
opt_ood_reuse,log10,indexed_scratch,31,2048,2086.731,16384,0,0,1
opt_ood,log16,reuse_products,0,32,112835.938,1048576,3,67312,1
opt_ood,log16,collect_products,0,32,134218.750,1048576,4,67568,1
opt_ood,log16,vector_products,0,32,133595.062,1048576,4,67568,1
opt_ood,log16,prepared_products,0,32,104610.688,1048576,4,67568,1
opt_ood,log16,production_blocked,0,32,96833.344,1048576,20,133328,1
opt_ood,log16,indexed_products,0,32,94527.344,1048576,3,67312,1
opt_ood,log16,indexed_products,1,32,135759.125,1048576,3,67312,1
opt_ood,log16,reuse_products,1,32,122122.375,1048576,3,67312,1
opt_ood,log16,vector_products,1,32,125700.531,1048576,4,67568,1
opt_ood,log16,production_blocked,1,32,98123.719,1048576,20,133328,1
opt_ood,log16,prepared_products,1,32,102829.438,1048576,4,67568,1
opt_ood,log16,collect_products,1,32,131847.656,1048576,4,67568,1
opt_ood,log16,reuse_products,2,32,99885.406,1048576,3,67312,1
opt_ood,log16,vector_products,2,32,119152.344,1048576,4,67568,1
opt_ood,log16,collect_products,2,32,96062.500,1048576,4,67568,1
opt_ood,log16,production_blocked,2,32,100842.469,1048576,20,133328,1
opt_ood,log16,indexed_products,2,32,149919.281,1048576,3,67312,1
opt_ood,log16,prepared_products,2,32,109660.156,1048576,4,67568,1
opt_ood,log16,indexed_products,3,32,117431.000,1048576,3,67312,1
opt_ood,log16,reuse_products,3,32,116533.844,1048576,3,67312,1
opt_ood,log16,collect_products,3,32,134604.156,1048576,4,67568,1
opt_ood,log16,vector_products,3,32,91320.312,1048576,4,67568,1
opt_ood,log16,prepared_products,3,32,90684.875,1048576,4,67568,1
opt_ood,log16,production_blocked,3,32,90492.188,1048576,20,133328,1
opt_ood,log16,production_blocked,4,32,82320.312,1048576,20,133328,1
opt_ood,log16,reuse_products,4,32,78498.688,1048576,3,67312,1
opt_ood,log16,collect_products,4,32,107682.312,1048576,4,67568,1
opt_ood,log16,prepared_products,4,32,101884.125,1048576,4,67568,1
opt_ood,log16,indexed_products,4,32,92645.844,1048576,3,67312,1
opt_ood,log16,vector_products,4,32,102282.562,1048576,4,67568,1
opt_ood,log16,indexed_products,5,32,103542.969,1048576,3,67312,1
opt_ood,log16,vector_products,5,32,90703.125,1048576,4,67568,1
opt_ood,log16,production_blocked,5,32,87993.500,1048576,20,133328,1
opt_ood,log16,reuse_products,5,32,92955.719,1048576,3,67312,1
opt_ood,log16,collect_products,5,32,106440.125,1048576,4,67568,1
opt_ood,log16,prepared_products,5,32,91442.719,1048576,4,67568,1
opt_ood,log16,production_blocked,6,32,100947.938,1048576,20,133328,1
opt_ood,log16,prepared_products,6,32,112906.250,1048576,4,67568,1
opt_ood,log16,indexed_products,6,32,90619.781,1048576,3,67312,1
opt_ood,log16,reuse_products,6,32,93976.562,1048576,3,67312,1
opt_ood,log16,vector_products,6,32,99455.719,1048576,4,67568,1
opt_ood,log16,collect_products,6,32,84839.844,1048576,4,67568,1
opt_ood,log16,prepared_products,7,32,149427.094,1048576,4,67568,1
opt_ood,log16,vector_products,7,32,81432.281,1048576,4,67568,1
opt_ood,log16,indexed_products,7,32,88035.156,1048576,3,67312,1
opt_ood,log16,collect_products,7,32,109658.844,1048576,4,67568,1
opt_ood,log16,reuse_products,7,32,115514.312,1048576,3,67312,1
opt_ood,log16,production_blocked,7,32,121006.500,1048576,20,133328,1
opt_ood,log16,indexed_products,8,32,106899.750,1048576,3,67312,1
opt_ood,log16,vector_products,8,32,115190.094,1048576,4,67568,1
opt_ood,log16,prepared_products,8,32,151315.094,1048576,4,67568,1
opt_ood,log16,reuse_products,8,32,115516.906,1048576,3,67312,1
opt_ood,log16,collect_products,8,32,82720.062,1048576,4,67568,1
opt_ood,log16,production_blocked,8,32,114869.781,1048576,20,133328,1
opt_ood,log16,production_blocked,9,32,80406.250,1048576,20,133328,1
opt_ood,log16,reuse_products,9,32,122063.812,1048576,3,67312,1
opt_ood,log16,vector_products,9,32,119579.438,1048576,4,67568,1
opt_ood,log16,prepared_products,9,32,111614.594,1048576,4,67568,1
opt_ood,log16,indexed_products,9,32,108705.750,1048576,3,67312,1
opt_ood,log16,collect_products,9,32,120789.062,1048576,4,67568,1
opt_ood,log16,reuse_products,10,32,179790.344,1048576,3,67312,1
opt_ood,log16,production_blocked,10,32,91548.188,1048576,20,133328,1
opt_ood,log16,prepared_products,10,32,114496.094,1048576,4,67568,1
opt_ood,log16,vector_products,10,32,122949.219,1048576,4,67568,1
opt_ood,log16,collect_products,10,32,130717.438,1048576,4,67568,1
opt_ood,log16,indexed_products,10,32,110180.969,1048576,3,67312,1
opt_ood,log16,collect_products,11,32,128760.438,1048576,4,67568,1
opt_ood,log16,vector_products,11,32,112446.625,1048576,4,67568,1
opt_ood,log16,prepared_products,11,32,112641.938,1048576,4,67568,1
opt_ood,log16,indexed_products,11,32,112789.062,1048576,3,67312,1
opt_ood,log16,reuse_products,11,32,128899.719,1048576,3,67312,1
opt_ood,log16,production_blocked,11,32,111347.656,1048576,20,133328,1
opt_ood,log16,collect_products,12,32,145925.781,1048576,4,67568,1
opt_ood,log16,prepared_products,12,32,106699.219,1048576,4,67568,1
opt_ood,log16,reuse_products,12,32,112384.094,1048576,3,67312,1
opt_ood,log16,vector_products,12,32,111973.969,1048576,4,67568,1
opt_ood,log16,indexed_products,12,32,111486.969,1048576,3,67312,1
opt_ood,log16,production_blocked,12,32,114628.906,1048576,20,133328,1
opt_ood,log16,vector_products,13,32,125507.812,1048576,4,67568,1
opt_ood,log16,prepared_products,13,32,98713.531,1048576,4,67568,1
opt_ood,log16,indexed_products,13,32,128070.312,1048576,3,67312,1
opt_ood,log16,reuse_products,13,32,166014.344,1048576,3,67312,1
opt_ood,log16,collect_products,13,32,117925.781,1048576,4,67568,1
opt_ood,log16,production_blocked,13,32,104080.750,1048576,20,133328,1
opt_ood,log16,vector_products,14,32,111381.500,1048576,4,67568,1
opt_ood,log16,production_blocked,14,32,83742.188,1048576,20,133328,1
opt_ood,log16,indexed_products,14,32,109243.500,1048576,3,67312,1
opt_ood,log16,reuse_products,14,32,115503.906,1048576,3,67312,1
opt_ood,log16,collect_products,14,32,118113.281,1048576,4,67568,1
opt_ood,log16,prepared_products,14,32,118878.906,1048576,4,67568,1
opt_ood,log16,production_blocked,15,32,105408.844,1048576,20,133328,1
opt_ood,log16,vector_products,15,32,104268.250,1048576,4,67568,1
opt_ood,log16,reuse_products,15,32,127768.219,1048576,3,67312,1
opt_ood,log16,indexed_products,15,32,113272.156,1048576,3,67312,1
opt_ood,log16,prepared_products,15,32,125694.000,1048576,4,67568,1
opt_ood,log16,collect_products,15,32,109847.656,1048576,4,67568,1
opt_ood,log16,vector_products,16,32,118947.906,1048576,4,67568,1
opt_ood,log16,indexed_products,16,32,114425.781,1048576,3,67312,1
opt_ood,log16,production_blocked,16,32,100187.500,1048576,20,133328,1
opt_ood,log16,collect_products,16,32,129949.219,1048576,4,67568,1
opt_ood,log16,prepared_products,16,32,125272.125,1048576,4,67568,1
opt_ood,log16,reuse_products,16,32,140026.062,1048576,3,67312,1
opt_ood,log16,collect_products,17,32,130924.469,1048576,4,67568,1
opt_ood,log16,production_blocked,17,32,103153.656,1048576,20,133328,1
opt_ood,log16,vector_products,17,32,113591.125,1048576,4,67568,1
opt_ood,log16,prepared_products,17,32,120352.844,1048576,4,67568,1
opt_ood,log16,indexed_products,17,32,124894.531,1048576,3,67312,1
opt_ood,log16,reuse_products,17,32,113269.531,1048576,3,67312,1
opt_ood,log16,collect_products,18,32,141393.219,1048576,4,67568,1
opt_ood,log16,indexed_products,18,32,128270.812,1048576,3,67312,1
opt_ood,log16,reuse_products,18,32,128834.625,1048576,3,67312,1
opt_ood,log16,production_blocked,18,32,90346.344,1048576,20,133328,1
opt_ood,log16,prepared_products,18,32,114723.969,1048576,4,67568,1
opt_ood,log16,vector_products,18,32,128165.375,1048576,4,67568,1
opt_ood,log16,production_blocked,19,32,107949.219,1048576,20,133328,1
opt_ood,log16,prepared_products,19,32,138837.250,1048576,4,67568,1
opt_ood,log16,indexed_products,19,32,136083.312,1048576,3,67312,1
opt_ood,log16,vector_products,19,32,112842.438,1048576,4,67568,1
opt_ood,log16,reuse_products,19,32,115434.906,1048576,3,67312,1
opt_ood,log16,collect_products,19,32,146427.062,1048576,4,67568,1
opt_ood,log16,prepared_products,20,32,140272.125,1048576,4,67568,1
opt_ood,log16,collect_products,20,32,104859.375,1048576,4,67568,1
opt_ood,log16,vector_products,20,32,108191.406,1048576,4,67568,1
opt_ood,log16,production_blocked,20,32,106996.094,1048576,20,133328,1
opt_ood,log16,reuse_products,20,32,114944.031,1048576,3,67312,1
opt_ood,log16,indexed_products,20,32,115420.562,1048576,3,67312,1
opt_ood,log16,vector_products,21,32,132347.656,1048576,4,67568,1
opt_ood,log16,production_blocked,21,32,105212.250,1048576,20,133328,1
opt_ood,log16,indexed_products,21,32,104533.844,1048576,3,67312,1
opt_ood,log16,prepared_products,21,32,144216.156,1048576,4,67568,1
opt_ood,log16,reuse_products,21,32,142468.750,1048576,3,67312,1
opt_ood,log16,collect_products,21,32,101274.750,1048576,4,67568,1
opt_ood,log16,indexed_products,22,32,118885.406,1048576,3,67312,1
opt_ood,log16,production_blocked,22,32,101572.906,1048576,20,133328,1
opt_ood,log16,collect_products,22,32,80454.438,1048576,4,67568,1
opt_ood,log16,prepared_products,22,32,80768.219,1048576,4,67568,1
opt_ood,log16,reuse_products,22,32,91473.969,1048576,3,67312,1
opt_ood,log16,vector_products,22,32,77148.438,1048576,4,67568,1
opt_ood,log16,production_blocked,23,32,86988.281,1048576,20,133328,1
opt_ood,log16,prepared_products,23,32,133885.406,1048576,4,67568,1
opt_ood,log16,indexed_products,23,32,116350.250,1048576,3,67312,1
opt_ood,log16,vector_products,23,32,143300.781,1048576,4,67568,1
opt_ood,log16,collect_products,23,32,136200.500,1048576,4,67568,1
opt_ood,log16,reuse_products,23,32,128617.188,1048576,3,67312,1
opt_ood,log16,prepared_products,24,32,93878.906,1048576,4,67568,1
opt_ood,log16,collect_products,24,32,117501.281,1048576,4,67568,1
opt_ood,log16,vector_products,24,32,111735.688,1048576,4,67568,1
opt_ood,log16,indexed_products,24,32,96554.688,1048576,3,67312,1
opt_ood,log16,reuse_products,24,32,128019.531,1048576,3,67312,1
opt_ood,log16,production_blocked,24,32,97044.250,1048576,20,133328,1
opt_ood,log16,prepared_products,25,32,108447.906,1048576,4,67568,1
opt_ood,log16,collect_products,25,32,123759.094,1048576,4,67568,1
opt_ood,log16,reuse_products,25,32,128875.000,1048576,3,67312,1
opt_ood,log16,vector_products,25,32,137013.031,1048576,4,67568,1
opt_ood,log16,indexed_products,25,32,124555.969,1048576,3,67312,1
opt_ood,log16,production_blocked,25,32,114460.938,1048576,20,133328,1
opt_ood,log16,collect_products,26,32,127427.062,1048576,4,67568,1
opt_ood,log16,vector_products,26,32,134238.281,1048576,4,67568,1
opt_ood,log16,reuse_products,26,32,124138.031,1048576,3,67312,1
opt_ood,log16,prepared_products,26,32,107471.344,1048576,4,67568,1
opt_ood,log16,production_blocked,26,32,85636.719,1048576,20,133328,1
opt_ood,log16,indexed_products,26,32,119915.375,1048576,3,67312,1
opt_ood,log16,production_blocked,27,32,127765.625,1048576,20,133328,1
opt_ood,log16,collect_products,27,32,101040.375,1048576,4,67568,1
opt_ood,log16,prepared_products,27,32,104371.094,1048576,4,67568,1
opt_ood,log16,indexed_products,27,32,119898.438,1048576,3,67312,1
opt_ood,log16,reuse_products,27,32,133147.125,1048576,3,67312,1
opt_ood,log16,vector_products,27,32,120157.562,1048576,4,67568,1
opt_ood,log16,indexed_products,28,32,123390.625,1048576,3,67312,1
opt_ood,log16,vector_products,28,32,117708.312,1048576,4,67568,1
opt_ood,log16,prepared_products,28,32,132291.656,1048576,4,67568,1
opt_ood,log16,production_blocked,28,32,124596.375,1048576,20,133328,1
opt_ood,log16,reuse_products,28,32,105075.500,1048576,3,67312,1
opt_ood,log16,collect_products,28,32,108931.000,1048576,4,67568,1
opt_ood,log16,indexed_products,29,32,152058.594,1048576,3,67312,1
opt_ood,log16,prepared_products,29,32,126121.094,1048576,4,67568,1
opt_ood,log16,production_blocked,29,32,99628.906,1048576,20,133328,1
opt_ood,log16,collect_products,29,32,105864.562,1048576,4,67568,1
opt_ood,log16,vector_products,29,32,135605.469,1048576,4,67568,1
opt_ood,log16,reuse_products,29,32,120850.250,1048576,3,67312,1
opt_ood,log16,collect_products,30,32,134164.062,1048576,4,67568,1
opt_ood,log16,production_blocked,30,32,113776.031,1048576,20,133328,1
opt_ood,log16,vector_products,30,32,129562.500,1048576,4,67568,1
opt_ood,log16,prepared_products,30,32,112803.375,1048576,4,67568,1
opt_ood,log16,indexed_products,30,32,116641.938,1048576,3,67312,1
opt_ood,log16,reuse_products,30,32,112213.531,1048576,3,67312,1
opt_ood,log16,vector_products,31,32,132716.156,1048576,4,67568,1
opt_ood,log16,indexed_products,31,32,121816.406,1048576,3,67312,1
opt_ood,log16,collect_products,31,32,116906.250,1048576,4,67568,1
opt_ood,log16,production_blocked,31,32,97388.031,1048576,20,133328,1
opt_ood,log16,reuse_products,31,32,114070.312,1048576,3,67312,1
opt_ood,log16,prepared_products,31,32,131893.219,1048576,4,67568,1
opt_ood_reuse,log16,allocate,0,32,89058.594,1048576,3,67312,1
opt_ood_reuse,log16,scratch,0,32,97636.719,1048576,1,1520,1
opt_ood_reuse,log16,indexed_scratch,0,32,108250.000,1048576,1,1520,1
opt_ood_reuse,log16,indexed_scratch,1,32,96450.531,1048576,1,1520,1
opt_ood_reuse,log16,scratch,1,32,86199.219,1048576,1,1520,1
opt_ood_reuse,log16,allocate,1,32,80589.844,1048576,3,67312,1
opt_ood_reuse,log16,scratch,2,32,98079.438,1048576,1,1520,1
opt_ood_reuse,log16,allocate,2,32,86795.562,1048576,3,67312,1
opt_ood_reuse,log16,indexed_scratch,2,32,94154.938,1048576,1,1520,1
opt_ood_reuse,log16,allocate,3,32,109502.625,1048576,3,67312,1
opt_ood_reuse,log16,indexed_scratch,3,32,127774.750,1048576,1,1520,1
opt_ood_reuse,log16,scratch,3,32,138869.812,1048576,1,1520,1
opt_ood_reuse,log16,allocate,4,32,107657.562,1048576,3,67312,1
opt_ood_reuse,log16,indexed_scratch,4,32,118414.062,1048576,1,1520,1
opt_ood_reuse,log16,scratch,4,32,123786.469,1048576,1,1520,1
opt_ood_reuse,log16,scratch,5,32,119042.969,1048576,1,1520,1
opt_ood_reuse,log16,allocate,5,32,109227.875,1048576,3,67312,1
opt_ood_reuse,log16,indexed_scratch,5,32,105565.094,1048576,1,1520,1
opt_ood_reuse,log16,indexed_scratch,6,32,128527.344,1048576,1,1520,1
opt_ood_reuse,log16,allocate,6,32,108601.562,1048576,3,67312,1
opt_ood_reuse,log16,scratch,6,32,101703.125,1048576,1,1520,1
opt_ood_reuse,log16,indexed_scratch,7,32,104385.438,1048576,1,1520,1
opt_ood_reuse,log16,scratch,7,32,92494.781,1048576,1,1520,1
opt_ood_reuse,log16,allocate,7,32,80628.906,1048576,3,67312,1
opt_ood_reuse,log16,scratch,8,32,74897.125,1048576,1,1520,1
opt_ood_reuse,log16,allocate,8,32,92263.031,1048576,3,67312,1
opt_ood_reuse,log16,indexed_scratch,8,32,98002.594,1048576,1,1520,1
opt_ood_reuse,log16,scratch,9,32,95988.281,1048576,1,1520,1
opt_ood_reuse,log16,indexed_scratch,9,32,98291.656,1048576,1,1520,1
opt_ood_reuse,log16,allocate,9,32,78019.531,1048576,3,67312,1
opt_ood_reuse,log16,indexed_scratch,10,32,87769.531,1048576,1,1520,1
opt_ood_reuse,log16,allocate,10,32,86975.250,1048576,3,67312,1
opt_ood_reuse,log16,scratch,10,32,95535.156,1048576,1,1520,1
opt_ood_reuse,log16,scratch,11,32,96358.062,1048576,1,1520,1
opt_ood_reuse,log16,allocate,11,32,102045.562,1048576,3,67312,1
opt_ood_reuse,log16,indexed_scratch,11,32,86669.281,1048576,1,1520,1
opt_ood_reuse,log16,allocate,12,32,97868.469,1048576,3,67312,1
opt_ood_reuse,log16,scratch,12,32,100786.469,1048576,1,1520,1
opt_ood_reuse,log16,indexed_scratch,12,32,103380.219,1048576,1,1520,1
opt_ood_reuse,log16,scratch,13,32,98037.781,1048576,1,1520,1
opt_ood_reuse,log16,indexed_scratch,13,32,92644.531,1048576,1,1520,1
opt_ood_reuse,log16,allocate,13,32,72653.656,1048576,3,67312,1
opt_ood_reuse,log16,indexed_scratch,14,32,108494.781,1048576,1,1520,1
opt_ood_reuse,log16,scratch,14,32,113984.375,1048576,1,1520,1
opt_ood_reuse,log16,allocate,14,32,91847.656,1048576,3,67312,1
opt_ood_reuse,log16,indexed_scratch,15,32,110687.500,1048576,1,1520,1
opt_ood_reuse,log16,allocate,15,32,71121.094,1048576,3,67312,1
opt_ood_reuse,log16,scratch,15,32,95472.656,1048576,1,1520,1
opt_ood_reuse,log16,scratch,16,32,91483.062,1048576,1,1520,1
opt_ood_reuse,log16,indexed_scratch,16,32,101096.375,1048576,1,1520,1
opt_ood_reuse,log16,allocate,16,32,87630.188,1048576,3,67312,1
opt_ood_reuse,log16,indexed_scratch,17,32,85820.312,1048576,1,1520,1
opt_ood_reuse,log16,allocate,17,32,79989.594,1048576,3,67312,1
opt_ood_reuse,log16,scratch,17,32,93690.094,1048576,1,1520,1
opt_ood_reuse,log16,scratch,18,32,90326.812,1048576,1,1520,1
opt_ood_reuse,log16,indexed_scratch,18,32,84234.375,1048576,1,1520,1
opt_ood_reuse,log16,allocate,18,32,76178.406,1048576,3,67312,1
opt_ood_reuse,log16,scratch,19,32,77526.031,1048576,1,1520,1
opt_ood_reuse,log16,indexed_scratch,19,32,83363.281,1048576,1,1520,1
opt_ood_reuse,log16,allocate,19,32,77187.500,1048576,3,67312,1
opt_ood_reuse,log16,allocate,20,32,91684.906,1048576,3,67312,1
opt_ood_reuse,log16,scratch,20,32,95286.469,1048576,1,1520,1
opt_ood_reuse,log16,indexed_scratch,20,32,97076.812,1048576,1,1520,1
opt_ood_reuse,log16,indexed_scratch,21,32,123255.188,1048576,1,1520,1
opt_ood_reuse,log16,allocate,21,32,134480.469,1048576,3,67312,1
opt_ood_reuse,log16,scratch,21,32,125770.812,1048576,1,1520,1
opt_ood_reuse,log16,allocate,22,32,114487.000,1048576,3,67312,1
opt_ood_reuse,log16,scratch,22,32,114145.844,1048576,1,1520,1
opt_ood_reuse,log16,indexed_scratch,22,32,112932.312,1048576,1,1520,1
opt_ood_reuse,log16,indexed_scratch,23,32,122208.344,1048576,1,1520,1
opt_ood_reuse,log16,scratch,23,32,106333.344,1048576,1,1520,1
opt_ood_reuse,log16,allocate,23,32,116283.844,1048576,3,67312,1
opt_ood_reuse,log16,allocate,24,32,95214.844,1048576,3,67312,1
opt_ood_reuse,log16,indexed_scratch,24,32,131761.719,1048576,1,1520,1
opt_ood_reuse,log16,scratch,24,32,130717.469,1048576,1,1520,1
opt_ood_reuse,log16,scratch,25,32,119738.281,1048576,1,1520,1
opt_ood_reuse,log16,indexed_scratch,25,32,131384.125,1048576,1,1520,1
opt_ood_reuse,log16,allocate,25,32,116489.594,1048576,3,67312,1
opt_ood_reuse,log16,scratch,26,32,125186.188,1048576,1,1520,1
opt_ood_reuse,log16,indexed_scratch,26,32,124790.344,1048576,1,1520,1
opt_ood_reuse,log16,allocate,26,32,123058.594,1048576,3,67312,1
opt_ood_reuse,log16,allocate,27,32,73815.125,1048576,3,67312,1
opt_ood_reuse,log16,indexed_scratch,27,32,86091.125,1048576,1,1520,1
opt_ood_reuse,log16,scratch,27,32,97920.594,1048576,1,1520,1
opt_ood_reuse,log16,indexed_scratch,28,32,99824.219,1048576,1,1520,1
opt_ood_reuse,log16,allocate,28,32,90050.781,1048576,3,67312,1
opt_ood_reuse,log16,scratch,28,32,86829.438,1048576,1,1520,1
opt_ood_reuse,log16,scratch,29,32,90401.031,1048576,1,1520,1
opt_ood_reuse,log16,indexed_scratch,29,32,86838.531,1048576,1,1520,1
opt_ood_reuse,log16,allocate,29,32,83609.375,1048576,3,67312,1
opt_ood_reuse,log16,allocate,30,32,94322.938,1048576,3,67312,1
opt_ood_reuse,log16,scratch,30,32,80356.750,1048576,1,1520,1
opt_ood_reuse,log16,indexed_scratch,30,32,68846.375,1048576,1,1520,1
opt_ood_reuse,log16,allocate,31,32,82233.062,1048576,3,67312,1
opt_ood_reuse,log16,scratch,31,32,88593.750,1048576,1,1520,1
opt_ood_reuse,log16,indexed_scratch,31,32,99390.625,1048576,1,1520,1
opt_ood,log18,vector_products,0,16,153580.750,4194304,4,69104,1
opt_ood,log18,indexed_products,0,16,145559.875,4194304,3,68080,1
opt_ood,log18,collect_products,0,16,144309.875,4194304,4,69104,1
opt_ood,log18,reuse_products,0,16,148117.188,4194304,3,68080,1
opt_ood,log18,prepared_products,0,16,148132.812,4194304,4,69104,1
opt_ood,log18,production_blocked,0,16,137648.438,4194304,22,135632,1
opt_ood,log18,production_blocked,1,16,109127.625,4194304,22,135632,1
opt_ood,log18,indexed_products,1,16,129822.938,4194304,3,68080,1
opt_ood,log18,prepared_products,1,16,140424.438,4194304,4,69104,1
opt_ood,log18,vector_products,1,16,149645.812,4194304,4,69104,1
opt_ood,log18,collect_products,1,16,119875.000,4194304,4,69104,1
opt_ood,log18,reuse_products,1,16,132713.562,4194304,3,68080,1
opt_ood,log18,prepared_products,2,16,128929.688,4194304,4,69104,1
opt_ood,log18,reuse_products,2,16,124737.000,4194304,3,68080,1
opt_ood,log18,vector_products,2,16,150773.438,4194304,4,69104,1
opt_ood,log18,collect_products,2,16,137065.125,4194304,4,69104,1
opt_ood,log18,production_blocked,2,16,123054.688,4194304,22,135632,1
opt_ood,log18,indexed_products,2,16,133804.688,4194304,3,68080,1
opt_ood,log18,collect_products,3,16,145653.688,4194304,4,69104,1
opt_ood,log18,prepared_products,3,16,144278.625,4194304,4,69104,1
opt_ood,log18,reuse_products,3,16,153377.625,4194304,3,68080,1
opt_ood,log18,vector_products,3,16,116343.750,4194304,4,69104,1
opt_ood,log18,production_blocked,3,16,123679.688,4194304,22,135632,1
opt_ood,log18,indexed_products,3,16,126671.875,4194304,3,68080,1
opt_ood,log18,prepared_products,4,16,149091.125,4194304,4,69104,1
opt_ood,log18,reuse_products,4,16,134898.438,4194304,3,68080,1
opt_ood,log18,indexed_products,4,16,154997.438,4194304,3,68080,1
opt_ood,log18,vector_products,4,16,136557.312,4194304,4,69104,1
opt_ood,log18,collect_products,4,16,130911.500,4194304,4,69104,1
opt_ood,log18,production_blocked,4,16,115309.875,4194304,22,135632,1
opt_ood,log18,indexed_products,5,16,137544.250,4194304,3,68080,1
opt_ood,log18,prepared_products,5,16,133700.500,4194304,4,69104,1
opt_ood,log18,collect_products,5,16,145588.562,4194304,4,69104,1
opt_ood,log18,vector_products,5,16,144273.438,4194304,4,69104,1
opt_ood,log18,production_blocked,5,16,125963.500,4194304,22,135632,1
opt_ood,log18,reuse_products,5,16,123114.562,4194304,3,68080,1
opt_ood,log18,production_blocked,6,16,116885.438,4194304,22,135632,1
opt_ood,log18,collect_products,6,16,119921.875,4194304,4,69104,1
opt_ood,log18,reuse_products,6,16,125979.188,4194304,3,68080,1
opt_ood,log18,indexed_products,6,16,143187.500,4194304,3,68080,1
opt_ood,log18,prepared_products,6,16,149747.375,4194304,4,69104,1
opt_ood,log18,vector_products,6,16,156408.875,4194304,4,69104,1
opt_ood,log18,production_blocked,7,16,131002.625,4194304,22,135632,1
opt_ood,log18,prepared_products,7,16,131601.562,4194304,4,69104,1
opt_ood,log18,collect_products,7,16,130320.312,4194304,4,69104,1
opt_ood,log18,reuse_products,7,16,117984.375,4194304,3,68080,1
opt_ood,log18,indexed_products,7,16,136000.000,4194304,3,68080,1
opt_ood,log18,vector_products,7,16,147955.750,4194304,4,69104,1
opt_ood,log18,indexed_products,8,16,144291.688,4194304,3,68080,1
opt_ood,log18,vector_products,8,16,145552.125,4194304,4,69104,1
opt_ood,log18,collect_products,8,16,133260.438,4194304,4,69104,1
opt_ood,log18,production_blocked,8,16,129484.375,4194304,22,135632,1
opt_ood,log18,prepared_products,8,16,127020.812,4194304,4,69104,1
opt_ood,log18,reuse_products,8,16,118492.188,4194304,3,68080,1
opt_ood,log18,indexed_products,9,16,141341.188,4194304,3,68080,1
opt_ood,log18,prepared_products,9,16,132606.750,4194304,4,69104,1
opt_ood,log18,collect_products,9,16,140049.500,4194304,4,69104,1
opt_ood,log18,reuse_products,9,16,145760.375,4194304,3,68080,1
opt_ood,log18,production_blocked,9,16,135895.875,4194304,22,135632,1
opt_ood,log18,vector_products,9,16,127854.188,4194304,4,69104,1
opt_ood,log18,collect_products,10,16,124408.875,4194304,4,69104,1
opt_ood,log18,production_blocked,10,16,110354.188,4194304,22,135632,1
opt_ood,log18,reuse_products,10,16,140057.312,4194304,3,68080,1
opt_ood,log18,indexed_products,10,16,133421.875,4194304,3,68080,1
opt_ood,log18,prepared_products,10,16,136210.938,4194304,4,69104,1
opt_ood,log18,vector_products,10,16,152942.688,4194304,4,69104,1
opt_ood,log18,indexed_products,11,16,126291.688,4194304,3,68080,1
opt_ood,log18,collect_products,11,16,142296.875,4194304,4,69104,1
opt_ood,log18,prepared_products,11,16,141315.062,4194304,4,69104,1
opt_ood,log18,production_blocked,11,16,116593.750,4194304,22,135632,1
opt_ood,log18,reuse_products,11,16,137273.438,4194304,3,68080,1
opt_ood,log18,vector_products,11,16,147179.688,4194304,4,69104,1
opt_ood,log18,reuse_products,12,16,139039.062,4194304,3,68080,1
opt_ood,log18,production_blocked,12,16,111643.188,4194304,22,135632,1
opt_ood,log18,collect_products,12,16,130263.000,4194304,4,69104,1
opt_ood,log18,vector_products,12,16,152348.938,4194304,4,69104,1
opt_ood,log18,indexed_products,12,16,131757.812,4194304,3,68080,1
opt_ood,log18,prepared_products,12,16,130385.375,4194304,4,69104,1
opt_ood,log18,collect_products,13,16,144028.688,4194304,4,69104,1
opt_ood,log18,reuse_products,13,16,140296.875,4194304,3,68080,1
opt_ood,log18,indexed_products,13,16,150018.250,4194304,3,68080,1
opt_ood,log18,production_blocked,13,16,106622.375,4194304,22,135632,1
opt_ood,log18,vector_products,13,16,147434.875,4194304,4,69104,1
opt_ood,log18,prepared_products,13,16,130744.812,4194304,4,69104,1
opt_ood,log18,reuse_products,14,16,117145.812,4194304,3,68080,1
opt_ood,log18,vector_products,14,16,121320.312,4194304,4,69104,1
opt_ood,log18,prepared_products,14,16,132158.875,4194304,4,69104,1
opt_ood,log18,production_blocked,14,16,122841.125,4194304,22,135632,1
opt_ood,log18,collect_products,14,16,136421.875,4194304,4,69104,1
opt_ood,log18,indexed_products,14,16,132028.688,4194304,3,68080,1
opt_ood,log18,collect_products,15,16,134901.062,4194304,4,69104,1
opt_ood,log18,prepared_products,15,16,138786.438,4194304,4,69104,1
opt_ood,log18,production_blocked,15,16,128421.875,4194304,22,135632,1
opt_ood,log18,vector_products,15,16,150903.688,4194304,4,69104,1
opt_ood,log18,reuse_products,15,16,133513.000,4194304,3,68080,1
opt_ood,log18,indexed_products,15,16,145859.375,4194304,3,68080,1
opt_ood,log18,vector_products,16,16,140278.625,4194304,4,69104,1
opt_ood,log18,prepared_products,16,16,156479.125,4194304,4,69104,1
opt_ood,log18,indexed_products,16,16,153911.438,4194304,3,68080,1
opt_ood,log18,reuse_products,16,16,144695.312,4194304,3,68080,1
opt_ood,log18,production_blocked,16,16,164721.312,4194304,22,135632,1
opt_ood,log18,collect_products,16,16,145544.312,4194304,4,69104,1
opt_ood,log18,production_blocked,17,16,117437.500,4194304,22,135632,1
opt_ood,log18,indexed_products,17,16,133239.562,4194304,3,68080,1
opt_ood,log18,collect_products,17,16,122239.562,4194304,4,69104,1
opt_ood,log18,prepared_products,17,16,179783.875,4194304,4,69104,1
opt_ood,log18,reuse_products,17,16,163815.062,4194304,3,68080,1
opt_ood,log18,vector_products,17,16,192882.812,4194304,4,69104,1
opt_ood,log18,production_blocked,18,16,133112.000,4194304,22,135632,1
opt_ood,log18,indexed_products,18,16,151307.250,4194304,3,68080,1
opt_ood,log18,vector_products,18,16,154479.188,4194304,4,69104,1
opt_ood,log18,collect_products,18,16,188682.250,4194304,4,69104,1
opt_ood,log18,prepared_products,18,16,190085.938,4194304,4,69104,1
opt_ood,log18,reuse_products,18,16,162583.312,4194304,3,68080,1
opt_ood,log18,collect_products,19,16,160984.375,4194304,4,69104,1
opt_ood,log18,vector_products,19,16,151033.875,4194304,4,69104,1
opt_ood,log18,indexed_products,19,16,152888.062,4194304,3,68080,1
opt_ood,log18,reuse_products,19,16,173963.500,4194304,3,68080,1
opt_ood,log18,production_blocked,19,16,153882.812,4194304,22,135632,1
opt_ood,log18,prepared_products,19,16,180328.125,4194304,4,69104,1
opt_ood,log18,prepared_products,20,16,180619.750,4194304,4,69104,1
opt_ood,log18,vector_products,20,16,167114.562,4194304,4,69104,1
opt_ood,log18,indexed_products,20,16,171315.125,4194304,3,68080,1
opt_ood,log18,production_blocked,20,16,169966.188,4194304,22,135632,1
opt_ood,log18,collect_products,20,16,190690.125,4194304,4,69104,1
opt_ood,log18,reuse_products,20,16,170552.125,4194304,3,68080,1
opt_ood,log18,indexed_products,21,16,150362.000,4194304,3,68080,1
opt_ood,log18,reuse_products,21,16,124557.250,4194304,3,68080,1
opt_ood,log18,production_blocked,21,16,147312.500,4194304,22,135632,1
opt_ood,log18,prepared_products,21,16,163552.125,4194304,4,69104,1
opt_ood,log18,vector_products,21,16,185648.438,4194304,4,69104,1
opt_ood,log18,collect_products,21,16,182375.000,4194304,4,69104,1
opt_ood,log18,production_blocked,22,16,152695.312,4194304,22,135632,1
opt_ood,log18,collect_products,22,16,130174.438,4194304,4,69104,1
opt_ood,log18,indexed_products,22,16,146585.938,4194304,3,68080,1
opt_ood,log18,vector_products,22,16,182661.438,4194304,4,69104,1
opt_ood,log18,reuse_products,22,16,154533.875,4194304,3,68080,1
opt_ood,log18,prepared_products,22,16,151333.312,4194304,4,69104,1
opt_ood,log18,vector_products,23,16,142125.000,4194304,4,69104,1
opt_ood,log18,production_blocked,23,16,142393.250,4194304,22,135632,1
opt_ood,log18,prepared_products,23,16,136789.062,4194304,4,69104,1
opt_ood,log18,indexed_products,23,16,148695.312,4194304,3,68080,1
opt_ood,log18,collect_products,23,16,142632.812,4194304,4,69104,1
opt_ood,log18,reuse_products,23,16,151601.562,4194304,3,68080,1
opt_ood,log18,production_blocked,24,16,177473.938,4194304,22,135632,1
opt_ood,log18,reuse_products,24,16,156273.438,4194304,3,68080,1
opt_ood,log18,vector_products,24,16,163044.250,4194304,4,69104,1
opt_ood,log18,indexed_products,24,16,139968.750,4194304,3,68080,1
opt_ood,log18,collect_products,24,16,170768.250,4194304,4,69104,1
opt_ood,log18,prepared_products,24,16,147671.875,4194304,4,69104,1
opt_ood,log18,collect_products,25,16,151859.375,4194304,4,69104,1
opt_ood,log18,indexed_products,25,16,135359.375,4194304,3,68080,1
opt_ood,log18,production_blocked,25,16,140661.438,4194304,22,135632,1
opt_ood,log18,reuse_products,25,16,135541.625,4194304,3,68080,1
opt_ood,log18,vector_products,25,16,152955.750,4194304,4,69104,1
opt_ood,log18,prepared_products,25,16,162932.312,4194304,4,69104,1
opt_ood,log18,prepared_products,26,16,144494.812,4194304,4,69104,1
opt_ood,log18,production_blocked,26,16,140955.750,4194304,22,135632,1
opt_ood,log18,collect_products,26,16,129421.875,4194304,4,69104,1
opt_ood,log18,reuse_products,26,16,140445.312,4194304,3,68080,1
opt_ood,log18,vector_products,26,16,131723.938,4194304,4,69104,1
opt_ood,log18,indexed_products,26,16,147888.000,4194304,3,68080,1
opt_ood,log18,production_blocked,27,16,104625.000,4194304,22,135632,1
opt_ood,log18,reuse_products,27,16,157213.500,4194304,3,68080,1
opt_ood,log18,prepared_products,27,16,122031.250,4194304,4,69104,1
opt_ood,log18,collect_products,27,16,127705.750,4194304,4,69104,1
opt_ood,log18,indexed_products,27,16,140104.125,4194304,3,68080,1
opt_ood,log18,vector_products,27,16,169645.812,4194304,4,69104,1
opt_ood,log18,collect_products,28,16,139895.875,4194304,4,69104,1
opt_ood,log18,prepared_products,28,16,114708.375,4194304,4,69104,1
opt_ood,log18,production_blocked,28,16,120664.062,4194304,22,135632,1
opt_ood,log18,indexed_products,28,16,130955.750,4194304,3,68080,1
opt_ood,log18,reuse_products,28,16,144588.562,4194304,3,68080,1
opt_ood,log18,vector_products,28,16,127932.312,4194304,4,69104,1
opt_ood,log18,reuse_products,29,16,133903.625,4194304,3,68080,1
opt_ood,log18,vector_products,29,16,143908.875,4194304,4,69104,1
opt_ood,log18,indexed_products,29,16,134872.438,4194304,3,68080,1
opt_ood,log18,prepared_products,29,16,188270.812,4194304,4,69104,1
opt_ood,log18,production_blocked,29,16,119765.625,4194304,22,135632,1
opt_ood,log18,collect_products,29,16,134869.812,4194304,4,69104,1
opt_ood,log18,reuse_products,30,16,132924.500,4194304,3,68080,1
opt_ood,log18,production_blocked,30,16,114315.062,4194304,22,135632,1
opt_ood,log18,collect_products,30,16,140916.688,4194304,4,69104,1
opt_ood,log18,indexed_products,30,16,185679.688,4194304,3,68080,1
opt_ood,log18,vector_products,30,16,144125.000,4194304,4,69104,1
opt_ood,log18,prepared_products,30,16,151200.500,4194304,4,69104,1
opt_ood,log18,collect_products,31,16,142380.250,4194304,4,69104,1
opt_ood,log18,prepared_products,31,16,154210.938,4194304,4,69104,1
opt_ood,log18,reuse_products,31,16,129593.750,4194304,3,68080,1
opt_ood,log18,production_blocked,31,16,137997.375,4194304,22,135632,1
opt_ood,log18,indexed_products,31,16,188442.688,4194304,3,68080,1
opt_ood,log18,vector_products,31,16,151398.438,4194304,4,69104,1
opt_ood_reuse,log18,indexed_scratch,0,32,153145.844,4194304,1,1520,1
opt_ood_reuse,log18,allocate,0,32,141023.438,4194304,3,68080,1
opt_ood_reuse,log18,scratch,0,32,141942.688,4194304,1,1520,1
opt_ood_reuse,log18,scratch,1,32,169585.938,4194304,1,1520,1
opt_ood_reuse,log18,allocate,1,32,130419.281,4194304,3,68080,1
opt_ood_reuse,log18,indexed_scratch,1,32,153195.312,4194304,1,1520,1
opt_ood_reuse,log18,indexed_scratch,2,32,146593.750,4194304,1,1520,1
opt_ood_reuse,log18,allocate,2,32,135102.844,4194304,3,68080,1
opt_ood_reuse,log18,scratch,2,32,215173.188,4194304,1,1520,1
opt_ood_reuse,log18,scratch,3,32,174117.188,4194304,1,1520,1
opt_ood_reuse,log18,allocate,3,32,147852.875,4194304,3,68080,1
opt_ood_reuse,log18,indexed_scratch,3,32,190348.969,4194304,1,1520,1
opt_ood_reuse,log18,scratch,4,32,142362.000,4194304,1,1520,1
opt_ood_reuse,log18,indexed_scratch,4,32,163924.469,4194304,1,1520,1
opt_ood_reuse,log18,allocate,4,32,209209.625,4194304,3,68080,1
opt_ood_reuse,log18,indexed_scratch,5,32,192002.594,4194304,1,1520,1
opt_ood_reuse,log18,scratch,5,32,529501.312,4194304,1,1520,1
opt_ood_reuse,log18,allocate,5,32,163951.844,4194304,3,68080,1
opt_ood_reuse,log18,scratch,6,32,195393.219,4194304,1,1520,1
opt_ood_reuse,log18,indexed_scratch,6,32,189904.938,4194304,1,1520,1
opt_ood_reuse,log18,allocate,6,32,140481.750,4194304,3,68080,1
opt_ood_reuse,log18,allocate,7,32,203005.188,4194304,3,68080,1
opt_ood_reuse,log18,indexed_scratch,7,32,175959.656,4194304,1,1520,1
opt_ood_reuse,log18,scratch,7,32,193170.562,4194304,1,1520,1
opt_ood_reuse,log18,indexed_scratch,8,32,203229.156,4194304,1,1520,1
opt_ood_reuse,log18,scratch,8,32,194389.312,4194304,1,1520,1
opt_ood_reuse,log18,allocate,8,32,188886.719,4194304,3,68080,1
opt_ood_reuse,log18,scratch,9,32,229708.344,4194304,1,1520,1
opt_ood_reuse,log18,allocate,9,32,170074.219,4194304,3,68080,1
opt_ood_reuse,log18,indexed_scratch,9,32,169632.812,4194304,1,1520,1
opt_ood_reuse,log18,allocate,10,32,152194.031,4194304,3,68080,1
opt_ood_reuse,log18,scratch,10,32,253738.281,4194304,1,1520,1
opt_ood_reuse,log18,indexed_scratch,10,32,191330.750,4194304,1,1520,1
opt_ood_reuse,log18,scratch,11,32,163912.750,4194304,1,1520,1
opt_ood_reuse,log18,indexed_scratch,11,32,257234.375,4194304,1,1520,1
opt_ood_reuse,log18,allocate,11,32,162893.219,4194304,3,68080,1
opt_ood_reuse,log18,allocate,12,32,219475.250,4194304,3,68080,1
opt_ood_reuse,log18,scratch,12,32,209151.031,4194304,1,1520,1
opt_ood_reuse,log18,indexed_scratch,12,32,166769.531,4194304,1,1520,1
opt_ood_reuse,log18,scratch,13,32,202290.375,4194304,1,1520,1
opt_ood_reuse,log18,allocate,13,32,174014.312,4194304,3,68080,1
opt_ood_reuse,log18,indexed_scratch,13,32,162983.062,4194304,1,1520,1
opt_ood_reuse,log18,indexed_scratch,14,32,233938.812,4194304,1,1520,1
opt_ood_reuse,log18,scratch,14,32,168406.250,4194304,1,1520,1
opt_ood_reuse,log18,allocate,14,32,216634.125,4194304,3,68080,1
opt_ood_reuse,log18,indexed_scratch,15,32,169187.500,4194304,1,1520,1
opt_ood_reuse,log18,scratch,15,32,172276.031,4194304,1,1520,1
opt_ood_reuse,log18,allocate,15,32,203187.500,4194304,3,68080,1
opt_ood_reuse,log18,indexed_scratch,16,32,163498.719,4194304,1,1520,1
opt_ood_reuse,log18,scratch,16,32,173458.344,4194304,1,1520,1
opt_ood_reuse,log18,allocate,16,32,205276.031,4194304,3,68080,1
opt_ood_reuse,log18,indexed_scratch,17,32,169951.812,4194304,1,1520,1
opt_ood_reuse,log18,scratch,17,32,275334.625,4194304,1,1520,1
opt_ood_reuse,log18,allocate,17,32,185679.688,4194304,3,68080,1
opt_ood_reuse,log18,indexed_scratch,18,32,174018.250,4194304,1,1520,1
opt_ood_reuse,log18,allocate,18,32,173841.156,4194304,3,68080,1
opt_ood_reuse,log18,scratch,18,32,153861.969,4194304,1,1520,1
opt_ood_reuse,log18,allocate,19,32,154424.469,4194304,3,68080,1
opt_ood_reuse,log18,indexed_scratch,19,32,209341.156,4194304,1,1520,1
opt_ood_reuse,log18,scratch,19,32,178917.969,4194304,1,1520,1
opt_ood_reuse,log18,allocate,20,32,175447.906,4194304,3,68080,1
opt_ood_reuse,log18,indexed_scratch,20,32,223303.406,4194304,1,1520,1
opt_ood_reuse,log18,scratch,20,32,194899.719,4194304,1,1520,1
opt_ood_reuse,log18,allocate,21,32,159770.812,4194304,3,68080,1
opt_ood_reuse,log18,indexed_scratch,21,32,231884.125,4194304,1,1520,1
opt_ood_reuse,log18,scratch,21,32,188298.156,4194304,1,1520,1
opt_ood_reuse,log18,indexed_scratch,22,32,186987.000,4194304,1,1520,1
opt_ood_reuse,log18,scratch,22,32,163567.719,4194304,1,1520,1
opt_ood_reuse,log18,allocate,22,32,139721.344,4194304,3,68080,1
opt_ood_reuse,log18,allocate,23,32,152365.906,4194304,3,68080,1
opt_ood_reuse,log18,indexed_scratch,23,32,178375.000,4194304,1,1520,1
opt_ood_reuse,log18,scratch,23,32,151695.312,4194304,1,1520,1
opt_ood_reuse,log18,allocate,24,32,160048.188,4194304,3,68080,1
opt_ood_reuse,log18,scratch,24,32,163183.594,4194304,1,1520,1
opt_ood_reuse,log18,indexed_scratch,24,32,166161.438,4194304,1,1520,1
opt_ood_reuse,log18,scratch,25,32,192376.312,4194304,1,1520,1
opt_ood_reuse,log18,allocate,25,32,171826.844,4194304,3,68080,1
opt_ood_reuse,log18,indexed_scratch,25,32,166391.938,4194304,1,1520,1
opt_ood_reuse,log18,scratch,26,32,151808.594,4194304,1,1520,1
opt_ood_reuse,log18,allocate,26,32,196757.812,4194304,3,68080,1
opt_ood_reuse,log18,indexed_scratch,26,32,170651.031,4194304,1,1520,1
opt_ood_reuse,log18,indexed_scratch,27,32,181053.375,4194304,1,1520,1
opt_ood_reuse,log18,allocate,27,32,201710.938,4194304,3,68080,1
opt_ood_reuse,log18,scratch,27,32,156976.562,4194304,1,1520,1
opt_ood_reuse,log18,scratch,28,32,263039.062,4194304,1,1520,1
opt_ood_reuse,log18,allocate,28,32,208830.719,4194304,3,68080,1
opt_ood_reuse,log18,indexed_scratch,28,32,184705.719,4194304,1,1520,1
opt_ood_reuse,log18,allocate,29,32,181216.156,4194304,3,68080,1
opt_ood_reuse,log18,scratch,29,32,154506.500,4194304,1,1520,1
opt_ood_reuse,log18,indexed_scratch,29,32,165062.500,4194304,1,1520,1
opt_ood_reuse,log18,allocate,30,32,138162.750,4194304,3,68080,1
opt_ood_reuse,log18,indexed_scratch,30,32,163987.000,4194304,1,1520,1
opt_ood_reuse,log18,scratch,30,32,157072.906,4194304,1,1520,1
opt_ood_reuse,log18,scratch,31,32,181243.500,4194304,1,1520,1
opt_ood_reuse,log18,allocate,31,32,176700.531,4194304,3,68080,1
opt_ood_reuse,log18,indexed_scratch,31,32,148720.062,4194304,1,1520,1
opt_ntt,log8_lanes1,production,0,1024,2902.792,12288,0,0,1
opt_ntt,log8_lanes1,half_depth,0,1024,3060.466,12288,0,0,1
opt_ntt,log8_lanes1,tiled_half,0,1024,3065.227,12288,0,0,1
opt_ntt,log8_lanes1,depth_first,0,1024,3667.398,12288,0,0,1
opt_ntt,log8_lanes1,production,1,1024,2945.598,12288,0,0,1
opt_ntt,log8_lanes1,half_depth,1,1024,3737.265,12288,0,0,1
opt_ntt,log8_lanes1,tiled_half,1,1024,3134.196,12288,0,0,1
opt_ntt,log8_lanes1,depth_first,1,1024,4224.243,12288,0,0,1
opt_ntt,log8_lanes1,half_depth,2,1024,3380.656,12288,0,0,1
opt_ntt,log8_lanes1,tiled_half,2,1024,3373.291,12288,0,0,1
opt_ntt,log8_lanes1,production,2,1024,3257.854,12288,0,0,1
opt_ntt,log8_lanes1,depth_first,2,1024,3815.022,12288,0,0,1
opt_ntt,log8_lanes1,production,3,1024,2944.051,12288,0,0,1
opt_ntt,log8_lanes1,half_depth,3,1024,3459.554,12288,0,0,1
opt_ntt,log8_lanes1,tiled_half,3,1024,3065.268,12288,0,0,1
opt_ntt,log8_lanes1,depth_first,3,1024,4100.668,12288,0,0,1
opt_ntt,log8_lanes1,depth_first,4,1024,3828.369,12288,0,0,1
opt_ntt,log8_lanes1,half_depth,4,1024,3420.817,12288,0,0,1
opt_ntt,log8_lanes1,production,4,1024,3476.969,12288,0,0,1
opt_ntt,log8_lanes1,tiled_half,4,1024,3814.250,12288,0,0,1
opt_ntt,log8_lanes1,half_depth,5,1024,3474.528,12288,0,0,1
opt_ntt,log8_lanes1,depth_first,5,1024,3807.658,12288,0,0,1
opt_ntt,log8_lanes1,production,5,1024,2935.263,12288,0,0,1
opt_ntt,log8_lanes1,tiled_half,5,1024,2976.848,12288,0,0,1
opt_ntt,log8_lanes1,depth_first,6,1024,3430.582,12288,0,0,1
opt_ntt,log8_lanes1,production,6,1024,2605.713,12288,0,0,1
opt_ntt,log8_lanes1,tiled_half,6,1024,2952.108,12288,0,0,1
opt_ntt,log8_lanes1,half_depth,6,1024,3118.815,12288,0,0,1
opt_ntt,log8_lanes1,half_depth,7,1024,2962.158,12288,0,0,1
opt_ntt,log8_lanes1,tiled_half,7,1024,2956.705,12288,0,0,1
opt_ntt,log8_lanes1,depth_first,7,1024,3760.782,12288,0,0,1
opt_ntt,log8_lanes1,production,7,1024,2682.780,12288,0,0,1
opt_ntt,log8_lanes1,production,8,1024,2564.372,12288,0,0,1
opt_ntt,log8_lanes1,depth_first,8,1024,3400.757,12288,0,0,1
opt_ntt,log8_lanes1,tiled_half,8,1024,2942.911,12288,0,0,1
opt_ntt,log8_lanes1,half_depth,8,1024,2918.864,12288,0,0,1
opt_ntt,log8_lanes1,production,9,1024,2647.990,12288,0,0,1
opt_ntt,log8_lanes1,half_depth,9,1024,3352.905,12288,0,0,1
opt_ntt,log8_lanes1,tiled_half,9,1024,3215.698,12288,0,0,1
opt_ntt,log8_lanes1,depth_first,9,1024,4315.471,12288,0,0,1
opt_ntt,log8_lanes1,tiled_half,10,1024,3335.001,12288,0,0,1
opt_ntt,log8_lanes1,depth_first,10,1024,3857.666,12288,0,0,1
opt_ntt,log8_lanes1,half_depth,10,1024,3225.870,12288,0,0,1
opt_ntt,log8_lanes1,production,10,1024,3363.729,12288,0,0,1
opt_ntt,log8_lanes1,depth_first,11,1024,3447.632,12288,0,0,1
opt_ntt,log8_lanes1,tiled_half,11,1024,3465.454,12288,0,0,1
opt_ntt,log8_lanes1,production,11,1024,2841.023,12288,0,0,1
opt_ntt,log8_lanes1,half_depth,11,1024,3107.869,12288,0,0,1
opt_ntt,log8_lanes1,depth_first,12,1024,3797.038,12288,0,0,1
opt_ntt,log8_lanes1,production,12,1024,2693.481,12288,0,0,1
opt_ntt,log8_lanes1,half_depth,12,1024,3359.985,12288,0,0,1
opt_ntt,log8_lanes1,tiled_half,12,1024,3042.684,12288,0,0,1
opt_ntt,log8_lanes1,production,13,1024,2616.658,12288,0,0,1
opt_ntt,log8_lanes1,tiled_half,13,1024,2969.441,12288,0,0,1
opt_ntt,log8_lanes1,depth_first,13,1024,3540.324,12288,0,0,1
opt_ntt,log8_lanes1,half_depth,13,1024,2981.445,12288,0,0,1
opt_ntt,log8_lanes1,half_depth,14,1024,2922.200,12288,0,0,1
opt_ntt,log8_lanes1,production,14,1024,2628.825,12288,0,0,1
opt_ntt,log8_lanes1,depth_first,14,1024,4136.882,12288,0,0,1
opt_ntt,log8_lanes1,tiled_half,14,1024,3281.169,12288,0,0,1
opt_ntt,log8_lanes1,half_depth,15,1024,3197.388,12288,0,0,1
opt_ntt,log8_lanes1,tiled_half,15,1024,3760.824,12288,0,0,1
opt_ntt,log8_lanes1,production,15,1024,3066.569,12288,0,0,1
opt_ntt,log8_lanes1,depth_first,15,1024,3597.290,12288,0,0,1
opt_ntt,log8_lanes1,production,16,1024,2804.402,12288,0,0,1
opt_ntt,log8_lanes1,half_depth,16,1024,3089.274,12288,0,0,1
opt_ntt,log8_lanes1,tiled_half,16,1024,3641.765,12288,0,0,1
opt_ntt,log8_lanes1,depth_first,16,1024,3417.033,12288,0,0,1
opt_ntt,log8_lanes1,production,17,1024,2631.021,12288,0,0,1
opt_ntt,log8_lanes1,depth_first,17,1024,3355.185,12288,0,0,1
opt_ntt,log8_lanes1,half_depth,17,1024,3235.352,12288,0,0,1
opt_ntt,log8_lanes1,tiled_half,17,1024,3068.481,12288,0,0,1
opt_ntt,log8_lanes1,depth_first,18,1024,3708.781,12288,0,0,1
opt_ntt,log8_lanes1,production,18,1024,3297.241,12288,0,0,1
opt_ntt,log8_lanes1,tiled_half,18,1024,3222.534,12288,0,0,1
opt_ntt,log8_lanes1,half_depth,18,1024,3228.353,12288,0,0,1
opt_ntt,log8_lanes1,tiled_half,19,1024,3699.829,12288,0,0,1
opt_ntt,log8_lanes1,production,19,1024,3163.452,12288,0,0,1
opt_ntt,log8_lanes1,half_depth,19,1024,3116.495,12288,0,0,1
opt_ntt,log8_lanes1,depth_first,19,1024,3767.985,12288,0,0,1
opt_ntt,log8_lanes1,production,20,1024,2958.496,12288,0,0,1
opt_ntt,log8_lanes1,half_depth,20,1024,3007.812,12288,0,0,1
opt_ntt,log8_lanes1,depth_first,20,1024,3876.628,12288,0,0,1
opt_ntt,log8_lanes1,tiled_half,20,1024,3211.060,12288,0,0,1
opt_ntt,log8_lanes1,tiled_half,21,1024,3242.513,12288,0,0,1
opt_ntt,log8_lanes1,half_depth,21,1024,3232.625,12288,0,0,1
opt_ntt,log8_lanes1,production,21,1024,2706.218,12288,0,0,1
opt_ntt,log8_lanes1,depth_first,21,1024,3515.503,12288,0,0,1
opt_ntt,log8_lanes1,half_depth,22,1024,3182.088,12288,0,0,1
opt_ntt,log8_lanes1,tiled_half,22,1024,3102.132,12288,0,0,1
opt_ntt,log8_lanes1,depth_first,22,1024,3783.447,12288,0,0,1
opt_ntt,log8_lanes1,production,22,1024,2730.835,12288,0,0,1
opt_ntt,log8_lanes1,half_depth,23,1024,3050.618,12288,0,0,1
opt_ntt,log8_lanes1,production,23,1024,2638.021,12288,0,0,1
opt_ntt,log8_lanes1,depth_first,23,1024,3890.950,12288,0,0,1
opt_ntt,log8_lanes1,tiled_half,23,1024,3206.665,12288,0,0,1
opt_ntt,log8_lanes1,half_depth,24,1024,3091.104,12288,0,0,1
opt_ntt,log8_lanes1,tiled_half,24,1024,3464.559,12288,0,0,1
opt_ntt,log8_lanes1,depth_first,24,1024,4291.952,12288,0,0,1
opt_ntt,log8_lanes1,production,24,1024,2732.706,12288,0,0,1
opt_ntt,log8_lanes1,half_depth,25,1024,3445.231,12288,0,0,1
opt_ntt,log8_lanes1,production,25,1024,3014.079,12288,0,0,1
opt_ntt,log8_lanes1,tiled_half,25,1024,3165.486,12288,0,0,1
opt_ntt,log8_lanes1,depth_first,25,1024,4097.208,12288,0,0,1
opt_ntt,log8_lanes1,production,26,1024,3006.836,12288,0,0,1
opt_ntt,log8_lanes1,half_depth,26,1024,3433.553,12288,0,0,1
opt_ntt,log8_lanes1,depth_first,26,1024,4057.454,12288,0,0,1
opt_ntt,log8_lanes1,tiled_half,26,1024,3189.534,12288,0,0,1
opt_ntt,log8_lanes1,depth_first,27,1024,3676.839,12288,0,0,1
opt_ntt,log8_lanes1,half_depth,27,1024,3060.791,12288,0,0,1
opt_ntt,log8_lanes1,production,27,1024,3079.386,12288,0,0,1
opt_ntt,log8_lanes1,tiled_half,27,1024,3043.051,12288,0,0,1
opt_ntt,log8_lanes1,production,28,1024,2600.912,12288,0,0,1
opt_ntt,log8_lanes1,half_depth,28,1024,2971.802,12288,0,0,1
opt_ntt,log8_lanes1,tiled_half,28,1024,3009.562,12288,0,0,1
opt_ntt,log8_lanes1,depth_first,28,1024,4295.613,12288,0,0,1
opt_ntt,log8_lanes1,tiled_half,29,1024,3557.698,12288,0,0,1
opt_ntt,log8_lanes1,production,29,1024,2862.102,12288,0,0,1
opt_ntt,log8_lanes1,half_depth,29,1024,3132.649,12288,0,0,1
opt_ntt,log8_lanes1,depth_first,29,1024,3582.520,12288,0,0,1
opt_ntt,log8_lanes1,half_depth,30,1024,3079.509,12288,0,0,1
opt_ntt,log8_lanes1,depth_first,30,1024,3453.653,12288,0,0,1
opt_ntt,log8_lanes1,tiled_half,30,1024,3010.905,12288,0,0,1
opt_ntt,log8_lanes1,production,30,1024,2912.801,12288,0,0,1
opt_ntt,log8_lanes1,depth_first,31,1024,4035.441,12288,0,0,1
opt_ntt,log8_lanes1,half_depth,31,1024,3277.019,12288,0,0,1
opt_ntt,log8_lanes1,production,31,1024,2815.227,12288,0,0,1
opt_ntt,log8_lanes1,tiled_half,31,1024,3165.812,12288,0,0,1
opt_ntt,log8_lanes32,production,0,64,48230.469,393216,0,0,1
opt_ntt,log8_lanes32,half_depth,0,64,32268.234,393216,0,0,1
opt_ntt,log8_lanes32,depth_first,0,64,41988.938,393216,0,0,1
opt_ntt,log8_lanes32,tiled_half,0,64,37705.734,393216,0,0,1
opt_ntt,log8_lanes32,tiled_half,1,64,32397.797,393216,0,0,1
opt_ntt,log8_lanes32,half_depth,1,64,32347.656,393216,0,0,1
opt_ntt,log8_lanes32,production,1,64,48032.547,393216,0,0,1
opt_ntt,log8_lanes32,depth_first,1,64,44968.750,393216,0,0,1
opt_ntt,log8_lanes32,tiled_half,2,64,32449.859,393216,0,0,1
opt_ntt,log8_lanes32,depth_first,2,64,42203.781,393216,0,0,1
opt_ntt,log8_lanes32,production,2,64,48686.188,393216,0,0,1
opt_ntt,log8_lanes32,half_depth,2,64,32643.234,393216,0,0,1
opt_ntt,log8_lanes32,depth_first,3,64,49197.266,393216,0,0,1
opt_ntt,log8_lanes32,half_depth,3,64,32357.422,393216,0,0,1
opt_ntt,log8_lanes32,production,3,64,48429.031,393216,0,0,1
opt_ntt,log8_lanes32,tiled_half,3,64,57514.328,393216,0,0,1
opt_ntt,log8_lanes32,production,4,64,48823.562,393216,0,0,1
opt_ntt,log8_lanes32,tiled_half,4,64,32309.250,393216,0,0,1
opt_ntt,log8_lanes32,depth_first,4,64,42039.703,393216,0,0,1
opt_ntt,log8_lanes32,half_depth,4,64,33236.328,393216,0,0,1
opt_ntt,log8_lanes32,depth_first,5,64,43123.047,393216,0,0,1
opt_ntt,log8_lanes32,half_depth,5,64,32233.734,393216,0,0,1
opt_ntt,log8_lanes32,production,5,64,48534.500,393216,0,0,1
opt_ntt,log8_lanes32,tiled_half,5,64,33760.406,393216,0,0,1
opt_ntt,log8_lanes32,half_depth,6,64,31699.219,393216,0,0,1
opt_ntt,log8_lanes32,production,6,64,48338.547,393216,0,0,1
opt_ntt,log8_lanes32,tiled_half,6,64,31873.688,393216,0,0,1
opt_ntt,log8_lanes32,depth_first,6,64,41742.188,393216,0,0,1
opt_ntt,log8_lanes32,depth_first,7,64,40952.469,393216,0,0,1
opt_ntt,log8_lanes32,half_depth,7,64,30901.703,393216,0,0,1
opt_ntt,log8_lanes32,production,7,64,46449.219,393216,0,0,1
opt_ntt,log8_lanes32,tiled_half,7,64,30932.938,393216,0,0,1
opt_ntt,log8_lanes32,depth_first,8,64,43158.203,393216,0,0,1
opt_ntt,log8_lanes32,tiled_half,8,64,32152.344,393216,0,0,1
opt_ntt,log8_lanes32,production,8,64,48263.672,393216,0,0,1
opt_ntt,log8_lanes32,half_depth,8,64,32800.125,393216,0,0,1
opt_ntt,log8_lanes32,production,9,64,48026.031,393216,0,0,1
opt_ntt,log8_lanes32,tiled_half,9,64,30626.312,393216,0,0,1
opt_ntt,log8_lanes32,depth_first,9,64,40679.031,393216,0,0,1
opt_ntt,log8_lanes32,half_depth,9,64,30673.828,393216,0,0,1
opt_ntt,log8_lanes32,production,10,64,48960.938,393216,0,0,1
opt_ntt,log8_lanes32,half_depth,10,64,31811.203,393216,0,0,1
opt_ntt,log8_lanes32,tiled_half,10,64,41121.750,393216,0,0,1
opt_ntt,log8_lanes32,depth_first,10,64,40270.188,393216,0,0,1
opt_ntt,log8_lanes32,depth_first,11,64,41925.125,393216,0,0,1
opt_ntt,log8_lanes32,half_depth,11,64,31332.031,393216,0,0,1
opt_ntt,log8_lanes32,production,11,64,47500.000,393216,0,0,1
opt_ntt,log8_lanes32,tiled_half,11,64,31865.234,393216,0,0,1
opt_ntt,log8_lanes32,half_depth,12,64,31513.016,393216,0,0,1
opt_ntt,log8_lanes32,production,12,64,50696.609,393216,0,0,1
opt_ntt,log8_lanes32,tiled_half,12,64,32888.016,393216,0,0,1
opt_ntt,log8_lanes32,depth_first,12,64,42004.562,393216,0,0,1
opt_ntt,log8_lanes32,tiled_half,13,64,30770.188,393216,0,0,1
opt_ntt,log8_lanes32,half_depth,13,64,32593.750,393216,0,0,1
opt_ntt,log8_lanes32,production,13,64,48447.906,393216,0,0,1
opt_ntt,log8_lanes32,depth_first,13,64,41781.906,393216,0,0,1
opt_ntt,log8_lanes32,half_depth,14,64,31415.359,393216,0,0,1
opt_ntt,log8_lanes32,depth_first,14,64,41971.359,393216,0,0,1
opt_ntt,log8_lanes32,production,14,64,48544.266,393216,0,0,1
opt_ntt,log8_lanes32,tiled_half,14,64,31613.922,393216,0,0,1
opt_ntt,log8_lanes32,half_depth,15,64,31791.672,393216,0,0,1
opt_ntt,log8_lanes32,production,15,64,47448.562,393216,0,0,1
opt_ntt,log8_lanes32,tiled_half,15,64,32815.750,393216,0,0,1
opt_ntt,log8_lanes32,depth_first,15,64,40257.156,393216,0,0,1
opt_ntt,log8_lanes32,tiled_half,16,64,30199.219,393216,0,0,1
opt_ntt,log8_lanes32,depth_first,16,64,41707.031,393216,0,0,1
opt_ntt,log8_lanes32,production,16,64,49197.922,393216,0,0,1
opt_ntt,log8_lanes32,half_depth,16,64,31125.656,393216,0,0,1
opt_ntt,log8_lanes32,production,17,64,49680.984,393216,0,0,1
opt_ntt,log8_lanes32,tiled_half,17,64,32996.094,393216,0,0,1
opt_ntt,log8_lanes32,half_depth,17,64,30206.391,393216,0,0,1
opt_ntt,log8_lanes32,depth_first,17,64,39910.812,393216,0,0,1
opt_ntt,log8_lanes32,depth_first,18,64,39964.188,393216,0,0,1
opt_ntt,log8_lanes32,production,18,64,47884.125,393216,0,0,1
opt_ntt,log8_lanes32,tiled_half,18,64,32097.656,393216,0,0,1
opt_ntt,log8_lanes32,half_depth,18,64,33408.844,393216,0,0,1
opt_ntt,log8_lanes32,tiled_half,19,64,31098.312,393216,0,0,1
opt_ntt,log8_lanes32,depth_first,19,64,41149.734,393216,0,0,1
opt_ntt,log8_lanes32,production,19,64,48736.328,393216,0,0,1
opt_ntt,log8_lanes32,half_depth,19,64,30832.031,393216,0,0,1
opt_ntt,log8_lanes32,tiled_half,20,64,31521.484,393216,0,0,1
opt_ntt,log8_lanes32,depth_first,20,64,40496.750,393216,0,0,1
opt_ntt,log8_lanes32,production,20,64,50278.000,393216,0,0,1
opt_ntt,log8_lanes32,half_depth,20,64,30675.781,393216,0,0,1
opt_ntt,log8_lanes32,half_depth,21,64,30598.953,393216,0,0,1
opt_ntt,log8_lanes32,depth_first,21,64,42600.906,393216,0,0,1
opt_ntt,log8_lanes32,tiled_half,21,64,33105.469,393216,0,0,1
opt_ntt,log8_lanes32,production,21,64,48751.953,393216,0,0,1
opt_ntt,log8_lanes32,tiled_half,22,64,32035.797,393216,0,0,1
opt_ntt,log8_lanes32,production,22,64,49376.297,393216,0,0,1
opt_ntt,log8_lanes32,depth_first,22,64,41065.750,393216,0,0,1
opt_ntt,log8_lanes32,half_depth,22,64,30869.141,393216,0,0,1
opt_ntt,log8_lanes32,depth_first,23,64,41251.297,393216,0,0,1
opt_ntt,log8_lanes32,production,23,64,47557.297,393216,0,0,1
opt_ntt,log8_lanes32,tiled_half,23,64,31983.719,393216,0,0,1
opt_ntt,log8_lanes32,half_depth,23,64,31138.016,393216,0,0,1
opt_ntt,log8_lanes32,depth_first,24,64,42072.266,393216,0,0,1
opt_ntt,log8_lanes32,half_depth,24,64,30903.656,393216,0,0,1
opt_ntt,log8_lanes32,production,24,64,47883.453,393216,0,0,1
opt_ntt,log8_lanes32,tiled_half,24,64,32077.484,393216,0,0,1
opt_ntt,log8_lanes32,depth_first,25,64,42884.766,393216,0,0,1
opt_ntt,log8_lanes32,tiled_half,25,64,31046.234,393216,0,0,1
opt_ntt,log8_lanes32,half_depth,25,64,30758.469,393216,0,0,1
opt_ntt,log8_lanes32,production,25,64,47196.609,393216,0,0,1
opt_ntt,log8_lanes32,depth_first,26,64,41393.234,393216,0,0,1
opt_ntt,log8_lanes32,production,26,64,48481.125,393216,0,0,1
opt_ntt,log8_lanes32,half_depth,26,64,31048.172,393216,0,0,1
opt_ntt,log8_lanes32,tiled_half,26,64,33108.078,393216,0,0,1
opt_ntt,log8_lanes32,depth_first,27,64,41751.953,393216,0,0,1
opt_ntt,log8_lanes32,production,27,64,48160.812,393216,0,0,1
opt_ntt,log8_lanes32,half_depth,27,64,31345.703,393216,0,0,1
opt_ntt,log8_lanes32,tiled_half,27,64,30929.688,393216,0,0,1
opt_ntt,log8_lanes32,depth_first,28,64,41826.172,393216,0,0,1
opt_ntt,log8_lanes32,production,28,64,47891.281,393216,0,0,1
opt_ntt,log8_lanes32,tiled_half,28,64,31190.094,393216,0,0,1
opt_ntt,log8_lanes32,half_depth,28,64,30957.688,393216,0,0,1
opt_ntt,log8_lanes32,production,29,64,50420.578,393216,0,0,1
opt_ntt,log8_lanes32,tiled_half,29,64,32444.000,393216,0,0,1
opt_ntt,log8_lanes32,depth_first,29,64,41481.766,393216,0,0,1
opt_ntt,log8_lanes32,half_depth,29,64,31936.203,393216,0,0,1
opt_ntt,log8_lanes32,depth_first,30,64,41182.281,393216,0,0,1
opt_ntt,log8_lanes32,tiled_half,30,64,31371.750,393216,0,0,1
opt_ntt,log8_lanes32,production,30,64,46819.016,393216,0,0,1
opt_ntt,log8_lanes32,half_depth,30,64,31268.234,393216,0,0,1
opt_ntt,log8_lanes32,tiled_half,31,64,30670.562,393216,0,0,1
opt_ntt,log8_lanes32,depth_first,31,64,41520.828,393216,0,0,1
opt_ntt,log8_lanes32,half_depth,31,64,31911.453,393216,0,0,1
opt_ntt,log8_lanes32,production,31,64,46807.953,393216,0,0,1
opt_ntt,log12_lanes8,tiled_half,0,8,278609.375,1572864,1,1520,1
opt_ntt,log12_lanes8,production,0,8,518994.875,1572864,1,1520,1
opt_ntt,log12_lanes8,half_depth,0,8,237270.875,1572864,1,1520,1
opt_ntt,log12_lanes8,depth_first,0,8,239557.250,1572864,1,1520,1
opt_ntt,log12_lanes8,tiled_half,1,8,270828.125,1572864,1,1520,1
opt_ntt,log12_lanes8,half_depth,1,8,240395.875,1572864,1,1520,1
opt_ntt,log12_lanes8,production,1,8,471562.500,1572864,1,1520,1
opt_ntt,log12_lanes8,depth_first,1,8,239692.750,1572864,1,1520,1
opt_ntt,log12_lanes8,half_depth,2,8,223239.625,1572864,1,1520,1
opt_ntt,log12_lanes8,tiled_half,2,8,271510.375,1572864,1,1520,1
opt_ntt,log12_lanes8,depth_first,2,8,268677.125,1572864,1,1520,1
opt_ntt,log12_lanes8,production,2,8,477494.750,1572864,1,1520,1
opt_ntt,log12_lanes8,tiled_half,3,8,227822.875,1572864,1,1520,1
opt_ntt,log12_lanes8,half_depth,3,8,231671.875,1572864,1,1520,1
opt_ntt,log12_lanes8,depth_first,3,8,260994.875,1572864,1,1520,1
opt_ntt,log12_lanes8,production,3,8,520729.125,1572864,1,1520,1
opt_ntt,log12_lanes8,tiled_half,4,8,264828.125,1572864,1,1520,1
opt_ntt,log12_lanes8,half_depth,4,8,250880.250,1572864,1,1520,1
opt_ntt,log12_lanes8,production,4,8,469473.875,1572864,1,1520,1
opt_ntt,log12_lanes8,depth_first,4,8,258322.875,1572864,1,1520,1
opt_ntt,log12_lanes8,depth_first,5,8,232328.125,1572864,1,1520,1
opt_ntt,log12_lanes8,tiled_half,5,8,297198.000,1572864,1,1520,1
opt_ntt,log12_lanes8,half_depth,5,8,238895.750,1572864,1,1520,1
opt_ntt,log12_lanes8,production,5,8,467130.250,1572864,1,1520,1
opt_ntt,log12_lanes8,tiled_half,6,8,266333.250,1572864,1,1520,1
opt_ntt,log12_lanes8,half_depth,6,8,232895.750,1572864,1,1520,1
opt_ntt,log12_lanes8,depth_first,6,8,244744.750,1572864,1,1520,1
opt_ntt,log12_lanes8,production,6,8,534218.750,1572864,1,1520,1
opt_ntt,log12_lanes8,production,7,8,491260.375,1572864,1,1520,1
opt_ntt,log12_lanes8,half_depth,7,8,223520.750,1572864,1,1520,1
opt_ntt,log12_lanes8,tiled_half,7,8,273630.250,1572864,1,1520,1
opt_ntt,log12_lanes8,depth_first,7,8,255479.125,1572864,1,1520,1
opt_ntt,log12_lanes8,depth_first,8,8,253630.125,1572864,1,1520,1
opt_ntt,log12_lanes8,production,8,8,492151.125,1572864,1,1520,1
opt_ntt,log12_lanes8,half_depth,8,8,240036.500,1572864,1,1520,1
opt_ntt,log12_lanes8,tiled_half,8,8,240572.875,1572864,1,1520,1
opt_ntt,log12_lanes8,half_depth,9,8,231130.250,1572864,1,1520,1
opt_ntt,log12_lanes8,depth_first,9,8,241593.750,1572864,1,1520,1
opt_ntt,log12_lanes8,tiled_half,9,8,263083.375,1572864,1,1520,1
opt_ntt,log12_lanes8,production,9,8,458921.875,1572864,1,1520,1
opt_ntt,log12_lanes8,depth_first,10,8,238854.250,1572864,1,1520,1
opt_ntt,log12_lanes8,production,10,8,448526.125,1572864,1,1520,1
opt_ntt,log12_lanes8,half_depth,10,8,228791.625,1572864,1,1520,1
opt_ntt,log12_lanes8,tiled_half,10,8,282109.375,1572864,1,1520,1
opt_ntt,log12_lanes8,half_depth,11,8,232182.375,1572864,1,1520,1
opt_ntt,log12_lanes8,tiled_half,11,8,257197.875,1572864,1,1520,1
opt_ntt,log12_lanes8,production,11,8,497500.000,1572864,1,1520,1
opt_ntt,log12_lanes8,depth_first,11,8,258682.250,1572864,1,1520,1
opt_ntt,log12_lanes8,production,12,8,462703.125,1572864,1,1520,1
opt_ntt,log12_lanes8,tiled_half,12,8,329744.750,1572864,1,1520,1
opt_ntt,log12_lanes8,half_depth,12,8,239505.125,1572864,1,1520,1
opt_ntt,log12_lanes8,depth_first,12,8,252067.750,1572864,1,1520,1
opt_ntt,log12_lanes8,tiled_half,13,8,284890.625,1572864,1,1520,1
opt_ntt,log12_lanes8,production,13,8,500255.250,1572864,1,1520,1
opt_ntt,log12_lanes8,depth_first,13,8,229843.750,1572864,1,1520,1
opt_ntt,log12_lanes8,half_depth,13,8,218296.875,1572864,1,1520,1
opt_ntt,log12_lanes8,half_depth,14,8,240875.000,1572864,1,1520,1
opt_ntt,log12_lanes8,production,14,8,428661.375,1572864,1,1520,1
opt_ntt,log12_lanes8,tiled_half,14,8,237296.875,1572864,1,1520,1
opt_ntt,log12_lanes8,depth_first,14,8,257927.000,1572864,1,1520,1
opt_ntt,log12_lanes8,tiled_half,15,8,283442.625,1572864,1,1520,1
opt_ntt,log12_lanes8,depth_first,15,8,255947.875,1572864,1,1520,1
opt_ntt,log12_lanes8,half_depth,15,8,235198.000,1572864,1,1520,1
opt_ntt,log12_lanes8,production,15,8,499682.250,1572864,1,1520,1
opt_ntt,log12_lanes8,production,16,8,445937.500,1572864,1,1520,1
opt_ntt,log12_lanes8,depth_first,16,8,270625.000,1572864,1,1520,1
opt_ntt,log12_lanes8,tiled_half,16,8,305869.750,1572864,1,1520,1
opt_ntt,log12_lanes8,half_depth,16,8,224875.000,1572864,1,1520,1
opt_ntt,log12_lanes8,depth_first,17,8,246052.000,1572864,1,1520,1
opt_ntt,log12_lanes8,production,17,8,461244.750,1572864,1,1520,1
opt_ntt,log12_lanes8,half_depth,17,8,221411.375,1572864,1,1520,1
opt_ntt,log12_lanes8,tiled_half,17,8,285078.125,1572864,1,1520,1
opt_ntt,log12_lanes8,tiled_half,18,8,281343.750,1572864,1,1520,1
opt_ntt,log12_lanes8,half_depth,18,8,230573.000,1572864,1,1520,1
opt_ntt,log12_lanes8,depth_first,18,8,247276.000,1572864,1,1520,1
opt_ntt,log12_lanes8,production,18,8,470098.875,1572864,1,1520,1
opt_ntt,log12_lanes8,tiled_half,19,8,236796.875,1572864,1,1520,1
opt_ntt,log12_lanes8,depth_first,19,8,245489.625,1572864,1,1520,1
opt_ntt,log12_lanes8,production,19,8,462468.750,1572864,1,1520,1
opt_ntt,log12_lanes8,half_depth,19,8,228583.250,1572864,1,1520,1
opt_ntt,log12_lanes8,production,20,8,462703.125,1572864,1,1520,1
opt_ntt,log12_lanes8,half_depth,20,8,227703.125,1572864,1,1520,1
opt_ntt,log12_lanes8,depth_first,20,8,237916.625,1572864,1,1520,1
opt_ntt,log12_lanes8,tiled_half,20,8,276812.500,1572864,1,1520,1
opt_ntt,log12_lanes8,depth_first,21,8,245234.375,1572864,1,1520,1
opt_ntt,log12_lanes8,production,21,8,539828.125,1572864,1,1520,1
opt_ntt,log12_lanes8,half_depth,21,8,233921.875,1572864,1,1520,1
opt_ntt,log12_lanes8,tiled_half,21,8,281244.750,1572864,1,1520,1
opt_ntt,log12_lanes8,production,22,8,484890.625,1572864,1,1520,1
opt_ntt,log12_lanes8,depth_first,22,8,244349.000,1572864,1,1520,1
opt_ntt,log12_lanes8,tiled_half,22,8,314703.125,1572864,1,1520,1
opt_ntt,log12_lanes8,half_depth,22,8,240125.000,1572864,1,1520,1
opt_ntt,log12_lanes8,half_depth,23,8,258192.750,1572864,1,1520,1
opt_ntt,log12_lanes8,depth_first,23,8,290593.750,1572864,1,1520,1
opt_ntt,log12_lanes8,production,23,8,519593.750,1572864,1,1520,1
opt_ntt,log12_lanes8,tiled_half,23,8,290229.250,1572864,1,1520,1
opt_ntt,log12_lanes8,tiled_half,24,8,294593.750,1572864,1,1520,1
opt_ntt,log12_lanes8,half_depth,24,8,228406.250,1572864,1,1520,1
opt_ntt,log12_lanes8,depth_first,24,8,244890.625,1572864,1,1520,1
opt_ntt,log12_lanes8,production,24,8,497479.125,1572864,1,1520,1
opt_ntt,log12_lanes8,tiled_half,25,8,278062.500,1572864,1,1520,1
opt_ntt,log12_lanes8,production,25,8,554234.375,1572864,1,1520,1
opt_ntt,log12_lanes8,half_depth,25,8,230125.000,1572864,1,1520,1
opt_ntt,log12_lanes8,depth_first,25,8,256323.000,1572864,1,1520,1
opt_ntt,log12_lanes8,half_depth,26,8,249864.500,1572864,1,1520,1
opt_ntt,log12_lanes8,depth_first,26,8,254197.875,1572864,1,1520,1
opt_ntt,log12_lanes8,production,26,8,512005.125,1572864,1,1520,1
opt_ntt,log12_lanes8,tiled_half,26,8,229369.750,1572864,1,1520,1
opt_ntt,log12_lanes8,production,27,8,492036.375,1572864,1,1520,1
opt_ntt,log12_lanes8,depth_first,27,8,241208.375,1572864,1,1520,1
opt_ntt,log12_lanes8,tiled_half,27,8,303224.000,1572864,1,1520,1
opt_ntt,log12_lanes8,half_depth,27,8,258645.750,1572864,1,1520,1
opt_ntt,log12_lanes8,production,28,8,465401.000,1572864,1,1520,1
opt_ntt,log12_lanes8,half_depth,28,8,237000.000,1572864,1,1520,1
opt_ntt,log12_lanes8,tiled_half,28,8,279796.875,1572864,1,1520,1
opt_ntt,log12_lanes8,depth_first,28,8,248630.250,1572864,1,1520,1
opt_ntt,log12_lanes8,depth_first,29,8,245458.250,1572864,1,1520,1
opt_ntt,log12_lanes8,tiled_half,29,8,285593.750,1572864,1,1520,1
opt_ntt,log12_lanes8,production,29,8,549385.500,1572864,1,1520,1
opt_ntt,log12_lanes8,half_depth,29,8,238088.500,1572864,1,1520,1
opt_ntt,log12_lanes8,depth_first,30,8,267015.625,1572864,1,1520,1
opt_ntt,log12_lanes8,half_depth,30,8,237062.500,1572864,1,1520,1
opt_ntt,log12_lanes8,production,30,8,484390.625,1572864,1,1520,1
opt_ntt,log12_lanes8,tiled_half,30,8,321692.750,1572864,1,1520,1
opt_ntt,log12_lanes8,production,31,8,570114.625,1572864,1,1520,1
opt_ntt,log12_lanes8,half_depth,31,8,225661.375,1572864,1,1520,1
opt_ntt,log12_lanes8,tiled_half,31,8,323187.500,1572864,1,1520,1
opt_ntt,log12_lanes8,depth_first,31,8,247307.375,1572864,1,1520,1
opt_ntt,log15_lanes8,half_depth,0,4,1103291.500,12582912,1,1520,1
opt_ntt,log15_lanes8,tiled_half,0,4,1641093.750,12582912,1,1520,1
opt_ntt,log15_lanes8,depth_first,0,4,1070500.000,12582912,1,1520,1
opt_ntt,log15_lanes8,production,0,4,1519020.750,12582912,1,1520,1
opt_ntt,log15_lanes8,depth_first,1,4,1004479.250,12582912,1,1520,1
opt_ntt,log15_lanes8,tiled_half,1,4,1515135.500,12582912,1,1520,1
opt_ntt,log15_lanes8,half_depth,1,4,1118875.000,12582912,1,1520,1
opt_ntt,log15_lanes8,production,1,4,1732604.250,12582912,1,1520,1
opt_ntt,log15_lanes8,depth_first,2,4,1070104.250,12582912,1,1520,1
opt_ntt,log15_lanes8,tiled_half,2,4,1224448.000,12582912,1,1520,1
opt_ntt,log15_lanes8,production,2,4,1880583.500,12582912,1,1520,1
opt_ntt,log15_lanes8,half_depth,2,4,1041395.750,12582912,1,1520,1
opt_ntt,log15_lanes8,production,3,4,1849146.000,12582912,1,1520,1
opt_ntt,log15_lanes8,tiled_half,3,4,1561271.000,12582912,1,1520,1
opt_ntt,log15_lanes8,half_depth,3,4,1098177.000,12582912,1,1520,1
opt_ntt,log15_lanes8,depth_first,3,4,1130187.500,12582912,1,1520,1
opt_ntt,log15_lanes8,production,4,4,1651698.000,12582912,1,1520,1
opt_ntt,log15_lanes8,depth_first,4,4,970729.250,12582912,1,1520,1
opt_ntt,log15_lanes8,half_depth,4,4,1162791.750,12582912,1,1520,1
opt_ntt,log15_lanes8,tiled_half,4,4,1453479.250,12582912,1,1520,1
opt_ntt,log15_lanes8,production,5,4,1610031.250,12582912,1,1520,1
opt_ntt,log15_lanes8,half_depth,5,4,2367604.250,12582912,1,1520,1
opt_ntt,log15_lanes8,tiled_half,5,4,1451760.500,12582912,1,1520,1
opt_ntt,log15_lanes8,depth_first,5,4,1151437.500,12582912,1,1520,1
opt_ntt,log15_lanes8,tiled_half,6,4,1419031.250,12582912,1,1520,1
opt_ntt,log15_lanes8,half_depth,6,4,963093.750,12582912,1,1520,1
opt_ntt,log15_lanes8,depth_first,6,4,1103114.750,12582912,1,1520,1
opt_ntt,log15_lanes8,production,6,4,1742729.250,12582912,1,1520,1
opt_ntt,log15_lanes8,half_depth,7,4,1042927.000,12582912,1,1520,1
opt_ntt,log15_lanes8,tiled_half,7,4,2050260.500,12582912,1,1520,1
opt_ntt,log15_lanes8,production,7,4,1666635.250,12582912,1,1520,1
opt_ntt,log15_lanes8,depth_first,7,4,1090479.250,12582912,1,1520,1
opt_ntt,log15_lanes8,production,8,4,1585197.750,12582912,1,1520,1
opt_ntt,log15_lanes8,depth_first,8,4,899635.250,12582912,1,1520,1
opt_ntt,log15_lanes8,tiled_half,8,4,1359020.750,12582912,1,1520,1
opt_ntt,log15_lanes8,half_depth,8,4,969885.250,12582912,1,1520,1
opt_ntt,log15_lanes8,half_depth,9,4,1174020.750,12582912,1,1520,1
opt_ntt,log15_lanes8,tiled_half,9,4,1408677.250,12582912,1,1520,1
opt_ntt,log15_lanes8,depth_first,9,4,953771.000,12582912,1,1520,1
opt_ntt,log15_lanes8,production,9,4,1775114.750,12582912,1,1520,1
opt_ntt,log15_lanes8,depth_first,10,4,1013083.250,12582912,1,1520,1
opt_ntt,log15_lanes8,tiled_half,10,4,1285135.250,12582912,1,1520,1
opt_ntt,log15_lanes8,half_depth,10,4,2011291.500,12582912,1,1520,1
opt_ntt,log15_lanes8,production,10,4,1923260.500,12582912,1,1520,1
opt_ntt,log15_lanes8,tiled_half,11,4,2908458.250,12582912,1,1520,1
opt_ntt,log15_lanes8,depth_first,11,4,1658875.000,12582912,1,1520,1
opt_ntt,log15_lanes8,production,11,4,1915677.000,12582912,1,1520,1
opt_ntt,log15_lanes8,half_depth,11,4,1146562.500,12582912,1,1520,1
opt_ntt,log15_lanes8,depth_first,12,4,1157697.750,12582912,1,1520,1
opt_ntt,log15_lanes8,tiled_half,12,4,1628281.250,12582912,1,1520,1
opt_ntt,log15_lanes8,production,12,4,1792604.250,12582912,1,1520,1
opt_ntt,log15_lanes8,half_depth,12,4,1467697.750,12582912,1,1520,1
opt_ntt,log15_lanes8,half_depth,13,4,920583.250,12582912,1,1520,1
opt_ntt,log15_lanes8,depth_first,13,4,1246229.000,12582912,1,1520,1
opt_ntt,log15_lanes8,tiled_half,13,4,2286833.250,12582912,1,1520,1
opt_ntt,log15_lanes8,production,13,4,1524083.250,12582912,1,1520,1
opt_ntt,log15_lanes8,production,14,4,2109083.500,12582912,1,1520,1
opt_ntt,log15_lanes8,depth_first,14,4,1134656.250,12582912,1,1520,1
opt_ntt,log15_lanes8,tiled_half,14,4,1549156.250,12582912,1,1520,1
opt_ntt,log15_lanes8,half_depth,14,4,1056520.750,12582912,1,1520,1
opt_ntt,log15_lanes8,tiled_half,15,4,1615041.750,12582912,1,1520,1
opt_ntt,log15_lanes8,production,15,4,1561604.250,12582912,1,1520,1
opt_ntt,log15_lanes8,depth_first,15,4,1084562.500,12582912,1,1520,1
opt_ntt,log15_lanes8,half_depth,15,4,1082802.000,12582912,1,1520,1
opt_ntt,log15_lanes8,production,16,4,1570312.500,12582912,1,1520,1
opt_ntt,log15_lanes8,half_depth,16,4,1013791.750,12582912,1,1520,1
opt_ntt,log15_lanes8,tiled_half,16,4,1506708.250,12582912,1,1520,1
opt_ntt,log15_lanes8,depth_first,16,4,1093083.500,12582912,1,1520,1
opt_ntt,log15_lanes8,depth_first,17,4,998896.000,12582912,1,1520,1
opt_ntt,log15_lanes8,production,17,4,1649270.750,12582912,1,1520,1
opt_ntt,log15_lanes8,half_depth,17,4,1037093.750,12582912,1,1520,1
opt_ntt,log15_lanes8,tiled_half,17,4,1522322.750,12582912,1,1520,1
opt_ntt,log15_lanes8,production,18,4,1555885.500,12582912,1,1520,1
opt_ntt,log15_lanes8,depth_first,18,4,1272104.000,12582912,1,1520,1
opt_ntt,log15_lanes8,half_depth,18,4,944114.500,12582912,1,1520,1
opt_ntt,log15_lanes8,tiled_half,18,4,1594739.500,12582912,1,1520,1
opt_ntt,log15_lanes8,depth_first,19,4,1136375.000,12582912,1,1520,1
opt_ntt,log15_lanes8,tiled_half,19,4,1900010.250,12582912,1,1520,1
opt_ntt,log15_lanes8,half_depth,19,4,989771.000,12582912,1,1520,1
opt_ntt,log15_lanes8,production,19,4,1701489.750,12582912,1,1520,1
opt_ntt,log15_lanes8,half_depth,20,4,1075823.000,12582912,1,1520,1
opt_ntt,log15_lanes8,tiled_half,20,4,1708510.250,12582912,1,1520,1
opt_ntt,log15_lanes8,depth_first,20,4,1038968.750,12582912,1,1520,1
opt_ntt,log15_lanes8,production,20,4,1599697.750,12582912,1,1520,1
opt_ntt,log15_lanes8,production,21,4,1774125.000,12582912,1,1520,1
opt_ntt,log15_lanes8,depth_first,21,4,1149770.750,12582912,1,1520,1
opt_ntt,log15_lanes8,half_depth,21,4,986093.750,12582912,1,1520,1
opt_ntt,log15_lanes8,tiled_half,21,4,1680073.000,12582912,1,1520,1
opt_ntt,log15_lanes8,tiled_half,22,4,1714656.250,12582912,1,1520,1
opt_ntt,log15_lanes8,depth_first,22,4,1105875.000,12582912,1,1520,1
opt_ntt,log15_lanes8,production,22,4,1799833.500,12582912,1,1520,1
opt_ntt,log15_lanes8,half_depth,22,4,1040552.250,12582912,1,1520,1
opt_ntt,log15_lanes8,tiled_half,23,4,1598718.750,12582912,1,1520,1
opt_ntt,log15_lanes8,half_depth,23,4,1333948.000,12582912,1,1520,1
opt_ntt,log15_lanes8,production,23,4,1835125.000,12582912,1,1520,1
opt_ntt,log15_lanes8,depth_first,23,4,1150520.750,12582912,1,1520,1
opt_ntt,log15_lanes8,depth_first,24,4,1684583.250,12582912,1,1520,1
opt_ntt,log15_lanes8,tiled_half,24,4,1735604.000,12582912,1,1520,1
opt_ntt,log15_lanes8,half_depth,24,4,1494052.250,12582912,1,1520,1
opt_ntt,log15_lanes8,production,24,4,2187895.750,12582912,1,1520,1
opt_ntt,log15_lanes8,tiled_half,25,4,2047781.250,12582912,1,1520,1
opt_ntt,log15_lanes8,depth_first,25,4,1494083.250,12582912,1,1520,1
opt_ntt,log15_lanes8,production,25,4,1999906.250,12582912,1,1520,1
opt_ntt,log15_lanes8,half_depth,25,4,1723145.750,12582912,1,1520,1
opt_ntt,log15_lanes8,production,26,4,1993885.500,12582912,1,1520,1
opt_ntt,log15_lanes8,tiled_half,26,4,2203166.750,12582912,1,1520,1
opt_ntt,log15_lanes8,depth_first,26,4,1435968.750,12582912,1,1520,1
opt_ntt,log15_lanes8,half_depth,26,4,1809041.750,12582912,1,1520,1
opt_ntt,log15_lanes8,production,27,4,3945302.000,12582912,1,1520,1
opt_ntt,log15_lanes8,half_depth,27,4,2115843.750,12582912,1,1520,1
opt_ntt,log15_lanes8,tiled_half,27,4,2406968.750,12582912,1,1520,1
opt_ntt,log15_lanes8,depth_first,27,4,1596458.250,12582912,1,1520,1
opt_ntt,log15_lanes8,production,28,4,1886906.250,12582912,1,1520,1
opt_ntt,log15_lanes8,half_depth,28,4,1370635.500,12582912,1,1520,1
opt_ntt,log15_lanes8,depth_first,28,4,2008541.500,12582912,1,1520,1
opt_ntt,log15_lanes8,tiled_half,28,4,10046666.750,12582912,1,1520,1
opt_ntt,log15_lanes8,half_depth,29,4,1419385.500,12582912,1,1520,1
opt_ntt,log15_lanes8,depth_first,29,4,1689968.750,12582912,1,1520,1
opt_ntt,log15_lanes8,tiled_half,29,4,1944291.500,12582912,1,1520,1
opt_ntt,log15_lanes8,production,29,4,1993750.000,12582912,1,1520,1
opt_ntt,log15_lanes8,depth_first,30,4,1097947.750,12582912,1,1520,1
opt_ntt,log15_lanes8,production,30,4,1610072.750,12582912,1,1520,1
opt_ntt,log15_lanes8,half_depth,30,4,1044718.750,12582912,1,1520,1
opt_ntt,log15_lanes8,tiled_half,30,4,1508156.250,12582912,1,1520,1
opt_ntt,log15_lanes8,depth_first,31,4,1030333.250,12582912,1,1520,1
opt_ntt,log15_lanes8,production,31,4,1477031.250,12582912,1,1520,1
opt_ntt,log15_lanes8,half_depth,31,4,908625.000,12582912,1,1520,1
opt_ntt,log15_lanes8,tiled_half,31,4,1271104.250,12582912,1,1520,1
opt_ntt,log15_lanes32,half_depth,0,1,2627750.000,50331648,1,1520,1
opt_ntt,log15_lanes32,tiled_half,0,1,3044875.000,50331648,1,1520,1
opt_ntt,log15_lanes32,depth_first,0,1,3214334.000,50331648,1,1520,1
opt_ntt,log15_lanes32,production,0,1,4653709.000,50331648,1,1520,1
opt_ntt,log15_lanes32,depth_first,1,1,4081166.000,50331648,1,1520,1
opt_ntt,log15_lanes32,tiled_half,1,1,3618042.000,50331648,1,1520,1
opt_ntt,log15_lanes32,production,1,1,4166417.000,50331648,1,1520,1
opt_ntt,log15_lanes32,half_depth,1,1,14593000.000,50331648,1,1520,1
opt_ntt,log15_lanes32,production,2,1,20773625.000,50331648,1,1520,1
opt_ntt,log15_lanes32,tiled_half,2,1,4853375.000,50331648,1,1520,1
opt_ntt,log15_lanes32,depth_first,2,1,3272917.000,50331648,1,1520,1
opt_ntt,log15_lanes32,half_depth,2,1,3381291.000,50331648,1,1520,1
opt_ntt,log15_lanes32,depth_first,3,1,3282708.000,50331648,1,1520,1
opt_ntt,log15_lanes32,tiled_half,3,1,4371542.000,50331648,1,1520,1
opt_ntt,log15_lanes32,half_depth,3,1,4765584.000,50331648,1,1520,1
opt_ntt,log15_lanes32,production,3,1,5332250.000,50331648,1,1520,1
opt_ntt,log15_lanes32,half_depth,4,1,5498292.000,50331648,1,1520,1
opt_ntt,log15_lanes32,depth_first,4,1,3536292.000,50331648,1,1520,1
opt_ntt,log15_lanes32,tiled_half,4,1,5230875.000,50331648,1,1520,1
opt_ntt,log15_lanes32,production,4,1,5898709.000,50331648,1,1520,1
opt_ntt,log15_lanes32,half_depth,5,1,3641166.000,50331648,1,1520,1
opt_ntt,log15_lanes32,tiled_half,5,1,5461875.000,50331648,1,1520,1
opt_ntt,log15_lanes32,production,5,1,6172584.000,50331648,1,1520,1
opt_ntt,log15_lanes32,depth_first,5,1,5604250.000,50331648,1,1520,1
opt_ntt,log15_lanes32,tiled_half,6,1,16724542.000,50331648,1,1520,1
opt_ntt,log15_lanes32,production,6,1,5796458.000,50331648,1,1520,1
opt_ntt,log15_lanes32,depth_first,6,1,3458708.000,50331648,1,1520,1
opt_ntt,log15_lanes32,half_depth,6,1,3250792.000,50331648,1,1520,1
opt_ntt,log15_lanes32,depth_first,7,1,4108583.000,50331648,1,1520,1
opt_ntt,log15_lanes32,half_depth,7,1,4770833.000,50331648,1,1520,1
opt_ntt,log15_lanes32,production,7,1,5159792.000,50331648,1,1520,1
opt_ntt,log15_lanes32,tiled_half,7,1,5160750.000,50331648,1,1520,1
opt_ntt,log15_lanes32,half_depth,8,1,3290375.000,50331648,1,1520,1
opt_ntt,log15_lanes32,production,8,1,57353375.000,50331648,1,1520,1
opt_ntt,log15_lanes32,tiled_half,8,1,13598458.000,50331648,1,1520,1
opt_ntt,log15_lanes32,depth_first,8,1,3852208.000,50331648,1,1520,1
opt_ntt,log15_lanes32,depth_first,9,1,3592375.000,50331648,1,1520,1
opt_ntt,log15_lanes32,tiled_half,9,1,3627625.000,50331648,1,1520,1
opt_ntt,log15_lanes32,production,9,1,3731500.000,50331648,1,1520,1
opt_ntt,log15_lanes32,half_depth,9,1,2508000.000,50331648,1,1520,1
opt_ntt,log15_lanes32,depth_first,10,1,3055000.000,50331648,1,1520,1
opt_ntt,log15_lanes32,half_depth,10,1,2947458.000,50331648,1,1520,1
opt_ntt,log15_lanes32,production,10,1,4460625.000,50331648,1,1520,1
opt_ntt,log15_lanes32,tiled_half,10,1,4324750.000,50331648,1,1520,1
opt_ntt,log15_lanes32,tiled_half,11,1,3330250.000,50331648,1,1520,1
opt_ntt,log15_lanes32,production,11,1,3894292.000,50331648,1,1520,1
opt_ntt,log15_lanes32,half_depth,11,1,3877833.000,50331648,1,1520,1
opt_ntt,log15_lanes32,depth_first,11,1,3073500.000,50331648,1,1520,1
opt_ntt,log15_lanes32,depth_first,12,1,2970042.000,50331648,1,1520,1
opt_ntt,log15_lanes32,production,12,1,4063250.000,50331648,1,1520,1
opt_ntt,log15_lanes32,tiled_half,12,1,4906958.000,50331648,1,1520,1
opt_ntt,log15_lanes32,half_depth,12,1,4570958.000,50331648,1,1520,1
opt_ntt,log15_lanes32,depth_first,13,1,4318833.000,50331648,1,1520,1
opt_ntt,log15_lanes32,half_depth,13,1,3418666.000,50331648,1,1520,1
opt_ntt,log15_lanes32,tiled_half,13,1,4938875.000,50331648,1,1520,1
opt_ntt,log15_lanes32,production,13,1,4095417.000,50331648,1,1520,1
opt_ntt,log15_lanes32,half_depth,14,1,3104333.000,50331648,1,1520,1
opt_ntt,log15_lanes32,depth_first,14,1,3450625.000,50331648,1,1520,1
opt_ntt,log15_lanes32,production,14,1,7041292.000,50331648,1,1520,1
opt_ntt,log15_lanes32,tiled_half,14,1,7344584.000,50331648,1,1520,1
opt_ntt,log15_lanes32,tiled_half,15,1,3764500.000,50331648,1,1520,1
opt_ntt,log15_lanes32,production,15,1,4391125.000,50331648,1,1520,1
opt_ntt,log15_lanes32,half_depth,15,1,6191959.000,50331648,1,1520,1
opt_ntt,log15_lanes32,depth_first,15,1,5148625.000,50331648,1,1520,1
opt_ntt,log15_lanes32,half_depth,16,1,11062875.000,50331648,1,1520,1
opt_ntt,log15_lanes32,depth_first,16,1,54544875.000,50331648,1,1520,1
opt_ntt,log15_lanes32,tiled_half,16,1,18357083.000,50331648,1,1520,1
opt_ntt,log15_lanes32,production,16,1,19177416.000,50331648,1,1520,1
opt_ntt,log15_lanes32,half_depth,17,1,15644334.000,50331648,1,1520,1
opt_ntt,log15_lanes32,depth_first,17,1,6595584.000,50331648,1,1520,1
opt_ntt,log15_lanes32,tiled_half,17,1,6996459.000,50331648,1,1520,1
opt_ntt,log15_lanes32,production,17,1,8570292.000,50331648,1,1520,1
opt_ntt,log15_lanes32,depth_first,18,1,5215083.000,50331648,1,1520,1
opt_ntt,log15_lanes32,tiled_half,18,1,6636959.000,50331648,1,1520,1
opt_ntt,log15_lanes32,production,18,1,7567250.000,50331648,1,1520,1
opt_ntt,log15_lanes32,half_depth,18,1,6098166.000,50331648,1,1520,1
opt_ntt,log15_lanes32,tiled_half,19,1,15798375.000,50331648,1,1520,1
opt_ntt,log15_lanes32,half_depth,19,1,10405833.000,50331648,1,1520,1
opt_ntt,log15_lanes32,depth_first,19,1,11982000.000,50331648,1,1520,1
opt_ntt,log15_lanes32,production,19,1,8459292.000,50331648,1,1520,1
opt_ntt,log15_lanes32,production,20,1,10134791.000,50331648,1,1520,1
opt_ntt,log15_lanes32,half_depth,20,1,7328667.000,50331648,1,1520,1
opt_ntt,log15_lanes32,tiled_half,20,1,10009375.000,50331648,1,1520,1
opt_ntt,log15_lanes32,depth_first,20,1,4879042.000,50331648,1,1520,1
opt_ntt,log15_lanes32,tiled_half,21,1,10544792.000,50331648,1,1520,1
opt_ntt,log15_lanes32,depth_first,21,1,4649125.000,50331648,1,1520,1
opt_ntt,log15_lanes32,production,21,1,7427958.000,50331648,1,1520,1
opt_ntt,log15_lanes32,half_depth,21,1,5154541.000,50331648,1,1520,1
opt_ntt,log15_lanes32,half_depth,22,1,3618166.000,50331648,1,1520,1
opt_ntt,log15_lanes32,depth_first,22,1,4700334.000,50331648,1,1520,1
opt_ntt,log15_lanes32,tiled_half,22,1,11748125.000,50331648,1,1520,1
opt_ntt,log15_lanes32,production,22,1,11791875.000,50331648,1,1520,1
opt_ntt,log15_lanes32,depth_first,23,1,7413584.000,50331648,1,1520,1
opt_ntt,log15_lanes32,half_depth,23,1,13733166.000,50331648,1,1520,1
opt_ntt,log15_lanes32,production,23,1,12958709.000,50331648,1,1520,1
opt_ntt,log15_lanes32,tiled_half,23,1,7556334.000,50331648,1,1520,1
opt_ntt,log15_lanes32,half_depth,24,1,4172833.000,50331648,1,1520,1
opt_ntt,log15_lanes32,tiled_half,24,1,5260958.000,50331648,1,1520,1
opt_ntt,log15_lanes32,production,24,1,6413417.000,50331648,1,1520,1
opt_ntt,log15_lanes32,depth_first,24,1,3290375.000,50331648,1,1520,1
opt_ntt,log15_lanes32,production,25,1,3513375.000,50331648,1,1520,1
opt_ntt,log15_lanes32,tiled_half,25,1,3381500.000,50331648,1,1520,1
opt_ntt,log15_lanes32,half_depth,25,1,3211375.000,50331648,1,1520,1
opt_ntt,log15_lanes32,depth_first,25,1,2906625.000,50331648,1,1520,1
opt_ntt,log15_lanes32,production,26,1,3673166.000,50331648,1,1520,1
opt_ntt,log15_lanes32,tiled_half,26,1,2930875.000,50331648,1,1520,1
opt_ntt,log15_lanes32,depth_first,26,1,2729459.000,50331648,1,1520,1
opt_ntt,log15_lanes32,half_depth,26,1,3003459.000,50331648,1,1520,1
opt_ntt,log15_lanes32,tiled_half,27,1,2547000.000,50331648,1,1520,1
opt_ntt,log15_lanes32,production,27,1,3347250.000,50331648,1,1520,1
opt_ntt,log15_lanes32,half_depth,27,1,3399834.000,50331648,1,1520,1
opt_ntt,log15_lanes32,depth_first,27,1,2848667.000,50331648,1,1520,1
opt_ntt,log15_lanes32,tiled_half,28,1,6957500.000,50331648,1,1520,1
opt_ntt,log15_lanes32,depth_first,28,1,5482667.000,50331648,1,1520,1
opt_ntt,log15_lanes32,half_depth,28,1,2439417.000,50331648,1,1520,1
opt_ntt,log15_lanes32,production,28,1,2994334.000,50331648,1,1520,1
opt_ntt,log15_lanes32,half_depth,29,1,2988250.000,50331648,1,1520,1
opt_ntt,log15_lanes32,depth_first,29,1,3959792.000,50331648,1,1520,1
opt_ntt,log15_lanes32,production,29,1,2732542.000,50331648,1,1520,1
opt_ntt,log15_lanes32,tiled_half,29,1,3131625.000,50331648,1,1520,1
opt_ntt,log15_lanes32,depth_first,30,1,2642459.000,50331648,1,1520,1
opt_ntt,log15_lanes32,half_depth,30,1,3065875.000,50331648,1,1520,1
opt_ntt,log15_lanes32,production,30,1,3458958.000,50331648,1,1520,1
opt_ntt,log15_lanes32,tiled_half,30,1,3141542.000,50331648,1,1520,1
opt_ntt,log15_lanes32,tiled_half,31,1,2550459.000,50331648,1,1520,1
opt_ntt,log15_lanes32,depth_first,31,1,2512333.000,50331648,1,1520,1
opt_ntt,log15_lanes32,half_depth,31,1,2822542.000,50331648,1,1520,1
opt_ntt,log15_lanes32,production,31,1,3115667.000,50331648,1,1520,1
opt_ntt,log16_lanes32,production,0,1,7646167.000,100663296,1,1520,1
opt_ntt,log16_lanes32,depth_first,0,1,6113542.000,100663296,1,1520,1
opt_ntt,log16_lanes32,tiled_half,0,1,6254541.000,100663296,1,1520,1
opt_ntt,log16_lanes32,half_depth,0,1,5236500.000,100663296,1,1520,1
opt_ntt,log16_lanes32,half_depth,1,1,5308625.000,100663296,1,1520,1
opt_ntt,log16_lanes32,depth_first,1,1,6586417.000,100663296,1,1520,1
opt_ntt,log16_lanes32,production,1,1,5697375.000,100663296,1,1520,1
opt_ntt,log16_lanes32,tiled_half,1,1,5826125.000,100663296,1,1520,1
opt_ntt,log16_lanes32,depth_first,2,1,6426750.000,100663296,1,1520,1
opt_ntt,log16_lanes32,half_depth,2,1,5233167.000,100663296,1,1520,1
opt_ntt,log16_lanes32,tiled_half,2,1,6198583.000,100663296,1,1520,1
opt_ntt,log16_lanes32,production,2,1,5924416.000,100663296,1,1520,1
opt_ntt,log16_lanes32,half_depth,3,1,5629291.000,100663296,1,1520,1
opt_ntt,log16_lanes32,tiled_half,3,1,7037792.000,100663296,1,1520,1
opt_ntt,log16_lanes32,depth_first,3,1,6922459.000,100663296,1,1520,1
opt_ntt,log16_lanes32,production,3,1,6176625.000,100663296,1,1520,1
opt_ntt,log16_lanes32,production,4,1,6721584.000,100663296,1,1520,1
opt_ntt,log16_lanes32,tiled_half,4,1,6714750.000,100663296,1,1520,1
opt_ntt,log16_lanes32,depth_first,4,1,6612167.000,100663296,1,1520,1
opt_ntt,log16_lanes32,half_depth,4,1,5680708.000,100663296,1,1520,1
opt_ntt,log16_lanes32,tiled_half,5,1,8520375.000,100663296,1,1520,1
opt_ntt,log16_lanes32,half_depth,5,1,5723000.000,100663296,1,1520,1
opt_ntt,log16_lanes32,depth_first,5,1,6276083.000,100663296,1,1520,1
opt_ntt,log16_lanes32,production,5,1,7149042.000,100663296,1,1520,1
opt_ntt,log16_lanes32,tiled_half,6,1,7499792.000,100663296,1,1520,1
opt_ntt,log16_lanes32,half_depth,6,1,5533708.000,100663296,1,1520,1
opt_ntt,log16_lanes32,production,6,1,8312375.000,100663296,1,1520,1
opt_ntt,log16_lanes32,depth_first,6,1,5502625.000,100663296,1,1520,1
opt_ntt,log16_lanes32,depth_first,7,1,5559709.000,100663296,1,1520,1
opt_ntt,log16_lanes32,production,7,1,7092875.000,100663296,1,1520,1
opt_ntt,log16_lanes32,half_depth,7,1,5184667.000,100663296,1,1520,1
opt_ntt,log16_lanes32,tiled_half,7,1,6172125.000,100663296,1,1520,1
opt_ntt,log16_lanes32,production,8,1,5907125.000,100663296,1,1520,1
opt_ntt,log16_lanes32,half_depth,8,1,7052000.000,100663296,1,1520,1
opt_ntt,log16_lanes32,tiled_half,8,1,10029333.000,100663296,1,1520,1
opt_ntt,log16_lanes32,depth_first,8,1,5546375.000,100663296,1,1520,1
opt_ntt,log16_lanes32,production,9,1,6474334.000,100663296,1,1520,1
opt_ntt,log16_lanes32,depth_first,9,1,6098000.000,100663296,1,1520,1
opt_ntt,log16_lanes32,tiled_half,9,1,7341375.000,100663296,1,1520,1
opt_ntt,log16_lanes32,half_depth,9,1,14209500.000,100663296,1,1520,1
opt_ntt,log16_lanes32,half_depth,10,1,10388208.000,100663296,1,1520,1
opt_ntt,log16_lanes32,depth_first,10,1,13007916.000,100663296,1,1520,1
opt_ntt,log16_lanes32,production,10,1,12667167.000,100663296,1,1520,1
opt_ntt,log16_lanes32,tiled_half,10,1,7654500.000,100663296,1,1520,1
opt_ntt,log16_lanes32,half_depth,11,1,6829458.000,100663296,1,1520,1
opt_ntt,log16_lanes32,production,11,1,7031792.000,100663296,1,1520,1
opt_ntt,log16_lanes32,tiled_half,11,1,9181833.000,100663296,1,1520,1
opt_ntt,log16_lanes32,depth_first,11,1,5935125.000,100663296,1,1520,1
opt_ntt,log16_lanes32,tiled_half,12,1,5782208.000,100663296,1,1520,1
opt_ntt,log16_lanes32,depth_first,12,1,6638375.000,100663296,1,1520,1
opt_ntt,log16_lanes32,half_depth,12,1,6003667.000,100663296,1,1520,1
opt_ntt,log16_lanes32,production,12,1,8407500.000,100663296,1,1520,1
opt_ntt,log16_lanes32,half_depth,13,1,8353250.000,100663296,1,1520,1
opt_ntt,log16_lanes32,production,13,1,19129375.000,100663296,1,1520,1
opt_ntt,log16_lanes32,tiled_half,13,1,8698459.000,100663296,1,1520,1
opt_ntt,log16_lanes32,depth_first,13,1,5688459.000,100663296,1,1520,1
opt_ntt,log16_lanes32,tiled_half,14,1,5674166.000,100663296,1,1520,1
opt_ntt,log16_lanes32,production,14,1,6038542.000,100663296,1,1520,1
opt_ntt,log16_lanes32,depth_first,14,1,7442750.000,100663296,1,1520,1
opt_ntt,log16_lanes32,half_depth,14,1,6105083.000,100663296,1,1520,1
opt_ntt,log16_lanes32,tiled_half,15,1,9041625.000,100663296,1,1520,1
opt_ntt,log16_lanes32,depth_first,15,1,6046708.000,100663296,1,1520,1
opt_ntt,log16_lanes32,production,15,1,5765541.000,100663296,1,1520,1
opt_ntt,log16_lanes32,half_depth,15,1,5475000.000,100663296,1,1520,1
opt_ntt,log16_lanes32,half_depth,16,1,5079500.000,100663296,1,1520,1
opt_ntt,log16_lanes32,tiled_half,16,1,5796334.000,100663296,1,1520,1
opt_ntt,log16_lanes32,production,16,1,8261792.000,100663296,1,1520,1
opt_ntt,log16_lanes32,depth_first,16,1,5323500.000,100663296,1,1520,1
opt_ntt,log16_lanes32,production,17,1,6088916.000,100663296,1,1520,1
opt_ntt,log16_lanes32,half_depth,17,1,5199917.000,100663296,1,1520,1
opt_ntt,log16_lanes32,tiled_half,17,1,7073167.000,100663296,1,1520,1
opt_ntt,log16_lanes32,depth_first,17,1,6249375.000,100663296,1,1520,1
opt_ntt,log16_lanes32,depth_first,18,1,6976417.000,100663296,1,1520,1
opt_ntt,log16_lanes32,half_depth,18,1,5838791.000,100663296,1,1520,1
opt_ntt,log16_lanes32,tiled_half,18,1,7289583.000,100663296,1,1520,1
opt_ntt,log16_lanes32,production,18,1,5881833.000,100663296,1,1520,1
opt_ntt,log16_lanes32,depth_first,19,1,5429958.000,100663296,1,1520,1
opt_ntt,log16_lanes32,production,19,1,5485417.000,100663296,1,1520,1
opt_ntt,log16_lanes32,tiled_half,19,1,5393250.000,100663296,1,1520,1
opt_ntt,log16_lanes32,half_depth,19,1,5105500.000,100663296,1,1520,1
opt_ntt,log16_lanes32,production,20,1,6106875.000,100663296,1,1520,1
opt_ntt,log16_lanes32,half_depth,20,1,14336083.000,100663296,1,1520,1
opt_ntt,log16_lanes32,depth_first,20,1,10190417.000,100663296,1,1520,1
opt_ntt,log16_lanes32,tiled_half,20,1,7722167.000,100663296,1,1520,1
opt_ntt,log16_lanes32,depth_first,21,1,4924208.000,100663296,1,1520,1
opt_ntt,log16_lanes32,half_depth,21,1,5473667.000,100663296,1,1520,1
opt_ntt,log16_lanes32,production,21,1,6636334.000,100663296,1,1520,1
opt_ntt,log16_lanes32,tiled_half,21,1,5277791.000,100663296,1,1520,1
opt_ntt,log16_lanes32,half_depth,22,1,6677583.000,100663296,1,1520,1
opt_ntt,log16_lanes32,tiled_half,22,1,5707292.000,100663296,1,1520,1
opt_ntt,log16_lanes32,production,22,1,5616292.000,100663296,1,1520,1
opt_ntt,log16_lanes32,depth_first,22,1,5827333.000,100663296,1,1520,1
opt_ntt,log16_lanes32,tiled_half,23,1,10328584.000,100663296,1,1520,1
opt_ntt,log16_lanes32,half_depth,23,1,6458792.000,100663296,1,1520,1
opt_ntt,log16_lanes32,depth_first,23,1,6237042.000,100663296,1,1520,1
opt_ntt,log16_lanes32,production,23,1,6417625.000,100663296,1,1520,1
opt_ntt,log16_lanes32,half_depth,24,1,5501625.000,100663296,1,1520,1
opt_ntt,log16_lanes32,depth_first,24,1,5494084.000,100663296,1,1520,1
opt_ntt,log16_lanes32,production,24,1,5325416.000,100663296,1,1520,1
opt_ntt,log16_lanes32,tiled_half,24,1,5690750.000,100663296,1,1520,1
opt_ntt,log16_lanes32,half_depth,25,1,4759750.000,100663296,1,1520,1
opt_ntt,log16_lanes32,production,25,1,7773875.000,100663296,1,1520,1
opt_ntt,log16_lanes32,tiled_half,25,1,5590792.000,100663296,1,1520,1
opt_ntt,log16_lanes32,depth_first,25,1,5610167.000,100663296,1,1520,1
opt_ntt,log16_lanes32,depth_first,26,1,6166583.000,100663296,1,1520,1
opt_ntt,log16_lanes32,half_depth,26,1,4604250.000,100663296,1,1520,1
opt_ntt,log16_lanes32,tiled_half,26,1,6306875.000,100663296,1,1520,1
opt_ntt,log16_lanes32,production,26,1,6261667.000,100663296,1,1520,1
opt_ntt,log16_lanes32,tiled_half,27,1,7760083.000,100663296,1,1520,1
opt_ntt,log16_lanes32,production,27,1,9148750.000,100663296,1,1520,1
opt_ntt,log16_lanes32,half_depth,27,1,4672250.000,100663296,1,1520,1
opt_ntt,log16_lanes32,depth_first,27,1,6366583.000,100663296,1,1520,1
opt_ntt,log16_lanes32,depth_first,28,1,6965917.000,100663296,1,1520,1
opt_ntt,log16_lanes32,half_depth,28,1,5405125.000,100663296,1,1520,1
opt_ntt,log16_lanes32,tiled_half,28,1,5879333.000,100663296,1,1520,1
opt_ntt,log16_lanes32,production,28,1,7615375.000,100663296,1,1520,1
opt_ntt,log16_lanes32,depth_first,29,1,5999291.000,100663296,1,1520,1
opt_ntt,log16_lanes32,production,29,1,7002250.000,100663296,1,1520,1
opt_ntt,log16_lanes32,half_depth,29,1,5507000.000,100663296,1,1520,1
opt_ntt,log16_lanes32,tiled_half,29,1,6664083.000,100663296,1,1520,1
opt_ntt,log16_lanes32,half_depth,30,1,5314000.000,100663296,1,1520,1
opt_ntt,log16_lanes32,tiled_half,30,1,6390834.000,100663296,1,1520,1
opt_ntt,log16_lanes32,production,30,1,6408708.000,100663296,1,1520,1
opt_ntt,log16_lanes32,depth_first,30,1,5480500.000,100663296,1,1520,1
opt_ntt,log16_lanes32,depth_first,31,1,5389250.000,100663296,1,1520,1
opt_ntt,log16_lanes32,half_depth,31,1,5741292.000,100663296,1,1520,1
opt_ntt,log16_lanes32,production,31,1,5891083.000,100663296,1,1520,1
opt_ntt,log16_lanes32,tiled_half,31,1,6507917.000,100663296,1,1520,1
opt_ntt,log18_lanes32,production,0,1,26234583.000,402653184,1,1520,1
opt_ntt,log18_lanes32,half_depth,0,1,24855667.000,402653184,1,1520,1
opt_ntt,log18_lanes32,tiled_half,0,1,26167541.000,402653184,1,1520,1
opt_ntt,log18_lanes32,depth_first,0,1,23937166.000,402653184,1,1520,1
opt_ntt,log18_lanes32,half_depth,1,1,23388416.000,402653184,1,1520,1
opt_ntt,log18_lanes32,tiled_half,1,1,27455250.000,402653184,1,1520,1
opt_ntt,log18_lanes32,depth_first,1,1,36078209.000,402653184,1,1520,1
opt_ntt,log18_lanes32,production,1,1,43208042.000,402653184,1,1520,1
opt_ntt,log18_lanes32,tiled_half,2,1,39269750.000,402653184,1,1520,1
opt_ntt,log18_lanes32,production,2,1,35701417.000,402653184,1,1520,1
opt_ntt,log18_lanes32,depth_first,2,1,28367208.000,402653184,1,1520,1
opt_ntt,log18_lanes32,half_depth,2,1,27996166.000,402653184,1,1520,1
opt_ntt,log18_lanes32,half_depth,3,1,39547542.000,402653184,1,1520,1
opt_ntt,log18_lanes32,production,3,1,93908875.000,402653184,1,1520,1
opt_ntt,log18_lanes32,depth_first,3,1,35301625.000,402653184,1,1520,1
opt_ntt,log18_lanes32,tiled_half,3,1,55388125.000,402653184,1,1520,1
opt_ntt,log18_lanes32,depth_first,4,1,30874292.000,402653184,1,1520,1
opt_ntt,log18_lanes32,production,4,1,33696250.000,402653184,1,1520,1
opt_ntt,log18_lanes32,tiled_half,4,1,26640666.000,402653184,1,1520,1
opt_ntt,log18_lanes32,half_depth,4,1,26607667.000,402653184,1,1520,1
opt_ntt,log18_lanes32,tiled_half,5,1,30051334.000,402653184,1,1520,1
opt_ntt,log18_lanes32,half_depth,5,1,26581084.000,402653184,1,1520,1
opt_ntt,log18_lanes32,depth_first,5,1,26073958.000,402653184,1,1520,1
opt_ntt,log18_lanes32,production,5,1,60236416.000,402653184,1,1520,1
opt_ntt,log18_lanes32,depth_first,6,1,30393208.000,402653184,1,1520,1
opt_ntt,log18_lanes32,tiled_half,6,1,35259833.000,402653184,1,1520,1
opt_ntt,log18_lanes32,production,6,1,32375542.000,402653184,1,1520,1
opt_ntt,log18_lanes32,half_depth,6,1,29903042.000,402653184,1,1520,1
opt_ntt,log18_lanes32,depth_first,7,1,31132500.000,402653184,1,1520,1
opt_ntt,log18_lanes32,production,7,1,31725750.000,402653184,1,1520,1
opt_ntt,log18_lanes32,half_depth,7,1,30947375.000,402653184,1,1520,1
opt_ntt,log18_lanes32,tiled_half,7,1,53466833.000,402653184,1,1520,1
opt_ntt,log18_lanes32,half_depth,8,1,51970125.000,402653184,1,1520,1
opt_ntt,log18_lanes32,tiled_half,8,1,28245625.000,402653184,1,1520,1
opt_ntt,log18_lanes32,depth_first,8,1,28184041.000,402653184,1,1520,1
opt_ntt,log18_lanes32,production,8,1,32294167.000,402653184,1,1520,1
opt_ntt,log18_lanes32,production,9,1,28399167.000,402653184,1,1520,1
opt_ntt,log18_lanes32,depth_first,9,1,27048084.000,402653184,1,1520,1
opt_ntt,log18_lanes32,tiled_half,9,1,27950292.000,402653184,1,1520,1
opt_ntt,log18_lanes32,half_depth,9,1,24141209.000,402653184,1,1520,1
opt_ntt,log18_lanes32,half_depth,10,1,29375958.000,402653184,1,1520,1
opt_ntt,log18_lanes32,tiled_half,10,1,33627250.000,402653184,1,1520,1
opt_ntt,log18_lanes32,depth_first,10,1,34657208.000,402653184,1,1520,1
opt_ntt,log18_lanes32,production,10,1,39397042.000,402653184,1,1520,1
opt_ntt,log18_lanes32,tiled_half,11,1,34585750.000,402653184,1,1520,1
opt_ntt,log18_lanes32,half_depth,11,1,32011709.000,402653184,1,1520,1
opt_ntt,log18_lanes32,production,11,1,31552791.000,402653184,1,1520,1
opt_ntt,log18_lanes32,depth_first,11,1,46293333.000,402653184,1,1520,1
opt_ntt,log18_lanes32,production,12,1,37132917.000,402653184,1,1520,1
opt_ntt,log18_lanes32,depth_first,12,1,29237708.000,402653184,1,1520,1
opt_ntt,log18_lanes32,tiled_half,12,1,27968042.000,402653184,1,1520,1
opt_ntt,log18_lanes32,half_depth,12,1,30739667.000,402653184,1,1520,1
opt_ntt,log18_lanes32,half_depth,13,1,26611833.000,402653184,1,1520,1
opt_ntt,log18_lanes32,production,13,1,28524875.000,402653184,1,1520,1
opt_ntt,log18_lanes32,tiled_half,13,1,34577708.000,402653184,1,1520,1
opt_ntt,log18_lanes32,depth_first,13,1,27329250.000,402653184,1,1520,1
opt_ntt,log18_lanes32,depth_first,14,1,25815041.000,402653184,1,1520,1
opt_ntt,log18_lanes32,tiled_half,14,1,36956666.000,402653184,1,1520,1
opt_ntt,log18_lanes32,production,14,1,32399541.000,402653184,1,1520,1
opt_ntt,log18_lanes32,half_depth,14,1,26163084.000,402653184,1,1520,1
opt_ntt,log18_lanes32,tiled_half,15,1,39380875.000,402653184,1,1520,1
opt_ntt,log18_lanes32,half_depth,15,1,26579458.000,402653184,1,1520,1
opt_ntt,log18_lanes32,production,15,1,28438208.000,402653184,1,1520,1
opt_ntt,log18_lanes32,depth_first,15,1,32609000.000,402653184,1,1520,1
opt_ntt,log18_lanes32,tiled_half,16,1,33936167.000,402653184,1,1520,1
opt_ntt,log18_lanes32,depth_first,16,1,32110875.000,402653184,1,1520,1
opt_ntt,log18_lanes32,production,16,1,33957458.000,402653184,1,1520,1
opt_ntt,log18_lanes32,half_depth,16,1,28180375.000,402653184,1,1520,1
opt_ntt,log18_lanes32,depth_first,17,1,26379000.000,402653184,1,1520,1
opt_ntt,log18_lanes32,tiled_half,17,1,27274708.000,402653184,1,1520,1
opt_ntt,log18_lanes32,half_depth,17,1,24587958.000,402653184,1,1520,1
opt_ntt,log18_lanes32,production,17,1,26937791.000,402653184,1,1520,1
opt_ntt,log18_lanes32,depth_first,18,1,26181208.000,402653184,1,1520,1
opt_ntt,log18_lanes32,half_depth,18,1,25656250.000,402653184,1,1520,1
opt_ntt,log18_lanes32,tiled_half,18,1,28213833.000,402653184,1,1520,1
opt_ntt,log18_lanes32,production,18,1,29019000.000,402653184,1,1520,1
opt_ntt,log18_lanes32,depth_first,19,1,27653416.000,402653184,1,1520,1
opt_ntt,log18_lanes32,tiled_half,19,1,31445084.000,402653184,1,1520,1
opt_ntt,log18_lanes32,production,19,1,29484125.000,402653184,1,1520,1
opt_ntt,log18_lanes32,half_depth,19,1,33472584.000,402653184,1,1520,1
opt_ntt,log18_lanes32,tiled_half,20,1,49721125.000,402653184,1,1520,1
opt_ntt,log18_lanes32,production,20,1,48844583.000,402653184,1,1520,1
opt_ntt,log18_lanes32,half_depth,20,1,35019209.000,402653184,1,1520,1
opt_ntt,log18_lanes32,depth_first,20,1,33939041.000,402653184,1,1520,1
opt_ntt,log18_lanes32,depth_first,21,1,29599916.000,402653184,1,1520,1
opt_ntt,log18_lanes32,half_depth,21,1,35601958.000,402653184,1,1520,1
opt_ntt,log18_lanes32,production,21,1,44848417.000,402653184,1,1520,1
opt_ntt,log18_lanes32,tiled_half,21,1,45186417.000,402653184,1,1520,1
opt_ntt,log18_lanes32,production,22,1,33530167.000,402653184,1,1520,1
opt_ntt,log18_lanes32,depth_first,22,1,34839542.000,402653184,1,1520,1
opt_ntt,log18_lanes32,half_depth,22,1,42053208.000,402653184,1,1520,1
opt_ntt,log18_lanes32,tiled_half,22,1,37304625.000,402653184,1,1520,1
opt_ntt,log18_lanes32,depth_first,23,1,35637459.000,402653184,1,1520,1
opt_ntt,log18_lanes32,half_depth,23,1,30676709.000,402653184,1,1520,1
opt_ntt,log18_lanes32,production,23,1,36170542.000,402653184,1,1520,1
opt_ntt,log18_lanes32,tiled_half,23,1,28110750.000,402653184,1,1520,1
opt_ntt,log18_lanes32,tiled_half,24,1,27893875.000,402653184,1,1520,1
opt_ntt,log18_lanes32,half_depth,24,1,28440125.000,402653184,1,1520,1
opt_ntt,log18_lanes32,depth_first,24,1,28015875.000,402653184,1,1520,1
opt_ntt,log18_lanes32,production,24,1,23162250.000,402653184,1,1520,1
opt_ntt,log18_lanes32,depth_first,25,1,23812958.000,402653184,1,1520,1
opt_ntt,log18_lanes32,tiled_half,25,1,24333125.000,402653184,1,1520,1
opt_ntt,log18_lanes32,production,25,1,37384291.000,402653184,1,1520,1
opt_ntt,log18_lanes32,half_depth,25,1,23969041.000,402653184,1,1520,1
opt_ntt,log18_lanes32,tiled_half,26,1,23115375.000,402653184,1,1520,1
opt_ntt,log18_lanes32,production,26,1,23530792.000,402653184,1,1520,1
opt_ntt,log18_lanes32,depth_first,26,1,22786875.000,402653184,1,1520,1
opt_ntt,log18_lanes32,half_depth,26,1,24086958.000,402653184,1,1520,1
opt_ntt,log18_lanes32,tiled_half,27,1,26853583.000,402653184,1,1520,1
opt_ntt,log18_lanes32,depth_first,27,1,26596875.000,402653184,1,1520,1
opt_ntt,log18_lanes32,production,27,1,22349625.000,402653184,1,1520,1
opt_ntt,log18_lanes32,half_depth,27,1,24880709.000,402653184,1,1520,1
opt_ntt,log18_lanes32,production,28,1,30254708.000,402653184,1,1520,1
opt_ntt,log18_lanes32,tiled_half,28,1,28222083.000,402653184,1,1520,1
opt_ntt,log18_lanes32,half_depth,28,1,25247917.000,402653184,1,1520,1
opt_ntt,log18_lanes32,depth_first,28,1,27126667.000,402653184,1,1520,1
opt_ntt,log18_lanes32,depth_first,29,1,31231958.000,402653184,1,1520,1
opt_ntt,log18_lanes32,tiled_half,29,1,25568000.000,402653184,1,1520,1
opt_ntt,log18_lanes32,production,29,1,25364458.000,402653184,1,1520,1
opt_ntt,log18_lanes32,half_depth,29,1,24383750.000,402653184,1,1520,1
opt_ntt,log18_lanes32,depth_first,30,1,25622042.000,402653184,1,1520,1
opt_ntt,log18_lanes32,tiled_half,30,1,32730166.000,402653184,1,1520,1
opt_ntt,log18_lanes32,production,30,1,37564125.000,402653184,1,1520,1
opt_ntt,log18_lanes32,half_depth,30,1,32551500.000,402653184,1,1520,1
opt_ntt,log18_lanes32,half_depth,31,1,26857125.000,402653184,1,1520,1
opt_ntt,log18_lanes32,tiled_half,31,1,29253000.000,402653184,1,1520,1
opt_ntt,log18_lanes32,production,31,1,28537542.000,402653184,1,1520,1
opt_ntt,log18_lanes32,depth_first,31,1,31129917.000,402653184,1,1520,1
opt_pack,logs9_9,production,0,128,27561.852,16384,2,17904,1
opt_pack,logs9_9,single_write,0,128,753.906,16384,1,16384,1
opt_pack,logs9_9,tiled_write,0,128,601.234,16384,1,16384,1
opt_pack,logs9_9,production,1,128,18672.531,16384,2,17904,1
opt_pack,logs9_9,single_write,1,128,751.305,16384,1,16384,1
opt_pack,logs9_9,tiled_write,1,128,600.914,16384,1,16384,1
opt_pack,logs9_9,tiled_write,2,128,589.188,16384,1,16384,1
opt_pack,logs9_9,single_write,2,128,730.141,16384,1,16384,1
opt_pack,logs9_9,production,2,128,23253.578,16384,2,17904,1
opt_pack,logs9_9,tiled_write,3,128,640.953,16384,1,16384,1
opt_pack,logs9_9,production,3,128,58978.836,16384,2,17904,1
opt_pack,logs9_9,single_write,3,128,823.891,16384,1,16384,1
opt_pack,logs9_9,single_write,4,128,752.609,16384,1,16384,1
opt_pack,logs9_9,tiled_write,4,128,755.531,16384,1,16384,1
opt_pack,logs9_9,production,4,128,22973.305,16384,2,17904,1
opt_pack,logs9_9,tiled_write,5,128,623.047,16384,1,16384,1
opt_pack,logs9_9,single_write,5,128,737.625,16384,1,16384,1
opt_pack,logs9_9,production,5,128,32032.883,16384,2,17904,1
opt_pack,logs9_9,production,6,128,28830.078,16384,2,17904,1
opt_pack,logs9_9,tiled_write,6,128,645.836,16384,1,16384,1
opt_pack,logs9_9,single_write,6,128,749.023,16384,1,16384,1
opt_pack,logs9_9,production,7,128,33743.492,16384,2,17904,1
opt_pack,logs9_9,tiled_write,7,128,913.742,16384,1,16384,1
opt_pack,logs9_9,single_write,7,128,740.234,16384,1,16384,1
opt_pack,logs9_9,single_write,8,128,734.047,16384,1,16384,1
opt_pack,logs9_9,tiled_write,8,128,750.000,16384,1,16384,1
opt_pack,logs9_9,production,8,128,118840.492,16384,2,17904,1
opt_pack,logs9_9,single_write,9,128,2839.523,16384,1,16384,1
opt_pack,logs9_9,production,9,128,31093.750,16384,2,17904,1
opt_pack,logs9_9,tiled_write,9,128,639.648,16384,1,16384,1
opt_pack,logs9_9,tiled_write,10,128,643.883,16384,1,16384,1
opt_pack,logs9_9,single_write,10,128,729.164,16384,1,16384,1
opt_pack,logs9_9,production,10,128,23469.398,16384,2,17904,1
opt_pack,logs9_9,tiled_write,11,128,636.719,16384,1,16384,1
opt_pack,logs9_9,production,11,128,27088.547,16384,2,17904,1
opt_pack,logs9_9,single_write,11,128,744.469,16384,1,16384,1
opt_pack,logs9_9,single_write,12,128,886.398,16384,1,16384,1
opt_pack,logs9_9,production,12,128,20209.641,16384,2,17904,1
opt_pack,logs9_9,tiled_write,12,128,713.867,16384,1,16384,1
opt_pack,logs9_9,production,13,128,29938.805,16384,2,17904,1
opt_pack,logs9_9,single_write,13,128,746.742,16384,1,16384,1
opt_pack,logs9_9,tiled_write,13,128,600.914,16384,1,16384,1
opt_pack,logs9_9,tiled_write,14,128,584.633,16384,1,16384,1
opt_pack,logs9_9,single_write,14,128,725.906,16384,1,16384,1
opt_pack,logs9_9,production,14,128,26369.141,16384,2,17904,1
opt_pack,logs9_9,tiled_write,15,128,622.070,16384,1,16384,1
opt_pack,logs9_9,single_write,15,128,738.930,16384,1,16384,1
opt_pack,logs9_9,production,15,128,15006.508,16384,2,17904,1
opt_pack,logs9_9,tiled_write,16,128,738.930,16384,1,16384,1
opt_pack,logs9_9,production,16,128,25802.734,16384,2,17904,1
opt_pack,logs9_9,single_write,16,128,1815.430,16384,1,16384,1
opt_pack,logs9_9,production,17,128,23568.359,16384,2,17904,1
opt_pack,logs9_9,single_write,17,128,746.414,16384,1,16384,1
opt_pack,logs9_9,tiled_write,17,128,637.695,16384,1,16384,1
opt_pack,logs9_9,tiled_write,18,128,709.961,16384,1,16384,1
opt_pack,logs9_9,single_write,18,128,732.750,16384,1,16384,1
opt_pack,logs9_9,production,18,128,28949.867,16384,2,17904,1
opt_pack,logs9_9,single_write,19,128,749.672,16384,1,16384,1
opt_pack,logs9_9,production,19,128,25711.266,16384,2,17904,1
opt_pack,logs9_9,tiled_write,19,128,636.070,16384,1,16384,1
opt_pack,logs9_9,tiled_write,20,128,714.844,16384,1,16384,1
opt_pack,logs9_9,single_write,20,128,726.562,16384,1,16384,1
opt_pack,logs9_9,production,20,128,25464.844,16384,2,17904,1
opt_pack,logs9_9,single_write,21,128,768.555,16384,1,16384,1
opt_pack,logs9_9,production,21,128,34036.133,16384,2,17904,1
opt_pack,logs9_9,tiled_write,21,128,645.508,16384,1,16384,1
opt_pack,logs9_9,production,22,128,31604.172,16384,2,17904,1
opt_pack,logs9_9,tiled_write,22,128,641.930,16384,1,16384,1
opt_pack,logs9_9,single_write,22,128,786.461,16384,1,16384,1
opt_pack,logs9_9,tiled_write,23,128,586.914,16384,1,16384,1
opt_pack,logs9_9,single_write,23,128,722.008,16384,1,16384,1
opt_pack,logs9_9,production,23,128,23449.219,16384,2,17904,1
opt_pack,logs9_9,tiled_write,24,128,649.734,16384,1,16384,1
opt_pack,logs9_9,production,24,128,21161.789,16384,2,17904,1
opt_pack,logs9_9,single_write,24,128,888.023,16384,1,16384,1
opt_pack,logs9_9,single_write,25,128,735.352,16384,1,16384,1
opt_pack,logs9_9,tiled_write,25,128,597.000,16384,1,16384,1
opt_pack,logs9_9,production,25,128,29351.562,16384,2,17904,1
opt_pack,logs9_9,tiled_write,26,128,627.602,16384,1,16384,1
opt_pack,logs9_9,single_write,26,128,1097.000,16384,1,16384,1
opt_pack,logs9_9,production,26,128,34945.312,16384,2,17904,1
opt_pack,logs9_9,single_write,27,128,764.000,16384,1,16384,1
opt_pack,logs9_9,tiled_write,27,128,614.914,16384,1,16384,1
opt_pack,logs9_9,production,27,128,25654.945,16384,2,17904,1
opt_pack,logs9_9,single_write,28,128,742.188,16384,1,16384,1
opt_pack,logs9_9,production,28,128,18764.648,16384,2,17904,1
opt_pack,logs9_9,tiled_write,28,128,2297.852,16384,1,16384,1
opt_pack,logs9_9,production,29,128,25734.047,16384,2,17904,1
opt_pack,logs9_9,single_write,29,128,785.484,16384,1,16384,1
opt_pack,logs9_9,tiled_write,29,128,598.633,16384,1,16384,1
opt_pack,logs9_9,production,30,128,33595.703,16384,2,17904,1
opt_pack,logs9_9,tiled_write,30,128,639.977,16384,1,16384,1
opt_pack,logs9_9,single_write,30,128,733.398,16384,1,16384,1
opt_pack,logs9_9,single_write,31,128,736.000,16384,1,16384,1
opt_pack,logs9_9,tiled_write,31,128,595.375,16384,1,16384,1
opt_pack,logs9_9,production,31,128,27760.742,16384,2,17904,1
opt_packed_ood,logs9_9,tiled_indexed_ood,0,128,3347.336,32768,3,32784,1
opt_packed_ood,logs9_9,single_write_ood,0,128,3568.688,32768,3,32784,1
opt_packed_ood,logs9_9,production,0,128,37804.688,32768,15,50736,1
opt_packed_ood,logs9_9,single_write_ood,1,128,3197.914,32768,3,32784,1
opt_packed_ood,logs9_9,production,1,128,55735.680,32768,15,50736,1
opt_packed_ood,logs9_9,tiled_indexed_ood,1,128,3180.664,32768,3,32784,1
opt_packed_ood,logs9_9,production,2,128,45691.727,32768,15,50736,1
opt_packed_ood,logs9_9,single_write_ood,2,128,2971.680,32768,3,32784,1
opt_packed_ood,logs9_9,tiled_indexed_ood,2,128,2892.898,32768,3,32784,1
opt_packed_ood,logs9_9,tiled_indexed_ood,3,128,2935.219,32768,3,32784,1
opt_packed_ood,logs9_9,production,3,128,39311.523,32768,15,50736,1
opt_packed_ood,logs9_9,single_write_ood,3,128,3156.250,32768,3,32784,1
opt_packed_ood,logs9_9,tiled_indexed_ood,4,128,3127.281,32768,3,32784,1
opt_packed_ood,logs9_9,single_write_ood,4,128,2967.773,32768,3,32784,1
opt_packed_ood,logs9_9,production,4,128,43186.844,32768,15,50736,1
opt_packed_ood,logs9_9,production,5,128,44637.695,32768,15,50736,1
opt_packed_ood,logs9_9,tiled_indexed_ood,5,128,3049.484,32768,3,32784,1
opt_packed_ood,logs9_9,single_write_ood,5,128,2989.586,32768,3,32784,1
opt_packed_ood,logs9_9,production,6,128,49056.320,32768,15,50736,1
opt_packed_ood,logs9_9,tiled_indexed_ood,6,128,2954.430,32768,3,32784,1
opt_packed_ood,logs9_9,single_write_ood,6,128,3376.305,32768,3,32784,1
opt_packed_ood,logs9_9,production,7,128,45152.016,32768,15,50736,1
opt_packed_ood,logs9_9,tiled_indexed_ood,7,128,2948.562,32768,3,32784,1
opt_packed_ood,logs9_9,single_write_ood,7,128,2971.680,32768,3,32784,1
opt_packed_ood,logs9_9,single_write_ood,8,128,3265.625,32768,3,32784,1
opt_packed_ood,logs9_9,tiled_indexed_ood,8,128,2939.133,32768,3,32784,1
opt_packed_ood,logs9_9,production,8,128,46104.164,32768,15,50736,1
opt_packed_ood,logs9_9,production,9,128,47387.375,32768,15,50736,1
opt_packed_ood,logs9_9,single_write_ood,9,128,3077.797,32768,3,32784,1
opt_packed_ood,logs9_9,tiled_indexed_ood,9,128,2955.406,32768,3,32784,1
opt_packed_ood,logs9_9,production,10,128,50977.539,32768,15,50736,1
opt_packed_ood,logs9_9,tiled_indexed_ood,10,128,2993.492,32768,3,32784,1
opt_packed_ood,logs9_9,single_write_ood,10,128,3838.867,32768,3,32784,1
opt_packed_ood,logs9_9,single_write_ood,11,128,2981.445,32768,3,32784,1
opt_packed_ood,logs9_9,tiled_indexed_ood,11,128,3589.523,32768,3,32784,1
opt_packed_ood,logs9_9,production,11,128,44750.977,32768,15,50736,1
opt_packed_ood,logs9_9,tiled_indexed_ood,12,128,3261.062,32768,3,32784,1
opt_packed_ood,logs9_9,production,12,128,44024.414,32768,15,50736,1
opt_packed_ood,logs9_9,single_write_ood,12,128,3212.562,32768,3,32784,1
opt_packed_ood,logs9_9,production,13,128,43391.273,32768,15,50736,1
opt_packed_ood,logs9_9,single_write_ood,13,128,3625.320,32768,3,32784,1
opt_packed_ood,logs9_9,tiled_indexed_ood,13,128,3054.367,32768,3,32784,1
opt_packed_ood,logs9_9,production,14,128,40303.055,32768,15,50736,1
opt_packed_ood,logs9_9,single_write_ood,14,128,3058.594,32768,3,32784,1
opt_packed_ood,logs9_9,tiled_indexed_ood,14,128,2966.477,32768,3,32784,1
opt_packed_ood,logs9_9,production,15,128,43744.141,32768,15,50736,1
opt_packed_ood,logs9_9,single_write_ood,15,128,2972.008,32768,3,32784,1
opt_packed_ood,logs9_9,tiled_indexed_ood,15,128,3245.445,32768,3,32784,1
opt_packed_ood,logs9_9,tiled_indexed_ood,16,128,3734.703,32768,3,32784,1
opt_packed_ood,logs9_9,production,16,128,34105.797,32768,15,50736,1
opt_packed_ood,logs9_9,single_write_ood,16,128,3351.891,32768,3,32784,1
opt_packed_ood,logs9_9,single_write_ood,17,128,2973.305,32768,3,32784,1
opt_packed_ood,logs9_9,production,17,128,45211.594,32768,15,50736,1
opt_packed_ood,logs9_9,tiled_indexed_ood,17,128,3073.570,32768,3,32784,1
opt_packed_ood,logs9_9,single_write_ood,18,128,3069.656,32768,3,32784,1
opt_packed_ood,logs9_9,tiled_indexed_ood,18,128,3858.719,32768,3,32784,1
opt_packed_ood,logs9_9,production,18,128,51049.156,32768,15,50736,1
opt_packed_ood,logs9_9,single_write_ood,19,128,3094.727,32768,3,32784,1
opt_packed_ood,logs9_9,production,19,128,108596.352,32768,15,50736,1
opt_packed_ood,logs9_9,tiled_indexed_ood,19,128,9174.148,32768,3,32784,1
opt_packed_ood,logs9_9,production,20,128,58609.055,32768,15,50736,1
opt_packed_ood,logs9_9,single_write_ood,20,128,4786.461,32768,3,32784,1
opt_packed_ood,logs9_9,tiled_indexed_ood,20,128,13588.867,32768,3,32784,1
opt_packed_ood,logs9_9,production,21,128,113697.594,32768,15,50736,1
opt_packed_ood,logs9_9,tiled_indexed_ood,21,128,3007.484,32768,3,32784,1
opt_packed_ood,logs9_9,single_write_ood,21,128,3049.484,32768,3,32784,1
opt_packed_ood,logs9_9,tiled_indexed_ood,22,128,2953.125,32768,3,32784,1
opt_packed_ood,logs9_9,single_write_ood,22,128,3037.438,32768,3,32784,1
opt_packed_ood,logs9_9,production,22,128,102248.375,32768,15,50736,1
opt_packed_ood,logs9_9,single_write_ood,23,128,3379.555,32768,3,32784,1
opt_packed_ood,logs9_9,tiled_indexed_ood,23,128,36782.227,32768,3,32784,1
opt_packed_ood,logs9_9,production,23,128,36025.062,32768,15,50736,1
opt_packed_ood,logs9_9,production,24,128,26105.141,32768,15,50736,1
opt_packed_ood,logs9_9,single_write_ood,24,128,12705.727,32768,3,32784,1
opt_packed_ood,logs9_9,tiled_indexed_ood,24,128,6115.562,32768,3,32784,1
opt_packed_ood,logs9_9,production,25,128,30747.398,32768,15,50736,1
opt_packed_ood,logs9_9,tiled_indexed_ood,25,128,12045.570,32768,3,32784,1
opt_packed_ood,logs9_9,single_write_ood,25,128,3319.008,32768,3,32784,1
opt_packed_ood,logs9_9,production,26,128,58330.727,32768,15,50736,1
opt_packed_ood,logs9_9,single_write_ood,26,128,3363.930,32768,3,32784,1
opt_packed_ood,logs9_9,tiled_indexed_ood,26,128,2985.031,32768,3,32784,1
opt_packed_ood,logs9_9,tiled_indexed_ood,27,128,68536.781,32768,3,32784,1
opt_packed_ood,logs9_9,production,27,128,469102.211,32768,15,50736,1
opt_packed_ood,logs9_9,single_write_ood,27,128,18566.727,32768,3,32784,1
opt_packed_ood,logs9_9,production,28,128,205111.656,32768,15,50736,1
opt_packed_ood,logs9_9,single_write_ood,28,128,9517.578,32768,3,32784,1
opt_packed_ood,logs9_9,tiled_indexed_ood,28,128,19533.852,32768,3,32784,1
opt_packed_ood,logs9_9,single_write_ood,29,128,6544.922,32768,3,32784,1
opt_packed_ood,logs9_9,tiled_indexed_ood,29,128,2969.727,32768,3,32784,1
opt_packed_ood,logs9_9,production,29,128,52289.711,32768,15,50736,1
opt_packed_ood,logs9_9,tiled_indexed_ood,30,128,3157.875,32768,3,32784,1
opt_packed_ood,logs9_9,production,30,128,53500.000,32768,15,50736,1
opt_packed_ood,logs9_9,single_write_ood,30,128,7520.180,32768,3,32784,1
opt_packed_ood,logs9_9,single_write_ood,31,128,3132.484,32768,3,32784,1
opt_packed_ood,logs9_9,production,31,128,38895.836,32768,15,50736,1
opt_packed_ood,logs9_9,tiled_indexed_ood,31,128,3344.406,32768,3,32784,1
opt_pack,logs16_14,single_write,0,16,217468.750,2097152,1,2097152,1
opt_pack,logs16_14,production,0,16,1271705.750,2097152,2,2098672,1
opt_pack,logs16_14,tiled_write,0,16,78078.125,2097152,2,2098672,1
opt_pack,logs16_14,single_write,1,16,191796.875,2097152,1,2097152,1
opt_pack,logs16_14,tiled_write,1,16,708388.000,2097152,2,2098672,1
opt_pack,logs16_14,production,1,16,305765.625,2097152,2,2098672,1
opt_pack,logs16_14,production,2,16,311213.562,2097152,2,2098672,1
opt_pack,logs16_14,single_write,2,16,123291.688,2097152,1,2097152,1
opt_pack,logs16_14,tiled_write,2,16,621049.438,2097152,2,2098672,1
opt_pack,logs16_14,production,3,16,160625.000,2097152,2,2098672,1
opt_pack,logs16_14,single_write,3,16,95119.812,2097152,1,2097152,1
opt_pack,logs16_14,tiled_write,3,16,89135.438,2097152,2,2098672,1
opt_pack,logs16_14,tiled_write,4,16,88651.000,2097152,2,2098672,1
opt_pack,logs16_14,single_write,4,16,188106.812,2097152,1,2097152,1
opt_pack,logs16_14,production,4,16,958507.812,2097152,2,2098672,1
opt_pack,logs16_14,tiled_write,5,16,492752.625,2097152,2,2098672,1
opt_pack,logs16_14,single_write,5,16,475434.875,2097152,1,2097152,1
opt_pack,logs16_14,production,5,16,587440.125,2097152,2,2098672,1
opt_pack,logs16_14,single_write,6,16,170348.938,2097152,1,2097152,1
opt_pack,logs16_14,tiled_write,6,16,248408.875,2097152,2,2098672,1
opt_pack,logs16_14,production,6,16,324968.750,2097152,2,2098672,1
opt_pack,logs16_14,production,7,16,212526.062,2097152,2,2098672,1
opt_pack,logs16_14,single_write,7,16,98104.188,2097152,1,2097152,1
opt_pack,logs16_14,tiled_write,7,16,115794.312,2097152,2,2098672,1
opt_pack,logs16_14,tiled_write,8,16,82307.250,2097152,2,2098672,1
opt_pack,logs16_14,production,8,16,441302.062,2097152,2,2098672,1
opt_pack,logs16_14,single_write,8,16,109552.062,2097152,1,2097152,1
opt_pack,logs16_14,single_write,9,16,94213.562,2097152,1,2097152,1
opt_pack,logs16_14,tiled_write,9,16,74114.562,2097152,2,2098672,1
opt_pack,logs16_14,production,9,16,163911.438,2097152,2,2098672,1
opt_pack,logs16_14,production,10,16,335802.125,2097152,2,2098672,1
opt_pack,logs16_14,tiled_write,10,16,105679.688,2097152,2,2098672,1
opt_pack,logs16_14,single_write,10,16,94325.562,2097152,1,2097152,1
opt_pack,logs16_14,production,11,16,206609.375,2097152,2,2098672,1
opt_pack,logs16_14,single_write,11,16,107877.625,2097152,1,2097152,1
opt_pack,logs16_14,tiled_write,11,16,105945.312,2097152,2,2098672,1
opt_pack,logs16_14,production,12,16,340723.938,2097152,2,2098672,1
opt_pack,logs16_14,single_write,12,16,734203.125,2097152,1,2097152,1
opt_pack,logs16_14,tiled_write,12,16,1242414.062,2097152,2,2098672,1
opt_pack,logs16_14,tiled_write,13,16,563005.188,2097152,2,2098672,1
opt_pack,logs16_14,production,13,16,698440.125,2097152,2,2098672,1
opt_pack,logs16_14,single_write,13,16,218687.500,2097152,1,2097152,1
opt_pack,logs16_14,tiled_write,14,16,238385.438,2097152,2,2098672,1
opt_pack,logs16_14,production,14,16,249109.375,2097152,2,2098672,1
opt_pack,logs16_14,single_write,14,16,96281.250,2097152,1,2097152,1
opt_pack,logs16_14,single_write,15,16,104877.625,2097152,1,2097152,1
opt_pack,logs16_14,tiled_write,15,16,161846.312,2097152,2,2098672,1
opt_pack,logs16_14,production,15,16,223882.812,2097152,2,2098672,1
opt_pack,logs16_14,production,16,16,221151.000,2097152,2,2098672,1
opt_pack,logs16_14,single_write,16,16,96604.188,2097152,1,2097152,1
opt_pack,logs16_14,tiled_write,16,16,120153.625,2097152,2,2098672,1
opt_pack,logs16_14,tiled_write,17,16,95343.750,2097152,2,2098672,1
opt_pack,logs16_14,single_write,17,16,97570.312,2097152,1,2097152,1
opt_pack,logs16_14,production,17,16,217325.500,2097152,2,2098672,1
opt_pack,logs16_14,tiled_write,18,16,92924.500,2097152,2,2098672,1
opt_pack,logs16_14,production,18,16,222328.125,2097152,2,2098672,1
opt_pack,logs16_14,single_write,18,16,96375.000,2097152,1,2097152,1
opt_pack,logs16_14,production,19,16,210210.938,2097152,2,2098672,1
opt_pack,logs16_14,single_write,19,16,101794.312,2097152,1,2097152,1
opt_pack,logs16_14,tiled_write,19,16,141677.062,2097152,2,2098672,1
opt_pack,logs16_14,tiled_write,20,16,75528.625,2097152,2,2098672,1
opt_pack,logs16_14,production,20,16,203505.250,2097152,2,2098672,1
opt_pack,logs16_14,single_write,20,16,96114.562,2097152,1,2097152,1
opt_pack,logs16_14,tiled_write,21,16,92299.500,2097152,2,2098672,1
opt_pack,logs16_14,production,21,16,225908.875,2097152,2,2098672,1
opt_pack,logs16_14,single_write,21,16,138966.125,2097152,1,2097152,1
opt_pack,logs16_14,production,22,16,258526.000,2097152,2,2098672,1
opt_pack,logs16_14,tiled_write,22,16,187802.062,2097152,2,2098672,1
opt_pack,logs16_14,single_write,22,16,94817.688,2097152,1,2097152,1
opt_pack,logs16_14,single_write,23,16,95184.938,2097152,1,2097152,1
opt_pack,logs16_14,production,23,16,235612.000,2097152,2,2098672,1
opt_pack,logs16_14,tiled_write,23,16,92630.250,2097152,2,2098672,1
opt_pack,logs16_14,single_write,24,16,96416.688,2097152,1,2097152,1
opt_pack,logs16_14,tiled_write,24,16,130497.438,2097152,2,2098672,1
opt_pack,logs16_14,production,24,16,220937.500,2097152,2,2098672,1
opt_pack,logs16_14,production,25,16,202294.250,2097152,2,2098672,1
opt_pack,logs16_14,single_write,25,16,98299.500,2097152,1,2097152,1
opt_pack,logs16_14,tiled_write,25,16,113549.500,2097152,2,2098672,1
opt_pack,logs16_14,tiled_write,26,16,84104.188,2097152,2,2098672,1
opt_pack,logs16_14,production,26,16,261570.312,2097152,2,2098672,1
opt_pack,logs16_14,single_write,26,16,96257.812,2097152,1,2097152,1
opt_pack,logs16_14,production,27,16,228492.188,2097152,2,2098672,1
opt_pack,logs16_14,single_write,27,16,98575.562,2097152,1,2097152,1
opt_pack,logs16_14,tiled_write,27,16,94341.125,2097152,2,2098672,1
opt_pack,logs16_14,production,28,16,294177.062,2097152,2,2098672,1
opt_pack,logs16_14,single_write,28,16,104578.125,2097152,1,2097152,1
opt_pack,logs16_14,tiled_write,28,16,108127.562,2097152,2,2098672,1
opt_pack,logs16_14,production,29,16,219872.375,2097152,2,2098672,1
opt_pack,logs16_14,single_write,29,16,97567.750,2097152,1,2097152,1
opt_pack,logs16_14,tiled_write,29,16,95572.938,2097152,2,2098672,1
opt_pack,logs16_14,single_write,30,16,99385.438,2097152,1,2097152,1
opt_pack,logs16_14,production,30,16,702388.062,2097152,2,2098672,1
opt_pack,logs16_14,tiled_write,30,16,150171.875,2097152,2,2098672,1
opt_pack,logs16_14,tiled_write,31,16,108343.750,2097152,2,2098672,1
opt_pack,logs16_14,single_write,31,16,96414.062,2097152,1,2097152,1
opt_pack,logs16_14,production,31,16,177265.625,2097152,2,2098672,1
opt_packed_ood,logs16_14,single_write_ood,0,16,279585.938,4194304,4,2164720,1
opt_packed_ood,logs16_14,tiled_indexed_ood,0,16,206184.875,4194304,4,2164720,1
opt_packed_ood,logs16_14,production,0,16,337127.625,4194304,22,2231248,1
opt_packed_ood,logs16_14,production,1,16,343565.125,4194304,22,2231248,1
opt_packed_ood,logs16_14,single_write_ood,1,16,254921.875,4194304,4,2164720,1
opt_packed_ood,logs16_14,tiled_indexed_ood,1,16,186869.750,4194304,4,2164720,1
opt_packed_ood,logs16_14,single_write_ood,2,16,359593.750,4194304,4,2164720,1
opt_packed_ood,logs16_14,tiled_indexed_ood,2,16,163815.125,4194304,4,2164720,1
opt_packed_ood,logs16_14,production,2,16,323106.750,4194304,22,2231248,1
opt_packed_ood,logs16_14,single_write_ood,3,16,335872.375,4194304,4,2164720,1
opt_packed_ood,logs16_14,production,3,16,696187.500,4194304,22,2231248,1
opt_packed_ood,logs16_14,tiled_indexed_ood,3,16,351179.688,4194304,4,2164720,1
opt_packed_ood,logs16_14,tiled_indexed_ood,4,16,238101.562,4194304,4,2164720,1
opt_packed_ood,logs16_14,production,4,16,345265.625,4194304,22,2231248,1
opt_packed_ood,logs16_14,single_write_ood,4,16,277367.188,4194304,4,2164720,1
opt_packed_ood,logs16_14,tiled_indexed_ood,5,16,175625.000,4194304,4,2164720,1
opt_packed_ood,logs16_14,production,5,16,371145.875,4194304,22,2231248,1
opt_packed_ood,logs16_14,single_write_ood,5,16,292166.688,4194304,4,2164720,1
opt_packed_ood,logs16_14,single_write_ood,6,16,515903.625,4194304,4,2164720,1
opt_packed_ood,logs16_14,tiled_indexed_ood,6,16,197127.625,4194304,4,2164720,1
opt_packed_ood,logs16_14,production,6,16,748109.375,4194304,22,2231248,1
opt_packed_ood,logs16_14,tiled_indexed_ood,7,16,284164.062,4194304,4,2164720,1
opt_packed_ood,logs16_14,single_write_ood,7,16,335117.188,4194304,4,2164720,1
opt_packed_ood,logs16_14,production,7,16,383393.188,4194304,22,2231248,1
opt_packed_ood,logs16_14,single_write_ood,8,16,381210.938,4194304,4,2164720,1
opt_packed_ood,logs16_14,tiled_indexed_ood,8,16,474807.312,4194304,4,2164720,1
opt_packed_ood,logs16_14,production,8,16,789783.875,4194304,22,2231248,1
opt_packed_ood,logs16_14,single_write_ood,9,16,514854.188,4194304,4,2164720,1
opt_packed_ood,logs16_14,production,9,16,711687.500,4194304,22,2231248,1
opt_packed_ood,logs16_14,tiled_indexed_ood,9,16,1595213.562,4194304,4,2164720,1
opt_packed_ood,logs16_14,single_write_ood,10,16,527476.562,4194304,4,2164720,1
opt_packed_ood,logs16_14,tiled_indexed_ood,10,16,503588.500,4194304,4,2164720,1
opt_packed_ood,logs16_14,production,10,16,361591.125,4194304,22,2231248,1
opt_packed_ood,logs16_14,tiled_indexed_ood,11,16,301210.938,4194304,4,2164720,1
opt_packed_ood,logs16_14,single_write_ood,11,16,524148.438,4194304,4,2164720,1
opt_packed_ood,logs16_14,production,11,16,346395.812,4194304,22,2231248,1
opt_packed_ood,logs16_14,production,12,16,286632.812,4194304,22,2231248,1
opt_packed_ood,logs16_14,tiled_indexed_ood,12,16,227630.188,4194304,4,2164720,1
opt_packed_ood,logs16_14,single_write_ood,12,16,353731.750,4194304,4,2164720,1
opt_packed_ood,logs16_14,production,13,16,498656.250,4194304,22,2231248,1
opt_packed_ood,logs16_14,single_write_ood,13,16,475828.125,4194304,4,2164720,1
opt_packed_ood,logs16_14,tiled_indexed_ood,13,16,448867.188,4194304,4,2164720,1
opt_packed_ood,logs16_14,production,14,16,641440.125,4194304,22,2231248,1
opt_packed_ood,logs16_14,tiled_indexed_ood,14,16,462807.250,4194304,4,2164720,1
opt_packed_ood,logs16_14,single_write_ood,14,16,526351.562,4194304,4,2164720,1
opt_packed_ood,logs16_14,single_write_ood,15,16,769031.250,4194304,4,2164720,1
opt_packed_ood,logs16_14,tiled_indexed_ood,15,16,342726.562,4194304,4,2164720,1
opt_packed_ood,logs16_14,production,15,16,409708.312,4194304,22,2231248,1
opt_packed_ood,logs16_14,tiled_indexed_ood,16,16,266479.125,4194304,4,2164720,1
opt_packed_ood,logs16_14,production,16,16,373270.812,4194304,22,2231248,1
opt_packed_ood,logs16_14,single_write_ood,16,16,315500.000,4194304,4,2164720,1
opt_packed_ood,logs16_14,single_write_ood,17,16,339231.812,4194304,4,2164720,1
opt_packed_ood,logs16_14,tiled_indexed_ood,17,16,309674.500,4194304,4,2164720,1
opt_packed_ood,logs16_14,production,17,16,500611.938,4194304,22,2231248,1
opt_packed_ood,logs16_14,single_write_ood,18,16,418768.250,4194304,4,2164720,1
opt_packed_ood,logs16_14,production,18,16,589109.375,4194304,22,2231248,1
opt_packed_ood,logs16_14,tiled_indexed_ood,18,16,360755.188,4194304,4,2164720,1
opt_packed_ood,logs16_14,production,19,16,515070.312,4194304,22,2231248,1
opt_packed_ood,logs16_14,tiled_indexed_ood,19,16,240799.500,4194304,4,2164720,1
opt_packed_ood,logs16_14,single_write_ood,19,16,260789.062,4194304,4,2164720,1
opt_packed_ood,logs16_14,tiled_indexed_ood,20,16,340088.562,4194304,4,2164720,1
opt_packed_ood,logs16_14,single_write_ood,20,16,311830.750,4194304,4,2164720,1
opt_packed_ood,logs16_14,production,20,16,667955.750,4194304,22,2231248,1
opt_packed_ood,logs16_14,production,21,16,420518.250,4194304,22,2231248,1
opt_packed_ood,logs16_14,single_write_ood,21,16,280606.750,4194304,4,2164720,1
opt_packed_ood,logs16_14,tiled_indexed_ood,21,16,250393.250,4194304,4,2164720,1
opt_packed_ood,logs16_14,single_write_ood,22,16,297223.938,4194304,4,2164720,1
opt_packed_ood,logs16_14,tiled_indexed_ood,22,16,317031.250,4194304,4,2164720,1
opt_packed_ood,logs16_14,production,22,16,381442.688,4194304,22,2231248,1
opt_packed_ood,logs16_14,single_write_ood,23,16,290494.750,4194304,4,2164720,1
opt_packed_ood,logs16_14,tiled_indexed_ood,23,16,191145.875,4194304,4,2164720,1
opt_packed_ood,logs16_14,production,23,16,371067.750,4194304,22,2231248,1
opt_packed_ood,logs16_14,tiled_indexed_ood,24,16,179919.250,4194304,4,2164720,1
opt_packed_ood,logs16_14,production,24,16,506617.188,4194304,22,2231248,1
opt_packed_ood,logs16_14,single_write_ood,24,16,284197.938,4194304,4,2164720,1
opt_packed_ood,logs16_14,single_write_ood,25,16,269341.125,4194304,4,2164720,1
opt_packed_ood,logs16_14,tiled_indexed_ood,25,16,248664.062,4194304,4,2164720,1
opt_packed_ood,logs16_14,production,25,16,453695.312,4194304,22,2231248,1
opt_packed_ood,logs16_14,production,26,16,439703.125,4194304,22,2231248,1
opt_packed_ood,logs16_14,single_write_ood,26,16,265971.375,4194304,4,2164720,1
opt_packed_ood,logs16_14,tiled_indexed_ood,26,16,204776.062,4194304,4,2164720,1
opt_packed_ood,logs16_14,production,27,16,402111.938,4194304,22,2231248,1
opt_packed_ood,logs16_14,single_write_ood,27,16,296846.375,4194304,4,2164720,1
opt_packed_ood,logs16_14,tiled_indexed_ood,27,16,317565.125,4194304,4,2164720,1
opt_packed_ood,logs16_14,single_write_ood,28,16,280578.125,4194304,4,2164720,1
opt_packed_ood,logs16_14,production,28,16,387372.375,4194304,22,2231248,1
opt_packed_ood,logs16_14,tiled_indexed_ood,28,16,216057.312,4194304,4,2164720,1
opt_packed_ood,logs16_14,tiled_indexed_ood,29,16,197843.750,4194304,4,2164720,1
opt_packed_ood,logs16_14,single_write_ood,29,16,611476.562,4194304,4,2164720,1
opt_packed_ood,logs16_14,production,29,16,333419.250,4194304,22,2231248,1
opt_packed_ood,logs16_14,single_write_ood,30,16,318908.875,4194304,4,2164720,1
opt_packed_ood,logs16_14,production,30,16,381414.062,4194304,22,2231248,1
opt_packed_ood,logs16_14,tiled_indexed_ood,30,16,211455.750,4194304,4,2164720,1
opt_packed_ood,logs16_14,tiled_indexed_ood,31,16,472872.375,4194304,4,2164720,1
opt_packed_ood,logs16_14,production,31,16,377445.312,4194304,22,2231248,1
opt_packed_ood,logs16_14,single_write_ood,31,16,313898.438,4194304,4,2164720,1
opt_pack,logs18_18,tiled_write,0,8,394078.125,8388608,2,8390128,1
opt_pack,logs18_18,single_write,0,8,462317.750,8388608,1,8388608,1
opt_pack,logs18_18,production,0,8,1002468.750,8388608,2,8390128,1
opt_pack,logs18_18,production,1,8,466567.750,8388608,2,8390128,1
opt_pack,logs18_18,tiled_write,1,8,215203.125,8388608,2,8390128,1
opt_pack,logs18_18,single_write,1,8,457557.375,8388608,1,8388608,1
opt_pack,logs18_18,tiled_write,2,8,689041.625,8388608,2,8390128,1
opt_pack,logs18_18,single_write,2,8,453161.375,8388608,1,8388608,1
opt_pack,logs18_18,production,2,8,602817.750,8388608,2,8390128,1
opt_pack,logs18_18,production,3,8,502833.375,8388608,2,8390128,1
opt_pack,logs18_18,tiled_write,3,8,412890.625,8388608,2,8390128,1
opt_pack,logs18_18,single_write,3,8,445171.875,8388608,1,8388608,1
opt_pack,logs18_18,tiled_write,4,8,2098994.750,8388608,2,8390128,1
opt_pack,logs18_18,production,4,8,605317.750,8388608,2,8390128,1
opt_pack,logs18_18,single_write,4,8,611484.375,8388608,1,8388608,1
opt_pack,logs18_18,production,5,8,937255.250,8388608,2,8390128,1
opt_pack,logs18_18,tiled_write,5,8,1938807.375,8388608,2,8390128,1
opt_pack,logs18_18,single_write,5,8,450791.625,8388608,1,8388608,1
opt_pack,logs18_18,production,6,8,1024776.000,8388608,2,8390128,1
opt_pack,logs18_18,single_write,6,8,452510.375,8388608,1,8388608,1
opt_pack,logs18_18,tiled_write,6,8,239375.000,8388608,2,8390128,1
opt_pack,logs18_18,production,7,8,617088.500,8388608,2,8390128,1
opt_pack,logs18_18,tiled_write,7,8,373875.000,8388608,2,8390128,1
opt_pack,logs18_18,single_write,7,8,499385.500,8388608,1,8388608,1
opt_pack,logs18_18,production,8,8,854453.125,8388608,2,8390128,1
opt_pack,logs18_18,tiled_write,8,8,313630.250,8388608,2,8390128,1
opt_pack,logs18_18,single_write,8,8,503526.000,8388608,1,8388608,1
opt_pack,logs18_18,production,9,8,611781.250,8388608,2,8390128,1
opt_pack,logs18_18,single_write,9,8,470213.500,8388608,1,8388608,1
opt_pack,logs18_18,tiled_write,9,8,704661.500,8388608,2,8390128,1
opt_pack,logs18_18,single_write,10,8,509510.500,8388608,1,8388608,1
opt_pack,logs18_18,tiled_write,10,8,397057.375,8388608,2,8390128,1
opt_pack,logs18_18,production,10,8,515494.875,8388608,2,8390128,1
opt_pack,logs18_18,tiled_write,11,8,211927.000,8388608,2,8390128,1
opt_pack,logs18_18,single_write,11,8,450682.375,8388608,1,8388608,1
opt_pack,logs18_18,production,11,8,614968.750,8388608,2,8390128,1
opt_pack,logs18_18,production,12,8,475073.000,8388608,2,8390128,1
opt_pack,logs18_18,single_write,12,8,421421.875,8388608,1,8388608,1
opt_pack,logs18_18,tiled_write,12,8,189343.750,8388608,2,8390128,1
opt_pack,logs18_18,tiled_write,13,8,173328.125,8388608,2,8390128,1
opt_pack,logs18_18,production,13,8,521843.750,8388608,2,8390128,1
opt_pack,logs18_18,single_write,13,8,482322.875,8388608,1,8388608,1
opt_pack,logs18_18,production,14,8,497640.625,8388608,2,8390128,1
opt_pack,logs18_18,tiled_write,14,8,201583.375,8388608,2,8390128,1
opt_pack,logs18_18,single_write,14,8,459265.625,8388608,1,8388608,1
opt_pack,logs18_18,single_write,15,8,494218.750,8388608,1,8388608,1
opt_pack,logs18_18,production,15,8,536135.375,8388608,2,8390128,1
opt_pack,logs18_18,tiled_write,15,8,233375.000,8388608,2,8390128,1
opt_pack,logs18_18,production,16,8,529307.375,8388608,2,8390128,1
opt_pack,logs18_18,tiled_write,16,8,172125.000,8388608,2,8390128,1
opt_pack,logs18_18,single_write,16,8,626921.875,8388608,1,8388608,1
opt_pack,logs18_18,tiled_write,17,8,227880.250,8388608,2,8390128,1
opt_pack,logs18_18,single_write,17,8,430474.000,8388608,1,8388608,1
opt_pack,logs18_18,production,17,8,578776.000,8388608,2,8390128,1
opt_pack,logs18_18,single_write,18,8,498828.125,8388608,1,8388608,1
opt_pack,logs18_18,production,18,8,554166.750,8388608,2,8390128,1
opt_pack,logs18_18,tiled_write,18,8,180135.500,8388608,2,8390128,1
opt_pack,logs18_18,tiled_write,19,8,154437.500,8388608,2,8390128,1
opt_pack,logs18_18,single_write,19,8,420807.250,8388608,1,8388608,1
opt_pack,logs18_18,production,19,8,426036.375,8388608,2,8390128,1
opt_pack,logs18_18,tiled_write,20,8,194505.250,8388608,2,8390128,1
opt_pack,logs18_18,production,20,8,539427.125,8388608,2,8390128,1
opt_pack,logs18_18,single_write,20,8,437604.125,8388608,1,8388608,1
opt_pack,logs18_18,tiled_write,21,8,172489.500,8388608,2,8390128,1
opt_pack,logs18_18,production,21,8,476078.125,8388608,2,8390128,1
opt_pack,logs18_18,single_write,21,8,421546.875,8388608,1,8388608,1
opt_pack,logs18_18,production,22,8,557250.000,8388608,2,8390128,1
opt_pack,logs18_18,single_write,22,8,446125.000,8388608,1,8388608,1
opt_pack,logs18_18,tiled_write,22,8,154192.750,8388608,2,8390128,1
opt_pack,logs18_18,tiled_write,23,8,161317.625,8388608,2,8390128,1
opt_pack,logs18_18,single_write,23,8,446958.375,8388608,1,8388608,1
opt_pack,logs18_18,production,23,8,527932.375,8388608,2,8390128,1
opt_pack,logs18_18,single_write,24,8,426901.000,8388608,1,8388608,1
opt_pack,logs18_18,tiled_write,24,8,189989.500,8388608,2,8390128,1
opt_pack,logs18_18,production,24,8,433604.250,8388608,2,8390128,1
opt_pack,logs18_18,tiled_write,25,8,204411.375,8388608,2,8390128,1
opt_pack,logs18_18,single_write,25,8,448010.375,8388608,1,8388608,1
opt_pack,logs18_18,production,25,8,870125.000,8388608,2,8390128,1
opt_pack,logs18_18,tiled_write,26,8,196296.875,8388608,2,8390128,1
opt_pack,logs18_18,single_write,26,8,442052.125,8388608,1,8388608,1
opt_pack,logs18_18,production,26,8,476578.125,8388608,2,8390128,1
opt_pack,logs18_18,single_write,27,8,445651.000,8388608,1,8388608,1
opt_pack,logs18_18,tiled_write,27,8,152380.125,8388608,2,8390128,1
opt_pack,logs18_18,production,27,8,949302.125,8388608,2,8390128,1
opt_pack,logs18_18,single_write,28,8,418291.625,8388608,1,8388608,1
opt_pack,logs18_18,production,28,8,430968.750,8388608,2,8390128,1
opt_pack,logs18_18,tiled_write,28,8,202848.875,8388608,2,8390128,1
opt_pack,logs18_18,production,29,8,534526.125,8388608,2,8390128,1
opt_pack,logs18_18,tiled_write,29,8,197072.875,8388608,2,8390128,1
opt_pack,logs18_18,single_write,29,8,443614.625,8388608,1,8388608,1
opt_pack,logs18_18,production,30,8,500635.500,8388608,2,8390128,1
opt_pack,logs18_18,single_write,30,8,517802.000,8388608,1,8388608,1
opt_pack,logs18_18,tiled_write,30,8,272755.250,8388608,2,8390128,1
opt_pack,logs18_18,production,31,8,508161.375,8388608,2,8390128,1
opt_pack,logs18_18,tiled_write,31,8,157151.000,8388608,2,8390128,1
opt_pack,logs18_18,single_write,31,8,444343.750,8388608,1,8388608,1
opt_packed_ood,logs18_18,production,0,8,1852208.250,16777216,24,8527312,1
opt_packed_ood,logs18_18,single_write_ood,0,8,841588.500,16777216,4,8457712,1
opt_packed_ood,logs18_18,tiled_indexed_ood,0,8,918849.000,16777216,4,8457712,1
opt_packed_ood,logs18_18,single_write_ood,1,8,728250.000,16777216,4,8457712,1
opt_packed_ood,logs18_18,tiled_indexed_ood,1,8,461546.875,16777216,4,8457712,1
opt_packed_ood,logs18_18,production,1,8,1563067.750,16777216,24,8527312,1
opt_packed_ood,logs18_18,tiled_indexed_ood,2,8,2078322.875,16777216,4,8457712,1
opt_packed_ood,logs18_18,production,2,8,1488781.250,16777216,24,8527312,1
opt_packed_ood,logs18_18,single_write_ood,2,8,1019208.375,16777216,4,8457712,1
opt_packed_ood,logs18_18,single_write_ood,3,8,2025265.625,16777216,4,8457712,1
opt_packed_ood,logs18_18,production,3,8,1160505.125,16777216,24,8527312,1
opt_packed_ood,logs18_18,tiled_indexed_ood,3,8,511197.875,16777216,4,8457712,1
opt_packed_ood,logs18_18,single_write_ood,4,8,764421.875,16777216,4,8457712,1
opt_packed_ood,logs18_18,tiled_indexed_ood,4,8,868015.625,16777216,4,8457712,1
opt_packed_ood,logs18_18,production,4,8,837364.500,16777216,24,8527312,1
opt_packed_ood,logs18_18,single_write_ood,5,8,2019947.875,16777216,4,8457712,1
opt_packed_ood,logs18_18,production,5,8,787354.125,16777216,24,8527312,1
opt_packed_ood,logs18_18,tiled_indexed_ood,5,8,725333.375,16777216,4,8457712,1
opt_packed_ood,logs18_18,single_write_ood,6,8,1514448.000,16777216,4,8457712,1
opt_packed_ood,logs18_18,production,6,8,879968.750,16777216,24,8527312,1
opt_packed_ood,logs18_18,tiled_indexed_ood,6,8,420156.250,16777216,4,8457712,1
opt_packed_ood,logs18_18,single_write_ood,7,8,1050744.750,16777216,4,8457712,1
opt_packed_ood,logs18_18,production,7,8,693328.125,16777216,24,8527312,1
opt_packed_ood,logs18_18,tiled_indexed_ood,7,8,422958.375,16777216,4,8457712,1
opt_packed_ood,logs18_18,single_write_ood,8,8,1004406.250,16777216,4,8457712,1
opt_packed_ood,logs18_18,tiled_indexed_ood,8,8,410703.125,16777216,4,8457712,1
opt_packed_ood,logs18_18,production,8,8,714828.125,16777216,24,8527312,1
opt_packed_ood,logs18_18,single_write_ood,9,8,1167156.250,16777216,4,8457712,1
opt_packed_ood,logs18_18,production,9,8,1089447.875,16777216,24,8527312,1
opt_packed_ood,logs18_18,tiled_indexed_ood,9,8,696786.375,16777216,4,8457712,1
opt_packed_ood,logs18_18,production,10,8,663171.875,16777216,24,8527312,1
opt_packed_ood,logs18_18,single_write_ood,10,8,782427.125,16777216,4,8457712,1
opt_packed_ood,logs18_18,tiled_indexed_ood,10,8,447635.375,16777216,4,8457712,1
opt_packed_ood,logs18_18,single_write_ood,11,8,760567.750,16777216,4,8457712,1
opt_packed_ood,logs18_18,production,11,8,1087744.875,16777216,24,8527312,1
opt_packed_ood,logs18_18,tiled_indexed_ood,11,8,605203.125,16777216,4,8457712,1
opt_packed_ood,logs18_18,single_write_ood,12,8,811427.125,16777216,4,8457712,1
opt_packed_ood,logs18_18,tiled_indexed_ood,12,8,882698.000,16777216,4,8457712,1
opt_packed_ood,logs18_18,production,12,8,702156.250,16777216,24,8527312,1
opt_packed_ood,logs18_18,single_write_ood,13,8,792453.125,16777216,4,8457712,1
opt_packed_ood,logs18_18,production,13,8,755369.875,16777216,24,8527312,1
opt_packed_ood,logs18_18,tiled_indexed_ood,13,8,462500.000,16777216,4,8457712,1
opt_packed_ood,logs18_18,production,14,8,782651.000,16777216,24,8527312,1
opt_packed_ood,logs18_18,single_write_ood,14,8,923515.625,16777216,4,8457712,1
opt_packed_ood,logs18_18,tiled_indexed_ood,14,8,474661.375,16777216,4,8457712,1
opt_packed_ood,logs18_18,tiled_indexed_ood,15,8,565614.625,16777216,4,8457712,1
opt_packed_ood,logs18_18,single_write_ood,15,8,1304890.625,16777216,4,8457712,1
opt_packed_ood,logs18_18,production,15,8,955890.625,16777216,24,8527312,1
opt_packed_ood,logs18_18,tiled_indexed_ood,16,8,718317.750,16777216,4,8457712,1
opt_packed_ood,logs18_18,single_write_ood,16,8,798880.250,16777216,4,8457712,1
opt_packed_ood,logs18_18,production,16,8,873119.875,16777216,24,8527312,1
opt_packed_ood,logs18_18,tiled_indexed_ood,17,8,550932.250,16777216,4,8457712,1
opt_packed_ood,logs18_18,single_write_ood,17,8,735489.500,16777216,4,8457712,1
opt_packed_ood,logs18_18,production,17,8,961224.000,16777216,24,8527312,1
opt_packed_ood,logs18_18,single_write_ood,18,8,920177.000,16777216,4,8457712,1
opt_packed_ood,logs18_18,production,18,8,699369.750,16777216,24,8527312,1
opt_packed_ood,logs18_18,tiled_indexed_ood,18,8,1037010.375,16777216,4,8457712,1
opt_packed_ood,logs18_18,production,19,8,770333.375,16777216,24,8527312,1
opt_packed_ood,logs18_18,single_write_ood,19,8,1288072.875,16777216,4,8457712,1
opt_packed_ood,logs18_18,tiled_indexed_ood,19,8,360760.500,16777216,4,8457712,1
opt_packed_ood,logs18_18,production,20,8,741734.375,16777216,24,8527312,1
opt_packed_ood,logs18_18,tiled_indexed_ood,20,8,511411.500,16777216,4,8457712,1
opt_packed_ood,logs18_18,single_write_ood,20,8,707151.125,16777216,4,8457712,1
opt_packed_ood,logs18_18,tiled_indexed_ood,21,8,401369.750,16777216,4,8457712,1
opt_packed_ood,logs18_18,production,21,8,1125187.500,16777216,24,8527312,1
opt_packed_ood,logs18_18,single_write_ood,21,8,746833.375,16777216,4,8457712,1
opt_packed_ood,logs18_18,production,22,8,2632067.750,16777216,24,8527312,1
opt_packed_ood,logs18_18,single_write_ood,22,8,833333.375,16777216,4,8457712,1
opt_packed_ood,logs18_18,tiled_indexed_ood,22,8,485234.375,16777216,4,8457712,1
opt_packed_ood,logs18_18,production,23,8,952140.625,16777216,24,8527312,1
opt_packed_ood,logs18_18,single_write_ood,23,8,754333.375,16777216,4,8457712,1
opt_packed_ood,logs18_18,tiled_indexed_ood,23,8,422880.250,16777216,4,8457712,1
opt_packed_ood,logs18_18,tiled_indexed_ood,24,8,402166.750,16777216,4,8457712,1
opt_packed_ood,logs18_18,production,24,8,1059750.000,16777216,24,8527312,1
opt_packed_ood,logs18_18,single_write_ood,24,8,894880.250,16777216,4,8457712,1
opt_packed_ood,logs18_18,single_write_ood,25,8,756770.875,16777216,4,8457712,1
opt_packed_ood,logs18_18,production,25,8,696427.125,16777216,24,8527312,1
opt_packed_ood,logs18_18,tiled_indexed_ood,25,8,355994.875,16777216,4,8457712,1
opt_packed_ood,logs18_18,single_write_ood,26,8,741614.625,16777216,4,8457712,1
opt_packed_ood,logs18_18,tiled_indexed_ood,26,8,486317.750,16777216,4,8457712,1
opt_packed_ood,logs18_18,production,26,8,1231500.000,16777216,24,8527312,1
opt_packed_ood,logs18_18,single_write_ood,27,8,1289479.125,16777216,4,8457712,1
opt_packed_ood,logs18_18,tiled_indexed_ood,27,8,473942.750,16777216,4,8457712,1
opt_packed_ood,logs18_18,production,27,8,1344692.750,16777216,24,8527312,1
opt_packed_ood,logs18_18,single_write_ood,28,8,2080302.125,16777216,4,8457712,1
opt_packed_ood,logs18_18,production,28,8,766401.125,16777216,24,8527312,1
opt_packed_ood,logs18_18,tiled_indexed_ood,28,8,390338.625,16777216,4,8457712,1
opt_packed_ood,logs18_18,production,29,8,743796.875,16777216,24,8527312,1
opt_packed_ood,logs18_18,tiled_indexed_ood,29,8,351031.250,16777216,4,8457712,1
opt_packed_ood,logs18_18,single_write_ood,29,8,711171.875,16777216,4,8457712,1
opt_packed_ood,logs18_18,production,30,8,830463.625,16777216,24,8527312,1
opt_packed_ood,logs18_18,single_write_ood,30,8,735197.875,16777216,4,8457712,1
opt_packed_ood,logs18_18,tiled_indexed_ood,30,8,479119.750,16777216,4,8457712,1
opt_packed_ood,logs18_18,production,31,8,875427.125,16777216,24,8527312,1
opt_packed_ood,logs18_18,tiled_indexed_ood,31,8,434260.500,16777216,4,8457712,1
opt_packed_ood,logs18_18,single_write_ood,31,8,695890.625,16777216,4,8457712,1
