family,size,variant,rep,iterations,ns,bytes,allocations,allocated_bytes,correctness
opt_ood,log10,indexed_products,0,1024,2448.812,16384,2,16400,1
opt_ood,log10,reuse_products,0,1024,2179.281,16384,2,16400,1
opt_ood,log10,collect_products,0,1024,2319.377,16384,3,16464,1
opt_ood,log10,prepared_products,0,1024,2412.394,16384,3,16464,1
opt_ood,log10,production_blocked,0,1024,3126.140,16384,13,32832,1
opt_ood,log10,vector_products,0,1024,2492.351,16384,3,16464,1
opt_ood,log10,collect_products,1,1024,2334.798,16384,3,16464,1
opt_ood,log10,reuse_products,1,1024,2249.104,16384,2,16400,1
opt_ood,log10,indexed_products,1,1024,2403.850,16384,2,16400,1
opt_ood,log10,vector_products,1,1024,2346.965,16384,3,16464,1
opt_ood,log10,production_blocked,1,1024,3166.260,16384,13,32832,1
opt_ood,log10,prepared_products,1,1024,2408.773,16384,3,16464,1
opt_ood,log10,vector_products,2,1024,2435.018,16384,3,16464,1
opt_ood,log10,indexed_products,2,1024,2289.917,16384,2,16400,1
opt_ood,log10,production_blocked,2,1024,3061.564,16384,13,32832,1
opt_ood,log10,collect_products,2,1024,2409.993,16384,3,16464,1
opt_ood,log10,prepared_products,2,1024,2302.124,16384,3,16464,1
opt_ood,log10,reuse_products,2,1024,2246.013,16384,2,16400,1
opt_ood,log10,reuse_products,3,1024,2226.318,16384,2,16400,1
opt_ood,log10,production_blocked,3,1024,3138.184,16384,13,32832,1
opt_ood,log10,indexed_products,3,1024,2254.843,16384,2,16400,1
opt_ood,log10,prepared_products,3,1024,2306.315,16384,3,16464,1
opt_ood,log10,vector_products,3,1024,2341.146,16384,3,16464,1
opt_ood,log10,collect_products,3,1024,2399.292,16384,3,16464,1
opt_ood,log10,prepared_products,4,1024,2300.212,16384,3,16464,1
opt_ood,log10,vector_products,4,1024,2330.647,16384,3,16464,1
opt_ood,log10,indexed_products,4,1024,2294.149,16384,2,16400,1
opt_ood,log10,reuse_products,4,1024,2261.108,16384,2,16400,1
opt_ood,log10,production_blocked,4,1024,3168.701,16384,13,32832,1
opt_ood,log10,collect_products,4,1024,2388.347,16384,3,16464,1
opt_ood,log10,production_blocked,5,1024,3058.797,16384,13,32832,1
opt_ood,log10,collect_products,5,1024,2402.588,16384,3,16464,1
opt_ood,log10,reuse_products,5,1024,2236.653,16384,2,16400,1
opt_ood,log10,vector_products,5,1024,2339.803,16384,3,16464,1
opt_ood,log10,prepared_products,5,1024,2302.205,16384,3,16464,1
opt_ood,log10,indexed_products,5,1024,2360.026,16384,2,16400,1
opt_ood,log10,prepared_products,6,1024,2381.022,16384,3,16464,1
opt_ood,log10,collect_products,6,1024,2285.075,16384,3,16464,1
opt_ood,log10,reuse_products,6,1024,2233.968,16384,2,16400,1
opt_ood,log10,indexed_products,6,1024,2334.676,16384,2,16400,1
opt_ood,log10,vector_products,6,1024,2394.206,16384,3,16464,1
opt_ood,log10,production_blocked,6,1024,3035.971,16384,13,32832,1
opt_ood,log10,prepared_products,7,1024,2329.712,16384,3,16464,1
opt_ood,log10,production_blocked,7,1024,3063.965,16384,13,32832,1
opt_ood,log10,collect_products,7,1024,2327.515,16384,3,16464,1
opt_ood,log10,reuse_products,7,1024,2286.743,16384,2,16400,1
opt_ood,log10,indexed_products,7,1024,2327.066,16384,2,16400,1
opt_ood,log10,vector_products,7,1024,2336.060,16384,3,16464,1
opt_ood,log10,prepared_products,8,1024,2299.275,16384,3,16464,1
opt_ood,log10,production_blocked,8,1024,3155.966,16384,13,32832,1
opt_ood,log10,vector_products,8,1024,2433.594,16384,3,16464,1
opt_ood,log10,collect_products,8,1024,2503.215,16384,3,16464,1
opt_ood,log10,indexed_products,8,1024,2316.977,16384,2,16400,1
opt_ood,log10,reuse_products,8,1024,2251.872,16384,2,16400,1
opt_ood,log10,collect_products,9,1024,2372.354,16384,3,16464,1
opt_ood,log10,prepared_products,9,1024,2292.847,16384,3,16464,1
opt_ood,log10,reuse_products,9,1024,2223.511,16384,2,16400,1
opt_ood,log10,production_blocked,9,1024,3100.830,16384,13,32832,1
opt_ood,log10,indexed_products,9,1024,2359.009,16384,2,16400,1
opt_ood,log10,vector_products,9,1024,2326.741,16384,3,16464,1
opt_ood,log10,reuse_products,10,1024,2228.801,16384,2,16400,1
opt_ood,log10,indexed_products,10,1024,2326.294,16384,2,16400,1
opt_ood,log10,collect_products,10,1024,2384.399,16384,3,16464,1
opt_ood,log10,prepared_products,10,1024,2312.337,16384,3,16464,1
opt_ood,log10,production_blocked,10,1024,3065.755,16384,13,32832,1
opt_ood,log10,vector_products,10,1024,2436.687,16384,3,16464,1
opt_ood,log10,vector_products,11,1024,2493.408,16384,3,16464,1
opt_ood,log10,collect_products,11,1024,2366.984,16384,3,16464,1
opt_ood,log10,indexed_products,11,1024,2376.099,16384,2,16400,1
opt_ood,log10,prepared_products,11,1024,2477.295,16384,3,16464,1
opt_ood,log10,reuse_products,11,1024,2273.438,16384,2,16400,1
opt_ood,log10,production_blocked,11,1024,3031.494,16384,13,32832,1
opt_ood,log10,vector_products,12,1024,2324.382,16384,3,16464,1
opt_ood,log10,collect_products,12,1024,2347.371,16384,3,16464,1
opt_ood,log10,production_blocked,12,1024,3120.769,16384,13,32832,1
opt_ood,log10,prepared_products,12,1024,2330.119,16384,3,16464,1
opt_ood,log10,indexed_products,12,1024,2300.699,16384,2,16400,1
opt_ood,log10,reuse_products,12,1024,2216.349,16384,2,16400,1
opt_ood,log10,collect_products,13,1024,2314.859,16384,3,16464,1
opt_ood,log10,vector_products,13,1024,2374.187,16384,3,16464,1
opt_ood,log10,production_blocked,13,1024,3080.404,16384,13,32832,1
opt_ood,log10,indexed_products,13,1024,2398.030,16384,2,16400,1
opt_ood,log10,reuse_products,13,1024,2381.552,16384,2,16400,1
opt_ood,log10,prepared_products,13,1024,2393.147,16384,3,16464,1
opt_ood,log10,collect_products,14,1024,2336.344,16384,3,16464,1
opt_ood,log10,reuse_products,14,1024,2233.194,16384,2,16400,1
opt_ood,log10,indexed_products,14,1024,2286.255,16384,2,16400,1
opt_ood,log10,vector_products,14,1024,2343.913,16384,3,16464,1
opt_ood,log10,production_blocked,14,1024,3047.363,16384,13,32832,1
opt_ood,log10,prepared_products,14,1024,2418.009,16384,3,16464,1
opt_ood,log10,indexed_products,15,1024,2321.492,16384,2,16400,1
opt_ood,log10,prepared_products,15,1024,2310.221,16384,3,16464,1
opt_ood,log10,vector_products,15,1024,2368.042,16384,3,16464,1
opt_ood,log10,production_blocked,15,1024,3182.698,16384,13,32832,1
opt_ood,log10,reuse_products,15,1024,2308.310,16384,2,16400,1
opt_ood,log10,collect_products,15,1024,2441.976,16384,3,16464,1
opt_ood,log10,prepared_products,16,1024,2390.381,16384,3,16464,1
opt_ood,log10,production_blocked,16,1024,3104.126,16384,13,32832,1
opt_ood,log10,vector_products,16,1024,2375.448,16384,3,16464,1
opt_ood,log10,indexed_products,16,1024,2416.057,16384,2,16400,1
opt_ood,log10,collect_products,16,1024,2290.202,16384,3,16464,1
opt_ood,log10,reuse_products,16,1024,2247.600,16384,2,16400,1
opt_ood,log10,vector_products,17,1024,2366.740,16384,3,16464,1
opt_ood,log10,indexed_products,17,1024,2375.895,16384,2,16400,1
opt_ood,log10,collect_products,17,1024,2460.246,16384,3,16464,1
opt_ood,log10,prepared_products,17,1024,2331.868,16384,3,16464,1
opt_ood,log10,reuse_products,17,1024,2206.055,16384,2,16400,1
opt_ood,log10,production_blocked,17,1024,3065.837,16384,13,32832,1
opt_ood,log10,reuse_products,18,1024,2376.099,16384,2,16400,1
opt_ood,log10,indexed_products,18,1024,2378.011,16384,2,16400,1
opt_ood,log10,production_blocked,18,1024,3040.283,16384,13,32832,1
opt_ood,log10,prepared_products,18,1024,2314.981,16384,3,16464,1
opt_ood,log10,vector_products,18,1024,2462.687,16384,3,16464,1
opt_ood,log10,collect_products,18,1024,2462.851,16384,3,16464,1
opt_ood,log10,production_blocked,19,1024,3190.552,16384,13,32832,1
opt_ood,log10,indexed_products,19,1024,2305.420,16384,2,16400,1
opt_ood,log10,vector_products,19,1024,2394.571,16384,3,16464,1
opt_ood,log10,collect_products,19,1024,2356.567,16384,3,16464,1
opt_ood,log10,prepared_products,19,1024,2350.911,16384,3,16464,1
opt_ood,log10,reuse_products,19,1024,2244.588,16384,2,16400,1
opt_ood,log10,production_blocked,20,1024,3211.141,16384,13,32832,1
opt_ood,log10,vector_products,20,1024,2379.721,16384,3,16464,1
opt_ood,log10,collect_products,20,1024,2329.265,16384,3,16464,1
opt_ood,log10,reuse_products,20,1024,2228.964,16384,2,16400,1
opt_ood,log10,indexed_products,20,1024,2352.539,16384,2,16400,1
opt_ood,log10,prepared_products,20,1024,2342.610,16384,3,16464,1
opt_ood,log10,indexed_products,21,1024,2319.336,16384,2,16400,1
opt_ood,log10,vector_products,21,1024,2447.062,16384,3,16464,1
opt_ood,log10,production_blocked,21,1024,3365.763,16384,13,32832,1
opt_ood,log10,prepared_products,21,1024,2505.331,16384,3,16464,1
opt_ood,log10,collect_products,21,1024,2498.331,16384,3,16464,1
opt_ood,log10,reuse_products,21,1024,2227.621,16384,2,16400,1
opt_ood,log10,vector_products,22,1024,2349.569,16384,3,16464,1
opt_ood,log10,production_blocked,22,1024,3119.914,16384,13,32832,1
opt_ood,log10,collect_products,22,1024,2377.686,16384,3,16464,1
opt_ood,log10,indexed_products,22,1024,2573.323,16384,2,16400,1
opt_ood,log10,prepared_products,22,1024,2324.747,16384,3,16464,1
opt_ood,log10,reuse_products,22,1024,2450.562,16384,2,16400,1
opt_ood,log10,production_blocked,23,1024,3214.600,16384,13,32832,1
opt_ood,log10,reuse_products,23,1024,2497.274,16384,2,16400,1
opt_ood,log10,vector_products,23,1024,2331.462,16384,3,16464,1
opt_ood,log10,collect_products,23,1024,2414.429,16384,3,16464,1
opt_ood,log10,indexed_products,23,1024,2292.236,16384,2,16400,1
opt_ood,log10,prepared_products,23,1024,2344.646,16384,3,16464,1
opt_ood,log10,prepared_products,24,1024,2299.275,16384,3,16464,1
opt_ood,log10,reuse_products,24,1024,2253.052,16384,2,16400,1
opt_ood,log10,vector_products,24,1024,2321.736,16384,3,16464,1
opt_ood,log10,collect_products,24,1024,2322.550,16384,3,16464,1
opt_ood,log10,production_blocked,24,1024,3067.180,16384,13,32832,1
opt_ood,log10,indexed_products,24,1024,2348.186,16384,2,16400,1
opt_ood,log10,production_blocked,25,1024,3121.013,16384,13,32832,1
opt_ood,log10,indexed_products,25,1024,2404.825,16384,2,16400,1
opt_ood,log10,prepared_products,25,1024,2390.950,16384,3,16464,1
opt_ood,log10,vector_products,25,1024,2450.969,16384,3,16464,1
opt_ood,log10,reuse_products,25,1024,2261.556,16384,2,16400,1
opt_ood,log10,collect_products,25,1024,2384.644,16384,3,16464,1
opt_ood,log10,reuse_products,26,1024,2316.650,16384,2,16400,1
opt_ood,log10,collect_products,26,1024,2377.890,16384,3,16464,1
opt_ood,log10,production_blocked,26,1024,3186.360,16384,13,32832,1
opt_ood,log10,vector_products,26,1024,2366.618,16384,3,16464,1
opt_ood,log10,indexed_products,26,1024,2269.734,16384,2,16400,1
opt_ood,log10,prepared_products,26,1024,2325.602,16384,3,16464,1
opt_ood,log10,vector_products,27,1024,2305.135,16384,3,16464,1
opt_ood,log10,indexed_products,27,1024,2299.235,16384,2,16400,1
opt_ood,log10,prepared_products,27,1024,2284.342,16384,3,16464,1
opt_ood,log10,collect_products,27,1024,2383.708,16384,3,16464,1
opt_ood,log10,production_blocked,27,1024,3264.120,16384,13,32832,1
opt_ood,log10,reuse_products,27,1024,2360.718,16384,2,16400,1
opt_ood,log10,vector_products,28,1024,2494.182,16384,3,16464,1
opt_ood,log10,prepared_products,28,1024,2351.521,16384,3,16464,1
opt_ood,log10,reuse_products,28,1024,2212.483,16384,2,16400,1
opt_ood,log10,production_blocked,28,1024,3042.114,16384,13,32832,1
opt_ood,log10,indexed_products,28,1024,2284.749,16384,2,16400,1
opt_ood,log10,collect_products,28,1024,2389.241,16384,3,16464,1
opt_ood,log10,production_blocked,29,1024,3168.132,16384,13,32832,1
opt_ood,log10,reuse_products,29,1024,2228.394,16384,2,16400,1
opt_ood,log10,collect_products,29,1024,2322.795,16384,3,16464,1
opt_ood,log10,indexed_products,29,1024,2346.396,16384,2,16400,1
opt_ood,log10,vector_products,29,1024,2433.838,16384,3,16464,1
opt_ood,log10,prepared_products,29,1024,2348.063,16384,3,16464,1
opt_ood,log10,prepared_products,30,1024,2329.753,16384,3,16464,1
opt_ood,log10,production_blocked,30,1024,3182.617,16384,13,32832,1
opt_ood,log10,collect_products,30,1024,2820.598,16384,3,16464,1
opt_ood,log10,reuse_products,30,1024,2238.037,16384,2,16400,1
opt_ood,log10,indexed_products,30,1024,2292.114,16384,2,16400,1
opt_ood,log10,vector_products,30,1024,2426.839,16384,3,16464,1
opt_ood,log10,production_blocked,31,1024,3067.586,16384,13,32832,1
opt_ood,log10,reuse_products,31,1024,2258.301,16384,2,16400,1
opt_ood,log10,indexed_products,31,1024,2291.870,16384,2,16400,1
opt_ood,log10,collect_products,31,1024,2376.059,16384,3,16464,1
opt_ood,log10,vector_products,31,1024,2338.745,16384,3,16464,1
opt_ood,log10,prepared_products,31,1024,2325.154,16384,3,16464,1
opt_ood_reuse,log10,allocate,0,2048,2264.363,16384,2,16400,1
opt_ood_reuse,log10,scratch,0,2048,1890.686,16384,0,0,1
opt_ood_reuse,log10,indexed_scratch,0,2048,1909.892,16384,0,0,1
opt_ood_reuse,log10,indexed_scratch,1,2048,2017.883,16384,0,0,1
opt_ood_reuse,log10,allocate,1,2048,2282.898,16384,2,16400,1
opt_ood_reuse,log10,scratch,1,2048,1841.431,16384,0,0,1
opt_ood_reuse,log10,scratch,2,2048,1889.282,16384,0,0,1
opt_ood_reuse,log10,allocate,2,2048,2251.587,16384,2,16400,1
opt_ood_reuse,log10,indexed_scratch,2,2048,2009.379,16384,0,0,1
opt_ood_reuse,log10,allocate,3,2048,2249.431,16384,2,16400,1
opt_ood_reuse,log10,scratch,3,2048,1856.913,16384,0,0,1
opt_ood_reuse,log10,indexed_scratch,3,2048,1926.392,16384,0,0,1
opt_ood_reuse,log10,scratch,4,2048,1849.467,16384,0,0,1
opt_ood_reuse,log10,indexed_scratch,4,2048,1962.524,16384,0,0,1
opt_ood_reuse,log10,allocate,4,2048,2239.461,16384,2,16400,1
opt_ood_reuse,log10,scratch,5,2048,1841.777,16384,0,0,1
opt_ood_reuse,log10,allocate,5,2048,2260.539,16384,2,16400,1
opt_ood_reuse,log10,indexed_scratch,5,2048,1912.333,16384,0,0,1
opt_ood_reuse,log10,allocate,6,2048,2361.938,16384,2,16400,1
opt_ood_reuse,log10,indexed_scratch,6,2048,2020.101,16384,0,0,1
opt_ood_reuse,log10,scratch,6,2048,1866.435,16384,0,0,1
opt_ood_reuse,log10,indexed_scratch,7,2048,2009.176,16384,0,0,1
opt_ood_reuse,log10,scratch,7,2048,1864.197,16384,0,0,1
opt_ood_reuse,log10,allocate,7,2048,2328.105,16384,2,16400,1
opt_ood_reuse,log10,indexed_scratch,8,2048,1924.703,16384,0,0,1
opt_ood_reuse,log10,allocate,8,2048,2314.209,16384,2,16400,1
opt_ood_reuse,log10,scratch,8,2048,1965.271,16384,0,0,1
opt_ood_reuse,log10,scratch,9,2048,1884.033,16384,0,0,1
opt_ood_reuse,log10,allocate,9,2048,2333.537,16384,2,16400,1
opt_ood_reuse,log10,indexed_scratch,9,2048,1959.554,16384,0,0,1
opt_ood_reuse,log10,allocate,10,2048,2304.037,16384,2,16400,1
opt_ood_reuse,log10,indexed_scratch,10,2048,1925.415,16384,0,0,1
opt_ood_reuse,log10,scratch,10,2048,1902.649,16384,0,0,1
opt_ood_reuse,log10,allocate,11,2048,2340.312,16384,2,16400,1
opt_ood_reuse,log10,scratch,11,2048,1838.114,16384,0,0,1
opt_ood_reuse,log10,indexed_scratch,11,2048,2010.071,16384,0,0,1
opt_ood_reuse,log10,allocate,12,2048,2248.250,16384,2,16400,1
opt_ood_reuse,log10,indexed_scratch,12,2048,1959.554,16384,0,0,1
opt_ood_reuse,log10,scratch,12,2048,1841.634,16384,0,0,1
opt_ood_reuse,log10,allocate,13,2048,2240.987,16384,2,16400,1
opt_ood_reuse,log10,indexed_scratch,13,2048,1912.964,16384,0,0,1
opt_ood_reuse,log10,scratch,13,2048,1891.887,16384,0,0,1
opt_ood_reuse,log10,allocate,14,2048,2378.398,16384,2,16400,1
opt_ood_reuse,log10,scratch,14,2048,2016.276,16384,0,0,1
opt_ood_reuse,log10,indexed_scratch,14,2048,2059.753,16384,0,0,1
opt_ood_reuse,log10,scratch,15,2048,1937.256,16384,0,0,1
opt_ood_reuse,log10,indexed_scratch,15,2048,1916.830,16384,0,0,1
opt_ood_reuse,log10,allocate,15,2048,2416.931,16384,2,16400,1
opt_ood_reuse,log10,allocate,16,2048,2241.170,16384,2,16400,1
opt_ood_reuse,log10,indexed_scratch,16,2048,1976.013,16384,0,0,1
opt_ood_reuse,log10,scratch,16,2048,1974.243,16384,0,0,1
opt_ood_reuse,log10,scratch,17,2048,1916.789,16384,0,0,1
opt_ood_reuse,log10,indexed_scratch,17,2048,2007.060,16384,0,0,1
opt_ood_reuse,log10,allocate,17,2048,2309.550,16384,2,16400,1
opt_ood_reuse,log10,indexed_scratch,18,2048,2045.003,16384,0,0,1
opt_ood_reuse,log10,allocate,18,2048,2480.184,16384,2,16400,1
opt_ood_reuse,log10,scratch,18,2048,1967.570,16384,0,0,1
opt_ood_reuse,log10,scratch,19,2048,1961.182,16384,0,0,1
opt_ood_reuse,log10,allocate,19,2048,2351.033,16384,2,16400,1
opt_ood_reuse,log10,indexed_scratch,19,2048,2095.907,16384,0,0,1
opt_ood_reuse,log10,indexed_scratch,20,2048,1969.096,16384,0,0,1
opt_ood_reuse,log10,scratch,20,2048,1957.235,16384,0,0,1
opt_ood_reuse,log10,allocate,20,2048,2323.283,16384,2,16400,1
opt_ood_reuse,log10,allocate,21,2048,2254.964,16384,2,16400,1
opt_ood_reuse,log10,indexed_scratch,21,2048,1960.652,16384,0,0,1
opt_ood_reuse,log10,scratch,21,2048,1884.176,16384,0,0,1
opt_ood_reuse,log10,indexed_scratch,22,2048,1974.976,16384,0,0,1
opt_ood_reuse,log10,allocate,22,2048,2377.319,16384,2,16400,1
opt_ood_reuse,log10,scratch,22,2048,1962.178,16384,0,0,1
opt_ood_reuse,log10,allocate,23,2048,2317.322,16384,2,16400,1
opt_ood_reuse,log10,indexed_scratch,23,2048,1970.622,16384,0,0,1
opt_ood_reuse,log10,scratch,23,2048,1920.125,16384,0,0,1
opt_ood_reuse,log10,scratch,24,2048,1869.873,16384,0,0,1
opt_ood_reuse,log10,allocate,24,2048,2404.134,16384,2,16400,1
opt_ood_reuse,log10,indexed_scratch,24,2048,1976.685,16384,0,0,1
opt_ood_reuse,log10,allocate,25,2048,2300.435,16384,2,16400,1
opt_ood_reuse,log10,scratch,25,2048,1933.939,16384,0,0,1
opt_ood_reuse,log10,indexed_scratch,25,2048,1968.954,16384,0,0,1
opt_ood_reuse,log10,allocate,26,2048,2292.603,16384,2,16400,1
opt_ood_reuse,log10,indexed_scratch,26,2048,1934.306,16384,0,0,1
opt_ood_reuse,log10,scratch,26,2048,1915.364,16384,0,0,1
opt_ood_reuse,log10,scratch,27,2048,1924.133,16384,0,0,1
opt_ood_reuse,log10,indexed_scratch,27,2048,1936.666,16384,0,0,1
opt_ood_reuse,log10,allocate,27,2048,2279.073,16384,2,16400,1
opt_ood_reuse,log10,scratch,28,2048,1824.300,16384,0,0,1
opt_ood_reuse,log10,allocate,28,2048,2213.013,16384,2,16400,1
opt_ood_reuse,log10,indexed_scratch,28,2048,1962.565,16384,0,0,1
opt_ood_reuse,log10,indexed_scratch,29,2048,1988.851,16384,0,0,1
opt_ood_reuse,log10,scratch,29,2048,1922.363,16384,0,0,1
opt_ood_reuse,log10,allocate,29,2048,2304.016,16384,2,16400,1
opt_ood_reuse,log10,indexed_scratch,30,2048,1930.013,16384,0,0,1
opt_ood_reuse,log10,scratch,30,2048,1853.923,16384,0,0,1
opt_ood_reuse,log10,allocate,30,2048,2190.328,16384,2,16400,1
opt_ood_reuse,log10,scratch,31,2048,1893.982,16384,0,0,1
opt_ood_reuse,log10,allocate,31,2048,2318.726,16384,2,16400,1
opt_ood_reuse,log10,indexed_scratch,31,2048,1989.990,16384,0,0,1
opt_ood,log16,reuse_products,0,64,115491.531,1048576,3,67312,1
opt_ood,log16,vector_products,0,64,125088.531,1048576,4,67568,1
opt_ood,log16,collect_products,0,64,112479.828,1048576,4,67568,1
opt_ood,log16,prepared_products,0,64,126067.703,1048576,4,67568,1
opt_ood,log16,indexed_products,0,64,120688.141,1048576,3,67312,1
opt_ood,log16,production_blocked,0,64,97700.516,1048576,20,133328,1
opt_ood,log16,production_blocked,1,64,92132.812,1048576,20,133328,1
opt_ood,log16,collect_products,1,64,101223.953,1048576,4,67568,1
opt_ood,log16,reuse_products,1,64,105244.141,1048576,3,67312,1
opt_ood,log16,prepared_products,1,64,121977.875,1048576,4,67568,1
opt_ood,log16,indexed_products,1,64,119520.172,1048576,3,67312,1
opt_ood,log16,vector_products,1,64,112691.406,1048576,4,67568,1
opt_ood,log16,prepared_products,2,64,111080.078,1048576,4,67568,1
opt_ood,log16,reuse_products,2,64,105570.312,1048576,3,67312,1
opt_ood,log16,vector_products,2,64,122976.562,1048576,4,67568,1
opt_ood,log16,indexed_products,2,64,88497.406,1048576,3,67312,1
opt_ood,log16,production_blocked,2,64,74843.750,1048576,20,133328,1
opt_ood,log16,collect_products,2,64,88388.672,1048576,4,67568,1
opt_ood,log16,reuse_products,3,64,83131.500,1048576,3,67312,1
opt_ood,log16,collect_products,3,64,119372.391,1048576,4,67568,1
opt_ood,log16,production_blocked,3,64,111173.172,1048576,20,133328,1
opt_ood,log16,prepared_products,3,64,93742.188,1048576,4,67568,1
opt_ood,log16,vector_products,3,64,104913.406,1048576,4,67568,1
opt_ood,log16,indexed_products,3,64,96033.203,1048576,3,67312,1
opt_ood,log16,indexed_products,4,64,98509.125,1048576,3,67312,1
opt_ood,log16,reuse_products,4,64,98324.875,1048576,3,67312,1
opt_ood,log16,collect_products,4,64,111371.094,1048576,4,67568,1
opt_ood,log16,vector_products,4,64,120769.531,1048576,4,67568,1
opt_ood,log16,production_blocked,4,64,86667.969,1048576,20,133328,1
opt_ood,log16,prepared_products,4,64,106005.203,1048576,4,67568,1
opt_ood,log16,indexed_products,5,64,97305.344,1048576,3,67312,1
opt_ood,log16,collect_products,5,64,99350.250,1048576,4,67568,1
opt_ood,log16,vector_products,5,64,102929.688,1048576,4,67568,1
opt_ood,log16,reuse_products,5,64,90914.062,1048576,3,67312,1
opt_ood,log16,production_blocked,5,64,77761.719,1048576,20,133328,1
opt_ood,log16,prepared_products,5,64,94162.766,1048576,4,67568,1
opt_ood,log16,production_blocked,6,64,138341.141,1048576,20,133328,1
opt_ood,log16,collect_products,6,64,191872.391,1048576,4,67568,1
opt_ood,log16,reuse_products,6,64,252198.562,1048576,3,67312,1
opt_ood,log16,indexed_products,6,64,148892.578,1048576,3,67312,1
opt_ood,log16,prepared_products,6,64,95888.672,1048576,4,67568,1
opt_ood,log16,vector_products,6,64,90307.938,1048576,4,67568,1
opt_ood,log16,collect_products,7,64,95872.391,1048576,4,67568,1
opt_ood,log16,prepared_products,7,64,101184.906,1048576,4,67568,1
opt_ood,log16,reuse_products,7,64,112801.438,1048576,3,67312,1
opt_ood,log16,vector_products,7,64,104467.453,1048576,4,67568,1
opt_ood,log16,production_blocked,7,64,110936.188,1048576,20,133328,1
opt_ood,log16,indexed_products,7,64,106552.094,1048576,3,67312,1
opt_ood,log16,production_blocked,8,64,111968.094,1048576,20,133328,1
opt_ood,log16,prepared_products,8,64,100533.844,1048576,4,67568,1
opt_ood,log16,indexed_products,8,64,97215.500,1048576,3,67312,1
opt_ood,log16,reuse_products,8,64,106436.859,1048576,3,67312,1
opt_ood,log16,vector_products,8,64,109743.484,1048576,4,67568,1
opt_ood,log16,collect_products,8,64,99873.047,1048576,4,67568,1
opt_ood,log16,vector_products,9,64,79930.328,1048576,4,67568,1
opt_ood,log16,collect_products,9,64,93238.281,1048576,4,67568,1
opt_ood,log16,reuse_products,9,64,85010.422,1048576,3,67312,1
opt_ood,log16,production_blocked,9,64,62987.641,1048576,20,133328,1
opt_ood,log16,indexed_products,9,64,92634.766,1048576,3,67312,1
opt_ood,log16,prepared_products,9,64,87396.484,1048576,4,67568,1
opt_ood,log16,indexed_products,10,64,84282.547,1048576,3,67312,1
opt_ood,log16,production_blocked,10,64,101789.062,1048576,20,133328,1
opt_ood,log16,collect_products,10,64,93544.266,1048576,4,67568,1
opt_ood,log16,prepared_products,10,64,88623.703,1048576,4,67568,1
opt_ood,log16,vector_products,10,64,95460.938,1048576,4,67568,1
opt_ood,log16,reuse_products,10,64,108573.562,1048576,3,67312,1
opt_ood,log16,vector_products,11,64,105655.594,1048576,4,67568,1
opt_ood,log16,reuse_products,11,64,109320.953,1048576,3,67312,1
opt_ood,log16,prepared_products,11,64,109397.125,1048576,4,67568,1
opt_ood,log16,production_blocked,11,64,89886.719,1048576,20,133328,1
opt_ood,log16,collect_products,11,64,96491.531,1048576,4,67568,1
opt_ood,log16,indexed_products,11,64,100723.312,1048576,3,67312,1
opt_ood,log16,prepared_products,12,64,103776.031,1048576,4,67568,1
opt_ood,log16,production_blocked,12,64,92044.281,1048576,20,133328,1
opt_ood,log16,reuse_products,12,64,101266.281,1048576,3,67312,1
opt_ood,log16,indexed_products,12,64,105302.078,1048576,3,67312,1
opt_ood,log16,vector_products,12,64,117542.969,1048576,4,67568,1
opt_ood,log16,collect_products,12,64,120763.672,1048576,4,67568,1
opt_ood,log16,indexed_products,13,64,122419.922,1048576,3,67312,1
opt_ood,log16,prepared_products,13,64,109602.875,1048576,4,67568,1
opt_ood,log16,vector_products,13,64,83185.547,1048576,4,67568,1
opt_ood,log16,production_blocked,13,64,88625.000,1048576,20,133328,1
opt_ood,log16,reuse_products,13,64,87852.859,1048576,3,67312,1
opt_ood,log16,collect_products,13,64,90039.719,1048576,4,67568,1
opt_ood,log16,collect_products,14,64,92623.047,1048576,4,67568,1
opt_ood,log16,vector_products,14,64,133908.844,1048576,4,67568,1
opt_ood,log16,production_blocked,14,64,86720.703,1048576,20,133328,1
opt_ood,log16,indexed_products,14,64,142682.281,1048576,3,67312,1
opt_ood,log16,reuse_products,14,64,127285.156,1048576,3,67312,1
opt_ood,log16,prepared_products,14,64,157807.297,1048576,4,67568,1
opt_ood,log16,indexed_products,15,64,93018.234,1048576,3,67312,1
opt_ood,log16,reuse_products,15,64,88511.062,1048576,3,67312,1
opt_ood,log16,vector_products,15,64,124178.375,1048576,4,67568,1
opt_ood,log16,prepared_products,15,64,104568.359,1048576,4,67568,1
opt_ood,log16,collect_products,15,64,96170.562,1048576,4,67568,1
opt_ood,log16,production_blocked,15,64,84061.844,1048576,20,133328,1
opt_ood,log16,reuse_products,16,64,98938.797,1048576,3,67312,1
opt_ood,log16,production_blocked,16,64,98597.656,1048576,20,133328,1
opt_ood,log16,prepared_products,16,64,107516.281,1048576,4,67568,1
opt_ood,log16,indexed_products,16,64,116896.484,1048576,3,67312,1
opt_ood,log16,collect_products,16,64,133394.531,1048576,4,67568,1
opt_ood,log16,vector_products,16,64,130037.766,1048576,4,67568,1
opt_ood,log16,collect_products,17,64,128447.266,1048576,4,67568,1
opt_ood,log16,prepared_products,17,64,120291.016,1048576,4,67568,1
opt_ood,log16,indexed_products,17,64,126335.938,1048576,3,67312,1
opt_ood,log16,reuse_products,17,64,104070.312,1048576,3,67312,1
opt_ood,log16,production_blocked,17,64,103897.125,1048576,20,133328,1
opt_ood,log16,vector_products,17,64,104878.250,1048576,4,67568,1
opt_ood,log16,production_blocked,18,64,108432.938,1048576,20,133328,1
opt_ood,log16,indexed_products,18,64,97093.750,1048576,3,67312,1
opt_ood,log16,reuse_products,18,64,104938.141,1048576,3,67312,1
opt_ood,log16,collect_products,18,64,104152.344,1048576,4,67568,1
opt_ood,log16,prepared_products,18,64,107891.922,1048576,4,67568,1
opt_ood,log16,vector_products,18,64,111572.266,1048576,4,67568,1
opt_ood,log16,vector_products,19,64,113603.516,1048576,4,67568,1
opt_ood,log16,collect_products,19,64,109494.141,1048576,4,67568,1
opt_ood,log16,prepared_products,19,64,108282.547,1048576,4,67568,1
opt_ood,log16,reuse_products,19,64,104750.641,1048576,3,67312,1
opt_ood,log16,production_blocked,19,64,85123.688,1048576,20,133328,1
opt_ood,log16,indexed_products,19,64,108811.844,1048576,3,67312,1
opt_ood,log16,production_blocked,20,64,79765.625,1048576,20,133328,1
opt_ood,log16,vector_products,20,64,94289.703,1048576,4,67568,1
opt_ood,log16,indexed_products,20,64,108072.922,1048576,3,67312,1
opt_ood,log16,collect_products,20,64,99063.812,1048576,4,67568,1
opt_ood,log16,reuse_products,20,64,104892.578,1048576,3,67312,1
opt_ood,log16,prepared_products,20,64,123247.391,1048576,4,67568,1
opt_ood,log16,indexed_products,21,64,123986.969,1048576,3,67312,1
opt_ood,log16,vector_products,21,64,169291.016,1048576,4,67568,1
opt_ood,log16,prepared_products,21,64,102917.312,1048576,4,67568,1
opt_ood,log16,collect_products,21,64,105263.672,1048576,4,67568,1
opt_ood,log16,reuse_products,21,64,108229.812,1048576,3,67312,1
opt_ood,log16,production_blocked,21,64,89641.922,1048576,20,133328,1
opt_ood,log16,vector_products,22,64,111821.625,1048576,4,67568,1
opt_ood,log16,collect_products,22,64,115481.125,1048576,4,67568,1
opt_ood,log16,reuse_products,22,64,122257.156,1048576,3,67312,1
opt_ood,log16,indexed_products,22,64,108535.797,1048576,3,67312,1
opt_ood,log16,prepared_products,22,64,117817.703,1048576,4,67568,1
opt_ood,log16,production_blocked,22,64,103382.172,1048576,20,133328,1
opt_ood,log16,collect_products,23,64,116802.734,1048576,4,67568,1
opt_ood,log16,reuse_products,23,64,108834.641,1048576,3,67312,1
opt_ood,log16,prepared_products,23,64,116447.266,1048576,4,67568,1
opt_ood,log16,production_blocked,23,64,93057.938,1048576,20,133328,1
opt_ood,log16,vector_products,23,64,121809.906,1048576,4,67568,1
opt_ood,log16,indexed_products,23,64,112823.562,1048576,3,67312,1
opt_ood,log16,reuse_products,24,64,112897.797,1048576,3,67312,1
opt_ood,log16,collect_products,24,64,121772.141,1048576,4,67568,1
opt_ood,log16,indexed_products,24,64,116124.344,1048576,3,67312,1
opt_ood,log16,production_blocked,24,64,104885.406,1048576,20,133328,1
opt_ood,log16,vector_products,24,64,126966.797,1048576,4,67568,1
opt_ood,log16,prepared_products,24,64,117271.484,1048576,4,67568,1
opt_ood,log16,reuse_products,25,64,113085.938,1048576,3,67312,1
opt_ood,log16,indexed_products,25,64,114953.781,1048576,3,67312,1
opt_ood,log16,production_blocked,25,64,97621.094,1048576,20,133328,1
opt_ood,log16,prepared_products,25,64,115644.531,1048576,4,67568,1
opt_ood,log16,vector_products,25,64,115251.297,1048576,4,67568,1
opt_ood,log16,collect_products,25,64,118333.328,1048576,4,67568,1
opt_ood,log16,production_blocked,26,64,102851.562,1048576,20,133328,1
opt_ood,log16,prepared_products,26,64,122306.641,1048576,4,67568,1
opt_ood,log16,reuse_products,26,64,110743.500,1048576,3,67312,1
opt_ood,log16,collect_products,26,64,111696.609,1048576,4,67568,1
opt_ood,log16,vector_products,26,64,124983.719,1048576,4,67568,1
opt_ood,log16,indexed_products,26,64,155402.344,1048576,3,67312,1
opt_ood,log16,prepared_products,27,64,114054.031,1048576,4,67568,1
opt_ood,log16,collect_products,27,64,110688.797,1048576,4,67568,1
opt_ood,log16,vector_products,27,64,88527.344,1048576,4,67568,1
opt_ood,log16,reuse_products,27,64,109645.844,1048576,3,67312,1
opt_ood,log16,indexed_products,27,64,140295.578,1048576,3,67312,1
opt_ood,log16,production_blocked,27,64,179645.828,1048576,20,133328,1
opt_ood,log16,collect_products,28,64,281736.969,1048576,4,67568,1
opt_ood,log16,production_blocked,28,64,215083.984,1048576,20,133328,1
opt_ood,log16,indexed_products,28,64,139786.453,1048576,3,67312,1
opt_ood,log16,prepared_products,28,64,109904.953,1048576,4,67568,1
opt_ood,log16,vector_products,28,64,111267.578,1048576,4,67568,1
opt_ood,log16,reuse_products,28,64,107653.000,1048576,3,67312,1
opt_ood,log16,collect_products,29,64,102667.969,1048576,4,67568,1
opt_ood,log16,production_blocked,29,64,98009.109,1048576,20,133328,1
opt_ood,log16,indexed_products,29,64,110782.562,1048576,3,67312,1
opt_ood,log16,reuse_products,29,64,104323.578,1048576,3,67312,1
opt_ood,log16,vector_products,29,64,104044.922,1048576,4,67568,1
opt_ood,log16,prepared_products,29,64,105871.750,1048576,4,67568,1
opt_ood,log16,reuse_products,30,64,99188.797,1048576,3,67312,1
opt_ood,log16,prepared_products,30,64,103532.547,1048576,4,67568,1
opt_ood,log16,production_blocked,30,64,95291.016,1048576,20,133328,1
opt_ood,log16,collect_products,30,64,119942.047,1048576,4,67568,1
opt_ood,log16,indexed_products,30,64,160800.125,1048576,3,67312,1
opt_ood,log16,vector_products,30,64,108505.859,1048576,4,67568,1
opt_ood,log16,indexed_products,31,64,110791.656,1048576,3,67312,1
opt_ood,log16,production_blocked,31,64,97604.172,1048576,20,133328,1
opt_ood,log16,vector_products,31,64,104745.453,1048576,4,67568,1
opt_ood,log16,collect_products,31,64,103850.922,1048576,4,67568,1
opt_ood,log16,reuse_products,31,64,119889.969,1048576,3,67312,1
opt_ood,log16,prepared_products,31,64,103034.500,1048576,4,67568,1
opt_ood_reuse,log16,allocate,0,32,109626.281,1048576,3,67312,1
opt_ood_reuse,log16,scratch,0,32,128071.625,1048576,1,1520,1
opt_ood_reuse,log16,indexed_scratch,0,32,114395.812,1048576,1,1520,1
opt_ood_reuse,log16,indexed_scratch,1,32,119789.062,1048576,1,1520,1
opt_ood_reuse,log16,scratch,1,32,108386.719,1048576,1,1520,1
opt_ood_reuse,log16,allocate,1,32,110994.781,1048576,3,67312,1
opt_ood_reuse,log16,allocate,2,32,111729.156,1048576,3,67312,1
opt_ood_reuse,log16,indexed_scratch,2,32,112585.938,1048576,1,1520,1
opt_ood_reuse,log16,scratch,2,32,103446.594,1048576,1,1520,1
opt_ood_reuse,log16,scratch,3,32,107325.531,1048576,1,1520,1
opt_ood_reuse,log16,indexed_scratch,3,32,118815.094,1048576,1,1520,1
opt_ood_reuse,log16,allocate,3,32,114648.438,1048576,3,67312,1
opt_ood_reuse,log16,scratch,4,32,117609.375,1048576,1,1520,1
opt_ood_reuse,log16,indexed_scratch,4,32,119526.062,1048576,1,1520,1
opt_ood_reuse,log16,allocate,4,32,98834.625,1048576,3,67312,1
opt_ood_reuse,log16,indexed_scratch,5,32,107338.562,1048576,1,1520,1
opt_ood_reuse,log16,scratch,5,32,116358.062,1048576,1,1520,1
opt_ood_reuse,log16,allocate,5,32,114463.531,1048576,3,67312,1
opt_ood_reuse,log16,scratch,6,32,108000.000,1048576,1,1520,1
opt_ood_reuse,log16,indexed_scratch,6,32,117550.781,1048576,1,1520,1
opt_ood_reuse,log16,allocate,6,32,105860.656,1048576,3,67312,1
opt_ood_reuse,log16,scratch,7,32,114013.031,1048576,1,1520,1
opt_ood_reuse,log16,allocate,7,32,116666.656,1048576,3,67312,1
opt_ood_reuse,log16,indexed_scratch,7,32,113635.406,1048576,1,1520,1
opt_ood_reuse,log16,scratch,8,32,111570.312,1048576,1,1520,1
opt_ood_reuse,log16,allocate,8,32,111595.062,1048576,3,67312,1
opt_ood_reuse,log16,indexed_scratch,8,32,118454.438,1048576,1,1520,1
opt_ood_reuse,log16,scratch,9,32,111088.562,1048576,1,1520,1
opt_ood_reuse,log16,indexed_scratch,9,32,108726.562,1048576,1,1520,1
opt_ood_reuse,log16,allocate,9,32,114128.906,1048576,3,67312,1
opt_ood_reuse,log16,scratch,10,32,115571.625,1048576,1,1520,1
opt_ood_reuse,log16,indexed_scratch,10,32,105914.062,1048576,1,1520,1
opt_ood_reuse,log16,allocate,10,32,105971.375,1048576,3,67312,1
opt_ood_reuse,log16,indexed_scratch,11,32,117634.125,1048576,1,1520,1
opt_ood_reuse,log16,scratch,11,32,117743.469,1048576,1,1520,1
opt_ood_reuse,log16,allocate,11,32,109194.000,1048576,3,67312,1
opt_ood_reuse,log16,indexed_scratch,12,32,105851.562,1048576,1,1520,1
opt_ood_reuse,log16,scratch,12,32,107011.719,1048576,1,1520,1
opt_ood_reuse,log16,allocate,12,32,110626.312,1048576,3,67312,1
opt_ood_reuse,log16,scratch,13,32,101652.344,1048576,1,1520,1
opt_ood_reuse,log16,allocate,13,32,108598.969,1048576,3,67312,1
opt_ood_reuse,log16,indexed_scratch,13,32,112656.250,1048576,1,1520,1
opt_ood_reuse,log16,indexed_scratch,14,32,113134.094,1048576,1,1520,1
opt_ood_reuse,log16,scratch,14,32,112312.500,1048576,1,1520,1
opt_ood_reuse,log16,allocate,14,32,114092.438,1048576,3,67312,1
opt_ood_reuse,log16,indexed_scratch,15,32,102983.062,1048576,1,1520,1
opt_ood_reuse,log16,allocate,15,32,102605.469,1048576,3,67312,1
opt_ood_reuse,log16,scratch,15,32,109507.812,1048576,1,1520,1
opt_ood_reuse,log16,indexed_scratch,16,32,107061.188,1048576,1,1520,1
opt_ood_reuse,log16,scratch,16,32,103798.188,1048576,1,1520,1
opt_ood_reuse,log16,allocate,16,32,116699.219,1048576,3,67312,1
opt_ood_reuse,log16,scratch,17,32,113726.562,1048576,1,1520,1
opt_ood_reuse,log16,indexed_scratch,17,32,114088.531,1048576,1,1520,1
opt_ood_reuse,log16,allocate,17,32,99161.438,1048576,3,67312,1
opt_ood_reuse,log16,allocate,18,32,97335.938,1048576,3,67312,1
opt_ood_reuse,log16,scratch,18,32,109526.062,1048576,1,1520,1
opt_ood_reuse,log16,indexed_scratch,18,32,113295.594,1048576,1,1520,1
opt_ood_reuse,log16,indexed_scratch,19,32,108871.094,1048576,1,1520,1
opt_ood_reuse,log16,allocate,19,32,102928.406,1048576,3,67312,1
opt_ood_reuse,log16,scratch,19,32,121915.375,1048576,1,1520,1
opt_ood_reuse,log16,indexed_scratch,20,32,113087.219,1048576,1,1520,1
opt_ood_reuse,log16,allocate,20,32,106756.500,1048576,3,67312,1
opt_ood_reuse,log16,scratch,20,32,110585.938,1048576,1,1520,1
opt_ood_reuse,log16,indexed_scratch,21,32,118920.562,1048576,1,1520,1
opt_ood_reuse,log16,allocate,21,32,121011.719,1048576,3,67312,1
opt_ood_reuse,log16,scratch,21,32,115397.156,1048576,1,1520,1
opt_ood_reuse,log16,allocate,22,32,110489.562,1048576,3,67312,1
opt_ood_reuse,log16,scratch,22,32,110173.188,1048576,1,1520,1
opt_ood_reuse,log16,indexed_scratch,22,32,110992.188,1048576,1,1520,1
opt_ood_reuse,log16,allocate,23,32,109631.531,1048576,3,67312,1
opt_ood_reuse,log16,scratch,23,32,114598.969,1048576,1,1520,1
opt_ood_reuse,log16,indexed_scratch,23,32,106881.500,1048576,1,1520,1
opt_ood_reuse,log16,allocate,24,32,102360.656,1048576,3,67312,1
opt_ood_reuse,log16,indexed_scratch,24,32,104486.969,1048576,1,1520,1
opt_ood_reuse,log16,scratch,24,32,121266.938,1048576,1,1520,1
opt_ood_reuse,log16,indexed_scratch,25,32,114291.688,1048576,1,1520,1
opt_ood_reuse,log16,allocate,25,32,108317.719,1048576,3,67312,1
opt_ood_reuse,log16,scratch,25,32,118539.062,1048576,1,1520,1
opt_ood_reuse,log16,scratch,26,32,112975.250,1048576,1,1520,1
opt_ood_reuse,log16,allocate,26,32,98895.844,1048576,3,67312,1
opt_ood_reuse,log16,indexed_scratch,26,32,101733.062,1048576,1,1520,1
opt_ood_reuse,log16,allocate,27,32,111615.906,1048576,3,67312,1
opt_ood_reuse,log16,scratch,27,32,104813.781,1048576,1,1520,1
opt_ood_reuse,log16,indexed_scratch,27,32,109311.188,1048576,1,1520,1
opt_ood_reuse,log16,indexed_scratch,28,32,118072.906,1048576,1,1520,1
opt_ood_reuse,log16,scratch,28,32,110433.594,1048576,1,1520,1
opt_ood_reuse,log16,allocate,28,32,105579.438,1048576,3,67312,1
opt_ood_reuse,log16,indexed_scratch,29,32,114652.344,1048576,1,1520,1
opt_ood_reuse,log16,allocate,29,32,106671.875,1048576,3,67312,1
opt_ood_reuse,log16,scratch,29,32,116078.125,1048576,1,1520,1
opt_ood_reuse,log16,scratch,30,32,113682.312,1048576,1,1520,1
opt_ood_reuse,log16,indexed_scratch,30,32,110063.781,1048576,1,1520,1
opt_ood_reuse,log16,allocate,30,32,106122.406,1048576,3,67312,1
opt_ood_reuse,log16,allocate,31,32,112924.469,1048576,3,67312,1
opt_ood_reuse,log16,scratch,31,32,107950.531,1048576,1,1520,1
opt_ood_reuse,log16,indexed_scratch,31,32,101578.125,1048576,1,1520,1
opt_ood,log18,prepared_products,0,32,142281.250,4194304,4,69104,1
opt_ood,log18,vector_products,0,32,154906.250,4194304,4,69104,1
opt_ood,log18,production_blocked,0,32,136697.906,4194304,22,135632,1
opt_ood,log18,indexed_products,0,32,153808.594,4194304,3,68080,1
opt_ood,log18,collect_products,0,32,165220.031,4194304,4,69104,1
opt_ood,log18,reuse_products,0,32,154971.344,4194304,3,68080,1
opt_ood,log18,reuse_products,1,32,146976.562,4194304,3,68080,1
opt_ood,log18,indexed_products,1,32,149462.219,4194304,3,68080,1
opt_ood,log18,collect_products,1,32,144014.312,4194304,4,69104,1
opt_ood,log18,prepared_products,1,32,158792.969,4194304,4,69104,1
opt_ood,log18,production_blocked,1,32,142040.375,4194304,22,135632,1
opt_ood,log18,vector_products,1,32,142226.562,4194304,4,69104,1
opt_ood,log18,indexed_products,2,32,151907.562,4194304,3,68080,1
opt_ood,log18,reuse_products,2,32,152625.000,4194304,3,68080,1
opt_ood,log18,production_blocked,2,32,139195.312,4194304,22,135632,1
opt_ood,log18,collect_products,2,32,146419.281,4194304,4,69104,1
opt_ood,log18,vector_products,2,32,155807.281,4194304,4,69104,1
opt_ood,log18,prepared_products,2,32,162127.625,4194304,4,69104,1
opt_ood,log18,collect_products,3,32,148791.688,4194304,4,69104,1
opt_ood,log18,vector_products,3,32,143473.969,4194304,4,69104,1
opt_ood,log18,reuse_products,3,32,156687.500,4194304,3,68080,1
opt_ood,log18,prepared_products,3,32,161756.500,4194304,4,69104,1
opt_ood,log18,production_blocked,3,32,140063.812,4194304,22,135632,1
opt_ood,log18,indexed_products,3,32,157148.438,4194304,3,68080,1
opt_ood,log18,production_blocked,4,32,131627.594,4194304,22,135632,1
opt_ood,log18,reuse_products,4,32,149026.031,4194304,3,68080,1
opt_ood,log18,vector_products,4,32,155786.469,4194304,4,69104,1
opt_ood,log18,collect_products,4,32,150485.656,4194304,4,69104,1
opt_ood,log18,indexed_products,4,32,140723.969,4194304,3,68080,1
opt_ood,log18,prepared_products,4,32,151042.969,4194304,4,69104,1
opt_ood,log18,vector_products,5,32,144917.969,4194304,4,69104,1
opt_ood,log18,prepared_products,5,32,150557.281,4194304,4,69104,1
opt_ood,log18,production_blocked,5,32,138705.719,4194304,22,135632,1
opt_ood,log18,collect_products,5,32,152263.031,4194304,4,69104,1
opt_ood,log18,indexed_products,5,32,141911.469,4194304,3,68080,1
opt_ood,log18,reuse_products,5,32,151980.469,4194304,3,68080,1
opt_ood,log18,vector_products,6,32,137747.375,4194304,4,69104,1
opt_ood,log18,collect_products,6,32,157799.469,4194304,4,69104,1
opt_ood,log18,production_blocked,6,32,138415.375,4194304,22,135632,1
opt_ood,log18,indexed_products,6,32,142993.500,4194304,3,68080,1
opt_ood,log18,prepared_products,6,32,161941.406,4194304,4,69104,1
opt_ood,log18,reuse_products,6,32,155951.812,4194304,3,68080,1
opt_ood,log18,production_blocked,7,32,144881.531,4194304,22,135632,1
opt_ood,log18,collect_products,7,32,155781.250,4194304,4,69104,1
opt_ood,log18,reuse_products,7,32,145080.750,4194304,3,68080,1
opt_ood,log18,prepared_products,7,32,140309.906,4194304,4,69104,1
opt_ood,log18,vector_products,7,32,146128.906,4194304,4,69104,1
opt_ood,log18,indexed_products,7,32,148218.750,4194304,3,68080,1
opt_ood,log18,production_blocked,8,32,135994.781,4194304,22,135632,1
opt_ood,log18,vector_products,8,32,145779.969,4194304,4,69104,1
opt_ood,log18,reuse_products,8,32,152691.406,4194304,3,68080,1
opt_ood,log18,prepared_products,8,32,154782.531,4194304,4,69104,1
opt_ood,log18,indexed_products,8,32,145556.000,4194304,3,68080,1
opt_ood,log18,collect_products,8,32,148681.000,4194304,4,69104,1
opt_ood,log18,reuse_products,9,32,160966.156,4194304,3,68080,1
opt_ood,log18,vector_products,9,32,163019.531,4194304,4,69104,1
opt_ood,log18,prepared_products,9,32,164717.438,4194304,4,69104,1
opt_ood,log18,indexed_products,9,32,138526.031,4194304,3,68080,1
opt_ood,log18,collect_products,9,32,140247.375,4194304,4,69104,1
opt_ood,log18,production_blocked,9,32,129942.688,4194304,22,135632,1
opt_ood,log18,production_blocked,10,32,143954.438,4194304,22,135632,1
opt_ood,log18,collect_products,10,32,147963.562,4194304,4,69104,1
opt_ood,log18,prepared_products,10,32,151069.031,4194304,4,69104,1
opt_ood,log18,indexed_products,10,32,151703.125,4194304,3,68080,1
opt_ood,log18,reuse_products,10,32,145334.625,4194304,3,68080,1
opt_ood,log18,vector_products,10,32,153644.531,4194304,4,69104,1
opt_ood,log18,indexed_products,11,32,151744.781,4194304,3,68080,1
opt_ood,log18,collect_products,11,32,150109.375,4194304,4,69104,1
opt_ood,log18,vector_products,11,32,166108.094,4194304,4,69104,1
opt_ood,log18,prepared_products,11,32,139916.656,4194304,4,69104,1
opt_ood,log18,reuse_products,11,32,142069.000,4194304,3,68080,1
opt_ood,log18,production_blocked,11,32,133063.812,4194304,22,135632,1
opt_ood,log18,vector_products,12,32,137015.625,4194304,4,69104,1
opt_ood,log18,reuse_products,12,32,139820.312,4194304,3,68080,1
opt_ood,log18,production_blocked,12,32,124233.062,4194304,22,135632,1
opt_ood,log18,prepared_products,12,32,145536.469,4194304,4,69104,1
opt_ood,log18,indexed_products,12,32,145292.969,4194304,3,68080,1
opt_ood,log18,collect_products,12,32,158441.406,4194304,4,69104,1
opt_ood,log18,collect_products,13,32,153169.281,4194304,4,69104,1
opt_ood,log18,vector_products,13,32,147610.688,4194304,4,69104,1
opt_ood,log18,reuse_products,13,32,137227.875,4194304,3,68080,1
opt_ood,log18,indexed_products,13,32,139058.594,4194304,3,68080,1
opt_ood,log18,production_blocked,13,32,160368.469,4194304,22,135632,1
opt_ood,log18,prepared_products,13,32,149134.125,4194304,4,69104,1
opt_ood,log18,prepared_products,14,32,150494.781,4194304,4,69104,1
opt_ood,log18,reuse_products,14,32,155566.406,4194304,3,68080,1
opt_ood,log18,production_blocked,14,32,139779.938,4194304,22,135632,1
opt_ood,log18,vector_products,14,32,240446.625,4194304,4,69104,1
opt_ood,log18,collect_products,14,32,203186.188,4194304,4,69104,1
opt_ood,log18,indexed_products,14,32,205285.156,4194304,3,68080,1
opt_ood,log18,prepared_products,15,32,156532.562,4194304,4,69104,1
opt_ood,log18,collect_products,15,32,202373.688,4194304,4,69104,1
opt_ood,log18,production_blocked,15,32,336963.531,4194304,22,135632,1
opt_ood,log18,vector_products,15,32,348579.438,4194304,4,69104,1
opt_ood,log18,reuse_products,15,32,208011.719,4194304,3,68080,1
opt_ood,log18,indexed_products,15,32,226813.812,4194304,3,68080,1
opt_ood,log18,prepared_products,16,32,305923.188,4194304,4,69104,1
opt_ood,log18,reuse_products,16,32,723463.531,4194304,3,68080,1
opt_ood,log18,production_blocked,16,32,384162.781,4194304,22,135632,1
opt_ood,log18,indexed_products,16,32,315092.469,4194304,3,68080,1
opt_ood,log18,collect_products,16,32,257885.438,4194304,4,69104,1
opt_ood,log18,vector_products,16,32,209819.000,4194304,4,69104,1
opt_ood,log18,vector_products,17,32,218272.156,4194304,4,69104,1
opt_ood,log18,collect_products,17,32,188165.375,4194304,4,69104,1
opt_ood,log18,prepared_products,17,32,175990.875,4194304,4,69104,1
opt_ood,log18,indexed_products,17,32,193527.344,4194304,3,68080,1
opt_ood,log18,production_blocked,17,32,646895.844,4194304,22,135632,1
opt_ood,log18,reuse_products,17,32,482332.031,4194304,3,68080,1
opt_ood,log18,production_blocked,18,32,282667.969,4194304,22,135632,1
opt_ood,log18,reuse_products,18,32,435783.844,4194304,3,68080,1
opt_ood,log18,collect_products,18,32,529346.375,4194304,4,69104,1
opt_ood,log18,vector_products,18,32,224947.906,4194304,4,69104,1
opt_ood,log18,prepared_products,18,32,208777.344,4194304,4,69104,1
opt_ood,log18,indexed_products,18,32,128479.156,4194304,3,68080,1
opt_ood,log18,production_blocked,19,32,116830.719,4194304,22,135632,1
opt_ood,log18,reuse_products,19,32,126493.500,4194304,3,68080,1
opt_ood,log18,vector_products,19,32,348988.281,4194304,4,69104,1
opt_ood,log18,collect_products,19,32,859795.594,4194304,4,69104,1
opt_ood,log18,indexed_products,19,32,238776.062,4194304,3,68080,1
opt_ood,log18,prepared_products,19,32,134549.469,4194304,4,69104,1
opt_ood,log18,indexed_products,20,32,136170.562,4194304,3,68080,1
opt_ood,log18,reuse_products,20,32,123164.062,4194304,3,68080,1
opt_ood,log18,prepared_products,20,32,149941.406,4194304,4,69104,1
opt_ood,log18,collect_products,20,32,278695.312,4194304,4,69104,1
opt_ood,log18,vector_products,20,32,185662.750,4194304,4,69104,1
opt_ood,log18,production_blocked,20,32,146229.188,4194304,22,135632,1
opt_ood,log18,prepared_products,21,32,153410.156,4194304,4,69104,1
opt_ood,log18,indexed_products,21,32,146303.375,4194304,3,68080,1
opt_ood,log18,production_blocked,21,32,156351.562,4194304,22,135632,1
opt_ood,log18,reuse_products,21,32,171505.219,4194304,3,68080,1
opt_ood,log18,vector_products,21,32,166613.281,4194304,4,69104,1
opt_ood,log18,collect_products,21,32,170291.688,4194304,4,69104,1
opt_ood,log18,production_blocked,22,32,169455.719,4194304,22,135632,1
opt_ood,log18,indexed_products,22,32,160326.812,4194304,3,68080,1
opt_ood,log18,prepared_products,22,32,158468.750,4194304,4,69104,1
opt_ood,log18,collect_products,22,32,150244.812,4194304,4,69104,1
opt_ood,log18,reuse_products,22,32,174768.219,4194304,3,68080,1
opt_ood,log18,vector_products,22,32,193309.906,4194304,4,69104,1
opt_ood,log18,prepared_products,23,32,164572.906,4194304,4,69104,1
opt_ood,log18,production_blocked,23,32,127330.750,4194304,22,135632,1
opt_ood,log18,vector_products,23,32,147287.781,4194304,4,69104,1
opt_ood,log18,collect_products,23,32,147250.000,4194304,4,69104,1
opt_ood,log18,indexed_products,23,32,163036.438,4194304,3,68080,1
opt_ood,log18,reuse_products,23,32,145803.406,4194304,3,68080,1
opt_ood,log18,prepared_products,24,32,151182.281,4194304,4,69104,1
opt_ood,log18,reuse_products,24,32,158873.688,4194304,3,68080,1
opt_ood,log18,collect_products,24,32,160505.188,4194304,4,69104,1
opt_ood,log18,indexed_products,24,32,157670.562,4194304,3,68080,1
opt_ood,log18,production_blocked,24,32,134306.000,4194304,22,135632,1
opt_ood,log18,vector_products,24,32,153763.031,4194304,4,69104,1
opt_ood,log18,vector_products,25,32,156246.094,4194304,4,69104,1
opt_ood,log18,collect_products,25,32,159019.531,4194304,4,69104,1
opt_ood,log18,indexed_products,25,32,154644.531,4194304,3,68080,1
opt_ood,log18,prepared_products,25,32,150069.000,4194304,4,69104,1
opt_ood,log18,production_blocked,25,32,142980.469,4194304,22,135632,1
opt_ood,log18,reuse_products,25,32,147819.000,4194304,3,68080,1
opt_ood,log18,prepared_products,26,32,146372.375,4194304,4,69104,1
opt_ood,log18,indexed_products,26,32,146707.031,4194304,3,68080,1
opt_ood,log18,collect_products,26,32,153406.250,4194304,4,69104,1
opt_ood,log18,vector_products,26,32,138165.375,4194304,4,69104,1
opt_ood,log18,reuse_products,26,32,152259.125,4194304,3,68080,1
opt_ood,log18,production_blocked,26,32,129532.562,4194304,22,135632,1
opt_ood,log18,indexed_products,27,32,140200.500,4194304,3,68080,1
opt_ood,log18,reuse_products,27,32,142641.906,4194304,3,68080,1
opt_ood,log18,prepared_products,27,32,149131.531,4194304,4,69104,1
opt_ood,log18,collect_products,27,32,143524.719,4194304,4,69104,1
opt_ood,log18,production_blocked,27,32,128134.125,4194304,22,135632,1
opt_ood,log18,vector_products,27,32,153071.625,4194304,4,69104,1
opt_ood,log18,reuse_products,28,32,161147.125,4194304,3,68080,1
opt_ood,log18,prepared_products,28,32,152575.531,4194304,4,69104,1
opt_ood,log18,collect_products,28,32,152242.188,4194304,4,69104,1
opt_ood,log18,production_blocked,28,32,119095.062,4194304,22,135632,1
opt_ood,log18,vector_products,28,32,139621.094,4194304,4,69104,1
opt_ood,log18,indexed_products,28,32,151273.438,4194304,3,68080,1
opt_ood,log18,prepared_products,29,32,172066.406,4194304,4,69104,1
opt_ood,log18,vector_products,29,32,158783.844,4194304,4,69104,1
opt_ood,log18,production_blocked,29,32,148294.281,4194304,22,135632,1
opt_ood,log18,collect_products,29,32,146717.438,4194304,4,69104,1
opt_ood,log18,indexed_products,29,32,149614.594,4194304,3,68080,1
opt_ood,log18,reuse_products,29,32,140994.812,4194304,3,68080,1
opt_ood,log18,vector_products,30,32,163309.875,4194304,4,69104,1
opt_ood,log18,prepared_products,30,32,152398.438,4194304,4,69104,1
opt_ood,log18,indexed_products,30,32,152079.438,4194304,3,68080,1
opt_ood,log18,reuse_products,30,32,147660.156,4194304,3,68080,1
opt_ood,log18,collect_products,30,32,138963.531,4194304,4,69104,1
opt_ood,log18,production_blocked,30,32,125912.750,4194304,22,135632,1
opt_ood,log18,collect_products,31,32,444528.656,4194304,4,69104,1
opt_ood,log18,vector_products,31,32,147087.250,4194304,4,69104,1
opt_ood,log18,reuse_products,31,32,146822.906,4194304,3,68080,1
opt_ood,log18,prepared_products,31,32,145796.875,4194304,4,69104,1
opt_ood,log18,indexed_products,31,32,140908.844,4194304,3,68080,1
opt_ood,log18,production_blocked,31,32,136878.906,4194304,22,135632,1
opt_ood_reuse,log18,allocate,0,32,141446.625,4194304,3,68080,1
opt_ood_reuse,log18,indexed_scratch,0,32,148071.594,4194304,1,1520,1
opt_ood_reuse,log18,scratch,0,32,152970.062,4194304,1,1520,1
opt_ood_reuse,log18,indexed_scratch,1,32,140558.594,4194304,1,1520,1
opt_ood_reuse,log18,allocate,1,32,148294.250,4194304,3,68080,1
opt_ood_reuse,log18,scratch,1,32,149093.750,4194304,1,1520,1
opt_ood_reuse,log18,scratch,2,32,147471.344,4194304,1,1520,1
opt_ood_reuse,log18,allocate,2,32,145630.219,4194304,3,68080,1
opt_ood_reuse,log18,indexed_scratch,2,32,142554.688,4194304,1,1520,1
opt_ood_reuse,log18,scratch,3,32,145841.156,4194304,1,1520,1
opt_ood_reuse,log18,indexed_scratch,3,32,164438.812,4194304,1,1520,1
opt_ood_reuse,log18,allocate,3,32,155033.844,4194304,3,68080,1
opt_ood_reuse,log18,indexed_scratch,4,32,215356.750,4194304,1,1520,1
opt_ood_reuse,log18,scratch,4,32,176987.000,4194304,1,1520,1
opt_ood_reuse,log18,allocate,4,32,141093.750,4194304,3,68080,1
opt_ood_reuse,log18,indexed_scratch,5,32,162436.188,4194304,1,1520,1
opt_ood_reuse,log18,scratch,5,32,152237.000,4194304,1,1520,1
opt_ood_reuse,log18,allocate,5,32,161598.938,4194304,3,68080,1
opt_ood_reuse,log18,indexed_scratch,6,32,167513.000,4194304,1,1520,1
opt_ood_reuse,log18,scratch,6,32,156040.344,4194304,1,1520,1
opt_ood_reuse,log18,allocate,6,32,161243.500,4194304,3,68080,1
opt_ood_reuse,log18,scratch,7,32,155500.000,4194304,1,1520,1
opt_ood_reuse,log18,allocate,7,32,151757.812,4194304,3,68080,1
opt_ood_reuse,log18,indexed_scratch,7,32,151854.156,4194304,1,1520,1
opt_ood_reuse,log18,indexed_scratch,8,32,148016.906,4194304,1,1520,1
opt_ood_reuse,log18,scratch,8,32,150056.000,4194304,1,1520,1
opt_ood_reuse,log18,allocate,8,32,143080.750,4194304,3,68080,1
opt_ood_reuse,log18,indexed_scratch,9,32,155361.969,4194304,1,1520,1
opt_ood_reuse,log18,allocate,9,32,152201.812,4194304,3,68080,1
opt_ood_reuse,log18,scratch,9,32,146095.062,4194304,1,1520,1
opt_ood_reuse,log18,indexed_scratch,10,32,149864.562,4194304,1,1520,1
opt_ood_reuse,log18,allocate,10,32,149658.844,4194304,3,68080,1
opt_ood_reuse,log18,scratch,10,32,146584.625,4194304,1,1520,1
opt_ood_reuse,log18,scratch,11,32,141338.531,4194304,1,1520,1
opt_ood_reuse,log18,indexed_scratch,11,32,163121.094,4194304,1,1520,1
opt_ood_reuse,log18,allocate,11,32,150500.000,4194304,3,68080,1
opt_ood_reuse,log18,scratch,12,32,145472.656,4194304,1,1520,1
opt_ood_reuse,log18,indexed_scratch,12,32,145744.781,4194304,1,1520,1
opt_ood_reuse,log18,allocate,12,32,144334.625,4194304,3,68080,1
opt_ood_reuse,log18,indexed_scratch,13,32,157158.844,4194304,1,1520,1
opt_ood_reuse,log18,allocate,13,32,143639.344,4194304,3,68080,1
opt_ood_reuse,log18,scratch,13,32,147225.250,4194304,1,1520,1
opt_ood_reuse,log18,allocate,14,32,148140.625,4194304,3,68080,1
opt_ood_reuse,log18,scratch,14,32,157303.375,4194304,1,1520,1
opt_ood_reuse,log18,indexed_scratch,14,32,150410.156,4194304,1,1520,1
opt_ood_reuse,log18,indexed_scratch,15,32,147446.625,4194304,1,1520,1
opt_ood_reuse,log18,allocate,15,32,145074.219,4194304,3,68080,1
opt_ood_reuse,log18,scratch,15,32,141065.125,4194304,1,1520,1
opt_ood_reuse,log18,allocate,16,32,147062.500,4194304,3,68080,1
opt_ood_reuse,log18,indexed_scratch,16,32,153569.000,4194304,1,1520,1
opt_ood_reuse,log18,scratch,16,32,148438.812,4194304,1,1520,1
opt_ood_reuse,log18,indexed_scratch,17,32,147542.969,4194304,1,1520,1
opt_ood_reuse,log18,scratch,17,32,141322.906,4194304,1,1520,1
opt_ood_reuse,log18,allocate,17,32,148779.938,4194304,3,68080,1
opt_ood_reuse,log18,allocate,18,32,139076.844,4194304,3,68080,1
opt_ood_reuse,log18,scratch,18,32,145106.750,4194304,1,1520,1
opt_ood_reuse,log18,indexed_scratch,18,32,147501.312,4194304,1,1520,1
opt_ood_reuse,log18,scratch,19,32,154981.781,4194304,1,1520,1
opt_ood_reuse,log18,allocate,19,32,145971.344,4194304,3,68080,1
opt_ood_reuse,log18,indexed_scratch,19,32,138954.438,4194304,1,1520,1
opt_ood_reuse,log18,indexed_scratch,20,32,156859.375,4194304,1,1520,1
opt_ood_reuse,log18,allocate,20,32,149083.344,4194304,3,68080,1
opt_ood_reuse,log18,scratch,20,32,152054.688,4194304,1,1520,1
opt_ood_reuse,log18,scratch,21,32,140346.344,4194304,1,1520,1
opt_ood_reuse,log18,indexed_scratch,21,32,160473.938,4194304,1,1520,1
opt_ood_reuse,log18,allocate,21,32,141812.500,4194304,3,68080,1
opt_ood_reuse,log18,scratch,22,32,141117.188,4194304,1,1520,1
opt_ood_reuse,log18,indexed_scratch,22,32,151360.688,4194304,1,1520,1
opt_ood_reuse,log18,allocate,22,32,142200.531,4194304,3,68080,1
opt_ood_reuse,log18,scratch,23,32,154505.188,4194304,1,1520,1
opt_ood_reuse,log18,allocate,23,32,149822.906,4194304,3,68080,1
opt_ood_reuse,log18,indexed_scratch,23,32,157154.938,4194304,1,1520,1
opt_ood_reuse,log18,allocate,24,32,149455.750,4194304,3,68080,1
opt_ood_reuse,log18,indexed_scratch,24,32,144001.312,4194304,1,1520,1
opt_ood_reuse,log18,scratch,24,32,148080.719,4194304,1,1520,1
opt_ood_reuse,log18,indexed_scratch,25,32,149959.625,4194304,1,1520,1
opt_ood_reuse,log18,allocate,25,32,147744.781,4194304,3,68080,1
opt_ood_reuse,log18,scratch,25,32,147440.094,4194304,1,1520,1
opt_ood_reuse,log18,indexed_scratch,26,32,153339.844,4194304,1,1520,1
opt_ood_reuse,log18,scratch,26,32,146949.219,4194304,1,1520,1
opt_ood_reuse,log18,allocate,26,32,139024.719,4194304,3,68080,1
opt_ood_reuse,log18,indexed_scratch,27,32,151683.594,4194304,1,1520,1
opt_ood_reuse,log18,allocate,27,32,137561.188,4194304,3,68080,1
opt_ood_reuse,log18,scratch,27,32,146723.969,4194304,1,1520,1
opt_ood_reuse,log18,scratch,28,32,146548.188,4194304,1,1520,1
opt_ood_reuse,log18,indexed_scratch,28,32,147669.281,4194304,1,1520,1
opt_ood_reuse,log18,allocate,28,32,140209.625,4194304,3,68080,1
opt_ood_reuse,log18,indexed_scratch,29,32,151479.156,4194304,1,1520,1
opt_ood_reuse,log18,allocate,29,32,143339.844,4194304,3,68080,1
opt_ood_reuse,log18,scratch,29,32,145604.156,4194304,1,1520,1
opt_ood_reuse,log18,allocate,30,32,141125.000,4194304,3,68080,1
opt_ood_reuse,log18,indexed_scratch,30,32,155869.812,4194304,1,1520,1
opt_ood_reuse,log18,scratch,30,32,143970.031,4194304,1,1520,1
opt_ood_reuse,log18,indexed_scratch,31,32,144949.219,4194304,1,1520,1
opt_ood_reuse,log18,allocate,31,32,136152.344,4194304,3,68080,1
opt_ood_reuse,log18,scratch,31,32,146398.438,4194304,1,1520,1
opt_ntt,log8_lanes1,production,0,1024,2634.644,12288,0,0,1
opt_ntt,log8_lanes1,tiled_half,0,1024,4366.536,12288,0,0,1
opt_ntt,log8_lanes1,half_depth,0,1024,5202.188,12288,0,0,1
opt_ntt,log8_lanes1,depth_first,0,1024,9531.494,12288,0,0,1
opt_ntt,log8_lanes1,depth_first,1,1024,6278.971,12288,0,0,1
opt_ntt,log8_lanes1,production,1,1024,6989.258,12288,0,0,1
opt_ntt,log8_lanes1,half_depth,1,1024,8798.950,12288,0,0,1
opt_ntt,log8_lanes1,tiled_half,1,1024,4493.611,12288,0,0,1
opt_ntt,log8_lanes1,tiled_half,2,1024,12127.075,12288,0,0,1
opt_ntt,log8_lanes1,half_depth,2,1024,3206.584,12288,0,0,1
opt_ntt,log8_lanes1,production,2,1024,4191.040,12288,0,0,1
opt_ntt,log8_lanes1,depth_first,2,1024,3967.285,12288,0,0,1
opt_ntt,log8_lanes1,tiled_half,3,1024,3001.018,12288,0,0,1
opt_ntt,log8_lanes1,production,3,1024,2749.837,12288,0,0,1
opt_ntt,log8_lanes1,depth_first,3,1024,4506.470,12288,0,0,1
opt_ntt,log8_lanes1,half_depth,3,1024,3081.177,12288,0,0,1
opt_ntt,log8_lanes1,production,4,1024,2546.672,12288,0,0,1
opt_ntt,log8_lanes1,depth_first,4,1024,3525.105,12288,0,0,1
opt_ntt,log8_lanes1,half_depth,4,1024,3070.435,12288,0,0,1
opt_ntt,log8_lanes1,tiled_half,4,1024,2939.575,12288,0,0,1
opt_ntt,log8_lanes1,production,5,1024,2640.462,12288,0,0,1
opt_ntt,log8_lanes1,depth_first,5,1024,3594.563,12288,0,0,1
opt_ntt,log8_lanes1,tiled_half,5,1024,3236.897,12288,0,0,1
opt_ntt,log8_lanes1,half_depth,5,1024,3181.355,12288,0,0,1
opt_ntt,log8_lanes1,depth_first,6,1024,3935.588,12288,0,0,1
opt_ntt,log8_lanes1,tiled_half,6,1024,3453.044,12288,0,0,1
opt_ntt,log8_lanes1,half_depth,6,1024,3011.271,12288,0,0,1
opt_ntt,log8_lanes1,production,6,1024,3014.771,12288,0,0,1
opt_ntt,log8_lanes1,tiled_half,7,1024,3184.286,12288,0,0,1
opt_ntt,log8_lanes1,half_depth,7,1024,2921.183,12288,0,0,1
opt_ntt,log8_lanes1,production,7,1024,2820.923,12288,0,0,1
opt_ntt,log8_lanes1,depth_first,7,1024,3515.259,12288,0,0,1
opt_ntt,log8_lanes1,production,8,1024,2647.908,12288,0,0,1
opt_ntt,log8_lanes1,tiled_half,8,1024,2931.845,12288,0,0,1
opt_ntt,log8_lanes1,depth_first,8,1024,3508.911,12288,0,0,1
opt_ntt,log8_lanes1,half_depth,8,1024,2942.464,12288,0,0,1
opt_ntt,log8_lanes1,half_depth,9,1024,3014.567,12288,0,0,1
opt_ntt,log8_lanes1,production,9,1024,2562.540,12288,0,0,1
opt_ntt,log8_lanes1,depth_first,9,1024,3621.257,12288,0,0,1
opt_ntt,log8_lanes1,tiled_half,9,1024,3305.745,12288,0,0,1
opt_ntt,log8_lanes1,half_depth,10,1024,2977.255,12288,0,0,1
opt_ntt,log8_lanes1,tiled_half,10,1024,3055.705,12288,0,0,1
opt_ntt,log8_lanes1,depth_first,10,1024,3901.571,12288,0,0,1
opt_ntt,log8_lanes1,production,10,1024,3102.336,12288,0,0,1
opt_ntt,log8_lanes1,production,11,1024,3051.717,12288,0,0,1
opt_ntt,log8_lanes1,half_depth,11,1024,3912.883,12288,0,0,1
opt_ntt,log8_lanes1,tiled_half,11,1024,3065.390,12288,0,0,1
opt_ntt,log8_lanes1,depth_first,11,1024,4082.723,12288,0,0,1
opt_ntt,log8_lanes1,half_depth,12,1024,3124.512,12288,0,0,1
opt_ntt,log8_lanes1,tiled_half,12,1024,3099.731,12288,0,0,1
opt_ntt,log8_lanes1,depth_first,12,1024,3828.247,12288,0,0,1
opt_ntt,log8_lanes1,production,12,1024,3156.168,12288,0,0,1
opt_ntt,log8_lanes1,half_depth,13,1024,2950.317,12288,0,0,1
opt_ntt,log8_lanes1,depth_first,13,1024,3701.986,12288,0,0,1
opt_ntt,log8_lanes1,production,13,1024,3210.449,12288,0,0,1
opt_ntt,log8_lanes1,tiled_half,13,1024,2985.067,12288,0,0,1
opt_ntt,log8_lanes1,tiled_half,14,1024,2954.712,12288,0,0,1
opt_ntt,log8_lanes1,depth_first,14,1024,4299.886,12288,0,0,1
opt_ntt,log8_lanes1,production,14,1024,2715.128,12288,0,0,1
opt_ntt,log8_lanes1,half_depth,14,1024,3032.593,12288,0,0,1
opt_ntt,log8_lanes1,depth_first,15,1024,3767.538,12288,0,0,1
opt_ntt,log8_lanes1,production,15,1024,2748.373,12288,0,0,1
opt_ntt,log8_lanes1,tiled_half,15,1024,3213.664,12288,0,0,1
opt_ntt,log8_lanes1,half_depth,15,1024,3453.206,12288,0,0,1
opt_ntt,log8_lanes1,depth_first,16,1024,3909.464,12288,0,0,1
opt_ntt,log8_lanes1,half_depth,16,1024,3247.681,12288,0,0,1
opt_ntt,log8_lanes1,production,16,1024,2616.577,12288,0,0,1
opt_ntt,log8_lanes1,tiled_half,16,1024,2938.639,12288,0,0,1
opt_ntt,log8_lanes1,tiled_half,17,1024,2986.531,12288,0,0,1
opt_ntt,log8_lanes1,depth_first,17,1024,3820.435,12288,0,0,1
opt_ntt,log8_lanes1,half_depth,17,1024,2922.526,12288,0,0,1
opt_ntt,log8_lanes1,production,17,1024,2559.854,12288,0,0,1
opt_ntt,log8_lanes1,production,18,1024,2771.729,12288,0,0,1
opt_ntt,log8_lanes1,half_depth,18,1024,2978.678,12288,0,0,1
opt_ntt,log8_lanes1,tiled_half,18,1024,2950.644,12288,0,0,1
opt_ntt,log8_lanes1,depth_first,18,1024,3586.588,12288,0,0,1
opt_ntt,log8_lanes1,depth_first,19,1024,3429.240,12288,0,0,1
opt_ntt,log8_lanes1,half_depth,19,1024,2974.895,12288,0,0,1
opt_ntt,log8_lanes1,tiled_half,19,1024,2939.412,12288,0,0,1
opt_ntt,log8_lanes1,production,19,1024,2585.612,12288,0,0,1
opt_ntt,log8_lanes1,tiled_half,20,1024,2899.251,12288,0,0,1
opt_ntt,log8_lanes1,depth_first,20,1024,3379.802,12288,0,0,1
opt_ntt,log8_lanes1,half_depth,20,1024,3139.119,12288,0,0,1
opt_ntt,log8_lanes1,production,20,1024,2776.773,12288,0,0,1
opt_ntt,log8_lanes1,production,21,1024,2688.843,12288,0,0,1
opt_ntt,log8_lanes1,tiled_half,21,1024,2982.015,12288,0,0,1
opt_ntt,log8_lanes1,depth_first,21,1024,3386.963,12288,0,0,1
opt_ntt,log8_lanes1,half_depth,21,1024,2920.776,12288,0,0,1
opt_ntt,log8_lanes1,production,22,1024,2949.259,12288,0,0,1
opt_ntt,log8_lanes1,depth_first,22,1024,3519.938,12288,0,0,1
opt_ntt,log8_lanes1,tiled_half,22,1024,2911.702,12288,0,0,1
opt_ntt,log8_lanes1,half_depth,22,1024,3004.354,12288,0,0,1
opt_ntt,log8_lanes1,half_depth,23,1024,3476.562,12288,0,0,1
opt_ntt,log8_lanes1,depth_first,23,1024,3509.399,12288,0,0,1
opt_ntt,log8_lanes1,production,23,1024,2558.310,12288,0,0,1
opt_ntt,log8_lanes1,tiled_half,23,1024,3065.552,12288,0,0,1
opt_ntt,log8_lanes1,production,24,1024,2564.209,12288,0,0,1
opt_ntt,log8_lanes1,tiled_half,24,1024,2962.524,12288,0,0,1
opt_ntt,log8_lanes1,depth_first,24,1024,3461.588,12288,0,0,1
opt_ntt,log8_lanes1,half_depth,24,1024,2945.476,12288,0,0,1
opt_ntt,log8_lanes1,half_depth,25,1024,2929.077,12288,0,0,1
opt_ntt,log8_lanes1,depth_first,25,1024,4185.709,12288,0,0,1
opt_ntt,log8_lanes1,tiled_half,25,1024,3109.741,12288,0,0,1
opt_ntt,log8_lanes1,production,25,1024,2745.442,12288,0,0,1
opt_ntt,log8_lanes1,half_depth,26,1024,3521.565,12288,0,0,1
opt_ntt,log8_lanes1,depth_first,26,1024,3591.797,12288,0,0,1
opt_ntt,log8_lanes1,production,26,1024,2924.764,12288,0,0,1
opt_ntt,log8_lanes1,tiled_half,26,1024,3483.561,12288,0,0,1
opt_ntt,log8_lanes1,production,27,1024,2679.280,12288,0,0,1
opt_ntt,log8_lanes1,tiled_half,27,1024,2962.728,12288,0,0,1
opt_ntt,log8_lanes1,depth_first,27,1024,3467.732,12288,0,0,1
opt_ntt,log8_lanes1,half_depth,27,1024,3039.510,12288,0,0,1
opt_ntt,log8_lanes1,half_depth,28,1024,3015.055,12288,0,0,1
opt_ntt,log8_lanes1,tiled_half,28,1024,2999.268,12288,0,0,1
opt_ntt,log8_lanes1,production,28,1024,2881.551,12288,0,0,1
opt_ntt,log8_lanes1,depth_first,28,1024,3565.389,12288,0,0,1
opt_ntt,log8_lanes1,half_depth,29,1024,3098.145,12288,0,0,1
opt_ntt,log8_lanes1,tiled_half,29,1024,2962.443,12288,0,0,1
opt_ntt,log8_lanes1,production,29,1024,2837.564,12288,0,0,1
opt_ntt,log8_lanes1,depth_first,29,1024,3621.135,12288,0,0,1
opt_ntt,log8_lanes1,tiled_half,30,1024,3365.316,12288,0,0,1
opt_ntt,log8_lanes1,depth_first,30,1024,3445.964,12288,0,0,1
opt_ntt,log8_lanes1,half_depth,30,1024,3183.146,12288,0,0,1
opt_ntt,log8_lanes1,production,30,1024,2796.427,12288,0,0,1
opt_ntt,log8_lanes1,production,31,1024,2669.148,12288,0,0,1
opt_ntt,log8_lanes1,depth_first,31,1024,3444.092,12288,0,0,1
opt_ntt,log8_lanes1,tiled_half,31,1024,3487.915,12288,0,0,1
opt_ntt,log8_lanes1,half_depth,31,1024,3376.425,12288,0,0,1
opt_ntt,log8_lanes32,depth_first,0,64,40398.438,393216,0,0,1
opt_ntt,log8_lanes32,tiled_half,0,64,31542.969,393216,0,0,1
opt_ntt,log8_lanes32,half_depth,0,64,31225.250,393216,0,0,1
opt_ntt,log8_lanes32,production,0,64,51753.906,393216,0,0,1
opt_ntt,log8_lanes32,depth_first,1,64,41929.031,393216,0,0,1
opt_ntt,log8_lanes32,production,1,64,47798.828,393216,0,0,1
opt_ntt,log8_lanes32,tiled_half,1,64,31788.422,393216,0,0,1
opt_ntt,log8_lanes32,half_depth,1,64,32680.344,393216,0,0,1
opt_ntt,log8_lanes32,production,2,64,48826.812,393216,0,0,1
opt_ntt,log8_lanes32,half_depth,2,64,30903.641,393216,0,0,1
opt_ntt,log8_lanes32,depth_first,2,64,40532.547,393216,0,0,1
opt_ntt,log8_lanes32,tiled_half,2,64,33875.000,393216,0,0,1
opt_ntt,log8_lanes32,tiled_half,3,64,31857.422,393216,0,0,1
opt_ntt,log8_lanes32,half_depth,3,64,30718.750,393216,0,0,1
opt_ntt,log8_lanes32,depth_first,3,64,39871.094,393216,0,0,1
opt_ntt,log8_lanes32,production,3,64,48966.797,393216,0,0,1
opt_ntt,log8_lanes32,depth_first,4,64,41510.422,393216,0,0,1
opt_ntt,log8_lanes32,tiled_half,4,64,31439.453,393216,0,0,1
opt_ntt,log8_lanes32,half_depth,4,64,31646.484,393216,0,0,1
opt_ntt,log8_lanes32,production,4,64,46777.344,393216,0,0,1
opt_ntt,log8_lanes32,half_depth,5,64,30604.172,393216,0,0,1
opt_ntt,log8_lanes32,depth_first,5,64,40067.703,393216,0,0,1
opt_ntt,log8_lanes32,tiled_half,5,64,30608.062,393216,0,0,1
opt_ntt,log8_lanes32,production,5,64,47659.500,393216,0,0,1
opt_ntt,log8_lanes32,production,6,64,48346.359,393216,0,0,1
opt_ntt,log8_lanes32,half_depth,6,64,31867.844,393216,0,0,1
opt_ntt,log8_lanes32,depth_first,6,64,40100.922,393216,0,0,1
opt_ntt,log8_lanes32,tiled_half,6,64,31212.250,393216,0,0,1
opt_ntt,log8_lanes32,half_depth,7,64,31128.250,393216,0,0,1
opt_ntt,log8_lanes32,production,7,64,46574.219,393216,0,0,1
opt_ntt,log8_lanes32,depth_first,7,64,41080.078,393216,0,0,1
opt_ntt,log8_lanes32,tiled_half,7,64,33197.906,393216,0,0,1
opt_ntt,log8_lanes32,tiled_half,8,64,30497.406,393216,0,0,1
opt_ntt,log8_lanes32,depth_first,8,64,40872.391,393216,0,0,1
opt_ntt,log8_lanes32,half_depth,8,64,30387.375,393216,0,0,1
opt_ntt,log8_lanes32,production,8,64,46038.406,393216,0,0,1
opt_ntt,log8_lanes32,half_depth,9,64,31522.781,393216,0,0,1
opt_ntt,log8_lanes32,production,9,64,45690.766,393216,0,0,1
opt_ntt,log8_lanes32,depth_first,9,64,40710.938,393216,0,0,1
opt_ntt,log8_lanes32,tiled_half,9,64,30528.641,393216,0,0,1
opt_ntt,log8_lanes32,tiled_half,10,64,32573.562,393216,0,0,1
opt_ntt,log8_lanes32,production,10,64,48744.781,393216,0,0,1
opt_ntt,log8_lanes32,depth_first,10,64,43231.766,393216,0,0,1
opt_ntt,log8_lanes32,half_depth,10,64,31429.031,393216,0,0,1
opt_ntt,log8_lanes32,depth_first,11,64,42621.750,393216,0,0,1
opt_ntt,log8_lanes32,tiled_half,11,64,32076.828,393216,0,0,1
opt_ntt,log8_lanes32,production,11,64,46285.812,393216,0,0,1
opt_ntt,log8_lanes32,half_depth,11,64,30239.578,393216,0,0,1
opt_ntt,log8_lanes32,half_depth,12,64,30575.531,393216,0,0,1
opt_ntt,log8_lanes32,production,12,64,46230.469,393216,0,0,1
opt_ntt,log8_lanes32,tiled_half,12,64,30386.062,393216,0,0,1
opt_ntt,log8_lanes32,depth_first,12,64,39815.109,393216,0,0,1
opt_ntt,log8_lanes32,half_depth,13,64,31608.078,393216,0,0,1
opt_ntt,log8_lanes32,production,13,64,46350.266,393216,0,0,1
opt_ntt,log8_lanes32,tiled_half,13,64,30312.500,393216,0,0,1
opt_ntt,log8_lanes32,depth_first,13,64,39868.500,393216,0,0,1
opt_ntt,log8_lanes32,half_depth,14,64,31509.766,393216,0,0,1
opt_ntt,log8_lanes32,production,14,64,49054.047,393216,0,0,1
opt_ntt,log8_lanes32,tiled_half,14,64,30669.922,393216,0,0,1
opt_ntt,log8_lanes32,depth_first,14,64,40440.109,393216,0,0,1
opt_ntt,log8_lanes32,tiled_half,15,64,31091.797,393216,0,0,1
opt_ntt,log8_lanes32,depth_first,15,64,50668.625,393216,0,0,1
opt_ntt,log8_lanes32,production,15,64,45992.188,393216,0,0,1
opt_ntt,log8_lanes32,half_depth,15,64,30752.609,393216,0,0,1
opt_ntt,log8_lanes32,production,16,64,48252.594,393216,0,0,1
opt_ntt,log8_lanes32,tiled_half,16,64,32291.016,393216,0,0,1
opt_ntt,log8_lanes32,depth_first,16,64,40765.625,393216,0,0,1
opt_ntt,log8_lanes32,half_depth,16,64,30876.953,393216,0,0,1
opt_ntt,log8_lanes32,production,17,64,46174.484,393216,0,0,1
opt_ntt,log8_lanes32,tiled_half,17,64,32915.359,393216,0,0,1
opt_ntt,log8_lanes32,half_depth,17,64,31656.906,393216,0,0,1
opt_ntt,log8_lanes32,depth_first,17,64,39583.328,393216,0,0,1
opt_ntt,log8_lanes32,half_depth,18,64,32225.922,393216,0,0,1
opt_ntt,log8_lanes32,production,18,64,49007.156,393216,0,0,1
opt_ntt,log8_lanes32,depth_first,18,64,40189.453,393216,0,0,1
opt_ntt,log8_lanes32,tiled_half,18,64,30628.906,393216,0,0,1
opt_ntt,log8_lanes32,depth_first,19,64,40376.953,393216,0,0,1
opt_ntt,log8_lanes32,production,19,64,48273.438,393216,0,0,1
opt_ntt,log8_lanes32,half_depth,19,64,30283.844,393216,0,0,1
opt_ntt,log8_lanes32,tiled_half,19,64,30884.766,393216,0,0,1
opt_ntt,log8_lanes32,tiled_half,20,64,30922.531,393216,0,0,1
opt_ntt,log8_lanes32,depth_first,20,64,41418.609,393216,0,0,1
opt_ntt,log8_lanes32,half_depth,20,64,30973.953,393216,0,0,1
opt_ntt,log8_lanes32,production,20,64,46085.938,393216,0,0,1
opt_ntt,log8_lanes32,half_depth,21,64,30530.609,393216,0,0,1
opt_ntt,log8_lanes32,depth_first,21,64,40646.484,393216,0,0,1
opt_ntt,log8_lanes32,production,21,64,48544.266,393216,0,0,1
opt_ntt,log8_lanes32,tiled_half,21,64,30749.344,393216,0,0,1
opt_ntt,log8_lanes32,tiled_half,22,64,30691.406,393216,0,0,1
opt_ntt,log8_lanes32,production,22,64,46642.578,393216,0,0,1
opt_ntt,log8_lanes32,half_depth,22,64,31832.031,393216,0,0,1
opt_ntt,log8_lanes32,depth_first,22,64,40176.438,393216,0,0,1
opt_ntt,log8_lanes32,depth_first,23,64,39521.484,393216,0,0,1
opt_ntt,log8_lanes32,production,23,64,49875.000,393216,0,0,1
opt_ntt,log8_lanes32,tiled_half,23,64,31737.625,393216,0,0,1
opt_ntt,log8_lanes32,half_depth,23,64,30157.547,393216,0,0,1
opt_ntt,log8_lanes32,tiled_half,24,64,30257.156,393216,0,0,1
opt_ntt,log8_lanes32,production,24,64,45957.031,393216,0,0,1
opt_ntt,log8_lanes32,half_depth,24,64,31373.688,393216,0,0,1
opt_ntt,log8_lanes32,depth_first,24,64,39444.656,393216,0,0,1
opt_ntt,log8_lanes32,depth_first,25,64,40190.750,393216,0,0,1
opt_ntt,log8_lanes32,half_depth,25,64,30204.422,393216,0,0,1
opt_ntt,log8_lanes32,tiled_half,25,64,30692.062,393216,0,0,1
opt_ntt,log8_lanes32,production,25,64,48067.703,393216,0,0,1
opt_ntt,log8_lanes32,production,26,64,46223.953,393216,0,0,1
opt_ntt,log8_lanes32,tiled_half,26,64,30199.219,393216,0,0,1
opt_ntt,log8_lanes32,half_depth,26,64,32302.078,393216,0,0,1
opt_ntt,log8_lanes32,depth_first,26,64,40434.234,393216,0,0,1
opt_ntt,log8_lanes32,production,27,64,45880.203,393216,0,0,1
opt_ntt,log8_lanes32,depth_first,27,64,39507.156,393216,0,0,1
opt_ntt,log8_lanes32,half_depth,27,64,31417.312,393216,0,0,1
opt_ntt,log8_lanes32,tiled_half,27,64,31160.156,393216,0,0,1
opt_ntt,log8_lanes32,tiled_half,28,64,32526.047,393216,0,0,1
opt_ntt,log8_lanes32,production,28,64,46895.828,393216,0,0,1
opt_ntt,log8_lanes32,half_depth,28,64,30028.656,393216,0,0,1
opt_ntt,log8_lanes32,depth_first,28,64,41083.328,393216,0,0,1
opt_ntt,log8_lanes32,tiled_half,29,64,30102.859,393216,0,0,1
opt_ntt,log8_lanes32,production,29,64,45720.703,393216,0,0,1
opt_ntt,log8_lanes32,depth_first,29,64,39460.938,393216,0,0,1
opt_ntt,log8_lanes32,half_depth,29,64,31590.484,393216,0,0,1
opt_ntt,log8_lanes32,half_depth,30,64,30957.688,393216,0,0,1
opt_ntt,log8_lanes32,depth_first,30,64,40657.562,393216,0,0,1
opt_ntt,log8_lanes32,production,30,64,45969.406,393216,0,0,1
opt_ntt,log8_lanes32,tiled_half,30,64,30703.125,393216,0,0,1
opt_ntt,log8_lanes32,depth_first,31,64,42068.359,393216,0,0,1
opt_ntt,log8_lanes32,half_depth,31,64,31506.516,393216,0,0,1
opt_ntt,log8_lanes32,tiled_half,31,64,30434.891,393216,0,0,1
opt_ntt,log8_lanes32,production,31,64,46141.922,393216,0,0,1
opt_ntt,log12_lanes8,tiled_half,0,8,275562.500,1572864,1,1520,1
opt_ntt,log12_lanes8,half_depth,0,8,228682.375,1572864,1,1520,1
opt_ntt,log12_lanes8,depth_first,0,8,230062.500,1572864,1,1520,1
opt_ntt,log12_lanes8,production,0,8,492161.500,1572864,1,1520,1
opt_ntt,log12_lanes8,depth_first,1,8,268088.625,1572864,1,1520,1
opt_ntt,log12_lanes8,half_depth,1,8,217723.875,1572864,1,1520,1
opt_ntt,log12_lanes8,production,1,8,495270.875,1572864,1,1520,1
opt_ntt,log12_lanes8,tiled_half,1,8,308770.875,1572864,1,1520,1
opt_ntt,log12_lanes8,production,2,8,459130.250,1572864,1,1520,1
opt_ntt,log12_lanes8,half_depth,2,8,225932.375,1572864,1,1520,1
opt_ntt,log12_lanes8,tiled_half,2,8,331864.625,1572864,1,1520,1
opt_ntt,log12_lanes8,depth_first,2,8,234406.250,1572864,1,1520,1
opt_ntt,log12_lanes8,tiled_half,3,8,279823.000,1572864,1,1520,1
opt_ntt,log12_lanes8,half_depth,3,8,238947.875,1572864,1,1520,1
opt_ntt,log12_lanes8,depth_first,3,8,248968.750,1572864,1,1520,1
opt_ntt,log12_lanes8,production,3,8,482651.000,1572864,1,1520,1
opt_ntt,log12_lanes8,half_depth,4,8,233906.250,1572864,1,1520,1
opt_ntt,log12_lanes8,depth_first,4,8,236369.750,1572864,1,1520,1
opt_ntt,log12_lanes8,production,4,8,499948.000,1572864,1,1520,1
opt_ntt,log12_lanes8,tiled_half,4,8,286406.250,1572864,1,1520,1
opt_ntt,log12_lanes8,half_depth,5,8,237489.625,1572864,1,1520,1
opt_ntt,log12_lanes8,production,5,8,511500.000,1572864,1,1520,1
opt_ntt,log12_lanes8,tiled_half,5,8,269078.125,1572864,1,1520,1
opt_ntt,log12_lanes8,depth_first,5,8,239958.250,1572864,1,1520,1
opt_ntt,log12_lanes8,depth_first,6,8,265838.500,1572864,1,1520,1
opt_ntt,log12_lanes8,production,6,8,470968.750,1572864,1,1520,1
opt_ntt,log12_lanes8,tiled_half,6,8,326286.500,1572864,1,1520,1
opt_ntt,log12_lanes8,half_depth,6,8,228255.250,1572864,1,1520,1
opt_ntt,log12_lanes8,tiled_half,7,8,273323.000,1572864,1,1520,1
opt_ntt,log12_lanes8,half_depth,7,8,226802.125,1572864,1,1520,1
opt_ntt,log12_lanes8,production,7,8,521031.250,1572864,1,1520,1
opt_ntt,log12_lanes8,depth_first,7,8,241239.625,1572864,1,1520,1
opt_ntt,log12_lanes8,tiled_half,8,8,216765.625,1572864,1,1520,1
opt_ntt,log12_lanes8,production,8,8,470802.125,1572864,1,1520,1
opt_ntt,log12_lanes8,half_depth,8,8,227932.250,1572864,1,1520,1
opt_ntt,log12_lanes8,depth_first,8,8,228974.000,1572864,1,1520,1
opt_ntt,log12_lanes8,production,9,8,476098.875,1572864,1,1520,1
opt_ntt,log12_lanes8,depth_first,9,8,253182.250,1572864,1,1520,1
opt_ntt,log12_lanes8,half_depth,9,8,229250.000,1572864,1,1520,1
opt_ntt,log12_lanes8,tiled_half,9,8,284343.750,1572864,1,1520,1
opt_ntt,log12_lanes8,tiled_half,10,8,260182.250,1572864,1,1520,1
opt_ntt,log12_lanes8,production,10,8,538312.500,1572864,1,1520,1
opt_ntt,log12_lanes8,depth_first,10,8,238989.625,1572864,1,1520,1
opt_ntt,log12_lanes8,half_depth,10,8,234442.750,1572864,1,1520,1
opt_ntt,log12_lanes8,tiled_half,11,8,273625.000,1572864,1,1520,1
opt_ntt,log12_lanes8,half_depth,11,8,228718.750,1572864,1,1520,1
opt_ntt,log12_lanes8,depth_first,11,8,237750.000,1572864,1,1520,1
opt_ntt,log12_lanes8,production,11,8,514447.875,1572864,1,1520,1
opt_ntt,log12_lanes8,production,12,8,460453.125,1572864,1,1520,1
opt_ntt,log12_lanes8,half_depth,12,8,214562.500,1572864,1,1520,1
opt_ntt,log12_lanes8,depth_first,12,8,246395.875,1572864,1,1520,1
opt_ntt,log12_lanes8,tiled_half,12,8,295531.250,1572864,1,1520,1
opt_ntt,log12_lanes8,tiled_half,13,8,254349.000,1572864,1,1520,1
opt_ntt,log12_lanes8,production,13,8,493671.875,1572864,1,1520,1
opt_ntt,log12_lanes8,half_depth,13,8,223109.375,1572864,1,1520,1
opt_ntt,log12_lanes8,depth_first,13,8,233197.875,1572864,1,1520,1
opt_ntt,log12_lanes8,depth_first,14,8,243348.875,1572864,1,1520,1
opt_ntt,log12_lanes8,tiled_half,14,8,244197.875,1572864,1,1520,1
opt_ntt,log12_lanes8,half_depth,14,8,232901.000,1572864,1,1520,1
opt_ntt,log12_lanes8,production,14,8,493062.500,1572864,1,1520,1
opt_ntt,log12_lanes8,tiled_half,15,8,296109.375,1572864,1,1520,1
opt_ntt,log12_lanes8,depth_first,15,8,239421.875,1572864,1,1520,1
opt_ntt,log12_lanes8,production,15,8,445020.750,1572864,1,1520,1
opt_ntt,log12_lanes8,half_depth,15,8,231166.625,1572864,1,1520,1
opt_ntt,log12_lanes8,production,16,8,520171.875,1572864,1,1520,1
opt_ntt,log12_lanes8,tiled_half,16,8,290697.875,1572864,1,1520,1
opt_ntt,log12_lanes8,half_depth,16,8,241203.125,1572864,1,1520,1
opt_ntt,log12_lanes8,depth_first,16,8,250974.000,1572864,1,1520,1
opt_ntt,log12_lanes8,half_depth,17,8,221625.000,1572864,1,1520,1
opt_ntt,log12_lanes8,tiled_half,17,8,258213.500,1572864,1,1520,1
opt_ntt,log12_lanes8,production,17,8,422286.375,1572864,1,1520,1
opt_ntt,log12_lanes8,depth_first,17,8,237562.500,1572864,1,1520,1
opt_ntt,log12_lanes8,depth_first,18,8,251000.000,1572864,1,1520,1
opt_ntt,log12_lanes8,tiled_half,18,8,267729.250,1572864,1,1520,1
opt_ntt,log12_lanes8,production,18,8,513192.625,1572864,1,1520,1
opt_ntt,log12_lanes8,half_depth,18,8,213020.750,1572864,1,1520,1
opt_ntt,log12_lanes8,production,19,8,453380.125,1572864,1,1520,1
opt_ntt,log12_lanes8,depth_first,19,8,259614.500,1572864,1,1520,1
opt_ntt,log12_lanes8,half_depth,19,8,220458.250,1572864,1,1520,1
opt_ntt,log12_lanes8,tiled_half,19,8,278802.125,1572864,1,1520,1
opt_ntt,log12_lanes8,tiled_half,20,8,308698.000,1572864,1,1520,1
opt_ntt,log12_lanes8,depth_first,20,8,252359.375,1572864,1,1520,1
opt_ntt,log12_lanes8,production,20,8,505942.750,1572864,1,1520,1
opt_ntt,log12_lanes8,half_depth,20,8,224364.625,1572864,1,1520,1
opt_ntt,log12_lanes8,depth_first,21,8,246192.750,1572864,1,1520,1
opt_ntt,log12_lanes8,half_depth,21,8,230729.250,1572864,1,1520,1
opt_ntt,log12_lanes8,production,21,8,507505.250,1572864,1,1520,1
opt_ntt,log12_lanes8,tiled_half,21,8,263718.750,1572864,1,1520,1
opt_ntt,log12_lanes8,production,22,8,543833.375,1572864,1,1520,1
opt_ntt,log12_lanes8,half_depth,22,8,231416.750,1572864,1,1520,1
opt_ntt,log12_lanes8,tiled_half,22,8,281041.625,1572864,1,1520,1
opt_ntt,log12_lanes8,depth_first,22,8,238703.125,1572864,1,1520,1
opt_ntt,log12_lanes8,half_depth,23,8,238250.000,1572864,1,1520,1
opt_ntt,log12_lanes8,production,23,8,521125.000,1572864,1,1520,1
opt_ntt,log12_lanes8,depth_first,23,8,276588.500,1572864,1,1520,1
opt_ntt,log12_lanes8,tiled_half,23,8,272411.500,1572864,1,1520,1
opt_ntt,log12_lanes8,half_depth,24,8,241552.125,1572864,1,1520,1
opt_ntt,log12_lanes8,tiled_half,24,8,275380.250,1572864,1,1520,1
opt_ntt,log12_lanes8,depth_first,24,8,236432.375,1572864,1,1520,1
opt_ntt,log12_lanes8,production,24,8,479776.125,1572864,1,1520,1
opt_ntt,log12_lanes8,half_depth,25,8,233640.625,1572864,1,1520,1
opt_ntt,log12_lanes8,tiled_half,25,8,268864.625,1572864,1,1520,1
opt_ntt,log12_lanes8,production,25,8,504750.000,1572864,1,1520,1
opt_ntt,log12_lanes8,depth_first,25,8,237322.875,1572864,1,1520,1
opt_ntt,log12_lanes8,depth_first,26,8,252869.750,1572864,1,1520,1
opt_ntt,log12_lanes8,tiled_half,26,8,279088.500,1572864,1,1520,1
opt_ntt,log12_lanes8,production,26,8,475067.750,1572864,1,1520,1
opt_ntt,log12_lanes8,half_depth,26,8,233812.500,1572864,1,1520,1
opt_ntt,log12_lanes8,half_depth,27,8,219390.625,1572864,1,1520,1
opt_ntt,log12_lanes8,depth_first,27,8,238614.625,1572864,1,1520,1
opt_ntt,log12_lanes8,production,27,8,515354.125,1572864,1,1520,1
opt_ntt,log12_lanes8,tiled_half,27,8,306369.875,1572864,1,1520,1
opt_ntt,log12_lanes8,tiled_half,28,8,322536.375,1572864,1,1520,1
opt_ntt,log12_lanes8,production,28,8,461067.750,1572864,1,1520,1
opt_ntt,log12_lanes8,depth_first,28,8,242718.750,1572864,1,1520,1
opt_ntt,log12_lanes8,half_depth,28,8,213432.250,1572864,1,1520,1
opt_ntt,log12_lanes8,half_depth,29,8,236026.125,1572864,1,1520,1
opt_ntt,log12_lanes8,production,29,8,504442.750,1572864,1,1520,1
opt_ntt,log12_lanes8,tiled_half,29,8,315005.125,1572864,1,1520,1
opt_ntt,log12_lanes8,depth_first,29,8,269166.625,1572864,1,1520,1
opt_ntt,log12_lanes8,production,30,8,494750.000,1572864,1,1520,1
opt_ntt,log12_lanes8,depth_first,30,8,270927.125,1572864,1,1520,1
opt_ntt,log12_lanes8,tiled_half,30,8,259713.625,1572864,1,1520,1
opt_ntt,log12_lanes8,half_depth,30,8,231156.250,1572864,1,1520,1
opt_ntt,log12_lanes8,half_depth,31,8,220369.750,1572864,1,1520,1
opt_ntt,log12_lanes8,depth_first,31,8,242708.250,1572864,1,1520,1
opt_ntt,log12_lanes8,production,31,8,514015.625,1572864,1,1520,1
opt_ntt,log12_lanes8,tiled_half,31,8,314197.875,1572864,1,1520,1
opt_ntt,log15_lanes8,production,0,4,1336062.500,12582912,1,1520,1
opt_ntt,log15_lanes8,depth_first,0,4,905354.000,12582912,1,1520,1
opt_ntt,log15_lanes8,tiled_half,0,4,1054062.500,12582912,1,1520,1
opt_ntt,log15_lanes8,half_depth,0,4,924333.500,12582912,1,1520,1
opt_ntt,log15_lanes8,half_depth,1,4,814052.000,12582912,1,1520,1
opt_ntt,log15_lanes8,tiled_half,1,4,1394958.250,12582912,1,1520,1
opt_ntt,log15_lanes8,depth_first,1,4,951218.750,12582912,1,1520,1
opt_ntt,log15_lanes8,production,1,4,1273291.750,12582912,1,1520,1
opt_ntt,log15_lanes8,production,2,4,1239166.750,12582912,1,1520,1
opt_ntt,log15_lanes8,depth_first,2,4,918854.250,12582912,1,1520,1
opt_ntt,log15_lanes8,half_depth,2,4,828854.250,12582912,1,1520,1
opt_ntt,log15_lanes8,tiled_half,2,4,1164885.500,12582912,1,1520,1
opt_ntt,log15_lanes8,half_depth,3,4,862239.750,12582912,1,1520,1
opt_ntt,log15_lanes8,tiled_half,3,4,1159750.000,12582912,1,1520,1
opt_ntt,log15_lanes8,production,3,4,1303385.250,12582912,1,1520,1
opt_ntt,log15_lanes8,depth_first,3,4,885666.500,12582912,1,1520,1
opt_ntt,log15_lanes8,production,4,4,1258833.500,12582912,1,1520,1
opt_ntt,log15_lanes8,half_depth,4,4,822479.250,12582912,1,1520,1
opt_ntt,log15_lanes8,depth_first,4,4,846875.000,12582912,1,1520,1
opt_ntt,log15_lanes8,tiled_half,4,4,1171843.750,12582912,1,1520,1
opt_ntt,log15_lanes8,half_depth,5,4,799125.000,12582912,1,1520,1
opt_ntt,log15_lanes8,production,5,4,1226802.000,12582912,1,1520,1
opt_ntt,log15_lanes8,depth_first,5,4,903302.000,12582912,1,1520,1
opt_ntt,log15_lanes8,tiled_half,5,4,1281979.250,12582912,1,1520,1
opt_ntt,log15_lanes8,production,6,4,1306291.750,12582912,1,1520,1
opt_ntt,log15_lanes8,half_depth,6,4,868656.250,12582912,1,1520,1
opt_ntt,log15_lanes8,tiled_half,6,4,1198406.250,12582912,1,1520,1
opt_ntt,log15_lanes8,depth_first,6,4,852354.000,12582912,1,1520,1
opt_ntt,log15_lanes8,production,7,4,1213906.250,12582912,1,1520,1
opt_ntt,log15_lanes8,tiled_half,7,4,1285552.000,12582912,1,1520,1
opt_ntt,log15_lanes8,depth_first,7,4,942531.250,12582912,1,1520,1
opt_ntt,log15_lanes8,half_depth,7,4,973166.750,12582912,1,1520,1
opt_ntt,log15_lanes8,production,8,4,1556270.750,12582912,1,1520,1
opt_ntt,log15_lanes8,depth_first,8,4,976135.500,12582912,1,1520,1
opt_ntt,log15_lanes8,tiled_half,8,4,1174802.000,12582912,1,1520,1
opt_ntt,log15_lanes8,half_depth,8,4,847812.500,12582912,1,1520,1
opt_ntt,log15_lanes8,depth_first,9,4,925989.500,12582912,1,1520,1
opt_ntt,log15_lanes8,half_depth,9,4,851708.250,12582912,1,1520,1
opt_ntt,log15_lanes8,production,9,4,1309520.750,12582912,1,1520,1
opt_ntt,log15_lanes8,tiled_half,9,4,1034239.500,12582912,1,1520,1
opt_ntt,log15_lanes8,tiled_half,10,4,1124458.250,12582912,1,1520,1
opt_ntt,log15_lanes8,half_depth,10,4,907906.250,12582912,1,1520,1
opt_ntt,log15_lanes8,depth_first,10,4,922520.750,12582912,1,1520,1
opt_ntt,log15_lanes8,production,10,4,1225343.750,12582912,1,1520,1
opt_ntt,log15_lanes8,tiled_half,11,4,1294260.250,12582912,1,1520,1
opt_ntt,log15_lanes8,half_depth,11,4,902791.750,12582912,1,1520,1
opt_ntt,log15_lanes8,depth_first,11,4,1201521.000,12582912,1,1520,1
opt_ntt,log15_lanes8,production,11,4,1901354.250,12582912,1,1520,1
opt_ntt,log15_lanes8,depth_first,12,4,1275864.500,12582912,1,1520,1
opt_ntt,log15_lanes8,tiled_half,12,4,1816416.500,12582912,1,1520,1
opt_ntt,log15_lanes8,half_depth,12,4,1063427.250,12582912,1,1520,1
opt_ntt,log15_lanes8,production,12,4,1749625.000,12582912,1,1520,1
opt_ntt,log15_lanes8,half_depth,13,4,789197.750,12582912,1,1520,1
opt_ntt,log15_lanes8,production,13,4,1233958.500,12582912,1,1520,1
opt_ntt,log15_lanes8,depth_first,13,4,940510.500,12582912,1,1520,1
opt_ntt,log15_lanes8,tiled_half,13,4,1213541.750,12582912,1,1520,1
opt_ntt,log15_lanes8,production,14,4,1296448.000,12582912,1,1520,1
opt_ntt,log15_lanes8,tiled_half,14,4,1286791.500,12582912,1,1520,1
opt_ntt,log15_lanes8,half_depth,14,4,872604.250,12582912,1,1520,1
opt_ntt,log15_lanes8,depth_first,14,4,922510.500,12582912,1,1520,1
opt_ntt,log15_lanes8,half_depth,15,4,809572.750,12582912,1,1520,1
opt_ntt,log15_lanes8,tiled_half,15,4,1193552.250,12582912,1,1520,1
opt_ntt,log15_lanes8,depth_first,15,4,919229.250,12582912,1,1520,1
opt_ntt,log15_lanes8,production,15,4,1364843.750,12582912,1,1520,1
opt_ntt,log15_lanes8,production,16,4,1290083.500,12582912,1,1520,1
opt_ntt,log15_lanes8,depth_first,16,4,892291.750,12582912,1,1520,1
opt_ntt,log15_lanes8,half_depth,16,4,908729.000,12582912,1,1520,1
opt_ntt,log15_lanes8,tiled_half,16,4,1208781.250,12582912,1,1520,1
opt_ntt,log15_lanes8,tiled_half,17,4,1035885.500,12582912,1,1520,1
opt_ntt,log15_lanes8,production,17,4,1220614.750,12582912,1,1520,1
opt_ntt,log15_lanes8,half_depth,17,4,885020.750,12582912,1,1520,1
opt_ntt,log15_lanes8,depth_first,17,4,895020.750,12582912,1,1520,1
opt_ntt,log15_lanes8,production,18,4,1268020.750,12582912,1,1520,1
opt_ntt,log15_lanes8,half_depth,18,4,987000.000,12582912,1,1520,1
opt_ntt,log15_lanes8,depth_first,18,4,917218.750,12582912,1,1520,1
opt_ntt,log15_lanes8,tiled_half,18,4,1279708.500,12582912,1,1520,1
opt_ntt,log15_lanes8,production,19,4,1305666.500,12582912,1,1520,1
opt_ntt,log15_lanes8,tiled_half,19,4,1248979.250,12582912,1,1520,1
opt_ntt,log15_lanes8,half_depth,19,4,856687.500,12582912,1,1520,1
opt_ntt,log15_lanes8,depth_first,19,4,837406.250,12582912,1,1520,1
opt_ntt,log15_lanes8,depth_first,20,4,969104.250,12582912,1,1520,1
opt_ntt,log15_lanes8,tiled_half,20,4,1075031.250,12582912,1,1520,1
opt_ntt,log15_lanes8,half_depth,20,4,899364.500,12582912,1,1520,1
opt_ntt,log15_lanes8,production,20,4,1514520.750,12582912,1,1520,1
opt_ntt,log15_lanes8,production,21,4,1591198.000,12582912,1,1520,1
opt_ntt,log15_lanes8,depth_first,21,4,1075927.000,12582912,1,1520,1
opt_ntt,log15_lanes8,tiled_half,21,4,1131229.250,12582912,1,1520,1
opt_ntt,log15_lanes8,half_depth,21,4,801114.500,12582912,1,1520,1
opt_ntt,log15_lanes8,depth_first,22,4,924906.250,12582912,1,1520,1
opt_ntt,log15_lanes8,production,22,4,1264948.000,12582912,1,1520,1
opt_ntt,log15_lanes8,tiled_half,22,4,1082656.250,12582912,1,1520,1
opt_ntt,log15_lanes8,half_depth,22,4,823052.000,12582912,1,1520,1
opt_ntt,log15_lanes8,production,23,4,1351614.500,12582912,1,1520,1
opt_ntt,log15_lanes8,half_depth,23,4,855375.000,12582912,1,1520,1
opt_ntt,log15_lanes8,depth_first,23,4,921833.500,12582912,1,1520,1
opt_ntt,log15_lanes8,tiled_half,23,4,1093770.750,12582912,1,1520,1
opt_ntt,log15_lanes8,production,24,4,1462937.500,12582912,1,1520,1
opt_ntt,log15_lanes8,depth_first,24,4,909645.750,12582912,1,1520,1
opt_ntt,log15_lanes8,half_depth,24,4,857260.500,12582912,1,1520,1
opt_ntt,log15_lanes8,tiled_half,24,4,1024437.500,12582912,1,1520,1
opt_ntt,log15_lanes8,half_depth,25,4,881166.750,12582912,1,1520,1
opt_ntt,log15_lanes8,tiled_half,25,4,1278156.250,12582912,1,1520,1
opt_ntt,log15_lanes8,depth_first,25,4,875781.250,12582912,1,1520,1
opt_ntt,log15_lanes8,production,25,4,1252427.000,12582912,1,1520,1
opt_ntt,log15_lanes8,half_depth,26,4,905875.000,12582912,1,1520,1
opt_ntt,log15_lanes8,depth_first,26,4,1010333.500,12582912,1,1520,1
opt_ntt,log15_lanes8,tiled_half,26,4,1097166.500,12582912,1,1520,1
opt_ntt,log15_lanes8,production,26,4,1165354.000,12582912,1,1520,1
opt_ntt,log15_lanes8,depth_first,27,4,983354.000,12582912,1,1520,1
opt_ntt,log15_lanes8,production,27,4,1308739.500,12582912,1,1520,1
opt_ntt,log15_lanes8,tiled_half,27,4,1234593.750,12582912,1,1520,1
opt_ntt,log15_lanes8,half_depth,27,4,879687.500,12582912,1,1520,1
opt_ntt,log15_lanes8,production,28,4,1326958.500,12582912,1,1520,1
opt_ntt,log15_lanes8,half_depth,28,4,877572.750,12582912,1,1520,1
opt_ntt,log15_lanes8,depth_first,28,4,839062.500,12582912,1,1520,1
opt_ntt,log15_lanes8,tiled_half,28,4,1276052.250,12582912,1,1520,1
opt_ntt,log15_lanes8,production,29,4,1436375.000,12582912,1,1520,1
opt_ntt,log15_lanes8,tiled_half,29,4,1174166.750,12582912,1,1520,1
opt_ntt,log15_lanes8,depth_first,29,4,1007166.750,12582912,1,1520,1
opt_ntt,log15_lanes8,half_depth,29,4,871364.500,12582912,1,1520,1
opt_ntt,log15_lanes8,depth_first,30,4,898229.000,12582912,1,1520,1
opt_ntt,log15_lanes8,tiled_half,30,4,1102281.250,12582912,1,1520,1
opt_ntt,log15_lanes8,production,30,4,1322854.000,12582912,1,1520,1
opt_ntt,log15_lanes8,half_depth,30,4,891062.500,12582912,1,1520,1
opt_ntt,log15_lanes8,tiled_half,31,4,1184968.750,12582912,1,1520,1
opt_ntt,log15_lanes8,depth_first,31,4,869729.250,12582912,1,1520,1
opt_ntt,log15_lanes8,production,31,4,1204843.750,12582912,1,1520,1
opt_ntt,log15_lanes8,half_depth,31,4,886125.000,12582912,1,1520,1
opt_ntt,log15_lanes32,depth_first,0,2,2634979.500,50331648,1,1520,1
opt_ntt,log15_lanes32,tiled_half,0,2,2609750.000,50331648,1,1520,1
opt_ntt,log15_lanes32,production,0,2,3045979.000,50331648,1,1520,1
opt_ntt,log15_lanes32,half_depth,0,2,2572500.000,50331648,1,1520,1
opt_ntt,log15_lanes32,half_depth,1,2,2594791.500,50331648,1,1520,1
opt_ntt,log15_lanes32,depth_first,1,2,2607750.000,50331648,1,1520,1
opt_ntt,log15_lanes32,tiled_half,1,2,2748208.500,50331648,1,1520,1
opt_ntt,log15_lanes32,production,1,2,2865916.500,50331648,1,1520,1
opt_ntt,log15_lanes32,tiled_half,2,2,2894854.000,50331648,1,1520,1
opt_ntt,log15_lanes32,production,2,2,2838146.000,50331648,1,1520,1
opt_ntt,log15_lanes32,depth_first,2,2,2665916.500,50331648,1,1520,1
opt_ntt,log15_lanes32,half_depth,2,2,3162583.000,50331648,1,1520,1
opt_ntt,log15_lanes32,half_depth,3,2,2759146.000,50331648,1,1520,1
opt_ntt,log15_lanes32,tiled_half,3,2,2592291.500,50331648,1,1520,1
opt_ntt,log15_lanes32,production,3,2,2912792.000,50331648,1,1520,1
opt_ntt,log15_lanes32,depth_first,3,2,2855625.000,50331648,1,1520,1
opt_ntt,log15_lanes32,half_depth,4,2,2686291.500,50331648,1,1520,1
opt_ntt,log15_lanes32,tiled_half,4,2,3095250.000,50331648,1,1520,1
opt_ntt,log15_lanes32,depth_first,4,2,2759354.000,50331648,1,1520,1
opt_ntt,log15_lanes32,production,4,2,3525667.000,50331648,1,1520,1
opt_ntt,log15_lanes32,tiled_half,5,2,3139875.000,50331648,1,1520,1
opt_ntt,log15_lanes32,half_depth,5,2,3032291.500,50331648,1,1520,1
opt_ntt,log15_lanes32,production,5,2,2875812.500,50331648,1,1520,1
opt_ntt,log15_lanes32,depth_first,5,2,2593417.000,50331648,1,1520,1
opt_ntt,log15_lanes32,production,6,2,2851666.500,50331648,1,1520,1
opt_ntt,log15_lanes32,tiled_half,6,2,2623583.500,50331648,1,1520,1
opt_ntt,log15_lanes32,half_depth,6,2,2439250.000,50331648,1,1520,1
opt_ntt,log15_lanes32,depth_first,6,2,2684021.000,50331648,1,1520,1
opt_ntt,log15_lanes32,half_depth,7,2,2475187.500,50331648,1,1520,1
opt_ntt,log15_lanes32,depth_first,7,2,3179416.500,50331648,1,1520,1
opt_ntt,log15_lanes32,production,7,2,3066792.000,50331648,1,1520,1
opt_ntt,log15_lanes32,tiled_half,7,2,3128812.500,50331648,1,1520,1
opt_ntt,log15_lanes32,tiled_half,8,2,3759854.500,50331648,1,1520,1
opt_ntt,log15_lanes32,production,8,2,3621125.000,50331648,1,1520,1
opt_ntt,log15_lanes32,half_depth,8,2,2800729.500,50331648,1,1520,1
opt_ntt,log15_lanes32,depth_first,8,2,2713375.000,50331648,1,1520,1
opt_ntt,log15_lanes32,tiled_half,9,2,3039791.500,50331648,1,1520,1
opt_ntt,log15_lanes32,production,9,2,2994937.500,50331648,1,1520,1
opt_ntt,log15_lanes32,depth_first,9,2,2947375.000,50331648,1,1520,1
opt_ntt,log15_lanes32,half_depth,9,2,3013083.500,50331648,1,1520,1
opt_ntt,log15_lanes32,half_depth,10,2,3126520.500,50331648,1,1520,1
opt_ntt,log15_lanes32,production,10,2,3225500.000,50331648,1,1520,1
opt_ntt,log15_lanes32,depth_first,10,2,2894208.500,50331648,1,1520,1
opt_ntt,log15_lanes32,tiled_half,10,2,2800396.000,50331648,1,1520,1
opt_ntt,log15_lanes32,depth_first,11,2,2672541.500,50331648,1,1520,1
opt_ntt,log15_lanes32,half_depth,11,2,2902125.000,50331648,1,1520,1
opt_ntt,log15_lanes32,tiled_half,11,2,2861625.000,50331648,1,1520,1
opt_ntt,log15_lanes32,production,11,2,3061708.000,50331648,1,1520,1
opt_ntt,log15_lanes32,production,12,2,2791458.500,50331648,1,1520,1
opt_ntt,log15_lanes32,depth_first,12,2,2510625.000,50331648,1,1520,1
opt_ntt,log15_lanes32,half_depth,12,2,2504354.000,50331648,1,1520,1
opt_ntt,log15_lanes32,tiled_half,12,2,2784208.500,50331648,1,1520,1
opt_ntt,log15_lanes32,production,13,2,2643187.500,50331648,1,1520,1
opt_ntt,log15_lanes32,half_depth,13,2,2672708.500,50331648,1,1520,1
opt_ntt,log15_lanes32,tiled_half,13,2,2918542.000,50331648,1,1520,1
opt_ntt,log15_lanes32,depth_first,13,2,2430562.500,50331648,1,1520,1
opt_ntt,log15_lanes32,production,14,2,2912292.000,50331648,1,1520,1
opt_ntt,log15_lanes32,depth_first,14,2,2903208.500,50331648,1,1520,1
opt_ntt,log15_lanes32,tiled_half,14,2,2646729.000,50331648,1,1520,1
opt_ntt,log15_lanes32,half_depth,14,2,2667208.500,50331648,1,1520,1
opt_ntt,log15_lanes32,production,15,2,3055729.000,50331648,1,1520,1
opt_ntt,log15_lanes32,half_depth,15,2,4065687.500,50331648,1,1520,1
opt_ntt,log15_lanes32,tiled_half,15,2,2939833.000,50331648,1,1520,1
opt_ntt,log15_lanes32,depth_first,15,2,2716333.500,50331648,1,1520,1
opt_ntt,log15_lanes32,tiled_half,16,2,2854270.500,50331648,1,1520,1
opt_ntt,log15_lanes32,half_depth,16,2,2634916.500,50331648,1,1520,1
opt_ntt,log15_lanes32,depth_first,16,2,2660041.500,50331648,1,1520,1
opt_ntt,log15_lanes32,production,16,2,3504166.500,50331648,1,1520,1
opt_ntt,log15_lanes32,depth_first,17,2,3508437.500,50331648,1,1520,1
opt_ntt,log15_lanes32,tiled_half,17,2,3108916.500,50331648,1,1520,1
opt_ntt,log15_lanes32,production,17,2,3187229.000,50331648,1,1520,1
opt_ntt,log15_lanes32,half_depth,17,2,2632104.500,50331648,1,1520,1
opt_ntt,log15_lanes32,half_depth,18,2,2293542.000,50331648,1,1520,1
opt_ntt,log15_lanes32,depth_first,18,2,2572229.000,50331648,1,1520,1
opt_ntt,log15_lanes32,tiled_half,18,2,2779062.500,50331648,1,1520,1
opt_ntt,log15_lanes32,production,18,2,2534958.000,50331648,1,1520,1
opt_ntt,log15_lanes32,tiled_half,19,2,2717875.000,50331648,1,1520,1
opt_ntt,log15_lanes32,production,19,2,3009437.500,50331648,1,1520,1
opt_ntt,log15_lanes32,half_depth,19,2,2461687.500,50331648,1,1520,1
opt_ntt,log15_lanes32,depth_first,19,2,3367458.000,50331648,1,1520,1
opt_ntt,log15_lanes32,half_depth,20,2,2819958.000,50331648,1,1520,1
opt_ntt,log15_lanes32,depth_first,20,2,3250521.000,50331648,1,1520,1
opt_ntt,log15_lanes32,production,20,2,3372875.000,50331648,1,1520,1
opt_ntt,log15_lanes32,tiled_half,20,2,2644937.500,50331648,1,1520,1
opt_ntt,log15_lanes32,depth_first,21,2,2786500.000,50331648,1,1520,1
opt_ntt,log15_lanes32,tiled_half,21,2,3065771.000,50331648,1,1520,1
opt_ntt,log15_lanes32,production,21,2,2882000.000,50331648,1,1520,1
opt_ntt,log15_lanes32,half_depth,21,2,3171854.000,50331648,1,1520,1
opt_ntt,log15_lanes32,depth_first,22,2,2699312.500,50331648,1,1520,1
opt_ntt,log15_lanes32,half_depth,22,2,2864292.000,50331648,1,1520,1
opt_ntt,log15_lanes32,tiled_half,22,2,3720479.000,50331648,1,1520,1
opt_ntt,log15_lanes32,production,22,2,3349021.000,50331648,1,1520,1
opt_ntt,log15_lanes32,depth_first,23,2,3281958.500,50331648,1,1520,1
opt_ntt,log15_lanes32,tiled_half,23,2,3114125.000,50331648,1,1520,1
opt_ntt,log15_lanes32,half_depth,23,2,2672791.500,50331648,1,1520,1
opt_ntt,log15_lanes32,production,23,2,2660458.500,50331648,1,1520,1
opt_ntt,log15_lanes32,half_depth,24,2,2490854.000,50331648,1,1520,1
opt_ntt,log15_lanes32,tiled_half,24,2,3027791.500,50331648,1,1520,1
opt_ntt,log15_lanes32,production,24,2,2782458.000,50331648,1,1520,1
opt_ntt,log15_lanes32,depth_first,24,2,2995770.500,50331648,1,1520,1
opt_ntt,log15_lanes32,depth_first,25,2,2479083.000,50331648,1,1520,1
opt_ntt,log15_lanes32,half_depth,25,2,2579833.500,50331648,1,1520,1
opt_ntt,log15_lanes32,tiled_half,25,2,2717604.000,50331648,1,1520,1
opt_ntt,log15_lanes32,production,25,2,2703312.500,50331648,1,1520,1
opt_ntt,log15_lanes32,tiled_half,26,2,2807729.500,50331648,1,1520,1
opt_ntt,log15_lanes32,half_depth,26,2,2682687.500,50331648,1,1520,1
opt_ntt,log15_lanes32,production,26,2,2669291.500,50331648,1,1520,1
opt_ntt,log15_lanes32,depth_first,26,2,2962145.500,50331648,1,1520,1
opt_ntt,log15_lanes32,production,27,2,3032854.000,50331648,1,1520,1
opt_ntt,log15_lanes32,tiled_half,27,2,2641271.000,50331648,1,1520,1
opt_ntt,log15_lanes32,depth_first,27,2,2614541.500,50331648,1,1520,1
opt_ntt,log15_lanes32,half_depth,27,2,3029625.000,50331648,1,1520,1
opt_ntt,log15_lanes32,tiled_half,28,2,2614625.000,50331648,1,1520,1
opt_ntt,log15_lanes32,production,28,2,2764000.000,50331648,1,1520,1
opt_ntt,log15_lanes32,half_depth,28,2,2704083.500,50331648,1,1520,1
opt_ntt,log15_lanes32,depth_first,28,2,2546583.000,50331648,1,1520,1
opt_ntt,log15_lanes32,tiled_half,29,2,3301562.500,50331648,1,1520,1
opt_ntt,log15_lanes32,production,29,2,3507875.000,50331648,1,1520,1
opt_ntt,log15_lanes32,half_depth,29,2,3013812.500,50331648,1,1520,1
opt_ntt,log15_lanes32,depth_first,29,2,2931958.000,50331648,1,1520,1
opt_ntt,log15_lanes32,half_depth,30,2,2385667.000,50331648,1,1520,1
opt_ntt,log15_lanes32,production,30,2,2900375.000,50331648,1,1520,1
opt_ntt,log15_lanes32,tiled_half,30,2,3045583.500,50331648,1,1520,1
opt_ntt,log15_lanes32,depth_first,30,2,3081000.000,50331648,1,1520,1
opt_ntt,log15_lanes32,tiled_half,31,2,3192708.500,50331648,1,1520,1
opt_ntt,log15_lanes32,depth_first,31,2,2656354.000,50331648,1,1520,1
opt_ntt,log15_lanes32,production,31,2,2794000.000,50331648,1,1520,1
opt_ntt,log15_lanes32,half_depth,31,2,2673771.000,50331648,1,1520,1
opt_ntt,log16_lanes32,half_depth,0,1,5456500.000,100663296,1,1520,1
opt_ntt,log16_lanes32,tiled_half,0,1,6851875.000,100663296,1,1520,1
opt_ntt,log16_lanes32,production,0,1,15402208.000,100663296,1,1520,1
opt_ntt,log16_lanes32,depth_first,0,1,5694666.000,100663296,1,1520,1
opt_ntt,log16_lanes32,tiled_half,1,1,6569750.000,100663296,1,1520,1
opt_ntt,log16_lanes32,production,1,1,7356917.000,100663296,1,1520,1
opt_ntt,log16_lanes32,half_depth,1,1,5452625.000,100663296,1,1520,1
opt_ntt,log16_lanes32,depth_first,1,1,6566042.000,100663296,1,1520,1
opt_ntt,log16_lanes32,depth_first,2,1,5985625.000,100663296,1,1520,1
opt_ntt,log16_lanes32,production,2,1,5984541.000,100663296,1,1520,1
opt_ntt,log16_lanes32,half_depth,2,1,5607334.000,100663296,1,1520,1
opt_ntt,log16_lanes32,tiled_half,2,1,6284875.000,100663296,1,1520,1
opt_ntt,log16_lanes32,half_depth,3,1,5864125.000,100663296,1,1520,1
opt_ntt,log16_lanes32,production,3,1,6092166.000,100663296,1,1520,1
opt_ntt,log16_lanes32,depth_first,3,1,5894666.000,100663296,1,1520,1
opt_ntt,log16_lanes32,tiled_half,3,1,7066750.000,100663296,1,1520,1
opt_ntt,log16_lanes32,depth_first,4,1,5913583.000,100663296,1,1520,1
opt_ntt,log16_lanes32,production,4,1,6229917.000,100663296,1,1520,1
opt_ntt,log16_lanes32,tiled_half,4,1,6120833.000,100663296,1,1520,1
opt_ntt,log16_lanes32,half_depth,4,1,5616209.000,100663296,1,1520,1
opt_ntt,log16_lanes32,half_depth,5,1,6874667.000,100663296,1,1520,1
opt_ntt,log16_lanes32,depth_first,5,1,6512500.000,100663296,1,1520,1
opt_ntt,log16_lanes32,production,5,1,5086833.000,100663296,1,1520,1
opt_ntt,log16_lanes32,tiled_half,5,1,6230583.000,100663296,1,1520,1
opt_ntt,log16_lanes32,depth_first,6,1,5457833.000,100663296,1,1520,1
opt_ntt,log16_lanes32,tiled_half,6,1,6252750.000,100663296,1,1520,1
opt_ntt,log16_lanes32,half_depth,6,1,5112583.000,100663296,1,1520,1
opt_ntt,log16_lanes32,production,6,1,6717625.000,100663296,1,1520,1
opt_ntt,log16_lanes32,production,7,1,6221083.000,100663296,1,1520,1
opt_ntt,log16_lanes32,tiled_half,7,1,6690833.000,100663296,1,1520,1
opt_ntt,log16_lanes32,depth_first,7,1,6040375.000,100663296,1,1520,1
opt_ntt,log16_lanes32,half_depth,7,1,5545667.000,100663296,1,1520,1
opt_ntt,log16_lanes32,depth_first,8,1,6111042.000,100663296,1,1520,1
opt_ntt,log16_lanes32,production,8,1,5648125.000,100663296,1,1520,1
opt_ntt,log16_lanes32,tiled_half,8,1,6552375.000,100663296,1,1520,1
opt_ntt,log16_lanes32,half_depth,8,1,5825709.000,100663296,1,1520,1
opt_ntt,log16_lanes32,tiled_half,9,1,5766458.000,100663296,1,1520,1
opt_ntt,log16_lanes32,half_depth,9,1,5697375.000,100663296,1,1520,1
opt_ntt,log16_lanes32,production,9,1,7274875.000,100663296,1,1520,1
opt_ntt,log16_lanes32,depth_first,9,1,5697667.000,100663296,1,1520,1
opt_ntt,log16_lanes32,production,10,1,6330625.000,100663296,1,1520,1
opt_ntt,log16_lanes32,tiled_half,10,1,7196042.000,100663296,1,1520,1
opt_ntt,log16_lanes32,depth_first,10,1,7207708.000,100663296,1,1520,1
opt_ntt,log16_lanes32,half_depth,10,1,6027000.000,100663296,1,1520,1
opt_ntt,log16_lanes32,production,11,1,5631583.000,100663296,1,1520,1
opt_ntt,log16_lanes32,tiled_half,11,1,5985583.000,100663296,1,1520,1
opt_ntt,log16_lanes32,depth_first,11,1,6303458.000,100663296,1,1520,1
opt_ntt,log16_lanes32,half_depth,11,1,11538416.000,100663296,1,1520,1
opt_ntt,log16_lanes32,production,12,1,5835375.000,100663296,1,1520,1
opt_ntt,log16_lanes32,tiled_half,12,1,6550084.000,100663296,1,1520,1
opt_ntt,log16_lanes32,depth_first,12,1,5589750.000,100663296,1,1520,1
opt_ntt,log16_lanes32,half_depth,12,1,6509291.000,100663296,1,1520,1
opt_ntt,log16_lanes32,tiled_half,13,1,6417916.000,100663296,1,1520,1
opt_ntt,log16_lanes32,depth_first,13,1,6254834.000,100663296,1,1520,1
opt_ntt,log16_lanes32,production,13,1,6115375.000,100663296,1,1520,1
opt_ntt,log16_lanes32,half_depth,13,1,5629000.000,100663296,1,1520,1
opt_ntt,log16_lanes32,production,14,1,6250417.000,100663296,1,1520,1
opt_ntt,log16_lanes32,half_depth,14,1,5674625.000,100663296,1,1520,1
opt_ntt,log16_lanes32,tiled_half,14,1,6063042.000,100663296,1,1520,1
opt_ntt,log16_lanes32,depth_first,14,1,5951292.000,100663296,1,1520,1
opt_ntt,log16_lanes32,depth_first,15,1,7124250.000,100663296,1,1520,1
opt_ntt,log16_lanes32,tiled_half,15,1,6559917.000,100663296,1,1520,1
opt_ntt,log16_lanes32,production,15,1,5905625.000,100663296,1,1520,1
opt_ntt,log16_lanes32,half_depth,15,1,6498958.000,100663296,1,1520,1
opt_ntt,log16_lanes32,half_depth,16,1,5817375.000,100663296,1,1520,1
opt_ntt,log16_lanes32,production,16,1,6322291.000,100663296,1,1520,1
opt_ntt,log16_lanes32,depth_first,16,1,20939667.000,100663296,1,1520,1
opt_ntt,log16_lanes32,tiled_half,16,1,22867042.000,100663296,1,1520,1
opt_ntt,log16_lanes32,half_depth,17,1,13866458.000,100663296,1,1520,1
opt_ntt,log16_lanes32,production,17,1,6204917.000,100663296,1,1520,1
opt_ntt,log16_lanes32,tiled_half,17,1,6113750.000,100663296,1,1520,1
opt_ntt,log16_lanes32,depth_first,17,1,5793500.000,100663296,1,1520,1
opt_ntt,log16_lanes32,tiled_half,18,1,6326667.000,100663296,1,1520,1
opt_ntt,log16_lanes32,depth_first,18,1,5573166.000,100663296,1,1520,1
opt_ntt,log16_lanes32,production,18,1,6038666.000,100663296,1,1520,1
opt_ntt,log16_lanes32,half_depth,18,1,5609917.000,100663296,1,1520,1
opt_ntt,log16_lanes32,production,19,1,6635917.000,100663296,1,1520,1
opt_ntt,log16_lanes32,tiled_half,19,1,5903542.000,100663296,1,1520,1
opt_ntt,log16_lanes32,half_depth,19,1,5066458.000,100663296,1,1520,1
opt_ntt,log16_lanes32,depth_first,19,1,5263625.000,100663296,1,1520,1
opt_ntt,log16_lanes32,tiled_half,20,1,5640500.000,100663296,1,1520,1
opt_ntt,log16_lanes32,half_depth,20,1,5291791.000,100663296,1,1520,1
opt_ntt,log16_lanes32,depth_first,20,1,5255375.000,100663296,1,1520,1
opt_ntt,log16_lanes32,production,20,1,5292041.000,100663296,1,1520,1
opt_ntt,log16_lanes32,tiled_half,21,1,6005083.000,100663296,1,1520,1
opt_ntt,log16_lanes32,half_depth,21,1,5104542.000,100663296,1,1520,1
opt_ntt,log16_lanes32,production,21,1,5741500.000,100663296,1,1520,1
opt_ntt,log16_lanes32,depth_first,21,1,7487208.000,100663296,1,1520,1
opt_ntt,log16_lanes32,tiled_half,22,1,7440000.000,100663296,1,1520,1
opt_ntt,log16_lanes32,half_depth,22,1,5133250.000,100663296,1,1520,1
opt_ntt,log16_lanes32,depth_first,22,1,5508917.000,100663296,1,1520,1
opt_ntt,log16_lanes32,production,22,1,5987625.000,100663296,1,1520,1
opt_ntt,log16_lanes32,depth_first,23,1,5355916.000,100663296,1,1520,1
opt_ntt,log16_lanes32,tiled_half,23,1,7145792.000,100663296,1,1520,1
opt_ntt,log16_lanes32,half_depth,23,1,5030333.000,100663296,1,1520,1
opt_ntt,log16_lanes32,production,23,1,5253667.000,100663296,1,1520,1
opt_ntt,log16_lanes32,tiled_half,24,1,5325333.000,100663296,1,1520,1
opt_ntt,log16_lanes32,half_depth,24,1,4975583.000,100663296,1,1520,1
opt_ntt,log16_lanes32,production,24,1,5621708.000,100663296,1,1520,1
opt_ntt,log16_lanes32,depth_first,24,1,5449208.000,100663296,1,1520,1
opt_ntt,log16_lanes32,tiled_half,25,1,5891208.000,100663296,1,1520,1
opt_ntt,log16_lanes32,half_depth,25,1,4999041.000,100663296,1,1520,1
opt_ntt,log16_lanes32,production,25,1,5788000.000,100663296,1,1520,1
opt_ntt,log16_lanes32,depth_first,25,1,5834583.000,100663296,1,1520,1
opt_ntt,log16_lanes32,depth_first,26,1,5528375.000,100663296,1,1520,1
opt_ntt,log16_lanes32,tiled_half,26,1,6675458.000,100663296,1,1520,1
opt_ntt,log16_lanes32,production,26,1,5258875.000,100663296,1,1520,1
opt_ntt,log16_lanes32,half_depth,26,1,4937833.000,100663296,1,1520,1
opt_ntt,log16_lanes32,tiled_half,27,1,5957541.000,100663296,1,1520,1
opt_ntt,log16_lanes32,production,27,1,4887250.000,100663296,1,1520,1
opt_ntt,log16_lanes32,depth_first,27,1,5211458.000,100663296,1,1520,1
opt_ntt,log16_lanes32,half_depth,27,1,5675209.000,100663296,1,1520,1
opt_ntt,log16_lanes32,depth_first,28,1,4996584.000,100663296,1,1520,1
opt_ntt,log16_lanes32,production,28,1,5666041.000,100663296,1,1520,1
opt_ntt,log16_lanes32,half_depth,28,1,5334250.000,100663296,1,1520,1
opt_ntt,log16_lanes32,tiled_half,28,1,5227375.000,100663296,1,1520,1
opt_ntt,log16_lanes32,tiled_half,29,1,5447708.000,100663296,1,1520,1
opt_ntt,log16_lanes32,production,29,1,5305375.000,100663296,1,1520,1
opt_ntt,log16_lanes32,depth_first,29,1,5616666.000,100663296,1,1520,1
opt_ntt,log16_lanes32,half_depth,29,1,5451292.000,100663296,1,1520,1
opt_ntt,log16_lanes32,tiled_half,30,1,6586083.000,100663296,1,1520,1
opt_ntt,log16_lanes32,half_depth,30,1,6543958.000,100663296,1,1520,1
opt_ntt,log16_lanes32,production,30,1,6556208.000,100663296,1,1520,1
opt_ntt,log16_lanes32,depth_first,30,1,6901167.000,100663296,1,1520,1
opt_ntt,log16_lanes32,tiled_half,31,1,8331917.000,100663296,1,1520,1
opt_ntt,log16_lanes32,production,31,1,5238500.000,100663296,1,1520,1
opt_ntt,log16_lanes32,half_depth,31,1,5076125.000,100663296,1,1520,1
opt_ntt,log16_lanes32,depth_first,31,1,5457792.000,100663296,1,1520,1
opt_ntt,log18_lanes32,tiled_half,0,1,20685625.000,402653184,1,1520,1
opt_ntt,log18_lanes32,depth_first,0,1,22404583.000,402653184,1,1520,1
opt_ntt,log18_lanes32,half_depth,0,1,29721875.000,402653184,1,1520,1
opt_ntt,log18_lanes32,production,0,1,29107291.000,402653184,1,1520,1
opt_ntt,log18_lanes32,half_depth,1,1,21096875.000,402653184,1,1520,1
opt_ntt,log18_lanes32,production,1,1,22031958.000,402653184,1,1520,1
opt_ntt,log18_lanes32,depth_first,1,1,23706000.000,402653184,1,1520,1
opt_ntt,log18_lanes32,tiled_half,1,1,22947583.000,402653184,1,1520,1
opt_ntt,log18_lanes32,half_depth,2,1,20635209.000,402653184,1,1520,1
opt_ntt,log18_lanes32,production,2,1,24332041.000,402653184,1,1520,1
opt_ntt,log18_lanes32,tiled_half,2,1,23461583.000,402653184,1,1520,1
opt_ntt,log18_lanes32,depth_first,2,1,20957708.000,402653184,1,1520,1
opt_ntt,log18_lanes32,production,3,1,21106333.000,402653184,1,1520,1
opt_ntt,log18_lanes32,half_depth,3,1,20790666.000,402653184,1,1520,1
opt_ntt,log18_lanes32,depth_first,3,1,20503875.000,402653184,1,1520,1
opt_ntt,log18_lanes32,tiled_half,3,1,20611167.000,402653184,1,1520,1
opt_ntt,log18_lanes32,tiled_half,4,1,21419292.000,402653184,1,1520,1
opt_ntt,log18_lanes32,half_depth,4,1,19955167.000,402653184,1,1520,1
opt_ntt,log18_lanes32,production,4,1,22393250.000,402653184,1,1520,1
opt_ntt,log18_lanes32,depth_first,4,1,22366000.000,402653184,1,1520,1
opt_ntt,log18_lanes32,tiled_half,5,1,22371125.000,402653184,1,1520,1
opt_ntt,log18_lanes32,depth_first,5,1,23502750.000,402653184,1,1520,1
opt_ntt,log18_lanes32,production,5,1,26042917.000,402653184,1,1520,1
opt_ntt,log18_lanes32,half_depth,5,1,21366917.000,402653184,1,1520,1
opt_ntt,log18_lanes32,production,6,1,20868833.000,402653184,1,1520,1
opt_ntt,log18_lanes32,tiled_half,6,1,20882500.000,402653184,1,1520,1
opt_ntt,log18_lanes32,half_depth,6,1,19637209.000,402653184,1,1520,1
opt_ntt,log18_lanes32,depth_first,6,1,22297417.000,402653184,1,1520,1
opt_ntt,log18_lanes32,tiled_half,7,1,21386959.000,402653184,1,1520,1
opt_ntt,log18_lanes32,half_depth,7,1,20042625.000,402653184,1,1520,1
opt_ntt,log18_lanes32,depth_first,7,1,21367917.000,402653184,1,1520,1
opt_ntt,log18_lanes32,production,7,1,21862750.000,402653184,1,1520,1
opt_ntt,log18_lanes32,half_depth,8,1,19910875.000,402653184,1,1520,1
opt_ntt,log18_lanes32,depth_first,8,1,21107334.000,402653184,1,1520,1
opt_ntt,log18_lanes32,tiled_half,8,1,20389000.000,402653184,1,1520,1
opt_ntt,log18_lanes32,production,8,1,20855208.000,402653184,1,1520,1
opt_ntt,log18_lanes32,tiled_half,9,1,20231791.000,402653184,1,1520,1
opt_ntt,log18_lanes32,depth_first,9,1,22041833.000,402653184,1,1520,1
opt_ntt,log18_lanes32,half_depth,9,1,23967167.000,402653184,1,1520,1
opt_ntt,log18_lanes32,production,9,1,27029834.000,402653184,1,1520,1
opt_ntt,log18_lanes32,production,10,1,23378791.000,402653184,1,1520,1
opt_ntt,log18_lanes32,half_depth,10,1,22793833.000,402653184,1,1520,1
opt_ntt,log18_lanes32,depth_first,10,1,23171416.000,402653184,1,1520,1
opt_ntt,log18_lanes32,tiled_half,10,1,23428333.000,402653184,1,1520,1
opt_ntt,log18_lanes32,production,11,1,20345083.000,402653184,1,1520,1
opt_ntt,log18_lanes32,half_depth,11,1,19639583.000,402653184,1,1520,1
opt_ntt,log18_lanes32,depth_first,11,1,22047166.000,402653184,1,1520,1
opt_ntt,log18_lanes32,tiled_half,11,1,21656625.000,402653184,1,1520,1
opt_ntt,log18_lanes32,half_depth,12,1,20923291.000,402653184,1,1520,1
opt_ntt,log18_lanes32,tiled_half,12,1,20798625.000,402653184,1,1520,1
opt_ntt,log18_lanes32,production,12,1,22584417.000,402653184,1,1520,1
opt_ntt,log18_lanes32,depth_first,12,1,20405833.000,402653184,1,1520,1
opt_ntt,log18_lanes32,production,13,1,20270250.000,402653184,1,1520,1
opt_ntt,log18_lanes32,depth_first,13,1,20570792.000,402653184,1,1520,1
opt_ntt,log18_lanes32,half_depth,13,1,20303209.000,402653184,1,1520,1
opt_ntt,log18_lanes32,tiled_half,13,1,20604334.000,402653184,1,1520,1
opt_ntt,log18_lanes32,production,14,1,21707667.000,402653184,1,1520,1
opt_ntt,log18_lanes32,half_depth,14,1,20099958.000,402653184,1,1520,1
opt_ntt,log18_lanes32,tiled_half,14,1,22005500.000,402653184,1,1520,1
opt_ntt,log18_lanes32,depth_first,14,1,20298042.000,402653184,1,1520,1
opt_ntt,log18_lanes32,tiled_half,15,1,20740833.000,402653184,1,1520,1
opt_ntt,log18_lanes32,half_depth,15,1,21957292.000,402653184,1,1520,1
opt_ntt,log18_lanes32,depth_first,15,1,31740459.000,402653184,1,1520,1
opt_ntt,log18_lanes32,production,15,1,21541250.000,402653184,1,1520,1
opt_ntt,log18_lanes32,half_depth,16,1,20476583.000,402653184,1,1520,1
opt_ntt,log18_lanes32,production,16,1,20597250.000,402653184,1,1520,1
opt_ntt,log18_lanes32,tiled_half,16,1,20306416.000,402653184,1,1520,1
opt_ntt,log18_lanes32,depth_first,16,1,20489958.000,402653184,1,1520,1
opt_ntt,log18_lanes32,depth_first,17,1,21631125.000,402653184,1,1520,1
opt_ntt,log18_lanes32,production,17,1,19786792.000,402653184,1,1520,1
opt_ntt,log18_lanes32,tiled_half,17,1,20892292.000,402653184,1,1520,1
opt_ntt,log18_lanes32,half_depth,17,1,20566250.000,402653184,1,1520,1
opt_ntt,log18_lanes32,production,18,1,19710000.000,402653184,1,1520,1
opt_ntt,log18_lanes32,tiled_half,18,1,20084750.000,402653184,1,1520,1
opt_ntt,log18_lanes32,depth_first,18,1,21307875.000,402653184,1,1520,1
opt_ntt,log18_lanes32,half_depth,18,1,19908708.000,402653184,1,1520,1
opt_ntt,log18_lanes32,depth_first,19,1,20832791.000,402653184,1,1520,1
opt_ntt,log18_lanes32,half_depth,19,1,19260792.000,402653184,1,1520,1
opt_ntt,log18_lanes32,tiled_half,19,1,21856667.000,402653184,1,1520,1
opt_ntt,log18_lanes32,production,19,1,20053875.000,402653184,1,1520,1
opt_ntt,log18_lanes32,production,20,1,21523291.000,402653184,1,1520,1
opt_ntt,log18_lanes32,depth_first,20,1,20897292.000,402653184,1,1520,1
opt_ntt,log18_lanes32,half_depth,20,1,20956000.000,402653184,1,1520,1
opt_ntt,log18_lanes32,tiled_half,20,1,23680542.000,402653184,1,1520,1
opt_ntt,log18_lanes32,half_depth,21,1,19266292.000,402653184,1,1520,1
opt_ntt,log18_lanes32,production,21,1,21037083.000,402653184,1,1520,1
opt_ntt,log18_lanes32,tiled_half,21,1,20929708.000,402653184,1,1520,1
opt_ntt,log18_lanes32,depth_first,21,1,21602417.000,402653184,1,1520,1
opt_ntt,log18_lanes32,depth_first,22,1,21688042.000,402653184,1,1520,1
opt_ntt,log18_lanes32,tiled_half,22,1,21458208.000,402653184,1,1520,1
opt_ntt,log18_lanes32,half_depth,22,1,21858250.000,402653184,1,1520,1
opt_ntt,log18_lanes32,production,22,1,26591125.000,402653184,1,1520,1
opt_ntt,log18_lanes32,tiled_half,23,1,23855500.000,402653184,1,1520,1
opt_ntt,log18_lanes32,production,23,1,22010542.000,402653184,1,1520,1
opt_ntt,log18_lanes32,half_depth,23,1,20051333.000,402653184,1,1520,1
opt_ntt,log18_lanes32,depth_first,23,1,22092459.000,402653184,1,1520,1
opt_ntt,log18_lanes32,production,24,1,21715792.000,402653184,1,1520,1
opt_ntt,log18_lanes32,half_depth,24,1,21193041.000,402653184,1,1520,1
opt_ntt,log18_lanes32,depth_first,24,1,21137875.000,402653184,1,1520,1
opt_ntt,log18_lanes32,tiled_half,24,1,22607250.000,402653184,1,1520,1
opt_ntt,log18_lanes32,production,25,1,20490750.000,402653184,1,1520,1
opt_ntt,log18_lanes32,half_depth,25,1,19906959.000,402653184,1,1520,1
opt_ntt,log18_lanes32,depth_first,25,1,21203625.000,402653184,1,1520,1
opt_ntt,log18_lanes32,tiled_half,25,1,21499791.000,402653184,1,1520,1
opt_ntt,log18_lanes32,half_depth,26,1,19202709.000,402653184,1,1520,1
opt_ntt,log18_lanes32,depth_first,26,1,20455208.000,402653184,1,1520,1
opt_ntt,log18_lanes32,production,26,1,22037125.000,402653184,1,1520,1
opt_ntt,log18_lanes32,tiled_half,26,1,21310625.000,402653184,1,1520,1
opt_ntt,log18_lanes32,tiled_half,27,1,20892625.000,402653184,1,1520,1
opt_ntt,log18_lanes32,production,27,1,25890208.000,402653184,1,1520,1
opt_ntt,log18_lanes32,half_depth,27,1,21227500.000,402653184,1,1520,1
opt_ntt,log18_lanes32,depth_first,27,1,20583458.000,402653184,1,1520,1
opt_ntt,log18_lanes32,tiled_half,28,1,23071916.000,402653184,1,1520,1
opt_ntt,log18_lanes32,production,28,1,20901708.000,402653184,1,1520,1
opt_ntt,log18_lanes32,depth_first,28,1,21803958.000,402653184,1,1520,1
opt_ntt,log18_lanes32,half_depth,28,1,21840125.000,402653184,1,1520,1
opt_ntt,log18_lanes32,tiled_half,29,1,21233125.000,402653184,1,1520,1
opt_ntt,log18_lanes32,half_depth,29,1,21117833.000,402653184,1,1520,1
opt_ntt,log18_lanes32,production,29,1,20531542.000,402653184,1,1520,1
opt_ntt,log18_lanes32,depth_first,29,1,25165833.000,402653184,1,1520,1
opt_ntt,log18_lanes32,tiled_half,30,1,29418500.000,402653184,1,1520,1
opt_ntt,log18_lanes32,half_depth,30,1,36130958.000,402653184,1,1520,1
opt_ntt,log18_lanes32,depth_first,30,1,34854000.000,402653184,1,1520,1
opt_ntt,log18_lanes32,production,30,1,24396041.000,402653184,1,1520,1
opt_ntt,log18_lanes32,depth_first,31,1,22831916.000,402653184,1,1520,1
opt_ntt,log18_lanes32,half_depth,31,1,22371292.000,402653184,1,1520,1
opt_ntt,log18_lanes32,production,31,1,23019959.000,402653184,1,1520,1
opt_ntt,log18_lanes32,tiled_half,31,1,20596709.000,402653184,1,1520,1
opt_pack,logs9_9,production,0,128,38185.875,16384,2,17904,1
opt_pack,logs9_9,single_write,0,128,735.023,16384,1,16384,1
opt_pack,logs9_9,tiled_write,0,128,618.492,16384,1,16384,1
opt_pack,logs9_9,single_write,1,128,889.328,16384,1,16384,1
opt_pack,logs9_9,tiled_write,1,128,589.844,16384,1,16384,1
opt_pack,logs9_9,production,1,128,35978.516,16384,2,17904,1
opt_pack,logs9_9,single_write,2,128,720.055,16384,1,16384,1
opt_pack,logs9_9,production,2,128,35633.789,16384,2,17904,1
opt_pack,logs9_9,tiled_write,2,128,625.648,16384,1,16384,1
opt_pack,logs9_9,single_write,3,128,701.500,16384,1,16384,1
opt_pack,logs9_9,production,3,128,33785.805,16384,2,17904,1
opt_pack,logs9_9,tiled_write,3,128,616.539,16384,1,16384,1
opt_pack,logs9_9,single_write,4,128,703.125,16384,1,16384,1
opt_pack,logs9_9,tiled_write,4,128,602.539,16384,1,16384,1
opt_pack,logs9_9,production,4,128,36377.281,16384,2,17904,1
opt_pack,logs9_9,tiled_write,5,128,637.367,16384,1,16384,1
opt_pack,logs9_9,single_write,5,128,706.055,16384,1,16384,1
opt_pack,logs9_9,production,5,128,19659.508,16384,2,17904,1
opt_pack,logs9_9,production,6,128,22987.305,16384,2,17904,1
opt_pack,logs9_9,tiled_write,6,128,698.891,16384,1,16384,1
opt_pack,logs9_9,single_write,6,128,732.750,16384,1,16384,1
opt_pack,logs9_9,single_write,7,128,730.141,16384,1,16384,1
opt_pack,logs9_9,tiled_write,7,128,588.539,16384,1,16384,1
opt_pack,logs9_9,production,7,128,21733.719,16384,2,17904,1
opt_pack,logs9_9,production,8,128,23883.461,16384,2,17904,1
opt_pack,logs9_9,single_write,8,128,750.648,16384,1,16384,1
opt_pack,logs9_9,tiled_write,8,128,615.883,16384,1,16384,1
opt_pack,logs9_9,tiled_write,9,128,602.211,16384,1,16384,1
opt_pack,logs9_9,production,9,128,33766.602,16384,2,17904,1
opt_pack,logs9_9,single_write,9,128,714.195,16384,1,16384,1
opt_pack,logs9_9,tiled_write,10,128,604.172,16384,1,16384,1
opt_pack,logs9_9,production,10,128,21899.086,16384,2,17904,1
opt_pack,logs9_9,single_write,10,128,715.172,16384,1,16384,1
opt_pack,logs9_9,single_write,11,128,701.828,16384,1,16384,1
opt_pack,logs9_9,tiled_write,11,128,602.859,16384,1,16384,1
opt_pack,logs9_9,production,11,128,37403.320,16384,2,17904,1
opt_pack,logs9_9,tiled_write,12,128,647.141,16384,1,16384,1
opt_pack,logs9_9,single_write,12,128,698.242,16384,1,16384,1
opt_pack,logs9_9,production,12,128,31794.273,16384,2,17904,1
opt_pack,logs9_9,tiled_write,13,128,616.859,16384,1,16384,1
opt_pack,logs9_9,single_write,13,128,695.961,16384,1,16384,1
opt_pack,logs9_9,production,13,128,30538.086,16384,2,17904,1
opt_pack,logs9_9,tiled_write,14,128,617.188,16384,1,16384,1
opt_pack,logs9_9,single_write,14,128,729.492,16384,1,16384,1
opt_pack,logs9_9,production,14,128,33207.688,16384,2,17904,1
opt_pack,logs9_9,single_write,15,128,748.695,16384,1,16384,1
opt_pack,logs9_9,production,15,128,32073.570,16384,2,17904,1
opt_pack,logs9_9,tiled_write,15,128,629.562,16384,1,16384,1
opt_pack,logs9_9,tiled_write,16,128,592.773,16384,1,16384,1
opt_pack,logs9_9,single_write,16,128,739.586,16384,1,16384,1
opt_pack,logs9_9,production,16,128,31827.477,16384,2,17904,1
opt_pack,logs9_9,production,17,128,32584.961,16384,2,17904,1
opt_pack,logs9_9,tiled_write,17,128,638.016,16384,1,16384,1
opt_pack,logs9_9,single_write,17,128,738.281,16384,1,16384,1
opt_pack,logs9_9,single_write,18,128,696.289,16384,1,16384,1
opt_pack,logs9_9,tiled_write,18,128,590.172,16384,1,16384,1
opt_pack,logs9_9,production,18,128,38343.750,16384,2,17904,1
opt_pack,logs9_9,single_write,19,128,725.266,16384,1,16384,1
opt_pack,logs9_9,tiled_write,19,128,600.914,16384,1,16384,1
opt_pack,logs9_9,production,19,128,34590.492,16384,2,17904,1
opt_pack,logs9_9,single_write,20,128,730.469,16384,1,16384,1
opt_pack,logs9_9,production,20,128,29108.070,16384,2,17904,1
opt_pack,logs9_9,tiled_write,20,128,623.047,16384,1,16384,1
opt_pack,logs9_9,production,21,128,40807.617,16384,2,17904,1
opt_pack,logs9_9,single_write,21,128,736.984,16384,1,16384,1
opt_pack,logs9_9,tiled_write,21,128,624.023,16384,1,16384,1
opt_pack,logs9_9,tiled_write,22,128,754.227,16384,1,16384,1
opt_pack,logs9_9,production,22,128,32273.766,16384,2,17904,1
opt_pack,logs9_9,single_write,22,128,733.070,16384,1,16384,1
opt_pack,logs9_9,tiled_write,23,128,607.094,16384,1,16384,1
opt_pack,logs9_9,production,23,128,30808.922,16384,2,17904,1
opt_pack,logs9_9,single_write,23,128,862.953,16384,1,16384,1
opt_pack,logs9_9,tiled_write,24,128,610.352,16384,1,16384,1
opt_pack,logs9_9,single_write,24,128,694.992,16384,1,16384,1
opt_pack,logs9_9,production,24,128,37862.305,16384,2,17904,1
opt_pack,logs9_9,production,25,128,39915.688,16384,2,17904,1
opt_pack,logs9_9,tiled_write,25,128,642.258,16384,1,16384,1
opt_pack,logs9_9,single_write,25,128,698.891,16384,1,16384,1
opt_pack,logs9_9,production,26,128,28833.984,16384,2,17904,1
opt_pack,logs9_9,single_write,26,128,747.070,16384,1,16384,1
opt_pack,logs9_9,tiled_write,26,128,623.367,16384,1,16384,1
opt_pack,logs9_9,single_write,27,128,702.148,16384,1,16384,1
opt_pack,logs9_9,tiled_write,27,128,609.055,16384,1,16384,1
opt_pack,logs9_9,production,27,128,31756.836,16384,2,17904,1
opt_pack,logs9_9,production,28,128,34363.602,16384,2,17904,1
opt_pack,logs9_9,tiled_write,28,128,615.234,16384,1,16384,1
opt_pack,logs9_9,single_write,28,128,701.828,16384,1,16384,1
opt_pack,logs9_9,production,29,128,36125.328,16384,2,17904,1
opt_pack,logs9_9,tiled_write,29,128,643.555,16384,1,16384,1
opt_pack,logs9_9,single_write,29,128,924.805,16384,1,16384,1
opt_pack,logs9_9,single_write,30,128,708.008,16384,1,16384,1
opt_pack,logs9_9,tiled_write,30,128,604.820,16384,1,16384,1
opt_pack,logs9_9,production,30,128,30272.461,16384,2,17904,1
opt_pack,logs9_9,single_write,31,128,708.656,16384,1,16384,1
opt_pack,logs9_9,production,31,128,36229.820,16384,2,17904,1
opt_pack,logs9_9,tiled_write,31,128,648.438,16384,1,16384,1
opt_packed_ood,logs9_9,single_write_ood,0,64,2938.812,32768,3,32784,1
opt_packed_ood,logs9_9,production,0,64,57967.438,32768,15,50736,1
opt_packed_ood,logs9_9,tiled_indexed_ood,0,64,2935.547,32768,3,32784,1
opt_packed_ood,logs9_9,single_write_ood,1,64,2960.938,32768,3,32784,1
opt_packed_ood,logs9_9,tiled_indexed_ood,1,64,2841.156,32768,3,32784,1
opt_packed_ood,logs9_9,production,1,64,60078.781,32768,15,50736,1
opt_packed_ood,logs9_9,tiled_indexed_ood,2,64,2961.594,32768,3,32784,1
opt_packed_ood,logs9_9,production,2,64,49759.109,32768,15,50736,1
opt_packed_ood,logs9_9,single_write_ood,2,64,3158.859,32768,3,32784,1
opt_packed_ood,logs9_9,single_write_ood,3,64,2960.938,32768,3,32784,1
opt_packed_ood,logs9_9,production,3,64,50589.188,32768,15,50736,1
opt_packed_ood,logs9_9,tiled_indexed_ood,3,64,3078.781,32768,3,32784,1
opt_packed_ood,logs9_9,production,4,64,55843.094,32768,15,50736,1
opt_packed_ood,logs9_9,single_write_ood,4,64,3067.703,32768,3,32784,1
opt_packed_ood,logs9_9,tiled_indexed_ood,4,64,2867.188,32768,3,32784,1
opt_packed_ood,logs9_9,production,5,64,60391.938,32768,15,50736,1
opt_packed_ood,logs9_9,single_write_ood,5,64,3132.172,32768,3,32784,1
opt_packed_ood,logs9_9,tiled_indexed_ood,5,64,3742.828,32768,3,32784,1
opt_packed_ood,logs9_9,tiled_indexed_ood,6,64,2832.031,32768,3,32784,1
opt_packed_ood,logs9_9,single_write_ood,6,64,3327.469,32768,3,32784,1
opt_packed_ood,logs9_9,production,6,64,56977.203,32768,15,50736,1
opt_packed_ood,logs9_9,single_write_ood,7,64,2997.391,32768,3,32784,1
opt_packed_ood,logs9_9,production,7,64,52276.688,32768,15,50736,1
opt_packed_ood,logs9_9,tiled_indexed_ood,7,64,3070.969,32768,3,32784,1
opt_packed_ood,logs9_9,tiled_indexed_ood,8,64,2862.641,32768,3,32784,1
opt_packed_ood,logs9_9,single_write_ood,8,64,3021.484,32768,3,32784,1
opt_packed_ood,logs9_9,production,8,64,55390.625,32768,15,50736,1
opt_packed_ood,logs9_9,tiled_indexed_ood,9,64,3378.906,32768,3,32784,1
opt_packed_ood,logs9_9,production,9,64,70322.266,32768,15,50736,1
opt_packed_ood,logs9_9,single_write_ood,9,64,3009.109,32768,3,32784,1
opt_packed_ood,logs9_9,production,10,64,51917.312,32768,15,50736,1
opt_packed_ood,logs9_9,single_write_ood,10,64,3106.109,32768,3,32784,1
opt_packed_ood,logs9_9,tiled_indexed_ood,10,64,2996.094,32768,3,32784,1
opt_packed_ood,logs9_9,single_write_ood,11,64,2940.109,32768,3,32784,1
opt_packed_ood,logs9_9,production,11,64,62208.328,32768,15,50736,1
opt_packed_ood,logs9_9,tiled_indexed_ood,11,64,3707.688,32768,3,32784,1
opt_packed_ood,logs9_9,tiled_indexed_ood,12,64,2855.469,32768,3,32784,1
opt_packed_ood,logs9_9,production,12,64,60095.703,32768,15,50736,1
opt_packed_ood,logs9_9,single_write_ood,12,64,3032.562,32768,3,32784,1
opt_packed_ood,logs9_9,tiled_indexed_ood,13,64,2861.328,32768,3,32784,1
opt_packed_ood,logs9_9,production,13,64,62021.484,32768,15,50736,1
opt_packed_ood,logs9_9,single_write_ood,13,64,3036.453,32768,3,32784,1
opt_packed_ood,logs9_9,production,14,64,65126.953,32768,15,50736,1
opt_packed_ood,logs9_9,single_write_ood,14,64,3032.562,32768,3,32784,1
opt_packed_ood,logs9_9,tiled_indexed_ood,14,64,3003.906,32768,3,32784,1
opt_packed_ood,logs9_9,tiled_indexed_ood,15,64,2894.531,32768,3,32784,1
opt_packed_ood,logs9_9,production,15,64,52807.938,32768,15,50736,1
opt_packed_ood,logs9_9,single_write_ood,15,64,3013.672,32768,3,32784,1
opt_packed_ood,logs9_9,tiled_indexed_ood,16,64,3068.359,32768,3,32784,1
opt_packed_ood,logs9_9,single_write_ood,16,64,3752.609,32768,3,32784,1
opt_packed_ood,logs9_9,production,16,64,50711.594,32768,15,50736,1
opt_packed_ood,logs9_9,tiled_indexed_ood,17,64,3244.797,32768,3,32784,1
opt_packed_ood,logs9_9,single_write_ood,17,64,3140.625,32768,3,32784,1
opt_packed_ood,logs9_9,production,17,64,59601.562,32768,15,50736,1
opt_packed_ood,logs9_9,production,18,64,64434.891,32768,15,50736,1
opt_packed_ood,logs9_9,tiled_indexed_ood,18,64,3033.203,32768,3,32784,1
opt_packed_ood,logs9_9,single_write_ood,18,64,3046.875,32768,3,32784,1
opt_packed_ood,logs9_9,tiled_indexed_ood,19,64,2832.672,32768,3,32784,1
opt_packed_ood,logs9_9,production,19,64,52384.125,32768,15,50736,1
opt_packed_ood,logs9_9,single_write_ood,19,64,3017.578,32768,3,32784,1
opt_packed_ood,logs9_9,tiled_indexed_ood,20,64,3059.234,32768,3,32784,1
opt_packed_ood,logs9_9,single_write_ood,20,64,3026.703,32768,3,32784,1
opt_packed_ood,logs9_9,production,20,64,65724.609,32768,15,50736,1
opt_packed_ood,logs9_9,tiled_indexed_ood,21,64,2947.906,32768,3,32784,1
opt_packed_ood,logs9_9,production,21,64,63750.656,32768,15,50736,1
opt_packed_ood,logs9_9,single_write_ood,21,64,2968.094,32768,3,32784,1
opt_packed_ood,logs9_9,production,22,64,96913.406,32768,15,50736,1
opt_packed_ood,logs9_9,single_write_ood,22,64,3070.312,32768,3,32784,1
opt_packed_ood,logs9_9,tiled_indexed_ood,22,64,3068.359,32768,3,32784,1
opt_packed_ood,logs9_9,single_write_ood,23,64,3239.578,32768,3,32784,1
opt_packed_ood,logs9_9,production,23,64,58369.781,32768,15,50736,1
opt_packed_ood,logs9_9,tiled_indexed_ood,23,64,3389.984,32768,3,32784,1
opt_packed_ood,logs9_9,single_write_ood,24,64,2954.422,32768,3,32784,1
opt_packed_ood,logs9_9,production,24,64,64166.016,32768,15,50736,1
opt_packed_ood,logs9_9,tiled_indexed_ood,24,64,3079.438,32768,3,32784,1
opt_packed_ood,logs9_9,single_write_ood,25,64,3050.141,32768,3,32784,1
opt_packed_ood,logs9_9,production,25,64,58847.656,32768,15,50736,1
opt_packed_ood,logs9_9,tiled_indexed_ood,25,64,2994.141,32768,3,32784,1
opt_packed_ood,logs9_9,production,26,64,60829.438,32768,15,50736,1
opt_packed_ood,logs9_9,single_write_ood,26,64,3041.016,32768,3,32784,1
opt_packed_ood,logs9_9,tiled_indexed_ood,26,64,3005.219,32768,3,32784,1
opt_packed_ood,logs9_9,tiled_indexed_ood,27,64,2865.875,32768,3,32784,1
opt_packed_ood,logs9_9,production,27,64,50923.828,32768,15,50736,1
opt_packed_ood,logs9_9,single_write_ood,27,64,3061.203,32768,3,32784,1
opt_packed_ood,logs9_9,tiled_indexed_ood,28,64,3199.859,32768,3,32784,1
opt_packed_ood,logs9_9,production,28,64,54854.156,32768,15,50736,1
opt_packed_ood,logs9_9,single_write_ood,28,64,3299.484,32768,3,32784,1
opt_packed_ood,logs9_9,tiled_indexed_ood,29,64,2945.312,32768,3,32784,1
opt_packed_ood,logs9_9,single_write_ood,29,64,3214.844,32768,3,32784,1
opt_packed_ood,logs9_9,production,29,64,55348.953,32768,15,50736,1
opt_packed_ood,logs9_9,tiled_indexed_ood,30,64,3201.812,32768,3,32784,1
opt_packed_ood,logs9_9,single_write_ood,30,64,3426.438,32768,3,32784,1
opt_packed_ood,logs9_9,production,30,64,56697.922,32768,15,50736,1
opt_packed_ood,logs9_9,single_write_ood,31,64,2982.422,32768,3,32784,1
opt_packed_ood,logs9_9,tiled_indexed_ood,31,64,2916.016,32768,3,32784,1
opt_packed_ood,logs9_9,production,31,64,55370.438,32768,15,50736,1
opt_pack,logs16_14,tiled_write,0,16,64614.562,2097152,2,2098672,1
opt_pack,logs16_14,single_write,0,16,95658.875,2097152,1,2097152,1
opt_pack,logs16_14,production,0,16,219903.625,2097152,2,2098672,1
opt_pack,logs16_14,single_write,1,16,96804.688,2097152,1,2097152,1
opt_pack,logs16_14,tiled_write,1,16,82710.938,2097152,2,2098672,1
opt_pack,logs16_14,production,1,16,245669.312,2097152,2,2098672,1
opt_pack,logs16_14,single_write,2,16,92486.938,2097152,1,2097152,1
opt_pack,logs16_14,production,2,16,195632.812,2097152,2,2098672,1
opt_pack,logs16_14,tiled_write,2,16,83539.062,2097152,2,2098672,1
opt_pack,logs16_14,production,3,16,180921.875,2097152,2,2098672,1
opt_pack,logs16_14,tiled_write,3,16,82164.062,2097152,2,2098672,1
opt_pack,logs16_14,single_write,3,16,96442.688,2097152,1,2097152,1
opt_pack,logs16_14,single_write,4,16,92041.625,2097152,1,2097152,1
opt_pack,logs16_14,tiled_write,4,16,96770.812,2097152,2,2098672,1
opt_pack,logs16_14,production,4,16,191393.250,2097152,2,2098672,1
opt_pack,logs16_14,tiled_write,5,16,81940.125,2097152,2,2098672,1
opt_pack,logs16_14,single_write,5,16,98651.062,2097152,1,2097152,1
opt_pack,logs16_14,production,5,16,181184.875,2097152,2,2098672,1
opt_pack,logs16_14,single_write,6,16,95304.688,2097152,1,2097152,1
opt_pack,logs16_14,production,6,16,189664.062,2097152,2,2098672,1
opt_pack,logs16_14,tiled_write,6,16,76848.938,2097152,2,2098672,1
opt_pack,logs16_14,tiled_write,7,16,82820.312,2097152,2,2098672,1
opt_pack,logs16_14,single_write,7,16,92057.250,2097152,1,2097152,1
opt_pack,logs16_14,production,7,16,198903.625,2097152,2,2098672,1
opt_pack,logs16_14,single_write,8,16,98726.562,2097152,1,2097152,1
opt_pack,logs16_14,production,8,16,181414.062,2097152,2,2098672,1
opt_pack,logs16_14,tiled_write,8,16,86638.062,2097152,2,2098672,1
opt_pack,logs16_14,single_write,9,16,95263.000,2097152,1,2097152,1
opt_pack,logs16_14,production,9,16,196869.750,2097152,2,2098672,1
opt_pack,logs16_14,tiled_write,9,16,80955.750,2097152,2,2098672,1
opt_pack,logs16_14,tiled_write,10,16,81955.750,2097152,2,2098672,1
opt_pack,logs16_14,single_write,10,16,95682.250,2097152,1,2097152,1
opt_pack,logs16_14,production,10,16,190557.250,2097152,2,2098672,1
opt_pack,logs16_14,single_write,11,16,95596.312,2097152,1,2097152,1
opt_pack,logs16_14,tiled_write,11,16,82958.375,2097152,2,2098672,1
opt_pack,logs16_14,production,11,16,585028.688,2097152,2,2098672,1
opt_pack,logs16_14,single_write,12,16,93406.250,2097152,1,2097152,1
opt_pack,logs16_14,tiled_write,12,16,87690.125,2097152,2,2098672,1
opt_pack,logs16_14,production,12,16,197057.312,2097152,2,2098672,1
opt_pack,logs16_14,single_write,13,16,95231.812,2097152,1,2097152,1
opt_pack,logs16_14,production,13,16,170458.312,2097152,2,2098672,1
opt_pack,logs16_14,tiled_write,13,16,77114.562,2097152,2,2098672,1
opt_pack,logs16_14,tiled_write,14,16,91700.500,2097152,2,2098672,1
opt_pack,logs16_14,production,14,16,194088.562,2097152,2,2098672,1
opt_pack,logs16_14,single_write,14,16,94122.438,2097152,1,2097152,1
opt_pack,logs16_14,tiled_write,15,16,83322.938,2097152,2,2098672,1
opt_pack,logs16_14,single_write,15,16,93093.750,2097152,1,2097152,1
opt_pack,logs16_14,production,15,16,176640.625,2097152,2,2098672,1
opt_pack,logs16_14,tiled_write,16,16,83247.375,2097152,2,2098672,1
opt_pack,logs16_14,single_write,16,16,95755.188,2097152,1,2097152,1
opt_pack,logs16_14,production,16,16,175666.688,2097152,2,2098672,1
opt_pack,logs16_14,single_write,17,16,93960.938,2097152,1,2097152,1
opt_pack,logs16_14,tiled_write,17,16,85328.125,2097152,2,2098672,1
opt_pack,logs16_14,production,17,16,188250.000,2097152,2,2098672,1
opt_pack,logs16_14,single_write,18,16,97617.188,2097152,1,2097152,1
opt_pack,logs16_14,tiled_write,18,16,72674.500,2097152,2,2098672,1
opt_pack,logs16_14,production,18,16,181333.312,2097152,2,2098672,1
opt_pack,logs16_14,production,19,16,175541.688,2097152,2,2098672,1
opt_pack,logs16_14,single_write,19,16,98138.062,2097152,1,2097152,1
opt_pack,logs16_14,tiled_write,19,16,86208.375,2097152,2,2098672,1
opt_pack,logs16_14,tiled_write,20,16,81955.750,2097152,2,2098672,1
opt_pack,logs16_14,single_write,20,16,96127.562,2097152,1,2097152,1
opt_pack,logs16_14,production,20,16,181500.000,2097152,2,2098672,1
opt_pack,logs16_14,tiled_write,21,16,73770.812,2097152,2,2098672,1
opt_pack,logs16_14,production,21,16,189731.812,2097152,2,2098672,1
opt_pack,logs16_14,single_write,21,16,95341.125,2097152,1,2097152,1
opt_pack,logs16_14,production,22,16,227065.125,2097152,2,2098672,1
opt_pack,logs16_14,tiled_write,22,16,64638.000,2097152,2,2098672,1
opt_pack,logs16_14,single_write,22,16,93398.438,2097152,1,2097152,1
opt_pack,logs16_14,single_write,23,16,95466.125,2097152,1,2097152,1
opt_pack,logs16_14,tiled_write,23,16,62372.375,2097152,2,2098672,1
opt_pack,logs16_14,production,23,16,182010.438,2097152,2,2098672,1
opt_pack,logs16_14,tiled_write,24,16,75497.375,2097152,2,2098672,1
opt_pack,logs16_14,production,24,16,206783.812,2097152,2,2098672,1
opt_pack,logs16_14,single_write,24,16,93580.688,2097152,1,2097152,1
opt_pack,logs16_14,production,25,16,219752.625,2097152,2,2098672,1
opt_pack,logs16_14,single_write,25,16,95713.500,2097152,1,2097152,1
opt_pack,logs16_14,tiled_write,25,16,88091.125,2097152,2,2098672,1
opt_pack,logs16_14,single_write,26,16,90815.125,2097152,1,2097152,1
opt_pack,logs16_14,production,26,16,187653.625,2097152,2,2098672,1
opt_pack,logs16_14,tiled_write,26,16,84632.812,2097152,2,2098672,1
opt_pack,logs16_14,single_write,27,16,95901.062,2097152,1,2097152,1
opt_pack,logs16_14,tiled_write,27,16,91328.125,2097152,2,2098672,1
opt_pack,logs16_14,production,27,16,203296.875,2097152,2,2098672,1
opt_pack,logs16_14,single_write,28,16,91796.875,2097152,1,2097152,1
opt_pack,logs16_14,production,28,16,201750.000,2097152,2,2098672,1
opt_pack,logs16_14,tiled_write,28,16,82343.750,2097152,2,2098672,1
opt_pack,logs16_14,tiled_write,29,16,89497.375,2097152,2,2098672,1
opt_pack,logs16_14,production,29,16,206367.188,2097152,2,2098672,1
opt_pack,logs16_14,single_write,29,16,96484.375,2097152,1,2097152,1
opt_pack,logs16_14,single_write,30,16,94143.188,2097152,1,2097152,1
opt_pack,logs16_14,tiled_write,30,16,66578.125,2097152,2,2098672,1
opt_pack,logs16_14,production,30,16,220375.000,2097152,2,2098672,1
opt_pack,logs16_14,tiled_write,31,16,85898.438,2097152,2,2098672,1
opt_pack,logs16_14,production,31,16,238481.750,2097152,2,2098672,1
opt_pack,logs16_14,single_write,31,16,95609.375,2097152,1,2097152,1
opt_packed_ood,logs16_14,tiled_indexed_ood,0,16,169572.875,4194304,4,2164720,1
opt_packed_ood,logs16_14,production,0,16,335096.312,4194304,22,2231248,1
opt_packed_ood,logs16_14,single_write_ood,0,16,257427.062,4194304,4,2164720,1
opt_packed_ood,logs16_14,tiled_indexed_ood,1,16,168445.312,4194304,4,2164720,1
opt_packed_ood,logs16_14,production,1,16,349958.375,4194304,22,2231248,1
opt_packed_ood,logs16_14,single_write_ood,1,16,256796.875,4194304,4,2164720,1
opt_packed_ood,logs16_14,single_write_ood,2,16,255955.750,4194304,4,2164720,1
opt_packed_ood,logs16_14,tiled_indexed_ood,2,16,170828.125,4194304,4,2164720,1
opt_packed_ood,logs16_14,production,2,16,355200.500,4194304,22,2231248,1
opt_packed_ood,logs16_14,tiled_indexed_ood,3,16,193052.062,4194304,4,2164720,1
opt_packed_ood,logs16_14,single_write_ood,3,16,252963.500,4194304,4,2164720,1
opt_packed_ood,logs16_14,production,3,16,335638.000,4194304,22,2231248,1
opt_packed_ood,logs16_14,production,4,16,344320.312,4194304,22,2231248,1
opt_packed_ood,logs16_14,tiled_indexed_ood,4,16,188812.500,4194304,4,2164720,1
opt_packed_ood,logs16_14,single_write_ood,4,16,255721.375,4194304,4,2164720,1
opt_packed_ood,logs16_14,single_write_ood,5,16,270255.188,4194304,4,2164720,1
opt_packed_ood,logs16_14,tiled_indexed_ood,5,16,209010.375,4194304,4,2164720,1
opt_packed_ood,logs16_14,production,5,16,329601.562,4194304,22,2231248,1
opt_packed_ood,logs16_14,single_write_ood,6,16,257278.688,4194304,4,2164720,1
opt_packed_ood,logs16_14,tiled_indexed_ood,6,16,177736.938,4194304,4,2164720,1
opt_packed_ood,logs16_14,production,6,16,316773.438,4194304,22,2231248,1
opt_packed_ood,logs16_14,single_write_ood,7,16,280406.250,4194304,4,2164720,1
opt_packed_ood,logs16_14,tiled_indexed_ood,7,16,183947.938,4194304,4,2164720,1
opt_packed_ood,logs16_14,production,7,16,337984.375,4194304,22,2231248,1
opt_packed_ood,logs16_14,single_write_ood,8,16,251838.562,4194304,4,2164720,1
opt_packed_ood,logs16_14,production,8,16,306617.188,4194304,22,2231248,1
opt_packed_ood,logs16_14,tiled_indexed_ood,8,16,188028.688,4194304,4,2164720,1
opt_packed_ood,logs16_14,tiled_indexed_ood,9,16,172114.562,4194304,4,2164720,1
opt_packed_ood,logs16_14,production,9,16,315473.938,4194304,22,2231248,1
opt_packed_ood,logs16_14,single_write_ood,9,16,266596.312,4194304,4,2164720,1
opt_packed_ood,logs16_14,single_write_ood,10,16,264898.438,4194304,4,2164720,1
opt_packed_ood,logs16_14,tiled_indexed_ood,10,16,212757.812,4194304,4,2164720,1
opt_packed_ood,logs16_14,production,10,16,336898.438,4194304,22,2231248,1
opt_packed_ood,logs16_14,production,11,16,321872.375,4194304,22,2231248,1
opt_packed_ood,logs16_14,tiled_indexed_ood,11,16,185442.688,4194304,4,2164720,1
opt_packed_ood,logs16_14,single_write_ood,11,16,256635.438,4194304,4,2164720,1
opt_packed_ood,logs16_14,production,12,16,299278.625,4194304,22,2231248,1
opt_packed_ood,logs16_14,tiled_indexed_ood,12,16,153224.000,4194304,4,2164720,1
opt_packed_ood,logs16_14,single_write_ood,12,16,245458.312,4194304,4,2164720,1
opt_packed_ood,logs16_14,tiled_indexed_ood,13,16,188929.688,4194304,4,2164720,1
opt_packed_ood,logs16_14,production,13,16,334747.438,4194304,22,2231248,1
opt_packed_ood,logs16_14,single_write_ood,13,16,248716.188,4194304,4,2164720,1
opt_packed_ood,logs16_14,production,14,16,306059.875,4194304,22,2231248,1
opt_packed_ood,logs16_14,tiled_indexed_ood,14,16,173968.750,4194304,4,2164720,1
opt_packed_ood,logs16_14,single_write_ood,14,16,265619.750,4194304,4,2164720,1
opt_packed_ood,logs16_14,tiled_indexed_ood,15,16,164911.438,4194304,4,2164720,1
opt_packed_ood,logs16_14,single_write_ood,15,16,260372.375,4194304,4,2164720,1
opt_packed_ood,logs16_14,production,15,16,315049.500,4194304,22,2231248,1
opt_packed_ood,logs16_14,single_write_ood,16,16,263867.188,4194304,4,2164720,1
opt_packed_ood,logs16_14,tiled_indexed_ood,16,16,164989.562,4194304,4,2164720,1
opt_packed_ood,logs16_14,production,16,16,274174.500,4194304,22,2231248,1
opt_packed_ood,logs16_14,tiled_indexed_ood,17,16,159710.938,4194304,4,2164720,1
opt_packed_ood,logs16_14,single_write_ood,17,16,256109.375,4194304,4,2164720,1
opt_packed_ood,logs16_14,production,17,16,360588.562,4194304,22,2231248,1
opt_packed_ood,logs16_14,tiled_indexed_ood,18,16,143994.812,4194304,4,2164720,1
opt_packed_ood,logs16_14,single_write_ood,18,16,257981.750,4194304,4,2164720,1
opt_packed_ood,logs16_14,production,18,16,310736.938,4194304,22,2231248,1
opt_packed_ood,logs16_14,production,19,16,274841.125,4194304,22,2231248,1
opt_packed_ood,logs16_14,single_write_ood,19,16,269333.375,4194304,4,2164720,1
opt_packed_ood,logs16_14,tiled_indexed_ood,19,16,130968.750,4194304,4,2164720,1
opt_packed_ood,logs16_14,tiled_indexed_ood,20,16,195708.312,4194304,4,2164720,1
opt_packed_ood,logs16_14,production,20,16,325158.812,4194304,22,2231248,1
opt_packed_ood,logs16_14,single_write_ood,20,16,269677.062,4194304,4,2164720,1
opt_packed_ood,logs16_14,production,21,16,292700.500,4194304,22,2231248,1
opt_packed_ood,logs16_14,tiled_indexed_ood,21,16,154013.062,4194304,4,2164720,1
opt_packed_ood,logs16_14,single_write_ood,21,16,265984.375,4194304,4,2164720,1
opt_packed_ood,logs16_14,tiled_indexed_ood,22,16,154658.875,4194304,4,2164720,1
opt_packed_ood,logs16_14,production,22,16,309403.625,4194304,22,2231248,1
opt_packed_ood,logs16_14,single_write_ood,22,16,291002.562,4194304,4,2164720,1
opt_packed_ood,logs16_14,single_write_ood,23,16,284122.375,4194304,4,2164720,1
opt_packed_ood,logs16_14,production,23,16,300104.125,4194304,22,2231248,1
opt_packed_ood,logs16_14,tiled_indexed_ood,23,16,174265.625,4194304,4,2164720,1
opt_packed_ood,logs16_14,single_write_ood,24,16,265677.062,4194304,4,2164720,1
opt_packed_ood,logs16_14,tiled_indexed_ood,24,16,199674.438,4194304,4,2164720,1
opt_packed_ood,logs16_14,production,24,16,328179.688,4194304,22,2231248,1
opt_packed_ood,logs16_14,production,25,16,325260.438,4194304,22,2231248,1
opt_packed_ood,logs16_14,tiled_indexed_ood,25,16,219658.812,4194304,4,2164720,1
opt_packed_ood,logs16_14,single_write_ood,25,16,270487.000,4194304,4,2164720,1
opt_packed_ood,logs16_14,production,26,16,313903.625,4194304,22,2231248,1
opt_packed_ood,logs16_14,single_write_ood,26,16,254815.062,4194304,4,2164720,1
opt_packed_ood,logs16_14,tiled_indexed_ood,26,16,178690.125,4194304,4,2164720,1
opt_packed_ood,logs16_14,production,27,16,322937.500,4194304,22,2231248,1
opt_packed_ood,logs16_14,single_write_ood,27,16,262955.750,4194304,4,2164720,1
opt_packed_ood,logs16_14,tiled_indexed_ood,27,16,161591.125,4194304,4,2164720,1
opt_packed_ood,logs16_14,production,28,16,300466.125,4194304,22,2231248,1
opt_packed_ood,logs16_14,tiled_indexed_ood,28,16,181276.062,4194304,4,2164720,1
opt_packed_ood,logs16_14,single_write_ood,28,16,256963.500,4194304,4,2164720,1
opt_packed_ood,logs16_14,tiled_indexed_ood,29,16,154843.750,4194304,4,2164720,1
opt_packed_ood,logs16_14,single_write_ood,29,16,253981.750,4194304,4,2164720,1
opt_packed_ood,logs16_14,production,29,16,337369.812,4194304,22,2231248,1
opt_packed_ood,logs16_14,production,30,16,315843.750,4194304,22,2231248,1
opt_packed_ood,logs16_14,single_write_ood,30,16,260171.875,4194304,4,2164720,1
opt_packed_ood,logs16_14,tiled_indexed_ood,30,16,169359.375,4194304,4,2164720,1
opt_packed_ood,logs16_14,production,31,16,321039.062,4194304,22,2231248,1
opt_packed_ood,logs16_14,single_write_ood,31,16,267093.750,4194304,4,2164720,1
opt_packed_ood,logs16_14,tiled_indexed_ood,31,16,138869.812,4194304,4,2164720,1
opt_pack,logs18_18,tiled_write,0,8,182505.250,8388608,2,8390128,1
opt_pack,logs18_18,single_write,0,8,433192.625,8388608,1,8388608,1
opt_pack,logs18_18,production,0,8,347468.750,8388608,2,8390128,1
opt_pack,logs18_18,production,1,8,383619.750,8388608,2,8390128,1
opt_pack,logs18_18,single_write,1,8,465791.625,8388608,1,8388608,1
opt_pack,logs18_18,tiled_write,1,8,181609.375,8388608,2,8390128,1
opt_pack,logs18_18,tiled_write,2,8,169916.625,8388608,2,8390128,1
opt_pack,logs18_18,production,2,8,484062.500,8388608,2,8390128,1
opt_pack,logs18_18,single_write,2,8,434395.875,8388608,1,8388608,1
opt_pack,logs18_18,production,3,8,443656.250,8388608,2,8390128,1
opt_pack,logs18_18,tiled_write,3,8,150921.875,8388608,2,8390128,1
opt_pack,logs18_18,single_write,3,8,458708.375,8388608,1,8388608,1
opt_pack,logs18_18,tiled_write,4,8,158229.125,8388608,2,8390128,1
opt_pack,logs18_18,production,4,8,414171.875,8388608,2,8390128,1
opt_pack,logs18_18,single_write,4,8,431000.000,8388608,1,8388608,1
opt_pack,logs18_18,tiled_write,5,8,178656.250,8388608,2,8390128,1
opt_pack,logs18_18,single_write,5,8,467161.500,8388608,1,8388608,1
opt_pack,logs18_18,production,5,8,458573.000,8388608,2,8390128,1
opt_pack,logs18_18,single_write,6,8,438067.625,8388608,1,8388608,1
opt_pack,logs18_18,tiled_write,6,8,137078.125,8388608,2,8390128,1
opt_pack,logs18_18,production,6,8,434083.375,8388608,2,8390128,1
opt_pack,logs18_18,production,7,8,511348.875,8388608,2,8390128,1
opt_pack,logs18_18,single_write,7,8,473307.250,8388608,1,8388608,1
opt_pack,logs18_18,tiled_write,7,8,174802.125,8388608,2,8390128,1
opt_pack,logs18_18,single_write,8,8,448463.500,8388608,1,8388608,1
opt_pack,logs18_18,production,8,8,431182.250,8388608,2,8390128,1
opt_pack,logs18_18,tiled_write,8,8,181744.750,8388608,2,8390128,1
opt_pack,logs18_18,single_write,9,8,453880.250,8388608,1,8388608,1
opt_pack,logs18_18,tiled_write,9,8,154026.125,8388608,2,8390128,1
opt_pack,logs18_18,production,9,8,441281.250,8388608,2,8390128,1
opt_pack,logs18_18,single_write,10,8,440260.375,8388608,1,8388608,1
opt_pack,logs18_18,tiled_write,10,8,124776.125,8388608,2,8390128,1
opt_pack,logs18_18,production,10,8,441802.125,8388608,2,8390128,1
opt_pack,logs18_18,single_write,11,8,446817.750,8388608,1,8388608,1
opt_pack,logs18_18,production,11,8,428755.250,8388608,2,8390128,1
opt_pack,logs18_18,tiled_write,11,8,181432.375,8388608,2,8390128,1
opt_pack,logs18_18,tiled_write,12,8,163713.500,8388608,2,8390128,1
opt_pack,logs18_18,production,12,8,1682703.125,8388608,2,8390128,1
opt_pack,logs18_18,single_write,12,8,450838.500,8388608,1,8388608,1
opt_pack,logs18_18,single_write,13,8,443541.625,8388608,1,8388608,1
opt_pack,logs18_18,tiled_write,13,8,234500.000,8388608,2,8390128,1
opt_pack,logs18_18,production,13,8,467734.375,8388608,2,8390128,1
opt_pack,logs18_18,production,14,8,428364.500,8388608,2,8390128,1
opt_pack,logs18_18,single_write,14,8,435494.875,8388608,1,8388608,1
opt_pack,logs18_18,tiled_write,14,8,190239.625,8388608,2,8390128,1
opt_pack,logs18_18,single_write,15,8,458026.000,8388608,1,8388608,1
opt_pack,logs18_18,tiled_write,15,8,148057.250,8388608,2,8390128,1
opt_pack,logs18_18,production,15,8,443052.000,8388608,2,8390128,1
opt_pack,logs18_18,production,16,8,466932.250,8388608,2,8390128,1
opt_pack,logs18_18,single_write,16,8,445171.875,8388608,1,8388608,1
opt_pack,logs18_18,tiled_write,16,8,196921.875,8388608,2,8390128,1
opt_pack,logs18_18,production,17,8,421031.250,8388608,2,8390128,1
opt_pack,logs18_18,tiled_write,17,8,145317.750,8388608,2,8390128,1
opt_pack,logs18_18,single_write,17,8,453791.750,8388608,1,8388608,1
opt_pack,logs18_18,tiled_write,18,8,200645.750,8388608,2,8390128,1
opt_pack,logs18_18,single_write,18,8,436885.375,8388608,1,8388608,1
opt_pack,logs18_18,production,18,8,372276.000,8388608,2,8390128,1
opt_pack,logs18_18,tiled_write,19,8,123270.750,8388608,2,8390128,1
opt_pack,logs18_18,production,19,8,422640.625,8388608,2,8390128,1
opt_pack,logs18_18,single_write,19,8,439213.500,8388608,1,8388608,1
opt_pack,logs18_18,single_write,20,8,438328.125,8388608,1,8388608,1
opt_pack,logs18_18,tiled_write,20,8,159682.250,8388608,2,8390128,1
opt_pack,logs18_18,production,20,8,375286.375,8388608,2,8390128,1
opt_pack,logs18_18,single_write,21,8,452599.000,8388608,1,8388608,1
opt_pack,logs18_18,production,21,8,426859.375,8388608,2,8390128,1
opt_pack,logs18_18,tiled_write,21,8,155421.875,8388608,2,8390128,1
opt_pack,logs18_18,tiled_write,22,8,133593.750,8388608,2,8390128,1
opt_pack,logs18_18,single_write,22,8,446500.000,8388608,1,8388608,1
opt_pack,logs18_18,production,22,8,378567.750,8388608,2,8390128,1
opt_pack,logs18_18,production,23,8,346645.750,8388608,2,8390128,1
opt_pack,logs18_18,tiled_write,23,8,145453.125,8388608,2,8390128,1
opt_pack,logs18_18,single_write,23,8,540312.500,8388608,1,8388608,1
opt_pack,logs18_18,production,24,8,437854.125,8388608,2,8390128,1
opt_pack,logs18_18,single_write,24,8,462651.000,8388608,1,8388608,1
opt_pack,logs18_18,tiled_write,24,8,207651.125,8388608,2,8390128,1
opt_pack,logs18_18,tiled_write,25,8,187682.250,8388608,2,8390128,1
opt_pack,logs18_18,single_write,25,8,457218.750,8388608,1,8388608,1
opt_pack,logs18_18,production,25,8,459588.500,8388608,2,8390128,1
opt_pack,logs18_18,tiled_write,26,8,124338.500,8388608,2,8390128,1
opt_pack,logs18_18,production,26,8,431583.375,8388608,2,8390128,1
opt_pack,logs18_18,single_write,26,8,441244.750,8388608,1,8388608,1
opt_pack,logs18_18,tiled_write,27,8,137578.125,8388608,2,8390128,1
opt_pack,logs18_18,production,27,8,410500.000,8388608,2,8390128,1
opt_pack,logs18_18,single_write,27,8,435609.375,8388608,1,8388608,1
opt_pack,logs18_18,tiled_write,28,8,137119.750,8388608,2,8390128,1
opt_pack,logs18_18,production,28,8,365260.375,8388608,2,8390128,1
opt_pack,logs18_18,single_write,28,8,439380.125,8388608,1,8388608,1
opt_pack,logs18_18,single_write,29,8,422447.875,8388608,1,8388608,1
opt_pack,logs18_18,production,29,8,400828.125,8388608,2,8390128,1
opt_pack,logs18_18,tiled_write,29,8,143666.750,8388608,2,8390128,1
opt_pack,logs18_18,single_write,30,8,449395.875,8388608,1,8388608,1
opt_pack,logs18_18,production,30,8,422406.250,8388608,2,8390128,1
opt_pack,logs18_18,tiled_write,30,8,161020.750,8388608,2,8390128,1
opt_pack,logs18_18,single_write,31,8,437395.750,8388608,1,8388608,1
opt_pack,logs18_18,tiled_write,31,8,170447.875,8388608,2,8390128,1
opt_pack,logs18_18,production,31,8,1061921.875,8388608,2,8390128,1
opt_packed_ood,logs18_18,tiled_indexed_ood,0,8,288026.125,16777216,4,8457712,1
opt_packed_ood,logs18_18,production,0,8,560822.875,16777216,24,8527312,1
opt_packed_ood,logs18_18,single_write_ood,0,8,724916.625,16777216,4,8457712,1
opt_packed_ood,logs18_18,production,1,8,551833.375,16777216,24,8527312,1
opt_packed_ood,logs18_18,tiled_indexed_ood,1,8,329166.750,16777216,4,8457712,1
opt_packed_ood,logs18_18,single_write_ood,1,8,684599.000,16777216,4,8457712,1
opt_packed_ood,logs18_18,tiled_indexed_ood,2,8,343515.625,16777216,4,8457712,1
opt_packed_ood,logs18_18,single_write_ood,2,8,701125.000,16777216,4,8457712,1
opt_packed_ood,logs18_18,production,2,8,538026.000,16777216,24,8527312,1
opt_packed_ood,logs18_18,production,3,8,540656.250,16777216,24,8527312,1
opt_packed_ood,logs18_18,single_write_ood,3,8,722395.875,16777216,4,8457712,1
opt_packed_ood,logs18_18,tiled_indexed_ood,3,8,332963.500,16777216,4,8457712,1
opt_packed_ood,logs18_18,production,4,8,605744.750,16777216,24,8527312,1
opt_packed_ood,logs18_18,single_write_ood,4,8,710307.250,16777216,4,8457712,1
opt_packed_ood,logs18_18,tiled_indexed_ood,4,8,387057.375,16777216,4,8457712,1
opt_packed_ood,logs18_18,production,5,8,589541.750,16777216,24,8527312,1
opt_packed_ood,logs18_18,tiled_indexed_ood,5,8,378031.250,16777216,4,8457712,1
opt_packed_ood,logs18_18,single_write_ood,5,8,804651.000,16777216,4,8457712,1
opt_packed_ood,logs18_18,single_write_ood,6,8,718755.250,16777216,4,8457712,1
opt_packed_ood,logs18_18,production,6,8,666500.000,16777216,24,8527312,1
opt_packed_ood,logs18_18,tiled_indexed_ood,6,8,403791.625,16777216,4,8457712,1
opt_packed_ood,logs18_18,single_write_ood,7,8,799697.875,16777216,4,8457712,1
opt_packed_ood,logs18_18,tiled_indexed_ood,7,8,325640.625,16777216,4,8457712,1
opt_packed_ood,logs18_18,production,7,8,727250.000,16777216,24,8527312,1
opt_packed_ood,logs18_18,single_write_ood,8,8,818411.500,16777216,4,8457712,1
opt_packed_ood,logs18_18,production,8,8,660328.125,16777216,24,8527312,1
opt_packed_ood,logs18_18,tiled_indexed_ood,8,8,478823.000,16777216,4,8457712,1
opt_packed_ood,logs18_18,tiled_indexed_ood,9,8,451520.750,16777216,4,8457712,1
opt_packed_ood,logs18_18,single_write_ood,9,8,810573.000,16777216,4,8457712,1
opt_packed_ood,logs18_18,production,9,8,767703.125,16777216,24,8527312,1
opt_packed_ood,logs18_18,single_write_ood,10,8,777718.750,16777216,4,8457712,1
opt_packed_ood,logs18_18,tiled_indexed_ood,10,8,433541.750,16777216,4,8457712,1
opt_packed_ood,logs18_18,production,10,8,701218.750,16777216,24,8527312,1
opt_packed_ood,logs18_18,tiled_indexed_ood,11,8,425026.125,16777216,4,8457712,1
opt_packed_ood,logs18_18,production,11,8,700718.750,16777216,24,8527312,1
opt_packed_ood,logs18_18,single_write_ood,11,8,825750.000,16777216,4,8457712,1
opt_packed_ood,logs18_18,production,12,8,619364.500,16777216,24,8527312,1
opt_packed_ood,logs18_18,single_write_ood,12,8,1022932.250,16777216,4,8457712,1
opt_packed_ood,logs18_18,tiled_indexed_ood,12,8,407062.500,16777216,4,8457712,1
opt_packed_ood,logs18_18,tiled_indexed_ood,13,8,561546.875,16777216,4,8457712,1
opt_packed_ood,logs18_18,production,13,8,817703.125,16777216,24,8527312,1
opt_packed_ood,logs18_18,single_write_ood,13,8,815859.375,16777216,4,8457712,1
opt_packed_ood,logs18_18,single_write_ood,14,8,746755.125,16777216,4,8457712,1
opt_packed_ood,logs18_18,production,14,8,934645.875,16777216,24,8527312,1
opt_packed_ood,logs18_18,tiled_indexed_ood,14,8,396427.125,16777216,4,8457712,1
opt_packed_ood,logs18_18,production,15,8,799213.625,16777216,24,8527312,1
opt_packed_ood,logs18_18,tiled_indexed_ood,15,8,524823.000,16777216,4,8457712,1
opt_packed_ood,logs18_18,single_write_ood,15,8,754369.750,16777216,4,8457712,1
opt_packed_ood,logs18_18,production,16,8,571791.750,16777216,24,8527312,1
opt_packed_ood,logs18_18,tiled_indexed_ood,16,8,373557.250,16777216,4,8457712,1
opt_packed_ood,logs18_18,single_write_ood,16,8,691286.500,16777216,4,8457712,1
opt_packed_ood,logs18_18,tiled_indexed_ood,17,8,303224.000,16777216,4,8457712,1
opt_packed_ood,logs18_18,production,17,8,648458.250,16777216,24,8527312,1
opt_packed_ood,logs18_18,single_write_ood,17,8,716708.250,16777216,4,8457712,1
opt_packed_ood,logs18_18,production,18,8,530854.125,16777216,24,8527312,1
opt_packed_ood,logs18_18,tiled_indexed_ood,18,8,268125.000,16777216,4,8457712,1
opt_packed_ood,logs18_18,single_write_ood,18,8,687333.250,16777216,4,8457712,1
opt_packed_ood,logs18_18,single_write_ood,19,8,715823.000,16777216,4,8457712,1
opt_packed_ood,logs18_18,production,19,8,586020.875,16777216,24,8527312,1
opt_packed_ood,logs18_18,tiled_indexed_ood,19,8,293343.750,16777216,4,8457712,1
opt_packed_ood,logs18_18,tiled_indexed_ood,20,8,268401.000,16777216,4,8457712,1
opt_packed_ood,logs18_18,production,20,8,576807.250,16777216,24,8527312,1
opt_packed_ood,logs18_18,single_write_ood,20,8,682802.125,16777216,4,8457712,1
opt_packed_ood,logs18_18,tiled_indexed_ood,21,8,304890.625,16777216,4,8457712,1
opt_packed_ood,logs18_18,single_write_ood,21,8,731541.750,16777216,4,8457712,1
opt_packed_ood,logs18_18,production,21,8,626427.125,16777216,24,8527312,1
opt_packed_ood,logs18_18,single_write_ood,22,8,699968.750,16777216,4,8457712,1
opt_packed_ood,logs18_18,tiled_indexed_ood,22,8,341296.875,16777216,4,8457712,1
opt_packed_ood,logs18_18,production,22,8,667666.625,16777216,24,8527312,1
opt_packed_ood,logs18_18,tiled_indexed_ood,23,8,345046.875,16777216,4,8457712,1
opt_packed_ood,logs18_18,single_write_ood,23,8,700338.500,16777216,4,8457712,1
opt_packed_ood,logs18_18,production,23,8,600666.625,16777216,24,8527312,1
opt_packed_ood,logs18_18,tiled_indexed_ood,24,8,349354.125,16777216,4,8457712,1
opt_packed_ood,logs18_18,production,24,8,765937.500,16777216,24,8527312,1
opt_packed_ood,logs18_18,single_write_ood,24,8,700010.375,16777216,4,8457712,1
opt_packed_ood,logs18_18,tiled_indexed_ood,25,8,345849.000,16777216,4,8457712,1
opt_packed_ood,logs18_18,production,25,8,669145.875,16777216,24,8527312,1
opt_packed_ood,logs18_18,single_write_ood,25,8,748770.875,16777216,4,8457712,1
opt_packed_ood,logs18_18,single_write_ood,26,8,687380.250,16777216,4,8457712,1
opt_packed_ood,logs18_18,tiled_indexed_ood,26,8,342578.125,16777216,4,8457712,1
opt_packed_ood,logs18_18,production,26,8,608546.875,16777216,24,8527312,1
opt_packed_ood,logs18_18,single_write_ood,27,8,709099.000,16777216,4,8457712,1
opt_packed_ood,logs18_18,tiled_indexed_ood,27,8,290182.250,16777216,4,8457712,1
opt_packed_ood,logs18_18,production,27,8,2710119.875,16777216,24,8527312,1
opt_packed_ood,logs18_18,single_write_ood,28,8,2933807.375,16777216,4,8457712,1
opt_packed_ood,logs18_18,tiled_indexed_ood,28,8,703864.625,16777216,4,8457712,1
opt_packed_ood,logs18_18,production,28,8,1547666.750,16777216,24,8527312,1
opt_packed_ood,logs18_18,production,29,8,610218.750,16777216,24,8527312,1
opt_packed_ood,logs18_18,tiled_indexed_ood,29,8,383151.125,16777216,4,8457712,1
opt_packed_ood,logs18_18,single_write_ood,29,8,717208.375,16777216,4,8457712,1
opt_packed_ood,logs18_18,production,30,8,726864.500,16777216,24,8527312,1
opt_packed_ood,logs18_18,single_write_ood,30,8,881093.750,16777216,4,8457712,1
opt_packed_ood,logs18_18,tiled_indexed_ood,30,8,495239.625,16777216,4,8457712,1
opt_packed_ood,logs18_18,tiled_indexed_ood,31,8,521817.625,16777216,4,8457712,1
opt_packed_ood,logs18_18,single_write_ood,31,8,705630.250,16777216,4,8457712,1
opt_packed_ood,logs18_18,production,31,8,721765.625,16777216,24,8527312,1
