benchmark_algorithm,benchmark_date,run_timestamp_utc,commit,git_dirty,binary_sha256,memory_binary_sha256,hardware,operating_system,cargo_profile,cargo_features,threads,measured_runs,warmup_runs,field_modulus,ligerito_hash,ligerito_inverse_rate,ligerito_initial_k,allocator_instrumentation,root_seed,pass,order,strategy,reduction_backend,exponent,multiplications,sample,prove_ms,spartan_prove_ms,spartan_outer_ms,spartan_bind_ms,spartan_inner_ms,bitify_prove_ms,f2z_prove_ms,verify_ms,spartan_verify_ms,bitify_verify_ms,f2z_verify_ms,verified,r1cs_rows,multiplications_per_row,r1cs_columns,r1cs_nnz,integer_witness_values,compact_witness_bits,compact_witness_bytes,spartan_proof_payload_bytes,f2z_proof_bytes,shape_seed,peak_heap_mib,live_before_prove_mib,memory_order
u32 x u32 -> u64 Spartan PIOP + F2Z,2026-08-27,2026-08-27T14:40:42Z,669fed1731d7f1dcb7ecabd71735b7cdbb4e1636,true,9c66b368c5597d5ec38f1dede7ecdbf0e7c271fd549bddb5cb4e8b0b2c3b80a6,36d0b1f57d820b26ea77464355395b726eba7cdb58bfcaeaa021e8e687fd331e,Apple M1 Max,Darwin 25.5.0 arm64,bench,unchecked,10,5,1,2^100-15,SHA-256,1/2,4,absent_in_latency_binary;shared_atomic_peak_allocator_in_memory_binary,0x5533326d756c0064,latency,1,immediate,immediate,15,32768,0,62.502292000,12.302125000,2.548833000,1.467500000,2.262041000,10.782083000,32.298666000,18.617375000,3.203125000,10.577542000,4.781875000,true,32768,1,131072,98304,131072,4194304,524288,1824,117560,0x107313b30031455f,38.505700,8.493244,1
u32 x u32 -> u64 Spartan PIOP + F2Z,2026-08-27,2026-08-27T14:40:42Z,669fed1731d7f1dcb7ecabd71735b7cdbb4e1636,true,9c66b368c5597d5ec38f1dede7ecdbf0e7c271fd549bddb5cb4e8b0b2c3b80a6,36d0b1f57d820b26ea77464355395b726eba7cdb58bfcaeaa021e8e687fd331e,Apple M1 Max,Darwin 25.5.0 arm64,bench,unchecked,10,5,1,2^100-15,SHA-256,1/2,4,absent_in_latency_binary;shared_atomic_peak_allocator_in_memory_binary,0x5533326d756c0064,latency,1,immediate,immediate,15,32768,1,63.566792000,11.727750000,2.096125000,1.462666000,2.208292000,10.652292000,34.144667000,19.044791000,3.310916000,11.013667000,4.648875000,true,32768,1,131072,98304,131072,4194304,524288,1824,117560,0x107313b30031455f,38.505700,8.493244,1
u32 x u32 -> u64 Spartan PIOP + F2Z,2026-08-27,2026-08-27T14:40:42Z,669fed1731d7f1dcb7ecabd71735b7cdbb4e1636,true,9c66b368c5597d5ec38f1dede7ecdbf0e7c271fd549bddb5cb4e8b0b2c3b80a6,36d0b1f57d820b26ea77464355395b726eba7cdb58bfcaeaa021e8e687fd331e,Apple M1 Max,Darwin 25.5.0 arm64,bench,unchecked,10,5,1,2^100-15,SHA-256,1/2,4,absent_in_latency_binary;shared_atomic_peak_allocator_in_memory_binary,0x5533326d756c0064,latency,1,immediate,immediate,15,32768,2,63.679375000,10.300041000,1.881292000,1.521584000,1.836500000,10.774042000,35.396792000,19.329000000,3.279125000,10.790875000,5.179417000,true,32768,1,131072,98304,131072,4194304,524288,1824,117560,0x107313b30031455f,38.505700,8.493244,1
u32 x u32 -> u64 Spartan PIOP + F2Z,2026-08-27,2026-08-27T14:40:42Z,669fed1731d7f1dcb7ecabd71735b7cdbb4e1636,true,9c66b368c5597d5ec38f1dede7ecdbf0e7c271fd549bddb5cb4e8b0b2c3b80a6,36d0b1f57d820b26ea77464355395b726eba7cdb58bfcaeaa021e8e687fd331e,Apple M1 Max,Darwin 25.5.0 arm64,bench,unchecked,10,5,1,2^100-15,SHA-256,1/2,4,absent_in_latency_binary;shared_atomic_peak_allocator_in_memory_binary,0x5533326d756c0064,latency,1,immediate,immediate,15,32768,3,60.777209000,11.207167000,1.935875000,1.533209000,1.792875000,10.762541000,31.822250000,18.694625000,3.287250000,10.653250000,4.685042000,true,32768,1,131072,98304,131072,4194304,524288,1824,117560,0x107313b30031455f,38.505700,8.493244,1
u32 x u32 -> u64 Spartan PIOP + F2Z,2026-08-27,2026-08-27T14:40:42Z,669fed1731d7f1dcb7ecabd71735b7cdbb4e1636,true,9c66b368c5597d5ec38f1dede7ecdbf0e7c271fd549bddb5cb4e8b0b2c3b80a6,36d0b1f57d820b26ea77464355395b726eba7cdb58bfcaeaa021e8e687fd331e,Apple M1 Max,Darwin 25.5.0 arm64,bench,unchecked,10,5,1,2^100-15,SHA-256,1/2,4,absent_in_latency_binary;shared_atomic_peak_allocator_in_memory_binary,0x5533326d756c0064,latency,1,immediate,immediate,15,32768,4,61.573292000,11.412666000,1.853416000,1.488417000,2.103333000,10.790917000,32.352667000,18.924667000,3.199875000,10.724750000,4.931791000,true,32768,1,131072,98304,131072,4194304,524288,1824,117560,0x107313b30031455f,38.505700,8.493244,1
u32 x u32 -> u64 Spartan PIOP + F2Z,2026-08-27,2026-08-27T14:40:42Z,669fed1731d7f1dcb7ecabd71735b7cdbb4e1636,true,9c66b368c5597d5ec38f1dede7ecdbf0e7c271fd549bddb5cb4e8b0b2c3b80a6,36d0b1f57d820b26ea77464355395b726eba7cdb58bfcaeaa021e8e687fd331e,Apple M1 Max,Darwin 25.5.0 arm64,bench,unchecked,10,5,1,2^100-15,SHA-256,1/2,4,absent_in_latency_binary;shared_atomic_peak_allocator_in_memory_binary,0x5533326d756c0064,latency,2,delayed-barrett,barrett,15,32768,0,51.315334000,6.269750000,1.918084000,1.451541000,2.857583000,10.954125000,33.970542000,19.007541000,3.241709000,10.726958000,4.964708000,true,32768,1,131072,98304,131072,4194304,524288,1824,117560,0x107313b30031455f,29.505444,8.493244,2
u32 x u32 -> u64 Spartan PIOP + F2Z,2026-08-27,2026-08-27T14:40:42Z,669fed1731d7f1dcb7ecabd71735b7cdbb4e1636,true,9c66b368c5597d5ec38f1dede7ecdbf0e7c271fd549bddb5cb4e8b0b2c3b80a6,36d0b1f57d820b26ea77464355395b726eba7cdb58bfcaeaa021e8e687fd331e,Apple M1 Max,Darwin 25.5.0 arm64,bench,unchecked,10,5,1,2^100-15,SHA-256,1/2,4,absent_in_latency_binary;shared_atomic_peak_allocator_in_memory_binary,0x5533326d756c0064,latency,2,delayed-barrett,barrett,15,32768,1,49.724333000,5.923166000,2.110834000,1.499042000,2.267958000,10.805125000,32.868416000,18.985333000,3.409292000,10.952166000,4.546125000,true,32768,1,131072,98304,131072,4194304,524288,1824,117560,0x107313b30031455f,29.505444,8.493244,2
u32 x u32 -> u64 Spartan PIOP + F2Z,2026-08-27,2026-08-27T14:40:42Z,669fed1731d7f1dcb7ecabd71735b7cdbb4e1636,true,9c66b368c5597d5ec38f1dede7ecdbf0e7c271fd549bddb5cb4e8b0b2c3b80a6,36d0b1f57d820b26ea77464355395b726eba7cdb58bfcaeaa021e8e687fd331e,Apple M1 Max,Darwin 25.5.0 arm64,bench,unchecked,10,5,1,2^100-15,SHA-256,1/2,4,absent_in_latency_binary;shared_atomic_peak_allocator_in_memory_binary,0x5533326d756c0064,latency,2,delayed-barrett,barrett,15,32768,2,49.953958000,5.882833000,2.176084000,1.432708000,2.232375000,11.010959000,32.960500000,19.039375000,3.204917000,10.970084000,4.803792000,true,32768,1,131072,98304,131072,4194304,524288,1824,117560,0x107313b30031455f,29.505444,8.493244,2
u32 x u32 -> u64 Spartan PIOP + F2Z,2026-08-27,2026-08-27T14:40:42Z,669fed1731d7f1dcb7ecabd71735b7cdbb4e1636,true,9c66b368c5597d5ec38f1dede7ecdbf0e7c271fd549bddb5cb4e8b0b2c3b80a6,36d0b1f57d820b26ea77464355395b726eba7cdb58bfcaeaa021e8e687fd331e,Apple M1 Max,Darwin 25.5.0 arm64,bench,unchecked,10,5,1,2^100-15,SHA-256,1/2,4,absent_in_latency_binary;shared_atomic_peak_allocator_in_memory_binary,0x5533326d756c0064,latency,2,delayed-barrett,barrett,15,32768,3,48.767625000,5.829042000,1.903333000,1.484542000,2.400292000,10.918750000,31.925000000,19.655084000,3.240959000,11.167750000,5.189875000,true,32768,1,131072,98304,131072,4194304,524288,1824,117560,0x107313b30031455f,29.505444,8.493244,2
u32 x u32 -> u64 Spartan PIOP + F2Z,2026-08-27,2026-08-27T14:40:42Z,669fed1731d7f1dcb7ecabd71735b7cdbb4e1636,true,9c66b368c5597d5ec38f1dede7ecdbf0e7c271fd549bddb5cb4e8b0b2c3b80a6,36d0b1f57d820b26ea77464355395b726eba7cdb58bfcaeaa021e8e687fd331e,Apple M1 Max,Darwin 25.5.0 arm64,bench,unchecked,10,5,1,2^100-15,SHA-256,1/2,4,absent_in_latency_binary;shared_atomic_peak_allocator_in_memory_binary,0x5533326d756c0064,latency,2,delayed-barrett,barrett,15,32768,4,48.301500000,5.871166000,1.994875000,1.454417000,2.377792000,10.836042000,31.464708000,19.199000000,3.221875000,10.849750000,5.064416000,true,32768,1,131072,98304,131072,4194304,524288,1824,117560,0x107313b30031455f,29.505444,8.493244,2
u32 x u32 -> u64 Spartan PIOP + F2Z,2026-08-27,2026-08-27T14:40:42Z,669fed1731d7f1dcb7ecabd71735b7cdbb4e1636,true,9c66b368c5597d5ec38f1dede7ecdbf0e7c271fd549bddb5cb4e8b0b2c3b80a6,36d0b1f57d820b26ea77464355395b726eba7cdb58bfcaeaa021e8e687fd331e,Apple M1 Max,Darwin 25.5.0 arm64,bench,unchecked,10,5,1,2^100-15,SHA-256,1/2,4,absent_in_latency_binary;shared_atomic_peak_allocator_in_memory_binary,0x5533326d756c0064,latency,3,delayed-crypto-bigint,crypto-bigint,15,32768,0,53.134125000,7.606792000,2.769083000,1.444500000,3.351041000,10.783208000,34.627375000,18.760083000,3.231833000,10.674583000,4.787708000,true,32768,1,131072,98304,131072,4194304,524288,1824,117560,0x107313b30031455f,29.505444,8.493244,3
u32 x u32 -> u64 Spartan PIOP + F2Z,2026-08-27,2026-08-27T14:40:42Z,669fed1731d7f1dcb7ecabd71735b7cdbb4e1636,true,9c66b368c5597d5ec38f1dede7ecdbf0e7c271fd549bddb5cb4e8b0b2c3b80a6,36d0b1f57d820b26ea77464355395b726eba7cdb58bfcaeaa021e8e687fd331e,Apple M1 Max,Darwin 25.5.0 arm64,bench,unchecked,10,5,1,2^100-15,SHA-256,1/2,4,absent_in_latency_binary;shared_atomic_peak_allocator_in_memory_binary,0x5533326d756c0064,latency,3,delayed-crypto-bigint,crypto-bigint,15,32768,1,50.198750000,7.009042000,2.602791000,1.429250000,2.931042000,10.693709000,32.381333000,18.678833000,3.222083000,10.700625000,4.697084000,true,32768,1,131072,98304,131072,4194304,524288,1824,117560,0x107313b30031455f,29.505444,8.493244,3
u32 x u32 -> u64 Spartan PIOP + F2Z,2026-08-27,2026-08-27T14:40:42Z,669fed1731d7f1dcb7ecabd71735b7cdbb4e1636,true,9c66b368c5597d5ec38f1dede7ecdbf0e7c271fd549bddb5cb4e8b0b2c3b80a6,36d0b1f57d820b26ea77464355395b726eba7cdb58bfcaeaa021e8e687fd331e,Apple M1 Max,Darwin 25.5.0 arm64,bench,unchecked,10,5,1,2^100-15,SHA-256,1/2,4,absent_in_latency_binary;shared_atomic_peak_allocator_in_memory_binary,0x5533326d756c0064,latency,3,delayed-crypto-bigint,crypto-bigint,15,32768,2,50.623584000,7.590292000,2.989042000,1.480917000,3.079916000,10.709208000,32.221875000,19.322334000,3.209834000,10.918834000,5.126500000,true,32768,1,131072,98304,131072,4194304,524288,1824,117560,0x107313b30031455f,29.505444,8.493244,3
u32 x u32 -> u64 Spartan PIOP + F2Z,2026-08-27,2026-08-27T14:40:42Z,669fed1731d7f1dcb7ecabd71735b7cdbb4e1636,true,9c66b368c5597d5ec38f1dede7ecdbf0e7c271fd549bddb5cb4e8b0b2c3b80a6,36d0b1f57d820b26ea77464355395b726eba7cdb58bfcaeaa021e8e687fd331e,Apple M1 Max,Darwin 25.5.0 arm64,bench,unchecked,10,5,1,2^100-15,SHA-256,1/2,4,absent_in_latency_binary;shared_atomic_peak_allocator_in_memory_binary,0x5533326d756c0064,latency,3,delayed-crypto-bigint,crypto-bigint,15,32768,3,50.365709000,7.077792000,2.812250000,1.475458000,2.746958000,10.790541000,32.400750000,18.862417000,3.311167000,10.771584000,4.710417000,true,32768,1,131072,98304,131072,4194304,524288,1824,117560,0x107313b30031455f,29.505444,8.493244,3
u32 x u32 -> u64 Spartan PIOP + F2Z,2026-08-27,2026-08-27T14:40:42Z,669fed1731d7f1dcb7ecabd71735b7cdbb4e1636,true,9c66b368c5597d5ec38f1dede7ecdbf0e7c271fd549bddb5cb4e8b0b2c3b80a6,36d0b1f57d820b26ea77464355395b726eba7cdb58bfcaeaa021e8e687fd331e,Apple M1 Max,Darwin 25.5.0 arm64,bench,unchecked,10,5,1,2^100-15,SHA-256,1/2,4,absent_in_latency_binary;shared_atomic_peak_allocator_in_memory_binary,0x5533326d756c0064,latency,3,delayed-crypto-bigint,crypto-bigint,15,32768,4,50.706084000,7.513791000,3.073291000,1.459000000,2.940375000,10.784083000,32.307750000,18.659000000,3.138833000,10.592041000,4.862292000,true,32768,1,131072,98304,131072,4194304,524288,1824,117560,0x107313b30031455f,29.505444,8.493244,3
u32 x u32 -> u64 Spartan PIOP + F2Z,2026-08-27,2026-08-27T14:40:42Z,669fed1731d7f1dcb7ecabd71735b7cdbb4e1636,true,9c66b368c5597d5ec38f1dede7ecdbf0e7c271fd549bddb5cb4e8b0b2c3b80a6,36d0b1f57d820b26ea77464355395b726eba7cdb58bfcaeaa021e8e687fd331e,Apple M1 Max,Darwin 25.5.0 arm64,bench,unchecked,10,5,1,2^100-15,SHA-256,1/2,4,absent_in_latency_binary;shared_atomic_peak_allocator_in_memory_binary,0x5533326d756c0064,latency,1,delayed-barrett,barrett,16,65536,0,87.772250000,8.722166000,2.538084000,2.925500000,3.194458000,10.780167000,68.098000000,21.204166000,6.285333000,10.762208000,4.092542000,true,65536,1,262144,196608,262144,8388608,1048576,1936,136908,0xb644a9fa81cbc134,58.914707,16.901691,2
u32 x u32 -> u64 Spartan PIOP + F2Z,2026-08-27,2026-08-27T14:40:42Z,669fed1731d7f1dcb7ecabd71735b7cdbb4e1636,true,9c66b368c5597d5ec38f1dede7ecdbf0e7c271fd549bddb5cb4e8b0b2c3b80a6,36d0b1f57d820b26ea77464355395b726eba7cdb58bfcaeaa021e8e687fd331e,Apple M1 Max,Darwin 25.5.0 arm64,bench,unchecked,10,5,1,2^100-15,SHA-256,1/2,4,absent_in_latency_binary;shared_atomic_peak_allocator_in_memory_binary,0x5533326d756c0064,latency,1,delayed-barrett,barrett,16,65536,1,88.218834000,8.674583000,2.630291000,2.891958000,3.084958000,10.775291000,68.592583000,21.696625000,6.411708000,10.719875000,4.493667000,true,65536,1,262144,196608,262144,8388608,1048576,1936,136908,0xb644a9fa81cbc134,58.914707,16.901691,2
u32 x u32 -> u64 Spartan PIOP + F2Z,2026-08-27,2026-08-27T14:40:42Z,669fed1731d7f1dcb7ecabd71735b7cdbb4e1636,true,9c66b368c5597d5ec38f1dede7ecdbf0e7c271fd549bddb5cb4e8b0b2c3b80a6,36d0b1f57d820b26ea77464355395b726eba7cdb58bfcaeaa021e8e687fd331e,Apple M1 Max,Darwin 25.5.0 arm64,bench,unchecked,10,5,1,2^100-15,SHA-256,1/2,4,absent_in_latency_binary;shared_atomic_peak_allocator_in_memory_binary,0x5533326d756c0064,latency,1,delayed-barrett,barrett,16,65536,2,86.586125000,9.241000000,3.105667000,2.844875000,3.222708000,10.921833000,66.244959000,21.696750000,6.358500000,10.918084000,4.354459000,true,65536,1,262144,196608,262144,8388608,1048576,1936,136908,0xb644a9fa81cbc134,58.914707,16.901691,2
u32 x u32 -> u64 Spartan PIOP + F2Z,2026-08-27,2026-08-27T14:40:42Z,669fed1731d7f1dcb7ecabd71735b7cdbb4e1636,true,9c66b368c5597d5ec38f1dede7ecdbf0e7c271fd549bddb5cb4e8b0b2c3b80a6,36d0b1f57d820b26ea77464355395b726eba7cdb58bfcaeaa021e8e687fd331e,Apple M1 Max,Darwin 25.5.0 arm64,bench,unchecked,10,5,1,2^100-15,SHA-256,1/2,4,absent_in_latency_binary;shared_atomic_peak_allocator_in_memory_binary,0x5533326d756c0064,latency,1,delayed-barrett,barrett,16,65536,3,87.703500000,8.624625000,2.501625000,2.868208000,3.186417000,10.803167000,68.107375000,21.791584000,6.417375000,10.805375000,4.501166000,true,65536,1,262144,196608,262144,8388608,1048576,1936,136908,0xb644a9fa81cbc134,58.914707,16.901691,2
u32 x u32 -> u64 Spartan PIOP + F2Z,2026-08-27,2026-08-27T14:40:42Z,669fed1731d7f1dcb7ecabd71735b7cdbb4e1636,true,9c66b368c5597d5ec38f1dede7ecdbf0e7c271fd549bddb5cb4e8b0b2c3b80a6,36d0b1f57d820b26ea77464355395b726eba7cdb58bfcaeaa021e8e687fd331e,Apple M1 Max,Darwin 25.5.0 arm64,bench,unchecked,10,5,1,2^100-15,SHA-256,1/2,4,absent_in_latency_binary;shared_atomic_peak_allocator_in_memory_binary,0x5533326d756c0064,latency,1,delayed-barrett,barrett,16,65536,4,87.828917000,9.199542000,2.546042000,2.869667000,3.716625000,10.925250000,67.536042000,22.109334000,6.477583000,11.045750000,4.513541000,true,65536,1,262144,196608,262144,8388608,1048576,1936,136908,0xb644a9fa81cbc134,58.914707,16.901691,2
u32 x u32 -> u64 Spartan PIOP + F2Z,2026-08-27,2026-08-27T14:40:42Z,669fed1731d7f1dcb7ecabd71735b7cdbb4e1636,true,9c66b368c5597d5ec38f1dede7ecdbf0e7c271fd549bddb5cb4e8b0b2c3b80a6,36d0b1f57d820b26ea77464355395b726eba7cdb58bfcaeaa021e8e687fd331e,Apple M1 Max,Darwin 25.5.0 arm64,bench,unchecked,10,5,1,2^100-15,SHA-256,1/2,4,absent_in_latency_binary;shared_atomic_peak_allocator_in_memory_binary,0x5533326d756c0064,latency,2,immediate,immediate,16,65536,0,114.869709000,20.722958000,2.662208000,2.952125000,3.091666000,10.890000000,69.321625000,21.236458000,6.332916000,10.781792000,4.039250000,true,65536,1,262144,196608,262144,8388608,1048576,1936,136908,0xb644a9fa81cbc134,76.914964,16.901691,1
u32 x u32 -> u64 Spartan PIOP + F2Z,2026-08-27,2026-08-27T14:40:42Z,669fed1731d7f1dcb7ecabd71735b7cdbb4e1636,true,9c66b368c5597d5ec38f1dede7ecdbf0e7c271fd549bddb5cb4e8b0b2c3b80a6,36d0b1f57d820b26ea77464355395b726eba7cdb58bfcaeaa021e8e687fd331e,Apple M1 Max,Darwin 25.5.0 arm64,bench,unchecked,10,5,1,2^100-15,SHA-256,1/2,4,absent_in_latency_binary;shared_atomic_peak_allocator_in_memory_binary,0x5533326d756c0064,latency,2,immediate,immediate,16,65536,1,111.380458000,19.110625000,2.607708000,2.975667000,3.215625000,10.874042000,67.418875000,21.581166000,6.320208000,10.780791000,4.417458000,true,65536,1,262144,196608,262144,8388608,1048576,1936,136908,0xb644a9fa81cbc134,76.914964,16.901691,1
u32 x u32 -> u64 Spartan PIOP + F2Z,2026-08-27,2026-08-27T14:40:42Z,669fed1731d7f1dcb7ecabd71735b7cdbb4e1636,true,9c66b368c5597d5ec38f1dede7ecdbf0e7c271fd549bddb5cb4e8b0b2c3b80a6,36d0b1f57d820b26ea77464355395b726eba7cdb58bfcaeaa021e8e687fd331e,Apple M1 Max,Darwin 25.5.0 arm64,bench,unchecked,10,5,1,2^100-15,SHA-256,1/2,4,absent_in_latency_binary;shared_atomic_peak_allocator_in_memory_binary,0x5533326d756c0064,latency,2,immediate,immediate,16,65536,2,112.531375000,18.566209000,2.674250000,2.884292000,2.850542000,10.813000000,69.220458000,21.551541000,6.377792000,10.860250000,4.245500000,true,65536,1,262144,196608,262144,8388608,1048576,1936,136908,0xb644a9fa81cbc134,76.914964,16.901691,1
u32 x u32 -> u64 Spartan PIOP + F2Z,2026-08-27,2026-08-27T14:40:42Z,669fed1731d7f1dcb7ecabd71735b7cdbb4e1636,true,9c66b368c5597d5ec38f1dede7ecdbf0e7c271fd549bddb5cb4e8b0b2c3b80a6,36d0b1f57d820b26ea77464355395b726eba7cdb58bfcaeaa021e8e687fd331e,Apple M1 Max,Darwin 25.5.0 arm64,bench,unchecked,10,5,1,2^100-15,SHA-256,1/2,4,absent_in_latency_binary;shared_atomic_peak_allocator_in_memory_binary,0x5533326d756c0064,latency,2,immediate,immediate,16,65536,3,111.910083000,19.663500000,3.489666000,2.943458000,3.182500000,10.915542000,67.503416000,21.472167000,6.332334000,10.804041000,4.275625000,true,65536,1,262144,196608,262144,8388608,1048576,1936,136908,0xb644a9fa81cbc134,76.914964,16.901691,1
u32 x u32 -> u64 Spartan PIOP + F2Z,2026-08-27,2026-08-27T14:40:42Z,669fed1731d7f1dcb7ecabd71735b7cdbb4e1636,true,9c66b368c5597d5ec38f1dede7ecdbf0e7c271fd549bddb5cb4e8b0b2c3b80a6,36d0b1f57d820b26ea77464355395b726eba7cdb58bfcaeaa021e8e687fd331e,Apple M1 Max,Darwin 25.5.0 arm64,bench,unchecked,10,5,1,2^100-15,SHA-256,1/2,4,absent_in_latency_binary;shared_atomic_peak_allocator_in_memory_binary,0x5533326d756c0064,latency,2,immediate,immediate,16,65536,4,111.231709000,19.941459000,3.482459000,2.931041000,3.277750000,10.735375000,66.674250000,21.561333000,6.440875000,10.869584000,4.182125000,true,65536,1,262144,196608,262144,8388608,1048576,1936,136908,0xb644a9fa81cbc134,76.914964,16.901691,1
u32 x u32 -> u64 Spartan PIOP + F2Z,2026-08-27,2026-08-27T14:40:42Z,669fed1731d7f1dcb7ecabd71735b7cdbb4e1636,true,9c66b368c5597d5ec38f1dede7ecdbf0e7c271fd549bddb5cb4e8b0b2c3b80a6,36d0b1f57d820b26ea77464355395b726eba7cdb58bfcaeaa021e8e687fd331e,Apple M1 Max,Darwin 25.5.0 arm64,bench,unchecked,10,5,1,2^100-15,SHA-256,1/2,4,absent_in_latency_binary;shared_atomic_peak_allocator_in_memory_binary,0x5533326d756c0064,latency,3,delayed-crypto-bigint,crypto-bigint,16,65536,0,93.565458000,12.161708000,3.886250000,2.932750000,5.273333000,10.760833000,70.492583000,22.529958000,6.564750000,10.996959000,4.897458000,true,65536,1,262144,196608,262144,8388608,1048576,1936,136908,0xb644a9fa81cbc134,58.914707,16.901691,3
u32 x u32 -> u64 Spartan PIOP + F2Z,2026-08-27,2026-08-27T14:40:42Z,669fed1731d7f1dcb7ecabd71735b7cdbb4e1636,true,9c66b368c5597d5ec38f1dede7ecdbf0e7c271fd549bddb5cb4e8b0b2c3b80a6,36d0b1f57d820b26ea77464355395b726eba7cdb58bfcaeaa021e8e687fd331e,Apple M1 Max,Darwin 25.5.0 arm64,bench,unchecked,10,5,1,2^100-15,SHA-256,1/2,4,absent_in_latency_binary;shared_atomic_peak_allocator_in_memory_binary,0x5533326d756c0064,latency,3,delayed-crypto-bigint,crypto-bigint,16,65536,1,91.965542000,12.834000000,4.192000000,3.035500000,5.538583000,10.996125000,67.971583000,21.652625000,6.267000000,10.958750000,4.362791000,true,65536,1,262144,196608,262144,8388608,1048576,1936,136908,0xb644a9fa81cbc134,58.914707,16.901691,3
u32 x u32 -> u64 Spartan PIOP + F2Z,2026-08-27,2026-08-27T14:40:42Z,669fed1731d7f1dcb7ecabd71735b7cdbb4e1636,true,9c66b368c5597d5ec38f1dede7ecdbf0e7c271fd549bddb5cb4e8b0b2c3b80a6,36d0b1f57d820b26ea77464355395b726eba7cdb58bfcaeaa021e8e687fd331e,Apple M1 Max,Darwin 25.5.0 arm64,bench,unchecked,10,5,1,2^100-15,SHA-256,1/2,4,absent_in_latency_binary;shared_atomic_peak_allocator_in_memory_binary,0x5533326d756c0064,latency,3,delayed-crypto-bigint,crypto-bigint,16,65536,2,91.258125000,12.241166000,4.054167000,2.899583000,5.210125000,10.852125000,67.945917000,22.080875000,6.459917000,10.837167000,4.703916000,true,65536,1,262144,196608,262144,8388608,1048576,1936,136908,0xb644a9fa81cbc134,58.914707,16.901691,3
u32 x u32 -> u64 Spartan PIOP + F2Z,2026-08-27,2026-08-27T14:40:42Z,669fed1731d7f1dcb7ecabd71735b7cdbb4e1636,true,9c66b368c5597d5ec38f1dede7ecdbf0e7c271fd549bddb5cb4e8b0b2c3b80a6,36d0b1f57d820b26ea77464355395b726eba7cdb58bfcaeaa021e8e687fd331e,Apple M1 Max,Darwin 25.5.0 arm64,bench,unchecked,10,5,1,2^100-15,SHA-256,1/2,4,absent_in_latency_binary;shared_atomic_peak_allocator_in_memory_binary,0x5533326d756c0064,latency,3,delayed-crypto-bigint,crypto-bigint,16,65536,3,89.745375000,11.473584000,3.827791000,2.901750000,4.676416000,10.815375000,67.279333000,21.741916000,6.357417000,10.827334000,4.485917000,true,65536,1,262144,196608,262144,8388608,1048576,1936,136908,0xb644a9fa81cbc134,58.914707,16.901691,3
u32 x u32 -> u64 Spartan PIOP + F2Z,2026-08-27,2026-08-27T14:40:42Z,669fed1731d7f1dcb7ecabd71735b7cdbb4e1636,true,9c66b368c5597d5ec38f1dede7ecdbf0e7c271fd549bddb5cb4e8b0b2c3b80a6,36d0b1f57d820b26ea77464355395b726eba7cdb58bfcaeaa021e8e687fd331e,Apple M1 Max,Darwin 25.5.0 arm64,bench,unchecked,10,5,1,2^100-15,SHA-256,1/2,4,absent_in_latency_binary;shared_atomic_peak_allocator_in_memory_binary,0x5533326d756c0064,latency,3,delayed-crypto-bigint,crypto-bigint,16,65536,4,92.008958000,12.286083000,4.347958000,2.893791000,4.971917000,10.890375000,68.614417000,21.821417000,6.405875000,10.851333000,4.501459000,true,65536,1,262144,196608,262144,8388608,1048576,1936,136908,0xb644a9fa81cbc134,58.914707,16.901691,3
u32 x u32 -> u64 Spartan PIOP + F2Z,2026-08-27,2026-08-27T14:40:42Z,669fed1731d7f1dcb7ecabd71735b7cdbb4e1636,true,9c66b368c5597d5ec38f1dede7ecdbf0e7c271fd549bddb5cb4e8b0b2c3b80a6,36d0b1f57d820b26ea77464355395b726eba7cdb58bfcaeaa021e8e687fd331e,Apple M1 Max,Darwin 25.5.0 arm64,bench,unchecked,10,5,1,2^100-15,SHA-256,1/2,4,absent_in_latency_binary;shared_atomic_peak_allocator_in_memory_binary,0x5533326d756c0064,latency,1,immediate,immediate,17,131072,0,160.453583000,40.540334000,4.322875000,5.817250000,6.555209000,21.495458000,69.000584000,40.173666000,12.695750000,21.276417000,6.134292000,true,131072,1,524288,393216,524288,16777216,2097152,2048,148968,0xd49c273c069e3d01,153.728471,33.714436,1
u32 x u32 -> u64 Spartan PIOP + F2Z,2026-08-27,2026-08-27T14:40:42Z,669fed1731d7f1dcb7ecabd71735b7cdbb4e1636,true,9c66b368c5597d5ec38f1dede7ecdbf0e7c271fd549bddb5cb4e8b0b2c3b80a6,36d0b1f57d820b26ea77464355395b726eba7cdb58bfcaeaa021e8e687fd331e,Apple M1 Max,Darwin 25.5.0 arm64,bench,unchecked,10,5,1,2^100-15,SHA-256,1/2,4,absent_in_latency_binary;shared_atomic_peak_allocator_in_memory_binary,0x5533326d756c0064,latency,1,immediate,immediate,17,131072,1,161.429292000,40.227125000,4.761458000,5.788958000,5.668583000,21.473625000,70.431916000,40.241583000,12.729292000,21.502750000,5.938792000,true,131072,1,524288,393216,524288,16777216,2097152,2048,148968,0xd49c273c069e3d01,153.728471,33.714436,1
u32 x u32 -> u64 Spartan PIOP + F2Z,2026-08-27,2026-08-27T14:40:42Z,669fed1731d7f1dcb7ecabd71735b7cdbb4e1636,true,9c66b368c5597d5ec38f1dede7ecdbf0e7c271fd549bddb5cb4e8b0b2c3b80a6,36d0b1f57d820b26ea77464355395b726eba7cdb58bfcaeaa021e8e687fd331e,Apple M1 Max,Darwin 25.5.0 arm64,bench,unchecked,10,5,1,2^100-15,SHA-256,1/2,4,absent_in_latency_binary;shared_atomic_peak_allocator_in_memory_binary,0x5533326d756c0064,latency,1,immediate,immediate,17,131072,2,165.937709000,40.298041000,5.448958000,5.924917000,6.432708000,21.592875000,74.331000000,40.571625000,12.929916000,21.765916000,5.809709000,true,131072,1,524288,393216,524288,16777216,2097152,2048,148968,0xd49c273c069e3d01,153.728471,33.714436,1
u32 x u32 -> u64 Spartan PIOP + F2Z,2026-08-27,2026-08-27T14:40:42Z,669fed1731d7f1dcb7ecabd71735b7cdbb4e1636,true,9c66b368c5597d5ec38f1dede7ecdbf0e7c271fd549bddb5cb4e8b0b2c3b80a6,36d0b1f57d820b26ea77464355395b726eba7cdb58bfcaeaa021e8e687fd331e,Apple M1 Max,Darwin 25.5.0 arm64,bench,unchecked,10,5,1,2^100-15,SHA-256,1/2,4,absent_in_latency_binary;shared_atomic_peak_allocator_in_memory_binary,0x5533326d756c0064,latency,1,immediate,immediate,17,131072,3,170.455500000,42.360791000,6.473500000,5.920416000,7.574958000,21.939916000,76.087000000,40.873792000,12.890291000,21.791708000,6.122209000,true,131072,1,524288,393216,524288,16777216,2097152,2048,148968,0xd49c273c069e3d01,153.728471,33.714436,1
u32 x u32 -> u64 Spartan PIOP + F2Z,2026-08-27,2026-08-27T14:40:42Z,669fed1731d7f1dcb7ecabd71735b7cdbb4e1636,true,9c66b368c5597d5ec38f1dede7ecdbf0e7c271fd549bddb5cb4e8b0b2c3b80a6,36d0b1f57d820b26ea77464355395b726eba7cdb58bfcaeaa021e8e687fd331e,Apple M1 Max,Darwin 25.5.0 arm64,bench,unchecked,10,5,1,2^100-15,SHA-256,1/2,4,absent_in_latency_binary;shared_atomic_peak_allocator_in_memory_binary,0x5533326d756c0064,latency,1,immediate,immediate,17,131072,4,160.744417000,40.118708000,4.541083000,5.900208000,5.647250000,21.635084000,68.557541000,40.640666000,13.079625000,21.742542000,5.751250000,true,131072,1,524288,393216,524288,16777216,2097152,2048,148968,0xd49c273c069e3d01,153.728471,33.714436,1
u32 x u32 -> u64 Spartan PIOP + F2Z,2026-08-27,2026-08-27T14:40:42Z,669fed1731d7f1dcb7ecabd71735b7cdbb4e1636,true,9c66b368c5597d5ec38f1dede7ecdbf0e7c271fd549bddb5cb4e8b0b2c3b80a6,36d0b1f57d820b26ea77464355395b726eba7cdb58bfcaeaa021e8e687fd331e,Apple M1 Max,Darwin 25.5.0 arm64,bench,unchecked,10,5,1,2^100-15,SHA-256,1/2,4,absent_in_latency_binary;shared_atomic_peak_allocator_in_memory_binary,0x5533326d756c0064,latency,2,delayed-barrett,barrett,17,131072,0,107.735292000,16.108792000,3.964833000,5.780500000,6.248583000,21.583416000,69.769334000,40.218375000,12.713291000,21.451708000,5.978917000,true,131072,1,524288,393216,524288,16777216,2097152,2048,148968,0xd49c273c069e3d01,117.728214,33.714436,2
u32 x u32 -> u64 Spartan PIOP + F2Z,2026-08-27,2026-08-27T14:40:42Z,669fed1731d7f1dcb7ecabd71735b7cdbb4e1636,true,9c66b368c5597d5ec38f1dede7ecdbf0e7c271fd549bddb5cb4e8b0b2c3b80a6,36d0b1f57d820b26ea77464355395b726eba7cdb58bfcaeaa021e8e687fd331e,Apple M1 Max,Darwin 25.5.0 arm64,bench,unchecked,10,5,1,2^100-15,SHA-256,1/2,4,absent_in_latency_binary;shared_atomic_peak_allocator_in_memory_binary,0x5533326d756c0064,latency,2,delayed-barrett,barrett,17,131072,1,112.856083000,15.238584000,3.584625000,5.674792000,5.866875000,21.578917000,75.737959000,40.242417000,12.900500000,21.544833000,5.731458000,true,131072,1,524288,393216,524288,16777216,2097152,2048,148968,0xd49c273c069e3d01,117.728214,33.714436,2
u32 x u32 -> u64 Spartan PIOP + F2Z,2026-08-27,2026-08-27T14:40:42Z,669fed1731d7f1dcb7ecabd71735b7cdbb4e1636,true,9c66b368c5597d5ec38f1dede7ecdbf0e7c271fd549bddb5cb4e8b0b2c3b80a6,36d0b1f57d820b26ea77464355395b726eba7cdb58bfcaeaa021e8e687fd331e,Apple M1 Max,Darwin 25.5.0 arm64,bench,unchecked,10,5,1,2^100-15,SHA-256,1/2,4,absent_in_latency_binary;shared_atomic_peak_allocator_in_memory_binary,0x5533326d756c0064,latency,2,delayed-barrett,barrett,17,131072,2,106.252500000,15.707208000,4.138917000,5.778750000,5.676375000,21.593041000,68.682125000,40.890750000,12.746917000,21.750458000,6.325000000,true,131072,1,524288,393216,524288,16777216,2097152,2048,148968,0xd49c273c069e3d01,117.728214,33.714436,2
u32 x u32 -> u64 Spartan PIOP + F2Z,2026-08-27,2026-08-27T14:40:42Z,669fed1731d7f1dcb7ecabd71735b7cdbb4e1636,true,9c66b368c5597d5ec38f1dede7ecdbf0e7c271fd549bddb5cb4e8b0b2c3b80a6,36d0b1f57d820b26ea77464355395b726eba7cdb58bfcaeaa021e8e687fd331e,Apple M1 Max,Darwin 25.5.0 arm64,bench,unchecked,10,5,1,2^100-15,SHA-256,1/2,4,absent_in_latency_binary;shared_atomic_peak_allocator_in_memory_binary,0x5533326d756c0064,latency,2,delayed-barrett,barrett,17,131072,3,111.562584000,16.854333000,4.220416000,5.793292000,6.719084000,21.612917000,72.821625000,40.661958000,12.826584000,21.897167000,5.865375000,true,131072,1,524288,393216,524288,16777216,2097152,2048,148968,0xd49c273c069e3d01,117.728214,33.714436,2
u32 x u32 -> u64 Spartan PIOP + F2Z,2026-08-27,2026-08-27T14:40:42Z,669fed1731d7f1dcb7ecabd71735b7cdbb4e1636,true,9c66b368c5597d5ec38f1dede7ecdbf0e7c271fd549bddb5cb4e8b0b2c3b80a6,36d0b1f57d820b26ea77464355395b726eba7cdb58bfcaeaa021e8e687fd331e,Apple M1 Max,Darwin 25.5.0 arm64,bench,unchecked,10,5,1,2^100-15,SHA-256,1/2,4,absent_in_latency_binary;shared_atomic_peak_allocator_in_memory_binary,0x5533326d756c0064,latency,2,delayed-barrett,barrett,17,131072,4,111.633917000,16.869750000,3.968958000,5.875709000,6.909917000,21.535292000,72.954542000,40.886667000,12.958625000,21.807917000,6.054542000,true,131072,1,524288,393216,524288,16777216,2097152,2048,148968,0xd49c273c069e3d01,117.728214,33.714436,2
u32 x u32 -> u64 Spartan PIOP + F2Z,2026-08-27,2026-08-27T14:40:42Z,669fed1731d7f1dcb7ecabd71735b7cdbb4e1636,true,9c66b368c5597d5ec38f1dede7ecdbf0e7c271fd549bddb5cb4e8b0b2c3b80a6,36d0b1f57d820b26ea77464355395b726eba7cdb58bfcaeaa021e8e687fd331e,Apple M1 Max,Darwin 25.5.0 arm64,bench,unchecked,10,5,1,2^100-15,SHA-256,1/2,4,absent_in_latency_binary;shared_atomic_peak_allocator_in_memory_binary,0x5533326d756c0064,latency,3,delayed-crypto-bigint,crypto-bigint,17,131072,0,116.724375000,21.980333000,6.562042000,5.758792000,9.539500000,21.513417000,72.928791000,40.242041000,12.653292000,21.722541000,5.795709000,true,131072,1,524288,393216,524288,16777216,2097152,2048,148968,0xd49c273c069e3d01,117.728214,33.714436,3
u32 x u32 -> u64 Spartan PIOP + F2Z,2026-08-27,2026-08-27T14:40:42Z,669fed1731d7f1dcb7ecabd71735b7cdbb4e1636,true,9c66b368c5597d5ec38f1dede7ecdbf0e7c271fd549bddb5cb4e8b0b2c3b80a6,36d0b1f57d820b26ea77464355395b726eba7cdb58bfcaeaa021e8e687fd331e,Apple M1 Max,Darwin 25.5.0 arm64,bench,unchecked,10,5,1,2^100-15,SHA-256,1/2,4,absent_in_latency_binary;shared_atomic_peak_allocator_in_memory_binary,0x5533326d756c0064,latency,3,delayed-crypto-bigint,crypto-bigint,17,131072,1,111.176833000,21.377333000,6.476292000,5.837250000,8.944250000,21.611083000,67.920292000,40.521750000,12.846791000,21.562458000,6.048917000,true,131072,1,524288,393216,524288,16777216,2097152,2048,148968,0xd49c273c069e3d01,117.728214,33.714436,3
u32 x u32 -> u64 Spartan PIOP + F2Z,2026-08-27,2026-08-27T14:40:42Z,669fed1731d7f1dcb7ecabd71735b7cdbb4e1636,true,9c66b368c5597d5ec38f1dede7ecdbf0e7c271fd549bddb5cb4e8b0b2c3b80a6,36d0b1f57d820b26ea77464355395b726eba7cdb58bfcaeaa021e8e687fd331e,Apple M1 Max,Darwin 25.5.0 arm64,bench,unchecked,10,5,1,2^100-15,SHA-256,1/2,4,absent_in_latency_binary;shared_atomic_peak_allocator_in_memory_binary,0x5533326d756c0064,latency,3,delayed-crypto-bigint,crypto-bigint,17,131072,2,116.531500000,20.772000000,6.244375000,5.750875000,8.658833000,21.702625000,73.787667000,40.711000000,12.915167000,21.775000000,5.950333000,true,131072,1,524288,393216,524288,16777216,2097152,2048,148968,0xd49c273c069e3d01,117.728214,33.714436,3
u32 x u32 -> u64 Spartan PIOP + F2Z,2026-08-27,2026-08-27T14:40:42Z,669fed1731d7f1dcb7ecabd71735b7cdbb4e1636,true,9c66b368c5597d5ec38f1dede7ecdbf0e7c271fd549bddb5cb4e8b0b2c3b80a6,36d0b1f57d820b26ea77464355395b726eba7cdb58bfcaeaa021e8e687fd331e,Apple M1 Max,Darwin 25.5.0 arm64,bench,unchecked,10,5,1,2^100-15,SHA-256,1/2,4,absent_in_latency_binary;shared_atomic_peak_allocator_in_memory_binary,0x5533326d756c0064,latency,3,delayed-crypto-bigint,crypto-bigint,17,131072,3,116.923458000,21.542958000,6.290708000,5.750042000,9.385042000,21.478500000,73.607458000,39.787375000,12.808750000,21.513708000,5.390334000,true,131072,1,524288,393216,524288,16777216,2097152,2048,148968,0xd49c273c069e3d01,117.728214,33.714436,3
u32 x u32 -> u64 Spartan PIOP + F2Z,2026-08-27,2026-08-27T14:40:42Z,669fed1731d7f1dcb7ecabd71735b7cdbb4e1636,true,9c66b368c5597d5ec38f1dede7ecdbf0e7c271fd549bddb5cb4e8b0b2c3b80a6,36d0b1f57d820b26ea77464355395b726eba7cdb58bfcaeaa021e8e687fd331e,Apple M1 Max,Darwin 25.5.0 arm64,bench,unchecked,10,5,1,2^100-15,SHA-256,1/2,4,absent_in_latency_binary;shared_atomic_peak_allocator_in_memory_binary,0x5533326d756c0064,latency,3,delayed-crypto-bigint,crypto-bigint,17,131072,4,118.125541000,21.914084000,6.350834000,5.826667000,9.617750000,21.664917000,74.257584000,40.692709000,12.763000000,21.474000000,6.392792000,true,131072,1,524288,393216,524288,16777216,2097152,2048,148968,0xd49c273c069e3d01,117.728214,33.714436,3
u32 x u32 -> u64 Spartan PIOP + F2Z,2026-08-27,2026-08-27T14:40:42Z,669fed1731d7f1dcb7ecabd71735b7cdbb4e1636,true,9c66b368c5597d5ec38f1dede7ecdbf0e7c271fd549bddb5cb4e8b0b2c3b80a6,36d0b1f57d820b26ea77464355395b726eba7cdb58bfcaeaa021e8e687fd331e,Apple M1 Max,Darwin 25.5.0 arm64,bench,unchecked,10,5,1,2^100-15,SHA-256,1/2,4,absent_in_latency_binary;shared_atomic_peak_allocator_in_memory_binary,0x5533326d756c0064,latency,1,delayed-barrett,barrett,18,262144,0,160.966458000,41.415125000,10.697583000,11.914292000,18.595083000,22.078000000,96.411500000,57.728000000,27.638833000,22.971500000,7.038791000,true,262144,1,1048576,786432,1048576,33554432,4194304,2160,166320,0x4ad5bd678650b91e,235.360416,67.345875,2
u32 x u32 -> u64 Spartan PIOP + F2Z,2026-08-27,2026-08-27T14:40:42Z,669fed1731d7f1dcb7ecabd71735b7cdbb4e1636,true,9c66b368c5597d5ec38f1dede7ecdbf0e7c271fd549bddb5cb4e8b0b2c3b80a6,36d0b1f57d820b26ea77464355395b726eba7cdb58bfcaeaa021e8e687fd331e,Apple M1 Max,Darwin 25.5.0 arm64,bench,unchecked,10,5,1,2^100-15,SHA-256,1/2,4,absent_in_latency_binary;shared_atomic_peak_allocator_in_memory_binary,0x5533326d756c0064,latency,1,delayed-barrett,barrett,18,262144,1,158.641375000,35.055250000,8.005083000,12.582125000,14.232834000,23.146666000,99.698250000,54.772916000,26.280625000,21.965583000,6.446292000,true,262144,1,1048576,786432,1048576,33554432,4194304,2160,166320,0x4ad5bd678650b91e,235.360416,67.345875,2
u32 x u32 -> u64 Spartan PIOP + F2Z,2026-08-27,2026-08-27T14:40:42Z,669fed1731d7f1dcb7ecabd71735b7cdbb4e1636,true,9c66b368c5597d5ec38f1dede7ecdbf0e7c271fd549bddb5cb4e8b0b2c3b80a6,36d0b1f57d820b26ea77464355395b726eba7cdb58bfcaeaa021e8e687fd331e,Apple M1 Max,Darwin 25.5.0 arm64,bench,unchecked,10,5,1,2^100-15,SHA-256,1/2,4,absent_in_latency_binary;shared_atomic_peak_allocator_in_memory_binary,0x5533326d756c0064,latency,1,delayed-barrett,barrett,18,262144,2,150.632875000,30.033459000,7.087458000,11.724833000,11.012250000,22.261292000,97.835666000,55.664625000,26.853333000,22.276292000,6.452959000,true,262144,1,1048576,786432,1048576,33554432,4194304,2160,166320,0x4ad5bd678650b91e,235.360416,67.345875,2
u32 x u32 -> u64 Spartan PIOP + F2Z,2026-08-27,2026-08-27T14:40:42Z,669fed1731d7f1dcb7ecabd71735b7cdbb4e1636,true,9c66b368c5597d5ec38f1dede7ecdbf0e7c271fd549bddb5cb4e8b0b2c3b80a6,36d0b1f57d820b26ea77464355395b726eba7cdb58bfcaeaa021e8e687fd331e,Apple M1 Max,Darwin 25.5.0 arm64,bench,unchecked,10,5,1,2^100-15,SHA-256,1/2,4,absent_in_latency_binary;shared_atomic_peak_allocator_in_memory_binary,0x5533326d756c0064,latency,1,delayed-barrett,barrett,18,262144,3,147.657750000,31.640875000,6.736666000,11.860292000,12.809875000,22.525375000,93.012292000,54.722541000,25.986500000,21.977417000,6.672375000,true,262144,1,1048576,786432,1048576,33554432,4194304,2160,166320,0x4ad5bd678650b91e,235.360416,67.345875,2
u32 x u32 -> u64 Spartan PIOP + F2Z,2026-08-27,2026-08-27T14:40:42Z,669fed1731d7f1dcb7ecabd71735b7cdbb4e1636,true,9c66b368c5597d5ec38f1dede7ecdbf0e7c271fd549bddb5cb4e8b0b2c3b80a6,36d0b1f57d820b26ea77464355395b726eba7cdb58bfcaeaa021e8e687fd331e,Apple M1 Max,Darwin 25.5.0 arm64,bench,unchecked,10,5,1,2^100-15,SHA-256,1/2,4,absent_in_latency_binary;shared_atomic_peak_allocator_in_memory_binary,0x5533326d756c0064,latency,1,delayed-barrett,barrett,18,262144,4,152.108000000,33.846375000,6.450416000,11.801167000,15.384583000,22.082709000,95.648292000,62.562917000,33.341334000,22.421250000,6.717250000,true,262144,1,1048576,786432,1048576,33554432,4194304,2160,166320,0x4ad5bd678650b91e,235.360416,67.345875,2
u32 x u32 -> u64 Spartan PIOP + F2Z,2026-08-27,2026-08-27T14:40:42Z,669fed1731d7f1dcb7ecabd71735b7cdbb4e1636,true,9c66b368c5597d5ec38f1dede7ecdbf0e7c271fd549bddb5cb4e8b0b2c3b80a6,36d0b1f57d820b26ea77464355395b726eba7cdb58bfcaeaa021e8e687fd331e,Apple M1 Max,Darwin 25.5.0 arm64,bench,unchecked,10,5,1,2^100-15,SHA-256,1/2,4,absent_in_latency_binary;shared_atomic_peak_allocator_in_memory_binary,0x5533326d756c0064,latency,2,immediate,immediate,18,262144,0,271.956250000,94.229250000,12.127333000,12.117333000,16.997708000,22.049917000,90.791416000,54.216833000,25.654084000,22.078916000,6.406000000,true,262144,1,1048576,786432,1048576,33554432,4194304,2160,166320,0x4ad5bd678650b91e,307.360673,67.345875,1
u32 x u32 -> u64 Spartan PIOP + F2Z,2026-08-27,2026-08-27T14:40:42Z,669fed1731d7f1dcb7ecabd71735b7cdbb4e1636,true,9c66b368c5597d5ec38f1dede7ecdbf0e7c271fd549bddb5cb4e8b0b2c3b80a6,36d0b1f57d820b26ea77464355395b726eba7cdb58bfcaeaa021e8e687fd331e,Apple M1 Max,Darwin 25.5.0 arm64,bench,unchecked,10,5,1,2^100-15,SHA-256,1/2,4,absent_in_latency_binary;shared_atomic_peak_allocator_in_memory_binary,0x5533326d756c0064,latency,2,immediate,immediate,18,262144,1,258.215083000,75.259041000,10.061667000,11.750792000,11.618542000,22.347708000,100.661417000,55.667209000,26.576666000,22.288542000,6.725583000,true,262144,1,1048576,786432,1048576,33554432,4194304,2160,166320,0x4ad5bd678650b91e,307.360673,67.345875,1
u32 x u32 -> u64 Spartan PIOP + F2Z,2026-08-27,2026-08-27T14:40:42Z,669fed1731d7f1dcb7ecabd71735b7cdbb4e1636,true,9c66b368c5597d5ec38f1dede7ecdbf0e7c271fd549bddb5cb4e8b0b2c3b80a6,36d0b1f57d820b26ea77464355395b726eba7cdb58bfcaeaa021e8e687fd331e,Apple M1 Max,Darwin 25.5.0 arm64,bench,unchecked,10,5,1,2^100-15,SHA-256,1/2,4,absent_in_latency_binary;shared_atomic_peak_allocator_in_memory_binary,0x5533326d756c0064,latency,2,immediate,immediate,18,262144,2,247.109209000,72.964958000,7.909416000,11.830916000,10.892500000,21.973333000,95.377417000,53.792750000,25.579583000,21.838958000,6.296083000,true,262144,1,1048576,786432,1048576,33554432,4194304,2160,166320,0x4ad5bd678650b91e,307.360673,67.345875,1
u32 x u32 -> u64 Spartan PIOP + F2Z,2026-08-27,2026-08-27T14:40:42Z,669fed1731d7f1dcb7ecabd71735b7cdbb4e1636,true,9c66b368c5597d5ec38f1dede7ecdbf0e7c271fd549bddb5cb4e8b0b2c3b80a6,36d0b1f57d820b26ea77464355395b726eba7cdb58bfcaeaa021e8e687fd331e,Apple M1 Max,Darwin 25.5.0 arm64,bench,unchecked,10,5,1,2^100-15,SHA-256,1/2,4,absent_in_latency_binary;shared_atomic_peak_allocator_in_memory_binary,0x5533326d756c0064,latency,2,immediate,immediate,18,262144,3,242.242083000,71.422709000,8.090084000,11.811083000,10.185750000,21.735750000,92.254958000,53.996292000,25.315875000,21.677917000,6.930042000,true,262144,1,1048576,786432,1048576,33554432,4194304,2160,166320,0x4ad5bd678650b91e,307.360673,67.345875,1
u32 x u32 -> u64 Spartan PIOP + F2Z,2026-08-27,2026-08-27T14:40:42Z,669fed1731d7f1dcb7ecabd71735b7cdbb4e1636,true,9c66b368c5597d5ec38f1dede7ecdbf0e7c271fd549bddb5cb4e8b0b2c3b80a6,36d0b1f57d820b26ea77464355395b726eba7cdb58bfcaeaa021e8e687fd331e,Apple M1 Max,Darwin 25.5.0 arm64,bench,unchecked,10,5,1,2^100-15,SHA-256,1/2,4,absent_in_latency_binary;shared_atomic_peak_allocator_in_memory_binary,0x5533326d756c0064,latency,2,immediate,immediate,18,262144,4,269.970541000,81.352625000,10.454875000,11.438042000,18.968375000,21.612250000,111.203917000,53.929792000,25.275750000,21.682958000,6.900250000,true,262144,1,1048576,786432,1048576,33554432,4194304,2160,166320,0x4ad5bd678650b91e,307.360673,67.345875,1
u32 x u32 -> u64 Spartan PIOP + F2Z,2026-08-27,2026-08-27T14:40:42Z,669fed1731d7f1dcb7ecabd71735b7cdbb4e1636,true,9c66b368c5597d5ec38f1dede7ecdbf0e7c271fd549bddb5cb4e8b0b2c3b80a6,36d0b1f57d820b26ea77464355395b726eba7cdb58bfcaeaa021e8e687fd331e,Apple M1 Max,Darwin 25.5.0 arm64,bench,unchecked,10,5,1,2^100-15,SHA-256,1/2,4,absent_in_latency_binary;shared_atomic_peak_allocator_in_memory_binary,0x5533326d756c0064,latency,3,delayed-crypto-bigint,crypto-bigint,18,262144,0,173.556375000,53.646750000,16.322625000,12.144791000,24.978083000,21.624333000,97.273334000,54.020166000,25.654333000,21.787750000,6.498875000,true,262144,1,1048576,786432,1048576,33554432,4194304,2160,166320,0x4ad5bd678650b91e,235.360416,67.345875,3
u32 x u32 -> u64 Spartan PIOP + F2Z,2026-08-27,2026-08-27T14:40:42Z,669fed1731d7f1dcb7ecabd71735b7cdbb4e1636,true,9c66b368c5597d5ec38f1dede7ecdbf0e7c271fd549bddb5cb4e8b0b2c3b80a6,36d0b1f57d820b26ea77464355395b726eba7cdb58bfcaeaa021e8e687fd331e,Apple M1 Max,Darwin 25.5.0 arm64,bench,unchecked,10,5,1,2^100-15,SHA-256,1/2,4,absent_in_latency_binary;shared_atomic_peak_allocator_in_memory_binary,0x5533326d756c0064,latency,3,delayed-crypto-bigint,crypto-bigint,18,262144,1,158.540667000,46.633042000,11.479042000,11.532541000,23.412750000,21.946792000,89.437917000,54.857791000,25.659833000,22.239209000,6.879625000,true,262144,1,1048576,786432,1048576,33554432,4194304,2160,166320,0x4ad5bd678650b91e,235.360416,67.345875,3
u32 x u32 -> u64 Spartan PIOP + F2Z,2026-08-27,2026-08-27T14:40:42Z,669fed1731d7f1dcb7ecabd71735b7cdbb4e1636,true,9c66b368c5597d5ec38f1dede7ecdbf0e7c271fd549bddb5cb4e8b0b2c3b80a6,36d0b1f57d820b26ea77464355395b726eba7cdb58bfcaeaa021e8e687fd331e,Apple M1 Max,Darwin 25.5.0 arm64,bench,unchecked,10,5,1,2^100-15,SHA-256,1/2,4,absent_in_latency_binary;shared_atomic_peak_allocator_in_memory_binary,0x5533326d756c0064,latency,3,delayed-crypto-bigint,crypto-bigint,18,262144,2,154.154084000,41.135708000,12.057959000,11.475125000,17.396500000,21.906500000,90.619041000,57.788209000,25.265750000,21.757291000,10.689875000,true,262144,1,1048576,786432,1048576,33554432,4194304,2160,166320,0x4ad5bd678650b91e,235.360416,67.345875,3
u32 x u32 -> u64 Spartan PIOP + F2Z,2026-08-27,2026-08-27T14:40:42Z,669fed1731d7f1dcb7ecabd71735b7cdbb4e1636,true,9c66b368c5597d5ec38f1dede7ecdbf0e7c271fd549bddb5cb4e8b0b2c3b80a6,36d0b1f57d820b26ea77464355395b726eba7cdb58bfcaeaa021e8e687fd331e,Apple M1 Max,Darwin 25.5.0 arm64,bench,unchecked,10,5,1,2^100-15,SHA-256,1/2,4,absent_in_latency_binary;shared_atomic_peak_allocator_in_memory_binary,0x5533326d756c0064,latency,3,delayed-crypto-bigint,crypto-bigint,18,262144,3,158.536250000,46.176875000,15.712583000,11.762583000,18.109833000,22.064625000,89.211375000,53.926875000,25.299750000,21.692625000,6.855459000,true,262144,1,1048576,786432,1048576,33554432,4194304,2160,166320,0x4ad5bd678650b91e,235.360416,67.345875,3
u32 x u32 -> u64 Spartan PIOP + F2Z,2026-08-27,2026-08-27T14:40:42Z,669fed1731d7f1dcb7ecabd71735b7cdbb4e1636,true,9c66b368c5597d5ec38f1dede7ecdbf0e7c271fd549bddb5cb4e8b0b2c3b80a6,36d0b1f57d820b26ea77464355395b726eba7cdb58bfcaeaa021e8e687fd331e,Apple M1 Max,Darwin 25.5.0 arm64,bench,unchecked,10,5,1,2^100-15,SHA-256,1/2,4,absent_in_latency_binary;shared_atomic_peak_allocator_in_memory_binary,0x5533326d756c0064,latency,3,delayed-crypto-bigint,crypto-bigint,18,262144,4,163.696375000,40.356292000,11.512667000,11.456709000,17.188459000,21.690292000,101.267250000,56.385833000,25.504917000,23.886875000,6.918750000,true,262144,1,1048576,786432,1048576,33554432,4194304,2160,166320,0x4ad5bd678650b91e,235.360416,67.345875,3
u32 x u32 -> u64 Spartan PIOP + F2Z,2026-08-27,2026-08-27T14:40:42Z,669fed1731d7f1dcb7ecabd71735b7cdbb4e1636,true,9c66b368c5597d5ec38f1dede7ecdbf0e7c271fd549bddb5cb4e8b0b2c3b80a6,36d0b1f57d820b26ea77464355395b726eba7cdb58bfcaeaa021e8e687fd331e,Apple M1 Max,Darwin 25.5.0 arm64,bench,unchecked,10,5,1,2^100-15,SHA-256,1/2,4,absent_in_latency_binary;shared_atomic_peak_allocator_in_memory_binary,0x5533326d756c0064,latency,1,immediate,immediate,19,524288,0,560.160542000,195.663417000,26.365750000,24.064666000,32.651500000,44.486833000,175.593542000,102.955667000,50.913084000,43.241792000,8.721750000,true,524288,1,2097152,1572864,2097152,67108864,8388608,2272,187908,0xeb2d3aa907eb35eb,614.610757,134.595142,1
u32 x u32 -> u64 Spartan PIOP + F2Z,2026-08-27,2026-08-27T14:40:42Z,669fed1731d7f1dcb7ecabd71735b7cdbb4e1636,true,9c66b368c5597d5ec38f1dede7ecdbf0e7c271fd549bddb5cb4e8b0b2c3b80a6,36d0b1f57d820b26ea77464355395b726eba7cdb58bfcaeaa021e8e687fd331e,Apple M1 Max,Darwin 25.5.0 arm64,bench,unchecked,10,5,1,2^100-15,SHA-256,1/2,4,absent_in_latency_binary;shared_atomic_peak_allocator_in_memory_binary,0x5533326d756c0064,latency,1,immediate,immediate,19,524288,1,515.290833000,155.828834000,15.241000000,23.463583000,20.914250000,43.414542000,194.859750000,104.969083000,52.164291000,43.987667000,8.742334000,true,524288,1,2097152,1572864,2097152,67108864,8388608,2272,187908,0xeb2d3aa907eb35eb,614.610757,134.595142,1
u32 x u32 -> u64 Spartan PIOP + F2Z,2026-08-27,2026-08-27T14:40:42Z,669fed1731d7f1dcb7ecabd71735b7cdbb4e1636,true,9c66b368c5597d5ec38f1dede7ecdbf0e7c271fd549bddb5cb4e8b0b2c3b80a6,36d0b1f57d820b26ea77464355395b726eba7cdb58bfcaeaa021e8e687fd331e,Apple M1 Max,Darwin 25.5.0 arm64,bench,unchecked,10,5,1,2^100-15,SHA-256,1/2,4,absent_in_latency_binary;shared_atomic_peak_allocator_in_memory_binary,0x5533326d756c0064,latency,1,immediate,immediate,19,524288,2,583.175709000,159.594792000,15.156667000,23.610917000,23.093083000,43.663708000,258.079000000,105.902166000,53.336125000,43.521625000,8.966250000,true,524288,1,2097152,1572864,2097152,67108864,8388608,2272,187908,0xeb2d3aa907eb35eb,614.610757,134.595142,1
u32 x u32 -> u64 Spartan PIOP + F2Z,2026-08-27,2026-08-27T14:40:42Z,669fed1731d7f1dcb7ecabd71735b7cdbb4e1636,true,9c66b368c5597d5ec38f1dede7ecdbf0e7c271fd549bddb5cb4e8b0b2c3b80a6,36d0b1f57d820b26ea77464355395b726eba7cdb58bfcaeaa021e8e687fd331e,Apple M1 Max,Darwin 25.5.0 arm64,bench,unchecked,10,5,1,2^100-15,SHA-256,1/2,4,absent_in_latency_binary;shared_atomic_peak_allocator_in_memory_binary,0x5533326d756c0064,latency,1,immediate,immediate,19,524288,3,511.835583000,160.977750000,16.364666000,23.484125000,22.842750000,43.989292000,186.108208000,103.539250000,51.834000000,43.453375000,8.170000000,true,524288,1,2097152,1572864,2097152,67108864,8388608,2272,187908,0xeb2d3aa907eb35eb,614.610757,134.595142,1
u32 x u32 -> u64 Spartan PIOP + F2Z,2026-08-27,2026-08-27T14:40:42Z,669fed1731d7f1dcb7ecabd71735b7cdbb4e1636,true,9c66b368c5597d5ec38f1dede7ecdbf0e7c271fd549bddb5cb4e8b0b2c3b80a6,36d0b1f57d820b26ea77464355395b726eba7cdb58bfcaeaa021e8e687fd331e,Apple M1 Max,Darwin 25.5.0 arm64,bench,unchecked,10,5,1,2^100-15,SHA-256,1/2,4,absent_in_latency_binary;shared_atomic_peak_allocator_in_memory_binary,0x5533326d756c0064,latency,1,immediate,immediate,19,524288,4,500.902459000,164.499167000,17.871167000,23.567167000,27.039667000,43.836292000,174.206166000,103.824334000,51.580167000,43.441000000,8.721667000,true,524288,1,2097152,1572864,2097152,67108864,8388608,2272,187908,0xeb2d3aa907eb35eb,614.610757,134.595142,1
u32 x u32 -> u64 Spartan PIOP + F2Z,2026-08-27,2026-08-27T14:40:42Z,669fed1731d7f1dcb7ecabd71735b7cdbb4e1636,true,9c66b368c5597d5ec38f1dede7ecdbf0e7c271fd549bddb5cb4e8b0b2c3b80a6,36d0b1f57d820b26ea77464355395b726eba7cdb58bfcaeaa021e8e687fd331e,Apple M1 Max,Darwin 25.5.0 arm64,bench,unchecked,10,5,1,2^100-15,SHA-256,1/2,4,absent_in_latency_binary;shared_atomic_peak_allocator_in_memory_binary,0x5533326d756c0064,latency,2,delayed-barrett,barrett,19,524288,0,323.117166000,74.955500000,18.202333000,23.117042000,33.251000000,42.778083000,203.697084000,104.434708000,52.345791000,43.483834000,8.525125000,true,524288,1,2097152,1572864,2097152,67108864,8388608,2272,187908,0xeb2d3aa907eb35eb,470.610500,134.595142,2
u32 x u32 -> u64 Spartan PIOP + F2Z,2026-08-27,2026-08-27T14:40:42Z,669fed1731d7f1dcb7ecabd71735b7cdbb4e1636,true,9c66b368c5597d5ec38f1dede7ecdbf0e7c271fd549bddb5cb4e8b0b2c3b80a6,36d0b1f57d820b26ea77464355395b726eba7cdb58bfcaeaa021e8e687fd331e,Apple M1 Max,Darwin 25.5.0 arm64,bench,unchecked,10,5,1,2^100-15,SHA-256,1/2,4,absent_in_latency_binary;shared_atomic_peak_allocator_in_memory_binary,0x5533326d756c0064,latency,2,delayed-barrett,barrett,19,524288,1,305.671000000,72.818083000,12.271500000,23.240666000,36.923667000,43.258625000,188.753000000,105.399750000,51.775709000,45.327875000,8.216833000,true,524288,1,2097152,1572864,2097152,67108864,8388608,2272,187908,0xeb2d3aa907eb35eb,470.610500,134.595142,2
u32 x u32 -> u64 Spartan PIOP + F2Z,2026-08-27,2026-08-27T14:40:42Z,669fed1731d7f1dcb7ecabd71735b7cdbb4e1636,true,9c66b368c5597d5ec38f1dede7ecdbf0e7c271fd549bddb5cb4e8b0b2c3b80a6,36d0b1f57d820b26ea77464355395b726eba7cdb58bfcaeaa021e8e687fd331e,Apple M1 Max,Darwin 25.5.0 arm64,bench,unchecked,10,5,1,2^100-15,SHA-256,1/2,4,absent_in_latency_binary;shared_atomic_peak_allocator_in_memory_binary,0x5533326d756c0064,latency,2,delayed-barrett,barrett,19,524288,2,337.242792000,97.743792000,16.587584000,23.872542000,56.907250000,44.116458000,194.678709000,135.139250000,51.326250000,64.987458000,18.743583000,true,524288,1,2097152,1572864,2097152,67108864,8388608,2272,187908,0xeb2d3aa907eb35eb,470.610500,134.595142,2
u32 x u32 -> u64 Spartan PIOP + F2Z,2026-08-27,2026-08-27T14:40:42Z,669fed1731d7f1dcb7ecabd71735b7cdbb4e1636,true,9c66b368c5597d5ec38f1dede7ecdbf0e7c271fd549bddb5cb4e8b0b2c3b80a6,36d0b1f57d820b26ea77464355395b726eba7cdb58bfcaeaa021e8e687fd331e,Apple M1 Max,Darwin 25.5.0 arm64,bench,unchecked,10,5,1,2^100-15,SHA-256,1/2,4,absent_in_latency_binary;shared_atomic_peak_allocator_in_memory_binary,0x5533326d756c0064,latency,2,delayed-barrett,barrett,19,524288,3,318.044833000,85.552125000,16.395667000,29.801458000,38.621000000,43.391167000,188.080333000,103.871167000,51.591125000,43.575792000,8.629959000,true,524288,1,2097152,1572864,2097152,67108864,8388608,2272,187908,0xeb2d3aa907eb35eb,470.610500,134.595142,2
u32 x u32 -> u64 Spartan PIOP + F2Z,2026-08-27,2026-08-27T14:40:42Z,669fed1731d7f1dcb7ecabd71735b7cdbb4e1636,true,9c66b368c5597d5ec38f1dede7ecdbf0e7c271fd549bddb5cb4e8b0b2c3b80a6,36d0b1f57d820b26ea77464355395b726eba7cdb58bfcaeaa021e8e687fd331e,Apple M1 Max,Darwin 25.5.0 arm64,bench,unchecked,10,5,1,2^100-15,SHA-256,1/2,4,absent_in_latency_binary;shared_atomic_peak_allocator_in_memory_binary,0x5533326d756c0064,latency,2,delayed-barrett,barrett,19,524288,4,282.244250000,59.353000000,12.469250000,23.324625000,23.167708000,43.378083000,178.674542000,103.443125000,51.479083000,43.756375000,8.128042000,true,524288,1,2097152,1572864,2097152,67108864,8388608,2272,187908,0xeb2d3aa907eb35eb,470.610500,134.595142,2
u32 x u32 -> u64 Spartan PIOP + F2Z,2026-08-27,2026-08-27T14:40:42Z,669fed1731d7f1dcb7ecabd71735b7cdbb4e1636,true,9c66b368c5597d5ec38f1dede7ecdbf0e7c271fd549bddb5cb4e8b0b2c3b80a6,36d0b1f57d820b26ea77464355395b726eba7cdb58bfcaeaa021e8e687fd331e,Apple M1 Max,Darwin 25.5.0 arm64,bench,unchecked,10,5,1,2^100-15,SHA-256,1/2,4,absent_in_latency_binary;shared_atomic_peak_allocator_in_memory_binary,0x5533326d756c0064,latency,3,delayed-crypto-bigint,crypto-bigint,19,524288,0,324.524625000,97.882875000,27.835166000,23.456000000,46.213417000,43.770333000,180.946084000,104.344542000,52.127500000,43.623459000,8.516333000,true,524288,1,2097152,1572864,2097152,67108864,8388608,2272,187908,0xeb2d3aa907eb35eb,470.610500,134.595142,3
u32 x u32 -> u64 Spartan PIOP + F2Z,2026-08-27,2026-08-27T14:40:42Z,669fed1731d7f1dcb7ecabd71735b7cdbb4e1636,true,9c66b368c5597d5ec38f1dede7ecdbf0e7c271fd549bddb5cb4e8b0b2c3b80a6,36d0b1f57d820b26ea77464355395b726eba7cdb58bfcaeaa021e8e687fd331e,Apple M1 Max,Darwin 25.5.0 arm64,bench,unchecked,10,5,1,2^100-15,SHA-256,1/2,4,absent_in_latency_binary;shared_atomic_peak_allocator_in_memory_binary,0x5533326d756c0064,latency,3,delayed-crypto-bigint,crypto-bigint,19,524288,1,315.339250000,88.505375000,25.325875000,23.724292000,39.048667000,45.578416000,180.399375000,103.531750000,51.401208000,43.630959000,8.420375000,true,524288,1,2097152,1572864,2097152,67108864,8388608,2272,187908,0xeb2d3aa907eb35eb,470.610500,134.595142,3
u32 x u32 -> u64 Spartan PIOP + F2Z,2026-08-27,2026-08-27T14:40:42Z,669fed1731d7f1dcb7ecabd71735b7cdbb4e1636,true,9c66b368c5597d5ec38f1dede7ecdbf0e7c271fd549bddb5cb4e8b0b2c3b80a6,36d0b1f57d820b26ea77464355395b726eba7cdb58bfcaeaa021e8e687fd331e,Apple M1 Max,Darwin 25.5.0 arm64,bench,unchecked,10,5,1,2^100-15,SHA-256,1/2,4,absent_in_latency_binary;shared_atomic_peak_allocator_in_memory_binary,0x5533326d756c0064,latency,3,delayed-crypto-bigint,crypto-bigint,19,524288,2,312.120125000,78.939625000,21.434833000,23.303041000,33.788375000,43.379542000,188.888917000,105.345667000,52.316084000,43.943125000,9.012417000,true,524288,1,2097152,1572864,2097152,67108864,8388608,2272,187908,0xeb2d3aa907eb35eb,470.610500,134.595142,3
u32 x u32 -> u64 Spartan PIOP + F2Z,2026-08-27,2026-08-27T14:40:42Z,669fed1731d7f1dcb7ecabd71735b7cdbb4e1636,true,9c66b368c5597d5ec38f1dede7ecdbf0e7c271fd549bddb5cb4e8b0b2c3b80a6,36d0b1f57d820b26ea77464355395b726eba7cdb58bfcaeaa021e8e687fd331e,Apple M1 Max,Darwin 25.5.0 arm64,bench,unchecked,10,5,1,2^100-15,SHA-256,1/2,4,absent_in_latency_binary;shared_atomic_peak_allocator_in_memory_binary,0x5533326d756c0064,latency,3,delayed-crypto-bigint,crypto-bigint,19,524288,3,362.793500000,107.246750000,28.143625000,23.577042000,55.131417000,48.439500000,206.290792000,103.817500000,51.735583000,43.669167000,8.337333000,true,524288,1,2097152,1572864,2097152,67108864,8388608,2272,187908,0xeb2d3aa907eb35eb,470.610500,134.595142,3
u32 x u32 -> u64 Spartan PIOP + F2Z,2026-08-27,2026-08-27T14:40:42Z,669fed1731d7f1dcb7ecabd71735b7cdbb4e1636,true,9c66b368c5597d5ec38f1dede7ecdbf0e7c271fd549bddb5cb4e8b0b2c3b80a6,36d0b1f57d820b26ea77464355395b726eba7cdb58bfcaeaa021e8e687fd331e,Apple M1 Max,Darwin 25.5.0 arm64,bench,unchecked,10,5,1,2^100-15,SHA-256,1/2,4,absent_in_latency_binary;shared_atomic_peak_allocator_in_memory_binary,0x5533326d756c0064,latency,3,delayed-crypto-bigint,crypto-bigint,19,524288,4,336.526375000,80.322667000,22.771958000,23.436875000,33.723084000,43.861334000,211.440209000,111.319917000,57.854750000,44.142833000,9.244292000,true,524288,1,2097152,1572864,2097152,67108864,8388608,2272,187908,0xeb2d3aa907eb35eb,470.610500,134.595142,3
u32 x u32 -> u64 Spartan PIOP + F2Z,2026-08-27,2026-08-27T14:40:42Z,669fed1731d7f1dcb7ecabd71735b7cdbb4e1636,true,9c66b368c5597d5ec38f1dede7ecdbf0e7c271fd549bddb5cb4e8b0b2c3b80a6,36d0b1f57d820b26ea77464355395b726eba7cdb58bfcaeaa021e8e687fd331e,Apple M1 Max,Darwin 25.5.0 arm64,bench,unchecked,10,5,1,2^100-15,SHA-256,1/2,4,absent_in_latency_binary;shared_atomic_peak_allocator_in_memory_binary,0x5533326d756c0064,latency,1,delayed-barrett,barrett,20,1048576,0,655.650083000,175.440083000,39.745334000,47.939792000,87.004375000,46.378750000,429.185833000,190.297583000,137.210125000,43.930250000,9.084084000,true,1048576,1,4194304,3145728,4194304,134217728,16777216,2384,206864,0x0966b01084bdb1c0,941.123409,269.107288,2
u32 x u32 -> u64 Spartan PIOP + F2Z,2026-08-27,2026-08-27T14:40:42Z,669fed1731d7f1dcb7ecabd71735b7cdbb4e1636,true,9c66b368c5597d5ec38f1dede7ecdbf0e7c271fd549bddb5cb4e8b0b2c3b80a6,36d0b1f57d820b26ea77464355395b726eba7cdb58bfcaeaa021e8e687fd331e,Apple M1 Max,Darwin 25.5.0 arm64,bench,unchecked,10,5,1,2^100-15,SHA-256,1/2,4,absent_in_latency_binary;shared_atomic_peak_allocator_in_memory_binary,0x5533326d756c0064,latency,1,delayed-barrett,barrett,20,1048576,1,546.041875000,158.118916000,40.572958000,46.959208000,69.854833000,44.023250000,339.860125000,156.442209000,102.664458000,43.885708000,9.802083000,true,1048576,1,4194304,3145728,4194304,134217728,16777216,2384,206864,0x0966b01084bdb1c0,941.123409,269.107288,2
u32 x u32 -> u64 Spartan PIOP + F2Z,2026-08-27,2026-08-27T14:40:42Z,669fed1731d7f1dcb7ecabd71735b7cdbb4e1636,true,9c66b368c5597d5ec38f1dede7ecdbf0e7c271fd549bddb5cb4e8b0b2c3b80a6,36d0b1f57d820b26ea77464355395b726eba7cdb58bfcaeaa021e8e687fd331e,Apple M1 Max,Darwin 25.5.0 arm64,bench,unchecked,10,5,1,2^100-15,SHA-256,1/2,4,absent_in_latency_binary;shared_atomic_peak_allocator_in_memory_binary,0x5533326d756c0064,latency,1,delayed-barrett,barrett,20,1048576,2,475.111209000,110.259667000,22.523208000,46.882959000,40.138625000,43.686375000,319.673667000,155.644500000,102.842625000,43.828583000,8.893042000,true,1048576,1,4194304,3145728,4194304,134217728,16777216,2384,206864,0x0966b01084bdb1c0,941.123409,269.107288,2
u32 x u32 -> u64 Spartan PIOP + F2Z,2026-08-27,2026-08-27T14:40:42Z,669fed1731d7f1dcb7ecabd71735b7cdbb4e1636,true,9c66b368c5597d5ec38f1dede7ecdbf0e7c271fd549bddb5cb4e8b0b2c3b80a6,36d0b1f57d820b26ea77464355395b726eba7cdb58bfcaeaa021e8e687fd331e,Apple M1 Max,Darwin 25.5.0 arm64,bench,unchecked,10,5,1,2^100-15,SHA-256,1/2,4,absent_in_latency_binary;shared_atomic_peak_allocator_in_memory_binary,0x5533326d756c0064,latency,1,delayed-barrett,barrett,20,1048576,3,480.839167000,114.815833000,25.056667000,46.531625000,42.491375000,43.833750000,320.582625000,155.617334000,103.109041000,43.506042000,8.927291000,true,1048576,1,4194304,3145728,4194304,134217728,16777216,2384,206864,0x0966b01084bdb1c0,941.123409,269.107288,2
u32 x u32 -> u64 Spartan PIOP + F2Z,2026-08-27,2026-08-27T14:40:42Z,669fed1731d7f1dcb7ecabd71735b7cdbb4e1636,true,9c66b368c5597d5ec38f1dede7ecdbf0e7c271fd549bddb5cb4e8b0b2c3b80a6,36d0b1f57d820b26ea77464355395b726eba7cdb58bfcaeaa021e8e687fd331e,Apple M1 Max,Darwin 25.5.0 arm64,bench,unchecked,10,5,1,2^100-15,SHA-256,1/2,4,absent_in_latency_binary;shared_atomic_peak_allocator_in_memory_binary,0x5533326d756c0064,latency,1,delayed-barrett,barrett,20,1048576,4,498.070708000,119.374958000,22.858792000,46.575250000,49.199792000,43.748000000,333.346083000,157.191042000,104.016666000,43.673333000,9.420583000,true,1048576,1,4194304,3145728,4194304,134217728,16777216,2384,206864,0x0966b01084bdb1c0,941.123409,269.107288,2
u32 x u32 -> u64 Spartan PIOP + F2Z,2026-08-27,2026-08-27T14:40:42Z,669fed1731d7f1dcb7ecabd71735b7cdbb4e1636,true,9c66b368c5597d5ec38f1dede7ecdbf0e7c271fd549bddb5cb4e8b0b2c3b80a6,36d0b1f57d820b26ea77464355395b726eba7cdb58bfcaeaa021e8e687fd331e,Apple M1 Max,Darwin 25.5.0 arm64,bench,unchecked,10,5,1,2^100-15,SHA-256,1/2,4,absent_in_latency_binary;shared_atomic_peak_allocator_in_memory_binary,0x5533326d756c0064,latency,2,immediate,immediate,20,1048576,0,1051.288125000,376.450625000,50.479834000,46.739125000,62.009417000,43.619916000,367.041583000,191.353958000,138.073792000,43.655750000,9.545625000,true,1048576,1,4194304,3145728,4194304,134217728,16777216,2384,206864,0x0966b01084bdb1c0,1229.123666,269.107288,1
u32 x u32 -> u64 Spartan PIOP + F2Z,2026-08-27,2026-08-27T14:40:42Z,669fed1731d7f1dcb7ecabd71735b7cdbb4e1636,true,9c66b368c5597d5ec38f1dede7ecdbf0e7c271fd549bddb5cb4e8b0b2c3b80a6,36d0b1f57d820b26ea77464355395b726eba7cdb58bfcaeaa021e8e687fd331e,Apple M1 Max,Darwin 25.5.0 arm64,bench,unchecked,10,5,1,2^100-15,SHA-256,1/2,4,absent_in_latency_binary;shared_atomic_peak_allocator_in_memory_binary,0x5533326d756c0064,latency,2,immediate,immediate,20,1048576,1,946.131000000,315.989541000,34.453042000,46.299208000,59.759791000,43.596167000,317.830250000,154.973875000,102.213542000,43.533792000,9.143458000,true,1048576,1,4194304,3145728,4194304,134217728,16777216,2384,206864,0x0966b01084bdb1c0,1229.123666,269.107288,1
u32 x u32 -> u64 Spartan PIOP + F2Z,2026-08-27,2026-08-27T14:40:42Z,669fed1731d7f1dcb7ecabd71735b7cdbb4e1636,true,9c66b368c5597d5ec38f1dede7ecdbf0e7c271fd549bddb5cb4e8b0b2c3b80a6,36d0b1f57d820b26ea77464355395b726eba7cdb58bfcaeaa021e8e687fd331e,Apple M1 Max,Darwin 25.5.0 arm64,bench,unchecked,10,5,1,2^100-15,SHA-256,1/2,4,absent_in_latency_binary;shared_atomic_peak_allocator_in_memory_binary,0x5533326d756c0064,latency,2,immediate,immediate,20,1048576,2,880.160625000,275.766250000,27.020458000,46.383500000,38.502750000,43.762750000,324.783250000,156.032916000,103.127750000,43.761584000,9.064708000,true,1048576,1,4194304,3145728,4194304,134217728,16777216,2384,206864,0x0966b01084bdb1c0,1229.123666,269.107288,1
u32 x u32 -> u64 Spartan PIOP + F2Z,2026-08-27,2026-08-27T14:40:42Z,669fed1731d7f1dcb7ecabd71735b7cdbb4e1636,true,9c66b368c5597d5ec38f1dede7ecdbf0e7c271fd549bddb5cb4e8b0b2c3b80a6,36d0b1f57d820b26ea77464355395b726eba7cdb58bfcaeaa021e8e687fd331e,Apple M1 Max,Darwin 25.5.0 arm64,bench,unchecked,10,5,1,2^100-15,SHA-256,1/2,4,absent_in_latency_binary;shared_atomic_peak_allocator_in_memory_binary,0x5533326d756c0064,latency,2,immediate,immediate,20,1048576,3,897.843917000,291.737958000,26.355916000,46.782041000,53.675625000,43.689708000,331.997000000,155.326500000,102.734667000,43.656125000,8.856625000,true,1048576,1,4194304,3145728,4194304,134217728,16777216,2384,206864,0x0966b01084bdb1c0,1229.123666,269.107288,1
u32 x u32 -> u64 Spartan PIOP + F2Z,2026-08-27,2026-08-27T14:40:42Z,669fed1731d7f1dcb7ecabd71735b7cdbb4e1636,true,9c66b368c5597d5ec38f1dede7ecdbf0e7c271fd549bddb5cb4e8b0b2c3b80a6,36d0b1f57d820b26ea77464355395b726eba7cdb58bfcaeaa021e8e687fd331e,Apple M1 Max,Darwin 25.5.0 arm64,bench,unchecked,10,5,1,2^100-15,SHA-256,1/2,4,absent_in_latency_binary;shared_atomic_peak_allocator_in_memory_binary,0x5533326d756c0064,latency,2,immediate,immediate,20,1048576,4,892.533084000,303.511125000,26.329375000,46.586875000,37.982208000,43.632792000,314.776209000,154.859042000,101.955333000,43.610125000,9.216875000,true,1048576,1,4194304,3145728,4194304,134217728,16777216,2384,206864,0x0966b01084bdb1c0,1229.123666,269.107288,1
u32 x u32 -> u64 Spartan PIOP + F2Z,2026-08-27,2026-08-27T14:40:42Z,669fed1731d7f1dcb7ecabd71735b7cdbb4e1636,true,9c66b368c5597d5ec38f1dede7ecdbf0e7c271fd549bddb5cb4e8b0b2c3b80a6,36d0b1f57d820b26ea77464355395b726eba7cdb58bfcaeaa021e8e687fd331e,Apple M1 Max,Darwin 25.5.0 arm64,bench,unchecked,10,5,1,2^100-15,SHA-256,1/2,4,absent_in_latency_binary;shared_atomic_peak_allocator_in_memory_binary,0x5533326d756c0064,latency,3,delayed-crypto-bigint,crypto-bigint,20,1048576,0,584.229083000,198.898250000,58.772666000,46.574584000,92.814417000,43.379000000,337.638292000,182.376291000,129.945708000,43.526500000,8.823416000,true,1048576,1,4194304,3145728,4194304,134217728,16777216,2384,206864,0x0966b01084bdb1c0,941.123409,269.107288,3
u32 x u32 -> u64 Spartan PIOP + F2Z,2026-08-27,2026-08-27T14:40:42Z,669fed1731d7f1dcb7ecabd71735b7cdbb4e1636,true,9c66b368c5597d5ec38f1dede7ecdbf0e7c271fd549bddb5cb4e8b0b2c3b80a6,36d0b1f57d820b26ea77464355395b726eba7cdb58bfcaeaa021e8e687fd331e,Apple M1 Max,Darwin 25.5.0 arm64,bench,unchecked,10,5,1,2^100-15,SHA-256,1/2,4,absent_in_latency_binary;shared_atomic_peak_allocator_in_memory_binary,0x5533326d756c0064,latency,3,delayed-crypto-bigint,crypto-bigint,20,1048576,1,554.063084000,196.042417000,58.364083000,46.384666000,90.547167000,43.454250000,310.395375000,156.601333000,103.050458000,43.816333000,9.658041000,true,1048576,1,4194304,3145728,4194304,134217728,16777216,2384,206864,0x0966b01084bdb1c0,941.123409,269.107288,3
u32 x u32 -> u64 Spartan PIOP + F2Z,2026-08-27,2026-08-27T14:40:42Z,669fed1731d7f1dcb7ecabd71735b7cdbb4e1636,true,9c66b368c5597d5ec38f1dede7ecdbf0e7c271fd549bddb5cb4e8b0b2c3b80a6,36d0b1f57d820b26ea77464355395b726eba7cdb58bfcaeaa021e8e687fd331e,Apple M1 Max,Darwin 25.5.0 arm64,bench,unchecked,10,5,1,2^100-15,SHA-256,1/2,4,absent_in_latency_binary;shared_atomic_peak_allocator_in_memory_binary,0x5533326d756c0064,latency,3,delayed-crypto-bigint,crypto-bigint,20,1048576,2,538.906125000,156.895792000,44.138459000,46.530917000,65.506166000,43.527917000,336.985583000,155.715958000,102.691083000,43.450041000,9.501500000,true,1048576,1,4194304,3145728,4194304,134217728,16777216,2384,206864,0x0966b01084bdb1c0,941.123409,269.107288,3
u32 x u32 -> u64 Spartan PIOP + F2Z,2026-08-27,2026-08-27T14:40:42Z,669fed1731d7f1dcb7ecabd71735b7cdbb4e1636,true,9c66b368c5597d5ec38f1dede7ecdbf0e7c271fd549bddb5cb4e8b0b2c3b80a6,36d0b1f57d820b26ea77464355395b726eba7cdb58bfcaeaa021e8e687fd331e,Apple M1 Max,Darwin 25.5.0 arm64,bench,unchecked,10,5,1,2^100-15,SHA-256,1/2,4,absent_in_latency_binary;shared_atomic_peak_allocator_in_memory_binary,0x5533326d756c0064,latency,3,delayed-crypto-bigint,crypto-bigint,20,1048576,3,543.820958000,157.187875000,44.699083000,46.321083000,65.377250000,43.227750000,341.849292000,155.984209000,102.556959000,43.575583000,9.776917000,true,1048576,1,4194304,3145728,4194304,134217728,16777216,2384,206864,0x0966b01084bdb1c0,941.123409,269.107288,3
u32 x u32 -> u64 Spartan PIOP + F2Z,2026-08-27,2026-08-27T14:40:42Z,669fed1731d7f1dcb7ecabd71735b7cdbb4e1636,true,9c66b368c5597d5ec38f1dede7ecdbf0e7c271fd549bddb5cb4e8b0b2c3b80a6,36d0b1f57d820b26ea77464355395b726eba7cdb58bfcaeaa021e8e687fd331e,Apple M1 Max,Darwin 25.5.0 arm64,bench,unchecked,10,5,1,2^100-15,SHA-256,1/2,4,absent_in_latency_binary;shared_atomic_peak_allocator_in_memory_binary,0x5533326d756c0064,latency,3,delayed-crypto-bigint,crypto-bigint,20,1048576,4,547.087917000,170.715500000,44.325917000,46.295750000,79.346750000,43.553458000,331.127042000,156.162250000,102.781250000,43.619083000,9.688416000,true,1048576,1,4194304,3145728,4194304,134217728,16777216,2384,206864,0x0966b01084bdb1c0,941.123409,269.107288,3
u32 x u32 -> u64 Spartan PIOP + F2Z,2026-08-27,2026-08-27T14:40:42Z,669fed1731d7f1dcb7ecabd71735b7cdbb4e1636,true,9c66b368c5597d5ec38f1dede7ecdbf0e7c271fd549bddb5cb4e8b0b2c3b80a6,36d0b1f57d820b26ea77464355395b726eba7cdb58bfcaeaa021e8e687fd331e,Apple M1 Max,Darwin 25.5.0 arm64,bench,unchecked,10,5,1,2^100-15,SHA-256,1/2,4,absent_in_latency_binary;shared_atomic_peak_allocator_in_memory_binary,0x5533326d756c0064,latency,1,immediate,immediate,21,2097152,0,1904.210792000,680.240250000,69.084791000,92.881916000,122.077500000,86.887791000,605.824167000,304.842417000,203.965834000,86.219000000,14.567750000,true,2097152,1,8388608,6291456,8388608,268435456,33554432,2496,222292,0xafbfce5a04702ddd,2458.126110,538.107777,1
u32 x u32 -> u64 Spartan PIOP + F2Z,2026-08-27,2026-08-27T14:40:42Z,669fed1731d7f1dcb7ecabd71735b7cdbb4e1636,true,9c66b368c5597d5ec38f1dede7ecdbf0e7c271fd549bddb5cb4e8b0b2c3b80a6,36d0b1f57d820b26ea77464355395b726eba7cdb58bfcaeaa021e8e687fd331e,Apple M1 Max,Darwin 25.5.0 arm64,bench,unchecked,10,5,1,2^100-15,SHA-256,1/2,4,absent_in_latency_binary;shared_atomic_peak_allocator_in_memory_binary,0x5533326d756c0064,latency,1,immediate,immediate,21,2097152,1,1768.370542000,589.927958000,52.240416000,92.750167000,75.269834000,86.285708000,611.201959000,305.608833000,204.697250000,86.223792000,14.595667000,true,2097152,1,8388608,6291456,8388608,268435456,33554432,2496,222292,0xafbfce5a04702ddd,2458.126110,538.107777,1
u32 x u32 -> u64 Spartan PIOP + F2Z,2026-08-27,2026-08-27T14:40:42Z,669fed1731d7f1dcb7ecabd71735b7cdbb4e1636,true,9c66b368c5597d5ec38f1dede7ecdbf0e7c271fd549bddb5cb4e8b0b2c3b80a6,36d0b1f57d820b26ea77464355395b726eba7cdb58bfcaeaa021e8e687fd331e,Apple M1 Max,Darwin 25.5.0 arm64,bench,unchecked,10,5,1,2^100-15,SHA-256,1/2,4,absent_in_latency_binary;shared_atomic_peak_allocator_in_memory_binary,0x5533326d756c0064,latency,1,immediate,immediate,21,2097152,2,1761.676792000,585.035917000,56.139875000,92.605125000,76.083000000,86.231458000,615.034500000,306.651041000,205.489291000,86.590708000,14.476333000,true,2097152,1,8388608,6291456,8388608,268435456,33554432,2496,222292,0xafbfce5a04702ddd,2458.126110,538.107777,1
u32 x u32 -> u64 Spartan PIOP + F2Z,2026-08-27,2026-08-27T14:40:42Z,669fed1731d7f1dcb7ecabd71735b7cdbb4e1636,true,9c66b368c5597d5ec38f1dede7ecdbf0e7c271fd549bddb5cb4e8b0b2c3b80a6,36d0b1f57d820b26ea77464355395b726eba7cdb58bfcaeaa021e8e687fd331e,Apple M1 Max,Darwin 25.5.0 arm64,bench,unchecked,10,5,1,2^100-15,SHA-256,1/2,4,absent_in_latency_binary;shared_atomic_peak_allocator_in_memory_binary,0x5533326d756c0064,latency,1,immediate,immediate,21,2097152,3,1826.859333000,604.789834000,61.415917000,92.755958000,78.765792000,86.343209000,658.955083000,307.099459000,206.211458000,86.069375000,14.728958000,true,2097152,1,8388608,6291456,8388608,268435456,33554432,2496,222292,0xafbfce5a04702ddd,2458.126110,538.107777,1
u32 x u32 -> u64 Spartan PIOP + F2Z,2026-08-27,2026-08-27T14:40:42Z,669fed1731d7f1dcb7ecabd71735b7cdbb4e1636,true,9c66b368c5597d5ec38f1dede7ecdbf0e7c271fd549bddb5cb4e8b0b2c3b80a6,36d0b1f57d820b26ea77464355395b726eba7cdb58bfcaeaa021e8e687fd331e,Apple M1 Max,Darwin 25.5.0 arm64,bench,unchecked,10,5,1,2^100-15,SHA-256,1/2,4,absent_in_latency_binary;shared_atomic_peak_allocator_in_memory_binary,0x5533326d756c0064,latency,1,immediate,immediate,21,2097152,4,1931.693250000,653.125417000,70.539250000,93.908167000,106.087417000,87.719917000,713.133709000,308.131458000,207.405209000,86.231292000,14.402625000,true,2097152,1,8388608,6291456,8388608,268435456,33554432,2496,222292,0xafbfce5a04702ddd,2458.126110,538.107777,1
u32 x u32 -> u64 Spartan PIOP + F2Z,2026-08-27,2026-08-27T14:40:42Z,669fed1731d7f1dcb7ecabd71735b7cdbb4e1636,true,9c66b368c5597d5ec38f1dede7ecdbf0e7c271fd549bddb5cb4e8b0b2c3b80a6,36d0b1f57d820b26ea77464355395b726eba7cdb58bfcaeaa021e8e687fd331e,Apple M1 Max,Darwin 25.5.0 arm64,bench,unchecked,10,5,1,2^100-15,SHA-256,1/2,4,absent_in_latency_binary;shared_atomic_peak_allocator_in_memory_binary,0x5533326d756c0064,latency,2,delayed-barrett,barrett,21,2097152,0,994.598000000,291.546500000,64.372125000,93.057708000,132.623625000,87.048583000,608.261750000,306.941708000,205.285000000,86.728000000,14.840125000,true,2097152,1,8388608,6291456,8388608,268435456,33554432,2496,222292,0xafbfce5a04702ddd,1882.124660,538.107777,2
u32 x u32 -> u64 Spartan PIOP + F2Z,2026-08-27,2026-08-27T14:40:42Z,669fed1731d7f1dcb7ecabd71735b7cdbb4e1636,true,9c66b368c5597d5ec38f1dede7ecdbf0e7c271fd549bddb5cb4e8b0b2c3b80a6,36d0b1f57d820b26ea77464355395b726eba7cdb58bfcaeaa021e8e687fd331e,Apple M1 Max,Darwin 25.5.0 arm64,bench,unchecked,10,5,1,2^100-15,SHA-256,1/2,4,absent_in_latency_binary;shared_atomic_peak_allocator_in_memory_binary,0x5533326d756c0064,latency,2,delayed-barrett,barrett,21,2097152,1,928.655959000,213.288125000,41.068541000,93.155458000,77.632791000,86.524042000,625.544084000,306.606792000,205.305458000,86.810875000,14.406792000,true,2097152,1,8388608,6291456,8388608,268435456,33554432,2496,222292,0xafbfce5a04702ddd,1882.124660,538.107777,2
u32 x u32 -> u64 Spartan PIOP + F2Z,2026-08-27,2026-08-27T14:40:42Z,669fed1731d7f1dcb7ecabd71735b7cdbb4e1636,true,9c66b368c5597d5ec38f1dede7ecdbf0e7c271fd549bddb5cb4e8b0b2c3b80a6,36d0b1f57d820b26ea77464355395b726eba7cdb58bfcaeaa021e8e687fd331e,Apple M1 Max,Darwin 25.5.0 arm64,bench,unchecked,10,5,1,2^100-15,SHA-256,1/2,4,absent_in_latency_binary;shared_atomic_peak_allocator_in_memory_binary,0x5533326d756c0064,latency,2,delayed-barrett,barrett,21,2097152,2,914.658417000,208.450875000,38.812750000,92.796208000,75.375334000,86.856500000,616.301333000,306.008167000,204.792500000,86.790583000,14.334708000,true,2097152,1,8388608,6291456,8388608,268435456,33554432,2496,222292,0xafbfce5a04702ddd,1882.124660,538.107777,2
u32 x u32 -> u64 Spartan PIOP + F2Z,2026-08-27,2026-08-27T14:40:42Z,669fed1731d7f1dcb7ecabd71735b7cdbb4e1636,true,9c66b368c5597d5ec38f1dede7ecdbf0e7c271fd549bddb5cb4e8b0b2c3b80a6,36d0b1f57d820b26ea77464355395b726eba7cdb58bfcaeaa021e8e687fd331e,Apple M1 Max,Darwin 25.5.0 arm64,bench,unchecked,10,5,1,2^100-15,SHA-256,1/2,4,absent_in_latency_binary;shared_atomic_peak_allocator_in_memory_binary,0x5533326d756c0064,latency,2,delayed-barrett,barrett,21,2097152,3,994.297625000,210.652500000,39.389958000,93.317416000,76.520583000,86.790958000,694.168375000,307.512583000,206.416041000,86.210416000,14.800125000,true,2097152,1,8388608,6291456,8388608,268435456,33554432,2496,222292,0xafbfce5a04702ddd,1882.124660,538.107777,2
u32 x u32 -> u64 Spartan PIOP + F2Z,2026-08-27,2026-08-27T14:40:42Z,669fed1731d7f1dcb7ecabd71735b7cdbb4e1636,true,9c66b368c5597d5ec38f1dede7ecdbf0e7c271fd549bddb5cb4e8b0b2c3b80a6,36d0b1f57d820b26ea77464355395b726eba7cdb58bfcaeaa021e8e687fd331e,Apple M1 Max,Darwin 25.5.0 arm64,bench,unchecked,10,5,1,2^100-15,SHA-256,1/2,4,absent_in_latency_binary;shared_atomic_peak_allocator_in_memory_binary,0x5533326d756c0064,latency,2,delayed-barrett,barrett,21,2097152,4,952.299292000,229.056959000,43.733875000,92.276291000,91.538417000,86.510958000,633.873209000,306.922458000,205.786500000,86.475042000,14.575666000,true,2097152,1,8388608,6291456,8388608,268435456,33554432,2496,222292,0xafbfce5a04702ddd,1882.124660,538.107777,2
u32 x u32 -> u64 Spartan PIOP + F2Z,2026-08-27,2026-08-27T14:40:42Z,669fed1731d7f1dcb7ecabd71735b7cdbb4e1636,true,9c66b368c5597d5ec38f1dede7ecdbf0e7c271fd549bddb5cb4e8b0b2c3b80a6,36d0b1f57d820b26ea77464355395b726eba7cdb58bfcaeaa021e8e687fd331e,Apple M1 Max,Darwin 25.5.0 arm64,bench,unchecked,10,5,1,2^100-15,SHA-256,1/2,4,absent_in_latency_binary;shared_atomic_peak_allocator_in_memory_binary,0x5533326d756c0064,latency,3,delayed-crypto-bigint,crypto-bigint,21,2097152,0,1141.954625000,386.955541000,105.500708000,93.748417000,186.148958000,87.078833000,660.265417000,306.234959000,204.734750000,86.583291000,14.819167000,true,2097152,1,8388608,6291456,8388608,268435456,33554432,2496,222292,0xafbfce5a04702ddd,1882.124660,538.107777,3
u32 x u32 -> u64 Spartan PIOP + F2Z,2026-08-27,2026-08-27T14:40:42Z,669fed1731d7f1dcb7ecabd71735b7cdbb4e1636,true,9c66b368c5597d5ec38f1dede7ecdbf0e7c271fd549bddb5cb4e8b0b2c3b80a6,36d0b1f57d820b26ea77464355395b726eba7cdb58bfcaeaa021e8e687fd331e,Apple M1 Max,Darwin 25.5.0 arm64,bench,unchecked,10,5,1,2^100-15,SHA-256,1/2,4,absent_in_latency_binary;shared_atomic_peak_allocator_in_memory_binary,0x5533326d756c0064,latency,3,delayed-crypto-bigint,crypto-bigint,21,2097152,1,1019.696167000,308.472292000,79.314625000,93.267000000,134.481916000,86.740667000,621.499250000,307.055292000,205.616584000,86.927709000,14.412042000,true,2097152,1,8388608,6291456,8388608,268435456,33554432,2496,222292,0xafbfce5a04702ddd,1882.124660,538.107777,3
u32 x u32 -> u64 Spartan PIOP + F2Z,2026-08-27,2026-08-27T14:40:42Z,669fed1731d7f1dcb7ecabd71735b7cdbb4e1636,true,9c66b368c5597d5ec38f1dede7ecdbf0e7c271fd549bddb5cb4e8b0b2c3b80a6,36d0b1f57d820b26ea77464355395b726eba7cdb58bfcaeaa021e8e687fd331e,Apple M1 Max,Darwin 25.5.0 arm64,bench,unchecked,10,5,1,2^100-15,SHA-256,1/2,4,absent_in_latency_binary;shared_atomic_peak_allocator_in_memory_binary,0x5533326d756c0064,latency,3,delayed-crypto-bigint,crypto-bigint,21,2097152,2,1037.262250000,313.655250000,80.618042000,93.634000000,137.996791000,87.014666000,634.044417000,307.797750000,206.178708000,86.973333000,14.553667000,true,2097152,1,8388608,6291456,8388608,268435456,33554432,2496,222292,0xafbfce5a04702ddd,1882.124660,538.107777,3
u32 x u32 -> u64 Spartan PIOP + F2Z,2026-08-27,2026-08-27T14:40:42Z,669fed1731d7f1dcb7ecabd71735b7cdbb4e1636,true,9c66b368c5597d5ec38f1dede7ecdbf0e7c271fd549bddb5cb4e8b0b2c3b80a6,36d0b1f57d820b26ea77464355395b726eba7cdb58bfcaeaa021e8e687fd331e,Apple M1 Max,Darwin 25.5.0 arm64,bench,unchecked,10,5,1,2^100-15,SHA-256,1/2,4,absent_in_latency_binary;shared_atomic_peak_allocator_in_memory_binary,0x5533326d756c0064,latency,3,delayed-crypto-bigint,crypto-bigint,21,2097152,3,1017.426875000,302.290000000,81.891750000,93.112875000,125.877875000,86.503459000,625.792333000,307.080041000,205.490792000,86.603542000,14.896041000,true,2097152,1,8388608,6291456,8388608,268435456,33554432,2496,222292,0xafbfce5a04702ddd,1882.124660,538.107777,3
u32 x u32 -> u64 Spartan PIOP + F2Z,2026-08-27,2026-08-27T14:40:42Z,669fed1731d7f1dcb7ecabd71735b7cdbb4e1636,true,9c66b368c5597d5ec38f1dede7ecdbf0e7c271fd549bddb5cb4e8b0b2c3b80a6,36d0b1f57d820b26ea77464355395b726eba7cdb58bfcaeaa021e8e687fd331e,Apple M1 Max,Darwin 25.5.0 arm64,bench,unchecked,10,5,1,2^100-15,SHA-256,1/2,4,absent_in_latency_binary;shared_atomic_peak_allocator_in_memory_binary,0x5533326d756c0064,latency,3,delayed-crypto-bigint,crypto-bigint,21,2097152,4,1003.145375000,301.120167000,78.335500000,93.484084000,127.880542000,86.508334000,612.465000000,305.656833000,204.665833000,86.515917000,14.378416000,true,2097152,1,8388608,6291456,8388608,268435456,33554432,2496,222292,0xafbfce5a04702ddd,1882.124660,538.107777,3
u32 x u32 -> u64 Spartan PIOP + F2Z,2026-08-27,2026-08-27T14:40:42Z,669fed1731d7f1dcb7ecabd71735b7cdbb4e1636,true,9c66b368c5597d5ec38f1dede7ecdbf0e7c271fd549bddb5cb4e8b0b2c3b80a6,36d0b1f57d820b26ea77464355395b726eba7cdb58bfcaeaa021e8e687fd331e,Apple M1 Max,Darwin 25.5.0 arm64,bench,unchecked,10,5,1,2^100-15,SHA-256,1/2,4,absent_in_latency_binary;shared_atomic_peak_allocator_in_memory_binary,0x5533326d756c0064,latency,1,delayed-barrett,barrett,22,4194304,0,2081.467500000,574.690416000,127.474500000,186.171583000,258.249917000,87.580042000,1403.418500000,643.692709000,541.060000000,87.476167000,15.060125000,true,4194304,1,16777216,12582912,16777216,536870912,67108864,2608,260308,0xcdf7479d850aa9aa,3764.148548,1076.130848,2
u32 x u32 -> u64 Spartan PIOP + F2Z,2026-08-27,2026-08-27T14:40:42Z,669fed1731d7f1dcb7ecabd71735b7cdbb4e1636,true,9c66b368c5597d5ec38f1dede7ecdbf0e7c271fd549bddb5cb4e8b0b2c3b80a6,36d0b1f57d820b26ea77464355395b726eba7cdb58bfcaeaa021e8e687fd331e,Apple M1 Max,Darwin 25.5.0 arm64,bench,unchecked,10,5,1,2^100-15,SHA-256,1/2,4,absent_in_latency_binary;shared_atomic_peak_allocator_in_memory_binary,0x5533326d756c0064,latency,1,delayed-barrett,barrett,22,4194304,1,1960.486083000,577.128875000,130.396791000,188.248917000,255.584375000,87.973958000,1279.739584000,518.284250000,415.122708000,88.419083000,14.654959000,true,4194304,1,16777216,12582912,16777216,536870912,67108864,2608,260308,0xcdf7479d850aa9aa,3764.148548,1076.130848,2
u32 x u32 -> u64 Spartan PIOP + F2Z,2026-08-27,2026-08-27T14:40:42Z,669fed1731d7f1dcb7ecabd71735b7cdbb4e1636,true,9c66b368c5597d5ec38f1dede7ecdbf0e7c271fd549bddb5cb4e8b0b2c3b80a6,36d0b1f57d820b26ea77464355395b726eba7cdb58bfcaeaa021e8e687fd331e,Apple M1 Max,Darwin 25.5.0 arm64,bench,unchecked,10,5,1,2^100-15,SHA-256,1/2,4,absent_in_latency_binary;shared_atomic_peak_allocator_in_memory_binary,0x5533326d756c0064,latency,1,delayed-barrett,barrett,22,4194304,2,1754.280750000,432.576625000,81.781333000,187.185834000,160.748833000,87.339167000,1228.360167000,514.445166000,411.613167000,88.133084000,14.612000000,true,4194304,1,16777216,12582912,16777216,536870912,67108864,2608,260308,0xcdf7479d850aa9aa,3764.148548,1076.130848,2
u32 x u32 -> u64 Spartan PIOP + F2Z,2026-08-27,2026-08-27T14:40:42Z,669fed1731d7f1dcb7ecabd71735b7cdbb4e1636,true,9c66b368c5597d5ec38f1dede7ecdbf0e7c271fd549bddb5cb4e8b0b2c3b80a6,36d0b1f57d820b26ea77464355395b726eba7cdb58bfcaeaa021e8e687fd331e,Apple M1 Max,Darwin 25.5.0 arm64,bench,unchecked,10,5,1,2^100-15,SHA-256,1/2,4,absent_in_latency_binary;shared_atomic_peak_allocator_in_memory_binary,0x5533326d756c0064,latency,1,delayed-barrett,barrett,22,4194304,3,1781.546625000,427.952084000,83.293334000,185.720375000,156.032875000,87.472500000,1260.599208000,511.784541000,409.763750000,87.255459000,14.677625000,true,4194304,1,16777216,12582912,16777216,536870912,67108864,2608,260308,0xcdf7479d850aa9aa,3764.148548,1076.130848,2
u32 x u32 -> u64 Spartan PIOP + F2Z,2026-08-27,2026-08-27T14:40:42Z,669fed1731d7f1dcb7ecabd71735b7cdbb4e1636,true,9c66b368c5597d5ec38f1dede7ecdbf0e7c271fd549bddb5cb4e8b0b2c3b80a6,36d0b1f57d820b26ea77464355395b726eba7cdb58bfcaeaa021e8e687fd331e,Apple M1 Max,Darwin 25.5.0 arm64,bench,unchecked,10,5,1,2^100-15,SHA-256,1/2,4,absent_in_latency_binary;shared_atomic_peak_allocator_in_memory_binary,0x5533326d756c0064,latency,1,delayed-barrett,barrett,22,4194304,4,1766.397500000,412.848083000,76.110500000,185.488042000,148.408834000,87.298500000,1260.749541000,525.104792000,411.995958000,95.938208000,17.086334000,true,4194304,1,16777216,12582912,16777216,536870912,67108864,2608,260308,0xcdf7479d850aa9aa,3764.148548,1076.130848,2
u32 x u32 -> u64 Spartan PIOP + F2Z,2026-08-27,2026-08-27T14:40:42Z,669fed1731d7f1dcb7ecabd71735b7cdbb4e1636,true,9c66b368c5597d5ec38f1dede7ecdbf0e7c271fd549bddb5cb4e8b0b2c3b80a6,36d0b1f57d820b26ea77464355395b726eba7cdb58bfcaeaa021e8e687fd331e,Apple M1 Max,Darwin 25.5.0 arm64,bench,unchecked,10,5,1,2^100-15,SHA-256,1/2,4,absent_in_latency_binary;shared_atomic_peak_allocator_in_memory_binary,0x5533326d756c0064,latency,2,immediate,immediate,22,4194304,0,3867.774250000,1389.289541000,134.806458000,183.712125000,247.700875000,86.140750000,1345.286292000,620.800125000,519.954250000,85.970375000,14.773708000,true,4194304,1,16777216,12582912,16777216,536870912,67108864,2608,260308,0xcdf7479d850aa9aa,4916.149998,1076.130848,1
u32 x u32 -> u64 Spartan PIOP + F2Z,2026-08-27,2026-08-27T14:40:42Z,669fed1731d7f1dcb7ecabd71735b7cdbb4e1636,true,9c66b368c5597d5ec38f1dede7ecdbf0e7c271fd549bddb5cb4e8b0b2c3b80a6,36d0b1f57d820b26ea77464355395b726eba7cdb58bfcaeaa021e8e687fd331e,Apple M1 Max,Darwin 25.5.0 arm64,bench,unchecked,10,5,1,2^100-15,SHA-256,1/2,4,absent_in_latency_binary;shared_atomic_peak_allocator_in_memory_binary,0x5533326d756c0064,latency,2,immediate,immediate,22,4194304,1,3775.289667000,1391.712750000,140.296084000,188.166875000,261.201875000,87.885583000,1275.719500000,503.989959000,403.252583000,86.212167000,14.429250000,true,4194304,1,16777216,12582912,16777216,536870912,67108864,2608,260308,0xcdf7479d850aa9aa,4916.149998,1076.130848,1
u32 x u32 -> u64 Spartan PIOP + F2Z,2026-08-27,2026-08-27T14:40:42Z,669fed1731d7f1dcb7ecabd71735b7cdbb4e1636,true,9c66b368c5597d5ec38f1dede7ecdbf0e7c271fd549bddb5cb4e8b0b2c3b80a6,36d0b1f57d820b26ea77464355395b726eba7cdb58bfcaeaa021e8e687fd331e,Apple M1 Max,Darwin 25.5.0 arm64,bench,unchecked,10,5,1,2^100-15,SHA-256,1/2,4,absent_in_latency_binary;shared_atomic_peak_allocator_in_memory_binary,0x5533326d756c0064,latency,2,immediate,immediate,22,4194304,2,3296.414875000,1128.133542000,129.325625000,182.896792000,147.625542000,87.329042000,1181.014375000,504.116458000,403.216125000,86.549958000,14.250834000,true,4194304,1,16777216,12582912,16777216,536870912,67108864,2608,260308,0xcdf7479d850aa9aa,4916.149998,1076.130848,1
u32 x u32 -> u64 Spartan PIOP + F2Z,2026-08-27,2026-08-27T14:40:42Z,669fed1731d7f1dcb7ecabd71735b7cdbb4e1636,true,9c66b368c5597d5ec38f1dede7ecdbf0e7c271fd549bddb5cb4e8b0b2c3b80a6,36d0b1f57d820b26ea77464355395b726eba7cdb58bfcaeaa021e8e687fd331e,Apple M1 Max,Darwin 25.5.0 arm64,bench,unchecked,10,5,1,2^100-15,SHA-256,1/2,4,absent_in_latency_binary;shared_atomic_peak_allocator_in_memory_binary,0x5533326d756c0064,latency,2,immediate,immediate,22,4194304,3,3185.459542000,1066.731625000,98.286083000,182.792458000,137.578167000,85.998750000,1139.839166000,502.891917000,402.379292000,86.204583000,14.207750000,true,4194304,1,16777216,12582912,16777216,536870912,67108864,2608,260308,0xcdf7479d850aa9aa,4916.149998,1076.130848,1
u32 x u32 -> u64 Spartan PIOP + F2Z,2026-08-27,2026-08-27T14:40:42Z,669fed1731d7f1dcb7ecabd71735b7cdbb4e1636,true,9c66b368c5597d5ec38f1dede7ecdbf0e7c271fd549bddb5cb4e8b0b2c3b80a6,36d0b1f57d820b26ea77464355395b726eba7cdb58bfcaeaa021e8e687fd331e,Apple M1 Max,Darwin 25.5.0 arm64,bench,unchecked,10,5,1,2^100-15,SHA-256,1/2,4,absent_in_latency_binary;shared_atomic_peak_allocator_in_memory_binary,0x5533326d756c0064,latency,2,immediate,immediate,22,4194304,4,3251.926500000,1073.291209000,96.041208000,183.432792000,138.694125000,86.141458000,1198.566292000,543.494250000,441.558917000,87.283958000,14.529584000,true,4194304,1,16777216,12582912,16777216,536870912,67108864,2608,260308,0xcdf7479d850aa9aa,4916.149998,1076.130848,1
u32 x u32 -> u64 Spartan PIOP + F2Z,2026-08-27,2026-08-27T14:40:42Z,669fed1731d7f1dcb7ecabd71735b7cdbb4e1636,true,9c66b368c5597d5ec38f1dede7ecdbf0e7c271fd549bddb5cb4e8b0b2c3b80a6,36d0b1f57d820b26ea77464355395b726eba7cdb58bfcaeaa021e8e687fd331e,Apple M1 Max,Darwin 25.5.0 arm64,bench,unchecked,10,5,1,2^100-15,SHA-256,1/2,4,absent_in_latency_binary;shared_atomic_peak_allocator_in_memory_binary,0x5533326d756c0064,latency,3,delayed-crypto-bigint,crypto-bigint,22,4194304,0,2069.116625000,735.802125000,197.961833000,183.728208000,351.331125000,86.051958000,1233.162667000,621.419542000,518.747459000,87.659041000,14.910959000,true,4194304,1,16777216,12582912,16777216,536870912,67108864,2608,260308,0xcdf7479d850aa9aa,3764.148548,1076.130848,3
u32 x u32 -> u64 Spartan PIOP + F2Z,2026-08-27,2026-08-27T14:40:42Z,669fed1731d7f1dcb7ecabd71735b7cdbb4e1636,true,9c66b368c5597d5ec38f1dede7ecdbf0e7c271fd549bddb5cb4e8b0b2c3b80a6,36d0b1f57d820b26ea77464355395b726eba7cdb58bfcaeaa021e8e687fd331e,Apple M1 Max,Darwin 25.5.0 arm64,bench,unchecked,10,5,1,2^100-15,SHA-256,1/2,4,absent_in_latency_binary;shared_atomic_peak_allocator_in_memory_binary,0x5533326d756c0064,latency,3,delayed-crypto-bigint,crypto-bigint,22,4194304,1,2114.543708000,771.588041000,220.201042000,184.765250000,363.752000000,88.964458000,1239.345834000,517.321125000,413.762208000,88.515833000,14.950416000,true,4194304,1,16777216,12582912,16777216,536870912,67108864,2608,260308,0xcdf7479d850aa9aa,3764.148548,1076.130848,3
u32 x u32 -> u64 Spartan PIOP + F2Z,2026-08-27,2026-08-27T14:40:42Z,669fed1731d7f1dcb7ecabd71735b7cdbb4e1636,true,9c66b368c5597d5ec38f1dede7ecdbf0e7c271fd549bddb5cb4e8b0b2c3b80a6,36d0b1f57d820b26ea77464355395b726eba7cdb58bfcaeaa021e8e687fd331e,Apple M1 Max,Darwin 25.5.0 arm64,bench,unchecked,10,5,1,2^100-15,SHA-256,1/2,4,absent_in_latency_binary;shared_atomic_peak_allocator_in_memory_binary,0x5533326d756c0064,latency,3,delayed-crypto-bigint,crypto-bigint,22,4194304,2,1958.080000000,645.910666000,200.537792000,185.957166000,256.514250000,88.192291000,1218.008416000,509.053833000,407.454542000,86.721334000,14.791250000,true,4194304,1,16777216,12582912,16777216,536870912,67108864,2608,260308,0xcdf7479d850aa9aa,3764.148548,1076.130848,3
u32 x u32 -> u64 Spartan PIOP + F2Z,2026-08-27,2026-08-27T14:40:42Z,669fed1731d7f1dcb7ecabd71735b7cdbb4e1636,true,9c66b368c5597d5ec38f1dede7ecdbf0e7c271fd549bddb5cb4e8b0b2c3b80a6,36d0b1f57d820b26ea77464355395b726eba7cdb58bfcaeaa021e8e687fd331e,Apple M1 Max,Darwin 25.5.0 arm64,bench,unchecked,10,5,1,2^100-15,SHA-256,1/2,4,absent_in_latency_binary;shared_atomic_peak_allocator_in_memory_binary,0x5533326d756c0064,latency,3,delayed-crypto-bigint,crypto-bigint,22,4194304,3,1883.617084000,605.619458000,162.059417000,184.315583000,256.439875000,87.078292000,1185.273791000,519.823791000,419.396042000,86.267000000,14.068625000,true,4194304,1,16777216,12582912,16777216,536870912,67108864,2608,260308,0xcdf7479d850aa9aa,3764.148548,1076.130848,3
u32 x u32 -> u64 Spartan PIOP + F2Z,2026-08-27,2026-08-27T14:40:42Z,669fed1731d7f1dcb7ecabd71735b7cdbb4e1636,true,9c66b368c5597d5ec38f1dede7ecdbf0e7c271fd549bddb5cb4e8b0b2c3b80a6,36d0b1f57d820b26ea77464355395b726eba7cdb58bfcaeaa021e8e687fd331e,Apple M1 Max,Darwin 25.5.0 arm64,bench,unchecked,10,5,1,2^100-15,SHA-256,1/2,4,absent_in_latency_binary;shared_atomic_peak_allocator_in_memory_binary,0x5533326d756c0064,latency,3,delayed-crypto-bigint,crypto-bigint,22,4194304,4,1909.275667000,602.453458000,151.574708000,182.627958000,265.471542000,86.041083000,1215.608375000,504.882709000,404.001791000,86.134333000,14.664250000,true,4194304,1,16777216,12582912,16777216,536870912,67108864,2608,260308,0xcdf7479d850aa9aa,3764.148548,1076.130848,3
u32 x u32 -> u64 Spartan PIOP + F2Z,2026-08-27,2026-08-27T14:40:42Z,669fed1731d7f1dcb7ecabd71735b7cdbb4e1636,true,9c66b368c5597d5ec38f1dede7ecdbf0e7c271fd549bddb5cb4e8b0b2c3b80a6,36d0b1f57d820b26ea77464355395b726eba7cdb58bfcaeaa021e8e687fd331e,Apple M1 Max,Darwin 25.5.0 arm64,bench,unchecked,10,5,1,2^100-15,SHA-256,1/2,4,absent_in_latency_binary;shared_atomic_peak_allocator_in_memory_binary,0x5533326d756c0064,latency,1,immediate,immediate,23,8388608,0,7798.368459000,2874.857333000,275.680125000,370.175833000,647.825917000,170.703750000,2727.283125000,1090.365167000,893.449959000,171.565125000,25.261292000,true,8388608,1,33554432,25165824,33554432,1073741824,134217728,2720,275296,0x63c8ddc71add2587,9832.149812,2152.131092,1
u32 x u32 -> u64 Spartan PIOP + F2Z,2026-08-27,2026-08-27T14:40:42Z,669fed1731d7f1dcb7ecabd71735b7cdbb4e1636,true,9c66b368c5597d5ec38f1dede7ecdbf0e7c271fd549bddb5cb4e8b0b2c3b80a6,36d0b1f57d820b26ea77464355395b726eba7cdb58bfcaeaa021e8e687fd331e,Apple M1 Max,Darwin 25.5.0 arm64,bench,unchecked,10,5,1,2^100-15,SHA-256,1/2,4,absent_in_latency_binary;shared_atomic_peak_allocator_in_memory_binary,0x5533326d756c0064,latency,1,immediate,immediate,23,8388608,1,7069.693750000,2397.403792000,243.370208000,372.365750000,280.501458000,172.553541000,2688.516625000,1107.856458000,905.140291000,177.482541000,25.147833000,true,8388608,1,33554432,25165824,33554432,1073741824,134217728,2720,275296,0x63c8ddc71add2587,9832.149812,2152.131092,1
u32 x u32 -> u64 Spartan PIOP + F2Z,2026-08-27,2026-08-27T14:40:42Z,669fed1731d7f1dcb7ecabd71735b7cdbb4e1636,true,9c66b368c5597d5ec38f1dede7ecdbf0e7c271fd549bddb5cb4e8b0b2c3b80a6,36d0b1f57d820b26ea77464355395b726eba7cdb58bfcaeaa021e8e687fd331e,Apple M1 Max,Darwin 25.5.0 arm64,bench,unchecked,10,5,1,2^100-15,SHA-256,1/2,4,absent_in_latency_binary;shared_atomic_peak_allocator_in_memory_binary,0x5533326d756c0064,latency,1,immediate,immediate,23,8388608,2,7684.015583000,2328.736125000,193.662750000,369.258000000,281.432042000,172.386542000,3284.639916000,1352.706417000,1154.766167000,173.497458000,24.347625000,true,8388608,1,33554432,25165824,33554432,1073741824,134217728,2720,275296,0x63c8ddc71add2587,9832.149812,2152.131092,1
u32 x u32 -> u64 Spartan PIOP + F2Z,2026-08-27,2026-08-27T14:40:42Z,669fed1731d7f1dcb7ecabd71735b7cdbb4e1636,true,9c66b368c5597d5ec38f1dede7ecdbf0e7c271fd549bddb5cb4e8b0b2c3b80a6,36d0b1f57d820b26ea77464355395b726eba7cdb58bfcaeaa021e8e687fd331e,Apple M1 Max,Darwin 25.5.0 arm64,bench,unchecked,10,5,1,2^100-15,SHA-256,1/2,4,absent_in_latency_binary;shared_atomic_peak_allocator_in_memory_binary,0x5533326d756c0064,latency,1,immediate,immediate,23,8388608,3,8646.741875000,2814.224792000,296.229375000,373.456416000,507.372875000,173.640208000,3467.885792000,1159.796125000,960.644875000,173.999250000,25.057708000,true,8388608,1,33554432,25165824,33554432,1073741824,134217728,2720,275296,0x63c8ddc71add2587,9832.149812,2152.131092,1
u32 x u32 -> u64 Spartan PIOP + F2Z,2026-08-27,2026-08-27T14:40:42Z,669fed1731d7f1dcb7ecabd71735b7cdbb4e1636,true,9c66b368c5597d5ec38f1dede7ecdbf0e7c271fd549bddb5cb4e8b0b2c3b80a6,36d0b1f57d820b26ea77464355395b726eba7cdb58bfcaeaa021e8e687fd331e,Apple M1 Max,Darwin 25.5.0 arm64,bench,unchecked,10,5,1,2^100-15,SHA-256,1/2,4,absent_in_latency_binary;shared_atomic_peak_allocator_in_memory_binary,0x5533326d756c0064,latency,1,immediate,immediate,23,8388608,4,8024.311166000,2521.979250000,271.050917000,372.053625000,397.657000000,177.294791000,3372.492667000,1187.809459000,838.324625000,322.680458000,26.705625000,true,8388608,1,33554432,25165824,33554432,1073741824,134217728,2720,275296,0x63c8ddc71add2587,9832.149812,2152.131092,1
u32 x u32 -> u64 Spartan PIOP + F2Z,2026-08-27,2026-08-27T14:40:42Z,669fed1731d7f1dcb7ecabd71735b7cdbb4e1636,true,9c66b368c5597d5ec38f1dede7ecdbf0e7c271fd549bddb5cb4e8b0b2c3b80a6,36d0b1f57d820b26ea77464355395b726eba7cdb58bfcaeaa021e8e687fd331e,Apple M1 Max,Darwin 25.5.0 arm64,bench,unchecked,10,5,1,2^100-15,SHA-256,1/2,4,absent_in_latency_binary;shared_atomic_peak_allocator_in_memory_binary,0x5533326d756c0064,latency,2,delayed-barrett,barrett,23,8388608,0,4425.478500000,1152.451708000,247.585042000,400.350792000,499.045958000,173.793791000,3068.394208000,1027.634792000,827.709250000,173.181375000,26.629041000,true,8388608,1,33554432,25165824,33554432,1073741824,134217728,2720,275296,0x63c8ddc71add2587,7528.149555,2152.131092,2
u32 x u32 -> u64 Spartan PIOP + F2Z,2026-08-27,2026-08-27T14:40:42Z,669fed1731d7f1dcb7ecabd71735b7cdbb4e1636,true,9c66b368c5597d5ec38f1dede7ecdbf0e7c271fd549bddb5cb4e8b0b2c3b80a6,36d0b1f57d820b26ea77464355395b726eba7cdb58bfcaeaa021e8e687fd331e,Apple M1 Max,Darwin 25.5.0 arm64,bench,unchecked,10,5,1,2^100-15,SHA-256,1/2,4,absent_in_latency_binary;shared_atomic_peak_allocator_in_memory_binary,0x5533326d756c0064,latency,2,delayed-barrett,barrett,23,8388608,1,4372.236791000,942.492959000,169.346666000,372.145000000,395.207167000,173.602208000,3244.232166000,1063.896750000,857.050167000,182.417334000,24.335125000,true,8388608,1,33554432,25165824,33554432,1073741824,134217728,2720,275296,0x63c8ddc71add2587,7528.149555,2152.131092,2
u32 x u32 -> u64 Spartan PIOP + F2Z,2026-08-27,2026-08-27T14:40:42Z,669fed1731d7f1dcb7ecabd71735b7cdbb4e1636,true,9c66b368c5597d5ec38f1dede7ecdbf0e7c271fd549bddb5cb4e8b0b2c3b80a6,36d0b1f57d820b26ea77464355395b726eba7cdb58bfcaeaa021e8e687fd331e,Apple M1 Max,Darwin 25.5.0 arm64,bench,unchecked,10,5,1,2^100-15,SHA-256,1/2,4,absent_in_latency_binary;shared_atomic_peak_allocator_in_memory_binary,0x5533326d756c0064,latency,2,delayed-barrett,barrett,23,8388608,2,4384.364208000,852.437667000,167.773292000,377.364000000,301.754333000,173.891500000,3347.424875000,1253.704083000,1055.332667000,172.529333000,25.741125000,true,8388608,1,33554432,25165824,33554432,1073741824,134217728,2720,275296,0x63c8ddc71add2587,7528.149555,2152.131092,2
u32 x u32 -> u64 Spartan PIOP + F2Z,2026-08-27,2026-08-27T14:40:42Z,669fed1731d7f1dcb7ecabd71735b7cdbb4e1636,true,9c66b368c5597d5ec38f1dede7ecdbf0e7c271fd549bddb5cb4e8b0b2c3b80a6,36d0b1f57d820b26ea77464355395b726eba7cdb58bfcaeaa021e8e687fd331e,Apple M1 Max,Darwin 25.5.0 arm64,bench,unchecked,10,5,1,2^100-15,SHA-256,1/2,4,absent_in_latency_binary;shared_atomic_peak_allocator_in_memory_binary,0x5533326d756c0064,latency,2,delayed-barrett,barrett,23,8388608,3,4470.458917000,1144.189334000,251.717458000,370.666833000,512.708542000,172.378083000,3114.953417000,1063.150458000,858.818208000,180.612333000,23.620458000,true,8388608,1,33554432,25165824,33554432,1073741824,134217728,2720,275296,0x63c8ddc71add2587,7528.149555,2152.131092,2
u32 x u32 -> u64 Spartan PIOP + F2Z,2026-08-27,2026-08-27T14:40:42Z,669fed1731d7f1dcb7ecabd71735b7cdbb4e1636,true,9c66b368c5597d5ec38f1dede7ecdbf0e7c271fd549bddb5cb4e8b0b2c3b80a6,36d0b1f57d820b26ea77464355395b726eba7cdb58bfcaeaa021e8e687fd331e,Apple M1 Max,Darwin 25.5.0 arm64,bench,unchecked,10,5,1,2^100-15,SHA-256,1/2,4,absent_in_latency_binary;shared_atomic_peak_allocator_in_memory_binary,0x5533326d756c0064,latency,2,delayed-barrett,barrett,23,8388608,4,4070.714000000,959.162292000,154.399834000,392.961250000,406.145459000,173.343833000,2927.135125000,1021.588375000,823.196834000,173.788375000,24.501292000,true,8388608,1,33554432,25165824,33554432,1073741824,134217728,2720,275296,0x63c8ddc71add2587,7528.149555,2152.131092,2
u32 x u32 -> u64 Spartan PIOP + F2Z,2026-08-27,2026-08-27T14:40:42Z,669fed1731d7f1dcb7ecabd71735b7cdbb4e1636,true,9c66b368c5597d5ec38f1dede7ecdbf0e7c271fd549bddb5cb4e8b0b2c3b80a6,36d0b1f57d820b26ea77464355395b726eba7cdb58bfcaeaa021e8e687fd331e,Apple M1 Max,Darwin 25.5.0 arm64,bench,unchecked,10,5,1,2^100-15,SHA-256,1/2,4,absent_in_latency_binary;shared_atomic_peak_allocator_in_memory_binary,0x5533326d756c0064,latency,3,delayed-crypto-bigint,crypto-bigint,23,8388608,0,5164.282000000,1546.573084000,430.162792000,381.030250000,729.679792000,176.686583000,3411.689500000,1045.396459000,842.751916000,177.703250000,24.851250000,true,8388608,1,33554432,25165824,33554432,1073741824,134217728,2720,275296,0x63c8ddc71add2587,7528.149555,2152.131092,3
u32 x u32 -> u64 Spartan PIOP + F2Z,2026-08-27,2026-08-27T14:40:42Z,669fed1731d7f1dcb7ecabd71735b7cdbb4e1636,true,9c66b368c5597d5ec38f1dede7ecdbf0e7c271fd549bddb5cb4e8b0b2c3b80a6,36d0b1f57d820b26ea77464355395b726eba7cdb58bfcaeaa021e8e687fd331e,Apple M1 Max,Darwin 25.5.0 arm64,bench,unchecked,10,5,1,2^100-15,SHA-256,1/2,4,absent_in_latency_binary;shared_atomic_peak_allocator_in_memory_binary,0x5533326d756c0064,latency,3,delayed-crypto-bigint,crypto-bigint,23,8388608,1,4580.808708000,1346.175667000,322.075875000,380.592125000,637.702792000,175.629625000,3047.652292000,1266.063750000,1067.692958000,174.437834000,23.833958000,true,8388608,1,33554432,25165824,33554432,1073741824,134217728,2720,275296,0x63c8ddc71add2587,7528.149555,2152.131092,3
u32 x u32 -> u64 Spartan PIOP + F2Z,2026-08-27,2026-08-27T14:40:42Z,669fed1731d7f1dcb7ecabd71735b7cdbb4e1636,true,9c66b368c5597d5ec38f1dede7ecdbf0e7c271fd549bddb5cb4e8b0b2c3b80a6,36d0b1f57d820b26ea77464355395b726eba7cdb58bfcaeaa021e8e687fd331e,Apple M1 Max,Darwin 25.5.0 arm64,bench,unchecked,10,5,1,2^100-15,SHA-256,1/2,4,absent_in_latency_binary;shared_atomic_peak_allocator_in_memory_binary,0x5533326d756c0064,latency,3,delayed-crypto-bigint,crypto-bigint,23,8388608,2,4734.355125000,1498.390125000,407.574000000,374.942917000,709.788041000,173.663042000,3033.206791000,1021.045084000,825.300792000,171.671042000,23.977750000,true,8388608,1,33554432,25165824,33554432,1073741824,134217728,2720,275296,0x63c8ddc71add2587,7528.149555,2152.131092,3
u32 x u32 -> u64 Spartan PIOP + F2Z,2026-08-27,2026-08-27T14:40:42Z,669fed1731d7f1dcb7ecabd71735b7cdbb4e1636,true,9c66b368c5597d5ec38f1dede7ecdbf0e7c271fd549bddb5cb4e8b0b2c3b80a6,36d0b1f57d820b26ea77464355395b726eba7cdb58bfcaeaa021e8e687fd331e,Apple M1 Max,Darwin 25.5.0 arm64,bench,unchecked,10,5,1,2^100-15,SHA-256,1/2,4,absent_in_latency_binary;shared_atomic_peak_allocator_in_memory_binary,0x5533326d756c0064,latency,3,delayed-crypto-bigint,crypto-bigint,23,8388608,3,4299.913042000,1209.024083000,309.938292000,373.036750000,520.278292000,173.850083000,2905.217542000,1022.909750000,823.913375000,173.703083000,25.207375000,true,8388608,1,33554432,25165824,33554432,1073741824,134217728,2720,275296,0x63c8ddc71add2587,7528.149555,2152.131092,3
u32 x u32 -> u64 Spartan PIOP + F2Z,2026-08-27,2026-08-27T14:40:42Z,669fed1731d7f1dcb7ecabd71735b7cdbb4e1636,true,9c66b368c5597d5ec38f1dede7ecdbf0e7c271fd549bddb5cb4e8b0b2c3b80a6,36d0b1f57d820b26ea77464355395b726eba7cdb58bfcaeaa021e8e687fd331e,Apple M1 Max,Darwin 25.5.0 arm64,bench,unchecked,10,5,1,2^100-15,SHA-256,1/2,4,absent_in_latency_binary;shared_atomic_peak_allocator_in_memory_binary,0x5533326d756c0064,latency,3,delayed-crypto-bigint,crypto-bigint,23,8388608,4,4488.431666000,1196.891625000,309.603500000,374.079875000,507.616041000,174.039833000,3105.790709000,1061.836166000,861.770791000,176.013958000,23.917292000,true,8388608,1,33554432,25165824,33554432,1073741824,134217728,2720,275296,0x63c8ddc71add2587,7528.149555,2152.131092,3
u32 x u32 -> u64 Spartan PIOP + F2Z,2026-08-27,2026-08-27T14:40:42Z,669fed1731d7f1dcb7ecabd71735b7cdbb4e1636,true,9c66b368c5597d5ec38f1dede7ecdbf0e7c271fd549bddb5cb4e8b0b2c3b80a6,36d0b1f57d820b26ea77464355395b726eba7cdb58bfcaeaa021e8e687fd331e,Apple M1 Max,Darwin 25.5.0 arm64,bench,unchecked,10,5,1,2^100-15,SHA-256,1/2,4,absent_in_latency_binary;shared_atomic_peak_allocator_in_memory_binary,0x5533326d756c0064,latency,1,delayed-barrett,barrett,24,16777216,0,13143.286458000,5277.676583000,516.366250000,2257.632458000,2492.637209000,175.571459000,7622.487375000,2455.821167000,2252.754125000,176.788667000,26.175083000,true,16777216,1,67108864,50331648,67108864,2147483648,268435456,2832,321900,0x80005b0e9b97a19c,15056.198414,4304.179188,2
u32 x u32 -> u64 Spartan PIOP + F2Z,2026-08-27,2026-08-27T14:40:42Z,669fed1731d7f1dcb7ecabd71735b7cdbb4e1636,true,9c66b368c5597d5ec38f1dede7ecdbf0e7c271fd549bddb5cb4e8b0b2c3b80a6,36d0b1f57d820b26ea77464355395b726eba7cdb58bfcaeaa021e8e687fd331e,Apple M1 Max,Darwin 25.5.0 arm64,bench,unchecked,10,5,1,2^100-15,SHA-256,1/2,4,absent_in_latency_binary;shared_atomic_peak_allocator_in_memory_binary,0x5533326d756c0064,latency,1,delayed-barrett,barrett,24,16777216,1,9558.701625000,3201.899750000,500.502958000,1089.272750000,1600.847792000,174.838000000,6056.935333000,3028.578750000,2826.212833000,174.948958000,27.311917000,true,16777216,1,67108864,50331648,67108864,2147483648,268435456,2832,321900,0x80005b0e9b97a19c,15056.198414,4304.179188,2
u32 x u32 -> u64 Spartan PIOP + F2Z,2026-08-27,2026-08-27T14:40:42Z,669fed1731d7f1dcb7ecabd71735b7cdbb4e1636,true,9c66b368c5597d5ec38f1dede7ecdbf0e7c271fd549bddb5cb4e8b0b2c3b80a6,36d0b1f57d820b26ea77464355395b726eba7cdb58bfcaeaa021e8e687fd331e,Apple M1 Max,Darwin 25.5.0 arm64,bench,unchecked,10,5,1,2^100-15,SHA-256,1/2,4,absent_in_latency_binary;shared_atomic_peak_allocator_in_memory_binary,0x5533326d756c0064,latency,1,delayed-barrett,barrett,24,16777216,2,10487.848791000,3640.434792000,470.754208000,1106.140750000,2052.403083000,174.819209000,6622.485541000,2836.482667000,2633.925000000,176.016792000,26.425292000,true,16777216,1,67108864,50331648,67108864,2147483648,268435456,2832,321900,0x80005b0e9b97a19c,15056.198414,4304.179188,2
u32 x u32 -> u64 Spartan PIOP + F2Z,2026-08-27,2026-08-27T14:40:42Z,669fed1731d7f1dcb7ecabd71735b7cdbb4e1636,true,9c66b368c5597d5ec38f1dede7ecdbf0e7c271fd549bddb5cb4e8b0b2c3b80a6,36d0b1f57d820b26ea77464355395b726eba7cdb58bfcaeaa021e8e687fd331e,Apple M1 Max,Darwin 25.5.0 arm64,bench,unchecked,10,5,1,2^100-15,SHA-256,1/2,4,absent_in_latency_binary;shared_atomic_peak_allocator_in_memory_binary,0x5533326d756c0064,latency,1,delayed-barrett,barrett,24,16777216,3,8454.908334000,2137.527667000,329.912667000,1123.082208000,673.440375000,175.156833000,6099.722416000,3168.020458000,2968.940542000,173.167083000,25.820291000,true,16777216,1,67108864,50331648,67108864,2147483648,268435456,2832,321900,0x80005b0e9b97a19c,15056.198414,4304.179188,2
u32 x u32 -> u64 Spartan PIOP + F2Z,2026-08-27,2026-08-27T14:40:42Z,669fed1731d7f1dcb7ecabd71735b7cdbb4e1636,true,9c66b368c5597d5ec38f1dede7ecdbf0e7c271fd549bddb5cb4e8b0b2c3b80a6,36d0b1f57d820b26ea77464355395b726eba7cdb58bfcaeaa021e8e687fd331e,Apple M1 Max,Darwin 25.5.0 arm64,bench,unchecked,10,5,1,2^100-15,SHA-256,1/2,4,absent_in_latency_binary;shared_atomic_peak_allocator_in_memory_binary,0x5533326d756c0064,latency,1,delayed-barrett,barrett,24,16777216,4,10604.258875000,2800.342334000,287.854208000,1249.202959000,1252.174459000,204.057125000,7548.372250000,2355.116667000,2156.444208000,172.856750000,25.713000000,true,16777216,1,67108864,50331648,67108864,2147483648,268435456,2832,321900,0x80005b0e9b97a19c,15056.198414,4304.179188,2
u32 x u32 -> u64 Spartan PIOP + F2Z,2026-08-27,2026-08-27T14:40:42Z,669fed1731d7f1dcb7ecabd71735b7cdbb4e1636,true,9c66b368c5597d5ec38f1dede7ecdbf0e7c271fd549bddb5cb4e8b0b2c3b80a6,36d0b1f57d820b26ea77464355395b726eba7cdb58bfcaeaa021e8e687fd331e,Apple M1 Max,Darwin 25.5.0 arm64,bench,unchecked,10,5,1,2^100-15,SHA-256,1/2,4,absent_in_latency_binary;shared_atomic_peak_allocator_in_memory_binary,0x5533326d756c0064,latency,2,immediate,immediate,24,16777216,0,18765.365750000,8155.752917000,504.833333000,1034.083125000,3349.006959000,174.412125000,5825.720959000,2370.125458000,2172.101167000,172.608542000,25.306333000,true,16777216,1,67108864,50331648,67108864,2147483648,268435456,2832,321900,0x80005b0e9b97a19c,19664.198670,4304.179188,1
u32 x u32 -> u64 Spartan PIOP + F2Z,2026-08-27,2026-08-27T14:40:42Z,669fed1731d7f1dcb7ecabd71735b7cdbb4e1636,true,9c66b368c5597d5ec38f1dede7ecdbf0e7c271fd549bddb5cb4e8b0b2c3b80a6,36d0b1f57d820b26ea77464355395b726eba7cdb58bfcaeaa021e8e687fd331e,Apple M1 Max,Darwin 25.5.0 arm64,bench,unchecked,10,5,1,2^100-15,SHA-256,1/2,4,absent_in_latency_binary;shared_atomic_peak_allocator_in_memory_binary,0x5533326d756c0064,latency,2,immediate,immediate,24,16777216,1,23963.067500000,9585.150542000,668.272292000,2312.775875000,3077.332916000,174.377333000,7368.207542000,2582.670250000,2385.533208000,171.814416000,25.191792000,true,16777216,1,67108864,50331648,67108864,2147483648,268435456,2832,321900,0x80005b0e9b97a19c,19664.198670,4304.179188,1
u32 x u32 -> u64 Spartan PIOP + F2Z,2026-08-27,2026-08-27T14:40:42Z,669fed1731d7f1dcb7ecabd71735b7cdbb4e1636,true,9c66b368c5597d5ec38f1dede7ecdbf0e7c271fd549bddb5cb4e8b0b2c3b80a6,36d0b1f57d820b26ea77464355395b726eba7cdb58bfcaeaa021e8e687fd331e,Apple M1 Max,Darwin 25.5.0 arm64,bench,unchecked,10,5,1,2^100-15,SHA-256,1/2,4,absent_in_latency_binary;shared_atomic_peak_allocator_in_memory_binary,0x5533326d756c0064,latency,2,immediate,immediate,24,16777216,2,21921.316709000,9915.117458000,505.143416000,1056.745333000,4981.696583000,173.616917000,6991.136125000,2678.992333000,2477.910208000,171.546583000,29.425084000,true,16777216,1,67108864,50331648,67108864,2147483648,268435456,2832,321900,0x80005b0e9b97a19c,19664.198670,4304.179188,1
u32 x u32 -> u64 Spartan PIOP + F2Z,2026-08-27,2026-08-27T14:40:42Z,669fed1731d7f1dcb7ecabd71735b7cdbb4e1636,true,9c66b368c5597d5ec38f1dede7ecdbf0e7c271fd549bddb5cb4e8b0b2c3b80a6,36d0b1f57d820b26ea77464355395b726eba7cdb58bfcaeaa021e8e687fd331e,Apple M1 Max,Darwin 25.5.0 arm64,bench,unchecked,10,5,1,2^100-15,SHA-256,1/2,4,absent_in_latency_binary;shared_atomic_peak_allocator_in_memory_binary,0x5533326d756c0064,latency,2,immediate,immediate,24,16777216,3,22637.615417000,9837.306209000,705.845417000,1910.910541000,3697.244708000,173.178375000,6728.031209000,2583.891625000,2384.771416000,171.011917000,27.994958000,true,16777216,1,67108864,50331648,67108864,2147483648,268435456,2832,321900,0x80005b0e9b97a19c,19664.198670,4304.179188,1
u32 x u32 -> u64 Spartan PIOP + F2Z,2026-08-27,2026-08-27T14:40:42Z,669fed1731d7f1dcb7ecabd71735b7cdbb4e1636,true,9c66b368c5597d5ec38f1dede7ecdbf0e7c271fd549bddb5cb4e8b0b2c3b80a6,36d0b1f57d820b26ea77464355395b726eba7cdb58bfcaeaa021e8e687fd331e,Apple M1 Max,Darwin 25.5.0 arm64,bench,unchecked,10,5,1,2^100-15,SHA-256,1/2,4,absent_in_latency_binary;shared_atomic_peak_allocator_in_memory_binary,0x5533326d756c0064,latency,2,immediate,immediate,24,16777216,4,16854.075583000,6349.629500000,499.642084000,1074.774083000,1533.510500000,178.477208000,5656.106500000,2547.937666000,2349.707958000,172.730500000,25.374625000,true,16777216,1,67108864,50331648,67108864,2147483648,268435456,2832,321900,0x80005b0e9b97a19c,19664.198670,4304.179188,1
u32 x u32 -> u64 Spartan PIOP + F2Z,2026-08-27,2026-08-27T14:40:42Z,669fed1731d7f1dcb7ecabd71735b7cdbb4e1636,true,9c66b368c5597d5ec38f1dede7ecdbf0e7c271fd549bddb5cb4e8b0b2c3b80a6,36d0b1f57d820b26ea77464355395b726eba7cdb58bfcaeaa021e8e687fd331e,Apple M1 Max,Darwin 25.5.0 arm64,bench,unchecked,10,5,1,2^100-15,SHA-256,1/2,4,absent_in_latency_binary;shared_atomic_peak_allocator_in_memory_binary,0x5533326d756c0064,latency,3,delayed-crypto-bigint,crypto-bigint,24,16777216,0,8994.450083000,3308.281500000,771.221167000,1049.428292000,1476.505166000,174.724791000,5457.957209000,2259.541292000,2060.452000000,173.546542000,25.447625000,true,16777216,1,67108864,50331648,67108864,2147483648,268435456,2832,321900,0x80005b0e9b97a19c,15056.198414,4304.179188,3
u32 x u32 -> u64 Spartan PIOP + F2Z,2026-08-27,2026-08-27T14:40:42Z,669fed1731d7f1dcb7ecabd71735b7cdbb4e1636,true,9c66b368c5597d5ec38f1dede7ecdbf0e7c271fd549bddb5cb4e8b0b2c3b80a6,36d0b1f57d820b26ea77464355395b726eba7cdb58bfcaeaa021e8e687fd331e,Apple M1 Max,Darwin 25.5.0 arm64,bench,unchecked,10,5,1,2^100-15,SHA-256,1/2,4,absent_in_latency_binary;shared_atomic_peak_allocator_in_memory_binary,0x5533326d756c0064,latency,3,delayed-crypto-bigint,crypto-bigint,24,16777216,1,8420.295542000,2725.427375000,610.140250000,1061.988959000,1042.325084000,174.592792000,5498.874208000,2263.278125000,2063.721000000,173.887500000,25.574208000,true,16777216,1,67108864,50331648,67108864,2147483648,268435456,2832,321900,0x80005b0e9b97a19c,15056.198414,4304.179188,3
u32 x u32 -> u64 Spartan PIOP + F2Z,2026-08-27,2026-08-27T14:40:42Z,669fed1731d7f1dcb7ecabd71735b7cdbb4e1636,true,9c66b368c5597d5ec38f1dede7ecdbf0e7c271fd549bddb5cb4e8b0b2c3b80a6,36d0b1f57d820b26ea77464355395b726eba7cdb58bfcaeaa021e8e687fd331e,Apple M1 Max,Darwin 25.5.0 arm64,bench,unchecked,10,5,1,2^100-15,SHA-256,1/2,4,absent_in_latency_binary;shared_atomic_peak_allocator_in_memory_binary,0x5533326d756c0064,latency,3,delayed-crypto-bigint,crypto-bigint,24,16777216,2,8580.927041000,2965.462750000,655.823708000,1047.925083000,1250.317667000,174.779583000,5411.706209000,2237.758667000,2037.644583000,174.027250000,25.991541000,true,16777216,1,67108864,50331648,67108864,2147483648,268435456,2832,321900,0x80005b0e9b97a19c,15056.198414,4304.179188,3
u32 x u32 -> u64 Spartan PIOP + F2Z,2026-08-27,2026-08-27T14:40:42Z,669fed1731d7f1dcb7ecabd71735b7cdbb4e1636,true,9c66b368c5597d5ec38f1dede7ecdbf0e7c271fd549bddb5cb4e8b0b2c3b80a6,36d0b1f57d820b26ea77464355395b726eba7cdb58bfcaeaa021e8e687fd331e,Apple M1 Max,Darwin 25.5.0 arm64,bench,unchecked,10,5,1,2^100-15,SHA-256,1/2,4,absent_in_latency_binary;shared_atomic_peak_allocator_in_memory_binary,0x5533326d756c0064,latency,3,delayed-crypto-bigint,crypto-bigint,24,16777216,3,8659.184458000,3050.311000000,700.875666000,1052.608666000,1285.640958000,173.857708000,5405.833833000,2224.125625000,2023.784792000,173.993667000,26.249084000,true,16777216,1,67108864,50331648,67108864,2147483648,268435456,2832,321900,0x80005b0e9b97a19c,15056.198414,4304.179188,3
u32 x u32 -> u64 Spartan PIOP + F2Z,2026-08-27,2026-08-27T14:40:42Z,669fed1731d7f1dcb7ecabd71735b7cdbb4e1636,true,9c66b368c5597d5ec38f1dede7ecdbf0e7c271fd549bddb5cb4e8b0b2c3b80a6,36d0b1f57d820b26ea77464355395b726eba7cdb58bfcaeaa021e8e687fd331e,Apple M1 Max,Darwin 25.5.0 arm64,bench,unchecked,10,5,1,2^100-15,SHA-256,1/2,4,absent_in_latency_binary;shared_atomic_peak_allocator_in_memory_binary,0x5533326d756c0064,latency,3,delayed-crypto-bigint,crypto-bigint,24,16777216,4,9695.117166000,2986.099500000,629.395042000,1049.350333000,1296.200292000,174.255041000,6506.424917000,2259.040542000,2058.921000000,174.076375000,25.942333000,true,16777216,1,67108864,50331648,67108864,2147483648,268435456,2832,321900,0x80005b0e9b97a19c,15056.198414,4304.179188,3
u32 x u32 -> u64 Spartan PIOP + F2Z,2026-08-27,2026-08-27T14:40:42Z,669fed1731d7f1dcb7ecabd71735b7cdbb4e1636,true,9c66b368c5597d5ec38f1dede7ecdbf0e7c271fd549bddb5cb4e8b0b2c3b80a6,36d0b1f57d820b26ea77464355395b726eba7cdb58bfcaeaa021e8e687fd331e,Apple M1 Max,Darwin 25.5.0 arm64,bench,unchecked,10,5,1,2^100-15,SHA-256,1/2,4,absent_in_latency_binary;shared_atomic_peak_allocator_in_memory_binary,0x5533326d756c0064,latency,1,immediate,immediate,25,33554432,0,54161.427333000,26658.506334000,1094.758917000,6364.762833000,10062.120958000,347.722083000,13560.347167000,11090.810166000,10695.568542000,347.692375000,47.410916000,true,33554432,1,134217728,100663296,134217728,4294967296,536870912,2944,346072,0x2659d1701b2a1e69,39328.198754,8608.178455,1
u32 x u32 -> u64 Spartan PIOP + F2Z,2026-08-27,2026-08-27T14:40:42Z,669fed1731d7f1dcb7ecabd71735b7cdbb4e1636,true,9c66b368c5597d5ec38f1dede7ecdbf0e7c271fd549bddb5cb4e8b0b2c3b80a6,36d0b1f57d820b26ea77464355395b726eba7cdb58bfcaeaa021e8e687fd331e,Apple M1 Max,Darwin 25.5.0 arm64,bench,unchecked,10,5,1,2^100-15,SHA-256,1/2,4,absent_in_latency_binary;shared_atomic_peak_allocator_in_memory_binary,0x5533326d756c0064,latency,1,immediate,immediate,25,33554432,1,51749.610083000,23544.374084000,1609.070334000,6083.899917000,7497.413667000,348.288459000,13994.244042000,10715.799542000,10322.441041000,345.253791000,47.960792000,true,33554432,1,134217728,100663296,134217728,4294967296,536870912,2944,346072,0x2659d1701b2a1e69,39328.198754,8608.178455,1
u32 x u32 -> u64 Spartan PIOP + F2Z,2026-08-27,2026-08-27T14:40:42Z,669fed1731d7f1dcb7ecabd71735b7cdbb4e1636,true,9c66b368c5597d5ec38f1dede7ecdbf0e7c271fd549bddb5cb4e8b0b2c3b80a6,36d0b1f57d820b26ea77464355395b726eba7cdb58bfcaeaa021e8e687fd331e,Apple M1 Max,Darwin 25.5.0 arm64,bench,unchecked,10,5,1,2^100-15,SHA-256,1/2,4,absent_in_latency_binary;shared_atomic_peak_allocator_in_memory_binary,0x5533326d756c0064,latency,1,immediate,immediate,25,33554432,2,50204.077208000,23531.450667000,1125.922959000,6188.998917000,7754.800084000,357.043833000,13782.257958000,12238.544333000,11837.032250000,350.064000000,51.303459000,true,33554432,1,134217728,100663296,134217728,4294967296,536870912,2944,346072,0x2659d1701b2a1e69,39328.198754,8608.178455,1
u32 x u32 -> u64 Spartan PIOP + F2Z,2026-08-27,2026-08-27T14:40:42Z,669fed1731d7f1dcb7ecabd71735b7cdbb4e1636,true,9c66b368c5597d5ec38f1dede7ecdbf0e7c271fd549bddb5cb4e8b0b2c3b80a6,36d0b1f57d820b26ea77464355395b726eba7cdb58bfcaeaa021e8e687fd331e,Apple M1 Max,Darwin 25.5.0 arm64,bench,unchecked,10,5,1,2^100-15,SHA-256,1/2,4,absent_in_latency_binary;shared_atomic_peak_allocator_in_memory_binary,0x5533326d756c0064,latency,1,immediate,immediate,25,33554432,3,51984.493250000,23843.461084000,1362.600708000,6574.848791000,7515.790500000,349.174584000,14420.400125000,11007.799208000,10604.389166000,352.940959000,50.321042000,true,33554432,1,134217728,100663296,134217728,4294967296,536870912,2944,346072,0x2659d1701b2a1e69,39328.198754,8608.178455,1
u32 x u32 -> u64 Spartan PIOP + F2Z,2026-08-27,2026-08-27T14:40:42Z,669fed1731d7f1dcb7ecabd71735b7cdbb4e1636,true,9c66b368c5597d5ec38f1dede7ecdbf0e7c271fd549bddb5cb4e8b0b2c3b80a6,36d0b1f57d820b26ea77464355395b726eba7cdb58bfcaeaa021e8e687fd331e,Apple M1 Max,Darwin 25.5.0 arm64,bench,unchecked,10,5,1,2^100-15,SHA-256,1/2,4,absent_in_latency_binary;shared_atomic_peak_allocator_in_memory_binary,0x5533326d756c0064,latency,1,immediate,immediate,25,33554432,4,52758.495792000,25602.734833000,1075.012459000,5965.394000000,9648.968459000,345.514625000,13314.406459000,10939.403917000,10538.884916000,349.721125000,50.656167000,true,33554432,1,134217728,100663296,134217728,4294967296,536870912,2944,346072,0x2659d1701b2a1e69,39328.198754,8608.178455,1
u32 x u32 -> u64 Spartan PIOP + F2Z,2026-08-27,2026-08-27T14:40:42Z,669fed1731d7f1dcb7ecabd71735b7cdbb4e1636,true,9c66b368c5597d5ec38f1dede7ecdbf0e7c271fd549bddb5cb4e8b0b2c3b80a6,36d0b1f57d820b26ea77464355395b726eba7cdb58bfcaeaa021e8e687fd331e,Apple M1 Max,Darwin 25.5.0 arm64,bench,unchecked,10,5,1,2^100-15,SHA-256,1/2,4,absent_in_latency_binary;shared_atomic_peak_allocator_in_memory_binary,0x5533326d756c0064,latency,2,delayed-barrett,barrett,25,33554432,0,27650.676875000,11883.088583000,976.429709000,2984.973291000,7899.413917000,351.810875000,14971.727792000,10617.273791000,10223.507625000,347.146875000,46.431167000,true,33554432,1,134217728,100663296,134217728,4294967296,536870912,2944,346072,0x2659d1701b2a1e69,30112.198498,8608.178455,2
u32 x u32 -> u64 Spartan PIOP + F2Z,2026-08-27,2026-08-27T14:40:42Z,669fed1731d7f1dcb7ecabd71735b7cdbb4e1636,true,9c66b368c5597d5ec38f1dede7ecdbf0e7c271fd549bddb5cb4e8b0b2c3b80a6,36d0b1f57d820b26ea77464355395b726eba7cdb58bfcaeaa021e8e687fd331e,Apple M1 Max,Darwin 25.5.0 arm64,bench,unchecked,10,5,1,2^100-15,SHA-256,1/2,4,absent_in_latency_binary;shared_atomic_peak_allocator_in_memory_binary,0x5533326d756c0064,latency,2,delayed-barrett,barrett,25,33554432,1,27705.049250000,10953.958875000,926.025375000,2919.826375000,7086.056417000,344.555042000,15968.514167000,7976.090959000,7576.750416000,346.557250000,52.616916000,true,33554432,1,134217728,100663296,134217728,4294967296,536870912,2944,346072,0x2659d1701b2a1e69,30112.198498,8608.178455,2
u32 x u32 -> u64 Spartan PIOP + F2Z,2026-08-27,2026-08-27T14:40:42Z,669fed1731d7f1dcb7ecabd71735b7cdbb4e1636,true,9c66b368c5597d5ec38f1dede7ecdbf0e7c271fd549bddb5cb4e8b0b2c3b80a6,36d0b1f57d820b26ea77464355395b726eba7cdb58bfcaeaa021e8e687fd331e,Apple M1 Max,Darwin 25.5.0 arm64,bench,unchecked,10,5,1,2^100-15,SHA-256,1/2,4,absent_in_latency_binary;shared_atomic_peak_allocator_in_memory_binary,0x5533326d756c0064,latency,2,delayed-barrett,barrett,25,33554432,2,23146.093250000,8832.382625000,973.577333000,3255.274500000,4581.604667000,346.006833000,13713.994834000,9355.920583000,8957.832250000,346.549833000,51.431459000,true,33554432,1,134217728,100663296,134217728,4294967296,536870912,2944,346072,0x2659d1701b2a1e69,30112.198498,8608.178455,2
u32 x u32 -> u64 Spartan PIOP + F2Z,2026-08-27,2026-08-27T14:40:42Z,669fed1731d7f1dcb7ecabd71735b7cdbb4e1636,true,9c66b368c5597d5ec38f1dede7ecdbf0e7c271fd549bddb5cb4e8b0b2c3b80a6,36d0b1f57d820b26ea77464355395b726eba7cdb58bfcaeaa021e8e687fd331e,Apple M1 Max,Darwin 25.5.0 arm64,bench,unchecked,10,5,1,2^100-15,SHA-256,1/2,4,absent_in_latency_binary;shared_atomic_peak_allocator_in_memory_binary,0x5533326d756c0064,latency,2,delayed-barrett,barrett,25,33554432,3,29427.918500000,12610.440500000,939.851042000,3256.939208000,8381.821084000,354.603125000,16240.642708000,10957.207458000,10561.042292000,348.490291000,47.517750000,true,33554432,1,134217728,100663296,134217728,4294967296,536870912,2944,346072,0x2659d1701b2a1e69,30112.198498,8608.178455,2
u32 x u32 -> u64 Spartan PIOP + F2Z,2026-08-27,2026-08-27T14:40:42Z,669fed1731d7f1dcb7ecabd71735b7cdbb4e1636,true,9c66b368c5597d5ec38f1dede7ecdbf0e7c271fd549bddb5cb4e8b0b2c3b80a6,36d0b1f57d820b26ea77464355395b726eba7cdb58bfcaeaa021e8e687fd331e,Apple M1 Max,Darwin 25.5.0 arm64,bench,unchecked,10,5,1,2^100-15,SHA-256,1/2,4,absent_in_latency_binary;shared_atomic_peak_allocator_in_memory_binary,0x5533326d756c0064,latency,2,delayed-barrett,barrett,25,33554432,4,26352.456625000,10516.925334000,951.336167000,2680.585166000,6862.718375000,347.936500000,15198.485958000,9880.127625000,9481.989000000,349.465791000,48.530750000,true,33554432,1,134217728,100663296,134217728,4294967296,536870912,2944,346072,0x2659d1701b2a1e69,30112.198498,8608.178455,2
u32 x u32 -> u64 Spartan PIOP + F2Z,2026-08-27,2026-08-27T14:40:42Z,669fed1731d7f1dcb7ecabd71735b7cdbb4e1636,true,9c66b368c5597d5ec38f1dede7ecdbf0e7c271fd549bddb5cb4e8b0b2c3b80a6,36d0b1f57d820b26ea77464355395b726eba7cdb58bfcaeaa021e8e687fd331e,Apple M1 Max,Darwin 25.5.0 arm64,bench,unchecked,10,5,1,2^100-15,SHA-256,1/2,4,absent_in_latency_binary;shared_atomic_peak_allocator_in_memory_binary,0x5533326d756c0064,latency,3,delayed-crypto-bigint,crypto-bigint,25,33554432,0,29025.554625000,12698.074291000,1517.706792000,2538.326917000,8619.795833000,342.933083000,15536.293042000,12081.299750000,11681.344250000,348.792250000,51.029459000,true,33554432,1,134217728,100663296,134217728,4294967296,536870912,2944,346072,0x2659d1701b2a1e69,30112.198498,8608.178455,3
u32 x u32 -> u64 Spartan PIOP + F2Z,2026-08-27,2026-08-27T14:40:42Z,669fed1731d7f1dcb7ecabd71735b7cdbb4e1636,true,9c66b368c5597d5ec38f1dede7ecdbf0e7c271fd549bddb5cb4e8b0b2c3b80a6,36d0b1f57d820b26ea77464355395b726eba7cdb58bfcaeaa021e8e687fd331e,Apple M1 Max,Darwin 25.5.0 arm64,bench,unchecked,10,5,1,2^100-15,SHA-256,1/2,4,absent_in_latency_binary;shared_atomic_peak_allocator_in_memory_binary,0x5533326d756c0064,latency,3,delayed-crypto-bigint,crypto-bigint,25,33554432,1,30722.951333000,14758.447875000,1648.476500000,2538.003917000,10549.906916000,356.307500000,15208.856375000,9959.851375000,9558.238709000,350.683500000,50.807416000,true,33554432,1,134217728,100663296,134217728,4294967296,536870912,2944,346072,0x2659d1701b2a1e69,30112.198498,8608.178455,3
u32 x u32 -> u64 Spartan PIOP + F2Z,2026-08-27,2026-08-27T14:40:42Z,669fed1731d7f1dcb7ecabd71735b7cdbb4e1636,true,9c66b368c5597d5ec38f1dede7ecdbf0e7c271fd549bddb5cb4e8b0b2c3b80a6,36d0b1f57d820b26ea77464355395b726eba7cdb58bfcaeaa021e8e687fd331e,Apple M1 Max,Darwin 25.5.0 arm64,bench,unchecked,10,5,1,2^100-15,SHA-256,1/2,4,absent_in_latency_binary;shared_atomic_peak_allocator_in_memory_binary,0x5533326d756c0064,latency,3,delayed-crypto-bigint,crypto-bigint,25,33554432,2,25955.627000000,10838.614875000,1601.840375000,3482.507792000,5731.668209000,347.957667000,14474.559542000,8854.259708000,8453.163666000,347.219042000,53.780542000,true,33554432,1,134217728,100663296,134217728,4294967296,536870912,2944,346072,0x2659d1701b2a1e69,30112.198498,8608.178455,3
u32 x u32 -> u64 Spartan PIOP + F2Z,2026-08-27,2026-08-27T14:40:42Z,669fed1731d7f1dcb7ecabd71735b7cdbb4e1636,true,9c66b368c5597d5ec38f1dede7ecdbf0e7c271fd549bddb5cb4e8b0b2c3b80a6,36d0b1f57d820b26ea77464355395b726eba7cdb58bfcaeaa021e8e687fd331e,Apple M1 Max,Darwin 25.5.0 arm64,bench,unchecked,10,5,1,2^100-15,SHA-256,1/2,4,absent_in_latency_binary;shared_atomic_peak_allocator_in_memory_binary,0x5533326d756c0064,latency,3,delayed-crypto-bigint,crypto-bigint,25,33554432,3,26331.876833000,12045.784209000,1566.361833000,3214.123416000,7234.304250000,349.916375000,13717.633250000,9489.133000000,9087.871125000,347.766542000,53.393750000,true,33554432,1,134217728,100663296,134217728,4294967296,536870912,2944,346072,0x2659d1701b2a1e69,30112.198498,8608.178455,3
u32 x u32 -> u64 Spartan PIOP + F2Z,2026-08-27,2026-08-27T14:40:42Z,669fed1731d7f1dcb7ecabd71735b7cdbb4e1636,true,9c66b368c5597d5ec38f1dede7ecdbf0e7c271fd549bddb5cb4e8b0b2c3b80a6,36d0b1f57d820b26ea77464355395b726eba7cdb58bfcaeaa021e8e687fd331e,Apple M1 Max,Darwin 25.5.0 arm64,bench,unchecked,10,5,1,2^100-15,SHA-256,1/2,4,absent_in_latency_binary;shared_atomic_peak_allocator_in_memory_binary,0x5533326d756c0064,latency,3,delayed-crypto-bigint,crypto-bigint,25,33554432,4,26984.761500000,12267.433250000,1559.009250000,3248.122625000,7438.060083000,344.684125000,14153.531791000,9073.401708000,8677.524709000,344.000458000,51.749375000,true,33554432,1,134217728,100663296,134217728,4294967296,536870912,2944,346072,0x2659d1701b2a1e69,30112.198498,8608.178455,3
