family,size,variant,rep,iterations,ns,bytes,allocations,allocated_bytes,correctness
opt_integer_mac,l4_full_n16,deferred_columns,0,65536,68.354,1024,0,0,1
opt_integer_mac,l4_full_n16,products4,0,65536,61.736,1024,0,0,1
opt_integer_mac,l4_full_n16,native128x2,0,65536,49.627,1024,0,0,1
opt_integer_mac,l4_full_n16,circuit_z,0,65536,52.344,1024,0,0,1
opt_integer_mac,l4_full_n16,native128x2_acc2,0,65536,48.519,1024,0,0,1
opt_integer_mac,l4_full_n16,products2,0,65536,60.268,1024,0,0,1
opt_integer_mac,l4_full_n16,incumbent,0,65536,57.174,1024,0,0,1
opt_integer_mac,l4_full_n16,circuit_z,1,65536,53.501,1024,0,0,1
opt_integer_mac,l4_full_n16,deferred_columns,1,65536,67.583,1024,0,0,1
opt_integer_mac,l4_full_n16,native128x2_acc2,1,65536,48.824,1024,0,0,1
opt_integer_mac,l4_full_n16,native128x2,1,65536,49.117,1024,0,0,1
opt_integer_mac,l4_full_n16,products2,1,65536,60.631,1024,0,0,1
opt_integer_mac,l4_full_n16,products4,1,65536,59.452,1024,0,0,1
opt_integer_mac,l4_full_n16,incumbent,1,65536,59.166,1024,0,0,1
opt_integer_mac,l4_full_n16,products4,2,65536,61.514,1024,0,0,1
opt_integer_mac,l4_full_n16,incumbent,2,65536,58.339,1024,0,0,1
opt_integer_mac,l4_full_n16,native128x2,2,65536,50.485,1024,0,0,1
opt_integer_mac,l4_full_n16,circuit_z,2,65536,52.207,1024,0,0,1
opt_integer_mac,l4_full_n16,products2,2,65536,58.659,1024,0,0,1
opt_integer_mac,l4_full_n16,native128x2_acc2,2,65536,49.349,1024,0,0,1
opt_integer_mac,l4_full_n16,deferred_columns,2,65536,66.563,1024,0,0,1
opt_integer_mac,l4_full_n16,deferred_columns,3,65536,66.994,1024,0,0,1
opt_integer_mac,l4_full_n16,native128x2,3,65536,49.427,1024,0,0,1
opt_integer_mac,l4_full_n16,native128x2_acc2,3,65536,49.690,1024,0,0,1
opt_integer_mac,l4_full_n16,products2,3,65536,59.281,1024,0,0,1
opt_integer_mac,l4_full_n16,products4,3,65536,61.089,1024,0,0,1
opt_integer_mac,l4_full_n16,incumbent,3,65536,58.808,1024,0,0,1
opt_integer_mac,l4_full_n16,circuit_z,3,65536,54.000,1024,0,0,1
opt_integer_mac,l4_full_n16,products2,4,65536,56.356,1024,0,0,1
opt_integer_mac,l4_full_n16,native128x2_acc2,4,65536,52.101,1024,0,0,1
opt_integer_mac,l4_full_n16,deferred_columns,4,65536,68.956,1024,0,0,1
opt_integer_mac,l4_full_n16,incumbent,4,65536,64.156,1024,0,0,1
opt_integer_mac,l4_full_n16,circuit_z,4,65536,78.833,1024,0,0,1
opt_integer_mac,l4_full_n16,products4,4,65536,61.779,1024,0,0,1
opt_integer_mac,l4_full_n16,native128x2,4,65536,48.855,1024,0,0,1
opt_integer_mac,l4_full_n16,native128x2_acc2,5,65536,50.098,1024,0,0,1
opt_integer_mac,l4_full_n16,deferred_columns,5,65536,67.071,1024,0,0,1
opt_integer_mac,l4_full_n16,products4,5,65536,62.204,1024,0,0,1
opt_integer_mac,l4_full_n16,products2,5,65536,58.207,1024,0,0,1
opt_integer_mac,l4_full_n16,native128x2,5,65536,48.695,1024,0,0,1
opt_integer_mac,l4_full_n16,circuit_z,5,65536,53.544,1024,0,0,1
opt_integer_mac,l4_full_n16,incumbent,5,65536,58.301,1024,0,0,1
opt_integer_mac,l4_full_n16,products4,6,65536,59.572,1024,0,0,1
opt_integer_mac,l4_full_n16,native128x2,6,65536,50.219,1024,0,0,1
opt_integer_mac,l4_full_n16,native128x2_acc2,6,65536,50.706,1024,0,0,1
opt_integer_mac,l4_full_n16,incumbent,6,65536,58.567,1024,0,0,1
opt_integer_mac,l4_full_n16,products2,6,65536,59.310,1024,0,0,1
opt_integer_mac,l4_full_n16,deferred_columns,6,65536,70.126,1024,0,0,1
opt_integer_mac,l4_full_n16,circuit_z,6,65536,53.186,1024,0,0,1
opt_integer_mac,l4_full_n16,deferred_columns,7,65536,67.724,1024,0,0,1
opt_integer_mac,l4_full_n16,products4,7,65536,59.805,1024,0,0,1
opt_integer_mac,l4_full_n16,native128x2_acc2,7,65536,49.964,1024,0,0,1
opt_integer_mac,l4_full_n16,incumbent,7,65536,58.015,1024,0,0,1
opt_integer_mac,l4_full_n16,native128x2,7,65536,50.465,1024,0,0,1
opt_integer_mac,l4_full_n16,products2,7,65536,59.455,1024,0,0,1
opt_integer_mac,l4_full_n16,circuit_z,7,65536,53.441,1024,0,0,1
opt_integer_mac,l4_full_n16,products4,8,65536,61.070,1024,0,0,1
opt_integer_mac,l4_full_n16,circuit_z,8,65536,53.848,1024,0,0,1
opt_integer_mac,l4_full_n16,deferred_columns,8,65536,67.190,1024,0,0,1
opt_integer_mac,l4_full_n16,native128x2,8,65536,49.443,1024,0,0,1
opt_integer_mac,l4_full_n16,native128x2_acc2,8,65536,51.503,1024,0,0,1
opt_integer_mac,l4_full_n16,products2,8,65536,56.856,1024,0,0,1
opt_integer_mac,l4_full_n16,incumbent,8,65536,57.686,1024,0,0,1
opt_integer_mac,l4_full_n16,native128x2,9,65536,49.562,1024,0,0,1
opt_integer_mac,l4_full_n16,native128x2_acc2,9,65536,48.783,1024,0,0,1
opt_integer_mac,l4_full_n16,products4,9,65536,60.621,1024,0,0,1
opt_integer_mac,l4_full_n16,deferred_columns,9,65536,66.253,1024,0,0,1
opt_integer_mac,l4_full_n16,products2,9,65536,58.883,1024,0,0,1
opt_integer_mac,l4_full_n16,circuit_z,9,65536,52.832,1024,0,0,1
opt_integer_mac,l4_full_n16,incumbent,9,65536,57.557,1024,0,0,1
opt_integer_mac,l4_full_n16,products2,10,65536,58.016,1024,0,0,1
opt_integer_mac,l4_full_n16,native128x2,10,65536,49.342,1024,0,0,1
opt_integer_mac,l4_full_n16,deferred_columns,10,65536,67.128,1024,0,0,1
opt_integer_mac,l4_full_n16,circuit_z,10,65536,55.047,1024,0,0,1
opt_integer_mac,l4_full_n16,native128x2_acc2,10,65536,49.665,1024,0,0,1
opt_integer_mac,l4_full_n16,incumbent,10,65536,60.032,1024,0,0,1
opt_integer_mac,l4_full_n16,products4,10,65536,61.359,1024,0,0,1
opt_integer_mac,l4_full_n16,incumbent,11,65536,57.130,1024,0,0,1
opt_integer_mac,l4_full_n16,circuit_z,11,65536,51.613,1024,0,0,1
opt_integer_mac,l4_full_n16,products4,11,65536,59.699,1024,0,0,1
opt_integer_mac,l4_full_n16,native128x2,11,65536,49.096,1024,0,0,1
opt_integer_mac,l4_full_n16,native128x2_acc2,11,65536,48.763,1024,0,0,1
opt_integer_mac,l4_full_n16,products2,11,65536,59.569,1024,0,0,1
opt_integer_mac,l4_full_n16,deferred_columns,11,65536,67.085,1024,0,0,1
opt_integer_mac,l4_full_n16,native128x2_acc2,12,65536,48.936,1024,0,0,1
opt_integer_mac,l4_full_n16,circuit_z,12,65536,54.266,1024,0,0,1
opt_integer_mac,l4_full_n16,deferred_columns,12,65536,66.748,1024,0,0,1
opt_integer_mac,l4_full_n16,incumbent,12,65536,56.903,1024,0,0,1
opt_integer_mac,l4_full_n16,products2,12,65536,58.045,1024,0,0,1
opt_integer_mac,l4_full_n16,products4,12,65536,60.544,1024,0,0,1
opt_integer_mac,l4_full_n16,native128x2,12,65536,49.507,1024,0,0,1
opt_integer_mac,l4_full_n16,deferred_columns,13,65536,67.272,1024,0,0,1
opt_integer_mac,l4_full_n16,products4,13,65536,59.651,1024,0,0,1
opt_integer_mac,l4_full_n16,native128x2,13,65536,50.201,1024,0,0,1
opt_integer_mac,l4_full_n16,incumbent,13,65536,57.470,1024,0,0,1
opt_integer_mac,l4_full_n16,products2,13,65536,58.713,1024,0,0,1
opt_integer_mac,l4_full_n16,circuit_z,13,65536,53.746,1024,0,0,1
opt_integer_mac,l4_full_n16,native128x2_acc2,13,65536,48.042,1024,0,0,1
opt_integer_mac,l4_full_n16,deferred_columns,14,65536,67.837,1024,0,0,1
opt_integer_mac,l4_full_n16,circuit_z,14,65536,55.717,1024,0,0,1
opt_integer_mac,l4_full_n16,native128x2_acc2,14,65536,53.871,1024,0,0,1
opt_integer_mac,l4_full_n16,products2,14,65536,59.259,1024,0,0,1
opt_integer_mac,l4_full_n16,incumbent,14,65536,57.601,1024,0,0,1
opt_integer_mac,l4_full_n16,native128x2,14,65536,48.729,1024,0,0,1
opt_integer_mac,l4_full_n16,products4,14,65536,61.223,1024,0,0,1
opt_integer_mac,l4_full_n16,native128x2_acc2,15,65536,48.775,1024,0,0,1
opt_integer_mac,l4_full_n16,incumbent,15,65536,58.154,1024,0,0,1
opt_integer_mac,l4_full_n16,native128x2,15,65536,51.420,1024,0,0,1
opt_integer_mac,l4_full_n16,products2,15,65536,59.371,1024,0,0,1
opt_integer_mac,l4_full_n16,circuit_z,15,65536,53.436,1024,0,0,1
opt_integer_mac,l4_full_n16,deferred_columns,15,65536,64.840,1024,0,0,1
opt_integer_mac,l4_full_n16,products4,15,65536,59.328,1024,0,0,1
opt_integer_mac,l4_full_n16,native128x2_acc2,16,65536,51.189,1024,0,0,1
opt_integer_mac,l4_full_n16,deferred_columns,16,65536,66.057,1024,0,0,1
opt_integer_mac,l4_full_n16,native128x2,16,65536,48.686,1024,0,0,1
opt_integer_mac,l4_full_n16,circuit_z,16,65536,54.087,1024,0,0,1
opt_integer_mac,l4_full_n16,products2,16,65536,58.088,1024,0,0,1
opt_integer_mac,l4_full_n16,incumbent,16,65536,58.922,1024,0,0,1
opt_integer_mac,l4_full_n16,products4,16,65536,60.146,1024,0,0,1
opt_integer_mac,l4_full_n16,deferred_columns,17,65536,66.028,1024,0,0,1
opt_integer_mac,l4_full_n16,circuit_z,17,65536,55.478,1024,0,0,1
opt_integer_mac,l4_full_n16,products4,17,65536,60.951,1024,0,0,1
opt_integer_mac,l4_full_n16,native128x2_acc2,17,65536,47.904,1024,0,0,1
opt_integer_mac,l4_full_n16,products2,17,65536,59.931,1024,0,0,1
opt_integer_mac,l4_full_n16,incumbent,17,65536,59.312,1024,0,0,1
opt_integer_mac,l4_full_n16,native128x2,17,65536,49.555,1024,0,0,1
opt_integer_mac,l4_full_n16,native128x2,18,65536,49.847,1024,0,0,1
opt_integer_mac,l4_full_n16,products4,18,65536,58.414,1024,0,0,1
opt_integer_mac,l4_full_n16,native128x2_acc2,18,65536,48.419,1024,0,0,1
opt_integer_mac,l4_full_n16,deferred_columns,18,65536,67.664,1024,0,0,1
opt_integer_mac,l4_full_n16,products2,18,65536,60.090,1024,0,0,1
opt_integer_mac,l4_full_n16,circuit_z,18,65536,53.012,1024,0,0,1
opt_integer_mac,l4_full_n16,incumbent,18,65536,59.937,1024,0,0,1
opt_integer_mac,l4_full_n16,circuit_z,19,65536,53.755,1024,0,0,1
opt_integer_mac,l4_full_n16,products2,19,65536,59.186,1024,0,0,1
opt_integer_mac,l4_full_n16,products4,19,65536,60.925,1024,0,0,1
opt_integer_mac,l4_full_n16,native128x2,19,65536,50.111,1024,0,0,1
opt_integer_mac,l4_full_n16,incumbent,19,65536,58.216,1024,0,0,1
opt_integer_mac,l4_full_n16,deferred_columns,19,65536,67.363,1024,0,0,1
opt_integer_mac,l4_full_n16,native128x2_acc2,19,65536,48.826,1024,0,0,1
opt_integer_mac,l4_full_n16,products2,20,65536,59.302,1024,0,0,1
opt_integer_mac,l4_full_n16,native128x2_acc2,20,65536,48.772,1024,0,0,1
opt_integer_mac,l4_full_n16,circuit_z,20,65536,52.978,1024,0,0,1
opt_integer_mac,l4_full_n16,products4,20,65536,59.863,1024,0,0,1
opt_integer_mac,l4_full_n16,deferred_columns,20,65536,66.072,1024,0,0,1
opt_integer_mac,l4_full_n16,native128x2,20,65536,49.421,1024,0,0,1
opt_integer_mac,l4_full_n16,incumbent,20,65536,56.901,1024,0,0,1
opt_integer_mac,l4_full_n16,products4,21,65536,60.176,1024,0,0,1
opt_integer_mac,l4_full_n16,products2,21,65536,58.258,1024,0,0,1
opt_integer_mac,l4_full_n16,native128x2_acc2,21,65536,49.739,1024,0,0,1
opt_integer_mac,l4_full_n16,incumbent,21,65536,58.258,1024,0,0,1
opt_integer_mac,l4_full_n16,native128x2,21,65536,48.946,1024,0,0,1
opt_integer_mac,l4_full_n16,deferred_columns,21,65536,66.798,1024,0,0,1
opt_integer_mac,l4_full_n16,circuit_z,21,65536,52.931,1024,0,0,1
opt_integer_mac,l4_full_n16,deferred_columns,22,65536,66.788,1024,0,0,1
opt_integer_mac,l4_full_n16,native128x2,22,65536,48.717,1024,0,0,1
opt_integer_mac,l4_full_n16,incumbent,22,65536,58.891,1024,0,0,1
opt_integer_mac,l4_full_n16,products2,22,65536,57.968,1024,0,0,1
opt_integer_mac,l4_full_n16,products4,22,65536,60.204,1024,0,0,1
opt_integer_mac,l4_full_n16,native128x2_acc2,22,65536,48.799,1024,0,0,1
opt_integer_mac,l4_full_n16,circuit_z,22,65536,53.174,1024,0,0,1
opt_integer_mac,l4_full_n16,deferred_columns,23,65536,66.914,1024,0,0,1
opt_integer_mac,l4_full_n16,circuit_z,23,65536,53.049,1024,0,0,1
opt_integer_mac,l4_full_n16,incumbent,23,65536,58.576,1024,0,0,1
opt_integer_mac,l4_full_n16,native128x2,23,65536,48.602,1024,0,0,1
opt_integer_mac,l4_full_n16,products4,23,65536,60.171,1024,0,0,1
opt_integer_mac,l4_full_n16,native128x2_acc2,23,65536,48.811,1024,0,0,1
opt_integer_mac,l4_full_n16,products2,23,65536,59.021,1024,0,0,1
opt_integer_mac,l4_full_n16,products2,24,65536,58.252,1024,0,0,1
opt_integer_mac,l4_full_n16,native128x2_acc2,24,65536,48.981,1024,0,0,1
opt_integer_mac,l4_full_n16,products4,24,65536,60.036,1024,0,0,1
opt_integer_mac,l4_full_n16,incumbent,24,65536,56.306,1024,0,0,1
opt_integer_mac,l4_full_n16,deferred_columns,24,65536,66.844,1024,0,0,1
opt_integer_mac,l4_full_n16,circuit_z,24,65536,51.812,1024,0,0,1
opt_integer_mac,l4_full_n16,native128x2,24,65536,48.660,1024,0,0,1
opt_integer_mac,l4_full_n16,incumbent,25,65536,55.949,1024,0,0,1
opt_integer_mac,l4_full_n16,products4,25,65536,59.038,1024,0,0,1
opt_integer_mac,l4_full_n16,native128x2_acc2,25,65536,47.908,1024,0,0,1
opt_integer_mac,l4_full_n16,native128x2,25,65536,48.126,1024,0,0,1
opt_integer_mac,l4_full_n16,circuit_z,25,65536,53.747,1024,0,0,1
opt_integer_mac,l4_full_n16,products2,25,65536,57.789,1024,0,0,1
opt_integer_mac,l4_full_n16,deferred_columns,25,65536,66.945,1024,0,0,1
opt_integer_mac,l4_full_n16,products4,26,65536,59.727,1024,0,0,1
opt_integer_mac,l4_full_n16,native128x2,26,65536,49.701,1024,0,0,1
opt_integer_mac,l4_full_n16,incumbent,26,65536,57.269,1024,0,0,1
opt_integer_mac,l4_full_n16,native128x2_acc2,26,65536,50.196,1024,0,0,1
opt_integer_mac,l4_full_n16,products2,26,65536,57.302,1024,0,0,1
opt_integer_mac,l4_full_n16,circuit_z,26,65536,51.791,1024,0,0,1
opt_integer_mac,l4_full_n16,deferred_columns,26,65536,66.334,1024,0,0,1
opt_integer_mac,l4_full_n16,products4,27,65536,58.743,1024,0,0,1
opt_integer_mac,l4_full_n16,products2,27,65536,58.461,1024,0,0,1
opt_integer_mac,l4_full_n16,deferred_columns,27,65536,64.971,1024,0,0,1
opt_integer_mac,l4_full_n16,incumbent,27,65536,57.926,1024,0,0,1
opt_integer_mac,l4_full_n16,native128x2_acc2,27,65536,47.966,1024,0,0,1
opt_integer_mac,l4_full_n16,native128x2,27,65536,49.398,1024,0,0,1
opt_integer_mac,l4_full_n16,circuit_z,27,65536,53.708,1024,0,0,1
opt_integer_mac,l4_full_n16,incumbent,28,65536,57.639,1024,0,0,1
opt_integer_mac,l4_full_n16,native128x2_acc2,28,65536,49.283,1024,0,0,1
opt_integer_mac,l4_full_n16,circuit_z,28,65536,52.919,1024,0,0,1
opt_integer_mac,l4_full_n16,products2,28,65536,58.987,1024,0,0,1
opt_integer_mac,l4_full_n16,products4,28,65536,59.141,1024,0,0,1
opt_integer_mac,l4_full_n16,native128x2,28,65536,49.177,1024,0,0,1
opt_integer_mac,l4_full_n16,deferred_columns,28,65536,66.550,1024,0,0,1
opt_integer_mac,l4_full_n16,deferred_columns,29,65536,67.003,1024,0,0,1
opt_integer_mac,l4_full_n16,native128x2,29,65536,48.766,1024,0,0,1
opt_integer_mac,l4_full_n16,incumbent,29,65536,57.342,1024,0,0,1
opt_integer_mac,l4_full_n16,circuit_z,29,65536,53.829,1024,0,0,1
opt_integer_mac,l4_full_n16,products4,29,65536,59.341,1024,0,0,1
opt_integer_mac,l4_full_n16,native128x2_acc2,29,65536,50.712,1024,0,0,1
opt_integer_mac,l4_full_n16,products2,29,65536,57.250,1024,0,0,1
opt_integer_mac,l4_full_n16,products4,30,65536,58.120,1024,0,0,1
opt_integer_mac,l4_full_n16,incumbent,30,65536,59.491,1024,0,0,1
opt_integer_mac,l4_full_n16,deferred_columns,30,65536,67.167,1024,0,0,1
opt_integer_mac,l4_full_n16,circuit_z,30,65536,55.305,1024,0,0,1
opt_integer_mac,l4_full_n16,products2,30,65536,59.640,1024,0,0,1
opt_integer_mac,l4_full_n16,native128x2_acc2,30,65536,50.213,1024,0,0,1
opt_integer_mac,l4_full_n16,native128x2,30,65536,53.637,1024,0,0,1
opt_integer_mac,l4_full_n16,products2,31,65536,59.868,1024,0,0,1
opt_integer_mac,l4_full_n16,circuit_z,31,65536,54.456,1024,0,0,1
opt_integer_mac,l4_full_n16,native128x2_acc2,31,65536,50.187,1024,0,0,1
opt_integer_mac,l4_full_n16,incumbent,31,65536,60.245,1024,0,0,1
opt_integer_mac,l4_full_n16,products4,31,65536,62.236,1024,0,0,1
opt_integer_mac,l4_full_n16,native128x2,31,65536,49.629,1024,0,0,1
opt_integer_mac,l4_full_n16,deferred_columns,31,65536,67.054,1024,0,0,1
opt_integer_mac,l4_full_n16,native128x2_acc2,32,65536,49.574,1024,0,0,1
opt_integer_mac,l4_full_n16,circuit_z,32,65536,56.867,1024,0,0,1
opt_integer_mac,l4_full_n16,deferred_columns,32,65536,66.120,1024,0,0,1
opt_integer_mac,l4_full_n16,native128x2,32,65536,49.514,1024,0,0,1
opt_integer_mac,l4_full_n16,products4,32,65536,62.056,1024,0,0,1
opt_integer_mac,l4_full_n16,products2,32,65536,60.751,1024,0,0,1
opt_integer_mac,l4_full_n16,incumbent,32,65536,58.900,1024,0,0,1
opt_integer_mac,l4_full_n16,native128x2,33,65536,49.348,1024,0,0,1
opt_integer_mac,l4_full_n16,products2,33,65536,59.813,1024,0,0,1
opt_integer_mac,l4_full_n16,products4,33,65536,58.428,1024,0,0,1
opt_integer_mac,l4_full_n16,deferred_columns,33,65536,66.326,1024,0,0,1
opt_integer_mac,l4_full_n16,incumbent,33,65536,58.961,1024,0,0,1
opt_integer_mac,l4_full_n16,circuit_z,33,65536,53.352,1024,0,0,1
opt_integer_mac,l4_full_n16,native128x2_acc2,33,65536,48.595,1024,0,0,1
opt_integer_mac,l4_full_n16,native128x2,34,65536,51.199,1024,0,0,1
opt_integer_mac,l4_full_n16,circuit_z,34,65536,52.720,1024,0,0,1
opt_integer_mac,l4_full_n16,products4,34,65536,59.995,1024,0,0,1
opt_integer_mac,l4_full_n16,deferred_columns,34,65536,68.235,1024,0,0,1
opt_integer_mac,l4_full_n16,incumbent,34,65536,60.710,1024,0,0,1
opt_integer_mac,l4_full_n16,products2,34,65536,59.130,1024,0,0,1
opt_integer_mac,l4_full_n16,native128x2_acc2,34,65536,47.817,1024,0,0,1
opt_integer_mac,l4_full_n16,incumbent,35,65536,56.723,1024,0,0,1
opt_integer_mac,l4_full_n16,deferred_columns,35,65536,68.021,1024,0,0,1
opt_integer_mac,l4_full_n16,native128x2_acc2,35,65536,48.810,1024,0,0,1
opt_integer_mac,l4_full_n16,products2,35,65536,58.680,1024,0,0,1
opt_integer_mac,l4_full_n16,native128x2,35,65536,49.503,1024,0,0,1
opt_integer_mac,l4_full_n16,circuit_z,35,65536,53.064,1024,0,0,1
opt_integer_mac,l4_full_n16,products4,35,65536,60.706,1024,0,0,1
opt_integer_mac,l4_full_n16,products4,36,65536,59.266,1024,0,0,1
opt_integer_mac,l4_full_n16,products2,36,65536,57.909,1024,0,0,1
opt_integer_mac,l4_full_n16,deferred_columns,36,65536,67.371,1024,0,0,1
opt_integer_mac,l4_full_n16,native128x2_acc2,36,65536,48.876,1024,0,0,1
opt_integer_mac,l4_full_n16,native128x2,36,65536,49.629,1024,0,0,1
opt_integer_mac,l4_full_n16,circuit_z,36,65536,53.259,1024,0,0,1
opt_integer_mac,l4_full_n16,incumbent,36,65536,57.331,1024,0,0,1
opt_integer_mac,l4_full_n16,incumbent,37,65536,58.125,1024,0,0,1
opt_integer_mac,l4_full_n16,deferred_columns,37,65536,67.051,1024,0,0,1
opt_integer_mac,l4_full_n16,products2,37,65536,57.771,1024,0,0,1
opt_integer_mac,l4_full_n16,products4,37,65536,61.501,1024,0,0,1
opt_integer_mac,l4_full_n16,circuit_z,37,65536,55.065,1024,0,0,1
opt_integer_mac,l4_full_n16,native128x2,37,65536,49.295,1024,0,0,1
opt_integer_mac,l4_full_n16,native128x2_acc2,37,65536,48.998,1024,0,0,1
opt_integer_mac,l4_full_n16,products2,38,65536,56.801,1024,0,0,1
opt_integer_mac,l4_full_n16,deferred_columns,38,65536,67.731,1024,0,0,1
opt_integer_mac,l4_full_n16,native128x2,38,65536,50.831,1024,0,0,1
opt_integer_mac,l4_full_n16,incumbent,38,65536,59.729,1024,0,0,1
opt_integer_mac,l4_full_n16,native128x2_acc2,38,65536,56.993,1024,0,0,1
opt_integer_mac,l4_full_n16,products4,38,65536,88.750,1024,0,0,1
opt_integer_mac,l4_full_n16,circuit_z,38,65536,57.234,1024,0,0,1
opt_integer_mac,l4_full_n16,incumbent,39,65536,62.077,1024,0,0,1
opt_integer_mac,l4_full_n16,circuit_z,39,65536,53.675,1024,0,0,1
opt_integer_mac,l4_full_n16,products2,39,65536,60.665,1024,0,0,1
opt_integer_mac,l4_full_n16,deferred_columns,39,65536,100.228,1024,0,0,1
opt_integer_mac,l4_full_n16,native128x2_acc2,39,65536,76.424,1024,0,0,1
opt_integer_mac,l4_full_n16,native128x2,39,65536,50.117,1024,0,0,1
opt_integer_mac,l4_full_n16,products4,39,65536,62.358,1024,0,0,1
opt_integer_mac,l4_full_n16,deferred_columns,40,65536,67.340,1024,0,0,1
opt_integer_mac,l4_full_n16,native128x2_acc2,40,65536,52.114,1024,0,0,1
opt_integer_mac,l4_full_n16,circuit_z,40,65536,64.797,1024,0,0,1
opt_integer_mac,l4_full_n16,products2,40,65536,67.081,1024,0,0,1
opt_integer_mac,l4_full_n16,products4,40,65536,63.627,1024,0,0,1
opt_integer_mac,l4_full_n16,incumbent,40,65536,58.639,1024,0,0,1
opt_integer_mac,l4_full_n16,native128x2,40,65536,49.445,1024,0,0,1
opt_integer_mac,l4_full_n16,native128x2,41,65536,52.099,1024,0,0,1
opt_integer_mac,l4_full_n16,native128x2_acc2,41,65536,51.219,1024,0,0,1
opt_integer_mac,l4_full_n16,circuit_z,41,65536,54.943,1024,0,0,1
opt_integer_mac,l4_full_n16,deferred_columns,41,65536,67.992,1024,0,0,1
opt_integer_mac,l4_full_n16,products2,41,65536,60.770,1024,0,0,1
opt_integer_mac,l4_full_n16,incumbent,41,65536,61.237,1024,0,0,1
opt_integer_mac,l4_full_n16,products4,41,65536,61.012,1024,0,0,1
opt_integer_mac,l4_full_n16,circuit_z,42,65536,53.647,1024,0,0,1
opt_integer_mac,l4_full_n16,native128x2_acc2,42,65536,50.710,1024,0,0,1
opt_integer_mac,l4_full_n16,products4,42,65536,62.010,1024,0,0,1
opt_integer_mac,l4_full_n16,native128x2,42,65536,48.861,1024,0,0,1
opt_integer_mac,l4_full_n16,products2,42,65536,59.238,1024,0,0,1
opt_integer_mac,l4_full_n16,incumbent,42,65536,58.261,1024,0,0,1
opt_integer_mac,l4_full_n16,deferred_columns,42,65536,76.731,1024,0,0,1
opt_integer_mac,l4_full_n16,native128x2,43,65536,50.036,1024,0,0,1
opt_integer_mac,l4_full_n16,deferred_columns,43,65536,67.211,1024,0,0,1
opt_integer_mac,l4_full_n16,circuit_z,43,65536,56.969,1024,0,0,1
opt_integer_mac,l4_full_n16,products2,43,65536,58.222,1024,0,0,1
opt_integer_mac,l4_full_n16,native128x2_acc2,43,65536,49.342,1024,0,0,1
opt_integer_mac,l4_full_n16,products4,43,65536,60.560,1024,0,0,1
opt_integer_mac,l4_full_n16,incumbent,43,65536,57.393,1024,0,0,1
opt_integer_mac,l4_full_n16,native128x2,44,65536,49.542,1024,0,0,1
opt_integer_mac,l4_full_n16,incumbent,44,65536,58.072,1024,0,0,1
opt_integer_mac,l4_full_n16,products4,44,65536,59.200,1024,0,0,1
opt_integer_mac,l4_full_n16,deferred_columns,44,65536,67.207,1024,0,0,1
opt_integer_mac,l4_full_n16,products2,44,65536,58.044,1024,0,0,1
opt_integer_mac,l4_full_n16,circuit_z,44,65536,53.339,1024,0,0,1
opt_integer_mac,l4_full_n16,native128x2_acc2,44,65536,50.164,1024,0,0,1
opt_integer_mac,l4_full_n16,deferred_columns,45,65536,67.143,1024,0,0,1
opt_integer_mac,l4_full_n16,circuit_z,45,65536,54.118,1024,0,0,1
opt_integer_mac,l4_full_n16,products2,45,65536,58.459,1024,0,0,1
opt_integer_mac,l4_full_n16,products4,45,65536,61.174,1024,0,0,1
opt_integer_mac,l4_full_n16,incumbent,45,65536,59.301,1024,0,0,1
opt_integer_mac,l4_full_n16,native128x2,45,65536,48.742,1024,0,0,1
opt_integer_mac,l4_full_n16,native128x2_acc2,45,65536,48.742,1024,0,0,1
opt_integer_mac,l4_full_n16,products4,46,65536,59.890,1024,0,0,1
opt_integer_mac,l4_full_n16,deferred_columns,46,65536,66.029,1024,0,0,1
opt_integer_mac,l4_full_n16,circuit_z,46,65536,53.127,1024,0,0,1
opt_integer_mac,l4_full_n16,incumbent,46,65536,58.382,1024,0,0,1
opt_integer_mac,l4_full_n16,products2,46,65536,59.055,1024,0,0,1
opt_integer_mac,l4_full_n16,native128x2,46,65536,48.963,1024,0,0,1
opt_integer_mac,l4_full_n16,native128x2_acc2,46,65536,49.910,1024,0,0,1
opt_integer_mac,l4_full_n16,circuit_z,47,65536,52.975,1024,0,0,1
opt_integer_mac,l4_full_n16,products4,47,65536,59.077,1024,0,0,1
opt_integer_mac,l4_full_n16,native128x2_acc2,47,65536,49.898,1024,0,0,1
opt_integer_mac,l4_full_n16,deferred_columns,47,65536,67.069,1024,0,0,1
opt_integer_mac,l4_full_n16,products2,47,65536,59.365,1024,0,0,1
opt_integer_mac,l4_full_n16,incumbent,47,65536,58.837,1024,0,0,1
opt_integer_mac,l4_full_n16,native128x2,47,65536,49.348,1024,0,0,1
opt_integer_mac,l4_full_n16,native128x2,48,65536,49.617,1024,0,0,1
opt_integer_mac,l4_full_n16,deferred_columns,48,65536,68.743,1024,0,0,1
opt_integer_mac,l4_full_n16,native128x2_acc2,48,65536,51.079,1024,0,0,1
opt_integer_mac,l4_full_n16,incumbent,48,65536,58.165,1024,0,0,1
opt_integer_mac,l4_full_n16,products4,48,65536,59.228,1024,0,0,1
opt_integer_mac,l4_full_n16,circuit_z,48,65536,53.877,1024,0,0,1
opt_integer_mac,l4_full_n16,products2,48,65536,59.485,1024,0,0,1
opt_integer_mac,l4_full_n16,deferred_columns,49,65536,66.019,1024,0,0,1
opt_integer_mac,l4_full_n16,products2,49,65536,59.142,1024,0,0,1
opt_integer_mac,l4_full_n16,circuit_z,49,65536,53.974,1024,0,0,1
opt_integer_mac,l4_full_n16,native128x2,49,65536,50.912,1024,0,0,1
opt_integer_mac,l4_full_n16,incumbent,49,65536,55.496,1024,0,0,1
opt_integer_mac,l4_full_n16,products4,49,65536,58.755,1024,0,0,1
opt_integer_mac,l4_full_n16,native128x2_acc2,49,65536,49.404,1024,0,0,1
opt_integer_mac,l4_full_n16,deferred_columns,50,65536,67.807,1024,0,0,1
opt_integer_mac,l4_full_n16,incumbent,50,65536,57.899,1024,0,0,1
opt_integer_mac,l4_full_n16,native128x2,50,65536,49.860,1024,0,0,1
opt_integer_mac,l4_full_n16,native128x2_acc2,50,65536,49.436,1024,0,0,1
opt_integer_mac,l4_full_n16,circuit_z,50,65536,52.880,1024,0,0,1
opt_integer_mac,l4_full_n16,products4,50,65536,59.956,1024,0,0,1
opt_integer_mac,l4_full_n16,products2,50,65536,58.526,1024,0,0,1
opt_integer_mac,l4_full_n16,incumbent,51,65536,58.506,1024,0,0,1
opt_integer_mac,l4_full_n16,circuit_z,51,65536,54.224,1024,0,0,1
opt_integer_mac,l4_full_n16,native128x2_acc2,51,65536,49.441,1024,0,0,1
opt_integer_mac,l4_full_n16,native128x2,51,65536,51.121,1024,0,0,1
opt_integer_mac,l4_full_n16,deferred_columns,51,65536,64.772,1024,0,0,1
opt_integer_mac,l4_full_n16,products2,51,65536,57.290,1024,0,0,1
opt_integer_mac,l4_full_n16,products4,51,65536,60.274,1024,0,0,1
opt_integer_mac,l4_full_n16,native128x2,52,65536,49.133,1024,0,0,1
opt_integer_mac,l4_full_n16,incumbent,52,65536,60.066,1024,0,0,1
opt_integer_mac,l4_full_n16,native128x2_acc2,52,65536,50.322,1024,0,0,1
opt_integer_mac,l4_full_n16,circuit_z,52,65536,54.665,1024,0,0,1
opt_integer_mac,l4_full_n16,deferred_columns,52,65536,67.322,1024,0,0,1
opt_integer_mac,l4_full_n16,products4,52,65536,60.378,1024,0,0,1
opt_integer_mac,l4_full_n16,products2,52,65536,59.114,1024,0,0,1
opt_integer_mac,l4_full_n16,products4,53,65536,60.640,1024,0,0,1
opt_integer_mac,l4_full_n16,incumbent,53,65536,59.001,1024,0,0,1
opt_integer_mac,l4_full_n16,products2,53,65536,57.191,1024,0,0,1
opt_integer_mac,l4_full_n16,deferred_columns,53,65536,64.769,1024,0,0,1
opt_integer_mac,l4_full_n16,circuit_z,53,65536,53.893,1024,0,0,1
opt_integer_mac,l4_full_n16,native128x2_acc2,53,65536,49.924,1024,0,0,1
opt_integer_mac,l4_full_n16,native128x2,53,65536,49.650,1024,0,0,1
opt_integer_mac,l4_full_n16,circuit_z,54,65536,54.124,1024,0,0,1
opt_integer_mac,l4_full_n16,products4,54,65536,60.171,1024,0,0,1
opt_integer_mac,l4_full_n16,incumbent,54,65536,59.249,1024,0,0,1
opt_integer_mac,l4_full_n16,native128x2,54,65536,50.982,1024,0,0,1
opt_integer_mac,l4_full_n16,products2,54,65536,62.333,1024,0,0,1
opt_integer_mac,l4_full_n16,deferred_columns,54,65536,70.613,1024,0,0,1
opt_integer_mac,l4_full_n16,native128x2_acc2,54,65536,48.308,1024,0,0,1
opt_integer_mac,l4_full_n16,circuit_z,55,65536,52.670,1024,0,0,1
opt_integer_mac,l4_full_n16,native128x2_acc2,55,65536,67.809,1024,0,0,1
opt_integer_mac,l4_full_n16,products4,55,65536,87.493,1024,0,0,1
opt_integer_mac,l4_full_n16,deferred_columns,55,65536,95.223,1024,0,0,1
opt_integer_mac,l4_full_n16,native128x2,55,65536,50.869,1024,0,0,1
opt_integer_mac,l4_full_n16,incumbent,55,65536,60.598,1024,0,0,1
opt_integer_mac,l4_full_n16,products2,55,65536,59.353,1024,0,0,1
opt_integer_mac,l4_full_n16,products4,56,65536,60.038,1024,0,0,1
opt_integer_mac,l4_full_n16,circuit_z,56,65536,52.841,1024,0,0,1
opt_integer_mac,l4_full_n16,native128x2_acc2,56,65536,50.688,1024,0,0,1
opt_integer_mac,l4_full_n16,deferred_columns,56,65536,66.107,1024,0,0,1
opt_integer_mac,l4_full_n16,products2,56,65536,57.909,1024,0,0,1
opt_integer_mac,l4_full_n16,native128x2,56,65536,50.581,1024,0,0,1
opt_integer_mac,l4_full_n16,incumbent,56,65536,58.482,1024,0,0,1
opt_integer_mac,l4_full_n16,products2,57,65536,60.040,1024,0,0,1
opt_integer_mac,l4_full_n16,deferred_columns,57,65536,67.193,1024,0,0,1
opt_integer_mac,l4_full_n16,circuit_z,57,65536,53.789,1024,0,0,1
opt_integer_mac,l4_full_n16,native128x2_acc2,57,65536,50.367,1024,0,0,1
opt_integer_mac,l4_full_n16,native128x2,57,65536,49.964,1024,0,0,1
opt_integer_mac,l4_full_n16,products4,57,65536,60.908,1024,0,0,1
opt_integer_mac,l4_full_n16,incumbent,57,65536,56.035,1024,0,0,1
opt_integer_mac,l4_full_n16,deferred_columns,58,65536,67.882,1024,0,0,1
opt_integer_mac,l4_full_n16,circuit_z,58,65536,52.829,1024,0,0,1
opt_integer_mac,l4_full_n16,native128x2,58,65536,49.627,1024,0,0,1
opt_integer_mac,l4_full_n16,incumbent,58,65536,57.920,1024,0,0,1
opt_integer_mac,l4_full_n16,native128x2_acc2,58,65536,48.794,1024,0,0,1
opt_integer_mac,l4_full_n16,products4,58,65536,60.646,1024,0,0,1
opt_integer_mac,l4_full_n16,products2,58,65536,57.840,1024,0,0,1
opt_integer_mac,l4_full_n16,native128x2_acc2,59,65536,51.445,1024,0,0,1
opt_integer_mac,l4_full_n16,incumbent,59,65536,59.456,1024,0,0,1
opt_integer_mac,l4_full_n16,native128x2,59,65536,48.955,1024,0,0,1
opt_integer_mac,l4_full_n16,circuit_z,59,65536,52.719,1024,0,0,1
opt_integer_mac,l4_full_n16,deferred_columns,59,65536,67.705,1024,0,0,1
opt_integer_mac,l4_full_n16,products2,59,65536,57.981,1024,0,0,1
opt_integer_mac,l4_full_n16,products4,59,65536,60.209,1024,0,0,1
opt_integer_mac,l4_full_n16,circuit_z,60,65536,52.869,1024,0,0,1
opt_integer_mac,l4_full_n16,incumbent,60,65536,58.086,1024,0,0,1
opt_integer_mac,l4_full_n16,native128x2_acc2,60,65536,50.538,1024,0,0,1
opt_integer_mac,l4_full_n16,deferred_columns,60,65536,66.156,1024,0,0,1
opt_integer_mac,l4_full_n16,products4,60,65536,60.042,1024,0,0,1
opt_integer_mac,l4_full_n16,products2,60,65536,59.402,1024,0,0,1
opt_integer_mac,l4_full_n16,native128x2,60,65536,49.243,1024,0,0,1
opt_integer_mac,l4_full_n16,native128x2_acc2,61,65536,49.828,1024,0,0,1
opt_integer_mac,l4_full_n16,deferred_columns,61,65536,69.403,1024,0,0,1
opt_integer_mac,l4_full_n16,circuit_z,61,65536,53.743,1024,0,0,1
opt_integer_mac,l4_full_n16,native128x2,61,65536,58.598,1024,0,0,1
opt_integer_mac,l4_full_n16,incumbent,61,65536,64.066,1024,0,0,1
opt_integer_mac,l4_full_n16,products4,61,65536,64.697,1024,0,0,1
opt_integer_mac,l4_full_n16,products2,61,65536,59.537,1024,0,0,1
opt_integer_mac,l4_full_n16,native128x2,62,65536,50.031,1024,0,0,1
opt_integer_mac,l4_full_n16,native128x2_acc2,62,65536,50.728,1024,0,0,1
opt_integer_mac,l4_full_n16,products4,62,65536,61.878,1024,0,0,1
opt_integer_mac,l4_full_n16,deferred_columns,62,65536,70.988,1024,0,0,1
opt_integer_mac,l4_full_n16,products2,62,65536,60.457,1024,0,0,1
opt_integer_mac,l4_full_n16,incumbent,62,65536,58.442,1024,0,0,1
opt_integer_mac,l4_full_n16,circuit_z,62,65536,53.526,1024,0,0,1
opt_integer_mac,l4_full_n16,deferred_columns,63,65536,67.095,1024,0,0,1
opt_integer_mac,l4_full_n16,native128x2,63,65536,48.850,1024,0,0,1
opt_integer_mac,l4_full_n16,incumbent,63,65536,59.448,1024,0,0,1
opt_integer_mac,l4_full_n16,products4,63,65536,59.954,1024,0,0,1
opt_integer_mac,l4_full_n16,native128x2_acc2,63,65536,50.644,1024,0,0,1
opt_integer_mac,l4_full_n16,circuit_z,63,65536,54.483,1024,0,0,1
opt_integer_mac,l4_full_n16,products2,63,65536,60.429,1024,0,0,1
opt_int_checked_sub,l1_n1024,native_option,0,4096,717.285,24576,0,0,1
opt_int_checked_sub,l1_n1024,word_option,0,4096,700.999,24576,0,0,1
opt_int_checked_sub,l1_n1024,vendor_option,0,4096,1108.134,24576,0,0,1
opt_int_checked_sub,l1_n1024,vendor_option,1,4096,1013.967,24576,0,0,1
opt_int_checked_sub,l1_n1024,word_option,1,4096,704.508,24576,0,0,1
opt_int_checked_sub,l1_n1024,native_option,1,4096,698.944,24576,0,0,1
opt_int_checked_sub,l1_n1024,native_option,2,4096,699.086,24576,0,0,1
opt_int_checked_sub,l1_n1024,vendor_option,2,4096,1018.250,24576,0,0,1
opt_int_checked_sub,l1_n1024,word_option,2,4096,705.983,24576,0,0,1
opt_int_checked_sub,l1_n1024,native_option,3,4096,710.917,24576,0,0,1
opt_int_checked_sub,l1_n1024,word_option,3,4096,712.209,24576,0,0,1
opt_int_checked_sub,l1_n1024,vendor_option,3,4096,1343.323,24576,0,0,1
opt_int_checked_sub,l1_n1024,native_option,4,4096,694.631,24576,0,0,1
opt_int_checked_sub,l1_n1024,word_option,4,4096,694.499,24576,0,0,1
opt_int_checked_sub,l1_n1024,vendor_option,4,4096,1163.971,24576,0,0,1
opt_int_checked_sub,l1_n1024,vendor_option,5,4096,1121.328,24576,0,0,1
opt_int_checked_sub,l1_n1024,native_option,5,4096,715.983,24576,0,0,1
opt_int_checked_sub,l1_n1024,word_option,5,4096,717.947,24576,0,0,1
opt_int_checked_sub,l1_n1024,native_option,6,4096,693.634,24576,0,0,1
opt_int_checked_sub,l1_n1024,word_option,6,4096,694.438,24576,0,0,1
opt_int_checked_sub,l1_n1024,vendor_option,6,4096,1020.213,24576,0,0,1
opt_int_checked_sub,l1_n1024,word_option,7,4096,714.925,24576,0,0,1
opt_int_checked_sub,l1_n1024,vendor_option,7,4096,1261.424,24576,0,0,1
opt_int_checked_sub,l1_n1024,native_option,7,4096,711.141,24576,0,0,1
opt_int_checked_sub,l1_n1024,word_option,8,4096,714.610,24576,0,0,1
opt_int_checked_sub,l1_n1024,native_option,8,4096,724.172,24576,0,0,1
opt_int_checked_sub,l1_n1024,vendor_option,8,4096,1556.417,24576,0,0,1
opt_int_checked_sub,l1_n1024,word_option,9,4096,694.438,24576,0,0,1
opt_int_checked_sub,l1_n1024,native_option,9,4096,707.520,24576,0,0,1
opt_int_checked_sub,l1_n1024,vendor_option,9,4096,988.332,24576,0,0,1
opt_int_checked_sub,l1_n1024,native_option,10,4096,737.905,24576,0,0,1
opt_int_checked_sub,l1_n1024,word_option,10,4096,695.811,24576,0,0,1
opt_int_checked_sub,l1_n1024,vendor_option,10,4096,1112.905,24576,0,0,1
opt_int_checked_sub,l1_n1024,word_option,11,4096,710.765,24576,0,0,1
opt_int_checked_sub,l1_n1024,vendor_option,11,4096,1415.782,24576,0,0,1
opt_int_checked_sub,l1_n1024,native_option,11,4096,696.584,24576,0,0,1
opt_int_checked_sub,l1_n1024,vendor_option,12,4096,1133.881,24576,0,0,1
opt_int_checked_sub,l1_n1024,native_option,12,4096,714.386,24576,0,0,1
opt_int_checked_sub,l1_n1024,word_option,12,4096,695.241,24576,0,0,1
opt_int_checked_sub,l1_n1024,vendor_option,13,4096,1362.793,24576,0,0,1
opt_int_checked_sub,l1_n1024,word_option,13,4096,700.083,24576,0,0,1
opt_int_checked_sub,l1_n1024,native_option,13,4096,710.307,24576,0,0,1
opt_int_checked_sub,l1_n1024,word_option,14,4096,715.047,24576,0,0,1
opt_int_checked_sub,l1_n1024,native_option,14,4096,698.232,24576,0,0,1
opt_int_checked_sub,l1_n1024,vendor_option,14,4096,1078.837,24576,0,0,1
opt_int_checked_sub,l1_n1024,word_option,15,4096,688.975,24576,0,0,1
opt_int_checked_sub,l1_n1024,native_option,15,4096,695.414,24576,0,0,1
opt_int_checked_sub,l1_n1024,vendor_option,15,4096,1438.528,24576,0,0,1
opt_int_checked_sub,l1_n1024,native_option,16,4096,707.072,24576,0,0,1
opt_int_checked_sub,l1_n1024,word_option,16,4096,719.442,24576,0,0,1
opt_int_checked_sub,l1_n1024,vendor_option,16,4096,982.615,24576,0,0,1
opt_int_checked_sub,l1_n1024,vendor_option,17,4096,1053.630,24576,0,0,1
opt_int_checked_sub,l1_n1024,native_option,17,4096,705.526,24576,0,0,1
opt_int_checked_sub,l1_n1024,word_option,17,4096,708.934,24576,0,0,1
opt_int_checked_sub,l1_n1024,vendor_option,18,4096,1649.516,24576,0,0,1
opt_int_checked_sub,l1_n1024,word_option,18,4096,704.132,24576,0,0,1
opt_int_checked_sub,l1_n1024,native_option,18,4096,696.167,24576,0,0,1
opt_int_checked_sub,l1_n1024,word_option,19,4096,725.311,24576,0,0,1
opt_int_checked_sub,l1_n1024,native_option,19,4096,695.933,24576,0,0,1
opt_int_checked_sub,l1_n1024,vendor_option,19,4096,1486.583,24576,0,0,1
opt_int_checked_sub,l1_n1024,vendor_option,20,4096,1001.882,24576,0,0,1
opt_int_checked_sub,l1_n1024,native_option,20,4096,731.038,24576,0,0,1
opt_int_checked_sub,l1_n1024,word_option,20,4096,695.536,24576,0,0,1
opt_int_checked_sub,l1_n1024,native_option,21,4096,712.453,24576,0,0,1
opt_int_checked_sub,l1_n1024,vendor_option,21,4096,1458.395,24576,0,0,1
opt_int_checked_sub,l1_n1024,word_option,21,4096,709.758,24576,0,0,1
opt_int_checked_sub,l1_n1024,word_option,22,4096,696.503,24576,0,0,1
opt_int_checked_sub,l1_n1024,vendor_option,22,4096,987.498,24576,0,0,1
opt_int_checked_sub,l1_n1024,native_option,22,4096,698.425,24576,0,0,1
opt_int_checked_sub,l1_n1024,word_option,23,4096,712.891,24576,0,0,1
opt_int_checked_sub,l1_n1024,native_option,23,4096,708.323,24576,0,0,1
opt_int_checked_sub,l1_n1024,vendor_option,23,4096,1356.161,24576,0,0,1
opt_int_checked_sub,l1_n1024,vendor_option,24,4096,1087.545,24576,0,0,1
opt_int_checked_sub,l1_n1024,native_option,24,4096,692.749,24576,0,0,1
opt_int_checked_sub,l1_n1024,word_option,24,4096,699.270,24576,0,0,1
opt_int_checked_sub,l1_n1024,word_option,25,4096,732.615,24576,0,0,1
opt_int_checked_sub,l1_n1024,native_option,25,4096,823.100,24576,0,0,1
opt_int_checked_sub,l1_n1024,vendor_option,25,4096,1162.964,24576,0,0,1
opt_int_checked_sub,l1_n1024,native_option,26,4096,721.629,24576,0,0,1
opt_int_checked_sub,l1_n1024,word_option,26,4096,863.658,24576,0,0,1
opt_int_checked_sub,l1_n1024,vendor_option,26,4096,1050.903,24576,0,0,1
opt_int_checked_sub,l1_n1024,native_option,27,4096,725.189,24576,0,0,1
opt_int_checked_sub,l1_n1024,word_option,27,4096,696.747,24576,0,0,1
opt_int_checked_sub,l1_n1024,vendor_option,27,4096,1011.454,24576,0,0,1
opt_int_checked_sub,l1_n1024,native_option,28,4096,711.385,24576,0,0,1
opt_int_checked_sub,l1_n1024,word_option,28,4096,715.607,24576,0,0,1
opt_int_checked_sub,l1_n1024,vendor_option,28,4096,1150.574,24576,0,0,1
opt_int_checked_sub,l1_n1024,native_option,29,4096,699.219,24576,0,0,1
opt_int_checked_sub,l1_n1024,word_option,29,4096,700.897,24576,0,0,1
opt_int_checked_sub,l1_n1024,vendor_option,29,4096,1189.992,24576,0,0,1
opt_int_checked_sub,l1_n1024,word_option,30,4096,698.740,24576,0,0,1
opt_int_checked_sub,l1_n1024,native_option,30,4096,694.539,24576,0,0,1
opt_int_checked_sub,l1_n1024,vendor_option,30,4096,1226.054,24576,0,0,1
opt_int_checked_sub,l1_n1024,native_option,31,4096,694.265,24576,0,0,1
opt_int_checked_sub,l1_n1024,word_option,31,4096,695.597,24576,0,0,1
opt_int_checked_sub,l1_n1024,vendor_option,31,4096,1186.859,24576,0,0,1
opt_int_checked_sub,l1_n1024,word_option,32,4096,1238.678,24576,0,0,1
opt_int_checked_sub,l1_n1024,native_option,32,4096,724.141,24576,0,0,1
opt_int_checked_sub,l1_n1024,vendor_option,32,4096,1065.094,24576,0,0,1
opt_int_checked_sub,l1_n1024,word_option,33,4096,837.626,24576,0,0,1
opt_int_checked_sub,l1_n1024,vendor_option,33,4096,1355.998,24576,0,0,1
opt_int_checked_sub,l1_n1024,native_option,33,4096,723.135,24576,0,0,1
opt_int_checked_sub,l1_n1024,word_option,34,4096,734.843,24576,0,0,1
opt_int_checked_sub,l1_n1024,native_option,34,4096,715.057,24576,0,0,1
opt_int_checked_sub,l1_n1024,vendor_option,34,4096,1236.776,24576,0,0,1
opt_int_checked_sub,l1_n1024,native_option,35,4096,710.114,24576,0,0,1
opt_int_checked_sub,l1_n1024,vendor_option,35,4096,2063.202,24576,0,0,1
opt_int_checked_sub,l1_n1024,word_option,35,4096,1266.886,24576,0,0,1
opt_int_checked_sub,l1_n1024,native_option,36,4096,1041.382,24576,0,0,1
opt_int_checked_sub,l1_n1024,word_option,36,4096,711.080,24576,0,0,1
opt_int_checked_sub,l1_n1024,vendor_option,36,4096,990.916,24576,0,0,1
opt_int_checked_sub,l1_n1024,native_option,37,4096,717.387,24576,0,0,1
opt_int_checked_sub,l1_n1024,word_option,37,4096,695.516,24576,0,0,1
opt_int_checked_sub,l1_n1024,vendor_option,37,4096,1535.675,24576,0,0,1
opt_int_checked_sub,l1_n1024,native_option,38,4096,760.366,24576,0,0,1
opt_int_checked_sub,l1_n1024,word_option,38,4096,703.857,24576,0,0,1
opt_int_checked_sub,l1_n1024,vendor_option,38,4096,986.277,24576,0,0,1
opt_int_checked_sub,l1_n1024,vendor_option,39,4096,1038.594,24576,0,0,1
opt_int_checked_sub,l1_n1024,native_option,39,4096,696.228,24576,0,0,1
opt_int_checked_sub,l1_n1024,word_option,39,4096,710.917,24576,0,0,1
opt_int_checked_sub,l1_n1024,word_option,40,4096,695.353,24576,0,0,1
opt_int_checked_sub,l1_n1024,vendor_option,40,4096,1153.737,24576,0,0,1
opt_int_checked_sub,l1_n1024,native_option,40,4096,729.584,24576,0,0,1
opt_int_checked_sub,l1_n1024,native_option,41,4096,706.848,24576,0,0,1
opt_int_checked_sub,l1_n1024,vendor_option,41,4096,1084.279,24576,0,0,1
opt_int_checked_sub,l1_n1024,word_option,41,4096,716.990,24576,0,0,1
opt_int_checked_sub,l1_n1024,vendor_option,42,4096,1229.258,24576,0,0,1
opt_int_checked_sub,l1_n1024,word_option,42,4096,714.203,24576,0,0,1
opt_int_checked_sub,l1_n1024,native_option,42,4096,715.729,24576,0,0,1
opt_int_checked_sub,l1_n1024,word_option,43,4096,699.331,24576,0,0,1
opt_int_checked_sub,l1_n1024,vendor_option,43,4096,1226.451,24576,0,0,1
opt_int_checked_sub,l1_n1024,native_option,43,4096,717.702,24576,0,0,1
opt_int_checked_sub,l1_n1024,word_option,44,4096,711.761,24576,0,0,1
opt_int_checked_sub,l1_n1024,vendor_option,44,4096,1047.292,24576,0,0,1
opt_int_checked_sub,l1_n1024,native_option,44,4096,694.641,24576,0,0,1
opt_int_checked_sub,l1_n1024,vendor_option,45,4096,974.040,24576,0,0,1
opt_int_checked_sub,l1_n1024,word_option,45,4096,711.945,24576,0,0,1
opt_int_checked_sub,l1_n1024,native_option,45,4096,709.676,24576,0,0,1
opt_int_checked_sub,l1_n1024,vendor_option,46,4096,1548.055,24576,0,0,1
opt_int_checked_sub,l1_n1024,native_option,46,4096,715.637,24576,0,0,1
opt_int_checked_sub,l1_n1024,word_option,46,4096,694.865,24576,0,0,1
opt_int_checked_sub,l1_n1024,word_option,47,4096,695.343,24576,0,0,1
opt_int_checked_sub,l1_n1024,vendor_option,47,4096,1158.946,24576,0,0,1
opt_int_checked_sub,l1_n1024,native_option,47,4096,701.152,24576,0,0,1
opt_int_checked_sub,l1_n1024,native_option,48,4096,694.061,24576,0,0,1
opt_int_checked_sub,l1_n1024,vendor_option,48,4096,1365.051,24576,0,0,1
opt_int_checked_sub,l1_n1024,word_option,48,4096,713.552,24576,0,0,1
opt_int_checked_sub,l1_n1024,vendor_option,49,4096,1009.623,24576,0,0,1
opt_int_checked_sub,l1_n1024,word_option,49,4096,732.076,24576,0,0,1
opt_int_checked_sub,l1_n1024,native_option,49,4096,723.287,24576,0,0,1
opt_int_checked_sub,l1_n1024,word_option,50,4096,734.589,24576,0,0,1
opt_int_checked_sub,l1_n1024,native_option,50,4096,735.423,24576,0,0,1
opt_int_checked_sub,l1_n1024,vendor_option,50,4096,1020.823,24576,0,0,1
opt_int_checked_sub,l1_n1024,word_option,51,4096,696.482,24576,0,0,1
opt_int_checked_sub,l1_n1024,native_option,51,4096,697.123,24576,0,0,1
opt_int_checked_sub,l1_n1024,vendor_option,51,4096,1077.952,24576,0,0,1
opt_int_checked_sub,l1_n1024,native_option,52,4096,700.165,24576,0,0,1
opt_int_checked_sub,l1_n1024,word_option,52,4096,724.294,24576,0,0,1
opt_int_checked_sub,l1_n1024,vendor_option,52,4096,1328.898,24576,0,0,1
opt_int_checked_sub,l1_n1024,word_option,53,4096,695.028,24576,0,0,1
opt_int_checked_sub,l1_n1024,native_option,53,4096,700.287,24576,0,0,1
opt_int_checked_sub,l1_n1024,vendor_option,53,4096,1135.681,24576,0,0,1
opt_int_checked_sub,l1_n1024,native_option,54,4096,719.004,24576,0,0,1
opt_int_checked_sub,l1_n1024,vendor_option,54,4096,1233.775,24576,0,0,1
opt_int_checked_sub,l1_n1024,word_option,54,4096,709.595,24576,0,0,1
opt_int_checked_sub,l1_n1024,word_option,55,4096,695.353,24576,0,0,1
opt_int_checked_sub,l1_n1024,native_option,55,4096,699.036,24576,0,0,1
opt_int_checked_sub,l1_n1024,vendor_option,55,4096,1132.904,24576,0,0,1
opt_int_checked_sub,l1_n1024,vendor_option,56,4096,999.379,24576,0,0,1
opt_int_checked_sub,l1_n1024,native_option,56,4096,702.749,24576,0,0,1
opt_int_checked_sub,l1_n1024,word_option,56,4096,707.672,24576,0,0,1
opt_int_checked_sub,l1_n1024,word_option,57,4096,719.116,24576,0,0,1
opt_int_checked_sub,l1_n1024,vendor_option,57,4096,1194.692,24576,0,0,1
opt_int_checked_sub,l1_n1024,native_option,57,4096,722.656,24576,0,0,1
opt_int_checked_sub,l1_n1024,vendor_option,58,4096,1454.346,24576,0,0,1
opt_int_checked_sub,l1_n1024,word_option,58,4096,704.600,24576,0,0,1
opt_int_checked_sub,l1_n1024,native_option,58,4096,697.937,24576,0,0,1
opt_int_checked_sub,l1_n1024,vendor_option,59,4096,1085.724,24576,0,0,1
opt_int_checked_sub,l1_n1024,word_option,59,4096,699.799,24576,0,0,1
opt_int_checked_sub,l1_n1024,native_option,59,4096,702.128,24576,0,0,1
opt_int_checked_sub,l1_n1024,word_option,60,4096,707.184,24576,0,0,1
opt_int_checked_sub,l1_n1024,native_option,60,4096,728.292,24576,0,0,1
opt_int_checked_sub,l1_n1024,vendor_option,60,4096,1095.917,24576,0,0,1
opt_int_checked_sub,l1_n1024,word_option,61,4096,723.663,24576,0,0,1
opt_int_checked_sub,l1_n1024,vendor_option,61,4096,1142.395,24576,0,0,1
opt_int_checked_sub,l1_n1024,native_option,61,4096,716.542,24576,0,0,1
opt_int_checked_sub,l1_n1024,vendor_option,62,4096,1009.613,24576,0,0,1
opt_int_checked_sub,l1_n1024,word_option,62,4096,698.975,24576,0,0,1
opt_int_checked_sub,l1_n1024,native_option,62,4096,695.475,24576,0,0,1
opt_int_checked_sub,l1_n1024,word_option,63,4096,696.970,24576,0,0,1
opt_int_checked_sub,l1_n1024,vendor_option,63,4096,1230.418,24576,0,0,1
opt_int_checked_sub,l1_n1024,native_option,63,4096,697.998,24576,0,0,1
opt_f2_poly_dot,a9_b9_sparse_n16,row_density,0,16384,232.290,2304,0,0,1
opt_f2_poly_dot,a9_b9_sparse_n16,fixed_schedule,0,16384,930.107,2304,0,0,1
opt_f2_poly_dot,a9_b9_sparse_n16,public_adaptive,0,16384,218.142,2304,0,0,1
opt_f2_poly_dot,a9_b9_sparse_n16,production_zero_skip,0,16384,241.096,2304,0,0,1
opt_f2_poly_dot,a9_b9_sparse_n16,public_fused,0,16384,222.493,2304,0,0,1
opt_f2_poly_dot,a9_b9_sparse_n16,fixed_schedule,1,16384,897.614,2304,0,0,1
opt_f2_poly_dot,a9_b9_sparse_n16,row_density,1,16384,262.667,2304,0,0,1
opt_f2_poly_dot,a9_b9_sparse_n16,public_adaptive,1,16384,224.993,2304,0,0,1
opt_f2_poly_dot,a9_b9_sparse_n16,production_zero_skip,1,16384,228.394,2304,0,0,1
opt_f2_poly_dot,a9_b9_sparse_n16,public_fused,1,16384,230.278,2304,0,0,1
opt_f2_poly_dot,a9_b9_sparse_n16,production_zero_skip,2,16384,227.320,2304,0,0,1
opt_f2_poly_dot,a9_b9_sparse_n16,public_adaptive,2,16384,222.466,2304,0,0,1
opt_f2_poly_dot,a9_b9_sparse_n16,public_fused,2,16384,237.198,2304,0,0,1
opt_f2_poly_dot,a9_b9_sparse_n16,row_density,2,16384,235.776,2304,0,0,1
opt_f2_poly_dot,a9_b9_sparse_n16,fixed_schedule,2,16384,845.187,2304,0,0,1
opt_f2_poly_dot,a9_b9_sparse_n16,production_zero_skip,3,16384,236.237,2304,0,0,1
opt_f2_poly_dot,a9_b9_sparse_n16,public_adaptive,3,16384,209.885,2304,0,0,1
opt_f2_poly_dot,a9_b9_sparse_n16,public_fused,3,16384,220.545,2304,0,0,1
opt_f2_poly_dot,a9_b9_sparse_n16,fixed_schedule,3,16384,842.593,2304,0,0,1
opt_f2_poly_dot,a9_b9_sparse_n16,row_density,3,16384,216.159,2304,0,0,1
opt_f2_poly_dot,a9_b9_sparse_n16,row_density,4,16384,219.045,2304,0,0,1
opt_f2_poly_dot,a9_b9_sparse_n16,public_fused,4,16384,223.076,2304,0,0,1
opt_f2_poly_dot,a9_b9_sparse_n16,fixed_schedule,4,16384,839.437,2304,0,0,1
opt_f2_poly_dot,a9_b9_sparse_n16,public_adaptive,4,16384,213.175,2304,0,0,1
opt_f2_poly_dot,a9_b9_sparse_n16,production_zero_skip,4,16384,231.031,2304,0,0,1
opt_f2_poly_dot,a9_b9_sparse_n16,production_zero_skip,5,16384,226.646,2304,0,0,1
opt_f2_poly_dot,a9_b9_sparse_n16,fixed_schedule,5,16384,846.664,2304,0,0,1
opt_f2_poly_dot,a9_b9_sparse_n16,row_density,5,16384,226.074,2304,0,0,1
opt_f2_poly_dot,a9_b9_sparse_n16,public_fused,5,16384,227.760,2304,0,0,1
opt_f2_poly_dot,a9_b9_sparse_n16,public_adaptive,5,16384,209.470,2304,0,0,1
opt_f2_poly_dot,a9_b9_sparse_n16,public_fused,6,16384,221.832,2304,0,0,1
opt_f2_poly_dot,a9_b9_sparse_n16,fixed_schedule,6,16384,847.977,2304,0,0,1
opt_f2_poly_dot,a9_b9_sparse_n16,public_adaptive,6,16384,218.063,2304,0,0,1
opt_f2_poly_dot,a9_b9_sparse_n16,row_density,6,16384,217.644,2304,0,0,1
opt_f2_poly_dot,a9_b9_sparse_n16,production_zero_skip,6,16384,230.202,2304,0,0,1
opt_f2_poly_dot,a9_b9_sparse_n16,public_fused,7,16384,218.542,2304,0,0,1
opt_f2_poly_dot,a9_b9_sparse_n16,fixed_schedule,7,16384,841.049,2304,0,0,1
opt_f2_poly_dot,a9_b9_sparse_n16,production_zero_skip,7,16384,228.511,2304,0,0,1
opt_f2_poly_dot,a9_b9_sparse_n16,row_density,7,16384,219.785,2304,0,0,1
opt_f2_poly_dot,a9_b9_sparse_n16,public_adaptive,7,16384,210.869,2304,0,0,1
opt_f2_poly_dot,a9_b9_sparse_n16,production_zero_skip,8,16384,229.095,2304,0,0,1
opt_f2_poly_dot,a9_b9_sparse_n16,fixed_schedule,8,16384,841.769,2304,0,0,1
opt_f2_poly_dot,a9_b9_sparse_n16,public_fused,8,16384,223.587,2304,0,0,1
opt_f2_poly_dot,a9_b9_sparse_n16,public_adaptive,8,16384,207.799,2304,0,0,1
opt_f2_poly_dot,a9_b9_sparse_n16,row_density,8,16384,215.787,2304,0,0,1
opt_f2_poly_dot,a9_b9_sparse_n16,production_zero_skip,9,16384,229.446,2304,0,0,1
opt_f2_poly_dot,a9_b9_sparse_n16,public_adaptive,9,16384,209.648,2304,0,0,1
opt_f2_poly_dot,a9_b9_sparse_n16,fixed_schedule,9,16384,841.072,2304,0,0,1
opt_f2_poly_dot,a9_b9_sparse_n16,public_fused,9,16384,222.951,2304,0,0,1
opt_f2_poly_dot,a9_b9_sparse_n16,row_density,9,16384,215.736,2304,0,0,1
opt_f2_poly_dot,a9_b9_sparse_n16,public_adaptive,10,16384,213.867,2304,0,0,1
opt_f2_poly_dot,a9_b9_sparse_n16,production_zero_skip,10,16384,223.231,2304,0,0,1
opt_f2_poly_dot,a9_b9_sparse_n16,row_density,10,16384,218.282,2304,0,0,1
opt_f2_poly_dot,a9_b9_sparse_n16,fixed_schedule,10,16384,857.244,2304,0,0,1
opt_f2_poly_dot,a9_b9_sparse_n16,public_fused,10,16384,217.634,2304,0,0,1
opt_f2_poly_dot,a9_b9_sparse_n16,public_fused,11,16384,217.377,2304,0,0,1
opt_f2_poly_dot,a9_b9_sparse_n16,fixed_schedule,11,16384,854.256,2304,0,0,1
opt_f2_poly_dot,a9_b9_sparse_n16,public_adaptive,11,16384,208.104,2304,0,0,1
opt_f2_poly_dot,a9_b9_sparse_n16,row_density,11,16384,216.896,2304,0,0,1
opt_f2_poly_dot,a9_b9_sparse_n16,production_zero_skip,11,16384,226.410,2304,0,0,1
opt_f2_poly_dot,a9_b9_sparse_n16,public_fused,12,16384,220.472,2304,0,0,1
opt_f2_poly_dot,a9_b9_sparse_n16,row_density,12,16384,224.795,2304,0,0,1
opt_f2_poly_dot,a9_b9_sparse_n16,public_adaptive,12,16384,213.776,2304,0,0,1
opt_f2_poly_dot,a9_b9_sparse_n16,production_zero_skip,12,16384,229.307,2304,0,0,1
opt_f2_poly_dot,a9_b9_sparse_n16,fixed_schedule,12,16384,855.850,2304,0,0,1
opt_f2_poly_dot,a9_b9_sparse_n16,fixed_schedule,13,16384,853.261,2304,0,0,1
opt_f2_poly_dot,a9_b9_sparse_n16,public_adaptive,13,16384,239.054,2304,0,0,1
opt_f2_poly_dot,a9_b9_sparse_n16,production_zero_skip,13,16384,232.646,2304,0,0,1
opt_f2_poly_dot,a9_b9_sparse_n16,public_fused,13,16384,224.080,2304,0,0,1
opt_f2_poly_dot,a9_b9_sparse_n16,row_density,13,16384,216.390,2304,0,0,1
opt_f2_poly_dot,a9_b9_sparse_n16,production_zero_skip,14,16384,229.207,2304,0,0,1
opt_f2_poly_dot,a9_b9_sparse_n16,row_density,14,16384,219.785,2304,0,0,1
opt_f2_poly_dot,a9_b9_sparse_n16,public_fused,14,16384,217.489,2304,0,0,1
opt_f2_poly_dot,a9_b9_sparse_n16,fixed_schedule,14,16384,856.018,2304,0,0,1
opt_f2_poly_dot,a9_b9_sparse_n16,public_adaptive,14,16384,217.451,2304,0,0,1
opt_f2_poly_dot,a9_b9_sparse_n16,row_density,15,16384,215.589,2304,0,0,1
opt_f2_poly_dot,a9_b9_sparse_n16,production_zero_skip,15,16384,228.053,2304,0,0,1
opt_f2_poly_dot,a9_b9_sparse_n16,public_fused,15,16384,224.625,2304,0,0,1
opt_f2_poly_dot,a9_b9_sparse_n16,fixed_schedule,15,16384,895.922,2304,0,0,1
opt_f2_poly_dot,a9_b9_sparse_n16,public_adaptive,15,16384,214.973,2304,0,0,1
opt_f2_poly_dot,a9_b9_sparse_n16,row_density,16,16384,217.392,2304,0,0,1
opt_f2_poly_dot,a9_b9_sparse_n16,public_fused,16,16384,217.407,2304,0,0,1
opt_f2_poly_dot,a9_b9_sparse_n16,production_zero_skip,16,16384,226.997,2304,0,0,1
opt_f2_poly_dot,a9_b9_sparse_n16,fixed_schedule,16,16384,849.976,2304,0,0,1
opt_f2_poly_dot,a9_b9_sparse_n16,public_adaptive,16,16384,211.792,2304,0,0,1
opt_f2_poly_dot,a9_b9_sparse_n16,public_adaptive,17,16384,210.843,2304,0,0,1
opt_f2_poly_dot,a9_b9_sparse_n16,fixed_schedule,17,16384,922.755,2304,0,0,1
opt_f2_poly_dot,a9_b9_sparse_n16,public_fused,17,16384,254.545,2304,0,0,1
opt_f2_poly_dot,a9_b9_sparse_n16,row_density,17,16384,244.044,2304,0,0,1
opt_f2_poly_dot,a9_b9_sparse_n16,production_zero_skip,17,16384,252.602,2304,0,0,1
opt_f2_poly_dot,a9_b9_sparse_n16,production_zero_skip,18,16384,246.201,2304,0,0,1
opt_f2_poly_dot,a9_b9_sparse_n16,row_density,18,16384,705.851,2304,0,0,1
opt_f2_poly_dot,a9_b9_sparse_n16,public_fused,18,16384,228.821,2304,0,0,1
opt_f2_poly_dot,a9_b9_sparse_n16,public_adaptive,18,16384,261.233,2304,0,0,1
opt_f2_poly_dot,a9_b9_sparse_n16,fixed_schedule,18,16384,854.619,2304,0,0,1
opt_f2_poly_dot,a9_b9_sparse_n16,public_adaptive,19,16384,211.115,2304,0,0,1
opt_f2_poly_dot,a9_b9_sparse_n16,row_density,19,16384,231.397,2304,0,0,1
opt_f2_poly_dot,a9_b9_sparse_n16,production_zero_skip,19,16384,287.036,2304,0,0,1
opt_f2_poly_dot,a9_b9_sparse_n16,public_fused,19,16384,232.618,2304,0,0,1
opt_f2_poly_dot,a9_b9_sparse_n16,fixed_schedule,19,16384,962.044,2304,0,0,1
opt_f2_poly_dot,a9_b9_sparse_n16,row_density,20,16384,220.838,2304,0,0,1
opt_f2_poly_dot,a9_b9_sparse_n16,production_zero_skip,20,16384,224.866,2304,0,0,1
opt_f2_poly_dot,a9_b9_sparse_n16,fixed_schedule,20,16384,847.010,2304,0,0,1
opt_f2_poly_dot,a9_b9_sparse_n16,public_adaptive,20,16384,212.362,2304,0,0,1
opt_f2_poly_dot,a9_b9_sparse_n16,public_fused,20,16384,217.733,2304,0,0,1
opt_f2_poly_dot,a9_b9_sparse_n16,production_zero_skip,21,16384,222.407,2304,0,0,1
opt_f2_poly_dot,a9_b9_sparse_n16,row_density,21,16384,219.874,2304,0,0,1
opt_f2_poly_dot,a9_b9_sparse_n16,public_adaptive,21,16384,212.921,2304,0,0,1
opt_f2_poly_dot,a9_b9_sparse_n16,fixed_schedule,21,16384,844.531,2304,0,0,1
opt_f2_poly_dot,a9_b9_sparse_n16,public_fused,21,16384,221.446,2304,0,0,1
opt_f2_poly_dot,a9_b9_sparse_n16,production_zero_skip,22,16384,224.246,2304,0,0,1
opt_f2_poly_dot,a9_b9_sparse_n16,row_density,22,16384,219.254,2304,0,0,1
opt_f2_poly_dot,a9_b9_sparse_n16,fixed_schedule,22,16384,841.830,2304,0,0,1
opt_f2_poly_dot,a9_b9_sparse_n16,public_adaptive,22,16384,209.384,2304,0,0,1
opt_f2_poly_dot,a9_b9_sparse_n16,public_fused,22,16384,229.724,2304,0,0,1
opt_f2_poly_dot,a9_b9_sparse_n16,fixed_schedule,23,16384,843.079,2304,0,0,1
opt_f2_poly_dot,a9_b9_sparse_n16,row_density,23,16384,220.497,2304,0,0,1
opt_f2_poly_dot,a9_b9_sparse_n16,public_adaptive,23,16384,212.644,2304,0,0,1
opt_f2_poly_dot,a9_b9_sparse_n16,production_zero_skip,23,16384,232.773,2304,0,0,1
opt_f2_poly_dot,a9_b9_sparse_n16,public_fused,23,16384,217.903,2304,0,0,1
opt_f2_poly_dot,a9_b9_sparse_n16,production_zero_skip,24,16384,225.878,2304,0,0,1
opt_f2_poly_dot,a9_b9_sparse_n16,public_adaptive,24,16384,207.726,2304,0,0,1
opt_f2_poly_dot,a9_b9_sparse_n16,fixed_schedule,24,16384,839.785,2304,0,0,1
opt_f2_poly_dot,a9_b9_sparse_n16,public_fused,24,16384,221.387,2304,0,0,1
opt_f2_poly_dot,a9_b9_sparse_n16,row_density,24,16384,221.530,2304,0,0,1
opt_f2_poly_dot,a9_b9_sparse_n16,public_fused,25,16384,222.544,2304,0,0,1
opt_f2_poly_dot,a9_b9_sparse_n16,production_zero_skip,25,16384,231.954,2304,0,0,1
opt_f2_poly_dot,a9_b9_sparse_n16,row_density,25,16384,216.825,2304,0,0,1
opt_f2_poly_dot,a9_b9_sparse_n16,fixed_schedule,25,16384,848.099,2304,0,0,1
opt_f2_poly_dot,a9_b9_sparse_n16,public_adaptive,25,16384,216.031,2304,0,0,1
opt_f2_poly_dot,a9_b9_sparse_n16,row_density,26,16384,215.833,2304,0,0,1
opt_f2_poly_dot,a9_b9_sparse_n16,production_zero_skip,26,16384,222.509,2304,0,0,1
opt_f2_poly_dot,a9_b9_sparse_n16,public_fused,26,16384,217.936,2304,0,0,1
opt_f2_poly_dot,a9_b9_sparse_n16,public_adaptive,26,16384,207.761,2304,0,0,1
opt_f2_poly_dot,a9_b9_sparse_n16,fixed_schedule,26,16384,849.187,2304,0,0,1
opt_f2_poly_dot,a9_b9_sparse_n16,public_fused,27,16384,221.972,2304,0,0,1
opt_f2_poly_dot,a9_b9_sparse_n16,production_zero_skip,27,16384,226.685,2304,0,0,1
opt_f2_poly_dot,a9_b9_sparse_n16,public_adaptive,27,16384,211.947,2304,0,0,1
opt_f2_poly_dot,a9_b9_sparse_n16,fixed_schedule,27,16384,847.237,2304,0,0,1
opt_f2_poly_dot,a9_b9_sparse_n16,row_density,27,16384,218.821,2304,0,0,1
opt_f2_poly_dot,a9_b9_sparse_n16,public_fused,28,16384,224.452,2304,0,0,1
opt_f2_poly_dot,a9_b9_sparse_n16,production_zero_skip,28,16384,227.191,2304,0,0,1
opt_f2_poly_dot,a9_b9_sparse_n16,fixed_schedule,28,16384,845.263,2304,0,0,1
opt_f2_poly_dot,a9_b9_sparse_n16,row_density,28,16384,271.273,2304,0,0,1
opt_f2_poly_dot,a9_b9_sparse_n16,public_adaptive,28,16384,225.744,2304,0,0,1
opt_f2_poly_dot,a9_b9_sparse_n16,fixed_schedule,29,16384,836.889,2304,0,0,1
opt_f2_poly_dot,a9_b9_sparse_n16,public_adaptive,29,16384,208.491,2304,0,0,1
opt_f2_poly_dot,a9_b9_sparse_n16,row_density,29,16384,215.650,2304,0,0,1
opt_f2_poly_dot,a9_b9_sparse_n16,public_fused,29,16384,218.073,2304,0,0,1
opt_f2_poly_dot,a9_b9_sparse_n16,production_zero_skip,29,16384,222.102,2304,0,0,1
opt_f2_poly_dot,a9_b9_sparse_n16,public_adaptive,30,16384,212.687,2304,0,0,1
opt_f2_poly_dot,a9_b9_sparse_n16,row_density,30,16384,217.913,2304,0,0,1
opt_f2_poly_dot,a9_b9_sparse_n16,production_zero_skip,30,16384,223.287,2304,0,0,1
opt_f2_poly_dot,a9_b9_sparse_n16,public_fused,30,16384,225.009,2304,0,0,1
opt_f2_poly_dot,a9_b9_sparse_n16,fixed_schedule,30,16384,843.783,2304,0,0,1
opt_f2_poly_dot,a9_b9_sparse_n16,public_fused,31,16384,221.598,2304,0,0,1
opt_f2_poly_dot,a9_b9_sparse_n16,production_zero_skip,31,16384,226.260,2304,0,0,1
opt_f2_poly_dot,a9_b9_sparse_n16,row_density,31,16384,217.519,2304,0,0,1
opt_f2_poly_dot,a9_b9_sparse_n16,fixed_schedule,31,16384,845.874,2304,0,0,1
opt_f2_poly_dot,a9_b9_sparse_n16,public_adaptive,31,16384,209.638,2304,0,0,1
opt_f2_poly_dot,a9_b9_sparse_n16,row_density,32,16384,219.424,2304,0,0,1
opt_f2_poly_dot,a9_b9_sparse_n16,public_adaptive,32,16384,212.641,2304,0,0,1
opt_f2_poly_dot,a9_b9_sparse_n16,public_fused,32,16384,217.606,2304,0,0,1
opt_f2_poly_dot,a9_b9_sparse_n16,fixed_schedule,32,16384,844.147,2304,0,0,1
opt_f2_poly_dot,a9_b9_sparse_n16,production_zero_skip,32,16384,225.881,2304,0,0,1
opt_f2_poly_dot,a9_b9_sparse_n16,production_zero_skip,33,16384,225.919,2304,0,0,1
opt_f2_poly_dot,a9_b9_sparse_n16,public_adaptive,33,16384,205.989,2304,0,0,1
opt_f2_poly_dot,a9_b9_sparse_n16,row_density,33,16384,223.620,2304,0,0,1
opt_f2_poly_dot,a9_b9_sparse_n16,fixed_schedule,33,16384,841.431,2304,0,0,1
opt_f2_poly_dot,a9_b9_sparse_n16,public_fused,33,16384,221.636,2304,0,0,1
opt_f2_poly_dot,a9_b9_sparse_n16,production_zero_skip,34,16384,225.530,2304,0,0,1
opt_f2_poly_dot,a9_b9_sparse_n16,row_density,34,16384,221.247,2304,0,0,1
opt_f2_poly_dot,a9_b9_sparse_n16,public_fused,34,16384,217.827,2304,0,0,1
opt_f2_poly_dot,a9_b9_sparse_n16,public_adaptive,34,16384,213.585,2304,0,0,1
opt_f2_poly_dot,a9_b9_sparse_n16,fixed_schedule,34,16384,843.185,2304,0,0,1
opt_f2_poly_dot,a9_b9_sparse_n16,production_zero_skip,35,16384,225.863,2304,0,0,1
opt_f2_poly_dot,a9_b9_sparse_n16,public_fused,35,16384,219.660,2304,0,0,1
opt_f2_poly_dot,a9_b9_sparse_n16,public_adaptive,35,16384,210.599,2304,0,0,1
opt_f2_poly_dot,a9_b9_sparse_n16,fixed_schedule,35,16384,842.781,2304,0,0,1
opt_f2_poly_dot,a9_b9_sparse_n16,row_density,35,16384,215.627,2304,0,0,1
opt_f2_poly_dot,a9_b9_sparse_n16,public_adaptive,36,16384,210.492,2304,0,0,1
opt_f2_poly_dot,a9_b9_sparse_n16,fixed_schedule,36,16384,841.975,2304,0,0,1
opt_f2_poly_dot,a9_b9_sparse_n16,public_fused,36,16384,219.248,2304,0,0,1
opt_f2_poly_dot,a9_b9_sparse_n16,row_density,36,16384,217.079,2304,0,0,1
opt_f2_poly_dot,a9_b9_sparse_n16,production_zero_skip,36,16384,227.058,2304,0,0,1
opt_f2_poly_dot,a9_b9_sparse_n16,fixed_schedule,37,16384,842.125,2304,0,0,1
opt_f2_poly_dot,a9_b9_sparse_n16,public_fused,37,16384,218.882,2304,0,0,1
opt_f2_poly_dot,a9_b9_sparse_n16,row_density,37,16384,218.826,2304,0,0,1
opt_f2_poly_dot,a9_b9_sparse_n16,production_zero_skip,37,16384,225.344,2304,0,0,1
opt_f2_poly_dot,a9_b9_sparse_n16,public_adaptive,37,16384,207.835,2304,0,0,1
opt_f2_poly_dot,a9_b9_sparse_n16,public_fused,38,16384,223.577,2304,0,0,1
opt_f2_poly_dot,a9_b9_sparse_n16,row_density,38,16384,211.250,2304,0,0,1
opt_f2_poly_dot,a9_b9_sparse_n16,production_zero_skip,38,16384,222.287,2304,0,0,1
opt_f2_poly_dot,a9_b9_sparse_n16,fixed_schedule,38,16384,841.286,2304,0,0,1
opt_f2_poly_dot,a9_b9_sparse_n16,public_adaptive,38,16384,213.315,2304,0,0,1
opt_f2_poly_dot,a9_b9_sparse_n16,row_density,39,16384,216.248,2304,0,0,1
opt_f2_poly_dot,a9_b9_sparse_n16,fixed_schedule,39,16384,846.265,2304,0,0,1
opt_f2_poly_dot,a9_b9_sparse_n16,public_fused,39,16384,217.077,2304,0,0,1
opt_f2_poly_dot,a9_b9_sparse_n16,public_adaptive,39,16384,211.754,2304,0,0,1
opt_f2_poly_dot,a9_b9_sparse_n16,production_zero_skip,39,16384,224.968,2304,0,0,1
opt_f2_poly_dot,a9_b9_sparse_n16,fixed_schedule,40,16384,841.337,2304,0,0,1
opt_f2_poly_dot,a9_b9_sparse_n16,row_density,40,16384,219.294,2304,0,0,1
opt_f2_poly_dot,a9_b9_sparse_n16,production_zero_skip,40,16384,224.470,2304,0,0,1
opt_f2_poly_dot,a9_b9_sparse_n16,public_fused,40,16384,219.139,2304,0,0,1
opt_f2_poly_dot,a9_b9_sparse_n16,public_adaptive,40,16384,207.242,2304,0,0,1
opt_f2_poly_dot,a9_b9_sparse_n16,public_fused,41,16384,220.868,2304,0,0,1
opt_f2_poly_dot,a9_b9_sparse_n16,row_density,41,16384,218.900,2304,0,0,1
opt_f2_poly_dot,a9_b9_sparse_n16,production_zero_skip,41,16384,226.247,2304,0,0,1
opt_f2_poly_dot,a9_b9_sparse_n16,fixed_schedule,41,16384,840.004,2304,0,0,1
opt_f2_poly_dot,a9_b9_sparse_n16,public_adaptive,41,16384,211.655,2304,0,0,1
opt_f2_poly_dot,a9_b9_sparse_n16,public_adaptive,42,16384,208.293,2304,0,0,1
opt_f2_poly_dot,a9_b9_sparse_n16,fixed_schedule,42,16384,841.871,2304,0,0,1
opt_f2_poly_dot,a9_b9_sparse_n16,row_density,42,16384,216.082,2304,0,0,1
opt_f2_poly_dot,a9_b9_sparse_n16,production_zero_skip,42,16384,225.929,2304,0,0,1
opt_f2_poly_dot,a9_b9_sparse_n16,public_fused,42,16384,221.369,2304,0,0,1
opt_f2_poly_dot,a9_b9_sparse_n16,production_zero_skip,43,16384,225.177,2304,0,0,1
opt_f2_poly_dot,a9_b9_sparse_n16,row_density,43,16384,217.410,2304,0,0,1
opt_f2_poly_dot,a9_b9_sparse_n16,fixed_schedule,43,16384,843.046,2304,0,0,1
opt_f2_poly_dot,a9_b9_sparse_n16,public_adaptive,43,16384,208.748,2304,0,0,1
opt_f2_poly_dot,a9_b9_sparse_n16,public_fused,43,16384,221.614,2304,0,0,1
opt_f2_poly_dot,a9_b9_sparse_n16,public_fused,44,16384,218.890,2304,0,0,1
opt_f2_poly_dot,a9_b9_sparse_n16,row_density,44,16384,218.102,2304,0,0,1
opt_f2_poly_dot,a9_b9_sparse_n16,fixed_schedule,44,16384,840.472,2304,0,0,1
opt_f2_poly_dot,a9_b9_sparse_n16,public_adaptive,44,16384,211.184,2304,0,0,1
opt_f2_poly_dot,a9_b9_sparse_n16,production_zero_skip,44,16384,225.497,2304,0,0,1
opt_f2_poly_dot,a9_b9_sparse_n16,fixed_schedule,45,16384,840.693,2304,0,0,1
opt_f2_poly_dot,a9_b9_sparse_n16,row_density,45,16384,217.415,2304,0,0,1
opt_f2_poly_dot,a9_b9_sparse_n16,public_adaptive,45,16384,207.433,2304,0,0,1
opt_f2_poly_dot,a9_b9_sparse_n16,production_zero_skip,45,16384,224.935,2304,0,0,1
opt_f2_poly_dot,a9_b9_sparse_n16,public_fused,45,16384,224.330,2304,0,0,1
opt_f2_poly_dot,a9_b9_sparse_n16,fixed_schedule,46,16384,842.392,2304,0,0,1
opt_f2_poly_dot,a9_b9_sparse_n16,public_fused,46,16384,222.722,2304,0,0,1
opt_f2_poly_dot,a9_b9_sparse_n16,production_zero_skip,46,16384,225.960,2304,0,0,1
opt_f2_poly_dot,a9_b9_sparse_n16,row_density,46,16384,222.906,2304,0,0,1
opt_f2_poly_dot,a9_b9_sparse_n16,public_adaptive,46,16384,213.745,2304,0,0,1
opt_f2_poly_dot,a9_b9_sparse_n16,public_fused,47,16384,222.649,2304,0,0,1
opt_f2_poly_dot,a9_b9_sparse_n16,production_zero_skip,47,16384,227.244,2304,0,0,1
opt_f2_poly_dot,a9_b9_sparse_n16,fixed_schedule,47,16384,838.951,2304,0,0,1
opt_f2_poly_dot,a9_b9_sparse_n16,row_density,47,16384,222.051,2304,0,0,1
opt_f2_poly_dot,a9_b9_sparse_n16,public_adaptive,47,16384,208.455,2304,0,0,1
opt_f2_poly_dot,a9_b9_sparse_n16,fixed_schedule,48,16384,842.443,2304,0,0,1
opt_f2_poly_dot,a9_b9_sparse_n16,public_fused,48,16384,217.967,2304,0,0,1
opt_f2_poly_dot,a9_b9_sparse_n16,production_zero_skip,48,16384,225.566,2304,0,0,1
opt_f2_poly_dot,a9_b9_sparse_n16,row_density,48,16384,219.154,2304,0,0,1
opt_f2_poly_dot,a9_b9_sparse_n16,public_adaptive,48,16384,208.872,2304,0,0,1
opt_f2_poly_dot,a9_b9_sparse_n16,public_adaptive,49,16384,211.039,2304,0,0,1
opt_f2_poly_dot,a9_b9_sparse_n16,row_density,49,16384,219.154,2304,0,0,1
opt_f2_poly_dot,a9_b9_sparse_n16,production_zero_skip,49,16384,226.995,2304,0,0,1
opt_f2_poly_dot,a9_b9_sparse_n16,public_fused,49,16384,219.986,2304,0,0,1
opt_f2_poly_dot,a9_b9_sparse_n16,fixed_schedule,49,16384,839.872,2304,0,0,1
opt_f2_poly_dot,a9_b9_sparse_n16,public_adaptive,50,16384,211.871,2304,0,0,1
opt_f2_poly_dot,a9_b9_sparse_n16,fixed_schedule,50,16384,839.284,2304,0,0,1
opt_f2_poly_dot,a9_b9_sparse_n16,row_density,50,16384,217.799,2304,0,0,1
opt_f2_poly_dot,a9_b9_sparse_n16,public_fused,50,16384,220.329,2304,0,0,1
opt_f2_poly_dot,a9_b9_sparse_n16,production_zero_skip,50,16384,224.617,2304,0,0,1
opt_f2_poly_dot,a9_b9_sparse_n16,row_density,51,16384,219.571,2304,0,0,1
opt_f2_poly_dot,a9_b9_sparse_n16,public_fused,51,16384,220.579,2304,0,0,1
opt_f2_poly_dot,a9_b9_sparse_n16,public_adaptive,51,16384,210.594,2304,0,0,1
opt_f2_poly_dot,a9_b9_sparse_n16,fixed_schedule,51,16384,839.892,2304,0,0,1
opt_f2_poly_dot,a9_b9_sparse_n16,production_zero_skip,51,16384,225.505,2304,0,0,1
opt_f2_poly_dot,a9_b9_sparse_n16,production_zero_skip,52,16384,222.572,2304,0,0,1
opt_f2_poly_dot,a9_b9_sparse_n16,fixed_schedule,52,16384,841.395,2304,0,0,1
opt_f2_poly_dot,a9_b9_sparse_n16,public_adaptive,52,16384,208.303,2304,0,0,1
opt_f2_poly_dot,a9_b9_sparse_n16,public_fused,52,16384,220.950,2304,0,0,1
opt_f2_poly_dot,a9_b9_sparse_n16,row_density,52,16384,217.010,2304,0,0,1
opt_f2_poly_dot,a9_b9_sparse_n16,public_adaptive,53,16384,210.673,2304,0,0,1
opt_f2_poly_dot,a9_b9_sparse_n16,fixed_schedule,53,16384,839.544,2304,0,0,1
opt_f2_poly_dot,a9_b9_sparse_n16,production_zero_skip,53,16384,218.473,2304,0,0,1
opt_f2_poly_dot,a9_b9_sparse_n16,public_fused,53,16384,220.136,2304,0,0,1
opt_f2_poly_dot,a9_b9_sparse_n16,row_density,53,16384,217.247,2304,0,0,1
opt_f2_poly_dot,a9_b9_sparse_n16,public_fused,54,16384,217.112,2304,0,0,1
opt_f2_poly_dot,a9_b9_sparse_n16,public_adaptive,54,16384,212.916,2304,0,0,1
opt_f2_poly_dot,a9_b9_sparse_n16,production_zero_skip,54,16384,224.225,2304,0,0,1
opt_f2_poly_dot,a9_b9_sparse_n16,fixed_schedule,54,16384,838.303,2304,0,0,1
opt_f2_poly_dot,a9_b9_sparse_n16,row_density,54,16384,219.162,2304,0,0,1
opt_f2_poly_dot,a9_b9_sparse_n16,public_fused,55,16384,217.354,2304,0,0,1
opt_f2_poly_dot,a9_b9_sparse_n16,public_adaptive,55,16384,210.655,2304,0,0,1
opt_f2_poly_dot,a9_b9_sparse_n16,production_zero_skip,55,16384,225.110,2304,0,0,1
opt_f2_poly_dot,a9_b9_sparse_n16,fixed_schedule,55,16384,843.709,2304,0,0,1
opt_f2_poly_dot,a9_b9_sparse_n16,row_density,55,16384,221.308,2304,0,0,1
opt_f2_poly_dot,a9_b9_sparse_n16,production_zero_skip,56,16384,225.967,2304,0,0,1
opt_f2_poly_dot,a9_b9_sparse_n16,row_density,56,16384,221.794,2304,0,0,1
opt_f2_poly_dot,a9_b9_sparse_n16,fixed_schedule,56,16384,843.351,2304,0,0,1
opt_f2_poly_dot,a9_b9_sparse_n16,public_fused,56,16384,218.417,2304,0,0,1
opt_f2_poly_dot,a9_b9_sparse_n16,public_adaptive,56,16384,209.999,2304,0,0,1
opt_f2_poly_dot,a9_b9_sparse_n16,public_adaptive,57,16384,209.529,2304,0,0,1
opt_f2_poly_dot,a9_b9_sparse_n16,production_zero_skip,57,16384,225.235,2304,0,0,1
opt_f2_poly_dot,a9_b9_sparse_n16,row_density,57,16384,225.110,2304,0,0,1
opt_f2_poly_dot,a9_b9_sparse_n16,fixed_schedule,57,16384,840.426,2304,0,0,1
opt_f2_poly_dot,a9_b9_sparse_n16,public_fused,57,16384,221.715,2304,0,0,1
opt_f2_poly_dot,a9_b9_sparse_n16,row_density,58,16384,215.078,2304,0,0,1
opt_f2_poly_dot,a9_b9_sparse_n16,fixed_schedule,58,16384,843.005,2304,0,0,1
opt_f2_poly_dot,a9_b9_sparse_n16,production_zero_skip,58,16384,222.453,2304,0,0,1
opt_f2_poly_dot,a9_b9_sparse_n16,public_fused,58,16384,226.634,2304,0,0,1
opt_f2_poly_dot,a9_b9_sparse_n16,public_adaptive,58,16384,204.842,2304,0,0,1
opt_f2_poly_dot,a9_b9_sparse_n16,public_fused,59,16384,214.447,2304,0,0,1
opt_f2_poly_dot,a9_b9_sparse_n16,fixed_schedule,59,16384,845.375,2304,0,0,1
opt_f2_poly_dot,a9_b9_sparse_n16,production_zero_skip,59,16384,218.005,2304,0,0,1
opt_f2_poly_dot,a9_b9_sparse_n16,public_adaptive,59,16384,206.337,2304,0,0,1
opt_f2_poly_dot,a9_b9_sparse_n16,row_density,59,16384,223.328,2304,0,0,1
opt_f2_poly_dot,a9_b9_sparse_n16,row_density,60,16384,218.595,2304,0,0,1
opt_f2_poly_dot,a9_b9_sparse_n16,fixed_schedule,60,16384,841.278,2304,0,0,1
opt_f2_poly_dot,a9_b9_sparse_n16,public_adaptive,60,16384,210.696,2304,0,0,1
opt_f2_poly_dot,a9_b9_sparse_n16,public_fused,60,16384,221.413,2304,0,0,1
opt_f2_poly_dot,a9_b9_sparse_n16,production_zero_skip,60,16384,223.808,2304,0,0,1
opt_f2_poly_dot,a9_b9_sparse_n16,row_density,61,16384,216.021,2304,0,0,1
opt_f2_poly_dot,a9_b9_sparse_n16,public_fused,61,16384,221.171,2304,0,0,1
opt_f2_poly_dot,a9_b9_sparse_n16,public_adaptive,61,16384,210.719,2304,0,0,1
opt_f2_poly_dot,a9_b9_sparse_n16,fixed_schedule,61,16384,839.785,2304,0,0,1
opt_f2_poly_dot,a9_b9_sparse_n16,production_zero_skip,61,16384,226.128,2304,0,0,1
opt_f2_poly_dot,a9_b9_sparse_n16,fixed_schedule,62,16384,846.207,2304,0,0,1
opt_f2_poly_dot,a9_b9_sparse_n16,public_adaptive,62,16384,210.864,2304,0,0,1
opt_f2_poly_dot,a9_b9_sparse_n16,public_fused,62,16384,218.618,2304,0,0,1
opt_f2_poly_dot,a9_b9_sparse_n16,production_zero_skip,62,16384,223.234,2304,0,0,1
opt_f2_poly_dot,a9_b9_sparse_n16,row_density,62,16384,219.785,2304,0,0,1
opt_f2_poly_dot,a9_b9_sparse_n16,public_adaptive,63,16384,205.602,2304,0,0,1
opt_f2_poly_dot,a9_b9_sparse_n16,fixed_schedule,63,16384,836.116,2304,0,0,1
opt_f2_poly_dot,a9_b9_sparse_n16,production_zero_skip,63,16384,227.310,2304,0,0,1
opt_f2_poly_dot,a9_b9_sparse_n16,row_density,63,16384,220.652,2304,0,0,1
opt_f2_poly_dot,a9_b9_sparse_n16,public_fused,63,16384,220.456,2304,0,0,1
opt_f2_poly_dot,a9_b9_sparse_n1024,public_adaptive,0,256,24781.574,147456,0,0,1
opt_f2_poly_dot,a9_b9_sparse_n1024,public_fused,0,256,25195.801,147456,0,0,1
opt_f2_poly_dot,a9_b9_sparse_n1024,fixed_schedule,0,256,54278.156,147456,0,0,1
opt_f2_poly_dot,a9_b9_sparse_n1024,production_zero_skip,0,256,36855.141,147456,0,0,1
opt_f2_poly_dot,a9_b9_sparse_n1024,row_density,0,256,13837.402,147456,0,0,1
opt_f2_poly_dot,a9_b9_sparse_n1024,row_density,1,256,13904.945,147456,0,0,1
opt_f2_poly_dot,a9_b9_sparse_n1024,production_zero_skip,1,256,31518.879,147456,0,0,1
opt_f2_poly_dot,a9_b9_sparse_n1024,fixed_schedule,1,256,54398.762,147456,0,0,1
opt_f2_poly_dot,a9_b9_sparse_n1024,public_fused,1,256,25741.047,147456,0,0,1
opt_f2_poly_dot,a9_b9_sparse_n1024,public_adaptive,1,256,19680.012,147456,0,0,1
opt_f2_poly_dot,a9_b9_sparse_n1024,public_fused,2,256,24785.805,147456,0,0,1
opt_f2_poly_dot,a9_b9_sparse_n1024,production_zero_skip,2,256,18426.922,147456,0,0,1
opt_f2_poly_dot,a9_b9_sparse_n1024,row_density,2,256,26201.984,147456,0,0,1
opt_f2_poly_dot,a9_b9_sparse_n1024,fixed_schedule,2,256,54767.090,147456,0,0,1
opt_f2_poly_dot,a9_b9_sparse_n1024,public_adaptive,2,256,15164.551,147456,0,0,1
opt_f2_poly_dot,a9_b9_sparse_n1024,fixed_schedule,3,256,55170.898,147456,0,0,1
opt_f2_poly_dot,a9_b9_sparse_n1024,public_adaptive,3,256,13469.402,147456,0,0,1
opt_f2_poly_dot,a9_b9_sparse_n1024,row_density,3,256,20933.434,147456,0,0,1
opt_f2_poly_dot,a9_b9_sparse_n1024,production_zero_skip,3,256,26142.902,147456,0,0,1
opt_f2_poly_dot,a9_b9_sparse_n1024,public_fused,3,256,24099.121,147456,0,0,1
opt_f2_poly_dot,a9_b9_sparse_n1024,row_density,4,256,23218.914,147456,0,0,1
opt_f2_poly_dot,a9_b9_sparse_n1024,public_adaptive,4,256,18710.773,147456,0,0,1
opt_f2_poly_dot,a9_b9_sparse_n1024,production_zero_skip,4,256,32877.441,147456,0,0,1
opt_f2_poly_dot,a9_b9_sparse_n1024,public_fused,4,256,32948.730,147456,0,0,1
opt_f2_poly_dot,a9_b9_sparse_n1024,fixed_schedule,4,256,53840.492,147456,0,0,1
opt_f2_poly_dot,a9_b9_sparse_n1024,public_fused,5,256,25156.086,147456,0,0,1
opt_f2_poly_dot,a9_b9_sparse_n1024,row_density,5,256,21888.020,147456,0,0,1
opt_f2_poly_dot,a9_b9_sparse_n1024,fixed_schedule,5,256,53374.512,147456,0,0,1
opt_f2_poly_dot,a9_b9_sparse_n1024,public_adaptive,5,256,21003.582,147456,0,0,1
opt_f2_poly_dot,a9_b9_sparse_n1024,production_zero_skip,5,256,18068.195,147456,0,0,1
opt_f2_poly_dot,a9_b9_sparse_n1024,fixed_schedule,6,256,54192.219,147456,0,0,1
opt_f2_poly_dot,a9_b9_sparse_n1024,public_adaptive,6,256,14140.625,147456,0,0,1
opt_f2_poly_dot,a9_b9_sparse_n1024,public_fused,6,256,25978.355,147456,0,0,1
opt_f2_poly_dot,a9_b9_sparse_n1024,row_density,6,256,22282.551,147456,0,0,1
opt_f2_poly_dot,a9_b9_sparse_n1024,production_zero_skip,6,256,29136.559,147456,0,0,1
opt_f2_poly_dot,a9_b9_sparse_n1024,fixed_schedule,7,256,54050.617,147456,0,0,1
opt_f2_poly_dot,a9_b9_sparse_n1024,production_zero_skip,7,256,29958.496,147456,0,0,1
opt_f2_poly_dot,a9_b9_sparse_n1024,public_fused,7,256,24236.168,147456,0,0,1
opt_f2_poly_dot,a9_b9_sparse_n1024,public_adaptive,7,256,14546.223,147456,0,0,1
opt_f2_poly_dot,a9_b9_sparse_n1024,row_density,7,256,24690.266,147456,0,0,1
opt_f2_poly_dot,a9_b9_sparse_n1024,row_density,8,256,24366.211,147456,0,0,1
opt_f2_poly_dot,a9_b9_sparse_n1024,public_fused,8,256,34789.711,147456,0,0,1
opt_f2_poly_dot,a9_b9_sparse_n1024,public_adaptive,8,256,13672.039,147456,0,0,1
opt_f2_poly_dot,a9_b9_sparse_n1024,fixed_schedule,8,256,53948.078,147456,0,0,1
opt_f2_poly_dot,a9_b9_sparse_n1024,production_zero_skip,8,256,15090.008,147456,0,0,1
opt_f2_poly_dot,a9_b9_sparse_n1024,production_zero_skip,9,256,17425.453,147456,0,0,1
opt_f2_poly_dot,a9_b9_sparse_n1024,row_density,9,256,14321.777,147456,0,0,1
opt_f2_poly_dot,a9_b9_sparse_n1024,public_fused,9,256,34692.871,147456,0,0,1
opt_f2_poly_dot,a9_b9_sparse_n1024,public_adaptive,9,256,21474.609,147456,0,0,1
opt_f2_poly_dot,a9_b9_sparse_n1024,fixed_schedule,9,256,54097.656,147456,0,0,1
opt_f2_poly_dot,a9_b9_sparse_n1024,public_fused,10,256,30056.316,147456,0,0,1
opt_f2_poly_dot,a9_b9_sparse_n1024,production_zero_skip,10,256,27456.055,147456,0,0,1
opt_f2_poly_dot,a9_b9_sparse_n1024,fixed_schedule,10,256,54017.578,147456,0,0,1
opt_f2_poly_dot,a9_b9_sparse_n1024,row_density,10,256,13075.684,147456,0,0,1
opt_f2_poly_dot,a9_b9_sparse_n1024,public_adaptive,10,256,24195.312,147456,0,0,1
opt_f2_poly_dot,a9_b9_sparse_n1024,public_fused,11,256,25081.219,147456,0,0,1
opt_f2_poly_dot,a9_b9_sparse_n1024,production_zero_skip,11,256,22787.273,147456,0,0,1
opt_f2_poly_dot,a9_b9_sparse_n1024,public_adaptive,11,256,13776.691,147456,0,0,1
opt_f2_poly_dot,a9_b9_sparse_n1024,fixed_schedule,11,256,54046.711,147456,0,0,1
opt_f2_poly_dot,a9_b9_sparse_n1024,row_density,11,256,13807.293,147456,0,0,1
opt_f2_poly_dot,a9_b9_sparse_n1024,public_fused,12,256,23781.090,147456,0,0,1
opt_f2_poly_dot,a9_b9_sparse_n1024,public_adaptive,12,256,26814.293,147456,0,0,1
opt_f2_poly_dot,a9_b9_sparse_n1024,fixed_schedule,12,256,53803.871,147456,0,0,1
opt_f2_poly_dot,a9_b9_sparse_n1024,production_zero_skip,12,256,17897.301,147456,0,0,1
opt_f2_poly_dot,a9_b9_sparse_n1024,row_density,12,256,25885.578,147456,0,0,1
opt_f2_poly_dot,a9_b9_sparse_n1024,fixed_schedule,13,256,53497.070,147456,0,0,1
opt_f2_poly_dot,a9_b9_sparse_n1024,production_zero_skip,13,256,31498.863,147456,0,0,1
opt_f2_poly_dot,a9_b9_sparse_n1024,row_density,13,256,13777.020,147456,0,0,1
opt_f2_poly_dot,a9_b9_sparse_n1024,public_adaptive,13,256,22298.180,147456,0,0,1
opt_f2_poly_dot,a9_b9_sparse_n1024,public_fused,13,256,24924.156,147456,0,0,1
opt_f2_poly_dot,a9_b9_sparse_n1024,public_adaptive,14,256,13666.992,147456,0,0,1
opt_f2_poly_dot,a9_b9_sparse_n1024,public_fused,14,256,21833.336,147456,0,0,1
opt_f2_poly_dot,a9_b9_sparse_n1024,row_density,14,256,23845.863,147456,0,0,1
opt_f2_poly_dot,a9_b9_sparse_n1024,fixed_schedule,14,256,53840.820,147456,0,0,1
opt_f2_poly_dot,a9_b9_sparse_n1024,production_zero_skip,14,256,29423.504,147456,0,0,1
opt_f2_poly_dot,a9_b9_sparse_n1024,public_fused,15,256,29658.039,147456,0,0,1
opt_f2_poly_dot,a9_b9_sparse_n1024,production_zero_skip,15,256,17769.855,147456,0,0,1
opt_f2_poly_dot,a9_b9_sparse_n1024,row_density,15,256,13136.883,147456,0,0,1
opt_f2_poly_dot,a9_b9_sparse_n1024,public_adaptive,15,256,15484.051,147456,0,0,1
opt_f2_poly_dot,a9_b9_sparse_n1024,fixed_schedule,15,256,53729.168,147456,0,0,1
opt_f2_poly_dot,a9_b9_sparse_n1024,public_adaptive,16,256,21253.578,147456,0,0,1
opt_f2_poly_dot,a9_b9_sparse_n1024,production_zero_skip,16,256,18387.047,147456,0,0,1
opt_f2_poly_dot,a9_b9_sparse_n1024,row_density,16,256,27139.648,147456,0,0,1
opt_f2_poly_dot,a9_b9_sparse_n1024,fixed_schedule,16,256,53843.422,147456,0,0,1
opt_f2_poly_dot,a9_b9_sparse_n1024,public_fused,16,256,28007.000,147456,0,0,1
opt_f2_poly_dot,a9_b9_sparse_n1024,fixed_schedule,17,256,54073.570,147456,0,0,1
opt_f2_poly_dot,a9_b9_sparse_n1024,row_density,17,256,19191.082,147456,0,0,1
opt_f2_poly_dot,a9_b9_sparse_n1024,public_adaptive,17,256,16000.000,147456,0,0,1
opt_f2_poly_dot,a9_b9_sparse_n1024,public_fused,17,256,26168.781,147456,0,0,1
opt_f2_poly_dot,a9_b9_sparse_n1024,production_zero_skip,17,256,19326.984,147456,0,0,1
opt_f2_poly_dot,a9_b9_sparse_n1024,row_density,18,256,20469.078,147456,0,0,1
opt_f2_poly_dot,a9_b9_sparse_n1024,public_adaptive,18,256,17404.621,147456,0,0,1
opt_f2_poly_dot,a9_b9_sparse_n1024,production_zero_skip,18,256,18674.152,147456,0,0,1
opt_f2_poly_dot,a9_b9_sparse_n1024,public_fused,18,256,25369.629,147456,0,0,1
opt_f2_poly_dot,a9_b9_sparse_n1024,fixed_schedule,18,256,54300.621,147456,0,0,1
opt_f2_poly_dot,a9_b9_sparse_n1024,public_fused,19,256,22117.676,147456,0,0,1
opt_f2_poly_dot,a9_b9_sparse_n1024,fixed_schedule,19,256,53804.199,147456,0,0,1
opt_f2_poly_dot,a9_b9_sparse_n1024,production_zero_skip,19,256,30819.496,147456,0,0,1
opt_f2_poly_dot,a9_b9_sparse_n1024,public_adaptive,19,256,14465.004,147456,0,0,1
opt_f2_poly_dot,a9_b9_sparse_n1024,row_density,19,256,20432.617,147456,0,0,1
opt_f2_poly_dot,a9_b9_sparse_n1024,production_zero_skip,20,256,19065.590,147456,0,0,1
opt_f2_poly_dot,a9_b9_sparse_n1024,fixed_schedule,20,256,53450.684,147456,0,0,1
opt_f2_poly_dot,a9_b9_sparse_n1024,public_adaptive,20,256,15060.223,147456,0,0,1
opt_f2_poly_dot,a9_b9_sparse_n1024,public_fused,20,256,23754.555,147456,0,0,1
opt_f2_poly_dot,a9_b9_sparse_n1024,row_density,20,256,22265.465,147456,0,0,1
opt_f2_poly_dot,a9_b9_sparse_n1024,public_fused,21,256,26687.664,147456,0,0,1
opt_f2_poly_dot,a9_b9_sparse_n1024,row_density,21,256,25710.613,147456,0,0,1
opt_f2_poly_dot,a9_b9_sparse_n1024,production_zero_skip,21,256,18094.402,147456,0,0,1
opt_f2_poly_dot,a9_b9_sparse_n1024,public_adaptive,21,256,15007.652,147456,0,0,1
opt_f2_poly_dot,a9_b9_sparse_n1024,fixed_schedule,21,256,54155.113,147456,0,0,1
opt_f2_poly_dot,a9_b9_sparse_n1024,fixed_schedule,22,256,53953.125,147456,0,0,1
opt_f2_poly_dot,a9_b9_sparse_n1024,production_zero_skip,22,256,18156.898,147456,0,0,1
opt_f2_poly_dot,a9_b9_sparse_n1024,public_adaptive,22,256,13095.379,147456,0,0,1
opt_f2_poly_dot,a9_b9_sparse_n1024,row_density,22,256,19476.074,147456,0,0,1
opt_f2_poly_dot,a9_b9_sparse_n1024,public_fused,22,256,23122.723,147456,0,0,1
opt_f2_poly_dot,a9_b9_sparse_n1024,public_adaptive,23,256,14133.789,147456,0,0,1
opt_f2_poly_dot,a9_b9_sparse_n1024,row_density,23,256,20410.969,147456,0,0,1
opt_f2_poly_dot,a9_b9_sparse_n1024,public_fused,23,256,24779.621,147456,0,0,1
opt_f2_poly_dot,a9_b9_sparse_n1024,production_zero_skip,23,256,33008.141,147456,0,0,1
opt_f2_poly_dot,a9_b9_sparse_n1024,fixed_schedule,23,256,54118.652,147456,0,0,1
opt_f2_poly_dot,a9_b9_sparse_n1024,production_zero_skip,24,256,18210.938,147456,0,0,1
opt_f2_poly_dot,a9_b9_sparse_n1024,public_fused,24,256,34540.363,147456,0,0,1
opt_f2_poly_dot,a9_b9_sparse_n1024,row_density,24,256,14716.797,147456,0,0,1
opt_f2_poly_dot,a9_b9_sparse_n1024,fixed_schedule,24,256,53803.547,147456,0,0,1
opt_f2_poly_dot,a9_b9_sparse_n1024,public_adaptive,24,256,13794.105,147456,0,0,1
opt_f2_poly_dot,a9_b9_sparse_n1024,production_zero_skip,25,256,17893.230,147456,0,0,1
opt_f2_poly_dot,a9_b9_sparse_n1024,row_density,25,256,22421.223,147456,0,0,1
opt_f2_poly_dot,a9_b9_sparse_n1024,public_fused,25,256,25614.418,147456,0,0,1
opt_f2_poly_dot,a9_b9_sparse_n1024,fixed_schedule,25,256,53876.141,147456,0,0,1
opt_f2_poly_dot,a9_b9_sparse_n1024,public_adaptive,25,256,16707.031,147456,0,0,1
opt_f2_poly_dot,a9_b9_sparse_n1024,fixed_schedule,26,256,54213.543,147456,0,0,1
opt_f2_poly_dot,a9_b9_sparse_n1024,public_fused,26,256,22412.109,147456,0,0,1
opt_f2_poly_dot,a9_b9_sparse_n1024,row_density,26,256,17237.629,147456,0,0,1
opt_f2_poly_dot,a9_b9_sparse_n1024,production_zero_skip,26,256,29655.438,147456,0,0,1
opt_f2_poly_dot,a9_b9_sparse_n1024,public_adaptive,26,256,13241.375,147456,0,0,1
opt_f2_poly_dot,a9_b9_sparse_n1024,fixed_schedule,27,256,54138.020,147456,0,0,1
opt_f2_poly_dot,a9_b9_sparse_n1024,row_density,27,256,25111.328,147456,0,0,1
opt_f2_poly_dot,a9_b9_sparse_n1024,public_adaptive,27,256,13406.898,147456,0,0,1
opt_f2_poly_dot,a9_b9_sparse_n1024,production_zero_skip,27,256,32273.762,147456,0,0,1
opt_f2_poly_dot,a9_b9_sparse_n1024,public_fused,27,256,26535.969,147456,0,0,1
opt_f2_poly_dot,a9_b9_sparse_n1024,public_adaptive,28,256,27026.367,147456,0,0,1
opt_f2_poly_dot,a9_b9_sparse_n1024,production_zero_skip,28,256,17916.828,147456,0,0,1
opt_f2_poly_dot,a9_b9_sparse_n1024,fixed_schedule,28,256,54090.168,147456,0,0,1
opt_f2_poly_dot,a9_b9_sparse_n1024,row_density,28,256,14736.816,147456,0,0,1
opt_f2_poly_dot,a9_b9_sparse_n1024,public_fused,28,256,25324.055,147456,0,0,1
opt_f2_poly_dot,a9_b9_sparse_n1024,fixed_schedule,29,256,53046.387,147456,0,0,1
opt_f2_poly_dot,a9_b9_sparse_n1024,row_density,29,256,20420.246,147456,0,0,1
opt_f2_poly_dot,a9_b9_sparse_n1024,production_zero_skip,29,256,23894.531,147456,0,0,1
opt_f2_poly_dot,a9_b9_sparse_n1024,public_adaptive,29,256,15014.812,147456,0,0,1
opt_f2_poly_dot,a9_b9_sparse_n1024,public_fused,29,256,22813.801,147456,0,0,1
opt_f2_poly_dot,a9_b9_sparse_n1024,row_density,30,256,22203.449,147456,0,0,1
opt_f2_poly_dot,a9_b9_sparse_n1024,production_zero_skip,30,256,18104.004,147456,0,0,1
opt_f2_poly_dot,a9_b9_sparse_n1024,fixed_schedule,30,256,54664.391,147456,0,0,1
opt_f2_poly_dot,a9_b9_sparse_n1024,public_fused,30,256,26397.949,147456,0,0,1
opt_f2_poly_dot,a9_b9_sparse_n1024,public_adaptive,30,256,15111.652,147456,0,0,1
opt_f2_poly_dot,a9_b9_sparse_n1024,public_fused,31,256,28234.863,147456,0,0,1
opt_f2_poly_dot,a9_b9_sparse_n1024,row_density,31,256,22833.496,147456,0,0,1
opt_f2_poly_dot,a9_b9_sparse_n1024,public_adaptive,31,256,13363.934,147456,0,0,1
opt_f2_poly_dot,a9_b9_sparse_n1024,fixed_schedule,31,256,54074.055,147456,0,0,1
opt_f2_poly_dot,a9_b9_sparse_n1024,production_zero_skip,31,256,26033.531,147456,0,0,1
opt_f2_poly_dot,a9_b9_sparse_n1024,production_zero_skip,32,256,21734.863,147456,0,0,1
opt_f2_poly_dot,a9_b9_sparse_n1024,public_fused,32,256,23271.645,147456,0,0,1
opt_f2_poly_dot,a9_b9_sparse_n1024,public_adaptive,32,256,23110.840,147456,0,0,1
opt_f2_poly_dot,a9_b9_sparse_n1024,row_density,32,256,14764.324,147456,0,0,1
opt_f2_poly_dot,a9_b9_sparse_n1024,fixed_schedule,32,256,54700.523,147456,0,0,1
opt_f2_poly_dot,a9_b9_sparse_n1024,fixed_schedule,33,256,53426.434,147456,0,0,1
opt_f2_poly_dot,a9_b9_sparse_n1024,public_fused,33,256,32708.008,147456,0,0,1
opt_f2_poly_dot,a9_b9_sparse_n1024,row_density,33,256,13211.262,147456,0,0,1
opt_f2_poly_dot,a9_b9_sparse_n1024,public_adaptive,33,256,14815.430,147456,0,0,1
opt_f2_poly_dot,a9_b9_sparse_n1024,production_zero_skip,33,256,18455.566,147456,0,0,1
opt_f2_poly_dot,a9_b9_sparse_n1024,fixed_schedule,34,256,54009.113,147456,0,0,1
opt_f2_poly_dot,a9_b9_sparse_n1024,public_fused,34,256,25864.422,147456,0,0,1
opt_f2_poly_dot,a9_b9_sparse_n1024,public_adaptive,34,256,18995.605,147456,0,0,1
opt_f2_poly_dot,a9_b9_sparse_n1024,production_zero_skip,34,256,19130.859,147456,0,0,1
opt_f2_poly_dot,a9_b9_sparse_n1024,row_density,34,256,22373.859,147456,0,0,1
opt_f2_poly_dot,a9_b9_sparse_n1024,public_fused,35,256,32428.059,147456,0,0,1
opt_f2_poly_dot,a9_b9_sparse_n1024,fixed_schedule,35,256,53805.176,147456,0,0,1
opt_f2_poly_dot,a9_b9_sparse_n1024,row_density,35,256,25287.109,147456,0,0,1
opt_f2_poly_dot,a9_b9_sparse_n1024,production_zero_skip,35,256,17557.617,147456,0,0,1
opt_f2_poly_dot,a9_b9_sparse_n1024,public_adaptive,35,256,14457.848,147456,0,0,1
opt_f2_poly_dot,a9_b9_sparse_n1024,production_zero_skip,36,256,15906.738,147456,0,0,1
opt_f2_poly_dot,a9_b9_sparse_n1024,fixed_schedule,36,256,53703.938,147456,0,0,1
opt_f2_poly_dot,a9_b9_sparse_n1024,row_density,36,256,13341.145,147456,0,0,1
opt_f2_poly_dot,a9_b9_sparse_n1024,public_adaptive,36,256,22900.715,147456,0,0,1
opt_f2_poly_dot,a9_b9_sparse_n1024,public_fused,36,256,24088.703,147456,0,0,1
opt_f2_poly_dot,a9_b9_sparse_n1024,fixed_schedule,37,256,53927.082,147456,0,0,1
opt_f2_poly_dot,a9_b9_sparse_n1024,row_density,37,256,21780.922,147456,0,0,1
opt_f2_poly_dot,a9_b9_sparse_n1024,production_zero_skip,37,256,17505.531,147456,0,0,1
opt_f2_poly_dot,a9_b9_sparse_n1024,public_adaptive,37,256,14270.668,147456,0,0,1
opt_f2_poly_dot,a9_b9_sparse_n1024,public_fused,37,256,25272.461,147456,0,0,1
opt_f2_poly_dot,a9_b9_sparse_n1024,public_fused,38,256,23763.184,147456,0,0,1
opt_f2_poly_dot,a9_b9_sparse_n1024,production_zero_skip,38,256,33118.000,147456,0,0,1
opt_f2_poly_dot,a9_b9_sparse_n1024,public_adaptive,38,256,15755.043,147456,0,0,1
opt_f2_poly_dot,a9_b9_sparse_n1024,fixed_schedule,38,256,54268.555,147456,0,0,1
opt_f2_poly_dot,a9_b9_sparse_n1024,row_density,38,256,17550.129,147456,0,0,1
opt_f2_poly_dot,a9_b9_sparse_n1024,fixed_schedule,39,256,53238.445,147456,0,0,1
opt_f2_poly_dot,a9_b9_sparse_n1024,public_adaptive,39,256,22113.770,147456,0,0,1
opt_f2_poly_dot,a9_b9_sparse_n1024,row_density,39,256,13239.910,147456,0,0,1
opt_f2_poly_dot,a9_b9_sparse_n1024,public_fused,39,256,31466.633,147456,0,0,1
opt_f2_poly_dot,a9_b9_sparse_n1024,production_zero_skip,39,256,31459.797,147456,0,0,1
opt_f2_poly_dot,a9_b9_sparse_n1024,fixed_schedule,40,256,54224.445,147456,0,0,1
opt_f2_poly_dot,a9_b9_sparse_n1024,production_zero_skip,40,256,22520.832,147456,0,0,1
opt_f2_poly_dot,a9_b9_sparse_n1024,public_fused,40,256,23669.105,147456,0,0,1
opt_f2_poly_dot,a9_b9_sparse_n1024,row_density,40,256,23246.258,147456,0,0,1
opt_f2_poly_dot,a9_b9_sparse_n1024,public_adaptive,40,256,13348.957,147456,0,0,1
opt_f2_poly_dot,a9_b9_sparse_n1024,fixed_schedule,41,256,53776.039,147456,0,0,1
opt_f2_poly_dot,a9_b9_sparse_n1024,public_fused,41,256,23094.566,147456,0,0,1
opt_f2_poly_dot,a9_b9_sparse_n1024,public_adaptive,41,256,18510.414,147456,0,0,1
opt_f2_poly_dot,a9_b9_sparse_n1024,row_density,41,256,13518.879,147456,0,0,1
opt_f2_poly_dot,a9_b9_sparse_n1024,production_zero_skip,41,256,24590.984,147456,0,0,1
opt_f2_poly_dot,a9_b9_sparse_n1024,public_fused,42,256,25024.250,147456,0,0,1
opt_f2_poly_dot,a9_b9_sparse_n1024,fixed_schedule,42,256,54918.133,147456,0,0,1
opt_f2_poly_dot,a9_b9_sparse_n1024,production_zero_skip,42,256,21291.832,147456,0,0,1
opt_f2_poly_dot,a9_b9_sparse_n1024,row_density,42,256,14805.988,147456,0,0,1
opt_f2_poly_dot,a9_b9_sparse_n1024,public_adaptive,42,256,21821.453,147456,0,0,1
opt_f2_poly_dot,a9_b9_sparse_n1024,public_fused,43,256,25874.023,147456,0,0,1
opt_f2_poly_dot,a9_b9_sparse_n1024,public_adaptive,43,256,13253.742,147456,0,0,1
opt_f2_poly_dot,a9_b9_sparse_n1024,production_zero_skip,43,256,19712.078,147456,0,0,1
opt_f2_poly_dot,a9_b9_sparse_n1024,row_density,43,256,22249.836,147456,0,0,1
opt_f2_poly_dot,a9_b9_sparse_n1024,fixed_schedule,43,256,54605.309,147456,0,0,1
opt_f2_poly_dot,a9_b9_sparse_n1024,fixed_schedule,44,256,54245.605,147456,0,0,1
opt_f2_poly_dot,a9_b9_sparse_n1024,public_fused,44,256,36593.590,147456,0,0,1
opt_f2_poly_dot,a9_b9_sparse_n1024,production_zero_skip,44,256,28273.602,147456,0,0,1
opt_f2_poly_dot,a9_b9_sparse_n1024,public_adaptive,44,256,16092.285,147456,0,0,1
opt_f2_poly_dot,a9_b9_sparse_n1024,row_density,44,256,13622.234,147456,0,0,1
opt_f2_poly_dot,a9_b9_sparse_n1024,fixed_schedule,45,256,54147.789,147456,0,0,1
opt_f2_poly_dot,a9_b9_sparse_n1024,row_density,45,256,13767.254,147456,0,0,1
opt_f2_poly_dot,a9_b9_sparse_n1024,public_adaptive,45,256,20035.320,147456,0,0,1
opt_f2_poly_dot,a9_b9_sparse_n1024,production_zero_skip,45,256,18636.719,147456,0,0,1
opt_f2_poly_dot,a9_b9_sparse_n1024,public_fused,45,256,23831.383,147456,0,0,1
opt_f2_poly_dot,a9_b9_sparse_n1024,public_adaptive,46,256,23933.918,147456,0,0,1
opt_f2_poly_dot,a9_b9_sparse_n1024,fixed_schedule,46,256,54755.211,147456,0,0,1
opt_f2_poly_dot,a9_b9_sparse_n1024,production_zero_skip,46,256,20159.992,147456,0,0,1
opt_f2_poly_dot,a9_b9_sparse_n1024,row_density,46,256,28206.543,147456,0,0,1
opt_f2_poly_dot,a9_b9_sparse_n1024,public_fused,46,256,34099.445,147456,0,0,1
opt_f2_poly_dot,a9_b9_sparse_n1024,fixed_schedule,47,256,56466.797,147456,0,0,1
opt_f2_poly_dot,a9_b9_sparse_n1024,public_fused,47,256,38263.836,147456,0,0,1
opt_f2_poly_dot,a9_b9_sparse_n1024,production_zero_skip,47,256,18138.836,147456,0,0,1
opt_f2_poly_dot,a9_b9_sparse_n1024,public_adaptive,47,256,14004.070,147456,0,0,1
opt_f2_poly_dot,a9_b9_sparse_n1024,row_density,47,256,18823.406,147456,0,0,1
opt_f2_poly_dot,a9_b9_sparse_n1024,row_density,48,256,13749.188,147456,0,0,1
opt_f2_poly_dot,a9_b9_sparse_n1024,public_adaptive,48,256,14698.566,147456,0,0,1
opt_f2_poly_dot,a9_b9_sparse_n1024,fixed_schedule,48,256,54575.359,147456,0,0,1
opt_f2_poly_dot,a9_b9_sparse_n1024,production_zero_skip,48,256,20296.875,147456,0,0,1
opt_f2_poly_dot,a9_b9_sparse_n1024,public_fused,48,256,31662.434,147456,0,0,1
opt_f2_poly_dot,a9_b9_sparse_n1024,public_fused,49,256,27184.406,147456,0,0,1
opt_f2_poly_dot,a9_b9_sparse_n1024,public_adaptive,49,256,20614.258,147456,0,0,1
opt_f2_poly_dot,a9_b9_sparse_n1024,fixed_schedule,49,256,54457.031,147456,0,0,1
opt_f2_poly_dot,a9_b9_sparse_n1024,row_density,49,256,26812.828,147456,0,0,1
opt_f2_poly_dot,a9_b9_sparse_n1024,production_zero_skip,49,256,19923.664,147456,0,0,1
opt_f2_poly_dot,a9_b9_sparse_n1024,production_zero_skip,50,256,24976.891,147456,0,0,1
opt_f2_poly_dot,a9_b9_sparse_n1024,row_density,50,256,23907.062,147456,0,0,1
opt_f2_poly_dot,a9_b9_sparse_n1024,public_adaptive,50,256,14813.477,147456,0,0,1
opt_f2_poly_dot,a9_b9_sparse_n1024,fixed_schedule,50,256,53754.395,147456,0,0,1
opt_f2_poly_dot,a9_b9_sparse_n1024,public_fused,50,256,29288.410,147456,0,0,1
opt_f2_poly_dot,a9_b9_sparse_n1024,production_zero_skip,51,256,26768.395,147456,0,0,1
opt_f2_poly_dot,a9_b9_sparse_n1024,public_fused,51,256,23532.062,147456,0,0,1
opt_f2_poly_dot,a9_b9_sparse_n1024,public_adaptive,51,256,20474.121,147456,0,0,1
opt_f2_poly_dot,a9_b9_sparse_n1024,fixed_schedule,51,256,53899.578,147456,0,0,1
opt_f2_poly_dot,a9_b9_sparse_n1024,row_density,51,256,19269.855,147456,0,0,1
opt_f2_poly_dot,a9_b9_sparse_n1024,public_adaptive,52,256,12339.516,147456,0,0,1
opt_f2_poly_dot,a9_b9_sparse_n1024,public_fused,52,256,24803.059,147456,0,0,1
opt_f2_poly_dot,a9_b9_sparse_n1024,production_zero_skip,52,256,17959.961,147456,0,0,1
opt_f2_poly_dot,a9_b9_sparse_n1024,fixed_schedule,52,256,53813.801,147456,0,0,1
opt_f2_poly_dot,a9_b9_sparse_n1024,row_density,52,256,16288.086,147456,0,0,1
opt_f2_poly_dot,a9_b9_sparse_n1024,row_density,53,256,13223.469,147456,0,0,1
opt_f2_poly_dot,a9_b9_sparse_n1024,public_fused,53,256,37556.641,147456,0,0,1
opt_f2_poly_dot,a9_b9_sparse_n1024,production_zero_skip,53,256,20167.969,147456,0,0,1
opt_f2_poly_dot,a9_b9_sparse_n1024,fixed_schedule,53,256,54134.277,147456,0,0,1
opt_f2_poly_dot,a9_b9_sparse_n1024,public_adaptive,53,256,16679.199,147456,0,0,1
opt_f2_poly_dot,a9_b9_sparse_n1024,fixed_schedule,54,256,55020.672,147456,0,0,1
opt_f2_poly_dot,a9_b9_sparse_n1024,public_adaptive,54,256,12677.082,147456,0,0,1
opt_f2_poly_dot,a9_b9_sparse_n1024,public_fused,54,256,26022.301,147456,0,0,1
opt_f2_poly_dot,a9_b9_sparse_n1024,row_density,54,256,16916.992,147456,0,0,1
opt_f2_poly_dot,a9_b9_sparse_n1024,production_zero_skip,54,256,29542.969,147456,0,0,1
opt_f2_poly_dot,a9_b9_sparse_n1024,fixed_schedule,55,256,54325.523,147456,0,0,1
opt_f2_poly_dot,a9_b9_sparse_n1024,public_fused,55,256,29740.887,147456,0,0,1
opt_f2_poly_dot,a9_b9_sparse_n1024,production_zero_skip,55,256,28794.758,147456,0,0,1
opt_f2_poly_dot,a9_b9_sparse_n1024,public_adaptive,55,256,13211.586,147456,0,0,1
opt_f2_poly_dot,a9_b9_sparse_n1024,row_density,55,256,21395.508,147456,0,0,1
opt_f2_poly_dot,a9_b9_sparse_n1024,fixed_schedule,56,256,55188.965,147456,0,0,1
opt_f2_poly_dot,a9_b9_sparse_n1024,public_adaptive,56,256,15415.039,147456,0,0,1
opt_f2_poly_dot,a9_b9_sparse_n1024,public_fused,56,256,25049.480,147456,0,0,1
opt_f2_poly_dot,a9_b9_sparse_n1024,production_zero_skip,56,256,34543.297,147456,0,0,1
opt_f2_poly_dot,a9_b9_sparse_n1024,row_density,56,256,20129.230,147456,0,0,1
opt_f2_poly_dot,a9_b9_sparse_n1024,public_fused,57,256,25960.609,147456,0,0,1
opt_f2_poly_dot,a9_b9_sparse_n1024,fixed_schedule,57,256,54028.809,147456,0,0,1
opt_f2_poly_dot,a9_b9_sparse_n1024,row_density,57,256,13521.973,147456,0,0,1
opt_f2_poly_dot,a9_b9_sparse_n1024,production_zero_skip,57,256,23037.109,147456,0,0,1
opt_f2_poly_dot,a9_b9_sparse_n1024,public_adaptive,57,256,21443.848,147456,0,0,1
opt_f2_poly_dot,a9_b9_sparse_n1024,production_zero_skip,58,256,28848.309,147456,0,0,1
opt_f2_poly_dot,a9_b9_sparse_n1024,fixed_schedule,58,256,54492.676,147456,0,0,1
opt_f2_poly_dot,a9_b9_sparse_n1024,public_fused,58,256,29517.578,147456,0,0,1
opt_f2_poly_dot,a9_b9_sparse_n1024,row_density,58,256,20590.984,147456,0,0,1
opt_f2_poly_dot,a9_b9_sparse_n1024,public_adaptive,58,256,20338.055,147456,0,0,1
opt_f2_poly_dot,a9_b9_sparse_n1024,fixed_schedule,59,256,54310.387,147456,0,0,1
opt_f2_poly_dot,a9_b9_sparse_n1024,public_adaptive,59,256,14927.574,147456,0,0,1
opt_f2_poly_dot,a9_b9_sparse_n1024,row_density,59,256,22811.852,147456,0,0,1
opt_f2_poly_dot,a9_b9_sparse_n1024,public_fused,59,256,37380.531,147456,0,0,1
opt_f2_poly_dot,a9_b9_sparse_n1024,production_zero_skip,59,256,21068.031,147456,0,0,1
opt_f2_poly_dot,a9_b9_sparse_n1024,production_zero_skip,60,256,25725.422,147456,0,0,1
opt_f2_poly_dot,a9_b9_sparse_n1024,public_fused,60,256,21906.898,147456,0,0,1
opt_f2_poly_dot,a9_b9_sparse_n1024,row_density,60,256,20338.379,147456,0,0,1
opt_f2_poly_dot,a9_b9_sparse_n1024,public_adaptive,60,256,13566.566,147456,0,0,1
opt_f2_poly_dot,a9_b9_sparse_n1024,fixed_schedule,60,256,57456.703,147456,0,0,1
opt_f2_poly_dot,a9_b9_sparse_n1024,production_zero_skip,61,256,31034.020,147456,0,0,1
opt_f2_poly_dot,a9_b9_sparse_n1024,public_adaptive,61,256,28633.625,147456,0,0,1
opt_f2_poly_dot,a9_b9_sparse_n1024,row_density,61,256,19708.332,147456,0,0,1
opt_f2_poly_dot,a9_b9_sparse_n1024,fixed_schedule,61,256,57665.039,147456,0,0,1
opt_f2_poly_dot,a9_b9_sparse_n1024,public_fused,61,256,25115.887,147456,0,0,1
opt_f2_poly_dot,a9_b9_sparse_n1024,public_fused,62,256,25715.332,147456,0,0,1
opt_f2_poly_dot,a9_b9_sparse_n1024,row_density,62,256,28859.703,147456,0,0,1
opt_f2_poly_dot,a9_b9_sparse_n1024,public_adaptive,62,256,21534.344,147456,0,0,1
opt_f2_poly_dot,a9_b9_sparse_n1024,production_zero_skip,62,256,21457.684,147456,0,0,1
opt_f2_poly_dot,a9_b9_sparse_n1024,fixed_schedule,62,256,57342.121,147456,0,0,1
opt_f2_poly_dot,a9_b9_sparse_n1024,production_zero_skip,63,256,25693.035,147456,0,0,1
opt_f2_poly_dot,a9_b9_sparse_n1024,fixed_schedule,63,256,57611.328,147456,0,0,1
opt_f2_poly_dot,a9_b9_sparse_n1024,public_adaptive,63,256,25674.805,147456,0,0,1
opt_f2_poly_dot,a9_b9_sparse_n1024,public_fused,63,256,25644.203,147456,0,0,1
opt_f2_poly_dot,a9_b9_sparse_n1024,row_density,63,256,32099.773,147456,0,0,1
opt_ood,log16,reuse_products,0,64,77910.812,1048576,3,67312,1
opt_ood,log16,indexed_products,0,64,73193.359,1048576,3,67312,1
opt_ood,log16,production_blocked,0,64,71975.906,1048576,20,133328,1
opt_ood,log16,prepared_products,0,64,75544.281,1048576,4,67568,1
opt_ood,log16,vector_products,0,64,73705.078,1048576,4,67568,1
opt_ood,log16,collect_products,0,64,75279.938,1048576,4,67568,1
opt_ood,log16,reuse_products,1,64,67347.656,1048576,3,67312,1
opt_ood,log16,production_blocked,1,64,83163.422,1048576,20,133328,1
opt_ood,log16,prepared_products,1,64,84745.438,1048576,4,67568,1
opt_ood,log16,indexed_products,1,64,69778.641,1048576,3,67312,1
opt_ood,log16,vector_products,1,64,73068.359,1048576,4,67568,1
opt_ood,log16,collect_products,1,64,75119.141,1048576,4,67568,1
opt_ood,log16,collect_products,2,64,71219.391,1048576,4,67568,1
opt_ood,log16,production_blocked,2,64,74662.109,1048576,20,133328,1
opt_ood,log16,indexed_products,2,64,92149.734,1048576,3,67312,1
opt_ood,log16,reuse_products,2,64,73069.000,1048576,3,67312,1
opt_ood,log16,vector_products,2,64,81116.547,1048576,4,67568,1
opt_ood,log16,prepared_products,2,64,78283.859,1048576,4,67568,1
opt_ood,log16,vector_products,3,64,73177.734,1048576,4,67568,1
opt_ood,log16,collect_products,3,64,104703.781,1048576,4,67568,1
opt_ood,log16,reuse_products,3,64,126160.156,1048576,3,67312,1
opt_ood,log16,production_blocked,3,64,219412.109,1048576,20,133328,1
opt_ood,log16,indexed_products,3,64,71299.469,1048576,3,67312,1
opt_ood,log16,prepared_products,3,64,71975.922,1048576,4,67568,1
opt_ood,log16,reuse_products,4,64,66638.672,1048576,3,67312,1
opt_ood,log16,production_blocked,4,64,116223.969,1048576,20,133328,1
opt_ood,log16,vector_products,4,64,75535.797,1048576,4,67568,1
opt_ood,log16,prepared_products,4,64,77783.859,1048576,4,67568,1
opt_ood,log16,collect_products,4,64,74304.031,1048576,4,67568,1
opt_ood,log16,indexed_products,4,64,75548.828,1048576,3,67312,1
opt_ood,log16,reuse_products,5,64,77515.625,1048576,3,67312,1
opt_ood,log16,production_blocked,5,64,74740.234,1048576,20,133328,1
opt_ood,log16,collect_products,5,64,73219.391,1048576,4,67568,1
opt_ood,log16,prepared_products,5,64,77063.812,1048576,4,67568,1
opt_ood,log16,indexed_products,5,64,74554.688,1048576,3,67312,1
opt_ood,log16,vector_products,5,64,74949.859,1048576,4,67568,1
opt_ood,log16,collect_products,6,64,73183.594,1048576,4,67568,1
opt_ood,log16,reuse_products,6,64,67627.594,1048576,3,67312,1
opt_ood,log16,production_blocked,6,64,75778.641,1048576,20,133328,1
opt_ood,log16,indexed_products,6,64,74507.172,1048576,3,67312,1
opt_ood,log16,prepared_products,6,64,71197.266,1048576,4,67568,1
opt_ood,log16,vector_products,6,64,76758.469,1048576,4,67568,1
opt_ood,log16,production_blocked,7,64,77369.797,1048576,20,133328,1
opt_ood,log16,vector_products,7,64,83944.656,1048576,4,67568,1
opt_ood,log16,prepared_products,7,64,79466.141,1048576,4,67568,1
opt_ood,log16,reuse_products,7,64,75884.766,1048576,3,67312,1
opt_ood,log16,collect_products,7,64,75777.344,1048576,4,67568,1
opt_ood,log16,indexed_products,7,64,74828.781,1048576,3,67312,1
opt_ood,log16,prepared_products,8,64,74156.250,1048576,4,67568,1
opt_ood,log16,indexed_products,8,64,94740.234,1048576,3,67312,1
opt_ood,log16,reuse_products,8,64,75460.281,1048576,3,67312,1
opt_ood,log16,collect_products,8,64,86535.797,1048576,4,67568,1
opt_ood,log16,vector_products,8,64,74188.812,1048576,4,67568,1
opt_ood,log16,production_blocked,8,64,70184.234,1048576,20,133328,1
opt_ood,log16,reuse_products,9,64,73442.062,1048576,3,67312,1
opt_ood,log16,collect_products,9,64,73059.250,1048576,4,67568,1
opt_ood,log16,production_blocked,9,64,77530.609,1048576,20,133328,1
opt_ood,log16,prepared_products,9,64,72615.875,1048576,4,67568,1
opt_ood,log16,indexed_products,9,64,86207.688,1048576,3,67312,1
opt_ood,log16,vector_products,9,64,80192.703,1048576,4,67568,1
opt_ood,log16,indexed_products,10,64,77751.297,1048576,3,67312,1
opt_ood,log16,production_blocked,10,64,89951.828,1048576,20,133328,1
opt_ood,log16,reuse_products,10,64,77750.641,1048576,3,67312,1
opt_ood,log16,collect_products,10,64,77701.172,1048576,4,67568,1
opt_ood,log16,vector_products,10,64,82595.062,1048576,4,67568,1
opt_ood,log16,prepared_products,10,64,83920.562,1048576,4,67568,1
opt_ood,log16,reuse_products,11,64,76574.859,1048576,3,67312,1
opt_ood,log16,prepared_products,11,64,80408.203,1048576,4,67568,1
opt_ood,log16,vector_products,11,64,98820.312,1048576,4,67568,1
opt_ood,log16,indexed_products,11,64,76282.547,1048576,3,67312,1
opt_ood,log16,collect_products,11,64,81087.234,1048576,4,67568,1
opt_ood,log16,production_blocked,11,64,82410.812,1048576,20,133328,1
opt_ood,log16,reuse_products,12,64,103960.281,1048576,3,67312,1
opt_ood,log16,production_blocked,12,64,83042.969,1048576,20,133328,1
opt_ood,log16,collect_products,12,64,80343.094,1048576,4,67568,1
opt_ood,log16,prepared_products,12,64,81560.547,1048576,4,67568,1
opt_ood,log16,indexed_products,12,64,73962.891,1048576,3,67312,1
opt_ood,log16,vector_products,12,64,111395.828,1048576,4,67568,1
opt_ood,log16,reuse_products,13,64,75227.203,1048576,3,67312,1
opt_ood,log16,collect_products,13,64,88249.344,1048576,4,67568,1
opt_ood,log16,production_blocked,13,64,77967.453,1048576,20,133328,1
opt_ood,log16,prepared_products,13,64,77852.859,1048576,4,67568,1
opt_ood,log16,vector_products,13,64,78000.656,1048576,4,67568,1
opt_ood,log16,indexed_products,13,64,77837.891,1048576,3,67312,1
opt_ood,log16,vector_products,14,64,71752.609,1048576,4,67568,1
opt_ood,log16,collect_products,14,64,82365.891,1048576,4,67568,1
opt_ood,log16,prepared_products,14,64,88547.531,1048576,4,67568,1
opt_ood,log16,indexed_products,14,64,71468.750,1048576,3,67312,1
opt_ood,log16,reuse_products,14,64,74921.234,1048576,3,67312,1
opt_ood,log16,production_blocked,14,64,74934.250,1048576,20,133328,1
opt_ood,log16,indexed_products,15,64,81547.531,1048576,3,67312,1
opt_ood,log16,vector_products,15,64,77306.641,1048576,4,67568,1
opt_ood,log16,collect_products,15,64,75550.125,1048576,4,67568,1
opt_ood,log16,production_blocked,15,64,81864.594,1048576,20,133328,1
opt_ood,log16,prepared_products,15,64,73572.266,1048576,4,67568,1
opt_ood,log16,reuse_products,15,64,72934.234,1048576,3,67312,1
opt_ood,log16,reuse_products,16,64,77537.109,1048576,3,67312,1
opt_ood,log16,production_blocked,16,64,80279.297,1048576,20,133328,1
opt_ood,log16,collect_products,16,64,74837.234,1048576,4,67568,1
opt_ood,log16,vector_products,16,64,71934.906,1048576,4,67568,1
opt_ood,log16,indexed_products,16,64,77850.250,1048576,3,67312,1
opt_ood,log16,prepared_products,16,64,70548.828,1048576,4,67568,1
opt_ood,log16,collect_products,17,64,70826.828,1048576,4,67568,1
opt_ood,log16,production_blocked,17,64,78240.891,1048576,20,133328,1
opt_ood,log16,reuse_products,17,64,63264.328,1048576,3,67312,1
opt_ood,log16,prepared_products,17,64,65895.828,1048576,4,67568,1
opt_ood,log16,vector_products,17,64,66265.625,1048576,4,67568,1
opt_ood,log16,indexed_products,17,64,68447.922,1048576,3,67312,1
opt_ood,log16,reuse_products,18,64,63587.891,1048576,3,67312,1
opt_ood,log16,production_blocked,18,64,67130.859,1048576,20,133328,1
opt_ood,log16,prepared_products,18,64,65992.188,1048576,4,67568,1
opt_ood,log16,indexed_products,18,64,72468.094,1048576,3,67312,1
opt_ood,log16,vector_products,18,64,67898.438,1048576,4,67568,1
opt_ood,log16,collect_products,18,64,68278.641,1048576,4,67568,1
opt_ood,log16,indexed_products,19,64,68343.109,1048576,3,67312,1
opt_ood,log16,prepared_products,19,64,66799.484,1048576,4,67568,1
opt_ood,log16,vector_products,19,64,72631.516,1048576,4,67568,1
opt_ood,log16,collect_products,19,64,72883.453,1048576,4,67568,1
opt_ood,log16,production_blocked,19,64,71425.141,1048576,20,133328,1
opt_ood,log16,reuse_products,19,64,66821.609,1048576,3,67312,1
opt_ood,log16,indexed_products,20,64,72805.984,1048576,3,67312,1
opt_ood,log16,reuse_products,20,64,72863.281,1048576,3,67312,1
opt_ood,log16,vector_products,20,64,129378.250,1048576,4,67568,1
opt_ood,log16,production_blocked,20,64,74531.250,1048576,20,133328,1
opt_ood,log16,collect_products,20,64,70664.703,1048576,4,67568,1
opt_ood,log16,prepared_products,20,64,68935.547,1048576,4,67568,1
opt_ood,log16,production_blocked,21,64,70190.750,1048576,20,133328,1
opt_ood,log16,prepared_products,21,64,68297.516,1048576,4,67568,1
opt_ood,log16,reuse_products,21,64,66581.391,1048576,3,67312,1
opt_ood,log16,vector_products,21,64,67590.500,1048576,4,67568,1
opt_ood,log16,indexed_products,21,64,69897.125,1048576,3,67312,1
opt_ood,log16,collect_products,21,64,72813.812,1048576,4,67568,1
opt_ood,log16,reuse_products,22,64,65257.156,1048576,3,67312,1
opt_ood,log16,indexed_products,22,64,68270.828,1048576,3,67312,1
opt_ood,log16,vector_products,22,64,79056.641,1048576,4,67568,1
opt_ood,log16,prepared_products,22,64,73129.562,1048576,4,67568,1
opt_ood,log16,collect_products,22,64,75894.531,1048576,4,67568,1
opt_ood,log16,production_blocked,22,64,70050.125,1048576,20,133328,1
opt_ood,log16,prepared_products,23,64,71676.438,1048576,4,67568,1
opt_ood,log16,collect_products,23,64,76437.500,1048576,4,67568,1
opt_ood,log16,vector_products,23,64,67429.047,1048576,4,67568,1
opt_ood,log16,production_blocked,23,64,77769.531,1048576,20,133328,1
opt_ood,log16,reuse_products,23,64,65955.078,1048576,3,67312,1
opt_ood,log16,indexed_products,23,64,70641.922,1048576,3,67312,1
opt_ood,log16,reuse_products,24,64,67426.422,1048576,3,67312,1
opt_ood,log16,production_blocked,24,64,77230.469,1048576,20,133328,1
opt_ood,log16,vector_products,24,64,71006.516,1048576,4,67568,1
opt_ood,log16,indexed_products,24,64,70068.359,1048576,3,67312,1
opt_ood,log16,prepared_products,24,64,70236.984,1048576,4,67568,1
opt_ood,log16,collect_products,24,64,71542.969,1048576,4,67568,1
opt_ood,log16,collect_products,25,64,73492.188,1048576,4,67568,1
opt_ood,log16,reuse_products,25,64,60905.609,1048576,3,67312,1
opt_ood,log16,production_blocked,25,64,74153.641,1048576,20,133328,1
opt_ood,log16,indexed_products,25,64,69785.812,1048576,3,67312,1
opt_ood,log16,prepared_products,25,64,68935.547,1048576,4,67568,1
opt_ood,log16,vector_products,25,64,72164.062,1048576,4,67568,1
opt_ood,log16,indexed_products,26,64,68254.562,1048576,3,67312,1
opt_ood,log16,vector_products,26,64,72352.859,1048576,4,67568,1
opt_ood,log16,production_blocked,26,64,71512.375,1048576,20,133328,1
opt_ood,log16,reuse_products,26,64,73948.562,1048576,3,67312,1
opt_ood,log16,collect_products,26,64,72994.781,1048576,4,67568,1
opt_ood,log16,prepared_products,26,64,73880.859,1048576,4,67568,1
opt_ood,log16,prepared_products,27,64,70719.406,1048576,4,67568,1
opt_ood,log16,reuse_products,27,64,63195.969,1048576,3,67312,1
opt_ood,log16,collect_products,27,64,74042.312,1048576,4,67568,1
opt_ood,log16,indexed_products,27,64,73002.609,1048576,3,67312,1
opt_ood,log16,production_blocked,27,64,72291.672,1048576,20,133328,1
opt_ood,log16,vector_products,27,64,77508.453,1048576,4,67568,1
opt_ood,log16,production_blocked,28,64,86475.922,1048576,20,133328,1
opt_ood,log16,prepared_products,28,64,73754.562,1048576,4,67568,1
opt_ood,log16,reuse_products,28,64,64117.188,1048576,3,67312,1
opt_ood,log16,indexed_products,28,64,69237.641,1048576,3,67312,1
opt_ood,log16,vector_products,28,64,74755.859,1048576,4,67568,1
opt_ood,log16,collect_products,28,64,69199.219,1048576,4,67568,1
opt_ood,log16,prepared_products,29,64,72332.031,1048576,4,67568,1
opt_ood,log16,collect_products,29,64,74393.234,1048576,4,67568,1
opt_ood,log16,reuse_products,29,64,64671.234,1048576,3,67312,1
opt_ood,log16,vector_products,29,64,67287.109,1048576,4,67568,1
opt_ood,log16,production_blocked,29,64,71031.250,1048576,20,133328,1
opt_ood,log16,indexed_products,29,64,67261.719,1048576,3,67312,1
opt_ood,log16,production_blocked,30,64,68432.938,1048576,20,133328,1
opt_ood,log16,collect_products,30,64,69270.828,1048576,4,67568,1
opt_ood,log16,indexed_products,30,64,66379.562,1048576,3,67312,1
opt_ood,log16,vector_products,30,64,69241.531,1048576,4,67568,1
opt_ood,log16,prepared_products,30,64,66612.625,1048576,4,67568,1
opt_ood,log16,reuse_products,30,64,63983.734,1048576,3,67312,1
opt_ood,log16,prepared_products,31,64,68763.672,1048576,4,67568,1
opt_ood,log16,indexed_products,31,64,65850.906,1048576,3,67312,1
opt_ood,log16,vector_products,31,64,65669.266,1048576,4,67568,1
opt_ood,log16,collect_products,31,64,69529.953,1048576,4,67568,1
opt_ood,log16,reuse_products,31,64,61407.547,1048576,3,67312,1
opt_ood,log16,production_blocked,31,64,69420.578,1048576,20,133328,1
opt_ood,log16,vector_products,32,64,65278.000,1048576,4,67568,1
opt_ood,log16,reuse_products,32,64,64266.938,1048576,3,67312,1
opt_ood,log16,production_blocked,32,64,70156.906,1048576,20,133328,1
opt_ood,log16,prepared_products,32,64,67862.625,1048576,4,67568,1
opt_ood,log16,collect_products,32,64,64781.906,1048576,4,67568,1
opt_ood,log16,indexed_products,32,64,67514.984,1048576,3,67312,1
opt_ood,log16,prepared_products,33,64,67180.328,1048576,4,67568,1
opt_ood,log16,production_blocked,33,64,67000.641,1048576,20,133328,1
opt_ood,log16,collect_products,33,64,65602.859,1048576,4,67568,1
opt_ood,log16,vector_products,33,64,71195.969,1048576,4,67568,1
opt_ood,log16,indexed_products,33,64,66788.422,1048576,3,67312,1
opt_ood,log16,reuse_products,33,64,61428.391,1048576,3,67312,1
opt_ood,log16,collect_products,34,64,65862.641,1048576,4,67568,1
opt_ood,log16,vector_products,34,64,72345.703,1048576,4,67568,1
opt_ood,log16,prepared_products,34,64,67039.062,1048576,4,67568,1
opt_ood,log16,indexed_products,34,64,67764.984,1048576,3,67312,1
opt_ood,log16,production_blocked,34,64,68716.141,1048576,20,133328,1
opt_ood,log16,reuse_products,34,64,61146.484,1048576,3,67312,1
opt_ood,log16,prepared_products,35,64,68755.203,1048576,4,67568,1
opt_ood,log16,vector_products,35,64,68479.172,1048576,4,67568,1
opt_ood,log16,indexed_products,35,64,66088.547,1048576,3,67312,1
opt_ood,log16,collect_products,35,64,67980.469,1048576,4,67568,1
opt_ood,log16,reuse_products,35,64,65768.875,1048576,3,67312,1
opt_ood,log16,production_blocked,35,64,104314.453,1048576,20,133328,1
opt_ood,log16,prepared_products,36,64,76788.422,1048576,4,67568,1
opt_ood,log16,production_blocked,36,64,72392.578,1048576,20,133328,1
opt_ood,log16,collect_products,36,64,72652.344,1048576,4,67568,1
opt_ood,log16,vector_products,36,64,74856.125,1048576,4,67568,1
opt_ood,log16,reuse_products,36,64,66959.641,1048576,3,67312,1
opt_ood,log16,indexed_products,36,64,74623.703,1048576,3,67312,1
opt_ood,log16,prepared_products,37,64,69741.531,1048576,4,67568,1
opt_ood,log16,indexed_products,37,64,81171.875,1048576,3,67312,1
opt_ood,log16,production_blocked,37,64,76647.781,1048576,20,133328,1
opt_ood,log16,vector_products,37,64,71848.312,1048576,4,67568,1
opt_ood,log16,reuse_products,37,64,69386.719,1048576,3,67312,1
opt_ood,log16,collect_products,37,64,74802.078,1048576,4,67568,1
opt_ood,log16,prepared_products,38,64,79987.625,1048576,4,67568,1
opt_ood,log16,production_blocked,38,64,78841.797,1048576,20,133328,1
opt_ood,log16,vector_products,38,64,73581.375,1048576,4,67568,1
opt_ood,log16,indexed_products,38,64,85732.422,1048576,3,67312,1
opt_ood,log16,reuse_products,38,64,65973.297,1048576,3,67312,1
opt_ood,log16,collect_products,38,64,69430.344,1048576,4,67568,1
opt_ood,log16,reuse_products,39,64,112500.000,1048576,3,67312,1
opt_ood,log16,indexed_products,39,64,74011.078,1048576,3,67312,1
opt_ood,log16,production_blocked,39,64,72022.797,1048576,20,133328,1
opt_ood,log16,prepared_products,39,64,70085.281,1048576,4,67568,1
opt_ood,log16,collect_products,39,64,73725.266,1048576,4,67568,1
opt_ood,log16,vector_products,39,64,76485.031,1048576,4,67568,1
opt_ood,log16,reuse_products,40,64,93692.047,1048576,3,67312,1
opt_ood,log16,production_blocked,40,64,71475.266,1048576,20,133328,1
opt_ood,log16,vector_products,40,64,79574.875,1048576,4,67568,1
opt_ood,log16,indexed_products,40,64,69504.562,1048576,3,67312,1
opt_ood,log16,prepared_products,40,64,72152.344,1048576,4,67568,1
opt_ood,log16,collect_products,40,64,72154.297,1048576,4,67568,1
opt_ood,log16,vector_products,41,64,72712.891,1048576,4,67568,1
opt_ood,log16,reuse_products,41,64,76090.500,1048576,3,67312,1
opt_ood,log16,prepared_products,41,64,73558.594,1048576,4,67568,1
opt_ood,log16,collect_products,41,64,76230.469,1048576,4,67568,1
opt_ood,log16,indexed_products,41,64,83698.562,1048576,3,67312,1
opt_ood,log16,production_blocked,41,64,71986.984,1048576,20,133328,1
opt_ood,log16,prepared_products,42,64,72083.328,1048576,4,67568,1
opt_ood,log16,reuse_products,42,64,64208.328,1048576,3,67312,1
opt_ood,log16,collect_products,42,64,70388.031,1048576,4,67568,1
opt_ood,log16,production_blocked,42,64,73173.828,1048576,20,133328,1
opt_ood,log16,indexed_products,42,64,65597.000,1048576,3,67312,1
opt_ood,log16,vector_products,42,64,68656.250,1048576,4,67568,1
opt_ood,log16,indexed_products,43,64,69164.062,1048576,3,67312,1
opt_ood,log16,prepared_products,43,64,66035.812,1048576,4,67568,1
opt_ood,log16,vector_products,43,64,64872.391,1048576,4,67568,1
opt_ood,log16,collect_products,43,64,68156.250,1048576,4,67568,1
opt_ood,log16,reuse_products,43,64,63677.078,1048576,3,67312,1
opt_ood,log16,production_blocked,43,64,68350.922,1048576,20,133328,1
opt_ood,log16,production_blocked,44,64,67362.625,1048576,20,133328,1
opt_ood,log16,indexed_products,44,64,65157.547,1048576,3,67312,1
opt_ood,log16,vector_products,44,64,74106.766,1048576,4,67568,1
opt_ood,log16,prepared_products,44,64,67475.250,1048576,4,67568,1
opt_ood,log16,reuse_products,44,64,60844.406,1048576,3,67312,1
opt_ood,log16,collect_products,44,64,67964.844,1048576,4,67568,1
opt_ood,log16,indexed_products,45,64,68404.297,1048576,3,67312,1
opt_ood,log16,collect_products,45,64,64869.781,1048576,4,67568,1
opt_ood,log16,prepared_products,45,64,67772.141,1048576,4,67568,1
opt_ood,log16,production_blocked,45,64,66613.938,1048576,20,133328,1
opt_ood,log16,reuse_products,45,64,71293.625,1048576,3,67312,1
opt_ood,log16,vector_products,45,64,73535.156,1048576,4,67568,1
opt_ood,log16,collect_products,46,64,75474.609,1048576,4,67568,1
opt_ood,log16,production_blocked,46,64,98608.719,1048576,20,133328,1
opt_ood,log16,vector_products,46,64,67070.312,1048576,4,67568,1
opt_ood,log16,reuse_products,46,64,60861.328,1048576,3,67312,1
opt_ood,log16,indexed_products,46,64,66327.484,1048576,3,67312,1
opt_ood,log16,prepared_products,46,64,68111.328,1048576,4,67568,1
opt_ood,log16,prepared_products,47,64,66645.828,1048576,4,67568,1
opt_ood,log16,indexed_products,47,64,68067.062,1048576,3,67312,1
opt_ood,log16,vector_products,47,64,66934.891,1048576,4,67568,1
opt_ood,log16,production_blocked,47,64,75426.438,1048576,20,133328,1
opt_ood,log16,reuse_products,47,64,64679.031,1048576,3,67312,1
opt_ood,log16,collect_products,47,64,85082.688,1048576,4,67568,1
opt_ood,log16,indexed_products,48,64,75946.609,1048576,3,67312,1
opt_ood,log16,collect_products,48,64,74332.688,1048576,4,67568,1
opt_ood,log16,reuse_products,48,64,70157.547,1048576,3,67312,1
opt_ood,log16,vector_products,48,64,75262.375,1048576,4,67568,1
opt_ood,log16,production_blocked,48,64,75541.016,1048576,20,133328,1
opt_ood,log16,prepared_products,48,64,75792.312,1048576,4,67568,1
opt_ood,log16,indexed_products,49,64,77018.875,1048576,3,67312,1
opt_ood,log16,production_blocked,49,64,74762.375,1048576,20,133328,1
opt_ood,log16,vector_products,49,64,69705.078,1048576,4,67568,1
opt_ood,log16,collect_products,49,64,71694.016,1048576,4,67568,1
opt_ood,log16,prepared_products,49,64,66703.766,1048576,4,67568,1
opt_ood,log16,reuse_products,49,64,60086.578,1048576,3,67312,1
opt_ood,log16,prepared_products,50,64,67002.594,1048576,4,67568,1
opt_ood,log16,vector_products,50,64,64381.500,1048576,4,67568,1
opt_ood,log16,indexed_products,50,64,65132.172,1048576,3,67312,1
opt_ood,log16,collect_products,50,64,65415.375,1048576,4,67568,1
opt_ood,log16,reuse_products,50,64,61473.297,1048576,3,67312,1
opt_ood,log16,production_blocked,50,64,65733.078,1048576,20,133328,1
opt_ood,log16,collect_products,51,64,67906.250,1048576,4,67568,1
opt_ood,log16,reuse_products,51,64,63720.703,1048576,3,67312,1
opt_ood,log16,indexed_products,51,64,66477.203,1048576,3,67312,1
opt_ood,log16,prepared_products,51,64,64020.188,1048576,4,67568,1
opt_ood,log16,production_blocked,51,64,70372.391,1048576,20,133328,1
opt_ood,log16,vector_products,51,64,67629.562,1048576,4,67568,1
opt_ood,log16,production_blocked,52,64,65093.750,1048576,20,133328,1
opt_ood,log16,collect_products,52,64,65033.859,1048576,4,67568,1
opt_ood,log16,indexed_products,52,64,65162.750,1048576,3,67312,1
opt_ood,log16,prepared_products,52,64,68335.938,1048576,4,67568,1
opt_ood,log16,vector_products,52,64,70091.797,1048576,4,67568,1
opt_ood,log16,reuse_products,52,64,72581.391,1048576,3,67312,1
opt_ood,log16,production_blocked,53,64,72347.016,1048576,20,133328,1
opt_ood,log16,vector_products,53,64,70136.719,1048576,4,67568,1
opt_ood,log16,collect_products,53,64,69388.672,1048576,4,67568,1
opt_ood,log16,reuse_products,53,64,62335.281,1048576,3,67312,1
opt_ood,log16,indexed_products,53,64,64087.234,1048576,3,67312,1
opt_ood,log16,prepared_products,53,64,73105.469,1048576,4,67568,1
opt_ood,log16,collect_products,54,64,72226.562,1048576,4,67568,1
opt_ood,log16,indexed_products,54,64,69614.594,1048576,3,67312,1
opt_ood,log16,prepared_products,54,64,69591.141,1048576,4,67568,1
opt_ood,log16,production_blocked,54,64,66715.500,1048576,20,133328,1
opt_ood,log16,vector_products,54,64,67045.562,1048576,4,67568,1
opt_ood,log16,reuse_products,54,64,62768.875,1048576,3,67312,1
opt_ood,log16,reuse_products,55,64,59096.359,1048576,3,67312,1
opt_ood,log16,collect_products,55,64,67989.578,1048576,4,67568,1
opt_ood,log16,production_blocked,55,64,71944.656,1048576,20,133328,1
opt_ood,log16,prepared_products,55,64,75421.219,1048576,4,67568,1
opt_ood,log16,indexed_products,55,64,69156.250,1048576,3,67312,1
opt_ood,log16,vector_products,55,64,67973.312,1048576,4,67568,1
opt_ood,log16,collect_products,56,64,69161.453,1048576,4,67568,1
opt_ood,log16,reuse_products,56,64,58550.781,1048576,3,67312,1
opt_ood,log16,prepared_products,56,64,67601.562,1048576,4,67568,1
opt_ood,log16,production_blocked,56,64,66157.547,1048576,20,133328,1
opt_ood,log16,indexed_products,56,64,89582.031,1048576,3,67312,1
opt_ood,log16,vector_products,56,64,102860.672,1048576,4,67568,1
opt_ood,log16,production_blocked,57,64,111115.234,1048576,20,133328,1
opt_ood,log16,prepared_products,57,64,71155.594,1048576,4,67568,1
opt_ood,log16,reuse_products,57,64,63029.938,1048576,3,67312,1
opt_ood,log16,collect_products,57,64,73194.656,1048576,4,67568,1
opt_ood,log16,vector_products,57,64,73528.000,1048576,4,67568,1
opt_ood,log16,indexed_products,57,64,68897.781,1048576,3,67312,1
opt_ood,log16,indexed_products,58,64,68365.234,1048576,3,67312,1
opt_ood,log16,collect_products,58,64,65879.562,1048576,4,67568,1
opt_ood,log16,reuse_products,58,64,62742.844,1048576,3,67312,1
opt_ood,log16,production_blocked,58,64,67312.500,1048576,20,133328,1
opt_ood,log16,prepared_products,58,64,75016.281,1048576,4,67568,1
opt_ood,log16,vector_products,58,64,69164.703,1048576,4,67568,1
opt_ood,log16,prepared_products,59,64,69054.047,1048576,4,67568,1
opt_ood,log16,reuse_products,59,64,63909.516,1048576,3,67312,1
opt_ood,log16,production_blocked,59,64,73327.484,1048576,20,133328,1
opt_ood,log16,indexed_products,59,64,71461.594,1048576,3,67312,1
opt_ood,log16,collect_products,59,64,67779.938,1048576,4,67568,1
opt_ood,log16,vector_products,59,64,73423.172,1048576,4,67568,1
opt_ood,log16,prepared_products,60,64,71701.172,1048576,4,67568,1
opt_ood,log16,reuse_products,60,64,67578.781,1048576,3,67312,1
opt_ood,log16,production_blocked,60,64,68044.266,1048576,20,133328,1
opt_ood,log16,indexed_products,60,64,69832.031,1048576,3,67312,1
opt_ood,log16,vector_products,60,64,72157.547,1048576,4,67568,1
opt_ood,log16,collect_products,60,64,71000.641,1048576,4,67568,1
opt_ood,log16,indexed_products,61,64,70638.016,1048576,3,67312,1
opt_ood,log16,vector_products,61,64,71485.672,1048576,4,67568,1
opt_ood,log16,production_blocked,61,64,69797.531,1048576,20,133328,1
opt_ood,log16,collect_products,61,64,69903.641,1048576,4,67568,1
opt_ood,log16,reuse_products,61,64,66947.906,1048576,3,67312,1
opt_ood,log16,prepared_products,61,64,69764.969,1048576,4,67568,1
opt_ood,log16,reuse_products,62,64,65439.453,1048576,3,67312,1
opt_ood,log16,production_blocked,62,64,68537.766,1048576,20,133328,1
opt_ood,log16,indexed_products,62,64,69414.703,1048576,3,67312,1
opt_ood,log16,collect_products,62,64,72217.438,1048576,4,67568,1
opt_ood,log16,prepared_products,62,64,73846.344,1048576,4,67568,1
opt_ood,log16,vector_products,62,64,76457.031,1048576,4,67568,1
opt_ood,log16,prepared_products,63,64,69516.281,1048576,4,67568,1
opt_ood,log16,production_blocked,63,64,69103.516,1048576,20,133328,1
opt_ood,log16,collect_products,63,64,68827.469,1048576,4,67568,1
opt_ood,log16,vector_products,63,64,76576.812,1048576,4,67568,1
opt_ood,log16,reuse_products,63,64,62643.234,1048576,3,67312,1
opt_ood,log16,indexed_products,63,64,68881.516,1048576,3,67312,1
opt_ood,log18,prepared_products,0,16,261223.938,4194304,4,69104,1
opt_ood,log18,production_blocked,0,16,251862.000,4194304,22,135632,1
opt_ood,log18,collect_products,0,16,228299.438,4194304,4,69104,1
opt_ood,log18,vector_products,0,16,228492.188,4194304,4,69104,1
opt_ood,log18,indexed_products,0,16,237916.688,4194304,3,68080,1
opt_ood,log18,reuse_products,0,16,220205.750,4194304,3,68080,1
opt_ood,log18,collect_products,1,16,248807.250,4194304,4,69104,1
opt_ood,log18,production_blocked,1,16,255247.375,4194304,22,135632,1
opt_ood,log18,prepared_products,1,16,232755.250,4194304,4,69104,1
opt_ood,log18,vector_products,1,16,243138.000,4194304,4,69104,1
opt_ood,log18,reuse_products,1,16,211408.875,4194304,3,68080,1
opt_ood,log18,indexed_products,1,16,230072.875,4194304,3,68080,1
opt_ood,log18,vector_products,2,16,231213.500,4194304,4,69104,1
opt_ood,log18,production_blocked,2,16,248617.188,4194304,22,135632,1
opt_ood,log18,reuse_products,2,16,231302.062,4194304,3,68080,1
opt_ood,log18,indexed_products,2,16,252080.750,4194304,3,68080,1
opt_ood,log18,collect_products,2,16,254237.000,4194304,4,69104,1
opt_ood,log18,prepared_products,2,16,332661.438,4194304,4,69104,1
opt_ood,log18,reuse_products,3,16,207187.500,4194304,3,68080,1
opt_ood,log18,production_blocked,3,16,234132.812,4194304,22,135632,1
opt_ood,log18,indexed_products,3,16,237197.938,4194304,3,68080,1
opt_ood,log18,vector_products,3,16,238822.938,4194304,4,69104,1
opt_ood,log18,collect_products,3,16,244239.625,4194304,4,69104,1
opt_ood,log18,prepared_products,3,16,234296.875,4194304,4,69104,1
opt_ood,log18,vector_products,4,16,237507.812,4194304,4,69104,1
opt_ood,log18,collect_products,4,16,228036.438,4194304,4,69104,1
opt_ood,log18,prepared_products,4,16,242401.062,4194304,4,69104,1
opt_ood,log18,production_blocked,4,16,225869.750,4194304,22,135632,1
opt_ood,log18,indexed_products,4,16,230453.125,4194304,3,68080,1
opt_ood,log18,reuse_products,4,16,206221.312,4194304,3,68080,1
opt_ood,log18,production_blocked,5,16,252677.125,4194304,22,135632,1
opt_ood,log18,collect_products,5,16,228325.500,4194304,4,69104,1
opt_ood,log18,prepared_products,5,16,237523.438,4194304,4,69104,1
opt_ood,log18,indexed_products,5,16,233526.062,4194304,3,68080,1
opt_ood,log18,reuse_products,5,16,211411.438,4194304,3,68080,1
opt_ood,log18,vector_products,5,16,224914.062,4194304,4,69104,1
opt_ood,log18,production_blocked,6,16,243039.062,4194304,22,135632,1
opt_ood,log18,prepared_products,6,16,223419.250,4194304,4,69104,1
opt_ood,log18,indexed_products,6,16,228013.062,4194304,3,68080,1
opt_ood,log18,vector_products,6,16,230916.625,4194304,4,69104,1
opt_ood,log18,collect_products,6,16,230289.062,4194304,4,69104,1
opt_ood,log18,reuse_products,6,16,223265.625,4194304,3,68080,1
opt_ood,log18,vector_products,7,16,251841.125,4194304,4,69104,1
opt_ood,log18,prepared_products,7,16,229893.250,4194304,4,69104,1
opt_ood,log18,production_blocked,7,16,227617.188,4194304,22,135632,1
opt_ood,log18,indexed_products,7,16,241669.250,4194304,3,68080,1
opt_ood,log18,collect_products,7,16,238937.500,4194304,4,69104,1
opt_ood,log18,reuse_products,7,16,210789.062,4194304,3,68080,1
opt_ood,log18,collect_products,8,16,228742.188,4194304,4,69104,1
opt_ood,log18,indexed_products,8,16,228002.625,4194304,3,68080,1
opt_ood,log18,production_blocked,8,16,221867.188,4194304,22,135632,1
opt_ood,log18,prepared_products,8,16,242281.250,4194304,4,69104,1
opt_ood,log18,reuse_products,8,16,203656.250,4194304,3,68080,1
opt_ood,log18,vector_products,8,16,238140.625,4194304,4,69104,1
opt_ood,log18,prepared_products,9,16,232570.312,4194304,4,69104,1
opt_ood,log18,indexed_products,9,16,215218.750,4194304,3,68080,1
opt_ood,log18,reuse_products,9,16,201940.125,4194304,3,68080,1
opt_ood,log18,production_blocked,9,16,236849.000,4194304,22,135632,1
opt_ood,log18,vector_products,9,16,242421.875,4194304,4,69104,1
opt_ood,log18,collect_products,9,16,223096.375,4194304,4,69104,1
opt_ood,log18,production_blocked,10,16,227716.125,4194304,22,135632,1
opt_ood,log18,vector_products,10,16,234770.812,4194304,4,69104,1
opt_ood,log18,reuse_products,10,16,205135.438,4194304,3,68080,1
opt_ood,log18,collect_products,10,16,228552.125,4194304,4,69104,1
opt_ood,log18,prepared_products,10,16,222773.438,4194304,4,69104,1
opt_ood,log18,indexed_products,10,16,230536.500,4194304,3,68080,1
opt_ood,log18,prepared_products,11,16,238458.375,4194304,4,69104,1
opt_ood,log18,vector_products,11,16,230031.250,4194304,4,69104,1
opt_ood,log18,collect_products,11,16,221130.188,4194304,4,69104,1
opt_ood,log18,indexed_products,11,16,228929.688,4194304,3,68080,1
opt_ood,log18,reuse_products,11,16,203604.188,4194304,3,68080,1
opt_ood,log18,production_blocked,11,16,223096.375,4194304,22,135632,1
opt_ood,log18,reuse_products,12,16,214580.688,4194304,3,68080,1
opt_ood,log18,collect_products,12,16,232289.062,4194304,4,69104,1
opt_ood,log18,prepared_products,12,16,220106.812,4194304,4,69104,1
opt_ood,log18,indexed_products,12,16,242398.438,4194304,3,68080,1
opt_ood,log18,production_blocked,12,16,243169.250,4194304,22,135632,1
opt_ood,log18,vector_products,12,16,241898.438,4194304,4,69104,1
opt_ood,log18,indexed_products,13,16,228796.875,4194304,3,68080,1
opt_ood,log18,production_blocked,13,16,224070.312,4194304,22,135632,1
opt_ood,log18,vector_products,13,16,225942.688,4194304,4,69104,1
opt_ood,log18,collect_products,13,16,224388.062,4194304,4,69104,1
opt_ood,log18,prepared_products,13,16,220179.688,4194304,4,69104,1
opt_ood,log18,reuse_products,13,16,204224.000,4194304,3,68080,1
opt_ood,log18,reuse_products,14,16,199028.625,4194304,3,68080,1
opt_ood,log18,indexed_products,14,16,227078.125,4194304,3,68080,1
opt_ood,log18,collect_products,14,16,232643.188,4194304,4,69104,1
opt_ood,log18,vector_products,14,16,226192.688,4194304,4,69104,1
opt_ood,log18,prepared_products,14,16,245437.500,4194304,4,69104,1
opt_ood,log18,production_blocked,14,16,234549.500,4194304,22,135632,1
opt_ood,log18,indexed_products,15,16,236992.188,4194304,3,68080,1
opt_ood,log18,collect_products,15,16,230338.500,4194304,4,69104,1
opt_ood,log18,prepared_products,15,16,233739.562,4194304,4,69104,1
opt_ood,log18,vector_products,15,16,229843.750,4194304,4,69104,1
opt_ood,log18,production_blocked,15,16,235682.312,4194304,22,135632,1
opt_ood,log18,reuse_products,15,16,214828.125,4194304,3,68080,1
opt_ood,log18,vector_products,16,16,225507.812,4194304,4,69104,1
opt_ood,log18,collect_products,16,16,224640.625,4194304,4,69104,1
opt_ood,log18,reuse_products,16,16,222971.375,4194304,3,68080,1
opt_ood,log18,prepared_products,16,16,243109.375,4194304,4,69104,1
opt_ood,log18,production_blocked,16,16,227190.125,4194304,22,135632,1
opt_ood,log18,indexed_products,16,16,233695.312,4194304,3,68080,1
opt_ood,log18,prepared_products,17,16,221776.000,4194304,4,69104,1
opt_ood,log18,production_blocked,17,16,237242.188,4194304,22,135632,1
opt_ood,log18,indexed_products,17,16,221044.250,4194304,3,68080,1
opt_ood,log18,collect_products,17,16,221700.562,4194304,4,69104,1
opt_ood,log18,reuse_products,17,16,199979.188,4194304,3,68080,1
opt_ood,log18,vector_products,17,16,224257.812,4194304,4,69104,1
opt_ood,log18,collect_products,18,16,222997.438,4194304,4,69104,1
opt_ood,log18,prepared_products,18,16,219484.375,4194304,4,69104,1
opt_ood,log18,reuse_products,18,16,193184.875,4194304,3,68080,1
opt_ood,log18,indexed_products,18,16,220398.438,4194304,3,68080,1
opt_ood,log18,production_blocked,18,16,236981.812,4194304,22,135632,1
opt_ood,log18,vector_products,18,16,237677.125,4194304,4,69104,1
opt_ood,log18,prepared_products,19,16,232617.188,4194304,4,69104,1
opt_ood,log18,indexed_products,19,16,225541.688,4194304,3,68080,1
opt_ood,log18,vector_products,19,16,223656.250,4194304,4,69104,1
opt_ood,log18,collect_products,19,16,228447.875,4194304,4,69104,1
opt_ood,log18,reuse_products,19,16,201080.750,4194304,3,68080,1
opt_ood,log18,production_blocked,19,16,216914.062,4194304,22,135632,1
opt_ood,log18,indexed_products,20,16,222252.562,4194304,3,68080,1
opt_ood,log18,prepared_products,20,16,239903.688,4194304,4,69104,1
opt_ood,log18,collect_products,20,16,233802.125,4194304,4,69104,1
opt_ood,log18,vector_products,20,16,232471.312,4194304,4,69104,1
opt_ood,log18,production_blocked,20,16,232846.375,4194304,22,135632,1
opt_ood,log18,reuse_products,20,16,199817.688,4194304,3,68080,1
opt_ood,log18,production_blocked,21,16,237497.375,4194304,22,135632,1
opt_ood,log18,reuse_products,21,16,199075.562,4194304,3,68080,1
opt_ood,log18,indexed_products,21,16,220421.875,4194304,3,68080,1
opt_ood,log18,vector_products,21,16,235908.812,4194304,4,69104,1
opt_ood,log18,prepared_products,21,16,225265.625,4194304,4,69104,1
opt_ood,log18,collect_products,21,16,218737.000,4194304,4,69104,1
opt_ood,log18,vector_products,22,16,220536.438,4194304,4,69104,1
opt_ood,log18,indexed_products,22,16,217994.750,4194304,3,68080,1
opt_ood,log18,collect_products,22,16,219341.188,4194304,4,69104,1
opt_ood,log18,production_blocked,22,16,234083.312,4194304,22,135632,1
opt_ood,log18,prepared_products,22,16,222927.125,4194304,4,69104,1
opt_ood,log18,reuse_products,22,16,193632.812,4194304,3,68080,1
opt_ood,log18,vector_products,23,16,237669.312,4194304,4,69104,1
opt_ood,log18,production_blocked,23,16,225408.875,4194304,22,135632,1
opt_ood,log18,indexed_products,23,16,223289.062,4194304,3,68080,1
opt_ood,log18,collect_products,23,16,226020.812,4194304,4,69104,1
opt_ood,log18,reuse_products,23,16,206476.562,4194304,3,68080,1
opt_ood,log18,prepared_products,23,16,229679.688,4194304,4,69104,1
opt_ood,log18,production_blocked,24,16,226242.188,4194304,22,135632,1
opt_ood,log18,vector_products,24,16,232497.375,4194304,4,69104,1
opt_ood,log18,reuse_products,24,16,196098.938,4194304,3,68080,1
opt_ood,log18,collect_products,24,16,234364.625,4194304,4,69104,1
opt_ood,log18,prepared_products,24,16,224250.000,4194304,4,69104,1
opt_ood,log18,indexed_products,24,16,235338.500,4194304,3,68080,1
opt_ood,log18,prepared_products,25,16,218356.812,4194304,4,69104,1
opt_ood,log18,production_blocked,25,16,221112.000,4194304,22,135632,1
opt_ood,log18,indexed_products,25,16,234065.125,4194304,3,68080,1
opt_ood,log18,vector_products,25,16,228325.562,4194304,4,69104,1
opt_ood,log18,collect_products,25,16,223406.250,4194304,4,69104,1
opt_ood,log18,reuse_products,25,16,199557.312,4194304,3,68080,1
opt_ood,log18,production_blocked,26,16,222549.438,4194304,22,135632,1
opt_ood,log18,collect_products,26,16,226497.438,4194304,4,69104,1
opt_ood,log18,reuse_products,26,16,209627.625,4194304,3,68080,1
opt_ood,log18,indexed_products,26,16,225846.375,4194304,3,68080,1
opt_ood,log18,prepared_products,26,16,214541.688,4194304,4,69104,1
opt_ood,log18,vector_products,26,16,228005.250,4194304,4,69104,1
opt_ood,log18,production_blocked,27,16,222828.125,4194304,22,135632,1
opt_ood,log18,vector_products,27,16,232213.562,4194304,4,69104,1
opt_ood,log18,prepared_products,27,16,223822.938,4194304,4,69104,1
opt_ood,log18,indexed_products,27,16,217289.062,4194304,3,68080,1
opt_ood,log18,reuse_products,27,16,203627.625,4194304,3,68080,1
opt_ood,log18,collect_products,27,16,218841.125,4194304,4,69104,1
opt_ood,log18,reuse_products,28,16,192533.875,4194304,3,68080,1
opt_ood,log18,production_blocked,28,16,234190.125,4194304,22,135632,1
opt_ood,log18,indexed_products,28,16,213250.000,4194304,3,68080,1
opt_ood,log18,collect_products,28,16,222947.938,4194304,4,69104,1
opt_ood,log18,prepared_products,28,16,218033.812,4194304,4,69104,1
opt_ood,log18,vector_products,28,16,221968.750,4194304,4,69104,1
opt_ood,log18,collect_products,29,16,221627.625,4194304,4,69104,1
opt_ood,log18,production_blocked,29,16,228648.438,4194304,22,135632,1
opt_ood,log18,prepared_products,29,16,226122.375,4194304,4,69104,1
opt_ood,log18,reuse_products,29,16,197039.062,4194304,3,68080,1
opt_ood,log18,indexed_products,29,16,222250.000,4194304,3,68080,1
opt_ood,log18,vector_products,29,16,217612.000,4194304,4,69104,1
opt_ood,log18,indexed_products,30,16,228927.062,4194304,3,68080,1
opt_ood,log18,vector_products,30,16,239239.625,4194304,4,69104,1
opt_ood,log18,collect_products,30,16,220416.688,4194304,4,69104,1
opt_ood,log18,prepared_products,30,16,228828.125,4194304,4,69104,1
opt_ood,log18,reuse_products,30,16,202682.312,4194304,3,68080,1
opt_ood,log18,production_blocked,30,16,227359.375,4194304,22,135632,1
opt_ood,log18,vector_products,31,16,220205.750,4194304,4,69104,1
opt_ood,log18,prepared_products,31,16,218377.562,4194304,4,69104,1
opt_ood,log18,production_blocked,31,16,231554.688,4194304,22,135632,1
opt_ood,log18,collect_products,31,16,215125.000,4194304,4,69104,1
opt_ood,log18,indexed_products,31,16,225862.000,4194304,3,68080,1
opt_ood,log18,reuse_products,31,16,198575.500,4194304,3,68080,1
opt_ood,log18,prepared_products,32,16,221291.688,4194304,4,69104,1
opt_ood,log18,collect_products,32,16,213570.312,4194304,4,69104,1
opt_ood,log18,indexed_products,32,16,212440.125,4194304,3,68080,1
opt_ood,log18,production_blocked,32,16,225796.875,4194304,22,135632,1
opt_ood,log18,vector_products,32,16,215593.750,4194304,4,69104,1
opt_ood,log18,reuse_products,32,16,197567.688,4194304,3,68080,1
opt_ood,log18,vector_products,33,16,217898.438,4194304,4,69104,1
opt_ood,log18,collect_products,33,16,217877.562,4194304,4,69104,1
opt_ood,log18,production_blocked,33,16,217544.250,4194304,22,135632,1
opt_ood,log18,prepared_products,33,16,213721.375,4194304,4,69104,1
opt_ood,log18,indexed_products,33,16,225940.125,4194304,3,68080,1
opt_ood,log18,reuse_products,33,16,209257.812,4194304,3,68080,1
opt_ood,log18,prepared_products,34,16,219260.438,4194304,4,69104,1
opt_ood,log18,collect_products,34,16,214359.375,4194304,4,69104,1
opt_ood,log18,vector_products,34,16,217502.625,4194304,4,69104,1
opt_ood,log18,production_blocked,34,16,222304.688,4194304,22,135632,1
opt_ood,log18,indexed_products,34,16,228132.812,4194304,3,68080,1
opt_ood,log18,reuse_products,34,16,197768.188,4194304,3,68080,1
opt_ood,log18,collect_products,35,16,228494.812,4194304,4,69104,1
opt_ood,log18,reuse_products,35,16,204934.875,4194304,3,68080,1
opt_ood,log18,prepared_products,35,16,213994.750,4194304,4,69104,1
opt_ood,log18,vector_products,35,16,218875.000,4194304,4,69104,1
opt_ood,log18,production_blocked,35,16,226929.688,4194304,22,135632,1
opt_ood,log18,indexed_products,35,16,216825.500,4194304,3,68080,1
opt_ood,log18,reuse_products,36,16,208216.188,4194304,3,68080,1
opt_ood,log18,collect_products,36,16,216953.125,4194304,4,69104,1
opt_ood,log18,indexed_products,36,16,217078.125,4194304,3,68080,1
opt_ood,log18,vector_products,36,16,229197.938,4194304,4,69104,1
opt_ood,log18,production_blocked,36,16,226609.375,4194304,22,135632,1
opt_ood,log18,prepared_products,36,16,222841.125,4194304,4,69104,1
opt_ood,log18,collect_products,37,16,214244.750,4194304,4,69104,1
opt_ood,log18,prepared_products,37,16,220091.188,4194304,4,69104,1
opt_ood,log18,reuse_products,37,16,192526.062,4194304,3,68080,1
opt_ood,log18,production_blocked,37,16,217471.312,4194304,22,135632,1
opt_ood,log18,indexed_products,37,16,216966.125,4194304,3,68080,1
opt_ood,log18,vector_products,37,16,213789.062,4194304,4,69104,1
opt_ood,log18,indexed_products,38,16,218809.938,4194304,3,68080,1
opt_ood,log18,prepared_products,38,16,213338.562,4194304,4,69104,1
opt_ood,log18,production_blocked,38,16,223059.938,4194304,22,135632,1
opt_ood,log18,vector_products,38,16,218299.438,4194304,4,69104,1
opt_ood,log18,reuse_products,38,16,191617.188,4194304,3,68080,1
opt_ood,log18,collect_products,38,16,227411.438,4194304,4,69104,1
opt_ood,log18,vector_products,39,16,220260.438,4194304,4,69104,1
opt_ood,log18,indexed_products,39,16,220611.938,4194304,3,68080,1
opt_ood,log18,prepared_products,39,16,215963.500,4194304,4,69104,1
opt_ood,log18,collect_products,39,16,214955.750,4194304,4,69104,1
opt_ood,log18,reuse_products,39,16,201184.875,4194304,3,68080,1
opt_ood,log18,production_blocked,39,16,219484.375,4194304,22,135632,1
opt_ood,log18,indexed_products,40,16,225093.750,4194304,3,68080,1
opt_ood,log18,reuse_products,40,16,194869.750,4194304,3,68080,1
opt_ood,log18,vector_products,40,16,222596.312,4194304,4,69104,1
opt_ood,log18,production_blocked,40,16,221460.938,4194304,22,135632,1
opt_ood,log18,collect_products,40,16,213177.062,4194304,4,69104,1
opt_ood,log18,prepared_products,40,16,218562.500,4194304,4,69104,1
opt_ood,log18,vector_products,41,16,231406.250,4194304,4,69104,1
opt_ood,log18,production_blocked,41,16,230992.188,4194304,22,135632,1
opt_ood,log18,reuse_products,41,16,204703.125,4194304,3,68080,1
opt_ood,log18,indexed_products,41,16,216835.938,4194304,3,68080,1
opt_ood,log18,prepared_products,41,16,220992.188,4194304,4,69104,1
opt_ood,log18,collect_products,41,16,235026.000,4194304,4,69104,1
opt_ood,log18,reuse_products,42,16,205661.438,4194304,3,68080,1
opt_ood,log18,collect_products,42,16,213065.125,4194304,4,69104,1
opt_ood,log18,prepared_products,42,16,217768.250,4194304,4,69104,1
opt_ood,log18,production_blocked,42,16,221070.312,4194304,22,135632,1
opt_ood,log18,vector_products,42,16,231182.250,4194304,4,69104,1
opt_ood,log18,indexed_products,42,16,222312.500,4194304,3,68080,1
opt_ood,log18,vector_products,43,16,217752.562,4194304,4,69104,1
opt_ood,log18,indexed_products,43,16,216507.812,4194304,3,68080,1
opt_ood,log18,production_blocked,43,16,218705.688,4194304,22,135632,1
opt_ood,log18,prepared_products,43,16,237101.562,4194304,4,69104,1
opt_ood,log18,collect_products,43,16,222158.875,4194304,4,69104,1
opt_ood,log18,reuse_products,43,16,198028.625,4194304,3,68080,1
opt_ood,log18,production_blocked,44,16,225677.062,4194304,22,135632,1
opt_ood,log18,indexed_products,44,16,226541.625,4194304,3,68080,1
opt_ood,log18,vector_products,44,16,235710.938,4194304,4,69104,1
opt_ood,log18,prepared_products,44,16,214013.000,4194304,4,69104,1
opt_ood,log18,collect_products,44,16,228544.250,4194304,4,69104,1
opt_ood,log18,reuse_products,44,16,199575.562,4194304,3,68080,1
opt_ood,log18,collect_products,45,16,226552.062,4194304,4,69104,1
opt_ood,log18,production_blocked,45,16,229656.250,4194304,22,135632,1
opt_ood,log18,prepared_products,45,16,224424.500,4194304,4,69104,1
opt_ood,log18,vector_products,45,16,224393.188,4194304,4,69104,1
opt_ood,log18,indexed_products,45,16,229398.438,4194304,3,68080,1
opt_ood,log18,reuse_products,45,16,216197.938,4194304,3,68080,1
opt_ood,log18,production_blocked,46,16,235971.375,4194304,22,135632,1
opt_ood,log18,prepared_products,46,16,229856.750,4194304,4,69104,1
opt_ood,log18,indexed_products,46,16,228351.562,4194304,3,68080,1
opt_ood,log18,reuse_products,46,16,201007.812,4194304,3,68080,1
opt_ood,log18,vector_products,46,16,235234.375,4194304,4,69104,1
opt_ood,log18,collect_products,46,16,232031.250,4194304,4,69104,1
opt_ood,log18,reuse_products,47,16,211041.625,4194304,3,68080,1
opt_ood,log18,prepared_products,47,16,222187.500,4194304,4,69104,1
opt_ood,log18,vector_products,47,16,224664.062,4194304,4,69104,1
opt_ood,log18,production_blocked,47,16,244328.125,4194304,22,135632,1
opt_ood,log18,collect_products,47,16,226523.438,4194304,4,69104,1
opt_ood,log18,indexed_products,47,16,228846.375,4194304,3,68080,1
opt_ood,log18,collect_products,48,16,224572.938,4194304,4,69104,1
opt_ood,log18,vector_products,48,16,231609.375,4194304,4,69104,1
opt_ood,log18,prepared_products,48,16,242981.750,4194304,4,69104,1
opt_ood,log18,production_blocked,48,16,241585.938,4194304,22,135632,1
opt_ood,log18,indexed_products,48,16,234679.688,4194304,3,68080,1
opt_ood,log18,reuse_products,48,16,226398.438,4194304,3,68080,1
opt_ood,log18,prepared_products,49,16,257539.062,4194304,4,69104,1
opt_ood,log18,collect_products,49,16,246380.188,4194304,4,69104,1
opt_ood,log18,production_blocked,49,16,225927.062,4194304,22,135632,1
opt_ood,log18,indexed_products,49,16,227921.875,4194304,3,68080,1
opt_ood,log18,reuse_products,49,16,216640.625,4194304,3,68080,1
opt_ood,log18,vector_products,49,16,254567.688,4194304,4,69104,1
opt_ood,log18,reuse_products,50,16,221304.688,4194304,3,68080,1
opt_ood,log18,prepared_products,50,16,232752.625,4194304,4,69104,1
opt_ood,log18,vector_products,50,16,229882.812,4194304,4,69104,1
opt_ood,log18,production_blocked,50,16,237497.438,4194304,22,135632,1
opt_ood,log18,collect_products,50,16,229445.312,4194304,4,69104,1
opt_ood,log18,indexed_products,50,16,247765.625,4194304,3,68080,1
opt_ood,log18,prepared_products,51,16,237085.938,4194304,4,69104,1
opt_ood,log18,vector_products,51,16,242570.312,4194304,4,69104,1
opt_ood,log18,indexed_products,51,16,229125.000,4194304,3,68080,1
opt_ood,log18,reuse_products,51,16,222630.188,4194304,3,68080,1
opt_ood,log18,collect_products,51,16,227218.750,4194304,4,69104,1
opt_ood,log18,production_blocked,51,16,234466.188,4194304,22,135632,1
opt_ood,log18,vector_products,52,16,237476.562,4194304,4,69104,1
opt_ood,log18,indexed_products,52,16,233424.500,4194304,3,68080,1
opt_ood,log18,prepared_products,52,16,225606.750,4194304,4,69104,1
opt_ood,log18,production_blocked,52,16,225302.062,4194304,22,135632,1
opt_ood,log18,reuse_products,52,16,216364.562,4194304,3,68080,1
opt_ood,log18,collect_products,52,16,243145.812,4194304,4,69104,1
opt_ood,log18,prepared_products,53,16,224083.375,4194304,4,69104,1
opt_ood,log18,indexed_products,53,16,230403.625,4194304,3,68080,1
opt_ood,log18,reuse_products,53,16,224330.688,4194304,3,68080,1
opt_ood,log18,collect_products,53,16,236109.375,4194304,4,69104,1
opt_ood,log18,production_blocked,53,16,249250.000,4194304,22,135632,1
opt_ood,log18,vector_products,53,16,235723.938,4194304,4,69104,1
opt_ood,log18,vector_products,54,16,241544.250,4194304,4,69104,1
opt_ood,log18,production_blocked,54,16,233213.500,4194304,22,135632,1
opt_ood,log18,prepared_products,54,16,223601.562,4194304,4,69104,1
opt_ood,log18,collect_products,54,16,230804.688,4194304,4,69104,1
opt_ood,log18,indexed_products,54,16,232776.062,4194304,3,68080,1
opt_ood,log18,reuse_products,54,16,202578.125,4194304,3,68080,1
opt_ood,log18,production_blocked,55,16,220591.188,4194304,22,135632,1
opt_ood,log18,collect_products,55,16,219328.125,4194304,4,69104,1
opt_ood,log18,vector_products,55,16,228601.562,4194304,4,69104,1
opt_ood,log18,reuse_products,55,16,200890.625,4194304,3,68080,1
opt_ood,log18,prepared_products,55,16,227010.438,4194304,4,69104,1
opt_ood,log18,indexed_products,55,16,224987.000,4194304,3,68080,1
opt_ood,log18,production_blocked,56,16,240187.500,4194304,22,135632,1
opt_ood,log18,reuse_products,56,16,200583.375,4194304,3,68080,1
opt_ood,log18,prepared_products,56,16,224388.000,4194304,4,69104,1
opt_ood,log18,indexed_products,56,16,231010.375,4194304,3,68080,1
opt_ood,log18,vector_products,56,16,225039.062,4194304,4,69104,1
opt_ood,log18,collect_products,56,16,220536.438,4194304,4,69104,1
opt_ood,log18,indexed_products,57,16,218255.188,4194304,3,68080,1
opt_ood,log18,collect_products,57,16,213440.125,4194304,4,69104,1
opt_ood,log18,vector_products,57,16,221106.750,4194304,4,69104,1
opt_ood,log18,reuse_products,57,16,198471.375,4194304,3,68080,1
opt_ood,log18,production_blocked,57,16,221304.688,4194304,22,135632,1
opt_ood,log18,prepared_products,57,16,217851.562,4194304,4,69104,1
opt_ood,log18,vector_products,58,16,219632.812,4194304,4,69104,1
opt_ood,log18,prepared_products,58,16,216981.750,4194304,4,69104,1
opt_ood,log18,indexed_products,58,16,219395.875,4194304,3,68080,1
opt_ood,log18,collect_products,58,16,219148.438,4194304,4,69104,1
opt_ood,log18,reuse_products,58,16,201174.500,4194304,3,68080,1
opt_ood,log18,production_blocked,58,16,224179.688,4194304,22,135632,1
opt_ood,log18,collect_products,59,16,224005.250,4194304,4,69104,1
opt_ood,log18,prepared_products,59,16,228554.688,4194304,4,69104,1
opt_ood,log18,reuse_products,59,16,197416.688,4194304,3,68080,1
opt_ood,log18,vector_products,59,16,223820.312,4194304,4,69104,1
opt_ood,log18,indexed_products,59,16,218835.938,4194304,3,68080,1
opt_ood,log18,production_blocked,59,16,224487.000,4194304,22,135632,1
opt_ood,log18,indexed_products,60,16,211885.438,4194304,3,68080,1
opt_ood,log18,production_blocked,60,16,227721.375,4194304,22,135632,1
opt_ood,log18,prepared_products,60,16,221429.688,4194304,4,69104,1
opt_ood,log18,collect_products,60,16,213708.375,4194304,4,69104,1
opt_ood,log18,reuse_products,60,16,197406.250,4194304,3,68080,1
opt_ood,log18,vector_products,60,16,222200.500,4194304,4,69104,1
opt_ood,log18,collect_products,61,16,224234.375,4194304,4,69104,1
opt_ood,log18,production_blocked,61,16,229041.688,4194304,22,135632,1
opt_ood,log18,prepared_products,61,16,213398.438,4194304,4,69104,1
opt_ood,log18,vector_products,61,16,228731.750,4194304,4,69104,1
opt_ood,log18,indexed_products,61,16,227122.438,4194304,3,68080,1
opt_ood,log18,reuse_products,61,16,209687.500,4194304,3,68080,1
opt_ood,log18,prepared_products,62,16,216281.250,4194304,4,69104,1
opt_ood,log18,reuse_products,62,16,206182.312,4194304,3,68080,1
opt_ood,log18,vector_products,62,16,218671.875,4194304,4,69104,1
opt_ood,log18,production_blocked,62,16,223992.188,4194304,22,135632,1
opt_ood,log18,collect_products,62,16,230437.500,4194304,4,69104,1
opt_ood,log18,indexed_products,62,16,214976.562,4194304,3,68080,1
opt_ood,log18,vector_products,63,16,222864.562,4194304,4,69104,1
opt_ood,log18,production_blocked,63,16,226463.500,4194304,22,135632,1
opt_ood,log18,reuse_products,63,16,197281.250,4194304,3,68080,1
opt_ood,log18,collect_products,63,16,225218.750,4194304,4,69104,1
opt_ood,log18,prepared_products,63,16,223500.000,4194304,4,69104,1
opt_ood,log18,indexed_products,63,16,226768.188,4194304,3,68080,1
opt_ntt,log16_lanes32,production,0,1,23947250.000,100663296,1,1520,1
opt_ntt,log16_lanes32,half_depth,0,1,22490000.000,100663296,0,0,1
opt_ntt,log16_lanes32,tiled_half,0,1,20975750.000,100663296,0,0,1
opt_ntt,log16_lanes32,depth_first,0,1,22601625.000,100663296,0,0,1
opt_ntt,log16_lanes32,half_depth,1,1,21242292.000,100663296,0,0,1
opt_ntt,log16_lanes32,depth_first,1,1,23124917.000,100663296,0,0,1
opt_ntt,log16_lanes32,tiled_half,1,1,21992500.000,100663296,0,0,1
opt_ntt,log16_lanes32,production,1,1,23662042.000,100663296,1,1520,1
opt_ntt,log16_lanes32,production,2,1,24086417.000,100663296,1,1520,1
opt_ntt,log16_lanes32,tiled_half,2,1,20760041.000,100663296,0,0,1
opt_ntt,log16_lanes32,half_depth,2,1,20667375.000,100663296,0,0,1
opt_ntt,log16_lanes32,depth_first,2,1,22183083.000,100663296,0,0,1
opt_ntt,log16_lanes32,tiled_half,3,1,21339959.000,100663296,0,0,1
opt_ntt,log16_lanes32,production,3,1,24181666.000,100663296,1,1520,1
opt_ntt,log16_lanes32,half_depth,3,1,21127209.000,100663296,0,0,1
opt_ntt,log16_lanes32,depth_first,3,1,23224500.000,100663296,0,0,1
opt_ntt,log16_lanes32,half_depth,4,1,21052542.000,100663296,0,0,1
opt_ntt,log16_lanes32,depth_first,4,1,22901708.000,100663296,0,0,1
opt_ntt,log16_lanes32,tiled_half,4,1,22262625.000,100663296,0,0,1
opt_ntt,log16_lanes32,production,4,1,23805834.000,100663296,1,1520,1
opt_ntt,log16_lanes32,half_depth,5,1,20992667.000,100663296,0,0,1
opt_ntt,log16_lanes32,production,5,1,23680583.000,100663296,1,1520,1
opt_ntt,log16_lanes32,tiled_half,5,1,20734500.000,100663296,0,0,1
opt_ntt,log16_lanes32,depth_first,5,1,23055000.000,100663296,0,0,1
opt_ntt,log16_lanes32,depth_first,6,1,22177042.000,100663296,0,0,1
opt_ntt,log16_lanes32,production,6,1,24070041.000,100663296,1,1520,1
opt_ntt,log16_lanes32,tiled_half,6,1,21377708.000,100663296,0,0,1
opt_ntt,log16_lanes32,half_depth,6,1,20605625.000,100663296,0,0,1
opt_ntt,log16_lanes32,depth_first,7,1,22156375.000,100663296,0,0,1
opt_ntt,log16_lanes32,production,7,1,24140709.000,100663296,1,1520,1
opt_ntt,log16_lanes32,tiled_half,7,1,21565750.000,100663296,0,0,1
opt_ntt,log16_lanes32,half_depth,7,1,20962625.000,100663296,0,0,1
opt_ntt,log16_lanes32,tiled_half,8,1,20859334.000,100663296,0,0,1
opt_ntt,log16_lanes32,half_depth,8,1,20245291.000,100663296,0,0,1
opt_ntt,log16_lanes32,production,8,1,23425000.000,100663296,1,1520,1
opt_ntt,log16_lanes32,depth_first,8,1,23378083.000,100663296,0,0,1
opt_ntt,log16_lanes32,tiled_half,9,1,21309542.000,100663296,0,0,1
opt_ntt,log16_lanes32,half_depth,9,1,21648041.000,100663296,0,0,1
opt_ntt,log16_lanes32,production,9,1,23843041.000,100663296,1,1520,1
opt_ntt,log16_lanes32,depth_first,9,1,22399542.000,100663296,0,0,1
opt_ntt,log16_lanes32,half_depth,10,1,20387333.000,100663296,0,0,1
opt_ntt,log16_lanes32,tiled_half,10,1,20320500.000,100663296,0,0,1
opt_ntt,log16_lanes32,production,10,1,23851458.000,100663296,1,1520,1
opt_ntt,log16_lanes32,depth_first,10,1,22842916.000,100663296,0,0,1
opt_ntt,log16_lanes32,depth_first,11,1,22404167.000,100663296,0,0,1
opt_ntt,log16_lanes32,tiled_half,11,1,20236750.000,100663296,0,0,1
opt_ntt,log16_lanes32,production,11,1,23444917.000,100663296,1,1520,1
opt_ntt,log16_lanes32,half_depth,11,1,21125000.000,100663296,0,0,1
opt_ntt,log16_lanes32,tiled_half,12,1,21044042.000,100663296,0,0,1
opt_ntt,log16_lanes32,half_depth,12,1,20744584.000,100663296,0,0,1
opt_ntt,log16_lanes32,production,12,1,23619125.000,100663296,1,1520,1
opt_ntt,log16_lanes32,depth_first,12,1,23031417.000,100663296,0,0,1
opt_ntt,log16_lanes32,depth_first,13,1,22414917.000,100663296,0,0,1
opt_ntt,log16_lanes32,half_depth,13,1,21107250.000,100663296,0,0,1
opt_ntt,log16_lanes32,production,13,1,25643459.000,100663296,1,1520,1
opt_ntt,log16_lanes32,tiled_half,13,1,21474958.000,100663296,0,0,1
opt_ntt,log16_lanes32,tiled_half,14,1,21715209.000,100663296,0,0,1
opt_ntt,log16_lanes32,half_depth,14,1,20451500.000,100663296,0,0,1
opt_ntt,log16_lanes32,depth_first,14,1,22139541.000,100663296,0,0,1
opt_ntt,log16_lanes32,production,14,1,24004833.000,100663296,1,1520,1
opt_ntt,log16_lanes32,tiled_half,15,1,21110792.000,100663296,0,0,1
opt_ntt,log16_lanes32,production,15,1,24140666.000,100663296,1,1520,1
opt_ntt,log16_lanes32,depth_first,15,1,21914625.000,100663296,0,0,1
opt_ntt,log16_lanes32,half_depth,15,1,20286458.000,100663296,0,0,1
opt_ntt,log16_lanes32,half_depth,16,1,20379083.000,100663296,0,0,1
opt_ntt,log16_lanes32,tiled_half,16,1,20451208.000,100663296,0,0,1
opt_ntt,log16_lanes32,production,16,1,24086167.000,100663296,1,1520,1
opt_ntt,log16_lanes32,depth_first,16,1,21969042.000,100663296,0,0,1
opt_ntt,log16_lanes32,production,17,1,23453291.000,100663296,1,1520,1
opt_ntt,log16_lanes32,half_depth,17,1,21106709.000,100663296,0,0,1
opt_ntt,log16_lanes32,depth_first,17,1,21975750.000,100663296,0,0,1
opt_ntt,log16_lanes32,tiled_half,17,1,20409708.000,100663296,0,0,1
opt_ntt,log16_lanes32,half_depth,18,1,20367667.000,100663296,0,0,1
opt_ntt,log16_lanes32,production,18,1,23707916.000,100663296,1,1520,1
opt_ntt,log16_lanes32,tiled_half,18,1,22137750.000,100663296,0,0,1
opt_ntt,log16_lanes32,depth_first,18,1,22882875.000,100663296,0,0,1
opt_ntt,log16_lanes32,depth_first,19,1,21928167.000,100663296,0,0,1
opt_ntt,log16_lanes32,tiled_half,19,1,20487667.000,100663296,0,0,1
opt_ntt,log16_lanes32,production,19,1,23707375.000,100663296,1,1520,1
opt_ntt,log16_lanes32,half_depth,19,1,20398833.000,100663296,0,0,1
opt_ntt,log16_lanes32,depth_first,20,1,21825958.000,100663296,0,0,1
opt_ntt,log16_lanes32,half_depth,20,1,20213333.000,100663296,0,0,1
opt_ntt,log16_lanes32,production,20,1,23836542.000,100663296,1,1520,1
opt_ntt,log16_lanes32,tiled_half,20,1,21427750.000,100663296,0,0,1
opt_ntt,log16_lanes32,depth_first,21,1,23299959.000,100663296,0,0,1
opt_ntt,log16_lanes32,half_depth,21,1,21145708.000,100663296,0,0,1
opt_ntt,log16_lanes32,tiled_half,21,1,21085917.000,100663296,0,0,1
opt_ntt,log16_lanes32,production,21,1,23532875.000,100663296,1,1520,1
opt_ntt,log16_lanes32,tiled_half,22,1,20787833.000,100663296,0,0,1
opt_ntt,log16_lanes32,production,22,1,23924708.000,100663296,1,1520,1
opt_ntt,log16_lanes32,depth_first,22,1,22571667.000,100663296,0,0,1
opt_ntt,log16_lanes32,half_depth,22,1,20760834.000,100663296,0,0,1
opt_ntt,log16_lanes32,half_depth,23,1,20240125.000,100663296,0,0,1
opt_ntt,log16_lanes32,tiled_half,23,1,20323959.000,100663296,0,0,1
opt_ntt,log16_lanes32,depth_first,23,1,21963542.000,100663296,0,0,1
opt_ntt,log16_lanes32,production,23,1,23519333.000,100663296,1,1520,1
opt_ntt,log16_lanes32,half_depth,24,1,21223333.000,100663296,0,0,1
opt_ntt,log16_lanes32,production,24,1,24217167.000,100663296,1,1520,1
opt_ntt,log16_lanes32,tiled_half,24,1,20863041.000,100663296,0,0,1
opt_ntt,log16_lanes32,depth_first,24,1,22639042.000,100663296,0,0,1
opt_ntt,log16_lanes32,depth_first,25,1,23039084.000,100663296,0,0,1
opt_ntt,log16_lanes32,tiled_half,25,1,20325167.000,100663296,0,0,1
opt_ntt,log16_lanes32,half_depth,25,1,20315792.000,100663296,0,0,1
opt_ntt,log16_lanes32,production,25,1,23826125.000,100663296,1,1520,1
opt_ntt,log16_lanes32,half_depth,26,1,22117833.000,100663296,0,0,1
opt_ntt,log16_lanes32,tiled_half,26,1,20418792.000,100663296,0,0,1
opt_ntt,log16_lanes32,production,26,1,23745459.000,100663296,1,1520,1
opt_ntt,log16_lanes32,depth_first,26,1,22430375.000,100663296,0,0,1
opt_ntt,log16_lanes32,production,27,1,24134375.000,100663296,1,1520,1
opt_ntt,log16_lanes32,half_depth,27,1,21492833.000,100663296,0,0,1
opt_ntt,log16_lanes32,tiled_half,27,1,21320125.000,100663296,0,0,1
opt_ntt,log16_lanes32,depth_first,27,1,22766208.000,100663296,0,0,1
opt_ntt,log16_lanes32,production,28,1,24027458.000,100663296,1,1520,1
opt_ntt,log16_lanes32,depth_first,28,1,23350583.000,100663296,0,0,1
opt_ntt,log16_lanes32,half_depth,28,1,21632209.000,100663296,0,0,1
opt_ntt,log16_lanes32,tiled_half,28,1,21190708.000,100663296,0,0,1
opt_ntt,log16_lanes32,tiled_half,29,1,20783791.000,100663296,0,0,1
opt_ntt,log16_lanes32,half_depth,29,1,20587375.000,100663296,0,0,1
opt_ntt,log16_lanes32,production,29,1,23862750.000,100663296,1,1520,1
opt_ntt,log16_lanes32,depth_first,29,1,22555083.000,100663296,0,0,1
opt_ntt,log16_lanes32,depth_first,30,1,21989791.000,100663296,0,0,1
opt_ntt,log16_lanes32,tiled_half,30,1,20248667.000,100663296,0,0,1
opt_ntt,log16_lanes32,half_depth,30,1,21011750.000,100663296,0,0,1
opt_ntt,log16_lanes32,production,30,1,23842708.000,100663296,1,1520,1
opt_ntt,log16_lanes32,depth_first,31,1,22592958.000,100663296,0,0,1
opt_ntt,log16_lanes32,production,31,1,23500708.000,100663296,1,1520,1
opt_ntt,log16_lanes32,half_depth,31,1,20937208.000,100663296,0,0,1
opt_ntt,log16_lanes32,tiled_half,31,1,21501292.000,100663296,0,0,1
opt_ntt,log16_lanes32,tiled_half,32,1,20387584.000,100663296,0,0,1
opt_ntt,log16_lanes32,half_depth,32,1,20364834.000,100663296,0,0,1
opt_ntt,log16_lanes32,depth_first,32,1,21808500.000,100663296,0,0,1
opt_ntt,log16_lanes32,production,32,1,23941750.000,100663296,1,1520,1
opt_ntt,log16_lanes32,half_depth,33,1,20910542.000,100663296,0,0,1
opt_ntt,log16_lanes32,tiled_half,33,1,20918292.000,100663296,0,0,1
opt_ntt,log16_lanes32,production,33,1,23627709.000,100663296,1,1520,1
opt_ntt,log16_lanes32,depth_first,33,1,22329542.000,100663296,0,0,1
opt_ntt,log16_lanes32,depth_first,34,1,22293166.000,100663296,0,0,1
opt_ntt,log16_lanes32,tiled_half,34,1,21450958.000,100663296,0,0,1
opt_ntt,log16_lanes32,production,34,1,23831084.000,100663296,1,1520,1
opt_ntt,log16_lanes32,half_depth,34,1,20411792.000,100663296,0,0,1
opt_ntt,log16_lanes32,production,35,1,23834792.000,100663296,1,1520,1
opt_ntt,log16_lanes32,half_depth,35,1,20993542.000,100663296,0,0,1
opt_ntt,log16_lanes32,depth_first,35,1,22398167.000,100663296,0,0,1
opt_ntt,log16_lanes32,tiled_half,35,1,21222417.000,100663296,0,0,1
opt_ntt,log16_lanes32,half_depth,36,1,20679333.000,100663296,0,0,1
opt_ntt,log16_lanes32,tiled_half,36,1,20572667.000,100663296,0,0,1
opt_ntt,log16_lanes32,production,36,1,23838917.000,100663296,1,1520,1
opt_ntt,log16_lanes32,depth_first,36,1,22230875.000,100663296,0,0,1
opt_ntt,log16_lanes32,half_depth,37,1,21144583.000,100663296,0,0,1
opt_ntt,log16_lanes32,depth_first,37,1,22566500.000,100663296,0,0,1
opt_ntt,log16_lanes32,tiled_half,37,1,21344791.000,100663296,0,0,1
opt_ntt,log16_lanes32,production,37,1,24311000.000,100663296,1,1520,1
opt_ntt,log16_lanes32,half_depth,38,1,21046542.000,100663296,0,0,1
opt_ntt,log16_lanes32,depth_first,38,1,21940500.000,100663296,0,0,1
opt_ntt,log16_lanes32,production,38,1,23605958.000,100663296,1,1520,1
opt_ntt,log16_lanes32,tiled_half,38,1,20987209.000,100663296,0,0,1
opt_ntt,log16_lanes32,depth_first,39,1,22914167.000,100663296,0,0,1
opt_ntt,log16_lanes32,production,39,1,23937083.000,100663296,1,1520,1
opt_ntt,log16_lanes32,half_depth,39,1,20808167.000,100663296,0,0,1
opt_ntt,log16_lanes32,tiled_half,39,1,20355792.000,100663296,0,0,1
opt_ntt,log16_lanes32,production,40,1,23914750.000,100663296,1,1520,1
opt_ntt,log16_lanes32,depth_first,40,1,23102833.000,100663296,0,0,1
opt_ntt,log16_lanes32,half_depth,40,1,21404791.000,100663296,0,0,1
opt_ntt,log16_lanes32,tiled_half,40,1,20217166.000,100663296,0,0,1
opt_ntt,log16_lanes32,half_depth,41,1,20408292.000,100663296,0,0,1
opt_ntt,log16_lanes32,tiled_half,41,1,20586750.000,100663296,0,0,1
opt_ntt,log16_lanes32,depth_first,41,1,21898375.000,100663296,0,0,1
opt_ntt,log16_lanes32,production,41,1,23744542.000,100663296,1,1520,1
opt_ntt,log16_lanes32,production,42,1,24049458.000,100663296,1,1520,1
opt_ntt,log16_lanes32,half_depth,42,1,21211167.000,100663296,0,0,1
opt_ntt,log16_lanes32,depth_first,42,1,22571625.000,100663296,0,0,1
opt_ntt,log16_lanes32,tiled_half,42,1,21383000.000,100663296,0,0,1
opt_ntt,log16_lanes32,production,43,1,23554291.000,100663296,1,1520,1
opt_ntt,log16_lanes32,depth_first,43,1,22640625.000,100663296,0,0,1
opt_ntt,log16_lanes32,tiled_half,43,1,20722458.000,100663296,0,0,1
opt_ntt,log16_lanes32,half_depth,43,1,20308625.000,100663296,0,0,1
opt_ntt,log16_lanes32,depth_first,44,1,21831542.000,100663296,0,0,1
opt_ntt,log16_lanes32,half_depth,44,1,20412708.000,100663296,0,0,1
opt_ntt,log16_lanes32,tiled_half,44,1,20375792.000,100663296,0,0,1
opt_ntt,log16_lanes32,production,44,1,23920458.000,100663296,1,1520,1
opt_ntt,log16_lanes32,depth_first,45,1,22484375.000,100663296,0,0,1
opt_ntt,log16_lanes32,production,45,1,23389375.000,100663296,1,1520,1
opt_ntt,log16_lanes32,tiled_half,45,1,20764000.000,100663296,0,0,1
opt_ntt,log16_lanes32,half_depth,45,1,21221792.000,100663296,0,0,1
opt_ntt,log16_lanes32,production,46,1,23837292.000,100663296,1,1520,1
opt_ntt,log16_lanes32,depth_first,46,1,22716834.000,100663296,0,0,1
opt_ntt,log16_lanes32,tiled_half,46,1,20365500.000,100663296,0,0,1
opt_ntt,log16_lanes32,half_depth,46,1,20994459.000,100663296,0,0,1
opt_ntt,log16_lanes32,depth_first,47,1,22397500.000,100663296,0,0,1
opt_ntt,log16_lanes32,tiled_half,47,1,21072958.000,100663296,0,0,1
opt_ntt,log16_lanes32,production,47,1,23576792.000,100663296,1,1520,1
opt_ntt,log16_lanes32,half_depth,47,1,20960542.000,100663296,0,0,1
opt_ntt,log16_lanes32,production,48,1,24049792.000,100663296,1,1520,1
opt_ntt,log16_lanes32,half_depth,48,1,20678833.000,100663296,0,0,1
opt_ntt,log16_lanes32,tiled_half,48,1,20879625.000,100663296,0,0,1
opt_ntt,log16_lanes32,depth_first,48,1,22332708.000,100663296,0,0,1
opt_ntt,log16_lanes32,tiled_half,49,1,21189459.000,100663296,0,0,1
opt_ntt,log16_lanes32,half_depth,49,1,20686292.000,100663296,0,0,1
opt_ntt,log16_lanes32,depth_first,49,1,22865625.000,100663296,0,0,1
opt_ntt,log16_lanes32,production,49,1,23812750.000,100663296,1,1520,1
opt_ntt,log16_lanes32,half_depth,50,1,20631666.000,100663296,0,0,1
opt_ntt,log16_lanes32,depth_first,50,1,22354167.000,100663296,0,0,1
opt_ntt,log16_lanes32,tiled_half,50,1,20610791.000,100663296,0,0,1
opt_ntt,log16_lanes32,production,50,1,23613083.000,100663296,1,1520,1
opt_ntt,log16_lanes32,production,51,1,23735500.000,100663296,1,1520,1
opt_ntt,log16_lanes32,depth_first,51,1,22551083.000,100663296,0,0,1
opt_ntt,log16_lanes32,half_depth,51,1,20585125.000,100663296,0,0,1
opt_ntt,log16_lanes32,tiled_half,51,1,20736583.000,100663296,0,0,1
opt_ntt,log16_lanes32,depth_first,52,1,22394958.000,100663296,0,0,1
opt_ntt,log16_lanes32,half_depth,52,1,20575375.000,100663296,0,0,1
opt_ntt,log16_lanes32,tiled_half,52,1,20462625.000,100663296,0,0,1
opt_ntt,log16_lanes32,production,52,1,23585625.000,100663296,1,1520,1
opt_ntt,log16_lanes32,half_depth,53,1,21048708.000,100663296,0,0,1
opt_ntt,log16_lanes32,tiled_half,53,1,20457709.000,100663296,0,0,1
opt_ntt,log16_lanes32,production,53,1,23913250.000,100663296,1,1520,1
opt_ntt,log16_lanes32,depth_first,53,1,22503708.000,100663296,0,0,1
opt_ntt,log16_lanes32,tiled_half,54,1,20600458.000,100663296,0,0,1
opt_ntt,log16_lanes32,depth_first,54,1,22023542.000,100663296,0,0,1
opt_ntt,log16_lanes32,half_depth,54,1,20621709.000,100663296,0,0,1
opt_ntt,log16_lanes32,production,54,1,23537292.000,100663296,1,1520,1
opt_ntt,log16_lanes32,depth_first,55,1,22093750.000,100663296,0,0,1
opt_ntt,log16_lanes32,half_depth,55,1,20502916.000,100663296,0,0,1
opt_ntt,log16_lanes32,tiled_half,55,1,21385500.000,100663296,0,0,1
opt_ntt,log16_lanes32,production,55,1,23787416.000,100663296,1,1520,1
opt_ntt,log16_lanes32,tiled_half,56,1,20921667.000,100663296,0,0,1
opt_ntt,log16_lanes32,half_depth,56,1,20632750.000,100663296,0,0,1
opt_ntt,log16_lanes32,depth_first,56,1,22244500.000,100663296,0,0,1
opt_ntt,log16_lanes32,production,56,1,23690042.000,100663296,1,1520,1
opt_ntt,log16_lanes32,tiled_half,57,1,20744750.000,100663296,0,0,1
opt_ntt,log16_lanes32,depth_first,57,1,22201791.000,100663296,0,0,1
opt_ntt,log16_lanes32,half_depth,57,1,20527208.000,100663296,0,0,1
opt_ntt,log16_lanes32,production,57,1,23710584.000,100663296,1,1520,1
opt_ntt,log16_lanes32,depth_first,58,1,22207583.000,100663296,0,0,1
opt_ntt,log16_lanes32,half_depth,58,1,20649792.000,100663296,0,0,1
opt_ntt,log16_lanes32,production,58,1,23968625.000,100663296,1,1520,1
opt_ntt,log16_lanes32,tiled_half,58,1,20813708.000,100663296,0,0,1
opt_ntt,log16_lanes32,half_depth,59,1,20627959.000,100663296,0,0,1
opt_ntt,log16_lanes32,depth_first,59,1,22193750.000,100663296,0,0,1
opt_ntt,log16_lanes32,tiled_half,59,1,20451708.000,100663296,0,0,1
opt_ntt,log16_lanes32,production,59,1,23928375.000,100663296,1,1520,1
opt_ntt,log16_lanes32,production,60,1,23730167.000,100663296,1,1520,1
opt_ntt,log16_lanes32,half_depth,60,1,20653458.000,100663296,0,0,1
opt_ntt,log16_lanes32,depth_first,60,1,22563875.000,100663296,0,0,1
opt_ntt,log16_lanes32,tiled_half,60,1,20981333.000,100663296,0,0,1
opt_ntt,log16_lanes32,production,61,1,23257125.000,100663296,1,1520,1
opt_ntt,log16_lanes32,depth_first,61,1,22320166.000,100663296,0,0,1
opt_ntt,log16_lanes32,tiled_half,61,1,21299125.000,100663296,0,0,1
opt_ntt,log16_lanes32,half_depth,61,1,21955208.000,100663296,0,0,1
opt_ntt,log16_lanes32,tiled_half,62,1,21090917.000,100663296,0,0,1
opt_ntt,log16_lanes32,half_depth,62,1,20877833.000,100663296,0,0,1
opt_ntt,log16_lanes32,depth_first,62,1,22803125.000,100663296,0,0,1
opt_ntt,log16_lanes32,production,62,1,23674500.000,100663296,1,1520,1
opt_ntt,log16_lanes32,depth_first,63,1,22758833.000,100663296,0,0,1
opt_ntt,log16_lanes32,half_depth,63,1,20586625.000,100663296,0,0,1
opt_ntt,log16_lanes32,production,63,1,23551334.000,100663296,1,1520,1
opt_ntt,log16_lanes32,tiled_half,63,1,20721625.000,100663296,0,0,1
