2026-10-07T19:22:14.500283Z  INFO falcon_algebraic:commit:falcon_algebraic:witness: bitz::piop::spartan::falcon512_algebraic::protocol: close time.busy=32.6ms time.idle=492ns
2026-10-07T19:22:14.530541Z  INFO falcon_algebraic:commit:shared_source:encode: bitz::hybrid::opening: close time.busy=2.00ms time.idle=792ns
2026-10-07T19:22:14.531788Z  INFO falcon_algebraic:commit:shared_source:merkle: bitz::hybrid::opening: close time.busy=1.24ms time.idle=342ns
2026-10-07T19:22:14.531791Z  INFO falcon_algebraic:commit: bitz::piop::spartan::falcon512_algebraic::protocol: close time.busy=64.2ms time.idle=1.38µs
2026-10-07T19:22:14.600864Z  INFO falcon_algebraic:prove:falcon_algebraic:ring:falcon_algebraic_ring:prove:falcon_algebraic_ring:coordinates: bitz::piop::spartan::falcon512_algebraic::ring: close time.busy=60.5ms time.idle=310ns
2026-10-07T19:22:14.601657Z  INFO falcon_algebraic:prove:falcon_algebraic:ring:falcon_algebraic_ring:prove:spartan:grinding{bits=11}: bitz::piop::spartan::grinding: close time.busy=2.93µs time.idle=150ns
2026-10-07T19:22:14.620586Z  INFO falcon_algebraic:prove:falcon_algebraic:ring:falcon_algebraic_ring:prove:falcon_algebraic_ring:collapse: bitz::piop::spartan::falcon512_algebraic::ring: close time.busy=18.9ms time.idle=231ns
2026-10-07T19:22:14.621196Z  INFO falcon_algebraic:prove:falcon_algebraic:ring:falcon_algebraic_ring:prove: bitz::piop::spartan::falcon512_algebraic::ring: close time.busy=81.8ms time.idle=281ns
2026-10-07T19:22:14.621198Z  INFO falcon_algebraic:prove:falcon_algebraic:ring: bitz::piop::spartan::falcon512_algebraic::protocol: close time.busy=81.8ms time.idle=151ns
2026-10-07T19:22:14.621210Z  INFO falcon_algebraic:prove:falcon_algebraic:arithmetic:falcon_algebraic:norm:spartan:grinding{bits=11}: bitz::piop::spartan::grinding: close time.busy=8.72µs time.idle=120ns
2026-10-07T19:22:14.652237Z  INFO falcon_algebraic:prove:falcon_algebraic:arithmetic:falcon_algebraic:norm:spartan:round_grinding_prove:spartan:grinding{bits=14}: bitz::piop::spartan::grinding: close time.busy=159µs time.idle=311ns
2026-10-07T19:22:14.652240Z  INFO falcon_algebraic:prove:falcon_algebraic:arithmetic:falcon_algebraic:norm:spartan:round_grinding_prove: bitz::sumcheck::boundary: close time.busy=163µs time.idle=150ns
2026-10-07T19:22:14.664672Z  INFO falcon_algebraic:prove:falcon_algebraic:arithmetic:falcon_algebraic:norm:spartan:round_grinding_prove:spartan:grinding{bits=14}: bitz::piop::spartan::grinding: close time.busy=78.6µs time.idle=120ns
2026-10-07T19:22:14.664674Z  INFO falcon_algebraic:prove:falcon_algebraic:arithmetic:falcon_algebraic:norm:spartan:round_grinding_prove: bitz::sumcheck::boundary: close time.busy=82.2µs time.idle=180ns
2026-10-07T19:22:14.670357Z  INFO falcon_algebraic:prove:falcon_algebraic:arithmetic:falcon_algebraic:norm:spartan:round_grinding_prove:spartan:grinding{bits=14}: bitz::piop::spartan::grinding: close time.busy=28.4µs time.idle=140ns
2026-10-07T19:22:14.670359Z  INFO falcon_algebraic:prove:falcon_algebraic:arithmetic:falcon_algebraic:norm:spartan:round_grinding_prove: bitz::sumcheck::boundary: close time.busy=32.0µs time.idle=131ns
2026-10-07T19:22:14.672899Z  INFO falcon_algebraic:prove:falcon_algebraic:arithmetic:falcon_algebraic:norm:spartan:round_grinding_prove:spartan:grinding{bits=14}: bitz::piop::spartan::grinding: close time.busy=18.4µs time.idle=130ns
2026-10-07T19:22:14.672901Z  INFO falcon_algebraic:prove:falcon_algebraic:arithmetic:falcon_algebraic:norm:spartan:round_grinding_prove: bitz::sumcheck::boundary: close time.busy=20.8µs time.idle=120ns
2026-10-07T19:22:14.674205Z  INFO falcon_algebraic:prove:falcon_algebraic:arithmetic:falcon_algebraic:norm:spartan:round_grinding_prove:spartan:grinding{bits=14}: bitz::piop::spartan::grinding: close time.busy=47.7µs time.idle=121ns
2026-10-07T19:22:14.674207Z  INFO falcon_algebraic:prove:falcon_algebraic:arithmetic:falcon_algebraic:norm:spartan:round_grinding_prove: bitz::sumcheck::boundary: close time.busy=50.1µs time.idle=120ns
2026-10-07T19:22:14.674880Z  INFO falcon_algebraic:prove:falcon_algebraic:arithmetic:falcon_algebraic:norm:spartan:round_grinding_prove:spartan:grinding{bits=14}: bitz::piop::spartan::grinding: close time.busy=43.8µs time.idle=120ns
2026-10-07T19:22:14.674885Z  INFO falcon_algebraic:prove:falcon_algebraic:arithmetic:falcon_algebraic:norm:spartan:round_grinding_prove: bitz::sumcheck::boundary: close time.busy=48.7µs time.idle=120ns
2026-10-07T19:22:14.675215Z  INFO falcon_algebraic:prove:falcon_algebraic:arithmetic:falcon_algebraic:norm:spartan:round_grinding_prove:spartan:grinding{bits=14}: bitz::piop::spartan::grinding: close time.busy=10.8µs time.idle=100ns
2026-10-07T19:22:14.675216Z  INFO falcon_algebraic:prove:falcon_algebraic:arithmetic:falcon_algebraic:norm:spartan:round_grinding_prove: bitz::sumcheck::boundary: close time.busy=12.8µs time.idle=110ns
2026-10-07T19:22:14.675456Z  INFO falcon_algebraic:prove:falcon_algebraic:arithmetic:falcon_algebraic:norm:spartan:round_grinding_prove:spartan:grinding{bits=14}: bitz::piop::spartan::grinding: close time.busy=76.1µs time.idle=90.0ns
2026-10-07T19:22:14.675458Z  INFO falcon_algebraic:prove:falcon_algebraic:arithmetic:falcon_algebraic:norm:spartan:round_grinding_prove: bitz::sumcheck::boundary: close time.busy=78.3µs time.idle=110ns
2026-10-07T19:22:14.675563Z  INFO falcon_algebraic:prove:falcon_algebraic:arithmetic:falcon_algebraic:norm:spartan:round_grinding_prove:spartan:grinding{bits=14}: bitz::piop::spartan::grinding: close time.busy=19.3µs time.idle=120ns
2026-10-07T19:22:14.675564Z  INFO falcon_algebraic:prove:falcon_algebraic:arithmetic:falcon_algebraic:norm:spartan:round_grinding_prove: bitz::sumcheck::boundary: close time.busy=21.5µs time.idle=120ns
2026-10-07T19:22:14.675648Z  INFO falcon_algebraic:prove:falcon_algebraic:arithmetic:falcon_algebraic:norm:spartan:round_grinding_prove:spartan:grinding{bits=14}: bitz::piop::spartan::grinding: close time.busy=37.6µs time.idle=111ns
2026-10-07T19:22:14.675649Z  INFO falcon_algebraic:prove:falcon_algebraic:arithmetic:falcon_algebraic:norm:spartan:round_grinding_prove: bitz::sumcheck::boundary: close time.busy=39.5µs time.idle=110ns
2026-10-07T19:22:14.675733Z  INFO falcon_algebraic:prove:falcon_algebraic:arithmetic:falcon_algebraic:norm:spartan:round_grinding_prove:spartan:grinding{bits=14}: bitz::piop::spartan::grinding: close time.busy=57.5µs time.idle=110ns
2026-10-07T19:22:14.675735Z  INFO falcon_algebraic:prove:falcon_algebraic:arithmetic:falcon_algebraic:norm:spartan:round_grinding_prove: bitz::sumcheck::boundary: close time.busy=59.5µs time.idle=120ns
2026-10-07T19:22:14.676038Z  INFO falcon_algebraic:prove:falcon_algebraic:arithmetic:falcon_algebraic:norm:spartan:round_grinding_prove:spartan:grinding{bits=14}: bitz::piop::spartan::grinding: close time.busy=286µs time.idle=110ns
2026-10-07T19:22:14.676039Z  INFO falcon_algebraic:prove:falcon_algebraic:arithmetic:falcon_algebraic:norm:spartan:round_grinding_prove: bitz::sumcheck::boundary: close time.busy=288µs time.idle=110ns
2026-10-07T19:22:14.676123Z  INFO falcon_algebraic:prove:falcon_algebraic:arithmetic:falcon_algebraic:norm:spartan:round_grinding_prove:spartan:grinding{bits=14}: bitz::piop::spartan::grinding: close time.busy=70.5µs time.idle=110ns
2026-10-07T19:22:14.676124Z  INFO falcon_algebraic:prove:falcon_algebraic:arithmetic:falcon_algebraic:norm:spartan:round_grinding_prove: bitz::sumcheck::boundary: close time.busy=72.6µs time.idle=100ns
2026-10-07T19:22:14.676288Z  INFO falcon_algebraic:prove:falcon_algebraic:arithmetic:falcon_algebraic:norm:spartan:round_grinding_prove:spartan:grinding{bits=14}: bitz::piop::spartan::grinding: close time.busy=154µs time.idle=110ns
2026-10-07T19:22:14.676289Z  INFO falcon_algebraic:prove:falcon_algebraic:arithmetic:falcon_algebraic:norm:spartan:round_grinding_prove: bitz::sumcheck::boundary: close time.busy=156µs time.idle=110ns
2026-10-07T19:22:14.676336Z  INFO falcon_algebraic:prove:falcon_algebraic:arithmetic:falcon_algebraic:norm:spartan:round_grinding_prove:spartan:grinding{bits=14}: bitz::piop::spartan::grinding: close time.busy=37.1µs time.idle=101ns
2026-10-07T19:22:14.676337Z  INFO falcon_algebraic:prove:falcon_algebraic:arithmetic:falcon_algebraic:norm:spartan:round_grinding_prove: bitz::sumcheck::boundary: close time.busy=39.1µs time.idle=110ns
2026-10-07T19:22:14.676371Z  INFO falcon_algebraic:prove:falcon_algebraic:arithmetic:falcon_algebraic:norm:spartan:round_grinding_prove:spartan:grinding{bits=14}: bitz::piop::spartan::grinding: close time.busy=25.9µs time.idle=110ns
2026-10-07T19:22:14.676372Z  INFO falcon_algebraic:prove:falcon_algebraic:arithmetic:falcon_algebraic:norm:spartan:round_grinding_prove: bitz::sumcheck::boundary: close time.busy=27.8µs time.idle=110ns
2026-10-07T19:22:14.676456Z  INFO falcon_algebraic:prove:falcon_algebraic:arithmetic:falcon_algebraic:norm:spartan:round_grinding_prove:spartan:grinding{bits=14}: bitz::piop::spartan::grinding: close time.busy=75.9µs time.idle=111ns
2026-10-07T19:22:14.676457Z  INFO falcon_algebraic:prove:falcon_algebraic:arithmetic:falcon_algebraic:norm:spartan:round_grinding_prove: bitz::sumcheck::boundary: close time.busy=78.0µs time.idle=100ns
2026-10-07T19:22:14.676545Z  INFO falcon_algebraic:prove:falcon_algebraic:arithmetic:falcon_algebraic:norm:spartan:round_grinding_prove:spartan:grinding{bits=14}: bitz::piop::spartan::grinding: close time.busy=80.5µs time.idle=110ns
2026-10-07T19:22:14.676547Z  INFO falcon_algebraic:prove:falcon_algebraic:arithmetic:falcon_algebraic:norm:spartan:round_grinding_prove: bitz::sumcheck::boundary: close time.busy=82.5µs time.idle=110ns
2026-10-07T19:22:14.676560Z  INFO falcon_algebraic:prove:falcon_algebraic:arithmetic:falcon_algebraic:norm:spartan:round_grinding_prove:spartan:grinding{bits=14}: bitz::piop::spartan::grinding: close time.busy=5.29µs time.idle=110ns
2026-10-07T19:22:14.676561Z  INFO falcon_algebraic:prove:falcon_algebraic:arithmetic:falcon_algebraic:norm:spartan:round_grinding_prove: bitz::sumcheck::boundary: close time.busy=7.33µs time.idle=120ns
2026-10-07T19:22:14.676570Z  INFO falcon_algebraic:prove:falcon_algebraic:arithmetic:falcon_algebraic:norm: bitz::piop::spartan::falcon512_algebraic::arithmetic: close time.busy=55.4ms time.idle=220ns
2026-10-07T19:22:14.676574Z  INFO falcon_algebraic:prove:falcon_algebraic:arithmetic:falcon_algebraic:binding:spartan:grinding{bits=10}: bitz::piop::spartan::grinding: close time.busy=1.58µs time.idle=121ns
2026-10-07T19:22:14.723135Z  INFO falcon_algebraic:prove:falcon_algebraic:arithmetic:falcon_algebraic:binding:inner_packed:prefix_accumulators: bitz::sumcheck::inner::packed::state: close time.busy=37.1ms time.idle=161ns
2026-10-07T19:22:14.723152Z  INFO falcon_algebraic:prove:falcon_algebraic:arithmetic:falcon_algebraic:binding:spartan:round_grinding_prove:spartan:grinding{bits=13}: bitz::piop::spartan::grinding: close time.busy=10.3µs time.idle=111ns
2026-10-07T19:22:14.723153Z  INFO falcon_algebraic:prove:falcon_algebraic:arithmetic:falcon_algebraic:binding:spartan:round_grinding_prove: bitz::sumcheck::boundary: close time.busy=13.0µs time.idle=171ns
2026-10-07T19:22:14.723176Z  INFO falcon_algebraic:prove:falcon_algebraic:arithmetic:falcon_algebraic:binding:spartan:round_grinding_prove:spartan:grinding{bits=13}: bitz::piop::spartan::grinding: close time.busy=14.0µs time.idle=120ns
2026-10-07T19:22:14.723177Z  INFO falcon_algebraic:prove:falcon_algebraic:arithmetic:falcon_algebraic:binding:spartan:round_grinding_prove: bitz::sumcheck::boundary: close time.busy=16.3µs time.idle=110ns
2026-10-07T19:22:14.723186Z  INFO falcon_algebraic:prove:falcon_algebraic:arithmetic:falcon_algebraic:binding:spartan:round_grinding_prove:spartan:grinding{bits=13}: bitz::piop::spartan::grinding: close time.busy=5.09µs time.idle=111ns
2026-10-07T19:22:14.723187Z  INFO falcon_algebraic:prove:falcon_algebraic:arithmetic:falcon_algebraic:binding:spartan:round_grinding_prove: bitz::sumcheck::boundary: close time.busy=7.21µs time.idle=130ns
2026-10-07T19:22:14.765298Z  INFO falcon_algebraic:prove:falcon_algebraic:arithmetic:falcon_algebraic:binding:inner_packed:prepare_tail: bitz::sumcheck::inner::packed::state: close time.busy=42.1ms time.idle=191ns
2026-10-07T19:22:14.765329Z  INFO falcon_algebraic:prove:falcon_algebraic:arithmetic:falcon_algebraic:binding:spartan:round_grinding_prove:spartan:grinding{bits=13}: bitz::piop::spartan::grinding: close time.busy=25.0µs time.idle=130ns
2026-10-07T19:22:14.765330Z  INFO falcon_algebraic:prove:falcon_algebraic:arithmetic:falcon_algebraic:binding:spartan:round_grinding_prove: bitz::sumcheck::boundary: close time.busy=27.7µs time.idle=121ns
2026-10-07T19:22:14.789266Z  INFO falcon_algebraic:prove:falcon_algebraic:arithmetic:falcon_algebraic:binding:inner_packed:fold_tail{round=3}: bitz::sumcheck::inner::packed::state: close time.busy=23.9ms time.idle=140ns
2026-10-07T19:22:14.789272Z  INFO falcon_algebraic:prove:falcon_algebraic:arithmetic:falcon_algebraic:binding:spartan:round_grinding_prove:spartan:grinding{bits=13}: bitz::piop::spartan::grinding: close time.busy=2.12µs time.idle=131ns
2026-10-07T19:22:14.789273Z  INFO falcon_algebraic:prove:falcon_algebraic:arithmetic:falcon_algebraic:binding:spartan:round_grinding_prove: bitz::sumcheck::boundary: close time.busy=4.80µs time.idle=130ns
2026-10-07T19:22:14.799110Z  INFO falcon_algebraic:prove:falcon_algebraic:arithmetic:falcon_algebraic:binding:inner_packed:fold_tail{round=4}: bitz::sumcheck::inner::packed::state: close time.busy=9.83ms time.idle=110ns
2026-10-07T19:22:14.799139Z  INFO falcon_algebraic:prove:falcon_algebraic:arithmetic:falcon_algebraic:binding:spartan:round_grinding_prove:spartan:grinding{bits=13}: bitz::piop::spartan::grinding: close time.busy=25.8µs time.idle=140ns
2026-10-07T19:22:14.799140Z  INFO falcon_algebraic:prove:falcon_algebraic:arithmetic:falcon_algebraic:binding:spartan:round_grinding_prove: bitz::sumcheck::boundary: close time.busy=28.1µs time.idle=110ns
2026-10-07T19:22:14.804047Z  INFO falcon_algebraic:prove:falcon_algebraic:arithmetic:falcon_algebraic:binding:inner_packed:fold_tail{round=5}: bitz::sumcheck::inner::packed::state: close time.busy=4.90ms time.idle=111ns
2026-10-07T19:22:14.804074Z  INFO falcon_algebraic:prove:falcon_algebraic:arithmetic:falcon_algebraic:binding:spartan:round_grinding_prove:spartan:grinding{bits=13}: bitz::piop::spartan::grinding: close time.busy=24.9µs time.idle=110ns
2026-10-07T19:22:14.804076Z  INFO falcon_algebraic:prove:falcon_algebraic:arithmetic:falcon_algebraic:binding:spartan:round_grinding_prove: bitz::sumcheck::boundary: close time.busy=27.2µs time.idle=120ns
2026-10-07T19:22:14.807481Z  INFO falcon_algebraic:prove:falcon_algebraic:arithmetic:falcon_algebraic:binding:inner_packed:fold_tail{round=6}: bitz::sumcheck::inner::packed::state: close time.busy=3.40ms time.idle=110ns
2026-10-07T19:22:14.807548Z  INFO falcon_algebraic:prove:falcon_algebraic:arithmetic:falcon_algebraic:binding:spartan:round_grinding_prove:spartan:grinding{bits=13}: bitz::piop::spartan::grinding: close time.busy=64.1µs time.idle=140ns
2026-10-07T19:22:14.807549Z  INFO falcon_algebraic:prove:falcon_algebraic:arithmetic:falcon_algebraic:binding:spartan:round_grinding_prove: bitz::sumcheck::boundary: close time.busy=66.3µs time.idle=120ns
2026-10-07T19:22:14.808818Z  INFO falcon_algebraic:prove:falcon_algebraic:arithmetic:falcon_algebraic:binding:inner_packed:fold_tail{round=7}: bitz::sumcheck::inner::packed::state: close time.busy=1.27ms time.idle=110ns
2026-10-07T19:22:14.808841Z  INFO falcon_algebraic:prove:falcon_algebraic:arithmetic:falcon_algebraic:binding:spartan:round_grinding_prove:spartan:grinding{bits=13}: bitz::piop::spartan::grinding: close time.busy=20.4µs time.idle=110ns
2026-10-07T19:22:14.808843Z  INFO falcon_algebraic:prove:falcon_algebraic:arithmetic:falcon_algebraic:binding:spartan:round_grinding_prove: bitz::sumcheck::boundary: close time.busy=22.8µs time.idle=121ns
2026-10-07T19:22:14.809496Z  INFO falcon_algebraic:prove:falcon_algebraic:arithmetic:falcon_algebraic:binding:inner_packed:fold_tail{round=8}: bitz::sumcheck::inner::packed::state: close time.busy=651µs time.idle=110ns
2026-10-07T19:22:14.809539Z  INFO falcon_algebraic:prove:falcon_algebraic:arithmetic:falcon_algebraic:binding:spartan:round_grinding_prove:spartan:grinding{bits=13}: bitz::piop::spartan::grinding: close time.busy=40.2µs time.idle=120ns
2026-10-07T19:22:14.809541Z  INFO falcon_algebraic:prove:falcon_algebraic:arithmetic:falcon_algebraic:binding:spartan:round_grinding_prove: bitz::sumcheck::boundary: close time.busy=43.2µs time.idle=110ns
2026-10-07T19:22:14.809873Z  INFO falcon_algebraic:prove:falcon_algebraic:arithmetic:falcon_algebraic:binding:inner_packed:fold_tail{round=9}: bitz::sumcheck::inner::packed::state: close time.busy=330µs time.idle=120ns
2026-10-07T19:22:14.809893Z  INFO falcon_algebraic:prove:falcon_algebraic:arithmetic:falcon_algebraic:binding:spartan:round_grinding_prove:spartan:grinding{bits=13}: bitz::piop::spartan::grinding: close time.busy=17.5µs time.idle=120ns
2026-10-07T19:22:14.809894Z  INFO falcon_algebraic:prove:falcon_algebraic:arithmetic:falcon_algebraic:binding:spartan:round_grinding_prove: bitz::sumcheck::boundary: close time.busy=19.5µs time.idle=110ns
2026-10-07T19:22:14.810065Z  INFO falcon_algebraic:prove:falcon_algebraic:arithmetic:falcon_algebraic:binding:inner_packed:fold_tail{round=10}: bitz::sumcheck::inner::packed::state: close time.busy=169µs time.idle=110ns
2026-10-07T19:22:14.810101Z  INFO falcon_algebraic:prove:falcon_algebraic:arithmetic:falcon_algebraic:binding:spartan:round_grinding_prove:spartan:grinding{bits=13}: bitz::piop::spartan::grinding: close time.busy=32.9µs time.idle=120ns
2026-10-07T19:22:14.810102Z  INFO falcon_algebraic:prove:falcon_algebraic:arithmetic:falcon_algebraic:binding:spartan:round_grinding_prove: bitz::sumcheck::boundary: close time.busy=35.0µs time.idle=101ns
2026-10-07T19:22:14.810192Z  INFO falcon_algebraic:prove:falcon_algebraic:arithmetic:falcon_algebraic:binding:inner_packed:fold_tail{round=11}: bitz::sumcheck::inner::packed::state: close time.busy=87.5µs time.idle=121ns
2026-10-07T19:22:14.810217Z  INFO falcon_algebraic:prove:falcon_algebraic:arithmetic:falcon_algebraic:binding:spartan:round_grinding_prove:spartan:grinding{bits=13}: bitz::piop::spartan::grinding: close time.busy=23.0µs time.idle=120ns
2026-10-07T19:22:14.810219Z  INFO falcon_algebraic:prove:falcon_algebraic:arithmetic:falcon_algebraic:binding:spartan:round_grinding_prove: bitz::sumcheck::boundary: close time.busy=25.1µs time.idle=110ns
2026-10-07T19:22:14.810265Z  INFO falcon_algebraic:prove:falcon_algebraic:arithmetic:falcon_algebraic:binding:inner_packed:fold_tail{round=12}: bitz::sumcheck::inner::packed::state: close time.busy=44.6µs time.idle=121ns
2026-10-07T19:22:14.810275Z  INFO falcon_algebraic:prove:falcon_algebraic:arithmetic:falcon_algebraic:binding:spartan:round_grinding_prove:spartan:grinding{bits=13}: bitz::piop::spartan::grinding: close time.busy=7.46µs time.idle=130ns
2026-10-07T19:22:14.810276Z  INFO falcon_algebraic:prove:falcon_algebraic:arithmetic:falcon_algebraic:binding:spartan:round_grinding_prove: bitz::sumcheck::boundary: close time.busy=9.68µs time.idle=100ns
2026-10-07T19:22:14.810301Z  INFO falcon_algebraic:prove:falcon_algebraic:arithmetic:falcon_algebraic:binding:inner_packed:fold_tail{round=13}: bitz::sumcheck::inner::packed::state: close time.busy=22.5µs time.idle=141ns
2026-10-07T19:22:14.810327Z  INFO falcon_algebraic:prove:falcon_algebraic:arithmetic:falcon_algebraic:binding:spartan:round_grinding_prove:spartan:grinding{bits=13}: bitz::piop::spartan::grinding: close time.busy=23.4µs time.idle=120ns
2026-10-07T19:22:14.810328Z  INFO falcon_algebraic:prove:falcon_algebraic:arithmetic:falcon_algebraic:binding:spartan:round_grinding_prove: bitz::sumcheck::boundary: close time.busy=25.3µs time.idle=110ns
2026-10-07T19:22:14.810341Z  INFO falcon_algebraic:prove:falcon_algebraic:arithmetic:falcon_algebraic:binding:inner_packed:fold_tail{round=14}: bitz::sumcheck::inner::packed::state: close time.busy=11.3µs time.idle=130ns
2026-10-07T19:22:14.810450Z  INFO falcon_algebraic:prove:falcon_algebraic:arithmetic:falcon_algebraic:binding:spartan:round_grinding_prove:spartan:grinding{bits=13}: bitz::piop::spartan::grinding: close time.busy=107µs time.idle=120ns
2026-10-07T19:22:14.810452Z  INFO falcon_algebraic:prove:falcon_algebraic:arithmetic:falcon_algebraic:binding:spartan:round_grinding_prove: bitz::sumcheck::boundary: close time.busy=109µs time.idle=100ns
2026-10-07T19:22:14.810460Z  INFO falcon_algebraic:prove:falcon_algebraic:arithmetic:falcon_algebraic:binding:inner_packed:fold_tail{round=15}: bitz::sumcheck::inner::packed::state: close time.busy=5.40µs time.idle=110ns
2026-10-07T19:22:14.810546Z  INFO falcon_algebraic:prove:falcon_algebraic:arithmetic:falcon_algebraic:binding:spartan:round_grinding_prove:spartan:grinding{bits=13}: bitz::piop::spartan::grinding: close time.busy=83.7µs time.idle=131ns
2026-10-07T19:22:14.810547Z  INFO falcon_algebraic:prove:falcon_algebraic:arithmetic:falcon_algebraic:binding:spartan:round_grinding_prove: bitz::sumcheck::boundary: close time.busy=85.9µs time.idle=120ns
2026-10-07T19:22:14.810553Z  INFO falcon_algebraic:prove:falcon_algebraic:arithmetic:falcon_algebraic:binding:inner_packed:fold_tail{round=16}: bitz::sumcheck::inner::packed::state: close time.busy=2.71µs time.idle=111ns
2026-10-07T19:22:14.810564Z  INFO falcon_algebraic:prove:falcon_algebraic:arithmetic:falcon_algebraic:binding:spartan:round_grinding_prove:spartan:grinding{bits=13}: bitz::piop::spartan::grinding: close time.busy=8.28µs time.idle=110ns
2026-10-07T19:22:14.810565Z  INFO falcon_algebraic:prove:falcon_algebraic:arithmetic:falcon_algebraic:binding:spartan:round_grinding_prove: bitz::sumcheck::boundary: close time.busy=10.6µs time.idle=100ns
2026-10-07T19:22:14.810569Z  INFO falcon_algebraic:prove:falcon_algebraic:arithmetic:falcon_algebraic:binding:inner_packed:fold_tail{round=17}: bitz::sumcheck::inner::packed::state: close time.busy=1.38µs time.idle=120ns
2026-10-07T19:22:14.810654Z  INFO falcon_algebraic:prove:falcon_algebraic:arithmetic:falcon_algebraic:binding:spartan:round_grinding_prove:spartan:grinding{bits=13}: bitz::piop::spartan::grinding: close time.busy=82.7µs time.idle=110ns
2026-10-07T19:22:14.810655Z  INFO falcon_algebraic:prove:falcon_algebraic:arithmetic:falcon_algebraic:binding:spartan:round_grinding_prove: bitz::sumcheck::boundary: close time.busy=84.8µs time.idle=110ns
2026-10-07T19:22:14.810658Z  INFO falcon_algebraic:prove:falcon_algebraic:arithmetic:falcon_algebraic:binding:inner_packed:fold_tail{round=18}: bitz::sumcheck::inner::packed::state: close time.busy=751ns time.idle=110ns
2026-10-07T19:22:14.810710Z  INFO falcon_algebraic:prove:falcon_algebraic:arithmetic:falcon_algebraic:binding:spartan:round_grinding_prove:spartan:grinding{bits=13}: bitz::piop::spartan::grinding: close time.busy=49.0µs time.idle=120ns
2026-10-07T19:22:14.810711Z  INFO falcon_algebraic:prove:falcon_algebraic:arithmetic:falcon_algebraic:binding:spartan:round_grinding_prove: bitz::sumcheck::boundary: close time.busy=51.2µs time.idle=110ns
2026-10-07T19:22:14.810714Z  INFO falcon_algebraic:prove:falcon_algebraic:arithmetic:falcon_algebraic:binding:inner_packed:fold_tail{round=19}: bitz::sumcheck::inner::packed::state: close time.busy=440ns time.idle=101ns
2026-10-07T19:22:14.810770Z  INFO falcon_algebraic:prove:falcon_algebraic:arithmetic:falcon_algebraic:binding:spartan:round_grinding_prove:spartan:grinding{bits=13}: bitz::piop::spartan::grinding: close time.busy=53.7µs time.idle=120ns
2026-10-07T19:22:14.810771Z  INFO falcon_algebraic:prove:falcon_algebraic:arithmetic:falcon_algebraic:binding:spartan:round_grinding_prove: bitz::sumcheck::boundary: close time.busy=55.9µs time.idle=110ns
2026-10-07T19:22:14.810774Z  INFO falcon_algebraic:prove:falcon_algebraic:arithmetic:falcon_algebraic:binding:inner_packed:fold_tail{round=20}: bitz::sumcheck::inner::packed::state: close time.busy=271ns time.idle=110ns
2026-10-07T19:22:14.810795Z  INFO falcon_algebraic:prove:falcon_algebraic:arithmetic:falcon_algebraic:binding:spartan:round_grinding_prove:spartan:grinding{bits=13}: bitz::piop::spartan::grinding: close time.busy=19.0µs time.idle=130ns
2026-10-07T19:22:14.810796Z  INFO falcon_algebraic:prove:falcon_algebraic:arithmetic:falcon_algebraic:binding:spartan:round_grinding_prove: bitz::sumcheck::boundary: close time.busy=20.9µs time.idle=110ns
2026-10-07T19:22:14.810799Z  INFO falcon_algebraic:prove:falcon_algebraic:arithmetic:falcon_algebraic:binding:inner_packed:fold_tail{round=21}: bitz::sumcheck::inner::packed::state: close time.busy=170ns time.idle=100ns
2026-10-07T19:22:14.810806Z  INFO falcon_algebraic:prove:falcon_algebraic:arithmetic:falcon_algebraic:binding:spartan:round_grinding_prove:spartan:grinding{bits=13}: bitz::piop::spartan::grinding: close time.busy=4.85µs time.idle=110ns
2026-10-07T19:22:14.810807Z  INFO falcon_algebraic:prove:falcon_algebraic:arithmetic:falcon_algebraic:binding:spartan:round_grinding_prove: bitz::sumcheck::boundary: close time.busy=6.89µs time.idle=110ns
2026-10-07T19:22:14.810810Z  INFO falcon_algebraic:prove:falcon_algebraic:arithmetic:falcon_algebraic:binding:inner_packed:fold_tail{round=22}: bitz::sumcheck::inner::packed::state: close time.busy=120ns time.idle=120ns
2026-10-07T19:22:14.810825Z  INFO falcon_algebraic:prove:falcon_algebraic:arithmetic:falcon_algebraic:binding:spartan:round_grinding_prove:spartan:grinding{bits=13}: bitz::piop::spartan::grinding: close time.busy=12.9µs time.idle=110ns
2026-10-07T19:22:14.810827Z  INFO falcon_algebraic:prove:falcon_algebraic:arithmetic:falcon_algebraic:binding:spartan:round_grinding_prove: bitz::sumcheck::boundary: close time.busy=15.1µs time.idle=100ns
2026-10-07T19:22:14.810829Z  INFO falcon_algebraic:prove:falcon_algebraic:arithmetic:falcon_algebraic:binding:inner_packed:fold_tail{round=23}: bitz::sumcheck::inner::packed::state: close time.busy=341ns time.idle=110ns
2026-10-07T19:22:14.817240Z  INFO falcon_algebraic:prove:falcon_algebraic:arithmetic:falcon_algebraic:binding: bitz::piop::spartan::falcon512_algebraic::arithmetic: close time.busy=141ms time.idle=140ns
2026-10-07T19:22:14.817243Z  INFO falcon_algebraic:prove:falcon_algebraic:arithmetic: bitz::piop::spartan::falcon512_algebraic::protocol: close time.busy=196ms time.idle=150ns
2026-10-07T19:22:14.819743Z  INFO falcon_algebraic:prove:falcon_algebraic:bitz:falcon_bridge:integer_folds: bitz::hybrid::integer_bridge: close time.busy=2.46ms time.idle=140ns
2026-10-07T19:22:14.820781Z  INFO falcon_algebraic:prove:falcon_algebraic:bitz:falcon_bridge:column_packing: bitz::hybrid::integer_bridge: close time.busy=847µs time.idle=150ns
2026-10-07T19:22:14.821182Z  INFO falcon_algebraic:prove:falcon_algebraic:bitz:falcon_bridge:power_tables: bitz::hybrid::integer_bridge: close time.busy=360µs time.idle=160ns
2026-10-07T19:22:14.821199Z  INFO falcon_algebraic:prove:falcon_algebraic:bitz:spartan:grinding{bits=14}: bitz::piop::spartan::grinding: close time.busy=14.3µs time.idle=120ns
2026-10-07T19:22:14.829742Z  INFO falcon_algebraic:prove:falcon_algebraic:bitz:falcon_bridge:wfbitz_forest:spartan:grinding{bits=14}: bitz::piop::spartan::grinding: close time.busy=137µs time.idle=221ns
2026-10-07T19:22:14.829923Z  INFO falcon_algebraic:prove:falcon_algebraic:bitz:falcon_bridge:wfbitz_forest:spartan:grinding{bits=14}: bitz::piop::spartan::grinding: close time.busy=170µs time.idle=111ns
2026-10-07T19:22:14.829938Z  INFO falcon_algebraic:prove:falcon_algebraic:bitz:falcon_bridge:wfbitz_forest:spartan:grinding{bits=14}: bitz::piop::spartan::grinding: close time.busy=10.2µs time.idle=110ns
2026-10-07T19:22:14.829956Z  INFO falcon_algebraic:prove:falcon_algebraic:bitz:falcon_bridge:wfbitz_forest:spartan:grinding{bits=14}: bitz::piop::spartan::grinding: close time.busy=13.6µs time.idle=110ns
2026-10-07T19:22:14.830042Z  INFO falcon_algebraic:prove:falcon_algebraic:bitz:falcon_bridge:wfbitz_forest:spartan:grinding{bits=14}: bitz::piop::spartan::grinding: close time.busy=82.3µs time.idle=111ns
2026-10-07T19:22:14.830057Z  INFO falcon_algebraic:prove:falcon_algebraic:bitz:falcon_bridge:wfbitz_forest:spartan:grinding{bits=14}: bitz::piop::spartan::grinding: close time.busy=10.5µs time.idle=100ns
2026-10-07T19:22:14.830127Z  INFO falcon_algebraic:prove:falcon_algebraic:bitz:falcon_bridge:wfbitz_forest:spartan:grinding{bits=14}: bitz::piop::spartan::grinding: close time.busy=67.6µs time.idle=110ns
2026-10-07T19:22:14.830140Z  INFO falcon_algebraic:prove:falcon_algebraic:bitz:falcon_bridge:wfbitz_forest:spartan:grinding{bits=14}: bitz::piop::spartan::grinding: close time.busy=8.27µs time.idle=110ns
2026-10-07T19:22:14.830167Z  INFO falcon_algebraic:prove:falcon_algebraic:bitz:falcon_bridge:wfbitz_forest:spartan:grinding{bits=14}: bitz::piop::spartan::grinding: close time.busy=24.2µs time.idle=110ns
2026-10-07T19:22:14.830183Z  INFO falcon_algebraic:prove:falcon_algebraic:bitz:falcon_bridge:wfbitz_forest:spartan:grinding{bits=14}: bitz::piop::spartan::grinding: close time.busy=13.8µs time.idle=110ns
2026-10-07T19:22:14.830245Z  INFO falcon_algebraic:prove:falcon_algebraic:bitz:falcon_bridge:wfbitz_forest:spartan:grinding{bits=14}: bitz::piop::spartan::grinding: close time.busy=58.8µs time.idle=110ns
2026-10-07T19:22:14.830378Z  INFO falcon_algebraic:prove:falcon_algebraic:bitz:falcon_bridge:wfbitz_forest:spartan:grinding{bits=14}: bitz::piop::spartan::grinding: close time.busy=131µs time.idle=100ns
2026-10-07T19:22:14.830404Z  INFO falcon_algebraic:prove:falcon_algebraic:bitz:falcon_bridge:wfbitz_forest:spartan:grinding{bits=14}: bitz::piop::spartan::grinding: close time.busy=22.9µs time.idle=111ns
2026-10-07T19:22:14.830441Z  INFO falcon_algebraic:prove:falcon_algebraic:bitz:falcon_bridge:wfbitz_forest:spartan:grinding{bits=14}: bitz::piop::spartan::grinding: close time.busy=19.2µs time.idle=110ns
2026-10-07T19:22:14.830525Z  INFO falcon_algebraic:prove:falcon_algebraic:bitz:falcon_bridge:wfbitz_forest:spartan:grinding{bits=14}: bitz::piop::spartan::grinding: close time.busy=74.6µs time.idle=110ns
2026-10-07T19:22:14.830559Z  INFO falcon_algebraic:prove:falcon_algebraic:bitz:falcon_bridge:wfbitz_forest:spartan:grinding{bits=14}: bitz::piop::spartan::grinding: close time.busy=25.4µs time.idle=110ns
2026-10-07T19:22:14.830595Z  INFO falcon_algebraic:prove:falcon_algebraic:bitz:falcon_bridge:wfbitz_forest:spartan:grinding{bits=14}: bitz::piop::spartan::grinding: close time.busy=31.5µs time.idle=100ns
2026-10-07T19:22:14.830663Z  INFO falcon_algebraic:prove:falcon_algebraic:bitz:falcon_bridge:wfbitz_forest:spartan:grinding{bits=14}: bitz::piop::spartan::grinding: close time.busy=64.1µs time.idle=100ns
2026-10-07T19:22:14.830699Z  INFO falcon_algebraic:prove:falcon_algebraic:bitz:falcon_bridge:wfbitz_forest:spartan:grinding{bits=14}: bitz::piop::spartan::grinding: close time.busy=32.0µs time.idle=110ns
2026-10-07T19:22:14.830762Z  INFO falcon_algebraic:prove:falcon_algebraic:bitz:falcon_bridge:wfbitz_forest:spartan:grinding{bits=14}: bitz::piop::spartan::grinding: close time.busy=60.0µs time.idle=110ns
2026-10-07T19:22:14.830847Z  INFO falcon_algebraic:prove:falcon_algebraic:bitz:falcon_bridge:wfbitz_forest:spartan:grinding{bits=14}: bitz::piop::spartan::grinding: close time.busy=82.6µs time.idle=110ns
2026-10-07T19:22:14.830962Z  INFO falcon_algebraic:prove:falcon_algebraic:bitz:falcon_bridge:wfbitz_forest:spartan:grinding{bits=14}: bitz::piop::spartan::grinding: close time.busy=113µs time.idle=111ns
2026-10-07T19:22:14.830985Z  INFO falcon_algebraic:prove:falcon_algebraic:bitz:falcon_bridge:wfbitz_forest:spartan:grinding{bits=14}: bitz::piop::spartan::grinding: close time.busy=20.1µs time.idle=111ns
2026-10-07T19:22:14.831016Z  INFO falcon_algebraic:prove:falcon_algebraic:bitz:falcon_bridge:wfbitz_forest:spartan:grinding{bits=14}: bitz::piop::spartan::grinding: close time.busy=28.6µs time.idle=91.0ns
2026-10-07T19:22:14.831026Z  INFO falcon_algebraic:prove:falcon_algebraic:bitz:falcon_bridge:wfbitz_forest:spartan:grinding{bits=14}: bitz::piop::spartan::grinding: close time.busy=7.34µs time.idle=110ns
2026-10-07T19:22:14.831333Z  INFO falcon_algebraic:prove:falcon_algebraic:bitz:falcon_bridge:wfbitz_forest:spartan:grinding{bits=14}: bitz::piop::spartan::grinding: close time.busy=304µs time.idle=110ns
2026-10-07T19:22:14.831350Z  INFO falcon_algebraic:prove:falcon_algebraic:bitz:falcon_bridge:wfbitz_forest:spartan:grinding{bits=14}: bitz::piop::spartan::grinding: close time.busy=14.5µs time.idle=110ns
2026-10-07T19:22:14.831593Z  INFO falcon_algebraic:prove:falcon_algebraic:bitz:falcon_bridge:wfbitz_forest:spartan:grinding{bits=14}: bitz::piop::spartan::grinding: close time.busy=218µs time.idle=110ns
2026-10-07T19:22:14.831618Z  INFO falcon_algebraic:prove:falcon_algebraic:bitz:falcon_bridge:wfbitz_forest:spartan:grinding{bits=14}: bitz::piop::spartan::grinding: close time.busy=4.07µs time.idle=100ns
2026-10-07T19:22:14.831678Z  INFO falcon_algebraic:prove:falcon_algebraic:bitz:falcon_bridge:wfbitz_forest:spartan:grinding{bits=14}: bitz::piop::spartan::grinding: close time.busy=52.0µs time.idle=110ns
2026-10-07T19:22:14.831865Z  INFO falcon_algebraic:prove:falcon_algebraic:bitz:falcon_bridge:wfbitz_forest:spartan:grinding{bits=14}: bitz::piop::spartan::grinding: close time.busy=170µs time.idle=101ns
2026-10-07T19:22:14.831923Z  INFO falcon_algebraic:prove:falcon_algebraic:bitz:falcon_bridge:wfbitz_forest:spartan:grinding{bits=14}: bitz::piop::spartan::grinding: close time.busy=52.3µs time.idle=111ns
2026-10-07T19:22:14.831996Z  INFO falcon_algebraic:prove:falcon_algebraic:bitz:falcon_bridge:wfbitz_forest:spartan:grinding{bits=14}: bitz::piop::spartan::grinding: close time.busy=69.5µs time.idle=110ns
2026-10-07T19:22:14.832038Z  INFO falcon_algebraic:prove:falcon_algebraic:bitz:falcon_bridge:wfbitz_forest:spartan:grinding{bits=14}: bitz::piop::spartan::grinding: close time.busy=38.1µs time.idle=100ns
2026-10-07T19:22:14.832090Z  INFO falcon_algebraic:prove:falcon_algebraic:bitz:falcon_bridge:wfbitz_forest:spartan:grinding{bits=14}: bitz::piop::spartan::grinding: close time.busy=49.2µs time.idle=100ns
2026-10-07T19:22:14.832103Z  INFO falcon_algebraic:prove:falcon_algebraic:bitz:falcon_bridge:wfbitz_forest:spartan:grinding{bits=14}: bitz::piop::spartan::grinding: close time.busy=10.3µs time.idle=110ns
2026-10-07T19:22:14.832114Z  INFO falcon_algebraic:prove:falcon_algebraic:bitz:falcon_bridge:wfbitz_forest:spartan:grinding{bits=14}: bitz::piop::spartan::grinding: close time.busy=8.38µs time.idle=110ns
2026-10-07T19:22:14.832377Z  INFO falcon_algebraic:prove:falcon_algebraic:bitz:falcon_bridge:wfbitz_forest:spartan:grinding{bits=14}: bitz::piop::spartan::grinding: close time.busy=260µs time.idle=110ns
2026-10-07T19:22:14.832455Z  INFO falcon_algebraic:prove:falcon_algebraic:bitz:falcon_bridge:wfbitz_forest:spartan:grinding{bits=14}: bitz::piop::spartan::grinding: close time.busy=75.0µs time.idle=111ns
2026-10-07T19:22:14.832507Z  INFO falcon_algebraic:prove:falcon_algebraic:bitz:falcon_bridge:wfbitz_forest:spartan:grinding{bits=14}: bitz::piop::spartan::grinding: close time.busy=49.0µs time.idle=121ns
2026-10-07T19:22:14.832537Z  INFO falcon_algebraic:prove:falcon_algebraic:bitz:falcon_bridge:wfbitz_forest:spartan:grinding{bits=14}: bitz::piop::spartan::grinding: close time.busy=27.4µs time.idle=110ns
2026-10-07T19:22:14.832582Z  INFO falcon_algebraic:prove:falcon_algebraic:bitz:falcon_bridge:wfbitz_forest:spartan:grinding{bits=14}: bitz::piop::spartan::grinding: close time.busy=41.7µs time.idle=110ns
2026-10-07T19:22:14.832936Z  INFO falcon_algebraic:prove:falcon_algebraic:bitz:falcon_bridge:wfbitz_forest:spartan:grinding{bits=14}: bitz::piop::spartan::grinding: close time.busy=317µs time.idle=110ns
2026-10-07T19:22:14.832989Z  INFO falcon_algebraic:prove:falcon_algebraic:bitz:falcon_bridge:wfbitz_forest:spartan:grinding{bits=14}: bitz::piop::spartan::grinding: close time.busy=17.0µs time.idle=110ns
2026-10-07T19:22:14.833027Z  INFO falcon_algebraic:prove:falcon_algebraic:bitz:falcon_bridge:wfbitz_forest:spartan:grinding{bits=14}: bitz::piop::spartan::grinding: close time.busy=19.9µs time.idle=110ns
2026-10-07T19:22:14.833172Z  INFO falcon_algebraic:prove:falcon_algebraic:bitz:falcon_bridge:wfbitz_forest:spartan:grinding{bits=14}: bitz::piop::spartan::grinding: close time.busy=137µs time.idle=100ns
2026-10-07T19:22:14.833271Z  INFO falcon_algebraic:prove:falcon_algebraic:bitz:falcon_bridge:wfbitz_forest:spartan:grinding{bits=14}: bitz::piop::spartan::grinding: close time.busy=83.3µs time.idle=110ns
2026-10-07T19:22:14.833292Z  INFO falcon_algebraic:prove:falcon_algebraic:bitz:falcon_bridge:wfbitz_forest:spartan:grinding{bits=14}: bitz::piop::spartan::grinding: close time.busy=15.6µs time.idle=90.0ns
2026-10-07T19:22:14.833447Z  INFO falcon_algebraic:prove:falcon_algebraic:bitz:falcon_bridge:wfbitz_forest:spartan:grinding{bits=14}: bitz::piop::spartan::grinding: close time.busy=150µs time.idle=120ns
2026-10-07T19:22:14.833483Z  INFO falcon_algebraic:prove:falcon_algebraic:bitz:falcon_bridge:wfbitz_forest:spartan:grinding{bits=14}: bitz::piop::spartan::grinding: close time.busy=33.3µs time.idle=90.0ns
2026-10-07T19:22:14.833513Z  INFO falcon_algebraic:prove:falcon_algebraic:bitz:falcon_bridge:wfbitz_forest:spartan:grinding{bits=14}: bitz::piop::spartan::grinding: close time.busy=27.2µs time.idle=121ns
2026-10-07T19:22:14.833553Z  INFO falcon_algebraic:prove:falcon_algebraic:bitz:falcon_bridge:wfbitz_forest:spartan:grinding{bits=14}: bitz::piop::spartan::grinding: close time.busy=36.5µs time.idle=110ns
2026-10-07T19:22:14.833574Z  INFO falcon_algebraic:prove:falcon_algebraic:bitz:falcon_bridge:wfbitz_forest:spartan:grinding{bits=14}: bitz::piop::spartan::grinding: close time.busy=18.9µs time.idle=110ns
2026-10-07T19:22:14.833619Z  INFO falcon_algebraic:prove:falcon_algebraic:bitz:falcon_bridge:wfbitz_forest:spartan:grinding{bits=14}: bitz::piop::spartan::grinding: close time.busy=41.6µs time.idle=111ns
2026-10-07T19:22:14.833629Z  INFO falcon_algebraic:prove:falcon_algebraic:bitz:falcon_bridge:wfbitz_forest:spartan:grinding{bits=14}: bitz::piop::spartan::grinding: close time.busy=7.63µs time.idle=101ns
2026-10-07T19:22:14.833685Z  INFO falcon_algebraic:prove:falcon_algebraic:bitz:falcon_bridge:wfbitz_forest:spartan:grinding{bits=14}: bitz::piop::spartan::grinding: close time.busy=53.0µs time.idle=110ns
2026-10-07T19:22:14.833750Z  INFO falcon_algebraic:prove:falcon_algebraic:bitz:falcon_bridge:wfbitz_forest:spartan:grinding{bits=14}: bitz::piop::spartan::grinding: close time.busy=62.5µs time.idle=110ns
2026-10-07T19:22:14.833858Z  INFO falcon_algebraic:prove:falcon_algebraic:bitz:falcon_bridge:wfbitz_forest:spartan:grinding{bits=14}: bitz::piop::spartan::grinding: close time.busy=105µs time.idle=110ns
2026-10-07T19:22:14.834047Z  INFO falcon_algebraic:prove:falcon_algebraic:bitz:falcon_bridge:wfbitz_forest:spartan:grinding{bits=14}: bitz::piop::spartan::grinding: close time.busy=126µs time.idle=110ns
2026-10-07T19:22:14.834120Z  INFO falcon_algebraic:prove:falcon_algebraic:bitz:falcon_bridge:wfbitz_forest:spartan:grinding{bits=14}: bitz::piop::spartan::grinding: close time.busy=7.67µs time.idle=120ns
2026-10-07T19:22:14.834187Z  INFO falcon_algebraic:prove:falcon_algebraic:bitz:falcon_bridge:wfbitz_forest:spartan:grinding{bits=14}: bitz::piop::spartan::grinding: close time.busy=38.5µs time.idle=100ns
2026-10-07T19:22:14.834330Z  INFO falcon_algebraic:prove:falcon_algebraic:bitz:falcon_bridge:wfbitz_forest:spartan:grinding{bits=14}: bitz::piop::spartan::grinding: close time.busy=126µs time.idle=110ns
2026-10-07T19:22:14.834400Z  INFO falcon_algebraic:prove:falcon_algebraic:bitz:falcon_bridge:wfbitz_forest:spartan:grinding{bits=14}: bitz::piop::spartan::grinding: close time.busy=62.1µs time.idle=110ns
2026-10-07T19:22:14.834605Z  INFO falcon_algebraic:prove:falcon_algebraic:bitz:falcon_bridge:wfbitz_forest:spartan:grinding{bits=14}: bitz::piop::spartan::grinding: close time.busy=189µs time.idle=110ns
2026-10-07T19:22:14.834668Z  INFO falcon_algebraic:prove:falcon_algebraic:bitz:falcon_bridge:wfbitz_forest:spartan:grinding{bits=14}: bitz::piop::spartan::grinding: close time.busy=57.8µs time.idle=130ns
2026-10-07T19:22:14.834763Z  INFO falcon_algebraic:prove:falcon_algebraic:bitz:falcon_bridge:wfbitz_forest:spartan:grinding{bits=14}: bitz::piop::spartan::grinding: close time.busy=90.5µs time.idle=91.0ns
2026-10-07T19:22:14.834800Z  INFO falcon_algebraic:prove:falcon_algebraic:bitz:falcon_bridge:wfbitz_forest:spartan:grinding{bits=14}: bitz::piop::spartan::grinding: close time.busy=33.5µs time.idle=90.0ns
2026-10-07T19:22:14.834898Z  INFO falcon_algebraic:prove:falcon_algebraic:bitz:falcon_bridge:wfbitz_forest:spartan:grinding{bits=14}: bitz::piop::spartan::grinding: close time.busy=92.8µs time.idle=120ns
2026-10-07T19:22:14.834951Z  INFO falcon_algebraic:prove:falcon_algebraic:bitz:falcon_bridge:wfbitz_forest:spartan:grinding{bits=14}: bitz::piop::spartan::grinding: close time.busy=50.3µs time.idle=111ns
2026-10-07T19:22:14.834973Z  INFO falcon_algebraic:prove:falcon_algebraic:bitz:falcon_bridge:wfbitz_forest:spartan:grinding{bits=14}: bitz::piop::spartan::grinding: close time.busy=18.5µs time.idle=110ns
2026-10-07T19:22:14.834986Z  INFO falcon_algebraic:prove:falcon_algebraic:bitz:falcon_bridge:wfbitz_forest:spartan:grinding{bits=14}: bitz::piop::spartan::grinding: close time.busy=10.2µs time.idle=120ns
2026-10-07T19:22:14.835059Z  INFO falcon_algebraic:prove:falcon_algebraic:bitz:falcon_bridge:wfbitz_forest:spartan:grinding{bits=14}: bitz::piop::spartan::grinding: close time.busy=70.0µs time.idle=110ns
2026-10-07T19:22:14.835149Z  INFO falcon_algebraic:prove:falcon_algebraic:bitz:falcon_bridge:wfbitz_forest:spartan:grinding{bits=14}: bitz::piop::spartan::grinding: close time.busy=86.9µs time.idle=110ns
2026-10-07T19:22:14.835204Z  INFO falcon_algebraic:prove:falcon_algebraic:bitz:falcon_bridge:wfbitz_forest:spartan:grinding{bits=14}: bitz::piop::spartan::grinding: close time.busy=52.6µs time.idle=110ns
2026-10-07T19:22:14.835226Z  INFO falcon_algebraic:prove:falcon_algebraic:bitz:falcon_bridge:wfbitz_forest:spartan:grinding{bits=14}: bitz::piop::spartan::grinding: close time.busy=19.4µs time.idle=110ns
2026-10-07T19:22:14.835385Z  INFO falcon_algebraic:prove:falcon_algebraic:bitz:falcon_bridge:wfbitz_forest:spartan:grinding{bits=14}: bitz::piop::spartan::grinding: close time.busy=44.7µs time.idle=180ns
2026-10-07T19:22:14.835516Z  INFO falcon_algebraic:prove:falcon_algebraic:bitz:falcon_bridge:wfbitz_forest:spartan:grinding{bits=14}: bitz::piop::spartan::grinding: close time.busy=6.32µs time.idle=110ns
2026-10-07T19:22:14.835601Z  INFO falcon_algebraic:prove:falcon_algebraic:bitz:falcon_bridge:wfbitz_forest:spartan:grinding{bits=14}: bitz::piop::spartan::grinding: close time.busy=34.0µs time.idle=120ns
2026-10-07T19:22:14.835812Z  INFO falcon_algebraic:prove:falcon_algebraic:bitz:falcon_bridge:wfbitz_forest:spartan:grinding{bits=14}: bitz::piop::spartan::grinding: close time.busy=184µs time.idle=110ns
2026-10-07T19:22:14.835958Z  INFO falcon_algebraic:prove:falcon_algebraic:bitz:falcon_bridge:wfbitz_forest:spartan:grinding{bits=14}: bitz::piop::spartan::grinding: close time.busy=128µs time.idle=120ns
2026-10-07T19:22:14.836029Z  INFO falcon_algebraic:prove:falcon_algebraic:bitz:falcon_bridge:wfbitz_forest:spartan:grinding{bits=14}: bitz::piop::spartan::grinding: close time.busy=63.7µs time.idle=110ns
2026-10-07T19:22:14.836247Z  INFO falcon_algebraic:prove:falcon_algebraic:bitz:falcon_bridge:wfbitz_forest:spartan:grinding{bits=14}: bitz::piop::spartan::grinding: close time.busy=200µs time.idle=120ns
2026-10-07T19:22:14.836258Z  INFO falcon_algebraic:prove:falcon_algebraic:bitz:falcon_bridge:wfbitz_forest:spartan:grinding{bits=14}: bitz::piop::spartan::grinding: close time.busy=5.05µs time.idle=110ns
2026-10-07T19:22:14.836302Z  INFO falcon_algebraic:prove:falcon_algebraic:bitz:falcon_bridge:wfbitz_forest:spartan:grinding{bits=14}: bitz::piop::spartan::grinding: close time.busy=39.5µs time.idle=110ns
2026-10-07T19:22:14.836356Z  INFO falcon_algebraic:prove:falcon_algebraic:bitz:falcon_bridge:wfbitz_forest:spartan:grinding{bits=14}: bitz::piop::spartan::grinding: close time.busy=51.0µs time.idle=90.0ns
2026-10-07T19:22:14.836407Z  INFO falcon_algebraic:prove:falcon_algebraic:bitz:falcon_bridge:wfbitz_forest:spartan:grinding{bits=14}: bitz::piop::spartan::grinding: close time.busy=47.4µs time.idle=100ns
2026-10-07T19:22:14.836438Z  INFO falcon_algebraic:prove:falcon_algebraic:bitz:falcon_bridge:wfbitz_forest:spartan:grinding{bits=14}: bitz::piop::spartan::grinding: close time.busy=27.7µs time.idle=110ns
2026-10-07T19:22:14.836490Z  INFO falcon_algebraic:prove:falcon_algebraic:bitz:falcon_bridge:wfbitz_forest:spartan:grinding{bits=14}: bitz::piop::spartan::grinding: close time.busy=48.6µs time.idle=111ns
2026-10-07T19:22:14.836538Z  INFO falcon_algebraic:prove:falcon_algebraic:bitz:falcon_bridge:wfbitz_forest:spartan:grinding{bits=14}: bitz::piop::spartan::grinding: close time.busy=45.1µs time.idle=120ns
2026-10-07T19:22:14.836609Z  INFO falcon_algebraic:prove:falcon_algebraic:bitz:falcon_bridge:wfbitz_forest:spartan:grinding{bits=14}: bitz::piop::spartan::grinding: close time.busy=68.4µs time.idle=100ns
2026-10-07T19:22:14.836644Z  INFO falcon_algebraic:prove:falcon_algebraic:bitz:falcon_bridge:wfbitz_forest:spartan:grinding{bits=14}: bitz::piop::spartan::grinding: close time.busy=32.0µs time.idle=110ns
2026-10-07T19:22:14.836693Z  INFO falcon_algebraic:prove:falcon_algebraic:bitz:falcon_bridge:wfbitz_forest:spartan:grinding{bits=14}: bitz::piop::spartan::grinding: close time.busy=46.4µs time.idle=120ns
2026-10-07T19:22:14.836727Z  INFO falcon_algebraic:prove:falcon_algebraic:bitz:falcon_bridge:wfbitz_forest:spartan:grinding{bits=14}: bitz::piop::spartan::grinding: close time.busy=31.2µs time.idle=111ns
2026-10-07T19:22:14.836975Z  INFO falcon_algebraic:prove:falcon_algebraic:bitz:falcon_bridge:wfbitz_forest:spartan:grinding{bits=14}: bitz::piop::spartan::grinding: close time.busy=30.5µs time.idle=130ns
2026-10-07T19:22:14.837224Z  INFO falcon_algebraic:prove:falcon_algebraic:bitz:falcon_bridge:wfbitz_forest:spartan:grinding{bits=14}: bitz::piop::spartan::grinding: close time.busy=7.39µs time.idle=120ns
2026-10-07T19:22:14.837489Z  INFO falcon_algebraic:prove:falcon_algebraic:bitz:falcon_bridge:wfbitz_forest:spartan:grinding{bits=14}: bitz::piop::spartan::grinding: close time.busy=168µs time.idle=120ns
2026-10-07T19:22:14.837556Z  INFO falcon_algebraic:prove:falcon_algebraic:bitz:falcon_bridge:wfbitz_forest:spartan:grinding{bits=14}: bitz::piop::spartan::grinding: close time.busy=16.7µs time.idle=121ns
2026-10-07T19:22:14.837634Z  INFO falcon_algebraic:prove:falcon_algebraic:bitz:falcon_bridge:wfbitz_forest:spartan:grinding{bits=14}: bitz::piop::spartan::grinding: close time.busy=49.1µs time.idle=110ns
2026-10-07T19:22:14.837736Z  INFO falcon_algebraic:prove:falcon_algebraic:bitz:falcon_bridge:wfbitz_forest:spartan:grinding{bits=14}: bitz::piop::spartan::grinding: close time.busy=84.8µs time.idle=111ns
2026-10-07T19:22:14.837799Z  INFO falcon_algebraic:prove:falcon_algebraic:bitz:falcon_bridge:wfbitz_forest:spartan:grinding{bits=14}: bitz::piop::spartan::grinding: close time.busy=54.3µs time.idle=100ns
2026-10-07T19:22:14.837895Z  INFO falcon_algebraic:prove:falcon_algebraic:bitz:falcon_bridge:wfbitz_forest:spartan:grinding{bits=14}: bitz::piop::spartan::grinding: close time.busy=79.7µs time.idle=110ns
2026-10-07T19:22:14.838128Z  INFO falcon_algebraic:prove:falcon_algebraic:bitz:falcon_bridge:wfbitz_forest:spartan:grinding{bits=14}: bitz::piop::spartan::grinding: close time.busy=228µs time.idle=111ns
2026-10-07T19:22:14.838207Z  INFO falcon_algebraic:prove:falcon_algebraic:bitz:falcon_bridge:wfbitz_forest:spartan:grinding{bits=14}: bitz::piop::spartan::grinding: close time.busy=74.7µs time.idle=111ns
2026-10-07T19:22:14.838221Z  INFO falcon_algebraic:prove:falcon_algebraic:bitz:falcon_bridge:wfbitz_forest:spartan:grinding{bits=14}: bitz::piop::spartan::grinding: close time.busy=11.0µs time.idle=100ns
2026-10-07T19:22:14.838346Z  INFO falcon_algebraic:prove:falcon_algebraic:bitz:falcon_bridge:wfbitz_forest:spartan:grinding{bits=14}: bitz::piop::spartan::grinding: close time.busy=123µs time.idle=100ns
2026-10-07T19:22:14.838443Z  INFO falcon_algebraic:prove:falcon_algebraic:bitz:falcon_bridge:wfbitz_forest:spartan:grinding{bits=14}: bitz::piop::spartan::grinding: close time.busy=94.5µs time.idle=110ns
2026-10-07T19:22:14.838461Z  INFO falcon_algebraic:prove:falcon_algebraic:bitz:falcon_bridge:wfbitz_forest:spartan:grinding{bits=14}: bitz::piop::spartan::grinding: close time.busy=15.6µs time.idle=110ns
2026-10-07T19:22:14.838508Z  INFO falcon_algebraic:prove:falcon_algebraic:bitz:falcon_bridge:wfbitz_forest:spartan:grinding{bits=14}: bitz::piop::spartan::grinding: close time.busy=43.7µs time.idle=110ns
2026-10-07T19:22:14.838551Z  INFO falcon_algebraic:prove:falcon_algebraic:bitz:falcon_bridge:wfbitz_forest:spartan:grinding{bits=14}: bitz::piop::spartan::grinding: close time.busy=40.9µs time.idle=111ns
2026-10-07T19:22:14.838595Z  INFO falcon_algebraic:prove:falcon_algebraic:bitz:falcon_bridge:wfbitz_forest:spartan:grinding{bits=14}: bitz::piop::spartan::grinding: close time.busy=41.1µs time.idle=110ns
2026-10-07T19:22:14.838603Z  INFO falcon_algebraic:prove:falcon_algebraic:bitz:falcon_bridge:wfbitz_forest:spartan:grinding{bits=14}: bitz::piop::spartan::grinding: close time.busy=5.57µs time.idle=100ns
2026-10-07T19:22:14.838725Z  INFO falcon_algebraic:prove:falcon_algebraic:bitz:falcon_bridge:wfbitz_forest:spartan:grinding{bits=14}: bitz::piop::spartan::grinding: close time.busy=119µs time.idle=112ns
2026-10-07T19:22:14.839155Z  INFO falcon_algebraic:prove:falcon_algebraic:bitz:falcon_bridge:wfbitz_forest:spartan:grinding{bits=14}: bitz::piop::spartan::grinding: close time.busy=5.35µs time.idle=121ns
2026-10-07T19:22:14.839638Z  INFO falcon_algebraic:prove:falcon_algebraic:bitz:falcon_bridge:wfbitz_forest:spartan:grinding{bits=14}: bitz::piop::spartan::grinding: close time.busy=6.91µs time.idle=131ns
2026-10-07T19:22:14.839837Z  INFO falcon_algebraic:prove:falcon_algebraic:bitz:falcon_bridge:wfbitz_forest:spartan:grinding{bits=14}: bitz::piop::spartan::grinding: close time.busy=16.5µs time.idle=120ns
2026-10-07T19:22:14.840072Z  INFO falcon_algebraic:prove:falcon_algebraic:bitz:falcon_bridge:wfbitz_forest:spartan:grinding{bits=14}: bitz::piop::spartan::grinding: close time.busy=140µs time.idle=100ns
2026-10-07T19:22:14.840216Z  INFO falcon_algebraic:prove:falcon_algebraic:bitz:falcon_bridge:wfbitz_forest:spartan:grinding{bits=14}: bitz::piop::spartan::grinding: close time.busy=92.1µs time.idle=110ns
2026-10-07T19:22:14.840262Z  INFO falcon_algebraic:prove:falcon_algebraic:bitz:falcon_bridge:wfbitz_forest:spartan:grinding{bits=14}: bitz::piop::spartan::grinding: close time.busy=17.6µs time.idle=110ns
2026-10-07T19:22:14.840382Z  INFO falcon_algebraic:prove:falcon_algebraic:bitz:falcon_bridge:wfbitz_forest:spartan:grinding{bits=14}: bitz::piop::spartan::grinding: close time.busy=103µs time.idle=110ns
2026-10-07T19:22:14.840451Z  INFO falcon_algebraic:prove:falcon_algebraic:bitz:falcon_bridge:wfbitz_forest:spartan:grinding{bits=14}: bitz::piop::spartan::grinding: close time.busy=62.0µs time.idle=120ns
2026-10-07T19:22:14.840620Z  INFO falcon_algebraic:prove:falcon_algebraic:bitz:falcon_bridge:wfbitz_forest:spartan:grinding{bits=14}: bitz::piop::spartan::grinding: close time.busy=153µs time.idle=111ns
2026-10-07T19:22:14.840636Z  INFO falcon_algebraic:prove:falcon_algebraic:bitz:falcon_bridge:wfbitz_forest:spartan:grinding{bits=14}: bitz::piop::spartan::grinding: close time.busy=10.2µs time.idle=111ns
2026-10-07T19:22:14.840689Z  INFO falcon_algebraic:prove:falcon_algebraic:bitz:falcon_bridge:wfbitz_forest:spartan:grinding{bits=14}: bitz::piop::spartan::grinding: close time.busy=48.4µs time.idle=110ns
2026-10-07T19:22:14.840714Z  INFO falcon_algebraic:prove:falcon_algebraic:bitz:falcon_bridge:wfbitz_forest:spartan:grinding{bits=14}: bitz::piop::spartan::grinding: close time.busy=22.1µs time.idle=110ns
2026-10-07T19:22:14.840895Z  INFO falcon_algebraic:prove:falcon_algebraic:bitz:falcon_bridge:wfbitz_forest:spartan:grinding{bits=14}: bitz::piop::spartan::grinding: close time.busy=178µs time.idle=101ns
2026-10-07T19:22:14.841047Z  INFO falcon_algebraic:prove:falcon_algebraic:bitz:falcon_bridge:wfbitz_forest:spartan:grinding{bits=14}: bitz::piop::spartan::grinding: close time.busy=149µs time.idle=110ns
2026-10-07T19:22:14.841066Z  INFO falcon_algebraic:prove:falcon_algebraic:bitz:falcon_bridge:wfbitz_forest:spartan:grinding{bits=14}: bitz::piop::spartan::grinding: close time.busy=16.2µs time.idle=120ns
2026-10-07T19:22:14.841174Z  INFO falcon_algebraic:prove:falcon_algebraic:bitz:falcon_bridge:wfbitz_forest:spartan:grinding{bits=14}: bitz::piop::spartan::grinding: close time.busy=104µs time.idle=111ns
2026-10-07T19:22:14.841375Z  INFO falcon_algebraic:prove:falcon_algebraic:bitz:falcon_bridge:wfbitz_forest:spartan:grinding{bits=14}: bitz::piop::spartan::grinding: close time.busy=199µs time.idle=120ns
2026-10-07T19:22:14.841521Z  INFO falcon_algebraic:prove:falcon_algebraic:bitz:falcon_bridge:wfbitz_forest:spartan:grinding{bits=14}: bitz::piop::spartan::grinding: close time.busy=143µs time.idle=100ns
2026-10-07T19:22:14.841577Z  INFO falcon_algebraic:prove:falcon_algebraic:bitz:falcon_bridge:wfbitz_forest:spartan:grinding{bits=14}: bitz::piop::spartan::grinding: close time.busy=53.6µs time.idle=111ns
2026-10-07T19:22:14.841647Z  INFO falcon_algebraic:prove:falcon_algebraic:bitz:falcon_bridge:wfbitz_forest:spartan:grinding{bits=14}: bitz::piop::spartan::grinding: close time.busy=67.7µs time.idle=121ns
2026-10-07T19:22:14.844448Z  INFO falcon_algebraic:prove:falcon_algebraic:bitz:falcon_bridge:wfbitz_forest:spartan:grinding{bits=14}: bitz::piop::spartan::grinding: close time.busy=116µs time.idle=110ns
2026-10-07T19:22:14.845451Z  INFO falcon_algebraic:prove:falcon_algebraic:bitz:falcon_bridge:wfbitz_forest:spartan:grinding{bits=14}: bitz::piop::spartan::grinding: close time.busy=49.4µs time.idle=130ns
2026-10-07T19:22:14.845905Z  INFO falcon_algebraic:prove:falcon_algebraic:bitz:falcon_bridge:wfbitz_forest:spartan:grinding{bits=14}: bitz::piop::spartan::grinding: close time.busy=91.9µs time.idle=120ns
2026-10-07T19:22:14.846209Z  INFO falcon_algebraic:prove:falcon_algebraic:bitz:falcon_bridge:wfbitz_forest:spartan:grinding{bits=14}: bitz::piop::spartan::grinding: close time.busy=118µs time.idle=121ns
2026-10-07T19:22:14.846453Z  INFO falcon_algebraic:prove:falcon_algebraic:bitz:falcon_bridge:wfbitz_forest:spartan:grinding{bits=14}: bitz::piop::spartan::grinding: close time.busy=146µs time.idle=121ns
2026-10-07T19:22:14.846514Z  INFO falcon_algebraic:prove:falcon_algebraic:bitz:falcon_bridge:wfbitz_forest:spartan:grinding{bits=14}: bitz::piop::spartan::grinding: close time.busy=8.71µs time.idle=110ns
2026-10-07T19:22:14.846607Z  INFO falcon_algebraic:prove:falcon_algebraic:bitz:falcon_bridge:wfbitz_forest:spartan:grinding{bits=14}: bitz::piop::spartan::grinding: close time.busy=64.7µs time.idle=110ns
2026-10-07T19:22:14.846679Z  INFO falcon_algebraic:prove:falcon_algebraic:bitz:falcon_bridge:wfbitz_forest:spartan:grinding{bits=14}: bitz::piop::spartan::grinding: close time.busy=55.1µs time.idle=110ns
2026-10-07T19:22:14.846703Z  INFO falcon_algebraic:prove:falcon_algebraic:bitz:falcon_bridge:wfbitz_forest:spartan:grinding{bits=14}: bitz::piop::spartan::grinding: close time.busy=15.7µs time.idle=110ns
2026-10-07T19:22:14.846797Z  INFO falcon_algebraic:prove:falcon_algebraic:bitz:falcon_bridge:wfbitz_forest:spartan:grinding{bits=14}: bitz::piop::spartan::grinding: close time.busy=77.9µs time.idle=110ns
2026-10-07T19:22:14.846884Z  INFO falcon_algebraic:prove:falcon_algebraic:bitz:falcon_bridge:wfbitz_forest:spartan:grinding{bits=14}: bitz::piop::spartan::grinding: close time.busy=81.5µs time.idle=111ns
2026-10-07T19:22:14.846915Z  INFO falcon_algebraic:prove:falcon_algebraic:bitz:falcon_bridge:wfbitz_forest:spartan:grinding{bits=14}: bitz::piop::spartan::grinding: close time.busy=26.2µs time.idle=110ns
2026-10-07T19:22:14.846923Z  INFO falcon_algebraic:prove:falcon_algebraic:bitz:falcon_bridge:wfbitz_forest:spartan:grinding{bits=14}: bitz::piop::spartan::grinding: close time.busy=4.46µs time.idle=120ns
2026-10-07T19:22:14.847115Z  INFO falcon_algebraic:prove:falcon_algebraic:bitz:falcon_bridge:wfbitz_forest:spartan:grinding{bits=14}: bitz::piop::spartan::grinding: close time.busy=189µs time.idle=111ns
2026-10-07T19:22:14.847126Z  INFO falcon_algebraic:prove:falcon_algebraic:bitz:falcon_bridge:wfbitz_forest:spartan:grinding{bits=14}: bitz::piop::spartan::grinding: close time.busy=7.66µs time.idle=111ns
2026-10-07T19:22:14.847167Z  INFO falcon_algebraic:prove:falcon_algebraic:bitz:falcon_bridge:wfbitz_forest:spartan:grinding{bits=14}: bitz::piop::spartan::grinding: close time.busy=37.4µs time.idle=120ns
2026-10-07T19:22:14.847282Z  INFO falcon_algebraic:prove:falcon_algebraic:bitz:falcon_bridge:wfbitz_forest:spartan:grinding{bits=14}: bitz::piop::spartan::grinding: close time.busy=113µs time.idle=120ns
2026-10-07T19:22:14.847297Z  INFO falcon_algebraic:prove:falcon_algebraic:bitz:falcon_bridge:wfbitz_forest:spartan:grinding{bits=14}: bitz::piop::spartan::grinding: close time.busy=11.5µs time.idle=111ns
2026-10-07T19:22:14.847326Z  INFO falcon_algebraic:prove:falcon_algebraic:bitz:falcon_bridge:wfbitz_forest:spartan:grinding{bits=14}: bitz::piop::spartan::grinding: close time.busy=26.2µs time.idle=120ns
2026-10-07T19:22:14.847356Z  INFO falcon_algebraic:prove:falcon_algebraic:bitz:falcon_bridge:wfbitz_forest:spartan:grinding{bits=14}: bitz::piop::spartan::grinding: close time.busy=27.5µs time.idle=110ns
2026-10-07T19:22:14.847394Z  INFO falcon_algebraic:prove:falcon_algebraic:bitz:falcon_bridge:wfbitz_forest:spartan:grinding{bits=14}: bitz::piop::spartan::grinding: close time.busy=34.7µs time.idle=111ns
2026-10-07T19:22:14.849555Z  INFO falcon_algebraic:prove:falcon_algebraic:bitz:falcon_bridge:wfbitz_forest:spartan:grinding{bits=14}: bitz::piop::spartan::grinding: close time.busy=21.6µs time.idle=140ns
2026-10-07T19:22:14.851465Z  INFO falcon_algebraic:prove:falcon_algebraic:bitz:falcon_bridge:wfbitz_forest:spartan:grinding{bits=14}: bitz::piop::spartan::grinding: close time.busy=59.6µs time.idle=132ns
2026-10-07T19:22:14.852202Z  INFO falcon_algebraic:prove:falcon_algebraic:bitz:falcon_bridge:wfbitz_forest:spartan:grinding{bits=14}: bitz::piop::spartan::grinding: close time.busy=16.5µs time.idle=130ns
2026-10-07T19:22:14.852752Z  INFO falcon_algebraic:prove:falcon_algebraic:bitz:falcon_bridge:wfbitz_forest:spartan:grinding{bits=14}: bitz::piop::spartan::grinding: close time.busy=188µs time.idle=131ns
2026-10-07T19:22:14.853278Z  INFO falcon_algebraic:prove:falcon_algebraic:bitz:falcon_bridge:wfbitz_forest:spartan:grinding{bits=14}: bitz::piop::spartan::grinding: close time.busy=342µs time.idle=130ns
2026-10-07T19:22:14.853387Z  INFO falcon_algebraic:prove:falcon_algebraic:bitz:falcon_bridge:wfbitz_forest:spartan:grinding{bits=14}: bitz::piop::spartan::grinding: close time.busy=12.0µs time.idle=90.0ns
2026-10-07T19:22:14.853493Z  INFO falcon_algebraic:prove:falcon_algebraic:bitz:falcon_bridge:wfbitz_forest:spartan:grinding{bits=14}: bitz::piop::spartan::grinding: close time.busy=53.5µs time.idle=120ns
2026-10-07T19:22:14.853610Z  INFO falcon_algebraic:prove:falcon_algebraic:bitz:falcon_bridge:wfbitz_forest:spartan:grinding{bits=14}: bitz::piop::spartan::grinding: close time.busy=89.0µs time.idle=120ns
2026-10-07T19:22:14.853657Z  INFO falcon_algebraic:prove:falcon_algebraic:bitz:falcon_bridge:wfbitz_forest:spartan:grinding{bits=14}: bitz::piop::spartan::grinding: close time.busy=30.2µs time.idle=120ns
2026-10-07T19:22:14.853670Z  INFO falcon_algebraic:prove:falcon_algebraic:bitz:falcon_bridge:wfbitz_forest:spartan:grinding{bits=14}: bitz::piop::spartan::grinding: close time.busy=4.64µs time.idle=120ns
2026-10-07T19:22:14.853880Z  INFO falcon_algebraic:prove:falcon_algebraic:bitz:falcon_bridge:wfbitz_forest:spartan:grinding{bits=14}: bitz::piop::spartan::grinding: close time.busy=194µs time.idle=110ns
2026-10-07T19:22:14.853931Z  INFO falcon_algebraic:prove:falcon_algebraic:bitz:falcon_bridge:wfbitz_forest:spartan:grinding{bits=14}: bitz::piop::spartan::grinding: close time.busy=45.1µs time.idle=101ns
2026-10-07T19:22:14.853974Z  INFO falcon_algebraic:prove:falcon_algebraic:bitz:falcon_bridge:wfbitz_forest:spartan:grinding{bits=14}: bitz::piop::spartan::grinding: close time.busy=39.5µs time.idle=102ns
2026-10-07T19:22:14.854003Z  INFO falcon_algebraic:prove:falcon_algebraic:bitz:falcon_bridge:wfbitz_forest:spartan:grinding{bits=14}: bitz::piop::spartan::grinding: close time.busy=25.7µs time.idle=121ns
2026-10-07T19:22:14.854012Z  INFO falcon_algebraic:prove:falcon_algebraic:bitz:falcon_bridge:wfbitz_forest:spartan:grinding{bits=14}: bitz::piop::spartan::grinding: close time.busy=4.87µs time.idle=110ns
2026-10-07T19:22:14.854142Z  INFO falcon_algebraic:prove:falcon_algebraic:bitz:falcon_bridge:wfbitz_forest:spartan:grinding{bits=14}: bitz::piop::spartan::grinding: close time.busy=127µs time.idle=110ns
2026-10-07T19:22:14.854194Z  INFO falcon_algebraic:prove:falcon_algebraic:bitz:falcon_bridge:wfbitz_forest:spartan:grinding{bits=14}: bitz::piop::spartan::grinding: close time.busy=49.0µs time.idle=110ns
2026-10-07T19:22:14.854227Z  INFO falcon_algebraic:prove:falcon_algebraic:bitz:falcon_bridge:wfbitz_forest:spartan:grinding{bits=14}: bitz::piop::spartan::grinding: close time.busy=29.4µs time.idle=110ns
2026-10-07T19:22:14.854289Z  INFO falcon_algebraic:prove:falcon_algebraic:bitz:falcon_bridge:wfbitz_forest:spartan:grinding{bits=14}: bitz::piop::spartan::grinding: close time.busy=59.7µs time.idle=110ns
2026-10-07T19:22:14.854325Z  INFO falcon_algebraic:prove:falcon_algebraic:bitz:falcon_bridge:wfbitz_forest:spartan:grinding{bits=14}: bitz::piop::spartan::grinding: close time.busy=33.4µs time.idle=120ns
2026-10-07T19:22:14.854380Z  INFO falcon_algebraic:prove:falcon_algebraic:bitz:falcon_bridge:wfbitz_forest:spartan:grinding{bits=14}: bitz::piop::spartan::grinding: close time.busy=52.2µs time.idle=110ns
2026-10-07T19:22:14.854393Z  INFO falcon_algebraic:prove:falcon_algebraic:bitz:falcon_bridge:wfbitz_forest:spartan:grinding{bits=14}: bitz::piop::spartan::grinding: close time.busy=10.1µs time.idle=110ns
2026-10-07T19:22:14.857691Z  INFO falcon_algebraic:prove:falcon_algebraic:bitz:falcon_bridge:wfbitz_forest:spartan:grinding{bits=14}: bitz::piop::spartan::grinding: close time.busy=108µs time.idle=150ns
2026-10-07T19:22:14.860347Z  INFO falcon_algebraic:prove:falcon_algebraic:bitz:falcon_bridge:wfbitz_forest:spartan:grinding{bits=14}: bitz::piop::spartan::grinding: close time.busy=51.5µs time.idle=130ns
2026-10-07T19:22:14.862193Z  INFO falcon_algebraic:prove:falcon_algebraic:bitz:falcon_bridge:wfbitz_forest:spartan:grinding{bits=14}: bitz::piop::spartan::grinding: close time.busy=7.31µs time.idle=150ns
2026-10-07T19:22:14.862909Z  INFO falcon_algebraic:prove:falcon_algebraic:bitz:falcon_bridge:wfbitz_forest:spartan:grinding{bits=14}: bitz::piop::spartan::grinding: close time.busy=40.1µs time.idle=120ns
2026-10-07T19:22:14.863268Z  INFO falcon_algebraic:prove:falcon_algebraic:bitz:falcon_bridge:wfbitz_forest:spartan:grinding{bits=14}: bitz::piop::spartan::grinding: close time.busy=11.9µs time.idle=130ns
2026-10-07T19:22:14.863474Z  INFO falcon_algebraic:prove:falcon_algebraic:bitz:falcon_bridge:wfbitz_forest:spartan:grinding{bits=14}: bitz::piop::spartan::grinding: close time.busy=32.3µs time.idle=121ns
2026-10-07T19:22:14.863582Z  INFO falcon_algebraic:prove:falcon_algebraic:bitz:falcon_bridge:wfbitz_forest:spartan:grinding{bits=14}: bitz::piop::spartan::grinding: close time.busy=14.7µs time.idle=120ns
2026-10-07T19:22:14.863640Z  INFO falcon_algebraic:prove:falcon_algebraic:bitz:falcon_bridge:wfbitz_forest:spartan:grinding{bits=14}: bitz::piop::spartan::grinding: close time.busy=6.80µs time.idle=120ns
2026-10-07T19:22:14.863711Z  INFO falcon_algebraic:prove:falcon_algebraic:bitz:falcon_bridge:wfbitz_forest:spartan:grinding{bits=14}: bitz::piop::spartan::grinding: close time.busy=42.5µs time.idle=130ns
2026-10-07T19:22:14.863749Z  INFO falcon_algebraic:prove:falcon_algebraic:bitz:falcon_bridge:wfbitz_forest:spartan:grinding{bits=14}: bitz::piop::spartan::grinding: close time.busy=20.4µs time.idle=120ns
2026-10-07T19:22:14.863788Z  INFO falcon_algebraic:prove:falcon_algebraic:bitz:falcon_bridge:wfbitz_forest:spartan:grinding{bits=14}: bitz::piop::spartan::grinding: close time.busy=31.0µs time.idle=120ns
2026-10-07T19:22:14.863838Z  INFO falcon_algebraic:prove:falcon_algebraic:bitz:falcon_bridge:wfbitz_forest:spartan:grinding{bits=14}: bitz::piop::spartan::grinding: close time.busy=33.6µs time.idle=110ns
2026-10-07T19:22:14.863857Z  INFO falcon_algebraic:prove:falcon_algebraic:bitz:falcon_bridge:wfbitz_forest:spartan:grinding{bits=14}: bitz::piop::spartan::grinding: close time.busy=12.5µs time.idle=110ns
2026-10-07T19:22:14.863900Z  INFO falcon_algebraic:prove:falcon_algebraic:bitz:falcon_bridge:wfbitz_forest:spartan:grinding{bits=14}: bitz::piop::spartan::grinding: close time.busy=39.6µs time.idle=100ns
2026-10-07T19:22:14.863917Z  INFO falcon_algebraic:prove:falcon_algebraic:bitz:falcon_bridge:wfbitz_forest:spartan:grinding{bits=14}: bitz::piop::spartan::grinding: close time.busy=13.1µs time.idle=122ns
2026-10-07T19:22:14.863968Z  INFO falcon_algebraic:prove:falcon_algebraic:bitz:falcon_bridge:wfbitz_forest:spartan:grinding{bits=14}: bitz::piop::spartan::grinding: close time.busy=47.7µs time.idle=90.0ns
2026-10-07T19:22:14.863985Z  INFO falcon_algebraic:prove:falcon_algebraic:bitz:falcon_bridge:wfbitz_forest:spartan:grinding{bits=14}: bitz::piop::spartan::grinding: close time.busy=14.4µs time.idle=120ns
2026-10-07T19:22:14.864038Z  INFO falcon_algebraic:prove:falcon_algebraic:bitz:falcon_bridge:wfbitz_forest:spartan:grinding{bits=14}: bitz::piop::spartan::grinding: close time.busy=49.6µs time.idle=110ns
2026-10-07T19:22:14.864271Z  INFO falcon_algebraic:prove:falcon_algebraic:bitz:falcon_bridge:wfbitz_forest:spartan:grinding{bits=14}: bitz::piop::spartan::grinding: close time.busy=231µs time.idle=110ns
2026-10-07T19:22:14.864294Z  INFO falcon_algebraic:prove:falcon_algebraic:bitz:falcon_bridge:wfbitz_forest:spartan:grinding{bits=14}: bitz::piop::spartan::grinding: close time.busy=19.9µs time.idle=110ns
2026-10-07T19:22:14.864377Z  INFO falcon_algebraic:prove:falcon_algebraic:bitz:falcon_bridge:wfbitz_forest:spartan:grinding{bits=14}: bitz::piop::spartan::grinding: close time.busy=80.4µs time.idle=91.0ns
2026-10-07T19:22:14.864409Z  INFO falcon_algebraic:prove:falcon_algebraic:bitz:falcon_bridge:wfbitz_forest:spartan:grinding{bits=14}: bitz::piop::spartan::grinding: close time.busy=28.7µs time.idle=120ns
2026-10-07T19:22:14.864424Z  INFO falcon_algebraic:prove:falcon_algebraic:bitz:falcon_bridge:wfbitz_forest:spartan:grinding{bits=14}: bitz::piop::spartan::grinding: close time.busy=12.4µs time.idle=110ns
2026-10-07T19:22:14.867928Z  INFO falcon_algebraic:prove:falcon_algebraic:bitz:falcon_bridge:wfbitz_forest:spartan:grinding{bits=14}: bitz::piop::spartan::grinding: close time.busy=116µs time.idle=120ns
2026-10-07T19:22:14.867997Z  INFO falcon_algebraic:prove:falcon_algebraic:bitz:falcon_bridge:wfbitz_forest:spartan:grinding{bits=14}: bitz::piop::spartan::grinding: close time.busy=65.6µs time.idle=110ns
2026-10-07T19:22:14.870635Z  INFO falcon_algebraic:prove:falcon_algebraic:bitz:falcon_bridge:wfbitz_forest:spartan:grinding{bits=14}: bitz::piop::spartan::grinding: close time.busy=35.7µs time.idle=130ns
2026-10-07T19:22:14.872494Z  INFO falcon_algebraic:prove:falcon_algebraic:bitz:falcon_bridge:wfbitz_forest:spartan:grinding{bits=14}: bitz::piop::spartan::grinding: close time.busy=14.7µs time.idle=130ns
2026-10-07T19:22:14.873176Z  INFO falcon_algebraic:prove:falcon_algebraic:bitz:falcon_bridge:wfbitz_forest:spartan:grinding{bits=14}: bitz::piop::spartan::grinding: close time.busy=5.91µs time.idle=110ns
2026-10-07T19:22:14.873530Z  INFO falcon_algebraic:prove:falcon_algebraic:bitz:falcon_bridge:wfbitz_forest:spartan:grinding{bits=14}: bitz::piop::spartan::grinding: close time.busy=13.9µs time.idle=121ns
2026-10-07T19:22:14.873837Z  INFO falcon_algebraic:prove:falcon_algebraic:bitz:falcon_bridge:wfbitz_forest:spartan:grinding{bits=14}: bitz::piop::spartan::grinding: close time.busy=133µs time.idle=120ns
2026-10-07T19:22:14.873941Z  INFO falcon_algebraic:prove:falcon_algebraic:bitz:falcon_bridge:wfbitz_forest:spartan:grinding{bits=14}: bitz::piop::spartan::grinding: close time.busy=10.7µs time.idle=121ns
2026-10-07T19:22:14.874003Z  INFO falcon_algebraic:prove:falcon_algebraic:bitz:falcon_bridge:wfbitz_forest:spartan:grinding{bits=14}: bitz::piop::spartan::grinding: close time.busy=9.81µs time.idle=130ns
2026-10-07T19:22:14.874334Z  INFO falcon_algebraic:prove:falcon_algebraic:bitz:falcon_bridge:wfbitz_forest:spartan:grinding{bits=14}: bitz::piop::spartan::grinding: close time.busy=302µs time.idle=120ns
2026-10-07T19:22:14.874365Z  INFO falcon_algebraic:prove:falcon_algebraic:bitz:falcon_bridge:wfbitz_forest:spartan:grinding{bits=14}: bitz::piop::spartan::grinding: close time.busy=12.9µs time.idle=120ns
2026-10-07T19:22:14.874411Z  INFO falcon_algebraic:prove:falcon_algebraic:bitz:falcon_bridge:wfbitz_forest:spartan:grinding{bits=14}: bitz::piop::spartan::grinding: close time.busy=38.1µs time.idle=110ns
2026-10-07T19:22:14.874462Z  INFO falcon_algebraic:prove:falcon_algebraic:bitz:falcon_bridge:wfbitz_forest:spartan:grinding{bits=14}: bitz::piop::spartan::grinding: close time.busy=34.3µs time.idle=100ns
2026-10-07T19:22:14.874493Z  INFO falcon_algebraic:prove:falcon_algebraic:bitz:falcon_bridge:wfbitz_forest:spartan:grinding{bits=14}: bitz::piop::spartan::grinding: close time.busy=25.7µs time.idle=110ns
2026-10-07T19:22:14.874573Z  INFO falcon_algebraic:prove:falcon_algebraic:bitz:falcon_bridge:wfbitz_forest:spartan:grinding{bits=14}: bitz::piop::spartan::grinding: close time.busy=74.8µs time.idle=101ns
2026-10-07T19:22:14.874581Z  INFO falcon_algebraic:prove:falcon_algebraic:bitz:falcon_bridge:wfbitz_forest:spartan:grinding{bits=14}: bitz::piop::spartan::grinding: close time.busy=4.10µs time.idle=110ns
2026-10-07T19:22:14.874612Z  INFO falcon_algebraic:prove:falcon_algebraic:bitz:falcon_bridge:wfbitz_forest:spartan:grinding{bits=14}: bitz::piop::spartan::grinding: close time.busy=27.5µs time.idle=120ns
2026-10-07T19:22:14.874634Z  INFO falcon_algebraic:prove:falcon_algebraic:bitz:falcon_bridge:wfbitz_forest:spartan:grinding{bits=14}: bitz::piop::spartan::grinding: close time.busy=19.7µs time.idle=121ns
2026-10-07T19:22:14.874705Z  INFO falcon_algebraic:prove:falcon_algebraic:bitz:falcon_bridge:wfbitz_forest:spartan:grinding{bits=14}: bitz::piop::spartan::grinding: close time.busy=68.4µs time.idle=110ns
2026-10-07T19:22:14.874767Z  INFO falcon_algebraic:prove:falcon_algebraic:bitz:falcon_bridge:wfbitz_forest:spartan:grinding{bits=14}: bitz::piop::spartan::grinding: close time.busy=58.9µs time.idle=100ns
2026-10-07T19:22:14.874911Z  INFO falcon_algebraic:prove:falcon_algebraic:bitz:falcon_bridge:wfbitz_forest:spartan:grinding{bits=14}: bitz::piop::spartan::grinding: close time.busy=142µs time.idle=110ns
2026-10-07T19:22:14.874961Z  INFO falcon_algebraic:prove:falcon_algebraic:bitz:falcon_bridge:wfbitz_forest:spartan:grinding{bits=14}: bitz::piop::spartan::grinding: close time.busy=46.8µs time.idle=110ns
2026-10-07T19:22:14.874979Z  INFO falcon_algebraic:prove:falcon_algebraic:bitz:falcon_bridge:wfbitz_forest:spartan:grinding{bits=14}: bitz::piop::spartan::grinding: close time.busy=16.0µs time.idle=110ns
2026-10-07T19:22:14.875089Z  INFO falcon_algebraic:prove:falcon_algebraic:bitz:falcon_bridge:wfbitz_forest:spartan:grinding{bits=14}: bitz::piop::spartan::grinding: close time.busy=107µs time.idle=120ns
2026-10-07T19:22:14.878135Z  INFO falcon_algebraic:prove:falcon_algebraic:bitz:falcon_bridge:wfbitz_forest:spartan:grinding{bits=14}: bitz::piop::spartan::grinding: close time.busy=116µs time.idle=120ns
2026-10-07T19:22:14.878168Z  INFO falcon_algebraic:prove:falcon_algebraic:bitz:falcon_bridge:wfbitz_forest:spartan:grinding{bits=14}: bitz::piop::spartan::grinding: close time.busy=29.3µs time.idle=100ns
2026-10-07T19:22:14.878275Z  INFO falcon_algebraic:prove:falcon_algebraic:bitz:falcon_bridge:wfbitz_forest:spartan:grinding{bits=14}: bitz::piop::spartan::grinding: close time.busy=104µs time.idle=110ns
2026-10-07T19:22:14.881056Z  INFO falcon_algebraic:prove:falcon_algebraic:bitz:falcon_bridge:wfbitz_forest:spartan:grinding{bits=14}: bitz::piop::spartan::grinding: close time.busy=46.6µs time.idle=131ns
2026-10-07T19:22:14.882916Z  INFO falcon_algebraic:prove:falcon_algebraic:bitz:falcon_bridge:wfbitz_forest:spartan:grinding{bits=14}: bitz::piop::spartan::grinding: close time.busy=23.4µs time.idle=140ns
2026-10-07T19:22:14.883625Z  INFO falcon_algebraic:prove:falcon_algebraic:bitz:falcon_bridge:wfbitz_forest:spartan:grinding{bits=14}: bitz::piop::spartan::grinding: close time.busy=31.6µs time.idle=120ns
2026-10-07T19:22:14.884022Z  INFO falcon_algebraic:prove:falcon_algebraic:bitz:falcon_bridge:wfbitz_forest:spartan:grinding{bits=14}: bitz::piop::spartan::grinding: close time.busy=57.0µs time.idle=130ns
2026-10-07T19:22:14.884366Z  INFO falcon_algebraic:prove:falcon_algebraic:bitz:falcon_bridge:wfbitz_forest:spartan:grinding{bits=14}: bitz::piop::spartan::grinding: close time.busy=169µs time.idle=130ns
2026-10-07T19:22:14.884466Z  INFO falcon_algebraic:prove:falcon_algebraic:bitz:falcon_bridge:wfbitz_forest:spartan:grinding{bits=14}: bitz::piop::spartan::grinding: close time.busy=6.43µs time.idle=121ns
2026-10-07T19:22:14.884675Z  INFO falcon_algebraic:prove:falcon_algebraic:bitz:falcon_bridge:wfbitz_forest:spartan:grinding{bits=14}: bitz::piop::spartan::grinding: close time.busy=158µs time.idle=120ns
2026-10-07T19:22:14.884748Z  INFO falcon_algebraic:prove:falcon_algebraic:bitz:falcon_bridge:wfbitz_forest:spartan:grinding{bits=14}: bitz::piop::spartan::grinding: close time.busy=44.6µs time.idle=140ns
2026-10-07T19:22:14.884811Z  INFO falcon_algebraic:prove:falcon_algebraic:bitz:falcon_bridge:wfbitz_forest:spartan:grinding{bits=14}: bitz::piop::spartan::grinding: close time.busy=45.8µs time.idle=120ns
2026-10-07T19:22:14.884885Z  INFO falcon_algebraic:prove:falcon_algebraic:bitz:falcon_bridge:wfbitz_forest:spartan:grinding{bits=14}: bitz::piop::spartan::grinding: close time.busy=66.1µs time.idle=110ns
2026-10-07T19:22:14.885004Z  INFO falcon_algebraic:prove:falcon_algebraic:bitz:falcon_bridge:wfbitz_forest:spartan:grinding{bits=14}: bitz::piop::spartan::grinding: close time.busy=103µs time.idle=120ns
2026-10-07T19:22:14.885019Z  INFO falcon_algebraic:prove:falcon_algebraic:bitz:falcon_bridge:wfbitz_forest:spartan:grinding{bits=14}: bitz::piop::spartan::grinding: close time.busy=8.33µs time.idle=110ns
2026-10-07T19:22:14.885079Z  INFO falcon_algebraic:prove:falcon_algebraic:bitz:falcon_bridge:wfbitz_forest:spartan:grinding{bits=14}: bitz::piop::spartan::grinding: close time.busy=56.3µs time.idle=110ns
2026-10-07T19:22:14.885095Z  INFO falcon_algebraic:prove:falcon_algebraic:bitz:falcon_bridge:wfbitz_forest:spartan:grinding{bits=14}: bitz::piop::spartan::grinding: close time.busy=12.6µs time.idle=120ns
2026-10-07T19:22:14.885178Z  INFO falcon_algebraic:prove:falcon_algebraic:bitz:falcon_bridge:wfbitz_forest:spartan:grinding{bits=14}: bitz::piop::spartan::grinding: close time.busy=79.0µs time.idle=110ns
2026-10-07T19:22:14.885347Z  INFO falcon_algebraic:prove:falcon_algebraic:bitz:falcon_bridge:wfbitz_forest:spartan:grinding{bits=14}: bitz::piop::spartan::grinding: close time.busy=166µs time.idle=110ns
2026-10-07T19:22:14.885412Z  INFO falcon_algebraic:prove:falcon_algebraic:bitz:falcon_bridge:wfbitz_forest:spartan:grinding{bits=14}: bitz::piop::spartan::grinding: close time.busy=61.8µs time.idle=111ns
2026-10-07T19:22:14.885435Z  INFO falcon_algebraic:prove:falcon_algebraic:bitz:falcon_bridge:wfbitz_forest:spartan:grinding{bits=14}: bitz::piop::spartan::grinding: close time.busy=20.0µs time.idle=120ns
2026-10-07T19:22:14.885497Z  INFO falcon_algebraic:prove:falcon_algebraic:bitz:falcon_bridge:wfbitz_forest:spartan:grinding{bits=14}: bitz::piop::spartan::grinding: close time.busy=59.2µs time.idle=110ns
2026-10-07T19:22:14.885521Z  INFO falcon_algebraic:prove:falcon_algebraic:bitz:falcon_bridge:wfbitz_forest:spartan:grinding{bits=14}: bitz::piop::spartan::grinding: close time.busy=22.0µs time.idle=110ns
2026-10-07T19:22:14.885573Z  INFO falcon_algebraic:prove:falcon_algebraic:bitz:falcon_bridge:wfbitz_forest:spartan:grinding{bits=14}: bitz::piop::spartan::grinding: close time.busy=49.5µs time.idle=110ns
2026-10-07T19:22:14.885593Z  INFO falcon_algebraic:prove:falcon_algebraic:bitz:falcon_bridge:wfbitz_forest:spartan:grinding{bits=14}: bitz::piop::spartan::grinding: close time.busy=17.2µs time.idle=120ns
2026-10-07T19:22:14.886049Z  INFO falcon_algebraic:prove:falcon_algebraic:bitz:falcon_bridge:wfbitz_forest: bitz::hybrid::integer_bridge: close time.busy=64.8ms time.idle=171ns
2026-10-07T19:22:14.886116Z  INFO falcon_algebraic:prove:falcon_algebraic:bitz: bitz::piop::spartan::falcon512_algebraic::protocol: close time.busy=68.9ms time.idle=150ns
2026-10-07T19:22:14.889624Z  INFO falcon_algebraic:prove:falcon_joint:packed_setup: bitz::hybrid::joint_sumcheck: close time.busy=3.50ms time.idle=191ns
2026-10-07T19:22:14.889685Z  INFO falcon_algebraic:prove:spartan:round_grinding_prove:spartan:grinding{bits=10}: bitz::piop::spartan::grinding: close time.busy=8.84µs time.idle=120ns
2026-10-07T19:22:14.889687Z  INFO falcon_algebraic:prove:spartan:round_grinding_prove: bitz::sumcheck::boundary: close time.busy=11.5µs time.idle=130ns
2026-10-07T19:22:14.889755Z  INFO falcon_algebraic:prove:spartan:round_grinding_prove:spartan:grinding{bits=10}: bitz::piop::spartan::grinding: close time.busy=10.7µs time.idle=120ns
2026-10-07T19:22:14.889756Z  INFO falcon_algebraic:prove:spartan:round_grinding_prove: bitz::sumcheck::boundary: close time.busy=12.9µs time.idle=130ns
2026-10-07T19:22:14.889816Z  INFO falcon_algebraic:prove:spartan:round_grinding_prove:spartan:grinding{bits=10}: bitz::piop::spartan::grinding: close time.busy=6.61µs time.idle=120ns
2026-10-07T19:22:14.889818Z  INFO falcon_algebraic:prove:spartan:round_grinding_prove: bitz::sumcheck::boundary: close time.busy=8.77µs time.idle=120ns
2026-10-07T19:22:14.889874Z  INFO falcon_algebraic:prove:spartan:round_grinding_prove:spartan:grinding{bits=10}: bitz::piop::spartan::grinding: close time.busy=4.97µs time.idle=130ns
2026-10-07T19:22:14.889875Z  INFO falcon_algebraic:prove:spartan:round_grinding_prove: bitz::sumcheck::boundary: close time.busy=7.26µs time.idle=180ns
2026-10-07T19:22:14.889927Z  INFO falcon_algebraic:prove:spartan:round_grinding_prove:spartan:grinding{bits=10}: bitz::piop::spartan::grinding: close time.busy=1.68µs time.idle=130ns
2026-10-07T19:22:14.889929Z  INFO falcon_algebraic:prove:spartan:round_grinding_prove: bitz::sumcheck::boundary: close time.busy=4.02µs time.idle=100ns
2026-10-07T19:22:14.889982Z  INFO falcon_algebraic:prove:spartan:round_grinding_prove:spartan:grinding{bits=10}: bitz::piop::spartan::grinding: close time.busy=3.33µs time.idle=121ns
2026-10-07T19:22:14.889983Z  INFO falcon_algebraic:prove:spartan:round_grinding_prove: bitz::sumcheck::boundary: close time.busy=5.55µs time.idle=110ns
2026-10-07T19:22:14.890034Z  INFO falcon_algebraic:prove:spartan:round_grinding_prove:spartan:grinding{bits=10}: bitz::piop::spartan::grinding: close time.busy=911ns time.idle=110ns
2026-10-07T19:22:14.890035Z  INFO falcon_algebraic:prove:spartan:round_grinding_prove: bitz::sumcheck::boundary: close time.busy=3.61µs time.idle=100ns
2026-10-07T19:22:14.891403Z  INFO falcon_algebraic:prove:falcon_joint:prepare: bitz::hybrid::joint_sumcheck: close time.busy=1.37ms time.idle=160ns
2026-10-07T19:22:14.891411Z  INFO falcon_algebraic:prove:spartan:round_grinding_prove:spartan:grinding{bits=10}: bitz::piop::spartan::grinding: close time.busy=4.87µs time.idle=120ns
2026-10-07T19:22:14.891412Z  INFO falcon_algebraic:prove:spartan:round_grinding_prove: bitz::sumcheck::boundary: close time.busy=7.13µs time.idle=110ns
2026-10-07T19:22:14.891675Z  INFO falcon_algebraic:prove:falcon_joint:compact: bitz::hybrid::joint_sumcheck: close time.busy=261µs time.idle=171ns
2026-10-07T19:22:14.891682Z  INFO falcon_algebraic:prove:spartan:round_grinding_prove:spartan:grinding{bits=10}: bitz::piop::spartan::grinding: close time.busy=4.14µs time.idle=121ns
2026-10-07T19:22:14.891683Z  INFO falcon_algebraic:prove:spartan:round_grinding_prove: bitz::sumcheck::boundary: close time.busy=6.46µs time.idle=120ns
2026-10-07T19:22:14.891822Z  INFO falcon_algebraic:prove:falcon_joint:compact: bitz::hybrid::joint_sumcheck: close time.busy=137µs time.idle=120ns
2026-10-07T19:22:14.891840Z  INFO falcon_algebraic:prove:spartan:round_grinding_prove:spartan:grinding{bits=10}: bitz::piop::spartan::grinding: close time.busy=14.9µs time.idle=110ns
2026-10-07T19:22:14.891842Z  INFO falcon_algebraic:prove:spartan:round_grinding_prove: bitz::sumcheck::boundary: close time.busy=17.6µs time.idle=121ns
2026-10-07T19:22:14.891930Z  INFO falcon_algebraic:prove:falcon_joint:compact: bitz::hybrid::joint_sumcheck: close time.busy=87.2µs time.idle=111ns
2026-10-07T19:22:14.891935Z  INFO falcon_algebraic:prove:spartan:round_grinding_prove:spartan:grinding{bits=10}: bitz::piop::spartan::grinding: close time.busy=1.51µs time.idle=122ns
2026-10-07T19:22:14.891936Z  INFO falcon_algebraic:prove:spartan:round_grinding_prove: bitz::sumcheck::boundary: close time.busy=3.67µs time.idle=110ns
2026-10-07T19:22:14.892012Z  INFO falcon_algebraic:prove:falcon_joint:compact: bitz::hybrid::joint_sumcheck: close time.busy=74.8µs time.idle=110ns
2026-10-07T19:22:14.892017Z  INFO falcon_algebraic:prove:spartan:round_grinding_prove:spartan:grinding{bits=10}: bitz::piop::spartan::grinding: close time.busy=2.44µs time.idle=110ns
2026-10-07T19:22:14.892019Z  INFO falcon_algebraic:prove:spartan:round_grinding_prove: bitz::sumcheck::boundary: close time.busy=4.77µs time.idle=101ns
2026-10-07T19:22:14.892037Z  INFO falcon_algebraic:prove:falcon_joint:dense: bitz::hybrid::joint_sumcheck: close time.busy=16.9µs time.idle=120ns
2026-10-07T19:22:14.892041Z  INFO falcon_algebraic:prove:spartan:round_grinding_prove:spartan:grinding{bits=10}: bitz::piop::spartan::grinding: close time.busy=1.00µs time.idle=130ns
2026-10-07T19:22:14.892042Z  INFO falcon_algebraic:prove:spartan:round_grinding_prove: bitz::sumcheck::boundary: close time.busy=3.24µs time.idle=110ns
2026-10-07T19:22:14.892055Z  INFO falcon_algebraic:prove:falcon_joint:dense: bitz::hybrid::joint_sumcheck: close time.busy=11.3µs time.idle=120ns
2026-10-07T19:22:14.892061Z  INFO falcon_algebraic:prove:spartan:round_grinding_prove:spartan:grinding{bits=10}: bitz::piop::spartan::grinding: close time.busy=3.92µs time.idle=120ns
2026-10-07T19:22:14.892062Z  INFO falcon_algebraic:prove:spartan:round_grinding_prove: bitz::sumcheck::boundary: close time.busy=6.06µs time.idle=110ns
2026-10-07T19:22:14.892070Z  INFO falcon_algebraic:prove:falcon_joint:dense: bitz::hybrid::joint_sumcheck: close time.busy=6.41µs time.idle=90.0ns
2026-10-07T19:22:14.892077Z  INFO falcon_algebraic:prove:spartan:round_grinding_prove:spartan:grinding{bits=10}: bitz::piop::spartan::grinding: close time.busy=4.78µs time.idle=110ns
2026-10-07T19:22:14.892078Z  INFO falcon_algebraic:prove:spartan:round_grinding_prove: bitz::sumcheck::boundary: close time.busy=6.96µs time.idle=110ns
2026-10-07T19:22:14.892081Z  INFO falcon_algebraic:prove:falcon_joint:dense: bitz::hybrid::joint_sumcheck: close time.busy=1.34µs time.idle=100ns
2026-10-07T19:22:14.892084Z  INFO falcon_algebraic:prove:spartan:round_grinding_prove:spartan:grinding{bits=10}: bitz::piop::spartan::grinding: close time.busy=501ns time.idle=130ns
2026-10-07T19:22:14.892085Z  INFO falcon_algebraic:prove:spartan:round_grinding_prove: bitz::sumcheck::boundary: close time.busy=2.77µs time.idle=110ns
2026-10-07T19:22:14.892087Z  INFO falcon_algebraic:prove:falcon_joint:dense: bitz::hybrid::joint_sumcheck: close time.busy=692ns time.idle=120ns
2026-10-07T19:22:14.892090Z  INFO falcon_algebraic:prove:spartan:round_grinding_prove:spartan:grinding{bits=10}: bitz::piop::spartan::grinding: close time.busy=621ns time.idle=120ns
2026-10-07T19:22:14.892092Z  INFO falcon_algebraic:prove:spartan:round_grinding_prove: bitz::sumcheck::boundary: close time.busy=3.20µs time.idle=100ns
2026-10-07T19:22:14.892094Z  INFO falcon_algebraic:prove:falcon_joint:dense: bitz::hybrid::joint_sumcheck: close time.busy=401ns time.idle=110ns
2026-10-07T19:22:14.892097Z  INFO falcon_algebraic:prove:spartan:round_grinding_prove:spartan:grinding{bits=10}: bitz::piop::spartan::grinding: close time.busy=852ns time.idle=120ns
2026-10-07T19:22:14.892098Z  INFO falcon_algebraic:prove:spartan:round_grinding_prove: bitz::sumcheck::boundary: close time.busy=3.17µs time.idle=100ns
2026-10-07T19:22:14.892101Z  INFO falcon_algebraic:prove:falcon_joint:dense: bitz::hybrid::joint_sumcheck: close time.busy=231ns time.idle=110ns
2026-10-07T19:22:14.892105Z  INFO falcon_algebraic:prove:spartan:round_grinding_prove:spartan:grinding{bits=10}: bitz::piop::spartan::grinding: close time.busy=2.09µs time.idle=120ns
2026-10-07T19:22:14.892106Z  INFO falcon_algebraic:prove:spartan:round_grinding_prove: bitz::sumcheck::boundary: close time.busy=4.24µs time.idle=100ns
2026-10-07T19:22:14.892108Z  INFO falcon_algebraic:prove:falcon_joint:dense: bitz::hybrid::joint_sumcheck: close time.busy=161ns time.idle=110ns
2026-10-07T19:22:14.892116Z  INFO falcon_algebraic:prove:spartan:round_grinding_prove:spartan:grinding{bits=10}: bitz::piop::spartan::grinding: close time.busy=5.58µs time.idle=110ns
2026-10-07T19:22:14.892117Z  INFO falcon_algebraic:prove:spartan:round_grinding_prove: bitz::sumcheck::boundary: close time.busy=7.68µs time.idle=110ns
2026-10-07T19:22:14.892119Z  INFO falcon_algebraic:prove:falcon_joint:dense: bitz::hybrid::joint_sumcheck: close time.busy=110ns time.idle=100ns
2026-10-07T19:22:14.892125Z  INFO falcon_algebraic:prove:spartan:round_grinding_prove:spartan:grinding{bits=10}: bitz::piop::spartan::grinding: close time.busy=3.30µs time.idle=110ns
2026-10-07T19:22:14.892126Z  INFO falcon_algebraic:prove:spartan:round_grinding_prove: bitz::sumcheck::boundary: close time.busy=5.52µs time.idle=110ns
2026-10-07T19:22:14.892127Z  INFO falcon_algebraic:prove:falcon_joint:dense: bitz::hybrid::joint_sumcheck: close time.busy=90.0ns time.idle=100ns
2026-10-07T19:22:14.892141Z  INFO falcon_algebraic:prove:spartan:round_grinding_prove:spartan:grinding{bits=10}: bitz::piop::spartan::grinding: close time.busy=11.7µs time.idle=120ns
2026-10-07T19:22:14.892142Z  INFO falcon_algebraic:prove:spartan:round_grinding_prove: bitz::sumcheck::boundary: close time.busy=13.7µs time.idle=120ns
2026-10-07T19:22:14.892144Z  INFO falcon_algebraic:prove:falcon_joint:dense: bitz::hybrid::joint_sumcheck: close time.busy=100ns time.idle=110ns
2026-10-07T19:22:14.892156Z  INFO falcon_algebraic:prove:spartan:round_grinding_prove:spartan:grinding{bits=10}: bitz::piop::spartan::grinding: close time.busy=10.3µs time.idle=120ns
2026-10-07T19:22:14.892157Z  INFO falcon_algebraic:prove:spartan:round_grinding_prove: bitz::sumcheck::boundary: close time.busy=12.3µs time.idle=101ns
2026-10-07T19:22:14.892159Z  INFO falcon_algebraic:prove:falcon_joint:dense: bitz::hybrid::joint_sumcheck: close time.busy=160ns time.idle=111ns
2026-10-07T19:22:14.892163Z  INFO falcon_algebraic:prove:spartan:round_grinding_prove:spartan:grinding{bits=10}: bitz::piop::spartan::grinding: close time.busy=2.52µs time.idle=120ns
2026-10-07T19:22:14.892165Z  INFO falcon_algebraic:prove:spartan:round_grinding_prove: bitz::sumcheck::boundary: close time.busy=4.64µs time.idle=100ns
2026-10-07T19:22:14.892166Z  INFO falcon_algebraic:prove:falcon_joint:dense: bitz::hybrid::joint_sumcheck: close time.busy=80.0ns time.idle=111ns
2026-10-07T19:22:14.892170Z  INFO falcon_algebraic:prove:spartan:round_grinding_prove:spartan:grinding{bits=10}: bitz::piop::spartan::grinding: close time.busy=2.08µs time.idle=111ns
2026-10-07T19:22:14.892171Z  INFO falcon_algebraic:prove:spartan:round_grinding_prove: bitz::sumcheck::boundary: close time.busy=4.14µs time.idle=90.0ns
2026-10-07T19:22:14.892173Z  INFO falcon_algebraic:prove:falcon_joint:dense: bitz::hybrid::joint_sumcheck: close time.busy=60.0ns time.idle=121ns
2026-10-07T19:22:14.895584Z  INFO falcon_algebraic:prove:falcon_algebraic:pcs:op:ring_switch:spartan:grinding{bits=12}: bitz::piop::spartan::grinding: close time.busy=6.27µs time.idle=130ns
2026-10-07T19:22:14.895598Z  INFO falcon_algebraic:prove:falcon_algebraic:pcs:op:ring_switch: bitz::hybrid::opening: close time.busy=3.42ms time.idle=130ns
2026-10-07T19:22:14.895654Z  INFO falcon_algebraic:prove:falcon_algebraic:pcs:op:extra_bases:spartan:grinding{bits=12}: bitz::piop::spartan::grinding: close time.busy=53.2µs time.idle=120ns
2026-10-07T19:22:14.899381Z  INFO falcon_algebraic:prove:falcon_algebraic:pcs:op:extra_bases:op:initial_messages: bitz::hybrid::opening::streamed: close time.busy=3.71ms time.idle=141ns
2026-10-07T19:22:14.899383Z  INFO falcon_algebraic:prove:falcon_algebraic:pcs:op:extra_bases: bitz::hybrid::opening: close time.busy=3.78ms time.idle=131ns
2026-10-07T19:22:14.899399Z  INFO falcon_algebraic:prove:falcon_algebraic:pcs:op:ligerito:lig:grind_pow{bits=20}:spartan:grinding{bits=12}: bitz::piop::spartan::grinding: close time.busy=9.66µs time.idle=120ns
2026-10-07T19:22:14.902514Z  INFO falcon_algebraic:prove:falcon_algebraic:pcs:op:ligerito:lig:grind_pow{bits=20 seed_lo=16585239870378092045 seed_hi=252240414582464361 nonce=845824}: bitz::ligerito_flock: close time.busy=3.13ms time.idle=140ns
2026-10-07T19:22:14.902526Z  INFO falcon_algebraic:prove:falcon_algebraic:pcs:op:ligerito:spartan:grinding{bits=12}: bitz::piop::spartan::grinding: close time.busy=9.74µs time.idle=121ns
2026-10-07T19:22:14.902558Z  INFO falcon_algebraic:prove:falcon_algebraic:pcs:op:ligerito:lig:grind_pow{bits=20}:spartan:grinding{bits=12}: bitz::piop::spartan::grinding: close time.busy=28.0µs time.idle=110ns
2026-10-07T19:22:14.909730Z  INFO falcon_algebraic:prove:falcon_algebraic:pcs:op:ligerito:lig:grind_pow{bits=20 seed_lo=16515954434907747464 seed_hi=6857726535889748133 nonce=1934605}: bitz::ligerito_flock: close time.busy=7.20ms time.idle=110ns
2026-10-07T19:22:14.909754Z  INFO falcon_algebraic:prove:falcon_algebraic:pcs:op:ligerito:spartan:grinding{bits=12}: bitz::piop::spartan::grinding: close time.busy=22.4µs time.idle=110ns
2026-10-07T19:22:14.911008Z  INFO falcon_algebraic:prove:falcon_algebraic:pcs:op:ligerito:op:deferred_first_fold: bitz::hybrid::opening::streamed: close time.busy=1.25ms time.idle=130ns
2026-10-07T19:22:14.911023Z  INFO falcon_algebraic:prove:falcon_algebraic:pcs:op:ligerito:lig:grind_pow{bits=20}:spartan:grinding{bits=12}: bitz::piop::spartan::grinding: close time.busy=11.2µs time.idle=110ns
2026-10-07T19:22:14.913898Z  INFO falcon_algebraic:prove:falcon_algebraic:pcs:op:ligerito:lig:grind_pow{bits=20 seed_lo=15156880928251228141 seed_hi=13035904849866892240 nonce=780372}: bitz::ligerito_flock: close time.busy=2.89ms time.idle=130ns
2026-10-07T19:22:14.913908Z  INFO falcon_algebraic:prove:falcon_algebraic:pcs:op:ligerito:spartan:grinding{bits=12}: bitz::piop::spartan::grinding: close time.busy=8.61µs time.idle=110ns
2026-10-07T19:22:14.913953Z  INFO falcon_algebraic:prove:falcon_algebraic:pcs:op:ligerito:lig:grind_pow{bits=20}:spartan:grinding{bits=12}: bitz::piop::spartan::grinding: close time.busy=41.1µs time.idle=120ns
2026-10-07T19:22:14.918299Z  INFO falcon_algebraic:prove:falcon_algebraic:pcs:op:ligerito:lig:grind_pow{bits=20 seed_lo=13631632210140918579 seed_hi=14396935104463418914 nonce=1177064}: bitz::ligerito_flock: close time.busy=4.39ms time.idle=121ns
2026-10-07T19:22:14.918306Z  INFO falcon_algebraic:prove:falcon_algebraic:pcs:op:ligerito:spartan:grinding{bits=12}: bitz::piop::spartan::grinding: close time.busy=5.34µs time.idle=110ns
2026-10-07T19:22:14.919288Z  INFO falcon_algebraic:prove:falcon_algebraic:pcs:op:ligerito:lig:grind_pow{bits=11}:spartan:grinding{bits=12}: bitz::piop::spartan::grinding: close time.busy=4.29µs time.idle=110ns
2026-10-07T19:22:14.919316Z  INFO falcon_algebraic:prove:falcon_algebraic:pcs:op:ligerito:lig:grind_pow{bits=11 seed_lo=13883608211463092717 seed_hi=4814763136328311214 nonce=6484}: bitz::ligerito_flock: close time.busy=32.6µs time.idle=120ns
2026-10-07T19:22:14.919325Z  INFO falcon_algebraic:prove:falcon_algebraic:pcs:op:ligerito:spartan:grinding{bits=12}: bitz::piop::spartan::grinding: close time.busy=7.02µs time.idle=110ns
2026-10-07T19:22:14.920375Z  INFO falcon_algebraic:prove:falcon_algebraic:pcs:op:ligerito:lig:grind_pow{bits=7}:spartan:grinding{bits=12}: bitz::piop::spartan::grinding: close time.busy=11.0µs time.idle=130ns
2026-10-07T19:22:14.920379Z  INFO falcon_algebraic:prove:falcon_algebraic:pcs:op:ligerito:lig:grind_pow{bits=7 seed_lo=11236906799232313023 seed_hi=9675907765575026736 nonce=15}: bitz::ligerito_flock: close time.busy=15.7µs time.idle=130ns
2026-10-07T19:22:14.920391Z  INFO falcon_algebraic:prove:falcon_algebraic:pcs:op:ligerito:spartan:grinding{bits=12}: bitz::piop::spartan::grinding: close time.busy=9.81µs time.idle=120ns
2026-10-07T19:22:14.920451Z  INFO falcon_algebraic:prove:falcon_algebraic:pcs:op:ligerito:lig:grind_pow{bits=19}:spartan:grinding{bits=12}: bitz::piop::spartan::grinding: close time.busy=19.8µs time.idle=221ns
2026-10-07T19:22:14.926682Z  INFO falcon_algebraic:prove:falcon_algebraic:pcs:op:ligerito:lig:grind_pow{bits=19 seed_lo=6737273171409929756 seed_hi=6349725049180355339 nonce=1689234}: bitz::ligerito_flock: close time.busy=6.25ms time.idle=121ns
2026-10-07T19:22:14.926703Z  INFO falcon_algebraic:prove:falcon_algebraic:pcs:op:ligerito:spartan:grinding{bits=12}: bitz::piop::spartan::grinding: close time.busy=18.3µs time.idle=130ns
2026-10-07T19:22:14.926741Z  INFO falcon_algebraic:prove:falcon_algebraic:pcs:op:ligerito:lig:grind_pow{bits=19}:spartan:grinding{bits=12}: bitz::piop::spartan::grinding: close time.busy=6.86µs time.idle=131ns
2026-10-07T19:22:14.927728Z  INFO falcon_algebraic:prove:falcon_algebraic:pcs:op:ligerito:lig:grind_pow{bits=19 seed_lo=16363797335914491273 seed_hi=7907073842687230253 nonce=265986}: bitz::ligerito_flock: close time.busy=996µs time.idle=151ns
2026-10-07T19:22:14.927748Z  INFO falcon_algebraic:prove:falcon_algebraic:pcs:op:ligerito:spartan:grinding{bits=12}: bitz::piop::spartan::grinding: close time.busy=17.0µs time.idle=110ns
2026-10-07T19:22:14.927781Z  INFO falcon_algebraic:prove:falcon_algebraic:pcs:op:ligerito:lig:grind_pow{bits=19}:spartan:grinding{bits=12}: bitz::piop::spartan::grinding: close time.busy=15.8µs time.idle=110ns
2026-10-07T19:22:14.928100Z  INFO falcon_algebraic:prove:falcon_algebraic:pcs:op:ligerito:lig:grind_pow{bits=19 seed_lo=2894948025734070852 seed_hi=11996938362515225117 nonce=84272}: bitz::ligerito_flock: close time.busy=336µs time.idle=110ns
2026-10-07T19:22:14.928110Z  INFO falcon_algebraic:prove:falcon_algebraic:pcs:op:ligerito:spartan:grinding{bits=12}: bitz::piop::spartan::grinding: close time.busy=7.52µs time.idle=110ns
2026-10-07T19:22:14.928374Z  INFO falcon_algebraic:prove:falcon_algebraic:pcs:op:ligerito:lig:grind_pow{bits=11}:spartan:grinding{bits=12}: bitz::piop::spartan::grinding: close time.busy=61.0µs time.idle=110ns
2026-10-07T19:22:14.928404Z  INFO falcon_algebraic:prove:falcon_algebraic:pcs:op:ligerito:lig:grind_pow{bits=11 seed_lo=18159918683903586575 seed_hi=15264492456861379661 nonce=7511}: bitz::ligerito_flock: close time.busy=91.5µs time.idle=120ns
2026-10-07T19:22:14.928422Z  INFO falcon_algebraic:prove:falcon_algebraic:pcs:op:ligerito:spartan:grinding{bits=12}: bitz::piop::spartan::grinding: close time.busy=16.4µs time.idle=110ns
2026-10-07T19:22:14.929354Z  INFO falcon_algebraic:prove:falcon_algebraic:pcs:op:ligerito:lig:grind_pow{bits=7}:spartan:grinding{bits=12}: bitz::piop::spartan::grinding: close time.busy=15.7µs time.idle=120ns
2026-10-07T19:22:14.929358Z  INFO falcon_algebraic:prove:falcon_algebraic:pcs:op:ligerito:lig:grind_pow{bits=7 seed_lo=6063983217750421890 seed_hi=15792750583625114170 nonce=278}: bitz::ligerito_flock: close time.busy=19.7µs time.idle=120ns
2026-10-07T19:22:14.929375Z  INFO falcon_algebraic:prove:falcon_algebraic:pcs:op:ligerito:spartan:grinding{bits=12}: bitz::piop::spartan::grinding: close time.busy=15.9µs time.idle=110ns
2026-10-07T19:22:14.929386Z  INFO falcon_algebraic:prove:falcon_algebraic:pcs:op:ligerito:lig:grind_pow{bits=17}:spartan:grinding{bits=12}: bitz::piop::spartan::grinding: close time.busy=4.25µs time.idle=100ns
2026-10-07T19:22:14.929766Z  INFO falcon_algebraic:prove:falcon_algebraic:pcs:op:ligerito:lig:grind_pow{bits=17 seed_lo=9439740927722712704 seed_hi=2096174283014629509 nonce=101945}: bitz::ligerito_flock: close time.busy=385µs time.idle=130ns
2026-10-07T19:22:14.929775Z  INFO falcon_algebraic:prove:falcon_algebraic:pcs:op:ligerito:spartan:grinding{bits=12}: bitz::piop::spartan::grinding: close time.busy=6.89µs time.idle=111ns
2026-10-07T19:22:14.929805Z  INFO falcon_algebraic:prove:falcon_algebraic:pcs:op:ligerito:lig:grind_pow{bits=17}:spartan:grinding{bits=12}: bitz::piop::spartan::grinding: close time.busy=20.5µs time.idle=121ns
2026-10-07T19:22:14.930556Z  INFO falcon_algebraic:prove:falcon_algebraic:pcs:op:ligerito:lig:grind_pow{bits=17 seed_lo=4879747707019962164 seed_hi=439600284198012619 nonce=202467}: bitz::ligerito_flock: close time.busy=773µs time.idle=110ns
2026-10-07T19:22:14.930616Z  INFO falcon_algebraic:prove:falcon_algebraic:pcs:op:ligerito:spartan:grinding{bits=12}: bitz::piop::spartan::grinding: close time.busy=57.8µs time.idle=110ns
2026-10-07T19:22:14.930692Z  INFO falcon_algebraic:prove:falcon_algebraic:pcs:op:ligerito:lig:grind_pow{bits=17}:spartan:grinding{bits=12}: bitz::piop::spartan::grinding: close time.busy=69.7µs time.idle=120ns
2026-10-07T19:22:14.931167Z  INFO falcon_algebraic:prove:falcon_algebraic:pcs:op:ligerito:lig:grind_pow{bits=17 seed_lo=11445438758731368906 seed_hi=6157812661900222650 nonce=127074}: bitz::ligerito_flock: close time.busy=545µs time.idle=120ns
2026-10-07T19:22:14.931192Z  INFO falcon_algebraic:prove:falcon_algebraic:pcs:op:ligerito:spartan:grinding{bits=12}: bitz::piop::spartan::grinding: close time.busy=23.4µs time.idle=111ns
2026-10-07T19:22:14.931254Z  INFO falcon_algebraic:prove:falcon_algebraic:pcs:op:ligerito:lig:grind_pow{bits=11}:spartan:grinding{bits=12}: bitz::piop::spartan::grinding: close time.busy=15.2µs time.idle=110ns
2026-10-07T19:22:14.931260Z  INFO falcon_algebraic:prove:falcon_algebraic:pcs:op:ligerito:lig:grind_pow{bits=11 seed_lo=10949084842977817524 seed_hi=122019558496133150 nonce=865}: bitz::ligerito_flock: close time.busy=21.4µs time.idle=110ns
2026-10-07T19:22:14.931268Z  INFO falcon_algebraic:prove:falcon_algebraic:pcs:op:ligerito:spartan:grinding{bits=12}: bitz::piop::spartan::grinding: close time.busy=5.87µs time.idle=111ns
2026-10-07T19:22:14.931454Z  INFO falcon_algebraic:prove:falcon_algebraic:pcs:op:ligerito:lig:grind_pow{bits=7}:spartan:grinding{bits=12}: bitz::piop::spartan::grinding: close time.busy=17.7µs time.idle=111ns
2026-10-07T19:22:14.931457Z  INFO falcon_algebraic:prove:falcon_algebraic:pcs:op:ligerito:lig:grind_pow{bits=7 seed_lo=3981704520588902172 seed_hi=5112808211354485806 nonce=127}: bitz::ligerito_flock: close time.busy=21.1µs time.idle=120ns
2026-10-07T19:22:14.931470Z  INFO falcon_algebraic:prove:falcon_algebraic:pcs:op:ligerito:spartan:grinding{bits=12}: bitz::piop::spartan::grinding: close time.busy=11.4µs time.idle=110ns
2026-10-07T19:22:14.931492Z  INFO falcon_algebraic:prove:falcon_algebraic:pcs:op:ligerito:lig:grind_pow{bits=15}:spartan:grinding{bits=12}: bitz::piop::spartan::grinding: close time.busy=18.3µs time.idle=110ns
2026-10-07T19:22:14.931638Z  INFO falcon_algebraic:prove:falcon_algebraic:pcs:op:ligerito:lig:grind_pow{bits=15 seed_lo=5714358563480935973 seed_hi=7082249013099719080 nonce=37915}: bitz::ligerito_flock: close time.busy=165µs time.idle=110ns
2026-10-07T19:22:14.931644Z  INFO falcon_algebraic:prove:falcon_algebraic:pcs:op:ligerito:spartan:grinding{bits=12}: bitz::piop::spartan::grinding: close time.busy=4.62µs time.idle=111ns
2026-10-07T19:22:14.931655Z  INFO falcon_algebraic:prove:falcon_algebraic:pcs:op:ligerito:lig:grind_pow{bits=15}:spartan:grinding{bits=12}: bitz::piop::spartan::grinding: close time.busy=6.94µs time.idle=110ns
2026-10-07T19:22:14.931784Z  INFO falcon_algebraic:prove:falcon_algebraic:pcs:op:ligerito:lig:grind_pow{bits=15 seed_lo=1387454479720951228 seed_hi=11462693460595150436 nonce=33297}: bitz::ligerito_flock: close time.busy=136µs time.idle=110ns
2026-10-07T19:22:14.931792Z  INFO falcon_algebraic:prove:falcon_algebraic:pcs:op:ligerito:spartan:grinding{bits=12}: bitz::piop::spartan::grinding: close time.busy=6.33µs time.idle=110ns
2026-10-07T19:22:14.931814Z  INFO falcon_algebraic:prove:falcon_algebraic:pcs:op:ligerito:lig:grind_pow{bits=15}:spartan:grinding{bits=12}: bitz::piop::spartan::grinding: close time.busy=18.8µs time.idle=111ns
2026-10-07T19:22:14.931992Z  INFO falcon_algebraic:prove:falcon_algebraic:pcs:op:ligerito:lig:grind_pow{bits=15 seed_lo=11782515305620195408 seed_hi=13789569290169553573 nonce=46654}: bitz::ligerito_flock: close time.busy=198µs time.idle=110ns
2026-10-07T19:22:14.932016Z  INFO falcon_algebraic:prove:falcon_algebraic:pcs:op:ligerito:spartan:grinding{bits=12}: bitz::piop::spartan::grinding: close time.busy=22.9µs time.idle=100ns
2026-10-07T19:22:14.932063Z  INFO falcon_algebraic:prove:falcon_algebraic:pcs:op:ligerito:lig:grind_pow{bits=11}:spartan:grinding{bits=12}: bitz::piop::spartan::grinding: close time.busy=41.6µs time.idle=110ns
2026-10-07T19:22:14.932096Z  INFO falcon_algebraic:prove:falcon_algebraic:pcs:op:ligerito:lig:grind_pow{bits=11 seed_lo=6666139499001844964 seed_hi=2837533228837389612 nonce=8372}: bitz::ligerito_flock: close time.busy=75.5µs time.idle=110ns
2026-10-07T19:22:14.932108Z  INFO falcon_algebraic:prove:falcon_algebraic:pcs:op:ligerito:spartan:grinding{bits=12}: bitz::piop::spartan::grinding: close time.busy=9.67µs time.idle=110ns
2026-10-07T19:22:14.932178Z  INFO falcon_algebraic:prove:falcon_algebraic:pcs:op:ligerito: bitz::hybrid::opening: close time.busy=32.8ms time.idle=141ns
2026-10-07T19:22:14.932181Z  INFO falcon_algebraic:prove:falcon_algebraic:pcs: bitz::piop::spartan::falcon512_algebraic::protocol: close time.busy=40.0ms time.idle=130ns
2026-10-07T19:22:14.932675Z  INFO falcon_algebraic:prove: bitz::piop::spartan::falcon512_algebraic::protocol: close time.busy=401ms time.idle=210ns
2026-10-07T19:22:14.998368Z  INFO falcon_algebraic:verify:falcon_algebraic_ring:verify:falcon_algebraic_ring:coordinates: bitz::piop::spartan::falcon512_algebraic::ring: close time.busy=57.8ms time.idle=181ns
2026-10-07T19:22:15.017009Z  INFO falcon_algebraic:verify:falcon_algebraic_ring:verify:falcon_algebraic_ring:collapse: bitz::piop::spartan::falcon512_algebraic::ring: close time.busy=18.6ms time.idle=210ns
2026-10-07T19:22:15.017011Z  INFO falcon_algebraic:verify:falcon_algebraic_ring:verify: bitz::piop::spartan::falcon512_algebraic::ring: close time.busy=76.8ms time.idle=161ns
2026-10-07T19:22:15.017034Z  INFO falcon_algebraic:verify:spartan:round_grinding_verify: bitz::sumcheck::boundary: close time.busy=1.03µs time.idle=140ns
2026-10-07T19:22:15.017039Z  INFO falcon_algebraic:verify:spartan:round_grinding_verify: bitz::sumcheck::boundary: close time.busy=851ns time.idle=110ns
2026-10-07T19:22:15.017043Z  INFO falcon_algebraic:verify:spartan:round_grinding_verify: bitz::sumcheck::boundary: close time.busy=902ns time.idle=100ns
2026-10-07T19:22:15.017050Z  INFO falcon_algebraic:verify:spartan:round_grinding_verify: bitz::sumcheck::boundary: close time.busy=651ns time.idle=110ns
2026-10-07T19:22:15.017053Z  INFO falcon_algebraic:verify:spartan:round_grinding_verify: bitz::sumcheck::boundary: close time.busy=652ns time.idle=110ns
2026-10-07T19:22:15.017056Z  INFO falcon_algebraic:verify:spartan:round_grinding_verify: bitz::sumcheck::boundary: close time.busy=752ns time.idle=120ns
2026-10-07T19:22:15.017060Z  INFO falcon_algebraic:verify:spartan:round_grinding_verify: bitz::sumcheck::boundary: close time.busy=721ns time.idle=110ns
2026-10-07T19:22:15.017064Z  INFO falcon_algebraic:verify:spartan:round_grinding_verify: bitz::sumcheck::boundary: close time.busy=781ns time.idle=100ns
2026-10-07T19:22:15.017069Z  INFO falcon_algebraic:verify:spartan:round_grinding_verify: bitz::sumcheck::boundary: close time.busy=882ns time.idle=100ns
2026-10-07T19:22:15.017072Z  INFO falcon_algebraic:verify:spartan:round_grinding_verify: bitz::sumcheck::boundary: close time.busy=691ns time.idle=110ns
2026-10-07T19:22:15.017075Z  INFO falcon_algebraic:verify:spartan:round_grinding_verify: bitz::sumcheck::boundary: close time.busy=771ns time.idle=100ns
2026-10-07T19:22:15.017078Z  INFO falcon_algebraic:verify:spartan:round_grinding_verify: bitz::sumcheck::boundary: close time.busy=782ns time.idle=120ns
2026-10-07T19:22:15.017082Z  INFO falcon_algebraic:verify:spartan:round_grinding_verify: bitz::sumcheck::boundary: close time.busy=792ns time.idle=110ns
2026-10-07T19:22:15.017086Z  INFO falcon_algebraic:verify:spartan:round_grinding_verify: bitz::sumcheck::boundary: close time.busy=811ns time.idle=90.0ns
2026-10-07T19:22:15.017090Z  INFO falcon_algebraic:verify:spartan:round_grinding_verify: bitz::sumcheck::boundary: close time.busy=731ns time.idle=121ns
2026-10-07T19:22:15.017093Z  INFO falcon_algebraic:verify:spartan:round_grinding_verify: bitz::sumcheck::boundary: close time.busy=711ns time.idle=111ns
2026-10-07T19:22:15.017096Z  INFO falcon_algebraic:verify:spartan:round_grinding_verify: bitz::sumcheck::boundary: close time.busy=772ns time.idle=100ns
2026-10-07T19:22:15.017100Z  INFO falcon_algebraic:verify:spartan:round_grinding_verify: bitz::sumcheck::boundary: close time.busy=781ns time.idle=110ns
2026-10-07T19:22:15.017104Z  INFO falcon_algebraic:verify:spartan:round_grinding_verify: bitz::sumcheck::boundary: close time.busy=862ns time.idle=110ns
2026-10-07T19:22:15.026749Z  INFO falcon_algebraic:verify:spartan:round_grinding_verify: bitz::sumcheck::boundary: close time.busy=1.03µs time.idle=190ns
2026-10-07T19:22:15.026754Z  INFO falcon_algebraic:verify:spartan:round_grinding_verify: bitz::sumcheck::boundary: close time.busy=872ns time.idle=90.0ns
2026-10-07T19:22:15.026757Z  INFO falcon_algebraic:verify:spartan:round_grinding_verify: bitz::sumcheck::boundary: close time.busy=851ns time.idle=110ns
2026-10-07T19:22:15.026760Z  INFO falcon_algebraic:verify:spartan:round_grinding_verify: bitz::sumcheck::boundary: close time.busy=852ns time.idle=110ns
2026-10-07T19:22:15.026765Z  INFO falcon_algebraic:verify:spartan:round_grinding_verify: bitz::sumcheck::boundary: close time.busy=852ns time.idle=120ns
2026-10-07T19:22:15.026768Z  INFO falcon_algebraic:verify:spartan:round_grinding_verify: bitz::sumcheck::boundary: close time.busy=922ns time.idle=120ns
2026-10-07T19:22:15.026773Z  INFO falcon_algebraic:verify:spartan:round_grinding_verify: bitz::sumcheck::boundary: close time.busy=1.02µs time.idle=100ns
2026-10-07T19:22:15.026775Z  INFO falcon_algebraic:verify:spartan:round_grinding_verify: bitz::sumcheck::boundary: close time.busy=691ns time.idle=101ns
2026-10-07T19:22:15.026778Z  INFO falcon_algebraic:verify:spartan:round_grinding_verify: bitz::sumcheck::boundary: close time.busy=771ns time.idle=110ns
2026-10-07T19:22:15.026781Z  INFO falcon_algebraic:verify:spartan:round_grinding_verify: bitz::sumcheck::boundary: close time.busy=772ns time.idle=110ns
2026-10-07T19:22:15.026784Z  INFO falcon_algebraic:verify:spartan:round_grinding_verify: bitz::sumcheck::boundary: close time.busy=782ns time.idle=100ns
2026-10-07T19:22:15.026787Z  INFO falcon_algebraic:verify:spartan:round_grinding_verify: bitz::sumcheck::boundary: close time.busy=812ns time.idle=110ns
2026-10-07T19:22:15.026791Z  INFO falcon_algebraic:verify:spartan:round_grinding_verify: bitz::sumcheck::boundary: close time.busy=872ns time.idle=120ns
2026-10-07T19:22:15.026794Z  INFO falcon_algebraic:verify:spartan:round_grinding_verify: bitz::sumcheck::boundary: close time.busy=952ns time.idle=100ns
2026-10-07T19:22:15.026797Z  INFO falcon_algebraic:verify:spartan:round_grinding_verify: bitz::sumcheck::boundary: close time.busy=802ns time.idle=110ns
2026-10-07T19:22:15.026800Z  INFO falcon_algebraic:verify:spartan:round_grinding_verify: bitz::sumcheck::boundary: close time.busy=861ns time.idle=131ns
2026-10-07T19:22:15.026803Z  INFO falcon_algebraic:verify:spartan:round_grinding_verify: bitz::sumcheck::boundary: close time.busy=882ns time.idle=110ns
2026-10-07T19:22:15.026807Z  INFO falcon_algebraic:verify:spartan:round_grinding_verify: bitz::sumcheck::boundary: close time.busy=871ns time.idle=101ns
2026-10-07T19:22:15.026811Z  INFO falcon_algebraic:verify:spartan:round_grinding_verify: bitz::sumcheck::boundary: close time.busy=942ns time.idle=120ns
2026-10-07T19:22:15.026814Z  INFO falcon_algebraic:verify:spartan:round_grinding_verify: bitz::sumcheck::boundary: close time.busy=942ns time.idle=110ns
2026-10-07T19:22:15.026818Z  INFO falcon_algebraic:verify:spartan:round_grinding_verify: bitz::sumcheck::boundary: close time.busy=1.07µs time.idle=90.0ns
2026-10-07T19:22:15.026821Z  INFO falcon_algebraic:verify:spartan:round_grinding_verify: bitz::sumcheck::boundary: close time.busy=742ns time.idle=110ns
2026-10-07T19:22:15.026824Z  INFO falcon_algebraic:verify:spartan:round_grinding_verify: bitz::sumcheck::boundary: close time.busy=812ns time.idle=110ns
2026-10-07T19:22:15.026829Z  INFO falcon_algebraic:verify:spartan:round_grinding_verify: bitz::sumcheck::boundary: close time.busy=841ns time.idle=101ns
2026-10-07T19:22:15.034100Z  INFO falcon_algebraic:verify:spartan:round_grinding_verify: bitz::sumcheck::boundary: close time.busy=1.01µs time.idle=141ns
2026-10-07T19:22:15.034104Z  INFO falcon_algebraic:verify:spartan:round_grinding_verify: bitz::sumcheck::boundary: close time.busy=952ns time.idle=120ns
2026-10-07T19:22:15.034106Z  INFO falcon_algebraic:verify:spartan:round_grinding_verify: bitz::sumcheck::boundary: close time.busy=882ns time.idle=110ns
2026-10-07T19:22:15.034109Z  INFO falcon_algebraic:verify:spartan:round_grinding_verify: bitz::sumcheck::boundary: close time.busy=932ns time.idle=100ns
2026-10-07T19:22:15.034112Z  INFO falcon_algebraic:verify:spartan:round_grinding_verify: bitz::sumcheck::boundary: close time.busy=952ns time.idle=110ns
2026-10-07T19:22:15.034114Z  INFO falcon_algebraic:verify:spartan:round_grinding_verify: bitz::sumcheck::boundary: close time.busy=1.00µs time.idle=100ns
2026-10-07T19:22:15.034117Z  INFO falcon_algebraic:verify:spartan:round_grinding_verify: bitz::sumcheck::boundary: close time.busy=1.00µs time.idle=110ns
2026-10-07T19:22:15.034120Z  INFO falcon_algebraic:verify:spartan:round_grinding_verify: bitz::sumcheck::boundary: close time.busy=1.00µs time.idle=100ns
2026-10-07T19:22:15.034122Z  INFO falcon_algebraic:verify:spartan:round_grinding_verify: bitz::sumcheck::boundary: close time.busy=901ns time.idle=111ns
2026-10-07T19:22:15.034125Z  INFO falcon_algebraic:verify:spartan:round_grinding_verify: bitz::sumcheck::boundary: close time.busy=881ns time.idle=110ns
2026-10-07T19:22:15.034127Z  INFO falcon_algebraic:verify:spartan:round_grinding_verify: bitz::sumcheck::boundary: close time.busy=871ns time.idle=101ns
2026-10-07T19:22:15.034130Z  INFO falcon_algebraic:verify:spartan:round_grinding_verify: bitz::sumcheck::boundary: close time.busy=961ns time.idle=101ns
2026-10-07T19:22:15.034133Z  INFO falcon_algebraic:verify:spartan:round_grinding_verify: bitz::sumcheck::boundary: close time.busy=1.01µs time.idle=110ns
2026-10-07T19:22:15.034136Z  INFO falcon_algebraic:verify:spartan:round_grinding_verify: bitz::sumcheck::boundary: close time.busy=1.01µs time.idle=100ns
2026-10-07T19:22:15.034138Z  INFO falcon_algebraic:verify:spartan:round_grinding_verify: bitz::sumcheck::boundary: close time.busy=1.10µs time.idle=110ns
2026-10-07T19:22:15.034141Z  INFO falcon_algebraic:verify:spartan:round_grinding_verify: bitz::sumcheck::boundary: close time.busy=1.00µs time.idle=110ns
2026-10-07T19:22:15.034144Z  INFO falcon_algebraic:verify:spartan:round_grinding_verify: bitz::sumcheck::boundary: close time.busy=1.01µs time.idle=100ns
2026-10-07T19:22:15.034146Z  INFO falcon_algebraic:verify:spartan:round_grinding_verify: bitz::sumcheck::boundary: close time.busy=1.09µs time.idle=110ns
2026-10-07T19:22:15.034149Z  INFO falcon_algebraic:verify:spartan:round_grinding_verify: bitz::sumcheck::boundary: close time.busy=1.03µs time.idle=111ns
2026-10-07T19:22:15.034152Z  INFO falcon_algebraic:verify:spartan:round_grinding_verify: bitz::sumcheck::boundary: close time.busy=1.04µs time.idle=90.0ns
2026-10-07T19:22:15.034155Z  INFO falcon_algebraic:verify:spartan:round_grinding_verify: bitz::sumcheck::boundary: close time.busy=1.12µs time.idle=110ns
2026-10-07T19:22:15.034157Z  INFO falcon_algebraic:verify:spartan:round_grinding_verify: bitz::sumcheck::boundary: close time.busy=862ns time.idle=110ns
2026-10-07T19:22:15.034160Z  INFO falcon_algebraic:verify:spartan:round_grinding_verify: bitz::sumcheck::boundary: close time.busy=852ns time.idle=120ns
2026-10-07T19:22:15.034163Z  INFO falcon_algebraic:verify:spartan:round_grinding_verify: bitz::sumcheck::boundary: close time.busy=871ns time.idle=90.0ns
2026-10-07T19:22:15.034165Z  INFO falcon_algebraic:verify:spartan:round_grinding_verify: bitz::sumcheck::boundary: close time.busy=932ns time.idle=110ns
2026-10-07T19:22:15.036496Z  INFO falcon_algebraic:verify: bitz::piop::spartan::falcon512_algebraic::protocol: close time.busy=104ms time.idle=180ns
2026-10-07T19:22:15.068909Z  INFO falcon_algebraic:commit:falcon_algebraic:witness: bitz::piop::spartan::falcon512_algebraic::protocol: close time.busy=32.1ms time.idle=140ns
2026-10-07T19:22:15.098465Z  INFO falcon_algebraic:commit:shared_source:encode: bitz::hybrid::opening: close time.busy=1.59ms time.idle=201ns
2026-10-07T19:22:15.099451Z  INFO falcon_algebraic:commit:shared_source:merkle: bitz::hybrid::opening: close time.busy=984µs time.idle=140ns
2026-10-07T19:22:15.099454Z  INFO falcon_algebraic:commit: bitz::piop::spartan::falcon512_algebraic::protocol: close time.busy=62.8ms time.idle=141ns
2026-10-07T19:22:15.166012Z  INFO falcon_algebraic:prove:falcon_algebraic:ring:falcon_algebraic_ring:prove:falcon_algebraic_ring:coordinates: bitz::piop::spartan::falcon512_algebraic::ring: close time.busy=57.8ms time.idle=742ns
2026-10-07T19:22:15.166751Z  INFO falcon_algebraic:prove:falcon_algebraic:ring:falcon_algebraic_ring:prove:spartan:grinding{bits=11}: bitz::piop::spartan::grinding: close time.busy=1.88µs time.idle=150ns
2026-10-07T19:22:15.185263Z  INFO falcon_algebraic:prove:falcon_algebraic:ring:falcon_algebraic_ring:prove:falcon_algebraic_ring:collapse: bitz::piop::spartan::falcon512_algebraic::ring: close time.busy=18.5ms time.idle=120ns
2026-10-07T19:22:15.185265Z  INFO falcon_algebraic:prove:falcon_algebraic:ring:falcon_algebraic_ring:prove: bitz::piop::spartan::falcon512_algebraic::ring: close time.busy=78.1ms time.idle=150ns
2026-10-07T19:22:15.185266Z  INFO falcon_algebraic:prove:falcon_algebraic:ring: bitz::piop::spartan::falcon512_algebraic::protocol: close time.busy=78.1ms time.idle=141ns
2026-10-07T19:22:15.185277Z  INFO falcon_algebraic:prove:falcon_algebraic:arithmetic:falcon_algebraic:norm:spartan:grinding{bits=11}: bitz::piop::spartan::grinding: close time.busy=8.02µs time.idle=150ns
2026-10-07T19:22:15.214726Z  INFO falcon_algebraic:prove:falcon_algebraic:arithmetic:falcon_algebraic:norm:spartan:round_grinding_prove:spartan:grinding{bits=14}: bitz::piop::spartan::grinding: close time.busy=160µs time.idle=160ns
2026-10-07T19:22:15.214728Z  INFO falcon_algebraic:prove:falcon_algebraic:arithmetic:falcon_algebraic:norm:spartan:round_grinding_prove: bitz::sumcheck::boundary: close time.busy=164µs time.idle=161ns
2026-10-07T19:22:15.225327Z  INFO falcon_algebraic:prove:falcon_algebraic:arithmetic:falcon_algebraic:norm:spartan:round_grinding_prove:spartan:grinding{bits=14}: bitz::piop::spartan::grinding: close time.busy=77.8µs time.idle=120ns
2026-10-07T19:22:15.225329Z  INFO falcon_algebraic:prove:falcon_algebraic:arithmetic:falcon_algebraic:norm:spartan:round_grinding_prove: bitz::sumcheck::boundary: close time.busy=81.1µs time.idle=120ns
2026-10-07T19:22:15.230476Z  INFO falcon_algebraic:prove:falcon_algebraic:arithmetic:falcon_algebraic:norm:spartan:round_grinding_prove:spartan:grinding{bits=14}: bitz::piop::spartan::grinding: close time.busy=28.0µs time.idle=110ns
2026-10-07T19:22:15.230478Z  INFO falcon_algebraic:prove:falcon_algebraic:arithmetic:falcon_algebraic:norm:spartan:round_grinding_prove: bitz::sumcheck::boundary: close time.busy=30.9µs time.idle=120ns
2026-10-07T19:22:15.233012Z  INFO falcon_algebraic:prove:falcon_algebraic:arithmetic:falcon_algebraic:norm:spartan:round_grinding_prove:spartan:grinding{bits=14}: bitz::piop::spartan::grinding: close time.busy=18.4µs time.idle=120ns
2026-10-07T19:22:15.233014Z  INFO falcon_algebraic:prove:falcon_algebraic:arithmetic:falcon_algebraic:norm:spartan:round_grinding_prove: bitz::sumcheck::boundary: close time.busy=20.7µs time.idle=110ns
2026-10-07T19:22:15.234326Z  INFO falcon_algebraic:prove:falcon_algebraic:arithmetic:falcon_algebraic:norm:spartan:round_grinding_prove:spartan:grinding{bits=14}: bitz::piop::spartan::grinding: close time.busy=47.6µs time.idle=100ns
2026-10-07T19:22:15.234328Z  INFO falcon_algebraic:prove:falcon_algebraic:arithmetic:falcon_algebraic:norm:spartan:round_grinding_prove: bitz::sumcheck::boundary: close time.busy=50.1µs time.idle=110ns
2026-10-07T19:22:15.235001Z  INFO falcon_algebraic:prove:falcon_algebraic:arithmetic:falcon_algebraic:norm:spartan:round_grinding_prove:spartan:grinding{bits=14}: bitz::piop::spartan::grinding: close time.busy=43.8µs time.idle=112ns
2026-10-07T19:22:15.235002Z  INFO falcon_algebraic:prove:falcon_algebraic:arithmetic:falcon_algebraic:norm:spartan:round_grinding_prove: bitz::sumcheck::boundary: close time.busy=45.8µs time.idle=110ns
2026-10-07T19:22:15.235333Z  INFO falcon_algebraic:prove:falcon_algebraic:arithmetic:falcon_algebraic:norm:spartan:round_grinding_prove:spartan:grinding{bits=14}: bitz::piop::spartan::grinding: close time.busy=10.7µs time.idle=110ns
2026-10-07T19:22:15.235334Z  INFO falcon_algebraic:prove:falcon_algebraic:arithmetic:falcon_algebraic:norm:spartan:round_grinding_prove: bitz::sumcheck::boundary: close time.busy=12.7µs time.idle=110ns
2026-10-07T19:22:15.235574Z  INFO falcon_algebraic:prove:falcon_algebraic:arithmetic:falcon_algebraic:norm:spartan:round_grinding_prove:spartan:grinding{bits=14}: bitz::piop::spartan::grinding: close time.busy=76.2µs time.idle=110ns
2026-10-07T19:22:15.235576Z  INFO falcon_algebraic:prove:falcon_algebraic:arithmetic:falcon_algebraic:norm:spartan:round_grinding_prove: bitz::sumcheck::boundary: close time.busy=78.2µs time.idle=220ns
2026-10-07T19:22:15.235680Z  INFO falcon_algebraic:prove:falcon_algebraic:arithmetic:falcon_algebraic:norm:spartan:round_grinding_prove:spartan:grinding{bits=14}: bitz::piop::spartan::grinding: close time.busy=19.2µs time.idle=110ns
2026-10-07T19:22:15.235682Z  INFO falcon_algebraic:prove:falcon_algebraic:arithmetic:falcon_algebraic:norm:spartan:round_grinding_prove: bitz::sumcheck::boundary: close time.busy=21.4µs time.idle=110ns
2026-10-07T19:22:15.235766Z  INFO falcon_algebraic:prove:falcon_algebraic:arithmetic:falcon_algebraic:norm:spartan:round_grinding_prove:spartan:grinding{bits=14}: bitz::piop::spartan::grinding: close time.busy=37.4µs time.idle=110ns
2026-10-07T19:22:15.235767Z  INFO falcon_algebraic:prove:falcon_algebraic:arithmetic:falcon_algebraic:norm:spartan:round_grinding_prove: bitz::sumcheck::boundary: close time.busy=39.2µs time.idle=110ns
2026-10-07T19:22:15.235851Z  INFO falcon_algebraic:prove:falcon_algebraic:arithmetic:falcon_algebraic:norm:spartan:round_grinding_prove:spartan:grinding{bits=14}: bitz::piop::spartan::grinding: close time.busy=57.3µs time.idle=111ns
2026-10-07T19:22:15.235852Z  INFO falcon_algebraic:prove:falcon_algebraic:arithmetic:falcon_algebraic:norm:spartan:round_grinding_prove: bitz::sumcheck::boundary: close time.busy=59.3µs time.idle=120ns
2026-10-07T19:22:15.236157Z  INFO falcon_algebraic:prove:falcon_algebraic:arithmetic:falcon_algebraic:norm:spartan:round_grinding_prove:spartan:grinding{bits=14}: bitz::piop::spartan::grinding: close time.busy=287µs time.idle=110ns
2026-10-07T19:22:15.236158Z  INFO falcon_algebraic:prove:falcon_algebraic:arithmetic:falcon_algebraic:norm:spartan:round_grinding_prove: bitz::sumcheck::boundary: close time.busy=289µs time.idle=100ns
2026-10-07T19:22:15.236241Z  INFO falcon_algebraic:prove:falcon_algebraic:arithmetic:falcon_algebraic:norm:spartan:round_grinding_prove:spartan:grinding{bits=14}: bitz::piop::spartan::grinding: close time.busy=70.5µs time.idle=110ns
2026-10-07T19:22:15.236242Z  INFO falcon_algebraic:prove:falcon_algebraic:arithmetic:falcon_algebraic:norm:spartan:round_grinding_prove: bitz::sumcheck::boundary: close time.busy=72.4µs time.idle=110ns
2026-10-07T19:22:15.236405Z  INFO falcon_algebraic:prove:falcon_algebraic:arithmetic:falcon_algebraic:norm:spartan:round_grinding_prove:spartan:grinding{bits=14}: bitz::piop::spartan::grinding: close time.busy=154µs time.idle=111ns
2026-10-07T19:22:15.236407Z  INFO falcon_algebraic:prove:falcon_algebraic:arithmetic:falcon_algebraic:norm:spartan:round_grinding_prove: bitz::sumcheck::boundary: close time.busy=156µs time.idle=110ns
2026-10-07T19:22:15.236453Z  INFO falcon_algebraic:prove:falcon_algebraic:arithmetic:falcon_algebraic:norm:spartan:round_grinding_prove:spartan:grinding{bits=14}: bitz::piop::spartan::grinding: close time.busy=37.1µs time.idle=90.0ns
2026-10-07T19:22:15.236455Z  INFO falcon_algebraic:prove:falcon_algebraic:arithmetic:falcon_algebraic:norm:spartan:round_grinding_prove: bitz::sumcheck::boundary: close time.busy=39.1µs time.idle=90.0ns
2026-10-07T19:22:15.236488Z  INFO falcon_algebraic:prove:falcon_algebraic:arithmetic:falcon_algebraic:norm:spartan:round_grinding_prove:spartan:grinding{bits=14}: bitz::piop::spartan::grinding: close time.busy=25.9µs time.idle=110ns
2026-10-07T19:22:15.236489Z  INFO falcon_algebraic:prove:falcon_algebraic:arithmetic:falcon_algebraic:norm:spartan:round_grinding_prove: bitz::sumcheck::boundary: close time.busy=27.8µs time.idle=110ns
2026-10-07T19:22:15.236573Z  INFO falcon_algebraic:prove:falcon_algebraic:arithmetic:falcon_algebraic:norm:spartan:round_grinding_prove:spartan:grinding{bits=14}: bitz::piop::spartan::grinding: close time.busy=75.8µs time.idle=100ns
2026-10-07T19:22:15.236574Z  INFO falcon_algebraic:prove:falcon_algebraic:arithmetic:falcon_algebraic:norm:spartan:round_grinding_prove: bitz::sumcheck::boundary: close time.busy=77.8µs time.idle=120ns
2026-10-07T19:22:15.236662Z  INFO falcon_algebraic:prove:falcon_algebraic:arithmetic:falcon_algebraic:norm:spartan:round_grinding_prove:spartan:grinding{bits=14}: bitz::piop::spartan::grinding: close time.busy=80.5µs time.idle=101ns
2026-10-07T19:22:15.236664Z  INFO falcon_algebraic:prove:falcon_algebraic:arithmetic:falcon_algebraic:norm:spartan:round_grinding_prove: bitz::sumcheck::boundary: close time.busy=82.4µs time.idle=100ns
2026-10-07T19:22:15.236677Z  INFO falcon_algebraic:prove:falcon_algebraic:arithmetic:falcon_algebraic:norm:spartan:round_grinding_prove:spartan:grinding{bits=14}: bitz::piop::spartan::grinding: close time.busy=5.23µs time.idle=110ns
2026-10-07T19:22:15.236678Z  INFO falcon_algebraic:prove:falcon_algebraic:arithmetic:falcon_algebraic:norm:spartan:round_grinding_prove: bitz::sumcheck::boundary: close time.busy=7.25µs time.idle=110ns
2026-10-07T19:22:15.236686Z  INFO falcon_algebraic:prove:falcon_algebraic:arithmetic:falcon_algebraic:norm: bitz::piop::spartan::falcon512_algebraic::arithmetic: close time.busy=51.4ms time.idle=150ns
2026-10-07T19:22:15.236690Z  INFO falcon_algebraic:prove:falcon_algebraic:arithmetic:falcon_algebraic:binding:spartan:grinding{bits=10}: bitz::piop::spartan::grinding: close time.busy=1.57µs time.idle=120ns
2026-10-07T19:22:15.282736Z  INFO falcon_algebraic:prove:falcon_algebraic:arithmetic:falcon_algebraic:binding:inner_packed:prefix_accumulators: bitz::sumcheck::inner::packed::state: close time.busy=37.1ms time.idle=160ns
2026-10-07T19:22:15.282753Z  INFO falcon_algebraic:prove:falcon_algebraic:arithmetic:falcon_algebraic:binding:spartan:round_grinding_prove:spartan:grinding{bits=13}: bitz::piop::spartan::grinding: close time.busy=10.4µs time.idle=130ns
2026-10-07T19:22:15.282754Z  INFO falcon_algebraic:prove:falcon_algebraic:arithmetic:falcon_algebraic:binding:spartan:round_grinding_prove: bitz::sumcheck::boundary: close time.busy=13.1µs time.idle=130ns
2026-10-07T19:22:15.282774Z  INFO falcon_algebraic:prove:falcon_algebraic:arithmetic:falcon_algebraic:binding:spartan:round_grinding_prove:spartan:grinding{bits=13}: bitz::piop::spartan::grinding: close time.busy=13.8µs time.idle=120ns
2026-10-07T19:22:15.282775Z  INFO falcon_algebraic:prove:falcon_algebraic:arithmetic:falcon_algebraic:binding:spartan:round_grinding_prove: bitz::sumcheck::boundary: close time.busy=16.0µs time.idle=120ns
2026-10-07T19:22:15.282784Z  INFO falcon_algebraic:prove:falcon_algebraic:arithmetic:falcon_algebraic:binding:spartan:round_grinding_prove:spartan:grinding{bits=13}: bitz::piop::spartan::grinding: close time.busy=4.94µs time.idle=120ns
2026-10-07T19:22:15.282786Z  INFO falcon_algebraic:prove:falcon_algebraic:arithmetic:falcon_algebraic:binding:spartan:round_grinding_prove: bitz::sumcheck::boundary: close time.busy=7.91µs time.idle=120ns
2026-10-07T19:22:15.324511Z  INFO falcon_algebraic:prove:falcon_algebraic:arithmetic:falcon_algebraic:binding:inner_packed:prepare_tail: bitz::sumcheck::inner::packed::state: close time.busy=41.7ms time.idle=270ns
2026-10-07T19:22:15.324541Z  INFO falcon_algebraic:prove:falcon_algebraic:arithmetic:falcon_algebraic:binding:spartan:round_grinding_prove:spartan:grinding{bits=13}: bitz::piop::spartan::grinding: close time.busy=24.7µs time.idle=130ns
2026-10-07T19:22:15.324542Z  INFO falcon_algebraic:prove:falcon_algebraic:arithmetic:falcon_algebraic:binding:spartan:round_grinding_prove: bitz::sumcheck::boundary: close time.busy=27.3µs time.idle=120ns
2026-10-07T19:22:15.348587Z  INFO falcon_algebraic:prove:falcon_algebraic:arithmetic:falcon_algebraic:binding:inner_packed:fold_tail{round=3}: bitz::sumcheck::inner::packed::state: close time.busy=24.0ms time.idle=140ns
2026-10-07T19:22:15.348593Z  INFO falcon_algebraic:prove:falcon_algebraic:arithmetic:falcon_algebraic:binding:spartan:round_grinding_prove:spartan:grinding{bits=13}: bitz::piop::spartan::grinding: close time.busy=1.98µs time.idle=130ns
2026-10-07T19:22:15.348595Z  INFO falcon_algebraic:prove:falcon_algebraic:arithmetic:falcon_algebraic:binding:spartan:round_grinding_prove: bitz::sumcheck::boundary: close time.busy=4.45µs time.idle=110ns
2026-10-07T19:22:15.358414Z  INFO falcon_algebraic:prove:falcon_algebraic:arithmetic:falcon_algebraic:binding:inner_packed:fold_tail{round=4}: bitz::sumcheck::inner::packed::state: close time.busy=9.82ms time.idle=110ns
2026-10-07T19:22:15.358442Z  INFO falcon_algebraic:prove:falcon_algebraic:arithmetic:falcon_algebraic:binding:spartan:round_grinding_prove:spartan:grinding{bits=13}: bitz::piop::spartan::grinding: close time.busy=25.6µs time.idle=110ns
2026-10-07T19:22:15.358444Z  INFO falcon_algebraic:prove:falcon_algebraic:arithmetic:falcon_algebraic:binding:spartan:round_grinding_prove: bitz::sumcheck::boundary: close time.busy=27.9µs time.idle=120ns
2026-10-07T19:22:15.363344Z  INFO falcon_algebraic:prove:falcon_algebraic:arithmetic:falcon_algebraic:binding:inner_packed:fold_tail{round=5}: bitz::sumcheck::inner::packed::state: close time.busy=4.90ms time.idle=100ns
2026-10-07T19:22:15.363374Z  INFO falcon_algebraic:prove:falcon_algebraic:arithmetic:falcon_algebraic:binding:spartan:round_grinding_prove:spartan:grinding{bits=13}: bitz::piop::spartan::grinding: close time.busy=27.4µs time.idle=120ns
2026-10-07T19:22:15.363375Z  INFO falcon_algebraic:prove:falcon_algebraic:arithmetic:falcon_algebraic:binding:spartan:round_grinding_prove: bitz::sumcheck::boundary: close time.busy=29.7µs time.idle=111ns
2026-10-07T19:22:15.366556Z  INFO falcon_algebraic:prove:falcon_algebraic:arithmetic:falcon_algebraic:binding:inner_packed:fold_tail{round=6}: bitz::sumcheck::inner::packed::state: close time.busy=3.18ms time.idle=110ns
2026-10-07T19:22:15.366620Z  INFO falcon_algebraic:prove:falcon_algebraic:arithmetic:falcon_algebraic:binding:spartan:round_grinding_prove:spartan:grinding{bits=13}: bitz::piop::spartan::grinding: close time.busy=61.6µs time.idle=131ns
2026-10-07T19:22:15.366622Z  INFO falcon_algebraic:prove:falcon_algebraic:arithmetic:falcon_algebraic:binding:spartan:round_grinding_prove: bitz::sumcheck::boundary: close time.busy=64.0µs time.idle=110ns
2026-10-07T19:22:15.367887Z  INFO falcon_algebraic:prove:falcon_algebraic:arithmetic:falcon_algebraic:binding:inner_packed:fold_tail{round=7}: bitz::sumcheck::inner::packed::state: close time.busy=1.26ms time.idle=110ns
2026-10-07T19:22:15.367910Z  INFO falcon_algebraic:prove:falcon_algebraic:arithmetic:falcon_algebraic:binding:spartan:round_grinding_prove:spartan:grinding{bits=13}: bitz::piop::spartan::grinding: close time.busy=20.2µs time.idle=120ns
2026-10-07T19:22:15.367911Z  INFO falcon_algebraic:prove:falcon_algebraic:arithmetic:falcon_algebraic:binding:spartan:round_grinding_prove: bitz::sumcheck::boundary: close time.busy=22.3µs time.idle=100ns
2026-10-07T19:22:15.368562Z  INFO falcon_algebraic:prove:falcon_algebraic:arithmetic:falcon_algebraic:binding:inner_packed:fold_tail{round=8}: bitz::sumcheck::inner::packed::state: close time.busy=647µs time.idle=121ns
2026-10-07T19:22:15.368607Z  INFO falcon_algebraic:prove:falcon_algebraic:arithmetic:falcon_algebraic:binding:spartan:round_grinding_prove:spartan:grinding{bits=13}: bitz::piop::spartan::grinding: close time.busy=42.6µs time.idle=130ns
2026-10-07T19:22:15.368609Z  INFO falcon_algebraic:prove:falcon_algebraic:arithmetic:falcon_algebraic:binding:spartan:round_grinding_prove: bitz::sumcheck::boundary: close time.busy=44.7µs time.idle=110ns
2026-10-07T19:22:15.368940Z  INFO falcon_algebraic:prove:falcon_algebraic:arithmetic:falcon_algebraic:binding:inner_packed:fold_tail{round=9}: bitz::sumcheck::inner::packed::state: close time.busy=329µs time.idle=100ns
2026-10-07T19:22:15.368960Z  INFO falcon_algebraic:prove:falcon_algebraic:arithmetic:falcon_algebraic:binding:spartan:round_grinding_prove:spartan:grinding{bits=13}: bitz::piop::spartan::grinding: close time.busy=17.3µs time.idle=131ns
2026-10-07T19:22:15.368961Z  INFO falcon_algebraic:prove:falcon_algebraic:arithmetic:falcon_algebraic:binding:spartan:round_grinding_prove: bitz::sumcheck::boundary: close time.busy=19.4µs time.idle=90.0ns
2026-10-07T19:22:15.369133Z  INFO falcon_algebraic:prove:falcon_algebraic:arithmetic:falcon_algebraic:binding:inner_packed:fold_tail{round=10}: bitz::sumcheck::inner::packed::state: close time.busy=170µs time.idle=110ns
2026-10-07T19:22:15.369166Z  INFO falcon_algebraic:prove:falcon_algebraic:arithmetic:falcon_algebraic:binding:spartan:round_grinding_prove:spartan:grinding{bits=13}: bitz::piop::spartan::grinding: close time.busy=30.4µs time.idle=111ns
2026-10-07T19:22:15.369167Z  INFO falcon_algebraic:prove:falcon_algebraic:arithmetic:falcon_algebraic:binding:spartan:round_grinding_prove: bitz::sumcheck::boundary: close time.busy=32.5µs time.idle=110ns
2026-10-07T19:22:15.369257Z  INFO falcon_algebraic:prove:falcon_algebraic:arithmetic:falcon_algebraic:binding:inner_packed:fold_tail{round=11}: bitz::sumcheck::inner::packed::state: close time.busy=87.4µs time.idle=110ns
2026-10-07T19:22:15.369282Z  INFO falcon_algebraic:prove:falcon_algebraic:arithmetic:falcon_algebraic:binding:spartan:round_grinding_prove:spartan:grinding{bits=13}: bitz::piop::spartan::grinding: close time.busy=22.9µs time.idle=120ns
2026-10-07T19:22:15.369284Z  INFO falcon_algebraic:prove:falcon_algebraic:arithmetic:falcon_algebraic:binding:spartan:round_grinding_prove: bitz::sumcheck::boundary: close time.busy=25.0µs time.idle=100ns
2026-10-07T19:22:15.369330Z  INFO falcon_algebraic:prove:falcon_algebraic:arithmetic:falcon_algebraic:binding:inner_packed:fold_tail{round=12}: bitz::sumcheck::inner::packed::state: close time.busy=44.6µs time.idle=111ns
2026-10-07T19:22:15.369340Z  INFO falcon_algebraic:prove:falcon_algebraic:arithmetic:falcon_algebraic:binding:spartan:round_grinding_prove:spartan:grinding{bits=13}: bitz::piop::spartan::grinding: close time.busy=7.38µs time.idle=110ns
2026-10-07T19:22:15.369341Z  INFO falcon_algebraic:prove:falcon_algebraic:arithmetic:falcon_algebraic:binding:spartan:round_grinding_prove: bitz::sumcheck::boundary: close time.busy=9.55µs time.idle=120ns
2026-10-07T19:22:15.369366Z  INFO falcon_algebraic:prove:falcon_algebraic:arithmetic:falcon_algebraic:binding:inner_packed:fold_tail{round=13}: bitz::sumcheck::inner::packed::state: close time.busy=22.4µs time.idle=110ns
2026-10-07T19:22:15.369392Z  INFO falcon_algebraic:prove:falcon_algebraic:arithmetic:falcon_algebraic:binding:spartan:round_grinding_prove:spartan:grinding{bits=13}: bitz::piop::spartan::grinding: close time.busy=23.3µs time.idle=120ns
2026-10-07T19:22:15.369393Z  INFO falcon_algebraic:prove:falcon_algebraic:arithmetic:falcon_algebraic:binding:spartan:round_grinding_prove: bitz::sumcheck::boundary: close time.busy=25.3µs time.idle=100ns
2026-10-07T19:22:15.369409Z  INFO falcon_algebraic:prove:falcon_algebraic:arithmetic:falcon_algebraic:binding:inner_packed:fold_tail{round=14}: bitz::sumcheck::inner::packed::state: close time.busy=11.3µs time.idle=110ns
2026-10-07T19:22:15.369518Z  INFO falcon_algebraic:prove:falcon_algebraic:arithmetic:falcon_algebraic:binding:spartan:round_grinding_prove:spartan:grinding{bits=13}: bitz::piop::spartan::grinding: close time.busy=107µs time.idle=110ns
2026-10-07T19:22:15.369519Z  INFO falcon_algebraic:prove:falcon_algebraic:arithmetic:falcon_algebraic:binding:spartan:round_grinding_prove: bitz::sumcheck::boundary: close time.busy=109µs time.idle=120ns
2026-10-07T19:22:15.369527Z  INFO falcon_algebraic:prove:falcon_algebraic:arithmetic:falcon_algebraic:binding:inner_packed:fold_tail{round=15}: bitz::sumcheck::inner::packed::state: close time.busy=5.46µs time.idle=110ns
2026-10-07T19:22:15.369613Z  INFO falcon_algebraic:prove:falcon_algebraic:arithmetic:falcon_algebraic:binding:spartan:round_grinding_prove:spartan:grinding{bits=13}: bitz::piop::spartan::grinding: close time.busy=83.7µs time.idle=110ns
2026-10-07T19:22:15.369614Z  INFO falcon_algebraic:prove:falcon_algebraic:arithmetic:falcon_algebraic:binding:spartan:round_grinding_prove: bitz::sumcheck::boundary: close time.busy=85.9µs time.idle=91.0ns
2026-10-07T19:22:15.369620Z  INFO falcon_algebraic:prove:falcon_algebraic:arithmetic:falcon_algebraic:binding:inner_packed:fold_tail{round=16}: bitz::sumcheck::inner::packed::state: close time.busy=2.71µs time.idle=111ns
2026-10-07T19:22:15.369631Z  INFO falcon_algebraic:prove:falcon_algebraic:arithmetic:falcon_algebraic:binding:spartan:round_grinding_prove:spartan:grinding{bits=13}: bitz::piop::spartan::grinding: close time.busy=8.21µs time.idle=120ns
2026-10-07T19:22:15.369632Z  INFO falcon_algebraic:prove:falcon_algebraic:arithmetic:falcon_algebraic:binding:spartan:round_grinding_prove: bitz::sumcheck::boundary: close time.busy=10.3µs time.idle=111ns
2026-10-07T19:22:15.369636Z  INFO falcon_algebraic:prove:falcon_algebraic:arithmetic:falcon_algebraic:binding:inner_packed:fold_tail{round=17}: bitz::sumcheck::inner::packed::state: close time.busy=1.41µs time.idle=110ns
2026-10-07T19:22:15.369721Z  INFO falcon_algebraic:prove:falcon_algebraic:arithmetic:falcon_algebraic:binding:spartan:round_grinding_prove:spartan:grinding{bits=13}: bitz::piop::spartan::grinding: close time.busy=82.6µs time.idle=101ns
2026-10-07T19:22:15.369722Z  INFO falcon_algebraic:prove:falcon_algebraic:arithmetic:falcon_algebraic:binding:spartan:round_grinding_prove: bitz::sumcheck::boundary: close time.busy=84.7µs time.idle=101ns
2026-10-07T19:22:15.369725Z  INFO falcon_algebraic:prove:falcon_algebraic:arithmetic:falcon_algebraic:binding:inner_packed:fold_tail{round=18}: bitz::sumcheck::inner::packed::state: close time.busy=772ns time.idle=110ns
2026-10-07T19:22:15.369776Z  INFO falcon_algebraic:prove:falcon_algebraic:arithmetic:falcon_algebraic:binding:spartan:round_grinding_prove:spartan:grinding{bits=13}: bitz::piop::spartan::grinding: close time.busy=48.9µs time.idle=100ns
2026-10-07T19:22:15.369778Z  INFO falcon_algebraic:prove:falcon_algebraic:arithmetic:falcon_algebraic:binding:spartan:round_grinding_prove: bitz::sumcheck::boundary: close time.busy=51.0µs time.idle=110ns
2026-10-07T19:22:15.369780Z  INFO falcon_algebraic:prove:falcon_algebraic:arithmetic:falcon_algebraic:binding:inner_packed:fold_tail{round=19}: bitz::sumcheck::inner::packed::state: close time.busy=430ns time.idle=112ns
2026-10-07T19:22:15.369837Z  INFO falcon_algebraic:prove:falcon_algebraic:arithmetic:falcon_algebraic:binding:spartan:round_grinding_prove:spartan:grinding{bits=13}: bitz::piop::spartan::grinding: close time.busy=53.7µs time.idle=110ns
2026-10-07T19:22:15.369838Z  INFO falcon_algebraic:prove:falcon_algebraic:arithmetic:falcon_algebraic:binding:spartan:round_grinding_prove: bitz::sumcheck::boundary: close time.busy=55.9µs time.idle=90.0ns
2026-10-07T19:22:15.369840Z  INFO falcon_algebraic:prove:falcon_algebraic:arithmetic:falcon_algebraic:binding:inner_packed:fold_tail{round=20}: bitz::sumcheck::inner::packed::state: close time.busy=270ns time.idle=111ns
2026-10-07T19:22:15.369862Z  INFO falcon_algebraic:prove:falcon_algebraic:arithmetic:falcon_algebraic:binding:spartan:round_grinding_prove:spartan:grinding{bits=13}: bitz::piop::spartan::grinding: close time.busy=18.9µs time.idle=110ns
2026-10-07T19:22:15.369863Z  INFO falcon_algebraic:prove:falcon_algebraic:arithmetic:falcon_algebraic:binding:spartan:round_grinding_prove: bitz::sumcheck::boundary: close time.busy=20.9µs time.idle=100ns
2026-10-07T19:22:15.369865Z  INFO falcon_algebraic:prove:falcon_algebraic:arithmetic:falcon_algebraic:binding:inner_packed:fold_tail{round=21}: bitz::sumcheck::inner::packed::state: close time.busy=180ns time.idle=110ns
2026-10-07T19:22:15.369872Z  INFO falcon_algebraic:prove:falcon_algebraic:arithmetic:falcon_algebraic:binding:spartan:round_grinding_prove:spartan:grinding{bits=13}: bitz::piop::spartan::grinding: close time.busy=4.76µs time.idle=110ns
2026-10-07T19:22:15.369874Z  INFO falcon_algebraic:prove:falcon_algebraic:arithmetic:falcon_algebraic:binding:spartan:round_grinding_prove: bitz::sumcheck::boundary: close time.busy=6.79µs time.idle=110ns
2026-10-07T19:22:15.369877Z  INFO falcon_algebraic:prove:falcon_algebraic:arithmetic:falcon_algebraic:binding:inner_packed:fold_tail{round=22}: bitz::sumcheck::inner::packed::state: close time.busy=120ns time.idle=100ns
2026-10-07T19:22:15.369892Z  INFO falcon_algebraic:prove:falcon_algebraic:arithmetic:falcon_algebraic:binding:spartan:round_grinding_prove:spartan:grinding{bits=13}: bitz::piop::spartan::grinding: close time.busy=12.8µs time.idle=110ns
2026-10-07T19:22:15.369893Z  INFO falcon_algebraic:prove:falcon_algebraic:arithmetic:falcon_algebraic:binding:spartan:round_grinding_prove: bitz::sumcheck::boundary: close time.busy=14.8µs time.idle=110ns
2026-10-07T19:22:15.369896Z  INFO falcon_algebraic:prove:falcon_algebraic:arithmetic:falcon_algebraic:binding:inner_packed:fold_tail{round=23}: bitz::sumcheck::inner::packed::state: close time.busy=301ns time.idle=120ns
2026-10-07T19:22:15.376487Z  INFO falcon_algebraic:prove:falcon_algebraic:arithmetic:falcon_algebraic:binding: bitz::piop::spartan::falcon512_algebraic::arithmetic: close time.busy=140ms time.idle=131ns
2026-10-07T19:22:15.376490Z  INFO falcon_algebraic:prove:falcon_algebraic:arithmetic: bitz::piop::spartan::falcon512_algebraic::protocol: close time.busy=191ms time.idle=181ns
2026-10-07T19:22:15.379008Z  INFO falcon_algebraic:prove:falcon_algebraic:bitz:falcon_bridge:integer_folds: bitz::hybrid::integer_bridge: close time.busy=2.48ms time.idle=150ns
2026-10-07T19:22:15.380065Z  INFO falcon_algebraic:prove:falcon_algebraic:bitz:falcon_bridge:column_packing: bitz::hybrid::integer_bridge: close time.busy=865µs time.idle=150ns
2026-10-07T19:22:15.380443Z  INFO falcon_algebraic:prove:falcon_algebraic:bitz:falcon_bridge:power_tables: bitz::hybrid::integer_bridge: close time.busy=375µs time.idle=280ns
2026-10-07T19:22:15.380460Z  INFO falcon_algebraic:prove:falcon_algebraic:bitz:spartan:grinding{bits=14}: bitz::piop::spartan::grinding: close time.busy=14.4µs time.idle=111ns
2026-10-07T19:22:15.388642Z  INFO falcon_algebraic:prove:falcon_algebraic:bitz:falcon_bridge:wfbitz_forest:spartan:grinding{bits=14}: bitz::piop::spartan::grinding: close time.busy=137µs time.idle=120ns
2026-10-07T19:22:15.388822Z  INFO falcon_algebraic:prove:falcon_algebraic:bitz:falcon_bridge:wfbitz_forest:spartan:grinding{bits=14}: bitz::piop::spartan::grinding: close time.busy=169µs time.idle=110ns
2026-10-07T19:22:15.388838Z  INFO falcon_algebraic:prove:falcon_algebraic:bitz:falcon_bridge:wfbitz_forest:spartan:grinding{bits=14}: bitz::piop::spartan::grinding: close time.busy=10.2µs time.idle=110ns
2026-10-07T19:22:15.388856Z  INFO falcon_algebraic:prove:falcon_algebraic:bitz:falcon_bridge:wfbitz_forest:spartan:grinding{bits=14}: bitz::piop::spartan::grinding: close time.busy=13.5µs time.idle=110ns
2026-10-07T19:22:15.388942Z  INFO falcon_algebraic:prove:falcon_algebraic:bitz:falcon_bridge:wfbitz_forest:spartan:grinding{bits=14}: bitz::piop::spartan::grinding: close time.busy=81.9µs time.idle=110ns
2026-10-07T19:22:15.388956Z  INFO falcon_algebraic:prove:falcon_algebraic:bitz:falcon_bridge:wfbitz_forest:spartan:grinding{bits=14}: bitz::piop::spartan::grinding: close time.busy=10.4µs time.idle=110ns
2026-10-07T19:22:15.389026Z  INFO falcon_algebraic:prove:falcon_algebraic:bitz:falcon_bridge:wfbitz_forest:spartan:grinding{bits=14}: bitz::piop::spartan::grinding: close time.busy=67.8µs time.idle=110ns
2026-10-07T19:22:15.389038Z  INFO falcon_algebraic:prove:falcon_algebraic:bitz:falcon_bridge:wfbitz_forest:spartan:grinding{bits=14}: bitz::piop::spartan::grinding: close time.busy=8.58µs time.idle=100ns
2026-10-07T19:22:15.389066Z  INFO falcon_algebraic:prove:falcon_algebraic:bitz:falcon_bridge:wfbitz_forest:spartan:grinding{bits=14}: bitz::piop::spartan::grinding: close time.busy=25.7µs time.idle=110ns
2026-10-07T19:22:15.389083Z  INFO falcon_algebraic:prove:falcon_algebraic:bitz:falcon_bridge:wfbitz_forest:spartan:grinding{bits=14}: bitz::piop::spartan::grinding: close time.busy=13.7µs time.idle=110ns
2026-10-07T19:22:15.389144Z  INFO falcon_algebraic:prove:falcon_algebraic:bitz:falcon_bridge:wfbitz_forest:spartan:grinding{bits=14}: bitz::piop::spartan::grinding: close time.busy=59.0µs time.idle=111ns
2026-10-07T19:22:15.389279Z  INFO falcon_algebraic:prove:falcon_algebraic:bitz:falcon_bridge:wfbitz_forest:spartan:grinding{bits=14}: bitz::piop::spartan::grinding: close time.busy=131µs time.idle=100ns
2026-10-07T19:22:15.389304Z  INFO falcon_algebraic:prove:falcon_algebraic:bitz:falcon_bridge:wfbitz_forest:spartan:grinding{bits=14}: bitz::piop::spartan::grinding: close time.busy=22.9µs time.idle=110ns
2026-10-07T19:22:15.389341Z  INFO falcon_algebraic:prove:falcon_algebraic:bitz:falcon_bridge:wfbitz_forest:spartan:grinding{bits=14}: bitz::piop::spartan::grinding: close time.busy=19.2µs time.idle=101ns
2026-10-07T19:22:15.389426Z  INFO falcon_algebraic:prove:falcon_algebraic:bitz:falcon_bridge:wfbitz_forest:spartan:grinding{bits=14}: bitz::piop::spartan::grinding: close time.busy=74.8µs time.idle=110ns
2026-10-07T19:22:15.389460Z  INFO falcon_algebraic:prove:falcon_algebraic:bitz:falcon_bridge:wfbitz_forest:spartan:grinding{bits=14}: bitz::piop::spartan::grinding: close time.busy=25.5µs time.idle=111ns
2026-10-07T19:22:15.389496Z  INFO falcon_algebraic:prove:falcon_algebraic:bitz:falcon_bridge:wfbitz_forest:spartan:grinding{bits=14}: bitz::piop::spartan::grinding: close time.busy=31.6µs time.idle=110ns
2026-10-07T19:22:15.389565Z  INFO falcon_algebraic:prove:falcon_algebraic:bitz:falcon_bridge:wfbitz_forest:spartan:grinding{bits=14}: bitz::piop::spartan::grinding: close time.busy=64.3µs time.idle=110ns
2026-10-07T19:22:15.389600Z  INFO falcon_algebraic:prove:falcon_algebraic:bitz:falcon_bridge:wfbitz_forest:spartan:grinding{bits=14}: bitz::piop::spartan::grinding: close time.busy=32.1µs time.idle=110ns
2026-10-07T19:22:15.389663Z  INFO falcon_algebraic:prove:falcon_algebraic:bitz:falcon_bridge:wfbitz_forest:spartan:grinding{bits=14}: bitz::piop::spartan::grinding: close time.busy=60.2µs time.idle=90.0ns
2026-10-07T19:22:15.389749Z  INFO falcon_algebraic:prove:falcon_algebraic:bitz:falcon_bridge:wfbitz_forest:spartan:grinding{bits=14}: bitz::piop::spartan::grinding: close time.busy=82.7µs time.idle=111ns
2026-10-07T19:22:15.389864Z  INFO falcon_algebraic:prove:falcon_algebraic:bitz:falcon_bridge:wfbitz_forest:spartan:grinding{bits=14}: bitz::piop::spartan::grinding: close time.busy=113µs time.idle=120ns
2026-10-07T19:22:15.389887Z  INFO falcon_algebraic:prove:falcon_algebraic:bitz:falcon_bridge:wfbitz_forest:spartan:grinding{bits=14}: bitz::piop::spartan::grinding: close time.busy=20.0µs time.idle=110ns
2026-10-07T19:22:15.389919Z  INFO falcon_algebraic:prove:falcon_algebraic:bitz:falcon_bridge:wfbitz_forest:spartan:grinding{bits=14}: bitz::piop::spartan::grinding: close time.busy=28.7µs time.idle=111ns
2026-10-07T19:22:15.389929Z  INFO falcon_algebraic:prove:falcon_algebraic:bitz:falcon_bridge:wfbitz_forest:spartan:grinding{bits=14}: bitz::piop::spartan::grinding: close time.busy=7.33µs time.idle=120ns
2026-10-07T19:22:15.390236Z  INFO falcon_algebraic:prove:falcon_algebraic:bitz:falcon_bridge:wfbitz_forest:spartan:grinding{bits=14}: bitz::piop::spartan::grinding: close time.busy=304µs time.idle=100ns
2026-10-07T19:22:15.390253Z  INFO falcon_algebraic:prove:falcon_algebraic:bitz:falcon_bridge:wfbitz_forest:spartan:grinding{bits=14}: bitz::piop::spartan::grinding: close time.busy=14.6µs time.idle=111ns
2026-10-07T19:22:15.390496Z  INFO falcon_algebraic:prove:falcon_algebraic:bitz:falcon_bridge:wfbitz_forest:spartan:grinding{bits=14}: bitz::piop::spartan::grinding: close time.busy=219µs time.idle=110ns
2026-10-07T19:22:15.390521Z  INFO falcon_algebraic:prove:falcon_algebraic:bitz:falcon_bridge:wfbitz_forest:spartan:grinding{bits=14}: bitz::piop::spartan::grinding: close time.busy=4.03µs time.idle=110ns
2026-10-07T19:22:15.390581Z  INFO falcon_algebraic:prove:falcon_algebraic:bitz:falcon_bridge:wfbitz_forest:spartan:grinding{bits=14}: bitz::piop::spartan::grinding: close time.busy=52.0µs time.idle=110ns
2026-10-07T19:22:15.390768Z  INFO falcon_algebraic:prove:falcon_algebraic:bitz:falcon_bridge:wfbitz_forest:spartan:grinding{bits=14}: bitz::piop::spartan::grinding: close time.busy=170µs time.idle=111ns
2026-10-07T19:22:15.390826Z  INFO falcon_algebraic:prove:falcon_algebraic:bitz:falcon_bridge:wfbitz_forest:spartan:grinding{bits=14}: bitz::piop::spartan::grinding: close time.busy=52.9µs time.idle=110ns
2026-10-07T19:22:15.390900Z  INFO falcon_algebraic:prove:falcon_algebraic:bitz:falcon_bridge:wfbitz_forest:spartan:grinding{bits=14}: bitz::piop::spartan::grinding: close time.busy=69.6µs time.idle=110ns
2026-10-07T19:22:15.390940Z  INFO falcon_algebraic:prove:falcon_algebraic:bitz:falcon_bridge:wfbitz_forest:spartan:grinding{bits=14}: bitz::piop::spartan::grinding: close time.busy=36.5µs time.idle=101ns
2026-10-07T19:22:15.390993Z  INFO falcon_algebraic:prove:falcon_algebraic:bitz:falcon_bridge:wfbitz_forest:spartan:grinding{bits=14}: bitz::piop::spartan::grinding: close time.busy=49.1µs time.idle=110ns
2026-10-07T19:22:15.391006Z  INFO falcon_algebraic:prove:falcon_algebraic:bitz:falcon_bridge:wfbitz_forest:spartan:grinding{bits=14}: bitz::piop::spartan::grinding: close time.busy=10.2µs time.idle=111ns
2026-10-07T19:22:15.391017Z  INFO falcon_algebraic:prove:falcon_algebraic:bitz:falcon_bridge:wfbitz_forest:spartan:grinding{bits=14}: bitz::piop::spartan::grinding: close time.busy=8.27µs time.idle=120ns
2026-10-07T19:22:15.391282Z  INFO falcon_algebraic:prove:falcon_algebraic:bitz:falcon_bridge:wfbitz_forest:spartan:grinding{bits=14}: bitz::piop::spartan::grinding: close time.busy=262µs time.idle=110ns
2026-10-07T19:22:15.391360Z  INFO falcon_algebraic:prove:falcon_algebraic:bitz:falcon_bridge:wfbitz_forest:spartan:grinding{bits=14}: bitz::piop::spartan::grinding: close time.busy=75.3µs time.idle=111ns
2026-10-07T19:22:15.391412Z  INFO falcon_algebraic:prove:falcon_algebraic:bitz:falcon_bridge:wfbitz_forest:spartan:grinding{bits=14}: bitz::piop::spartan::grinding: close time.busy=49.0µs time.idle=110ns
2026-10-07T19:22:15.391442Z  INFO falcon_algebraic:prove:falcon_algebraic:bitz:falcon_bridge:wfbitz_forest:spartan:grinding{bits=14}: bitz::piop::spartan::grinding: close time.busy=27.5µs time.idle=110ns
2026-10-07T19:22:15.391487Z  INFO falcon_algebraic:prove:falcon_algebraic:bitz:falcon_bridge:wfbitz_forest:spartan:grinding{bits=14}: bitz::piop::spartan::grinding: close time.busy=41.9µs time.idle=110ns
2026-10-07T19:22:15.391843Z  INFO falcon_algebraic:prove:falcon_algebraic:bitz:falcon_bridge:wfbitz_forest:spartan:grinding{bits=14}: bitz::piop::spartan::grinding: close time.busy=319µs time.idle=111ns
2026-10-07T19:22:15.391895Z  INFO falcon_algebraic:prove:falcon_algebraic:bitz:falcon_bridge:wfbitz_forest:spartan:grinding{bits=14}: bitz::piop::spartan::grinding: close time.busy=16.9µs time.idle=110ns
2026-10-07T19:22:15.391933Z  INFO falcon_algebraic:prove:falcon_algebraic:bitz:falcon_bridge:wfbitz_forest:spartan:grinding{bits=14}: bitz::piop::spartan::grinding: close time.busy=19.9µs time.idle=120ns
2026-10-07T19:22:15.392077Z  INFO falcon_algebraic:prove:falcon_algebraic:bitz:falcon_bridge:wfbitz_forest:spartan:grinding{bits=14}: bitz::piop::spartan::grinding: close time.busy=137µs time.idle=90.0ns
2026-10-07T19:22:15.392176Z  INFO falcon_algebraic:prove:falcon_algebraic:bitz:falcon_bridge:wfbitz_forest:spartan:grinding{bits=14}: bitz::piop::spartan::grinding: close time.busy=83.3µs time.idle=100ns
2026-10-07T19:22:15.392197Z  INFO falcon_algebraic:prove:falcon_algebraic:bitz:falcon_bridge:wfbitz_forest:spartan:grinding{bits=14}: bitz::piop::spartan::grinding: close time.busy=15.5µs time.idle=110ns
2026-10-07T19:22:15.392352Z  INFO falcon_algebraic:prove:falcon_algebraic:bitz:falcon_bridge:wfbitz_forest:spartan:grinding{bits=14}: bitz::piop::spartan::grinding: close time.busy=151µs time.idle=110ns
2026-10-07T19:22:15.392388Z  INFO falcon_algebraic:prove:falcon_algebraic:bitz:falcon_bridge:wfbitz_forest:spartan:grinding{bits=14}: bitz::piop::spartan::grinding: close time.busy=33.2µs time.idle=110ns
2026-10-07T19:22:15.392418Z  INFO falcon_algebraic:prove:falcon_algebraic:bitz:falcon_bridge:wfbitz_forest:spartan:grinding{bits=14}: bitz::piop::spartan::grinding: close time.busy=27.1µs time.idle=110ns
2026-10-07T19:22:15.392458Z  INFO falcon_algebraic:prove:falcon_algebraic:bitz:falcon_bridge:wfbitz_forest:spartan:grinding{bits=14}: bitz::piop::spartan::grinding: close time.busy=36.4µs time.idle=110ns
2026-10-07T19:22:15.392479Z  INFO falcon_algebraic:prove:falcon_algebraic:bitz:falcon_bridge:wfbitz_forest:spartan:grinding{bits=14}: bitz::piop::spartan::grinding: close time.busy=18.8µs time.idle=110ns
2026-10-07T19:22:15.392524Z  INFO falcon_algebraic:prove:falcon_algebraic:bitz:falcon_bridge:wfbitz_forest:spartan:grinding{bits=14}: bitz::piop::spartan::grinding: close time.busy=41.6µs time.idle=110ns
2026-10-07T19:22:15.392534Z  INFO falcon_algebraic:prove:falcon_algebraic:bitz:falcon_bridge:wfbitz_forest:spartan:grinding{bits=14}: bitz::piop::spartan::grinding: close time.busy=7.52µs time.idle=110ns
2026-10-07T19:22:15.392590Z  INFO falcon_algebraic:prove:falcon_algebraic:bitz:falcon_bridge:wfbitz_forest:spartan:grinding{bits=14}: bitz::piop::spartan::grinding: close time.busy=53.0µs time.idle=100ns
2026-10-07T19:22:15.392655Z  INFO falcon_algebraic:prove:falcon_algebraic:bitz:falcon_bridge:wfbitz_forest:spartan:grinding{bits=14}: bitz::piop::spartan::grinding: close time.busy=62.5µs time.idle=110ns
2026-10-07T19:22:15.392762Z  INFO falcon_algebraic:prove:falcon_algebraic:bitz:falcon_bridge:wfbitz_forest:spartan:grinding{bits=14}: bitz::piop::spartan::grinding: close time.busy=105µs time.idle=110ns
2026-10-07T19:22:15.392952Z  INFO falcon_algebraic:prove:falcon_algebraic:bitz:falcon_bridge:wfbitz_forest:spartan:grinding{bits=14}: bitz::piop::spartan::grinding: close time.busy=125µs time.idle=110ns
2026-10-07T19:22:15.393025Z  INFO falcon_algebraic:prove:falcon_algebraic:bitz:falcon_bridge:wfbitz_forest:spartan:grinding{bits=14}: bitz::piop::spartan::grinding: close time.busy=7.61µs time.idle=110ns
2026-10-07T19:22:15.393094Z  INFO falcon_algebraic:prove:falcon_algebraic:bitz:falcon_bridge:wfbitz_forest:spartan:grinding{bits=14}: bitz::piop::spartan::grinding: close time.busy=38.4µs time.idle=100ns
2026-10-07T19:22:15.393236Z  INFO falcon_algebraic:prove:falcon_algebraic:bitz:falcon_bridge:wfbitz_forest:spartan:grinding{bits=14}: bitz::piop::spartan::grinding: close time.busy=126µs time.idle=110ns
2026-10-07T19:22:15.393306Z  INFO falcon_algebraic:prove:falcon_algebraic:bitz:falcon_bridge:wfbitz_forest:spartan:grinding{bits=14}: bitz::piop::spartan::grinding: close time.busy=62.2µs time.idle=110ns
2026-10-07T19:22:15.393511Z  INFO falcon_algebraic:prove:falcon_algebraic:bitz:falcon_bridge:wfbitz_forest:spartan:grinding{bits=14}: bitz::piop::spartan::grinding: close time.busy=189µs time.idle=110ns
2026-10-07T19:22:15.393576Z  INFO falcon_algebraic:prove:falcon_algebraic:bitz:falcon_bridge:wfbitz_forest:spartan:grinding{bits=14}: bitz::piop::spartan::grinding: close time.busy=57.8µs time.idle=110ns
2026-10-07T19:22:15.393671Z  INFO falcon_algebraic:prove:falcon_algebraic:bitz:falcon_bridge:wfbitz_forest:spartan:grinding{bits=14}: bitz::piop::spartan::grinding: close time.busy=90.5µs time.idle=110ns
2026-10-07T19:22:15.393707Z  INFO falcon_algebraic:prove:falcon_algebraic:bitz:falcon_bridge:wfbitz_forest:spartan:grinding{bits=14}: bitz::piop::spartan::grinding: close time.busy=33.4µs time.idle=100ns
2026-10-07T19:22:15.393803Z  INFO falcon_algebraic:prove:falcon_algebraic:bitz:falcon_bridge:wfbitz_forest:spartan:grinding{bits=14}: bitz::piop::spartan::grinding: close time.busy=92.8µs time.idle=120ns
2026-10-07T19:22:15.393857Z  INFO falcon_algebraic:prove:falcon_algebraic:bitz:falcon_bridge:wfbitz_forest:spartan:grinding{bits=14}: bitz::piop::spartan::grinding: close time.busy=50.4µs time.idle=120ns
2026-10-07T19:22:15.393878Z  INFO falcon_algebraic:prove:falcon_algebraic:bitz:falcon_bridge:wfbitz_forest:spartan:grinding{bits=14}: bitz::piop::spartan::grinding: close time.busy=18.5µs time.idle=110ns
2026-10-07T19:22:15.393892Z  INFO falcon_algebraic:prove:falcon_algebraic:bitz:falcon_bridge:wfbitz_forest:spartan:grinding{bits=14}: bitz::piop::spartan::grinding: close time.busy=10.3µs time.idle=110ns
2026-10-07T19:22:15.393962Z  INFO falcon_algebraic:prove:falcon_algebraic:bitz:falcon_bridge:wfbitz_forest:spartan:grinding{bits=14}: bitz::piop::spartan::grinding: close time.busy=67.7µs time.idle=110ns
2026-10-07T19:22:15.394053Z  INFO falcon_algebraic:prove:falcon_algebraic:bitz:falcon_bridge:wfbitz_forest:spartan:grinding{bits=14}: bitz::piop::spartan::grinding: close time.busy=88.3µs time.idle=100ns
2026-10-07T19:22:15.394109Z  INFO falcon_algebraic:prove:falcon_algebraic:bitz:falcon_bridge:wfbitz_forest:spartan:grinding{bits=14}: bitz::piop::spartan::grinding: close time.busy=52.6µs time.idle=120ns
2026-10-07T19:22:15.394131Z  INFO falcon_algebraic:prove:falcon_algebraic:bitz:falcon_bridge:wfbitz_forest:spartan:grinding{bits=14}: bitz::piop::spartan::grinding: close time.busy=19.5µs time.idle=112ns
2026-10-07T19:22:15.394287Z  INFO falcon_algebraic:prove:falcon_algebraic:bitz:falcon_bridge:wfbitz_forest:spartan:grinding{bits=14}: bitz::piop::spartan::grinding: close time.busy=44.7µs time.idle=110ns
2026-10-07T19:22:15.394419Z  INFO falcon_algebraic:prove:falcon_algebraic:bitz:falcon_bridge:wfbitz_forest:spartan:grinding{bits=14}: bitz::piop::spartan::grinding: close time.busy=6.39µs time.idle=111ns
2026-10-07T19:22:15.394503Z  INFO falcon_algebraic:prove:falcon_algebraic:bitz:falcon_bridge:wfbitz_forest:spartan:grinding{bits=14}: bitz::piop::spartan::grinding: close time.busy=34.0µs time.idle=110ns
2026-10-07T19:22:15.394715Z  INFO falcon_algebraic:prove:falcon_algebraic:bitz:falcon_bridge:wfbitz_forest:spartan:grinding{bits=14}: bitz::piop::spartan::grinding: close time.busy=184µs time.idle=110ns
2026-10-07T19:22:15.394860Z  INFO falcon_algebraic:prove:falcon_algebraic:bitz:falcon_bridge:wfbitz_forest:spartan:grinding{bits=14}: bitz::piop::spartan::grinding: close time.busy=128µs time.idle=110ns
2026-10-07T19:22:15.394932Z  INFO falcon_algebraic:prove:falcon_algebraic:bitz:falcon_bridge:wfbitz_forest:spartan:grinding{bits=14}: bitz::piop::spartan::grinding: close time.busy=63.8µs time.idle=110ns
2026-10-07T19:22:15.395150Z  INFO falcon_algebraic:prove:falcon_algebraic:bitz:falcon_bridge:wfbitz_forest:spartan:grinding{bits=14}: bitz::piop::spartan::grinding: close time.busy=202µs time.idle=110ns
2026-10-07T19:22:15.395161Z  INFO falcon_algebraic:prove:falcon_algebraic:bitz:falcon_bridge:wfbitz_forest:spartan:grinding{bits=14}: bitz::piop::spartan::grinding: close time.busy=5.05µs time.idle=110ns
2026-10-07T19:22:15.395204Z  INFO falcon_algebraic:prove:falcon_algebraic:bitz:falcon_bridge:wfbitz_forest:spartan:grinding{bits=14}: bitz::piop::spartan::grinding: close time.busy=39.5µs time.idle=111ns
2026-10-07T19:22:15.395260Z  INFO falcon_algebraic:prove:falcon_algebraic:bitz:falcon_bridge:wfbitz_forest:spartan:grinding{bits=14}: bitz::piop::spartan::grinding: close time.busy=51.0µs time.idle=120ns
2026-10-07T19:22:15.395310Z  INFO falcon_algebraic:prove:falcon_algebraic:bitz:falcon_bridge:wfbitz_forest:spartan:grinding{bits=14}: bitz::piop::spartan::grinding: close time.busy=47.4µs time.idle=110ns
2026-10-07T19:22:15.395341Z  INFO falcon_algebraic:prove:falcon_algebraic:bitz:falcon_bridge:wfbitz_forest:spartan:grinding{bits=14}: bitz::piop::spartan::grinding: close time.busy=27.5µs time.idle=110ns
2026-10-07T19:22:15.395392Z  INFO falcon_algebraic:prove:falcon_algebraic:bitz:falcon_bridge:wfbitz_forest:spartan:grinding{bits=14}: bitz::piop::spartan::grinding: close time.busy=48.4µs time.idle=110ns
2026-10-07T19:22:15.395440Z  INFO falcon_algebraic:prove:falcon_algebraic:bitz:falcon_bridge:wfbitz_forest:spartan:grinding{bits=14}: bitz::piop::spartan::grinding: close time.busy=45.0µs time.idle=111ns
2026-10-07T19:22:15.395511Z  INFO falcon_algebraic:prove:falcon_algebraic:bitz:falcon_bridge:wfbitz_forest:spartan:grinding{bits=14}: bitz::piop::spartan::grinding: close time.busy=68.3µs time.idle=111ns
2026-10-07T19:22:15.395546Z  INFO falcon_algebraic:prove:falcon_algebraic:bitz:falcon_bridge:wfbitz_forest:spartan:grinding{bits=14}: bitz::piop::spartan::grinding: close time.busy=31.9µs time.idle=110ns
2026-10-07T19:22:15.395595Z  INFO falcon_algebraic:prove:falcon_algebraic:bitz:falcon_bridge:wfbitz_forest:spartan:grinding{bits=14}: bitz::piop::spartan::grinding: close time.busy=46.4µs time.idle=110ns
2026-10-07T19:22:15.395629Z  INFO falcon_algebraic:prove:falcon_algebraic:bitz:falcon_bridge:wfbitz_forest:spartan:grinding{bits=14}: bitz::piop::spartan::grinding: close time.busy=31.2µs time.idle=100ns
2026-10-07T19:22:15.395883Z  INFO falcon_algebraic:prove:falcon_algebraic:bitz:falcon_bridge:wfbitz_forest:spartan:grinding{bits=14}: bitz::piop::spartan::grinding: close time.busy=30.4µs time.idle=111ns
2026-10-07T19:22:15.396137Z  INFO falcon_algebraic:prove:falcon_algebraic:bitz:falcon_bridge:wfbitz_forest:spartan:grinding{bits=14}: bitz::piop::spartan::grinding: close time.busy=7.45µs time.idle=130ns
2026-10-07T19:22:15.396402Z  INFO falcon_algebraic:prove:falcon_algebraic:bitz:falcon_bridge:wfbitz_forest:spartan:grinding{bits=14}: bitz::piop::spartan::grinding: close time.busy=169µs time.idle=121ns
2026-10-07T19:22:15.396469Z  INFO falcon_algebraic:prove:falcon_algebraic:bitz:falcon_bridge:wfbitz_forest:spartan:grinding{bits=14}: bitz::piop::spartan::grinding: close time.busy=16.7µs time.idle=110ns
2026-10-07T19:22:15.396547Z  INFO falcon_algebraic:prove:falcon_algebraic:bitz:falcon_bridge:wfbitz_forest:spartan:grinding{bits=14}: bitz::piop::spartan::grinding: close time.busy=49.3µs time.idle=90.0ns
2026-10-07T19:22:15.396650Z  INFO falcon_algebraic:prove:falcon_algebraic:bitz:falcon_bridge:wfbitz_forest:spartan:grinding{bits=14}: bitz::piop::spartan::grinding: close time.busy=85.2µs time.idle=110ns
2026-10-07T19:22:15.396712Z  INFO falcon_algebraic:prove:falcon_algebraic:bitz:falcon_bridge:wfbitz_forest:spartan:grinding{bits=14}: bitz::piop::spartan::grinding: close time.busy=54.5µs time.idle=110ns
2026-10-07T19:22:15.396809Z  INFO falcon_algebraic:prove:falcon_algebraic:bitz:falcon_bridge:wfbitz_forest:spartan:grinding{bits=14}: bitz::piop::spartan::grinding: close time.busy=80.2µs time.idle=110ns
2026-10-07T19:22:15.397041Z  INFO falcon_algebraic:prove:falcon_algebraic:bitz:falcon_bridge:wfbitz_forest:spartan:grinding{bits=14}: bitz::piop::spartan::grinding: close time.busy=227µs time.idle=111ns
2026-10-07T19:22:15.397121Z  INFO falcon_algebraic:prove:falcon_algebraic:bitz:falcon_bridge:wfbitz_forest:spartan:grinding{bits=14}: bitz::piop::spartan::grinding: close time.busy=74.7µs time.idle=100ns
2026-10-07T19:22:15.397135Z  INFO falcon_algebraic:prove:falcon_algebraic:bitz:falcon_bridge:wfbitz_forest:spartan:grinding{bits=14}: bitz::piop::spartan::grinding: close time.busy=11.1µs time.idle=110ns
2026-10-07T19:22:15.397263Z  INFO falcon_algebraic:prove:falcon_algebraic:bitz:falcon_bridge:wfbitz_forest:spartan:grinding{bits=14}: bitz::piop::spartan::grinding: close time.busy=123µs time.idle=110ns
2026-10-07T19:22:15.397360Z  INFO falcon_algebraic:prove:falcon_algebraic:bitz:falcon_bridge:wfbitz_forest:spartan:grinding{bits=14}: bitz::piop::spartan::grinding: close time.busy=94.7µs time.idle=120ns
2026-10-07T19:22:15.397378Z  INFO falcon_algebraic:prove:falcon_algebraic:bitz:falcon_bridge:wfbitz_forest:spartan:grinding{bits=14}: bitz::piop::spartan::grinding: close time.busy=15.7µs time.idle=110ns
2026-10-07T19:22:15.397425Z  INFO falcon_algebraic:prove:falcon_algebraic:bitz:falcon_bridge:wfbitz_forest:spartan:grinding{bits=14}: bitz::piop::spartan::grinding: close time.busy=43.9µs time.idle=110ns
2026-10-07T19:22:15.397468Z  INFO falcon_algebraic:prove:falcon_algebraic:bitz:falcon_bridge:wfbitz_forest:spartan:grinding{bits=14}: bitz::piop::spartan::grinding: close time.busy=40.9µs time.idle=110ns
2026-10-07T19:22:15.397512Z  INFO falcon_algebraic:prove:falcon_algebraic:bitz:falcon_bridge:wfbitz_forest:spartan:grinding{bits=14}: bitz::piop::spartan::grinding: close time.busy=41.2µs time.idle=110ns
2026-10-07T19:22:15.397520Z  INFO falcon_algebraic:prove:falcon_algebraic:bitz:falcon_bridge:wfbitz_forest:spartan:grinding{bits=14}: bitz::piop::spartan::grinding: close time.busy=5.60µs time.idle=110ns
2026-10-07T19:22:15.397642Z  INFO falcon_algebraic:prove:falcon_algebraic:bitz:falcon_bridge:wfbitz_forest:spartan:grinding{bits=14}: bitz::piop::spartan::grinding: close time.busy=119µs time.idle=110ns
2026-10-07T19:22:15.398073Z  INFO falcon_algebraic:prove:falcon_algebraic:bitz:falcon_bridge:wfbitz_forest:spartan:grinding{bits=14}: bitz::piop::spartan::grinding: close time.busy=5.41µs time.idle=110ns
2026-10-07T19:22:15.398555Z  INFO falcon_algebraic:prove:falcon_algebraic:bitz:falcon_bridge:wfbitz_forest:spartan:grinding{bits=14}: bitz::piop::spartan::grinding: close time.busy=6.91µs time.idle=120ns
2026-10-07T19:22:15.398754Z  INFO falcon_algebraic:prove:falcon_algebraic:bitz:falcon_bridge:wfbitz_forest:spartan:grinding{bits=14}: bitz::piop::spartan::grinding: close time.busy=16.5µs time.idle=120ns
2026-10-07T19:22:15.398984Z  INFO falcon_algebraic:prove:falcon_algebraic:bitz:falcon_bridge:wfbitz_forest:spartan:grinding{bits=14}: bitz::piop::spartan::grinding: close time.busy=136µs time.idle=100ns
2026-10-07T19:22:15.399128Z  INFO falcon_algebraic:prove:falcon_algebraic:bitz:falcon_bridge:wfbitz_forest:spartan:grinding{bits=14}: bitz::piop::spartan::grinding: close time.busy=92.9µs time.idle=120ns
2026-10-07T19:22:15.399173Z  INFO falcon_algebraic:prove:falcon_algebraic:bitz:falcon_bridge:wfbitz_forest:spartan:grinding{bits=14}: bitz::piop::spartan::grinding: close time.busy=17.5µs time.idle=120ns
2026-10-07T19:22:15.399294Z  INFO falcon_algebraic:prove:falcon_algebraic:bitz:falcon_bridge:wfbitz_forest:spartan:grinding{bits=14}: bitz::piop::spartan::grinding: close time.busy=103µs time.idle=110ns
2026-10-07T19:22:15.399364Z  INFO falcon_algebraic:prove:falcon_algebraic:bitz:falcon_bridge:wfbitz_forest:spartan:grinding{bits=14}: bitz::piop::spartan::grinding: close time.busy=62.2µs time.idle=100ns
2026-10-07T19:22:15.399533Z  INFO falcon_algebraic:prove:falcon_algebraic:bitz:falcon_bridge:wfbitz_forest:spartan:grinding{bits=14}: bitz::piop::spartan::grinding: close time.busy=154µs time.idle=110ns
2026-10-07T19:22:15.399549Z  INFO falcon_algebraic:prove:falcon_algebraic:bitz:falcon_bridge:wfbitz_forest:spartan:grinding{bits=14}: bitz::piop::spartan::grinding: close time.busy=10.3µs time.idle=110ns
2026-10-07T19:22:15.399602Z  INFO falcon_algebraic:prove:falcon_algebraic:bitz:falcon_bridge:wfbitz_forest:spartan:grinding{bits=14}: bitz::piop::spartan::grinding: close time.busy=48.6µs time.idle=120ns
2026-10-07T19:22:15.399628Z  INFO falcon_algebraic:prove:falcon_algebraic:bitz:falcon_bridge:wfbitz_forest:spartan:grinding{bits=14}: bitz::piop::spartan::grinding: close time.busy=22.2µs time.idle=110ns
2026-10-07T19:22:15.399810Z  INFO falcon_algebraic:prove:falcon_algebraic:bitz:falcon_bridge:wfbitz_forest:spartan:grinding{bits=14}: bitz::piop::spartan::grinding: close time.busy=179µs time.idle=110ns
2026-10-07T19:22:15.399961Z  INFO falcon_algebraic:prove:falcon_algebraic:bitz:falcon_bridge:wfbitz_forest:spartan:grinding{bits=14}: bitz::piop::spartan::grinding: close time.busy=148µs time.idle=110ns
2026-10-07T19:22:15.399980Z  INFO falcon_algebraic:prove:falcon_algebraic:bitz:falcon_bridge:wfbitz_forest:spartan:grinding{bits=14}: bitz::piop::spartan::grinding: close time.busy=16.4µs time.idle=110ns
2026-10-07T19:22:15.400088Z  INFO falcon_algebraic:prove:falcon_algebraic:bitz:falcon_bridge:wfbitz_forest:spartan:grinding{bits=14}: bitz::piop::spartan::grinding: close time.busy=105µs time.idle=101ns
2026-10-07T19:22:15.400290Z  INFO falcon_algebraic:prove:falcon_algebraic:bitz:falcon_bridge:wfbitz_forest:spartan:grinding{bits=14}: bitz::piop::spartan::grinding: close time.busy=199µs time.idle=110ns
2026-10-07T19:22:15.400435Z  INFO falcon_algebraic:prove:falcon_algebraic:bitz:falcon_bridge:wfbitz_forest:spartan:grinding{bits=14}: bitz::piop::spartan::grinding: close time.busy=142µs time.idle=110ns
2026-10-07T19:22:15.400491Z  INFO falcon_algebraic:prove:falcon_algebraic:bitz:falcon_bridge:wfbitz_forest:spartan:grinding{bits=14}: bitz::piop::spartan::grinding: close time.busy=53.6µs time.idle=120ns
2026-10-07T19:22:15.400561Z  INFO falcon_algebraic:prove:falcon_algebraic:bitz:falcon_bridge:wfbitz_forest:spartan:grinding{bits=14}: bitz::piop::spartan::grinding: close time.busy=67.7µs time.idle=110ns
2026-10-07T19:22:15.403349Z  INFO falcon_algebraic:prove:falcon_algebraic:bitz:falcon_bridge:wfbitz_forest:spartan:grinding{bits=14}: bitz::piop::spartan::grinding: close time.busy=117µs time.idle=120ns
2026-10-07T19:22:15.404355Z  INFO falcon_algebraic:prove:falcon_algebraic:bitz:falcon_bridge:wfbitz_forest:spartan:grinding{bits=14}: bitz::piop::spartan::grinding: close time.busy=49.2µs time.idle=160ns
2026-10-07T19:22:15.404810Z  INFO falcon_algebraic:prove:falcon_algebraic:bitz:falcon_bridge:wfbitz_forest:spartan:grinding{bits=14}: bitz::piop::spartan::grinding: close time.busy=91.5µs time.idle=130ns
2026-10-07T19:22:15.405115Z  INFO falcon_algebraic:prove:falcon_algebraic:bitz:falcon_bridge:wfbitz_forest:spartan:grinding{bits=14}: bitz::piop::spartan::grinding: close time.busy=119µs time.idle=110ns
2026-10-07T19:22:15.405357Z  INFO falcon_algebraic:prove:falcon_algebraic:bitz:falcon_bridge:wfbitz_forest:spartan:grinding{bits=14}: bitz::piop::spartan::grinding: close time.busy=145µs time.idle=121ns
2026-10-07T19:22:15.405418Z  INFO falcon_algebraic:prove:falcon_algebraic:bitz:falcon_bridge:wfbitz_forest:spartan:grinding{bits=14}: bitz::piop::spartan::grinding: close time.busy=8.68µs time.idle=110ns
2026-10-07T19:22:15.405511Z  INFO falcon_algebraic:prove:falcon_algebraic:bitz:falcon_bridge:wfbitz_forest:spartan:grinding{bits=14}: bitz::piop::spartan::grinding: close time.busy=64.2µs time.idle=90.0ns
2026-10-07T19:22:15.405583Z  INFO falcon_algebraic:prove:falcon_algebraic:bitz:falcon_bridge:wfbitz_forest:spartan:grinding{bits=14}: bitz::piop::spartan::grinding: close time.busy=54.8µs time.idle=110ns
2026-10-07T19:22:15.405606Z  INFO falcon_algebraic:prove:falcon_algebraic:bitz:falcon_bridge:wfbitz_forest:spartan:grinding{bits=14}: bitz::piop::spartan::grinding: close time.busy=15.7µs time.idle=90.0ns
2026-10-07T19:22:15.405700Z  INFO falcon_algebraic:prove:falcon_algebraic:bitz:falcon_bridge:wfbitz_forest:spartan:grinding{bits=14}: bitz::piop::spartan::grinding: close time.busy=77.4µs time.idle=110ns
2026-10-07T19:22:15.405787Z  INFO falcon_algebraic:prove:falcon_algebraic:bitz:falcon_bridge:wfbitz_forest:spartan:grinding{bits=14}: bitz::piop::spartan::grinding: close time.busy=81.0µs time.idle=111ns
2026-10-07T19:22:15.405817Z  INFO falcon_algebraic:prove:falcon_algebraic:bitz:falcon_bridge:wfbitz_forest:spartan:grinding{bits=14}: bitz::piop::spartan::grinding: close time.busy=26.0µs time.idle=90.0ns
2026-10-07T19:22:15.405826Z  INFO falcon_algebraic:prove:falcon_algebraic:bitz:falcon_bridge:wfbitz_forest:spartan:grinding{bits=14}: bitz::piop::spartan::grinding: close time.busy=4.53µs time.idle=90.0ns
2026-10-07T19:22:15.406015Z  INFO falcon_algebraic:prove:falcon_algebraic:bitz:falcon_bridge:wfbitz_forest:spartan:grinding{bits=14}: bitz::piop::spartan::grinding: close time.busy=186µs time.idle=110ns
2026-10-07T19:22:15.406026Z  INFO falcon_algebraic:prove:falcon_algebraic:bitz:falcon_bridge:wfbitz_forest:spartan:grinding{bits=14}: bitz::piop::spartan::grinding: close time.busy=7.69µs time.idle=120ns
2026-10-07T19:22:15.406068Z  INFO falcon_algebraic:prove:falcon_algebraic:bitz:falcon_bridge:wfbitz_forest:spartan:grinding{bits=14}: bitz::piop::spartan::grinding: close time.busy=39.6µs time.idle=110ns
2026-10-07T19:22:15.406184Z  INFO falcon_algebraic:prove:falcon_algebraic:bitz:falcon_bridge:wfbitz_forest:spartan:grinding{bits=14}: bitz::piop::spartan::grinding: close time.busy=113µs time.idle=120ns
2026-10-07T19:22:15.406198Z  INFO falcon_algebraic:prove:falcon_algebraic:bitz:falcon_bridge:wfbitz_forest:spartan:grinding{bits=14}: bitz::piop::spartan::grinding: close time.busy=11.4µs time.idle=110ns
2026-10-07T19:22:15.406227Z  INFO falcon_algebraic:prove:falcon_algebraic:bitz:falcon_bridge:wfbitz_forest:spartan:grinding{bits=14}: bitz::piop::spartan::grinding: close time.busy=26.2µs time.idle=111ns
2026-10-07T19:22:15.406257Z  INFO falcon_algebraic:prove:falcon_algebraic:bitz:falcon_bridge:wfbitz_forest:spartan:grinding{bits=14}: bitz::piop::spartan::grinding: close time.busy=27.5µs time.idle=120ns
2026-10-07T19:22:15.406295Z  INFO falcon_algebraic:prove:falcon_algebraic:bitz:falcon_bridge:wfbitz_forest:spartan:grinding{bits=14}: bitz::piop::spartan::grinding: close time.busy=34.6µs time.idle=110ns
2026-10-07T19:22:15.408298Z  INFO falcon_algebraic:prove:falcon_algebraic:bitz:falcon_bridge:wfbitz_forest:spartan:grinding{bits=14}: bitz::piop::spartan::grinding: close time.busy=21.6µs time.idle=130ns
2026-10-07T19:22:15.410190Z  INFO falcon_algebraic:prove:falcon_algebraic:bitz:falcon_bridge:wfbitz_forest:spartan:grinding{bits=14}: bitz::piop::spartan::grinding: close time.busy=59.6µs time.idle=120ns
2026-10-07T19:22:15.410923Z  INFO falcon_algebraic:prove:falcon_algebraic:bitz:falcon_bridge:wfbitz_forest:spartan:grinding{bits=14}: bitz::piop::spartan::grinding: close time.busy=16.6µs time.idle=120ns
2026-10-07T19:22:15.411479Z  INFO falcon_algebraic:prove:falcon_algebraic:bitz:falcon_bridge:wfbitz_forest:spartan:grinding{bits=14}: bitz::piop::spartan::grinding: close time.busy=188µs time.idle=120ns
2026-10-07T19:22:15.412005Z  INFO falcon_algebraic:prove:falcon_algebraic:bitz:falcon_bridge:wfbitz_forest:spartan:grinding{bits=14}: bitz::piop::spartan::grinding: close time.busy=340µs time.idle=120ns
2026-10-07T19:22:15.412116Z  INFO falcon_algebraic:prove:falcon_algebraic:bitz:falcon_bridge:wfbitz_forest:spartan:grinding{bits=14}: bitz::piop::spartan::grinding: close time.busy=12.0µs time.idle=130ns
2026-10-07T19:22:15.412222Z  INFO falcon_algebraic:prove:falcon_algebraic:bitz:falcon_bridge:wfbitz_forest:spartan:grinding{bits=14}: bitz::piop::spartan::grinding: close time.busy=53.3µs time.idle=130ns
2026-10-07T19:22:15.412339Z  INFO falcon_algebraic:prove:falcon_algebraic:bitz:falcon_bridge:wfbitz_forest:spartan:grinding{bits=14}: bitz::piop::spartan::grinding: close time.busy=88.8µs time.idle=110ns
2026-10-07T19:22:15.412386Z  INFO falcon_algebraic:prove:falcon_algebraic:bitz:falcon_bridge:wfbitz_forest:spartan:grinding{bits=14}: bitz::piop::spartan::grinding: close time.busy=30.2µs time.idle=120ns
2026-10-07T19:22:15.412399Z  INFO falcon_algebraic:prove:falcon_algebraic:bitz:falcon_bridge:wfbitz_forest:spartan:grinding{bits=14}: bitz::piop::spartan::grinding: close time.busy=4.66µs time.idle=120ns
2026-10-07T19:22:15.412608Z  INFO falcon_algebraic:prove:falcon_algebraic:bitz:falcon_bridge:wfbitz_forest:spartan:grinding{bits=14}: bitz::piop::spartan::grinding: close time.busy=193µs time.idle=120ns
2026-10-07T19:22:15.412660Z  INFO falcon_algebraic:prove:falcon_algebraic:bitz:falcon_bridge:wfbitz_forest:spartan:grinding{bits=14}: bitz::piop::spartan::grinding: close time.busy=44.8µs time.idle=110ns
2026-10-07T19:22:15.412703Z  INFO falcon_algebraic:prove:falcon_algebraic:bitz:falcon_bridge:wfbitz_forest:spartan:grinding{bits=14}: bitz::piop::spartan::grinding: close time.busy=39.4µs time.idle=100ns
2026-10-07T19:22:15.412732Z  INFO falcon_algebraic:prove:falcon_algebraic:bitz:falcon_bridge:wfbitz_forest:spartan:grinding{bits=14}: bitz::piop::spartan::grinding: close time.busy=25.6µs time.idle=101ns
2026-10-07T19:22:15.412740Z  INFO falcon_algebraic:prove:falcon_algebraic:bitz:falcon_bridge:wfbitz_forest:spartan:grinding{bits=14}: bitz::piop::spartan::grinding: close time.busy=4.91µs time.idle=110ns
2026-10-07T19:22:15.412869Z  INFO falcon_algebraic:prove:falcon_algebraic:bitz:falcon_bridge:wfbitz_forest:spartan:grinding{bits=14}: bitz::piop::spartan::grinding: close time.busy=125µs time.idle=120ns
2026-10-07T19:22:15.412921Z  INFO falcon_algebraic:prove:falcon_algebraic:bitz:falcon_bridge:wfbitz_forest:spartan:grinding{bits=14}: bitz::piop::spartan::grinding: close time.busy=48.8µs time.idle=110ns
2026-10-07T19:22:15.412953Z  INFO falcon_algebraic:prove:falcon_algebraic:bitz:falcon_bridge:wfbitz_forest:spartan:grinding{bits=14}: bitz::piop::spartan::grinding: close time.busy=29.3µs time.idle=111ns
2026-10-07T19:22:15.413015Z  INFO falcon_algebraic:prove:falcon_algebraic:bitz:falcon_bridge:wfbitz_forest:spartan:grinding{bits=14}: bitz::piop::spartan::grinding: close time.busy=59.5µs time.idle=111ns
2026-10-07T19:22:15.413053Z  INFO falcon_algebraic:prove:falcon_algebraic:bitz:falcon_bridge:wfbitz_forest:spartan:grinding{bits=14}: bitz::piop::spartan::grinding: close time.busy=35.4µs time.idle=110ns
2026-10-07T19:22:15.413108Z  INFO falcon_algebraic:prove:falcon_algebraic:bitz:falcon_bridge:wfbitz_forest:spartan:grinding{bits=14}: bitz::piop::spartan::grinding: close time.busy=52.0µs time.idle=110ns
2026-10-07T19:22:15.413121Z  INFO falcon_algebraic:prove:falcon_algebraic:bitz:falcon_bridge:wfbitz_forest:spartan:grinding{bits=14}: bitz::piop::spartan::grinding: close time.busy=10.0µs time.idle=120ns
2026-10-07T19:22:15.416368Z  INFO falcon_algebraic:prove:falcon_algebraic:bitz:falcon_bridge:wfbitz_forest:spartan:grinding{bits=14}: bitz::piop::spartan::grinding: close time.busy=107µs time.idle=120ns
2026-10-07T19:22:15.418887Z  INFO falcon_algebraic:prove:falcon_algebraic:bitz:falcon_bridge:wfbitz_forest:spartan:grinding{bits=14}: bitz::piop::spartan::grinding: close time.busy=51.5µs time.idle=111ns
2026-10-07T19:22:15.420730Z  INFO falcon_algebraic:prove:falcon_algebraic:bitz:falcon_bridge:wfbitz_forest:spartan:grinding{bits=14}: bitz::piop::spartan::grinding: close time.busy=7.28µs time.idle=131ns
2026-10-07T19:22:15.421512Z  INFO falcon_algebraic:prove:falcon_algebraic:bitz:falcon_bridge:wfbitz_forest:spartan:grinding{bits=14}: bitz::piop::spartan::grinding: close time.busy=40.0µs time.idle=120ns
2026-10-07T19:22:15.421892Z  INFO falcon_algebraic:prove:falcon_algebraic:bitz:falcon_bridge:wfbitz_forest:spartan:grinding{bits=14}: bitz::piop::spartan::grinding: close time.busy=11.8µs time.idle=130ns
2026-10-07T19:22:15.422111Z  INFO falcon_algebraic:prove:falcon_algebraic:bitz:falcon_bridge:wfbitz_forest:spartan:grinding{bits=14}: bitz::piop::spartan::grinding: close time.busy=32.2µs time.idle=140ns
2026-10-07T19:22:15.422223Z  INFO falcon_algebraic:prove:falcon_algebraic:bitz:falcon_bridge:wfbitz_forest:spartan:grinding{bits=14}: bitz::piop::spartan::grinding: close time.busy=14.8µs time.idle=110ns
2026-10-07T19:22:15.422282Z  INFO falcon_algebraic:prove:falcon_algebraic:bitz:falcon_bridge:wfbitz_forest:spartan:grinding{bits=14}: bitz::piop::spartan::grinding: close time.busy=6.83µs time.idle=110ns
2026-10-07T19:22:15.422353Z  INFO falcon_algebraic:prove:falcon_algebraic:bitz:falcon_bridge:wfbitz_forest:spartan:grinding{bits=14}: bitz::piop::spartan::grinding: close time.busy=42.1µs time.idle=111ns
2026-10-07T19:22:15.422392Z  INFO falcon_algebraic:prove:falcon_algebraic:bitz:falcon_bridge:wfbitz_forest:spartan:grinding{bits=14}: bitz::piop::spartan::grinding: close time.busy=20.2µs time.idle=110ns
2026-10-07T19:22:15.422431Z  INFO falcon_algebraic:prove:falcon_algebraic:bitz:falcon_bridge:wfbitz_forest:spartan:grinding{bits=14}: bitz::piop::spartan::grinding: close time.busy=30.9µs time.idle=110ns
2026-10-07T19:22:15.422480Z  INFO falcon_algebraic:prove:falcon_algebraic:bitz:falcon_bridge:wfbitz_forest:spartan:grinding{bits=14}: bitz::piop::spartan::grinding: close time.busy=33.4µs time.idle=110ns
2026-10-07T19:22:15.422498Z  INFO falcon_algebraic:prove:falcon_algebraic:bitz:falcon_bridge:wfbitz_forest:spartan:grinding{bits=14}: bitz::piop::spartan::grinding: close time.busy=12.4µs time.idle=111ns
2026-10-07T19:22:15.422542Z  INFO falcon_algebraic:prove:falcon_algebraic:bitz:falcon_bridge:wfbitz_forest:spartan:grinding{bits=14}: bitz::piop::spartan::grinding: close time.busy=39.5µs time.idle=110ns
2026-10-07T19:22:15.422559Z  INFO falcon_algebraic:prove:falcon_algebraic:bitz:falcon_bridge:wfbitz_forest:spartan:grinding{bits=14}: bitz::piop::spartan::grinding: close time.busy=13.1µs time.idle=110ns
2026-10-07T19:22:15.422609Z  INFO falcon_algebraic:prove:falcon_algebraic:bitz:falcon_bridge:wfbitz_forest:spartan:grinding{bits=14}: bitz::piop::spartan::grinding: close time.busy=47.5µs time.idle=120ns
2026-10-07T19:22:15.422627Z  INFO falcon_algebraic:prove:falcon_algebraic:bitz:falcon_bridge:wfbitz_forest:spartan:grinding{bits=14}: bitz::piop::spartan::grinding: close time.busy=14.3µs time.idle=110ns
2026-10-07T19:22:15.422678Z  INFO falcon_algebraic:prove:falcon_algebraic:bitz:falcon_bridge:wfbitz_forest:spartan:grinding{bits=14}: bitz::piop::spartan::grinding: close time.busy=49.0µs time.idle=110ns
2026-10-07T19:22:15.422910Z  INFO falcon_algebraic:prove:falcon_algebraic:bitz:falcon_bridge:wfbitz_forest:spartan:grinding{bits=14}: bitz::piop::spartan::grinding: close time.busy=228µs time.idle=110ns
2026-10-07T19:22:15.422932Z  INFO falcon_algebraic:prove:falcon_algebraic:bitz:falcon_bridge:wfbitz_forest:spartan:grinding{bits=14}: bitz::piop::spartan::grinding: close time.busy=19.8µs time.idle=120ns
2026-10-07T19:22:15.423015Z  INFO falcon_algebraic:prove:falcon_algebraic:bitz:falcon_bridge:wfbitz_forest:spartan:grinding{bits=14}: bitz::piop::spartan::grinding: close time.busy=80.2µs time.idle=120ns
2026-10-07T19:22:15.423049Z  INFO falcon_algebraic:prove:falcon_algebraic:bitz:falcon_bridge:wfbitz_forest:spartan:grinding{bits=14}: bitz::piop::spartan::grinding: close time.busy=30.8µs time.idle=110ns
2026-10-07T19:22:15.423064Z  INFO falcon_algebraic:prove:falcon_algebraic:bitz:falcon_bridge:wfbitz_forest:spartan:grinding{bits=14}: bitz::piop::spartan::grinding: close time.busy=12.4µs time.idle=120ns
2026-10-07T19:22:15.426524Z  INFO falcon_algebraic:prove:falcon_algebraic:bitz:falcon_bridge:wfbitz_forest:spartan:grinding{bits=14}: bitz::piop::spartan::grinding: close time.busy=116µs time.idle=292ns
2026-10-07T19:22:15.426593Z  INFO falcon_algebraic:prove:falcon_algebraic:bitz:falcon_bridge:wfbitz_forest:spartan:grinding{bits=14}: bitz::piop::spartan::grinding: close time.busy=65.4µs time.idle=120ns
2026-10-07T19:22:15.429099Z  INFO falcon_algebraic:prove:falcon_algebraic:bitz:falcon_bridge:wfbitz_forest:spartan:grinding{bits=14}: bitz::piop::spartan::grinding: close time.busy=35.6µs time.idle=120ns
2026-10-07T19:22:15.430928Z  INFO falcon_algebraic:prove:falcon_algebraic:bitz:falcon_bridge:wfbitz_forest:spartan:grinding{bits=14}: bitz::piop::spartan::grinding: close time.busy=14.8µs time.idle=121ns
2026-10-07T19:22:15.431643Z  INFO falcon_algebraic:prove:falcon_algebraic:bitz:falcon_bridge:wfbitz_forest:spartan:grinding{bits=14}: bitz::piop::spartan::grinding: close time.busy=5.88µs time.idle=120ns
2026-10-07T19:22:15.431994Z  INFO falcon_algebraic:prove:falcon_algebraic:bitz:falcon_bridge:wfbitz_forest:spartan:grinding{bits=14}: bitz::piop::spartan::grinding: close time.busy=13.9µs time.idle=120ns
2026-10-07T19:22:15.432337Z  INFO falcon_algebraic:prove:falcon_algebraic:bitz:falcon_bridge:wfbitz_forest:spartan:grinding{bits=14}: bitz::piop::spartan::grinding: close time.busy=133µs time.idle=131ns
2026-10-07T19:22:15.432440Z  INFO falcon_algebraic:prove:falcon_algebraic:bitz:falcon_bridge:wfbitz_forest:spartan:grinding{bits=14}: bitz::piop::spartan::grinding: close time.busy=10.6µs time.idle=131ns
2026-10-07T19:22:15.432501Z  INFO falcon_algebraic:prove:falcon_algebraic:bitz:falcon_bridge:wfbitz_forest:spartan:grinding{bits=14}: bitz::piop::spartan::grinding: close time.busy=9.80µs time.idle=140ns
2026-10-07T19:22:15.432829Z  INFO falcon_algebraic:prove:falcon_algebraic:bitz:falcon_bridge:wfbitz_forest:spartan:grinding{bits=14}: bitz::piop::spartan::grinding: close time.busy=300µs time.idle=130ns
2026-10-07T19:22:15.432860Z  INFO falcon_algebraic:prove:falcon_algebraic:bitz:falcon_bridge:wfbitz_forest:spartan:grinding{bits=14}: bitz::piop::spartan::grinding: close time.busy=13.0µs time.idle=110ns
2026-10-07T19:22:15.432906Z  INFO falcon_algebraic:prove:falcon_algebraic:bitz:falcon_bridge:wfbitz_forest:spartan:grinding{bits=14}: bitz::piop::spartan::grinding: close time.busy=38.0µs time.idle=110ns
2026-10-07T19:22:15.432956Z  INFO falcon_algebraic:prove:falcon_algebraic:bitz:falcon_bridge:wfbitz_forest:spartan:grinding{bits=14}: bitz::piop::spartan::grinding: close time.busy=34.2µs time.idle=110ns
2026-10-07T19:22:15.432988Z  INFO falcon_algebraic:prove:falcon_algebraic:bitz:falcon_bridge:wfbitz_forest:spartan:grinding{bits=14}: bitz::piop::spartan::grinding: close time.busy=25.7µs time.idle=100ns
2026-10-07T19:22:15.433069Z  INFO falcon_algebraic:prove:falcon_algebraic:bitz:falcon_bridge:wfbitz_forest:spartan:grinding{bits=14}: bitz::piop::spartan::grinding: close time.busy=76.6µs time.idle=90.0ns
2026-10-07T19:22:15.433077Z  INFO falcon_algebraic:prove:falcon_algebraic:bitz:falcon_bridge:wfbitz_forest:spartan:grinding{bits=14}: bitz::piop::spartan::grinding: close time.busy=4.13µs time.idle=110ns
2026-10-07T19:22:15.433108Z  INFO falcon_algebraic:prove:falcon_algebraic:bitz:falcon_bridge:wfbitz_forest:spartan:grinding{bits=14}: bitz::piop::spartan::grinding: close time.busy=27.5µs time.idle=111ns
2026-10-07T19:22:15.433131Z  INFO falcon_algebraic:prove:falcon_algebraic:bitz:falcon_bridge:wfbitz_forest:spartan:grinding{bits=14}: bitz::piop::spartan::grinding: close time.busy=19.8µs time.idle=110ns
2026-10-07T19:22:15.433202Z  INFO falcon_algebraic:prove:falcon_algebraic:bitz:falcon_bridge:wfbitz_forest:spartan:grinding{bits=14}: bitz::piop::spartan::grinding: close time.busy=68.2µs time.idle=110ns
2026-10-07T19:22:15.433263Z  INFO falcon_algebraic:prove:falcon_algebraic:bitz:falcon_bridge:wfbitz_forest:spartan:grinding{bits=14}: bitz::piop::spartan::grinding: close time.busy=58.5µs time.idle=111ns
2026-10-07T19:22:15.433406Z  INFO falcon_algebraic:prove:falcon_algebraic:bitz:falcon_bridge:wfbitz_forest:spartan:grinding{bits=14}: bitz::piop::spartan::grinding: close time.busy=141µs time.idle=110ns
2026-10-07T19:22:15.433455Z  INFO falcon_algebraic:prove:falcon_algebraic:bitz:falcon_bridge:wfbitz_forest:spartan:grinding{bits=14}: bitz::piop::spartan::grinding: close time.busy=46.5µs time.idle=111ns
2026-10-07T19:22:15.433474Z  INFO falcon_algebraic:prove:falcon_algebraic:bitz:falcon_bridge:wfbitz_forest:spartan:grinding{bits=14}: bitz::piop::spartan::grinding: close time.busy=15.9µs time.idle=111ns
2026-10-07T19:22:15.433582Z  INFO falcon_algebraic:prove:falcon_algebraic:bitz:falcon_bridge:wfbitz_forest:spartan:grinding{bits=14}: bitz::piop::spartan::grinding: close time.busy=105µs time.idle=110ns
2026-10-07T19:22:15.436607Z  INFO falcon_algebraic:prove:falcon_algebraic:bitz:falcon_bridge:wfbitz_forest:spartan:grinding{bits=14}: bitz::piop::spartan::grinding: close time.busy=115µs time.idle=110ns
2026-10-07T19:22:15.436640Z  INFO falcon_algebraic:prove:falcon_algebraic:bitz:falcon_bridge:wfbitz_forest:spartan:grinding{bits=14}: bitz::piop::spartan::grinding: close time.busy=29.4µs time.idle=111ns
2026-10-07T19:22:15.436748Z  INFO falcon_algebraic:prove:falcon_algebraic:bitz:falcon_bridge:wfbitz_forest:spartan:grinding{bits=14}: bitz::piop::spartan::grinding: close time.busy=104µs time.idle=110ns
2026-10-07T19:22:15.439379Z  INFO falcon_algebraic:prove:falcon_algebraic:bitz:falcon_bridge:wfbitz_forest:spartan:grinding{bits=14}: bitz::piop::spartan::grinding: close time.busy=45.1µs time.idle=120ns
2026-10-07T19:22:15.441210Z  INFO falcon_algebraic:prove:falcon_algebraic:bitz:falcon_bridge:wfbitz_forest:spartan:grinding{bits=14}: bitz::piop::spartan::grinding: close time.busy=23.4µs time.idle=141ns
2026-10-07T19:22:15.441920Z  INFO falcon_algebraic:prove:falcon_algebraic:bitz:falcon_bridge:wfbitz_forest:spartan:grinding{bits=14}: bitz::piop::spartan::grinding: close time.busy=31.8µs time.idle=131ns
2026-10-07T19:22:15.442320Z  INFO falcon_algebraic:prove:falcon_algebraic:bitz:falcon_bridge:wfbitz_forest:spartan:grinding{bits=14}: bitz::piop::spartan::grinding: close time.busy=57.3µs time.idle=131ns
2026-10-07T19:22:15.442663Z  INFO falcon_algebraic:prove:falcon_algebraic:bitz:falcon_bridge:wfbitz_forest:spartan:grinding{bits=14}: bitz::piop::spartan::grinding: close time.busy=169µs time.idle=130ns
2026-10-07T19:22:15.442761Z  INFO falcon_algebraic:prove:falcon_algebraic:bitz:falcon_bridge:wfbitz_forest:spartan:grinding{bits=14}: bitz::piop::spartan::grinding: close time.busy=6.45µs time.idle=140ns
2026-10-07T19:22:15.442971Z  INFO falcon_algebraic:prove:falcon_algebraic:bitz:falcon_bridge:wfbitz_forest:spartan:grinding{bits=14}: bitz::piop::spartan::grinding: close time.busy=159µs time.idle=131ns
2026-10-07T19:22:15.443046Z  INFO falcon_algebraic:prove:falcon_algebraic:bitz:falcon_bridge:wfbitz_forest:spartan:grinding{bits=14}: bitz::piop::spartan::grinding: close time.busy=46.3µs time.idle=121ns
2026-10-07T19:22:15.443109Z  INFO falcon_algebraic:prove:falcon_algebraic:bitz:falcon_bridge:wfbitz_forest:spartan:grinding{bits=14}: bitz::piop::spartan::grinding: close time.busy=45.9µs time.idle=110ns
2026-10-07T19:22:15.443183Z  INFO falcon_algebraic:prove:falcon_algebraic:bitz:falcon_bridge:wfbitz_forest:spartan:grinding{bits=14}: bitz::piop::spartan::grinding: close time.busy=66.1µs time.idle=120ns
2026-10-07T19:22:15.443303Z  INFO falcon_algebraic:prove:falcon_algebraic:bitz:falcon_bridge:wfbitz_forest:spartan:grinding{bits=14}: bitz::piop::spartan::grinding: close time.busy=103µs time.idle=120ns
2026-10-07T19:22:15.443317Z  INFO falcon_algebraic:prove:falcon_algebraic:bitz:falcon_bridge:wfbitz_forest:spartan:grinding{bits=14}: bitz::piop::spartan::grinding: close time.busy=8.32µs time.idle=110ns
2026-10-07T19:22:15.443375Z  INFO falcon_algebraic:prove:falcon_algebraic:bitz:falcon_bridge:wfbitz_forest:spartan:grinding{bits=14}: bitz::piop::spartan::grinding: close time.busy=53.9µs time.idle=120ns
2026-10-07T19:22:15.443391Z  INFO falcon_algebraic:prove:falcon_algebraic:bitz:falcon_bridge:wfbitz_forest:spartan:grinding{bits=14}: bitz::piop::spartan::grinding: close time.busy=12.5µs time.idle=111ns
2026-10-07T19:22:15.443474Z  INFO falcon_algebraic:prove:falcon_algebraic:bitz:falcon_bridge:wfbitz_forest:spartan:grinding{bits=14}: bitz::piop::spartan::grinding: close time.busy=79.1µs time.idle=110ns
2026-10-07T19:22:15.443644Z  INFO falcon_algebraic:prove:falcon_algebraic:bitz:falcon_bridge:wfbitz_forest:spartan:grinding{bits=14}: bitz::piop::spartan::grinding: close time.busy=167µs time.idle=111ns
2026-10-07T19:22:15.443709Z  INFO falcon_algebraic:prove:falcon_algebraic:bitz:falcon_bridge:wfbitz_forest:spartan:grinding{bits=14}: bitz::piop::spartan::grinding: close time.busy=62.0µs time.idle=110ns
2026-10-07T19:22:15.443732Z  INFO falcon_algebraic:prove:falcon_algebraic:bitz:falcon_bridge:wfbitz_forest:spartan:grinding{bits=14}: bitz::piop::spartan::grinding: close time.busy=20.1µs time.idle=110ns
2026-10-07T19:22:15.443794Z  INFO falcon_algebraic:prove:falcon_algebraic:bitz:falcon_bridge:wfbitz_forest:spartan:grinding{bits=14}: bitz::piop::spartan::grinding: close time.busy=59.5µs time.idle=90.0ns
2026-10-07T19:22:15.443820Z  INFO falcon_algebraic:prove:falcon_algebraic:bitz:falcon_bridge:wfbitz_forest:spartan:grinding{bits=14}: bitz::piop::spartan::grinding: close time.busy=22.1µs time.idle=121ns
2026-10-07T19:22:15.443872Z  INFO falcon_algebraic:prove:falcon_algebraic:bitz:falcon_bridge:wfbitz_forest:spartan:grinding{bits=14}: bitz::piop::spartan::grinding: close time.busy=49.8µs time.idle=120ns
2026-10-07T19:22:15.443892Z  INFO falcon_algebraic:prove:falcon_algebraic:bitz:falcon_bridge:wfbitz_forest:spartan:grinding{bits=14}: bitz::piop::spartan::grinding: close time.busy=17.3µs time.idle=121ns
2026-10-07T19:22:15.444353Z  INFO falcon_algebraic:prove:falcon_algebraic:bitz:falcon_bridge:wfbitz_forest: bitz::hybrid::integer_bridge: close time.busy=63.9ms time.idle=130ns
2026-10-07T19:22:15.444420Z  INFO falcon_algebraic:prove:falcon_algebraic:bitz: bitz::piop::spartan::falcon512_algebraic::protocol: close time.busy=67.9ms time.idle=230ns
2026-10-07T19:22:15.447850Z  INFO falcon_algebraic:prove:falcon_joint:packed_setup: bitz::hybrid::joint_sumcheck: close time.busy=3.43ms time.idle=200ns
2026-10-07T19:22:15.447910Z  INFO falcon_algebraic:prove:spartan:round_grinding_prove:spartan:grinding{bits=10}: bitz::piop::spartan::grinding: close time.busy=8.87µs time.idle=131ns
2026-10-07T19:22:15.447911Z  INFO falcon_algebraic:prove:spartan:round_grinding_prove: bitz::sumcheck::boundary: close time.busy=11.3µs time.idle=141ns
2026-10-07T19:22:15.447980Z  INFO falcon_algebraic:prove:spartan:round_grinding_prove:spartan:grinding{bits=10}: bitz::piop::spartan::grinding: close time.busy=10.7µs time.idle=131ns
2026-10-07T19:22:15.447981Z  INFO falcon_algebraic:prove:spartan:round_grinding_prove: bitz::sumcheck::boundary: close time.busy=13.0µs time.idle=121ns
2026-10-07T19:22:15.448041Z  INFO falcon_algebraic:prove:spartan:round_grinding_prove:spartan:grinding{bits=10}: bitz::piop::spartan::grinding: close time.busy=6.98µs time.idle=120ns
2026-10-07T19:22:15.448042Z  INFO falcon_algebraic:prove:spartan:round_grinding_prove: bitz::sumcheck::boundary: close time.busy=9.07µs time.idle=120ns
2026-10-07T19:22:15.448101Z  INFO falcon_algebraic:prove:spartan:round_grinding_prove:spartan:grinding{bits=10}: bitz::piop::spartan::grinding: close time.busy=4.92µs time.idle=131ns
2026-10-07T19:22:15.448102Z  INFO falcon_algebraic:prove:spartan:round_grinding_prove: bitz::sumcheck::boundary: close time.busy=7.19µs time.idle=100ns
2026-10-07T19:22:15.448153Z  INFO falcon_algebraic:prove:spartan:round_grinding_prove:spartan:grinding{bits=10}: bitz::piop::spartan::grinding: close time.busy=1.69µs time.idle=120ns
2026-10-07T19:22:15.448155Z  INFO falcon_algebraic:prove:spartan:round_grinding_prove: bitz::sumcheck::boundary: close time.busy=4.01µs time.idle=130ns
2026-10-07T19:22:15.448208Z  INFO falcon_algebraic:prove:spartan:round_grinding_prove:spartan:grinding{bits=10}: bitz::piop::spartan::grinding: close time.busy=3.30µs time.idle=121ns
2026-10-07T19:22:15.448209Z  INFO falcon_algebraic:prove:spartan:round_grinding_prove: bitz::sumcheck::boundary: close time.busy=5.48µs time.idle=100ns
2026-10-07T19:22:15.448259Z  INFO falcon_algebraic:prove:spartan:round_grinding_prove:spartan:grinding{bits=10}: bitz::piop::spartan::grinding: close time.busy=912ns time.idle=120ns
2026-10-07T19:22:15.448260Z  INFO falcon_algebraic:prove:spartan:round_grinding_prove: bitz::sumcheck::boundary: close time.busy=3.26µs time.idle=120ns
2026-10-07T19:22:15.449744Z  INFO falcon_algebraic:prove:falcon_joint:prepare: bitz::hybrid::joint_sumcheck: close time.busy=1.48ms time.idle=130ns
2026-10-07T19:22:15.449752Z  INFO falcon_algebraic:prove:spartan:round_grinding_prove:spartan:grinding{bits=10}: bitz::piop::spartan::grinding: close time.busy=4.94µs time.idle=100ns
2026-10-07T19:22:15.449753Z  INFO falcon_algebraic:prove:spartan:round_grinding_prove: bitz::sumcheck::boundary: close time.busy=7.24µs time.idle=121ns
2026-10-07T19:22:15.450152Z  INFO falcon_algebraic:prove:falcon_joint:compact: bitz::hybrid::joint_sumcheck: close time.busy=397µs time.idle=170ns
2026-10-07T19:22:15.450160Z  INFO falcon_algebraic:prove:spartan:round_grinding_prove:spartan:grinding{bits=10}: bitz::piop::spartan::grinding: close time.busy=4.16µs time.idle=100ns
2026-10-07T19:22:15.450162Z  INFO falcon_algebraic:prove:spartan:round_grinding_prove: bitz::sumcheck::boundary: close time.busy=6.45µs time.idle=111ns
2026-10-07T19:22:15.450318Z  INFO falcon_algebraic:prove:falcon_joint:compact: bitz::hybrid::joint_sumcheck: close time.busy=155µs time.idle=131ns
2026-10-07T19:22:15.450336Z  INFO falcon_algebraic:prove:spartan:round_grinding_prove:spartan:grinding{bits=10}: bitz::piop::spartan::grinding: close time.busy=15.0µs time.idle=120ns
2026-10-07T19:22:15.450337Z  INFO falcon_algebraic:prove:spartan:round_grinding_prove: bitz::sumcheck::boundary: close time.busy=17.1µs time.idle=120ns
2026-10-07T19:22:15.450426Z  INFO falcon_algebraic:prove:falcon_joint:compact: bitz::hybrid::joint_sumcheck: close time.busy=87.5µs time.idle=110ns
2026-10-07T19:22:15.450430Z  INFO falcon_algebraic:prove:spartan:round_grinding_prove:spartan:grinding{bits=10}: bitz::piop::spartan::grinding: close time.busy=1.49µs time.idle=130ns
2026-10-07T19:22:15.450431Z  INFO falcon_algebraic:prove:spartan:round_grinding_prove: bitz::sumcheck::boundary: close time.busy=3.61µs time.idle=101ns
2026-10-07T19:22:15.450507Z  INFO falcon_algebraic:prove:falcon_joint:compact: bitz::hybrid::joint_sumcheck: close time.busy=74.1µs time.idle=120ns
2026-10-07T19:22:15.450512Z  INFO falcon_algebraic:prove:spartan:round_grinding_prove:spartan:grinding{bits=10}: bitz::piop::spartan::grinding: close time.busy=2.42µs time.idle=111ns
2026-10-07T19:22:15.450513Z  INFO falcon_algebraic:prove:spartan:round_grinding_prove: bitz::sumcheck::boundary: close time.busy=4.54µs time.idle=110ns
2026-10-07T19:22:15.450532Z  INFO falcon_algebraic:prove:falcon_joint:dense: bitz::hybrid::joint_sumcheck: close time.busy=16.8µs time.idle=141ns
2026-10-07T19:22:15.450535Z  INFO falcon_algebraic:prove:spartan:round_grinding_prove:spartan:grinding{bits=10}: bitz::piop::spartan::grinding: close time.busy=992ns time.idle=130ns
2026-10-07T19:22:15.450537Z  INFO falcon_algebraic:prove:spartan:round_grinding_prove: bitz::sumcheck::boundary: close time.busy=3.32µs time.idle=111ns
2026-10-07T19:22:15.450547Z  INFO falcon_algebraic:prove:falcon_joint:dense: bitz::hybrid::joint_sumcheck: close time.busy=9.32µs time.idle=110ns
2026-10-07T19:22:15.450553Z  INFO falcon_algebraic:prove:spartan:round_grinding_prove:spartan:grinding{bits=10}: bitz::piop::spartan::grinding: close time.busy=3.86µs time.idle=111ns
2026-10-07T19:22:15.450555Z  INFO falcon_algebraic:prove:spartan:round_grinding_prove: bitz::sumcheck::boundary: close time.busy=5.98µs time.idle=110ns
2026-10-07T19:22:15.450563Z  INFO falcon_algebraic:prove:falcon_joint:dense: bitz::hybrid::joint_sumcheck: close time.busy=6.42µs time.idle=110ns
2026-10-07T19:22:15.450570Z  INFO falcon_algebraic:prove:spartan:round_grinding_prove:spartan:grinding{bits=10}: bitz::piop::spartan::grinding: close time.busy=4.74µs time.idle=110ns
2026-10-07T19:22:15.450571Z  INFO falcon_algebraic:prove:spartan:round_grinding_prove: bitz::sumcheck::boundary: close time.busy=6.91µs time.idle=110ns
2026-10-07T19:22:15.450574Z  INFO falcon_algebraic:prove:falcon_joint:dense: bitz::hybrid::joint_sumcheck: close time.busy=1.36µs time.idle=121ns
2026-10-07T19:22:15.450576Z  INFO falcon_algebraic:prove:spartan:round_grinding_prove:spartan:grinding{bits=10}: bitz::piop::spartan::grinding: close time.busy=501ns time.idle=120ns
2026-10-07T19:22:15.450578Z  INFO falcon_algebraic:prove:spartan:round_grinding_prove: bitz::sumcheck::boundary: close time.busy=2.73µs time.idle=110ns
2026-10-07T19:22:15.450580Z  INFO falcon_algebraic:prove:falcon_joint:dense: bitz::hybrid::joint_sumcheck: close time.busy=701ns time.idle=121ns
2026-10-07T19:22:15.450583Z  INFO falcon_algebraic:prove:spartan:round_grinding_prove:spartan:grinding{bits=10}: bitz::piop::spartan::grinding: close time.busy=621ns time.idle=120ns
2026-10-07T19:22:15.450584Z  INFO falcon_algebraic:prove:spartan:round_grinding_prove: bitz::sumcheck::boundary: close time.busy=3.01µs time.idle=110ns
2026-10-07T19:22:15.450587Z  INFO falcon_algebraic:prove:falcon_joint:dense: bitz::hybrid::joint_sumcheck: close time.busy=391ns time.idle=120ns
2026-10-07T19:22:15.450590Z  INFO falcon_algebraic:prove:spartan:round_grinding_prove:spartan:grinding{bits=10}: bitz::piop::spartan::grinding: close time.busy=841ns time.idle=111ns
2026-10-07T19:22:15.450591Z  INFO falcon_algebraic:prove:spartan:round_grinding_prove: bitz::sumcheck::boundary: close time.busy=3.14µs time.idle=110ns
2026-10-07T19:22:15.450593Z  INFO falcon_algebraic:prove:falcon_joint:dense: bitz::hybrid::joint_sumcheck: close time.busy=230ns time.idle=100ns
2026-10-07T19:22:15.450597Z  INFO falcon_algebraic:prove:spartan:round_grinding_prove:spartan:grinding{bits=10}: bitz::piop::spartan::grinding: close time.busy=2.09µs time.idle=112ns
2026-10-07T19:22:15.450599Z  INFO falcon_algebraic:prove:spartan:round_grinding_prove: bitz::sumcheck::boundary: close time.busy=4.25µs time.idle=110ns
2026-10-07T19:22:15.450600Z  INFO falcon_algebraic:prove:falcon_joint:dense: bitz::hybrid::joint_sumcheck: close time.busy=160ns time.idle=110ns
2026-10-07T19:22:15.450608Z  INFO falcon_algebraic:prove:spartan:round_grinding_prove:spartan:grinding{bits=10}: bitz::piop::spartan::grinding: close time.busy=5.55µs time.idle=120ns
2026-10-07T19:22:15.450609Z  INFO falcon_algebraic:prove:spartan:round_grinding_prove: bitz::sumcheck::boundary: close time.busy=7.67µs time.idle=100ns
2026-10-07T19:22:15.450611Z  INFO falcon_algebraic:prove:falcon_joint:dense: bitz::hybrid::joint_sumcheck: close time.busy=121ns time.idle=110ns
2026-10-07T19:22:15.450617Z  INFO falcon_algebraic:prove:spartan:round_grinding_prove:spartan:grinding{bits=10}: bitz::piop::spartan::grinding: close time.busy=3.27µs time.idle=110ns
2026-10-07T19:22:15.450618Z  INFO falcon_algebraic:prove:spartan:round_grinding_prove: bitz::sumcheck::boundary: close time.busy=5.48µs time.idle=100ns
2026-10-07T19:22:15.450619Z  INFO falcon_algebraic:prove:falcon_joint:dense: bitz::hybrid::joint_sumcheck: close time.busy=90.0ns time.idle=120ns
2026-10-07T19:22:15.450633Z  INFO falcon_algebraic:prove:spartan:round_grinding_prove:spartan:grinding{bits=10}: bitz::piop::spartan::grinding: close time.busy=11.7µs time.idle=120ns
2026-10-07T19:22:15.450634Z  INFO falcon_algebraic:prove:spartan:round_grinding_prove: bitz::sumcheck::boundary: close time.busy=13.7µs time.idle=102ns
2026-10-07T19:22:15.450636Z  INFO falcon_algebraic:prove:falcon_joint:dense: bitz::hybrid::joint_sumcheck: close time.busy=100ns time.idle=110ns
2026-10-07T19:22:15.450648Z  INFO falcon_algebraic:prove:spartan:round_grinding_prove:spartan:grinding{bits=10}: bitz::piop::spartan::grinding: close time.busy=10.3µs time.idle=110ns
2026-10-07T19:22:15.450649Z  INFO falcon_algebraic:prove:spartan:round_grinding_prove: bitz::sumcheck::boundary: close time.busy=12.3µs time.idle=121ns
2026-10-07T19:22:15.450651Z  INFO falcon_algebraic:prove:falcon_joint:dense: bitz::hybrid::joint_sumcheck: close time.busy=151ns time.idle=110ns
2026-10-07T19:22:15.450656Z  INFO falcon_algebraic:prove:spartan:round_grinding_prove:spartan:grinding{bits=10}: bitz::piop::spartan::grinding: close time.busy=2.51µs time.idle=121ns
2026-10-07T19:22:15.450657Z  INFO falcon_algebraic:prove:spartan:round_grinding_prove: bitz::sumcheck::boundary: close time.busy=4.52µs time.idle=110ns
2026-10-07T19:22:15.450658Z  INFO falcon_algebraic:prove:falcon_joint:dense: bitz::hybrid::joint_sumcheck: close time.busy=80.0ns time.idle=91.0ns
2026-10-07T19:22:15.450662Z  INFO falcon_algebraic:prove:spartan:round_grinding_prove:spartan:grinding{bits=10}: bitz::piop::spartan::grinding: close time.busy=2.09µs time.idle=112ns
2026-10-07T19:22:15.450664Z  INFO falcon_algebraic:prove:spartan:round_grinding_prove: bitz::sumcheck::boundary: close time.busy=4.17µs time.idle=110ns
2026-10-07T19:22:15.450665Z  INFO falcon_algebraic:prove:falcon_joint:dense: bitz::hybrid::joint_sumcheck: close time.busy=71.0ns time.idle=110ns
2026-10-07T19:22:15.454067Z  INFO falcon_algebraic:prove:falcon_algebraic:pcs:op:ring_switch:spartan:grinding{bits=12}: bitz::piop::spartan::grinding: close time.busy=6.36µs time.idle=120ns
2026-10-07T19:22:15.454081Z  INFO falcon_algebraic:prove:falcon_algebraic:pcs:op:ring_switch: bitz::hybrid::opening: close time.busy=3.41ms time.idle=140ns
2026-10-07T19:22:15.454137Z  INFO falcon_algebraic:prove:falcon_algebraic:pcs:op:extra_bases:spartan:grinding{bits=12}: bitz::piop::spartan::grinding: close time.busy=53.3µs time.idle=110ns
2026-10-07T19:22:15.457848Z  INFO falcon_algebraic:prove:falcon_algebraic:pcs:op:extra_bases:op:initial_messages: bitz::hybrid::opening::streamed: close time.busy=3.70ms time.idle=110ns
2026-10-07T19:22:15.457849Z  INFO falcon_algebraic:prove:falcon_algebraic:pcs:op:extra_bases: bitz::hybrid::opening: close time.busy=3.77ms time.idle=150ns
2026-10-07T19:22:15.457865Z  INFO falcon_algebraic:prove:falcon_algebraic:pcs:op:ligerito:lig:grind_pow{bits=20}:spartan:grinding{bits=12}: bitz::piop::spartan::grinding: close time.busy=9.52µs time.idle=121ns
2026-10-07T19:22:15.460980Z  INFO falcon_algebraic:prove:falcon_algebraic:pcs:op:ligerito:lig:grind_pow{bits=20 seed_lo=16585239870378092045 seed_hi=252240414582464361 nonce=845824}: bitz::ligerito_flock: close time.busy=3.13ms time.idle=121ns
2026-10-07T19:22:15.460992Z  INFO falcon_algebraic:prove:falcon_algebraic:pcs:op:ligerito:spartan:grinding{bits=12}: bitz::piop::spartan::grinding: close time.busy=9.76µs time.idle=110ns
2026-10-07T19:22:15.461024Z  INFO falcon_algebraic:prove:falcon_algebraic:pcs:op:ligerito:lig:grind_pow{bits=20}:spartan:grinding{bits=12}: bitz::piop::spartan::grinding: close time.busy=28.1µs time.idle=110ns
2026-10-07T19:22:15.468197Z  INFO falcon_algebraic:prove:falcon_algebraic:pcs:op:ligerito:lig:grind_pow{bits=20 seed_lo=16515954434907747464 seed_hi=6857726535889748133 nonce=1934605}: bitz::ligerito_flock: close time.busy=7.20ms time.idle=120ns
2026-10-07T19:22:15.468222Z  INFO falcon_algebraic:prove:falcon_algebraic:pcs:op:ligerito:spartan:grinding{bits=12}: bitz::piop::spartan::grinding: close time.busy=22.4µs time.idle=110ns
2026-10-07T19:22:15.469483Z  INFO falcon_algebraic:prove:falcon_algebraic:pcs:op:ligerito:op:deferred_first_fold: bitz::hybrid::opening::streamed: close time.busy=1.26ms time.idle=120ns
2026-10-07T19:22:15.469498Z  INFO falcon_algebraic:prove:falcon_algebraic:pcs:op:ligerito:lig:grind_pow{bits=20}:spartan:grinding{bits=12}: bitz::piop::spartan::grinding: close time.busy=11.2µs time.idle=121ns
2026-10-07T19:22:15.472377Z  INFO falcon_algebraic:prove:falcon_algebraic:pcs:op:ligerito:lig:grind_pow{bits=20 seed_lo=15156880928251228141 seed_hi=13035904849866892240 nonce=780372}: bitz::ligerito_flock: close time.busy=2.89ms time.idle=120ns
2026-10-07T19:22:15.472388Z  INFO falcon_algebraic:prove:falcon_algebraic:pcs:op:ligerito:spartan:grinding{bits=12}: bitz::piop::spartan::grinding: close time.busy=8.63µs time.idle=110ns
2026-10-07T19:22:15.472432Z  INFO falcon_algebraic:prove:falcon_algebraic:pcs:op:ligerito:lig:grind_pow{bits=20}:spartan:grinding{bits=12}: bitz::piop::spartan::grinding: close time.busy=40.9µs time.idle=110ns
2026-10-07T19:22:15.476775Z  INFO falcon_algebraic:prove:falcon_algebraic:pcs:op:ligerito:lig:grind_pow{bits=20 seed_lo=13631632210140918579 seed_hi=14396935104463418914 nonce=1177064}: bitz::ligerito_flock: close time.busy=4.38ms time.idle=120ns
2026-10-07T19:22:15.476782Z  INFO falcon_algebraic:prove:falcon_algebraic:pcs:op:ligerito:spartan:grinding{bits=12}: bitz::piop::spartan::grinding: close time.busy=5.33µs time.idle=110ns
2026-10-07T19:22:15.477774Z  INFO falcon_algebraic:prove:falcon_algebraic:pcs:op:ligerito:lig:grind_pow{bits=11}:spartan:grinding{bits=12}: bitz::piop::spartan::grinding: close time.busy=4.29µs time.idle=110ns
2026-10-07T19:22:15.477801Z  INFO falcon_algebraic:prove:falcon_algebraic:pcs:op:ligerito:lig:grind_pow{bits=11 seed_lo=13883608211463092717 seed_hi=4814763136328311214 nonce=6484}: bitz::ligerito_flock: close time.busy=32.6µs time.idle=120ns
2026-10-07T19:22:15.477811Z  INFO falcon_algebraic:prove:falcon_algebraic:pcs:op:ligerito:spartan:grinding{bits=12}: bitz::piop::spartan::grinding: close time.busy=7.09µs time.idle=111ns
2026-10-07T19:22:15.478848Z  INFO falcon_algebraic:prove:falcon_algebraic:pcs:op:ligerito:lig:grind_pow{bits=7}:spartan:grinding{bits=12}: bitz::piop::spartan::grinding: close time.busy=10.9µs time.idle=110ns
2026-10-07T19:22:15.478852Z  INFO falcon_algebraic:prove:falcon_algebraic:pcs:op:ligerito:lig:grind_pow{bits=7 seed_lo=11236906799232313023 seed_hi=9675907765575026736 nonce=15}: bitz::ligerito_flock: close time.busy=15.8µs time.idle=112ns
2026-10-07T19:22:15.478864Z  INFO falcon_algebraic:prove:falcon_algebraic:pcs:op:ligerito:spartan:grinding{bits=12}: bitz::piop::spartan::grinding: close time.busy=9.83µs time.idle=110ns
2026-10-07T19:22:15.478924Z  INFO falcon_algebraic:prove:falcon_algebraic:pcs:op:ligerito:lig:grind_pow{bits=19}:spartan:grinding{bits=12}: bitz::piop::spartan::grinding: close time.busy=19.7µs time.idle=121ns
2026-10-07T19:22:15.485157Z  INFO falcon_algebraic:prove:falcon_algebraic:pcs:op:ligerito:lig:grind_pow{bits=19 seed_lo=6737273171409929756 seed_hi=6349725049180355339 nonce=1689234}: bitz::ligerito_flock: close time.busy=6.25ms time.idle=130ns
2026-10-07T19:22:15.485177Z  INFO falcon_algebraic:prove:falcon_algebraic:pcs:op:ligerito:spartan:grinding{bits=12}: bitz::piop::spartan::grinding: close time.busy=18.3µs time.idle=110ns
2026-10-07T19:22:15.485216Z  INFO falcon_algebraic:prove:falcon_algebraic:pcs:op:ligerito:lig:grind_pow{bits=19}:spartan:grinding{bits=12}: bitz::piop::spartan::grinding: close time.busy=6.85µs time.idle=120ns
2026-10-07T19:22:15.486206Z  INFO falcon_algebraic:prove:falcon_algebraic:pcs:op:ligerito:lig:grind_pow{bits=19 seed_lo=16363797335914491273 seed_hi=7907073842687230253 nonce=265986}: bitz::ligerito_flock: close time.busy=998µs time.idle=170ns
2026-10-07T19:22:15.486225Z  INFO falcon_algebraic:prove:falcon_algebraic:pcs:op:ligerito:spartan:grinding{bits=12}: bitz::piop::spartan::grinding: close time.busy=17.0µs time.idle=110ns
2026-10-07T19:22:15.486259Z  INFO falcon_algebraic:prove:falcon_algebraic:pcs:op:ligerito:lig:grind_pow{bits=19}:spartan:grinding{bits=12}: bitz::piop::spartan::grinding: close time.busy=15.8µs time.idle=110ns
2026-10-07T19:22:15.486575Z  INFO falcon_algebraic:prove:falcon_algebraic:pcs:op:ligerito:lig:grind_pow{bits=19 seed_lo=2894948025734070852 seed_hi=11996938362515225117 nonce=84272}: bitz::ligerito_flock: close time.busy=333µs time.idle=110ns
2026-10-07T19:22:15.486585Z  INFO falcon_algebraic:prove:falcon_algebraic:pcs:op:ligerito:spartan:grinding{bits=12}: bitz::piop::spartan::grinding: close time.busy=7.54µs time.idle=110ns
2026-10-07T19:22:15.486850Z  INFO falcon_algebraic:prove:falcon_algebraic:pcs:op:ligerito:lig:grind_pow{bits=11}:spartan:grinding{bits=12}: bitz::piop::spartan::grinding: close time.busy=60.8µs time.idle=110ns
2026-10-07T19:22:15.486880Z  INFO falcon_algebraic:prove:falcon_algebraic:pcs:op:ligerito:lig:grind_pow{bits=11 seed_lo=18159918683903586575 seed_hi=15264492456861379661 nonce=7511}: bitz::ligerito_flock: close time.busy=91.2µs time.idle=100ns
2026-10-07T19:22:15.486898Z  INFO falcon_algebraic:prove:falcon_algebraic:pcs:op:ligerito:spartan:grinding{bits=12}: bitz::piop::spartan::grinding: close time.busy=16.4µs time.idle=110ns
2026-10-07T19:22:15.487833Z  INFO falcon_algebraic:prove:falcon_algebraic:pcs:op:ligerito:lig:grind_pow{bits=7}:spartan:grinding{bits=12}: bitz::piop::spartan::grinding: close time.busy=17.8µs time.idle=110ns
2026-10-07T19:22:15.487836Z  INFO falcon_algebraic:prove:falcon_algebraic:pcs:op:ligerito:lig:grind_pow{bits=7 seed_lo=6063983217750421890 seed_hi=15792750583625114170 nonce=278}: bitz::ligerito_flock: close time.busy=21.7µs time.idle=111ns
2026-10-07T19:22:15.487854Z  INFO falcon_algebraic:prove:falcon_algebraic:pcs:op:ligerito:spartan:grinding{bits=12}: bitz::piop::spartan::grinding: close time.busy=15.9µs time.idle=110ns
2026-10-07T19:22:15.487865Z  INFO falcon_algebraic:prove:falcon_algebraic:pcs:op:ligerito:lig:grind_pow{bits=17}:spartan:grinding{bits=12}: bitz::piop::spartan::grinding: close time.busy=4.14µs time.idle=100ns
2026-10-07T19:22:15.488249Z  INFO falcon_algebraic:prove:falcon_algebraic:pcs:op:ligerito:lig:grind_pow{bits=17 seed_lo=9439740927722712704 seed_hi=2096174283014629509 nonce=101945}: bitz::ligerito_flock: close time.busy=389µs time.idle=120ns
2026-10-07T19:22:15.488258Z  INFO falcon_algebraic:prove:falcon_algebraic:pcs:op:ligerito:spartan:grinding{bits=12}: bitz::piop::spartan::grinding: close time.busy=6.93µs time.idle=111ns
2026-10-07T19:22:15.488288Z  INFO falcon_algebraic:prove:falcon_algebraic:pcs:op:ligerito:lig:grind_pow{bits=17}:spartan:grinding{bits=12}: bitz::piop::spartan::grinding: close time.busy=20.6µs time.idle=110ns
2026-10-07T19:22:15.489041Z  INFO falcon_algebraic:prove:falcon_algebraic:pcs:op:ligerito:lig:grind_pow{bits=17 seed_lo=4879747707019962164 seed_hi=439600284198012619 nonce=202467}: bitz::ligerito_flock: close time.busy=774µs time.idle=120ns
2026-10-07T19:22:15.489102Z  INFO falcon_algebraic:prove:falcon_algebraic:pcs:op:ligerito:spartan:grinding{bits=12}: bitz::piop::spartan::grinding: close time.busy=59.0µs time.idle=111ns
2026-10-07T19:22:15.489177Z  INFO falcon_algebraic:prove:falcon_algebraic:pcs:op:ligerito:lig:grind_pow{bits=17}:spartan:grinding{bits=12}: bitz::piop::spartan::grinding: close time.busy=69.8µs time.idle=110ns
2026-10-07T19:22:15.489651Z  INFO falcon_algebraic:prove:falcon_algebraic:pcs:op:ligerito:lig:grind_pow{bits=17 seed_lo=11445438758731368906 seed_hi=6157812661900222650 nonce=127074}: bitz::ligerito_flock: close time.busy=544µs time.idle=120ns
2026-10-07T19:22:15.489676Z  INFO falcon_algebraic:prove:falcon_algebraic:pcs:op:ligerito:spartan:grinding{bits=12}: bitz::piop::spartan::grinding: close time.busy=23.4µs time.idle=90.0ns
2026-10-07T19:22:15.489738Z  INFO falcon_algebraic:prove:falcon_algebraic:pcs:op:ligerito:lig:grind_pow{bits=11}:spartan:grinding{bits=12}: bitz::piop::spartan::grinding: close time.busy=15.3µs time.idle=100ns
2026-10-07T19:22:15.489744Z  INFO falcon_algebraic:prove:falcon_algebraic:pcs:op:ligerito:lig:grind_pow{bits=11 seed_lo=10949084842977817524 seed_hi=122019558496133150 nonce=865}: bitz::ligerito_flock: close time.busy=21.4µs time.idle=110ns
2026-10-07T19:22:15.489752Z  INFO falcon_algebraic:prove:falcon_algebraic:pcs:op:ligerito:spartan:grinding{bits=12}: bitz::piop::spartan::grinding: close time.busy=5.91µs time.idle=110ns
2026-10-07T19:22:15.489938Z  INFO falcon_algebraic:prove:falcon_algebraic:pcs:op:ligerito:lig:grind_pow{bits=7}:spartan:grinding{bits=12}: bitz::piop::spartan::grinding: close time.busy=17.6µs time.idle=110ns
2026-10-07T19:22:15.489941Z  INFO falcon_algebraic:prove:falcon_algebraic:pcs:op:ligerito:lig:grind_pow{bits=7 seed_lo=3981704520588902172 seed_hi=5112808211354485806 nonce=127}: bitz::ligerito_flock: close time.busy=20.9µs time.idle=120ns
2026-10-07T19:22:15.489954Z  INFO falcon_algebraic:prove:falcon_algebraic:pcs:op:ligerito:spartan:grinding{bits=12}: bitz::piop::spartan::grinding: close time.busy=11.5µs time.idle=110ns
2026-10-07T19:22:15.489976Z  INFO falcon_algebraic:prove:falcon_algebraic:pcs:op:ligerito:lig:grind_pow{bits=15}:spartan:grinding{bits=12}: bitz::piop::spartan::grinding: close time.busy=18.2µs time.idle=110ns
2026-10-07T19:22:15.490123Z  INFO falcon_algebraic:prove:falcon_algebraic:pcs:op:ligerito:lig:grind_pow{bits=15 seed_lo=5714358563480935973 seed_hi=7082249013099719080 nonce=37915}: bitz::ligerito_flock: close time.busy=166µs time.idle=120ns
2026-10-07T19:22:15.490130Z  INFO falcon_algebraic:prove:falcon_algebraic:pcs:op:ligerito:spartan:grinding{bits=12}: bitz::piop::spartan::grinding: close time.busy=4.61µs time.idle=110ns
2026-10-07T19:22:15.490141Z  INFO falcon_algebraic:prove:falcon_algebraic:pcs:op:ligerito:lig:grind_pow{bits=15}:spartan:grinding{bits=12}: bitz::piop::spartan::grinding: close time.busy=6.94µs time.idle=110ns
2026-10-07T19:22:15.490269Z  INFO falcon_algebraic:prove:falcon_algebraic:pcs:op:ligerito:lig:grind_pow{bits=15 seed_lo=1387454479720951228 seed_hi=11462693460595150436 nonce=33297}: bitz::ligerito_flock: close time.busy=136µs time.idle=100ns
2026-10-07T19:22:15.490278Z  INFO falcon_algebraic:prove:falcon_algebraic:pcs:op:ligerito:spartan:grinding{bits=12}: bitz::piop::spartan::grinding: close time.busy=6.36µs time.idle=111ns
2026-10-07T19:22:15.490300Z  INFO falcon_algebraic:prove:falcon_algebraic:pcs:op:ligerito:lig:grind_pow{bits=15}:spartan:grinding{bits=12}: bitz::piop::spartan::grinding: close time.busy=18.8µs time.idle=110ns
2026-10-07T19:22:15.490477Z  INFO falcon_algebraic:prove:falcon_algebraic:pcs:op:ligerito:lig:grind_pow{bits=15 seed_lo=11782515305620195408 seed_hi=13789569290169553573 nonce=46654}: bitz::ligerito_flock: close time.busy=197µs time.idle=110ns
2026-10-07T19:22:15.490502Z  INFO falcon_algebraic:prove:falcon_algebraic:pcs:op:ligerito:spartan:grinding{bits=12}: bitz::piop::spartan::grinding: close time.busy=22.7µs time.idle=111ns
2026-10-07T19:22:15.490547Z  INFO falcon_algebraic:prove:falcon_algebraic:pcs:op:ligerito:lig:grind_pow{bits=11}:spartan:grinding{bits=12}: bitz::piop::spartan::grinding: close time.busy=40.0µs time.idle=110ns
2026-10-07T19:22:15.490580Z  INFO falcon_algebraic:prove:falcon_algebraic:pcs:op:ligerito:lig:grind_pow{bits=11 seed_lo=6666139499001844964 seed_hi=2837533228837389612 nonce=8372}: bitz::ligerito_flock: close time.busy=73.5µs time.idle=110ns
2026-10-07T19:22:15.490591Z  INFO falcon_algebraic:prove:falcon_algebraic:pcs:op:ligerito:spartan:grinding{bits=12}: bitz::piop::spartan::grinding: close time.busy=9.66µs time.idle=110ns
2026-10-07T19:22:15.490662Z  INFO falcon_algebraic:prove:falcon_algebraic:pcs:op:ligerito: bitz::hybrid::opening: close time.busy=32.8ms time.idle=130ns
2026-10-07T19:22:15.490664Z  INFO falcon_algebraic:prove:falcon_algebraic:pcs: bitz::piop::spartan::falcon512_algebraic::protocol: close time.busy=40.0ms time.idle=140ns
2026-10-07T19:22:15.491590Z  INFO falcon_algebraic:prove: bitz::piop::spartan::falcon512_algebraic::protocol: close time.busy=392ms time.idle=190ns
2026-10-07T19:22:15.557286Z  INFO falcon_algebraic:verify:falcon_algebraic_ring:verify:falcon_algebraic_ring:coordinates: bitz::piop::spartan::falcon512_algebraic::ring: close time.busy=57.9ms time.idle=170ns
2026-10-07T19:22:15.575965Z  INFO falcon_algebraic:verify:falcon_algebraic_ring:verify:falcon_algebraic_ring:collapse: bitz::piop::spartan::falcon512_algebraic::ring: close time.busy=18.7ms time.idle=171ns
2026-10-07T19:22:15.575968Z  INFO falcon_algebraic:verify:falcon_algebraic_ring:verify: bitz::piop::spartan::falcon512_algebraic::ring: close time.busy=76.9ms time.idle=151ns
2026-10-07T19:22:15.575991Z  INFO falcon_algebraic:verify:spartan:round_grinding_verify: bitz::sumcheck::boundary: close time.busy=1.02µs time.idle=130ns
2026-10-07T19:22:15.575995Z  INFO falcon_algebraic:verify:spartan:round_grinding_verify: bitz::sumcheck::boundary: close time.busy=862ns time.idle=110ns
2026-10-07T19:22:15.575999Z  INFO falcon_algebraic:verify:spartan:round_grinding_verify: bitz::sumcheck::boundary: close time.busy=902ns time.idle=110ns
2026-10-07T19:22:15.576005Z  INFO falcon_algebraic:verify:spartan:round_grinding_verify: bitz::sumcheck::boundary: close time.busy=662ns time.idle=110ns
2026-10-07T19:22:15.576008Z  INFO falcon_algebraic:verify:spartan:round_grinding_verify: bitz::sumcheck::boundary: close time.busy=652ns time.idle=110ns
2026-10-07T19:22:15.576012Z  INFO falcon_algebraic:verify:spartan:round_grinding_verify: bitz::sumcheck::boundary: close time.busy=761ns time.idle=111ns
2026-10-07T19:22:15.576016Z  INFO falcon_algebraic:verify:spartan:round_grinding_verify: bitz::sumcheck::boundary: close time.busy=691ns time.idle=110ns
2026-10-07T19:22:15.576020Z  INFO falcon_algebraic:verify:spartan:round_grinding_verify: bitz::sumcheck::boundary: close time.busy=792ns time.idle=90.0ns
2026-10-07T19:22:15.576024Z  INFO falcon_algebraic:verify:spartan:round_grinding_verify: bitz::sumcheck::boundary: close time.busy=872ns time.idle=120ns
2026-10-07T19:22:15.576028Z  INFO falcon_algebraic:verify:spartan:round_grinding_verify: bitz::sumcheck::boundary: close time.busy=681ns time.idle=110ns
2026-10-07T19:22:15.576032Z  INFO falcon_algebraic:verify:spartan:round_grinding_verify: bitz::sumcheck::boundary: close time.busy=761ns time.idle=100ns
2026-10-07T19:22:15.576035Z  INFO falcon_algebraic:verify:spartan:round_grinding_verify: bitz::sumcheck::boundary: close time.busy=1.17µs time.idle=120ns
2026-10-07T19:22:15.576039Z  INFO falcon_algebraic:verify:spartan:round_grinding_verify: bitz::sumcheck::boundary: close time.busy=772ns time.idle=120ns
2026-10-07T19:22:15.576042Z  INFO falcon_algebraic:verify:spartan:round_grinding_verify: bitz::sumcheck::boundary: close time.busy=811ns time.idle=100ns
2026-10-07T19:22:15.576047Z  INFO falcon_algebraic:verify:spartan:round_grinding_verify: bitz::sumcheck::boundary: close time.busy=782ns time.idle=100ns
2026-10-07T19:22:15.576050Z  INFO falcon_algebraic:verify:spartan:round_grinding_verify: bitz::sumcheck::boundary: close time.busy=712ns time.idle=110ns
2026-10-07T19:22:15.576054Z  INFO falcon_algebraic:verify:spartan:round_grinding_verify: bitz::sumcheck::boundary: close time.busy=831ns time.idle=100ns
2026-10-07T19:22:15.576057Z  INFO falcon_algebraic:verify:spartan:round_grinding_verify: bitz::sumcheck::boundary: close time.busy=772ns time.idle=120ns
2026-10-07T19:22:15.576061Z  INFO falcon_algebraic:verify:spartan:round_grinding_verify: bitz::sumcheck::boundary: close time.busy=872ns time.idle=110ns
2026-10-07T19:22:15.585791Z  INFO falcon_algebraic:verify:spartan:round_grinding_verify: bitz::sumcheck::boundary: close time.busy=922ns time.idle=130ns
2026-10-07T19:22:15.585796Z  INFO falcon_algebraic:verify:spartan:round_grinding_verify: bitz::sumcheck::boundary: close time.busy=862ns time.idle=130ns
2026-10-07T19:22:15.585799Z  INFO falcon_algebraic:verify:spartan:round_grinding_verify: bitz::sumcheck::boundary: close time.busy=881ns time.idle=111ns
2026-10-07T19:22:15.585803Z  INFO falcon_algebraic:verify:spartan:round_grinding_verify: bitz::sumcheck::boundary: close time.busy=842ns time.idle=90.0ns
2026-10-07T19:22:15.585807Z  INFO falcon_algebraic:verify:spartan:round_grinding_verify: bitz::sumcheck::boundary: close time.busy=862ns time.idle=110ns
2026-10-07T19:22:15.585810Z  INFO falcon_algebraic:verify:spartan:round_grinding_verify: bitz::sumcheck::boundary: close time.busy=921ns time.idle=131ns
2026-10-07T19:22:15.585815Z  INFO falcon_algebraic:verify:spartan:round_grinding_verify: bitz::sumcheck::boundary: close time.busy=1.01µs time.idle=110ns
2026-10-07T19:22:15.585818Z  INFO falcon_algebraic:verify:spartan:round_grinding_verify: bitz::sumcheck::boundary: close time.busy=691ns time.idle=100ns
2026-10-07T19:22:15.585821Z  INFO falcon_algebraic:verify:spartan:round_grinding_verify: bitz::sumcheck::boundary: close time.busy=772ns time.idle=110ns
2026-10-07T19:22:15.585824Z  INFO falcon_algebraic:verify:spartan:round_grinding_verify: bitz::sumcheck::boundary: close time.busy=771ns time.idle=121ns
2026-10-07T19:22:15.585827Z  INFO falcon_algebraic:verify:spartan:round_grinding_verify: bitz::sumcheck::boundary: close time.busy=771ns time.idle=90.0ns
2026-10-07T19:22:15.585830Z  INFO falcon_algebraic:verify:spartan:round_grinding_verify: bitz::sumcheck::boundary: close time.busy=821ns time.idle=111ns
2026-10-07T19:22:15.585833Z  INFO falcon_algebraic:verify:spartan:round_grinding_verify: bitz::sumcheck::boundary: close time.busy=871ns time.idle=121ns
2026-10-07T19:22:15.585836Z  INFO falcon_algebraic:verify:spartan:round_grinding_verify: bitz::sumcheck::boundary: close time.busy=952ns time.idle=100ns
2026-10-07T19:22:15.585839Z  INFO falcon_algebraic:verify:spartan:round_grinding_verify: bitz::sumcheck::boundary: close time.busy=771ns time.idle=110ns
2026-10-07T19:22:15.585843Z  INFO falcon_algebraic:verify:spartan:round_grinding_verify: bitz::sumcheck::boundary: close time.busy=881ns time.idle=111ns
2026-10-07T19:22:15.585846Z  INFO falcon_algebraic:verify:spartan:round_grinding_verify: bitz::sumcheck::boundary: close time.busy=871ns time.idle=100ns
2026-10-07T19:22:15.585851Z  INFO falcon_algebraic:verify:spartan:round_grinding_verify: bitz::sumcheck::boundary: close time.busy=882ns time.idle=100ns
2026-10-07T19:22:15.585854Z  INFO falcon_algebraic:verify:spartan:round_grinding_verify: bitz::sumcheck::boundary: close time.busy=912ns time.idle=110ns
2026-10-07T19:22:15.585858Z  INFO falcon_algebraic:verify:spartan:round_grinding_verify: bitz::sumcheck::boundary: close time.busy=942ns time.idle=120ns
2026-10-07T19:22:15.585861Z  INFO falcon_algebraic:verify:spartan:round_grinding_verify: bitz::sumcheck::boundary: close time.busy=1.08µs time.idle=90.0ns
2026-10-07T19:22:15.585864Z  INFO falcon_algebraic:verify:spartan:round_grinding_verify: bitz::sumcheck::boundary: close time.busy=751ns time.idle=110ns
2026-10-07T19:22:15.585867Z  INFO falcon_algebraic:verify:spartan:round_grinding_verify: bitz::sumcheck::boundary: close time.busy=821ns time.idle=111ns
2026-10-07T19:22:15.585871Z  INFO falcon_algebraic:verify:spartan:round_grinding_verify: bitz::sumcheck::boundary: close time.busy=852ns time.idle=100ns
2026-10-07T19:22:15.593143Z  INFO falcon_algebraic:verify:spartan:round_grinding_verify: bitz::sumcheck::boundary: close time.busy=992ns time.idle=180ns
2026-10-07T19:22:15.593146Z  INFO falcon_algebraic:verify:spartan:round_grinding_verify: bitz::sumcheck::boundary: close time.busy=962ns time.idle=110ns
2026-10-07T19:22:15.593149Z  INFO falcon_algebraic:verify:spartan:round_grinding_verify: bitz::sumcheck::boundary: close time.busy=872ns time.idle=100ns
2026-10-07T19:22:15.593151Z  INFO falcon_algebraic:verify:spartan:round_grinding_verify: bitz::sumcheck::boundary: close time.busy=932ns time.idle=110ns
2026-10-07T19:22:15.593154Z  INFO falcon_algebraic:verify:spartan:round_grinding_verify: bitz::sumcheck::boundary: close time.busy=942ns time.idle=110ns
2026-10-07T19:22:15.593157Z  INFO falcon_algebraic:verify:spartan:round_grinding_verify: bitz::sumcheck::boundary: close time.busy=1.00µs time.idle=100ns
2026-10-07T19:22:15.593159Z  INFO falcon_algebraic:verify:spartan:round_grinding_verify: bitz::sumcheck::boundary: close time.busy=1.02µs time.idle=100ns
2026-10-07T19:22:15.593162Z  INFO falcon_algebraic:verify:spartan:round_grinding_verify: bitz::sumcheck::boundary: close time.busy=1.01µs time.idle=100ns
2026-10-07T19:22:15.593165Z  INFO falcon_algebraic:verify:spartan:round_grinding_verify: bitz::sumcheck::boundary: close time.busy=892ns time.idle=100ns
2026-10-07T19:22:15.593167Z  INFO falcon_algebraic:verify:spartan:round_grinding_verify: bitz::sumcheck::boundary: close time.busy=892ns time.idle=100ns
2026-10-07T19:22:15.593170Z  INFO falcon_algebraic:verify:spartan:round_grinding_verify: bitz::sumcheck::boundary: close time.busy=862ns time.idle=110ns
2026-10-07T19:22:15.593172Z  INFO falcon_algebraic:verify:spartan:round_grinding_verify: bitz::sumcheck::boundary: close time.busy=952ns time.idle=110ns
2026-10-07T19:22:15.593175Z  INFO falcon_algebraic:verify:spartan:round_grinding_verify: bitz::sumcheck::boundary: close time.busy=1.00µs time.idle=90.0ns
2026-10-07T19:22:15.593178Z  INFO falcon_algebraic:verify:spartan:round_grinding_verify: bitz::sumcheck::boundary: close time.busy=1.01µs time.idle=100ns
2026-10-07T19:22:15.593181Z  INFO falcon_algebraic:verify:spartan:round_grinding_verify: bitz::sumcheck::boundary: close time.busy=1.08µs time.idle=110ns
2026-10-07T19:22:15.593183Z  INFO falcon_algebraic:verify:spartan:round_grinding_verify: bitz::sumcheck::boundary: close time.busy=1.00µs time.idle=100ns
2026-10-07T19:22:15.593186Z  INFO falcon_algebraic:verify:spartan:round_grinding_verify: bitz::sumcheck::boundary: close time.busy=1.01µs time.idle=110ns
2026-10-07T19:22:15.593189Z  INFO falcon_algebraic:verify:spartan:round_grinding_verify: bitz::sumcheck::boundary: close time.busy=1.09µs time.idle=110ns
2026-10-07T19:22:15.593191Z  INFO falcon_algebraic:verify:spartan:round_grinding_verify: bitz::sumcheck::boundary: close time.busy=1.02µs time.idle=101ns
2026-10-07T19:22:15.593194Z  INFO falcon_algebraic:verify:spartan:round_grinding_verify: bitz::sumcheck::boundary: close time.busy=1.05µs time.idle=100ns
2026-10-07T19:22:15.593198Z  INFO falcon_algebraic:verify:spartan:round_grinding_verify: bitz::sumcheck::boundary: close time.busy=1.12µs time.idle=100ns
2026-10-07T19:22:15.593201Z  INFO falcon_algebraic:verify:spartan:round_grinding_verify: bitz::sumcheck::boundary: close time.busy=862ns time.idle=90.0ns
2026-10-07T19:22:15.593203Z  INFO falcon_algebraic:verify:spartan:round_grinding_verify: bitz::sumcheck::boundary: close time.busy=861ns time.idle=111ns
2026-10-07T19:22:15.593205Z  INFO falcon_algebraic:verify:spartan:round_grinding_verify: bitz::sumcheck::boundary: close time.busy=872ns time.idle=110ns
2026-10-07T19:22:15.593208Z  INFO falcon_algebraic:verify:spartan:round_grinding_verify: bitz::sumcheck::boundary: close time.busy=922ns time.idle=100ns
2026-10-07T19:22:15.595517Z  INFO falcon_algebraic:verify: bitz::piop::spartan::falcon512_algebraic::protocol: close time.busy=104ms time.idle=150ns
2026-10-07T19:22:15.628606Z  INFO falcon_algebraic:commit:falcon_algebraic:witness: bitz::piop::spartan::falcon512_algebraic::protocol: close time.busy=32.8ms time.idle=130ns
2026-10-07T19:22:15.658193Z  INFO falcon_algebraic:commit:shared_source:encode: bitz::hybrid::opening: close time.busy=1.58ms time.idle=180ns
2026-10-07T19:22:15.659171Z  INFO falcon_algebraic:commit:shared_source:merkle: bitz::hybrid::opening: close time.busy=976µs time.idle=140ns
2026-10-07T19:22:15.659173Z  INFO falcon_algebraic:commit: bitz::piop::spartan::falcon512_algebraic::protocol: close time.busy=63.5ms time.idle=190ns
2026-10-07T19:22:15.725396Z  INFO falcon_algebraic:prove:falcon_algebraic:ring:falcon_algebraic_ring:prove:falcon_algebraic_ring:coordinates: bitz::piop::spartan::falcon512_algebraic::ring: close time.busy=57.8ms time.idle=270ns
2026-10-07T19:22:15.726131Z  INFO falcon_algebraic:prove:falcon_algebraic:ring:falcon_algebraic_ring:prove:spartan:grinding{bits=11}: bitz::piop::spartan::grinding: close time.busy=2.16µs time.idle=161ns
2026-10-07T19:22:15.744473Z  INFO falcon_algebraic:prove:falcon_algebraic:ring:falcon_algebraic_ring:prove:falcon_algebraic_ring:collapse: bitz::piop::spartan::falcon512_algebraic::ring: close time.busy=18.3ms time.idle=130ns
2026-10-07T19:22:15.744476Z  INFO falcon_algebraic:prove:falcon_algebraic:ring:falcon_algebraic_ring:prove: bitz::piop::spartan::falcon512_algebraic::ring: close time.busy=77.9ms time.idle=160ns
2026-10-07T19:22:15.744477Z  INFO falcon_algebraic:prove:falcon_algebraic:ring: bitz::piop::spartan::falcon512_algebraic::protocol: close time.busy=77.9ms time.idle=160ns
2026-10-07T19:22:15.744487Z  INFO falcon_algebraic:prove:falcon_algebraic:arithmetic:falcon_algebraic:norm:spartan:grinding{bits=11}: bitz::piop::spartan::grinding: close time.busy=7.97µs time.idle=131ns
2026-10-07T19:22:15.773941Z  INFO falcon_algebraic:prove:falcon_algebraic:arithmetic:falcon_algebraic:norm:spartan:round_grinding_prove:spartan:grinding{bits=14}: bitz::piop::spartan::grinding: close time.busy=158µs time.idle=181ns
2026-10-07T19:22:15.773943Z  INFO falcon_algebraic:prove:falcon_algebraic:arithmetic:falcon_algebraic:norm:spartan:round_grinding_prove: bitz::sumcheck::boundary: close time.busy=162µs time.idle=280ns
2026-10-07T19:22:15.784621Z  INFO falcon_algebraic:prove:falcon_algebraic:arithmetic:falcon_algebraic:norm:spartan:round_grinding_prove:spartan:grinding{bits=14}: bitz::piop::spartan::grinding: close time.busy=78.4µs time.idle=200ns
2026-10-07T19:22:15.784625Z  INFO falcon_algebraic:prove:falcon_algebraic:arithmetic:falcon_algebraic:norm:spartan:round_grinding_prove: bitz::sumcheck::boundary: close time.busy=83.7µs time.idle=211ns
2026-10-07T19:22:15.789788Z  INFO falcon_algebraic:prove:falcon_algebraic:arithmetic:falcon_algebraic:norm:spartan:round_grinding_prove:spartan:grinding{bits=14}: bitz::piop::spartan::grinding: close time.busy=28.4µs time.idle=110ns
2026-10-07T19:22:15.789790Z  INFO falcon_algebraic:prove:falcon_algebraic:arithmetic:falcon_algebraic:norm:spartan:round_grinding_prove: bitz::sumcheck::boundary: close time.busy=31.8µs time.idle=121ns
2026-10-07T19:22:15.792336Z  INFO falcon_algebraic:prove:falcon_algebraic:arithmetic:falcon_algebraic:norm:spartan:round_grinding_prove:spartan:grinding{bits=14}: bitz::piop::spartan::grinding: close time.busy=18.4µs time.idle=120ns
2026-10-07T19:22:15.792337Z  INFO falcon_algebraic:prove:falcon_algebraic:arithmetic:falcon_algebraic:norm:spartan:round_grinding_prove: bitz::sumcheck::boundary: close time.busy=20.8µs time.idle=120ns
2026-10-07T19:22:15.793641Z  INFO falcon_algebraic:prove:falcon_algebraic:arithmetic:falcon_algebraic:norm:spartan:round_grinding_prove:spartan:grinding{bits=14}: bitz::piop::spartan::grinding: close time.busy=47.8µs time.idle=120ns
2026-10-07T19:22:15.793643Z  INFO falcon_algebraic:prove:falcon_algebraic:arithmetic:falcon_algebraic:norm:spartan:round_grinding_prove: bitz::sumcheck::boundary: close time.busy=49.9µs time.idle=110ns
2026-10-07T19:22:15.794321Z  INFO falcon_algebraic:prove:falcon_algebraic:arithmetic:falcon_algebraic:norm:spartan:round_grinding_prove:spartan:grinding{bits=14}: bitz::piop::spartan::grinding: close time.busy=44.0µs time.idle=111ns
2026-10-07T19:22:15.794322Z  INFO falcon_algebraic:prove:falcon_algebraic:arithmetic:falcon_algebraic:norm:spartan:round_grinding_prove: bitz::sumcheck::boundary: close time.busy=46.1µs time.idle=120ns
2026-10-07T19:22:15.794652Z  INFO falcon_algebraic:prove:falcon_algebraic:arithmetic:falcon_algebraic:norm:spartan:round_grinding_prove:spartan:grinding{bits=14}: bitz::piop::spartan::grinding: close time.busy=10.8µs time.idle=121ns
2026-10-07T19:22:15.794653Z  INFO falcon_algebraic:prove:falcon_algebraic:arithmetic:falcon_algebraic:norm:spartan:round_grinding_prove: bitz::sumcheck::boundary: close time.busy=12.8µs time.idle=111ns
2026-10-07T19:22:15.794894Z  INFO falcon_algebraic:prove:falcon_algebraic:arithmetic:falcon_algebraic:norm:spartan:round_grinding_prove:spartan:grinding{bits=14}: bitz::piop::spartan::grinding: close time.busy=76.3µs time.idle=120ns
2026-10-07T19:22:15.794895Z  INFO falcon_algebraic:prove:falcon_algebraic:arithmetic:falcon_algebraic:norm:spartan:round_grinding_prove: bitz::sumcheck::boundary: close time.busy=78.3µs time.idle=100ns
2026-10-07T19:22:15.795000Z  INFO falcon_algebraic:prove:falcon_algebraic:arithmetic:falcon_algebraic:norm:spartan:round_grinding_prove:spartan:grinding{bits=14}: bitz::piop::spartan::grinding: close time.busy=19.4µs time.idle=111ns
2026-10-07T19:22:15.795001Z  INFO falcon_algebraic:prove:falcon_algebraic:arithmetic:falcon_algebraic:norm:spartan:round_grinding_prove: bitz::sumcheck::boundary: close time.busy=21.5µs time.idle=120ns
2026-10-07T19:22:15.795087Z  INFO falcon_algebraic:prove:falcon_algebraic:arithmetic:falcon_algebraic:norm:spartan:round_grinding_prove:spartan:grinding{bits=14}: bitz::piop::spartan::grinding: close time.busy=37.4µs time.idle=110ns
2026-10-07T19:22:15.795088Z  INFO falcon_algebraic:prove:falcon_algebraic:arithmetic:falcon_algebraic:norm:spartan:round_grinding_prove: bitz::sumcheck::boundary: close time.busy=39.4µs time.idle=110ns
2026-10-07T19:22:15.795172Z  INFO falcon_algebraic:prove:falcon_algebraic:arithmetic:falcon_algebraic:norm:spartan:round_grinding_prove:spartan:grinding{bits=14}: bitz::piop::spartan::grinding: close time.busy=57.3µs time.idle=110ns
2026-10-07T19:22:15.795173Z  INFO falcon_algebraic:prove:falcon_algebraic:arithmetic:falcon_algebraic:norm:spartan:round_grinding_prove: bitz::sumcheck::boundary: close time.busy=59.3µs time.idle=110ns
2026-10-07T19:22:15.795475Z  INFO falcon_algebraic:prove:falcon_algebraic:arithmetic:falcon_algebraic:norm:spartan:round_grinding_prove:spartan:grinding{bits=14}: bitz::piop::spartan::grinding: close time.busy=284µs time.idle=110ns
2026-10-07T19:22:15.795476Z  INFO falcon_algebraic:prove:falcon_algebraic:arithmetic:falcon_algebraic:norm:spartan:round_grinding_prove: bitz::sumcheck::boundary: close time.busy=286µs time.idle=90.0ns
2026-10-07T19:22:15.795559Z  INFO falcon_algebraic:prove:falcon_algebraic:arithmetic:falcon_algebraic:norm:spartan:round_grinding_prove:spartan:grinding{bits=14}: bitz::piop::spartan::grinding: close time.busy=70.5µs time.idle=100ns
2026-10-07T19:22:15.795561Z  INFO falcon_algebraic:prove:falcon_algebraic:arithmetic:falcon_algebraic:norm:spartan:round_grinding_prove: bitz::sumcheck::boundary: close time.busy=73.3µs time.idle=110ns
2026-10-07T19:22:15.795724Z  INFO falcon_algebraic:prove:falcon_algebraic:arithmetic:falcon_algebraic:norm:spartan:round_grinding_prove:spartan:grinding{bits=14}: bitz::piop::spartan::grinding: close time.busy=153µs time.idle=110ns
2026-10-07T19:22:15.795726Z  INFO falcon_algebraic:prove:falcon_algebraic:arithmetic:falcon_algebraic:norm:spartan:round_grinding_prove: bitz::sumcheck::boundary: close time.busy=155µs time.idle=110ns
2026-10-07T19:22:15.795772Z  INFO falcon_algebraic:prove:falcon_algebraic:arithmetic:falcon_algebraic:norm:spartan:round_grinding_prove:spartan:grinding{bits=14}: bitz::piop::spartan::grinding: close time.busy=37.1µs time.idle=110ns
2026-10-07T19:22:15.795773Z  INFO falcon_algebraic:prove:falcon_algebraic:arithmetic:falcon_algebraic:norm:spartan:round_grinding_prove: bitz::sumcheck::boundary: close time.busy=39.0µs time.idle=100ns
2026-10-07T19:22:15.795806Z  INFO falcon_algebraic:prove:falcon_algebraic:arithmetic:falcon_algebraic:norm:spartan:round_grinding_prove:spartan:grinding{bits=14}: bitz::piop::spartan::grinding: close time.busy=25.9µs time.idle=110ns
2026-10-07T19:22:15.795808Z  INFO falcon_algebraic:prove:falcon_algebraic:arithmetic:falcon_algebraic:norm:spartan:round_grinding_prove: bitz::sumcheck::boundary: close time.busy=27.8µs time.idle=90.0ns
2026-10-07T19:22:15.795891Z  INFO falcon_algebraic:prove:falcon_algebraic:arithmetic:falcon_algebraic:norm:spartan:round_grinding_prove:spartan:grinding{bits=14}: bitz::piop::spartan::grinding: close time.busy=75.7µs time.idle=111ns
2026-10-07T19:22:15.795892Z  INFO falcon_algebraic:prove:falcon_algebraic:arithmetic:falcon_algebraic:norm:spartan:round_grinding_prove: bitz::sumcheck::boundary: close time.busy=77.9µs time.idle=120ns
2026-10-07T19:22:15.795980Z  INFO falcon_algebraic:prove:falcon_algebraic:arithmetic:falcon_algebraic:norm:spartan:round_grinding_prove:spartan:grinding{bits=14}: bitz::piop::spartan::grinding: close time.busy=80.3µs time.idle=111ns
2026-10-07T19:22:15.795981Z  INFO falcon_algebraic:prove:falcon_algebraic:arithmetic:falcon_algebraic:norm:spartan:round_grinding_prove: bitz::sumcheck::boundary: close time.busy=82.3µs time.idle=110ns
2026-10-07T19:22:15.795995Z  INFO falcon_algebraic:prove:falcon_algebraic:arithmetic:falcon_algebraic:norm:spartan:round_grinding_prove:spartan:grinding{bits=14}: bitz::piop::spartan::grinding: close time.busy=5.36µs time.idle=110ns
2026-10-07T19:22:15.795996Z  INFO falcon_algebraic:prove:falcon_algebraic:arithmetic:falcon_algebraic:norm:spartan:round_grinding_prove: bitz::sumcheck::boundary: close time.busy=7.41µs time.idle=110ns
2026-10-07T19:22:15.796005Z  INFO falcon_algebraic:prove:falcon_algebraic:arithmetic:falcon_algebraic:norm: bitz::piop::spartan::falcon512_algebraic::arithmetic: close time.busy=51.5ms time.idle=161ns
2026-10-07T19:22:15.796009Z  INFO falcon_algebraic:prove:falcon_algebraic:arithmetic:falcon_algebraic:binding:spartan:grinding{bits=10}: bitz::piop::spartan::grinding: close time.busy=1.58µs time.idle=90.0ns
2026-10-07T19:22:15.842094Z  INFO falcon_algebraic:prove:falcon_algebraic:arithmetic:falcon_algebraic:binding:inner_packed:prefix_accumulators: bitz::sumcheck::inner::packed::state: close time.busy=37.1ms time.idle=151ns
2026-10-07T19:22:15.842110Z  INFO falcon_algebraic:prove:falcon_algebraic:arithmetic:falcon_algebraic:binding:spartan:round_grinding_prove:spartan:grinding{bits=13}: bitz::piop::spartan::grinding: close time.busy=10.3µs time.idle=131ns
2026-10-07T19:22:15.842112Z  INFO falcon_algebraic:prove:falcon_algebraic:arithmetic:falcon_algebraic:binding:spartan:round_grinding_prove: bitz::sumcheck::boundary: close time.busy=13.3µs time.idle=150ns
2026-10-07T19:22:15.842132Z  INFO falcon_algebraic:prove:falcon_algebraic:arithmetic:falcon_algebraic:binding:spartan:round_grinding_prove:spartan:grinding{bits=13}: bitz::piop::spartan::grinding: close time.busy=13.9µs time.idle=121ns
2026-10-07T19:22:15.842134Z  INFO falcon_algebraic:prove:falcon_algebraic:arithmetic:falcon_algebraic:binding:spartan:round_grinding_prove: bitz::sumcheck::boundary: close time.busy=17.4µs time.idle=120ns
2026-10-07T19:22:15.842143Z  INFO falcon_algebraic:prove:falcon_algebraic:arithmetic:falcon_algebraic:binding:spartan:round_grinding_prove:spartan:grinding{bits=13}: bitz::piop::spartan::grinding: close time.busy=5.08µs time.idle=120ns
2026-10-07T19:22:15.842144Z  INFO falcon_algebraic:prove:falcon_algebraic:arithmetic:falcon_algebraic:binding:spartan:round_grinding_prove: bitz::sumcheck::boundary: close time.busy=7.23µs time.idle=110ns
2026-10-07T19:22:15.883717Z  INFO falcon_algebraic:prove:falcon_algebraic:arithmetic:falcon_algebraic:binding:inner_packed:prepare_tail: bitz::sumcheck::inner::packed::state: close time.busy=41.6ms time.idle=251ns
2026-10-07T19:22:15.883747Z  INFO falcon_algebraic:prove:falcon_algebraic:arithmetic:falcon_algebraic:binding:spartan:round_grinding_prove:spartan:grinding{bits=13}: bitz::piop::spartan::grinding: close time.busy=25.1µs time.idle=141ns
2026-10-07T19:22:15.883749Z  INFO falcon_algebraic:prove:falcon_algebraic:arithmetic:falcon_algebraic:binding:spartan:round_grinding_prove: bitz::sumcheck::boundary: close time.busy=27.8µs time.idle=130ns
2026-10-07T19:22:15.907809Z  INFO falcon_algebraic:prove:falcon_algebraic:arithmetic:falcon_algebraic:binding:inner_packed:fold_tail{round=3}: bitz::sumcheck::inner::packed::state: close time.busy=24.1ms time.idle=141ns
2026-10-07T19:22:15.907815Z  INFO falcon_algebraic:prove:falcon_algebraic:arithmetic:falcon_algebraic:binding:spartan:round_grinding_prove:spartan:grinding{bits=13}: bitz::piop::spartan::grinding: close time.busy=2.38µs time.idle=141ns
2026-10-07T19:22:15.907817Z  INFO falcon_algebraic:prove:falcon_algebraic:arithmetic:falcon_algebraic:binding:spartan:round_grinding_prove: bitz::sumcheck::boundary: close time.busy=5.41µs time.idle=231ns
2026-10-07T19:22:15.917662Z  INFO falcon_algebraic:prove:falcon_algebraic:arithmetic:falcon_algebraic:binding:inner_packed:fold_tail{round=4}: bitz::sumcheck::inner::packed::state: close time.busy=9.84ms time.idle=171ns
2026-10-07T19:22:15.917692Z  INFO falcon_algebraic:prove:falcon_algebraic:arithmetic:falcon_algebraic:binding:spartan:round_grinding_prove:spartan:grinding{bits=13}: bitz::piop::spartan::grinding: close time.busy=26.2µs time.idle=120ns
2026-10-07T19:22:15.917693Z  INFO falcon_algebraic:prove:falcon_algebraic:arithmetic:falcon_algebraic:binding:spartan:round_grinding_prove: bitz::sumcheck::boundary: close time.busy=28.7µs time.idle=100ns
2026-10-07T19:22:15.922604Z  INFO falcon_algebraic:prove:falcon_algebraic:arithmetic:falcon_algebraic:binding:inner_packed:fold_tail{round=5}: bitz::sumcheck::inner::packed::state: close time.busy=4.91ms time.idle=120ns
2026-10-07T19:22:15.922632Z  INFO falcon_algebraic:prove:falcon_algebraic:arithmetic:falcon_algebraic:binding:spartan:round_grinding_prove:spartan:grinding{bits=13}: bitz::piop::spartan::grinding: close time.busy=25.0µs time.idle=131ns
2026-10-07T19:22:15.922633Z  INFO falcon_algebraic:prove:falcon_algebraic:arithmetic:falcon_algebraic:binding:spartan:round_grinding_prove: bitz::sumcheck::boundary: close time.busy=27.4µs time.idle=110ns
2026-10-07T19:22:15.926006Z  INFO falcon_algebraic:prove:falcon_algebraic:arithmetic:falcon_algebraic:binding:inner_packed:fold_tail{round=6}: bitz::sumcheck::inner::packed::state: close time.busy=3.37ms time.idle=120ns
2026-10-07T19:22:15.926076Z  INFO falcon_algebraic:prove:falcon_algebraic:arithmetic:falcon_algebraic:binding:spartan:round_grinding_prove:spartan:grinding{bits=13}: bitz::piop::spartan::grinding: close time.busy=66.3µs time.idle=120ns
2026-10-07T19:22:15.926077Z  INFO falcon_algebraic:prove:falcon_algebraic:arithmetic:falcon_algebraic:binding:spartan:round_grinding_prove: bitz::sumcheck::boundary: close time.busy=68.5µs time.idle=90.0ns
2026-10-07T19:22:15.927343Z  INFO falcon_algebraic:prove:falcon_algebraic:arithmetic:falcon_algebraic:binding:inner_packed:fold_tail{round=7}: bitz::sumcheck::inner::packed::state: close time.busy=1.26ms time.idle=110ns
2026-10-07T19:22:15.927366Z  INFO falcon_algebraic:prove:falcon_algebraic:arithmetic:falcon_algebraic:binding:spartan:round_grinding_prove:spartan:grinding{bits=13}: bitz::piop::spartan::grinding: close time.busy=20.2µs time.idle=111ns
2026-10-07T19:22:15.927367Z  INFO falcon_algebraic:prove:falcon_algebraic:arithmetic:falcon_algebraic:binding:spartan:round_grinding_prove: bitz::sumcheck::boundary: close time.busy=22.4µs time.idle=120ns
2026-10-07T19:22:15.928015Z  INFO falcon_algebraic:prove:falcon_algebraic:arithmetic:falcon_algebraic:binding:inner_packed:fold_tail{round=8}: bitz::sumcheck::inner::packed::state: close time.busy=646µs time.idle=121ns
2026-10-07T19:22:15.928060Z  INFO falcon_algebraic:prove:falcon_algebraic:arithmetic:falcon_algebraic:binding:spartan:round_grinding_prove:spartan:grinding{bits=13}: bitz::piop::spartan::grinding: close time.busy=42.2µs time.idle=110ns
2026-10-07T19:22:15.928061Z  INFO falcon_algebraic:prove:falcon_algebraic:arithmetic:falcon_algebraic:binding:spartan:round_grinding_prove: bitz::sumcheck::boundary: close time.busy=44.3µs time.idle=90.0ns
2026-10-07T19:22:15.928393Z  INFO falcon_algebraic:prove:falcon_algebraic:arithmetic:falcon_algebraic:binding:inner_packed:fold_tail{round=9}: bitz::sumcheck::inner::packed::state: close time.busy=330µs time.idle=110ns
2026-10-07T19:22:15.928413Z  INFO falcon_algebraic:prove:falcon_algebraic:arithmetic:falcon_algebraic:binding:spartan:round_grinding_prove:spartan:grinding{bits=13}: bitz::piop::spartan::grinding: close time.busy=17.4µs time.idle=120ns
2026-10-07T19:22:15.928414Z  INFO falcon_algebraic:prove:falcon_algebraic:arithmetic:falcon_algebraic:binding:spartan:round_grinding_prove: bitz::sumcheck::boundary: close time.busy=19.4µs time.idle=110ns
2026-10-07T19:22:15.928585Z  INFO falcon_algebraic:prove:falcon_algebraic:arithmetic:falcon_algebraic:binding:inner_packed:fold_tail{round=10}: bitz::sumcheck::inner::packed::state: close time.busy=168µs time.idle=110ns
2026-10-07T19:22:15.928620Z  INFO falcon_algebraic:prove:falcon_algebraic:arithmetic:falcon_algebraic:binding:spartan:round_grinding_prove:spartan:grinding{bits=13}: bitz::piop::spartan::grinding: close time.busy=32.9µs time.idle=120ns
2026-10-07T19:22:15.928621Z  INFO falcon_algebraic:prove:falcon_algebraic:arithmetic:falcon_algebraic:binding:spartan:round_grinding_prove: bitz::sumcheck::boundary: close time.busy=34.9µs time.idle=90.0ns
2026-10-07T19:22:15.928711Z  INFO falcon_algebraic:prove:falcon_algebraic:arithmetic:falcon_algebraic:binding:inner_packed:fold_tail{round=11}: bitz::sumcheck::inner::packed::state: close time.busy=87.3µs time.idle=110ns
2026-10-07T19:22:15.928736Z  INFO falcon_algebraic:prove:falcon_algebraic:arithmetic:falcon_algebraic:binding:spartan:round_grinding_prove:spartan:grinding{bits=13}: bitz::piop::spartan::grinding: close time.busy=23.1µs time.idle=120ns
2026-10-07T19:22:15.928737Z  INFO falcon_algebraic:prove:falcon_algebraic:arithmetic:falcon_algebraic:binding:spartan:round_grinding_prove: bitz::sumcheck::boundary: close time.busy=25.1µs time.idle=121ns
2026-10-07T19:22:15.928784Z  INFO falcon_algebraic:prove:falcon_algebraic:arithmetic:falcon_algebraic:binding:inner_packed:fold_tail{round=12}: bitz::sumcheck::inner::packed::state: close time.busy=44.6µs time.idle=120ns
2026-10-07T19:22:15.928794Z  INFO falcon_algebraic:prove:falcon_algebraic:arithmetic:falcon_algebraic:binding:spartan:round_grinding_prove:spartan:grinding{bits=13}: bitz::piop::spartan::grinding: close time.busy=7.57µs time.idle=120ns
2026-10-07T19:22:15.928795Z  INFO falcon_algebraic:prove:falcon_algebraic:arithmetic:falcon_algebraic:binding:spartan:round_grinding_prove: bitz::sumcheck::boundary: close time.busy=9.73µs time.idle=100ns
2026-10-07T19:22:15.928820Z  INFO falcon_algebraic:prove:falcon_algebraic:arithmetic:falcon_algebraic:binding:inner_packed:fold_tail{round=13}: bitz::sumcheck::inner::packed::state: close time.busy=22.6µs time.idle=110ns
2026-10-07T19:22:15.928846Z  INFO falcon_algebraic:prove:falcon_algebraic:arithmetic:falcon_algebraic:binding:spartan:round_grinding_prove:spartan:grinding{bits=13}: bitz::piop::spartan::grinding: close time.busy=23.4µs time.idle=121ns
2026-10-07T19:22:15.928848Z  INFO falcon_algebraic:prove:falcon_algebraic:arithmetic:falcon_algebraic:binding:spartan:round_grinding_prove: bitz::sumcheck::boundary: close time.busy=25.4µs time.idle=110ns
2026-10-07T19:22:15.928861Z  INFO falcon_algebraic:prove:falcon_algebraic:arithmetic:falcon_algebraic:binding:inner_packed:fold_tail{round=14}: bitz::sumcheck::inner::packed::state: close time.busy=11.4µs time.idle=111ns
2026-10-07T19:22:15.928970Z  INFO falcon_algebraic:prove:falcon_algebraic:arithmetic:falcon_algebraic:binding:spartan:round_grinding_prove:spartan:grinding{bits=13}: bitz::piop::spartan::grinding: close time.busy=106µs time.idle=131ns
2026-10-07T19:22:15.928971Z  INFO falcon_algebraic:prove:falcon_algebraic:arithmetic:falcon_algebraic:binding:spartan:round_grinding_prove: bitz::sumcheck::boundary: close time.busy=109µs time.idle=90.0ns
2026-10-07T19:22:15.928979Z  INFO falcon_algebraic:prove:falcon_algebraic:arithmetic:falcon_algebraic:binding:inner_packed:fold_tail{round=15}: bitz::sumcheck::inner::packed::state: close time.busy=5.45µs time.idle=120ns
2026-10-07T19:22:15.929067Z  INFO falcon_algebraic:prove:falcon_algebraic:arithmetic:falcon_algebraic:binding:spartan:round_grinding_prove:spartan:grinding{bits=13}: bitz::piop::spartan::grinding: close time.busy=85.7µs time.idle=130ns
2026-10-07T19:22:15.929068Z  INFO falcon_algebraic:prove:falcon_algebraic:arithmetic:falcon_algebraic:binding:spartan:round_grinding_prove: bitz::sumcheck::boundary: close time.busy=88.0µs time.idle=110ns
2026-10-07T19:22:15.929074Z  INFO falcon_algebraic:prove:falcon_algebraic:arithmetic:falcon_algebraic:binding:inner_packed:fold_tail{round=16}: bitz::sumcheck::inner::packed::state: close time.busy=2.69µs time.idle=110ns
2026-10-07T19:22:15.929085Z  INFO falcon_algebraic:prove:falcon_algebraic:arithmetic:falcon_algebraic:binding:spartan:round_grinding_prove:spartan:grinding{bits=13}: bitz::piop::spartan::grinding: close time.busy=8.37µs time.idle=131ns
2026-10-07T19:22:15.929086Z  INFO falcon_algebraic:prove:falcon_algebraic:arithmetic:falcon_algebraic:binding:spartan:round_grinding_prove: bitz::sumcheck::boundary: close time.busy=10.6µs time.idle=90.0ns
2026-10-07T19:22:15.929090Z  INFO falcon_algebraic:prove:falcon_algebraic:arithmetic:falcon_algebraic:binding:inner_packed:fold_tail{round=17}: bitz::sumcheck::inner::packed::state: close time.busy=1.39µs time.idle=120ns
2026-10-07T19:22:15.929175Z  INFO falcon_algebraic:prove:falcon_algebraic:arithmetic:falcon_algebraic:binding:spartan:round_grinding_prove:spartan:grinding{bits=13}: bitz::piop::spartan::grinding: close time.busy=82.4µs time.idle=120ns
2026-10-07T19:22:15.929176Z  INFO falcon_algebraic:prove:falcon_algebraic:arithmetic:falcon_algebraic:binding:spartan:round_grinding_prove: bitz::sumcheck::boundary: close time.busy=84.5µs time.idle=120ns
2026-10-07T19:22:15.929179Z  INFO falcon_algebraic:prove:falcon_algebraic:arithmetic:falcon_algebraic:binding:inner_packed:fold_tail{round=18}: bitz::sumcheck::inner::packed::state: close time.busy=751ns time.idle=120ns
2026-10-07T19:22:15.929230Z  INFO falcon_algebraic:prove:falcon_algebraic:arithmetic:falcon_algebraic:binding:spartan:round_grinding_prove:spartan:grinding{bits=13}: bitz::piop::spartan::grinding: close time.busy=49.0µs time.idle=110ns
2026-10-07T19:22:15.929232Z  INFO falcon_algebraic:prove:falcon_algebraic:arithmetic:falcon_algebraic:binding:spartan:round_grinding_prove: bitz::sumcheck::boundary: close time.busy=51.1µs time.idle=100ns
2026-10-07T19:22:15.929234Z  INFO falcon_algebraic:prove:falcon_algebraic:arithmetic:falcon_algebraic:binding:inner_packed:fold_tail{round=19}: bitz::sumcheck::inner::packed::state: close time.busy=431ns time.idle=120ns
2026-10-07T19:22:15.929291Z  INFO falcon_algebraic:prove:falcon_algebraic:arithmetic:falcon_algebraic:binding:spartan:round_grinding_prove:spartan:grinding{bits=13}: bitz::piop::spartan::grinding: close time.busy=53.6µs time.idle=120ns
2026-10-07T19:22:15.929292Z  INFO falcon_algebraic:prove:falcon_algebraic:arithmetic:falcon_algebraic:binding:spartan:round_grinding_prove: bitz::sumcheck::boundary: close time.busy=55.9µs time.idle=110ns
2026-10-07T19:22:15.929294Z  INFO falcon_algebraic:prove:falcon_algebraic:arithmetic:falcon_algebraic:binding:inner_packed:fold_tail{round=20}: bitz::sumcheck::inner::packed::state: close time.busy=271ns time.idle=120ns
2026-10-07T19:22:15.929316Z  INFO falcon_algebraic:prove:falcon_algebraic:arithmetic:falcon_algebraic:binding:spartan:round_grinding_prove:spartan:grinding{bits=13}: bitz::piop::spartan::grinding: close time.busy=19.1µs time.idle=121ns
2026-10-07T19:22:15.929317Z  INFO falcon_algebraic:prove:falcon_algebraic:arithmetic:falcon_algebraic:binding:spartan:round_grinding_prove: bitz::sumcheck::boundary: close time.busy=21.1µs time.idle=90.0ns
2026-10-07T19:22:15.929319Z  INFO falcon_algebraic:prove:falcon_algebraic:arithmetic:falcon_algebraic:binding:inner_packed:fold_tail{round=21}: bitz::sumcheck::inner::packed::state: close time.busy=180ns time.idle=110ns
2026-10-07T19:22:15.929327Z  INFO falcon_algebraic:prove:falcon_algebraic:arithmetic:falcon_algebraic:binding:spartan:round_grinding_prove:spartan:grinding{bits=13}: bitz::piop::spartan::grinding: close time.busy=4.95µs time.idle=110ns
2026-10-07T19:22:15.929328Z  INFO falcon_algebraic:prove:falcon_algebraic:arithmetic:falcon_algebraic:binding:spartan:round_grinding_prove: bitz::sumcheck::boundary: close time.busy=7.00µs time.idle=111ns
2026-10-07T19:22:15.929331Z  INFO falcon_algebraic:prove:falcon_algebraic:arithmetic:falcon_algebraic:binding:inner_packed:fold_tail{round=22}: bitz::sumcheck::inner::packed::state: close time.busy=110ns time.idle=121ns
2026-10-07T19:22:15.929346Z  INFO falcon_algebraic:prove:falcon_algebraic:arithmetic:falcon_algebraic:binding:spartan:round_grinding_prove:spartan:grinding{bits=13}: bitz::piop::spartan::grinding: close time.busy=13.0µs time.idle=111ns
2026-10-07T19:22:15.929348Z  INFO falcon_algebraic:prove:falcon_algebraic:arithmetic:falcon_algebraic:binding:spartan:round_grinding_prove: bitz::sumcheck::boundary: close time.busy=15.0µs time.idle=100ns
2026-10-07T19:22:15.929350Z  INFO falcon_algebraic:prove:falcon_algebraic:arithmetic:falcon_algebraic:binding:inner_packed:fold_tail{round=23}: bitz::sumcheck::inner::packed::state: close time.busy=321ns time.idle=110ns
2026-10-07T19:22:15.936143Z  INFO falcon_algebraic:prove:falcon_algebraic:arithmetic:falcon_algebraic:binding: bitz::piop::spartan::falcon512_algebraic::arithmetic: close time.busy=140ms time.idle=151ns
2026-10-07T19:22:15.936145Z  INFO falcon_algebraic:prove:falcon_algebraic:arithmetic: bitz::piop::spartan::falcon512_algebraic::protocol: close time.busy=192ms time.idle=170ns
2026-10-07T19:22:15.938697Z  INFO falcon_algebraic:prove:falcon_algebraic:bitz:falcon_bridge:integer_folds: bitz::hybrid::integer_bridge: close time.busy=2.51ms time.idle=150ns
2026-10-07T19:22:15.939744Z  INFO falcon_algebraic:prove:falcon_algebraic:bitz:falcon_bridge:column_packing: bitz::hybrid::integer_bridge: close time.busy=856µs time.idle=150ns
2026-10-07T19:22:15.940120Z  INFO falcon_algebraic:prove:falcon_algebraic:bitz:falcon_bridge:power_tables: bitz::hybrid::integer_bridge: close time.busy=374µs time.idle=141ns
2026-10-07T19:22:15.940137Z  INFO falcon_algebraic:prove:falcon_algebraic:bitz:spartan:grinding{bits=14}: bitz::piop::spartan::grinding: close time.busy=14.6µs time.idle=120ns
2026-10-07T19:22:15.948501Z  INFO falcon_algebraic:prove:falcon_algebraic:bitz:falcon_bridge:wfbitz_forest:spartan:grinding{bits=14}: bitz::piop::spartan::grinding: close time.busy=137µs time.idle=170ns
2026-10-07T19:22:15.948682Z  INFO falcon_algebraic:prove:falcon_algebraic:bitz:falcon_bridge:wfbitz_forest:spartan:grinding{bits=14}: bitz::piop::spartan::grinding: close time.busy=169µs time.idle=111ns
2026-10-07T19:22:15.948699Z  INFO falcon_algebraic:prove:falcon_algebraic:bitz:falcon_bridge:wfbitz_forest:spartan:grinding{bits=14}: bitz::piop::spartan::grinding: close time.busy=10.3µs time.idle=110ns
2026-10-07T19:22:15.948716Z  INFO falcon_algebraic:prove:falcon_algebraic:bitz:falcon_bridge:wfbitz_forest:spartan:grinding{bits=14}: bitz::piop::spartan::grinding: close time.busy=13.7µs time.idle=110ns
2026-10-07T19:22:15.948801Z  INFO falcon_algebraic:prove:falcon_algebraic:bitz:falcon_bridge:wfbitz_forest:spartan:grinding{bits=14}: bitz::piop::spartan::grinding: close time.busy=81.7µs time.idle=100ns
2026-10-07T19:22:15.948815Z  INFO falcon_algebraic:prove:falcon_algebraic:bitz:falcon_bridge:wfbitz_forest:spartan:grinding{bits=14}: bitz::piop::spartan::grinding: close time.busy=10.7µs time.idle=110ns
2026-10-07T19:22:15.948886Z  INFO falcon_algebraic:prove:falcon_algebraic:bitz:falcon_bridge:wfbitz_forest:spartan:grinding{bits=14}: bitz::piop::spartan::grinding: close time.busy=67.7µs time.idle=111ns
2026-10-07T19:22:15.948897Z  INFO falcon_algebraic:prove:falcon_algebraic:bitz:falcon_bridge:wfbitz_forest:spartan:grinding{bits=14}: bitz::piop::spartan::grinding: close time.busy=8.29µs time.idle=90.0ns
2026-10-07T19:22:15.948924Z  INFO falcon_algebraic:prove:falcon_algebraic:bitz:falcon_bridge:wfbitz_forest:spartan:grinding{bits=14}: bitz::piop::spartan::grinding: close time.busy=24.2µs time.idle=111ns
2026-10-07T19:22:15.948940Z  INFO falcon_algebraic:prove:falcon_algebraic:bitz:falcon_bridge:wfbitz_forest:spartan:grinding{bits=14}: bitz::piop::spartan::grinding: close time.busy=13.9µs time.idle=110ns
2026-10-07T19:22:15.949002Z  INFO falcon_algebraic:prove:falcon_algebraic:bitz:falcon_bridge:wfbitz_forest:spartan:grinding{bits=14}: bitz::piop::spartan::grinding: close time.busy=58.9µs time.idle=110ns
2026-10-07T19:22:15.949139Z  INFO falcon_algebraic:prove:falcon_algebraic:bitz:falcon_bridge:wfbitz_forest:spartan:grinding{bits=14}: bitz::piop::spartan::grinding: close time.busy=134µs time.idle=240ns
2026-10-07T19:22:15.949165Z  INFO falcon_algebraic:prove:falcon_algebraic:bitz:falcon_bridge:wfbitz_forest:spartan:grinding{bits=14}: bitz::piop::spartan::grinding: close time.busy=23.1µs time.idle=110ns
2026-10-07T19:22:15.949202Z  INFO falcon_algebraic:prove:falcon_algebraic:bitz:falcon_bridge:wfbitz_forest:spartan:grinding{bits=14}: bitz::piop::spartan::grinding: close time.busy=19.4µs time.idle=110ns
2026-10-07T19:22:15.949287Z  INFO falcon_algebraic:prove:falcon_algebraic:bitz:falcon_bridge:wfbitz_forest:spartan:grinding{bits=14}: bitz::piop::spartan::grinding: close time.busy=74.9µs time.idle=110ns
2026-10-07T19:22:15.949321Z  INFO falcon_algebraic:prove:falcon_algebraic:bitz:falcon_bridge:wfbitz_forest:spartan:grinding{bits=14}: bitz::piop::spartan::grinding: close time.busy=25.6µs time.idle=121ns
2026-10-07T19:22:15.949358Z  INFO falcon_algebraic:prove:falcon_algebraic:bitz:falcon_bridge:wfbitz_forest:spartan:grinding{bits=14}: bitz::piop::spartan::grinding: close time.busy=31.8µs time.idle=90.0ns
2026-10-07T19:22:15.949426Z  INFO falcon_algebraic:prove:falcon_algebraic:bitz:falcon_bridge:wfbitz_forest:spartan:grinding{bits=14}: bitz::piop::spartan::grinding: close time.busy=64.3µs time.idle=100ns
2026-10-07T19:22:15.949462Z  INFO falcon_algebraic:prove:falcon_algebraic:bitz:falcon_bridge:wfbitz_forest:spartan:grinding{bits=14}: bitz::piop::spartan::grinding: close time.busy=32.3µs time.idle=110ns
2026-10-07T19:22:15.949525Z  INFO falcon_algebraic:prove:falcon_algebraic:bitz:falcon_bridge:wfbitz_forest:spartan:grinding{bits=14}: bitz::piop::spartan::grinding: close time.busy=60.4µs time.idle=110ns
2026-10-07T19:22:15.949611Z  INFO falcon_algebraic:prove:falcon_algebraic:bitz:falcon_bridge:wfbitz_forest:spartan:grinding{bits=14}: bitz::piop::spartan::grinding: close time.busy=82.7µs time.idle=90.0ns
2026-10-07T19:22:15.949727Z  INFO falcon_algebraic:prove:falcon_algebraic:bitz:falcon_bridge:wfbitz_forest:spartan:grinding{bits=14}: bitz::piop::spartan::grinding: close time.busy=113µs time.idle=110ns
2026-10-07T19:22:15.949751Z  INFO falcon_algebraic:prove:falcon_algebraic:bitz:falcon_bridge:wfbitz_forest:spartan:grinding{bits=14}: bitz::piop::spartan::grinding: close time.busy=20.3µs time.idle=110ns
2026-10-07T19:22:15.949782Z  INFO falcon_algebraic:prove:falcon_algebraic:bitz:falcon_bridge:wfbitz_forest:spartan:grinding{bits=14}: bitz::piop::spartan::grinding: close time.busy=28.8µs time.idle=110ns
2026-10-07T19:22:15.949792Z  INFO falcon_algebraic:prove:falcon_algebraic:bitz:falcon_bridge:wfbitz_forest:spartan:grinding{bits=14}: bitz::piop::spartan::grinding: close time.busy=7.47µs time.idle=110ns
2026-10-07T19:22:15.950099Z  INFO falcon_algebraic:prove:falcon_algebraic:bitz:falcon_bridge:wfbitz_forest:spartan:grinding{bits=14}: bitz::piop::spartan::grinding: close time.busy=304µs time.idle=100ns
2026-10-07T19:22:15.950116Z  INFO falcon_algebraic:prove:falcon_algebraic:bitz:falcon_bridge:wfbitz_forest:spartan:grinding{bits=14}: bitz::piop::spartan::grinding: close time.busy=14.6µs time.idle=111ns
2026-10-07T19:22:15.950358Z  INFO falcon_algebraic:prove:falcon_algebraic:bitz:falcon_bridge:wfbitz_forest:spartan:grinding{bits=14}: bitz::piop::spartan::grinding: close time.busy=218µs time.idle=110ns
2026-10-07T19:22:15.950384Z  INFO falcon_algebraic:prove:falcon_algebraic:bitz:falcon_bridge:wfbitz_forest:spartan:grinding{bits=14}: bitz::piop::spartan::grinding: close time.busy=4.24µs time.idle=100ns
2026-10-07T19:22:15.950444Z  INFO falcon_algebraic:prove:falcon_algebraic:bitz:falcon_bridge:wfbitz_forest:spartan:grinding{bits=14}: bitz::piop::spartan::grinding: close time.busy=52.3µs time.idle=110ns
2026-10-07T19:22:15.950631Z  INFO falcon_algebraic:prove:falcon_algebraic:bitz:falcon_bridge:wfbitz_forest:spartan:grinding{bits=14}: bitz::piop::spartan::grinding: close time.busy=171µs time.idle=101ns
2026-10-07T19:22:15.950689Z  INFO falcon_algebraic:prove:falcon_algebraic:bitz:falcon_bridge:wfbitz_forest:spartan:grinding{bits=14}: bitz::piop::spartan::grinding: close time.busy=52.6µs time.idle=101ns
2026-10-07T19:22:15.950764Z  INFO falcon_algebraic:prove:falcon_algebraic:bitz:falcon_bridge:wfbitz_forest:spartan:grinding{bits=14}: bitz::piop::spartan::grinding: close time.busy=69.9µs time.idle=110ns
2026-10-07T19:22:15.950804Z  INFO falcon_algebraic:prove:falcon_algebraic:bitz:falcon_bridge:wfbitz_forest:spartan:grinding{bits=14}: bitz::piop::spartan::grinding: close time.busy=36.7µs time.idle=110ns
2026-10-07T19:22:15.950856Z  INFO falcon_algebraic:prove:falcon_algebraic:bitz:falcon_bridge:wfbitz_forest:spartan:grinding{bits=14}: bitz::piop::spartan::grinding: close time.busy=49.3µs time.idle=110ns
2026-10-07T19:22:15.950870Z  INFO falcon_algebraic:prove:falcon_algebraic:bitz:falcon_bridge:wfbitz_forest:spartan:grinding{bits=14}: bitz::piop::spartan::grinding: close time.busy=10.5µs time.idle=111ns
2026-10-07T19:22:15.950881Z  INFO falcon_algebraic:prove:falcon_algebraic:bitz:falcon_bridge:wfbitz_forest:spartan:grinding{bits=14}: bitz::piop::spartan::grinding: close time.busy=8.51µs time.idle=110ns
2026-10-07T19:22:15.951146Z  INFO falcon_algebraic:prove:falcon_algebraic:bitz:falcon_bridge:wfbitz_forest:spartan:grinding{bits=14}: bitz::piop::spartan::grinding: close time.busy=262µs time.idle=121ns
2026-10-07T19:22:15.951224Z  INFO falcon_algebraic:prove:falcon_algebraic:bitz:falcon_bridge:wfbitz_forest:spartan:grinding{bits=14}: bitz::piop::spartan::grinding: close time.busy=75.1µs time.idle=100ns
2026-10-07T19:22:15.951276Z  INFO falcon_algebraic:prove:falcon_algebraic:bitz:falcon_bridge:wfbitz_forest:spartan:grinding{bits=14}: bitz::piop::spartan::grinding: close time.busy=49.3µs time.idle=110ns
2026-10-07T19:22:15.951307Z  INFO falcon_algebraic:prove:falcon_algebraic:bitz:falcon_bridge:wfbitz_forest:spartan:grinding{bits=14}: bitz::piop::spartan::grinding: close time.busy=27.7µs time.idle=110ns
2026-10-07T19:22:15.951352Z  INFO falcon_algebraic:prove:falcon_algebraic:bitz:falcon_bridge:wfbitz_forest:spartan:grinding{bits=14}: bitz::piop::spartan::grinding: close time.busy=42.6µs time.idle=111ns
2026-10-07T19:22:15.951708Z  INFO falcon_algebraic:prove:falcon_algebraic:bitz:falcon_bridge:wfbitz_forest:spartan:grinding{bits=14}: bitz::piop::spartan::grinding: close time.busy=319µs time.idle=110ns
2026-10-07T19:22:15.951762Z  INFO falcon_algebraic:prove:falcon_algebraic:bitz:falcon_bridge:wfbitz_forest:spartan:grinding{bits=14}: bitz::piop::spartan::grinding: close time.busy=17.2µs time.idle=110ns
2026-10-07T19:22:15.951799Z  INFO falcon_algebraic:prove:falcon_algebraic:bitz:falcon_bridge:wfbitz_forest:spartan:grinding{bits=14}: bitz::piop::spartan::grinding: close time.busy=20.1µs time.idle=110ns
2026-10-07T19:22:15.951943Z  INFO falcon_algebraic:prove:falcon_algebraic:bitz:falcon_bridge:wfbitz_forest:spartan:grinding{bits=14}: bitz::piop::spartan::grinding: close time.busy=136µs time.idle=110ns
2026-10-07T19:22:15.952042Z  INFO falcon_algebraic:prove:falcon_algebraic:bitz:falcon_bridge:wfbitz_forest:spartan:grinding{bits=14}: bitz::piop::spartan::grinding: close time.busy=83.9µs time.idle=120ns
2026-10-07T19:22:15.952067Z  INFO falcon_algebraic:prove:falcon_algebraic:bitz:falcon_bridge:wfbitz_forest:spartan:grinding{bits=14}: bitz::piop::spartan::grinding: close time.busy=15.9µs time.idle=100ns
2026-10-07T19:22:15.952221Z  INFO falcon_algebraic:prove:falcon_algebraic:bitz:falcon_bridge:wfbitz_forest:spartan:grinding{bits=14}: bitz::piop::spartan::grinding: close time.busy=151µs time.idle=101ns
2026-10-07T19:22:15.952258Z  INFO falcon_algebraic:prove:falcon_algebraic:bitz:falcon_bridge:wfbitz_forest:spartan:grinding{bits=14}: bitz::piop::spartan::grinding: close time.busy=33.6µs time.idle=120ns
2026-10-07T19:22:15.952289Z  INFO falcon_algebraic:prove:falcon_algebraic:bitz:falcon_bridge:wfbitz_forest:spartan:grinding{bits=14}: bitz::piop::spartan::grinding: close time.busy=27.5µs time.idle=110ns
2026-10-07T19:22:15.952329Z  INFO falcon_algebraic:prove:falcon_algebraic:bitz:falcon_bridge:wfbitz_forest:spartan:grinding{bits=14}: bitz::piop::spartan::grinding: close time.busy=36.9µs time.idle=121ns
2026-10-07T19:22:15.952350Z  INFO falcon_algebraic:prove:falcon_algebraic:bitz:falcon_bridge:wfbitz_forest:spartan:grinding{bits=14}: bitz::piop::spartan::grinding: close time.busy=19.2µs time.idle=110ns
2026-10-07T19:22:15.952395Z  INFO falcon_algebraic:prove:falcon_algebraic:bitz:falcon_bridge:wfbitz_forest:spartan:grinding{bits=14}: bitz::piop::spartan::grinding: close time.busy=42.0µs time.idle=110ns
2026-10-07T19:22:15.952406Z  INFO falcon_algebraic:prove:falcon_algebraic:bitz:falcon_bridge:wfbitz_forest:spartan:grinding{bits=14}: bitz::piop::spartan::grinding: close time.busy=7.79µs time.idle=110ns
2026-10-07T19:22:15.952462Z  INFO falcon_algebraic:prove:falcon_algebraic:bitz:falcon_bridge:wfbitz_forest:spartan:grinding{bits=14}: bitz::piop::spartan::grinding: close time.busy=53.4µs time.idle=110ns
2026-10-07T19:22:15.952528Z  INFO falcon_algebraic:prove:falcon_algebraic:bitz:falcon_bridge:wfbitz_forest:spartan:grinding{bits=14}: bitz::piop::spartan::grinding: close time.busy=62.9µs time.idle=110ns
2026-10-07T19:22:15.952636Z  INFO falcon_algebraic:prove:falcon_algebraic:bitz:falcon_bridge:wfbitz_forest:spartan:grinding{bits=14}: bitz::piop::spartan::grinding: close time.busy=106µs time.idle=110ns
2026-10-07T19:22:15.952826Z  INFO falcon_algebraic:prove:falcon_algebraic:bitz:falcon_bridge:wfbitz_forest:spartan:grinding{bits=14}: bitz::piop::spartan::grinding: close time.busy=126µs time.idle=110ns
2026-10-07T19:22:15.952899Z  INFO falcon_algebraic:prove:falcon_algebraic:bitz:falcon_bridge:wfbitz_forest:spartan:grinding{bits=14}: bitz::piop::spartan::grinding: close time.busy=7.82µs time.idle=111ns
2026-10-07T19:22:15.952966Z  INFO falcon_algebraic:prove:falcon_algebraic:bitz:falcon_bridge:wfbitz_forest:spartan:grinding{bits=14}: bitz::piop::spartan::grinding: close time.busy=38.8µs time.idle=101ns
2026-10-07T19:22:15.953112Z  INFO falcon_algebraic:prove:falcon_algebraic:bitz:falcon_bridge:wfbitz_forest:spartan:grinding{bits=14}: bitz::piop::spartan::grinding: close time.busy=129µs time.idle=110ns
2026-10-07T19:22:15.953183Z  INFO falcon_algebraic:prove:falcon_algebraic:bitz:falcon_bridge:wfbitz_forest:spartan:grinding{bits=14}: bitz::piop::spartan::grinding: close time.busy=62.5µs time.idle=110ns
2026-10-07T19:22:15.953389Z  INFO falcon_algebraic:prove:falcon_algebraic:bitz:falcon_bridge:wfbitz_forest:spartan:grinding{bits=14}: bitz::piop::spartan::grinding: close time.busy=189µs time.idle=100ns
2026-10-07T19:22:15.953453Z  INFO falcon_algebraic:prove:falcon_algebraic:bitz:falcon_bridge:wfbitz_forest:spartan:grinding{bits=14}: bitz::piop::spartan::grinding: close time.busy=58.0µs time.idle=110ns
2026-10-07T19:22:15.953548Z  INFO falcon_algebraic:prove:falcon_algebraic:bitz:falcon_bridge:wfbitz_forest:spartan:grinding{bits=14}: bitz::piop::spartan::grinding: close time.busy=90.6µs time.idle=110ns
2026-10-07T19:22:15.953585Z  INFO falcon_algebraic:prove:falcon_algebraic:bitz:falcon_bridge:wfbitz_forest:spartan:grinding{bits=14}: bitz::piop::spartan::grinding: close time.busy=33.7µs time.idle=100ns
2026-10-07T19:22:15.953681Z  INFO falcon_algebraic:prove:falcon_algebraic:bitz:falcon_bridge:wfbitz_forest:spartan:grinding{bits=14}: bitz::piop::spartan::grinding: close time.busy=93.0µs time.idle=110ns
2026-10-07T19:22:15.953735Z  INFO falcon_algebraic:prove:falcon_algebraic:bitz:falcon_bridge:wfbitz_forest:spartan:grinding{bits=14}: bitz::piop::spartan::grinding: close time.busy=50.6µs time.idle=120ns
2026-10-07T19:22:15.953756Z  INFO falcon_algebraic:prove:falcon_algebraic:bitz:falcon_bridge:wfbitz_forest:spartan:grinding{bits=14}: bitz::piop::spartan::grinding: close time.busy=18.7µs time.idle=111ns
2026-10-07T19:22:15.953770Z  INFO falcon_algebraic:prove:falcon_algebraic:bitz:falcon_bridge:wfbitz_forest:spartan:grinding{bits=14}: bitz::piop::spartan::grinding: close time.busy=10.5µs time.idle=111ns
2026-10-07T19:22:15.953841Z  INFO falcon_algebraic:prove:falcon_algebraic:bitz:falcon_bridge:wfbitz_forest:spartan:grinding{bits=14}: bitz::piop::spartan::grinding: close time.busy=67.8µs time.idle=100ns
2026-10-07T19:22:15.953931Z  INFO falcon_algebraic:prove:falcon_algebraic:bitz:falcon_bridge:wfbitz_forest:spartan:grinding{bits=14}: bitz::piop::spartan::grinding: close time.busy=87.2µs time.idle=110ns
2026-10-07T19:22:15.953986Z  INFO falcon_algebraic:prove:falcon_algebraic:bitz:falcon_bridge:wfbitz_forest:spartan:grinding{bits=14}: bitz::piop::spartan::grinding: close time.busy=52.8µs time.idle=120ns
2026-10-07T19:22:15.954009Z  INFO falcon_algebraic:prove:falcon_algebraic:bitz:falcon_bridge:wfbitz_forest:spartan:grinding{bits=14}: bitz::piop::spartan::grinding: close time.busy=19.7µs time.idle=110ns
2026-10-07T19:22:15.954168Z  INFO falcon_algebraic:prove:falcon_algebraic:bitz:falcon_bridge:wfbitz_forest:spartan:grinding{bits=14}: bitz::piop::spartan::grinding: close time.busy=44.9µs time.idle=110ns
2026-10-07T19:22:15.954299Z  INFO falcon_algebraic:prove:falcon_algebraic:bitz:falcon_bridge:wfbitz_forest:spartan:grinding{bits=14}: bitz::piop::spartan::grinding: close time.busy=6.60µs time.idle=110ns
2026-10-07T19:22:15.954384Z  INFO falcon_algebraic:prove:falcon_algebraic:bitz:falcon_bridge:wfbitz_forest:spartan:grinding{bits=14}: bitz::piop::spartan::grinding: close time.busy=34.2µs time.idle=90.0ns
2026-10-07T19:22:15.954595Z  INFO falcon_algebraic:prove:falcon_algebraic:bitz:falcon_bridge:wfbitz_forest:spartan:grinding{bits=14}: bitz::piop::spartan::grinding: close time.busy=184µs time.idle=110ns
2026-10-07T19:22:15.954741Z  INFO falcon_algebraic:prove:falcon_algebraic:bitz:falcon_bridge:wfbitz_forest:spartan:grinding{bits=14}: bitz::piop::spartan::grinding: close time.busy=129µs time.idle=110ns
2026-10-07T19:22:15.954813Z  INFO falcon_algebraic:prove:falcon_algebraic:bitz:falcon_bridge:wfbitz_forest:spartan:grinding{bits=14}: bitz::piop::spartan::grinding: close time.busy=64.0µs time.idle=120ns
2026-10-07T19:22:15.955030Z  INFO falcon_algebraic:prove:falcon_algebraic:bitz:falcon_bridge:wfbitz_forest:spartan:grinding{bits=14}: bitz::piop::spartan::grinding: close time.busy=201µs time.idle=110ns
2026-10-07T19:22:15.955042Z  INFO falcon_algebraic:prove:falcon_algebraic:bitz:falcon_bridge:wfbitz_forest:spartan:grinding{bits=14}: bitz::piop::spartan::grinding: close time.busy=5.30µs time.idle=111ns
2026-10-07T19:22:15.955088Z  INFO falcon_algebraic:prove:falcon_algebraic:bitz:falcon_bridge:wfbitz_forest:spartan:grinding{bits=14}: bitz::piop::spartan::grinding: close time.busy=40.2µs time.idle=111ns
2026-10-07T19:22:15.955143Z  INFO falcon_algebraic:prove:falcon_algebraic:bitz:falcon_bridge:wfbitz_forest:spartan:grinding{bits=14}: bitz::piop::spartan::grinding: close time.busy=51.3µs time.idle=100ns
2026-10-07T19:22:15.955194Z  INFO falcon_algebraic:prove:falcon_algebraic:bitz:falcon_bridge:wfbitz_forest:spartan:grinding{bits=14}: bitz::piop::spartan::grinding: close time.busy=47.8µs time.idle=111ns
2026-10-07T19:22:15.955225Z  INFO falcon_algebraic:prove:falcon_algebraic:bitz:falcon_bridge:wfbitz_forest:spartan:grinding{bits=14}: bitz::piop::spartan::grinding: close time.busy=28.0µs time.idle=120ns
2026-10-07T19:22:15.955277Z  INFO falcon_algebraic:prove:falcon_algebraic:bitz:falcon_bridge:wfbitz_forest:spartan:grinding{bits=14}: bitz::piop::spartan::grinding: close time.busy=48.8µs time.idle=110ns
2026-10-07T19:22:15.955325Z  INFO falcon_algebraic:prove:falcon_algebraic:bitz:falcon_bridge:wfbitz_forest:spartan:grinding{bits=14}: bitz::piop::spartan::grinding: close time.busy=45.4µs time.idle=110ns
2026-10-07T19:22:15.955397Z  INFO falcon_algebraic:prove:falcon_algebraic:bitz:falcon_bridge:wfbitz_forest:spartan:grinding{bits=14}: bitz::piop::spartan::grinding: close time.busy=68.7µs time.idle=110ns
2026-10-07T19:22:15.955432Z  INFO falcon_algebraic:prove:falcon_algebraic:bitz:falcon_bridge:wfbitz_forest:spartan:grinding{bits=14}: bitz::piop::spartan::grinding: close time.busy=32.2µs time.idle=110ns
2026-10-07T19:22:15.955481Z  INFO falcon_algebraic:prove:falcon_algebraic:bitz:falcon_bridge:wfbitz_forest:spartan:grinding{bits=14}: bitz::piop::spartan::grinding: close time.busy=46.6µs time.idle=90.0ns
2026-10-07T19:22:15.955516Z  INFO falcon_algebraic:prove:falcon_algebraic:bitz:falcon_bridge:wfbitz_forest:spartan:grinding{bits=14}: bitz::piop::spartan::grinding: close time.busy=31.4µs time.idle=120ns
2026-10-07T19:22:15.955766Z  INFO falcon_algebraic:prove:falcon_algebraic:bitz:falcon_bridge:wfbitz_forest:spartan:grinding{bits=14}: bitz::piop::spartan::grinding: close time.busy=30.7µs time.idle=110ns
2026-10-07T19:22:15.956014Z  INFO falcon_algebraic:prove:falcon_algebraic:bitz:falcon_bridge:wfbitz_forest:spartan:grinding{bits=14}: bitz::piop::spartan::grinding: close time.busy=7.61µs time.idle=120ns
2026-10-07T19:22:15.956280Z  INFO falcon_algebraic:prove:falcon_algebraic:bitz:falcon_bridge:wfbitz_forest:spartan:grinding{bits=14}: bitz::piop::spartan::grinding: close time.busy=169µs time.idle=121ns
2026-10-07T19:22:15.956348Z  INFO falcon_algebraic:prove:falcon_algebraic:bitz:falcon_bridge:wfbitz_forest:spartan:grinding{bits=14}: bitz::piop::spartan::grinding: close time.busy=17.0µs time.idle=120ns
2026-10-07T19:22:15.956426Z  INFO falcon_algebraic:prove:falcon_algebraic:bitz:falcon_bridge:wfbitz_forest:spartan:grinding{bits=14}: bitz::piop::spartan::grinding: close time.busy=49.5µs time.idle=111ns
2026-10-07T19:22:15.956529Z  INFO falcon_algebraic:prove:falcon_algebraic:bitz:falcon_bridge:wfbitz_forest:spartan:grinding{bits=14}: bitz::piop::spartan::grinding: close time.busy=85.4µs time.idle=111ns
2026-10-07T19:22:15.956592Z  INFO falcon_algebraic:prove:falcon_algebraic:bitz:falcon_bridge:wfbitz_forest:spartan:grinding{bits=14}: bitz::piop::spartan::grinding: close time.busy=54.8µs time.idle=100ns
2026-10-07T19:22:15.956689Z  INFO falcon_algebraic:prove:falcon_algebraic:bitz:falcon_bridge:wfbitz_forest:spartan:grinding{bits=14}: bitz::piop::spartan::grinding: close time.busy=80.4µs time.idle=110ns
2026-10-07T19:22:15.956921Z  INFO falcon_algebraic:prove:falcon_algebraic:bitz:falcon_bridge:wfbitz_forest:spartan:grinding{bits=14}: bitz::piop::spartan::grinding: close time.busy=227µs time.idle=110ns
2026-10-07T19:22:15.957000Z  INFO falcon_algebraic:prove:falcon_algebraic:bitz:falcon_bridge:wfbitz_forest:spartan:grinding{bits=14}: bitz::piop::spartan::grinding: close time.busy=74.9µs time.idle=110ns
2026-10-07T19:22:15.957015Z  INFO falcon_algebraic:prove:falcon_algebraic:bitz:falcon_bridge:wfbitz_forest:spartan:grinding{bits=14}: bitz::piop::spartan::grinding: close time.busy=11.4µs time.idle=110ns
2026-10-07T19:22:15.957142Z  INFO falcon_algebraic:prove:falcon_algebraic:bitz:falcon_bridge:wfbitz_forest:spartan:grinding{bits=14}: bitz::piop::spartan::grinding: close time.busy=125µs time.idle=110ns
2026-10-07T19:22:15.957240Z  INFO falcon_algebraic:prove:falcon_algebraic:bitz:falcon_bridge:wfbitz_forest:spartan:grinding{bits=14}: bitz::piop::spartan::grinding: close time.busy=94.9µs time.idle=101ns
2026-10-07T19:22:15.957258Z  INFO falcon_algebraic:prove:falcon_algebraic:bitz:falcon_bridge:wfbitz_forest:spartan:grinding{bits=14}: bitz::piop::spartan::grinding: close time.busy=15.8µs time.idle=110ns
2026-10-07T19:22:15.957305Z  INFO falcon_algebraic:prove:falcon_algebraic:bitz:falcon_bridge:wfbitz_forest:spartan:grinding{bits=14}: bitz::piop::spartan::grinding: close time.busy=43.9µs time.idle=110ns
2026-10-07T19:22:15.957348Z  INFO falcon_algebraic:prove:falcon_algebraic:bitz:falcon_bridge:wfbitz_forest:spartan:grinding{bits=14}: bitz::piop::spartan::grinding: close time.busy=41.0µs time.idle=110ns
2026-10-07T19:22:15.957392Z  INFO falcon_algebraic:prove:falcon_algebraic:bitz:falcon_bridge:wfbitz_forest:spartan:grinding{bits=14}: bitz::piop::spartan::grinding: close time.busy=41.2µs time.idle=120ns
2026-10-07T19:22:15.957400Z  INFO falcon_algebraic:prove:falcon_algebraic:bitz:falcon_bridge:wfbitz_forest:spartan:grinding{bits=14}: bitz::piop::spartan::grinding: close time.busy=5.78µs time.idle=110ns
2026-10-07T19:22:15.957521Z  INFO falcon_algebraic:prove:falcon_algebraic:bitz:falcon_bridge:wfbitz_forest:spartan:grinding{bits=14}: bitz::piop::spartan::grinding: close time.busy=119µs time.idle=100ns
2026-10-07T19:22:15.957950Z  INFO falcon_algebraic:prove:falcon_algebraic:bitz:falcon_bridge:wfbitz_forest:spartan:grinding{bits=14}: bitz::piop::spartan::grinding: close time.busy=5.59µs time.idle=110ns
2026-10-07T19:22:15.958439Z  INFO falcon_algebraic:prove:falcon_algebraic:bitz:falcon_bridge:wfbitz_forest:spartan:grinding{bits=14}: bitz::piop::spartan::grinding: close time.busy=7.20µs time.idle=120ns
2026-10-07T19:22:15.958639Z  INFO falcon_algebraic:prove:falcon_algebraic:bitz:falcon_bridge:wfbitz_forest:spartan:grinding{bits=14}: bitz::piop::spartan::grinding: close time.busy=16.8µs time.idle=120ns
2026-10-07T19:22:15.958871Z  INFO falcon_algebraic:prove:falcon_algebraic:bitz:falcon_bridge:wfbitz_forest:spartan:grinding{bits=14}: bitz::piop::spartan::grinding: close time.busy=136µs time.idle=121ns
2026-10-07T19:22:15.959014Z  INFO falcon_algebraic:prove:falcon_algebraic:bitz:falcon_bridge:wfbitz_forest:spartan:grinding{bits=14}: bitz::piop::spartan::grinding: close time.busy=92.1µs time.idle=110ns
2026-10-07T19:22:15.959062Z  INFO falcon_algebraic:prove:falcon_algebraic:bitz:falcon_bridge:wfbitz_forest:spartan:grinding{bits=14}: bitz::piop::spartan::grinding: close time.busy=19.6µs time.idle=100ns
2026-10-07T19:22:15.959182Z  INFO falcon_algebraic:prove:falcon_algebraic:bitz:falcon_bridge:wfbitz_forest:spartan:grinding{bits=14}: bitz::piop::spartan::grinding: close time.busy=103µs time.idle=111ns
2026-10-07T19:22:15.959252Z  INFO falcon_algebraic:prove:falcon_algebraic:bitz:falcon_bridge:wfbitz_forest:spartan:grinding{bits=14}: bitz::piop::spartan::grinding: close time.busy=62.2µs time.idle=110ns
2026-10-07T19:22:15.959422Z  INFO falcon_algebraic:prove:falcon_algebraic:bitz:falcon_bridge:wfbitz_forest:spartan:grinding{bits=14}: bitz::piop::spartan::grinding: close time.busy=154µs time.idle=110ns
2026-10-07T19:22:15.959438Z  INFO falcon_algebraic:prove:falcon_algebraic:bitz:falcon_bridge:wfbitz_forest:spartan:grinding{bits=14}: bitz::piop::spartan::grinding: close time.busy=10.5µs time.idle=120ns
2026-10-07T19:22:15.959492Z  INFO falcon_algebraic:prove:falcon_algebraic:bitz:falcon_bridge:wfbitz_forest:spartan:grinding{bits=14}: bitz::piop::spartan::grinding: close time.busy=48.8µs time.idle=90.0ns
2026-10-07T19:22:15.959517Z  INFO falcon_algebraic:prove:falcon_algebraic:bitz:falcon_bridge:wfbitz_forest:spartan:grinding{bits=14}: bitz::piop::spartan::grinding: close time.busy=22.4µs time.idle=110ns
2026-10-07T19:22:15.959699Z  INFO falcon_algebraic:prove:falcon_algebraic:bitz:falcon_bridge:wfbitz_forest:spartan:grinding{bits=14}: bitz::piop::spartan::grinding: close time.busy=179µs time.idle=111ns
2026-10-07T19:22:15.959850Z  INFO falcon_algebraic:prove:falcon_algebraic:bitz:falcon_bridge:wfbitz_forest:spartan:grinding{bits=14}: bitz::piop::spartan::grinding: close time.busy=148µs time.idle=111ns
2026-10-07T19:22:15.959870Z  INFO falcon_algebraic:prove:falcon_algebraic:bitz:falcon_bridge:wfbitz_forest:spartan:grinding{bits=14}: bitz::piop::spartan::grinding: close time.busy=16.5µs time.idle=110ns
2026-10-07T19:22:15.959977Z  INFO falcon_algebraic:prove:falcon_algebraic:bitz:falcon_bridge:wfbitz_forest:spartan:grinding{bits=14}: bitz::piop::spartan::grinding: close time.busy=104µs time.idle=120ns
2026-10-07T19:22:15.960181Z  INFO falcon_algebraic:prove:falcon_algebraic:bitz:falcon_bridge:wfbitz_forest:spartan:grinding{bits=14}: bitz::piop::spartan::grinding: close time.busy=202µs time.idle=111ns
2026-10-07T19:22:15.960328Z  INFO falcon_algebraic:prove:falcon_algebraic:bitz:falcon_bridge:wfbitz_forest:spartan:grinding{bits=14}: bitz::piop::spartan::grinding: close time.busy=143µs time.idle=110ns
2026-10-07T19:22:15.960384Z  INFO falcon_algebraic:prove:falcon_algebraic:bitz:falcon_bridge:wfbitz_forest:spartan:grinding{bits=14}: bitz::piop::spartan::grinding: close time.busy=53.9µs time.idle=110ns
2026-10-07T19:22:15.960454Z  INFO falcon_algebraic:prove:falcon_algebraic:bitz:falcon_bridge:wfbitz_forest:spartan:grinding{bits=14}: bitz::piop::spartan::grinding: close time.busy=67.8µs time.idle=120ns
2026-10-07T19:22:15.963270Z  INFO falcon_algebraic:prove:falcon_algebraic:bitz:falcon_bridge:wfbitz_forest:spartan:grinding{bits=14}: bitz::piop::spartan::grinding: close time.busy=116µs time.idle=130ns
2026-10-07T19:22:15.964274Z  INFO falcon_algebraic:prove:falcon_algebraic:bitz:falcon_bridge:wfbitz_forest:spartan:grinding{bits=14}: bitz::piop::spartan::grinding: close time.busy=49.4µs time.idle=130ns
2026-10-07T19:22:15.964728Z  INFO falcon_algebraic:prove:falcon_algebraic:bitz:falcon_bridge:wfbitz_forest:spartan:grinding{bits=14}: bitz::piop::spartan::grinding: close time.busy=91.9µs time.idle=130ns
2026-10-07T19:22:15.965032Z  INFO falcon_algebraic:prove:falcon_algebraic:bitz:falcon_bridge:wfbitz_forest:spartan:grinding{bits=14}: bitz::piop::spartan::grinding: close time.busy=118µs time.idle=130ns
2026-10-07T19:22:15.965278Z  INFO falcon_algebraic:prove:falcon_algebraic:bitz:falcon_bridge:wfbitz_forest:spartan:grinding{bits=14}: bitz::piop::spartan::grinding: close time.busy=146µs time.idle=160ns
2026-10-07T19:22:15.965339Z  INFO falcon_algebraic:prove:falcon_algebraic:bitz:falcon_bridge:wfbitz_forest:spartan:grinding{bits=14}: bitz::piop::spartan::grinding: close time.busy=8.84µs time.idle=121ns
2026-10-07T19:22:15.965433Z  INFO falcon_algebraic:prove:falcon_algebraic:bitz:falcon_bridge:wfbitz_forest:spartan:grinding{bits=14}: bitz::piop::spartan::grinding: close time.busy=64.7µs time.idle=110ns
2026-10-07T19:22:15.965505Z  INFO falcon_algebraic:prove:falcon_algebraic:bitz:falcon_bridge:wfbitz_forest:spartan:grinding{bits=14}: bitz::piop::spartan::grinding: close time.busy=55.1µs time.idle=110ns
2026-10-07T19:22:15.965529Z  INFO falcon_algebraic:prove:falcon_algebraic:bitz:falcon_bridge:wfbitz_forest:spartan:grinding{bits=14}: bitz::piop::spartan::grinding: close time.busy=15.9µs time.idle=110ns
2026-10-07T19:22:15.965623Z  INFO falcon_algebraic:prove:falcon_algebraic:bitz:falcon_bridge:wfbitz_forest:spartan:grinding{bits=14}: bitz::piop::spartan::grinding: close time.busy=77.9µs time.idle=120ns
2026-10-07T19:22:15.965711Z  INFO falcon_algebraic:prove:falcon_algebraic:bitz:falcon_bridge:wfbitz_forest:spartan:grinding{bits=14}: bitz::piop::spartan::grinding: close time.busy=81.5µs time.idle=90.0ns
2026-10-07T19:22:15.965742Z  INFO falcon_algebraic:prove:falcon_algebraic:bitz:falcon_bridge:wfbitz_forest:spartan:grinding{bits=14}: bitz::piop::spartan::grinding: close time.busy=26.3µs time.idle=110ns
2026-10-07T19:22:15.965750Z  INFO falcon_algebraic:prove:falcon_algebraic:bitz:falcon_bridge:wfbitz_forest:spartan:grinding{bits=14}: bitz::piop::spartan::grinding: close time.busy=4.68µs time.idle=90.0ns
2026-10-07T19:22:15.965940Z  INFO falcon_algebraic:prove:falcon_algebraic:bitz:falcon_bridge:wfbitz_forest:spartan:grinding{bits=14}: bitz::piop::spartan::grinding: close time.busy=187µs time.idle=111ns
2026-10-07T19:22:15.965951Z  INFO falcon_algebraic:prove:falcon_algebraic:bitz:falcon_bridge:wfbitz_forest:spartan:grinding{bits=14}: bitz::piop::spartan::grinding: close time.busy=7.83µs time.idle=110ns
2026-10-07T19:22:15.965992Z  INFO falcon_algebraic:prove:falcon_algebraic:bitz:falcon_bridge:wfbitz_forest:spartan:grinding{bits=14}: bitz::piop::spartan::grinding: close time.busy=37.6µs time.idle=111ns
2026-10-07T19:22:15.966110Z  INFO falcon_algebraic:prove:falcon_algebraic:bitz:falcon_bridge:wfbitz_forest:spartan:grinding{bits=14}: bitz::piop::spartan::grinding: close time.busy=116µs time.idle=110ns
2026-10-07T19:22:15.966125Z  INFO falcon_algebraic:prove:falcon_algebraic:bitz:falcon_bridge:wfbitz_forest:spartan:grinding{bits=14}: bitz::piop::spartan::grinding: close time.busy=11.7µs time.idle=111ns
2026-10-07T19:22:15.966154Z  INFO falcon_algebraic:prove:falcon_algebraic:bitz:falcon_bridge:wfbitz_forest:spartan:grinding{bits=14}: bitz::piop::spartan::grinding: close time.busy=26.4µs time.idle=110ns
2026-10-07T19:22:15.966185Z  INFO falcon_algebraic:prove:falcon_algebraic:bitz:falcon_bridge:wfbitz_forest:spartan:grinding{bits=14}: bitz::piop::spartan::grinding: close time.busy=27.8µs time.idle=120ns
2026-10-07T19:22:15.966222Z  INFO falcon_algebraic:prove:falcon_algebraic:bitz:falcon_bridge:wfbitz_forest:spartan:grinding{bits=14}: bitz::piop::spartan::grinding: close time.busy=35.0µs time.idle=111ns
2026-10-07T19:22:15.968235Z  INFO falcon_algebraic:prove:falcon_algebraic:bitz:falcon_bridge:wfbitz_forest:spartan:grinding{bits=14}: bitz::piop::spartan::grinding: close time.busy=21.6µs time.idle=121ns
2026-10-07T19:22:15.970130Z  INFO falcon_algebraic:prove:falcon_algebraic:bitz:falcon_bridge:wfbitz_forest:spartan:grinding{bits=14}: bitz::piop::spartan::grinding: close time.busy=59.8µs time.idle=140ns
2026-10-07T19:22:15.970863Z  INFO falcon_algebraic:prove:falcon_algebraic:bitz:falcon_bridge:wfbitz_forest:spartan:grinding{bits=14}: bitz::piop::spartan::grinding: close time.busy=16.8µs time.idle=120ns
2026-10-07T19:22:15.971415Z  INFO falcon_algebraic:prove:falcon_algebraic:bitz:falcon_bridge:wfbitz_forest:spartan:grinding{bits=14}: bitz::piop::spartan::grinding: close time.busy=188µs time.idle=131ns
2026-10-07T19:22:15.971943Z  INFO falcon_algebraic:prove:falcon_algebraic:bitz:falcon_bridge:wfbitz_forest:spartan:grinding{bits=14}: bitz::piop::spartan::grinding: close time.busy=341µs time.idle=120ns
2026-10-07T19:22:15.972055Z  INFO falcon_algebraic:prove:falcon_algebraic:bitz:falcon_bridge:wfbitz_forest:spartan:grinding{bits=14}: bitz::piop::spartan::grinding: close time.busy=14.1µs time.idle=120ns
2026-10-07T19:22:15.972161Z  INFO falcon_algebraic:prove:falcon_algebraic:bitz:falcon_bridge:wfbitz_forest:spartan:grinding{bits=14}: bitz::piop::spartan::grinding: close time.busy=53.7µs time.idle=120ns
2026-10-07T19:22:15.972279Z  INFO falcon_algebraic:prove:falcon_algebraic:bitz:falcon_bridge:wfbitz_forest:spartan:grinding{bits=14}: bitz::piop::spartan::grinding: close time.busy=89.2µs time.idle=122ns
2026-10-07T19:22:15.972327Z  INFO falcon_algebraic:prove:falcon_algebraic:bitz:falcon_bridge:wfbitz_forest:spartan:grinding{bits=14}: bitz::piop::spartan::grinding: close time.busy=30.4µs time.idle=110ns
2026-10-07T19:22:15.972341Z  INFO falcon_algebraic:prove:falcon_algebraic:bitz:falcon_bridge:wfbitz_forest:spartan:grinding{bits=14}: bitz::piop::spartan::grinding: close time.busy=4.85µs time.idle=111ns
2026-10-07T19:22:15.972550Z  INFO falcon_algebraic:prove:falcon_algebraic:bitz:falcon_bridge:wfbitz_forest:spartan:grinding{bits=14}: bitz::piop::spartan::grinding: close time.busy=193µs time.idle=110ns
2026-10-07T19:22:15.972600Z  INFO falcon_algebraic:prove:falcon_algebraic:bitz:falcon_bridge:wfbitz_forest:spartan:grinding{bits=14}: bitz::piop::spartan::grinding: close time.busy=44.9µs time.idle=112ns
2026-10-07T19:22:15.972644Z  INFO falcon_algebraic:prove:falcon_algebraic:bitz:falcon_bridge:wfbitz_forest:spartan:grinding{bits=14}: bitz::piop::spartan::grinding: close time.busy=39.6µs time.idle=100ns
2026-10-07T19:22:15.972673Z  INFO falcon_algebraic:prove:falcon_algebraic:bitz:falcon_bridge:wfbitz_forest:spartan:grinding{bits=14}: bitz::piop::spartan::grinding: close time.busy=25.7µs time.idle=101ns
2026-10-07T19:22:15.972681Z  INFO falcon_algebraic:prove:falcon_algebraic:bitz:falcon_bridge:wfbitz_forest:spartan:grinding{bits=14}: bitz::piop::spartan::grinding: close time.busy=5.07µs time.idle=110ns
2026-10-07T19:22:15.972810Z  INFO falcon_algebraic:prove:falcon_algebraic:bitz:falcon_bridge:wfbitz_forest:spartan:grinding{bits=14}: bitz::piop::spartan::grinding: close time.busy=125µs time.idle=110ns
2026-10-07T19:22:15.972862Z  INFO falcon_algebraic:prove:falcon_algebraic:bitz:falcon_bridge:wfbitz_forest:spartan:grinding{bits=14}: bitz::piop::spartan::grinding: close time.busy=48.9µs time.idle=110ns
2026-10-07T19:22:15.972894Z  INFO falcon_algebraic:prove:falcon_algebraic:bitz:falcon_bridge:wfbitz_forest:spartan:grinding{bits=14}: bitz::piop::spartan::grinding: close time.busy=29.5µs time.idle=110ns
2026-10-07T19:22:15.972956Z  INFO falcon_algebraic:prove:falcon_algebraic:bitz:falcon_bridge:wfbitz_forest:spartan:grinding{bits=14}: bitz::piop::spartan::grinding: close time.busy=59.7µs time.idle=110ns
2026-10-07T19:22:15.972993Z  INFO falcon_algebraic:prove:falcon_algebraic:bitz:falcon_bridge:wfbitz_forest:spartan:grinding{bits=14}: bitz::piop::spartan::grinding: close time.busy=33.5µs time.idle=110ns
2026-10-07T19:22:15.973050Z  INFO falcon_algebraic:prove:falcon_algebraic:bitz:falcon_bridge:wfbitz_forest:spartan:grinding{bits=14}: bitz::piop::spartan::grinding: close time.busy=54.3µs time.idle=121ns
2026-10-07T19:22:15.973062Z  INFO falcon_algebraic:prove:falcon_algebraic:bitz:falcon_bridge:wfbitz_forest:spartan:grinding{bits=14}: bitz::piop::spartan::grinding: close time.busy=10.2µs time.idle=110ns
2026-10-07T19:22:15.976352Z  INFO falcon_algebraic:prove:falcon_algebraic:bitz:falcon_bridge:wfbitz_forest:spartan:grinding{bits=14}: bitz::piop::spartan::grinding: close time.busy=107µs time.idle=110ns
2026-10-07T19:22:15.978877Z  INFO falcon_algebraic:prove:falcon_algebraic:bitz:falcon_bridge:wfbitz_forest:spartan:grinding{bits=14}: bitz::piop::spartan::grinding: close time.busy=51.6µs time.idle=120ns
2026-10-07T19:22:15.980710Z  INFO falcon_algebraic:prove:falcon_algebraic:bitz:falcon_bridge:wfbitz_forest:spartan:grinding{bits=14}: bitz::piop::spartan::grinding: close time.busy=7.51µs time.idle=130ns
2026-10-07T19:22:15.981479Z  INFO falcon_algebraic:prove:falcon_algebraic:bitz:falcon_bridge:wfbitz_forest:spartan:grinding{bits=14}: bitz::piop::spartan::grinding: close time.busy=40.3µs time.idle=120ns
2026-10-07T19:22:15.981834Z  INFO falcon_algebraic:prove:falcon_algebraic:bitz:falcon_bridge:wfbitz_forest:spartan:grinding{bits=14}: bitz::piop::spartan::grinding: close time.busy=12.0µs time.idle=120ns
2026-10-07T19:22:15.982041Z  INFO falcon_algebraic:prove:falcon_algebraic:bitz:falcon_bridge:wfbitz_forest:spartan:grinding{bits=14}: bitz::piop::spartan::grinding: close time.busy=32.8µs time.idle=120ns
2026-10-07T19:22:15.982151Z  INFO falcon_algebraic:prove:falcon_algebraic:bitz:falcon_bridge:wfbitz_forest:spartan:grinding{bits=14}: bitz::piop::spartan::grinding: close time.busy=14.9µs time.idle=120ns
2026-10-07T19:22:15.982211Z  INFO falcon_algebraic:prove:falcon_algebraic:bitz:falcon_bridge:wfbitz_forest:spartan:grinding{bits=14}: bitz::piop::spartan::grinding: close time.busy=6.95µs time.idle=110ns
2026-10-07T19:22:15.982283Z  INFO falcon_algebraic:prove:falcon_algebraic:bitz:falcon_bridge:wfbitz_forest:spartan:grinding{bits=14}: bitz::piop::spartan::grinding: close time.busy=42.6µs time.idle=120ns
2026-10-07T19:22:15.982321Z  INFO falcon_algebraic:prove:falcon_algebraic:bitz:falcon_bridge:wfbitz_forest:spartan:grinding{bits=14}: bitz::piop::spartan::grinding: close time.busy=20.4µs time.idle=130ns
2026-10-07T19:22:15.982361Z  INFO falcon_algebraic:prove:falcon_algebraic:bitz:falcon_bridge:wfbitz_forest:spartan:grinding{bits=14}: bitz::piop::spartan::grinding: close time.busy=31.1µs time.idle=112ns
2026-10-07T19:22:15.982410Z  INFO falcon_algebraic:prove:falcon_algebraic:bitz:falcon_bridge:wfbitz_forest:spartan:grinding{bits=14}: bitz::piop::spartan::grinding: close time.busy=33.7µs time.idle=111ns
2026-10-07T19:22:15.982428Z  INFO falcon_algebraic:prove:falcon_algebraic:bitz:falcon_bridge:wfbitz_forest:spartan:grinding{bits=14}: bitz::piop::spartan::grinding: close time.busy=12.6µs time.idle=100ns
2026-10-07T19:22:15.982472Z  INFO falcon_algebraic:prove:falcon_algebraic:bitz:falcon_bridge:wfbitz_forest:spartan:grinding{bits=14}: bitz::piop::spartan::grinding: close time.busy=39.7µs time.idle=121ns
2026-10-07T19:22:15.982489Z  INFO falcon_algebraic:prove:falcon_algebraic:bitz:falcon_bridge:wfbitz_forest:spartan:grinding{bits=14}: bitz::piop::spartan::grinding: close time.busy=13.3µs time.idle=110ns
2026-10-07T19:22:15.982540Z  INFO falcon_algebraic:prove:falcon_algebraic:bitz:falcon_bridge:wfbitz_forest:spartan:grinding{bits=14}: bitz::piop::spartan::grinding: close time.busy=47.7µs time.idle=110ns
2026-10-07T19:22:15.982557Z  INFO falcon_algebraic:prove:falcon_algebraic:bitz:falcon_bridge:wfbitz_forest:spartan:grinding{bits=14}: bitz::piop::spartan::grinding: close time.busy=14.5µs time.idle=110ns
2026-10-07T19:22:15.982609Z  INFO falcon_algebraic:prove:falcon_algebraic:bitz:falcon_bridge:wfbitz_forest:spartan:grinding{bits=14}: bitz::piop::spartan::grinding: close time.busy=49.3µs time.idle=110ns
2026-10-07T19:22:15.982841Z  INFO falcon_algebraic:prove:falcon_algebraic:bitz:falcon_bridge:wfbitz_forest:spartan:grinding{bits=14}: bitz::piop::spartan::grinding: close time.busy=229µs time.idle=110ns
2026-10-07T19:22:15.982864Z  INFO falcon_algebraic:prove:falcon_algebraic:bitz:falcon_bridge:wfbitz_forest:spartan:grinding{bits=14}: bitz::piop::spartan::grinding: close time.busy=20.1µs time.idle=101ns
2026-10-07T19:22:15.982948Z  INFO falcon_algebraic:prove:falcon_algebraic:bitz:falcon_bridge:wfbitz_forest:spartan:grinding{bits=14}: bitz::piop::spartan::grinding: close time.busy=80.6µs time.idle=110ns
2026-10-07T19:22:15.982979Z  INFO falcon_algebraic:prove:falcon_algebraic:bitz:falcon_bridge:wfbitz_forest:spartan:grinding{bits=14}: bitz::piop::spartan::grinding: close time.busy=28.9µs time.idle=111ns
2026-10-07T19:22:15.982995Z  INFO falcon_algebraic:prove:falcon_algebraic:bitz:falcon_bridge:wfbitz_forest:spartan:grinding{bits=14}: bitz::piop::spartan::grinding: close time.busy=12.7µs time.idle=110ns
2026-10-07T19:22:15.986534Z  INFO falcon_algebraic:prove:falcon_algebraic:bitz:falcon_bridge:wfbitz_forest:spartan:grinding{bits=14}: bitz::piop::spartan::grinding: close time.busy=116µs time.idle=200ns
2026-10-07T19:22:15.986603Z  INFO falcon_algebraic:prove:falcon_algebraic:bitz:falcon_bridge:wfbitz_forest:spartan:grinding{bits=14}: bitz::piop::spartan::grinding: close time.busy=65.6µs time.idle=120ns
2026-10-07T19:22:15.989110Z  INFO falcon_algebraic:prove:falcon_algebraic:bitz:falcon_bridge:wfbitz_forest:spartan:grinding{bits=14}: bitz::piop::spartan::grinding: close time.busy=35.8µs time.idle=120ns
2026-10-07T19:22:15.990951Z  INFO falcon_algebraic:prove:falcon_algebraic:bitz:falcon_bridge:wfbitz_forest:spartan:grinding{bits=14}: bitz::piop::spartan::grinding: close time.busy=14.8µs time.idle=130ns
2026-10-07T19:22:15.991634Z  INFO falcon_algebraic:prove:falcon_algebraic:bitz:falcon_bridge:wfbitz_forest:spartan:grinding{bits=14}: bitz::piop::spartan::grinding: close time.busy=6.04µs time.idle=140ns
2026-10-07T19:22:15.991987Z  INFO falcon_algebraic:prove:falcon_algebraic:bitz:falcon_bridge:wfbitz_forest:spartan:grinding{bits=14}: bitz::piop::spartan::grinding: close time.busy=14.1µs time.idle=140ns
2026-10-07T19:22:15.992294Z  INFO falcon_algebraic:prove:falcon_algebraic:bitz:falcon_bridge:wfbitz_forest:spartan:grinding{bits=14}: bitz::piop::spartan::grinding: close time.busy=133µs time.idle=120ns
2026-10-07T19:22:15.992398Z  INFO falcon_algebraic:prove:falcon_algebraic:bitz:falcon_bridge:wfbitz_forest:spartan:grinding{bits=14}: bitz::piop::spartan::grinding: close time.busy=10.8µs time.idle=120ns
2026-10-07T19:22:15.992459Z  INFO falcon_algebraic:prove:falcon_algebraic:bitz:falcon_bridge:wfbitz_forest:spartan:grinding{bits=14}: bitz::piop::spartan::grinding: close time.busy=9.96µs time.idle=120ns
2026-10-07T19:22:15.992787Z  INFO falcon_algebraic:prove:falcon_algebraic:bitz:falcon_bridge:wfbitz_forest:spartan:grinding{bits=14}: bitz::piop::spartan::grinding: close time.busy=299µs time.idle=131ns
2026-10-07T19:22:15.992818Z  INFO falcon_algebraic:prove:falcon_algebraic:bitz:falcon_bridge:wfbitz_forest:spartan:grinding{bits=14}: bitz::piop::spartan::grinding: close time.busy=13.1µs time.idle=110ns
2026-10-07T19:22:15.992865Z  INFO falcon_algebraic:prove:falcon_algebraic:bitz:falcon_bridge:wfbitz_forest:spartan:grinding{bits=14}: bitz::piop::spartan::grinding: close time.busy=38.1µs time.idle=121ns
2026-10-07T19:22:15.992915Z  INFO falcon_algebraic:prove:falcon_algebraic:bitz:falcon_bridge:wfbitz_forest:spartan:grinding{bits=14}: bitz::piop::spartan::grinding: close time.busy=34.4µs time.idle=130ns
2026-10-07T19:22:15.992947Z  INFO falcon_algebraic:prove:falcon_algebraic:bitz:falcon_bridge:wfbitz_forest:spartan:grinding{bits=14}: bitz::piop::spartan::grinding: close time.busy=25.8µs time.idle=120ns
2026-10-07T19:22:15.993026Z  INFO falcon_algebraic:prove:falcon_algebraic:bitz:falcon_bridge:wfbitz_forest:spartan:grinding{bits=14}: bitz::piop::spartan::grinding: close time.busy=74.6µs time.idle=110ns
2026-10-07T19:22:15.993035Z  INFO falcon_algebraic:prove:falcon_algebraic:bitz:falcon_bridge:wfbitz_forest:spartan:grinding{bits=14}: bitz::piop::spartan::grinding: close time.busy=4.27µs time.idle=110ns
2026-10-07T19:22:15.993068Z  INFO falcon_algebraic:prove:falcon_algebraic:bitz:falcon_bridge:wfbitz_forest:spartan:grinding{bits=14}: bitz::piop::spartan::grinding: close time.busy=29.4µs time.idle=120ns
2026-10-07T19:22:15.993091Z  INFO falcon_algebraic:prove:falcon_algebraic:bitz:falcon_bridge:wfbitz_forest:spartan:grinding{bits=14}: bitz::piop::spartan::grinding: close time.busy=19.8µs time.idle=120ns
2026-10-07T19:22:15.993161Z  INFO falcon_algebraic:prove:falcon_algebraic:bitz:falcon_bridge:wfbitz_forest:spartan:grinding{bits=14}: bitz::piop::spartan::grinding: close time.busy=68.3µs time.idle=110ns
2026-10-07T19:22:15.993223Z  INFO falcon_algebraic:prove:falcon_algebraic:bitz:falcon_bridge:wfbitz_forest:spartan:grinding{bits=14}: bitz::piop::spartan::grinding: close time.busy=58.8µs time.idle=121ns
2026-10-07T19:22:15.993366Z  INFO falcon_algebraic:prove:falcon_algebraic:bitz:falcon_bridge:wfbitz_forest:spartan:grinding{bits=14}: bitz::piop::spartan::grinding: close time.busy=141µs time.idle=111ns
2026-10-07T19:22:15.993416Z  INFO falcon_algebraic:prove:falcon_algebraic:bitz:falcon_bridge:wfbitz_forest:spartan:grinding{bits=14}: bitz::piop::spartan::grinding: close time.busy=46.7µs time.idle=110ns
2026-10-07T19:22:15.993434Z  INFO falcon_algebraic:prove:falcon_algebraic:bitz:falcon_bridge:wfbitz_forest:spartan:grinding{bits=14}: bitz::piop::spartan::grinding: close time.busy=16.1µs time.idle=120ns
2026-10-07T19:22:15.993542Z  INFO falcon_algebraic:prove:falcon_algebraic:bitz:falcon_bridge:wfbitz_forest:spartan:grinding{bits=14}: bitz::piop::spartan::grinding: close time.busy=105µs time.idle=110ns
2026-10-07T19:22:15.996628Z  INFO falcon_algebraic:prove:falcon_algebraic:bitz:falcon_bridge:wfbitz_forest:spartan:grinding{bits=14}: bitz::piop::spartan::grinding: close time.busy=116µs time.idle=141ns
2026-10-07T19:22:15.996661Z  INFO falcon_algebraic:prove:falcon_algebraic:bitz:falcon_bridge:wfbitz_forest:spartan:grinding{bits=14}: bitz::piop::spartan::grinding: close time.busy=29.6µs time.idle=110ns
2026-10-07T19:22:15.996768Z  INFO falcon_algebraic:prove:falcon_algebraic:bitz:falcon_bridge:wfbitz_forest:spartan:grinding{bits=14}: bitz::piop::spartan::grinding: close time.busy=105µs time.idle=110ns
2026-10-07T19:22:15.999415Z  INFO falcon_algebraic:prove:falcon_algebraic:bitz:falcon_bridge:wfbitz_forest:spartan:grinding{bits=14}: bitz::piop::spartan::grinding: close time.busy=45.0µs time.idle=141ns
2026-10-07T19:22:16.001259Z  INFO falcon_algebraic:prove:falcon_algebraic:bitz:falcon_bridge:wfbitz_forest:spartan:grinding{bits=14}: bitz::piop::spartan::grinding: close time.busy=23.5µs time.idle=120ns
2026-10-07T19:22:16.001966Z  INFO falcon_algebraic:prove:falcon_algebraic:bitz:falcon_bridge:wfbitz_forest:spartan:grinding{bits=14}: bitz::piop::spartan::grinding: close time.busy=31.9µs time.idle=150ns
2026-10-07T19:22:16.002366Z  INFO falcon_algebraic:prove:falcon_algebraic:bitz:falcon_bridge:wfbitz_forest:spartan:grinding{bits=14}: bitz::piop::spartan::grinding: close time.busy=57.5µs time.idle=120ns
2026-10-07T19:22:16.002710Z  INFO falcon_algebraic:prove:falcon_algebraic:bitz:falcon_bridge:wfbitz_forest:spartan:grinding{bits=14}: bitz::piop::spartan::grinding: close time.busy=169µs time.idle=120ns
2026-10-07T19:22:16.002810Z  INFO falcon_algebraic:prove:falcon_algebraic:bitz:falcon_bridge:wfbitz_forest:spartan:grinding{bits=14}: bitz::piop::spartan::grinding: close time.busy=6.99µs time.idle=130ns
2026-10-07T19:22:16.003021Z  INFO falcon_algebraic:prove:falcon_algebraic:bitz:falcon_bridge:wfbitz_forest:spartan:grinding{bits=14}: bitz::piop::spartan::grinding: close time.busy=159µs time.idle=130ns
2026-10-07T19:22:16.003097Z  INFO falcon_algebraic:prove:falcon_algebraic:bitz:falcon_bridge:wfbitz_forest:spartan:grinding{bits=14}: bitz::piop::spartan::grinding: close time.busy=45.0µs time.idle=120ns
2026-10-07T19:22:16.003162Z  INFO falcon_algebraic:prove:falcon_algebraic:bitz:falcon_bridge:wfbitz_forest:spartan:grinding{bits=14}: bitz::piop::spartan::grinding: close time.busy=46.4µs time.idle=120ns
2026-10-07T19:22:16.003236Z  INFO falcon_algebraic:prove:falcon_algebraic:bitz:falcon_bridge:wfbitz_forest:spartan:grinding{bits=14}: bitz::piop::spartan::grinding: close time.busy=66.5µs time.idle=111ns
2026-10-07T19:22:16.003356Z  INFO falcon_algebraic:prove:falcon_algebraic:bitz:falcon_bridge:wfbitz_forest:spartan:grinding{bits=14}: bitz::piop::spartan::grinding: close time.busy=104µs time.idle=110ns
2026-10-07T19:22:16.003370Z  INFO falcon_algebraic:prove:falcon_algebraic:bitz:falcon_bridge:wfbitz_forest:spartan:grinding{bits=14}: bitz::piop::spartan::grinding: close time.busy=8.50µs time.idle=120ns
2026-10-07T19:22:16.003428Z  INFO falcon_algebraic:prove:falcon_algebraic:bitz:falcon_bridge:wfbitz_forest:spartan:grinding{bits=14}: bitz::piop::spartan::grinding: close time.busy=53.9µs time.idle=110ns
2026-10-07T19:22:16.003444Z  INFO falcon_algebraic:prove:falcon_algebraic:bitz:falcon_bridge:wfbitz_forest:spartan:grinding{bits=14}: bitz::piop::spartan::grinding: close time.busy=12.7µs time.idle=110ns
2026-10-07T19:22:16.003527Z  INFO falcon_algebraic:prove:falcon_algebraic:bitz:falcon_bridge:wfbitz_forest:spartan:grinding{bits=14}: bitz::piop::spartan::grinding: close time.busy=79.3µs time.idle=100ns
2026-10-07T19:22:16.003697Z  INFO falcon_algebraic:prove:falcon_algebraic:bitz:falcon_bridge:wfbitz_forest:spartan:grinding{bits=14}: bitz::piop::spartan::grinding: close time.busy=167µs time.idle=110ns
2026-10-07T19:22:16.003762Z  INFO falcon_algebraic:prove:falcon_algebraic:bitz:falcon_bridge:wfbitz_forest:spartan:grinding{bits=14}: bitz::piop::spartan::grinding: close time.busy=62.2µs time.idle=111ns
2026-10-07T19:22:16.003787Z  INFO falcon_algebraic:prove:falcon_algebraic:bitz:falcon_bridge:wfbitz_forest:spartan:grinding{bits=14}: bitz::piop::spartan::grinding: close time.busy=20.3µs time.idle=111ns
2026-10-07T19:22:16.003849Z  INFO falcon_algebraic:prove:falcon_algebraic:bitz:falcon_bridge:wfbitz_forest:spartan:grinding{bits=14}: bitz::piop::spartan::grinding: close time.busy=59.6µs time.idle=120ns
2026-10-07T19:22:16.003874Z  INFO falcon_algebraic:prove:falcon_algebraic:bitz:falcon_bridge:wfbitz_forest:spartan:grinding{bits=14}: bitz::piop::spartan::grinding: close time.busy=22.2µs time.idle=110ns
2026-10-07T19:22:16.003926Z  INFO falcon_algebraic:prove:falcon_algebraic:bitz:falcon_bridge:wfbitz_forest:spartan:grinding{bits=14}: bitz::piop::spartan::grinding: close time.busy=50.0µs time.idle=110ns
2026-10-07T19:22:16.003947Z  INFO falcon_algebraic:prove:falcon_algebraic:bitz:falcon_bridge:wfbitz_forest:spartan:grinding{bits=14}: bitz::piop::spartan::grinding: close time.busy=17.5µs time.idle=110ns
2026-10-07T19:22:16.004414Z  INFO falcon_algebraic:prove:falcon_algebraic:bitz:falcon_bridge:wfbitz_forest: bitz::hybrid::integer_bridge: close time.busy=64.3ms time.idle=170ns
2026-10-07T19:22:16.004481Z  INFO falcon_algebraic:prove:falcon_algebraic:bitz: bitz::piop::spartan::falcon512_algebraic::protocol: close time.busy=68.3ms time.idle=221ns
2026-10-07T19:22:16.007924Z  INFO falcon_algebraic:prove:falcon_joint:packed_setup: bitz::hybrid::joint_sumcheck: close time.busy=3.44ms time.idle=170ns
2026-10-07T19:22:16.007985Z  INFO falcon_algebraic:prove:spartan:round_grinding_prove:spartan:grinding{bits=10}: bitz::piop::spartan::grinding: close time.busy=8.88µs time.idle=150ns
2026-10-07T19:22:16.007987Z  INFO falcon_algebraic:prove:spartan:round_grinding_prove: bitz::sumcheck::boundary: close time.busy=11.5µs time.idle=140ns
2026-10-07T19:22:16.008061Z  INFO falcon_algebraic:prove:spartan:round_grinding_prove:spartan:grinding{bits=10}: bitz::piop::spartan::grinding: close time.busy=10.7µs time.idle=130ns
2026-10-07T19:22:16.008062Z  INFO falcon_algebraic:prove:spartan:round_grinding_prove: bitz::sumcheck::boundary: close time.busy=18.2µs time.idle=120ns
2026-10-07T19:22:16.008122Z  INFO falcon_algebraic:prove:spartan:round_grinding_prove:spartan:grinding{bits=10}: bitz::piop::spartan::grinding: close time.busy=6.58µs time.idle=130ns
2026-10-07T19:22:16.008124Z  INFO falcon_algebraic:prove:spartan:round_grinding_prove: bitz::sumcheck::boundary: close time.busy=8.68µs time.idle=100ns
2026-10-07T19:22:16.008180Z  INFO falcon_algebraic:prove:spartan:round_grinding_prove:spartan:grinding{bits=10}: bitz::piop::spartan::grinding: close time.busy=4.92µs time.idle=131ns
2026-10-07T19:22:16.008181Z  INFO falcon_algebraic:prove:spartan:round_grinding_prove: bitz::sumcheck::boundary: close time.busy=7.09µs time.idle=120ns
2026-10-07T19:22:16.008233Z  INFO falcon_algebraic:prove:spartan:round_grinding_prove:spartan:grinding{bits=10}: bitz::piop::spartan::grinding: close time.busy=1.69µs time.idle=120ns
2026-10-07T19:22:16.008235Z  INFO falcon_algebraic:prove:spartan:round_grinding_prove: bitz::sumcheck::boundary: close time.busy=3.96µs time.idle=100ns
2026-10-07T19:22:16.008288Z  INFO falcon_algebraic:prove:spartan:round_grinding_prove:spartan:grinding{bits=10}: bitz::piop::spartan::grinding: close time.busy=3.32µs time.idle=110ns
2026-10-07T19:22:16.008289Z  INFO falcon_algebraic:prove:spartan:round_grinding_prove: bitz::sumcheck::boundary: close time.busy=5.52µs time.idle=110ns
2026-10-07T19:22:16.008339Z  INFO falcon_algebraic:prove:spartan:round_grinding_prove:spartan:grinding{bits=10}: bitz::piop::spartan::grinding: close time.busy=922ns time.idle=110ns
2026-10-07T19:22:16.008341Z  INFO falcon_algebraic:prove:spartan:round_grinding_prove: bitz::sumcheck::boundary: close time.busy=3.27µs time.idle=100ns
2026-10-07T19:22:16.009819Z  INFO falcon_algebraic:prove:falcon_joint:prepare: bitz::hybrid::joint_sumcheck: close time.busy=1.48ms time.idle=170ns
2026-10-07T19:22:16.009828Z  INFO falcon_algebraic:prove:spartan:round_grinding_prove:spartan:grinding{bits=10}: bitz::piop::spartan::grinding: close time.busy=4.95µs time.idle=110ns
2026-10-07T19:22:16.009829Z  INFO falcon_algebraic:prove:spartan:round_grinding_prove: bitz::sumcheck::boundary: close time.busy=7.21µs time.idle=100ns
2026-10-07T19:22:16.010302Z  INFO falcon_algebraic:prove:falcon_joint:compact: bitz::hybrid::joint_sumcheck: close time.busy=471µs time.idle=161ns
2026-10-07T19:22:16.010309Z  INFO falcon_algebraic:prove:spartan:round_grinding_prove:spartan:grinding{bits=10}: bitz::piop::spartan::grinding: close time.busy=4.18µs time.idle=120ns
2026-10-07T19:22:16.010311Z  INFO falcon_algebraic:prove:spartan:round_grinding_prove: bitz::sumcheck::boundary: close time.busy=6.47µs time.idle=131ns
2026-10-07T19:22:16.010513Z  INFO falcon_algebraic:prove:falcon_joint:compact: bitz::hybrid::joint_sumcheck: close time.busy=201µs time.idle=90.0ns
2026-10-07T19:22:16.010530Z  INFO falcon_algebraic:prove:spartan:round_grinding_prove:spartan:grinding{bits=10}: bitz::piop::spartan::grinding: close time.busy=14.8µs time.idle=121ns
2026-10-07T19:22:16.010532Z  INFO falcon_algebraic:prove:spartan:round_grinding_prove: bitz::sumcheck::boundary: close time.busy=17.0µs time.idle=110ns
2026-10-07T19:22:16.010627Z  INFO falcon_algebraic:prove:falcon_joint:compact: bitz::hybrid::joint_sumcheck: close time.busy=93.6µs time.idle=110ns
2026-10-07T19:22:16.010631Z  INFO falcon_algebraic:prove:spartan:round_grinding_prove:spartan:grinding{bits=10}: bitz::piop::spartan::grinding: close time.busy=1.50µs time.idle=100ns
2026-10-07T19:22:16.010632Z  INFO falcon_algebraic:prove:spartan:round_grinding_prove: bitz::sumcheck::boundary: close time.busy=3.59µs time.idle=110ns
2026-10-07T19:22:16.010709Z  INFO falcon_algebraic:prove:falcon_joint:compact: bitz::hybrid::joint_sumcheck: close time.busy=75.3µs time.idle=111ns
2026-10-07T19:22:16.010714Z  INFO falcon_algebraic:prove:spartan:round_grinding_prove:spartan:grinding{bits=10}: bitz::piop::spartan::grinding: close time.busy=2.42µs time.idle=121ns
2026-10-07T19:22:16.010715Z  INFO falcon_algebraic:prove:spartan:round_grinding_prove: bitz::sumcheck::boundary: close time.busy=4.61µs time.idle=91.0ns
2026-10-07T19:22:16.010734Z  INFO falcon_algebraic:prove:falcon_joint:dense: bitz::hybrid::joint_sumcheck: close time.busy=16.8µs time.idle=141ns
2026-10-07T19:22:16.010737Z  INFO falcon_algebraic:prove:spartan:round_grinding_prove:spartan:grinding{bits=10}: bitz::piop::spartan::grinding: close time.busy=1.02µs time.idle=110ns
2026-10-07T19:22:16.010739Z  INFO falcon_algebraic:prove:spartan:round_grinding_prove: bitz::sumcheck::boundary: close time.busy=3.16µs time.idle=100ns
2026-10-07T19:22:16.010749Z  INFO falcon_algebraic:prove:falcon_joint:dense: bitz::hybrid::joint_sumcheck: close time.busy=9.43µs time.idle=110ns
2026-10-07T19:22:16.010755Z  INFO falcon_algebraic:prove:spartan:round_grinding_prove:spartan:grinding{bits=10}: bitz::piop::spartan::grinding: close time.busy=3.87µs time.idle=110ns
2026-10-07T19:22:16.010757Z  INFO falcon_algebraic:prove:spartan:round_grinding_prove: bitz::sumcheck::boundary: close time.busy=6.00µs time.idle=110ns
2026-10-07T19:22:16.010765Z  INFO falcon_algebraic:prove:falcon_joint:dense: bitz::hybrid::joint_sumcheck: close time.busy=6.54µs time.idle=101ns
2026-10-07T19:22:16.010772Z  INFO falcon_algebraic:prove:spartan:round_grinding_prove:spartan:grinding{bits=10}: bitz::piop::spartan::grinding: close time.busy=4.78µs time.idle=100ns
2026-10-07T19:22:16.010773Z  INFO falcon_algebraic:prove:spartan:round_grinding_prove: bitz::sumcheck::boundary: close time.busy=6.96µs time.idle=110ns
2026-10-07T19:22:16.010776Z  INFO falcon_algebraic:prove:falcon_joint:dense: bitz::hybrid::joint_sumcheck: close time.busy=1.34µs time.idle=90.0ns
2026-10-07T19:22:16.010778Z  INFO falcon_algebraic:prove:spartan:round_grinding_prove:spartan:grinding{bits=10}: bitz::piop::spartan::grinding: close time.busy=521ns time.idle=170ns
2026-10-07T19:22:16.010780Z  INFO falcon_algebraic:prove:spartan:round_grinding_prove: bitz::sumcheck::boundary: close time.busy=3.45µs time.idle=110ns
2026-10-07T19:22:16.010783Z  INFO falcon_algebraic:prove:falcon_joint:dense: bitz::hybrid::joint_sumcheck: close time.busy=712ns time.idle=110ns
2026-10-07T19:22:16.010786Z  INFO falcon_algebraic:prove:spartan:round_grinding_prove:spartan:grinding{bits=10}: bitz::piop::spartan::grinding: close time.busy=611ns time.idle=120ns
2026-10-07T19:22:16.010787Z  INFO falcon_algebraic:prove:spartan:round_grinding_prove: bitz::sumcheck::boundary: close time.busy=2.94µs time.idle=100ns
2026-10-07T19:22:16.010789Z  INFO falcon_algebraic:prove:falcon_joint:dense: bitz::hybrid::joint_sumcheck: close time.busy=390ns time.idle=121ns
2026-10-07T19:22:16.010792Z  INFO falcon_algebraic:prove:spartan:round_grinding_prove:spartan:grinding{bits=10}: bitz::piop::spartan::grinding: close time.busy=832ns time.idle=120ns
2026-10-07T19:22:16.010793Z  INFO falcon_algebraic:prove:spartan:round_grinding_prove: bitz::sumcheck::boundary: close time.busy=3.18µs time.idle=100ns
2026-10-07T19:22:16.010795Z  INFO falcon_algebraic:prove:falcon_joint:dense: bitz::hybrid::joint_sumcheck: close time.busy=230ns time.idle=121ns
2026-10-07T19:22:16.010800Z  INFO falcon_algebraic:prove:spartan:round_grinding_prove:spartan:grinding{bits=10}: bitz::piop::spartan::grinding: close time.busy=2.09µs time.idle=120ns
2026-10-07T19:22:16.010801Z  INFO falcon_algebraic:prove:spartan:round_grinding_prove: bitz::sumcheck::boundary: close time.busy=4.26µs time.idle=100ns
2026-10-07T19:22:16.010802Z  INFO falcon_algebraic:prove:falcon_joint:dense: bitz::hybrid::joint_sumcheck: close time.busy=150ns time.idle=120ns
2026-10-07T19:22:16.010810Z  INFO falcon_algebraic:prove:spartan:round_grinding_prove:spartan:grinding{bits=10}: bitz::piop::spartan::grinding: close time.busy=5.55µs time.idle=120ns
2026-10-07T19:22:16.010811Z  INFO falcon_algebraic:prove:spartan:round_grinding_prove: bitz::sumcheck::boundary: close time.busy=7.70µs time.idle=110ns
2026-10-07T19:22:16.010813Z  INFO falcon_algebraic:prove:falcon_joint:dense: bitz::hybrid::joint_sumcheck: close time.busy=111ns time.idle=100ns
2026-10-07T19:22:16.010819Z  INFO falcon_algebraic:prove:spartan:round_grinding_prove:spartan:grinding{bits=10}: bitz::piop::spartan::grinding: close time.busy=3.29µs time.idle=110ns
2026-10-07T19:22:16.010820Z  INFO falcon_algebraic:prove:spartan:round_grinding_prove: bitz::sumcheck::boundary: close time.busy=5.51µs time.idle=111ns
2026-10-07T19:22:16.010821Z  INFO falcon_algebraic:prove:falcon_joint:dense: bitz::hybrid::joint_sumcheck: close time.busy=100ns time.idle=100ns
2026-10-07T19:22:16.010835Z  INFO falcon_algebraic:prove:spartan:round_grinding_prove:spartan:grinding{bits=10}: bitz::piop::spartan::grinding: close time.busy=11.7µs time.idle=120ns
2026-10-07T19:22:16.010836Z  INFO falcon_algebraic:prove:spartan:round_grinding_prove: bitz::sumcheck::boundary: close time.busy=13.7µs time.idle=121ns
2026-10-07T19:22:16.010838Z  INFO falcon_algebraic:prove:falcon_joint:dense: bitz::hybrid::joint_sumcheck: close time.busy=100ns time.idle=111ns
2026-10-07T19:22:16.010850Z  INFO falcon_algebraic:prove:spartan:round_grinding_prove:spartan:grinding{bits=10}: bitz::piop::spartan::grinding: close time.busy=10.3µs time.idle=110ns
2026-10-07T19:22:16.010851Z  INFO falcon_algebraic:prove:spartan:round_grinding_prove: bitz::sumcheck::boundary: close time.busy=12.3µs time.idle=100ns
2026-10-07T19:22:16.010853Z  INFO falcon_algebraic:prove:falcon_joint:dense: bitz::hybrid::joint_sumcheck: close time.busy=140ns time.idle=121ns
2026-10-07T19:22:16.010858Z  INFO falcon_algebraic:prove:spartan:round_grinding_prove:spartan:grinding{bits=10}: bitz::piop::spartan::grinding: close time.busy=2.54µs time.idle=110ns
2026-10-07T19:22:16.010859Z  INFO falcon_algebraic:prove:spartan:round_grinding_prove: bitz::sumcheck::boundary: close time.busy=4.71µs time.idle=90.0ns
2026-10-07T19:22:16.010860Z  INFO falcon_algebraic:prove:falcon_joint:dense: bitz::hybrid::joint_sumcheck: close time.busy=80.0ns time.idle=110ns
2026-10-07T19:22:16.010865Z  INFO falcon_algebraic:prove:spartan:round_grinding_prove:spartan:grinding{bits=10}: bitz::piop::spartan::grinding: close time.busy=2.10µs time.idle=111ns
2026-10-07T19:22:16.010866Z  INFO falcon_algebraic:prove:spartan:round_grinding_prove: bitz::sumcheck::boundary: close time.busy=4.18µs time.idle=90.0ns
2026-10-07T19:22:16.010868Z  INFO falcon_algebraic:prove:falcon_joint:dense: bitz::hybrid::joint_sumcheck: close time.busy=81.0ns time.idle=110ns
2026-10-07T19:22:16.014273Z  INFO falcon_algebraic:prove:falcon_algebraic:pcs:op:ring_switch:spartan:grinding{bits=12}: bitz::piop::spartan::grinding: close time.busy=6.45µs time.idle=120ns
2026-10-07T19:22:16.014287Z  INFO falcon_algebraic:prove:falcon_algebraic:pcs:op:ring_switch: bitz::hybrid::opening: close time.busy=3.42ms time.idle=131ns
2026-10-07T19:22:16.014343Z  INFO falcon_algebraic:prove:falcon_algebraic:pcs:op:extra_bases:spartan:grinding{bits=12}: bitz::piop::spartan::grinding: close time.busy=53.5µs time.idle=121ns
2026-10-07T19:22:16.018067Z  INFO falcon_algebraic:prove:falcon_algebraic:pcs:op:extra_bases:op:initial_messages: bitz::hybrid::opening::streamed: close time.busy=3.71ms time.idle=110ns
2026-10-07T19:22:16.018069Z  INFO falcon_algebraic:prove:falcon_algebraic:pcs:op:extra_bases: bitz::hybrid::opening: close time.busy=3.78ms time.idle=140ns
2026-10-07T19:22:16.018082Z  INFO falcon_algebraic:prove:falcon_algebraic:pcs:op:ligerito:lig:grind_pow{bits=20}:spartan:grinding{bits=12}: bitz::piop::spartan::grinding: close time.busy=7.38µs time.idle=261ns
2026-10-07T19:22:16.021201Z  INFO falcon_algebraic:prove:falcon_algebraic:pcs:op:ligerito:lig:grind_pow{bits=20 seed_lo=16585239870378092045 seed_hi=252240414582464361 nonce=845824}: bitz::ligerito_flock: close time.busy=3.13ms time.idle=111ns
2026-10-07T19:22:16.021213Z  INFO falcon_algebraic:prove:falcon_algebraic:pcs:op:ligerito:spartan:grinding{bits=12}: bitz::piop::spartan::grinding: close time.busy=9.87µs time.idle=120ns
2026-10-07T19:22:16.021246Z  INFO falcon_algebraic:prove:falcon_algebraic:pcs:op:ligerito:lig:grind_pow{bits=20}:spartan:grinding{bits=12}: bitz::piop::spartan::grinding: close time.busy=28.3µs time.idle=160ns
2026-10-07T19:22:16.028416Z  INFO falcon_algebraic:prove:falcon_algebraic:pcs:op:ligerito:lig:grind_pow{bits=20 seed_lo=16515954434907747464 seed_hi=6857726535889748133 nonce=1934605}: bitz::ligerito_flock: close time.busy=7.20ms time.idle=110ns
2026-10-07T19:22:16.028440Z  INFO falcon_algebraic:prove:falcon_algebraic:pcs:op:ligerito:spartan:grinding{bits=12}: bitz::piop::spartan::grinding: close time.busy=22.6µs time.idle=121ns
2026-10-07T19:22:16.029700Z  INFO falcon_algebraic:prove:falcon_algebraic:pcs:op:ligerito:op:deferred_first_fold: bitz::hybrid::opening::streamed: close time.busy=1.26ms time.idle=140ns
2026-10-07T19:22:16.029715Z  INFO falcon_algebraic:prove:falcon_algebraic:pcs:op:ligerito:lig:grind_pow{bits=20}:spartan:grinding{bits=12}: bitz::piop::spartan::grinding: close time.busy=11.4µs time.idle=110ns
2026-10-07T19:22:16.032594Z  INFO falcon_algebraic:prove:falcon_algebraic:pcs:op:ligerito:lig:grind_pow{bits=20 seed_lo=15156880928251228141 seed_hi=13035904849866892240 nonce=780372}: bitz::ligerito_flock: close time.busy=2.89ms time.idle=120ns
2026-10-07T19:22:16.032605Z  INFO falcon_algebraic:prove:falcon_algebraic:pcs:op:ligerito:spartan:grinding{bits=12}: bitz::piop::spartan::grinding: close time.busy=8.78µs time.idle=110ns
2026-10-07T19:22:16.032650Z  INFO falcon_algebraic:prove:falcon_algebraic:pcs:op:ligerito:lig:grind_pow{bits=20}:spartan:grinding{bits=12}: bitz::piop::spartan::grinding: close time.busy=41.1µs time.idle=110ns
2026-10-07T19:22:16.036996Z  INFO falcon_algebraic:prove:falcon_algebraic:pcs:op:ligerito:lig:grind_pow{bits=20 seed_lo=13631632210140918579 seed_hi=14396935104463418914 nonce=1177064}: bitz::ligerito_flock: close time.busy=4.39ms time.idle=110ns
2026-10-07T19:22:16.037004Z  INFO falcon_algebraic:prove:falcon_algebraic:pcs:op:ligerito:spartan:grinding{bits=12}: bitz::piop::spartan::grinding: close time.busy=5.54µs time.idle=111ns
2026-10-07T19:22:16.037998Z  INFO falcon_algebraic:prove:falcon_algebraic:pcs:op:ligerito:lig:grind_pow{bits=11}:spartan:grinding{bits=12}: bitz::piop::spartan::grinding: close time.busy=4.47µs time.idle=110ns
2026-10-07T19:22:16.038025Z  INFO falcon_algebraic:prove:falcon_algebraic:pcs:op:ligerito:lig:grind_pow{bits=11 seed_lo=13883608211463092717 seed_hi=4814763136328311214 nonce=6484}: bitz::ligerito_flock: close time.busy=32.8µs time.idle=121ns
2026-10-07T19:22:16.038034Z  INFO falcon_algebraic:prove:falcon_algebraic:pcs:op:ligerito:spartan:grinding{bits=12}: bitz::piop::spartan::grinding: close time.busy=7.14µs time.idle=110ns
2026-10-07T19:22:16.039079Z  INFO falcon_algebraic:prove:falcon_algebraic:pcs:op:ligerito:lig:grind_pow{bits=7}:spartan:grinding{bits=12}: bitz::piop::spartan::grinding: close time.busy=11.1µs time.idle=121ns
2026-10-07T19:22:16.039082Z  INFO falcon_algebraic:prove:falcon_algebraic:pcs:op:ligerito:lig:grind_pow{bits=7 seed_lo=11236906799232313023 seed_hi=9675907765575026736 nonce=15}: bitz::ligerito_flock: close time.busy=15.5µs time.idle=140ns
2026-10-07T19:22:16.039094Z  INFO falcon_algebraic:prove:falcon_algebraic:pcs:op:ligerito:spartan:grinding{bits=12}: bitz::piop::spartan::grinding: close time.busy=9.96µs time.idle=120ns
2026-10-07T19:22:16.039154Z  INFO falcon_algebraic:prove:falcon_algebraic:pcs:op:ligerito:lig:grind_pow{bits=19}:spartan:grinding{bits=12}: bitz::piop::spartan::grinding: close time.busy=20.1µs time.idle=130ns
2026-10-07T19:22:16.045389Z  INFO falcon_algebraic:prove:falcon_algebraic:pcs:op:ligerito:lig:grind_pow{bits=19 seed_lo=6737273171409929756 seed_hi=6349725049180355339 nonce=1689234}: bitz::ligerito_flock: close time.busy=6.26ms time.idle=121ns
2026-10-07T19:22:16.045410Z  INFO falcon_algebraic:prove:falcon_algebraic:pcs:op:ligerito:spartan:grinding{bits=12}: bitz::piop::spartan::grinding: close time.busy=18.5µs time.idle=110ns
2026-10-07T19:22:16.045449Z  INFO falcon_algebraic:prove:falcon_algebraic:pcs:op:ligerito:lig:grind_pow{bits=19}:spartan:grinding{bits=12}: bitz::piop::spartan::grinding: close time.busy=7.07µs time.idle=110ns
2026-10-07T19:22:16.046438Z  INFO falcon_algebraic:prove:falcon_algebraic:pcs:op:ligerito:lig:grind_pow{bits=19 seed_lo=16363797335914491273 seed_hi=7907073842687230253 nonce=265986}: bitz::ligerito_flock: close time.busy=997µs time.idle=111ns
2026-10-07T19:22:16.046457Z  INFO falcon_algebraic:prove:falcon_algebraic:pcs:op:ligerito:spartan:grinding{bits=12}: bitz::piop::spartan::grinding: close time.busy=17.1µs time.idle=120ns
2026-10-07T19:22:16.046492Z  INFO falcon_algebraic:prove:falcon_algebraic:pcs:op:ligerito:lig:grind_pow{bits=19}:spartan:grinding{bits=12}: bitz::piop::spartan::grinding: close time.busy=16.0µs time.idle=121ns
2026-10-07T19:22:16.046808Z  INFO falcon_algebraic:prove:falcon_algebraic:pcs:op:ligerito:lig:grind_pow{bits=19 seed_lo=2894948025734070852 seed_hi=11996938362515225117 nonce=84272}: bitz::ligerito_flock: close time.busy=333µs time.idle=111ns
2026-10-07T19:22:16.046817Z  INFO falcon_algebraic:prove:falcon_algebraic:pcs:op:ligerito:spartan:grinding{bits=12}: bitz::piop::spartan::grinding: close time.busy=7.71µs time.idle=110ns
2026-10-07T19:22:16.047084Z  INFO falcon_algebraic:prove:falcon_algebraic:pcs:op:ligerito:lig:grind_pow{bits=11}:spartan:grinding{bits=12}: bitz::piop::spartan::grinding: close time.busy=62.7µs time.idle=110ns
2026-10-07T19:22:16.047114Z  INFO falcon_algebraic:prove:falcon_algebraic:pcs:op:ligerito:lig:grind_pow{bits=11 seed_lo=18159918683903586575 seed_hi=15264492456861379661 nonce=7511}: bitz::ligerito_flock: close time.busy=93.3µs time.idle=111ns
2026-10-07T19:22:16.047132Z  INFO falcon_algebraic:prove:falcon_algebraic:pcs:op:ligerito:spartan:grinding{bits=12}: bitz::piop::spartan::grinding: close time.busy=16.6µs time.idle=110ns
2026-10-07T19:22:16.048068Z  INFO falcon_algebraic:prove:falcon_algebraic:pcs:op:ligerito:lig:grind_pow{bits=7}:spartan:grinding{bits=12}: bitz::piop::spartan::grinding: close time.busy=17.8µs time.idle=110ns
2026-10-07T19:22:16.048072Z  INFO falcon_algebraic:prove:falcon_algebraic:pcs:op:ligerito:lig:grind_pow{bits=7 seed_lo=6063983217750421890 seed_hi=15792750583625114170 nonce=278}: bitz::ligerito_flock: close time.busy=22.6µs time.idle=120ns
2026-10-07T19:22:16.048090Z  INFO falcon_algebraic:prove:falcon_algebraic:pcs:op:ligerito:spartan:grinding{bits=12}: bitz::piop::spartan::grinding: close time.busy=16.0µs time.idle=110ns
2026-10-07T19:22:16.048101Z  INFO falcon_algebraic:prove:falcon_algebraic:pcs:op:ligerito:lig:grind_pow{bits=17}:spartan:grinding{bits=12}: bitz::piop::spartan::grinding: close time.busy=4.32µs time.idle=111ns
2026-10-07T19:22:16.048482Z  INFO falcon_algebraic:prove:falcon_algebraic:pcs:op:ligerito:lig:grind_pow{bits=17 seed_lo=9439740927722712704 seed_hi=2096174283014629509 nonce=101945}: bitz::ligerito_flock: close time.busy=387µs time.idle=121ns
2026-10-07T19:22:16.048491Z  INFO falcon_algebraic:prove:falcon_algebraic:pcs:op:ligerito:spartan:grinding{bits=12}: bitz::piop::spartan::grinding: close time.busy=7.12µs time.idle=121ns
2026-10-07T19:22:16.048521Z  INFO falcon_algebraic:prove:falcon_algebraic:pcs:op:ligerito:lig:grind_pow{bits=17}:spartan:grinding{bits=12}: bitz::piop::spartan::grinding: close time.busy=20.8µs time.idle=100ns
2026-10-07T19:22:16.049276Z  INFO falcon_algebraic:prove:falcon_algebraic:pcs:op:ligerito:lig:grind_pow{bits=17 seed_lo=4879747707019962164 seed_hi=439600284198012619 nonce=202467}: bitz::ligerito_flock: close time.busy=776µs time.idle=130ns
2026-10-07T19:22:16.049336Z  INFO falcon_algebraic:prove:falcon_algebraic:pcs:op:ligerito:spartan:grinding{bits=12}: bitz::piop::spartan::grinding: close time.busy=58.2µs time.idle=110ns
2026-10-07T19:22:16.049412Z  INFO falcon_algebraic:prove:falcon_algebraic:pcs:op:ligerito:lig:grind_pow{bits=17}:spartan:grinding{bits=12}: bitz::piop::spartan::grinding: close time.busy=70.0µs time.idle=110ns
2026-10-07T19:22:16.049885Z  INFO falcon_algebraic:prove:falcon_algebraic:pcs:op:ligerito:lig:grind_pow{bits=17 seed_lo=11445438758731368906 seed_hi=6157812661900222650 nonce=127074}: bitz::ligerito_flock: close time.busy=544µs time.idle=121ns
2026-10-07T19:22:16.049910Z  INFO falcon_algebraic:prove:falcon_algebraic:pcs:op:ligerito:spartan:grinding{bits=12}: bitz::piop::spartan::grinding: close time.busy=23.5µs time.idle=110ns
2026-10-07T19:22:16.049971Z  INFO falcon_algebraic:prove:falcon_algebraic:pcs:op:ligerito:lig:grind_pow{bits=11}:spartan:grinding{bits=12}: bitz::piop::spartan::grinding: close time.busy=13.1µs time.idle=110ns
2026-10-07T19:22:16.049976Z  INFO falcon_algebraic:prove:falcon_algebraic:pcs:op:ligerito:lig:grind_pow{bits=11 seed_lo=10949084842977817524 seed_hi=122019558496133150 nonce=865}: bitz::ligerito_flock: close time.busy=19.3µs time.idle=120ns
2026-10-07T19:22:16.049984Z  INFO falcon_algebraic:prove:falcon_algebraic:pcs:op:ligerito:spartan:grinding{bits=12}: bitz::piop::spartan::grinding: close time.busy=6.06µs time.idle=111ns
2026-10-07T19:22:16.050174Z  INFO falcon_algebraic:prove:falcon_algebraic:pcs:op:ligerito:lig:grind_pow{bits=7}:spartan:grinding{bits=12}: bitz::piop::spartan::grinding: close time.busy=17.8µs time.idle=110ns
2026-10-07T19:22:16.050177Z  INFO falcon_algebraic:prove:falcon_algebraic:pcs:op:ligerito:lig:grind_pow{bits=7 seed_lo=3981704520588902172 seed_hi=5112808211354485806 nonce=127}: bitz::ligerito_flock: close time.busy=21.3µs time.idle=130ns
2026-10-07T19:22:16.050190Z  INFO falcon_algebraic:prove:falcon_algebraic:pcs:op:ligerito:spartan:grinding{bits=12}: bitz::piop::spartan::grinding: close time.busy=11.6µs time.idle=110ns
2026-10-07T19:22:16.050212Z  INFO falcon_algebraic:prove:falcon_algebraic:pcs:op:ligerito:lig:grind_pow{bits=15}:spartan:grinding{bits=12}: bitz::piop::spartan::grinding: close time.busy=18.4µs time.idle=111ns
2026-10-07T19:22:16.050358Z  INFO falcon_algebraic:prove:falcon_algebraic:pcs:op:ligerito:lig:grind_pow{bits=15 seed_lo=5714358563480935973 seed_hi=7082249013099719080 nonce=37915}: bitz::ligerito_flock: close time.busy=165µs time.idle=110ns
2026-10-07T19:22:16.050365Z  INFO falcon_algebraic:prove:falcon_algebraic:pcs:op:ligerito:spartan:grinding{bits=12}: bitz::piop::spartan::grinding: close time.busy=4.77µs time.idle=110ns
2026-10-07T19:22:16.050377Z  INFO falcon_algebraic:prove:falcon_algebraic:pcs:op:ligerito:lig:grind_pow{bits=15}:spartan:grinding{bits=12}: bitz::piop::spartan::grinding: close time.busy=7.17µs time.idle=100ns
2026-10-07T19:22:16.050505Z  INFO falcon_algebraic:prove:falcon_algebraic:pcs:op:ligerito:lig:grind_pow{bits=15 seed_lo=1387454479720951228 seed_hi=11462693460595150436 nonce=33297}: bitz::ligerito_flock: close time.busy=137µs time.idle=120ns
2026-10-07T19:22:16.050514Z  INFO falcon_algebraic:prove:falcon_algebraic:pcs:op:ligerito:spartan:grinding{bits=12}: bitz::piop::spartan::grinding: close time.busy=6.58µs time.idle=110ns
2026-10-07T19:22:16.050536Z  INFO falcon_algebraic:prove:falcon_algebraic:pcs:op:ligerito:lig:grind_pow{bits=15}:spartan:grinding{bits=12}: bitz::piop::spartan::grinding: close time.busy=19.0µs time.idle=110ns
2026-10-07T19:22:16.050714Z  INFO falcon_algebraic:prove:falcon_algebraic:pcs:op:ligerito:lig:grind_pow{bits=15 seed_lo=11782515305620195408 seed_hi=13789569290169553573 nonce=46654}: bitz::ligerito_flock: close time.busy=198µs time.idle=110ns
2026-10-07T19:22:16.050739Z  INFO falcon_algebraic:prove:falcon_algebraic:pcs:op:ligerito:spartan:grinding{bits=12}: bitz::piop::spartan::grinding: close time.busy=23.0µs time.idle=100ns
2026-10-07T19:22:16.050784Z  INFO falcon_algebraic:prove:falcon_algebraic:pcs:op:ligerito:lig:grind_pow{bits=11}:spartan:grinding{bits=12}: bitz::piop::spartan::grinding: close time.busy=40.3µs time.idle=110ns
2026-10-07T19:22:16.050817Z  INFO falcon_algebraic:prove:falcon_algebraic:pcs:op:ligerito:lig:grind_pow{bits=11 seed_lo=6666139499001844964 seed_hi=2837533228837389612 nonce=8372}: bitz::ligerito_flock: close time.busy=74.1µs time.idle=110ns
2026-10-07T19:22:16.050829Z  INFO falcon_algebraic:prove:falcon_algebraic:pcs:op:ligerito:spartan:grinding{bits=12}: bitz::piop::spartan::grinding: close time.busy=9.86µs time.idle=110ns
2026-10-07T19:22:16.050900Z  INFO falcon_algebraic:prove:falcon_algebraic:pcs:op:ligerito: bitz::hybrid::opening: close time.busy=32.8ms time.idle=130ns
2026-10-07T19:22:16.050902Z  INFO falcon_algebraic:prove:falcon_algebraic:pcs: bitz::piop::spartan::falcon512_algebraic::protocol: close time.busy=40.0ms time.idle=462ns
2026-10-07T19:22:16.051876Z  INFO falcon_algebraic:prove: bitz::piop::spartan::falcon512_algebraic::protocol: close time.busy=393ms time.idle=140ns
2026-10-07T19:22:16.118622Z  INFO falcon_algebraic:verify:falcon_algebraic_ring:verify:falcon_algebraic_ring:coordinates: bitz::piop::spartan::falcon512_algebraic::ring: close time.busy=59.0ms time.idle=161ns
2026-10-07T19:22:16.136369Z  INFO falcon_algebraic:verify:falcon_algebraic_ring:verify:falcon_algebraic_ring:collapse: bitz::piop::spartan::falcon512_algebraic::ring: close time.busy=17.7ms time.idle=140ns
2026-10-07T19:22:16.136371Z  INFO falcon_algebraic:verify:falcon_algebraic_ring:verify: bitz::piop::spartan::falcon512_algebraic::ring: close time.busy=77.0ms time.idle=171ns
2026-10-07T19:22:16.136394Z  INFO falcon_algebraic:verify:spartan:round_grinding_verify: bitz::sumcheck::boundary: close time.busy=1.04µs time.idle=140ns
2026-10-07T19:22:16.136398Z  INFO falcon_algebraic:verify:spartan:round_grinding_verify: bitz::sumcheck::boundary: close time.busy=862ns time.idle=110ns
2026-10-07T19:22:16.136402Z  INFO falcon_algebraic:verify:spartan:round_grinding_verify: bitz::sumcheck::boundary: close time.busy=911ns time.idle=121ns
2026-10-07T19:22:16.136408Z  INFO falcon_algebraic:verify:spartan:round_grinding_verify: bitz::sumcheck::boundary: close time.busy=651ns time.idle=110ns
2026-10-07T19:22:16.136411Z  INFO falcon_algebraic:verify:spartan:round_grinding_verify: bitz::sumcheck::boundary: close time.busy=662ns time.idle=100ns
2026-10-07T19:22:16.136415Z  INFO falcon_algebraic:verify:spartan:round_grinding_verify: bitz::sumcheck::boundary: close time.busy=751ns time.idle=110ns
2026-10-07T19:22:16.136419Z  INFO falcon_algebraic:verify:spartan:round_grinding_verify: bitz::sumcheck::boundary: close time.busy=702ns time.idle=120ns
2026-10-07T19:22:16.136424Z  INFO falcon_algebraic:verify:spartan:round_grinding_verify: bitz::sumcheck::boundary: close time.busy=801ns time.idle=90.0ns
2026-10-07T19:22:16.136428Z  INFO falcon_algebraic:verify:spartan:round_grinding_verify: bitz::sumcheck::boundary: close time.busy=872ns time.idle=110ns
2026-10-07T19:22:16.136431Z  INFO falcon_algebraic:verify:spartan:round_grinding_verify: bitz::sumcheck::boundary: close time.busy=671ns time.idle=110ns
2026-10-07T19:22:16.136434Z  INFO falcon_algebraic:verify:spartan:round_grinding_verify: bitz::sumcheck::boundary: close time.busy=771ns time.idle=100ns
2026-10-07T19:22:16.136438Z  INFO falcon_algebraic:verify:spartan:round_grinding_verify: bitz::sumcheck::boundary: close time.busy=782ns time.idle=100ns
2026-10-07T19:22:16.136441Z  INFO falcon_algebraic:verify:spartan:round_grinding_verify: bitz::sumcheck::boundary: close time.busy=771ns time.idle=110ns
2026-10-07T19:22:16.136444Z  INFO falcon_algebraic:verify:spartan:round_grinding_verify: bitz::sumcheck::boundary: close time.busy=792ns time.idle=110ns
2026-10-07T19:22:16.136448Z  INFO falcon_algebraic:verify:spartan:round_grinding_verify: bitz::sumcheck::boundary: close time.busy=772ns time.idle=100ns
2026-10-07T19:22:16.136451Z  INFO falcon_algebraic:verify:spartan:round_grinding_verify: bitz::sumcheck::boundary: close time.busy=742ns time.idle=110ns
2026-10-07T19:22:16.136455Z  INFO falcon_algebraic:verify:spartan:round_grinding_verify: bitz::sumcheck::boundary: close time.busy=772ns time.idle=110ns
2026-10-07T19:22:16.136458Z  INFO falcon_algebraic:verify:spartan:round_grinding_verify: bitz::sumcheck::boundary: close time.busy=781ns time.idle=90.0ns
2026-10-07T19:22:16.136462Z  INFO falcon_algebraic:verify:spartan:round_grinding_verify: bitz::sumcheck::boundary: close time.busy=872ns time.idle=110ns
2026-10-07T19:22:16.145778Z  INFO falcon_algebraic:verify:spartan:round_grinding_verify: bitz::sumcheck::boundary: close time.busy=1.06µs time.idle=150ns
2026-10-07T19:22:16.145783Z  INFO falcon_algebraic:verify:spartan:round_grinding_verify: bitz::sumcheck::boundary: close time.busy=861ns time.idle=121ns
2026-10-07T19:22:16.145786Z  INFO falcon_algebraic:verify:spartan:round_grinding_verify: bitz::sumcheck::boundary: close time.busy=862ns time.idle=110ns
2026-10-07T19:22:16.145790Z  INFO falcon_algebraic:verify:spartan:round_grinding_verify: bitz::sumcheck::boundary: close time.busy=861ns time.idle=110ns
2026-10-07T19:22:16.145794Z  INFO falcon_algebraic:verify:spartan:round_grinding_verify: bitz::sumcheck::boundary: close time.busy=862ns time.idle=100ns
2026-10-07T19:22:16.145797Z  INFO falcon_algebraic:verify:spartan:round_grinding_verify: bitz::sumcheck::boundary: close time.busy=932ns time.idle=110ns
2026-10-07T19:22:16.145802Z  INFO falcon_algebraic:verify:spartan:round_grinding_verify: bitz::sumcheck::boundary: close time.busy=1.02µs time.idle=112ns
2026-10-07T19:22:16.145805Z  INFO falcon_algebraic:verify:spartan:round_grinding_verify: bitz::sumcheck::boundary: close time.busy=692ns time.idle=100ns
2026-10-07T19:22:16.145808Z  INFO falcon_algebraic:verify:spartan:round_grinding_verify: bitz::sumcheck::boundary: close time.busy=811ns time.idle=110ns
2026-10-07T19:22:16.145811Z  INFO falcon_algebraic:verify:spartan:round_grinding_verify: bitz::sumcheck::boundary: close time.busy=771ns time.idle=111ns
2026-10-07T19:22:16.145814Z  INFO falcon_algebraic:verify:spartan:round_grinding_verify: bitz::sumcheck::boundary: close time.busy=771ns time.idle=100ns
2026-10-07T19:22:16.145817Z  INFO falcon_algebraic:verify:spartan:round_grinding_verify: bitz::sumcheck::boundary: close time.busy=822ns time.idle=110ns
2026-10-07T19:22:16.145820Z  INFO falcon_algebraic:verify:spartan:round_grinding_verify: bitz::sumcheck::boundary: close time.busy=872ns time.idle=120ns
2026-10-07T19:22:16.145824Z  INFO falcon_algebraic:verify:spartan:round_grinding_verify: bitz::sumcheck::boundary: close time.busy=951ns time.idle=101ns
2026-10-07T19:22:16.145828Z  INFO falcon_algebraic:verify:spartan:round_grinding_verify: bitz::sumcheck::boundary: close time.busy=772ns time.idle=110ns
2026-10-07T19:22:16.145831Z  INFO falcon_algebraic:verify:spartan:round_grinding_verify: bitz::sumcheck::boundary: close time.busy=882ns time.idle=110ns
2026-10-07T19:22:16.145834Z  INFO falcon_algebraic:verify:spartan:round_grinding_verify: bitz::sumcheck::boundary: close time.busy=872ns time.idle=100ns
2026-10-07T19:22:16.145838Z  INFO falcon_algebraic:verify:spartan:round_grinding_verify: bitz::sumcheck::boundary: close time.busy=882ns time.idle=110ns
2026-10-07T19:22:16.145841Z  INFO falcon_algebraic:verify:spartan:round_grinding_verify: bitz::sumcheck::boundary: close time.busy=892ns time.idle=110ns
2026-10-07T19:22:16.145845Z  INFO falcon_algebraic:verify:spartan:round_grinding_verify: bitz::sumcheck::boundary: close time.busy=921ns time.idle=101ns
2026-10-07T19:22:16.145848Z  INFO falcon_algebraic:verify:spartan:round_grinding_verify: bitz::sumcheck::boundary: close time.busy=1.06µs time.idle=120ns
2026-10-07T19:22:16.145851Z  INFO falcon_algebraic:verify:spartan:round_grinding_verify: bitz::sumcheck::boundary: close time.busy=732ns time.idle=120ns
2026-10-07T19:22:16.145854Z  INFO falcon_algebraic:verify:spartan:round_grinding_verify: bitz::sumcheck::boundary: close time.busy=802ns time.idle=110ns
2026-10-07T19:22:16.145858Z  INFO falcon_algebraic:verify:spartan:round_grinding_verify: bitz::sumcheck::boundary: close time.busy=841ns time.idle=100ns
2026-10-07T19:22:16.153145Z  INFO falcon_algebraic:verify:spartan:round_grinding_verify: bitz::sumcheck::boundary: close time.busy=1.01µs time.idle=170ns
2026-10-07T19:22:16.153149Z  INFO falcon_algebraic:verify:spartan:round_grinding_verify: bitz::sumcheck::boundary: close time.busy=952ns time.idle=120ns
2026-10-07T19:22:16.153152Z  INFO falcon_algebraic:verify:spartan:round_grinding_verify: bitz::sumcheck::boundary: close time.busy=871ns time.idle=91.0ns
2026-10-07T19:22:16.153154Z  INFO falcon_algebraic:verify:spartan:round_grinding_verify: bitz::sumcheck::boundary: close time.busy=921ns time.idle=110ns
2026-10-07T19:22:16.153157Z  INFO falcon_algebraic:verify:spartan:round_grinding_verify: bitz::sumcheck::boundary: close time.busy=961ns time.idle=111ns
2026-10-07T19:22:16.153160Z  INFO falcon_algebraic:verify:spartan:round_grinding_verify: bitz::sumcheck::boundary: close time.busy=1.01µs time.idle=90.0ns
2026-10-07T19:22:16.153163Z  INFO falcon_algebraic:verify:spartan:round_grinding_verify: bitz::sumcheck::boundary: close time.busy=1.01µs time.idle=110ns
2026-10-07T19:22:16.153165Z  INFO falcon_algebraic:verify:spartan:round_grinding_verify: bitz::sumcheck::boundary: close time.busy=1.00µs time.idle=110ns
2026-10-07T19:22:16.153168Z  INFO falcon_algebraic:verify:spartan:round_grinding_verify: bitz::sumcheck::boundary: close time.busy=892ns time.idle=100ns
2026-10-07T19:22:16.153170Z  INFO falcon_algebraic:verify:spartan:round_grinding_verify: bitz::sumcheck::boundary: close time.busy=882ns time.idle=110ns
2026-10-07T19:22:16.153173Z  INFO falcon_algebraic:verify:spartan:round_grinding_verify: bitz::sumcheck::boundary: close time.busy=872ns time.idle=110ns
2026-10-07T19:22:16.153176Z  INFO falcon_algebraic:verify:spartan:round_grinding_verify: bitz::sumcheck::boundary: close time.busy=962ns time.idle=90.0ns
2026-10-07T19:22:16.153179Z  INFO falcon_algebraic:verify:spartan:round_grinding_verify: bitz::sumcheck::boundary: close time.busy=1.01µs time.idle=120ns
2026-10-07T19:22:16.153181Z  INFO falcon_algebraic:verify:spartan:round_grinding_verify: bitz::sumcheck::boundary: close time.busy=1.02µs time.idle=110ns
2026-10-07T19:22:16.153184Z  INFO falcon_algebraic:verify:spartan:round_grinding_verify: bitz::sumcheck::boundary: close time.busy=1.09µs time.idle=110ns
2026-10-07T19:22:16.153187Z  INFO falcon_algebraic:verify:spartan:round_grinding_verify: bitz::sumcheck::boundary: close time.busy=1.02µs time.idle=90.0ns
2026-10-07T19:22:16.153190Z  INFO falcon_algebraic:verify:spartan:round_grinding_verify: bitz::sumcheck::boundary: close time.busy=1.02µs time.idle=90.0ns
2026-10-07T19:22:16.153193Z  INFO falcon_algebraic:verify:spartan:round_grinding_verify: bitz::sumcheck::boundary: close time.busy=1.10µs time.idle=110ns
2026-10-07T19:22:16.153196Z  INFO falcon_algebraic:verify:spartan:round_grinding_verify: bitz::sumcheck::boundary: close time.busy=1.03µs time.idle=90.0ns
2026-10-07T19:22:16.153199Z  INFO falcon_algebraic:verify:spartan:round_grinding_verify: bitz::sumcheck::boundary: close time.busy=1.04µs time.idle=111ns
2026-10-07T19:22:16.153202Z  INFO falcon_algebraic:verify:spartan:round_grinding_verify: bitz::sumcheck::boundary: close time.busy=1.12µs time.idle=110ns
2026-10-07T19:22:16.153204Z  INFO falcon_algebraic:verify:spartan:round_grinding_verify: bitz::sumcheck::boundary: close time.busy=862ns time.idle=80.0ns
2026-10-07T19:22:16.153207Z  INFO falcon_algebraic:verify:spartan:round_grinding_verify: bitz::sumcheck::boundary: close time.busy=871ns time.idle=100ns
2026-10-07T19:22:16.153209Z  INFO falcon_algebraic:verify:spartan:round_grinding_verify: bitz::sumcheck::boundary: close time.busy=872ns time.idle=110ns
2026-10-07T19:22:16.153212Z  INFO falcon_algebraic:verify:spartan:round_grinding_verify: bitz::sumcheck::boundary: close time.busy=932ns time.idle=100ns
2026-10-07T19:22:16.155587Z  INFO falcon_algebraic:verify: bitz::piop::spartan::falcon512_algebraic::protocol: close time.busy=104ms time.idle=142ns
2026-10-07T19:22:16.188044Z  INFO falcon_algebraic:commit:falcon_algebraic:witness: bitz::piop::spartan::falcon512_algebraic::protocol: close time.busy=32.2ms time.idle=121ns
2026-10-07T19:22:16.217634Z  INFO falcon_algebraic:commit:shared_source:encode: bitz::hybrid::opening: close time.busy=1.59ms time.idle=160ns
2026-10-07T19:22:16.218620Z  INFO falcon_algebraic:commit:shared_source:merkle: bitz::hybrid::opening: close time.busy=983µs time.idle=180ns
2026-10-07T19:22:16.218622Z  INFO falcon_algebraic:commit: bitz::piop::spartan::falcon512_algebraic::protocol: close time.busy=62.9ms time.idle=140ns
2026-10-07T19:22:16.284927Z  INFO falcon_algebraic:prove:falcon_algebraic:ring:falcon_algebraic_ring:prove:falcon_algebraic_ring:coordinates: bitz::piop::spartan::falcon512_algebraic::ring: close time.busy=57.9ms time.idle=321ns
2026-10-07T19:22:16.285687Z  INFO falcon_algebraic:prove:falcon_algebraic:ring:falcon_algebraic_ring:prove:spartan:grinding{bits=11}: bitz::piop::spartan::grinding: close time.busy=1.84µs time.idle=130ns
2026-10-07T19:22:16.304192Z  INFO falcon_algebraic:prove:falcon_algebraic:ring:falcon_algebraic_ring:prove:falcon_algebraic_ring:collapse: bitz::piop::spartan::falcon512_algebraic::ring: close time.busy=18.5ms time.idle=120ns
2026-10-07T19:22:16.304194Z  INFO falcon_algebraic:prove:falcon_algebraic:ring:falcon_algebraic_ring:prove: bitz::piop::spartan::falcon512_algebraic::ring: close time.busy=78.1ms time.idle=161ns
2026-10-07T19:22:16.304195Z  INFO falcon_algebraic:prove:falcon_algebraic:ring: bitz::piop::spartan::falcon512_algebraic::protocol: close time.busy=78.1ms time.idle=140ns
2026-10-07T19:22:16.304206Z  INFO falcon_algebraic:prove:falcon_algebraic:arithmetic:falcon_algebraic:norm:spartan:grinding{bits=11}: bitz::piop::spartan::grinding: close time.busy=8.00µs time.idle=130ns
2026-10-07T19:22:16.333684Z  INFO falcon_algebraic:prove:falcon_algebraic:arithmetic:falcon_algebraic:norm:spartan:round_grinding_prove:spartan:grinding{bits=14}: bitz::piop::spartan::grinding: close time.busy=157µs time.idle=121ns
2026-10-07T19:22:16.333686Z  INFO falcon_algebraic:prove:falcon_algebraic:arithmetic:falcon_algebraic:norm:spartan:round_grinding_prove: bitz::sumcheck::boundary: close time.busy=161µs time.idle=150ns
2026-10-07T19:22:16.344323Z  INFO falcon_algebraic:prove:falcon_algebraic:arithmetic:falcon_algebraic:norm:spartan:round_grinding_prove:spartan:grinding{bits=14}: bitz::piop::spartan::grinding: close time.busy=78.0µs time.idle=120ns
2026-10-07T19:22:16.344325Z  INFO falcon_algebraic:prove:falcon_algebraic:arithmetic:falcon_algebraic:norm:spartan:round_grinding_prove: bitz::sumcheck::boundary: close time.busy=81.4µs time.idle=150ns
2026-10-07T19:22:16.349482Z  INFO falcon_algebraic:prove:falcon_algebraic:arithmetic:falcon_algebraic:norm:spartan:round_grinding_prove:spartan:grinding{bits=14}: bitz::piop::spartan::grinding: close time.busy=28.1µs time.idle=110ns
2026-10-07T19:22:16.349484Z  INFO falcon_algebraic:prove:falcon_algebraic:arithmetic:falcon_algebraic:norm:spartan:round_grinding_prove: bitz::sumcheck::boundary: close time.busy=31.0µs time.idle=111ns
2026-10-07T19:22:16.352014Z  INFO falcon_algebraic:prove:falcon_algebraic:arithmetic:falcon_algebraic:norm:spartan:round_grinding_prove:spartan:grinding{bits=14}: bitz::piop::spartan::grinding: close time.busy=18.3µs time.idle=120ns
2026-10-07T19:22:16.352015Z  INFO falcon_algebraic:prove:falcon_algebraic:arithmetic:falcon_algebraic:norm:spartan:round_grinding_prove: bitz::sumcheck::boundary: close time.busy=20.5µs time.idle=120ns
2026-10-07T19:22:16.353320Z  INFO falcon_algebraic:prove:falcon_algebraic:arithmetic:falcon_algebraic:norm:spartan:round_grinding_prove:spartan:grinding{bits=14}: bitz::piop::spartan::grinding: close time.busy=47.8µs time.idle=120ns
2026-10-07T19:22:16.353322Z  INFO falcon_algebraic:prove:falcon_algebraic:arithmetic:falcon_algebraic:norm:spartan:round_grinding_prove: bitz::sumcheck::boundary: close time.busy=50.2µs time.idle=120ns
2026-10-07T19:22:16.353996Z  INFO falcon_algebraic:prove:falcon_algebraic:arithmetic:falcon_algebraic:norm:spartan:round_grinding_prove:spartan:grinding{bits=14}: bitz::piop::spartan::grinding: close time.busy=44.0µs time.idle=110ns
2026-10-07T19:22:16.353998Z  INFO falcon_algebraic:prove:falcon_algebraic:arithmetic:falcon_algebraic:norm:spartan:round_grinding_prove: bitz::sumcheck::boundary: close time.busy=46.0µs time.idle=120ns
2026-10-07T19:22:16.354328Z  INFO falcon_algebraic:prove:falcon_algebraic:arithmetic:falcon_algebraic:norm:spartan:round_grinding_prove:spartan:grinding{bits=14}: bitz::piop::spartan::grinding: close time.busy=10.7µs time.idle=110ns
2026-10-07T19:22:16.354329Z  INFO falcon_algebraic:prove:falcon_algebraic:arithmetic:falcon_algebraic:norm:spartan:round_grinding_prove: bitz::sumcheck::boundary: close time.busy=12.7µs time.idle=110ns
2026-10-07T19:22:16.354570Z  INFO falcon_algebraic:prove:falcon_algebraic:arithmetic:falcon_algebraic:norm:spartan:round_grinding_prove:spartan:grinding{bits=14}: bitz::piop::spartan::grinding: close time.busy=76.3µs time.idle=120ns
2026-10-07T19:22:16.354571Z  INFO falcon_algebraic:prove:falcon_algebraic:arithmetic:falcon_algebraic:norm:spartan:round_grinding_prove: bitz::sumcheck::boundary: close time.busy=78.4µs time.idle=120ns
2026-10-07T19:22:16.354676Z  INFO falcon_algebraic:prove:falcon_algebraic:arithmetic:falcon_algebraic:norm:spartan:round_grinding_prove:spartan:grinding{bits=14}: bitz::piop::spartan::grinding: close time.busy=19.2µs time.idle=120ns
2026-10-07T19:22:16.354677Z  INFO falcon_algebraic:prove:falcon_algebraic:arithmetic:falcon_algebraic:norm:spartan:round_grinding_prove: bitz::sumcheck::boundary: close time.busy=21.4µs time.idle=100ns
2026-10-07T19:22:16.354761Z  INFO falcon_algebraic:prove:falcon_algebraic:arithmetic:falcon_algebraic:norm:spartan:round_grinding_prove:spartan:grinding{bits=14}: bitz::piop::spartan::grinding: close time.busy=37.6µs time.idle=110ns
2026-10-07T19:22:16.354762Z  INFO falcon_algebraic:prove:falcon_algebraic:arithmetic:falcon_algebraic:norm:spartan:round_grinding_prove: bitz::sumcheck::boundary: close time.busy=39.5µs time.idle=110ns
2026-10-07T19:22:16.354846Z  INFO falcon_algebraic:prove:falcon_algebraic:arithmetic:falcon_algebraic:norm:spartan:round_grinding_prove:spartan:grinding{bits=14}: bitz::piop::spartan::grinding: close time.busy=57.6µs time.idle=120ns
2026-10-07T19:22:16.354848Z  INFO falcon_algebraic:prove:falcon_algebraic:arithmetic:falcon_algebraic:norm:spartan:round_grinding_prove: bitz::sumcheck::boundary: close time.busy=59.6µs time.idle=120ns
2026-10-07T19:22:16.355155Z  INFO falcon_algebraic:prove:falcon_algebraic:arithmetic:falcon_algebraic:norm:spartan:round_grinding_prove:spartan:grinding{bits=14}: bitz::piop::spartan::grinding: close time.busy=289µs time.idle=120ns
2026-10-07T19:22:16.355156Z  INFO falcon_algebraic:prove:falcon_algebraic:arithmetic:falcon_algebraic:norm:spartan:round_grinding_prove: bitz::sumcheck::boundary: close time.busy=291µs time.idle=111ns
2026-10-07T19:22:16.355239Z  INFO falcon_algebraic:prove:falcon_algebraic:arithmetic:falcon_algebraic:norm:spartan:round_grinding_prove:spartan:grinding{bits=14}: bitz::piop::spartan::grinding: close time.busy=70.8µs time.idle=120ns
2026-10-07T19:22:16.355240Z  INFO falcon_algebraic:prove:falcon_algebraic:arithmetic:falcon_algebraic:norm:spartan:round_grinding_prove: bitz::sumcheck::boundary: close time.busy=72.8µs time.idle=101ns
2026-10-07T19:22:16.355404Z  INFO falcon_algebraic:prove:falcon_algebraic:arithmetic:falcon_algebraic:norm:spartan:round_grinding_prove:spartan:grinding{bits=14}: bitz::piop::spartan::grinding: close time.busy=155µs time.idle=111ns
2026-10-07T19:22:16.355406Z  INFO falcon_algebraic:prove:falcon_algebraic:arithmetic:falcon_algebraic:norm:spartan:round_grinding_prove: bitz::sumcheck::boundary: close time.busy=157µs time.idle=100ns
2026-10-07T19:22:16.355451Z  INFO falcon_algebraic:prove:falcon_algebraic:arithmetic:falcon_algebraic:norm:spartan:round_grinding_prove:spartan:grinding{bits=14}: bitz::piop::spartan::grinding: close time.busy=37.2µs time.idle=120ns
2026-10-07T19:22:16.355453Z  INFO falcon_algebraic:prove:falcon_algebraic:arithmetic:falcon_algebraic:norm:spartan:round_grinding_prove: bitz::sumcheck::boundary: close time.busy=39.1µs time.idle=110ns
2026-10-07T19:22:16.355486Z  INFO falcon_algebraic:prove:falcon_algebraic:arithmetic:falcon_algebraic:norm:spartan:round_grinding_prove:spartan:grinding{bits=14}: bitz::piop::spartan::grinding: close time.busy=26.0µs time.idle=110ns
2026-10-07T19:22:16.355487Z  INFO falcon_algebraic:prove:falcon_algebraic:arithmetic:falcon_algebraic:norm:spartan:round_grinding_prove: bitz::sumcheck::boundary: close time.busy=27.9µs time.idle=110ns
2026-10-07T19:22:16.355571Z  INFO falcon_algebraic:prove:falcon_algebraic:arithmetic:falcon_algebraic:norm:spartan:round_grinding_prove:spartan:grinding{bits=14}: bitz::piop::spartan::grinding: close time.busy=76.3µs time.idle=110ns
2026-10-07T19:22:16.355572Z  INFO falcon_algebraic:prove:falcon_algebraic:arithmetic:falcon_algebraic:norm:spartan:round_grinding_prove: bitz::sumcheck::boundary: close time.busy=78.3µs time.idle=90.0ns
2026-10-07T19:22:16.355660Z  INFO falcon_algebraic:prove:falcon_algebraic:arithmetic:falcon_algebraic:norm:spartan:round_grinding_prove:spartan:grinding{bits=14}: bitz::piop::spartan::grinding: close time.busy=80.8µs time.idle=120ns
2026-10-07T19:22:16.355662Z  INFO falcon_algebraic:prove:falcon_algebraic:arithmetic:falcon_algebraic:norm:spartan:round_grinding_prove: bitz::sumcheck::boundary: close time.busy=82.7µs time.idle=111ns
2026-10-07T19:22:16.355675Z  INFO falcon_algebraic:prove:falcon_algebraic:arithmetic:falcon_algebraic:norm:spartan:round_grinding_prove:spartan:grinding{bits=14}: bitz::piop::spartan::grinding: close time.busy=5.20µs time.idle=110ns
2026-10-07T19:22:16.355676Z  INFO falcon_algebraic:prove:falcon_algebraic:arithmetic:falcon_algebraic:norm:spartan:round_grinding_prove: bitz::sumcheck::boundary: close time.busy=7.23µs time.idle=111ns
2026-10-07T19:22:16.355684Z  INFO falcon_algebraic:prove:falcon_algebraic:arithmetic:falcon_algebraic:norm: bitz::piop::spartan::falcon512_algebraic::arithmetic: close time.busy=51.5ms time.idle=150ns
2026-10-07T19:22:16.355688Z  INFO falcon_algebraic:prove:falcon_algebraic:arithmetic:falcon_algebraic:binding:spartan:grinding{bits=10}: bitz::piop::spartan::grinding: close time.busy=1.58µs time.idle=120ns
2026-10-07T19:22:16.401699Z  INFO falcon_algebraic:prove:falcon_algebraic:arithmetic:falcon_algebraic:binding:inner_packed:prefix_accumulators: bitz::sumcheck::inner::packed::state: close time.busy=37.1ms time.idle=160ns
2026-10-07T19:22:16.401715Z  INFO falcon_algebraic:prove:falcon_algebraic:arithmetic:falcon_algebraic:binding:spartan:round_grinding_prove:spartan:grinding{bits=13}: bitz::piop::spartan::grinding: close time.busy=10.6µs time.idle=120ns
2026-10-07T19:22:16.401717Z  INFO falcon_algebraic:prove:falcon_algebraic:arithmetic:falcon_algebraic:binding:spartan:round_grinding_prove: bitz::sumcheck::boundary: close time.busy=13.2µs time.idle=150ns
2026-10-07T19:22:16.401736Z  INFO falcon_algebraic:prove:falcon_algebraic:arithmetic:falcon_algebraic:binding:spartan:round_grinding_prove:spartan:grinding{bits=13}: bitz::piop::spartan::grinding: close time.busy=13.6µs time.idle=110ns
2026-10-07T19:22:16.401737Z  INFO falcon_algebraic:prove:falcon_algebraic:arithmetic:falcon_algebraic:binding:spartan:round_grinding_prove: bitz::sumcheck::boundary: close time.busy=15.8µs time.idle=120ns
2026-10-07T19:22:16.401746Z  INFO falcon_algebraic:prove:falcon_algebraic:arithmetic:falcon_algebraic:binding:spartan:round_grinding_prove:spartan:grinding{bits=13}: bitz::piop::spartan::grinding: close time.busy=4.94µs time.idle=110ns
2026-10-07T19:22:16.401747Z  INFO falcon_algebraic:prove:falcon_algebraic:arithmetic:falcon_algebraic:binding:spartan:round_grinding_prove: bitz::sumcheck::boundary: close time.busy=7.06µs time.idle=151ns
2026-10-07T19:22:16.443166Z  INFO falcon_algebraic:prove:falcon_algebraic:arithmetic:falcon_algebraic:binding:inner_packed:prepare_tail: bitz::sumcheck::inner::packed::state: close time.busy=41.4ms time.idle=260ns
2026-10-07T19:22:16.443195Z  INFO falcon_algebraic:prove:falcon_algebraic:arithmetic:falcon_algebraic:binding:spartan:round_grinding_prove:spartan:grinding{bits=13}: bitz::piop::spartan::grinding: close time.busy=25.0µs time.idle=140ns
2026-10-07T19:22:16.443197Z  INFO falcon_algebraic:prove:falcon_algebraic:arithmetic:falcon_algebraic:binding:spartan:round_grinding_prove: bitz::sumcheck::boundary: close time.busy=27.6µs time.idle=120ns
2026-10-07T19:22:16.467279Z  INFO falcon_algebraic:prove:falcon_algebraic:arithmetic:falcon_algebraic:binding:inner_packed:fold_tail{round=3}: bitz::sumcheck::inner::packed::state: close time.busy=24.1ms time.idle=140ns
2026-10-07T19:22:16.467287Z  INFO falcon_algebraic:prove:falcon_algebraic:arithmetic:falcon_algebraic:binding:spartan:round_grinding_prove:spartan:grinding{bits=13}: bitz::piop::spartan::grinding: close time.busy=4.53µs time.idle=130ns
2026-10-07T19:22:16.467289Z  INFO falcon_algebraic:prove:falcon_algebraic:arithmetic:falcon_algebraic:binding:spartan:round_grinding_prove: bitz::sumcheck::boundary: close time.busy=7.01µs time.idle=110ns
2026-10-07T19:22:16.477134Z  INFO falcon_algebraic:prove:falcon_algebraic:arithmetic:falcon_algebraic:binding:inner_packed:fold_tail{round=4}: bitz::sumcheck::inner::packed::state: close time.busy=9.84ms time.idle=121ns
2026-10-07T19:22:16.477162Z  INFO falcon_algebraic:prove:falcon_algebraic:arithmetic:falcon_algebraic:binding:spartan:round_grinding_prove:spartan:grinding{bits=13}: bitz::piop::spartan::grinding: close time.busy=25.7µs time.idle=111ns
2026-10-07T19:22:16.477164Z  INFO falcon_algebraic:prove:falcon_algebraic:arithmetic:falcon_algebraic:binding:spartan:round_grinding_prove: bitz::sumcheck::boundary: close time.busy=28.1µs time.idle=110ns
2026-10-07T19:22:16.482070Z  INFO falcon_algebraic:prove:falcon_algebraic:arithmetic:falcon_algebraic:binding:inner_packed:fold_tail{round=5}: bitz::sumcheck::inner::packed::state: close time.busy=4.90ms time.idle=110ns
2026-10-07T19:22:16.482100Z  INFO falcon_algebraic:prove:falcon_algebraic:arithmetic:falcon_algebraic:binding:spartan:round_grinding_prove:spartan:grinding{bits=13}: bitz::piop::spartan::grinding: close time.busy=27.2µs time.idle=120ns
2026-10-07T19:22:16.482101Z  INFO falcon_algebraic:prove:falcon_algebraic:arithmetic:falcon_algebraic:binding:spartan:round_grinding_prove: bitz::sumcheck::boundary: close time.busy=29.5µs time.idle=120ns
2026-10-07T19:22:16.485246Z  INFO falcon_algebraic:prove:falcon_algebraic:arithmetic:falcon_algebraic:binding:inner_packed:fold_tail{round=6}: bitz::sumcheck::inner::packed::state: close time.busy=3.14ms time.idle=120ns
2026-10-07T19:22:16.485312Z  INFO falcon_algebraic:prove:falcon_algebraic:arithmetic:falcon_algebraic:binding:spartan:round_grinding_prove:spartan:grinding{bits=13}: bitz::piop::spartan::grinding: close time.busy=61.5µs time.idle=120ns
2026-10-07T19:22:16.485314Z  INFO falcon_algebraic:prove:falcon_algebraic:arithmetic:falcon_algebraic:binding:spartan:round_grinding_prove: bitz::sumcheck::boundary: close time.busy=63.5µs time.idle=111ns
2026-10-07T19:22:16.486581Z  INFO falcon_algebraic:prove:falcon_algebraic:arithmetic:falcon_algebraic:binding:inner_packed:fold_tail{round=7}: bitz::sumcheck::inner::packed::state: close time.busy=1.27ms time.idle=110ns
2026-10-07T19:22:16.486604Z  INFO falcon_algebraic:prove:falcon_algebraic:arithmetic:falcon_algebraic:binding:spartan:round_grinding_prove:spartan:grinding{bits=13}: bitz::piop::spartan::grinding: close time.busy=20.3µs time.idle=130ns
2026-10-07T19:22:16.486605Z  INFO falcon_algebraic:prove:falcon_algebraic:arithmetic:falcon_algebraic:binding:spartan:round_grinding_prove: bitz::sumcheck::boundary: close time.busy=22.4µs time.idle=90.0ns
2026-10-07T19:22:16.487257Z  INFO falcon_algebraic:prove:falcon_algebraic:arithmetic:falcon_algebraic:binding:inner_packed:fold_tail{round=8}: bitz::sumcheck::inner::packed::state: close time.busy=649µs time.idle=110ns
2026-10-07T19:22:16.487303Z  INFO falcon_algebraic:prove:falcon_algebraic:arithmetic:falcon_algebraic:binding:spartan:round_grinding_prove:spartan:grinding{bits=13}: bitz::piop::spartan::grinding: close time.busy=43.8µs time.idle=110ns
2026-10-07T19:22:16.487304Z  INFO falcon_algebraic:prove:falcon_algebraic:arithmetic:falcon_algebraic:binding:spartan:round_grinding_prove: bitz::sumcheck::boundary: close time.busy=45.9µs time.idle=120ns
2026-10-07T19:22:16.487637Z  INFO falcon_algebraic:prove:falcon_algebraic:arithmetic:falcon_algebraic:binding:inner_packed:fold_tail{round=9}: bitz::sumcheck::inner::packed::state: close time.busy=330µs time.idle=121ns
2026-10-07T19:22:16.487656Z  INFO falcon_algebraic:prove:falcon_algebraic:arithmetic:falcon_algebraic:binding:spartan:round_grinding_prove:spartan:grinding{bits=13}: bitz::piop::spartan::grinding: close time.busy=17.3µs time.idle=130ns
2026-10-07T19:22:16.487658Z  INFO falcon_algebraic:prove:falcon_algebraic:arithmetic:falcon_algebraic:binding:spartan:round_grinding_prove: bitz::sumcheck::boundary: close time.busy=19.3µs time.idle=120ns
2026-10-07T19:22:16.487828Z  INFO falcon_algebraic:prove:falcon_algebraic:arithmetic:falcon_algebraic:binding:inner_packed:fold_tail{round=10}: bitz::sumcheck::inner::packed::state: close time.busy=168µs time.idle=100ns
2026-10-07T19:22:16.487863Z  INFO falcon_algebraic:prove:falcon_algebraic:arithmetic:falcon_algebraic:binding:spartan:round_grinding_prove:spartan:grinding{bits=13}: bitz::piop::spartan::grinding: close time.busy=32.8µs time.idle=110ns
2026-10-07T19:22:16.487864Z  INFO falcon_algebraic:prove:falcon_algebraic:arithmetic:falcon_algebraic:binding:spartan:round_grinding_prove: bitz::sumcheck::boundary: close time.busy=34.8µs time.idle=111ns
2026-10-07T19:22:16.487954Z  INFO falcon_algebraic:prove:falcon_algebraic:arithmetic:falcon_algebraic:binding:inner_packed:fold_tail{round=11}: bitz::sumcheck::inner::packed::state: close time.busy=87.4µs time.idle=120ns
2026-10-07T19:22:16.487979Z  INFO falcon_algebraic:prove:falcon_algebraic:arithmetic:falcon_algebraic:binding:spartan:round_grinding_prove:spartan:grinding{bits=13}: bitz::piop::spartan::grinding: close time.busy=22.9µs time.idle=140ns
2026-10-07T19:22:16.487981Z  INFO falcon_algebraic:prove:falcon_algebraic:arithmetic:falcon_algebraic:binding:spartan:round_grinding_prove: bitz::sumcheck::boundary: close time.busy=25.0µs time.idle=121ns
2026-10-07T19:22:16.488027Z  INFO falcon_algebraic:prove:falcon_algebraic:arithmetic:falcon_algebraic:binding:inner_packed:fold_tail{round=12}: bitz::sumcheck::inner::packed::state: close time.busy=44.5µs time.idle=110ns
2026-10-07T19:22:16.488038Z  INFO falcon_algebraic:prove:falcon_algebraic:arithmetic:falcon_algebraic:binding:spartan:round_grinding_prove:spartan:grinding{bits=13}: bitz::piop::spartan::grinding: close time.busy=7.83µs time.idle=120ns
2026-10-07T19:22:16.488040Z  INFO falcon_algebraic:prove:falcon_algebraic:arithmetic:falcon_algebraic:binding:spartan:round_grinding_prove: bitz::sumcheck::boundary: close time.busy=10.3µs time.idle=100ns
2026-10-07T19:22:16.488065Z  INFO falcon_algebraic:prove:falcon_algebraic:arithmetic:falcon_algebraic:binding:inner_packed:fold_tail{round=13}: bitz::sumcheck::inner::packed::state: close time.busy=23.4µs time.idle=110ns
2026-10-07T19:22:16.488091Z  INFO falcon_algebraic:prove:falcon_algebraic:arithmetic:falcon_algebraic:binding:spartan:round_grinding_prove:spartan:grinding{bits=13}: bitz::piop::spartan::grinding: close time.busy=23.3µs time.idle=120ns
2026-10-07T19:22:16.488092Z  INFO falcon_algebraic:prove:falcon_algebraic:arithmetic:falcon_algebraic:binding:spartan:round_grinding_prove: bitz::sumcheck::boundary: close time.busy=25.3µs time.idle=110ns
2026-10-07T19:22:16.488105Z  INFO falcon_algebraic:prove:falcon_algebraic:arithmetic:falcon_algebraic:binding:inner_packed:fold_tail{round=14}: bitz::sumcheck::inner::packed::state: close time.busy=11.1µs time.idle=111ns
2026-10-07T19:22:16.488214Z  INFO falcon_algebraic:prove:falcon_algebraic:arithmetic:falcon_algebraic:binding:spartan:round_grinding_prove:spartan:grinding{bits=13}: bitz::piop::spartan::grinding: close time.busy=106µs time.idle=120ns
2026-10-07T19:22:16.488215Z  INFO falcon_algebraic:prove:falcon_algebraic:arithmetic:falcon_algebraic:binding:spartan:round_grinding_prove: bitz::sumcheck::boundary: close time.busy=108µs time.idle=100ns
2026-10-07T19:22:16.488223Z  INFO falcon_algebraic:prove:falcon_algebraic:arithmetic:falcon_algebraic:binding:inner_packed:fold_tail{round=15}: bitz::sumcheck::inner::packed::state: close time.busy=5.46µs time.idle=110ns
2026-10-07T19:22:16.488309Z  INFO falcon_algebraic:prove:falcon_algebraic:arithmetic:falcon_algebraic:binding:spartan:round_grinding_prove:spartan:grinding{bits=13}: bitz::piop::spartan::grinding: close time.busy=83.5µs time.idle=110ns
2026-10-07T19:22:16.488310Z  INFO falcon_algebraic:prove:falcon_algebraic:arithmetic:falcon_algebraic:binding:spartan:round_grinding_prove: bitz::sumcheck::boundary: close time.busy=85.7µs time.idle=110ns
2026-10-07T19:22:16.488316Z  INFO falcon_algebraic:prove:falcon_algebraic:arithmetic:falcon_algebraic:binding:inner_packed:fold_tail{round=16}: bitz::sumcheck::inner::packed::state: close time.busy=2.71µs time.idle=100ns
2026-10-07T19:22:16.488327Z  INFO falcon_algebraic:prove:falcon_algebraic:arithmetic:falcon_algebraic:binding:spartan:round_grinding_prove:spartan:grinding{bits=13}: bitz::piop::spartan::grinding: close time.busy=8.29µs time.idle=121ns
2026-10-07T19:22:16.488328Z  INFO falcon_algebraic:prove:falcon_algebraic:arithmetic:falcon_algebraic:binding:spartan:round_grinding_prove: bitz::sumcheck::boundary: close time.busy=10.5µs time.idle=100ns
2026-10-07T19:22:16.488332Z  INFO falcon_algebraic:prove:falcon_algebraic:arithmetic:falcon_algebraic:binding:inner_packed:fold_tail{round=17}: bitz::sumcheck::inner::packed::state: close time.busy=1.40µs time.idle=111ns
2026-10-07T19:22:16.488416Z  INFO falcon_algebraic:prove:falcon_algebraic:arithmetic:falcon_algebraic:binding:spartan:round_grinding_prove:spartan:grinding{bits=13}: bitz::piop::spartan::grinding: close time.busy=82.6µs time.idle=110ns
2026-10-07T19:22:16.488418Z  INFO falcon_algebraic:prove:falcon_algebraic:arithmetic:falcon_algebraic:binding:spartan:round_grinding_prove: bitz::sumcheck::boundary: close time.busy=84.7µs time.idle=110ns
2026-10-07T19:22:16.488421Z  INFO falcon_algebraic:prove:falcon_algebraic:arithmetic:falcon_algebraic:binding:inner_packed:fold_tail{round=18}: bitz::sumcheck::inner::packed::state: close time.busy=741ns time.idle=110ns
2026-10-07T19:22:16.488472Z  INFO falcon_algebraic:prove:falcon_algebraic:arithmetic:falcon_algebraic:binding:spartan:round_grinding_prove:spartan:grinding{bits=13}: bitz::piop::spartan::grinding: close time.busy=48.9µs time.idle=110ns
2026-10-07T19:22:16.488474Z  INFO falcon_algebraic:prove:falcon_algebraic:arithmetic:falcon_algebraic:binding:spartan:round_grinding_prove: bitz::sumcheck::boundary: close time.busy=51.6µs time.idle=100ns
2026-10-07T19:22:16.488477Z  INFO falcon_algebraic:prove:falcon_algebraic:arithmetic:falcon_algebraic:binding:inner_packed:fold_tail{round=19}: bitz::sumcheck::inner::packed::state: close time.busy=461ns time.idle=100ns
2026-10-07T19:22:16.488533Z  INFO falcon_algebraic:prove:falcon_algebraic:arithmetic:falcon_algebraic:binding:spartan:round_grinding_prove:spartan:grinding{bits=13}: bitz::piop::spartan::grinding: close time.busy=53.5µs time.idle=120ns
2026-10-07T19:22:16.488534Z  INFO falcon_algebraic:prove:falcon_algebraic:arithmetic:falcon_algebraic:binding:spartan:round_grinding_prove: bitz::sumcheck::boundary: close time.busy=55.8µs time.idle=110ns
2026-10-07T19:22:16.488536Z  INFO falcon_algebraic:prove:falcon_algebraic:arithmetic:falcon_algebraic:binding:inner_packed:fold_tail{round=20}: bitz::sumcheck::inner::packed::state: close time.busy=270ns time.idle=111ns
2026-10-07T19:22:16.488558Z  INFO falcon_algebraic:prove:falcon_algebraic:arithmetic:falcon_algebraic:binding:spartan:round_grinding_prove:spartan:grinding{bits=13}: bitz::piop::spartan::grinding: close time.busy=19.0µs time.idle=110ns
2026-10-07T19:22:16.488559Z  INFO falcon_algebraic:prove:falcon_algebraic:arithmetic:falcon_algebraic:binding:spartan:round_grinding_prove: bitz::sumcheck::boundary: close time.busy=20.9µs time.idle=110ns
2026-10-07T19:22:16.488561Z  INFO falcon_algebraic:prove:falcon_algebraic:arithmetic:falcon_algebraic:binding:inner_packed:fold_tail{round=21}: bitz::sumcheck::inner::packed::state: close time.busy=171ns time.idle=110ns
2026-10-07T19:22:16.488568Z  INFO falcon_algebraic:prove:falcon_algebraic:arithmetic:falcon_algebraic:binding:spartan:round_grinding_prove:spartan:grinding{bits=13}: bitz::piop::spartan::grinding: close time.busy=4.84µs time.idle=121ns
2026-10-07T19:22:16.488569Z  INFO falcon_algebraic:prove:falcon_algebraic:arithmetic:falcon_algebraic:binding:spartan:round_grinding_prove: bitz::sumcheck::boundary: close time.busy=6.87µs time.idle=110ns
2026-10-07T19:22:16.488573Z  INFO falcon_algebraic:prove:falcon_algebraic:arithmetic:falcon_algebraic:binding:inner_packed:fold_tail{round=22}: bitz::sumcheck::inner::packed::state: close time.busy=121ns time.idle=110ns
2026-10-07T19:22:16.488588Z  INFO falcon_algebraic:prove:falcon_algebraic:arithmetic:falcon_algebraic:binding:spartan:round_grinding_prove:spartan:grinding{bits=13}: bitz::piop::spartan::grinding: close time.busy=12.7µs time.idle=110ns
2026-10-07T19:22:16.488589Z  INFO falcon_algebraic:prove:falcon_algebraic:arithmetic:falcon_algebraic:binding:spartan:round_grinding_prove: bitz::sumcheck::boundary: close time.busy=14.8µs time.idle=110ns
2026-10-07T19:22:16.488591Z  INFO falcon_algebraic:prove:falcon_algebraic:arithmetic:falcon_algebraic:binding:inner_packed:fold_tail{round=23}: bitz::sumcheck::inner::packed::state: close time.busy=310ns time.idle=100ns
2026-10-07T19:22:16.495298Z  INFO falcon_algebraic:prove:falcon_algebraic:arithmetic:falcon_algebraic:binding: bitz::piop::spartan::falcon512_algebraic::arithmetic: close time.busy=140ms time.idle=151ns
2026-10-07T19:22:16.495301Z  INFO falcon_algebraic:prove:falcon_algebraic:arithmetic: bitz::piop::spartan::falcon512_algebraic::protocol: close time.busy=191ms time.idle=160ns
2026-10-07T19:22:16.497824Z  INFO falcon_algebraic:prove:falcon_algebraic:bitz:falcon_bridge:integer_folds: bitz::hybrid::integer_bridge: close time.busy=2.48ms time.idle=161ns
2026-10-07T19:22:16.498865Z  INFO falcon_algebraic:prove:falcon_algebraic:bitz:falcon_bridge:column_packing: bitz::hybrid::integer_bridge: close time.busy=851µs time.idle=161ns
2026-10-07T19:22:16.499241Z  INFO falcon_algebraic:prove:falcon_algebraic:bitz:falcon_bridge:power_tables: bitz::hybrid::integer_bridge: close time.busy=375µs time.idle=130ns
2026-10-07T19:22:16.499259Z  INFO falcon_algebraic:prove:falcon_algebraic:bitz:spartan:grinding{bits=14}: bitz::piop::spartan::grinding: close time.busy=14.5µs time.idle=120ns
2026-10-07T19:22:16.507492Z  INFO falcon_algebraic:prove:falcon_algebraic:bitz:falcon_bridge:wfbitz_forest:spartan:grinding{bits=14}: bitz::piop::spartan::grinding: close time.busy=136µs time.idle=181ns
2026-10-07T19:22:16.507671Z  INFO falcon_algebraic:prove:falcon_algebraic:bitz:falcon_bridge:wfbitz_forest:spartan:grinding{bits=14}: bitz::piop::spartan::grinding: close time.busy=168µs time.idle=111ns
2026-10-07T19:22:16.507687Z  INFO falcon_algebraic:prove:falcon_algebraic:bitz:falcon_bridge:wfbitz_forest:spartan:grinding{bits=14}: bitz::piop::spartan::grinding: close time.busy=10.1µs time.idle=111ns
2026-10-07T19:22:16.507704Z  INFO falcon_algebraic:prove:falcon_algebraic:bitz:falcon_bridge:wfbitz_forest:spartan:grinding{bits=14}: bitz::piop::spartan::grinding: close time.busy=13.4µs time.idle=121ns
2026-10-07T19:22:16.507789Z  INFO falcon_algebraic:prove:falcon_algebraic:bitz:falcon_bridge:wfbitz_forest:spartan:grinding{bits=14}: bitz::piop::spartan::grinding: close time.busy=81.2µs time.idle=120ns
2026-10-07T19:22:16.507803Z  INFO falcon_algebraic:prove:falcon_algebraic:bitz:falcon_bridge:wfbitz_forest:spartan:grinding{bits=14}: bitz::piop::spartan::grinding: close time.busy=10.4µs time.idle=110ns
2026-10-07T19:22:16.507873Z  INFO falcon_algebraic:prove:falcon_algebraic:bitz:falcon_bridge:wfbitz_forest:spartan:grinding{bits=14}: bitz::piop::spartan::grinding: close time.busy=67.3µs time.idle=90.0ns
2026-10-07T19:22:16.507883Z  INFO falcon_algebraic:prove:falcon_algebraic:bitz:falcon_bridge:wfbitz_forest:spartan:grinding{bits=14}: bitz::piop::spartan::grinding: close time.busy=8.07µs time.idle=110ns
2026-10-07T19:22:16.507910Z  INFO falcon_algebraic:prove:falcon_algebraic:bitz:falcon_bridge:wfbitz_forest:spartan:grinding{bits=14}: bitz::piop::spartan::grinding: close time.busy=24.0µs time.idle=110ns
2026-10-07T19:22:16.507927Z  INFO falcon_algebraic:prove:falcon_algebraic:bitz:falcon_bridge:wfbitz_forest:spartan:grinding{bits=14}: bitz::piop::spartan::grinding: close time.busy=13.6µs time.idle=110ns
2026-10-07T19:22:16.507988Z  INFO falcon_algebraic:prove:falcon_algebraic:bitz:falcon_bridge:wfbitz_forest:spartan:grinding{bits=14}: bitz::piop::spartan::grinding: close time.busy=58.6µs time.idle=110ns
2026-10-07T19:22:16.508123Z  INFO falcon_algebraic:prove:falcon_algebraic:bitz:falcon_bridge:wfbitz_forest:spartan:grinding{bits=14}: bitz::piop::spartan::grinding: close time.busy=132µs time.idle=110ns
2026-10-07T19:22:16.508148Z  INFO falcon_algebraic:prove:falcon_algebraic:bitz:falcon_bridge:wfbitz_forest:spartan:grinding{bits=14}: bitz::piop::spartan::grinding: close time.busy=22.8µs time.idle=90.0ns
2026-10-07T19:22:16.508185Z  INFO falcon_algebraic:prove:falcon_algebraic:bitz:falcon_bridge:wfbitz_forest:spartan:grinding{bits=14}: bitz::piop::spartan::grinding: close time.busy=19.1µs time.idle=111ns
2026-10-07T19:22:16.508269Z  INFO falcon_algebraic:prove:falcon_algebraic:bitz:falcon_bridge:wfbitz_forest:spartan:grinding{bits=14}: bitz::piop::spartan::grinding: close time.busy=74.4µs time.idle=120ns
2026-10-07T19:22:16.508303Z  INFO falcon_algebraic:prove:falcon_algebraic:bitz:falcon_bridge:wfbitz_forest:spartan:grinding{bits=14}: bitz::piop::spartan::grinding: close time.busy=25.3µs time.idle=110ns
2026-10-07T19:22:16.508340Z  INFO falcon_algebraic:prove:falcon_algebraic:bitz:falcon_bridge:wfbitz_forest:spartan:grinding{bits=14}: bitz::piop::spartan::grinding: close time.busy=31.4µs time.idle=111ns
2026-10-07T19:22:16.508407Z  INFO falcon_algebraic:prove:falcon_algebraic:bitz:falcon_bridge:wfbitz_forest:spartan:grinding{bits=14}: bitz::piop::spartan::grinding: close time.busy=63.9µs time.idle=100ns
2026-10-07T19:22:16.508443Z  INFO falcon_algebraic:prove:falcon_algebraic:bitz:falcon_bridge:wfbitz_forest:spartan:grinding{bits=14}: bitz::piop::spartan::grinding: close time.busy=31.9µs time.idle=100ns
2026-10-07T19:22:16.508506Z  INFO falcon_algebraic:prove:falcon_algebraic:bitz:falcon_bridge:wfbitz_forest:spartan:grinding{bits=14}: bitz::piop::spartan::grinding: close time.busy=59.8µs time.idle=100ns
2026-10-07T19:22:16.508591Z  INFO falcon_algebraic:prove:falcon_algebraic:bitz:falcon_bridge:wfbitz_forest:spartan:grinding{bits=14}: bitz::piop::spartan::grinding: close time.busy=82.3µs time.idle=110ns
2026-10-07T19:22:16.508706Z  INFO falcon_algebraic:prove:falcon_algebraic:bitz:falcon_bridge:wfbitz_forest:spartan:grinding{bits=14}: bitz::piop::spartan::grinding: close time.busy=112µs time.idle=111ns
2026-10-07T19:22:16.508729Z  INFO falcon_algebraic:prove:falcon_algebraic:bitz:falcon_bridge:wfbitz_forest:spartan:grinding{bits=14}: bitz::piop::spartan::grinding: close time.busy=19.9µs time.idle=110ns
2026-10-07T19:22:16.508760Z  INFO falcon_algebraic:prove:falcon_algebraic:bitz:falcon_bridge:wfbitz_forest:spartan:grinding{bits=14}: bitz::piop::spartan::grinding: close time.busy=28.5µs time.idle=111ns
2026-10-07T19:22:16.508770Z  INFO falcon_algebraic:prove:falcon_algebraic:bitz:falcon_bridge:wfbitz_forest:spartan:grinding{bits=14}: bitz::piop::spartan::grinding: close time.busy=7.25µs time.idle=100ns
2026-10-07T19:22:16.509074Z  INFO falcon_algebraic:prove:falcon_algebraic:bitz:falcon_bridge:wfbitz_forest:spartan:grinding{bits=14}: bitz::piop::spartan::grinding: close time.busy=301µs time.idle=110ns
2026-10-07T19:22:16.509091Z  INFO falcon_algebraic:prove:falcon_algebraic:bitz:falcon_bridge:wfbitz_forest:spartan:grinding{bits=14}: bitz::piop::spartan::grinding: close time.busy=14.3µs time.idle=111ns
2026-10-07T19:22:16.509330Z  INFO falcon_algebraic:prove:falcon_algebraic:bitz:falcon_bridge:wfbitz_forest:spartan:grinding{bits=14}: bitz::piop::spartan::grinding: close time.busy=216µs time.idle=110ns
2026-10-07T19:22:16.509356Z  INFO falcon_algebraic:prove:falcon_algebraic:bitz:falcon_bridge:wfbitz_forest:spartan:grinding{bits=14}: bitz::piop::spartan::grinding: close time.busy=4.00µs time.idle=111ns
2026-10-07T19:22:16.509416Z  INFO falcon_algebraic:prove:falcon_algebraic:bitz:falcon_bridge:wfbitz_forest:spartan:grinding{bits=14}: bitz::piop::spartan::grinding: close time.busy=51.9µs time.idle=110ns
2026-10-07T19:22:16.509601Z  INFO falcon_algebraic:prove:falcon_algebraic:bitz:falcon_bridge:wfbitz_forest:spartan:grinding{bits=14}: bitz::piop::spartan::grinding: close time.busy=169µs time.idle=110ns
2026-10-07T19:22:16.509659Z  INFO falcon_algebraic:prove:falcon_algebraic:bitz:falcon_bridge:wfbitz_forest:spartan:grinding{bits=14}: bitz::piop::spartan::grinding: close time.busy=52.3µs time.idle=111ns
2026-10-07T19:22:16.509733Z  INFO falcon_algebraic:prove:falcon_algebraic:bitz:falcon_bridge:wfbitz_forest:spartan:grinding{bits=14}: bitz::piop::spartan::grinding: close time.busy=69.3µs time.idle=111ns
2026-10-07T19:22:16.509772Z  INFO falcon_algebraic:prove:falcon_algebraic:bitz:falcon_bridge:wfbitz_forest:spartan:grinding{bits=14}: bitz::piop::spartan::grinding: close time.busy=36.2µs time.idle=100ns
2026-10-07T19:22:16.509824Z  INFO falcon_algebraic:prove:falcon_algebraic:bitz:falcon_bridge:wfbitz_forest:spartan:grinding{bits=14}: bitz::piop::spartan::grinding: close time.busy=48.8µs time.idle=110ns
2026-10-07T19:22:16.509837Z  INFO falcon_algebraic:prove:falcon_algebraic:bitz:falcon_bridge:wfbitz_forest:spartan:grinding{bits=14}: bitz::piop::spartan::grinding: close time.busy=10.2µs time.idle=100ns
2026-10-07T19:22:16.509849Z  INFO falcon_algebraic:prove:falcon_algebraic:bitz:falcon_bridge:wfbitz_forest:spartan:grinding{bits=14}: bitz::piop::spartan::grinding: close time.busy=8.27µs time.idle=110ns
2026-10-07T19:22:16.510111Z  INFO falcon_algebraic:prove:falcon_algebraic:bitz:falcon_bridge:wfbitz_forest:spartan:grinding{bits=14}: bitz::piop::spartan::grinding: close time.busy=259µs time.idle=110ns
2026-10-07T19:22:16.510188Z  INFO falcon_algebraic:prove:falcon_algebraic:bitz:falcon_bridge:wfbitz_forest:spartan:grinding{bits=14}: bitz::piop::spartan::grinding: close time.busy=74.5µs time.idle=112ns
2026-10-07T19:22:16.510240Z  INFO falcon_algebraic:prove:falcon_algebraic:bitz:falcon_bridge:wfbitz_forest:spartan:grinding{bits=14}: bitz::piop::spartan::grinding: close time.busy=48.5µs time.idle=110ns
2026-10-07T19:22:16.510270Z  INFO falcon_algebraic:prove:falcon_algebraic:bitz:falcon_bridge:wfbitz_forest:spartan:grinding{bits=14}: bitz::piop::spartan::grinding: close time.busy=27.2µs time.idle=110ns
2026-10-07T19:22:16.510314Z  INFO falcon_algebraic:prove:falcon_algebraic:bitz:falcon_bridge:wfbitz_forest:spartan:grinding{bits=14}: bitz::piop::spartan::grinding: close time.busy=41.4µs time.idle=110ns
2026-10-07T19:22:16.510668Z  INFO falcon_algebraic:prove:falcon_algebraic:bitz:falcon_bridge:wfbitz_forest:spartan:grinding{bits=14}: bitz::piop::spartan::grinding: close time.busy=317µs time.idle=121ns
2026-10-07T19:22:16.510722Z  INFO falcon_algebraic:prove:falcon_algebraic:bitz:falcon_bridge:wfbitz_forest:spartan:grinding{bits=14}: bitz::piop::spartan::grinding: close time.busy=16.9µs time.idle=110ns
2026-10-07T19:22:16.510759Z  INFO falcon_algebraic:prove:falcon_algebraic:bitz:falcon_bridge:wfbitz_forest:spartan:grinding{bits=14}: bitz::piop::spartan::grinding: close time.busy=19.9µs time.idle=110ns
2026-10-07T19:22:16.510901Z  INFO falcon_algebraic:prove:falcon_algebraic:bitz:falcon_bridge:wfbitz_forest:spartan:grinding{bits=14}: bitz::piop::spartan::grinding: close time.busy=135µs time.idle=90.0ns
2026-10-07T19:22:16.510999Z  INFO falcon_algebraic:prove:falcon_algebraic:bitz:falcon_bridge:wfbitz_forest:spartan:grinding{bits=14}: bitz::piop::spartan::grinding: close time.busy=82.8µs time.idle=110ns
2026-10-07T19:22:16.511020Z  INFO falcon_algebraic:prove:falcon_algebraic:bitz:falcon_bridge:wfbitz_forest:spartan:grinding{bits=14}: bitz::piop::spartan::grinding: close time.busy=15.5µs time.idle=100ns
2026-10-07T19:22:16.511175Z  INFO falcon_algebraic:prove:falcon_algebraic:bitz:falcon_bridge:wfbitz_forest:spartan:grinding{bits=14}: bitz::piop::spartan::grinding: close time.busy=151µs time.idle=141ns
2026-10-07T19:22:16.511212Z  INFO falcon_algebraic:prove:falcon_algebraic:bitz:falcon_bridge:wfbitz_forest:spartan:grinding{bits=14}: bitz::piop::spartan::grinding: close time.busy=33.1µs time.idle=110ns
2026-10-07T19:22:16.511242Z  INFO falcon_algebraic:prove:falcon_algebraic:bitz:falcon_bridge:wfbitz_forest:spartan:grinding{bits=14}: bitz::piop::spartan::grinding: close time.busy=27.0µs time.idle=110ns
2026-10-07T19:22:16.511281Z  INFO falcon_algebraic:prove:falcon_algebraic:bitz:falcon_bridge:wfbitz_forest:spartan:grinding{bits=14}: bitz::piop::spartan::grinding: close time.busy=36.3µs time.idle=110ns
2026-10-07T19:22:16.511302Z  INFO falcon_algebraic:prove:falcon_algebraic:bitz:falcon_bridge:wfbitz_forest:spartan:grinding{bits=14}: bitz::piop::spartan::grinding: close time.busy=18.8µs time.idle=100ns
2026-10-07T19:22:16.511346Z  INFO falcon_algebraic:prove:falcon_algebraic:bitz:falcon_bridge:wfbitz_forest:spartan:grinding{bits=14}: bitz::piop::spartan::grinding: close time.busy=41.4µs time.idle=110ns
2026-10-07T19:22:16.511356Z  INFO falcon_algebraic:prove:falcon_algebraic:bitz:falcon_bridge:wfbitz_forest:spartan:grinding{bits=14}: bitz::piop::spartan::grinding: close time.busy=7.51µs time.idle=110ns
2026-10-07T19:22:16.511412Z  INFO falcon_algebraic:prove:falcon_algebraic:bitz:falcon_bridge:wfbitz_forest:spartan:grinding{bits=14}: bitz::piop::spartan::grinding: close time.busy=52.9µs time.idle=111ns
2026-10-07T19:22:16.511477Z  INFO falcon_algebraic:prove:falcon_algebraic:bitz:falcon_bridge:wfbitz_forest:spartan:grinding{bits=14}: bitz::piop::spartan::grinding: close time.busy=62.3µs time.idle=110ns
2026-10-07T19:22:16.511585Z  INFO falcon_algebraic:prove:falcon_algebraic:bitz:falcon_bridge:wfbitz_forest:spartan:grinding{bits=14}: bitz::piop::spartan::grinding: close time.busy=105µs time.idle=110ns
2026-10-07T19:22:16.511773Z  INFO falcon_algebraic:prove:falcon_algebraic:bitz:falcon_bridge:wfbitz_forest:spartan:grinding{bits=14}: bitz::piop::spartan::grinding: close time.busy=124µs time.idle=110ns
2026-10-07T19:22:16.511847Z  INFO falcon_algebraic:prove:falcon_algebraic:bitz:falcon_bridge:wfbitz_forest:spartan:grinding{bits=14}: bitz::piop::spartan::grinding: close time.busy=7.63µs time.idle=110ns
2026-10-07T19:22:16.511913Z  INFO falcon_algebraic:prove:falcon_algebraic:bitz:falcon_bridge:wfbitz_forest:spartan:grinding{bits=14}: bitz::piop::spartan::grinding: close time.busy=38.3µs time.idle=130ns
2026-10-07T19:22:16.512057Z  INFO falcon_algebraic:prove:falcon_algebraic:bitz:falcon_bridge:wfbitz_forest:spartan:grinding{bits=14}: bitz::piop::spartan::grinding: close time.busy=127µs time.idle=110ns
2026-10-07T19:22:16.512127Z  INFO falcon_algebraic:prove:falcon_algebraic:bitz:falcon_bridge:wfbitz_forest:spartan:grinding{bits=14}: bitz::piop::spartan::grinding: close time.busy=61.9µs time.idle=120ns
2026-10-07T19:22:16.512331Z  INFO falcon_algebraic:prove:falcon_algebraic:bitz:falcon_bridge:wfbitz_forest:spartan:grinding{bits=14}: bitz::piop::spartan::grinding: close time.busy=188µs time.idle=100ns
2026-10-07T19:22:16.512394Z  INFO falcon_algebraic:prove:falcon_algebraic:bitz:falcon_bridge:wfbitz_forest:spartan:grinding{bits=14}: bitz::piop::spartan::grinding: close time.busy=57.6µs time.idle=100ns
2026-10-07T19:22:16.512489Z  INFO falcon_algebraic:prove:falcon_algebraic:bitz:falcon_bridge:wfbitz_forest:spartan:grinding{bits=14}: bitz::piop::spartan::grinding: close time.busy=90.0µs time.idle=120ns
2026-10-07T19:22:16.512526Z  INFO falcon_algebraic:prove:falcon_algebraic:bitz:falcon_bridge:wfbitz_forest:spartan:grinding{bits=14}: bitz::piop::spartan::grinding: close time.busy=33.4µs time.idle=90.0ns
2026-10-07T19:22:16.512621Z  INFO falcon_algebraic:prove:falcon_algebraic:bitz:falcon_bridge:wfbitz_forest:spartan:grinding{bits=14}: bitz::piop::spartan::grinding: close time.busy=92.4µs time.idle=110ns
2026-10-07T19:22:16.512675Z  INFO falcon_algebraic:prove:falcon_algebraic:bitz:falcon_bridge:wfbitz_forest:spartan:grinding{bits=14}: bitz::piop::spartan::grinding: close time.busy=50.3µs time.idle=110ns
2026-10-07T19:22:16.512696Z  INFO falcon_algebraic:prove:falcon_algebraic:bitz:falcon_bridge:wfbitz_forest:spartan:grinding{bits=14}: bitz::piop::spartan::grinding: close time.busy=18.4µs time.idle=110ns
2026-10-07T19:22:16.512709Z  INFO falcon_algebraic:prove:falcon_algebraic:bitz:falcon_bridge:wfbitz_forest:spartan:grinding{bits=14}: bitz::piop::spartan::grinding: close time.busy=10.2µs time.idle=100ns
2026-10-07T19:22:16.512780Z  INFO falcon_algebraic:prove:falcon_algebraic:bitz:falcon_bridge:wfbitz_forest:spartan:grinding{bits=14}: bitz::piop::spartan::grinding: close time.busy=67.5µs time.idle=111ns
2026-10-07T19:22:16.512869Z  INFO falcon_algebraic:prove:falcon_algebraic:bitz:falcon_bridge:wfbitz_forest:spartan:grinding{bits=14}: bitz::piop::spartan::grinding: close time.busy=86.6µs time.idle=110ns
2026-10-07T19:22:16.512924Z  INFO falcon_algebraic:prove:falcon_algebraic:bitz:falcon_bridge:wfbitz_forest:spartan:grinding{bits=14}: bitz::piop::spartan::grinding: close time.busy=52.4µs time.idle=100ns
2026-10-07T19:22:16.512946Z  INFO falcon_algebraic:prove:falcon_algebraic:bitz:falcon_bridge:wfbitz_forest:spartan:grinding{bits=14}: bitz::piop::spartan::grinding: close time.busy=19.4µs time.idle=110ns
2026-10-07T19:22:16.513106Z  INFO falcon_algebraic:prove:falcon_algebraic:bitz:falcon_bridge:wfbitz_forest:spartan:grinding{bits=14}: bitz::piop::spartan::grinding: close time.busy=44.5µs time.idle=100ns
2026-10-07T19:22:16.513237Z  INFO falcon_algebraic:prove:falcon_algebraic:bitz:falcon_bridge:wfbitz_forest:spartan:grinding{bits=14}: bitz::piop::spartan::grinding: close time.busy=6.40µs time.idle=100ns
2026-10-07T19:22:16.513321Z  INFO falcon_algebraic:prove:falcon_algebraic:bitz:falcon_bridge:wfbitz_forest:spartan:grinding{bits=14}: bitz::piop::spartan::grinding: close time.busy=33.9µs time.idle=100ns
2026-10-07T19:22:16.513532Z  INFO falcon_algebraic:prove:falcon_algebraic:bitz:falcon_bridge:wfbitz_forest:spartan:grinding{bits=14}: bitz::piop::spartan::grinding: close time.busy=183µs time.idle=110ns
2026-10-07T19:22:16.513677Z  INFO falcon_algebraic:prove:falcon_algebraic:bitz:falcon_bridge:wfbitz_forest:spartan:grinding{bits=14}: bitz::piop::spartan::grinding: close time.busy=128µs time.idle=110ns
2026-10-07T19:22:16.513749Z  INFO falcon_algebraic:prove:falcon_algebraic:bitz:falcon_bridge:wfbitz_forest:spartan:grinding{bits=14}: bitz::piop::spartan::grinding: close time.busy=63.6µs time.idle=100ns
2026-10-07T19:22:16.513964Z  INFO falcon_algebraic:prove:falcon_algebraic:bitz:falcon_bridge:wfbitz_forest:spartan:grinding{bits=14}: bitz::piop::spartan::grinding: close time.busy=199µs time.idle=110ns
2026-10-07T19:22:16.513975Z  INFO falcon_algebraic:prove:falcon_algebraic:bitz:falcon_bridge:wfbitz_forest:spartan:grinding{bits=14}: bitz::piop::spartan::grinding: close time.busy=5.07µs time.idle=100ns
2026-10-07T19:22:16.514019Z  INFO falcon_algebraic:prove:falcon_algebraic:bitz:falcon_bridge:wfbitz_forest:spartan:grinding{bits=14}: bitz::piop::spartan::grinding: close time.busy=39.5µs time.idle=110ns
2026-10-07T19:22:16.514075Z  INFO falcon_algebraic:prove:falcon_algebraic:bitz:falcon_bridge:wfbitz_forest:spartan:grinding{bits=14}: bitz::piop::spartan::grinding: close time.busy=52.1µs time.idle=120ns
2026-10-07T19:22:16.514125Z  INFO falcon_algebraic:prove:falcon_algebraic:bitz:falcon_bridge:wfbitz_forest:spartan:grinding{bits=14}: bitz::piop::spartan::grinding: close time.busy=47.3µs time.idle=110ns
2026-10-07T19:22:16.514156Z  INFO falcon_algebraic:prove:falcon_algebraic:bitz:falcon_bridge:wfbitz_forest:spartan:grinding{bits=14}: bitz::piop::spartan::grinding: close time.busy=27.7µs time.idle=100ns
2026-10-07T19:22:16.514207Z  INFO falcon_algebraic:prove:falcon_algebraic:bitz:falcon_bridge:wfbitz_forest:spartan:grinding{bits=14}: bitz::piop::spartan::grinding: close time.busy=48.4µs time.idle=110ns
2026-10-07T19:22:16.514255Z  INFO falcon_algebraic:prove:falcon_algebraic:bitz:falcon_bridge:wfbitz_forest:spartan:grinding{bits=14}: bitz::piop::spartan::grinding: close time.busy=45.1µs time.idle=110ns
2026-10-07T19:22:16.514326Z  INFO falcon_algebraic:prove:falcon_algebraic:bitz:falcon_bridge:wfbitz_forest:spartan:grinding{bits=14}: bitz::piop::spartan::grinding: close time.busy=68.3µs time.idle=110ns
2026-10-07T19:22:16.514361Z  INFO falcon_algebraic:prove:falcon_algebraic:bitz:falcon_bridge:wfbitz_forest:spartan:grinding{bits=14}: bitz::piop::spartan::grinding: close time.busy=31.9µs time.idle=120ns
2026-10-07T19:22:16.514410Z  INFO falcon_algebraic:prove:falcon_algebraic:bitz:falcon_bridge:wfbitz_forest:spartan:grinding{bits=14}: bitz::piop::spartan::grinding: close time.busy=46.3µs time.idle=111ns
2026-10-07T19:22:16.514444Z  INFO falcon_algebraic:prove:falcon_algebraic:bitz:falcon_bridge:wfbitz_forest:spartan:grinding{bits=14}: bitz::piop::spartan::grinding: close time.busy=31.2µs time.idle=110ns
2026-10-07T19:22:16.514695Z  INFO falcon_algebraic:prove:falcon_algebraic:bitz:falcon_bridge:wfbitz_forest:spartan:grinding{bits=14}: bitz::piop::spartan::grinding: close time.busy=30.5µs time.idle=111ns
2026-10-07T19:22:16.514944Z  INFO falcon_algebraic:prove:falcon_algebraic:bitz:falcon_bridge:wfbitz_forest:spartan:grinding{bits=14}: bitz::piop::spartan::grinding: close time.busy=7.40µs time.idle=130ns
2026-10-07T19:22:16.515210Z  INFO falcon_algebraic:prove:falcon_algebraic:bitz:falcon_bridge:wfbitz_forest:spartan:grinding{bits=14}: bitz::piop::spartan::grinding: close time.busy=169µs time.idle=120ns
2026-10-07T19:22:16.515276Z  INFO falcon_algebraic:prove:falcon_algebraic:bitz:falcon_bridge:wfbitz_forest:spartan:grinding{bits=14}: bitz::piop::spartan::grinding: close time.busy=16.7µs time.idle=120ns
2026-10-07T19:22:16.515353Z  INFO falcon_algebraic:prove:falcon_algebraic:bitz:falcon_bridge:wfbitz_forest:spartan:grinding{bits=14}: bitz::piop::spartan::grinding: close time.busy=48.9µs time.idle=110ns
2026-10-07T19:22:16.515455Z  INFO falcon_algebraic:prove:falcon_algebraic:bitz:falcon_bridge:wfbitz_forest:spartan:grinding{bits=14}: bitz::piop::spartan::grinding: close time.busy=84.7µs time.idle=100ns
2026-10-07T19:22:16.515518Z  INFO falcon_algebraic:prove:falcon_algebraic:bitz:falcon_bridge:wfbitz_forest:spartan:grinding{bits=14}: bitz::piop::spartan::grinding: close time.busy=53.9µs time.idle=100ns
2026-10-07T19:22:16.515614Z  INFO falcon_algebraic:prove:falcon_algebraic:bitz:falcon_bridge:wfbitz_forest:spartan:grinding{bits=14}: bitz::piop::spartan::grinding: close time.busy=79.3µs time.idle=100ns
2026-10-07T19:22:16.515843Z  INFO falcon_algebraic:prove:falcon_algebraic:bitz:falcon_bridge:wfbitz_forest:spartan:grinding{bits=14}: bitz::piop::spartan::grinding: close time.busy=224µs time.idle=111ns
2026-10-07T19:22:16.515921Z  INFO falcon_algebraic:prove:falcon_algebraic:bitz:falcon_bridge:wfbitz_forest:spartan:grinding{bits=14}: bitz::piop::spartan::grinding: close time.busy=74.0µs time.idle=110ns
2026-10-07T19:22:16.515935Z  INFO falcon_algebraic:prove:falcon_algebraic:bitz:falcon_bridge:wfbitz_forest:spartan:grinding{bits=14}: bitz::piop::spartan::grinding: close time.busy=11.0µs time.idle=91.0ns
2026-10-07T19:22:16.516062Z  INFO falcon_algebraic:prove:falcon_algebraic:bitz:falcon_bridge:wfbitz_forest:spartan:grinding{bits=14}: bitz::piop::spartan::grinding: close time.busy=124µs time.idle=110ns
2026-10-07T19:22:16.516158Z  INFO falcon_algebraic:prove:falcon_algebraic:bitz:falcon_bridge:wfbitz_forest:spartan:grinding{bits=14}: bitz::piop::spartan::grinding: close time.busy=93.7µs time.idle=111ns
2026-10-07T19:22:16.516176Z  INFO falcon_algebraic:prove:falcon_algebraic:bitz:falcon_bridge:wfbitz_forest:spartan:grinding{bits=14}: bitz::piop::spartan::grinding: close time.busy=15.5µs time.idle=111ns
2026-10-07T19:22:16.516222Z  INFO falcon_algebraic:prove:falcon_algebraic:bitz:falcon_bridge:wfbitz_forest:spartan:grinding{bits=14}: bitz::piop::spartan::grinding: close time.busy=43.4µs time.idle=111ns
2026-10-07T19:22:16.516265Z  INFO falcon_algebraic:prove:falcon_algebraic:bitz:falcon_bridge:wfbitz_forest:spartan:grinding{bits=14}: bitz::piop::spartan::grinding: close time.busy=40.5µs time.idle=110ns
2026-10-07T19:22:16.516308Z  INFO falcon_algebraic:prove:falcon_algebraic:bitz:falcon_bridge:wfbitz_forest:spartan:grinding{bits=14}: bitz::piop::spartan::grinding: close time.busy=40.7µs time.idle=101ns
2026-10-07T19:22:16.516316Z  INFO falcon_algebraic:prove:falcon_algebraic:bitz:falcon_bridge:wfbitz_forest:spartan:grinding{bits=14}: bitz::piop::spartan::grinding: close time.busy=5.54µs time.idle=110ns
2026-10-07T19:22:16.516437Z  INFO falcon_algebraic:prove:falcon_algebraic:bitz:falcon_bridge:wfbitz_forest:spartan:grinding{bits=14}: bitz::piop::spartan::grinding: close time.busy=118µs time.idle=110ns
2026-10-07T19:22:16.516863Z  INFO falcon_algebraic:prove:falcon_algebraic:bitz:falcon_bridge:wfbitz_forest:spartan:grinding{bits=14}: bitz::piop::spartan::grinding: close time.busy=5.36µs time.idle=130ns
2026-10-07T19:22:16.517348Z  INFO falcon_algebraic:prove:falcon_algebraic:bitz:falcon_bridge:wfbitz_forest:spartan:grinding{bits=14}: bitz::piop::spartan::grinding: close time.busy=6.95µs time.idle=350ns
2026-10-07T19:22:16.517553Z  INFO falcon_algebraic:prove:falcon_algebraic:bitz:falcon_bridge:wfbitz_forest:spartan:grinding{bits=14}: bitz::piop::spartan::grinding: close time.busy=16.5µs time.idle=140ns
2026-10-07T19:22:16.517784Z  INFO falcon_algebraic:prove:falcon_algebraic:bitz:falcon_bridge:wfbitz_forest:spartan:grinding{bits=14}: bitz::piop::spartan::grinding: close time.busy=136µs time.idle=130ns
2026-10-07T19:22:16.517928Z  INFO falcon_algebraic:prove:falcon_algebraic:bitz:falcon_bridge:wfbitz_forest:spartan:grinding{bits=14}: bitz::piop::spartan::grinding: close time.busy=91.7µs time.idle=120ns
2026-10-07T19:22:16.517973Z  INFO falcon_algebraic:prove:falcon_algebraic:bitz:falcon_bridge:wfbitz_forest:spartan:grinding{bits=14}: bitz::piop::spartan::grinding: close time.busy=17.4µs time.idle=120ns
2026-10-07T19:22:16.518094Z  INFO falcon_algebraic:prove:falcon_algebraic:bitz:falcon_bridge:wfbitz_forest:spartan:grinding{bits=14}: bitz::piop::spartan::grinding: close time.busy=104µs time.idle=121ns
2026-10-07T19:22:16.518164Z  INFO falcon_algebraic:prove:falcon_algebraic:bitz:falcon_bridge:wfbitz_forest:spartan:grinding{bits=14}: bitz::piop::spartan::grinding: close time.busy=61.7µs time.idle=110ns
2026-10-07T19:22:16.518332Z  INFO falcon_algebraic:prove:falcon_algebraic:bitz:falcon_bridge:wfbitz_forest:spartan:grinding{bits=14}: bitz::piop::spartan::grinding: close time.busy=153µs time.idle=110ns
2026-10-07T19:22:16.518348Z  INFO falcon_algebraic:prove:falcon_algebraic:bitz:falcon_bridge:wfbitz_forest:spartan:grinding{bits=14}: bitz::piop::spartan::grinding: close time.busy=10.2µs time.idle=110ns
2026-10-07T19:22:16.518401Z  INFO falcon_algebraic:prove:falcon_algebraic:bitz:falcon_bridge:wfbitz_forest:spartan:grinding{bits=14}: bitz::piop::spartan::grinding: close time.busy=48.3µs time.idle=110ns
2026-10-07T19:22:16.518426Z  INFO falcon_algebraic:prove:falcon_algebraic:bitz:falcon_bridge:wfbitz_forest:spartan:grinding{bits=14}: bitz::piop::spartan::grinding: close time.busy=22.1µs time.idle=120ns
2026-10-07T19:22:16.518607Z  INFO falcon_algebraic:prove:falcon_algebraic:bitz:falcon_bridge:wfbitz_forest:spartan:grinding{bits=14}: bitz::piop::spartan::grinding: close time.busy=178µs time.idle=110ns
2026-10-07T19:22:16.518757Z  INFO falcon_algebraic:prove:falcon_algebraic:bitz:falcon_bridge:wfbitz_forest:spartan:grinding{bits=14}: bitz::piop::spartan::grinding: close time.busy=147µs time.idle=111ns
2026-10-07T19:22:16.518776Z  INFO falcon_algebraic:prove:falcon_algebraic:bitz:falcon_bridge:wfbitz_forest:spartan:grinding{bits=14}: bitz::piop::spartan::grinding: close time.busy=16.2µs time.idle=100ns
2026-10-07T19:22:16.518882Z  INFO falcon_algebraic:prove:falcon_algebraic:bitz:falcon_bridge:wfbitz_forest:spartan:grinding{bits=14}: bitz::piop::spartan::grinding: close time.busy=103µs time.idle=120ns
2026-10-07T19:22:16.519084Z  INFO falcon_algebraic:prove:falcon_algebraic:bitz:falcon_bridge:wfbitz_forest:spartan:grinding{bits=14}: bitz::piop::spartan::grinding: close time.busy=199µs time.idle=120ns
2026-10-07T19:22:16.519228Z  INFO falcon_algebraic:prove:falcon_algebraic:bitz:falcon_bridge:wfbitz_forest:spartan:grinding{bits=14}: bitz::piop::spartan::grinding: close time.busy=142µs time.idle=110ns
2026-10-07T19:22:16.519284Z  INFO falcon_algebraic:prove:falcon_algebraic:bitz:falcon_bridge:wfbitz_forest:spartan:grinding{bits=14}: bitz::piop::spartan::grinding: close time.busy=53.3µs time.idle=120ns
2026-10-07T19:22:16.519354Z  INFO falcon_algebraic:prove:falcon_algebraic:bitz:falcon_bridge:wfbitz_forest:spartan:grinding{bits=14}: bitz::piop::spartan::grinding: close time.busy=67.3µs time.idle=110ns
2026-10-07T19:22:16.522153Z  INFO falcon_algebraic:prove:falcon_algebraic:bitz:falcon_bridge:wfbitz_forest:spartan:grinding{bits=14}: bitz::piop::spartan::grinding: close time.busy=116µs time.idle=130ns
2026-10-07T19:22:16.523143Z  INFO falcon_algebraic:prove:falcon_algebraic:bitz:falcon_bridge:wfbitz_forest:spartan:grinding{bits=14}: bitz::piop::spartan::grinding: close time.busy=48.9µs time.idle=130ns
2026-10-07T19:22:16.523595Z  INFO falcon_algebraic:prove:falcon_algebraic:bitz:falcon_bridge:wfbitz_forest:spartan:grinding{bits=14}: bitz::piop::spartan::grinding: close time.busy=91.3µs time.idle=140ns
2026-10-07T19:22:16.523896Z  INFO falcon_algebraic:prove:falcon_algebraic:bitz:falcon_bridge:wfbitz_forest:spartan:grinding{bits=14}: bitz::piop::spartan::grinding: close time.busy=117µs time.idle=120ns
2026-10-07T19:22:16.524140Z  INFO falcon_algebraic:prove:falcon_algebraic:bitz:falcon_bridge:wfbitz_forest:spartan:grinding{bits=14}: bitz::piop::spartan::grinding: close time.busy=147µs time.idle=130ns
2026-10-07T19:22:16.524201Z  INFO falcon_algebraic:prove:falcon_algebraic:bitz:falcon_bridge:wfbitz_forest:spartan:grinding{bits=14}: bitz::piop::spartan::grinding: close time.busy=8.67µs time.idle=121ns
2026-10-07T19:22:16.524294Z  INFO falcon_algebraic:prove:falcon_algebraic:bitz:falcon_bridge:wfbitz_forest:spartan:grinding{bits=14}: bitz::piop::spartan::grinding: close time.busy=64.3µs time.idle=100ns
2026-10-07T19:22:16.524367Z  INFO falcon_algebraic:prove:falcon_algebraic:bitz:falcon_bridge:wfbitz_forest:spartan:grinding{bits=14}: bitz::piop::spartan::grinding: close time.busy=54.8µs time.idle=110ns
2026-10-07T19:22:16.524390Z  INFO falcon_algebraic:prove:falcon_algebraic:bitz:falcon_bridge:wfbitz_forest:spartan:grinding{bits=14}: bitz::piop::spartan::grinding: close time.busy=15.6µs time.idle=121ns
2026-10-07T19:22:16.524484Z  INFO falcon_algebraic:prove:falcon_algebraic:bitz:falcon_bridge:wfbitz_forest:spartan:grinding{bits=14}: bitz::piop::spartan::grinding: close time.busy=77.4µs time.idle=101ns
2026-10-07T19:22:16.524570Z  INFO falcon_algebraic:prove:falcon_algebraic:bitz:falcon_bridge:wfbitz_forest:spartan:grinding{bits=14}: bitz::piop::spartan::grinding: close time.busy=80.8µs time.idle=100ns
2026-10-07T19:22:16.524601Z  INFO falcon_algebraic:prove:falcon_algebraic:bitz:falcon_bridge:wfbitz_forest:spartan:grinding{bits=14}: bitz::piop::spartan::grinding: close time.busy=26.0µs time.idle=101ns
2026-10-07T19:22:16.524609Z  INFO falcon_algebraic:prove:falcon_algebraic:bitz:falcon_bridge:wfbitz_forest:spartan:grinding{bits=14}: bitz::piop::spartan::grinding: close time.busy=4.46µs time.idle=90.0ns
2026-10-07T19:22:16.524797Z  INFO falcon_algebraic:prove:falcon_algebraic:bitz:falcon_bridge:wfbitz_forest:spartan:grinding{bits=14}: bitz::piop::spartan::grinding: close time.busy=186µs time.idle=90.0ns
2026-10-07T19:22:16.524808Z  INFO falcon_algebraic:prove:falcon_algebraic:bitz:falcon_bridge:wfbitz_forest:spartan:grinding{bits=14}: bitz::piop::spartan::grinding: close time.busy=7.61µs time.idle=111ns
2026-10-07T19:22:16.524848Z  INFO falcon_algebraic:prove:falcon_algebraic:bitz:falcon_bridge:wfbitz_forest:spartan:grinding{bits=14}: bitz::piop::spartan::grinding: close time.busy=37.2µs time.idle=110ns
2026-10-07T19:22:16.524963Z  INFO falcon_algebraic:prove:falcon_algebraic:bitz:falcon_bridge:wfbitz_forest:spartan:grinding{bits=14}: bitz::piop::spartan::grinding: close time.busy=112µs time.idle=111ns
2026-10-07T19:22:16.524977Z  INFO falcon_algebraic:prove:falcon_algebraic:bitz:falcon_bridge:wfbitz_forest:spartan:grinding{bits=14}: bitz::piop::spartan::grinding: close time.busy=11.5µs time.idle=110ns
2026-10-07T19:22:16.525006Z  INFO falcon_algebraic:prove:falcon_algebraic:bitz:falcon_bridge:wfbitz_forest:spartan:grinding{bits=14}: bitz::piop::spartan::grinding: close time.busy=26.1µs time.idle=111ns
2026-10-07T19:22:16.525037Z  INFO falcon_algebraic:prove:falcon_algebraic:bitz:falcon_bridge:wfbitz_forest:spartan:grinding{bits=14}: bitz::piop::spartan::grinding: close time.busy=27.9µs time.idle=110ns
2026-10-07T19:22:16.525075Z  INFO falcon_algebraic:prove:falcon_algebraic:bitz:falcon_bridge:wfbitz_forest:spartan:grinding{bits=14}: bitz::piop::spartan::grinding: close time.busy=35.8µs time.idle=110ns
2026-10-07T19:22:16.527084Z  INFO falcon_algebraic:prove:falcon_algebraic:bitz:falcon_bridge:wfbitz_forest:spartan:grinding{bits=14}: bitz::piop::spartan::grinding: close time.busy=21.6µs time.idle=130ns
2026-10-07T19:22:16.528979Z  INFO falcon_algebraic:prove:falcon_algebraic:bitz:falcon_bridge:wfbitz_forest:spartan:grinding{bits=14}: bitz::piop::spartan::grinding: close time.busy=59.4µs time.idle=140ns
2026-10-07T19:22:16.529709Z  INFO falcon_algebraic:prove:falcon_algebraic:bitz:falcon_bridge:wfbitz_forest:spartan:grinding{bits=14}: bitz::piop::spartan::grinding: close time.busy=16.5µs time.idle=160ns
2026-10-07T19:22:16.530256Z  INFO falcon_algebraic:prove:falcon_algebraic:bitz:falcon_bridge:wfbitz_forest:spartan:grinding{bits=14}: bitz::piop::spartan::grinding: close time.busy=187µs time.idle=141ns
2026-10-07T19:22:16.530777Z  INFO falcon_algebraic:prove:falcon_algebraic:bitz:falcon_bridge:wfbitz_forest:spartan:grinding{bits=14}: bitz::piop::spartan::grinding: close time.busy=339µs time.idle=132ns
2026-10-07T19:22:16.530885Z  INFO falcon_algebraic:prove:falcon_algebraic:bitz:falcon_bridge:wfbitz_forest:spartan:grinding{bits=14}: bitz::piop::spartan::grinding: close time.busy=12.0µs time.idle=121ns
2026-10-07T19:22:16.530991Z  INFO falcon_algebraic:prove:falcon_algebraic:bitz:falcon_bridge:wfbitz_forest:spartan:grinding{bits=14}: bitz::piop::spartan::grinding: close time.busy=53.1µs time.idle=130ns
2026-10-07T19:22:16.531109Z  INFO falcon_algebraic:prove:falcon_algebraic:bitz:falcon_bridge:wfbitz_forest:spartan:grinding{bits=14}: bitz::piop::spartan::grinding: close time.busy=90.0µs time.idle=110ns
2026-10-07T19:22:16.531156Z  INFO falcon_algebraic:prove:falcon_algebraic:bitz:falcon_bridge:wfbitz_forest:spartan:grinding{bits=14}: bitz::piop::spartan::grinding: close time.busy=30.1µs time.idle=110ns
2026-10-07T19:22:16.531168Z  INFO falcon_algebraic:prove:falcon_algebraic:bitz:falcon_bridge:wfbitz_forest:spartan:grinding{bits=14}: bitz::piop::spartan::grinding: close time.busy=4.66µs time.idle=110ns
2026-10-07T19:22:16.531377Z  INFO falcon_algebraic:prove:falcon_algebraic:bitz:falcon_bridge:wfbitz_forest:spartan:grinding{bits=14}: bitz::piop::spartan::grinding: close time.busy=193µs time.idle=110ns
2026-10-07T19:22:16.531427Z  INFO falcon_algebraic:prove:falcon_algebraic:bitz:falcon_bridge:wfbitz_forest:spartan:grinding{bits=14}: bitz::piop::spartan::grinding: close time.busy=44.5µs time.idle=110ns
2026-10-07T19:22:16.531470Z  INFO falcon_algebraic:prove:falcon_algebraic:bitz:falcon_bridge:wfbitz_forest:spartan:grinding{bits=14}: bitz::piop::spartan::grinding: close time.busy=39.3µs time.idle=110ns
2026-10-07T19:22:16.531499Z  INFO falcon_algebraic:prove:falcon_algebraic:bitz:falcon_bridge:wfbitz_forest:spartan:grinding{bits=14}: bitz::piop::spartan::grinding: close time.busy=25.4µs time.idle=90.0ns
2026-10-07T19:22:16.531507Z  INFO falcon_algebraic:prove:falcon_algebraic:bitz:falcon_bridge:wfbitz_forest:spartan:grinding{bits=14}: bitz::piop::spartan::grinding: close time.busy=4.83µs time.idle=110ns
2026-10-07T19:22:16.531634Z  INFO falcon_algebraic:prove:falcon_algebraic:bitz:falcon_bridge:wfbitz_forest:spartan:grinding{bits=14}: bitz::piop::spartan::grinding: close time.busy=124µs time.idle=110ns
2026-10-07T19:22:16.531686Z  INFO falcon_algebraic:prove:falcon_algebraic:bitz:falcon_bridge:wfbitz_forest:spartan:grinding{bits=14}: bitz::piop::spartan::grinding: close time.busy=48.6µs time.idle=110ns
2026-10-07T19:22:16.531718Z  INFO falcon_algebraic:prove:falcon_algebraic:bitz:falcon_bridge:wfbitz_forest:spartan:grinding{bits=14}: bitz::piop::spartan::grinding: close time.busy=29.1µs time.idle=110ns
2026-10-07T19:22:16.531780Z  INFO falcon_algebraic:prove:falcon_algebraic:bitz:falcon_bridge:wfbitz_forest:spartan:grinding{bits=14}: bitz::piop::spartan::grinding: close time.busy=59.1µs time.idle=110ns
2026-10-07T19:22:16.531815Z  INFO falcon_algebraic:prove:falcon_algebraic:bitz:falcon_bridge:wfbitz_forest:spartan:grinding{bits=14}: bitz::piop::spartan::grinding: close time.busy=33.1µs time.idle=101ns
2026-10-07T19:22:16.531870Z  INFO falcon_algebraic:prove:falcon_algebraic:bitz:falcon_bridge:wfbitz_forest:spartan:grinding{bits=14}: bitz::piop::spartan::grinding: close time.busy=51.7µs time.idle=90.0ns
2026-10-07T19:22:16.531882Z  INFO falcon_algebraic:prove:falcon_algebraic:bitz:falcon_bridge:wfbitz_forest:spartan:grinding{bits=14}: bitz::piop::spartan::grinding: close time.busy=9.96µs time.idle=110ns
2026-10-07T19:22:16.535126Z  INFO falcon_algebraic:prove:falcon_algebraic:bitz:falcon_bridge:wfbitz_forest:spartan:grinding{bits=14}: bitz::piop::spartan::grinding: close time.busy=108µs time.idle=122ns
2026-10-07T19:22:16.537639Z  INFO falcon_algebraic:prove:falcon_algebraic:bitz:falcon_bridge:wfbitz_forest:spartan:grinding{bits=14}: bitz::piop::spartan::grinding: close time.busy=51.4µs time.idle=120ns
2026-10-07T19:22:16.539463Z  INFO falcon_algebraic:prove:falcon_algebraic:bitz:falcon_bridge:wfbitz_forest:spartan:grinding{bits=14}: bitz::piop::spartan::grinding: close time.busy=7.30µs time.idle=120ns
2026-10-07T19:22:16.540216Z  INFO falcon_algebraic:prove:falcon_algebraic:bitz:falcon_bridge:wfbitz_forest:spartan:grinding{bits=14}: bitz::piop::spartan::grinding: close time.busy=39.9µs time.idle=140ns
2026-10-07T19:22:16.540586Z  INFO falcon_algebraic:prove:falcon_algebraic:bitz:falcon_bridge:wfbitz_forest:spartan:grinding{bits=14}: bitz::piop::spartan::grinding: close time.busy=11.8µs time.idle=120ns
2026-10-07T19:22:16.540800Z  INFO falcon_algebraic:prove:falcon_algebraic:bitz:falcon_bridge:wfbitz_forest:spartan:grinding{bits=14}: bitz::piop::spartan::grinding: close time.busy=32.1µs time.idle=140ns
2026-10-07T19:22:16.540911Z  INFO falcon_algebraic:prove:falcon_algebraic:bitz:falcon_bridge:wfbitz_forest:spartan:grinding{bits=14}: bitz::piop::spartan::grinding: close time.busy=14.7µs time.idle=121ns
2026-10-07T19:22:16.540970Z  INFO falcon_algebraic:prove:falcon_algebraic:bitz:falcon_bridge:wfbitz_forest:spartan:grinding{bits=14}: bitz::piop::spartan::grinding: close time.busy=6.78µs time.idle=130ns
2026-10-07T19:22:16.541041Z  INFO falcon_algebraic:prove:falcon_algebraic:bitz:falcon_bridge:wfbitz_forest:spartan:grinding{bits=14}: bitz::piop::spartan::grinding: close time.busy=42.4µs time.idle=110ns
2026-10-07T19:22:16.541080Z  INFO falcon_algebraic:prove:falcon_algebraic:bitz:falcon_bridge:wfbitz_forest:spartan:grinding{bits=14}: bitz::piop::spartan::grinding: close time.busy=20.3µs time.idle=121ns
2026-10-07T19:22:16.541119Z  INFO falcon_algebraic:prove:falcon_algebraic:bitz:falcon_bridge:wfbitz_forest:spartan:grinding{bits=14}: bitz::piop::spartan::grinding: close time.busy=30.8µs time.idle=120ns
2026-10-07T19:22:16.541168Z  INFO falcon_algebraic:prove:falcon_algebraic:bitz:falcon_bridge:wfbitz_forest:spartan:grinding{bits=14}: bitz::piop::spartan::grinding: close time.busy=33.3µs time.idle=110ns
2026-10-07T19:22:16.541186Z  INFO falcon_algebraic:prove:falcon_algebraic:bitz:falcon_bridge:wfbitz_forest:spartan:grinding{bits=14}: bitz::piop::spartan::grinding: close time.busy=12.4µs time.idle=110ns
2026-10-07T19:22:16.541229Z  INFO falcon_algebraic:prove:falcon_algebraic:bitz:falcon_bridge:wfbitz_forest:spartan:grinding{bits=14}: bitz::piop::spartan::grinding: close time.busy=39.4µs time.idle=110ns
2026-10-07T19:22:16.541246Z  INFO falcon_algebraic:prove:falcon_algebraic:bitz:falcon_bridge:wfbitz_forest:spartan:grinding{bits=14}: bitz::piop::spartan::grinding: close time.busy=13.1µs time.idle=111ns
2026-10-07T19:22:16.541296Z  INFO falcon_algebraic:prove:falcon_algebraic:bitz:falcon_bridge:wfbitz_forest:spartan:grinding{bits=14}: bitz::piop::spartan::grinding: close time.busy=47.3µs time.idle=110ns
2026-10-07T19:22:16.541314Z  INFO falcon_algebraic:prove:falcon_algebraic:bitz:falcon_bridge:wfbitz_forest:spartan:grinding{bits=14}: bitz::piop::spartan::grinding: close time.busy=14.3µs time.idle=120ns
2026-10-07T19:22:16.541365Z  INFO falcon_algebraic:prove:falcon_algebraic:bitz:falcon_bridge:wfbitz_forest:spartan:grinding{bits=14}: bitz::piop::spartan::grinding: close time.busy=48.8µs time.idle=111ns
2026-10-07T19:22:16.541596Z  INFO falcon_algebraic:prove:falcon_algebraic:bitz:falcon_bridge:wfbitz_forest:spartan:grinding{bits=14}: bitz::piop::spartan::grinding: close time.busy=228µs time.idle=110ns
2026-10-07T19:22:16.541618Z  INFO falcon_algebraic:prove:falcon_algebraic:bitz:falcon_bridge:wfbitz_forest:spartan:grinding{bits=14}: bitz::piop::spartan::grinding: close time.busy=19.8µs time.idle=110ns
2026-10-07T19:22:16.541701Z  INFO falcon_algebraic:prove:falcon_algebraic:bitz:falcon_bridge:wfbitz_forest:spartan:grinding{bits=14}: bitz::piop::spartan::grinding: close time.busy=80.0µs time.idle=100ns
2026-10-07T19:22:16.541733Z  INFO falcon_algebraic:prove:falcon_algebraic:bitz:falcon_bridge:wfbitz_forest:spartan:grinding{bits=14}: bitz::piop::spartan::grinding: close time.busy=28.6µs time.idle=110ns
2026-10-07T19:22:16.541748Z  INFO falcon_algebraic:prove:falcon_algebraic:bitz:falcon_bridge:wfbitz_forest:spartan:grinding{bits=14}: bitz::piop::spartan::grinding: close time.busy=12.4µs time.idle=110ns
2026-10-07T19:22:16.545264Z  INFO falcon_algebraic:prove:falcon_algebraic:bitz:falcon_bridge:wfbitz_forest:spartan:grinding{bits=14}: bitz::piop::spartan::grinding: close time.busy=116µs time.idle=120ns
2026-10-07T19:22:16.545334Z  INFO falcon_algebraic:prove:falcon_algebraic:bitz:falcon_bridge:wfbitz_forest:spartan:grinding{bits=14}: bitz::piop::spartan::grinding: close time.busy=65.3µs time.idle=110ns
2026-10-07T19:22:16.547851Z  INFO falcon_algebraic:prove:falcon_algebraic:bitz:falcon_bridge:wfbitz_forest:spartan:grinding{bits=14}: bitz::piop::spartan::grinding: close time.busy=35.6µs time.idle=121ns
2026-10-07T19:22:16.549698Z  INFO falcon_algebraic:prove:falcon_algebraic:bitz:falcon_bridge:wfbitz_forest:spartan:grinding{bits=14}: bitz::piop::spartan::grinding: close time.busy=14.7µs time.idle=130ns
2026-10-07T19:22:16.550402Z  INFO falcon_algebraic:prove:falcon_algebraic:bitz:falcon_bridge:wfbitz_forest:spartan:grinding{bits=14}: bitz::piop::spartan::grinding: close time.busy=5.83µs time.idle=110ns
2026-10-07T19:22:16.550752Z  INFO falcon_algebraic:prove:falcon_algebraic:bitz:falcon_bridge:wfbitz_forest:spartan:grinding{bits=14}: bitz::piop::spartan::grinding: close time.busy=13.9µs time.idle=130ns
2026-10-07T19:22:16.551059Z  INFO falcon_algebraic:prove:falcon_algebraic:bitz:falcon_bridge:wfbitz_forest:spartan:grinding{bits=14}: bitz::piop::spartan::grinding: close time.busy=133µs time.idle=120ns
2026-10-07T19:22:16.551162Z  INFO falcon_algebraic:prove:falcon_algebraic:bitz:falcon_bridge:wfbitz_forest:spartan:grinding{bits=14}: bitz::piop::spartan::grinding: close time.busy=10.6µs time.idle=120ns
2026-10-07T19:22:16.551223Z  INFO falcon_algebraic:prove:falcon_algebraic:bitz:falcon_bridge:wfbitz_forest:spartan:grinding{bits=14}: bitz::piop::spartan::grinding: close time.busy=9.73µs time.idle=110ns
2026-10-07T19:22:16.551549Z  INFO falcon_algebraic:prove:falcon_algebraic:bitz:falcon_bridge:wfbitz_forest:spartan:grinding{bits=14}: bitz::piop::spartan::grinding: close time.busy=298µs time.idle=110ns
2026-10-07T19:22:16.551580Z  INFO falcon_algebraic:prove:falcon_algebraic:bitz:falcon_bridge:wfbitz_forest:spartan:grinding{bits=14}: bitz::piop::spartan::grinding: close time.busy=12.9µs time.idle=111ns
2026-10-07T19:22:16.551626Z  INFO falcon_algebraic:prove:falcon_algebraic:bitz:falcon_bridge:wfbitz_forest:spartan:grinding{bits=14}: bitz::piop::spartan::grinding: close time.busy=37.8µs time.idle=120ns
2026-10-07T19:22:16.551677Z  INFO falcon_algebraic:prove:falcon_algebraic:bitz:falcon_bridge:wfbitz_forest:spartan:grinding{bits=14}: bitz::piop::spartan::grinding: close time.busy=34.2µs time.idle=110ns
2026-10-07T19:22:16.551708Z  INFO falcon_algebraic:prove:falcon_algebraic:bitz:falcon_bridge:wfbitz_forest:spartan:grinding{bits=14}: bitz::piop::spartan::grinding: close time.busy=25.6µs time.idle=111ns
2026-10-07T19:22:16.551787Z  INFO falcon_algebraic:prove:falcon_algebraic:bitz:falcon_bridge:wfbitz_forest:spartan:grinding{bits=14}: bitz::piop::spartan::grinding: close time.busy=74.2µs time.idle=110ns
2026-10-07T19:22:16.551795Z  INFO falcon_algebraic:prove:falcon_algebraic:bitz:falcon_bridge:wfbitz_forest:spartan:grinding{bits=14}: bitz::piop::spartan::grinding: close time.busy=4.07µs time.idle=120ns
2026-10-07T19:22:16.551826Z  INFO falcon_algebraic:prove:falcon_algebraic:bitz:falcon_bridge:wfbitz_forest:spartan:grinding{bits=14}: bitz::piop::spartan::grinding: close time.busy=27.3µs time.idle=110ns
2026-10-07T19:22:16.551848Z  INFO falcon_algebraic:prove:falcon_algebraic:bitz:falcon_bridge:wfbitz_forest:spartan:grinding{bits=14}: bitz::piop::spartan::grinding: close time.busy=19.6µs time.idle=110ns
2026-10-07T19:22:16.551919Z  INFO falcon_algebraic:prove:falcon_algebraic:bitz:falcon_bridge:wfbitz_forest:spartan:grinding{bits=14}: bitz::piop::spartan::grinding: close time.busy=68.0µs time.idle=120ns
2026-10-07T19:22:16.551980Z  INFO falcon_algebraic:prove:falcon_algebraic:bitz:falcon_bridge:wfbitz_forest:spartan:grinding{bits=14}: bitz::piop::spartan::grinding: close time.busy=58.5µs time.idle=110ns
2026-10-07T19:22:16.552126Z  INFO falcon_algebraic:prove:falcon_algebraic:bitz:falcon_bridge:wfbitz_forest:spartan:grinding{bits=14}: bitz::piop::spartan::grinding: close time.busy=143µs time.idle=120ns
2026-10-07T19:22:16.552176Z  INFO falcon_algebraic:prove:falcon_algebraic:bitz:falcon_bridge:wfbitz_forest:spartan:grinding{bits=14}: bitz::piop::spartan::grinding: close time.busy=46.5µs time.idle=130ns
2026-10-07T19:22:16.552195Z  INFO falcon_algebraic:prove:falcon_algebraic:bitz:falcon_bridge:wfbitz_forest:spartan:grinding{bits=14}: bitz::piop::spartan::grinding: close time.busy=16.0µs time.idle=120ns
2026-10-07T19:22:16.552302Z  INFO falcon_algebraic:prove:falcon_algebraic:bitz:falcon_bridge:wfbitz_forest:spartan:grinding{bits=14}: bitz::piop::spartan::grinding: close time.busy=105µs time.idle=120ns
2026-10-07T19:22:16.555392Z  INFO falcon_algebraic:prove:falcon_algebraic:bitz:falcon_bridge:wfbitz_forest:spartan:grinding{bits=14}: bitz::piop::spartan::grinding: close time.busy=114µs time.idle=120ns
2026-10-07T19:22:16.555424Z  INFO falcon_algebraic:prove:falcon_algebraic:bitz:falcon_bridge:wfbitz_forest:spartan:grinding{bits=14}: bitz::piop::spartan::grinding: close time.busy=29.3µs time.idle=110ns
2026-10-07T19:22:16.555531Z  INFO falcon_algebraic:prove:falcon_algebraic:bitz:falcon_bridge:wfbitz_forest:spartan:grinding{bits=14}: bitz::piop::spartan::grinding: close time.busy=104µs time.idle=110ns
2026-10-07T19:22:16.558162Z  INFO falcon_algebraic:prove:falcon_algebraic:bitz:falcon_bridge:wfbitz_forest:spartan:grinding{bits=14}: bitz::piop::spartan::grinding: close time.busy=44.0µs time.idle=131ns
2026-10-07T19:22:16.560007Z  INFO falcon_algebraic:prove:falcon_algebraic:bitz:falcon_bridge:wfbitz_forest:spartan:grinding{bits=14}: bitz::piop::spartan::grinding: close time.busy=23.3µs time.idle=130ns
2026-10-07T19:22:16.560715Z  INFO falcon_algebraic:prove:falcon_algebraic:bitz:falcon_bridge:wfbitz_forest:spartan:grinding{bits=14}: bitz::piop::spartan::grinding: close time.busy=31.6µs time.idle=130ns
2026-10-07T19:22:16.561113Z  INFO falcon_algebraic:prove:falcon_algebraic:bitz:falcon_bridge:wfbitz_forest:spartan:grinding{bits=14}: bitz::piop::spartan::grinding: close time.busy=56.9µs time.idle=140ns
2026-10-07T19:22:16.561454Z  INFO falcon_algebraic:prove:falcon_algebraic:bitz:falcon_bridge:wfbitz_forest:spartan:grinding{bits=14}: bitz::piop::spartan::grinding: close time.busy=168µs time.idle=140ns
2026-10-07T19:22:16.561553Z  INFO falcon_algebraic:prove:falcon_algebraic:bitz:falcon_bridge:wfbitz_forest:spartan:grinding{bits=14}: bitz::piop::spartan::grinding: close time.busy=6.48µs time.idle=121ns
2026-10-07T19:22:16.561761Z  INFO falcon_algebraic:prove:falcon_algebraic:bitz:falcon_bridge:wfbitz_forest:spartan:grinding{bits=14}: bitz::piop::spartan::grinding: close time.busy=158µs time.idle=130ns
2026-10-07T19:22:16.561834Z  INFO falcon_algebraic:prove:falcon_algebraic:bitz:falcon_bridge:wfbitz_forest:spartan:grinding{bits=14}: bitz::piop::spartan::grinding: close time.busy=44.4µs time.idle=120ns
2026-10-07T19:22:16.561898Z  INFO falcon_algebraic:prove:falcon_algebraic:bitz:falcon_bridge:wfbitz_forest:spartan:grinding{bits=14}: bitz::piop::spartan::grinding: close time.busy=45.6µs time.idle=120ns
2026-10-07T19:22:16.561972Z  INFO falcon_algebraic:prove:falcon_algebraic:bitz:falcon_bridge:wfbitz_forest:spartan:grinding{bits=14}: bitz::piop::spartan::grinding: close time.busy=65.8µs time.idle=111ns
2026-10-07T19:22:16.562092Z  INFO falcon_algebraic:prove:falcon_algebraic:bitz:falcon_bridge:wfbitz_forest:spartan:grinding{bits=14}: bitz::piop::spartan::grinding: close time.busy=104µs time.idle=110ns
2026-10-07T19:22:16.562106Z  INFO falcon_algebraic:prove:falcon_algebraic:bitz:falcon_bridge:wfbitz_forest:spartan:grinding{bits=14}: bitz::piop::spartan::grinding: close time.busy=8.33µs time.idle=110ns
2026-10-07T19:22:16.562164Z  INFO falcon_algebraic:prove:falcon_algebraic:bitz:falcon_bridge:wfbitz_forest:spartan:grinding{bits=14}: bitz::piop::spartan::grinding: close time.busy=53.5µs time.idle=110ns
2026-10-07T19:22:16.562180Z  INFO falcon_algebraic:prove:falcon_algebraic:bitz:falcon_bridge:wfbitz_forest:spartan:grinding{bits=14}: bitz::piop::spartan::grinding: close time.busy=12.4µs time.idle=121ns
2026-10-07T19:22:16.562263Z  INFO falcon_algebraic:prove:falcon_algebraic:bitz:falcon_bridge:wfbitz_forest:spartan:grinding{bits=14}: bitz::piop::spartan::grinding: close time.busy=78.6µs time.idle=121ns
2026-10-07T19:22:16.562431Z  INFO falcon_algebraic:prove:falcon_algebraic:bitz:falcon_bridge:wfbitz_forest:spartan:grinding{bits=14}: bitz::piop::spartan::grinding: close time.busy=165µs time.idle=121ns
2026-10-07T19:22:16.562496Z  INFO falcon_algebraic:prove:falcon_algebraic:bitz:falcon_bridge:wfbitz_forest:spartan:grinding{bits=14}: bitz::piop::spartan::grinding: close time.busy=61.8µs time.idle=120ns
2026-10-07T19:22:16.562519Z  INFO falcon_algebraic:prove:falcon_algebraic:bitz:falcon_bridge:wfbitz_forest:spartan:grinding{bits=14}: bitz::piop::spartan::grinding: close time.busy=20.0µs time.idle=110ns
2026-10-07T19:22:16.562581Z  INFO falcon_algebraic:prove:falcon_algebraic:bitz:falcon_bridge:wfbitz_forest:spartan:grinding{bits=14}: bitz::piop::spartan::grinding: close time.busy=59.1µs time.idle=130ns
2026-10-07T19:22:16.562606Z  INFO falcon_algebraic:prove:falcon_algebraic:bitz:falcon_bridge:wfbitz_forest:spartan:grinding{bits=14}: bitz::piop::spartan::grinding: close time.busy=22.0µs time.idle=110ns
2026-10-07T19:22:16.562658Z  INFO falcon_algebraic:prove:falcon_algebraic:bitz:falcon_bridge:wfbitz_forest:spartan:grinding{bits=14}: bitz::piop::spartan::grinding: close time.busy=49.4µs time.idle=111ns
2026-10-07T19:22:16.562678Z  INFO falcon_algebraic:prove:falcon_algebraic:bitz:falcon_bridge:wfbitz_forest:spartan:grinding{bits=14}: bitz::piop::spartan::grinding: close time.busy=17.2µs time.idle=110ns
2026-10-07T19:22:16.563132Z  INFO falcon_algebraic:prove:falcon_algebraic:bitz:falcon_bridge:wfbitz_forest: bitz::hybrid::integer_bridge: close time.busy=63.9ms time.idle=160ns
2026-10-07T19:22:16.563199Z  INFO falcon_algebraic:prove:falcon_algebraic:bitz: bitz::piop::spartan::falcon512_algebraic::protocol: close time.busy=67.9ms time.idle=140ns
2026-10-07T19:22:16.566718Z  INFO falcon_algebraic:prove:falcon_joint:packed_setup: bitz::hybrid::joint_sumcheck: close time.busy=3.52ms time.idle=171ns
2026-10-07T19:22:16.566779Z  INFO falcon_algebraic:prove:spartan:round_grinding_prove:spartan:grinding{bits=10}: bitz::piop::spartan::grinding: close time.busy=8.88µs time.idle=121ns
2026-10-07T19:22:16.566780Z  INFO falcon_algebraic:prove:spartan:round_grinding_prove: bitz::sumcheck::boundary: close time.busy=11.4µs time.idle=120ns
2026-10-07T19:22:16.566849Z  INFO falcon_algebraic:prove:spartan:round_grinding_prove:spartan:grinding{bits=10}: bitz::piop::spartan::grinding: close time.busy=10.7µs time.idle=120ns
2026-10-07T19:22:16.566850Z  INFO falcon_algebraic:prove:spartan:round_grinding_prove: bitz::sumcheck::boundary: close time.busy=12.9µs time.idle=111ns
2026-10-07T19:22:16.566910Z  INFO falcon_algebraic:prove:spartan:round_grinding_prove:spartan:grinding{bits=10}: bitz::piop::spartan::grinding: close time.busy=6.59µs time.idle=121ns
2026-10-07T19:22:16.566911Z  INFO falcon_algebraic:prove:spartan:round_grinding_prove: bitz::sumcheck::boundary: close time.busy=8.68µs time.idle=120ns
2026-10-07T19:22:16.566968Z  INFO falcon_algebraic:prove:spartan:round_grinding_prove:spartan:grinding{bits=10}: bitz::piop::spartan::grinding: close time.busy=4.93µs time.idle=130ns
2026-10-07T19:22:16.566969Z  INFO falcon_algebraic:prove:spartan:round_grinding_prove: bitz::sumcheck::boundary: close time.busy=7.07µs time.idle=140ns
2026-10-07T19:22:16.567021Z  INFO falcon_algebraic:prove:spartan:round_grinding_prove:spartan:grinding{bits=10}: bitz::piop::spartan::grinding: close time.busy=1.68µs time.idle=130ns
2026-10-07T19:22:16.567022Z  INFO falcon_algebraic:prove:spartan:round_grinding_prove: bitz::sumcheck::boundary: close time.busy=4.06µs time.idle=130ns
2026-10-07T19:22:16.567078Z  INFO falcon_algebraic:prove:spartan:round_grinding_prove:spartan:grinding{bits=10}: bitz::piop::spartan::grinding: close time.busy=3.33µs time.idle=110ns
2026-10-07T19:22:16.567079Z  INFO falcon_algebraic:prove:spartan:round_grinding_prove: bitz::sumcheck::boundary: close time.busy=5.56µs time.idle=100ns
2026-10-07T19:22:16.567130Z  INFO falcon_algebraic:prove:spartan:round_grinding_prove:spartan:grinding{bits=10}: bitz::piop::spartan::grinding: close time.busy=902ns time.idle=130ns
2026-10-07T19:22:16.567132Z  INFO falcon_algebraic:prove:spartan:round_grinding_prove: bitz::sumcheck::boundary: close time.busy=3.25µs time.idle=110ns
2026-10-07T19:22:16.568608Z  INFO falcon_algebraic:prove:falcon_joint:prepare: bitz::hybrid::joint_sumcheck: close time.busy=1.47ms time.idle=140ns
2026-10-07T19:22:16.568616Z  INFO falcon_algebraic:prove:spartan:round_grinding_prove:spartan:grinding{bits=10}: bitz::piop::spartan::grinding: close time.busy=4.91µs time.idle=91.0ns
2026-10-07T19:22:16.568617Z  INFO falcon_algebraic:prove:spartan:round_grinding_prove: bitz::sumcheck::boundary: close time.busy=7.19µs time.idle=111ns
2026-10-07T19:22:16.569075Z  INFO falcon_algebraic:prove:falcon_joint:compact: bitz::hybrid::joint_sumcheck: close time.busy=456µs time.idle=150ns
2026-10-07T19:22:16.569082Z  INFO falcon_algebraic:prove:spartan:round_grinding_prove:spartan:grinding{bits=10}: bitz::piop::spartan::grinding: close time.busy=4.14µs time.idle=110ns
2026-10-07T19:22:16.569084Z  INFO falcon_algebraic:prove:spartan:round_grinding_prove: bitz::sumcheck::boundary: close time.busy=6.41µs time.idle=110ns
2026-10-07T19:22:16.569285Z  INFO falcon_algebraic:prove:falcon_joint:compact: bitz::hybrid::joint_sumcheck: close time.busy=200µs time.idle=110ns
2026-10-07T19:22:16.569303Z  INFO falcon_algebraic:prove:spartan:round_grinding_prove:spartan:grinding{bits=10}: bitz::piop::spartan::grinding: close time.busy=14.9µs time.idle=130ns
2026-10-07T19:22:16.569304Z  INFO falcon_algebraic:prove:spartan:round_grinding_prove: bitz::sumcheck::boundary: close time.busy=17.1µs time.idle=101ns
2026-10-07T19:22:16.569399Z  INFO falcon_algebraic:prove:falcon_joint:compact: bitz::hybrid::joint_sumcheck: close time.busy=93.2µs time.idle=120ns
2026-10-07T19:22:16.569403Z  INFO falcon_algebraic:prove:spartan:round_grinding_prove:spartan:grinding{bits=10}: bitz::piop::spartan::grinding: close time.busy=1.49µs time.idle=130ns
2026-10-07T19:22:16.569404Z  INFO falcon_algebraic:prove:spartan:round_grinding_prove: bitz::sumcheck::boundary: close time.busy=3.62µs time.idle=110ns
2026-10-07T19:22:16.569481Z  INFO falcon_algebraic:prove:falcon_joint:compact: bitz::hybrid::joint_sumcheck: close time.busy=75.2µs time.idle=110ns
2026-10-07T19:22:16.569486Z  INFO falcon_algebraic:prove:spartan:round_grinding_prove:spartan:grinding{bits=10}: bitz::piop::spartan::grinding: close time.busy=2.44µs time.idle=110ns
2026-10-07T19:22:16.569487Z  INFO falcon_algebraic:prove:spartan:round_grinding_prove: bitz::sumcheck::boundary: close time.busy=4.76µs time.idle=100ns
2026-10-07T19:22:16.569506Z  INFO falcon_algebraic:prove:falcon_joint:dense: bitz::hybrid::joint_sumcheck: close time.busy=16.5µs time.idle=120ns
2026-10-07T19:22:16.569509Z  INFO falcon_algebraic:prove:spartan:round_grinding_prove:spartan:grinding{bits=10}: bitz::piop::spartan::grinding: close time.busy=1.02µs time.idle=132ns
2026-10-07T19:22:16.569510Z  INFO falcon_algebraic:prove:spartan:round_grinding_prove: bitz::sumcheck::boundary: close time.busy=3.23µs time.idle=110ns
2026-10-07T19:22:16.569521Z  INFO falcon_algebraic:prove:falcon_joint:dense: bitz::hybrid::joint_sumcheck: close time.busy=9.24µs time.idle=100ns
2026-10-07T19:22:16.569527Z  INFO falcon_algebraic:prove:spartan:round_grinding_prove:spartan:grinding{bits=10}: bitz::piop::spartan::grinding: close time.busy=3.89µs time.idle=110ns
2026-10-07T19:22:16.569528Z  INFO falcon_algebraic:prove:spartan:round_grinding_prove: bitz::sumcheck::boundary: close time.busy=6.02µs time.idle=110ns
2026-10-07T19:22:16.569534Z  INFO falcon_algebraic:prove:falcon_joint:dense: bitz::hybrid::joint_sumcheck: close time.busy=4.25µs time.idle=100ns
2026-10-07T19:22:16.569541Z  INFO falcon_algebraic:prove:spartan:round_grinding_prove:spartan:grinding{bits=10}: bitz::piop::spartan::grinding: close time.busy=4.76µs time.idle=120ns
2026-10-07T19:22:16.569543Z  INFO falcon_algebraic:prove:spartan:round_grinding_prove: bitz::sumcheck::boundary: close time.busy=7.48µs time.idle=110ns
2026-10-07T19:22:16.569546Z  INFO falcon_algebraic:prove:falcon_joint:dense: bitz::hybrid::joint_sumcheck: close time.busy=1.34µs time.idle=120ns
2026-10-07T19:22:16.569548Z  INFO falcon_algebraic:prove:spartan:round_grinding_prove:spartan:grinding{bits=10}: bitz::piop::spartan::grinding: close time.busy=501ns time.idle=120ns
2026-10-07T19:22:16.569550Z  INFO falcon_algebraic:prove:spartan:round_grinding_prove: bitz::sumcheck::boundary: close time.busy=2.75µs time.idle=90.0ns
2026-10-07T19:22:16.569552Z  INFO falcon_algebraic:prove:falcon_joint:dense: bitz::hybrid::joint_sumcheck: close time.busy=722ns time.idle=110ns
2026-10-07T19:22:16.569555Z  INFO falcon_algebraic:prove:spartan:round_grinding_prove:spartan:grinding{bits=10}: bitz::piop::spartan::grinding: close time.busy=621ns time.idle=120ns
2026-10-07T19:22:16.569556Z  INFO falcon_algebraic:prove:spartan:round_grinding_prove: bitz::sumcheck::boundary: close time.busy=2.96µs time.idle=100ns
2026-10-07T19:22:16.569558Z  INFO falcon_algebraic:prove:falcon_joint:dense: bitz::hybrid::joint_sumcheck: close time.busy=391ns time.idle=110ns
2026-10-07T19:22:16.569561Z  INFO falcon_algebraic:prove:spartan:round_grinding_prove:spartan:grinding{bits=10}: bitz::piop::spartan::grinding: close time.busy=841ns time.idle=110ns
2026-10-07T19:22:16.569563Z  INFO falcon_algebraic:prove:spartan:round_grinding_prove: bitz::sumcheck::boundary: close time.busy=3.17µs time.idle=110ns
2026-10-07T19:22:16.569564Z  INFO falcon_algebraic:prove:falcon_joint:dense: bitz::hybrid::joint_sumcheck: close time.busy=230ns time.idle=90.0ns
2026-10-07T19:22:16.569569Z  INFO falcon_algebraic:prove:spartan:round_grinding_prove:spartan:grinding{bits=10}: bitz::piop::spartan::grinding: close time.busy=2.10µs time.idle=111ns
2026-10-07T19:22:16.569570Z  INFO falcon_algebraic:prove:spartan:round_grinding_prove: bitz::sumcheck::boundary: close time.busy=4.28µs time.idle=111ns
2026-10-07T19:22:16.569572Z  INFO falcon_algebraic:prove:falcon_joint:dense: bitz::hybrid::joint_sumcheck: close time.busy=150ns time.idle=100ns
2026-10-07T19:22:16.569580Z  INFO falcon_algebraic:prove:spartan:round_grinding_prove:spartan:grinding{bits=10}: bitz::piop::spartan::grinding: close time.busy=5.56µs time.idle=110ns
2026-10-07T19:22:16.569581Z  INFO falcon_algebraic:prove:spartan:round_grinding_prove: bitz::sumcheck::boundary: close time.busy=7.67µs time.idle=110ns
2026-10-07T19:22:16.569583Z  INFO falcon_algebraic:prove:falcon_joint:dense: bitz::hybrid::joint_sumcheck: close time.busy=110ns time.idle=121ns
2026-10-07T19:22:16.569588Z  INFO falcon_algebraic:prove:spartan:round_grinding_prove:spartan:grinding{bits=10}: bitz::piop::spartan::grinding: close time.busy=3.26µs time.idle=100ns
2026-10-07T19:22:16.569589Z  INFO falcon_algebraic:prove:spartan:round_grinding_prove: bitz::sumcheck::boundary: close time.busy=5.45µs time.idle=110ns
2026-10-07T19:22:16.569591Z  INFO falcon_algebraic:prove:falcon_joint:dense: bitz::hybrid::joint_sumcheck: close time.busy=90.0ns time.idle=120ns
2026-10-07T19:22:16.569604Z  INFO falcon_algebraic:prove:spartan:round_grinding_prove:spartan:grinding{bits=10}: bitz::piop::spartan::grinding: close time.busy=11.7µs time.idle=120ns
2026-10-07T19:22:16.569606Z  INFO falcon_algebraic:prove:spartan:round_grinding_prove: bitz::sumcheck::boundary: close time.busy=13.7µs time.idle=90.0ns
2026-10-07T19:22:16.569607Z  INFO falcon_algebraic:prove:falcon_joint:dense: bitz::hybrid::joint_sumcheck: close time.busy=90.0ns time.idle=120ns
2026-10-07T19:22:16.569619Z  INFO falcon_algebraic:prove:spartan:round_grinding_prove:spartan:grinding{bits=10}: bitz::piop::spartan::grinding: close time.busy=10.3µs time.idle=121ns
2026-10-07T19:22:16.569621Z  INFO falcon_algebraic:prove:spartan:round_grinding_prove: bitz::sumcheck::boundary: close time.busy=12.3µs time.idle=100ns
2026-10-07T19:22:16.569622Z  INFO falcon_algebraic:prove:falcon_joint:dense: bitz::hybrid::joint_sumcheck: close time.busy=160ns time.idle=111ns
2026-10-07T19:22:16.569627Z  INFO falcon_algebraic:prove:spartan:round_grinding_prove:spartan:grinding{bits=10}: bitz::piop::spartan::grinding: close time.busy=2.52µs time.idle=120ns
2026-10-07T19:22:16.569628Z  INFO falcon_algebraic:prove:spartan:round_grinding_prove: bitz::sumcheck::boundary: close time.busy=4.63µs time.idle=100ns
2026-10-07T19:22:16.569630Z  INFO falcon_algebraic:prove:falcon_joint:dense: bitz::hybrid::joint_sumcheck: close time.busy=90.0ns time.idle=110ns
2026-10-07T19:22:16.569634Z  INFO falcon_algebraic:prove:spartan:round_grinding_prove:spartan:grinding{bits=10}: bitz::piop::spartan::grinding: close time.busy=2.07µs time.idle=120ns
2026-10-07T19:22:16.569635Z  INFO falcon_algebraic:prove:spartan:round_grinding_prove: bitz::sumcheck::boundary: close time.busy=4.11µs time.idle=110ns
2026-10-07T19:22:16.569637Z  INFO falcon_algebraic:prove:falcon_joint:dense: bitz::hybrid::joint_sumcheck: close time.busy=70.0ns time.idle=100ns
2026-10-07T19:22:16.573037Z  INFO falcon_algebraic:prove:falcon_algebraic:pcs:op:ring_switch:spartan:grinding{bits=12}: bitz::piop::spartan::grinding: close time.busy=6.77µs time.idle=140ns
2026-10-07T19:22:16.573052Z  INFO falcon_algebraic:prove:falcon_algebraic:pcs:op:ring_switch: bitz::hybrid::opening: close time.busy=3.41ms time.idle=131ns
2026-10-07T19:22:16.573108Z  INFO falcon_algebraic:prove:falcon_algebraic:pcs:op:extra_bases:spartan:grinding{bits=12}: bitz::piop::spartan::grinding: close time.busy=53.3µs time.idle=111ns
2026-10-07T19:22:16.576822Z  INFO falcon_algebraic:prove:falcon_algebraic:pcs:op:extra_bases:op:initial_messages: bitz::hybrid::opening::streamed: close time.busy=3.70ms time.idle=120ns
2026-10-07T19:22:16.576823Z  INFO falcon_algebraic:prove:falcon_algebraic:pcs:op:extra_bases: bitz::hybrid::opening: close time.busy=3.77ms time.idle=110ns
2026-10-07T19:22:16.576840Z  INFO falcon_algebraic:prove:falcon_algebraic:pcs:op:ligerito:lig:grind_pow{bits=20}:spartan:grinding{bits=12}: bitz::piop::spartan::grinding: close time.busy=9.53µs time.idle=250ns
2026-10-07T19:22:16.579953Z  INFO falcon_algebraic:prove:falcon_algebraic:pcs:op:ligerito:lig:grind_pow{bits=20 seed_lo=16585239870378092045 seed_hi=252240414582464361 nonce=845824}: bitz::ligerito_flock: close time.busy=3.12ms time.idle=140ns
2026-10-07T19:22:16.579965Z  INFO falcon_algebraic:prove:falcon_algebraic:pcs:op:ligerito:spartan:grinding{bits=12}: bitz::piop::spartan::grinding: close time.busy=9.76µs time.idle=120ns
2026-10-07T19:22:16.579996Z  INFO falcon_algebraic:prove:falcon_algebraic:pcs:op:ligerito:lig:grind_pow{bits=20}:spartan:grinding{bits=12}: bitz::piop::spartan::grinding: close time.busy=27.9µs time.idle=180ns
2026-10-07T19:22:16.587182Z  INFO falcon_algebraic:prove:falcon_algebraic:pcs:op:ligerito:lig:grind_pow{bits=20 seed_lo=16515954434907747464 seed_hi=6857726535889748133 nonce=1934605}: bitz::ligerito_flock: close time.busy=7.21ms time.idle=120ns
2026-10-07T19:22:16.587206Z  INFO falcon_algebraic:prove:falcon_algebraic:pcs:op:ligerito:spartan:grinding{bits=12}: bitz::piop::spartan::grinding: close time.busy=22.3µs time.idle=120ns
2026-10-07T19:22:16.588459Z  INFO falcon_algebraic:prove:falcon_algebraic:pcs:op:ligerito:op:deferred_first_fold: bitz::hybrid::opening::streamed: close time.busy=1.25ms time.idle=120ns
2026-10-07T19:22:16.588474Z  INFO falcon_algebraic:prove:falcon_algebraic:pcs:op:ligerito:lig:grind_pow{bits=20}:spartan:grinding{bits=12}: bitz::piop::spartan::grinding: close time.busy=11.2µs time.idle=120ns
2026-10-07T19:22:16.591342Z  INFO falcon_algebraic:prove:falcon_algebraic:pcs:op:ligerito:lig:grind_pow{bits=20 seed_lo=15156880928251228141 seed_hi=13035904849866892240 nonce=780372}: bitz::ligerito_flock: close time.busy=2.88ms time.idle=131ns
2026-10-07T19:22:16.591353Z  INFO falcon_algebraic:prove:falcon_algebraic:pcs:op:ligerito:spartan:grinding{bits=12}: bitz::piop::spartan::grinding: close time.busy=8.63µs time.idle=100ns
2026-10-07T19:22:16.591398Z  INFO falcon_algebraic:prove:falcon_algebraic:pcs:op:ligerito:lig:grind_pow{bits=20}:spartan:grinding{bits=12}: bitz::piop::spartan::grinding: close time.busy=40.9µs time.idle=110ns
2026-10-07T19:22:16.595747Z  INFO falcon_algebraic:prove:falcon_algebraic:pcs:op:ligerito:lig:grind_pow{bits=20 seed_lo=13631632210140918579 seed_hi=14396935104463418914 nonce=1177064}: bitz::ligerito_flock: close time.busy=4.39ms time.idle=111ns
2026-10-07T19:22:16.595754Z  INFO falcon_algebraic:prove:falcon_algebraic:pcs:op:ligerito:spartan:grinding{bits=12}: bitz::piop::spartan::grinding: close time.busy=5.35µs time.idle=110ns
2026-10-07T19:22:16.596744Z  INFO falcon_algebraic:prove:falcon_algebraic:pcs:op:ligerito:lig:grind_pow{bits=11}:spartan:grinding{bits=12}: bitz::piop::spartan::grinding: close time.busy=4.28µs time.idle=110ns
2026-10-07T19:22:16.596771Z  INFO falcon_algebraic:prove:falcon_algebraic:pcs:op:ligerito:lig:grind_pow{bits=11 seed_lo=13883608211463092717 seed_hi=4814763136328311214 nonce=6484}: bitz::ligerito_flock: close time.busy=32.4µs time.idle=110ns
2026-10-07T19:22:16.596780Z  INFO falcon_algebraic:prove:falcon_algebraic:pcs:op:ligerito:spartan:grinding{bits=12}: bitz::piop::spartan::grinding: close time.busy=7.01µs time.idle=110ns
2026-10-07T19:22:16.597813Z  INFO falcon_algebraic:prove:falcon_algebraic:pcs:op:ligerito:lig:grind_pow{bits=7}:spartan:grinding{bits=12}: bitz::piop::spartan::grinding: close time.busy=10.9µs time.idle=111ns
2026-10-07T19:22:16.597816Z  INFO falcon_algebraic:prove:falcon_algebraic:pcs:op:ligerito:lig:grind_pow{bits=7 seed_lo=11236906799232313023 seed_hi=9675907765575026736 nonce=15}: bitz::ligerito_flock: close time.busy=15.2µs time.idle=131ns
2026-10-07T19:22:16.597828Z  INFO falcon_algebraic:prove:falcon_algebraic:pcs:op:ligerito:spartan:grinding{bits=12}: bitz::piop::spartan::grinding: close time.busy=9.76µs time.idle=111ns
2026-10-07T19:22:16.597887Z  INFO falcon_algebraic:prove:falcon_algebraic:pcs:op:ligerito:lig:grind_pow{bits=19}:spartan:grinding{bits=12}: bitz::piop::spartan::grinding: close time.busy=19.6µs time.idle=301ns
2026-10-07T19:22:16.604121Z  INFO falcon_algebraic:prove:falcon_algebraic:pcs:op:ligerito:lig:grind_pow{bits=19 seed_lo=6737273171409929756 seed_hi=6349725049180355339 nonce=1689234}: bitz::ligerito_flock: close time.busy=6.25ms time.idle=111ns
2026-10-07T19:22:16.604141Z  INFO falcon_algebraic:prove:falcon_algebraic:pcs:op:ligerito:spartan:grinding{bits=12}: bitz::piop::spartan::grinding: close time.busy=18.4µs time.idle=111ns
2026-10-07T19:22:16.604180Z  INFO falcon_algebraic:prove:falcon_algebraic:pcs:op:ligerito:lig:grind_pow{bits=19}:spartan:grinding{bits=12}: bitz::piop::spartan::grinding: close time.busy=6.94µs time.idle=120ns
2026-10-07T19:22:16.605167Z  INFO falcon_algebraic:prove:falcon_algebraic:pcs:op:ligerito:lig:grind_pow{bits=19 seed_lo=16363797335914491273 seed_hi=7907073842687230253 nonce=265986}: bitz::ligerito_flock: close time.busy=996µs time.idle=121ns
2026-10-07T19:22:16.605187Z  INFO falcon_algebraic:prove:falcon_algebraic:pcs:op:ligerito:spartan:grinding{bits=12}: bitz::piop::spartan::grinding: close time.busy=16.9µs time.idle=120ns
2026-10-07T19:22:16.605221Z  INFO falcon_algebraic:prove:falcon_algebraic:pcs:op:ligerito:lig:grind_pow{bits=19}:spartan:grinding{bits=12}: bitz::piop::spartan::grinding: close time.busy=15.8µs time.idle=110ns
2026-10-07T19:22:16.605537Z  INFO falcon_algebraic:prove:falcon_algebraic:pcs:op:ligerito:lig:grind_pow{bits=19 seed_lo=2894948025734070852 seed_hi=11996938362515225117 nonce=84272}: bitz::ligerito_flock: close time.busy=334µs time.idle=131ns
2026-10-07T19:22:16.605547Z  INFO falcon_algebraic:prove:falcon_algebraic:pcs:op:ligerito:spartan:grinding{bits=12}: bitz::piop::spartan::grinding: close time.busy=7.51µs time.idle=111ns
2026-10-07T19:22:16.605809Z  INFO falcon_algebraic:prove:falcon_algebraic:pcs:op:ligerito:lig:grind_pow{bits=11}:spartan:grinding{bits=12}: bitz::piop::spartan::grinding: close time.busy=60.6µs time.idle=130ns
2026-10-07T19:22:16.605839Z  INFO falcon_algebraic:prove:falcon_algebraic:pcs:op:ligerito:lig:grind_pow{bits=11 seed_lo=18159918683903586575 seed_hi=15264492456861379661 nonce=7511}: bitz::ligerito_flock: close time.busy=91.3µs time.idle=121ns
2026-10-07T19:22:16.605858Z  INFO falcon_algebraic:prove:falcon_algebraic:pcs:op:ligerito:spartan:grinding{bits=12}: bitz::piop::spartan::grinding: close time.busy=16.4µs time.idle=111ns
2026-10-07T19:22:16.606792Z  INFO falcon_algebraic:prove:falcon_algebraic:pcs:op:ligerito:lig:grind_pow{bits=7}:spartan:grinding{bits=12}: bitz::piop::spartan::grinding: close time.busy=17.7µs time.idle=110ns
2026-10-07T19:22:16.606795Z  INFO falcon_algebraic:prove:falcon_algebraic:pcs:op:ligerito:lig:grind_pow{bits=7 seed_lo=6063983217750421890 seed_hi=15792750583625114170 nonce=278}: bitz::ligerito_flock: close time.busy=21.5µs time.idle=110ns
2026-10-07T19:22:16.606813Z  INFO falcon_algebraic:prove:falcon_algebraic:pcs:op:ligerito:spartan:grinding{bits=12}: bitz::piop::spartan::grinding: close time.busy=15.8µs time.idle=110ns
2026-10-07T19:22:16.606824Z  INFO falcon_algebraic:prove:falcon_algebraic:pcs:op:ligerito:lig:grind_pow{bits=17}:spartan:grinding{bits=12}: bitz::piop::spartan::grinding: close time.busy=4.14µs time.idle=110ns
2026-10-07T19:22:16.607206Z  INFO falcon_algebraic:prove:falcon_algebraic:pcs:op:ligerito:lig:grind_pow{bits=17 seed_lo=9439740927722712704 seed_hi=2096174283014629509 nonce=101945}: bitz::ligerito_flock: close time.busy=387µs time.idle=110ns
2026-10-07T19:22:16.607215Z  INFO falcon_algebraic:prove:falcon_algebraic:pcs:op:ligerito:spartan:grinding{bits=12}: bitz::piop::spartan::grinding: close time.busy=6.96µs time.idle=111ns
2026-10-07T19:22:16.607244Z  INFO falcon_algebraic:prove:falcon_algebraic:pcs:op:ligerito:lig:grind_pow{bits=17}:spartan:grinding{bits=12}: bitz::piop::spartan::grinding: close time.busy=20.4µs time.idle=121ns
2026-10-07T19:22:16.607995Z  INFO falcon_algebraic:prove:falcon_algebraic:pcs:op:ligerito:lig:grind_pow{bits=17 seed_lo=4879747707019962164 seed_hi=439600284198012619 nonce=202467}: bitz::ligerito_flock: close time.busy=772µs time.idle=120ns
2026-10-07T19:22:16.608056Z  INFO falcon_algebraic:prove:falcon_algebraic:pcs:op:ligerito:spartan:grinding{bits=12}: bitz::piop::spartan::grinding: close time.busy=58.9µs time.idle=111ns
2026-10-07T19:22:16.608132Z  INFO falcon_algebraic:prove:falcon_algebraic:pcs:op:ligerito:lig:grind_pow{bits=17}:spartan:grinding{bits=12}: bitz::piop::spartan::grinding: close time.busy=69.5µs time.idle=90.0ns
2026-10-07T19:22:16.608606Z  INFO falcon_algebraic:prove:falcon_algebraic:pcs:op:ligerito:lig:grind_pow{bits=17 seed_lo=11445438758731368906 seed_hi=6157812661900222650 nonce=127074}: bitz::ligerito_flock: close time.busy=544µs time.idle=120ns
2026-10-07T19:22:16.608631Z  INFO falcon_algebraic:prove:falcon_algebraic:pcs:op:ligerito:spartan:grinding{bits=12}: bitz::piop::spartan::grinding: close time.busy=23.3µs time.idle=110ns
2026-10-07T19:22:16.608693Z  INFO falcon_algebraic:prove:falcon_algebraic:pcs:op:ligerito:lig:grind_pow{bits=11}:spartan:grinding{bits=12}: bitz::piop::spartan::grinding: close time.busy=15.3µs time.idle=120ns
2026-10-07T19:22:16.608699Z  INFO falcon_algebraic:prove:falcon_algebraic:pcs:op:ligerito:lig:grind_pow{bits=11 seed_lo=10949084842977817524 seed_hi=122019558496133150 nonce=865}: bitz::ligerito_flock: close time.busy=21.4µs time.idle=110ns
2026-10-07T19:22:16.608706Z  INFO falcon_algebraic:prove:falcon_algebraic:pcs:op:ligerito:spartan:grinding{bits=12}: bitz::piop::spartan::grinding: close time.busy=5.90µs time.idle=110ns
2026-10-07T19:22:16.608894Z  INFO falcon_algebraic:prove:falcon_algebraic:pcs:op:ligerito:lig:grind_pow{bits=7}:spartan:grinding{bits=12}: bitz::piop::spartan::grinding: close time.busy=17.6µs time.idle=110ns
2026-10-07T19:22:16.608896Z  INFO falcon_algebraic:prove:falcon_algebraic:pcs:op:ligerito:lig:grind_pow{bits=7 seed_lo=3981704520588902172 seed_hi=5112808211354485806 nonce=127}: bitz::ligerito_flock: close time.busy=21.1µs time.idle=120ns
2026-10-07T19:22:16.608910Z  INFO falcon_algebraic:prove:falcon_algebraic:pcs:op:ligerito:spartan:grinding{bits=12}: bitz::piop::spartan::grinding: close time.busy=11.4µs time.idle=120ns
2026-10-07T19:22:16.608932Z  INFO falcon_algebraic:prove:falcon_algebraic:pcs:op:ligerito:lig:grind_pow{bits=15}:spartan:grinding{bits=12}: bitz::piop::spartan::grinding: close time.busy=18.2µs time.idle=110ns
2026-10-07T19:22:16.609079Z  INFO falcon_algebraic:prove:falcon_algebraic:pcs:op:ligerito:lig:grind_pow{bits=15 seed_lo=5714358563480935973 seed_hi=7082249013099719080 nonce=37915}: bitz::ligerito_flock: close time.busy=166µs time.idle=120ns
2026-10-07T19:22:16.609086Z  INFO falcon_algebraic:prove:falcon_algebraic:pcs:op:ligerito:spartan:grinding{bits=12}: bitz::piop::spartan::grinding: close time.busy=4.64µs time.idle=110ns
2026-10-07T19:22:16.609097Z  INFO falcon_algebraic:prove:falcon_algebraic:pcs:op:ligerito:lig:grind_pow{bits=15}:spartan:grinding{bits=12}: bitz::piop::spartan::grinding: close time.busy=6.94µs time.idle=130ns
2026-10-07T19:22:16.609225Z  INFO falcon_algebraic:prove:falcon_algebraic:pcs:op:ligerito:lig:grind_pow{bits=15 seed_lo=1387454479720951228 seed_hi=11462693460595150436 nonce=33297}: bitz::ligerito_flock: close time.busy=136µs time.idle=110ns
2026-10-07T19:22:16.609233Z  INFO falcon_algebraic:prove:falcon_algebraic:pcs:op:ligerito:spartan:grinding{bits=12}: bitz::piop::spartan::grinding: close time.busy=6.46µs time.idle=110ns
2026-10-07T19:22:16.609256Z  INFO falcon_algebraic:prove:falcon_algebraic:pcs:op:ligerito:lig:grind_pow{bits=15}:spartan:grinding{bits=12}: bitz::piop::spartan::grinding: close time.busy=18.8µs time.idle=110ns
2026-10-07T19:22:16.609433Z  INFO falcon_algebraic:prove:falcon_algebraic:pcs:op:ligerito:lig:grind_pow{bits=15 seed_lo=11782515305620195408 seed_hi=13789569290169553573 nonce=46654}: bitz::ligerito_flock: close time.busy=197µs time.idle=131ns
2026-10-07T19:22:16.609458Z  INFO falcon_algebraic:prove:falcon_algebraic:pcs:op:ligerito:spartan:grinding{bits=12}: bitz::piop::spartan::grinding: close time.busy=22.8µs time.idle=100ns
2026-10-07T19:22:16.609503Z  INFO falcon_algebraic:prove:falcon_algebraic:pcs:op:ligerito:lig:grind_pow{bits=11}:spartan:grinding{bits=12}: bitz::piop::spartan::grinding: close time.busy=40.0µs time.idle=111ns
2026-10-07T19:22:16.609536Z  INFO falcon_algebraic:prove:falcon_algebraic:pcs:op:ligerito:lig:grind_pow{bits=11 seed_lo=6666139499001844964 seed_hi=2837533228837389612 nonce=8372}: bitz::ligerito_flock: close time.busy=73.6µs time.idle=100ns
2026-10-07T19:22:16.609545Z  INFO falcon_algebraic:prove:falcon_algebraic:pcs:op:ligerito:spartan:grinding{bits=12}: bitz::piop::spartan::grinding: close time.busy=7.35µs time.idle=110ns
2026-10-07T19:22:16.609615Z  INFO falcon_algebraic:prove:falcon_algebraic:pcs:op:ligerito: bitz::hybrid::opening: close time.busy=32.8ms time.idle=130ns
2026-10-07T19:22:16.609618Z  INFO falcon_algebraic:prove:falcon_algebraic:pcs: bitz::piop::spartan::falcon512_algebraic::protocol: close time.busy=40.0ms time.idle=130ns
2026-10-07T19:22:16.610537Z  INFO falcon_algebraic:prove: bitz::piop::spartan::falcon512_algebraic::protocol: close time.busy=392ms time.idle=201ns
2026-10-07T19:22:16.676203Z  INFO falcon_algebraic:verify:falcon_algebraic_ring:verify:falcon_algebraic_ring:coordinates: bitz::piop::spartan::falcon512_algebraic::ring: close time.busy=57.9ms time.idle=150ns
2026-10-07T19:22:16.694804Z  INFO falcon_algebraic:verify:falcon_algebraic_ring:verify:falcon_algebraic_ring:collapse: bitz::piop::spartan::falcon512_algebraic::ring: close time.busy=18.6ms time.idle=160ns
2026-10-07T19:22:16.694806Z  INFO falcon_algebraic:verify:falcon_algebraic_ring:verify: bitz::piop::spartan::falcon512_algebraic::ring: close time.busy=76.8ms time.idle=161ns
2026-10-07T19:22:16.694830Z  INFO falcon_algebraic:verify:spartan:round_grinding_verify: bitz::sumcheck::boundary: close time.busy=1.02µs time.idle=130ns
2026-10-07T19:22:16.694834Z  INFO falcon_algebraic:verify:spartan:round_grinding_verify: bitz::sumcheck::boundary: close time.busy=872ns time.idle=110ns
2026-10-07T19:22:16.694838Z  INFO falcon_algebraic:verify:spartan:round_grinding_verify: bitz::sumcheck::boundary: close time.busy=912ns time.idle=110ns
2026-10-07T19:22:16.694845Z  INFO falcon_algebraic:verify:spartan:round_grinding_verify: bitz::sumcheck::boundary: close time.busy=651ns time.idle=110ns
2026-10-07T19:22:16.694848Z  INFO falcon_algebraic:verify:spartan:round_grinding_verify: bitz::sumcheck::boundary: close time.busy=651ns time.idle=111ns
2026-10-07T19:22:16.694851Z  INFO falcon_algebraic:verify:spartan:round_grinding_verify: bitz::sumcheck::boundary: close time.busy=762ns time.idle=90.0ns
2026-10-07T19:22:16.694855Z  INFO falcon_algebraic:verify:spartan:round_grinding_verify: bitz::sumcheck::boundary: close time.busy=701ns time.idle=100ns
2026-10-07T19:22:16.694859Z  INFO falcon_algebraic:verify:spartan:round_grinding_verify: bitz::sumcheck::boundary: close time.busy=792ns time.idle=110ns
2026-10-07T19:22:16.694864Z  INFO falcon_algebraic:verify:spartan:round_grinding_verify: bitz::sumcheck::boundary: close time.busy=881ns time.idle=101ns
2026-10-07T19:22:16.694867Z  INFO falcon_algebraic:verify:spartan:round_grinding_verify: bitz::sumcheck::boundary: close time.busy=662ns time.idle=110ns
2026-10-07T19:22:16.694870Z  INFO falcon_algebraic:verify:spartan:round_grinding_verify: bitz::sumcheck::boundary: close time.busy=762ns time.idle=120ns
2026-10-07T19:22:16.694873Z  INFO falcon_algebraic:verify:spartan:round_grinding_verify: bitz::sumcheck::boundary: close time.busy=781ns time.idle=110ns
2026-10-07T19:22:16.694877Z  INFO falcon_algebraic:verify:spartan:round_grinding_verify: bitz::sumcheck::boundary: close time.busy=781ns time.idle=111ns
2026-10-07T19:22:16.694880Z  INFO falcon_algebraic:verify:spartan:round_grinding_verify: bitz::sumcheck::boundary: close time.busy=802ns time.idle=100ns
2026-10-07T19:22:16.694884Z  INFO falcon_algebraic:verify:spartan:round_grinding_verify: bitz::sumcheck::boundary: close time.busy=771ns time.idle=110ns
2026-10-07T19:22:16.694887Z  INFO falcon_algebraic:verify:spartan:round_grinding_verify: bitz::sumcheck::boundary: close time.busy=721ns time.idle=101ns
2026-10-07T19:22:16.694890Z  INFO falcon_algebraic:verify:spartan:round_grinding_verify: bitz::sumcheck::boundary: close time.busy=771ns time.idle=100ns
2026-10-07T19:22:16.694894Z  INFO falcon_algebraic:verify:spartan:round_grinding_verify: bitz::sumcheck::boundary: close time.busy=772ns time.idle=120ns
2026-10-07T19:22:16.694898Z  INFO falcon_algebraic:verify:spartan:round_grinding_verify: bitz::sumcheck::boundary: close time.busy=872ns time.idle=110ns
2026-10-07T19:22:16.704521Z  INFO falcon_algebraic:verify:spartan:round_grinding_verify: bitz::sumcheck::boundary: close time.busy=952ns time.idle=120ns
2026-10-07T19:22:16.704526Z  INFO falcon_algebraic:verify:spartan:round_grinding_verify: bitz::sumcheck::boundary: close time.busy=862ns time.idle=120ns
2026-10-07T19:22:16.704530Z  INFO falcon_algebraic:verify:spartan:round_grinding_verify: bitz::sumcheck::boundary: close time.busy=851ns time.idle=110ns
2026-10-07T19:22:16.704533Z  INFO falcon_algebraic:verify:spartan:round_grinding_verify: bitz::sumcheck::boundary: close time.busy=842ns time.idle=100ns
2026-10-07T19:22:16.704537Z  INFO falcon_algebraic:verify:spartan:round_grinding_verify: bitz::sumcheck::boundary: close time.busy=862ns time.idle=110ns
2026-10-07T19:22:16.704541Z  INFO falcon_algebraic:verify:spartan:round_grinding_verify: bitz::sumcheck::boundary: close time.busy=931ns time.idle=111ns
2026-10-07T19:22:16.704545Z  INFO falcon_algebraic:verify:spartan:round_grinding_verify: bitz::sumcheck::boundary: close time.busy=1.01µs time.idle=130ns
2026-10-07T19:22:16.704548Z  INFO falcon_algebraic:verify:spartan:round_grinding_verify: bitz::sumcheck::boundary: close time.busy=691ns time.idle=110ns
2026-10-07T19:22:16.704551Z  INFO falcon_algebraic:verify:spartan:round_grinding_verify: bitz::sumcheck::boundary: close time.busy=772ns time.idle=110ns
2026-10-07T19:22:16.704554Z  INFO falcon_algebraic:verify:spartan:round_grinding_verify: bitz::sumcheck::boundary: close time.busy=771ns time.idle=111ns
2026-10-07T19:22:16.704558Z  INFO falcon_algebraic:verify:spartan:round_grinding_verify: bitz::sumcheck::boundary: close time.busy=771ns time.idle=121ns
2026-10-07T19:22:16.704561Z  INFO falcon_algebraic:verify:spartan:round_grinding_verify: bitz::sumcheck::boundary: close time.busy=831ns time.idle=111ns
2026-10-07T19:22:16.704565Z  INFO falcon_algebraic:verify:spartan:round_grinding_verify: bitz::sumcheck::boundary: close time.busy=882ns time.idle=110ns
2026-10-07T19:22:16.704568Z  INFO falcon_algebraic:verify:spartan:round_grinding_verify: bitz::sumcheck::boundary: close time.busy=952ns time.idle=110ns
2026-10-07T19:22:16.704571Z  INFO falcon_algebraic:verify:spartan:round_grinding_verify: bitz::sumcheck::boundary: close time.busy=782ns time.idle=120ns
2026-10-07T19:22:16.704574Z  INFO falcon_algebraic:verify:spartan:round_grinding_verify: bitz::sumcheck::boundary: close time.busy=891ns time.idle=121ns
2026-10-07T19:22:16.704577Z  INFO falcon_algebraic:verify:spartan:round_grinding_verify: bitz::sumcheck::boundary: close time.busy=882ns time.idle=100ns
2026-10-07T19:22:16.704582Z  INFO falcon_algebraic:verify:spartan:round_grinding_verify: bitz::sumcheck::boundary: close time.busy=872ns time.idle=110ns
2026-10-07T19:22:16.704585Z  INFO falcon_algebraic:verify:spartan:round_grinding_verify: bitz::sumcheck::boundary: close time.busy=882ns time.idle=110ns
2026-10-07T19:22:16.704588Z  INFO falcon_algebraic:verify:spartan:round_grinding_verify: bitz::sumcheck::boundary: close time.busy=922ns time.idle=100ns
2026-10-07T19:22:16.704592Z  INFO falcon_algebraic:verify:spartan:round_grinding_verify: bitz::sumcheck::boundary: close time.busy=1.06µs time.idle=120ns
2026-10-07T19:22:16.704595Z  INFO falcon_algebraic:verify:spartan:round_grinding_verify: bitz::sumcheck::boundary: close time.busy=812ns time.idle=110ns
2026-10-07T19:22:16.704598Z  INFO falcon_algebraic:verify:spartan:round_grinding_verify: bitz::sumcheck::boundary: close time.busy=811ns time.idle=101ns
2026-10-07T19:22:16.704602Z  INFO falcon_algebraic:verify:spartan:round_grinding_verify: bitz::sumcheck::boundary: close time.busy=851ns time.idle=121ns
2026-10-07T19:22:16.711872Z  INFO falcon_algebraic:verify:spartan:round_grinding_verify: bitz::sumcheck::boundary: close time.busy=982ns time.idle=150ns
2026-10-07T19:22:16.711875Z  INFO falcon_algebraic:verify:spartan:round_grinding_verify: bitz::sumcheck::boundary: close time.busy=962ns time.idle=110ns
2026-10-07T19:22:16.711878Z  INFO falcon_algebraic:verify:spartan:round_grinding_verify: bitz::sumcheck::boundary: close time.busy=882ns time.idle=110ns
2026-10-07T19:22:16.711880Z  INFO falcon_algebraic:verify:spartan:round_grinding_verify: bitz::sumcheck::boundary: close time.busy=932ns time.idle=110ns
2026-10-07T19:22:16.711883Z  INFO falcon_algebraic:verify:spartan:round_grinding_verify: bitz::sumcheck::boundary: close time.busy=962ns time.idle=110ns
2026-10-07T19:22:16.711886Z  INFO falcon_algebraic:verify:spartan:round_grinding_verify: bitz::sumcheck::boundary: close time.busy=1.00µs time.idle=100ns
2026-10-07T19:22:16.711888Z  INFO falcon_algebraic:verify:spartan:round_grinding_verify: bitz::sumcheck::boundary: close time.busy=1.01µs time.idle=110ns
2026-10-07T19:22:16.711891Z  INFO falcon_algebraic:verify:spartan:round_grinding_verify: bitz::sumcheck::boundary: close time.busy=1.01µs time.idle=100ns
2026-10-07T19:22:16.711894Z  INFO falcon_algebraic:verify:spartan:round_grinding_verify: bitz::sumcheck::boundary: close time.busy=901ns time.idle=110ns
2026-10-07T19:22:16.711896Z  INFO falcon_algebraic:verify:spartan:round_grinding_verify: bitz::sumcheck::boundary: close time.busy=891ns time.idle=111ns
2026-10-07T19:22:16.711899Z  INFO falcon_algebraic:verify:spartan:round_grinding_verify: bitz::sumcheck::boundary: close time.busy=872ns time.idle=100ns
2026-10-07T19:22:16.711902Z  INFO falcon_algebraic:verify:spartan:round_grinding_verify: bitz::sumcheck::boundary: close time.busy=962ns time.idle=110ns
2026-10-07T19:22:16.711904Z  INFO falcon_algebraic:verify:spartan:round_grinding_verify: bitz::sumcheck::boundary: close time.busy=1.00µs time.idle=112ns
2026-10-07T19:22:16.711908Z  INFO falcon_algebraic:verify:spartan:round_grinding_verify: bitz::sumcheck::boundary: close time.busy=1.01µs time.idle=100ns
2026-10-07T19:22:16.711911Z  INFO falcon_algebraic:verify:spartan:round_grinding_verify: bitz::sumcheck::boundary: close time.busy=1.09µs time.idle=100ns
2026-10-07T19:22:16.711913Z  INFO falcon_algebraic:verify:spartan:round_grinding_verify: bitz::sumcheck::boundary: close time.busy=1.00µs time.idle=110ns
2026-10-07T19:22:16.711916Z  INFO falcon_algebraic:verify:spartan:round_grinding_verify: bitz::sumcheck::boundary: close time.busy=1.01µs time.idle=100ns
2026-10-07T19:22:16.711919Z  INFO falcon_algebraic:verify:spartan:round_grinding_verify: bitz::sumcheck::boundary: close time.busy=1.09µs time.idle=111ns
2026-10-07T19:22:16.711921Z  INFO falcon_algebraic:verify:spartan:round_grinding_verify: bitz::sumcheck::boundary: close time.busy=1.03µs time.idle=110ns
2026-10-07T19:22:16.711924Z  INFO falcon_algebraic:verify:spartan:round_grinding_verify: bitz::sumcheck::boundary: close time.busy=1.03µs time.idle=100ns
2026-10-07T19:22:16.711927Z  INFO falcon_algebraic:verify:spartan:round_grinding_verify: bitz::sumcheck::boundary: close time.busy=1.12µs time.idle=110ns
2026-10-07T19:22:16.711930Z  INFO falcon_algebraic:verify:spartan:round_grinding_verify: bitz::sumcheck::boundary: close time.busy=862ns time.idle=110ns
2026-10-07T19:22:16.711932Z  INFO falcon_algebraic:verify:spartan:round_grinding_verify: bitz::sumcheck::boundary: close time.busy=852ns time.idle=120ns
2026-10-07T19:22:16.711934Z  INFO falcon_algebraic:verify:spartan:round_grinding_verify: bitz::sumcheck::boundary: close time.busy=871ns time.idle=90.0ns
2026-10-07T19:22:16.711937Z  INFO falcon_algebraic:verify:spartan:round_grinding_verify: bitz::sumcheck::boundary: close time.busy=921ns time.idle=111ns
2026-10-07T19:22:16.714268Z  INFO falcon_algebraic:verify: bitz::piop::spartan::falcon512_algebraic::protocol: close time.busy=104ms time.idle=181ns
