2026-10-07T19:22:28.674346Z  INFO falcon_algebraic:commit:falcon_algebraic:witness: bitz::piop::spartan::falcon1024_algebraic::protocol: close time.busy=96.7ms time.idle=421ns
2026-10-07T19:22:28.735587Z  INFO falcon_algebraic:commit:shared_source:encode: bitz::hybrid::opening: close time.busy=4.07ms time.idle=291ns
2026-10-07T19:22:28.737956Z  INFO falcon_algebraic:commit:shared_source:merkle: bitz::hybrid::opening: close time.busy=2.36ms time.idle=150ns
2026-10-07T19:22:28.737959Z  INFO falcon_algebraic:commit: bitz::piop::spartan::falcon1024_algebraic::protocol: close time.busy=161ms time.idle=1.45µs
2026-10-07T19:22:28.778118Z  INFO falcon_algebraic:prove:falcon_algebraic:ring:falcon_algebraic_ring:prove:falcon_algebraic_ring:coordinates: bitz::piop::spartan::falcon1024_algebraic::ring: close time.busy=22.6ms time.idle=210ns
2026-10-07T19:22:28.779795Z  INFO falcon_algebraic:prove:falcon_algebraic:ring:falcon_algebraic_ring:prove:spartan:grinding{bits=11}: bitz::piop::spartan::grinding: close time.busy=6.55µs time.idle=250ns
2026-10-07T19:22:28.817493Z  INFO falcon_algebraic:prove:falcon_algebraic:ring:falcon_algebraic_ring:prove:falcon_algebraic_ring:collapse: bitz::piop::spartan::falcon1024_algebraic::ring: close time.busy=37.7ms time.idle=140ns
2026-10-07T19:22:28.818603Z  INFO falcon_algebraic:prove:falcon_algebraic:ring:falcon_algebraic_ring:prove: bitz::piop::spartan::falcon1024_algebraic::ring: close time.busy=64.9ms time.idle=270ns
2026-10-07T19:22:28.818605Z  INFO falcon_algebraic:prove:falcon_algebraic:ring: bitz::piop::spartan::falcon1024_algebraic::protocol: close time.busy=64.9ms time.idle=131ns
2026-10-07T19:22:28.818613Z  INFO falcon_algebraic:prove:falcon_algebraic:arithmetic:falcon_algebraic:norm:spartan:grinding{bits=11}: bitz::piop::spartan::grinding: close time.busy=2.31µs time.idle=170ns
2026-10-07T19:22:28.880098Z  INFO falcon_algebraic:prove:falcon_algebraic:arithmetic:falcon_algebraic:norm:spartan:round_grinding_prove:spartan:grinding{bits=14}: bitz::piop::spartan::grinding: close time.busy=68.2µs time.idle=430ns
2026-10-07T19:22:28.880103Z  INFO falcon_algebraic:prove:falcon_algebraic:arithmetic:falcon_algebraic:norm:spartan:round_grinding_prove: bitz::sumcheck::boundary: close time.busy=74.6µs time.idle=281ns
2026-10-07T19:22:28.905004Z  INFO falcon_algebraic:prove:falcon_algebraic:arithmetic:falcon_algebraic:norm:spartan:round_grinding_prove:spartan:grinding{bits=14}: bitz::piop::spartan::grinding: close time.busy=156µs time.idle=240ns
2026-10-07T19:22:28.905009Z  INFO falcon_algebraic:prove:falcon_algebraic:arithmetic:falcon_algebraic:norm:spartan:round_grinding_prove: bitz::sumcheck::boundary: close time.busy=164µs time.idle=240ns
2026-10-07T19:22:28.916192Z  INFO falcon_algebraic:prove:falcon_algebraic:arithmetic:falcon_algebraic:norm:spartan:round_grinding_prove:spartan:grinding{bits=14}: bitz::piop::spartan::grinding: close time.busy=32.7µs time.idle=151ns
2026-10-07T19:22:28.916197Z  INFO falcon_algebraic:prove:falcon_algebraic:arithmetic:falcon_algebraic:norm:spartan:round_grinding_prove: bitz::sumcheck::boundary: close time.busy=39.6µs time.idle=271ns
2026-10-07T19:22:28.921404Z  INFO falcon_algebraic:prove:falcon_algebraic:arithmetic:falcon_algebraic:norm:spartan:round_grinding_prove:spartan:grinding{bits=14}: bitz::piop::spartan::grinding: close time.busy=177µs time.idle=110ns
2026-10-07T19:22:28.921407Z  INFO falcon_algebraic:prove:falcon_algebraic:arithmetic:falcon_algebraic:norm:spartan:round_grinding_prove: bitz::sumcheck::boundary: close time.busy=180µs time.idle=121ns
2026-10-07T19:22:28.923921Z  INFO falcon_algebraic:prove:falcon_algebraic:arithmetic:falcon_algebraic:norm:spartan:round_grinding_prove:spartan:grinding{bits=14}: bitz::piop::spartan::grinding: close time.busy=6.43µs time.idle=110ns
2026-10-07T19:22:28.923923Z  INFO falcon_algebraic:prove:falcon_algebraic:arithmetic:falcon_algebraic:norm:spartan:round_grinding_prove: bitz::sumcheck::boundary: close time.busy=8.93µs time.idle=120ns
2026-10-07T19:22:28.925269Z  INFO falcon_algebraic:prove:falcon_algebraic:arithmetic:falcon_algebraic:norm:spartan:round_grinding_prove:spartan:grinding{bits=14}: bitz::piop::spartan::grinding: close time.busy=90.1µs time.idle=110ns
2026-10-07T19:22:28.925274Z  INFO falcon_algebraic:prove:falcon_algebraic:arithmetic:falcon_algebraic:norm:spartan:round_grinding_prove: bitz::sumcheck::boundary: close time.busy=96.1µs time.idle=120ns
2026-10-07T19:22:28.926042Z  INFO falcon_algebraic:prove:falcon_algebraic:arithmetic:falcon_algebraic:norm:spartan:round_grinding_prove:spartan:grinding{bits=14}: bitz::piop::spartan::grinding: close time.busy=138µs time.idle=110ns
2026-10-07T19:22:28.926043Z  INFO falcon_algebraic:prove:falcon_algebraic:arithmetic:falcon_algebraic:norm:spartan:round_grinding_prove: bitz::sumcheck::boundary: close time.busy=140µs time.idle=110ns
2026-10-07T19:22:28.926624Z  INFO falcon_algebraic:prove:falcon_algebraic:arithmetic:falcon_algebraic:norm:spartan:round_grinding_prove:spartan:grinding{bits=14}: bitz::piop::spartan::grinding: close time.busy=262µs time.idle=111ns
2026-10-07T19:22:28.926626Z  INFO falcon_algebraic:prove:falcon_algebraic:arithmetic:falcon_algebraic:norm:spartan:round_grinding_prove: bitz::sumcheck::boundary: close time.busy=265µs time.idle=120ns
2026-10-07T19:22:28.926834Z  INFO falcon_algebraic:prove:falcon_algebraic:arithmetic:falcon_algebraic:norm:spartan:round_grinding_prove:spartan:grinding{bits=14}: bitz::piop::spartan::grinding: close time.busy=45.0µs time.idle=110ns
2026-10-07T19:22:28.926835Z  INFO falcon_algebraic:prove:falcon_algebraic:arithmetic:falcon_algebraic:norm:spartan:round_grinding_prove: bitz::sumcheck::boundary: close time.busy=47.2µs time.idle=110ns
2026-10-07T19:22:28.927001Z  INFO falcon_algebraic:prove:falcon_algebraic:arithmetic:falcon_algebraic:norm:spartan:round_grinding_prove:spartan:grinding{bits=14}: bitz::piop::spartan::grinding: close time.busy=80.9µs time.idle=110ns
2026-10-07T19:22:28.927002Z  INFO falcon_algebraic:prove:falcon_algebraic:arithmetic:falcon_algebraic:norm:spartan:round_grinding_prove: bitz::sumcheck::boundary: close time.busy=82.9µs time.idle=110ns
2026-10-07T19:22:28.927067Z  INFO falcon_algebraic:prove:falcon_algebraic:arithmetic:falcon_algebraic:norm:spartan:round_grinding_prove:spartan:grinding{bits=14}: bitz::piop::spartan::grinding: close time.busy=17.0µs time.idle=110ns
2026-10-07T19:22:28.927068Z  INFO falcon_algebraic:prove:falcon_algebraic:arithmetic:falcon_algebraic:norm:spartan:round_grinding_prove: bitz::sumcheck::boundary: close time.busy=19.2µs time.idle=110ns
2026-10-07T19:22:28.927116Z  INFO falcon_algebraic:prove:falcon_algebraic:arithmetic:falcon_algebraic:norm:spartan:round_grinding_prove:spartan:grinding{bits=14}: bitz::piop::spartan::grinding: close time.busy=20.3µs time.idle=110ns
2026-10-07T19:22:28.927117Z  INFO falcon_algebraic:prove:falcon_algebraic:arithmetic:falcon_algebraic:norm:spartan:round_grinding_prove: bitz::sumcheck::boundary: close time.busy=22.4µs time.idle=120ns
2026-10-07T19:22:28.927176Z  INFO falcon_algebraic:prove:falcon_algebraic:arithmetic:falcon_algebraic:norm:spartan:round_grinding_prove:spartan:grinding{bits=14}: bitz::piop::spartan::grinding: close time.busy=41.7µs time.idle=110ns
2026-10-07T19:22:28.927177Z  INFO falcon_algebraic:prove:falcon_algebraic:arithmetic:falcon_algebraic:norm:spartan:round_grinding_prove: bitz::sumcheck::boundary: close time.busy=43.8µs time.idle=110ns
2026-10-07T19:22:28.927227Z  INFO falcon_algebraic:prove:falcon_algebraic:arithmetic:falcon_algebraic:norm:spartan:round_grinding_prove:spartan:grinding{bits=14}: bitz::piop::spartan::grinding: close time.busy=37.4µs time.idle=111ns
2026-10-07T19:22:28.927228Z  INFO falcon_algebraic:prove:falcon_algebraic:arithmetic:falcon_algebraic:norm:spartan:round_grinding_prove: bitz::sumcheck::boundary: close time.busy=39.4µs time.idle=110ns
2026-10-07T19:22:28.927286Z  INFO falcon_algebraic:prove:falcon_algebraic:arithmetic:falcon_algebraic:norm:spartan:round_grinding_prove:spartan:grinding{bits=14}: bitz::piop::spartan::grinding: close time.busy=47.7µs time.idle=110ns
2026-10-07T19:22:28.927288Z  INFO falcon_algebraic:prove:falcon_algebraic:arithmetic:falcon_algebraic:norm:spartan:round_grinding_prove: bitz::sumcheck::boundary: close time.busy=49.7µs time.idle=111ns
2026-10-07T19:22:28.927339Z  INFO falcon_algebraic:prove:falcon_algebraic:arithmetic:falcon_algebraic:norm:spartan:round_grinding_prove:spartan:grinding{bits=14}: bitz::piop::spartan::grinding: close time.busy=42.1µs time.idle=110ns
2026-10-07T19:22:28.927341Z  INFO falcon_algebraic:prove:falcon_algebraic:arithmetic:falcon_algebraic:norm:spartan:round_grinding_prove: bitz::sumcheck::boundary: close time.busy=44.2µs time.idle=110ns
2026-10-07T19:22:28.927372Z  INFO falcon_algebraic:prove:falcon_algebraic:arithmetic:falcon_algebraic:norm:spartan:round_grinding_prove:spartan:grinding{bits=14}: bitz::piop::spartan::grinding: close time.busy=22.8µs time.idle=111ns
2026-10-07T19:22:28.927373Z  INFO falcon_algebraic:prove:falcon_algebraic:arithmetic:falcon_algebraic:norm:spartan:round_grinding_prove: bitz::sumcheck::boundary: close time.busy=25.0µs time.idle=111ns
2026-10-07T19:22:28.927397Z  INFO falcon_algebraic:prove:falcon_algebraic:arithmetic:falcon_algebraic:norm:spartan:round_grinding_prove:spartan:grinding{bits=14}: bitz::piop::spartan::grinding: close time.busy=16.0µs time.idle=120ns
2026-10-07T19:22:28.927398Z  INFO falcon_algebraic:prove:falcon_algebraic:arithmetic:falcon_algebraic:norm:spartan:round_grinding_prove: bitz::sumcheck::boundary: close time.busy=18.4µs time.idle=120ns
2026-10-07T19:22:28.927467Z  INFO falcon_algebraic:prove:falcon_algebraic:arithmetic:falcon_algebraic:norm:spartan:round_grinding_prove:spartan:grinding{bits=14}: bitz::piop::spartan::grinding: close time.busy=60.1µs time.idle=110ns
2026-10-07T19:22:28.927468Z  INFO falcon_algebraic:prove:falcon_algebraic:arithmetic:falcon_algebraic:norm:spartan:round_grinding_prove: bitz::sumcheck::boundary: close time.busy=62.2µs time.idle=110ns
2026-10-07T19:22:28.927484Z  INFO falcon_algebraic:prove:falcon_algebraic:arithmetic:falcon_algebraic:norm:spartan:round_grinding_prove:spartan:grinding{bits=14}: bitz::piop::spartan::grinding: close time.busy=6.85µs time.idle=100ns
2026-10-07T19:22:28.927485Z  INFO falcon_algebraic:prove:falcon_algebraic:arithmetic:falcon_algebraic:norm:spartan:round_grinding_prove: bitz::sumcheck::boundary: close time.busy=8.63µs time.idle=110ns
2026-10-07T19:22:28.929353Z  INFO falcon_algebraic:prove:falcon_algebraic:arithmetic:falcon_algebraic:norm: bitz::piop::spartan::falcon1024_algebraic::arithmetic: close time.busy=111ms time.idle=621ns
2026-10-07T19:22:28.929358Z  INFO falcon_algebraic:prove:falcon_algebraic:arithmetic:falcon_algebraic:binding:spartan:grinding{bits=10}: bitz::piop::spartan::grinding: close time.busy=361ns time.idle=110ns
2026-10-07T19:22:28.998357Z  INFO falcon_algebraic:prove:falcon_algebraic:arithmetic:falcon_algebraic:binding:inner_packed:prefix_accumulators: bitz::sumcheck::inner::packed::state: close time.busy=45.7ms time.idle=340ns
2026-10-07T19:22:28.998407Z  INFO falcon_algebraic:prove:falcon_algebraic:arithmetic:falcon_algebraic:binding:spartan:round_grinding_prove:spartan:grinding{bits=13}: bitz::piop::spartan::grinding: close time.busy=41.1µs time.idle=110ns
2026-10-07T19:22:28.998409Z  INFO falcon_algebraic:prove:falcon_algebraic:arithmetic:falcon_algebraic:binding:spartan:round_grinding_prove: bitz::sumcheck::boundary: close time.busy=44.2µs time.idle=260ns
2026-10-07T19:22:28.998425Z  INFO falcon_algebraic:prove:falcon_algebraic:arithmetic:falcon_algebraic:binding:spartan:round_grinding_prove:spartan:grinding{bits=13}: bitz::piop::spartan::grinding: close time.busy=8.02µs time.idle=121ns
2026-10-07T19:22:28.998427Z  INFO falcon_algebraic:prove:falcon_algebraic:arithmetic:falcon_algebraic:binding:spartan:round_grinding_prove: bitz::sumcheck::boundary: close time.busy=10.4µs time.idle=110ns
2026-10-07T19:22:28.998490Z  INFO falcon_algebraic:prove:falcon_algebraic:arithmetic:falcon_algebraic:binding:spartan:round_grinding_prove:spartan:grinding{bits=13}: bitz::piop::spartan::grinding: close time.busy=60.2µs time.idle=111ns
2026-10-07T19:22:28.998494Z  INFO falcon_algebraic:prove:falcon_algebraic:arithmetic:falcon_algebraic:binding:spartan:round_grinding_prove: bitz::sumcheck::boundary: close time.busy=64.4µs time.idle=110ns
2026-10-07T19:22:29.081370Z  INFO falcon_algebraic:prove:falcon_algebraic:arithmetic:falcon_algebraic:binding:inner_packed:prepare_tail: bitz::sumcheck::inner::packed::state: close time.busy=82.9ms time.idle=230ns
2026-10-07T19:22:29.081405Z  INFO falcon_algebraic:prove:falcon_algebraic:arithmetic:falcon_algebraic:binding:spartan:round_grinding_prove:spartan:grinding{bits=13}: bitz::piop::spartan::grinding: close time.busy=28.5µs time.idle=140ns
2026-10-07T19:22:29.081407Z  INFO falcon_algebraic:prove:falcon_algebraic:arithmetic:falcon_algebraic:binding:spartan:round_grinding_prove: bitz::sumcheck::boundary: close time.busy=31.8µs time.idle=240ns
2026-10-07T19:22:29.127926Z  INFO falcon_algebraic:prove:falcon_algebraic:arithmetic:falcon_algebraic:binding:inner_packed:fold_tail{round=3}: bitz::sumcheck::inner::packed::state: close time.busy=46.5ms time.idle=271ns
2026-10-07T19:22:29.127939Z  INFO falcon_algebraic:prove:falcon_algebraic:arithmetic:falcon_algebraic:binding:spartan:round_grinding_prove:spartan:grinding{bits=13}: bitz::piop::spartan::grinding: close time.busy=5.13µs time.idle=140ns
2026-10-07T19:22:29.127941Z  INFO falcon_algebraic:prove:falcon_algebraic:arithmetic:falcon_algebraic:binding:spartan:round_grinding_prove: bitz::sumcheck::boundary: close time.busy=8.22µs time.idle=260ns
2026-10-07T19:22:29.147572Z  INFO falcon_algebraic:prove:falcon_algebraic:arithmetic:falcon_algebraic:binding:inner_packed:fold_tail{round=4}: bitz::sumcheck::inner::packed::state: close time.busy=19.6ms time.idle=232ns
2026-10-07T19:22:29.147586Z  INFO falcon_algebraic:prove:falcon_algebraic:arithmetic:falcon_algebraic:binding:spartan:round_grinding_prove:spartan:grinding{bits=13}: bitz::piop::spartan::grinding: close time.busy=7.03µs time.idle=131ns
2026-10-07T19:22:29.147588Z  INFO falcon_algebraic:prove:falcon_algebraic:arithmetic:falcon_algebraic:binding:spartan:round_grinding_prove: bitz::sumcheck::boundary: close time.busy=9.76µs time.idle=211ns
2026-10-07T19:22:29.157470Z  INFO falcon_algebraic:prove:falcon_algebraic:arithmetic:falcon_algebraic:binding:inner_packed:fold_tail{round=5}: bitz::sumcheck::inner::packed::state: close time.busy=9.88ms time.idle=180ns
2026-10-07T19:22:29.157487Z  INFO falcon_algebraic:prove:falcon_algebraic:arithmetic:falcon_algebraic:binding:spartan:round_grinding_prove:spartan:grinding{bits=13}: bitz::piop::spartan::grinding: close time.busy=14.3µs time.idle=130ns
2026-10-07T19:22:29.157488Z  INFO falcon_algebraic:prove:falcon_algebraic:arithmetic:falcon_algebraic:binding:spartan:round_grinding_prove: bitz::sumcheck::boundary: close time.busy=16.4µs time.idle=111ns
2026-10-07T19:22:29.164204Z  INFO falcon_algebraic:prove:falcon_algebraic:arithmetic:falcon_algebraic:binding:inner_packed:fold_tail{round=6}: bitz::sumcheck::inner::packed::state: close time.busy=6.71ms time.idle=121ns
2026-10-07T19:22:29.164270Z  INFO falcon_algebraic:prove:falcon_algebraic:arithmetic:falcon_algebraic:binding:spartan:round_grinding_prove:spartan:grinding{bits=13}: bitz::piop::spartan::grinding: close time.busy=62.2µs time.idle=130ns
2026-10-07T19:22:29.164271Z  INFO falcon_algebraic:prove:falcon_algebraic:arithmetic:falcon_algebraic:binding:spartan:round_grinding_prove: bitz::sumcheck::boundary: close time.busy=64.4µs time.idle=110ns
2026-10-07T19:22:29.166812Z  INFO falcon_algebraic:prove:falcon_algebraic:arithmetic:falcon_algebraic:binding:inner_packed:fold_tail{round=7}: bitz::sumcheck::inner::packed::state: close time.busy=2.54ms time.idle=110ns
2026-10-07T19:22:29.166851Z  INFO falcon_algebraic:prove:falcon_algebraic:arithmetic:falcon_algebraic:binding:spartan:round_grinding_prove:spartan:grinding{bits=13}: bitz::piop::spartan::grinding: close time.busy=36.5µs time.idle=111ns
2026-10-07T19:22:29.166853Z  INFO falcon_algebraic:prove:falcon_algebraic:arithmetic:falcon_algebraic:binding:spartan:round_grinding_prove: bitz::sumcheck::boundary: close time.busy=39.1µs time.idle=130ns
2026-10-07T19:22:29.168148Z  INFO falcon_algebraic:prove:falcon_algebraic:arithmetic:falcon_algebraic:binding:inner_packed:fold_tail{round=8}: bitz::sumcheck::inner::packed::state: close time.busy=1.29ms time.idle=120ns
2026-10-07T19:22:29.168158Z  INFO falcon_algebraic:prove:falcon_algebraic:arithmetic:falcon_algebraic:binding:spartan:round_grinding_prove:spartan:grinding{bits=13}: bitz::piop::spartan::grinding: close time.busy=7.75µs time.idle=110ns
2026-10-07T19:22:29.168160Z  INFO falcon_algebraic:prove:falcon_algebraic:arithmetic:falcon_algebraic:binding:spartan:round_grinding_prove: bitz::sumcheck::boundary: close time.busy=10.0µs time.idle=120ns
2026-10-07T19:22:29.168827Z  INFO falcon_algebraic:prove:falcon_algebraic:arithmetic:falcon_algebraic:binding:inner_packed:fold_tail{round=9}: bitz::sumcheck::inner::packed::state: close time.busy=665µs time.idle=120ns
2026-10-07T19:22:29.168881Z  INFO falcon_algebraic:prove:falcon_algebraic:arithmetic:falcon_algebraic:binding:spartan:round_grinding_prove:spartan:grinding{bits=13}: bitz::piop::spartan::grinding: close time.busy=51.5µs time.idle=121ns
2026-10-07T19:22:29.168882Z  INFO falcon_algebraic:prove:falcon_algebraic:arithmetic:falcon_algebraic:binding:spartan:round_grinding_prove: bitz::sumcheck::boundary: close time.busy=53.6µs time.idle=110ns
2026-10-07T19:22:29.169221Z  INFO falcon_algebraic:prove:falcon_algebraic:arithmetic:falcon_algebraic:binding:inner_packed:fold_tail{round=10}: bitz::sumcheck::inner::packed::state: close time.busy=337µs time.idle=120ns
2026-10-07T19:22:29.169260Z  INFO falcon_algebraic:prove:falcon_algebraic:arithmetic:falcon_algebraic:binding:spartan:round_grinding_prove:spartan:grinding{bits=13}: bitz::piop::spartan::grinding: close time.busy=35.8µs time.idle=130ns
2026-10-07T19:22:29.169261Z  INFO falcon_algebraic:prove:falcon_algebraic:arithmetic:falcon_algebraic:binding:spartan:round_grinding_prove: bitz::sumcheck::boundary: close time.busy=38.1µs time.idle=110ns
2026-10-07T19:22:29.169436Z  INFO falcon_algebraic:prove:falcon_algebraic:arithmetic:falcon_algebraic:binding:inner_packed:fold_tail{round=11}: bitz::sumcheck::inner::packed::state: close time.busy=173µs time.idle=110ns
2026-10-07T19:22:29.169503Z  INFO falcon_algebraic:prove:falcon_algebraic:arithmetic:falcon_algebraic:binding:spartan:round_grinding_prove:spartan:grinding{bits=13}: bitz::piop::spartan::grinding: close time.busy=64.6µs time.idle=110ns
2026-10-07T19:22:29.169504Z  INFO falcon_algebraic:prove:falcon_algebraic:arithmetic:falcon_algebraic:binding:spartan:round_grinding_prove: bitz::sumcheck::boundary: close time.busy=66.5µs time.idle=110ns
2026-10-07T19:22:29.169594Z  INFO falcon_algebraic:prove:falcon_algebraic:arithmetic:falcon_algebraic:binding:inner_packed:fold_tail{round=12}: bitz::sumcheck::inner::packed::state: close time.busy=87.8µs time.idle=120ns
2026-10-07T19:22:29.169603Z  INFO falcon_algebraic:prove:falcon_algebraic:arithmetic:falcon_algebraic:binding:spartan:round_grinding_prove:spartan:grinding{bits=13}: bitz::piop::spartan::grinding: close time.busy=6.90µs time.idle=120ns
2026-10-07T19:22:29.169605Z  INFO falcon_algebraic:prove:falcon_algebraic:arithmetic:falcon_algebraic:binding:spartan:round_grinding_prove: bitz::sumcheck::boundary: close time.busy=8.95µs time.idle=110ns
2026-10-07T19:22:29.169651Z  INFO falcon_algebraic:prove:falcon_algebraic:arithmetic:falcon_algebraic:binding:inner_packed:fold_tail{round=13}: bitz::sumcheck::inner::packed::state: close time.busy=44.3µs time.idle=110ns
2026-10-07T19:22:29.169684Z  INFO falcon_algebraic:prove:falcon_algebraic:arithmetic:falcon_algebraic:binding:spartan:round_grinding_prove:spartan:grinding{bits=13}: bitz::piop::spartan::grinding: close time.busy=30.7µs time.idle=110ns
2026-10-07T19:22:29.169685Z  INFO falcon_algebraic:prove:falcon_algebraic:arithmetic:falcon_algebraic:binding:spartan:round_grinding_prove: bitz::sumcheck::boundary: close time.busy=32.7µs time.idle=110ns
2026-10-07T19:22:29.169710Z  INFO falcon_algebraic:prove:falcon_algebraic:arithmetic:falcon_algebraic:binding:inner_packed:fold_tail{round=14}: bitz::sumcheck::inner::packed::state: close time.busy=22.2µs time.idle=110ns
2026-10-07T19:22:29.169780Z  INFO falcon_algebraic:prove:falcon_algebraic:arithmetic:falcon_algebraic:binding:spartan:round_grinding_prove:spartan:grinding{bits=13}: bitz::piop::spartan::grinding: close time.busy=67.6µs time.idle=110ns
2026-10-07T19:22:29.169781Z  INFO falcon_algebraic:prove:falcon_algebraic:arithmetic:falcon_algebraic:binding:spartan:round_grinding_prove: bitz::sumcheck::boundary: close time.busy=69.6µs time.idle=110ns
2026-10-07T19:22:29.169794Z  INFO falcon_algebraic:prove:falcon_algebraic:arithmetic:falcon_algebraic:binding:inner_packed:fold_tail{round=15}: bitz::sumcheck::inner::packed::state: close time.busy=11.1µs time.idle=121ns
2026-10-07T19:22:29.169946Z  INFO falcon_algebraic:prove:falcon_algebraic:arithmetic:falcon_algebraic:binding:spartan:round_grinding_prove:spartan:grinding{bits=13}: bitz::piop::spartan::grinding: close time.busy=149µs time.idle=120ns
2026-10-07T19:22:29.169947Z  INFO falcon_algebraic:prove:falcon_algebraic:arithmetic:falcon_algebraic:binding:spartan:round_grinding_prove: bitz::sumcheck::boundary: close time.busy=151µs time.idle=110ns
2026-10-07T19:22:29.169954Z  INFO falcon_algebraic:prove:falcon_algebraic:arithmetic:falcon_algebraic:binding:inner_packed:fold_tail{round=16}: bitz::sumcheck::inner::packed::state: close time.busy=5.29µs time.idle=110ns
2026-10-07T19:22:29.169972Z  INFO falcon_algebraic:prove:falcon_algebraic:arithmetic:falcon_algebraic:binding:spartan:round_grinding_prove:spartan:grinding{bits=13}: bitz::piop::spartan::grinding: close time.busy=15.6µs time.idle=120ns
2026-10-07T19:22:29.169973Z  INFO falcon_algebraic:prove:falcon_algebraic:arithmetic:falcon_algebraic:binding:spartan:round_grinding_prove: bitz::sumcheck::boundary: close time.busy=17.6µs time.idle=110ns
2026-10-07T19:22:29.169979Z  INFO falcon_algebraic:prove:falcon_algebraic:arithmetic:falcon_algebraic:binding:inner_packed:fold_tail{round=17}: bitz::sumcheck::inner::packed::state: close time.busy=2.62µs time.idle=150ns
2026-10-07T19:22:29.169987Z  INFO falcon_algebraic:prove:falcon_algebraic:arithmetic:falcon_algebraic:binding:spartan:round_grinding_prove:spartan:grinding{bits=13}: bitz::piop::spartan::grinding: close time.busy=5.69µs time.idle=111ns
2026-10-07T19:22:29.169989Z  INFO falcon_algebraic:prove:falcon_algebraic:arithmetic:falcon_algebraic:binding:spartan:round_grinding_prove: bitz::sumcheck::boundary: close time.busy=7.80µs time.idle=110ns
2026-10-07T19:22:29.169992Z  INFO falcon_algebraic:prove:falcon_algebraic:arithmetic:falcon_algebraic:binding:inner_packed:fold_tail{round=18}: bitz::sumcheck::inner::packed::state: close time.busy=1.38µs time.idle=120ns
2026-10-07T19:22:29.170001Z  INFO falcon_algebraic:prove:falcon_algebraic:arithmetic:falcon_algebraic:binding:spartan:round_grinding_prove:spartan:grinding{bits=13}: bitz::piop::spartan::grinding: close time.busy=6.71µs time.idle=120ns
2026-10-07T19:22:29.170002Z  INFO falcon_algebraic:prove:falcon_algebraic:arithmetic:falcon_algebraic:binding:spartan:round_grinding_prove: bitz::sumcheck::boundary: close time.busy=8.61µs time.idle=110ns
2026-10-07T19:22:29.170005Z  INFO falcon_algebraic:prove:falcon_algebraic:arithmetic:falcon_algebraic:binding:inner_packed:fold_tail{round=19}: bitz::sumcheck::inner::packed::state: close time.busy=752ns time.idle=110ns
2026-10-07T19:22:29.170033Z  INFO falcon_algebraic:prove:falcon_algebraic:arithmetic:falcon_algebraic:binding:spartan:round_grinding_prove:spartan:grinding{bits=13}: bitz::piop::spartan::grinding: close time.busy=25.3µs time.idle=110ns
2026-10-07T19:22:29.170034Z  INFO falcon_algebraic:prove:falcon_algebraic:arithmetic:falcon_algebraic:binding:spartan:round_grinding_prove: bitz::sumcheck::boundary: close time.busy=27.3µs time.idle=110ns
2026-10-07T19:22:29.170037Z  INFO falcon_algebraic:prove:falcon_algebraic:arithmetic:falcon_algebraic:binding:inner_packed:fold_tail{round=20}: bitz::sumcheck::inner::packed::state: close time.busy=440ns time.idle=111ns
2026-10-07T19:22:29.170094Z  INFO falcon_algebraic:prove:falcon_algebraic:arithmetic:falcon_algebraic:binding:spartan:round_grinding_prove:spartan:grinding{bits=13}: bitz::piop::spartan::grinding: close time.busy=54.7µs time.idle=120ns
2026-10-07T19:22:29.170096Z  INFO falcon_algebraic:prove:falcon_algebraic:arithmetic:falcon_algebraic:binding:spartan:round_grinding_prove: bitz::sumcheck::boundary: close time.busy=56.8µs time.idle=110ns
2026-10-07T19:22:29.170098Z  INFO falcon_algebraic:prove:falcon_algebraic:arithmetic:falcon_algebraic:binding:inner_packed:fold_tail{round=21}: bitz::sumcheck::inner::packed::state: close time.busy=280ns time.idle=111ns
2026-10-07T19:22:29.170109Z  INFO falcon_algebraic:prove:falcon_algebraic:arithmetic:falcon_algebraic:binding:spartan:round_grinding_prove:spartan:grinding{bits=13}: bitz::piop::spartan::grinding: close time.busy=8.07µs time.idle=120ns
2026-10-07T19:22:29.170110Z  INFO falcon_algebraic:prove:falcon_algebraic:arithmetic:falcon_algebraic:binding:spartan:round_grinding_prove: bitz::sumcheck::boundary: close time.busy=10.3µs time.idle=110ns
2026-10-07T19:22:29.170112Z  INFO falcon_algebraic:prove:falcon_algebraic:arithmetic:falcon_algebraic:binding:inner_packed:fold_tail{round=22}: bitz::sumcheck::inner::packed::state: close time.busy=180ns time.idle=110ns
2026-10-07T19:22:29.170127Z  INFO falcon_algebraic:prove:falcon_algebraic:arithmetic:falcon_algebraic:binding:spartan:round_grinding_prove:spartan:grinding{bits=13}: bitz::piop::spartan::grinding: close time.busy=12.5µs time.idle=110ns
2026-10-07T19:22:29.170128Z  INFO falcon_algebraic:prove:falcon_algebraic:arithmetic:falcon_algebraic:binding:spartan:round_grinding_prove: bitz::sumcheck::boundary: close time.busy=14.6µs time.idle=101ns
2026-10-07T19:22:29.170131Z  INFO falcon_algebraic:prove:falcon_algebraic:arithmetic:falcon_algebraic:binding:inner_packed:fold_tail{round=23}: bitz::sumcheck::inner::packed::state: close time.busy=160ns time.idle=110ns
2026-10-07T19:22:29.170194Z  INFO falcon_algebraic:prove:falcon_algebraic:arithmetic:falcon_algebraic:binding:spartan:round_grinding_prove:spartan:grinding{bits=13}: bitz::piop::spartan::grinding: close time.busy=61.0µs time.idle=120ns
2026-10-07T19:22:29.170195Z  INFO falcon_algebraic:prove:falcon_algebraic:arithmetic:falcon_algebraic:binding:spartan:round_grinding_prove: bitz::sumcheck::boundary: close time.busy=63.2µs time.idle=100ns
2026-10-07T19:22:29.170198Z  INFO falcon_algebraic:prove:falcon_algebraic:arithmetic:falcon_algebraic:binding:inner_packed:fold_tail{round=24}: bitz::sumcheck::inner::packed::state: close time.busy=361ns time.idle=110ns
2026-10-07T19:22:29.184649Z  INFO falcon_algebraic:prove:falcon_algebraic:arithmetic:falcon_algebraic:binding: bitz::piop::spartan::falcon1024_algebraic::arithmetic: close time.busy=255ms time.idle=140ns
2026-10-07T19:22:29.184652Z  INFO falcon_algebraic:prove:falcon_algebraic:arithmetic: bitz::piop::spartan::falcon1024_algebraic::protocol: close time.busy=366ms time.idle=390ns
2026-10-07T19:22:29.190212Z  INFO falcon_algebraic:prove:falcon_algebraic:bitz:falcon_bridge:integer_folds: bitz::hybrid::integer_bridge: close time.busy=5.50ms time.idle=140ns
2026-10-07T19:22:29.192484Z  INFO falcon_algebraic:prove:falcon_algebraic:bitz:falcon_bridge:column_packing: bitz::hybrid::integer_bridge: close time.busy=1.88ms time.idle=230ns
2026-10-07T19:22:29.192881Z  INFO falcon_algebraic:prove:falcon_algebraic:bitz:falcon_bridge:power_tables: bitz::hybrid::integer_bridge: close time.busy=356µs time.idle=141ns
2026-10-07T19:22:29.193092Z  INFO falcon_algebraic:prove:falcon_algebraic:bitz:spartan:grinding{bits=14}: bitz::piop::spartan::grinding: close time.busy=208µs time.idle=110ns
2026-10-07T19:22:29.211061Z  INFO falcon_algebraic:prove:falcon_algebraic:bitz:falcon_bridge:wfbitz_forest:spartan:grinding{bits=14}: bitz::piop::spartan::grinding: close time.busy=47.7µs time.idle=110ns
2026-10-07T19:22:29.211091Z  INFO falcon_algebraic:prove:falcon_algebraic:bitz:falcon_bridge:wfbitz_forest:spartan:grinding{bits=14}: bitz::piop::spartan::grinding: close time.busy=8.43µs time.idle=110ns
2026-10-07T19:22:29.211147Z  INFO falcon_algebraic:prove:falcon_algebraic:bitz:falcon_bridge:wfbitz_forest:spartan:grinding{bits=14}: bitz::piop::spartan::grinding: close time.busy=45.6µs time.idle=111ns
2026-10-07T19:22:29.211181Z  INFO falcon_algebraic:prove:falcon_algebraic:bitz:falcon_bridge:wfbitz_forest:spartan:grinding{bits=14}: bitz::piop::spartan::grinding: close time.busy=28.2µs time.idle=110ns
2026-10-07T19:22:29.211306Z  INFO falcon_algebraic:prove:falcon_algebraic:bitz:falcon_bridge:wfbitz_forest:spartan:grinding{bits=14}: bitz::piop::spartan::grinding: close time.busy=122µs time.idle=170ns
2026-10-07T19:22:29.211383Z  INFO falcon_algebraic:prove:falcon_algebraic:bitz:falcon_bridge:wfbitz_forest:spartan:grinding{bits=14}: bitz::piop::spartan::grinding: close time.busy=72.9µs time.idle=111ns
2026-10-07T19:22:29.211394Z  INFO falcon_algebraic:prove:falcon_algebraic:bitz:falcon_bridge:wfbitz_forest:spartan:grinding{bits=14}: bitz::piop::spartan::grinding: close time.busy=8.24µs time.idle=110ns
2026-10-07T19:22:29.211409Z  INFO falcon_algebraic:prove:falcon_algebraic:bitz:falcon_bridge:wfbitz_forest:spartan:grinding{bits=14}: bitz::piop::spartan::grinding: close time.busy=12.2µs time.idle=110ns
2026-10-07T19:22:29.211542Z  INFO falcon_algebraic:prove:falcon_algebraic:bitz:falcon_bridge:wfbitz_forest:spartan:grinding{bits=14}: bitz::piop::spartan::grinding: close time.busy=130µs time.idle=111ns
2026-10-07T19:22:29.211669Z  INFO falcon_algebraic:prove:falcon_algebraic:bitz:falcon_bridge:wfbitz_forest:spartan:grinding{bits=14}: bitz::piop::spartan::grinding: close time.busy=124µs time.idle=100ns
2026-10-07T19:22:29.211723Z  INFO falcon_algebraic:prove:falcon_algebraic:bitz:falcon_bridge:wfbitz_forest:spartan:grinding{bits=14}: bitz::piop::spartan::grinding: close time.busy=51.3µs time.idle=111ns
2026-10-07T19:22:29.211749Z  INFO falcon_algebraic:prove:falcon_algebraic:bitz:falcon_bridge:wfbitz_forest:spartan:grinding{bits=14}: bitz::piop::spartan::grinding: close time.busy=24.0µs time.idle=111ns
2026-10-07T19:22:29.211808Z  INFO falcon_algebraic:prove:falcon_algebraic:bitz:falcon_bridge:wfbitz_forest:spartan:grinding{bits=14}: bitz::piop::spartan::grinding: close time.busy=56.4µs time.idle=110ns
2026-10-07T19:22:29.211830Z  INFO falcon_algebraic:prove:falcon_algebraic:bitz:falcon_bridge:wfbitz_forest:spartan:grinding{bits=14}: bitz::piop::spartan::grinding: close time.busy=19.5µs time.idle=111ns
2026-10-07T19:22:29.211879Z  INFO falcon_algebraic:prove:falcon_algebraic:bitz:falcon_bridge:wfbitz_forest:spartan:grinding{bits=14}: bitz::piop::spartan::grinding: close time.busy=21.4µs time.idle=110ns
2026-10-07T19:22:29.211970Z  INFO falcon_algebraic:prove:falcon_algebraic:bitz:falcon_bridge:wfbitz_forest:spartan:grinding{bits=14}: bitz::piop::spartan::grinding: close time.busy=74.3µs time.idle=110ns
2026-10-07T19:22:29.211989Z  INFO falcon_algebraic:prove:falcon_algebraic:bitz:falcon_bridge:wfbitz_forest:spartan:grinding{bits=14}: bitz::piop::spartan::grinding: close time.busy=5.31µs time.idle=111ns
2026-10-07T19:22:29.212057Z  INFO falcon_algebraic:prove:falcon_algebraic:bitz:falcon_bridge:wfbitz_forest:spartan:grinding{bits=14}: bitz::piop::spartan::grinding: close time.busy=59.9µs time.idle=110ns
2026-10-07T19:22:29.212083Z  INFO falcon_algebraic:prove:falcon_algebraic:bitz:falcon_bridge:wfbitz_forest:spartan:grinding{bits=14}: bitz::piop::spartan::grinding: close time.busy=21.3µs time.idle=110ns
2026-10-07T19:22:29.212104Z  INFO falcon_algebraic:prove:falcon_algebraic:bitz:falcon_bridge:wfbitz_forest:spartan:grinding{bits=14}: bitz::piop::spartan::grinding: close time.busy=16.4µs time.idle=110ns
2026-10-07T19:22:29.212118Z  INFO falcon_algebraic:prove:falcon_algebraic:bitz:falcon_bridge:wfbitz_forest:spartan:grinding{bits=14}: bitz::piop::spartan::grinding: close time.busy=11.0µs time.idle=100ns
2026-10-07T19:22:29.212137Z  INFO falcon_algebraic:prove:falcon_algebraic:bitz:falcon_bridge:wfbitz_forest:spartan:grinding{bits=14}: bitz::piop::spartan::grinding: close time.busy=15.4µs time.idle=111ns
2026-10-07T19:22:29.212172Z  INFO falcon_algebraic:prove:falcon_algebraic:bitz:falcon_bridge:wfbitz_forest:spartan:grinding{bits=14}: bitz::piop::spartan::grinding: close time.busy=31.3µs time.idle=110ns
2026-10-07T19:22:29.212182Z  INFO falcon_algebraic:prove:falcon_algebraic:bitz:falcon_bridge:wfbitz_forest:spartan:grinding{bits=14}: bitz::piop::spartan::grinding: close time.busy=7.15µs time.idle=110ns
2026-10-07T19:22:29.212225Z  INFO falcon_algebraic:prove:falcon_algebraic:bitz:falcon_bridge:wfbitz_forest:spartan:grinding{bits=14}: bitz::piop::spartan::grinding: close time.busy=39.6µs time.idle=110ns
2026-10-07T19:22:29.212263Z  INFO falcon_algebraic:prove:falcon_algebraic:bitz:falcon_bridge:wfbitz_forest:spartan:grinding{bits=14}: bitz::piop::spartan::grinding: close time.busy=35.9µs time.idle=110ns
2026-10-07T19:22:29.212287Z  INFO falcon_algebraic:prove:falcon_algebraic:bitz:falcon_bridge:wfbitz_forest:spartan:grinding{bits=14}: bitz::piop::spartan::grinding: close time.busy=21.8µs time.idle=100ns
2026-10-07T19:22:29.212309Z  INFO falcon_algebraic:prove:falcon_algebraic:bitz:falcon_bridge:wfbitz_forest:spartan:grinding{bits=14}: bitz::piop::spartan::grinding: close time.busy=19.2µs time.idle=111ns
2026-10-07T19:22:29.212317Z  INFO falcon_algebraic:prove:falcon_algebraic:bitz:falcon_bridge:wfbitz_forest:spartan:grinding{bits=14}: bitz::piop::spartan::grinding: close time.busy=5.91µs time.idle=111ns
2026-10-07T19:22:29.212380Z  INFO falcon_algebraic:prove:falcon_algebraic:bitz:falcon_bridge:wfbitz_forest:spartan:grinding{bits=14}: bitz::piop::spartan::grinding: close time.busy=22.2µs time.idle=110ns
2026-10-07T19:22:29.212578Z  INFO falcon_algebraic:prove:falcon_algebraic:bitz:falcon_bridge:wfbitz_forest:spartan:grinding{bits=14}: bitz::piop::spartan::grinding: close time.busy=162µs time.idle=111ns
2026-10-07T19:22:29.212626Z  INFO falcon_algebraic:prove:falcon_algebraic:bitz:falcon_bridge:wfbitz_forest:spartan:grinding{bits=14}: bitz::piop::spartan::grinding: close time.busy=35.2µs time.idle=110ns
2026-10-07T19:22:29.212694Z  INFO falcon_algebraic:prove:falcon_algebraic:bitz:falcon_bridge:wfbitz_forest:spartan:grinding{bits=14}: bitz::piop::spartan::grinding: close time.busy=40.0µs time.idle=110ns
2026-10-07T19:22:29.212715Z  INFO falcon_algebraic:prove:falcon_algebraic:bitz:falcon_bridge:wfbitz_forest:spartan:grinding{bits=14}: bitz::piop::spartan::grinding: close time.busy=12.9µs time.idle=111ns
2026-10-07T19:22:29.212809Z  INFO falcon_algebraic:prove:falcon_algebraic:bitz:falcon_bridge:wfbitz_forest:spartan:grinding{bits=14}: bitz::piop::spartan::grinding: close time.busy=87.8µs time.idle=100ns
2026-10-07T19:22:29.212897Z  INFO falcon_algebraic:prove:falcon_algebraic:bitz:falcon_bridge:wfbitz_forest:spartan:grinding{bits=14}: bitz::piop::spartan::grinding: close time.busy=84.1µs time.idle=110ns
2026-10-07T19:22:29.212927Z  INFO falcon_algebraic:prove:falcon_algebraic:bitz:falcon_bridge:wfbitz_forest:spartan:grinding{bits=14}: bitz::piop::spartan::grinding: close time.busy=26.6µs time.idle=110ns
2026-10-07T19:22:29.213051Z  INFO falcon_algebraic:prove:falcon_algebraic:bitz:falcon_bridge:wfbitz_forest:spartan:grinding{bits=14}: bitz::piop::spartan::grinding: close time.busy=121µs time.idle=111ns
2026-10-07T19:22:29.213093Z  INFO falcon_algebraic:prove:falcon_algebraic:bitz:falcon_bridge:wfbitz_forest:spartan:grinding{bits=14}: bitz::piop::spartan::grinding: close time.busy=38.9µs time.idle=110ns
2026-10-07T19:22:29.213186Z  INFO falcon_algebraic:prove:falcon_algebraic:bitz:falcon_bridge:wfbitz_forest:spartan:grinding{bits=14}: bitz::piop::spartan::grinding: close time.busy=90.2µs time.idle=110ns
2026-10-07T19:22:29.213197Z  INFO falcon_algebraic:prove:falcon_algebraic:bitz:falcon_bridge:wfbitz_forest:spartan:grinding{bits=14}: bitz::piop::spartan::grinding: close time.busy=8.52µs time.idle=120ns
2026-10-07T19:22:29.213206Z  INFO falcon_algebraic:prove:falcon_algebraic:bitz:falcon_bridge:wfbitz_forest:spartan:grinding{bits=14}: bitz::piop::spartan::grinding: close time.busy=6.47µs time.idle=110ns
2026-10-07T19:22:29.213244Z  INFO falcon_algebraic:prove:falcon_algebraic:bitz:falcon_bridge:wfbitz_forest:spartan:grinding{bits=14}: bitz::piop::spartan::grinding: close time.busy=35.1µs time.idle=111ns
2026-10-07T19:22:29.213307Z  INFO falcon_algebraic:prove:falcon_algebraic:bitz:falcon_bridge:wfbitz_forest:spartan:grinding{bits=14}: bitz::piop::spartan::grinding: close time.busy=59.5µs time.idle=110ns
2026-10-07T19:22:29.213368Z  INFO falcon_algebraic:prove:falcon_algebraic:bitz:falcon_bridge:wfbitz_forest:spartan:grinding{bits=14}: bitz::piop::spartan::grinding: close time.busy=58.9µs time.idle=110ns
2026-10-07T19:22:29.213441Z  INFO falcon_algebraic:prove:falcon_algebraic:bitz:falcon_bridge:wfbitz_forest:spartan:grinding{bits=14}: bitz::piop::spartan::grinding: close time.busy=6.97µs time.idle=110ns
2026-10-07T19:22:29.213530Z  INFO falcon_algebraic:prove:falcon_algebraic:bitz:falcon_bridge:wfbitz_forest:spartan:grinding{bits=14}: bitz::piop::spartan::grinding: close time.busy=23.8µs time.idle=110ns
2026-10-07T19:22:29.213587Z  INFO falcon_algebraic:prove:falcon_algebraic:bitz:falcon_bridge:wfbitz_forest:spartan:grinding{bits=14}: bitz::piop::spartan::grinding: close time.busy=29.6µs time.idle=110ns
2026-10-07T19:22:29.213810Z  INFO falcon_algebraic:prove:falcon_algebraic:bitz:falcon_bridge:wfbitz_forest:spartan:grinding{bits=14}: bitz::piop::spartan::grinding: close time.busy=210µs time.idle=110ns
2026-10-07T19:22:29.213852Z  INFO falcon_algebraic:prove:falcon_algebraic:bitz:falcon_bridge:wfbitz_forest:spartan:grinding{bits=14}: bitz::piop::spartan::grinding: close time.busy=14.1µs time.idle=110ns
2026-10-07T19:22:29.214046Z  INFO falcon_algebraic:prove:falcon_algebraic:bitz:falcon_bridge:wfbitz_forest:spartan:grinding{bits=14}: bitz::piop::spartan::grinding: close time.busy=185µs time.idle=110ns
2026-10-07T19:22:29.214087Z  INFO falcon_algebraic:prove:falcon_algebraic:bitz:falcon_bridge:wfbitz_forest:spartan:grinding{bits=14}: bitz::piop::spartan::grinding: close time.busy=35.1µs time.idle=110ns
2026-10-07T19:22:29.214100Z  INFO falcon_algebraic:prove:falcon_algebraic:bitz:falcon_bridge:wfbitz_forest:spartan:grinding{bits=14}: bitz::piop::spartan::grinding: close time.busy=8.72µs time.idle=110ns
2026-10-07T19:22:29.214122Z  INFO falcon_algebraic:prove:falcon_algebraic:bitz:falcon_bridge:wfbitz_forest:spartan:grinding{bits=14}: bitz::piop::spartan::grinding: close time.busy=19.1µs time.idle=111ns
2026-10-07T19:22:29.214170Z  INFO falcon_algebraic:prove:falcon_algebraic:bitz:falcon_bridge:wfbitz_forest:spartan:grinding{bits=14}: bitz::piop::spartan::grinding: close time.busy=45.4µs time.idle=110ns
2026-10-07T19:22:29.214254Z  INFO falcon_algebraic:prove:falcon_algebraic:bitz:falcon_bridge:wfbitz_forest:spartan:grinding{bits=14}: bitz::piop::spartan::grinding: close time.busy=81.2µs time.idle=110ns
2026-10-07T19:22:29.214286Z  INFO falcon_algebraic:prove:falcon_algebraic:bitz:falcon_bridge:wfbitz_forest:spartan:grinding{bits=14}: bitz::piop::spartan::grinding: close time.busy=28.8µs time.idle=120ns
2026-10-07T19:22:29.214330Z  INFO falcon_algebraic:prove:falcon_algebraic:bitz:falcon_bridge:wfbitz_forest:spartan:grinding{bits=14}: bitz::piop::spartan::grinding: close time.busy=41.6µs time.idle=120ns
2026-10-07T19:22:29.214369Z  INFO falcon_algebraic:prove:falcon_algebraic:bitz:falcon_bridge:wfbitz_forest:spartan:grinding{bits=14}: bitz::piop::spartan::grinding: close time.busy=36.2µs time.idle=111ns
2026-10-07T19:22:29.214385Z  INFO falcon_algebraic:prove:falcon_algebraic:bitz:falcon_bridge:wfbitz_forest:spartan:grinding{bits=14}: bitz::piop::spartan::grinding: close time.busy=13.5µs time.idle=120ns
2026-10-07T19:22:29.214502Z  INFO falcon_algebraic:prove:falcon_algebraic:bitz:falcon_bridge:wfbitz_forest:spartan:grinding{bits=14}: bitz::piop::spartan::grinding: close time.busy=115µs time.idle=120ns
2026-10-07T19:22:29.214517Z  INFO falcon_algebraic:prove:falcon_algebraic:bitz:falcon_bridge:wfbitz_forest:spartan:grinding{bits=14}: bitz::piop::spartan::grinding: close time.busy=12.6µs time.idle=111ns
2026-10-07T19:22:29.214654Z  INFO falcon_algebraic:prove:falcon_algebraic:bitz:falcon_bridge:wfbitz_forest:spartan:grinding{bits=14}: bitz::piop::spartan::grinding: close time.busy=19.0µs time.idle=110ns
2026-10-07T19:22:29.214870Z  INFO falcon_algebraic:prove:falcon_algebraic:bitz:falcon_bridge:wfbitz_forest:spartan:grinding{bits=14}: bitz::piop::spartan::grinding: close time.busy=91.5µs time.idle=110ns
2026-10-07T19:22:29.214957Z  INFO falcon_algebraic:prove:falcon_algebraic:bitz:falcon_bridge:wfbitz_forest:spartan:grinding{bits=14}: bitz::piop::spartan::grinding: close time.busy=36.7µs time.idle=110ns
2026-10-07T19:22:29.215146Z  INFO falcon_algebraic:prove:falcon_algebraic:bitz:falcon_bridge:wfbitz_forest:spartan:grinding{bits=14}: bitz::piop::spartan::grinding: close time.busy=161µs time.idle=110ns
2026-10-07T19:22:29.215327Z  INFO falcon_algebraic:prove:falcon_algebraic:bitz:falcon_bridge:wfbitz_forest:spartan:grinding{bits=14}: bitz::piop::spartan::grinding: close time.busy=167µs time.idle=110ns
2026-10-07T19:22:29.215370Z  INFO falcon_algebraic:prove:falcon_algebraic:bitz:falcon_bridge:wfbitz_forest:spartan:grinding{bits=14}: bitz::piop::spartan::grinding: close time.busy=15.5µs time.idle=111ns
2026-10-07T19:22:29.215416Z  INFO falcon_algebraic:prove:falcon_algebraic:bitz:falcon_bridge:wfbitz_forest:spartan:grinding{bits=14}: bitz::piop::spartan::grinding: close time.busy=37.8µs time.idle=120ns
2026-10-07T19:22:29.215432Z  INFO falcon_algebraic:prove:falcon_algebraic:bitz:falcon_bridge:wfbitz_forest:spartan:grinding{bits=14}: bitz::piop::spartan::grinding: close time.busy=10.6µs time.idle=110ns
2026-10-07T19:22:29.215497Z  INFO falcon_algebraic:prove:falcon_algebraic:bitz:falcon_bridge:wfbitz_forest:spartan:grinding{bits=14}: bitz::piop::spartan::grinding: close time.busy=60.8µs time.idle=121ns
2026-10-07T19:22:29.215733Z  INFO falcon_algebraic:prove:falcon_algebraic:bitz:falcon_bridge:wfbitz_forest:spartan:grinding{bits=14}: bitz::piop::spartan::grinding: close time.busy=233µs time.idle=111ns
2026-10-07T19:22:29.215840Z  INFO falcon_algebraic:prove:falcon_algebraic:bitz:falcon_bridge:wfbitz_forest:spartan:grinding{bits=14}: bitz::piop::spartan::grinding: close time.busy=104µs time.idle=110ns
2026-10-07T19:22:29.215873Z  INFO falcon_algebraic:prove:falcon_algebraic:bitz:falcon_bridge:wfbitz_forest:spartan:grinding{bits=14}: bitz::piop::spartan::grinding: close time.busy=29.7µs time.idle=110ns
2026-10-07T19:22:29.215884Z  INFO falcon_algebraic:prove:falcon_algebraic:bitz:falcon_bridge:wfbitz_forest:spartan:grinding{bits=14}: bitz::piop::spartan::grinding: close time.busy=8.26µs time.idle=120ns
2026-10-07T19:22:29.216090Z  INFO falcon_algebraic:prove:falcon_algebraic:bitz:falcon_bridge:wfbitz_forest:spartan:grinding{bits=14}: bitz::piop::spartan::grinding: close time.busy=203µs time.idle=120ns
2026-10-07T19:22:29.216188Z  INFO falcon_algebraic:prove:falcon_algebraic:bitz:falcon_bridge:wfbitz_forest:spartan:grinding{bits=14}: bitz::piop::spartan::grinding: close time.busy=94.9µs time.idle=111ns
2026-10-07T19:22:29.216198Z  INFO falcon_algebraic:prove:falcon_algebraic:bitz:falcon_bridge:wfbitz_forest:spartan:grinding{bits=14}: bitz::piop::spartan::grinding: close time.busy=6.96µs time.idle=110ns
2026-10-07T19:22:29.216227Z  INFO falcon_algebraic:prove:falcon_algebraic:bitz:falcon_bridge:wfbitz_forest:spartan:grinding{bits=14}: bitz::piop::spartan::grinding: close time.busy=26.7µs time.idle=121ns
2026-10-07T19:22:29.216315Z  INFO falcon_algebraic:prove:falcon_algebraic:bitz:falcon_bridge:wfbitz_forest:spartan:grinding{bits=14}: bitz::piop::spartan::grinding: close time.busy=85.3µs time.idle=110ns
2026-10-07T19:22:29.216549Z  INFO falcon_algebraic:prove:falcon_algebraic:bitz:falcon_bridge:wfbitz_forest:spartan:grinding{bits=14}: bitz::piop::spartan::grinding: close time.busy=8.75µs time.idle=120ns
2026-10-07T19:22:29.216796Z  INFO falcon_algebraic:prove:falcon_algebraic:bitz:falcon_bridge:wfbitz_forest:spartan:grinding{bits=14}: bitz::piop::spartan::grinding: close time.busy=4.36µs time.idle=140ns
2026-10-07T19:22:29.216950Z  INFO falcon_algebraic:prove:falcon_algebraic:bitz:falcon_bridge:wfbitz_forest:spartan:grinding{bits=14}: bitz::piop::spartan::grinding: close time.busy=57.7µs time.idle=120ns
2026-10-07T19:22:29.217034Z  INFO falcon_algebraic:prove:falcon_algebraic:bitz:falcon_bridge:wfbitz_forest:spartan:grinding{bits=14}: bitz::piop::spartan::grinding: close time.busy=34.5µs time.idle=111ns
2026-10-07T19:22:29.217122Z  INFO falcon_algebraic:prove:falcon_algebraic:bitz:falcon_bridge:wfbitz_forest:spartan:grinding{bits=14}: bitz::piop::spartan::grinding: close time.busy=57.4µs time.idle=100ns
2026-10-07T19:22:29.217192Z  INFO falcon_algebraic:prove:falcon_algebraic:bitz:falcon_bridge:wfbitz_forest:spartan:grinding{bits=14}: bitz::piop::spartan::grinding: close time.busy=56.9µs time.idle=110ns
2026-10-07T19:22:29.217318Z  INFO falcon_algebraic:prove:falcon_algebraic:bitz:falcon_bridge:wfbitz_forest:spartan:grinding{bits=14}: bitz::piop::spartan::grinding: close time.busy=97.8µs time.idle=110ns
2026-10-07T19:22:29.217336Z  INFO falcon_algebraic:prove:falcon_algebraic:bitz:falcon_bridge:wfbitz_forest:spartan:grinding{bits=14}: bitz::piop::spartan::grinding: close time.busy=9.46µs time.idle=110ns
2026-10-07T19:22:29.217389Z  INFO falcon_algebraic:prove:falcon_algebraic:bitz:falcon_bridge:wfbitz_forest:spartan:grinding{bits=14}: bitz::piop::spartan::grinding: close time.busy=46.8µs time.idle=110ns
2026-10-07T19:22:29.217420Z  INFO falcon_algebraic:prove:falcon_algebraic:bitz:falcon_bridge:wfbitz_forest:spartan:grinding{bits=14}: bitz::piop::spartan::grinding: close time.busy=27.1µs time.idle=110ns
2026-10-07T19:22:29.217449Z  INFO falcon_algebraic:prove:falcon_algebraic:bitz:falcon_bridge:wfbitz_forest:spartan:grinding{bits=14}: bitz::piop::spartan::grinding: close time.busy=25.6µs time.idle=121ns
2026-10-07T19:22:29.217461Z  INFO falcon_algebraic:prove:falcon_algebraic:bitz:falcon_bridge:wfbitz_forest:spartan:grinding{bits=14}: bitz::piop::spartan::grinding: close time.busy=8.24µs time.idle=120ns
2026-10-07T19:22:29.217484Z  INFO falcon_algebraic:prove:falcon_algebraic:bitz:falcon_bridge:wfbitz_forest:spartan:grinding{bits=14}: bitz::piop::spartan::grinding: close time.busy=20.1µs time.idle=111ns
2026-10-07T19:22:29.217579Z  INFO falcon_algebraic:prove:falcon_algebraic:bitz:falcon_bridge:wfbitz_forest:spartan:grinding{bits=14}: bitz::piop::spartan::grinding: close time.busy=91.8µs time.idle=110ns
2026-10-07T19:22:29.217619Z  INFO falcon_algebraic:prove:falcon_algebraic:bitz:falcon_bridge:wfbitz_forest:spartan:grinding{bits=14}: bitz::piop::spartan::grinding: close time.busy=36.9µs time.idle=110ns
2026-10-07T19:22:29.217669Z  INFO falcon_algebraic:prove:falcon_algebraic:bitz:falcon_bridge:wfbitz_forest:spartan:grinding{bits=14}: bitz::piop::spartan::grinding: close time.busy=47.3µs time.idle=120ns
2026-10-07T19:22:29.217758Z  INFO falcon_algebraic:prove:falcon_algebraic:bitz:falcon_bridge:wfbitz_forest:spartan:grinding{bits=14}: bitz::piop::spartan::grinding: close time.busy=86.2µs time.idle=110ns
2026-10-07T19:22:29.217779Z  INFO falcon_algebraic:prove:falcon_algebraic:bitz:falcon_bridge:wfbitz_forest:spartan:grinding{bits=14}: bitz::piop::spartan::grinding: close time.busy=18.8µs time.idle=111ns
2026-10-07T19:22:29.217828Z  INFO falcon_algebraic:prove:falcon_algebraic:bitz:falcon_bridge:wfbitz_forest:spartan:grinding{bits=14}: bitz::piop::spartan::grinding: close time.busy=46.5µs time.idle=110ns
2026-10-07T19:22:29.218323Z  INFO falcon_algebraic:prove:falcon_algebraic:bitz:falcon_bridge:wfbitz_forest:spartan:grinding{bits=14}: bitz::piop::spartan::grinding: close time.busy=26.7µs time.idle=130ns
2026-10-07T19:22:29.218856Z  INFO falcon_algebraic:prove:falcon_algebraic:bitz:falcon_bridge:wfbitz_forest:spartan:grinding{bits=14}: bitz::piop::spartan::grinding: close time.busy=41.3µs time.idle=120ns
2026-10-07T19:22:29.219111Z  INFO falcon_algebraic:prove:falcon_algebraic:bitz:falcon_bridge:wfbitz_forest:spartan:grinding{bits=14}: bitz::piop::spartan::grinding: close time.busy=69.9µs time.idle=121ns
2026-10-07T19:22:29.219331Z  INFO falcon_algebraic:prove:falcon_algebraic:bitz:falcon_bridge:wfbitz_forest:spartan:grinding{bits=14}: bitz::piop::spartan::grinding: close time.busy=123µs time.idle=121ns
2026-10-07T19:22:29.219424Z  INFO falcon_algebraic:prove:falcon_algebraic:bitz:falcon_bridge:wfbitz_forest:spartan:grinding{bits=14}: bitz::piop::spartan::grinding: close time.busy=41.4µs time.idle=120ns
2026-10-07T19:22:29.219486Z  INFO falcon_algebraic:prove:falcon_algebraic:bitz:falcon_bridge:wfbitz_forest:spartan:grinding{bits=14}: bitz::piop::spartan::grinding: close time.busy=33.8µs time.idle=110ns
2026-10-07T19:22:29.219537Z  INFO falcon_algebraic:prove:falcon_algebraic:bitz:falcon_bridge:wfbitz_forest:spartan:grinding{bits=14}: bitz::piop::spartan::grinding: close time.busy=37.5µs time.idle=111ns
2026-10-07T19:22:29.219571Z  INFO falcon_algebraic:prove:falcon_algebraic:bitz:falcon_bridge:wfbitz_forest:spartan:grinding{bits=14}: bitz::piop::spartan::grinding: close time.busy=5.57µs time.idle=120ns
2026-10-07T19:22:29.219682Z  INFO falcon_algebraic:prove:falcon_algebraic:bitz:falcon_bridge:wfbitz_forest:spartan:grinding{bits=14}: bitz::piop::spartan::grinding: close time.busy=102µs time.idle=110ns
2026-10-07T19:22:29.219737Z  INFO falcon_algebraic:prove:falcon_algebraic:bitz:falcon_bridge:wfbitz_forest:spartan:grinding{bits=14}: bitz::piop::spartan::grinding: close time.busy=49.1µs time.idle=110ns
2026-10-07T19:22:29.219807Z  INFO falcon_algebraic:prove:falcon_algebraic:bitz:falcon_bridge:wfbitz_forest:spartan:grinding{bits=14}: bitz::piop::spartan::grinding: close time.busy=66.1µs time.idle=110ns
2026-10-07T19:22:29.219849Z  INFO falcon_algebraic:prove:falcon_algebraic:bitz:falcon_bridge:wfbitz_forest:spartan:grinding{bits=14}: bitz::piop::spartan::grinding: close time.busy=39.4µs time.idle=121ns
2026-10-07T19:22:29.219870Z  INFO falcon_algebraic:prove:falcon_algebraic:bitz:falcon_bridge:wfbitz_forest:spartan:grinding{bits=14}: bitz::piop::spartan::grinding: close time.busy=17.5µs time.idle=110ns
2026-10-07T19:22:29.219885Z  INFO falcon_algebraic:prove:falcon_algebraic:bitz:falcon_bridge:wfbitz_forest:spartan:grinding{bits=14}: bitz::piop::spartan::grinding: close time.busy=12.9µs time.idle=121ns
2026-10-07T19:22:29.219910Z  INFO falcon_algebraic:prove:falcon_algebraic:bitz:falcon_bridge:wfbitz_forest:spartan:grinding{bits=14}: bitz::piop::spartan::grinding: close time.busy=22.9µs time.idle=110ns
2026-10-07T19:22:29.219927Z  INFO falcon_algebraic:prove:falcon_algebraic:bitz:falcon_bridge:wfbitz_forest:spartan:grinding{bits=14}: bitz::piop::spartan::grinding: close time.busy=14.2µs time.idle=110ns
2026-10-07T19:22:29.219951Z  INFO falcon_algebraic:prove:falcon_algebraic:bitz:falcon_bridge:wfbitz_forest:spartan:grinding{bits=14}: bitz::piop::spartan::grinding: close time.busy=21.8µs time.idle=120ns
2026-10-07T19:22:29.220004Z  INFO falcon_algebraic:prove:falcon_algebraic:bitz:falcon_bridge:wfbitz_forest:spartan:grinding{bits=14}: bitz::piop::spartan::grinding: close time.busy=50.4µs time.idle=110ns
2026-10-07T19:22:29.220132Z  INFO falcon_algebraic:prove:falcon_algebraic:bitz:falcon_bridge:wfbitz_forest:spartan:grinding{bits=14}: bitz::piop::spartan::grinding: close time.busy=125µs time.idle=110ns
2026-10-07T19:22:29.220194Z  INFO falcon_algebraic:prove:falcon_algebraic:bitz:falcon_bridge:wfbitz_forest:spartan:grinding{bits=14}: bitz::piop::spartan::grinding: close time.busy=59.7µs time.idle=110ns
2026-10-07T19:22:29.221146Z  INFO falcon_algebraic:prove:falcon_algebraic:bitz:falcon_bridge:wfbitz_forest:spartan:grinding{bits=14}: bitz::piop::spartan::grinding: close time.busy=9.62µs time.idle=130ns
2026-10-07T19:22:29.222270Z  INFO falcon_algebraic:prove:falcon_algebraic:bitz:falcon_bridge:wfbitz_forest:spartan:grinding{bits=14}: bitz::piop::spartan::grinding: close time.busy=121µs time.idle=120ns
2026-10-07T19:22:29.222702Z  INFO falcon_algebraic:prove:falcon_algebraic:bitz:falcon_bridge:wfbitz_forest:spartan:grinding{bits=14}: bitz::piop::spartan::grinding: close time.busy=59.4µs time.idle=130ns
2026-10-07T19:22:29.222951Z  INFO falcon_algebraic:prove:falcon_algebraic:bitz:falcon_bridge:wfbitz_forest:spartan:grinding{bits=14}: bitz::piop::spartan::grinding: close time.busy=67.3µs time.idle=121ns
2026-10-07T19:22:29.223145Z  INFO falcon_algebraic:prove:falcon_algebraic:bitz:falcon_bridge:wfbitz_forest:spartan:grinding{bits=14}: bitz::piop::spartan::grinding: close time.busy=97.0µs time.idle=120ns
2026-10-07T19:22:29.223207Z  INFO falcon_algebraic:prove:falcon_algebraic:bitz:falcon_bridge:wfbitz_forest:spartan:grinding{bits=14}: bitz::piop::spartan::grinding: close time.busy=12.3µs time.idle=110ns
2026-10-07T19:22:29.223305Z  INFO falcon_algebraic:prove:falcon_algebraic:bitz:falcon_bridge:wfbitz_forest:spartan:grinding{bits=14}: bitz::piop::spartan::grinding: close time.busy=70.6µs time.idle=120ns
2026-10-07T19:22:29.223363Z  INFO falcon_algebraic:prove:falcon_algebraic:bitz:falcon_bridge:wfbitz_forest:spartan:grinding{bits=14}: bitz::piop::spartan::grinding: close time.busy=44.8µs time.idle=110ns
2026-10-07T19:22:29.223398Z  INFO falcon_algebraic:prove:falcon_algebraic:bitz:falcon_bridge:wfbitz_forest:spartan:grinding{bits=14}: bitz::piop::spartan::grinding: close time.busy=7.34µs time.idle=110ns
2026-10-07T19:22:29.223419Z  INFO falcon_algebraic:prove:falcon_algebraic:bitz:falcon_bridge:wfbitz_forest:spartan:grinding{bits=14}: bitz::piop::spartan::grinding: close time.busy=12.2µs time.idle=110ns
2026-10-07T19:22:29.223524Z  INFO falcon_algebraic:prove:falcon_algebraic:bitz:falcon_bridge:wfbitz_forest:spartan:grinding{bits=14}: bitz::piop::spartan::grinding: close time.busy=100µs time.idle=111ns
2026-10-07T19:22:29.223545Z  INFO falcon_algebraic:prove:falcon_algebraic:bitz:falcon_bridge:wfbitz_forest:spartan:grinding{bits=14}: bitz::piop::spartan::grinding: close time.busy=16.5µs time.idle=110ns
2026-10-07T19:22:29.223775Z  INFO falcon_algebraic:prove:falcon_algebraic:bitz:falcon_bridge:wfbitz_forest:spartan:grinding{bits=14}: bitz::piop::spartan::grinding: close time.busy=226µs time.idle=121ns
2026-10-07T19:22:29.223841Z  INFO falcon_algebraic:prove:falcon_algebraic:bitz:falcon_bridge:wfbitz_forest:spartan:grinding{bits=14}: bitz::piop::spartan::grinding: close time.busy=62.8µs time.idle=110ns
2026-10-07T19:22:29.223853Z  INFO falcon_algebraic:prove:falcon_algebraic:bitz:falcon_bridge:wfbitz_forest:spartan:grinding{bits=14}: bitz::piop::spartan::grinding: close time.busy=9.47µs time.idle=121ns
2026-10-07T19:22:29.223860Z  INFO falcon_algebraic:prove:falcon_algebraic:bitz:falcon_bridge:wfbitz_forest:spartan:grinding{bits=14}: bitz::piop::spartan::grinding: close time.busy=3.89µs time.idle=120ns
2026-10-07T19:22:29.223962Z  INFO falcon_algebraic:prove:falcon_algebraic:bitz:falcon_bridge:wfbitz_forest:spartan:grinding{bits=14}: bitz::piop::spartan::grinding: close time.busy=99.1µs time.idle=110ns
2026-10-07T19:22:29.224013Z  INFO falcon_algebraic:prove:falcon_algebraic:bitz:falcon_bridge:wfbitz_forest:spartan:grinding{bits=14}: bitz::piop::spartan::grinding: close time.busy=48.5µs time.idle=121ns
2026-10-07T19:22:29.224067Z  INFO falcon_algebraic:prove:falcon_algebraic:bitz:falcon_bridge:wfbitz_forest:spartan:grinding{bits=14}: bitz::piop::spartan::grinding: close time.busy=51.0µs time.idle=120ns
2026-10-07T19:22:29.224117Z  INFO falcon_algebraic:prove:falcon_algebraic:bitz:falcon_bridge:wfbitz_forest:spartan:grinding{bits=14}: bitz::piop::spartan::grinding: close time.busy=47.6µs time.idle=110ns
2026-10-07T19:22:29.224179Z  INFO falcon_algebraic:prove:falcon_algebraic:bitz:falcon_bridge:wfbitz_forest:spartan:grinding{bits=14}: bitz::piop::spartan::grinding: close time.busy=59.5µs time.idle=110ns
2026-10-07T19:22:29.229734Z  INFO falcon_algebraic:prove:falcon_algebraic:bitz:falcon_bridge:wfbitz_forest:spartan:grinding{bits=14}: bitz::piop::spartan::grinding: close time.busy=6.52µs time.idle=290ns
2026-10-07T19:22:29.231717Z  INFO falcon_algebraic:prove:falcon_algebraic:bitz:falcon_bridge:wfbitz_forest:spartan:grinding{bits=14}: bitz::piop::spartan::grinding: close time.busy=27.7µs time.idle=220ns
2026-10-07T19:22:29.232447Z  INFO falcon_algebraic:prove:falcon_algebraic:bitz:falcon_bridge:wfbitz_forest:spartan:grinding{bits=14}: bitz::piop::spartan::grinding: close time.busy=4.85µs time.idle=120ns
2026-10-07T19:22:29.232801Z  INFO falcon_algebraic:prove:falcon_algebraic:bitz:falcon_bridge:wfbitz_forest:spartan:grinding{bits=14}: bitz::piop::spartan::grinding: close time.busy=13.5µs time.idle=130ns
2026-10-07T19:22:29.232985Z  INFO falcon_algebraic:prove:falcon_algebraic:bitz:falcon_bridge:wfbitz_forest:spartan:grinding{bits=14}: bitz::piop::spartan::grinding: close time.busy=10.2µs time.idle=120ns
2026-10-07T19:22:29.233095Z  INFO falcon_algebraic:prove:falcon_algebraic:bitz:falcon_bridge:wfbitz_forest:spartan:grinding{bits=14}: bitz::piop::spartan::grinding: close time.busy=17.5µs time.idle=120ns
2026-10-07T19:22:29.233325Z  INFO falcon_algebraic:prove:falcon_algebraic:bitz:falcon_bridge:wfbitz_forest:spartan:grinding{bits=14}: bitz::piop::spartan::grinding: close time.busy=180µs time.idle=120ns
2026-10-07T19:22:29.233363Z  INFO falcon_algebraic:prove:falcon_algebraic:bitz:falcon_bridge:wfbitz_forest:spartan:grinding{bits=14}: bitz::piop::spartan::grinding: close time.busy=9.42µs time.idle=120ns
2026-10-07T19:22:29.233470Z  INFO falcon_algebraic:prove:falcon_algebraic:bitz:falcon_bridge:wfbitz_forest:spartan:grinding{bits=14}: bitz::piop::spartan::grinding: close time.busy=93.4µs time.idle=110ns
2026-10-07T19:22:29.233522Z  INFO falcon_algebraic:prove:falcon_algebraic:bitz:falcon_bridge:wfbitz_forest:spartan:grinding{bits=14}: bitz::piop::spartan::grinding: close time.busy=22.8µs time.idle=110ns
2026-10-07T19:22:29.233671Z  INFO falcon_algebraic:prove:falcon_algebraic:bitz:falcon_bridge:wfbitz_forest:spartan:grinding{bits=14}: bitz::piop::spartan::grinding: close time.busy=141µs time.idle=120ns
2026-10-07T19:22:29.233697Z  INFO falcon_algebraic:prove:falcon_algebraic:bitz:falcon_bridge:wfbitz_forest:spartan:grinding{bits=14}: bitz::piop::spartan::grinding: close time.busy=19.6µs time.idle=110ns
2026-10-07T19:22:29.233718Z  INFO falcon_algebraic:prove:falcon_algebraic:bitz:falcon_bridge:wfbitz_forest:spartan:grinding{bits=14}: bitz::piop::spartan::grinding: close time.busy=17.4µs time.idle=112ns
2026-10-07T19:22:29.233818Z  INFO falcon_algebraic:prove:falcon_algebraic:bitz:falcon_bridge:wfbitz_forest:spartan:grinding{bits=14}: bitz::piop::spartan::grinding: close time.busy=97.1µs time.idle=111ns
2026-10-07T19:22:29.233834Z  INFO falcon_algebraic:prove:falcon_algebraic:bitz:falcon_bridge:wfbitz_forest:spartan:grinding{bits=14}: bitz::piop::spartan::grinding: close time.busy=12.8µs time.idle=110ns
2026-10-07T19:22:29.233931Z  INFO falcon_algebraic:prove:falcon_algebraic:bitz:falcon_bridge:wfbitz_forest:spartan:grinding{bits=14}: bitz::piop::spartan::grinding: close time.busy=93.5µs time.idle=110ns
2026-10-07T19:22:29.234027Z  INFO falcon_algebraic:prove:falcon_algebraic:bitz:falcon_bridge:wfbitz_forest:spartan:grinding{bits=14}: bitz::piop::spartan::grinding: close time.busy=93.5µs time.idle=110ns
2026-10-07T19:22:29.234146Z  INFO falcon_algebraic:prove:falcon_algebraic:bitz:falcon_bridge:wfbitz_forest:spartan:grinding{bits=14}: bitz::piop::spartan::grinding: close time.busy=116µs time.idle=120ns
2026-10-07T19:22:29.234183Z  INFO falcon_algebraic:prove:falcon_algebraic:bitz:falcon_bridge:wfbitz_forest:spartan:grinding{bits=14}: bitz::piop::spartan::grinding: close time.busy=34.6µs time.idle=120ns
2026-10-07T19:22:29.234252Z  INFO falcon_algebraic:prove:falcon_algebraic:bitz:falcon_bridge:wfbitz_forest:spartan:grinding{bits=14}: bitz::piop::spartan::grinding: close time.busy=65.9µs time.idle=110ns
2026-10-07T19:22:29.234267Z  INFO falcon_algebraic:prove:falcon_algebraic:bitz:falcon_bridge:wfbitz_forest:spartan:grinding{bits=14}: bitz::piop::spartan::grinding: close time.busy=11.8µs time.idle=110ns
2026-10-07T19:22:29.234421Z  INFO falcon_algebraic:prove:falcon_algebraic:bitz:falcon_bridge:wfbitz_forest:spartan:grinding{bits=14}: bitz::piop::spartan::grinding: close time.busy=152µs time.idle=120ns
2026-10-07T19:22:29.238459Z  INFO falcon_algebraic:prove:falcon_algebraic:bitz:falcon_bridge:wfbitz_forest:spartan:grinding{bits=14}: bitz::piop::spartan::grinding: close time.busy=59.1µs time.idle=120ns
2026-10-07T19:22:29.242067Z  INFO falcon_algebraic:prove:falcon_algebraic:bitz:falcon_bridge:wfbitz_forest:spartan:grinding{bits=14}: bitz::piop::spartan::grinding: close time.busy=49.0µs time.idle=240ns
2026-10-07T19:22:29.243574Z  INFO falcon_algebraic:prove:falcon_algebraic:bitz:falcon_bridge:wfbitz_forest:spartan:grinding{bits=14}: bitz::piop::spartan::grinding: close time.busy=23.9µs time.idle=151ns
2026-10-07T19:22:29.244302Z  INFO falcon_algebraic:prove:falcon_algebraic:bitz:falcon_bridge:wfbitz_forest:spartan:grinding{bits=14}: bitz::piop::spartan::grinding: close time.busy=23.6µs time.idle=161ns
2026-10-07T19:22:29.244651Z  INFO falcon_algebraic:prove:falcon_algebraic:bitz:falcon_bridge:wfbitz_forest:spartan:grinding{bits=14}: bitz::piop::spartan::grinding: close time.busy=8.29µs time.idle=120ns
2026-10-07T19:22:29.244869Z  INFO falcon_algebraic:prove:falcon_algebraic:bitz:falcon_bridge:wfbitz_forest:spartan:grinding{bits=14}: bitz::piop::spartan::grinding: close time.busy=44.2µs time.idle=120ns
2026-10-07T19:22:29.245062Z  INFO falcon_algebraic:prove:falcon_algebraic:bitz:falcon_bridge:wfbitz_forest:spartan:grinding{bits=14}: bitz::piop::spartan::grinding: close time.busy=101µs time.idle=120ns
2026-10-07T19:22:29.245142Z  INFO falcon_algebraic:prove:falcon_algebraic:bitz:falcon_bridge:wfbitz_forest:spartan:grinding{bits=14}: bitz::piop::spartan::grinding: close time.busy=30.5µs time.idle=120ns
2026-10-07T19:22:29.245184Z  INFO falcon_algebraic:prove:falcon_algebraic:bitz:falcon_bridge:wfbitz_forest:spartan:grinding{bits=14}: bitz::piop::spartan::grinding: close time.busy=13.5µs time.idle=130ns
2026-10-07T19:22:29.245224Z  INFO falcon_algebraic:prove:falcon_algebraic:bitz:falcon_bridge:wfbitz_forest:spartan:grinding{bits=14}: bitz::piop::spartan::grinding: close time.busy=27.4µs time.idle=120ns
2026-10-07T19:22:29.245262Z  INFO falcon_algebraic:prove:falcon_algebraic:bitz:falcon_bridge:wfbitz_forest:spartan:grinding{bits=14}: bitz::piop::spartan::grinding: close time.busy=4.86µs time.idle=110ns
2026-10-07T19:22:29.245315Z  INFO falcon_algebraic:prove:falcon_algebraic:bitz:falcon_bridge:wfbitz_forest:spartan:grinding{bits=14}: bitz::piop::spartan::grinding: close time.busy=44.3µs time.idle=110ns
2026-10-07T19:22:29.245326Z  INFO falcon_algebraic:prove:falcon_algebraic:bitz:falcon_bridge:wfbitz_forest:spartan:grinding{bits=14}: bitz::piop::spartan::grinding: close time.busy=6.33µs time.idle=110ns
2026-10-07T19:22:29.245435Z  INFO falcon_algebraic:prove:falcon_algebraic:bitz:falcon_bridge:wfbitz_forest:spartan:grinding{bits=14}: bitz::piop::spartan::grinding: close time.busy=104µs time.idle=110ns
2026-10-07T19:22:29.245504Z  INFO falcon_algebraic:prove:falcon_algebraic:bitz:falcon_bridge:wfbitz_forest:spartan:grinding{bits=14}: bitz::piop::spartan::grinding: close time.busy=65.6µs time.idle=110ns
2026-10-07T19:22:29.245561Z  INFO falcon_algebraic:prove:falcon_algebraic:bitz:falcon_bridge:wfbitz_forest:spartan:grinding{bits=14}: bitz::piop::spartan::grinding: close time.busy=54.4µs time.idle=110ns
2026-10-07T19:22:29.245628Z  INFO falcon_algebraic:prove:falcon_algebraic:bitz:falcon_bridge:wfbitz_forest:spartan:grinding{bits=14}: bitz::piop::spartan::grinding: close time.busy=64.0µs time.idle=111ns
2026-10-07T19:22:29.245695Z  INFO falcon_algebraic:prove:falcon_algebraic:bitz:falcon_bridge:wfbitz_forest:spartan:grinding{bits=14}: bitz::piop::spartan::grinding: close time.busy=63.6µs time.idle=110ns
2026-10-07T19:22:29.245737Z  INFO falcon_algebraic:prove:falcon_algebraic:bitz:falcon_bridge:wfbitz_forest:spartan:grinding{bits=14}: bitz::piop::spartan::grinding: close time.busy=39.3µs time.idle=120ns
2026-10-07T19:22:29.246036Z  INFO falcon_algebraic:prove:falcon_algebraic:bitz:falcon_bridge:wfbitz_forest:spartan:grinding{bits=14}: bitz::piop::spartan::grinding: close time.busy=296µs time.idle=121ns
2026-10-07T19:22:29.246054Z  INFO falcon_algebraic:prove:falcon_algebraic:bitz:falcon_bridge:wfbitz_forest:spartan:grinding{bits=14}: bitz::piop::spartan::grinding: close time.busy=14.7µs time.idle=120ns
2026-10-07T19:22:29.246102Z  INFO falcon_algebraic:prove:falcon_algebraic:bitz:falcon_bridge:wfbitz_forest:spartan:grinding{bits=14}: bitz::piop::spartan::grinding: close time.busy=44.8µs time.idle=111ns
2026-10-07T19:22:29.246149Z  INFO falcon_algebraic:prove:falcon_algebraic:bitz:falcon_bridge:wfbitz_forest:spartan:grinding{bits=14}: bitz::piop::spartan::grinding: close time.busy=44.7µs time.idle=110ns
2026-10-07T19:22:29.251566Z  INFO falcon_algebraic:prove:falcon_algebraic:bitz:falcon_bridge:wfbitz_forest:spartan:grinding{bits=14}: bitz::piop::spartan::grinding: close time.busy=31.3µs time.idle=130ns
2026-10-07T19:22:29.255897Z  INFO falcon_algebraic:prove:falcon_algebraic:bitz:falcon_bridge:wfbitz_forest:spartan:grinding{bits=14}: bitz::piop::spartan::grinding: close time.busy=23.7µs time.idle=120ns
2026-10-07T19:22:29.259465Z  INFO falcon_algebraic:prove:falcon_algebraic:bitz:falcon_bridge:wfbitz_forest:spartan:grinding{bits=14}: bitz::piop::spartan::grinding: close time.busy=70.7µs time.idle=400ns
2026-10-07T19:22:29.261038Z  INFO falcon_algebraic:prove:falcon_algebraic:bitz:falcon_bridge:wfbitz_forest:spartan:grinding{bits=14}: bitz::piop::spartan::grinding: close time.busy=64.1µs time.idle=170ns
2026-10-07T19:22:29.261816Z  INFO falcon_algebraic:prove:falcon_algebraic:bitz:falcon_bridge:wfbitz_forest:spartan:grinding{bits=14}: bitz::piop::spartan::grinding: close time.busy=62.5µs time.idle=130ns
2026-10-07T19:22:29.262273Z  INFO falcon_algebraic:prove:falcon_algebraic:bitz:falcon_bridge:wfbitz_forest:spartan:grinding{bits=14}: bitz::piop::spartan::grinding: close time.busy=109µs time.idle=120ns
2026-10-07T19:22:29.262544Z  INFO falcon_algebraic:prove:falcon_algebraic:bitz:falcon_bridge:wfbitz_forest:spartan:grinding{bits=14}: bitz::piop::spartan::grinding: close time.busy=97.0µs time.idle=130ns
2026-10-07T19:22:29.262768Z  INFO falcon_algebraic:prove:falcon_algebraic:bitz:falcon_bridge:wfbitz_forest:spartan:grinding{bits=14}: bitz::piop::spartan::grinding: close time.busy=132µs time.idle=120ns
2026-10-07T19:22:29.262822Z  INFO falcon_algebraic:prove:falcon_algebraic:bitz:falcon_bridge:wfbitz_forest:spartan:grinding{bits=14}: bitz::piop::spartan::grinding: close time.busy=4.79µs time.idle=121ns
2026-10-07T19:22:29.263044Z  INFO falcon_algebraic:prove:falcon_algebraic:bitz:falcon_bridge:wfbitz_forest:spartan:grinding{bits=14}: bitz::piop::spartan::grinding: close time.busy=193µs time.idle=120ns
2026-10-07T19:22:29.263115Z  INFO falcon_algebraic:prove:falcon_algebraic:bitz:falcon_bridge:wfbitz_forest:spartan:grinding{bits=14}: bitz::piop::spartan::grinding: close time.busy=56.3µs time.idle=120ns
2026-10-07T19:22:29.263199Z  INFO falcon_algebraic:prove:falcon_algebraic:bitz:falcon_bridge:wfbitz_forest:spartan:grinding{bits=14}: bitz::piop::spartan::grinding: close time.busy=54.5µs time.idle=110ns
2026-10-07T19:22:29.263235Z  INFO falcon_algebraic:prove:falcon_algebraic:bitz:falcon_bridge:wfbitz_forest:spartan:grinding{bits=14}: bitz::piop::spartan::grinding: close time.busy=27.8µs time.idle=110ns
2026-10-07T19:22:29.263356Z  INFO falcon_algebraic:prove:falcon_algebraic:bitz:falcon_bridge:wfbitz_forest:spartan:grinding{bits=14}: bitz::piop::spartan::grinding: close time.busy=115µs time.idle=121ns
2026-10-07T19:22:29.263403Z  INFO falcon_algebraic:prove:falcon_algebraic:bitz:falcon_bridge:wfbitz_forest:spartan:grinding{bits=14}: bitz::piop::spartan::grinding: close time.busy=43.4µs time.idle=110ns
2026-10-07T19:22:29.263417Z  INFO falcon_algebraic:prove:falcon_algebraic:bitz:falcon_bridge:wfbitz_forest:spartan:grinding{bits=14}: bitz::piop::spartan::grinding: close time.busy=10.4µs time.idle=131ns
2026-10-07T19:22:29.263477Z  INFO falcon_algebraic:prove:falcon_algebraic:bitz:falcon_bridge:wfbitz_forest:spartan:grinding{bits=14}: bitz::piop::spartan::grinding: close time.busy=56.2µs time.idle=120ns
2026-10-07T19:22:29.263492Z  INFO falcon_algebraic:prove:falcon_algebraic:bitz:falcon_bridge:wfbitz_forest:spartan:grinding{bits=14}: bitz::piop::spartan::grinding: close time.busy=10.7µs time.idle=120ns
2026-10-07T19:22:29.263589Z  INFO falcon_algebraic:prove:falcon_algebraic:bitz:falcon_bridge:wfbitz_forest:spartan:grinding{bits=14}: bitz::piop::spartan::grinding: close time.busy=93.4µs time.idle=110ns
2026-10-07T19:22:29.263607Z  INFO falcon_algebraic:prove:falcon_algebraic:bitz:falcon_bridge:wfbitz_forest:spartan:grinding{bits=14}: bitz::piop::spartan::grinding: close time.busy=15.5µs time.idle=111ns
2026-10-07T19:22:29.263626Z  INFO falcon_algebraic:prove:falcon_algebraic:bitz:falcon_bridge:wfbitz_forest:spartan:grinding{bits=14}: bitz::piop::spartan::grinding: close time.busy=16.1µs time.idle=110ns
2026-10-07T19:22:29.263761Z  INFO falcon_algebraic:prove:falcon_algebraic:bitz:falcon_bridge:wfbitz_forest:spartan:grinding{bits=14}: bitz::piop::spartan::grinding: close time.busy=132µs time.idle=120ns
2026-10-07T19:22:29.263949Z  INFO falcon_algebraic:prove:falcon_algebraic:bitz:falcon_bridge:wfbitz_forest:spartan:grinding{bits=14}: bitz::piop::spartan::grinding: close time.busy=185µs time.idle=110ns
2026-10-07T19:22:29.263965Z  INFO falcon_algebraic:prove:falcon_algebraic:bitz:falcon_bridge:wfbitz_forest:spartan:grinding{bits=14}: bitz::piop::spartan::grinding: close time.busy=12.7µs time.idle=120ns
2026-10-07T19:22:29.269724Z  INFO falcon_algebraic:prove:falcon_algebraic:bitz:falcon_bridge:wfbitz_forest:spartan:grinding{bits=14}: bitz::piop::spartan::grinding: close time.busy=7.84µs time.idle=110ns
2026-10-07T19:22:29.269820Z  INFO falcon_algebraic:prove:falcon_algebraic:bitz:falcon_bridge:wfbitz_forest:spartan:grinding{bits=14}: bitz::piop::spartan::grinding: close time.busy=92.3µs time.idle=120ns
2026-10-07T19:22:29.274128Z  INFO falcon_algebraic:prove:falcon_algebraic:bitz:falcon_bridge:wfbitz_forest:spartan:grinding{bits=14}: bitz::piop::spartan::grinding: close time.busy=55.7µs time.idle=140ns
2026-10-07T19:22:29.277646Z  INFO falcon_algebraic:prove:falcon_algebraic:bitz:falcon_bridge:wfbitz_forest:spartan:grinding{bits=14}: bitz::piop::spartan::grinding: close time.busy=19.2µs time.idle=150ns
2026-10-07T19:22:29.279205Z  INFO falcon_algebraic:prove:falcon_algebraic:bitz:falcon_bridge:wfbitz_forest:spartan:grinding{bits=14}: bitz::piop::spartan::grinding: close time.busy=58.9µs time.idle=161ns
2026-10-07T19:22:29.279988Z  INFO falcon_algebraic:prove:falcon_algebraic:bitz:falcon_bridge:wfbitz_forest:spartan:grinding{bits=14}: bitz::piop::spartan::grinding: close time.busy=72.1µs time.idle=431ns
2026-10-07T19:22:29.280403Z  INFO falcon_algebraic:prove:falcon_algebraic:bitz:falcon_bridge:wfbitz_forest:spartan:grinding{bits=14}: bitz::piop::spartan::grinding: close time.busy=70.5µs time.idle=120ns
2026-10-07T19:22:29.280639Z  INFO falcon_algebraic:prove:falcon_algebraic:bitz:falcon_bridge:wfbitz_forest:spartan:grinding{bits=14}: bitz::piop::spartan::grinding: close time.busy=60.9µs time.idle=120ns
2026-10-07T19:22:29.280737Z  INFO falcon_algebraic:prove:falcon_algebraic:bitz:falcon_bridge:wfbitz_forest:spartan:grinding{bits=14}: bitz::piop::spartan::grinding: close time.busy=6.52µs time.idle=120ns
2026-10-07T19:22:29.280829Z  INFO falcon_algebraic:prove:falcon_algebraic:bitz:falcon_bridge:wfbitz_forest:spartan:grinding{bits=14}: bitz::piop::spartan::grinding: close time.busy=42.1µs time.idle=121ns
2026-10-07T19:22:29.280884Z  INFO falcon_algebraic:prove:falcon_algebraic:bitz:falcon_bridge:wfbitz_forest:spartan:grinding{bits=14}: bitz::piop::spartan::grinding: close time.busy=25.7µs time.idle=121ns
2026-10-07T19:22:29.281087Z  INFO falcon_algebraic:prove:falcon_algebraic:bitz:falcon_bridge:wfbitz_forest:spartan:grinding{bits=14}: bitz::piop::spartan::grinding: close time.busy=190µs time.idle=111ns
2026-10-07T19:22:29.281165Z  INFO falcon_algebraic:prove:falcon_algebraic:bitz:falcon_bridge:wfbitz_forest:spartan:grinding{bits=14}: bitz::piop::spartan::grinding: close time.busy=47.9µs time.idle=110ns
2026-10-07T19:22:29.281238Z  INFO falcon_algebraic:prove:falcon_algebraic:bitz:falcon_bridge:wfbitz_forest:spartan:grinding{bits=14}: bitz::piop::spartan::grinding: close time.busy=62.5µs time.idle=110ns
2026-10-07T19:22:29.281330Z  INFO falcon_algebraic:prove:falcon_algebraic:bitz:falcon_bridge:wfbitz_forest:spartan:grinding{bits=14}: bitz::piop::spartan::grinding: close time.busy=86.5µs time.idle=110ns
2026-10-07T19:22:29.281345Z  INFO falcon_algebraic:prove:falcon_algebraic:bitz:falcon_bridge:wfbitz_forest:spartan:grinding{bits=14}: bitz::piop::spartan::grinding: close time.busy=11.0µs time.idle=120ns
2026-10-07T19:22:29.281530Z  INFO falcon_algebraic:prove:falcon_algebraic:bitz:falcon_bridge:wfbitz_forest:spartan:grinding{bits=14}: bitz::piop::spartan::grinding: close time.busy=181µs time.idle=120ns
2026-10-07T19:22:29.281826Z  INFO falcon_algebraic:prove:falcon_algebraic:bitz:falcon_bridge:wfbitz_forest:spartan:grinding{bits=14}: bitz::piop::spartan::grinding: close time.busy=294µs time.idle=110ns
2026-10-07T19:22:29.281881Z  INFO falcon_algebraic:prove:falcon_algebraic:bitz:falcon_bridge:wfbitz_forest:spartan:grinding{bits=14}: bitz::piop::spartan::grinding: close time.busy=51.4µs time.idle=110ns
2026-10-07T19:22:29.281990Z  INFO falcon_algebraic:prove:falcon_algebraic:bitz:falcon_bridge:wfbitz_forest:spartan:grinding{bits=14}: bitz::piop::spartan::grinding: close time.busy=106µs time.idle=120ns
2026-10-07T19:22:29.282027Z  INFO falcon_algebraic:prove:falcon_algebraic:bitz:falcon_bridge:wfbitz_forest:spartan:grinding{bits=14}: bitz::piop::spartan::grinding: close time.busy=33.8µs time.idle=121ns
2026-10-07T19:22:29.282110Z  INFO falcon_algebraic:prove:falcon_algebraic:bitz:falcon_bridge:wfbitz_forest:spartan:grinding{bits=14}: bitz::piop::spartan::grinding: close time.busy=80.9µs time.idle=110ns
2026-10-07T19:22:29.282217Z  INFO falcon_algebraic:prove:falcon_algebraic:bitz:falcon_bridge:wfbitz_forest:spartan:grinding{bits=14}: bitz::piop::spartan::grinding: close time.busy=105µs time.idle=111ns
2026-10-07T19:22:29.282270Z  INFO falcon_algebraic:prove:falcon_algebraic:bitz:falcon_bridge:wfbitz_forest:spartan:grinding{bits=14}: bitz::piop::spartan::grinding: close time.busy=50.5µs time.idle=110ns
2026-10-07T19:22:29.282313Z  INFO falcon_algebraic:prove:falcon_algebraic:bitz:falcon_bridge:wfbitz_forest:spartan:grinding{bits=14}: bitz::piop::spartan::grinding: close time.busy=39.6µs time.idle=110ns
2026-10-07T19:22:29.287655Z  INFO falcon_algebraic:prove:falcon_algebraic:bitz:falcon_bridge:wfbitz_forest:spartan:grinding{bits=14}: bitz::piop::spartan::grinding: close time.busy=32.5µs time.idle=120ns
2026-10-07T19:22:29.287731Z  INFO falcon_algebraic:prove:falcon_algebraic:bitz:falcon_bridge:wfbitz_forest:spartan:grinding{bits=14}: bitz::piop::spartan::grinding: close time.busy=73.0µs time.idle=110ns
2026-10-07T19:22:29.287756Z  INFO falcon_algebraic:prove:falcon_algebraic:bitz:falcon_bridge:wfbitz_forest:spartan:grinding{bits=14}: bitz::piop::spartan::grinding: close time.busy=21.5µs time.idle=110ns
2026-10-07T19:22:29.292154Z  INFO falcon_algebraic:prove:falcon_algebraic:bitz:falcon_bridge:wfbitz_forest:spartan:grinding{bits=14}: bitz::piop::spartan::grinding: close time.busy=36.8µs time.idle=150ns
2026-10-07T19:22:29.295661Z  INFO falcon_algebraic:prove:falcon_algebraic:bitz:falcon_bridge:wfbitz_forest:spartan:grinding{bits=14}: bitz::piop::spartan::grinding: close time.busy=8.36µs time.idle=242ns
2026-10-07T19:22:29.297192Z  INFO falcon_algebraic:prove:falcon_algebraic:bitz:falcon_bridge:wfbitz_forest:spartan:grinding{bits=14}: bitz::piop::spartan::grinding: close time.busy=35.8µs time.idle=190ns
2026-10-07T19:22:29.297979Z  INFO falcon_algebraic:prove:falcon_algebraic:bitz:falcon_bridge:wfbitz_forest:spartan:grinding{bits=14}: bitz::piop::spartan::grinding: close time.busy=75.9µs time.idle=130ns
2026-10-07T19:22:29.298342Z  INFO falcon_algebraic:prove:falcon_algebraic:bitz:falcon_bridge:wfbitz_forest:spartan:grinding{bits=14}: bitz::piop::spartan::grinding: close time.busy=19.6µs time.idle=131ns
2026-10-07T19:22:29.298547Z  INFO falcon_algebraic:prove:falcon_algebraic:bitz:falcon_bridge:wfbitz_forest:spartan:grinding{bits=14}: bitz::piop::spartan::grinding: close time.busy=28.2µs time.idle=130ns
2026-10-07T19:22:29.298752Z  INFO falcon_algebraic:prove:falcon_algebraic:bitz:falcon_bridge:wfbitz_forest:spartan:grinding{bits=14}: bitz::piop::spartan::grinding: close time.busy=113µs time.idle=140ns
2026-10-07T19:22:29.298865Z  INFO falcon_algebraic:prove:falcon_algebraic:bitz:falcon_bridge:wfbitz_forest:spartan:grinding{bits=14}: bitz::piop::spartan::grinding: close time.busy=63.2µs time.idle=120ns
2026-10-07T19:22:29.298909Z  INFO falcon_algebraic:prove:falcon_algebraic:bitz:falcon_bridge:wfbitz_forest:spartan:grinding{bits=14}: bitz::piop::spartan::grinding: close time.busy=14.8µs time.idle=120ns
2026-10-07T19:22:29.298960Z  INFO falcon_algebraic:prove:falcon_algebraic:bitz:falcon_bridge:wfbitz_forest:spartan:grinding{bits=14}: bitz::piop::spartan::grinding: close time.busy=38.3µs time.idle=110ns
2026-10-07T19:22:29.299002Z  INFO falcon_algebraic:prove:falcon_algebraic:bitz:falcon_bridge:wfbitz_forest:spartan:grinding{bits=14}: bitz::piop::spartan::grinding: close time.busy=12.7µs time.idle=110ns
2026-10-07T19:22:29.299034Z  INFO falcon_algebraic:prove:falcon_algebraic:bitz:falcon_bridge:wfbitz_forest:spartan:grinding{bits=14}: bitz::piop::spartan::grinding: close time.busy=22.8µs time.idle=110ns
2026-10-07T19:22:29.299064Z  INFO falcon_algebraic:prove:falcon_algebraic:bitz:falcon_bridge:wfbitz_forest:spartan:grinding{bits=14}: bitz::piop::spartan::grinding: close time.busy=24.2µs time.idle=110ns
2026-10-07T19:22:29.299080Z  INFO falcon_algebraic:prove:falcon_algebraic:bitz:falcon_bridge:wfbitz_forest:spartan:grinding{bits=14}: bitz::piop::spartan::grinding: close time.busy=11.9µs time.idle=121ns
2026-10-07T19:22:29.299099Z  INFO falcon_algebraic:prove:falcon_algebraic:bitz:falcon_bridge:wfbitz_forest:spartan:grinding{bits=14}: bitz::piop::spartan::grinding: close time.busy=15.6µs time.idle=110ns
2026-10-07T19:22:29.299115Z  INFO falcon_algebraic:prove:falcon_algebraic:bitz:falcon_bridge:wfbitz_forest:spartan:grinding{bits=14}: bitz::piop::spartan::grinding: close time.busy=12.4µs time.idle=121ns
2026-10-07T19:22:29.299132Z  INFO falcon_algebraic:prove:falcon_algebraic:bitz:falcon_bridge:wfbitz_forest:spartan:grinding{bits=14}: bitz::piop::spartan::grinding: close time.busy=14.7µs time.idle=110ns
2026-10-07T19:22:29.299182Z  INFO falcon_algebraic:prove:falcon_algebraic:bitz:falcon_bridge:wfbitz_forest:spartan:grinding{bits=14}: bitz::piop::spartan::grinding: close time.busy=46.9µs time.idle=110ns
2026-10-07T19:22:29.299198Z  INFO falcon_algebraic:prove:falcon_algebraic:bitz:falcon_bridge:wfbitz_forest:spartan:grinding{bits=14}: bitz::piop::spartan::grinding: close time.busy=12.6µs time.idle=110ns
2026-10-07T19:22:29.299248Z  INFO falcon_algebraic:prove:falcon_algebraic:bitz:falcon_bridge:wfbitz_forest:spartan:grinding{bits=14}: bitz::piop::spartan::grinding: close time.busy=47.4µs time.idle=110ns
2026-10-07T19:22:29.299376Z  INFO falcon_algebraic:prove:falcon_algebraic:bitz:falcon_bridge:wfbitz_forest:spartan:grinding{bits=14}: bitz::piop::spartan::grinding: close time.busy=125µs time.idle=110ns
2026-10-07T19:22:29.299386Z  INFO falcon_algebraic:prove:falcon_algebraic:bitz:falcon_bridge:wfbitz_forest:spartan:grinding{bits=14}: bitz::piop::spartan::grinding: close time.busy=6.74µs time.idle=120ns
2026-10-07T19:22:29.299490Z  INFO falcon_algebraic:prove:falcon_algebraic:bitz:falcon_bridge:wfbitz_forest:spartan:grinding{bits=14}: bitz::piop::spartan::grinding: close time.busy=102µs time.idle=120ns
2026-10-07T19:22:29.300880Z  INFO falcon_algebraic:prove:falcon_algebraic:bitz:falcon_bridge:wfbitz_forest: bitz::hybrid::integer_bridge: close time.busy=108ms time.idle=140ns
2026-10-07T19:22:29.300951Z  INFO falcon_algebraic:prove:falcon_algebraic:bitz: bitz::piop::spartan::falcon1024_algebraic::protocol: close time.busy=116ms time.idle=210ns
2026-10-07T19:22:29.307786Z  INFO falcon_algebraic:prove:falcon_joint:packed_setup: bitz::hybrid::joint_sumcheck: close time.busy=6.83ms time.idle=151ns
2026-10-07T19:22:29.307839Z  INFO falcon_algebraic:prove:spartan:round_grinding_prove:spartan:grinding{bits=10}: bitz::piop::spartan::grinding: close time.busy=681ns time.idle=130ns
2026-10-07T19:22:29.307841Z  INFO falcon_algebraic:prove:spartan:round_grinding_prove: bitz::sumcheck::boundary: close time.busy=3.50µs time.idle=131ns
2026-10-07T19:22:29.307906Z  INFO falcon_algebraic:prove:spartan:round_grinding_prove:spartan:grinding{bits=10}: bitz::piop::spartan::grinding: close time.busy=7.30µs time.idle=110ns
2026-10-07T19:22:29.307907Z  INFO falcon_algebraic:prove:spartan:round_grinding_prove: bitz::sumcheck::boundary: close time.busy=9.45µs time.idle=110ns
2026-10-07T19:22:29.307962Z  INFO falcon_algebraic:prove:spartan:round_grinding_prove:spartan:grinding{bits=10}: bitz::piop::spartan::grinding: close time.busy=1.79µs time.idle=110ns
2026-10-07T19:22:29.307964Z  INFO falcon_algebraic:prove:spartan:round_grinding_prove: bitz::sumcheck::boundary: close time.busy=3.91µs time.idle=120ns
2026-10-07T19:22:29.308016Z  INFO falcon_algebraic:prove:spartan:round_grinding_prove:spartan:grinding{bits=10}: bitz::piop::spartan::grinding: close time.busy=1.51µs time.idle=120ns
2026-10-07T19:22:29.308018Z  INFO falcon_algebraic:prove:spartan:round_grinding_prove: bitz::sumcheck::boundary: close time.busy=3.84µs time.idle=120ns
2026-10-07T19:22:29.308076Z  INFO falcon_algebraic:prove:spartan:round_grinding_prove:spartan:grinding{bits=10}: bitz::piop::spartan::grinding: close time.busy=5.70µs time.idle=120ns
2026-10-07T19:22:29.308077Z  INFO falcon_algebraic:prove:spartan:round_grinding_prove: bitz::sumcheck::boundary: close time.busy=8.04µs time.idle=120ns
2026-10-07T19:22:29.308127Z  INFO falcon_algebraic:prove:spartan:round_grinding_prove:spartan:grinding{bits=10}: bitz::piop::spartan::grinding: close time.busy=130ns time.idle=111ns
2026-10-07T19:22:29.308128Z  INFO falcon_algebraic:prove:spartan:round_grinding_prove: bitz::sumcheck::boundary: close time.busy=2.31µs time.idle=120ns
2026-10-07T19:22:29.308182Z  INFO falcon_algebraic:prove:spartan:round_grinding_prove:spartan:grinding{bits=10}: bitz::piop::spartan::grinding: close time.busy=4.64µs time.idle=120ns
2026-10-07T19:22:29.308183Z  INFO falcon_algebraic:prove:spartan:round_grinding_prove: bitz::sumcheck::boundary: close time.busy=6.72µs time.idle=120ns
2026-10-07T19:22:29.310952Z  INFO falcon_algebraic:prove:falcon_joint:prepare: bitz::hybrid::joint_sumcheck: close time.busy=2.77ms time.idle=130ns
2026-10-07T19:22:29.310956Z  INFO falcon_algebraic:prove:spartan:round_grinding_prove:spartan:grinding{bits=10}: bitz::piop::spartan::grinding: close time.busy=1.23µs time.idle=120ns
2026-10-07T19:22:29.310957Z  INFO falcon_algebraic:prove:spartan:round_grinding_prove: bitz::sumcheck::boundary: close time.busy=3.48µs time.idle=110ns
2026-10-07T19:22:29.311541Z  INFO falcon_algebraic:prove:falcon_joint:compact: bitz::hybrid::joint_sumcheck: close time.busy=582µs time.idle=141ns
2026-10-07T19:22:29.311546Z  INFO falcon_algebraic:prove:spartan:round_grinding_prove:spartan:grinding{bits=10}: bitz::piop::spartan::grinding: close time.busy=1.44µs time.idle=110ns
2026-10-07T19:22:29.311547Z  INFO falcon_algebraic:prove:spartan:round_grinding_prove: bitz::sumcheck::boundary: close time.busy=3.77µs time.idle=110ns
2026-10-07T19:22:29.311829Z  INFO falcon_algebraic:prove:falcon_joint:compact: bitz::hybrid::joint_sumcheck: close time.busy=280µs time.idle=120ns
2026-10-07T19:22:29.311834Z  INFO falcon_algebraic:prove:spartan:round_grinding_prove:spartan:grinding{bits=10}: bitz::piop::spartan::grinding: close time.busy=2.13µs time.idle=131ns
2026-10-07T19:22:29.311835Z  INFO falcon_algebraic:prove:spartan:round_grinding_prove: bitz::sumcheck::boundary: close time.busy=4.39µs time.idle=110ns
2026-10-07T19:22:29.312010Z  INFO falcon_algebraic:prove:falcon_joint:compact: bitz::hybrid::joint_sumcheck: close time.busy=174µs time.idle=110ns
2026-10-07T19:22:29.312019Z  INFO falcon_algebraic:prove:spartan:round_grinding_prove:spartan:grinding{bits=10}: bitz::piop::spartan::grinding: close time.busy=5.44µs time.idle=111ns
2026-10-07T19:22:29.312020Z  INFO falcon_algebraic:prove:spartan:round_grinding_prove: bitz::sumcheck::boundary: close time.busy=7.64µs time.idle=100ns
2026-10-07T19:22:29.312170Z  INFO falcon_algebraic:prove:falcon_joint:compact: bitz::hybrid::joint_sumcheck: close time.busy=149µs time.idle=120ns
2026-10-07T19:22:29.312177Z  INFO falcon_algebraic:prove:spartan:round_grinding_prove:spartan:grinding{bits=10}: bitz::piop::spartan::grinding: close time.busy=4.00µs time.idle=110ns
2026-10-07T19:22:29.312178Z  INFO falcon_algebraic:prove:spartan:round_grinding_prove: bitz::sumcheck::boundary: close time.busy=6.21µs time.idle=110ns
2026-10-07T19:22:29.312209Z  INFO falcon_algebraic:prove:falcon_joint:dense: bitz::hybrid::joint_sumcheck: close time.busy=28.8µs time.idle=130ns
2026-10-07T19:22:29.312214Z  INFO falcon_algebraic:prove:spartan:round_grinding_prove:spartan:grinding{bits=10}: bitz::piop::spartan::grinding: close time.busy=2.60µs time.idle=120ns
2026-10-07T19:22:29.312216Z  INFO falcon_algebraic:prove:spartan:round_grinding_prove: bitz::sumcheck::boundary: close time.busy=4.98µs time.idle=120ns
2026-10-07T19:22:29.312233Z  INFO falcon_algebraic:prove:falcon_joint:dense: bitz::hybrid::joint_sumcheck: close time.busy=15.6µs time.idle=110ns
2026-10-07T19:22:29.312248Z  INFO falcon_algebraic:prove:spartan:round_grinding_prove:spartan:grinding{bits=10}: bitz::piop::spartan::grinding: close time.busy=12.1µs time.idle=110ns
2026-10-07T19:22:29.312249Z  INFO falcon_algebraic:prove:spartan:round_grinding_prove: bitz::sumcheck::boundary: close time.busy=14.3µs time.idle=120ns
2026-10-07T19:22:29.312260Z  INFO falcon_algebraic:prove:falcon_joint:dense: bitz::hybrid::joint_sumcheck: close time.busy=9.26µs time.idle=110ns
2026-10-07T19:22:29.312263Z  INFO falcon_algebraic:prove:spartan:round_grinding_prove:spartan:grinding{bits=10}: bitz::piop::spartan::grinding: close time.busy=1.47µs time.idle=120ns
2026-10-07T19:22:29.312264Z  INFO falcon_algebraic:prove:spartan:round_grinding_prove: bitz::sumcheck::boundary: close time.busy=3.64µs time.idle=120ns
2026-10-07T19:22:29.312273Z  INFO falcon_algebraic:prove:falcon_joint:dense: bitz::hybrid::joint_sumcheck: close time.busy=6.43µs time.idle=110ns
2026-10-07T19:22:29.312275Z  INFO falcon_algebraic:prove:spartan:round_grinding_prove:spartan:grinding{bits=10}: bitz::piop::spartan::grinding: close time.busy=511ns time.idle=110ns
2026-10-07T19:22:29.312276Z  INFO falcon_algebraic:prove:spartan:round_grinding_prove: bitz::sumcheck::boundary: close time.busy=2.80µs time.idle=110ns
2026-10-07T19:22:29.312279Z  INFO falcon_algebraic:prove:falcon_joint:dense: bitz::hybrid::joint_sumcheck: close time.busy=1.36µs time.idle=110ns
2026-10-07T19:22:29.312282Z  INFO falcon_algebraic:prove:spartan:round_grinding_prove:spartan:grinding{bits=10}: bitz::piop::spartan::grinding: close time.busy=180ns time.idle=120ns
2026-10-07T19:22:29.312283Z  INFO falcon_algebraic:prove:spartan:round_grinding_prove: bitz::sumcheck::boundary: close time.busy=2.82µs time.idle=110ns
2026-10-07T19:22:29.312285Z  INFO falcon_algebraic:prove:falcon_joint:dense: bitz::hybrid::joint_sumcheck: close time.busy=732ns time.idle=110ns
2026-10-07T19:22:29.312301Z  INFO falcon_algebraic:prove:spartan:round_grinding_prove:spartan:grinding{bits=10}: bitz::piop::spartan::grinding: close time.busy=13.8µs time.idle=110ns
2026-10-07T19:22:29.312302Z  INFO falcon_algebraic:prove:spartan:round_grinding_prove: bitz::sumcheck::boundary: close time.busy=15.7µs time.idle=90.0ns
2026-10-07T19:22:29.312304Z  INFO falcon_algebraic:prove:falcon_joint:dense: bitz::hybrid::joint_sumcheck: close time.busy=410ns time.idle=121ns
2026-10-07T19:22:29.312311Z  INFO falcon_algebraic:prove:spartan:round_grinding_prove:spartan:grinding{bits=10}: bitz::piop::spartan::grinding: close time.busy=4.74µs time.idle=110ns
2026-10-07T19:22:29.312313Z  INFO falcon_algebraic:prove:spartan:round_grinding_prove: bitz::sumcheck::boundary: close time.busy=7.14µs time.idle=100ns
2026-10-07T19:22:29.312314Z  INFO falcon_algebraic:prove:falcon_joint:dense: bitz::hybrid::joint_sumcheck: close time.busy=240ns time.idle=121ns
2026-10-07T19:22:29.312318Z  INFO falcon_algebraic:prove:spartan:round_grinding_prove:spartan:grinding{bits=10}: bitz::piop::spartan::grinding: close time.busy=1.54µs time.idle=111ns
2026-10-07T19:22:29.312319Z  INFO falcon_algebraic:prove:spartan:round_grinding_prove: bitz::sumcheck::boundary: close time.busy=3.53µs time.idle=110ns
2026-10-07T19:22:29.312321Z  INFO falcon_algebraic:prove:falcon_joint:dense: bitz::hybrid::joint_sumcheck: close time.busy=151ns time.idle=100ns
2026-10-07T19:22:29.312328Z  INFO falcon_algebraic:prove:spartan:round_grinding_prove:spartan:grinding{bits=10}: bitz::piop::spartan::grinding: close time.busy=5.54µs time.idle=110ns
2026-10-07T19:22:29.312329Z  INFO falcon_algebraic:prove:spartan:round_grinding_prove: bitz::sumcheck::boundary: close time.busy=7.46µs time.idle=110ns
2026-10-07T19:22:29.312331Z  INFO falcon_algebraic:prove:falcon_joint:dense: bitz::hybrid::joint_sumcheck: close time.busy=120ns time.idle=100ns
2026-10-07T19:22:29.312335Z  INFO falcon_algebraic:prove:spartan:round_grinding_prove:spartan:grinding{bits=10}: bitz::piop::spartan::grinding: close time.busy=1.91µs time.idle=110ns
2026-10-07T19:22:29.312336Z  INFO falcon_algebraic:prove:spartan:round_grinding_prove: bitz::sumcheck::boundary: close time.busy=3.92µs time.idle=110ns
2026-10-07T19:22:29.312338Z  INFO falcon_algebraic:prove:falcon_joint:dense: bitz::hybrid::joint_sumcheck: close time.busy=90.0ns time.idle=121ns
2026-10-07T19:22:29.312341Z  INFO falcon_algebraic:prove:spartan:round_grinding_prove:spartan:grinding{bits=10}: bitz::piop::spartan::grinding: close time.busy=671ns time.idle=90.0ns
2026-10-07T19:22:29.312342Z  INFO falcon_algebraic:prove:spartan:round_grinding_prove: bitz::sumcheck::boundary: close time.busy=2.92µs time.idle=111ns
2026-10-07T19:22:29.312344Z  INFO falcon_algebraic:prove:falcon_joint:dense: bitz::hybrid::joint_sumcheck: close time.busy=110ns time.idle=111ns
2026-10-07T19:22:29.312346Z  INFO falcon_algebraic:prove:spartan:round_grinding_prove:spartan:grinding{bits=10}: bitz::piop::spartan::grinding: close time.busy=501ns time.idle=120ns
2026-10-07T19:22:29.312347Z  INFO falcon_algebraic:prove:spartan:round_grinding_prove: bitz::sumcheck::boundary: close time.busy=2.60µs time.idle=90.0ns
2026-10-07T19:22:29.312349Z  INFO falcon_algebraic:prove:falcon_joint:dense: bitz::hybrid::joint_sumcheck: close time.busy=240ns time.idle=111ns
2026-10-07T19:22:29.312353Z  INFO falcon_algebraic:prove:spartan:round_grinding_prove:spartan:grinding{bits=10}: bitz::piop::spartan::grinding: close time.busy=1.58µs time.idle=121ns
2026-10-07T19:22:29.312354Z  INFO falcon_algebraic:prove:spartan:round_grinding_prove: bitz::sumcheck::boundary: close time.busy=3.61µs time.idle=90.0ns
2026-10-07T19:22:29.312356Z  INFO falcon_algebraic:prove:falcon_joint:dense: bitz::hybrid::joint_sumcheck: close time.busy=70.0ns time.idle=121ns
2026-10-07T19:22:29.312360Z  INFO falcon_algebraic:prove:spartan:round_grinding_prove:spartan:grinding{bits=10}: bitz::piop::spartan::grinding: close time.busy=2.21µs time.idle=111ns
2026-10-07T19:22:29.312361Z  INFO falcon_algebraic:prove:spartan:round_grinding_prove: bitz::sumcheck::boundary: close time.busy=4.22µs time.idle=110ns
2026-10-07T19:22:29.312363Z  INFO falcon_algebraic:prove:falcon_joint:dense: bitz::hybrid::joint_sumcheck: close time.busy=70.0ns time.idle=100ns
2026-10-07T19:22:29.319153Z  INFO falcon_algebraic:prove:falcon_algebraic:pcs:op:ring_switch:spartan:grinding{bits=12}: bitz::piop::spartan::grinding: close time.busy=5.54µs time.idle=120ns
2026-10-07T19:22:29.319167Z  INFO falcon_algebraic:prove:falcon_algebraic:pcs:op:ring_switch: bitz::hybrid::opening: close time.busy=6.80ms time.idle=131ns
2026-10-07T19:22:29.319176Z  INFO falcon_algebraic:prove:falcon_algebraic:pcs:op:extra_bases:spartan:grinding{bits=12}: bitz::piop::spartan::grinding: close time.busy=5.79µs time.idle=110ns
2026-10-07T19:22:29.326496Z  INFO falcon_algebraic:prove:falcon_algebraic:pcs:op:extra_bases:op:initial_messages: bitz::hybrid::opening::streamed: close time.busy=7.30ms time.idle=150ns
2026-10-07T19:22:29.326497Z  INFO falcon_algebraic:prove:falcon_algebraic:pcs:op:extra_bases: bitz::hybrid::opening: close time.busy=7.33ms time.idle=141ns
2026-10-07T19:22:29.326520Z  INFO falcon_algebraic:prove:falcon_algebraic:pcs:op:ligerito:lig:grind_pow{bits=21}:spartan:grinding{bits=12}: bitz::piop::spartan::grinding: close time.busy=16.2µs time.idle=140ns
2026-10-07T19:22:29.336066Z  INFO falcon_algebraic:prove:falcon_algebraic:pcs:op:ligerito:lig:grind_pow{bits=21 seed_lo=7782896377262837913 seed_hi=1232093470783840703 nonce=2591156}: bitz::ligerito_flock: close time.busy=9.56ms time.idle=140ns
2026-10-07T19:22:29.336081Z  INFO falcon_algebraic:prove:falcon_algebraic:pcs:op:ligerito:spartan:grinding{bits=12}: bitz::piop::spartan::grinding: close time.busy=12.2µs time.idle=110ns
2026-10-07T19:22:29.336111Z  INFO falcon_algebraic:prove:falcon_algebraic:pcs:op:ligerito:lig:grind_pow{bits=21}:spartan:grinding{bits=12}: bitz::piop::spartan::grinding: close time.busy=26.1µs time.idle=160ns
2026-10-07T19:22:29.349447Z  INFO falcon_algebraic:prove:falcon_algebraic:pcs:op:ligerito:lig:grind_pow{bits=21 seed_lo=1390348858993539341 seed_hi=18039902113888531502 nonce=3612296}: bitz::ligerito_flock: close time.busy=13.4ms time.idle=131ns
2026-10-07T19:22:29.349456Z  INFO falcon_algebraic:prove:falcon_algebraic:pcs:op:ligerito:spartan:grinding{bits=12}: bitz::piop::spartan::grinding: close time.busy=6.68µs time.idle=120ns
2026-10-07T19:22:29.352033Z  INFO falcon_algebraic:prove:falcon_algebraic:pcs:op:ligerito:op:deferred_first_fold: bitz::hybrid::opening::streamed: close time.busy=2.57ms time.idle=140ns
2026-10-07T19:22:29.352079Z  INFO falcon_algebraic:prove:falcon_algebraic:pcs:op:ligerito:lig:grind_pow{bits=21}:spartan:grinding{bits=12}: bitz::piop::spartan::grinding: close time.busy=41.8µs time.idle=121ns
2026-10-07T19:22:29.357876Z  INFO falcon_algebraic:prove:falcon_algebraic:pcs:op:ligerito:lig:grind_pow{bits=21 seed_lo=9203999042705538316 seed_hi=6106100288884595305 nonce=1572428}: bitz::ligerito_flock: close time.busy=5.84ms time.idle=120ns
2026-10-07T19:22:29.357919Z  INFO falcon_algebraic:prove:falcon_algebraic:pcs:op:ligerito:spartan:grinding{bits=12}: bitz::piop::spartan::grinding: close time.busy=40.9µs time.idle=120ns
2026-10-07T19:22:29.357931Z  INFO falcon_algebraic:prove:falcon_algebraic:pcs:op:ligerito:lig:grind_pow{bits=21}:spartan:grinding{bits=12}: bitz::piop::spartan::grinding: close time.busy=8.94µs time.idle=112ns
2026-10-07T19:22:29.358104Z  INFO falcon_algebraic:prove:falcon_algebraic:pcs:op:ligerito:lig:grind_pow{bits=21 seed_lo=1906399967468975050 seed_hi=13214599113373558849 nonce=44935}: bitz::ligerito_flock: close time.busy=183µs time.idle=120ns
2026-10-07T19:22:29.358112Z  INFO falcon_algebraic:prove:falcon_algebraic:pcs:op:ligerito:spartan:grinding{bits=12}: bitz::piop::spartan::grinding: close time.busy=5.78µs time.idle=110ns
2026-10-07T19:22:29.360299Z  INFO falcon_algebraic:prove:falcon_algebraic:pcs:op:ligerito:lig:grind_pow{bits=11}:spartan:grinding{bits=12}: bitz::piop::spartan::grinding: close time.busy=29.5µs time.idle=120ns
2026-10-07T19:22:29.360305Z  INFO falcon_algebraic:prove:falcon_algebraic:pcs:op:ligerito:lig:grind_pow{bits=11 seed_lo=11863142424663252964 seed_hi=7608612209176024363 nonce=727}: bitz::ligerito_flock: close time.busy=36.7µs time.idle=130ns
2026-10-07T19:22:29.360318Z  INFO falcon_algebraic:prove:falcon_algebraic:pcs:op:ligerito:spartan:grinding{bits=12}: bitz::piop::spartan::grinding: close time.busy=10.2µs time.idle=110ns
2026-10-07T19:22:29.362094Z  INFO falcon_algebraic:prove:falcon_algebraic:pcs:op:ligerito:lig:grind_pow{bits=7}:spartan:grinding{bits=12}: bitz::piop::spartan::grinding: close time.busy=40.8µs time.idle=110ns
2026-10-07T19:22:29.362098Z  INFO falcon_algebraic:prove:falcon_algebraic:pcs:op:ligerito:lig:grind_pow{bits=7 seed_lo=14200920854988846897 seed_hi=9727129184971576708 nonce=50}: bitz::ligerito_flock: close time.busy=46.4µs time.idle=130ns
2026-10-07T19:22:29.362124Z  INFO falcon_algebraic:prove:falcon_algebraic:pcs:op:ligerito:spartan:grinding{bits=12}: bitz::piop::spartan::grinding: close time.busy=23.4µs time.idle=121ns
2026-10-07T19:22:29.362198Z  INFO falcon_algebraic:prove:falcon_algebraic:pcs:op:ligerito:lig:grind_pow{bits=20}:spartan:grinding{bits=12}: bitz::piop::spartan::grinding: close time.busy=4.17µs time.idle=270ns
2026-10-07T19:22:29.366757Z  INFO falcon_algebraic:prove:falcon_algebraic:pcs:op:ligerito:lig:grind_pow{bits=20 seed_lo=13153016097095406132 seed_hi=11333111590694357526 nonce=1232148}: bitz::ligerito_flock: close time.busy=4.56ms time.idle=130ns
2026-10-07T19:22:29.366781Z  INFO falcon_algebraic:prove:falcon_algebraic:pcs:op:ligerito:spartan:grinding{bits=12}: bitz::piop::spartan::grinding: close time.busy=22.3µs time.idle=120ns
2026-10-07T19:22:29.366855Z  INFO falcon_algebraic:prove:falcon_algebraic:pcs:op:ligerito:lig:grind_pow{bits=20}:spartan:grinding{bits=12}: bitz::piop::spartan::grinding: close time.busy=21.8µs time.idle=131ns
2026-10-07T19:22:29.368762Z  INFO falcon_algebraic:prove:falcon_algebraic:pcs:op:ligerito:lig:grind_pow{bits=20 seed_lo=18120949339362551210 seed_hi=13797532482951980797 nonce=513573}: bitz::ligerito_flock: close time.busy=1.93ms time.idle=120ns
2026-10-07T19:22:29.368784Z  INFO falcon_algebraic:prove:falcon_algebraic:pcs:op:ligerito:spartan:grinding{bits=12}: bitz::piop::spartan::grinding: close time.busy=19.9µs time.idle=110ns
2026-10-07T19:22:29.368829Z  INFO falcon_algebraic:prove:falcon_algebraic:pcs:op:ligerito:lig:grind_pow{bits=20}:spartan:grinding{bits=12}: bitz::piop::spartan::grinding: close time.busy=16.9µs time.idle=120ns
2026-10-07T19:22:29.376388Z  INFO falcon_algebraic:prove:falcon_algebraic:pcs:op:ligerito:lig:grind_pow{bits=20 seed_lo=13628995107953393307 seed_hi=15712384258317306391 nonce=2044155}: bitz::ligerito_flock: close time.busy=7.58ms time.idle=120ns
2026-10-07T19:22:29.376395Z  INFO falcon_algebraic:prove:falcon_algebraic:pcs:op:ligerito:spartan:grinding{bits=12}: bitz::piop::spartan::grinding: close time.busy=4.70µs time.idle=110ns
2026-10-07T19:22:29.376829Z  INFO falcon_algebraic:prove:falcon_algebraic:pcs:op:ligerito:lig:grind_pow{bits=11}:spartan:grinding{bits=12}: bitz::piop::spartan::grinding: close time.busy=24.5µs time.idle=110ns
2026-10-07T19:22:29.376835Z  INFO falcon_algebraic:prove:falcon_algebraic:pcs:op:ligerito:lig:grind_pow{bits=11 seed_lo=18131122073958842230 seed_hi=6558377748662426870 nonce=880}: bitz::ligerito_flock: close time.busy=31.4µs time.idle=131ns
2026-10-07T19:22:29.376861Z  INFO falcon_algebraic:prove:falcon_algebraic:pcs:op:ligerito:spartan:grinding{bits=12}: bitz::piop::spartan::grinding: close time.busy=24.0µs time.idle=120ns
2026-10-07T19:22:29.378608Z  INFO falcon_algebraic:prove:falcon_algebraic:pcs:op:ligerito:lig:grind_pow{bits=7}:spartan:grinding{bits=12}: bitz::piop::spartan::grinding: close time.busy=10.6µs time.idle=121ns
2026-10-07T19:22:29.378611Z  INFO falcon_algebraic:prove:falcon_algebraic:pcs:op:ligerito:lig:grind_pow{bits=7 seed_lo=14895857108928955344 seed_hi=3223044504095878320 nonce=124}: bitz::ligerito_flock: close time.busy=14.6µs time.idle=110ns
2026-10-07T19:22:29.378639Z  INFO falcon_algebraic:prove:falcon_algebraic:pcs:op:ligerito:spartan:grinding{bits=12}: bitz::piop::spartan::grinding: close time.busy=25.2µs time.idle=110ns
2026-10-07T19:22:29.378683Z  INFO falcon_algebraic:prove:falcon_algebraic:pcs:op:ligerito:lig:grind_pow{bits=18}:spartan:grinding{bits=12}: bitz::piop::spartan::grinding: close time.busy=29.5µs time.idle=110ns
2026-10-07T19:22:29.381984Z  INFO falcon_algebraic:prove:falcon_algebraic:pcs:op:ligerito:lig:grind_pow{bits=18 seed_lo=453564368383453620 seed_hi=12976033857424542712 nonce=890887}: bitz::ligerito_flock: close time.busy=3.33ms time.idle=120ns
2026-10-07T19:22:29.382003Z  INFO falcon_algebraic:prove:falcon_algebraic:pcs:op:ligerito:spartan:grinding{bits=12}: bitz::piop::spartan::grinding: close time.busy=16.5µs time.idle=130ns
2026-10-07T19:22:29.382025Z  INFO falcon_algebraic:prove:falcon_algebraic:pcs:op:ligerito:lig:grind_pow{bits=18}:spartan:grinding{bits=12}: bitz::piop::spartan::grinding: close time.busy=7.10µs time.idle=120ns
2026-10-07T19:22:29.383709Z  INFO falcon_algebraic:prove:falcon_algebraic:pcs:op:ligerito:lig:grind_pow{bits=18 seed_lo=8497645164218277621 seed_hi=10470839125067943915 nonce=454826}: bitz::ligerito_flock: close time.busy=1.69ms time.idle=111ns
2026-10-07T19:22:29.383766Z  INFO falcon_algebraic:prove:falcon_algebraic:pcs:op:ligerito:spartan:grinding{bits=12}: bitz::piop::spartan::grinding: close time.busy=55.6µs time.idle=120ns
2026-10-07T19:22:29.383857Z  INFO falcon_algebraic:prove:falcon_algebraic:pcs:op:ligerito:lig:grind_pow{bits=18}:spartan:grinding{bits=12}: bitz::piop::spartan::grinding: close time.busy=80.9µs time.idle=110ns
2026-10-07T19:22:29.387570Z  INFO falcon_algebraic:prove:falcon_algebraic:pcs:op:ligerito:lig:grind_pow{bits=18 seed_lo=17823865229576264904 seed_hi=16568388654074871767 nonce=1004781}: bitz::ligerito_flock: close time.busy=3.80ms time.idle=111ns
2026-10-07T19:22:29.387605Z  INFO falcon_algebraic:prove:falcon_algebraic:pcs:op:ligerito:spartan:grinding{bits=12}: bitz::piop::spartan::grinding: close time.busy=32.6µs time.idle=120ns
2026-10-07T19:22:29.387700Z  INFO falcon_algebraic:prove:falcon_algebraic:pcs:op:ligerito:lig:grind_pow{bits=11}:spartan:grinding{bits=12}: bitz::piop::spartan::grinding: close time.busy=7.88µs time.idle=110ns
2026-10-07T19:22:29.387706Z  INFO falcon_algebraic:prove:falcon_algebraic:pcs:op:ligerito:lig:grind_pow{bits=11 seed_lo=13433964008949040218 seed_hi=10569234093139357867 nonce=912}: bitz::ligerito_flock: close time.busy=14.3µs time.idle=110ns
2026-10-07T19:22:29.387724Z  INFO falcon_algebraic:prove:falcon_algebraic:pcs:op:ligerito:spartan:grinding{bits=12}: bitz::piop::spartan::grinding: close time.busy=16.0µs time.idle=110ns
2026-10-07T19:22:29.388015Z  INFO falcon_algebraic:prove:falcon_algebraic:pcs:op:ligerito:lig:grind_pow{bits=7}:spartan:grinding{bits=12}: bitz::piop::spartan::grinding: close time.busy=21.4µs time.idle=131ns
2026-10-07T19:22:29.388018Z  INFO falcon_algebraic:prove:falcon_algebraic:pcs:op:ligerito:lig:grind_pow{bits=7 seed_lo=17708133304720636886 seed_hi=8542872167252059656 nonce=69}: bitz::ligerito_flock: close time.busy=24.9µs time.idle=110ns
2026-10-07T19:22:29.388025Z  INFO falcon_algebraic:prove:falcon_algebraic:pcs:op:ligerito:spartan:grinding{bits=12}: bitz::piop::spartan::grinding: close time.busy=4.97µs time.idle=121ns
2026-10-07T19:22:29.388038Z  INFO falcon_algebraic:prove:falcon_algebraic:pcs:op:ligerito:lig:grind_pow{bits=16}:spartan:grinding{bits=12}: bitz::piop::spartan::grinding: close time.busy=9.35µs time.idle=110ns
2026-10-07T19:22:29.388086Z  INFO falcon_algebraic:prove:falcon_algebraic:pcs:op:ligerito:lig:grind_pow{bits=16 seed_lo=12264697307909555806 seed_hi=2786290376397005851 nonce=11015}: bitz::ligerito_flock: close time.busy=57.9µs time.idle=110ns
2026-10-07T19:22:29.388117Z  INFO falcon_algebraic:prove:falcon_algebraic:pcs:op:ligerito:spartan:grinding{bits=12}: bitz::piop::spartan::grinding: close time.busy=29.5µs time.idle=110ns
2026-10-07T19:22:29.388132Z  INFO falcon_algebraic:prove:falcon_algebraic:pcs:op:ligerito:lig:grind_pow{bits=16}:spartan:grinding{bits=12}: bitz::piop::spartan::grinding: close time.busy=9.37µs time.idle=120ns
2026-10-07T19:22:29.388243Z  INFO falcon_algebraic:prove:falcon_algebraic:pcs:op:ligerito:lig:grind_pow{bits=16 seed_lo=8500622567645159676 seed_hi=13770663449678747995 nonce=28669}: bitz::ligerito_flock: close time.busy=122µs time.idle=110ns
2026-10-07T19:22:29.388259Z  INFO falcon_algebraic:prove:falcon_algebraic:pcs:op:ligerito:spartan:grinding{bits=12}: bitz::piop::spartan::grinding: close time.busy=14.0µs time.idle=120ns
2026-10-07T19:22:29.388282Z  INFO falcon_algebraic:prove:falcon_algebraic:pcs:op:ligerito:lig:grind_pow{bits=16}:spartan:grinding{bits=12}: bitz::piop::spartan::grinding: close time.busy=18.1µs time.idle=121ns
2026-10-07T19:22:29.388869Z  INFO falcon_algebraic:prove:falcon_algebraic:pcs:op:ligerito:lig:grind_pow{bits=16 seed_lo=12132067003319211324 seed_hi=5379432219838869647 nonce=158065}: bitz::ligerito_flock: close time.busy=606µs time.idle=110ns
2026-10-07T19:22:29.388880Z  INFO falcon_algebraic:prove:falcon_algebraic:pcs:op:ligerito:spartan:grinding{bits=12}: bitz::piop::spartan::grinding: close time.busy=9.60µs time.idle=120ns
2026-10-07T19:22:29.389009Z  INFO falcon_algebraic:prove:falcon_algebraic:pcs:op:ligerito:lig:grind_pow{bits=11}:spartan:grinding{bits=12}: bitz::piop::spartan::grinding: close time.busy=5.46µs time.idle=120ns
2026-10-07T19:22:29.389015Z  INFO falcon_algebraic:prove:falcon_algebraic:pcs:op:ligerito:lig:grind_pow{bits=11 seed_lo=12475436497210080422 seed_hi=7495738971254834422 nonce=1087}: bitz::ligerito_flock: close time.busy=12.7µs time.idle=110ns
2026-10-07T19:22:29.389022Z  INFO falcon_algebraic:prove:falcon_algebraic:pcs:op:ligerito:spartan:grinding{bits=12}: bitz::piop::spartan::grinding: close time.busy=4.93µs time.idle=120ns
2026-10-07T19:22:29.389148Z  INFO falcon_algebraic:prove:falcon_algebraic:pcs:op:ligerito:lig:grind_pow{bits=7}:spartan:grinding{bits=12}: bitz::piop::spartan::grinding: close time.busy=15.6µs time.idle=120ns
2026-10-07T19:22:29.389150Z  INFO falcon_algebraic:prove:falcon_algebraic:pcs:op:ligerito:lig:grind_pow{bits=7 seed_lo=9455945101117962415 seed_hi=6949788878765259781 nonce=129}: bitz::ligerito_flock: close time.busy=19.1µs time.idle=110ns
2026-10-07T19:22:29.389185Z  INFO falcon_algebraic:prove:falcon_algebraic:pcs:op:ligerito:spartan:grinding{bits=12}: bitz::piop::spartan::grinding: close time.busy=32.6µs time.idle=110ns
2026-10-07T19:22:29.389209Z  INFO falcon_algebraic:prove:falcon_algebraic:pcs:op:ligerito:lig:grind_pow{bits=16}:spartan:grinding{bits=12}: bitz::piop::spartan::grinding: close time.busy=20.4µs time.idle=110ns
2026-10-07T19:22:29.389375Z  INFO falcon_algebraic:prove:falcon_algebraic:pcs:op:ligerito:lig:grind_pow{bits=16 seed_lo=13499245549238148355 seed_hi=9490701453693229748 nonce=43646}: bitz::ligerito_flock: close time.busy=187µs time.idle=110ns
2026-10-07T19:22:29.389389Z  INFO falcon_algebraic:prove:falcon_algebraic:pcs:op:ligerito:spartan:grinding{bits=12}: bitz::piop::spartan::grinding: close time.busy=12.4µs time.idle=120ns
2026-10-07T19:22:29.389403Z  INFO falcon_algebraic:prove:falcon_algebraic:pcs:op:ligerito:lig:grind_pow{bits=11}:spartan:grinding{bits=12}: bitz::piop::spartan::grinding: close time.busy=9.03µs time.idle=110ns
2026-10-07T19:22:29.389409Z  INFO falcon_algebraic:prove:falcon_algebraic:pcs:op:ligerito:lig:grind_pow{bits=11 seed_lo=5536676814652215165 seed_hi=15124387837615488401 nonce=908}: bitz::ligerito_flock: close time.busy=15.3µs time.idle=120ns
2026-10-07T19:22:29.389428Z  INFO falcon_algebraic:prove:falcon_algebraic:pcs:op:ligerito:spartan:grinding{bits=12}: bitz::piop::spartan::grinding: close time.busy=17.5µs time.idle=130ns
2026-10-07T19:22:29.389512Z  INFO falcon_algebraic:prove:falcon_algebraic:pcs:op:ligerito: bitz::hybrid::opening: close time.busy=63.0ms time.idle=140ns
2026-10-07T19:22:29.389515Z  INFO falcon_algebraic:prove:falcon_algebraic:pcs: bitz::piop::spartan::falcon1024_algebraic::protocol: close time.busy=77.2ms time.idle=131ns
2026-10-07T19:22:29.390506Z  INFO falcon_algebraic:prove: bitz::piop::spartan::falcon1024_algebraic::protocol: close time.busy=653ms time.idle=201ns
2026-10-07T19:22:29.428952Z  INFO falcon_algebraic:verify:falcon_algebraic_ring:verify:falcon_algebraic_ring:coordinates: bitz::piop::spartan::falcon1024_algebraic::ring: close time.busy=22.3ms time.idle=121ns
2026-10-07T19:22:29.466347Z  INFO falcon_algebraic:verify:falcon_algebraic_ring:verify:falcon_algebraic_ring:collapse: bitz::piop::spartan::falcon1024_algebraic::ring: close time.busy=37.4ms time.idle=210ns
2026-10-07T19:22:29.466351Z  INFO falcon_algebraic:verify:falcon_algebraic_ring:verify: bitz::piop::spartan::falcon1024_algebraic::ring: close time.busy=60.1ms time.idle=150ns
2026-10-07T19:22:29.466375Z  INFO falcon_algebraic:verify:spartan:round_grinding_verify: bitz::sumcheck::boundary: close time.busy=1.10µs time.idle=111ns
2026-10-07T19:22:29.466379Z  INFO falcon_algebraic:verify:spartan:round_grinding_verify: bitz::sumcheck::boundary: close time.busy=902ns time.idle=90.0ns
2026-10-07T19:22:29.466383Z  INFO falcon_algebraic:verify:spartan:round_grinding_verify: bitz::sumcheck::boundary: close time.busy=842ns time.idle=90.0ns
2026-10-07T19:22:29.466387Z  INFO falcon_algebraic:verify:spartan:round_grinding_verify: bitz::sumcheck::boundary: close time.busy=822ns time.idle=110ns
2026-10-07T19:22:29.466391Z  INFO falcon_algebraic:verify:spartan:round_grinding_verify: bitz::sumcheck::boundary: close time.busy=892ns time.idle=120ns
2026-10-07T19:22:29.466394Z  INFO falcon_algebraic:verify:spartan:round_grinding_verify: bitz::sumcheck::boundary: close time.busy=892ns time.idle=90.0ns
2026-10-07T19:22:29.466398Z  INFO falcon_algebraic:verify:spartan:round_grinding_verify: bitz::sumcheck::boundary: close time.busy=932ns time.idle=100ns
2026-10-07T19:22:29.466402Z  INFO falcon_algebraic:verify:spartan:round_grinding_verify: bitz::sumcheck::boundary: close time.busy=1.19µs time.idle=130ns
2026-10-07T19:22:29.466406Z  INFO falcon_algebraic:verify:spartan:round_grinding_verify: bitz::sumcheck::boundary: close time.busy=792ns time.idle=90.0ns
2026-10-07T19:22:29.466409Z  INFO falcon_algebraic:verify:spartan:round_grinding_verify: bitz::sumcheck::boundary: close time.busy=831ns time.idle=120ns
2026-10-07T19:22:29.466413Z  INFO falcon_algebraic:verify:spartan:round_grinding_verify: bitz::sumcheck::boundary: close time.busy=912ns time.idle=110ns
2026-10-07T19:22:29.466416Z  INFO falcon_algebraic:verify:spartan:round_grinding_verify: bitz::sumcheck::boundary: close time.busy=862ns time.idle=110ns
2026-10-07T19:22:29.466420Z  INFO falcon_algebraic:verify:spartan:round_grinding_verify: bitz::sumcheck::boundary: close time.busy=932ns time.idle=110ns
2026-10-07T19:22:29.466424Z  INFO falcon_algebraic:verify:spartan:round_grinding_verify: bitz::sumcheck::boundary: close time.busy=892ns time.idle=100ns
2026-10-07T19:22:29.466428Z  INFO falcon_algebraic:verify:spartan:round_grinding_verify: bitz::sumcheck::boundary: close time.busy=862ns time.idle=120ns
2026-10-07T19:22:29.466432Z  INFO falcon_algebraic:verify:spartan:round_grinding_verify: bitz::sumcheck::boundary: close time.busy=932ns time.idle=110ns
2026-10-07T19:22:29.466436Z  INFO falcon_algebraic:verify:spartan:round_grinding_verify: bitz::sumcheck::boundary: close time.busy=932ns time.idle=110ns
2026-10-07T19:22:29.466440Z  INFO falcon_algebraic:verify:spartan:round_grinding_verify: bitz::sumcheck::boundary: close time.busy=1.03µs time.idle=100ns
2026-10-07T19:22:29.466444Z  INFO falcon_algebraic:verify:spartan:round_grinding_verify: bitz::sumcheck::boundary: close time.busy=1.00µs time.idle=110ns
2026-10-07T19:22:29.466449Z  INFO falcon_algebraic:verify:spartan:round_grinding_verify: bitz::sumcheck::boundary: close time.busy=612ns time.idle=110ns
2026-10-07T19:22:29.485431Z  INFO falcon_algebraic:verify:spartan:round_grinding_verify: bitz::sumcheck::boundary: close time.busy=1.79µs time.idle=220ns
2026-10-07T19:22:29.485438Z  INFO falcon_algebraic:verify:spartan:round_grinding_verify: bitz::sumcheck::boundary: close time.busy=711ns time.idle=111ns
2026-10-07T19:22:29.485441Z  INFO falcon_algebraic:verify:spartan:round_grinding_verify: bitz::sumcheck::boundary: close time.busy=731ns time.idle=111ns
2026-10-07T19:22:29.485444Z  INFO falcon_algebraic:verify:spartan:round_grinding_verify: bitz::sumcheck::boundary: close time.busy=781ns time.idle=110ns
2026-10-07T19:22:29.485447Z  INFO falcon_algebraic:verify:spartan:round_grinding_verify: bitz::sumcheck::boundary: close time.busy=871ns time.idle=110ns
2026-10-07T19:22:29.485450Z  INFO falcon_algebraic:verify:spartan:round_grinding_verify: bitz::sumcheck::boundary: close time.busy=712ns time.idle=110ns
2026-10-07T19:22:29.485454Z  INFO falcon_algebraic:verify:spartan:round_grinding_verify: bitz::sumcheck::boundary: close time.busy=791ns time.idle=110ns
2026-10-07T19:22:29.485457Z  INFO falcon_algebraic:verify:spartan:round_grinding_verify: bitz::sumcheck::boundary: close time.busy=802ns time.idle=100ns
2026-10-07T19:22:29.485460Z  INFO falcon_algebraic:verify:spartan:round_grinding_verify: bitz::sumcheck::boundary: close time.busy=782ns time.idle=110ns
2026-10-07T19:22:29.485464Z  INFO falcon_algebraic:verify:spartan:round_grinding_verify: bitz::sumcheck::boundary: close time.busy=792ns time.idle=110ns
2026-10-07T19:22:29.485467Z  INFO falcon_algebraic:verify:spartan:round_grinding_verify: bitz::sumcheck::boundary: close time.busy=852ns time.idle=100ns
2026-10-07T19:22:29.485470Z  INFO falcon_algebraic:verify:spartan:round_grinding_verify: bitz::sumcheck::boundary: close time.busy=962ns time.idle=140ns
2026-10-07T19:22:29.485473Z  INFO falcon_algebraic:verify:spartan:round_grinding_verify: bitz::sumcheck::boundary: close time.busy=732ns time.idle=110ns
2026-10-07T19:22:29.485476Z  INFO falcon_algebraic:verify:spartan:round_grinding_verify: bitz::sumcheck::boundary: close time.busy=802ns time.idle=90.0ns
2026-10-07T19:22:29.485479Z  INFO falcon_algebraic:verify:spartan:round_grinding_verify: bitz::sumcheck::boundary: close time.busy=762ns time.idle=110ns
2026-10-07T19:22:29.485482Z  INFO falcon_algebraic:verify:spartan:round_grinding_verify: bitz::sumcheck::boundary: close time.busy=721ns time.idle=130ns
2026-10-07T19:22:29.485485Z  INFO falcon_algebraic:verify:spartan:round_grinding_verify: bitz::sumcheck::boundary: close time.busy=721ns time.idle=110ns
2026-10-07T19:22:29.485488Z  INFO falcon_algebraic:verify:spartan:round_grinding_verify: bitz::sumcheck::boundary: close time.busy=812ns time.idle=100ns
2026-10-07T19:22:29.485492Z  INFO falcon_algebraic:verify:spartan:round_grinding_verify: bitz::sumcheck::boundary: close time.busy=902ns time.idle=100ns
2026-10-07T19:22:29.485495Z  INFO falcon_algebraic:verify:spartan:round_grinding_verify: bitz::sumcheck::boundary: close time.busy=742ns time.idle=120ns
2026-10-07T19:22:29.485498Z  INFO falcon_algebraic:verify:spartan:round_grinding_verify: bitz::sumcheck::boundary: close time.busy=801ns time.idle=101ns
2026-10-07T19:22:29.485502Z  INFO falcon_algebraic:verify:spartan:round_grinding_verify: bitz::sumcheck::boundary: close time.busy=862ns time.idle=110ns
2026-10-07T19:22:29.485505Z  INFO falcon_algebraic:verify:spartan:round_grinding_verify: bitz::sumcheck::boundary: close time.busy=872ns time.idle=110ns
2026-10-07T19:22:29.485508Z  INFO falcon_algebraic:verify:spartan:round_grinding_verify: bitz::sumcheck::boundary: close time.busy=902ns time.idle=110ns
2026-10-07T19:22:29.485512Z  INFO falcon_algebraic:verify:spartan:round_grinding_verify: bitz::sumcheck::boundary: close time.busy=972ns time.idle=110ns
2026-10-07T19:22:29.499090Z  INFO falcon_algebraic:verify:spartan:round_grinding_verify: bitz::sumcheck::boundary: close time.busy=1.38µs time.idle=191ns
2026-10-07T19:22:29.499094Z  INFO falcon_algebraic:verify:spartan:round_grinding_verify: bitz::sumcheck::boundary: close time.busy=961ns time.idle=111ns
2026-10-07T19:22:29.499097Z  INFO falcon_algebraic:verify:spartan:round_grinding_verify: bitz::sumcheck::boundary: close time.busy=952ns time.idle=110ns
2026-10-07T19:22:29.499100Z  INFO falcon_algebraic:verify:spartan:round_grinding_verify: bitz::sumcheck::boundary: close time.busy=1.17µs time.idle=111ns
2026-10-07T19:22:29.499103Z  INFO falcon_algebraic:verify:spartan:round_grinding_verify: bitz::sumcheck::boundary: close time.busy=952ns time.idle=110ns
2026-10-07T19:22:29.499105Z  INFO falcon_algebraic:verify:spartan:round_grinding_verify: bitz::sumcheck::boundary: close time.busy=932ns time.idle=120ns
2026-10-07T19:22:29.499108Z  INFO falcon_algebraic:verify:spartan:round_grinding_verify: bitz::sumcheck::boundary: close time.busy=962ns time.idle=100ns
2026-10-07T19:22:29.499110Z  INFO falcon_algebraic:verify:spartan:round_grinding_verify: bitz::sumcheck::boundary: close time.busy=1.00µs time.idle=100ns
2026-10-07T19:22:29.499114Z  INFO falcon_algebraic:verify:spartan:round_grinding_verify: bitz::sumcheck::boundary: close time.busy=1.00µs time.idle=100ns
2026-10-07T19:22:29.499117Z  INFO falcon_algebraic:verify:spartan:round_grinding_verify: bitz::sumcheck::boundary: close time.busy=1.01µs time.idle=110ns
2026-10-07T19:22:29.499119Z  INFO falcon_algebraic:verify:spartan:round_grinding_verify: bitz::sumcheck::boundary: close time.busy=982ns time.idle=100ns
2026-10-07T19:22:29.499122Z  INFO falcon_algebraic:verify:spartan:round_grinding_verify: bitz::sumcheck::boundary: close time.busy=962ns time.idle=100ns
2026-10-07T19:22:29.499125Z  INFO falcon_algebraic:verify:spartan:round_grinding_verify: bitz::sumcheck::boundary: close time.busy=1.00µs time.idle=122ns
2026-10-07T19:22:29.499128Z  INFO falcon_algebraic:verify:spartan:round_grinding_verify: bitz::sumcheck::boundary: close time.busy=1.10µs time.idle=100ns
2026-10-07T19:22:29.499131Z  INFO falcon_algebraic:verify:spartan:round_grinding_verify: bitz::sumcheck::boundary: close time.busy=1.08µs time.idle=120ns
2026-10-07T19:22:29.499133Z  INFO falcon_algebraic:verify:spartan:round_grinding_verify: bitz::sumcheck::boundary: close time.busy=1.09µs time.idle=111ns
2026-10-07T19:22:29.499136Z  INFO falcon_algebraic:verify:spartan:round_grinding_verify: bitz::sumcheck::boundary: close time.busy=1.16µs time.idle=100ns
2026-10-07T19:22:29.499139Z  INFO falcon_algebraic:verify:spartan:round_grinding_verify: bitz::sumcheck::boundary: close time.busy=861ns time.idle=101ns
2026-10-07T19:22:29.499141Z  INFO falcon_algebraic:verify:spartan:round_grinding_verify: bitz::sumcheck::boundary: close time.busy=872ns time.idle=110ns
2026-10-07T19:22:29.499144Z  INFO falcon_algebraic:verify:spartan:round_grinding_verify: bitz::sumcheck::boundary: close time.busy=902ns time.idle=100ns
2026-10-07T19:22:29.499146Z  INFO falcon_algebraic:verify:spartan:round_grinding_verify: bitz::sumcheck::boundary: close time.busy=872ns time.idle=110ns
2026-10-07T19:22:29.499149Z  INFO falcon_algebraic:verify:spartan:round_grinding_verify: bitz::sumcheck::boundary: close time.busy=942ns time.idle=110ns
2026-10-07T19:22:29.499151Z  INFO falcon_algebraic:verify:spartan:round_grinding_verify: bitz::sumcheck::boundary: close time.busy=1.04µs time.idle=110ns
2026-10-07T19:22:29.499154Z  INFO falcon_algebraic:verify:spartan:round_grinding_verify: bitz::sumcheck::boundary: close time.busy=931ns time.idle=90.0ns
2026-10-07T19:22:29.499156Z  INFO falcon_algebraic:verify:spartan:round_grinding_verify: bitz::sumcheck::boundary: close time.busy=952ns time.idle=110ns
2026-10-07T19:22:29.499159Z  INFO falcon_algebraic:verify:spartan:round_grinding_verify: bitz::sumcheck::boundary: close time.busy=952ns time.idle=110ns
2026-10-07T19:22:29.503626Z  INFO falcon_algebraic:verify: bitz::piop::spartan::falcon1024_algebraic::protocol: close time.busy=113ms time.idle=290ns
2026-10-07T19:22:29.600209Z  INFO falcon_algebraic:commit:falcon_algebraic:witness: bitz::piop::spartan::falcon1024_algebraic::protocol: close time.busy=96.0ms time.idle=190ns
2026-10-07T19:22:29.660446Z  INFO falcon_algebraic:commit:shared_source:encode: bitz::hybrid::opening: close time.busy=3.32ms time.idle=391ns
2026-10-07T19:22:29.662397Z  INFO falcon_algebraic:commit:shared_source:merkle: bitz::hybrid::opening: close time.busy=1.95ms time.idle=140ns
2026-10-07T19:22:29.662399Z  INFO falcon_algebraic:commit: bitz::piop::spartan::falcon1024_algebraic::protocol: close time.busy=158ms time.idle=230ns
2026-10-07T19:22:29.701842Z  INFO falcon_algebraic:prove:falcon_algebraic:ring:falcon_algebraic_ring:prove:falcon_algebraic_ring:coordinates: bitz::piop::spartan::falcon1024_algebraic::ring: close time.busy=22.2ms time.idle=331ns
2026-10-07T19:22:29.703490Z  INFO falcon_algebraic:prove:falcon_algebraic:ring:falcon_algebraic_ring:prove:spartan:grinding{bits=11}: bitz::piop::spartan::grinding: close time.busy=5.76µs time.idle=180ns
2026-10-07T19:22:29.741077Z  INFO falcon_algebraic:prove:falcon_algebraic:ring:falcon_algebraic_ring:prove:falcon_algebraic_ring:collapse: bitz::piop::spartan::falcon1024_algebraic::ring: close time.busy=37.6ms time.idle=141ns
2026-10-07T19:22:29.741081Z  INFO falcon_algebraic:prove:falcon_algebraic:ring:falcon_algebraic_ring:prove: bitz::piop::spartan::falcon1024_algebraic::ring: close time.busy=63.3ms time.idle=230ns
2026-10-07T19:22:29.741082Z  INFO falcon_algebraic:prove:falcon_algebraic:ring: bitz::piop::spartan::falcon1024_algebraic::protocol: close time.busy=63.3ms time.idle=200ns
2026-10-07T19:22:29.741088Z  INFO falcon_algebraic:prove:falcon_algebraic:arithmetic:falcon_algebraic:norm:spartan:grinding{bits=11}: bitz::piop::spartan::grinding: close time.busy=1.76µs time.idle=160ns
2026-10-07T19:22:29.800241Z  INFO falcon_algebraic:prove:falcon_algebraic:arithmetic:falcon_algebraic:norm:spartan:round_grinding_prove:spartan:grinding{bits=14}: bitz::piop::spartan::grinding: close time.busy=66.3µs time.idle=280ns
2026-10-07T19:22:29.800247Z  INFO falcon_algebraic:prove:falcon_algebraic:arithmetic:falcon_algebraic:norm:spartan:round_grinding_prove: bitz::sumcheck::boundary: close time.busy=74.0µs time.idle=201ns
2026-10-07T19:22:29.821890Z  INFO falcon_algebraic:prove:falcon_algebraic:arithmetic:falcon_algebraic:norm:spartan:round_grinding_prove:spartan:grinding{bits=14}: bitz::piop::spartan::grinding: close time.busy=156µs time.idle=600ns
2026-10-07T19:22:29.821896Z  INFO falcon_algebraic:prove:falcon_algebraic:arithmetic:falcon_algebraic:norm:spartan:round_grinding_prove: bitz::sumcheck::boundary: close time.busy=165µs time.idle=181ns
2026-10-07T19:22:29.832184Z  INFO falcon_algebraic:prove:falcon_algebraic:arithmetic:falcon_algebraic:norm:spartan:round_grinding_prove:spartan:grinding{bits=14}: bitz::piop::spartan::grinding: close time.busy=32.0µs time.idle=230ns
2026-10-07T19:22:29.832188Z  INFO falcon_algebraic:prove:falcon_algebraic:arithmetic:falcon_algebraic:norm:spartan:round_grinding_prove: bitz::sumcheck::boundary: close time.busy=38.8µs time.idle=220ns
2026-10-07T19:22:29.837396Z  INFO falcon_algebraic:prove:falcon_algebraic:arithmetic:falcon_algebraic:norm:spartan:round_grinding_prove:spartan:grinding{bits=14}: bitz::piop::spartan::grinding: close time.busy=177µs time.idle=131ns
2026-10-07T19:22:29.837398Z  INFO falcon_algebraic:prove:falcon_algebraic:arithmetic:falcon_algebraic:norm:spartan:round_grinding_prove: bitz::sumcheck::boundary: close time.busy=180µs time.idle=110ns
2026-10-07T19:22:29.839910Z  INFO falcon_algebraic:prove:falcon_algebraic:arithmetic:falcon_algebraic:norm:spartan:round_grinding_prove:spartan:grinding{bits=14}: bitz::piop::spartan::grinding: close time.busy=6.45µs time.idle=121ns
2026-10-07T19:22:29.839912Z  INFO falcon_algebraic:prove:falcon_algebraic:arithmetic:falcon_algebraic:norm:spartan:round_grinding_prove: bitz::sumcheck::boundary: close time.busy=9.03µs time.idle=111ns
2026-10-07T19:22:29.841261Z  INFO falcon_algebraic:prove:falcon_algebraic:arithmetic:falcon_algebraic:norm:spartan:round_grinding_prove:spartan:grinding{bits=14}: bitz::piop::spartan::grinding: close time.busy=90.5µs time.idle=131ns
2026-10-07T19:22:29.841263Z  INFO falcon_algebraic:prove:falcon_algebraic:arithmetic:falcon_algebraic:norm:spartan:round_grinding_prove: bitz::sumcheck::boundary: close time.busy=92.8µs time.idle=110ns
2026-10-07T19:22:29.842030Z  INFO falcon_algebraic:prove:falcon_algebraic:arithmetic:falcon_algebraic:norm:spartan:round_grinding_prove:spartan:grinding{bits=14}: bitz::piop::spartan::grinding: close time.busy=138µs time.idle=110ns
2026-10-07T19:22:29.842031Z  INFO falcon_algebraic:prove:falcon_algebraic:arithmetic:falcon_algebraic:norm:spartan:round_grinding_prove: bitz::sumcheck::boundary: close time.busy=140µs time.idle=110ns
2026-10-07T19:22:29.842615Z  INFO falcon_algebraic:prove:falcon_algebraic:arithmetic:falcon_algebraic:norm:spartan:round_grinding_prove:spartan:grinding{bits=14}: bitz::piop::spartan::grinding: close time.busy=262µs time.idle=120ns
2026-10-07T19:22:29.842619Z  INFO falcon_algebraic:prove:falcon_algebraic:arithmetic:falcon_algebraic:norm:spartan:round_grinding_prove: bitz::sumcheck::boundary: close time.busy=267µs time.idle=161ns
2026-10-07T19:22:29.842827Z  INFO falcon_algebraic:prove:falcon_algebraic:arithmetic:falcon_algebraic:norm:spartan:round_grinding_prove:spartan:grinding{bits=14}: bitz::piop::spartan::grinding: close time.busy=45.1µs time.idle=120ns
2026-10-07T19:22:29.842828Z  INFO falcon_algebraic:prove:falcon_algebraic:arithmetic:falcon_algebraic:norm:spartan:round_grinding_prove: bitz::sumcheck::boundary: close time.busy=47.3µs time.idle=121ns
2026-10-07T19:22:29.842995Z  INFO falcon_algebraic:prove:falcon_algebraic:arithmetic:falcon_algebraic:norm:spartan:round_grinding_prove:spartan:grinding{bits=14}: bitz::piop::spartan::grinding: close time.busy=81.3µs time.idle=121ns
2026-10-07T19:22:29.842997Z  INFO falcon_algebraic:prove:falcon_algebraic:arithmetic:falcon_algebraic:norm:spartan:round_grinding_prove: bitz::sumcheck::boundary: close time.busy=83.3µs time.idle=110ns
2026-10-07T19:22:29.843063Z  INFO falcon_algebraic:prove:falcon_algebraic:arithmetic:falcon_algebraic:norm:spartan:round_grinding_prove:spartan:grinding{bits=14}: bitz::piop::spartan::grinding: close time.busy=18.7µs time.idle=110ns
2026-10-07T19:22:29.843064Z  INFO falcon_algebraic:prove:falcon_algebraic:arithmetic:falcon_algebraic:norm:spartan:round_grinding_prove: bitz::sumcheck::boundary: close time.busy=20.9µs time.idle=110ns
2026-10-07T19:22:29.843111Z  INFO falcon_algebraic:prove:falcon_algebraic:arithmetic:falcon_algebraic:norm:spartan:round_grinding_prove:spartan:grinding{bits=14}: bitz::piop::spartan::grinding: close time.busy=20.3µs time.idle=110ns
2026-10-07T19:22:29.843112Z  INFO falcon_algebraic:prove:falcon_algebraic:arithmetic:falcon_algebraic:norm:spartan:round_grinding_prove: bitz::sumcheck::boundary: close time.busy=22.3µs time.idle=110ns
2026-10-07T19:22:29.843171Z  INFO falcon_algebraic:prove:falcon_algebraic:arithmetic:falcon_algebraic:norm:spartan:round_grinding_prove:spartan:grinding{bits=14}: bitz::piop::spartan::grinding: close time.busy=41.7µs time.idle=111ns
2026-10-07T19:22:29.843172Z  INFO falcon_algebraic:prove:falcon_algebraic:arithmetic:falcon_algebraic:norm:spartan:round_grinding_prove: bitz::sumcheck::boundary: close time.busy=43.9µs time.idle=110ns
2026-10-07T19:22:29.843222Z  INFO falcon_algebraic:prove:falcon_algebraic:arithmetic:falcon_algebraic:norm:spartan:round_grinding_prove:spartan:grinding{bits=14}: bitz::piop::spartan::grinding: close time.busy=37.3µs time.idle=120ns
2026-10-07T19:22:29.843223Z  INFO falcon_algebraic:prove:falcon_algebraic:arithmetic:falcon_algebraic:norm:spartan:round_grinding_prove: bitz::sumcheck::boundary: close time.busy=39.3µs time.idle=110ns
2026-10-07T19:22:29.843281Z  INFO falcon_algebraic:prove:falcon_algebraic:arithmetic:falcon_algebraic:norm:spartan:round_grinding_prove:spartan:grinding{bits=14}: bitz::piop::spartan::grinding: close time.busy=47.3µs time.idle=120ns
2026-10-07T19:22:29.843282Z  INFO falcon_algebraic:prove:falcon_algebraic:arithmetic:falcon_algebraic:norm:spartan:round_grinding_prove: bitz::sumcheck::boundary: close time.busy=49.4µs time.idle=110ns
2026-10-07T19:22:29.843333Z  INFO falcon_algebraic:prove:falcon_algebraic:arithmetic:falcon_algebraic:norm:spartan:round_grinding_prove:spartan:grinding{bits=14}: bitz::piop::spartan::grinding: close time.busy=42.0µs time.idle=111ns
2026-10-07T19:22:29.843334Z  INFO falcon_algebraic:prove:falcon_algebraic:arithmetic:falcon_algebraic:norm:spartan:round_grinding_prove: bitz::sumcheck::boundary: close time.busy=44.1µs time.idle=110ns
2026-10-07T19:22:29.843365Z  INFO falcon_algebraic:prove:falcon_algebraic:arithmetic:falcon_algebraic:norm:spartan:round_grinding_prove:spartan:grinding{bits=14}: bitz::piop::spartan::grinding: close time.busy=22.9µs time.idle=110ns
2026-10-07T19:22:29.843367Z  INFO falcon_algebraic:prove:falcon_algebraic:arithmetic:falcon_algebraic:norm:spartan:round_grinding_prove: bitz::sumcheck::boundary: close time.busy=25.1µs time.idle=110ns
2026-10-07T19:22:29.843391Z  INFO falcon_algebraic:prove:falcon_algebraic:arithmetic:falcon_algebraic:norm:spartan:round_grinding_prove:spartan:grinding{bits=14}: bitz::piop::spartan::grinding: close time.busy=16.0µs time.idle=120ns
2026-10-07T19:22:29.843392Z  INFO falcon_algebraic:prove:falcon_algebraic:arithmetic:falcon_algebraic:norm:spartan:round_grinding_prove: bitz::sumcheck::boundary: close time.busy=18.3µs time.idle=110ns
2026-10-07T19:22:29.843460Z  INFO falcon_algebraic:prove:falcon_algebraic:arithmetic:falcon_algebraic:norm:spartan:round_grinding_prove:spartan:grinding{bits=14}: bitz::piop::spartan::grinding: close time.busy=60.1µs time.idle=110ns
2026-10-07T19:22:29.843461Z  INFO falcon_algebraic:prove:falcon_algebraic:arithmetic:falcon_algebraic:norm:spartan:round_grinding_prove: bitz::sumcheck::boundary: close time.busy=62.2µs time.idle=110ns
2026-10-07T19:22:29.843477Z  INFO falcon_algebraic:prove:falcon_algebraic:arithmetic:falcon_algebraic:norm:spartan:round_grinding_prove:spartan:grinding{bits=14}: bitz::piop::spartan::grinding: close time.busy=6.86µs time.idle=110ns
2026-10-07T19:22:29.843479Z  INFO falcon_algebraic:prove:falcon_algebraic:arithmetic:falcon_algebraic:norm:spartan:round_grinding_prove: bitz::sumcheck::boundary: close time.busy=8.62µs time.idle=120ns
2026-10-07T19:22:29.843487Z  INFO falcon_algebraic:prove:falcon_algebraic:arithmetic:falcon_algebraic:norm: bitz::piop::spartan::falcon1024_algebraic::arithmetic: close time.busy=102ms time.idle=240ns
2026-10-07T19:22:29.843490Z  INFO falcon_algebraic:prove:falcon_algebraic:arithmetic:falcon_algebraic:binding:spartan:grinding{bits=10}: bitz::piop::spartan::grinding: close time.busy=231ns time.idle=120ns
2026-10-07T19:22:29.907195Z  INFO falcon_algebraic:prove:falcon_algebraic:arithmetic:falcon_algebraic:binding:inner_packed:prefix_accumulators: bitz::sumcheck::inner::packed::state: close time.busy=45.9ms time.idle=371ns
2026-10-07T19:22:29.907246Z  INFO falcon_algebraic:prove:falcon_algebraic:arithmetic:falcon_algebraic:binding:spartan:round_grinding_prove:spartan:grinding{bits=13}: bitz::piop::spartan::grinding: close time.busy=41.1µs time.idle=220ns
2026-10-07T19:22:29.907248Z  INFO falcon_algebraic:prove:falcon_algebraic:arithmetic:falcon_algebraic:binding:spartan:round_grinding_prove: bitz::sumcheck::boundary: close time.busy=44.0µs time.idle=210ns
2026-10-07T19:22:29.907261Z  INFO falcon_algebraic:prove:falcon_algebraic:arithmetic:falcon_algebraic:binding:spartan:round_grinding_prove:spartan:grinding{bits=13}: bitz::piop::spartan::grinding: close time.busy=7.86µs time.idle=110ns
2026-10-07T19:22:29.907263Z  INFO falcon_algebraic:prove:falcon_algebraic:arithmetic:falcon_algebraic:binding:spartan:round_grinding_prove: bitz::sumcheck::boundary: close time.busy=10.3µs time.idle=120ns
2026-10-07T19:22:29.907326Z  INFO falcon_algebraic:prove:falcon_algebraic:arithmetic:falcon_algebraic:binding:spartan:round_grinding_prove:spartan:grinding{bits=13}: bitz::piop::spartan::grinding: close time.busy=60.3µs time.idle=111ns
2026-10-07T19:22:29.907328Z  INFO falcon_algebraic:prove:falcon_algebraic:arithmetic:falcon_algebraic:binding:spartan:round_grinding_prove: bitz::sumcheck::boundary: close time.busy=62.3µs time.idle=110ns
2026-10-07T19:22:29.990448Z  INFO falcon_algebraic:prove:falcon_algebraic:arithmetic:falcon_algebraic:binding:inner_packed:prepare_tail: bitz::sumcheck::inner::packed::state: close time.busy=83.1ms time.idle=551ns
2026-10-07T19:22:29.990485Z  INFO falcon_algebraic:prove:falcon_algebraic:arithmetic:falcon_algebraic:binding:spartan:round_grinding_prove:spartan:grinding{bits=13}: bitz::piop::spartan::grinding: close time.busy=28.4µs time.idle=120ns
2026-10-07T19:22:29.990487Z  INFO falcon_algebraic:prove:falcon_algebraic:arithmetic:falcon_algebraic:binding:spartan:round_grinding_prove: bitz::sumcheck::boundary: close time.busy=31.5µs time.idle=181ns
2026-10-07T19:22:30.036686Z  INFO falcon_algebraic:prove:falcon_algebraic:arithmetic:falcon_algebraic:binding:inner_packed:fold_tail{round=3}: bitz::sumcheck::inner::packed::state: close time.busy=46.2ms time.idle=190ns
2026-10-07T19:22:30.036701Z  INFO falcon_algebraic:prove:falcon_algebraic:arithmetic:falcon_algebraic:binding:spartan:round_grinding_prove:spartan:grinding{bits=13}: bitz::piop::spartan::grinding: close time.busy=4.99µs time.idle=130ns
2026-10-07T19:22:30.036703Z  INFO falcon_algebraic:prove:falcon_algebraic:arithmetic:falcon_algebraic:binding:spartan:round_grinding_prove: bitz::sumcheck::boundary: close time.busy=8.14µs time.idle=250ns
2026-10-07T19:22:30.056421Z  INFO falcon_algebraic:prove:falcon_algebraic:arithmetic:falcon_algebraic:binding:inner_packed:fold_tail{round=4}: bitz::sumcheck::inner::packed::state: close time.busy=19.7ms time.idle=160ns
2026-10-07T19:22:30.056431Z  INFO falcon_algebraic:prove:falcon_algebraic:arithmetic:falcon_algebraic:binding:spartan:round_grinding_prove:spartan:grinding{bits=13}: bitz::piop::spartan::grinding: close time.busy=6.18µs time.idle=120ns
2026-10-07T19:22:30.056432Z  INFO falcon_algebraic:prove:falcon_algebraic:arithmetic:falcon_algebraic:binding:spartan:round_grinding_prove: bitz::sumcheck::boundary: close time.busy=8.30µs time.idle=161ns
2026-10-07T19:22:30.066303Z  INFO falcon_algebraic:prove:falcon_algebraic:arithmetic:falcon_algebraic:binding:inner_packed:fold_tail{round=5}: bitz::sumcheck::inner::packed::state: close time.busy=9.87ms time.idle=110ns
2026-10-07T19:22:30.066319Z  INFO falcon_algebraic:prove:falcon_algebraic:arithmetic:falcon_algebraic:binding:spartan:round_grinding_prove:spartan:grinding{bits=13}: bitz::piop::spartan::grinding: close time.busy=13.8µs time.idle=121ns
2026-10-07T19:22:30.066321Z  INFO falcon_algebraic:prove:falcon_algebraic:arithmetic:falcon_algebraic:binding:spartan:round_grinding_prove: bitz::sumcheck::boundary: close time.busy=16.0µs time.idle=110ns
2026-10-07T19:22:30.072480Z  INFO falcon_algebraic:prove:falcon_algebraic:arithmetic:falcon_algebraic:binding:inner_packed:fold_tail{round=6}: bitz::sumcheck::inner::packed::state: close time.busy=6.16ms time.idle=130ns
2026-10-07T19:22:30.072544Z  INFO falcon_algebraic:prove:falcon_algebraic:arithmetic:falcon_algebraic:binding:spartan:round_grinding_prove:spartan:grinding{bits=13}: bitz::piop::spartan::grinding: close time.busy=60.2µs time.idle=120ns
2026-10-07T19:22:30.072545Z  INFO falcon_algebraic:prove:falcon_algebraic:arithmetic:falcon_algebraic:binding:spartan:round_grinding_prove: bitz::sumcheck::boundary: close time.busy=62.3µs time.idle=110ns
2026-10-07T19:22:30.075072Z  INFO falcon_algebraic:prove:falcon_algebraic:arithmetic:falcon_algebraic:binding:inner_packed:fold_tail{round=7}: bitz::sumcheck::inner::packed::state: close time.busy=2.52ms time.idle=121ns
2026-10-07T19:22:30.075114Z  INFO falcon_algebraic:prove:falcon_algebraic:arithmetic:falcon_algebraic:binding:spartan:round_grinding_prove:spartan:grinding{bits=13}: bitz::piop::spartan::grinding: close time.busy=38.8µs time.idle=120ns
2026-10-07T19:22:30.075115Z  INFO falcon_algebraic:prove:falcon_algebraic:arithmetic:falcon_algebraic:binding:spartan:round_grinding_prove: bitz::sumcheck::boundary: close time.busy=41.0µs time.idle=110ns
2026-10-07T19:22:30.076403Z  INFO falcon_algebraic:prove:falcon_algebraic:arithmetic:falcon_algebraic:binding:inner_packed:fold_tail{round=8}: bitz::sumcheck::inner::packed::state: close time.busy=1.29ms time.idle=150ns
2026-10-07T19:22:30.076412Z  INFO falcon_algebraic:prove:falcon_algebraic:arithmetic:falcon_algebraic:binding:spartan:round_grinding_prove:spartan:grinding{bits=13}: bitz::piop::spartan::grinding: close time.busy=5.28µs time.idle=130ns
2026-10-07T19:22:30.076413Z  INFO falcon_algebraic:prove:falcon_algebraic:arithmetic:falcon_algebraic:binding:spartan:round_grinding_prove: bitz::sumcheck::boundary: close time.busy=7.33µs time.idle=110ns
2026-10-07T19:22:30.077081Z  INFO falcon_algebraic:prove:falcon_algebraic:arithmetic:falcon_algebraic:binding:inner_packed:fold_tail{round=9}: bitz::sumcheck::inner::packed::state: close time.busy=666µs time.idle=130ns
2026-10-07T19:22:30.077135Z  INFO falcon_algebraic:prove:falcon_algebraic:arithmetic:falcon_algebraic:binding:spartan:round_grinding_prove:spartan:grinding{bits=13}: bitz::piop::spartan::grinding: close time.busy=51.3µs time.idle=120ns
2026-10-07T19:22:30.077138Z  INFO falcon_algebraic:prove:falcon_algebraic:arithmetic:falcon_algebraic:binding:spartan:round_grinding_prove: bitz::sumcheck::boundary: close time.busy=55.3µs time.idle=110ns
2026-10-07T19:22:30.077476Z  INFO falcon_algebraic:prove:falcon_algebraic:arithmetic:falcon_algebraic:binding:inner_packed:fold_tail{round=10}: bitz::sumcheck::inner::packed::state: close time.busy=335µs time.idle=120ns
2026-10-07T19:22:30.077514Z  INFO falcon_algebraic:prove:falcon_algebraic:arithmetic:falcon_algebraic:binding:spartan:round_grinding_prove:spartan:grinding{bits=13}: bitz::piop::spartan::grinding: close time.busy=36.0µs time.idle=121ns
2026-10-07T19:22:30.077516Z  INFO falcon_algebraic:prove:falcon_algebraic:arithmetic:falcon_algebraic:binding:spartan:round_grinding_prove: bitz::sumcheck::boundary: close time.busy=38.3µs time.idle=110ns
2026-10-07T19:22:30.077691Z  INFO falcon_algebraic:prove:falcon_algebraic:arithmetic:falcon_algebraic:binding:inner_packed:fold_tail{round=11}: bitz::sumcheck::inner::packed::state: close time.busy=174µs time.idle=121ns
2026-10-07T19:22:30.077758Z  INFO falcon_algebraic:prove:falcon_algebraic:arithmetic:falcon_algebraic:binding:spartan:round_grinding_prove:spartan:grinding{bits=13}: bitz::piop::spartan::grinding: close time.busy=64.6µs time.idle=121ns
2026-10-07T19:22:30.077760Z  INFO falcon_algebraic:prove:falcon_algebraic:arithmetic:falcon_algebraic:binding:spartan:round_grinding_prove: bitz::sumcheck::boundary: close time.busy=66.5µs time.idle=110ns
2026-10-07T19:22:30.077850Z  INFO falcon_algebraic:prove:falcon_algebraic:arithmetic:falcon_algebraic:binding:inner_packed:fold_tail{round=12}: bitz::sumcheck::inner::packed::state: close time.busy=88.3µs time.idle=110ns
2026-10-07T19:22:30.077862Z  INFO falcon_algebraic:prove:falcon_algebraic:arithmetic:falcon_algebraic:binding:spartan:round_grinding_prove:spartan:grinding{bits=13}: bitz::piop::spartan::grinding: close time.busy=9.18µs time.idle=110ns
2026-10-07T19:22:30.077863Z  INFO falcon_algebraic:prove:falcon_algebraic:arithmetic:falcon_algebraic:binding:spartan:round_grinding_prove: bitz::sumcheck::boundary: close time.busy=11.2µs time.idle=120ns
2026-10-07T19:22:30.077909Z  INFO falcon_algebraic:prove:falcon_algebraic:arithmetic:falcon_algebraic:binding:inner_packed:fold_tail{round=13}: bitz::sumcheck::inner::packed::state: close time.busy=44.4µs time.idle=120ns
2026-10-07T19:22:30.077942Z  INFO falcon_algebraic:prove:falcon_algebraic:arithmetic:falcon_algebraic:binding:spartan:round_grinding_prove:spartan:grinding{bits=13}: bitz::piop::spartan::grinding: close time.busy=30.7µs time.idle=111ns
2026-10-07T19:22:30.077944Z  INFO falcon_algebraic:prove:falcon_algebraic:arithmetic:falcon_algebraic:binding:spartan:round_grinding_prove: bitz::sumcheck::boundary: close time.busy=32.7µs time.idle=110ns
2026-10-07T19:22:30.077968Z  INFO falcon_algebraic:prove:falcon_algebraic:arithmetic:falcon_algebraic:binding:inner_packed:fold_tail{round=14}: bitz::sumcheck::inner::packed::state: close time.busy=22.3µs time.idle=110ns
2026-10-07T19:22:30.078038Z  INFO falcon_algebraic:prove:falcon_algebraic:arithmetic:falcon_algebraic:binding:spartan:round_grinding_prove:spartan:grinding{bits=13}: bitz::piop::spartan::grinding: close time.busy=68.0µs time.idle=110ns
2026-10-07T19:22:30.078040Z  INFO falcon_algebraic:prove:falcon_algebraic:arithmetic:falcon_algebraic:binding:spartan:round_grinding_prove: bitz::sumcheck::boundary: close time.busy=70.0µs time.idle=111ns
2026-10-07T19:22:30.078054Z  INFO falcon_algebraic:prove:falcon_algebraic:arithmetic:falcon_algebraic:binding:inner_packed:fold_tail{round=15}: bitz::sumcheck::inner::packed::state: close time.busy=12.1µs time.idle=120ns
2026-10-07T19:22:30.078205Z  INFO falcon_algebraic:prove:falcon_algebraic:arithmetic:falcon_algebraic:binding:spartan:round_grinding_prove:spartan:grinding{bits=13}: bitz::piop::spartan::grinding: close time.busy=149µs time.idle=111ns
2026-10-07T19:22:30.078207Z  INFO falcon_algebraic:prove:falcon_algebraic:arithmetic:falcon_algebraic:binding:spartan:round_grinding_prove: bitz::sumcheck::boundary: close time.busy=152µs time.idle=130ns
2026-10-07T19:22:30.078215Z  INFO falcon_algebraic:prove:falcon_algebraic:arithmetic:falcon_algebraic:binding:inner_packed:fold_tail{round=16}: bitz::sumcheck::inner::packed::state: close time.busy=5.37µs time.idle=110ns
2026-10-07T19:22:30.078233Z  INFO falcon_algebraic:prove:falcon_algebraic:arithmetic:falcon_algebraic:binding:spartan:round_grinding_prove:spartan:grinding{bits=13}: bitz::piop::spartan::grinding: close time.busy=15.6µs time.idle=121ns
2026-10-07T19:22:30.078234Z  INFO falcon_algebraic:prove:falcon_algebraic:arithmetic:falcon_algebraic:binding:spartan:round_grinding_prove: bitz::sumcheck::boundary: close time.busy=17.7µs time.idle=111ns
2026-10-07T19:22:30.078240Z  INFO falcon_algebraic:prove:falcon_algebraic:arithmetic:falcon_algebraic:binding:inner_packed:fold_tail{round=17}: bitz::sumcheck::inner::packed::state: close time.busy=2.73µs time.idle=111ns
2026-10-07T19:22:30.078248Z  INFO falcon_algebraic:prove:falcon_algebraic:arithmetic:falcon_algebraic:binding:spartan:round_grinding_prove:spartan:grinding{bits=13}: bitz::piop::spartan::grinding: close time.busy=5.73µs time.idle=120ns
2026-10-07T19:22:30.078249Z  INFO falcon_algebraic:prove:falcon_algebraic:arithmetic:falcon_algebraic:binding:spartan:round_grinding_prove: bitz::sumcheck::boundary: close time.busy=7.83µs time.idle=121ns
2026-10-07T19:22:30.078253Z  INFO falcon_algebraic:prove:falcon_algebraic:arithmetic:falcon_algebraic:binding:inner_packed:fold_tail{round=18}: bitz::sumcheck::inner::packed::state: close time.busy=1.41µs time.idle=110ns
2026-10-07T19:22:30.078262Z  INFO falcon_algebraic:prove:falcon_algebraic:arithmetic:falcon_algebraic:binding:spartan:round_grinding_prove:spartan:grinding{bits=13}: bitz::piop::spartan::grinding: close time.busy=6.70µs time.idle=110ns
2026-10-07T19:22:30.078263Z  INFO falcon_algebraic:prove:falcon_algebraic:arithmetic:falcon_algebraic:binding:spartan:round_grinding_prove: bitz::sumcheck::boundary: close time.busy=8.60µs time.idle=110ns
2026-10-07T19:22:30.078266Z  INFO falcon_algebraic:prove:falcon_algebraic:arithmetic:falcon_algebraic:binding:inner_packed:fold_tail{round=19}: bitz::sumcheck::inner::packed::state: close time.busy=771ns time.idle=120ns
2026-10-07T19:22:30.078293Z  INFO falcon_algebraic:prove:falcon_algebraic:arithmetic:falcon_algebraic:binding:spartan:round_grinding_prove:spartan:grinding{bits=13}: bitz::piop::spartan::grinding: close time.busy=25.4µs time.idle=120ns
2026-10-07T19:22:30.078295Z  INFO falcon_algebraic:prove:falcon_algebraic:arithmetic:falcon_algebraic:binding:spartan:round_grinding_prove: bitz::sumcheck::boundary: close time.busy=27.3µs time.idle=110ns
2026-10-07T19:22:30.078297Z  INFO falcon_algebraic:prove:falcon_algebraic:arithmetic:falcon_algebraic:binding:inner_packed:fold_tail{round=20}: bitz::sumcheck::inner::packed::state: close time.busy=451ns time.idle=110ns
2026-10-07T19:22:30.078353Z  INFO falcon_algebraic:prove:falcon_algebraic:arithmetic:falcon_algebraic:binding:spartan:round_grinding_prove:spartan:grinding{bits=13}: bitz::piop::spartan::grinding: close time.busy=53.4µs time.idle=120ns
2026-10-07T19:22:30.078354Z  INFO falcon_algebraic:prove:falcon_algebraic:arithmetic:falcon_algebraic:binding:spartan:round_grinding_prove: bitz::sumcheck::boundary: close time.busy=55.5µs time.idle=111ns
2026-10-07T19:22:30.078357Z  INFO falcon_algebraic:prove:falcon_algebraic:arithmetic:falcon_algebraic:binding:inner_packed:fold_tail{round=21}: bitz::sumcheck::inner::packed::state: close time.busy=270ns time.idle=121ns
2026-10-07T19:22:30.078367Z  INFO falcon_algebraic:prove:falcon_algebraic:arithmetic:falcon_algebraic:binding:spartan:round_grinding_prove:spartan:grinding{bits=13}: bitz::piop::spartan::grinding: close time.busy=8.09µs time.idle=120ns
2026-10-07T19:22:30.078369Z  INFO falcon_algebraic:prove:falcon_algebraic:arithmetic:falcon_algebraic:binding:spartan:round_grinding_prove: bitz::sumcheck::boundary: close time.busy=10.4µs time.idle=110ns
2026-10-07T19:22:30.078372Z  INFO falcon_algebraic:prove:falcon_algebraic:arithmetic:falcon_algebraic:binding:inner_packed:fold_tail{round=22}: bitz::sumcheck::inner::packed::state: close time.busy=180ns time.idle=110ns
2026-10-07T19:22:30.078387Z  INFO falcon_algebraic:prove:falcon_algebraic:arithmetic:falcon_algebraic:binding:spartan:round_grinding_prove:spartan:grinding{bits=13}: bitz::piop::spartan::grinding: close time.busy=12.6µs time.idle=111ns
2026-10-07T19:22:30.078388Z  INFO falcon_algebraic:prove:falcon_algebraic:arithmetic:falcon_algebraic:binding:spartan:round_grinding_prove: bitz::sumcheck::boundary: close time.busy=14.6µs time.idle=110ns
2026-10-07T19:22:30.078390Z  INFO falcon_algebraic:prove:falcon_algebraic:arithmetic:falcon_algebraic:binding:inner_packed:fold_tail{round=23}: bitz::sumcheck::inner::packed::state: close time.busy=120ns time.idle=120ns
2026-10-07T19:22:30.078454Z  INFO falcon_algebraic:prove:falcon_algebraic:arithmetic:falcon_algebraic:binding:spartan:round_grinding_prove:spartan:grinding{bits=13}: bitz::piop::spartan::grinding: close time.busy=61.4µs time.idle=110ns
2026-10-07T19:22:30.078455Z  INFO falcon_algebraic:prove:falcon_algebraic:arithmetic:falcon_algebraic:binding:spartan:round_grinding_prove: bitz::sumcheck::boundary: close time.busy=63.6µs time.idle=111ns
2026-10-07T19:22:30.078458Z  INFO falcon_algebraic:prove:falcon_algebraic:arithmetic:falcon_algebraic:binding:inner_packed:fold_tail{round=24}: bitz::sumcheck::inner::packed::state: close time.busy=281ns time.idle=110ns
2026-10-07T19:22:30.091644Z  INFO falcon_algebraic:prove:falcon_algebraic:arithmetic:falcon_algebraic:binding: bitz::piop::spartan::falcon1024_algebraic::arithmetic: close time.busy=248ms time.idle=130ns
2026-10-07T19:22:30.091648Z  INFO falcon_algebraic:prove:falcon_algebraic:arithmetic: bitz::piop::spartan::falcon1024_algebraic::protocol: close time.busy=351ms time.idle=240ns
2026-10-07T19:22:30.097026Z  INFO falcon_algebraic:prove:falcon_algebraic:bitz:falcon_bridge:integer_folds: bitz::hybrid::integer_bridge: close time.busy=5.33ms time.idle=130ns
2026-10-07T19:22:30.099280Z  INFO falcon_algebraic:prove:falcon_algebraic:bitz:falcon_bridge:column_packing: bitz::hybrid::integer_bridge: close time.busy=1.87ms time.idle=150ns
2026-10-07T19:22:30.099656Z  INFO falcon_algebraic:prove:falcon_algebraic:bitz:falcon_bridge:power_tables: bitz::hybrid::integer_bridge: close time.busy=374µs time.idle=150ns
2026-10-07T19:22:30.099865Z  INFO falcon_algebraic:prove:falcon_algebraic:bitz:spartan:grinding{bits=14}: bitz::piop::spartan::grinding: close time.busy=206µs time.idle=120ns
2026-10-07T19:22:30.116817Z  INFO falcon_algebraic:prove:falcon_algebraic:bitz:falcon_bridge:wfbitz_forest:spartan:grinding{bits=14}: bitz::piop::spartan::grinding: close time.busy=45.9µs time.idle=162ns
2026-10-07T19:22:30.116848Z  INFO falcon_algebraic:prove:falcon_algebraic:bitz:falcon_bridge:wfbitz_forest:spartan:grinding{bits=14}: bitz::piop::spartan::grinding: close time.busy=8.51µs time.idle=120ns
2026-10-07T19:22:30.116902Z  INFO falcon_algebraic:prove:falcon_algebraic:bitz:falcon_bridge:wfbitz_forest:spartan:grinding{bits=14}: bitz::piop::spartan::grinding: close time.busy=45.7µs time.idle=121ns
2026-10-07T19:22:30.116936Z  INFO falcon_algebraic:prove:falcon_algebraic:bitz:falcon_bridge:wfbitz_forest:spartan:grinding{bits=14}: bitz::piop::spartan::grinding: close time.busy=28.2µs time.idle=111ns
2026-10-07T19:22:30.117064Z  INFO falcon_algebraic:prove:falcon_algebraic:bitz:falcon_bridge:wfbitz_forest:spartan:grinding{bits=14}: bitz::piop::spartan::grinding: close time.busy=124µs time.idle=111ns
2026-10-07T19:22:30.117142Z  INFO falcon_algebraic:prove:falcon_algebraic:bitz:falcon_bridge:wfbitz_forest:spartan:grinding{bits=14}: bitz::piop::spartan::grinding: close time.busy=73.9µs time.idle=120ns
2026-10-07T19:22:30.117153Z  INFO falcon_algebraic:prove:falcon_algebraic:bitz:falcon_bridge:wfbitz_forest:spartan:grinding{bits=14}: bitz::piop::spartan::grinding: close time.busy=8.32µs time.idle=110ns
2026-10-07T19:22:30.117170Z  INFO falcon_algebraic:prove:falcon_algebraic:bitz:falcon_bridge:wfbitz_forest:spartan:grinding{bits=14}: bitz::piop::spartan::grinding: close time.busy=12.2µs time.idle=110ns
2026-10-07T19:22:30.117304Z  INFO falcon_algebraic:prove:falcon_algebraic:bitz:falcon_bridge:wfbitz_forest:spartan:grinding{bits=14}: bitz::piop::spartan::grinding: close time.busy=131µs time.idle=120ns
2026-10-07T19:22:30.117430Z  INFO falcon_algebraic:prove:falcon_algebraic:bitz:falcon_bridge:wfbitz_forest:spartan:grinding{bits=14}: bitz::piop::spartan::grinding: close time.busy=124µs time.idle=120ns
2026-10-07T19:22:30.117484Z  INFO falcon_algebraic:prove:falcon_algebraic:bitz:falcon_bridge:wfbitz_forest:spartan:grinding{bits=14}: bitz::piop::spartan::grinding: close time.busy=51.4µs time.idle=110ns
2026-10-07T19:22:30.117511Z  INFO falcon_algebraic:prove:falcon_algebraic:bitz:falcon_bridge:wfbitz_forest:spartan:grinding{bits=14}: bitz::piop::spartan::grinding: close time.busy=24.1µs time.idle=120ns
2026-10-07T19:22:30.117570Z  INFO falcon_algebraic:prove:falcon_algebraic:bitz:falcon_bridge:wfbitz_forest:spartan:grinding{bits=14}: bitz::piop::spartan::grinding: close time.busy=56.4µs time.idle=110ns
2026-10-07T19:22:30.117592Z  INFO falcon_algebraic:prove:falcon_algebraic:bitz:falcon_bridge:wfbitz_forest:spartan:grinding{bits=14}: bitz::piop::spartan::grinding: close time.busy=19.5µs time.idle=112ns
2026-10-07T19:22:30.117641Z  INFO falcon_algebraic:prove:falcon_algebraic:bitz:falcon_bridge:wfbitz_forest:spartan:grinding{bits=14}: bitz::piop::spartan::grinding: close time.busy=21.5µs time.idle=120ns
2026-10-07T19:22:30.117732Z  INFO falcon_algebraic:prove:falcon_algebraic:bitz:falcon_bridge:wfbitz_forest:spartan:grinding{bits=14}: bitz::piop::spartan::grinding: close time.busy=74.7µs time.idle=120ns
2026-10-07T19:22:30.117751Z  INFO falcon_algebraic:prove:falcon_algebraic:bitz:falcon_bridge:wfbitz_forest:spartan:grinding{bits=14}: bitz::piop::spartan::grinding: close time.busy=5.35µs time.idle=120ns
2026-10-07T19:22:30.117817Z  INFO falcon_algebraic:prove:falcon_algebraic:bitz:falcon_bridge:wfbitz_forest:spartan:grinding{bits=14}: bitz::piop::spartan::grinding: close time.busy=58.1µs time.idle=120ns
2026-10-07T19:22:30.117844Z  INFO falcon_algebraic:prove:falcon_algebraic:bitz:falcon_bridge:wfbitz_forest:spartan:grinding{bits=14}: bitz::piop::spartan::grinding: close time.busy=21.4µs time.idle=110ns
2026-10-07T19:22:30.117864Z  INFO falcon_algebraic:prove:falcon_algebraic:bitz:falcon_bridge:wfbitz_forest:spartan:grinding{bits=14}: bitz::piop::spartan::grinding: close time.busy=16.4µs time.idle=130ns
2026-10-07T19:22:30.117879Z  INFO falcon_algebraic:prove:falcon_algebraic:bitz:falcon_bridge:wfbitz_forest:spartan:grinding{bits=14}: bitz::piop::spartan::grinding: close time.busy=11.1µs time.idle=120ns
2026-10-07T19:22:30.117898Z  INFO falcon_algebraic:prove:falcon_algebraic:bitz:falcon_bridge:wfbitz_forest:spartan:grinding{bits=14}: bitz::piop::spartan::grinding: close time.busy=15.5µs time.idle=130ns
2026-10-07T19:22:30.117932Z  INFO falcon_algebraic:prove:falcon_algebraic:bitz:falcon_bridge:wfbitz_forest:spartan:grinding{bits=14}: bitz::piop::spartan::grinding: close time.busy=31.4µs time.idle=120ns
2026-10-07T19:22:30.117942Z  INFO falcon_algebraic:prove:falcon_algebraic:bitz:falcon_bridge:wfbitz_forest:spartan:grinding{bits=14}: bitz::piop::spartan::grinding: close time.busy=7.19µs time.idle=120ns
2026-10-07T19:22:30.117985Z  INFO falcon_algebraic:prove:falcon_algebraic:bitz:falcon_bridge:wfbitz_forest:spartan:grinding{bits=14}: bitz::piop::spartan::grinding: close time.busy=39.8µs time.idle=121ns
2026-10-07T19:22:30.118023Z  INFO falcon_algebraic:prove:falcon_algebraic:bitz:falcon_bridge:wfbitz_forest:spartan:grinding{bits=14}: bitz::piop::spartan::grinding: close time.busy=36.1µs time.idle=120ns
2026-10-07T19:22:30.118049Z  INFO falcon_algebraic:prove:falcon_algebraic:bitz:falcon_bridge:wfbitz_forest:spartan:grinding{bits=14}: bitz::piop::spartan::grinding: close time.busy=23.7µs time.idle=120ns
2026-10-07T19:22:30.118072Z  INFO falcon_algebraic:prove:falcon_algebraic:bitz:falcon_bridge:wfbitz_forest:spartan:grinding{bits=14}: bitz::piop::spartan::grinding: close time.busy=19.4µs time.idle=120ns
2026-10-07T19:22:30.118080Z  INFO falcon_algebraic:prove:falcon_algebraic:bitz:falcon_bridge:wfbitz_forest:spartan:grinding{bits=14}: bitz::piop::spartan::grinding: close time.busy=5.91µs time.idle=121ns
2026-10-07T19:22:30.118142Z  INFO falcon_algebraic:prove:falcon_algebraic:bitz:falcon_bridge:wfbitz_forest:spartan:grinding{bits=14}: bitz::piop::spartan::grinding: close time.busy=22.3µs time.idle=110ns
2026-10-07T19:22:30.118341Z  INFO falcon_algebraic:prove:falcon_algebraic:bitz:falcon_bridge:wfbitz_forest:spartan:grinding{bits=14}: bitz::piop::spartan::grinding: close time.busy=163µs time.idle=121ns
2026-10-07T19:22:30.118389Z  INFO falcon_algebraic:prove:falcon_algebraic:bitz:falcon_bridge:wfbitz_forest:spartan:grinding{bits=14}: bitz::piop::spartan::grinding: close time.busy=35.3µs time.idle=110ns
2026-10-07T19:22:30.118458Z  INFO falcon_algebraic:prove:falcon_algebraic:bitz:falcon_bridge:wfbitz_forest:spartan:grinding{bits=14}: bitz::piop::spartan::grinding: close time.busy=40.1µs time.idle=110ns
2026-10-07T19:22:30.118479Z  INFO falcon_algebraic:prove:falcon_algebraic:bitz:falcon_bridge:wfbitz_forest:spartan:grinding{bits=14}: bitz::piop::spartan::grinding: close time.busy=12.9µs time.idle=120ns
2026-10-07T19:22:30.118572Z  INFO falcon_algebraic:prove:falcon_algebraic:bitz:falcon_bridge:wfbitz_forest:spartan:grinding{bits=14}: bitz::piop::spartan::grinding: close time.busy=88.1µs time.idle=110ns
2026-10-07T19:22:30.118661Z  INFO falcon_algebraic:prove:falcon_algebraic:bitz:falcon_bridge:wfbitz_forest:spartan:grinding{bits=14}: bitz::piop::spartan::grinding: close time.busy=84.4µs time.idle=111ns
2026-10-07T19:22:30.118691Z  INFO falcon_algebraic:prove:falcon_algebraic:bitz:falcon_bridge:wfbitz_forest:spartan:grinding{bits=14}: bitz::piop::spartan::grinding: close time.busy=26.6µs time.idle=120ns
2026-10-07T19:22:30.118813Z  INFO falcon_algebraic:prove:falcon_algebraic:bitz:falcon_bridge:wfbitz_forest:spartan:grinding{bits=14}: bitz::piop::spartan::grinding: close time.busy=119µs time.idle=110ns
2026-10-07T19:22:30.118855Z  INFO falcon_algebraic:prove:falcon_algebraic:bitz:falcon_bridge:wfbitz_forest:spartan:grinding{bits=14}: bitz::piop::spartan::grinding: close time.busy=38.9µs time.idle=111ns
2026-10-07T19:22:30.118948Z  INFO falcon_algebraic:prove:falcon_algebraic:bitz:falcon_bridge:wfbitz_forest:spartan:grinding{bits=14}: bitz::piop::spartan::grinding: close time.busy=90.2µs time.idle=120ns
2026-10-07T19:22:30.118959Z  INFO falcon_algebraic:prove:falcon_algebraic:bitz:falcon_bridge:wfbitz_forest:spartan:grinding{bits=14}: bitz::piop::spartan::grinding: close time.busy=8.54µs time.idle=110ns
2026-10-07T19:22:30.118968Z  INFO falcon_algebraic:prove:falcon_algebraic:bitz:falcon_bridge:wfbitz_forest:spartan:grinding{bits=14}: bitz::piop::spartan::grinding: close time.busy=6.46µs time.idle=111ns
2026-10-07T19:22:30.119006Z  INFO falcon_algebraic:prove:falcon_algebraic:bitz:falcon_bridge:wfbitz_forest:spartan:grinding{bits=14}: bitz::piop::spartan::grinding: close time.busy=35.2µs time.idle=120ns
2026-10-07T19:22:30.119071Z  INFO falcon_algebraic:prove:falcon_algebraic:bitz:falcon_bridge:wfbitz_forest:spartan:grinding{bits=14}: bitz::piop::spartan::grinding: close time.busy=61.4µs time.idle=121ns
2026-10-07T19:22:30.119132Z  INFO falcon_algebraic:prove:falcon_algebraic:bitz:falcon_bridge:wfbitz_forest:spartan:grinding{bits=14}: bitz::piop::spartan::grinding: close time.busy=58.7µs time.idle=120ns
2026-10-07T19:22:30.119206Z  INFO falcon_algebraic:prove:falcon_algebraic:bitz:falcon_bridge:wfbitz_forest:spartan:grinding{bits=14}: bitz::piop::spartan::grinding: close time.busy=6.97µs time.idle=110ns
2026-10-07T19:22:30.119294Z  INFO falcon_algebraic:prove:falcon_algebraic:bitz:falcon_bridge:wfbitz_forest:spartan:grinding{bits=14}: bitz::piop::spartan::grinding: close time.busy=23.8µs time.idle=110ns
2026-10-07T19:22:30.119352Z  INFO falcon_algebraic:prove:falcon_algebraic:bitz:falcon_bridge:wfbitz_forest:spartan:grinding{bits=14}: bitz::piop::spartan::grinding: close time.busy=29.6µs time.idle=120ns
2026-10-07T19:22:30.119575Z  INFO falcon_algebraic:prove:falcon_algebraic:bitz:falcon_bridge:wfbitz_forest:spartan:grinding{bits=14}: bitz::piop::spartan::grinding: close time.busy=210µs time.idle=120ns
2026-10-07T19:22:30.119617Z  INFO falcon_algebraic:prove:falcon_algebraic:bitz:falcon_bridge:wfbitz_forest:spartan:grinding{bits=14}: bitz::piop::spartan::grinding: close time.busy=14.1µs time.idle=121ns
2026-10-07T19:22:30.119810Z  INFO falcon_algebraic:prove:falcon_algebraic:bitz:falcon_bridge:wfbitz_forest:spartan:grinding{bits=14}: bitz::piop::spartan::grinding: close time.busy=184µs time.idle=120ns
2026-10-07T19:22:30.119851Z  INFO falcon_algebraic:prove:falcon_algebraic:bitz:falcon_bridge:wfbitz_forest:spartan:grinding{bits=14}: bitz::piop::spartan::grinding: close time.busy=35.1µs time.idle=110ns
2026-10-07T19:22:30.119864Z  INFO falcon_algebraic:prove:falcon_algebraic:bitz:falcon_bridge:wfbitz_forest:spartan:grinding{bits=14}: bitz::piop::spartan::grinding: close time.busy=8.75µs time.idle=111ns
2026-10-07T19:22:30.119886Z  INFO falcon_algebraic:prove:falcon_algebraic:bitz:falcon_bridge:wfbitz_forest:spartan:grinding{bits=14}: bitz::piop::spartan::grinding: close time.busy=19.1µs time.idle=120ns
2026-10-07T19:22:30.119934Z  INFO falcon_algebraic:prove:falcon_algebraic:bitz:falcon_bridge:wfbitz_forest:spartan:grinding{bits=14}: bitz::piop::spartan::grinding: close time.busy=45.5µs time.idle=120ns
2026-10-07T19:22:30.120018Z  INFO falcon_algebraic:prove:falcon_algebraic:bitz:falcon_bridge:wfbitz_forest:spartan:grinding{bits=14}: bitz::piop::spartan::grinding: close time.busy=81.1µs time.idle=110ns
2026-10-07T19:22:30.120051Z  INFO falcon_algebraic:prove:falcon_algebraic:bitz:falcon_bridge:wfbitz_forest:spartan:grinding{bits=14}: bitz::piop::spartan::grinding: close time.busy=30.3µs time.idle=110ns
2026-10-07T19:22:30.120095Z  INFO falcon_algebraic:prove:falcon_algebraic:bitz:falcon_bridge:wfbitz_forest:spartan:grinding{bits=14}: bitz::piop::spartan::grinding: close time.busy=41.6µs time.idle=120ns
2026-10-07T19:22:30.120134Z  INFO falcon_algebraic:prove:falcon_algebraic:bitz:falcon_bridge:wfbitz_forest:spartan:grinding{bits=14}: bitz::piop::spartan::grinding: close time.busy=36.2µs time.idle=130ns
2026-10-07T19:22:30.120150Z  INFO falcon_algebraic:prove:falcon_algebraic:bitz:falcon_bridge:wfbitz_forest:spartan:grinding{bits=14}: bitz::piop::spartan::grinding: close time.busy=13.3µs time.idle=121ns
2026-10-07T19:22:30.120267Z  INFO falcon_algebraic:prove:falcon_algebraic:bitz:falcon_bridge:wfbitz_forest:spartan:grinding{bits=14}: bitz::piop::spartan::grinding: close time.busy=115µs time.idle=110ns
2026-10-07T19:22:30.120282Z  INFO falcon_algebraic:prove:falcon_algebraic:bitz:falcon_bridge:wfbitz_forest:spartan:grinding{bits=14}: bitz::piop::spartan::grinding: close time.busy=12.6µs time.idle=120ns
2026-10-07T19:22:30.120421Z  INFO falcon_algebraic:prove:falcon_algebraic:bitz:falcon_bridge:wfbitz_forest:spartan:grinding{bits=14}: bitz::piop::spartan::grinding: close time.busy=19.0µs time.idle=110ns
2026-10-07T19:22:30.120636Z  INFO falcon_algebraic:prove:falcon_algebraic:bitz:falcon_bridge:wfbitz_forest:spartan:grinding{bits=14}: bitz::piop::spartan::grinding: close time.busy=91.5µs time.idle=120ns
2026-10-07T19:22:30.120724Z  INFO falcon_algebraic:prove:falcon_algebraic:bitz:falcon_bridge:wfbitz_forest:spartan:grinding{bits=14}: bitz::piop::spartan::grinding: close time.busy=36.7µs time.idle=120ns
2026-10-07T19:22:30.120911Z  INFO falcon_algebraic:prove:falcon_algebraic:bitz:falcon_bridge:wfbitz_forest:spartan:grinding{bits=14}: bitz::piop::spartan::grinding: close time.busy=159µs time.idle=120ns
2026-10-07T19:22:30.121093Z  INFO falcon_algebraic:prove:falcon_algebraic:bitz:falcon_bridge:wfbitz_forest:spartan:grinding{bits=14}: bitz::piop::spartan::grinding: close time.busy=169µs time.idle=110ns
2026-10-07T19:22:30.121137Z  INFO falcon_algebraic:prove:falcon_algebraic:bitz:falcon_bridge:wfbitz_forest:spartan:grinding{bits=14}: bitz::piop::spartan::grinding: close time.busy=15.4µs time.idle=110ns
2026-10-07T19:22:30.121183Z  INFO falcon_algebraic:prove:falcon_algebraic:bitz:falcon_bridge:wfbitz_forest:spartan:grinding{bits=14}: bitz::piop::spartan::grinding: close time.busy=37.8µs time.idle=111ns
2026-10-07T19:22:30.121199Z  INFO falcon_algebraic:prove:falcon_algebraic:bitz:falcon_bridge:wfbitz_forest:spartan:grinding{bits=14}: bitz::piop::spartan::grinding: close time.busy=10.6µs time.idle=120ns
2026-10-07T19:22:30.121265Z  INFO falcon_algebraic:prove:falcon_algebraic:bitz:falcon_bridge:wfbitz_forest:spartan:grinding{bits=14}: bitz::piop::spartan::grinding: close time.busy=60.9µs time.idle=131ns
2026-10-07T19:22:30.121501Z  INFO falcon_algebraic:prove:falcon_algebraic:bitz:falcon_bridge:wfbitz_forest:spartan:grinding{bits=14}: bitz::piop::spartan::grinding: close time.busy=233µs time.idle=120ns
2026-10-07T19:22:30.121608Z  INFO falcon_algebraic:prove:falcon_algebraic:bitz:falcon_bridge:wfbitz_forest:spartan:grinding{bits=14}: bitz::piop::spartan::grinding: close time.busy=104µs time.idle=120ns
2026-10-07T19:22:30.121641Z  INFO falcon_algebraic:prove:falcon_algebraic:bitz:falcon_bridge:wfbitz_forest:spartan:grinding{bits=14}: bitz::piop::spartan::grinding: close time.busy=29.8µs time.idle=110ns
2026-10-07T19:22:30.121652Z  INFO falcon_algebraic:prove:falcon_algebraic:bitz:falcon_bridge:wfbitz_forest:spartan:grinding{bits=14}: bitz::piop::spartan::grinding: close time.busy=8.29µs time.idle=110ns
2026-10-07T19:22:30.121857Z  INFO falcon_algebraic:prove:falcon_algebraic:bitz:falcon_bridge:wfbitz_forest:spartan:grinding{bits=14}: bitz::piop::spartan::grinding: close time.busy=202µs time.idle=110ns
2026-10-07T19:22:30.121955Z  INFO falcon_algebraic:prove:falcon_algebraic:bitz:falcon_bridge:wfbitz_forest:spartan:grinding{bits=14}: bitz::piop::spartan::grinding: close time.busy=94.9µs time.idle=110ns
2026-10-07T19:22:30.121965Z  INFO falcon_algebraic:prove:falcon_algebraic:bitz:falcon_bridge:wfbitz_forest:spartan:grinding{bits=14}: bitz::piop::spartan::grinding: close time.busy=6.97µs time.idle=110ns
2026-10-07T19:22:30.121994Z  INFO falcon_algebraic:prove:falcon_algebraic:bitz:falcon_bridge:wfbitz_forest:spartan:grinding{bits=14}: bitz::piop::spartan::grinding: close time.busy=26.8µs time.idle=120ns
2026-10-07T19:22:30.122084Z  INFO falcon_algebraic:prove:falcon_algebraic:bitz:falcon_bridge:wfbitz_forest:spartan:grinding{bits=14}: bitz::piop::spartan::grinding: close time.busy=86.7µs time.idle=121ns
2026-10-07T19:22:30.122327Z  INFO falcon_algebraic:prove:falcon_algebraic:bitz:falcon_bridge:wfbitz_forest:spartan:grinding{bits=14}: bitz::piop::spartan::grinding: close time.busy=8.78µs time.idle=131ns
2026-10-07T19:22:30.122573Z  INFO falcon_algebraic:prove:falcon_algebraic:bitz:falcon_bridge:wfbitz_forest:spartan:grinding{bits=14}: bitz::piop::spartan::grinding: close time.busy=4.32µs time.idle=120ns
2026-10-07T19:22:30.122726Z  INFO falcon_algebraic:prove:falcon_algebraic:bitz:falcon_bridge:wfbitz_forest:spartan:grinding{bits=14}: bitz::piop::spartan::grinding: close time.busy=57.8µs time.idle=120ns
2026-10-07T19:22:30.122811Z  INFO falcon_algebraic:prove:falcon_algebraic:bitz:falcon_bridge:wfbitz_forest:spartan:grinding{bits=14}: bitz::piop::spartan::grinding: close time.busy=34.6µs time.idle=110ns
2026-10-07T19:22:30.122897Z  INFO falcon_algebraic:prove:falcon_algebraic:bitz:falcon_bridge:wfbitz_forest:spartan:grinding{bits=14}: bitz::piop::spartan::grinding: close time.busy=57.5µs time.idle=120ns
2026-10-07T19:22:30.122968Z  INFO falcon_algebraic:prove:falcon_algebraic:bitz:falcon_bridge:wfbitz_forest:spartan:grinding{bits=14}: bitz::piop::spartan::grinding: close time.busy=56.9µs time.idle=120ns
2026-10-07T19:22:30.123095Z  INFO falcon_algebraic:prove:falcon_algebraic:bitz:falcon_bridge:wfbitz_forest:spartan:grinding{bits=14}: bitz::piop::spartan::grinding: close time.busy=99.6µs time.idle=120ns
2026-10-07T19:22:30.123114Z  INFO falcon_algebraic:prove:falcon_algebraic:bitz:falcon_bridge:wfbitz_forest:spartan:grinding{bits=14}: bitz::piop::spartan::grinding: close time.busy=9.44µs time.idle=111ns
2026-10-07T19:22:30.123166Z  INFO falcon_algebraic:prove:falcon_algebraic:bitz:falcon_bridge:wfbitz_forest:spartan:grinding{bits=14}: bitz::piop::spartan::grinding: close time.busy=46.8µs time.idle=130ns
2026-10-07T19:22:30.123198Z  INFO falcon_algebraic:prove:falcon_algebraic:bitz:falcon_bridge:wfbitz_forest:spartan:grinding{bits=14}: bitz::piop::spartan::grinding: close time.busy=27.1µs time.idle=120ns
2026-10-07T19:22:30.123227Z  INFO falcon_algebraic:prove:falcon_algebraic:bitz:falcon_bridge:wfbitz_forest:spartan:grinding{bits=14}: bitz::piop::spartan::grinding: close time.busy=25.5µs time.idle=120ns
2026-10-07T19:22:30.123238Z  INFO falcon_algebraic:prove:falcon_algebraic:bitz:falcon_bridge:wfbitz_forest:spartan:grinding{bits=14}: bitz::piop::spartan::grinding: close time.busy=8.25µs time.idle=130ns
2026-10-07T19:22:30.123261Z  INFO falcon_algebraic:prove:falcon_algebraic:bitz:falcon_bridge:wfbitz_forest:spartan:grinding{bits=14}: bitz::piop::spartan::grinding: close time.busy=20.1µs time.idle=130ns
2026-10-07T19:22:30.123356Z  INFO falcon_algebraic:prove:falcon_algebraic:bitz:falcon_bridge:wfbitz_forest:spartan:grinding{bits=14}: bitz::piop::spartan::grinding: close time.busy=91.8µs time.idle=131ns
2026-10-07T19:22:30.123396Z  INFO falcon_algebraic:prove:falcon_algebraic:bitz:falcon_bridge:wfbitz_forest:spartan:grinding{bits=14}: bitz::piop::spartan::grinding: close time.busy=36.9µs time.idle=120ns
2026-10-07T19:22:30.123446Z  INFO falcon_algebraic:prove:falcon_algebraic:bitz:falcon_bridge:wfbitz_forest:spartan:grinding{bits=14}: bitz::piop::spartan::grinding: close time.busy=47.4µs time.idle=120ns
2026-10-07T19:22:30.123535Z  INFO falcon_algebraic:prove:falcon_algebraic:bitz:falcon_bridge:wfbitz_forest:spartan:grinding{bits=14}: bitz::piop::spartan::grinding: close time.busy=86.4µs time.idle=111ns
2026-10-07T19:22:30.123557Z  INFO falcon_algebraic:prove:falcon_algebraic:bitz:falcon_bridge:wfbitz_forest:spartan:grinding{bits=14}: bitz::piop::spartan::grinding: close time.busy=18.9µs time.idle=110ns
2026-10-07T19:22:30.123606Z  INFO falcon_algebraic:prove:falcon_algebraic:bitz:falcon_bridge:wfbitz_forest:spartan:grinding{bits=14}: bitz::piop::spartan::grinding: close time.busy=46.4µs time.idle=110ns
2026-10-07T19:22:30.124101Z  INFO falcon_algebraic:prove:falcon_algebraic:bitz:falcon_bridge:wfbitz_forest:spartan:grinding{bits=14}: bitz::piop::spartan::grinding: close time.busy=26.6µs time.idle=110ns
2026-10-07T19:22:30.124637Z  INFO falcon_algebraic:prove:falcon_algebraic:bitz:falcon_bridge:wfbitz_forest:spartan:grinding{bits=14}: bitz::piop::spartan::grinding: close time.busy=41.3µs time.idle=120ns
2026-10-07T19:22:30.124891Z  INFO falcon_algebraic:prove:falcon_algebraic:bitz:falcon_bridge:wfbitz_forest:spartan:grinding{bits=14}: bitz::piop::spartan::grinding: close time.busy=68.3µs time.idle=130ns
2026-10-07T19:22:30.125110Z  INFO falcon_algebraic:prove:falcon_algebraic:bitz:falcon_bridge:wfbitz_forest:spartan:grinding{bits=14}: bitz::piop::spartan::grinding: close time.busy=125µs time.idle=130ns
2026-10-07T19:22:30.125203Z  INFO falcon_algebraic:prove:falcon_algebraic:bitz:falcon_bridge:wfbitz_forest:spartan:grinding{bits=14}: bitz::piop::spartan::grinding: close time.busy=41.3µs time.idle=120ns
2026-10-07T19:22:30.125266Z  INFO falcon_algebraic:prove:falcon_algebraic:bitz:falcon_bridge:wfbitz_forest:spartan:grinding{bits=14}: bitz::piop::spartan::grinding: close time.busy=33.7µs time.idle=110ns
2026-10-07T19:22:30.125317Z  INFO falcon_algebraic:prove:falcon_algebraic:bitz:falcon_bridge:wfbitz_forest:spartan:grinding{bits=14}: bitz::piop::spartan::grinding: close time.busy=37.4µs time.idle=110ns
2026-10-07T19:22:30.125351Z  INFO falcon_algebraic:prove:falcon_algebraic:bitz:falcon_bridge:wfbitz_forest:spartan:grinding{bits=14}: bitz::piop::spartan::grinding: close time.busy=5.44µs time.idle=110ns
2026-10-07T19:22:30.125461Z  INFO falcon_algebraic:prove:falcon_algebraic:bitz:falcon_bridge:wfbitz_forest:spartan:grinding{bits=14}: bitz::piop::spartan::grinding: close time.busy=101µs time.idle=110ns
2026-10-07T19:22:30.125516Z  INFO falcon_algebraic:prove:falcon_algebraic:bitz:falcon_bridge:wfbitz_forest:spartan:grinding{bits=14}: bitz::piop::spartan::grinding: close time.busy=48.9µs time.idle=130ns
2026-10-07T19:22:30.125586Z  INFO falcon_algebraic:prove:falcon_algebraic:bitz:falcon_bridge:wfbitz_forest:spartan:grinding{bits=14}: bitz::piop::spartan::grinding: close time.busy=65.9µs time.idle=110ns
2026-10-07T19:22:30.125629Z  INFO falcon_algebraic:prove:falcon_algebraic:bitz:falcon_bridge:wfbitz_forest:spartan:grinding{bits=14}: bitz::piop::spartan::grinding: close time.busy=39.4µs time.idle=121ns
2026-10-07T19:22:30.125649Z  INFO falcon_algebraic:prove:falcon_algebraic:bitz:falcon_bridge:wfbitz_forest:spartan:grinding{bits=14}: bitz::piop::spartan::grinding: close time.busy=17.6µs time.idle=110ns
2026-10-07T19:22:30.125664Z  INFO falcon_algebraic:prove:falcon_algebraic:bitz:falcon_bridge:wfbitz_forest:spartan:grinding{bits=14}: bitz::piop::spartan::grinding: close time.busy=12.9µs time.idle=130ns
2026-10-07T19:22:30.125690Z  INFO falcon_algebraic:prove:falcon_algebraic:bitz:falcon_bridge:wfbitz_forest:spartan:grinding{bits=14}: bitz::piop::spartan::grinding: close time.busy=22.9µs time.idle=110ns
2026-10-07T19:22:30.125706Z  INFO falcon_algebraic:prove:falcon_algebraic:bitz:falcon_bridge:wfbitz_forest:spartan:grinding{bits=14}: bitz::piop::spartan::grinding: close time.busy=14.2µs time.idle=111ns
2026-10-07T19:22:30.125731Z  INFO falcon_algebraic:prove:falcon_algebraic:bitz:falcon_bridge:wfbitz_forest:spartan:grinding{bits=14}: bitz::piop::spartan::grinding: close time.busy=21.9µs time.idle=111ns
2026-10-07T19:22:30.125784Z  INFO falcon_algebraic:prove:falcon_algebraic:bitz:falcon_bridge:wfbitz_forest:spartan:grinding{bits=14}: bitz::piop::spartan::grinding: close time.busy=50.4µs time.idle=120ns
2026-10-07T19:22:30.125910Z  INFO falcon_algebraic:prove:falcon_algebraic:bitz:falcon_bridge:wfbitz_forest:spartan:grinding{bits=14}: bitz::piop::spartan::grinding: close time.busy=123µs time.idle=120ns
2026-10-07T19:22:30.125972Z  INFO falcon_algebraic:prove:falcon_algebraic:bitz:falcon_bridge:wfbitz_forest:spartan:grinding{bits=14}: bitz::piop::spartan::grinding: close time.busy=59.8µs time.idle=111ns
2026-10-07T19:22:30.126920Z  INFO falcon_algebraic:prove:falcon_algebraic:bitz:falcon_bridge:wfbitz_forest:spartan:grinding{bits=14}: bitz::piop::spartan::grinding: close time.busy=9.66µs time.idle=120ns
2026-10-07T19:22:30.128052Z  INFO falcon_algebraic:prove:falcon_algebraic:bitz:falcon_bridge:wfbitz_forest:spartan:grinding{bits=14}: bitz::piop::spartan::grinding: close time.busy=123µs time.idle=161ns
2026-10-07T19:22:30.128485Z  INFO falcon_algebraic:prove:falcon_algebraic:bitz:falcon_bridge:wfbitz_forest:spartan:grinding{bits=14}: bitz::piop::spartan::grinding: close time.busy=59.4µs time.idle=130ns
2026-10-07T19:22:30.128736Z  INFO falcon_algebraic:prove:falcon_algebraic:bitz:falcon_bridge:wfbitz_forest:spartan:grinding{bits=14}: bitz::piop::spartan::grinding: close time.busy=67.5µs time.idle=141ns
2026-10-07T19:22:30.128930Z  INFO falcon_algebraic:prove:falcon_algebraic:bitz:falcon_bridge:wfbitz_forest:spartan:grinding{bits=14}: bitz::piop::spartan::grinding: close time.busy=97.3µs time.idle=130ns
2026-10-07T19:22:30.128995Z  INFO falcon_algebraic:prove:falcon_algebraic:bitz:falcon_bridge:wfbitz_forest:spartan:grinding{bits=14}: bitz::piop::spartan::grinding: close time.busy=12.5µs time.idle=130ns
2026-10-07T19:22:30.129096Z  INFO falcon_algebraic:prove:falcon_algebraic:bitz:falcon_bridge:wfbitz_forest:spartan:grinding{bits=14}: bitz::piop::spartan::grinding: close time.busy=72.8µs time.idle=120ns
2026-10-07T19:22:30.129154Z  INFO falcon_algebraic:prove:falcon_algebraic:bitz:falcon_bridge:wfbitz_forest:spartan:grinding{bits=14}: bitz::piop::spartan::grinding: close time.busy=44.9µs time.idle=120ns
2026-10-07T19:22:30.129190Z  INFO falcon_algebraic:prove:falcon_algebraic:bitz:falcon_bridge:wfbitz_forest:spartan:grinding{bits=14}: bitz::piop::spartan::grinding: close time.busy=7.37µs time.idle=120ns
2026-10-07T19:22:30.129211Z  INFO falcon_algebraic:prove:falcon_algebraic:bitz:falcon_bridge:wfbitz_forest:spartan:grinding{bits=14}: bitz::piop::spartan::grinding: close time.busy=12.2µs time.idle=121ns
2026-10-07T19:22:30.129317Z  INFO falcon_algebraic:prove:falcon_algebraic:bitz:falcon_bridge:wfbitz_forest:spartan:grinding{bits=14}: bitz::piop::spartan::grinding: close time.busy=101µs time.idle=120ns
2026-10-07T19:22:30.129337Z  INFO falcon_algebraic:prove:falcon_algebraic:bitz:falcon_bridge:wfbitz_forest:spartan:grinding{bits=14}: bitz::piop::spartan::grinding: close time.busy=16.5µs time.idle=121ns
2026-10-07T19:22:30.129568Z  INFO falcon_algebraic:prove:falcon_algebraic:bitz:falcon_bridge:wfbitz_forest:spartan:grinding{bits=14}: bitz::piop::spartan::grinding: close time.busy=227µs time.idle=121ns
2026-10-07T19:22:30.129634Z  INFO falcon_algebraic:prove:falcon_algebraic:bitz:falcon_bridge:wfbitz_forest:spartan:grinding{bits=14}: bitz::piop::spartan::grinding: close time.busy=62.9µs time.idle=120ns
2026-10-07T19:22:30.129646Z  INFO falcon_algebraic:prove:falcon_algebraic:bitz:falcon_bridge:wfbitz_forest:spartan:grinding{bits=14}: bitz::piop::spartan::grinding: close time.busy=9.58µs time.idle=111ns
2026-10-07T19:22:30.129653Z  INFO falcon_algebraic:prove:falcon_algebraic:bitz:falcon_bridge:wfbitz_forest:spartan:grinding{bits=14}: bitz::piop::spartan::grinding: close time.busy=3.89µs time.idle=110ns
2026-10-07T19:22:30.129755Z  INFO falcon_algebraic:prove:falcon_algebraic:bitz:falcon_bridge:wfbitz_forest:spartan:grinding{bits=14}: bitz::piop::spartan::grinding: close time.busy=99.3µs time.idle=110ns
2026-10-07T19:22:30.129807Z  INFO falcon_algebraic:prove:falcon_algebraic:bitz:falcon_bridge:wfbitz_forest:spartan:grinding{bits=14}: bitz::piop::spartan::grinding: close time.busy=48.7µs time.idle=111ns
2026-10-07T19:22:30.129859Z  INFO falcon_algebraic:prove:falcon_algebraic:bitz:falcon_bridge:wfbitz_forest:spartan:grinding{bits=14}: bitz::piop::spartan::grinding: close time.busy=49.4µs time.idle=120ns
2026-10-07T19:22:30.129909Z  INFO falcon_algebraic:prove:falcon_algebraic:bitz:falcon_bridge:wfbitz_forest:spartan:grinding{bits=14}: bitz::piop::spartan::grinding: close time.busy=47.8µs time.idle=111ns
2026-10-07T19:22:30.129971Z  INFO falcon_algebraic:prove:falcon_algebraic:bitz:falcon_bridge:wfbitz_forest:spartan:grinding{bits=14}: bitz::piop::spartan::grinding: close time.busy=59.8µs time.idle=120ns
2026-10-07T19:22:30.135555Z  INFO falcon_algebraic:prove:falcon_algebraic:bitz:falcon_bridge:wfbitz_forest:spartan:grinding{bits=14}: bitz::piop::spartan::grinding: close time.busy=7.06µs time.idle=430ns
2026-10-07T19:22:30.137491Z  INFO falcon_algebraic:prove:falcon_algebraic:bitz:falcon_bridge:wfbitz_forest:spartan:grinding{bits=14}: bitz::piop::spartan::grinding: close time.busy=27.6µs time.idle=321ns
2026-10-07T19:22:30.138188Z  INFO falcon_algebraic:prove:falcon_algebraic:bitz:falcon_bridge:wfbitz_forest:spartan:grinding{bits=14}: bitz::piop::spartan::grinding: close time.busy=5.00µs time.idle=130ns
2026-10-07T19:22:30.138544Z  INFO falcon_algebraic:prove:falcon_algebraic:bitz:falcon_bridge:wfbitz_forest:spartan:grinding{bits=14}: bitz::piop::spartan::grinding: close time.busy=13.5µs time.idle=120ns
2026-10-07T19:22:30.138729Z  INFO falcon_algebraic:prove:falcon_algebraic:bitz:falcon_bridge:wfbitz_forest:spartan:grinding{bits=14}: bitz::piop::spartan::grinding: close time.busy=10.2µs time.idle=131ns
2026-10-07T19:22:30.138838Z  INFO falcon_algebraic:prove:falcon_algebraic:bitz:falcon_bridge:wfbitz_forest:spartan:grinding{bits=14}: bitz::piop::spartan::grinding: close time.busy=17.6µs time.idle=120ns
2026-10-07T19:22:30.139070Z  INFO falcon_algebraic:prove:falcon_algebraic:bitz:falcon_bridge:wfbitz_forest:spartan:grinding{bits=14}: bitz::piop::spartan::grinding: close time.busy=183µs time.idle=120ns
2026-10-07T19:22:30.139108Z  INFO falcon_algebraic:prove:falcon_algebraic:bitz:falcon_bridge:wfbitz_forest:spartan:grinding{bits=14}: bitz::piop::spartan::grinding: close time.busy=9.53µs time.idle=110ns
2026-10-07T19:22:30.139216Z  INFO falcon_algebraic:prove:falcon_algebraic:bitz:falcon_bridge:wfbitz_forest:spartan:grinding{bits=14}: bitz::piop::spartan::grinding: close time.busy=93.9µs time.idle=110ns
2026-10-07T19:22:30.139268Z  INFO falcon_algebraic:prove:falcon_algebraic:bitz:falcon_bridge:wfbitz_forest:spartan:grinding{bits=14}: bitz::piop::spartan::grinding: close time.busy=22.9µs time.idle=110ns
2026-10-07T19:22:30.139418Z  INFO falcon_algebraic:prove:falcon_algebraic:bitz:falcon_bridge:wfbitz_forest:spartan:grinding{bits=14}: bitz::piop::spartan::grinding: close time.busy=142µs time.idle=110ns
2026-10-07T19:22:30.139443Z  INFO falcon_algebraic:prove:falcon_algebraic:bitz:falcon_bridge:wfbitz_forest:spartan:grinding{bits=14}: bitz::piop::spartan::grinding: close time.busy=19.6µs time.idle=121ns
2026-10-07T19:22:30.139465Z  INFO falcon_algebraic:prove:falcon_algebraic:bitz:falcon_bridge:wfbitz_forest:spartan:grinding{bits=14}: bitz::piop::spartan::grinding: close time.busy=17.4µs time.idle=120ns
2026-10-07T19:22:30.139566Z  INFO falcon_algebraic:prove:falcon_algebraic:bitz:falcon_bridge:wfbitz_forest:spartan:grinding{bits=14}: bitz::piop::spartan::grinding: close time.busy=97.5µs time.idle=110ns
2026-10-07T19:22:30.139581Z  INFO falcon_algebraic:prove:falcon_algebraic:bitz:falcon_bridge:wfbitz_forest:spartan:grinding{bits=14}: bitz::piop::spartan::grinding: close time.busy=12.8µs time.idle=121ns
2026-10-07T19:22:30.139678Z  INFO falcon_algebraic:prove:falcon_algebraic:bitz:falcon_bridge:wfbitz_forest:spartan:grinding{bits=14}: bitz::piop::spartan::grinding: close time.busy=93.8µs time.idle=111ns
2026-10-07T19:22:30.139775Z  INFO falcon_algebraic:prove:falcon_algebraic:bitz:falcon_bridge:wfbitz_forest:spartan:grinding{bits=14}: bitz::piop::spartan::grinding: close time.busy=93.8µs time.idle=120ns
2026-10-07T19:22:30.139892Z  INFO falcon_algebraic:prove:falcon_algebraic:bitz:falcon_bridge:wfbitz_forest:spartan:grinding{bits=14}: bitz::piop::spartan::grinding: close time.busy=114µs time.idle=120ns
2026-10-07T19:22:30.139930Z  INFO falcon_algebraic:prove:falcon_algebraic:bitz:falcon_bridge:wfbitz_forest:spartan:grinding{bits=14}: bitz::piop::spartan::grinding: close time.busy=34.6µs time.idle=110ns
2026-10-07T19:22:30.139998Z  INFO falcon_algebraic:prove:falcon_algebraic:bitz:falcon_bridge:wfbitz_forest:spartan:grinding{bits=14}: bitz::piop::spartan::grinding: close time.busy=66.0µs time.idle=110ns
2026-10-07T19:22:30.140013Z  INFO falcon_algebraic:prove:falcon_algebraic:bitz:falcon_bridge:wfbitz_forest:spartan:grinding{bits=14}: bitz::piop::spartan::grinding: close time.busy=11.8µs time.idle=110ns
2026-10-07T19:22:30.140170Z  INFO falcon_algebraic:prove:falcon_algebraic:bitz:falcon_bridge:wfbitz_forest:spartan:grinding{bits=14}: bitz::piop::spartan::grinding: close time.busy=154µs time.idle=110ns
2026-10-07T19:22:30.144222Z  INFO falcon_algebraic:prove:falcon_algebraic:bitz:falcon_bridge:wfbitz_forest:spartan:grinding{bits=14}: bitz::piop::spartan::grinding: close time.busy=59.3µs time.idle=130ns
2026-10-07T19:22:30.147892Z  INFO falcon_algebraic:prove:falcon_algebraic:bitz:falcon_bridge:wfbitz_forest:spartan:grinding{bits=14}: bitz::piop::spartan::grinding: close time.busy=46.6µs time.idle=260ns
2026-10-07T19:22:30.149392Z  INFO falcon_algebraic:prove:falcon_algebraic:bitz:falcon_bridge:wfbitz_forest:spartan:grinding{bits=14}: bitz::piop::spartan::grinding: close time.busy=23.9µs time.idle=350ns
2026-10-07T19:22:30.150125Z  INFO falcon_algebraic:prove:falcon_algebraic:bitz:falcon_bridge:wfbitz_forest:spartan:grinding{bits=14}: bitz::piop::spartan::grinding: close time.busy=23.6µs time.idle=120ns
2026-10-07T19:22:30.150474Z  INFO falcon_algebraic:prove:falcon_algebraic:bitz:falcon_bridge:wfbitz_forest:spartan:grinding{bits=14}: bitz::piop::spartan::grinding: close time.busy=8.35µs time.idle=130ns
2026-10-07T19:22:30.150693Z  INFO falcon_algebraic:prove:falcon_algebraic:bitz:falcon_bridge:wfbitz_forest:spartan:grinding{bits=14}: bitz::piop::spartan::grinding: close time.busy=44.4µs time.idle=120ns
2026-10-07T19:22:30.150884Z  INFO falcon_algebraic:prove:falcon_algebraic:bitz:falcon_bridge:wfbitz_forest:spartan:grinding{bits=14}: bitz::piop::spartan::grinding: close time.busy=99.7µs time.idle=121ns
2026-10-07T19:22:30.150964Z  INFO falcon_algebraic:prove:falcon_algebraic:bitz:falcon_bridge:wfbitz_forest:spartan:grinding{bits=14}: bitz::piop::spartan::grinding: close time.busy=30.5µs time.idle=120ns
2026-10-07T19:22:30.151006Z  INFO falcon_algebraic:prove:falcon_algebraic:bitz:falcon_bridge:wfbitz_forest:spartan:grinding{bits=14}: bitz::piop::spartan::grinding: close time.busy=13.5µs time.idle=120ns
2026-10-07T19:22:30.151048Z  INFO falcon_algebraic:prove:falcon_algebraic:bitz:falcon_bridge:wfbitz_forest:spartan:grinding{bits=14}: bitz::piop::spartan::grinding: close time.busy=29.0µs time.idle=130ns
2026-10-07T19:22:30.151083Z  INFO falcon_algebraic:prove:falcon_algebraic:bitz:falcon_bridge:wfbitz_forest:spartan:grinding{bits=14}: bitz::piop::spartan::grinding: close time.busy=4.84µs time.idle=120ns
2026-10-07T19:22:30.151136Z  INFO falcon_algebraic:prove:falcon_algebraic:bitz:falcon_bridge:wfbitz_forest:spartan:grinding{bits=14}: bitz::piop::spartan::grinding: close time.busy=44.4µs time.idle=110ns
2026-10-07T19:22:30.151147Z  INFO falcon_algebraic:prove:falcon_algebraic:bitz:falcon_bridge:wfbitz_forest:spartan:grinding{bits=14}: bitz::piop::spartan::grinding: close time.busy=6.27µs time.idle=110ns
2026-10-07T19:22:30.151256Z  INFO falcon_algebraic:prove:falcon_algebraic:bitz:falcon_bridge:wfbitz_forest:spartan:grinding{bits=14}: bitz::piop::spartan::grinding: close time.busy=104µs time.idle=110ns
2026-10-07T19:22:30.151325Z  INFO falcon_algebraic:prove:falcon_algebraic:bitz:falcon_bridge:wfbitz_forest:spartan:grinding{bits=14}: bitz::piop::spartan::grinding: close time.busy=65.7µs time.idle=130ns
2026-10-07T19:22:30.151383Z  INFO falcon_algebraic:prove:falcon_algebraic:bitz:falcon_bridge:wfbitz_forest:spartan:grinding{bits=14}: bitz::piop::spartan::grinding: close time.busy=54.5µs time.idle=121ns
2026-10-07T19:22:30.151450Z  INFO falcon_algebraic:prove:falcon_algebraic:bitz:falcon_bridge:wfbitz_forest:spartan:grinding{bits=14}: bitz::piop::spartan::grinding: close time.busy=64.2µs time.idle=110ns
2026-10-07T19:22:30.151517Z  INFO falcon_algebraic:prove:falcon_algebraic:bitz:falcon_bridge:wfbitz_forest:spartan:grinding{bits=14}: bitz::piop::spartan::grinding: close time.busy=63.7µs time.idle=110ns
2026-10-07T19:22:30.151559Z  INFO falcon_algebraic:prove:falcon_algebraic:bitz:falcon_bridge:wfbitz_forest:spartan:grinding{bits=14}: bitz::piop::spartan::grinding: close time.busy=39.4µs time.idle=111ns
2026-10-07T19:22:30.151857Z  INFO falcon_algebraic:prove:falcon_algebraic:bitz:falcon_bridge:wfbitz_forest:spartan:grinding{bits=14}: bitz::piop::spartan::grinding: close time.busy=296µs time.idle=110ns
2026-10-07T19:22:30.151873Z  INFO falcon_algebraic:prove:falcon_algebraic:bitz:falcon_bridge:wfbitz_forest:spartan:grinding{bits=14}: bitz::piop::spartan::grinding: close time.busy=13.5µs time.idle=121ns
2026-10-07T19:22:30.151921Z  INFO falcon_algebraic:prove:falcon_algebraic:bitz:falcon_bridge:wfbitz_forest:spartan:grinding{bits=14}: bitz::piop::spartan::grinding: close time.busy=44.9µs time.idle=110ns
2026-10-07T19:22:30.151969Z  INFO falcon_algebraic:prove:falcon_algebraic:bitz:falcon_bridge:wfbitz_forest:spartan:grinding{bits=14}: bitz::piop::spartan::grinding: close time.busy=44.9µs time.idle=182ns
2026-10-07T19:22:30.157378Z  INFO falcon_algebraic:prove:falcon_algebraic:bitz:falcon_bridge:wfbitz_forest:spartan:grinding{bits=14}: bitz::piop::spartan::grinding: close time.busy=31.3µs time.idle=120ns
2026-10-07T19:22:30.161712Z  INFO falcon_algebraic:prove:falcon_algebraic:bitz:falcon_bridge:wfbitz_forest:spartan:grinding{bits=14}: bitz::piop::spartan::grinding: close time.busy=23.7µs time.idle=121ns
2026-10-07T19:22:30.165347Z  INFO falcon_algebraic:prove:falcon_algebraic:bitz:falcon_bridge:wfbitz_forest:spartan:grinding{bits=14}: bitz::piop::spartan::grinding: close time.busy=71.0µs time.idle=290ns
2026-10-07T19:22:30.166920Z  INFO falcon_algebraic:prove:falcon_algebraic:bitz:falcon_bridge:wfbitz_forest:spartan:grinding{bits=14}: bitz::piop::spartan::grinding: close time.busy=62.9µs time.idle=340ns
2026-10-07T19:22:30.167696Z  INFO falcon_algebraic:prove:falcon_algebraic:bitz:falcon_bridge:wfbitz_forest:spartan:grinding{bits=14}: bitz::piop::spartan::grinding: close time.busy=62.6µs time.idle=160ns
2026-10-07T19:22:30.168175Z  INFO falcon_algebraic:prove:falcon_algebraic:bitz:falcon_bridge:wfbitz_forest:spartan:grinding{bits=14}: bitz::piop::spartan::grinding: close time.busy=134µs time.idle=120ns
2026-10-07T19:22:30.168448Z  INFO falcon_algebraic:prove:falcon_algebraic:bitz:falcon_bridge:wfbitz_forest:spartan:grinding{bits=14}: bitz::piop::spartan::grinding: close time.busy=97.4µs time.idle=120ns
2026-10-07T19:22:30.168672Z  INFO falcon_algebraic:prove:falcon_algebraic:bitz:falcon_bridge:wfbitz_forest:spartan:grinding{bits=14}: bitz::piop::spartan::grinding: close time.busy=132µs time.idle=120ns
2026-10-07T19:22:30.168727Z  INFO falcon_algebraic:prove:falcon_algebraic:bitz:falcon_bridge:wfbitz_forest:spartan:grinding{bits=14}: bitz::piop::spartan::grinding: close time.busy=4.83µs time.idle=120ns
2026-10-07T19:22:30.168949Z  INFO falcon_algebraic:prove:falcon_algebraic:bitz:falcon_bridge:wfbitz_forest:spartan:grinding{bits=14}: bitz::piop::spartan::grinding: close time.busy=193µs time.idle=141ns
2026-10-07T19:22:30.169019Z  INFO falcon_algebraic:prove:falcon_algebraic:bitz:falcon_bridge:wfbitz_forest:spartan:grinding{bits=14}: bitz::piop::spartan::grinding: close time.busy=56.5µs time.idle=110ns
2026-10-07T19:22:30.169104Z  INFO falcon_algebraic:prove:falcon_algebraic:bitz:falcon_bridge:wfbitz_forest:spartan:grinding{bits=14}: bitz::piop::spartan::grinding: close time.busy=54.7µs time.idle=110ns
2026-10-07T19:22:30.169141Z  INFO falcon_algebraic:prove:falcon_algebraic:bitz:falcon_bridge:wfbitz_forest:spartan:grinding{bits=14}: bitz::piop::spartan::grinding: close time.busy=27.9µs time.idle=120ns
2026-10-07T19:22:30.169262Z  INFO falcon_algebraic:prove:falcon_algebraic:bitz:falcon_bridge:wfbitz_forest:spartan:grinding{bits=14}: bitz::piop::spartan::grinding: close time.busy=115µs time.idle=110ns
2026-10-07T19:22:30.169309Z  INFO falcon_algebraic:prove:falcon_algebraic:bitz:falcon_bridge:wfbitz_forest:spartan:grinding{bits=14}: bitz::piop::spartan::grinding: close time.busy=43.6µs time.idle=110ns
2026-10-07T19:22:30.169324Z  INFO falcon_algebraic:prove:falcon_algebraic:bitz:falcon_bridge:wfbitz_forest:spartan:grinding{bits=14}: bitz::piop::spartan::grinding: close time.busy=10.5µs time.idle=120ns
2026-10-07T19:22:30.169383Z  INFO falcon_algebraic:prove:falcon_algebraic:bitz:falcon_bridge:wfbitz_forest:spartan:grinding{bits=14}: bitz::piop::spartan::grinding: close time.busy=56.5µs time.idle=120ns
2026-10-07T19:22:30.169397Z  INFO falcon_algebraic:prove:falcon_algebraic:bitz:falcon_bridge:wfbitz_forest:spartan:grinding{bits=14}: bitz::piop::spartan::grinding: close time.busy=10.8µs time.idle=110ns
2026-10-07T19:22:30.169494Z  INFO falcon_algebraic:prove:falcon_algebraic:bitz:falcon_bridge:wfbitz_forest:spartan:grinding{bits=14}: bitz::piop::spartan::grinding: close time.busy=94.0µs time.idle=111ns
2026-10-07T19:22:30.169513Z  INFO falcon_algebraic:prove:falcon_algebraic:bitz:falcon_bridge:wfbitz_forest:spartan:grinding{bits=14}: bitz::piop::spartan::grinding: close time.busy=15.6µs time.idle=110ns
2026-10-07T19:22:30.169532Z  INFO falcon_algebraic:prove:falcon_algebraic:bitz:falcon_bridge:wfbitz_forest:spartan:grinding{bits=14}: bitz::piop::spartan::grinding: close time.busy=16.2µs time.idle=110ns
2026-10-07T19:22:30.169667Z  INFO falcon_algebraic:prove:falcon_algebraic:bitz:falcon_bridge:wfbitz_forest:spartan:grinding{bits=14}: bitz::piop::spartan::grinding: close time.busy=133µs time.idle=110ns
2026-10-07T19:22:30.169857Z  INFO falcon_algebraic:prove:falcon_algebraic:bitz:falcon_bridge:wfbitz_forest:spartan:grinding{bits=14}: bitz::piop::spartan::grinding: close time.busy=185µs time.idle=110ns
2026-10-07T19:22:30.169873Z  INFO falcon_algebraic:prove:falcon_algebraic:bitz:falcon_bridge:wfbitz_forest:spartan:grinding{bits=14}: bitz::piop::spartan::grinding: close time.busy=12.7µs time.idle=110ns
2026-10-07T19:22:30.175695Z  INFO falcon_algebraic:prove:falcon_algebraic:bitz:falcon_bridge:wfbitz_forest:spartan:grinding{bits=14}: bitz::piop::spartan::grinding: close time.busy=7.97µs time.idle=361ns
2026-10-07T19:22:30.175791Z  INFO falcon_algebraic:prove:falcon_algebraic:bitz:falcon_bridge:wfbitz_forest:spartan:grinding{bits=14}: bitz::piop::spartan::grinding: close time.busy=92.5µs time.idle=120ns
2026-10-07T19:22:30.180099Z  INFO falcon_algebraic:prove:falcon_algebraic:bitz:falcon_bridge:wfbitz_forest:spartan:grinding{bits=14}: bitz::piop::spartan::grinding: close time.busy=56.8µs time.idle=120ns
2026-10-07T19:22:30.183633Z  INFO falcon_algebraic:prove:falcon_algebraic:bitz:falcon_bridge:wfbitz_forest:spartan:grinding{bits=14}: bitz::piop::spartan::grinding: close time.busy=19.2µs time.idle=340ns
2026-10-07T19:22:30.185190Z  INFO falcon_algebraic:prove:falcon_algebraic:bitz:falcon_bridge:wfbitz_forest:spartan:grinding{bits=14}: bitz::piop::spartan::grinding: close time.busy=58.6µs time.idle=241ns
2026-10-07T19:22:30.185971Z  INFO falcon_algebraic:prove:falcon_algebraic:bitz:falcon_bridge:wfbitz_forest:spartan:grinding{bits=14}: bitz::piop::spartan::grinding: close time.busy=72.7µs time.idle=180ns
2026-10-07T19:22:30.186387Z  INFO falcon_algebraic:prove:falcon_algebraic:bitz:falcon_bridge:wfbitz_forest:spartan:grinding{bits=14}: bitz::piop::spartan::grinding: close time.busy=70.9µs time.idle=140ns
2026-10-07T19:22:30.186623Z  INFO falcon_algebraic:prove:falcon_algebraic:bitz:falcon_bridge:wfbitz_forest:spartan:grinding{bits=14}: bitz::piop::spartan::grinding: close time.busy=61.1µs time.idle=120ns
2026-10-07T19:22:30.186722Z  INFO falcon_algebraic:prove:falcon_algebraic:bitz:falcon_bridge:wfbitz_forest:spartan:grinding{bits=14}: bitz::piop::spartan::grinding: close time.busy=6.57µs time.idle=120ns
2026-10-07T19:22:30.186814Z  INFO falcon_algebraic:prove:falcon_algebraic:bitz:falcon_bridge:wfbitz_forest:spartan:grinding{bits=14}: bitz::piop::spartan::grinding: close time.busy=42.4µs time.idle=131ns
2026-10-07T19:22:30.186869Z  INFO falcon_algebraic:prove:falcon_algebraic:bitz:falcon_bridge:wfbitz_forest:spartan:grinding{bits=14}: bitz::piop::spartan::grinding: close time.busy=26.0µs time.idle=130ns
2026-10-07T19:22:30.187075Z  INFO falcon_algebraic:prove:falcon_algebraic:bitz:falcon_bridge:wfbitz_forest:spartan:grinding{bits=14}: bitz::piop::spartan::grinding: close time.busy=192µs time.idle=130ns
2026-10-07T19:22:30.187154Z  INFO falcon_algebraic:prove:falcon_algebraic:bitz:falcon_bridge:wfbitz_forest:spartan:grinding{bits=14}: bitz::piop::spartan::grinding: close time.busy=48.2µs time.idle=111ns
2026-10-07T19:22:30.187225Z  INFO falcon_algebraic:prove:falcon_algebraic:bitz:falcon_bridge:wfbitz_forest:spartan:grinding{bits=14}: bitz::piop::spartan::grinding: close time.busy=62.9µs time.idle=110ns
2026-10-07T19:22:30.187318Z  INFO falcon_algebraic:prove:falcon_algebraic:bitz:falcon_bridge:wfbitz_forest:spartan:grinding{bits=14}: bitz::piop::spartan::grinding: close time.busy=87.1µs time.idle=110ns
2026-10-07T19:22:30.187333Z  INFO falcon_algebraic:prove:falcon_algebraic:bitz:falcon_bridge:wfbitz_forest:spartan:grinding{bits=14}: bitz::piop::spartan::grinding: close time.busy=11.2µs time.idle=120ns
2026-10-07T19:22:30.187518Z  INFO falcon_algebraic:prove:falcon_algebraic:bitz:falcon_bridge:wfbitz_forest:spartan:grinding{bits=14}: bitz::piop::spartan::grinding: close time.busy=182µs time.idle=120ns
2026-10-07T19:22:30.187817Z  INFO falcon_algebraic:prove:falcon_algebraic:bitz:falcon_bridge:wfbitz_forest:spartan:grinding{bits=14}: bitz::piop::spartan::grinding: close time.busy=295µs time.idle=110ns
2026-10-07T19:22:30.187873Z  INFO falcon_algebraic:prove:falcon_algebraic:bitz:falcon_bridge:wfbitz_forest:spartan:grinding{bits=14}: bitz::piop::spartan::grinding: close time.busy=51.6µs time.idle=121ns
2026-10-07T19:22:30.187982Z  INFO falcon_algebraic:prove:falcon_algebraic:bitz:falcon_bridge:wfbitz_forest:spartan:grinding{bits=14}: bitz::piop::spartan::grinding: close time.busy=106µs time.idle=111ns
2026-10-07T19:22:30.188019Z  INFO falcon_algebraic:prove:falcon_algebraic:bitz:falcon_bridge:wfbitz_forest:spartan:grinding{bits=14}: bitz::piop::spartan::grinding: close time.busy=34.0µs time.idle=110ns
2026-10-07T19:22:30.188103Z  INFO falcon_algebraic:prove:falcon_algebraic:bitz:falcon_bridge:wfbitz_forest:spartan:grinding{bits=14}: bitz::piop::spartan::grinding: close time.busy=81.5µs time.idle=110ns
2026-10-07T19:22:30.188210Z  INFO falcon_algebraic:prove:falcon_algebraic:bitz:falcon_bridge:wfbitz_forest:spartan:grinding{bits=14}: bitz::piop::spartan::grinding: close time.busy=105µs time.idle=110ns
2026-10-07T19:22:30.188263Z  INFO falcon_algebraic:prove:falcon_algebraic:bitz:falcon_bridge:wfbitz_forest:spartan:grinding{bits=14}: bitz::piop::spartan::grinding: close time.busy=50.5µs time.idle=110ns
2026-10-07T19:22:30.188306Z  INFO falcon_algebraic:prove:falcon_algebraic:bitz:falcon_bridge:wfbitz_forest:spartan:grinding{bits=14}: bitz::piop::spartan::grinding: close time.busy=39.6µs time.idle=110ns
2026-10-07T19:22:30.193705Z  INFO falcon_algebraic:prove:falcon_algebraic:bitz:falcon_bridge:wfbitz_forest:spartan:grinding{bits=14}: bitz::piop::spartan::grinding: close time.busy=32.7µs time.idle=120ns
2026-10-07T19:22:30.193782Z  INFO falcon_algebraic:prove:falcon_algebraic:bitz:falcon_bridge:wfbitz_forest:spartan:grinding{bits=14}: bitz::piop::spartan::grinding: close time.busy=73.5µs time.idle=111ns
2026-10-07T19:22:30.193807Z  INFO falcon_algebraic:prove:falcon_algebraic:bitz:falcon_bridge:wfbitz_forest:spartan:grinding{bits=14}: bitz::piop::spartan::grinding: close time.busy=21.7µs time.idle=110ns
2026-10-07T19:22:30.198203Z  INFO falcon_algebraic:prove:falcon_algebraic:bitz:falcon_bridge:wfbitz_forest:spartan:grinding{bits=14}: bitz::piop::spartan::grinding: close time.busy=37.0µs time.idle=120ns
2026-10-07T19:22:30.201723Z  INFO falcon_algebraic:prove:falcon_algebraic:bitz:falcon_bridge:wfbitz_forest:spartan:grinding{bits=14}: bitz::piop::spartan::grinding: close time.busy=8.62µs time.idle=351ns
2026-10-07T19:22:30.203266Z  INFO falcon_algebraic:prove:falcon_algebraic:bitz:falcon_bridge:wfbitz_forest:spartan:grinding{bits=14}: bitz::piop::spartan::grinding: close time.busy=36.3µs time.idle=242ns
2026-10-07T19:22:30.204049Z  INFO falcon_algebraic:prove:falcon_algebraic:bitz:falcon_bridge:wfbitz_forest:spartan:grinding{bits=14}: bitz::piop::spartan::grinding: close time.busy=78.1µs time.idle=130ns
2026-10-07T19:22:30.204412Z  INFO falcon_algebraic:prove:falcon_algebraic:bitz:falcon_bridge:wfbitz_forest:spartan:grinding{bits=14}: bitz::piop::spartan::grinding: close time.busy=19.6µs time.idle=120ns
2026-10-07T19:22:30.204616Z  INFO falcon_algebraic:prove:falcon_algebraic:bitz:falcon_bridge:wfbitz_forest:spartan:grinding{bits=14}: bitz::piop::spartan::grinding: close time.busy=28.4µs time.idle=130ns
2026-10-07T19:22:30.204821Z  INFO falcon_algebraic:prove:falcon_algebraic:bitz:falcon_bridge:wfbitz_forest:spartan:grinding{bits=14}: bitz::piop::spartan::grinding: close time.busy=114µs time.idle=120ns
2026-10-07T19:22:30.204935Z  INFO falcon_algebraic:prove:falcon_algebraic:bitz:falcon_bridge:wfbitz_forest:spartan:grinding{bits=14}: bitz::piop::spartan::grinding: close time.busy=63.6µs time.idle=131ns
2026-10-07T19:22:30.204979Z  INFO falcon_algebraic:prove:falcon_algebraic:bitz:falcon_bridge:wfbitz_forest:spartan:grinding{bits=14}: bitz::piop::spartan::grinding: close time.busy=14.9µs time.idle=110ns
2026-10-07T19:22:30.205031Z  INFO falcon_algebraic:prove:falcon_algebraic:bitz:falcon_bridge:wfbitz_forest:spartan:grinding{bits=14}: bitz::piop::spartan::grinding: close time.busy=38.5µs time.idle=130ns
2026-10-07T19:22:30.205078Z  INFO falcon_algebraic:prove:falcon_algebraic:bitz:falcon_bridge:wfbitz_forest:spartan:grinding{bits=14}: bitz::piop::spartan::grinding: close time.busy=12.9µs time.idle=120ns
2026-10-07T19:22:30.205109Z  INFO falcon_algebraic:prove:falcon_algebraic:bitz:falcon_bridge:wfbitz_forest:spartan:grinding{bits=14}: bitz::piop::spartan::grinding: close time.busy=22.8µs time.idle=120ns
2026-10-07T19:22:30.205138Z  INFO falcon_algebraic:prove:falcon_algebraic:bitz:falcon_bridge:wfbitz_forest:spartan:grinding{bits=14}: bitz::piop::spartan::grinding: close time.busy=23.0µs time.idle=121ns
2026-10-07T19:22:30.205155Z  INFO falcon_algebraic:prove:falcon_algebraic:bitz:falcon_bridge:wfbitz_forest:spartan:grinding{bits=14}: bitz::piop::spartan::grinding: close time.busy=12.1µs time.idle=110ns
2026-10-07T19:22:30.205174Z  INFO falcon_algebraic:prove:falcon_algebraic:bitz:falcon_bridge:wfbitz_forest:spartan:grinding{bits=14}: bitz::piop::spartan::grinding: close time.busy=15.7µs time.idle=120ns
2026-10-07T19:22:30.205189Z  INFO falcon_algebraic:prove:falcon_algebraic:bitz:falcon_bridge:wfbitz_forest:spartan:grinding{bits=14}: bitz::piop::spartan::grinding: close time.busy=12.4µs time.idle=120ns
2026-10-07T19:22:30.205207Z  INFO falcon_algebraic:prove:falcon_algebraic:bitz:falcon_bridge:wfbitz_forest:spartan:grinding{bits=14}: bitz::piop::spartan::grinding: close time.busy=14.7µs time.idle=111ns
2026-10-07T19:22:30.205257Z  INFO falcon_algebraic:prove:falcon_algebraic:bitz:falcon_bridge:wfbitz_forest:spartan:grinding{bits=14}: bitz::piop::spartan::grinding: close time.busy=47.0µs time.idle=120ns
2026-10-07T19:22:30.205272Z  INFO falcon_algebraic:prove:falcon_algebraic:bitz:falcon_bridge:wfbitz_forest:spartan:grinding{bits=14}: bitz::piop::spartan::grinding: close time.busy=12.7µs time.idle=110ns
2026-10-07T19:22:30.205323Z  INFO falcon_algebraic:prove:falcon_algebraic:bitz:falcon_bridge:wfbitz_forest:spartan:grinding{bits=14}: bitz::piop::spartan::grinding: close time.busy=47.7µs time.idle=110ns
2026-10-07T19:22:30.205451Z  INFO falcon_algebraic:prove:falcon_algebraic:bitz:falcon_bridge:wfbitz_forest:spartan:grinding{bits=14}: bitz::piop::spartan::grinding: close time.busy=125µs time.idle=120ns
2026-10-07T19:22:30.205461Z  INFO falcon_algebraic:prove:falcon_algebraic:bitz:falcon_bridge:wfbitz_forest:spartan:grinding{bits=14}: bitz::piop::spartan::grinding: close time.busy=6.75µs time.idle=121ns
2026-10-07T19:22:30.205566Z  INFO falcon_algebraic:prove:falcon_algebraic:bitz:falcon_bridge:wfbitz_forest:spartan:grinding{bits=14}: bitz::piop::spartan::grinding: close time.busy=102µs time.idle=120ns
2026-10-07T19:22:30.207097Z  INFO falcon_algebraic:prove:falcon_algebraic:bitz:falcon_bridge:wfbitz_forest: bitz::hybrid::integer_bridge: close time.busy=107ms time.idle=140ns
2026-10-07T19:22:30.207167Z  INFO falcon_algebraic:prove:falcon_algebraic:bitz: bitz::piop::spartan::falcon1024_algebraic::protocol: close time.busy=116ms time.idle=321ns
2026-10-07T19:22:30.214198Z  INFO falcon_algebraic:prove:falcon_joint:packed_setup: bitz::hybrid::joint_sumcheck: close time.busy=7.03ms time.idle=170ns
2026-10-07T19:22:30.214251Z  INFO falcon_algebraic:prove:spartan:round_grinding_prove:spartan:grinding{bits=10}: bitz::piop::spartan::grinding: close time.busy=692ns time.idle=110ns
2026-10-07T19:22:30.214253Z  INFO falcon_algebraic:prove:spartan:round_grinding_prove: bitz::sumcheck::boundary: close time.busy=3.77µs time.idle=140ns
2026-10-07T19:22:30.214318Z  INFO falcon_algebraic:prove:spartan:round_grinding_prove:spartan:grinding{bits=10}: bitz::piop::spartan::grinding: close time.busy=7.27µs time.idle=120ns
2026-10-07T19:22:30.214319Z  INFO falcon_algebraic:prove:spartan:round_grinding_prove: bitz::sumcheck::boundary: close time.busy=9.50µs time.idle=111ns
2026-10-07T19:22:30.214374Z  INFO falcon_algebraic:prove:spartan:round_grinding_prove:spartan:grinding{bits=10}: bitz::piop::spartan::grinding: close time.busy=1.79µs time.idle=121ns
2026-10-07T19:22:30.214376Z  INFO falcon_algebraic:prove:spartan:round_grinding_prove: bitz::sumcheck::boundary: close time.busy=5.04µs time.idle=120ns
2026-10-07T19:22:30.214429Z  INFO falcon_algebraic:prove:spartan:round_grinding_prove:spartan:grinding{bits=10}: bitz::piop::spartan::grinding: close time.busy=1.52µs time.idle=110ns
2026-10-07T19:22:30.214430Z  INFO falcon_algebraic:prove:spartan:round_grinding_prove: bitz::sumcheck::boundary: close time.busy=3.84µs time.idle=121ns
2026-10-07T19:22:30.214486Z  INFO falcon_algebraic:prove:spartan:round_grinding_prove:spartan:grinding{bits=10}: bitz::piop::spartan::grinding: close time.busy=5.69µs time.idle=120ns
2026-10-07T19:22:30.214487Z  INFO falcon_algebraic:prove:spartan:round_grinding_prove: bitz::sumcheck::boundary: close time.busy=7.83µs time.idle=130ns
2026-10-07T19:22:30.214537Z  INFO falcon_algebraic:prove:spartan:round_grinding_prove:spartan:grinding{bits=10}: bitz::piop::spartan::grinding: close time.busy=130ns time.idle=110ns
2026-10-07T19:22:30.214538Z  INFO falcon_algebraic:prove:spartan:round_grinding_prove: bitz::sumcheck::boundary: close time.busy=2.26µs time.idle=110ns
2026-10-07T19:22:30.214592Z  INFO falcon_algebraic:prove:spartan:round_grinding_prove:spartan:grinding{bits=10}: bitz::piop::spartan::grinding: close time.busy=4.62µs time.idle=120ns
2026-10-07T19:22:30.214593Z  INFO falcon_algebraic:prove:spartan:round_grinding_prove: bitz::sumcheck::boundary: close time.busy=6.70µs time.idle=120ns
2026-10-07T19:22:30.217464Z  INFO falcon_algebraic:prove:falcon_joint:prepare: bitz::hybrid::joint_sumcheck: close time.busy=2.87ms time.idle=150ns
2026-10-07T19:22:30.217469Z  INFO falcon_algebraic:prove:spartan:round_grinding_prove:spartan:grinding{bits=10}: bitz::piop::spartan::grinding: close time.busy=1.24µs time.idle=121ns
2026-10-07T19:22:30.217470Z  INFO falcon_algebraic:prove:spartan:round_grinding_prove: bitz::sumcheck::boundary: close time.busy=3.66µs time.idle=110ns
2026-10-07T19:22:30.218108Z  INFO falcon_algebraic:prove:falcon_joint:compact: bitz::hybrid::joint_sumcheck: close time.busy=635µs time.idle=140ns
2026-10-07T19:22:30.218112Z  INFO falcon_algebraic:prove:spartan:round_grinding_prove:spartan:grinding{bits=10}: bitz::piop::spartan::grinding: close time.busy=1.44µs time.idle=111ns
2026-10-07T19:22:30.218114Z  INFO falcon_algebraic:prove:spartan:round_grinding_prove: bitz::sumcheck::boundary: close time.busy=3.95µs time.idle=110ns
2026-10-07T19:22:30.218422Z  INFO falcon_algebraic:prove:falcon_joint:compact: bitz::hybrid::joint_sumcheck: close time.busy=307µs time.idle=110ns
2026-10-07T19:22:30.218427Z  INFO falcon_algebraic:prove:spartan:round_grinding_prove:spartan:grinding{bits=10}: bitz::piop::spartan::grinding: close time.busy=2.16µs time.idle=110ns
2026-10-07T19:22:30.218428Z  INFO falcon_algebraic:prove:spartan:round_grinding_prove: bitz::sumcheck::boundary: close time.busy=4.34µs time.idle=110ns
2026-10-07T19:22:30.218603Z  INFO falcon_algebraic:prove:falcon_joint:compact: bitz::hybrid::joint_sumcheck: close time.busy=174µs time.idle=111ns
2026-10-07T19:22:30.218612Z  INFO falcon_algebraic:prove:spartan:round_grinding_prove:spartan:grinding{bits=10}: bitz::piop::spartan::grinding: close time.busy=5.44µs time.idle=120ns
2026-10-07T19:22:30.218613Z  INFO falcon_algebraic:prove:spartan:round_grinding_prove: bitz::sumcheck::boundary: close time.busy=7.59µs time.idle=111ns
2026-10-07T19:22:30.218761Z  INFO falcon_algebraic:prove:falcon_joint:compact: bitz::hybrid::joint_sumcheck: close time.busy=146µs time.idle=111ns
2026-10-07T19:22:30.218768Z  INFO falcon_algebraic:prove:spartan:round_grinding_prove:spartan:grinding{bits=10}: bitz::piop::spartan::grinding: close time.busy=3.98µs time.idle=120ns
2026-10-07T19:22:30.218769Z  INFO falcon_algebraic:prove:spartan:round_grinding_prove: bitz::sumcheck::boundary: close time.busy=6.13µs time.idle=111ns
2026-10-07T19:22:30.218799Z  INFO falcon_algebraic:prove:falcon_joint:dense: bitz::hybrid::joint_sumcheck: close time.busy=28.7µs time.idle=121ns
2026-10-07T19:22:30.218805Z  INFO falcon_algebraic:prove:spartan:round_grinding_prove:spartan:grinding{bits=10}: bitz::piop::spartan::grinding: close time.busy=2.60µs time.idle=120ns
2026-10-07T19:22:30.218807Z  INFO falcon_algebraic:prove:spartan:round_grinding_prove: bitz::sumcheck::boundary: close time.busy=4.95µs time.idle=110ns
2026-10-07T19:22:30.218824Z  INFO falcon_algebraic:prove:falcon_joint:dense: bitz::hybrid::joint_sumcheck: close time.busy=15.6µs time.idle=120ns
2026-10-07T19:22:30.218839Z  INFO falcon_algebraic:prove:spartan:round_grinding_prove:spartan:grinding{bits=10}: bitz::piop::spartan::grinding: close time.busy=12.1µs time.idle=110ns
2026-10-07T19:22:30.218840Z  INFO falcon_algebraic:prove:spartan:round_grinding_prove: bitz::sumcheck::boundary: close time.busy=14.4µs time.idle=120ns
2026-10-07T19:22:30.218851Z  INFO falcon_algebraic:prove:falcon_joint:dense: bitz::hybrid::joint_sumcheck: close time.busy=9.43µs time.idle=110ns
2026-10-07T19:22:30.218855Z  INFO falcon_algebraic:prove:spartan:round_grinding_prove:spartan:grinding{bits=10}: bitz::piop::spartan::grinding: close time.busy=1.50µs time.idle=110ns
2026-10-07T19:22:30.218856Z  INFO falcon_algebraic:prove:spartan:round_grinding_prove: bitz::sumcheck::boundary: close time.busy=3.68µs time.idle=110ns
2026-10-07T19:22:30.218864Z  INFO falcon_algebraic:prove:falcon_joint:dense: bitz::hybrid::joint_sumcheck: close time.busy=6.51µs time.idle=120ns
2026-10-07T19:22:30.218867Z  INFO falcon_algebraic:prove:spartan:round_grinding_prove:spartan:grinding{bits=10}: bitz::piop::spartan::grinding: close time.busy=511ns time.idle=110ns
2026-10-07T19:22:30.218868Z  INFO falcon_algebraic:prove:spartan:round_grinding_prove: bitz::sumcheck::boundary: close time.busy=2.83µs time.idle=110ns
2026-10-07T19:22:30.218871Z  INFO falcon_algebraic:prove:falcon_joint:dense: bitz::hybrid::joint_sumcheck: close time.busy=1.38µs time.idle=120ns
2026-10-07T19:22:30.218874Z  INFO falcon_algebraic:prove:spartan:round_grinding_prove:spartan:grinding{bits=10}: bitz::piop::spartan::grinding: close time.busy=191ns time.idle=120ns
2026-10-07T19:22:30.218875Z  INFO falcon_algebraic:prove:spartan:round_grinding_prove: bitz::sumcheck::boundary: close time.busy=2.69µs time.idle=130ns
2026-10-07T19:22:30.218877Z  INFO falcon_algebraic:prove:falcon_joint:dense: bitz::hybrid::joint_sumcheck: close time.busy=742ns time.idle=130ns
2026-10-07T19:22:30.218893Z  INFO falcon_algebraic:prove:spartan:round_grinding_prove:spartan:grinding{bits=10}: bitz::piop::spartan::grinding: close time.busy=14.0µs time.idle=110ns
2026-10-07T19:22:30.218894Z  INFO falcon_algebraic:prove:spartan:round_grinding_prove: bitz::sumcheck::boundary: close time.busy=15.9µs time.idle=100ns
2026-10-07T19:22:30.218896Z  INFO falcon_algebraic:prove:falcon_joint:dense: bitz::hybrid::joint_sumcheck: close time.busy=391ns time.idle=130ns
2026-10-07T19:22:30.218903Z  INFO falcon_algebraic:prove:spartan:round_grinding_prove:spartan:grinding{bits=10}: bitz::piop::spartan::grinding: close time.busy=4.79µs time.idle=110ns
2026-10-07T19:22:30.218904Z  INFO falcon_algebraic:prove:spartan:round_grinding_prove: bitz::sumcheck::boundary: close time.busy=6.71µs time.idle=111ns
2026-10-07T19:22:30.218906Z  INFO falcon_algebraic:prove:falcon_joint:dense: bitz::hybrid::joint_sumcheck: close time.busy=240ns time.idle=120ns
2026-10-07T19:22:30.218910Z  INFO falcon_algebraic:prove:spartan:round_grinding_prove:spartan:grinding{bits=10}: bitz::piop::spartan::grinding: close time.busy=1.55µs time.idle=120ns
2026-10-07T19:22:30.218911Z  INFO falcon_algebraic:prove:spartan:round_grinding_prove: bitz::sumcheck::boundary: close time.busy=3.55µs time.idle=101ns
2026-10-07T19:22:30.218913Z  INFO falcon_algebraic:prove:falcon_joint:dense: bitz::hybrid::joint_sumcheck: close time.busy=171ns time.idle=110ns
2026-10-07T19:22:30.218920Z  INFO falcon_algebraic:prove:spartan:round_grinding_prove:spartan:grinding{bits=10}: bitz::piop::spartan::grinding: close time.busy=5.63µs time.idle=110ns
2026-10-07T19:22:30.218926Z  INFO falcon_algebraic:prove:spartan:round_grinding_prove: bitz::sumcheck::boundary: close time.busy=12.3µs time.idle=110ns
2026-10-07T19:22:30.218928Z  INFO falcon_algebraic:prove:falcon_joint:dense: bitz::hybrid::joint_sumcheck: close time.busy=130ns time.idle=101ns
2026-10-07T19:22:30.218932Z  INFO falcon_algebraic:prove:spartan:round_grinding_prove:spartan:grinding{bits=10}: bitz::piop::spartan::grinding: close time.busy=1.94µs time.idle=110ns
2026-10-07T19:22:30.218933Z  INFO falcon_algebraic:prove:spartan:round_grinding_prove: bitz::sumcheck::boundary: close time.busy=3.95µs time.idle=120ns
2026-10-07T19:22:30.218935Z  INFO falcon_algebraic:prove:falcon_joint:dense: bitz::hybrid::joint_sumcheck: close time.busy=100ns time.idle=110ns
2026-10-07T19:22:30.218937Z  INFO falcon_algebraic:prove:spartan:round_grinding_prove:spartan:grinding{bits=10}: bitz::piop::spartan::grinding: close time.busy=682ns time.idle=100ns
2026-10-07T19:22:30.218939Z  INFO falcon_algebraic:prove:spartan:round_grinding_prove: bitz::sumcheck::boundary: close time.busy=2.92µs time.idle=120ns
2026-10-07T19:22:30.218940Z  INFO falcon_algebraic:prove:falcon_joint:dense: bitz::hybrid::joint_sumcheck: close time.busy=110ns time.idle=110ns
2026-10-07T19:22:30.218943Z  INFO falcon_algebraic:prove:spartan:round_grinding_prove:spartan:grinding{bits=10}: bitz::piop::spartan::grinding: close time.busy=511ns time.idle=110ns
2026-10-07T19:22:30.218944Z  INFO falcon_algebraic:prove:spartan:round_grinding_prove: bitz::sumcheck::boundary: close time.busy=2.60µs time.idle=100ns
2026-10-07T19:22:30.218946Z  INFO falcon_algebraic:prove:falcon_joint:dense: bitz::hybrid::joint_sumcheck: close time.busy=160ns time.idle=121ns
2026-10-07T19:22:30.218950Z  INFO falcon_algebraic:prove:spartan:round_grinding_prove:spartan:grinding{bits=10}: bitz::piop::spartan::grinding: close time.busy=1.60µs time.idle=110ns
2026-10-07T19:22:30.218951Z  INFO falcon_algebraic:prove:spartan:round_grinding_prove: bitz::sumcheck::boundary: close time.busy=3.62µs time.idle=100ns
2026-10-07T19:22:30.218952Z  INFO falcon_algebraic:prove:falcon_joint:dense: bitz::hybrid::joint_sumcheck: close time.busy=70.0ns time.idle=121ns
2026-10-07T19:22:30.218957Z  INFO falcon_algebraic:prove:spartan:round_grinding_prove:spartan:grinding{bits=10}: bitz::piop::spartan::grinding: close time.busy=2.22µs time.idle=120ns
2026-10-07T19:22:30.218958Z  INFO falcon_algebraic:prove:spartan:round_grinding_prove: bitz::sumcheck::boundary: close time.busy=4.28µs time.idle=110ns
2026-10-07T19:22:30.218959Z  INFO falcon_algebraic:prove:falcon_joint:dense: bitz::hybrid::joint_sumcheck: close time.busy=80.0ns time.idle=100ns
2026-10-07T19:22:30.225755Z  INFO falcon_algebraic:prove:falcon_algebraic:pcs:op:ring_switch:spartan:grinding{bits=12}: bitz::piop::spartan::grinding: close time.busy=5.50µs time.idle=120ns
2026-10-07T19:22:30.225769Z  INFO falcon_algebraic:prove:falcon_algebraic:pcs:op:ring_switch: bitz::hybrid::opening: close time.busy=6.81ms time.idle=140ns
2026-10-07T19:22:30.225778Z  INFO falcon_algebraic:prove:falcon_algebraic:pcs:op:extra_bases:spartan:grinding{bits=12}: bitz::piop::spartan::grinding: close time.busy=5.94µs time.idle=110ns
2026-10-07T19:22:30.233100Z  INFO falcon_algebraic:prove:falcon_algebraic:pcs:op:extra_bases:op:initial_messages: bitz::hybrid::opening::streamed: close time.busy=7.31ms time.idle=130ns
2026-10-07T19:22:30.233102Z  INFO falcon_algebraic:prove:falcon_algebraic:pcs:op:extra_bases: bitz::hybrid::opening: close time.busy=7.33ms time.idle=150ns
2026-10-07T19:22:30.233125Z  INFO falcon_algebraic:prove:falcon_algebraic:pcs:op:ligerito:lig:grind_pow{bits=21}:spartan:grinding{bits=12}: bitz::piop::spartan::grinding: close time.busy=16.0µs time.idle=181ns
2026-10-07T19:22:30.242684Z  INFO falcon_algebraic:prove:falcon_algebraic:pcs:op:ligerito:lig:grind_pow{bits=21 seed_lo=7782896377262837913 seed_hi=1232093470783840703 nonce=2591156}: bitz::ligerito_flock: close time.busy=9.58ms time.idle=140ns
2026-10-07T19:22:30.242699Z  INFO falcon_algebraic:prove:falcon_algebraic:pcs:op:ligerito:spartan:grinding{bits=12}: bitz::piop::spartan::grinding: close time.busy=12.2µs time.idle=110ns
2026-10-07T19:22:30.242729Z  INFO falcon_algebraic:prove:falcon_algebraic:pcs:op:ligerito:lig:grind_pow{bits=21}:spartan:grinding{bits=12}: bitz::piop::spartan::grinding: close time.busy=26.0µs time.idle=110ns
2026-10-07T19:22:30.256065Z  INFO falcon_algebraic:prove:falcon_algebraic:pcs:op:ligerito:lig:grind_pow{bits=21 seed_lo=1390348858993539341 seed_hi=18039902113888531502 nonce=3612296}: bitz::ligerito_flock: close time.busy=13.4ms time.idle=120ns
2026-10-07T19:22:30.256074Z  INFO falcon_algebraic:prove:falcon_algebraic:pcs:op:ligerito:spartan:grinding{bits=12}: bitz::piop::spartan::grinding: close time.busy=6.67µs time.idle=120ns
2026-10-07T19:22:30.258538Z  INFO falcon_algebraic:prove:falcon_algebraic:pcs:op:ligerito:op:deferred_first_fold: bitz::hybrid::opening::streamed: close time.busy=2.46ms time.idle=141ns
2026-10-07T19:22:30.258583Z  INFO falcon_algebraic:prove:falcon_algebraic:pcs:op:ligerito:lig:grind_pow{bits=21}:spartan:grinding{bits=12}: bitz::piop::spartan::grinding: close time.busy=39.7µs time.idle=110ns
2026-10-07T19:22:30.264377Z  INFO falcon_algebraic:prove:falcon_algebraic:pcs:op:ligerito:lig:grind_pow{bits=21 seed_lo=9203999042705538316 seed_hi=6106100288884595305 nonce=1572428}: bitz::ligerito_flock: close time.busy=5.84ms time.idle=130ns
2026-10-07T19:22:30.264420Z  INFO falcon_algebraic:prove:falcon_algebraic:pcs:op:ligerito:spartan:grinding{bits=12}: bitz::piop::spartan::grinding: close time.busy=40.8µs time.idle=110ns
2026-10-07T19:22:30.264432Z  INFO falcon_algebraic:prove:falcon_algebraic:pcs:op:ligerito:lig:grind_pow{bits=21}:spartan:grinding{bits=12}: bitz::piop::spartan::grinding: close time.busy=8.94µs time.idle=110ns
2026-10-07T19:22:30.264604Z  INFO falcon_algebraic:prove:falcon_algebraic:pcs:op:ligerito:lig:grind_pow{bits=21 seed_lo=1906399967468975050 seed_hi=13214599113373558849 nonce=44935}: bitz::ligerito_flock: close time.busy=182µs time.idle=110ns
2026-10-07T19:22:30.264612Z  INFO falcon_algebraic:prove:falcon_algebraic:pcs:op:ligerito:spartan:grinding{bits=12}: bitz::piop::spartan::grinding: close time.busy=5.79µs time.idle=110ns
2026-10-07T19:22:30.266745Z  INFO falcon_algebraic:prove:falcon_algebraic:pcs:op:ligerito:lig:grind_pow{bits=11}:spartan:grinding{bits=12}: bitz::piop::spartan::grinding: close time.busy=29.3µs time.idle=110ns
2026-10-07T19:22:30.266751Z  INFO falcon_algebraic:prove:falcon_algebraic:pcs:op:ligerito:lig:grind_pow{bits=11 seed_lo=11863142424663252964 seed_hi=7608612209176024363 nonce=727}: bitz::ligerito_flock: close time.busy=36.8µs time.idle=120ns
2026-10-07T19:22:30.266764Z  INFO falcon_algebraic:prove:falcon_algebraic:pcs:op:ligerito:spartan:grinding{bits=12}: bitz::piop::spartan::grinding: close time.busy=10.1µs time.idle=111ns
2026-10-07T19:22:30.268473Z  INFO falcon_algebraic:prove:falcon_algebraic:pcs:op:ligerito:lig:grind_pow{bits=7}:spartan:grinding{bits=12}: bitz::piop::spartan::grinding: close time.busy=40.6µs time.idle=130ns
2026-10-07T19:22:30.268478Z  INFO falcon_algebraic:prove:falcon_algebraic:pcs:op:ligerito:lig:grind_pow{bits=7 seed_lo=14200920854988846897 seed_hi=9727129184971576708 nonce=50}: bitz::ligerito_flock: close time.busy=46.0µs time.idle=120ns
2026-10-07T19:22:30.268503Z  INFO falcon_algebraic:prove:falcon_algebraic:pcs:op:ligerito:spartan:grinding{bits=12}: bitz::piop::spartan::grinding: close time.busy=23.3µs time.idle=110ns
2026-10-07T19:22:30.268579Z  INFO falcon_algebraic:prove:falcon_algebraic:pcs:op:ligerito:lig:grind_pow{bits=20}:spartan:grinding{bits=12}: bitz::piop::spartan::grinding: close time.busy=4.29µs time.idle=391ns
2026-10-07T19:22:30.273142Z  INFO falcon_algebraic:prove:falcon_algebraic:pcs:op:ligerito:lig:grind_pow{bits=20 seed_lo=13153016097095406132 seed_hi=11333111590694357526 nonce=1232148}: bitz::ligerito_flock: close time.busy=4.57ms time.idle=120ns
2026-10-07T19:22:30.273167Z  INFO falcon_algebraic:prove:falcon_algebraic:pcs:op:ligerito:spartan:grinding{bits=12}: bitz::piop::spartan::grinding: close time.busy=22.2µs time.idle=110ns
2026-10-07T19:22:30.273245Z  INFO falcon_algebraic:prove:falcon_algebraic:pcs:op:ligerito:lig:grind_pow{bits=20}:spartan:grinding{bits=12}: bitz::piop::spartan::grinding: close time.busy=21.7µs time.idle=120ns
2026-10-07T19:22:30.275150Z  INFO falcon_algebraic:prove:falcon_algebraic:pcs:op:ligerito:lig:grind_pow{bits=20 seed_lo=18120949339362551210 seed_hi=13797532482951980797 nonce=513573}: bitz::ligerito_flock: close time.busy=1.93ms time.idle=120ns
2026-10-07T19:22:30.275172Z  INFO falcon_algebraic:prove:falcon_algebraic:pcs:op:ligerito:spartan:grinding{bits=12}: bitz::piop::spartan::grinding: close time.busy=19.8µs time.idle=110ns
2026-10-07T19:22:30.275218Z  INFO falcon_algebraic:prove:falcon_algebraic:pcs:op:ligerito:lig:grind_pow{bits=20}:spartan:grinding{bits=12}: bitz::piop::spartan::grinding: close time.busy=16.9µs time.idle=120ns
2026-10-07T19:22:30.282773Z  INFO falcon_algebraic:prove:falcon_algebraic:pcs:op:ligerito:lig:grind_pow{bits=20 seed_lo=13628995107953393307 seed_hi=15712384258317306391 nonce=2044155}: bitz::ligerito_flock: close time.busy=7.57ms time.idle=120ns
2026-10-07T19:22:30.282780Z  INFO falcon_algebraic:prove:falcon_algebraic:pcs:op:ligerito:spartan:grinding{bits=12}: bitz::piop::spartan::grinding: close time.busy=4.68µs time.idle=110ns
2026-10-07T19:22:30.283219Z  INFO falcon_algebraic:prove:falcon_algebraic:pcs:op:ligerito:lig:grind_pow{bits=11}:spartan:grinding{bits=12}: bitz::piop::spartan::grinding: close time.busy=24.4µs time.idle=110ns
2026-10-07T19:22:30.283225Z  INFO falcon_algebraic:prove:falcon_algebraic:pcs:op:ligerito:lig:grind_pow{bits=11 seed_lo=18131122073958842230 seed_hi=6558377748662426870 nonce=880}: bitz::ligerito_flock: close time.busy=31.3µs time.idle=121ns
2026-10-07T19:22:30.283251Z  INFO falcon_algebraic:prove:falcon_algebraic:pcs:op:ligerito:spartan:grinding{bits=12}: bitz::piop::spartan::grinding: close time.busy=24.0µs time.idle=121ns
2026-10-07T19:22:30.285006Z  INFO falcon_algebraic:prove:falcon_algebraic:pcs:op:ligerito:lig:grind_pow{bits=7}:spartan:grinding{bits=12}: bitz::piop::spartan::grinding: close time.busy=10.7µs time.idle=111ns
2026-10-07T19:22:30.285010Z  INFO falcon_algebraic:prove:falcon_algebraic:pcs:op:ligerito:lig:grind_pow{bits=7 seed_lo=14895857108928955344 seed_hi=3223044504095878320 nonce=124}: bitz::ligerito_flock: close time.busy=14.7µs time.idle=110ns
2026-10-07T19:22:30.285037Z  INFO falcon_algebraic:prove:falcon_algebraic:pcs:op:ligerito:spartan:grinding{bits=12}: bitz::piop::spartan::grinding: close time.busy=25.7µs time.idle=110ns
2026-10-07T19:22:30.285083Z  INFO falcon_algebraic:prove:falcon_algebraic:pcs:op:ligerito:lig:grind_pow{bits=18}:spartan:grinding{bits=12}: bitz::piop::spartan::grinding: close time.busy=29.4µs time.idle=110ns
2026-10-07T19:22:30.288379Z  INFO falcon_algebraic:prove:falcon_algebraic:pcs:op:ligerito:lig:grind_pow{bits=18 seed_lo=453564368383453620 seed_hi=12976033857424542712 nonce=890887}: bitz::ligerito_flock: close time.busy=3.33ms time.idle=100ns
2026-10-07T19:22:30.288397Z  INFO falcon_algebraic:prove:falcon_algebraic:pcs:op:ligerito:spartan:grinding{bits=12}: bitz::piop::spartan::grinding: close time.busy=16.5µs time.idle=110ns
2026-10-07T19:22:30.288420Z  INFO falcon_algebraic:prove:falcon_algebraic:pcs:op:ligerito:lig:grind_pow{bits=18}:spartan:grinding{bits=12}: bitz::piop::spartan::grinding: close time.busy=7.10µs time.idle=110ns
2026-10-07T19:22:30.290106Z  INFO falcon_algebraic:prove:falcon_algebraic:pcs:op:ligerito:lig:grind_pow{bits=18 seed_lo=8497645164218277621 seed_hi=10470839125067943915 nonce=454826}: bitz::ligerito_flock: close time.busy=1.69ms time.idle=120ns
2026-10-07T19:22:30.290163Z  INFO falcon_algebraic:prove:falcon_algebraic:pcs:op:ligerito:spartan:grinding{bits=12}: bitz::piop::spartan::grinding: close time.busy=55.4µs time.idle=110ns
2026-10-07T19:22:30.290253Z  INFO falcon_algebraic:prove:falcon_algebraic:pcs:op:ligerito:lig:grind_pow{bits=18}:spartan:grinding{bits=12}: bitz::piop::spartan::grinding: close time.busy=80.7µs time.idle=110ns
2026-10-07T19:22:30.293962Z  INFO falcon_algebraic:prove:falcon_algebraic:pcs:op:ligerito:lig:grind_pow{bits=18 seed_lo=17823865229576264904 seed_hi=16568388654074871767 nonce=1004781}: bitz::ligerito_flock: close time.busy=3.79ms time.idle=110ns
2026-10-07T19:22:30.293996Z  INFO falcon_algebraic:prove:falcon_algebraic:pcs:op:ligerito:spartan:grinding{bits=12}: bitz::piop::spartan::grinding: close time.busy=32.4µs time.idle=110ns
2026-10-07T19:22:30.294094Z  INFO falcon_algebraic:prove:falcon_algebraic:pcs:op:ligerito:lig:grind_pow{bits=11}:spartan:grinding{bits=12}: bitz::piop::spartan::grinding: close time.busy=7.97µs time.idle=111ns
2026-10-07T19:22:30.294100Z  INFO falcon_algebraic:prove:falcon_algebraic:pcs:op:ligerito:lig:grind_pow{bits=11 seed_lo=13433964008949040218 seed_hi=10569234093139357867 nonce=912}: bitz::ligerito_flock: close time.busy=14.5µs time.idle=121ns
2026-10-07T19:22:30.294118Z  INFO falcon_algebraic:prove:falcon_algebraic:pcs:op:ligerito:spartan:grinding{bits=12}: bitz::piop::spartan::grinding: close time.busy=16.0µs time.idle=120ns
2026-10-07T19:22:30.294409Z  INFO falcon_algebraic:prove:falcon_algebraic:pcs:op:ligerito:lig:grind_pow{bits=7}:spartan:grinding{bits=12}: bitz::piop::spartan::grinding: close time.busy=21.3µs time.idle=120ns
2026-10-07T19:22:30.294412Z  INFO falcon_algebraic:prove:falcon_algebraic:pcs:op:ligerito:lig:grind_pow{bits=7 seed_lo=17708133304720636886 seed_hi=8542872167252059656 nonce=69}: bitz::ligerito_flock: close time.busy=24.8µs time.idle=110ns
2026-10-07T19:22:30.294419Z  INFO falcon_algebraic:prove:falcon_algebraic:pcs:op:ligerito:spartan:grinding{bits=12}: bitz::piop::spartan::grinding: close time.busy=4.97µs time.idle=120ns
2026-10-07T19:22:30.294432Z  INFO falcon_algebraic:prove:falcon_algebraic:pcs:op:ligerito:lig:grind_pow{bits=16}:spartan:grinding{bits=12}: bitz::piop::spartan::grinding: close time.busy=9.09µs time.idle=130ns
2026-10-07T19:22:30.294479Z  INFO falcon_algebraic:prove:falcon_algebraic:pcs:op:ligerito:lig:grind_pow{bits=16 seed_lo=12264697307909555806 seed_hi=2786290376397005851 nonce=11015}: bitz::ligerito_flock: close time.busy=56.8µs time.idle=100ns
2026-10-07T19:22:30.294510Z  INFO falcon_algebraic:prove:falcon_algebraic:pcs:op:ligerito:spartan:grinding{bits=12}: bitz::piop::spartan::grinding: close time.busy=29.5µs time.idle=120ns
2026-10-07T19:22:30.294524Z  INFO falcon_algebraic:prove:falcon_algebraic:pcs:op:ligerito:lig:grind_pow{bits=16}:spartan:grinding{bits=12}: bitz::piop::spartan::grinding: close time.busy=9.35µs time.idle=110ns
2026-10-07T19:22:30.294636Z  INFO falcon_algebraic:prove:falcon_algebraic:pcs:op:ligerito:lig:grind_pow{bits=16 seed_lo=8500622567645159676 seed_hi=13770663449678747995 nonce=28669}: bitz::ligerito_flock: close time.busy=122µs time.idle=110ns
2026-10-07T19:22:30.294652Z  INFO falcon_algebraic:prove:falcon_algebraic:pcs:op:ligerito:spartan:grinding{bits=12}: bitz::piop::spartan::grinding: close time.busy=14.0µs time.idle=120ns
2026-10-07T19:22:30.294675Z  INFO falcon_algebraic:prove:falcon_algebraic:pcs:op:ligerito:lig:grind_pow{bits=16}:spartan:grinding{bits=12}: bitz::piop::spartan::grinding: close time.busy=18.1µs time.idle=111ns
2026-10-07T19:22:30.295265Z  INFO falcon_algebraic:prove:falcon_algebraic:pcs:op:ligerito:lig:grind_pow{bits=16 seed_lo=12132067003319211324 seed_hi=5379432219838869647 nonce=158065}: bitz::ligerito_flock: close time.busy=610µs time.idle=111ns
2026-10-07T19:22:30.295277Z  INFO falcon_algebraic:prove:falcon_algebraic:pcs:op:ligerito:spartan:grinding{bits=12}: bitz::piop::spartan::grinding: close time.busy=9.54µs time.idle=120ns
2026-10-07T19:22:30.295406Z  INFO falcon_algebraic:prove:falcon_algebraic:pcs:op:ligerito:lig:grind_pow{bits=11}:spartan:grinding{bits=12}: bitz::piop::spartan::grinding: close time.busy=5.39µs time.idle=120ns
2026-10-07T19:22:30.295412Z  INFO falcon_algebraic:prove:falcon_algebraic:pcs:op:ligerito:lig:grind_pow{bits=11 seed_lo=12475436497210080422 seed_hi=7495738971254834422 nonce=1087}: bitz::ligerito_flock: close time.busy=12.5µs time.idle=120ns
2026-10-07T19:22:30.295419Z  INFO falcon_algebraic:prove:falcon_algebraic:pcs:op:ligerito:spartan:grinding{bits=12}: bitz::piop::spartan::grinding: close time.busy=4.94µs time.idle=110ns
2026-10-07T19:22:30.295544Z  INFO falcon_algebraic:prove:falcon_algebraic:pcs:op:ligerito:lig:grind_pow{bits=7}:spartan:grinding{bits=12}: bitz::piop::spartan::grinding: close time.busy=15.6µs time.idle=110ns
2026-10-07T19:22:30.295547Z  INFO falcon_algebraic:prove:falcon_algebraic:pcs:op:ligerito:lig:grind_pow{bits=7 seed_lo=9455945101117962415 seed_hi=6949788878765259781 nonce=129}: bitz::ligerito_flock: close time.busy=19.0µs time.idle=120ns
2026-10-07T19:22:30.295581Z  INFO falcon_algebraic:prove:falcon_algebraic:pcs:op:ligerito:spartan:grinding{bits=12}: bitz::piop::spartan::grinding: close time.busy=32.5µs time.idle=120ns
2026-10-07T19:22:30.295604Z  INFO falcon_algebraic:prove:falcon_algebraic:pcs:op:ligerito:lig:grind_pow{bits=16}:spartan:grinding{bits=12}: bitz::piop::spartan::grinding: close time.busy=20.3µs time.idle=110ns
2026-10-07T19:22:30.295771Z  INFO falcon_algebraic:prove:falcon_algebraic:pcs:op:ligerito:lig:grind_pow{bits=16 seed_lo=13499245549238148355 seed_hi=9490701453693229748 nonce=43646}: bitz::ligerito_flock: close time.busy=188µs time.idle=110ns
2026-10-07T19:22:30.295785Z  INFO falcon_algebraic:prove:falcon_algebraic:pcs:op:ligerito:spartan:grinding{bits=12}: bitz::piop::spartan::grinding: close time.busy=12.3µs time.idle=111ns
2026-10-07T19:22:30.295799Z  INFO falcon_algebraic:prove:falcon_algebraic:pcs:op:ligerito:lig:grind_pow{bits=11}:spartan:grinding{bits=12}: bitz::piop::spartan::grinding: close time.busy=9.01µs time.idle=110ns
2026-10-07T19:22:30.295805Z  INFO falcon_algebraic:prove:falcon_algebraic:pcs:op:ligerito:lig:grind_pow{bits=11 seed_lo=5536676814652215165 seed_hi=15124387837615488401 nonce=908}: bitz::ligerito_flock: close time.busy=15.3µs time.idle=110ns
2026-10-07T19:22:30.295824Z  INFO falcon_algebraic:prove:falcon_algebraic:pcs:op:ligerito:spartan:grinding{bits=12}: bitz::piop::spartan::grinding: close time.busy=17.4µs time.idle=111ns
2026-10-07T19:22:30.295908Z  INFO falcon_algebraic:prove:falcon_algebraic:pcs:op:ligerito: bitz::hybrid::opening: close time.busy=62.8ms time.idle=150ns
2026-10-07T19:22:30.295912Z  INFO falcon_algebraic:prove:falcon_algebraic:pcs: bitz::piop::spartan::falcon1024_algebraic::protocol: close time.busy=77.0ms time.idle=220ns
2026-10-07T19:22:30.298942Z  INFO falcon_algebraic:prove: bitz::piop::spartan::falcon1024_algebraic::protocol: close time.busy=637ms time.idle=220ns
2026-10-07T19:22:30.338000Z  INFO falcon_algebraic:verify:falcon_algebraic_ring:verify:falcon_algebraic_ring:coordinates: bitz::piop::spartan::falcon1024_algebraic::ring: close time.busy=22.5ms time.idle=130ns
2026-10-07T19:22:30.375596Z  INFO falcon_algebraic:verify:falcon_algebraic_ring:verify:falcon_algebraic_ring:collapse: bitz::piop::spartan::falcon1024_algebraic::ring: close time.busy=37.6ms time.idle=141ns
2026-10-07T19:22:30.375599Z  INFO falcon_algebraic:verify:falcon_algebraic_ring:verify: bitz::piop::spartan::falcon1024_algebraic::ring: close time.busy=60.5ms time.idle=150ns
2026-10-07T19:22:30.375624Z  INFO falcon_algebraic:verify:spartan:round_grinding_verify: bitz::sumcheck::boundary: close time.busy=1.13µs time.idle=120ns
2026-10-07T19:22:30.375628Z  INFO falcon_algebraic:verify:spartan:round_grinding_verify: bitz::sumcheck::boundary: close time.busy=912ns time.idle=90.0ns
2026-10-07T19:22:30.375632Z  INFO falcon_algebraic:verify:spartan:round_grinding_verify: bitz::sumcheck::boundary: close time.busy=831ns time.idle=110ns
2026-10-07T19:22:30.375636Z  INFO falcon_algebraic:verify:spartan:round_grinding_verify: bitz::sumcheck::boundary: close time.busy=842ns time.idle=110ns
2026-10-07T19:22:30.375640Z  INFO falcon_algebraic:verify:spartan:round_grinding_verify: bitz::sumcheck::boundary: close time.busy=902ns time.idle=100ns
2026-10-07T19:22:30.375643Z  INFO falcon_algebraic:verify:spartan:round_grinding_verify: bitz::sumcheck::boundary: close time.busy=881ns time.idle=111ns
2026-10-07T19:22:30.375648Z  INFO falcon_algebraic:verify:spartan:round_grinding_verify: bitz::sumcheck::boundary: close time.busy=932ns time.idle=130ns
2026-10-07T19:22:30.375653Z  INFO falcon_algebraic:verify:spartan:round_grinding_verify: bitz::sumcheck::boundary: close time.busy=1.22µs time.idle=91.0ns
2026-10-07T19:22:30.375656Z  INFO falcon_algebraic:verify:spartan:round_grinding_verify: bitz::sumcheck::boundary: close time.busy=791ns time.idle=121ns
2026-10-07T19:22:30.375659Z  INFO falcon_algebraic:verify:spartan:round_grinding_verify: bitz::sumcheck::boundary: close time.busy=852ns time.idle=110ns
2026-10-07T19:22:30.375663Z  INFO falcon_algebraic:verify:spartan:round_grinding_verify: bitz::sumcheck::boundary: close time.busy=932ns time.idle=100ns
2026-10-07T19:22:30.375667Z  INFO falcon_algebraic:verify:spartan:round_grinding_verify: bitz::sumcheck::boundary: close time.busy=861ns time.idle=111ns
2026-10-07T19:22:30.375670Z  INFO falcon_algebraic:verify:spartan:round_grinding_verify: bitz::sumcheck::boundary: close time.busy=1.27µs time.idle=110ns
2026-10-07T19:22:30.375674Z  INFO falcon_algebraic:verify:spartan:round_grinding_verify: bitz::sumcheck::boundary: close time.busy=892ns time.idle=100ns
2026-10-07T19:22:30.375679Z  INFO falcon_algebraic:verify:spartan:round_grinding_verify: bitz::sumcheck::boundary: close time.busy=872ns time.idle=90.0ns
2026-10-07T19:22:30.375683Z  INFO falcon_algebraic:verify:spartan:round_grinding_verify: bitz::sumcheck::boundary: close time.busy=932ns time.idle=110ns
2026-10-07T19:22:30.375686Z  INFO falcon_algebraic:verify:spartan:round_grinding_verify: bitz::sumcheck::boundary: close time.busy=942ns time.idle=110ns
2026-10-07T19:22:30.375690Z  INFO falcon_algebraic:verify:spartan:round_grinding_verify: bitz::sumcheck::boundary: close time.busy=1.04µs time.idle=100ns
2026-10-07T19:22:30.375694Z  INFO falcon_algebraic:verify:spartan:round_grinding_verify: bitz::sumcheck::boundary: close time.busy=1.01µs time.idle=110ns
2026-10-07T19:22:30.375700Z  INFO falcon_algebraic:verify:spartan:round_grinding_verify: bitz::sumcheck::boundary: close time.busy=621ns time.idle=111ns
2026-10-07T19:22:30.395104Z  INFO falcon_algebraic:verify:spartan:round_grinding_verify: bitz::sumcheck::boundary: close time.busy=1.53µs time.idle=240ns
2026-10-07T19:22:30.395110Z  INFO falcon_algebraic:verify:spartan:round_grinding_verify: bitz::sumcheck::boundary: close time.busy=732ns time.idle=130ns
2026-10-07T19:22:30.395113Z  INFO falcon_algebraic:verify:spartan:round_grinding_verify: bitz::sumcheck::boundary: close time.busy=742ns time.idle=110ns
2026-10-07T19:22:30.395116Z  INFO falcon_algebraic:verify:spartan:round_grinding_verify: bitz::sumcheck::boundary: close time.busy=781ns time.idle=121ns
2026-10-07T19:22:30.395120Z  INFO falcon_algebraic:verify:spartan:round_grinding_verify: bitz::sumcheck::boundary: close time.busy=882ns time.idle=110ns
2026-10-07T19:22:30.395123Z  INFO falcon_algebraic:verify:spartan:round_grinding_verify: bitz::sumcheck::boundary: close time.busy=731ns time.idle=120ns
2026-10-07T19:22:30.395125Z  INFO falcon_algebraic:verify:spartan:round_grinding_verify: bitz::sumcheck::boundary: close time.busy=792ns time.idle=140ns
2026-10-07T19:22:30.395129Z  INFO falcon_algebraic:verify:spartan:round_grinding_verify: bitz::sumcheck::boundary: close time.busy=822ns time.idle=100ns
2026-10-07T19:22:30.395132Z  INFO falcon_algebraic:verify:spartan:round_grinding_verify: bitz::sumcheck::boundary: close time.busy=801ns time.idle=111ns
2026-10-07T19:22:30.395135Z  INFO falcon_algebraic:verify:spartan:round_grinding_verify: bitz::sumcheck::boundary: close time.busy=791ns time.idle=111ns
2026-10-07T19:22:30.395139Z  INFO falcon_algebraic:verify:spartan:round_grinding_verify: bitz::sumcheck::boundary: close time.busy=862ns time.idle=110ns
2026-10-07T19:22:30.395142Z  INFO falcon_algebraic:verify:spartan:round_grinding_verify: bitz::sumcheck::boundary: close time.busy=972ns time.idle=110ns
2026-10-07T19:22:30.395145Z  INFO falcon_algebraic:verify:spartan:round_grinding_verify: bitz::sumcheck::boundary: close time.busy=731ns time.idle=120ns
2026-10-07T19:22:30.395149Z  INFO falcon_algebraic:verify:spartan:round_grinding_verify: bitz::sumcheck::boundary: close time.busy=801ns time.idle=101ns
2026-10-07T19:22:30.395152Z  INFO falcon_algebraic:verify:spartan:round_grinding_verify: bitz::sumcheck::boundary: close time.busy=761ns time.idle=110ns
2026-10-07T19:22:30.395155Z  INFO falcon_algebraic:verify:spartan:round_grinding_verify: bitz::sumcheck::boundary: close time.busy=721ns time.idle=160ns
2026-10-07T19:22:30.395158Z  INFO falcon_algebraic:verify:spartan:round_grinding_verify: bitz::sumcheck::boundary: close time.busy=732ns time.idle=110ns
2026-10-07T19:22:30.395162Z  INFO falcon_algebraic:verify:spartan:round_grinding_verify: bitz::sumcheck::boundary: close time.busy=812ns time.idle=90.0ns
2026-10-07T19:22:30.395166Z  INFO falcon_algebraic:verify:spartan:round_grinding_verify: bitz::sumcheck::boundary: close time.busy=912ns time.idle=100ns
2026-10-07T19:22:30.395169Z  INFO falcon_algebraic:verify:spartan:round_grinding_verify: bitz::sumcheck::boundary: close time.busy=742ns time.idle=110ns
2026-10-07T19:22:30.395172Z  INFO falcon_algebraic:verify:spartan:round_grinding_verify: bitz::sumcheck::boundary: close time.busy=801ns time.idle=100ns
2026-10-07T19:22:30.395175Z  INFO falcon_algebraic:verify:spartan:round_grinding_verify: bitz::sumcheck::boundary: close time.busy=872ns time.idle=100ns
2026-10-07T19:22:30.395178Z  INFO falcon_algebraic:verify:spartan:round_grinding_verify: bitz::sumcheck::boundary: close time.busy=882ns time.idle=110ns
2026-10-07T19:22:30.395182Z  INFO falcon_algebraic:verify:spartan:round_grinding_verify: bitz::sumcheck::boundary: close time.busy=902ns time.idle=100ns
2026-10-07T19:22:30.395185Z  INFO falcon_algebraic:verify:spartan:round_grinding_verify: bitz::sumcheck::boundary: close time.busy=981ns time.idle=111ns
2026-10-07T19:22:30.408649Z  INFO falcon_algebraic:verify:spartan:round_grinding_verify: bitz::sumcheck::boundary: close time.busy=1.19µs time.idle=150ns
2026-10-07T19:22:30.408653Z  INFO falcon_algebraic:verify:spartan:round_grinding_verify: bitz::sumcheck::boundary: close time.busy=961ns time.idle=111ns
2026-10-07T19:22:30.408656Z  INFO falcon_algebraic:verify:spartan:round_grinding_verify: bitz::sumcheck::boundary: close time.busy=962ns time.idle=110ns
2026-10-07T19:22:30.408659Z  INFO falcon_algebraic:verify:spartan:round_grinding_verify: bitz::sumcheck::boundary: close time.busy=1.18µs time.idle=111ns
2026-10-07T19:22:30.408661Z  INFO falcon_algebraic:verify:spartan:round_grinding_verify: bitz::sumcheck::boundary: close time.busy=952ns time.idle=110ns
2026-10-07T19:22:30.408664Z  INFO falcon_algebraic:verify:spartan:round_grinding_verify: bitz::sumcheck::boundary: close time.busy=932ns time.idle=110ns
2026-10-07T19:22:30.408667Z  INFO falcon_algebraic:verify:spartan:round_grinding_verify: bitz::sumcheck::boundary: close time.busy=942ns time.idle=110ns
2026-10-07T19:22:30.408669Z  INFO falcon_algebraic:verify:spartan:round_grinding_verify: bitz::sumcheck::boundary: close time.busy=1.02µs time.idle=100ns
2026-10-07T19:22:30.408672Z  INFO falcon_algebraic:verify:spartan:round_grinding_verify: bitz::sumcheck::boundary: close time.busy=1.00µs time.idle=110ns
2026-10-07T19:22:30.408675Z  INFO falcon_algebraic:verify:spartan:round_grinding_verify: bitz::sumcheck::boundary: close time.busy=1.02µs time.idle=110ns
2026-10-07T19:22:30.408677Z  INFO falcon_algebraic:verify:spartan:round_grinding_verify: bitz::sumcheck::boundary: close time.busy=971ns time.idle=101ns
2026-10-07T19:22:30.408680Z  INFO falcon_algebraic:verify:spartan:round_grinding_verify: bitz::sumcheck::boundary: close time.busy=962ns time.idle=100ns
2026-10-07T19:22:30.408683Z  INFO falcon_algebraic:verify:spartan:round_grinding_verify: bitz::sumcheck::boundary: close time.busy=1.01µs time.idle=110ns
2026-10-07T19:22:30.408686Z  INFO falcon_algebraic:verify:spartan:round_grinding_verify: bitz::sumcheck::boundary: close time.busy=1.12µs time.idle=100ns
2026-10-07T19:22:30.408689Z  INFO falcon_algebraic:verify:spartan:round_grinding_verify: bitz::sumcheck::boundary: close time.busy=1.08µs time.idle=120ns
2026-10-07T19:22:30.408692Z  INFO falcon_algebraic:verify:spartan:round_grinding_verify: bitz::sumcheck::boundary: close time.busy=1.08µs time.idle=110ns
2026-10-07T19:22:30.408695Z  INFO falcon_algebraic:verify:spartan:round_grinding_verify: bitz::sumcheck::boundary: close time.busy=1.17µs time.idle=100ns
2026-10-07T19:22:30.408697Z  INFO falcon_algebraic:verify:spartan:round_grinding_verify: bitz::sumcheck::boundary: close time.busy=852ns time.idle=110ns
2026-10-07T19:22:30.408700Z  INFO falcon_algebraic:verify:spartan:round_grinding_verify: bitz::sumcheck::boundary: close time.busy=872ns time.idle=110ns
2026-10-07T19:22:30.408702Z  INFO falcon_algebraic:verify:spartan:round_grinding_verify: bitz::sumcheck::boundary: close time.busy=902ns time.idle=100ns
2026-10-07T19:22:30.408705Z  INFO falcon_algebraic:verify:spartan:round_grinding_verify: bitz::sumcheck::boundary: close time.busy=871ns time.idle=110ns
2026-10-07T19:22:30.408707Z  INFO falcon_algebraic:verify:spartan:round_grinding_verify: bitz::sumcheck::boundary: close time.busy=951ns time.idle=111ns
2026-10-07T19:22:30.408710Z  INFO falcon_algebraic:verify:spartan:round_grinding_verify: bitz::sumcheck::boundary: close time.busy=1.06µs time.idle=111ns
2026-10-07T19:22:30.408713Z  INFO falcon_algebraic:verify:spartan:round_grinding_verify: bitz::sumcheck::boundary: close time.busy=931ns time.idle=100ns
2026-10-07T19:22:30.408715Z  INFO falcon_algebraic:verify:spartan:round_grinding_verify: bitz::sumcheck::boundary: close time.busy=952ns time.idle=110ns
2026-10-07T19:22:30.408718Z  INFO falcon_algebraic:verify:spartan:round_grinding_verify: bitz::sumcheck::boundary: close time.busy=952ns time.idle=110ns
2026-10-07T19:22:30.413131Z  INFO falcon_algebraic:verify: bitz::piop::spartan::falcon1024_algebraic::protocol: close time.busy=114ms time.idle=230ns
2026-10-07T19:22:30.510896Z  INFO falcon_algebraic:commit:falcon_algebraic:witness: bitz::piop::spartan::falcon1024_algebraic::protocol: close time.busy=97.2ms time.idle=240ns
2026-10-07T19:22:30.570760Z  INFO falcon_algebraic:commit:shared_source:encode: bitz::hybrid::opening: close time.busy=3.35ms time.idle=160ns
2026-10-07T19:22:30.572711Z  INFO falcon_algebraic:commit:shared_source:merkle: bitz::hybrid::opening: close time.busy=1.95ms time.idle=130ns
2026-10-07T19:22:30.572713Z  INFO falcon_algebraic:commit: bitz::piop::spartan::falcon1024_algebraic::protocol: close time.busy=159ms time.idle=180ns
2026-10-07T19:22:30.612786Z  INFO falcon_algebraic:prove:falcon_algebraic:ring:falcon_algebraic_ring:prove:falcon_algebraic_ring:coordinates: bitz::piop::spartan::falcon1024_algebraic::ring: close time.busy=22.2ms time.idle=290ns
2026-10-07T19:22:30.614433Z  INFO falcon_algebraic:prove:falcon_algebraic:ring:falcon_algebraic_ring:prove:spartan:grinding{bits=11}: bitz::piop::spartan::grinding: close time.busy=5.84µs time.idle=191ns
2026-10-07T19:22:30.652032Z  INFO falcon_algebraic:prove:falcon_algebraic:ring:falcon_algebraic_ring:prove:falcon_algebraic_ring:collapse: bitz::piop::spartan::falcon1024_algebraic::ring: close time.busy=37.6ms time.idle=120ns
2026-10-07T19:22:30.652035Z  INFO falcon_algebraic:prove:falcon_algebraic:ring:falcon_algebraic_ring:prove: bitz::piop::spartan::falcon1024_algebraic::ring: close time.busy=63.2ms time.idle=251ns
2026-10-07T19:22:30.652037Z  INFO falcon_algebraic:prove:falcon_algebraic:ring: bitz::piop::spartan::falcon1024_algebraic::protocol: close time.busy=63.2ms time.idle=200ns
2026-10-07T19:22:30.652042Z  INFO falcon_algebraic:prove:falcon_algebraic:arithmetic:falcon_algebraic:norm:spartan:grinding{bits=11}: bitz::piop::spartan::grinding: close time.busy=2.14µs time.idle=161ns
2026-10-07T19:22:30.711177Z  INFO falcon_algebraic:prove:falcon_algebraic:arithmetic:falcon_algebraic:norm:spartan:round_grinding_prove:spartan:grinding{bits=14}: bitz::piop::spartan::grinding: close time.busy=67.2µs time.idle=300ns
2026-10-07T19:22:30.711187Z  INFO falcon_algebraic:prove:falcon_algebraic:arithmetic:falcon_algebraic:norm:spartan:round_grinding_prove: bitz::sumcheck::boundary: close time.busy=79.2µs time.idle=210ns
2026-10-07T19:22:30.732543Z  INFO falcon_algebraic:prove:falcon_algebraic:arithmetic:falcon_algebraic:norm:spartan:round_grinding_prove:spartan:grinding{bits=14}: bitz::piop::spartan::grinding: close time.busy=156µs time.idle=342ns
2026-10-07T19:22:30.732549Z  INFO falcon_algebraic:prove:falcon_algebraic:arithmetic:falcon_algebraic:norm:spartan:round_grinding_prove: bitz::sumcheck::boundary: close time.busy=165µs time.idle=381ns
2026-10-07T19:22:30.742906Z  INFO falcon_algebraic:prove:falcon_algebraic:arithmetic:falcon_algebraic:norm:spartan:round_grinding_prove:spartan:grinding{bits=14}: bitz::piop::spartan::grinding: close time.busy=31.6µs time.idle=251ns
2026-10-07T19:22:30.742910Z  INFO falcon_algebraic:prove:falcon_algebraic:arithmetic:falcon_algebraic:norm:spartan:round_grinding_prove: bitz::sumcheck::boundary: close time.busy=37.2µs time.idle=171ns
2026-10-07T19:22:30.748118Z  INFO falcon_algebraic:prove:falcon_algebraic:arithmetic:falcon_algebraic:norm:spartan:round_grinding_prove:spartan:grinding{bits=14}: bitz::piop::spartan::grinding: close time.busy=179µs time.idle=150ns
2026-10-07T19:22:30.748120Z  INFO falcon_algebraic:prove:falcon_algebraic:arithmetic:falcon_algebraic:norm:spartan:round_grinding_prove: bitz::sumcheck::boundary: close time.busy=182µs time.idle=140ns
2026-10-07T19:22:30.750630Z  INFO falcon_algebraic:prove:falcon_algebraic:arithmetic:falcon_algebraic:norm:spartan:round_grinding_prove:spartan:grinding{bits=14}: bitz::piop::spartan::grinding: close time.busy=6.36µs time.idle=111ns
2026-10-07T19:22:30.750632Z  INFO falcon_algebraic:prove:falcon_algebraic:arithmetic:falcon_algebraic:norm:spartan:round_grinding_prove: bitz::sumcheck::boundary: close time.busy=9.01µs time.idle=130ns
2026-10-07T19:22:30.751975Z  INFO falcon_algebraic:prove:falcon_algebraic:arithmetic:falcon_algebraic:norm:spartan:round_grinding_prove:spartan:grinding{bits=14}: bitz::piop::spartan::grinding: close time.busy=90.5µs time.idle=120ns
2026-10-07T19:22:30.751976Z  INFO falcon_algebraic:prove:falcon_algebraic:arithmetic:falcon_algebraic:norm:spartan:round_grinding_prove: bitz::sumcheck::boundary: close time.busy=92.7µs time.idle=120ns
2026-10-07T19:22:30.752745Z  INFO falcon_algebraic:prove:falcon_algebraic:arithmetic:falcon_algebraic:norm:spartan:round_grinding_prove:spartan:grinding{bits=14}: bitz::piop::spartan::grinding: close time.busy=138µs time.idle=110ns
2026-10-07T19:22:30.752746Z  INFO falcon_algebraic:prove:falcon_algebraic:arithmetic:falcon_algebraic:norm:spartan:round_grinding_prove: bitz::sumcheck::boundary: close time.busy=140µs time.idle=110ns
2026-10-07T19:22:30.753328Z  INFO falcon_algebraic:prove:falcon_algebraic:arithmetic:falcon_algebraic:norm:spartan:round_grinding_prove:spartan:grinding{bits=14}: bitz::piop::spartan::grinding: close time.busy=263µs time.idle=120ns
2026-10-07T19:22:30.753330Z  INFO falcon_algebraic:prove:falcon_algebraic:arithmetic:falcon_algebraic:norm:spartan:round_grinding_prove: bitz::sumcheck::boundary: close time.busy=265µs time.idle=110ns
2026-10-07T19:22:30.753537Z  INFO falcon_algebraic:prove:falcon_algebraic:arithmetic:falcon_algebraic:norm:spartan:round_grinding_prove:spartan:grinding{bits=14}: bitz::piop::spartan::grinding: close time.busy=45.1µs time.idle=110ns
2026-10-07T19:22:30.753539Z  INFO falcon_algebraic:prove:falcon_algebraic:arithmetic:falcon_algebraic:norm:spartan:round_grinding_prove: bitz::sumcheck::boundary: close time.busy=47.2µs time.idle=110ns
2026-10-07T19:22:30.753705Z  INFO falcon_algebraic:prove:falcon_algebraic:arithmetic:falcon_algebraic:norm:spartan:round_grinding_prove:spartan:grinding{bits=14}: bitz::piop::spartan::grinding: close time.busy=81.1µs time.idle=110ns
2026-10-07T19:22:30.753706Z  INFO falcon_algebraic:prove:falcon_algebraic:arithmetic:falcon_algebraic:norm:spartan:round_grinding_prove: bitz::sumcheck::boundary: close time.busy=83.1µs time.idle=110ns
2026-10-07T19:22:30.753774Z  INFO falcon_algebraic:prove:falcon_algebraic:arithmetic:falcon_algebraic:norm:spartan:round_grinding_prove:spartan:grinding{bits=14}: bitz::piop::spartan::grinding: close time.busy=17.0µs time.idle=110ns
2026-10-07T19:22:30.753775Z  INFO falcon_algebraic:prove:falcon_algebraic:arithmetic:falcon_algebraic:norm:spartan:round_grinding_prove: bitz::sumcheck::boundary: close time.busy=19.1µs time.idle=110ns
2026-10-07T19:22:30.753822Z  INFO falcon_algebraic:prove:falcon_algebraic:arithmetic:falcon_algebraic:norm:spartan:round_grinding_prove:spartan:grinding{bits=14}: bitz::piop::spartan::grinding: close time.busy=20.3µs time.idle=110ns
2026-10-07T19:22:30.753823Z  INFO falcon_algebraic:prove:falcon_algebraic:arithmetic:falcon_algebraic:norm:spartan:round_grinding_prove: bitz::sumcheck::boundary: close time.busy=22.4µs time.idle=110ns
2026-10-07T19:22:30.753882Z  INFO falcon_algebraic:prove:falcon_algebraic:arithmetic:falcon_algebraic:norm:spartan:round_grinding_prove:spartan:grinding{bits=14}: bitz::piop::spartan::grinding: close time.busy=41.7µs time.idle=110ns
2026-10-07T19:22:30.753883Z  INFO falcon_algebraic:prove:falcon_algebraic:arithmetic:falcon_algebraic:norm:spartan:round_grinding_prove: bitz::sumcheck::boundary: close time.busy=43.8µs time.idle=110ns
2026-10-07T19:22:30.753933Z  INFO falcon_algebraic:prove:falcon_algebraic:arithmetic:falcon_algebraic:norm:spartan:round_grinding_prove:spartan:grinding{bits=14}: bitz::piop::spartan::grinding: close time.busy=37.4µs time.idle=110ns
2026-10-07T19:22:30.753934Z  INFO falcon_algebraic:prove:falcon_algebraic:arithmetic:falcon_algebraic:norm:spartan:round_grinding_prove: bitz::sumcheck::boundary: close time.busy=39.5µs time.idle=110ns
2026-10-07T19:22:30.753993Z  INFO falcon_algebraic:prove:falcon_algebraic:arithmetic:falcon_algebraic:norm:spartan:round_grinding_prove:spartan:grinding{bits=14}: bitz::piop::spartan::grinding: close time.busy=47.5µs time.idle=110ns
2026-10-07T19:22:30.753994Z  INFO falcon_algebraic:prove:falcon_algebraic:arithmetic:falcon_algebraic:norm:spartan:round_grinding_prove: bitz::sumcheck::boundary: close time.busy=49.5µs time.idle=120ns
2026-10-07T19:22:30.754046Z  INFO falcon_algebraic:prove:falcon_algebraic:arithmetic:falcon_algebraic:norm:spartan:round_grinding_prove:spartan:grinding{bits=14}: bitz::piop::spartan::grinding: close time.busy=44.0µs time.idle=110ns
2026-10-07T19:22:30.754048Z  INFO falcon_algebraic:prove:falcon_algebraic:arithmetic:falcon_algebraic:norm:spartan:round_grinding_prove: bitz::sumcheck::boundary: close time.busy=46.2µs time.idle=110ns
2026-10-07T19:22:30.754079Z  INFO falcon_algebraic:prove:falcon_algebraic:arithmetic:falcon_algebraic:norm:spartan:round_grinding_prove:spartan:grinding{bits=14}: bitz::piop::spartan::grinding: close time.busy=22.9µs time.idle=100ns
2026-10-07T19:22:30.754080Z  INFO falcon_algebraic:prove:falcon_algebraic:arithmetic:falcon_algebraic:norm:spartan:round_grinding_prove: bitz::sumcheck::boundary: close time.busy=25.1µs time.idle=110ns
2026-10-07T19:22:30.754104Z  INFO falcon_algebraic:prove:falcon_algebraic:arithmetic:falcon_algebraic:norm:spartan:round_grinding_prove:spartan:grinding{bits=14}: bitz::piop::spartan::grinding: close time.busy=16.1µs time.idle=111ns
2026-10-07T19:22:30.754106Z  INFO falcon_algebraic:prove:falcon_algebraic:arithmetic:falcon_algebraic:norm:spartan:round_grinding_prove: bitz::sumcheck::boundary: close time.busy=18.3µs time.idle=110ns
2026-10-07T19:22:30.754174Z  INFO falcon_algebraic:prove:falcon_algebraic:arithmetic:falcon_algebraic:norm:spartan:round_grinding_prove:spartan:grinding{bits=14}: bitz::piop::spartan::grinding: close time.busy=60.3µs time.idle=100ns
2026-10-07T19:22:30.754175Z  INFO falcon_algebraic:prove:falcon_algebraic:arithmetic:falcon_algebraic:norm:spartan:round_grinding_prove: bitz::sumcheck::boundary: close time.busy=62.4µs time.idle=110ns
2026-10-07T19:22:30.754191Z  INFO falcon_algebraic:prove:falcon_algebraic:arithmetic:falcon_algebraic:norm:spartan:round_grinding_prove:spartan:grinding{bits=14}: bitz::piop::spartan::grinding: close time.busy=6.87µs time.idle=110ns
2026-10-07T19:22:30.754193Z  INFO falcon_algebraic:prove:falcon_algebraic:arithmetic:falcon_algebraic:norm:spartan:round_grinding_prove: bitz::sumcheck::boundary: close time.busy=9.07µs time.idle=110ns
2026-10-07T19:22:30.754201Z  INFO falcon_algebraic:prove:falcon_algebraic:arithmetic:falcon_algebraic:norm: bitz::piop::spartan::falcon1024_algebraic::arithmetic: close time.busy=102ms time.idle=220ns
2026-10-07T19:22:30.754204Z  INFO falcon_algebraic:prove:falcon_algebraic:arithmetic:falcon_algebraic:binding:spartan:grinding{bits=10}: bitz::piop::spartan::grinding: close time.busy=231ns time.idle=120ns
2026-10-07T19:22:30.818194Z  INFO falcon_algebraic:prove:falcon_algebraic:arithmetic:falcon_algebraic:binding:inner_packed:prefix_accumulators: bitz::sumcheck::inner::packed::state: close time.busy=45.6ms time.idle=370ns
2026-10-07T19:22:30.818245Z  INFO falcon_algebraic:prove:falcon_algebraic:arithmetic:falcon_algebraic:binding:spartan:round_grinding_prove:spartan:grinding{bits=13}: bitz::piop::spartan::grinding: close time.busy=41.3µs time.idle=140ns
2026-10-07T19:22:30.818247Z  INFO falcon_algebraic:prove:falcon_algebraic:arithmetic:falcon_algebraic:binding:spartan:round_grinding_prove: bitz::sumcheck::boundary: close time.busy=44.5µs time.idle=191ns
2026-10-07T19:22:30.818259Z  INFO falcon_algebraic:prove:falcon_algebraic:arithmetic:falcon_algebraic:binding:spartan:round_grinding_prove:spartan:grinding{bits=13}: bitz::piop::spartan::grinding: close time.busy=7.76µs time.idle=110ns
2026-10-07T19:22:30.818261Z  INFO falcon_algebraic:prove:falcon_algebraic:arithmetic:falcon_algebraic:binding:spartan:round_grinding_prove: bitz::sumcheck::boundary: close time.busy=10.00µs time.idle=120ns
2026-10-07T19:22:30.818324Z  INFO falcon_algebraic:prove:falcon_algebraic:arithmetic:falcon_algebraic:binding:spartan:round_grinding_prove:spartan:grinding{bits=13}: bitz::piop::spartan::grinding: close time.busy=60.1µs time.idle=120ns
2026-10-07T19:22:30.818326Z  INFO falcon_algebraic:prove:falcon_algebraic:arithmetic:falcon_algebraic:binding:spartan:round_grinding_prove: bitz::sumcheck::boundary: close time.busy=62.3µs time.idle=130ns
2026-10-07T19:22:30.900750Z  INFO falcon_algebraic:prove:falcon_algebraic:arithmetic:falcon_algebraic:binding:inner_packed:prepare_tail: bitz::sumcheck::inner::packed::state: close time.busy=82.4ms time.idle=642ns
2026-10-07T19:22:30.900786Z  INFO falcon_algebraic:prove:falcon_algebraic:arithmetic:falcon_algebraic:binding:spartan:round_grinding_prove:spartan:grinding{bits=13}: bitz::piop::spartan::grinding: close time.busy=28.1µs time.idle=140ns
2026-10-07T19:22:30.900788Z  INFO falcon_algebraic:prove:falcon_algebraic:arithmetic:falcon_algebraic:binding:spartan:round_grinding_prove: bitz::sumcheck::boundary: close time.busy=30.9µs time.idle=210ns
2026-10-07T19:22:30.947194Z  INFO falcon_algebraic:prove:falcon_algebraic:arithmetic:falcon_algebraic:binding:inner_packed:fold_tail{round=3}: bitz::sumcheck::inner::packed::state: close time.busy=46.4ms time.idle=150ns
2026-10-07T19:22:30.947208Z  INFO falcon_algebraic:prove:falcon_algebraic:arithmetic:falcon_algebraic:binding:spartan:round_grinding_prove:spartan:grinding{bits=13}: bitz::piop::spartan::grinding: close time.busy=7.01µs time.idle=120ns
2026-10-07T19:22:30.947210Z  INFO falcon_algebraic:prove:falcon_algebraic:arithmetic:falcon_algebraic:binding:spartan:round_grinding_prove: bitz::sumcheck::boundary: close time.busy=10.5µs time.idle=110ns
2026-10-07T19:22:30.966850Z  INFO falcon_algebraic:prove:falcon_algebraic:arithmetic:falcon_algebraic:binding:inner_packed:fold_tail{round=4}: bitz::sumcheck::inner::packed::state: close time.busy=19.6ms time.idle=180ns
2026-10-07T19:22:30.966862Z  INFO falcon_algebraic:prove:falcon_algebraic:arithmetic:falcon_algebraic:binding:spartan:round_grinding_prove:spartan:grinding{bits=13}: bitz::piop::spartan::grinding: close time.busy=8.85µs time.idle=120ns
2026-10-07T19:22:30.966864Z  INFO falcon_algebraic:prove:falcon_algebraic:arithmetic:falcon_algebraic:binding:spartan:round_grinding_prove: bitz::sumcheck::boundary: close time.busy=10.9µs time.idle=120ns
2026-10-07T19:22:30.976727Z  INFO falcon_algebraic:prove:falcon_algebraic:arithmetic:falcon_algebraic:binding:inner_packed:fold_tail{round=5}: bitz::sumcheck::inner::packed::state: close time.busy=9.86ms time.idle=170ns
2026-10-07T19:22:30.976744Z  INFO falcon_algebraic:prove:falcon_algebraic:arithmetic:falcon_algebraic:binding:spartan:round_grinding_prove:spartan:grinding{bits=13}: bitz::piop::spartan::grinding: close time.busy=13.7µs time.idle=110ns
2026-10-07T19:22:30.976745Z  INFO falcon_algebraic:prove:falcon_algebraic:arithmetic:falcon_algebraic:binding:spartan:round_grinding_prove: bitz::sumcheck::boundary: close time.busy=15.7µs time.idle=101ns
2026-10-07T19:22:30.982996Z  INFO falcon_algebraic:prove:falcon_algebraic:arithmetic:falcon_algebraic:binding:inner_packed:fold_tail{round=6}: bitz::sumcheck::inner::packed::state: close time.busy=6.25ms time.idle=110ns
2026-10-07T19:22:30.983062Z  INFO falcon_algebraic:prove:falcon_algebraic:arithmetic:falcon_algebraic:binding:spartan:round_grinding_prove:spartan:grinding{bits=13}: bitz::piop::spartan::grinding: close time.busy=61.9µs time.idle=120ns
2026-10-07T19:22:30.983063Z  INFO falcon_algebraic:prove:falcon_algebraic:arithmetic:falcon_algebraic:binding:spartan:round_grinding_prove: bitz::sumcheck::boundary: close time.busy=64.0µs time.idle=120ns
2026-10-07T19:22:30.985590Z  INFO falcon_algebraic:prove:falcon_algebraic:arithmetic:falcon_algebraic:binding:inner_packed:fold_tail{round=7}: bitz::sumcheck::inner::packed::state: close time.busy=2.53ms time.idle=110ns
2026-10-07T19:22:30.985632Z  INFO falcon_algebraic:prove:falcon_algebraic:arithmetic:falcon_algebraic:binding:spartan:round_grinding_prove:spartan:grinding{bits=13}: bitz::piop::spartan::grinding: close time.busy=38.8µs time.idle=120ns
2026-10-07T19:22:30.985634Z  INFO falcon_algebraic:prove:falcon_algebraic:arithmetic:falcon_algebraic:binding:spartan:round_grinding_prove: bitz::sumcheck::boundary: close time.busy=41.2µs time.idle=110ns
2026-10-07T19:22:30.986921Z  INFO falcon_algebraic:prove:falcon_algebraic:arithmetic:falcon_algebraic:binding:inner_packed:fold_tail{round=8}: bitz::sumcheck::inner::packed::state: close time.busy=1.28ms time.idle=140ns
2026-10-07T19:22:30.986929Z  INFO falcon_algebraic:prove:falcon_algebraic:arithmetic:falcon_algebraic:binding:spartan:round_grinding_prove:spartan:grinding{bits=13}: bitz::piop::spartan::grinding: close time.busy=5.25µs time.idle=120ns
2026-10-07T19:22:30.986930Z  INFO falcon_algebraic:prove:falcon_algebraic:arithmetic:falcon_algebraic:binding:spartan:round_grinding_prove: bitz::sumcheck::boundary: close time.busy=7.47µs time.idle=110ns
2026-10-07T19:22:30.987595Z  INFO falcon_algebraic:prove:falcon_algebraic:arithmetic:falcon_algebraic:binding:inner_packed:fold_tail{round=9}: bitz::sumcheck::inner::packed::state: close time.busy=663µs time.idle=140ns
2026-10-07T19:22:30.987649Z  INFO falcon_algebraic:prove:falcon_algebraic:arithmetic:falcon_algebraic:binding:spartan:round_grinding_prove:spartan:grinding{bits=13}: bitz::piop::spartan::grinding: close time.busy=51.2µs time.idle=111ns
2026-10-07T19:22:30.987650Z  INFO falcon_algebraic:prove:falcon_algebraic:arithmetic:falcon_algebraic:binding:spartan:round_grinding_prove: bitz::sumcheck::boundary: close time.busy=53.3µs time.idle=110ns
2026-10-07T19:22:30.987989Z  INFO falcon_algebraic:prove:falcon_algebraic:arithmetic:falcon_algebraic:binding:inner_packed:fold_tail{round=10}: bitz::sumcheck::inner::packed::state: close time.busy=336µs time.idle=111ns
2026-10-07T19:22:30.988027Z  INFO falcon_algebraic:prove:falcon_algebraic:arithmetic:falcon_algebraic:binding:spartan:round_grinding_prove:spartan:grinding{bits=13}: bitz::piop::spartan::grinding: close time.busy=35.9µs time.idle=110ns
2026-10-07T19:22:30.988029Z  INFO falcon_algebraic:prove:falcon_algebraic:arithmetic:falcon_algebraic:binding:spartan:round_grinding_prove: bitz::sumcheck::boundary: close time.busy=38.0µs time.idle=120ns
2026-10-07T19:22:30.988210Z  INFO falcon_algebraic:prove:falcon_algebraic:arithmetic:falcon_algebraic:binding:inner_packed:fold_tail{round=11}: bitz::sumcheck::inner::packed::state: close time.busy=176µs time.idle=130ns
2026-10-07T19:22:30.988277Z  INFO falcon_algebraic:prove:falcon_algebraic:arithmetic:falcon_algebraic:binding:spartan:round_grinding_prove:spartan:grinding{bits=13}: bitz::piop::spartan::grinding: close time.busy=64.6µs time.idle=110ns
2026-10-07T19:22:30.988278Z  INFO falcon_algebraic:prove:falcon_algebraic:arithmetic:falcon_algebraic:binding:spartan:round_grinding_prove: bitz::sumcheck::boundary: close time.busy=66.5µs time.idle=120ns
2026-10-07T19:22:30.988368Z  INFO falcon_algebraic:prove:falcon_algebraic:arithmetic:falcon_algebraic:binding:inner_packed:fold_tail{round=12}: bitz::sumcheck::inner::packed::state: close time.busy=87.8µs time.idle=130ns
2026-10-07T19:22:30.988379Z  INFO falcon_algebraic:prove:falcon_algebraic:arithmetic:falcon_algebraic:binding:spartan:round_grinding_prove:spartan:grinding{bits=13}: bitz::piop::spartan::grinding: close time.busy=9.13µs time.idle=110ns
2026-10-07T19:22:30.988380Z  INFO falcon_algebraic:prove:falcon_algebraic:arithmetic:falcon_algebraic:binding:spartan:round_grinding_prove: bitz::sumcheck::boundary: close time.busy=11.1µs time.idle=120ns
2026-10-07T19:22:30.988427Z  INFO falcon_algebraic:prove:falcon_algebraic:arithmetic:falcon_algebraic:binding:inner_packed:fold_tail{round=13}: bitz::sumcheck::inner::packed::state: close time.busy=44.2µs time.idle=121ns
2026-10-07T19:22:30.988460Z  INFO falcon_algebraic:prove:falcon_algebraic:arithmetic:falcon_algebraic:binding:spartan:round_grinding_prove:spartan:grinding{bits=13}: bitz::piop::spartan::grinding: close time.busy=30.7µs time.idle=110ns
2026-10-07T19:22:30.988461Z  INFO falcon_algebraic:prove:falcon_algebraic:arithmetic:falcon_algebraic:binding:spartan:round_grinding_prove: bitz::sumcheck::boundary: close time.busy=32.7µs time.idle=101ns
2026-10-07T19:22:30.988486Z  INFO falcon_algebraic:prove:falcon_algebraic:arithmetic:falcon_algebraic:binding:inner_packed:fold_tail{round=14}: bitz::sumcheck::inner::packed::state: close time.busy=22.4µs time.idle=110ns
2026-10-07T19:22:30.988555Z  INFO falcon_algebraic:prove:falcon_algebraic:arithmetic:falcon_algebraic:binding:spartan:round_grinding_prove:spartan:grinding{bits=13}: bitz::piop::spartan::grinding: close time.busy=67.6µs time.idle=120ns
2026-10-07T19:22:30.988557Z  INFO falcon_algebraic:prove:falcon_algebraic:arithmetic:falcon_algebraic:binding:spartan:round_grinding_prove: bitz::sumcheck::boundary: close time.busy=69.6µs time.idle=111ns
2026-10-07T19:22:30.988570Z  INFO falcon_algebraic:prove:falcon_algebraic:arithmetic:falcon_algebraic:binding:inner_packed:fold_tail{round=15}: bitz::sumcheck::inner::packed::state: close time.busy=11.1µs time.idle=110ns
2026-10-07T19:22:30.988722Z  INFO falcon_algebraic:prove:falcon_algebraic:arithmetic:falcon_algebraic:binding:spartan:round_grinding_prove:spartan:grinding{bits=13}: bitz::piop::spartan::grinding: close time.busy=149µs time.idle=111ns
2026-10-07T19:22:30.988723Z  INFO falcon_algebraic:prove:falcon_algebraic:arithmetic:falcon_algebraic:binding:spartan:round_grinding_prove: bitz::sumcheck::boundary: close time.busy=152µs time.idle=121ns
2026-10-07T19:22:30.988731Z  INFO falcon_algebraic:prove:falcon_algebraic:arithmetic:falcon_algebraic:binding:inner_packed:fold_tail{round=16}: bitz::sumcheck::inner::packed::state: close time.busy=5.47µs time.idle=110ns
2026-10-07T19:22:30.988749Z  INFO falcon_algebraic:prove:falcon_algebraic:arithmetic:falcon_algebraic:binding:spartan:round_grinding_prove:spartan:grinding{bits=13}: bitz::piop::spartan::grinding: close time.busy=15.6µs time.idle=110ns
2026-10-07T19:22:30.988750Z  INFO falcon_algebraic:prove:falcon_algebraic:arithmetic:falcon_algebraic:binding:spartan:round_grinding_prove: bitz::sumcheck::boundary: close time.busy=17.6µs time.idle=120ns
2026-10-07T19:22:30.988756Z  INFO falcon_algebraic:prove:falcon_algebraic:arithmetic:falcon_algebraic:binding:inner_packed:fold_tail{round=17}: bitz::sumcheck::inner::packed::state: close time.busy=2.71µs time.idle=110ns
2026-10-07T19:22:30.988765Z  INFO falcon_algebraic:prove:falcon_algebraic:arithmetic:falcon_algebraic:binding:spartan:round_grinding_prove:spartan:grinding{bits=13}: bitz::piop::spartan::grinding: close time.busy=5.68µs time.idle=110ns
2026-10-07T19:22:30.988766Z  INFO falcon_algebraic:prove:falcon_algebraic:arithmetic:falcon_algebraic:binding:spartan:round_grinding_prove: bitz::sumcheck::boundary: close time.busy=7.80µs time.idle=110ns
2026-10-07T19:22:30.988769Z  INFO falcon_algebraic:prove:falcon_algebraic:arithmetic:falcon_algebraic:binding:inner_packed:fold_tail{round=18}: bitz::sumcheck::inner::packed::state: close time.busy=1.41µs time.idle=120ns
2026-10-07T19:22:30.988778Z  INFO falcon_algebraic:prove:falcon_algebraic:arithmetic:falcon_algebraic:binding:spartan:round_grinding_prove:spartan:grinding{bits=13}: bitz::piop::spartan::grinding: close time.busy=6.68µs time.idle=120ns
2026-10-07T19:22:30.988779Z  INFO falcon_algebraic:prove:falcon_algebraic:arithmetic:falcon_algebraic:binding:spartan:round_grinding_prove: bitz::sumcheck::boundary: close time.busy=8.65µs time.idle=110ns
2026-10-07T19:22:30.988782Z  INFO falcon_algebraic:prove:falcon_algebraic:arithmetic:falcon_algebraic:binding:inner_packed:fold_tail{round=19}: bitz::sumcheck::inner::packed::state: close time.busy=792ns time.idle=120ns
2026-10-07T19:22:30.988810Z  INFO falcon_algebraic:prove:falcon_algebraic:arithmetic:falcon_algebraic:binding:spartan:round_grinding_prove:spartan:grinding{bits=13}: bitz::piop::spartan::grinding: close time.busy=25.3µs time.idle=110ns
2026-10-07T19:22:30.988811Z  INFO falcon_algebraic:prove:falcon_algebraic:arithmetic:falcon_algebraic:binding:spartan:round_grinding_prove: bitz::sumcheck::boundary: close time.busy=27.3µs time.idle=101ns
2026-10-07T19:22:30.988814Z  INFO falcon_algebraic:prove:falcon_algebraic:arithmetic:falcon_algebraic:binding:inner_packed:fold_tail{round=20}: bitz::sumcheck::inner::packed::state: close time.busy=451ns time.idle=120ns
2026-10-07T19:22:30.988870Z  INFO falcon_algebraic:prove:falcon_algebraic:arithmetic:falcon_algebraic:binding:spartan:round_grinding_prove:spartan:grinding{bits=13}: bitz::piop::spartan::grinding: close time.busy=53.3µs time.idle=110ns
2026-10-07T19:22:30.988871Z  INFO falcon_algebraic:prove:falcon_algebraic:arithmetic:falcon_algebraic:binding:spartan:round_grinding_prove: bitz::sumcheck::boundary: close time.busy=55.4µs time.idle=110ns
2026-10-07T19:22:30.988874Z  INFO falcon_algebraic:prove:falcon_algebraic:arithmetic:falcon_algebraic:binding:inner_packed:fold_tail{round=21}: bitz::sumcheck::inner::packed::state: close time.busy=270ns time.idle=121ns
2026-10-07T19:22:30.988884Z  INFO falcon_algebraic:prove:falcon_algebraic:arithmetic:falcon_algebraic:binding:spartan:round_grinding_prove:spartan:grinding{bits=13}: bitz::piop::spartan::grinding: close time.busy=8.12µs time.idle=110ns
2026-10-07T19:22:30.988886Z  INFO falcon_algebraic:prove:falcon_algebraic:arithmetic:falcon_algebraic:binding:spartan:round_grinding_prove: bitz::sumcheck::boundary: close time.busy=10.3µs time.idle=100ns
2026-10-07T19:22:30.988888Z  INFO falcon_algebraic:prove:falcon_algebraic:arithmetic:falcon_algebraic:binding:inner_packed:fold_tail{round=22}: bitz::sumcheck::inner::packed::state: close time.busy=171ns time.idle=110ns
2026-10-07T19:22:30.988903Z  INFO falcon_algebraic:prove:falcon_algebraic:arithmetic:falcon_algebraic:binding:spartan:round_grinding_prove:spartan:grinding{bits=13}: bitz::piop::spartan::grinding: close time.busy=12.5µs time.idle=120ns
2026-10-07T19:22:30.988904Z  INFO falcon_algebraic:prove:falcon_algebraic:arithmetic:falcon_algebraic:binding:spartan:round_grinding_prove: bitz::sumcheck::boundary: close time.busy=14.5µs time.idle=110ns
2026-10-07T19:22:30.988907Z  INFO falcon_algebraic:prove:falcon_algebraic:arithmetic:falcon_algebraic:binding:inner_packed:fold_tail{round=23}: bitz::sumcheck::inner::packed::state: close time.busy=131ns time.idle=130ns
2026-10-07T19:22:30.988971Z  INFO falcon_algebraic:prove:falcon_algebraic:arithmetic:falcon_algebraic:binding:spartan:round_grinding_prove:spartan:grinding{bits=13}: bitz::piop::spartan::grinding: close time.busy=61.1µs time.idle=110ns
2026-10-07T19:22:30.988972Z  INFO falcon_algebraic:prove:falcon_algebraic:arithmetic:falcon_algebraic:binding:spartan:round_grinding_prove: bitz::sumcheck::boundary: close time.busy=63.3µs time.idle=110ns
2026-10-07T19:22:30.988974Z  INFO falcon_algebraic:prove:falcon_algebraic:arithmetic:falcon_algebraic:binding:inner_packed:fold_tail{round=24}: bitz::sumcheck::inner::packed::state: close time.busy=361ns time.idle=120ns
2026-10-07T19:22:31.002502Z  INFO falcon_algebraic:prove:falcon_algebraic:arithmetic:falcon_algebraic:binding: bitz::piop::spartan::falcon1024_algebraic::arithmetic: close time.busy=248ms time.idle=160ns
2026-10-07T19:22:31.002507Z  INFO falcon_algebraic:prove:falcon_algebraic:arithmetic: bitz::piop::spartan::falcon1024_algebraic::protocol: close time.busy=350ms time.idle=331ns
2026-10-07T19:22:31.007877Z  INFO falcon_algebraic:prove:falcon_algebraic:bitz:falcon_bridge:integer_folds: bitz::hybrid::integer_bridge: close time.busy=5.33ms time.idle=130ns
2026-10-07T19:22:31.010111Z  INFO falcon_algebraic:prove:falcon_algebraic:bitz:falcon_bridge:column_packing: bitz::hybrid::integer_bridge: close time.busy=1.84ms time.idle=181ns
2026-10-07T19:22:31.010481Z  INFO falcon_algebraic:prove:falcon_algebraic:bitz:falcon_bridge:power_tables: bitz::hybrid::integer_bridge: close time.busy=368µs time.idle=122ns
2026-10-07T19:22:31.010691Z  INFO falcon_algebraic:prove:falcon_algebraic:bitz:spartan:grinding{bits=14}: bitz::piop::spartan::grinding: close time.busy=206µs time.idle=111ns
2026-10-07T19:22:31.027895Z  INFO falcon_algebraic:prove:falcon_algebraic:bitz:falcon_bridge:wfbitz_forest:spartan:grinding{bits=14}: bitz::piop::spartan::grinding: close time.busy=45.3µs time.idle=210ns
2026-10-07T19:22:31.027921Z  INFO falcon_algebraic:prove:falcon_algebraic:bitz:falcon_bridge:wfbitz_forest:spartan:grinding{bits=14}: bitz::piop::spartan::grinding: close time.busy=8.74µs time.idle=120ns
2026-10-07T19:22:31.027975Z  INFO falcon_algebraic:prove:falcon_algebraic:bitz:falcon_bridge:wfbitz_forest:spartan:grinding{bits=14}: bitz::piop::spartan::grinding: close time.busy=45.6µs time.idle=121ns
2026-10-07T19:22:31.028009Z  INFO falcon_algebraic:prove:falcon_algebraic:bitz:falcon_bridge:wfbitz_forest:spartan:grinding{bits=14}: bitz::piop::spartan::grinding: close time.busy=28.2µs time.idle=110ns
2026-10-07T19:22:31.028137Z  INFO falcon_algebraic:prove:falcon_algebraic:bitz:falcon_bridge:wfbitz_forest:spartan:grinding{bits=14}: bitz::piop::spartan::grinding: close time.busy=124µs time.idle=110ns
2026-10-07T19:22:31.028213Z  INFO falcon_algebraic:prove:falcon_algebraic:bitz:falcon_bridge:wfbitz_forest:spartan:grinding{bits=14}: bitz::piop::spartan::grinding: close time.busy=73.1µs time.idle=100ns
2026-10-07T19:22:31.028225Z  INFO falcon_algebraic:prove:falcon_algebraic:bitz:falcon_bridge:wfbitz_forest:spartan:grinding{bits=14}: bitz::piop::spartan::grinding: close time.busy=8.25µs time.idle=110ns
2026-10-07T19:22:31.028240Z  INFO falcon_algebraic:prove:falcon_algebraic:bitz:falcon_bridge:wfbitz_forest:spartan:grinding{bits=14}: bitz::piop::spartan::grinding: close time.busy=12.2µs time.idle=100ns
2026-10-07T19:22:31.028373Z  INFO falcon_algebraic:prove:falcon_algebraic:bitz:falcon_bridge:wfbitz_forest:spartan:grinding{bits=14}: bitz::piop::spartan::grinding: close time.busy=131µs time.idle=110ns
2026-10-07T19:22:31.028500Z  INFO falcon_algebraic:prove:falcon_algebraic:bitz:falcon_bridge:wfbitz_forest:spartan:grinding{bits=14}: bitz::piop::spartan::grinding: close time.busy=124µs time.idle=120ns
2026-10-07T19:22:31.028554Z  INFO falcon_algebraic:prove:falcon_algebraic:bitz:falcon_bridge:wfbitz_forest:spartan:grinding{bits=14}: bitz::piop::spartan::grinding: close time.busy=51.6µs time.idle=110ns
2026-10-07T19:22:31.028581Z  INFO falcon_algebraic:prove:falcon_algebraic:bitz:falcon_bridge:wfbitz_forest:spartan:grinding{bits=14}: bitz::piop::spartan::grinding: close time.busy=24.1µs time.idle=100ns
2026-10-07T19:22:31.028642Z  INFO falcon_algebraic:prove:falcon_algebraic:bitz:falcon_bridge:wfbitz_forest:spartan:grinding{bits=14}: bitz::piop::spartan::grinding: close time.busy=56.7µs time.idle=120ns
2026-10-07T19:22:31.028664Z  INFO falcon_algebraic:prove:falcon_algebraic:bitz:falcon_bridge:wfbitz_forest:spartan:grinding{bits=14}: bitz::piop::spartan::grinding: close time.busy=19.5µs time.idle=121ns
2026-10-07T19:22:31.028713Z  INFO falcon_algebraic:prove:falcon_algebraic:bitz:falcon_bridge:wfbitz_forest:spartan:grinding{bits=14}: bitz::piop::spartan::grinding: close time.busy=21.5µs time.idle=110ns
2026-10-07T19:22:31.028804Z  INFO falcon_algebraic:prove:falcon_algebraic:bitz:falcon_bridge:wfbitz_forest:spartan:grinding{bits=14}: bitz::piop::spartan::grinding: close time.busy=74.5µs time.idle=110ns
2026-10-07T19:22:31.028824Z  INFO falcon_algebraic:prove:falcon_algebraic:bitz:falcon_bridge:wfbitz_forest:spartan:grinding{bits=14}: bitz::piop::spartan::grinding: close time.busy=5.34µs time.idle=110ns
2026-10-07T19:22:31.028890Z  INFO falcon_algebraic:prove:falcon_algebraic:bitz:falcon_bridge:wfbitz_forest:spartan:grinding{bits=14}: bitz::piop::spartan::grinding: close time.busy=58.4µs time.idle=110ns
2026-10-07T19:22:31.028917Z  INFO falcon_algebraic:prove:falcon_algebraic:bitz:falcon_bridge:wfbitz_forest:spartan:grinding{bits=14}: bitz::piop::spartan::grinding: close time.busy=21.4µs time.idle=110ns
2026-10-07T19:22:31.028937Z  INFO falcon_algebraic:prove:falcon_algebraic:bitz:falcon_bridge:wfbitz_forest:spartan:grinding{bits=14}: bitz::piop::spartan::grinding: close time.busy=16.4µs time.idle=111ns
2026-10-07T19:22:31.028952Z  INFO falcon_algebraic:prove:falcon_algebraic:bitz:falcon_bridge:wfbitz_forest:spartan:grinding{bits=14}: bitz::piop::spartan::grinding: close time.busy=11.0µs time.idle=110ns
2026-10-07T19:22:31.028970Z  INFO falcon_algebraic:prove:falcon_algebraic:bitz:falcon_bridge:wfbitz_forest:spartan:grinding{bits=14}: bitz::piop::spartan::grinding: close time.busy=15.4µs time.idle=110ns
2026-10-07T19:22:31.029004Z  INFO falcon_algebraic:prove:falcon_algebraic:bitz:falcon_bridge:wfbitz_forest:spartan:grinding{bits=14}: bitz::piop::spartan::grinding: close time.busy=31.4µs time.idle=110ns
2026-10-07T19:22:31.029015Z  INFO falcon_algebraic:prove:falcon_algebraic:bitz:falcon_bridge:wfbitz_forest:spartan:grinding{bits=14}: bitz::piop::spartan::grinding: close time.busy=7.13µs time.idle=111ns
2026-10-07T19:22:31.029059Z  INFO falcon_algebraic:prove:falcon_algebraic:bitz:falcon_bridge:wfbitz_forest:spartan:grinding{bits=14}: bitz::piop::spartan::grinding: close time.busy=41.4µs time.idle=111ns
2026-10-07T19:22:31.029097Z  INFO falcon_algebraic:prove:falcon_algebraic:bitz:falcon_bridge:wfbitz_forest:spartan:grinding{bits=14}: bitz::piop::spartan::grinding: close time.busy=36.1µs time.idle=111ns
2026-10-07T19:22:31.029121Z  INFO falcon_algebraic:prove:falcon_algebraic:bitz:falcon_bridge:wfbitz_forest:spartan:grinding{bits=14}: bitz::piop::spartan::grinding: close time.busy=21.6µs time.idle=110ns
2026-10-07T19:22:31.029143Z  INFO falcon_algebraic:prove:falcon_algebraic:bitz:falcon_bridge:wfbitz_forest:spartan:grinding{bits=14}: bitz::piop::spartan::grinding: close time.busy=19.2µs time.idle=110ns
2026-10-07T19:22:31.029152Z  INFO falcon_algebraic:prove:falcon_algebraic:bitz:falcon_bridge:wfbitz_forest:spartan:grinding{bits=14}: bitz::piop::spartan::grinding: close time.busy=5.91µs time.idle=110ns
2026-10-07T19:22:31.029215Z  INFO falcon_algebraic:prove:falcon_algebraic:bitz:falcon_bridge:wfbitz_forest:spartan:grinding{bits=14}: bitz::piop::spartan::grinding: close time.busy=22.3µs time.idle=120ns
2026-10-07T19:22:31.029414Z  INFO falcon_algebraic:prove:falcon_algebraic:bitz:falcon_bridge:wfbitz_forest:spartan:grinding{bits=14}: bitz::piop::spartan::grinding: close time.busy=163µs time.idle=120ns
2026-10-07T19:22:31.029463Z  INFO falcon_algebraic:prove:falcon_algebraic:bitz:falcon_bridge:wfbitz_forest:spartan:grinding{bits=14}: bitz::piop::spartan::grinding: close time.busy=35.4µs time.idle=110ns
2026-10-07T19:22:31.029532Z  INFO falcon_algebraic:prove:falcon_algebraic:bitz:falcon_bridge:wfbitz_forest:spartan:grinding{bits=14}: bitz::piop::spartan::grinding: close time.busy=40.4µs time.idle=111ns
2026-10-07T19:22:31.029553Z  INFO falcon_algebraic:prove:falcon_algebraic:bitz:falcon_bridge:wfbitz_forest:spartan:grinding{bits=14}: bitz::piop::spartan::grinding: close time.busy=13.0µs time.idle=110ns
2026-10-07T19:22:31.029647Z  INFO falcon_algebraic:prove:falcon_algebraic:bitz:falcon_bridge:wfbitz_forest:spartan:grinding{bits=14}: bitz::piop::spartan::grinding: close time.busy=88.5µs time.idle=111ns
2026-10-07T19:22:31.029736Z  INFO falcon_algebraic:prove:falcon_algebraic:bitz:falcon_bridge:wfbitz_forest:spartan:grinding{bits=14}: bitz::piop::spartan::grinding: close time.busy=84.5µs time.idle=110ns
2026-10-07T19:22:31.029766Z  INFO falcon_algebraic:prove:falcon_algebraic:bitz:falcon_bridge:wfbitz_forest:spartan:grinding{bits=14}: bitz::piop::spartan::grinding: close time.busy=26.5µs time.idle=121ns
2026-10-07T19:22:31.029889Z  INFO falcon_algebraic:prove:falcon_algebraic:bitz:falcon_bridge:wfbitz_forest:spartan:grinding{bits=14}: bitz::piop::spartan::grinding: close time.busy=119µs time.idle=110ns
2026-10-07T19:22:31.029930Z  INFO falcon_algebraic:prove:falcon_algebraic:bitz:falcon_bridge:wfbitz_forest:spartan:grinding{bits=14}: bitz::piop::spartan::grinding: close time.busy=38.8µs time.idle=110ns
2026-10-07T19:22:31.030023Z  INFO falcon_algebraic:prove:falcon_algebraic:bitz:falcon_bridge:wfbitz_forest:spartan:grinding{bits=14}: bitz::piop::spartan::grinding: close time.busy=90.0µs time.idle=111ns
2026-10-07T19:22:31.030034Z  INFO falcon_algebraic:prove:falcon_algebraic:bitz:falcon_bridge:wfbitz_forest:spartan:grinding{bits=14}: bitz::piop::spartan::grinding: close time.busy=8.50µs time.idle=110ns
2026-10-07T19:22:31.030044Z  INFO falcon_algebraic:prove:falcon_algebraic:bitz:falcon_bridge:wfbitz_forest:spartan:grinding{bits=14}: bitz::piop::spartan::grinding: close time.busy=6.43µs time.idle=110ns
2026-10-07T19:22:31.030083Z  INFO falcon_algebraic:prove:falcon_algebraic:bitz:falcon_bridge:wfbitz_forest:spartan:grinding{bits=14}: bitz::piop::spartan::grinding: close time.busy=35.2µs time.idle=110ns
2026-10-07T19:22:31.030145Z  INFO falcon_algebraic:prove:falcon_algebraic:bitz:falcon_bridge:wfbitz_forest:spartan:grinding{bits=14}: bitz::piop::spartan::grinding: close time.busy=59.4µs time.idle=111ns
2026-10-07T19:22:31.030207Z  INFO falcon_algebraic:prove:falcon_algebraic:bitz:falcon_bridge:wfbitz_forest:spartan:grinding{bits=14}: bitz::piop::spartan::grinding: close time.busy=58.7µs time.idle=120ns
2026-10-07T19:22:31.030281Z  INFO falcon_algebraic:prove:falcon_algebraic:bitz:falcon_bridge:wfbitz_forest:spartan:grinding{bits=14}: bitz::piop::spartan::grinding: close time.busy=6.89µs time.idle=110ns
2026-10-07T19:22:31.030369Z  INFO falcon_algebraic:prove:falcon_algebraic:bitz:falcon_bridge:wfbitz_forest:spartan:grinding{bits=14}: bitz::piop::spartan::grinding: close time.busy=23.8µs time.idle=110ns
2026-10-07T19:22:31.030427Z  INFO falcon_algebraic:prove:falcon_algebraic:bitz:falcon_bridge:wfbitz_forest:spartan:grinding{bits=14}: bitz::piop::spartan::grinding: close time.busy=29.7µs time.idle=110ns
2026-10-07T19:22:31.030651Z  INFO falcon_algebraic:prove:falcon_algebraic:bitz:falcon_bridge:wfbitz_forest:spartan:grinding{bits=14}: bitz::piop::spartan::grinding: close time.busy=212µs time.idle=110ns
2026-10-07T19:22:31.030693Z  INFO falcon_algebraic:prove:falcon_algebraic:bitz:falcon_bridge:wfbitz_forest:spartan:grinding{bits=14}: bitz::piop::spartan::grinding: close time.busy=14.1µs time.idle=110ns
2026-10-07T19:22:31.030887Z  INFO falcon_algebraic:prove:falcon_algebraic:bitz:falcon_bridge:wfbitz_forest:spartan:grinding{bits=14}: bitz::piop::spartan::grinding: close time.busy=185µs time.idle=110ns
2026-10-07T19:22:31.030928Z  INFO falcon_algebraic:prove:falcon_algebraic:bitz:falcon_bridge:wfbitz_forest:spartan:grinding{bits=14}: bitz::piop::spartan::grinding: close time.busy=35.0µs time.idle=110ns
2026-10-07T19:22:31.030941Z  INFO falcon_algebraic:prove:falcon_algebraic:bitz:falcon_bridge:wfbitz_forest:spartan:grinding{bits=14}: bitz::piop::spartan::grinding: close time.busy=8.69µs time.idle=111ns
2026-10-07T19:22:31.030963Z  INFO falcon_algebraic:prove:falcon_algebraic:bitz:falcon_bridge:wfbitz_forest:spartan:grinding{bits=14}: bitz::piop::spartan::grinding: close time.busy=19.0µs time.idle=110ns
2026-10-07T19:22:31.031012Z  INFO falcon_algebraic:prove:falcon_algebraic:bitz:falcon_bridge:wfbitz_forest:spartan:grinding{bits=14}: bitz::piop::spartan::grinding: close time.busy=45.5µs time.idle=110ns
2026-10-07T19:22:31.031098Z  INFO falcon_algebraic:prove:falcon_algebraic:bitz:falcon_bridge:wfbitz_forest:spartan:grinding{bits=14}: bitz::piop::spartan::grinding: close time.busy=83.7µs time.idle=120ns
2026-10-07T19:22:31.031130Z  INFO falcon_algebraic:prove:falcon_algebraic:bitz:falcon_bridge:wfbitz_forest:spartan:grinding{bits=14}: bitz::piop::spartan::grinding: close time.busy=28.8µs time.idle=110ns
2026-10-07T19:22:31.031174Z  INFO falcon_algebraic:prove:falcon_algebraic:bitz:falcon_bridge:wfbitz_forest:spartan:grinding{bits=14}: bitz::piop::spartan::grinding: close time.busy=41.5µs time.idle=110ns
2026-10-07T19:22:31.031213Z  INFO falcon_algebraic:prove:falcon_algebraic:bitz:falcon_bridge:wfbitz_forest:spartan:grinding{bits=14}: bitz::piop::spartan::grinding: close time.busy=36.4µs time.idle=110ns
2026-10-07T19:22:31.031229Z  INFO falcon_algebraic:prove:falcon_algebraic:bitz:falcon_bridge:wfbitz_forest:spartan:grinding{bits=14}: bitz::piop::spartan::grinding: close time.busy=13.4µs time.idle=111ns
2026-10-07T19:22:31.031346Z  INFO falcon_algebraic:prove:falcon_algebraic:bitz:falcon_bridge:wfbitz_forest:spartan:grinding{bits=14}: bitz::piop::spartan::grinding: close time.busy=115µs time.idle=110ns
2026-10-07T19:22:31.031361Z  INFO falcon_algebraic:prove:falcon_algebraic:bitz:falcon_bridge:wfbitz_forest:spartan:grinding{bits=14}: bitz::piop::spartan::grinding: close time.busy=12.6µs time.idle=110ns
2026-10-07T19:22:31.031500Z  INFO falcon_algebraic:prove:falcon_algebraic:bitz:falcon_bridge:wfbitz_forest:spartan:grinding{bits=14}: bitz::piop::spartan::grinding: close time.busy=19.1µs time.idle=110ns
2026-10-07T19:22:31.031716Z  INFO falcon_algebraic:prove:falcon_algebraic:bitz:falcon_bridge:wfbitz_forest:spartan:grinding{bits=14}: bitz::piop::spartan::grinding: close time.busy=92.1µs time.idle=110ns
2026-10-07T19:22:31.031803Z  INFO falcon_algebraic:prove:falcon_algebraic:bitz:falcon_bridge:wfbitz_forest:spartan:grinding{bits=14}: bitz::piop::spartan::grinding: close time.busy=36.9µs time.idle=112ns
2026-10-07T19:22:31.031990Z  INFO falcon_algebraic:prove:falcon_algebraic:bitz:falcon_bridge:wfbitz_forest:spartan:grinding{bits=14}: bitz::piop::spartan::grinding: close time.busy=160µs time.idle=110ns
2026-10-07T19:22:31.032174Z  INFO falcon_algebraic:prove:falcon_algebraic:bitz:falcon_bridge:wfbitz_forest:spartan:grinding{bits=14}: bitz::piop::spartan::grinding: close time.busy=170µs time.idle=120ns
2026-10-07T19:22:31.032218Z  INFO falcon_algebraic:prove:falcon_algebraic:bitz:falcon_bridge:wfbitz_forest:spartan:grinding{bits=14}: bitz::piop::spartan::grinding: close time.busy=15.5µs time.idle=110ns
2026-10-07T19:22:31.032264Z  INFO falcon_algebraic:prove:falcon_algebraic:bitz:falcon_bridge:wfbitz_forest:spartan:grinding{bits=14}: bitz::piop::spartan::grinding: close time.busy=37.9µs time.idle=110ns
2026-10-07T19:22:31.032280Z  INFO falcon_algebraic:prove:falcon_algebraic:bitz:falcon_bridge:wfbitz_forest:spartan:grinding{bits=14}: bitz::piop::spartan::grinding: close time.busy=10.6µs time.idle=110ns
2026-10-07T19:22:31.032345Z  INFO falcon_algebraic:prove:falcon_algebraic:bitz:falcon_bridge:wfbitz_forest:spartan:grinding{bits=14}: bitz::piop::spartan::grinding: close time.busy=61.1µs time.idle=110ns
2026-10-07T19:22:31.032583Z  INFO falcon_algebraic:prove:falcon_algebraic:bitz:falcon_bridge:wfbitz_forest:spartan:grinding{bits=14}: bitz::piop::spartan::grinding: close time.busy=234µs time.idle=120ns
2026-10-07T19:22:31.032691Z  INFO falcon_algebraic:prove:falcon_algebraic:bitz:falcon_bridge:wfbitz_forest:spartan:grinding{bits=14}: bitz::piop::spartan::grinding: close time.busy=105µs time.idle=110ns
2026-10-07T19:22:31.032724Z  INFO falcon_algebraic:prove:falcon_algebraic:bitz:falcon_bridge:wfbitz_forest:spartan:grinding{bits=14}: bitz::piop::spartan::grinding: close time.busy=29.8µs time.idle=111ns
2026-10-07T19:22:31.032735Z  INFO falcon_algebraic:prove:falcon_algebraic:bitz:falcon_bridge:wfbitz_forest:spartan:grinding{bits=14}: bitz::piop::spartan::grinding: close time.busy=8.29µs time.idle=110ns
2026-10-07T19:22:31.032940Z  INFO falcon_algebraic:prove:falcon_algebraic:bitz:falcon_bridge:wfbitz_forest:spartan:grinding{bits=14}: bitz::piop::spartan::grinding: close time.busy=202µs time.idle=110ns
2026-10-07T19:22:31.033039Z  INFO falcon_algebraic:prove:falcon_algebraic:bitz:falcon_bridge:wfbitz_forest:spartan:grinding{bits=14}: bitz::piop::spartan::grinding: close time.busy=95.6µs time.idle=111ns
2026-10-07T19:22:31.033050Z  INFO falcon_algebraic:prove:falcon_algebraic:bitz:falcon_bridge:wfbitz_forest:spartan:grinding{bits=14}: bitz::piop::spartan::grinding: close time.busy=8.34µs time.idle=110ns
2026-10-07T19:22:31.033080Z  INFO falcon_algebraic:prove:falcon_algebraic:bitz:falcon_bridge:wfbitz_forest:spartan:grinding{bits=14}: bitz::piop::spartan::grinding: close time.busy=26.8µs time.idle=110ns
2026-10-07T19:22:31.033168Z  INFO falcon_algebraic:prove:falcon_algebraic:bitz:falcon_bridge:wfbitz_forest:spartan:grinding{bits=14}: bitz::piop::spartan::grinding: close time.busy=85.5µs time.idle=110ns
2026-10-07T19:22:31.033414Z  INFO falcon_algebraic:prove:falcon_algebraic:bitz:falcon_bridge:wfbitz_forest:spartan:grinding{bits=14}: bitz::piop::spartan::grinding: close time.busy=8.71µs time.idle=121ns
2026-10-07T19:22:31.033665Z  INFO falcon_algebraic:prove:falcon_algebraic:bitz:falcon_bridge:wfbitz_forest:spartan:grinding{bits=14}: bitz::piop::spartan::grinding: close time.busy=4.33µs time.idle=120ns
2026-10-07T19:22:31.033817Z  INFO falcon_algebraic:prove:falcon_algebraic:bitz:falcon_bridge:wfbitz_forest:spartan:grinding{bits=14}: bitz::piop::spartan::grinding: close time.busy=57.8µs time.idle=120ns
2026-10-07T19:22:31.033901Z  INFO falcon_algebraic:prove:falcon_algebraic:bitz:falcon_bridge:wfbitz_forest:spartan:grinding{bits=14}: bitz::piop::spartan::grinding: close time.busy=34.6µs time.idle=110ns
2026-10-07T19:22:31.033991Z  INFO falcon_algebraic:prove:falcon_algebraic:bitz:falcon_bridge:wfbitz_forest:spartan:grinding{bits=14}: bitz::piop::spartan::grinding: close time.busy=58.9µs time.idle=120ns
2026-10-07T19:22:31.034065Z  INFO falcon_algebraic:prove:falcon_algebraic:bitz:falcon_bridge:wfbitz_forest:spartan:grinding{bits=14}: bitz::piop::spartan::grinding: close time.busy=60.9µs time.idle=110ns
2026-10-07T19:22:31.034193Z  INFO falcon_algebraic:prove:falcon_algebraic:bitz:falcon_bridge:wfbitz_forest:spartan:grinding{bits=14}: bitz::piop::spartan::grinding: close time.busy=98.9µs time.idle=110ns
2026-10-07T19:22:31.034211Z  INFO falcon_algebraic:prove:falcon_algebraic:bitz:falcon_bridge:wfbitz_forest:spartan:grinding{bits=14}: bitz::piop::spartan::grinding: close time.busy=9.45µs time.idle=110ns
2026-10-07T19:22:31.034263Z  INFO falcon_algebraic:prove:falcon_algebraic:bitz:falcon_bridge:wfbitz_forest:spartan:grinding{bits=14}: bitz::piop::spartan::grinding: close time.busy=47.1µs time.idle=111ns
2026-10-07T19:22:31.034295Z  INFO falcon_algebraic:prove:falcon_algebraic:bitz:falcon_bridge:wfbitz_forest:spartan:grinding{bits=14}: bitz::piop::spartan::grinding: close time.busy=27.3µs time.idle=110ns
2026-10-07T19:22:31.034324Z  INFO falcon_algebraic:prove:falcon_algebraic:bitz:falcon_bridge:wfbitz_forest:spartan:grinding{bits=14}: bitz::piop::spartan::grinding: close time.busy=25.6µs time.idle=110ns
2026-10-07T19:22:31.034336Z  INFO falcon_algebraic:prove:falcon_algebraic:bitz:falcon_bridge:wfbitz_forest:spartan:grinding{bits=14}: bitz::piop::spartan::grinding: close time.busy=8.26µs time.idle=121ns
2026-10-07T19:22:31.034360Z  INFO falcon_algebraic:prove:falcon_algebraic:bitz:falcon_bridge:wfbitz_forest:spartan:grinding{bits=14}: bitz::piop::spartan::grinding: close time.busy=20.5µs time.idle=110ns
2026-10-07T19:22:31.034456Z  INFO falcon_algebraic:prove:falcon_algebraic:bitz:falcon_bridge:wfbitz_forest:spartan:grinding{bits=14}: bitz::piop::spartan::grinding: close time.busy=92.8µs time.idle=120ns
2026-10-07T19:22:31.034496Z  INFO falcon_algebraic:prove:falcon_algebraic:bitz:falcon_bridge:wfbitz_forest:spartan:grinding{bits=14}: bitz::piop::spartan::grinding: close time.busy=37.0µs time.idle=110ns
2026-10-07T19:22:31.034546Z  INFO falcon_algebraic:prove:falcon_algebraic:bitz:falcon_bridge:wfbitz_forest:spartan:grinding{bits=14}: bitz::piop::spartan::grinding: close time.busy=47.6µs time.idle=110ns
2026-10-07T19:22:31.034636Z  INFO falcon_algebraic:prove:falcon_algebraic:bitz:falcon_bridge:wfbitz_forest:spartan:grinding{bits=14}: bitz::piop::spartan::grinding: close time.busy=86.5µs time.idle=120ns
2026-10-07T19:22:31.034658Z  INFO falcon_algebraic:prove:falcon_algebraic:bitz:falcon_bridge:wfbitz_forest:spartan:grinding{bits=14}: bitz::piop::spartan::grinding: close time.busy=18.9µs time.idle=110ns
2026-10-07T19:22:31.034707Z  INFO falcon_algebraic:prove:falcon_algebraic:bitz:falcon_bridge:wfbitz_forest:spartan:grinding{bits=14}: bitz::piop::spartan::grinding: close time.busy=46.6µs time.idle=120ns
2026-10-07T19:22:31.035211Z  INFO falcon_algebraic:prove:falcon_algebraic:bitz:falcon_bridge:wfbitz_forest:spartan:grinding{bits=14}: bitz::piop::spartan::grinding: close time.busy=26.7µs time.idle=110ns
2026-10-07T19:22:31.035758Z  INFO falcon_algebraic:prove:falcon_algebraic:bitz:falcon_bridge:wfbitz_forest:spartan:grinding{bits=14}: bitz::piop::spartan::grinding: close time.busy=41.3µs time.idle=120ns
2026-10-07T19:22:31.036012Z  INFO falcon_algebraic:prove:falcon_algebraic:bitz:falcon_bridge:wfbitz_forest:spartan:grinding{bits=14}: bitz::piop::spartan::grinding: close time.busy=68.6µs time.idle=130ns
2026-10-07T19:22:31.036234Z  INFO falcon_algebraic:prove:falcon_algebraic:bitz:falcon_bridge:wfbitz_forest:spartan:grinding{bits=14}: bitz::piop::spartan::grinding: close time.busy=123µs time.idle=121ns
2026-10-07T19:22:31.036327Z  INFO falcon_algebraic:prove:falcon_algebraic:bitz:falcon_bridge:wfbitz_forest:spartan:grinding{bits=14}: bitz::piop::spartan::grinding: close time.busy=41.4µs time.idle=110ns
2026-10-07T19:22:31.036390Z  INFO falcon_algebraic:prove:falcon_algebraic:bitz:falcon_bridge:wfbitz_forest:spartan:grinding{bits=14}: bitz::piop::spartan::grinding: close time.busy=33.9µs time.idle=120ns
2026-10-07T19:22:31.036441Z  INFO falcon_algebraic:prove:falcon_algebraic:bitz:falcon_bridge:wfbitz_forest:spartan:grinding{bits=14}: bitz::piop::spartan::grinding: close time.busy=37.6µs time.idle=120ns
2026-10-07T19:22:31.036475Z  INFO falcon_algebraic:prove:falcon_algebraic:bitz:falcon_bridge:wfbitz_forest:spartan:grinding{bits=14}: bitz::piop::spartan::grinding: close time.busy=5.41µs time.idle=110ns
2026-10-07T19:22:31.036585Z  INFO falcon_algebraic:prove:falcon_algebraic:bitz:falcon_bridge:wfbitz_forest:spartan:grinding{bits=14}: bitz::piop::spartan::grinding: close time.busy=102µs time.idle=120ns
2026-10-07T19:22:31.036641Z  INFO falcon_algebraic:prove:falcon_algebraic:bitz:falcon_bridge:wfbitz_forest:spartan:grinding{bits=14}: bitz::piop::spartan::grinding: close time.busy=49.3µs time.idle=110ns
2026-10-07T19:22:31.036711Z  INFO falcon_algebraic:prove:falcon_algebraic:bitz:falcon_bridge:wfbitz_forest:spartan:grinding{bits=14}: bitz::piop::spartan::grinding: close time.busy=66.3µs time.idle=110ns
2026-10-07T19:22:31.036754Z  INFO falcon_algebraic:prove:falcon_algebraic:bitz:falcon_bridge:wfbitz_forest:spartan:grinding{bits=14}: bitz::piop::spartan::grinding: close time.busy=39.5µs time.idle=110ns
2026-10-07T19:22:31.036774Z  INFO falcon_algebraic:prove:falcon_algebraic:bitz:falcon_bridge:wfbitz_forest:spartan:grinding{bits=14}: bitz::piop::spartan::grinding: close time.busy=17.5µs time.idle=100ns
2026-10-07T19:22:31.036790Z  INFO falcon_algebraic:prove:falcon_algebraic:bitz:falcon_bridge:wfbitz_forest:spartan:grinding{bits=14}: bitz::piop::spartan::grinding: close time.busy=12.9µs time.idle=110ns
2026-10-07T19:22:31.036816Z  INFO falcon_algebraic:prove:falcon_algebraic:bitz:falcon_bridge:wfbitz_forest:spartan:grinding{bits=14}: bitz::piop::spartan::grinding: close time.busy=22.9µs time.idle=110ns
2026-10-07T19:22:31.036832Z  INFO falcon_algebraic:prove:falcon_algebraic:bitz:falcon_bridge:wfbitz_forest:spartan:grinding{bits=14}: bitz::piop::spartan::grinding: close time.busy=14.2µs time.idle=110ns
2026-10-07T19:22:31.036856Z  INFO falcon_algebraic:prove:falcon_algebraic:bitz:falcon_bridge:wfbitz_forest:spartan:grinding{bits=14}: bitz::piop::spartan::grinding: close time.busy=21.8µs time.idle=110ns
2026-10-07T19:22:31.036910Z  INFO falcon_algebraic:prove:falcon_algebraic:bitz:falcon_bridge:wfbitz_forest:spartan:grinding{bits=14}: bitz::piop::spartan::grinding: close time.busy=50.4µs time.idle=110ns
2026-10-07T19:22:31.037036Z  INFO falcon_algebraic:prove:falcon_algebraic:bitz:falcon_bridge:wfbitz_forest:spartan:grinding{bits=14}: bitz::piop::spartan::grinding: close time.busy=124µs time.idle=111ns
2026-10-07T19:22:31.037101Z  INFO falcon_algebraic:prove:falcon_algebraic:bitz:falcon_bridge:wfbitz_forest:spartan:grinding{bits=14}: bitz::piop::spartan::grinding: close time.busy=62.3µs time.idle=160ns
2026-10-07T19:22:31.038067Z  INFO falcon_algebraic:prove:falcon_algebraic:bitz:falcon_bridge:wfbitz_forest:spartan:grinding{bits=14}: bitz::piop::spartan::grinding: close time.busy=9.75µs time.idle=110ns
2026-10-07T19:22:31.039199Z  INFO falcon_algebraic:prove:falcon_algebraic:bitz:falcon_bridge:wfbitz_forest:spartan:grinding{bits=14}: bitz::piop::spartan::grinding: close time.busy=121µs time.idle=121ns
2026-10-07T19:22:31.039631Z  INFO falcon_algebraic:prove:falcon_algebraic:bitz:falcon_bridge:wfbitz_forest:spartan:grinding{bits=14}: bitz::piop::spartan::grinding: close time.busy=59.6µs time.idle=122ns
2026-10-07T19:22:31.039884Z  INFO falcon_algebraic:prove:falcon_algebraic:bitz:falcon_bridge:wfbitz_forest:spartan:grinding{bits=14}: bitz::piop::spartan::grinding: close time.busy=67.6µs time.idle=120ns
2026-10-07T19:22:31.040081Z  INFO falcon_algebraic:prove:falcon_algebraic:bitz:falcon_bridge:wfbitz_forest:spartan:grinding{bits=14}: bitz::piop::spartan::grinding: close time.busy=100µs time.idle=110ns
2026-10-07T19:22:31.040146Z  INFO falcon_algebraic:prove:falcon_algebraic:bitz:falcon_bridge:wfbitz_forest:spartan:grinding{bits=14}: bitz::piop::spartan::grinding: close time.busy=12.4µs time.idle=120ns
2026-10-07T19:22:31.040245Z  INFO falcon_algebraic:prove:falcon_algebraic:bitz:falcon_bridge:wfbitz_forest:spartan:grinding{bits=14}: bitz::piop::spartan::grinding: close time.busy=70.8µs time.idle=121ns
2026-10-07T19:22:31.040302Z  INFO falcon_algebraic:prove:falcon_algebraic:bitz:falcon_bridge:wfbitz_forest:spartan:grinding{bits=14}: bitz::piop::spartan::grinding: close time.busy=44.9µs time.idle=120ns
2026-10-07T19:22:31.040338Z  INFO falcon_algebraic:prove:falcon_algebraic:bitz:falcon_bridge:wfbitz_forest:spartan:grinding{bits=14}: bitz::piop::spartan::grinding: close time.busy=7.34µs time.idle=110ns
2026-10-07T19:22:31.040359Z  INFO falcon_algebraic:prove:falcon_algebraic:bitz:falcon_bridge:wfbitz_forest:spartan:grinding{bits=14}: bitz::piop::spartan::grinding: close time.busy=12.2µs time.idle=110ns
2026-10-07T19:22:31.040465Z  INFO falcon_algebraic:prove:falcon_algebraic:bitz:falcon_bridge:wfbitz_forest:spartan:grinding{bits=14}: bitz::piop::spartan::grinding: close time.busy=101µs time.idle=110ns
2026-10-07T19:22:31.040486Z  INFO falcon_algebraic:prove:falcon_algebraic:bitz:falcon_bridge:wfbitz_forest:spartan:grinding{bits=14}: bitz::piop::spartan::grinding: close time.busy=16.5µs time.idle=111ns
2026-10-07T19:22:31.040717Z  INFO falcon_algebraic:prove:falcon_algebraic:bitz:falcon_bridge:wfbitz_forest:spartan:grinding{bits=14}: bitz::piop::spartan::grinding: close time.busy=228µs time.idle=110ns
2026-10-07T19:22:31.040784Z  INFO falcon_algebraic:prove:falcon_algebraic:bitz:falcon_bridge:wfbitz_forest:spartan:grinding{bits=14}: bitz::piop::spartan::grinding: close time.busy=63.1µs time.idle=111ns
2026-10-07T19:22:31.040797Z  INFO falcon_algebraic:prove:falcon_algebraic:bitz:falcon_bridge:wfbitz_forest:spartan:grinding{bits=14}: bitz::piop::spartan::grinding: close time.busy=9.52µs time.idle=121ns
2026-10-07T19:22:31.040804Z  INFO falcon_algebraic:prove:falcon_algebraic:bitz:falcon_bridge:wfbitz_forest:spartan:grinding{bits=14}: bitz::piop::spartan::grinding: close time.busy=3.86µs time.idle=110ns
2026-10-07T19:22:31.040906Z  INFO falcon_algebraic:prove:falcon_algebraic:bitz:falcon_bridge:wfbitz_forest:spartan:grinding{bits=14}: bitz::piop::spartan::grinding: close time.busy=99.7µs time.idle=110ns
2026-10-07T19:22:31.040958Z  INFO falcon_algebraic:prove:falcon_algebraic:bitz:falcon_bridge:wfbitz_forest:spartan:grinding{bits=14}: bitz::piop::spartan::grinding: close time.busy=48.8µs time.idle=110ns
2026-10-07T19:22:31.041011Z  INFO falcon_algebraic:prove:falcon_algebraic:bitz:falcon_bridge:wfbitz_forest:spartan:grinding{bits=14}: bitz::piop::spartan::grinding: close time.busy=49.7µs time.idle=110ns
2026-10-07T19:22:31.041063Z  INFO falcon_algebraic:prove:falcon_algebraic:bitz:falcon_bridge:wfbitz_forest:spartan:grinding{bits=14}: bitz::piop::spartan::grinding: close time.busy=49.9µs time.idle=110ns
2026-10-07T19:22:31.041125Z  INFO falcon_algebraic:prove:falcon_algebraic:bitz:falcon_bridge:wfbitz_forest:spartan:grinding{bits=14}: bitz::piop::spartan::grinding: close time.busy=59.9µs time.idle=110ns
2026-10-07T19:22:31.046743Z  INFO falcon_algebraic:prove:falcon_algebraic:bitz:falcon_bridge:wfbitz_forest:spartan:grinding{bits=14}: bitz::piop::spartan::grinding: close time.busy=6.36µs time.idle=240ns
2026-10-07T19:22:31.048739Z  INFO falcon_algebraic:prove:falcon_algebraic:bitz:falcon_bridge:wfbitz_forest:spartan:grinding{bits=14}: bitz::piop::spartan::grinding: close time.busy=27.6µs time.idle=161ns
2026-10-07T19:22:31.049487Z  INFO falcon_algebraic:prove:falcon_algebraic:bitz:falcon_bridge:wfbitz_forest:spartan:grinding{bits=14}: bitz::piop::spartan::grinding: close time.busy=4.86µs time.idle=131ns
2026-10-07T19:22:31.049862Z  INFO falcon_algebraic:prove:falcon_algebraic:bitz:falcon_bridge:wfbitz_forest:spartan:grinding{bits=14}: bitz::piop::spartan::grinding: close time.busy=13.6µs time.idle=121ns
2026-10-07T19:22:31.050058Z  INFO falcon_algebraic:prove:falcon_algebraic:bitz:falcon_bridge:wfbitz_forest:spartan:grinding{bits=14}: bitz::piop::spartan::grinding: close time.busy=10.2µs time.idle=130ns
2026-10-07T19:22:31.050171Z  INFO falcon_algebraic:prove:falcon_algebraic:bitz:falcon_bridge:wfbitz_forest:spartan:grinding{bits=14}: bitz::piop::spartan::grinding: close time.busy=17.5µs time.idle=110ns
2026-10-07T19:22:31.050401Z  INFO falcon_algebraic:prove:falcon_algebraic:bitz:falcon_bridge:wfbitz_forest:spartan:grinding{bits=14}: bitz::piop::spartan::grinding: close time.busy=181µs time.idle=110ns
2026-10-07T19:22:31.050438Z  INFO falcon_algebraic:prove:falcon_algebraic:bitz:falcon_bridge:wfbitz_forest:spartan:grinding{bits=14}: bitz::piop::spartan::grinding: close time.busy=9.31µs time.idle=110ns
2026-10-07T19:22:31.050545Z  INFO falcon_algebraic:prove:falcon_algebraic:bitz:falcon_bridge:wfbitz_forest:spartan:grinding{bits=14}: bitz::piop::spartan::grinding: close time.busy=93.9µs time.idle=110ns
2026-10-07T19:22:31.050597Z  INFO falcon_algebraic:prove:falcon_algebraic:bitz:falcon_bridge:wfbitz_forest:spartan:grinding{bits=14}: bitz::piop::spartan::grinding: close time.busy=22.9µs time.idle=111ns
2026-10-07T19:22:31.050748Z  INFO falcon_algebraic:prove:falcon_algebraic:bitz:falcon_bridge:wfbitz_forest:spartan:grinding{bits=14}: bitz::piop::spartan::grinding: close time.busy=142µs time.idle=111ns
2026-10-07T19:22:31.050773Z  INFO falcon_algebraic:prove:falcon_algebraic:bitz:falcon_bridge:wfbitz_forest:spartan:grinding{bits=14}: bitz::piop::spartan::grinding: close time.busy=19.6µs time.idle=110ns
2026-10-07T19:22:31.050796Z  INFO falcon_algebraic:prove:falcon_algebraic:bitz:falcon_bridge:wfbitz_forest:spartan:grinding{bits=14}: bitz::piop::spartan::grinding: close time.busy=17.4µs time.idle=110ns
2026-10-07T19:22:31.050897Z  INFO falcon_algebraic:prove:falcon_algebraic:bitz:falcon_bridge:wfbitz_forest:spartan:grinding{bits=14}: bitz::piop::spartan::grinding: close time.busy=97.6µs time.idle=110ns
2026-10-07T19:22:31.050913Z  INFO falcon_algebraic:prove:falcon_algebraic:bitz:falcon_bridge:wfbitz_forest:spartan:grinding{bits=14}: bitz::piop::spartan::grinding: close time.busy=12.8µs time.idle=111ns
2026-10-07T19:22:31.051010Z  INFO falcon_algebraic:prove:falcon_algebraic:bitz:falcon_bridge:wfbitz_forest:spartan:grinding{bits=14}: bitz::piop::spartan::grinding: close time.busy=94.0µs time.idle=110ns
2026-10-07T19:22:31.051108Z  INFO falcon_algebraic:prove:falcon_algebraic:bitz:falcon_bridge:wfbitz_forest:spartan:grinding{bits=14}: bitz::piop::spartan::grinding: close time.busy=95.9µs time.idle=110ns
2026-10-07T19:22:31.051227Z  INFO falcon_algebraic:prove:falcon_algebraic:bitz:falcon_bridge:wfbitz_forest:spartan:grinding{bits=14}: bitz::piop::spartan::grinding: close time.busy=115µs time.idle=110ns
2026-10-07T19:22:31.051264Z  INFO falcon_algebraic:prove:falcon_algebraic:bitz:falcon_bridge:wfbitz_forest:spartan:grinding{bits=14}: bitz::piop::spartan::grinding: close time.busy=34.9µs time.idle=110ns
2026-10-07T19:22:31.051334Z  INFO falcon_algebraic:prove:falcon_algebraic:bitz:falcon_bridge:wfbitz_forest:spartan:grinding{bits=14}: bitz::piop::spartan::grinding: close time.busy=66.3µs time.idle=110ns
2026-10-07T19:22:31.051348Z  INFO falcon_algebraic:prove:falcon_algebraic:bitz:falcon_bridge:wfbitz_forest:spartan:grinding{bits=14}: bitz::piop::spartan::grinding: close time.busy=11.8µs time.idle=111ns
2026-10-07T19:22:31.051504Z  INFO falcon_algebraic:prove:falcon_algebraic:bitz:falcon_bridge:wfbitz_forest:spartan:grinding{bits=14}: bitz::piop::spartan::grinding: close time.busy=153µs time.idle=120ns
2026-10-07T19:22:31.055570Z  INFO falcon_algebraic:prove:falcon_algebraic:bitz:falcon_bridge:wfbitz_forest:spartan:grinding{bits=14}: bitz::piop::spartan::grinding: close time.busy=59.7µs time.idle=131ns
2026-10-07T19:22:31.059262Z  INFO falcon_algebraic:prove:falcon_algebraic:bitz:falcon_bridge:wfbitz_forest:spartan:grinding{bits=14}: bitz::piop::spartan::grinding: close time.busy=46.4µs time.idle=120ns
2026-10-07T19:22:31.060828Z  INFO falcon_algebraic:prove:falcon_algebraic:bitz:falcon_bridge:wfbitz_forest:spartan:grinding{bits=14}: bitz::piop::spartan::grinding: close time.busy=23.8µs time.idle=130ns
2026-10-07T19:22:31.061553Z  INFO falcon_algebraic:prove:falcon_algebraic:bitz:falcon_bridge:wfbitz_forest:spartan:grinding{bits=14}: bitz::piop::spartan::grinding: close time.busy=23.7µs time.idle=120ns
2026-10-07T19:22:31.061901Z  INFO falcon_algebraic:prove:falcon_algebraic:bitz:falcon_bridge:wfbitz_forest:spartan:grinding{bits=14}: bitz::piop::spartan::grinding: close time.busy=8.33µs time.idle=120ns
2026-10-07T19:22:31.062122Z  INFO falcon_algebraic:prove:falcon_algebraic:bitz:falcon_bridge:wfbitz_forest:spartan:grinding{bits=14}: bitz::piop::spartan::grinding: close time.busy=44.4µs time.idle=121ns
2026-10-07T19:22:31.062313Z  INFO falcon_algebraic:prove:falcon_algebraic:bitz:falcon_bridge:wfbitz_forest:spartan:grinding{bits=14}: bitz::piop::spartan::grinding: close time.busy=99.8µs time.idle=120ns
2026-10-07T19:22:31.062393Z  INFO falcon_algebraic:prove:falcon_algebraic:bitz:falcon_bridge:wfbitz_forest:spartan:grinding{bits=14}: bitz::piop::spartan::grinding: close time.busy=30.6µs time.idle=120ns
2026-10-07T19:22:31.062434Z  INFO falcon_algebraic:prove:falcon_algebraic:bitz:falcon_bridge:wfbitz_forest:spartan:grinding{bits=14}: bitz::piop::spartan::grinding: close time.busy=13.4µs time.idle=120ns
2026-10-07T19:22:31.062475Z  INFO falcon_algebraic:prove:falcon_algebraic:bitz:falcon_bridge:wfbitz_forest:spartan:grinding{bits=14}: bitz::piop::spartan::grinding: close time.busy=27.5µs time.idle=110ns
2026-10-07T19:22:31.062512Z  INFO falcon_algebraic:prove:falcon_algebraic:bitz:falcon_bridge:wfbitz_forest:spartan:grinding{bits=14}: bitz::piop::spartan::grinding: close time.busy=4.85µs time.idle=110ns
2026-10-07T19:22:31.062565Z  INFO falcon_algebraic:prove:falcon_algebraic:bitz:falcon_bridge:wfbitz_forest:spartan:grinding{bits=14}: bitz::piop::spartan::grinding: close time.busy=44.6µs time.idle=110ns
2026-10-07T19:22:31.062577Z  INFO falcon_algebraic:prove:falcon_algebraic:bitz:falcon_bridge:wfbitz_forest:spartan:grinding{bits=14}: bitz::piop::spartan::grinding: close time.busy=6.31µs time.idle=112ns
2026-10-07T19:22:31.062686Z  INFO falcon_algebraic:prove:falcon_algebraic:bitz:falcon_bridge:wfbitz_forest:spartan:grinding{bits=14}: bitz::piop::spartan::grinding: close time.busy=105µs time.idle=110ns
2026-10-07T19:22:31.062756Z  INFO falcon_algebraic:prove:falcon_algebraic:bitz:falcon_bridge:wfbitz_forest:spartan:grinding{bits=14}: bitz::piop::spartan::grinding: close time.busy=66.0µs time.idle=110ns
2026-10-07T19:22:31.062814Z  INFO falcon_algebraic:prove:falcon_algebraic:bitz:falcon_bridge:wfbitz_forest:spartan:grinding{bits=14}: bitz::piop::spartan::grinding: close time.busy=54.7µs time.idle=110ns
2026-10-07T19:22:31.062881Z  INFO falcon_algebraic:prove:falcon_algebraic:bitz:falcon_bridge:wfbitz_forest:spartan:grinding{bits=14}: bitz::piop::spartan::grinding: close time.busy=64.5µs time.idle=120ns
2026-10-07T19:22:31.062948Z  INFO falcon_algebraic:prove:falcon_algebraic:bitz:falcon_bridge:wfbitz_forest:spartan:grinding{bits=14}: bitz::piop::spartan::grinding: close time.busy=63.9µs time.idle=110ns
2026-10-07T19:22:31.062990Z  INFO falcon_algebraic:prove:falcon_algebraic:bitz:falcon_bridge:wfbitz_forest:spartan:grinding{bits=14}: bitz::piop::spartan::grinding: close time.busy=39.5µs time.idle=110ns
2026-10-07T19:22:31.063293Z  INFO falcon_algebraic:prove:falcon_algebraic:bitz:falcon_bridge:wfbitz_forest:spartan:grinding{bits=14}: bitz::piop::spartan::grinding: close time.busy=300µs time.idle=120ns
2026-10-07T19:22:31.063309Z  INFO falcon_algebraic:prove:falcon_algebraic:bitz:falcon_bridge:wfbitz_forest:spartan:grinding{bits=14}: bitz::piop::spartan::grinding: close time.busy=13.6µs time.idle=110ns
2026-10-07T19:22:31.063357Z  INFO falcon_algebraic:prove:falcon_algebraic:bitz:falcon_bridge:wfbitz_forest:spartan:grinding{bits=14}: bitz::piop::spartan::grinding: close time.busy=45.3µs time.idle=120ns
2026-10-07T19:22:31.063405Z  INFO falcon_algebraic:prove:falcon_algebraic:bitz:falcon_bridge:wfbitz_forest:spartan:grinding{bits=14}: bitz::piop::spartan::grinding: close time.busy=45.2µs time.idle=110ns
2026-10-07T19:22:31.068709Z  INFO falcon_algebraic:prove:falcon_algebraic:bitz:falcon_bridge:wfbitz_forest:spartan:grinding{bits=14}: bitz::piop::spartan::grinding: close time.busy=31.4µs time.idle=121ns
2026-10-07T19:22:31.073127Z  INFO falcon_algebraic:prove:falcon_algebraic:bitz:falcon_bridge:wfbitz_forest:spartan:grinding{bits=14}: bitz::piop::spartan::grinding: close time.busy=23.7µs time.idle=110ns
2026-10-07T19:22:31.076802Z  INFO falcon_algebraic:prove:falcon_algebraic:bitz:falcon_bridge:wfbitz_forest:spartan:grinding{bits=14}: bitz::piop::spartan::grinding: close time.busy=70.7µs time.idle=210ns
2026-10-07T19:22:31.078376Z  INFO falcon_algebraic:prove:falcon_algebraic:bitz:falcon_bridge:wfbitz_forest:spartan:grinding{bits=14}: bitz::piop::spartan::grinding: close time.busy=62.7µs time.idle=150ns
2026-10-07T19:22:31.079140Z  INFO falcon_algebraic:prove:falcon_algebraic:bitz:falcon_bridge:wfbitz_forest:spartan:grinding{bits=14}: bitz::piop::spartan::grinding: close time.busy=62.7µs time.idle=251ns
2026-10-07T19:22:31.079589Z  INFO falcon_algebraic:prove:falcon_algebraic:bitz:falcon_bridge:wfbitz_forest:spartan:grinding{bits=14}: bitz::piop::spartan::grinding: close time.busy=109µs time.idle=120ns
2026-10-07T19:22:31.079861Z  INFO falcon_algebraic:prove:falcon_algebraic:bitz:falcon_bridge:wfbitz_forest:spartan:grinding{bits=14}: bitz::piop::spartan::grinding: close time.busy=97.6µs time.idle=130ns
2026-10-07T19:22:31.080093Z  INFO falcon_algebraic:prove:falcon_algebraic:bitz:falcon_bridge:wfbitz_forest:spartan:grinding{bits=14}: bitz::piop::spartan::grinding: close time.busy=139µs time.idle=120ns
2026-10-07T19:22:31.080148Z  INFO falcon_algebraic:prove:falcon_algebraic:bitz:falcon_bridge:wfbitz_forest:spartan:grinding{bits=14}: bitz::piop::spartan::grinding: close time.busy=4.75µs time.idle=120ns
2026-10-07T19:22:31.080369Z  INFO falcon_algebraic:prove:falcon_algebraic:bitz:falcon_bridge:wfbitz_forest:spartan:grinding{bits=14}: bitz::piop::spartan::grinding: close time.busy=193µs time.idle=120ns
2026-10-07T19:22:31.080439Z  INFO falcon_algebraic:prove:falcon_algebraic:bitz:falcon_bridge:wfbitz_forest:spartan:grinding{bits=14}: bitz::piop::spartan::grinding: close time.busy=56.6µs time.idle=121ns
2026-10-07T19:22:31.080523Z  INFO falcon_algebraic:prove:falcon_algebraic:bitz:falcon_bridge:wfbitz_forest:spartan:grinding{bits=14}: bitz::piop::spartan::grinding: close time.busy=54.5µs time.idle=110ns
2026-10-07T19:22:31.080560Z  INFO falcon_algebraic:prove:falcon_algebraic:bitz:falcon_bridge:wfbitz_forest:spartan:grinding{bits=14}: bitz::piop::spartan::grinding: close time.busy=27.8µs time.idle=110ns
2026-10-07T19:22:31.080680Z  INFO falcon_algebraic:prove:falcon_algebraic:bitz:falcon_bridge:wfbitz_forest:spartan:grinding{bits=14}: bitz::piop::spartan::grinding: close time.busy=115µs time.idle=111ns
2026-10-07T19:22:31.080728Z  INFO falcon_algebraic:prove:falcon_algebraic:bitz:falcon_bridge:wfbitz_forest:spartan:grinding{bits=14}: bitz::piop::spartan::grinding: close time.busy=43.5µs time.idle=110ns
2026-10-07T19:22:31.080742Z  INFO falcon_algebraic:prove:falcon_algebraic:bitz:falcon_bridge:wfbitz_forest:spartan:grinding{bits=14}: bitz::piop::spartan::grinding: close time.busy=10.8µs time.idle=120ns
2026-10-07T19:22:31.080802Z  INFO falcon_algebraic:prove:falcon_algebraic:bitz:falcon_bridge:wfbitz_forest:spartan:grinding{bits=14}: bitz::piop::spartan::grinding: close time.busy=56.4µs time.idle=111ns
2026-10-07T19:22:31.080816Z  INFO falcon_algebraic:prove:falcon_algebraic:bitz:falcon_bridge:wfbitz_forest:spartan:grinding{bits=14}: bitz::piop::spartan::grinding: close time.busy=10.7µs time.idle=120ns
2026-10-07T19:22:31.080912Z  INFO falcon_algebraic:prove:falcon_algebraic:bitz:falcon_bridge:wfbitz_forest:spartan:grinding{bits=14}: bitz::piop::spartan::grinding: close time.busy=93.8µs time.idle=111ns
2026-10-07T19:22:31.080931Z  INFO falcon_algebraic:prove:falcon_algebraic:bitz:falcon_bridge:wfbitz_forest:spartan:grinding{bits=14}: bitz::piop::spartan::grinding: close time.busy=15.5µs time.idle=110ns
2026-10-07T19:22:31.080950Z  INFO falcon_algebraic:prove:falcon_algebraic:bitz:falcon_bridge:wfbitz_forest:spartan:grinding{bits=14}: bitz::piop::spartan::grinding: close time.busy=16.1µs time.idle=130ns
2026-10-07T19:22:31.081088Z  INFO falcon_algebraic:prove:falcon_algebraic:bitz:falcon_bridge:wfbitz_forest:spartan:grinding{bits=14}: bitz::piop::spartan::grinding: close time.busy=135µs time.idle=180ns
2026-10-07T19:22:31.081276Z  INFO falcon_algebraic:prove:falcon_algebraic:bitz:falcon_bridge:wfbitz_forest:spartan:grinding{bits=14}: bitz::piop::spartan::grinding: close time.busy=185µs time.idle=110ns
2026-10-07T19:22:31.081292Z  INFO falcon_algebraic:prove:falcon_algebraic:bitz:falcon_bridge:wfbitz_forest:spartan:grinding{bits=14}: bitz::piop::spartan::grinding: close time.busy=12.7µs time.idle=120ns
2026-10-07T19:22:31.087073Z  INFO falcon_algebraic:prove:falcon_algebraic:bitz:falcon_bridge:wfbitz_forest:spartan:grinding{bits=14}: bitz::piop::spartan::grinding: close time.busy=7.99µs time.idle=380ns
2026-10-07T19:22:31.087170Z  INFO falcon_algebraic:prove:falcon_algebraic:bitz:falcon_bridge:wfbitz_forest:spartan:grinding{bits=14}: bitz::piop::spartan::grinding: close time.busy=92.7µs time.idle=120ns
2026-10-07T19:22:31.091500Z  INFO falcon_algebraic:prove:falcon_algebraic:bitz:falcon_bridge:wfbitz_forest:spartan:grinding{bits=14}: bitz::piop::spartan::grinding: close time.busy=55.6µs time.idle=120ns
2026-10-07T19:22:31.095074Z  INFO falcon_algebraic:prove:falcon_algebraic:bitz:falcon_bridge:wfbitz_forest:spartan:grinding{bits=14}: bitz::piop::spartan::grinding: close time.busy=19.2µs time.idle=161ns
2026-10-07T19:22:31.096647Z  INFO falcon_algebraic:prove:falcon_algebraic:bitz:falcon_bridge:wfbitz_forest:spartan:grinding{bits=14}: bitz::piop::spartan::grinding: close time.busy=59.0µs time.idle=180ns
2026-10-07T19:22:31.097425Z  INFO falcon_algebraic:prove:falcon_algebraic:bitz:falcon_bridge:wfbitz_forest:spartan:grinding{bits=14}: bitz::piop::spartan::grinding: close time.busy=72.5µs time.idle=120ns
2026-10-07T19:22:31.097838Z  INFO falcon_algebraic:prove:falcon_algebraic:bitz:falcon_bridge:wfbitz_forest:spartan:grinding{bits=14}: bitz::piop::spartan::grinding: close time.busy=71.0µs time.idle=130ns
2026-10-07T19:22:31.098077Z  INFO falcon_algebraic:prove:falcon_algebraic:bitz:falcon_bridge:wfbitz_forest:spartan:grinding{bits=14}: bitz::piop::spartan::grinding: close time.busy=62.8µs time.idle=120ns
2026-10-07T19:22:31.098174Z  INFO falcon_algebraic:prove:falcon_algebraic:bitz:falcon_bridge:wfbitz_forest:spartan:grinding{bits=14}: bitz::piop::spartan::grinding: close time.busy=6.49µs time.idle=130ns
2026-10-07T19:22:31.098267Z  INFO falcon_algebraic:prove:falcon_algebraic:bitz:falcon_bridge:wfbitz_forest:spartan:grinding{bits=14}: bitz::piop::spartan::grinding: close time.busy=42.3µs time.idle=130ns
2026-10-07T19:22:31.098321Z  INFO falcon_algebraic:prove:falcon_algebraic:bitz:falcon_bridge:wfbitz_forest:spartan:grinding{bits=14}: bitz::piop::spartan::grinding: close time.busy=25.9µs time.idle=120ns
2026-10-07T19:22:31.098524Z  INFO falcon_algebraic:prove:falcon_algebraic:bitz:falcon_bridge:wfbitz_forest:spartan:grinding{bits=14}: bitz::piop::spartan::grinding: close time.busy=189µs time.idle=110ns
2026-10-07T19:22:31.098602Z  INFO falcon_algebraic:prove:falcon_algebraic:bitz:falcon_bridge:wfbitz_forest:spartan:grinding{bits=14}: bitz::piop::spartan::grinding: close time.busy=48.1µs time.idle=120ns
2026-10-07T19:22:31.098674Z  INFO falcon_algebraic:prove:falcon_algebraic:bitz:falcon_bridge:wfbitz_forest:spartan:grinding{bits=14}: bitz::piop::spartan::grinding: close time.busy=62.7µs time.idle=110ns
2026-10-07T19:22:31.098766Z  INFO falcon_algebraic:prove:falcon_algebraic:bitz:falcon_bridge:wfbitz_forest:spartan:grinding{bits=14}: bitz::piop::spartan::grinding: close time.busy=86.9µs time.idle=120ns
2026-10-07T19:22:31.098781Z  INFO falcon_algebraic:prove:falcon_algebraic:bitz:falcon_bridge:wfbitz_forest:spartan:grinding{bits=14}: bitz::piop::spartan::grinding: close time.busy=11.1µs time.idle=111ns
2026-10-07T19:22:31.098966Z  INFO falcon_algebraic:prove:falcon_algebraic:bitz:falcon_bridge:wfbitz_forest:spartan:grinding{bits=14}: bitz::piop::spartan::grinding: close time.busy=182µs time.idle=110ns
2026-10-07T19:22:31.099266Z  INFO falcon_algebraic:prove:falcon_algebraic:bitz:falcon_bridge:wfbitz_forest:spartan:grinding{bits=14}: bitz::piop::spartan::grinding: close time.busy=297µs time.idle=110ns
2026-10-07T19:22:31.099321Z  INFO falcon_algebraic:prove:falcon_algebraic:bitz:falcon_bridge:wfbitz_forest:spartan:grinding{bits=14}: bitz::piop::spartan::grinding: close time.busy=51.6µs time.idle=110ns
2026-10-07T19:22:31.099430Z  INFO falcon_algebraic:prove:falcon_algebraic:bitz:falcon_bridge:wfbitz_forest:spartan:grinding{bits=14}: bitz::piop::spartan::grinding: close time.busy=107µs time.idle=120ns
2026-10-07T19:22:31.099467Z  INFO falcon_algebraic:prove:falcon_algebraic:bitz:falcon_bridge:wfbitz_forest:spartan:grinding{bits=14}: bitz::piop::spartan::grinding: close time.busy=33.9µs time.idle=111ns
2026-10-07T19:22:31.099549Z  INFO falcon_algebraic:prove:falcon_algebraic:bitz:falcon_bridge:wfbitz_forest:spartan:grinding{bits=14}: bitz::piop::spartan::grinding: close time.busy=79.9µs time.idle=121ns
2026-10-07T19:22:31.099657Z  INFO falcon_algebraic:prove:falcon_algebraic:bitz:falcon_bridge:wfbitz_forest:spartan:grinding{bits=14}: bitz::piop::spartan::grinding: close time.busy=105µs time.idle=120ns
2026-10-07T19:22:31.099712Z  INFO falcon_algebraic:prove:falcon_algebraic:bitz:falcon_bridge:wfbitz_forest:spartan:grinding{bits=14}: bitz::piop::spartan::grinding: close time.busy=50.6µs time.idle=110ns
2026-10-07T19:22:31.099754Z  INFO falcon_algebraic:prove:falcon_algebraic:bitz:falcon_bridge:wfbitz_forest:spartan:grinding{bits=14}: bitz::piop::spartan::grinding: close time.busy=39.8µs time.idle=110ns
2026-10-07T19:22:31.105113Z  INFO falcon_algebraic:prove:falcon_algebraic:bitz:falcon_bridge:wfbitz_forest:spartan:grinding{bits=14}: bitz::piop::spartan::grinding: close time.busy=32.7µs time.idle=122ns
2026-10-07T19:22:31.105190Z  INFO falcon_algebraic:prove:falcon_algebraic:bitz:falcon_bridge:wfbitz_forest:spartan:grinding{bits=14}: bitz::piop::spartan::grinding: close time.busy=73.3µs time.idle=110ns
2026-10-07T19:22:31.105214Z  INFO falcon_algebraic:prove:falcon_algebraic:bitz:falcon_bridge:wfbitz_forest:spartan:grinding{bits=14}: bitz::piop::spartan::grinding: close time.busy=21.6µs time.idle=120ns
2026-10-07T19:22:31.109620Z  INFO falcon_algebraic:prove:falcon_algebraic:bitz:falcon_bridge:wfbitz_forest:spartan:grinding{bits=14}: bitz::piop::spartan::grinding: close time.busy=37.0µs time.idle=130ns
2026-10-07T19:22:31.113159Z  INFO falcon_algebraic:prove:falcon_algebraic:bitz:falcon_bridge:wfbitz_forest:spartan:grinding{bits=14}: bitz::piop::spartan::grinding: close time.busy=8.33µs time.idle=300ns
2026-10-07T19:22:31.114681Z  INFO falcon_algebraic:prove:falcon_algebraic:bitz:falcon_bridge:wfbitz_forest:spartan:grinding{bits=14}: bitz::piop::spartan::grinding: close time.busy=36.0µs time.idle=220ns
2026-10-07T19:22:31.115470Z  INFO falcon_algebraic:prove:falcon_algebraic:bitz:falcon_bridge:wfbitz_forest:spartan:grinding{bits=14}: bitz::piop::spartan::grinding: close time.busy=76.1µs time.idle=130ns
2026-10-07T19:22:31.115833Z  INFO falcon_algebraic:prove:falcon_algebraic:bitz:falcon_bridge:wfbitz_forest:spartan:grinding{bits=14}: bitz::piop::spartan::grinding: close time.busy=19.7µs time.idle=130ns
2026-10-07T19:22:31.116036Z  INFO falcon_algebraic:prove:falcon_algebraic:bitz:falcon_bridge:wfbitz_forest:spartan:grinding{bits=14}: bitz::piop::spartan::grinding: close time.busy=28.9µs time.idle=140ns
2026-10-07T19:22:31.116242Z  INFO falcon_algebraic:prove:falcon_algebraic:bitz:falcon_bridge:wfbitz_forest:spartan:grinding{bits=14}: bitz::piop::spartan::grinding: close time.busy=114µs time.idle=130ns
2026-10-07T19:22:31.116356Z  INFO falcon_algebraic:prove:falcon_algebraic:bitz:falcon_bridge:wfbitz_forest:spartan:grinding{bits=14}: bitz::piop::spartan::grinding: close time.busy=63.6µs time.idle=131ns
2026-10-07T19:22:31.116399Z  INFO falcon_algebraic:prove:falcon_algebraic:bitz:falcon_bridge:wfbitz_forest:spartan:grinding{bits=14}: bitz::piop::spartan::grinding: close time.busy=14.8µs time.idle=120ns
2026-10-07T19:22:31.116451Z  INFO falcon_algebraic:prove:falcon_algebraic:bitz:falcon_bridge:wfbitz_forest:spartan:grinding{bits=14}: bitz::piop::spartan::grinding: close time.busy=38.6µs time.idle=110ns
2026-10-07T19:22:31.116494Z  INFO falcon_algebraic:prove:falcon_algebraic:bitz:falcon_bridge:wfbitz_forest:spartan:grinding{bits=14}: bitz::piop::spartan::grinding: close time.busy=12.8µs time.idle=110ns
2026-10-07T19:22:31.116526Z  INFO falcon_algebraic:prove:falcon_algebraic:bitz:falcon_bridge:wfbitz_forest:spartan:grinding{bits=14}: bitz::piop::spartan::grinding: close time.busy=23.0µs time.idle=121ns
2026-10-07T19:22:31.116555Z  INFO falcon_algebraic:prove:falcon_algebraic:bitz:falcon_bridge:wfbitz_forest:spartan:grinding{bits=14}: bitz::piop::spartan::grinding: close time.busy=23.1µs time.idle=120ns
2026-10-07T19:22:31.116571Z  INFO falcon_algebraic:prove:falcon_algebraic:bitz:falcon_bridge:wfbitz_forest:spartan:grinding{bits=14}: bitz::piop::spartan::grinding: close time.busy=12.0µs time.idle=120ns
2026-10-07T19:22:31.116591Z  INFO falcon_algebraic:prove:falcon_algebraic:bitz:falcon_bridge:wfbitz_forest:spartan:grinding{bits=14}: bitz::piop::spartan::grinding: close time.busy=15.7µs time.idle=121ns
2026-10-07T19:22:31.116608Z  INFO falcon_algebraic:prove:falcon_algebraic:bitz:falcon_bridge:wfbitz_forest:spartan:grinding{bits=14}: bitz::piop::spartan::grinding: close time.busy=12.5µs time.idle=120ns
2026-10-07T19:22:31.116625Z  INFO falcon_algebraic:prove:falcon_algebraic:bitz:falcon_bridge:wfbitz_forest:spartan:grinding{bits=14}: bitz::piop::spartan::grinding: close time.busy=14.8µs time.idle=120ns
2026-10-07T19:22:31.116676Z  INFO falcon_algebraic:prove:falcon_algebraic:bitz:falcon_bridge:wfbitz_forest:spartan:grinding{bits=14}: bitz::piop::spartan::grinding: close time.busy=47.4µs time.idle=121ns
2026-10-07T19:22:31.116691Z  INFO falcon_algebraic:prove:falcon_algebraic:bitz:falcon_bridge:wfbitz_forest:spartan:grinding{bits=14}: bitz::piop::spartan::grinding: close time.busy=12.6µs time.idle=130ns
2026-10-07T19:22:31.116742Z  INFO falcon_algebraic:prove:falcon_algebraic:bitz:falcon_bridge:wfbitz_forest:spartan:grinding{bits=14}: bitz::piop::spartan::grinding: close time.busy=47.8µs time.idle=120ns
2026-10-07T19:22:31.116872Z  INFO falcon_algebraic:prove:falcon_algebraic:bitz:falcon_bridge:wfbitz_forest:spartan:grinding{bits=14}: bitz::piop::spartan::grinding: close time.busy=126µs time.idle=120ns
2026-10-07T19:22:31.116881Z  INFO falcon_algebraic:prove:falcon_algebraic:bitz:falcon_bridge:wfbitz_forest:spartan:grinding{bits=14}: bitz::piop::spartan::grinding: close time.busy=6.80µs time.idle=120ns
2026-10-07T19:22:31.116987Z  INFO falcon_algebraic:prove:falcon_algebraic:bitz:falcon_bridge:wfbitz_forest:spartan:grinding{bits=14}: bitz::piop::spartan::grinding: close time.busy=103µs time.idle=120ns
2026-10-07T19:22:31.118586Z  INFO falcon_algebraic:prove:falcon_algebraic:bitz:falcon_bridge:wfbitz_forest: bitz::hybrid::integer_bridge: close time.busy=108ms time.idle=140ns
2026-10-07T19:22:31.118658Z  INFO falcon_algebraic:prove:falcon_algebraic:bitz: bitz::piop::spartan::falcon1024_algebraic::protocol: close time.busy=116ms time.idle=202ns
2026-10-07T19:22:31.125704Z  INFO falcon_algebraic:prove:falcon_joint:packed_setup: bitz::hybrid::joint_sumcheck: close time.busy=7.04ms time.idle=190ns
2026-10-07T19:22:31.125757Z  INFO falcon_algebraic:prove:spartan:round_grinding_prove:spartan:grinding{bits=10}: bitz::piop::spartan::grinding: close time.busy=701ns time.idle=151ns
2026-10-07T19:22:31.125759Z  INFO falcon_algebraic:prove:spartan:round_grinding_prove: bitz::sumcheck::boundary: close time.busy=3.53µs time.idle=141ns
2026-10-07T19:22:31.125824Z  INFO falcon_algebraic:prove:spartan:round_grinding_prove:spartan:grinding{bits=10}: bitz::piop::spartan::grinding: close time.busy=7.32µs time.idle=131ns
2026-10-07T19:22:31.125825Z  INFO falcon_algebraic:prove:spartan:round_grinding_prove: bitz::sumcheck::boundary: close time.busy=9.58µs time.idle=120ns
2026-10-07T19:22:31.125880Z  INFO falcon_algebraic:prove:spartan:round_grinding_prove:spartan:grinding{bits=10}: bitz::piop::spartan::grinding: close time.busy=1.79µs time.idle=120ns
2026-10-07T19:22:31.125882Z  INFO falcon_algebraic:prove:spartan:round_grinding_prove: bitz::sumcheck::boundary: close time.busy=3.94µs time.idle=121ns
2026-10-07T19:22:31.125934Z  INFO falcon_algebraic:prove:spartan:round_grinding_prove:spartan:grinding{bits=10}: bitz::piop::spartan::grinding: close time.busy=1.51µs time.idle=122ns
2026-10-07T19:22:31.125936Z  INFO falcon_algebraic:prove:spartan:round_grinding_prove: bitz::sumcheck::boundary: close time.busy=3.92µs time.idle=120ns
2026-10-07T19:22:31.125992Z  INFO falcon_algebraic:prove:spartan:round_grinding_prove:spartan:grinding{bits=10}: bitz::piop::spartan::grinding: close time.busy=5.70µs time.idle=120ns
2026-10-07T19:22:31.125993Z  INFO falcon_algebraic:prove:spartan:round_grinding_prove: bitz::sumcheck::boundary: close time.busy=7.92µs time.idle=110ns
2026-10-07T19:22:31.126043Z  INFO falcon_algebraic:prove:spartan:round_grinding_prove:spartan:grinding{bits=10}: bitz::piop::spartan::grinding: close time.busy=120ns time.idle=120ns
2026-10-07T19:22:31.126049Z  INFO falcon_algebraic:prove:spartan:round_grinding_prove: bitz::sumcheck::boundary: close time.busy=6.93µs time.idle=120ns
2026-10-07T19:22:31.126104Z  INFO falcon_algebraic:prove:spartan:round_grinding_prove:spartan:grinding{bits=10}: bitz::piop::spartan::grinding: close time.busy=4.67µs time.idle=110ns
2026-10-07T19:22:31.126105Z  INFO falcon_algebraic:prove:spartan:round_grinding_prove: bitz::sumcheck::boundary: close time.busy=6.76µs time.idle=111ns
2026-10-07T19:22:31.129024Z  INFO falcon_algebraic:prove:falcon_joint:prepare: bitz::hybrid::joint_sumcheck: close time.busy=2.92ms time.idle=130ns
2026-10-07T19:22:31.129029Z  INFO falcon_algebraic:prove:spartan:round_grinding_prove:spartan:grinding{bits=10}: bitz::piop::spartan::grinding: close time.busy=1.25µs time.idle=110ns
2026-10-07T19:22:31.129031Z  INFO falcon_algebraic:prove:spartan:round_grinding_prove: bitz::sumcheck::boundary: close time.busy=4.01µs time.idle=140ns
2026-10-07T19:22:31.129898Z  INFO falcon_algebraic:prove:falcon_joint:compact: bitz::hybrid::joint_sumcheck: close time.busy=866µs time.idle=140ns
2026-10-07T19:22:31.129903Z  INFO falcon_algebraic:prove:spartan:round_grinding_prove:spartan:grinding{bits=10}: bitz::piop::spartan::grinding: close time.busy=1.47µs time.idle=110ns
2026-10-07T19:22:31.129904Z  INFO falcon_algebraic:prove:spartan:round_grinding_prove: bitz::sumcheck::boundary: close time.busy=4.09µs time.idle=130ns
2026-10-07T19:22:31.130252Z  INFO falcon_algebraic:prove:falcon_joint:compact: bitz::hybrid::joint_sumcheck: close time.busy=346µs time.idle=121ns
2026-10-07T19:22:31.130257Z  INFO falcon_algebraic:prove:spartan:round_grinding_prove:spartan:grinding{bits=10}: bitz::piop::spartan::grinding: close time.busy=2.16µs time.idle=180ns
2026-10-07T19:22:31.130259Z  INFO falcon_algebraic:prove:spartan:round_grinding_prove: bitz::sumcheck::boundary: close time.busy=4.46µs time.idle=100ns
2026-10-07T19:22:31.130442Z  INFO falcon_algebraic:prove:falcon_joint:compact: bitz::hybrid::joint_sumcheck: close time.busy=182µs time.idle=120ns
2026-10-07T19:22:31.130450Z  INFO falcon_algebraic:prove:spartan:round_grinding_prove:spartan:grinding{bits=10}: bitz::piop::spartan::grinding: close time.busy=5.47µs time.idle=110ns
2026-10-07T19:22:31.130452Z  INFO falcon_algebraic:prove:spartan:round_grinding_prove: bitz::sumcheck::boundary: close time.busy=7.70µs time.idle=120ns
2026-10-07T19:22:31.130602Z  INFO falcon_algebraic:prove:falcon_joint:compact: bitz::hybrid::joint_sumcheck: close time.busy=149µs time.idle=110ns
2026-10-07T19:22:31.130609Z  INFO falcon_algebraic:prove:spartan:round_grinding_prove:spartan:grinding{bits=10}: bitz::piop::spartan::grinding: close time.busy=4.07µs time.idle=110ns
2026-10-07T19:22:31.130610Z  INFO falcon_algebraic:prove:spartan:round_grinding_prove: bitz::sumcheck::boundary: close time.busy=6.26µs time.idle=122ns
2026-10-07T19:22:31.130640Z  INFO falcon_algebraic:prove:falcon_joint:dense: bitz::hybrid::joint_sumcheck: close time.busy=28.6µs time.idle=111ns
2026-10-07T19:22:31.130646Z  INFO falcon_algebraic:prove:spartan:round_grinding_prove:spartan:grinding{bits=10}: bitz::piop::spartan::grinding: close time.busy=2.62µs time.idle=110ns
2026-10-07T19:22:31.130647Z  INFO falcon_algebraic:prove:spartan:round_grinding_prove: bitz::sumcheck::boundary: close time.busy=4.91µs time.idle=121ns
2026-10-07T19:22:31.130664Z  INFO falcon_algebraic:prove:falcon_joint:dense: bitz::hybrid::joint_sumcheck: close time.busy=15.6µs time.idle=110ns
2026-10-07T19:22:31.130679Z  INFO falcon_algebraic:prove:spartan:round_grinding_prove:spartan:grinding{bits=10}: bitz::piop::spartan::grinding: close time.busy=12.0µs time.idle=110ns
2026-10-07T19:22:31.130680Z  INFO falcon_algebraic:prove:spartan:round_grinding_prove: bitz::sumcheck::boundary: close time.busy=14.3µs time.idle=130ns
2026-10-07T19:22:31.130691Z  INFO falcon_algebraic:prove:falcon_joint:dense: bitz::hybrid::joint_sumcheck: close time.busy=9.29µs time.idle=120ns
2026-10-07T19:22:31.130696Z  INFO falcon_algebraic:prove:spartan:round_grinding_prove:spartan:grinding{bits=10}: bitz::piop::spartan::grinding: close time.busy=1.49µs time.idle=110ns
2026-10-07T19:22:31.130697Z  INFO falcon_algebraic:prove:spartan:round_grinding_prove: bitz::sumcheck::boundary: close time.busy=3.69µs time.idle=110ns
2026-10-07T19:22:31.130705Z  INFO falcon_algebraic:prove:falcon_joint:dense: bitz::hybrid::joint_sumcheck: close time.busy=6.42µs time.idle=121ns
2026-10-07T19:22:31.130707Z  INFO falcon_algebraic:prove:spartan:round_grinding_prove:spartan:grinding{bits=10}: bitz::piop::spartan::grinding: close time.busy=511ns time.idle=110ns
2026-10-07T19:22:31.130709Z  INFO falcon_algebraic:prove:spartan:round_grinding_prove: bitz::sumcheck::boundary: close time.busy=2.75µs time.idle=110ns
2026-10-07T19:22:31.130712Z  INFO falcon_algebraic:prove:falcon_joint:dense: bitz::hybrid::joint_sumcheck: close time.busy=1.37µs time.idle=110ns
2026-10-07T19:22:31.130714Z  INFO falcon_algebraic:prove:spartan:round_grinding_prove:spartan:grinding{bits=10}: bitz::piop::spartan::grinding: close time.busy=180ns time.idle=110ns
2026-10-07T19:22:31.130716Z  INFO falcon_algebraic:prove:spartan:round_grinding_prove: bitz::sumcheck::boundary: close time.busy=2.79µs time.idle=120ns
2026-10-07T19:22:31.130718Z  INFO falcon_algebraic:prove:falcon_joint:dense: bitz::hybrid::joint_sumcheck: close time.busy=741ns time.idle=111ns
2026-10-07T19:22:31.130734Z  INFO falcon_algebraic:prove:spartan:round_grinding_prove:spartan:grinding{bits=10}: bitz::piop::spartan::grinding: close time.busy=13.9µs time.idle=110ns
2026-10-07T19:22:31.130735Z  INFO falcon_algebraic:prove:spartan:round_grinding_prove: bitz::sumcheck::boundary: close time.busy=15.8µs time.idle=100ns
2026-10-07T19:22:31.130737Z  INFO falcon_algebraic:prove:falcon_joint:dense: bitz::hybrid::joint_sumcheck: close time.busy=401ns time.idle=120ns
2026-10-07T19:22:31.130744Z  INFO falcon_algebraic:prove:spartan:round_grinding_prove:spartan:grinding{bits=10}: bitz::piop::spartan::grinding: close time.busy=4.75µs time.idle=110ns
2026-10-07T19:22:31.130745Z  INFO falcon_algebraic:prove:spartan:round_grinding_prove: bitz::sumcheck::boundary: close time.busy=6.67µs time.idle=100ns
2026-10-07T19:22:31.130746Z  INFO falcon_algebraic:prove:falcon_joint:dense: bitz::hybrid::joint_sumcheck: close time.busy=240ns time.idle=120ns
2026-10-07T19:22:31.130750Z  INFO falcon_algebraic:prove:spartan:round_grinding_prove:spartan:grinding{bits=10}: bitz::piop::spartan::grinding: close time.busy=1.53µs time.idle=120ns
2026-10-07T19:22:31.130751Z  INFO falcon_algebraic:prove:spartan:round_grinding_prove: bitz::sumcheck::boundary: close time.busy=3.54µs time.idle=101ns
2026-10-07T19:22:31.130753Z  INFO falcon_algebraic:prove:falcon_joint:dense: bitz::hybrid::joint_sumcheck: close time.busy=160ns time.idle=121ns
2026-10-07T19:22:31.130760Z  INFO falcon_algebraic:prove:spartan:round_grinding_prove:spartan:grinding{bits=10}: bitz::piop::spartan::grinding: close time.busy=5.56µs time.idle=110ns
2026-10-07T19:22:31.130762Z  INFO falcon_algebraic:prove:spartan:round_grinding_prove: bitz::sumcheck::boundary: close time.busy=7.51µs time.idle=110ns
2026-10-07T19:22:31.130763Z  INFO falcon_algebraic:prove:falcon_joint:dense: bitz::hybrid::joint_sumcheck: close time.busy=120ns time.idle=100ns
2026-10-07T19:22:31.130767Z  INFO falcon_algebraic:prove:spartan:round_grinding_prove:spartan:grinding{bits=10}: bitz::piop::spartan::grinding: close time.busy=1.91µs time.idle=121ns
2026-10-07T19:22:31.130768Z  INFO falcon_algebraic:prove:spartan:round_grinding_prove: bitz::sumcheck::boundary: close time.busy=3.93µs time.idle=120ns
2026-10-07T19:22:31.130770Z  INFO falcon_algebraic:prove:falcon_joint:dense: bitz::hybrid::joint_sumcheck: close time.busy=91.0ns time.idle=100ns
2026-10-07T19:22:31.130773Z  INFO falcon_algebraic:prove:spartan:round_grinding_prove:spartan:grinding{bits=10}: bitz::piop::spartan::grinding: close time.busy=671ns time.idle=110ns
2026-10-07T19:22:31.130774Z  INFO falcon_algebraic:prove:spartan:round_grinding_prove: bitz::sumcheck::boundary: close time.busy=2.91µs time.idle=110ns
2026-10-07T19:22:31.130776Z  INFO falcon_algebraic:prove:falcon_joint:dense: bitz::hybrid::joint_sumcheck: close time.busy=110ns time.idle=110ns
2026-10-07T19:22:31.130778Z  INFO falcon_algebraic:prove:spartan:round_grinding_prove:spartan:grinding{bits=10}: bitz::piop::spartan::grinding: close time.busy=501ns time.idle=120ns
2026-10-07T19:22:31.130780Z  INFO falcon_algebraic:prove:spartan:round_grinding_prove: bitz::sumcheck::boundary: close time.busy=2.60µs time.idle=90.0ns
2026-10-07T19:22:31.130782Z  INFO falcon_algebraic:prove:falcon_joint:dense: bitz::hybrid::joint_sumcheck: close time.busy=231ns time.idle=110ns
2026-10-07T19:22:31.130785Z  INFO falcon_algebraic:prove:spartan:round_grinding_prove:spartan:grinding{bits=10}: bitz::piop::spartan::grinding: close time.busy=1.59µs time.idle=110ns
2026-10-07T19:22:31.130786Z  INFO falcon_algebraic:prove:spartan:round_grinding_prove: bitz::sumcheck::boundary: close time.busy=3.60µs time.idle=100ns
2026-10-07T19:22:31.130788Z  INFO falcon_algebraic:prove:falcon_joint:dense: bitz::hybrid::joint_sumcheck: close time.busy=80.0ns time.idle=120ns
2026-10-07T19:22:31.130792Z  INFO falcon_algebraic:prove:spartan:round_grinding_prove:spartan:grinding{bits=10}: bitz::piop::spartan::grinding: close time.busy=2.20µs time.idle=110ns
2026-10-07T19:22:31.130793Z  INFO falcon_algebraic:prove:spartan:round_grinding_prove: bitz::sumcheck::boundary: close time.busy=4.20µs time.idle=100ns
2026-10-07T19:22:31.130795Z  INFO falcon_algebraic:prove:falcon_joint:dense: bitz::hybrid::joint_sumcheck: close time.busy=70.0ns time.idle=110ns
2026-10-07T19:22:31.137584Z  INFO falcon_algebraic:prove:falcon_algebraic:pcs:op:ring_switch:spartan:grinding{bits=12}: bitz::piop::spartan::grinding: close time.busy=5.46µs time.idle=130ns
2026-10-07T19:22:31.137598Z  INFO falcon_algebraic:prove:falcon_algebraic:pcs:op:ring_switch: bitz::hybrid::opening: close time.busy=6.80ms time.idle=140ns
2026-10-07T19:22:31.137604Z  INFO falcon_algebraic:prove:falcon_algebraic:pcs:op:extra_bases:spartan:grinding{bits=12}: bitz::piop::spartan::grinding: close time.busy=3.68µs time.idle=120ns
2026-10-07T19:22:31.144958Z  INFO falcon_algebraic:prove:falcon_algebraic:pcs:op:extra_bases:op:initial_messages: bitz::hybrid::opening::streamed: close time.busy=7.34ms time.idle=391ns
2026-10-07T19:22:31.144960Z  INFO falcon_algebraic:prove:falcon_algebraic:pcs:op:extra_bases: bitz::hybrid::opening: close time.busy=7.36ms time.idle=151ns
2026-10-07T19:22:31.144983Z  INFO falcon_algebraic:prove:falcon_algebraic:pcs:op:ligerito:lig:grind_pow{bits=21}:spartan:grinding{bits=12}: bitz::piop::spartan::grinding: close time.busy=16.0µs time.idle=150ns
2026-10-07T19:22:31.154522Z  INFO falcon_algebraic:prove:falcon_algebraic:pcs:op:ligerito:lig:grind_pow{bits=21 seed_lo=7782896377262837913 seed_hi=1232093470783840703 nonce=2591156}: bitz::ligerito_flock: close time.busy=9.56ms time.idle=140ns
2026-10-07T19:22:31.154537Z  INFO falcon_algebraic:prove:falcon_algebraic:pcs:op:ligerito:spartan:grinding{bits=12}: bitz::piop::spartan::grinding: close time.busy=12.3µs time.idle=110ns
2026-10-07T19:22:31.154567Z  INFO falcon_algebraic:prove:falcon_algebraic:pcs:op:ligerito:lig:grind_pow{bits=21}:spartan:grinding{bits=12}: bitz::piop::spartan::grinding: close time.busy=26.1µs time.idle=200ns
2026-10-07T19:22:31.167891Z  INFO falcon_algebraic:prove:falcon_algebraic:pcs:op:ligerito:lig:grind_pow{bits=21 seed_lo=1390348858993539341 seed_hi=18039902113888531502 nonce=3612296}: bitz::ligerito_flock: close time.busy=13.4ms time.idle=110ns
2026-10-07T19:22:31.167900Z  INFO falcon_algebraic:prove:falcon_algebraic:pcs:op:ligerito:spartan:grinding{bits=12}: bitz::piop::spartan::grinding: close time.busy=6.74µs time.idle=130ns
2026-10-07T19:22:31.170427Z  INFO falcon_algebraic:prove:falcon_algebraic:pcs:op:ligerito:op:deferred_first_fold: bitz::hybrid::opening::streamed: close time.busy=2.53ms time.idle=120ns
2026-10-07T19:22:31.170470Z  INFO falcon_algebraic:prove:falcon_algebraic:pcs:op:ligerito:lig:grind_pow{bits=21}:spartan:grinding{bits=12}: bitz::piop::spartan::grinding: close time.busy=39.3µs time.idle=110ns
2026-10-07T19:22:31.176267Z  INFO falcon_algebraic:prove:falcon_algebraic:pcs:op:ligerito:lig:grind_pow{bits=21 seed_lo=9203999042705538316 seed_hi=6106100288884595305 nonce=1572428}: bitz::ligerito_flock: close time.busy=5.84ms time.idle=120ns
2026-10-07T19:22:31.176310Z  INFO falcon_algebraic:prove:falcon_algebraic:pcs:op:ligerito:spartan:grinding{bits=12}: bitz::piop::spartan::grinding: close time.busy=41.0µs time.idle=120ns
2026-10-07T19:22:31.176322Z  INFO falcon_algebraic:prove:falcon_algebraic:pcs:op:ligerito:lig:grind_pow{bits=21}:spartan:grinding{bits=12}: bitz::piop::spartan::grinding: close time.busy=8.91µs time.idle=110ns
2026-10-07T19:22:31.176495Z  INFO falcon_algebraic:prove:falcon_algebraic:pcs:op:ligerito:lig:grind_pow{bits=21 seed_lo=1906399967468975050 seed_hi=13214599113373558849 nonce=44935}: bitz::ligerito_flock: close time.busy=182µs time.idle=120ns
2026-10-07T19:22:31.176502Z  INFO falcon_algebraic:prove:falcon_algebraic:pcs:op:ligerito:spartan:grinding{bits=12}: bitz::piop::spartan::grinding: close time.busy=5.75µs time.idle=110ns
2026-10-07T19:22:31.178585Z  INFO falcon_algebraic:prove:falcon_algebraic:pcs:op:ligerito:lig:grind_pow{bits=11}:spartan:grinding{bits=12}: bitz::piop::spartan::grinding: close time.busy=29.2µs time.idle=120ns
2026-10-07T19:22:31.178591Z  INFO falcon_algebraic:prove:falcon_algebraic:pcs:op:ligerito:lig:grind_pow{bits=11 seed_lo=11863142424663252964 seed_hi=7608612209176024363 nonce=727}: bitz::ligerito_flock: close time.busy=36.9µs time.idle=120ns
2026-10-07T19:22:31.178604Z  INFO falcon_algebraic:prove:falcon_algebraic:pcs:op:ligerito:spartan:grinding{bits=12}: bitz::piop::spartan::grinding: close time.busy=10.1µs time.idle=110ns
2026-10-07T19:22:31.180317Z  INFO falcon_algebraic:prove:falcon_algebraic:pcs:op:ligerito:lig:grind_pow{bits=7}:spartan:grinding{bits=12}: bitz::piop::spartan::grinding: close time.busy=40.6µs time.idle=110ns
2026-10-07T19:22:31.180320Z  INFO falcon_algebraic:prove:falcon_algebraic:pcs:op:ligerito:lig:grind_pow{bits=7 seed_lo=14200920854988846897 seed_hi=9727129184971576708 nonce=50}: bitz::ligerito_flock: close time.busy=45.6µs time.idle=131ns
2026-10-07T19:22:31.180346Z  INFO falcon_algebraic:prove:falcon_algebraic:pcs:op:ligerito:spartan:grinding{bits=12}: bitz::piop::spartan::grinding: close time.busy=23.2µs time.idle=110ns
2026-10-07T19:22:31.180420Z  INFO falcon_algebraic:prove:falcon_algebraic:pcs:op:ligerito:lig:grind_pow{bits=20}:spartan:grinding{bits=12}: bitz::piop::spartan::grinding: close time.busy=4.14µs time.idle=130ns
2026-10-07T19:22:31.184979Z  INFO falcon_algebraic:prove:falcon_algebraic:pcs:op:ligerito:lig:grind_pow{bits=20 seed_lo=13153016097095406132 seed_hi=11333111590694357526 nonce=1232148}: bitz::ligerito_flock: close time.busy=4.56ms time.idle=111ns
2026-10-07T19:22:31.185003Z  INFO falcon_algebraic:prove:falcon_algebraic:pcs:op:ligerito:spartan:grinding{bits=12}: bitz::piop::spartan::grinding: close time.busy=22.3µs time.idle=121ns
2026-10-07T19:22:31.185079Z  INFO falcon_algebraic:prove:falcon_algebraic:pcs:op:ligerito:lig:grind_pow{bits=20}:spartan:grinding{bits=12}: bitz::piop::spartan::grinding: close time.busy=21.7µs time.idle=130ns
2026-10-07T19:22:31.186981Z  INFO falcon_algebraic:prove:falcon_algebraic:pcs:op:ligerito:lig:grind_pow{bits=20 seed_lo=18120949339362551210 seed_hi=13797532482951980797 nonce=513573}: bitz::ligerito_flock: close time.busy=1.92ms time.idle=181ns
2026-10-07T19:22:31.187003Z  INFO falcon_algebraic:prove:falcon_algebraic:pcs:op:ligerito:spartan:grinding{bits=12}: bitz::piop::spartan::grinding: close time.busy=20.0µs time.idle=130ns
2026-10-07T19:22:31.187050Z  INFO falcon_algebraic:prove:falcon_algebraic:pcs:op:ligerito:lig:grind_pow{bits=20}:spartan:grinding{bits=12}: bitz::piop::spartan::grinding: close time.busy=18.7µs time.idle=130ns
2026-10-07T19:22:31.194598Z  INFO falcon_algebraic:prove:falcon_algebraic:pcs:op:ligerito:lig:grind_pow{bits=20 seed_lo=13628995107953393307 seed_hi=15712384258317306391 nonce=2044155}: bitz::ligerito_flock: close time.busy=7.57ms time.idle=120ns
2026-10-07T19:22:31.194605Z  INFO falcon_algebraic:prove:falcon_algebraic:pcs:op:ligerito:spartan:grinding{bits=12}: bitz::piop::spartan::grinding: close time.busy=4.68µs time.idle=111ns
2026-10-07T19:22:31.195043Z  INFO falcon_algebraic:prove:falcon_algebraic:pcs:op:ligerito:lig:grind_pow{bits=11}:spartan:grinding{bits=12}: bitz::piop::spartan::grinding: close time.busy=24.9µs time.idle=111ns
2026-10-07T19:22:31.195051Z  INFO falcon_algebraic:prove:falcon_algebraic:pcs:op:ligerito:lig:grind_pow{bits=11 seed_lo=18131122073958842230 seed_hi=6558377748662426870 nonce=880}: bitz::ligerito_flock: close time.busy=33.9µs time.idle=120ns
2026-10-07T19:22:31.195077Z  INFO falcon_algebraic:prove:falcon_algebraic:pcs:op:ligerito:spartan:grinding{bits=12}: bitz::piop::spartan::grinding: close time.busy=24.1µs time.idle=111ns
2026-10-07T19:22:31.196828Z  INFO falcon_algebraic:prove:falcon_algebraic:pcs:op:ligerito:lig:grind_pow{bits=7}:spartan:grinding{bits=12}: bitz::piop::spartan::grinding: close time.busy=10.5µs time.idle=110ns
2026-10-07T19:22:31.196831Z  INFO falcon_algebraic:prove:falcon_algebraic:pcs:op:ligerito:lig:grind_pow{bits=7 seed_lo=14895857108928955344 seed_hi=3223044504095878320 nonce=124}: bitz::ligerito_flock: close time.busy=14.4µs time.idle=110ns
2026-10-07T19:22:31.196858Z  INFO falcon_algebraic:prove:falcon_algebraic:pcs:op:ligerito:spartan:grinding{bits=12}: bitz::piop::spartan::grinding: close time.busy=25.3µs time.idle=120ns
2026-10-07T19:22:31.196903Z  INFO falcon_algebraic:prove:falcon_algebraic:pcs:op:ligerito:lig:grind_pow{bits=18}:spartan:grinding{bits=12}: bitz::piop::spartan::grinding: close time.busy=29.4µs time.idle=110ns
2026-10-07T19:22:31.200194Z  INFO falcon_algebraic:prove:falcon_algebraic:pcs:op:ligerito:lig:grind_pow{bits=18 seed_lo=453564368383453620 seed_hi=12976033857424542712 nonce=890887}: bitz::ligerito_flock: close time.busy=3.32ms time.idle=110ns
2026-10-07T19:22:31.200213Z  INFO falcon_algebraic:prove:falcon_algebraic:pcs:op:ligerito:spartan:grinding{bits=12}: bitz::piop::spartan::grinding: close time.busy=16.4µs time.idle=110ns
2026-10-07T19:22:31.200235Z  INFO falcon_algebraic:prove:falcon_algebraic:pcs:op:ligerito:lig:grind_pow{bits=18}:spartan:grinding{bits=12}: bitz::piop::spartan::grinding: close time.busy=7.07µs time.idle=120ns
2026-10-07T19:22:31.201919Z  INFO falcon_algebraic:prove:falcon_algebraic:pcs:op:ligerito:lig:grind_pow{bits=18 seed_lo=8497645164218277621 seed_hi=10470839125067943915 nonce=454826}: bitz::ligerito_flock: close time.busy=1.69ms time.idle=110ns
2026-10-07T19:22:31.201977Z  INFO falcon_algebraic:prove:falcon_algebraic:pcs:op:ligerito:spartan:grinding{bits=12}: bitz::piop::spartan::grinding: close time.busy=55.7µs time.idle=121ns
2026-10-07T19:22:31.202069Z  INFO falcon_algebraic:prove:falcon_algebraic:pcs:op:ligerito:lig:grind_pow{bits=18}:spartan:grinding{bits=12}: bitz::piop::spartan::grinding: close time.busy=82.3µs time.idle=130ns
2026-10-07T19:22:31.205779Z  INFO falcon_algebraic:prove:falcon_algebraic:pcs:op:ligerito:lig:grind_pow{bits=18 seed_lo=17823865229576264904 seed_hi=16568388654074871767 nonce=1004781}: bitz::ligerito_flock: close time.busy=3.79ms time.idle=110ns
2026-10-07T19:22:31.205813Z  INFO falcon_algebraic:prove:falcon_algebraic:pcs:op:ligerito:spartan:grinding{bits=12}: bitz::piop::spartan::grinding: close time.busy=32.5µs time.idle=110ns
2026-10-07T19:22:31.205909Z  INFO falcon_algebraic:prove:falcon_algebraic:pcs:op:ligerito:lig:grind_pow{bits=11}:spartan:grinding{bits=12}: bitz::piop::spartan::grinding: close time.busy=7.79µs time.idle=110ns
2026-10-07T19:22:31.205915Z  INFO falcon_algebraic:prove:falcon_algebraic:pcs:op:ligerito:lig:grind_pow{bits=11 seed_lo=13433964008949040218 seed_hi=10569234093139357867 nonce=912}: bitz::ligerito_flock: close time.busy=14.3µs time.idle=111ns
2026-10-07T19:22:31.205933Z  INFO falcon_algebraic:prove:falcon_algebraic:pcs:op:ligerito:spartan:grinding{bits=12}: bitz::piop::spartan::grinding: close time.busy=16.0µs time.idle=110ns
2026-10-07T19:22:31.206226Z  INFO falcon_algebraic:prove:falcon_algebraic:pcs:op:ligerito:lig:grind_pow{bits=7}:spartan:grinding{bits=12}: bitz::piop::spartan::grinding: close time.busy=21.4µs time.idle=110ns
2026-10-07T19:22:31.206229Z  INFO falcon_algebraic:prove:falcon_algebraic:pcs:op:ligerito:lig:grind_pow{bits=7 seed_lo=17708133304720636886 seed_hi=8542872167252059656 nonce=69}: bitz::ligerito_flock: close time.busy=24.9µs time.idle=110ns
2026-10-07T19:22:31.206236Z  INFO falcon_algebraic:prove:falcon_algebraic:pcs:op:ligerito:spartan:grinding{bits=12}: bitz::piop::spartan::grinding: close time.busy=4.94µs time.idle=110ns
2026-10-07T19:22:31.206249Z  INFO falcon_algebraic:prove:falcon_algebraic:pcs:op:ligerito:lig:grind_pow{bits=16}:spartan:grinding{bits=12}: bitz::piop::spartan::grinding: close time.busy=9.01µs time.idle=110ns
2026-10-07T19:22:31.206295Z  INFO falcon_algebraic:prove:falcon_algebraic:pcs:op:ligerito:lig:grind_pow{bits=16 seed_lo=12264697307909555806 seed_hi=2786290376397005851 nonce=11015}: bitz::ligerito_flock: close time.busy=56.4µs time.idle=110ns
2026-10-07T19:22:31.206327Z  INFO falcon_algebraic:prove:falcon_algebraic:pcs:op:ligerito:spartan:grinding{bits=12}: bitz::piop::spartan::grinding: close time.busy=29.5µs time.idle=110ns
2026-10-07T19:22:31.206341Z  INFO falcon_algebraic:prove:falcon_algebraic:pcs:op:ligerito:lig:grind_pow{bits=16}:spartan:grinding{bits=12}: bitz::piop::spartan::grinding: close time.busy=9.36µs time.idle=110ns
2026-10-07T19:22:31.206453Z  INFO falcon_algebraic:prove:falcon_algebraic:pcs:op:ligerito:lig:grind_pow{bits=16 seed_lo=8500622567645159676 seed_hi=13770663449678747995 nonce=28669}: bitz::ligerito_flock: close time.busy=122µs time.idle=110ns
2026-10-07T19:22:31.206469Z  INFO falcon_algebraic:prove:falcon_algebraic:pcs:op:ligerito:spartan:grinding{bits=12}: bitz::piop::spartan::grinding: close time.busy=14.0µs time.idle=120ns
2026-10-07T19:22:31.206492Z  INFO falcon_algebraic:prove:falcon_algebraic:pcs:op:ligerito:lig:grind_pow{bits=16}:spartan:grinding{bits=12}: bitz::piop::spartan::grinding: close time.busy=18.1µs time.idle=110ns
2026-10-07T19:22:31.207082Z  INFO falcon_algebraic:prove:falcon_algebraic:pcs:op:ligerito:lig:grind_pow{bits=16 seed_lo=12132067003319211324 seed_hi=5379432219838869647 nonce=158065}: bitz::ligerito_flock: close time.busy=610µs time.idle=110ns
2026-10-07T19:22:31.207094Z  INFO falcon_algebraic:prove:falcon_algebraic:pcs:op:ligerito:spartan:grinding{bits=12}: bitz::piop::spartan::grinding: close time.busy=9.56µs time.idle=110ns
2026-10-07T19:22:31.207224Z  INFO falcon_algebraic:prove:falcon_algebraic:pcs:op:ligerito:lig:grind_pow{bits=11}:spartan:grinding{bits=12}: bitz::piop::spartan::grinding: close time.busy=5.43µs time.idle=110ns
2026-10-07T19:22:31.207230Z  INFO falcon_algebraic:prove:falcon_algebraic:pcs:op:ligerito:lig:grind_pow{bits=11 seed_lo=12475436497210080422 seed_hi=7495738971254834422 nonce=1087}: bitz::ligerito_flock: close time.busy=12.6µs time.idle=120ns
2026-10-07T19:22:31.207237Z  INFO falcon_algebraic:prove:falcon_algebraic:pcs:op:ligerito:spartan:grinding{bits=12}: bitz::piop::spartan::grinding: close time.busy=4.92µs time.idle=110ns
2026-10-07T19:22:31.207362Z  INFO falcon_algebraic:prove:falcon_algebraic:pcs:op:ligerito:lig:grind_pow{bits=7}:spartan:grinding{bits=12}: bitz::piop::spartan::grinding: close time.busy=15.6µs time.idle=110ns
2026-10-07T19:22:31.207365Z  INFO falcon_algebraic:prove:falcon_algebraic:pcs:op:ligerito:lig:grind_pow{bits=7 seed_lo=9455945101117962415 seed_hi=6949788878765259781 nonce=129}: bitz::ligerito_flock: close time.busy=19.1µs time.idle=110ns
2026-10-07T19:22:31.207399Z  INFO falcon_algebraic:prove:falcon_algebraic:pcs:op:ligerito:spartan:grinding{bits=12}: bitz::piop::spartan::grinding: close time.busy=32.7µs time.idle=110ns
2026-10-07T19:22:31.207423Z  INFO falcon_algebraic:prove:falcon_algebraic:pcs:op:ligerito:lig:grind_pow{bits=16}:spartan:grinding{bits=12}: bitz::piop::spartan::grinding: close time.busy=20.4µs time.idle=110ns
2026-10-07T19:22:31.207590Z  INFO falcon_algebraic:prove:falcon_algebraic:pcs:op:ligerito:lig:grind_pow{bits=16 seed_lo=13499245549238148355 seed_hi=9490701453693229748 nonce=43646}: bitz::ligerito_flock: close time.busy=188µs time.idle=110ns
2026-10-07T19:22:31.207604Z  INFO falcon_algebraic:prove:falcon_algebraic:pcs:op:ligerito:spartan:grinding{bits=12}: bitz::piop::spartan::grinding: close time.busy=12.4µs time.idle=101ns
2026-10-07T19:22:31.207619Z  INFO falcon_algebraic:prove:falcon_algebraic:pcs:op:ligerito:lig:grind_pow{bits=11}:spartan:grinding{bits=12}: bitz::piop::spartan::grinding: close time.busy=8.98µs time.idle=110ns
2026-10-07T19:22:31.207624Z  INFO falcon_algebraic:prove:falcon_algebraic:pcs:op:ligerito:lig:grind_pow{bits=11 seed_lo=5536676814652215165 seed_hi=15124387837615488401 nonce=908}: bitz::ligerito_flock: close time.busy=15.2µs time.idle=120ns
2026-10-07T19:22:31.207644Z  INFO falcon_algebraic:prove:falcon_algebraic:pcs:op:ligerito:spartan:grinding{bits=12}: bitz::piop::spartan::grinding: close time.busy=17.5µs time.idle=111ns
2026-10-07T19:22:31.207728Z  INFO falcon_algebraic:prove:falcon_algebraic:pcs:op:ligerito: bitz::hybrid::opening: close time.busy=62.8ms time.idle=140ns
2026-10-07T19:22:31.207731Z  INFO falcon_algebraic:prove:falcon_algebraic:pcs: bitz::piop::spartan::falcon1024_algebraic::protocol: close time.busy=76.9ms time.idle=220ns
2026-10-07T19:22:31.211017Z  INFO falcon_algebraic:prove: bitz::piop::spartan::falcon1024_algebraic::protocol: close time.busy=638ms time.idle=190ns
2026-10-07T19:22:31.250061Z  INFO falcon_algebraic:verify:falcon_algebraic_ring:verify:falcon_algebraic_ring:coordinates: bitz::piop::spartan::falcon1024_algebraic::ring: close time.busy=22.5ms time.idle=130ns
2026-10-07T19:22:31.287612Z  INFO falcon_algebraic:verify:falcon_algebraic_ring:verify:falcon_algebraic_ring:collapse: bitz::piop::spartan::falcon1024_algebraic::ring: close time.busy=37.5ms time.idle=150ns
2026-10-07T19:22:31.287615Z  INFO falcon_algebraic:verify:falcon_algebraic_ring:verify: bitz::piop::spartan::falcon1024_algebraic::ring: close time.busy=60.4ms time.idle=270ns
2026-10-07T19:22:31.287641Z  INFO falcon_algebraic:verify:spartan:round_grinding_verify: bitz::sumcheck::boundary: close time.busy=1.16µs time.idle=100ns
2026-10-07T19:22:31.287645Z  INFO falcon_algebraic:verify:spartan:round_grinding_verify: bitz::sumcheck::boundary: close time.busy=912ns time.idle=90.0ns
2026-10-07T19:22:31.287649Z  INFO falcon_algebraic:verify:spartan:round_grinding_verify: bitz::sumcheck::boundary: close time.busy=831ns time.idle=90.0ns
2026-10-07T19:22:31.287652Z  INFO falcon_algebraic:verify:spartan:round_grinding_verify: bitz::sumcheck::boundary: close time.busy=832ns time.idle=110ns
2026-10-07T19:22:31.287656Z  INFO falcon_algebraic:verify:spartan:round_grinding_verify: bitz::sumcheck::boundary: close time.busy=922ns time.idle=90.0ns
2026-10-07T19:22:31.287660Z  INFO falcon_algebraic:verify:spartan:round_grinding_verify: bitz::sumcheck::boundary: close time.busy=902ns time.idle=110ns
2026-10-07T19:22:31.287664Z  INFO falcon_algebraic:verify:spartan:round_grinding_verify: bitz::sumcheck::boundary: close time.busy=932ns time.idle=110ns
2026-10-07T19:22:31.287668Z  INFO falcon_algebraic:verify:spartan:round_grinding_verify: bitz::sumcheck::boundary: close time.busy=1.22µs time.idle=110ns
2026-10-07T19:22:31.287671Z  INFO falcon_algebraic:verify:spartan:round_grinding_verify: bitz::sumcheck::boundary: close time.busy=802ns time.idle=100ns
2026-10-07T19:22:31.287674Z  INFO falcon_algebraic:verify:spartan:round_grinding_verify: bitz::sumcheck::boundary: close time.busy=841ns time.idle=121ns
2026-10-07T19:22:31.287678Z  INFO falcon_algebraic:verify:spartan:round_grinding_verify: bitz::sumcheck::boundary: close time.busy=921ns time.idle=121ns
2026-10-07T19:22:31.287682Z  INFO falcon_algebraic:verify:spartan:round_grinding_verify: bitz::sumcheck::boundary: close time.busy=861ns time.idle=90.0ns
2026-10-07T19:22:31.287685Z  INFO falcon_algebraic:verify:spartan:round_grinding_verify: bitz::sumcheck::boundary: close time.busy=952ns time.idle=110ns
2026-10-07T19:22:31.287690Z  INFO falcon_algebraic:verify:spartan:round_grinding_verify: bitz::sumcheck::boundary: close time.busy=882ns time.idle=110ns
2026-10-07T19:22:31.287695Z  INFO falcon_algebraic:verify:spartan:round_grinding_verify: bitz::sumcheck::boundary: close time.busy=861ns time.idle=111ns
2026-10-07T19:22:31.287699Z  INFO falcon_algebraic:verify:spartan:round_grinding_verify: bitz::sumcheck::boundary: close time.busy=942ns time.idle=110ns
2026-10-07T19:22:31.287703Z  INFO falcon_algebraic:verify:spartan:round_grinding_verify: bitz::sumcheck::boundary: close time.busy=942ns time.idle=120ns
2026-10-07T19:22:31.287707Z  INFO falcon_algebraic:verify:spartan:round_grinding_verify: bitz::sumcheck::boundary: close time.busy=1.04µs time.idle=91.0ns
2026-10-07T19:22:31.287711Z  INFO falcon_algebraic:verify:spartan:round_grinding_verify: bitz::sumcheck::boundary: close time.busy=1.01µs time.idle=110ns
2026-10-07T19:22:31.287716Z  INFO falcon_algebraic:verify:spartan:round_grinding_verify: bitz::sumcheck::boundary: close time.busy=611ns time.idle=110ns
2026-10-07T19:22:31.307270Z  INFO falcon_algebraic:verify:spartan:round_grinding_verify: bitz::sumcheck::boundary: close time.busy=1.53µs time.idle=601ns
2026-10-07T19:22:31.307278Z  INFO falcon_algebraic:verify:spartan:round_grinding_verify: bitz::sumcheck::boundary: close time.busy=731ns time.idle=110ns
2026-10-07T19:22:31.307281Z  INFO falcon_algebraic:verify:spartan:round_grinding_verify: bitz::sumcheck::boundary: close time.busy=731ns time.idle=140ns
2026-10-07T19:22:31.307284Z  INFO falcon_algebraic:verify:spartan:round_grinding_verify: bitz::sumcheck::boundary: close time.busy=782ns time.idle=110ns
2026-10-07T19:22:31.307287Z  INFO falcon_algebraic:verify:spartan:round_grinding_verify: bitz::sumcheck::boundary: close time.busy=882ns time.idle=110ns
2026-10-07T19:22:31.307290Z  INFO falcon_algebraic:verify:spartan:round_grinding_verify: bitz::sumcheck::boundary: close time.busy=731ns time.idle=120ns
2026-10-07T19:22:31.307293Z  INFO falcon_algebraic:verify:spartan:round_grinding_verify: bitz::sumcheck::boundary: close time.busy=802ns time.idle=110ns
2026-10-07T19:22:31.307296Z  INFO falcon_algebraic:verify:spartan:round_grinding_verify: bitz::sumcheck::boundary: close time.busy=812ns time.idle=100ns
2026-10-07T19:22:31.307299Z  INFO falcon_algebraic:verify:spartan:round_grinding_verify: bitz::sumcheck::boundary: close time.busy=802ns time.idle=110ns
2026-10-07T19:22:31.307303Z  INFO falcon_algebraic:verify:spartan:round_grinding_verify: bitz::sumcheck::boundary: close time.busy=782ns time.idle=120ns
2026-10-07T19:22:31.307306Z  INFO falcon_algebraic:verify:spartan:round_grinding_verify: bitz::sumcheck::boundary: close time.busy=852ns time.idle=100ns
2026-10-07T19:22:31.307309Z  INFO falcon_algebraic:verify:spartan:round_grinding_verify: bitz::sumcheck::boundary: close time.busy=972ns time.idle=110ns
2026-10-07T19:22:31.307312Z  INFO falcon_algebraic:verify:spartan:round_grinding_verify: bitz::sumcheck::boundary: close time.busy=731ns time.idle=120ns
2026-10-07T19:22:31.307315Z  INFO falcon_algebraic:verify:spartan:round_grinding_verify: bitz::sumcheck::boundary: close time.busy=802ns time.idle=100ns
2026-10-07T19:22:31.307318Z  INFO falcon_algebraic:verify:spartan:round_grinding_verify: bitz::sumcheck::boundary: close time.busy=761ns time.idle=111ns
2026-10-07T19:22:31.307321Z  INFO falcon_algebraic:verify:spartan:round_grinding_verify: bitz::sumcheck::boundary: close time.busy=741ns time.idle=111ns
2026-10-07T19:22:31.307324Z  INFO falcon_algebraic:verify:spartan:round_grinding_verify: bitz::sumcheck::boundary: close time.busy=731ns time.idle=110ns
2026-10-07T19:22:31.307327Z  INFO falcon_algebraic:verify:spartan:round_grinding_verify: bitz::sumcheck::boundary: close time.busy=811ns time.idle=100ns
2026-10-07T19:22:31.307332Z  INFO falcon_algebraic:verify:spartan:round_grinding_verify: bitz::sumcheck::boundary: close time.busy=912ns time.idle=110ns
2026-10-07T19:22:31.307336Z  INFO falcon_algebraic:verify:spartan:round_grinding_verify: bitz::sumcheck::boundary: close time.busy=762ns time.idle=110ns
2026-10-07T19:22:31.307339Z  INFO falcon_algebraic:verify:spartan:round_grinding_verify: bitz::sumcheck::boundary: close time.busy=812ns time.idle=90.0ns
2026-10-07T19:22:31.307342Z  INFO falcon_algebraic:verify:spartan:round_grinding_verify: bitz::sumcheck::boundary: close time.busy=862ns time.idle=110ns
2026-10-07T19:22:31.307346Z  INFO falcon_algebraic:verify:spartan:round_grinding_verify: bitz::sumcheck::boundary: close time.busy=872ns time.idle=110ns
2026-10-07T19:22:31.307349Z  INFO falcon_algebraic:verify:spartan:round_grinding_verify: bitz::sumcheck::boundary: close time.busy=892ns time.idle=100ns
2026-10-07T19:22:31.307352Z  INFO falcon_algebraic:verify:spartan:round_grinding_verify: bitz::sumcheck::boundary: close time.busy=972ns time.idle=110ns
2026-10-07T19:22:31.320799Z  INFO falcon_algebraic:verify:spartan:round_grinding_verify: bitz::sumcheck::boundary: close time.busy=1.19µs time.idle=140ns
2026-10-07T19:22:31.320804Z  INFO falcon_algebraic:verify:spartan:round_grinding_verify: bitz::sumcheck::boundary: close time.busy=972ns time.idle=110ns
2026-10-07T19:22:31.320807Z  INFO falcon_algebraic:verify:spartan:round_grinding_verify: bitz::sumcheck::boundary: close time.busy=962ns time.idle=110ns
2026-10-07T19:22:31.320810Z  INFO falcon_algebraic:verify:spartan:round_grinding_verify: bitz::sumcheck::boundary: close time.busy=1.18µs time.idle=110ns
2026-10-07T19:22:31.320812Z  INFO falcon_algebraic:verify:spartan:round_grinding_verify: bitz::sumcheck::boundary: close time.busy=952ns time.idle=120ns
2026-10-07T19:22:31.320815Z  INFO falcon_algebraic:verify:spartan:round_grinding_verify: bitz::sumcheck::boundary: close time.busy=932ns time.idle=120ns
2026-10-07T19:22:31.320817Z  INFO falcon_algebraic:verify:spartan:round_grinding_verify: bitz::sumcheck::boundary: close time.busy=932ns time.idle=120ns
2026-10-07T19:22:31.320820Z  INFO falcon_algebraic:verify:spartan:round_grinding_verify: bitz::sumcheck::boundary: close time.busy=1.02µs time.idle=90.0ns
2026-10-07T19:22:31.320823Z  INFO falcon_algebraic:verify:spartan:round_grinding_verify: bitz::sumcheck::boundary: close time.busy=1.02µs time.idle=110ns
2026-10-07T19:22:31.320825Z  INFO falcon_algebraic:verify:spartan:round_grinding_verify: bitz::sumcheck::boundary: close time.busy=1.02µs time.idle=110ns
2026-10-07T19:22:31.320828Z  INFO falcon_algebraic:verify:spartan:round_grinding_verify: bitz::sumcheck::boundary: close time.busy=992ns time.idle=100ns
2026-10-07T19:22:31.320831Z  INFO falcon_algebraic:verify:spartan:round_grinding_verify: bitz::sumcheck::boundary: close time.busy=972ns time.idle=110ns
2026-10-07T19:22:31.320834Z  INFO falcon_algebraic:verify:spartan:round_grinding_verify: bitz::sumcheck::boundary: close time.busy=1.02µs time.idle=110ns
2026-10-07T19:22:31.320837Z  INFO falcon_algebraic:verify:spartan:round_grinding_verify: bitz::sumcheck::boundary: close time.busy=1.12µs time.idle=100ns
2026-10-07T19:22:31.320839Z  INFO falcon_algebraic:verify:spartan:round_grinding_verify: bitz::sumcheck::boundary: close time.busy=1.10µs time.idle=121ns
2026-10-07T19:22:31.320842Z  INFO falcon_algebraic:verify:spartan:round_grinding_verify: bitz::sumcheck::boundary: close time.busy=1.09µs time.idle=110ns
2026-10-07T19:22:31.320845Z  INFO falcon_algebraic:verify:spartan:round_grinding_verify: bitz::sumcheck::boundary: close time.busy=1.16µs time.idle=100ns
2026-10-07T19:22:31.320847Z  INFO falcon_algebraic:verify:spartan:round_grinding_verify: bitz::sumcheck::boundary: close time.busy=852ns time.idle=110ns
2026-10-07T19:22:31.320850Z  INFO falcon_algebraic:verify:spartan:round_grinding_verify: bitz::sumcheck::boundary: close time.busy=871ns time.idle=100ns
2026-10-07T19:22:31.320852Z  INFO falcon_algebraic:verify:spartan:round_grinding_verify: bitz::sumcheck::boundary: close time.busy=902ns time.idle=100ns
2026-10-07T19:22:31.320855Z  INFO falcon_algebraic:verify:spartan:round_grinding_verify: bitz::sumcheck::boundary: close time.busy=882ns time.idle=110ns
2026-10-07T19:22:31.320858Z  INFO falcon_algebraic:verify:spartan:round_grinding_verify: bitz::sumcheck::boundary: close time.busy=942ns time.idle=120ns
2026-10-07T19:22:31.320861Z  INFO falcon_algebraic:verify:spartan:round_grinding_verify: bitz::sumcheck::boundary: close time.busy=1.05µs time.idle=111ns
2026-10-07T19:22:31.320864Z  INFO falcon_algebraic:verify:spartan:round_grinding_verify: bitz::sumcheck::boundary: close time.busy=932ns time.idle=110ns
2026-10-07T19:22:31.320866Z  INFO falcon_algebraic:verify:spartan:round_grinding_verify: bitz::sumcheck::boundary: close time.busy=952ns time.idle=110ns
2026-10-07T19:22:31.320869Z  INFO falcon_algebraic:verify:spartan:round_grinding_verify: bitz::sumcheck::boundary: close time.busy=952ns time.idle=110ns
2026-10-07T19:22:31.325202Z  INFO falcon_algebraic:verify: bitz::piop::spartan::falcon1024_algebraic::protocol: close time.busy=114ms time.idle=231ns
2026-10-07T19:22:31.421467Z  INFO falcon_algebraic:commit:falcon_algebraic:witness: bitz::piop::spartan::falcon1024_algebraic::protocol: close time.busy=95.7ms time.idle=151ns
2026-10-07T19:22:31.481727Z  INFO falcon_algebraic:commit:shared_source:encode: bitz::hybrid::opening: close time.busy=3.28ms time.idle=191ns
2026-10-07T19:22:31.483678Z  INFO falcon_algebraic:commit:shared_source:merkle: bitz::hybrid::opening: close time.busy=1.95ms time.idle=150ns
2026-10-07T19:22:31.483680Z  INFO falcon_algebraic:commit: bitz::piop::spartan::falcon1024_algebraic::protocol: close time.busy=158ms time.idle=160ns
2026-10-07T19:22:31.523847Z  INFO falcon_algebraic:prove:falcon_algebraic:ring:falcon_algebraic_ring:prove:falcon_algebraic_ring:coordinates: bitz::piop::spartan::falcon1024_algebraic::ring: close time.busy=22.2ms time.idle=251ns
2026-10-07T19:22:31.525487Z  INFO falcon_algebraic:prove:falcon_algebraic:ring:falcon_algebraic_ring:prove:spartan:grinding{bits=11}: bitz::piop::spartan::grinding: close time.busy=5.95µs time.idle=150ns
2026-10-07T19:22:31.563219Z  INFO falcon_algebraic:prove:falcon_algebraic:ring:falcon_algebraic_ring:prove:falcon_algebraic_ring:collapse: bitz::piop::spartan::falcon1024_algebraic::ring: close time.busy=37.7ms time.idle=130ns
2026-10-07T19:22:31.563223Z  INFO falcon_algebraic:prove:falcon_algebraic:ring:falcon_algebraic_ring:prove: bitz::piop::spartan::falcon1024_algebraic::ring: close time.busy=63.4ms time.idle=311ns
2026-10-07T19:22:31.563224Z  INFO falcon_algebraic:prove:falcon_algebraic:ring: bitz::piop::spartan::falcon1024_algebraic::protocol: close time.busy=63.4ms time.idle=140ns
2026-10-07T19:22:31.563230Z  INFO falcon_algebraic:prove:falcon_algebraic:arithmetic:falcon_algebraic:norm:spartan:grinding{bits=11}: bitz::piop::spartan::grinding: close time.busy=2.17µs time.idle=270ns
2026-10-07T19:22:31.622305Z  INFO falcon_algebraic:prove:falcon_algebraic:arithmetic:falcon_algebraic:norm:spartan:round_grinding_prove:spartan:grinding{bits=14}: bitz::piop::spartan::grinding: close time.busy=68.9µs time.idle=100ns
2026-10-07T19:22:31.622309Z  INFO falcon_algebraic:prove:falcon_algebraic:arithmetic:falcon_algebraic:norm:spartan:round_grinding_prove: bitz::sumcheck::boundary: close time.busy=75.0µs time.idle=480ns
2026-10-07T19:22:31.644080Z  INFO falcon_algebraic:prove:falcon_algebraic:arithmetic:falcon_algebraic:norm:spartan:round_grinding_prove:spartan:grinding{bits=14}: bitz::piop::spartan::grinding: close time.busy=157µs time.idle=180ns
2026-10-07T19:22:31.644087Z  INFO falcon_algebraic:prove:falcon_algebraic:arithmetic:falcon_algebraic:norm:spartan:round_grinding_prove: bitz::sumcheck::boundary: close time.busy=166µs time.idle=230ns
2026-10-07T19:22:31.654427Z  INFO falcon_algebraic:prove:falcon_algebraic:arithmetic:falcon_algebraic:norm:spartan:round_grinding_prove:spartan:grinding{bits=14}: bitz::piop::spartan::grinding: close time.busy=32.0µs time.idle=201ns
2026-10-07T19:22:31.654432Z  INFO falcon_algebraic:prove:falcon_algebraic:arithmetic:falcon_algebraic:norm:spartan:round_grinding_prove: bitz::sumcheck::boundary: close time.busy=39.4µs time.idle=301ns
2026-10-07T19:22:31.659648Z  INFO falcon_algebraic:prove:falcon_algebraic:arithmetic:falcon_algebraic:norm:spartan:round_grinding_prove:spartan:grinding{bits=14}: bitz::piop::spartan::grinding: close time.busy=177µs time.idle=130ns
2026-10-07T19:22:31.659650Z  INFO falcon_algebraic:prove:falcon_algebraic:arithmetic:falcon_algebraic:norm:spartan:round_grinding_prove: bitz::sumcheck::boundary: close time.busy=180µs time.idle=130ns
2026-10-07T19:22:31.662167Z  INFO falcon_algebraic:prove:falcon_algebraic:arithmetic:falcon_algebraic:norm:spartan:round_grinding_prove:spartan:grinding{bits=14}: bitz::piop::spartan::grinding: close time.busy=6.43µs time.idle=110ns
2026-10-07T19:22:31.662168Z  INFO falcon_algebraic:prove:falcon_algebraic:arithmetic:falcon_algebraic:norm:spartan:round_grinding_prove: bitz::sumcheck::boundary: close time.busy=8.97µs time.idle=110ns
2026-10-07T19:22:31.663516Z  INFO falcon_algebraic:prove:falcon_algebraic:arithmetic:falcon_algebraic:norm:spartan:round_grinding_prove:spartan:grinding{bits=14}: bitz::piop::spartan::grinding: close time.busy=90.4µs time.idle=120ns
2026-10-07T19:22:31.663517Z  INFO falcon_algebraic:prove:falcon_algebraic:arithmetic:falcon_algebraic:norm:spartan:round_grinding_prove: bitz::sumcheck::boundary: close time.busy=92.6µs time.idle=110ns
2026-10-07T19:22:31.664287Z  INFO falcon_algebraic:prove:falcon_algebraic:arithmetic:falcon_algebraic:norm:spartan:round_grinding_prove:spartan:grinding{bits=14}: bitz::piop::spartan::grinding: close time.busy=137µs time.idle=121ns
2026-10-07T19:22:31.664288Z  INFO falcon_algebraic:prove:falcon_algebraic:arithmetic:falcon_algebraic:norm:spartan:round_grinding_prove: bitz::sumcheck::boundary: close time.busy=140µs time.idle=111ns
2026-10-07T19:22:31.664869Z  INFO falcon_algebraic:prove:falcon_algebraic:arithmetic:falcon_algebraic:norm:spartan:round_grinding_prove:spartan:grinding{bits=14}: bitz::piop::spartan::grinding: close time.busy=262µs time.idle=120ns
2026-10-07T19:22:31.664870Z  INFO falcon_algebraic:prove:falcon_algebraic:arithmetic:falcon_algebraic:norm:spartan:round_grinding_prove: bitz::sumcheck::boundary: close time.busy=264µs time.idle=110ns
2026-10-07T19:22:31.665079Z  INFO falcon_algebraic:prove:falcon_algebraic:arithmetic:falcon_algebraic:norm:spartan:round_grinding_prove:spartan:grinding{bits=14}: bitz::piop::spartan::grinding: close time.busy=46.4µs time.idle=110ns
2026-10-07T19:22:31.665081Z  INFO falcon_algebraic:prove:falcon_algebraic:arithmetic:falcon_algebraic:norm:spartan:round_grinding_prove: bitz::sumcheck::boundary: close time.busy=48.6µs time.idle=120ns
2026-10-07T19:22:31.665248Z  INFO falcon_algebraic:prove:falcon_algebraic:arithmetic:falcon_algebraic:norm:spartan:round_grinding_prove:spartan:grinding{bits=14}: bitz::piop::spartan::grinding: close time.busy=81.0µs time.idle=111ns
2026-10-07T19:22:31.665250Z  INFO falcon_algebraic:prove:falcon_algebraic:arithmetic:falcon_algebraic:norm:spartan:round_grinding_prove: bitz::sumcheck::boundary: close time.busy=83.2µs time.idle=120ns
2026-10-07T19:22:31.665313Z  INFO falcon_algebraic:prove:falcon_algebraic:arithmetic:falcon_algebraic:norm:spartan:round_grinding_prove:spartan:grinding{bits=14}: bitz::piop::spartan::grinding: close time.busy=16.9µs time.idle=120ns
2026-10-07T19:22:31.665314Z  INFO falcon_algebraic:prove:falcon_algebraic:arithmetic:falcon_algebraic:norm:spartan:round_grinding_prove: bitz::sumcheck::boundary: close time.busy=19.0µs time.idle=121ns
2026-10-07T19:22:31.665362Z  INFO falcon_algebraic:prove:falcon_algebraic:arithmetic:falcon_algebraic:norm:spartan:round_grinding_prove:spartan:grinding{bits=14}: bitz::piop::spartan::grinding: close time.busy=20.3µs time.idle=130ns
2026-10-07T19:22:31.665363Z  INFO falcon_algebraic:prove:falcon_algebraic:arithmetic:falcon_algebraic:norm:spartan:round_grinding_prove: bitz::sumcheck::boundary: close time.busy=22.4µs time.idle=110ns
2026-10-07T19:22:31.665422Z  INFO falcon_algebraic:prove:falcon_algebraic:arithmetic:falcon_algebraic:norm:spartan:round_grinding_prove:spartan:grinding{bits=14}: bitz::piop::spartan::grinding: close time.busy=41.8µs time.idle=120ns
2026-10-07T19:22:31.665424Z  INFO falcon_algebraic:prove:falcon_algebraic:arithmetic:falcon_algebraic:norm:spartan:round_grinding_prove: bitz::sumcheck::boundary: close time.busy=44.8µs time.idle=120ns
2026-10-07T19:22:31.665474Z  INFO falcon_algebraic:prove:falcon_algebraic:arithmetic:falcon_algebraic:norm:spartan:round_grinding_prove:spartan:grinding{bits=14}: bitz::piop::spartan::grinding: close time.busy=37.4µs time.idle=110ns
2026-10-07T19:22:31.665475Z  INFO falcon_algebraic:prove:falcon_algebraic:arithmetic:falcon_algebraic:norm:spartan:round_grinding_prove: bitz::sumcheck::boundary: close time.busy=39.5µs time.idle=120ns
2026-10-07T19:22:31.665533Z  INFO falcon_algebraic:prove:falcon_algebraic:arithmetic:falcon_algebraic:norm:spartan:round_grinding_prove:spartan:grinding{bits=14}: bitz::piop::spartan::grinding: close time.busy=47.6µs time.idle=120ns
2026-10-07T19:22:31.665535Z  INFO falcon_algebraic:prove:falcon_algebraic:arithmetic:falcon_algebraic:norm:spartan:round_grinding_prove: bitz::sumcheck::boundary: close time.busy=49.7µs time.idle=130ns
2026-10-07T19:22:31.665586Z  INFO falcon_algebraic:prove:falcon_algebraic:arithmetic:falcon_algebraic:norm:spartan:round_grinding_prove:spartan:grinding{bits=14}: bitz::piop::spartan::grinding: close time.busy=42.3µs time.idle=110ns
2026-10-07T19:22:31.665587Z  INFO falcon_algebraic:prove:falcon_algebraic:arithmetic:falcon_algebraic:norm:spartan:round_grinding_prove: bitz::sumcheck::boundary: close time.busy=44.5µs time.idle=120ns
2026-10-07T19:22:31.665618Z  INFO falcon_algebraic:prove:falcon_algebraic:arithmetic:falcon_algebraic:norm:spartan:round_grinding_prove:spartan:grinding{bits=14}: bitz::piop::spartan::grinding: close time.busy=22.9µs time.idle=110ns
2026-10-07T19:22:31.665619Z  INFO falcon_algebraic:prove:falcon_algebraic:arithmetic:falcon_algebraic:norm:spartan:round_grinding_prove: bitz::sumcheck::boundary: close time.busy=25.1µs time.idle=121ns
2026-10-07T19:22:31.665643Z  INFO falcon_algebraic:prove:falcon_algebraic:arithmetic:falcon_algebraic:norm:spartan:round_grinding_prove:spartan:grinding{bits=14}: bitz::piop::spartan::grinding: close time.busy=16.1µs time.idle=120ns
2026-10-07T19:22:31.665644Z  INFO falcon_algebraic:prove:falcon_algebraic:arithmetic:falcon_algebraic:norm:spartan:round_grinding_prove: bitz::sumcheck::boundary: close time.busy=18.3µs time.idle=110ns
2026-10-07T19:22:31.665712Z  INFO falcon_algebraic:prove:falcon_algebraic:arithmetic:falcon_algebraic:norm:spartan:round_grinding_prove:spartan:grinding{bits=14}: bitz::piop::spartan::grinding: close time.busy=60.3µs time.idle=110ns
2026-10-07T19:22:31.665714Z  INFO falcon_algebraic:prove:falcon_algebraic:arithmetic:falcon_algebraic:norm:spartan:round_grinding_prove: bitz::sumcheck::boundary: close time.busy=62.4µs time.idle=120ns
2026-10-07T19:22:31.665730Z  INFO falcon_algebraic:prove:falcon_algebraic:arithmetic:falcon_algebraic:norm:spartan:round_grinding_prove:spartan:grinding{bits=14}: bitz::piop::spartan::grinding: close time.busy=6.88µs time.idle=120ns
2026-10-07T19:22:31.665731Z  INFO falcon_algebraic:prove:falcon_algebraic:arithmetic:falcon_algebraic:norm:spartan:round_grinding_prove: bitz::sumcheck::boundary: close time.busy=8.72µs time.idle=100ns
2026-10-07T19:22:31.665739Z  INFO falcon_algebraic:prove:falcon_algebraic:arithmetic:falcon_algebraic:norm: bitz::piop::spartan::falcon1024_algebraic::arithmetic: close time.busy=103ms time.idle=140ns
2026-10-07T19:22:31.665741Z  INFO falcon_algebraic:prove:falcon_algebraic:arithmetic:falcon_algebraic:binding:spartan:grinding{bits=10}: bitz::piop::spartan::grinding: close time.busy=241ns time.idle=110ns
2026-10-07T19:22:31.729784Z  INFO falcon_algebraic:prove:falcon_algebraic:arithmetic:falcon_algebraic:binding:inner_packed:prefix_accumulators: bitz::sumcheck::inner::packed::state: close time.busy=45.7ms time.idle=451ns
2026-10-07T19:22:31.729839Z  INFO falcon_algebraic:prove:falcon_algebraic:arithmetic:falcon_algebraic:binding:spartan:round_grinding_prove:spartan:grinding{bits=13}: bitz::piop::spartan::grinding: close time.busy=43.5µs time.idle=140ns
2026-10-07T19:22:31.729844Z  INFO falcon_algebraic:prove:falcon_algebraic:arithmetic:falcon_algebraic:binding:spartan:round_grinding_prove: bitz::sumcheck::boundary: close time.busy=50.3µs time.idle=260ns
2026-10-07T19:22:31.729856Z  INFO falcon_algebraic:prove:falcon_algebraic:arithmetic:falcon_algebraic:binding:spartan:round_grinding_prove:spartan:grinding{bits=13}: bitz::piop::spartan::grinding: close time.busy=7.37µs time.idle=110ns
2026-10-07T19:22:31.729857Z  INFO falcon_algebraic:prove:falcon_algebraic:arithmetic:falcon_algebraic:binding:spartan:round_grinding_prove: bitz::sumcheck::boundary: close time.busy=9.44µs time.idle=120ns
2026-10-07T19:22:31.729921Z  INFO falcon_algebraic:prove:falcon_algebraic:arithmetic:falcon_algebraic:binding:spartan:round_grinding_prove:spartan:grinding{bits=13}: bitz::piop::spartan::grinding: close time.busy=59.9µs time.idle=110ns
2026-10-07T19:22:31.729922Z  INFO falcon_algebraic:prove:falcon_algebraic:arithmetic:falcon_algebraic:binding:spartan:round_grinding_prove: bitz::sumcheck::boundary: close time.busy=61.9µs time.idle=100ns
2026-10-07T19:22:31.812134Z  INFO falcon_algebraic:prove:falcon_algebraic:arithmetic:falcon_algebraic:binding:inner_packed:prepare_tail: bitz::sumcheck::inner::packed::state: close time.busy=82.2ms time.idle=250ns
2026-10-07T19:22:31.812171Z  INFO falcon_algebraic:prove:falcon_algebraic:arithmetic:falcon_algebraic:binding:spartan:round_grinding_prove:spartan:grinding{bits=13}: bitz::piop::spartan::grinding: close time.busy=28.3µs time.idle=130ns
2026-10-07T19:22:31.812173Z  INFO falcon_algebraic:prove:falcon_algebraic:arithmetic:falcon_algebraic:binding:spartan:round_grinding_prove: bitz::sumcheck::boundary: close time.busy=31.3µs time.idle=250ns
2026-10-07T19:22:31.858408Z  INFO falcon_algebraic:prove:falcon_algebraic:arithmetic:falcon_algebraic:binding:inner_packed:fold_tail{round=3}: bitz::sumcheck::inner::packed::state: close time.busy=46.2ms time.idle=160ns
2026-10-07T19:22:31.858422Z  INFO falcon_algebraic:prove:falcon_algebraic:arithmetic:falcon_algebraic:binding:spartan:round_grinding_prove:spartan:grinding{bits=13}: bitz::piop::spartan::grinding: close time.busy=5.39µs time.idle=190ns
2026-10-07T19:22:31.858424Z  INFO falcon_algebraic:prove:falcon_algebraic:arithmetic:falcon_algebraic:binding:spartan:round_grinding_prove: bitz::sumcheck::boundary: close time.busy=8.64µs time.idle=240ns
2026-10-07T19:22:31.878137Z  INFO falcon_algebraic:prove:falcon_algebraic:arithmetic:falcon_algebraic:binding:inner_packed:fold_tail{round=4}: bitz::sumcheck::inner::packed::state: close time.busy=19.7ms time.idle=182ns
2026-10-07T19:22:31.878151Z  INFO falcon_algebraic:prove:falcon_algebraic:arithmetic:falcon_algebraic:binding:spartan:round_grinding_prove:spartan:grinding{bits=13}: bitz::piop::spartan::grinding: close time.busy=9.33µs time.idle=111ns
2026-10-07T19:22:31.878152Z  INFO falcon_algebraic:prove:falcon_algebraic:arithmetic:falcon_algebraic:binding:spartan:round_grinding_prove: bitz::sumcheck::boundary: close time.busy=11.8µs time.idle=180ns
2026-10-07T19:22:31.888026Z  INFO falcon_algebraic:prove:falcon_algebraic:arithmetic:falcon_algebraic:binding:inner_packed:fold_tail{round=5}: bitz::sumcheck::inner::packed::state: close time.busy=9.87ms time.idle=110ns
2026-10-07T19:22:31.888043Z  INFO falcon_algebraic:prove:falcon_algebraic:arithmetic:falcon_algebraic:binding:spartan:round_grinding_prove:spartan:grinding{bits=13}: bitz::piop::spartan::grinding: close time.busy=14.4µs time.idle=120ns
2026-10-07T19:22:31.888045Z  INFO falcon_algebraic:prove:falcon_algebraic:arithmetic:falcon_algebraic:binding:spartan:round_grinding_prove: bitz::sumcheck::boundary: close time.busy=16.6µs time.idle=111ns
2026-10-07T19:22:31.894808Z  INFO falcon_algebraic:prove:falcon_algebraic:arithmetic:falcon_algebraic:binding:inner_packed:fold_tail{round=6}: bitz::sumcheck::inner::packed::state: close time.busy=6.76ms time.idle=110ns
2026-10-07T19:22:31.894877Z  INFO falcon_algebraic:prove:falcon_algebraic:arithmetic:falcon_algebraic:binding:spartan:round_grinding_prove:spartan:grinding{bits=13}: bitz::piop::spartan::grinding: close time.busy=62.3µs time.idle=130ns
2026-10-07T19:22:31.894878Z  INFO falcon_algebraic:prove:falcon_algebraic:arithmetic:falcon_algebraic:binding:spartan:round_grinding_prove: bitz::sumcheck::boundary: close time.busy=64.6µs time.idle=110ns
2026-10-07T19:22:31.897393Z  INFO falcon_algebraic:prove:falcon_algebraic:arithmetic:falcon_algebraic:binding:inner_packed:fold_tail{round=7}: bitz::sumcheck::inner::packed::state: close time.busy=2.51ms time.idle=110ns
2026-10-07T19:22:31.897432Z  INFO falcon_algebraic:prove:falcon_algebraic:arithmetic:falcon_algebraic:binding:spartan:round_grinding_prove:spartan:grinding{bits=13}: bitz::piop::spartan::grinding: close time.busy=36.3µs time.idle=110ns
2026-10-07T19:22:31.897434Z  INFO falcon_algebraic:prove:falcon_algebraic:arithmetic:falcon_algebraic:binding:spartan:round_grinding_prove: bitz::sumcheck::boundary: close time.busy=38.5µs time.idle=111ns
2026-10-07T19:22:31.898719Z  INFO falcon_algebraic:prove:falcon_algebraic:arithmetic:falcon_algebraic:binding:inner_packed:fold_tail{round=8}: bitz::sumcheck::inner::packed::state: close time.busy=1.28ms time.idle=110ns
2026-10-07T19:22:31.898730Z  INFO falcon_algebraic:prove:falcon_algebraic:arithmetic:falcon_algebraic:binding:spartan:round_grinding_prove:spartan:grinding{bits=13}: bitz::piop::spartan::grinding: close time.busy=7.57µs time.idle=121ns
2026-10-07T19:22:31.898731Z  INFO falcon_algebraic:prove:falcon_algebraic:arithmetic:falcon_algebraic:binding:spartan:round_grinding_prove: bitz::sumcheck::boundary: close time.busy=9.73µs time.idle=110ns
2026-10-07T19:22:31.899401Z  INFO falcon_algebraic:prove:falcon_algebraic:arithmetic:falcon_algebraic:binding:inner_packed:fold_tail{round=9}: bitz::sumcheck::inner::packed::state: close time.busy=667µs time.idle=120ns
2026-10-07T19:22:31.899455Z  INFO falcon_algebraic:prove:falcon_algebraic:arithmetic:falcon_algebraic:binding:spartan:round_grinding_prove:spartan:grinding{bits=13}: bitz::piop::spartan::grinding: close time.busy=51.3µs time.idle=100ns
2026-10-07T19:22:31.899456Z  INFO falcon_algebraic:prove:falcon_algebraic:arithmetic:falcon_algebraic:binding:spartan:round_grinding_prove: bitz::sumcheck::boundary: close time.busy=53.4µs time.idle=110ns
2026-10-07T19:22:31.899795Z  INFO falcon_algebraic:prove:falcon_algebraic:arithmetic:falcon_algebraic:binding:inner_packed:fold_tail{round=10}: bitz::sumcheck::inner::packed::state: close time.busy=337µs time.idle=110ns
2026-10-07T19:22:31.899834Z  INFO falcon_algebraic:prove:falcon_algebraic:arithmetic:falcon_algebraic:binding:spartan:round_grinding_prove:spartan:grinding{bits=13}: bitz::piop::spartan::grinding: close time.busy=35.9µs time.idle=120ns
2026-10-07T19:22:31.899835Z  INFO falcon_algebraic:prove:falcon_algebraic:arithmetic:falcon_algebraic:binding:spartan:round_grinding_prove: bitz::sumcheck::boundary: close time.busy=38.1µs time.idle=120ns
2026-10-07T19:22:31.900010Z  INFO falcon_algebraic:prove:falcon_algebraic:arithmetic:falcon_algebraic:binding:inner_packed:fold_tail{round=11}: bitz::sumcheck::inner::packed::state: close time.busy=174µs time.idle=110ns
2026-10-07T19:22:31.900079Z  INFO falcon_algebraic:prove:falcon_algebraic:arithmetic:falcon_algebraic:binding:spartan:round_grinding_prove:spartan:grinding{bits=13}: bitz::piop::spartan::grinding: close time.busy=65.9µs time.idle=110ns
2026-10-07T19:22:31.900080Z  INFO falcon_algebraic:prove:falcon_algebraic:arithmetic:falcon_algebraic:binding:spartan:round_grinding_prove: bitz::sumcheck::boundary: close time.busy=67.9µs time.idle=111ns
2026-10-07T19:22:31.900169Z  INFO falcon_algebraic:prove:falcon_algebraic:arithmetic:falcon_algebraic:binding:inner_packed:fold_tail{round=12}: bitz::sumcheck::inner::packed::state: close time.busy=87.5µs time.idle=121ns
2026-10-07T19:22:31.900181Z  INFO falcon_algebraic:prove:falcon_algebraic:arithmetic:falcon_algebraic:binding:spartan:round_grinding_prove:spartan:grinding{bits=13}: bitz::piop::spartan::grinding: close time.busy=9.12µs time.idle=110ns
2026-10-07T19:22:31.900183Z  INFO falcon_algebraic:prove:falcon_algebraic:arithmetic:falcon_algebraic:binding:spartan:round_grinding_prove: bitz::sumcheck::boundary: close time.busy=11.8µs time.idle=120ns
2026-10-07T19:22:31.900229Z  INFO falcon_algebraic:prove:falcon_algebraic:arithmetic:falcon_algebraic:binding:inner_packed:fold_tail{round=13}: bitz::sumcheck::inner::packed::state: close time.busy=44.1µs time.idle=110ns
2026-10-07T19:22:31.900262Z  INFO falcon_algebraic:prove:falcon_algebraic:arithmetic:falcon_algebraic:binding:spartan:round_grinding_prove:spartan:grinding{bits=13}: bitz::piop::spartan::grinding: close time.busy=30.7µs time.idle=110ns
2026-10-07T19:22:31.900263Z  INFO falcon_algebraic:prove:falcon_algebraic:arithmetic:falcon_algebraic:binding:spartan:round_grinding_prove: bitz::sumcheck::boundary: close time.busy=32.6µs time.idle=111ns
2026-10-07T19:22:31.900288Z  INFO falcon_algebraic:prove:falcon_algebraic:arithmetic:falcon_algebraic:binding:inner_packed:fold_tail{round=14}: bitz::sumcheck::inner::packed::state: close time.busy=22.3µs time.idle=121ns
2026-10-07T19:22:31.900358Z  INFO falcon_algebraic:prove:falcon_algebraic:arithmetic:falcon_algebraic:binding:spartan:round_grinding_prove:spartan:grinding{bits=13}: bitz::piop::spartan::grinding: close time.busy=67.6µs time.idle=110ns
2026-10-07T19:22:31.900359Z  INFO falcon_algebraic:prove:falcon_algebraic:arithmetic:falcon_algebraic:binding:spartan:round_grinding_prove: bitz::sumcheck::boundary: close time.busy=69.5µs time.idle=120ns
2026-10-07T19:22:31.900372Z  INFO falcon_algebraic:prove:falcon_algebraic:arithmetic:falcon_algebraic:binding:inner_packed:fold_tail{round=15}: bitz::sumcheck::inner::packed::state: close time.busy=11.1µs time.idle=120ns
2026-10-07T19:22:31.900523Z  INFO falcon_algebraic:prove:falcon_algebraic:arithmetic:falcon_algebraic:binding:spartan:round_grinding_prove:spartan:grinding{bits=13}: bitz::piop::spartan::grinding: close time.busy=149µs time.idle=110ns
2026-10-07T19:22:31.900525Z  INFO falcon_algebraic:prove:falcon_algebraic:arithmetic:falcon_algebraic:binding:spartan:round_grinding_prove: bitz::sumcheck::boundary: close time.busy=151µs time.idle=120ns
2026-10-07T19:22:31.900532Z  INFO falcon_algebraic:prove:falcon_algebraic:arithmetic:falcon_algebraic:binding:inner_packed:fold_tail{round=16}: bitz::sumcheck::inner::packed::state: close time.busy=5.41µs time.idle=120ns
2026-10-07T19:22:31.900551Z  INFO falcon_algebraic:prove:falcon_algebraic:arithmetic:falcon_algebraic:binding:spartan:round_grinding_prove:spartan:grinding{bits=13}: bitz::piop::spartan::grinding: close time.busy=15.7µs time.idle=110ns
2026-10-07T19:22:31.900552Z  INFO falcon_algebraic:prove:falcon_algebraic:arithmetic:falcon_algebraic:binding:spartan:round_grinding_prove: bitz::sumcheck::boundary: close time.busy=17.7µs time.idle=110ns
2026-10-07T19:22:31.900558Z  INFO falcon_algebraic:prove:falcon_algebraic:arithmetic:falcon_algebraic:binding:inner_packed:fold_tail{round=17}: bitz::sumcheck::inner::packed::state: close time.busy=2.73µs time.idle=150ns
2026-10-07T19:22:31.900566Z  INFO falcon_algebraic:prove:falcon_algebraic:arithmetic:falcon_algebraic:binding:spartan:round_grinding_prove:spartan:grinding{bits=13}: bitz::piop::spartan::grinding: close time.busy=5.69µs time.idle=110ns
2026-10-07T19:22:31.900567Z  INFO falcon_algebraic:prove:falcon_algebraic:arithmetic:falcon_algebraic:binding:spartan:round_grinding_prove: bitz::sumcheck::boundary: close time.busy=7.79µs time.idle=110ns
2026-10-07T19:22:31.900571Z  INFO falcon_algebraic:prove:falcon_algebraic:arithmetic:falcon_algebraic:binding:inner_packed:fold_tail{round=18}: bitz::sumcheck::inner::packed::state: close time.busy=1.42µs time.idle=110ns
2026-10-07T19:22:31.900580Z  INFO falcon_algebraic:prove:falcon_algebraic:arithmetic:falcon_algebraic:binding:spartan:round_grinding_prove:spartan:grinding{bits=13}: bitz::piop::spartan::grinding: close time.busy=6.69µs time.idle=110ns
2026-10-07T19:22:31.900581Z  INFO falcon_algebraic:prove:falcon_algebraic:arithmetic:falcon_algebraic:binding:spartan:round_grinding_prove: bitz::sumcheck::boundary: close time.busy=9.10µs time.idle=110ns
2026-10-07T19:22:31.900584Z  INFO falcon_algebraic:prove:falcon_algebraic:arithmetic:falcon_algebraic:binding:inner_packed:fold_tail{round=19}: bitz::sumcheck::inner::packed::state: close time.busy=802ns time.idle=110ns
2026-10-07T19:22:31.900612Z  INFO falcon_algebraic:prove:falcon_algebraic:arithmetic:falcon_algebraic:binding:spartan:round_grinding_prove:spartan:grinding{bits=13}: bitz::piop::spartan::grinding: close time.busy=25.4µs time.idle=120ns
2026-10-07T19:22:31.900613Z  INFO falcon_algebraic:prove:falcon_algebraic:arithmetic:falcon_algebraic:binding:spartan:round_grinding_prove: bitz::sumcheck::boundary: close time.busy=27.4µs time.idle=121ns
2026-10-07T19:22:31.900616Z  INFO falcon_algebraic:prove:falcon_algebraic:arithmetic:falcon_algebraic:binding:inner_packed:fold_tail{round=20}: bitz::sumcheck::inner::packed::state: close time.busy=460ns time.idle=121ns
2026-10-07T19:22:31.900671Z  INFO falcon_algebraic:prove:falcon_algebraic:arithmetic:falcon_algebraic:binding:spartan:round_grinding_prove:spartan:grinding{bits=13}: bitz::piop::spartan::grinding: close time.busy=53.2µs time.idle=111ns
2026-10-07T19:22:31.900672Z  INFO falcon_algebraic:prove:falcon_algebraic:arithmetic:falcon_algebraic:binding:spartan:round_grinding_prove: bitz::sumcheck::boundary: close time.busy=55.2µs time.idle=110ns
2026-10-07T19:22:31.900675Z  INFO falcon_algebraic:prove:falcon_algebraic:arithmetic:falcon_algebraic:binding:inner_packed:fold_tail{round=21}: bitz::sumcheck::inner::packed::state: close time.busy=271ns time.idle=110ns
2026-10-07T19:22:31.900685Z  INFO falcon_algebraic:prove:falcon_algebraic:arithmetic:falcon_algebraic:binding:spartan:round_grinding_prove:spartan:grinding{bits=13}: bitz::piop::spartan::grinding: close time.busy=8.12µs time.idle=110ns
2026-10-07T19:22:31.900687Z  INFO falcon_algebraic:prove:falcon_algebraic:arithmetic:falcon_algebraic:binding:spartan:round_grinding_prove: bitz::sumcheck::boundary: close time.busy=10.4µs time.idle=110ns
2026-10-07T19:22:31.900689Z  INFO falcon_algebraic:prove:falcon_algebraic:arithmetic:falcon_algebraic:binding:inner_packed:fold_tail{round=22}: bitz::sumcheck::inner::packed::state: close time.busy=170ns time.idle=111ns
2026-10-07T19:22:31.900704Z  INFO falcon_algebraic:prove:falcon_algebraic:arithmetic:falcon_algebraic:binding:spartan:round_grinding_prove:spartan:grinding{bits=13}: bitz::piop::spartan::grinding: close time.busy=12.5µs time.idle=111ns
2026-10-07T19:22:31.900705Z  INFO falcon_algebraic:prove:falcon_algebraic:arithmetic:falcon_algebraic:binding:spartan:round_grinding_prove: bitz::sumcheck::boundary: close time.busy=14.6µs time.idle=110ns
2026-10-07T19:22:31.900708Z  INFO falcon_algebraic:prove:falcon_algebraic:arithmetic:falcon_algebraic:binding:inner_packed:fold_tail{round=23}: bitz::sumcheck::inner::packed::state: close time.busy=120ns time.idle=120ns
2026-10-07T19:22:31.900771Z  INFO falcon_algebraic:prove:falcon_algebraic:arithmetic:falcon_algebraic:binding:spartan:round_grinding_prove:spartan:grinding{bits=13}: bitz::piop::spartan::grinding: close time.busy=61.1µs time.idle=110ns
2026-10-07T19:22:31.900772Z  INFO falcon_algebraic:prove:falcon_algebraic:arithmetic:falcon_algebraic:binding:spartan:round_grinding_prove: bitz::sumcheck::boundary: close time.busy=63.2µs time.idle=110ns
2026-10-07T19:22:31.900775Z  INFO falcon_algebraic:prove:falcon_algebraic:arithmetic:falcon_algebraic:binding:inner_packed:fold_tail{round=24}: bitz::sumcheck::inner::packed::state: close time.busy=361ns time.idle=120ns
2026-10-07T19:22:31.914326Z  INFO falcon_algebraic:prove:falcon_algebraic:arithmetic:falcon_algebraic:binding: bitz::piop::spartan::falcon1024_algebraic::arithmetic: close time.busy=249ms time.idle=130ns
2026-10-07T19:22:31.914329Z  INFO falcon_algebraic:prove:falcon_algebraic:arithmetic: bitz::piop::spartan::falcon1024_algebraic::protocol: close time.busy=351ms time.idle=200ns
2026-10-07T19:22:31.919724Z  INFO falcon_algebraic:prove:falcon_algebraic:bitz:falcon_bridge:integer_folds: bitz::hybrid::integer_bridge: close time.busy=5.35ms time.idle=191ns
2026-10-07T19:22:31.922200Z  INFO falcon_algebraic:prove:falcon_algebraic:bitz:falcon_bridge:column_packing: bitz::hybrid::integer_bridge: close time.busy=2.07ms time.idle=150ns
2026-10-07T19:22:31.922569Z  INFO falcon_algebraic:prove:falcon_algebraic:bitz:falcon_bridge:power_tables: bitz::hybrid::integer_bridge: close time.busy=366µs time.idle=130ns
2026-10-07T19:22:31.922779Z  INFO falcon_algebraic:prove:falcon_algebraic:bitz:spartan:grinding{bits=14}: bitz::piop::spartan::grinding: close time.busy=207µs time.idle=120ns
2026-10-07T19:22:31.940918Z  INFO falcon_algebraic:prove:falcon_algebraic:bitz:falcon_bridge:wfbitz_forest:spartan:grinding{bits=14}: bitz::piop::spartan::grinding: close time.busy=46.4µs time.idle=252ns
2026-10-07T19:22:31.940946Z  INFO falcon_algebraic:prove:falcon_algebraic:bitz:falcon_bridge:wfbitz_forest:spartan:grinding{bits=14}: bitz::piop::spartan::grinding: close time.busy=8.51µs time.idle=110ns
2026-10-07T19:22:31.941000Z  INFO falcon_algebraic:prove:falcon_algebraic:bitz:falcon_bridge:wfbitz_forest:spartan:grinding{bits=14}: bitz::piop::spartan::grinding: close time.busy=46.2µs time.idle=110ns
2026-10-07T19:22:31.941034Z  INFO falcon_algebraic:prove:falcon_algebraic:bitz:falcon_bridge:wfbitz_forest:spartan:grinding{bits=14}: bitz::piop::spartan::grinding: close time.busy=28.5µs time.idle=110ns
2026-10-07T19:22:31.941164Z  INFO falcon_algebraic:prove:falcon_algebraic:bitz:falcon_bridge:wfbitz_forest:spartan:grinding{bits=14}: bitz::piop::spartan::grinding: close time.busy=125µs time.idle=120ns
2026-10-07T19:22:31.941241Z  INFO falcon_algebraic:prove:falcon_algebraic:bitz:falcon_bridge:wfbitz_forest:spartan:grinding{bits=14}: bitz::piop::spartan::grinding: close time.busy=73.6µs time.idle=110ns
2026-10-07T19:22:31.941253Z  INFO falcon_algebraic:prove:falcon_algebraic:bitz:falcon_bridge:wfbitz_forest:spartan:grinding{bits=14}: bitz::piop::spartan::grinding: close time.busy=8.33µs time.idle=120ns
2026-10-07T19:22:31.941268Z  INFO falcon_algebraic:prove:falcon_algebraic:bitz:falcon_bridge:wfbitz_forest:spartan:grinding{bits=14}: bitz::piop::spartan::grinding: close time.busy=12.3µs time.idle=111ns
2026-10-07T19:22:31.941403Z  INFO falcon_algebraic:prove:falcon_algebraic:bitz:falcon_bridge:wfbitz_forest:spartan:grinding{bits=14}: bitz::piop::spartan::grinding: close time.busy=132µs time.idle=110ns
2026-10-07T19:22:31.941531Z  INFO falcon_algebraic:prove:falcon_algebraic:bitz:falcon_bridge:wfbitz_forest:spartan:grinding{bits=14}: bitz::piop::spartan::grinding: close time.busy=125µs time.idle=120ns
2026-10-07T19:22:31.941585Z  INFO falcon_algebraic:prove:falcon_algebraic:bitz:falcon_bridge:wfbitz_forest:spartan:grinding{bits=14}: bitz::piop::spartan::grinding: close time.busy=52.0µs time.idle=111ns
2026-10-07T19:22:31.941613Z  INFO falcon_algebraic:prove:falcon_algebraic:bitz:falcon_bridge:wfbitz_forest:spartan:grinding{bits=14}: bitz::piop::spartan::grinding: close time.busy=24.3µs time.idle=110ns
2026-10-07T19:22:31.941672Z  INFO falcon_algebraic:prove:falcon_algebraic:bitz:falcon_bridge:wfbitz_forest:spartan:grinding{bits=14}: bitz::piop::spartan::grinding: close time.busy=57.1µs time.idle=111ns
2026-10-07T19:22:31.941694Z  INFO falcon_algebraic:prove:falcon_algebraic:bitz:falcon_bridge:wfbitz_forest:spartan:grinding{bits=14}: bitz::piop::spartan::grinding: close time.busy=19.7µs time.idle=110ns
2026-10-07T19:22:31.941745Z  INFO falcon_algebraic:prove:falcon_algebraic:bitz:falcon_bridge:wfbitz_forest:spartan:grinding{bits=14}: bitz::piop::spartan::grinding: close time.busy=21.7µs time.idle=120ns
2026-10-07T19:22:31.941837Z  INFO falcon_algebraic:prove:falcon_algebraic:bitz:falcon_bridge:wfbitz_forest:spartan:grinding{bits=14}: bitz::piop::spartan::grinding: close time.busy=75.4µs time.idle=110ns
2026-10-07T19:22:31.941856Z  INFO falcon_algebraic:prove:falcon_algebraic:bitz:falcon_bridge:wfbitz_forest:spartan:grinding{bits=14}: bitz::piop::spartan::grinding: close time.busy=5.37µs time.idle=110ns
2026-10-07T19:22:31.941925Z  INFO falcon_algebraic:prove:falcon_algebraic:bitz:falcon_bridge:wfbitz_forest:spartan:grinding{bits=14}: bitz::piop::spartan::grinding: close time.busy=58.6µs time.idle=110ns
2026-10-07T19:22:31.941952Z  INFO falcon_algebraic:prove:falcon_algebraic:bitz:falcon_bridge:wfbitz_forest:spartan:grinding{bits=14}: bitz::piop::spartan::grinding: close time.busy=21.5µs time.idle=120ns
2026-10-07T19:22:31.941973Z  INFO falcon_algebraic:prove:falcon_algebraic:bitz:falcon_bridge:wfbitz_forest:spartan:grinding{bits=14}: bitz::piop::spartan::grinding: close time.busy=16.5µs time.idle=110ns
2026-10-07T19:22:31.941988Z  INFO falcon_algebraic:prove:falcon_algebraic:bitz:falcon_bridge:wfbitz_forest:spartan:grinding{bits=14}: bitz::piop::spartan::grinding: close time.busy=11.1µs time.idle=110ns
2026-10-07T19:22:31.942006Z  INFO falcon_algebraic:prove:falcon_algebraic:bitz:falcon_bridge:wfbitz_forest:spartan:grinding{bits=14}: bitz::piop::spartan::grinding: close time.busy=15.7µs time.idle=111ns
2026-10-07T19:22:31.942041Z  INFO falcon_algebraic:prove:falcon_algebraic:bitz:falcon_bridge:wfbitz_forest:spartan:grinding{bits=14}: bitz::piop::spartan::grinding: close time.busy=32.1µs time.idle=110ns
2026-10-07T19:22:31.942054Z  INFO falcon_algebraic:prove:falcon_algebraic:bitz:falcon_bridge:wfbitz_forest:spartan:grinding{bits=14}: bitz::piop::spartan::grinding: close time.busy=7.31µs time.idle=111ns
2026-10-07T19:22:31.942096Z  INFO falcon_algebraic:prove:falcon_algebraic:bitz:falcon_bridge:wfbitz_forest:spartan:grinding{bits=14}: bitz::piop::spartan::grinding: close time.busy=39.9µs time.idle=110ns
2026-10-07T19:22:31.942135Z  INFO falcon_algebraic:prove:falcon_algebraic:bitz:falcon_bridge:wfbitz_forest:spartan:grinding{bits=14}: bitz::piop::spartan::grinding: close time.busy=36.4µs time.idle=112ns
2026-10-07T19:22:31.942159Z  INFO falcon_algebraic:prove:falcon_algebraic:bitz:falcon_bridge:wfbitz_forest:spartan:grinding{bits=14}: bitz::piop::spartan::grinding: close time.busy=22.0µs time.idle=110ns
2026-10-07T19:22:31.942181Z  INFO falcon_algebraic:prove:falcon_algebraic:bitz:falcon_bridge:wfbitz_forest:spartan:grinding{bits=14}: bitz::piop::spartan::grinding: close time.busy=19.5µs time.idle=111ns
2026-10-07T19:22:31.942190Z  INFO falcon_algebraic:prove:falcon_algebraic:bitz:falcon_bridge:wfbitz_forest:spartan:grinding{bits=14}: bitz::piop::spartan::grinding: close time.busy=5.99µs time.idle=110ns
2026-10-07T19:22:31.942254Z  INFO falcon_algebraic:prove:falcon_algebraic:bitz:falcon_bridge:wfbitz_forest:spartan:grinding{bits=14}: bitz::piop::spartan::grinding: close time.busy=22.7µs time.idle=120ns
2026-10-07T19:22:31.942455Z  INFO falcon_algebraic:prove:falcon_algebraic:bitz:falcon_bridge:wfbitz_forest:spartan:grinding{bits=14}: bitz::piop::spartan::grinding: close time.busy=165µs time.idle=120ns
2026-10-07T19:22:31.942505Z  INFO falcon_algebraic:prove:falcon_algebraic:bitz:falcon_bridge:wfbitz_forest:spartan:grinding{bits=14}: bitz::piop::spartan::grinding: close time.busy=35.8µs time.idle=120ns
2026-10-07T19:22:31.942575Z  INFO falcon_algebraic:prove:falcon_algebraic:bitz:falcon_bridge:wfbitz_forest:spartan:grinding{bits=14}: bitz::piop::spartan::grinding: close time.busy=40.8µs time.idle=120ns
2026-10-07T19:22:31.942596Z  INFO falcon_algebraic:prove:falcon_algebraic:bitz:falcon_bridge:wfbitz_forest:spartan:grinding{bits=14}: bitz::piop::spartan::grinding: close time.busy=13.0µs time.idle=111ns
2026-10-07T19:22:31.942691Z  INFO falcon_algebraic:prove:falcon_algebraic:bitz:falcon_bridge:wfbitz_forest:spartan:grinding{bits=14}: bitz::piop::spartan::grinding: close time.busy=89.1µs time.idle=110ns
2026-10-07T19:22:31.942780Z  INFO falcon_algebraic:prove:falcon_algebraic:bitz:falcon_bridge:wfbitz_forest:spartan:grinding{bits=14}: bitz::piop::spartan::grinding: close time.busy=85.0µs time.idle=110ns
2026-10-07T19:22:31.942810Z  INFO falcon_algebraic:prove:falcon_algebraic:bitz:falcon_bridge:wfbitz_forest:spartan:grinding{bits=14}: bitz::piop::spartan::grinding: close time.busy=26.7µs time.idle=110ns
2026-10-07T19:22:31.942934Z  INFO falcon_algebraic:prove:falcon_algebraic:bitz:falcon_bridge:wfbitz_forest:spartan:grinding{bits=14}: bitz::piop::spartan::grinding: close time.busy=120µs time.idle=110ns
2026-10-07T19:22:31.942977Z  INFO falcon_algebraic:prove:falcon_algebraic:bitz:falcon_bridge:wfbitz_forest:spartan:grinding{bits=14}: bitz::piop::spartan::grinding: close time.busy=39.1µs time.idle=110ns
2026-10-07T19:22:31.943072Z  INFO falcon_algebraic:prove:falcon_algebraic:bitz:falcon_bridge:wfbitz_forest:spartan:grinding{bits=14}: bitz::piop::spartan::grinding: close time.busy=92.9µs time.idle=110ns
2026-10-07T19:22:31.943083Z  INFO falcon_algebraic:prove:falcon_algebraic:bitz:falcon_bridge:wfbitz_forest:spartan:grinding{bits=14}: bitz::piop::spartan::grinding: close time.busy=8.56µs time.idle=110ns
2026-10-07T19:22:31.943093Z  INFO falcon_algebraic:prove:falcon_algebraic:bitz:falcon_bridge:wfbitz_forest:spartan:grinding{bits=14}: bitz::piop::spartan::grinding: close time.busy=6.51µs time.idle=111ns
2026-10-07T19:22:31.943131Z  INFO falcon_algebraic:prove:falcon_algebraic:bitz:falcon_bridge:wfbitz_forest:spartan:grinding{bits=14}: bitz::piop::spartan::grinding: close time.busy=35.3µs time.idle=110ns
2026-10-07T19:22:31.943193Z  INFO falcon_algebraic:prove:falcon_algebraic:bitz:falcon_bridge:wfbitz_forest:spartan:grinding{bits=14}: bitz::piop::spartan::grinding: close time.busy=59.8µs time.idle=120ns
2026-10-07T19:22:31.943255Z  INFO falcon_algebraic:prove:falcon_algebraic:bitz:falcon_bridge:wfbitz_forest:spartan:grinding{bits=14}: bitz::piop::spartan::grinding: close time.busy=59.1µs time.idle=110ns
2026-10-07T19:22:31.943330Z  INFO falcon_algebraic:prove:falcon_algebraic:bitz:falcon_bridge:wfbitz_forest:spartan:grinding{bits=14}: bitz::piop::spartan::grinding: close time.busy=7.13µs time.idle=130ns
2026-10-07T19:22:31.943419Z  INFO falcon_algebraic:prove:falcon_algebraic:bitz:falcon_bridge:wfbitz_forest:spartan:grinding{bits=14}: bitz::piop::spartan::grinding: close time.busy=24.1µs time.idle=110ns
2026-10-07T19:22:31.943477Z  INFO falcon_algebraic:prove:falcon_algebraic:bitz:falcon_bridge:wfbitz_forest:spartan:grinding{bits=14}: bitz::piop::spartan::grinding: close time.busy=29.9µs time.idle=120ns
2026-10-07T19:22:31.943703Z  INFO falcon_algebraic:prove:falcon_algebraic:bitz:falcon_bridge:wfbitz_forest:spartan:grinding{bits=14}: bitz::piop::spartan::grinding: close time.busy=212µs time.idle=120ns
2026-10-07T19:22:31.943746Z  INFO falcon_algebraic:prove:falcon_algebraic:bitz:falcon_bridge:wfbitz_forest:spartan:grinding{bits=14}: bitz::piop::spartan::grinding: close time.busy=14.3µs time.idle=110ns
2026-10-07T19:22:31.943939Z  INFO falcon_algebraic:prove:falcon_algebraic:bitz:falcon_bridge:wfbitz_forest:spartan:grinding{bits=14}: bitz::piop::spartan::grinding: close time.busy=184µs time.idle=110ns
2026-10-07T19:22:31.943980Z  INFO falcon_algebraic:prove:falcon_algebraic:bitz:falcon_bridge:wfbitz_forest:spartan:grinding{bits=14}: bitz::piop::spartan::grinding: close time.busy=35.0µs time.idle=111ns
2026-10-07T19:22:31.943993Z  INFO falcon_algebraic:prove:falcon_algebraic:bitz:falcon_bridge:wfbitz_forest:spartan:grinding{bits=14}: bitz::piop::spartan::grinding: close time.busy=8.71µs time.idle=110ns
2026-10-07T19:22:31.944015Z  INFO falcon_algebraic:prove:falcon_algebraic:bitz:falcon_bridge:wfbitz_forest:spartan:grinding{bits=14}: bitz::piop::spartan::grinding: close time.busy=19.1µs time.idle=110ns
2026-10-07T19:22:31.944078Z  INFO falcon_algebraic:prove:falcon_algebraic:bitz:falcon_bridge:wfbitz_forest:spartan:grinding{bits=14}: bitz::piop::spartan::grinding: close time.busy=60.3µs time.idle=111ns
2026-10-07T19:22:31.944163Z  INFO falcon_algebraic:prove:falcon_algebraic:bitz:falcon_bridge:wfbitz_forest:spartan:grinding{bits=14}: bitz::piop::spartan::grinding: close time.busy=81.2µs time.idle=120ns
2026-10-07T19:22:31.944194Z  INFO falcon_algebraic:prove:falcon_algebraic:bitz:falcon_bridge:wfbitz_forest:spartan:grinding{bits=14}: bitz::piop::spartan::grinding: close time.busy=28.7µs time.idle=121ns
2026-10-07T19:22:31.944239Z  INFO falcon_algebraic:prove:falcon_algebraic:bitz:falcon_bridge:wfbitz_forest:spartan:grinding{bits=14}: bitz::piop::spartan::grinding: close time.busy=41.5µs time.idle=111ns
2026-10-07T19:22:31.944278Z  INFO falcon_algebraic:prove:falcon_algebraic:bitz:falcon_bridge:wfbitz_forest:spartan:grinding{bits=14}: bitz::piop::spartan::grinding: close time.busy=36.2µs time.idle=110ns
2026-10-07T19:22:31.944294Z  INFO falcon_algebraic:prove:falcon_algebraic:bitz:falcon_bridge:wfbitz_forest:spartan:grinding{bits=14}: bitz::piop::spartan::grinding: close time.busy=13.3µs time.idle=110ns
2026-10-07T19:22:31.944411Z  INFO falcon_algebraic:prove:falcon_algebraic:bitz:falcon_bridge:wfbitz_forest:spartan:grinding{bits=14}: bitz::piop::spartan::grinding: close time.busy=115µs time.idle=110ns
2026-10-07T19:22:31.944426Z  INFO falcon_algebraic:prove:falcon_algebraic:bitz:falcon_bridge:wfbitz_forest:spartan:grinding{bits=14}: bitz::piop::spartan::grinding: close time.busy=12.6µs time.idle=120ns
2026-10-07T19:22:31.944569Z  INFO falcon_algebraic:prove:falcon_algebraic:bitz:falcon_bridge:wfbitz_forest:spartan:grinding{bits=14}: bitz::piop::spartan::grinding: close time.busy=19.1µs time.idle=120ns
2026-10-07T19:22:31.944786Z  INFO falcon_algebraic:prove:falcon_algebraic:bitz:falcon_bridge:wfbitz_forest:spartan:grinding{bits=14}: bitz::piop::spartan::grinding: close time.busy=91.5µs time.idle=120ns
2026-10-07T19:22:31.944872Z  INFO falcon_algebraic:prove:falcon_algebraic:bitz:falcon_bridge:wfbitz_forest:spartan:grinding{bits=14}: bitz::piop::spartan::grinding: close time.busy=37.1µs time.idle=121ns
2026-10-07T19:22:31.945063Z  INFO falcon_algebraic:prove:falcon_algebraic:bitz:falcon_bridge:wfbitz_forest:spartan:grinding{bits=14}: bitz::piop::spartan::grinding: close time.busy=162µs time.idle=120ns
2026-10-07T19:22:31.945243Z  INFO falcon_algebraic:prove:falcon_algebraic:bitz:falcon_bridge:wfbitz_forest:spartan:grinding{bits=14}: bitz::piop::spartan::grinding: close time.busy=167µs time.idle=170ns
2026-10-07T19:22:31.945287Z  INFO falcon_algebraic:prove:falcon_algebraic:bitz:falcon_bridge:wfbitz_forest:spartan:grinding{bits=14}: bitz::piop::spartan::grinding: close time.busy=15.4µs time.idle=100ns
2026-10-07T19:22:31.945333Z  INFO falcon_algebraic:prove:falcon_algebraic:bitz:falcon_bridge:wfbitz_forest:spartan:grinding{bits=14}: bitz::piop::spartan::grinding: close time.busy=37.6µs time.idle=121ns
2026-10-07T19:22:31.945350Z  INFO falcon_algebraic:prove:falcon_algebraic:bitz:falcon_bridge:wfbitz_forest:spartan:grinding{bits=14}: bitz::piop::spartan::grinding: close time.busy=11.2µs time.idle=110ns
2026-10-07T19:22:31.945414Z  INFO falcon_algebraic:prove:falcon_algebraic:bitz:falcon_bridge:wfbitz_forest:spartan:grinding{bits=14}: bitz::piop::spartan::grinding: close time.busy=60.7µs time.idle=110ns
2026-10-07T19:22:31.945650Z  INFO falcon_algebraic:prove:falcon_algebraic:bitz:falcon_bridge:wfbitz_forest:spartan:grinding{bits=14}: bitz::piop::spartan::grinding: close time.busy=232µs time.idle=110ns
2026-10-07T19:22:31.945757Z  INFO falcon_algebraic:prove:falcon_algebraic:bitz:falcon_bridge:wfbitz_forest:spartan:grinding{bits=14}: bitz::piop::spartan::grinding: close time.busy=104µs time.idle=110ns
2026-10-07T19:22:31.945789Z  INFO falcon_algebraic:prove:falcon_algebraic:bitz:falcon_bridge:wfbitz_forest:spartan:grinding{bits=14}: bitz::piop::spartan::grinding: close time.busy=29.7µs time.idle=120ns
2026-10-07T19:22:31.945801Z  INFO falcon_algebraic:prove:falcon_algebraic:bitz:falcon_bridge:wfbitz_forest:spartan:grinding{bits=14}: bitz::piop::spartan::grinding: close time.busy=8.28µs time.idle=110ns
2026-10-07T19:22:31.946006Z  INFO falcon_algebraic:prove:falcon_algebraic:bitz:falcon_bridge:wfbitz_forest:spartan:grinding{bits=14}: bitz::piop::spartan::grinding: close time.busy=203µs time.idle=110ns
2026-10-07T19:22:31.946107Z  INFO falcon_algebraic:prove:falcon_algebraic:bitz:falcon_bridge:wfbitz_forest:spartan:grinding{bits=14}: bitz::piop::spartan::grinding: close time.busy=96.9µs time.idle=111ns
2026-10-07T19:22:31.946117Z  INFO falcon_algebraic:prove:falcon_algebraic:bitz:falcon_bridge:wfbitz_forest:spartan:grinding{bits=14}: bitz::piop::spartan::grinding: close time.busy=6.91µs time.idle=110ns
2026-10-07T19:22:31.946147Z  INFO falcon_algebraic:prove:falcon_algebraic:bitz:falcon_bridge:wfbitz_forest:spartan:grinding{bits=14}: bitz::piop::spartan::grinding: close time.busy=26.8µs time.idle=120ns
2026-10-07T19:22:31.946236Z  INFO falcon_algebraic:prove:falcon_algebraic:bitz:falcon_bridge:wfbitz_forest:spartan:grinding{bits=14}: bitz::piop::spartan::grinding: close time.busy=86.6µs time.idle=120ns
2026-10-07T19:22:31.946496Z  INFO falcon_algebraic:prove:falcon_algebraic:bitz:falcon_bridge:wfbitz_forest:spartan:grinding{bits=14}: bitz::piop::spartan::grinding: close time.busy=10.1µs time.idle=120ns
2026-10-07T19:22:31.946753Z  INFO falcon_algebraic:prove:falcon_algebraic:bitz:falcon_bridge:wfbitz_forest:spartan:grinding{bits=14}: bitz::piop::spartan::grinding: close time.busy=4.33µs time.idle=121ns
2026-10-07T19:22:31.946907Z  INFO falcon_algebraic:prove:falcon_algebraic:bitz:falcon_bridge:wfbitz_forest:spartan:grinding{bits=14}: bitz::piop::spartan::grinding: close time.busy=57.9µs time.idle=121ns
2026-10-07T19:22:31.946991Z  INFO falcon_algebraic:prove:falcon_algebraic:bitz:falcon_bridge:wfbitz_forest:spartan:grinding{bits=14}: bitz::piop::spartan::grinding: close time.busy=34.7µs time.idle=120ns
2026-10-07T19:22:31.947081Z  INFO falcon_algebraic:prove:falcon_algebraic:bitz:falcon_bridge:wfbitz_forest:spartan:grinding{bits=14}: bitz::piop::spartan::grinding: close time.busy=60.9µs time.idle=120ns
2026-10-07T19:22:31.947152Z  INFO falcon_algebraic:prove:falcon_algebraic:bitz:falcon_bridge:wfbitz_forest:spartan:grinding{bits=14}: bitz::piop::spartan::grinding: close time.busy=57.2µs time.idle=120ns
2026-10-07T19:22:31.947278Z  INFO falcon_algebraic:prove:falcon_algebraic:bitz:falcon_bridge:wfbitz_forest:spartan:grinding{bits=14}: bitz::piop::spartan::grinding: close time.busy=97.8µs time.idle=110ns
2026-10-07T19:22:31.947296Z  INFO falcon_algebraic:prove:falcon_algebraic:bitz:falcon_bridge:wfbitz_forest:spartan:grinding{bits=14}: bitz::piop::spartan::grinding: close time.busy=9.37µs time.idle=111ns
2026-10-07T19:22:31.947348Z  INFO falcon_algebraic:prove:falcon_algebraic:bitz:falcon_bridge:wfbitz_forest:spartan:grinding{bits=14}: bitz::piop::spartan::grinding: close time.busy=46.7µs time.idle=111ns
2026-10-07T19:22:31.947380Z  INFO falcon_algebraic:prove:falcon_algebraic:bitz:falcon_bridge:wfbitz_forest:spartan:grinding{bits=14}: bitz::piop::spartan::grinding: close time.busy=27.1µs time.idle=111ns
2026-10-07T19:22:31.947409Z  INFO falcon_algebraic:prove:falcon_algebraic:bitz:falcon_bridge:wfbitz_forest:spartan:grinding{bits=14}: bitz::piop::spartan::grinding: close time.busy=25.5µs time.idle=110ns
2026-10-07T19:22:31.947420Z  INFO falcon_algebraic:prove:falcon_algebraic:bitz:falcon_bridge:wfbitz_forest:spartan:grinding{bits=14}: bitz::piop::spartan::grinding: close time.busy=8.21µs time.idle=110ns
2026-10-07T19:22:31.947444Z  INFO falcon_algebraic:prove:falcon_algebraic:bitz:falcon_bridge:wfbitz_forest:spartan:grinding{bits=14}: bitz::piop::spartan::grinding: close time.busy=20.0µs time.idle=122ns
2026-10-07T19:22:31.947538Z  INFO falcon_algebraic:prove:falcon_algebraic:bitz:falcon_bridge:wfbitz_forest:spartan:grinding{bits=14}: bitz::piop::spartan::grinding: close time.busy=91.7µs time.idle=110ns
2026-10-07T19:22:31.947578Z  INFO falcon_algebraic:prove:falcon_algebraic:bitz:falcon_bridge:wfbitz_forest:spartan:grinding{bits=14}: bitz::piop::spartan::grinding: close time.busy=36.9µs time.idle=110ns
2026-10-07T19:22:31.947628Z  INFO falcon_algebraic:prove:falcon_algebraic:bitz:falcon_bridge:wfbitz_forest:spartan:grinding{bits=14}: bitz::piop::spartan::grinding: close time.busy=47.4µs time.idle=120ns
2026-10-07T19:22:31.947717Z  INFO falcon_algebraic:prove:falcon_algebraic:bitz:falcon_bridge:wfbitz_forest:spartan:grinding{bits=14}: bitz::piop::spartan::grinding: close time.busy=86.1µs time.idle=110ns
2026-10-07T19:22:31.947740Z  INFO falcon_algebraic:prove:falcon_algebraic:bitz:falcon_bridge:wfbitz_forest:spartan:grinding{bits=14}: bitz::piop::spartan::grinding: close time.busy=18.9µs time.idle=110ns
2026-10-07T19:22:31.947789Z  INFO falcon_algebraic:prove:falcon_algebraic:bitz:falcon_bridge:wfbitz_forest:spartan:grinding{bits=14}: bitz::piop::spartan::grinding: close time.busy=46.4µs time.idle=120ns
2026-10-07T19:22:31.948285Z  INFO falcon_algebraic:prove:falcon_algebraic:bitz:falcon_bridge:wfbitz_forest:spartan:grinding{bits=14}: bitz::piop::spartan::grinding: close time.busy=26.8µs time.idle=120ns
2026-10-07T19:22:31.948833Z  INFO falcon_algebraic:prove:falcon_algebraic:bitz:falcon_bridge:wfbitz_forest:spartan:grinding{bits=14}: bitz::piop::spartan::grinding: close time.busy=41.2µs time.idle=131ns
2026-10-07T19:22:31.949087Z  INFO falcon_algebraic:prove:falcon_algebraic:bitz:falcon_bridge:wfbitz_forest:spartan:grinding{bits=14}: bitz::piop::spartan::grinding: close time.busy=70.3µs time.idle=121ns
2026-10-07T19:22:31.949303Z  INFO falcon_algebraic:prove:falcon_algebraic:bitz:falcon_bridge:wfbitz_forest:spartan:grinding{bits=14}: bitz::piop::spartan::grinding: close time.busy=124µs time.idle=120ns
2026-10-07T19:22:31.949395Z  INFO falcon_algebraic:prove:falcon_algebraic:bitz:falcon_bridge:wfbitz_forest:spartan:grinding{bits=14}: bitz::piop::spartan::grinding: close time.busy=41.8µs time.idle=120ns
2026-10-07T19:22:31.949458Z  INFO falcon_algebraic:prove:falcon_algebraic:bitz:falcon_bridge:wfbitz_forest:spartan:grinding{bits=14}: bitz::piop::spartan::grinding: close time.busy=34.1µs time.idle=131ns
2026-10-07T19:22:31.949510Z  INFO falcon_algebraic:prove:falcon_algebraic:bitz:falcon_bridge:wfbitz_forest:spartan:grinding{bits=14}: bitz::piop::spartan::grinding: close time.busy=37.8µs time.idle=110ns
2026-10-07T19:22:31.949544Z  INFO falcon_algebraic:prove:falcon_algebraic:bitz:falcon_bridge:wfbitz_forest:spartan:grinding{bits=14}: bitz::piop::spartan::grinding: close time.busy=5.63µs time.idle=110ns
2026-10-07T19:22:31.949655Z  INFO falcon_algebraic:prove:falcon_algebraic:bitz:falcon_bridge:wfbitz_forest:spartan:grinding{bits=14}: bitz::piop::spartan::grinding: close time.busy=102µs time.idle=120ns
2026-10-07T19:22:31.949710Z  INFO falcon_algebraic:prove:falcon_algebraic:bitz:falcon_bridge:wfbitz_forest:spartan:grinding{bits=14}: bitz::piop::spartan::grinding: close time.busy=49.3µs time.idle=110ns
2026-10-07T19:22:31.949781Z  INFO falcon_algebraic:prove:falcon_algebraic:bitz:falcon_bridge:wfbitz_forest:spartan:grinding{bits=14}: bitz::piop::spartan::grinding: close time.busy=66.5µs time.idle=112ns
2026-10-07T19:22:31.949824Z  INFO falcon_algebraic:prove:falcon_algebraic:bitz:falcon_bridge:wfbitz_forest:spartan:grinding{bits=14}: bitz::piop::spartan::grinding: close time.busy=40.0µs time.idle=120ns
2026-10-07T19:22:31.949844Z  INFO falcon_algebraic:prove:falcon_algebraic:bitz:falcon_bridge:wfbitz_forest:spartan:grinding{bits=14}: bitz::piop::spartan::grinding: close time.busy=17.6µs time.idle=120ns
2026-10-07T19:22:31.949860Z  INFO falcon_algebraic:prove:falcon_algebraic:bitz:falcon_bridge:wfbitz_forest:spartan:grinding{bits=14}: bitz::piop::spartan::grinding: close time.busy=12.9µs time.idle=110ns
2026-10-07T19:22:31.949885Z  INFO falcon_algebraic:prove:falcon_algebraic:bitz:falcon_bridge:wfbitz_forest:spartan:grinding{bits=14}: bitz::piop::spartan::grinding: close time.busy=23.0µs time.idle=110ns
2026-10-07T19:22:31.949902Z  INFO falcon_algebraic:prove:falcon_algebraic:bitz:falcon_bridge:wfbitz_forest:spartan:grinding{bits=14}: bitz::piop::spartan::grinding: close time.busy=14.1µs time.idle=111ns
2026-10-07T19:22:31.949926Z  INFO falcon_algebraic:prove:falcon_algebraic:bitz:falcon_bridge:wfbitz_forest:spartan:grinding{bits=14}: bitz::piop::spartan::grinding: close time.busy=21.8µs time.idle=120ns
2026-10-07T19:22:31.949979Z  INFO falcon_algebraic:prove:falcon_algebraic:bitz:falcon_bridge:wfbitz_forest:spartan:grinding{bits=14}: bitz::piop::spartan::grinding: close time.busy=50.5µs time.idle=110ns
2026-10-07T19:22:31.950108Z  INFO falcon_algebraic:prove:falcon_algebraic:bitz:falcon_bridge:wfbitz_forest:spartan:grinding{bits=14}: bitz::piop::spartan::grinding: close time.busy=126µs time.idle=110ns
2026-10-07T19:22:31.950171Z  INFO falcon_algebraic:prove:falcon_algebraic:bitz:falcon_bridge:wfbitz_forest:spartan:grinding{bits=14}: bitz::piop::spartan::grinding: close time.busy=59.9µs time.idle=111ns
2026-10-07T19:22:31.951098Z  INFO falcon_algebraic:prove:falcon_algebraic:bitz:falcon_bridge:wfbitz_forest:spartan:grinding{bits=14}: bitz::piop::spartan::grinding: close time.busy=9.66µs time.idle=140ns
2026-10-07T19:22:31.952232Z  INFO falcon_algebraic:prove:falcon_algebraic:bitz:falcon_bridge:wfbitz_forest:spartan:grinding{bits=14}: bitz::piop::spartan::grinding: close time.busy=121µs time.idle=130ns
2026-10-07T19:22:31.952662Z  INFO falcon_algebraic:prove:falcon_algebraic:bitz:falcon_bridge:wfbitz_forest:spartan:grinding{bits=14}: bitz::piop::spartan::grinding: close time.busy=59.6µs time.idle=140ns
2026-10-07T19:22:31.952911Z  INFO falcon_algebraic:prove:falcon_algebraic:bitz:falcon_bridge:wfbitz_forest:spartan:grinding{bits=14}: bitz::piop::spartan::grinding: close time.busy=67.5µs time.idle=121ns
2026-10-07T19:22:31.953103Z  INFO falcon_algebraic:prove:falcon_algebraic:bitz:falcon_bridge:wfbitz_forest:spartan:grinding{bits=14}: bitz::piop::spartan::grinding: close time.busy=98.7µs time.idle=122ns
2026-10-07T19:22:31.953166Z  INFO falcon_algebraic:prove:falcon_algebraic:bitz:falcon_bridge:wfbitz_forest:spartan:grinding{bits=14}: bitz::piop::spartan::grinding: close time.busy=12.5µs time.idle=120ns
2026-10-07T19:22:31.953265Z  INFO falcon_algebraic:prove:falcon_algebraic:bitz:falcon_bridge:wfbitz_forest:spartan:grinding{bits=14}: bitz::piop::spartan::grinding: close time.busy=70.9µs time.idle=120ns
2026-10-07T19:22:31.953323Z  INFO falcon_algebraic:prove:falcon_algebraic:bitz:falcon_bridge:wfbitz_forest:spartan:grinding{bits=14}: bitz::piop::spartan::grinding: close time.busy=45.1µs time.idle=110ns
2026-10-07T19:22:31.953359Z  INFO falcon_algebraic:prove:falcon_algebraic:bitz:falcon_bridge:wfbitz_forest:spartan:grinding{bits=14}: bitz::piop::spartan::grinding: close time.busy=7.35µs time.idle=120ns
2026-10-07T19:22:31.953380Z  INFO falcon_algebraic:prove:falcon_algebraic:bitz:falcon_bridge:wfbitz_forest:spartan:grinding{bits=14}: bitz::piop::spartan::grinding: close time.busy=12.2µs time.idle=120ns
2026-10-07T19:22:31.953486Z  INFO falcon_algebraic:prove:falcon_algebraic:bitz:falcon_bridge:wfbitz_forest:spartan:grinding{bits=14}: bitz::piop::spartan::grinding: close time.busy=101µs time.idle=110ns
2026-10-07T19:22:31.953507Z  INFO falcon_algebraic:prove:falcon_algebraic:bitz:falcon_bridge:wfbitz_forest:spartan:grinding{bits=14}: bitz::piop::spartan::grinding: close time.busy=16.5µs time.idle=110ns
2026-10-07T19:22:31.953737Z  INFO falcon_algebraic:prove:falcon_algebraic:bitz:falcon_bridge:wfbitz_forest:spartan:grinding{bits=14}: bitz::piop::spartan::grinding: close time.busy=227µs time.idle=110ns
2026-10-07T19:22:31.953803Z  INFO falcon_algebraic:prove:falcon_algebraic:bitz:falcon_bridge:wfbitz_forest:spartan:grinding{bits=14}: bitz::piop::spartan::grinding: close time.busy=62.8µs time.idle=110ns
2026-10-07T19:22:31.953816Z  INFO falcon_algebraic:prove:falcon_algebraic:bitz:falcon_bridge:wfbitz_forest:spartan:grinding{bits=14}: bitz::piop::spartan::grinding: close time.busy=9.55µs time.idle=110ns
2026-10-07T19:22:31.953822Z  INFO falcon_algebraic:prove:falcon_algebraic:bitz:falcon_bridge:wfbitz_forest:spartan:grinding{bits=14}: bitz::piop::spartan::grinding: close time.busy=3.91µs time.idle=120ns
2026-10-07T19:22:31.953925Z  INFO falcon_algebraic:prove:falcon_algebraic:bitz:falcon_bridge:wfbitz_forest:spartan:grinding{bits=14}: bitz::piop::spartan::grinding: close time.busy=99.5µs time.idle=121ns
2026-10-07T19:22:31.953976Z  INFO falcon_algebraic:prove:falcon_algebraic:bitz:falcon_bridge:wfbitz_forest:spartan:grinding{bits=14}: bitz::piop::spartan::grinding: close time.busy=48.6µs time.idle=110ns
2026-10-07T19:22:31.954029Z  INFO falcon_algebraic:prove:falcon_algebraic:bitz:falcon_bridge:wfbitz_forest:spartan:grinding{bits=14}: bitz::piop::spartan::grinding: close time.busy=49.5µs time.idle=110ns
2026-10-07T19:22:31.954082Z  INFO falcon_algebraic:prove:falcon_algebraic:bitz:falcon_bridge:wfbitz_forest:spartan:grinding{bits=14}: bitz::piop::spartan::grinding: close time.busy=50.1µs time.idle=110ns
2026-10-07T19:22:31.954144Z  INFO falcon_algebraic:prove:falcon_algebraic:bitz:falcon_bridge:wfbitz_forest:spartan:grinding{bits=14}: bitz::piop::spartan::grinding: close time.busy=59.8µs time.idle=110ns
2026-10-07T19:22:31.959704Z  INFO falcon_algebraic:prove:falcon_algebraic:bitz:falcon_bridge:wfbitz_forest:spartan:grinding{bits=14}: bitz::piop::spartan::grinding: close time.busy=6.46µs time.idle=131ns
2026-10-07T19:22:31.961609Z  INFO falcon_algebraic:prove:falcon_algebraic:bitz:falcon_bridge:wfbitz_forest:spartan:grinding{bits=14}: bitz::piop::spartan::grinding: close time.busy=27.6µs time.idle=130ns
2026-10-07T19:22:31.962306Z  INFO falcon_algebraic:prove:falcon_algebraic:bitz:falcon_bridge:wfbitz_forest:spartan:grinding{bits=14}: bitz::piop::spartan::grinding: close time.busy=4.82µs time.idle=120ns
2026-10-07T19:22:31.962659Z  INFO falcon_algebraic:prove:falcon_algebraic:bitz:falcon_bridge:wfbitz_forest:spartan:grinding{bits=14}: bitz::piop::spartan::grinding: close time.busy=13.5µs time.idle=140ns
2026-10-07T19:22:31.962842Z  INFO falcon_algebraic:prove:falcon_algebraic:bitz:falcon_bridge:wfbitz_forest:spartan:grinding{bits=14}: bitz::piop::spartan::grinding: close time.busy=10.2µs time.idle=120ns
2026-10-07T19:22:31.962951Z  INFO falcon_algebraic:prove:falcon_algebraic:bitz:falcon_bridge:wfbitz_forest:spartan:grinding{bits=14}: bitz::piop::spartan::grinding: close time.busy=17.6µs time.idle=121ns
2026-10-07T19:22:31.963184Z  INFO falcon_algebraic:prove:falcon_algebraic:bitz:falcon_bridge:wfbitz_forest:spartan:grinding{bits=14}: bitz::piop::spartan::grinding: close time.busy=183µs time.idle=120ns
2026-10-07T19:22:31.963222Z  INFO falcon_algebraic:prove:falcon_algebraic:bitz:falcon_bridge:wfbitz_forest:spartan:grinding{bits=14}: bitz::piop::spartan::grinding: close time.busy=9.43µs time.idle=120ns
2026-10-07T19:22:31.963329Z  INFO falcon_algebraic:prove:falcon_algebraic:bitz:falcon_bridge:wfbitz_forest:spartan:grinding{bits=14}: bitz::piop::spartan::grinding: close time.busy=93.8µs time.idle=120ns
2026-10-07T19:22:31.963381Z  INFO falcon_algebraic:prove:falcon_algebraic:bitz:falcon_bridge:wfbitz_forest:spartan:grinding{bits=14}: bitz::piop::spartan::grinding: close time.busy=22.8µs time.idle=110ns
2026-10-07T19:22:31.963531Z  INFO falcon_algebraic:prove:falcon_algebraic:bitz:falcon_bridge:wfbitz_forest:spartan:grinding{bits=14}: bitz::piop::spartan::grinding: close time.busy=141µs time.idle=110ns
2026-10-07T19:22:31.963556Z  INFO falcon_algebraic:prove:falcon_algebraic:bitz:falcon_bridge:wfbitz_forest:spartan:grinding{bits=14}: bitz::piop::spartan::grinding: close time.busy=19.6µs time.idle=110ns
2026-10-07T19:22:31.963578Z  INFO falcon_algebraic:prove:falcon_algebraic:bitz:falcon_bridge:wfbitz_forest:spartan:grinding{bits=14}: bitz::piop::spartan::grinding: close time.busy=17.3µs time.idle=110ns
2026-10-07T19:22:31.963678Z  INFO falcon_algebraic:prove:falcon_algebraic:bitz:falcon_bridge:wfbitz_forest:spartan:grinding{bits=14}: bitz::piop::spartan::grinding: close time.busy=97.2µs time.idle=110ns
2026-10-07T19:22:31.963694Z  INFO falcon_algebraic:prove:falcon_algebraic:bitz:falcon_bridge:wfbitz_forest:spartan:grinding{bits=14}: bitz::piop::spartan::grinding: close time.busy=12.8µs time.idle=120ns
2026-10-07T19:22:31.963791Z  INFO falcon_algebraic:prove:falcon_algebraic:bitz:falcon_bridge:wfbitz_forest:spartan:grinding{bits=14}: bitz::piop::spartan::grinding: close time.busy=93.8µs time.idle=110ns
2026-10-07T19:22:31.963887Z  INFO falcon_algebraic:prove:falcon_algebraic:bitz:falcon_bridge:wfbitz_forest:spartan:grinding{bits=14}: bitz::piop::spartan::grinding: close time.busy=93.8µs time.idle=110ns
2026-10-07T19:22:31.964007Z  INFO falcon_algebraic:prove:falcon_algebraic:bitz:falcon_bridge:wfbitz_forest:spartan:grinding{bits=14}: bitz::piop::spartan::grinding: close time.busy=115µs time.idle=110ns
2026-10-07T19:22:31.964046Z  INFO falcon_algebraic:prove:falcon_algebraic:bitz:falcon_bridge:wfbitz_forest:spartan:grinding{bits=14}: bitz::piop::spartan::grinding: close time.busy=37.0µs time.idle=110ns
2026-10-07T19:22:31.964116Z  INFO falcon_algebraic:prove:falcon_algebraic:bitz:falcon_bridge:wfbitz_forest:spartan:grinding{bits=14}: bitz::piop::spartan::grinding: close time.busy=66.2µs time.idle=110ns
2026-10-07T19:22:31.964130Z  INFO falcon_algebraic:prove:falcon_algebraic:bitz:falcon_bridge:wfbitz_forest:spartan:grinding{bits=14}: bitz::piop::spartan::grinding: close time.busy=11.8µs time.idle=120ns
2026-10-07T19:22:31.964286Z  INFO falcon_algebraic:prove:falcon_algebraic:bitz:falcon_bridge:wfbitz_forest:spartan:grinding{bits=14}: bitz::piop::spartan::grinding: close time.busy=152µs time.idle=110ns
2026-10-07T19:22:31.968439Z  INFO falcon_algebraic:prove:falcon_algebraic:bitz:falcon_bridge:wfbitz_forest:spartan:grinding{bits=14}: bitz::piop::spartan::grinding: close time.busy=59.3µs time.idle=121ns
2026-10-07T19:22:31.972133Z  INFO falcon_algebraic:prove:falcon_algebraic:bitz:falcon_bridge:wfbitz_forest:spartan:grinding{bits=14}: bitz::piop::spartan::grinding: close time.busy=46.3µs time.idle=200ns
2026-10-07T19:22:31.973662Z  INFO falcon_algebraic:prove:falcon_algebraic:bitz:falcon_bridge:wfbitz_forest:spartan:grinding{bits=14}: bitz::piop::spartan::grinding: close time.busy=23.8µs time.idle=120ns
2026-10-07T19:22:31.974400Z  INFO falcon_algebraic:prove:falcon_algebraic:bitz:falcon_bridge:wfbitz_forest:spartan:grinding{bits=14}: bitz::piop::spartan::grinding: close time.busy=23.5µs time.idle=141ns
2026-10-07T19:22:31.974752Z  INFO falcon_algebraic:prove:falcon_algebraic:bitz:falcon_bridge:wfbitz_forest:spartan:grinding{bits=14}: bitz::piop::spartan::grinding: close time.busy=8.30µs time.idle=120ns
2026-10-07T19:22:31.974970Z  INFO falcon_algebraic:prove:falcon_algebraic:bitz:falcon_bridge:wfbitz_forest:spartan:grinding{bits=14}: bitz::piop::spartan::grinding: close time.busy=44.3µs time.idle=130ns
2026-10-07T19:22:31.975163Z  INFO falcon_algebraic:prove:falcon_algebraic:bitz:falcon_bridge:wfbitz_forest:spartan:grinding{bits=14}: bitz::piop::spartan::grinding: close time.busy=99.4µs time.idle=121ns
2026-10-07T19:22:31.975242Z  INFO falcon_algebraic:prove:falcon_algebraic:bitz:falcon_bridge:wfbitz_forest:spartan:grinding{bits=14}: bitz::piop::spartan::grinding: close time.busy=30.5µs time.idle=120ns
2026-10-07T19:22:31.975284Z  INFO falcon_algebraic:prove:falcon_algebraic:bitz:falcon_bridge:wfbitz_forest:spartan:grinding{bits=14}: bitz::piop::spartan::grinding: close time.busy=13.5µs time.idle=121ns
2026-10-07T19:22:31.975325Z  INFO falcon_algebraic:prove:falcon_algebraic:bitz:falcon_bridge:wfbitz_forest:spartan:grinding{bits=14}: bitz::piop::spartan::grinding: close time.busy=27.5µs time.idle=120ns
2026-10-07T19:22:31.975359Z  INFO falcon_algebraic:prove:falcon_algebraic:bitz:falcon_bridge:wfbitz_forest:spartan:grinding{bits=14}: bitz::piop::spartan::grinding: close time.busy=4.82µs time.idle=120ns
2026-10-07T19:22:31.975412Z  INFO falcon_algebraic:prove:falcon_algebraic:bitz:falcon_bridge:wfbitz_forest:spartan:grinding{bits=14}: bitz::piop::spartan::grinding: close time.busy=44.4µs time.idle=121ns
2026-10-07T19:22:31.975424Z  INFO falcon_algebraic:prove:falcon_algebraic:bitz:falcon_bridge:wfbitz_forest:spartan:grinding{bits=14}: bitz::piop::spartan::grinding: close time.busy=6.28µs time.idle=110ns
2026-10-07T19:22:31.975532Z  INFO falcon_algebraic:prove:falcon_algebraic:bitz:falcon_bridge:wfbitz_forest:spartan:grinding{bits=14}: bitz::piop::spartan::grinding: close time.busy=104µs time.idle=111ns
2026-10-07T19:22:31.975601Z  INFO falcon_algebraic:prove:falcon_algebraic:bitz:falcon_bridge:wfbitz_forest:spartan:grinding{bits=14}: bitz::piop::spartan::grinding: close time.busy=65.7µs time.idle=110ns
2026-10-07T19:22:31.975661Z  INFO falcon_algebraic:prove:falcon_algebraic:bitz:falcon_bridge:wfbitz_forest:spartan:grinding{bits=14}: bitz::piop::spartan::grinding: close time.busy=54.5µs time.idle=110ns
2026-10-07T19:22:31.975728Z  INFO falcon_algebraic:prove:falcon_algebraic:bitz:falcon_bridge:wfbitz_forest:spartan:grinding{bits=14}: bitz::piop::spartan::grinding: close time.busy=64.0µs time.idle=120ns
2026-10-07T19:22:31.975795Z  INFO falcon_algebraic:prove:falcon_algebraic:bitz:falcon_bridge:wfbitz_forest:spartan:grinding{bits=14}: bitz::piop::spartan::grinding: close time.busy=63.7µs time.idle=120ns
2026-10-07T19:22:31.975837Z  INFO falcon_algebraic:prove:falcon_algebraic:bitz:falcon_bridge:wfbitz_forest:spartan:grinding{bits=14}: bitz::piop::spartan::grinding: close time.busy=39.3µs time.idle=120ns
2026-10-07T19:22:31.976139Z  INFO falcon_algebraic:prove:falcon_algebraic:bitz:falcon_bridge:wfbitz_forest:spartan:grinding{bits=14}: bitz::piop::spartan::grinding: close time.busy=300µs time.idle=251ns
2026-10-07T19:22:31.976155Z  INFO falcon_algebraic:prove:falcon_algebraic:bitz:falcon_bridge:wfbitz_forest:spartan:grinding{bits=14}: bitz::piop::spartan::grinding: close time.busy=13.6µs time.idle=110ns
2026-10-07T19:22:31.976203Z  INFO falcon_algebraic:prove:falcon_algebraic:bitz:falcon_bridge:wfbitz_forest:spartan:grinding{bits=14}: bitz::piop::spartan::grinding: close time.busy=45.3µs time.idle=111ns
2026-10-07T19:22:31.976251Z  INFO falcon_algebraic:prove:falcon_algebraic:bitz:falcon_bridge:wfbitz_forest:spartan:grinding{bits=14}: bitz::piop::spartan::grinding: close time.busy=44.9µs time.idle=112ns
2026-10-07T19:22:31.981587Z  INFO falcon_algebraic:prove:falcon_algebraic:bitz:falcon_bridge:wfbitz_forest:spartan:grinding{bits=14}: bitz::piop::spartan::grinding: close time.busy=31.3µs time.idle=120ns
2026-10-07T19:22:31.985964Z  INFO falcon_algebraic:prove:falcon_algebraic:bitz:falcon_bridge:wfbitz_forest:spartan:grinding{bits=14}: bitz::piop::spartan::grinding: close time.busy=23.7µs time.idle=130ns
2026-10-07T19:22:31.989600Z  INFO falcon_algebraic:prove:falcon_algebraic:bitz:falcon_bridge:wfbitz_forest:spartan:grinding{bits=14}: bitz::piop::spartan::grinding: close time.busy=70.7µs time.idle=130ns
2026-10-07T19:22:31.991178Z  INFO falcon_algebraic:prove:falcon_algebraic:bitz:falcon_bridge:wfbitz_forest:spartan:grinding{bits=14}: bitz::piop::spartan::grinding: close time.busy=62.5µs time.idle=120ns
2026-10-07T19:22:31.991949Z  INFO falcon_algebraic:prove:falcon_algebraic:bitz:falcon_bridge:wfbitz_forest:spartan:grinding{bits=14}: bitz::piop::spartan::grinding: close time.busy=62.8µs time.idle=140ns
2026-10-07T19:22:31.992401Z  INFO falcon_algebraic:prove:falcon_algebraic:bitz:falcon_bridge:wfbitz_forest:spartan:grinding{bits=14}: bitz::piop::spartan::grinding: close time.busy=109µs time.idle=120ns
2026-10-07T19:22:31.992672Z  INFO falcon_algebraic:prove:falcon_algebraic:bitz:falcon_bridge:wfbitz_forest:spartan:grinding{bits=14}: bitz::piop::spartan::grinding: close time.busy=97.0µs time.idle=130ns
2026-10-07T19:22:31.992895Z  INFO falcon_algebraic:prove:falcon_algebraic:bitz:falcon_bridge:wfbitz_forest:spartan:grinding{bits=14}: bitz::piop::spartan::grinding: close time.busy=132µs time.idle=120ns
2026-10-07T19:22:31.992949Z  INFO falcon_algebraic:prove:falcon_algebraic:bitz:falcon_bridge:wfbitz_forest:spartan:grinding{bits=14}: bitz::piop::spartan::grinding: close time.busy=4.79µs time.idle=120ns
2026-10-07T19:22:31.993172Z  INFO falcon_algebraic:prove:falcon_algebraic:bitz:falcon_bridge:wfbitz_forest:spartan:grinding{bits=14}: bitz::piop::spartan::grinding: close time.busy=194µs time.idle=120ns
2026-10-07T19:22:31.993242Z  INFO falcon_algebraic:prove:falcon_algebraic:bitz:falcon_bridge:wfbitz_forest:spartan:grinding{bits=14}: bitz::piop::spartan::grinding: close time.busy=56.3µs time.idle=121ns
2026-10-07T19:22:31.993326Z  INFO falcon_algebraic:prove:falcon_algebraic:bitz:falcon_bridge:wfbitz_forest:spartan:grinding{bits=14}: bitz::piop::spartan::grinding: close time.busy=54.6µs time.idle=110ns
2026-10-07T19:22:31.993365Z  INFO falcon_algebraic:prove:falcon_algebraic:bitz:falcon_bridge:wfbitz_forest:spartan:grinding{bits=14}: bitz::piop::spartan::grinding: close time.busy=28.0µs time.idle=110ns
2026-10-07T19:22:31.993486Z  INFO falcon_algebraic:prove:falcon_algebraic:bitz:falcon_bridge:wfbitz_forest:spartan:grinding{bits=14}: bitz::piop::spartan::grinding: close time.busy=115µs time.idle=121ns
2026-10-07T19:22:31.993534Z  INFO falcon_algebraic:prove:falcon_algebraic:bitz:falcon_bridge:wfbitz_forest:spartan:grinding{bits=14}: bitz::piop::spartan::grinding: close time.busy=43.5µs time.idle=110ns
2026-10-07T19:22:31.993548Z  INFO falcon_algebraic:prove:falcon_algebraic:bitz:falcon_bridge:wfbitz_forest:spartan:grinding{bits=14}: bitz::piop::spartan::grinding: close time.busy=10.5µs time.idle=110ns
2026-10-07T19:22:31.993607Z  INFO falcon_algebraic:prove:falcon_algebraic:bitz:falcon_bridge:wfbitz_forest:spartan:grinding{bits=14}: bitz::piop::spartan::grinding: close time.busy=56.4µs time.idle=120ns
2026-10-07T19:22:31.993621Z  INFO falcon_algebraic:prove:falcon_algebraic:bitz:falcon_bridge:wfbitz_forest:spartan:grinding{bits=14}: bitz::piop::spartan::grinding: close time.busy=10.8µs time.idle=120ns
2026-10-07T19:22:31.993718Z  INFO falcon_algebraic:prove:falcon_algebraic:bitz:falcon_bridge:wfbitz_forest:spartan:grinding{bits=14}: bitz::piop::spartan::grinding: close time.busy=93.9µs time.idle=110ns
2026-10-07T19:22:31.993736Z  INFO falcon_algebraic:prove:falcon_algebraic:bitz:falcon_bridge:wfbitz_forest:spartan:grinding{bits=14}: bitz::piop::spartan::grinding: close time.busy=15.6µs time.idle=110ns
2026-10-07T19:22:31.993755Z  INFO falcon_algebraic:prove:falcon_algebraic:bitz:falcon_bridge:wfbitz_forest:spartan:grinding{bits=14}: bitz::piop::spartan::grinding: close time.busy=16.1µs time.idle=120ns
2026-10-07T19:22:31.993891Z  INFO falcon_algebraic:prove:falcon_algebraic:bitz:falcon_bridge:wfbitz_forest:spartan:grinding{bits=14}: bitz::piop::spartan::grinding: close time.busy=132µs time.idle=120ns
2026-10-07T19:22:31.994081Z  INFO falcon_algebraic:prove:falcon_algebraic:bitz:falcon_bridge:wfbitz_forest:spartan:grinding{bits=14}: bitz::piop::spartan::grinding: close time.busy=188µs time.idle=110ns
2026-10-07T19:22:31.994097Z  INFO falcon_algebraic:prove:falcon_algebraic:bitz:falcon_bridge:wfbitz_forest:spartan:grinding{bits=14}: bitz::piop::spartan::grinding: close time.busy=12.8µs time.idle=110ns
2026-10-07T19:22:31.999870Z  INFO falcon_algebraic:prove:falcon_algebraic:bitz:falcon_bridge:wfbitz_forest:spartan:grinding{bits=14}: bitz::piop::spartan::grinding: close time.busy=8.20µs time.idle=191ns
2026-10-07T19:22:31.999967Z  INFO falcon_algebraic:prove:falcon_algebraic:bitz:falcon_bridge:wfbitz_forest:spartan:grinding{bits=14}: bitz::piop::spartan::grinding: close time.busy=92.0µs time.idle=110ns
2026-10-07T19:22:32.004316Z  INFO falcon_algebraic:prove:falcon_algebraic:bitz:falcon_bridge:wfbitz_forest:spartan:grinding{bits=14}: bitz::piop::spartan::grinding: close time.busy=55.6µs time.idle=110ns
2026-10-07T19:22:32.007907Z  INFO falcon_algebraic:prove:falcon_algebraic:bitz:falcon_bridge:wfbitz_forest:spartan:grinding{bits=14}: bitz::piop::spartan::grinding: close time.busy=19.2µs time.idle=250ns
2026-10-07T19:22:32.009497Z  INFO falcon_algebraic:prove:falcon_algebraic:bitz:falcon_bridge:wfbitz_forest:spartan:grinding{bits=14}: bitz::piop::spartan::grinding: close time.busy=58.5µs time.idle=190ns
2026-10-07T19:22:32.010270Z  INFO falcon_algebraic:prove:falcon_algebraic:bitz:falcon_bridge:wfbitz_forest:spartan:grinding{bits=14}: bitz::piop::spartan::grinding: close time.busy=72.0µs time.idle=140ns
2026-10-07T19:22:32.010683Z  INFO falcon_algebraic:prove:falcon_algebraic:bitz:falcon_bridge:wfbitz_forest:spartan:grinding{bits=14}: bitz::piop::spartan::grinding: close time.busy=70.7µs time.idle=130ns
2026-10-07T19:22:32.010919Z  INFO falcon_algebraic:prove:falcon_algebraic:bitz:falcon_bridge:wfbitz_forest:spartan:grinding{bits=14}: bitz::piop::spartan::grinding: close time.busy=60.9µs time.idle=130ns
2026-10-07T19:22:32.011018Z  INFO falcon_algebraic:prove:falcon_algebraic:bitz:falcon_bridge:wfbitz_forest:spartan:grinding{bits=14}: bitz::piop::spartan::grinding: close time.busy=6.51µs time.idle=120ns
2026-10-07T19:22:32.011112Z  INFO falcon_algebraic:prove:falcon_algebraic:bitz:falcon_bridge:wfbitz_forest:spartan:grinding{bits=14}: bitz::piop::spartan::grinding: close time.busy=42.1µs time.idle=130ns
2026-10-07T19:22:32.011167Z  INFO falcon_algebraic:prove:falcon_algebraic:bitz:falcon_bridge:wfbitz_forest:spartan:grinding{bits=14}: bitz::piop::spartan::grinding: close time.busy=25.8µs time.idle=130ns
2026-10-07T19:22:32.011369Z  INFO falcon_algebraic:prove:falcon_algebraic:bitz:falcon_bridge:wfbitz_forest:spartan:grinding{bits=14}: bitz::piop::spartan::grinding: close time.busy=188µs time.idle=120ns
2026-10-07T19:22:32.011447Z  INFO falcon_algebraic:prove:falcon_algebraic:bitz:falcon_bridge:wfbitz_forest:spartan:grinding{bits=14}: bitz::piop::spartan::grinding: close time.busy=48.0µs time.idle=121ns
2026-10-07T19:22:32.011518Z  INFO falcon_algebraic:prove:falcon_algebraic:bitz:falcon_bridge:wfbitz_forest:spartan:grinding{bits=14}: bitz::piop::spartan::grinding: close time.busy=62.5µs time.idle=120ns
2026-10-07T19:22:32.011610Z  INFO falcon_algebraic:prove:falcon_algebraic:bitz:falcon_bridge:wfbitz_forest:spartan:grinding{bits=14}: bitz::piop::spartan::grinding: close time.busy=86.5µs time.idle=110ns
2026-10-07T19:22:32.011625Z  INFO falcon_algebraic:prove:falcon_algebraic:bitz:falcon_bridge:wfbitz_forest:spartan:grinding{bits=14}: bitz::piop::spartan::grinding: close time.busy=11.1µs time.idle=120ns
2026-10-07T19:22:32.011809Z  INFO falcon_algebraic:prove:falcon_algebraic:bitz:falcon_bridge:wfbitz_forest:spartan:grinding{bits=14}: bitz::piop::spartan::grinding: close time.busy=181µs time.idle=120ns
2026-10-07T19:22:32.012108Z  INFO falcon_algebraic:prove:falcon_algebraic:bitz:falcon_bridge:wfbitz_forest:spartan:grinding{bits=14}: bitz::piop::spartan::grinding: close time.busy=296µs time.idle=110ns
2026-10-07T19:22:32.012163Z  INFO falcon_algebraic:prove:falcon_algebraic:bitz:falcon_bridge:wfbitz_forest:spartan:grinding{bits=14}: bitz::piop::spartan::grinding: close time.busy=51.5µs time.idle=120ns
2026-10-07T19:22:32.012272Z  INFO falcon_algebraic:prove:falcon_algebraic:bitz:falcon_bridge:wfbitz_forest:spartan:grinding{bits=14}: bitz::piop::spartan::grinding: close time.busy=106µs time.idle=120ns
2026-10-07T19:22:32.012309Z  INFO falcon_algebraic:prove:falcon_algebraic:bitz:falcon_bridge:wfbitz_forest:spartan:grinding{bits=14}: bitz::piop::spartan::grinding: close time.busy=33.9µs time.idle=120ns
2026-10-07T19:22:32.012391Z  INFO falcon_algebraic:prove:falcon_algebraic:bitz:falcon_bridge:wfbitz_forest:spartan:grinding{bits=14}: bitz::piop::spartan::grinding: close time.busy=79.8µs time.idle=110ns
2026-10-07T19:22:32.012499Z  INFO falcon_algebraic:prove:falcon_algebraic:bitz:falcon_bridge:wfbitz_forest:spartan:grinding{bits=14}: bitz::piop::spartan::grinding: close time.busy=105µs time.idle=180ns
2026-10-07T19:22:32.012552Z  INFO falcon_algebraic:prove:falcon_algebraic:bitz:falcon_bridge:wfbitz_forest:spartan:grinding{bits=14}: bitz::piop::spartan::grinding: close time.busy=50.6µs time.idle=110ns
2026-10-07T19:22:32.012595Z  INFO falcon_algebraic:prove:falcon_algebraic:bitz:falcon_bridge:wfbitz_forest:spartan:grinding{bits=14}: bitz::piop::spartan::grinding: close time.busy=39.7µs time.idle=110ns
2026-10-07T19:22:32.017964Z  INFO falcon_algebraic:prove:falcon_algebraic:bitz:falcon_bridge:wfbitz_forest:spartan:grinding{bits=14}: bitz::piop::spartan::grinding: close time.busy=32.6µs time.idle=120ns
2026-10-07T19:22:32.018041Z  INFO falcon_algebraic:prove:falcon_algebraic:bitz:falcon_bridge:wfbitz_forest:spartan:grinding{bits=14}: bitz::piop::spartan::grinding: close time.busy=73.8µs time.idle=110ns
2026-10-07T19:22:32.018068Z  INFO falcon_algebraic:prove:falcon_algebraic:bitz:falcon_bridge:wfbitz_forest:spartan:grinding{bits=14}: bitz::piop::spartan::grinding: close time.busy=23.4µs time.idle=120ns
2026-10-07T19:22:32.022501Z  INFO falcon_algebraic:prove:falcon_algebraic:bitz:falcon_bridge:wfbitz_forest:spartan:grinding{bits=14}: bitz::piop::spartan::grinding: close time.busy=36.9µs time.idle=130ns
2026-10-07T19:22:32.026064Z  INFO falcon_algebraic:prove:falcon_algebraic:bitz:falcon_bridge:wfbitz_forest:spartan:grinding{bits=14}: bitz::piop::spartan::grinding: close time.busy=8.47µs time.idle=431ns
2026-10-07T19:22:32.027608Z  INFO falcon_algebraic:prove:falcon_algebraic:bitz:falcon_bridge:wfbitz_forest:spartan:grinding{bits=14}: bitz::piop::spartan::grinding: close time.busy=35.9µs time.idle=180ns
2026-10-07T19:22:32.028397Z  INFO falcon_algebraic:prove:falcon_algebraic:bitz:falcon_bridge:wfbitz_forest:spartan:grinding{bits=14}: bitz::piop::spartan::grinding: close time.busy=76.3µs time.idle=130ns
2026-10-07T19:22:32.028760Z  INFO falcon_algebraic:prove:falcon_algebraic:bitz:falcon_bridge:wfbitz_forest:spartan:grinding{bits=14}: bitz::piop::spartan::grinding: close time.busy=19.7µs time.idle=140ns
2026-10-07T19:22:32.028962Z  INFO falcon_algebraic:prove:falcon_algebraic:bitz:falcon_bridge:wfbitz_forest:spartan:grinding{bits=14}: bitz::piop::spartan::grinding: close time.busy=28.4µs time.idle=120ns
2026-10-07T19:22:32.029170Z  INFO falcon_algebraic:prove:falcon_algebraic:bitz:falcon_bridge:wfbitz_forest:spartan:grinding{bits=14}: bitz::piop::spartan::grinding: close time.busy=114µs time.idle=120ns
2026-10-07T19:22:32.029282Z  INFO falcon_algebraic:prove:falcon_algebraic:bitz:falcon_bridge:wfbitz_forest:spartan:grinding{bits=14}: bitz::piop::spartan::grinding: close time.busy=63.4µs time.idle=130ns
2026-10-07T19:22:32.029326Z  INFO falcon_algebraic:prove:falcon_algebraic:bitz:falcon_bridge:wfbitz_forest:spartan:grinding{bits=14}: bitz::piop::spartan::grinding: close time.busy=14.9µs time.idle=141ns
2026-10-07T19:22:32.029378Z  INFO falcon_algebraic:prove:falcon_algebraic:bitz:falcon_bridge:wfbitz_forest:spartan:grinding{bits=14}: bitz::piop::spartan::grinding: close time.busy=38.5µs time.idle=130ns
2026-10-07T19:22:32.029420Z  INFO falcon_algebraic:prove:falcon_algebraic:bitz:falcon_bridge:wfbitz_forest:spartan:grinding{bits=14}: bitz::piop::spartan::grinding: close time.busy=12.8µs time.idle=120ns
2026-10-07T19:22:32.029452Z  INFO falcon_algebraic:prove:falcon_algebraic:bitz:falcon_bridge:wfbitz_forest:spartan:grinding{bits=14}: bitz::piop::spartan::grinding: close time.busy=22.9µs time.idle=111ns
2026-10-07T19:22:32.029481Z  INFO falcon_algebraic:prove:falcon_algebraic:bitz:falcon_bridge:wfbitz_forest:spartan:grinding{bits=14}: bitz::piop::spartan::grinding: close time.busy=23.0µs time.idle=121ns
2026-10-07T19:22:32.029497Z  INFO falcon_algebraic:prove:falcon_algebraic:bitz:falcon_bridge:wfbitz_forest:spartan:grinding{bits=14}: bitz::piop::spartan::grinding: close time.busy=11.9µs time.idle=110ns
2026-10-07T19:22:32.029516Z  INFO falcon_algebraic:prove:falcon_algebraic:bitz:falcon_bridge:wfbitz_forest:spartan:grinding{bits=14}: bitz::piop::spartan::grinding: close time.busy=15.7µs time.idle=130ns
2026-10-07T19:22:32.029532Z  INFO falcon_algebraic:prove:falcon_algebraic:bitz:falcon_bridge:wfbitz_forest:spartan:grinding{bits=14}: bitz::piop::spartan::grinding: close time.busy=12.4µs time.idle=110ns
2026-10-07T19:22:32.029549Z  INFO falcon_algebraic:prove:falcon_algebraic:bitz:falcon_bridge:wfbitz_forest:spartan:grinding{bits=14}: bitz::piop::spartan::grinding: close time.busy=14.7µs time.idle=120ns
2026-10-07T19:22:32.029599Z  INFO falcon_algebraic:prove:falcon_algebraic:bitz:falcon_bridge:wfbitz_forest:spartan:grinding{bits=14}: bitz::piop::spartan::grinding: close time.busy=47.0µs time.idle=132ns
2026-10-07T19:22:32.029615Z  INFO falcon_algebraic:prove:falcon_algebraic:bitz:falcon_bridge:wfbitz_forest:spartan:grinding{bits=14}: bitz::piop::spartan::grinding: close time.busy=12.7µs time.idle=120ns
2026-10-07T19:22:32.029666Z  INFO falcon_algebraic:prove:falcon_algebraic:bitz:falcon_bridge:wfbitz_forest:spartan:grinding{bits=14}: bitz::piop::spartan::grinding: close time.busy=47.6µs time.idle=120ns
2026-10-07T19:22:32.029796Z  INFO falcon_algebraic:prove:falcon_algebraic:bitz:falcon_bridge:wfbitz_forest:spartan:grinding{bits=14}: bitz::piop::spartan::grinding: close time.busy=126µs time.idle=120ns
2026-10-07T19:22:32.029805Z  INFO falcon_algebraic:prove:falcon_algebraic:bitz:falcon_bridge:wfbitz_forest:spartan:grinding{bits=14}: bitz::piop::spartan::grinding: close time.busy=6.75µs time.idle=130ns
2026-10-07T19:22:32.029910Z  INFO falcon_algebraic:prove:falcon_algebraic:bitz:falcon_bridge:wfbitz_forest:spartan:grinding{bits=14}: bitz::piop::spartan::grinding: close time.busy=102µs time.idle=130ns
2026-10-07T19:22:32.031603Z  INFO falcon_algebraic:prove:falcon_algebraic:bitz:falcon_bridge:wfbitz_forest: bitz::hybrid::integer_bridge: close time.busy=109ms time.idle=130ns
2026-10-07T19:22:32.031674Z  INFO falcon_algebraic:prove:falcon_algebraic:bitz: bitz::piop::spartan::falcon1024_algebraic::protocol: close time.busy=117ms time.idle=120ns
2026-10-07T19:22:32.038716Z  INFO falcon_algebraic:prove:falcon_joint:packed_setup: bitz::hybrid::joint_sumcheck: close time.busy=7.04ms time.idle=190ns
2026-10-07T19:22:32.038769Z  INFO falcon_algebraic:prove:spartan:round_grinding_prove:spartan:grinding{bits=10}: bitz::piop::spartan::grinding: close time.busy=752ns time.idle=140ns
2026-10-07T19:22:32.038771Z  INFO falcon_algebraic:prove:spartan:round_grinding_prove: bitz::sumcheck::boundary: close time.busy=3.71µs time.idle=160ns
2026-10-07T19:22:32.038836Z  INFO falcon_algebraic:prove:spartan:round_grinding_prove:spartan:grinding{bits=10}: bitz::piop::spartan::grinding: close time.busy=7.27µs time.idle=180ns
2026-10-07T19:22:32.038838Z  INFO falcon_algebraic:prove:spartan:round_grinding_prove: bitz::sumcheck::boundary: close time.busy=9.48µs time.idle=130ns
2026-10-07T19:22:32.038893Z  INFO falcon_algebraic:prove:spartan:round_grinding_prove:spartan:grinding{bits=10}: bitz::piop::spartan::grinding: close time.busy=1.78µs time.idle=120ns
2026-10-07T19:22:32.038894Z  INFO falcon_algebraic:prove:spartan:round_grinding_prove: bitz::sumcheck::boundary: close time.busy=3.91µs time.idle=110ns
2026-10-07T19:22:32.038946Z  INFO falcon_algebraic:prove:spartan:round_grinding_prove:spartan:grinding{bits=10}: bitz::piop::spartan::grinding: close time.busy=1.50µs time.idle=120ns
2026-10-07T19:22:32.038948Z  INFO falcon_algebraic:prove:spartan:round_grinding_prove: bitz::sumcheck::boundary: close time.busy=3.85µs time.idle=110ns
2026-10-07T19:22:32.039003Z  INFO falcon_algebraic:prove:spartan:round_grinding_prove:spartan:grinding{bits=10}: bitz::piop::spartan::grinding: close time.busy=5.68µs time.idle=111ns
2026-10-07T19:22:32.039005Z  INFO falcon_algebraic:prove:spartan:round_grinding_prove: bitz::sumcheck::boundary: close time.busy=8.03µs time.idle=120ns
2026-10-07T19:22:32.039056Z  INFO falcon_algebraic:prove:spartan:round_grinding_prove:spartan:grinding{bits=10}: bitz::piop::spartan::grinding: close time.busy=120ns time.idle=120ns
2026-10-07T19:22:32.039058Z  INFO falcon_algebraic:prove:spartan:round_grinding_prove: bitz::sumcheck::boundary: close time.busy=2.35µs time.idle=130ns
2026-10-07T19:22:32.039111Z  INFO falcon_algebraic:prove:spartan:round_grinding_prove:spartan:grinding{bits=10}: bitz::piop::spartan::grinding: close time.busy=4.63µs time.idle=110ns
2026-10-07T19:22:32.039113Z  INFO falcon_algebraic:prove:spartan:round_grinding_prove: bitz::sumcheck::boundary: close time.busy=6.73µs time.idle=121ns
2026-10-07T19:22:32.042058Z  INFO falcon_algebraic:prove:falcon_joint:prepare: bitz::hybrid::joint_sumcheck: close time.busy=2.94ms time.idle=140ns
2026-10-07T19:22:32.042063Z  INFO falcon_algebraic:prove:spartan:round_grinding_prove:spartan:grinding{bits=10}: bitz::piop::spartan::grinding: close time.busy=1.23µs time.idle=120ns
2026-10-07T19:22:32.042064Z  INFO falcon_algebraic:prove:spartan:round_grinding_prove: bitz::sumcheck::boundary: close time.busy=3.89µs time.idle=180ns
2026-10-07T19:22:32.042910Z  INFO falcon_algebraic:prove:falcon_joint:compact: bitz::hybrid::joint_sumcheck: close time.busy=843µs time.idle=130ns
2026-10-07T19:22:32.042915Z  INFO falcon_algebraic:prove:spartan:round_grinding_prove:spartan:grinding{bits=10}: bitz::piop::spartan::grinding: close time.busy=1.45µs time.idle=110ns
2026-10-07T19:22:32.042916Z  INFO falcon_algebraic:prove:spartan:round_grinding_prove: bitz::sumcheck::boundary: close time.busy=4.00µs time.idle=150ns
2026-10-07T19:22:32.043287Z  INFO falcon_algebraic:prove:falcon_joint:compact: bitz::hybrid::joint_sumcheck: close time.busy=369µs time.idle=110ns
2026-10-07T19:22:32.043292Z  INFO falcon_algebraic:prove:spartan:round_grinding_prove:spartan:grinding{bits=10}: bitz::piop::spartan::grinding: close time.busy=2.14µs time.idle=180ns
2026-10-07T19:22:32.043293Z  INFO falcon_algebraic:prove:spartan:round_grinding_prove: bitz::sumcheck::boundary: close time.busy=4.56µs time.idle=110ns
2026-10-07T19:22:32.043484Z  INFO falcon_algebraic:prove:falcon_joint:compact: bitz::hybrid::joint_sumcheck: close time.busy=190µs time.idle=120ns
2026-10-07T19:22:32.043493Z  INFO falcon_algebraic:prove:spartan:round_grinding_prove:spartan:grinding{bits=10}: bitz::piop::spartan::grinding: close time.busy=5.47µs time.idle=121ns
2026-10-07T19:22:32.043494Z  INFO falcon_algebraic:prove:spartan:round_grinding_prove: bitz::sumcheck::boundary: close time.busy=7.75µs time.idle=110ns
2026-10-07T19:22:32.043645Z  INFO falcon_algebraic:prove:falcon_joint:compact: bitz::hybrid::joint_sumcheck: close time.busy=149µs time.idle=120ns
2026-10-07T19:22:32.043651Z  INFO falcon_algebraic:prove:spartan:round_grinding_prove:spartan:grinding{bits=10}: bitz::piop::spartan::grinding: close time.busy=4.01µs time.idle=110ns
2026-10-07T19:22:32.043653Z  INFO falcon_algebraic:prove:spartan:round_grinding_prove: bitz::sumcheck::boundary: close time.busy=6.21µs time.idle=110ns
2026-10-07T19:22:32.043683Z  INFO falcon_algebraic:prove:falcon_joint:dense: bitz::hybrid::joint_sumcheck: close time.busy=28.7µs time.idle=120ns
2026-10-07T19:22:32.043689Z  INFO falcon_algebraic:prove:spartan:round_grinding_prove:spartan:grinding{bits=10}: bitz::piop::spartan::grinding: close time.busy=2.60µs time.idle=120ns
2026-10-07T19:22:32.043690Z  INFO falcon_algebraic:prove:spartan:round_grinding_prove: bitz::sumcheck::boundary: close time.busy=5.02µs time.idle=121ns
2026-10-07T19:22:32.043707Z  INFO falcon_algebraic:prove:falcon_joint:dense: bitz::hybrid::joint_sumcheck: close time.busy=15.7µs time.idle=110ns
2026-10-07T19:22:32.043722Z  INFO falcon_algebraic:prove:spartan:round_grinding_prove:spartan:grinding{bits=10}: bitz::piop::spartan::grinding: close time.busy=12.0µs time.idle=110ns
2026-10-07T19:22:32.043723Z  INFO falcon_algebraic:prove:spartan:round_grinding_prove: bitz::sumcheck::boundary: close time.busy=14.3µs time.idle=121ns
2026-10-07T19:22:32.043735Z  INFO falcon_algebraic:prove:falcon_joint:dense: bitz::hybrid::joint_sumcheck: close time.busy=9.88µs time.idle=111ns
2026-10-07T19:22:32.043739Z  INFO falcon_algebraic:prove:spartan:round_grinding_prove:spartan:grinding{bits=10}: bitz::piop::spartan::grinding: close time.busy=1.48µs time.idle=121ns
2026-10-07T19:22:32.043740Z  INFO falcon_algebraic:prove:spartan:round_grinding_prove: bitz::sumcheck::boundary: close time.busy=3.69µs time.idle=120ns
2026-10-07T19:22:32.043748Z  INFO falcon_algebraic:prove:falcon_joint:dense: bitz::hybrid::joint_sumcheck: close time.busy=6.45µs time.idle=120ns
2026-10-07T19:22:32.043751Z  INFO falcon_algebraic:prove:spartan:round_grinding_prove:spartan:grinding{bits=10}: bitz::piop::spartan::grinding: close time.busy=511ns time.idle=110ns
2026-10-07T19:22:32.043752Z  INFO falcon_algebraic:prove:spartan:round_grinding_prove: bitz::sumcheck::boundary: close time.busy=2.75µs time.idle=111ns
2026-10-07T19:22:32.043755Z  INFO falcon_algebraic:prove:falcon_joint:dense: bitz::hybrid::joint_sumcheck: close time.busy=1.34µs time.idle=130ns
2026-10-07T19:22:32.043757Z  INFO falcon_algebraic:prove:spartan:round_grinding_prove:spartan:grinding{bits=10}: bitz::piop::spartan::grinding: close time.busy=180ns time.idle=110ns
2026-10-07T19:22:32.043759Z  INFO falcon_algebraic:prove:spartan:round_grinding_prove: bitz::sumcheck::boundary: close time.busy=3.42µs time.idle=110ns
2026-10-07T19:22:32.043762Z  INFO falcon_algebraic:prove:falcon_joint:dense: bitz::hybrid::joint_sumcheck: close time.busy=731ns time.idle=111ns
2026-10-07T19:22:32.043778Z  INFO falcon_algebraic:prove:spartan:round_grinding_prove:spartan:grinding{bits=10}: bitz::piop::spartan::grinding: close time.busy=13.9µs time.idle=110ns
2026-10-07T19:22:32.043779Z  INFO falcon_algebraic:prove:spartan:round_grinding_prove: bitz::sumcheck::boundary: close time.busy=15.8µs time.idle=90.0ns
2026-10-07T19:22:32.043781Z  INFO falcon_algebraic:prove:falcon_joint:dense: bitz::hybrid::joint_sumcheck: close time.busy=401ns time.idle=110ns
2026-10-07T19:22:32.043787Z  INFO falcon_algebraic:prove:spartan:round_grinding_prove:spartan:grinding{bits=10}: bitz::piop::spartan::grinding: close time.busy=4.73µs time.idle=100ns
2026-10-07T19:22:32.043788Z  INFO falcon_algebraic:prove:spartan:round_grinding_prove: bitz::sumcheck::boundary: close time.busy=6.68µs time.idle=100ns
2026-10-07T19:22:32.043790Z  INFO falcon_algebraic:prove:falcon_joint:dense: bitz::hybrid::joint_sumcheck: close time.busy=241ns time.idle=120ns
2026-10-07T19:22:32.043794Z  INFO falcon_algebraic:prove:spartan:round_grinding_prove:spartan:grinding{bits=10}: bitz::piop::spartan::grinding: close time.busy=1.53µs time.idle=120ns
2026-10-07T19:22:32.043795Z  INFO falcon_algebraic:prove:spartan:round_grinding_prove: bitz::sumcheck::boundary: close time.busy=3.52µs time.idle=90.0ns
2026-10-07T19:22:32.043796Z  INFO falcon_algebraic:prove:falcon_joint:dense: bitz::hybrid::joint_sumcheck: close time.busy=160ns time.idle=110ns
2026-10-07T19:22:32.043804Z  INFO falcon_algebraic:prove:spartan:round_grinding_prove:spartan:grinding{bits=10}: bitz::piop::spartan::grinding: close time.busy=5.55µs time.idle=111ns
2026-10-07T19:22:32.043805Z  INFO falcon_algebraic:prove:spartan:round_grinding_prove: bitz::sumcheck::boundary: close time.busy=7.50µs time.idle=110ns
2026-10-07T19:22:32.043807Z  INFO falcon_algebraic:prove:falcon_joint:dense: bitz::hybrid::joint_sumcheck: close time.busy=120ns time.idle=100ns
2026-10-07T19:22:32.043811Z  INFO falcon_algebraic:prove:spartan:round_grinding_prove:spartan:grinding{bits=10}: bitz::piop::spartan::grinding: close time.busy=1.92µs time.idle=110ns
2026-10-07T19:22:32.043812Z  INFO falcon_algebraic:prove:spartan:round_grinding_prove: bitz::sumcheck::boundary: close time.busy=3.93µs time.idle=110ns
2026-10-07T19:22:32.043814Z  INFO falcon_algebraic:prove:falcon_joint:dense: bitz::hybrid::joint_sumcheck: close time.busy=90.0ns time.idle=101ns
2026-10-07T19:22:32.043816Z  INFO falcon_algebraic:prove:spartan:round_grinding_prove:spartan:grinding{bits=10}: bitz::piop::spartan::grinding: close time.busy=671ns time.idle=120ns
2026-10-07T19:22:32.043818Z  INFO falcon_algebraic:prove:spartan:round_grinding_prove: bitz::sumcheck::boundary: close time.busy=2.92µs time.idle=120ns
2026-10-07T19:22:32.043819Z  INFO falcon_algebraic:prove:falcon_joint:dense: bitz::hybrid::joint_sumcheck: close time.busy=100ns time.idle=111ns
2026-10-07T19:22:32.043822Z  INFO falcon_algebraic:prove:spartan:round_grinding_prove:spartan:grinding{bits=10}: bitz::piop::spartan::grinding: close time.busy=501ns time.idle=100ns
2026-10-07T19:22:32.043823Z  INFO falcon_algebraic:prove:spartan:round_grinding_prove: bitz::sumcheck::boundary: close time.busy=2.54µs time.idle=120ns
2026-10-07T19:22:32.043825Z  INFO falcon_algebraic:prove:falcon_joint:dense: bitz::hybrid::joint_sumcheck: close time.busy=180ns time.idle=121ns
2026-10-07T19:22:32.043829Z  INFO falcon_algebraic:prove:spartan:round_grinding_prove:spartan:grinding{bits=10}: bitz::piop::spartan::grinding: close time.busy=1.59µs time.idle=120ns
2026-10-07T19:22:32.043830Z  INFO falcon_algebraic:prove:spartan:round_grinding_prove: bitz::sumcheck::boundary: close time.busy=3.62µs time.idle=90.0ns
2026-10-07T19:22:32.043832Z  INFO falcon_algebraic:prove:falcon_joint:dense: bitz::hybrid::joint_sumcheck: close time.busy=81.0ns time.idle=110ns
2026-10-07T19:22:32.043836Z  INFO falcon_algebraic:prove:spartan:round_grinding_prove:spartan:grinding{bits=10}: bitz::piop::spartan::grinding: close time.busy=2.20µs time.idle=110ns
2026-10-07T19:22:32.043837Z  INFO falcon_algebraic:prove:spartan:round_grinding_prove: bitz::sumcheck::boundary: close time.busy=4.24µs time.idle=100ns
2026-10-07T19:22:32.043839Z  INFO falcon_algebraic:prove:falcon_joint:dense: bitz::hybrid::joint_sumcheck: close time.busy=70.0ns time.idle=110ns
2026-10-07T19:22:32.050615Z  INFO falcon_algebraic:prove:falcon_algebraic:pcs:op:ring_switch:spartan:grinding{bits=12}: bitz::piop::spartan::grinding: close time.busy=5.53µs time.idle=161ns
2026-10-07T19:22:32.050629Z  INFO falcon_algebraic:prove:falcon_algebraic:pcs:op:ring_switch: bitz::hybrid::opening: close time.busy=6.79ms time.idle=140ns
2026-10-07T19:22:32.050638Z  INFO falcon_algebraic:prove:falcon_algebraic:pcs:op:extra_bases:spartan:grinding{bits=12}: bitz::piop::spartan::grinding: close time.busy=5.82µs time.idle=121ns
2026-10-07T19:22:32.057987Z  INFO falcon_algebraic:prove:falcon_algebraic:pcs:op:extra_bases:op:initial_messages: bitz::hybrid::opening::streamed: close time.busy=7.34ms time.idle=130ns
2026-10-07T19:22:32.057989Z  INFO falcon_algebraic:prove:falcon_algebraic:pcs:op:extra_bases: bitz::hybrid::opening: close time.busy=7.36ms time.idle=121ns
2026-10-07T19:22:32.058012Z  INFO falcon_algebraic:prove:falcon_algebraic:pcs:op:ligerito:lig:grind_pow{bits=21}:spartan:grinding{bits=12}: bitz::piop::spartan::grinding: close time.busy=16.1µs time.idle=151ns
2026-10-07T19:22:32.067568Z  INFO falcon_algebraic:prove:falcon_algebraic:pcs:op:ligerito:lig:grind_pow{bits=21 seed_lo=7782896377262837913 seed_hi=1232093470783840703 nonce=2591156}: bitz::ligerito_flock: close time.busy=9.57ms time.idle=120ns
2026-10-07T19:22:32.067583Z  INFO falcon_algebraic:prove:falcon_algebraic:pcs:op:ligerito:spartan:grinding{bits=12}: bitz::piop::spartan::grinding: close time.busy=12.3µs time.idle=110ns
2026-10-07T19:22:32.067613Z  INFO falcon_algebraic:prove:falcon_algebraic:pcs:op:ligerito:lig:grind_pow{bits=21}:spartan:grinding{bits=12}: bitz::piop::spartan::grinding: close time.busy=26.1µs time.idle=210ns
2026-10-07T19:22:32.080972Z  INFO falcon_algebraic:prove:falcon_algebraic:pcs:op:ligerito:lig:grind_pow{bits=21 seed_lo=1390348858993539341 seed_hi=18039902113888531502 nonce=3612296}: bitz::ligerito_flock: close time.busy=13.4ms time.idle=110ns
2026-10-07T19:22:32.080981Z  INFO falcon_algebraic:prove:falcon_algebraic:pcs:op:ligerito:spartan:grinding{bits=12}: bitz::piop::spartan::grinding: close time.busy=6.69µs time.idle=130ns
2026-10-07T19:22:32.083473Z  INFO falcon_algebraic:prove:falcon_algebraic:pcs:op:ligerito:op:deferred_first_fold: bitz::hybrid::opening::streamed: close time.busy=2.49ms time.idle=140ns
2026-10-07T19:22:32.083516Z  INFO falcon_algebraic:prove:falcon_algebraic:pcs:op:ligerito:lig:grind_pow{bits=21}:spartan:grinding{bits=12}: bitz::piop::spartan::grinding: close time.busy=39.2µs time.idle=121ns
2026-10-07T19:22:32.089313Z  INFO falcon_algebraic:prove:falcon_algebraic:pcs:op:ligerito:lig:grind_pow{bits=21 seed_lo=9203999042705538316 seed_hi=6106100288884595305 nonce=1572428}: bitz::ligerito_flock: close time.busy=5.84ms time.idle=121ns
2026-10-07T19:22:32.089356Z  INFO falcon_algebraic:prove:falcon_algebraic:pcs:op:ligerito:spartan:grinding{bits=12}: bitz::piop::spartan::grinding: close time.busy=40.7µs time.idle=110ns
2026-10-07T19:22:32.089368Z  INFO falcon_algebraic:prove:falcon_algebraic:pcs:op:ligerito:lig:grind_pow{bits=21}:spartan:grinding{bits=12}: bitz::piop::spartan::grinding: close time.busy=8.91µs time.idle=110ns
2026-10-07T19:22:32.089540Z  INFO falcon_algebraic:prove:falcon_algebraic:pcs:op:ligerito:lig:grind_pow{bits=21 seed_lo=1906399967468975050 seed_hi=13214599113373558849 nonce=44935}: bitz::ligerito_flock: close time.busy=182µs time.idle=111ns
2026-10-07T19:22:32.089549Z  INFO falcon_algebraic:prove:falcon_algebraic:pcs:op:ligerito:spartan:grinding{bits=12}: bitz::piop::spartan::grinding: close time.busy=5.78µs time.idle=110ns
2026-10-07T19:22:32.091667Z  INFO falcon_algebraic:prove:falcon_algebraic:pcs:op:ligerito:lig:grind_pow{bits=11}:spartan:grinding{bits=12}: bitz::piop::spartan::grinding: close time.busy=29.4µs time.idle=130ns
2026-10-07T19:22:32.091674Z  INFO falcon_algebraic:prove:falcon_algebraic:pcs:op:ligerito:lig:grind_pow{bits=11 seed_lo=11863142424663252964 seed_hi=7608612209176024363 nonce=727}: bitz::ligerito_flock: close time.busy=37.6µs time.idle=120ns
2026-10-07T19:22:32.091687Z  INFO falcon_algebraic:prove:falcon_algebraic:pcs:op:ligerito:spartan:grinding{bits=12}: bitz::piop::spartan::grinding: close time.busy=10.2µs time.idle=120ns
2026-10-07T19:22:32.093400Z  INFO falcon_algebraic:prove:falcon_algebraic:pcs:op:ligerito:lig:grind_pow{bits=7}:spartan:grinding{bits=12}: bitz::piop::spartan::grinding: close time.busy=40.6µs time.idle=110ns
2026-10-07T19:22:32.093404Z  INFO falcon_algebraic:prove:falcon_algebraic:pcs:op:ligerito:lig:grind_pow{bits=7 seed_lo=14200920854988846897 seed_hi=9727129184971576708 nonce=50}: bitz::ligerito_flock: close time.busy=45.8µs time.idle=140ns
2026-10-07T19:22:32.093429Z  INFO falcon_algebraic:prove:falcon_algebraic:pcs:op:ligerito:spartan:grinding{bits=12}: bitz::piop::spartan::grinding: close time.busy=23.4µs time.idle=121ns
2026-10-07T19:22:32.093504Z  INFO falcon_algebraic:prove:falcon_algebraic:pcs:op:ligerito:lig:grind_pow{bits=20}:spartan:grinding{bits=12}: bitz::piop::spartan::grinding: close time.busy=4.16µs time.idle=271ns
2026-10-07T19:22:32.098070Z  INFO falcon_algebraic:prove:falcon_algebraic:pcs:op:ligerito:lig:grind_pow{bits=20 seed_lo=13153016097095406132 seed_hi=11333111590694357526 nonce=1232148}: bitz::ligerito_flock: close time.busy=4.57ms time.idle=120ns
2026-10-07T19:22:32.098094Z  INFO falcon_algebraic:prove:falcon_algebraic:pcs:op:ligerito:spartan:grinding{bits=12}: bitz::piop::spartan::grinding: close time.busy=22.2µs time.idle=131ns
2026-10-07T19:22:32.098169Z  INFO falcon_algebraic:prove:falcon_algebraic:pcs:op:ligerito:lig:grind_pow{bits=20}:spartan:grinding{bits=12}: bitz::piop::spartan::grinding: close time.busy=21.7µs time.idle=141ns
2026-10-07T19:22:32.100080Z  INFO falcon_algebraic:prove:falcon_algebraic:pcs:op:ligerito:lig:grind_pow{bits=20 seed_lo=18120949339362551210 seed_hi=13797532482951980797 nonce=513573}: bitz::ligerito_flock: close time.busy=1.93ms time.idle=141ns
2026-10-07T19:22:32.100102Z  INFO falcon_algebraic:prove:falcon_algebraic:pcs:op:ligerito:spartan:grinding{bits=12}: bitz::piop::spartan::grinding: close time.busy=19.9µs time.idle=110ns
2026-10-07T19:22:32.100148Z  INFO falcon_algebraic:prove:falcon_algebraic:pcs:op:ligerito:lig:grind_pow{bits=20}:spartan:grinding{bits=12}: bitz::piop::spartan::grinding: close time.busy=16.8µs time.idle=120ns
2026-10-07T19:22:32.107718Z  INFO falcon_algebraic:prove:falcon_algebraic:pcs:op:ligerito:lig:grind_pow{bits=20 seed_lo=13628995107953393307 seed_hi=15712384258317306391 nonce=2044155}: bitz::ligerito_flock: close time.busy=7.59ms time.idle=110ns
2026-10-07T19:22:32.107724Z  INFO falcon_algebraic:prove:falcon_algebraic:pcs:op:ligerito:spartan:grinding{bits=12}: bitz::piop::spartan::grinding: close time.busy=4.69µs time.idle=110ns
2026-10-07T19:22:32.108161Z  INFO falcon_algebraic:prove:falcon_algebraic:pcs:op:ligerito:lig:grind_pow{bits=11}:spartan:grinding{bits=12}: bitz::piop::spartan::grinding: close time.busy=24.4µs time.idle=110ns
2026-10-07T19:22:32.108167Z  INFO falcon_algebraic:prove:falcon_algebraic:pcs:op:ligerito:lig:grind_pow{bits=11 seed_lo=18131122073958842230 seed_hi=6558377748662426870 nonce=880}: bitz::ligerito_flock: close time.busy=31.3µs time.idle=130ns
2026-10-07T19:22:32.108194Z  INFO falcon_algebraic:prove:falcon_algebraic:pcs:op:ligerito:spartan:grinding{bits=12}: bitz::piop::spartan::grinding: close time.busy=23.9µs time.idle=120ns
2026-10-07T19:22:32.109944Z  INFO falcon_algebraic:prove:falcon_algebraic:pcs:op:ligerito:lig:grind_pow{bits=7}:spartan:grinding{bits=12}: bitz::piop::spartan::grinding: close time.busy=10.5µs time.idle=120ns
2026-10-07T19:22:32.109947Z  INFO falcon_algebraic:prove:falcon_algebraic:pcs:op:ligerito:lig:grind_pow{bits=7 seed_lo=14895857108928955344 seed_hi=3223044504095878320 nonce=124}: bitz::ligerito_flock: close time.busy=15.3µs time.idle=110ns
2026-10-07T19:22:32.109975Z  INFO falcon_algebraic:prove:falcon_algebraic:pcs:op:ligerito:spartan:grinding{bits=12}: bitz::piop::spartan::grinding: close time.busy=25.2µs time.idle=120ns
2026-10-07T19:22:32.110019Z  INFO falcon_algebraic:prove:falcon_algebraic:pcs:op:ligerito:lig:grind_pow{bits=18}:spartan:grinding{bits=12}: bitz::piop::spartan::grinding: close time.busy=29.4µs time.idle=120ns
2026-10-07T19:22:32.113321Z  INFO falcon_algebraic:prove:falcon_algebraic:pcs:op:ligerito:lig:grind_pow{bits=18 seed_lo=453564368383453620 seed_hi=12976033857424542712 nonce=890887}: bitz::ligerito_flock: close time.busy=3.33ms time.idle=120ns
2026-10-07T19:22:32.113339Z  INFO falcon_algebraic:prove:falcon_algebraic:pcs:op:ligerito:spartan:grinding{bits=12}: bitz::piop::spartan::grinding: close time.busy=16.4µs time.idle=110ns
2026-10-07T19:22:32.113362Z  INFO falcon_algebraic:prove:falcon_algebraic:pcs:op:ligerito:lig:grind_pow{bits=18}:spartan:grinding{bits=12}: bitz::piop::spartan::grinding: close time.busy=7.02µs time.idle=110ns
2026-10-07T19:22:32.115044Z  INFO falcon_algebraic:prove:falcon_algebraic:pcs:op:ligerito:lig:grind_pow{bits=18 seed_lo=8497645164218277621 seed_hi=10470839125067943915 nonce=454826}: bitz::ligerito_flock: close time.busy=1.69ms time.idle=110ns
2026-10-07T19:22:32.115103Z  INFO falcon_algebraic:prove:falcon_algebraic:pcs:op:ligerito:spartan:grinding{bits=12}: bitz::piop::spartan::grinding: close time.busy=55.5µs time.idle=110ns
2026-10-07T19:22:32.115193Z  INFO falcon_algebraic:prove:falcon_algebraic:pcs:op:ligerito:lig:grind_pow{bits=18}:spartan:grinding{bits=12}: bitz::piop::spartan::grinding: close time.busy=80.5µs time.idle=120ns
2026-10-07T19:22:32.118905Z  INFO falcon_algebraic:prove:falcon_algebraic:pcs:op:ligerito:lig:grind_pow{bits=18 seed_lo=17823865229576264904 seed_hi=16568388654074871767 nonce=1004781}: bitz::ligerito_flock: close time.busy=3.79ms time.idle=160ns
2026-10-07T19:22:32.118939Z  INFO falcon_algebraic:prove:falcon_algebraic:pcs:op:ligerito:spartan:grinding{bits=12}: bitz::piop::spartan::grinding: close time.busy=32.4µs time.idle=120ns
2026-10-07T19:22:32.119038Z  INFO falcon_algebraic:prove:falcon_algebraic:pcs:op:ligerito:lig:grind_pow{bits=11}:spartan:grinding{bits=12}: bitz::piop::spartan::grinding: close time.busy=9.86µs time.idle=120ns
2026-10-07T19:22:32.119043Z  INFO falcon_algebraic:prove:falcon_algebraic:pcs:op:ligerito:lig:grind_pow{bits=11 seed_lo=13433964008949040218 seed_hi=10569234093139357867 nonce=912}: bitz::ligerito_flock: close time.busy=16.1µs time.idle=110ns
2026-10-07T19:22:32.119061Z  INFO falcon_algebraic:prove:falcon_algebraic:pcs:op:ligerito:spartan:grinding{bits=12}: bitz::piop::spartan::grinding: close time.busy=16.0µs time.idle=120ns
2026-10-07T19:22:32.119355Z  INFO falcon_algebraic:prove:falcon_algebraic:pcs:op:ligerito:lig:grind_pow{bits=7}:spartan:grinding{bits=12}: bitz::piop::spartan::grinding: close time.busy=22.2µs time.idle=120ns
2026-10-07T19:22:32.119357Z  INFO falcon_algebraic:prove:falcon_algebraic:pcs:op:ligerito:lig:grind_pow{bits=7 seed_lo=17708133304720636886 seed_hi=8542872167252059656 nonce=69}: bitz::ligerito_flock: close time.busy=25.8µs time.idle=120ns
2026-10-07T19:22:32.119364Z  INFO falcon_algebraic:prove:falcon_algebraic:pcs:op:ligerito:spartan:grinding{bits=12}: bitz::piop::spartan::grinding: close time.busy=4.96µs time.idle=130ns
2026-10-07T19:22:32.119377Z  INFO falcon_algebraic:prove:falcon_algebraic:pcs:op:ligerito:lig:grind_pow{bits=16}:spartan:grinding{bits=12}: bitz::piop::spartan::grinding: close time.busy=8.96µs time.idle=120ns
2026-10-07T19:22:32.119424Z  INFO falcon_algebraic:prove:falcon_algebraic:pcs:op:ligerito:lig:grind_pow{bits=16 seed_lo=12264697307909555806 seed_hi=2786290376397005851 nonce=11015}: bitz::ligerito_flock: close time.busy=56.5µs time.idle=110ns
2026-10-07T19:22:32.119456Z  INFO falcon_algebraic:prove:falcon_algebraic:pcs:op:ligerito:spartan:grinding{bits=12}: bitz::piop::spartan::grinding: close time.busy=29.4µs time.idle=110ns
2026-10-07T19:22:32.119470Z  INFO falcon_algebraic:prove:falcon_algebraic:pcs:op:ligerito:lig:grind_pow{bits=16}:spartan:grinding{bits=12}: bitz::piop::spartan::grinding: close time.busy=9.37µs time.idle=121ns
2026-10-07T19:22:32.119582Z  INFO falcon_algebraic:prove:falcon_algebraic:pcs:op:ligerito:lig:grind_pow{bits=16 seed_lo=8500622567645159676 seed_hi=13770663449678747995 nonce=28669}: bitz::ligerito_flock: close time.busy=122µs time.idle=120ns
2026-10-07T19:22:32.119598Z  INFO falcon_algebraic:prove:falcon_algebraic:pcs:op:ligerito:spartan:grinding{bits=12}: bitz::piop::spartan::grinding: close time.busy=14.0µs time.idle=130ns
2026-10-07T19:22:32.119620Z  INFO falcon_algebraic:prove:falcon_algebraic:pcs:op:ligerito:lig:grind_pow{bits=16}:spartan:grinding{bits=12}: bitz::piop::spartan::grinding: close time.busy=18.0µs time.idle=120ns
2026-10-07T19:22:32.120211Z  INFO falcon_algebraic:prove:falcon_algebraic:pcs:op:ligerito:lig:grind_pow{bits=16 seed_lo=12132067003319211324 seed_hi=5379432219838869647 nonce=158065}: bitz::ligerito_flock: close time.busy=610µs time.idle=100ns
2026-10-07T19:22:32.120223Z  INFO falcon_algebraic:prove:falcon_algebraic:pcs:op:ligerito:spartan:grinding{bits=12}: bitz::piop::spartan::grinding: close time.busy=9.50µs time.idle=120ns
2026-10-07T19:22:32.120353Z  INFO falcon_algebraic:prove:falcon_algebraic:pcs:op:ligerito:lig:grind_pow{bits=11}:spartan:grinding{bits=12}: bitz::piop::spartan::grinding: close time.busy=5.40µs time.idle=110ns
2026-10-07T19:22:32.120359Z  INFO falcon_algebraic:prove:falcon_algebraic:pcs:op:ligerito:lig:grind_pow{bits=11 seed_lo=12475436497210080422 seed_hi=7495738971254834422 nonce=1087}: bitz::ligerito_flock: close time.busy=12.7µs time.idle=121ns
2026-10-07T19:22:32.120366Z  INFO falcon_algebraic:prove:falcon_algebraic:pcs:op:ligerito:spartan:grinding{bits=12}: bitz::piop::spartan::grinding: close time.busy=4.95µs time.idle=110ns
2026-10-07T19:22:32.120492Z  INFO falcon_algebraic:prove:falcon_algebraic:pcs:op:ligerito:lig:grind_pow{bits=7}:spartan:grinding{bits=12}: bitz::piop::spartan::grinding: close time.busy=15.5µs time.idle=110ns
2026-10-07T19:22:32.120495Z  INFO falcon_algebraic:prove:falcon_algebraic:pcs:op:ligerito:lig:grind_pow{bits=7 seed_lo=9455945101117962415 seed_hi=6949788878765259781 nonce=129}: bitz::ligerito_flock: close time.busy=19.1µs time.idle=100ns
2026-10-07T19:22:32.120529Z  INFO falcon_algebraic:prove:falcon_algebraic:pcs:op:ligerito:spartan:grinding{bits=12}: bitz::piop::spartan::grinding: close time.busy=32.4µs time.idle=110ns
2026-10-07T19:22:32.120552Z  INFO falcon_algebraic:prove:falcon_algebraic:pcs:op:ligerito:lig:grind_pow{bits=16}:spartan:grinding{bits=12}: bitz::piop::spartan::grinding: close time.busy=20.4µs time.idle=121ns
2026-10-07T19:22:32.120719Z  INFO falcon_algebraic:prove:falcon_algebraic:pcs:op:ligerito:lig:grind_pow{bits=16 seed_lo=13499245549238148355 seed_hi=9490701453693229748 nonce=43646}: bitz::ligerito_flock: close time.busy=188µs time.idle=110ns
2026-10-07T19:22:32.120733Z  INFO falcon_algebraic:prove:falcon_algebraic:pcs:op:ligerito:spartan:grinding{bits=12}: bitz::piop::spartan::grinding: close time.busy=12.3µs time.idle=120ns
2026-10-07T19:22:32.120747Z  INFO falcon_algebraic:prove:falcon_algebraic:pcs:op:ligerito:lig:grind_pow{bits=11}:spartan:grinding{bits=12}: bitz::piop::spartan::grinding: close time.busy=8.97µs time.idle=110ns
2026-10-07T19:22:32.120753Z  INFO falcon_algebraic:prove:falcon_algebraic:pcs:op:ligerito:lig:grind_pow{bits=11 seed_lo=5536676814652215165 seed_hi=15124387837615488401 nonce=908}: bitz::ligerito_flock: close time.busy=15.2µs time.idle=111ns
2026-10-07T19:22:32.120772Z  INFO falcon_algebraic:prove:falcon_algebraic:pcs:op:ligerito:spartan:grinding{bits=12}: bitz::piop::spartan::grinding: close time.busy=17.4µs time.idle=110ns
2026-10-07T19:22:32.120856Z  INFO falcon_algebraic:prove:falcon_algebraic:pcs:op:ligerito: bitz::hybrid::opening: close time.busy=62.9ms time.idle=131ns
2026-10-07T19:22:32.120860Z  INFO falcon_algebraic:prove:falcon_algebraic:pcs: bitz::piop::spartan::falcon1024_algebraic::protocol: close time.busy=77.0ms time.idle=140ns
2026-10-07T19:22:32.124123Z  INFO falcon_algebraic:prove: bitz::piop::spartan::falcon1024_algebraic::protocol: close time.busy=640ms time.idle=180ns
2026-10-07T19:22:32.163114Z  INFO falcon_algebraic:verify:falcon_algebraic_ring:verify:falcon_algebraic_ring:coordinates: bitz::piop::spartan::falcon1024_algebraic::ring: close time.busy=22.5ms time.idle=130ns
2026-10-07T19:22:32.200620Z  INFO falcon_algebraic:verify:falcon_algebraic_ring:verify:falcon_algebraic_ring:collapse: bitz::piop::spartan::falcon1024_algebraic::ring: close time.busy=37.5ms time.idle=140ns
2026-10-07T19:22:32.200623Z  INFO falcon_algebraic:verify:falcon_algebraic_ring:verify: bitz::piop::spartan::falcon1024_algebraic::ring: close time.busy=60.3ms time.idle=160ns
2026-10-07T19:22:32.200648Z  INFO falcon_algebraic:verify:spartan:round_grinding_verify: bitz::sumcheck::boundary: close time.busy=1.13µs time.idle=131ns
2026-10-07T19:22:32.200652Z  INFO falcon_algebraic:verify:spartan:round_grinding_verify: bitz::sumcheck::boundary: close time.busy=911ns time.idle=101ns
2026-10-07T19:22:32.200656Z  INFO falcon_algebraic:verify:spartan:round_grinding_verify: bitz::sumcheck::boundary: close time.busy=852ns time.idle=110ns
2026-10-07T19:22:32.200660Z  INFO falcon_algebraic:verify:spartan:round_grinding_verify: bitz::sumcheck::boundary: close time.busy=842ns time.idle=110ns
2026-10-07T19:22:32.200663Z  INFO falcon_algebraic:verify:spartan:round_grinding_verify: bitz::sumcheck::boundary: close time.busy=892ns time.idle=100ns
2026-10-07T19:22:32.200667Z  INFO falcon_algebraic:verify:spartan:round_grinding_verify: bitz::sumcheck::boundary: close time.busy=892ns time.idle=110ns
2026-10-07T19:22:32.200671Z  INFO falcon_algebraic:verify:spartan:round_grinding_verify: bitz::sumcheck::boundary: close time.busy=932ns time.idle=130ns
2026-10-07T19:22:32.200675Z  INFO falcon_algebraic:verify:spartan:round_grinding_verify: bitz::sumcheck::boundary: close time.busy=1.21µs time.idle=100ns
2026-10-07T19:22:32.200678Z  INFO falcon_algebraic:verify:spartan:round_grinding_verify: bitz::sumcheck::boundary: close time.busy=792ns time.idle=120ns
2026-10-07T19:22:32.200682Z  INFO falcon_algebraic:verify:spartan:round_grinding_verify: bitz::sumcheck::boundary: close time.busy=851ns time.idle=121ns
2026-10-07T19:22:32.200686Z  INFO falcon_algebraic:verify:spartan:round_grinding_verify: bitz::sumcheck::boundary: close time.busy=932ns time.idle=100ns
2026-10-07T19:22:32.200689Z  INFO falcon_algebraic:verify:spartan:round_grinding_verify: bitz::sumcheck::boundary: close time.busy=882ns time.idle=120ns
2026-10-07T19:22:32.200693Z  INFO falcon_algebraic:verify:spartan:round_grinding_verify: bitz::sumcheck::boundary: close time.busy=952ns time.idle=110ns
2026-10-07T19:22:32.200697Z  INFO falcon_algebraic:verify:spartan:round_grinding_verify: bitz::sumcheck::boundary: close time.busy=882ns time.idle=110ns
2026-10-07T19:22:32.200701Z  INFO falcon_algebraic:verify:spartan:round_grinding_verify: bitz::sumcheck::boundary: close time.busy=862ns time.idle=100ns
2026-10-07T19:22:32.200705Z  INFO falcon_algebraic:verify:spartan:round_grinding_verify: bitz::sumcheck::boundary: close time.busy=932ns time.idle=110ns
2026-10-07T19:22:32.200709Z  INFO falcon_algebraic:verify:spartan:round_grinding_verify: bitz::sumcheck::boundary: close time.busy=942ns time.idle=120ns
2026-10-07T19:22:32.200713Z  INFO falcon_algebraic:verify:spartan:round_grinding_verify: bitz::sumcheck::boundary: close time.busy=1.05µs time.idle=111ns
2026-10-07T19:22:32.200717Z  INFO falcon_algebraic:verify:spartan:round_grinding_verify: bitz::sumcheck::boundary: close time.busy=1.01µs time.idle=110ns
2026-10-07T19:22:32.200724Z  INFO falcon_algebraic:verify:spartan:round_grinding_verify: bitz::sumcheck::boundary: close time.busy=611ns time.idle=120ns
2026-10-07T19:22:32.220130Z  INFO falcon_algebraic:verify:spartan:round_grinding_verify: bitz::sumcheck::boundary: close time.busy=1.24µs time.idle=361ns
2026-10-07T19:22:32.220138Z  INFO falcon_algebraic:verify:spartan:round_grinding_verify: bitz::sumcheck::boundary: close time.busy=731ns time.idle=110ns
2026-10-07T19:22:32.220141Z  INFO falcon_algebraic:verify:spartan:round_grinding_verify: bitz::sumcheck::boundary: close time.busy=742ns time.idle=120ns
2026-10-07T19:22:32.220144Z  INFO falcon_algebraic:verify:spartan:round_grinding_verify: bitz::sumcheck::boundary: close time.busy=782ns time.idle=110ns
2026-10-07T19:22:32.220147Z  INFO falcon_algebraic:verify:spartan:round_grinding_verify: bitz::sumcheck::boundary: close time.busy=892ns time.idle=100ns
2026-10-07T19:22:32.220150Z  INFO falcon_algebraic:verify:spartan:round_grinding_verify: bitz::sumcheck::boundary: close time.busy=721ns time.idle=110ns
2026-10-07T19:22:32.220153Z  INFO falcon_algebraic:verify:spartan:round_grinding_verify: bitz::sumcheck::boundary: close time.busy=792ns time.idle=110ns
2026-10-07T19:22:32.220156Z  INFO falcon_algebraic:verify:spartan:round_grinding_verify: bitz::sumcheck::boundary: close time.busy=822ns time.idle=100ns
2026-10-07T19:22:32.220159Z  INFO falcon_algebraic:verify:spartan:round_grinding_verify: bitz::sumcheck::boundary: close time.busy=791ns time.idle=121ns
2026-10-07T19:22:32.220163Z  INFO falcon_algebraic:verify:spartan:round_grinding_verify: bitz::sumcheck::boundary: close time.busy=801ns time.idle=111ns
2026-10-07T19:22:32.220166Z  INFO falcon_algebraic:verify:spartan:round_grinding_verify: bitz::sumcheck::boundary: close time.busy=862ns time.idle=90.0ns
2026-10-07T19:22:32.220169Z  INFO falcon_algebraic:verify:spartan:round_grinding_verify: bitz::sumcheck::boundary: close time.busy=962ns time.idle=120ns
2026-10-07T19:22:32.220172Z  INFO falcon_algebraic:verify:spartan:round_grinding_verify: bitz::sumcheck::boundary: close time.busy=741ns time.idle=110ns
2026-10-07T19:22:32.220175Z  INFO falcon_algebraic:verify:spartan:round_grinding_verify: bitz::sumcheck::boundary: close time.busy=802ns time.idle=100ns
2026-10-07T19:22:32.220178Z  INFO falcon_algebraic:verify:spartan:round_grinding_verify: bitz::sumcheck::boundary: close time.busy=771ns time.idle=100ns
2026-10-07T19:22:32.220181Z  INFO falcon_algebraic:verify:spartan:round_grinding_verify: bitz::sumcheck::boundary: close time.busy=741ns time.idle=100ns
2026-10-07T19:22:32.220184Z  INFO falcon_algebraic:verify:spartan:round_grinding_verify: bitz::sumcheck::boundary: close time.busy=732ns time.idle=100ns
2026-10-07T19:22:32.220187Z  INFO falcon_algebraic:verify:spartan:round_grinding_verify: bitz::sumcheck::boundary: close time.busy=822ns time.idle=100ns
2026-10-07T19:22:32.220191Z  INFO falcon_algebraic:verify:spartan:round_grinding_verify: bitz::sumcheck::boundary: close time.busy=912ns time.idle=110ns
2026-10-07T19:22:32.220194Z  INFO falcon_algebraic:verify:spartan:round_grinding_verify: bitz::sumcheck::boundary: close time.busy=761ns time.idle=101ns
2026-10-07T19:22:32.220198Z  INFO falcon_algebraic:verify:spartan:round_grinding_verify: bitz::sumcheck::boundary: close time.busy=801ns time.idle=120ns
2026-10-07T19:22:32.220201Z  INFO falcon_algebraic:verify:spartan:round_grinding_verify: bitz::sumcheck::boundary: close time.busy=861ns time.idle=111ns
2026-10-07T19:22:32.220204Z  INFO falcon_algebraic:verify:spartan:round_grinding_verify: bitz::sumcheck::boundary: close time.busy=872ns time.idle=120ns
2026-10-07T19:22:32.220207Z  INFO falcon_algebraic:verify:spartan:round_grinding_verify: bitz::sumcheck::boundary: close time.busy=902ns time.idle=100ns
2026-10-07T19:22:32.220211Z  INFO falcon_algebraic:verify:spartan:round_grinding_verify: bitz::sumcheck::boundary: close time.busy=972ns time.idle=110ns
2026-10-07T19:22:32.233669Z  INFO falcon_algebraic:verify:spartan:round_grinding_verify: bitz::sumcheck::boundary: close time.busy=1.14µs time.idle=251ns
2026-10-07T19:22:32.233675Z  INFO falcon_algebraic:verify:spartan:round_grinding_verify: bitz::sumcheck::boundary: close time.busy=972ns time.idle=110ns
2026-10-07T19:22:32.233678Z  INFO falcon_algebraic:verify:spartan:round_grinding_verify: bitz::sumcheck::boundary: close time.busy=972ns time.idle=110ns
2026-10-07T19:22:32.233681Z  INFO falcon_algebraic:verify:spartan:round_grinding_verify: bitz::sumcheck::boundary: close time.busy=1.18µs time.idle=120ns
2026-10-07T19:22:32.233683Z  INFO falcon_algebraic:verify:spartan:round_grinding_verify: bitz::sumcheck::boundary: close time.busy=952ns time.idle=120ns
2026-10-07T19:22:32.233686Z  INFO falcon_algebraic:verify:spartan:round_grinding_verify: bitz::sumcheck::boundary: close time.busy=931ns time.idle=121ns
2026-10-07T19:22:32.233688Z  INFO falcon_algebraic:verify:spartan:round_grinding_verify: bitz::sumcheck::boundary: close time.busy=941ns time.idle=111ns
2026-10-07T19:22:32.233691Z  INFO falcon_algebraic:verify:spartan:round_grinding_verify: bitz::sumcheck::boundary: close time.busy=1.01µs time.idle=90.0ns
2026-10-07T19:22:32.233694Z  INFO falcon_algebraic:verify:spartan:round_grinding_verify: bitz::sumcheck::boundary: close time.busy=1.02µs time.idle=110ns
2026-10-07T19:22:32.233696Z  INFO falcon_algebraic:verify:spartan:round_grinding_verify: bitz::sumcheck::boundary: close time.busy=1.02µs time.idle=110ns
2026-10-07T19:22:32.233699Z  INFO falcon_algebraic:verify:spartan:round_grinding_verify: bitz::sumcheck::boundary: close time.busy=992ns time.idle=90.0ns
2026-10-07T19:22:32.233702Z  INFO falcon_algebraic:verify:spartan:round_grinding_verify: bitz::sumcheck::boundary: close time.busy=952ns time.idle=110ns
2026-10-07T19:22:32.233705Z  INFO falcon_algebraic:verify:spartan:round_grinding_verify: bitz::sumcheck::boundary: close time.busy=1.02µs time.idle=110ns
2026-10-07T19:22:32.233707Z  INFO falcon_algebraic:verify:spartan:round_grinding_verify: bitz::sumcheck::boundary: close time.busy=1.12µs time.idle=100ns
2026-10-07T19:22:32.233710Z  INFO falcon_algebraic:verify:spartan:round_grinding_verify: bitz::sumcheck::boundary: close time.busy=1.09µs time.idle=110ns
2026-10-07T19:22:32.233713Z  INFO falcon_algebraic:verify:spartan:round_grinding_verify: bitz::sumcheck::boundary: close time.busy=1.08µs time.idle=130ns
2026-10-07T19:22:32.233716Z  INFO falcon_algebraic:verify:spartan:round_grinding_verify: bitz::sumcheck::boundary: close time.busy=1.18µs time.idle=90.0ns
2026-10-07T19:22:32.233718Z  INFO falcon_algebraic:verify:spartan:round_grinding_verify: bitz::sumcheck::boundary: close time.busy=852ns time.idle=110ns
2026-10-07T19:22:32.233721Z  INFO falcon_algebraic:verify:spartan:round_grinding_verify: bitz::sumcheck::boundary: close time.busy=862ns time.idle=110ns
2026-10-07T19:22:32.233723Z  INFO falcon_algebraic:verify:spartan:round_grinding_verify: bitz::sumcheck::boundary: close time.busy=901ns time.idle=90.0ns
2026-10-07T19:22:32.233726Z  INFO falcon_algebraic:verify:spartan:round_grinding_verify: bitz::sumcheck::boundary: close time.busy=881ns time.idle=111ns
2026-10-07T19:22:32.233728Z  INFO falcon_algebraic:verify:spartan:round_grinding_verify: bitz::sumcheck::boundary: close time.busy=942ns time.idle=110ns
2026-10-07T19:22:32.233731Z  INFO falcon_algebraic:verify:spartan:round_grinding_verify: bitz::sumcheck::boundary: close time.busy=1.05µs time.idle=120ns
2026-10-07T19:22:32.233734Z  INFO falcon_algebraic:verify:spartan:round_grinding_verify: bitz::sumcheck::boundary: close time.busy=932ns time.idle=100ns
2026-10-07T19:22:32.233736Z  INFO falcon_algebraic:verify:spartan:round_grinding_verify: bitz::sumcheck::boundary: close time.busy=942ns time.idle=110ns
2026-10-07T19:22:32.233739Z  INFO falcon_algebraic:verify:spartan:round_grinding_verify: bitz::sumcheck::boundary: close time.busy=952ns time.idle=100ns
2026-10-07T19:22:32.238160Z  INFO falcon_algebraic:verify: bitz::piop::spartan::falcon1024_algebraic::protocol: close time.busy=114ms time.idle=230ns
