family,size,variant,rep,iterations,ns,bytes,allocations,allocated_bytes,correctness
metrics_gf_mul,16,f2z,0,262144,16.346,768,0,0,1
metrics_gf_mul,16,flock,0,262144,16.061,768,0,0,1
metrics_gf_mul,16,scalar_lanes,0,262144,15.911,768,0,0,1
metrics_gf_mul,16,shared,0,262144,16.370,768,0,0,1
metrics_gf_mul,16,shared,1,262144,16.411,768,0,0,1
metrics_gf_mul,16,scalar_lanes,1,262144,16.485,768,0,0,1
metrics_gf_mul,16,f2z,1,262144,16.573,768,0,0,1
metrics_gf_mul,16,flock,1,262144,16.215,768,0,0,1
metrics_gf_mul,16,scalar_lanes,2,262144,16.165,768,0,0,1
metrics_gf_mul,16,flock,2,262144,16.265,768,0,0,1
metrics_gf_mul,16,f2z,2,262144,16.319,768,0,0,1
metrics_gf_mul,16,shared,2,262144,16.780,768,0,0,1
metrics_gf_mul,16,shared,3,262144,16.450,768,0,0,1
metrics_gf_mul,16,flock,3,262144,15.968,768,0,0,1
metrics_gf_mul,16,f2z,3,262144,16.248,768,0,0,1
metrics_gf_mul,16,scalar_lanes,3,262144,16.115,768,0,0,1
metrics_gf_mul,16,f2z,4,262144,16.544,768,0,0,1
metrics_gf_mul,16,scalar_lanes,4,262144,16.035,768,0,0,1
metrics_gf_mul,16,shared,4,262144,16.381,768,0,0,1
metrics_gf_mul,16,flock,4,262144,16.041,768,0,0,1
metrics_gf_mul,16,flock,5,262144,16.235,768,0,0,1
metrics_gf_mul,16,f2z,5,262144,16.238,768,0,0,1
metrics_gf_mul,16,shared,5,262144,16.334,768,0,0,1
metrics_gf_mul,16,scalar_lanes,5,262144,16.004,768,0,0,1
metrics_gf_mul,16,scalar_lanes,6,262144,16.387,768,0,0,1
metrics_gf_mul,16,flock,6,262144,15.657,768,0,0,1
metrics_gf_mul,16,f2z,6,262144,16.256,768,0,0,1
metrics_gf_mul,16,shared,6,262144,16.486,768,0,0,1
metrics_gf_mul,16,scalar_lanes,7,262144,15.910,768,0,0,1
metrics_gf_mul,16,flock,7,262144,15.801,768,0,0,1
metrics_gf_mul,16,shared,7,262144,16.624,768,0,0,1
metrics_gf_mul,16,f2z,7,262144,16.471,768,0,0,1
metrics_gf_mul,16,flock,8,262144,16.241,768,0,0,1
metrics_gf_mul,16,shared,8,262144,16.227,768,0,0,1
metrics_gf_mul,16,scalar_lanes,8,262144,15.917,768,0,0,1
metrics_gf_mul,16,f2z,8,262144,16.676,768,0,0,1
metrics_gf_mul,16,scalar_lanes,9,262144,16.218,768,0,0,1
metrics_gf_mul,16,f2z,9,262144,16.447,768,0,0,1
metrics_gf_mul,16,shared,9,262144,16.511,768,0,0,1
metrics_gf_mul,16,flock,9,262144,15.926,768,0,0,1
metrics_gf_mul,16,flock,10,262144,16.130,768,0,0,1
metrics_gf_mul,16,scalar_lanes,10,262144,15.989,768,0,0,1
metrics_gf_mul,16,shared,10,262144,16.365,768,0,0,1
metrics_gf_mul,16,f2z,10,262144,16.255,768,0,0,1
metrics_gf_mul,16,scalar_lanes,11,262144,16.041,768,0,0,1
metrics_gf_mul,16,f2z,11,262144,16.484,768,0,0,1
metrics_gf_mul,16,flock,11,262144,16.123,768,0,0,1
metrics_gf_mul,16,shared,11,262144,16.453,768,0,0,1
metrics_gf_mul,16,shared,12,262144,16.525,768,0,0,1
metrics_gf_mul,16,flock,12,262144,15.698,768,0,0,1
metrics_gf_mul,16,scalar_lanes,12,262144,16.122,768,0,0,1
metrics_gf_mul,16,f2z,12,262144,16.474,768,0,0,1
metrics_gf_mul,16,scalar_lanes,13,262144,16.196,768,0,0,1
metrics_gf_mul,16,shared,13,262144,16.346,768,0,0,1
metrics_gf_mul,16,f2z,13,262144,16.540,768,0,0,1
metrics_gf_mul,16,flock,13,262144,15.930,768,0,0,1
metrics_gf_mul,16,f2z,14,262144,16.599,768,0,0,1
metrics_gf_mul,16,scalar_lanes,14,262144,15.957,768,0,0,1
metrics_gf_mul,16,flock,14,262144,16.034,768,0,0,1
metrics_gf_mul,16,shared,14,262144,16.531,768,0,0,1
metrics_gf_mul,16,scalar_lanes,15,262144,15.909,768,0,0,1
metrics_gf_mul,16,f2z,15,262144,16.439,768,0,0,1
metrics_gf_mul,16,flock,15,262144,15.886,768,0,0,1
metrics_gf_mul,16,shared,15,262144,16.779,768,0,0,1
metrics_gf_mul,16,f2z,16,262144,16.118,768,0,0,1
metrics_gf_mul,16,shared,16,262144,16.294,768,0,0,1
metrics_gf_mul,16,flock,16,262144,16.008,768,0,0,1
metrics_gf_mul,16,scalar_lanes,16,262144,16.307,768,0,0,1
metrics_gf_mul,16,f2z,17,262144,16.288,768,0,0,1
metrics_gf_mul,16,flock,17,262144,15.905,768,0,0,1
metrics_gf_mul,16,shared,17,262144,16.464,768,0,0,1
metrics_gf_mul,16,scalar_lanes,17,262144,16.409,768,0,0,1
metrics_gf_mul,16,flock,18,262144,15.869,768,0,0,1
metrics_gf_mul,16,scalar_lanes,18,262144,16.030,768,0,0,1
metrics_gf_mul,16,f2z,18,262144,16.373,768,0,0,1
metrics_gf_mul,16,shared,18,262144,16.573,768,0,0,1
metrics_gf_mul,16,scalar_lanes,19,262144,15.870,768,0,0,1
metrics_gf_mul,16,flock,19,262144,15.991,768,0,0,1
metrics_gf_mul,16,f2z,19,262144,16.319,768,0,0,1
metrics_gf_mul,16,shared,19,262144,16.330,768,0,0,1
metrics_gf_mul,16,flock,20,262144,15.865,768,0,0,1
metrics_gf_mul,16,shared,20,262144,16.536,768,0,0,1
metrics_gf_mul,16,scalar_lanes,20,262144,15.998,768,0,0,1
metrics_gf_mul,16,f2z,20,262144,16.619,768,0,0,1
metrics_gf_mul,16,shared,21,262144,16.143,768,0,0,1
metrics_gf_mul,16,f2z,21,262144,16.565,768,0,0,1
metrics_gf_mul,16,flock,21,262144,15.852,768,0,0,1
metrics_gf_mul,16,scalar_lanes,21,262144,16.207,768,0,0,1
metrics_gf_mul,16,f2z,22,262144,16.388,768,0,0,1
metrics_gf_mul,16,shared,22,262144,16.471,768,0,0,1
metrics_gf_mul,16,scalar_lanes,22,262144,16.040,768,0,0,1
metrics_gf_mul,16,flock,22,262144,16.158,768,0,0,1
metrics_gf_mul,16,flock,23,262144,15.771,768,0,0,1
metrics_gf_mul,16,scalar_lanes,23,262144,16.147,768,0,0,1
metrics_gf_mul,16,f2z,23,262144,16.432,768,0,0,1
metrics_gf_mul,16,shared,23,262144,16.690,768,0,0,1
metrics_gf_mul,16,f2z,24,262144,16.384,768,0,0,1
metrics_gf_mul,16,shared,24,262144,16.420,768,0,0,1
metrics_gf_mul,16,scalar_lanes,24,262144,16.818,768,0,0,1
metrics_gf_mul,16,flock,24,262144,15.618,768,0,0,1
metrics_gf_mul,16,flock,25,262144,15.786,768,0,0,1
metrics_gf_mul,16,f2z,25,262144,16.337,768,0,0,1
metrics_gf_mul,16,shared,25,262144,16.605,768,0,0,1
metrics_gf_mul,16,scalar_lanes,25,262144,16.094,768,0,0,1
metrics_gf_mul,16,scalar_lanes,26,262144,16.014,768,0,0,1
metrics_gf_mul,16,f2z,26,262144,16.383,768,0,0,1
metrics_gf_mul,16,flock,26,262144,16.220,768,0,0,1
metrics_gf_mul,16,shared,26,262144,15.980,768,0,0,1
metrics_gf_mul,16,shared,27,262144,16.207,768,0,0,1
metrics_gf_mul,16,scalar_lanes,27,262144,15.827,768,0,0,1
metrics_gf_mul,16,flock,27,262144,16.071,768,0,0,1
metrics_gf_mul,16,f2z,27,262144,16.311,768,0,0,1
metrics_gf_mul,16,shared,28,262144,16.362,768,0,0,1
metrics_gf_mul,16,f2z,28,262144,16.403,768,0,0,1
metrics_gf_mul,16,scalar_lanes,28,262144,16.184,768,0,0,1
metrics_gf_mul,16,flock,28,262144,15.561,768,0,0,1
metrics_gf_mul,16,f2z,29,262144,16.432,768,0,0,1
metrics_gf_mul,16,flock,29,262144,16.025,768,0,0,1
metrics_gf_mul,16,scalar_lanes,29,262144,16.382,768,0,0,1
metrics_gf_mul,16,shared,29,262144,16.357,768,0,0,1
metrics_gf_mul,16,scalar_lanes,30,262144,15.876,768,0,0,1
metrics_gf_mul,16,flock,30,262144,15.879,768,0,0,1
metrics_gf_mul,16,f2z,30,262144,16.841,768,0,0,1
metrics_gf_mul,16,shared,30,262144,16.051,768,0,0,1
metrics_gf_mul,16,flock,31,262144,16.148,768,0,0,1
metrics_gf_mul,16,shared,31,262144,16.244,768,0,0,1
metrics_gf_mul,16,scalar_lanes,31,262144,16.326,768,0,0,1
metrics_gf_mul,16,f2z,31,262144,16.296,768,0,0,1
metrics_gf_add,16,f2z,0,524288,9.794,768,0,0,1
metrics_gf_add,16,shared,0,524288,10.242,768,0,0,1
metrics_gf_add,16,flock,0,524288,9.900,768,0,0,1
metrics_gf_add,16,shared,1,524288,9.924,768,0,0,1
metrics_gf_add,16,f2z,1,524288,9.830,768,0,0,1
metrics_gf_add,16,flock,1,524288,9.947,768,0,0,1
metrics_gf_add,16,f2z,2,524288,9.923,768,0,0,1
metrics_gf_add,16,shared,2,524288,10.648,768,0,0,1
metrics_gf_add,16,flock,2,524288,9.956,768,0,0,1
metrics_gf_add,16,f2z,3,524288,9.857,768,0,0,1
metrics_gf_add,16,shared,3,524288,10.208,768,0,0,1
metrics_gf_add,16,flock,3,524288,10.309,768,0,0,1
metrics_gf_add,16,shared,4,524288,10.178,768,0,0,1
metrics_gf_add,16,f2z,4,524288,9.674,768,0,0,1
metrics_gf_add,16,flock,4,524288,10.012,768,0,0,1
metrics_gf_add,16,shared,5,524288,10.071,768,0,0,1
metrics_gf_add,16,flock,5,524288,10.016,768,0,0,1
metrics_gf_add,16,f2z,5,524288,9.806,768,0,0,1
metrics_gf_add,16,flock,6,524288,10.011,768,0,0,1
metrics_gf_add,16,f2z,6,524288,9.722,768,0,0,1
metrics_gf_add,16,shared,6,524288,10.219,768,0,0,1
metrics_gf_add,16,shared,7,524288,10.524,768,0,0,1
metrics_gf_add,16,f2z,7,524288,9.699,768,0,0,1
metrics_gf_add,16,flock,7,524288,9.914,768,0,0,1
metrics_gf_add,16,f2z,8,524288,9.820,768,0,0,1
metrics_gf_add,16,shared,8,524288,10.230,768,0,0,1
metrics_gf_add,16,flock,8,524288,9.828,768,0,0,1
metrics_gf_add,16,flock,9,524288,10.053,768,0,0,1
metrics_gf_add,16,f2z,9,524288,9.796,768,0,0,1
metrics_gf_add,16,shared,9,524288,10.102,768,0,0,1
metrics_gf_add,16,shared,10,524288,10.182,768,0,0,1
metrics_gf_add,16,flock,10,524288,10.049,768,0,0,1
metrics_gf_add,16,f2z,10,524288,9.635,768,0,0,1
metrics_gf_add,16,shared,11,524288,10.238,768,0,0,1
metrics_gf_add,16,flock,11,524288,10.214,768,0,0,1
metrics_gf_add,16,f2z,11,524288,9.739,768,0,0,1
metrics_gf_add,16,f2z,12,524288,9.724,768,0,0,1
metrics_gf_add,16,shared,12,524288,10.579,768,0,0,1
metrics_gf_add,16,flock,12,524288,9.698,768,0,0,1
metrics_gf_add,16,shared,13,524288,10.675,768,0,0,1
metrics_gf_add,16,f2z,13,524288,9.676,768,0,0,1
metrics_gf_add,16,flock,13,524288,9.975,768,0,0,1
metrics_gf_add,16,flock,14,524288,10.049,768,0,0,1
metrics_gf_add,16,f2z,14,524288,9.569,768,0,0,1
metrics_gf_add,16,shared,14,524288,10.495,768,0,0,1
metrics_gf_add,16,shared,15,524288,10.195,768,0,0,1
metrics_gf_add,16,f2z,15,524288,9.870,768,0,0,1
metrics_gf_add,16,flock,15,524288,10.075,768,0,0,1
metrics_gf_add,16,f2z,16,524288,9.876,768,0,0,1
metrics_gf_add,16,shared,16,524288,10.235,768,0,0,1
metrics_gf_add,16,flock,16,524288,10.505,768,0,0,1
metrics_gf_add,16,shared,17,524288,10.238,768,0,0,1
metrics_gf_add,16,f2z,17,524288,9.785,768,0,0,1
metrics_gf_add,16,flock,17,524288,10.047,768,0,0,1
metrics_gf_add,16,flock,18,524288,9.825,768,0,0,1
metrics_gf_add,16,shared,18,524288,10.139,768,0,0,1
metrics_gf_add,16,f2z,18,524288,9.901,768,0,0,1
metrics_gf_add,16,flock,19,524288,9.914,768,0,0,1
metrics_gf_add,16,f2z,19,524288,9.820,768,0,0,1
metrics_gf_add,16,shared,19,524288,10.495,768,0,0,1
metrics_gf_add,16,flock,20,524288,9.685,768,0,0,1
metrics_gf_add,16,f2z,20,524288,9.766,768,0,0,1
metrics_gf_add,16,shared,20,524288,10.198,768,0,0,1
metrics_gf_add,16,f2z,21,524288,10.004,768,0,0,1
metrics_gf_add,16,flock,21,524288,10.282,768,0,0,1
metrics_gf_add,16,shared,21,524288,10.177,768,0,0,1
metrics_gf_add,16,flock,22,524288,9.893,768,0,0,1
metrics_gf_add,16,f2z,22,524288,9.818,768,0,0,1
metrics_gf_add,16,shared,22,524288,9.971,768,0,0,1
metrics_gf_add,16,flock,23,524288,10.047,768,0,0,1
metrics_gf_add,16,f2z,23,524288,9.732,768,0,0,1
metrics_gf_add,16,shared,23,524288,10.350,768,0,0,1
metrics_gf_add,16,shared,24,524288,10.520,768,0,0,1
metrics_gf_add,16,f2z,24,524288,9.899,768,0,0,1
metrics_gf_add,16,flock,24,524288,9.768,768,0,0,1
metrics_gf_add,16,flock,25,524288,10.310,768,0,0,1
metrics_gf_add,16,shared,25,524288,10.128,768,0,0,1
metrics_gf_add,16,f2z,25,524288,9.865,768,0,0,1
metrics_gf_add,16,flock,26,524288,9.926,768,0,0,1
metrics_gf_add,16,f2z,26,524288,9.675,768,0,0,1
metrics_gf_add,16,shared,26,524288,10.238,768,0,0,1
metrics_gf_add,16,shared,27,524288,10.519,768,0,0,1
metrics_gf_add,16,f2z,27,524288,10.132,768,0,0,1
metrics_gf_add,16,flock,27,524288,10.073,768,0,0,1
metrics_gf_add,16,flock,28,524288,9.952,768,0,0,1
metrics_gf_add,16,f2z,28,524288,9.928,768,0,0,1
metrics_gf_add,16,shared,28,524288,10.137,768,0,0,1
metrics_gf_add,16,flock,29,524288,9.940,768,0,0,1
metrics_gf_add,16,shared,29,524288,10.395,768,0,0,1
metrics_gf_add,16,f2z,29,524288,9.819,768,0,0,1
metrics_gf_add,16,shared,30,524288,10.196,768,0,0,1
metrics_gf_add,16,f2z,30,524288,10.066,768,0,0,1
metrics_gf_add,16,flock,30,524288,10.367,768,0,0,1
metrics_gf_add,16,flock,31,524288,9.617,768,0,0,1
metrics_gf_add,16,shared,31,524288,10.373,768,0,0,1
metrics_gf_add,16,f2z,31,524288,9.535,768,0,0,1
metrics_gf_square,16,f2z,0,262144,12.269,512,0,0,1
metrics_gf_square,16,flock,0,262144,39.714,512,0,0,1
metrics_gf_square,16,shared,0,262144,11.769,512,0,0,1
metrics_gf_square,16,shared,1,262144,11.837,512,0,0,1
metrics_gf_square,16,flock,1,262144,39.180,512,0,0,1
metrics_gf_square,16,f2z,1,262144,11.907,512,0,0,1
metrics_gf_square,16,flock,2,262144,39.609,512,0,0,1
metrics_gf_square,16,shared,2,262144,12.163,512,0,0,1
metrics_gf_square,16,f2z,2,262144,12.719,512,0,0,1
metrics_gf_square,16,shared,3,262144,12.872,512,0,0,1
metrics_gf_square,16,f2z,3,262144,12.072,512,0,0,1
metrics_gf_square,16,flock,3,262144,40.103,512,0,0,1
metrics_gf_square,16,f2z,4,262144,11.988,512,0,0,1
metrics_gf_square,16,shared,4,262144,12.465,512,0,0,1
metrics_gf_square,16,flock,4,262144,41.234,512,0,0,1
metrics_gf_square,16,f2z,5,262144,12.329,512,0,0,1
metrics_gf_square,16,flock,5,262144,40.438,512,0,0,1
metrics_gf_square,16,shared,5,262144,11.850,512,0,0,1
metrics_gf_square,16,shared,6,262144,11.918,512,0,0,1
metrics_gf_square,16,flock,6,262144,39.965,512,0,0,1
metrics_gf_square,16,f2z,6,262144,11.893,512,0,0,1
metrics_gf_square,16,shared,7,262144,11.820,512,0,0,1
metrics_gf_square,16,flock,7,262144,40.181,512,0,0,1
metrics_gf_square,16,f2z,7,262144,11.740,512,0,0,1
metrics_gf_square,16,f2z,8,262144,12.131,512,0,0,1
metrics_gf_square,16,flock,8,262144,39.728,512,0,0,1
metrics_gf_square,16,shared,8,262144,11.772,512,0,0,1
metrics_gf_square,16,flock,9,262144,40.244,512,0,0,1
metrics_gf_square,16,f2z,9,262144,11.589,512,0,0,1
metrics_gf_square,16,shared,9,262144,11.632,512,0,0,1
metrics_gf_square,16,shared,10,262144,11.729,512,0,0,1
metrics_gf_square,16,f2z,10,262144,11.697,512,0,0,1
metrics_gf_square,16,flock,10,262144,39.501,512,0,0,1
metrics_gf_square,16,f2z,11,262144,11.762,512,0,0,1
metrics_gf_square,16,shared,11,262144,11.815,512,0,0,1
metrics_gf_square,16,flock,11,262144,39.082,512,0,0,1
metrics_gf_square,16,f2z,12,262144,11.836,512,0,0,1
metrics_gf_square,16,shared,12,262144,11.691,512,0,0,1
metrics_gf_square,16,flock,12,262144,39.401,512,0,0,1
metrics_gf_square,16,shared,13,262144,11.862,512,0,0,1
metrics_gf_square,16,flock,13,262144,39.480,512,0,0,1
metrics_gf_square,16,f2z,13,262144,11.729,512,0,0,1
metrics_gf_square,16,flock,14,262144,40.747,512,0,0,1
metrics_gf_square,16,f2z,14,262144,11.557,512,0,0,1
metrics_gf_square,16,shared,14,262144,11.721,512,0,0,1
metrics_gf_square,16,shared,15,262144,12.266,512,0,0,1
metrics_gf_square,16,f2z,15,262144,11.761,512,0,0,1
metrics_gf_square,16,flock,15,262144,39.659,512,0,0,1
metrics_gf_square,16,shared,16,262144,12.250,512,0,0,1
metrics_gf_square,16,f2z,16,262144,11.803,512,0,0,1
metrics_gf_square,16,flock,16,262144,39.534,512,0,0,1
metrics_gf_square,16,f2z,17,262144,11.923,512,0,0,1
metrics_gf_square,16,flock,17,262144,39.143,512,0,0,1
metrics_gf_square,16,shared,17,262144,11.535,512,0,0,1
metrics_gf_square,16,flock,18,262144,39.254,512,0,0,1
metrics_gf_square,16,f2z,18,262144,11.751,512,0,0,1
metrics_gf_square,16,shared,18,262144,11.700,512,0,0,1
metrics_gf_square,16,shared,19,262144,12.047,512,0,0,1
metrics_gf_square,16,flock,19,262144,39.543,512,0,0,1
metrics_gf_square,16,f2z,19,262144,11.673,512,0,0,1
metrics_gf_square,16,f2z,20,262144,12.095,512,0,0,1
metrics_gf_square,16,flock,20,262144,39.730,512,0,0,1
metrics_gf_square,16,shared,20,262144,12.022,512,0,0,1
metrics_gf_square,16,flock,21,262144,39.105,512,0,0,1
metrics_gf_square,16,f2z,21,262144,11.467,512,0,0,1
metrics_gf_square,16,shared,21,262144,11.747,512,0,0,1
metrics_gf_square,16,flock,22,262144,39.604,512,0,0,1
metrics_gf_square,16,shared,22,262144,12.147,512,0,0,1
metrics_gf_square,16,f2z,22,262144,11.627,512,0,0,1
metrics_gf_square,16,f2z,23,262144,11.636,512,0,0,1
metrics_gf_square,16,flock,23,262144,39.921,512,0,0,1
metrics_gf_square,16,shared,23,262144,11.679,512,0,0,1
metrics_gf_square,16,f2z,24,262144,11.718,512,0,0,1
metrics_gf_square,16,flock,24,262144,39.291,512,0,0,1
metrics_gf_square,16,shared,24,262144,11.634,512,0,0,1
metrics_gf_square,16,shared,25,262144,12.177,512,0,0,1
metrics_gf_square,16,flock,25,262144,39.210,512,0,0,1
metrics_gf_square,16,f2z,25,262144,11.749,512,0,0,1
metrics_gf_square,16,f2z,26,262144,12.177,512,0,0,1
metrics_gf_square,16,shared,26,262144,11.641,512,0,0,1
metrics_gf_square,16,flock,26,262144,39.650,512,0,0,1
metrics_gf_square,16,shared,27,262144,12.190,512,0,0,1
metrics_gf_square,16,flock,27,262144,39.117,512,0,0,1
metrics_gf_square,16,f2z,27,262144,11.730,512,0,0,1
metrics_gf_square,16,f2z,28,262144,12.301,512,0,0,1
metrics_gf_square,16,shared,28,262144,11.602,512,0,0,1
metrics_gf_square,16,flock,28,262144,39.125,512,0,0,1
metrics_gf_square,16,shared,29,262144,12.107,512,0,0,1
metrics_gf_square,16,f2z,29,262144,11.550,512,0,0,1
metrics_gf_square,16,flock,29,262144,38.819,512,0,0,1
metrics_gf_square,16,flock,30,262144,39.348,512,0,0,1
metrics_gf_square,16,f2z,30,262144,11.960,512,0,0,1
metrics_gf_square,16,shared,30,262144,11.662,512,0,0,1
metrics_gf_square,16,flock,31,262144,39.142,512,0,0,1
metrics_gf_square,16,f2z,31,262144,11.746,512,0,0,1
metrics_gf_square,16,shared,31,262144,11.564,512,0,0,1
metrics_gf_inverse,16,f2z,0,512,7019.611,512,0,0,1
metrics_gf_inverse,16,flock,0,512,17149.576,512,0,0,1
metrics_gf_inverse,16,shared,0,512,7140.299,512,0,0,1
metrics_gf_inverse,16,f2z,1,512,6990.967,512,0,0,1
metrics_gf_inverse,16,shared,1,512,7093.018,512,0,0,1
metrics_gf_inverse,16,flock,1,512,17167.236,512,0,0,1
metrics_gf_inverse,16,shared,2,512,6941.568,512,0,0,1
metrics_gf_inverse,16,f2z,2,512,6946.125,512,0,0,1
metrics_gf_inverse,16,flock,2,512,16864.584,512,0,0,1
metrics_gf_inverse,16,f2z,3,512,7025.146,512,0,0,1
metrics_gf_inverse,16,shared,3,512,7299.072,512,0,0,1
metrics_gf_inverse,16,flock,3,512,17032.471,512,0,0,1
metrics_gf_inverse,16,shared,4,512,6989.176,512,0,0,1
metrics_gf_inverse,16,f2z,4,512,7143.148,512,0,0,1
metrics_gf_inverse,16,flock,4,512,17231.037,512,0,0,1
metrics_gf_inverse,16,flock,5,512,16861.816,512,0,0,1
metrics_gf_inverse,16,shared,5,512,7108.725,512,0,0,1
metrics_gf_inverse,16,f2z,5,512,6962.402,512,0,0,1
metrics_gf_inverse,16,flock,6,512,17129.963,512,0,0,1
metrics_gf_inverse,16,shared,6,512,7026.449,512,0,0,1
metrics_gf_inverse,16,f2z,6,512,7356.039,512,0,0,1
metrics_gf_inverse,16,f2z,7,512,6987.629,512,0,0,1
metrics_gf_inverse,16,flock,7,512,17193.115,512,0,0,1
metrics_gf_inverse,16,shared,7,512,6925.781,512,0,0,1
metrics_gf_inverse,16,flock,8,512,17069.580,512,0,0,1
metrics_gf_inverse,16,f2z,8,512,7053.387,512,0,0,1
metrics_gf_inverse,16,shared,8,512,7010.580,512,0,0,1
metrics_gf_inverse,16,shared,9,512,7221.355,512,0,0,1
metrics_gf_inverse,16,f2z,9,512,7021.240,512,0,0,1
metrics_gf_inverse,16,flock,9,512,17130.941,512,0,0,1
metrics_gf_inverse,16,flock,10,512,17096.355,512,0,0,1
metrics_gf_inverse,16,f2z,10,512,7059.326,512,0,0,1
metrics_gf_inverse,16,shared,10,512,6976.889,512,0,0,1
metrics_gf_inverse,16,shared,11,512,7177.652,512,0,0,1
metrics_gf_inverse,16,flock,11,512,17128.906,512,0,0,1
metrics_gf_inverse,16,f2z,11,512,6942.383,512,0,0,1
metrics_gf_inverse,16,f2z,12,512,7108.318,512,0,0,1
metrics_gf_inverse,16,flock,12,512,17098.633,512,0,0,1
metrics_gf_inverse,16,shared,12,512,6954.916,512,0,0,1
metrics_gf_inverse,16,flock,13,512,17101.400,512,0,0,1
metrics_gf_inverse,16,shared,13,512,7029.949,512,0,0,1
metrics_gf_inverse,16,f2z,13,512,7106.771,512,0,0,1
metrics_gf_inverse,16,shared,14,512,7433.023,512,0,0,1
metrics_gf_inverse,16,f2z,14,512,7712.564,512,0,0,1
metrics_gf_inverse,16,flock,14,512,18148.438,512,0,0,1
metrics_gf_inverse,16,flock,15,512,17897.135,512,0,0,1
metrics_gf_inverse,16,f2z,15,512,6983.969,512,0,0,1
metrics_gf_inverse,16,shared,15,512,7334.066,512,0,0,1
metrics_gf_inverse,16,f2z,16,512,7290.689,512,0,0,1
metrics_gf_inverse,16,shared,16,512,7923.666,512,0,0,1
metrics_gf_inverse,16,flock,16,512,17836.100,512,0,0,1
metrics_gf_inverse,16,flock,17,512,18672.363,512,0,0,1
metrics_gf_inverse,16,f2z,17,512,8318.441,512,0,0,1
metrics_gf_inverse,16,shared,17,512,8647.705,512,0,0,1
metrics_gf_inverse,16,f2z,18,512,52458.008,512,0,0,1
metrics_gf_inverse,16,shared,18,512,24003.988,512,0,0,1
metrics_gf_inverse,16,flock,18,512,27767.496,512,0,0,1
metrics_gf_inverse,16,flock,19,512,18033.854,512,0,0,1
metrics_gf_inverse,16,shared,19,512,7169.760,512,0,0,1
metrics_gf_inverse,16,f2z,19,512,7337.566,512,0,0,1
metrics_gf_inverse,16,flock,20,512,17539.062,512,0,0,1
metrics_gf_inverse,16,shared,20,512,7170.004,512,0,0,1
metrics_gf_inverse,16,f2z,20,512,7211.994,512,0,0,1
metrics_gf_inverse,16,flock,21,512,16982.178,512,0,0,1
metrics_gf_inverse,16,f2z,21,512,6971.355,512,0,0,1
metrics_gf_inverse,16,shared,21,512,6962.402,512,0,0,1
metrics_gf_inverse,16,f2z,22,512,7103.516,512,0,0,1
metrics_gf_inverse,16,shared,22,512,6955.484,512,0,0,1
metrics_gf_inverse,16,flock,22,512,17305.746,512,0,0,1
metrics_gf_inverse,16,shared,23,512,7035.400,512,0,0,1
metrics_gf_inverse,16,flock,23,512,17090.820,512,0,0,1
metrics_gf_inverse,16,f2z,23,512,6993.572,512,0,0,1
metrics_gf_inverse,16,flock,24,512,17066.895,512,0,0,1
metrics_gf_inverse,16,shared,24,512,7204.428,512,0,0,1
metrics_gf_inverse,16,f2z,24,512,7017.254,512,0,0,1
metrics_gf_inverse,16,f2z,25,512,7279.785,512,0,0,1
metrics_gf_inverse,16,flock,25,512,17162.598,512,0,0,1
metrics_gf_inverse,16,shared,25,512,7233.316,512,0,0,1
metrics_gf_inverse,16,f2z,26,512,7004.883,512,0,0,1
metrics_gf_inverse,16,shared,26,512,6969.727,512,0,0,1
metrics_gf_inverse,16,flock,26,512,17492.188,512,0,0,1
metrics_gf_inverse,16,shared,27,512,7235.189,512,0,0,1
metrics_gf_inverse,16,flock,27,512,16961.752,512,0,0,1
metrics_gf_inverse,16,f2z,27,512,6974.285,512,0,0,1
metrics_gf_inverse,16,shared,28,512,6972.900,512,0,0,1
metrics_gf_inverse,16,f2z,28,512,7284.100,512,0,0,1
metrics_gf_inverse,16,flock,28,512,17418.213,512,0,0,1
metrics_gf_inverse,16,f2z,29,512,7565.674,512,0,0,1
metrics_gf_inverse,16,flock,29,512,18143.229,512,0,0,1
metrics_gf_inverse,16,shared,29,512,7212.727,512,0,0,1
metrics_gf_inverse,16,flock,30,512,17780.600,512,0,0,1
metrics_gf_inverse,16,f2z,30,512,7282.309,512,0,0,1
metrics_gf_inverse,16,shared,30,512,7440.430,512,0,0,1
metrics_gf_inverse,16,f2z,31,512,6983.969,512,0,0,1
metrics_gf_inverse,16,shared,31,512,7049.885,512,0,0,1
metrics_gf_inverse,16,flock,31,512,17359.619,512,0,0,1
metrics_gf_mul,1024,shared,0,4096,934.397,49152,0,0,1
metrics_gf_mul,1024,flock,0,4096,882.711,49152,0,0,1
metrics_gf_mul,1024,scalar_lanes,0,4096,873.128,49152,0,0,1
metrics_gf_mul,1024,f2z,0,4096,948.771,49152,0,0,1
metrics_gf_mul,1024,f2z,1,4096,919.067,49152,0,0,1
metrics_gf_mul,1024,flock,1,4096,863.424,49152,0,0,1
metrics_gf_mul,1024,scalar_lanes,1,4096,897.308,49152,0,0,1
metrics_gf_mul,1024,shared,1,4096,929.861,49152,0,0,1
metrics_gf_mul,1024,shared,2,4096,922.974,49152,0,0,1
metrics_gf_mul,1024,scalar_lanes,2,4096,864.868,49152,0,0,1
metrics_gf_mul,1024,flock,2,4096,887.512,49152,0,0,1
metrics_gf_mul,1024,f2z,2,4096,929.006,49152,0,0,1
metrics_gf_mul,1024,f2z,3,4096,928.812,49152,0,0,1
metrics_gf_mul,1024,flock,3,4096,862.569,49152,0,0,1
metrics_gf_mul,1024,shared,3,4096,950.124,49152,0,0,1
metrics_gf_mul,1024,scalar_lanes,3,4096,862.793,49152,0,0,1
metrics_gf_mul,1024,scalar_lanes,4,4096,863.983,49152,0,0,1
metrics_gf_mul,1024,shared,4,4096,935.842,49152,0,0,1
metrics_gf_mul,1024,flock,4,4096,867.320,49152,0,0,1
metrics_gf_mul,1024,f2z,4,4096,946.726,49152,0,0,1
metrics_gf_mul,1024,f2z,5,4096,917.562,49152,0,0,1
metrics_gf_mul,1024,flock,5,4096,865.957,49152,0,0,1
metrics_gf_mul,1024,scalar_lanes,5,4096,872.081,49152,0,0,1
metrics_gf_mul,1024,shared,5,4096,950.277,49152,0,0,1
metrics_gf_mul,1024,scalar_lanes,6,4096,869.354,49152,0,0,1
metrics_gf_mul,1024,shared,6,4096,967.092,49152,0,0,1
metrics_gf_mul,1024,flock,6,4096,873.688,49152,0,0,1
metrics_gf_mul,1024,f2z,6,4096,928.436,49152,0,0,1
metrics_gf_mul,1024,shared,7,4096,920.258,49152,0,0,1
metrics_gf_mul,1024,f2z,7,4096,911.102,49152,0,0,1
metrics_gf_mul,1024,flock,7,4096,867.157,49152,0,0,1
metrics_gf_mul,1024,scalar_lanes,7,4096,867.645,49152,0,0,1
metrics_gf_mul,1024,f2z,8,4096,969.676,49152,0,0,1
metrics_gf_mul,1024,flock,8,4096,867.727,49152,0,0,1
metrics_gf_mul,1024,scalar_lanes,8,4096,874.176,49152,0,0,1
metrics_gf_mul,1024,shared,8,4096,912.567,49152,0,0,1
metrics_gf_mul,1024,flock,9,4096,898.539,49152,0,0,1
metrics_gf_mul,1024,shared,9,4096,928.243,49152,0,0,1
metrics_gf_mul,1024,f2z,9,4096,926.982,49152,0,0,1
metrics_gf_mul,1024,scalar_lanes,9,4096,880.066,49152,0,0,1
metrics_gf_mul,1024,shared,10,4096,920.288,49152,0,0,1
metrics_gf_mul,1024,flock,10,4096,886.058,49152,0,0,1
metrics_gf_mul,1024,scalar_lanes,10,4096,855.937,49152,0,0,1
metrics_gf_mul,1024,f2z,10,4096,934.133,49152,0,0,1
metrics_gf_mul,1024,f2z,11,4096,923.258,49152,0,0,1
metrics_gf_mul,1024,scalar_lanes,11,4096,873.291,49152,0,0,1
metrics_gf_mul,1024,flock,11,4096,874.695,49152,0,0,1
metrics_gf_mul,1024,shared,11,4096,913.167,49152,0,0,1
metrics_gf_mul,1024,f2z,12,4096,920.451,49152,0,0,1
metrics_gf_mul,1024,shared,12,4096,919.403,49152,0,0,1
metrics_gf_mul,1024,flock,12,4096,898.163,49152,0,0,1
metrics_gf_mul,1024,scalar_lanes,12,4096,875.590,49152,0,0,1
metrics_gf_mul,1024,flock,13,4096,898.499,49152,0,0,1
metrics_gf_mul,1024,shared,13,4096,909.444,49152,0,0,1
metrics_gf_mul,1024,f2z,13,4096,917.979,49152,0,0,1
metrics_gf_mul,1024,scalar_lanes,13,4096,876.638,49152,0,0,1
metrics_gf_mul,1024,flock,14,4096,875.732,49152,0,0,1
metrics_gf_mul,1024,f2z,14,4096,962.443,49152,0,0,1
metrics_gf_mul,1024,shared,14,4096,924.855,49152,0,0,1
metrics_gf_mul,1024,scalar_lanes,14,4096,898.224,49152,0,0,1
metrics_gf_mul,1024,flock,15,4096,866.618,49152,0,0,1
metrics_gf_mul,1024,f2z,15,4096,924.611,49152,0,0,1
metrics_gf_mul,1024,scalar_lanes,15,4096,871.765,49152,0,0,1
metrics_gf_mul,1024,shared,15,4096,922.780,49152,0,0,1
metrics_gf_mul,1024,shared,16,4096,918.457,49152,0,0,1
metrics_gf_mul,1024,scalar_lanes,16,4096,862.895,49152,0,0,1
metrics_gf_mul,1024,f2z,16,4096,931.498,49152,0,0,1
metrics_gf_mul,1024,flock,16,4096,862.284,49152,0,0,1
metrics_gf_mul,1024,shared,17,4096,942.281,49152,0,0,1
metrics_gf_mul,1024,flock,17,4096,867.930,49152,0,0,1
metrics_gf_mul,1024,f2z,17,4096,948.649,49152,0,0,1
metrics_gf_mul,1024,scalar_lanes,17,4096,858.500,49152,0,0,1
metrics_gf_mul,1024,scalar_lanes,18,4096,860.687,49152,0,0,1
metrics_gf_mul,1024,f2z,18,4096,912.282,49152,0,0,1
metrics_gf_mul,1024,flock,18,4096,869.069,49152,0,0,1
metrics_gf_mul,1024,shared,18,4096,940.358,49152,0,0,1
metrics_gf_mul,1024,flock,19,4096,871.785,49152,0,0,1
metrics_gf_mul,1024,shared,19,4096,939.972,49152,0,0,1
metrics_gf_mul,1024,scalar_lanes,19,4096,869.456,49152,0,0,1
metrics_gf_mul,1024,f2z,19,4096,965.637,49152,0,0,1
metrics_gf_mul,1024,scalar_lanes,20,4096,856.720,49152,0,0,1
metrics_gf_mul,1024,flock,20,4096,861.583,49152,0,0,1
metrics_gf_mul,1024,f2z,20,4096,936.066,49152,0,0,1
metrics_gf_mul,1024,shared,20,4096,926.320,49152,0,0,1
metrics_gf_mul,1024,shared,21,4096,934.346,49152,0,0,1
metrics_gf_mul,1024,f2z,21,4096,925.252,49152,0,0,1
metrics_gf_mul,1024,flock,21,4096,889.669,49152,0,0,1
metrics_gf_mul,1024,scalar_lanes,21,4096,879.547,49152,0,0,1
metrics_gf_mul,1024,f2z,22,4096,962.870,49152,0,0,1
metrics_gf_mul,1024,flock,22,4096,850.525,49152,0,0,1
metrics_gf_mul,1024,scalar_lanes,22,4096,876.984,49152,0,0,1
metrics_gf_mul,1024,shared,22,4096,930.064,49152,0,0,1
metrics_gf_mul,1024,flock,23,4096,860.026,49152,0,0,1
metrics_gf_mul,1024,f2z,23,4096,942.179,49152,0,0,1
metrics_gf_mul,1024,scalar_lanes,23,4096,872.375,49152,0,0,1
metrics_gf_mul,1024,shared,23,4096,949.636,49152,0,0,1
metrics_gf_mul,1024,f2z,24,4096,923.350,49152,0,0,1
metrics_gf_mul,1024,flock,24,4096,884.206,49152,0,0,1
metrics_gf_mul,1024,shared,24,4096,916.626,49152,0,0,1
metrics_gf_mul,1024,scalar_lanes,24,4096,871.439,49152,0,0,1
metrics_gf_mul,1024,scalar_lanes,25,4096,857.574,49152,0,0,1
metrics_gf_mul,1024,shared,25,4096,927.134,49152,0,0,1
metrics_gf_mul,1024,f2z,25,4096,926.646,49152,0,0,1
metrics_gf_mul,1024,flock,25,4096,863.708,49152,0,0,1
metrics_gf_mul,1024,scalar_lanes,26,4096,883.484,49152,0,0,1
metrics_gf_mul,1024,flock,26,4096,865.550,49152,0,0,1
metrics_gf_mul,1024,shared,26,4096,939.606,49152,0,0,1
metrics_gf_mul,1024,f2z,26,4096,928.640,49152,0,0,1
metrics_gf_mul,1024,scalar_lanes,27,4096,874.847,49152,0,0,1
metrics_gf_mul,1024,flock,27,4096,873.169,49152,0,0,1
metrics_gf_mul,1024,f2z,27,4096,932.241,49152,0,0,1
metrics_gf_mul,1024,shared,27,4096,919.047,49152,0,0,1
metrics_gf_mul,1024,shared,28,4096,914.876,49152,0,0,1
metrics_gf_mul,1024,flock,28,4096,872.833,49152,0,0,1
metrics_gf_mul,1024,scalar_lanes,28,4096,865.580,49152,0,0,1
metrics_gf_mul,1024,f2z,28,4096,941.060,49152,0,0,1
metrics_gf_mul,1024,f2z,29,4096,921.631,49152,0,0,1
metrics_gf_mul,1024,flock,29,4096,873.525,49152,0,0,1
metrics_gf_mul,1024,scalar_lanes,29,4096,903.870,49152,0,0,1
metrics_gf_mul,1024,shared,29,4096,931.610,49152,0,0,1
metrics_gf_mul,1024,f2z,30,4096,932.800,49152,0,0,1
metrics_gf_mul,1024,scalar_lanes,30,4096,866.516,49152,0,0,1
metrics_gf_mul,1024,shared,30,4096,930.369,49152,0,0,1
metrics_gf_mul,1024,flock,30,4096,868.134,49152,0,0,1
metrics_gf_mul,1024,f2z,31,4096,936.747,49152,0,0,1
metrics_gf_mul,1024,scalar_lanes,31,4096,863.068,49152,0,0,1
metrics_gf_mul,1024,shared,31,4096,919.179,49152,0,0,1
metrics_gf_mul,1024,flock,31,4096,879.578,49152,0,0,1
metrics_gf_add,1024,shared,0,16384,278.455,49152,0,0,1
metrics_gf_add,1024,flock,0,16384,285.711,49152,0,0,1
metrics_gf_add,1024,f2z,0,16384,283.552,49152,0,0,1
metrics_gf_add,1024,f2z,1,16384,275.706,49152,0,0,1
metrics_gf_add,1024,flock,1,16384,284.485,49152,0,0,1
metrics_gf_add,1024,shared,1,16384,272.608,49152,0,0,1
metrics_gf_add,1024,shared,2,16384,279.114,49152,0,0,1
metrics_gf_add,1024,flock,2,16384,272.690,49152,0,0,1
metrics_gf_add,1024,f2z,2,16384,278.478,49152,0,0,1
metrics_gf_add,1024,flock,3,16384,281.603,49152,0,0,1
metrics_gf_add,1024,f2z,3,16384,274.780,49152,0,0,1
metrics_gf_add,1024,shared,3,16384,284.320,49152,0,0,1
metrics_gf_add,1024,flock,4,16384,275.764,49152,0,0,1
metrics_gf_add,1024,f2z,4,16384,284.561,49152,0,0,1
metrics_gf_add,1024,shared,4,16384,279.640,49152,0,0,1
metrics_gf_add,1024,f2z,5,16384,281.957,49152,0,0,1
metrics_gf_add,1024,shared,5,16384,278.666,49152,0,0,1
metrics_gf_add,1024,flock,5,16384,282.244,49152,0,0,1
metrics_gf_add,1024,flock,6,16384,278.422,49152,0,0,1
metrics_gf_add,1024,f2z,6,16384,275.935,49152,0,0,1
metrics_gf_add,1024,shared,6,16384,281.153,49152,0,0,1
metrics_gf_add,1024,flock,7,16384,274.839,49152,0,0,1
metrics_gf_add,1024,shared,7,16384,280.212,49152,0,0,1
metrics_gf_add,1024,f2z,7,16384,274.933,49152,0,0,1
metrics_gf_add,1024,flock,8,16384,273.895,49152,0,0,1
metrics_gf_add,1024,f2z,8,16384,272.222,49152,0,0,1
metrics_gf_add,1024,shared,8,16384,279.780,49152,0,0,1
metrics_gf_add,1024,flock,9,16384,285.001,49152,0,0,1
metrics_gf_add,1024,f2z,9,16384,275.558,49152,0,0,1
metrics_gf_add,1024,shared,9,16384,283.249,49152,0,0,1
metrics_gf_add,1024,f2z,10,16384,277.924,49152,0,0,1
metrics_gf_add,1024,flock,10,16384,279.722,49152,0,0,1
metrics_gf_add,1024,shared,10,16384,274.048,49152,0,0,1
metrics_gf_add,1024,shared,11,16384,277.097,49152,0,0,1
metrics_gf_add,1024,flock,11,16384,273.331,49152,0,0,1
metrics_gf_add,1024,f2z,11,16384,274.076,49152,0,0,1
metrics_gf_add,1024,flock,12,16384,274.104,49152,0,0,1
metrics_gf_add,1024,shared,12,16384,276.515,49152,0,0,1
metrics_gf_add,1024,f2z,12,16384,275.291,49152,0,0,1
metrics_gf_add,1024,shared,13,16384,273.272,49152,0,0,1
metrics_gf_add,1024,f2z,13,16384,282.934,49152,0,0,1
metrics_gf_add,1024,flock,13,16384,273.649,49152,0,0,1
metrics_gf_add,1024,shared,14,16384,278.778,49152,0,0,1
metrics_gf_add,1024,f2z,14,16384,274.071,49152,0,0,1
metrics_gf_add,1024,flock,14,16384,278.201,49152,0,0,1
metrics_gf_add,1024,f2z,15,16384,272.616,49152,0,0,1
metrics_gf_add,1024,shared,15,16384,289.902,49152,0,0,1
metrics_gf_add,1024,flock,15,16384,272.247,49152,0,0,1
metrics_gf_add,1024,flock,16,16384,274.712,49152,0,0,1
metrics_gf_add,1024,shared,16,16384,281.309,49152,0,0,1
metrics_gf_add,1024,f2z,16,16384,274.956,49152,0,0,1
metrics_gf_add,1024,flock,17,16384,278.488,49152,0,0,1
metrics_gf_add,1024,shared,17,16384,276.235,49152,0,0,1
metrics_gf_add,1024,f2z,17,16384,278.587,49152,0,0,1
metrics_gf_add,1024,f2z,18,16384,272.346,49152,0,0,1
metrics_gf_add,1024,flock,18,16384,277.245,49152,0,0,1
metrics_gf_add,1024,shared,18,16384,273.356,49152,0,0,1
metrics_gf_add,1024,f2z,19,16384,282.458,49152,0,0,1
metrics_gf_add,1024,shared,19,16384,272.817,49152,0,0,1
metrics_gf_add,1024,flock,19,16384,276.263,49152,0,0,1
metrics_gf_add,1024,shared,20,16384,282.687,49152,0,0,1
metrics_gf_add,1024,flock,20,16384,271.965,49152,0,0,1
metrics_gf_add,1024,f2z,20,16384,272.141,49152,0,0,1
metrics_gf_add,1024,shared,21,16384,273.908,49152,0,0,1
metrics_gf_add,1024,flock,21,16384,284.370,49152,0,0,1
metrics_gf_add,1024,f2z,21,16384,273.115,49152,0,0,1
metrics_gf_add,1024,f2z,22,16384,284.017,49152,0,0,1
metrics_gf_add,1024,flock,22,16384,274.386,49152,0,0,1
metrics_gf_add,1024,shared,22,16384,279.564,49152,0,0,1
metrics_gf_add,1024,shared,23,16384,272.962,49152,0,0,1
metrics_gf_add,1024,f2z,23,16384,275.490,49152,0,0,1
metrics_gf_add,1024,flock,23,16384,282.791,49152,0,0,1
metrics_gf_add,1024,flock,24,16384,280.632,49152,0,0,1
metrics_gf_add,1024,shared,24,16384,277.397,49152,0,0,1
metrics_gf_add,1024,f2z,24,16384,275.869,49152,0,0,1
metrics_gf_add,1024,shared,25,16384,279.951,49152,0,0,1
metrics_gf_add,1024,flock,25,16384,272.786,49152,0,0,1
metrics_gf_add,1024,f2z,25,16384,279.422,49152,0,0,1
metrics_gf_add,1024,shared,26,16384,275.347,49152,0,0,1
metrics_gf_add,1024,f2z,26,16384,274.925,49152,0,0,1
metrics_gf_add,1024,flock,26,16384,273.938,49152,0,0,1
metrics_gf_add,1024,f2z,27,16384,277.552,49152,0,0,1
metrics_gf_add,1024,flock,27,16384,276.644,49152,0,0,1
metrics_gf_add,1024,shared,27,16384,274.684,49152,0,0,1
metrics_gf_add,1024,flock,28,16384,277.237,49152,0,0,1
metrics_gf_add,1024,shared,28,16384,273.615,49152,0,0,1
metrics_gf_add,1024,f2z,28,16384,284.663,49152,0,0,1
metrics_gf_add,1024,shared,29,16384,275.805,49152,0,0,1
metrics_gf_add,1024,f2z,29,16384,275.660,49152,0,0,1
metrics_gf_add,1024,flock,29,16384,281.601,49152,0,0,1
metrics_gf_add,1024,shared,30,16384,277.977,49152,0,0,1
metrics_gf_add,1024,flock,30,16384,285.929,49152,0,0,1
metrics_gf_add,1024,f2z,30,16384,275.080,49152,0,0,1
metrics_gf_add,1024,shared,31,16384,281.003,49152,0,0,1
metrics_gf_add,1024,flock,31,16384,274.394,49152,0,0,1
metrics_gf_add,1024,f2z,31,16384,281.344,49152,0,0,1
metrics_gf_square,1024,flock,0,8192,2426.854,32768,0,0,1
metrics_gf_square,1024,shared,0,8192,691.849,32768,0,0,1
metrics_gf_square,1024,f2z,0,8192,675.237,32768,0,0,1
metrics_gf_square,1024,flock,1,8192,2396.250,32768,0,0,1
metrics_gf_square,1024,shared,1,8192,676.010,32768,0,0,1
metrics_gf_square,1024,f2z,1,8192,665.268,32768,0,0,1
metrics_gf_square,1024,flock,2,8192,2398.814,32768,0,0,1
metrics_gf_square,1024,f2z,2,8192,666.148,32768,0,0,1
metrics_gf_square,1024,shared,2,8192,683.756,32768,0,0,1
metrics_gf_square,1024,f2z,3,8192,677.256,32768,0,0,1
metrics_gf_square,1024,flock,3,8192,2417.409,32768,0,0,1
metrics_gf_square,1024,shared,3,8192,670.476,32768,0,0,1
metrics_gf_square,1024,shared,4,8192,671.321,32768,0,0,1
metrics_gf_square,1024,f2z,4,8192,661.174,32768,0,0,1
metrics_gf_square,1024,flock,4,8192,2417.928,32768,0,0,1
metrics_gf_square,1024,f2z,5,8192,658.717,32768,0,0,1
metrics_gf_square,1024,flock,5,8192,2444.560,32768,0,0,1
metrics_gf_square,1024,shared,5,8192,665.405,32768,0,0,1
metrics_gf_square,1024,f2z,6,8192,665.853,32768,0,0,1
metrics_gf_square,1024,flock,6,8192,2400.167,32768,0,0,1
metrics_gf_square,1024,shared,6,8192,679.092,32768,0,0,1
metrics_gf_square,1024,shared,7,8192,667.653,32768,0,0,1
metrics_gf_square,1024,f2z,7,8192,662.618,32768,0,0,1
metrics_gf_square,1024,flock,7,8192,2414.047,32768,0,0,1
metrics_gf_square,1024,flock,8,8192,2389.765,32768,0,0,1
metrics_gf_square,1024,shared,8,8192,662.267,32768,0,0,1
metrics_gf_square,1024,f2z,8,8192,669.876,32768,0,0,1
metrics_gf_square,1024,flock,9,8192,2401.774,32768,0,0,1
metrics_gf_square,1024,shared,9,8192,658.264,32768,0,0,1
metrics_gf_square,1024,f2z,9,8192,661.901,32768,0,0,1
metrics_gf_square,1024,f2z,10,8192,673.192,32768,0,0,1
metrics_gf_square,1024,flock,10,8192,2426.178,32768,0,0,1
metrics_gf_square,1024,shared,10,8192,673.004,32768,0,0,1
metrics_gf_square,1024,flock,11,8192,2414.891,32768,0,0,1
metrics_gf_square,1024,f2z,11,8192,666.250,32768,0,0,1
metrics_gf_square,1024,shared,11,8192,671.549,32768,0,0,1
metrics_gf_square,1024,shared,12,8192,670.720,32768,0,0,1
metrics_gf_square,1024,f2z,12,8192,681.173,32768,0,0,1
metrics_gf_square,1024,flock,12,8192,2414.347,32768,0,0,1
metrics_gf_square,1024,f2z,13,8192,666.163,32768,0,0,1
metrics_gf_square,1024,flock,13,8192,2422.979,32768,0,0,1
metrics_gf_square,1024,shared,13,8192,679.993,32768,0,0,1
metrics_gf_square,1024,f2z,14,8192,711.034,32768,0,0,1
metrics_gf_square,1024,shared,14,8192,682.312,32768,0,0,1
metrics_gf_square,1024,flock,14,8192,2581.858,32768,0,0,1
metrics_gf_square,1024,shared,15,8192,691.676,32768,0,0,1
metrics_gf_square,1024,flock,15,8192,2461.349,32768,0,0,1
metrics_gf_square,1024,f2z,15,8192,665.868,32768,0,0,1
metrics_gf_square,1024,f2z,16,8192,701.650,32768,0,0,1
metrics_gf_square,1024,flock,16,8192,2505.417,32768,0,0,1
metrics_gf_square,1024,shared,16,8192,668.849,32768,0,0,1
metrics_gf_square,1024,flock,17,8192,2438.655,32768,0,0,1
metrics_gf_square,1024,shared,17,8192,673.009,32768,0,0,1
metrics_gf_square,1024,f2z,17,8192,678.319,32768,0,0,1
metrics_gf_square,1024,shared,18,8192,678.487,32768,0,0,1
metrics_gf_square,1024,flock,18,8192,2437.943,32768,0,0,1
metrics_gf_square,1024,f2z,18,8192,678.813,32768,0,0,1
metrics_gf_square,1024,f2z,19,8192,656.921,32768,0,0,1
metrics_gf_square,1024,flock,19,8192,2430.028,32768,0,0,1
metrics_gf_square,1024,shared,19,8192,668.823,32768,0,0,1
metrics_gf_square,1024,f2z,20,8192,661.647,32768,0,0,1
metrics_gf_square,1024,flock,20,8192,2419.459,32768,0,0,1
metrics_gf_square,1024,shared,20,8192,708.471,32768,0,0,1
metrics_gf_square,1024,f2z,21,8192,666.580,32768,0,0,1
metrics_gf_square,1024,shared,21,8192,692.993,32768,0,0,1
metrics_gf_square,1024,flock,21,8192,2441.010,32768,0,0,1
metrics_gf_square,1024,shared,22,8192,670.278,32768,0,0,1
metrics_gf_square,1024,flock,22,8192,2426.107,32768,0,0,1
metrics_gf_square,1024,f2z,22,8192,678.075,32768,0,0,1
metrics_gf_square,1024,shared,23,8192,681.371,32768,0,0,1
metrics_gf_square,1024,f2z,23,8192,671.224,32768,0,0,1
metrics_gf_square,1024,flock,23,8192,2403.386,32768,0,0,1
metrics_gf_square,1024,shared,24,8192,672.831,32768,0,0,1
metrics_gf_square,1024,f2z,24,8192,680.801,32768,0,0,1
metrics_gf_square,1024,flock,24,8192,2418.762,32768,0,0,1
metrics_gf_square,1024,f2z,25,8192,672.445,32768,0,0,1
metrics_gf_square,1024,flock,25,8192,2422.419,32768,0,0,1
metrics_gf_square,1024,shared,25,8192,683.573,32768,0,0,1
metrics_gf_square,1024,shared,26,8192,676.397,32768,0,0,1
metrics_gf_square,1024,f2z,26,8192,665.263,32768,0,0,1
metrics_gf_square,1024,flock,26,8192,2437.154,32768,0,0,1
metrics_gf_square,1024,f2z,27,8192,687.103,32768,0,0,1
metrics_gf_square,1024,shared,27,8192,720.688,32768,0,0,1
metrics_gf_square,1024,flock,27,8192,2530.243,32768,0,0,1
metrics_gf_square,1024,flock,28,8192,2469.813,32768,0,0,1
metrics_gf_square,1024,shared,28,8192,705.984,32768,0,0,1
metrics_gf_square,1024,f2z,28,8192,683.416,32768,0,0,1
metrics_gf_square,1024,f2z,29,8192,683.578,32768,0,0,1
metrics_gf_square,1024,shared,29,8192,663.350,32768,0,0,1
metrics_gf_square,1024,flock,29,8192,2424.540,32768,0,0,1
metrics_gf_square,1024,f2z,30,8192,664.744,32768,0,0,1
metrics_gf_square,1024,shared,30,8192,670.588,32768,0,0,1
metrics_gf_square,1024,flock,30,8192,2435.211,32768,0,0,1
metrics_gf_square,1024,shared,31,8192,685.928,32768,0,0,1
metrics_gf_square,1024,flock,31,8192,2437.546,32768,0,0,1
metrics_gf_square,1024,f2z,31,8192,662.470,32768,0,0,1
metrics_gf_inverse,1024,shared,0,8,444135.500,32768,0,0,1
metrics_gf_inverse,1024,f2z,0,8,454770.875,32768,0,0,1
metrics_gf_inverse,1024,flock,0,8,1113703.125,32768,0,0,1
metrics_gf_inverse,1024,flock,1,8,1092541.625,32768,0,0,1
metrics_gf_inverse,1024,shared,1,8,455744.750,32768,0,0,1
metrics_gf_inverse,1024,f2z,1,8,447197.875,32768,0,0,1
metrics_gf_inverse,1024,f2z,2,8,453328.125,32768,0,0,1
metrics_gf_inverse,1024,flock,2,8,1092390.625,32768,0,0,1
metrics_gf_inverse,1024,shared,2,8,445739.500,32768,0,0,1
metrics_gf_inverse,1024,flock,3,8,1085916.625,32768,0,0,1
metrics_gf_inverse,1024,f2z,3,8,449416.625,32768,0,0,1
metrics_gf_inverse,1024,shared,3,8,458656.250,32768,0,0,1
metrics_gf_inverse,1024,f2z,4,8,453026.000,32768,0,0,1
metrics_gf_inverse,1024,shared,4,8,462041.625,32768,0,0,1
metrics_gf_inverse,1024,flock,4,8,1103119.875,32768,0,0,1
metrics_gf_inverse,1024,shared,5,8,444875.000,32768,0,0,1
metrics_gf_inverse,1024,flock,5,8,1090255.125,32768,0,0,1
metrics_gf_inverse,1024,f2z,5,8,464916.625,32768,0,0,1
metrics_gf_inverse,1024,flock,6,8,1102151.000,32768,0,0,1
metrics_gf_inverse,1024,f2z,6,8,449776.000,32768,0,0,1
metrics_gf_inverse,1024,shared,6,8,451479.125,32768,0,0,1
metrics_gf_inverse,1024,shared,7,8,444890.625,32768,0,0,1
metrics_gf_inverse,1024,f2z,7,8,456166.625,32768,0,0,1
metrics_gf_inverse,1024,flock,7,8,1106349.000,32768,0,0,1
metrics_gf_inverse,1024,f2z,8,8,447109.375,32768,0,0,1
metrics_gf_inverse,1024,shared,8,8,444098.875,32768,0,0,1
metrics_gf_inverse,1024,flock,8,8,1110250.000,32768,0,0,1
metrics_gf_inverse,1024,shared,9,8,449979.250,32768,0,0,1
metrics_gf_inverse,1024,flock,9,8,1092859.375,32768,0,0,1
metrics_gf_inverse,1024,f2z,9,8,469692.750,32768,0,0,1
metrics_gf_inverse,1024,shared,10,8,445125.000,32768,0,0,1
metrics_gf_inverse,1024,flock,10,8,1093432.250,32768,0,0,1
metrics_gf_inverse,1024,f2z,10,8,457161.500,32768,0,0,1
metrics_gf_inverse,1024,flock,11,8,1097427.125,32768,0,0,1
metrics_gf_inverse,1024,f2z,11,8,457520.750,32768,0,0,1
metrics_gf_inverse,1024,shared,11,8,446921.875,32768,0,0,1
metrics_gf_inverse,1024,flock,12,8,1097729.250,32768,0,0,1
metrics_gf_inverse,1024,shared,12,8,444161.500,32768,0,0,1
metrics_gf_inverse,1024,f2z,12,8,450520.875,32768,0,0,1
metrics_gf_inverse,1024,f2z,13,8,463645.750,32768,0,0,1
metrics_gf_inverse,1024,shared,13,8,447901.000,32768,0,0,1
metrics_gf_inverse,1024,flock,13,8,1099880.125,32768,0,0,1
metrics_gf_inverse,1024,shared,14,8,459296.875,32768,0,0,1
metrics_gf_inverse,1024,flock,14,8,1097708.375,32768,0,0,1
metrics_gf_inverse,1024,f2z,14,8,450421.875,32768,0,0,1
metrics_gf_inverse,1024,shared,15,8,459489.625,32768,0,0,1
metrics_gf_inverse,1024,f2z,15,8,450442.625,32768,0,0,1
metrics_gf_inverse,1024,flock,15,8,1090760.500,32768,0,0,1
metrics_gf_inverse,1024,shared,16,8,446526.000,32768,0,0,1
metrics_gf_inverse,1024,flock,16,8,1094708.375,32768,0,0,1
metrics_gf_inverse,1024,f2z,16,8,445974.000,32768,0,0,1
metrics_gf_inverse,1024,shared,17,8,446708.250,32768,0,0,1
metrics_gf_inverse,1024,f2z,17,8,455395.875,32768,0,0,1
metrics_gf_inverse,1024,flock,17,8,1082572.875,32768,0,0,1
metrics_gf_inverse,1024,shared,18,8,446177.125,32768,0,0,1
metrics_gf_inverse,1024,flock,18,8,1095395.875,32768,0,0,1
metrics_gf_inverse,1024,f2z,18,8,446984.375,32768,0,0,1
metrics_gf_inverse,1024,shared,19,8,447286.375,32768,0,0,1
metrics_gf_inverse,1024,flock,19,8,1097760.500,32768,0,0,1
metrics_gf_inverse,1024,f2z,19,8,446447.875,32768,0,0,1
metrics_gf_inverse,1024,flock,20,8,1100421.875,32768,0,0,1
metrics_gf_inverse,1024,shared,20,8,443328.125,32768,0,0,1
metrics_gf_inverse,1024,f2z,20,8,449067.625,32768,0,0,1
metrics_gf_inverse,1024,shared,21,8,444739.500,32768,0,0,1
metrics_gf_inverse,1024,flock,21,8,1101151.000,32768,0,0,1
metrics_gf_inverse,1024,f2z,21,8,447062.500,32768,0,0,1
metrics_gf_inverse,1024,flock,22,8,1094036.375,32768,0,0,1
metrics_gf_inverse,1024,shared,22,8,442770.875,32768,0,0,1
metrics_gf_inverse,1024,f2z,22,8,445166.750,32768,0,0,1
metrics_gf_inverse,1024,shared,23,8,453229.125,32768,0,0,1
metrics_gf_inverse,1024,flock,23,8,1076390.625,32768,0,0,1
metrics_gf_inverse,1024,f2z,23,8,452218.750,32768,0,0,1
metrics_gf_inverse,1024,shared,24,8,448906.250,32768,0,0,1
metrics_gf_inverse,1024,flock,24,8,1084875.000,32768,0,0,1
metrics_gf_inverse,1024,f2z,24,8,443260.375,32768,0,0,1
metrics_gf_inverse,1024,flock,25,8,1091078.125,32768,0,0,1
metrics_gf_inverse,1024,shared,25,8,461046.875,32768,0,0,1
metrics_gf_inverse,1024,f2z,25,8,445010.375,32768,0,0,1
metrics_gf_inverse,1024,flock,26,8,1098953.125,32768,0,0,1
metrics_gf_inverse,1024,shared,26,8,442546.875,32768,0,0,1
metrics_gf_inverse,1024,f2z,26,8,449724.000,32768,0,0,1
metrics_gf_inverse,1024,flock,27,8,1090125.000,32768,0,0,1
metrics_gf_inverse,1024,shared,27,8,463864.625,32768,0,0,1
metrics_gf_inverse,1024,f2z,27,8,448005.250,32768,0,0,1
metrics_gf_inverse,1024,flock,28,8,1088026.000,32768,0,0,1
metrics_gf_inverse,1024,shared,28,8,442807.250,32768,0,0,1
metrics_gf_inverse,1024,f2z,28,8,450229.125,32768,0,0,1
metrics_gf_inverse,1024,flock,29,8,1098796.875,32768,0,0,1
metrics_gf_inverse,1024,f2z,29,8,453484.375,32768,0,0,1
metrics_gf_inverse,1024,shared,29,8,459276.125,32768,0,0,1
metrics_gf_inverse,1024,shared,30,8,445552.125,32768,0,0,1
metrics_gf_inverse,1024,flock,30,8,1094604.250,32768,0,0,1
metrics_gf_inverse,1024,f2z,30,8,461557.375,32768,0,0,1
metrics_gf_inverse,1024,flock,31,8,1096401.125,32768,0,0,1
metrics_gf_inverse,1024,shared,31,8,463286.500,32768,0,0,1
metrics_gf_inverse,1024,f2z,31,8,455442.750,32768,0,0,1
gf8_add,16,flock,0,1048576,3.460,48,0,0,1
gf8_add,16,flock,1,1048576,3.582,48,0,0,1
gf8_add,16,flock,2,1048576,3.407,48,0,0,1
gf8_add,16,flock,3,1048576,3.416,48,0,0,1
gf8_add,16,flock,4,1048576,3.524,48,0,0,1
gf8_add,16,flock,5,1048576,3.431,48,0,0,1
gf8_add,16,flock,6,1048576,3.455,48,0,0,1
gf8_add,16,flock,7,1048576,3.498,48,0,0,1
gf8_add,16,flock,8,1048576,3.454,48,0,0,1
gf8_add,16,flock,9,1048576,3.502,48,0,0,1
gf8_add,16,flock,10,1048576,3.464,48,0,0,1
gf8_add,16,flock,11,1048576,3.499,48,0,0,1
gf8_add,16,flock,12,1048576,3.433,48,0,0,1
gf8_add,16,flock,13,1048576,3.534,48,0,0,1
gf8_add,16,flock,14,1048576,3.497,48,0,0,1
gf8_add,16,flock,15,1048576,3.553,48,0,0,1
gf8_add,16,flock,16,1048576,3.467,48,0,0,1
gf8_add,16,flock,17,1048576,3.454,48,0,0,1
gf8_add,16,flock,18,1048576,3.477,48,0,0,1
gf8_add,16,flock,19,1048576,3.480,48,0,0,1
gf8_add,16,flock,20,1048576,3.496,48,0,0,1
gf8_add,16,flock,21,1048576,3.437,48,0,0,1
gf8_add,16,flock,22,1048576,3.483,48,0,0,1
gf8_add,16,flock,23,1048576,3.471,48,0,0,1
gf8_add,16,flock,24,1048576,3.552,48,0,0,1
gf8_add,16,flock,25,1048576,3.457,48,0,0,1
gf8_add,16,flock,26,1048576,3.455,48,0,0,1
gf8_add,16,flock,27,1048576,3.450,48,0,0,1
gf8_add,16,flock,28,1048576,3.488,48,0,0,1
gf8_add,16,flock,29,1048576,3.488,48,0,0,1
gf8_add,16,flock,30,1048576,3.478,48,0,0,1
gf8_add,16,flock,31,1048576,3.423,48,0,0,1
gf8_mul,16,flock,0,131072,24.849,48,0,0,1
gf8_mul,16,flock,1,131072,24.128,48,0,0,1
gf8_mul,16,flock,2,131072,23.985,48,0,0,1
gf8_mul,16,flock,3,131072,25.046,48,0,0,1
gf8_mul,16,flock,4,131072,24.303,48,0,0,1
gf8_mul,16,flock,5,131072,24.827,48,0,0,1
gf8_mul,16,flock,6,131072,24.767,48,0,0,1
gf8_mul,16,flock,7,131072,24.142,48,0,0,1
gf8_mul,16,flock,8,131072,24.811,48,0,0,1
gf8_mul,16,flock,9,131072,24.475,48,0,0,1
gf8_mul,16,flock,10,131072,24.743,48,0,0,1
gf8_mul,16,flock,11,131072,24.307,48,0,0,1
gf8_mul,16,flock,12,131072,24.336,48,0,0,1
gf8_mul,16,flock,13,131072,24.337,48,0,0,1
gf8_mul,16,flock,14,131072,24.078,48,0,0,1
gf8_mul,16,flock,15,131072,24.550,48,0,0,1
gf8_mul,16,flock,16,131072,24.116,48,0,0,1
gf8_mul,16,flock,17,131072,24.124,48,0,0,1
gf8_mul,16,flock,18,131072,24.159,48,0,0,1
gf8_mul,16,flock,19,131072,24.187,48,0,0,1
gf8_mul,16,flock,20,131072,25.437,48,0,0,1
gf8_mul,16,flock,21,131072,24.073,48,0,0,1
gf8_mul,16,flock,22,131072,24.083,48,0,0,1
gf8_mul,16,flock,23,131072,24.556,48,0,0,1
gf8_mul,16,flock,24,131072,24.070,48,0,0,1
gf8_mul,16,flock,25,131072,24.924,48,0,0,1
gf8_mul,16,flock,26,131072,24.494,48,0,0,1
gf8_mul,16,flock,27,131072,24.152,48,0,0,1
gf8_mul,16,flock,28,131072,24.097,48,0,0,1
gf8_mul,16,flock,29,131072,24.278,48,0,0,1
gf8_mul,16,flock,30,131072,24.972,48,0,0,1
gf8_mul,16,flock,31,131072,24.127,48,0,0,1
gf8_inverse,16,flock,0,8192,603.907,32,0,0,1
gf8_inverse,16,flock,1,8192,580.999,32,0,0,1
gf8_inverse,16,flock,2,8192,578.176,32,0,0,1
gf8_inverse,16,flock,3,8192,613.963,32,0,0,1
gf8_inverse,16,flock,4,8192,580.297,32,0,0,1
gf8_inverse,16,flock,5,8192,578.247,32,0,0,1
gf8_inverse,16,flock,6,8192,578.557,32,0,0,1
gf8_inverse,16,flock,7,8192,593.836,32,0,0,1
gf8_inverse,16,flock,8,8192,577.347,32,0,0,1
gf8_inverse,16,flock,9,8192,583.862,32,0,0,1
gf8_inverse,16,flock,10,8192,591.110,32,0,0,1
gf8_inverse,16,flock,11,8192,586.787,32,0,0,1
gf8_inverse,16,flock,12,8192,584.666,32,0,0,1
gf8_inverse,16,flock,13,8192,601.171,32,0,0,1
gf8_inverse,16,flock,14,8192,595.835,32,0,0,1
gf8_inverse,16,flock,15,8192,577.560,32,0,0,1
gf8_inverse,16,flock,16,8192,589.035,32,0,0,1
gf8_inverse,16,flock,17,8192,589.773,32,0,0,1
gf8_inverse,16,flock,18,8192,594.330,32,0,0,1
gf8_inverse,16,flock,19,8192,576.426,32,0,0,1
gf8_inverse,16,flock,20,8192,577.621,32,0,0,1
gf8_inverse,16,flock,21,8192,590.729,32,0,0,1
gf8_inverse,16,flock,22,8192,577.062,32,0,0,1
gf8_inverse,16,flock,23,8192,580.353,32,0,0,1
gf8_inverse,16,flock,24,8192,581.177,32,0,0,1
gf8_inverse,16,flock,25,8192,591.156,32,0,0,1
gf8_inverse,16,flock,26,8192,578.857,32,0,0,1
gf8_inverse,16,flock,27,8192,577.265,32,0,0,1
gf8_inverse,16,flock,28,8192,596.670,32,0,0,1
gf8_inverse,16,flock,29,8192,582.123,32,0,0,1
gf8_inverse,16,flock,30,8192,577.103,32,0,0,1
gf8_inverse,16,flock,31,8192,595.708,32,0,0,1
b127_add,16,f2z,0,524288,10.359,768,0,0,1
b127_add,16,f2z,1,524288,10.408,768,0,0,1
b127_add,16,f2z,2,524288,9.969,768,0,0,1
b127_add,16,f2z,3,524288,9.925,768,0,0,1
b127_add,16,f2z,4,524288,10.250,768,0,0,1
b127_add,16,f2z,5,524288,9.983,768,0,0,1
b127_add,16,f2z,6,524288,10.141,768,0,0,1
b127_add,16,f2z,7,524288,10.191,768,0,0,1
b127_add,16,f2z,8,524288,10.250,768,0,0,1
b127_add,16,f2z,9,524288,10.055,768,0,0,1
b127_add,16,f2z,10,524288,10.250,768,0,0,1
b127_add,16,f2z,11,524288,9.927,768,0,0,1
b127_add,16,f2z,12,524288,10.122,768,0,0,1
b127_add,16,f2z,13,524288,10.035,768,0,0,1
b127_add,16,f2z,14,524288,9.951,768,0,0,1
b127_add,16,f2z,15,524288,10.084,768,0,0,1
b127_add,16,f2z,16,524288,10.328,768,0,0,1
b127_add,16,f2z,17,524288,9.858,768,0,0,1
b127_add,16,f2z,18,524288,10.038,768,0,0,1
b127_add,16,f2z,19,524288,10.174,768,0,0,1
b127_add,16,f2z,20,524288,9.937,768,0,0,1
b127_add,16,f2z,21,524288,10.107,768,0,0,1
b127_add,16,f2z,22,524288,10.316,768,0,0,1
b127_add,16,f2z,23,524288,9.981,768,0,0,1
b127_add,16,f2z,24,524288,10.043,768,0,0,1
b127_add,16,f2z,25,524288,9.994,768,0,0,1
b127_add,16,f2z,26,524288,9.914,768,0,0,1
b127_add,16,f2z,27,524288,10.057,768,0,0,1
b127_add,16,f2z,28,524288,10.153,768,0,0,1
b127_add,16,f2z,29,524288,10.208,768,0,0,1
b127_add,16,f2z,30,524288,9.930,768,0,0,1
b127_add,16,f2z,31,524288,9.986,768,0,0,1
b127_mul,16,f2z,0,262144,20.475,768,0,0,1
b127_mul,16,f2z,1,262144,20.619,768,0,0,1
b127_mul,16,f2z,2,262144,20.236,768,0,0,1
b127_mul,16,f2z,3,262144,20.327,768,0,0,1
b127_mul,16,f2z,4,262144,20.732,768,0,0,1
b127_mul,16,f2z,5,262144,20.540,768,0,0,1
b127_mul,16,f2z,6,262144,20.371,768,0,0,1
b127_mul,16,f2z,7,262144,20.758,768,0,0,1
b127_mul,16,f2z,8,262144,20.142,768,0,0,1
b127_mul,16,f2z,9,262144,20.625,768,0,0,1
b127_mul,16,f2z,10,262144,20.788,768,0,0,1
b127_mul,16,f2z,11,262144,20.428,768,0,0,1
b127_mul,16,f2z,12,262144,20.508,768,0,0,1
b127_mul,16,f2z,13,262144,21.061,768,0,0,1
b127_mul,16,f2z,14,262144,20.412,768,0,0,1
b127_mul,16,f2z,15,262144,20.349,768,0,0,1
b127_mul,16,f2z,16,262144,20.535,768,0,0,1
b127_mul,16,f2z,17,262144,20.658,768,0,0,1
b127_mul,16,f2z,18,262144,20.403,768,0,0,1
b127_mul,16,f2z,19,262144,20.445,768,0,0,1
b127_mul,16,f2z,20,262144,20.587,768,0,0,1
b127_mul,16,f2z,21,262144,20.477,768,0,0,1
b127_mul,16,f2z,22,262144,20.326,768,0,0,1
b127_mul,16,f2z,23,262144,20.596,768,0,0,1
b127_mul,16,f2z,24,262144,20.292,768,0,0,1
b127_mul,16,f2z,25,262144,20.282,768,0,0,1
b127_mul,16,f2z,26,262144,20.529,768,0,0,1
b127_mul,16,f2z,27,262144,20.571,768,0,0,1
b127_mul,16,f2z,28,262144,20.536,768,0,0,1
b127_mul,16,f2z,29,262144,20.709,768,0,0,1
b127_mul,16,f2z,30,262144,20.104,768,0,0,1
b127_mul,16,f2z,31,262144,20.092,768,0,0,1
b127_square,16,f2z,0,262144,11.840,512,0,0,1
b127_square,16,f2z,1,262144,11.739,512,0,0,1
b127_square,16,f2z,2,262144,11.728,512,0,0,1
b127_square,16,f2z,3,262144,11.865,512,0,0,1
b127_square,16,f2z,4,262144,12.063,512,0,0,1
b127_square,16,f2z,5,262144,11.541,512,0,0,1
b127_square,16,f2z,6,262144,11.723,512,0,0,1
b127_square,16,f2z,7,262144,12.042,512,0,0,1
b127_square,16,f2z,8,262144,11.555,512,0,0,1
b127_square,16,f2z,9,262144,12.097,512,0,0,1
b127_square,16,f2z,10,262144,11.751,512,0,0,1
b127_square,16,f2z,11,262144,11.764,512,0,0,1
b127_square,16,f2z,12,262144,11.712,512,0,0,1
b127_square,16,f2z,13,262144,11.773,512,0,0,1
b127_square,16,f2z,14,262144,12.154,512,0,0,1
b127_square,16,f2z,15,262144,11.493,512,0,0,1
b127_square,16,f2z,16,262144,11.685,512,0,0,1
b127_square,16,f2z,17,262144,11.796,512,0,0,1
b127_square,16,f2z,18,262144,11.787,512,0,0,1
b127_square,16,f2z,19,262144,11.762,512,0,0,1
b127_square,16,f2z,20,262144,12.129,512,0,0,1
b127_square,16,f2z,21,262144,11.769,512,0,0,1
b127_square,16,f2z,22,262144,11.798,512,0,0,1
b127_square,16,f2z,23,262144,11.821,512,0,0,1
b127_square,16,f2z,24,262144,11.903,512,0,0,1
b127_square,16,f2z,25,262144,12.099,512,0,0,1
b127_square,16,f2z,26,262144,11.573,512,0,0,1
b127_square,16,f2z,27,262144,11.579,512,0,0,1
b127_square,16,f2z,28,262144,12.062,512,0,0,1
b127_square,16,f2z,29,262144,11.739,512,0,0,1
b127_square,16,f2z,30,262144,11.814,512,0,0,1
b127_square,16,f2z,31,262144,11.739,512,0,0,1
b127_inverse,16,f2z,0,512,6780.926,512,0,0,1
b127_inverse,16,f2z,1,512,6995.688,512,0,0,1
b127_inverse,16,f2z,2,512,6764.648,512,0,0,1
b127_inverse,16,f2z,3,512,6764.240,512,0,0,1
b127_inverse,16,f2z,4,512,6800.619,512,0,0,1
b127_inverse,16,f2z,5,512,6774.740,512,0,0,1
b127_inverse,16,f2z,6,512,7016.195,512,0,0,1
b127_inverse,16,f2z,7,512,6819.174,512,0,0,1
b127_inverse,16,f2z,8,512,6840.412,512,0,0,1
b127_inverse,16,f2z,9,512,6930.176,512,0,0,1
b127_inverse,16,f2z,10,512,7005.453,512,0,0,1
b127_inverse,16,f2z,11,512,6794.027,512,0,0,1
b127_inverse,16,f2z,12,512,6774.252,512,0,0,1
b127_inverse,16,f2z,13,512,6922.363,512,0,0,1
b127_inverse,16,f2z,14,512,6802.408,512,0,0,1
b127_inverse,16,f2z,15,512,6815.104,512,0,0,1
b127_inverse,16,f2z,16,512,7061.932,512,0,0,1
b127_inverse,16,f2z,17,512,6795.816,512,0,0,1
b127_inverse,16,f2z,18,512,6803.549,512,0,0,1
b127_inverse,16,f2z,19,512,6832.600,512,0,0,1
b127_inverse,16,f2z,20,512,6990.561,512,0,0,1
b127_inverse,16,f2z,21,512,6768.555,512,0,0,1
b127_inverse,16,f2z,22,512,6785.889,512,0,0,1
b127_inverse,16,f2z,23,512,6821.207,512,0,0,1
b127_inverse,16,f2z,24,512,6791.180,512,0,0,1
b127_inverse,16,f2z,25,512,6865.803,512,0,0,1
b127_inverse,16,f2z,26,512,6825.846,512,0,0,1
b127_inverse,16,f2z,27,512,6781.738,512,0,0,1
b127_inverse,16,f2z,28,512,6793.295,512,0,0,1
b127_inverse,16,f2z,29,512,6795.004,512,0,0,1
b127_inverse,16,f2z,30,512,6876.627,512,0,0,1
b127_inverse,16,f2z,31,512,6761.395,512,0,0,1
gf8_add,1024,flock,0,262144,20.583,3072,0,0,1
gf8_add,1024,flock,1,262144,20.678,3072,0,0,1
gf8_add,1024,flock,2,262144,20.758,3072,0,0,1
gf8_add,1024,flock,3,262144,20.871,3072,0,0,1
gf8_add,1024,flock,4,262144,20.917,3072,0,0,1
gf8_add,1024,flock,5,262144,20.715,3072,0,0,1
gf8_add,1024,flock,6,262144,20.766,3072,0,0,1
gf8_add,1024,flock,7,262144,20.507,3072,0,0,1
gf8_add,1024,flock,8,262144,20.577,3072,0,0,1
gf8_add,1024,flock,9,262144,20.822,3072,0,0,1
gf8_add,1024,flock,10,262144,21.043,3072,0,0,1
gf8_add,1024,flock,11,262144,20.670,3072,0,0,1
gf8_add,1024,flock,12,262144,20.865,3072,0,0,1
gf8_add,1024,flock,13,262144,20.758,3072,0,0,1
gf8_add,1024,flock,14,262144,20.827,3072,0,0,1
gf8_add,1024,flock,15,262144,20.900,3072,0,0,1
gf8_add,1024,flock,16,262144,20.637,3072,0,0,1
gf8_add,1024,flock,17,262144,20.934,3072,0,0,1
gf8_add,1024,flock,18,262144,21.250,3072,0,0,1
gf8_add,1024,flock,19,262144,20.785,3072,0,0,1
gf8_add,1024,flock,20,262144,20.805,3072,0,0,1
gf8_add,1024,flock,21,262144,20.925,3072,0,0,1
gf8_add,1024,flock,22,262144,20.606,3072,0,0,1
gf8_add,1024,flock,23,262144,21.015,3072,0,0,1
gf8_add,1024,flock,24,262144,20.740,3072,0,0,1
gf8_add,1024,flock,25,262144,20.629,3072,0,0,1
gf8_add,1024,flock,26,262144,20.865,3072,0,0,1
gf8_add,1024,flock,27,262144,20.959,3072,0,0,1
gf8_add,1024,flock,28,262144,20.693,3072,0,0,1
gf8_add,1024,flock,29,262144,21.082,3072,0,0,1
gf8_add,1024,flock,30,262144,20.925,3072,0,0,1
gf8_add,1024,flock,31,262144,20.856,3072,0,0,1
gf8_mul,1024,flock,0,2048,1517.477,3072,0,0,1
gf8_mul,1024,flock,1,2048,1472.331,3072,0,0,1
gf8_mul,1024,flock,2,2048,1479.248,3072,0,0,1
gf8_mul,1024,flock,3,2048,1485.596,3072,0,0,1
gf8_mul,1024,flock,4,2048,1509.603,3072,0,0,1
gf8_mul,1024,flock,5,2048,1538.879,3072,0,0,1
gf8_mul,1024,flock,6,2048,1472.311,3072,0,0,1
gf8_mul,1024,flock,7,2048,1467.326,3072,0,0,1
gf8_mul,1024,flock,8,2048,1503.438,3072,0,0,1
gf8_mul,1024,flock,9,2048,1458.679,3072,0,0,1
gf8_mul,1024,flock,10,2048,1460.632,3072,0,0,1
gf8_mul,1024,flock,11,2048,1473.511,3072,0,0,1
gf8_mul,1024,flock,12,2048,1477.966,3072,0,0,1
gf8_mul,1024,flock,13,2048,1461.914,3072,0,0,1
gf8_mul,1024,flock,14,2048,1461.568,3072,0,0,1
gf8_mul,1024,flock,15,2048,1497.253,3072,0,0,1
gf8_mul,1024,flock,16,2048,1538.757,3072,0,0,1
gf8_mul,1024,flock,17,2048,1460.775,3072,0,0,1
gf8_mul,1024,flock,18,2048,1455.017,3072,0,0,1
gf8_mul,1024,flock,19,2048,1502.360,3072,0,0,1
gf8_mul,1024,flock,20,2048,1459.534,3072,0,0,1
gf8_mul,1024,flock,21,2048,1463.033,3072,0,0,1
gf8_mul,1024,flock,22,2048,1502.726,3072,0,0,1
gf8_mul,1024,flock,23,2048,1474.792,3072,0,0,1
gf8_mul,1024,flock,24,2048,1463.257,3072,0,0,1
gf8_mul,1024,flock,25,2048,1499.125,3072,0,0,1
gf8_mul,1024,flock,26,2048,1515.198,3072,0,0,1
gf8_mul,1024,flock,27,2048,1585.632,3072,0,0,1
gf8_mul,1024,flock,28,2048,1465.902,3072,0,0,1
gf8_mul,1024,flock,29,2048,1461.406,3072,0,0,1
gf8_mul,1024,flock,30,2048,1492.106,3072,0,0,1
gf8_mul,1024,flock,31,2048,1481.954,3072,0,0,1
gf8_inverse,1024,flock,0,128,37562.500,2048,0,0,1
gf8_inverse,1024,flock,1,128,37065.102,2048,0,0,1
gf8_inverse,1024,flock,2,128,36788.414,2048,0,0,1
gf8_inverse,1024,flock,3,128,36731.766,2048,0,0,1
gf8_inverse,1024,flock,4,128,36955.398,2048,0,0,1
gf8_inverse,1024,flock,5,128,37770.828,2048,0,0,1
gf8_inverse,1024,flock,6,128,36670.250,2048,0,0,1
gf8_inverse,1024,flock,7,128,36889.320,2048,0,0,1
gf8_inverse,1024,flock,8,128,36808.266,2048,0,0,1
gf8_inverse,1024,flock,9,128,37510.086,2048,0,0,1
gf8_inverse,1024,flock,10,128,36861.977,2048,0,0,1
gf8_inverse,1024,flock,11,128,37044.922,2048,0,0,1
gf8_inverse,1024,flock,12,128,37562.500,2048,0,0,1
gf8_inverse,1024,flock,13,128,36836.258,2048,0,0,1
gf8_inverse,1024,flock,14,128,36702.148,2048,0,0,1
gf8_inverse,1024,flock,15,128,36757.164,2048,0,0,1
gf8_inverse,1024,flock,16,128,37112.305,2048,0,0,1
gf8_inverse,1024,flock,17,128,36670.578,2048,0,0,1
gf8_inverse,1024,flock,18,128,36839.516,2048,0,0,1
gf8_inverse,1024,flock,19,128,37531.578,2048,0,0,1
gf8_inverse,1024,flock,20,128,36790.039,2048,0,0,1
gf8_inverse,1024,flock,21,128,36776.688,2048,0,0,1
gf8_inverse,1024,flock,22,128,36529.625,2048,0,0,1
gf8_inverse,1024,flock,23,128,37807.289,2048,0,0,1
gf8_inverse,1024,flock,24,128,36619.797,2048,0,0,1
gf8_inverse,1024,flock,25,128,37748.695,2048,0,0,1
gf8_inverse,1024,flock,26,128,37808.273,2048,0,0,1
gf8_inverse,1024,flock,27,128,36692.711,2048,0,0,1
gf8_inverse,1024,flock,28,128,37118.820,2048,0,0,1
gf8_inverse,1024,flock,29,128,36864.258,2048,0,0,1
gf8_inverse,1024,flock,30,128,37602.211,2048,0,0,1
gf8_inverse,1024,flock,31,128,36442.711,2048,0,0,1
b127_add,1024,f2z,0,16384,273.834,49152,0,0,1
b127_add,1024,f2z,1,16384,276.029,49152,0,0,1
b127_add,1024,f2z,2,16384,273.092,49152,0,0,1
b127_add,1024,f2z,3,16384,273.928,49152,0,0,1
b127_add,1024,f2z,4,16384,273.140,49152,0,0,1
b127_add,1024,f2z,5,16384,276.909,49152,0,0,1
b127_add,1024,f2z,6,16384,284.009,49152,0,0,1
b127_add,1024,f2z,7,16384,271.680,49152,0,0,1
b127_add,1024,f2z,8,16384,272.697,49152,0,0,1
b127_add,1024,f2z,9,16384,276.115,49152,0,0,1
b127_add,1024,f2z,10,16384,278.020,49152,0,0,1
b127_add,1024,f2z,11,16384,275.358,49152,0,0,1
b127_add,1024,f2z,12,16384,272.926,49152,0,0,1
b127_add,1024,f2z,13,16384,283.836,49152,0,0,1
b127_add,1024,f2z,14,16384,270.480,49152,0,0,1
b127_add,1024,f2z,15,16384,277.227,49152,0,0,1
b127_add,1024,f2z,16,16384,273.153,49152,0,0,1
b127_add,1024,f2z,17,16384,282.445,49152,0,0,1
b127_add,1024,f2z,18,16384,276.268,49152,0,0,1
b127_add,1024,f2z,19,16384,275.851,49152,0,0,1
b127_add,1024,f2z,20,16384,275.459,49152,0,0,1
b127_add,1024,f2z,21,16384,280.233,49152,0,0,1
b127_add,1024,f2z,22,16384,271.606,49152,0,0,1
b127_add,1024,f2z,23,16384,274.732,49152,0,0,1
b127_add,1024,f2z,24,16384,274.882,49152,0,0,1
b127_add,1024,f2z,25,16384,278.618,49152,0,0,1
b127_add,1024,f2z,26,16384,275.963,49152,0,0,1
b127_add,1024,f2z,27,16384,272.847,49152,0,0,1
b127_add,1024,f2z,28,16384,280.843,49152,0,0,1
b127_add,1024,f2z,29,16384,273.615,49152,0,0,1
b127_add,1024,f2z,30,16384,273.933,49152,0,0,1
b127_add,1024,f2z,31,16384,273.323,49152,0,0,1
b127_mul,1024,f2z,0,4096,1235.077,49152,0,0,1
b127_mul,1024,f2z,1,4096,1245.667,49152,0,0,1
b127_mul,1024,f2z,2,4096,1218.455,49152,0,0,1
b127_mul,1024,f2z,3,4096,1229.614,49152,0,0,1
b127_mul,1024,f2z,4,4096,1221.456,49152,0,0,1
b127_mul,1024,f2z,5,4096,1238.698,49152,0,0,1
b127_mul,1024,f2z,6,4096,1220.042,49152,0,0,1
b127_mul,1024,f2z,7,4096,1221.446,49152,0,0,1
b127_mul,1024,f2z,8,4096,1241.648,49152,0,0,1
b127_mul,1024,f2z,9,4096,1221.242,49152,0,0,1
b127_mul,1024,f2z,10,4096,1215.820,49152,0,0,1
b127_mul,1024,f2z,11,4096,1237.661,49152,0,0,1
b127_mul,1024,f2z,12,4096,1222.473,49152,0,0,1
b127_mul,1024,f2z,13,4096,1215.139,49152,0,0,1
b127_mul,1024,f2z,14,4096,1245.951,49152,0,0,1
b127_mul,1024,f2z,15,4096,1214.203,49152,0,0,1
b127_mul,1024,f2z,16,4096,1240.824,49152,0,0,1
b127_mul,1024,f2z,17,4096,1218.435,49152,0,0,1
b127_mul,1024,f2z,18,4096,1221.415,49152,0,0,1
b127_mul,1024,f2z,19,4096,1210.032,49152,0,0,1
b127_mul,1024,f2z,20,4096,1254.802,49152,0,0,1
b127_mul,1024,f2z,21,4096,1313.354,49152,0,0,1
b127_mul,1024,f2z,22,4096,1209.564,49152,0,0,1
b127_mul,1024,f2z,23,4096,1220.083,49152,0,0,1
b127_mul,1024,f2z,24,4096,1241.516,49152,0,0,1
b127_mul,1024,f2z,25,4096,1195.424,49152,0,0,1
b127_mul,1024,f2z,26,4096,1225.759,49152,0,0,1
b127_mul,1024,f2z,27,4096,1214.946,49152,0,0,1
b127_mul,1024,f2z,28,4096,1225.474,49152,0,0,1
b127_mul,1024,f2z,29,4096,1218.974,49152,0,0,1
b127_mul,1024,f2z,30,4096,1228.210,49152,0,0,1
b127_mul,1024,f2z,31,4096,1236.399,49152,0,0,1
b127_square,1024,f2z,0,8192,672.643,32768,0,0,1
b127_square,1024,f2z,1,8192,662.643,32768,0,0,1
b127_square,1024,f2z,2,8192,664.098,32768,0,0,1
b127_square,1024,f2z,3,8192,675.990,32768,0,0,1
b127_square,1024,f2z,4,8192,654.012,32768,0,0,1
b127_square,1024,f2z,5,8192,666.977,32768,0,0,1
b127_square,1024,f2z,6,8192,662.297,32768,0,0,1
b127_square,1024,f2z,7,8192,661.885,32768,0,0,1
b127_square,1024,f2z,8,8192,665.009,32768,0,0,1
b127_square,1024,f2z,9,8192,691.350,32768,0,0,1
b127_square,1024,f2z,10,8192,675.685,32768,0,0,1
b127_square,1024,f2z,11,8192,666.799,32768,0,0,1
b127_square,1024,f2z,12,8192,673.111,32768,0,0,1
b127_square,1024,f2z,13,8192,650.457,32768,0,0,1
b127_square,1024,f2z,14,8192,665.075,32768,0,0,1
b127_square,1024,f2z,15,8192,675.461,32768,0,0,1
b127_square,1024,f2z,16,8192,667.933,32768,0,0,1
b127_square,1024,f2z,17,8192,662.089,32768,0,0,1
b127_square,1024,f2z,18,8192,679.916,32768,0,0,1
b127_square,1024,f2z,19,8192,650.996,32768,0,0,1
b127_square,1024,f2z,20,8192,658.498,32768,0,0,1
b127_square,1024,f2z,21,8192,664.714,32768,0,0,1
b127_square,1024,f2z,22,8192,672.038,32768,0,0,1
b127_square,1024,f2z,23,8192,661.565,32768,0,0,1
b127_square,1024,f2z,24,8192,663.869,32768,0,0,1
b127_square,1024,f2z,25,8192,664.388,32768,0,0,1
b127_square,1024,f2z,26,8192,663.945,32768,0,0,1
b127_square,1024,f2z,27,8192,658.101,32768,0,0,1
b127_square,1024,f2z,28,8192,669.937,32768,0,0,1
b127_square,1024,f2z,29,8192,665.334,32768,0,0,1
b127_square,1024,f2z,30,8192,659.190,32768,0,0,1
b127_square,1024,f2z,31,8192,657.812,32768,0,0,1
b127_inverse,1024,f2z,0,8,433692.625,32768,0,0,1
b127_inverse,1024,f2z,1,8,448265.625,32768,0,0,1
b127_inverse,1024,f2z,2,8,431979.250,32768,0,0,1
b127_inverse,1024,f2z,3,8,445223.875,32768,0,0,1
b127_inverse,1024,f2z,4,8,434390.625,32768,0,0,1
b127_inverse,1024,f2z,5,8,437781.250,32768,0,0,1
b127_inverse,1024,f2z,6,8,436359.375,32768,0,0,1
b127_inverse,1024,f2z,7,8,433177.125,32768,0,0,1
b127_inverse,1024,f2z,8,8,433088.500,32768,0,0,1
b127_inverse,1024,f2z,9,8,433984.375,32768,0,0,1
b127_inverse,1024,f2z,10,8,447281.250,32768,0,0,1
b127_inverse,1024,f2z,11,8,432729.250,32768,0,0,1
b127_inverse,1024,f2z,12,8,431531.250,32768,0,0,1
b127_inverse,1024,f2z,13,8,445468.750,32768,0,0,1
b127_inverse,1024,f2z,14,8,445974.000,32768,0,0,1
b127_inverse,1024,f2z,15,8,450822.875,32768,0,0,1
b127_inverse,1024,f2z,16,8,438781.250,32768,0,0,1
b127_inverse,1024,f2z,17,8,439463.500,32768,0,0,1
b127_inverse,1024,f2z,18,8,434270.875,32768,0,0,1
b127_inverse,1024,f2z,19,8,438666.625,32768,0,0,1
b127_inverse,1024,f2z,20,8,451838.500,32768,0,0,1
b127_inverse,1024,f2z,21,8,431510.375,32768,0,0,1
b127_inverse,1024,f2z,22,8,442656.250,32768,0,0,1
b127_inverse,1024,f2z,23,8,467442.750,32768,0,0,1
b127_inverse,1024,f2z,24,8,461151.000,32768,0,0,1
b127_inverse,1024,f2z,25,8,438536.375,32768,0,0,1
b127_inverse,1024,f2z,26,8,436098.875,32768,0,0,1
b127_inverse,1024,f2z,27,8,435791.750,32768,0,0,1
b127_inverse,1024,f2z,28,8,436609.375,32768,0,0,1
b127_inverse,1024,f2z,29,8,448036.500,32768,0,0,1
b127_inverse,1024,f2z,30,8,431854.125,32768,0,0,1
b127_inverse,1024,f2z,31,8,431406.250,32768,0,0,1
gf128_round,16,f2z_single_pair,0,65536,90.987,1280,0,0,1
gf128_round,16,f2z_single_pair,1,65536,93.802,1280,0,0,1
gf128_round,16,f2z_single_pair,2,65536,90.778,1280,0,0,1
gf128_round,16,f2z_single_pair,3,65536,92.245,1280,0,0,1
gf128_round,16,f2z_single_pair,4,65536,92.870,1280,0,0,1
gf128_round,16,f2z_single_pair,5,65536,92.687,1280,0,0,1
gf128_round,16,f2z_single_pair,6,65536,92.665,1280,0,0,1
gf128_round,16,f2z_single_pair,7,65536,93.934,1280,0,0,1
gf128_round,16,f2z_single_pair,8,65536,91.400,1280,0,0,1
gf128_round,16,f2z_single_pair,9,65536,93.035,1280,0,0,1
gf128_round,16,f2z_single_pair,10,65536,93.362,1280,0,0,1
gf128_round,16,f2z_single_pair,11,65536,92.485,1280,0,0,1
gf128_round,16,f2z_single_pair,12,65536,93.940,1280,0,0,1
gf128_round,16,f2z_single_pair,13,65536,91.064,1280,0,0,1
gf128_round,16,f2z_single_pair,14,65536,92.260,1280,0,0,1
gf128_round,16,f2z_single_pair,15,65536,91.888,1280,0,0,1
gf128_round,16,f2z_single_pair,16,65536,92.225,1280,0,0,1
gf128_round,16,f2z_single_pair,17,65536,93.018,1280,0,0,1
gf128_round,16,f2z_single_pair,18,65536,91.762,1280,0,0,1
gf128_round,16,f2z_single_pair,19,65536,92.176,1280,0,0,1
gf128_round,16,f2z_single_pair,20,65536,91.803,1280,0,0,1
gf128_round,16,f2z_single_pair,21,65536,93.953,1280,0,0,1
gf128_round,16,f2z_single_pair,22,65536,92.501,1280,0,0,1
gf128_round,16,f2z_single_pair,23,65536,93.150,1280,0,0,1
gf128_round,16,f2z_single_pair,24,65536,91.404,1280,0,0,1
gf128_round,16,f2z_single_pair,25,65536,92.093,1280,0,0,1
gf128_round,16,f2z_single_pair,26,65536,94.124,1280,0,0,1
gf128_round,16,f2z_single_pair,27,65536,91.270,1280,0,0,1
gf128_round,16,f2z_single_pair,28,65536,92.911,1280,0,0,1
gf128_round,16,f2z_single_pair,29,65536,91.987,1280,0,0,1
gf128_round,16,f2z_single_pair,30,65536,92.040,1280,0,0,1
gf128_round,16,f2z_single_pair,31,65536,92.535,1280,0,0,1
gf128_round,1024,f2z_single_pair,0,1024,5796.753,81920,0,0,1
gf128_round,1024,f2z_single_pair,1,1024,5631.511,81920,0,0,1
gf128_round,1024,f2z_single_pair,2,1024,5547.688,81920,0,0,1
gf128_round,1024,f2z_single_pair,3,1024,5626.058,81920,0,0,1
gf128_round,1024,f2z_single_pair,4,1024,5500.977,81920,0,0,1
gf128_round,1024,f2z_single_pair,5,1024,5569.296,81920,0,0,1
gf128_round,1024,f2z_single_pair,6,1024,5555.827,81920,0,0,1
gf128_round,1024,f2z_single_pair,7,1024,5514.567,81920,0,0,1
gf128_round,1024,f2z_single_pair,8,1024,5561.971,81920,0,0,1
gf128_round,1024,f2z_single_pair,9,1024,5692.017,81920,0,0,1
gf128_round,1024,f2z_single_pair,10,1024,5497.518,81920,0,0,1
gf128_round,1024,f2z_single_pair,11,1024,5581.381,81920,0,0,1
gf128_round,1024,f2z_single_pair,12,1024,5655.436,81920,0,0,1
gf128_round,1024,f2z_single_pair,13,1024,5550.090,81920,0,0,1
gf128_round,1024,f2z_single_pair,14,1024,5588.135,81920,0,0,1
gf128_round,1024,f2z_single_pair,15,1024,5638.794,81920,0,0,1
gf128_round,1024,f2z_single_pair,16,1024,5480.469,81920,0,0,1
gf128_round,1024,f2z_single_pair,17,1024,5529.094,81920,0,0,1
gf128_round,1024,f2z_single_pair,18,1024,5709.676,81920,0,0,1
gf128_round,1024,f2z_single_pair,19,1024,5537.883,81920,0,0,1
gf128_round,1024,f2z_single_pair,20,1024,5588.989,81920,0,0,1
gf128_round,1024,f2z_single_pair,21,1024,5635.010,81920,0,0,1
gf128_round,1024,f2z_single_pair,22,1024,5560.059,81920,0,0,1
gf128_round,1024,f2z_single_pair,23,1024,5561.442,81920,0,0,1
gf128_round,1024,f2z_single_pair,24,1024,5646.037,81920,0,0,1
gf128_round,1024,f2z_single_pair,25,1024,5617.229,81920,0,0,1
gf128_round,1024,f2z_single_pair,26,1024,5613.240,81920,0,0,1
gf128_round,1024,f2z_single_pair,27,1024,5575.155,81920,0,0,1
gf128_round,1024,f2z_single_pair,28,1024,5499.268,81920,0,0,1
gf128_round,1024,f2z_single_pair,29,1024,5620.199,81920,0,0,1
gf128_round,1024,f2z_single_pair,30,1024,5502.890,81920,0,0,1
gf128_round,1024,f2z_single_pair,31,1024,5559.245,81920,0,0,1
metrics_integer_add,l2_n16,circuit_z,0,262144,11.797,768,0,0,1
metrics_integer_add,l2_n16,circuit_z,1,262144,11.885,768,0,0,1
metrics_integer_add,l2_n16,circuit_z,2,262144,12.599,768,0,0,1
metrics_integer_add,l2_n16,circuit_z,3,262144,12.438,768,0,0,1
metrics_integer_add,l2_n16,circuit_z,4,262144,12.471,768,0,0,1
metrics_integer_add,l2_n16,circuit_z,5,262144,12.301,768,0,0,1
metrics_integer_add,l2_n16,circuit_z,6,262144,12.066,768,0,0,1
metrics_integer_add,l2_n16,circuit_z,7,262144,12.134,768,0,0,1
metrics_integer_add,l2_n16,circuit_z,8,262144,12.302,768,0,0,1
metrics_integer_add,l2_n16,circuit_z,9,262144,12.076,768,0,0,1
metrics_integer_add,l2_n16,circuit_z,10,262144,12.105,768,0,0,1
metrics_integer_add,l2_n16,circuit_z,11,262144,12.108,768,0,0,1
metrics_integer_add,l2_n16,circuit_z,12,262144,12.454,768,0,0,1
metrics_integer_add,l2_n16,circuit_z,13,262144,12.057,768,0,0,1
metrics_integer_add,l2_n16,circuit_z,14,262144,12.044,768,0,0,1
metrics_integer_add,l2_n16,circuit_z,15,262144,12.194,768,0,0,1
metrics_integer_add,l2_n16,circuit_z,16,262144,12.146,768,0,0,1
metrics_integer_add,l2_n16,circuit_z,17,262144,12.030,768,0,0,1
metrics_integer_add,l2_n16,circuit_z,18,262144,12.171,768,0,0,1
metrics_integer_add,l2_n16,circuit_z,19,262144,11.995,768,0,0,1
metrics_integer_add,l2_n16,circuit_z,20,262144,12.541,768,0,0,1
metrics_integer_add,l2_n16,circuit_z,21,262144,12.071,768,0,0,1
metrics_integer_add,l2_n16,circuit_z,22,262144,12.164,768,0,0,1
metrics_integer_add,l2_n16,circuit_z,23,262144,12.078,768,0,0,1
metrics_integer_add,l2_n16,circuit_z,24,262144,12.134,768,0,0,1
metrics_integer_add,l2_n16,circuit_z,25,262144,12.390,768,0,0,1
metrics_integer_add,l2_n16,circuit_z,26,262144,12.005,768,0,0,1
metrics_integer_add,l2_n16,circuit_z,27,262144,12.073,768,0,0,1
metrics_integer_add,l2_n16,circuit_z,28,262144,12.324,768,0,0,1
metrics_integer_add,l2_n16,circuit_z,29,262144,11.982,768,0,0,1
metrics_integer_add,l2_n16,circuit_z,30,262144,12.389,768,0,0,1
metrics_integer_add,l2_n16,circuit_z,31,262144,12.024,768,0,0,1
metrics_integer_sub,l2_n16,circuit_z,0,262144,12.796,768,0,0,1
metrics_integer_sub,l2_n16,circuit_z,1,262144,13.149,768,0,0,1
metrics_integer_sub,l2_n16,circuit_z,2,262144,12.453,768,0,0,1
metrics_integer_sub,l2_n16,circuit_z,3,262144,12.458,768,0,0,1
metrics_integer_sub,l2_n16,circuit_z,4,262144,12.744,768,0,0,1
metrics_integer_sub,l2_n16,circuit_z,5,262144,12.523,768,0,0,1
metrics_integer_sub,l2_n16,circuit_z,6,262144,12.918,768,0,0,1
metrics_integer_sub,l2_n16,circuit_z,7,262144,12.616,768,0,0,1
metrics_integer_sub,l2_n16,circuit_z,8,262144,12.493,768,0,0,1
metrics_integer_sub,l2_n16,circuit_z,9,262144,12.427,768,0,0,1
metrics_integer_sub,l2_n16,circuit_z,10,262144,12.693,768,0,0,1
metrics_integer_sub,l2_n16,circuit_z,11,262144,13.041,768,0,0,1
metrics_integer_sub,l2_n16,circuit_z,12,262144,12.822,768,0,0,1
metrics_integer_sub,l2_n16,circuit_z,13,262144,12.788,768,0,0,1
metrics_integer_sub,l2_n16,circuit_z,14,262144,12.563,768,0,0,1
metrics_integer_sub,l2_n16,circuit_z,15,262144,12.691,768,0,0,1
metrics_integer_sub,l2_n16,circuit_z,16,262144,12.914,768,0,0,1
metrics_integer_sub,l2_n16,circuit_z,17,262144,12.817,768,0,0,1
metrics_integer_sub,l2_n16,circuit_z,18,262144,12.728,768,0,0,1
metrics_integer_sub,l2_n16,circuit_z,19,262144,12.767,768,0,0,1
metrics_integer_sub,l2_n16,circuit_z,20,262144,12.813,768,0,0,1
metrics_integer_sub,l2_n16,circuit_z,21,262144,13.014,768,0,0,1
metrics_integer_sub,l2_n16,circuit_z,22,262144,12.767,768,0,0,1
metrics_integer_sub,l2_n16,circuit_z,23,262144,12.822,768,0,0,1
metrics_integer_sub,l2_n16,circuit_z,24,262144,12.742,768,0,0,1
metrics_integer_sub,l2_n16,circuit_z,25,262144,12.724,768,0,0,1
metrics_integer_sub,l2_n16,circuit_z,26,262144,13.078,768,0,0,1
metrics_integer_sub,l2_n16,circuit_z,27,262144,12.465,768,0,0,1
metrics_integer_sub,l2_n16,circuit_z,28,262144,12.468,768,0,0,1
metrics_integer_sub,l2_n16,circuit_z,29,262144,12.906,768,0,0,1
metrics_integer_sub,l2_n16,circuit_z,30,262144,12.494,768,0,0,1
metrics_integer_sub,l2_n16,circuit_z,31,262144,12.687,768,0,0,1
metrics_uint_checked_add,l2_n16,existing,0,262144,21.276,896,0,0,1
metrics_uint_checked_add,l2_n16,existing,1,262144,21.158,896,0,0,1
metrics_uint_checked_add,l2_n16,existing,2,262144,20.986,896,0,0,1
metrics_uint_checked_add,l2_n16,existing,3,262144,21.329,896,0,0,1
metrics_uint_checked_add,l2_n16,existing,4,262144,20.658,896,0,0,1
metrics_uint_checked_add,l2_n16,existing,5,262144,21.070,896,0,0,1
metrics_uint_checked_add,l2_n16,existing,6,262144,20.864,896,0,0,1
metrics_uint_checked_add,l2_n16,existing,7,262144,21.295,896,0,0,1
metrics_uint_checked_add,l2_n16,existing,8,262144,21.291,896,0,0,1
metrics_uint_checked_add,l2_n16,existing,9,262144,21.628,896,0,0,1
metrics_uint_checked_add,l2_n16,existing,10,262144,21.525,896,0,0,1
metrics_uint_checked_add,l2_n16,existing,11,262144,21.407,896,0,0,1
metrics_uint_checked_add,l2_n16,existing,12,262144,21.631,896,0,0,1
metrics_uint_checked_add,l2_n16,existing,13,262144,20.838,896,0,0,1
metrics_uint_checked_add,l2_n16,existing,14,262144,20.829,896,0,0,1
metrics_uint_checked_add,l2_n16,existing,15,262144,21.348,896,0,0,1
metrics_uint_checked_add,l2_n16,existing,16,262144,21.299,896,0,0,1
metrics_uint_checked_add,l2_n16,existing,17,262144,21.318,896,0,0,1
metrics_uint_checked_add,l2_n16,existing,18,262144,21.371,896,0,0,1
metrics_uint_checked_add,l2_n16,existing,19,262144,21.064,896,0,0,1
metrics_uint_checked_add,l2_n16,existing,20,262144,20.991,896,0,0,1
metrics_uint_checked_add,l2_n16,existing,21,262144,21.364,896,0,0,1
metrics_uint_checked_add,l2_n16,existing,22,262144,20.796,896,0,0,1
metrics_uint_checked_add,l2_n16,existing,23,262144,21.373,896,0,0,1
metrics_uint_checked_add,l2_n16,existing,24,262144,21.293,896,0,0,1
metrics_uint_checked_add,l2_n16,existing,25,262144,20.531,896,0,0,1
metrics_uint_checked_add,l2_n16,existing,26,262144,20.618,896,0,0,1
metrics_uint_checked_add,l2_n16,existing,27,262144,20.952,896,0,0,1
metrics_uint_checked_add,l2_n16,existing,28,262144,20.912,896,0,0,1
metrics_uint_checked_add,l2_n16,existing,29,262144,21.127,896,0,0,1
metrics_uint_checked_add,l2_n16,existing,30,262144,21.661,896,0,0,1
metrics_uint_checked_add,l2_n16,existing,31,262144,20.977,896,0,0,1
metrics_int_checked_add,l2_n16,existing,0,262144,20.092,896,0,0,1
metrics_int_checked_add,l2_n16,existing,1,262144,20.648,896,0,0,1
metrics_int_checked_add,l2_n16,existing,2,262144,20.069,896,0,0,1
metrics_int_checked_add,l2_n16,existing,3,262144,20.108,896,0,0,1
metrics_int_checked_add,l2_n16,existing,4,262144,19.512,896,0,0,1
metrics_int_checked_add,l2_n16,existing,5,262144,20.071,896,0,0,1
metrics_int_checked_add,l2_n16,existing,6,262144,20.289,896,0,0,1
metrics_int_checked_add,l2_n16,existing,7,262144,20.049,896,0,0,1
metrics_int_checked_add,l2_n16,existing,8,262144,19.976,896,0,0,1
metrics_int_checked_add,l2_n16,existing,9,262144,20.166,896,0,0,1
metrics_int_checked_add,l2_n16,existing,10,262144,19.638,896,0,0,1
metrics_int_checked_add,l2_n16,existing,11,262144,20.077,896,0,0,1
metrics_int_checked_add,l2_n16,existing,12,262144,20.227,896,0,0,1
metrics_int_checked_add,l2_n16,existing,13,262144,20.090,896,0,0,1
metrics_int_checked_add,l2_n16,existing,14,262144,20.082,896,0,0,1
metrics_int_checked_add,l2_n16,existing,15,262144,20.338,896,0,0,1
metrics_int_checked_add,l2_n16,existing,16,262144,19.636,896,0,0,1
metrics_int_checked_add,l2_n16,existing,17,262144,20.049,896,0,0,1
metrics_int_checked_add,l2_n16,existing,18,262144,20.154,896,0,0,1
metrics_int_checked_add,l2_n16,existing,19,262144,20.026,896,0,0,1
metrics_int_checked_add,l2_n16,existing,20,262144,20.023,896,0,0,1
metrics_int_checked_add,l2_n16,existing,21,262144,20.280,896,0,0,1
metrics_int_checked_add,l2_n16,existing,22,262144,19.831,896,0,0,1
metrics_int_checked_add,l2_n16,existing,23,262144,19.743,896,0,0,1
metrics_int_checked_add,l2_n16,existing,24,262144,20.009,896,0,0,1
metrics_int_checked_add,l2_n16,existing,25,262144,20.399,896,0,0,1
metrics_int_checked_add,l2_n16,existing,26,262144,20.009,896,0,0,1
metrics_int_checked_add,l2_n16,existing,27,262144,20.060,896,0,0,1
metrics_int_checked_add,l2_n16,existing,28,262144,20.356,896,0,0,1
metrics_int_checked_add,l2_n16,existing,29,262144,19.455,896,0,0,1
metrics_int_checked_add,l2_n16,existing,30,262144,19.988,896,0,0,1
metrics_int_checked_add,l2_n16,existing,31,262144,20.194,896,0,0,1
metrics_uint_checked_sub,l2_n16,existing,0,262144,21.397,896,0,0,1
metrics_uint_checked_sub,l2_n16,existing,1,262144,20.682,896,0,0,1
metrics_uint_checked_sub,l2_n16,existing,2,262144,21.012,896,0,0,1
metrics_uint_checked_sub,l2_n16,existing,3,262144,21.640,896,0,0,1
metrics_uint_checked_sub,l2_n16,existing,4,262144,21.222,896,0,0,1
metrics_uint_checked_sub,l2_n16,existing,5,262144,21.032,896,0,0,1
metrics_uint_checked_sub,l2_n16,existing,6,262144,21.261,896,0,0,1
metrics_uint_checked_sub,l2_n16,existing,7,262144,20.557,896,0,0,1
metrics_uint_checked_sub,l2_n16,existing,8,262144,20.930,896,0,0,1
metrics_uint_checked_sub,l2_n16,existing,9,262144,21.202,896,0,0,1
metrics_uint_checked_sub,l2_n16,existing,10,262144,20.964,896,0,0,1
metrics_uint_checked_sub,l2_n16,existing,11,262144,20.991,896,0,0,1
metrics_uint_checked_sub,l2_n16,existing,12,262144,21.256,896,0,0,1
metrics_uint_checked_sub,l2_n16,existing,13,262144,20.483,896,0,0,1
metrics_uint_checked_sub,l2_n16,existing,14,262144,21.157,896,0,0,1
metrics_uint_checked_sub,l2_n16,existing,15,262144,21.226,896,0,0,1
metrics_uint_checked_sub,l2_n16,existing,16,262144,20.820,896,0,0,1
metrics_uint_checked_sub,l2_n16,existing,17,262144,21.036,896,0,0,1
metrics_uint_checked_sub,l2_n16,existing,18,262144,21.343,896,0,0,1
metrics_uint_checked_sub,l2_n16,existing,19,262144,20.545,896,0,0,1
metrics_uint_checked_sub,l2_n16,existing,20,262144,20.715,896,0,0,1
metrics_uint_checked_sub,l2_n16,existing,21,262144,21.041,896,0,0,1
metrics_uint_checked_sub,l2_n16,existing,22,262144,20.986,896,0,0,1
metrics_uint_checked_sub,l2_n16,existing,23,262144,21.026,896,0,0,1
metrics_uint_checked_sub,l2_n16,existing,24,262144,21.321,896,0,0,1
metrics_uint_checked_sub,l2_n16,existing,25,262144,20.619,896,0,0,1
metrics_uint_checked_sub,l2_n16,existing,26,262144,20.993,896,0,0,1
metrics_uint_checked_sub,l2_n16,existing,27,262144,21.010,896,0,0,1
metrics_uint_checked_sub,l2_n16,existing,28,262144,20.789,896,0,0,1
metrics_uint_checked_sub,l2_n16,existing,29,262144,20.906,896,0,0,1
metrics_uint_checked_sub,l2_n16,existing,30,262144,21.288,896,0,0,1
metrics_uint_checked_sub,l2_n16,existing,31,262144,20.530,896,0,0,1
metrics_int_checked_sub,l2_n16,existing,0,262144,19.843,896,0,0,1
metrics_int_checked_sub,l2_n16,existing,1,262144,19.770,896,0,0,1
metrics_int_checked_sub,l2_n16,existing,2,262144,19.837,896,0,0,1
metrics_int_checked_sub,l2_n16,existing,3,262144,19.695,896,0,0,1
metrics_int_checked_sub,l2_n16,existing,4,262144,19.739,896,0,0,1
metrics_int_checked_sub,l2_n16,existing,5,262144,19.523,896,0,0,1
metrics_int_checked_sub,l2_n16,existing,6,262144,19.622,896,0,0,1
metrics_int_checked_sub,l2_n16,existing,7,262144,19.747,896,0,0,1
metrics_int_checked_sub,l2_n16,existing,8,262144,19.698,896,0,0,1
metrics_int_checked_sub,l2_n16,existing,9,262144,20.171,896,0,0,1
metrics_int_checked_sub,l2_n16,existing,10,262144,19.601,896,0,0,1
metrics_int_checked_sub,l2_n16,existing,11,262144,19.684,896,0,0,1
metrics_int_checked_sub,l2_n16,existing,12,262144,19.971,896,0,0,1
metrics_int_checked_sub,l2_n16,existing,13,262144,19.879,896,0,0,1
metrics_int_checked_sub,l2_n16,existing,14,262144,19.919,896,0,0,1
metrics_int_checked_sub,l2_n16,existing,15,262144,20.161,896,0,0,1
metrics_int_checked_sub,l2_n16,existing,16,262144,19.435,896,0,0,1
metrics_int_checked_sub,l2_n16,existing,17,262144,19.866,896,0,0,1
metrics_int_checked_sub,l2_n16,existing,18,262144,19.550,896,0,0,1
metrics_int_checked_sub,l2_n16,existing,19,262144,19.800,896,0,0,1
metrics_int_checked_sub,l2_n16,existing,20,262144,20.056,896,0,0,1
metrics_int_checked_sub,l2_n16,existing,21,262144,19.626,896,0,0,1
metrics_int_checked_sub,l2_n16,existing,22,262144,19.932,896,0,0,1
metrics_int_checked_sub,l2_n16,existing,23,262144,19.577,896,0,0,1
metrics_int_checked_sub,l2_n16,existing,24,262144,19.499,896,0,0,1
metrics_int_checked_sub,l2_n16,existing,25,262144,20.164,896,0,0,1
metrics_int_checked_sub,l2_n16,existing,26,262144,19.354,896,0,0,1
metrics_int_checked_sub,l2_n16,existing,27,262144,19.971,896,0,0,1
metrics_int_checked_sub,l2_n16,existing,28,262144,19.900,896,0,0,1
metrics_int_checked_sub,l2_n16,existing,29,262144,19.672,896,0,0,1
metrics_int_checked_sub,l2_n16,existing,30,262144,19.789,896,0,0,1
metrics_int_checked_sub,l2_n16,existing,31,262144,20.058,896,0,0,1
metrics_uint_checked_mul,l2_n16,existing,0,131072,33.059,896,0,0,1
metrics_uint_checked_mul,l2_n16,existing,1,131072,33.377,896,0,0,1
metrics_uint_checked_mul,l2_n16,existing,2,131072,32.938,896,0,0,1
metrics_uint_checked_mul,l2_n16,existing,3,131072,32.852,896,0,0,1
metrics_uint_checked_mul,l2_n16,existing,4,131072,32.876,896,0,0,1
metrics_uint_checked_mul,l2_n16,existing,5,131072,33.456,896,0,0,1
metrics_uint_checked_mul,l2_n16,existing,6,131072,32.698,896,0,0,1
metrics_uint_checked_mul,l2_n16,existing,7,131072,33.479,896,0,0,1
metrics_uint_checked_mul,l2_n16,existing,8,131072,32.839,896,0,0,1
metrics_uint_checked_mul,l2_n16,existing,9,131072,33.629,896,0,0,1
metrics_uint_checked_mul,l2_n16,existing,10,131072,32.929,896,0,0,1
metrics_uint_checked_mul,l2_n16,existing,11,131072,32.825,896,0,0,1
metrics_uint_checked_mul,l2_n16,existing,12,131072,33.213,896,0,0,1
metrics_uint_checked_mul,l2_n16,existing,13,131072,34.212,896,0,0,1
metrics_uint_checked_mul,l2_n16,existing,14,131072,32.723,896,0,0,1
metrics_uint_checked_mul,l2_n16,existing,15,131072,33.268,896,0,0,1
metrics_uint_checked_mul,l2_n16,existing,16,131072,33.016,896,0,0,1
metrics_uint_checked_mul,l2_n16,existing,17,131072,33.399,896,0,0,1
metrics_uint_checked_mul,l2_n16,existing,18,131072,33.308,896,0,0,1
metrics_uint_checked_mul,l2_n16,existing,19,131072,33.072,896,0,0,1
metrics_uint_checked_mul,l2_n16,existing,20,131072,36.253,896,0,0,1
metrics_uint_checked_mul,l2_n16,existing,21,131072,34.803,896,0,0,1
metrics_uint_checked_mul,l2_n16,existing,22,131072,34.344,896,0,0,1
metrics_uint_checked_mul,l2_n16,existing,23,131072,33.990,896,0,0,1
metrics_uint_checked_mul,l2_n16,existing,24,131072,34.451,896,0,0,1
metrics_uint_checked_mul,l2_n16,existing,25,131072,34.033,896,0,0,1
metrics_uint_checked_mul,l2_n16,existing,26,131072,33.835,896,0,0,1
metrics_uint_checked_mul,l2_n16,existing,27,131072,34.054,896,0,0,1
metrics_uint_checked_mul,l2_n16,existing,28,131072,33.558,896,0,0,1
metrics_uint_checked_mul,l2_n16,existing,29,131072,33.402,896,0,0,1
metrics_uint_checked_mul,l2_n16,existing,30,131072,34.068,896,0,0,1
metrics_uint_checked_mul,l2_n16,existing,31,131072,34.282,896,0,0,1
metrics_int_checked_mul,l2_n16,existing,0,65536,63.475,896,0,0,1
metrics_int_checked_mul,l2_n16,existing,1,65536,64.171,896,0,0,1
metrics_int_checked_mul,l2_n16,existing,2,65536,64.000,896,0,0,1
metrics_int_checked_mul,l2_n16,existing,3,65536,63.634,896,0,0,1
metrics_int_checked_mul,l2_n16,existing,4,65536,63.874,896,0,0,1
metrics_int_checked_mul,l2_n16,existing,5,65536,64.389,896,0,0,1
metrics_int_checked_mul,l2_n16,existing,6,65536,63.642,896,0,0,1
metrics_int_checked_mul,l2_n16,existing,7,65536,63.470,896,0,0,1
metrics_int_checked_mul,l2_n16,existing,8,65536,63.889,896,0,0,1
metrics_int_checked_mul,l2_n16,existing,9,65536,66.514,896,0,0,1
metrics_int_checked_mul,l2_n16,existing,10,65536,61.982,896,0,0,1
metrics_int_checked_mul,l2_n16,existing,11,65536,64.728,896,0,0,1
metrics_int_checked_mul,l2_n16,existing,12,65536,63.580,896,0,0,1
metrics_int_checked_mul,l2_n16,existing,13,65536,64.377,896,0,0,1
metrics_int_checked_mul,l2_n16,existing,14,65536,63.599,896,0,0,1
metrics_int_checked_mul,l2_n16,existing,15,65536,63.896,896,0,0,1
metrics_int_checked_mul,l2_n16,existing,16,65536,63.710,896,0,0,1
metrics_int_checked_mul,l2_n16,existing,17,65536,65.025,896,0,0,1
metrics_int_checked_mul,l2_n16,existing,18,65536,62.867,896,0,0,1
metrics_int_checked_mul,l2_n16,existing,19,65536,61.494,896,0,0,1
metrics_int_checked_mul,l2_n16,existing,20,65536,63.478,896,0,0,1
metrics_int_checked_mul,l2_n16,existing,21,65536,64.249,896,0,0,1
metrics_int_checked_mul,l2_n16,existing,22,65536,63.833,896,0,0,1
metrics_int_checked_mul,l2_n16,existing,23,65536,63.625,896,0,0,1
metrics_int_checked_mul,l2_n16,existing,24,65536,63.698,896,0,0,1
metrics_int_checked_mul,l2_n16,existing,25,65536,64.800,896,0,0,1
metrics_int_checked_mul,l2_n16,existing,26,65536,62.811,896,0,0,1
metrics_int_checked_mul,l2_n16,existing,27,65536,61.499,896,0,0,1
metrics_int_checked_mul,l2_n16,existing,28,65536,63.702,896,0,0,1
metrics_int_checked_mul,l2_n16,existing,29,65536,64.383,896,0,0,1
metrics_int_checked_mul,l2_n16,existing,30,65536,63.183,896,0,0,1
metrics_int_checked_mul,l2_n16,existing,31,65536,63.742,896,0,0,1
metrics_uint_compare,l2_n16,existing,0,262144,15.368,528,0,0,1
metrics_uint_compare,l2_n16,existing,1,262144,15.497,528,0,0,1
metrics_uint_compare,l2_n16,existing,2,262144,15.255,528,0,0,1
metrics_uint_compare,l2_n16,existing,3,262144,15.575,528,0,0,1
metrics_uint_compare,l2_n16,existing,4,262144,15.453,528,0,0,1
metrics_uint_compare,l2_n16,existing,5,262144,15.450,528,0,0,1
metrics_uint_compare,l2_n16,existing,6,262144,15.418,528,0,0,1
metrics_uint_compare,l2_n16,existing,7,262144,15.735,528,0,0,1
metrics_uint_compare,l2_n16,existing,8,262144,15.315,528,0,0,1
metrics_uint_compare,l2_n16,existing,9,262144,15.096,528,0,0,1
metrics_uint_compare,l2_n16,existing,10,262144,15.417,528,0,0,1
metrics_uint_compare,l2_n16,existing,11,262144,15.595,528,0,0,1
metrics_uint_compare,l2_n16,existing,12,262144,15.806,528,0,0,1
metrics_uint_compare,l2_n16,existing,13,262144,15.409,528,0,0,1
metrics_uint_compare,l2_n16,existing,14,262144,15.377,528,0,0,1
metrics_uint_compare,l2_n16,existing,15,262144,15.495,528,0,0,1
metrics_uint_compare,l2_n16,existing,16,262144,15.691,528,0,0,1
metrics_uint_compare,l2_n16,existing,17,262144,15.246,528,0,0,1
metrics_uint_compare,l2_n16,existing,18,262144,15.386,528,0,0,1
metrics_uint_compare,l2_n16,existing,19,262144,15.426,528,0,0,1
metrics_uint_compare,l2_n16,existing,20,262144,15.550,528,0,0,1
metrics_uint_compare,l2_n16,existing,21,262144,15.457,528,0,0,1
metrics_uint_compare,l2_n16,existing,22,262144,15.471,528,0,0,1
metrics_uint_compare,l2_n16,existing,23,262144,15.547,528,0,0,1
metrics_uint_compare,l2_n16,existing,24,262144,15.719,528,0,0,1
metrics_uint_compare,l2_n16,existing,25,262144,15.330,528,0,0,1
metrics_uint_compare,l2_n16,existing,26,262144,15.332,528,0,0,1
metrics_uint_compare,l2_n16,existing,27,262144,15.556,528,0,0,1
metrics_uint_compare,l2_n16,existing,28,262144,15.706,528,0,0,1
metrics_uint_compare,l2_n16,existing,29,262144,15.457,528,0,0,1
metrics_uint_compare,l2_n16,existing,30,262144,15.421,528,0,0,1
metrics_uint_compare,l2_n16,existing,31,262144,15.408,528,0,0,1
metrics_uint_wide_mul,l2_n16,existing,0,131072,23.710,1024,0,0,1
metrics_uint_wide_mul,l2_n16,existing,1,131072,24.335,1024,0,0,1
metrics_uint_wide_mul,l2_n16,existing,2,131072,24.456,1024,0,0,1
metrics_uint_wide_mul,l2_n16,existing,3,131072,24.717,1024,0,0,1
metrics_uint_wide_mul,l2_n16,existing,4,131072,24.545,1024,0,0,1
metrics_uint_wide_mul,l2_n16,existing,5,131072,24.572,1024,0,0,1
metrics_uint_wide_mul,l2_n16,existing,6,131072,24.300,1024,0,0,1
metrics_uint_wide_mul,l2_n16,existing,7,131072,24.486,1024,0,0,1
metrics_uint_wide_mul,l2_n16,existing,8,131072,24.773,1024,0,0,1
metrics_uint_wide_mul,l2_n16,existing,9,131072,24.414,1024,0,0,1
metrics_uint_wide_mul,l2_n16,existing,10,131072,23.760,1024,0,0,1
metrics_uint_wide_mul,l2_n16,existing,11,131072,23.973,1024,0,0,1
metrics_uint_wide_mul,l2_n16,existing,12,131072,24.443,1024,0,0,1
metrics_uint_wide_mul,l2_n16,existing,13,131072,24.444,1024,0,0,1
metrics_uint_wide_mul,l2_n16,existing,14,131072,24.750,1024,0,0,1
metrics_uint_wide_mul,l2_n16,existing,15,131072,24.400,1024,0,0,1
metrics_uint_wide_mul,l2_n16,existing,16,131072,24.357,1024,0,0,1
metrics_uint_wide_mul,l2_n16,existing,17,131072,24.261,1024,0,0,1
metrics_uint_wide_mul,l2_n16,existing,18,131072,24.485,1024,0,0,1
metrics_uint_wide_mul,l2_n16,existing,19,131072,24.995,1024,0,0,1
metrics_uint_wide_mul,l2_n16,existing,20,131072,24.184,1024,0,0,1
metrics_uint_wide_mul,l2_n16,existing,21,131072,23.737,1024,0,0,1
metrics_uint_wide_mul,l2_n16,existing,22,131072,24.325,1024,0,0,1
metrics_uint_wide_mul,l2_n16,existing,23,131072,24.407,1024,0,0,1
metrics_uint_wide_mul,l2_n16,existing,24,131072,24.766,1024,0,0,1
metrics_uint_wide_mul,l2_n16,existing,25,131072,24.451,1024,0,0,1
metrics_uint_wide_mul,l2_n16,existing,26,131072,24.425,1024,0,0,1
metrics_uint_wide_mul,l2_n16,existing,27,131072,24.472,1024,0,0,1
metrics_uint_wide_mul,l2_n16,existing,28,131072,24.438,1024,0,0,1
metrics_uint_wide_mul,l2_n16,existing,29,131072,25.093,1024,0,0,1
metrics_uint_wide_mul,l2_n16,existing,30,131072,24.293,1024,0,0,1
metrics_uint_wide_mul,l2_n16,existing,31,131072,23.606,1024,0,0,1
metrics_uint_divrem,l2_d64_n16,existing_prevalidated_divisor,0,8192,725.749,784,0,0,1
metrics_uint_divrem,l2_d64_n16,existing_prevalidated_divisor,1,8192,723.150,784,0,0,1
metrics_uint_divrem,l2_d64_n16,existing_prevalidated_divisor,2,8192,727.768,784,0,0,1
metrics_uint_divrem,l2_d64_n16,existing_prevalidated_divisor,3,8192,708.578,784,0,0,1
metrics_uint_divrem,l2_d64_n16,existing_prevalidated_divisor,4,8192,727.330,784,0,0,1
metrics_uint_divrem,l2_d64_n16,existing_prevalidated_divisor,5,8192,733.256,784,0,0,1
metrics_uint_divrem,l2_d64_n16,existing_prevalidated_divisor,6,8192,724.991,784,0,0,1
metrics_uint_divrem,l2_d64_n16,existing_prevalidated_divisor,7,8192,726.486,784,0,0,1
metrics_uint_divrem,l2_d64_n16,existing_prevalidated_divisor,8,8192,716.181,784,0,0,1
metrics_uint_divrem,l2_d64_n16,existing_prevalidated_divisor,9,8192,713.211,784,0,0,1
metrics_uint_divrem,l2_d64_n16,existing_prevalidated_divisor,10,8192,734.573,784,0,0,1
metrics_uint_divrem,l2_d64_n16,existing_prevalidated_divisor,11,8192,725.917,784,0,0,1
metrics_uint_divrem,l2_d64_n16,existing_prevalidated_divisor,12,8192,724.609,784,0,0,1
metrics_uint_divrem,l2_d64_n16,existing_prevalidated_divisor,13,8192,727.214,784,0,0,1
metrics_uint_divrem,l2_d64_n16,existing_prevalidated_divisor,14,8192,702.062,784,0,0,1
metrics_uint_divrem,l2_d64_n16,existing_prevalidated_divisor,15,8192,717.529,784,0,0,1
metrics_uint_divrem,l2_d64_n16,existing_prevalidated_divisor,16,8192,729.335,784,0,0,1
metrics_uint_divrem,l2_d64_n16,existing_prevalidated_divisor,17,8192,713.211,784,0,0,1
metrics_uint_divrem,l2_d64_n16,existing_prevalidated_divisor,18,8192,722.351,784,0,0,1
metrics_uint_divrem,l2_d64_n16,existing_prevalidated_divisor,19,8192,718.435,784,0,0,1
metrics_uint_divrem,l2_d64_n16,existing_prevalidated_divisor,20,8192,728.195,784,0,0,1
metrics_uint_divrem,l2_d64_n16,existing_prevalidated_divisor,21,8192,726.679,784,0,0,1
metrics_uint_divrem,l2_d64_n16,existing_prevalidated_divisor,22,8192,703.522,784,0,0,1
metrics_uint_divrem,l2_d64_n16,existing_prevalidated_divisor,23,8192,702.988,784,0,0,1
metrics_uint_divrem,l2_d64_n16,existing_prevalidated_divisor,24,8192,716.120,784,0,0,1
metrics_uint_divrem,l2_d64_n16,existing_prevalidated_divisor,25,8192,723.902,784,0,0,1
metrics_uint_divrem,l2_d64_n16,existing_prevalidated_divisor,26,8192,736.140,784,0,0,1
metrics_uint_divrem,l2_d64_n16,existing_prevalidated_divisor,27,8192,710.815,784,0,0,1
metrics_uint_divrem,l2_d64_n16,existing_prevalidated_divisor,28,8192,717.158,784,0,0,1
metrics_uint_divrem,l2_d64_n16,existing_prevalidated_divisor,29,8192,730.703,784,0,0,1
metrics_uint_divrem,l2_d64_n16,existing_prevalidated_divisor,30,8192,725.347,784,0,0,1
metrics_uint_divrem,l2_d64_n16,existing_prevalidated_divisor,31,8192,722.992,784,0,0,1
metrics_uint_divrem,l2_dfull_n16,existing_prevalidated_divisor,0,8192,724.162,784,0,0,1
metrics_uint_divrem,l2_dfull_n16,existing_prevalidated_divisor,1,8192,732.783,784,0,0,1
metrics_uint_divrem,l2_dfull_n16,existing_prevalidated_divisor,2,8192,727.239,784,0,0,1
metrics_uint_divrem,l2_dfull_n16,existing_prevalidated_divisor,3,8192,732.356,784,0,0,1
metrics_uint_divrem,l2_dfull_n16,existing_prevalidated_divisor,4,8192,714.986,784,0,0,1
metrics_uint_divrem,l2_dfull_n16,existing_prevalidated_divisor,5,8192,720.963,784,0,0,1
metrics_uint_divrem,l2_dfull_n16,existing_prevalidated_divisor,6,8192,753.306,784,0,0,1
metrics_uint_divrem,l2_dfull_n16,existing_prevalidated_divisor,7,8192,730.972,784,0,0,1
metrics_uint_divrem,l2_dfull_n16,existing_prevalidated_divisor,8,8192,737.605,784,0,0,1
metrics_uint_divrem,l2_dfull_n16,existing_prevalidated_divisor,9,8192,739.177,784,0,0,1
metrics_uint_divrem,l2_dfull_n16,existing_prevalidated_divisor,10,8192,716.863,784,0,0,1
metrics_uint_divrem,l2_dfull_n16,existing_prevalidated_divisor,11,8192,722.875,784,0,0,1
metrics_uint_divrem,l2_dfull_n16,existing_prevalidated_divisor,12,8192,723.877,784,0,0,1
metrics_uint_divrem,l2_dfull_n16,existing_prevalidated_divisor,13,8192,740.316,784,0,0,1
metrics_uint_divrem,l2_dfull_n16,existing_prevalidated_divisor,14,8192,736.384,784,0,0,1
metrics_uint_divrem,l2_dfull_n16,existing_prevalidated_divisor,15,8192,726.954,784,0,0,1
metrics_uint_divrem,l2_dfull_n16,existing_prevalidated_divisor,16,8192,725.291,784,0,0,1
metrics_uint_divrem,l2_dfull_n16,existing_prevalidated_divisor,17,8192,738.220,784,0,0,1
metrics_uint_divrem,l2_dfull_n16,existing_prevalidated_divisor,18,8192,711.655,784,0,0,1
metrics_uint_divrem,l2_dfull_n16,existing_prevalidated_divisor,19,8192,757.044,784,0,0,1
metrics_uint_divrem,l2_dfull_n16,existing_prevalidated_divisor,20,8192,742.696,784,0,0,1
metrics_uint_divrem,l2_dfull_n16,existing_prevalidated_divisor,21,8192,729.009,784,0,0,1
metrics_uint_divrem,l2_dfull_n16,existing_prevalidated_divisor,22,8192,763.046,784,0,0,1
metrics_uint_divrem,l2_dfull_n16,existing_prevalidated_divisor,23,8192,716.232,784,0,0,1
metrics_uint_divrem,l2_dfull_n16,existing_prevalidated_divisor,24,8192,736.679,784,0,0,1
metrics_uint_divrem,l2_dfull_n16,existing_prevalidated_divisor,25,8192,732.859,784,0,0,1
metrics_uint_divrem,l2_dfull_n16,existing_prevalidated_divisor,26,8192,736.877,784,0,0,1
metrics_uint_divrem,l2_dfull_n16,existing_prevalidated_divisor,27,8192,727.290,784,0,0,1
metrics_uint_divrem,l2_dfull_n16,existing_prevalidated_divisor,28,8192,739.817,784,0,0,1
metrics_uint_divrem,l2_dfull_n16,existing_prevalidated_divisor,29,8192,735.158,784,0,0,1
metrics_uint_divrem,l2_dfull_n16,existing_prevalidated_divisor,30,8192,748.266,784,0,0,1
metrics_uint_divrem,l2_dfull_n16,existing_prevalidated_divisor,31,8192,733.744,784,0,0,1
metrics_integer_add,l2_n1024,circuit_z,0,8192,634.028,49152,0,0,1
metrics_integer_add,l2_n1024,circuit_z,1,8192,618.561,49152,0,0,1
metrics_integer_add,l2_n1024,circuit_z,2,8192,648.127,49152,0,0,1
metrics_integer_add,l2_n1024,circuit_z,3,8192,628.764,49152,0,0,1
metrics_integer_add,l2_n1024,circuit_z,4,8192,640.467,49152,0,0,1
metrics_integer_add,l2_n1024,circuit_z,5,8192,645.925,49152,0,0,1
metrics_integer_add,l2_n1024,circuit_z,6,8192,643.585,49152,0,0,1
metrics_integer_add,l2_n1024,circuit_z,7,8192,633.286,49152,0,0,1
metrics_integer_add,l2_n1024,circuit_z,8,8192,652.435,49152,0,0,1
metrics_integer_add,l2_n1024,circuit_z,9,8192,629.689,49152,0,0,1
metrics_integer_add,l2_n1024,circuit_z,10,8192,634.415,49152,0,0,1
metrics_integer_add,l2_n1024,circuit_z,11,8192,622.823,49152,0,0,1
metrics_integer_add,l2_n1024,circuit_z,12,8192,649.424,49152,0,0,1
metrics_integer_add,l2_n1024,circuit_z,13,8192,641.169,49152,0,0,1
metrics_integer_add,l2_n1024,circuit_z,14,8192,643.784,49152,0,0,1
metrics_integer_add,l2_n1024,circuit_z,15,8192,646.245,49152,0,0,1
metrics_integer_add,l2_n1024,circuit_z,16,8192,642.161,49152,0,0,1
metrics_integer_add,l2_n1024,circuit_z,17,8192,630.005,49152,0,0,1
metrics_integer_add,l2_n1024,circuit_z,18,8192,638.036,49152,0,0,1
metrics_integer_add,l2_n1024,circuit_z,19,8192,634.644,49152,0,0,1
metrics_integer_add,l2_n1024,circuit_z,20,8192,627.070,49152,0,0,1
metrics_integer_add,l2_n1024,circuit_z,21,8192,634.166,49152,0,0,1
metrics_integer_add,l2_n1024,circuit_z,22,8192,637.873,49152,0,0,1
metrics_integer_add,l2_n1024,circuit_z,23,8192,638.184,49152,0,0,1
metrics_integer_add,l2_n1024,circuit_z,24,8192,635.427,49152,0,0,1
metrics_integer_add,l2_n1024,circuit_z,25,8192,637.344,49152,0,0,1
metrics_integer_add,l2_n1024,circuit_z,26,8192,641.617,49152,0,0,1
metrics_integer_add,l2_n1024,circuit_z,27,8192,631.226,49152,0,0,1
metrics_integer_add,l2_n1024,circuit_z,28,8192,626.729,49152,0,0,1
metrics_integer_add,l2_n1024,circuit_z,29,8192,644.017,49152,0,0,1
metrics_integer_add,l2_n1024,circuit_z,30,8192,628.443,49152,0,0,1
metrics_integer_add,l2_n1024,circuit_z,31,8192,643.122,49152,0,0,1
metrics_integer_sub,l2_n1024,circuit_z,0,8192,669.835,49152,0,0,1
metrics_integer_sub,l2_n1024,circuit_z,1,8192,672.094,49152,0,0,1
metrics_integer_sub,l2_n1024,circuit_z,2,8192,672.577,49152,0,0,1
metrics_integer_sub,l2_n1024,circuit_z,3,8192,662.333,49152,0,0,1
metrics_integer_sub,l2_n1024,circuit_z,4,8192,666.133,49152,0,0,1
metrics_integer_sub,l2_n1024,circuit_z,5,8192,691.823,49152,0,0,1
metrics_integer_sub,l2_n1024,circuit_z,6,8192,663.595,49152,0,0,1
metrics_integer_sub,l2_n1024,circuit_z,7,8192,665.059,49152,0,0,1
metrics_integer_sub,l2_n1024,circuit_z,8,8192,672.002,49152,0,0,1
metrics_integer_sub,l2_n1024,circuit_z,9,8192,672.536,49152,0,0,1
metrics_integer_sub,l2_n1024,circuit_z,10,8192,677.979,49152,0,0,1
metrics_integer_sub,l2_n1024,circuit_z,11,8192,683.670,49152,0,0,1
metrics_integer_sub,l2_n1024,circuit_z,12,8192,665.660,49152,0,0,1
metrics_integer_sub,l2_n1024,circuit_z,13,8192,663.005,49152,0,0,1
metrics_integer_sub,l2_n1024,circuit_z,14,8192,659.312,49152,0,0,1
metrics_integer_sub,l2_n1024,circuit_z,15,8192,680.105,49152,0,0,1
metrics_integer_sub,l2_n1024,circuit_z,16,8192,682.490,49152,0,0,1
metrics_integer_sub,l2_n1024,circuit_z,17,8192,681.600,49152,0,0,1
metrics_integer_sub,l2_n1024,circuit_z,18,8192,654.424,49152,0,0,1
metrics_integer_sub,l2_n1024,circuit_z,19,8192,664.068,49152,0,0,1
metrics_integer_sub,l2_n1024,circuit_z,20,8192,672.724,49152,0,0,1
metrics_integer_sub,l2_n1024,circuit_z,21,8192,1695.302,49152,0,0,1
metrics_integer_sub,l2_n1024,circuit_z,22,8192,1294.230,49152,0,0,1
metrics_integer_sub,l2_n1024,circuit_z,23,8192,1368.510,49152,0,0,1
metrics_integer_sub,l2_n1024,circuit_z,24,8192,1149.704,49152,0,0,1
metrics_integer_sub,l2_n1024,circuit_z,25,8192,672.826,49152,0,0,1
metrics_integer_sub,l2_n1024,circuit_z,26,8192,667.348,49152,0,0,1
metrics_integer_sub,l2_n1024,circuit_z,27,8192,678.075,49152,0,0,1
metrics_integer_sub,l2_n1024,circuit_z,28,8192,677.155,49152,0,0,1
metrics_integer_sub,l2_n1024,circuit_z,29,8192,671.804,49152,0,0,1
metrics_integer_sub,l2_n1024,circuit_z,30,8192,668.482,49152,0,0,1
metrics_integer_sub,l2_n1024,circuit_z,31,8192,660.873,49152,0,0,1
metrics_uint_checked_add,l2_n1024,existing,0,4096,1268.890,57344,0,0,1
metrics_uint_checked_add,l2_n1024,existing,1,4096,1264.760,57344,0,0,1
metrics_uint_checked_add,l2_n1024,existing,2,4096,1278.778,57344,0,0,1
metrics_uint_checked_add,l2_n1024,existing,3,4096,1241.119,57344,0,0,1
metrics_uint_checked_add,l2_n1024,existing,4,4096,1262.512,57344,0,0,1
metrics_uint_checked_add,l2_n1024,existing,5,4096,1277.852,57344,0,0,1
metrics_uint_checked_add,l2_n1024,existing,6,4096,1267.446,57344,0,0,1
metrics_uint_checked_add,l2_n1024,existing,7,4096,1280.762,57344,0,0,1
metrics_uint_checked_add,l2_n1024,existing,8,4096,1264.598,57344,0,0,1
metrics_uint_checked_add,l2_n1024,existing,9,4096,1239.115,57344,0,0,1
metrics_uint_checked_add,l2_n1024,existing,10,4096,1269.724,57344,0,0,1
metrics_uint_checked_add,l2_n1024,existing,11,4096,1258.128,57344,0,0,1
metrics_uint_checked_add,l2_n1024,existing,12,4096,1269.674,57344,0,0,1
metrics_uint_checked_add,l2_n1024,existing,13,4096,1281.596,57344,0,0,1
metrics_uint_checked_add,l2_n1024,existing,14,4096,1270.182,57344,0,0,1
metrics_uint_checked_add,l2_n1024,existing,15,4096,1274.170,57344,0,0,1
metrics_uint_checked_add,l2_n1024,existing,16,4096,1272.797,57344,0,0,1
metrics_uint_checked_add,l2_n1024,existing,17,4096,1262.187,57344,0,0,1
metrics_uint_checked_add,l2_n1024,existing,18,4096,1272.502,57344,0,0,1
metrics_uint_checked_add,l2_n1024,existing,19,4096,1221.659,57344,0,0,1
metrics_uint_checked_add,l2_n1024,existing,20,4096,1239.522,57344,0,0,1
metrics_uint_checked_add,l2_n1024,existing,21,4096,1268.494,57344,0,0,1
metrics_uint_checked_add,l2_n1024,existing,22,4096,1276.774,57344,0,0,1
metrics_uint_checked_add,l2_n1024,existing,23,4096,1265.574,57344,0,0,1
metrics_uint_checked_add,l2_n1024,existing,24,4096,1266.042,57344,0,0,1
metrics_uint_checked_add,l2_n1024,existing,25,4096,1263.112,57344,0,0,1
metrics_uint_checked_add,l2_n1024,existing,26,4096,1244.568,57344,0,0,1
metrics_uint_checked_add,l2_n1024,existing,27,4096,1255.229,57344,0,0,1
metrics_uint_checked_add,l2_n1024,existing,28,4096,1270.844,57344,0,0,1
metrics_uint_checked_add,l2_n1024,existing,29,4096,1257.202,57344,0,0,1
metrics_uint_checked_add,l2_n1024,existing,30,4096,1251.699,57344,0,0,1
metrics_uint_checked_add,l2_n1024,existing,31,4096,1266.103,57344,0,0,1
metrics_int_checked_add,l2_n1024,existing,0,4096,1096.761,57344,0,0,1
metrics_int_checked_add,l2_n1024,existing,1,4096,1273.763,57344,0,0,1
metrics_int_checked_add,l2_n1024,existing,2,4096,1361.318,57344,0,0,1
metrics_int_checked_add,l2_n1024,existing,3,4096,1082.520,57344,0,0,1
metrics_int_checked_add,l2_n1024,existing,4,4096,1179.952,57344,0,0,1
metrics_int_checked_add,l2_n1024,existing,5,4096,1079.458,57344,0,0,1
metrics_int_checked_add,l2_n1024,existing,6,4096,1135.569,57344,0,0,1
metrics_int_checked_add,l2_n1024,existing,7,4096,1156.677,57344,0,0,1
metrics_int_checked_add,l2_n1024,existing,8,4096,1287.180,57344,0,0,1
metrics_int_checked_add,l2_n1024,existing,9,4096,1182.576,57344,0,0,1
metrics_int_checked_add,l2_n1024,existing,10,4096,1089.254,57344,0,0,1
metrics_int_checked_add,l2_n1024,existing,11,4096,1142.507,57344,0,0,1
metrics_int_checked_add,l2_n1024,existing,12,4096,1074.636,57344,0,0,1
metrics_int_checked_add,l2_n1024,existing,13,4096,1146.851,57344,0,0,1
metrics_int_checked_add,l2_n1024,existing,14,4096,1156.169,57344,0,0,1
metrics_int_checked_add,l2_n1024,existing,15,4096,1149.719,57344,0,0,1
metrics_int_checked_add,l2_n1024,existing,16,4096,1146.271,57344,0,0,1
metrics_int_checked_add,l2_n1024,existing,17,4096,1098.918,57344,0,0,1
metrics_int_checked_add,l2_n1024,existing,18,4096,1264.059,57344,0,0,1
metrics_int_checked_add,l2_n1024,existing,19,4096,1073.863,57344,0,0,1
metrics_int_checked_add,l2_n1024,existing,20,4096,1199.819,57344,0,0,1
metrics_int_checked_add,l2_n1024,existing,21,4096,1184.123,57344,0,0,1
metrics_int_checked_add,l2_n1024,existing,22,4096,1274.200,57344,0,0,1
metrics_int_checked_add,l2_n1024,existing,23,4096,1098.022,57344,0,0,1
metrics_int_checked_add,l2_n1024,existing,24,4096,1119.588,57344,0,0,1
metrics_int_checked_add,l2_n1024,existing,25,4096,1118.642,57344,0,0,1
metrics_int_checked_add,l2_n1024,existing,26,4096,1217.529,57344,0,0,1
metrics_int_checked_add,l2_n1024,existing,27,4096,1456.645,57344,0,0,1
metrics_int_checked_add,l2_n1024,existing,28,4096,1104.747,57344,0,0,1
metrics_int_checked_add,l2_n1024,existing,29,4096,1096.934,57344,0,0,1
metrics_int_checked_add,l2_n1024,existing,30,4096,1242.482,57344,0,0,1
metrics_int_checked_add,l2_n1024,existing,31,4096,1261.871,57344,0,0,1
metrics_uint_checked_sub,l2_n1024,existing,0,4096,1234.029,57344,0,0,1
metrics_uint_checked_sub,l2_n1024,existing,1,4096,1260.936,57344,0,0,1
metrics_uint_checked_sub,l2_n1024,existing,2,4096,1223.094,57344,0,0,1
metrics_uint_checked_sub,l2_n1024,existing,3,4096,1235.474,57344,0,0,1
metrics_uint_checked_sub,l2_n1024,existing,4,4096,1245.188,57344,0,0,1
metrics_uint_checked_sub,l2_n1024,existing,5,4096,1243.937,57344,0,0,1
metrics_uint_checked_sub,l2_n1024,existing,6,4096,1255.096,57344,0,0,1
metrics_uint_checked_sub,l2_n1024,existing,7,4096,1243.490,57344,0,0,1
metrics_uint_checked_sub,l2_n1024,existing,8,4096,1224.498,57344,0,0,1
metrics_uint_checked_sub,l2_n1024,existing,9,4096,1257.731,57344,0,0,1
metrics_uint_checked_sub,l2_n1024,existing,10,4096,1242.482,57344,0,0,1
metrics_uint_checked_sub,l2_n1024,existing,11,4096,1253.520,57344,0,0,1
metrics_uint_checked_sub,l2_n1024,existing,12,4096,1234.151,57344,0,0,1
metrics_uint_checked_sub,l2_n1024,existing,13,4096,1230.927,57344,0,0,1
metrics_uint_checked_sub,l2_n1024,existing,14,4096,1259.298,57344,0,0,1
metrics_uint_checked_sub,l2_n1024,existing,15,4096,1236.440,57344,0,0,1
metrics_uint_checked_sub,l2_n1024,existing,16,4096,1241.638,57344,0,0,1
metrics_uint_checked_sub,l2_n1024,existing,17,4096,1256.287,57344,0,0,1
metrics_uint_checked_sub,l2_n1024,existing,18,4096,1223.551,57344,0,0,1
metrics_uint_checked_sub,l2_n1024,existing,19,4096,1231.506,57344,0,0,1
metrics_uint_checked_sub,l2_n1024,existing,20,4096,1241.374,57344,0,0,1
metrics_uint_checked_sub,l2_n1024,existing,21,4096,1240.397,57344,0,0,1
metrics_uint_checked_sub,l2_n1024,existing,22,4096,1258.606,57344,0,0,1
metrics_uint_checked_sub,l2_n1024,existing,23,4096,1275.909,57344,0,0,1
metrics_uint_checked_sub,l2_n1024,existing,24,4096,1226.919,57344,0,0,1
metrics_uint_checked_sub,l2_n1024,existing,25,4096,1261.241,57344,0,0,1
metrics_uint_checked_sub,l2_n1024,existing,26,4096,1244.639,57344,0,0,1
metrics_uint_checked_sub,l2_n1024,existing,27,4096,1256.805,57344,0,0,1
metrics_uint_checked_sub,l2_n1024,existing,28,4096,1225.260,57344,0,0,1
metrics_uint_checked_sub,l2_n1024,existing,29,4096,1250.275,57344,0,0,1
metrics_uint_checked_sub,l2_n1024,existing,30,4096,1247.864,57344,0,0,1
metrics_uint_checked_sub,l2_n1024,existing,31,4096,1238.617,57344,0,0,1
metrics_int_checked_sub,l2_n1024,existing,0,4096,1095.734,57344,0,0,1
metrics_int_checked_sub,l2_n1024,existing,1,4096,1084.249,57344,0,0,1
metrics_int_checked_sub,l2_n1024,existing,2,4096,1110.545,57344,0,0,1
metrics_int_checked_sub,l2_n1024,existing,3,4096,1153.951,57344,0,0,1
metrics_int_checked_sub,l2_n1024,existing,4,4096,1259.379,57344,0,0,1
metrics_int_checked_sub,l2_n1024,existing,5,4096,1129.364,57344,0,0,1
metrics_int_checked_sub,l2_n1024,existing,6,4096,1139.547,57344,0,0,1
metrics_int_checked_sub,l2_n1024,existing,7,4096,1159.709,57344,0,0,1
metrics_int_checked_sub,l2_n1024,existing,8,4096,1443.451,57344,0,0,1
metrics_int_checked_sub,l2_n1024,existing,9,4096,1089.172,57344,0,0,1
metrics_int_checked_sub,l2_n1024,existing,10,4096,1206.889,57344,0,0,1
metrics_int_checked_sub,l2_n1024,existing,11,4096,1077.393,57344,0,0,1
metrics_int_checked_sub,l2_n1024,existing,12,4096,1262.858,57344,0,0,1
metrics_int_checked_sub,l2_n1024,existing,13,4096,1151.774,57344,0,0,1
metrics_int_checked_sub,l2_n1024,existing,14,4096,1177.704,57344,0,0,1
metrics_int_checked_sub,l2_n1024,existing,15,4096,1444.254,57344,0,0,1
metrics_int_checked_sub,l2_n1024,existing,16,4096,1402.242,57344,0,0,1
metrics_int_checked_sub,l2_n1024,existing,17,4096,1289.103,57344,0,0,1
metrics_int_checked_sub,l2_n1024,existing,18,4096,1291.128,57344,0,0,1
metrics_int_checked_sub,l2_n1024,existing,19,4096,1084.890,57344,0,0,1
metrics_int_checked_sub,l2_n1024,existing,20,4096,1374.542,57344,0,0,1
metrics_int_checked_sub,l2_n1024,existing,21,4096,1113.108,57344,0,0,1
metrics_int_checked_sub,l2_n1024,existing,22,4096,1109.019,57344,0,0,1
metrics_int_checked_sub,l2_n1024,existing,23,4096,1221.690,57344,0,0,1
metrics_int_checked_sub,l2_n1024,existing,24,4096,1091.431,57344,0,0,1
metrics_int_checked_sub,l2_n1024,existing,25,4096,1221.242,57344,0,0,1
metrics_int_checked_sub,l2_n1024,existing,26,4096,1158.590,57344,0,0,1
metrics_int_checked_sub,l2_n1024,existing,27,4096,1179.271,57344,0,0,1
metrics_int_checked_sub,l2_n1024,existing,28,4096,1350.199,57344,0,0,1
metrics_int_checked_sub,l2_n1024,existing,29,4096,1119.212,57344,0,0,1
metrics_int_checked_sub,l2_n1024,existing,30,4096,1177.134,57344,0,0,1
metrics_int_checked_sub,l2_n1024,existing,31,4096,1081.451,57344,0,0,1
metrics_uint_checked_mul,l2_n1024,existing,0,2048,2099.223,57344,0,0,1
metrics_uint_checked_mul,l2_n1024,existing,1,2048,2091.105,57344,0,0,1
metrics_uint_checked_mul,l2_n1024,existing,2,2048,2019.979,57344,0,0,1
metrics_uint_checked_mul,l2_n1024,existing,3,2048,2053.731,57344,0,0,1
metrics_uint_checked_mul,l2_n1024,existing,4,2048,2421.489,57344,0,0,1
metrics_uint_checked_mul,l2_n1024,existing,5,2048,2140.056,57344,0,0,1
metrics_uint_checked_mul,l2_n1024,existing,6,2048,2171.590,57344,0,0,1
metrics_uint_checked_mul,l2_n1024,existing,7,2048,2180.522,57344,0,0,1
metrics_uint_checked_mul,l2_n1024,existing,8,2048,2049.357,57344,0,0,1
metrics_uint_checked_mul,l2_n1024,existing,9,2048,2082.031,57344,0,0,1
metrics_uint_checked_mul,l2_n1024,existing,10,2048,2060.140,57344,0,0,1
metrics_uint_checked_mul,l2_n1024,existing,11,2048,1935.628,57344,0,0,1
metrics_uint_checked_mul,l2_n1024,existing,12,2048,1992.777,57344,0,0,1
metrics_uint_checked_mul,l2_n1024,existing,13,2048,2020.467,57344,0,0,1
metrics_uint_checked_mul,l2_n1024,existing,14,2048,2003.805,57344,0,0,1
metrics_uint_checked_mul,l2_n1024,existing,15,2048,1981.140,57344,0,0,1
metrics_uint_checked_mul,l2_n1024,existing,16,2048,1887.593,57344,0,0,1
metrics_uint_checked_mul,l2_n1024,existing,17,2048,1910.929,57344,0,0,1
metrics_uint_checked_mul,l2_n1024,existing,18,2048,2026.814,57344,0,0,1
metrics_uint_checked_mul,l2_n1024,existing,19,2048,1929.891,57344,0,0,1
metrics_uint_checked_mul,l2_n1024,existing,20,2048,2076.416,57344,0,0,1
metrics_uint_checked_mul,l2_n1024,existing,21,2048,1960.673,57344,0,0,1
metrics_uint_checked_mul,l2_n1024,existing,22,2048,1957.275,57344,0,0,1
metrics_uint_checked_mul,l2_n1024,existing,23,2048,2043.742,57344,0,0,1
metrics_uint_checked_mul,l2_n1024,existing,24,2048,1910.929,57344,0,0,1
metrics_uint_checked_mul,l2_n1024,existing,25,2048,1947.815,57344,0,0,1
metrics_uint_checked_mul,l2_n1024,existing,26,2048,2046.712,57344,0,0,1
metrics_uint_checked_mul,l2_n1024,existing,27,2048,1913.737,57344,0,0,1
metrics_uint_checked_mul,l2_n1024,existing,28,2048,1899.577,57344,0,0,1
metrics_uint_checked_mul,l2_n1024,existing,29,2048,1939.168,57344,0,0,1
metrics_uint_checked_mul,l2_n1024,existing,30,2048,1986.572,57344,0,0,1
metrics_uint_checked_mul,l2_n1024,existing,31,2048,1923.625,57344,0,0,1
metrics_int_checked_mul,l2_n1024,existing,0,1024,3980.509,57344,0,0,1
metrics_int_checked_mul,l2_n1024,existing,1,1024,3892.944,57344,0,0,1
metrics_int_checked_mul,l2_n1024,existing,2,1024,3931.845,57344,0,0,1
metrics_int_checked_mul,l2_n1024,existing,3,1024,3867.025,57344,0,0,1
metrics_int_checked_mul,l2_n1024,existing,4,1024,3933.594,57344,0,0,1
metrics_int_checked_mul,l2_n1024,existing,5,1024,3845.215,57344,0,0,1
metrics_int_checked_mul,l2_n1024,existing,6,1024,3892.618,57344,0,0,1
metrics_int_checked_mul,l2_n1024,existing,7,1024,3842.896,57344,0,0,1
metrics_int_checked_mul,l2_n1024,existing,8,1024,4116.089,57344,0,0,1
metrics_int_checked_mul,l2_n1024,existing,9,1024,4148.926,57344,0,0,1
metrics_int_checked_mul,l2_n1024,existing,10,1024,4160.970,57344,0,0,1
metrics_int_checked_mul,l2_n1024,existing,11,1024,4211.223,57344,0,0,1
metrics_int_checked_mul,l2_n1024,existing,12,1024,4113.688,57344,0,0,1
metrics_int_checked_mul,l2_n1024,existing,13,1024,4097.371,57344,0,0,1
metrics_int_checked_mul,l2_n1024,existing,14,1024,3860.799,57344,0,0,1
metrics_int_checked_mul,l2_n1024,existing,15,1024,3849.121,57344,0,0,1
metrics_int_checked_mul,l2_n1024,existing,16,1024,4084.921,57344,0,0,1
metrics_int_checked_mul,l2_n1024,existing,17,1024,4081.949,57344,0,0,1
metrics_int_checked_mul,l2_n1024,existing,18,1024,4048.299,57344,0,0,1
metrics_int_checked_mul,l2_n1024,existing,19,1024,3936.646,57344,0,0,1
metrics_int_checked_mul,l2_n1024,existing,20,1024,3913.330,57344,0,0,1
metrics_int_checked_mul,l2_n1024,existing,21,1024,4038.330,57344,0,0,1
metrics_int_checked_mul,l2_n1024,existing,22,1024,3932.047,57344,0,0,1
metrics_int_checked_mul,l2_n1024,existing,23,1024,3978.557,57344,0,0,1
metrics_int_checked_mul,l2_n1024,existing,24,1024,4034.465,57344,0,0,1
metrics_int_checked_mul,l2_n1024,existing,25,1024,4296.550,57344,0,0,1
metrics_int_checked_mul,l2_n1024,existing,26,1024,3936.157,57344,0,0,1
metrics_int_checked_mul,l2_n1024,existing,27,1024,3907.634,57344,0,0,1
metrics_int_checked_mul,l2_n1024,existing,28,1024,4071.899,57344,0,0,1
metrics_int_checked_mul,l2_n1024,existing,29,1024,3945.557,57344,0,0,1
metrics_int_checked_mul,l2_n1024,existing,30,1024,4123.332,57344,0,0,1
metrics_int_checked_mul,l2_n1024,existing,31,1024,4085.368,57344,0,0,1
metrics_uint_compare,l2_n1024,existing,0,4096,801.097,33792,0,0,1
metrics_uint_compare,l2_n1024,existing,1,4096,778.107,33792,0,0,1
metrics_uint_compare,l2_n1024,existing,2,4096,776.164,33792,0,0,1
metrics_uint_compare,l2_n1024,existing,3,4096,796.315,33792,0,0,1
metrics_uint_compare,l2_n1024,existing,4,4096,822.693,33792,0,0,1
metrics_uint_compare,l2_n1024,existing,5,4096,783.793,33792,0,0,1
metrics_uint_compare,l2_n1024,existing,6,4096,786.082,33792,0,0,1
metrics_uint_compare,l2_n1024,existing,7,4096,790.019,33792,0,0,1
metrics_uint_compare,l2_n1024,existing,8,4096,787.506,33792,0,0,1
metrics_uint_compare,l2_n1024,existing,9,4096,802.989,33792,0,0,1
metrics_uint_compare,l2_n1024,existing,10,4096,781.657,33792,0,0,1
metrics_uint_compare,l2_n1024,existing,11,4096,805.624,33792,0,0,1
metrics_uint_compare,l2_n1024,existing,12,4096,782.023,33792,0,0,1
metrics_uint_compare,l2_n1024,existing,13,4096,782.511,33792,0,0,1
metrics_uint_compare,l2_n1024,existing,14,4096,774.424,33792,0,0,1
metrics_uint_compare,l2_n1024,existing,15,4096,797.607,33792,0,0,1
metrics_uint_compare,l2_n1024,existing,16,4096,812.266,33792,0,0,1
metrics_uint_compare,l2_n1024,existing,17,4096,770.406,33792,0,0,1
metrics_uint_compare,l2_n1024,existing,18,4096,777.069,33792,0,0,1
metrics_uint_compare,l2_n1024,existing,19,4096,779.256,33792,0,0,1
metrics_uint_compare,l2_n1024,existing,20,4096,772.105,33792,0,0,1
metrics_uint_compare,l2_n1024,existing,21,4096,795.471,33792,0,0,1
metrics_uint_compare,l2_n1024,existing,22,4096,784.037,33792,0,0,1
metrics_uint_compare,l2_n1024,existing,23,4096,782.603,33792,0,0,1
metrics_uint_compare,l2_n1024,existing,24,4096,784.312,33792,0,0,1
metrics_uint_compare,l2_n1024,existing,25,4096,772.481,33792,0,0,1
metrics_uint_compare,l2_n1024,existing,26,4096,807.851,33792,0,0,1
metrics_uint_compare,l2_n1024,existing,27,4096,769.836,33792,0,0,1
metrics_uint_compare,l2_n1024,existing,28,4096,817.383,33792,0,0,1
metrics_uint_compare,l2_n1024,existing,29,4096,817.179,33792,0,0,1
metrics_uint_compare,l2_n1024,existing,30,4096,785.655,33792,0,0,1
metrics_uint_compare,l2_n1024,existing,31,4096,807.922,33792,0,0,1
metrics_uint_wide_mul,l2_n1024,existing,0,4096,1405.975,65536,0,0,1
metrics_uint_wide_mul,l2_n1024,existing,1,4096,1433.126,65536,0,0,1
metrics_uint_wide_mul,l2_n1024,existing,2,4096,1413.340,65536,0,0,1
metrics_uint_wide_mul,l2_n1024,existing,3,4096,1460.927,65536,0,0,1
metrics_uint_wide_mul,l2_n1024,existing,4,4096,1413.879,65536,0,0,1
metrics_uint_wide_mul,l2_n1024,existing,5,4096,1416.484,65536,0,0,1
metrics_uint_wide_mul,l2_n1024,existing,6,4096,1427.561,65536,0,0,1
metrics_uint_wide_mul,l2_n1024,existing,7,4096,1434.306,65536,0,0,1
metrics_uint_wide_mul,l2_n1024,existing,8,4096,1441.569,65536,0,0,1
metrics_uint_wide_mul,l2_n1024,existing,9,4096,1428.996,65536,0,0,1
metrics_uint_wide_mul,l2_n1024,existing,10,4096,1460.307,65536,0,0,1
metrics_uint_wide_mul,l2_n1024,existing,11,4096,1426.463,65536,0,0,1
metrics_uint_wide_mul,l2_n1024,existing,12,4096,1442.790,65536,0,0,1
metrics_uint_wide_mul,l2_n1024,existing,13,4096,1417.989,65536,0,0,1
metrics_uint_wide_mul,l2_n1024,existing,14,4096,1434.672,65536,0,0,1
metrics_uint_wide_mul,l2_n1024,existing,15,4096,1421.936,65536,0,0,1
metrics_uint_wide_mul,l2_n1024,existing,16,4096,1420.278,65536,0,0,1
metrics_uint_wide_mul,l2_n1024,existing,17,4096,1424.703,65536,0,0,1
metrics_uint_wide_mul,l2_n1024,existing,18,4096,1413.808,65536,0,0,1
metrics_uint_wide_mul,l2_n1024,existing,19,4096,1414.663,65536,0,0,1
metrics_uint_wide_mul,l2_n1024,existing,20,4096,1412.740,65536,0,0,1
metrics_uint_wide_mul,l2_n1024,existing,21,4096,1409.088,65536,0,0,1
metrics_uint_wide_mul,l2_n1024,existing,22,4096,1444.682,65536,0,0,1
metrics_uint_wide_mul,l2_n1024,existing,23,4096,1464.498,65536,0,0,1
metrics_uint_wide_mul,l2_n1024,existing,24,4096,1447.896,65536,0,0,1
metrics_uint_wide_mul,l2_n1024,existing,25,4096,1425.598,65536,0,0,1
metrics_uint_wide_mul,l2_n1024,existing,26,4096,1420.146,65536,0,0,1
metrics_uint_wide_mul,l2_n1024,existing,27,4096,1434.224,65536,0,0,1
metrics_uint_wide_mul,l2_n1024,existing,28,4096,1414.866,65536,0,0,1
metrics_uint_wide_mul,l2_n1024,existing,29,4096,1469.116,65536,0,0,1
metrics_uint_wide_mul,l2_n1024,existing,30,4096,1424.164,65536,0,0,1
metrics_uint_wide_mul,l2_n1024,existing,31,4096,1458.923,65536,0,0,1
metrics_uint_divrem,l2_d64_n1024,existing_prevalidated_divisor,0,128,46812.820,49168,0,0,1
metrics_uint_divrem,l2_d64_n1024,existing_prevalidated_divisor,1,128,44491.531,49168,0,0,1
metrics_uint_divrem,l2_d64_n1024,existing_prevalidated_divisor,2,128,45068.359,49168,0,0,1
metrics_uint_divrem,l2_d64_n1024,existing_prevalidated_divisor,3,128,45424.477,49168,0,0,1
metrics_uint_divrem,l2_d64_n1024,existing_prevalidated_divisor,4,128,44931.641,49168,0,0,1
metrics_uint_divrem,l2_d64_n1024,existing_prevalidated_divisor,5,128,46604.492,49168,0,0,1
metrics_uint_divrem,l2_d64_n1024,existing_prevalidated_divisor,6,128,44982.102,49168,0,0,1
metrics_uint_divrem,l2_d64_n1024,existing_prevalidated_divisor,7,128,45459.633,49168,0,0,1
metrics_uint_divrem,l2_d64_n1024,existing_prevalidated_divisor,8,128,44484.375,49168,0,0,1
metrics_uint_divrem,l2_d64_n1024,existing_prevalidated_divisor,9,128,44809.570,49168,0,0,1
metrics_uint_divrem,l2_d64_n1024,existing_prevalidated_divisor,10,128,44734.047,49168,0,0,1
metrics_uint_divrem,l2_d64_n1024,existing_prevalidated_divisor,11,128,44417.320,49168,0,0,1
metrics_uint_divrem,l2_d64_n1024,existing_prevalidated_divisor,12,128,44802.734,49168,0,0,1
metrics_uint_divrem,l2_d64_n1024,existing_prevalidated_divisor,13,128,45073.242,49168,0,0,1
metrics_uint_divrem,l2_d64_n1024,existing_prevalidated_divisor,14,128,44920.898,49168,0,0,1
metrics_uint_divrem,l2_d64_n1024,existing_prevalidated_divisor,15,128,44752.930,49168,0,0,1
metrics_uint_divrem,l2_d64_n1024,existing_prevalidated_divisor,16,128,45546.547,49168,0,0,1
metrics_uint_divrem,l2_d64_n1024,existing_prevalidated_divisor,17,128,45455.078,49168,0,0,1
metrics_uint_divrem,l2_d64_n1024,existing_prevalidated_divisor,18,128,44549.148,49168,0,0,1
metrics_uint_divrem,l2_d64_n1024,existing_prevalidated_divisor,19,128,45247.719,49168,0,0,1
metrics_uint_divrem,l2_d64_n1024,existing_prevalidated_divisor,20,128,45552.414,49168,0,0,1
metrics_uint_divrem,l2_d64_n1024,existing_prevalidated_divisor,21,128,44735.680,49168,0,0,1
metrics_uint_divrem,l2_d64_n1024,existing_prevalidated_divisor,22,128,45243.820,49168,0,0,1
metrics_uint_divrem,l2_d64_n1024,existing_prevalidated_divisor,23,128,45709.961,49168,0,0,1
metrics_uint_divrem,l2_d64_n1024,existing_prevalidated_divisor,24,128,44452.148,49168,0,0,1
metrics_uint_divrem,l2_d64_n1024,existing_prevalidated_divisor,25,128,44713.539,49168,0,0,1
metrics_uint_divrem,l2_d64_n1024,existing_prevalidated_divisor,26,128,45004.883,49168,0,0,1
metrics_uint_divrem,l2_d64_n1024,existing_prevalidated_divisor,27,128,44852.867,49168,0,0,1
metrics_uint_divrem,l2_d64_n1024,existing_prevalidated_divisor,28,128,45119.789,49168,0,0,1
metrics_uint_divrem,l2_d64_n1024,existing_prevalidated_divisor,29,128,45545.570,49168,0,0,1
metrics_uint_divrem,l2_d64_n1024,existing_prevalidated_divisor,30,128,44342.125,49168,0,0,1
metrics_uint_divrem,l2_d64_n1024,existing_prevalidated_divisor,31,128,45309.242,49168,0,0,1
metrics_uint_divrem,l2_dfull_n1024,existing_prevalidated_divisor,0,128,45452.797,49168,0,0,1
metrics_uint_divrem,l2_dfull_n1024,existing_prevalidated_divisor,1,128,45486.328,49168,0,0,1
metrics_uint_divrem,l2_dfull_n1024,existing_prevalidated_divisor,2,128,44500.320,49168,0,0,1
metrics_uint_divrem,l2_dfull_n1024,existing_prevalidated_divisor,3,128,45345.055,49168,0,0,1
metrics_uint_divrem,l2_dfull_n1024,existing_prevalidated_divisor,4,128,44704.102,49168,0,0,1
metrics_uint_divrem,l2_dfull_n1024,existing_prevalidated_divisor,5,128,44645.508,49168,0,0,1
metrics_uint_divrem,l2_dfull_n1024,existing_prevalidated_divisor,6,128,46562.180,49168,0,0,1
metrics_uint_divrem,l2_dfull_n1024,existing_prevalidated_divisor,7,128,44603.188,49168,0,0,1
metrics_uint_divrem,l2_dfull_n1024,existing_prevalidated_divisor,8,128,45026.367,49168,0,0,1
metrics_uint_divrem,l2_dfull_n1024,existing_prevalidated_divisor,9,128,46552.406,49168,0,0,1
metrics_uint_divrem,l2_dfull_n1024,existing_prevalidated_divisor,10,128,45707.352,49168,0,0,1
metrics_uint_divrem,l2_dfull_n1024,existing_prevalidated_divisor,11,128,46148.117,49168,0,0,1
metrics_uint_divrem,l2_dfull_n1024,existing_prevalidated_divisor,12,128,45688.477,49168,0,0,1
metrics_uint_divrem,l2_dfull_n1024,existing_prevalidated_divisor,13,128,44389.977,49168,0,0,1
metrics_uint_divrem,l2_dfull_n1024,existing_prevalidated_divisor,14,128,44620.117,49168,0,0,1
metrics_uint_divrem,l2_dfull_n1024,existing_prevalidated_divisor,15,128,45960.938,49168,0,0,1
metrics_uint_divrem,l2_dfull_n1024,existing_prevalidated_divisor,16,128,44271.156,49168,0,0,1
metrics_uint_divrem,l2_dfull_n1024,existing_prevalidated_divisor,17,128,45216.797,49168,0,0,1
metrics_uint_divrem,l2_dfull_n1024,existing_prevalidated_divisor,18,128,44729.492,49168,0,0,1
metrics_uint_divrem,l2_dfull_n1024,existing_prevalidated_divisor,19,128,44845.055,49168,0,0,1
metrics_uint_divrem,l2_dfull_n1024,existing_prevalidated_divisor,20,128,45237.953,49168,0,0,1
metrics_uint_divrem,l2_dfull_n1024,existing_prevalidated_divisor,21,128,45126.305,49168,0,0,1
metrics_uint_divrem,l2_dfull_n1024,existing_prevalidated_divisor,22,128,45156.250,49168,0,0,1
metrics_uint_divrem,l2_dfull_n1024,existing_prevalidated_divisor,23,128,44505.531,49168,0,0,1
metrics_uint_divrem,l2_dfull_n1024,existing_prevalidated_divisor,24,128,45660.805,49168,0,0,1
metrics_uint_divrem,l2_dfull_n1024,existing_prevalidated_divisor,25,128,44627.281,49168,0,0,1
metrics_uint_divrem,l2_dfull_n1024,existing_prevalidated_divisor,26,128,44531.250,49168,0,0,1
metrics_uint_divrem,l2_dfull_n1024,existing_prevalidated_divisor,27,128,45312.500,49168,0,0,1
metrics_uint_divrem,l2_dfull_n1024,existing_prevalidated_divisor,28,128,45168.945,49168,0,0,1
metrics_uint_divrem,l2_dfull_n1024,existing_prevalidated_divisor,29,128,44834.641,49168,0,0,1
metrics_uint_divrem,l2_dfull_n1024,existing_prevalidated_divisor,30,128,44690.758,49168,0,0,1
metrics_uint_divrem,l2_dfull_n1024,existing_prevalidated_divisor,31,128,44895.508,49168,0,0,1
metrics_integer_add,l4_n16,circuit_z,0,131072,31.808,1536,0,0,1
metrics_integer_add,l4_n16,circuit_z,1,131072,32.948,1536,0,0,1
metrics_integer_add,l4_n16,circuit_z,2,131072,32.214,1536,0,0,1
metrics_integer_add,l4_n16,circuit_z,3,131072,33.019,1536,0,0,1
metrics_integer_add,l4_n16,circuit_z,4,131072,32.491,1536,0,0,1
metrics_integer_add,l4_n16,circuit_z,5,131072,33.851,1536,0,0,1
metrics_integer_add,l4_n16,circuit_z,6,131072,33.578,1536,0,0,1
metrics_integer_add,l4_n16,circuit_z,7,131072,32.071,1536,0,0,1
metrics_integer_add,l4_n16,circuit_z,8,131072,31.743,1536,0,0,1
metrics_integer_add,l4_n16,circuit_z,9,131072,32.084,1536,0,0,1
metrics_integer_add,l4_n16,circuit_z,10,131072,32.934,1536,0,0,1
metrics_integer_add,l4_n16,circuit_z,11,131072,32.295,1536,0,0,1
metrics_integer_add,l4_n16,circuit_z,12,131072,32.077,1536,0,0,1
metrics_integer_add,l4_n16,circuit_z,13,131072,33.081,1536,0,0,1
metrics_integer_add,l4_n16,circuit_z,14,131072,32.286,1536,0,0,1
metrics_integer_add,l4_n16,circuit_z,15,131072,31.983,1536,0,0,1
metrics_integer_add,l4_n16,circuit_z,16,131072,32.390,1536,0,0,1
metrics_integer_add,l4_n16,circuit_z,17,131072,32.568,1536,0,0,1
metrics_integer_add,l4_n16,circuit_z,18,131072,33.282,1536,0,0,1
metrics_integer_add,l4_n16,circuit_z,19,131072,32.107,1536,0,0,1
metrics_integer_add,l4_n16,circuit_z,20,131072,32.436,1536,0,0,1
metrics_integer_add,l4_n16,circuit_z,21,131072,32.381,1536,0,0,1
metrics_integer_add,l4_n16,circuit_z,22,131072,33.028,1536,0,0,1
metrics_integer_add,l4_n16,circuit_z,23,131072,32.532,1536,0,0,1
metrics_integer_add,l4_n16,circuit_z,24,131072,32.317,1536,0,0,1
metrics_integer_add,l4_n16,circuit_z,25,131072,33.031,1536,0,0,1
metrics_integer_add,l4_n16,circuit_z,26,131072,32.453,1536,0,0,1
metrics_integer_add,l4_n16,circuit_z,27,131072,32.381,1536,0,0,1
metrics_integer_add,l4_n16,circuit_z,28,131072,32.266,1536,0,0,1
metrics_integer_add,l4_n16,circuit_z,29,131072,33.044,1536,0,0,1
metrics_integer_add,l4_n16,circuit_z,30,131072,32.982,1536,0,0,1
metrics_integer_add,l4_n16,circuit_z,31,131072,32.116,1536,0,0,1
metrics_integer_sub,l4_n16,circuit_z,0,131072,28.527,1536,0,0,1
metrics_integer_sub,l4_n16,circuit_z,1,131072,27.717,1536,0,0,1
metrics_integer_sub,l4_n16,circuit_z,2,131072,27.932,1536,0,0,1
metrics_integer_sub,l4_n16,circuit_z,3,131072,28.252,1536,0,0,1
metrics_integer_sub,l4_n16,circuit_z,4,131072,28.660,1536,0,0,1
metrics_integer_sub,l4_n16,circuit_z,5,131072,28.331,1536,0,0,1
metrics_integer_sub,l4_n16,circuit_z,6,131072,28.209,1536,0,0,1
metrics_integer_sub,l4_n16,circuit_z,7,131072,28.721,1536,0,0,1
metrics_integer_sub,l4_n16,circuit_z,8,131072,27.547,1536,0,0,1
metrics_integer_sub,l4_n16,circuit_z,9,131072,27.807,1536,0,0,1
metrics_integer_sub,l4_n16,circuit_z,10,131072,28.276,1536,0,0,1
metrics_integer_sub,l4_n16,circuit_z,11,131072,27.921,1536,0,0,1
metrics_integer_sub,l4_n16,circuit_z,12,131072,27.715,1536,0,0,1
metrics_integer_sub,l4_n16,circuit_z,13,131072,28.246,1536,0,0,1
metrics_integer_sub,l4_n16,circuit_z,14,131072,28.540,1536,0,0,1
metrics_integer_sub,l4_n16,circuit_z,15,131072,28.179,1536,0,0,1
metrics_integer_sub,l4_n16,circuit_z,16,131072,28.074,1536,0,0,1
metrics_integer_sub,l4_n16,circuit_z,17,131072,27.931,1536,0,0,1
metrics_integer_sub,l4_n16,circuit_z,18,131072,28.474,1536,0,0,1
metrics_integer_sub,l4_n16,circuit_z,19,131072,27.870,1536,0,0,1
metrics_integer_sub,l4_n16,circuit_z,20,131072,27.811,1536,0,0,1
metrics_integer_sub,l4_n16,circuit_z,21,131072,28.070,1536,0,0,1
metrics_integer_sub,l4_n16,circuit_z,22,131072,27.723,1536,0,0,1
metrics_integer_sub,l4_n16,circuit_z,23,131072,28.600,1536,0,0,1
metrics_integer_sub,l4_n16,circuit_z,24,131072,27.787,1536,0,0,1
metrics_integer_sub,l4_n16,circuit_z,25,131072,27.964,1536,0,0,1
metrics_integer_sub,l4_n16,circuit_z,26,131072,28.279,1536,0,0,1
metrics_integer_sub,l4_n16,circuit_z,27,131072,28.865,1536,0,0,1
metrics_integer_sub,l4_n16,circuit_z,28,131072,27.456,1536,0,0,1
metrics_integer_sub,l4_n16,circuit_z,29,131072,28.143,1536,0,0,1
metrics_integer_sub,l4_n16,circuit_z,30,131072,27.580,1536,0,0,1
metrics_integer_sub,l4_n16,circuit_z,31,131072,28.271,1536,0,0,1
metrics_uint_checked_add,l4_n16,existing,0,131072,24.835,1664,0,0,1
metrics_uint_checked_add,l4_n16,existing,1,131072,25.347,1664,0,0,1
metrics_uint_checked_add,l4_n16,existing,2,131072,25.416,1664,0,0,1
metrics_uint_checked_add,l4_n16,existing,3,131072,25.611,1664,0,0,1
metrics_uint_checked_add,l4_n16,existing,4,131072,24.935,1664,0,0,1
metrics_uint_checked_add,l4_n16,existing,5,131072,24.707,1664,0,0,1
metrics_uint_checked_add,l4_n16,existing,6,131072,25.552,1664,0,0,1
metrics_uint_checked_add,l4_n16,existing,7,131072,25.074,1664,0,0,1
metrics_uint_checked_add,l4_n16,existing,8,131072,25.776,1664,0,0,1
metrics_uint_checked_add,l4_n16,existing,9,131072,24.618,1664,0,0,1
metrics_uint_checked_add,l4_n16,existing,10,131072,24.698,1664,0,0,1
metrics_uint_checked_add,l4_n16,existing,11,131072,25.083,1664,0,0,1
metrics_uint_checked_add,l4_n16,existing,12,131072,25.022,1664,0,0,1
metrics_uint_checked_add,l4_n16,existing,13,131072,25.472,1664,0,0,1
metrics_uint_checked_add,l4_n16,existing,14,131072,25.576,1664,0,0,1
metrics_uint_checked_add,l4_n16,existing,15,131072,25.072,1664,0,0,1
metrics_uint_checked_add,l4_n16,existing,16,131072,25.300,1664,0,0,1
metrics_uint_checked_add,l4_n16,existing,17,131072,25.394,1664,0,0,1
metrics_uint_checked_add,l4_n16,existing,18,131072,25.548,1664,0,0,1
metrics_uint_checked_add,l4_n16,existing,19,131072,24.736,1664,0,0,1
metrics_uint_checked_add,l4_n16,existing,20,131072,24.752,1664,0,0,1
metrics_uint_checked_add,l4_n16,existing,21,131072,25.497,1664,0,0,1
metrics_uint_checked_add,l4_n16,existing,22,131072,24.988,1664,0,0,1
metrics_uint_checked_add,l4_n16,existing,23,131072,25.598,1664,0,0,1
metrics_uint_checked_add,l4_n16,existing,24,131072,24.977,1664,0,0,1
metrics_uint_checked_add,l4_n16,existing,25,131072,24.771,1664,0,0,1
metrics_uint_checked_add,l4_n16,existing,26,131072,25.430,1664,0,0,1
metrics_uint_checked_add,l4_n16,existing,27,131072,25.001,1664,0,0,1
metrics_uint_checked_add,l4_n16,existing,28,131072,25.108,1664,0,0,1
metrics_uint_checked_add,l4_n16,existing,29,131072,24.837,1664,0,0,1
metrics_uint_checked_add,l4_n16,existing,30,131072,24.913,1664,0,0,1
metrics_uint_checked_add,l4_n16,existing,31,131072,25.091,1664,0,0,1
metrics_int_checked_add,l4_n16,existing,0,131072,25.466,1664,0,0,1
metrics_int_checked_add,l4_n16,existing,1,131072,25.571,1664,0,0,1
metrics_int_checked_add,l4_n16,existing,2,131072,25.575,1664,0,0,1
metrics_int_checked_add,l4_n16,existing,3,131072,25.706,1664,0,0,1
metrics_int_checked_add,l4_n16,existing,4,131072,26.097,1664,0,0,1
metrics_int_checked_add,l4_n16,existing,5,131072,25.945,1664,0,0,1
metrics_int_checked_add,l4_n16,existing,6,131072,25.726,1664,0,0,1
metrics_int_checked_add,l4_n16,existing,7,131072,26.016,1664,0,0,1
metrics_int_checked_add,l4_n16,existing,8,131072,26.457,1664,0,0,1
metrics_int_checked_add,l4_n16,existing,9,131072,25.203,1664,0,0,1
metrics_int_checked_add,l4_n16,existing,10,131072,25.346,1664,0,0,1
metrics_int_checked_add,l4_n16,existing,11,131072,26.595,1664,0,0,1
metrics_int_checked_add,l4_n16,existing,12,131072,25.684,1664,0,0,1
metrics_int_checked_add,l4_n16,existing,13,131072,25.554,1664,0,0,1
metrics_int_checked_add,l4_n16,existing,14,131072,25.654,1664,0,0,1
metrics_int_checked_add,l4_n16,existing,15,131072,26.051,1664,0,0,1
metrics_int_checked_add,l4_n16,existing,16,131072,25.651,1664,0,0,1
metrics_int_checked_add,l4_n16,existing,17,131072,26.601,1664,0,0,1
metrics_int_checked_add,l4_n16,existing,18,131072,25.773,1664,0,0,1
metrics_int_checked_add,l4_n16,existing,19,131072,25.393,1664,0,0,1
metrics_int_checked_add,l4_n16,existing,20,131072,25.463,1664,0,0,1
metrics_int_checked_add,l4_n16,existing,21,131072,26.043,1664,0,0,1
metrics_int_checked_add,l4_n16,existing,22,131072,25.823,1664,0,0,1
metrics_int_checked_add,l4_n16,existing,23,131072,26.627,1664,0,0,1
metrics_int_checked_add,l4_n16,existing,24,131072,25.365,1664,0,0,1
metrics_int_checked_add,l4_n16,existing,25,131072,25.321,1664,0,0,1
metrics_int_checked_add,l4_n16,existing,26,131072,26.341,1664,0,0,1
metrics_int_checked_add,l4_n16,existing,27,131072,25.156,1664,0,0,1
metrics_int_checked_add,l4_n16,existing,28,131072,25.629,1664,0,0,1
metrics_int_checked_add,l4_n16,existing,29,131072,25.397,1664,0,0,1
metrics_int_checked_add,l4_n16,existing,30,131072,25.655,1664,0,0,1
metrics_int_checked_add,l4_n16,existing,31,131072,25.777,1664,0,0,1
metrics_uint_checked_sub,l4_n16,existing,0,131072,27.670,1664,0,0,1
metrics_uint_checked_sub,l4_n16,existing,1,131072,27.704,1664,0,0,1
metrics_uint_checked_sub,l4_n16,existing,2,131072,28.126,1664,0,0,1
metrics_uint_checked_sub,l4_n16,existing,3,131072,28.784,1664,0,0,1
metrics_uint_checked_sub,l4_n16,existing,4,131072,28.300,1664,0,0,1
metrics_uint_checked_sub,l4_n16,existing,5,131072,27.851,1664,0,0,1
metrics_uint_checked_sub,l4_n16,existing,6,131072,28.470,1664,0,0,1
metrics_uint_checked_sub,l4_n16,existing,7,131072,28.858,1664,0,0,1
metrics_uint_checked_sub,l4_n16,existing,8,131072,27.696,1664,0,0,1
metrics_uint_checked_sub,l4_n16,existing,9,131072,27.675,1664,0,0,1
metrics_uint_checked_sub,l4_n16,existing,10,131072,28.250,1664,0,0,1
metrics_uint_checked_sub,l4_n16,existing,11,131072,28.076,1664,0,0,1
metrics_uint_checked_sub,l4_n16,existing,12,131072,29.301,1664,0,0,1
metrics_uint_checked_sub,l4_n16,existing,13,131072,27.967,1664,0,0,1
metrics_uint_checked_sub,l4_n16,existing,14,131072,27.839,1664,0,0,1
metrics_uint_checked_sub,l4_n16,existing,15,131072,28.207,1664,0,0,1
metrics_uint_checked_sub,l4_n16,existing,16,131072,28.093,1664,0,0,1
metrics_uint_checked_sub,l4_n16,existing,17,131072,28.300,1664,0,0,1
metrics_uint_checked_sub,l4_n16,existing,18,131072,28.269,1664,0,0,1
metrics_uint_checked_sub,l4_n16,existing,19,131072,27.925,1664,0,0,1
metrics_uint_checked_sub,l4_n16,existing,20,131072,27.960,1664,0,0,1
metrics_uint_checked_sub,l4_n16,existing,21,131072,29.345,1664,0,0,1
metrics_uint_checked_sub,l4_n16,existing,22,131072,27.942,1664,0,0,1
metrics_uint_checked_sub,l4_n16,existing,23,131072,27.834,1664,0,0,1
metrics_uint_checked_sub,l4_n16,existing,24,131072,28.430,1664,0,0,1
metrics_uint_checked_sub,l4_n16,existing,25,131072,27.867,1664,0,0,1
metrics_uint_checked_sub,l4_n16,existing,26,131072,28.673,1664,0,0,1
metrics_uint_checked_sub,l4_n16,existing,27,131072,28.077,1664,0,0,1
metrics_uint_checked_sub,l4_n16,existing,28,131072,28.171,1664,0,0,1
metrics_uint_checked_sub,l4_n16,existing,29,131072,28.357,1664,0,0,1
metrics_uint_checked_sub,l4_n16,existing,30,131072,28.893,1664,0,0,1
metrics_uint_checked_sub,l4_n16,existing,31,131072,27.838,1664,0,0,1
metrics_int_checked_sub,l4_n16,existing,0,131072,37.818,1664,0,0,1
metrics_int_checked_sub,l4_n16,existing,1,131072,37.522,1664,0,0,1
metrics_int_checked_sub,l4_n16,existing,2,131072,37.114,1664,0,0,1
metrics_int_checked_sub,l4_n16,existing,3,131072,38.082,1664,0,0,1
metrics_int_checked_sub,l4_n16,existing,4,131072,36.596,1664,0,0,1
metrics_int_checked_sub,l4_n16,existing,5,131072,37.294,1664,0,0,1
metrics_int_checked_sub,l4_n16,existing,6,131072,36.570,1664,0,0,1
metrics_int_checked_sub,l4_n16,existing,7,131072,37.434,1664,0,0,1
metrics_int_checked_sub,l4_n16,existing,8,131072,36.965,1664,0,0,1
metrics_int_checked_sub,l4_n16,existing,9,131072,37.065,1664,0,0,1
metrics_int_checked_sub,l4_n16,existing,10,131072,37.957,1664,0,0,1
metrics_int_checked_sub,l4_n16,existing,11,131072,36.493,1664,0,0,1
metrics_int_checked_sub,l4_n16,existing,12,131072,36.641,1664,0,0,1
metrics_int_checked_sub,l4_n16,existing,13,131072,36.638,1664,0,0,1
metrics_int_checked_sub,l4_n16,existing,14,131072,37.917,1664,0,0,1
metrics_int_checked_sub,l4_n16,existing,15,131072,37.285,1664,0,0,1
metrics_int_checked_sub,l4_n16,existing,16,131072,37.120,1664,0,0,1
metrics_int_checked_sub,l4_n16,existing,17,131072,37.820,1664,0,0,1
metrics_int_checked_sub,l4_n16,existing,18,131072,36.619,1664,0,0,1
metrics_int_checked_sub,l4_n16,existing,19,131072,37.322,1664,0,0,1
metrics_int_checked_sub,l4_n16,existing,20,131072,37.145,1664,0,0,1
metrics_int_checked_sub,l4_n16,existing,21,131072,37.500,1664,0,0,1
metrics_int_checked_sub,l4_n16,existing,22,131072,36.891,1664,0,0,1
metrics_int_checked_sub,l4_n16,existing,23,131072,37.432,1664,0,0,1
metrics_int_checked_sub,l4_n16,existing,24,131072,37.699,1664,0,0,1
metrics_int_checked_sub,l4_n16,existing,25,131072,36.586,1664,0,0,1
metrics_int_checked_sub,l4_n16,existing,26,131072,36.694,1664,0,0,1
metrics_int_checked_sub,l4_n16,existing,27,131072,37.667,1664,0,0,1
metrics_int_checked_sub,l4_n16,existing,28,131072,36.786,1664,0,0,1
metrics_int_checked_sub,l4_n16,existing,29,131072,36.970,1664,0,0,1
metrics_int_checked_sub,l4_n16,existing,30,131072,37.352,1664,0,0,1
metrics_int_checked_sub,l4_n16,existing,31,131072,37.629,1664,0,0,1
metrics_uint_checked_mul,l4_n16,existing,0,32768,117.446,1664,0,0,1
metrics_uint_checked_mul,l4_n16,existing,1,32768,121.483,1664,0,0,1
metrics_uint_checked_mul,l4_n16,existing,2,32768,118.279,1664,0,0,1
metrics_uint_checked_mul,l4_n16,existing,3,32768,117.613,1664,0,0,1
metrics_uint_checked_mul,l4_n16,existing,4,32768,119.312,1664,0,0,1
metrics_uint_checked_mul,l4_n16,existing,5,32768,121.789,1664,0,0,1
metrics_uint_checked_mul,l4_n16,existing,6,32768,117.278,1664,0,0,1
metrics_uint_checked_mul,l4_n16,existing,7,32768,116.482,1664,0,0,1
metrics_uint_checked_mul,l4_n16,existing,8,32768,117.761,1664,0,0,1
metrics_uint_checked_mul,l4_n16,existing,9,32768,122.045,1664,0,0,1
metrics_uint_checked_mul,l4_n16,existing,10,32768,117.760,1664,0,0,1
metrics_uint_checked_mul,l4_n16,existing,11,32768,117.574,1664,0,0,1
metrics_uint_checked_mul,l4_n16,existing,12,32768,117.505,1664,0,0,1
metrics_uint_checked_mul,l4_n16,existing,13,32768,117.241,1664,0,0,1
metrics_uint_checked_mul,l4_n16,existing,14,32768,121.202,1664,0,0,1
metrics_uint_checked_mul,l4_n16,existing,15,32768,117.254,1664,0,0,1
metrics_uint_checked_mul,l4_n16,existing,16,32768,116.843,1664,0,0,1
metrics_uint_checked_mul,l4_n16,existing,17,32768,117.043,1664,0,0,1
metrics_uint_checked_mul,l4_n16,existing,18,32768,118.657,1664,0,0,1
metrics_uint_checked_mul,l4_n16,existing,19,32768,116.962,1664,0,0,1
metrics_uint_checked_mul,l4_n16,existing,20,32768,117.836,1664,0,0,1
metrics_uint_checked_mul,l4_n16,existing,21,32768,118.066,1664,0,0,1
metrics_uint_checked_mul,l4_n16,existing,22,32768,122.810,1664,0,0,1
metrics_uint_checked_mul,l4_n16,existing,23,32768,118.009,1664,0,0,1
metrics_uint_checked_mul,l4_n16,existing,24,32768,116.910,1664,0,0,1
metrics_uint_checked_mul,l4_n16,existing,25,32768,117.287,1664,0,0,1
metrics_uint_checked_mul,l4_n16,existing,26,32768,121.237,1664,0,0,1
metrics_uint_checked_mul,l4_n16,existing,27,32768,118.053,1664,0,0,1
metrics_uint_checked_mul,l4_n16,existing,28,32768,117.233,1664,0,0,1
metrics_uint_checked_mul,l4_n16,existing,29,32768,117.730,1664,0,0,1
metrics_uint_checked_mul,l4_n16,existing,30,32768,120.188,1664,0,0,1
metrics_uint_checked_mul,l4_n16,existing,31,32768,121.443,1664,0,0,1
metrics_int_checked_mul,l4_n16,existing,0,32768,155.530,1664,0,0,1
metrics_int_checked_mul,l4_n16,existing,1,32768,155.112,1664,0,0,1
metrics_int_checked_mul,l4_n16,existing,2,32768,153.945,1664,0,0,1
metrics_int_checked_mul,l4_n16,existing,3,32768,158.404,1664,0,0,1
metrics_int_checked_mul,l4_n16,existing,4,32768,154.697,1664,0,0,1
metrics_int_checked_mul,l4_n16,existing,5,32768,157.349,1664,0,0,1
metrics_int_checked_mul,l4_n16,existing,6,32768,154.605,1664,0,0,1
metrics_int_checked_mul,l4_n16,existing,7,32768,157.660,1664,0,0,1
metrics_int_checked_mul,l4_n16,existing,8,32768,154.758,1664,0,0,1
metrics_int_checked_mul,l4_n16,existing,9,32768,154.779,1664,0,0,1
metrics_int_checked_mul,l4_n16,existing,10,32768,158.478,1664,0,0,1
metrics_int_checked_mul,l4_n16,existing,11,32768,154.422,1664,0,0,1
metrics_int_checked_mul,l4_n16,existing,12,32768,157.431,1664,0,0,1
metrics_int_checked_mul,l4_n16,existing,13,32768,155.477,1664,0,0,1
metrics_int_checked_mul,l4_n16,existing,14,32768,155.172,1664,0,0,1
metrics_int_checked_mul,l4_n16,existing,15,32768,154.266,1664,0,0,1
metrics_int_checked_mul,l4_n16,existing,16,32768,157.785,1664,0,0,1
metrics_int_checked_mul,l4_n16,existing,17,32768,154.305,1664,0,0,1
metrics_int_checked_mul,l4_n16,existing,18,32768,157.588,1664,0,0,1
metrics_int_checked_mul,l4_n16,existing,19,32768,156.157,1664,0,0,1
metrics_int_checked_mul,l4_n16,existing,20,32768,158.939,1664,0,0,1
metrics_int_checked_mul,l4_n16,existing,21,32768,154.457,1664,0,0,1
metrics_int_checked_mul,l4_n16,existing,22,32768,157.736,1664,0,0,1
metrics_int_checked_mul,l4_n16,existing,23,32768,154.035,1664,0,0,1
metrics_int_checked_mul,l4_n16,existing,24,32768,154.569,1664,0,0,1
metrics_int_checked_mul,l4_n16,existing,25,32768,154.868,1664,0,0,1
metrics_int_checked_mul,l4_n16,existing,26,32768,159.482,1664,0,0,1
metrics_int_checked_mul,l4_n16,existing,27,32768,154.650,1664,0,0,1
metrics_int_checked_mul,l4_n16,existing,28,32768,157.747,1664,0,0,1
metrics_int_checked_mul,l4_n16,existing,29,32768,156.443,1664,0,0,1
metrics_int_checked_mul,l4_n16,existing,30,32768,154.781,1664,0,0,1
metrics_int_checked_mul,l4_n16,existing,31,32768,155.406,1664,0,0,1
metrics_uint_compare,l4_n16,existing,0,131072,32.697,1040,0,0,1
metrics_uint_compare,l4_n16,existing,1,131072,34.000,1040,0,0,1
metrics_uint_compare,l4_n16,existing,2,131072,33.179,1040,0,0,1
metrics_uint_compare,l4_n16,existing,3,131072,34.148,1040,0,0,1
metrics_uint_compare,l4_n16,existing,4,131072,33.020,1040,0,0,1
metrics_uint_compare,l4_n16,existing,5,131072,33.395,1040,0,0,1
metrics_uint_compare,l4_n16,existing,6,131072,34.308,1040,0,0,1
metrics_uint_compare,l4_n16,existing,7,131072,32.785,1040,0,0,1
metrics_uint_compare,l4_n16,existing,8,131072,32.767,1040,0,0,1
metrics_uint_compare,l4_n16,existing,9,131072,33.573,1040,0,0,1
metrics_uint_compare,l4_n16,existing,10,131072,33.418,1040,0,0,1
metrics_uint_compare,l4_n16,existing,11,131072,32.907,1040,0,0,1
metrics_uint_compare,l4_n16,existing,12,131072,33.187,1040,0,0,1
metrics_uint_compare,l4_n16,existing,13,131072,33.416,1040,0,0,1
metrics_uint_compare,l4_n16,existing,14,131072,33.923,1040,0,0,1
metrics_uint_compare,l4_n16,existing,15,131072,32.937,1040,0,0,1
metrics_uint_compare,l4_n16,existing,16,131072,33.466,1040,0,0,1
metrics_uint_compare,l4_n16,existing,17,131072,32.923,1040,0,0,1
metrics_uint_compare,l4_n16,existing,18,131072,33.719,1040,0,0,1
metrics_uint_compare,l4_n16,existing,19,131072,32.910,1040,0,0,1
metrics_uint_compare,l4_n16,existing,20,131072,32.760,1040,0,0,1
metrics_uint_compare,l4_n16,existing,21,131072,32.837,1040,0,0,1
metrics_uint_compare,l4_n16,existing,22,131072,33.721,1040,0,0,1
metrics_uint_compare,l4_n16,existing,23,131072,32.819,1040,0,0,1
metrics_uint_compare,l4_n16,existing,24,131072,33.173,1040,0,0,1
metrics_uint_compare,l4_n16,existing,25,131072,33.653,1040,0,0,1
metrics_uint_compare,l4_n16,existing,26,131072,33.531,1040,0,0,1
metrics_uint_compare,l4_n16,existing,27,131072,32.590,1040,0,0,1
metrics_uint_compare,l4_n16,existing,28,131072,33.470,1040,0,0,1
metrics_uint_compare,l4_n16,existing,29,131072,33.196,1040,0,0,1
metrics_uint_compare,l4_n16,existing,30,131072,33.079,1040,0,0,1
metrics_uint_compare,l4_n16,existing,31,131072,33.120,1040,0,0,1
metrics_uint_wide_mul,l4_n16,existing,0,32768,110.280,2048,0,0,1
metrics_uint_wide_mul,l4_n16,existing,1,32768,106.845,2048,0,0,1
metrics_uint_wide_mul,l4_n16,existing,2,32768,107.452,2048,0,0,1
metrics_uint_wide_mul,l4_n16,existing,3,32768,107.292,2048,0,0,1
metrics_uint_wide_mul,l4_n16,existing,4,32768,108.934,2048,0,0,1
metrics_uint_wide_mul,l4_n16,existing,5,32768,108.655,2048,0,0,1
metrics_uint_wide_mul,l4_n16,existing,6,32768,107.218,2048,0,0,1
metrics_uint_wide_mul,l4_n16,existing,7,32768,107.081,2048,0,0,1
metrics_uint_wide_mul,l4_n16,existing,8,32768,107.390,2048,0,0,1
metrics_uint_wide_mul,l4_n16,existing,9,32768,109.395,2048,0,0,1
metrics_uint_wide_mul,l4_n16,existing,10,32768,107.475,2048,0,0,1
metrics_uint_wide_mul,l4_n16,existing,11,32768,107.428,2048,0,0,1
metrics_uint_wide_mul,l4_n16,existing,12,32768,107.236,2048,0,0,1
metrics_uint_wide_mul,l4_n16,existing,13,32768,107.576,2048,0,0,1
metrics_uint_wide_mul,l4_n16,existing,14,32768,109.510,2048,0,0,1
metrics_uint_wide_mul,l4_n16,existing,15,32768,107.651,2048,0,0,1
metrics_uint_wide_mul,l4_n16,existing,16,32768,107.530,2048,0,0,1
metrics_uint_wide_mul,l4_n16,existing,17,32768,107.168,2048,0,0,1
metrics_uint_wide_mul,l4_n16,existing,18,32768,111.450,2048,0,0,1
metrics_uint_wide_mul,l4_n16,existing,19,32768,110.710,2048,0,0,1
metrics_uint_wide_mul,l4_n16,existing,20,32768,108.130,2048,0,0,1
metrics_uint_wide_mul,l4_n16,existing,21,32768,112.361,2048,0,0,1
metrics_uint_wide_mul,l4_n16,existing,22,32768,123.959,2048,0,0,1
metrics_uint_wide_mul,l4_n16,existing,23,32768,109.594,2048,0,0,1
metrics_uint_wide_mul,l4_n16,existing,24,32768,109.720,2048,0,0,1
metrics_uint_wide_mul,l4_n16,existing,25,32768,109.052,2048,0,0,1
metrics_uint_wide_mul,l4_n16,existing,26,32768,106.983,2048,0,0,1
metrics_uint_wide_mul,l4_n16,existing,27,32768,108.728,2048,0,0,1
metrics_uint_wide_mul,l4_n16,existing,28,32768,110.119,2048,0,0,1
metrics_uint_wide_mul,l4_n16,existing,29,32768,106.510,2048,0,0,1
metrics_uint_wide_mul,l4_n16,existing,30,32768,108.578,2048,0,0,1
metrics_uint_wide_mul,l4_n16,existing,31,32768,107.126,2048,0,0,1
metrics_uint_divrem,l4_d64_n16,existing_prevalidated_divisor,0,2048,1482.035,1568,0,0,1
metrics_uint_divrem,l4_d64_n16,existing_prevalidated_divisor,1,2048,1481.893,1568,0,0,1
metrics_uint_divrem,l4_d64_n16,existing_prevalidated_divisor,2,2048,1495.789,1568,0,0,1
metrics_uint_divrem,l4_d64_n16,existing_prevalidated_divisor,3,2048,1518.453,1568,0,0,1
metrics_uint_divrem,l4_d64_n16,existing_prevalidated_divisor,4,2048,1485.697,1568,0,0,1
metrics_uint_divrem,l4_d64_n16,existing_prevalidated_divisor,5,2048,1494.283,1568,0,0,1
metrics_uint_divrem,l4_d64_n16,existing_prevalidated_divisor,6,2048,1490.763,1568,0,0,1
metrics_uint_divrem,l4_d64_n16,existing_prevalidated_divisor,7,2048,1498.535,1568,0,0,1
metrics_uint_divrem,l4_d64_n16,existing_prevalidated_divisor,8,2048,1502.869,1568,0,0,1
metrics_uint_divrem,l4_d64_n16,existing_prevalidated_divisor,9,2048,1546.224,1568,0,0,1
metrics_uint_divrem,l4_d64_n16,existing_prevalidated_divisor,10,2048,1503.886,1568,0,0,1
metrics_uint_divrem,l4_d64_n16,existing_prevalidated_divisor,11,2048,1493.917,1568,0,0,1
metrics_uint_divrem,l4_d64_n16,existing_prevalidated_divisor,12,2048,1489.604,1568,0,0,1
metrics_uint_divrem,l4_d64_n16,existing_prevalidated_divisor,13,2048,1489.828,1568,0,0,1
metrics_uint_divrem,l4_d64_n16,existing_prevalidated_divisor,14,2048,1505.249,1568,0,0,1
metrics_uint_divrem,l4_d64_n16,existing_prevalidated_divisor,15,2048,1532.776,1568,0,0,1
metrics_uint_divrem,l4_d64_n16,existing_prevalidated_divisor,16,2048,1483.663,1568,0,0,1
metrics_uint_divrem,l4_d64_n16,existing_prevalidated_divisor,17,2048,1478.027,1568,0,0,1
metrics_uint_divrem,l4_d64_n16,existing_prevalidated_divisor,18,2048,1534.648,1568,0,0,1
metrics_uint_divrem,l4_d64_n16,existing_prevalidated_divisor,19,2048,1543.864,1568,0,0,1
metrics_uint_divrem,l4_d64_n16,existing_prevalidated_divisor,20,2048,1687.012,1568,0,0,1
metrics_uint_divrem,l4_d64_n16,existing_prevalidated_divisor,21,2048,1503.113,1568,0,0,1
metrics_uint_divrem,l4_d64_n16,existing_prevalidated_divisor,22,2048,1542.155,1568,0,0,1
metrics_uint_divrem,l4_d64_n16,existing_prevalidated_divisor,23,2048,1477.274,1568,0,0,1
metrics_uint_divrem,l4_d64_n16,existing_prevalidated_divisor,24,2048,1497.050,1568,0,0,1
metrics_uint_divrem,l4_d64_n16,existing_prevalidated_divisor,25,2048,1508.423,1568,0,0,1
metrics_uint_divrem,l4_d64_n16,existing_prevalidated_divisor,26,2048,1494.263,1568,0,0,1
metrics_uint_divrem,l4_d64_n16,existing_prevalidated_divisor,27,2048,1502.400,1568,0,0,1
metrics_uint_divrem,l4_d64_n16,existing_prevalidated_divisor,28,2048,1505.595,1568,0,0,1
metrics_uint_divrem,l4_d64_n16,existing_prevalidated_divisor,29,2048,1489.583,1568,0,0,1
metrics_uint_divrem,l4_d64_n16,existing_prevalidated_divisor,30,2048,1494.812,1568,0,0,1
metrics_uint_divrem,l4_d64_n16,existing_prevalidated_divisor,31,2048,1524.719,1568,0,0,1
metrics_uint_divrem,l4_dfull_n16,existing_prevalidated_divisor,0,2048,1507.019,1568,0,0,1
metrics_uint_divrem,l4_dfull_n16,existing_prevalidated_divisor,1,2048,1498.271,1568,0,0,1
metrics_uint_divrem,l4_dfull_n16,existing_prevalidated_divisor,2,2048,1548.014,1568,0,0,1
metrics_uint_divrem,l4_dfull_n16,existing_prevalidated_divisor,3,2048,1505.961,1568,0,0,1
metrics_uint_divrem,l4_dfull_n16,existing_prevalidated_divisor,4,2048,1492.839,1568,0,0,1
metrics_uint_divrem,l4_dfull_n16,existing_prevalidated_divisor,5,2048,1499.715,1568,0,0,1
metrics_uint_divrem,l4_dfull_n16,existing_prevalidated_divisor,6,2048,1504.598,1568,0,0,1
metrics_uint_divrem,l4_dfull_n16,existing_prevalidated_divisor,7,2048,1549.174,1568,0,0,1
metrics_uint_divrem,l4_dfull_n16,existing_prevalidated_divisor,8,2048,1488.546,1568,0,0,1
metrics_uint_divrem,l4_dfull_n16,existing_prevalidated_divisor,9,2048,1491.374,1568,0,0,1
metrics_uint_divrem,l4_dfull_n16,existing_prevalidated_divisor,10,2048,1497.904,1568,0,0,1
metrics_uint_divrem,l4_dfull_n16,existing_prevalidated_divisor,11,2048,1497.803,1568,0,0,1
metrics_uint_divrem,l4_dfull_n16,existing_prevalidated_divisor,12,2048,1499.104,1568,0,0,1
metrics_uint_divrem,l4_dfull_n16,existing_prevalidated_divisor,13,2048,1511.250,1568,0,0,1
metrics_uint_divrem,l4_dfull_n16,existing_prevalidated_divisor,14,2048,1522.726,1568,0,0,1
metrics_uint_divrem,l4_dfull_n16,existing_prevalidated_divisor,15,2048,1495.056,1568,0,0,1
metrics_uint_divrem,l4_dfull_n16,existing_prevalidated_divisor,16,2048,1549.052,1568,0,0,1
metrics_uint_divrem,l4_dfull_n16,existing_prevalidated_divisor,17,2048,1514.282,1568,0,0,1
metrics_uint_divrem,l4_dfull_n16,existing_prevalidated_divisor,18,2048,1556.783,1568,0,0,1
metrics_uint_divrem,l4_dfull_n16,existing_prevalidated_divisor,19,2048,1493.266,1568,0,0,1
metrics_uint_divrem,l4_dfull_n16,existing_prevalidated_divisor,20,2048,1492.554,1568,0,0,1
metrics_uint_divrem,l4_dfull_n16,existing_prevalidated_divisor,21,2048,1513.489,1568,0,0,1
metrics_uint_divrem,l4_dfull_n16,existing_prevalidated_divisor,22,2048,1517.700,1568,0,0,1
metrics_uint_divrem,l4_dfull_n16,existing_prevalidated_divisor,23,2048,1564.372,1568,0,0,1
metrics_uint_divrem,l4_dfull_n16,existing_prevalidated_divisor,24,2048,1508.769,1568,0,0,1
metrics_uint_divrem,l4_dfull_n16,existing_prevalidated_divisor,25,2048,1506.856,1568,0,0,1
metrics_uint_divrem,l4_dfull_n16,existing_prevalidated_divisor,26,2048,1513.957,1568,0,0,1
metrics_uint_divrem,l4_dfull_n16,existing_prevalidated_divisor,27,2048,1509.399,1568,0,0,1
metrics_uint_divrem,l4_dfull_n16,existing_prevalidated_divisor,28,2048,1498.413,1568,0,0,1
metrics_uint_divrem,l4_dfull_n16,existing_prevalidated_divisor,29,2048,1559.041,1568,0,0,1
metrics_uint_divrem,l4_dfull_n16,existing_prevalidated_divisor,30,2048,1494.690,1568,0,0,1
metrics_uint_divrem,l4_dfull_n16,existing_prevalidated_divisor,31,2048,1491.333,1568,0,0,1
metrics_integer_add,l4_n1024,circuit_z,0,2048,1986.450,98304,0,0,1
metrics_integer_add,l4_n1024,circuit_z,1,2048,1983.256,98304,0,0,1
metrics_integer_add,l4_n1024,circuit_z,2,2048,2004.883,98304,0,0,1
metrics_integer_add,l4_n1024,circuit_z,3,2048,2062.521,98304,0,0,1
metrics_integer_add,l4_n1024,circuit_z,4,2048,1988.363,98304,0,0,1
metrics_integer_add,l4_n1024,circuit_z,5,2048,1966.512,98304,0,0,1
metrics_integer_add,l4_n1024,circuit_z,6,2048,2031.250,98304,0,0,1
metrics_integer_add,l4_n1024,circuit_z,7,2048,2046.773,98304,0,0,1
metrics_integer_add,l4_n1024,circuit_z,8,2048,1994.609,98304,0,0,1
metrics_integer_add,l4_n1024,circuit_z,9,2048,1981.628,98304,0,0,1
metrics_integer_add,l4_n1024,circuit_z,10,2048,1992.635,98304,0,0,1
metrics_integer_add,l4_n1024,circuit_z,11,2048,2056.803,98304,0,0,1
metrics_integer_add,l4_n1024,circuit_z,12,2048,1979.085,98304,0,0,1
metrics_integer_add,l4_n1024,circuit_z,13,2048,1969.096,98304,0,0,1
metrics_integer_add,l4_n1024,circuit_z,14,2048,1978.902,98304,0,0,1
metrics_integer_add,l4_n1024,circuit_z,15,2048,2008.179,98304,0,0,1
metrics_integer_add,l4_n1024,circuit_z,16,2048,2033.000,98304,0,0,1
metrics_integer_add,l4_n1024,circuit_z,17,2048,1991.089,98304,0,0,1
metrics_integer_add,l4_n1024,circuit_z,18,2048,1999.878,98304,0,0,1
metrics_integer_add,l4_n1024,circuit_z,19,2048,2013.998,98304,0,0,1
metrics_integer_add,l4_n1024,circuit_z,20,2048,2022.990,98304,0,0,1
metrics_integer_add,l4_n1024,circuit_z,21,2048,1963.135,98304,0,0,1
metrics_integer_add,l4_n1024,circuit_z,22,2048,2039.734,98304,0,0,1
metrics_integer_add,l4_n1024,circuit_z,23,2048,1998.210,98304,0,0,1
metrics_integer_add,l4_n1024,circuit_z,24,2048,2026.367,98304,0,0,1
metrics_integer_add,l4_n1024,circuit_z,25,2048,2015.930,98304,0,0,1
metrics_integer_add,l4_n1024,circuit_z,26,2048,1998.617,98304,0,0,1
metrics_integer_add,l4_n1024,circuit_z,27,2048,2005.595,98304,0,0,1
metrics_integer_add,l4_n1024,circuit_z,28,2048,2021.769,98304,0,0,1
metrics_integer_add,l4_n1024,circuit_z,29,2048,1969.869,98304,0,0,1
metrics_integer_add,l4_n1024,circuit_z,30,2048,1986.186,98304,0,0,1
metrics_integer_add,l4_n1024,circuit_z,31,2048,1998.332,98304,0,0,1
metrics_integer_sub,l4_n1024,circuit_z,0,2048,1649.719,98304,0,0,1
metrics_integer_sub,l4_n1024,circuit_z,1,2048,1648.173,98304,0,0,1
metrics_integer_sub,l4_n1024,circuit_z,2,2048,1691.040,98304,0,0,1
metrics_integer_sub,l4_n1024,circuit_z,3,2048,1614.990,98304,0,0,1
metrics_integer_sub,l4_n1024,circuit_z,4,2048,1614.706,98304,0,0,1
metrics_integer_sub,l4_n1024,circuit_z,5,2048,1687.968,98304,0,0,1
metrics_integer_sub,l4_n1024,circuit_z,6,2048,1640.055,98304,0,0,1
metrics_integer_sub,l4_n1024,circuit_z,7,2048,1673.584,98304,0,0,1
metrics_integer_sub,l4_n1024,circuit_z,8,2048,1638.102,98304,0,0,1
metrics_integer_sub,l4_n1024,circuit_z,9,2048,1662.211,98304,0,0,1
metrics_integer_sub,l4_n1024,circuit_z,10,2048,1651.347,98304,0,0,1
metrics_integer_sub,l4_n1024,circuit_z,11,2048,1743.693,98304,0,0,1
metrics_integer_sub,l4_n1024,circuit_z,12,2048,1680.542,98304,0,0,1
metrics_integer_sub,l4_n1024,circuit_z,13,2048,1625.997,98304,0,0,1
metrics_integer_sub,l4_n1024,circuit_z,14,2048,1639.873,98304,0,0,1
metrics_integer_sub,l4_n1024,circuit_z,15,2048,1636.983,98304,0,0,1
metrics_integer_sub,l4_n1024,circuit_z,16,2048,1668.559,98304,0,0,1
metrics_integer_sub,l4_n1024,circuit_z,17,2048,1719.340,98304,0,0,1
metrics_integer_sub,l4_n1024,circuit_z,18,2048,1617.798,98304,0,0,1
metrics_integer_sub,l4_n1024,circuit_z,19,2048,1616.537,98304,0,0,1
metrics_integer_sub,l4_n1024,circuit_z,20,2048,1652.059,98304,0,0,1
metrics_integer_sub,l4_n1024,circuit_z,21,2048,1648.519,98304,0,0,1
metrics_integer_sub,l4_n1024,circuit_z,22,2048,1713.155,98304,0,0,1
metrics_integer_sub,l4_n1024,circuit_z,23,2048,1640.015,98304,0,0,1
metrics_integer_sub,l4_n1024,circuit_z,24,2048,1650.716,98304,0,0,1
metrics_integer_sub,l4_n1024,circuit_z,25,2048,1634.888,98304,0,0,1
metrics_integer_sub,l4_n1024,circuit_z,26,2048,1633.382,98304,0,0,1
metrics_integer_sub,l4_n1024,circuit_z,27,2048,1696.330,98304,0,0,1
metrics_integer_sub,l4_n1024,circuit_z,28,2048,1614.095,98304,0,0,1
metrics_integer_sub,l4_n1024,circuit_z,29,2048,1620.952,98304,0,0,1
metrics_integer_sub,l4_n1024,circuit_z,30,2048,1677.958,98304,0,0,1
metrics_integer_sub,l4_n1024,circuit_z,31,2048,1627.157,98304,0,0,1
metrics_uint_checked_add,l4_n1024,existing,0,2048,1508.749,106496,0,0,1
metrics_uint_checked_add,l4_n1024,existing,1,2048,1505.737,106496,0,0,1
metrics_uint_checked_add,l4_n1024,existing,2,2048,1515.625,106496,0,0,1
metrics_uint_checked_add,l4_n1024,existing,3,2048,1583.415,106496,0,0,1
metrics_uint_checked_add,l4_n1024,existing,4,2048,1481.893,106496,0,0,1
metrics_uint_checked_add,l4_n1024,existing,5,2048,1475.382,106496,0,0,1
metrics_uint_checked_add,l4_n1024,existing,6,2048,1485.087,106496,0,0,1
metrics_uint_checked_add,l4_n1024,existing,7,2048,1495.219,106496,0,0,1
metrics_uint_checked_add,l4_n1024,existing,8,2048,1493.042,106496,0,0,1
metrics_uint_checked_add,l4_n1024,existing,9,2048,1560.689,106496,0,0,1
metrics_uint_checked_add,l4_n1024,existing,10,2048,1530.212,106496,0,0,1
metrics_uint_checked_add,l4_n1024,existing,11,2048,1477.132,106496,0,0,1
metrics_uint_checked_add,l4_n1024,existing,12,2048,1505.758,106496,0,0,1
metrics_uint_checked_add,l4_n1024,existing,13,2048,1505.513,106496,0,0,1
metrics_uint_checked_add,l4_n1024,existing,14,2048,1551.941,106496,0,0,1
metrics_uint_checked_add,l4_n1024,existing,15,2048,1481.161,106496,0,0,1
metrics_uint_checked_add,l4_n1024,existing,16,2048,1541.931,106496,0,0,1
metrics_uint_checked_add,l4_n1024,existing,17,2048,1494.039,106496,0,0,1
metrics_uint_checked_add,l4_n1024,existing,18,2048,1478.760,106496,0,0,1
metrics_uint_checked_add,l4_n1024,existing,19,2048,1478.922,106496,0,0,1
metrics_uint_checked_add,l4_n1024,existing,20,2048,1543.498,106496,0,0,1
metrics_uint_checked_add,l4_n1024,existing,21,2048,1484.639,106496,0,0,1
metrics_uint_checked_add,l4_n1024,existing,22,2048,1480.062,106496,0,0,1
metrics_uint_checked_add,l4_n1024,existing,23,2048,1521.993,106496,0,0,1
metrics_uint_checked_add,l4_n1024,existing,24,2048,1509.928,106496,0,0,1
metrics_uint_checked_add,l4_n1024,existing,25,2048,1520.670,106496,0,0,1
metrics_uint_checked_add,l4_n1024,existing,26,2048,1495.056,106496,0,0,1
metrics_uint_checked_add,l4_n1024,existing,27,2048,1525.879,106496,0,0,1
metrics_uint_checked_add,l4_n1024,existing,28,2048,1491.109,106496,0,0,1
metrics_uint_checked_add,l4_n1024,existing,29,2048,1507.365,106496,0,0,1
metrics_uint_checked_add,l4_n1024,existing,30,2048,1569.479,106496,0,0,1
metrics_uint_checked_add,l4_n1024,existing,31,2048,1485.962,106496,0,0,1
metrics_int_checked_add,l4_n1024,existing,0,2048,2256.002,106496,0,0,1
metrics_int_checked_add,l4_n1024,existing,1,2048,2185.242,106496,0,0,1
metrics_int_checked_add,l4_n1024,existing,2,2048,2088.969,106496,0,0,1
metrics_int_checked_add,l4_n1024,existing,3,2048,2041.483,106496,0,0,1
metrics_int_checked_add,l4_n1024,existing,4,2048,2072.062,106496,0,0,1
metrics_int_checked_add,l4_n1024,existing,5,2048,1795.451,106496,0,0,1
metrics_int_checked_add,l4_n1024,existing,6,2048,1555.827,106496,0,0,1
metrics_int_checked_add,l4_n1024,existing,7,2048,2011.027,106496,0,0,1
metrics_int_checked_add,l4_n1024,existing,8,2048,2258.728,106496,0,0,1
metrics_int_checked_add,l4_n1024,existing,9,2048,2043.965,106496,0,0,1
metrics_int_checked_add,l4_n1024,existing,10,2048,1621.724,106496,0,0,1
metrics_int_checked_add,l4_n1024,existing,11,2048,1838.277,106496,0,0,1
metrics_int_checked_add,l4_n1024,existing,12,2048,2213.054,106496,0,0,1
metrics_int_checked_add,l4_n1024,existing,13,2048,2230.713,106496,0,0,1
metrics_int_checked_add,l4_n1024,existing,14,2048,2065.063,106496,0,0,1
metrics_int_checked_add,l4_n1024,existing,15,2048,2034.444,106496,0,0,1
metrics_int_checked_add,l4_n1024,existing,16,2048,2184.306,106496,0,0,1
metrics_int_checked_add,l4_n1024,existing,17,2048,2188.599,106496,0,0,1
metrics_int_checked_add,l4_n1024,existing,18,2048,2235.982,106496,0,0,1
metrics_int_checked_add,l4_n1024,existing,19,2048,2270.365,106496,0,0,1
metrics_int_checked_add,l4_n1024,existing,20,2048,1902.506,106496,0,0,1
metrics_int_checked_add,l4_n1024,existing,21,2048,1774.679,106496,0,0,1
metrics_int_checked_add,l4_n1024,existing,22,2048,2208.191,106496,0,0,1
metrics_int_checked_add,l4_n1024,existing,23,2048,2095.378,106496,0,0,1
metrics_int_checked_add,l4_n1024,existing,24,2048,2216.451,106496,0,0,1
metrics_int_checked_add,l4_n1024,existing,25,2048,2085.246,106496,0,0,1
metrics_int_checked_add,l4_n1024,existing,26,2048,1953.715,106496,0,0,1
metrics_int_checked_add,l4_n1024,existing,27,2048,2196.188,106496,0,0,1
metrics_int_checked_add,l4_n1024,existing,28,2048,2090.475,106496,0,0,1
metrics_int_checked_add,l4_n1024,existing,29,2048,2147.400,106496,0,0,1
metrics_int_checked_add,l4_n1024,existing,30,2048,1928.324,106496,0,0,1
metrics_int_checked_add,l4_n1024,existing,31,2048,2034.912,106496,0,0,1
metrics_uint_checked_sub,l4_n1024,existing,0,2048,1678.792,106496,0,0,1
metrics_uint_checked_sub,l4_n1024,existing,1,2048,1724.080,106496,0,0,1
metrics_uint_checked_sub,l4_n1024,existing,2,2048,1687.724,106496,0,0,1
metrics_uint_checked_sub,l4_n1024,existing,3,2048,1716.431,106496,0,0,1
metrics_uint_checked_sub,l4_n1024,existing,4,2048,1692.240,106496,0,0,1
metrics_uint_checked_sub,l4_n1024,existing,5,2048,1701.294,106496,0,0,1
metrics_uint_checked_sub,l4_n1024,existing,6,2048,1720.235,106496,0,0,1
metrics_uint_checked_sub,l4_n1024,existing,7,2048,1720.256,106496,0,0,1
metrics_uint_checked_sub,l4_n1024,existing,8,2048,1762.044,106496,0,0,1
metrics_uint_checked_sub,l4_n1024,existing,9,2048,1688.232,106496,0,0,1
metrics_uint_checked_sub,l4_n1024,existing,10,2048,1726.624,106496,0,0,1
metrics_uint_checked_sub,l4_n1024,existing,11,2048,1684.977,106496,0,0,1
metrics_uint_checked_sub,l4_n1024,existing,12,2048,1749.003,106496,0,0,1
metrics_uint_checked_sub,l4_n1024,existing,13,2048,1704.000,106496,0,0,1
metrics_uint_checked_sub,l4_n1024,existing,14,2048,1698.385,106496,0,0,1
metrics_uint_checked_sub,l4_n1024,existing,15,2048,1713.501,106496,0,0,1
metrics_uint_checked_sub,l4_n1024,existing,16,2048,1729.268,106496,0,0,1
metrics_uint_checked_sub,l4_n1024,existing,17,2048,1795.959,106496,0,0,1
metrics_uint_checked_sub,l4_n1024,existing,18,2048,1710.653,106496,0,0,1
metrics_uint_checked_sub,l4_n1024,existing,19,2048,1734.640,106496,0,0,1
metrics_uint_checked_sub,l4_n1024,existing,20,2048,1747.701,106496,0,0,1
metrics_uint_checked_sub,l4_n1024,existing,21,2048,1723.124,106496,0,0,1
metrics_uint_checked_sub,l4_n1024,existing,22,2048,1764.974,106496,0,0,1
metrics_uint_checked_sub,l4_n1024,existing,23,2048,1710.083,106496,0,0,1
metrics_uint_checked_sub,l4_n1024,existing,24,2048,1683.289,106496,0,0,1
metrics_uint_checked_sub,l4_n1024,existing,25,2048,1750.916,106496,0,0,1
metrics_uint_checked_sub,l4_n1024,existing,26,2048,1736.186,106496,0,0,1
metrics_uint_checked_sub,l4_n1024,existing,27,2048,1871.684,106496,0,0,1
metrics_uint_checked_sub,l4_n1024,existing,28,2048,1706.584,106496,0,0,1
metrics_uint_checked_sub,l4_n1024,existing,29,2048,1687.927,106496,0,0,1
metrics_uint_checked_sub,l4_n1024,existing,30,2048,1724.711,106496,0,0,1
metrics_uint_checked_sub,l4_n1024,existing,31,2048,1808.309,106496,0,0,1
metrics_int_checked_sub,l4_n1024,existing,0,2048,2284.363,106496,0,0,1
metrics_int_checked_sub,l4_n1024,existing,1,2048,2281.332,106496,0,0,1
metrics_int_checked_sub,l4_n1024,existing,2,2048,2381.917,106496,0,0,1
metrics_int_checked_sub,l4_n1024,existing,3,2048,2278.829,106496,0,0,1
metrics_int_checked_sub,l4_n1024,existing,4,2048,2443.889,106496,0,0,1
metrics_int_checked_sub,l4_n1024,existing,5,2048,2266.174,106496,0,0,1
metrics_int_checked_sub,l4_n1024,existing,6,2048,2326.030,106496,0,0,1
metrics_int_checked_sub,l4_n1024,existing,7,2048,2238.078,106496,0,0,1
metrics_int_checked_sub,l4_n1024,existing,8,2048,2409.892,106496,0,0,1
metrics_int_checked_sub,l4_n1024,existing,9,2048,2324.667,106496,0,0,1
metrics_int_checked_sub,l4_n1024,existing,10,2048,2341.736,106496,0,0,1
metrics_int_checked_sub,l4_n1024,existing,11,2048,2333.333,106496,0,0,1
metrics_int_checked_sub,l4_n1024,existing,12,2048,2297.954,106496,0,0,1
metrics_int_checked_sub,l4_n1024,existing,13,2048,2340.210,106496,0,0,1
metrics_int_checked_sub,l4_n1024,existing,14,2048,2382.223,106496,0,0,1
metrics_int_checked_sub,l4_n1024,existing,15,2048,2329.895,106496,0,0,1
metrics_int_checked_sub,l4_n1024,existing,16,2048,2296.224,106496,0,0,1
metrics_int_checked_sub,l4_n1024,existing,17,2048,2316.305,106496,0,0,1
metrics_int_checked_sub,l4_n1024,existing,18,2048,2379.293,106496,0,0,1
metrics_int_checked_sub,l4_n1024,existing,19,2048,2281.148,106496,0,0,1
metrics_int_checked_sub,l4_n1024,existing,20,2048,2277.181,106496,0,0,1
metrics_int_checked_sub,l4_n1024,existing,21,2048,2350.993,106496,0,0,1
metrics_int_checked_sub,l4_n1024,existing,22,2048,2413.106,106496,0,0,1
metrics_int_checked_sub,l4_n1024,existing,23,2048,2305.501,106496,0,0,1
metrics_int_checked_sub,l4_n1024,existing,24,2048,2310.913,106496,0,0,1
metrics_int_checked_sub,l4_n1024,existing,25,2048,2261.373,106496,0,0,1
metrics_int_checked_sub,l4_n1024,existing,26,2048,2328.878,106496,0,0,1
metrics_int_checked_sub,l4_n1024,existing,27,2048,2287.557,106496,0,0,1
metrics_int_checked_sub,l4_n1024,existing,28,2048,2371.765,106496,0,0,1
metrics_int_checked_sub,l4_n1024,existing,29,2048,2375.753,106496,0,0,1
metrics_int_checked_sub,l4_n1024,existing,30,2048,2387.472,106496,0,0,1
metrics_int_checked_sub,l4_n1024,existing,31,2048,2255.167,106496,0,0,1
metrics_uint_checked_mul,l4_n1024,existing,0,512,7521.891,106496,0,0,1
metrics_uint_checked_mul,l4_n1024,existing,1,512,7497.070,106496,0,0,1
metrics_uint_checked_mul,l4_n1024,existing,2,512,8467.773,106496,0,0,1
metrics_uint_checked_mul,l4_n1024,existing,3,512,7635.986,106496,0,0,1
metrics_uint_checked_mul,l4_n1024,existing,4,512,7451.660,106496,0,0,1
metrics_uint_checked_mul,l4_n1024,existing,5,512,7620.850,106496,0,0,1
metrics_uint_checked_mul,l4_n1024,existing,6,512,7468.426,106496,0,0,1
metrics_uint_checked_mul,l4_n1024,existing,7,512,7685.955,106496,0,0,1
metrics_uint_checked_mul,l4_n1024,existing,8,512,7547.363,106496,0,0,1
metrics_uint_checked_mul,l4_n1024,existing,9,512,7672.037,106496,0,0,1
metrics_uint_checked_mul,l4_n1024,existing,10,512,7659.994,106496,0,0,1
metrics_uint_checked_mul,l4_n1024,existing,11,512,7582.926,106496,0,0,1
metrics_uint_checked_mul,l4_n1024,existing,12,512,7437.256,106496,0,0,1
metrics_uint_checked_mul,l4_n1024,existing,13,512,7516.684,106496,0,0,1
metrics_uint_checked_mul,l4_n1024,existing,14,512,7318.115,106496,0,0,1
metrics_uint_checked_mul,l4_n1024,existing,15,512,7684.408,106496,0,0,1
metrics_uint_checked_mul,l4_n1024,existing,16,512,7540.445,106496,0,0,1
metrics_uint_checked_mul,l4_n1024,existing,17,512,7517.008,106496,0,0,1
metrics_uint_checked_mul,l4_n1024,existing,18,512,7747.559,106496,0,0,1
metrics_uint_checked_mul,l4_n1024,existing,19,512,7799.887,106496,0,0,1
metrics_uint_checked_mul,l4_n1024,existing,20,512,7479.086,106496,0,0,1
metrics_uint_checked_mul,l4_n1024,existing,21,512,7385.742,106496,0,0,1
metrics_uint_checked_mul,l4_n1024,existing,22,512,7503.826,106496,0,0,1
metrics_uint_checked_mul,l4_n1024,existing,23,512,7518.719,106496,0,0,1
metrics_uint_checked_mul,l4_n1024,existing,24,512,7687.256,106496,0,0,1
metrics_uint_checked_mul,l4_n1024,existing,25,512,7279.459,106496,0,0,1
metrics_uint_checked_mul,l4_n1024,existing,26,512,7481.283,106496,0,0,1
metrics_uint_checked_mul,l4_n1024,existing,27,512,7327.799,106496,0,0,1
metrics_uint_checked_mul,l4_n1024,existing,28,512,7486.328,106496,0,0,1
metrics_uint_checked_mul,l4_n1024,existing,29,512,7544.922,106496,0,0,1
metrics_uint_checked_mul,l4_n1024,existing,30,512,7508.465,106496,0,0,1
metrics_uint_checked_mul,l4_n1024,existing,31,512,7437.988,106496,0,0,1
metrics_int_checked_mul,l4_n1024,existing,0,512,9996.500,106496,0,0,1
metrics_int_checked_mul,l4_n1024,existing,1,512,10077.637,106496,0,0,1
metrics_int_checked_mul,l4_n1024,existing,2,512,9951.092,106496,0,0,1
metrics_int_checked_mul,l4_n1024,existing,3,512,10361.898,106496,0,0,1
metrics_int_checked_mul,l4_n1024,existing,4,512,10007.080,106496,0,0,1
metrics_int_checked_mul,l4_n1024,existing,5,512,9885.578,106496,0,0,1
metrics_int_checked_mul,l4_n1024,existing,6,512,9938.639,106496,0,0,1
metrics_int_checked_mul,l4_n1024,existing,7,512,9873.291,106496,0,0,1
metrics_int_checked_mul,l4_n1024,existing,8,512,9874.512,106496,0,0,1
metrics_int_checked_mul,l4_n1024,existing,9,512,9849.041,106496,0,0,1
metrics_int_checked_mul,l4_n1024,existing,10,512,9747.152,106496,0,0,1
metrics_int_checked_mul,l4_n1024,existing,11,512,9836.264,106496,0,0,1
metrics_int_checked_mul,l4_n1024,existing,12,512,9791.098,106496,0,0,1
metrics_int_checked_mul,l4_n1024,existing,13,512,9951.740,106496,0,0,1
metrics_int_checked_mul,l4_n1024,existing,14,512,10000.977,106496,0,0,1
metrics_int_checked_mul,l4_n1024,existing,15,512,9732.340,106496,0,0,1
metrics_int_checked_mul,l4_n1024,existing,16,512,9929.770,106496,0,0,1
metrics_int_checked_mul,l4_n1024,existing,17,512,9792.887,106496,0,0,1
metrics_int_checked_mul,l4_n1024,existing,18,512,10027.508,106496,0,0,1
metrics_int_checked_mul,l4_n1024,existing,19,512,9963.459,106496,0,0,1
metrics_int_checked_mul,l4_n1024,existing,20,512,9995.686,106496,0,0,1
metrics_int_checked_mul,l4_n1024,existing,21,512,9891.113,106496,0,0,1
metrics_int_checked_mul,l4_n1024,existing,22,512,9882.080,106496,0,0,1
metrics_int_checked_mul,l4_n1024,existing,23,512,9960.857,106496,0,0,1
metrics_int_checked_mul,l4_n1024,existing,24,512,10236.084,106496,0,0,1
metrics_int_checked_mul,l4_n1024,existing,25,512,9964.762,106496,0,0,1
metrics_int_checked_mul,l4_n1024,existing,26,512,9929.443,106496,0,0,1
metrics_int_checked_mul,l4_n1024,existing,27,512,9957.439,106496,0,0,1
metrics_int_checked_mul,l4_n1024,existing,28,512,9884.521,106496,0,0,1
metrics_int_checked_mul,l4_n1024,existing,29,512,9988.443,106496,0,0,1
metrics_int_checked_mul,l4_n1024,existing,30,512,9804.605,106496,0,0,1
metrics_int_checked_mul,l4_n1024,existing,31,512,10013.836,106496,0,0,1
metrics_uint_compare,l4_n1024,existing,0,2048,2068.481,66560,0,0,1
metrics_uint_compare,l4_n1024,existing,1,2048,1966.390,66560,0,0,1
metrics_uint_compare,l4_n1024,existing,2,2048,1998.047,66560,0,0,1
metrics_uint_compare,l4_n1024,existing,3,2048,2034.770,66560,0,0,1
metrics_uint_compare,l4_n1024,existing,4,2048,2017.416,66560,0,0,1
metrics_uint_compare,l4_n1024,existing,5,2048,1972.473,66560,0,0,1
metrics_uint_compare,l4_n1024,existing,6,2048,2026.815,66560,0,0,1
metrics_uint_compare,l4_n1024,existing,7,2048,1967.773,66560,0,0,1
metrics_uint_compare,l4_n1024,existing,8,2048,1954.854,66560,0,0,1
metrics_uint_compare,l4_n1024,existing,9,2048,2205.302,66560,0,0,1
metrics_uint_compare,l4_n1024,existing,10,2048,1990.987,66560,0,0,1
metrics_uint_compare,l4_n1024,existing,11,2048,2004.089,66560,0,0,1
metrics_uint_compare,l4_n1024,existing,12,2048,2037.170,66560,0,0,1
metrics_uint_compare,l4_n1024,existing,13,2048,2002.645,66560,0,0,1
metrics_uint_compare,l4_n1024,existing,14,2048,2011.434,66560,0,0,1
metrics_uint_compare,l4_n1024,existing,15,2048,1977.926,66560,0,0,1
metrics_uint_compare,l4_n1024,existing,16,2048,2025.044,66560,0,0,1
metrics_uint_compare,l4_n1024,existing,17,2048,2183.085,66560,0,0,1
metrics_uint_compare,l4_n1024,existing,18,2048,2032.349,66560,0,0,1
metrics_uint_compare,l4_n1024,existing,19,2048,1971.903,66560,0,0,1
metrics_uint_compare,l4_n1024,existing,20,2048,3649.963,66560,0,0,1
metrics_uint_compare,l4_n1024,existing,21,2048,2183.330,66560,0,0,1
metrics_uint_compare,l4_n1024,existing,22,2048,10775.085,66560,0,0,1
metrics_uint_compare,l4_n1024,existing,23,2048,4102.783,66560,0,0,1
metrics_uint_compare,l4_n1024,existing,24,2048,2661.642,66560,0,0,1
metrics_uint_compare,l4_n1024,existing,25,2048,2426.493,66560,0,0,1
metrics_uint_compare,l4_n1024,existing,26,2048,2053.650,66560,0,0,1
metrics_uint_compare,l4_n1024,existing,27,2048,2009.338,66560,0,0,1
metrics_uint_compare,l4_n1024,existing,28,2048,2031.962,66560,0,0,1
metrics_uint_compare,l4_n1024,existing,29,2048,1993.510,66560,0,0,1
metrics_uint_compare,l4_n1024,existing,30,2048,2041.992,66560,0,0,1
metrics_uint_compare,l4_n1024,existing,31,2048,1996.704,66560,0,0,1
metrics_uint_wide_mul,l4_n1024,existing,0,512,7110.514,131072,0,0,1
metrics_uint_wide_mul,l4_n1024,existing,1,512,7134.604,131072,0,0,1
metrics_uint_wide_mul,l4_n1024,existing,2,512,7184.652,131072,0,0,1
metrics_uint_wide_mul,l4_n1024,existing,3,512,6969.156,131072,0,0,1
metrics_uint_wide_mul,l4_n1024,existing,4,512,7152.508,131072,0,0,1
metrics_uint_wide_mul,l4_n1024,existing,5,512,7262.531,131072,0,0,1
metrics_uint_wide_mul,l4_n1024,existing,6,512,7140.869,131072,0,0,1
metrics_uint_wide_mul,l4_n1024,existing,7,512,7154.621,131072,0,0,1
metrics_uint_wide_mul,l4_n1024,existing,8,512,6959.961,131072,0,0,1
metrics_uint_wide_mul,l4_n1024,existing,9,512,7104.086,131072,0,0,1
metrics_uint_wide_mul,l4_n1024,existing,10,512,7081.137,131072,0,0,1
metrics_uint_wide_mul,l4_n1024,existing,11,512,7254.803,131072,0,0,1
metrics_uint_wide_mul,l4_n1024,existing,12,512,7186.441,131072,0,0,1
metrics_uint_wide_mul,l4_n1024,existing,13,512,7076.010,131072,0,0,1
metrics_uint_wide_mul,l4_n1024,existing,14,512,7190.592,131072,0,0,1
metrics_uint_wide_mul,l4_n1024,existing,15,512,6939.371,131072,0,0,1
metrics_uint_wide_mul,l4_n1024,existing,16,512,7070.801,131072,0,0,1
metrics_uint_wide_mul,l4_n1024,existing,17,512,7099.691,131072,0,0,1
metrics_uint_wide_mul,l4_n1024,existing,18,512,7250.650,131072,0,0,1
metrics_uint_wide_mul,l4_n1024,existing,19,512,7139.893,131072,0,0,1
metrics_uint_wide_mul,l4_n1024,existing,20,512,7106.201,131072,0,0,1
metrics_uint_wide_mul,l4_n1024,existing,21,512,7268.799,131072,0,0,1
metrics_uint_wide_mul,l4_n1024,existing,22,512,7104.656,131072,0,0,1
metrics_uint_wide_mul,l4_n1024,existing,23,512,7174.885,131072,0,0,1
metrics_uint_wide_mul,l4_n1024,existing,24,512,6963.215,131072,0,0,1
metrics_uint_wide_mul,l4_n1024,existing,25,512,7238.443,131072,0,0,1
metrics_uint_wide_mul,l4_n1024,existing,26,512,6973.469,131072,0,0,1
metrics_uint_wide_mul,l4_n1024,existing,27,512,7090.088,131072,0,0,1
metrics_uint_wide_mul,l4_n1024,existing,28,512,7110.922,131072,0,0,1
metrics_uint_wide_mul,l4_n1024,existing,29,512,7128.498,131072,0,0,1
metrics_uint_wide_mul,l4_n1024,existing,30,512,7132.406,131072,0,0,1
metrics_uint_wide_mul,l4_n1024,existing,31,512,7144.287,131072,0,0,1
metrics_uint_divrem,l4_d64_n1024,existing_prevalidated_divisor,0,32,97986.969,98336,0,0,1
metrics_uint_divrem,l4_d64_n1024,existing_prevalidated_divisor,1,32,97937.500,98336,0,0,1
metrics_uint_divrem,l4_d64_n1024,existing_prevalidated_divisor,2,32,95919.250,98336,0,0,1
metrics_uint_divrem,l4_d64_n1024,existing_prevalidated_divisor,3,32,99300.781,98336,0,0,1
metrics_uint_divrem,l4_d64_n1024,existing_prevalidated_divisor,4,32,94708.312,98336,0,0,1
metrics_uint_divrem,l4_d64_n1024,existing_prevalidated_divisor,5,32,94915.375,98336,0,0,1
metrics_uint_divrem,l4_d64_n1024,existing_prevalidated_divisor,6,32,98339.844,98336,0,0,1
metrics_uint_divrem,l4_d64_n1024,existing_prevalidated_divisor,7,32,96717.438,98336,0,0,1
metrics_uint_divrem,l4_d64_n1024,existing_prevalidated_divisor,8,32,97204.438,98336,0,0,1
metrics_uint_divrem,l4_d64_n1024,existing_prevalidated_divisor,9,32,95071.625,98336,0,0,1
metrics_uint_divrem,l4_d64_n1024,existing_prevalidated_divisor,10,32,95039.062,98336,0,0,1
metrics_uint_divrem,l4_d64_n1024,existing_prevalidated_divisor,11,32,97628.906,98336,0,0,1
metrics_uint_divrem,l4_d64_n1024,existing_prevalidated_divisor,12,32,97356.781,98336,0,0,1
metrics_uint_divrem,l4_d64_n1024,existing_prevalidated_divisor,13,32,95385.406,98336,0,0,1
metrics_uint_divrem,l4_d64_n1024,existing_prevalidated_divisor,14,32,98673.188,98336,0,0,1
metrics_uint_divrem,l4_d64_n1024,existing_prevalidated_divisor,15,32,94218.750,98336,0,0,1
metrics_uint_divrem,l4_d64_n1024,existing_prevalidated_divisor,16,32,94061.188,98336,0,0,1
metrics_uint_divrem,l4_d64_n1024,existing_prevalidated_divisor,17,32,95462.250,98336,0,0,1
metrics_uint_divrem,l4_d64_n1024,existing_prevalidated_divisor,18,32,95971.344,98336,0,0,1
metrics_uint_divrem,l4_d64_n1024,existing_prevalidated_divisor,19,32,95477.875,98336,0,0,1
metrics_uint_divrem,l4_d64_n1024,existing_prevalidated_divisor,20,32,96149.750,98336,0,0,1
metrics_uint_divrem,l4_d64_n1024,existing_prevalidated_divisor,21,32,95648.438,98336,0,0,1
metrics_uint_divrem,l4_d64_n1024,existing_prevalidated_divisor,22,32,97225.250,98336,0,0,1
metrics_uint_divrem,l4_d64_n1024,existing_prevalidated_divisor,23,32,95845.062,98336,0,0,1
metrics_uint_divrem,l4_d64_n1024,existing_prevalidated_divisor,24,32,97556.000,98336,0,0,1
metrics_uint_divrem,l4_d64_n1024,existing_prevalidated_divisor,25,32,98145.844,98336,0,0,1
metrics_uint_divrem,l4_d64_n1024,existing_prevalidated_divisor,26,32,93954.406,98336,0,0,1
metrics_uint_divrem,l4_d64_n1024,existing_prevalidated_divisor,27,32,94365.875,98336,0,0,1
metrics_uint_divrem,l4_d64_n1024,existing_prevalidated_divisor,28,32,95898.438,98336,0,0,1
metrics_uint_divrem,l4_d64_n1024,existing_prevalidated_divisor,29,32,96899.719,98336,0,0,1
metrics_uint_divrem,l4_d64_n1024,existing_prevalidated_divisor,30,32,99061.188,98336,0,0,1
metrics_uint_divrem,l4_d64_n1024,existing_prevalidated_divisor,31,32,94998.719,98336,0,0,1
metrics_uint_divrem,l4_dfull_n1024,existing_prevalidated_divisor,0,32,96480.469,98336,0,0,1
metrics_uint_divrem,l4_dfull_n1024,existing_prevalidated_divisor,1,32,100542.969,98336,0,0,1
metrics_uint_divrem,l4_dfull_n1024,existing_prevalidated_divisor,2,32,94881.500,98336,0,0,1
metrics_uint_divrem,l4_dfull_n1024,existing_prevalidated_divisor,3,32,94981.750,98336,0,0,1
metrics_uint_divrem,l4_dfull_n1024,existing_prevalidated_divisor,4,32,98408.844,98336,0,0,1
metrics_uint_divrem,l4_dfull_n1024,existing_prevalidated_divisor,5,32,95976.562,98336,0,0,1
metrics_uint_divrem,l4_dfull_n1024,existing_prevalidated_divisor,6,32,96470.062,98336,0,0,1
metrics_uint_divrem,l4_dfull_n1024,existing_prevalidated_divisor,7,32,96688.812,98336,0,0,1
metrics_uint_divrem,l4_dfull_n1024,existing_prevalidated_divisor,8,32,96457.031,98336,0,0,1
metrics_uint_divrem,l4_dfull_n1024,existing_prevalidated_divisor,9,32,99266.938,98336,0,0,1
metrics_uint_divrem,l4_dfull_n1024,existing_prevalidated_divisor,10,32,96691.406,98336,0,0,1
metrics_uint_divrem,l4_dfull_n1024,existing_prevalidated_divisor,11,32,95884.125,98336,0,0,1
metrics_uint_divrem,l4_dfull_n1024,existing_prevalidated_divisor,12,32,99062.500,98336,0,0,1
metrics_uint_divrem,l4_dfull_n1024,existing_prevalidated_divisor,13,32,96230.469,98336,0,0,1
metrics_uint_divrem,l4_dfull_n1024,existing_prevalidated_divisor,14,32,95723.938,98336,0,0,1
metrics_uint_divrem,l4_dfull_n1024,existing_prevalidated_divisor,15,32,96876.281,98336,0,0,1
metrics_uint_divrem,l4_dfull_n1024,existing_prevalidated_divisor,16,32,95617.188,98336,0,0,1
metrics_uint_divrem,l4_dfull_n1024,existing_prevalidated_divisor,17,32,100026.031,98336,0,0,1
metrics_uint_divrem,l4_dfull_n1024,existing_prevalidated_divisor,18,32,96162.750,98336,0,0,1
metrics_uint_divrem,l4_dfull_n1024,existing_prevalidated_divisor,19,32,96630.219,98336,0,0,1
metrics_uint_divrem,l4_dfull_n1024,existing_prevalidated_divisor,20,32,99712.250,98336,0,0,1
metrics_uint_divrem,l4_dfull_n1024,existing_prevalidated_divisor,21,32,96393.219,98336,0,0,1
metrics_uint_divrem,l4_dfull_n1024,existing_prevalidated_divisor,22,32,101712.250,98336,0,0,1
metrics_uint_divrem,l4_dfull_n1024,existing_prevalidated_divisor,23,32,95830.719,98336,0,0,1
metrics_uint_divrem,l4_dfull_n1024,existing_prevalidated_divisor,24,32,95688.812,98336,0,0,1
metrics_uint_divrem,l4_dfull_n1024,existing_prevalidated_divisor,25,32,97269.531,98336,0,0,1
metrics_uint_divrem,l4_dfull_n1024,existing_prevalidated_divisor,26,32,96131.500,98336,0,0,1
metrics_uint_divrem,l4_dfull_n1024,existing_prevalidated_divisor,27,32,99604.156,98336,0,0,1
metrics_uint_divrem,l4_dfull_n1024,existing_prevalidated_divisor,28,32,99171.875,98336,0,0,1
metrics_uint_divrem,l4_dfull_n1024,existing_prevalidated_divisor,29,32,99395.844,98336,0,0,1
metrics_uint_divrem,l4_dfull_n1024,existing_prevalidated_divisor,30,32,97102.875,98336,0,0,1
metrics_uint_divrem,l4_dfull_n1024,existing_prevalidated_divisor,31,32,96022.125,98336,0,0,1
metrics_integer_add,l9_n16,circuit_z,0,65536,54.472,3456,0,0,1
metrics_integer_add,l9_n16,circuit_z,1,65536,57.109,3456,0,0,1
metrics_integer_add,l9_n16,circuit_z,2,65536,54.594,3456,0,0,1
metrics_integer_add,l9_n16,circuit_z,3,65536,58.671,3456,0,0,1
metrics_integer_add,l9_n16,circuit_z,4,65536,53.911,3456,0,0,1
metrics_integer_add,l9_n16,circuit_z,5,65536,54.305,3456,0,0,1
metrics_integer_add,l9_n16,circuit_z,6,65536,54.396,3456,0,0,1
metrics_integer_add,l9_n16,circuit_z,7,65536,54.117,3456,0,0,1
metrics_integer_add,l9_n16,circuit_z,8,65536,56.395,3456,0,0,1
metrics_integer_add,l9_n16,circuit_z,9,65536,54.772,3456,0,0,1
metrics_integer_add,l9_n16,circuit_z,10,65536,53.986,3456,0,0,1
metrics_integer_add,l9_n16,circuit_z,11,65536,53.863,3456,0,0,1
metrics_integer_add,l9_n16,circuit_z,12,65536,54.956,3456,0,0,1
metrics_integer_add,l9_n16,circuit_z,13,65536,54.269,3456,0,0,1
metrics_integer_add,l9_n16,circuit_z,14,65536,54.091,3456,0,0,1
metrics_integer_add,l9_n16,circuit_z,15,65536,56.844,3456,0,0,1
metrics_integer_add,l9_n16,circuit_z,16,65536,54.000,3456,0,0,1
metrics_integer_add,l9_n16,circuit_z,17,65536,56.046,3456,0,0,1
metrics_integer_add,l9_n16,circuit_z,18,65536,54.227,3456,0,0,1
metrics_integer_add,l9_n16,circuit_z,19,65536,55.000,3456,0,0,1
metrics_integer_add,l9_n16,circuit_z,20,65536,57.068,3456,0,0,1
metrics_integer_add,l9_n16,circuit_z,21,65536,57.069,3456,0,0,1
metrics_integer_add,l9_n16,circuit_z,22,65536,54.820,3456,0,0,1
metrics_integer_add,l9_n16,circuit_z,23,65536,54.929,3456,0,0,1
metrics_integer_add,l9_n16,circuit_z,24,65536,57.039,3456,0,0,1
metrics_integer_add,l9_n16,circuit_z,25,65536,55.997,3456,0,0,1
metrics_integer_add,l9_n16,circuit_z,26,65536,57.456,3456,0,0,1
metrics_integer_add,l9_n16,circuit_z,27,65536,55.407,3456,0,0,1
metrics_integer_add,l9_n16,circuit_z,28,65536,57.840,3456,0,0,1
metrics_integer_add,l9_n16,circuit_z,29,65536,54.714,3456,0,0,1
metrics_integer_add,l9_n16,circuit_z,30,65536,53.993,3456,0,0,1
metrics_integer_add,l9_n16,circuit_z,31,65536,54.497,3456,0,0,1
metrics_integer_sub,l9_n16,circuit_z,0,65536,60.850,3456,0,0,1
metrics_integer_sub,l9_n16,circuit_z,1,65536,60.675,3456,0,0,1
metrics_integer_sub,l9_n16,circuit_z,2,65536,60.127,3456,0,0,1
metrics_integer_sub,l9_n16,circuit_z,3,65536,61.209,3456,0,0,1
metrics_integer_sub,l9_n16,circuit_z,4,65536,59.971,3456,0,0,1
metrics_integer_sub,l9_n16,circuit_z,5,65536,60.911,3456,0,0,1
metrics_integer_sub,l9_n16,circuit_z,6,65536,59.479,3456,0,0,1
metrics_integer_sub,l9_n16,circuit_z,7,65536,60.271,3456,0,0,1
metrics_integer_sub,l9_n16,circuit_z,8,65536,60.086,3456,0,0,1
metrics_integer_sub,l9_n16,circuit_z,9,65536,61.152,3456,0,0,1
metrics_integer_sub,l9_n16,circuit_z,10,65536,60.579,3456,0,0,1
metrics_integer_sub,l9_n16,circuit_z,11,65536,60.741,3456,0,0,1
metrics_integer_sub,l9_n16,circuit_z,12,65536,61.141,3456,0,0,1
metrics_integer_sub,l9_n16,circuit_z,13,65536,62.716,3456,0,0,1
metrics_integer_sub,l9_n16,circuit_z,14,65536,59.750,3456,0,0,1
metrics_integer_sub,l9_n16,circuit_z,15,65536,59.772,3456,0,0,1
metrics_integer_sub,l9_n16,circuit_z,16,65536,60.186,3456,0,0,1
metrics_integer_sub,l9_n16,circuit_z,17,65536,59.766,3456,0,0,1
metrics_integer_sub,l9_n16,circuit_z,18,65536,62.297,3456,0,0,1
metrics_integer_sub,l9_n16,circuit_z,19,65536,60.064,3456,0,0,1
metrics_integer_sub,l9_n16,circuit_z,20,65536,61.853,3456,0,0,1
metrics_integer_sub,l9_n16,circuit_z,21,65536,60.985,3456,0,0,1
metrics_integer_sub,l9_n16,circuit_z,22,65536,62.508,3456,0,0,1
metrics_integer_sub,l9_n16,circuit_z,23,65536,59.700,3456,0,0,1
metrics_integer_sub,l9_n16,circuit_z,24,65536,61.076,3456,0,0,1
metrics_integer_sub,l9_n16,circuit_z,25,65536,59.745,3456,0,0,1
metrics_integer_sub,l9_n16,circuit_z,26,65536,60.277,3456,0,0,1
metrics_integer_sub,l9_n16,circuit_z,27,65536,60.457,3456,0,0,1
metrics_integer_sub,l9_n16,circuit_z,28,65536,61.804,3456,0,0,1
metrics_integer_sub,l9_n16,circuit_z,29,65536,60.057,3456,0,0,1
metrics_integer_sub,l9_n16,circuit_z,30,65536,61.531,3456,0,0,1
metrics_integer_sub,l9_n16,circuit_z,31,65536,59.439,3456,0,0,1
metrics_uint_checked_add,l9_n16,existing,0,65536,62.016,3584,0,0,1
metrics_uint_checked_add,l9_n16,existing,1,65536,64.920,3584,0,0,1
metrics_uint_checked_add,l9_n16,existing,2,65536,61.541,3584,0,0,1
metrics_uint_checked_add,l9_n16,existing,3,65536,58.413,3584,0,0,1
metrics_uint_checked_add,l9_n16,existing,4,65536,60.291,3584,0,0,1
metrics_uint_checked_add,l9_n16,existing,5,65536,57.977,3584,0,0,1
metrics_uint_checked_add,l9_n16,existing,6,65536,57.758,3584,0,0,1
metrics_uint_checked_add,l9_n16,existing,7,65536,58.799,3584,0,0,1
metrics_uint_checked_add,l9_n16,existing,8,65536,58.091,3584,0,0,1
metrics_uint_checked_add,l9_n16,existing,9,65536,59.827,3584,0,0,1
metrics_uint_checked_add,l9_n16,existing,10,65536,58.683,3584,0,0,1
metrics_uint_checked_add,l9_n16,existing,11,65536,59.942,3584,0,0,1
metrics_uint_checked_add,l9_n16,existing,12,65536,58.999,3584,0,0,1
metrics_uint_checked_add,l9_n16,existing,13,65536,61.300,3584,0,0,1
metrics_uint_checked_add,l9_n16,existing,14,65536,57.510,3584,0,0,1
metrics_uint_checked_add,l9_n16,existing,15,65536,59.879,3584,0,0,1
metrics_uint_checked_add,l9_n16,existing,16,65536,58.608,3584,0,0,1
metrics_uint_checked_add,l9_n16,existing,17,65536,61.420,3584,0,0,1
metrics_uint_checked_add,l9_n16,existing,18,65536,58.662,3584,0,0,1
metrics_uint_checked_add,l9_n16,existing,19,65536,59.151,3584,0,0,1
metrics_uint_checked_add,l9_n16,existing,20,65536,60.935,3584,0,0,1
metrics_uint_checked_add,l9_n16,existing,21,65536,58.928,3584,0,0,1
metrics_uint_checked_add,l9_n16,existing,22,65536,58.234,3584,0,0,1
metrics_uint_checked_add,l9_n16,existing,23,65536,58.259,3584,0,0,1
metrics_uint_checked_add,l9_n16,existing,24,65536,60.504,3584,0,0,1
metrics_uint_checked_add,l9_n16,existing,25,65536,58.820,3584,0,0,1
metrics_uint_checked_add,l9_n16,existing,26,65536,59.693,3584,0,0,1
metrics_uint_checked_add,l9_n16,existing,27,65536,57.474,3584,0,0,1
metrics_uint_checked_add,l9_n16,existing,28,65536,60.630,3584,0,0,1
metrics_uint_checked_add,l9_n16,existing,29,65536,58.494,3584,0,0,1
metrics_uint_checked_add,l9_n16,existing,30,65536,60.495,3584,0,0,1
metrics_uint_checked_add,l9_n16,existing,31,65536,58.029,3584,0,0,1
metrics_int_checked_add,l9_n16,existing,0,65536,73.024,3584,0,0,1
metrics_int_checked_add,l9_n16,existing,1,65536,71.916,3584,0,0,1
metrics_int_checked_add,l9_n16,existing,2,65536,71.980,3584,0,0,1
metrics_int_checked_add,l9_n16,existing,3,65536,73.575,3584,0,0,1
metrics_int_checked_add,l9_n16,existing,4,65536,70.644,3584,0,0,1
metrics_int_checked_add,l9_n16,existing,5,65536,72.939,3584,0,0,1
metrics_int_checked_add,l9_n16,existing,6,65536,72.087,3584,0,0,1
metrics_int_checked_add,l9_n16,existing,7,65536,72.928,3584,0,0,1
metrics_int_checked_add,l9_n16,existing,8,65536,70.913,3584,0,0,1
metrics_int_checked_add,l9_n16,existing,9,65536,70.781,3584,0,0,1
metrics_int_checked_add,l9_n16,existing,10,65536,73.846,3584,0,0,1
metrics_int_checked_add,l9_n16,existing,11,65536,71.140,3584,0,0,1
metrics_int_checked_add,l9_n16,existing,12,65536,71.949,3584,0,0,1
metrics_int_checked_add,l9_n16,existing,13,65536,70.442,3584,0,0,1
metrics_int_checked_add,l9_n16,existing,14,65536,72.025,3584,0,0,1
metrics_int_checked_add,l9_n16,existing,15,65536,70.616,3584,0,0,1
metrics_int_checked_add,l9_n16,existing,16,65536,73.688,3584,0,0,1
metrics_int_checked_add,l9_n16,existing,17,65536,73.446,3584,0,0,1
metrics_int_checked_add,l9_n16,existing,18,65536,71.543,3584,0,0,1
metrics_int_checked_add,l9_n16,existing,19,65536,72.514,3584,0,0,1
metrics_int_checked_add,l9_n16,existing,20,65536,71.354,3584,0,0,1
metrics_int_checked_add,l9_n16,existing,21,65536,72.823,3584,0,0,1
metrics_int_checked_add,l9_n16,existing,22,65536,70.994,3584,0,0,1
metrics_int_checked_add,l9_n16,existing,23,65536,72.624,3584,0,0,1
metrics_int_checked_add,l9_n16,existing,24,65536,71.772,3584,0,0,1
metrics_int_checked_add,l9_n16,existing,25,65536,71.191,3584,0,0,1
metrics_int_checked_add,l9_n16,existing,26,65536,71.822,3584,0,0,1
metrics_int_checked_add,l9_n16,existing,27,65536,71.263,3584,0,0,1
metrics_int_checked_add,l9_n16,existing,28,65536,72.784,3584,0,0,1
metrics_int_checked_add,l9_n16,existing,29,65536,70.812,3584,0,0,1
metrics_int_checked_add,l9_n16,existing,30,65536,73.582,3584,0,0,1
metrics_int_checked_add,l9_n16,existing,31,65536,70.592,3584,0,0,1
metrics_uint_checked_sub,l9_n16,existing,0,65536,73.656,3584,0,0,1
metrics_uint_checked_sub,l9_n16,existing,1,65536,74.453,3584,0,0,1
metrics_uint_checked_sub,l9_n16,existing,2,65536,72.488,3584,0,0,1
metrics_uint_checked_sub,l9_n16,existing,3,65536,73.170,3584,0,0,1
metrics_uint_checked_sub,l9_n16,existing,4,65536,73.286,3584,0,0,1
metrics_uint_checked_sub,l9_n16,existing,5,65536,73.593,3584,0,0,1
metrics_uint_checked_sub,l9_n16,existing,6,65536,74.012,3584,0,0,1
metrics_uint_checked_sub,l9_n16,existing,7,65536,73.449,3584,0,0,1
metrics_uint_checked_sub,l9_n16,existing,8,65536,74.323,3584,0,0,1
metrics_uint_checked_sub,l9_n16,existing,9,65536,72.706,3584,0,0,1
metrics_uint_checked_sub,l9_n16,existing,10,65536,72.291,3584,0,0,1
metrics_uint_checked_sub,l9_n16,existing,11,65536,75.193,3584,0,0,1
metrics_uint_checked_sub,l9_n16,existing,12,65536,74.832,3584,0,0,1
metrics_uint_checked_sub,l9_n16,existing,13,65536,77.785,3584,0,0,1
metrics_uint_checked_sub,l9_n16,existing,14,65536,75.480,3584,0,0,1
metrics_uint_checked_sub,l9_n16,existing,15,65536,74.952,3584,0,0,1
metrics_uint_checked_sub,l9_n16,existing,16,65536,75.617,3584,0,0,1
metrics_uint_checked_sub,l9_n16,existing,17,65536,75.430,3584,0,0,1
metrics_uint_checked_sub,l9_n16,existing,18,65536,77.249,3584,0,0,1
metrics_uint_checked_sub,l9_n16,existing,19,65536,76.933,3584,0,0,1
metrics_uint_checked_sub,l9_n16,existing,20,65536,76.562,3584,0,0,1
metrics_uint_checked_sub,l9_n16,existing,21,65536,76.968,3584,0,0,1
metrics_uint_checked_sub,l9_n16,existing,22,65536,74.943,3584,0,0,1
metrics_uint_checked_sub,l9_n16,existing,23,65536,78.323,3584,0,0,1
metrics_uint_checked_sub,l9_n16,existing,24,65536,73.834,3584,0,0,1
metrics_uint_checked_sub,l9_n16,existing,25,65536,73.533,3584,0,0,1
metrics_uint_checked_sub,l9_n16,existing,26,65536,77.311,3584,0,0,1
metrics_uint_checked_sub,l9_n16,existing,27,65536,75.726,3584,0,0,1
metrics_uint_checked_sub,l9_n16,existing,28,65536,73.942,3584,0,0,1
metrics_uint_checked_sub,l9_n16,existing,29,65536,76.266,3584,0,0,1
metrics_uint_checked_sub,l9_n16,existing,30,65536,75.387,3584,0,0,1
metrics_uint_checked_sub,l9_n16,existing,31,65536,74.413,3584,0,0,1
metrics_int_checked_sub,l9_n16,existing,0,32768,109.316,3584,0,0,1
metrics_int_checked_sub,l9_n16,existing,1,32768,103.916,3584,0,0,1
metrics_int_checked_sub,l9_n16,existing,2,32768,109.675,3584,0,0,1
metrics_int_checked_sub,l9_n16,existing,3,32768,102.201,3584,0,0,1
metrics_int_checked_sub,l9_n16,existing,4,32768,102.224,3584,0,0,1
metrics_int_checked_sub,l9_n16,existing,5,32768,110.962,3584,0,0,1
metrics_int_checked_sub,l9_n16,existing,6,32768,101.959,3584,0,0,1
metrics_int_checked_sub,l9_n16,existing,7,32768,113.850,3584,0,0,1
metrics_int_checked_sub,l9_n16,existing,8,32768,109.657,3584,0,0,1
metrics_int_checked_sub,l9_n16,existing,9,32768,113.232,3584,0,0,1
metrics_int_checked_sub,l9_n16,existing,10,32768,104.836,3584,0,0,1
metrics_int_checked_sub,l9_n16,existing,11,32768,102.871,3584,0,0,1
metrics_int_checked_sub,l9_n16,existing,12,32768,103.128,3584,0,0,1
metrics_int_checked_sub,l9_n16,existing,13,32768,103.130,3584,0,0,1
metrics_int_checked_sub,l9_n16,existing,14,32768,129.012,3584,0,0,1
metrics_int_checked_sub,l9_n16,existing,15,32768,104.098,3584,0,0,1
metrics_int_checked_sub,l9_n16,existing,16,32768,102.772,3584,0,0,1
metrics_int_checked_sub,l9_n16,existing,17,32768,103.270,3584,0,0,1
metrics_int_checked_sub,l9_n16,existing,18,32768,106.650,3584,0,0,1
metrics_int_checked_sub,l9_n16,existing,19,32768,107.649,3584,0,0,1
metrics_int_checked_sub,l9_n16,existing,20,32768,101.720,3584,0,0,1
metrics_int_checked_sub,l9_n16,existing,21,32768,105.354,3584,0,0,1
metrics_int_checked_sub,l9_n16,existing,22,32768,105.005,3584,0,0,1
metrics_int_checked_sub,l9_n16,existing,23,32768,101.035,3584,0,0,1
metrics_int_checked_sub,l9_n16,existing,24,32768,113.126,3584,0,0,1
metrics_int_checked_sub,l9_n16,existing,25,32768,100.725,3584,0,0,1
metrics_int_checked_sub,l9_n16,existing,26,32768,101.616,3584,0,0,1
metrics_int_checked_sub,l9_n16,existing,27,32768,108.653,3584,0,0,1
metrics_int_checked_sub,l9_n16,existing,28,32768,108.949,3584,0,0,1
metrics_int_checked_sub,l9_n16,existing,29,32768,103.228,3584,0,0,1
metrics_int_checked_sub,l9_n16,existing,30,32768,104.535,3584,0,0,1
metrics_int_checked_sub,l9_n16,existing,31,32768,102.923,3584,0,0,1
metrics_uint_checked_mul,l9_n16,existing,0,4096,959.076,3584,0,0,1
metrics_uint_checked_mul,l9_n16,existing,1,4096,979.055,3584,0,0,1
metrics_uint_checked_mul,l9_n16,existing,2,4096,960.653,3584,0,0,1
metrics_uint_checked_mul,l9_n16,existing,3,4096,960.643,3584,0,0,1
metrics_uint_checked_mul,l9_n16,existing,4,4096,978.271,3584,0,0,1
metrics_uint_checked_mul,l9_n16,existing,5,4096,1004.679,3584,0,0,1
metrics_uint_checked_mul,l9_n16,existing,6,4096,985.301,3584,0,0,1
metrics_uint_checked_mul,l9_n16,existing,7,4096,1031.281,3584,0,0,1
metrics_uint_checked_mul,l9_n16,existing,8,4096,960.500,3584,0,0,1
metrics_uint_checked_mul,l9_n16,existing,9,4096,975.088,3584,0,0,1
metrics_uint_checked_mul,l9_n16,existing,10,4096,951.019,3584,0,0,1
metrics_uint_checked_mul,l9_n16,existing,11,4096,1031.820,3584,0,0,1
metrics_uint_checked_mul,l9_n16,existing,12,4096,945.455,3584,0,0,1
metrics_uint_checked_mul,l9_n16,existing,13,4096,965.749,3584,0,0,1
metrics_uint_checked_mul,l9_n16,existing,14,4096,976.084,3584,0,0,1
metrics_uint_checked_mul,l9_n16,existing,15,4096,985.036,3584,0,0,1
metrics_uint_checked_mul,l9_n16,existing,16,4096,1056.152,3584,0,0,1
metrics_uint_checked_mul,l9_n16,existing,17,4096,940.836,3584,0,0,1
metrics_uint_checked_mul,l9_n16,existing,18,4096,974.833,3584,0,0,1
metrics_uint_checked_mul,l9_n16,existing,19,4096,979.258,3584,0,0,1
metrics_uint_checked_mul,l9_n16,existing,20,4096,1089.467,3584,0,0,1
metrics_uint_checked_mul,l9_n16,existing,21,4096,952.209,3584,0,0,1
metrics_uint_checked_mul,l9_n16,existing,22,4096,976.542,3584,0,0,1
metrics_uint_checked_mul,l9_n16,existing,23,4096,962.748,3584,0,0,1
metrics_uint_checked_mul,l9_n16,existing,24,4096,1003.336,3584,0,0,1
metrics_uint_checked_mul,l9_n16,existing,25,4096,927.928,3584,0,0,1
metrics_uint_checked_mul,l9_n16,existing,26,4096,949.534,3584,0,0,1
metrics_uint_checked_mul,l9_n16,existing,27,4096,957.876,3584,0,0,1
metrics_uint_checked_mul,l9_n16,existing,28,4096,955.292,3584,0,0,1
metrics_uint_checked_mul,l9_n16,existing,29,4096,943.888,3584,0,0,1
metrics_uint_checked_mul,l9_n16,existing,30,4096,961.090,3584,0,0,1
metrics_uint_checked_mul,l9_n16,existing,31,4096,953.410,3584,0,0,1
metrics_int_checked_mul,l9_n16,existing,0,8192,496.806,3584,0,0,1
metrics_int_checked_mul,l9_n16,existing,1,8192,495.555,3584,0,0,1
metrics_int_checked_mul,l9_n16,existing,2,8192,524.200,3584,0,0,1
metrics_int_checked_mul,l9_n16,existing,3,8192,508.631,3584,0,0,1
metrics_int_checked_mul,l9_n16,existing,4,8192,516.261,3584,0,0,1
metrics_int_checked_mul,l9_n16,existing,5,8192,508.443,3584,0,0,1
metrics_int_checked_mul,l9_n16,existing,6,8192,510.798,3584,0,0,1
metrics_int_checked_mul,l9_n16,existing,7,8192,493.947,3584,0,0,1
metrics_int_checked_mul,l9_n16,existing,8,8192,513.809,3584,0,0,1
metrics_int_checked_mul,l9_n16,existing,9,8192,505.473,3584,0,0,1
metrics_int_checked_mul,l9_n16,existing,10,8192,522.680,3584,0,0,1
metrics_int_checked_mul,l9_n16,existing,11,8192,498.184,3584,0,0,1
metrics_int_checked_mul,l9_n16,existing,12,8192,521.052,3584,0,0,1
metrics_int_checked_mul,l9_n16,existing,13,8192,508.708,3584,0,0,1
metrics_int_checked_mul,l9_n16,existing,14,8192,514.603,3584,0,0,1
metrics_int_checked_mul,l9_n16,existing,15,8192,500.285,3584,0,0,1
metrics_int_checked_mul,l9_n16,existing,16,8192,514.806,3584,0,0,1
metrics_int_checked_mul,l9_n16,existing,17,8192,498.988,3584,0,0,1
metrics_int_checked_mul,l9_n16,existing,18,8192,501.999,3584,0,0,1
metrics_int_checked_mul,l9_n16,existing,19,8192,497.467,3584,0,0,1
metrics_int_checked_mul,l9_n16,existing,20,8192,513.407,3584,0,0,1
metrics_int_checked_mul,l9_n16,existing,21,8192,498.194,3584,0,0,1
metrics_int_checked_mul,l9_n16,existing,22,8192,510.432,3584,0,0,1
metrics_int_checked_mul,l9_n16,existing,23,8192,498.561,3584,0,0,1
metrics_int_checked_mul,l9_n16,existing,24,8192,496.597,3584,0,0,1
metrics_int_checked_mul,l9_n16,existing,25,8192,499.949,3584,0,0,1
metrics_int_checked_mul,l9_n16,existing,26,8192,518.850,3584,0,0,1
metrics_int_checked_mul,l9_n16,existing,27,8192,500.264,3584,0,0,1
metrics_int_checked_mul,l9_n16,existing,28,8192,510.651,3584,0,0,1
metrics_int_checked_mul,l9_n16,existing,29,8192,502.838,3584,0,0,1
metrics_int_checked_mul,l9_n16,existing,30,8192,520.915,3584,0,0,1
metrics_int_checked_mul,l9_n16,existing,31,8192,495.061,3584,0,0,1
metrics_uint_compare,l9_n16,existing,0,32768,98.646,2320,0,0,1
metrics_uint_compare,l9_n16,existing,1,32768,103.142,2320,0,0,1
metrics_uint_compare,l9_n16,existing,2,32768,98.272,2320,0,0,1
metrics_uint_compare,l9_n16,existing,3,32768,101.051,2320,0,0,1
metrics_uint_compare,l9_n16,existing,4,32768,99.056,2320,0,0,1
metrics_uint_compare,l9_n16,existing,5,32768,97.146,2320,0,0,1
metrics_uint_compare,l9_n16,existing,6,32768,103.474,2320,0,0,1
metrics_uint_compare,l9_n16,existing,7,32768,96.498,2320,0,0,1
metrics_uint_compare,l9_n16,existing,8,32768,96.622,2320,0,0,1
metrics_uint_compare,l9_n16,existing,9,32768,98.831,2320,0,0,1
metrics_uint_compare,l9_n16,existing,10,32768,97.230,2320,0,0,1
metrics_uint_compare,l9_n16,existing,11,32768,99.995,2320,0,0,1
metrics_uint_compare,l9_n16,existing,12,32768,97.281,2320,0,0,1
metrics_uint_compare,l9_n16,existing,13,32768,97.198,2320,0,0,1
metrics_uint_compare,l9_n16,existing,14,32768,100.035,2320,0,0,1
metrics_uint_compare,l9_n16,existing,15,32768,96.813,2320,0,0,1
metrics_uint_compare,l9_n16,existing,16,32768,102.010,2320,0,0,1
metrics_uint_compare,l9_n16,existing,17,32768,96.723,2320,0,0,1
metrics_uint_compare,l9_n16,existing,18,32768,96.401,2320,0,0,1
metrics_uint_compare,l9_n16,existing,19,32768,98.293,2320,0,0,1
metrics_uint_compare,l9_n16,existing,20,32768,97.758,2320,0,0,1
metrics_uint_compare,l9_n16,existing,21,32768,100.952,2320,0,0,1
metrics_uint_compare,l9_n16,existing,22,32768,98.326,2320,0,0,1
metrics_uint_compare,l9_n16,existing,23,32768,100.380,2320,0,0,1
metrics_uint_compare,l9_n16,existing,24,32768,97.514,2320,0,0,1
metrics_uint_compare,l9_n16,existing,25,32768,99.051,2320,0,0,1
metrics_uint_compare,l9_n16,existing,26,32768,99.936,2320,0,0,1
metrics_uint_compare,l9_n16,existing,27,32768,97.529,2320,0,0,1
metrics_uint_compare,l9_n16,existing,28,32768,96.741,2320,0,0,1
metrics_uint_compare,l9_n16,existing,29,32768,99.977,2320,0,0,1
metrics_uint_compare,l9_n16,existing,30,32768,97.403,2320,0,0,1
metrics_uint_compare,l9_n16,existing,31,32768,97.305,2320,0,0,1
metrics_uint_wide_mul,l9_n16,existing,0,4096,782.308,4608,0,0,1
metrics_uint_wide_mul,l9_n16,existing,1,4096,788.035,4608,0,0,1
metrics_uint_wide_mul,l9_n16,existing,2,4096,782.033,4608,0,0,1
metrics_uint_wide_mul,l9_n16,existing,3,4096,817.546,4608,0,0,1
metrics_uint_wide_mul,l9_n16,existing,4,4096,793.121,4608,0,0,1
metrics_uint_wide_mul,l9_n16,existing,5,4096,799.398,4608,0,0,1
metrics_uint_wide_mul,l9_n16,existing,6,4096,786.092,4608,0,0,1
metrics_uint_wide_mul,l9_n16,existing,7,4096,795.563,4608,0,0,1
metrics_uint_wide_mul,l9_n16,existing,8,4096,810.618,4608,0,0,1
metrics_uint_wide_mul,l9_n16,existing,9,4096,778.351,4608,0,0,1
metrics_uint_wide_mul,l9_n16,existing,10,4096,778.127,4608,0,0,1
metrics_uint_wide_mul,l9_n16,existing,11,4096,798.716,4608,0,0,1
metrics_uint_wide_mul,l9_n16,existing,12,4096,789.297,4608,0,0,1
metrics_uint_wide_mul,l9_n16,existing,13,4096,821.370,4608,0,0,1
metrics_uint_wide_mul,l9_n16,existing,14,4096,800.802,4608,0,0,1
metrics_uint_wide_mul,l9_n16,existing,15,4096,814.748,4608,0,0,1
metrics_uint_wide_mul,l9_n16,existing,16,4096,801.239,4608,0,0,1
metrics_uint_wide_mul,l9_n16,existing,17,4096,793.915,4608,0,0,1
metrics_uint_wide_mul,l9_n16,existing,18,4096,809.103,4608,0,0,1
metrics_uint_wide_mul,l9_n16,existing,19,4096,779.999,4608,0,0,1
metrics_uint_wide_mul,l9_n16,existing,20,4096,799.143,4608,0,0,1
metrics_uint_wide_mul,l9_n16,existing,21,4096,821.553,4608,0,0,1
metrics_uint_wide_mul,l9_n16,existing,22,4096,784.922,4608,0,0,1
metrics_uint_wide_mul,l9_n16,existing,23,4096,830.231,4608,0,0,1
metrics_uint_wide_mul,l9_n16,existing,24,4096,774.587,4608,0,0,1
metrics_uint_wide_mul,l9_n16,existing,25,4096,784.485,4608,0,0,1
metrics_uint_wide_mul,l9_n16,existing,26,4096,804.840,4608,0,0,1
metrics_uint_wide_mul,l9_n16,existing,27,4096,791.402,4608,0,0,1
metrics_uint_wide_mul,l9_n16,existing,28,4096,825.185,4608,0,0,1
metrics_uint_wide_mul,l9_n16,existing,29,4096,806.305,4608,0,0,1
metrics_uint_wide_mul,l9_n16,existing,30,4096,813.324,4608,0,0,1
metrics_uint_wide_mul,l9_n16,existing,31,4096,826.752,4608,0,0,1
metrics_uint_divrem,l9_d64_n16,existing_prevalidated_divisor,0,1024,4321.127,3528,0,0,1
metrics_uint_divrem,l9_d64_n16,existing_prevalidated_divisor,1,1024,4359.659,3528,0,0,1
metrics_uint_divrem,l9_d64_n16,existing_prevalidated_divisor,2,1024,4289.145,3528,0,0,1
metrics_uint_divrem,l9_d64_n16,existing_prevalidated_divisor,3,1024,4310.425,3528,0,0,1
metrics_uint_divrem,l9_d64_n16,existing_prevalidated_divisor,4,1024,4238.119,3528,0,0,1
metrics_uint_divrem,l9_d64_n16,existing_prevalidated_divisor,5,1024,4291.870,3528,0,0,1
metrics_uint_divrem,l9_d64_n16,existing_prevalidated_divisor,6,1024,4441.936,3528,0,0,1
metrics_uint_divrem,l9_d64_n16,existing_prevalidated_divisor,7,1024,4301.758,3528,0,0,1
metrics_uint_divrem,l9_d64_n16,existing_prevalidated_divisor,8,1024,4411.011,3528,0,0,1
metrics_uint_divrem,l9_d64_n16,existing_prevalidated_divisor,9,1024,4267.496,3528,0,0,1
metrics_uint_divrem,l9_d64_n16,existing_prevalidated_divisor,10,1024,4440.918,3528,0,0,1
metrics_uint_divrem,l9_d64_n16,existing_prevalidated_divisor,11,1024,4238.485,3528,0,0,1
metrics_uint_divrem,l9_d64_n16,existing_prevalidated_divisor,12,1024,4344.035,3528,0,0,1
metrics_uint_divrem,l9_d64_n16,existing_prevalidated_divisor,13,1024,4346.313,3528,0,0,1
metrics_uint_divrem,l9_d64_n16,existing_prevalidated_divisor,14,1024,4376.587,3528,0,0,1
metrics_uint_divrem,l9_d64_n16,existing_prevalidated_divisor,15,1024,4330.525,3528,0,0,1
metrics_uint_divrem,l9_d64_n16,existing_prevalidated_divisor,16,1024,4250.366,3528,0,0,1
metrics_uint_divrem,l9_d64_n16,existing_prevalidated_divisor,17,1024,4530.965,3528,0,0,1
metrics_uint_divrem,l9_d64_n16,existing_prevalidated_divisor,18,1024,4266.561,3528,0,0,1
metrics_uint_divrem,l9_d64_n16,existing_prevalidated_divisor,19,1024,4417.928,3528,0,0,1
metrics_uint_divrem,l9_d64_n16,existing_prevalidated_divisor,20,1024,4250.081,3528,0,0,1
metrics_uint_divrem,l9_d64_n16,existing_prevalidated_divisor,21,1024,4386.026,3528,0,0,1
metrics_uint_divrem,l9_d64_n16,existing_prevalidated_divisor,22,1024,4239.217,3528,0,0,1
metrics_uint_divrem,l9_d64_n16,existing_prevalidated_divisor,23,1024,4289.998,3528,0,0,1
metrics_uint_divrem,l9_d64_n16,existing_prevalidated_divisor,24,1024,4271.851,3528,0,0,1
metrics_uint_divrem,l9_d64_n16,existing_prevalidated_divisor,25,1024,4444.702,3528,0,0,1
metrics_uint_divrem,l9_d64_n16,existing_prevalidated_divisor,26,1024,4325.317,3528,0,0,1
metrics_uint_divrem,l9_d64_n16,existing_prevalidated_divisor,27,1024,4364.828,3528,0,0,1
metrics_uint_divrem,l9_d64_n16,existing_prevalidated_divisor,28,1024,4343.669,3528,0,0,1
metrics_uint_divrem,l9_d64_n16,existing_prevalidated_divisor,29,1024,4314.331,3528,0,0,1
metrics_uint_divrem,l9_d64_n16,existing_prevalidated_divisor,30,1024,4333.944,3528,0,0,1
metrics_uint_divrem,l9_d64_n16,existing_prevalidated_divisor,31,1024,4361.369,3528,0,0,1
metrics_uint_divrem,l9_dfull_n16,existing_prevalidated_divisor,0,1024,4292.685,3528,0,0,1
metrics_uint_divrem,l9_dfull_n16,existing_prevalidated_divisor,1,1024,4346.436,3528,0,0,1
metrics_uint_divrem,l9_dfull_n16,existing_prevalidated_divisor,2,1024,4489.461,3528,0,0,1
metrics_uint_divrem,l9_dfull_n16,existing_prevalidated_divisor,3,1024,4382.568,3528,0,0,1
metrics_uint_divrem,l9_dfull_n16,existing_prevalidated_divisor,4,1024,4287.354,3528,0,0,1
metrics_uint_divrem,l9_dfull_n16,existing_prevalidated_divisor,5,1024,4381.592,3528,0,0,1
metrics_uint_divrem,l9_dfull_n16,existing_prevalidated_divisor,6,1024,4547.282,3528,0,0,1
metrics_uint_divrem,l9_dfull_n16,existing_prevalidated_divisor,7,1024,4365.194,3528,0,0,1
metrics_uint_divrem,l9_dfull_n16,existing_prevalidated_divisor,8,1024,4374.390,3528,0,0,1
metrics_uint_divrem,l9_dfull_n16,existing_prevalidated_divisor,9,1024,4568.929,3528,0,0,1
metrics_uint_divrem,l9_dfull_n16,existing_prevalidated_divisor,10,1024,4287.313,3528,0,0,1
metrics_uint_divrem,l9_dfull_n16,existing_prevalidated_divisor,11,1024,4458.333,3528,0,0,1
metrics_uint_divrem,l9_dfull_n16,existing_prevalidated_divisor,12,1024,4334.392,3528,0,0,1
metrics_uint_divrem,l9_dfull_n16,existing_prevalidated_divisor,13,1024,4451.294,3528,0,0,1
metrics_uint_divrem,l9_dfull_n16,existing_prevalidated_divisor,14,1024,4339.518,3528,0,0,1
metrics_uint_divrem,l9_dfull_n16,existing_prevalidated_divisor,15,1024,4420.451,3528,0,0,1
metrics_uint_divrem,l9_dfull_n16,existing_prevalidated_divisor,16,1024,4333.537,3528,0,0,1
metrics_uint_divrem,l9_dfull_n16,existing_prevalidated_divisor,17,1024,4383.016,3528,0,0,1
metrics_uint_divrem,l9_dfull_n16,existing_prevalidated_divisor,18,1024,4354.858,3528,0,0,1
metrics_uint_divrem,l9_dfull_n16,existing_prevalidated_divisor,19,1024,4446.736,3528,0,0,1
metrics_uint_divrem,l9_dfull_n16,existing_prevalidated_divisor,20,1024,4364.217,3528,0,0,1
metrics_uint_divrem,l9_dfull_n16,existing_prevalidated_divisor,21,1024,4336.833,3528,0,0,1
metrics_uint_divrem,l9_dfull_n16,existing_prevalidated_divisor,22,1024,4282.268,3528,0,0,1
metrics_uint_divrem,l9_dfull_n16,existing_prevalidated_divisor,23,1024,4348.633,3528,0,0,1
metrics_uint_divrem,l9_dfull_n16,existing_prevalidated_divisor,24,1024,4399.576,3528,0,0,1
metrics_uint_divrem,l9_dfull_n16,existing_prevalidated_divisor,25,1024,4380.493,3528,0,0,1
metrics_uint_divrem,l9_dfull_n16,existing_prevalidated_divisor,26,1024,4379.924,3528,0,0,1
metrics_uint_divrem,l9_dfull_n16,existing_prevalidated_divisor,27,1024,4325.684,3528,0,0,1
metrics_uint_divrem,l9_dfull_n16,existing_prevalidated_divisor,28,1024,4461.141,3528,0,0,1
metrics_uint_divrem,l9_dfull_n16,existing_prevalidated_divisor,29,1024,4285.075,3528,0,0,1
metrics_uint_divrem,l9_dfull_n16,existing_prevalidated_divisor,30,1024,4389.526,3528,0,0,1
metrics_uint_divrem,l9_dfull_n16,existing_prevalidated_divisor,31,1024,4360.718,3528,0,0,1
metrics_integer_add,l9_n1024,circuit_z,0,1024,3789.185,221184,0,0,1
metrics_integer_add,l9_n1024,circuit_z,1,1024,3679.443,221184,0,0,1
metrics_integer_add,l9_n1024,circuit_z,2,1024,3851.114,221184,0,0,1
metrics_integer_add,l9_n1024,circuit_z,3,1024,3736.450,221184,0,0,1
metrics_integer_add,l9_n1024,circuit_z,4,1024,3912.190,221184,0,0,1
metrics_integer_add,l9_n1024,circuit_z,5,1024,3729.207,221184,0,0,1
metrics_integer_add,l9_n1024,circuit_z,6,1024,3810.832,221184,0,0,1
metrics_integer_add,l9_n1024,circuit_z,7,1024,3687.093,221184,0,0,1
metrics_integer_add,l9_n1024,circuit_z,8,1024,3862.142,221184,0,0,1
metrics_integer_add,l9_n1024,circuit_z,9,1024,3775.064,221184,0,0,1
metrics_integer_add,l9_n1024,circuit_z,10,1024,3875.610,221184,0,0,1
metrics_integer_add,l9_n1024,circuit_z,11,1024,3663.046,221184,0,0,1
metrics_integer_add,l9_n1024,circuit_z,12,1024,3683.105,221184,0,0,1
metrics_integer_add,l9_n1024,circuit_z,13,1024,3866.089,221184,0,0,1
metrics_integer_add,l9_n1024,circuit_z,14,1024,3767.700,221184,0,0,1
metrics_integer_add,l9_n1024,circuit_z,15,1024,3768.758,221184,0,0,1
metrics_integer_add,l9_n1024,circuit_z,16,1024,3752.441,221184,0,0,1
metrics_integer_add,l9_n1024,circuit_z,17,1024,3828.084,221184,0,0,1
metrics_integer_add,l9_n1024,circuit_z,18,1024,3724.854,221184,0,0,1
metrics_integer_add,l9_n1024,circuit_z,19,1024,3831.787,221184,0,0,1
metrics_integer_add,l9_n1024,circuit_z,20,1024,3665.405,221184,0,0,1
metrics_integer_add,l9_n1024,circuit_z,21,1024,3791.707,221184,0,0,1
metrics_integer_add,l9_n1024,circuit_z,22,1024,3701.822,221184,0,0,1
metrics_integer_add,l9_n1024,circuit_z,23,1024,3870.198,221184,0,0,1
metrics_integer_add,l9_n1024,circuit_z,24,1024,3837.077,221184,0,0,1
metrics_integer_add,l9_n1024,circuit_z,25,1024,3800.171,221184,0,0,1
metrics_integer_add,l9_n1024,circuit_z,26,1024,3758.911,221184,0,0,1
metrics_integer_add,l9_n1024,circuit_z,27,1024,3825.684,221184,0,0,1
metrics_integer_add,l9_n1024,circuit_z,28,1024,3683.269,221184,0,0,1
metrics_integer_add,l9_n1024,circuit_z,29,1024,3675.049,221184,0,0,1
metrics_integer_add,l9_n1024,circuit_z,30,1024,3728.760,221184,0,0,1
metrics_integer_add,l9_n1024,circuit_z,31,1024,3755.697,221184,0,0,1
metrics_integer_sub,l9_n1024,circuit_z,0,1024,4038.534,221184,0,0,1
metrics_integer_sub,l9_n1024,circuit_z,1,1024,3988.606,221184,0,0,1
metrics_integer_sub,l9_n1024,circuit_z,2,1024,4040.364,221184,0,0,1
metrics_integer_sub,l9_n1024,circuit_z,3,1024,3932.413,221184,0,0,1
metrics_integer_sub,l9_n1024,circuit_z,4,1024,3987.630,221184,0,0,1
metrics_integer_sub,l9_n1024,circuit_z,5,1024,3987.305,221184,0,0,1
metrics_integer_sub,l9_n1024,circuit_z,6,1024,4166.098,221184,0,0,1
metrics_integer_sub,l9_n1024,circuit_z,7,1024,3983.806,221184,0,0,1
metrics_integer_sub,l9_n1024,circuit_z,8,1024,4020.101,221184,0,0,1
metrics_integer_sub,l9_n1024,circuit_z,9,1024,3978.027,221184,0,0,1
metrics_integer_sub,l9_n1024,circuit_z,10,1024,4049.561,221184,0,0,1
metrics_integer_sub,l9_n1024,circuit_z,11,1024,3894.897,221184,0,0,1
metrics_integer_sub,l9_n1024,circuit_z,12,1024,3961.548,221184,0,0,1
metrics_integer_sub,l9_n1024,circuit_z,13,1024,3936.238,221184,0,0,1
metrics_integer_sub,l9_n1024,circuit_z,14,1024,3900.553,221184,0,0,1
metrics_integer_sub,l9_n1024,circuit_z,15,1024,3943.400,221184,0,0,1
metrics_integer_sub,l9_n1024,circuit_z,16,1024,4020.589,221184,0,0,1
metrics_integer_sub,l9_n1024,circuit_z,17,1024,3912.882,221184,0,0,1
metrics_integer_sub,l9_n1024,circuit_z,18,1024,4027.466,221184,0,0,1
metrics_integer_sub,l9_n1024,circuit_z,19,1024,3904.907,221184,0,0,1
metrics_integer_sub,l9_n1024,circuit_z,20,1024,3932.373,221184,0,0,1
metrics_integer_sub,l9_n1024,circuit_z,21,1024,3931.682,221184,0,0,1
metrics_integer_sub,l9_n1024,circuit_z,22,1024,4003.011,221184,0,0,1
metrics_integer_sub,l9_n1024,circuit_z,23,1024,3916.260,221184,0,0,1
metrics_integer_sub,l9_n1024,circuit_z,24,1024,3998.209,221184,0,0,1
metrics_integer_sub,l9_n1024,circuit_z,25,1024,4014.688,221184,0,0,1
metrics_integer_sub,l9_n1024,circuit_z,26,1024,4058.105,221184,0,0,1
metrics_integer_sub,l9_n1024,circuit_z,27,1024,3893.311,221184,0,0,1
metrics_integer_sub,l9_n1024,circuit_z,28,1024,3899.292,221184,0,0,1
metrics_integer_sub,l9_n1024,circuit_z,29,1024,4005.168,221184,0,0,1
metrics_integer_sub,l9_n1024,circuit_z,30,1024,4043.132,221184,0,0,1
metrics_integer_sub,l9_n1024,circuit_z,31,1024,3971.721,221184,0,0,1
metrics_uint_checked_add,l9_n1024,existing,0,1024,4466.390,229376,0,0,1
metrics_uint_checked_add,l9_n1024,existing,1,1024,4293.497,229376,0,0,1
metrics_uint_checked_add,l9_n1024,existing,2,1024,4342.896,229376,0,0,1
metrics_uint_checked_add,l9_n1024,existing,3,1024,4360.229,229376,0,0,1
metrics_uint_checked_add,l9_n1024,existing,4,1024,4463.379,229376,0,0,1
metrics_uint_checked_add,l9_n1024,existing,5,1024,4377.278,229376,0,0,1
metrics_uint_checked_add,l9_n1024,existing,6,1024,4411.499,229376,0,0,1
metrics_uint_checked_add,l9_n1024,existing,7,1024,4443.645,229376,0,0,1
metrics_uint_checked_add,l9_n1024,existing,8,1024,4269.572,229376,0,0,1
metrics_uint_checked_add,l9_n1024,existing,9,1024,4255.900,229376,0,0,1
metrics_uint_checked_add,l9_n1024,existing,10,1024,4368.815,229376,0,0,1
metrics_uint_checked_add,l9_n1024,existing,11,1024,4400.188,229376,0,0,1
metrics_uint_checked_add,l9_n1024,existing,12,1024,4254.395,229376,0,0,1
metrics_uint_checked_add,l9_n1024,existing,13,1024,4365.112,229376,0,0,1
metrics_uint_checked_add,l9_n1024,existing,14,1024,4316.325,229376,0,0,1
metrics_uint_checked_add,l9_n1024,existing,15,1024,4375.447,229376,0,0,1
metrics_uint_checked_add,l9_n1024,existing,16,1024,4359.782,229376,0,0,1
metrics_uint_checked_add,l9_n1024,existing,17,1024,4408.977,229376,0,0,1
metrics_uint_checked_add,l9_n1024,existing,18,1024,4361.531,229376,0,0,1
metrics_uint_checked_add,l9_n1024,existing,19,1024,4293.376,229376,0,0,1
metrics_uint_checked_add,l9_n1024,existing,20,1024,4260.172,229376,0,0,1
metrics_uint_checked_add,l9_n1024,existing,21,1024,4329.712,229376,0,0,1
metrics_uint_checked_add,l9_n1024,existing,22,1024,4311.360,229376,0,0,1
metrics_uint_checked_add,l9_n1024,existing,23,1024,4296.306,229376,0,0,1
metrics_uint_checked_add,l9_n1024,existing,24,1024,4367.757,229376,0,0,1
metrics_uint_checked_add,l9_n1024,existing,25,1024,4491.333,229376,0,0,1
metrics_uint_checked_add,l9_n1024,existing,26,1024,4360.514,229376,0,0,1
metrics_uint_checked_add,l9_n1024,existing,27,1024,4241.252,229376,0,0,1
metrics_uint_checked_add,l9_n1024,existing,28,1024,4260.905,229376,0,0,1
metrics_uint_checked_add,l9_n1024,existing,29,1024,4297.811,229376,0,0,1
metrics_uint_checked_add,l9_n1024,existing,30,1024,4359.212,229376,0,0,1
metrics_uint_checked_add,l9_n1024,existing,31,1024,4261.515,229376,0,0,1
metrics_int_checked_add,l9_n1024,existing,0,1024,4539.632,229376,0,0,1
metrics_int_checked_add,l9_n1024,existing,1,1024,4647.868,229376,0,0,1
metrics_int_checked_add,l9_n1024,existing,2,1024,4572.510,229376,0,0,1
metrics_int_checked_add,l9_n1024,existing,3,1024,4562.744,229376,0,0,1
metrics_int_checked_add,l9_n1024,existing,4,1024,4601.685,229376,0,0,1
metrics_int_checked_add,l9_n1024,existing,5,1024,4636.149,229376,0,0,1
metrics_int_checked_add,l9_n1024,existing,6,1024,4779.622,229376,0,0,1
metrics_int_checked_add,l9_n1024,existing,7,1024,4679.362,229376,0,0,1
metrics_int_checked_add,l9_n1024,existing,8,1024,4682.983,229376,0,0,1
metrics_int_checked_add,l9_n1024,existing,9,1024,4515.300,229376,0,0,1
metrics_int_checked_add,l9_n1024,existing,10,1024,4746.013,229376,0,0,1
metrics_int_checked_add,l9_n1024,existing,11,1024,4690.552,229376,0,0,1
metrics_int_checked_add,l9_n1024,existing,12,1024,4668.498,229376,0,0,1
metrics_int_checked_add,l9_n1024,existing,13,1024,4706.340,229376,0,0,1
metrics_int_checked_add,l9_n1024,existing,14,1024,4544.107,229376,0,0,1
metrics_int_checked_add,l9_n1024,existing,15,1024,4628.947,229376,0,0,1
metrics_int_checked_add,l9_n1024,existing,16,1024,4677.815,229376,0,0,1
metrics_int_checked_add,l9_n1024,existing,17,1024,4760.701,229376,0,0,1
metrics_int_checked_add,l9_n1024,existing,18,1024,4526.164,229376,0,0,1
metrics_int_checked_add,l9_n1024,existing,19,1024,4571.574,229376,0,0,1
metrics_int_checked_add,l9_n1024,existing,20,1024,4639.648,229376,0,0,1
metrics_int_checked_add,l9_n1024,existing,21,1024,4661.702,229376,0,0,1
metrics_int_checked_add,l9_n1024,existing,22,1024,4708.456,229376,0,0,1
metrics_int_checked_add,l9_n1024,existing,23,1024,4768.718,229376,0,0,1
metrics_int_checked_add,l9_n1024,existing,24,1024,4723.592,229376,0,0,1
metrics_int_checked_add,l9_n1024,existing,25,1024,4624.349,229376,0,0,1
metrics_int_checked_add,l9_n1024,existing,26,1024,4682.739,229376,0,0,1
metrics_int_checked_add,l9_n1024,existing,27,1024,4718.262,229376,0,0,1
metrics_int_checked_add,l9_n1024,existing,28,1024,4644.816,229376,0,0,1
metrics_int_checked_add,l9_n1024,existing,29,1024,4654.663,229376,0,0,1
metrics_int_checked_add,l9_n1024,existing,30,1024,4641.154,229376,0,0,1
metrics_int_checked_add,l9_n1024,existing,31,1024,4680.745,229376,0,0,1
metrics_uint_checked_sub,l9_n1024,existing,0,1024,4825.235,229376,0,0,1
metrics_uint_checked_sub,l9_n1024,existing,1,1024,4629.761,229376,0,0,1
metrics_uint_checked_sub,l9_n1024,existing,2,1024,4749.309,229376,0,0,1
metrics_uint_checked_sub,l9_n1024,existing,3,1024,4728.557,229376,0,0,1
metrics_uint_checked_sub,l9_n1024,existing,4,1024,4865.723,229376,0,0,1
metrics_uint_checked_sub,l9_n1024,existing,5,1024,4824.707,229376,0,0,1
metrics_uint_checked_sub,l9_n1024,existing,6,1024,4677.896,229376,0,0,1
metrics_uint_checked_sub,l9_n1024,existing,7,1024,4794.800,229376,0,0,1
metrics_uint_checked_sub,l9_n1024,existing,8,1024,4634.073,229376,0,0,1
metrics_uint_checked_sub,l9_n1024,existing,9,1024,4727.864,229376,0,0,1
metrics_uint_checked_sub,l9_n1024,existing,10,1024,4826.864,229376,0,0,1
metrics_uint_checked_sub,l9_n1024,existing,11,1024,4748.698,229376,0,0,1
metrics_uint_checked_sub,l9_n1024,existing,12,1024,4748.982,229376,0,0,1
metrics_uint_checked_sub,l9_n1024,existing,13,1024,4668.742,229376,0,0,1
metrics_uint_checked_sub,l9_n1024,existing,14,1024,4819.336,229376,0,0,1
metrics_uint_checked_sub,l9_n1024,existing,15,1024,4624.838,229376,0,0,1
metrics_uint_checked_sub,l9_n1024,existing,16,1024,4754.476,229376,0,0,1
metrics_uint_checked_sub,l9_n1024,existing,17,1024,4763.103,229376,0,0,1
metrics_uint_checked_sub,l9_n1024,existing,18,1024,4702.026,229376,0,0,1
metrics_uint_checked_sub,l9_n1024,existing,19,1024,4736.490,229376,0,0,1
metrics_uint_checked_sub,l9_n1024,existing,20,1024,4754.883,229376,0,0,1
metrics_uint_checked_sub,l9_n1024,existing,21,1024,4725.667,229376,0,0,1
metrics_uint_checked_sub,l9_n1024,existing,22,1024,4731.445,229376,0,0,1
metrics_uint_checked_sub,l9_n1024,existing,23,1024,4625.488,229376,0,0,1
metrics_uint_checked_sub,l9_n1024,existing,24,1024,4680.786,229376,0,0,1
metrics_uint_checked_sub,l9_n1024,existing,25,1024,4738.321,229376,0,0,1
metrics_uint_checked_sub,l9_n1024,existing,26,1024,4773.601,229376,0,0,1
metrics_uint_checked_sub,l9_n1024,existing,27,1024,4854.533,229376,0,0,1
metrics_uint_checked_sub,l9_n1024,existing,28,1024,4894.002,229376,0,0,1
metrics_uint_checked_sub,l9_n1024,existing,29,1024,4915.934,229376,0,0,1
metrics_uint_checked_sub,l9_n1024,existing,30,1024,5026.326,229376,0,0,1
metrics_uint_checked_sub,l9_n1024,existing,31,1024,4761.394,229376,0,0,1
metrics_int_checked_sub,l9_n1024,existing,0,512,6487.875,229376,0,0,1
metrics_int_checked_sub,l9_n1024,existing,1,512,6858.807,229376,0,0,1
metrics_int_checked_sub,l9_n1024,existing,2,512,6759.033,229376,0,0,1
metrics_int_checked_sub,l9_n1024,existing,3,512,6899.170,229376,0,0,1
metrics_int_checked_sub,l9_n1024,existing,4,512,6818.197,229376,0,0,1
metrics_int_checked_sub,l9_n1024,existing,5,512,6466.227,229376,0,0,1
metrics_int_checked_sub,l9_n1024,existing,6,512,6609.375,229376,0,0,1
metrics_int_checked_sub,l9_n1024,existing,7,512,6648.031,229376,0,0,1
metrics_int_checked_sub,l9_n1024,existing,8,512,6848.959,229376,0,0,1
metrics_int_checked_sub,l9_n1024,existing,9,512,6610.352,229376,0,0,1
metrics_int_checked_sub,l9_n1024,existing,10,512,6723.471,229376,0,0,1
metrics_int_checked_sub,l9_n1024,existing,11,512,6729.004,229376,0,0,1
metrics_int_checked_sub,l9_n1024,existing,12,512,6509.846,229376,0,0,1
metrics_int_checked_sub,l9_n1024,existing,13,512,6791.910,229376,0,0,1
metrics_int_checked_sub,l9_n1024,existing,14,512,6444.336,229376,0,0,1
metrics_int_checked_sub,l9_n1024,existing,15,512,6528.971,229376,0,0,1
metrics_int_checked_sub,l9_n1024,existing,16,512,6518.148,229376,0,0,1
metrics_int_checked_sub,l9_n1024,existing,17,512,6479.410,229376,0,0,1
metrics_int_checked_sub,l9_n1024,existing,18,512,6681.967,229376,0,0,1
metrics_int_checked_sub,l9_n1024,existing,19,512,6931.314,229376,0,0,1
metrics_int_checked_sub,l9_n1024,existing,20,512,6625.568,229376,0,0,1
metrics_int_checked_sub,l9_n1024,existing,21,512,6506.184,229376,0,0,1
metrics_int_checked_sub,l9_n1024,existing,22,512,6549.398,229376,0,0,1
metrics_int_checked_sub,l9_n1024,existing,23,512,6627.197,229376,0,0,1
metrics_int_checked_sub,l9_n1024,existing,24,512,6438.232,229376,0,0,1
metrics_int_checked_sub,l9_n1024,existing,25,512,7069.986,229376,0,0,1
metrics_int_checked_sub,l9_n1024,existing,26,512,6703.451,229376,0,0,1
metrics_int_checked_sub,l9_n1024,existing,27,512,6512.207,229376,0,0,1
metrics_int_checked_sub,l9_n1024,existing,28,512,6668.537,229376,0,0,1
metrics_int_checked_sub,l9_n1024,existing,29,512,6563.312,229376,0,0,1
metrics_int_checked_sub,l9_n1024,existing,30,512,6838.947,229376,0,0,1
metrics_int_checked_sub,l9_n1024,existing,31,512,6665.691,229376,0,0,1
metrics_uint_checked_mul,l9_n1024,existing,0,64,62164.719,229376,0,0,1
metrics_uint_checked_mul,l9_n1024,existing,1,64,62011.078,229376,0,0,1
metrics_uint_checked_mul,l9_n1024,existing,2,64,62832.031,229376,0,0,1
metrics_uint_checked_mul,l9_n1024,existing,3,64,62277.344,229376,0,0,1
metrics_uint_checked_mul,l9_n1024,existing,4,64,63095.703,229376,0,0,1
metrics_uint_checked_mul,l9_n1024,existing,5,64,63203.781,229376,0,0,1
metrics_uint_checked_mul,l9_n1024,existing,6,64,63353.516,229376,0,0,1
metrics_uint_checked_mul,l9_n1024,existing,7,64,62586.578,229376,0,0,1
metrics_uint_checked_mul,l9_n1024,existing,8,64,61020.188,229376,0,0,1
metrics_uint_checked_mul,l9_n1024,existing,9,64,62977.859,229376,0,0,1
metrics_uint_checked_mul,l9_n1024,existing,10,64,60841.156,229376,0,0,1
metrics_uint_checked_mul,l9_n1024,existing,11,64,62440.109,229376,0,0,1
metrics_uint_checked_mul,l9_n1024,existing,12,64,61146.484,229376,0,0,1
metrics_uint_checked_mul,l9_n1024,existing,13,64,63285.156,229376,0,0,1
metrics_uint_checked_mul,l9_n1024,existing,14,64,63675.125,229376,0,0,1
metrics_uint_checked_mul,l9_n1024,existing,15,64,63593.094,229376,0,0,1
metrics_uint_checked_mul,l9_n1024,existing,16,64,62686.203,229376,0,0,1
metrics_uint_checked_mul,l9_n1024,existing,17,64,66576.828,229376,0,0,1
metrics_uint_checked_mul,l9_n1024,existing,18,64,61343.094,229376,0,0,1
metrics_uint_checked_mul,l9_n1024,existing,19,64,61005.203,229376,0,0,1
metrics_uint_checked_mul,l9_n1024,existing,20,64,62878.906,229376,0,0,1
metrics_uint_checked_mul,l9_n1024,existing,21,64,63981.125,229376,0,0,1
metrics_uint_checked_mul,l9_n1024,existing,22,64,62807.938,229376,0,0,1
metrics_uint_checked_mul,l9_n1024,existing,23,64,62692.047,229376,0,0,1
metrics_uint_checked_mul,l9_n1024,existing,24,64,62184.234,229376,0,0,1
metrics_uint_checked_mul,l9_n1024,existing,25,64,62425.781,229376,0,0,1
metrics_uint_checked_mul,l9_n1024,existing,26,64,60921.875,229376,0,0,1
metrics_uint_checked_mul,l9_n1024,existing,27,64,62404.953,229376,0,0,1
metrics_uint_checked_mul,l9_n1024,existing,28,64,62436.859,229376,0,0,1
metrics_uint_checked_mul,l9_n1024,existing,29,64,63128.906,229376,0,0,1
metrics_uint_checked_mul,l9_n1024,existing,30,64,61633.469,229376,0,0,1
metrics_uint_checked_mul,l9_n1024,existing,31,64,61151.688,229376,0,0,1
metrics_int_checked_mul,l9_n1024,existing,0,128,31394.859,229376,0,0,1
metrics_int_checked_mul,l9_n1024,existing,1,128,31478.844,229376,0,0,1
metrics_int_checked_mul,l9_n1024,existing,2,128,32814.781,229376,0,0,1
metrics_int_checked_mul,l9_n1024,existing,3,128,32224.281,229376,0,0,1
metrics_int_checked_mul,l9_n1024,existing,4,128,31661.133,229376,0,0,1
metrics_int_checked_mul,l9_n1024,existing,5,128,32030.594,229376,0,0,1
metrics_int_checked_mul,l9_n1024,existing,6,128,32473.633,229376,0,0,1
metrics_int_checked_mul,l9_n1024,existing,7,128,32617.836,229376,0,0,1
metrics_int_checked_mul,l9_n1024,existing,8,128,32036.133,229376,0,0,1
metrics_int_checked_mul,l9_n1024,existing,9,128,31476.562,229376,0,0,1
metrics_int_checked_mul,l9_n1024,existing,10,128,31816.734,229376,0,0,1
metrics_int_checked_mul,l9_n1024,existing,11,128,31843.750,229376,0,0,1
metrics_int_checked_mul,l9_n1024,existing,12,128,32505.531,229376,0,0,1
metrics_int_checked_mul,l9_n1024,existing,13,128,31723.633,229376,0,0,1
metrics_int_checked_mul,l9_n1024,existing,14,128,32138.672,229376,0,0,1
metrics_int_checked_mul,l9_n1024,existing,15,128,31964.195,229376,0,0,1
metrics_int_checked_mul,l9_n1024,existing,16,128,32474.938,229376,0,0,1
metrics_int_checked_mul,l9_n1024,existing,17,128,31403.648,229376,0,0,1
metrics_int_checked_mul,l9_n1024,existing,18,128,31695.969,229376,0,0,1
metrics_int_checked_mul,l9_n1024,existing,19,128,31743.492,229376,0,0,1
metrics_int_checked_mul,l9_n1024,existing,20,128,32324.875,229376,0,0,1
metrics_int_checked_mul,l9_n1024,existing,21,128,31655.930,229376,0,0,1
metrics_int_checked_mul,l9_n1024,existing,22,128,32112.633,229376,0,0,1
metrics_int_checked_mul,l9_n1024,existing,23,128,32017.250,229376,0,0,1
metrics_int_checked_mul,l9_n1024,existing,24,128,32611.977,229376,0,0,1
metrics_int_checked_mul,l9_n1024,existing,25,128,32041.992,229376,0,0,1
metrics_int_checked_mul,l9_n1024,existing,26,128,32350.906,229376,0,0,1
metrics_int_checked_mul,l9_n1024,existing,27,128,32139.000,229376,0,0,1
metrics_int_checked_mul,l9_n1024,existing,28,128,32624.352,229376,0,0,1
metrics_int_checked_mul,l9_n1024,existing,29,128,31438.156,229376,0,0,1
metrics_int_checked_mul,l9_n1024,existing,30,128,32352.867,229376,0,0,1
metrics_int_checked_mul,l9_n1024,existing,31,128,31835.281,229376,0,0,1
metrics_uint_compare,l9_n1024,existing,0,512,6412.436,148480,0,0,1
metrics_uint_compare,l9_n1024,existing,1,512,6323.895,148480,0,0,1
metrics_uint_compare,l9_n1024,existing,2,512,6261.475,148480,0,0,1
metrics_uint_compare,l9_n1024,existing,3,512,6463.867,148480,0,0,1
metrics_uint_compare,l9_n1024,existing,4,512,6259.602,148480,0,0,1
metrics_uint_compare,l9_n1024,existing,5,512,6339.355,148480,0,0,1
metrics_uint_compare,l9_n1024,existing,6,512,6345.053,148480,0,0,1
metrics_uint_compare,l9_n1024,existing,7,512,6238.852,148480,0,0,1
metrics_uint_compare,l9_n1024,existing,8,512,6458.578,148480,0,0,1
metrics_uint_compare,l9_n1024,existing,9,512,6206.625,148480,0,0,1
metrics_uint_compare,l9_n1024,existing,10,512,6196.777,148480,0,0,1
metrics_uint_compare,l9_n1024,existing,11,512,6375.488,148480,0,0,1
metrics_uint_compare,l9_n1024,existing,12,512,6219.727,148480,0,0,1
metrics_uint_compare,l9_n1024,existing,13,512,6293.783,148480,0,0,1
metrics_uint_compare,l9_n1024,existing,14,512,6270.752,148480,0,0,1
metrics_uint_compare,l9_n1024,existing,15,512,6274.496,148480,0,0,1
metrics_uint_compare,l9_n1024,existing,16,512,6414.471,148480,0,0,1
metrics_uint_compare,l9_n1024,existing,17,512,6268.717,148480,0,0,1
metrics_uint_compare,l9_n1024,existing,18,512,6414.551,148480,0,0,1
metrics_uint_compare,l9_n1024,existing,19,512,6249.430,148480,0,0,1
metrics_uint_compare,l9_n1024,existing,20,512,6219.562,148480,0,0,1
metrics_uint_compare,l9_n1024,existing,21,512,6420.898,148480,0,0,1
metrics_uint_compare,l9_n1024,existing,22,512,6257.895,148480,0,0,1
metrics_uint_compare,l9_n1024,existing,23,512,6592.854,148480,0,0,1
metrics_uint_compare,l9_n1024,existing,24,512,6232.178,148480,0,0,1
metrics_uint_compare,l9_n1024,existing,25,512,6396.566,148480,0,0,1
metrics_uint_compare,l9_n1024,existing,26,512,6212.646,148480,0,0,1
metrics_uint_compare,l9_n1024,existing,27,512,6241.291,148480,0,0,1
metrics_uint_compare,l9_n1024,existing,28,512,6305.420,148480,0,0,1
metrics_uint_compare,l9_n1024,existing,29,512,6323.648,148480,0,0,1
metrics_uint_compare,l9_n1024,existing,30,512,6198.322,148480,0,0,1
metrics_uint_compare,l9_n1024,existing,31,512,6418.049,148480,0,0,1
metrics_uint_wide_mul,l9_n1024,existing,0,64,50831.391,294912,0,0,1
metrics_uint_wide_mul,l9_n1024,existing,1,64,51034.500,294912,0,0,1
metrics_uint_wide_mul,l9_n1024,existing,2,64,51142.578,294912,0,0,1
metrics_uint_wide_mul,l9_n1024,existing,3,64,51492.188,294912,0,0,1
metrics_uint_wide_mul,l9_n1024,existing,4,64,50519.531,294912,0,0,1
metrics_uint_wide_mul,l9_n1024,existing,5,64,51113.938,294912,0,0,1
metrics_uint_wide_mul,l9_n1024,existing,6,64,50592.438,294912,0,0,1
metrics_uint_wide_mul,l9_n1024,existing,7,64,51776.703,294912,0,0,1
metrics_uint_wide_mul,l9_n1024,existing,8,64,50267.578,294912,0,0,1
metrics_uint_wide_mul,l9_n1024,existing,9,64,52082.688,294912,0,0,1
metrics_uint_wide_mul,l9_n1024,existing,10,64,52876.297,294912,0,0,1
metrics_uint_wide_mul,l9_n1024,existing,11,64,49921.219,294912,0,0,1
metrics_uint_wide_mul,l9_n1024,existing,12,64,52892.578,294912,0,0,1
metrics_uint_wide_mul,l9_n1024,existing,13,64,50138.672,294912,0,0,1
metrics_uint_wide_mul,l9_n1024,existing,14,64,50059.234,294912,0,0,1
metrics_uint_wide_mul,l9_n1024,existing,15,64,52152.344,294912,0,0,1
metrics_uint_wide_mul,l9_n1024,existing,16,64,50114.578,294912,0,0,1
metrics_uint_wide_mul,l9_n1024,existing,17,64,50535.812,294912,0,0,1
metrics_uint_wide_mul,l9_n1024,existing,18,64,50646.484,294912,0,0,1
metrics_uint_wide_mul,l9_n1024,existing,19,64,50637.375,294912,0,0,1
metrics_uint_wide_mul,l9_n1024,existing,20,64,52533.203,294912,0,0,1
metrics_uint_wide_mul,l9_n1024,existing,21,64,50481.781,294912,0,0,1
metrics_uint_wide_mul,l9_n1024,existing,22,64,51037.109,294912,0,0,1
metrics_uint_wide_mul,l9_n1024,existing,23,64,50511.719,294912,0,0,1
metrics_uint_wide_mul,l9_n1024,existing,24,64,50059.250,294912,0,0,1
metrics_uint_wide_mul,l9_n1024,existing,25,64,52598.312,294912,0,0,1
metrics_uint_wide_mul,l9_n1024,existing,26,64,49593.094,294912,0,0,1
metrics_uint_wide_mul,l9_n1024,existing,27,64,50114.594,294912,0,0,1
metrics_uint_wide_mul,l9_n1024,existing,28,64,51358.719,294912,0,0,1
metrics_uint_wide_mul,l9_n1024,existing,29,64,50180.984,294912,0,0,1
metrics_uint_wide_mul,l9_n1024,existing,30,64,52188.797,294912,0,0,1
metrics_uint_wide_mul,l9_n1024,existing,31,64,52363.281,294912,0,0,1
metrics_uint_divrem,l9_d64_n1024,existing_prevalidated_divisor,0,16,287888.000,221256,0,0,1
metrics_uint_divrem,l9_d64_n1024,existing_prevalidated_divisor,1,16,274919.250,221256,0,0,1
metrics_uint_divrem,l9_d64_n1024,existing_prevalidated_divisor,2,16,278612.000,221256,0,0,1
metrics_uint_divrem,l9_d64_n1024,existing_prevalidated_divisor,3,16,275156.250,221256,0,0,1
metrics_uint_divrem,l9_d64_n1024,existing_prevalidated_divisor,4,16,277226.562,221256,0,0,1
metrics_uint_divrem,l9_d64_n1024,existing_prevalidated_divisor,5,16,269934.875,221256,0,0,1
metrics_uint_divrem,l9_d64_n1024,existing_prevalidated_divisor,6,16,274500.000,221256,0,0,1
metrics_uint_divrem,l9_d64_n1024,existing_prevalidated_divisor,7,16,278385.375,221256,0,0,1
metrics_uint_divrem,l9_d64_n1024,existing_prevalidated_divisor,8,16,272635.438,221256,0,0,1
metrics_uint_divrem,l9_d64_n1024,existing_prevalidated_divisor,9,16,275486.938,221256,0,0,1
metrics_uint_divrem,l9_d64_n1024,existing_prevalidated_divisor,10,16,276682.250,221256,0,0,1
metrics_uint_divrem,l9_d64_n1024,existing_prevalidated_divisor,11,16,360651.062,221256,0,0,1
metrics_uint_divrem,l9_d64_n1024,existing_prevalidated_divisor,12,16,270864.562,221256,0,0,1
metrics_uint_divrem,l9_d64_n1024,existing_prevalidated_divisor,13,16,278851.562,221256,0,0,1
metrics_uint_divrem,l9_d64_n1024,existing_prevalidated_divisor,14,16,271270.875,221256,0,0,1
metrics_uint_divrem,l9_d64_n1024,existing_prevalidated_divisor,15,16,284166.688,221256,0,0,1
metrics_uint_divrem,l9_d64_n1024,existing_prevalidated_divisor,16,16,282541.688,221256,0,0,1
metrics_uint_divrem,l9_d64_n1024,existing_prevalidated_divisor,17,16,273661.438,221256,0,0,1
metrics_uint_divrem,l9_d64_n1024,existing_prevalidated_divisor,18,16,280486.938,221256,0,0,1
metrics_uint_divrem,l9_d64_n1024,existing_prevalidated_divisor,19,16,271210.938,221256,0,0,1
metrics_uint_divrem,l9_d64_n1024,existing_prevalidated_divisor,20,16,276273.438,221256,0,0,1
metrics_uint_divrem,l9_d64_n1024,existing_prevalidated_divisor,21,16,273723.938,221256,0,0,1
metrics_uint_divrem,l9_d64_n1024,existing_prevalidated_divisor,22,16,293143.188,221256,0,0,1
metrics_uint_divrem,l9_d64_n1024,existing_prevalidated_divisor,23,16,270557.250,221256,0,0,1
metrics_uint_divrem,l9_d64_n1024,existing_prevalidated_divisor,24,16,272625.000,221256,0,0,1
metrics_uint_divrem,l9_d64_n1024,existing_prevalidated_divisor,25,16,273526.000,221256,0,0,1
metrics_uint_divrem,l9_d64_n1024,existing_prevalidated_divisor,26,16,279833.312,221256,0,0,1
metrics_uint_divrem,l9_d64_n1024,existing_prevalidated_divisor,27,16,271059.938,221256,0,0,1
metrics_uint_divrem,l9_d64_n1024,existing_prevalidated_divisor,28,16,270591.188,221256,0,0,1
metrics_uint_divrem,l9_d64_n1024,existing_prevalidated_divisor,29,16,281296.875,221256,0,0,1
metrics_uint_divrem,l9_d64_n1024,existing_prevalidated_divisor,30,16,270044.250,221256,0,0,1
metrics_uint_divrem,l9_d64_n1024,existing_prevalidated_divisor,31,16,276304.688,221256,0,0,1
metrics_uint_divrem,l9_dfull_n1024,existing_prevalidated_divisor,0,16,272281.250,221256,0,0,1
metrics_uint_divrem,l9_dfull_n1024,existing_prevalidated_divisor,1,16,273710.938,221256,0,0,1
metrics_uint_divrem,l9_dfull_n1024,existing_prevalidated_divisor,2,16,272489.562,221256,0,0,1
metrics_uint_divrem,l9_dfull_n1024,existing_prevalidated_divisor,3,16,283039.062,221256,0,0,1
metrics_uint_divrem,l9_dfull_n1024,existing_prevalidated_divisor,4,16,277223.938,221256,0,0,1
metrics_uint_divrem,l9_dfull_n1024,existing_prevalidated_divisor,5,16,273619.812,221256,0,0,1
metrics_uint_divrem,l9_dfull_n1024,existing_prevalidated_divisor,6,16,284757.812,221256,0,0,1
metrics_uint_divrem,l9_dfull_n1024,existing_prevalidated_divisor,7,16,273825.562,221256,0,0,1
metrics_uint_divrem,l9_dfull_n1024,existing_prevalidated_divisor,8,16,280072.875,221256,0,0,1
metrics_uint_divrem,l9_dfull_n1024,existing_prevalidated_divisor,9,16,276966.125,221256,0,0,1
metrics_uint_divrem,l9_dfull_n1024,existing_prevalidated_divisor,10,16,288117.188,221256,0,0,1
metrics_uint_divrem,l9_dfull_n1024,existing_prevalidated_divisor,11,16,273747.375,221256,0,0,1
metrics_uint_divrem,l9_dfull_n1024,existing_prevalidated_divisor,12,16,274119.750,221256,0,0,1
metrics_uint_divrem,l9_dfull_n1024,existing_prevalidated_divisor,13,16,275859.375,221256,0,0,1
metrics_uint_divrem,l9_dfull_n1024,existing_prevalidated_divisor,14,16,279807.312,221256,0,0,1
metrics_uint_divrem,l9_dfull_n1024,existing_prevalidated_divisor,15,16,276950.500,221256,0,0,1
metrics_uint_divrem,l9_dfull_n1024,existing_prevalidated_divisor,16,16,281401.000,221256,0,0,1
metrics_uint_divrem,l9_dfull_n1024,existing_prevalidated_divisor,17,16,276385.438,221256,0,0,1
metrics_uint_divrem,l9_dfull_n1024,existing_prevalidated_divisor,18,16,283119.812,221256,0,0,1
metrics_uint_divrem,l9_dfull_n1024,existing_prevalidated_divisor,19,16,273671.875,221256,0,0,1
metrics_uint_divrem,l9_dfull_n1024,existing_prevalidated_divisor,20,16,279763.000,221256,0,0,1
metrics_uint_divrem,l9_dfull_n1024,existing_prevalidated_divisor,21,16,289966.188,221256,0,0,1
metrics_uint_divrem,l9_dfull_n1024,existing_prevalidated_divisor,22,16,278697.938,221256,0,0,1
metrics_uint_divrem,l9_dfull_n1024,existing_prevalidated_divisor,23,16,280625.000,221256,0,0,1
metrics_uint_divrem,l9_dfull_n1024,existing_prevalidated_divisor,24,16,278388.000,221256,0,0,1
metrics_uint_divrem,l9_dfull_n1024,existing_prevalidated_divisor,25,16,282486.938,221256,0,0,1
metrics_uint_divrem,l9_dfull_n1024,existing_prevalidated_divisor,26,16,272072.875,221256,0,0,1
metrics_uint_divrem,l9_dfull_n1024,existing_prevalidated_divisor,27,16,281273.438,221256,0,0,1
metrics_uint_divrem,l9_dfull_n1024,existing_prevalidated_divisor,28,16,278348.938,221256,0,0,1
metrics_uint_divrem,l9_dfull_n1024,existing_prevalidated_divisor,29,16,282333.375,221256,0,0,1
metrics_uint_divrem,l9_dfull_n1024,existing_prevalidated_divisor,30,16,272401.000,221256,0,0,1
metrics_uint_divrem,l9_dfull_n1024,existing_prevalidated_divisor,31,16,273640.625,221256,0,0,1
prime_context_setup,q127,existing,0,32768,123.020,64,0,0,1
prime_context_setup,q127,existing,1,32768,120.561,64,0,0,1
prime_context_setup,q127,existing,2,32768,121.839,64,0,0,1
prime_context_setup,q127,existing,3,32768,124.626,64,0,0,1
prime_context_setup,q127,existing,4,32768,122.847,64,0,0,1
prime_context_setup,q127,existing,5,32768,123.423,64,0,0,1
prime_context_setup,q127,existing,6,32768,121.507,64,0,0,1
prime_context_setup,q127,existing,7,32768,126.046,64,0,0,1
prime_context_setup,q127,existing,8,32768,120.505,64,0,0,1
prime_context_setup,q127,existing,9,32768,122.719,64,0,0,1
prime_context_setup,q127,existing,10,32768,121.114,64,0,0,1
prime_context_setup,q127,existing,11,32768,122.766,64,0,0,1
prime_context_setup,q127,existing,12,32768,124.750,64,0,0,1
prime_context_setup,q127,existing,13,32768,122.679,64,0,0,1
prime_context_setup,q127,existing,14,32768,122.957,64,0,0,1
prime_context_setup,q127,existing,15,32768,124.215,64,0,0,1
prime_context_setup,q127,existing,16,32768,121.133,64,0,0,1
prime_context_setup,q127,existing,17,32768,125.044,64,0,0,1
prime_context_setup,q127,existing,18,32768,122.204,64,0,0,1
prime_context_setup,q127,existing,19,32768,125.192,64,0,0,1
prime_context_setup,q127,existing,20,32768,120.983,64,0,0,1
prime_context_setup,q127,existing,21,32768,120.155,64,0,0,1
prime_context_setup,q127,existing,22,32768,123.024,64,0,0,1
prime_context_setup,q127,existing,23,32768,126.129,64,0,0,1
prime_context_setup,q127,existing,24,32768,122.547,64,0,0,1
prime_context_setup,q127,existing,25,32768,122.964,64,0,0,1
prime_context_setup,q127,existing,26,32768,124.416,64,0,0,1
prime_context_setup,q127,existing,27,32768,125.262,64,0,0,1
prime_context_setup,q127,existing,28,32768,120.833,64,0,0,1
prime_context_setup,q127,existing,29,32768,120.438,64,0,0,1
prime_context_setup,q127,existing,30,32768,124.107,64,0,0,1
prime_context_setup,q127,existing,31,32768,121.808,64,0,0,1
prime_inverse_each,q127_n16,existing,0,256,13883.625,2560,0,0,1
prime_inverse_each,q127_n16,existing,1,256,13527.180,2560,0,0,1
prime_inverse_each,q127_n16,existing,2,256,14009.113,2560,0,0,1
prime_inverse_each,q127_n16,existing,3,256,13446.289,2560,0,0,1
prime_inverse_each,q127_n16,existing,4,256,13448.402,2560,0,0,1
prime_inverse_each,q127_n16,existing,5,256,13611.168,2560,0,0,1
prime_inverse_each,q127_n16,existing,6,256,13546.551,2560,0,0,1
prime_inverse_each,q127_n16,existing,7,256,13946.453,2560,0,0,1
prime_inverse_each,q127_n16,existing,8,256,13854.980,2560,0,0,1
prime_inverse_each,q127_n16,existing,9,256,13650.227,2560,0,0,1
prime_inverse_each,q127_n16,existing,10,256,13574.059,2560,0,0,1
prime_inverse_each,q127_n16,existing,11,256,13825.520,2560,0,0,1
prime_inverse_each,q127_n16,existing,12,256,13703.453,2560,0,0,1
prime_inverse_each,q127_n16,existing,13,256,13430.176,2560,0,0,1
prime_inverse_each,q127_n16,existing,14,256,14037.598,2560,0,0,1
prime_inverse_each,q127_n16,existing,15,256,13441.242,2560,0,0,1
prime_inverse_each,q127_n16,existing,16,256,13664.551,2560,0,0,1
prime_inverse_each,q127_n16,existing,17,256,13667.805,2560,0,0,1
prime_inverse_each,q127_n16,existing,18,256,13442.871,2560,0,0,1
prime_inverse_each,q127_n16,existing,19,256,13757.812,2560,0,0,1
prime_inverse_each,q127_n16,existing,20,256,13535.973,2560,0,0,1
prime_inverse_each,q127_n16,existing,21,256,14009.441,2560,0,0,1
prime_inverse_each,q127_n16,existing,22,256,13646.809,2560,0,0,1
prime_inverse_each,q127_n16,existing,23,256,13634.602,2560,0,0,1
prime_inverse_each,q127_n16,existing,24,256,13740.559,2560,0,0,1
prime_inverse_each,q127_n16,existing,25,256,13893.715,2560,0,0,1
prime_inverse_each,q127_n16,existing,26,256,13909.832,2560,0,0,1
prime_inverse_each,q127_n16,existing,27,256,13437.176,2560,0,0,1
prime_inverse_each,q127_n16,existing,28,256,13822.266,2560,0,0,1
prime_inverse_each,q127_n16,existing,29,256,13592.125,2560,0,0,1
prime_inverse_each,q127_n16,existing,30,256,13904.949,2560,0,0,1
prime_inverse_each,q127_n16,existing,31,256,13927.246,2560,0,0,1
prime_pow_each,q127_e17_sparse_n16,existing,0,512,6795.248,2560,0,0,1
prime_pow_each,q127_e17_sparse_n16,existing,1,512,6742.352,2560,0,0,1
prime_pow_each,q127_e17_sparse_n16,existing,2,512,6712.971,2560,0,0,1
prime_pow_each,q127_e17_sparse_n16,existing,3,512,6701.986,2560,0,0,1
prime_pow_each,q127_e17_sparse_n16,existing,4,512,6709.309,2560,0,0,1
prime_pow_each,q127_e17_sparse_n16,existing,5,512,6624.512,2560,0,0,1
prime_pow_each,q127_e17_sparse_n16,existing,6,512,6931.805,2560,0,0,1
prime_pow_each,q127_e17_sparse_n16,existing,7,512,6632.404,2560,0,0,1
prime_pow_each,q127_e17_sparse_n16,existing,8,512,6741.863,2560,0,0,1
prime_pow_each,q127_e17_sparse_n16,existing,9,512,6783.121,2560,0,0,1
prime_pow_each,q127_e17_sparse_n16,existing,10,512,6660.400,2560,0,0,1
prime_pow_each,q127_e17_sparse_n16,existing,11,512,6900.879,2560,0,0,1
prime_pow_each,q127_e17_sparse_n16,existing,12,512,6667.969,2560,0,0,1
prime_pow_each,q127_e17_sparse_n16,existing,13,512,6786.215,2560,0,0,1
prime_pow_each,q127_e17_sparse_n16,existing,14,512,6682.861,2560,0,0,1
prime_pow_each,q127_e17_sparse_n16,existing,15,512,6679.607,2560,0,0,1
prime_pow_each,q127_e17_sparse_n16,existing,16,512,6876.301,2560,0,0,1
prime_pow_each,q127_e17_sparse_n16,existing,17,512,6614.828,2560,0,0,1
prime_pow_each,q127_e17_sparse_n16,existing,18,512,6620.199,2560,0,0,1
prime_pow_each,q127_e17_sparse_n16,existing,19,512,6803.631,2560,0,0,1
prime_pow_each,q127_e17_sparse_n16,existing,20,512,6649.982,2560,0,0,1
prime_pow_each,q127_e17_sparse_n16,existing,21,512,6722.656,2560,0,0,1
prime_pow_each,q127_e17_sparse_n16,existing,22,512,6668.539,2560,0,0,1
prime_pow_each,q127_e17_sparse_n16,existing,23,512,6790.363,2560,0,0,1
prime_pow_each,q127_e17_sparse_n16,existing,24,512,6661.457,2560,0,0,1
prime_pow_each,q127_e17_sparse_n16,existing,25,512,6863.770,2560,0,0,1
prime_pow_each,q127_e17_sparse_n16,existing,26,512,6637.207,2560,0,0,1
prime_pow_each,q127_e17_sparse_n16,existing,27,512,6616.373,2560,0,0,1
prime_pow_each,q127_e17_sparse_n16,existing,28,512,6784.260,2560,0,0,1
prime_pow_each,q127_e17_sparse_n16,existing,29,512,6664.145,2560,0,0,1
prime_pow_each,q127_e17_sparse_n16,existing,30,512,6852.539,2560,0,0,1
prime_pow_each,q127_e17_sparse_n16,existing,31,512,6712.320,2560,0,0,1
prime_pow_each,q127_e127_alternating_n16,existing,0,128,30873.047,2560,0,0,1
prime_pow_each,q127_e127_alternating_n16,existing,1,128,31419.266,2560,0,0,1
prime_pow_each,q127_e127_alternating_n16,existing,2,128,30443.031,2560,0,0,1
prime_pow_each,q127_e127_alternating_n16,existing,3,128,31267.250,2560,0,0,1
prime_pow_each,q127_e127_alternating_n16,existing,4,128,30534.500,2560,0,0,1
prime_pow_each,q127_e127_alternating_n16,existing,5,128,30651.367,2560,0,0,1
prime_pow_each,q127_e127_alternating_n16,existing,6,128,31039.391,2560,0,0,1
prime_pow_each,q127_e127_alternating_n16,existing,7,128,31141.602,2560,0,0,1
prime_pow_each,q127_e127_alternating_n16,existing,8,128,31176.109,2560,0,0,1
prime_pow_each,q127_e127_alternating_n16,existing,9,128,30987.953,2560,0,0,1
prime_pow_each,q127_e127_alternating_n16,existing,10,128,30532.227,2560,0,0,1
prime_pow_each,q127_e127_alternating_n16,existing,11,128,31473.305,2560,0,0,1
prime_pow_each,q127_e127_alternating_n16,existing,12,128,31053.383,2560,0,0,1
prime_pow_each,q127_e127_alternating_n16,existing,13,128,32363.930,2560,0,0,1
prime_pow_each,q127_e127_alternating_n16,existing,14,128,30443.680,2560,0,0,1
prime_pow_each,q127_e127_alternating_n16,existing,15,128,30440.102,2560,0,0,1
prime_pow_each,q127_e127_alternating_n16,existing,16,128,30909.828,2560,0,0,1
prime_pow_each,q127_e127_alternating_n16,existing,17,128,31432.297,2560,0,0,1
prime_pow_each,q127_e127_alternating_n16,existing,18,128,30665.688,2560,0,0,1
prime_pow_each,q127_e127_alternating_n16,existing,19,128,30791.016,2560,0,0,1
prime_pow_each,q127_e127_alternating_n16,existing,20,128,30436.852,2560,0,0,1
prime_pow_each,q127_e127_alternating_n16,existing,21,128,30997.391,2560,0,0,1
prime_pow_each,q127_e127_alternating_n16,existing,22,128,30469.398,2560,0,0,1
prime_pow_each,q127_e127_alternating_n16,existing,23,128,30873.375,2560,0,0,1
prime_pow_each,q127_e127_alternating_n16,existing,24,128,31201.820,2560,0,0,1
prime_pow_each,q127_e127_alternating_n16,existing,25,128,30633.133,2560,0,0,1
prime_pow_each,q127_e127_alternating_n16,existing,26,128,31689.125,2560,0,0,1
prime_pow_each,q127_e127_alternating_n16,existing,27,128,30539.383,2560,0,0,1
prime_pow_each,q127_e127_alternating_n16,existing,28,128,30701.172,2560,0,0,1
prime_pow_each,q127_e127_alternating_n16,existing,29,128,30792.969,2560,0,0,1
prime_pow_each,q127_e127_alternating_n16,existing,30,128,30981.117,2560,0,0,1
prime_pow_each,q127_e127_alternating_n16,existing,31,128,30876.625,2560,0,0,1
prime_canonical_decode_into,q127_n16,existing,0,32768,91.522,1536,0,0,1
prime_canonical_decode_into,q127_n16,existing,1,32768,94.981,1536,0,0,1
prime_canonical_decode_into,q127_n16,existing,2,32768,90.555,1536,0,0,1
prime_canonical_decode_into,q127_n16,existing,3,32768,90.460,1536,0,0,1
prime_canonical_decode_into,q127_n16,existing,4,32768,94.238,1536,0,0,1
prime_canonical_decode_into,q127_n16,existing,5,32768,91.493,1536,0,0,1
prime_canonical_decode_into,q127_n16,existing,6,32768,98.230,1536,0,0,1
prime_canonical_decode_into,q127_n16,existing,7,32768,92.125,1536,0,0,1
prime_canonical_decode_into,q127_n16,existing,8,32768,92.799,1536,0,0,1
prime_canonical_decode_into,q127_n16,existing,9,32768,94.121,1536,0,0,1
prime_canonical_decode_into,q127_n16,existing,10,32768,92.809,1536,0,0,1
prime_canonical_decode_into,q127_n16,existing,11,32768,96.422,1536,0,0,1
prime_canonical_decode_into,q127_n16,existing,12,32768,94.711,1536,0,0,1
prime_canonical_decode_into,q127_n16,existing,13,32768,93.409,1536,0,0,1
prime_canonical_decode_into,q127_n16,existing,14,32768,95.498,1536,0,0,1
prime_canonical_decode_into,q127_n16,existing,15,32768,94.413,1536,0,0,1
prime_canonical_decode_into,q127_n16,existing,16,32768,92.929,1536,0,0,1
prime_canonical_decode_into,q127_n16,existing,17,32768,93.512,1536,0,0,1
prime_canonical_decode_into,q127_n16,existing,18,32768,93.040,1536,0,0,1
prime_canonical_decode_into,q127_n16,existing,19,32768,93.722,1536,0,0,1
prime_canonical_decode_into,q127_n16,existing,20,32768,95.088,1536,0,0,1
prime_canonical_decode_into,q127_n16,existing,21,32768,91.343,1536,0,0,1
prime_canonical_decode_into,q127_n16,existing,22,32768,95.445,1536,0,0,1
prime_canonical_decode_into,q127_n16,existing,23,32768,90.675,1536,0,0,1
prime_canonical_decode_into,q127_n16,existing,24,32768,93.436,1536,0,0,1
prime_canonical_decode_into,q127_n16,existing,25,32768,93.714,1536,0,0,1
prime_canonical_decode_into,q127_n16,existing,26,32768,91.813,1536,0,0,1
prime_canonical_decode_into,q127_n16,existing,27,32768,91.605,1536,0,0,1
prime_canonical_decode_into,q127_n16,existing,28,32768,94.840,1536,0,0,1
prime_canonical_decode_into,q127_n16,existing,29,32768,90.755,1536,0,0,1
prime_canonical_decode_into,q127_n16,existing,30,32768,90.605,1536,0,0,1
prime_canonical_decode_into,q127_n16,existing,31,32768,93.928,1536,0,0,1
prime_canonical_encode_into,q127_n16,existing,0,131072,34.459,1536,0,0,1
prime_canonical_encode_into,q127_n16,existing,1,131072,34.408,1536,0,0,1
prime_canonical_encode_into,q127_n16,existing,2,131072,35.465,1536,0,0,1
prime_canonical_encode_into,q127_n16,existing,3,131072,33.568,1536,0,0,1
prime_canonical_encode_into,q127_n16,existing,4,131072,34.499,1536,0,0,1
prime_canonical_encode_into,q127_n16,existing,5,131072,34.339,1536,0,0,1
prime_canonical_encode_into,q127_n16,existing,6,131072,35.282,1536,0,0,1
prime_canonical_encode_into,q127_n16,existing,7,131072,34.384,1536,0,0,1
prime_canonical_encode_into,q127_n16,existing,8,131072,34.546,1536,0,0,1
prime_canonical_encode_into,q127_n16,existing,9,131072,33.829,1536,0,0,1
prime_canonical_encode_into,q127_n16,existing,10,131072,34.548,1536,0,0,1
prime_canonical_encode_into,q127_n16,existing,11,131072,34.155,1536,0,0,1
prime_canonical_encode_into,q127_n16,existing,12,131072,34.289,1536,0,0,1
prime_canonical_encode_into,q127_n16,existing,13,131072,35.056,1536,0,0,1
prime_canonical_encode_into,q127_n16,existing,14,131072,33.761,1536,0,0,1
prime_canonical_encode_into,q127_n16,existing,15,131072,34.442,1536,0,0,1
prime_canonical_encode_into,q127_n16,existing,16,131072,33.797,1536,0,0,1
prime_canonical_encode_into,q127_n16,existing,17,131072,35.107,1536,0,0,1
prime_canonical_encode_into,q127_n16,existing,18,131072,34.226,1536,0,0,1
prime_canonical_encode_into,q127_n16,existing,19,131072,34.420,1536,0,0,1
prime_canonical_encode_into,q127_n16,existing,20,131072,33.744,1536,0,0,1
prime_canonical_encode_into,q127_n16,existing,21,131072,34.591,1536,0,0,1
prime_canonical_encode_into,q127_n16,existing,22,131072,33.769,1536,0,0,1
prime_canonical_encode_into,q127_n16,existing,23,131072,34.887,1536,0,0,1
prime_canonical_encode_into,q127_n16,existing,24,131072,34.295,1536,0,0,1
prime_canonical_encode_into,q127_n16,existing,25,131072,34.176,1536,0,0,1
prime_canonical_encode_into,q127_n16,existing,26,131072,34.116,1536,0,0,1
prime_canonical_encode_into,q127_n16,existing,27,131072,34.009,1536,0,0,1
prime_canonical_encode_into,q127_n16,existing,28,131072,35.245,1536,0,0,1
prime_canonical_encode_into,q127_n16,existing,29,131072,33.626,1536,0,0,1
prime_canonical_encode_into,q127_n16,existing,30,131072,34.426,1536,0,0,1
prime_canonical_encode_into,q127_n16,existing,31,131072,33.937,1536,0,0,1
prime_inverse_each,q127_n1024,existing,0,4,871166.750,163840,0,0,1
prime_inverse_each,q127_n1024,existing,1,4,880239.500,163840,0,0,1
prime_inverse_each,q127_n1024,existing,2,4,871375.000,163840,0,0,1
prime_inverse_each,q127_n1024,existing,3,4,891739.500,163840,0,0,1
prime_inverse_each,q127_n1024,existing,4,4,858750.000,163840,0,0,1
prime_inverse_each,q127_n1024,existing,5,4,858531.250,163840,0,0,1
prime_inverse_each,q127_n1024,existing,6,4,867677.000,163840,0,0,1
prime_inverse_each,q127_n1024,existing,7,4,865677.250,163840,0,0,1
prime_inverse_each,q127_n1024,existing,8,4,874843.750,163840,0,0,1
prime_inverse_each,q127_n1024,existing,9,4,884000.000,163840,0,0,1
prime_inverse_each,q127_n1024,existing,10,4,871916.750,163840,0,0,1
prime_inverse_each,q127_n1024,existing,11,4,864760.500,163840,0,0,1
prime_inverse_each,q127_n1024,existing,12,4,894333.250,163840,0,0,1
prime_inverse_each,q127_n1024,existing,13,4,878760.500,163840,0,0,1
prime_inverse_each,q127_n1024,existing,14,4,865031.250,163840,0,0,1
prime_inverse_each,q127_n1024,existing,15,4,896052.000,163840,0,0,1
prime_inverse_each,q127_n1024,existing,16,4,879114.500,163840,0,0,1
prime_inverse_each,q127_n1024,existing,17,4,876250.000,163840,0,0,1
prime_inverse_each,q127_n1024,existing,18,4,866447.750,163840,0,0,1
prime_inverse_each,q127_n1024,existing,19,4,861271.000,163840,0,0,1
prime_inverse_each,q127_n1024,existing,20,4,886010.250,163840,0,0,1
prime_inverse_each,q127_n1024,existing,21,4,877083.250,163840,0,0,1
prime_inverse_each,q127_n1024,existing,22,4,868322.750,163840,0,0,1
prime_inverse_each,q127_n1024,existing,23,4,885343.750,163840,0,0,1
prime_inverse_each,q127_n1024,existing,24,4,861552.000,163840,0,0,1
prime_inverse_each,q127_n1024,existing,25,4,907448.000,163840,0,0,1
prime_inverse_each,q127_n1024,existing,26,4,871052.000,163840,0,0,1
prime_inverse_each,q127_n1024,existing,27,4,883583.250,163840,0,0,1
prime_inverse_each,q127_n1024,existing,28,4,860104.250,163840,0,0,1
prime_inverse_each,q127_n1024,existing,29,4,861375.000,163840,0,0,1
prime_inverse_each,q127_n1024,existing,30,4,861687.500,163840,0,0,1
prime_inverse_each,q127_n1024,existing,31,4,872041.750,163840,0,0,1
prime_pow_each,q127_e17_sparse_n1024,existing,0,8,428119.750,163840,0,0,1
prime_pow_each,q127_e17_sparse_n1024,existing,1,8,428515.625,163840,0,0,1
prime_pow_each,q127_e17_sparse_n1024,existing,2,8,432724.000,163840,0,0,1
prime_pow_each,q127_e17_sparse_n1024,existing,3,8,448088.500,163840,0,0,1
prime_pow_each,q127_e17_sparse_n1024,existing,4,8,436640.625,163840,0,0,1
prime_pow_each,q127_e17_sparse_n1024,existing,5,8,426906.250,163840,0,0,1
prime_pow_each,q127_e17_sparse_n1024,existing,6,8,425541.750,163840,0,0,1
prime_pow_each,q127_e17_sparse_n1024,existing,7,8,433640.625,163840,0,0,1
prime_pow_each,q127_e17_sparse_n1024,existing,8,8,425473.875,163840,0,0,1
prime_pow_each,q127_e17_sparse_n1024,existing,9,8,428708.375,163840,0,0,1
prime_pow_each,q127_e17_sparse_n1024,existing,10,8,433281.250,163840,0,0,1
prime_pow_each,q127_e17_sparse_n1024,existing,11,8,423286.375,163840,0,0,1
prime_pow_each,q127_e17_sparse_n1024,existing,12,8,425817.625,163840,0,0,1
prime_pow_each,q127_e17_sparse_n1024,existing,13,8,444843.750,163840,0,0,1
prime_pow_each,q127_e17_sparse_n1024,existing,14,8,430177.000,163840,0,0,1
prime_pow_each,q127_e17_sparse_n1024,existing,15,8,431979.125,163840,0,0,1
prime_pow_each,q127_e17_sparse_n1024,existing,16,8,434723.875,163840,0,0,1
prime_pow_each,q127_e17_sparse_n1024,existing,17,8,434031.250,163840,0,0,1
prime_pow_each,q127_e17_sparse_n1024,existing,18,8,431968.750,163840,0,0,1
prime_pow_each,q127_e17_sparse_n1024,existing,19,8,439791.750,163840,0,0,1
prime_pow_each,q127_e17_sparse_n1024,existing,20,8,427067.750,163840,0,0,1
prime_pow_each,q127_e17_sparse_n1024,existing,21,8,429572.875,163840,0,0,1
prime_pow_each,q127_e17_sparse_n1024,existing,22,8,435614.625,163840,0,0,1
prime_pow_each,q127_e17_sparse_n1024,existing,23,8,429473.875,163840,0,0,1
prime_pow_each,q127_e17_sparse_n1024,existing,24,8,435718.750,163840,0,0,1
prime_pow_each,q127_e17_sparse_n1024,existing,25,8,423260.500,163840,0,0,1
prime_pow_each,q127_e17_sparse_n1024,existing,26,8,425583.375,163840,0,0,1
prime_pow_each,q127_e17_sparse_n1024,existing,27,8,436364.500,163840,0,0,1
prime_pow_each,q127_e17_sparse_n1024,existing,28,8,433968.750,163840,0,0,1
prime_pow_each,q127_e17_sparse_n1024,existing,29,8,438796.875,163840,0,0,1
prime_pow_each,q127_e17_sparse_n1024,existing,30,8,430447.875,163840,0,0,1
prime_pow_each,q127_e17_sparse_n1024,existing,31,8,430328.125,163840,0,0,1
prime_pow_each,q127_e127_alternating_n1024,existing,0,2,1947958.500,163840,0,0,1
prime_pow_each,q127_e127_alternating_n1024,existing,1,2,2064750.000,163840,0,0,1
prime_pow_each,q127_e127_alternating_n1024,existing,2,2,1991583.500,163840,0,0,1
prime_pow_each,q127_e127_alternating_n1024,existing,3,2,2022229.500,163840,0,0,1
prime_pow_each,q127_e127_alternating_n1024,existing,4,2,1968250.000,163840,0,0,1
prime_pow_each,q127_e127_alternating_n1024,existing,5,2,1998625.000,163840,0,0,1
prime_pow_each,q127_e127_alternating_n1024,existing,6,2,1961417.000,163840,0,0,1
prime_pow_each,q127_e127_alternating_n1024,existing,7,2,2008937.500,163840,0,0,1
prime_pow_each,q127_e127_alternating_n1024,existing,8,2,1956625.000,163840,0,0,1
prime_pow_each,q127_e127_alternating_n1024,existing,9,2,2024521.000,163840,0,0,1
prime_pow_each,q127_e127_alternating_n1024,existing,10,2,1949625.000,163840,0,0,1
prime_pow_each,q127_e127_alternating_n1024,existing,11,2,1995708.000,163840,0,0,1
prime_pow_each,q127_e127_alternating_n1024,existing,12,2,1962604.000,163840,0,0,1
prime_pow_each,q127_e127_alternating_n1024,existing,13,2,2037604.000,163840,0,0,1
prime_pow_each,q127_e127_alternating_n1024,existing,14,2,1951104.000,163840,0,0,1
prime_pow_each,q127_e127_alternating_n1024,existing,15,2,1950958.500,163840,0,0,1
prime_pow_each,q127_e127_alternating_n1024,existing,16,2,1999875.000,163840,0,0,1
prime_pow_each,q127_e127_alternating_n1024,existing,17,2,1983166.500,163840,0,0,1
prime_pow_each,q127_e127_alternating_n1024,existing,18,2,1964625.000,163840,0,0,1
prime_pow_each,q127_e127_alternating_n1024,existing,19,2,1975645.500,163840,0,0,1
prime_pow_each,q127_e127_alternating_n1024,existing,20,2,2011333.500,163840,0,0,1
prime_pow_each,q127_e127_alternating_n1024,existing,21,2,1973979.500,163840,0,0,1
prime_pow_each,q127_e127_alternating_n1024,existing,22,2,2736104.500,163840,0,0,1
prime_pow_each,q127_e127_alternating_n1024,existing,23,2,3965812.500,163840,0,0,1
prime_pow_each,q127_e127_alternating_n1024,existing,24,2,5588021.000,163840,0,0,1
prime_pow_each,q127_e127_alternating_n1024,existing,25,2,5803208.000,163840,0,0,1
prime_pow_each,q127_e127_alternating_n1024,existing,26,2,6070125.000,163840,0,0,1
prime_pow_each,q127_e127_alternating_n1024,existing,27,2,2176708.500,163840,0,0,1
prime_pow_each,q127_e127_alternating_n1024,existing,28,2,1991167.000,163840,0,0,1
prime_pow_each,q127_e127_alternating_n1024,existing,29,2,2004687.500,163840,0,0,1
prime_pow_each,q127_e127_alternating_n1024,existing,30,2,1998958.000,163840,0,0,1
prime_pow_each,q127_e127_alternating_n1024,existing,31,2,2011667.000,163840,0,0,1
prime_canonical_decode_into,q127_n1024,existing,0,1024,5261.230,98304,0,0,1
prime_canonical_decode_into,q127_n1024,existing,1,1024,5162.190,98304,0,0,1
prime_canonical_decode_into,q127_n1024,existing,2,1024,5253.174,98304,0,0,1
prime_canonical_decode_into,q127_n1024,existing,3,1024,5113.729,98304,0,0,1
prime_canonical_decode_into,q127_n1024,existing,4,1024,5205.606,98304,0,0,1
prime_canonical_decode_into,q127_n1024,existing,5,1024,5126.872,98304,0,0,1
prime_canonical_decode_into,q127_n1024,existing,6,1024,5232.747,98304,0,0,1
prime_canonical_decode_into,q127_n1024,existing,7,1024,5166.626,98304,0,0,1
prime_canonical_decode_into,q127_n1024,existing,8,1024,5198.405,98304,0,0,1
prime_canonical_decode_into,q127_n1024,existing,9,1024,5152.954,98304,0,0,1
prime_canonical_decode_into,q127_n1024,existing,10,1024,5249.146,98304,0,0,1
prime_canonical_decode_into,q127_n1024,existing,11,1024,5206.462,98304,0,0,1
prime_canonical_decode_into,q127_n1024,existing,12,1024,5141.846,98304,0,0,1
prime_canonical_decode_into,q127_n1024,existing,13,1024,5420.207,98304,0,0,1
prime_canonical_decode_into,q127_n1024,existing,14,1024,5204.834,98304,0,0,1
prime_canonical_decode_into,q127_n1024,existing,15,1024,5156.819,98304,0,0,1
prime_canonical_decode_into,q127_n1024,existing,16,1024,5248.332,98304,0,0,1
prime_canonical_decode_into,q127_n1024,existing,17,1024,5262.533,98304,0,0,1
prime_canonical_decode_into,q127_n1024,existing,18,1024,5120.401,98304,0,0,1
prime_canonical_decode_into,q127_n1024,existing,19,1024,5179.484,98304,0,0,1
prime_canonical_decode_into,q127_n1024,existing,20,1024,5178.589,98304,0,0,1
prime_canonical_decode_into,q127_n1024,existing,21,1024,5140.625,98304,0,0,1
prime_canonical_decode_into,q127_n1024,existing,22,1024,5269.409,98304,0,0,1
prime_canonical_decode_into,q127_n1024,existing,23,1024,5165.405,98304,0,0,1
prime_canonical_decode_into,q127_n1024,existing,24,1024,5221.191,98304,0,0,1
prime_canonical_decode_into,q127_n1024,existing,25,1024,5120.239,98304,0,0,1
prime_canonical_decode_into,q127_n1024,existing,26,1024,5169.841,98304,0,0,1
prime_canonical_decode_into,q127_n1024,existing,27,1024,5245.891,98304,0,0,1
prime_canonical_decode_into,q127_n1024,existing,28,1024,5229.736,98304,0,0,1
prime_canonical_decode_into,q127_n1024,existing,29,1024,5159.058,98304,0,0,1
prime_canonical_decode_into,q127_n1024,existing,30,1024,5247.966,98304,0,0,1
prime_canonical_decode_into,q127_n1024,existing,31,1024,5108.683,98304,0,0,1
prime_canonical_encode_into,q127_n1024,existing,0,2048,2102.560,98304,0,0,1
prime_canonical_encode_into,q127_n1024,existing,1,2048,2123.230,98304,0,0,1
prime_canonical_encode_into,q127_n1024,existing,2,2048,2094.951,98304,0,0,1
prime_canonical_encode_into,q127_n1024,existing,3,2048,2160.970,98304,0,0,1
prime_canonical_encode_into,q127_n1024,existing,4,2048,2081.482,98304,0,0,1
prime_canonical_encode_into,q127_n1024,existing,5,2048,2103.048,98304,0,0,1
prime_canonical_encode_into,q127_n1024,existing,6,2048,2078.552,98304,0,0,1
prime_canonical_encode_into,q127_n1024,existing,7,2048,2085.246,98304,0,0,1
prime_canonical_encode_into,q127_n1024,existing,8,2048,2097.656,98304,0,0,1
prime_canonical_encode_into,q127_n1024,existing,9,2048,2114.461,98304,0,0,1
prime_canonical_encode_into,q127_n1024,existing,10,2048,2189.392,98304,0,0,1
prime_canonical_encode_into,q127_n1024,existing,11,2048,2137.675,98304,0,0,1
prime_canonical_encode_into,q127_n1024,existing,12,2048,2093.242,98304,0,0,1
prime_canonical_encode_into,q127_n1024,existing,13,2048,2129.578,98304,0,0,1
prime_canonical_encode_into,q127_n1024,existing,14,2048,2078.613,98304,0,0,1
prime_canonical_encode_into,q127_n1024,existing,15,2048,2121.317,98304,0,0,1
prime_canonical_encode_into,q127_n1024,existing,16,2048,2089.254,98304,0,0,1
prime_canonical_encode_into,q127_n1024,existing,17,2048,2143.575,98304,0,0,1
prime_canonical_encode_into,q127_n1024,existing,18,2048,2101.685,98304,0,0,1
prime_canonical_encode_into,q127_n1024,existing,19,2048,2089.458,98304,0,0,1
prime_canonical_encode_into,q127_n1024,existing,20,2048,2110.372,98304,0,0,1
prime_canonical_encode_into,q127_n1024,existing,21,2048,2124.552,98304,0,0,1
prime_canonical_encode_into,q127_n1024,existing,22,2048,2159.627,98304,0,0,1
prime_canonical_encode_into,q127_n1024,existing,23,2048,2081.767,98304,0,0,1
prime_canonical_encode_into,q127_n1024,existing,24,2048,2072.449,98304,0,0,1
prime_canonical_encode_into,q127_n1024,existing,25,2048,2097.900,98304,0,0,1
prime_canonical_encode_into,q127_n1024,existing,26,2048,2145.223,98304,0,0,1
prime_canonical_encode_into,q127_n1024,existing,27,2048,2088.399,98304,0,0,1
prime_canonical_encode_into,q127_n1024,existing,28,2048,2174.744,98304,0,0,1
prime_canonical_encode_into,q127_n1024,existing,29,2048,2088.013,98304,0,0,1
prime_canonical_encode_into,q127_n1024,existing,30,2048,2102.010,98304,0,0,1
prime_canonical_encode_into,q127_n1024,existing,31,2048,2073.629,98304,0,0,1
