family,size,variant,rep,iterations,ns,bytes,allocations,allocated_bytes,correctness
products,16,shared_unroll8,0,262144,17.534,768,0,0,1
products,16,karatsuba_barrett,0,262144,28.681,768,0,0,1
products,16,scalar_lanes,0,262144,16.227,768,0,0,1
products,16,shared,0,262144,16.579,768,0,0,1
products,16,flock,0,262144,16.336,768,0,0,1
products,16,shared_unroll2,0,262144,17.199,768,0,0,1
products,16,schoolbook,0,262144,43.381,768,0,0,1
products,16,karatsuba,0,262144,50.377,768,0,0,1
products,16,shared_unroll4,0,262144,17.215,768,0,0,1
products,16,shared_unroll8,1,262144,17.498,768,0,0,1
products,16,shared_unroll2,1,262144,17.121,768,0,0,1
products,16,shared,1,262144,16.546,768,0,0,1
products,16,schoolbook,1,262144,43.339,768,0,0,1
products,16,karatsuba_barrett,1,262144,28.735,768,0,0,1
products,16,flock,1,262144,16.200,768,0,0,1
products,16,scalar_lanes,1,262144,16.261,768,0,0,1
products,16,karatsuba,1,262144,50.910,768,0,0,1
products,16,shared_unroll4,1,262144,17.347,768,0,0,1
products,16,flock,2,262144,16.254,768,0,0,1
products,16,karatsuba_barrett,2,262144,28.783,768,0,0,1
products,16,scalar_lanes,2,262144,16.226,768,0,0,1
products,16,karatsuba,2,262144,50.918,768,0,0,1
products,16,shared_unroll4,2,262144,17.315,768,0,0,1
products,16,shared_unroll2,2,262144,17.019,768,0,0,1
products,16,shared_unroll8,2,262144,17.498,768,0,0,1
products,16,shared,2,262144,16.511,768,0,0,1
products,16,schoolbook,2,262144,43.256,768,0,0,1
products,16,scalar_lanes,3,262144,16.219,768,0,0,1
products,16,flock,3,262144,16.142,768,0,0,1
products,16,karatsuba_barrett,3,262144,28.680,768,0,0,1
products,16,shared_unroll8,3,262144,17.472,768,0,0,1
products,16,karatsuba,3,262144,50.560,768,0,0,1
products,16,shared_unroll2,3,262144,16.957,768,0,0,1
products,16,shared,3,262144,16.472,768,0,0,1
products,16,schoolbook,3,262144,43.224,768,0,0,1
products,16,shared_unroll4,3,262144,17.329,768,0,0,1
products,16,shared,4,262144,16.516,768,0,0,1
products,16,schoolbook,4,262144,43.180,768,0,0,1
products,16,shared_unroll2,4,262144,17.114,768,0,0,1
products,16,karatsuba_barrett,4,262144,28.642,768,0,0,1
products,16,flock,4,262144,16.205,768,0,0,1
products,16,scalar_lanes,4,262144,16.228,768,0,0,1
products,16,shared_unroll4,4,262144,17.329,768,0,0,1
products,16,shared_unroll8,4,262144,17.471,768,0,0,1
products,16,karatsuba,4,262144,50.770,768,0,0,1
products,16,flock,5,262144,16.211,768,0,0,1
products,16,shared_unroll8,5,262144,17.485,768,0,0,1
products,16,karatsuba,5,262144,50.763,768,0,0,1
products,16,scalar_lanes,5,262144,16.247,768,0,0,1
products,16,schoolbook,5,262144,43.314,768,0,0,1
products,16,shared_unroll4,5,262144,17.117,768,0,0,1
products,16,shared_unroll2,5,262144,17.197,768,0,0,1
products,16,karatsuba_barrett,5,262144,28.709,768,0,0,1
products,16,shared,5,262144,16.573,768,0,0,1
products,16,scalar_lanes,6,262144,16.237,768,0,0,1
products,16,flock,6,262144,16.288,768,0,0,1
products,16,shared_unroll4,6,262144,17.320,768,0,0,1
products,16,karatsuba_barrett,6,262144,28.775,768,0,0,1
products,16,shared_unroll2,6,262144,17.057,768,0,0,1
products,16,shared,6,262144,16.588,768,0,0,1
products,16,schoolbook,6,262144,43.284,768,0,0,1
products,16,karatsuba,6,262144,50.910,768,0,0,1
products,16,shared_unroll8,6,262144,17.376,768,0,0,1
products,16,flock,7,262144,16.187,768,0,0,1
products,16,shared,7,262144,16.555,768,0,0,1
products,16,shared_unroll8,7,262144,17.158,768,0,0,1
products,16,karatsuba,7,262144,49.731,768,0,0,1
products,16,karatsuba_barrett,7,262144,28.261,768,0,0,1
products,16,schoolbook,7,262144,42.810,768,0,0,1
products,16,shared_unroll4,7,262144,17.158,768,0,0,1
products,16,shared_unroll2,7,262144,17.097,768,0,0,1
products,16,scalar_lanes,7,262144,16.243,768,0,0,1
products,16,shared,8,262144,16.597,768,0,0,1
products,16,flock,8,262144,16.252,768,0,0,1
products,16,scalar_lanes,8,262144,16.301,768,0,0,1
products,16,karatsuba,8,262144,50.840,768,0,0,1
products,16,schoolbook,8,262144,43.264,768,0,0,1
products,16,shared_unroll4,8,262144,17.260,768,0,0,1
products,16,karatsuba_barrett,8,262144,28.639,768,0,0,1
products,16,shared_unroll2,8,262144,17.030,768,0,0,1
products,16,shared_unroll8,8,262144,17.450,768,0,0,1
products,16,flock,9,262144,16.119,768,0,0,1
products,16,shared_unroll8,9,262144,17.390,768,0,0,1
products,16,shared_unroll4,9,262144,17.233,768,0,0,1
products,16,scalar_lanes,9,262144,16.135,768,0,0,1
products,16,schoolbook,9,262144,43.111,768,0,0,1
products,16,shared_unroll2,9,262144,17.066,768,0,0,1
products,16,karatsuba_barrett,9,262144,28.626,768,0,0,1
products,16,karatsuba,9,262144,50.702,768,0,0,1
products,16,shared,9,262144,16.511,768,0,0,1
products,16,shared_unroll8,10,262144,17.402,768,0,0,1
products,16,shared,10,262144,16.464,768,0,0,1
products,16,karatsuba_barrett,10,262144,28.675,768,0,0,1
products,16,scalar_lanes,10,262144,16.260,768,0,0,1
products,16,schoolbook,10,262144,43.164,768,0,0,1
products,16,flock,10,262144,16.871,768,0,0,1
products,16,karatsuba,10,262144,50.283,768,0,0,1
products,16,shared_unroll4,10,262144,16.913,768,0,0,1
products,16,shared_unroll2,10,262144,16.726,768,0,0,1
products,16,flock,11,262144,16.158,768,0,0,1
products,16,scalar_lanes,11,262144,16.160,768,0,0,1
products,16,shared_unroll8,11,262144,17.426,768,0,0,1
products,16,shared_unroll2,11,262144,16.995,768,0,0,1
products,16,schoolbook,11,262144,43.192,768,0,0,1
products,16,karatsuba,11,262144,50.032,768,0,0,1
products,16,karatsuba_barrett,11,262144,29.062,768,0,0,1
products,16,shared,11,262144,16.843,768,0,0,1
products,16,shared_unroll4,11,262144,18.583,768,0,0,1
products,16,shared_unroll8,12,262144,17.527,768,0,0,1
products,16,shared_unroll4,12,262144,17.316,768,0,0,1
products,16,flock,12,262144,16.295,768,0,0,1
products,16,karatsuba,12,262144,51.041,768,0,0,1
products,16,shared_unroll2,12,262144,17.112,768,0,0,1
products,16,schoolbook,12,262144,43.014,768,0,0,1
products,16,shared,12,262144,16.268,768,0,0,1
products,16,scalar_lanes,12,262144,16.240,768,0,0,1
products,16,karatsuba_barrett,12,262144,28.739,768,0,0,1
products,16,scalar_lanes,13,262144,16.198,768,0,0,1
products,16,flock,13,262144,16.359,768,0,0,1
products,16,shared_unroll8,13,262144,17.550,768,0,0,1
products,16,shared_unroll4,13,262144,17.272,768,0,0,1
products,16,schoolbook,13,262144,43.434,768,0,0,1
products,16,karatsuba,13,262144,51.064,768,0,0,1
products,16,shared,13,262144,16.628,768,0,0,1
products,16,shared_unroll2,13,262144,17.077,768,0,0,1
products,16,karatsuba_barrett,13,262144,28.885,768,0,0,1
products,16,karatsuba_barrett,14,262144,28.824,768,0,0,1
products,16,schoolbook,14,262144,43.319,768,0,0,1
products,16,shared,14,262144,16.613,768,0,0,1
products,16,shared_unroll8,14,262144,17.476,768,0,0,1
products,16,shared_unroll4,14,262144,17.383,768,0,0,1
products,16,karatsuba,14,262144,50.917,768,0,0,1
products,16,flock,14,262144,16.275,768,0,0,1
products,16,shared_unroll2,14,262144,17.048,768,0,0,1
products,16,scalar_lanes,14,262144,16.220,768,0,0,1
products,16,shared_unroll2,15,262144,17.218,768,0,0,1
products,16,flock,15,262144,16.300,768,0,0,1
products,16,shared,15,262144,16.513,768,0,0,1
products,16,karatsuba,15,262144,50.780,768,0,0,1
products,16,shared_unroll8,15,262144,17.434,768,0,0,1
products,16,schoolbook,15,262144,43.223,768,0,0,1
products,16,karatsuba_barrett,15,262144,28.518,768,0,0,1
products,16,shared_unroll4,15,262144,17.254,768,0,0,1
products,16,scalar_lanes,15,262144,16.154,768,0,0,1
products,16,shared,16,262144,16.453,768,0,0,1
products,16,schoolbook,16,262144,43.074,768,0,0,1
products,16,scalar_lanes,16,262144,16.124,768,0,0,1
products,16,karatsuba_barrett,16,262144,28.424,768,0,0,1
products,16,shared_unroll8,16,262144,17.450,768,0,0,1
products,16,shared_unroll2,16,262144,16.997,768,0,0,1
products,16,flock,16,262144,16.134,768,0,0,1
products,16,karatsuba,16,262144,50.721,768,0,0,1
products,16,shared_unroll4,16,262144,17.338,768,0,0,1
products,16,schoolbook,17,262144,43.336,768,0,0,1
products,16,shared_unroll4,17,262144,17.374,768,0,0,1
products,16,karatsuba_barrett,17,262144,28.673,768,0,0,1
products,16,scalar_lanes,17,262144,16.174,768,0,0,1
products,16,flock,17,262144,16.168,768,0,0,1
products,16,shared_unroll2,17,262144,17.159,768,0,0,1
products,16,shared,17,262144,16.560,768,0,0,1
products,16,shared_unroll8,17,262144,17.885,768,0,0,1
products,16,karatsuba,17,262144,52.126,768,0,0,1
products,16,scalar_lanes,18,262144,16.588,768,0,0,1
products,16,flock,18,262144,16.663,768,0,0,1
products,16,shared,18,262144,16.796,768,0,0,1
products,16,shared_unroll8,18,262144,17.838,768,0,0,1
products,16,karatsuba_barrett,18,262144,29.270,768,0,0,1
products,16,schoolbook,18,262144,44.208,768,0,0,1
products,16,karatsuba,18,262144,52.112,768,0,0,1
products,16,shared_unroll2,18,262144,17.559,768,0,0,1
products,16,shared_unroll4,18,262144,17.833,768,0,0,1
products,16,shared_unroll4,19,262144,17.702,768,0,0,1
products,16,scalar_lanes,19,262144,16.517,768,0,0,1
products,16,karatsuba_barrett,19,262144,29.255,768,0,0,1
products,16,karatsuba,19,262144,51.317,768,0,0,1
products,16,shared_unroll8,19,262144,17.550,768,0,0,1
products,16,shared_unroll2,19,262144,17.033,768,0,0,1
products,16,shared,19,262144,16.649,768,0,0,1
products,16,flock,19,262144,16.397,768,0,0,1
products,16,schoolbook,19,262144,43.328,768,0,0,1
products,16,schoolbook,20,262144,43.308,768,0,0,1
products,16,flock,20,262144,16.211,768,0,0,1
products,16,shared_unroll2,20,262144,17.481,768,0,0,1
products,16,scalar_lanes,20,262144,16.440,768,0,0,1
products,16,shared,20,262144,16.759,768,0,0,1
products,16,karatsuba,20,262144,51.759,768,0,0,1
products,16,karatsuba_barrett,20,262144,29.150,768,0,0,1
products,16,shared_unroll4,20,262144,17.660,768,0,0,1
products,16,shared_unroll8,20,262144,17.815,768,0,0,1
products,16,karatsuba,21,262144,51.606,768,0,0,1
products,16,scalar_lanes,21,262144,16.383,768,0,0,1
products,16,karatsuba_barrett,21,262144,28.839,768,0,0,1
products,16,shared_unroll8,21,262144,17.639,768,0,0,1
products,16,flock,21,262144,16.470,768,0,0,1
products,16,shared_unroll4,21,262144,17.486,768,0,0,1
products,16,shared,21,262144,16.800,768,0,0,1
products,16,shared_unroll2,21,262144,17.524,768,0,0,1
products,16,schoolbook,21,262144,43.798,768,0,0,1
products,16,karatsuba,22,262144,51.686,768,0,0,1
products,16,shared_unroll8,22,262144,17.860,768,0,0,1
products,16,shared_unroll4,22,262144,17.534,768,0,0,1
products,16,flock,22,262144,16.653,768,0,0,1
products,16,shared_unroll2,22,262144,17.414,768,0,0,1
products,16,schoolbook,22,262144,43.212,768,0,0,1
products,16,scalar_lanes,22,262144,16.289,768,0,0,1
products,16,shared,22,262144,16.708,768,0,0,1
products,16,karatsuba_barrett,22,262144,28.841,768,0,0,1
products,16,karatsuba_barrett,23,262144,28.926,768,0,0,1
products,16,shared_unroll8,23,262144,17.584,768,0,0,1
products,16,shared_unroll2,23,262144,17.167,768,0,0,1
products,16,shared_unroll4,23,262144,17.347,768,0,0,1
products,16,schoolbook,23,262144,43.431,768,0,0,1
products,16,shared,23,262144,16.688,768,0,0,1
products,16,karatsuba,23,262144,50.894,768,0,0,1
products,16,scalar_lanes,23,262144,16.253,768,0,0,1
products,16,flock,23,262144,16.327,768,0,0,1
products,16,shared_unroll2,24,262144,17.196,768,0,0,1
products,16,shared,24,262144,16.548,768,0,0,1
products,16,karatsuba_barrett,24,262144,28.855,768,0,0,1
products,16,scalar_lanes,24,262144,16.209,768,0,0,1
products,16,flock,24,262144,16.197,768,0,0,1
products,16,shared_unroll8,24,262144,17.474,768,0,0,1
products,16,shared_unroll4,24,262144,17.324,768,0,0,1
products,16,schoolbook,24,262144,43.171,768,0,0,1
products,16,karatsuba,24,262144,50.821,768,0,0,1
products,16,shared,25,262144,16.546,768,0,0,1
products,16,schoolbook,25,262144,43.309,768,0,0,1
products,16,karatsuba,25,262144,50.815,768,0,0,1
products,16,shared_unroll8,25,262144,17.519,768,0,0,1
products,16,shared_unroll4,25,262144,17.319,768,0,0,1
products,16,shared_unroll2,25,262144,17.045,768,0,0,1
products,16,flock,25,262144,16.300,768,0,0,1
products,16,scalar_lanes,25,262144,16.206,768,0,0,1
products,16,karatsuba_barrett,25,262144,28.657,768,0,0,1
products,16,karatsuba,26,262144,50.813,768,0,0,1
products,16,shared_unroll2,26,262144,17.076,768,0,0,1
products,16,shared_unroll4,26,262144,17.267,768,0,0,1
products,16,karatsuba_barrett,26,262144,28.760,768,0,0,1
products,16,scalar_lanes,26,262144,16.273,768,0,0,1
products,16,flock,26,262144,16.169,768,0,0,1
products,16,schoolbook,26,262144,43.348,768,0,0,1
products,16,shared,26,262144,16.540,768,0,0,1
products,16,shared_unroll8,26,262144,17.519,768,0,0,1
products,16,shared_unroll8,27,262144,17.488,768,0,0,1
products,16,scalar_lanes,27,262144,16.287,768,0,0,1
products,16,shared_unroll4,27,262144,17.337,768,0,0,1
products,16,shared,27,262144,16.568,768,0,0,1
products,16,flock,27,262144,16.258,768,0,0,1
products,16,karatsuba_barrett,27,262144,29.046,768,0,0,1
products,16,karatsuba,27,262144,51.132,768,0,0,1
products,16,schoolbook,27,262144,43.501,768,0,0,1
products,16,shared_unroll2,27,262144,17.260,768,0,0,1
products,16,scalar_lanes,28,262144,16.238,768,0,0,1
products,16,shared_unroll8,28,262144,17.577,768,0,0,1
products,16,flock,28,262144,16.258,768,0,0,1
products,16,shared_unroll4,28,262144,17.353,768,0,0,1
products,16,shared_unroll2,28,262144,17.109,768,0,0,1
products,16,schoolbook,28,262144,43.272,768,0,0,1
products,16,shared,28,262144,16.483,768,0,0,1
products,16,karatsuba_barrett,28,262144,28.718,768,0,0,1
products,16,karatsuba,28,262144,51.356,768,0,0,1
products,16,flock,29,262144,15.957,768,0,0,1
products,16,karatsuba,29,262144,50.516,768,0,0,1
products,16,karatsuba_barrett,29,262144,28.462,768,0,0,1
products,16,shared_unroll2,29,262144,17.117,768,0,0,1
products,16,scalar_lanes,29,262144,16.233,768,0,0,1
products,16,schoolbook,29,262144,43.284,768,0,0,1
products,16,shared_unroll4,29,262144,17.367,768,0,0,1
products,16,shared,29,262144,16.537,768,0,0,1
products,16,shared_unroll8,29,262144,17.535,768,0,0,1
products,16,schoolbook,30,262144,43.319,768,0,0,1
products,16,karatsuba,30,262144,50.754,768,0,0,1
products,16,shared,30,262144,16.544,768,0,0,1
products,16,karatsuba_barrett,30,262144,29.000,768,0,0,1
products,16,shared_unroll8,30,262144,17.480,768,0,0,1
products,16,flock,30,262144,16.244,768,0,0,1
products,16,scalar_lanes,30,262144,16.267,768,0,0,1
products,16,shared_unroll4,30,262144,17.315,768,0,0,1
products,16,shared_unroll2,30,262144,17.124,768,0,0,1
products,16,shared,31,262144,16.618,768,0,0,1
products,16,shared_unroll2,31,262144,17.092,768,0,0,1
products,16,karatsuba,31,262144,50.736,768,0,0,1
products,16,shared_unroll8,31,262144,17.540,768,0,0,1
products,16,scalar_lanes,31,262144,16.246,768,0,0,1
products,16,shared_unroll4,31,262144,17.264,768,0,0,1
products,16,schoolbook,31,262144,43.236,768,0,0,1
products,16,flock,31,262144,16.267,768,0,0,1
products,16,karatsuba_barrett,31,262144,28.677,768,0,0,1
products,1024,shared_unroll4,0,4096,915.721,49152,0,0,1
products,1024,shared_unroll8,0,4096,916.240,49152,0,0,1
products,1024,karatsuba,0,4096,3076.630,49152,0,0,1
products,1024,shared,0,4096,913.513,49152,0,0,1
products,1024,scalar_lanes,0,4096,867.065,49152,0,0,1
products,1024,karatsuba_barrett,0,4096,1617.604,49152,0,0,1
products,1024,shared_unroll2,0,4096,921.051,49152,0,0,1
products,1024,flock,0,4096,866.587,49152,0,0,1
products,1024,schoolbook,0,4096,2623.891,49152,0,0,1
products,1024,karatsuba,1,4096,3068.715,49152,0,0,1
products,1024,scalar_lanes,1,4096,866.984,49152,0,0,1
products,1024,shared_unroll2,1,4096,918.681,49152,0,0,1
products,1024,shared_unroll4,1,4096,917.938,49152,0,0,1
products,1024,karatsuba_barrett,1,4096,1608.673,49152,0,0,1
products,1024,shared,1,4096,913.584,49152,0,0,1
products,1024,shared_unroll8,1,4096,915.009,49152,0,0,1
products,1024,flock,1,4096,862.091,49152,0,0,1
products,1024,schoolbook,1,4096,2626.790,49152,0,0,1
products,1024,karatsuba_barrett,2,4096,1610.728,49152,0,0,1
products,1024,karatsuba,2,4096,3061.666,49152,0,0,1
products,1024,schoolbook,2,4096,2616.567,49152,0,0,1
products,1024,shared_unroll4,2,4096,918.833,49152,0,0,1
products,1024,scalar_lanes,2,4096,862.528,49152,0,0,1
products,1024,shared_unroll8,2,4096,912.842,49152,0,0,1
products,1024,shared_unroll2,2,4096,911.580,49152,0,0,1
products,1024,shared,2,4096,924.947,49152,0,0,1
products,1024,flock,2,4096,908.356,49152,0,0,1
products,1024,shared_unroll2,3,4096,936.157,49152,0,0,1
products,1024,shared,3,4096,925.618,49152,0,0,1
products,1024,scalar_lanes,3,4096,914.205,49152,0,0,1
products,1024,karatsuba_barrett,3,4096,1592.824,49152,0,0,1
products,1024,schoolbook,3,4096,2589.305,49152,0,0,1
products,1024,flock,3,4096,853.475,49152,0,0,1
products,1024,karatsuba,3,4096,3032.908,49152,0,0,1
products,1024,shared_unroll4,3,4096,914.714,49152,0,0,1
products,1024,shared_unroll8,3,4096,921.366,49152,0,0,1
products,1024,karatsuba,4,4096,3085.948,49152,0,0,1
products,1024,shared,4,4096,921.885,49152,0,0,1
products,1024,shared_unroll8,4,4096,924.449,49152,0,0,1
products,1024,scalar_lanes,4,4096,866.709,49152,0,0,1
products,1024,karatsuba_barrett,4,4096,1629.069,49152,0,0,1
products,1024,shared_unroll2,4,4096,926.941,49152,0,0,1
products,1024,shared_unroll4,4,4096,917.877,49152,0,0,1
products,1024,schoolbook,4,4096,2631.063,49152,0,0,1
products,1024,flock,4,4096,865.275,49152,0,0,1
products,1024,karatsuba_barrett,5,4096,1611.074,49152,0,0,1
products,1024,schoolbook,5,4096,2630.819,49152,0,0,1
products,1024,shared,5,4096,914.581,49152,0,0,1
products,1024,shared_unroll4,5,4096,916.402,49152,0,0,1
products,1024,scalar_lanes,5,4096,861.603,49152,0,0,1
products,1024,shared_unroll2,5,4096,917.877,49152,0,0,1
products,1024,shared_unroll8,5,4096,919.149,49152,0,0,1
products,1024,flock,5,4096,862.834,49152,0,0,1
products,1024,karatsuba,5,4096,3086.894,49152,0,0,1
products,1024,shared_unroll8,6,4096,917.053,49152,0,0,1
products,1024,karatsuba,6,4096,3065.776,49152,0,0,1
products,1024,karatsuba_barrett,6,4096,1612.508,49152,0,0,1
products,1024,shared_unroll2,6,4096,920.186,49152,0,0,1
products,1024,schoolbook,6,4096,2623.179,49152,0,0,1
products,1024,scalar_lanes,6,4096,863.292,49152,0,0,1
products,1024,shared,6,4096,918.711,49152,0,0,1
products,1024,shared_unroll4,6,4096,914.297,49152,0,0,1
products,1024,flock,6,4096,863.444,49152,0,0,1
products,1024,shared_unroll2,7,4096,917.287,49152,0,0,1
products,1024,flock,7,4096,864.970,49152,0,0,1
products,1024,shared_unroll4,7,4096,916.504,49152,0,0,1
products,1024,karatsuba,7,4096,3071.238,49152,0,0,1
products,1024,shared,7,4096,914.917,49152,0,0,1
products,1024,scalar_lanes,7,4096,859.141,49152,0,0,1
products,1024,schoolbook,7,4096,2619.659,49152,0,0,1
products,1024,karatsuba_barrett,7,4096,1609.690,49152,0,0,1
products,1024,shared_unroll8,7,4096,917.501,49152,0,0,1
products,1024,karatsuba,8,4096,3065.419,49152,0,0,1
products,1024,karatsuba_barrett,8,4096,1626.363,49152,0,0,1
products,1024,shared_unroll2,8,4096,918.325,49152,0,0,1
products,1024,flock,8,4096,865.723,49152,0,0,1
products,1024,shared,8,4096,916.687,49152,0,0,1
products,1024,schoolbook,8,4096,2664.113,49152,0,0,1
products,1024,shared_unroll4,8,4096,919.678,49152,0,0,1
products,1024,scalar_lanes,8,4096,864.288,49152,0,0,1
products,1024,shared_unroll8,8,4096,919.393,49152,0,0,1
products,1024,shared_unroll8,9,4096,918.803,49152,0,0,1
products,1024,shared_unroll2,9,4096,919.423,49152,0,0,1
products,1024,karatsuba,9,4096,3063.517,49152,0,0,1
products,1024,scalar_lanes,9,4096,866.659,49152,0,0,1
products,1024,shared_unroll4,9,4096,917.704,49152,0,0,1
products,1024,karatsuba_barrett,9,4096,1610.667,49152,0,0,1
products,1024,flock,9,4096,864.400,49152,0,0,1
products,1024,schoolbook,9,4096,2631.887,49152,0,0,1
products,1024,shared,9,4096,921.590,49152,0,0,1
products,1024,schoolbook,10,4096,2625.560,49152,0,0,1
products,1024,scalar_lanes,10,4096,862.315,49152,0,0,1
products,1024,shared,10,4096,913.106,49152,0,0,1
products,1024,flock,10,4096,860.657,49152,0,0,1
products,1024,shared_unroll4,10,4096,919.413,49152,0,0,1
products,1024,shared_unroll8,10,4096,916.158,49152,0,0,1
products,1024,karatsuba_barrett,10,4096,1617.727,49152,0,0,1
products,1024,shared_unroll2,10,4096,914.948,49152,0,0,1
products,1024,karatsuba,10,4096,3067.098,49152,0,0,1
products,1024,karatsuba_barrett,11,4096,1622.386,49152,0,0,1
products,1024,scalar_lanes,11,4096,862.701,49152,0,0,1
products,1024,shared,11,4096,916.158,49152,0,0,1
products,1024,shared_unroll4,11,4096,914.764,49152,0,0,1
products,1024,karatsuba,11,4096,3057.475,49152,0,0,1
products,1024,flock,11,4096,860.718,49152,0,0,1
products,1024,shared_unroll2,11,4096,919.739,49152,0,0,1
products,1024,schoolbook,11,4096,2623.911,49152,0,0,1
products,1024,shared_unroll8,11,4096,916.779,49152,0,0,1
products,1024,shared_unroll8,12,4096,914.337,49152,0,0,1
products,1024,karatsuba_barrett,12,4096,1613.078,49152,0,0,1
products,1024,shared_unroll4,12,4096,915.466,49152,0,0,1
products,1024,shared_unroll2,12,4096,917.653,49152,0,0,1
products,1024,flock,12,4096,862.915,49152,0,0,1
products,1024,shared,12,4096,917.124,49152,0,0,1
products,1024,scalar_lanes,12,4096,862.600,49152,0,0,1
products,1024,karatsuba,12,4096,3075.785,49152,0,0,1
products,1024,schoolbook,12,4096,2624.908,49152,0,0,1
products,1024,scalar_lanes,13,4096,863.190,49152,0,0,1
products,1024,shared_unroll4,13,4096,916.423,49152,0,0,1
products,1024,shared_unroll8,13,4096,921.671,49152,0,0,1
products,1024,karatsuba_barrett,13,4096,1605.316,49152,0,0,1
products,1024,shared_unroll2,13,4096,912.059,49152,0,0,1
products,1024,schoolbook,13,4096,2612.589,49152,0,0,1
products,1024,karatsuba,13,4096,3061.707,49152,0,0,1
products,1024,shared,13,4096,915.344,49152,0,0,1
products,1024,flock,13,4096,865.427,49152,0,0,1
products,1024,shared_unroll8,14,4096,918.701,49152,0,0,1
products,1024,karatsuba_barrett,14,4096,1644.602,49152,0,0,1
products,1024,shared_unroll2,14,4096,917.775,49152,0,0,1
products,1024,schoolbook,14,4096,2587.636,49152,0,0,1
products,1024,shared,14,4096,905.935,49152,0,0,1
products,1024,karatsuba,14,4096,3029.266,49152,0,0,1
products,1024,scalar_lanes,14,4096,866.221,49152,0,0,1
products,1024,flock,14,4096,869.141,49152,0,0,1
products,1024,shared_unroll4,14,4096,918.589,49152,0,0,1
products,1024,karatsuba,15,4096,3073.415,49152,0,0,1
products,1024,flock,15,4096,860.189,49152,0,0,1
products,1024,shared_unroll2,15,4096,914.734,49152,0,0,1
products,1024,schoolbook,15,4096,2582.845,49152,0,0,1
products,1024,scalar_lanes,15,4096,856.293,49152,0,0,1
products,1024,shared_unroll8,15,4096,914.276,49152,0,0,1
products,1024,karatsuba_barrett,15,4096,1615.794,49152,0,0,1
products,1024,shared,15,4096,919.535,49152,0,0,1
products,1024,shared_unroll4,15,4096,916.555,49152,0,0,1
products,1024,schoolbook,16,4096,2637.502,49152,0,0,1
products,1024,shared_unroll2,16,4096,920.908,49152,0,0,1
products,1024,karatsuba,16,4096,3074.972,49152,0,0,1
products,1024,karatsuba_barrett,16,4096,1627.004,49152,0,0,1
products,1024,flock,16,4096,863.383,49152,0,0,1
products,1024,scalar_lanes,16,4096,863.220,49152,0,0,1
products,1024,shared_unroll4,16,4096,915.904,49152,0,0,1
products,1024,shared,16,4096,918.050,49152,0,0,1
products,1024,shared_unroll8,16,4096,917.796,49152,0,0,1
products,1024,schoolbook,17,4096,2621.999,49152,0,0,1
products,1024,karatsuba,17,4096,3082.875,49152,0,0,1
products,1024,shared_unroll2,17,4096,915.721,49152,0,0,1
products,1024,shared_unroll8,17,4096,915.659,49152,0,0,1
products,1024,scalar_lanes,17,4096,860.270,49152,0,0,1
products,1024,shared_unroll4,17,4096,919.403,49152,0,0,1
products,1024,flock,17,4096,860.291,49152,0,0,1
products,1024,karatsuba_barrett,17,4096,1613.464,49152,0,0,1
products,1024,shared,17,4096,941.284,49152,0,0,1
products,1024,flock,18,4096,875.844,49152,0,0,1
products,1024,shared_unroll4,18,4096,956.014,49152,0,0,1
products,1024,scalar_lanes,18,4096,854.197,49152,0,0,1
products,1024,shared,18,4096,901.123,49152,0,0,1
products,1024,shared_unroll2,18,4096,911.469,49152,0,0,1
products,1024,karatsuba,18,4096,3028.697,49152,0,0,1
products,1024,karatsuba_barrett,18,4096,1607.045,49152,0,0,1
products,1024,shared_unroll8,18,4096,926.066,49152,0,0,1
products,1024,schoolbook,18,4096,2625.926,49152,0,0,1
products,1024,flock,19,4096,862.630,49152,0,0,1
products,1024,karatsuba,19,4096,3063.904,49152,0,0,1
products,1024,shared,19,4096,920.481,49152,0,0,1
products,1024,scalar_lanes,19,4096,864.390,49152,0,0,1
products,1024,karatsuba_barrett,19,4096,1608.419,49152,0,0,1
products,1024,shared_unroll4,19,4096,922.048,49152,0,0,1
products,1024,schoolbook,19,4096,2626.597,49152,0,0,1
products,1024,shared_unroll8,19,4096,917.155,49152,0,0,1
products,1024,shared_unroll2,19,4096,915.670,49152,0,0,1
products,1024,shared_unroll8,20,4096,913.574,49152,0,0,1
products,1024,schoolbook,20,4096,2628.489,49152,0,0,1
products,1024,scalar_lanes,20,4096,865.407,49152,0,0,1
products,1024,karatsuba_barrett,20,4096,1613.139,49152,0,0,1
products,1024,shared_unroll4,20,4096,915.161,49152,0,0,1
products,1024,shared,20,4096,915.232,49152,0,0,1
products,1024,karatsuba,20,4096,3062.714,49152,0,0,1
products,1024,shared_unroll2,20,4096,913.126,49152,0,0,1
products,1024,flock,20,4096,863.485,49152,0,0,1
products,1024,shared_unroll8,21,4096,916.707,49152,0,0,1
products,1024,flock,21,4096,865.092,49152,0,0,1
products,1024,schoolbook,21,4096,2620.310,49152,0,0,1
products,1024,karatsuba,21,4096,3078.400,49152,0,0,1
products,1024,karatsuba_barrett,21,4096,1617.350,49152,0,0,1
products,1024,shared,21,4096,913.320,49152,0,0,1
products,1024,scalar_lanes,21,4096,860.006,49152,0,0,1
products,1024,shared_unroll4,21,4096,915.334,49152,0,0,1
products,1024,shared_unroll2,21,4096,917.104,49152,0,0,1
products,1024,scalar_lanes,22,4096,862.640,49152,0,0,1
products,1024,karatsuba_barrett,22,4096,1610.901,49152,0,0,1
products,1024,shared,22,4096,920.847,49152,0,0,1
products,1024,shared_unroll8,22,4096,920.298,49152,0,0,1
products,1024,shared_unroll4,22,4096,921.356,49152,0,0,1
products,1024,flock,22,4096,862.742,49152,0,0,1
products,1024,schoolbook,22,4096,2618.734,49152,0,0,1
products,1024,karatsuba,22,4096,3065.348,49152,0,0,1
products,1024,shared_unroll2,22,4096,921.204,49152,0,0,1
products,1024,flock,23,4096,864.563,49152,0,0,1
products,1024,karatsuba_barrett,23,4096,1606.181,49152,0,0,1
products,1024,scalar_lanes,23,4096,863.292,49152,0,0,1
products,1024,shared_unroll8,23,4096,916.077,49152,0,0,1
products,1024,shared_unroll4,23,4096,917.877,49152,0,0,1
products,1024,shared,23,4096,918.559,49152,0,0,1
products,1024,karatsuba,23,4096,3068.695,49152,0,0,1
products,1024,shared_unroll2,23,4096,918.762,49152,0,0,1
products,1024,schoolbook,23,4096,2619.914,49152,0,0,1
products,1024,karatsuba_barrett,24,4096,1620.443,49152,0,0,1
products,1024,shared_unroll4,24,4096,919.291,49152,0,0,1
products,1024,shared,24,4096,915.629,49152,0,0,1
products,1024,shared_unroll2,24,4096,915.863,49152,0,0,1
products,1024,scalar_lanes,24,4096,863.281,49152,0,0,1
products,1024,flock,24,4096,862.366,49152,0,0,1
products,1024,schoolbook,24,4096,2613.068,49152,0,0,1
products,1024,karatsuba,24,4096,3064.779,49152,0,0,1
products,1024,shared_unroll8,24,4096,917.948,49152,0,0,1
products,1024,karatsuba_barrett,25,4096,1614.299,49152,0,0,1
products,1024,shared_unroll4,25,4096,916.494,49152,0,0,1
products,1024,shared_unroll8,25,4096,916.626,49152,0,0,1
products,1024,schoolbook,25,4096,2624.918,49152,0,0,1
products,1024,shared_unroll2,25,4096,914.439,49152,0,0,1
products,1024,scalar_lanes,25,4096,859.385,49152,0,0,1
products,1024,shared,25,4096,913.137,49152,0,0,1
products,1024,karatsuba,25,4096,3061.259,49152,0,0,1
products,1024,flock,25,4096,858.114,49152,0,0,1
products,1024,karatsuba,26,4096,3066.203,49152,0,0,1
products,1024,shared_unroll4,26,4096,913.188,49152,0,0,1
products,1024,shared_unroll2,26,4096,913.462,49152,0,0,1
products,1024,karatsuba_barrett,26,4096,1629.944,49152,0,0,1
products,1024,shared,26,4096,917.765,49152,0,0,1
products,1024,schoolbook,26,4096,2619.853,49152,0,0,1
products,1024,flock,26,4096,862.966,49152,0,0,1
products,1024,shared_unroll8,26,4096,918.905,49152,0,0,1
products,1024,scalar_lanes,26,4096,859.182,49152,0,0,1
products,1024,scalar_lanes,27,4096,857.127,49152,0,0,1
products,1024,shared_unroll2,27,4096,970.845,49152,0,0,1
products,1024,karatsuba_barrett,27,4096,1611.328,49152,0,0,1
products,1024,flock,27,4096,855.906,49152,0,0,1
products,1024,shared_unroll4,27,4096,920.614,49152,0,0,1
products,1024,shared_unroll8,27,4096,921.204,49152,0,0,1
products,1024,shared,27,4096,920.339,49152,0,0,1
products,1024,schoolbook,27,4096,2624.725,49152,0,0,1
products,1024,karatsuba,27,4096,3074.432,49152,0,0,1
products,1024,shared,28,4096,917.267,49152,0,0,1
products,1024,karatsuba,28,4096,3066.630,49152,0,0,1
products,1024,karatsuba_barrett,28,4096,1620.809,49152,0,0,1
products,1024,shared_unroll2,28,4096,917.348,49152,0,0,1
products,1024,shared_unroll8,28,4096,915.161,49152,0,0,1
products,1024,shared_unroll4,28,4096,913.025,49152,0,0,1
products,1024,flock,28,4096,864.248,49152,0,0,1
products,1024,scalar_lanes,28,4096,860.382,49152,0,0,1
products,1024,schoolbook,28,4096,2626.577,49152,0,0,1
products,1024,karatsuba,29,4096,3068.308,49152,0,0,1
products,1024,shared_unroll2,29,4096,920.959,49152,0,0,1
products,1024,karatsuba_barrett,29,4096,1610.077,49152,0,0,1
products,1024,schoolbook,29,4096,2622.803,49152,0,0,1
products,1024,shared_unroll8,29,4096,920.288,49152,0,0,1
products,1024,scalar_lanes,29,4096,864.238,49152,0,0,1
products,1024,shared_unroll4,29,4096,913.086,49152,0,0,1
products,1024,shared,29,4096,914.337,49152,0,0,1
products,1024,flock,29,4096,864.736,49152,0,0,1
products,1024,schoolbook,30,4096,2631.348,49152,0,0,1
products,1024,shared,30,4096,919.790,49152,0,0,1
products,1024,karatsuba,30,4096,3066.193,49152,0,0,1
products,1024,flock,30,4096,868.439,49152,0,0,1
products,1024,shared_unroll8,30,4096,917.104,49152,0,0,1
products,1024,shared_unroll4,30,4096,915.344,49152,0,0,1
products,1024,scalar_lanes,30,4096,864.655,49152,0,0,1
products,1024,karatsuba_barrett,30,4096,1611.715,49152,0,0,1
products,1024,shared_unroll2,30,4096,917.674,49152,0,0,1
products,1024,karatsuba_barrett,31,4096,1611.277,49152,0,0,1
products,1024,shared,31,4096,916.056,49152,0,0,1
products,1024,scalar_lanes,31,4096,862.315,49152,0,0,1
products,1024,schoolbook,31,4096,2619.639,49152,0,0,1
products,1024,shared_unroll8,31,4096,917.877,49152,0,0,1
products,1024,shared_unroll2,31,4096,920.146,49152,0,0,1
products,1024,flock,31,4096,862.040,49152,0,0,1
products,1024,shared_unroll4,31,4096,917.012,49152,0,0,1
products,1024,karatsuba,31,4096,3069.305,49152,0,0,1
products,65536,shared_unroll8,0,64,58753.250,3145728,0,0,1
products,65536,flock,0,64,55519.531,3145728,0,0,1
products,65536,karatsuba,0,64,200570.969,3145728,0,0,1
products,65536,shared_unroll2,0,64,59568.359,3145728,0,0,1
products,65536,shared,0,64,60051.438,3145728,0,0,1
products,65536,scalar_lanes,0,64,55586.594,3145728,0,0,1
products,65536,schoolbook,0,64,169159.516,3145728,0,0,1
products,65536,shared_unroll4,0,64,58600.266,3145728,0,0,1
products,65536,karatsuba_barrett,0,64,104707.031,3145728,0,0,1
products,65536,flock,1,64,55826.172,3145728,0,0,1
products,65536,schoolbook,1,64,170146.484,3145728,0,0,1
products,65536,karatsuba_barrett,1,64,103919.266,3145728,0,0,1
products,65536,shared_unroll2,1,64,58443.359,3145728,0,0,1
products,65536,shared_unroll4,1,64,58597.656,3145728,0,0,1
products,65536,scalar_lanes,1,64,55194.016,3145728,0,0,1
products,65536,shared_unroll8,1,64,60126.953,3145728,0,0,1
products,65536,shared,1,64,60177.734,3145728,0,0,1
products,65536,karatsuba,1,64,199462.891,3145728,0,0,1
products,65536,shared_unroll4,2,64,59981.125,3145728,0,0,1
products,65536,shared,2,64,59830.734,3145728,0,0,1
products,65536,shared_unroll8,2,64,59802.734,3145728,0,0,1
products,65536,scalar_lanes,2,64,55194.016,3145728,0,0,1
products,65536,shared_unroll2,2,64,60638.016,3145728,0,0,1
products,65536,schoolbook,2,64,170050.125,3145728,0,0,1
products,65536,karatsuba,2,64,200248.047,3145728,0,0,1
products,65536,karatsuba_barrett,2,64,105164.719,3145728,0,0,1
products,65536,flock,2,64,56916.672,3145728,0,0,1
products,65536,shared,3,64,59985.688,3145728,0,0,1
products,65536,karatsuba_barrett,3,64,105781.891,3145728,0,0,1
products,65536,schoolbook,3,64,171004.562,3145728,0,0,1
products,65536,shared_unroll4,3,64,58817.062,3145728,0,0,1
products,65536,flock,3,64,55169.922,3145728,0,0,1
products,65536,shared_unroll8,3,64,59572.922,3145728,0,0,1
products,65536,shared_unroll2,3,64,60597.000,3145728,0,0,1
products,65536,karatsuba,3,64,199187.500,3145728,0,0,1
products,65536,scalar_lanes,3,64,55481.766,3145728,0,0,1
products,65536,shared,4,64,60580.078,3145728,0,0,1
products,65536,scalar_lanes,4,64,56702.469,3145728,0,0,1
products,65536,shared_unroll4,4,64,58816.406,3145728,0,0,1
products,65536,shared_unroll2,4,64,58807.953,3145728,0,0,1
products,65536,flock,4,64,56361.328,3145728,0,0,1
products,65536,shared_unroll8,4,64,60048.828,3145728,0,0,1
products,65536,karatsuba,4,64,199927.734,3145728,0,0,1
products,65536,schoolbook,4,64,169423.828,3145728,0,0,1
products,65536,karatsuba_barrett,4,64,108585.938,3145728,0,0,1
products,65536,shared_unroll4,5,64,59361.328,3145728,0,0,1
products,65536,schoolbook,5,64,170184.250,3145728,0,0,1
products,65536,scalar_lanes,5,64,56167.328,3145728,0,0,1
products,65536,shared_unroll2,5,64,58886.062,3145728,0,0,1
products,65536,flock,5,64,55504.562,3145728,0,0,1
products,65536,karatsuba_barrett,5,64,104608.734,3145728,0,0,1
products,65536,shared,5,64,59888.672,3145728,0,0,1
products,65536,karatsuba,5,64,200277.344,3145728,0,0,1
products,65536,shared_unroll8,5,64,59180.328,3145728,0,0,1
products,65536,schoolbook,6,64,170025.391,3145728,0,0,1
products,65536,karatsuba,6,64,200337.234,3145728,0,0,1
products,65536,flock,6,64,56513.672,3145728,0,0,1
products,65536,shared_unroll2,6,64,59261.719,3145728,0,0,1
products,65536,shared,6,64,59345.703,3145728,0,0,1
products,65536,karatsuba_barrett,6,64,106049.484,3145728,0,0,1
products,65536,shared_unroll8,6,64,59269.531,3145728,0,0,1
products,65536,shared_unroll4,6,64,60099.609,3145728,0,0,1
products,65536,scalar_lanes,6,64,57008.453,3145728,0,0,1
products,65536,shared_unroll4,7,64,59946.609,3145728,0,0,1
products,65536,shared_unroll8,7,64,59947.266,3145728,0,0,1
products,65536,flock,7,64,55126.312,3145728,0,0,1
products,65536,shared,7,64,59681.641,3145728,0,0,1
products,65536,scalar_lanes,7,64,57129.562,3145728,0,0,1
products,65536,karatsuba_barrett,7,64,107677.094,3145728,0,0,1
products,65536,karatsuba,7,64,200675.781,3145728,0,0,1
products,65536,schoolbook,7,64,170425.781,3145728,0,0,1
products,65536,shared_unroll2,7,64,60016.281,3145728,0,0,1
products,65536,karatsuba_barrett,8,64,108597.000,3145728,0,0,1
products,65536,scalar_lanes,8,64,56558.594,3145728,0,0,1
products,65536,shared_unroll2,8,64,59733.719,3145728,0,0,1
products,65536,shared_unroll8,8,64,59688.156,3145728,0,0,1
products,65536,shared_unroll4,8,64,59479.812,3145728,0,0,1
products,65536,shared,8,64,59335.297,3145728,0,0,1
products,65536,karatsuba,8,64,203992.844,3145728,0,0,1
products,65536,flock,8,64,57112.625,3145728,0,0,1
products,65536,schoolbook,8,64,168994.141,3145728,0,0,1
products,65536,karatsuba_barrett,9,64,105003.266,3145728,0,0,1
products,65536,shared_unroll2,9,64,59966.797,3145728,0,0,1
products,65536,karatsuba,9,64,200011.719,3145728,0,0,1
products,65536,schoolbook,9,64,170410.812,3145728,0,0,1
products,65536,scalar_lanes,9,64,57641.266,3145728,0,0,1
products,65536,shared_unroll8,9,64,59731.125,3145728,0,0,1
products,65536,shared_unroll4,9,64,58650.391,3145728,0,0,1
products,65536,flock,9,64,56977.859,3145728,0,0,1
products,65536,shared,9,64,60583.328,3145728,0,0,1
products,65536,scalar_lanes,10,64,56465.500,3145728,0,0,1
products,65536,shared_unroll2,10,64,61102.203,3145728,0,0,1
products,65536,schoolbook,10,64,171192.062,3145728,0,0,1
products,65536,flock,10,64,55522.781,3145728,0,0,1
products,65536,shared,10,64,59473.312,3145728,0,0,1
products,65536,karatsuba,10,64,354434.891,3145728,0,0,1
products,65536,shared_unroll8,10,64,145800.781,3145728,0,0,1
products,65536,karatsuba_barrett,10,64,107768.875,3145728,0,0,1
products,65536,shared_unroll4,10,64,61287.766,3145728,0,0,1
products,65536,flock,11,64,98635.406,3145728,0,0,1
products,65536,karatsuba,11,64,244960.281,3145728,0,0,1
products,65536,shared_unroll2,11,64,62460.938,3145728,0,0,1
products,65536,karatsuba_barrett,11,64,111645.828,3145728,0,0,1
products,65536,shared_unroll8,11,64,62406.906,3145728,0,0,1
products,65536,shared_unroll4,11,64,62235.672,3145728,0,0,1
products,65536,schoolbook,11,64,177966.797,3145728,0,0,1
products,65536,scalar_lanes,11,64,57935.547,3145728,0,0,1
products,65536,shared,11,64,62434.891,3145728,0,0,1
products,65536,shared,12,64,62050.141,3145728,0,0,1
products,65536,flock,12,64,57945.312,3145728,0,0,1
products,65536,shared_unroll2,12,64,61734.375,3145728,0,0,1
products,65536,schoolbook,12,64,177632.172,3145728,0,0,1
products,65536,shared_unroll4,12,64,61118.500,3145728,0,0,1
products,65536,scalar_lanes,12,64,56686.203,3145728,0,0,1
products,65536,karatsuba_barrett,12,64,110409.500,3145728,0,0,1
products,65536,shared_unroll8,12,64,62740.234,3145728,0,0,1
products,65536,karatsuba,12,64,210295.578,3145728,0,0,1
products,65536,shared_unroll8,13,64,61197.906,3145728,0,0,1
products,65536,shared,13,64,61115.234,3145728,0,0,1
products,65536,karatsuba,13,64,201937.500,3145728,0,0,1
products,65536,flock,13,64,55910.812,3145728,0,0,1
products,65536,shared_unroll4,13,64,60652.344,3145728,0,0,1
products,65536,shared_unroll2,13,64,61624.359,3145728,0,0,1
products,65536,scalar_lanes,13,64,55625.000,3145728,0,0,1
products,65536,karatsuba_barrett,13,64,106152.984,3145728,0,0,1
products,65536,schoolbook,13,64,170774.734,3145728,0,0,1
products,65536,scalar_lanes,14,64,56156.906,3145728,0,0,1
products,65536,schoolbook,14,64,171042.969,3145728,0,0,1
products,65536,karatsuba,14,64,199854.172,3145728,0,0,1
products,65536,shared,14,64,59259.766,3145728,0,0,1
products,65536,shared_unroll8,14,64,59850.906,3145728,0,0,1
products,65536,flock,14,64,55011.719,3145728,0,0,1
products,65536,karatsuba_barrett,14,64,104583.328,3145728,0,0,1
products,65536,shared_unroll4,14,64,59509.125,3145728,0,0,1
products,65536,shared_unroll2,14,64,58865.234,3145728,0,0,1
products,65536,shared_unroll8,15,64,58824.875,3145728,0,0,1
products,65536,flock,15,64,55000.656,3145728,0,0,1
products,65536,shared_unroll2,15,64,59094.406,3145728,0,0,1
products,65536,shared,15,64,59968.750,3145728,0,0,1
products,65536,shared_unroll4,15,64,59459.641,3145728,0,0,1
products,65536,karatsuba_barrett,15,64,106065.766,3145728,0,0,1
products,65536,schoolbook,15,64,169296.219,3145728,0,0,1
products,65536,scalar_lanes,15,64,54902.344,3145728,0,0,1
products,65536,karatsuba,15,64,199530.609,3145728,0,0,1
products,65536,shared_unroll8,16,64,58576.172,3145728,0,0,1
products,65536,flock,16,64,55068.359,3145728,0,0,1
products,65536,scalar_lanes,16,64,55173.828,3145728,0,0,1
products,65536,schoolbook,16,64,169647.781,3145728,0,0,1
products,65536,shared_unroll4,16,64,59151.703,3145728,0,0,1
products,65536,karatsuba_barrett,16,64,106563.156,3145728,0,0,1
products,65536,shared_unroll2,16,64,60017.578,3145728,0,0,1
products,65536,shared,16,64,59177.078,3145728,0,0,1
products,65536,karatsuba,16,64,198418.609,3145728,0,0,1
products,65536,scalar_lanes,17,64,55290.359,3145728,0,0,1
products,65536,karatsuba_barrett,17,64,105699.219,3145728,0,0,1
products,65536,shared_unroll2,17,64,59848.969,3145728,0,0,1
products,65536,shared_unroll8,17,64,60016.281,3145728,0,0,1
products,65536,shared,17,64,59427.078,3145728,0,0,1
products,65536,shared_unroll4,17,64,59783.859,3145728,0,0,1
products,65536,schoolbook,17,64,170564.453,3145728,0,0,1
products,65536,flock,17,64,56472.656,3145728,0,0,1
products,65536,karatsuba,17,64,199745.438,3145728,0,0,1
products,65536,shared,18,64,60888.031,3145728,0,0,1
products,65536,shared_unroll8,18,64,59313.156,3145728,0,0,1
products,65536,flock,18,64,56324.875,3145728,0,0,1
products,65536,karatsuba_barrett,18,64,106331.375,3145728,0,0,1
products,65536,shared_unroll2,18,64,60637.375,3145728,0,0,1
products,65536,schoolbook,18,64,170377.609,3145728,0,0,1
products,65536,karatsuba,18,64,199778.641,3145728,0,0,1
products,65536,scalar_lanes,18,64,55146.484,3145728,0,0,1
products,65536,shared_unroll4,18,64,59335.297,3145728,0,0,1
products,65536,schoolbook,19,64,169891.266,3145728,0,0,1
products,65536,karatsuba,19,64,199234.375,3145728,0,0,1
products,65536,scalar_lanes,19,64,55200.516,3145728,0,0,1
products,65536,shared,19,64,59825.516,3145728,0,0,1
products,65536,karatsuba_barrett,19,64,106956.375,3145728,0,0,1
products,65536,shared_unroll4,19,64,58789.703,3145728,0,0,1
products,65536,flock,19,64,55639.969,3145728,0,0,1
products,65536,shared_unroll8,19,64,59072.266,3145728,0,0,1
products,65536,shared_unroll2,19,64,58680.344,3145728,0,0,1
products,65536,schoolbook,20,64,168655.594,3145728,0,0,1
products,65536,shared,20,64,59155.594,3145728,0,0,1
products,65536,flock,20,64,55550.781,3145728,0,0,1
products,65536,karatsuba,20,64,200548.828,3145728,0,0,1
products,65536,shared_unroll4,20,64,59089.188,3145728,0,0,1
products,65536,shared_unroll8,20,64,58592.453,3145728,0,0,1
products,65536,shared_unroll2,20,64,59348.297,3145728,0,0,1
products,65536,karatsuba_barrett,20,64,106647.125,3145728,0,0,1
products,65536,scalar_lanes,20,64,55728.516,3145728,0,0,1
products,65536,shared_unroll2,21,64,60181.000,3145728,0,0,1
products,65536,flock,21,64,56386.719,3145728,0,0,1
products,65536,karatsuba_barrett,21,64,107240.234,3145728,0,0,1
products,65536,shared_unroll4,21,64,59052.734,3145728,0,0,1
products,65536,shared,21,64,59662.750,3145728,0,0,1
products,65536,shared_unroll8,21,64,59389.969,3145728,0,0,1
products,65536,scalar_lanes,21,64,57282.562,3145728,0,0,1
products,65536,schoolbook,21,64,168988.922,3145728,0,0,1
products,65536,karatsuba,21,64,198884.766,3145728,0,0,1
products,65536,shared_unroll2,22,64,60636.719,3145728,0,0,1
products,65536,karatsuba_barrett,22,64,105545.578,3145728,0,0,1
products,65536,shared_unroll4,22,64,58576.812,3145728,0,0,1
products,65536,shared_unroll8,22,64,60343.750,3145728,0,0,1
products,65536,shared,22,64,59574.219,3145728,0,0,1
products,65536,scalar_lanes,22,64,55423.172,3145728,0,0,1
products,65536,karatsuba,22,64,199434.891,3145728,0,0,1
products,65536,schoolbook,22,64,169972.656,3145728,0,0,1
products,65536,flock,22,64,56111.328,3145728,0,0,1
products,65536,karatsuba,23,64,199046.219,3145728,0,0,1
products,65536,schoolbook,23,64,170272.781,3145728,0,0,1
products,65536,karatsuba_barrett,23,64,105187.500,3145728,0,0,1
products,65536,shared_unroll8,23,64,59003.266,3145728,0,0,1
products,65536,shared_unroll2,23,64,59712.891,3145728,0,0,1
products,65536,scalar_lanes,23,64,56042.969,3145728,0,0,1
products,65536,shared_unroll4,23,64,58850.266,3145728,0,0,1
products,65536,shared,23,64,58869.141,3145728,0,0,1
products,65536,flock,23,64,54854.828,3145728,0,0,1
products,65536,shared_unroll4,24,64,58429.047,3145728,0,0,1
products,65536,shared_unroll2,24,64,58259.109,3145728,0,0,1
products,65536,shared,24,64,58391.938,3145728,0,0,1
products,65536,flock,24,64,56020.172,3145728,0,0,1
products,65536,shared_unroll8,24,64,59012.375,3145728,0,0,1
products,65536,schoolbook,24,64,169829.422,3145728,0,0,1
products,65536,karatsuba,24,64,198832.031,3145728,0,0,1
products,65536,karatsuba_barrett,24,64,106444.656,3145728,0,0,1
products,65536,scalar_lanes,24,64,56539.062,3145728,0,0,1
products,65536,scalar_lanes,25,64,55260.422,3145728,0,0,1
products,65536,shared_unroll2,25,64,58893.875,3145728,0,0,1
products,65536,shared_unroll4,25,64,58714.844,3145728,0,0,1
products,65536,shared,25,64,59174.484,3145728,0,0,1
products,65536,flock,25,64,56340.500,3145728,0,0,1
products,65536,schoolbook,25,64,168350.266,3145728,0,0,1
products,65536,karatsuba_barrett,25,64,105527.344,3145728,0,0,1
products,65536,shared_unroll8,25,64,58751.297,3145728,0,0,1
products,65536,karatsuba,25,64,201402.344,3145728,0,0,1
products,65536,shared_unroll2,26,64,59533.859,3145728,0,0,1
products,65536,schoolbook,26,64,169912.109,3145728,0,0,1
products,65536,flock,26,64,56444.016,3145728,0,0,1
products,65536,shared,26,64,60138.016,3145728,0,0,1
products,65536,karatsuba_barrett,26,64,106583.328,3145728,0,0,1
products,65536,shared_unroll8,26,64,59041.672,3145728,0,0,1
products,65536,scalar_lanes,26,64,55429.688,3145728,0,0,1
products,65536,karatsuba,26,64,199233.078,3145728,0,0,1
products,65536,shared_unroll4,26,64,59187.500,3145728,0,0,1
products,65536,schoolbook,27,64,170177.734,3145728,0,0,1
products,65536,shared,27,64,60613.281,3145728,0,0,1
products,65536,shared_unroll8,27,64,59797.531,3145728,0,0,1
products,65536,shared_unroll2,27,64,58688.812,3145728,0,0,1
products,65536,karatsuba_barrett,27,64,106975.250,3145728,0,0,1
products,65536,scalar_lanes,27,64,56815.109,3145728,0,0,1
products,65536,shared_unroll4,27,64,59138.672,3145728,0,0,1
products,65536,flock,27,64,55719.406,3145728,0,0,1
products,65536,karatsuba,27,64,199139.328,3145728,0,0,1
products,65536,shared_unroll2,28,64,59508.453,3145728,0,0,1
products,65536,schoolbook,28,64,168977.859,3145728,0,0,1
products,65536,scalar_lanes,28,64,56876.953,3145728,0,0,1
products,65536,karatsuba_barrett,28,64,105845.703,3145728,0,0,1
products,65536,shared_unroll4,28,64,58731.766,3145728,0,0,1
products,65536,flock,28,64,55555.344,3145728,0,0,1
products,65536,shared,28,64,60647.781,3145728,0,0,1
products,65536,karatsuba,28,64,197403.641,3145728,0,0,1
products,65536,shared_unroll8,28,64,58738.281,3145728,0,0,1
products,65536,scalar_lanes,29,64,55212.250,3145728,0,0,1
products,65536,karatsuba,29,64,197682.953,3145728,0,0,1
products,65536,flock,29,64,54972.000,3145728,0,0,1
products,65536,schoolbook,29,64,168875.000,3145728,0,0,1
products,65536,karatsuba_barrett,29,64,107260.406,3145728,0,0,1
products,65536,shared_unroll8,29,64,60054.688,3145728,0,0,1
products,65536,shared_unroll2,29,64,58404.953,3145728,0,0,1
products,65536,shared_unroll4,29,64,58196.609,3145728,0,0,1
products,65536,shared,29,64,58519.531,3145728,0,0,1
products,65536,karatsuba,30,64,198111.328,3145728,0,0,1
products,65536,scalar_lanes,30,64,56374.359,3145728,0,0,1
products,65536,karatsuba_barrett,30,64,104684.234,3145728,0,0,1
products,65536,shared,30,64,58514.969,3145728,0,0,1
products,65536,shared_unroll4,30,64,58854.172,3145728,0,0,1
products,65536,shared_unroll2,30,64,58636.078,3145728,0,0,1
products,65536,flock,30,64,55101.562,3145728,0,0,1
products,65536,schoolbook,30,64,169388.672,3145728,0,0,1
products,65536,shared_unroll8,30,64,59884.109,3145728,0,0,1
products,65536,shared_unroll2,31,64,59158.844,3145728,0,0,1
products,65536,shared,31,64,59492.188,3145728,0,0,1
products,65536,shared_unroll8,31,64,58513.031,3145728,0,0,1
products,65536,karatsuba_barrett,31,64,106387.359,3145728,0,0,1
products,65536,schoolbook,31,64,169304.031,3145728,0,0,1
products,65536,shared_unroll4,31,64,59627.609,3145728,0,0,1
products,65536,flock,31,64,56414.062,3145728,0,0,1
products,65536,scalar_lanes,31,64,55051.422,3145728,0,0,1
products,65536,karatsuba,31,64,198158.859,3145728,0,0,1
products,1048576,karatsuba_barrett,0,4,1736083.500,50331648,0,0,1
products,1048576,flock,0,4,912302.000,50331648,0,0,1
products,1048576,shared_unroll4,0,4,970166.500,50331648,0,0,1
products,1048576,scalar_lanes,0,4,900989.500,50331648,0,0,1
products,1048576,shared_unroll2,0,4,964750.000,50331648,0,0,1
products,1048576,karatsuba,0,4,3182750.000,50331648,0,0,1
products,1048576,schoolbook,0,4,2716250.000,50331648,0,0,1
products,1048576,shared,0,4,949187.500,50331648,0,0,1
products,1048576,shared_unroll8,0,4,966239.750,50331648,0,0,1
products,1048576,karatsuba,1,4,3209989.750,50331648,0,0,1
products,1048576,karatsuba_barrett,1,4,1713604.250,50331648,0,0,1
products,1048576,scalar_lanes,1,4,891843.750,50331648,0,0,1
products,1048576,schoolbook,1,4,2748552.000,50331648,0,0,1
products,1048576,shared_unroll4,1,4,966635.250,50331648,0,0,1
products,1048576,shared_unroll8,1,4,986145.750,50331648,0,0,1
products,1048576,shared_unroll2,1,4,951354.250,50331648,0,0,1
products,1048576,flock,1,4,914437.500,50331648,0,0,1
products,1048576,shared,1,4,953583.250,50331648,0,0,1
products,1048576,scalar_lanes,2,4,905375.000,50331648,0,0,1
products,1048576,schoolbook,2,4,2735271.000,50331648,0,0,1
products,1048576,flock,2,4,895104.250,50331648,0,0,1
products,1048576,karatsuba_barrett,2,4,1727052.000,50331648,0,0,1
products,1048576,karatsuba,2,4,3157635.500,50331648,0,0,1
products,1048576,shared,2,4,944323.000,50331648,0,0,1
products,1048576,shared_unroll4,2,4,963854.000,50331648,0,0,1
products,1048576,shared_unroll8,2,4,973062.500,50331648,0,0,1
products,1048576,shared_unroll2,2,4,951322.750,50331648,0,0,1
products,1048576,shared,3,4,970739.750,50331648,0,0,1
products,1048576,scalar_lanes,3,4,894489.750,50331648,0,0,1
products,1048576,schoolbook,3,4,2729291.750,50331648,0,0,1
products,1048576,karatsuba_barrett,3,4,1734062.500,50331648,0,0,1
products,1048576,karatsuba,3,4,3187145.750,50331648,0,0,1
products,1048576,shared_unroll4,3,4,956854.000,50331648,0,0,1
products,1048576,shared_unroll8,3,4,961187.500,50331648,0,0,1
products,1048576,flock,3,4,898625.000,50331648,0,0,1
products,1048576,shared_unroll2,3,4,953406.250,50331648,0,0,1
products,1048576,scalar_lanes,4,4,900781.250,50331648,0,0,1
products,1048576,flock,4,4,916364.500,50331648,0,0,1
products,1048576,schoolbook,4,4,2728625.000,50331648,0,0,1
products,1048576,shared,4,4,964229.250,50331648,0,0,1
products,1048576,shared_unroll4,4,4,1215104.250,50331648,0,0,1
products,1048576,karatsuba_barrett,4,4,1700312.500,50331648,0,0,1
products,1048576,karatsuba,4,4,3160677.250,50331648,0,0,1
products,1048576,shared_unroll8,4,4,1143593.750,50331648,0,0,1
products,1048576,shared_unroll2,4,4,1113197.750,50331648,0,0,1
products,1048576,shared_unroll4,5,4,965802.250,50331648,0,0,1
products,1048576,scalar_lanes,5,4,914302.000,50331648,0,0,1
products,1048576,karatsuba,5,4,3233885.500,50331648,0,0,1
products,1048576,schoolbook,5,4,2803989.500,50331648,0,0,1
products,1048576,shared_unroll8,5,4,971604.250,50331648,0,0,1
products,1048576,karatsuba_barrett,5,4,1753437.500,50331648,0,0,1
products,1048576,shared_unroll2,5,4,962218.750,50331648,0,0,1
products,1048576,flock,5,4,924750.000,50331648,0,0,1
products,1048576,shared,5,4,988885.500,50331648,0,0,1
products,1048576,schoolbook,6,4,2773218.750,50331648,0,0,1
products,1048576,flock,6,4,911125.000,50331648,0,0,1
products,1048576,shared_unroll2,6,4,980010.500,50331648,0,0,1
products,1048576,shared_unroll8,6,4,960635.500,50331648,0,0,1
products,1048576,scalar_lanes,6,4,914552.250,50331648,0,0,1
products,1048576,karatsuba_barrett,6,4,1753052.000,50331648,0,0,1
products,1048576,karatsuba,6,4,3239041.750,50331648,0,0,1
products,1048576,shared,6,4,986447.750,50331648,0,0,1
products,1048576,shared_unroll4,6,4,973635.500,50331648,0,0,1
products,1048576,schoolbook,7,4,2753250.000,50331648,0,0,1
products,1048576,shared_unroll4,7,4,962635.500,50331648,0,0,1
products,1048576,scalar_lanes,7,4,913833.250,50331648,0,0,1
products,1048576,karatsuba,7,4,3223958.250,50331648,0,0,1
products,1048576,shared_unroll8,7,4,962312.500,50331648,0,0,1
products,1048576,karatsuba_barrett,7,4,1743531.250,50331648,0,0,1
products,1048576,shared,7,4,974291.500,50331648,0,0,1
products,1048576,shared_unroll2,7,4,952093.750,50331648,0,0,1
products,1048576,flock,7,4,905500.000,50331648,0,0,1
products,1048576,schoolbook,8,4,2771698.000,50331648,0,0,1
products,1048576,karatsuba,8,4,3252937.500,50331648,0,0,1
products,1048576,shared_unroll4,8,4,964781.250,50331648,0,0,1
products,1048576,flock,8,4,920437.500,50331648,0,0,1
products,1048576,shared,8,4,969666.750,50331648,0,0,1
products,1048576,karatsuba_barrett,8,4,1709864.500,50331648,0,0,1
products,1048576,shared_unroll2,8,4,962156.250,50331648,0,0,1
products,1048576,shared_unroll8,8,4,963395.750,50331648,0,0,1
products,1048576,scalar_lanes,8,4,908760.250,50331648,0,0,1
products,1048576,karatsuba,9,4,3237531.250,50331648,0,0,1
products,1048576,scalar_lanes,9,4,907645.750,50331648,0,0,1
products,1048576,shared_unroll4,9,4,949968.750,50331648,0,0,1
products,1048576,schoolbook,9,4,2751822.750,50331648,0,0,1
products,1048576,shared,9,4,969208.250,50331648,0,0,1
products,1048576,shared_unroll2,9,4,964437.500,50331648,0,0,1
products,1048576,karatsuba_barrett,9,4,1719239.500,50331648,0,0,1
products,1048576,flock,9,4,895125.000,50331648,0,0,1
products,1048576,shared_unroll8,9,4,946322.750,50331648,0,0,1
products,1048576,scalar_lanes,10,4,917708.500,50331648,0,0,1
products,1048576,flock,10,4,896020.750,50331648,0,0,1
products,1048576,karatsuba,10,4,3196895.750,50331648,0,0,1
products,1048576,karatsuba_barrett,10,4,1705531.250,50331648,0,0,1
products,1048576,shared_unroll4,10,4,941729.000,50331648,0,0,1
products,1048576,shared_unroll2,10,4,948989.500,50331648,0,0,1
products,1048576,shared_unroll8,10,4,945562.500,50331648,0,0,1
products,1048576,shared,10,4,947625.000,50331648,0,0,1
products,1048576,schoolbook,10,4,2694687.500,50331648,0,0,1
products,1048576,shared_unroll8,11,4,953125.000,50331648,0,0,1
products,1048576,flock,11,4,890114.500,50331648,0,0,1
products,1048576,shared_unroll4,11,4,946927.000,50331648,0,0,1
products,1048576,shared_unroll2,11,4,959968.750,50331648,0,0,1
products,1048576,karatsuba_barrett,11,4,1698770.750,50331648,0,0,1
products,1048576,scalar_lanes,11,4,898666.750,50331648,0,0,1
products,1048576,schoolbook,11,4,2712208.250,50331648,0,0,1
products,1048576,shared,11,4,965062.500,50331648,0,0,1
products,1048576,karatsuba,11,4,3196010.500,50331648,0,0,1
products,1048576,karatsuba,12,4,3207177.250,50331648,0,0,1
products,1048576,shared_unroll4,12,4,991031.250,50331648,0,0,1
products,1048576,shared_unroll8,12,4,981302.250,50331648,0,0,1
products,1048576,shared,12,4,962541.750,50331648,0,0,1
products,1048576,schoolbook,12,4,2766187.500,50331648,0,0,1
products,1048576,flock,12,4,915187.500,50331648,0,0,1
products,1048576,scalar_lanes,12,4,908437.500,50331648,0,0,1
products,1048576,karatsuba_barrett,12,4,1746458.250,50331648,0,0,1
products,1048576,shared_unroll2,12,4,975343.750,50331648,0,0,1
products,1048576,shared_unroll8,13,4,959271.000,50331648,0,0,1
products,1048576,shared,13,4,992250.000,50331648,0,0,1
products,1048576,scalar_lanes,13,4,932010.250,50331648,0,0,1
products,1048576,shared_unroll4,13,4,958135.500,50331648,0,0,1
products,1048576,flock,13,4,945354.250,50331648,0,0,1
products,1048576,karatsuba,13,4,3274573.000,50331648,0,0,1
products,1048576,shared_unroll2,13,4,967302.000,50331648,0,0,1
products,1048576,schoolbook,13,4,2770145.750,50331648,0,0,1
products,1048576,karatsuba_barrett,13,4,1794864.500,50331648,0,0,1
products,1048576,karatsuba,14,4,3275354.250,50331648,0,0,1
products,1048576,shared_unroll4,14,4,960073.000,50331648,0,0,1
products,1048576,shared_unroll8,14,4,963479.000,50331648,0,0,1
products,1048576,shared,14,4,960343.750,50331648,0,0,1
products,1048576,shared_unroll2,14,4,955145.750,50331648,0,0,1
products,1048576,karatsuba_barrett,14,4,1705833.500,50331648,0,0,1
products,1048576,scalar_lanes,14,4,900135.500,50331648,0,0,1
products,1048576,flock,14,4,904364.750,50331648,0,0,1
products,1048576,schoolbook,14,4,2792323.000,50331648,0,0,1
products,1048576,flock,15,4,915281.250,50331648,0,0,1
products,1048576,karatsuba,15,4,3220916.500,50331648,0,0,1
products,1048576,shared_unroll2,15,4,972312.500,50331648,0,0,1
products,1048576,schoolbook,15,4,2785354.250,50331648,0,0,1
products,1048576,karatsuba_barrett,15,4,1748687.500,50331648,0,0,1
products,1048576,shared,15,4,972448.000,50331648,0,0,1
products,1048576,scalar_lanes,15,4,935291.750,50331648,0,0,1
products,1048576,shared_unroll8,15,4,977468.750,50331648,0,0,1
products,1048576,shared_unroll4,15,4,973718.750,50331648,0,0,1
products,1048576,shared_unroll2,16,4,968656.250,50331648,0,0,1
products,1048576,shared_unroll4,16,4,964229.000,50331648,0,0,1
products,1048576,karatsuba,16,4,3243968.750,50331648,0,0,1
products,1048576,schoolbook,16,4,2807645.750,50331648,0,0,1
products,1048576,scalar_lanes,16,4,924750.000,50331648,0,0,1
products,1048576,karatsuba_barrett,16,4,1694687.500,50331648,0,0,1
products,1048576,shared_unroll8,16,4,976437.500,50331648,0,0,1
products,1048576,shared,16,4,1019500.000,50331648,0,0,1
products,1048576,flock,16,4,997895.750,50331648,0,0,1
products,1048576,scalar_lanes,17,4,957697.750,50331648,0,0,1
products,1048576,schoolbook,17,4,2777218.750,50331648,0,0,1
products,1048576,shared,17,4,984614.500,50331648,0,0,1
products,1048576,shared_unroll8,17,4,963729.000,50331648,0,0,1
products,1048576,shared_unroll4,17,4,985708.250,50331648,0,0,1
products,1048576,flock,17,4,918489.500,50331648,0,0,1
products,1048576,karatsuba_barrett,17,4,1752364.500,50331648,0,0,1
products,1048576,karatsuba,17,4,3250114.500,50331648,0,0,1
products,1048576,shared_unroll2,17,4,968656.250,50331648,0,0,1
products,1048576,shared_unroll2,18,4,966625.000,50331648,0,0,1
products,1048576,karatsuba,18,4,3271958.250,50331648,0,0,1
products,1048576,flock,18,4,912781.250,50331648,0,0,1
products,1048576,schoolbook,18,4,2772302.000,50331648,0,0,1
products,1048576,shared_unroll4,18,4,974989.750,50331648,0,0,1
products,1048576,shared_unroll8,18,4,967791.500,50331648,0,0,1
products,1048576,shared,18,4,972854.250,50331648,0,0,1
products,1048576,karatsuba_barrett,18,4,1722625.000,50331648,0,0,1
products,1048576,scalar_lanes,18,4,918812.500,50331648,0,0,1
products,1048576,shared,19,4,957729.000,50331648,0,0,1
products,1048576,flock,19,4,922979.250,50331648,0,0,1
products,1048576,shared_unroll8,19,4,955479.250,50331648,0,0,1
products,1048576,shared_unroll2,19,4,965781.250,50331648,0,0,1
products,1048576,karatsuba_barrett,19,4,1742104.250,50331648,0,0,1
products,1048576,schoolbook,19,4,2808125.000,50331648,0,0,1
products,1048576,scalar_lanes,19,4,917072.750,50331648,0,0,1
products,1048576,karatsuba,19,4,3288395.750,50331648,0,0,1
products,1048576,shared_unroll4,19,4,979718.750,50331648,0,0,1
products,1048576,shared,20,4,969010.250,50331648,0,0,1
products,1048576,scalar_lanes,20,4,908760.250,50331648,0,0,1
products,1048576,karatsuba_barrett,20,4,1776000.000,50331648,0,0,1
products,1048576,schoolbook,20,4,2792666.750,50331648,0,0,1
products,1048576,flock,20,4,925802.000,50331648,0,0,1
products,1048576,shared_unroll8,20,4,974416.500,50331648,0,0,1
products,1048576,shared_unroll4,20,4,978729.000,50331648,0,0,1
products,1048576,shared_unroll2,20,4,969291.750,50331648,0,0,1
products,1048576,karatsuba,20,4,3252031.250,50331648,0,0,1
products,1048576,schoolbook,21,4,2756208.250,50331648,0,0,1
products,1048576,shared_unroll8,21,4,983135.250,50331648,0,0,1
products,1048576,shared_unroll2,21,4,971354.000,50331648,0,0,1
products,1048576,flock,21,4,922781.250,50331648,0,0,1
products,1048576,shared_unroll4,21,4,972916.500,50331648,0,0,1
products,1048576,scalar_lanes,21,4,943989.500,50331648,0,0,1
products,1048576,shared,21,4,982521.000,50331648,0,0,1
products,1048576,karatsuba,21,4,3272458.250,50331648,0,0,1
products,1048576,karatsuba_barrett,21,4,1764739.750,50331648,0,0,1
products,1048576,shared,22,4,995979.000,50331648,0,0,1
products,1048576,shared_unroll4,22,4,991250.000,50331648,0,0,1
products,1048576,schoolbook,22,4,2739906.250,50331648,0,0,1
products,1048576,karatsuba,22,4,3227781.250,50331648,0,0,1
products,1048576,flock,22,4,900520.750,50331648,0,0,1
products,1048576,shared_unroll2,22,4,965823.000,50331648,0,0,1
products,1048576,karatsuba_barrett,22,4,1769083.500,50331648,0,0,1
products,1048576,scalar_lanes,22,4,915312.500,50331648,0,0,1
products,1048576,shared_unroll8,22,4,965395.750,50331648,0,0,1
products,1048576,shared_unroll2,23,4,967739.500,50331648,0,0,1
products,1048576,flock,23,4,931239.750,50331648,0,0,1
products,1048576,scalar_lanes,23,4,927614.500,50331648,0,0,1
products,1048576,schoolbook,23,4,2778396.000,50331648,0,0,1
products,1048576,shared,23,4,1002968.750,50331648,0,0,1
products,1048576,karatsuba_barrett,23,4,1750302.000,50331648,0,0,1
products,1048576,shared_unroll8,23,4,991489.750,50331648,0,0,1
products,1048576,shared_unroll4,23,4,982677.000,50331648,0,0,1
products,1048576,karatsuba,23,4,3267177.250,50331648,0,0,1
products,1048576,shared_unroll4,24,4,986396.000,50331648,0,0,1
products,1048576,scalar_lanes,24,4,933364.500,50331648,0,0,1
products,1048576,flock,24,4,914885.500,50331648,0,0,1
products,1048576,shared,24,4,981260.500,50331648,0,0,1
products,1048576,karatsuba_barrett,24,4,1779375.000,50331648,0,0,1
products,1048576,shared_unroll8,24,4,1002156.250,50331648,0,0,1
products,1048576,shared_unroll2,24,4,979052.000,50331648,0,0,1
products,1048576,karatsuba,24,4,3294948.000,50331648,0,0,1
products,1048576,schoolbook,24,4,2815604.000,50331648,0,0,1
products,1048576,shared_unroll4,25,4,985927.000,50331648,0,0,1
products,1048576,shared_unroll8,25,4,991489.750,50331648,0,0,1
products,1048576,schoolbook,25,4,2733323.000,50331648,0,0,1
products,1048576,shared,25,4,957948.000,50331648,0,0,1
products,1048576,shared_unroll2,25,4,958739.500,50331648,0,0,1
products,1048576,flock,25,4,915000.000,50331648,0,0,1
products,1048576,karatsuba_barrett,25,4,1763302.250,50331648,0,0,1
products,1048576,scalar_lanes,25,4,922218.750,50331648,0,0,1
products,1048576,karatsuba,25,4,3216593.750,50331648,0,0,1
products,1048576,karatsuba_barrett,26,4,1796427.000,50331648,0,0,1
products,1048576,shared,26,4,976145.750,50331648,0,0,1
products,1048576,shared_unroll4,26,4,981635.500,50331648,0,0,1
products,1048576,shared_unroll8,26,4,996135.500,50331648,0,0,1
products,1048576,karatsuba,26,4,3265802.000,50331648,0,0,1
products,1048576,scalar_lanes,26,4,917093.750,50331648,0,0,1
products,1048576,shared_unroll2,26,4,987364.500,50331648,0,0,1
products,1048576,schoolbook,26,4,2778302.000,50331648,0,0,1
products,1048576,flock,26,4,944354.250,50331648,0,0,1
products,1048576,shared_unroll2,27,4,963822.750,50331648,0,0,1
products,1048576,shared,27,4,980854.250,50331648,0,0,1
products,1048576,scalar_lanes,27,4,939302.000,50331648,0,0,1
products,1048576,flock,27,4,924989.500,50331648,0,0,1
products,1048576,schoolbook,27,4,2783968.750,50331648,0,0,1
products,1048576,shared_unroll4,27,4,972625.000,50331648,0,0,1
products,1048576,karatsuba,27,4,3272864.750,50331648,0,0,1
products,1048576,karatsuba_barrett,27,4,1761208.250,50331648,0,0,1
products,1048576,shared_unroll8,27,4,981541.750,50331648,0,0,1
products,1048576,schoolbook,28,4,2789739.500,50331648,0,0,1
products,1048576,shared,28,4,979302.250,50331648,0,0,1
products,1048576,flock,28,4,934947.750,50331648,0,0,1
products,1048576,scalar_lanes,28,4,922260.500,50331648,0,0,1
products,1048576,shared_unroll4,28,4,982281.250,50331648,0,0,1
products,1048576,shared_unroll8,28,4,960958.250,50331648,0,0,1
products,1048576,karatsuba,28,4,3243135.500,50331648,0,0,1
products,1048576,karatsuba_barrett,28,4,1751927.000,50331648,0,0,1
products,1048576,shared_unroll2,28,4,978864.750,50331648,0,0,1
products,1048576,flock,29,4,931875.000,50331648,0,0,1
products,1048576,shared,29,4,969718.750,50331648,0,0,1
products,1048576,karatsuba_barrett,29,4,1774843.750,50331648,0,0,1
products,1048576,scalar_lanes,29,4,907708.500,50331648,0,0,1
products,1048576,shared_unroll8,29,4,954677.250,50331648,0,0,1
products,1048576,schoolbook,29,4,2774552.250,50331648,0,0,1
products,1048576,shared_unroll4,29,4,948656.250,50331648,0,0,1
products,1048576,karatsuba,29,4,3221937.500,50331648,0,0,1
products,1048576,shared_unroll2,29,4,966114.750,50331648,0,0,1
products,1048576,schoolbook,30,4,2729833.500,50331648,0,0,1
products,1048576,shared_unroll2,30,4,960364.500,50331648,0,0,1
products,1048576,shared_unroll8,30,4,978562.500,50331648,0,0,1
products,1048576,shared_unroll4,30,4,1000989.500,50331648,0,0,1
products,1048576,flock,30,4,910885.500,50331648,0,0,1
products,1048576,scalar_lanes,30,4,940593.750,50331648,0,0,1
products,1048576,shared,30,4,977333.500,50331648,0,0,1
products,1048576,karatsuba,30,4,3208093.750,50331648,0,0,1
products,1048576,karatsuba_barrett,30,4,1742468.750,50331648,0,0,1
products,1048576,shared_unroll4,31,4,954823.000,50331648,0,0,1
products,1048576,schoolbook,31,4,2730521.000,50331648,0,0,1
products,1048576,flock,31,4,909833.250,50331648,0,0,1
products,1048576,shared_unroll8,31,4,973000.000,50331648,0,0,1
products,1048576,shared_unroll2,31,4,974583.500,50331648,0,0,1
products,1048576,scalar_lanes,31,4,937197.750,50331648,0,0,1
products,1048576,karatsuba,31,4,3233010.500,50331648,0,0,1
products,1048576,karatsuba_barrett,31,4,1736927.000,50331648,0,0,1
products,1048576,shared,31,4,960083.250,50331648,0,0,1
chain,16,flock,0,65536,61.285,256,0,0,1
chain,16,schoolbook,0,65536,112.810,256,0,0,1
chain,16,karatsuba_barrett,0,65536,81.719,256,0,0,1
chain,16,shared,0,65536,59.914,256,0,0,1
chain,16,karatsuba,0,65536,111.635,256,0,0,1
chain,16,scalar_lanes,0,65536,59.539,256,0,0,1
chain,16,karatsuba,1,65536,111.920,256,0,0,1
chain,16,scalar_lanes,1,65536,59.425,256,0,0,1
chain,16,flock,1,65536,60.982,256,0,0,1
chain,16,karatsuba_barrett,1,65536,83.175,256,0,0,1
chain,16,shared,1,65536,59.685,256,0,0,1
chain,16,schoolbook,1,65536,112.855,256,0,0,1
chain,16,schoolbook,2,65536,112.729,256,0,0,1
chain,16,karatsuba,2,65536,111.242,256,0,0,1
chain,16,shared,2,65536,59.692,256,0,0,1
chain,16,scalar_lanes,2,65536,59.779,256,0,0,1
chain,16,flock,2,65536,60.691,256,0,0,1
chain,16,karatsuba_barrett,2,65536,82.350,256,0,0,1
chain,16,schoolbook,3,65536,112.314,256,0,0,1
chain,16,shared,3,65536,59.414,256,0,0,1
chain,16,karatsuba,3,65536,111.067,256,0,0,1
chain,16,karatsuba_barrett,3,65536,82.237,256,0,0,1
chain,16,scalar_lanes,3,65536,61.387,256,0,0,1
chain,16,flock,3,65536,60.010,256,0,0,1
chain,16,flock,4,65536,60.659,256,0,0,1
chain,16,karatsuba,4,65536,111.127,256,0,0,1
chain,16,schoolbook,4,65536,112.715,256,0,0,1
chain,16,karatsuba_barrett,4,65536,81.813,256,0,0,1
chain,16,scalar_lanes,4,65536,59.341,256,0,0,1
chain,16,shared,4,65536,59.291,256,0,0,1
chain,16,flock,5,65536,60.108,256,0,0,1
chain,16,karatsuba,5,65536,111.435,256,0,0,1
chain,16,schoolbook,5,65536,112.776,256,0,0,1
chain,16,scalar_lanes,5,65536,62.809,256,0,0,1
chain,16,karatsuba_barrett,5,65536,82.052,256,0,0,1
chain,16,shared,5,65536,61.121,256,0,0,1
chain,16,flock,6,65536,61.042,256,0,0,1
chain,16,schoolbook,6,65536,113.127,256,0,0,1
chain,16,shared,6,65536,59.284,256,0,0,1
chain,16,karatsuba_barrett,6,65536,82.040,256,0,0,1
chain,16,karatsuba,6,65536,111.498,256,0,0,1
chain,16,scalar_lanes,6,65536,59.318,256,0,0,1
chain,16,schoolbook,7,65536,113.668,256,0,0,1
chain,16,karatsuba,7,65536,111.482,256,0,0,1
chain,16,karatsuba_barrett,7,65536,82.901,256,0,0,1
chain,16,flock,7,65536,60.246,256,0,0,1
chain,16,shared,7,65536,60.038,256,0,0,1
chain,16,scalar_lanes,7,65536,59.738,256,0,0,1
chain,16,schoolbook,8,65536,113.196,256,0,0,1
chain,16,flock,8,65536,60.334,256,0,0,1
chain,16,shared,8,65536,60.297,256,0,0,1
chain,16,scalar_lanes,8,65536,59.747,256,0,0,1
chain,16,karatsuba,8,65536,111.609,256,0,0,1
chain,16,karatsuba_barrett,8,65536,82.579,256,0,0,1
chain,16,karatsuba_barrett,9,65536,82.261,256,0,0,1
chain,16,flock,9,65536,60.290,256,0,0,1
chain,16,schoolbook,9,65536,113.408,256,0,0,1
chain,16,shared,9,65536,59.676,256,0,0,1
chain,16,scalar_lanes,9,65536,59.695,256,0,0,1
chain,16,karatsuba,9,65536,111.355,256,0,0,1
chain,16,flock,10,65536,60.527,256,0,0,1
chain,16,scalar_lanes,10,65536,59.735,256,0,0,1
chain,16,schoolbook,10,65536,113.189,256,0,0,1
chain,16,karatsuba,10,65536,111.612,256,0,0,1
chain,16,shared,10,65536,59.972,256,0,0,1
chain,16,karatsuba_barrett,10,65536,82.001,256,0,0,1
chain,16,karatsuba_barrett,11,65536,82.102,256,0,0,1
chain,16,karatsuba,11,65536,111.505,256,0,0,1
chain,16,flock,11,65536,60.651,256,0,0,1
chain,16,schoolbook,11,65536,112.933,256,0,0,1
chain,16,scalar_lanes,11,65536,60.301,256,0,0,1
chain,16,shared,11,65536,59.563,256,0,0,1
chain,16,flock,12,65536,60.502,256,0,0,1
chain,16,karatsuba_barrett,12,65536,82.156,256,0,0,1
chain,16,shared,12,65536,59.262,256,0,0,1
chain,16,karatsuba,12,65536,111.184,256,0,0,1
chain,16,schoolbook,12,65536,112.278,256,0,0,1
chain,16,scalar_lanes,12,65536,59.451,256,0,0,1
chain,16,flock,13,65536,59.899,256,0,0,1
chain,16,shared,13,65536,59.216,256,0,0,1
chain,16,karatsuba,13,65536,111.028,256,0,0,1
chain,16,scalar_lanes,13,65536,59.821,256,0,0,1
chain,16,karatsuba_barrett,13,65536,82.844,256,0,0,1
chain,16,schoolbook,13,65536,112.583,256,0,0,1
chain,16,shared,14,65536,59.945,256,0,0,1
chain,16,karatsuba,14,65536,111.792,256,0,0,1
chain,16,schoolbook,14,65536,112.301,256,0,0,1
chain,16,flock,14,65536,60.162,256,0,0,1
chain,16,karatsuba_barrett,14,65536,81.848,256,0,0,1
chain,16,scalar_lanes,14,65536,59.793,256,0,0,1
chain,16,karatsuba,15,65536,111.465,256,0,0,1
chain,16,flock,15,65536,60.391,256,0,0,1
chain,16,scalar_lanes,15,65536,59.398,256,0,0,1
chain,16,schoolbook,15,65536,112.481,256,0,0,1
chain,16,shared,15,65536,60.190,256,0,0,1
chain,16,karatsuba_barrett,15,65536,82.157,256,0,0,1
chain,16,flock,16,65536,60.028,256,0,0,1
chain,16,scalar_lanes,16,65536,59.502,256,0,0,1
chain,16,schoolbook,16,65536,112.493,256,0,0,1
chain,16,shared,16,65536,59.825,256,0,0,1
chain,16,karatsuba,16,65536,111.357,256,0,0,1
chain,16,karatsuba_barrett,16,65536,82.669,256,0,0,1
chain,16,shared,17,65536,59.881,256,0,0,1
chain,16,scalar_lanes,17,65536,59.718,256,0,0,1
chain,16,schoolbook,17,65536,112.422,256,0,0,1
chain,16,karatsuba,17,65536,111.579,256,0,0,1
chain,16,flock,17,65536,60.144,256,0,0,1
chain,16,karatsuba_barrett,17,65536,82.006,256,0,0,1
chain,16,scalar_lanes,18,65536,59.391,256,0,0,1
chain,16,flock,18,65536,60.378,256,0,0,1
chain,16,schoolbook,18,65536,112.936,256,0,0,1
chain,16,karatsuba,18,65536,111.232,256,0,0,1
chain,16,shared,18,65536,59.945,256,0,0,1
chain,16,karatsuba_barrett,18,65536,82.481,256,0,0,1
chain,16,karatsuba,19,65536,111.171,256,0,0,1
chain,16,scalar_lanes,19,65536,59.946,256,0,0,1
chain,16,schoolbook,19,65536,112.471,256,0,0,1
chain,16,karatsuba_barrett,19,65536,82.325,256,0,0,1
chain,16,shared,19,65536,59.820,256,0,0,1
chain,16,flock,19,65536,60.085,256,0,0,1
chain,16,scalar_lanes,20,65536,59.645,256,0,0,1
chain,16,schoolbook,20,65536,112.658,256,0,0,1
chain,16,shared,20,65536,59.762,256,0,0,1
chain,16,karatsuba_barrett,20,65536,81.949,256,0,0,1
chain,16,karatsuba,20,65536,111.198,256,0,0,1
chain,16,flock,20,65536,60.610,256,0,0,1
chain,16,shared,21,65536,59.877,256,0,0,1
chain,16,karatsuba_barrett,21,65536,82.619,256,0,0,1
chain,16,scalar_lanes,21,65536,59.498,256,0,0,1
chain,16,schoolbook,21,65536,112.565,256,0,0,1
chain,16,karatsuba,21,65536,110.861,256,0,0,1
chain,16,flock,21,65536,60.467,256,0,0,1
chain,16,scalar_lanes,22,65536,59.871,256,0,0,1
chain,16,shared,22,65536,59.943,256,0,0,1
chain,16,schoolbook,22,65536,112.654,256,0,0,1
chain,16,flock,22,65536,60.175,256,0,0,1
chain,16,karatsuba,22,65536,111.228,256,0,0,1
chain,16,karatsuba_barrett,22,65536,81.769,256,0,0,1
chain,16,flock,23,65536,60.317,256,0,0,1
chain,16,karatsuba,23,65536,111.250,256,0,0,1
chain,16,schoolbook,23,65536,112.322,256,0,0,1
chain,16,karatsuba_barrett,23,65536,81.653,256,0,0,1
chain,16,shared,23,65536,59.377,256,0,0,1
chain,16,scalar_lanes,23,65536,59.593,256,0,0,1
chain,16,scalar_lanes,24,65536,59.747,256,0,0,1
chain,16,schoolbook,24,65536,112.695,256,0,0,1
chain,16,flock,24,65536,60.850,256,0,0,1
chain,16,karatsuba_barrett,24,65536,82.197,256,0,0,1
chain,16,shared,24,65536,59.599,256,0,0,1
chain,16,karatsuba,24,65536,111.649,256,0,0,1
chain,16,karatsuba,25,65536,111.464,256,0,0,1
chain,16,flock,25,65536,60.520,256,0,0,1
chain,16,karatsuba_barrett,25,65536,82.151,256,0,0,1
chain,16,scalar_lanes,25,65536,59.425,256,0,0,1
chain,16,shared,25,65536,59.813,256,0,0,1
chain,16,schoolbook,25,65536,112.799,256,0,0,1
chain,16,scalar_lanes,26,65536,60.164,256,0,0,1
chain,16,karatsuba_barrett,26,65536,82.242,256,0,0,1
chain,16,karatsuba,26,65536,111.114,256,0,0,1
chain,16,shared,26,65536,59.286,256,0,0,1
chain,16,flock,26,65536,59.923,256,0,0,1
chain,16,schoolbook,26,65536,112.603,256,0,0,1
chain,16,flock,27,65536,60.098,256,0,0,1
chain,16,shared,27,65536,59.382,256,0,0,1
chain,16,karatsuba_barrett,27,65536,81.614,256,0,0,1
chain,16,scalar_lanes,27,65536,59.350,256,0,0,1
chain,16,schoolbook,27,65536,112.450,256,0,0,1
chain,16,karatsuba,27,65536,110.882,256,0,0,1
chain,16,karatsuba,28,65536,111.216,256,0,0,1
chain,16,flock,28,65536,59.884,256,0,0,1
chain,16,scalar_lanes,28,65536,59.684,256,0,0,1
chain,16,shared,28,65536,59.565,256,0,0,1
chain,16,schoolbook,28,65536,112.460,256,0,0,1
chain,16,karatsuba_barrett,28,65536,81.621,256,0,0,1
chain,16,karatsuba,29,65536,111.116,256,0,0,1
chain,16,flock,29,65536,59.888,256,0,0,1
chain,16,shared,29,65536,59.455,256,0,0,1
chain,16,schoolbook,29,65536,112.223,256,0,0,1
chain,16,karatsuba_barrett,29,65536,81.453,256,0,0,1
chain,16,scalar_lanes,29,65536,59.167,256,0,0,1
chain,16,karatsuba_barrett,30,65536,81.413,256,0,0,1
chain,16,shared,30,65536,59.197,256,0,0,1
chain,16,scalar_lanes,30,65536,59.287,256,0,0,1
chain,16,flock,30,65536,59.811,256,0,0,1
chain,16,karatsuba,30,65536,110.870,256,0,0,1
chain,16,schoolbook,30,65536,112.080,256,0,0,1
chain,16,karatsuba_barrett,31,65536,81.531,256,0,0,1
chain,16,flock,31,65536,60.200,256,0,0,1
chain,16,schoolbook,31,65536,112.595,256,0,0,1
chain,16,shared,31,65536,59.252,256,0,0,1
chain,16,karatsuba,31,65536,111.502,256,0,0,1
chain,16,scalar_lanes,31,65536,59.487,256,0,0,1
chain,1024,flock,0,512,8047.037,16384,0,0,1
chain,1024,schoolbook,0,512,10128.418,16384,0,0,1
chain,1024,shared,0,512,7962.564,16384,0,0,1
chain,1024,karatsuba_barrett,0,512,9922.037,16384,0,0,1
chain,1024,karatsuba,0,512,8864.258,16384,0,0,1
chain,1024,scalar_lanes,0,512,7943.033,16384,0,0,1
chain,1024,scalar_lanes,1,512,7953.775,16384,0,0,1
chain,1024,schoolbook,1,512,10130.941,16384,0,0,1
chain,1024,karatsuba,1,512,8831.867,16384,0,0,1
chain,1024,karatsuba_barrett,1,512,9925.373,16384,0,0,1
chain,1024,flock,1,512,8066.242,16384,0,0,1
chain,1024,shared,1,512,7959.717,16384,0,0,1
chain,1024,schoolbook,2,512,10119.873,16384,0,0,1
chain,1024,karatsuba,2,512,8837.564,16384,0,0,1
chain,1024,flock,2,512,8057.211,16384,0,0,1
chain,1024,shared,2,512,7961.020,16384,0,0,1
chain,1024,karatsuba_barrett,2,512,9852.619,16384,0,0,1
chain,1024,scalar_lanes,2,512,7951.254,16384,0,0,1
chain,1024,karatsuba_barrett,3,512,9934.246,16384,0,0,1
chain,1024,karatsuba,3,512,8845.215,16384,0,0,1
chain,1024,scalar_lanes,3,512,7947.754,16384,0,0,1
chain,1024,shared,3,512,7964.762,16384,0,0,1
chain,1024,schoolbook,3,512,10117.352,16384,0,0,1
chain,1024,flock,3,512,8056.641,16384,0,0,1
chain,1024,karatsuba,4,512,8824.869,16384,0,0,1
chain,1024,karatsuba_barrett,4,512,9908.529,16384,0,0,1
chain,1024,shared,4,512,7968.262,16384,0,0,1
chain,1024,scalar_lanes,4,512,7959.064,16384,0,0,1
chain,1024,flock,4,512,8056.559,16384,0,0,1
chain,1024,schoolbook,4,512,10104.492,16384,0,0,1
chain,1024,schoolbook,5,512,10112.549,16384,0,0,1
chain,1024,flock,5,512,8051.514,16384,0,0,1
chain,1024,karatsuba,5,512,8839.844,16384,0,0,1
chain,1024,karatsuba_barrett,5,512,9943.928,16384,0,0,1
chain,1024,scalar_lanes,5,512,7958.008,16384,0,0,1
chain,1024,shared,5,512,7976.725,16384,0,0,1
chain,1024,karatsuba,6,512,8818.523,16384,0,0,1
chain,1024,shared,6,512,7962.484,16384,0,0,1
chain,1024,schoolbook,6,512,10117.676,16384,0,0,1
chain,1024,karatsuba_barrett,6,512,9872.070,16384,0,0,1
chain,1024,flock,6,512,8046.061,16384,0,0,1
chain,1024,scalar_lanes,6,512,7979.980,16384,0,0,1
chain,1024,karatsuba_barrett,7,512,9869.465,16384,0,0,1
chain,1024,shared,7,512,7966.797,16384,0,0,1
chain,1024,flock,7,512,8049.561,16384,0,0,1
chain,1024,schoolbook,7,512,10120.035,16384,0,0,1
chain,1024,karatsuba,7,512,8817.139,16384,0,0,1
chain,1024,scalar_lanes,7,512,7953.287,16384,0,0,1
chain,1024,karatsuba,8,512,8829.264,16384,0,0,1
chain,1024,karatsuba_barrett,8,512,9877.115,16384,0,0,1
chain,1024,scalar_lanes,8,512,7972.250,16384,0,0,1
chain,1024,shared,8,512,7961.832,16384,0,0,1
chain,1024,schoolbook,8,512,10129.883,16384,0,0,1
chain,1024,flock,8,512,8078.613,16384,0,0,1
chain,1024,karatsuba_barrett,9,512,9881.021,16384,0,0,1
chain,1024,schoolbook,9,512,10110.434,16384,0,0,1
chain,1024,shared,9,512,7967.121,16384,0,0,1
chain,1024,karatsuba,9,512,8894.043,16384,0,0,1
chain,1024,flock,9,512,8051.758,16384,0,0,1
chain,1024,scalar_lanes,9,512,7975.912,16384,0,0,1
chain,1024,flock,10,512,8249.105,16384,0,0,1
chain,1024,shared,10,512,8319.498,16384,0,0,1
chain,1024,schoolbook,10,512,10680.828,16384,0,0,1
chain,1024,karatsuba_barrett,10,512,10290.447,16384,0,0,1
chain,1024,scalar_lanes,10,512,8465.414,16384,0,0,1
chain,1024,karatsuba,10,512,8914.143,16384,0,0,1
chain,1024,karatsuba_barrett,11,512,9987.631,16384,0,0,1
chain,1024,scalar_lanes,11,512,7978.598,16384,0,0,1
chain,1024,flock,11,512,8078.938,16384,0,0,1
chain,1024,shared,11,512,8017.740,16384,0,0,1
chain,1024,schoolbook,11,512,10162.760,16384,0,0,1
chain,1024,karatsuba,11,512,8917.645,16384,0,0,1
chain,1024,karatsuba,12,512,8875.164,16384,0,0,1
chain,1024,scalar_lanes,12,512,7954.590,16384,0,0,1
chain,1024,shared,12,512,7969.889,16384,0,0,1
chain,1024,flock,12,512,8066.975,16384,0,0,1
chain,1024,karatsuba_barrett,12,512,9964.029,16384,0,0,1
chain,1024,schoolbook,12,512,10163.818,16384,0,0,1
chain,1024,karatsuba_barrett,13,512,9937.664,16384,0,0,1
chain,1024,shared,13,512,7993.082,16384,0,0,1
chain,1024,scalar_lanes,13,512,7974.936,16384,0,0,1
chain,1024,karatsuba,13,512,8826.740,16384,0,0,1
chain,1024,schoolbook,13,512,10120.768,16384,0,0,1
chain,1024,flock,13,512,8048.584,16384,0,0,1
chain,1024,shared,14,512,7960.773,16384,0,0,1
chain,1024,schoolbook,14,512,10113.281,16384,0,0,1
chain,1024,karatsuba_barrett,14,512,9950.439,16384,0,0,1
chain,1024,scalar_lanes,14,512,7998.291,16384,0,0,1
chain,1024,flock,14,512,8095.947,16384,0,0,1
chain,1024,karatsuba,14,512,8841.553,16384,0,0,1
chain,1024,shared,15,512,7958.984,16384,0,0,1
chain,1024,schoolbook,15,512,10132.486,16384,0,0,1
chain,1024,scalar_lanes,15,512,7962.402,16384,0,0,1
chain,1024,karatsuba,15,512,8853.189,16384,0,0,1
chain,1024,flock,15,512,8063.068,16384,0,0,1
chain,1024,karatsuba_barrett,15,512,9909.098,16384,0,0,1
chain,1024,karatsuba_barrett,16,512,9911.865,16384,0,0,1
chain,1024,karatsuba,16,512,8842.123,16384,0,0,1
chain,1024,flock,16,512,8050.455,16384,0,0,1
chain,1024,scalar_lanes,16,512,7981.934,16384,0,0,1
chain,1024,schoolbook,16,512,10110.596,16384,0,0,1
chain,1024,shared,16,512,7966.553,16384,0,0,1
chain,1024,karatsuba,17,512,8841.635,16384,0,0,1
chain,1024,schoolbook,17,512,10129.639,16384,0,0,1
chain,1024,karatsuba_barrett,17,512,9930.176,16384,0,0,1
chain,1024,shared,17,512,7963.785,16384,0,0,1
chain,1024,scalar_lanes,17,512,7942.545,16384,0,0,1
chain,1024,flock,17,512,8052.734,16384,0,0,1
chain,1024,schoolbook,18,512,10139.160,16384,0,0,1
chain,1024,flock,18,512,8046.631,16384,0,0,1
chain,1024,karatsuba_barrett,18,512,9961.100,16384,0,0,1
chain,1024,shared,18,512,7961.344,16384,0,0,1
chain,1024,scalar_lanes,18,512,7957.031,16384,0,0,1
chain,1024,karatsuba,18,512,8827.475,16384,0,0,1
chain,1024,schoolbook,19,512,10126.871,16384,0,0,1
chain,1024,shared,19,512,7961.182,16384,0,0,1
chain,1024,karatsuba,19,512,8852.783,16384,0,0,1
chain,1024,scalar_lanes,19,512,7970.215,16384,0,0,1
chain,1024,karatsuba_barrett,19,512,9902.588,16384,0,0,1
chain,1024,flock,19,512,8050.701,16384,0,0,1
chain,1024,karatsuba_barrett,20,512,9912.109,16384,0,0,1
chain,1024,flock,20,512,8059.488,16384,0,0,1
chain,1024,shared,20,512,7959.146,16384,0,0,1
chain,1024,scalar_lanes,20,512,7944.416,16384,0,0,1
chain,1024,karatsuba,20,512,8815.023,16384,0,0,1
chain,1024,schoolbook,20,512,10116.455,16384,0,0,1
chain,1024,schoolbook,21,512,10111.816,16384,0,0,1
chain,1024,flock,21,512,8050.293,16384,0,0,1
chain,1024,karatsuba,21,512,8842.121,16384,0,0,1
chain,1024,karatsuba_barrett,21,512,9888.754,16384,0,0,1
chain,1024,scalar_lanes,21,512,7968.670,16384,0,0,1
chain,1024,shared,21,512,7970.459,16384,0,0,1
chain,1024,karatsuba_barrett,22,512,9893.229,16384,0,0,1
chain,1024,schoolbook,22,512,10134.766,16384,0,0,1
chain,1024,scalar_lanes,22,512,7947.184,16384,0,0,1
chain,1024,karatsuba,22,512,8816.895,16384,0,0,1
chain,1024,shared,22,512,7963.949,16384,0,0,1
chain,1024,flock,22,512,8048.016,16384,0,0,1
chain,1024,karatsuba,23,512,8812.338,16384,0,0,1
chain,1024,karatsuba_barrett,23,512,9884.521,16384,0,0,1
chain,1024,shared,23,512,7955.078,16384,0,0,1
chain,1024,schoolbook,23,512,10134.848,16384,0,0,1
chain,1024,scalar_lanes,23,512,7943.766,16384,0,0,1
chain,1024,flock,23,512,8056.396,16384,0,0,1
chain,1024,schoolbook,24,512,10126.139,16384,0,0,1
chain,1024,flock,24,512,8058.268,16384,0,0,1
chain,1024,karatsuba,24,512,8845.297,16384,0,0,1
chain,1024,scalar_lanes,24,512,7954.266,16384,0,0,1
chain,1024,shared,24,512,7964.682,16384,0,0,1
chain,1024,karatsuba_barrett,24,512,9869.791,16384,0,0,1
chain,1024,schoolbook,25,512,10118.326,16384,0,0,1
chain,1024,karatsuba_barrett,25,512,9867.188,16384,0,0,1
chain,1024,karatsuba,25,512,8840.982,16384,0,0,1
chain,1024,scalar_lanes,25,512,7947.104,16384,0,0,1
chain,1024,flock,25,512,8084.066,16384,0,0,1
chain,1024,shared,25,512,7973.551,16384,0,0,1
chain,1024,flock,26,512,8053.955,16384,0,0,1
chain,1024,schoolbook,26,512,10110.596,16384,0,0,1
chain,1024,karatsuba,26,512,8813.885,16384,0,0,1
chain,1024,karatsuba_barrett,26,512,9892.986,16384,0,0,1
chain,1024,shared,26,512,7955.242,16384,0,0,1
chain,1024,scalar_lanes,26,512,7962.971,16384,0,0,1
chain,1024,karatsuba_barrett,27,512,9895.914,16384,0,0,1
chain,1024,flock,27,512,8094.158,16384,0,0,1
chain,1024,shared,27,512,7961.752,16384,0,0,1
chain,1024,karatsuba,27,512,8833.172,16384,0,0,1
chain,1024,schoolbook,27,512,10120.441,16384,0,0,1
chain,1024,scalar_lanes,27,512,7980.957,16384,0,0,1
chain,1024,schoolbook,28,512,10102.865,16384,0,0,1
chain,1024,scalar_lanes,28,512,7949.787,16384,0,0,1
chain,1024,karatsuba,28,512,8841.797,16384,0,0,1
chain,1024,shared,28,512,7959.637,16384,0,0,1
chain,1024,flock,28,512,8116.943,16384,0,0,1
chain,1024,karatsuba_barrett,28,512,9871.826,16384,0,0,1
chain,1024,flock,29,512,8054.605,16384,0,0,1
chain,1024,schoolbook,29,512,10106.527,16384,0,0,1
chain,1024,shared,29,512,7984.783,16384,0,0,1
chain,1024,karatsuba,29,512,8821.697,16384,0,0,1
chain,1024,scalar_lanes,29,512,7945.719,16384,0,0,1
chain,1024,karatsuba_barrett,29,512,9908.447,16384,0,0,1
chain,1024,scalar_lanes,30,512,7963.055,16384,0,0,1
chain,1024,karatsuba_barrett,30,512,9873.535,16384,0,0,1
chain,1024,shared,30,512,7973.553,16384,0,0,1
chain,1024,karatsuba,30,512,9684.814,16384,0,0,1
chain,1024,schoolbook,30,512,10120.443,16384,0,0,1
chain,1024,flock,30,512,8242.432,16384,0,0,1
chain,1024,karatsuba,31,512,8816.814,16384,0,0,1
chain,1024,shared,31,512,7970.215,16384,0,0,1
chain,1024,flock,31,512,8053.955,16384,0,0,1
chain,1024,schoolbook,31,512,10125.896,16384,0,0,1
chain,1024,scalar_lanes,31,512,7946.615,16384,0,0,1
chain,1024,karatsuba_barrett,31,512,9906.494,16384,0,0,1
chain,65536,shared,0,8,510953.125,1048576,0,0,1
chain,65536,scalar_lanes,0,8,510171.875,1048576,0,0,1
chain,65536,karatsuba,0,8,568145.875,1048576,0,0,1
chain,65536,schoolbook,0,8,647041.750,1048576,0,0,1
chain,65536,karatsuba_barrett,0,8,640770.875,1048576,0,0,1
chain,65536,flock,0,8,517609.375,1048576,0,0,1
chain,65536,karatsuba_barrett,1,8,637447.875,1048576,0,0,1
chain,65536,scalar_lanes,1,8,510010.375,1048576,0,0,1
chain,65536,schoolbook,1,8,646161.500,1048576,0,0,1
chain,65536,shared,1,8,512687.500,1048576,0,0,1
chain,65536,flock,1,8,518286.375,1048576,0,0,1
chain,65536,karatsuba,1,8,566552.125,1048576,0,0,1
chain,65536,karatsuba,2,8,568536.375,1048576,0,0,1
chain,65536,karatsuba_barrett,2,8,637828.125,1048576,0,0,1
chain,65536,flock,2,8,517927.125,1048576,0,0,1
chain,65536,schoolbook,2,8,646776.000,1048576,0,0,1
chain,65536,shared,2,8,510786.500,1048576,0,0,1
chain,65536,scalar_lanes,2,8,510031.250,1048576,0,0,1
chain,65536,flock,3,8,516880.250,1048576,0,0,1
chain,65536,scalar_lanes,3,8,509942.750,1048576,0,0,1
chain,65536,karatsuba,3,8,565932.250,1048576,0,0,1
chain,65536,karatsuba_barrett,3,8,639369.875,1048576,0,0,1
chain,65536,shared,3,8,512739.625,1048576,0,0,1
chain,65536,schoolbook,3,8,646698.000,1048576,0,0,1
chain,65536,scalar_lanes,4,8,509526.000,1048576,0,0,1
chain,65536,karatsuba_barrett,4,8,635927.000,1048576,0,0,1
chain,65536,karatsuba,4,8,568541.750,1048576,0,0,1
chain,65536,flock,4,8,518625.000,1048576,0,0,1
chain,65536,shared,4,8,509317.625,1048576,0,0,1
chain,65536,schoolbook,4,8,644682.250,1048576,0,0,1
chain,65536,flock,5,8,517312.500,1048576,0,0,1
chain,65536,shared,5,8,510661.500,1048576,0,0,1
chain,65536,karatsuba,5,8,567312.500,1048576,0,0,1
chain,65536,scalar_lanes,5,8,509052.125,1048576,0,0,1
chain,65536,karatsuba_barrett,5,8,636645.875,1048576,0,0,1
chain,65536,schoolbook,5,8,653604.250,1048576,0,0,1
chain,65536,karatsuba_barrett,6,8,662614.625,1048576,0,0,1
chain,65536,schoolbook,6,8,684302.000,1048576,0,0,1
chain,65536,scalar_lanes,6,8,510848.875,1048576,0,0,1
chain,65536,shared,6,8,512166.625,1048576,0,0,1
chain,65536,karatsuba,6,8,596531.250,1048576,0,0,1
chain,65536,flock,6,8,520281.250,1048576,0,0,1
chain,65536,schoolbook,7,8,650343.750,1048576,0,0,1
chain,65536,karatsuba_barrett,7,8,643494.875,1048576,0,0,1
chain,65536,karatsuba,7,8,568192.625,1048576,0,0,1
chain,65536,shared,7,8,514333.375,1048576,0,0,1
chain,65536,scalar_lanes,7,8,510177.125,1048576,0,0,1
chain,65536,flock,7,8,520125.000,1048576,0,0,1
chain,65536,schoolbook,8,8,648473.875,1048576,0,0,1
chain,65536,karatsuba,8,8,568135.375,1048576,0,0,1
chain,65536,shared,8,8,511031.250,1048576,0,0,1
chain,65536,karatsuba_barrett,8,8,640546.875,1048576,0,0,1
chain,65536,flock,8,8,517145.875,1048576,0,0,1
chain,65536,scalar_lanes,8,8,509052.125,1048576,0,0,1
chain,65536,karatsuba,9,8,571515.625,1048576,0,0,1
chain,65536,karatsuba_barrett,9,8,638213.500,1048576,0,0,1
chain,65536,schoolbook,9,8,647531.250,1048576,0,0,1
chain,65536,flock,9,8,517093.750,1048576,0,0,1
chain,65536,scalar_lanes,9,8,509864.625,1048576,0,0,1
chain,65536,shared,9,8,510349.000,1048576,0,0,1
chain,65536,scalar_lanes,10,8,510234.375,1048576,0,0,1
chain,65536,flock,10,8,519010.375,1048576,0,0,1
chain,65536,shared,10,8,510625.000,1048576,0,0,1
chain,65536,schoolbook,10,8,645505.250,1048576,0,0,1
chain,65536,karatsuba_barrett,10,8,639901.125,1048576,0,0,1
chain,65536,karatsuba,10,8,570244.750,1048576,0,0,1
chain,65536,schoolbook,11,8,644645.750,1048576,0,0,1
chain,65536,shared,11,8,510291.625,1048576,0,0,1
chain,65536,karatsuba,11,8,566656.250,1048576,0,0,1
chain,65536,flock,11,8,517989.625,1048576,0,0,1
chain,65536,scalar_lanes,11,8,510067.625,1048576,0,0,1
chain,65536,karatsuba_barrett,11,8,639151.000,1048576,0,0,1
chain,65536,shared,12,8,512708.250,1048576,0,0,1
chain,65536,scalar_lanes,12,8,509557.375,1048576,0,0,1
chain,65536,flock,12,8,516468.750,1048576,0,0,1
chain,65536,karatsuba,12,8,567432.375,1048576,0,0,1
chain,65536,schoolbook,12,8,645687.500,1048576,0,0,1
chain,65536,karatsuba_barrett,12,8,638281.250,1048576,0,0,1
chain,65536,karatsuba_barrett,13,8,638942.750,1048576,0,0,1
chain,65536,shared,13,8,512713.500,1048576,0,0,1
chain,65536,scalar_lanes,13,8,512020.875,1048576,0,0,1
chain,65536,schoolbook,13,8,644041.750,1048576,0,0,1
chain,65536,karatsuba,13,8,565609.375,1048576,0,0,1
chain,65536,flock,13,8,515546.875,1048576,0,0,1
chain,65536,shared,14,8,511046.875,1048576,0,0,1
chain,65536,scalar_lanes,14,8,508135.500,1048576,0,0,1
chain,65536,schoolbook,14,8,653520.875,1048576,0,0,1
chain,65536,karatsuba_barrett,14,8,637724.000,1048576,0,0,1
chain,65536,flock,14,8,515776.125,1048576,0,0,1
chain,65536,karatsuba,14,8,565760.500,1048576,0,0,1
chain,65536,flock,15,8,517416.750,1048576,0,0,1
chain,65536,schoolbook,15,8,647708.375,1048576,0,0,1
chain,65536,karatsuba_barrett,15,8,636765.625,1048576,0,0,1
chain,65536,shared,15,8,509270.875,1048576,0,0,1
chain,65536,karatsuba,15,8,565755.250,1048576,0,0,1
chain,65536,scalar_lanes,15,8,508687.500,1048576,0,0,1
chain,65536,flock,16,8,516802.000,1048576,0,0,1
chain,65536,scalar_lanes,16,8,507770.875,1048576,0,0,1
chain,65536,schoolbook,16,8,644448.000,1048576,0,0,1
chain,65536,karatsuba_barrett,16,8,636823.000,1048576,0,0,1
chain,65536,karatsuba,16,8,565515.625,1048576,0,0,1
chain,65536,shared,16,8,509661.500,1048576,0,0,1
chain,65536,scalar_lanes,17,8,509380.250,1048576,0,0,1
chain,65536,schoolbook,17,8,650666.750,1048576,0,0,1
chain,65536,karatsuba_barrett,17,8,636000.000,1048576,0,0,1
chain,65536,karatsuba,17,8,564890.625,1048576,0,0,1
chain,65536,shared,17,8,510442.625,1048576,0,0,1
chain,65536,flock,17,8,515786.500,1048576,0,0,1
chain,65536,karatsuba_barrett,18,8,637880.125,1048576,0,0,1
chain,65536,shared,18,8,511255.125,1048576,0,0,1
chain,65536,flock,18,8,516609.375,1048576,0,0,1
chain,65536,karatsuba,18,8,568000.000,1048576,0,0,1
chain,65536,schoolbook,18,8,646890.625,1048576,0,0,1
chain,65536,scalar_lanes,18,8,511375.000,1048576,0,0,1
chain,65536,flock,19,8,515479.250,1048576,0,0,1
chain,65536,schoolbook,19,8,644609.375,1048576,0,0,1
chain,65536,shared,19,8,516401.125,1048576,0,0,1
chain,65536,karatsuba,19,8,572885.375,1048576,0,0,1
chain,65536,karatsuba_barrett,19,8,638713.625,1048576,0,0,1
chain,65536,scalar_lanes,19,8,508948.000,1048576,0,0,1
chain,65536,shared,20,8,510375.000,1048576,0,0,1
chain,65536,karatsuba_barrett,20,8,637536.375,1048576,0,0,1
chain,65536,scalar_lanes,20,8,509692.750,1048576,0,0,1
chain,65536,schoolbook,20,8,646510.500,1048576,0,0,1
chain,65536,flock,20,8,517713.625,1048576,0,0,1
chain,65536,karatsuba,20,8,567755.250,1048576,0,0,1
chain,65536,schoolbook,21,8,647989.625,1048576,0,0,1
chain,65536,shared,21,8,512895.875,1048576,0,0,1
chain,65536,scalar_lanes,21,8,508739.625,1048576,0,0,1
chain,65536,karatsuba,21,8,566307.250,1048576,0,0,1
chain,65536,karatsuba_barrett,21,8,636666.625,1048576,0,0,1
chain,65536,flock,21,8,517057.250,1048576,0,0,1
chain,65536,schoolbook,22,8,645135.375,1048576,0,0,1
chain,65536,scalar_lanes,22,8,509385.375,1048576,0,0,1
chain,65536,shared,22,8,513573.000,1048576,0,0,1
chain,65536,karatsuba_barrett,22,8,637130.250,1048576,0,0,1
chain,65536,flock,22,8,518145.750,1048576,0,0,1
chain,65536,karatsuba,22,8,565562.500,1048576,0,0,1
chain,65536,karatsuba,23,8,565567.750,1048576,0,0,1
chain,65536,karatsuba_barrett,23,8,638599.000,1048576,0,0,1
chain,65536,flock,23,8,517203.125,1048576,0,0,1
chain,65536,schoolbook,23,8,644786.375,1048576,0,0,1
chain,65536,shared,23,8,512244.750,1048576,0,0,1
chain,65536,scalar_lanes,23,8,509515.625,1048576,0,0,1
chain,65536,flock,24,8,517119.750,1048576,0,0,1
chain,65536,schoolbook,24,8,645307.375,1048576,0,0,1
chain,65536,karatsuba_barrett,24,8,636302.125,1048576,0,0,1
chain,65536,shared,24,8,510250.000,1048576,0,0,1
chain,65536,karatsuba,24,8,566875.000,1048576,0,0,1
chain,65536,scalar_lanes,24,8,510854.250,1048576,0,0,1
chain,65536,shared,25,8,512541.625,1048576,0,0,1
chain,65536,flock,25,8,515349.000,1048576,0,0,1
chain,65536,scalar_lanes,25,8,511010.375,1048576,0,0,1
chain,65536,karatsuba,25,8,564812.500,1048576,0,0,1
chain,65536,karatsuba_barrett,25,8,635171.875,1048576,0,0,1
chain,65536,schoolbook,25,8,643916.750,1048576,0,0,1
chain,65536,shared,26,8,513682.250,1048576,0,0,1
chain,65536,karatsuba_barrett,26,8,635427.125,1048576,0,0,1
chain,65536,schoolbook,26,8,646192.750,1048576,0,0,1
chain,65536,flock,26,8,516911.500,1048576,0,0,1
chain,65536,scalar_lanes,26,8,507468.750,1048576,0,0,1
chain,65536,karatsuba,26,8,565036.500,1048576,0,0,1
chain,65536,karatsuba_barrett,27,8,635557.250,1048576,0,0,1
chain,65536,schoolbook,27,8,645546.875,1048576,0,0,1
chain,65536,scalar_lanes,27,8,508932.375,1048576,0,0,1
chain,65536,karatsuba,27,8,565510.375,1048576,0,0,1
chain,65536,shared,27,8,511432.375,1048576,0,0,1
chain,65536,flock,27,8,516427.125,1048576,0,0,1
chain,65536,schoolbook,28,8,647427.125,1048576,0,0,1
chain,65536,shared,28,8,512286.375,1048576,0,0,1
chain,65536,scalar_lanes,28,8,510291.625,1048576,0,0,1
chain,65536,karatsuba_barrett,28,8,638510.500,1048576,0,0,1
chain,65536,karatsuba,28,8,566682.250,1048576,0,0,1
chain,65536,flock,28,8,517849.000,1048576,0,0,1
chain,65536,karatsuba,29,8,567692.625,1048576,0,0,1
chain,65536,karatsuba_barrett,29,8,636447.875,1048576,0,0,1
chain,65536,shared,29,8,512698.000,1048576,0,0,1
chain,65536,schoolbook,29,8,646286.500,1048576,0,0,1
chain,65536,flock,29,8,516651.000,1048576,0,0,1
chain,65536,scalar_lanes,29,8,510109.375,1048576,0,0,1
chain,65536,flock,30,8,518276.000,1048576,0,0,1
chain,65536,shared,30,8,512739.625,1048576,0,0,1
chain,65536,karatsuba_barrett,30,8,636713.500,1048576,0,0,1
chain,65536,karatsuba,30,8,567151.125,1048576,0,0,1
chain,65536,schoolbook,30,8,645244.750,1048576,0,0,1
chain,65536,scalar_lanes,30,8,509817.750,1048576,0,0,1
chain,65536,karatsuba,31,8,567375.000,1048576,0,0,1
chain,65536,flock,31,8,516958.375,1048576,0,0,1
chain,65536,shared,31,8,512250.000,1048576,0,0,1
chain,65536,schoolbook,31,8,646651.000,1048576,0,0,1
chain,65536,karatsuba_barrett,31,8,639494.750,1048576,0,0,1
chain,65536,scalar_lanes,31,8,510630.250,1048576,0,0,1
chain,1048576,flock,0,1,8301208.000,16777216,0,0,1
chain,1048576,karatsuba_barrett,0,1,10211417.000,16777216,0,0,1
chain,1048576,shared,0,1,8181084.000,16777216,0,0,1
chain,1048576,karatsuba,0,1,9092708.000,16777216,0,0,1
chain,1048576,schoolbook,0,1,10352000.000,16777216,0,0,1
chain,1048576,scalar_lanes,0,1,8203416.000,16777216,0,0,1
chain,1048576,scalar_lanes,1,1,8182041.000,16777216,0,0,1
chain,1048576,karatsuba,1,1,9086292.000,16777216,0,0,1
chain,1048576,flock,1,1,8292625.000,16777216,0,0,1
chain,1048576,schoolbook,1,1,10344417.000,16777216,0,0,1
chain,1048576,shared,1,1,8188917.000,16777216,0,0,1
chain,1048576,karatsuba_barrett,1,1,10233500.000,16777216,0,0,1
chain,1048576,scalar_lanes,2,1,8139292.000,16777216,0,0,1
chain,1048576,schoolbook,2,1,10353917.000,16777216,0,0,1
chain,1048576,shared,2,1,8208625.000,16777216,0,0,1
chain,1048576,flock,2,1,8274209.000,16777216,0,0,1
chain,1048576,karatsuba_barrett,2,1,10233125.000,16777216,0,0,1
chain,1048576,karatsuba,2,1,9082292.000,16777216,0,0,1
chain,1048576,karatsuba,3,1,9079542.000,16777216,0,0,1
chain,1048576,scalar_lanes,3,1,8152334.000,16777216,0,0,1
chain,1048576,shared,3,1,8176709.000,16777216,0,0,1
chain,1048576,karatsuba_barrett,3,1,10215625.000,16777216,0,0,1
chain,1048576,flock,3,1,8262000.000,16777216,0,0,1
chain,1048576,schoolbook,3,1,10375584.000,16777216,0,0,1
chain,1048576,scalar_lanes,4,1,8151958.000,16777216,0,0,1
chain,1048576,karatsuba,4,1,9126459.000,16777216,0,0,1
chain,1048576,schoolbook,4,1,10321250.000,16777216,0,0,1
chain,1048576,shared,4,1,8197667.000,16777216,0,0,1
chain,1048576,karatsuba_barrett,4,1,10203958.000,16777216,0,0,1
chain,1048576,flock,4,1,8279500.000,16777216,0,0,1
chain,1048576,karatsuba,5,1,9051542.000,16777216,0,0,1
chain,1048576,karatsuba_barrett,5,1,10222500.000,16777216,0,0,1
chain,1048576,flock,5,1,8279500.000,16777216,0,0,1
chain,1048576,scalar_lanes,5,1,8205542.000,16777216,0,0,1
chain,1048576,schoolbook,5,1,10775541.000,16777216,0,0,1
chain,1048576,shared,5,1,8626625.000,16777216,0,0,1
chain,1048576,karatsuba,6,1,9199042.000,16777216,0,0,1
chain,1048576,karatsuba_barrett,6,1,10295250.000,16777216,0,0,1
chain,1048576,schoolbook,6,1,10399458.000,16777216,0,0,1
chain,1048576,flock,6,1,8307084.000,16777216,0,0,1
chain,1048576,shared,6,1,8203417.000,16777216,0,0,1
chain,1048576,scalar_lanes,6,1,8182250.000,16777216,0,0,1
chain,1048576,shared,7,1,8203875.000,16777216,0,0,1
chain,1048576,schoolbook,7,1,10356333.000,16777216,0,0,1
chain,1048576,scalar_lanes,7,1,8131125.000,16777216,0,0,1
chain,1048576,karatsuba,7,1,9059708.000,16777216,0,0,1
chain,1048576,karatsuba_barrett,7,1,10185209.000,16777216,0,0,1
chain,1048576,flock,7,1,8342541.000,16777216,0,0,1
chain,1048576,karatsuba,8,1,9093000.000,16777216,0,0,1
chain,1048576,shared,8,1,8179417.000,16777216,0,0,1
chain,1048576,schoolbook,8,1,10347334.000,16777216,0,0,1
chain,1048576,karatsuba_barrett,8,1,10227625.000,16777216,0,0,1
chain,1048576,flock,8,1,8281958.000,16777216,0,0,1
chain,1048576,scalar_lanes,8,1,8157625.000,16777216,0,0,1
chain,1048576,shared,9,1,8201792.000,16777216,0,0,1
chain,1048576,karatsuba,9,1,9090458.000,16777216,0,0,1
chain,1048576,karatsuba_barrett,9,1,10196042.000,16777216,0,0,1
chain,1048576,scalar_lanes,9,1,8142625.000,16777216,0,0,1
chain,1048576,flock,9,1,8286458.000,16777216,0,0,1
chain,1048576,schoolbook,9,1,10374792.000,16777216,0,0,1
chain,1048576,karatsuba,10,1,9082875.000,16777216,0,0,1
chain,1048576,flock,10,1,8279833.000,16777216,0,0,1
chain,1048576,karatsuba_barrett,10,1,10235167.000,16777216,0,0,1
chain,1048576,schoolbook,10,1,10344708.000,16777216,0,0,1
chain,1048576,scalar_lanes,10,1,8138167.000,16777216,0,0,1
chain,1048576,shared,10,1,8196166.000,16777216,0,0,1
chain,1048576,flock,11,1,8280791.000,16777216,0,0,1
chain,1048576,shared,11,1,8184375.000,16777216,0,0,1
chain,1048576,karatsuba,11,1,9072375.000,16777216,0,0,1
chain,1048576,karatsuba_barrett,11,1,10204375.000,16777216,0,0,1
chain,1048576,schoolbook,11,1,10376666.000,16777216,0,0,1
chain,1048576,scalar_lanes,11,1,8149708.000,16777216,0,0,1
chain,1048576,schoolbook,12,1,10536750.000,16777216,0,0,1
chain,1048576,shared,12,1,8182375.000,16777216,0,0,1
chain,1048576,flock,12,1,8281208.000,16777216,0,0,1
chain,1048576,scalar_lanes,12,1,8163000.000,16777216,0,0,1
chain,1048576,karatsuba_barrett,12,1,10242083.000,16777216,0,0,1
chain,1048576,karatsuba,12,1,9092625.000,16777216,0,0,1
chain,1048576,schoolbook,13,1,10318250.000,16777216,0,0,1
chain,1048576,karatsuba_barrett,13,1,10192084.000,16777216,0,0,1
chain,1048576,flock,13,1,8296833.000,16777216,0,0,1
chain,1048576,karatsuba,13,1,9105333.000,16777216,0,0,1
chain,1048576,scalar_lanes,13,1,8149041.000,16777216,0,0,1
chain,1048576,shared,13,1,8165209.000,16777216,0,0,1
chain,1048576,scalar_lanes,14,1,8156083.000,16777216,0,0,1
chain,1048576,karatsuba,14,1,9075875.000,16777216,0,0,1
chain,1048576,flock,14,1,8266958.000,16777216,0,0,1
chain,1048576,shared,14,1,8171250.000,16777216,0,0,1
chain,1048576,schoolbook,14,1,10366334.000,16777216,0,0,1
chain,1048576,karatsuba_barrett,14,1,10226000.000,16777216,0,0,1
chain,1048576,scalar_lanes,15,1,8141625.000,16777216,0,0,1
chain,1048576,flock,15,1,8329500.000,16777216,0,0,1
chain,1048576,shared,15,1,8187917.000,16777216,0,0,1
chain,1048576,karatsuba_barrett,15,1,10226042.000,16777216,0,0,1
chain,1048576,schoolbook,15,1,10341084.000,16777216,0,0,1
chain,1048576,karatsuba,15,1,9059458.000,16777216,0,0,1
chain,1048576,scalar_lanes,16,1,8114875.000,16777216,0,0,1
chain,1048576,shared,16,1,8150792.000,16777216,0,0,1
chain,1048576,karatsuba,16,1,9090250.000,16777216,0,0,1
chain,1048576,schoolbook,16,1,10346959.000,16777216,0,0,1
chain,1048576,karatsuba_barrett,16,1,10211167.000,16777216,0,0,1
chain,1048576,flock,16,1,8285750.000,16777216,0,0,1
chain,1048576,scalar_lanes,17,1,8190666.000,16777216,0,0,1
chain,1048576,shared,17,1,8179125.000,16777216,0,0,1
chain,1048576,schoolbook,17,1,10399250.000,16777216,0,0,1
chain,1048576,karatsuba_barrett,17,1,10222208.000,16777216,0,0,1
chain,1048576,karatsuba,17,1,9075666.000,16777216,0,0,1
chain,1048576,flock,17,1,8269458.000,16777216,0,0,1
chain,1048576,scalar_lanes,18,1,8148125.000,16777216,0,0,1
chain,1048576,shared,18,1,8180792.000,16777216,0,0,1
chain,1048576,karatsuba,18,1,9081333.000,16777216,0,0,1
chain,1048576,schoolbook,18,1,10355958.000,16777216,0,0,1
chain,1048576,karatsuba_barrett,18,1,10224375.000,16777216,0,0,1
chain,1048576,flock,18,1,8273958.000,16777216,0,0,1
chain,1048576,flock,19,1,8269000.000,16777216,0,0,1
chain,1048576,karatsuba,19,1,9079458.000,16777216,0,0,1
chain,1048576,karatsuba_barrett,19,1,10235125.000,16777216,0,0,1
chain,1048576,shared,19,1,8170708.000,16777216,0,0,1
chain,1048576,scalar_lanes,19,1,8147917.000,16777216,0,0,1
chain,1048576,schoolbook,19,1,10298875.000,16777216,0,0,1
chain,1048576,karatsuba,20,1,9278417.000,16777216,0,0,1
chain,1048576,karatsuba_barrett,20,1,10456500.000,16777216,0,0,1
chain,1048576,scalar_lanes,20,1,8338209.000,16777216,0,0,1
chain,1048576,flock,20,1,8317167.000,16777216,0,0,1
chain,1048576,schoolbook,20,1,10364709.000,16777216,0,0,1
chain,1048576,shared,20,1,8174708.000,16777216,0,0,1
chain,1048576,flock,21,1,8308583.000,16777216,0,0,1
chain,1048576,karatsuba_barrett,21,1,10245917.000,16777216,0,0,1
chain,1048576,shared,21,1,8170292.000,16777216,0,0,1
chain,1048576,schoolbook,21,1,10349750.000,16777216,0,0,1
chain,1048576,scalar_lanes,21,1,8150375.000,16777216,0,0,1
chain,1048576,karatsuba,21,1,9061167.000,16777216,0,0,1
chain,1048576,flock,22,1,8273375.000,16777216,0,0,1
chain,1048576,shared,22,1,8153292.000,16777216,0,0,1
chain,1048576,scalar_lanes,22,1,8731958.000,16777216,0,0,1
chain,1048576,schoolbook,22,1,10328583.000,16777216,0,0,1
chain,1048576,karatsuba_barrett,22,1,10219875.000,16777216,0,0,1
chain,1048576,karatsuba,22,1,9156459.000,16777216,0,0,1
chain,1048576,schoolbook,23,1,10343875.000,16777216,0,0,1
chain,1048576,flock,23,1,8273959.000,16777216,0,0,1
chain,1048576,shared,23,1,8166416.000,16777216,0,0,1
chain,1048576,karatsuba_barrett,23,1,10221792.000,16777216,0,0,1
chain,1048576,karatsuba,23,1,9098209.000,16777216,0,0,1
chain,1048576,scalar_lanes,23,1,8134375.000,16777216,0,0,1
chain,1048576,shared,24,1,8301459.000,16777216,0,0,1
chain,1048576,scalar_lanes,24,1,8292458.000,16777216,0,0,1
chain,1048576,karatsuba,24,1,9126292.000,16777216,0,0,1
chain,1048576,karatsuba_barrett,24,1,10265042.000,16777216,0,0,1
chain,1048576,schoolbook,24,1,10362875.000,16777216,0,0,1
chain,1048576,flock,24,1,8303500.000,16777216,0,0,1
chain,1048576,schoolbook,25,1,10352000.000,16777216,0,0,1
chain,1048576,shared,25,1,8169833.000,16777216,0,0,1
chain,1048576,scalar_lanes,25,1,8161083.000,16777216,0,0,1
chain,1048576,karatsuba,25,1,9080792.000,16777216,0,0,1
chain,1048576,karatsuba_barrett,25,1,10210500.000,16777216,0,0,1
chain,1048576,flock,25,1,8271750.000,16777216,0,0,1
chain,1048576,shared,26,1,8173042.000,16777216,0,0,1
chain,1048576,schoolbook,26,1,10360041.000,16777216,0,0,1
chain,1048576,flock,26,1,8271625.000,16777216,0,0,1
chain,1048576,karatsuba,26,1,9057334.000,16777216,0,0,1
chain,1048576,scalar_lanes,26,1,8303250.000,16777216,0,0,1
chain,1048576,karatsuba_barrett,26,1,10406250.000,16777216,0,0,1
chain,1048576,schoolbook,27,1,10400000.000,16777216,0,0,1
chain,1048576,karatsuba_barrett,27,1,10227458.000,16777216,0,0,1
chain,1048576,karatsuba,27,1,9068959.000,16777216,0,0,1
chain,1048576,shared,27,1,9392792.000,16777216,0,0,1
chain,1048576,flock,27,1,8266792.000,16777216,0,0,1
chain,1048576,scalar_lanes,27,1,8152041.000,16777216,0,0,1
chain,1048576,schoolbook,28,1,10342417.000,16777216,0,0,1
chain,1048576,scalar_lanes,28,1,8160916.000,16777216,0,0,1
chain,1048576,flock,28,1,8274042.000,16777216,0,0,1
chain,1048576,karatsuba_barrett,28,1,10251083.000,16777216,0,0,1
chain,1048576,karatsuba,28,1,9083709.000,16777216,0,0,1
chain,1048576,shared,28,1,8178084.000,16777216,0,0,1
chain,1048576,karatsuba,29,1,9097208.000,16777216,0,0,1
chain,1048576,flock,29,1,8246917.000,16777216,0,0,1
chain,1048576,scalar_lanes,29,1,8158041.000,16777216,0,0,1
chain,1048576,karatsuba_barrett,29,1,10214250.000,16777216,0,0,1
chain,1048576,shared,29,1,8170875.000,16777216,0,0,1
chain,1048576,schoolbook,29,1,10330834.000,16777216,0,0,1
chain,1048576,scalar_lanes,30,1,8144833.000,16777216,0,0,1
chain,1048576,karatsuba_barrett,30,1,10222375.000,16777216,0,0,1
chain,1048576,karatsuba,30,1,9105917.000,16777216,0,0,1
chain,1048576,schoolbook,30,1,10322625.000,16777216,0,0,1
chain,1048576,flock,30,1,8281458.000,16777216,0,0,1
chain,1048576,shared,30,1,8167666.000,16777216,0,0,1
chain,1048576,shared,31,1,8158500.000,16777216,0,0,1
chain,1048576,karatsuba_barrett,31,1,10219875.000,16777216,0,0,1
chain,1048576,karatsuba,31,1,9077334.000,16777216,0,0,1
chain,1048576,scalar_lanes,31,1,8150125.000,16777216,0,0,1
chain,1048576,schoolbook,31,1,10336459.000,16777216,0,0,1
chain,1048576,flock,31,1,8265833.000,16777216,0,0,1
square,16,flock,0,131072,40.082,512,0,0,1
square,16,shared,0,131072,13.703,512,0,0,1
square,16,shared,1,131072,13.811,512,0,0,1
square,16,flock,1,131072,40.139,512,0,0,1
square,16,shared,2,131072,13.677,512,0,0,1
square,16,flock,2,131072,39.996,512,0,0,1
square,16,shared,3,131072,13.727,512,0,0,1
square,16,flock,3,131072,40.148,512,0,0,1
square,16,shared,4,131072,13.706,512,0,0,1
square,16,flock,4,131072,40.034,512,0,0,1
square,16,shared,5,131072,13.671,512,0,0,1
square,16,flock,5,131072,39.905,512,0,0,1
square,16,flock,6,131072,40.092,512,0,0,1
square,16,shared,6,131072,13.666,512,0,0,1
square,16,shared,7,131072,13.661,512,0,0,1
square,16,flock,7,131072,39.887,512,0,0,1
square,16,flock,8,131072,40.072,512,0,0,1
square,16,shared,8,131072,13.674,512,0,0,1
square,16,shared,9,131072,13.689,512,0,0,1
square,16,flock,9,131072,40.093,512,0,0,1
square,16,shared,10,131072,13.706,512,0,0,1
square,16,flock,10,131072,39.979,512,0,0,1
square,16,shared,11,131072,13.702,512,0,0,1
square,16,flock,11,131072,39.857,512,0,0,1
square,16,shared,12,131072,13.668,512,0,0,1
square,16,flock,12,131072,39.930,512,0,0,1
square,16,shared,13,131072,13.646,512,0,0,1
square,16,flock,13,131072,39.941,512,0,0,1
square,16,shared,14,131072,13.658,512,0,0,1
square,16,flock,14,131072,39.865,512,0,0,1
square,16,shared,15,131072,13.657,512,0,0,1
square,16,flock,15,131072,40.031,512,0,0,1
square,16,flock,16,131072,39.853,512,0,0,1
square,16,shared,16,131072,13.667,512,0,0,1
square,16,shared,17,131072,13.709,512,0,0,1
square,16,flock,17,131072,40.395,512,0,0,1
square,16,flock,18,131072,39.927,512,0,0,1
square,16,shared,18,131072,13.655,512,0,0,1
square,16,shared,19,131072,13.666,512,0,0,1
square,16,flock,19,131072,39.924,512,0,0,1
square,16,flock,20,131072,40.144,512,0,0,1
square,16,shared,20,131072,13.804,512,0,0,1
square,16,flock,21,131072,40.009,512,0,0,1
square,16,shared,21,131072,13.730,512,0,0,1
square,16,flock,22,131072,39.912,512,0,0,1
square,16,shared,22,131072,13.644,512,0,0,1
square,16,shared,23,131072,13.774,512,0,0,1
square,16,flock,23,131072,40.496,512,0,0,1
square,16,shared,24,131072,13.702,512,0,0,1
square,16,flock,24,131072,40.164,512,0,0,1
square,16,shared,25,131072,13.759,512,0,0,1
square,16,flock,25,131072,40.141,512,0,0,1
square,16,flock,26,131072,40.198,512,0,0,1
square,16,shared,26,131072,13.709,512,0,0,1
square,16,shared,27,131072,13.729,512,0,0,1
square,16,flock,27,131072,40.263,512,0,0,1
square,16,flock,28,131072,40.075,512,0,0,1
square,16,shared,28,131072,13.667,512,0,0,1
square,16,shared,29,131072,13.727,512,0,0,1
square,16,flock,29,131072,41.362,512,0,0,1
square,16,shared,30,131072,14.170,512,0,0,1
square,16,flock,30,131072,40.166,512,0,0,1
square,16,flock,31,131072,41.242,512,0,0,1
square,16,shared,31,131072,13.742,512,0,0,1
square,1024,shared,0,2048,655.436,32768,0,0,1
square,1024,flock,0,2048,2400.105,32768,0,0,1
square,1024,shared,1,2048,657.186,32768,0,0,1
square,1024,flock,1,2048,2381.368,32768,0,0,1
square,1024,flock,2,2048,2371.623,32768,0,0,1
square,1024,shared,2,2048,973.165,32768,0,0,1
square,1024,flock,3,2048,2523.885,32768,0,0,1
square,1024,shared,3,2048,704.366,32768,0,0,1
square,1024,flock,4,2048,7418.559,32768,0,0,1
square,1024,shared,4,2048,732.646,32768,0,0,1
square,1024,shared,5,2048,722.981,32768,0,0,1
square,1024,flock,5,2048,2458.639,32768,0,0,1
square,1024,flock,6,2048,2383.504,32768,0,0,1
square,1024,shared,6,2048,660.421,32768,0,0,1
square,1024,shared,7,2048,655.294,32768,0,0,1
square,1024,flock,7,2048,2380.371,32768,0,0,1
square,1024,shared,8,2048,656.168,32768,0,0,1
square,1024,flock,8,2048,2371.887,32768,0,0,1
square,1024,shared,9,2048,659.424,32768,0,0,1
square,1024,flock,9,2048,2369.792,32768,0,0,1
square,1024,flock,10,2048,2373.047,32768,0,0,1
square,1024,shared,10,2048,677.856,32768,0,0,1
square,1024,shared,11,2048,677.104,32768,0,0,1
square,1024,flock,11,2048,2497.396,32768,0,0,1
square,1024,shared,12,2048,694.438,32768,0,0,1
square,1024,flock,12,2048,2521.871,32768,0,0,1
square,1024,flock,13,2048,2533.875,32768,0,0,1
square,1024,shared,13,2048,698.832,32768,0,0,1
square,1024,flock,14,2048,2524.577,32768,0,0,1
square,1024,shared,14,2048,693.522,32768,0,0,1
square,1024,flock,15,2048,2519.429,32768,0,0,1
square,1024,shared,15,2048,694.458,32768,0,0,1
square,1024,flock,16,2048,2501.221,32768,0,0,1
square,1024,shared,16,2048,695.394,32768,0,0,1
square,1024,shared,17,2048,699.585,32768,0,0,1
square,1024,flock,17,2048,2434.306,32768,0,0,1
square,1024,flock,18,2048,2421.671,32768,0,0,1
square,1024,shared,18,2048,668.478,32768,0,0,1
square,1024,flock,19,2048,2434.753,32768,0,0,1
square,1024,shared,19,2048,671.549,32768,0,0,1
square,1024,shared,20,2048,668.620,32768,0,0,1
square,1024,flock,20,2048,2415.324,32768,0,0,1
square,1024,shared,21,2048,670.613,32768,0,0,1
square,1024,flock,21,2048,2419.230,32768,0,0,1
square,1024,shared,22,2048,660.828,32768,0,0,1
square,1024,flock,22,2048,2416.667,32768,0,0,1
square,1024,shared,23,2048,651.652,32768,0,0,1
square,1024,flock,23,2048,2367.289,32768,0,0,1
square,1024,flock,24,2048,2375.407,32768,0,0,1
square,1024,shared,24,2048,674.255,32768,0,0,1
square,1024,shared,25,2048,662.740,32768,0,0,1
square,1024,flock,25,2048,2378.621,32768,0,0,1
square,1024,shared,26,2048,656.006,32768,0,0,1
square,1024,flock,26,2048,2383.220,32768,0,0,1
square,1024,shared,27,2048,658.244,32768,0,0,1
square,1024,flock,27,2048,2377.747,32768,0,0,1
square,1024,flock,28,2048,2376.933,32768,0,0,1
square,1024,shared,28,2048,654.521,32768,0,0,1
square,1024,flock,29,2048,2375.183,32768,0,0,1
square,1024,shared,29,2048,654.439,32768,0,0,1
square,1024,flock,30,2048,2383.586,32768,0,0,1
square,1024,shared,30,2048,661.499,32768,0,0,1
square,1024,shared,31,2048,654.439,32768,0,0,1
square,1024,flock,31,2048,2379.679,32768,0,0,1
square,65536,flock,0,32,152606.750,2097152,0,0,1
square,65536,shared,0,32,41723.969,2097152,0,0,1
square,65536,shared,1,32,41437.500,2097152,0,0,1
square,65536,flock,1,32,151820.312,2097152,0,0,1
square,65536,shared,2,32,41416.656,2097152,0,0,1
square,65536,flock,2,32,153447.906,2097152,0,0,1
square,65536,shared,3,32,41505.219,2097152,0,0,1
square,65536,flock,3,32,152252.594,2097152,0,0,1
square,65536,shared,4,32,41740.906,2097152,0,0,1
square,65536,flock,4,32,150766.906,2097152,0,0,1
square,65536,shared,5,32,41115.875,2097152,0,0,1
square,65536,flock,5,32,154338.531,2097152,0,0,1
square,65536,shared,6,32,41390.625,2097152,0,0,1
square,65536,flock,6,32,152044.250,2097152,0,0,1
square,65536,flock,7,32,151014.344,2097152,0,0,1
square,65536,shared,7,32,41177.094,2097152,0,0,1
square,65536,shared,8,32,41075.531,2097152,0,0,1
square,65536,flock,8,32,152149.719,2097152,0,0,1
square,65536,flock,9,32,152417.969,2097152,0,0,1
square,65536,shared,9,32,41987.000,2097152,0,0,1
square,65536,flock,10,32,151611.969,2097152,0,0,1
square,65536,shared,10,32,41162.781,2097152,0,0,1
square,65536,flock,11,32,150800.781,2097152,0,0,1
square,65536,shared,11,32,41761.719,2097152,0,0,1
square,65536,shared,12,32,42192.719,2097152,0,0,1
square,65536,flock,12,32,152764.344,2097152,0,0,1
square,65536,flock,13,32,151417.969,2097152,0,0,1
square,65536,shared,13,32,41212.250,2097152,0,0,1
square,65536,shared,14,32,40960.938,2097152,0,0,1
square,65536,flock,14,32,151983.094,2097152,0,0,1
square,65536,flock,15,32,151946.594,2097152,0,0,1
square,65536,shared,15,32,41947.938,2097152,0,0,1
square,65536,flock,16,32,152197.938,2097152,0,0,1
square,65536,shared,16,32,42121.094,2097152,0,0,1
square,65536,shared,17,32,42088.531,2097152,0,0,1
square,65536,flock,17,32,151834.625,2097152,0,0,1
square,65536,flock,18,32,151076.812,2097152,0,0,1
square,65536,shared,18,32,40931.000,2097152,0,0,1
square,65536,shared,19,32,41610.656,2097152,0,0,1
square,65536,flock,19,32,153153.625,2097152,0,0,1
square,65536,flock,20,32,150380.188,2097152,0,0,1
square,65536,shared,20,32,41147.125,2097152,0,0,1
square,65536,flock,21,32,151717.469,2097152,0,0,1
square,65536,shared,21,32,41246.094,2097152,0,0,1
square,65536,shared,22,32,42329.438,2097152,0,0,1
square,65536,flock,22,32,154237.000,2097152,0,0,1
square,65536,shared,23,32,41264.312,2097152,0,0,1
square,65536,flock,23,32,150669.281,2097152,0,0,1
square,65536,flock,24,32,151218.750,2097152,0,0,1
square,65536,shared,24,32,41213.562,2097152,0,0,1
square,65536,shared,25,32,42389.312,2097152,0,0,1
square,65536,flock,25,32,154160.156,2097152,0,0,1
square,65536,shared,26,32,42665.344,2097152,0,0,1
square,65536,flock,26,32,151565.125,2097152,0,0,1
square,65536,shared,27,32,41233.062,2097152,0,0,1
square,65536,flock,27,32,151075.500,2097152,0,0,1
square,65536,flock,28,32,150536.469,2097152,0,0,1
square,65536,shared,28,32,41226.562,2097152,0,0,1
square,65536,flock,29,32,152143.250,2097152,0,0,1
square,65536,shared,29,32,41536.438,2097152,0,0,1
square,65536,shared,30,32,42106.781,2097152,0,0,1
square,65536,flock,30,32,151803.375,2097152,0,0,1
square,65536,shared,31,32,41707.031,2097152,0,0,1
square,65536,flock,31,32,150786.469,2097152,0,0,1
square,1048576,shared,0,2,693750.000,33554432,0,0,1
square,1048576,flock,0,2,2464625.000,33554432,0,0,1
square,1048576,flock,1,2,2456437.500,33554432,0,0,1
square,1048576,shared,1,2,708750.000,33554432,0,0,1
square,1048576,shared,2,2,702271.000,33554432,0,0,1
square,1048576,flock,2,2,2486604.000,33554432,0,0,1
square,1048576,flock,3,2,2455479.000,33554432,0,0,1
square,1048576,shared,3,2,712333.500,33554432,0,0,1
square,1048576,shared,4,2,9203854.000,33554432,0,0,1
square,1048576,flock,4,2,2584271.000,33554432,0,0,1
square,1048576,shared,5,2,729375.000,33554432,0,0,1
square,1048576,flock,5,2,2508750.000,33554432,0,0,1
square,1048576,shared,6,2,684312.500,33554432,0,0,1
square,1048576,flock,6,2,2474312.500,33554432,0,0,1
square,1048576,shared,7,2,695687.500,33554432,0,0,1
square,1048576,flock,7,2,2454750.000,33554432,0,0,1
square,1048576,flock,8,2,2460333.500,33554432,0,0,1
square,1048576,shared,8,2,701583.500,33554432,0,0,1
square,1048576,flock,9,2,2526062.500,33554432,0,0,1
square,1048576,shared,9,2,714479.500,33554432,0,0,1
square,1048576,shared,10,2,697666.500,33554432,0,0,1
square,1048576,flock,10,2,2499562.500,33554432,0,0,1
square,1048576,shared,11,2,730687.500,33554432,0,0,1
square,1048576,flock,11,2,2529521.000,33554432,0,0,1
square,1048576,shared,12,2,714646.000,33554432,0,0,1
square,1048576,flock,12,2,2481916.500,33554432,0,0,1
square,1048576,flock,13,2,2420583.500,33554432,0,0,1
square,1048576,shared,13,2,691541.500,33554432,0,0,1
square,1048576,flock,14,2,2457958.000,33554432,0,0,1
square,1048576,shared,14,2,690458.500,33554432,0,0,1
square,1048576,flock,15,2,2500146.000,33554432,0,0,1
square,1048576,shared,15,2,726541.500,33554432,0,0,1
square,1048576,shared,16,2,730104.000,33554432,0,0,1
square,1048576,flock,16,2,2522437.500,33554432,0,0,1
square,1048576,flock,17,2,2499646.000,33554432,0,0,1
square,1048576,shared,17,2,691541.500,33554432,0,0,1
square,1048576,shared,18,2,700270.500,33554432,0,0,1
square,1048576,flock,18,2,2482041.500,33554432,0,0,1
square,1048576,shared,19,2,697729.000,33554432,0,0,1
square,1048576,flock,19,2,2531895.500,33554432,0,0,1
square,1048576,shared,20,2,711375.000,33554432,0,0,1
square,1048576,flock,20,2,2526354.000,33554432,0,0,1
square,1048576,flock,21,2,2479292.000,33554432,0,0,1
square,1048576,shared,21,2,688104.000,33554432,0,0,1
square,1048576,shared,22,2,691041.500,33554432,0,0,1
square,1048576,flock,22,2,2500562.500,33554432,0,0,1
square,1048576,shared,23,2,715437.500,33554432,0,0,1
square,1048576,flock,23,2,2549625.000,33554432,0,0,1
square,1048576,shared,24,2,712583.500,33554432,0,0,1
square,1048576,flock,24,2,2500250.000,33554432,0,0,1
square,1048576,shared,25,2,696666.500,33554432,0,0,1
square,1048576,flock,25,2,2507166.500,33554432,0,0,1
square,1048576,shared,26,2,694750.000,33554432,0,0,1
square,1048576,flock,26,2,2449812.500,33554432,0,0,1
square,1048576,shared,27,2,680812.500,33554432,0,0,1
square,1048576,flock,27,2,2453979.500,33554432,0,0,1
square,1048576,flock,28,2,2450541.500,33554432,0,0,1
square,1048576,shared,28,2,708312.500,33554432,0,0,1
square,1048576,shared,29,2,711875.000,33554432,0,0,1
square,1048576,flock,29,2,2615125.000,33554432,0,0,1
square,1048576,flock,30,2,2496708.500,33554432,0,0,1
square,1048576,shared,30,2,704291.500,33554432,0,0,1
square,1048576,shared,31,2,709208.500,33554432,0,0,1
square,1048576,flock,31,2,2517854.000,33554432,0,0,1
inverse,1,flock,0,4096,1055.349,32,0,0,1
inverse,1,shared,0,4096,442.007,32,0,0,1
inverse,1,flock,1,4096,1060.049,32,0,0,1
inverse,1,shared,1,4096,440.308,32,0,0,1
inverse,1,flock,2,4096,1054.403,32,0,0,1
inverse,1,shared,2,4096,439.534,32,0,0,1
inverse,1,shared,3,4096,440.531,32,0,0,1
inverse,1,flock,3,4096,1060.079,32,0,0,1
inverse,1,flock,4,4096,1055.471,32,0,0,1
inverse,1,shared,4,4096,439.809,32,0,0,1
inverse,1,flock,5,4096,1053.396,32,0,0,1
inverse,1,shared,5,4096,440.776,32,0,0,1
inverse,1,flock,6,4096,1059.316,32,0,0,1
inverse,1,shared,6,4096,440.908,32,0,0,1
inverse,1,shared,7,4096,444.122,32,0,0,1
inverse,1,flock,7,4096,1054.972,32,0,0,1
inverse,1,shared,8,4096,442.759,32,0,0,1
inverse,1,flock,8,4096,1055.450,32,0,0,1
inverse,1,flock,9,4096,1056.071,32,0,0,1
inverse,1,shared,9,4096,440.562,32,0,0,1
inverse,1,flock,10,4096,1053.731,32,0,0,1
inverse,1,shared,10,4096,443.115,32,0,0,1
inverse,1,shared,11,4096,440.196,32,0,0,1
inverse,1,flock,11,4096,1051.687,32,0,0,1
inverse,1,shared,12,4096,441.376,32,0,0,1
inverse,1,flock,12,4096,1051.575,32,0,0,1
inverse,1,shared,13,4096,439.636,32,0,0,1
inverse,1,flock,13,4096,1053.294,32,0,0,1
inverse,1,flock,14,4096,1055.715,32,0,0,1
inverse,1,shared,14,4096,441.315,32,0,0,1
inverse,1,flock,15,4096,1051.412,32,0,0,1
inverse,1,shared,15,4096,439.718,32,0,0,1
inverse,1,flock,16,4096,1050.405,32,0,0,1
inverse,1,shared,16,4096,439.178,32,0,0,1
inverse,1,flock,17,4096,1054.219,32,0,0,1
inverse,1,shared,17,4096,441.569,32,0,0,1
inverse,1,shared,18,4096,441.528,32,0,0,1
inverse,1,flock,18,4096,1057.800,32,0,0,1
inverse,1,flock,19,4096,1051.809,32,0,0,1
inverse,1,shared,19,4096,440.989,32,0,0,1
inverse,1,flock,20,4096,1062.744,32,0,0,1
inverse,1,shared,20,4096,440.857,32,0,0,1
inverse,1,shared,21,4096,439.565,32,0,0,1
inverse,1,flock,21,4096,1057.871,32,0,0,1
inverse,1,shared,22,4096,441.539,32,0,0,1
inverse,1,flock,22,4096,1056.305,32,0,0,1
inverse,1,shared,23,4096,442.423,32,0,0,1
inverse,1,flock,23,4096,1065.928,32,0,0,1
inverse,1,shared,24,4096,439.209,32,0,0,1
inverse,1,flock,24,4096,1055.501,32,0,0,1
inverse,1,shared,25,4096,440.501,32,0,0,1
inverse,1,flock,25,4096,1058.156,32,0,0,1
inverse,1,flock,26,4096,1061.391,32,0,0,1
inverse,1,shared,26,4096,440.257,32,0,0,1
inverse,1,shared,27,4096,440.125,32,0,0,1
inverse,1,flock,27,4096,1060.933,32,0,0,1
inverse,1,flock,28,4096,1064.362,32,0,0,1
inverse,1,shared,28,4096,441.172,32,0,0,1
inverse,1,shared,29,4096,442.261,32,0,0,1
inverse,1,flock,29,4096,1066.142,32,0,0,1
inverse,1,shared,30,4096,441.315,32,0,0,1
inverse,1,flock,30,4096,1052.775,32,0,0,1
inverse,1,shared,31,4096,442.322,32,0,0,1
inverse,1,flock,31,4096,1065.745,32,0,0,1
inverse,16,shared,0,256,6958.172,512,0,0,1
inverse,16,flock,0,256,16897.297,512,0,0,1
inverse,16,flock,1,256,16905.602,512,0,0,1
inverse,16,shared,1,256,6964.355,512,0,0,1
inverse,16,shared,2,256,6944.172,512,0,0,1
inverse,16,flock,2,256,16961.914,512,0,0,1
inverse,16,shared,3,256,7007.160,512,0,0,1
inverse,16,flock,3,256,16887.043,512,0,0,1
inverse,16,shared,4,256,6942.543,512,0,0,1
inverse,16,flock,4,256,16934.734,512,0,0,1
inverse,16,flock,5,256,16928.711,512,0,0,1
inverse,16,shared,5,256,6944.496,512,0,0,1
inverse,16,flock,6,256,16888.508,512,0,0,1
inverse,16,shared,6,256,7010.254,512,0,0,1
inverse,16,flock,7,256,16906.578,512,0,0,1
inverse,16,shared,7,256,6934.406,512,0,0,1
inverse,16,flock,8,256,16962.238,512,0,0,1
inverse,16,shared,8,256,6964.195,512,0,0,1
inverse,16,shared,9,256,6955.242,512,0,0,1
inverse,16,flock,9,256,16857.586,512,0,0,1
inverse,16,shared,10,256,6962.566,512,0,0,1
inverse,16,flock,10,256,16881.023,512,0,0,1
inverse,16,flock,11,256,16795.898,512,0,0,1
inverse,16,shared,11,256,6937.336,512,0,0,1
inverse,16,flock,12,256,16811.359,512,0,0,1
inverse,16,shared,12,256,6942.383,512,0,0,1
inverse,16,shared,13,256,6945.801,512,0,0,1
inverse,16,flock,13,256,16892.414,512,0,0,1
inverse,16,shared,14,256,7114.582,512,0,0,1
inverse,16,flock,14,256,16878.906,512,0,0,1
inverse,16,flock,15,256,16793.945,512,0,0,1
inverse,16,shared,15,256,6953.938,512,0,0,1
inverse,16,flock,16,256,16792.809,512,0,0,1
inverse,16,shared,16,256,6969.891,512,0,0,1
inverse,16,shared,17,256,6946.125,512,0,0,1
inverse,16,flock,17,256,16858.234,512,0,0,1
inverse,16,shared,18,256,6958.008,512,0,0,1
inverse,16,flock,18,256,16885.254,512,0,0,1
inverse,16,shared,19,256,6939.777,512,0,0,1
inverse,16,flock,19,256,16890.297,512,0,0,1
inverse,16,flock,20,256,16872.887,512,0,0,1
inverse,16,shared,20,256,6934.410,512,0,0,1
inverse,16,flock,21,256,16840.332,512,0,0,1
inverse,16,shared,21,256,6946.453,512,0,0,1
inverse,16,flock,22,256,16876.625,512,0,0,1
inverse,16,shared,22,256,6964.680,512,0,0,1
inverse,16,flock,23,256,16886.555,512,0,0,1
inverse,16,shared,23,256,6957.195,512,0,0,1
inverse,16,flock,24,256,16803.062,512,0,0,1
inverse,16,shared,24,256,6951.336,512,0,0,1
inverse,16,shared,25,256,6955.238,512,0,0,1
inverse,16,flock,25,256,16827.148,512,0,0,1
inverse,16,shared,26,256,6937.012,512,0,0,1
inverse,16,flock,26,256,16909.344,512,0,0,1
inverse,16,shared,27,256,7243.164,512,0,0,1
inverse,16,flock,27,256,17520.184,512,0,0,1
inverse,16,flock,28,256,17673.668,512,0,0,1
inverse,16,shared,28,256,7336.914,512,0,0,1
inverse,16,flock,29,256,16848.797,512,0,0,1
inverse,16,shared,29,256,6942.059,512,0,0,1
inverse,16,shared,30,256,6968.750,512,0,0,1
inverse,16,flock,30,256,17327.312,512,0,0,1
inverse,16,flock,31,256,16936.199,512,0,0,1
inverse,16,shared,31,256,6998.535,512,0,0,1
inverse,1024,flock,0,4,1080750.000,32768,0,0,1
inverse,1024,shared,0,4,445198.000,32768,0,0,1
inverse,1024,shared,1,4,444927.000,32768,0,0,1
inverse,1024,flock,1,4,1078541.500,32768,0,0,1
inverse,1024,shared,2,4,447229.000,32768,0,0,1
inverse,1024,flock,2,4,1081406.250,32768,0,0,1
inverse,1024,shared,3,4,447010.500,32768,0,0,1
inverse,1024,flock,3,4,1083083.500,32768,0,0,1
inverse,1024,shared,4,4,445968.750,32768,0,0,1
inverse,1024,flock,4,4,1081947.750,32768,0,0,1
inverse,1024,shared,5,4,445468.750,32768,0,0,1
inverse,1024,flock,5,4,1084770.750,32768,0,0,1
inverse,1024,flock,6,4,1082427.000,32768,0,0,1
inverse,1024,shared,6,4,446489.500,32768,0,0,1
inverse,1024,flock,7,4,1083260.500,32768,0,0,1
inverse,1024,shared,7,4,444156.250,32768,0,0,1
inverse,1024,shared,8,4,445520.750,32768,0,0,1
inverse,1024,flock,8,4,1082270.750,32768,0,0,1
inverse,1024,shared,9,4,446333.500,32768,0,0,1
inverse,1024,flock,9,4,1079093.750,32768,0,0,1
inverse,1024,flock,10,4,1081531.250,32768,0,0,1
inverse,1024,shared,10,4,445114.500,32768,0,0,1
inverse,1024,shared,11,4,446677.000,32768,0,0,1
inverse,1024,flock,11,4,1081906.250,32768,0,0,1
inverse,1024,flock,12,4,1084427.000,32768,0,0,1
inverse,1024,shared,12,4,445760.500,32768,0,0,1
inverse,1024,shared,13,4,444718.750,32768,0,0,1
inverse,1024,flock,13,4,1075166.750,32768,0,0,1
inverse,1024,shared,14,4,446739.750,32768,0,0,1
inverse,1024,flock,14,4,1082427.000,32768,0,0,1
inverse,1024,flock,15,4,1081958.500,32768,0,0,1
inverse,1024,shared,15,4,445271.000,32768,0,0,1
inverse,1024,shared,16,4,443854.250,32768,0,0,1
inverse,1024,flock,16,4,1077093.750,32768,0,0,1
inverse,1024,shared,17,4,444958.250,32768,0,0,1
inverse,1024,flock,17,4,1078531.250,32768,0,0,1
inverse,1024,shared,18,4,445125.000,32768,0,0,1
inverse,1024,flock,18,4,1079895.750,32768,0,0,1
inverse,1024,shared,19,4,444250.000,32768,0,0,1
inverse,1024,flock,19,4,1077031.250,32768,0,0,1
inverse,1024,shared,20,4,445573.000,32768,0,0,1
inverse,1024,flock,20,4,1076927.000,32768,0,0,1
inverse,1024,flock,21,4,1078916.750,32768,0,0,1
inverse,1024,shared,21,4,444958.500,32768,0,0,1
inverse,1024,shared,22,4,443968.750,32768,0,0,1
inverse,1024,flock,22,4,1078552.000,32768,0,0,1
inverse,1024,flock,23,4,1074427.000,32768,0,0,1
inverse,1024,shared,23,4,443843.750,32768,0,0,1
inverse,1024,shared,24,4,444031.250,32768,0,0,1
inverse,1024,flock,24,4,1075677.000,32768,0,0,1
inverse,1024,shared,25,4,444656.250,32768,0,0,1
inverse,1024,flock,25,4,1075812.500,32768,0,0,1
inverse,1024,flock,26,4,1080895.750,32768,0,0,1
inverse,1024,shared,26,4,445843.750,32768,0,0,1
inverse,1024,flock,27,4,1079677.000,32768,0,0,1
inverse,1024,shared,27,4,444260.500,32768,0,0,1
inverse,1024,flock,28,4,1075093.750,32768,0,0,1
inverse,1024,shared,28,4,444312.500,32768,0,0,1
inverse,1024,flock,29,4,1081760.500,32768,0,0,1
inverse,1024,shared,29,4,445208.250,32768,0,0,1
inverse,1024,shared,30,4,446927.000,32768,0,0,1
inverse,1024,flock,30,4,1076572.750,32768,0,0,1
inverse,1024,shared,31,4,444458.250,32768,0,0,1
inverse,1024,flock,31,4,1079093.750,32768,0,0,1
fixed_prepare,zero,existing_prepare,0,1048576,1.130,32,0,0,1
fixed_prepare,zero,existing_prepare,1,1048576,1.122,32,0,0,1
fixed_prepare,zero,existing_prepare,2,1048576,1.123,32,0,0,1
fixed_prepare,zero,existing_prepare,3,1048576,1.122,32,0,0,1
fixed_prepare,zero,existing_prepare,4,1048576,1.124,32,0,0,1
fixed_prepare,zero,existing_prepare,5,1048576,1.122,32,0,0,1
fixed_prepare,zero,existing_prepare,6,1048576,1.121,32,0,0,1
fixed_prepare,zero,existing_prepare,7,1048576,1.126,32,0,0,1
fixed_prepare,zero,existing_prepare,8,1048576,1.132,32,0,0,1
fixed_prepare,zero,existing_prepare,9,1048576,1.128,32,0,0,1
fixed_prepare,zero,existing_prepare,10,1048576,1.124,32,0,0,1
fixed_prepare,zero,existing_prepare,11,1048576,1.121,32,0,0,1
fixed_prepare,zero,existing_prepare,12,1048576,1.129,32,0,0,1
fixed_prepare,zero,existing_prepare,13,1048576,1.125,32,0,0,1
fixed_prepare,zero,existing_prepare,14,1048576,1.122,32,0,0,1
fixed_prepare,zero,existing_prepare,15,1048576,1.122,32,0,0,1
fixed_prepare,zero,existing_prepare,16,1048576,1.131,32,0,0,1
fixed_prepare,zero,existing_prepare,17,1048576,1.125,32,0,0,1
fixed_prepare,zero,existing_prepare,18,1048576,1.133,32,0,0,1
fixed_prepare,zero,existing_prepare,19,1048576,1.144,32,0,0,1
fixed_prepare,zero,existing_prepare,20,1048576,1.150,32,0,0,1
fixed_prepare,zero,existing_prepare,21,1048576,1.145,32,0,0,1
fixed_prepare,zero,existing_prepare,22,1048576,1.143,32,0,0,1
fixed_prepare,zero,existing_prepare,23,1048576,1.145,32,0,0,1
fixed_prepare,zero,existing_prepare,24,1048576,1.142,32,0,0,1
fixed_prepare,zero,existing_prepare,25,1048576,1.144,32,0,0,1
fixed_prepare,zero,existing_prepare,26,1048576,1.145,32,0,0,1
fixed_prepare,zero,existing_prepare,27,1048576,1.155,32,0,0,1
fixed_prepare,zero,existing_prepare,28,1048576,1.148,32,0,0,1
fixed_prepare,zero,existing_prepare,29,1048576,1.154,32,0,0,1
fixed_prepare,zero,existing_prepare,30,1048576,1.153,32,0,0,1
fixed_prepare,zero,existing_prepare,31,1048576,1.151,32,0,0,1
fixed,zero_n16,specialized,0,262144,5.065,512,0,0,1
fixed,zero_n16,scalar_lanes,0,262144,15.592,512,0,0,1
fixed,zero_n16,prepared,0,262144,14.388,512,0,0,1
fixed,zero_n16,shared,0,262144,15.478,512,0,0,1
fixed,zero_n16,flock,0,262144,15.268,512,0,0,1
fixed,zero_n16,prepared,1,262144,14.365,512,0,0,1
fixed,zero_n16,scalar_lanes,1,262144,15.775,512,0,0,1
fixed,zero_n16,specialized,1,262144,5.083,512,0,0,1
fixed,zero_n16,flock,1,262144,15.261,512,0,0,1
fixed,zero_n16,shared,1,262144,15.430,512,0,0,1
fixed,zero_n16,specialized,2,262144,5.102,512,0,0,1
fixed,zero_n16,scalar_lanes,2,262144,15.768,512,0,0,1
fixed,zero_n16,prepared,2,262144,14.378,512,0,0,1
fixed,zero_n16,shared,2,262144,15.518,512,0,0,1
fixed,zero_n16,flock,2,262144,15.348,512,0,0,1
fixed,zero_n16,scalar_lanes,3,262144,15.699,512,0,0,1
fixed,zero_n16,specialized,3,262144,5.134,512,0,0,1
fixed,zero_n16,flock,3,262144,15.305,512,0,0,1
fixed,zero_n16,shared,3,262144,15.444,512,0,0,1
fixed,zero_n16,prepared,3,262144,14.406,512,0,0,1
fixed,zero_n16,shared,4,262144,15.429,512,0,0,1
fixed,zero_n16,specialized,4,262144,5.090,512,0,0,1
fixed,zero_n16,prepared,4,262144,14.435,512,0,0,1
fixed,zero_n16,scalar_lanes,4,262144,15.682,512,0,0,1
fixed,zero_n16,flock,4,262144,15.207,512,0,0,1
fixed,zero_n16,prepared,5,262144,14.399,512,0,0,1
fixed,zero_n16,shared,5,262144,15.423,512,0,0,1
fixed,zero_n16,scalar_lanes,5,262144,15.727,512,0,0,1
fixed,zero_n16,flock,5,262144,15.283,512,0,0,1
fixed,zero_n16,specialized,5,262144,5.059,512,0,0,1
fixed,zero_n16,shared,6,262144,15.455,512,0,0,1
fixed,zero_n16,prepared,6,262144,14.411,512,0,0,1
fixed,zero_n16,flock,6,262144,15.279,512,0,0,1
fixed,zero_n16,scalar_lanes,6,262144,15.652,512,0,0,1
fixed,zero_n16,specialized,6,262144,5.124,512,0,0,1
fixed,zero_n16,shared,7,262144,15.459,512,0,0,1
fixed,zero_n16,prepared,7,262144,14.421,512,0,0,1
fixed,zero_n16,specialized,7,262144,5.086,512,0,0,1
fixed,zero_n16,scalar_lanes,7,262144,15.653,512,0,0,1
fixed,zero_n16,flock,7,262144,15.281,512,0,0,1
fixed,zero_n16,specialized,8,262144,5.110,512,0,0,1
fixed,zero_n16,shared,8,262144,15.392,512,0,0,1
fixed,zero_n16,prepared,8,262144,14.416,512,0,0,1
fixed,zero_n16,flock,8,262144,15.285,512,0,0,1
fixed,zero_n16,scalar_lanes,8,262144,15.975,512,0,0,1
fixed,zero_n16,specialized,9,262144,5.160,512,0,0,1
fixed,zero_n16,flock,9,262144,15.057,512,0,0,1
fixed,zero_n16,scalar_lanes,9,262144,15.448,512,0,0,1
fixed,zero_n16,shared,9,262144,15.163,512,0,0,1
fixed,zero_n16,prepared,9,262144,14.248,512,0,0,1
fixed,zero_n16,scalar_lanes,10,262144,15.410,512,0,0,1
fixed,zero_n16,prepared,10,262144,14.124,512,0,0,1
fixed,zero_n16,flock,10,262144,15.048,512,0,0,1
fixed,zero_n16,shared,10,262144,15.485,512,0,0,1
fixed,zero_n16,specialized,10,262144,5.086,512,0,0,1
fixed,zero_n16,prepared,11,262144,14.393,512,0,0,1
fixed,zero_n16,specialized,11,262144,5.063,512,0,0,1
fixed,zero_n16,scalar_lanes,11,262144,15.549,512,0,0,1
fixed,zero_n16,shared,11,262144,15.078,512,0,0,1
fixed,zero_n16,flock,11,262144,14.994,512,0,0,1
fixed,zero_n16,specialized,12,262144,4.970,512,0,0,1
fixed,zero_n16,shared,12,262144,15.056,512,0,0,1
fixed,zero_n16,scalar_lanes,12,262144,15.330,512,0,0,1
fixed,zero_n16,prepared,12,262144,14.027,512,0,0,1
fixed,zero_n16,flock,12,262144,15.066,512,0,0,1
fixed,zero_n16,flock,13,262144,15.026,512,0,0,1
fixed,zero_n16,scalar_lanes,13,262144,15.372,512,0,0,1
fixed,zero_n16,specialized,13,262144,4.969,512,0,0,1
fixed,zero_n16,shared,13,262144,15.091,512,0,0,1
fixed,zero_n16,prepared,13,262144,14.303,512,0,0,1
fixed,zero_n16,prepared,14,262144,14.258,512,0,0,1
fixed,zero_n16,flock,14,262144,15.178,512,0,0,1
fixed,zero_n16,shared,14,262144,15.495,512,0,0,1
fixed,zero_n16,specialized,14,262144,5.159,512,0,0,1
fixed,zero_n16,scalar_lanes,14,262144,15.690,512,0,0,1
fixed,zero_n16,prepared,15,262144,14.458,512,0,0,1
fixed,zero_n16,specialized,15,262144,5.102,512,0,0,1
fixed,zero_n16,shared,15,262144,15.568,512,0,0,1
fixed,zero_n16,flock,15,262144,15.363,512,0,0,1
fixed,zero_n16,scalar_lanes,15,262144,15.630,512,0,0,1
fixed,zero_n16,shared,16,262144,15.540,512,0,0,1
fixed,zero_n16,scalar_lanes,16,262144,15.727,512,0,0,1
fixed,zero_n16,flock,16,262144,15.340,512,0,0,1
fixed,zero_n16,specialized,16,262144,5.106,512,0,0,1
fixed,zero_n16,prepared,16,262144,14.434,512,0,0,1
fixed,zero_n16,specialized,17,262144,5.067,512,0,0,1
fixed,zero_n16,shared,17,262144,15.435,512,0,0,1
fixed,zero_n16,scalar_lanes,17,262144,15.746,512,0,0,1
fixed,zero_n16,prepared,17,262144,14.534,512,0,0,1
fixed,zero_n16,flock,17,262144,15.346,512,0,0,1
fixed,zero_n16,scalar_lanes,18,262144,15.649,512,0,0,1
fixed,zero_n16,prepared,18,262144,14.379,512,0,0,1
fixed,zero_n16,flock,18,262144,15.345,512,0,0,1
fixed,zero_n16,specialized,18,262144,5.065,512,0,0,1
fixed,zero_n16,shared,18,262144,15.393,512,0,0,1
fixed,zero_n16,shared,19,262144,15.457,512,0,0,1
fixed,zero_n16,prepared,19,262144,14.393,512,0,0,1
fixed,zero_n16,specialized,19,262144,5.068,512,0,0,1
fixed,zero_n16,scalar_lanes,19,262144,15.703,512,0,0,1
fixed,zero_n16,flock,19,262144,15.288,512,0,0,1
fixed,zero_n16,shared,20,262144,15.380,512,0,0,1
fixed,zero_n16,specialized,20,262144,5.050,512,0,0,1
fixed,zero_n16,scalar_lanes,20,262144,15.556,512,0,0,1
fixed,zero_n16,prepared,20,262144,14.292,512,0,0,1
fixed,zero_n16,flock,20,262144,15.158,512,0,0,1
fixed,zero_n16,flock,21,262144,15.287,512,0,0,1
fixed,zero_n16,specialized,21,262144,5.132,512,0,0,1
fixed,zero_n16,scalar_lanes,21,262144,15.695,512,0,0,1
fixed,zero_n16,prepared,21,262144,14.359,512,0,0,1
fixed,zero_n16,shared,21,262144,15.425,512,0,0,1
fixed,zero_n16,flock,22,262144,15.219,512,0,0,1
fixed,zero_n16,specialized,22,262144,5.057,512,0,0,1
fixed,zero_n16,scalar_lanes,22,262144,15.637,512,0,0,1
fixed,zero_n16,shared,22,262144,15.365,512,0,0,1
fixed,zero_n16,prepared,22,262144,14.332,512,0,0,1
fixed,zero_n16,flock,23,262144,15.217,512,0,0,1
fixed,zero_n16,prepared,23,262144,14.402,512,0,0,1
fixed,zero_n16,shared,23,262144,15.395,512,0,0,1
fixed,zero_n16,specialized,23,262144,5.075,512,0,0,1
fixed,zero_n16,scalar_lanes,23,262144,15.573,512,0,0,1
fixed,zero_n16,prepared,24,262144,14.337,512,0,0,1
fixed,zero_n16,flock,24,262144,15.242,512,0,0,1
fixed,zero_n16,specialized,24,262144,5.067,512,0,0,1
fixed,zero_n16,scalar_lanes,24,262144,15.631,512,0,0,1
fixed,zero_n16,shared,24,262144,15.399,512,0,0,1
fixed,zero_n16,flock,25,262144,15.264,512,0,0,1
fixed,zero_n16,scalar_lanes,25,262144,15.643,512,0,0,1
fixed,zero_n16,specialized,25,262144,5.066,512,0,0,1
fixed,zero_n16,prepared,25,262144,14.377,512,0,0,1
fixed,zero_n16,shared,25,262144,15.394,512,0,0,1
fixed,zero_n16,flock,26,262144,15.250,512,0,0,1
fixed,zero_n16,prepared,26,262144,14.353,512,0,0,1
fixed,zero_n16,specialized,26,262144,5.117,512,0,0,1
fixed,zero_n16,shared,26,262144,15.390,512,0,0,1
fixed,zero_n16,scalar_lanes,26,262144,15.626,512,0,0,1
fixed,zero_n16,prepared,27,262144,14.362,512,0,0,1
fixed,zero_n16,shared,27,262144,15.350,512,0,0,1
fixed,zero_n16,specialized,27,262144,5.075,512,0,0,1
fixed,zero_n16,flock,27,262144,15.227,512,0,0,1
fixed,zero_n16,scalar_lanes,27,262144,15.595,512,0,0,1
fixed,zero_n16,scalar_lanes,28,262144,15.563,512,0,0,1
fixed,zero_n16,prepared,28,262144,14.323,512,0,0,1
fixed,zero_n16,flock,28,262144,15.165,512,0,0,1
fixed,zero_n16,specialized,28,262144,5.050,512,0,0,1
fixed,zero_n16,shared,28,262144,15.365,512,0,0,1
fixed,zero_n16,flock,29,262144,15.227,512,0,0,1
fixed,zero_n16,shared,29,262144,15.498,512,0,0,1
fixed,zero_n16,scalar_lanes,29,262144,15.681,512,0,0,1
fixed,zero_n16,specialized,29,262144,5.064,512,0,0,1
fixed,zero_n16,prepared,29,262144,14.378,512,0,0,1
fixed,zero_n16,shared,30,262144,15.427,512,0,0,1
fixed,zero_n16,prepared,30,262144,14.389,512,0,0,1
fixed,zero_n16,flock,30,262144,15.310,512,0,0,1
fixed,zero_n16,specialized,30,262144,5.056,512,0,0,1
fixed,zero_n16,scalar_lanes,30,262144,15.720,512,0,0,1
fixed,zero_n16,scalar_lanes,31,262144,15.723,512,0,0,1
fixed,zero_n16,prepared,31,262144,14.362,512,0,0,1
fixed,zero_n16,shared,31,262144,15.351,512,0,0,1
fixed,zero_n16,specialized,31,262144,5.068,512,0,0,1
fixed,zero_n16,flock,31,262144,15.245,512,0,0,1
butterfly,zero_n16,prepared,0,262144,20.781,1024,0,0,1
butterfly,zero_n16,flock,0,262144,21.389,1024,0,0,1
butterfly,zero_n16,scalar_lanes,0,262144,20.795,1024,0,0,1
butterfly,zero_n16,shared,0,262144,20.601,1024,0,0,1
butterfly,zero_n16,specialized,0,262144,12.459,1024,0,0,1
butterfly,zero_n16,prepared,1,262144,20.288,1024,0,0,1
butterfly,zero_n16,scalar_lanes,1,262144,20.592,1024,0,0,1
butterfly,zero_n16,flock,1,262144,20.687,1024,0,0,1
butterfly,zero_n16,shared,1,262144,20.849,1024,0,0,1
butterfly,zero_n16,specialized,1,262144,12.471,1024,0,0,1
butterfly,zero_n16,flock,2,262144,20.684,1024,0,0,1
butterfly,zero_n16,prepared,2,262144,20.904,1024,0,0,1
butterfly,zero_n16,scalar_lanes,2,262144,20.949,1024,0,0,1
butterfly,zero_n16,specialized,2,262144,12.828,1024,0,0,1
butterfly,zero_n16,shared,2,262144,21.080,1024,0,0,1
butterfly,zero_n16,specialized,3,262144,12.697,1024,0,0,1
butterfly,zero_n16,scalar_lanes,3,262144,21.078,1024,0,0,1
butterfly,zero_n16,shared,3,262144,20.995,1024,0,0,1
butterfly,zero_n16,prepared,3,262144,20.899,1024,0,0,1
butterfly,zero_n16,flock,3,262144,21.187,1024,0,0,1
butterfly,zero_n16,prepared,4,262144,20.906,1024,0,0,1
butterfly,zero_n16,specialized,4,262144,12.711,1024,0,0,1
butterfly,zero_n16,shared,4,262144,21.071,1024,0,0,1
butterfly,zero_n16,flock,4,262144,21.234,1024,0,0,1
butterfly,zero_n16,scalar_lanes,4,262144,21.045,1024,0,0,1
butterfly,zero_n16,flock,5,262144,21.003,1024,0,0,1
butterfly,zero_n16,scalar_lanes,5,262144,21.189,1024,0,0,1
butterfly,zero_n16,shared,5,262144,21.069,1024,0,0,1
butterfly,zero_n16,specialized,5,262144,12.729,1024,0,0,1
butterfly,zero_n16,prepared,5,262144,20.847,1024,0,0,1
butterfly,zero_n16,prepared,6,262144,21.005,1024,0,0,1
butterfly,zero_n16,specialized,6,262144,12.838,1024,0,0,1
butterfly,zero_n16,flock,6,262144,21.058,1024,0,0,1
butterfly,zero_n16,shared,6,262144,21.115,1024,0,0,1
butterfly,zero_n16,scalar_lanes,6,262144,21.138,1024,0,0,1
butterfly,zero_n16,specialized,7,262144,12.746,1024,0,0,1
butterfly,zero_n16,shared,7,262144,21.010,1024,0,0,1
butterfly,zero_n16,scalar_lanes,7,262144,21.027,1024,0,0,1
butterfly,zero_n16,flock,7,262144,21.061,1024,0,0,1
butterfly,zero_n16,prepared,7,262144,20.788,1024,0,0,1
butterfly,zero_n16,scalar_lanes,8,262144,21.044,1024,0,0,1
butterfly,zero_n16,prepared,8,262144,20.812,1024,0,0,1
butterfly,zero_n16,shared,8,262144,21.036,1024,0,0,1
butterfly,zero_n16,specialized,8,262144,12.706,1024,0,0,1
butterfly,zero_n16,flock,8,262144,21.070,1024,0,0,1
butterfly,zero_n16,specialized,9,262144,12.757,1024,0,0,1
butterfly,zero_n16,shared,9,262144,20.988,1024,0,0,1
butterfly,zero_n16,flock,9,262144,20.971,1024,0,0,1
butterfly,zero_n16,scalar_lanes,9,262144,20.888,1024,0,0,1
butterfly,zero_n16,prepared,9,262144,20.825,1024,0,0,1
butterfly,zero_n16,shared,10,262144,20.969,1024,0,0,1
butterfly,zero_n16,flock,10,262144,21.029,1024,0,0,1
butterfly,zero_n16,specialized,10,262144,12.666,1024,0,0,1
butterfly,zero_n16,scalar_lanes,10,262144,20.926,1024,0,0,1
butterfly,zero_n16,prepared,10,262144,20.663,1024,0,0,1
butterfly,zero_n16,shared,11,262144,21.011,1024,0,0,1
butterfly,zero_n16,specialized,11,262144,12.467,1024,0,0,1
butterfly,zero_n16,scalar_lanes,11,262144,20.567,1024,0,0,1
butterfly,zero_n16,flock,11,262144,20.528,1024,0,0,1
butterfly,zero_n16,prepared,11,262144,20.538,1024,0,0,1
butterfly,zero_n16,scalar_lanes,12,262144,20.859,1024,0,0,1
butterfly,zero_n16,flock,12,262144,20.876,1024,0,0,1
butterfly,zero_n16,prepared,12,262144,20.635,1024,0,0,1
butterfly,zero_n16,specialized,12,262144,12.636,1024,0,0,1
butterfly,zero_n16,shared,12,262144,20.864,1024,0,0,1
butterfly,zero_n16,prepared,13,262144,20.625,1024,0,0,1
butterfly,zero_n16,specialized,13,262144,12.623,1024,0,0,1
butterfly,zero_n16,scalar_lanes,13,262144,20.876,1024,0,0,1
butterfly,zero_n16,shared,13,262144,20.856,1024,0,0,1
butterfly,zero_n16,flock,13,262144,20.872,1024,0,0,1
butterfly,zero_n16,specialized,14,262144,12.624,1024,0,0,1
butterfly,zero_n16,shared,14,262144,20.876,1024,0,0,1
butterfly,zero_n16,flock,14,262144,20.847,1024,0,0,1
butterfly,zero_n16,scalar_lanes,14,262144,20.879,1024,0,0,1
butterfly,zero_n16,prepared,14,262144,20.660,1024,0,0,1
butterfly,zero_n16,flock,15,262144,20.919,1024,0,0,1
butterfly,zero_n16,prepared,15,262144,20.722,1024,0,0,1
butterfly,zero_n16,specialized,15,262144,12.680,1024,0,0,1
butterfly,zero_n16,shared,15,262144,21.045,1024,0,0,1
butterfly,zero_n16,scalar_lanes,15,262144,20.905,1024,0,0,1
butterfly,zero_n16,shared,16,262144,20.896,1024,0,0,1
butterfly,zero_n16,scalar_lanes,16,262144,21.046,1024,0,0,1
butterfly,zero_n16,specialized,16,262144,12.621,1024,0,0,1
butterfly,zero_n16,flock,16,262144,20.949,1024,0,0,1
butterfly,zero_n16,prepared,16,262144,20.747,1024,0,0,1
butterfly,zero_n16,shared,17,262144,20.909,1024,0,0,1
butterfly,zero_n16,scalar_lanes,17,262144,20.977,1024,0,0,1
butterfly,zero_n16,flock,17,262144,21.036,1024,0,0,1
butterfly,zero_n16,specialized,17,262144,12.728,1024,0,0,1
butterfly,zero_n16,prepared,17,262144,20.792,1024,0,0,1
butterfly,zero_n16,flock,18,262144,20.961,1024,0,0,1
butterfly,zero_n16,specialized,18,262144,12.855,1024,0,0,1
butterfly,zero_n16,prepared,18,262144,20.783,1024,0,0,1
butterfly,zero_n16,shared,18,262144,20.919,1024,0,0,1
butterfly,zero_n16,scalar_lanes,18,262144,20.891,1024,0,0,1
butterfly,zero_n16,scalar_lanes,19,262144,21.007,1024,0,0,1
butterfly,zero_n16,flock,19,262144,21.017,1024,0,0,1
butterfly,zero_n16,shared,19,262144,20.933,1024,0,0,1
butterfly,zero_n16,specialized,19,262144,12.935,1024,0,0,1
butterfly,zero_n16,prepared,19,262144,21.243,1024,0,0,1
butterfly,zero_n16,scalar_lanes,20,262144,21.644,1024,0,0,1
butterfly,zero_n16,specialized,20,262144,13.333,1024,0,0,1
butterfly,zero_n16,shared,20,262144,20.822,1024,0,0,1
butterfly,zero_n16,flock,20,262144,20.863,1024,0,0,1
butterfly,zero_n16,prepared,20,262144,20.879,1024,0,0,1
butterfly,zero_n16,shared,21,262144,21.227,1024,0,0,1
butterfly,zero_n16,flock,21,262144,20.907,1024,0,0,1
butterfly,zero_n16,specialized,21,262144,12.578,1024,0,0,1
butterfly,zero_n16,prepared,21,262144,20.389,1024,0,0,1
butterfly,zero_n16,scalar_lanes,21,262144,21.042,1024,0,0,1
butterfly,zero_n16,shared,22,262144,21.075,1024,0,0,1
butterfly,zero_n16,flock,22,262144,21.011,1024,0,0,1
butterfly,zero_n16,specialized,22,262144,12.910,1024,0,0,1
butterfly,zero_n16,prepared,22,262144,20.718,1024,0,0,1
butterfly,zero_n16,scalar_lanes,22,262144,20.566,1024,0,0,1
butterfly,zero_n16,flock,23,262144,20.583,1024,0,0,1
butterfly,zero_n16,specialized,23,262144,12.703,1024,0,0,1
butterfly,zero_n16,scalar_lanes,23,262144,21.019,1024,0,0,1
butterfly,zero_n16,shared,23,262144,20.928,1024,0,0,1
butterfly,zero_n16,prepared,23,262144,20.683,1024,0,0,1
butterfly,zero_n16,flock,24,262144,20.928,1024,0,0,1
butterfly,zero_n16,shared,24,262144,20.997,1024,0,0,1
butterfly,zero_n16,scalar_lanes,24,262144,21.184,1024,0,0,1
butterfly,zero_n16,prepared,24,262144,20.788,1024,0,0,1
butterfly,zero_n16,specialized,24,262144,12.658,1024,0,0,1
butterfly,zero_n16,flock,25,262144,20.882,1024,0,0,1
butterfly,zero_n16,scalar_lanes,25,262144,20.966,1024,0,0,1
butterfly,zero_n16,specialized,25,262144,12.747,1024,0,0,1
butterfly,zero_n16,shared,25,262144,21.025,1024,0,0,1
butterfly,zero_n16,prepared,25,262144,20.719,1024,0,0,1
butterfly,zero_n16,scalar_lanes,26,262144,20.885,1024,0,0,1
butterfly,zero_n16,shared,26,262144,20.903,1024,0,0,1
butterfly,zero_n16,prepared,26,262144,20.748,1024,0,0,1
butterfly,zero_n16,flock,26,262144,20.902,1024,0,0,1
butterfly,zero_n16,specialized,26,262144,12.627,1024,0,0,1
butterfly,zero_n16,shared,27,262144,20.892,1024,0,0,1
butterfly,zero_n16,scalar_lanes,27,262144,20.964,1024,0,0,1
butterfly,zero_n16,flock,27,262144,20.966,1024,0,0,1
butterfly,zero_n16,prepared,27,262144,20.663,1024,0,0,1
butterfly,zero_n16,specialized,27,262144,12.640,1024,0,0,1
butterfly,zero_n16,shared,28,262144,21.048,1024,0,0,1
butterfly,zero_n16,flock,28,262144,21.012,1024,0,0,1
butterfly,zero_n16,scalar_lanes,28,262144,21.022,1024,0,0,1
butterfly,zero_n16,prepared,28,262144,20.853,1024,0,0,1
butterfly,zero_n16,specialized,28,262144,12.729,1024,0,0,1
butterfly,zero_n16,prepared,29,262144,20.841,1024,0,0,1
butterfly,zero_n16,shared,29,262144,20.983,1024,0,0,1
butterfly,zero_n16,flock,29,262144,20.890,1024,0,0,1
butterfly,zero_n16,scalar_lanes,29,262144,21.076,1024,0,0,1
butterfly,zero_n16,specialized,29,262144,12.740,1024,0,0,1
butterfly,zero_n16,prepared,30,262144,20.876,1024,0,0,1
butterfly,zero_n16,specialized,30,262144,13.329,1024,0,0,1
butterfly,zero_n16,shared,30,262144,21.533,1024,0,0,1
butterfly,zero_n16,flock,30,262144,21.466,1024,0,0,1
butterfly,zero_n16,scalar_lanes,30,262144,21.686,1024,0,0,1
butterfly,zero_n16,scalar_lanes,31,262144,21.267,1024,0,0,1
butterfly,zero_n16,flock,31,262144,21.570,1024,0,0,1
butterfly,zero_n16,shared,31,262144,21.233,1024,0,0,1
butterfly,zero_n16,specialized,31,262144,12.809,1024,0,0,1
butterfly,zero_n16,prepared,31,262144,21.118,1024,0,0,1
fixed,zero_n1024,shared,0,4096,865.479,32768,0,0,1
fixed,zero_n1024,specialized,0,4096,178.192,32768,0,0,1
fixed,zero_n1024,prepared,0,4096,742.930,32768,0,0,1
fixed,zero_n1024,scalar_lanes,0,4096,834.025,32768,0,0,1
fixed,zero_n1024,flock,0,4096,831.512,32768,0,0,1
fixed,zero_n1024,prepared,1,4096,746.816,32768,0,0,1
fixed,zero_n1024,flock,1,4096,826.762,32768,0,0,1
fixed,zero_n1024,shared,1,4096,867.838,32768,0,0,1
fixed,zero_n1024,specialized,1,4096,177.104,32768,0,0,1
fixed,zero_n1024,scalar_lanes,1,4096,833.394,32768,0,0,1
fixed,zero_n1024,scalar_lanes,2,4096,828.400,32768,0,0,1
fixed,zero_n1024,shared,2,4096,865.194,32768,0,0,1
fixed,zero_n1024,prepared,2,4096,745.127,32768,0,0,1
fixed,zero_n1024,specialized,2,4096,187.398,32768,0,0,1
fixed,zero_n1024,flock,2,4096,826.792,32768,0,0,1
fixed,zero_n1024,prepared,3,4096,748.535,32768,0,0,1
fixed,zero_n1024,scalar_lanes,3,4096,829.976,32768,0,0,1
fixed,zero_n1024,flock,3,4096,827.443,32768,0,0,1
fixed,zero_n1024,shared,3,4096,868.164,32768,0,0,1
fixed,zero_n1024,specialized,3,4096,190.572,32768,0,0,1
fixed,zero_n1024,prepared,4,4096,747.264,32768,0,0,1
fixed,zero_n1024,specialized,4,4096,190.501,32768,0,0,1
fixed,zero_n1024,flock,4,4096,831.533,32768,0,0,1
fixed,zero_n1024,shared,4,4096,867.818,32768,0,0,1
fixed,zero_n1024,scalar_lanes,4,4096,829.824,32768,0,0,1
fixed,zero_n1024,prepared,5,4096,744.273,32768,0,0,1
fixed,zero_n1024,shared,5,4096,866.709,32768,0,0,1
fixed,zero_n1024,scalar_lanes,5,4096,828.857,32768,0,0,1
fixed,zero_n1024,flock,5,4096,831.818,32768,0,0,1
fixed,zero_n1024,specialized,5,4096,186.544,32768,0,0,1
fixed,zero_n1024,flock,6,4096,827.901,32768,0,0,1
fixed,zero_n1024,prepared,6,4096,746.684,32768,0,0,1
fixed,zero_n1024,specialized,6,4096,184.794,32768,0,0,1
fixed,zero_n1024,scalar_lanes,6,4096,828.867,32768,0,0,1
fixed,zero_n1024,shared,6,4096,865.743,32768,0,0,1
fixed,zero_n1024,specialized,7,4096,186.096,32768,0,0,1
fixed,zero_n1024,prepared,7,4096,741.801,32768,0,0,1
fixed,zero_n1024,shared,7,4096,863.240,32768,0,0,1
fixed,zero_n1024,scalar_lanes,7,4096,826.426,32768,0,0,1
fixed,zero_n1024,flock,7,4096,829.102,32768,0,0,1
fixed,zero_n1024,shared,8,4096,865.509,32768,0,0,1
fixed,zero_n1024,prepared,8,4096,748.230,32768,0,0,1
fixed,zero_n1024,scalar_lanes,8,4096,829.112,32768,0,0,1
fixed,zero_n1024,specialized,8,4096,184.682,32768,0,0,1
fixed,zero_n1024,flock,8,4096,831.818,32768,0,0,1
fixed,zero_n1024,flock,9,4096,829.936,32768,0,0,1
fixed,zero_n1024,specialized,9,4096,180.695,32768,0,0,1
fixed,zero_n1024,prepared,9,4096,744.893,32768,0,0,1
fixed,zero_n1024,scalar_lanes,9,4096,837.423,32768,0,0,1
fixed,zero_n1024,shared,9,4096,867.025,32768,0,0,1
fixed,zero_n1024,specialized,10,4096,180.715,32768,0,0,1
fixed,zero_n1024,scalar_lanes,10,4096,833.486,32768,0,0,1
fixed,zero_n1024,flock,10,4096,835.927,32768,0,0,1
fixed,zero_n1024,shared,10,4096,864.522,32768,0,0,1
fixed,zero_n1024,prepared,10,4096,742.554,32768,0,0,1
fixed,zero_n1024,scalar_lanes,11,4096,829.987,32768,0,0,1
fixed,zero_n1024,prepared,11,4096,749.288,32768,0,0,1
fixed,zero_n1024,flock,11,4096,829.580,32768,0,0,1
fixed,zero_n1024,specialized,11,4096,411.184,32768,0,0,1
fixed,zero_n1024,shared,11,4096,866.079,32768,0,0,1
fixed,zero_n1024,prepared,12,4096,742.828,32768,0,0,1
fixed,zero_n1024,scalar_lanes,12,4096,829.254,32768,0,0,1
fixed,zero_n1024,flock,12,4096,826.782,32768,0,0,1
fixed,zero_n1024,specialized,12,4096,420.756,32768,0,0,1
fixed,zero_n1024,shared,12,4096,867.025,32768,0,0,1
fixed,zero_n1024,prepared,13,4096,746.368,32768,0,0,1
fixed,zero_n1024,shared,13,4096,865.672,32768,0,0,1
fixed,zero_n1024,scalar_lanes,13,4096,828.064,32768,0,0,1
fixed,zero_n1024,flock,13,4096,826.955,32768,0,0,1
fixed,zero_n1024,specialized,13,4096,413.310,32768,0,0,1
fixed,zero_n1024,prepared,14,4096,743.856,32768,0,0,1
fixed,zero_n1024,scalar_lanes,14,4096,833.150,32768,0,0,1
fixed,zero_n1024,shared,14,4096,866.038,32768,0,0,1
fixed,zero_n1024,flock,14,4096,827.749,32768,0,0,1
fixed,zero_n1024,specialized,14,4096,416.921,32768,0,0,1
fixed,zero_n1024,flock,15,4096,825.134,32768,0,0,1
fixed,zero_n1024,specialized,15,4096,413.249,32768,0,0,1
fixed,zero_n1024,scalar_lanes,15,4096,811.534,32768,0,0,1
fixed,zero_n1024,shared,15,4096,859.609,32768,0,0,1
fixed,zero_n1024,prepared,15,4096,744.446,32768,0,0,1
fixed,zero_n1024,specialized,16,4096,426.931,32768,0,0,1
fixed,zero_n1024,flock,16,4096,826.976,32768,0,0,1
fixed,zero_n1024,shared,16,4096,865.387,32768,0,0,1
fixed,zero_n1024,scalar_lanes,16,4096,827.901,32768,0,0,1
fixed,zero_n1024,prepared,16,4096,744.731,32768,0,0,1
fixed,zero_n1024,scalar_lanes,17,4096,832.214,32768,0,0,1
fixed,zero_n1024,shared,17,4096,868.286,32768,0,0,1
fixed,zero_n1024,flock,17,4096,828.237,32768,0,0,1
fixed,zero_n1024,prepared,17,4096,744.955,32768,0,0,1
fixed,zero_n1024,specialized,17,4096,423.147,32768,0,0,1
fixed,zero_n1024,flock,18,4096,825.358,32768,0,0,1
fixed,zero_n1024,scalar_lanes,18,4096,829.793,32768,0,0,1
fixed,zero_n1024,prepared,18,4096,744.019,32768,0,0,1
fixed,zero_n1024,specialized,18,4096,422.353,32768,0,0,1
fixed,zero_n1024,shared,18,4096,865.112,32768,0,0,1
fixed,zero_n1024,scalar_lanes,19,4096,828.613,32768,0,0,1
fixed,zero_n1024,flock,19,4096,828.206,32768,0,0,1
fixed,zero_n1024,shared,19,4096,865.896,32768,0,0,1
fixed,zero_n1024,specialized,19,4096,433.014,32768,0,0,1
fixed,zero_n1024,prepared,19,4096,746.318,32768,0,0,1
fixed,zero_n1024,specialized,20,4096,431.041,32768,0,0,1
fixed,zero_n1024,flock,20,4096,825.989,32768,0,0,1
fixed,zero_n1024,scalar_lanes,20,4096,826.284,32768,0,0,1
fixed,zero_n1024,shared,20,4096,863.831,32768,0,0,1
fixed,zero_n1024,prepared,20,4096,741.150,32768,0,0,1
fixed,zero_n1024,scalar_lanes,21,4096,826.803,32768,0,0,1
fixed,zero_n1024,flock,21,4096,824.056,32768,0,0,1
fixed,zero_n1024,shared,21,4096,864.899,32768,0,0,1
fixed,zero_n1024,specialized,21,4096,353.099,32768,0,0,1
fixed,zero_n1024,prepared,21,4096,743.571,32768,0,0,1
fixed,zero_n1024,prepared,22,4096,743.073,32768,0,0,1
fixed,zero_n1024,flock,22,4096,828.817,32768,0,0,1
fixed,zero_n1024,specialized,22,4096,230.550,32768,0,0,1
fixed,zero_n1024,scalar_lanes,22,4096,827.311,32768,0,0,1
fixed,zero_n1024,shared,22,4096,864.675,32768,0,0,1
fixed,zero_n1024,scalar_lanes,23,4096,830.038,32768,0,0,1
fixed,zero_n1024,flock,23,4096,824.727,32768,0,0,1
fixed,zero_n1024,prepared,23,4096,741.567,32768,0,0,1
fixed,zero_n1024,specialized,23,4096,231.395,32768,0,0,1
fixed,zero_n1024,shared,23,4096,873.759,32768,0,0,1
fixed,zero_n1024,prepared,24,4096,743.225,32768,0,0,1
fixed,zero_n1024,flock,24,4096,835.602,32768,0,0,1
fixed,zero_n1024,specialized,24,4096,356.415,32768,0,0,1
fixed,zero_n1024,scalar_lanes,24,4096,848.165,32768,0,0,1
fixed,zero_n1024,shared,24,4096,878.052,32768,0,0,1
fixed,zero_n1024,prepared,25,4096,755.534,32768,0,0,1
fixed,zero_n1024,flock,25,4096,839.549,32768,0,0,1
fixed,zero_n1024,specialized,25,4096,226.847,32768,0,0,1
fixed,zero_n1024,scalar_lanes,25,4096,838.125,32768,0,0,1
fixed,zero_n1024,shared,25,4096,874.746,32768,0,0,1
fixed,zero_n1024,specialized,26,4096,208.659,32768,0,0,1
fixed,zero_n1024,scalar_lanes,26,4096,835.449,32768,0,0,1
fixed,zero_n1024,prepared,26,4096,750.478,32768,0,0,1
fixed,zero_n1024,shared,26,4096,878.123,32768,0,0,1
fixed,zero_n1024,flock,26,4096,836.222,32768,0,0,1
fixed,zero_n1024,flock,27,4096,826.090,32768,0,0,1
fixed,zero_n1024,shared,27,4096,865.000,32768,0,0,1
fixed,zero_n1024,specialized,27,4096,201.935,32768,0,0,1
fixed,zero_n1024,scalar_lanes,27,4096,825.287,32768,0,0,1
fixed,zero_n1024,prepared,27,4096,747.823,32768,0,0,1
fixed,zero_n1024,scalar_lanes,28,4096,828.094,32768,0,0,1
fixed,zero_n1024,specialized,28,4096,200.297,32768,0,0,1
fixed,zero_n1024,prepared,28,4096,745.127,32768,0,0,1
fixed,zero_n1024,flock,28,4096,834.961,32768,0,0,1
fixed,zero_n1024,shared,28,4096,870.036,32768,0,0,1
fixed,zero_n1024,scalar_lanes,29,4096,827.820,32768,0,0,1
fixed,zero_n1024,specialized,29,4096,198.853,32768,0,0,1
fixed,zero_n1024,flock,29,4096,831.797,32768,0,0,1
fixed,zero_n1024,prepared,29,4096,745.921,32768,0,0,1
fixed,zero_n1024,shared,29,4096,867.004,32768,0,0,1
fixed,zero_n1024,shared,30,4096,864.482,32768,0,0,1
fixed,zero_n1024,prepared,30,4096,741.953,32768,0,0,1
fixed,zero_n1024,scalar_lanes,30,4096,826.212,32768,0,0,1
fixed,zero_n1024,flock,30,4096,825.653,32768,0,0,1
fixed,zero_n1024,specialized,30,4096,190.989,32768,0,0,1
fixed,zero_n1024,specialized,31,4096,180.033,32768,0,0,1
fixed,zero_n1024,prepared,31,4096,745.768,32768,0,0,1
fixed,zero_n1024,scalar_lanes,31,4096,828.969,32768,0,0,1
fixed,zero_n1024,flock,31,4096,829.559,32768,0,0,1
fixed,zero_n1024,shared,31,4096,870.748,32768,0,0,1
butterfly,zero_n1024,specialized,0,4096,629.262,65536,0,0,1
butterfly,zero_n1024,flock,0,4096,1190.358,65536,0,0,1
butterfly,zero_n1024,shared,0,4096,1144.562,65536,0,0,1
butterfly,zero_n1024,prepared,0,4096,1094.279,65536,0,0,1
butterfly,zero_n1024,scalar_lanes,0,4096,1142.924,65536,0,0,1
butterfly,zero_n1024,prepared,1,4096,1111.603,65536,0,0,1
butterfly,zero_n1024,scalar_lanes,1,4096,1165.822,65536,0,0,1
butterfly,zero_n1024,shared,1,4096,1165.192,65536,0,0,1
butterfly,zero_n1024,flock,1,4096,1165.283,65536,0,0,1
butterfly,zero_n1024,specialized,1,4096,595.652,65536,0,0,1
butterfly,zero_n1024,shared,2,4096,1163.137,65536,0,0,1
butterfly,zero_n1024,flock,2,4096,1164.825,65536,0,0,1
butterfly,zero_n1024,prepared,2,4096,1108.907,65536,0,0,1
butterfly,zero_n1024,scalar_lanes,2,4096,1168.874,65536,0,0,1
butterfly,zero_n1024,specialized,2,4096,670.461,65536,0,0,1
butterfly,zero_n1024,prepared,3,4096,1107.401,65536,0,0,1
butterfly,zero_n1024,shared,3,4096,1164.642,65536,0,0,1
butterfly,zero_n1024,specialized,3,4096,599.091,65536,0,0,1
butterfly,zero_n1024,scalar_lanes,3,4096,1161.937,65536,0,0,1
butterfly,zero_n1024,flock,3,4096,1164.062,65536,0,0,1
butterfly,zero_n1024,scalar_lanes,4,4096,1166.443,65536,0,0,1
butterfly,zero_n1024,prepared,4,4096,1111.552,65536,0,0,1
butterfly,zero_n1024,flock,4,4096,1158.213,65536,0,0,1
butterfly,zero_n1024,specialized,4,4096,592.377,65536,0,0,1
butterfly,zero_n1024,shared,4,4096,1165.588,65536,0,0,1
butterfly,zero_n1024,flock,5,4096,1162.750,65536,0,0,1
butterfly,zero_n1024,scalar_lanes,5,4096,1162.191,65536,0,0,1
butterfly,zero_n1024,specialized,5,4096,591.451,65536,0,0,1
butterfly,zero_n1024,prepared,5,4096,1110.077,65536,0,0,1
butterfly,zero_n1024,shared,5,4096,1161.682,65536,0,0,1
butterfly,zero_n1024,flock,6,4096,1164.419,65536,0,0,1
butterfly,zero_n1024,shared,6,4096,1157.776,65536,0,0,1
butterfly,zero_n1024,prepared,6,4096,1107.280,65536,0,0,1
butterfly,zero_n1024,specialized,6,4096,589.600,65536,0,0,1
butterfly,zero_n1024,scalar_lanes,6,4096,1162.130,65536,0,0,1
butterfly,zero_n1024,scalar_lanes,7,4096,1163.310,65536,0,0,1
butterfly,zero_n1024,prepared,7,4096,1107.463,65536,0,0,1
butterfly,zero_n1024,flock,7,4096,1158.986,65536,0,0,1
butterfly,zero_n1024,specialized,7,4096,592.814,65536,0,0,1
butterfly,zero_n1024,shared,7,4096,1159.108,65536,0,0,1
butterfly,zero_n1024,shared,8,4096,1161.174,65536,0,0,1
butterfly,zero_n1024,scalar_lanes,8,4096,1155.040,65536,0,0,1
butterfly,zero_n1024,flock,8,4096,1157.806,65536,0,0,1
butterfly,zero_n1024,specialized,8,4096,589.559,65536,0,0,1
butterfly,zero_n1024,prepared,8,4096,1103.902,65536,0,0,1
butterfly,zero_n1024,specialized,9,4096,597.778,65536,0,0,1
butterfly,zero_n1024,flock,9,4096,1157.898,65536,0,0,1
butterfly,zero_n1024,shared,9,4096,1160.421,65536,0,0,1
butterfly,zero_n1024,prepared,9,4096,1108.124,65536,0,0,1
butterfly,zero_n1024,scalar_lanes,9,4096,1163.442,65536,0,0,1
butterfly,zero_n1024,flock,10,4096,1160.807,65536,0,0,1
butterfly,zero_n1024,shared,10,4096,1162.048,65536,0,0,1
butterfly,zero_n1024,specialized,10,4096,603.668,65536,0,0,1
butterfly,zero_n1024,prepared,10,4096,1128.591,65536,0,0,1
butterfly,zero_n1024,scalar_lanes,10,4096,1173.370,65536,0,0,1
butterfly,zero_n1024,specialized,11,4096,595.947,65536,0,0,1
butterfly,zero_n1024,shared,11,4096,1165.273,65536,0,0,1
butterfly,zero_n1024,prepared,11,4096,1110.524,65536,0,0,1
butterfly,zero_n1024,scalar_lanes,11,4096,1162.241,65536,0,0,1
butterfly,zero_n1024,flock,11,4096,1167.307,65536,0,0,1
butterfly,zero_n1024,prepared,12,4096,1112.345,65536,0,0,1
butterfly,zero_n1024,specialized,12,4096,596.487,65536,0,0,1
butterfly,zero_n1024,scalar_lanes,12,4096,1168.905,65536,0,0,1
butterfly,zero_n1024,shared,12,4096,1166.646,65536,0,0,1
butterfly,zero_n1024,flock,12,4096,1164.368,65536,0,0,1
butterfly,zero_n1024,prepared,13,4096,1088.369,65536,0,0,1
butterfly,zero_n1024,scalar_lanes,13,4096,1146.566,65536,0,0,1
butterfly,zero_n1024,shared,13,4096,1139.313,65536,0,0,1
butterfly,zero_n1024,flock,13,4096,1155.782,65536,0,0,1
butterfly,zero_n1024,specialized,13,4096,590.098,65536,0,0,1
butterfly,zero_n1024,flock,14,4096,1152.669,65536,0,0,1
butterfly,zero_n1024,prepared,14,4096,1090.576,65536,0,0,1
butterfly,zero_n1024,specialized,14,4096,603.983,65536,0,0,1
butterfly,zero_n1024,shared,14,4096,1169.454,65536,0,0,1
butterfly,zero_n1024,scalar_lanes,14,4096,1166.250,65536,0,0,1
butterfly,zero_n1024,flock,15,4096,1167.826,65536,0,0,1
butterfly,zero_n1024,specialized,15,4096,605.540,65536,0,0,1
butterfly,zero_n1024,shared,15,4096,1163.798,65536,0,0,1
butterfly,zero_n1024,scalar_lanes,15,4096,1172.170,65536,0,0,1
butterfly,zero_n1024,prepared,15,4096,1112.946,65536,0,0,1
butterfly,zero_n1024,prepared,16,4096,1111.664,65536,0,0,1
butterfly,zero_n1024,scalar_lanes,16,4096,1167.633,65536,0,0,1
butterfly,zero_n1024,shared,16,4096,1161.316,65536,0,0,1
butterfly,zero_n1024,specialized,16,4096,598.928,65536,0,0,1
butterfly,zero_n1024,flock,16,4096,1167.155,65536,0,0,1
butterfly,zero_n1024,prepared,17,4096,1117.839,65536,0,0,1
butterfly,zero_n1024,shared,17,4096,1165.354,65536,0,0,1
butterfly,zero_n1024,scalar_lanes,17,4096,1165.314,65536,0,0,1
butterfly,zero_n1024,flock,17,4096,1161.875,65536,0,0,1
butterfly,zero_n1024,specialized,17,4096,589.478,65536,0,0,1
butterfly,zero_n1024,prepared,18,4096,1105.336,65536,0,0,1
butterfly,zero_n1024,scalar_lanes,18,4096,1162.628,65536,0,0,1
butterfly,zero_n1024,shared,18,4096,1162.791,65536,0,0,1
butterfly,zero_n1024,specialized,18,4096,602.570,65536,0,0,1
butterfly,zero_n1024,flock,18,4096,1164.225,65536,0,0,1
butterfly,zero_n1024,flock,19,4096,1165.792,65536,0,0,1
butterfly,zero_n1024,shared,19,4096,1163.177,65536,0,0,1
butterfly,zero_n1024,prepared,19,4096,1115.631,65536,0,0,1
butterfly,zero_n1024,specialized,19,4096,597.372,65536,0,0,1
butterfly,zero_n1024,scalar_lanes,19,4096,1162.750,65536,0,0,1
butterfly,zero_n1024,scalar_lanes,20,4096,1163.808,65536,0,0,1
butterfly,zero_n1024,flock,20,4096,1161.011,65536,0,0,1
butterfly,zero_n1024,specialized,20,4096,589.711,65536,0,0,1
butterfly,zero_n1024,shared,20,4096,1160.624,65536,0,0,1
butterfly,zero_n1024,prepared,20,4096,1105.581,65536,0,0,1
butterfly,zero_n1024,prepared,21,4096,1111.857,65536,0,0,1
butterfly,zero_n1024,flock,21,4096,1164.266,65536,0,0,1
butterfly,zero_n1024,shared,21,4096,1169.189,65536,0,0,1
butterfly,zero_n1024,scalar_lanes,21,4096,1163.767,65536,0,0,1
butterfly,zero_n1024,specialized,21,4096,593.485,65536,0,0,1
butterfly,zero_n1024,specialized,22,4096,594.676,65536,0,0,1
butterfly,zero_n1024,prepared,22,4096,1106.781,65536,0,0,1
butterfly,zero_n1024,flock,22,4096,1157.847,65536,0,0,1
butterfly,zero_n1024,shared,22,4096,1160.482,65536,0,0,1
butterfly,zero_n1024,scalar_lanes,22,4096,1163.778,65536,0,0,1
butterfly,zero_n1024,shared,23,4096,1163.218,65536,0,0,1
butterfly,zero_n1024,scalar_lanes,23,4096,1162.445,65536,0,0,1
butterfly,zero_n1024,specialized,23,4096,587.860,65536,0,0,1
butterfly,zero_n1024,flock,23,4096,1161.631,65536,0,0,1
butterfly,zero_n1024,prepared,23,4096,1107.330,65536,0,0,1
butterfly,zero_n1024,prepared,24,4096,1101.969,65536,0,0,1
butterfly,zero_n1024,scalar_lanes,24,4096,1156.179,65536,0,0,1
butterfly,zero_n1024,flock,24,4096,1156.942,65536,0,0,1
butterfly,zero_n1024,shared,24,4096,1157.918,65536,0,0,1
butterfly,zero_n1024,specialized,24,4096,586.731,65536,0,0,1
butterfly,zero_n1024,scalar_lanes,25,4096,1153.961,65536,0,0,1
butterfly,zero_n1024,prepared,25,4096,1102.753,65536,0,0,1
butterfly,zero_n1024,shared,25,4096,1154.409,65536,0,0,1
butterfly,zero_n1024,flock,25,4096,1158.203,65536,0,0,1
butterfly,zero_n1024,specialized,25,4096,597.249,65536,0,0,1
butterfly,zero_n1024,prepared,26,4096,1107.615,65536,0,0,1
butterfly,zero_n1024,scalar_lanes,26,4096,1159.821,65536,0,0,1
butterfly,zero_n1024,flock,26,4096,1163.127,65536,0,0,1
butterfly,zero_n1024,shared,26,4096,1161.550,65536,0,0,1
butterfly,zero_n1024,specialized,26,4096,590.983,65536,0,0,1
butterfly,zero_n1024,shared,27,4096,1154.459,65536,0,0,1
butterfly,zero_n1024,prepared,27,4096,1102.224,65536,0,0,1
butterfly,zero_n1024,specialized,27,4096,586.049,65536,0,0,1
butterfly,zero_n1024,scalar_lanes,27,4096,1161.458,65536,0,0,1
butterfly,zero_n1024,flock,27,4096,1156.118,65536,0,0,1
butterfly,zero_n1024,specialized,28,4096,588.155,65536,0,0,1
butterfly,zero_n1024,flock,28,4096,1211.039,65536,0,0,1
butterfly,zero_n1024,shared,28,4096,1163.839,65536,0,0,1
butterfly,zero_n1024,prepared,28,4096,1115.763,65536,0,0,1
butterfly,zero_n1024,scalar_lanes,28,4096,1148.041,65536,0,0,1
butterfly,zero_n1024,prepared,29,4096,1087.677,65536,0,0,1
butterfly,zero_n1024,scalar_lanes,29,4096,1139.201,65536,0,0,1
butterfly,zero_n1024,specialized,29,4096,634.603,65536,0,0,1
butterfly,zero_n1024,shared,29,4096,1136.220,65536,0,0,1
butterfly,zero_n1024,flock,29,4096,1148.549,65536,0,0,1
butterfly,zero_n1024,specialized,30,4096,656.006,65536,0,0,1
butterfly,zero_n1024,prepared,30,4096,1085.866,65536,0,0,1
butterfly,zero_n1024,shared,30,4096,1156.382,65536,0,0,1
butterfly,zero_n1024,scalar_lanes,30,4096,1162.354,65536,0,0,1
butterfly,zero_n1024,flock,30,4096,1165.009,65536,0,0,1
butterfly,zero_n1024,shared,31,4096,1159.841,65536,0,0,1
butterfly,zero_n1024,prepared,31,4096,1111.094,65536,0,0,1
butterfly,zero_n1024,flock,31,4096,1163.554,65536,0,0,1
butterfly,zero_n1024,scalar_lanes,31,4096,1163.951,65536,0,0,1
butterfly,zero_n1024,specialized,31,4096,596.659,65536,0,0,1
fixed,zero_n65536,scalar_lanes,0,64,53659.500,2097152,0,0,1
fixed,zero_n65536,prepared,0,64,48356.766,2097152,0,0,1
fixed,zero_n65536,specialized,0,64,6157.547,2097152,0,0,1
fixed,zero_n65536,flock,0,64,54138.672,2097152,0,0,1
fixed,zero_n65536,shared,0,64,53844.391,2097152,0,0,1
fixed,zero_n65536,shared,1,64,54101.562,2097152,0,0,1
fixed,zero_n65536,flock,1,64,54408.203,2097152,0,0,1
fixed,zero_n65536,specialized,1,64,6428.391,2097152,0,0,1
fixed,zero_n65536,prepared,1,64,48269.531,2097152,0,0,1
fixed,zero_n65536,scalar_lanes,1,64,54130.859,2097152,0,0,1
fixed,zero_n65536,shared,2,64,54321.625,2097152,0,0,1
fixed,zero_n65536,flock,2,64,53612.625,2097152,0,0,1
fixed,zero_n65536,scalar_lanes,2,64,53756.500,2097152,0,0,1
fixed,zero_n65536,specialized,2,64,7013.672,2097152,0,0,1
fixed,zero_n65536,prepared,2,64,48863.281,2097152,0,0,1
fixed,zero_n65536,specialized,3,64,7312.500,2097152,0,0,1
fixed,zero_n65536,prepared,3,64,48442.719,2097152,0,0,1
fixed,zero_n65536,scalar_lanes,3,64,53833.984,2097152,0,0,1
fixed,zero_n65536,flock,3,64,53674.484,2097152,0,0,1
fixed,zero_n65536,shared,3,64,53960.281,2097152,0,0,1
fixed,zero_n65536,prepared,4,64,47881.516,2097152,0,0,1
fixed,zero_n65536,flock,4,64,53496.094,2097152,0,0,1
fixed,zero_n65536,shared,4,64,54130.859,2097152,0,0,1
fixed,zero_n65536,scalar_lanes,4,64,53835.938,2097152,0,0,1
fixed,zero_n65536,specialized,4,64,8462.234,2097152,0,0,1
fixed,zero_n65536,scalar_lanes,5,64,53067.719,2097152,0,0,1
fixed,zero_n65536,prepared,5,64,48643.875,2097152,0,0,1
fixed,zero_n65536,shared,5,64,53561.203,2097152,0,0,1
fixed,zero_n65536,flock,5,64,53173.828,2097152,0,0,1
fixed,zero_n65536,specialized,5,64,8736.969,2097152,0,0,1
fixed,zero_n65536,shared,6,64,53735.031,2097152,0,0,1
fixed,zero_n65536,prepared,6,64,48175.125,2097152,0,0,1
fixed,zero_n65536,flock,6,64,52986.969,2097152,0,0,1
fixed,zero_n65536,scalar_lanes,6,64,52783.844,2097152,0,0,1
fixed,zero_n65536,specialized,6,64,8578.781,2097152,0,0,1
fixed,zero_n65536,flock,7,64,53221.359,2097152,0,0,1
fixed,zero_n65536,specialized,7,64,8591.156,2097152,0,0,1
fixed,zero_n65536,shared,7,64,54302.078,2097152,0,0,1
fixed,zero_n65536,scalar_lanes,7,64,53296.234,2097152,0,0,1
fixed,zero_n65536,prepared,7,64,48751.297,2097152,0,0,1
fixed,zero_n65536,shared,8,64,53871.094,2097152,0,0,1
fixed,zero_n65536,scalar_lanes,8,64,54438.797,2097152,0,0,1
fixed,zero_n65536,specialized,8,64,9235.688,2097152,0,0,1
fixed,zero_n65536,prepared,8,64,47675.141,2097152,0,0,1
fixed,zero_n65536,flock,8,64,53764.984,2097152,0,0,1
fixed,zero_n65536,specialized,9,64,9281.906,2097152,0,0,1
fixed,zero_n65536,scalar_lanes,9,64,53289.062,2097152,0,0,1
fixed,zero_n65536,flock,9,64,53618.484,2097152,0,0,1
fixed,zero_n65536,shared,9,64,54035.812,2097152,0,0,1
fixed,zero_n65536,prepared,9,64,47322.922,2097152,0,0,1
fixed,zero_n65536,shared,10,64,53964.844,2097152,0,0,1
fixed,zero_n65536,flock,10,64,53582.031,2097152,0,0,1
fixed,zero_n65536,scalar_lanes,10,64,53022.781,2097152,0,0,1
fixed,zero_n65536,specialized,10,64,16210.297,2097152,0,0,1
fixed,zero_n65536,prepared,10,64,48098.969,2097152,0,0,1
fixed,zero_n65536,scalar_lanes,11,64,52634.766,2097152,0,0,1
fixed,zero_n65536,flock,11,64,53083.984,2097152,0,0,1
fixed,zero_n65536,specialized,11,64,16013.672,2097152,0,0,1
fixed,zero_n65536,prepared,11,64,48056.000,2097152,0,0,1
fixed,zero_n65536,shared,11,64,53854.172,2097152,0,0,1
fixed,zero_n65536,specialized,12,64,16194.656,2097152,0,0,1
fixed,zero_n65536,scalar_lanes,12,64,52665.359,2097152,0,0,1
fixed,zero_n65536,flock,12,64,52726.562,2097152,0,0,1
fixed,zero_n65536,shared,12,64,53582.031,2097152,0,0,1
fixed,zero_n65536,prepared,12,64,48994.781,2097152,0,0,1
fixed,zero_n65536,shared,13,64,54269.531,2097152,0,0,1
fixed,zero_n65536,prepared,13,64,47973.312,2097152,0,0,1
fixed,zero_n65536,specialized,13,64,11567.703,2097152,0,0,1
fixed,zero_n65536,scalar_lanes,13,64,52844.406,2097152,0,0,1
fixed,zero_n65536,flock,13,64,53238.281,2097152,0,0,1
fixed,zero_n65536,shared,14,64,53707.672,2097152,0,0,1
fixed,zero_n65536,prepared,14,64,48809.891,2097152,0,0,1
fixed,zero_n65536,specialized,14,64,16059.906,2097152,0,0,1
fixed,zero_n65536,scalar_lanes,14,64,52580.078,2097152,0,0,1
fixed,zero_n65536,flock,14,64,53194.656,2097152,0,0,1
fixed,zero_n65536,shared,15,64,53902.344,2097152,0,0,1
fixed,zero_n65536,scalar_lanes,15,64,52946.609,2097152,0,0,1
fixed,zero_n65536,specialized,15,64,16460.281,2097152,0,0,1
fixed,zero_n65536,prepared,15,64,47945.312,2097152,0,0,1
fixed,zero_n65536,flock,15,64,52954.422,2097152,0,0,1
fixed,zero_n65536,specialized,16,64,16913.406,2097152,0,0,1
fixed,zero_n65536,flock,16,64,52901.688,2097152,0,0,1
fixed,zero_n65536,prepared,16,64,47798.828,2097152,0,0,1
fixed,zero_n65536,shared,16,64,54330.734,2097152,0,0,1
fixed,zero_n65536,scalar_lanes,16,64,52658.203,2097152,0,0,1
fixed,zero_n65536,shared,17,64,53608.078,2097152,0,0,1
fixed,zero_n65536,flock,17,64,53992.188,2097152,0,0,1
fixed,zero_n65536,scalar_lanes,17,64,52983.062,2097152,0,0,1
fixed,zero_n65536,prepared,17,64,47202.469,2097152,0,0,1
fixed,zero_n65536,specialized,17,64,16311.203,2097152,0,0,1
fixed,zero_n65536,specialized,18,64,16253.266,2097152,0,0,1
fixed,zero_n65536,scalar_lanes,18,64,52490.875,2097152,0,0,1
fixed,zero_n65536,prepared,18,64,48891.281,2097152,0,0,1
fixed,zero_n65536,flock,18,64,53705.719,2097152,0,0,1
fixed,zero_n65536,shared,18,64,53630.859,2097152,0,0,1
fixed,zero_n65536,flock,19,64,52733.719,2097152,0,0,1
fixed,zero_n65536,scalar_lanes,19,64,53473.969,2097152,0,0,1
fixed,zero_n65536,shared,19,64,53745.453,2097152,0,0,1
fixed,zero_n65536,prepared,19,64,47494.141,2097152,0,0,1
fixed,zero_n65536,specialized,19,64,16789.703,2097152,0,0,1
fixed,zero_n65536,specialized,20,64,16899.094,2097152,0,0,1
fixed,zero_n65536,prepared,20,64,47406.891,2097152,0,0,1
fixed,zero_n65536,flock,20,64,52441.406,2097152,0,0,1
fixed,zero_n65536,scalar_lanes,20,64,52722.656,2097152,0,0,1
fixed,zero_n65536,shared,20,64,53966.797,2097152,0,0,1
fixed,zero_n65536,prepared,21,64,48453.125,2097152,0,0,1
fixed,zero_n65536,scalar_lanes,21,64,53584.641,2097152,0,0,1
fixed,zero_n65536,flock,21,64,52652.984,2097152,0,0,1
fixed,zero_n65536,shared,21,64,53942.062,2097152,0,0,1
fixed,zero_n65536,specialized,21,64,18244.141,2097152,0,0,1
fixed,zero_n65536,flock,22,64,53379.562,2097152,0,0,1
fixed,zero_n65536,specialized,22,64,17833.344,2097152,0,0,1
fixed,zero_n65536,shared,22,64,53898.438,2097152,0,0,1
fixed,zero_n65536,prepared,22,64,47340.500,2097152,0,0,1
fixed,zero_n65536,scalar_lanes,22,64,52899.734,2097152,0,0,1
fixed,zero_n65536,prepared,23,64,47766.281,2097152,0,0,1
fixed,zero_n65536,flock,23,64,53390.625,2097152,0,0,1
fixed,zero_n65536,scalar_lanes,23,64,53560.547,2097152,0,0,1
fixed,zero_n65536,specialized,23,64,18541.672,2097152,0,0,1
fixed,zero_n65536,shared,23,64,54575.531,2097152,0,0,1
fixed,zero_n65536,shared,24,64,54078.781,2097152,0,0,1
fixed,zero_n65536,specialized,24,64,18801.438,2097152,0,0,1
fixed,zero_n65536,flock,24,64,53531.250,2097152,0,0,1
fixed,zero_n65536,scalar_lanes,24,64,53136.062,2097152,0,0,1
fixed,zero_n65536,prepared,24,64,47239.578,2097152,0,0,1
fixed,zero_n65536,flock,25,64,52637.375,2097152,0,0,1
fixed,zero_n65536,scalar_lanes,25,64,53433.594,2097152,0,0,1
fixed,zero_n65536,prepared,25,64,49190.109,2097152,0,0,1
fixed,zero_n65536,specialized,25,64,19484.375,2097152,0,0,1
fixed,zero_n65536,shared,25,64,53853.516,2097152,0,0,1
fixed,zero_n65536,scalar_lanes,26,64,52757.812,2097152,0,0,1
fixed,zero_n65536,specialized,26,64,12957.031,2097152,0,0,1
fixed,zero_n65536,prepared,26,64,47225.906,2097152,0,0,1
fixed,zero_n65536,flock,26,64,52600.250,2097152,0,0,1
fixed,zero_n65536,shared,26,64,53743.500,2097152,0,0,1
fixed,zero_n65536,scalar_lanes,27,64,53705.078,2097152,0,0,1
fixed,zero_n65536,flock,27,64,53197.922,2097152,0,0,1
fixed,zero_n65536,prepared,27,64,48916.672,2097152,0,0,1
fixed,zero_n65536,shared,27,64,53576.172,2097152,0,0,1
fixed,zero_n65536,specialized,27,64,18952.469,2097152,0,0,1
fixed,zero_n65536,scalar_lanes,28,64,53072.906,2097152,0,0,1
fixed,zero_n65536,specialized,28,64,18697.266,2097152,0,0,1
fixed,zero_n65536,prepared,28,64,47486.328,2097152,0,0,1
fixed,zero_n65536,shared,28,64,53541.016,2097152,0,0,1
fixed,zero_n65536,flock,28,64,52980.469,2097152,0,0,1
fixed,zero_n65536,prepared,29,64,48238.281,2097152,0,0,1
fixed,zero_n65536,shared,29,64,53613.938,2097152,0,0,1
fixed,zero_n65536,specialized,29,64,19121.094,2097152,0,0,1
fixed,zero_n65536,flock,29,64,53248.047,2097152,0,0,1
fixed,zero_n65536,scalar_lanes,29,64,53522.781,2097152,0,0,1
fixed,zero_n65536,specialized,30,64,18830.734,2097152,0,0,1
fixed,zero_n65536,shared,30,64,54199.859,2097152,0,0,1
fixed,zero_n65536,flock,30,64,52713.531,2097152,0,0,1
fixed,zero_n65536,prepared,30,64,47085.938,2097152,0,0,1
fixed,zero_n65536,scalar_lanes,30,64,52615.891,2097152,0,0,1
fixed,zero_n65536,prepared,31,64,47592.453,2097152,0,0,1
fixed,zero_n65536,scalar_lanes,31,64,53641.938,2097152,0,0,1
fixed,zero_n65536,flock,31,64,52999.344,2097152,0,0,1
fixed,zero_n65536,specialized,31,64,18744.781,2097152,0,0,1
fixed,zero_n65536,shared,31,64,54508.453,2097152,0,0,1
butterfly,zero_n65536,flock,0,64,84210.297,4194304,0,0,1
butterfly,zero_n65536,scalar_lanes,0,64,83365.891,4194304,0,0,1
butterfly,zero_n65536,prepared,0,64,74459.641,4194304,0,0,1
butterfly,zero_n65536,specialized,0,64,58761.719,4194304,0,0,1
butterfly,zero_n65536,shared,0,64,83464.203,4194304,0,0,1
butterfly,zero_n65536,prepared,1,64,73200.516,4194304,0,0,1
butterfly,zero_n65536,scalar_lanes,1,64,81195.312,4194304,0,0,1
butterfly,zero_n65536,specialized,1,64,57848.953,4194304,0,0,1
butterfly,zero_n65536,flock,1,64,82831.375,4194304,0,0,1
butterfly,zero_n65536,shared,1,64,85167.969,4194304,0,0,1
butterfly,zero_n65536,flock,2,64,80785.797,4194304,0,0,1
butterfly,zero_n65536,specialized,2,64,57501.297,4194304,0,0,1
butterfly,zero_n65536,scalar_lanes,2,64,82327.469,4194304,0,0,1
butterfly,zero_n65536,shared,2,64,82235.688,4194304,0,0,1
butterfly,zero_n65536,prepared,2,64,72173.828,4194304,0,0,1
butterfly,zero_n65536,scalar_lanes,3,64,74617.188,4194304,0,0,1
butterfly,zero_n65536,flock,3,64,77255.203,4194304,0,0,1
butterfly,zero_n65536,prepared,3,64,72669.281,4194304,0,0,1
butterfly,zero_n65536,shared,3,64,75313.156,4194304,0,0,1
butterfly,zero_n65536,specialized,3,64,47269.531,4194304,0,0,1
butterfly,zero_n65536,flock,4,64,76720.703,4194304,0,0,1
butterfly,zero_n65536,shared,4,64,76136.078,4194304,0,0,1
butterfly,zero_n65536,scalar_lanes,4,64,76369.797,4194304,0,0,1
butterfly,zero_n65536,prepared,4,64,73653.000,4194304,0,0,1
butterfly,zero_n65536,specialized,4,64,45994.141,4194304,0,0,1
butterfly,zero_n65536,shared,5,64,75443.359,4194304,0,0,1
butterfly,zero_n65536,specialized,5,64,45824.875,4194304,0,0,1
butterfly,zero_n65536,flock,5,64,75903.000,4194304,0,0,1
butterfly,zero_n65536,prepared,5,64,71949.859,4194304,0,0,1
butterfly,zero_n65536,scalar_lanes,5,64,74935.547,4194304,0,0,1
butterfly,zero_n65536,specialized,6,64,46189.453,4194304,0,0,1
butterfly,zero_n65536,prepared,6,64,71590.484,4194304,0,0,1
butterfly,zero_n65536,shared,6,64,77559.250,4194304,0,0,1
butterfly,zero_n65536,flock,6,64,75600.266,4194304,0,0,1
butterfly,zero_n65536,scalar_lanes,6,64,74953.781,4194304,0,0,1
butterfly,zero_n65536,prepared,7,64,72941.406,4194304,0,0,1
butterfly,zero_n65536,flock,7,64,75630.219,4194304,0,0,1
butterfly,zero_n65536,shared,7,64,73867.844,4194304,0,0,1
butterfly,zero_n65536,specialized,7,64,45119.797,4194304,0,0,1
butterfly,zero_n65536,scalar_lanes,7,64,88156.250,4194304,0,0,1
butterfly,zero_n65536,flock,8,64,80208.984,4194304,0,0,1
butterfly,zero_n65536,prepared,8,64,77100.250,4194304,0,0,1
butterfly,zero_n65536,shared,8,64,76149.094,4194304,0,0,1
butterfly,zero_n65536,scalar_lanes,8,64,74905.594,4194304,0,0,1
butterfly,zero_n65536,specialized,8,64,45860.672,4194304,0,0,1
butterfly,zero_n65536,scalar_lanes,9,64,77367.844,4194304,0,0,1
butterfly,zero_n65536,prepared,9,64,71992.188,4194304,0,0,1
butterfly,zero_n65536,shared,9,64,73663.422,4194304,0,0,1
butterfly,zero_n65536,specialized,9,64,45099.609,4194304,0,0,1
butterfly,zero_n65536,flock,9,64,74875.656,4194304,0,0,1
butterfly,zero_n65536,specialized,10,64,45501.953,4194304,0,0,1
butterfly,zero_n65536,scalar_lanes,10,64,75514.328,4194304,0,0,1
butterfly,zero_n65536,shared,10,64,75808.594,4194304,0,0,1
butterfly,zero_n65536,prepared,10,64,74087.891,4194304,0,0,1
butterfly,zero_n65536,flock,10,64,75738.281,4194304,0,0,1
butterfly,zero_n65536,scalar_lanes,11,64,75136.078,4194304,0,0,1
butterfly,zero_n65536,flock,11,64,76738.938,4194304,0,0,1
butterfly,zero_n65536,shared,11,64,76679.031,4194304,0,0,1
butterfly,zero_n65536,specialized,11,64,45251.953,4194304,0,0,1
butterfly,zero_n65536,prepared,11,64,72279.297,4194304,0,0,1
butterfly,zero_n65536,scalar_lanes,12,64,76772.141,4194304,0,0,1
butterfly,zero_n65536,specialized,12,64,46343.094,4194304,0,0,1
butterfly,zero_n65536,shared,12,64,75212.250,4194304,0,0,1
butterfly,zero_n65536,prepared,12,64,71131.516,4194304,0,0,1
butterfly,zero_n65536,flock,12,64,74826.172,4194304,0,0,1
butterfly,zero_n65536,flock,13,64,75807.281,4194304,0,0,1
butterfly,zero_n65536,specialized,13,64,45138.031,4194304,0,0,1
butterfly,zero_n65536,scalar_lanes,13,64,74546.219,4194304,0,0,1
butterfly,zero_n65536,shared,13,64,74403.000,4194304,0,0,1
butterfly,zero_n65536,prepared,13,64,70403.656,4194304,0,0,1
butterfly,zero_n65536,prepared,14,64,71087.234,4194304,0,0,1
butterfly,zero_n65536,shared,14,64,75868.484,4194304,0,0,1
butterfly,zero_n65536,specialized,14,64,45453.766,4194304,0,0,1
butterfly,zero_n65536,scalar_lanes,14,64,76533.859,4194304,0,0,1
butterfly,zero_n65536,flock,14,64,74419.922,4194304,0,0,1
butterfly,zero_n65536,scalar_lanes,15,64,75632.812,4194304,0,0,1
butterfly,zero_n65536,specialized,15,64,46327.469,4194304,0,0,1
butterfly,zero_n65536,flock,15,64,75470.703,4194304,0,0,1
butterfly,zero_n65536,prepared,15,64,73020.172,4194304,0,0,1
butterfly,zero_n65536,shared,15,64,75285.797,4194304,0,0,1
butterfly,zero_n65536,specialized,16,64,45606.766,4194304,0,0,1
butterfly,zero_n65536,scalar_lanes,16,64,75897.781,4194304,0,0,1
butterfly,zero_n65536,flock,16,64,74714.844,4194304,0,0,1
butterfly,zero_n65536,prepared,16,64,72139.969,4194304,0,0,1
butterfly,zero_n65536,shared,16,64,76401.688,4194304,0,0,1
butterfly,zero_n65536,flock,17,64,74389.969,4194304,0,0,1
butterfly,zero_n65536,specialized,17,64,45277.344,4194304,0,0,1
butterfly,zero_n65536,prepared,17,64,71880.859,4194304,0,0,1
butterfly,zero_n65536,scalar_lanes,17,64,74643.234,4194304,0,0,1
butterfly,zero_n65536,shared,17,64,74567.047,4194304,0,0,1
butterfly,zero_n65536,shared,18,64,75039.719,4194304,0,0,1
butterfly,zero_n65536,specialized,18,64,46531.906,4194304,0,0,1
butterfly,zero_n65536,flock,18,64,75368.484,4194304,0,0,1
butterfly,zero_n65536,prepared,18,64,71736.328,4194304,0,0,1
butterfly,zero_n65536,scalar_lanes,18,64,76996.734,4194304,0,0,1
butterfly,zero_n65536,specialized,19,64,45272.781,4194304,0,0,1
butterfly,zero_n65536,prepared,19,64,71374.359,4194304,0,0,1
butterfly,zero_n65536,flock,19,64,75416.016,4194304,0,0,1
butterfly,zero_n65536,scalar_lanes,19,64,75214.188,4194304,0,0,1
butterfly,zero_n65536,shared,19,64,74799.469,4194304,0,0,1
butterfly,zero_n65536,flock,20,64,75067.703,4194304,0,0,1
butterfly,zero_n65536,scalar_lanes,20,64,75867.188,4194304,0,0,1
butterfly,zero_n65536,specialized,20,64,45330.734,4194304,0,0,1
butterfly,zero_n65536,shared,20,64,76626.953,4194304,0,0,1
butterfly,zero_n65536,prepared,20,64,72685.547,4194304,0,0,1
butterfly,zero_n65536,scalar_lanes,21,64,76685.547,4194304,0,0,1
butterfly,zero_n65536,shared,21,64,75848.312,4194304,0,0,1
butterfly,zero_n65536,specialized,21,64,45329.422,4194304,0,0,1
butterfly,zero_n65536,prepared,21,64,71098.953,4194304,0,0,1
butterfly,zero_n65536,flock,21,64,75241.547,4194304,0,0,1
butterfly,zero_n65536,flock,22,64,75177.734,4194304,0,0,1
butterfly,zero_n65536,scalar_lanes,22,64,74889.312,4194304,0,0,1
butterfly,zero_n65536,shared,22,64,74947.266,4194304,0,0,1
butterfly,zero_n65536,specialized,22,64,44914.062,4194304,0,0,1
butterfly,zero_n65536,prepared,22,64,71111.984,4194304,0,0,1
butterfly,zero_n65536,specialized,23,64,45516.938,4194304,0,0,1
butterfly,zero_n65536,prepared,23,64,71240.234,4194304,0,0,1
butterfly,zero_n65536,shared,23,64,74802.078,4194304,0,0,1
butterfly,zero_n65536,scalar_lanes,23,64,75210.938,4194304,0,0,1
butterfly,zero_n65536,flock,23,64,74407.547,4194304,0,0,1
butterfly,zero_n65536,flock,24,64,75264.969,4194304,0,0,1
butterfly,zero_n65536,prepared,24,64,71579.438,4194304,0,0,1
butterfly,zero_n65536,shared,24,64,75088.531,4194304,0,0,1
butterfly,zero_n65536,scalar_lanes,24,64,76171.219,4194304,0,0,1
butterfly,zero_n65536,specialized,24,64,46224.609,4194304,0,0,1
butterfly,zero_n65536,specialized,25,64,45742.844,4194304,0,0,1
butterfly,zero_n65536,prepared,25,64,72348.312,4194304,0,0,1
butterfly,zero_n65536,flock,25,64,74942.703,4194304,0,0,1
butterfly,zero_n65536,scalar_lanes,25,64,74863.922,4194304,0,0,1
butterfly,zero_n65536,shared,25,64,75910.812,4194304,0,0,1
butterfly,zero_n65536,prepared,26,64,71836.594,4194304,0,0,1
butterfly,zero_n65536,flock,26,64,75723.312,4194304,0,0,1
butterfly,zero_n65536,scalar_lanes,26,64,75145.828,4194304,0,0,1
butterfly,zero_n65536,specialized,26,64,45892.578,4194304,0,0,1
butterfly,zero_n65536,shared,26,64,75008.469,4194304,0,0,1
butterfly,zero_n65536,scalar_lanes,27,64,75274.078,4194304,0,0,1
butterfly,zero_n65536,flock,27,64,75223.312,4194304,0,0,1
butterfly,zero_n65536,shared,27,64,75252.609,4194304,0,0,1
butterfly,zero_n65536,specialized,27,64,44583.328,4194304,0,0,1
butterfly,zero_n65536,prepared,27,64,71385.422,4194304,0,0,1
butterfly,zero_n65536,shared,28,64,74564.453,4194304,0,0,1
butterfly,zero_n65536,flock,28,64,74492.188,4194304,0,0,1
butterfly,zero_n65536,scalar_lanes,28,64,75085.938,4194304,0,0,1
butterfly,zero_n65536,specialized,28,64,45574.875,4194304,0,0,1
butterfly,zero_n65536,prepared,28,64,71547.531,4194304,0,0,1
butterfly,zero_n65536,flock,29,64,75152.344,4194304,0,0,1
butterfly,zero_n65536,prepared,29,64,72167.312,4194304,0,0,1
butterfly,zero_n65536,shared,29,64,74891.266,4194304,0,0,1
butterfly,zero_n65536,scalar_lanes,29,64,75718.750,4194304,0,0,1
butterfly,zero_n65536,specialized,29,64,45793.609,4194304,0,0,1
butterfly,zero_n65536,shared,30,64,75131.516,4194304,0,0,1
butterfly,zero_n65536,flock,30,64,75479.172,4194304,0,0,1
butterfly,zero_n65536,scalar_lanes,30,64,75759.766,4194304,0,0,1
butterfly,zero_n65536,specialized,30,64,45603.516,4194304,0,0,1
butterfly,zero_n65536,prepared,30,64,72291.016,4194304,0,0,1
butterfly,zero_n65536,shared,31,64,75111.328,4194304,0,0,1
butterfly,zero_n65536,prepared,31,64,71973.297,4194304,0,0,1
butterfly,zero_n65536,flock,31,64,75216.797,4194304,0,0,1
butterfly,zero_n65536,scalar_lanes,31,64,75664.062,4194304,0,0,1
butterfly,zero_n65536,specialized,31,64,45538.406,4194304,0,0,1
fixed,zero_n1048576,prepared,0,4,790448.000,33554432,0,0,1
fixed,zero_n1048576,specialized,0,4,149302.000,33554432,0,0,1
fixed,zero_n1048576,shared,0,4,852239.500,33554432,0,0,1
fixed,zero_n1048576,scalar_lanes,0,4,854875.000,33554432,0,0,1
fixed,zero_n1048576,flock,0,4,861354.250,33554432,0,0,1
fixed,zero_n1048576,scalar_lanes,1,4,867583.250,33554432,0,0,1
fixed,zero_n1048576,prepared,1,4,768677.250,33554432,0,0,1
fixed,zero_n1048576,specialized,1,4,150104.000,33554432,0,0,1
fixed,zero_n1048576,shared,1,4,837197.750,33554432,0,0,1
fixed,zero_n1048576,flock,1,4,842541.750,33554432,0,0,1
fixed,zero_n1048576,specialized,2,4,149489.750,33554432,0,0,1
fixed,zero_n1048576,prepared,2,4,753510.500,33554432,0,0,1
fixed,zero_n1048576,shared,2,4,840052.000,33554432,0,0,1
fixed,zero_n1048576,flock,2,4,842395.750,33554432,0,0,1
fixed,zero_n1048576,scalar_lanes,2,4,843968.750,33554432,0,0,1
fixed,zero_n1048576,flock,3,4,866458.500,33554432,0,0,1
fixed,zero_n1048576,prepared,3,4,768260.500,33554432,0,0,1
fixed,zero_n1048576,shared,3,4,854645.750,33554432,0,0,1
fixed,zero_n1048576,specialized,3,4,152000.000,33554432,0,0,1
fixed,zero_n1048576,scalar_lanes,3,4,878093.750,33554432,0,0,1
fixed,zero_n1048576,flock,4,4,880656.250,33554432,0,0,1
fixed,zero_n1048576,scalar_lanes,4,4,878427.000,33554432,0,0,1
fixed,zero_n1048576,shared,4,4,870177.000,33554432,0,0,1
fixed,zero_n1048576,specialized,4,4,154302.250,33554432,0,0,1
fixed,zero_n1048576,prepared,4,4,789020.750,33554432,0,0,1
fixed,zero_n1048576,flock,5,4,866197.750,33554432,0,0,1
fixed,zero_n1048576,specialized,5,4,159208.500,33554432,0,0,1
fixed,zero_n1048576,shared,5,4,872666.750,33554432,0,0,1
fixed,zero_n1048576,scalar_lanes,5,4,864802.000,33554432,0,0,1
fixed,zero_n1048576,prepared,5,4,794197.750,33554432,0,0,1
fixed,zero_n1048576,scalar_lanes,6,4,877718.750,33554432,0,0,1
fixed,zero_n1048576,prepared,6,4,793593.750,33554432,0,0,1
fixed,zero_n1048576,specialized,6,4,152187.500,33554432,0,0,1
fixed,zero_n1048576,shared,6,4,868270.750,33554432,0,0,1
fixed,zero_n1048576,flock,6,4,874666.500,33554432,0,0,1
fixed,zero_n1048576,flock,7,4,884583.500,33554432,0,0,1
fixed,zero_n1048576,scalar_lanes,7,4,875354.250,33554432,0,0,1
fixed,zero_n1048576,specialized,7,4,158510.500,33554432,0,0,1
fixed,zero_n1048576,prepared,7,4,807989.750,33554432,0,0,1
fixed,zero_n1048576,shared,7,4,866771.000,33554432,0,0,1
fixed,zero_n1048576,prepared,8,4,791666.500,33554432,0,0,1
fixed,zero_n1048576,shared,8,4,885812.500,33554432,0,0,1
fixed,zero_n1048576,specialized,8,4,153770.750,33554432,0,0,1
fixed,zero_n1048576,scalar_lanes,8,4,871302.000,33554432,0,0,1
fixed,zero_n1048576,flock,8,4,873479.000,33554432,0,0,1
fixed,zero_n1048576,flock,9,4,871687.500,33554432,0,0,1
fixed,zero_n1048576,specialized,9,4,155333.250,33554432,0,0,1
fixed,zero_n1048576,prepared,9,4,814656.250,33554432,0,0,1
fixed,zero_n1048576,shared,9,4,869468.750,33554432,0,0,1
fixed,zero_n1048576,scalar_lanes,9,4,866927.250,33554432,0,0,1
fixed,zero_n1048576,shared,10,4,871250.000,33554432,0,0,1
fixed,zero_n1048576,prepared,10,4,783406.250,33554432,0,0,1
fixed,zero_n1048576,scalar_lanes,10,4,880573.000,33554432,0,0,1
fixed,zero_n1048576,specialized,10,4,158000.000,33554432,0,0,1
fixed,zero_n1048576,flock,10,4,879947.750,33554432,0,0,1
fixed,zero_n1048576,prepared,11,4,790406.250,33554432,0,0,1
fixed,zero_n1048576,flock,11,4,866125.000,33554432,0,0,1
fixed,zero_n1048576,scalar_lanes,11,4,861458.250,33554432,0,0,1
fixed,zero_n1048576,specialized,11,4,150083.250,33554432,0,0,1
fixed,zero_n1048576,shared,11,4,870885.500,33554432,0,0,1
fixed,zero_n1048576,scalar_lanes,12,4,870989.500,33554432,0,0,1
fixed,zero_n1048576,specialized,12,4,153645.750,33554432,0,0,1
fixed,zero_n1048576,prepared,12,4,780406.250,33554432,0,0,1
fixed,zero_n1048576,flock,12,4,880281.250,33554432,0,0,1
fixed,zero_n1048576,shared,12,4,891197.750,33554432,0,0,1
fixed,zero_n1048576,shared,13,4,892781.250,33554432,0,0,1
fixed,zero_n1048576,scalar_lanes,13,4,913343.750,33554432,0,0,1
fixed,zero_n1048576,flock,13,4,862583.250,33554432,0,0,1
fixed,zero_n1048576,prepared,13,4,792552.000,33554432,0,0,1
fixed,zero_n1048576,specialized,13,4,157229.000,33554432,0,0,1
fixed,zero_n1048576,scalar_lanes,14,4,874437.500,33554432,0,0,1
fixed,zero_n1048576,prepared,14,4,776552.250,33554432,0,0,1
fixed,zero_n1048576,shared,14,4,865062.500,33554432,0,0,1
fixed,zero_n1048576,flock,14,4,871510.500,33554432,0,0,1
fixed,zero_n1048576,specialized,14,4,160562.500,33554432,0,0,1
fixed,zero_n1048576,specialized,15,4,154333.250,33554432,0,0,1
fixed,zero_n1048576,shared,15,4,885614.500,33554432,0,0,1
fixed,zero_n1048576,scalar_lanes,15,4,870614.500,33554432,0,0,1
fixed,zero_n1048576,prepared,15,4,783812.500,33554432,0,0,1
fixed,zero_n1048576,flock,15,4,855739.500,33554432,0,0,1
fixed,zero_n1048576,prepared,16,4,805875.000,33554432,0,0,1
fixed,zero_n1048576,specialized,16,4,154666.750,33554432,0,0,1
fixed,zero_n1048576,shared,16,4,900458.500,33554432,0,0,1
fixed,zero_n1048576,scalar_lanes,16,4,870885.500,33554432,0,0,1
fixed,zero_n1048576,flock,16,4,890802.000,33554432,0,0,1
fixed,zero_n1048576,specialized,17,4,163406.250,33554432,0,0,1
fixed,zero_n1048576,shared,17,4,906687.500,33554432,0,0,1
fixed,zero_n1048576,prepared,17,4,793541.750,33554432,0,0,1
fixed,zero_n1048576,scalar_lanes,17,4,857906.250,33554432,0,0,1
fixed,zero_n1048576,flock,17,4,856531.250,33554432,0,0,1
fixed,zero_n1048576,specialized,18,4,157531.250,33554432,0,0,1
fixed,zero_n1048576,flock,18,4,893281.250,33554432,0,0,1
fixed,zero_n1048576,shared,18,4,875437.500,33554432,0,0,1
fixed,zero_n1048576,prepared,18,4,780416.750,33554432,0,0,1
fixed,zero_n1048576,scalar_lanes,18,4,855270.750,33554432,0,0,1
fixed,zero_n1048576,shared,19,4,860645.750,33554432,0,0,1
fixed,zero_n1048576,specialized,19,4,149312.500,33554432,0,0,1
fixed,zero_n1048576,flock,19,4,869239.750,33554432,0,0,1
fixed,zero_n1048576,prepared,19,4,767958.500,33554432,0,0,1
fixed,zero_n1048576,scalar_lanes,19,4,855885.500,33554432,0,0,1
fixed,zero_n1048576,specialized,20,4,152968.750,33554432,0,0,1
fixed,zero_n1048576,shared,20,4,878333.500,33554432,0,0,1
fixed,zero_n1048576,flock,20,4,867468.750,33554432,0,0,1
fixed,zero_n1048576,scalar_lanes,20,4,863979.250,33554432,0,0,1
fixed,zero_n1048576,prepared,20,4,796416.500,33554432,0,0,1
fixed,zero_n1048576,shared,21,4,882687.500,33554432,0,0,1
fixed,zero_n1048576,prepared,21,4,829062.500,33554432,0,0,1
fixed,zero_n1048576,specialized,21,4,156958.250,33554432,0,0,1
fixed,zero_n1048576,flock,21,4,887166.500,33554432,0,0,1
fixed,zero_n1048576,scalar_lanes,21,4,864073.000,33554432,0,0,1
fixed,zero_n1048576,shared,22,4,853510.500,33554432,0,0,1
fixed,zero_n1048576,scalar_lanes,22,4,862823.000,33554432,0,0,1
fixed,zero_n1048576,flock,22,4,873572.750,33554432,0,0,1
fixed,zero_n1048576,specialized,22,4,157656.250,33554432,0,0,1
fixed,zero_n1048576,prepared,22,4,795625.000,33554432,0,0,1
fixed,zero_n1048576,specialized,23,4,155156.250,33554432,0,0,1
fixed,zero_n1048576,scalar_lanes,23,4,874479.250,33554432,0,0,1
fixed,zero_n1048576,shared,23,4,865927.000,33554432,0,0,1
fixed,zero_n1048576,prepared,23,4,792021.000,33554432,0,0,1
fixed,zero_n1048576,flock,23,4,892291.750,33554432,0,0,1
fixed,zero_n1048576,specialized,24,4,152906.250,33554432,0,0,1
fixed,zero_n1048576,flock,24,4,867906.250,33554432,0,0,1
fixed,zero_n1048576,prepared,24,4,780072.750,33554432,0,0,1
fixed,zero_n1048576,shared,24,4,861385.250,33554432,0,0,1
fixed,zero_n1048576,scalar_lanes,24,4,856833.250,33554432,0,0,1
fixed,zero_n1048576,shared,25,4,871666.750,33554432,0,0,1
fixed,zero_n1048576,scalar_lanes,25,4,878489.750,33554432,0,0,1
fixed,zero_n1048576,flock,25,4,859541.500,33554432,0,0,1
fixed,zero_n1048576,specialized,25,4,150948.000,33554432,0,0,1
fixed,zero_n1048576,prepared,25,4,775677.250,33554432,0,0,1
fixed,zero_n1048576,flock,26,4,861635.500,33554432,0,0,1
fixed,zero_n1048576,prepared,26,4,800833.250,33554432,0,0,1
fixed,zero_n1048576,scalar_lanes,26,4,888791.750,33554432,0,0,1
fixed,zero_n1048576,specialized,26,4,150437.500,33554432,0,0,1
fixed,zero_n1048576,shared,26,4,870458.500,33554432,0,0,1
fixed,zero_n1048576,prepared,27,4,779062.500,33554432,0,0,1
fixed,zero_n1048576,shared,27,4,856468.750,33554432,0,0,1
fixed,zero_n1048576,specialized,27,4,151062.500,33554432,0,0,1
fixed,zero_n1048576,flock,27,4,872072.750,33554432,0,0,1
fixed,zero_n1048576,scalar_lanes,27,4,864322.750,33554432,0,0,1
fixed,zero_n1048576,flock,28,4,904187.500,33554432,0,0,1
fixed,zero_n1048576,prepared,28,4,816552.000,33554432,0,0,1
fixed,zero_n1048576,specialized,28,4,151791.750,33554432,0,0,1
fixed,zero_n1048576,scalar_lanes,28,4,909375.000,33554432,0,0,1
fixed,zero_n1048576,shared,28,4,908625.000,33554432,0,0,1
fixed,zero_n1048576,scalar_lanes,29,4,912239.500,33554432,0,0,1
fixed,zero_n1048576,shared,29,4,928343.750,33554432,0,0,1
fixed,zero_n1048576,prepared,29,4,812958.250,33554432,0,0,1
fixed,zero_n1048576,flock,29,4,918927.250,33554432,0,0,1
fixed,zero_n1048576,specialized,29,4,158416.750,33554432,0,0,1
fixed,zero_n1048576,shared,30,4,871125.000,33554432,0,0,1
fixed,zero_n1048576,flock,30,4,852031.250,33554432,0,0,1
fixed,zero_n1048576,prepared,30,4,787750.000,33554432,0,0,1
fixed,zero_n1048576,specialized,30,4,155771.000,33554432,0,0,1
fixed,zero_n1048576,scalar_lanes,30,4,854833.250,33554432,0,0,1
fixed,zero_n1048576,shared,31,4,859614.750,33554432,0,0,1
fixed,zero_n1048576,specialized,31,4,150520.750,33554432,0,0,1
fixed,zero_n1048576,flock,31,4,860885.500,33554432,0,0,1
fixed,zero_n1048576,prepared,31,4,794802.250,33554432,0,0,1
fixed,zero_n1048576,scalar_lanes,31,4,860125.000,33554432,0,0,1
butterfly,zero_n1048576,specialized,0,4,1110437.500,67108864,0,0,1
butterfly,zero_n1048576,prepared,0,4,1162760.500,67108864,0,0,1
butterfly,zero_n1048576,shared,0,4,1221885.500,67108864,0,0,1
butterfly,zero_n1048576,flock,0,4,1217375.000,67108864,0,0,1
butterfly,zero_n1048576,scalar_lanes,0,4,1211145.750,67108864,0,0,1
butterfly,zero_n1048576,flock,1,4,1204447.750,67108864,0,0,1
butterfly,zero_n1048576,prepared,1,4,1188041.500,67108864,0,0,1
butterfly,zero_n1048576,scalar_lanes,1,4,1245531.250,67108864,0,0,1
butterfly,zero_n1048576,specialized,1,4,1100510.500,67108864,0,0,1
butterfly,zero_n1048576,shared,1,4,1244198.000,67108864,0,0,1
butterfly,zero_n1048576,flock,2,4,1212250.000,67108864,0,0,1
butterfly,zero_n1048576,shared,2,4,1238239.750,67108864,0,0,1
butterfly,zero_n1048576,specialized,2,4,1100520.750,67108864,0,0,1
butterfly,zero_n1048576,scalar_lanes,2,4,1211104.000,67108864,0,0,1
butterfly,zero_n1048576,prepared,2,4,1163500.000,67108864,0,0,1
butterfly,zero_n1048576,prepared,3,4,1171896.000,67108864,0,0,1
butterfly,zero_n1048576,flock,3,4,1228750.000,67108864,0,0,1
butterfly,zero_n1048576,specialized,3,4,1108666.750,67108864,0,0,1
butterfly,zero_n1048576,shared,3,4,1226072.750,67108864,0,0,1
butterfly,zero_n1048576,scalar_lanes,3,4,1214239.500,67108864,0,0,1
butterfly,zero_n1048576,scalar_lanes,4,4,1195166.750,67108864,0,0,1
butterfly,zero_n1048576,flock,4,4,1189052.250,67108864,0,0,1
butterfly,zero_n1048576,shared,4,4,1199635.500,67108864,0,0,1
butterfly,zero_n1048576,prepared,4,4,1218354.250,67108864,0,0,1
butterfly,zero_n1048576,specialized,4,4,1200812.500,67108864,0,0,1
butterfly,zero_n1048576,shared,5,4,1228771.000,67108864,0,0,1
butterfly,zero_n1048576,specialized,5,4,1121937.500,67108864,0,0,1
butterfly,zero_n1048576,flock,5,4,1205750.000,67108864,0,0,1
butterfly,zero_n1048576,scalar_lanes,5,4,1236625.000,67108864,0,0,1
butterfly,zero_n1048576,prepared,5,4,1179198.000,67108864,0,0,1
butterfly,zero_n1048576,shared,6,4,1218104.250,67108864,0,0,1
butterfly,zero_n1048576,flock,6,4,1235104.250,67108864,0,0,1
butterfly,zero_n1048576,specialized,6,4,1109906.250,67108864,0,0,1
butterfly,zero_n1048576,prepared,6,4,1159552.250,67108864,0,0,1
butterfly,zero_n1048576,scalar_lanes,6,4,1223437.500,67108864,0,0,1
butterfly,zero_n1048576,flock,7,4,1229906.250,67108864,0,0,1
butterfly,zero_n1048576,scalar_lanes,7,4,1204531.250,67108864,0,0,1
butterfly,zero_n1048576,specialized,7,4,1139896.000,67108864,0,0,1
butterfly,zero_n1048576,shared,7,4,1244312.500,67108864,0,0,1
butterfly,zero_n1048576,prepared,7,4,1170260.500,67108864,0,0,1
butterfly,zero_n1048576,flock,8,4,1220468.750,67108864,0,0,1
butterfly,zero_n1048576,scalar_lanes,8,4,1206218.750,67108864,0,0,1
butterfly,zero_n1048576,prepared,8,4,1190843.750,67108864,0,0,1
butterfly,zero_n1048576,shared,8,4,1243958.250,67108864,0,0,1
butterfly,zero_n1048576,specialized,8,4,1118156.250,67108864,0,0,1
butterfly,zero_n1048576,specialized,9,4,1114083.500,67108864,0,0,1
butterfly,zero_n1048576,scalar_lanes,9,4,1231812.500,67108864,0,0,1
butterfly,zero_n1048576,flock,9,4,1229760.500,67108864,0,0,1
butterfly,zero_n1048576,shared,9,4,1210010.500,67108864,0,0,1
butterfly,zero_n1048576,prepared,9,4,1177614.750,67108864,0,0,1
butterfly,zero_n1048576,specialized,10,4,1124510.500,67108864,0,0,1
butterfly,zero_n1048576,shared,10,4,1244406.250,67108864,0,0,1
butterfly,zero_n1048576,flock,10,4,1229156.250,67108864,0,0,1
butterfly,zero_n1048576,prepared,10,4,1170062.500,67108864,0,0,1
butterfly,zero_n1048576,scalar_lanes,10,4,1263750.000,67108864,0,0,1
butterfly,zero_n1048576,prepared,11,4,1214750.000,67108864,0,0,1
butterfly,zero_n1048576,scalar_lanes,11,4,1223291.500,67108864,0,0,1
butterfly,zero_n1048576,specialized,11,4,1123875.000,67108864,0,0,1
butterfly,zero_n1048576,shared,11,4,1231479.250,67108864,0,0,1
butterfly,zero_n1048576,flock,11,4,1229229.250,67108864,0,0,1
butterfly,zero_n1048576,scalar_lanes,12,4,1220364.500,67108864,0,0,1
butterfly,zero_n1048576,prepared,12,4,1186114.500,67108864,0,0,1
butterfly,zero_n1048576,specialized,12,4,1093520.750,67108864,0,0,1
butterfly,zero_n1048576,flock,12,4,1230427.000,67108864,0,0,1
butterfly,zero_n1048576,shared,12,4,1230552.000,67108864,0,0,1
butterfly,zero_n1048576,prepared,13,4,1157448.000,67108864,0,0,1
butterfly,zero_n1048576,flock,13,4,1202041.500,67108864,0,0,1
butterfly,zero_n1048576,shared,13,4,1206979.000,67108864,0,0,1
butterfly,zero_n1048576,scalar_lanes,13,4,1197927.000,67108864,0,0,1
butterfly,zero_n1048576,specialized,13,4,1095229.250,67108864,0,0,1
butterfly,zero_n1048576,prepared,14,4,1192322.750,67108864,0,0,1
butterfly,zero_n1048576,specialized,14,4,1107468.750,67108864,0,0,1
butterfly,zero_n1048576,scalar_lanes,14,4,1214000.000,67108864,0,0,1
butterfly,zero_n1048576,flock,14,4,1258854.000,67108864,0,0,1
butterfly,zero_n1048576,shared,14,4,1238572.750,67108864,0,0,1
butterfly,zero_n1048576,shared,15,4,1215979.250,67108864,0,0,1
butterfly,zero_n1048576,flock,15,4,1227645.750,67108864,0,0,1
butterfly,zero_n1048576,prepared,15,4,1150500.000,67108864,0,0,1
butterfly,zero_n1048576,scalar_lanes,15,4,1220468.750,67108864,0,0,1
butterfly,zero_n1048576,specialized,15,4,1124760.250,67108864,0,0,1
butterfly,zero_n1048576,prepared,16,4,1181708.250,67108864,0,0,1
butterfly,zero_n1048576,specialized,16,4,1113750.000,67108864,0,0,1
butterfly,zero_n1048576,flock,16,4,1255625.000,67108864,0,0,1
butterfly,zero_n1048576,shared,16,4,1238479.250,67108864,0,0,1
butterfly,zero_n1048576,scalar_lanes,16,4,1232073.000,67108864,0,0,1
butterfly,zero_n1048576,shared,17,4,1262698.000,67108864,0,0,1
butterfly,zero_n1048576,specialized,17,4,1115645.750,67108864,0,0,1
butterfly,zero_n1048576,flock,17,4,1230677.000,67108864,0,0,1
butterfly,zero_n1048576,prepared,17,4,1190343.750,67108864,0,0,1
butterfly,zero_n1048576,scalar_lanes,17,4,1225468.750,67108864,0,0,1
butterfly,zero_n1048576,shared,18,4,1218583.250,67108864,0,0,1
butterfly,zero_n1048576,scalar_lanes,18,4,1229166.500,67108864,0,0,1
butterfly,zero_n1048576,flock,18,4,1237687.500,67108864,0,0,1
butterfly,zero_n1048576,specialized,18,4,1107948.000,67108864,0,0,1
butterfly,zero_n1048576,prepared,18,4,1176531.250,67108864,0,0,1
butterfly,zero_n1048576,flock,19,4,1251083.500,67108864,0,0,1
butterfly,zero_n1048576,prepared,19,4,1182270.750,67108864,0,0,1
butterfly,zero_n1048576,scalar_lanes,19,4,1236697.750,67108864,0,0,1
butterfly,zero_n1048576,shared,19,4,1254291.750,67108864,0,0,1
butterfly,zero_n1048576,specialized,19,4,1117937.500,67108864,0,0,1
butterfly,zero_n1048576,scalar_lanes,20,4,1238125.000,67108864,0,0,1
butterfly,zero_n1048576,prepared,20,4,1235802.000,67108864,0,0,1
butterfly,zero_n1048576,specialized,20,4,1122979.250,67108864,0,0,1
butterfly,zero_n1048576,shared,20,4,1216229.250,67108864,0,0,1
butterfly,zero_n1048576,flock,20,4,1225093.750,67108864,0,0,1
butterfly,zero_n1048576,scalar_lanes,21,4,1230073.000,67108864,0,0,1
butterfly,zero_n1048576,flock,21,4,1239125.000,67108864,0,0,1
butterfly,zero_n1048576,prepared,21,4,1191166.750,67108864,0,0,1
butterfly,zero_n1048576,shared,21,4,1236364.500,67108864,0,0,1
butterfly,zero_n1048576,specialized,21,4,1129781.250,67108864,0,0,1
butterfly,zero_n1048576,prepared,22,4,1168510.500,67108864,0,0,1
butterfly,zero_n1048576,shared,22,4,1231218.750,67108864,0,0,1
butterfly,zero_n1048576,flock,22,4,1219510.250,67108864,0,0,1
butterfly,zero_n1048576,specialized,22,4,1097927.000,67108864,0,0,1
butterfly,zero_n1048576,scalar_lanes,22,4,1203020.750,67108864,0,0,1
butterfly,zero_n1048576,flock,23,4,1240198.000,67108864,0,0,1
butterfly,zero_n1048576,specialized,23,4,1107916.750,67108864,0,0,1
butterfly,zero_n1048576,prepared,23,4,1179062.500,67108864,0,0,1
butterfly,zero_n1048576,shared,23,4,1259989.500,67108864,0,0,1
butterfly,zero_n1048576,scalar_lanes,23,4,1220666.500,67108864,0,0,1
butterfly,zero_n1048576,scalar_lanes,24,4,1235510.500,67108864,0,0,1
butterfly,zero_n1048576,prepared,24,4,1188073.000,67108864,0,0,1
butterfly,zero_n1048576,specialized,24,4,1111364.500,67108864,0,0,1
butterfly,zero_n1048576,shared,24,4,1241093.750,67108864,0,0,1
butterfly,zero_n1048576,flock,24,4,1221833.250,67108864,0,0,1
butterfly,zero_n1048576,specialized,25,4,1116177.000,67108864,0,0,1
butterfly,zero_n1048576,prepared,25,4,1197562.500,67108864,0,0,1
butterfly,zero_n1048576,scalar_lanes,25,4,1232729.250,67108864,0,0,1
butterfly,zero_n1048576,flock,25,4,1231114.500,67108864,0,0,1
butterfly,zero_n1048576,shared,25,4,1246708.500,67108864,0,0,1
butterfly,zero_n1048576,scalar_lanes,26,4,1241385.250,67108864,0,0,1
butterfly,zero_n1048576,specialized,26,4,1115354.000,67108864,0,0,1
butterfly,zero_n1048576,shared,26,4,1215531.250,67108864,0,0,1
butterfly,zero_n1048576,prepared,26,4,1185781.250,67108864,0,0,1
butterfly,zero_n1048576,flock,26,4,1247083.250,67108864,0,0,1
butterfly,zero_n1048576,shared,27,4,1219948.000,67108864,0,0,1
butterfly,zero_n1048576,specialized,27,4,1105302.000,67108864,0,0,1
butterfly,zero_n1048576,flock,27,4,1231073.000,67108864,0,0,1
butterfly,zero_n1048576,scalar_lanes,27,4,1225104.000,67108864,0,0,1
butterfly,zero_n1048576,prepared,27,4,1194073.000,67108864,0,0,1
butterfly,zero_n1048576,prepared,28,4,1193302.000,67108864,0,0,1
butterfly,zero_n1048576,scalar_lanes,28,4,1206489.500,67108864,0,0,1
butterfly,zero_n1048576,flock,28,4,1213312.500,67108864,0,0,1
butterfly,zero_n1048576,shared,28,4,1212614.750,67108864,0,0,1
butterfly,zero_n1048576,specialized,28,4,1119572.750,67108864,0,0,1
butterfly,zero_n1048576,flock,29,4,1246031.250,67108864,0,0,1
butterfly,zero_n1048576,specialized,29,4,1125656.250,67108864,0,0,1
butterfly,zero_n1048576,prepared,29,4,1190687.500,67108864,0,0,1
butterfly,zero_n1048576,scalar_lanes,29,4,1239750.000,67108864,0,0,1
butterfly,zero_n1048576,shared,29,4,1211791.500,67108864,0,0,1
butterfly,zero_n1048576,prepared,30,4,1167812.500,67108864,0,0,1
butterfly,zero_n1048576,specialized,30,4,1130812.500,67108864,0,0,1
butterfly,zero_n1048576,scalar_lanes,30,4,1225760.500,67108864,0,0,1
butterfly,zero_n1048576,shared,30,4,1214208.500,67108864,0,0,1
butterfly,zero_n1048576,flock,30,4,1243666.500,67108864,0,0,1
butterfly,zero_n1048576,scalar_lanes,31,4,1250677.000,67108864,0,0,1
butterfly,zero_n1048576,prepared,31,4,1183906.250,67108864,0,0,1
butterfly,zero_n1048576,specialized,31,4,1119208.500,67108864,0,0,1
butterfly,zero_n1048576,shared,31,4,1237010.500,67108864,0,0,1
butterfly,zero_n1048576,flock,31,4,1241031.250,67108864,0,0,1
fixed_prepare,half,existing_prepare,0,1048576,1.149,32,0,0,1
fixed_prepare,half,existing_prepare,1,1048576,1.158,32,0,0,1
fixed_prepare,half,existing_prepare,2,1048576,1.148,32,0,0,1
fixed_prepare,half,existing_prepare,3,1048576,1.159,32,0,0,1
fixed_prepare,half,existing_prepare,4,1048576,1.199,32,0,0,1
fixed_prepare,half,existing_prepare,5,1048576,1.160,32,0,0,1
fixed_prepare,half,existing_prepare,6,1048576,1.157,32,0,0,1
fixed_prepare,half,existing_prepare,7,1048576,1.156,32,0,0,1
fixed_prepare,half,existing_prepare,8,1048576,1.153,32,0,0,1
fixed_prepare,half,existing_prepare,9,1048576,1.147,32,0,0,1
fixed_prepare,half,existing_prepare,10,1048576,1.144,32,0,0,1
fixed_prepare,half,existing_prepare,11,1048576,1.146,32,0,0,1
fixed_prepare,half,existing_prepare,12,1048576,1.158,32,0,0,1
fixed_prepare,half,existing_prepare,13,1048576,1.149,32,0,0,1
fixed_prepare,half,existing_prepare,14,1048576,1.147,32,0,0,1
fixed_prepare,half,existing_prepare,15,1048576,1.158,32,0,0,1
fixed_prepare,half,existing_prepare,16,1048576,1.157,32,0,0,1
fixed_prepare,half,existing_prepare,17,1048576,1.159,32,0,0,1
fixed_prepare,half,existing_prepare,18,1048576,1.167,32,0,0,1
fixed_prepare,half,existing_prepare,19,1048576,1.159,32,0,0,1
fixed_prepare,half,existing_prepare,20,1048576,1.158,32,0,0,1
fixed_prepare,half,existing_prepare,21,1048576,1.155,32,0,0,1
fixed_prepare,half,existing_prepare,22,1048576,1.160,32,0,0,1
fixed_prepare,half,existing_prepare,23,1048576,1.156,32,0,0,1
fixed_prepare,half,existing_prepare,24,1048576,1.129,32,0,0,1
fixed_prepare,half,existing_prepare,25,1048576,1.147,32,0,0,1
fixed_prepare,half,existing_prepare,26,1048576,1.139,32,0,0,1
fixed_prepare,half,existing_prepare,27,1048576,1.130,32,0,0,1
fixed_prepare,half,existing_prepare,28,1048576,1.130,32,0,0,1
fixed_prepare,half,existing_prepare,29,1048576,1.129,32,0,0,1
fixed_prepare,half,existing_prepare,30,1048576,1.122,32,0,0,1
fixed_prepare,half,existing_prepare,31,1048576,1.132,32,0,0,1
fixed,half_n16,specialized,0,262144,15.964,512,0,0,1
fixed,half_n16,flock,0,262144,15.073,512,0,0,1
fixed,half_n16,prepared,0,262144,14.386,512,0,0,1
fixed,half_n16,shared,0,262144,15.297,512,0,0,1
fixed,half_n16,scalar_lanes,0,262144,15.498,512,0,0,1
fixed,half_n16,prepared,1,262144,14.326,512,0,0,1
fixed,half_n16,specialized,1,262144,16.032,512,0,0,1
fixed,half_n16,shared,1,262144,15.399,512,0,0,1
fixed,half_n16,scalar_lanes,1,262144,15.635,512,0,0,1
fixed,half_n16,flock,1,262144,15.305,512,0,0,1
fixed,half_n16,prepared,2,262144,14.465,512,0,0,1
fixed,half_n16,scalar_lanes,2,262144,15.654,512,0,0,1
fixed,half_n16,flock,2,262144,15.386,512,0,0,1
fixed,half_n16,shared,2,262144,15.451,512,0,0,1
fixed,half_n16,specialized,2,262144,15.893,512,0,0,1
fixed,half_n16,flock,3,262144,15.211,512,0,0,1
fixed,half_n16,scalar_lanes,3,262144,15.604,512,0,0,1
fixed,half_n16,specialized,3,262144,15.937,512,0,0,1
fixed,half_n16,prepared,3,262144,14.425,512,0,0,1
fixed,half_n16,shared,3,262144,15.493,512,0,0,1
fixed,half_n16,specialized,4,262144,16.029,512,0,0,1
fixed,half_n16,flock,4,262144,15.266,512,0,0,1
fixed,half_n16,prepared,4,262144,14.495,512,0,0,1
fixed,half_n16,shared,4,262144,15.478,512,0,0,1
fixed,half_n16,scalar_lanes,4,262144,15.714,512,0,0,1
fixed,half_n16,prepared,5,262144,14.464,512,0,0,1
fixed,half_n16,flock,5,262144,15.297,512,0,0,1
fixed,half_n16,scalar_lanes,5,262144,15.654,512,0,0,1
fixed,half_n16,shared,5,262144,15.429,512,0,0,1
fixed,half_n16,specialized,5,262144,15.941,512,0,0,1
fixed,half_n16,shared,6,262144,15.368,512,0,0,1
fixed,half_n16,flock,6,262144,15.223,512,0,0,1
fixed,half_n16,specialized,6,262144,15.914,512,0,0,1
fixed,half_n16,scalar_lanes,6,262144,15.721,512,0,0,1
fixed,half_n16,prepared,6,262144,14.404,512,0,0,1
fixed,half_n16,specialized,7,262144,16.034,512,0,0,1
fixed,half_n16,flock,7,262144,15.300,512,0,0,1
fixed,half_n16,shared,7,262144,15.433,512,0,0,1
fixed,half_n16,scalar_lanes,7,262144,15.681,512,0,0,1
fixed,half_n16,prepared,7,262144,14.323,512,0,0,1
fixed,half_n16,shared,8,262144,15.349,512,0,0,1
fixed,half_n16,flock,8,262144,15.187,512,0,0,1
fixed,half_n16,prepared,8,262144,14.311,512,0,0,1
fixed,half_n16,scalar_lanes,8,262144,15.646,512,0,0,1
fixed,half_n16,specialized,8,262144,15.922,512,0,0,1
fixed,half_n16,specialized,9,262144,15.953,512,0,0,1
fixed,half_n16,shared,9,262144,15.432,512,0,0,1
fixed,half_n16,flock,9,262144,15.177,512,0,0,1
fixed,half_n16,prepared,9,262144,14.305,512,0,0,1
fixed,half_n16,scalar_lanes,9,262144,15.768,512,0,0,1
fixed,half_n16,shared,10,262144,15.730,512,0,0,1
fixed,half_n16,specialized,10,262144,15.778,512,0,0,1
fixed,half_n16,prepared,10,262144,15.140,512,0,0,1
fixed,half_n16,scalar_lanes,10,262144,15.853,512,0,0,1
fixed,half_n16,flock,10,262144,15.074,512,0,0,1
fixed,half_n16,prepared,11,262144,14.313,512,0,0,1
fixed,half_n16,shared,11,262144,15.206,512,0,0,1
fixed,half_n16,specialized,11,262144,15.741,512,0,0,1
fixed,half_n16,scalar_lanes,11,262144,15.516,512,0,0,1
fixed,half_n16,flock,11,262144,15.176,512,0,0,1
fixed,half_n16,prepared,12,262144,14.313,512,0,0,1
fixed,half_n16,specialized,12,262144,15.849,512,0,0,1
fixed,half_n16,scalar_lanes,12,262144,15.773,512,0,0,1
fixed,half_n16,flock,12,262144,15.230,512,0,0,1
fixed,half_n16,shared,12,262144,15.354,512,0,0,1
fixed,half_n16,flock,13,262144,15.232,512,0,0,1
fixed,half_n16,prepared,13,262144,14.470,512,0,0,1
fixed,half_n16,shared,13,262144,15.439,512,0,0,1
fixed,half_n16,scalar_lanes,13,262144,15.735,512,0,0,1
fixed,half_n16,specialized,13,262144,16.054,512,0,0,1
fixed,half_n16,scalar_lanes,14,262144,15.683,512,0,0,1
fixed,half_n16,flock,14,262144,15.197,512,0,0,1
fixed,half_n16,specialized,14,262144,15.796,512,0,0,1
fixed,half_n16,shared,14,262144,15.348,512,0,0,1
fixed,half_n16,prepared,14,262144,14.338,512,0,0,1
fixed,half_n16,specialized,15,262144,15.940,512,0,0,1
fixed,half_n16,flock,15,262144,15.292,512,0,0,1
fixed,half_n16,shared,15,262144,15.434,512,0,0,1
fixed,half_n16,scalar_lanes,15,262144,15.627,512,0,0,1
fixed,half_n16,prepared,15,262144,14.481,512,0,0,1
fixed,half_n16,prepared,16,262144,14.353,512,0,0,1
fixed,half_n16,shared,16,262144,15.389,512,0,0,1
fixed,half_n16,scalar_lanes,16,262144,15.708,512,0,0,1
fixed,half_n16,flock,16,262144,15.257,512,0,0,1
fixed,half_n16,specialized,16,262144,15.889,512,0,0,1
fixed,half_n16,scalar_lanes,17,262144,15.793,512,0,0,1
fixed,half_n16,prepared,17,262144,14.475,512,0,0,1
fixed,half_n16,specialized,17,262144,15.609,512,0,0,1
fixed,half_n16,shared,17,262144,15.372,512,0,0,1
fixed,half_n16,flock,17,262144,15.277,512,0,0,1
fixed,half_n16,specialized,18,262144,15.872,512,0,0,1
fixed,half_n16,prepared,18,262144,14.391,512,0,0,1
fixed,half_n16,flock,18,262144,15.334,512,0,0,1
fixed,half_n16,scalar_lanes,18,262144,15.620,512,0,0,1
fixed,half_n16,shared,18,262144,15.446,512,0,0,1
fixed,half_n16,scalar_lanes,19,262144,15.717,512,0,0,1
fixed,half_n16,shared,19,262144,15.376,512,0,0,1
fixed,half_n16,prepared,19,262144,14.335,512,0,0,1
fixed,half_n16,specialized,19,262144,15.891,512,0,0,1
fixed,half_n16,flock,19,262144,15.259,512,0,0,1
fixed,half_n16,flock,20,262144,15.263,512,0,0,1
fixed,half_n16,specialized,20,262144,15.983,512,0,0,1
fixed,half_n16,prepared,20,262144,14.403,512,0,0,1
fixed,half_n16,scalar_lanes,20,262144,15.676,512,0,0,1
fixed,half_n16,shared,20,262144,15.380,512,0,0,1
fixed,half_n16,shared,21,262144,15.398,512,0,0,1
fixed,half_n16,flock,21,262144,15.221,512,0,0,1
fixed,half_n16,specialized,21,262144,15.987,512,0,0,1
fixed,half_n16,scalar_lanes,21,262144,15.696,512,0,0,1
fixed,half_n16,prepared,21,262144,14.422,512,0,0,1
fixed,half_n16,scalar_lanes,22,262144,15.718,512,0,0,1
fixed,half_n16,flock,22,262144,15.280,512,0,0,1
fixed,half_n16,shared,22,262144,15.387,512,0,0,1
fixed,half_n16,specialized,22,262144,15.869,512,0,0,1
fixed,half_n16,prepared,22,262144,14.339,512,0,0,1
fixed,half_n16,prepared,23,262144,14.416,512,0,0,1
fixed,half_n16,shared,23,262144,15.447,512,0,0,1
fixed,half_n16,specialized,23,262144,15.991,512,0,0,1
fixed,half_n16,flock,23,262144,15.169,512,0,0,1
fixed,half_n16,scalar_lanes,23,262144,15.692,512,0,0,1
fixed,half_n16,flock,24,262144,15.322,512,0,0,1
fixed,half_n16,specialized,24,262144,15.899,512,0,0,1
fixed,half_n16,scalar_lanes,24,262144,15.696,512,0,0,1
fixed,half_n16,shared,24,262144,15.400,512,0,0,1
fixed,half_n16,prepared,24,262144,14.378,512,0,0,1
fixed,half_n16,shared,25,262144,15.400,512,0,0,1
fixed,half_n16,prepared,25,262144,14.382,512,0,0,1
fixed,half_n16,scalar_lanes,25,262144,15.637,512,0,0,1
fixed,half_n16,specialized,25,262144,15.916,512,0,0,1
fixed,half_n16,flock,25,262144,15.210,512,0,0,1
fixed,half_n16,prepared,26,262144,14.366,512,0,0,1
fixed,half_n16,shared,26,262144,15.378,512,0,0,1
fixed,half_n16,flock,26,262144,15.198,512,0,0,1
fixed,half_n16,specialized,26,262144,15.933,512,0,0,1
fixed,half_n16,scalar_lanes,26,262144,15.759,512,0,0,1
fixed,half_n16,scalar_lanes,27,262144,15.692,512,0,0,1
fixed,half_n16,shared,27,262144,15.442,512,0,0,1
fixed,half_n16,prepared,27,262144,14.371,512,0,0,1
fixed,half_n16,flock,27,262144,15.273,512,0,0,1
fixed,half_n16,specialized,27,262144,15.898,512,0,0,1
fixed,half_n16,specialized,28,262144,15.856,512,0,0,1
fixed,half_n16,prepared,28,262144,14.327,512,0,0,1
fixed,half_n16,shared,28,262144,15.353,512,0,0,1
fixed,half_n16,scalar_lanes,28,262144,15.632,512,0,0,1
fixed,half_n16,flock,28,262144,15.261,512,0,0,1
fixed,half_n16,scalar_lanes,29,262144,15.575,512,0,0,1
fixed,half_n16,flock,29,262144,15.185,512,0,0,1
fixed,half_n16,prepared,29,262144,14.310,512,0,0,1
fixed,half_n16,specialized,29,262144,15.860,512,0,0,1
fixed,half_n16,shared,29,262144,15.361,512,0,0,1
fixed,half_n16,flock,30,262144,15.187,512,0,0,1
fixed,half_n16,prepared,30,262144,14.415,512,0,0,1
fixed,half_n16,specialized,30,262144,15.966,512,0,0,1
fixed,half_n16,shared,30,262144,15.380,512,0,0,1
fixed,half_n16,scalar_lanes,30,262144,15.615,512,0,0,1
fixed,half_n16,specialized,31,262144,15.914,512,0,0,1
fixed,half_n16,shared,31,262144,15.445,512,0,0,1
fixed,half_n16,prepared,31,262144,14.456,512,0,0,1
fixed,half_n16,flock,31,262144,15.239,512,0,0,1
fixed,half_n16,scalar_lanes,31,262144,15.587,512,0,0,1
butterfly,half_n16,shared,0,262144,20.988,1024,0,0,1
butterfly,half_n16,flock,0,262144,20.917,1024,0,0,1
butterfly,half_n16,scalar_lanes,0,262144,20.904,1024,0,0,1
butterfly,half_n16,specialized,0,262144,24.432,1024,0,0,1
butterfly,half_n16,prepared,0,262144,20.803,1024,0,0,1
butterfly,half_n16,flock,1,262144,21.024,1024,0,0,1
butterfly,half_n16,shared,1,262144,20.977,1024,0,0,1
butterfly,half_n16,specialized,1,262144,24.561,1024,0,0,1
butterfly,half_n16,scalar_lanes,1,262144,20.974,1024,0,0,1
butterfly,half_n16,prepared,1,262144,20.718,1024,0,0,1
butterfly,half_n16,flock,2,262144,20.974,1024,0,0,1
butterfly,half_n16,prepared,2,262144,20.724,1024,0,0,1
butterfly,half_n16,scalar_lanes,2,262144,20.971,1024,0,0,1
butterfly,half_n16,shared,2,262144,20.952,1024,0,0,1
butterfly,half_n16,specialized,2,262144,24.429,1024,0,0,1
butterfly,half_n16,scalar_lanes,3,262144,20.980,1024,0,0,1
butterfly,half_n16,specialized,3,262144,24.616,1024,0,0,1
butterfly,half_n16,prepared,3,262144,20.743,1024,0,0,1
butterfly,half_n16,shared,3,262144,20.884,1024,0,0,1
butterfly,half_n16,flock,3,262144,20.947,1024,0,0,1
butterfly,half_n16,specialized,4,262144,24.555,1024,0,0,1
butterfly,half_n16,shared,4,262144,20.915,1024,0,0,1
butterfly,half_n16,prepared,4,262144,20.724,1024,0,0,1
butterfly,half_n16,flock,4,262144,20.934,1024,0,0,1
butterfly,half_n16,scalar_lanes,4,262144,20.953,1024,0,0,1
butterfly,half_n16,shared,5,262144,21.041,1024,0,0,1
butterfly,half_n16,prepared,5,262144,20.731,1024,0,0,1
butterfly,half_n16,specialized,5,262144,24.709,1024,0,0,1
butterfly,half_n16,flock,5,262144,20.566,1024,0,0,1
butterfly,half_n16,scalar_lanes,5,262144,20.679,1024,0,0,1
butterfly,half_n16,prepared,6,262144,20.559,1024,0,0,1
butterfly,half_n16,flock,6,262144,21.008,1024,0,0,1
butterfly,half_n16,shared,6,262144,20.923,1024,0,0,1
butterfly,half_n16,scalar_lanes,6,262144,20.967,1024,0,0,1
butterfly,half_n16,specialized,6,262144,24.554,1024,0,0,1
butterfly,half_n16,prepared,7,262144,20.623,1024,0,0,1
butterfly,half_n16,shared,7,262144,20.678,1024,0,0,1
butterfly,half_n16,flock,7,262144,20.737,1024,0,0,1
butterfly,half_n16,scalar_lanes,7,262144,20.661,1024,0,0,1
butterfly,half_n16,specialized,7,262144,24.643,1024,0,0,1
butterfly,half_n16,scalar_lanes,8,262144,20.712,1024,0,0,1
butterfly,half_n16,shared,8,262144,21.035,1024,0,0,1
butterfly,half_n16,prepared,8,262144,20.816,1024,0,0,1
butterfly,half_n16,flock,8,262144,20.946,1024,0,0,1
butterfly,half_n16,specialized,8,262144,24.506,1024,0,0,1
butterfly,half_n16,scalar_lanes,9,262144,20.954,1024,0,0,1
butterfly,half_n16,prepared,9,262144,20.710,1024,0,0,1
butterfly,half_n16,specialized,9,262144,24.637,1024,0,0,1
butterfly,half_n16,flock,9,262144,21.161,1024,0,0,1
butterfly,half_n16,shared,9,262144,20.955,1024,0,0,1
butterfly,half_n16,specialized,10,262144,24.569,1024,0,0,1
butterfly,half_n16,shared,10,262144,20.994,1024,0,0,1
butterfly,half_n16,scalar_lanes,10,262144,21.056,1024,0,0,1
butterfly,half_n16,prepared,10,262144,20.645,1024,0,0,1
butterfly,half_n16,flock,10,262144,20.857,1024,0,0,1
butterfly,half_n16,flock,11,262144,21.032,1024,0,0,1
butterfly,half_n16,specialized,11,262144,24.533,1024,0,0,1
butterfly,half_n16,scalar_lanes,11,262144,20.964,1024,0,0,1
butterfly,half_n16,prepared,11,262144,21.227,1024,0,0,1
butterfly,half_n16,shared,11,262144,21.864,1024,0,0,1
butterfly,half_n16,specialized,12,262144,24.065,1024,0,0,1
butterfly,half_n16,shared,12,262144,20.830,1024,0,0,1
butterfly,half_n16,scalar_lanes,12,262144,21.008,1024,0,0,1
butterfly,half_n16,flock,12,262144,20.892,1024,0,0,1
butterfly,half_n16,prepared,12,262144,20.854,1024,0,0,1
butterfly,half_n16,flock,13,262144,20.917,1024,0,0,1
butterfly,half_n16,shared,13,262144,20.914,1024,0,0,1
butterfly,half_n16,specialized,13,262144,24.598,1024,0,0,1
butterfly,half_n16,prepared,13,262144,20.729,1024,0,0,1
butterfly,half_n16,scalar_lanes,13,262144,20.947,1024,0,0,1
butterfly,half_n16,scalar_lanes,14,262144,20.951,1024,0,0,1
butterfly,half_n16,flock,14,262144,20.949,1024,0,0,1
butterfly,half_n16,prepared,14,262144,20.793,1024,0,0,1
butterfly,half_n16,specialized,14,262144,24.508,1024,0,0,1
butterfly,half_n16,shared,14,262144,20.895,1024,0,0,1
butterfly,half_n16,flock,15,262144,20.936,1024,0,0,1
butterfly,half_n16,specialized,15,262144,24.503,1024,0,0,1
butterfly,half_n16,shared,15,262144,20.968,1024,0,0,1
butterfly,half_n16,scalar_lanes,15,262144,21.494,1024,0,0,1
butterfly,half_n16,prepared,15,262144,21.559,1024,0,0,1
butterfly,half_n16,shared,16,262144,21.850,1024,0,0,1
butterfly,half_n16,prepared,16,262144,20.780,1024,0,0,1
butterfly,half_n16,flock,16,262144,21.022,1024,0,0,1
butterfly,half_n16,scalar_lanes,16,262144,20.936,1024,0,0,1
butterfly,half_n16,specialized,16,262144,24.484,1024,0,0,1
butterfly,half_n16,prepared,17,262144,20.773,1024,0,0,1
butterfly,half_n16,specialized,17,262144,24.502,1024,0,0,1
butterfly,half_n16,scalar_lanes,17,262144,21.017,1024,0,0,1
butterfly,half_n16,flock,17,262144,20.939,1024,0,0,1
butterfly,half_n16,shared,17,262144,20.962,1024,0,0,1
butterfly,half_n16,specialized,18,262144,24.622,1024,0,0,1
butterfly,half_n16,prepared,18,262144,20.654,1024,0,0,1
butterfly,half_n16,shared,18,262144,20.947,1024,0,0,1
butterfly,half_n16,flock,18,262144,20.937,1024,0,0,1
butterfly,half_n16,scalar_lanes,18,262144,20.944,1024,0,0,1
butterfly,half_n16,shared,19,262144,20.937,1024,0,0,1
butterfly,half_n16,prepared,19,262144,20.758,1024,0,0,1
butterfly,half_n16,flock,19,262144,20.937,1024,0,0,1
butterfly,half_n16,specialized,19,262144,24.597,1024,0,0,1
butterfly,half_n16,scalar_lanes,19,262144,20.970,1024,0,0,1
butterfly,half_n16,scalar_lanes,20,262144,20.943,1024,0,0,1
butterfly,half_n16,prepared,20,262144,20.839,1024,0,0,1
butterfly,half_n16,shared,20,262144,21.088,1024,0,0,1
butterfly,half_n16,specialized,20,262144,24.596,1024,0,0,1
butterfly,half_n16,flock,20,262144,21.067,1024,0,0,1
butterfly,half_n16,scalar_lanes,21,262144,20.923,1024,0,0,1
butterfly,half_n16,specialized,21,262144,24.585,1024,0,0,1
butterfly,half_n16,shared,21,262144,20.979,1024,0,0,1
butterfly,half_n16,flock,21,262144,21.012,1024,0,0,1
butterfly,half_n16,prepared,21,262144,20.857,1024,0,0,1
butterfly,half_n16,scalar_lanes,22,262144,21.062,1024,0,0,1
butterfly,half_n16,shared,22,262144,21.152,1024,0,0,1
butterfly,half_n16,flock,22,262144,21.040,1024,0,0,1
butterfly,half_n16,prepared,22,262144,20.851,1024,0,0,1
butterfly,half_n16,specialized,22,262144,24.575,1024,0,0,1
butterfly,half_n16,prepared,23,262144,20.723,1024,0,0,1
butterfly,half_n16,specialized,23,262144,24.563,1024,0,0,1
butterfly,half_n16,scalar_lanes,23,262144,20.980,1024,0,0,1
butterfly,half_n16,shared,23,262144,21.001,1024,0,0,1
butterfly,half_n16,flock,23,262144,20.927,1024,0,0,1
butterfly,half_n16,scalar_lanes,24,262144,20.943,1024,0,0,1
butterfly,half_n16,shared,24,262144,20.917,1024,0,0,1
butterfly,half_n16,prepared,24,262144,20.672,1024,0,0,1
butterfly,half_n16,specialized,24,262144,24.510,1024,0,0,1
butterfly,half_n16,flock,24,262144,21.058,1024,0,0,1
butterfly,half_n16,flock,25,262144,20.952,1024,0,0,1
butterfly,half_n16,scalar_lanes,25,262144,20.894,1024,0,0,1
butterfly,half_n16,prepared,25,262144,20.810,1024,0,0,1
butterfly,half_n16,specialized,25,262144,24.676,1024,0,0,1
butterfly,half_n16,shared,25,262144,20.981,1024,0,0,1
butterfly,half_n16,shared,26,262144,20.998,1024,0,0,1
butterfly,half_n16,flock,26,262144,20.959,1024,0,0,1
butterfly,half_n16,scalar_lanes,26,262144,20.953,1024,0,0,1
butterfly,half_n16,prepared,26,262144,20.802,1024,0,0,1
butterfly,half_n16,specialized,26,262144,24.554,1024,0,0,1
butterfly,half_n16,scalar_lanes,27,262144,20.938,1024,0,0,1
butterfly,half_n16,flock,27,262144,20.928,1024,0,0,1
butterfly,half_n16,shared,27,262144,21.036,1024,0,0,1
butterfly,half_n16,prepared,27,262144,20.750,1024,0,0,1
butterfly,half_n16,specialized,27,262144,24.553,1024,0,0,1
butterfly,half_n16,flock,28,262144,20.899,1024,0,0,1
butterfly,half_n16,scalar_lanes,28,262144,20.940,1024,0,0,1
butterfly,half_n16,shared,28,262144,21.026,1024,0,0,1
butterfly,half_n16,prepared,28,262144,20.790,1024,0,0,1
butterfly,half_n16,specialized,28,262144,24.502,1024,0,0,1
butterfly,half_n16,flock,29,262144,20.923,1024,0,0,1
butterfly,half_n16,shared,29,262144,21.026,1024,0,0,1
butterfly,half_n16,specialized,29,262144,24.614,1024,0,0,1
butterfly,half_n16,prepared,29,262144,20.714,1024,0,0,1
butterfly,half_n16,scalar_lanes,29,262144,20.885,1024,0,0,1
butterfly,half_n16,flock,30,262144,20.905,1024,0,0,1
butterfly,half_n16,shared,30,262144,21.029,1024,0,0,1
butterfly,half_n16,specialized,30,262144,24.512,1024,0,0,1
butterfly,half_n16,prepared,30,262144,20.691,1024,0,0,1
butterfly,half_n16,scalar_lanes,30,262144,20.967,1024,0,0,1
butterfly,half_n16,flock,31,262144,20.962,1024,0,0,1
butterfly,half_n16,specialized,31,262144,24.505,1024,0,0,1
butterfly,half_n16,shared,31,262144,20.949,1024,0,0,1
butterfly,half_n16,prepared,31,262144,20.715,1024,0,0,1
butterfly,half_n16,scalar_lanes,31,262144,21.106,1024,0,0,1
fixed,half_n1024,scalar_lanes,0,4096,827.789,32768,0,0,1
fixed,half_n1024,flock,0,4096,829.183,32768,0,0,1
fixed,half_n1024,prepared,0,4096,744.059,32768,0,0,1
fixed,half_n1024,specialized,0,4096,941.966,32768,0,0,1
fixed,half_n1024,shared,0,4096,864.075,32768,0,0,1
fixed,half_n1024,scalar_lanes,1,4096,825.928,32768,0,0,1
fixed,half_n1024,specialized,1,4096,938.771,32768,0,0,1
fixed,half_n1024,prepared,1,4096,745.646,32768,0,0,1
fixed,half_n1024,shared,1,4096,864.614,32768,0,0,1
fixed,half_n1024,flock,1,4096,825.572,32768,0,0,1
fixed,half_n1024,shared,2,4096,864.655,32768,0,0,1
fixed,half_n1024,prepared,2,4096,748.352,32768,0,0,1
fixed,half_n1024,flock,2,4096,829.539,32768,0,0,1
fixed,half_n1024,specialized,2,4096,949.361,32768,0,0,1
fixed,half_n1024,scalar_lanes,2,4096,825.073,32768,0,0,1
fixed,half_n1024,prepared,3,4096,740.997,32768,0,0,1
fixed,half_n1024,scalar_lanes,3,4096,826.711,32768,0,0,1
fixed,half_n1024,shared,3,4096,867.137,32768,0,0,1
fixed,half_n1024,specialized,3,4096,934.702,32768,0,0,1
fixed,half_n1024,flock,3,4096,825.877,32768,0,0,1
fixed,half_n1024,shared,4,4096,879.527,32768,0,0,1
fixed,half_n1024,prepared,4,4096,766.612,32768,0,0,1
fixed,half_n1024,scalar_lanes,4,4096,817.780,32768,0,0,1
fixed,half_n1024,flock,4,4096,819.814,32768,0,0,1
fixed,half_n1024,specialized,4,4096,933.187,32768,0,0,1
fixed,half_n1024,prepared,5,4096,729.553,32768,0,0,1
fixed,half_n1024,scalar_lanes,5,4096,818.105,32768,0,0,1
fixed,half_n1024,specialized,5,4096,932.281,32768,0,0,1
fixed,half_n1024,shared,5,4096,855.845,32768,0,0,1
fixed,half_n1024,flock,5,4096,829.366,32768,0,0,1
fixed,half_n1024,shared,6,4096,868.235,32768,0,0,1
fixed,half_n1024,scalar_lanes,6,4096,827.616,32768,0,0,1
fixed,half_n1024,flock,6,4096,828.267,32768,0,0,1
fixed,half_n1024,specialized,6,4096,937.520,32768,0,0,1
fixed,half_n1024,prepared,6,4096,736.409,32768,0,0,1
fixed,half_n1024,flock,7,4096,814.656,32768,0,0,1
fixed,half_n1024,scalar_lanes,7,4096,810.527,32768,0,0,1
fixed,half_n1024,specialized,7,4096,929.810,32768,0,0,1
fixed,half_n1024,shared,7,4096,854.126,32768,0,0,1
fixed,half_n1024,prepared,7,4096,730.458,32768,0,0,1
fixed,half_n1024,flock,8,4096,817.922,32768,0,0,1
fixed,half_n1024,shared,8,4096,852.356,32768,0,0,1
fixed,half_n1024,prepared,8,4096,734.121,32768,0,0,1
fixed,half_n1024,specialized,8,4096,952.504,32768,0,0,1
fixed,half_n1024,scalar_lanes,8,4096,830.994,32768,0,0,1
fixed,half_n1024,shared,9,4096,866.323,32768,0,0,1
fixed,half_n1024,scalar_lanes,9,4096,828.847,32768,0,0,1
fixed,half_n1024,flock,9,4096,828.583,32768,0,0,1
fixed,half_n1024,prepared,9,4096,749.675,32768,0,0,1
fixed,half_n1024,specialized,9,4096,953.522,32768,0,0,1
fixed,half_n1024,scalar_lanes,10,4096,828.084,32768,0,0,1
fixed,half_n1024,specialized,10,4096,948.110,32768,0,0,1
fixed,half_n1024,shared,10,4096,866.089,32768,0,0,1
fixed,half_n1024,prepared,10,4096,748.250,32768,0,0,1
fixed,half_n1024,flock,10,4096,827.016,32768,0,0,1
fixed,half_n1024,prepared,11,4096,750.326,32768,0,0,1
fixed,half_n1024,shared,11,4096,865.591,32768,0,0,1
fixed,half_n1024,scalar_lanes,11,4096,829.214,32768,0,0,1
fixed,half_n1024,flock,11,4096,826.772,32768,0,0,1
fixed,half_n1024,specialized,11,4096,947.642,32768,0,0,1
fixed,half_n1024,prepared,12,4096,751.801,32768,0,0,1
fixed,half_n1024,flock,12,4096,829.234,32768,0,0,1
fixed,half_n1024,shared,12,4096,865.255,32768,0,0,1
fixed,half_n1024,scalar_lanes,12,4096,827.067,32768,0,0,1
fixed,half_n1024,specialized,12,4096,962.301,32768,0,0,1
fixed,half_n1024,shared,13,4096,864.420,32768,0,0,1
fixed,half_n1024,prepared,13,4096,740.000,32768,0,0,1
fixed,half_n1024,flock,13,4096,826.589,32768,0,0,1
fixed,half_n1024,scalar_lanes,13,4096,827.016,32768,0,0,1
fixed,half_n1024,specialized,13,4096,953.013,32768,0,0,1
fixed,half_n1024,scalar_lanes,14,4096,827.942,32768,0,0,1
fixed,half_n1024,shared,14,4096,866.486,32768,0,0,1
fixed,half_n1024,flock,14,4096,832.947,32768,0,0,1
fixed,half_n1024,specialized,14,4096,935.476,32768,0,0,1
fixed,half_n1024,prepared,14,4096,750.885,32768,0,0,1
fixed,half_n1024,flock,15,4096,829.224,32768,0,0,1
fixed,half_n1024,scalar_lanes,15,4096,827.667,32768,0,0,1
fixed,half_n1024,shared,15,4096,864.817,32768,0,0,1
fixed,half_n1024,specialized,15,4096,947.500,32768,0,0,1
fixed,half_n1024,prepared,15,4096,750.264,32768,0,0,1
fixed,half_n1024,shared,16,4096,866.658,32768,0,0,1
fixed,half_n1024,scalar_lanes,16,4096,827.454,32768,0,0,1
fixed,half_n1024,flock,16,4096,829.590,32768,0,0,1
fixed,half_n1024,prepared,16,4096,747.833,32768,0,0,1
fixed,half_n1024,specialized,16,4096,951.060,32768,0,0,1
fixed,half_n1024,shared,17,4096,868.368,32768,0,0,1
fixed,half_n1024,scalar_lanes,17,4096,835.521,32768,0,0,1
fixed,half_n1024,flock,17,4096,830.160,32768,0,0,1
fixed,half_n1024,specialized,17,4096,945.852,32768,0,0,1
fixed,half_n1024,prepared,17,4096,741.476,32768,0,0,1
fixed,half_n1024,flock,18,4096,826.070,32768,0,0,1
fixed,half_n1024,specialized,18,4096,943.064,32768,0,0,1
fixed,half_n1024,scalar_lanes,18,4096,830.933,32768,0,0,1
fixed,half_n1024,prepared,18,4096,745.117,32768,0,0,1
fixed,half_n1024,shared,18,4096,865.672,32768,0,0,1
fixed,half_n1024,specialized,19,4096,945.262,32768,0,0,1
fixed,half_n1024,scalar_lanes,19,4096,833.099,32768,0,0,1
fixed,half_n1024,shared,19,4096,868.296,32768,0,0,1
fixed,half_n1024,prepared,19,4096,746.104,32768,0,0,1
fixed,half_n1024,flock,19,4096,833.049,32768,0,0,1
fixed,half_n1024,prepared,20,4096,747.263,32768,0,0,1
fixed,half_n1024,shared,20,4096,865.194,32768,0,0,1
fixed,half_n1024,specialized,20,4096,946.981,32768,0,0,1
fixed,half_n1024,scalar_lanes,20,4096,827.037,32768,0,0,1
fixed,half_n1024,flock,20,4096,825.521,32768,0,0,1
fixed,half_n1024,shared,21,4096,866.231,32768,0,0,1
fixed,half_n1024,specialized,21,4096,935.516,32768,0,0,1
fixed,half_n1024,prepared,21,4096,747.284,32768,0,0,1
fixed,half_n1024,scalar_lanes,21,4096,831.106,32768,0,0,1
fixed,half_n1024,flock,21,4096,830.526,32768,0,0,1
fixed,half_n1024,specialized,22,4096,934.784,32768,0,0,1
fixed,half_n1024,prepared,22,4096,742.513,32768,0,0,1
fixed,half_n1024,scalar_lanes,22,4096,826.670,32768,0,0,1
fixed,half_n1024,flock,22,4096,827.667,32768,0,0,1
fixed,half_n1024,shared,22,4096,865.214,32768,0,0,1
fixed,half_n1024,specialized,23,4096,949.829,32768,0,0,1
fixed,half_n1024,scalar_lanes,23,4096,830.058,32768,0,0,1
fixed,half_n1024,prepared,23,4096,748.779,32768,0,0,1
fixed,half_n1024,flock,23,4096,824.351,32768,0,0,1
fixed,half_n1024,shared,23,4096,863.973,32768,0,0,1
fixed,half_n1024,scalar_lanes,24,4096,825.653,32768,0,0,1
fixed,half_n1024,specialized,24,4096,946.757,32768,0,0,1
fixed,half_n1024,flock,24,4096,829.539,32768,0,0,1
fixed,half_n1024,shared,24,4096,865.947,32768,0,0,1
fixed,half_n1024,prepared,24,4096,742.676,32768,0,0,1
fixed,half_n1024,shared,25,4096,864.512,32768,0,0,1
fixed,half_n1024,scalar_lanes,25,4096,827.525,32768,0,0,1
fixed,half_n1024,prepared,25,4096,744.792,32768,0,0,1
fixed,half_n1024,specialized,25,4096,949.636,32768,0,0,1
fixed,half_n1024,flock,25,4096,829.651,32768,0,0,1
fixed,half_n1024,flock,26,4096,828.094,32768,0,0,1
fixed,half_n1024,prepared,26,4096,742.543,32768,0,0,1
fixed,half_n1024,specialized,26,4096,944.427,32768,0,0,1
fixed,half_n1024,scalar_lanes,26,4096,826.182,32768,0,0,1
fixed,half_n1024,shared,26,4096,864.003,32768,0,0,1
fixed,half_n1024,prepared,27,4096,742.025,32768,0,0,1
fixed,half_n1024,scalar_lanes,27,4096,827.199,32768,0,0,1
fixed,half_n1024,specialized,27,4096,944.031,32768,0,0,1
fixed,half_n1024,flock,27,4096,829.610,32768,0,0,1
fixed,half_n1024,shared,27,4096,864.655,32768,0,0,1
fixed,half_n1024,flock,28,4096,827.250,32768,0,0,1
fixed,half_n1024,specialized,28,4096,950.734,32768,0,0,1
fixed,half_n1024,shared,28,4096,864.685,32768,0,0,1
fixed,half_n1024,prepared,28,4096,743.876,32768,0,0,1
fixed,half_n1024,scalar_lanes,28,4096,826.182,32768,0,0,1
fixed,half_n1024,scalar_lanes,29,4096,828.257,32768,0,0,1
fixed,half_n1024,flock,29,4096,829.783,32768,0,0,1
fixed,half_n1024,shared,29,4096,865.021,32768,0,0,1
fixed,half_n1024,prepared,29,4096,741.709,32768,0,0,1
fixed,half_n1024,specialized,29,4096,952.383,32768,0,0,1
fixed,half_n1024,scalar_lanes,30,4096,824.208,32768,0,0,1
fixed,half_n1024,shared,30,4096,863.566,32768,0,0,1
fixed,half_n1024,specialized,30,4096,944.102,32768,0,0,1
fixed,half_n1024,flock,30,4096,823.710,32768,0,0,1
fixed,half_n1024,prepared,30,4096,743.042,32768,0,0,1
fixed,half_n1024,shared,31,4096,865.662,32768,0,0,1
fixed,half_n1024,prepared,31,4096,741.374,32768,0,0,1
fixed,half_n1024,flock,31,4096,825.053,32768,0,0,1
fixed,half_n1024,specialized,31,4096,937.337,32768,0,0,1
fixed,half_n1024,scalar_lanes,31,4096,825.602,32768,0,0,1
butterfly,half_n1024,prepared,0,4096,1107.035,65536,0,0,1
butterfly,half_n1024,scalar_lanes,0,4096,1162.241,65536,0,0,1
butterfly,half_n1024,shared,0,4096,1165.161,65536,0,0,1
butterfly,half_n1024,specialized,0,4096,1174.489,65536,0,0,1
butterfly,half_n1024,flock,0,4096,1163.239,65536,0,0,1
butterfly,half_n1024,prepared,1,4096,1117.584,65536,0,0,1
butterfly,half_n1024,specialized,1,4096,1191.833,65536,0,0,1
butterfly,half_n1024,scalar_lanes,1,4096,1169.139,65536,0,0,1
butterfly,half_n1024,flock,1,4096,1163.707,65536,0,0,1
butterfly,half_n1024,shared,1,4096,1166.544,65536,0,0,1
butterfly,half_n1024,specialized,2,4096,1184.489,65536,0,0,1
butterfly,half_n1024,prepared,2,4096,1125.732,65536,0,0,1
butterfly,half_n1024,flock,2,4096,1167.725,65536,0,0,1
butterfly,half_n1024,scalar_lanes,2,4096,1170.034,65536,0,0,1
butterfly,half_n1024,shared,2,4096,1167.836,65536,0,0,1
butterfly,half_n1024,prepared,3,4096,1118.347,65536,0,0,1
butterfly,half_n1024,scalar_lanes,3,4096,1159.932,65536,0,0,1
butterfly,half_n1024,flock,3,4096,1170.888,65536,0,0,1
butterfly,half_n1024,shared,3,4096,1166.595,65536,0,0,1
butterfly,half_n1024,specialized,3,4096,1173.899,65536,0,0,1
butterfly,half_n1024,prepared,4,4096,1109.172,65536,0,0,1
butterfly,half_n1024,specialized,4,4096,1165.721,65536,0,0,1
butterfly,half_n1024,scalar_lanes,4,4096,1160.594,65536,0,0,1
butterfly,half_n1024,shared,4,4096,1161.082,65536,0,0,1
butterfly,half_n1024,flock,4,4096,1159.353,65536,0,0,1
butterfly,half_n1024,specialized,5,4096,1166.351,65536,0,0,1
butterfly,half_n1024,prepared,5,4096,1112.478,65536,0,0,1
butterfly,half_n1024,scalar_lanes,5,4096,1164.032,65536,0,0,1
butterfly,half_n1024,shared,5,4096,1162.750,65536,0,0,1
butterfly,half_n1024,flock,5,4096,1157.501,65536,0,0,1
butterfly,half_n1024,shared,6,4096,1163.951,65536,0,0,1
butterfly,half_n1024,prepared,6,4096,1106.252,65536,0,0,1
butterfly,half_n1024,specialized,6,4096,1168.691,65536,0,0,1
butterfly,half_n1024,scalar_lanes,6,4096,1164.459,65536,0,0,1
butterfly,half_n1024,flock,6,4096,1167.511,65536,0,0,1
butterfly,half_n1024,scalar_lanes,7,4096,1159.149,65536,0,0,1
butterfly,half_n1024,flock,7,4096,1158.610,65536,0,0,1
butterfly,half_n1024,specialized,7,4096,1164.103,65536,0,0,1
butterfly,half_n1024,prepared,7,4096,1108.968,65536,0,0,1
butterfly,half_n1024,shared,7,4096,1160.492,65536,0,0,1
butterfly,half_n1024,flock,8,4096,1156.433,65536,0,0,1
butterfly,half_n1024,scalar_lanes,8,4096,1154.836,65536,0,0,1
butterfly,half_n1024,shared,8,4096,1174.072,65536,0,0,1
butterfly,half_n1024,specialized,8,4096,1212.107,65536,0,0,1
butterfly,half_n1024,prepared,8,4096,1182.037,65536,0,0,1
butterfly,half_n1024,flock,9,4096,1193.654,65536,0,0,1
butterfly,half_n1024,scalar_lanes,9,4096,1151.652,65536,0,0,1
butterfly,half_n1024,prepared,9,4096,1116.241,65536,0,0,1
butterfly,half_n1024,shared,9,4096,1144.816,65536,0,0,1
butterfly,half_n1024,specialized,9,4096,1168.833,65536,0,0,1
butterfly,half_n1024,prepared,10,4096,1114.838,65536,0,0,1
butterfly,half_n1024,flock,10,4096,1171.661,65536,0,0,1
butterfly,half_n1024,shared,10,4096,1164.195,65536,0,0,1
butterfly,half_n1024,specialized,10,4096,1189.870,65536,0,0,1
butterfly,half_n1024,scalar_lanes,10,4096,1171.031,65536,0,0,1
butterfly,half_n1024,prepared,11,4096,1114.573,65536,0,0,1
butterfly,half_n1024,flock,11,4096,1171.285,65536,0,0,1
butterfly,half_n1024,scalar_lanes,11,4096,1164.012,65536,0,0,1
butterfly,half_n1024,shared,11,4096,1169.759,65536,0,0,1
butterfly,half_n1024,specialized,11,4096,1169.240,65536,0,0,1
butterfly,half_n1024,scalar_lanes,12,4096,1160.238,65536,0,0,1
butterfly,half_n1024,specialized,12,4096,1188.293,65536,0,0,1
butterfly,half_n1024,prepared,12,4096,1115.072,65536,0,0,1
butterfly,half_n1024,flock,12,4096,1168.976,65536,0,0,1
butterfly,half_n1024,shared,12,4096,1169.128,65536,0,0,1
butterfly,half_n1024,prepared,13,4096,1114.125,65536,0,0,1
butterfly,half_n1024,scalar_lanes,13,4096,1164.073,65536,0,0,1
butterfly,half_n1024,flock,13,4096,1166.412,65536,0,0,1
butterfly,half_n1024,shared,13,4096,1178.792,65536,0,0,1
butterfly,half_n1024,specialized,13,4096,1174.205,65536,0,0,1
butterfly,half_n1024,scalar_lanes,14,4096,1162.465,65536,0,0,1
butterfly,half_n1024,prepared,14,4096,1113.657,65536,0,0,1
butterfly,half_n1024,flock,14,4096,1164.134,65536,0,0,1
butterfly,half_n1024,shared,14,4096,1160.980,65536,0,0,1
butterfly,half_n1024,specialized,14,4096,1171.560,65536,0,0,1
butterfly,half_n1024,scalar_lanes,15,4096,1164.632,65536,0,0,1
butterfly,half_n1024,flock,15,4096,1163.320,65536,0,0,1
butterfly,half_n1024,shared,15,4096,1164.337,65536,0,0,1
butterfly,half_n1024,prepared,15,4096,1112.946,65536,0,0,1
butterfly,half_n1024,specialized,15,4096,1181.274,65536,0,0,1
butterfly,half_n1024,prepared,16,4096,1110.840,65536,0,0,1
butterfly,half_n1024,scalar_lanes,16,4096,1162.903,65536,0,0,1
butterfly,half_n1024,specialized,16,4096,1175.629,65536,0,0,1
butterfly,half_n1024,flock,16,4096,1162.944,65536,0,0,1
butterfly,half_n1024,shared,16,4096,1166.341,65536,0,0,1
butterfly,half_n1024,prepared,17,4096,1113.230,65536,0,0,1
butterfly,half_n1024,scalar_lanes,17,4096,1160.522,65536,0,0,1
butterfly,half_n1024,flock,17,4096,1165.782,65536,0,0,1
butterfly,half_n1024,shared,17,4096,1158.071,65536,0,0,1
butterfly,half_n1024,specialized,17,4096,1165.212,65536,0,0,1
butterfly,half_n1024,shared,18,4096,1157.766,65536,0,0,1
butterfly,half_n1024,prepared,18,4096,1106.160,65536,0,0,1
butterfly,half_n1024,flock,18,4096,1164.154,65536,0,0,1
butterfly,half_n1024,scalar_lanes,18,4096,1160.492,65536,0,0,1
butterfly,half_n1024,specialized,18,4096,1169.729,65536,0,0,1
butterfly,half_n1024,shared,19,4096,1161.926,65536,0,0,1
butterfly,half_n1024,flock,19,4096,1162.476,65536,0,0,1
butterfly,half_n1024,prepared,19,4096,1110.586,65536,0,0,1
butterfly,half_n1024,scalar_lanes,19,4096,1160.848,65536,0,0,1
butterfly,half_n1024,specialized,19,4096,1164.388,65536,0,0,1
butterfly,half_n1024,flock,20,4096,1159.566,65536,0,0,1
butterfly,half_n1024,prepared,20,4096,1107.778,65536,0,0,1
butterfly,half_n1024,shared,20,4096,1159.556,65536,0,0,1
butterfly,half_n1024,specialized,20,4096,1172.668,65536,0,0,1
butterfly,half_n1024,scalar_lanes,20,4096,1166.555,65536,0,0,1
butterfly,half_n1024,specialized,21,4096,1165.426,65536,0,0,1
butterfly,half_n1024,shared,21,4096,1157.491,65536,0,0,1
butterfly,half_n1024,flock,21,4096,1161.062,65536,0,0,1
butterfly,half_n1024,scalar_lanes,21,4096,1163.147,65536,0,0,1
butterfly,half_n1024,prepared,21,4096,1109.884,65536,0,0,1
butterfly,half_n1024,scalar_lanes,22,4096,1163.940,65536,0,0,1
butterfly,half_n1024,specialized,22,4096,1170.319,65536,0,0,1
butterfly,half_n1024,flock,22,4096,1164.703,65536,0,0,1
butterfly,half_n1024,prepared,22,4096,1108.093,65536,0,0,1
butterfly,half_n1024,shared,22,4096,1162.476,65536,0,0,1
butterfly,half_n1024,scalar_lanes,23,4096,1169.729,65536,0,0,1
butterfly,half_n1024,specialized,23,4096,1163.737,65536,0,0,1
butterfly,half_n1024,flock,23,4096,1156.871,65536,0,0,1
butterfly,half_n1024,shared,23,4096,1157.939,65536,0,0,1
butterfly,half_n1024,prepared,23,4096,1104.106,65536,0,0,1
butterfly,half_n1024,prepared,24,4096,1104.929,65536,0,0,1
butterfly,half_n1024,scalar_lanes,24,4096,1157.908,65536,0,0,1
butterfly,half_n1024,shared,24,4096,1160.075,65536,0,0,1
butterfly,half_n1024,flock,24,4096,1159.383,65536,0,0,1
butterfly,half_n1024,specialized,24,4096,1171.702,65536,0,0,1
butterfly,half_n1024,scalar_lanes,25,4096,1164.571,65536,0,0,1
butterfly,half_n1024,specialized,25,4096,1173.330,65536,0,0,1
butterfly,half_n1024,flock,25,4096,1164.632,65536,0,0,1
butterfly,half_n1024,shared,25,4096,1161.275,65536,0,0,1
butterfly,half_n1024,prepared,25,4096,1106.883,65536,0,0,1
butterfly,half_n1024,specialized,26,4096,1164.846,65536,0,0,1
butterfly,half_n1024,flock,26,4096,1159.108,65536,0,0,1
butterfly,half_n1024,scalar_lanes,26,4096,1164.175,65536,0,0,1
butterfly,half_n1024,prepared,26,4096,1108.704,65536,0,0,1
butterfly,half_n1024,shared,26,4096,1159.566,65536,0,0,1
butterfly,half_n1024,scalar_lanes,27,4096,1162.089,65536,0,0,1
butterfly,half_n1024,prepared,27,4096,1114.248,65536,0,0,1
butterfly,half_n1024,shared,27,4096,1163.768,65536,0,0,1
butterfly,half_n1024,specialized,27,4096,1170.227,65536,0,0,1
butterfly,half_n1024,flock,27,4096,1167.928,65536,0,0,1
butterfly,half_n1024,scalar_lanes,28,4096,1163.920,65536,0,0,1
butterfly,half_n1024,prepared,28,4096,1106.364,65536,0,0,1
butterfly,half_n1024,shared,28,4096,1158.539,65536,0,0,1
butterfly,half_n1024,flock,28,4096,1164.856,65536,0,0,1
butterfly,half_n1024,specialized,28,4096,1172.668,65536,0,0,1
butterfly,half_n1024,shared,29,4096,1160.655,65536,0,0,1
butterfly,half_n1024,specialized,29,4096,1162.323,65536,0,0,1
butterfly,half_n1024,prepared,29,4096,1105.306,65536,0,0,1
butterfly,half_n1024,scalar_lanes,29,4096,1166.199,65536,0,0,1
butterfly,half_n1024,flock,29,4096,1161.764,65536,0,0,1
butterfly,half_n1024,flock,30,4096,1159.932,65536,0,0,1
butterfly,half_n1024,shared,30,4096,1163.493,65536,0,0,1
butterfly,half_n1024,scalar_lanes,30,4096,1164.449,65536,0,0,1
butterfly,half_n1024,specialized,30,4096,1170.258,65536,0,0,1
butterfly,half_n1024,prepared,30,4096,1110.036,65536,0,0,1
butterfly,half_n1024,scalar_lanes,31,4096,1161.509,65536,0,0,1
butterfly,half_n1024,specialized,31,4096,1168.304,65536,0,0,1
butterfly,half_n1024,shared,31,4096,1161.265,65536,0,0,1
butterfly,half_n1024,flock,31,4096,1164.073,65536,0,0,1
butterfly,half_n1024,prepared,31,4096,1107.493,65536,0,0,1
fixed,half_n65536,scalar_lanes,0,64,53893.219,2097152,0,0,1
fixed,half_n65536,prepared,0,64,48066.406,2097152,0,0,1
fixed,half_n65536,specialized,0,64,54388.016,2097152,0,0,1
fixed,half_n65536,shared,0,64,54119.797,2097152,0,0,1
fixed,half_n65536,flock,0,64,53196.609,2097152,0,0,1
fixed,half_n65536,flock,1,64,53431.641,2097152,0,0,1
fixed,half_n65536,scalar_lanes,1,64,52949.875,2097152,0,0,1
fixed,half_n65536,prepared,1,64,47616.531,2097152,0,0,1
fixed,half_n65536,specialized,1,64,54748.047,2097152,0,0,1
fixed,half_n65536,shared,1,64,54113.281,2097152,0,0,1
fixed,half_n65536,prepared,2,64,47986.328,2097152,0,0,1
fixed,half_n65536,scalar_lanes,2,64,53819.656,2097152,0,0,1
fixed,half_n65536,specialized,2,64,55856.781,2097152,0,0,1
fixed,half_n65536,shared,2,64,53961.594,2097152,0,0,1
fixed,half_n65536,flock,2,64,54272.141,2097152,0,0,1
fixed,half_n65536,prepared,3,64,48220.703,2097152,0,0,1
fixed,half_n65536,specialized,3,64,55216.797,2097152,0,0,1
fixed,half_n65536,scalar_lanes,3,64,54072.922,2097152,0,0,1
fixed,half_n65536,flock,3,64,53500.000,2097152,0,0,1
fixed,half_n65536,shared,3,64,54024.078,2097152,0,0,1
fixed,half_n65536,flock,4,64,53673.172,2097152,0,0,1
fixed,half_n65536,shared,4,64,53755.859,2097152,0,0,1
fixed,half_n65536,prepared,4,64,48766.922,2097152,0,0,1
fixed,half_n65536,scalar_lanes,4,64,52844.391,2097152,0,0,1
fixed,half_n65536,specialized,4,64,55985.031,2097152,0,0,1
fixed,half_n65536,shared,5,64,54023.438,2097152,0,0,1
fixed,half_n65536,flock,5,64,53097.656,2097152,0,0,1
fixed,half_n65536,prepared,5,64,48274.734,2097152,0,0,1
fixed,half_n65536,specialized,5,64,55783.203,2097152,0,0,1
fixed,half_n65536,scalar_lanes,5,64,53020.188,2097152,0,0,1
fixed,half_n65536,prepared,6,64,47809.906,2097152,0,0,1
fixed,half_n65536,flock,6,64,52778.641,2097152,0,0,1
fixed,half_n65536,scalar_lanes,6,64,52706.375,2097152,0,0,1
fixed,half_n65536,specialized,6,64,54522.797,2097152,0,0,1
fixed,half_n65536,shared,6,64,53307.297,2097152,0,0,1
fixed,half_n65536,scalar_lanes,7,64,52854.812,2097152,0,0,1
fixed,half_n65536,prepared,7,64,47370.453,2097152,0,0,1
fixed,half_n65536,flock,7,64,52666.016,2097152,0,0,1
fixed,half_n65536,shared,7,64,54148.438,2097152,0,0,1
fixed,half_n65536,specialized,7,64,55681.641,2097152,0,0,1
fixed,half_n65536,shared,8,64,54098.953,2097152,0,0,1
fixed,half_n65536,prepared,8,64,47740.234,2097152,0,0,1
fixed,half_n65536,scalar_lanes,8,64,52998.688,2097152,0,0,1
fixed,half_n65536,specialized,8,64,55705.078,2097152,0,0,1
fixed,half_n65536,flock,8,64,54291.672,2097152,0,0,1
fixed,half_n65536,shared,9,64,54348.312,2097152,0,0,1
fixed,half_n65536,flock,9,64,53233.734,2097152,0,0,1
fixed,half_n65536,scalar_lanes,9,64,52977.203,2097152,0,0,1
fixed,half_n65536,prepared,9,64,47964.188,2097152,0,0,1
fixed,half_n65536,specialized,9,64,55955.078,2097152,0,0,1
fixed,half_n65536,scalar_lanes,10,64,54124.359,2097152,0,0,1
fixed,half_n65536,specialized,10,64,55803.391,2097152,0,0,1
fixed,half_n65536,prepared,10,64,48404.297,2097152,0,0,1
fixed,half_n65536,shared,10,64,53859.375,2097152,0,0,1
fixed,half_n65536,flock,10,64,53425.781,2097152,0,0,1
fixed,half_n65536,scalar_lanes,11,64,53019.531,2097152,0,0,1
fixed,half_n65536,specialized,11,64,55032.547,2097152,0,0,1
fixed,half_n65536,prepared,11,64,48541.672,2097152,0,0,1
fixed,half_n65536,flock,11,64,53387.359,2097152,0,0,1
fixed,half_n65536,shared,11,64,53958.328,2097152,0,0,1
fixed,half_n65536,prepared,12,64,48230.469,2097152,0,0,1
fixed,half_n65536,scalar_lanes,12,64,52614.594,2097152,0,0,1
fixed,half_n65536,flock,12,64,53296.875,2097152,0,0,1
fixed,half_n65536,shared,12,64,54505.203,2097152,0,0,1
fixed,half_n65536,specialized,12,64,57296.875,2097152,0,0,1
fixed,half_n65536,flock,13,64,55119.797,2097152,0,0,1
fixed,half_n65536,scalar_lanes,13,64,56772.141,2097152,0,0,1
fixed,half_n65536,specialized,13,64,56748.703,2097152,0,0,1
fixed,half_n65536,shared,13,64,54287.109,2097152,0,0,1
fixed,half_n65536,prepared,13,64,50835.938,2097152,0,0,1
fixed,half_n65536,specialized,14,64,56518.219,2097152,0,0,1
fixed,half_n65536,prepared,14,64,47939.453,2097152,0,0,1
fixed,half_n65536,shared,14,64,54817.719,2097152,0,0,1
fixed,half_n65536,scalar_lanes,14,64,54552.078,2097152,0,0,1
fixed,half_n65536,flock,14,64,54117.844,2097152,0,0,1
fixed,half_n65536,specialized,15,64,55368.484,2097152,0,0,1
fixed,half_n65536,prepared,15,64,48628.906,2097152,0,0,1
fixed,half_n65536,flock,15,64,53408.203,2097152,0,0,1
fixed,half_n65536,shared,15,64,54276.031,2097152,0,0,1
fixed,half_n65536,scalar_lanes,15,64,53404.297,2097152,0,0,1
fixed,half_n65536,flock,16,64,52958.984,2097152,0,0,1
fixed,half_n65536,specialized,16,64,55639.969,2097152,0,0,1
fixed,half_n65536,prepared,16,64,49325.531,2097152,0,0,1
fixed,half_n65536,shared,16,64,54151.688,2097152,0,0,1
fixed,half_n65536,scalar_lanes,16,64,53108.719,2097152,0,0,1
fixed,half_n65536,prepared,17,64,47788.406,2097152,0,0,1
fixed,half_n65536,scalar_lanes,17,64,53289.719,2097152,0,0,1
fixed,half_n65536,shared,17,64,54108.078,2097152,0,0,1
fixed,half_n65536,flock,17,64,53405.594,2097152,0,0,1
fixed,half_n65536,specialized,17,64,55473.953,2097152,0,0,1
fixed,half_n65536,flock,18,64,53981.125,2097152,0,0,1
fixed,half_n65536,shared,18,64,53783.203,2097152,0,0,1
fixed,half_n65536,specialized,18,64,55923.828,2097152,0,0,1
fixed,half_n65536,scalar_lanes,18,64,54095.703,2097152,0,0,1
fixed,half_n65536,prepared,18,64,50012.375,2097152,0,0,1
fixed,half_n65536,specialized,19,64,55579.422,2097152,0,0,1
fixed,half_n65536,flock,19,64,53783.859,2097152,0,0,1
fixed,half_n65536,shared,19,64,54167.969,2097152,0,0,1
fixed,half_n65536,scalar_lanes,19,64,53253.906,2097152,0,0,1
fixed,half_n65536,prepared,19,64,47885.422,2097152,0,0,1
fixed,half_n65536,specialized,20,64,57184.234,2097152,0,0,1
fixed,half_n65536,prepared,20,64,49253.250,2097152,0,0,1
fixed,half_n65536,scalar_lanes,20,64,53589.203,2097152,0,0,1
fixed,half_n65536,flock,20,64,53180.344,2097152,0,0,1
fixed,half_n65536,shared,20,64,54042.312,2097152,0,0,1
fixed,half_n65536,shared,21,64,53966.141,2097152,0,0,1
fixed,half_n65536,specialized,21,64,56378.250,2097152,0,0,1
fixed,half_n65536,flock,21,64,52865.891,2097152,0,0,1
fixed,half_n65536,scalar_lanes,21,64,52625.000,2097152,0,0,1
fixed,half_n65536,prepared,21,64,48621.750,2097152,0,0,1
fixed,half_n65536,flock,22,64,53277.984,2097152,0,0,1
fixed,half_n65536,specialized,22,64,55804.688,2097152,0,0,1
fixed,half_n65536,prepared,22,64,47256.516,2097152,0,0,1
fixed,half_n65536,scalar_lanes,22,64,53134.125,2097152,0,0,1
fixed,half_n65536,shared,22,64,54021.484,2097152,0,0,1
fixed,half_n65536,scalar_lanes,23,64,52928.391,2097152,0,0,1
fixed,half_n65536,shared,23,64,53849.609,2097152,0,0,1
fixed,half_n65536,flock,23,64,52979.812,2097152,0,0,1
fixed,half_n65536,specialized,23,64,55399.734,2097152,0,0,1
fixed,half_n65536,prepared,23,64,47804.688,2097152,0,0,1
fixed,half_n65536,shared,24,64,54007.172,2097152,0,0,1
fixed,half_n65536,flock,24,64,52941.406,2097152,0,0,1
fixed,half_n65536,prepared,24,64,48008.469,2097152,0,0,1
fixed,half_n65536,specialized,24,64,55231.766,2097152,0,0,1
fixed,half_n65536,scalar_lanes,24,64,53101.562,2097152,0,0,1
fixed,half_n65536,prepared,25,64,48380.203,2097152,0,0,1
fixed,half_n65536,shared,25,64,53815.094,2097152,0,0,1
fixed,half_n65536,scalar_lanes,25,64,53436.188,2097152,0,0,1
fixed,half_n65536,specialized,25,64,56041.016,2097152,0,0,1
fixed,half_n65536,flock,25,64,53272.781,2097152,0,0,1
fixed,half_n65536,specialized,26,64,55865.891,2097152,0,0,1
fixed,half_n65536,shared,26,64,53531.891,2097152,0,0,1
fixed,half_n65536,prepared,26,64,47740.234,2097152,0,0,1
fixed,half_n65536,scalar_lanes,26,64,52885.406,2097152,0,0,1
fixed,half_n65536,flock,26,64,53058.594,2097152,0,0,1
fixed,half_n65536,flock,27,64,53566.406,2097152,0,0,1
fixed,half_n65536,prepared,27,64,48688.156,2097152,0,0,1
fixed,half_n65536,shared,27,64,53995.438,2097152,0,0,1
fixed,half_n65536,specialized,27,64,55253.906,2097152,0,0,1
fixed,half_n65536,scalar_lanes,27,64,53243.484,2097152,0,0,1
fixed,half_n65536,shared,28,64,54083.984,2097152,0,0,1
fixed,half_n65536,scalar_lanes,28,64,52509.109,2097152,0,0,1
fixed,half_n65536,flock,28,64,52817.062,2097152,0,0,1
fixed,half_n65536,specialized,28,64,56867.844,2097152,0,0,1
fixed,half_n65536,prepared,28,64,47520.172,2097152,0,0,1
fixed,half_n65536,shared,29,64,53911.453,2097152,0,0,1
fixed,half_n65536,prepared,29,64,48126.297,2097152,0,0,1
fixed,half_n65536,specialized,29,64,56097.000,2097152,0,0,1
fixed,half_n65536,flock,29,64,53270.844,2097152,0,0,1
fixed,half_n65536,scalar_lanes,29,64,53517.578,2097152,0,0,1
fixed,half_n65536,shared,30,64,54113.281,2097152,0,0,1
fixed,half_n65536,scalar_lanes,30,64,53462.250,2097152,0,0,1
fixed,half_n65536,flock,30,64,53395.844,2097152,0,0,1
fixed,half_n65536,specialized,30,64,55963.547,2097152,0,0,1
fixed,half_n65536,prepared,30,64,49311.844,2097152,0,0,1
fixed,half_n65536,flock,31,64,53317.703,2097152,0,0,1
fixed,half_n65536,shared,31,64,53910.156,2097152,0,0,1
fixed,half_n65536,scalar_lanes,31,64,52893.234,2097152,0,0,1
fixed,half_n65536,prepared,31,64,49548.828,2097152,0,0,1
fixed,half_n65536,specialized,31,64,56235.672,2097152,0,0,1
butterfly,half_n65536,scalar_lanes,0,64,74445.953,4194304,0,0,1
butterfly,half_n65536,shared,0,64,76598.312,4194304,0,0,1
butterfly,half_n65536,specialized,0,64,80057.953,4194304,0,0,1
butterfly,half_n65536,prepared,0,64,72417.969,4194304,0,0,1
butterfly,half_n65536,flock,0,64,74717.438,4194304,0,0,1
butterfly,half_n65536,scalar_lanes,1,64,76250.656,4194304,0,0,1
butterfly,half_n65536,shared,1,64,75844.406,4194304,0,0,1
butterfly,half_n65536,flock,1,64,75583.984,4194304,0,0,1
butterfly,half_n65536,prepared,1,64,71399.734,4194304,0,0,1
butterfly,half_n65536,specialized,1,64,77975.922,4194304,0,0,1
butterfly,half_n65536,shared,2,64,77025.391,4194304,0,0,1
butterfly,half_n65536,specialized,2,64,77610.031,4194304,0,0,1
butterfly,half_n65536,scalar_lanes,2,64,75824.219,4194304,0,0,1
butterfly,half_n65536,flock,2,64,75427.734,4194304,0,0,1
butterfly,half_n65536,prepared,2,64,72845.047,4194304,0,0,1
butterfly,half_n65536,shared,3,64,76222.656,4194304,0,0,1
butterfly,half_n65536,flock,3,64,75565.109,4194304,0,0,1
butterfly,half_n65536,prepared,3,64,71852.203,4194304,0,0,1
butterfly,half_n65536,specialized,3,64,79376.953,4194304,0,0,1
butterfly,half_n65536,scalar_lanes,3,64,75257.812,4194304,0,0,1
butterfly,half_n65536,flock,4,64,74914.062,4194304,0,0,1
butterfly,half_n65536,shared,4,64,76703.125,4194304,0,0,1
butterfly,half_n65536,prepared,4,64,73113.281,4194304,0,0,1
butterfly,half_n65536,scalar_lanes,4,64,73318.359,4194304,0,0,1
butterfly,half_n65536,specialized,4,64,77233.719,4194304,0,0,1
butterfly,half_n65536,shared,5,64,75048.172,4194304,0,0,1
butterfly,half_n65536,flock,5,64,76047.531,4194304,0,0,1
butterfly,half_n65536,prepared,5,64,72300.781,4194304,0,0,1
butterfly,half_n65536,scalar_lanes,5,64,75123.688,4194304,0,0,1
butterfly,half_n65536,specialized,5,64,78619.141,4194304,0,0,1
butterfly,half_n65536,specialized,6,64,78011.062,4194304,0,0,1
butterfly,half_n65536,shared,6,64,74316.406,4194304,0,0,1
butterfly,half_n65536,prepared,6,64,72086.594,4194304,0,0,1
butterfly,half_n65536,flock,6,64,75771.484,4194304,0,0,1
butterfly,half_n65536,scalar_lanes,6,64,75757.812,4194304,0,0,1
butterfly,half_n65536,shared,7,64,76647.781,4194304,0,0,1
butterfly,half_n65536,flock,7,64,74902.984,4194304,0,0,1
butterfly,half_n65536,prepared,7,64,73925.781,4194304,0,0,1
butterfly,half_n65536,specialized,7,64,76999.359,4194304,0,0,1
butterfly,half_n65536,scalar_lanes,7,64,74939.453,4194304,0,0,1
butterfly,half_n65536,prepared,8,64,71367.844,4194304,0,0,1
butterfly,half_n65536,shared,8,64,75526.047,4194304,0,0,1
butterfly,half_n65536,flock,8,64,74854.156,4194304,0,0,1
butterfly,half_n65536,specialized,8,64,77207.031,4194304,0,0,1
butterfly,half_n65536,scalar_lanes,8,64,75501.953,4194304,0,0,1
butterfly,half_n65536,shared,9,64,77212.891,4194304,0,0,1
butterfly,half_n65536,flock,9,64,75559.891,4194304,0,0,1
butterfly,half_n65536,specialized,9,64,78734.375,4194304,0,0,1
butterfly,half_n65536,prepared,9,64,73050.125,4194304,0,0,1
butterfly,half_n65536,scalar_lanes,9,64,75514.969,4194304,0,0,1
butterfly,half_n65536,flock,10,64,75563.156,4194304,0,0,1
butterfly,half_n65536,scalar_lanes,10,64,76560.547,4194304,0,0,1
butterfly,half_n65536,shared,10,64,75188.797,4194304,0,0,1
butterfly,half_n65536,specialized,10,64,78175.781,4194304,0,0,1
butterfly,half_n65536,prepared,10,64,71164.062,4194304,0,0,1
butterfly,half_n65536,shared,11,64,77462.250,4194304,0,0,1
butterfly,half_n65536,scalar_lanes,11,64,74248.047,4194304,0,0,1
butterfly,half_n65536,prepared,11,64,70902.344,4194304,0,0,1
butterfly,half_n65536,specialized,11,64,77610.016,4194304,0,0,1
butterfly,half_n65536,flock,11,64,75121.734,4194304,0,0,1
butterfly,half_n65536,scalar_lanes,12,64,74772.141,4194304,0,0,1
butterfly,half_n65536,shared,12,64,74749.359,4194304,0,0,1
butterfly,half_n65536,prepared,12,64,71535.156,4194304,0,0,1
butterfly,half_n65536,specialized,12,64,77000.656,4194304,0,0,1
butterfly,half_n65536,flock,12,64,75792.328,4194304,0,0,1
butterfly,half_n65536,prepared,13,64,74256.500,4194304,0,0,1
butterfly,half_n65536,scalar_lanes,13,64,75485.672,4194304,0,0,1
butterfly,half_n65536,shared,13,64,75698.578,4194304,0,0,1
butterfly,half_n65536,specialized,13,64,77843.750,4194304,0,0,1
butterfly,half_n65536,flock,13,64,75932.281,4194304,0,0,1
butterfly,half_n65536,specialized,14,64,78037.109,4194304,0,0,1
butterfly,half_n65536,shared,14,64,76523.438,4194304,0,0,1
butterfly,half_n65536,flock,14,64,75985.016,4194304,0,0,1
butterfly,half_n65536,prepared,14,64,72445.312,4194304,0,0,1
butterfly,half_n65536,scalar_lanes,14,64,75537.766,4194304,0,0,1
butterfly,half_n65536,specialized,15,64,78025.391,4194304,0,0,1
butterfly,half_n65536,shared,15,64,74889.328,4194304,0,0,1
butterfly,half_n65536,flock,15,64,74792.969,4194304,0,0,1
butterfly,half_n65536,scalar_lanes,15,64,76847.000,4194304,0,0,1
butterfly,half_n65536,prepared,15,64,73594.391,4194304,0,0,1
butterfly,half_n65536,specialized,16,64,77412.766,4194304,0,0,1
butterfly,half_n65536,scalar_lanes,16,64,74632.812,4194304,0,0,1
butterfly,half_n65536,flock,16,64,76194.016,4194304,0,0,1
butterfly,half_n65536,shared,16,64,75112.625,4194304,0,0,1
butterfly,half_n65536,prepared,16,64,71789.062,4194304,0,0,1
butterfly,half_n65536,shared,17,64,75555.984,4194304,0,0,1
butterfly,half_n65536,scalar_lanes,17,64,74492.828,4194304,0,0,1
butterfly,half_n65536,flock,17,64,74861.984,4194304,0,0,1
butterfly,half_n65536,specialized,17,64,78031.250,4194304,0,0,1
butterfly,half_n65536,prepared,17,64,73888.031,4194304,0,0,1
butterfly,half_n65536,specialized,18,64,78643.234,4194304,0,0,1
butterfly,half_n65536,scalar_lanes,18,64,78146.484,4194304,0,0,1
butterfly,half_n65536,prepared,18,64,72485.016,4194304,0,0,1
butterfly,half_n65536,shared,18,64,74779.938,4194304,0,0,1
butterfly,half_n65536,flock,18,64,75893.234,4194304,0,0,1
butterfly,half_n65536,flock,19,64,75684.891,4194304,0,0,1
butterfly,half_n65536,scalar_lanes,19,64,74552.078,4194304,0,0,1
butterfly,half_n65536,prepared,19,64,71057.297,4194304,0,0,1
butterfly,half_n65536,specialized,19,64,77311.203,4194304,0,0,1
butterfly,half_n65536,shared,19,64,76936.203,4194304,0,0,1
butterfly,half_n65536,scalar_lanes,20,64,75885.422,4194304,0,0,1
butterfly,half_n65536,shared,20,64,76330.078,4194304,0,0,1
butterfly,half_n65536,prepared,20,64,73126.312,4194304,0,0,1
butterfly,half_n65536,specialized,20,64,79250.641,4194304,0,0,1
butterfly,half_n65536,flock,20,64,76212.891,4194304,0,0,1
butterfly,half_n65536,specialized,21,64,78542.969,4194304,0,0,1
butterfly,half_n65536,prepared,21,64,71024.094,4194304,0,0,1
butterfly,half_n65536,flock,21,64,75947.906,4194304,0,0,1
butterfly,half_n65536,shared,21,64,76410.156,4194304,0,0,1
butterfly,half_n65536,scalar_lanes,21,64,76372.391,4194304,0,0,1
butterfly,half_n65536,specialized,22,64,78078.125,4194304,0,0,1
butterfly,half_n65536,flock,22,64,74584.625,4194304,0,0,1
butterfly,half_n65536,prepared,22,64,70937.500,4194304,0,0,1
butterfly,half_n65536,shared,22,64,75191.406,4194304,0,0,1
butterfly,half_n65536,scalar_lanes,22,64,74304.688,4194304,0,0,1
butterfly,half_n65536,scalar_lanes,23,64,75579.422,4194304,0,0,1
butterfly,half_n65536,shared,23,64,74963.531,4194304,0,0,1
butterfly,half_n65536,flock,23,64,74856.109,4194304,0,0,1
butterfly,half_n65536,prepared,23,64,72299.484,4194304,0,0,1
butterfly,half_n65536,specialized,23,64,77498.703,4194304,0,0,1
butterfly,half_n65536,scalar_lanes,24,64,75278.656,4194304,0,0,1
butterfly,half_n65536,specialized,24,64,78201.812,4194304,0,0,1
butterfly,half_n65536,prepared,24,64,72757.812,4194304,0,0,1
butterfly,half_n65536,flock,24,64,74641.266,4194304,0,0,1
butterfly,half_n65536,shared,24,64,75654.297,4194304,0,0,1
butterfly,half_n65536,specialized,25,64,77976.562,4194304,0,0,1
butterfly,half_n65536,prepared,25,64,71289.719,4194304,0,0,1
butterfly,half_n65536,shared,25,64,76792.969,4194304,0,0,1
butterfly,half_n65536,flock,25,64,75500.656,4194304,0,0,1
butterfly,half_n65536,scalar_lanes,25,64,75197.266,4194304,0,0,1
butterfly,half_n65536,flock,26,64,75778.000,4194304,0,0,1
butterfly,half_n65536,shared,26,64,76074.219,4194304,0,0,1
butterfly,half_n65536,prepared,26,64,72153.000,4194304,0,0,1
butterfly,half_n65536,scalar_lanes,26,64,75337.891,4194304,0,0,1
butterfly,half_n65536,specialized,26,64,79121.094,4194304,0,0,1
butterfly,half_n65536,flock,27,64,75923.172,4194304,0,0,1
butterfly,half_n65536,scalar_lanes,27,64,75178.375,4194304,0,0,1
butterfly,half_n65536,specialized,27,64,78042.312,4194304,0,0,1
butterfly,half_n65536,shared,27,64,75213.547,4194304,0,0,1
butterfly,half_n65536,prepared,27,64,72520.828,4194304,0,0,1
butterfly,half_n65536,specialized,28,64,77384.766,4194304,0,0,1
butterfly,half_n65536,prepared,28,64,71087.891,4194304,0,0,1
butterfly,half_n65536,flock,28,64,76057.953,4194304,0,0,1
butterfly,half_n65536,scalar_lanes,28,64,75416.656,4194304,0,0,1
butterfly,half_n65536,shared,28,64,77434.891,4194304,0,0,1
butterfly,half_n65536,flock,29,64,75527.344,4194304,0,0,1
butterfly,half_n65536,prepared,29,64,71838.547,4194304,0,0,1
butterfly,half_n65536,specialized,29,64,78180.984,4194304,0,0,1
butterfly,half_n65536,shared,29,64,76056.000,4194304,0,0,1
butterfly,half_n65536,scalar_lanes,29,64,75684.906,4194304,0,0,1
butterfly,half_n65536,specialized,30,64,80233.719,4194304,0,0,1
butterfly,half_n65536,scalar_lanes,30,64,75053.375,4194304,0,0,1
butterfly,half_n65536,prepared,30,64,71874.344,4194304,0,0,1
butterfly,half_n65536,shared,30,64,75723.953,4194304,0,0,1
butterfly,half_n65536,flock,30,64,74689.453,4194304,0,0,1
butterfly,half_n65536,scalar_lanes,31,64,75426.438,4194304,0,0,1
butterfly,half_n65536,prepared,31,64,71272.781,4194304,0,0,1
butterfly,half_n65536,flock,31,64,75025.391,4194304,0,0,1
butterfly,half_n65536,specialized,31,64,76925.141,4194304,0,0,1
butterfly,half_n65536,shared,31,64,75693.359,4194304,0,0,1
fixed,half_n1048576,specialized,0,4,873697.750,33554432,0,0,1
fixed,half_n1048576,prepared,0,4,801791.750,33554432,0,0,1
fixed,half_n1048576,shared,0,4,884041.500,33554432,0,0,1
fixed,half_n1048576,scalar_lanes,0,4,871021.000,33554432,0,0,1
fixed,half_n1048576,flock,0,4,874708.500,33554432,0,0,1
fixed,half_n1048576,specialized,1,4,877510.500,33554432,0,0,1
fixed,half_n1048576,scalar_lanes,1,4,879072.750,33554432,0,0,1
fixed,half_n1048576,flock,1,4,874656.250,33554432,0,0,1
fixed,half_n1048576,prepared,1,4,814750.000,33554432,0,0,1
fixed,half_n1048576,shared,1,4,868177.000,33554432,0,0,1
fixed,half_n1048576,specialized,2,4,875218.750,33554432,0,0,1
fixed,half_n1048576,shared,2,4,866833.500,33554432,0,0,1
fixed,half_n1048576,flock,2,4,875281.250,33554432,0,0,1
fixed,half_n1048576,scalar_lanes,2,4,874604.000,33554432,0,0,1
fixed,half_n1048576,prepared,2,4,808885.500,33554432,0,0,1
fixed,half_n1048576,prepared,3,4,793614.500,33554432,0,0,1
fixed,half_n1048576,scalar_lanes,3,4,869541.500,33554432,0,0,1
fixed,half_n1048576,specialized,3,4,888020.750,33554432,0,0,1
fixed,half_n1048576,flock,3,4,858572.750,33554432,0,0,1
fixed,half_n1048576,shared,3,4,871927.000,33554432,0,0,1
fixed,half_n1048576,prepared,4,4,788593.750,33554432,0,0,1
fixed,half_n1048576,flock,4,4,882208.250,33554432,0,0,1
fixed,half_n1048576,shared,4,4,894500.000,33554432,0,0,1
fixed,half_n1048576,scalar_lanes,4,4,876812.500,33554432,0,0,1
fixed,half_n1048576,specialized,4,4,875500.000,33554432,0,0,1
fixed,half_n1048576,scalar_lanes,5,4,860333.500,33554432,0,0,1
fixed,half_n1048576,flock,5,4,857177.000,33554432,0,0,1
fixed,half_n1048576,prepared,5,4,799031.250,33554432,0,0,1
fixed,half_n1048576,specialized,5,4,887448.000,33554432,0,0,1
fixed,half_n1048576,shared,5,4,873843.750,33554432,0,0,1
fixed,half_n1048576,scalar_lanes,6,4,870281.250,33554432,0,0,1
fixed,half_n1048576,specialized,6,4,895218.750,33554432,0,0,1
fixed,half_n1048576,shared,6,4,863104.000,33554432,0,0,1
fixed,half_n1048576,flock,6,4,859468.750,33554432,0,0,1
fixed,half_n1048576,prepared,6,4,788510.500,33554432,0,0,1
fixed,half_n1048576,flock,7,4,873270.750,33554432,0,0,1
fixed,half_n1048576,shared,7,4,874895.750,33554432,0,0,1
fixed,half_n1048576,specialized,7,4,898427.000,33554432,0,0,1
fixed,half_n1048576,scalar_lanes,7,4,868896.000,33554432,0,0,1
fixed,half_n1048576,prepared,7,4,797177.250,33554432,0,0,1
fixed,half_n1048576,scalar_lanes,8,4,869937.500,33554432,0,0,1
fixed,half_n1048576,flock,8,4,864916.500,33554432,0,0,1
fixed,half_n1048576,prepared,8,4,784041.500,33554432,0,0,1
fixed,half_n1048576,specialized,8,4,892062.500,33554432,0,0,1
fixed,half_n1048576,shared,8,4,875083.250,33554432,0,0,1
fixed,half_n1048576,specialized,9,4,876270.750,33554432,0,0,1
fixed,half_n1048576,scalar_lanes,9,4,858916.750,33554432,0,0,1
fixed,half_n1048576,flock,9,4,878864.500,33554432,0,0,1
fixed,half_n1048576,shared,9,4,858073.000,33554432,0,0,1
fixed,half_n1048576,prepared,9,4,773739.500,33554432,0,0,1
fixed,half_n1048576,flock,10,4,857562.500,33554432,0,0,1
fixed,half_n1048576,prepared,10,4,786677.000,33554432,0,0,1
fixed,half_n1048576,scalar_lanes,10,4,909802.250,33554432,0,0,1
fixed,half_n1048576,specialized,10,4,902041.750,33554432,0,0,1
fixed,half_n1048576,shared,10,4,936989.750,33554432,0,0,1
fixed,half_n1048576,scalar_lanes,11,4,895896.000,33554432,0,0,1
fixed,half_n1048576,prepared,11,4,815958.250,33554432,0,0,1
fixed,half_n1048576,shared,11,4,909531.250,33554432,0,0,1
fixed,half_n1048576,flock,11,4,852885.500,33554432,0,0,1
fixed,half_n1048576,specialized,11,4,890531.250,33554432,0,0,1
fixed,half_n1048576,shared,12,4,867687.500,33554432,0,0,1
fixed,half_n1048576,specialized,12,4,907583.500,33554432,0,0,1
fixed,half_n1048576,flock,12,4,868156.250,33554432,0,0,1
fixed,half_n1048576,scalar_lanes,12,4,872312.500,33554432,0,0,1
fixed,half_n1048576,prepared,12,4,789250.000,33554432,0,0,1
fixed,half_n1048576,specialized,13,4,902271.000,33554432,0,0,1
fixed,half_n1048576,shared,13,4,875781.250,33554432,0,0,1
fixed,half_n1048576,prepared,13,4,796343.750,33554432,0,0,1
fixed,half_n1048576,scalar_lanes,13,4,881906.250,33554432,0,0,1
fixed,half_n1048576,flock,13,4,863270.750,33554432,0,0,1
fixed,half_n1048576,shared,14,4,877458.250,33554432,0,0,1
fixed,half_n1048576,flock,14,4,865489.500,33554432,0,0,1
fixed,half_n1048576,scalar_lanes,14,4,880593.750,33554432,0,0,1
fixed,half_n1048576,prepared,14,4,793083.500,33554432,0,0,1
fixed,half_n1048576,specialized,14,4,898885.500,33554432,0,0,1
fixed,half_n1048576,specialized,15,4,892479.000,33554432,0,0,1
fixed,half_n1048576,flock,15,4,875073.000,33554432,0,0,1
fixed,half_n1048576,scalar_lanes,15,4,872458.250,33554432,0,0,1
fixed,half_n1048576,prepared,15,4,792229.250,33554432,0,0,1
fixed,half_n1048576,shared,15,4,865083.250,33554432,0,0,1
fixed,half_n1048576,prepared,16,4,780500.000,33554432,0,0,1
fixed,half_n1048576,shared,16,4,860989.500,33554432,0,0,1
fixed,half_n1048576,specialized,16,4,919468.750,33554432,0,0,1
fixed,half_n1048576,scalar_lanes,16,4,869854.250,33554432,0,0,1
fixed,half_n1048576,flock,16,4,864395.750,33554432,0,0,1
fixed,half_n1048576,scalar_lanes,17,4,879437.500,33554432,0,0,1
fixed,half_n1048576,flock,17,4,892521.000,33554432,0,0,1
fixed,half_n1048576,prepared,17,4,811250.000,33554432,0,0,1
fixed,half_n1048576,shared,17,4,875031.250,33554432,0,0,1
fixed,half_n1048576,specialized,17,4,878416.750,33554432,0,0,1
fixed,half_n1048576,prepared,18,4,806052.000,33554432,0,0,1
fixed,half_n1048576,flock,18,4,879552.000,33554432,0,0,1
fixed,half_n1048576,scalar_lanes,18,4,867583.250,33554432,0,0,1
fixed,half_n1048576,specialized,18,4,880698.000,33554432,0,0,1
fixed,half_n1048576,shared,18,4,888375.000,33554432,0,0,1
fixed,half_n1048576,shared,19,4,892218.750,33554432,0,0,1
fixed,half_n1048576,flock,19,4,863010.500,33554432,0,0,1
fixed,half_n1048576,specialized,19,4,880021.000,33554432,0,0,1
fixed,half_n1048576,prepared,19,4,821229.250,33554432,0,0,1
fixed,half_n1048576,scalar_lanes,19,4,877198.000,33554432,0,0,1
fixed,half_n1048576,scalar_lanes,20,4,864583.500,33554432,0,0,1
fixed,half_n1048576,flock,20,4,857395.750,33554432,0,0,1
fixed,half_n1048576,specialized,20,4,900270.750,33554432,0,0,1
fixed,half_n1048576,prepared,20,4,808593.750,33554432,0,0,1
fixed,half_n1048576,shared,20,4,883677.000,33554432,0,0,1
fixed,half_n1048576,scalar_lanes,21,4,862666.750,33554432,0,0,1
fixed,half_n1048576,flock,21,4,841271.000,33554432,0,0,1
fixed,half_n1048576,shared,21,4,876395.750,33554432,0,0,1
fixed,half_n1048576,prepared,21,4,801687.500,33554432,0,0,1
fixed,half_n1048576,specialized,21,4,881031.250,33554432,0,0,1
fixed,half_n1048576,prepared,22,4,786385.500,33554432,0,0,1
fixed,half_n1048576,flock,22,4,877239.750,33554432,0,0,1
fixed,half_n1048576,specialized,22,4,887145.750,33554432,0,0,1
fixed,half_n1048576,scalar_lanes,22,4,868208.250,33554432,0,0,1
fixed,half_n1048576,shared,22,4,874489.500,33554432,0,0,1
fixed,half_n1048576,flock,23,4,871271.000,33554432,0,0,1
fixed,half_n1048576,shared,23,4,852583.250,33554432,0,0,1
fixed,half_n1048576,scalar_lanes,23,4,869197.750,33554432,0,0,1
fixed,half_n1048576,specialized,23,4,879833.250,33554432,0,0,1
fixed,half_n1048576,prepared,23,4,778375.000,33554432,0,0,1
fixed,half_n1048576,specialized,24,4,867145.750,33554432,0,0,1
fixed,half_n1048576,shared,24,4,864239.500,33554432,0,0,1
fixed,half_n1048576,scalar_lanes,24,4,862041.750,33554432,0,0,1
fixed,half_n1048576,flock,24,4,855677.000,33554432,0,0,1
fixed,half_n1048576,prepared,24,4,779281.250,33554432,0,0,1
fixed,half_n1048576,flock,25,4,854395.750,33554432,0,0,1
fixed,half_n1048576,shared,25,4,853697.750,33554432,0,0,1
fixed,half_n1048576,specialized,25,4,868312.500,33554432,0,0,1
fixed,half_n1048576,prepared,25,4,775750.000,33554432,0,0,1
fixed,half_n1048576,scalar_lanes,25,4,865312.500,33554432,0,0,1
fixed,half_n1048576,scalar_lanes,26,4,865510.250,33554432,0,0,1
fixed,half_n1048576,prepared,26,4,833895.750,33554432,0,0,1
fixed,half_n1048576,shared,26,4,858406.250,33554432,0,0,1
fixed,half_n1048576,flock,26,4,869396.000,33554432,0,0,1
fixed,half_n1048576,specialized,26,4,885781.250,33554432,0,0,1
fixed,half_n1048576,shared,27,4,861323.000,33554432,0,0,1
fixed,half_n1048576,scalar_lanes,27,4,854114.500,33554432,0,0,1
fixed,half_n1048576,specialized,27,4,869656.250,33554432,0,0,1
fixed,half_n1048576,flock,27,4,860854.250,33554432,0,0,1
fixed,half_n1048576,prepared,27,4,770010.250,33554432,0,0,1
fixed,half_n1048576,flock,28,4,857739.750,33554432,0,0,1
fixed,half_n1048576,specialized,28,4,865562.500,33554432,0,0,1
fixed,half_n1048576,shared,28,4,864510.250,33554432,0,0,1
fixed,half_n1048576,prepared,28,4,773093.750,33554432,0,0,1
fixed,half_n1048576,scalar_lanes,28,4,855031.250,33554432,0,0,1
fixed,half_n1048576,flock,29,4,867698.000,33554432,0,0,1
fixed,half_n1048576,scalar_lanes,29,4,864635.250,33554432,0,0,1
fixed,half_n1048576,shared,29,4,855229.250,33554432,0,0,1
fixed,half_n1048576,specialized,29,4,879041.500,33554432,0,0,1
fixed,half_n1048576,prepared,29,4,780958.500,33554432,0,0,1
fixed,half_n1048576,shared,30,4,862718.750,33554432,0,0,1
fixed,half_n1048576,prepared,30,4,788541.750,33554432,0,0,1
fixed,half_n1048576,scalar_lanes,30,4,864916.750,33554432,0,0,1
fixed,half_n1048576,specialized,30,4,885187.500,33554432,0,0,1
fixed,half_n1048576,flock,30,4,855677.000,33554432,0,0,1
fixed,half_n1048576,prepared,31,4,784218.750,33554432,0,0,1
fixed,half_n1048576,specialized,31,4,879697.750,33554432,0,0,1
fixed,half_n1048576,shared,31,4,859270.750,33554432,0,0,1
fixed,half_n1048576,scalar_lanes,31,4,857958.500,33554432,0,0,1
fixed,half_n1048576,flock,31,4,862135.250,33554432,0,0,1
butterfly,half_n1048576,shared,0,4,1202041.750,67108864,0,0,1
butterfly,half_n1048576,flock,0,4,1208114.750,67108864,0,0,1
butterfly,half_n1048576,scalar_lanes,0,4,1217812.500,67108864,0,0,1
butterfly,half_n1048576,specialized,0,4,1278114.500,67108864,0,0,1
butterfly,half_n1048576,prepared,0,4,1167604.000,67108864,0,0,1
butterfly,half_n1048576,shared,1,4,1216625.000,67108864,0,0,1
butterfly,half_n1048576,specialized,1,4,1273406.250,67108864,0,0,1
butterfly,half_n1048576,prepared,1,4,1186927.250,67108864,0,0,1
butterfly,half_n1048576,scalar_lanes,1,4,1235875.000,67108864,0,0,1
butterfly,half_n1048576,flock,1,4,1220510.500,67108864,0,0,1
butterfly,half_n1048576,prepared,2,4,1170437.500,67108864,0,0,1
butterfly,half_n1048576,scalar_lanes,2,4,1218750.000,67108864,0,0,1
butterfly,half_n1048576,specialized,2,4,1251208.250,67108864,0,0,1
butterfly,half_n1048576,flock,2,4,1214104.250,67108864,0,0,1
butterfly,half_n1048576,shared,2,4,1263250.000,67108864,0,0,1
butterfly,half_n1048576,prepared,3,4,1186604.250,67108864,0,0,1
butterfly,half_n1048576,shared,3,4,1231239.500,67108864,0,0,1
butterfly,half_n1048576,scalar_lanes,3,4,1204604.250,67108864,0,0,1
butterfly,half_n1048576,specialized,3,4,1277020.750,67108864,0,0,1
butterfly,half_n1048576,flock,3,4,1216812.500,67108864,0,0,1
butterfly,half_n1048576,prepared,4,4,1171375.000,67108864,0,0,1
butterfly,half_n1048576,shared,4,4,1246843.750,67108864,0,0,1
butterfly,half_n1048576,flock,4,4,1240343.750,67108864,0,0,1
butterfly,half_n1048576,scalar_lanes,4,4,1226302.000,67108864,0,0,1
butterfly,half_n1048576,specialized,4,4,1273125.000,67108864,0,0,1
butterfly,half_n1048576,flock,5,4,1244281.250,67108864,0,0,1
butterfly,half_n1048576,specialized,5,4,1273833.250,67108864,0,0,1
butterfly,half_n1048576,scalar_lanes,5,4,1224260.500,67108864,0,0,1
butterfly,half_n1048576,shared,5,4,1236364.500,67108864,0,0,1
butterfly,half_n1048576,prepared,5,4,1164375.000,67108864,0,0,1
butterfly,half_n1048576,prepared,6,4,1173687.500,67108864,0,0,1
butterfly,half_n1048576,flock,6,4,1239833.250,67108864,0,0,1
butterfly,half_n1048576,shared,6,4,1217385.500,67108864,0,0,1
butterfly,half_n1048576,scalar_lanes,6,4,1203073.000,67108864,0,0,1
butterfly,half_n1048576,specialized,6,4,1289177.000,67108864,0,0,1
butterfly,half_n1048576,flock,7,4,1232239.500,67108864,0,0,1
butterfly,half_n1048576,prepared,7,4,1160114.500,67108864,0,0,1
butterfly,half_n1048576,scalar_lanes,7,4,1207552.000,67108864,0,0,1
butterfly,half_n1048576,specialized,7,4,1288750.000,67108864,0,0,1
butterfly,half_n1048576,shared,7,4,1232270.750,67108864,0,0,1
butterfly,half_n1048576,shared,8,4,1211000.000,67108864,0,0,1
butterfly,half_n1048576,scalar_lanes,8,4,1241031.250,67108864,0,0,1
butterfly,half_n1048576,specialized,8,4,1284916.750,67108864,0,0,1
butterfly,half_n1048576,prepared,8,4,1169573.000,67108864,0,0,1
butterfly,half_n1048576,flock,8,4,1218447.750,67108864,0,0,1
butterfly,half_n1048576,prepared,9,4,1196385.500,67108864,0,0,1
butterfly,half_n1048576,flock,9,4,1229333.500,67108864,0,0,1
butterfly,half_n1048576,scalar_lanes,9,4,1212989.500,67108864,0,0,1
butterfly,half_n1048576,specialized,9,4,1279802.000,67108864,0,0,1
butterfly,half_n1048576,shared,9,4,1219468.750,67108864,0,0,1
butterfly,half_n1048576,prepared,10,4,1172010.250,67108864,0,0,1
butterfly,half_n1048576,shared,10,4,1226791.500,67108864,0,0,1
butterfly,half_n1048576,specialized,10,4,1265479.000,67108864,0,0,1
butterfly,half_n1048576,flock,10,4,1214739.750,67108864,0,0,1
butterfly,half_n1048576,scalar_lanes,10,4,1214343.750,67108864,0,0,1
butterfly,half_n1048576,prepared,11,4,1181239.500,67108864,0,0,1
butterfly,half_n1048576,specialized,11,4,1255020.750,67108864,0,0,1
butterfly,half_n1048576,flock,11,4,1204197.750,67108864,0,0,1
butterfly,half_n1048576,scalar_lanes,11,4,1232114.500,67108864,0,0,1
butterfly,half_n1048576,shared,11,4,1236500.000,67108864,0,0,1
butterfly,half_n1048576,prepared,12,4,1172979.250,67108864,0,0,1
butterfly,half_n1048576,flock,12,4,1233281.250,67108864,0,0,1
butterfly,half_n1048576,scalar_lanes,12,4,1221750.000,67108864,0,0,1
butterfly,half_n1048576,shared,12,4,1228843.750,67108864,0,0,1
butterfly,half_n1048576,specialized,12,4,1267406.250,67108864,0,0,1
butterfly,half_n1048576,flock,13,4,1222239.750,67108864,0,0,1
butterfly,half_n1048576,specialized,13,4,1250572.750,67108864,0,0,1
butterfly,half_n1048576,scalar_lanes,13,4,1226739.500,67108864,0,0,1
butterfly,half_n1048576,prepared,13,4,1159229.000,67108864,0,0,1
butterfly,half_n1048576,shared,13,4,1227708.500,67108864,0,0,1
butterfly,half_n1048576,specialized,14,4,1257614.750,67108864,0,0,1
butterfly,half_n1048576,scalar_lanes,14,4,1231000.000,67108864,0,0,1
butterfly,half_n1048576,flock,14,4,1222791.750,67108864,0,0,1
butterfly,half_n1048576,shared,14,4,1244406.250,67108864,0,0,1
butterfly,half_n1048576,prepared,14,4,1160604.250,67108864,0,0,1
butterfly,half_n1048576,scalar_lanes,15,4,1256645.750,67108864,0,0,1
butterfly,half_n1048576,flock,15,4,1309260.250,67108864,0,0,1
butterfly,half_n1048576,specialized,15,4,1288823.000,67108864,0,0,1
butterfly,half_n1048576,prepared,15,4,1254937.500,67108864,0,0,1
butterfly,half_n1048576,shared,15,4,1232208.500,67108864,0,0,1
butterfly,half_n1048576,scalar_lanes,16,4,1258802.000,67108864,0,0,1
butterfly,half_n1048576,shared,16,4,1238437.500,67108864,0,0,1
butterfly,half_n1048576,flock,16,4,1267989.500,67108864,0,0,1
butterfly,half_n1048576,specialized,16,4,1282614.750,67108864,0,0,1
butterfly,half_n1048576,prepared,16,4,1178989.500,67108864,0,0,1
butterfly,half_n1048576,flock,17,4,1233750.000,67108864,0,0,1
butterfly,half_n1048576,scalar_lanes,17,4,1226375.000,67108864,0,0,1
butterfly,half_n1048576,prepared,17,4,1184531.250,67108864,0,0,1
butterfly,half_n1048576,shared,17,4,1242958.250,67108864,0,0,1
butterfly,half_n1048576,specialized,17,4,1257198.000,67108864,0,0,1
butterfly,half_n1048576,specialized,18,4,1285489.500,67108864,0,0,1
butterfly,half_n1048576,shared,18,4,1232010.250,67108864,0,0,1
butterfly,half_n1048576,scalar_lanes,18,4,1237646.000,67108864,0,0,1
butterfly,half_n1048576,flock,18,4,1221948.000,67108864,0,0,1
butterfly,half_n1048576,prepared,18,4,1205291.500,67108864,0,0,1
butterfly,half_n1048576,scalar_lanes,19,4,1232864.750,67108864,0,0,1
butterfly,half_n1048576,specialized,19,4,1278354.000,67108864,0,0,1
butterfly,half_n1048576,prepared,19,4,1185093.750,67108864,0,0,1
butterfly,half_n1048576,shared,19,4,1246625.000,67108864,0,0,1
butterfly,half_n1048576,flock,19,4,1226625.000,67108864,0,0,1
butterfly,half_n1048576,scalar_lanes,20,4,1246885.500,67108864,0,0,1
butterfly,half_n1048576,prepared,20,4,1182979.250,67108864,0,0,1
butterfly,half_n1048576,shared,20,4,1238843.750,67108864,0,0,1
butterfly,half_n1048576,flock,20,4,1252531.250,67108864,0,0,1
butterfly,half_n1048576,specialized,20,4,1293427.000,67108864,0,0,1
butterfly,half_n1048576,specialized,21,4,1281906.250,67108864,0,0,1
butterfly,half_n1048576,scalar_lanes,21,4,1258698.000,67108864,0,0,1
butterfly,half_n1048576,flock,21,4,1251875.000,67108864,0,0,1
butterfly,half_n1048576,shared,21,4,1259968.750,67108864,0,0,1
butterfly,half_n1048576,prepared,21,4,1192906.250,67108864,0,0,1
butterfly,half_n1048576,flock,22,4,1225302.250,67108864,0,0,1
butterfly,half_n1048576,specialized,22,4,1276958.500,67108864,0,0,1
butterfly,half_n1048576,prepared,22,4,1168406.250,67108864,0,0,1
butterfly,half_n1048576,shared,22,4,1249135.500,67108864,0,0,1
butterfly,half_n1048576,scalar_lanes,22,4,1222625.000,67108864,0,0,1
butterfly,half_n1048576,flock,23,4,1231750.000,67108864,0,0,1
butterfly,half_n1048576,scalar_lanes,23,4,1216864.500,67108864,0,0,1
butterfly,half_n1048576,specialized,23,4,1247354.250,67108864,0,0,1
butterfly,half_n1048576,prepared,23,4,1236354.250,67108864,0,0,1
butterfly,half_n1048576,shared,23,4,1218708.250,67108864,0,0,1
butterfly,half_n1048576,specialized,24,4,1314000.000,67108864,0,0,1
butterfly,half_n1048576,shared,24,4,1210843.750,67108864,0,0,1
butterfly,half_n1048576,flock,24,4,1234177.250,67108864,0,0,1
butterfly,half_n1048576,scalar_lanes,24,4,1250625.000,67108864,0,0,1
butterfly,half_n1048576,prepared,24,4,1165114.750,67108864,0,0,1
butterfly,half_n1048576,prepared,25,4,1182239.500,67108864,0,0,1
butterfly,half_n1048576,specialized,25,4,1291625.000,67108864,0,0,1
butterfly,half_n1048576,scalar_lanes,25,4,1235291.750,67108864,0,0,1
butterfly,half_n1048576,shared,25,4,1254885.250,67108864,0,0,1
butterfly,half_n1048576,flock,25,4,1240864.750,67108864,0,0,1
butterfly,half_n1048576,flock,26,4,1262218.750,67108864,0,0,1
butterfly,half_n1048576,specialized,26,4,1279677.250,67108864,0,0,1
butterfly,half_n1048576,scalar_lanes,26,4,1255020.750,67108864,0,0,1
butterfly,half_n1048576,prepared,26,4,1189270.750,67108864,0,0,1
butterfly,half_n1048576,shared,26,4,1250885.500,67108864,0,0,1
butterfly,half_n1048576,prepared,27,4,1194041.750,67108864,0,0,1
butterfly,half_n1048576,specialized,27,4,1290781.250,67108864,0,0,1
butterfly,half_n1048576,scalar_lanes,27,4,1249364.500,67108864,0,0,1
butterfly,half_n1048576,shared,27,4,1252541.750,67108864,0,0,1
butterfly,half_n1048576,flock,27,4,1249770.750,67108864,0,0,1
butterfly,half_n1048576,shared,28,4,1249687.500,67108864,0,0,1
butterfly,half_n1048576,flock,28,4,1229541.750,67108864,0,0,1
butterfly,half_n1048576,prepared,28,4,1196635.500,67108864,0,0,1
butterfly,half_n1048576,scalar_lanes,28,4,1236479.250,67108864,0,0,1
butterfly,half_n1048576,specialized,28,4,1282146.000,67108864,0,0,1
butterfly,half_n1048576,prepared,29,4,1190177.000,67108864,0,0,1
butterfly,half_n1048576,scalar_lanes,29,4,1225770.750,67108864,0,0,1
butterfly,half_n1048576,shared,29,4,1210906.250,67108864,0,0,1
butterfly,half_n1048576,specialized,29,4,1281250.000,67108864,0,0,1
butterfly,half_n1048576,flock,29,4,1216541.500,67108864,0,0,1
butterfly,half_n1048576,scalar_lanes,30,4,1211979.250,67108864,0,0,1
butterfly,half_n1048576,flock,30,4,1205885.500,67108864,0,0,1
butterfly,half_n1048576,prepared,30,4,1155072.750,67108864,0,0,1
butterfly,half_n1048576,specialized,30,4,1274510.500,67108864,0,0,1
butterfly,half_n1048576,shared,30,4,1209229.250,67108864,0,0,1
butterfly,half_n1048576,flock,31,4,1239875.000,67108864,0,0,1
butterfly,half_n1048576,prepared,31,4,1182364.500,67108864,0,0,1
butterfly,half_n1048576,shared,31,4,1268312.500,67108864,0,0,1
butterfly,half_n1048576,scalar_lanes,31,4,1228802.250,67108864,0,0,1
butterfly,half_n1048576,specialized,31,4,1299541.750,67108864,0,0,1
fixed_prepare,full,existing_prepare,0,1048576,1.143,32,0,0,1
fixed_prepare,full,existing_prepare,1,1048576,1.144,32,0,0,1
fixed_prepare,full,existing_prepare,2,1048576,1.152,32,0,0,1
fixed_prepare,full,existing_prepare,3,1048576,1.144,32,0,0,1
fixed_prepare,full,existing_prepare,4,1048576,1.143,32,0,0,1
fixed_prepare,full,existing_prepare,5,1048576,1.158,32,0,0,1
fixed_prepare,full,existing_prepare,6,1048576,1.170,32,0,0,1
fixed_prepare,full,existing_prepare,7,1048576,1.150,32,0,0,1
fixed_prepare,full,existing_prepare,8,1048576,1.155,32,0,0,1
fixed_prepare,full,existing_prepare,9,1048576,1.146,32,0,0,1
fixed_prepare,full,existing_prepare,10,1048576,1.155,32,0,0,1
fixed_prepare,full,existing_prepare,11,1048576,1.150,32,0,0,1
fixed_prepare,full,existing_prepare,12,1048576,1.157,32,0,0,1
fixed_prepare,full,existing_prepare,13,1048576,1.150,32,0,0,1
fixed_prepare,full,existing_prepare,14,1048576,1.150,32,0,0,1
fixed_prepare,full,existing_prepare,15,1048576,1.157,32,0,0,1
fixed_prepare,full,existing_prepare,16,1048576,1.158,32,0,0,1
fixed_prepare,full,existing_prepare,17,1048576,1.169,32,0,0,1
fixed_prepare,full,existing_prepare,18,1048576,1.160,32,0,0,1
fixed_prepare,full,existing_prepare,19,1048576,1.156,32,0,0,1
fixed_prepare,full,existing_prepare,20,1048576,1.152,32,0,0,1
fixed_prepare,full,existing_prepare,21,1048576,1.147,32,0,0,1
fixed_prepare,full,existing_prepare,22,1048576,1.147,32,0,0,1
fixed_prepare,full,existing_prepare,23,1048576,1.161,32,0,0,1
fixed_prepare,full,existing_prepare,24,1048576,1.171,32,0,0,1
fixed_prepare,full,existing_prepare,25,1048576,1.169,32,0,0,1
fixed_prepare,full,existing_prepare,26,1048576,1.162,32,0,0,1
fixed_prepare,full,existing_prepare,27,1048576,1.163,32,0,0,1
fixed_prepare,full,existing_prepare,28,1048576,1.149,32,0,0,1
fixed_prepare,full,existing_prepare,29,1048576,1.145,32,0,0,1
fixed_prepare,full,existing_prepare,30,1048576,1.150,32,0,0,1
fixed_prepare,full,existing_prepare,31,1048576,1.166,32,0,0,1
fixed,full_n16,prepared,0,262144,14.556,512,0,0,1
fixed,full_n16,specialized,0,262144,15.101,512,0,0,1
fixed,full_n16,flock,0,262144,15.374,512,0,0,1
fixed,full_n16,shared,0,262144,15.530,512,0,0,1
fixed,full_n16,scalar_lanes,0,262144,15.697,512,0,0,1
fixed,full_n16,scalar_lanes,1,262144,15.595,512,0,0,1
fixed,full_n16,specialized,1,262144,15.062,512,0,0,1
fixed,full_n16,shared,1,262144,15.446,512,0,0,1
fixed,full_n16,prepared,1,262144,14.409,512,0,0,1
fixed,full_n16,flock,1,262144,15.395,512,0,0,1
fixed,full_n16,prepared,2,262144,14.376,512,0,0,1
fixed,full_n16,scalar_lanes,2,262144,15.678,512,0,0,1
fixed,full_n16,shared,2,262144,15.539,512,0,0,1
fixed,full_n16,specialized,2,262144,15.024,512,0,0,1
fixed,full_n16,flock,2,262144,15.216,512,0,0,1
fixed,full_n16,shared,3,262144,15.525,512,0,0,1
fixed,full_n16,prepared,3,262144,14.442,512,0,0,1
fixed,full_n16,scalar_lanes,3,262144,15.701,512,0,0,1
fixed,full_n16,specialized,3,262144,15.040,512,0,0,1
fixed,full_n16,flock,3,262144,15.315,512,0,0,1
fixed,full_n16,prepared,4,262144,14.489,512,0,0,1
fixed,full_n16,scalar_lanes,4,262144,15.674,512,0,0,1
fixed,full_n16,flock,4,262144,15.224,512,0,0,1
fixed,full_n16,specialized,4,262144,15.132,512,0,0,1
fixed,full_n16,shared,4,262144,15.504,512,0,0,1
fixed,full_n16,shared,5,262144,15.410,512,0,0,1
fixed,full_n16,specialized,5,262144,14.912,512,0,0,1
fixed,full_n16,prepared,5,262144,14.347,512,0,0,1
fixed,full_n16,scalar_lanes,5,262144,15.575,512,0,0,1
fixed,full_n16,flock,5,262144,15.203,512,0,0,1
fixed,full_n16,flock,6,262144,15.178,512,0,0,1
fixed,full_n16,specialized,6,262144,14.888,512,0,0,1
fixed,full_n16,scalar_lanes,6,262144,15.621,512,0,0,1
fixed,full_n16,shared,6,262144,15.355,512,0,0,1
fixed,full_n16,prepared,6,262144,14.427,512,0,0,1
fixed,full_n16,scalar_lanes,7,262144,15.652,512,0,0,1
fixed,full_n16,prepared,7,262144,14.431,512,0,0,1
fixed,full_n16,flock,7,262144,15.248,512,0,0,1
fixed,full_n16,specialized,7,262144,14.966,512,0,0,1
fixed,full_n16,shared,7,262144,15.452,512,0,0,1
fixed,full_n16,prepared,8,262144,14.379,512,0,0,1
fixed,full_n16,scalar_lanes,8,262144,15.635,512,0,0,1
fixed,full_n16,flock,8,262144,15.283,512,0,0,1
fixed,full_n16,specialized,8,262144,14.947,512,0,0,1
fixed,full_n16,shared,8,262144,15.475,512,0,0,1
fixed,full_n16,scalar_lanes,9,262144,15.645,512,0,0,1
fixed,full_n16,specialized,9,262144,14.935,512,0,0,1
fixed,full_n16,shared,9,262144,15.563,512,0,0,1
fixed,full_n16,prepared,9,262144,14.497,512,0,0,1
fixed,full_n16,flock,9,262144,15.698,512,0,0,1
fixed,full_n16,prepared,10,262144,14.453,512,0,0,1
fixed,full_n16,specialized,10,262144,14.776,512,0,0,1
fixed,full_n16,shared,10,262144,15.532,512,0,0,1
fixed,full_n16,flock,10,262144,15.454,512,0,0,1
fixed,full_n16,scalar_lanes,10,262144,15.735,512,0,0,1
fixed,full_n16,prepared,11,262144,14.545,512,0,0,1
fixed,full_n16,shared,11,262144,15.326,512,0,0,1
fixed,full_n16,flock,11,262144,15.047,512,0,0,1
fixed,full_n16,scalar_lanes,11,262144,15.560,512,0,0,1
fixed,full_n16,specialized,11,262144,15.076,512,0,0,1
fixed,full_n16,prepared,12,262144,14.204,512,0,0,1
fixed,full_n16,specialized,12,262144,15.041,512,0,0,1
fixed,full_n16,scalar_lanes,12,262144,15.517,512,0,0,1
fixed,full_n16,shared,12,262144,15.305,512,0,0,1
fixed,full_n16,flock,12,262144,15.101,512,0,0,1
fixed,full_n16,prepared,13,262144,14.347,512,0,0,1
fixed,full_n16,specialized,13,262144,15.099,512,0,0,1
fixed,full_n16,shared,13,262144,15.548,512,0,0,1
fixed,full_n16,scalar_lanes,13,262144,15.782,512,0,0,1
fixed,full_n16,flock,13,262144,15.294,512,0,0,1
fixed,full_n16,scalar_lanes,14,262144,15.775,512,0,0,1
fixed,full_n16,specialized,14,262144,15.061,512,0,0,1
fixed,full_n16,flock,14,262144,15.381,512,0,0,1
fixed,full_n16,shared,14,262144,15.447,512,0,0,1
fixed,full_n16,prepared,14,262144,14.400,512,0,0,1
fixed,full_n16,shared,15,262144,15.479,512,0,0,1
fixed,full_n16,prepared,15,262144,14.421,512,0,0,1
fixed,full_n16,specialized,15,262144,15.021,512,0,0,1
fixed,full_n16,scalar_lanes,15,262144,15.684,512,0,0,1
fixed,full_n16,flock,15,262144,15.358,512,0,0,1
fixed,full_n16,scalar_lanes,16,262144,15.765,512,0,0,1
fixed,full_n16,flock,16,262144,15.276,512,0,0,1
fixed,full_n16,shared,16,262144,15.468,512,0,0,1
fixed,full_n16,prepared,16,262144,14.378,512,0,0,1
fixed,full_n16,specialized,16,262144,14.947,512,0,0,1
fixed,full_n16,specialized,17,262144,14.991,512,0,0,1
fixed,full_n16,scalar_lanes,17,262144,15.732,512,0,0,1
fixed,full_n16,flock,17,262144,15.280,512,0,0,1
fixed,full_n16,prepared,17,262144,14.453,512,0,0,1
fixed,full_n16,shared,17,262144,15.531,512,0,0,1
fixed,full_n16,scalar_lanes,18,262144,15.680,512,0,0,1
fixed,full_n16,prepared,18,262144,14.503,512,0,0,1
fixed,full_n16,shared,18,262144,15.447,512,0,0,1
fixed,full_n16,specialized,18,262144,15.004,512,0,0,1
fixed,full_n16,flock,18,262144,15.322,512,0,0,1
fixed,full_n16,flock,19,262144,15.405,512,0,0,1
fixed,full_n16,specialized,19,262144,15.101,512,0,0,1
fixed,full_n16,shared,19,262144,15.517,512,0,0,1
fixed,full_n16,prepared,19,262144,14.438,512,0,0,1
fixed,full_n16,scalar_lanes,19,262144,15.747,512,0,0,1
fixed,full_n16,scalar_lanes,20,262144,15.711,512,0,0,1
fixed,full_n16,flock,20,262144,15.274,512,0,0,1
fixed,full_n16,specialized,20,262144,14.889,512,0,0,1
fixed,full_n16,prepared,20,262144,14.356,512,0,0,1
fixed,full_n16,shared,20,262144,15.334,512,0,0,1
fixed,full_n16,prepared,21,262144,14.303,512,0,0,1
fixed,full_n16,specialized,21,262144,14.927,512,0,0,1
fixed,full_n16,shared,21,262144,15.378,512,0,0,1
fixed,full_n16,flock,21,262144,15.237,512,0,0,1
fixed,full_n16,scalar_lanes,21,262144,15.666,512,0,0,1
fixed,full_n16,flock,22,262144,15.310,512,0,0,1
fixed,full_n16,shared,22,262144,15.415,512,0,0,1
fixed,full_n16,prepared,22,262144,14.346,512,0,0,1
fixed,full_n16,specialized,22,262144,14.899,512,0,0,1
fixed,full_n16,scalar_lanes,22,262144,15.615,512,0,0,1
fixed,full_n16,flock,23,262144,15.322,512,0,0,1
fixed,full_n16,shared,23,262144,15.435,512,0,0,1
fixed,full_n16,prepared,23,262144,14.387,512,0,0,1
fixed,full_n16,specialized,23,262144,14.903,512,0,0,1
fixed,full_n16,scalar_lanes,23,262144,15.601,512,0,0,1
fixed,full_n16,prepared,24,262144,14.491,512,0,0,1
fixed,full_n16,scalar_lanes,24,262144,15.707,512,0,0,1
fixed,full_n16,specialized,24,262144,14.967,512,0,0,1
fixed,full_n16,flock,24,262144,15.232,512,0,0,1
fixed,full_n16,shared,24,262144,15.361,512,0,0,1
fixed,full_n16,flock,25,262144,15.279,512,0,0,1
fixed,full_n16,prepared,25,262144,14.457,512,0,0,1
fixed,full_n16,scalar_lanes,25,262144,15.698,512,0,0,1
fixed,full_n16,specialized,25,262144,14.968,512,0,0,1
fixed,full_n16,shared,25,262144,15.359,512,0,0,1
fixed,full_n16,flock,26,262144,15.228,512,0,0,1
fixed,full_n16,specialized,26,262144,14.992,512,0,0,1
fixed,full_n16,scalar_lanes,26,262144,15.714,512,0,0,1
fixed,full_n16,prepared,26,262144,14.392,512,0,0,1
fixed,full_n16,shared,26,262144,15.394,512,0,0,1
fixed,full_n16,prepared,27,262144,14.368,512,0,0,1
fixed,full_n16,flock,27,262144,15.262,512,0,0,1
fixed,full_n16,specialized,27,262144,14.940,512,0,0,1
fixed,full_n16,shared,27,262144,15.470,512,0,0,1
fixed,full_n16,scalar_lanes,27,262144,15.632,512,0,0,1
fixed,full_n16,prepared,28,262144,14.368,512,0,0,1
fixed,full_n16,flock,28,262144,15.199,512,0,0,1
fixed,full_n16,shared,28,262144,15.429,512,0,0,1
fixed,full_n16,scalar_lanes,28,262144,15.680,512,0,0,1
fixed,full_n16,specialized,28,262144,14.992,512,0,0,1
fixed,full_n16,scalar_lanes,29,262144,15.640,512,0,0,1
fixed,full_n16,prepared,29,262144,14.362,512,0,0,1
fixed,full_n16,flock,29,262144,15.230,512,0,0,1
fixed,full_n16,shared,29,262144,15.381,512,0,0,1
fixed,full_n16,specialized,29,262144,14.908,512,0,0,1
fixed,full_n16,flock,30,262144,15.213,512,0,0,1
fixed,full_n16,specialized,30,262144,14.967,512,0,0,1
fixed,full_n16,prepared,30,262144,14.359,512,0,0,1
fixed,full_n16,scalar_lanes,30,262144,15.664,512,0,0,1
fixed,full_n16,shared,30,262144,15.405,512,0,0,1
fixed,full_n16,shared,31,262144,15.442,512,0,0,1
fixed,full_n16,specialized,31,262144,14.889,512,0,0,1
fixed,full_n16,flock,31,262144,15.246,512,0,0,1
fixed,full_n16,scalar_lanes,31,262144,15.645,512,0,0,1
fixed,full_n16,prepared,31,262144,14.443,512,0,0,1
butterfly,full_n16,prepared,0,262144,20.675,1024,0,0,1
butterfly,full_n16,scalar_lanes,0,262144,20.979,1024,0,0,1
butterfly,full_n16,flock,0,262144,21.022,1024,0,0,1
butterfly,full_n16,shared,0,262144,20.955,1024,0,0,1
butterfly,full_n16,specialized,0,262144,21.297,1024,0,0,1
butterfly,full_n16,flock,1,262144,21.019,1024,0,0,1
butterfly,full_n16,prepared,1,262144,20.859,1024,0,0,1
butterfly,full_n16,scalar_lanes,1,262144,21.009,1024,0,0,1
butterfly,full_n16,specialized,1,262144,21.392,1024,0,0,1
butterfly,full_n16,shared,1,262144,20.994,1024,0,0,1
butterfly,full_n16,scalar_lanes,2,262144,20.951,1024,0,0,1
butterfly,full_n16,prepared,2,262144,20.816,1024,0,0,1
butterfly,full_n16,specialized,2,262144,21.366,1024,0,0,1
butterfly,full_n16,shared,2,262144,21.030,1024,0,0,1
butterfly,full_n16,flock,2,262144,20.998,1024,0,0,1
butterfly,full_n16,prepared,3,262144,20.903,1024,0,0,1
butterfly,full_n16,specialized,3,262144,21.417,1024,0,0,1
butterfly,full_n16,flock,3,262144,21.003,1024,0,0,1
butterfly,full_n16,scalar_lanes,3,262144,20.932,1024,0,0,1
butterfly,full_n16,shared,3,262144,20.901,1024,0,0,1
butterfly,full_n16,flock,4,262144,20.920,1024,0,0,1
butterfly,full_n16,scalar_lanes,4,262144,20.978,1024,0,0,1
butterfly,full_n16,prepared,4,262144,20.826,1024,0,0,1
butterfly,full_n16,specialized,4,262144,21.410,1024,0,0,1
butterfly,full_n16,shared,4,262144,20.993,1024,0,0,1
butterfly,full_n16,prepared,5,262144,20.792,1024,0,0,1
butterfly,full_n16,shared,5,262144,20.954,1024,0,0,1
butterfly,full_n16,specialized,5,262144,21.317,1024,0,0,1
butterfly,full_n16,scalar_lanes,5,262144,20.939,1024,0,0,1
butterfly,full_n16,flock,5,262144,20.953,1024,0,0,1
butterfly,full_n16,flock,6,262144,20.902,1024,0,0,1
butterfly,full_n16,prepared,6,262144,20.772,1024,0,0,1
butterfly,full_n16,shared,6,262144,21.057,1024,0,0,1
butterfly,full_n16,specialized,6,262144,21.346,1024,0,0,1
butterfly,full_n16,scalar_lanes,6,262144,20.997,1024,0,0,1
butterfly,full_n16,specialized,7,262144,21.408,1024,0,0,1
butterfly,full_n16,flock,7,262144,21.001,1024,0,0,1
butterfly,full_n16,prepared,7,262144,20.697,1024,0,0,1
butterfly,full_n16,shared,7,262144,21.349,1024,0,0,1
butterfly,full_n16,scalar_lanes,7,262144,21.076,1024,0,0,1
butterfly,full_n16,specialized,8,262144,21.520,1024,0,0,1
butterfly,full_n16,shared,8,262144,21.002,1024,0,0,1
butterfly,full_n16,scalar_lanes,8,262144,21.712,1024,0,0,1
butterfly,full_n16,flock,8,262144,21.463,1024,0,0,1
butterfly,full_n16,prepared,8,262144,21.533,1024,0,0,1
butterfly,full_n16,shared,9,262144,20.560,1024,0,0,1
butterfly,full_n16,prepared,9,262144,20.620,1024,0,0,1
butterfly,full_n16,flock,9,262144,20.997,1024,0,0,1
butterfly,full_n16,specialized,9,262144,21.494,1024,0,0,1
butterfly,full_n16,scalar_lanes,9,262144,21.381,1024,0,0,1
butterfly,full_n16,specialized,10,262144,21.762,1024,0,0,1
butterfly,full_n16,scalar_lanes,10,262144,21.323,1024,0,0,1
butterfly,full_n16,flock,10,262144,21.319,1024,0,0,1
butterfly,full_n16,prepared,10,262144,21.102,1024,0,0,1
butterfly,full_n16,shared,10,262144,21.415,1024,0,0,1
butterfly,full_n16,prepared,11,262144,20.759,1024,0,0,1
butterfly,full_n16,scalar_lanes,11,262144,20.998,1024,0,0,1
butterfly,full_n16,specialized,11,262144,21.454,1024,0,0,1
butterfly,full_n16,shared,11,262144,20.950,1024,0,0,1
butterfly,full_n16,flock,11,262144,21.046,1024,0,0,1
butterfly,full_n16,scalar_lanes,12,262144,21.054,1024,0,0,1
butterfly,full_n16,prepared,12,262144,20.822,1024,0,0,1
butterfly,full_n16,flock,12,262144,21.076,1024,0,0,1
butterfly,full_n16,shared,12,262144,21.148,1024,0,0,1
butterfly,full_n16,specialized,12,262144,21.422,1024,0,0,1
butterfly,full_n16,specialized,13,262144,21.316,1024,0,0,1
butterfly,full_n16,prepared,13,262144,20.765,1024,0,0,1
butterfly,full_n16,shared,13,262144,20.990,1024,0,0,1
butterfly,full_n16,scalar_lanes,13,262144,20.919,1024,0,0,1
butterfly,full_n16,flock,13,262144,21.061,1024,0,0,1
butterfly,full_n16,flock,14,262144,20.951,1024,0,0,1
butterfly,full_n16,specialized,14,262144,21.237,1024,0,0,1
butterfly,full_n16,prepared,14,262144,20.733,1024,0,0,1
butterfly,full_n16,shared,14,262144,20.765,1024,0,0,1
butterfly,full_n16,scalar_lanes,14,262144,21.016,1024,0,0,1
butterfly,full_n16,shared,15,262144,20.917,1024,0,0,1
butterfly,full_n16,prepared,15,262144,20.903,1024,0,0,1
butterfly,full_n16,specialized,15,262144,21.431,1024,0,0,1
butterfly,full_n16,scalar_lanes,15,262144,20.913,1024,0,0,1
butterfly,full_n16,flock,15,262144,21.049,1024,0,0,1
butterfly,full_n16,prepared,16,262144,20.863,1024,0,0,1
butterfly,full_n16,flock,16,262144,20.965,1024,0,0,1
butterfly,full_n16,scalar_lanes,16,262144,20.982,1024,0,0,1
butterfly,full_n16,specialized,16,262144,21.318,1024,0,0,1
butterfly,full_n16,shared,16,262144,20.939,1024,0,0,1
butterfly,full_n16,specialized,17,262144,21.308,1024,0,0,1
butterfly,full_n16,shared,17,262144,21.049,1024,0,0,1
butterfly,full_n16,scalar_lanes,17,262144,21.027,1024,0,0,1
butterfly,full_n16,prepared,17,262144,20.803,1024,0,0,1
butterfly,full_n16,flock,17,262144,20.920,1024,0,0,1
butterfly,full_n16,shared,18,262144,20.992,1024,0,0,1
butterfly,full_n16,specialized,18,262144,21.386,1024,0,0,1
butterfly,full_n16,flock,18,262144,20.974,1024,0,0,1
butterfly,full_n16,scalar_lanes,18,262144,21.007,1024,0,0,1
butterfly,full_n16,prepared,18,262144,20.794,1024,0,0,1
butterfly,full_n16,prepared,19,262144,20.849,1024,0,0,1
butterfly,full_n16,flock,19,262144,20.945,1024,0,0,1
butterfly,full_n16,specialized,19,262144,21.412,1024,0,0,1
butterfly,full_n16,scalar_lanes,19,262144,21.064,1024,0,0,1
butterfly,full_n16,shared,19,262144,20.960,1024,0,0,1
butterfly,full_n16,scalar_lanes,20,262144,20.980,1024,0,0,1
butterfly,full_n16,specialized,20,262144,21.453,1024,0,0,1
butterfly,full_n16,prepared,20,262144,20.809,1024,0,0,1
butterfly,full_n16,shared,20,262144,20.960,1024,0,0,1
butterfly,full_n16,flock,20,262144,21.049,1024,0,0,1
butterfly,full_n16,scalar_lanes,21,262144,21.047,1024,0,0,1
butterfly,full_n16,flock,21,262144,20.929,1024,0,0,1
butterfly,full_n16,shared,21,262144,20.932,1024,0,0,1
butterfly,full_n16,prepared,21,262144,20.825,1024,0,0,1
butterfly,full_n16,specialized,21,262144,21.484,1024,0,0,1
butterfly,full_n16,specialized,22,262144,21.323,1024,0,0,1
butterfly,full_n16,flock,22,262144,20.967,1024,0,0,1
butterfly,full_n16,shared,22,262144,21.024,1024,0,0,1
butterfly,full_n16,prepared,22,262144,20.786,1024,0,0,1
butterfly,full_n16,scalar_lanes,22,262144,20.918,1024,0,0,1
butterfly,full_n16,shared,23,262144,21.019,1024,0,0,1
butterfly,full_n16,specialized,23,262144,21.428,1024,0,0,1
butterfly,full_n16,scalar_lanes,23,262144,20.959,1024,0,0,1
butterfly,full_n16,prepared,23,262144,20.787,1024,0,0,1
butterfly,full_n16,flock,23,262144,20.997,1024,0,0,1
butterfly,full_n16,flock,24,262144,20.940,1024,0,0,1
butterfly,full_n16,shared,24,262144,20.995,1024,0,0,1
butterfly,full_n16,prepared,24,262144,20.850,1024,0,0,1
butterfly,full_n16,scalar_lanes,24,262144,20.913,1024,0,0,1
butterfly,full_n16,specialized,24,262144,21.302,1024,0,0,1
butterfly,full_n16,flock,25,262144,21.063,1024,0,0,1
butterfly,full_n16,specialized,25,262144,21.366,1024,0,0,1
butterfly,full_n16,prepared,25,262144,20.668,1024,0,0,1
butterfly,full_n16,shared,25,262144,21.058,1024,0,0,1
butterfly,full_n16,scalar_lanes,25,262144,21.038,1024,0,0,1
butterfly,full_n16,specialized,26,262144,21.362,1024,0,0,1
butterfly,full_n16,shared,26,262144,20.963,1024,0,0,1
butterfly,full_n16,scalar_lanes,26,262144,20.907,1024,0,0,1
butterfly,full_n16,prepared,26,262144,20.727,1024,0,0,1
butterfly,full_n16,flock,26,262144,20.881,1024,0,0,1
butterfly,full_n16,flock,27,262144,20.936,1024,0,0,1
butterfly,full_n16,scalar_lanes,27,262144,20.949,1024,0,0,1
butterfly,full_n16,specialized,27,262144,21.342,1024,0,0,1
butterfly,full_n16,prepared,27,262144,20.741,1024,0,0,1
butterfly,full_n16,shared,27,262144,20.959,1024,0,0,1
butterfly,full_n16,prepared,28,262144,20.731,1024,0,0,1
butterfly,full_n16,scalar_lanes,28,262144,20.941,1024,0,0,1
butterfly,full_n16,specialized,28,262144,21.231,1024,0,0,1
butterfly,full_n16,flock,28,262144,20.900,1024,0,0,1
butterfly,full_n16,shared,28,262144,20.966,1024,0,0,1
butterfly,full_n16,specialized,29,262144,21.277,1024,0,0,1
butterfly,full_n16,shared,29,262144,20.903,1024,0,0,1
butterfly,full_n16,scalar_lanes,29,262144,21.036,1024,0,0,1
butterfly,full_n16,flock,29,262144,21.026,1024,0,0,1
butterfly,full_n16,prepared,29,262144,20.703,1024,0,0,1
butterfly,full_n16,shared,30,262144,20.933,1024,0,0,1
butterfly,full_n16,scalar_lanes,30,262144,21.016,1024,0,0,1
butterfly,full_n16,prepared,30,262144,20.833,1024,0,0,1
butterfly,full_n16,flock,30,262144,20.938,1024,0,0,1
butterfly,full_n16,specialized,30,262144,21.326,1024,0,0,1
butterfly,full_n16,prepared,31,262144,20.764,1024,0,0,1
butterfly,full_n16,shared,31,262144,20.957,1024,0,0,1
butterfly,full_n16,scalar_lanes,31,262144,20.944,1024,0,0,1
butterfly,full_n16,specialized,31,262144,21.310,1024,0,0,1
butterfly,full_n16,flock,31,262144,20.997,1024,0,0,1
fixed,full_n1024,scalar_lanes,0,4096,827.016,32768,0,0,1
fixed,full_n1024,flock,0,4096,827.596,32768,0,0,1
fixed,full_n1024,specialized,0,4096,748.027,32768,0,0,1
fixed,full_n1024,shared,0,4096,865.947,32768,0,0,1
fixed,full_n1024,prepared,0,4096,741.893,32768,0,0,1
fixed,full_n1024,flock,1,4096,826.619,32768,0,0,1
fixed,full_n1024,specialized,1,4096,742.147,32768,0,0,1
fixed,full_n1024,prepared,1,4096,741.526,32768,0,0,1
fixed,full_n1024,scalar_lanes,1,4096,826.019,32768,0,0,1
fixed,full_n1024,shared,1,4096,864.716,32768,0,0,1
fixed,full_n1024,shared,2,4096,864.197,32768,0,0,1
fixed,full_n1024,scalar_lanes,2,4096,826.274,32768,0,0,1
fixed,full_n1024,prepared,2,4096,742.371,32768,0,0,1
fixed,full_n1024,flock,2,4096,827.240,32768,0,0,1
fixed,full_n1024,specialized,2,4096,742.706,32768,0,0,1
fixed,full_n1024,prepared,3,4096,741.954,32768,0,0,1
fixed,full_n1024,specialized,3,4096,748.342,32768,0,0,1
fixed,full_n1024,shared,3,4096,869.537,32768,0,0,1
fixed,full_n1024,flock,3,4096,830.617,32768,0,0,1
fixed,full_n1024,scalar_lanes,3,4096,826.182,32768,0,0,1
fixed,full_n1024,specialized,4,4096,744.853,32768,0,0,1
fixed,full_n1024,scalar_lanes,4,4096,827.525,32768,0,0,1
fixed,full_n1024,prepared,4,4096,745.351,32768,0,0,1
fixed,full_n1024,shared,4,4096,867.310,32768,0,0,1
fixed,full_n1024,flock,4,4096,826.304,32768,0,0,1
fixed,full_n1024,specialized,5,4096,742.615,32768,0,0,1
fixed,full_n1024,prepared,5,4096,742.554,32768,0,0,1
fixed,full_n1024,shared,5,4096,865.987,32768,0,0,1
fixed,full_n1024,flock,5,4096,828.837,32768,0,0,1
fixed,full_n1024,scalar_lanes,5,4096,831.563,32768,0,0,1
fixed,full_n1024,shared,6,4096,865.947,32768,0,0,1
fixed,full_n1024,flock,6,4096,829.641,32768,0,0,1
fixed,full_n1024,prepared,6,4096,743.988,32768,0,0,1
fixed,full_n1024,specialized,6,4096,743.825,32768,0,0,1
fixed,full_n1024,scalar_lanes,6,4096,826.701,32768,0,0,1
fixed,full_n1024,shared,7,4096,864.502,32768,0,0,1
fixed,full_n1024,flock,7,4096,827.199,32768,0,0,1
fixed,full_n1024,scalar_lanes,7,4096,824.422,32768,0,0,1
fixed,full_n1024,prepared,7,4096,740.560,32768,0,0,1
fixed,full_n1024,specialized,7,4096,748.199,32768,0,0,1
fixed,full_n1024,specialized,8,4096,759.715,32768,0,0,1
fixed,full_n1024,flock,8,4096,841.522,32768,0,0,1
fixed,full_n1024,prepared,8,4096,758.016,32768,0,0,1
fixed,full_n1024,shared,8,4096,894.847,32768,0,0,1
fixed,full_n1024,scalar_lanes,8,4096,845.174,32768,0,0,1
fixed,full_n1024,specialized,9,4096,743.988,32768,0,0,1
fixed,full_n1024,shared,9,4096,851.583,32768,0,0,1
fixed,full_n1024,flock,9,4096,814.433,32768,0,0,1
fixed,full_n1024,prepared,9,4096,741.038,32768,0,0,1
fixed,full_n1024,scalar_lanes,9,4096,852.020,32768,0,0,1
fixed,full_n1024,prepared,10,4096,742.788,32768,0,0,1
fixed,full_n1024,scalar_lanes,10,4096,814.087,32768,0,0,1
fixed,full_n1024,specialized,10,4096,750.488,32768,0,0,1
fixed,full_n1024,shared,10,4096,869.883,32768,0,0,1
fixed,full_n1024,flock,10,4096,821.462,32768,0,0,1
fixed,full_n1024,scalar_lanes,11,4096,819.601,32768,0,0,1
fixed,full_n1024,flock,11,4096,831.268,32768,0,0,1
fixed,full_n1024,specialized,11,4096,731.812,32768,0,0,1
fixed,full_n1024,prepared,11,4096,734.558,32768,0,0,1
fixed,full_n1024,shared,11,4096,851.044,32768,0,0,1
fixed,full_n1024,flock,12,4096,836.182,32768,0,0,1
fixed,full_n1024,prepared,12,4096,747.843,32768,0,0,1
fixed,full_n1024,specialized,12,4096,745.697,32768,0,0,1
fixed,full_n1024,scalar_lanes,12,4096,830.149,32768,0,0,1
fixed,full_n1024,shared,12,4096,866.028,32768,0,0,1
fixed,full_n1024,scalar_lanes,13,4096,833.567,32768,0,0,1
fixed,full_n1024,prepared,13,4096,744.415,32768,0,0,1
fixed,full_n1024,shared,13,4096,848.938,32768,0,0,1
fixed,full_n1024,specialized,13,4096,731.262,32768,0,0,1
fixed,full_n1024,flock,13,4096,814.697,32768,0,0,1
fixed,full_n1024,shared,14,4096,864.421,32768,0,0,1
fixed,full_n1024,flock,14,4096,824.911,32768,0,0,1
fixed,full_n1024,specialized,14,4096,727.152,32768,0,0,1
fixed,full_n1024,scalar_lanes,14,4096,820.638,32768,0,0,1
fixed,full_n1024,prepared,14,4096,746.338,32768,0,0,1
fixed,full_n1024,prepared,15,4096,747.864,32768,0,0,1
fixed,full_n1024,specialized,15,4096,750.661,32768,0,0,1
fixed,full_n1024,scalar_lanes,15,4096,827.932,32768,0,0,1
fixed,full_n1024,shared,15,4096,865.957,32768,0,0,1
fixed,full_n1024,flock,15,4096,830.302,32768,0,0,1
fixed,full_n1024,specialized,16,4096,747.854,32768,0,0,1
fixed,full_n1024,scalar_lanes,16,4096,832.794,32768,0,0,1
fixed,full_n1024,shared,16,4096,865.438,32768,0,0,1
fixed,full_n1024,flock,16,4096,827.006,32768,0,0,1
fixed,full_n1024,prepared,16,4096,745.117,32768,0,0,1
fixed,full_n1024,scalar_lanes,17,4096,834.381,32768,0,0,1
fixed,full_n1024,shared,17,4096,867.503,32768,0,0,1
fixed,full_n1024,specialized,17,4096,745.738,32768,0,0,1
fixed,full_n1024,prepared,17,4096,745.280,32768,0,0,1
fixed,full_n1024,flock,17,4096,828.308,32768,0,0,1
fixed,full_n1024,scalar_lanes,18,4096,825.480,32768,0,0,1
fixed,full_n1024,shared,18,4096,866.343,32768,0,0,1
fixed,full_n1024,specialized,18,4096,750.509,32768,0,0,1
fixed,full_n1024,prepared,18,4096,745.982,32768,0,0,1
fixed,full_n1024,flock,18,4096,828.288,32768,0,0,1
fixed,full_n1024,flock,19,4096,825.216,32768,0,0,1
fixed,full_n1024,shared,19,4096,864.919,32768,0,0,1
fixed,full_n1024,specialized,19,4096,748.840,32768,0,0,1
fixed,full_n1024,scalar_lanes,19,4096,835.317,32768,0,0,1
fixed,full_n1024,prepared,19,4096,737.600,32768,0,0,1
fixed,full_n1024,specialized,20,4096,730.937,32768,0,0,1
fixed,full_n1024,shared,20,4096,856.883,32768,0,0,1
fixed,full_n1024,prepared,20,4096,743.022,32768,0,0,1
fixed,full_n1024,scalar_lanes,20,4096,830.302,32768,0,0,1
fixed,full_n1024,flock,20,4096,830.098,32768,0,0,1
fixed,full_n1024,specialized,21,4096,746.277,32768,0,0,1
fixed,full_n1024,prepared,21,4096,748.677,32768,0,0,1
fixed,full_n1024,flock,21,4096,818.207,32768,0,0,1
fixed,full_n1024,shared,21,4096,848.287,32768,0,0,1
fixed,full_n1024,scalar_lanes,21,4096,822.805,32768,0,0,1
fixed,full_n1024,shared,22,4096,865.519,32768,0,0,1
fixed,full_n1024,prepared,22,4096,748.149,32768,0,0,1
fixed,full_n1024,specialized,22,4096,746.704,32768,0,0,1
fixed,full_n1024,flock,22,4096,826.436,32768,0,0,1
fixed,full_n1024,scalar_lanes,22,4096,827.769,32768,0,0,1
fixed,full_n1024,shared,23,4096,864.980,32768,0,0,1
fixed,full_n1024,flock,23,4096,826.070,32768,0,0,1
fixed,full_n1024,prepared,23,4096,743.113,32768,0,0,1
fixed,full_n1024,specialized,23,4096,747.681,32768,0,0,1
fixed,full_n1024,scalar_lanes,23,4096,827.983,32768,0,0,1
fixed,full_n1024,scalar_lanes,24,4096,826.050,32768,0,0,1
fixed,full_n1024,shared,24,4096,865.651,32768,0,0,1
fixed,full_n1024,prepared,24,4096,741.140,32768,0,0,1
fixed,full_n1024,specialized,24,4096,742.147,32768,0,0,1
fixed,full_n1024,flock,24,4096,827.169,32768,0,0,1
fixed,full_n1024,scalar_lanes,25,4096,828.583,32768,0,0,1
fixed,full_n1024,shared,25,4096,865.163,32768,0,0,1
fixed,full_n1024,flock,25,4096,830.017,32768,0,0,1
fixed,full_n1024,prepared,25,4096,744.893,32768,0,0,1
fixed,full_n1024,specialized,25,4096,744.873,32768,0,0,1
fixed,full_n1024,specialized,26,4096,744.293,32768,0,0,1
fixed,full_n1024,scalar_lanes,26,4096,830.404,32768,0,0,1
fixed,full_n1024,shared,26,4096,866.730,32768,0,0,1
fixed,full_n1024,prepared,26,4096,746.582,32768,0,0,1
fixed,full_n1024,flock,26,4096,830.373,32768,0,0,1
fixed,full_n1024,specialized,27,4096,745.758,32768,0,0,1
fixed,full_n1024,flock,27,4096,829.875,32768,0,0,1
fixed,full_n1024,scalar_lanes,27,4096,833.374,32768,0,0,1
fixed,full_n1024,shared,27,4096,865.295,32768,0,0,1
fixed,full_n1024,prepared,27,4096,745.087,32768,0,0,1
fixed,full_n1024,prepared,28,4096,745.636,32768,0,0,1
fixed,full_n1024,shared,28,4096,866.170,32768,0,0,1
fixed,full_n1024,specialized,28,4096,750.519,32768,0,0,1
fixed,full_n1024,scalar_lanes,28,4096,830.119,32768,0,0,1
fixed,full_n1024,flock,28,4096,833.262,32768,0,0,1
fixed,full_n1024,prepared,29,4096,745.198,32768,0,0,1
fixed,full_n1024,scalar_lanes,29,4096,825.541,32768,0,0,1
fixed,full_n1024,specialized,29,4096,742.533,32768,0,0,1
fixed,full_n1024,flock,29,4096,836.060,32768,0,0,1
fixed,full_n1024,shared,29,4096,866.628,32768,0,0,1
fixed,full_n1024,scalar_lanes,30,4096,829.203,32768,0,0,1
fixed,full_n1024,prepared,30,4096,742.422,32768,0,0,1
fixed,full_n1024,flock,30,4096,827.057,32768,0,0,1
fixed,full_n1024,shared,30,4096,866.028,32768,0,0,1
fixed,full_n1024,specialized,30,4096,746.470,32768,0,0,1
fixed,full_n1024,shared,31,4096,866.241,32768,0,0,1
fixed,full_n1024,scalar_lanes,31,4096,827.352,32768,0,0,1
fixed,full_n1024,specialized,31,4096,741.618,32768,0,0,1
fixed,full_n1024,prepared,31,4096,743.469,32768,0,0,1
fixed,full_n1024,flock,31,4096,829.529,32768,0,0,1
butterfly,full_n1024,specialized,0,4096,1109.273,65536,0,0,1
butterfly,full_n1024,prepared,0,4096,1108.846,65536,0,0,1
butterfly,full_n1024,flock,0,4096,1163.676,65536,0,0,1
butterfly,full_n1024,shared,0,4096,1163.320,65536,0,0,1
butterfly,full_n1024,scalar_lanes,0,4096,1163.055,65536,0,0,1
butterfly,full_n1024,prepared,1,4096,1105.550,65536,0,0,1
butterfly,full_n1024,specialized,1,4096,1108.541,65536,0,0,1
butterfly,full_n1024,flock,1,4096,1156.779,65536,0,0,1
butterfly,full_n1024,shared,1,4096,1156.229,65536,0,0,1
butterfly,full_n1024,scalar_lanes,1,4096,1159.922,65536,0,0,1
butterfly,full_n1024,prepared,2,4096,1105.601,65536,0,0,1
butterfly,full_n1024,shared,2,4096,1160.329,65536,0,0,1
butterfly,full_n1024,flock,2,4096,1159.821,65536,0,0,1
butterfly,full_n1024,specialized,2,4096,1110.016,65536,0,0,1
butterfly,full_n1024,scalar_lanes,2,4096,1159.546,65536,0,0,1
butterfly,full_n1024,flock,3,4096,1157.186,65536,0,0,1
butterfly,full_n1024,prepared,3,4096,1106.028,65536,0,0,1
butterfly,full_n1024,specialized,3,4096,1108.795,65536,0,0,1
butterfly,full_n1024,scalar_lanes,3,4096,1159.434,65536,0,0,1
butterfly,full_n1024,shared,3,4096,1159.882,65536,0,0,1
butterfly,full_n1024,specialized,4,4096,1105.977,65536,0,0,1
butterfly,full_n1024,scalar_lanes,4,4096,1162.069,65536,0,0,1
butterfly,full_n1024,shared,4,4096,1162.374,65536,0,0,1
butterfly,full_n1024,flock,4,4096,1160.197,65536,0,0,1
butterfly,full_n1024,prepared,4,4096,1107.341,65536,0,0,1
butterfly,full_n1024,shared,5,4096,1160.889,65536,0,0,1
butterfly,full_n1024,specialized,5,4096,1111.918,65536,0,0,1
butterfly,full_n1024,prepared,5,4096,1107.422,65536,0,0,1
butterfly,full_n1024,flock,5,4096,1162.954,65536,0,0,1
butterfly,full_n1024,scalar_lanes,5,4096,1161.824,65536,0,0,1
butterfly,full_n1024,shared,6,4096,1161.387,65536,0,0,1
butterfly,full_n1024,flock,6,4096,1160.451,65536,0,0,1
butterfly,full_n1024,specialized,6,4096,1106.557,65536,0,0,1
butterfly,full_n1024,scalar_lanes,6,4096,1158.844,65536,0,0,1
butterfly,full_n1024,prepared,6,4096,1102.895,65536,0,0,1
butterfly,full_n1024,scalar_lanes,7,4096,1155.294,65536,0,0,1
butterfly,full_n1024,shared,7,4096,1155.538,65536,0,0,1
butterfly,full_n1024,specialized,7,4096,1107.402,65536,0,0,1
butterfly,full_n1024,flock,7,4096,1158.956,65536,0,0,1
butterfly,full_n1024,prepared,7,4096,1108.714,65536,0,0,1
butterfly,full_n1024,scalar_lanes,8,4096,1160.228,65536,0,0,1
butterfly,full_n1024,shared,8,4096,1161.998,65536,0,0,1
butterfly,full_n1024,specialized,8,4096,1107.666,65536,0,0,1
butterfly,full_n1024,flock,8,4096,1160.604,65536,0,0,1
butterfly,full_n1024,prepared,8,4096,1108.002,65536,0,0,1
butterfly,full_n1024,shared,9,4096,1155.375,65536,0,0,1
butterfly,full_n1024,prepared,9,4096,1102.071,65536,0,0,1
butterfly,full_n1024,flock,9,4096,1156.352,65536,0,0,1
butterfly,full_n1024,specialized,9,4096,1105.662,65536,0,0,1
butterfly,full_n1024,scalar_lanes,9,4096,1159.678,65536,0,0,1
butterfly,full_n1024,prepared,10,4096,1105.062,65536,0,0,1
butterfly,full_n1024,shared,10,4096,1156.738,65536,0,0,1
butterfly,full_n1024,scalar_lanes,10,4096,1156.688,65536,0,0,1
butterfly,full_n1024,flock,10,4096,1159.393,65536,0,0,1
butterfly,full_n1024,specialized,10,4096,1114.095,65536,0,0,1
butterfly,full_n1024,scalar_lanes,11,4096,1163.727,65536,0,0,1
butterfly,full_n1024,shared,11,4096,1160.909,65536,0,0,1
butterfly,full_n1024,specialized,11,4096,1107.880,65536,0,0,1
butterfly,full_n1024,flock,11,4096,1174.215,65536,0,0,1
butterfly,full_n1024,prepared,11,4096,1107.076,65536,0,0,1
butterfly,full_n1024,prepared,12,4096,1113.668,65536,0,0,1
butterfly,full_n1024,shared,12,4096,1162.699,65536,0,0,1
butterfly,full_n1024,scalar_lanes,12,4096,1158.274,65536,0,0,1
butterfly,full_n1024,flock,12,4096,1163.483,65536,0,0,1
butterfly,full_n1024,specialized,12,4096,1108.897,65536,0,0,1
butterfly,full_n1024,prepared,13,4096,1108.378,65536,0,0,1
butterfly,full_n1024,scalar_lanes,13,4096,1156.403,65536,0,0,1
butterfly,full_n1024,flock,13,4096,1162.526,65536,0,0,1
butterfly,full_n1024,specialized,13,4096,1114.176,65536,0,0,1
butterfly,full_n1024,shared,13,4096,1161.428,65536,0,0,1
butterfly,full_n1024,specialized,14,4096,1106.659,65536,0,0,1
butterfly,full_n1024,shared,14,4096,1161.937,65536,0,0,1
butterfly,full_n1024,flock,14,4096,1158.132,65536,0,0,1
butterfly,full_n1024,scalar_lanes,14,4096,1160.319,65536,0,0,1
butterfly,full_n1024,prepared,14,4096,1111.511,65536,0,0,1
butterfly,full_n1024,specialized,15,4096,1113.068,65536,0,0,1
butterfly,full_n1024,flock,15,4096,1161.204,65536,0,0,1
butterfly,full_n1024,scalar_lanes,15,4096,1162.801,65536,0,0,1
butterfly,full_n1024,shared,15,4096,1162.435,65536,0,0,1
butterfly,full_n1024,prepared,15,4096,1108.775,65536,0,0,1
butterfly,full_n1024,prepared,16,4096,1105.916,65536,0,0,1
butterfly,full_n1024,shared,16,4096,1155.111,65536,0,0,1
butterfly,full_n1024,scalar_lanes,16,4096,1156.616,65536,0,0,1
butterfly,full_n1024,specialized,16,4096,1111.664,65536,0,0,1
butterfly,full_n1024,flock,16,4096,1165.598,65536,0,0,1
butterfly,full_n1024,scalar_lanes,17,4096,1163.523,65536,0,0,1
butterfly,full_n1024,flock,17,4096,1166.250,65536,0,0,1
butterfly,full_n1024,shared,17,4096,1162.781,65536,0,0,1
butterfly,full_n1024,prepared,17,4096,1110.677,65536,0,0,1
butterfly,full_n1024,specialized,17,4096,1112.875,65536,0,0,1
butterfly,full_n1024,scalar_lanes,18,4096,1160.278,65536,0,0,1
butterfly,full_n1024,prepared,18,4096,1104.319,65536,0,0,1
butterfly,full_n1024,flock,18,4096,1162.557,65536,0,0,1
butterfly,full_n1024,specialized,18,4096,1112.549,65536,0,0,1
butterfly,full_n1024,shared,18,4096,1161.865,65536,0,0,1
butterfly,full_n1024,flock,19,4096,1161.072,65536,0,0,1
butterfly,full_n1024,prepared,19,4096,1103.973,65536,0,0,1
butterfly,full_n1024,specialized,19,4096,1106.028,65536,0,0,1
butterfly,full_n1024,scalar_lanes,19,4096,1161.906,65536,0,0,1
butterfly,full_n1024,shared,19,4096,1158.661,65536,0,0,1
butterfly,full_n1024,prepared,20,4096,1132.721,65536,0,0,1
butterfly,full_n1024,flock,20,4096,1141.856,65536,0,0,1
butterfly,full_n1024,scalar_lanes,20,4096,1143.941,65536,0,0,1
butterfly,full_n1024,specialized,20,4096,1096.924,65536,0,0,1
butterfly,full_n1024,shared,20,4096,1163.269,65536,0,0,1
butterfly,full_n1024,prepared,21,4096,1113.353,65536,0,0,1
butterfly,full_n1024,flock,21,4096,1171.580,65536,0,0,1
butterfly,full_n1024,scalar_lanes,21,4096,1170.868,65536,0,0,1
butterfly,full_n1024,specialized,21,4096,1113.688,65536,0,0,1
butterfly,full_n1024,shared,21,4096,1165.670,65536,0,0,1
butterfly,full_n1024,prepared,22,4096,1118.948,65536,0,0,1
butterfly,full_n1024,scalar_lanes,22,4096,1166.697,65536,0,0,1
butterfly,full_n1024,flock,22,4096,1170.970,65536,0,0,1
butterfly,full_n1024,shared,22,4096,1160.696,65536,0,0,1
butterfly,full_n1024,specialized,22,4096,1115.896,65536,0,0,1
butterfly,full_n1024,flock,23,4096,1160.807,65536,0,0,1
butterfly,full_n1024,prepared,23,4096,1108.815,65536,0,0,1
butterfly,full_n1024,scalar_lanes,23,4096,1167.745,65536,0,0,1
butterfly,full_n1024,specialized,23,4096,1110.982,65536,0,0,1
butterfly,full_n1024,shared,23,4096,1163.737,65536,0,0,1
butterfly,full_n1024,flock,24,4096,1161.662,65536,0,0,1
butterfly,full_n1024,prepared,24,4096,1114.949,65536,0,0,1
butterfly,full_n1024,specialized,24,4096,1112.122,65536,0,0,1
butterfly,full_n1024,shared,24,4096,1167.867,65536,0,0,1
butterfly,full_n1024,scalar_lanes,24,4096,1166.819,65536,0,0,1
butterfly,full_n1024,specialized,25,4096,1105.510,65536,0,0,1
butterfly,full_n1024,flock,25,4096,1166.219,65536,0,0,1
butterfly,full_n1024,shared,25,4096,1156.840,65536,0,0,1
butterfly,full_n1024,scalar_lanes,25,4096,1159.749,65536,0,0,1
butterfly,full_n1024,prepared,25,4096,1108.083,65536,0,0,1
butterfly,full_n1024,scalar_lanes,26,4096,1165.365,65536,0,0,1
butterfly,full_n1024,prepared,26,4096,1112.335,65536,0,0,1
butterfly,full_n1024,shared,26,4096,1157.644,65536,0,0,1
butterfly,full_n1024,flock,26,4096,1168.142,65536,0,0,1
butterfly,full_n1024,specialized,26,4096,1115.143,65536,0,0,1
butterfly,full_n1024,prepared,27,4096,1101.511,65536,0,0,1
butterfly,full_n1024,shared,27,4096,1160.533,65536,0,0,1
butterfly,full_n1024,flock,27,4096,1161.601,65536,0,0,1
butterfly,full_n1024,scalar_lanes,27,4096,1165.456,65536,0,0,1
butterfly,full_n1024,specialized,27,4096,1107.890,65536,0,0,1
butterfly,full_n1024,scalar_lanes,28,4096,1162.760,65536,0,0,1
butterfly,full_n1024,specialized,28,4096,1109.690,65536,0,0,1
butterfly,full_n1024,flock,28,4096,1159.872,65536,0,0,1
butterfly,full_n1024,shared,28,4096,1158.519,65536,0,0,1
butterfly,full_n1024,prepared,28,4096,1106.710,65536,0,0,1
butterfly,full_n1024,specialized,29,4096,1114.156,65536,0,0,1
butterfly,full_n1024,prepared,29,4096,1105.916,65536,0,0,1
butterfly,full_n1024,shared,29,4096,1159.698,65536,0,0,1
butterfly,full_n1024,flock,29,4096,1155.619,65536,0,0,1
butterfly,full_n1024,scalar_lanes,29,4096,1162.893,65536,0,0,1
butterfly,full_n1024,prepared,30,4096,1110.311,65536,0,0,1
butterfly,full_n1024,shared,30,4096,1158.966,65536,0,0,1
butterfly,full_n1024,flock,30,4096,1163.096,65536,0,0,1
butterfly,full_n1024,specialized,30,4096,1110.535,65536,0,0,1
butterfly,full_n1024,scalar_lanes,30,4096,1155.355,65536,0,0,1
butterfly,full_n1024,specialized,31,4096,1108.348,65536,0,0,1
butterfly,full_n1024,prepared,31,4096,1102.783,65536,0,0,1
butterfly,full_n1024,shared,31,4096,1154.459,65536,0,0,1
butterfly,full_n1024,flock,31,4096,1155.009,65536,0,0,1
butterfly,full_n1024,scalar_lanes,31,4096,1155.914,65536,0,0,1
fixed,full_n65536,specialized,0,64,47949.859,2097152,0,0,1
fixed,full_n65536,prepared,0,64,47250.000,2097152,0,0,1
fixed,full_n65536,flock,0,64,53057.297,2097152,0,0,1
fixed,full_n65536,scalar_lanes,0,64,54415.359,2097152,0,0,1
fixed,full_n65536,shared,0,64,54886.719,2097152,0,0,1
fixed,full_n65536,shared,1,64,54181.000,2097152,0,0,1
fixed,full_n65536,flock,1,64,53114.578,2097152,0,0,1
fixed,full_n65536,prepared,1,64,50587.234,2097152,0,0,1
fixed,full_n65536,scalar_lanes,1,64,54725.906,2097152,0,0,1
fixed,full_n65536,specialized,1,64,47858.078,2097152,0,0,1
fixed,full_n65536,shared,2,64,54712.891,2097152,0,0,1
fixed,full_n65536,prepared,2,64,50139.328,2097152,0,0,1
fixed,full_n65536,flock,2,64,53005.219,2097152,0,0,1
fixed,full_n65536,scalar_lanes,2,64,53952.469,2097152,0,0,1
fixed,full_n65536,specialized,2,64,49308.594,2097152,0,0,1
fixed,full_n65536,specialized,3,64,48162.766,2097152,0,0,1
fixed,full_n65536,scalar_lanes,3,64,52983.734,2097152,0,0,1
fixed,full_n65536,prepared,3,64,49299.484,2097152,0,0,1
fixed,full_n65536,flock,3,64,53470.703,2097152,0,0,1
fixed,full_n65536,shared,3,64,53845.062,2097152,0,0,1
fixed,full_n65536,specialized,4,64,49110.672,2097152,0,0,1
fixed,full_n65536,flock,4,64,54964.844,2097152,0,0,1
fixed,full_n65536,prepared,4,64,48246.094,2097152,0,0,1
fixed,full_n65536,shared,4,64,54219.406,2097152,0,0,1
fixed,full_n65536,scalar_lanes,4,64,53343.094,2097152,0,0,1
fixed,full_n65536,prepared,5,64,48661.453,2097152,0,0,1
fixed,full_n65536,shared,5,64,53819.016,2097152,0,0,1
fixed,full_n65536,specialized,5,64,48147.141,2097152,0,0,1
fixed,full_n65536,flock,5,64,52848.969,2097152,0,0,1
fixed,full_n65536,scalar_lanes,5,64,53500.000,2097152,0,0,1
fixed,full_n65536,shared,6,64,54307.953,2097152,0,0,1
fixed,full_n65536,prepared,6,64,48958.984,2097152,0,0,1
fixed,full_n65536,flock,6,64,53113.281,2097152,0,0,1
fixed,full_n65536,specialized,6,64,47723.969,2097152,0,0,1
fixed,full_n65536,scalar_lanes,6,64,53240.234,2097152,0,0,1
fixed,full_n65536,shared,7,64,53847.000,2097152,0,0,1
fixed,full_n65536,specialized,7,64,49225.906,2097152,0,0,1
fixed,full_n65536,flock,7,64,53305.344,2097152,0,0,1
fixed,full_n65536,scalar_lanes,7,64,53305.984,2097152,0,0,1
fixed,full_n65536,prepared,7,64,47449.875,2097152,0,0,1
fixed,full_n65536,specialized,8,64,48309.891,2097152,0,0,1
fixed,full_n65536,flock,8,64,53343.094,2097152,0,0,1
fixed,full_n65536,prepared,8,64,48195.969,2097152,0,0,1
fixed,full_n65536,scalar_lanes,8,64,53608.062,2097152,0,0,1
fixed,full_n65536,shared,8,64,53759.766,2097152,0,0,1
fixed,full_n65536,prepared,9,64,48072.266,2097152,0,0,1
fixed,full_n65536,flock,9,64,53110.688,2097152,0,0,1
fixed,full_n65536,shared,9,64,53941.406,2097152,0,0,1
fixed,full_n65536,specialized,9,64,47905.594,2097152,0,0,1
fixed,full_n65536,scalar_lanes,9,64,53825.531,2097152,0,0,1
fixed,full_n65536,prepared,10,64,49099.609,2097152,0,0,1
fixed,full_n65536,flock,10,64,52435.547,2097152,0,0,1
fixed,full_n65536,scalar_lanes,10,64,52578.125,2097152,0,0,1
fixed,full_n65536,shared,10,64,53978.516,2097152,0,0,1
fixed,full_n65536,specialized,10,64,47712.891,2097152,0,0,1
fixed,full_n65536,flock,11,64,55595.703,2097152,0,0,1
fixed,full_n65536,scalar_lanes,11,64,55394.531,2097152,0,0,1
fixed,full_n65536,specialized,11,64,49630.203,2097152,0,0,1
fixed,full_n65536,prepared,11,64,49332.031,2097152,0,0,1
fixed,full_n65536,shared,11,64,55160.812,2097152,0,0,1
fixed,full_n65536,specialized,12,64,49982.422,2097152,0,0,1
fixed,full_n65536,flock,12,64,53722.656,2097152,0,0,1
fixed,full_n65536,prepared,12,64,48248.703,2097152,0,0,1
fixed,full_n65536,shared,12,64,54009.766,2097152,0,0,1
fixed,full_n65536,scalar_lanes,12,64,54690.750,2097152,0,0,1
fixed,full_n65536,prepared,13,64,49455.078,2097152,0,0,1
fixed,full_n65536,flock,13,64,53399.094,2097152,0,0,1
fixed,full_n65536,scalar_lanes,13,64,52895.188,2097152,0,0,1
fixed,full_n65536,specialized,13,64,49415.359,2097152,0,0,1
fixed,full_n65536,shared,13,64,54447.266,2097152,0,0,1
fixed,full_n65536,specialized,14,64,49263.016,2097152,0,0,1
fixed,full_n65536,flock,14,64,53365.234,2097152,0,0,1
fixed,full_n65536,prepared,14,64,48959.641,2097152,0,0,1
fixed,full_n65536,scalar_lanes,14,64,53431.641,2097152,0,0,1
fixed,full_n65536,shared,14,64,53516.922,2097152,0,0,1
fixed,full_n65536,scalar_lanes,15,64,52704.438,2097152,0,0,1
fixed,full_n65536,prepared,15,64,48550.781,2097152,0,0,1
fixed,full_n65536,specialized,15,64,48380.859,2097152,0,0,1
fixed,full_n65536,flock,15,64,53541.672,2097152,0,0,1
fixed,full_n65536,shared,15,64,53968.750,2097152,0,0,1
fixed,full_n65536,scalar_lanes,16,64,53053.391,2097152,0,0,1
fixed,full_n65536,specialized,16,64,47234.375,2097152,0,0,1
fixed,full_n65536,prepared,16,64,47285.812,2097152,0,0,1
fixed,full_n65536,flock,16,64,53558.594,2097152,0,0,1
fixed,full_n65536,shared,16,64,53827.469,2097152,0,0,1
fixed,full_n65536,shared,17,64,54093.109,2097152,0,0,1
fixed,full_n65536,flock,17,64,53358.719,2097152,0,0,1
fixed,full_n65536,prepared,17,64,48266.266,2097152,0,0,1
fixed,full_n65536,specialized,17,64,47522.125,2097152,0,0,1
fixed,full_n65536,scalar_lanes,17,64,54501.297,2097152,0,0,1
fixed,full_n65536,prepared,18,64,49315.109,2097152,0,0,1
fixed,full_n65536,flock,18,64,53222.000,2097152,0,0,1
fixed,full_n65536,scalar_lanes,18,64,53782.562,2097152,0,0,1
fixed,full_n65536,shared,18,64,53761.078,2097152,0,0,1
fixed,full_n65536,specialized,18,64,49378.906,2097152,0,0,1
fixed,full_n65536,flock,19,64,53612.641,2097152,0,0,1
fixed,full_n65536,scalar_lanes,19,64,53180.344,2097152,0,0,1
fixed,full_n65536,prepared,19,64,47486.328,2097152,0,0,1
fixed,full_n65536,shared,19,64,53708.328,2097152,0,0,1
fixed,full_n65536,specialized,19,64,49351.562,2097152,0,0,1
fixed,full_n65536,scalar_lanes,20,64,53787.109,2097152,0,0,1
fixed,full_n65536,shared,20,64,53882.172,2097152,0,0,1
fixed,full_n65536,specialized,20,64,47810.547,2097152,0,0,1
fixed,full_n65536,flock,20,64,52744.797,2097152,0,0,1
fixed,full_n65536,prepared,20,64,47636.062,2097152,0,0,1
fixed,full_n65536,scalar_lanes,21,64,53493.484,2097152,0,0,1
fixed,full_n65536,prepared,21,64,48661.453,2097152,0,0,1
fixed,full_n65536,shared,21,64,53938.141,2097152,0,0,1
fixed,full_n65536,flock,21,64,53215.500,2097152,0,0,1
fixed,full_n65536,specialized,21,64,48106.766,2097152,0,0,1
fixed,full_n65536,flock,22,64,52795.578,2097152,0,0,1
fixed,full_n65536,scalar_lanes,22,64,53613.938,2097152,0,0,1
fixed,full_n65536,prepared,22,64,48305.984,2097152,0,0,1
fixed,full_n65536,specialized,22,64,48361.328,2097152,0,0,1
fixed,full_n65536,shared,22,64,54147.781,2097152,0,0,1
fixed,full_n65536,prepared,23,64,47751.297,2097152,0,0,1
fixed,full_n65536,shared,23,64,54065.750,2097152,0,0,1
fixed,full_n65536,scalar_lanes,23,64,52920.578,2097152,0,0,1
fixed,full_n65536,flock,23,64,53448.562,2097152,0,0,1
fixed,full_n65536,specialized,23,64,48074.219,2097152,0,0,1
fixed,full_n65536,shared,24,64,53865.891,2097152,0,0,1
fixed,full_n65536,flock,24,64,53125.000,2097152,0,0,1
fixed,full_n65536,specialized,24,64,48503.906,2097152,0,0,1
fixed,full_n65536,scalar_lanes,24,64,52671.875,2097152,0,0,1
fixed,full_n65536,prepared,24,64,47775.391,2097152,0,0,1
fixed,full_n65536,prepared,25,64,47612.625,2097152,0,0,1
fixed,full_n65536,scalar_lanes,25,64,53393.234,2097152,0,0,1
fixed,full_n65536,shared,25,64,53826.172,2097152,0,0,1
fixed,full_n65536,specialized,25,64,47923.828,2097152,0,0,1
fixed,full_n65536,flock,25,64,52866.531,2097152,0,0,1
fixed,full_n65536,scalar_lanes,26,64,52877.609,2097152,0,0,1
fixed,full_n65536,shared,26,64,53916.672,2097152,0,0,1
fixed,full_n65536,prepared,26,64,48316.406,2097152,0,0,1
fixed,full_n65536,specialized,26,64,47440.766,2097152,0,0,1
fixed,full_n65536,flock,26,64,53001.953,2097152,0,0,1
fixed,full_n65536,prepared,27,64,48880.219,2097152,0,0,1
fixed,full_n65536,specialized,27,64,47968.094,2097152,0,0,1
fixed,full_n65536,flock,27,64,52966.156,2097152,0,0,1
fixed,full_n65536,scalar_lanes,27,64,53494.797,2097152,0,0,1
fixed,full_n65536,shared,27,64,53638.672,2097152,0,0,1
fixed,full_n65536,prepared,28,64,47571.609,2097152,0,0,1
fixed,full_n65536,specialized,28,64,47787.109,2097152,0,0,1
fixed,full_n65536,shared,28,64,53872.406,2097152,0,0,1
fixed,full_n65536,scalar_lanes,28,64,52792.969,2097152,0,0,1
fixed,full_n65536,flock,28,64,53183.594,2097152,0,0,1
fixed,full_n65536,shared,29,64,53855.469,2097152,0,0,1
fixed,full_n65536,specialized,29,64,48156.906,2097152,0,0,1
fixed,full_n65536,flock,29,64,53093.750,2097152,0,0,1
fixed,full_n65536,scalar_lanes,29,64,53271.484,2097152,0,0,1
fixed,full_n65536,prepared,29,64,47587.234,2097152,0,0,1
fixed,full_n65536,scalar_lanes,30,64,53126.953,2097152,0,0,1
fixed,full_n65536,specialized,30,64,47535.156,2097152,0,0,1
fixed,full_n65536,prepared,30,64,48282.547,2097152,0,0,1
fixed,full_n65536,flock,30,64,53432.938,2097152,0,0,1
fixed,full_n65536,shared,30,64,53851.562,2097152,0,0,1
fixed,full_n65536,prepared,31,64,48159.500,2097152,0,0,1
fixed,full_n65536,scalar_lanes,31,64,52908.844,2097152,0,0,1
fixed,full_n65536,flock,31,64,53175.781,2097152,0,0,1
fixed,full_n65536,shared,31,64,53685.547,2097152,0,0,1
fixed,full_n65536,specialized,31,64,48064.453,2097152,0,0,1
butterfly,full_n65536,scalar_lanes,0,64,82854.156,4194304,0,0,1
butterfly,full_n65536,specialized,0,64,84539.062,4194304,0,0,1
butterfly,full_n65536,shared,0,64,84354.828,4194304,0,0,1
butterfly,full_n65536,flock,0,64,84086.578,4194304,0,0,1
butterfly,full_n65536,prepared,0,64,76470.047,4194304,0,0,1
butterfly,full_n65536,prepared,1,64,73953.125,4194304,0,0,1
butterfly,full_n65536,flock,1,64,81113.281,4194304,0,0,1
butterfly,full_n65536,shared,1,64,83957.031,4194304,0,0,1
butterfly,full_n65536,specialized,1,64,82487.625,4194304,0,0,1
butterfly,full_n65536,scalar_lanes,1,64,81071.625,4194304,0,0,1
butterfly,full_n65536,shared,2,64,81261.719,4194304,0,0,1
butterfly,full_n65536,specialized,2,64,76726.562,4194304,0,0,1
butterfly,full_n65536,scalar_lanes,2,64,80365.891,4194304,0,0,1
butterfly,full_n65536,prepared,2,64,73017.578,4194304,0,0,1
butterfly,full_n65536,flock,2,64,79529.953,4194304,0,0,1
butterfly,full_n65536,shared,3,64,76457.688,4194304,0,0,1
butterfly,full_n65536,specialized,3,64,71863.281,4194304,0,0,1
butterfly,full_n65536,prepared,3,64,71419.266,4194304,0,0,1
butterfly,full_n65536,scalar_lanes,3,64,74279.938,4194304,0,0,1
butterfly,full_n65536,flock,3,64,75443.359,4194304,0,0,1
butterfly,full_n65536,shared,4,64,74986.328,4194304,0,0,1
butterfly,full_n65536,prepared,4,64,70955.078,4194304,0,0,1
butterfly,full_n65536,flock,4,64,74594.406,4194304,0,0,1
butterfly,full_n65536,scalar_lanes,4,64,75982.422,4194304,0,0,1
butterfly,full_n65536,specialized,4,64,72628.906,4194304,0,0,1
butterfly,full_n65536,specialized,5,64,71783.859,4194304,0,0,1
butterfly,full_n65536,scalar_lanes,5,64,74550.781,4194304,0,0,1
butterfly,full_n65536,flock,5,64,75986.328,4194304,0,0,1
butterfly,full_n65536,prepared,5,64,72935.547,4194304,0,0,1
butterfly,full_n65536,shared,5,64,75828.125,4194304,0,0,1
butterfly,full_n65536,prepared,6,64,73233.078,4194304,0,0,1
butterfly,full_n65536,shared,6,64,75710.938,4194304,0,0,1
butterfly,full_n65536,specialized,6,64,72597.656,4194304,0,0,1
butterfly,full_n65536,flock,6,64,77670.562,4194304,0,0,1
butterfly,full_n65536,scalar_lanes,6,64,76065.109,4194304,0,0,1
butterfly,full_n65536,shared,7,64,74654.297,4194304,0,0,1
butterfly,full_n65536,specialized,7,64,73669.922,4194304,0,0,1
butterfly,full_n65536,scalar_lanes,7,64,76344.406,4194304,0,0,1
butterfly,full_n65536,flock,7,64,75940.109,4194304,0,0,1
butterfly,full_n65536,prepared,7,64,72294.922,4194304,0,0,1
butterfly,full_n65536,prepared,8,64,72949.219,4194304,0,0,1
butterfly,full_n65536,flock,8,64,75629.562,4194304,0,0,1
butterfly,full_n65536,scalar_lanes,8,64,74748.047,4194304,0,0,1
butterfly,full_n65536,shared,8,64,75035.812,4194304,0,0,1
butterfly,full_n65536,specialized,8,64,71772.781,4194304,0,0,1
butterfly,full_n65536,flock,9,64,77417.312,4194304,0,0,1
butterfly,full_n65536,scalar_lanes,9,64,75779.953,4194304,0,0,1
butterfly,full_n65536,shared,9,64,77126.953,4194304,0,0,1
butterfly,full_n65536,prepared,9,64,71220.703,4194304,0,0,1
butterfly,full_n65536,specialized,9,64,72245.438,4194304,0,0,1
butterfly,full_n65536,flock,10,64,76565.109,4194304,0,0,1
butterfly,full_n65536,specialized,10,64,71944.656,4194304,0,0,1
butterfly,full_n65536,prepared,10,64,71803.391,4194304,0,0,1
butterfly,full_n65536,scalar_lanes,10,64,76069.000,4194304,0,0,1
butterfly,full_n65536,shared,10,64,76782.562,4194304,0,0,1
butterfly,full_n65536,scalar_lanes,11,64,75462.234,4194304,0,0,1
butterfly,full_n65536,prepared,11,64,71302.078,4194304,0,0,1
butterfly,full_n65536,specialized,11,64,73166.016,4194304,0,0,1
butterfly,full_n65536,flock,11,64,75460.281,4194304,0,0,1
butterfly,full_n65536,shared,11,64,75549.484,4194304,0,0,1
butterfly,full_n65536,scalar_lanes,12,64,75441.406,4194304,0,0,1
butterfly,full_n65536,shared,12,64,75388.016,4194304,0,0,1
butterfly,full_n65536,specialized,12,64,72044.281,4194304,0,0,1
butterfly,full_n65536,flock,12,64,75537.109,4194304,0,0,1
butterfly,full_n65536,prepared,12,64,72632.156,4194304,0,0,1
butterfly,full_n65536,prepared,13,64,71856.766,4194304,0,0,1
butterfly,full_n65536,specialized,13,64,71324.875,4194304,0,0,1
butterfly,full_n65536,shared,13,64,74207.688,4194304,0,0,1
butterfly,full_n65536,flock,13,64,74854.812,4194304,0,0,1
butterfly,full_n65536,scalar_lanes,13,64,74521.484,4194304,0,0,1
butterfly,full_n65536,shared,14,64,75052.734,4194304,0,0,1
butterfly,full_n65536,specialized,14,64,71882.156,4194304,0,0,1
butterfly,full_n65536,flock,14,64,75524.094,4194304,0,0,1
butterfly,full_n65536,prepared,14,64,71285.812,4194304,0,0,1
butterfly,full_n65536,scalar_lanes,14,64,76044.266,4194304,0,0,1
butterfly,full_n65536,flock,15,64,74931.641,4194304,0,0,1
butterfly,full_n65536,shared,15,64,75307.297,4194304,0,0,1
butterfly,full_n65536,prepared,15,64,71833.328,4194304,0,0,1
butterfly,full_n65536,scalar_lanes,15,64,75859.375,4194304,0,0,1
butterfly,full_n65536,specialized,15,64,71690.094,4194304,0,0,1
butterfly,full_n65536,flock,16,64,76135.422,4194304,0,0,1
butterfly,full_n65536,shared,16,64,75811.203,4194304,0,0,1
butterfly,full_n65536,prepared,16,64,71568.359,4194304,0,0,1
butterfly,full_n65536,scalar_lanes,16,64,76248.703,4194304,0,0,1
butterfly,full_n65536,specialized,16,64,71733.719,4194304,0,0,1
butterfly,full_n65536,scalar_lanes,17,64,76149.750,4194304,0,0,1
butterfly,full_n65536,specialized,17,64,72295.562,4194304,0,0,1
butterfly,full_n65536,prepared,17,64,71434.891,4194304,0,0,1
butterfly,full_n65536,flock,17,64,76153.000,4194304,0,0,1
butterfly,full_n65536,shared,17,64,76555.328,4194304,0,0,1
butterfly,full_n65536,specialized,18,64,72543.609,4194304,0,0,1
butterfly,full_n65536,scalar_lanes,18,64,75604.156,4194304,0,0,1
butterfly,full_n65536,prepared,18,64,73287.750,4194304,0,0,1
butterfly,full_n65536,shared,18,64,75401.688,4194304,0,0,1
butterfly,full_n65536,flock,18,64,75480.469,4194304,0,0,1
butterfly,full_n65536,specialized,19,64,72223.312,4194304,0,0,1
butterfly,full_n65536,scalar_lanes,19,64,75206.375,4194304,0,0,1
butterfly,full_n65536,shared,19,64,76681.641,4194304,0,0,1
butterfly,full_n65536,prepared,19,64,71939.453,4194304,0,0,1
butterfly,full_n65536,flock,19,64,76217.438,4194304,0,0,1
butterfly,full_n65536,specialized,20,64,72855.469,4194304,0,0,1
butterfly,full_n65536,shared,20,64,75214.844,4194304,0,0,1
butterfly,full_n65536,prepared,20,64,72378.266,4194304,0,0,1
butterfly,full_n65536,scalar_lanes,20,64,76172.531,4194304,0,0,1
butterfly,full_n65536,flock,20,64,75358.719,4194304,0,0,1
butterfly,full_n65536,specialized,21,64,71930.984,4194304,0,0,1
butterfly,full_n65536,flock,21,64,75082.031,4194304,0,0,1
butterfly,full_n65536,shared,21,64,75823.562,4194304,0,0,1
butterfly,full_n65536,prepared,21,64,71986.328,4194304,0,0,1
butterfly,full_n65536,scalar_lanes,21,64,76270.828,4194304,0,0,1
butterfly,full_n65536,flock,22,64,75361.328,4194304,0,0,1
butterfly,full_n65536,scalar_lanes,22,64,75378.250,4194304,0,0,1
butterfly,full_n65536,shared,22,64,75399.078,4194304,0,0,1
butterfly,full_n65536,specialized,22,64,72069.656,4194304,0,0,1
butterfly,full_n65536,prepared,22,64,72294.922,4194304,0,0,1
butterfly,full_n65536,scalar_lanes,23,64,76371.750,4194304,0,0,1
butterfly,full_n65536,flock,23,64,76335.281,4194304,0,0,1
butterfly,full_n65536,prepared,23,64,72182.281,4194304,0,0,1
butterfly,full_n65536,shared,23,64,75384.766,4194304,0,0,1
butterfly,full_n65536,specialized,23,64,71371.094,4194304,0,0,1
butterfly,full_n65536,specialized,24,64,71327.484,4194304,0,0,1
butterfly,full_n65536,shared,24,64,74716.797,4194304,0,0,1
butterfly,full_n65536,flock,24,64,75678.375,4194304,0,0,1
butterfly,full_n65536,prepared,24,64,72136.719,4194304,0,0,1
butterfly,full_n65536,scalar_lanes,24,64,76362.625,4194304,0,0,1
butterfly,full_n65536,scalar_lanes,25,64,76833.328,4194304,0,0,1
butterfly,full_n65536,prepared,25,64,72230.469,4194304,0,0,1
butterfly,full_n65536,specialized,25,64,71896.484,4194304,0,0,1
butterfly,full_n65536,shared,25,64,75451.828,4194304,0,0,1
butterfly,full_n65536,flock,25,64,74564.453,4194304,0,0,1
butterfly,full_n65536,scalar_lanes,26,64,74031.906,4194304,0,0,1
butterfly,full_n65536,flock,26,64,74790.359,4194304,0,0,1
butterfly,full_n65536,shared,26,64,76550.141,4194304,0,0,1
butterfly,full_n65536,prepared,26,64,71602.859,4194304,0,0,1
butterfly,full_n65536,specialized,26,64,71264.984,4194304,0,0,1
butterfly,full_n65536,shared,27,64,75896.484,4194304,0,0,1
butterfly,full_n65536,flock,27,64,76070.312,4194304,0,0,1
butterfly,full_n65536,scalar_lanes,27,64,74900.391,4194304,0,0,1
butterfly,full_n65536,specialized,27,64,70925.125,4194304,0,0,1
butterfly,full_n65536,prepared,27,64,71694.672,4194304,0,0,1
butterfly,full_n65536,shared,28,64,76457.688,4194304,0,0,1
butterfly,full_n65536,prepared,28,64,71481.766,4194304,0,0,1
butterfly,full_n65536,scalar_lanes,28,64,75957.031,4194304,0,0,1
butterfly,full_n65536,flock,28,64,76358.719,4194304,0,0,1
butterfly,full_n65536,specialized,28,64,71342.438,4194304,0,0,1
butterfly,full_n65536,flock,29,64,76109.375,4194304,0,0,1
butterfly,full_n65536,specialized,29,64,72138.031,4194304,0,0,1
butterfly,full_n65536,prepared,29,64,72705.734,4194304,0,0,1
butterfly,full_n65536,scalar_lanes,29,64,75123.703,4194304,0,0,1
butterfly,full_n65536,shared,29,64,76994.781,4194304,0,0,1
butterfly,full_n65536,shared,30,64,75492.188,4194304,0,0,1
butterfly,full_n65536,prepared,30,64,72213.531,4194304,0,0,1
butterfly,full_n65536,flock,30,64,75611.984,4194304,0,0,1
butterfly,full_n65536,scalar_lanes,30,64,76025.391,4194304,0,0,1
butterfly,full_n65536,specialized,30,64,71946.609,4194304,0,0,1
butterfly,full_n65536,shared,31,64,74735.688,4194304,0,0,1
butterfly,full_n65536,flock,31,64,74830.734,4194304,0,0,1
butterfly,full_n65536,specialized,31,64,73040.359,4194304,0,0,1
butterfly,full_n65536,scalar_lanes,31,64,75520.172,4194304,0,0,1
butterfly,full_n65536,prepared,31,64,71296.875,4194304,0,0,1
fixed,full_n1048576,scalar_lanes,0,4,870187.500,33554432,0,0,1
fixed,full_n1048576,specialized,0,4,779489.750,33554432,0,0,1
fixed,full_n1048576,shared,0,4,867177.250,33554432,0,0,1
fixed,full_n1048576,flock,0,4,880041.750,33554432,0,0,1
fixed,full_n1048576,prepared,0,4,771875.000,33554432,0,0,1
fixed,full_n1048576,scalar_lanes,1,4,854968.750,33554432,0,0,1
fixed,full_n1048576,shared,1,4,856937.500,33554432,0,0,1
fixed,full_n1048576,flock,1,4,863791.500,33554432,0,0,1
fixed,full_n1048576,prepared,1,4,795052.000,33554432,0,0,1
fixed,full_n1048576,specialized,1,4,786208.250,33554432,0,0,1
fixed,full_n1048576,prepared,2,4,778354.250,33554432,0,0,1
fixed,full_n1048576,specialized,2,4,812281.250,33554432,0,0,1
fixed,full_n1048576,scalar_lanes,2,4,886458.250,33554432,0,0,1
fixed,full_n1048576,flock,2,4,868531.250,33554432,0,0,1
fixed,full_n1048576,shared,2,4,865010.250,33554432,0,0,1
fixed,full_n1048576,specialized,3,4,795968.750,33554432,0,0,1
fixed,full_n1048576,shared,3,4,876041.750,33554432,0,0,1
fixed,full_n1048576,flock,3,4,889385.500,33554432,0,0,1
fixed,full_n1048576,prepared,3,4,802062.500,33554432,0,0,1
fixed,full_n1048576,scalar_lanes,3,4,877698.000,33554432,0,0,1
fixed,full_n1048576,shared,4,4,872177.000,33554432,0,0,1
fixed,full_n1048576,flock,4,4,870270.750,33554432,0,0,1
fixed,full_n1048576,specialized,4,4,783552.250,33554432,0,0,1
fixed,full_n1048576,scalar_lanes,4,4,893718.750,33554432,0,0,1
fixed,full_n1048576,prepared,4,4,791521.000,33554432,0,0,1
fixed,full_n1048576,shared,5,4,892135.500,33554432,0,0,1
fixed,full_n1048576,specialized,5,4,784239.500,33554432,0,0,1
fixed,full_n1048576,flock,5,4,873458.250,33554432,0,0,1
fixed,full_n1048576,prepared,5,4,811937.500,33554432,0,0,1
fixed,full_n1048576,scalar_lanes,5,4,877135.500,33554432,0,0,1
fixed,full_n1048576,prepared,6,4,790291.500,33554432,0,0,1
fixed,full_n1048576,flock,6,4,874323.000,33554432,0,0,1
fixed,full_n1048576,scalar_lanes,6,4,877895.750,33554432,0,0,1
fixed,full_n1048576,specialized,6,4,786948.000,33554432,0,0,1
fixed,full_n1048576,shared,6,4,871218.750,33554432,0,0,1
fixed,full_n1048576,scalar_lanes,7,4,858291.500,33554432,0,0,1
fixed,full_n1048576,prepared,7,4,806614.500,33554432,0,0,1
fixed,full_n1048576,shared,7,4,878604.000,33554432,0,0,1
fixed,full_n1048576,specialized,7,4,787656.250,33554432,0,0,1
fixed,full_n1048576,flock,7,4,866250.000,33554432,0,0,1
fixed,full_n1048576,flock,8,4,874698.000,33554432,0,0,1
fixed,full_n1048576,specialized,8,4,820812.500,33554432,0,0,1
fixed,full_n1048576,shared,8,4,875843.750,33554432,0,0,1
fixed,full_n1048576,scalar_lanes,8,4,870323.000,33554432,0,0,1
fixed,full_n1048576,prepared,8,4,778562.500,33554432,0,0,1
fixed,full_n1048576,prepared,9,4,794229.250,33554432,0,0,1
fixed,full_n1048576,specialized,9,4,804895.750,33554432,0,0,1
fixed,full_n1048576,scalar_lanes,9,4,875354.000,33554432,0,0,1
fixed,full_n1048576,flock,9,4,864489.500,33554432,0,0,1
fixed,full_n1048576,shared,9,4,876885.500,33554432,0,0,1
fixed,full_n1048576,prepared,10,4,796718.750,33554432,0,0,1
fixed,full_n1048576,specialized,10,4,802187.500,33554432,0,0,1
fixed,full_n1048576,flock,10,4,867698.000,33554432,0,0,1
fixed,full_n1048576,shared,10,4,867198.000,33554432,0,0,1
fixed,full_n1048576,scalar_lanes,10,4,872625.000,33554432,0,0,1
fixed,full_n1048576,prepared,11,4,788750.000,33554432,0,0,1
fixed,full_n1048576,scalar_lanes,11,4,877093.750,33554432,0,0,1
fixed,full_n1048576,flock,11,4,866635.250,33554432,0,0,1
fixed,full_n1048576,shared,11,4,878833.500,33554432,0,0,1
fixed,full_n1048576,specialized,11,4,795000.000,33554432,0,0,1
fixed,full_n1048576,flock,12,4,875875.000,33554432,0,0,1
fixed,full_n1048576,shared,12,4,872833.500,33554432,0,0,1
fixed,full_n1048576,scalar_lanes,12,4,882833.250,33554432,0,0,1
fixed,full_n1048576,specialized,12,4,803031.250,33554432,0,0,1
fixed,full_n1048576,prepared,12,4,812916.750,33554432,0,0,1
fixed,full_n1048576,flock,13,4,875406.250,33554432,0,0,1
fixed,full_n1048576,scalar_lanes,13,4,878052.250,33554432,0,0,1
fixed,full_n1048576,specialized,13,4,804323.000,33554432,0,0,1
fixed,full_n1048576,prepared,13,4,797979.250,33554432,0,0,1
fixed,full_n1048576,shared,13,4,877208.250,33554432,0,0,1
fixed,full_n1048576,flock,14,4,870218.750,33554432,0,0,1
fixed,full_n1048576,scalar_lanes,14,4,876593.750,33554432,0,0,1
fixed,full_n1048576,prepared,14,4,783812.500,33554432,0,0,1
fixed,full_n1048576,shared,14,4,865645.750,33554432,0,0,1
fixed,full_n1048576,specialized,14,4,789291.750,33554432,0,0,1
fixed,full_n1048576,shared,15,4,863718.750,33554432,0,0,1
fixed,full_n1048576,prepared,15,4,788812.500,33554432,0,0,1
fixed,full_n1048576,specialized,15,4,791656.250,33554432,0,0,1
fixed,full_n1048576,scalar_lanes,15,4,870385.500,33554432,0,0,1
fixed,full_n1048576,flock,15,4,866468.750,33554432,0,0,1
fixed,full_n1048576,specialized,16,4,794843.750,33554432,0,0,1
fixed,full_n1048576,shared,16,4,870260.500,33554432,0,0,1
fixed,full_n1048576,prepared,16,4,802812.500,33554432,0,0,1
fixed,full_n1048576,flock,16,4,880250.000,33554432,0,0,1
fixed,full_n1048576,scalar_lanes,16,4,887562.500,33554432,0,0,1
fixed,full_n1048576,flock,17,4,883739.500,33554432,0,0,1
fixed,full_n1048576,prepared,17,4,798781.250,33554432,0,0,1
fixed,full_n1048576,scalar_lanes,17,4,878229.250,33554432,0,0,1
fixed,full_n1048576,shared,17,4,861062.500,33554432,0,0,1
fixed,full_n1048576,specialized,17,4,783354.000,33554432,0,0,1
fixed,full_n1048576,flock,18,4,866291.750,33554432,0,0,1
fixed,full_n1048576,prepared,18,4,775510.500,33554432,0,0,1
fixed,full_n1048576,shared,18,4,857562.500,33554432,0,0,1
fixed,full_n1048576,scalar_lanes,18,4,862979.250,33554432,0,0,1
fixed,full_n1048576,specialized,18,4,767614.750,33554432,0,0,1
fixed,full_n1048576,specialized,19,4,768833.250,33554432,0,0,1
fixed,full_n1048576,prepared,19,4,766375.000,33554432,0,0,1
fixed,full_n1048576,shared,19,4,862177.250,33554432,0,0,1
fixed,full_n1048576,flock,19,4,858885.500,33554432,0,0,1
fixed,full_n1048576,scalar_lanes,19,4,861510.500,33554432,0,0,1
fixed,full_n1048576,scalar_lanes,20,4,858979.250,33554432,0,0,1
fixed,full_n1048576,flock,20,4,867854.250,33554432,0,0,1
fixed,full_n1048576,specialized,20,4,789052.000,33554432,0,0,1
fixed,full_n1048576,prepared,20,4,776770.750,33554432,0,0,1
fixed,full_n1048576,shared,20,4,861968.750,33554432,0,0,1
fixed,full_n1048576,specialized,21,4,764916.750,33554432,0,0,1
fixed,full_n1048576,prepared,21,4,770989.750,33554432,0,0,1
fixed,full_n1048576,shared,21,4,873302.000,33554432,0,0,1
fixed,full_n1048576,flock,21,4,908437.500,33554432,0,0,1
fixed,full_n1048576,scalar_lanes,21,4,874281.250,33554432,0,0,1
fixed,full_n1048576,scalar_lanes,22,4,876447.750,33554432,0,0,1
fixed,full_n1048576,shared,22,4,881666.750,33554432,0,0,1
fixed,full_n1048576,specialized,22,4,797927.250,33554432,0,0,1
fixed,full_n1048576,prepared,22,4,802125.000,33554432,0,0,1
fixed,full_n1048576,flock,22,4,874666.750,33554432,0,0,1
fixed,full_n1048576,shared,23,4,884323.000,33554432,0,0,1
fixed,full_n1048576,specialized,23,4,817864.500,33554432,0,0,1
fixed,full_n1048576,scalar_lanes,23,4,880697.750,33554432,0,0,1
fixed,full_n1048576,prepared,23,4,803010.250,33554432,0,0,1
fixed,full_n1048576,flock,23,4,873927.000,33554432,0,0,1
fixed,full_n1048576,specialized,24,4,784947.750,33554432,0,0,1
fixed,full_n1048576,prepared,24,4,831354.000,33554432,0,0,1
fixed,full_n1048576,flock,24,4,880145.750,33554432,0,0,1
fixed,full_n1048576,scalar_lanes,24,4,874656.250,33554432,0,0,1
fixed,full_n1048576,shared,24,4,900979.250,33554432,0,0,1
fixed,full_n1048576,prepared,25,4,829666.750,33554432,0,0,1
fixed,full_n1048576,flock,25,4,874062.500,33554432,0,0,1
fixed,full_n1048576,scalar_lanes,25,4,861135.500,33554432,0,0,1
fixed,full_n1048576,shared,25,4,880375.000,33554432,0,0,1
fixed,full_n1048576,specialized,25,4,786677.000,33554432,0,0,1
fixed,full_n1048576,shared,26,4,869666.750,33554432,0,0,1
fixed,full_n1048576,scalar_lanes,26,4,873020.750,33554432,0,0,1
fixed,full_n1048576,prepared,26,4,807166.750,33554432,0,0,1
fixed,full_n1048576,specialized,26,4,798614.750,33554432,0,0,1
fixed,full_n1048576,flock,26,4,886198.000,33554432,0,0,1
fixed,full_n1048576,prepared,27,4,820291.750,33554432,0,0,1
fixed,full_n1048576,flock,27,4,880177.250,33554432,0,0,1
fixed,full_n1048576,shared,27,4,865593.750,33554432,0,0,1
fixed,full_n1048576,scalar_lanes,27,4,902260.500,33554432,0,0,1
fixed,full_n1048576,specialized,27,4,803281.250,33554432,0,0,1
fixed,full_n1048576,flock,28,4,866041.500,33554432,0,0,1
fixed,full_n1048576,shared,28,4,896135.250,33554432,0,0,1
fixed,full_n1048576,prepared,28,4,808208.250,33554432,0,0,1
fixed,full_n1048576,specialized,28,4,787416.750,33554432,0,0,1
fixed,full_n1048576,scalar_lanes,28,4,880541.750,33554432,0,0,1
fixed,full_n1048576,flock,29,4,876385.250,33554432,0,0,1
fixed,full_n1048576,scalar_lanes,29,4,880187.500,33554432,0,0,1
fixed,full_n1048576,specialized,29,4,789677.250,33554432,0,0,1
fixed,full_n1048576,shared,29,4,904541.500,33554432,0,0,1
fixed,full_n1048576,prepared,29,4,792791.750,33554432,0,0,1
fixed,full_n1048576,shared,30,4,858104.250,33554432,0,0,1
fixed,full_n1048576,specialized,30,4,771854.250,33554432,0,0,1
fixed,full_n1048576,flock,30,4,873250.000,33554432,0,0,1
fixed,full_n1048576,prepared,30,4,789656.250,33554432,0,0,1
fixed,full_n1048576,scalar_lanes,30,4,853583.250,33554432,0,0,1
fixed,full_n1048576,specialized,31,4,767250.000,33554432,0,0,1
fixed,full_n1048576,scalar_lanes,31,4,862843.750,33554432,0,0,1
fixed,full_n1048576,shared,31,4,857531.250,33554432,0,0,1
fixed,full_n1048576,prepared,31,4,777895.750,33554432,0,0,1
fixed,full_n1048576,flock,31,4,889468.750,33554432,0,0,1
butterfly,full_n1048576,scalar_lanes,0,4,1246333.500,67108864,0,0,1
butterfly,full_n1048576,flock,0,4,1219697.750,67108864,0,0,1
butterfly,full_n1048576,specialized,0,4,1152802.250,67108864,0,0,1
butterfly,full_n1048576,shared,0,4,1238000.000,67108864,0,0,1
butterfly,full_n1048576,prepared,0,4,1206843.750,67108864,0,0,1
butterfly,full_n1048576,scalar_lanes,1,4,1233073.000,67108864,0,0,1
butterfly,full_n1048576,shared,1,4,1233208.500,67108864,0,0,1
butterfly,full_n1048576,specialized,1,4,1170552.000,67108864,0,0,1
butterfly,full_n1048576,prepared,1,4,1163427.250,67108864,0,0,1
butterfly,full_n1048576,flock,1,4,1220343.750,67108864,0,0,1
butterfly,full_n1048576,prepared,2,4,1186927.000,67108864,0,0,1
butterfly,full_n1048576,flock,2,4,1229802.000,67108864,0,0,1
butterfly,full_n1048576,specialized,2,4,1174583.500,67108864,0,0,1
butterfly,full_n1048576,scalar_lanes,2,4,1222843.750,67108864,0,0,1
butterfly,full_n1048576,shared,2,4,1266343.750,67108864,0,0,1
butterfly,full_n1048576,scalar_lanes,3,4,1227604.250,67108864,0,0,1
butterfly,full_n1048576,specialized,3,4,1173791.500,67108864,0,0,1
butterfly,full_n1048576,shared,3,4,1223187.500,67108864,0,0,1
butterfly,full_n1048576,flock,3,4,1223208.250,67108864,0,0,1
butterfly,full_n1048576,prepared,3,4,1176093.750,67108864,0,0,1
butterfly,full_n1048576,scalar_lanes,4,4,1236718.750,67108864,0,0,1
butterfly,full_n1048576,prepared,4,4,1188947.750,67108864,0,0,1
butterfly,full_n1048576,shared,4,4,1234520.750,67108864,0,0,1
butterfly,full_n1048576,specialized,4,4,1161864.500,67108864,0,0,1
butterfly,full_n1048576,flock,4,4,1221052.000,67108864,0,0,1
butterfly,full_n1048576,prepared,5,4,1177614.500,67108864,0,0,1
butterfly,full_n1048576,shared,5,4,1240583.250,67108864,0,0,1
butterfly,full_n1048576,specialized,5,4,1173448.000,67108864,0,0,1
butterfly,full_n1048576,scalar_lanes,5,4,1203646.000,67108864,0,0,1
butterfly,full_n1048576,flock,5,4,1262197.750,67108864,0,0,1
butterfly,full_n1048576,prepared,6,4,1178552.000,67108864,0,0,1
butterfly,full_n1048576,flock,6,4,1205208.250,67108864,0,0,1
butterfly,full_n1048576,scalar_lanes,6,4,1203583.500,67108864,0,0,1
butterfly,full_n1048576,specialized,6,4,1199729.000,67108864,0,0,1
butterfly,full_n1048576,shared,6,4,1231687.500,67108864,0,0,1
butterfly,full_n1048576,flock,7,4,1214916.750,67108864,0,0,1
butterfly,full_n1048576,specialized,7,4,1154510.250,67108864,0,0,1
butterfly,full_n1048576,prepared,7,4,1175823.000,67108864,0,0,1
butterfly,full_n1048576,shared,7,4,1259833.500,67108864,0,0,1
butterfly,full_n1048576,scalar_lanes,7,4,1240593.750,67108864,0,0,1
butterfly,full_n1048576,prepared,8,4,1145812.500,67108864,0,0,1
butterfly,full_n1048576,scalar_lanes,8,4,1211781.250,67108864,0,0,1
butterfly,full_n1048576,flock,8,4,1212666.750,67108864,0,0,1
butterfly,full_n1048576,shared,8,4,1209333.250,67108864,0,0,1
butterfly,full_n1048576,specialized,8,4,1150833.500,67108864,0,0,1
butterfly,full_n1048576,prepared,9,4,1144489.500,67108864,0,0,1
butterfly,full_n1048576,scalar_lanes,9,4,1197000.000,67108864,0,0,1
butterfly,full_n1048576,specialized,9,4,1173093.750,67108864,0,0,1
butterfly,full_n1048576,flock,9,4,1207062.500,67108864,0,0,1
butterfly,full_n1048576,shared,9,4,1209010.500,67108864,0,0,1
butterfly,full_n1048576,prepared,10,4,1167322.750,67108864,0,0,1
butterfly,full_n1048576,specialized,10,4,1157333.250,67108864,0,0,1
butterfly,full_n1048576,scalar_lanes,10,4,1198708.250,67108864,0,0,1
butterfly,full_n1048576,shared,10,4,1237177.250,67108864,0,0,1
butterfly,full_n1048576,flock,10,4,1249083.500,67108864,0,0,1
butterfly,full_n1048576,shared,11,4,1208531.250,67108864,0,0,1
butterfly,full_n1048576,flock,11,4,1223906.250,67108864,0,0,1
butterfly,full_n1048576,prepared,11,4,1203229.250,67108864,0,0,1
butterfly,full_n1048576,specialized,11,4,1182968.750,67108864,0,0,1
butterfly,full_n1048576,scalar_lanes,11,4,1226250.000,67108864,0,0,1
butterfly,full_n1048576,scalar_lanes,12,4,1235646.000,67108864,0,0,1
butterfly,full_n1048576,specialized,12,4,1201833.500,67108864,0,0,1
butterfly,full_n1048576,flock,12,4,1220520.750,67108864,0,0,1
butterfly,full_n1048576,shared,12,4,1217375.000,67108864,0,0,1
butterfly,full_n1048576,prepared,12,4,1171406.250,67108864,0,0,1
butterfly,full_n1048576,shared,13,4,1253541.750,67108864,0,0,1
butterfly,full_n1048576,prepared,13,4,1171052.000,67108864,0,0,1
butterfly,full_n1048576,scalar_lanes,13,4,1221302.000,67108864,0,0,1
butterfly,full_n1048576,flock,13,4,1251260.500,67108864,0,0,1
butterfly,full_n1048576,specialized,13,4,1166343.750,67108864,0,0,1
butterfly,full_n1048576,shared,14,4,1248208.500,67108864,0,0,1
butterfly,full_n1048576,prepared,14,4,1197604.250,67108864,0,0,1
butterfly,full_n1048576,scalar_lanes,14,4,1246135.250,67108864,0,0,1
butterfly,full_n1048576,flock,14,4,1249760.500,67108864,0,0,1
butterfly,full_n1048576,specialized,14,4,1185020.750,67108864,0,0,1
butterfly,full_n1048576,prepared,15,4,1157979.000,67108864,0,0,1
butterfly,full_n1048576,scalar_lanes,15,4,1196270.750,67108864,0,0,1
butterfly,full_n1048576,specialized,15,4,1135698.000,67108864,0,0,1
butterfly,full_n1048576,flock,15,4,1215614.750,67108864,0,0,1
butterfly,full_n1048576,shared,15,4,1280218.750,67108864,0,0,1
butterfly,full_n1048576,shared,16,4,1323843.750,67108864,0,0,1
butterfly,full_n1048576,scalar_lanes,16,4,1278760.250,67108864,0,0,1
butterfly,full_n1048576,specialized,16,4,1153395.750,67108864,0,0,1
butterfly,full_n1048576,flock,16,4,1220708.500,67108864,0,0,1
butterfly,full_n1048576,prepared,16,4,1194177.250,67108864,0,0,1
butterfly,full_n1048576,flock,17,4,1251062.500,67108864,0,0,1
butterfly,full_n1048576,scalar_lanes,17,4,1238010.250,67108864,0,0,1
butterfly,full_n1048576,prepared,17,4,1176333.250,67108864,0,0,1
butterfly,full_n1048576,specialized,17,4,1184729.250,67108864,0,0,1
butterfly,full_n1048576,shared,17,4,1244604.250,67108864,0,0,1
butterfly,full_n1048576,prepared,18,4,1191396.000,67108864,0,0,1
butterfly,full_n1048576,scalar_lanes,18,4,1231979.000,67108864,0,0,1
butterfly,full_n1048576,specialized,18,4,1184083.250,67108864,0,0,1
butterfly,full_n1048576,flock,18,4,1208531.250,67108864,0,0,1
butterfly,full_n1048576,shared,18,4,1197885.500,67108864,0,0,1
butterfly,full_n1048576,prepared,19,4,1163385.500,67108864,0,0,1
butterfly,full_n1048576,shared,19,4,1206812.500,67108864,0,0,1
butterfly,full_n1048576,scalar_lanes,19,4,1236958.250,67108864,0,0,1
butterfly,full_n1048576,specialized,19,4,1178145.750,67108864,0,0,1
butterfly,full_n1048576,flock,19,4,1247427.000,67108864,0,0,1
butterfly,full_n1048576,scalar_lanes,20,4,1254895.750,67108864,0,0,1
butterfly,full_n1048576,shared,20,4,1229385.500,67108864,0,0,1
butterfly,full_n1048576,specialized,20,4,1159062.500,67108864,0,0,1
butterfly,full_n1048576,prepared,20,4,1175187.500,67108864,0,0,1
butterfly,full_n1048576,flock,20,4,1243125.000,67108864,0,0,1
butterfly,full_n1048576,shared,21,4,1240802.250,67108864,0,0,1
butterfly,full_n1048576,scalar_lanes,21,4,1213323.000,67108864,0,0,1
butterfly,full_n1048576,flock,21,4,1235677.000,67108864,0,0,1
butterfly,full_n1048576,prepared,21,4,1195500.000,67108864,0,0,1
butterfly,full_n1048576,specialized,21,4,1180896.000,67108864,0,0,1
butterfly,full_n1048576,flock,22,4,1238875.000,67108864,0,0,1
butterfly,full_n1048576,specialized,22,4,1183041.750,67108864,0,0,1
butterfly,full_n1048576,prepared,22,4,1180395.750,67108864,0,0,1
butterfly,full_n1048576,shared,22,4,1231739.500,67108864,0,0,1
butterfly,full_n1048576,scalar_lanes,22,4,1238760.500,67108864,0,0,1
butterfly,full_n1048576,specialized,23,4,1185250.000,67108864,0,0,1
butterfly,full_n1048576,scalar_lanes,23,4,1231864.500,67108864,0,0,1
butterfly,full_n1048576,shared,23,4,1210625.000,67108864,0,0,1
butterfly,full_n1048576,flock,23,4,1230895.750,67108864,0,0,1
butterfly,full_n1048576,prepared,23,4,1196958.250,67108864,0,0,1
butterfly,full_n1048576,specialized,24,4,1196052.000,67108864,0,0,1
butterfly,full_n1048576,flock,24,4,1219854.000,67108864,0,0,1
butterfly,full_n1048576,prepared,24,4,1150906.250,67108864,0,0,1
butterfly,full_n1048576,scalar_lanes,24,4,1234020.750,67108864,0,0,1
butterfly,full_n1048576,shared,24,4,1236541.750,67108864,0,0,1
butterfly,full_n1048576,specialized,25,4,1172916.750,67108864,0,0,1
butterfly,full_n1048576,shared,25,4,1246947.750,67108864,0,0,1
butterfly,full_n1048576,scalar_lanes,25,4,1245833.250,67108864,0,0,1
butterfly,full_n1048576,prepared,25,4,1191239.500,67108864,0,0,1
butterfly,full_n1048576,flock,25,4,1222291.750,67108864,0,0,1
butterfly,full_n1048576,scalar_lanes,26,4,1212531.250,67108864,0,0,1
butterfly,full_n1048576,prepared,26,4,1178520.750,67108864,0,0,1
butterfly,full_n1048576,shared,26,4,1251843.750,67108864,0,0,1
butterfly,full_n1048576,specialized,26,4,1166333.250,67108864,0,0,1
butterfly,full_n1048576,flock,26,4,1267291.500,67108864,0,0,1
butterfly,full_n1048576,scalar_lanes,27,4,1224052.250,67108864,0,0,1
butterfly,full_n1048576,flock,27,4,1248593.750,67108864,0,0,1
butterfly,full_n1048576,shared,27,4,1209125.000,67108864,0,0,1
butterfly,full_n1048576,prepared,27,4,1164145.750,67108864,0,0,1
butterfly,full_n1048576,specialized,27,4,1173791.500,67108864,0,0,1
butterfly,full_n1048576,shared,28,4,1215021.000,67108864,0,0,1
butterfly,full_n1048576,specialized,28,4,1155208.250,67108864,0,0,1
butterfly,full_n1048576,flock,28,4,1216062.500,67108864,0,0,1
butterfly,full_n1048576,prepared,28,4,1160593.750,67108864,0,0,1
butterfly,full_n1048576,scalar_lanes,28,4,1224281.250,67108864,0,0,1
butterfly,full_n1048576,shared,29,4,1261968.750,67108864,0,0,1
butterfly,full_n1048576,specialized,29,4,1179250.000,67108864,0,0,1
butterfly,full_n1048576,scalar_lanes,29,4,1220177.000,67108864,0,0,1
butterfly,full_n1048576,flock,29,4,1235510.500,67108864,0,0,1
butterfly,full_n1048576,prepared,29,4,1183177.000,67108864,0,0,1
butterfly,full_n1048576,scalar_lanes,30,4,1223239.750,67108864,0,0,1
butterfly,full_n1048576,prepared,30,4,1199656.250,67108864,0,0,1
butterfly,full_n1048576,shared,30,4,1229937.500,67108864,0,0,1
butterfly,full_n1048576,specialized,30,4,1169406.250,67108864,0,0,1
butterfly,full_n1048576,flock,30,4,1246864.750,67108864,0,0,1
butterfly,full_n1048576,specialized,31,4,1161073.000,67108864,0,0,1
butterfly,full_n1048576,shared,31,4,1213229.250,67108864,0,0,1
butterfly,full_n1048576,scalar_lanes,31,4,1245614.500,67108864,0,0,1
butterfly,full_n1048576,flock,31,4,1231562.500,67108864,0,0,1
butterfly,full_n1048576,prepared,31,4,1198906.250,67108864,0,0,1
gf_dot,16,f2z_wide,0,262144,13.323,512,0,0,1
gf_dot,16,shared_wide2,0,262144,13.756,512,0,0,1
gf_dot,16,shared_wide4,0,262144,13.937,512,0,0,1
gf_dot,16,shared_wide1,0,262144,13.350,512,0,0,1
gf_dot,16,flock_eager,0,262144,15.281,512,0,0,1
gf_dot,16,shared_wide8,0,262144,15.219,512,0,0,1
gf_dot,16,shared_wide8,1,262144,15.341,512,0,0,1
gf_dot,16,shared_wide2,1,262144,13.793,512,0,0,1
gf_dot,16,shared_wide4,1,262144,13.879,512,0,0,1
gf_dot,16,f2z_wide,1,262144,13.306,512,0,0,1
gf_dot,16,flock_eager,1,262144,15.282,512,0,0,1
gf_dot,16,shared_wide1,1,262144,13.264,512,0,0,1
gf_dot,16,shared_wide4,2,262144,14.024,512,0,0,1
gf_dot,16,flock_eager,2,262144,15.278,512,0,0,1
gf_dot,16,shared_wide8,2,262144,15.235,512,0,0,1
gf_dot,16,shared_wide1,2,262144,13.378,512,0,0,1
gf_dot,16,shared_wide2,2,262144,13.708,512,0,0,1
gf_dot,16,f2z_wide,2,262144,13.305,512,0,0,1
gf_dot,16,f2z_wide,3,262144,13.259,512,0,0,1
gf_dot,16,shared_wide4,3,262144,13.840,512,0,0,1
gf_dot,16,shared_wide2,3,262144,13.723,512,0,0,1
gf_dot,16,flock_eager,3,262144,15.246,512,0,0,1
gf_dot,16,shared_wide1,3,262144,13.216,512,0,0,1
gf_dot,16,shared_wide8,3,262144,15.312,512,0,0,1
gf_dot,16,shared_wide4,4,262144,13.952,512,0,0,1
gf_dot,16,flock_eager,4,262144,15.368,512,0,0,1
gf_dot,16,shared_wide2,4,262144,13.757,512,0,0,1
gf_dot,16,shared_wide8,4,262144,15.336,512,0,0,1
gf_dot,16,f2z_wide,4,262144,13.269,512,0,0,1
gf_dot,16,shared_wide1,4,262144,13.288,512,0,0,1
gf_dot,16,shared_wide2,5,262144,13.714,512,0,0,1
gf_dot,16,flock_eager,5,262144,15.288,512,0,0,1
gf_dot,16,shared_wide1,5,262144,13.276,512,0,0,1
gf_dot,16,f2z_wide,5,262144,13.307,512,0,0,1
gf_dot,16,shared_wide8,5,262144,15.311,512,0,0,1
gf_dot,16,shared_wide4,5,262144,13.899,512,0,0,1
gf_dot,16,flock_eager,6,262144,15.510,512,0,0,1
gf_dot,16,f2z_wide,6,262144,12.981,512,0,0,1
gf_dot,16,shared_wide1,6,262144,13.031,512,0,0,1
gf_dot,16,shared_wide2,6,262144,13.456,512,0,0,1
gf_dot,16,shared_wide4,6,262144,13.657,512,0,0,1
gf_dot,16,shared_wide8,6,262144,15.192,512,0,0,1
gf_dot,16,shared_wide8,7,262144,15.191,512,0,0,1
gf_dot,16,f2z_wide,7,262144,13.236,512,0,0,1
gf_dot,16,flock_eager,7,262144,15.264,512,0,0,1
gf_dot,16,shared_wide2,7,262144,13.616,512,0,0,1
gf_dot,16,shared_wide4,7,262144,13.841,512,0,0,1
gf_dot,16,shared_wide1,7,262144,13.301,512,0,0,1
gf_dot,16,shared_wide1,8,262144,13.214,512,0,0,1
gf_dot,16,flock_eager,8,262144,15.248,512,0,0,1
gf_dot,16,shared_wide2,8,262144,13.644,512,0,0,1
gf_dot,16,f2z_wide,8,262144,13.250,512,0,0,1
gf_dot,16,shared_wide4,8,262144,13.866,512,0,0,1
gf_dot,16,shared_wide8,8,262144,15.228,512,0,0,1
gf_dot,16,shared_wide4,9,262144,13.841,512,0,0,1
gf_dot,16,shared_wide2,9,262144,13.666,512,0,0,1
gf_dot,16,shared_wide8,9,262144,15.263,512,0,0,1
gf_dot,16,f2z_wide,9,262144,13.240,512,0,0,1
gf_dot,16,shared_wide1,9,262144,13.256,512,0,0,1
gf_dot,16,flock_eager,9,262144,15.250,512,0,0,1
gf_dot,16,flock_eager,10,262144,15.229,512,0,0,1
gf_dot,16,shared_wide8,10,262144,15.184,512,0,0,1
gf_dot,16,f2z_wide,10,262144,13.215,512,0,0,1
gf_dot,16,shared_wide2,10,262144,13.690,512,0,0,1
gf_dot,16,shared_wide4,10,262144,13.858,512,0,0,1
gf_dot,16,shared_wide1,10,262144,13.251,512,0,0,1
gf_dot,16,shared_wide2,11,262144,13.671,512,0,0,1
gf_dot,16,shared_wide1,11,262144,13.239,512,0,0,1
gf_dot,16,shared_wide4,11,262144,13.866,512,0,0,1
gf_dot,16,flock_eager,11,262144,15.276,512,0,0,1
gf_dot,16,shared_wide8,11,262144,15.216,512,0,0,1
gf_dot,16,f2z_wide,11,262144,13.228,512,0,0,1
gf_dot,16,shared_wide8,12,262144,15.206,512,0,0,1
gf_dot,16,flock_eager,12,262144,15.228,512,0,0,1
gf_dot,16,shared_wide2,12,262144,13.729,512,0,0,1
gf_dot,16,shared_wide4,12,262144,13.894,512,0,0,1
gf_dot,16,shared_wide1,12,262144,13.259,512,0,0,1
gf_dot,16,f2z_wide,12,262144,13.196,512,0,0,1
gf_dot,16,shared_wide2,13,262144,13.685,512,0,0,1
gf_dot,16,flock_eager,13,262144,15.267,512,0,0,1
gf_dot,16,shared_wide1,13,262144,13.227,512,0,0,1
gf_dot,16,f2z_wide,13,262144,13.264,512,0,0,1
gf_dot,16,shared_wide4,13,262144,13.961,512,0,0,1
gf_dot,16,shared_wide8,13,262144,15.248,512,0,0,1
gf_dot,16,flock_eager,14,262144,15.237,512,0,0,1
gf_dot,16,shared_wide2,14,262144,13.683,512,0,0,1
gf_dot,16,shared_wide4,14,262144,13.974,512,0,0,1
gf_dot,16,shared_wide1,14,262144,13.284,512,0,0,1
gf_dot,16,shared_wide8,14,262144,15.316,512,0,0,1
gf_dot,16,f2z_wide,14,262144,13.184,512,0,0,1
gf_dot,16,f2z_wide,15,262144,13.248,512,0,0,1
gf_dot,16,shared_wide2,15,262144,13.688,512,0,0,1
gf_dot,16,shared_wide4,15,262144,13.894,512,0,0,1
gf_dot,16,flock_eager,15,262144,15.212,512,0,0,1
gf_dot,16,shared_wide1,15,262144,13.243,512,0,0,1
gf_dot,16,shared_wide8,15,262144,15.270,512,0,0,1
gf_dot,16,f2z_wide,16,262144,13.228,512,0,0,1
gf_dot,16,shared_wide4,16,262144,13.841,512,0,0,1
gf_dot,16,shared_wide2,16,262144,13.666,512,0,0,1
gf_dot,16,shared_wide1,16,262144,13.256,512,0,0,1
gf_dot,16,shared_wide8,16,262144,15.213,512,0,0,1
gf_dot,16,flock_eager,16,262144,15.205,512,0,0,1
gf_dot,16,shared_wide2,17,262144,13.628,512,0,0,1
gf_dot,16,shared_wide8,17,262144,15.454,512,0,0,1
gf_dot,16,shared_wide4,17,262144,14.093,512,0,0,1
gf_dot,16,f2z_wide,17,262144,13.506,512,0,0,1
gf_dot,16,flock_eager,17,262144,16.081,512,0,0,1
gf_dot,16,shared_wide1,17,262144,13.196,512,0,0,1
gf_dot,16,shared_wide1,18,262144,13.059,512,0,0,1
gf_dot,16,flock_eager,18,262144,15.059,512,0,0,1
gf_dot,16,shared_wide2,18,262144,13.538,512,0,0,1
gf_dot,16,shared_wide8,18,262144,15.040,512,0,0,1
gf_dot,16,f2z_wide,18,262144,13.203,512,0,0,1
gf_dot,16,shared_wide4,18,262144,13.929,512,0,0,1
gf_dot,16,f2z_wide,19,262144,13.322,512,0,0,1
gf_dot,16,shared_wide2,19,262144,13.697,512,0,0,1
gf_dot,16,shared_wide1,19,262144,13.287,512,0,0,1
gf_dot,16,shared_wide8,19,262144,15.292,512,0,0,1
gf_dot,16,flock_eager,19,262144,15.634,512,0,0,1
gf_dot,16,shared_wide4,19,262144,13.642,512,0,0,1
gf_dot,16,shared_wide4,20,262144,13.636,512,0,0,1
gf_dot,16,flock_eager,20,262144,15.337,512,0,0,1
gf_dot,16,shared_wide1,20,262144,12.993,512,0,0,1
gf_dot,16,f2z_wide,20,262144,13.007,512,0,0,1
gf_dot,16,shared_wide8,20,262144,14.996,512,0,0,1
gf_dot,16,shared_wide2,20,262144,13.525,512,0,0,1
gf_dot,16,f2z_wide,21,262144,13.268,512,0,0,1
gf_dot,16,shared_wide8,21,262144,15.247,512,0,0,1
gf_dot,16,shared_wide4,21,262144,13.928,512,0,0,1
gf_dot,16,flock_eager,21,262144,15.357,512,0,0,1
gf_dot,16,shared_wide2,21,262144,13.708,512,0,0,1
gf_dot,16,shared_wide1,21,262144,13.246,512,0,0,1
gf_dot,16,shared_wide2,22,262144,13.690,512,0,0,1
gf_dot,16,shared_wide8,22,262144,15.386,512,0,0,1
gf_dot,16,shared_wide4,22,262144,13.984,512,0,0,1
gf_dot,16,flock_eager,22,262144,15.311,512,0,0,1
gf_dot,16,f2z_wide,22,262144,13.297,512,0,0,1
gf_dot,16,shared_wide1,22,262144,13.211,512,0,0,1
gf_dot,16,f2z_wide,23,262144,13.181,512,0,0,1
gf_dot,16,shared_wide2,23,262144,13.787,512,0,0,1
gf_dot,16,shared_wide1,23,262144,13.342,512,0,0,1
gf_dot,16,flock_eager,23,262144,15.276,512,0,0,1
gf_dot,16,shared_wide4,23,262144,13.955,512,0,0,1
gf_dot,16,shared_wide8,23,262144,15.352,512,0,0,1
gf_dot,16,shared_wide1,24,262144,13.376,512,0,0,1
gf_dot,16,flock_eager,24,262144,15.267,512,0,0,1
gf_dot,16,shared_wide2,24,262144,13.711,512,0,0,1
gf_dot,16,shared_wide8,24,262144,15.385,512,0,0,1
gf_dot,16,f2z_wide,24,262144,13.238,512,0,0,1
gf_dot,16,shared_wide4,24,262144,14.004,512,0,0,1
gf_dot,16,shared_wide8,25,262144,15.314,512,0,0,1
gf_dot,16,flock_eager,25,262144,15.240,512,0,0,1
gf_dot,16,shared_wide1,25,262144,13.252,512,0,0,1
gf_dot,16,f2z_wide,25,262144,13.305,512,0,0,1
gf_dot,16,shared_wide4,25,262144,13.903,512,0,0,1
gf_dot,16,shared_wide2,25,262144,13.682,512,0,0,1
gf_dot,16,shared_wide1,26,262144,13.270,512,0,0,1
gf_dot,16,shared_wide8,26,262144,15.224,512,0,0,1
gf_dot,16,flock_eager,26,262144,15.302,512,0,0,1
gf_dot,16,shared_wide2,26,262144,13.944,512,0,0,1
gf_dot,16,f2z_wide,26,262144,13.156,512,0,0,1
gf_dot,16,shared_wide4,26,262144,14.068,512,0,0,1
gf_dot,16,flock_eager,27,262144,15.352,512,0,0,1
gf_dot,16,f2z_wide,27,262144,13.356,512,0,0,1
gf_dot,16,shared_wide4,27,262144,13.956,512,0,0,1
gf_dot,16,shared_wide8,27,262144,15.307,512,0,0,1
gf_dot,16,shared_wide1,27,262144,13.365,512,0,0,1
gf_dot,16,shared_wide2,27,262144,13.466,512,0,0,1
gf_dot,16,shared_wide1,28,262144,13.042,512,0,0,1
gf_dot,16,shared_wide2,28,262144,13.579,512,0,0,1
gf_dot,16,shared_wide8,28,262144,15.360,512,0,0,1
gf_dot,16,flock_eager,28,262144,15.313,512,0,0,1
gf_dot,16,shared_wide4,28,262144,13.885,512,0,0,1
gf_dot,16,f2z_wide,28,262144,13.287,512,0,0,1
gf_dot,16,shared_wide4,29,262144,14.001,512,0,0,1
gf_dot,16,shared_wide2,29,262144,13.648,512,0,0,1
gf_dot,16,shared_wide8,29,262144,15.016,512,0,0,1
gf_dot,16,shared_wide1,29,262144,13.132,512,0,0,1
gf_dot,16,f2z_wide,29,262144,13.037,512,0,0,1
gf_dot,16,flock_eager,29,262144,15.068,512,0,0,1
gf_dot,16,shared_wide2,30,262144,13.541,512,0,0,1
gf_dot,16,f2z_wide,30,262144,13.165,512,0,0,1
gf_dot,16,shared_wide8,30,262144,15.227,512,0,0,1
gf_dot,16,shared_wide1,30,262144,13.204,512,0,0,1
gf_dot,16,shared_wide4,30,262144,13.918,512,0,0,1
gf_dot,16,flock_eager,30,262144,15.266,512,0,0,1
gf_dot,16,shared_wide4,31,262144,13.909,512,0,0,1
gf_dot,16,flock_eager,31,262144,15.315,512,0,0,1
gf_dot,16,shared_wide1,31,262144,13.295,512,0,0,1
gf_dot,16,shared_wide8,31,262144,15.306,512,0,0,1
gf_dot,16,shared_wide2,31,262144,13.712,512,0,0,1
gf_dot,16,f2z_wide,31,262144,13.227,512,0,0,1
gf_dot,1024,shared_wide2,0,8192,697.596,32768,0,0,1
gf_dot,1024,f2z_wide,0,8192,700.643,32768,0,0,1
gf_dot,1024,flock_eager,0,8192,864.965,32768,0,0,1
gf_dot,1024,shared_wide8,0,8192,744.212,32768,0,0,1
gf_dot,1024,shared_wide4,0,8192,701.335,32768,0,0,1
gf_dot,1024,shared_wide1,0,8192,698.044,32768,0,0,1
gf_dot,1024,shared_wide2,1,8192,699.051,32768,0,0,1
gf_dot,1024,f2z_wide,1,8192,701.502,32768,0,0,1
gf_dot,1024,shared_wide8,1,8192,739.385,32768,0,0,1
gf_dot,1024,shared_wide4,1,8192,698.125,32768,0,0,1
gf_dot,1024,shared_wide1,1,8192,700.577,32768,0,0,1
gf_dot,1024,flock_eager,1,8192,864.553,32768,0,0,1
gf_dot,1024,shared_wide1,2,8192,699.992,32768,0,0,1
gf_dot,1024,shared_wide4,2,8192,701.660,32768,0,0,1
gf_dot,1024,shared_wide2,2,8192,701.579,32768,0,0,1
gf_dot,1024,flock_eager,2,8192,863.531,32768,0,0,1
gf_dot,1024,shared_wide8,2,8192,740.585,32768,0,0,1
gf_dot,1024,f2z_wide,2,8192,699.341,32768,0,0,1
gf_dot,1024,flock_eager,3,8192,865.194,32768,0,0,1
gf_dot,1024,shared_wide2,3,8192,698.537,32768,0,0,1
gf_dot,1024,f2z_wide,3,8192,699.320,32768,0,0,1
gf_dot,1024,shared_wide1,3,8192,696.294,32768,0,0,1
gf_dot,1024,shared_wide4,3,8192,698.074,32768,0,0,1
gf_dot,1024,shared_wide8,3,8192,740.092,32768,0,0,1
gf_dot,1024,shared_wide8,4,8192,739.934,32768,0,0,1
gf_dot,1024,flock_eager,4,8192,861.720,32768,0,0,1
gf_dot,1024,f2z_wide,4,8192,697.805,32768,0,0,1
gf_dot,1024,shared_wide2,4,8192,697.484,32768,0,0,1
gf_dot,1024,shared_wide1,4,8192,698.039,32768,0,0,1
gf_dot,1024,shared_wide4,4,8192,696.554,32768,0,0,1
gf_dot,1024,f2z_wide,5,8192,696.594,32768,0,0,1
gf_dot,1024,flock_eager,5,8192,860.341,32768,0,0,1
gf_dot,1024,shared_wide4,5,8192,696.172,32768,0,0,1
gf_dot,1024,shared_wide2,5,8192,697.632,32768,0,0,1
gf_dot,1024,shared_wide8,5,8192,743.846,32768,0,0,1
gf_dot,1024,shared_wide1,5,8192,697.586,32768,0,0,1
gf_dot,1024,flock_eager,6,8192,863.902,32768,0,0,1
gf_dot,1024,shared_wide8,6,8192,741.302,32768,0,0,1
gf_dot,1024,f2z_wide,6,8192,698.191,32768,0,0,1
gf_dot,1024,shared_wide1,6,8192,700.846,32768,0,0,1
gf_dot,1024,shared_wide4,6,8192,696.584,32768,0,0,1
gf_dot,1024,shared_wide2,6,8192,698.227,32768,0,0,1
gf_dot,1024,flock_eager,7,8192,861.959,32768,0,0,1
gf_dot,1024,shared_wide8,7,8192,738.302,32768,0,0,1
gf_dot,1024,shared_wide2,7,8192,698.832,32768,0,0,1
gf_dot,1024,shared_wide4,7,8192,696.986,32768,0,0,1
gf_dot,1024,shared_wide1,7,8192,698.624,32768,0,0,1
gf_dot,1024,f2z_wide,7,8192,697.286,32768,0,0,1
gf_dot,1024,shared_wide8,8,8192,740.087,32768,0,0,1
gf_dot,1024,flock_eager,8,8192,862.768,32768,0,0,1
gf_dot,1024,shared_wide4,8,8192,700.562,32768,0,0,1
gf_dot,1024,shared_wide1,8,8192,698.191,32768,0,0,1
gf_dot,1024,shared_wide2,8,8192,699.066,32768,0,0,1
gf_dot,1024,f2z_wide,8,8192,697.438,32768,0,0,1
gf_dot,1024,f2z_wide,9,8192,697.393,32768,0,0,1
gf_dot,1024,shared_wide8,9,8192,739.726,32768,0,0,1
gf_dot,1024,shared_wide1,9,8192,699.992,32768,0,0,1
gf_dot,1024,shared_wide2,9,8192,699.097,32768,0,0,1
gf_dot,1024,shared_wide4,9,8192,697.550,32768,0,0,1
gf_dot,1024,flock_eager,9,8192,861.282,32768,0,0,1
gf_dot,1024,f2z_wide,10,8192,697.556,32768,0,0,1
gf_dot,1024,shared_wide1,10,8192,695.770,32768,0,0,1
gf_dot,1024,flock_eager,10,8192,859.004,32768,0,0,1
gf_dot,1024,shared_wide8,10,8192,737.386,32768,0,0,1
gf_dot,1024,shared_wide4,10,8192,699.046,32768,0,0,1
gf_dot,1024,shared_wide2,10,8192,699.127,32768,0,0,1
gf_dot,1024,f2z_wide,11,8192,695.592,32768,0,0,1
gf_dot,1024,shared_wide4,11,8192,697.917,32768,0,0,1
gf_dot,1024,shared_wide1,11,8192,700.831,32768,0,0,1
gf_dot,1024,shared_wide2,11,8192,699.015,32768,0,0,1
gf_dot,1024,flock_eager,11,8192,859.823,32768,0,0,1
gf_dot,1024,shared_wide8,11,8192,740.758,32768,0,0,1
gf_dot,1024,shared_wide8,12,8192,738.062,32768,0,0,1
gf_dot,1024,flock_eager,12,8192,862.132,32768,0,0,1
gf_dot,1024,shared_wide2,12,8192,701.228,32768,0,0,1
gf_dot,1024,shared_wide4,12,8192,700.658,32768,0,0,1
gf_dot,1024,f2z_wide,12,8192,696.248,32768,0,0,1
gf_dot,1024,shared_wide1,12,8192,699.387,32768,0,0,1
gf_dot,1024,flock_eager,13,8192,862.320,32768,0,0,1
gf_dot,1024,shared_wide2,13,8192,696.315,32768,0,0,1
gf_dot,1024,shared_wide1,13,8192,697.973,32768,0,0,1
gf_dot,1024,f2z_wide,13,8192,698.842,32768,0,0,1
gf_dot,1024,shared_wide8,13,8192,739.995,32768,0,0,1
gf_dot,1024,shared_wide4,13,8192,698.669,32768,0,0,1
gf_dot,1024,shared_wide4,14,8192,702.240,32768,0,0,1
gf_dot,1024,f2z_wide,14,8192,698.207,32768,0,0,1
gf_dot,1024,flock_eager,14,8192,861.588,32768,0,0,1
gf_dot,1024,shared_wide2,14,8192,698.573,32768,0,0,1
gf_dot,1024,shared_wide8,14,8192,758.219,32768,0,0,1
gf_dot,1024,shared_wide1,14,8192,702.677,32768,0,0,1
gf_dot,1024,shared_wide8,15,8192,744.868,32768,0,0,1
gf_dot,1024,flock_eager,15,8192,865.718,32768,0,0,1
gf_dot,1024,shared_wide2,15,8192,691.676,32768,0,0,1
gf_dot,1024,f2z_wide,15,8192,686.391,32768,0,0,1
gf_dot,1024,shared_wide1,15,8192,702.159,32768,0,0,1
gf_dot,1024,shared_wide4,15,8192,698.135,32768,0,0,1
gf_dot,1024,shared_wide8,16,8192,739.883,32768,0,0,1
gf_dot,1024,f2z_wide,16,8192,702.596,32768,0,0,1
gf_dot,1024,flock_eager,16,8192,849.080,32768,0,0,1
gf_dot,1024,shared_wide4,16,8192,690.114,32768,0,0,1
gf_dot,1024,shared_wide1,16,8192,695.160,32768,0,0,1
gf_dot,1024,shared_wide2,16,8192,701.335,32768,0,0,1
gf_dot,1024,shared_wide8,17,8192,742.798,32768,0,0,1
gf_dot,1024,shared_wide2,17,8192,699.661,32768,0,0,1
gf_dot,1024,flock_eager,17,8192,865.687,32768,0,0,1
gf_dot,1024,shared_wide1,17,8192,698.329,32768,0,0,1
gf_dot,1024,shared_wide4,17,8192,699.041,32768,0,0,1
gf_dot,1024,f2z_wide,17,8192,695.592,32768,0,0,1
gf_dot,1024,shared_wide2,18,8192,696.742,32768,0,0,1
gf_dot,1024,shared_wide1,18,8192,701.823,32768,0,0,1
gf_dot,1024,shared_wide4,18,8192,701.411,32768,0,0,1
gf_dot,1024,f2z_wide,18,8192,696.045,32768,0,0,1
gf_dot,1024,flock_eager,18,8192,866.272,32768,0,0,1
gf_dot,1024,shared_wide8,18,8192,740.768,32768,0,0,1
gf_dot,1024,shared_wide8,19,8192,739.182,32768,0,0,1
gf_dot,1024,shared_wide1,19,8192,701.548,32768,0,0,1
gf_dot,1024,f2z_wide,19,8192,698.868,32768,0,0,1
gf_dot,1024,shared_wide4,19,8192,697.759,32768,0,0,1
gf_dot,1024,shared_wide2,19,8192,699.076,32768,0,0,1
gf_dot,1024,flock_eager,19,8192,861.827,32768,0,0,1
gf_dot,1024,shared_wide4,20,8192,689.590,32768,0,0,1
gf_dot,1024,shared_wide2,20,8192,693.883,32768,0,0,1
gf_dot,1024,f2z_wide,20,8192,696.991,32768,0,0,1
gf_dot,1024,shared_wide1,20,8192,698.776,32768,0,0,1
gf_dot,1024,flock_eager,20,8192,863.119,32768,0,0,1
gf_dot,1024,shared_wide8,20,8192,737.966,32768,0,0,1
gf_dot,1024,shared_wide1,21,8192,702.286,32768,0,0,1
gf_dot,1024,shared_wide2,21,8192,700.078,32768,0,0,1
gf_dot,1024,shared_wide8,21,8192,742.040,32768,0,0,1
gf_dot,1024,f2z_wide,21,8192,700.394,32768,0,0,1
gf_dot,1024,flock_eager,21,8192,863.744,32768,0,0,1
gf_dot,1024,shared_wide4,21,8192,704.397,32768,0,0,1
gf_dot,1024,flock_eager,22,8192,864.746,32768,0,0,1
gf_dot,1024,shared_wide8,22,8192,740.011,32768,0,0,1
gf_dot,1024,f2z_wide,22,8192,704.046,32768,0,0,1
gf_dot,1024,shared_wide1,22,8192,703.476,32768,0,0,1
gf_dot,1024,shared_wide4,22,8192,701.940,32768,0,0,1
gf_dot,1024,shared_wide2,22,8192,700.272,32768,0,0,1
gf_dot,1024,flock_eager,23,8192,864.797,32768,0,0,1
gf_dot,1024,shared_wide2,23,8192,699.290,32768,0,0,1
gf_dot,1024,shared_wide4,23,8192,703.878,32768,0,0,1
gf_dot,1024,shared_wide8,23,8192,745.051,32768,0,0,1
gf_dot,1024,shared_wide1,23,8192,698.471,32768,0,0,1
gf_dot,1024,f2z_wide,23,8192,697.957,32768,0,0,1
gf_dot,1024,shared_wide1,24,8192,698.029,32768,0,0,1
gf_dot,1024,flock_eager,24,8192,862.218,32768,0,0,1
gf_dot,1024,shared_wide4,24,8192,703.328,32768,0,0,1
gf_dot,1024,f2z_wide,24,8192,699.132,32768,0,0,1
gf_dot,1024,shared_wide2,24,8192,699.290,32768,0,0,1
gf_dot,1024,shared_wide8,24,8192,741.231,32768,0,0,1
gf_dot,1024,shared_wide4,25,8192,701.772,32768,0,0,1
gf_dot,1024,shared_wide1,25,8192,700.063,32768,0,0,1
gf_dot,1024,shared_wide2,25,8192,700.094,32768,0,0,1
gf_dot,1024,flock_eager,25,8192,867.004,32768,0,0,1
gf_dot,1024,shared_wide8,25,8192,740.056,32768,0,0,1
gf_dot,1024,f2z_wide,25,8192,700.612,32768,0,0,1
gf_dot,1024,flock_eager,26,8192,862.991,32768,0,0,1
gf_dot,1024,shared_wide4,26,8192,701.736,32768,0,0,1
gf_dot,1024,shared_wide8,26,8192,740.926,32768,0,0,1
gf_dot,1024,shared_wide2,26,8192,703.486,32768,0,0,1
gf_dot,1024,shared_wide1,26,8192,702.682,32768,0,0,1
gf_dot,1024,f2z_wide,26,8192,697.352,32768,0,0,1
gf_dot,1024,f2z_wide,27,8192,697.123,32768,0,0,1
gf_dot,1024,shared_wide1,27,8192,701.197,32768,0,0,1
gf_dot,1024,flock_eager,27,8192,863.027,32768,0,0,1
gf_dot,1024,shared_wide2,27,8192,695.684,32768,0,0,1
gf_dot,1024,shared_wide8,27,8192,758.693,32768,0,0,1
gf_dot,1024,shared_wide4,27,8192,700.831,32768,0,0,1
gf_dot,1024,flock_eager,28,8192,926.366,32768,0,0,1
gf_dot,1024,shared_wide1,28,8192,703.807,32768,0,0,1
gf_dot,1024,shared_wide4,28,8192,705.566,32768,0,0,1
gf_dot,1024,f2z_wide,28,8192,704.417,32768,0,0,1
gf_dot,1024,shared_wide8,28,8192,745.560,32768,0,0,1
gf_dot,1024,shared_wide2,28,8192,701.375,32768,0,0,1
gf_dot,1024,flock_eager,29,8192,865.733,32768,0,0,1
gf_dot,1024,f2z_wide,29,8192,699.315,32768,0,0,1
gf_dot,1024,shared_wide1,29,8192,700.221,32768,0,0,1
gf_dot,1024,shared_wide4,29,8192,702.815,32768,0,0,1
gf_dot,1024,shared_wide8,29,8192,744.212,32768,0,0,1
gf_dot,1024,shared_wide2,29,8192,699.753,32768,0,0,1
gf_dot,1024,shared_wide8,30,8192,743.001,32768,0,0,1
gf_dot,1024,shared_wide2,30,8192,698.130,32768,0,0,1
gf_dot,1024,flock_eager,30,8192,860.387,32768,0,0,1
gf_dot,1024,f2z_wide,30,8192,700.394,32768,0,0,1
gf_dot,1024,shared_wide1,30,8192,697.357,32768,0,0,1
gf_dot,1024,shared_wide4,30,8192,699.432,32768,0,0,1
gf_dot,1024,f2z_wide,31,8192,698.491,32768,0,0,1
gf_dot,1024,shared_wide8,31,8192,745.758,32768,0,0,1
gf_dot,1024,shared_wide1,31,8192,699.107,32768,0,0,1
gf_dot,1024,flock_eager,31,8192,855.586,32768,0,0,1
gf_dot,1024,shared_wide2,31,8192,686.127,32768,0,0,1
gf_dot,1024,shared_wide4,31,8192,692.856,32768,0,0,1
gf_dot,65536,shared_wide8,0,128,46881.516,2097152,0,0,1
gf_dot,65536,shared_wide2,0,128,44368.164,2097152,0,0,1
gf_dot,65536,shared_wide1,0,128,44089.516,2097152,0,0,1
gf_dot,65536,shared_wide4,0,128,45157.555,2097152,0,0,1
gf_dot,65536,f2z_wide,0,128,45124.672,2097152,0,0,1
gf_dot,65536,flock_eager,0,128,54430.016,2097152,0,0,1
gf_dot,65536,shared_wide2,1,128,44471.352,2097152,0,0,1
gf_dot,65536,shared_wide4,1,128,44425.461,2097152,0,0,1
gf_dot,65536,shared_wide1,1,128,44557.617,2097152,0,0,1
gf_dot,65536,flock_eager,1,128,54961.914,2097152,0,0,1
gf_dot,65536,f2z_wide,1,128,44311.203,2097152,0,0,1
gf_dot,65536,shared_wide8,1,128,47092.453,2097152,0,0,1
gf_dot,65536,flock_eager,2,128,54764.320,2097152,0,0,1
gf_dot,65536,shared_wide1,2,128,44147.781,2097152,0,0,1
gf_dot,65536,f2z_wide,2,128,44251.625,2097152,0,0,1
gf_dot,65536,shared_wide8,2,128,47020.180,2097152,0,0,1
gf_dot,65536,shared_wide4,2,128,43847.984,2097152,0,0,1
gf_dot,65536,shared_wide2,2,128,44641.930,2097152,0,0,1
gf_dot,65536,f2z_wide,3,128,44548.828,2097152,0,0,1
gf_dot,65536,shared_wide4,3,128,44557.945,2097152,0,0,1
gf_dot,65536,shared_wide2,3,128,44583.008,2097152,0,0,1
gf_dot,65536,shared_wide8,3,128,47436.523,2097152,0,0,1
gf_dot,65536,shared_wide1,3,128,44403.977,2097152,0,0,1
gf_dot,65536,flock_eager,3,128,55008.461,2097152,0,0,1
gf_dot,65536,shared_wide8,4,128,47116.539,2097152,0,0,1
gf_dot,65536,shared_wide1,4,128,44714.844,2097152,0,0,1
gf_dot,65536,flock_eager,4,128,54990.562,2097152,0,0,1
gf_dot,65536,shared_wide4,4,128,44341.797,2097152,0,0,1
gf_dot,65536,f2z_wide,4,128,44341.148,2097152,0,0,1
gf_dot,65536,shared_wide2,4,128,44341.148,2097152,0,0,1
gf_dot,65536,f2z_wide,5,128,44236.977,2097152,0,0,1
gf_dot,65536,shared_wide1,5,128,44496.742,2097152,0,0,1
gf_dot,65536,shared_wide4,5,128,44503.258,2097152,0,0,1
gf_dot,65536,shared_wide8,5,128,47338.867,2097152,0,0,1
gf_dot,65536,shared_wide2,5,128,44294.273,2097152,0,0,1
gf_dot,65536,flock_eager,5,128,54565.109,2097152,0,0,1
gf_dot,65536,shared_wide2,6,128,44594.398,2097152,0,0,1
gf_dot,65536,shared_wide4,6,128,44185.875,2097152,0,0,1
gf_dot,65536,shared_wide1,6,128,44621.094,2097152,0,0,1
gf_dot,65536,shared_wide8,6,128,47219.078,2097152,0,0,1
gf_dot,65536,f2z_wide,6,128,44200.523,2097152,0,0,1
gf_dot,65536,flock_eager,6,128,55045.242,2097152,0,0,1
gf_dot,65536,shared_wide2,7,128,44370.445,2097152,0,0,1
gf_dot,65536,shared_wide4,7,128,44300.461,2097152,0,0,1
gf_dot,65536,shared_wide8,7,128,47216.469,2097152,0,0,1
gf_dot,65536,flock_eager,7,128,55118.820,2097152,0,0,1
gf_dot,65536,f2z_wide,7,128,44590.500,2097152,0,0,1
gf_dot,65536,shared_wide1,7,128,44358.078,2097152,0,0,1
gf_dot,65536,shared_wide2,8,128,44477.211,2097152,0,0,1
gf_dot,65536,shared_wide1,8,128,44532.227,2097152,0,0,1
gf_dot,65536,shared_wide8,8,128,47295.898,2097152,0,0,1
gf_dot,65536,flock_eager,8,128,55180.664,2097152,0,0,1
gf_dot,65536,shared_wide4,8,128,44499.023,2097152,0,0,1
gf_dot,65536,f2z_wide,8,128,44387.367,2097152,0,0,1
gf_dot,65536,f2z_wide,9,128,44647.781,2097152,0,0,1
gf_dot,65536,shared_wide1,9,128,44403.969,2097152,0,0,1
gf_dot,65536,shared_wide2,9,128,44340.172,2097152,0,0,1
gf_dot,65536,shared_wide4,9,128,44364.906,2097152,0,0,1
gf_dot,65536,shared_wide8,9,128,47259.766,2097152,0,0,1
gf_dot,65536,flock_eager,9,128,55112.305,2097152,0,0,1
gf_dot,65536,f2z_wide,10,128,44387.695,2097152,0,0,1
gf_dot,65536,flock_eager,10,128,54852.867,2097152,0,0,1
gf_dot,65536,shared_wide1,10,128,44335.289,2097152,0,0,1
gf_dot,65536,shared_wide2,10,128,44201.820,2097152,0,0,1
gf_dot,65536,shared_wide4,10,128,44195.312,2097152,0,0,1
gf_dot,65536,shared_wide8,10,128,46843.750,2097152,0,0,1
gf_dot,65536,shared_wide2,11,128,44111.656,2097152,0,0,1
gf_dot,65536,flock_eager,11,128,55002.273,2097152,0,0,1
gf_dot,65536,f2z_wide,11,128,44380.531,2097152,0,0,1
gf_dot,65536,shared_wide4,11,128,44210.938,2097152,0,0,1
gf_dot,65536,shared_wide1,11,128,44356.117,2097152,0,0,1
gf_dot,65536,shared_wide8,11,128,47139.320,2097152,0,0,1
gf_dot,65536,shared_wide2,12,128,44135.742,2097152,0,0,1
gf_dot,65536,shared_wide4,12,128,44183.914,2097152,0,0,1
gf_dot,65536,flock_eager,12,128,54736.000,2097152,0,0,1
gf_dot,65536,f2z_wide,12,128,44357.422,2097152,0,0,1
gf_dot,65536,shared_wide8,12,128,47252.602,2097152,0,0,1
gf_dot,65536,shared_wide1,12,128,44367.844,2097152,0,0,1
gf_dot,65536,shared_wide8,13,128,46987.633,2097152,0,0,1
gf_dot,65536,shared_wide1,13,128,44440.109,2097152,0,0,1
gf_dot,65536,flock_eager,13,128,54719.727,2097152,0,0,1
gf_dot,65536,shared_wide2,13,128,44343.750,2097152,0,0,1
gf_dot,65536,shared_wide4,13,128,44316.078,2097152,0,0,1
gf_dot,65536,f2z_wide,13,128,44231.773,2097152,0,0,1
gf_dot,65536,shared_wide2,14,128,44299.156,2097152,0,0,1
gf_dot,65536,flock_eager,14,128,54753.258,2097152,0,0,1
gf_dot,65536,shared_wide4,14,128,44359.703,2097152,0,0,1
gf_dot,65536,shared_wide8,14,128,47137.047,2097152,0,0,1
gf_dot,65536,shared_wide1,14,128,44171.547,2097152,0,0,1
gf_dot,65536,f2z_wide,14,128,44222.336,2097152,0,0,1
gf_dot,65536,shared_wide4,15,128,44174.484,2097152,0,0,1
gf_dot,65536,flock_eager,15,128,54684.250,2097152,0,0,1
gf_dot,65536,shared_wide8,15,128,46869.789,2097152,0,0,1
gf_dot,65536,shared_wide1,15,128,44156.898,2097152,0,0,1
gf_dot,65536,shared_wide2,15,128,44250.320,2097152,0,0,1
gf_dot,65536,f2z_wide,15,128,44293.945,2097152,0,0,1
gf_dot,65536,shared_wide1,16,128,44168.617,2097152,0,0,1
gf_dot,65536,shared_wide2,16,128,44291.992,2097152,0,0,1
gf_dot,65536,shared_wide8,16,128,46805.336,2097152,0,0,1
gf_dot,65536,shared_wide4,16,128,44246.094,2097152,0,0,1
gf_dot,65536,flock_eager,16,128,54724.281,2097152,0,0,1
gf_dot,65536,f2z_wide,16,128,44137.695,2097152,0,0,1
gf_dot,65536,shared_wide1,17,128,44097.328,2097152,0,0,1
gf_dot,65536,f2z_wide,17,128,44184.570,2097152,0,0,1
gf_dot,65536,flock_eager,17,128,55697.594,2097152,0,0,1
gf_dot,65536,shared_wide2,17,128,45230.469,2097152,0,0,1
gf_dot,65536,shared_wide8,17,128,48793.289,2097152,0,0,1
gf_dot,65536,shared_wide4,17,128,44209.961,2097152,0,0,1
gf_dot,65536,flock_eager,18,128,54660.484,2097152,0,0,1
gf_dot,65536,f2z_wide,18,128,44470.383,2097152,0,0,1
gf_dot,65536,shared_wide1,18,128,44305.664,2097152,0,0,1
gf_dot,65536,shared_wide4,18,128,44249.680,2097152,0,0,1
gf_dot,65536,shared_wide8,18,128,46675.133,2097152,0,0,1
gf_dot,65536,shared_wide2,18,128,44486.000,2097152,0,0,1
gf_dot,65536,shared_wide2,19,128,44843.102,2097152,0,0,1
gf_dot,65536,shared_wide4,19,128,44668.945,2097152,0,0,1
gf_dot,65536,shared_wide1,19,128,44313.805,2097152,0,0,1
gf_dot,65536,shared_wide8,19,128,47152.992,2097152,0,0,1
gf_dot,65536,f2z_wide,19,128,44338.219,2097152,0,0,1
gf_dot,65536,flock_eager,19,128,54803.383,2097152,0,0,1
gf_dot,65536,f2z_wide,20,128,44546.547,2097152,0,0,1
gf_dot,65536,flock_eager,20,128,54977.539,2097152,0,0,1
gf_dot,65536,shared_wide8,20,128,47291.664,2097152,0,0,1
gf_dot,65536,shared_wide4,20,128,44688.477,2097152,0,0,1
gf_dot,65536,shared_wide1,20,128,44466.797,2097152,0,0,1
gf_dot,65536,shared_wide2,20,128,44792.969,2097152,0,0,1
gf_dot,65536,shared_wide1,21,128,44347.984,2097152,0,0,1
gf_dot,65536,shared_wide2,21,128,44346.352,2097152,0,0,1
gf_dot,65536,f2z_wide,21,128,44129.883,2097152,0,0,1
gf_dot,65536,shared_wide4,21,128,44169.594,2097152,0,0,1
gf_dot,65536,shared_wide8,21,128,47197.266,2097152,0,0,1
gf_dot,65536,flock_eager,21,128,55034.508,2097152,0,0,1
gf_dot,65536,f2z_wide,22,128,44303.062,2097152,0,0,1
gf_dot,65536,shared_wide1,22,128,44484.695,2097152,0,0,1
gf_dot,65536,shared_wide2,22,128,44253.250,2097152,0,0,1
gf_dot,65536,shared_wide4,22,128,44308.922,2097152,0,0,1
gf_dot,65536,shared_wide8,22,128,47361.328,2097152,0,0,1
gf_dot,65536,flock_eager,22,128,54802.406,2097152,0,0,1
gf_dot,65536,shared_wide8,23,128,47107.750,2097152,0,0,1
gf_dot,65536,flock_eager,23,128,54898.438,2097152,0,0,1
gf_dot,65536,shared_wide2,23,128,44244.797,2097152,0,0,1
gf_dot,65536,f2z_wide,23,128,44261.719,2097152,0,0,1
gf_dot,65536,shared_wide4,23,128,44405.273,2097152,0,0,1
gf_dot,65536,shared_wide1,23,128,44385.086,2097152,0,0,1
gf_dot,65536,shared_wide4,24,128,44793.945,2097152,0,0,1
gf_dot,65536,f2z_wide,24,128,44931.312,2097152,0,0,1
gf_dot,65536,flock_eager,24,128,54893.883,2097152,0,0,1
gf_dot,65536,shared_wide2,24,128,44506.180,2097152,0,0,1
gf_dot,65536,shared_wide8,24,128,47287.758,2097152,0,0,1
gf_dot,65536,shared_wide1,24,128,44462.234,2097152,0,0,1
gf_dot,65536,shared_wide4,25,128,44517.906,2097152,0,0,1
gf_dot,65536,shared_wide8,25,128,47320.641,2097152,0,0,1
gf_dot,65536,shared_wide1,25,128,44190.109,2097152,0,0,1
gf_dot,65536,flock_eager,25,128,55122.391,2097152,0,0,1
gf_dot,65536,shared_wide2,25,128,44379.562,2097152,0,0,1
gf_dot,65536,f2z_wide,25,128,44195.969,2097152,0,0,1
gf_dot,65536,shared_wide4,26,128,44683.594,2097152,0,0,1
gf_dot,65536,flock_eager,26,128,55022.789,2097152,0,0,1
gf_dot,65536,shared_wide8,26,128,46145.508,2097152,0,0,1
gf_dot,65536,shared_wide1,26,128,44343.750,2097152,0,0,1
gf_dot,65536,shared_wide2,26,128,44512.375,2097152,0,0,1
gf_dot,65536,f2z_wide,26,128,44240.562,2097152,0,0,1
gf_dot,65536,shared_wide8,27,128,47130.203,2097152,0,0,1
gf_dot,65536,shared_wide1,27,128,44229.164,2097152,0,0,1
gf_dot,65536,shared_wide2,27,128,44354.820,2097152,0,0,1
gf_dot,65536,shared_wide4,27,128,44405.922,2097152,0,0,1
gf_dot,65536,flock_eager,27,128,55094.078,2097152,0,0,1
gf_dot,65536,f2z_wide,27,128,44231.773,2097152,0,0,1
gf_dot,65536,flock_eager,28,128,55122.719,2097152,0,0,1
gf_dot,65536,shared_wide1,28,128,44386.391,2097152,0,0,1
gf_dot,65536,shared_wide8,28,128,47143.883,2097152,0,0,1
gf_dot,65536,shared_wide2,28,128,44247.070,2097152,0,0,1
gf_dot,65536,shared_wide4,28,128,44207.680,2097152,0,0,1
gf_dot,65536,f2z_wide,28,128,44200.844,2097152,0,0,1
gf_dot,65536,shared_wide2,29,128,44105.469,2097152,0,0,1
gf_dot,65536,shared_wide8,29,128,47153.000,2097152,0,0,1
gf_dot,65536,shared_wide1,29,128,44347.656,2097152,0,0,1
gf_dot,65536,shared_wide4,29,128,44419.273,2097152,0,0,1
gf_dot,65536,f2z_wide,29,128,44385.414,2097152,0,0,1
gf_dot,65536,flock_eager,29,128,54819.984,2097152,0,0,1
gf_dot,65536,shared_wide4,30,128,44413.414,2097152,0,0,1
gf_dot,65536,shared_wide8,30,128,47139.969,2097152,0,0,1
gf_dot,65536,flock_eager,30,128,54830.727,2097152,0,0,1
gf_dot,65536,shared_wide2,30,128,44235.672,2097152,0,0,1
gf_dot,65536,shared_wide1,30,128,44329.430,2097152,0,0,1
gf_dot,65536,f2z_wide,30,128,44295.898,2097152,0,0,1
gf_dot,65536,f2z_wide,31,128,44350.258,2097152,0,0,1
gf_dot,65536,shared_wide1,31,128,44452.148,2097152,0,0,1
gf_dot,65536,shared_wide4,31,128,44240.883,2097152,0,0,1
gf_dot,65536,flock_eager,31,128,54861.656,2097152,0,0,1
gf_dot,65536,shared_wide8,31,128,47344.078,2097152,0,0,1
gf_dot,65536,shared_wide2,31,128,44192.711,2097152,0,0,1
gf_dot,1048576,shared_wide8,0,8,765901.000,33554432,0,0,1
gf_dot,1048576,f2z_wide,0,8,721036.500,33554432,0,0,1
gf_dot,1048576,shared_wide2,0,8,723083.250,33554432,0,0,1
gf_dot,1048576,shared_wide4,0,8,724270.875,33554432,0,0,1
gf_dot,1048576,shared_wide1,0,8,722447.875,33554432,0,0,1
gf_dot,1048576,flock_eager,0,8,886421.875,33554432,0,0,1
gf_dot,1048576,f2z_wide,1,8,725942.750,33554432,0,0,1
gf_dot,1048576,shared_wide2,1,8,724750.000,33554432,0,0,1
gf_dot,1048576,shared_wide4,1,8,719583.375,33554432,0,0,1
gf_dot,1048576,flock_eager,1,8,889671.875,33554432,0,0,1
gf_dot,1048576,shared_wide1,1,8,719166.750,33554432,0,0,1
gf_dot,1048576,shared_wide8,1,8,765854.125,33554432,0,0,1
gf_dot,1048576,flock_eager,2,8,889942.750,33554432,0,0,1
gf_dot,1048576,shared_wide1,2,8,719109.375,33554432,0,0,1
gf_dot,1048576,shared_wide2,2,8,725479.250,33554432,0,0,1
gf_dot,1048576,shared_wide8,2,8,760364.500,33554432,0,0,1
gf_dot,1048576,shared_wide4,2,8,718281.250,33554432,0,0,1
gf_dot,1048576,f2z_wide,2,8,723307.250,33554432,0,0,1
gf_dot,1048576,shared_wide2,3,8,723276.125,33554432,0,0,1
gf_dot,1048576,shared_wide8,3,8,761854.125,33554432,0,0,1
gf_dot,1048576,f2z_wide,3,8,720401.000,33554432,0,0,1
gf_dot,1048576,flock_eager,3,8,891489.500,33554432,0,0,1
gf_dot,1048576,shared_wide1,3,8,721166.625,33554432,0,0,1
gf_dot,1048576,shared_wide4,3,8,718583.250,33554432,0,0,1
gf_dot,1048576,f2z_wide,4,8,723135.500,33554432,0,0,1
gf_dot,1048576,shared_wide2,4,8,720697.875,33554432,0,0,1
gf_dot,1048576,flock_eager,4,8,886281.250,33554432,0,0,1
gf_dot,1048576,shared_wide8,4,8,766578.125,33554432,0,0,1
gf_dot,1048576,shared_wide1,4,8,718192.750,33554432,0,0,1
gf_dot,1048576,shared_wide4,4,8,720338.500,33554432,0,0,1
gf_dot,1048576,shared_wide8,5,8,762109.375,33554432,0,0,1
gf_dot,1048576,shared_wide1,5,8,725161.500,33554432,0,0,1
gf_dot,1048576,shared_wide4,5,8,723666.750,33554432,0,0,1
gf_dot,1048576,flock_eager,5,8,888114.500,33554432,0,0,1
gf_dot,1048576,shared_wide2,5,8,723598.875,33554432,0,0,1
gf_dot,1048576,f2z_wide,5,8,727369.750,33554432,0,0,1
gf_dot,1048576,shared_wide2,6,8,718140.625,33554432,0,0,1
gf_dot,1048576,f2z_wide,6,8,727890.625,33554432,0,0,1
gf_dot,1048576,shared_wide4,6,8,721713.500,33554432,0,0,1
gf_dot,1048576,shared_wide8,6,8,760276.125,33554432,0,0,1
gf_dot,1048576,shared_wide1,6,8,721338.500,33554432,0,0,1
gf_dot,1048576,flock_eager,6,8,887536.375,33554432,0,0,1
gf_dot,1048576,f2z_wide,7,8,722380.125,33554432,0,0,1
gf_dot,1048576,shared_wide2,7,8,722849.000,33554432,0,0,1
gf_dot,1048576,shared_wide8,7,8,765380.250,33554432,0,0,1
gf_dot,1048576,shared_wide1,7,8,718802.000,33554432,0,0,1
gf_dot,1048576,shared_wide4,7,8,721531.250,33554432,0,0,1
gf_dot,1048576,flock_eager,7,8,887713.500,33554432,0,0,1
gf_dot,1048576,shared_wide8,8,8,762489.625,33554432,0,0,1
gf_dot,1048576,shared_wide2,8,8,719812.500,33554432,0,0,1
gf_dot,1048576,shared_wide4,8,8,721734.375,33554432,0,0,1
gf_dot,1048576,flock_eager,8,8,888213.500,33554432,0,0,1
gf_dot,1048576,f2z_wide,8,8,726270.875,33554432,0,0,1
gf_dot,1048576,shared_wide1,8,8,721505.250,33554432,0,0,1
gf_dot,1048576,shared_wide2,9,8,721411.500,33554432,0,0,1
gf_dot,1048576,shared_wide4,9,8,722713.500,33554432,0,0,1
gf_dot,1048576,flock_eager,9,8,886781.250,33554432,0,0,1
gf_dot,1048576,shared_wide8,9,8,761974.000,33554432,0,0,1
gf_dot,1048576,shared_wide1,9,8,721911.500,33554432,0,0,1
gf_dot,1048576,f2z_wide,9,8,722718.750,33554432,0,0,1
gf_dot,1048576,shared_wide8,10,8,767963.625,33554432,0,0,1
gf_dot,1048576,flock_eager,10,8,888286.375,33554432,0,0,1
gf_dot,1048576,f2z_wide,10,8,726208.250,33554432,0,0,1
gf_dot,1048576,shared_wide1,10,8,721859.375,33554432,0,0,1
gf_dot,1048576,shared_wide2,10,8,716708.250,33554432,0,0,1
gf_dot,1048576,shared_wide4,10,8,721984.375,33554432,0,0,1
gf_dot,1048576,shared_wide2,11,8,717395.750,33554432,0,0,1
gf_dot,1048576,shared_wide1,11,8,718849.000,33554432,0,0,1
gf_dot,1048576,shared_wide4,11,8,719833.375,33554432,0,0,1
gf_dot,1048576,flock_eager,11,8,887453.125,33554432,0,0,1
gf_dot,1048576,shared_wide8,11,8,763687.500,33554432,0,0,1
gf_dot,1048576,f2z_wide,11,8,725213.625,33554432,0,0,1
gf_dot,1048576,shared_wide8,12,8,766729.125,33554432,0,0,1
gf_dot,1048576,flock_eager,12,8,886963.500,33554432,0,0,1
gf_dot,1048576,shared_wide1,12,8,715776.125,33554432,0,0,1
gf_dot,1048576,shared_wide2,12,8,719036.500,33554432,0,0,1
gf_dot,1048576,f2z_wide,12,8,723640.625,33554432,0,0,1
gf_dot,1048576,shared_wide4,12,8,722359.375,33554432,0,0,1
gf_dot,1048576,shared_wide2,13,8,723833.250,33554432,0,0,1
gf_dot,1048576,shared_wide4,13,8,721349.000,33554432,0,0,1
gf_dot,1048576,flock_eager,13,8,892520.875,33554432,0,0,1
gf_dot,1048576,shared_wide1,13,8,721994.750,33554432,0,0,1
gf_dot,1048576,shared_wide8,13,8,765760.375,33554432,0,0,1
gf_dot,1048576,f2z_wide,13,8,722869.750,33554432,0,0,1
gf_dot,1048576,shared_wide4,14,8,722494.875,33554432,0,0,1
gf_dot,1048576,shared_wide8,14,8,771505.250,33554432,0,0,1
gf_dot,1048576,f2z_wide,14,8,741619.750,33554432,0,0,1
gf_dot,1048576,shared_wide1,14,8,734286.500,33554432,0,0,1
gf_dot,1048576,shared_wide2,14,8,724218.750,33554432,0,0,1
gf_dot,1048576,flock_eager,14,8,893682.250,33554432,0,0,1
gf_dot,1048576,shared_wide1,15,8,729536.375,33554432,0,0,1
gf_dot,1048576,shared_wide4,15,8,722197.875,33554432,0,0,1
gf_dot,1048576,shared_wide2,15,8,725713.500,33554432,0,0,1
gf_dot,1048576,f2z_wide,15,8,727838.625,33554432,0,0,1
gf_dot,1048576,flock_eager,15,8,900088.500,33554432,0,0,1
gf_dot,1048576,shared_wide8,15,8,766161.500,33554432,0,0,1
gf_dot,1048576,shared_wide4,16,8,726828.125,33554432,0,0,1
gf_dot,1048576,f2z_wide,16,8,731531.250,33554432,0,0,1
gf_dot,1048576,shared_wide1,16,8,724265.625,33554432,0,0,1
gf_dot,1048576,flock_eager,16,8,892744.750,33554432,0,0,1
gf_dot,1048576,shared_wide2,16,8,725703.125,33554432,0,0,1
gf_dot,1048576,shared_wide8,16,8,772260.500,33554432,0,0,1
gf_dot,1048576,flock_eager,17,8,892286.375,33554432,0,0,1
gf_dot,1048576,shared_wide2,17,8,726546.875,33554432,0,0,1
gf_dot,1048576,shared_wide8,17,8,769270.875,33554432,0,0,1
gf_dot,1048576,f2z_wide,17,8,729687.500,33554432,0,0,1
gf_dot,1048576,shared_wide4,17,8,724515.625,33554432,0,0,1
gf_dot,1048576,shared_wide1,17,8,720625.000,33554432,0,0,1
gf_dot,1048576,shared_wide2,18,8,722677.125,33554432,0,0,1
gf_dot,1048576,flock_eager,18,8,888187.500,33554432,0,0,1
gf_dot,1048576,shared_wide8,18,8,763036.500,33554432,0,0,1
gf_dot,1048576,shared_wide1,18,8,722854.125,33554432,0,0,1
gf_dot,1048576,f2z_wide,18,8,726369.750,33554432,0,0,1
gf_dot,1048576,shared_wide4,18,8,723958.375,33554432,0,0,1
gf_dot,1048576,flock_eager,19,8,891177.125,33554432,0,0,1
gf_dot,1048576,shared_wide4,19,8,721515.625,33554432,0,0,1
gf_dot,1048576,shared_wide2,19,8,725916.625,33554432,0,0,1
gf_dot,1048576,shared_wide1,19,8,721536.500,33554432,0,0,1
gf_dot,1048576,shared_wide8,19,8,763828.125,33554432,0,0,1
gf_dot,1048576,f2z_wide,19,8,725682.250,33554432,0,0,1
gf_dot,1048576,f2z_wide,20,8,726010.375,33554432,0,0,1
gf_dot,1048576,shared_wide2,20,8,728765.625,33554432,0,0,1
gf_dot,1048576,shared_wide4,20,8,723078.125,33554432,0,0,1
gf_dot,1048576,shared_wide1,20,8,721885.375,33554432,0,0,1
gf_dot,1048576,flock_eager,20,8,894203.125,33554432,0,0,1
gf_dot,1048576,shared_wide8,20,8,766526.000,33554432,0,0,1
gf_dot,1048576,shared_wide8,21,8,765932.250,33554432,0,0,1
gf_dot,1048576,shared_wide1,21,8,718406.250,33554432,0,0,1
gf_dot,1048576,flock_eager,21,8,870843.750,33554432,0,0,1
gf_dot,1048576,shared_wide4,21,8,743151.000,33554432,0,0,1
gf_dot,1048576,f2z_wide,21,8,754812.500,33554432,0,0,1
gf_dot,1048576,shared_wide2,21,8,774604.125,33554432,0,0,1
gf_dot,1048576,shared_wide4,22,8,743552.125,33554432,0,0,1
gf_dot,1048576,flock_eager,22,8,892333.375,33554432,0,0,1
gf_dot,1048576,shared_wide1,22,8,731578.125,33554432,0,0,1
gf_dot,1048576,shared_wide8,22,8,768968.750,33554432,0,0,1
gf_dot,1048576,f2z_wide,22,8,737453.125,33554432,0,0,1
gf_dot,1048576,shared_wide2,22,8,727208.375,33554432,0,0,1
gf_dot,1048576,shared_wide2,23,8,725822.875,33554432,0,0,1
gf_dot,1048576,shared_wide8,23,8,766432.250,33554432,0,0,1
gf_dot,1048576,shared_wide1,23,8,725948.000,33554432,0,0,1
gf_dot,1048576,shared_wide4,23,8,728005.250,33554432,0,0,1
gf_dot,1048576,f2z_wide,23,8,730786.500,33554432,0,0,1
gf_dot,1048576,flock_eager,23,8,893224.000,33554432,0,0,1
gf_dot,1048576,shared_wide4,24,8,723198.000,33554432,0,0,1
gf_dot,1048576,shared_wide2,24,8,722875.000,33554432,0,0,1
gf_dot,1048576,shared_wide1,24,8,722489.625,33554432,0,0,1
gf_dot,1048576,flock_eager,24,8,891317.750,33554432,0,0,1
gf_dot,1048576,shared_wide8,24,8,766734.375,33554432,0,0,1
gf_dot,1048576,f2z_wide,24,8,727593.750,33554432,0,0,1
gf_dot,1048576,shared_wide1,25,8,722859.375,33554432,0,0,1
gf_dot,1048576,shared_wide2,25,8,727932.250,33554432,0,0,1
gf_dot,1048576,flock_eager,25,8,886921.875,33554432,0,0,1
gf_dot,1048576,f2z_wide,25,8,727041.625,33554432,0,0,1
gf_dot,1048576,shared_wide8,25,8,767958.375,33554432,0,0,1
gf_dot,1048576,shared_wide4,25,8,725333.375,33554432,0,0,1
gf_dot,1048576,f2z_wide,26,8,724359.375,33554432,0,0,1
gf_dot,1048576,shared_wide1,26,8,723755.250,33554432,0,0,1
gf_dot,1048576,flock_eager,26,8,890015.625,33554432,0,0,1
gf_dot,1048576,shared_wide2,26,8,720604.250,33554432,0,0,1
gf_dot,1048576,shared_wide4,26,8,718505.250,33554432,0,0,1
gf_dot,1048576,shared_wide8,26,8,764744.750,33554432,0,0,1
gf_dot,1048576,shared_wide8,27,8,762296.875,33554432,0,0,1
gf_dot,1048576,shared_wide1,27,8,726104.125,33554432,0,0,1
gf_dot,1048576,shared_wide4,27,8,722307.250,33554432,0,0,1
gf_dot,1048576,flock_eager,27,8,891171.875,33554432,0,0,1
gf_dot,1048576,f2z_wide,27,8,726812.500,33554432,0,0,1
gf_dot,1048576,shared_wide2,27,8,723567.625,33554432,0,0,1
gf_dot,1048576,shared_wide2,28,8,728609.375,33554432,0,0,1
gf_dot,1048576,shared_wide4,28,8,722979.250,33554432,0,0,1
gf_dot,1048576,flock_eager,28,8,890250.000,33554432,0,0,1
gf_dot,1048576,shared_wide8,28,8,762901.125,33554432,0,0,1
gf_dot,1048576,shared_wide1,28,8,724140.625,33554432,0,0,1
gf_dot,1048576,f2z_wide,28,8,731661.500,33554432,0,0,1
gf_dot,1048576,shared_wide8,29,8,766921.875,33554432,0,0,1
gf_dot,1048576,shared_wide2,29,8,724781.250,33554432,0,0,1
gf_dot,1048576,shared_wide4,29,8,717505.125,33554432,0,0,1
gf_dot,1048576,shared_wide1,29,8,725593.750,33554432,0,0,1
gf_dot,1048576,f2z_wide,29,8,724463.500,33554432,0,0,1
gf_dot,1048576,flock_eager,29,8,887927.000,33554432,0,0,1
gf_dot,1048576,f2z_wide,30,8,724098.875,33554432,0,0,1
gf_dot,1048576,shared_wide2,30,8,723432.250,33554432,0,0,1
gf_dot,1048576,shared_wide1,30,8,721093.750,33554432,0,0,1
gf_dot,1048576,shared_wide4,30,8,722453.125,33554432,0,0,1
gf_dot,1048576,shared_wide8,30,8,761864.625,33554432,0,0,1
gf_dot,1048576,flock_eager,30,8,894432.250,33554432,0,0,1
gf_dot,1048576,shared_wide4,31,8,720244.875,33554432,0,0,1
gf_dot,1048576,f2z_wide,31,8,723145.750,33554432,0,0,1
gf_dot,1048576,shared_wide1,31,8,721171.875,33554432,0,0,1
gf_dot,1048576,shared_wide2,31,8,724458.250,33554432,0,0,1
gf_dot,1048576,flock_eager,31,8,892984.375,33554432,0,0,1
gf_dot,1048576,shared_wide8,31,8,764395.750,33554432,0,0,1
prime_reduce_product,100,existing_optimized,0,262144,16.327,40,0,0,1
prime_reduce_product,100,crypto_bigint,0,262144,140.065,40,0,0,1
prime_reduce_product,100,crypto_bigint,1,262144,139.741,40,0,0,1
prime_reduce_product,100,existing_optimized,1,262144,15.914,40,0,0,1
prime_reduce_product,100,existing_optimized,2,262144,15.886,40,0,0,1
prime_reduce_product,100,crypto_bigint,2,262144,139.801,40,0,0,1
prime_reduce_product,100,crypto_bigint,3,262144,139.848,40,0,0,1
prime_reduce_product,100,existing_optimized,3,262144,15.885,40,0,0,1
prime_reduce_product,100,existing_optimized,4,262144,15.870,40,0,0,1
prime_reduce_product,100,crypto_bigint,4,262144,139.874,40,0,0,1
prime_reduce_product,100,crypto_bigint,5,262144,139.721,40,0,0,1
prime_reduce_product,100,existing_optimized,5,262144,15.936,40,0,0,1
prime_reduce_product,100,crypto_bigint,6,262144,139.757,40,0,0,1
prime_reduce_product,100,existing_optimized,6,262144,15.870,40,0,0,1
prime_reduce_product,100,existing_optimized,7,262144,15.841,40,0,0,1
prime_reduce_product,100,crypto_bigint,7,262144,139.676,40,0,0,1
prime_reduce_product,100,existing_optimized,8,262144,15.875,40,0,0,1
prime_reduce_product,100,crypto_bigint,8,262144,139.757,40,0,0,1
prime_reduce_product,100,existing_optimized,9,262144,15.858,40,0,0,1
prime_reduce_product,100,crypto_bigint,9,262144,142.100,40,0,0,1
prime_reduce_product,100,crypto_bigint,10,262144,139.900,40,0,0,1
prime_reduce_product,100,existing_optimized,10,262144,15.896,40,0,0,1
prime_reduce_product,100,existing_optimized,11,262144,16.078,40,0,0,1
prime_reduce_product,100,crypto_bigint,11,262144,139.881,40,0,0,1
prime_reduce_product,100,existing_optimized,12,262144,15.961,40,0,0,1
prime_reduce_product,100,crypto_bigint,12,262144,139.857,40,0,0,1
prime_reduce_product,100,crypto_bigint,13,262144,139.852,40,0,0,1
prime_reduce_product,100,existing_optimized,13,262144,15.964,40,0,0,1
prime_reduce_product,100,existing_optimized,14,262144,15.965,40,0,0,1
prime_reduce_product,100,crypto_bigint,14,262144,139.938,40,0,0,1
prime_reduce_product,100,existing_optimized,15,262144,15.921,40,0,0,1
prime_reduce_product,100,crypto_bigint,15,262144,139.752,40,0,0,1
prime_reduce_product,100,existing_optimized,16,262144,15.943,40,0,0,1
prime_reduce_product,100,crypto_bigint,16,262144,139.707,40,0,0,1
prime_reduce_product,100,existing_optimized,17,262144,15.903,40,0,0,1
prime_reduce_product,100,crypto_bigint,17,262144,139.765,40,0,0,1
prime_reduce_product,100,existing_optimized,18,262144,15.897,40,0,0,1
prime_reduce_product,100,crypto_bigint,18,262144,139.780,40,0,0,1
prime_reduce_product,100,existing_optimized,19,262144,15.868,40,0,0,1
prime_reduce_product,100,crypto_bigint,19,262144,139.765,40,0,0,1
prime_reduce_product,100,crypto_bigint,20,262144,139.800,40,0,0,1
prime_reduce_product,100,existing_optimized,20,262144,15.863,40,0,0,1
prime_reduce_product,100,existing_optimized,21,262144,15.897,40,0,0,1
prime_reduce_product,100,crypto_bigint,21,262144,139.781,40,0,0,1
prime_reduce_product,100,crypto_bigint,22,262144,139.792,40,0,0,1
prime_reduce_product,100,existing_optimized,22,262144,15.951,40,0,0,1
prime_reduce_product,100,existing_optimized,23,262144,15.919,40,0,0,1
prime_reduce_product,100,crypto_bigint,23,262144,139.638,40,0,0,1
prime_reduce_product,100,crypto_bigint,24,262144,139.791,40,0,0,1
prime_reduce_product,100,existing_optimized,24,262144,15.898,40,0,0,1
prime_reduce_product,100,crypto_bigint,25,262144,139.803,40,0,0,1
prime_reduce_product,100,existing_optimized,25,262144,15.987,40,0,0,1
prime_reduce_product,100,crypto_bigint,26,262144,139.779,40,0,0,1
prime_reduce_product,100,existing_optimized,26,262144,15.924,40,0,0,1
prime_reduce_product,100,existing_optimized,27,262144,15.844,40,0,0,1
prime_reduce_product,100,crypto_bigint,27,262144,140.796,40,0,0,1
prime_reduce_product,100,crypto_bigint,28,262144,143.247,40,0,0,1
prime_reduce_product,100,existing_optimized,28,262144,15.924,40,0,0,1
prime_reduce_product,100,crypto_bigint,29,262144,139.972,40,0,0,1
prime_reduce_product,100,existing_optimized,29,262144,15.946,40,0,0,1
prime_reduce_product,100,crypto_bigint,30,262144,140.073,40,0,0,1
prime_reduce_product,100,existing_optimized,30,262144,16.678,40,0,0,1
prime_reduce_product,100,existing_optimized,31,262144,15.894,40,0,0,1
prime_reduce_product,100,crypto_bigint,31,262144,140.162,40,0,0,1
prime_reduce_linear,100,existing_optimized,0,262144,13.215,40,0,0,1
prime_reduce_linear,100,crypto_bigint,0,262144,99.817,40,0,0,1
prime_reduce_linear,100,crypto_bigint,1,262144,99.667,40,0,0,1
prime_reduce_linear,100,existing_optimized,1,262144,13.277,40,0,0,1
prime_reduce_linear,100,crypto_bigint,2,262144,99.729,40,0,0,1
prime_reduce_linear,100,existing_optimized,2,262144,13.257,40,0,0,1
prime_reduce_linear,100,existing_optimized,3,262144,13.294,40,0,0,1
prime_reduce_linear,100,crypto_bigint,3,262144,99.705,40,0,0,1
prime_reduce_linear,100,existing_optimized,4,262144,13.285,40,0,0,1
prime_reduce_linear,100,crypto_bigint,4,262144,99.816,40,0,0,1
prime_reduce_linear,100,existing_optimized,5,262144,13.225,40,0,0,1
prime_reduce_linear,100,crypto_bigint,5,262144,99.732,40,0,0,1
prime_reduce_linear,100,existing_optimized,6,262144,13.296,40,0,0,1
prime_reduce_linear,100,crypto_bigint,6,262144,99.427,40,0,0,1
prime_reduce_linear,100,crypto_bigint,7,262144,99.787,40,0,0,1
prime_reduce_linear,100,existing_optimized,7,262144,13.276,40,0,0,1
prime_reduce_linear,100,existing_optimized,8,262144,13.260,40,0,0,1
prime_reduce_linear,100,crypto_bigint,8,262144,99.813,40,0,0,1
prime_reduce_linear,100,crypto_bigint,9,262144,99.751,40,0,0,1
prime_reduce_linear,100,existing_optimized,9,262144,13.308,40,0,0,1
prime_reduce_linear,100,crypto_bigint,10,262144,100.364,40,0,0,1
prime_reduce_linear,100,existing_optimized,10,262144,13.325,40,0,0,1
prime_reduce_linear,100,crypto_bigint,11,262144,99.965,40,0,0,1
prime_reduce_linear,100,existing_optimized,11,262144,13.275,40,0,0,1
prime_reduce_linear,100,crypto_bigint,12,262144,99.673,40,0,0,1
prime_reduce_linear,100,existing_optimized,12,262144,13.253,40,0,0,1
prime_reduce_linear,100,crypto_bigint,13,262144,99.898,40,0,0,1
prime_reduce_linear,100,existing_optimized,13,262144,13.362,40,0,0,1
prime_reduce_linear,100,existing_optimized,14,262144,13.262,40,0,0,1
prime_reduce_linear,100,crypto_bigint,14,262144,102.045,40,0,0,1
prime_reduce_linear,100,crypto_bigint,15,262144,100.525,40,0,0,1
prime_reduce_linear,100,existing_optimized,15,262144,13.319,40,0,0,1
prime_reduce_linear,100,crypto_bigint,16,262144,100.049,40,0,0,1
prime_reduce_linear,100,existing_optimized,16,262144,13.331,40,0,0,1
prime_reduce_linear,100,crypto_bigint,17,262144,99.738,40,0,0,1
prime_reduce_linear,100,existing_optimized,17,262144,13.270,40,0,0,1
prime_reduce_linear,100,existing_optimized,18,262144,13.278,40,0,0,1
prime_reduce_linear,100,crypto_bigint,18,262144,100.297,40,0,0,1
prime_reduce_linear,100,crypto_bigint,19,262144,99.796,40,0,0,1
prime_reduce_linear,100,existing_optimized,19,262144,13.349,40,0,0,1
prime_reduce_linear,100,existing_optimized,20,262144,13.264,40,0,0,1
prime_reduce_linear,100,crypto_bigint,20,262144,99.608,40,0,0,1
prime_reduce_linear,100,crypto_bigint,21,262144,99.643,40,0,0,1
prime_reduce_linear,100,existing_optimized,21,262144,13.268,40,0,0,1
prime_reduce_linear,100,existing_optimized,22,262144,13.272,40,0,0,1
prime_reduce_linear,100,crypto_bigint,22,262144,99.545,40,0,0,1
prime_reduce_linear,100,existing_optimized,23,262144,13.257,40,0,0,1
prime_reduce_linear,100,crypto_bigint,23,262144,99.627,40,0,0,1
prime_reduce_linear,100,crypto_bigint,24,262144,100.185,40,0,0,1
prime_reduce_linear,100,existing_optimized,24,262144,13.218,40,0,0,1
prime_reduce_linear,100,existing_optimized,25,262144,13.319,40,0,0,1
prime_reduce_linear,100,crypto_bigint,25,262144,100.015,40,0,0,1
prime_reduce_linear,100,existing_optimized,26,262144,13.241,40,0,0,1
prime_reduce_linear,100,crypto_bigint,26,262144,99.582,40,0,0,1
prime_reduce_linear,100,crypto_bigint,27,262144,99.463,40,0,0,1
prime_reduce_linear,100,existing_optimized,27,262144,13.230,40,0,0,1
prime_reduce_linear,100,existing_optimized,28,262144,13.280,40,0,0,1
prime_reduce_linear,100,crypto_bigint,28,262144,99.600,40,0,0,1
prime_reduce_linear,100,existing_optimized,29,262144,13.240,40,0,0,1
prime_reduce_linear,100,crypto_bigint,29,262144,99.351,40,0,0,1
prime_reduce_linear,100,crypto_bigint,30,262144,99.422,40,0,0,1
prime_reduce_linear,100,existing_optimized,30,262144,13.204,40,0,0,1
prime_reduce_linear,100,crypto_bigint,31,262144,99.486,40,0,0,1
prime_reduce_linear,100,existing_optimized,31,262144,13.275,40,0,0,1
prime_setup,100,existing_contexts,0,16384,218.867,64,0,0,1
prime_setup,100,existing_contexts,1,16384,219.571,64,0,0,1
prime_setup,100,existing_contexts,2,16384,219.106,64,0,0,1
prime_setup,100,existing_contexts,3,16384,218.976,64,0,0,1
prime_setup,100,existing_contexts,4,16384,219.119,64,0,0,1
prime_setup,100,existing_contexts,5,16384,219.210,64,0,0,1
prime_setup,100,existing_contexts,6,16384,218.872,64,0,0,1
prime_setup,100,existing_contexts,7,16384,218.859,64,0,0,1
prime_setup,100,existing_contexts,8,16384,219.139,64,0,0,1
prime_setup,100,existing_contexts,9,16384,218.974,64,0,0,1
prime_setup,100,existing_contexts,10,16384,219.678,64,0,0,1
prime_setup,100,existing_contexts,11,16384,219.045,64,0,0,1
prime_setup,100,existing_contexts,12,16384,219.767,64,0,0,1
prime_setup,100,existing_contexts,13,16384,219.236,64,0,0,1
prime_setup,100,existing_contexts,14,16384,219.350,64,0,0,1
prime_setup,100,existing_contexts,15,16384,219.086,64,0,0,1
prime_setup,100,existing_contexts,16,16384,219.510,64,0,0,1
prime_setup,100,existing_contexts,17,16384,219.696,64,0,0,1
prime_setup,100,existing_contexts,18,16384,220.052,64,0,0,1
prime_setup,100,existing_contexts,19,16384,220.459,64,0,0,1
prime_setup,100,existing_contexts,20,16384,222.219,64,0,0,1
prime_setup,100,existing_contexts,21,16384,220.159,64,0,0,1
prime_setup,100,existing_contexts,22,16384,220.174,64,0,0,1
prime_setup,100,existing_contexts,23,16384,220.515,64,0,0,1
prime_setup,100,existing_contexts,24,16384,220.612,64,0,0,1
prime_setup,100,existing_contexts,25,16384,220.161,64,0,0,1
prime_setup,100,existing_contexts,26,16384,219.014,64,0,0,1
prime_setup,100,existing_contexts,27,16384,219.096,64,0,0,1
prime_setup,100,existing_contexts,28,16384,220.085,64,0,0,1
prime_setup,100,existing_contexts,29,16384,220.146,64,0,0,1
prime_setup,100,existing_contexts,30,16384,220.019,64,0,0,1
prime_setup,100,existing_contexts,31,16384,220.276,64,0,0,1
prime_mul,q100_n16,branded,0,65536,79.063,768,0,0,1
prime_mul,q100_n16,raw_ctx,0,65536,77.441,768,0,0,1
prime_mul,q100_n16,checked_per_term,0,65536,86.362,768,0,0,1
prime_mul,q100_n16,configured_field,0,65536,123.439,3840,0,0,1
prime_mul,q100_n16,raw_ctx,1,65536,76.969,768,0,0,1
prime_mul,q100_n16,checked_per_term,1,65536,86.699,768,0,0,1
prime_mul,q100_n16,branded,1,65536,79.552,768,0,0,1
prime_mul,q100_n16,configured_field,1,65536,123.492,3840,0,0,1
prime_mul,q100_n16,branded,2,65536,79.422,768,0,0,1
prime_mul,q100_n16,raw_ctx,2,65536,77.952,768,0,0,1
prime_mul,q100_n16,checked_per_term,2,65536,86.460,768,0,0,1
prime_mul,q100_n16,configured_field,2,65536,123.252,3840,0,0,1
prime_mul,q100_n16,raw_ctx,3,65536,77.631,768,0,0,1
prime_mul,q100_n16,branded,3,65536,79.426,768,0,0,1
prime_mul,q100_n16,checked_per_term,3,65536,86.608,768,0,0,1
prime_mul,q100_n16,configured_field,3,65536,123.278,3840,0,0,1
prime_mul,q100_n16,raw_ctx,4,65536,77.571,768,0,0,1
prime_mul,q100_n16,branded,4,65536,78.979,768,0,0,1
prime_mul,q100_n16,configured_field,4,65536,122.506,3840,0,0,1
prime_mul,q100_n16,checked_per_term,4,65536,86.304,768,0,0,1
prime_mul,q100_n16,checked_per_term,5,65536,86.237,768,0,0,1
prime_mul,q100_n16,configured_field,5,65536,126.954,3840,0,0,1
prime_mul,q100_n16,branded,5,65536,85.445,768,0,0,1
prime_mul,q100_n16,raw_ctx,5,65536,78.806,768,0,0,1
prime_mul,q100_n16,configured_field,6,65536,122.904,3840,0,0,1
prime_mul,q100_n16,branded,6,65536,79.733,768,0,0,1
prime_mul,q100_n16,raw_ctx,6,65536,77.699,768,0,0,1
prime_mul,q100_n16,checked_per_term,6,65536,86.396,768,0,0,1
prime_mul,q100_n16,configured_field,7,65536,123.552,3840,0,0,1
prime_mul,q100_n16,branded,7,65536,79.160,768,0,0,1
prime_mul,q100_n16,raw_ctx,7,65536,77.265,768,0,0,1
prime_mul,q100_n16,checked_per_term,7,65536,86.691,768,0,0,1
prime_mul,q100_n16,checked_per_term,8,65536,86.475,768,0,0,1
prime_mul,q100_n16,branded,8,65536,79.398,768,0,0,1
prime_mul,q100_n16,configured_field,8,65536,123.173,3840,0,0,1
prime_mul,q100_n16,raw_ctx,8,65536,77.782,768,0,0,1
prime_mul,q100_n16,configured_field,9,65536,123.174,3840,0,0,1
prime_mul,q100_n16,branded,9,65536,79.315,768,0,0,1
prime_mul,q100_n16,raw_ctx,9,65536,77.753,768,0,0,1
prime_mul,q100_n16,checked_per_term,9,65536,86.650,768,0,0,1
prime_mul,q100_n16,checked_per_term,10,65536,86.781,768,0,0,1
prime_mul,q100_n16,raw_ctx,10,65536,76.958,768,0,0,1
prime_mul,q100_n16,branded,10,65536,79.014,768,0,0,1
prime_mul,q100_n16,configured_field,10,65536,123.475,3840,0,0,1
prime_mul,q100_n16,checked_per_term,11,65536,86.535,768,0,0,1
prime_mul,q100_n16,branded,11,65536,79.680,768,0,0,1
prime_mul,q100_n16,raw_ctx,11,65536,77.620,768,0,0,1
prime_mul,q100_n16,configured_field,11,65536,123.011,3840,0,0,1
prime_mul,q100_n16,configured_field,12,65536,123.297,3840,0,0,1
prime_mul,q100_n16,branded,12,65536,79.542,768,0,0,1
prime_mul,q100_n16,raw_ctx,12,65536,77.834,768,0,0,1
prime_mul,q100_n16,checked_per_term,12,65536,86.384,768,0,0,1
prime_mul,q100_n16,branded,13,65536,79.147,768,0,0,1
prime_mul,q100_n16,configured_field,13,65536,123.196,3840,0,0,1
prime_mul,q100_n16,raw_ctx,13,65536,77.600,768,0,0,1
prime_mul,q100_n16,checked_per_term,13,65536,86.597,768,0,0,1
prime_mul,q100_n16,branded,14,65536,79.309,768,0,0,1
prime_mul,q100_n16,raw_ctx,14,65536,77.700,768,0,0,1
prime_mul,q100_n16,checked_per_term,14,65536,86.816,768,0,0,1
prime_mul,q100_n16,configured_field,14,65536,123.063,3840,0,0,1
prime_mul,q100_n16,configured_field,15,65536,123.093,3840,0,0,1
prime_mul,q100_n16,checked_per_term,15,65536,86.424,768,0,0,1
prime_mul,q100_n16,raw_ctx,15,65536,76.829,768,0,0,1
prime_mul,q100_n16,branded,15,65536,79.076,768,0,0,1
prime_mul,q100_n16,checked_per_term,16,65536,86.536,768,0,0,1
prime_mul,q100_n16,raw_ctx,16,65536,77.624,768,0,0,1
prime_mul,q100_n16,branded,16,65536,79.215,768,0,0,1
prime_mul,q100_n16,configured_field,16,65536,123.066,3840,0,0,1
prime_mul,q100_n16,configured_field,17,65536,122.983,3840,0,0,1
prime_mul,q100_n16,checked_per_term,17,65536,86.428,768,0,0,1
prime_mul,q100_n16,branded,17,65536,79.051,768,0,0,1
prime_mul,q100_n16,raw_ctx,17,65536,77.477,768,0,0,1
prime_mul,q100_n16,raw_ctx,18,65536,77.306,768,0,0,1
prime_mul,q100_n16,branded,18,65536,78.999,768,0,0,1
prime_mul,q100_n16,configured_field,18,65536,122.632,3840,0,0,1
prime_mul,q100_n16,checked_per_term,18,65536,86.341,768,0,0,1
prime_mul,q100_n16,configured_field,19,65536,122.723,3840,0,0,1
prime_mul,q100_n16,checked_per_term,19,65536,86.538,768,0,0,1
prime_mul,q100_n16,branded,19,65536,79.039,768,0,0,1
prime_mul,q100_n16,raw_ctx,19,65536,77.756,768,0,0,1
prime_mul,q100_n16,checked_per_term,20,65536,86.517,768,0,0,1
prime_mul,q100_n16,raw_ctx,20,65536,77.936,768,0,0,1
prime_mul,q100_n16,branded,20,65536,79.425,768,0,0,1
prime_mul,q100_n16,configured_field,20,65536,123.060,3840,0,0,1
prime_mul,q100_n16,branded,21,65536,79.425,768,0,0,1
prime_mul,q100_n16,configured_field,21,65536,122.955,3840,0,0,1
prime_mul,q100_n16,checked_per_term,21,65536,86.773,768,0,0,1
prime_mul,q100_n16,raw_ctx,21,65536,77.715,768,0,0,1
prime_mul,q100_n16,configured_field,22,65536,122.648,3840,0,0,1
prime_mul,q100_n16,branded,22,65536,78.974,768,0,0,1
prime_mul,q100_n16,raw_ctx,22,65536,77.944,768,0,0,1
prime_mul,q100_n16,checked_per_term,22,65536,89.649,768,0,0,1
prime_mul,q100_n16,checked_per_term,23,65536,86.944,768,0,0,1
prime_mul,q100_n16,configured_field,23,65536,123.415,3840,0,0,1
prime_mul,q100_n16,branded,23,65536,79.659,768,0,0,1
prime_mul,q100_n16,raw_ctx,23,65536,77.969,768,0,0,1
prime_mul,q100_n16,checked_per_term,24,65536,86.560,768,0,0,1
prime_mul,q100_n16,branded,24,65536,79.423,768,0,0,1
prime_mul,q100_n16,raw_ctx,24,65536,77.742,768,0,0,1
prime_mul,q100_n16,configured_field,24,65536,123.106,3840,0,0,1
prime_mul,q100_n16,configured_field,25,65536,123.096,3840,0,0,1
prime_mul,q100_n16,branded,25,65536,79.306,768,0,0,1
prime_mul,q100_n16,raw_ctx,25,65536,78.029,768,0,0,1
prime_mul,q100_n16,checked_per_term,25,65536,86.645,768,0,0,1
prime_mul,q100_n16,configured_field,26,65536,123.810,3840,0,0,1
prime_mul,q100_n16,checked_per_term,26,65536,86.458,768,0,0,1
prime_mul,q100_n16,raw_ctx,26,65536,78.032,768,0,0,1
prime_mul,q100_n16,branded,26,65536,79.394,768,0,0,1
prime_mul,q100_n16,raw_ctx,27,65536,77.597,768,0,0,1
prime_mul,q100_n16,checked_per_term,27,65536,86.820,768,0,0,1
prime_mul,q100_n16,configured_field,27,65536,123.262,3840,0,0,1
prime_mul,q100_n16,branded,27,65536,78.959,768,0,0,1
prime_mul,q100_n16,raw_ctx,28,65536,77.551,768,0,0,1
prime_mul,q100_n16,checked_per_term,28,65536,86.594,768,0,0,1
prime_mul,q100_n16,configured_field,28,65536,123.199,3840,0,0,1
prime_mul,q100_n16,branded,28,65536,79.329,768,0,0,1
prime_mul,q100_n16,checked_per_term,29,65536,86.524,768,0,0,1
prime_mul,q100_n16,raw_ctx,29,65536,77.789,768,0,0,1
prime_mul,q100_n16,branded,29,65536,78.915,768,0,0,1
prime_mul,q100_n16,configured_field,29,65536,122.650,3840,0,0,1
prime_mul,q100_n16,checked_per_term,30,65536,86.758,768,0,0,1
prime_mul,q100_n16,branded,30,65536,79.271,768,0,0,1
prime_mul,q100_n16,configured_field,30,65536,123.325,3840,0,0,1
prime_mul,q100_n16,raw_ctx,30,65536,77.465,768,0,0,1
prime_mul,q100_n16,configured_field,31,65536,122.741,3840,0,0,1
prime_mul,q100_n16,checked_per_term,31,65536,86.314,768,0,0,1
prime_mul,q100_n16,branded,31,65536,79.101,768,0,0,1
prime_mul,q100_n16,raw_ctx,31,65536,77.450,768,0,0,1
prime_dot,q100_n16,eager_raw,0,65536,100.830,512,0,0,1
prime_dot,q100_n16,convert_then_delayed,0,65536,118.422,1024,2,512,1
prime_dot,q100_n16,acc8,0,65536,63.444,512,0,0,1
prime_dot,q100_n16,checked_per_term,0,65536,66.857,512,0,0,1
prime_dot,q100_n16,existing_delayed,0,65536,57.955,512,0,0,1
prime_dot,q100_n16,acc2,0,65536,58.612,512,0,0,1
prime_dot,q100_n16,crypto_bigint_reduce,0,65536,150.030,512,0,0,1
prime_dot,q100_n16,acc4,0,65536,60.279,512,0,0,1
prime_dot,q100_n16,acc2,1,65536,58.666,512,0,0,1
prime_dot,q100_n16,acc4,1,65536,60.579,512,0,0,1
prime_dot,q100_n16,existing_delayed,1,65536,57.956,512,0,0,1
prime_dot,q100_n16,acc8,1,65536,63.855,512,0,0,1
prime_dot,q100_n16,eager_raw,1,65536,101.040,512,0,0,1
prime_dot,q100_n16,crypto_bigint_reduce,1,65536,155.682,512,0,0,1
prime_dot,q100_n16,checked_per_term,1,65536,69.255,512,0,0,1
prime_dot,q100_n16,convert_then_delayed,1,65536,123.246,1024,2,512,1
prime_dot,q100_n16,existing_delayed,2,65536,59.837,512,0,0,1
prime_dot,q100_n16,acc8,2,65536,65.644,512,0,0,1
prime_dot,q100_n16,checked_per_term,2,65536,68.977,512,0,0,1
prime_dot,q100_n16,convert_then_delayed,2,65536,123.822,1024,2,512,1
prime_dot,q100_n16,acc4,2,65536,62.266,512,0,0,1
prime_dot,q100_n16,eager_raw,2,65536,104.919,512,0,0,1
prime_dot,q100_n16,acc2,2,65536,59.355,512,0,0,1
prime_dot,q100_n16,crypto_bigint_reduce,2,65536,150.076,512,0,0,1
prime_dot,q100_n16,eager_raw,3,65536,101.095,512,0,0,1
prime_dot,q100_n16,checked_per_term,3,65536,66.807,512,0,0,1
prime_dot,q100_n16,convert_then_delayed,3,65536,119.406,1024,2,512,1
prime_dot,q100_n16,existing_delayed,3,65536,58.142,512,0,0,1
prime_dot,q100_n16,acc2,3,65536,58.854,512,0,0,1
prime_dot,q100_n16,crypto_bigint_reduce,3,65536,149.663,512,0,0,1
prime_dot,q100_n16,acc4,3,65536,60.536,512,0,0,1
prime_dot,q100_n16,acc8,3,65536,63.920,512,0,0,1
prime_dot,q100_n16,crypto_bigint_reduce,4,65536,149.900,512,0,0,1
prime_dot,q100_n16,acc2,4,65536,58.842,512,0,0,1
prime_dot,q100_n16,acc8,4,65536,63.737,512,0,0,1
prime_dot,q100_n16,convert_then_delayed,4,65536,119.147,1024,2,512,1
prime_dot,q100_n16,existing_delayed,4,65536,57.917,512,0,0,1
prime_dot,q100_n16,eager_raw,4,65536,101.102,512,0,0,1
prime_dot,q100_n16,checked_per_term,4,65536,67.230,512,0,0,1
prime_dot,q100_n16,acc4,4,65536,60.717,512,0,0,1
prime_dot,q100_n16,acc4,5,65536,60.525,512,0,0,1
prime_dot,q100_n16,existing_delayed,5,65536,57.815,512,0,0,1
prime_dot,q100_n16,eager_raw,5,65536,101.179,512,0,0,1
prime_dot,q100_n16,acc8,5,65536,63.849,512,0,0,1
prime_dot,q100_n16,crypto_bigint_reduce,5,65536,149.824,512,0,0,1
prime_dot,q100_n16,acc2,5,65536,59.039,512,0,0,1
prime_dot,q100_n16,convert_then_delayed,5,65536,119.288,1024,2,512,1
prime_dot,q100_n16,checked_per_term,5,65536,66.890,512,0,0,1
prime_dot,q100_n16,acc8,6,65536,63.627,512,0,0,1
prime_dot,q100_n16,convert_then_delayed,6,65536,118.361,1024,2,512,1
prime_dot,q100_n16,acc2,6,65536,58.822,512,0,0,1
prime_dot,q100_n16,acc4,6,65536,60.557,512,0,0,1
prime_dot,q100_n16,checked_per_term,6,65536,67.113,512,0,0,1
prime_dot,q100_n16,eager_raw,6,65536,101.074,512,0,0,1
prime_dot,q100_n16,existing_delayed,6,65536,57.845,512,0,0,1
prime_dot,q100_n16,crypto_bigint_reduce,6,65536,149.492,512,0,0,1
prime_dot,q100_n16,acc4,7,65536,60.431,512,0,0,1
prime_dot,q100_n16,existing_delayed,7,65536,57.973,512,0,0,1
prime_dot,q100_n16,eager_raw,7,65536,101.004,512,0,0,1
prime_dot,q100_n16,checked_per_term,7,65536,66.725,512,0,0,1
prime_dot,q100_n16,convert_then_delayed,7,65536,118.510,1024,2,512,1
prime_dot,q100_n16,acc2,7,65536,58.683,512,0,0,1
prime_dot,q100_n16,crypto_bigint_reduce,7,65536,149.674,512,0,0,1
prime_dot,q100_n16,acc8,7,65536,63.704,512,0,0,1
prime_dot,q100_n16,checked_per_term,8,65536,66.950,512,0,0,1
prime_dot,q100_n16,acc8,8,65536,63.638,512,0,0,1
prime_dot,q100_n16,convert_then_delayed,8,65536,118.804,1024,2,512,1
prime_dot,q100_n16,acc4,8,65536,60.538,512,0,0,1
prime_dot,q100_n16,eager_raw,8,65536,100.887,512,0,0,1
prime_dot,q100_n16,existing_delayed,8,65536,57.969,512,0,0,1
prime_dot,q100_n16,crypto_bigint_reduce,8,65536,150.047,512,0,0,1
prime_dot,q100_n16,acc2,8,65536,58.779,512,0,0,1
prime_dot,q100_n16,crypto_bigint_reduce,9,65536,149.811,512,0,0,1
prime_dot,q100_n16,checked_per_term,9,65536,66.741,512,0,0,1
prime_dot,q100_n16,eager_raw,9,65536,100.876,512,0,0,1
prime_dot,q100_n16,acc8,9,65536,63.865,512,0,0,1
prime_dot,q100_n16,convert_then_delayed,9,65536,121.045,1024,2,512,1
prime_dot,q100_n16,acc2,9,65536,59.875,512,0,0,1
prime_dot,q100_n16,existing_delayed,9,65536,57.857,512,0,0,1
prime_dot,q100_n16,acc4,9,65536,61.094,512,0,0,1
prime_dot,q100_n16,acc4,10,65536,60.860,512,0,0,1
prime_dot,q100_n16,crypto_bigint_reduce,10,65536,149.882,512,0,0,1
prime_dot,q100_n16,acc8,10,65536,63.965,512,0,0,1
prime_dot,q100_n16,convert_then_delayed,10,65536,119.323,1024,2,512,1
prime_dot,q100_n16,checked_per_term,10,65536,67.767,512,0,0,1
prime_dot,q100_n16,existing_delayed,10,65536,58.153,512,0,0,1
prime_dot,q100_n16,eager_raw,10,65536,100.913,512,0,0,1
prime_dot,q100_n16,acc2,10,65536,59.177,512,0,0,1
prime_dot,q100_n16,existing_delayed,11,65536,57.883,512,0,0,1
prime_dot,q100_n16,checked_per_term,11,65536,67.273,512,0,0,1
prime_dot,q100_n16,acc8,11,65536,63.678,512,0,0,1
prime_dot,q100_n16,acc4,11,65536,61.018,512,0,0,1
prime_dot,q100_n16,acc2,11,65536,58.951,512,0,0,1
prime_dot,q100_n16,eager_raw,11,65536,101.387,512,0,0,1
prime_dot,q100_n16,crypto_bigint_reduce,11,65536,149.961,512,0,0,1
prime_dot,q100_n16,convert_then_delayed,11,65536,119.093,1024,2,512,1
prime_dot,q100_n16,acc2,12,65536,59.138,512,0,0,1
prime_dot,q100_n16,existing_delayed,12,65536,58.028,512,0,0,1
prime_dot,q100_n16,acc8,12,65536,63.661,512,0,0,1
prime_dot,q100_n16,checked_per_term,12,65536,66.849,512,0,0,1
prime_dot,q100_n16,convert_then_delayed,12,65536,119.285,1024,2,512,1
prime_dot,q100_n16,acc4,12,65536,61.103,512,0,0,1
prime_dot,q100_n16,crypto_bigint_reduce,12,65536,150.127,512,0,0,1
prime_dot,q100_n16,eager_raw,12,65536,101.200,512,0,0,1
prime_dot,q100_n16,convert_then_delayed,13,65536,118.601,1024,2,512,1
prime_dot,q100_n16,crypto_bigint_reduce,13,65536,149.493,512,0,0,1
prime_dot,q100_n16,checked_per_term,13,65536,66.942,512,0,0,1
prime_dot,q100_n16,acc4,13,65536,60.923,512,0,0,1
prime_dot,q100_n16,existing_delayed,13,65536,57.786,512,0,0,1
prime_dot,q100_n16,acc2,13,65536,58.675,512,0,0,1
prime_dot,q100_n16,eager_raw,13,65536,100.878,512,0,0,1
prime_dot,q100_n16,acc8,13,65536,64.474,512,0,0,1
prime_dot,q100_n16,eager_raw,14,65536,101.945,512,0,0,1
prime_dot,q100_n16,acc8,14,65536,63.690,512,0,0,1
prime_dot,q100_n16,acc4,14,65536,60.456,512,0,0,1
prime_dot,q100_n16,convert_then_delayed,14,65536,118.525,1024,2,512,1
prime_dot,q100_n16,crypto_bigint_reduce,14,65536,149.796,512,0,0,1
prime_dot,q100_n16,checked_per_term,14,65536,67.022,512,0,0,1
prime_dot,q100_n16,acc2,14,65536,58.982,512,0,0,1
prime_dot,q100_n16,existing_delayed,14,65536,57.965,512,0,0,1
prime_dot,q100_n16,acc2,15,65536,59.151,512,0,0,1
prime_dot,q100_n16,acc8,15,65536,63.579,512,0,0,1
prime_dot,q100_n16,checked_per_term,15,65536,66.926,512,0,0,1
prime_dot,q100_n16,acc4,15,65536,60.771,512,0,0,1
prime_dot,q100_n16,crypto_bigint_reduce,15,65536,149.399,512,0,0,1
prime_dot,q100_n16,existing_delayed,15,65536,59.437,512,0,0,1
prime_dot,q100_n16,convert_then_delayed,15,65536,124.884,1024,2,512,1
prime_dot,q100_n16,eager_raw,15,65536,106.412,512,0,0,1
prime_dot,q100_n16,acc8,16,65536,63.645,512,0,0,1
prime_dot,q100_n16,convert_then_delayed,16,65536,119.234,1024,2,512,1
prime_dot,q100_n16,acc2,16,65536,59.124,512,0,0,1
prime_dot,q100_n16,crypto_bigint_reduce,16,65536,150.540,512,0,0,1
prime_dot,q100_n16,eager_raw,16,65536,101.538,512,0,0,1
prime_dot,q100_n16,acc4,16,65536,61.066,512,0,0,1
prime_dot,q100_n16,existing_delayed,16,65536,58.133,512,0,0,1
prime_dot,q100_n16,checked_per_term,16,65536,67.146,512,0,0,1
prime_dot,q100_n16,eager_raw,17,65536,101.135,512,0,0,1
prime_dot,q100_n16,acc2,17,65536,58.954,512,0,0,1
prime_dot,q100_n16,acc4,17,65536,62.264,512,0,0,1
prime_dot,q100_n16,acc8,17,65536,63.575,512,0,0,1
prime_dot,q100_n16,crypto_bigint_reduce,17,65536,151.346,512,0,0,1
prime_dot,q100_n16,checked_per_term,17,65536,67.058,512,0,0,1
prime_dot,q100_n16,existing_delayed,17,65536,57.985,512,0,0,1
prime_dot,q100_n16,convert_then_delayed,17,65536,118.666,1024,2,512,1
prime_dot,q100_n16,acc4,18,65536,61.466,512,0,0,1
prime_dot,q100_n16,crypto_bigint_reduce,18,65536,150.207,512,0,0,1
prime_dot,q100_n16,convert_then_delayed,18,65536,119.912,1024,2,512,1
prime_dot,q100_n16,checked_per_term,18,65536,68.775,512,0,0,1
prime_dot,q100_n16,acc8,18,65536,64.143,512,0,0,1
prime_dot,q100_n16,existing_delayed,18,65536,58.063,512,0,0,1
prime_dot,q100_n16,eager_raw,18,65536,101.559,512,0,0,1
prime_dot,q100_n16,acc2,18,65536,58.825,512,0,0,1
prime_dot,q100_n16,acc2,19,65536,58.750,512,0,0,1
prime_dot,q100_n16,existing_delayed,19,65536,57.783,512,0,0,1
prime_dot,q100_n16,checked_per_term,19,65536,66.890,512,0,0,1
prime_dot,q100_n16,crypto_bigint_reduce,19,65536,149.975,512,0,0,1
prime_dot,q100_n16,convert_then_delayed,19,65536,119.615,1024,2,512,1
prime_dot,q100_n16,acc4,19,65536,60.506,512,0,0,1
prime_dot,q100_n16,acc8,19,65536,63.908,512,0,0,1
prime_dot,q100_n16,eager_raw,19,65536,101.227,512,0,0,1
prime_dot,q100_n16,existing_delayed,20,65536,57.936,512,0,0,1
prime_dot,q100_n16,acc2,20,65536,58.643,512,0,0,1
prime_dot,q100_n16,acc4,20,65536,60.579,512,0,0,1
prime_dot,q100_n16,convert_then_delayed,20,65536,118.963,1024,2,512,1
prime_dot,q100_n16,eager_raw,20,65536,101.449,512,0,0,1
prime_dot,q100_n16,acc8,20,65536,63.590,512,0,0,1
prime_dot,q100_n16,checked_per_term,20,65536,66.889,512,0,0,1
prime_dot,q100_n16,crypto_bigint_reduce,20,65536,149.835,512,0,0,1
prime_dot,q100_n16,checked_per_term,21,65536,67.078,512,0,0,1
prime_dot,q100_n16,eager_raw,21,65536,101.444,512,0,0,1
prime_dot,q100_n16,crypto_bigint_reduce,21,65536,149.481,512,0,0,1
prime_dot,q100_n16,existing_delayed,21,65536,57.923,512,0,0,1
prime_dot,q100_n16,acc8,21,65536,63.966,512,0,0,1
prime_dot,q100_n16,acc2,21,65536,58.936,512,0,0,1
prime_dot,q100_n16,convert_then_delayed,21,65536,118.660,1024,2,512,1
prime_dot,q100_n16,acc4,21,65536,60.545,512,0,0,1
prime_dot,q100_n16,crypto_bigint_reduce,22,65536,149.611,512,0,0,1
prime_dot,q100_n16,checked_per_term,22,65536,66.863,512,0,0,1
prime_dot,q100_n16,acc2,22,65536,58.742,512,0,0,1
prime_dot,q100_n16,existing_delayed,22,65536,57.968,512,0,0,1
prime_dot,q100_n16,eager_raw,22,65536,100.901,512,0,0,1
prime_dot,q100_n16,convert_then_delayed,22,65536,118.794,1024,2,512,1
prime_dot,q100_n16,acc8,22,65536,63.497,512,0,0,1
prime_dot,q100_n16,acc4,22,65536,60.736,512,0,0,1
prime_dot,q100_n16,crypto_bigint_reduce,23,65536,149.263,512,0,0,1
prime_dot,q100_n16,acc4,23,65536,60.266,512,0,0,1
prime_dot,q100_n16,acc2,23,65536,58.591,512,0,0,1
prime_dot,q100_n16,checked_per_term,23,65536,66.710,512,0,0,1
prime_dot,q100_n16,convert_then_delayed,23,65536,119.012,1024,2,512,1
prime_dot,q100_n16,existing_delayed,23,65536,57.936,512,0,0,1
prime_dot,q100_n16,acc8,23,65536,63.583,512,0,0,1
prime_dot,q100_n16,eager_raw,23,65536,100.848,512,0,0,1
prime_dot,q100_n16,acc8,24,65536,63.402,512,0,0,1
prime_dot,q100_n16,acc4,24,65536,60.594,512,0,0,1
prime_dot,q100_n16,eager_raw,24,65536,100.856,512,0,0,1
prime_dot,q100_n16,convert_then_delayed,24,65536,118.797,1024,2,512,1
prime_dot,q100_n16,crypto_bigint_reduce,24,65536,153.018,512,0,0,1
prime_dot,q100_n16,existing_delayed,24,65536,58.297,512,0,0,1
prime_dot,q100_n16,acc2,24,65536,58.709,512,0,0,1
prime_dot,q100_n16,checked_per_term,24,65536,67.481,512,0,0,1
prime_dot,q100_n16,eager_raw,25,65536,101.359,512,0,0,1
prime_dot,q100_n16,acc8,25,65536,63.815,512,0,0,1
prime_dot,q100_n16,convert_then_delayed,25,65536,119.191,1024,2,512,1
prime_dot,q100_n16,acc4,25,65536,60.472,512,0,0,1
prime_dot,q100_n16,existing_delayed,25,65536,57.965,512,0,0,1
prime_dot,q100_n16,checked_per_term,25,65536,66.844,512,0,0,1
prime_dot,q100_n16,crypto_bigint_reduce,25,65536,150.059,512,0,0,1
prime_dot,q100_n16,acc2,25,65536,58.715,512,0,0,1
prime_dot,q100_n16,acc2,26,65536,58.975,512,0,0,1
prime_dot,q100_n16,crypto_bigint_reduce,26,65536,149.827,512,0,0,1
prime_dot,q100_n16,convert_then_delayed,26,65536,119.084,1024,2,512,1
prime_dot,q100_n16,checked_per_term,26,65536,67.078,512,0,0,1
prime_dot,q100_n16,acc8,26,65536,63.537,512,0,0,1
prime_dot,q100_n16,acc4,26,65536,60.507,512,0,0,1
prime_dot,q100_n16,existing_delayed,26,65536,58.045,512,0,0,1
prime_dot,q100_n16,eager_raw,26,65536,101.273,512,0,0,1
prime_dot,q100_n16,checked_per_term,27,65536,66.877,512,0,0,1
prime_dot,q100_n16,convert_then_delayed,27,65536,119.273,1024,2,512,1
prime_dot,q100_n16,acc2,27,65536,59.051,512,0,0,1
prime_dot,q100_n16,crypto_bigint_reduce,27,65536,149.885,512,0,0,1
prime_dot,q100_n16,eager_raw,27,65536,101.379,512,0,0,1
prime_dot,q100_n16,acc8,27,65536,63.648,512,0,0,1
prime_dot,q100_n16,existing_delayed,27,65536,57.795,512,0,0,1
prime_dot,q100_n16,acc4,27,65536,60.434,512,0,0,1
prime_dot,q100_n16,convert_then_delayed,28,65536,119.270,1024,2,512,1
prime_dot,q100_n16,existing_delayed,28,65536,57.951,512,0,0,1
prime_dot,q100_n16,checked_per_term,28,65536,66.988,512,0,0,1
prime_dot,q100_n16,acc4,28,65536,60.894,512,0,0,1
prime_dot,q100_n16,eager_raw,28,65536,101.180,512,0,0,1
prime_dot,q100_n16,crypto_bigint_reduce,28,65536,149.996,512,0,0,1
prime_dot,q100_n16,acc2,28,65536,58.789,512,0,0,1
prime_dot,q100_n16,acc8,28,65536,63.778,512,0,0,1
prime_dot,q100_n16,checked_per_term,29,65536,66.851,512,0,0,1
prime_dot,q100_n16,acc2,29,65536,58.814,512,0,0,1
prime_dot,q100_n16,acc4,29,65536,60.583,512,0,0,1
prime_dot,q100_n16,crypto_bigint_reduce,29,65536,149.338,512,0,0,1
prime_dot,q100_n16,existing_delayed,29,65536,57.929,512,0,0,1
prime_dot,q100_n16,acc8,29,65536,63.492,512,0,0,1
prime_dot,q100_n16,eager_raw,29,65536,100.861,512,0,0,1
prime_dot,q100_n16,convert_then_delayed,29,65536,118.636,1024,2,512,1
prime_dot,q100_n16,existing_delayed,30,65536,58.155,512,0,0,1
prime_dot,q100_n16,acc2,30,65536,58.793,512,0,0,1
prime_dot,q100_n16,eager_raw,30,65536,100.875,512,0,0,1
prime_dot,q100_n16,convert_then_delayed,30,65536,118.837,1024,2,512,1
prime_dot,q100_n16,checked_per_term,30,65536,66.863,512,0,0,1
prime_dot,q100_n16,acc4,30,65536,60.804,512,0,0,1
prime_dot,q100_n16,crypto_bigint_reduce,30,65536,149.606,512,0,0,1
prime_dot,q100_n16,acc8,30,65536,63.747,512,0,0,1
prime_dot,q100_n16,existing_delayed,31,65536,57.829,512,0,0,1
prime_dot,q100_n16,eager_raw,31,65536,101.215,512,0,0,1
prime_dot,q100_n16,acc2,31,65536,58.622,512,0,0,1
prime_dot,q100_n16,acc8,31,65536,63.373,512,0,0,1
prime_dot,q100_n16,checked_per_term,31,65536,68.473,512,0,0,1
prime_dot,q100_n16,crypto_bigint_reduce,31,65536,149.597,512,0,0,1
prime_dot,q100_n16,convert_then_delayed,31,65536,118.873,1024,2,512,1
prime_dot,q100_n16,acc4,31,65536,60.280,512,0,0,1
prime_linear,q100_n16,existing_delayed,0,131072,39.700,384,0,0,1
prime_linear,q100_n16,acc4,0,131072,39.634,384,0,0,1
prime_linear,q100_n16,crypto_bigint_reduce,0,131072,129.755,384,0,0,1
prime_linear,q100_n16,acc8,0,131072,42.304,384,0,0,1
prime_linear,q100_n16,acc2,0,131072,39.838,384,0,0,1
prime_linear,q100_n16,acc4,1,131072,39.626,384,0,0,1
prime_linear,q100_n16,crypto_bigint_reduce,1,131072,133.853,384,0,0,1
prime_linear,q100_n16,acc8,1,131072,43.139,384,0,0,1
prime_linear,q100_n16,acc2,1,131072,40.219,384,0,0,1
prime_linear,q100_n16,existing_delayed,1,131072,39.858,384,0,0,1
prime_linear,q100_n16,acc4,2,131072,39.742,384,0,0,1
prime_linear,q100_n16,crypto_bigint_reduce,2,131072,130.150,384,0,0,1
prime_linear,q100_n16,acc2,2,131072,39.777,384,0,0,1
prime_linear,q100_n16,existing_delayed,2,131072,39.836,384,0,0,1
prime_linear,q100_n16,acc8,2,131072,42.482,384,0,0,1
prime_linear,q100_n16,acc2,3,131072,39.917,384,0,0,1
prime_linear,q100_n16,crypto_bigint_reduce,3,131072,129.738,384,0,0,1
prime_linear,q100_n16,acc8,3,131072,42.406,384,0,0,1
prime_linear,q100_n16,existing_delayed,3,131072,39.816,384,0,0,1
prime_linear,q100_n16,acc4,3,131072,39.731,384,0,0,1
prime_linear,q100_n16,crypto_bigint_reduce,4,131072,130.335,384,0,0,1
prime_linear,q100_n16,acc8,4,131072,42.392,384,0,0,1
prime_linear,q100_n16,acc4,4,131072,39.639,384,0,0,1
prime_linear,q100_n16,existing_delayed,4,131072,39.858,384,0,0,1
prime_linear,q100_n16,acc2,4,131072,39.877,384,0,0,1
prime_linear,q100_n16,acc2,5,131072,39.836,384,0,0,1
prime_linear,q100_n16,acc4,5,131072,39.594,384,0,0,1
prime_linear,q100_n16,existing_delayed,5,131072,39.886,384,0,0,1
prime_linear,q100_n16,crypto_bigint_reduce,5,131072,129.834,384,0,0,1
prime_linear,q100_n16,acc8,5,131072,42.323,384,0,0,1
prime_linear,q100_n16,acc2,6,131072,39.886,384,0,0,1
prime_linear,q100_n16,crypto_bigint_reduce,6,131072,129.758,384,0,0,1
prime_linear,q100_n16,acc4,6,131072,39.800,384,0,0,1
prime_linear,q100_n16,existing_delayed,6,131072,39.839,384,0,0,1
prime_linear,q100_n16,acc8,6,131072,42.348,384,0,0,1
prime_linear,q100_n16,existing_delayed,7,131072,39.883,384,0,0,1
prime_linear,q100_n16,acc8,7,131072,42.368,384,0,0,1
prime_linear,q100_n16,crypto_bigint_reduce,7,131072,129.744,384,0,0,1
prime_linear,q100_n16,acc2,7,131072,39.880,384,0,0,1
prime_linear,q100_n16,acc4,7,131072,39.592,384,0,0,1
prime_linear,q100_n16,acc4,8,131072,39.579,384,0,0,1
prime_linear,q100_n16,existing_delayed,8,131072,39.811,384,0,0,1
prime_linear,q100_n16,acc2,8,131072,39.956,384,0,0,1
prime_linear,q100_n16,acc8,8,131072,42.360,384,0,0,1
prime_linear,q100_n16,crypto_bigint_reduce,8,131072,129.511,384,0,0,1
prime_linear,q100_n16,acc4,9,131072,39.615,384,0,0,1
prime_linear,q100_n16,crypto_bigint_reduce,9,131072,129.704,384,0,0,1
prime_linear,q100_n16,existing_delayed,9,131072,39.790,384,0,0,1
prime_linear,q100_n16,acc8,9,131072,42.416,384,0,0,1
prime_linear,q100_n16,acc2,9,131072,39.769,384,0,0,1
prime_linear,q100_n16,acc2,10,131072,39.827,384,0,0,1
prime_linear,q100_n16,existing_delayed,10,131072,39.713,384,0,0,1
prime_linear,q100_n16,acc4,10,131072,39.711,384,0,0,1
prime_linear,q100_n16,crypto_bigint_reduce,10,131072,129.594,384,0,0,1
prime_linear,q100_n16,acc8,10,131072,42.294,384,0,0,1
prime_linear,q100_n16,acc8,11,131072,42.327,384,0,0,1
prime_linear,q100_n16,crypto_bigint_reduce,11,131072,129.864,384,0,0,1
prime_linear,q100_n16,acc2,11,131072,39.900,384,0,0,1
prime_linear,q100_n16,acc4,11,131072,39.603,384,0,0,1
prime_linear,q100_n16,existing_delayed,11,131072,39.778,384,0,0,1
prime_linear,q100_n16,acc4,12,131072,39.666,384,0,0,1
prime_linear,q100_n16,acc2,12,131072,39.872,384,0,0,1
prime_linear,q100_n16,existing_delayed,12,131072,39.811,384,0,0,1
prime_linear,q100_n16,acc8,12,131072,42.291,384,0,0,1
prime_linear,q100_n16,crypto_bigint_reduce,12,131072,129.820,384,0,0,1
prime_linear,q100_n16,acc4,13,131072,41.239,384,0,0,1
prime_linear,q100_n16,existing_delayed,13,131072,40.095,384,0,0,1
prime_linear,q100_n16,acc8,13,131072,42.415,384,0,0,1
prime_linear,q100_n16,acc2,13,131072,40.114,384,0,0,1
prime_linear,q100_n16,crypto_bigint_reduce,13,131072,130.062,384,0,0,1
prime_linear,q100_n16,crypto_bigint_reduce,14,131072,130.960,384,0,0,1
prime_linear,q100_n16,acc4,14,131072,42.069,384,0,0,1
prime_linear,q100_n16,acc8,14,131072,44.235,384,0,0,1
prime_linear,q100_n16,acc2,14,131072,40.251,384,0,0,1
prime_linear,q100_n16,existing_delayed,14,131072,44.359,384,0,0,1
prime_linear,q100_n16,existing_delayed,15,131072,42.408,384,0,0,1
prime_linear,q100_n16,acc2,15,131072,42.407,384,0,0,1
prime_linear,q100_n16,crypto_bigint_reduce,15,131072,133.594,384,0,0,1
prime_linear,q100_n16,acc8,15,131072,42.376,384,0,0,1
prime_linear,q100_n16,acc4,15,131072,39.724,384,0,0,1
prime_linear,q100_n16,acc2,16,131072,40.708,384,0,0,1
prime_linear,q100_n16,crypto_bigint_reduce,16,131072,130.246,384,0,0,1
prime_linear,q100_n16,existing_delayed,16,131072,40.714,384,0,0,1
prime_linear,q100_n16,acc8,16,131072,42.759,384,0,0,1
prime_linear,q100_n16,acc4,16,131072,39.940,384,0,0,1
prime_linear,q100_n16,existing_delayed,17,131072,39.877,384,0,0,1
prime_linear,q100_n16,crypto_bigint_reduce,17,131072,131.170,384,0,0,1
prime_linear,q100_n16,acc2,17,131072,40.130,384,0,0,1
prime_linear,q100_n16,acc4,17,131072,40.065,384,0,0,1
prime_linear,q100_n16,acc8,17,131072,42.555,384,0,0,1
prime_linear,q100_n16,existing_delayed,18,131072,40.105,384,0,0,1
prime_linear,q100_n16,acc2,18,131072,40.133,384,0,0,1
prime_linear,q100_n16,crypto_bigint_reduce,18,131072,129.940,384,0,0,1
prime_linear,q100_n16,acc8,18,131072,42.517,384,0,0,1
prime_linear,q100_n16,acc4,18,131072,39.957,384,0,0,1
prime_linear,q100_n16,acc8,19,131072,42.406,384,0,0,1
prime_linear,q100_n16,acc2,19,131072,39.918,384,0,0,1
prime_linear,q100_n16,crypto_bigint_reduce,19,131072,130.039,384,0,0,1
prime_linear,q100_n16,existing_delayed,19,131072,39.685,384,0,0,1
prime_linear,q100_n16,acc4,19,131072,39.739,384,0,0,1
prime_linear,q100_n16,crypto_bigint_reduce,20,131072,129.754,384,0,0,1
prime_linear,q100_n16,existing_delayed,20,131072,39.872,384,0,0,1
prime_linear,q100_n16,acc4,20,131072,39.663,384,0,0,1
prime_linear,q100_n16,acc2,20,131072,39.912,384,0,0,1
prime_linear,q100_n16,acc8,20,131072,42.420,384,0,0,1
prime_linear,q100_n16,acc2,21,131072,39.831,384,0,0,1
prime_linear,q100_n16,crypto_bigint_reduce,21,131072,129.795,384,0,0,1
prime_linear,q100_n16,acc4,21,131072,39.750,384,0,0,1
prime_linear,q100_n16,acc8,21,131072,42.381,384,0,0,1
prime_linear,q100_n16,existing_delayed,21,131072,39.812,384,0,0,1
prime_linear,q100_n16,existing_delayed,22,131072,39.707,384,0,0,1
prime_linear,q100_n16,acc2,22,131072,39.972,384,0,0,1
prime_linear,q100_n16,crypto_bigint_reduce,22,131072,129.867,384,0,0,1
prime_linear,q100_n16,acc8,22,131072,42.497,384,0,0,1
prime_linear,q100_n16,acc4,22,131072,39.786,384,0,0,1
prime_linear,q100_n16,crypto_bigint_reduce,23,131072,129.671,384,0,0,1
prime_linear,q100_n16,existing_delayed,23,131072,39.881,384,0,0,1
prime_linear,q100_n16,acc4,23,131072,41.890,384,0,0,1
prime_linear,q100_n16,acc2,23,131072,42.261,384,0,0,1
prime_linear,q100_n16,acc8,23,131072,44.216,384,0,0,1
prime_linear,q100_n16,acc8,24,131072,42.563,384,0,0,1
prime_linear,q100_n16,existing_delayed,24,131072,39.884,384,0,0,1
prime_linear,q100_n16,acc2,24,131072,40.157,384,0,0,1
prime_linear,q100_n16,crypto_bigint_reduce,24,131072,129.988,384,0,0,1
prime_linear,q100_n16,acc4,24,131072,39.713,384,0,0,1
prime_linear,q100_n16,existing_delayed,25,131072,39.715,384,0,0,1
prime_linear,q100_n16,acc8,25,131072,42.491,384,0,0,1
prime_linear,q100_n16,crypto_bigint_reduce,25,131072,129.706,384,0,0,1
prime_linear,q100_n16,acc2,25,131072,40.176,384,0,0,1
prime_linear,q100_n16,acc4,25,131072,39.729,384,0,0,1
prime_linear,q100_n16,existing_delayed,26,131072,39.848,384,0,0,1
prime_linear,q100_n16,crypto_bigint_reduce,26,131072,130.085,384,0,0,1
prime_linear,q100_n16,acc2,26,131072,39.805,384,0,0,1
prime_linear,q100_n16,acc4,26,131072,39.611,384,0,0,1
prime_linear,q100_n16,acc8,26,131072,42.537,384,0,0,1
prime_linear,q100_n16,crypto_bigint_reduce,27,131072,129.932,384,0,0,1
prime_linear,q100_n16,existing_delayed,27,131072,39.837,384,0,0,1
prime_linear,q100_n16,acc4,27,131072,39.752,384,0,0,1
prime_linear,q100_n16,acc8,27,131072,42.415,384,0,0,1
prime_linear,q100_n16,acc2,27,131072,40.135,384,0,0,1
prime_linear,q100_n16,acc2,28,131072,39.885,384,0,0,1
prime_linear,q100_n16,existing_delayed,28,131072,39.891,384,0,0,1
prime_linear,q100_n16,acc8,28,131072,42.263,384,0,0,1
prime_linear,q100_n16,crypto_bigint_reduce,28,131072,129.828,384,0,0,1
prime_linear,q100_n16,acc4,28,131072,39.707,384,0,0,1
prime_linear,q100_n16,acc4,29,131072,39.587,384,0,0,1
prime_linear,q100_n16,acc2,29,131072,39.870,384,0,0,1
prime_linear,q100_n16,existing_delayed,29,131072,39.904,384,0,0,1
prime_linear,q100_n16,acc8,29,131072,42.205,384,0,0,1
prime_linear,q100_n16,crypto_bigint_reduce,29,131072,129.850,384,0,0,1
prime_linear,q100_n16,acc2,30,131072,39.924,384,0,0,1
prime_linear,q100_n16,existing_delayed,30,131072,39.964,384,0,0,1
prime_linear,q100_n16,acc8,30,131072,42.305,384,0,0,1
prime_linear,q100_n16,crypto_bigint_reduce,30,131072,129.776,384,0,0,1
prime_linear,q100_n16,acc4,30,131072,39.615,384,0,0,1
prime_linear,q100_n16,acc4,31,131072,39.659,384,0,0,1
prime_linear,q100_n16,acc2,31,131072,39.862,384,0,0,1
prime_linear,q100_n16,acc8,31,131072,42.275,384,0,0,1
prime_linear,q100_n16,crypto_bigint_reduce,31,131072,129.689,384,0,0,1
prime_linear,q100_n16,existing_delayed,31,131072,39.700,384,0,0,1
prime_mul,q100_n1024,configured_field,0,1024,7723.714,245760,0,0,1
prime_mul,q100_n1024,raw_ctx,0,1024,4824.910,49152,0,0,1
prime_mul,q100_n1024,branded,0,1024,4827.026,49152,0,0,1
prime_mul,q100_n1024,checked_per_term,0,1024,5382.364,49152,0,0,1
prime_mul,q100_n1024,configured_field,1,1024,7769.491,245760,0,0,1
prime_mul,q100_n1024,branded,1,1024,4833.374,49152,0,0,1
prime_mul,q100_n1024,raw_ctx,1,1024,4830.648,49152,0,0,1
prime_mul,q100_n1024,checked_per_term,1,1024,5378.540,49152,0,0,1
prime_mul,q100_n1024,checked_per_term,2,1024,5402.141,49152,0,0,1
prime_mul,q100_n1024,raw_ctx,2,1024,4826.172,49152,0,0,1
prime_mul,q100_n1024,configured_field,2,1024,7748.860,245760,0,0,1
prime_mul,q100_n1024,branded,2,1024,4833.211,49152,0,0,1
prime_mul,q100_n1024,branded,3,1024,4835.002,49152,0,0,1
prime_mul,q100_n1024,raw_ctx,3,1024,4829.427,49152,0,0,1
prime_mul,q100_n1024,checked_per_term,3,1024,5396.729,49152,0,0,1
prime_mul,q100_n1024,configured_field,3,1024,7761.678,245760,0,0,1
prime_mul,q100_n1024,checked_per_term,4,1024,5380.534,49152,0,0,1
prime_mul,q100_n1024,raw_ctx,4,1024,5005.778,49152,0,0,1
prime_mul,q100_n1024,configured_field,4,1024,7814.981,245760,0,0,1
prime_mul,q100_n1024,branded,4,1024,4838.338,49152,0,0,1
prime_mul,q100_n1024,branded,5,1024,4867.473,49152,0,0,1
prime_mul,q100_n1024,checked_per_term,5,1024,5394.246,49152,0,0,1
prime_mul,q100_n1024,raw_ctx,5,1024,4850.179,49152,0,0,1
prime_mul,q100_n1024,configured_field,5,1024,7791.260,245760,0,0,1
prime_mul,q100_n1024,branded,6,1024,4842.896,49152,0,0,1
prime_mul,q100_n1024,checked_per_term,6,1024,5366.049,49152,0,0,1
prime_mul,q100_n1024,raw_ctx,6,1024,5028.605,49152,0,0,1
prime_mul,q100_n1024,configured_field,6,1024,8165.853,245760,0,0,1
prime_mul,q100_n1024,configured_field,7,1024,8255.900,245760,0,0,1
prime_mul,q100_n1024,branded,7,1024,4851.562,49152,0,0,1
prime_mul,q100_n1024,checked_per_term,7,1024,5402.425,49152,0,0,1
prime_mul,q100_n1024,raw_ctx,7,1024,4864.624,49152,0,0,1
prime_mul,q100_n1024,checked_per_term,8,1024,5395.792,49152,0,0,1
prime_mul,q100_n1024,branded,8,1024,4866.252,49152,0,0,1
prime_mul,q100_n1024,configured_field,8,1024,7808.105,245760,0,0,1
prime_mul,q100_n1024,raw_ctx,8,1024,4834.473,49152,0,0,1
prime_mul,q100_n1024,configured_field,9,1024,7783.528,245760,0,0,1
prime_mul,q100_n1024,raw_ctx,9,1024,4925.781,49152,0,0,1
prime_mul,q100_n1024,checked_per_term,9,1024,5712.688,49152,0,0,1
prime_mul,q100_n1024,branded,9,1024,4837.729,49152,0,0,1
prime_mul,q100_n1024,configured_field,10,1024,7836.914,245760,0,0,1
prime_mul,q100_n1024,branded,10,1024,4823.201,49152,0,0,1
prime_mul,q100_n1024,checked_per_term,10,1024,5440.186,49152,0,0,1
prime_mul,q100_n1024,raw_ctx,10,1024,4840.251,49152,0,0,1
prime_mul,q100_n1024,checked_per_term,11,1024,5395.020,49152,0,0,1
prime_mul,q100_n1024,configured_field,11,1024,7753.662,245760,0,0,1
prime_mul,q100_n1024,branded,11,1024,4854.614,49152,0,0,1
prime_mul,q100_n1024,raw_ctx,11,1024,4837.199,49152,0,0,1
prime_mul,q100_n1024,branded,12,1024,4886.149,49152,0,0,1
prime_mul,q100_n1024,raw_ctx,12,1024,4851.847,49152,0,0,1
prime_mul,q100_n1024,checked_per_term,12,1024,5406.006,49152,0,0,1
prime_mul,q100_n1024,configured_field,12,1024,7796.143,245760,0,0,1
prime_mul,q100_n1024,configured_field,13,1024,7820.760,245760,0,0,1
prime_mul,q100_n1024,raw_ctx,13,1024,4833.537,49152,0,0,1
prime_mul,q100_n1024,checked_per_term,13,1024,5384.399,49152,0,0,1
prime_mul,q100_n1024,branded,13,1024,4824.951,49152,0,0,1
prime_mul,q100_n1024,checked_per_term,14,1024,5403.116,49152,0,0,1
prime_mul,q100_n1024,raw_ctx,14,1024,4839.560,49152,0,0,1
prime_mul,q100_n1024,configured_field,14,1024,7829.753,245760,0,0,1
prime_mul,q100_n1024,branded,14,1024,4830.606,49152,0,0,1
prime_mul,q100_n1024,raw_ctx,15,1024,4864.014,49152,0,0,1
prime_mul,q100_n1024,configured_field,15,1024,7790.812,245760,0,0,1
prime_mul,q100_n1024,checked_per_term,15,1024,5381.714,49152,0,0,1
prime_mul,q100_n1024,branded,15,1024,4852.621,49152,0,0,1
prime_mul,q100_n1024,configured_field,16,1024,7774.211,245760,0,0,1
prime_mul,q100_n1024,checked_per_term,16,1024,5376.343,49152,0,0,1
prime_mul,q100_n1024,raw_ctx,16,1024,4828.897,49152,0,0,1
prime_mul,q100_n1024,branded,16,1024,4820.353,49152,0,0,1
prime_mul,q100_n1024,configured_field,17,1024,7765.096,245760,0,0,1
prime_mul,q100_n1024,checked_per_term,17,1024,5389.730,49152,0,0,1
prime_mul,q100_n1024,raw_ctx,17,1024,4827.189,49152,0,0,1
prime_mul,q100_n1024,branded,17,1024,4821.045,49152,0,0,1
prime_mul,q100_n1024,configured_field,18,1024,7766.194,245760,0,0,1
prime_mul,q100_n1024,branded,18,1024,4831.096,49152,0,0,1
prime_mul,q100_n1024,checked_per_term,18,1024,5372.762,49152,0,0,1
prime_mul,q100_n1024,raw_ctx,18,1024,4834.106,49152,0,0,1
prime_mul,q100_n1024,checked_per_term,19,1024,5405.802,49152,0,0,1
prime_mul,q100_n1024,configured_field,19,1024,7735.433,245760,0,0,1
prime_mul,q100_n1024,raw_ctx,19,1024,4817.709,49152,0,0,1
prime_mul,q100_n1024,branded,19,1024,4835.205,49152,0,0,1
prime_mul,q100_n1024,branded,20,1024,4832.642,49152,0,0,1
prime_mul,q100_n1024,checked_per_term,20,1024,5390.666,49152,0,0,1
prime_mul,q100_n1024,raw_ctx,20,1024,4852.742,49152,0,0,1
prime_mul,q100_n1024,configured_field,20,1024,7756.795,245760,0,0,1
prime_mul,q100_n1024,raw_ctx,21,1024,4826.253,49152,0,0,1
prime_mul,q100_n1024,configured_field,21,1024,7777.385,245760,0,0,1
prime_mul,q100_n1024,branded,21,1024,4856.812,49152,0,0,1
prime_mul,q100_n1024,checked_per_term,21,1024,5524.373,49152,0,0,1
prime_mul,q100_n1024,branded,22,1024,4867.391,49152,0,0,1
prime_mul,q100_n1024,configured_field,22,1024,7772.176,245760,0,0,1
prime_mul,q100_n1024,raw_ctx,22,1024,4825.439,49152,0,0,1
prime_mul,q100_n1024,checked_per_term,22,1024,5377.645,49152,0,0,1
prime_mul,q100_n1024,raw_ctx,23,1024,4828.816,49152,0,0,1
prime_mul,q100_n1024,configured_field,23,1024,7798.096,245760,0,0,1
prime_mul,q100_n1024,branded,23,1024,4833.008,49152,0,0,1
prime_mul,q100_n1024,checked_per_term,23,1024,5389.444,49152,0,0,1
prime_mul,q100_n1024,checked_per_term,24,1024,5396.729,49152,0,0,1
prime_mul,q100_n1024,raw_ctx,24,1024,4846.436,49152,0,0,1
prime_mul,q100_n1024,configured_field,24,1024,7833.944,245760,0,0,1
prime_mul,q100_n1024,branded,24,1024,4921.265,49152,0,0,1
prime_mul,q100_n1024,branded,25,1024,4836.101,49152,0,0,1
prime_mul,q100_n1024,configured_field,25,1024,7863.932,245760,0,0,1
prime_mul,q100_n1024,checked_per_term,25,1024,5436.482,49152,0,0,1
prime_mul,q100_n1024,raw_ctx,25,1024,4839.111,49152,0,0,1
prime_mul,q100_n1024,configured_field,26,1024,7785.318,245760,0,0,1
prime_mul,q100_n1024,checked_per_term,26,1024,5376.953,49152,0,0,1
prime_mul,q100_n1024,branded,26,1024,4828.125,49152,0,0,1
prime_mul,q100_n1024,raw_ctx,26,1024,4829.590,49152,0,0,1
prime_mul,q100_n1024,branded,27,1024,4841.105,49152,0,0,1
prime_mul,q100_n1024,checked_per_term,27,1024,5383.830,49152,0,0,1
prime_mul,q100_n1024,configured_field,27,1024,7752.727,245760,0,0,1
prime_mul,q100_n1024,raw_ctx,27,1024,4810.791,49152,0,0,1
prime_mul,q100_n1024,configured_field,28,1024,7730.875,245760,0,0,1
prime_mul,q100_n1024,checked_per_term,28,1024,5383.749,49152,0,0,1
prime_mul,q100_n1024,branded,28,1024,4863.566,49152,0,0,1
prime_mul,q100_n1024,raw_ctx,28,1024,4823.934,49152,0,0,1
prime_mul,q100_n1024,branded,29,1024,4856.323,49152,0,0,1
prime_mul,q100_n1024,raw_ctx,29,1024,4832.602,49152,0,0,1
prime_mul,q100_n1024,configured_field,29,1024,7781.209,245760,0,0,1
prime_mul,q100_n1024,checked_per_term,29,1024,5410.563,49152,0,0,1
prime_mul,q100_n1024,raw_ctx,30,1024,4824.911,49152,0,0,1
prime_mul,q100_n1024,configured_field,30,1024,7804.158,245760,0,0,1
prime_mul,q100_n1024,branded,30,1024,4826.578,49152,0,0,1
prime_mul,q100_n1024,checked_per_term,30,1024,5384.195,49152,0,0,1
prime_mul,q100_n1024,branded,31,1024,4909.139,49152,0,0,1
prime_mul,q100_n1024,configured_field,31,1024,7804.321,245760,0,0,1
prime_mul,q100_n1024,raw_ctx,31,1024,4852.010,49152,0,0,1
prime_mul,q100_n1024,checked_per_term,31,1024,5414.307,49152,0,0,1
prime_dot,q100_n1024,crypto_bigint_reduce,0,2048,2503.845,32768,0,0,1
prime_dot,q100_n1024,acc4,0,2048,2355.917,32768,0,0,1
prime_dot,q100_n1024,eager_raw,0,2048,6583.639,32768,0,0,1
prime_dot,q100_n1024,convert_then_delayed,0,2048,2898.376,65536,2,32768,1
prime_dot,q100_n1024,acc2,0,2048,2379.008,32768,0,0,1
prime_dot,q100_n1024,acc8,0,2048,2479.492,32768,0,0,1
prime_dot,q100_n1024,existing_delayed,0,2048,2398.092,32768,0,0,1
prime_dot,q100_n1024,checked_per_term,0,2048,2917.521,32768,0,0,1
prime_dot,q100_n1024,acc4,1,2048,2368.408,32768,0,0,1
prime_dot,q100_n1024,acc2,1,2048,2388.245,32768,0,0,1
prime_dot,q100_n1024,acc8,1,2048,2494.914,32768,0,0,1
prime_dot,q100_n1024,eager_raw,1,2048,6579.427,32768,0,0,1
prime_dot,q100_n1024,convert_then_delayed,1,2048,2915.385,65536,2,32768,1
prime_dot,q100_n1024,checked_per_term,1,2048,2916.138,32768,0,0,1
prime_dot,q100_n1024,crypto_bigint_reduce,1,2048,2504.923,32768,0,0,1
prime_dot,q100_n1024,existing_delayed,1,2048,2396.037,32768,0,0,1
prime_dot,q100_n1024,convert_then_delayed,2,2048,2915.466,65536,2,32768,1
prime_dot,q100_n1024,checked_per_term,2,2048,2917.277,32768,0,0,1
prime_dot,q100_n1024,acc2,2,2048,2390.015,32768,0,0,1
prime_dot,q100_n1024,crypto_bigint_reduce,2,2048,2493.245,32768,0,0,1
prime_dot,q100_n1024,acc4,2,2048,2369.568,32768,0,0,1
prime_dot,q100_n1024,existing_delayed,2,2048,2390.625,32768,0,0,1
prime_dot,q100_n1024,eager_raw,2,2048,6580.525,32768,0,0,1
prime_dot,q100_n1024,acc8,2,2048,2496.745,32768,0,0,1
prime_dot,q100_n1024,existing_delayed,3,2048,2398.376,32768,0,0,1
prime_dot,q100_n1024,acc4,3,2048,2357.707,32768,0,0,1
prime_dot,q100_n1024,acc8,3,2048,2492.391,32768,0,0,1
prime_dot,q100_n1024,convert_then_delayed,3,2048,2901.388,65536,2,32768,1
prime_dot,q100_n1024,checked_per_term,3,2048,2915.182,32768,0,0,1
prime_dot,q100_n1024,eager_raw,3,2048,6813.456,32768,0,0,1
prime_dot,q100_n1024,acc2,3,2048,2471.130,32768,0,0,1
prime_dot,q100_n1024,crypto_bigint_reduce,3,2048,2524.231,32768,0,0,1
prime_dot,q100_n1024,acc8,4,2048,2494.548,32768,0,0,1
prime_dot,q100_n1024,convert_then_delayed,4,2048,2913.920,65536,2,32768,1
prime_dot,q100_n1024,crypto_bigint_reduce,4,2048,2504.741,32768,0,0,1
prime_dot,q100_n1024,acc4,4,2048,2363.892,32768,0,0,1
prime_dot,q100_n1024,existing_delayed,4,2048,2397.665,32768,0,0,1
prime_dot,q100_n1024,eager_raw,4,2048,6571.777,32768,0,0,1
prime_dot,q100_n1024,acc2,4,2048,2387.411,32768,0,0,1
prime_dot,q100_n1024,checked_per_term,4,2048,2934.164,32768,0,0,1
prime_dot,q100_n1024,convert_then_delayed,5,2048,2932.536,65536,2,32768,1
prime_dot,q100_n1024,acc8,5,2048,2483.297,32768,0,0,1
prime_dot,q100_n1024,acc2,5,2048,2378.357,32768,0,0,1
prime_dot,q100_n1024,checked_per_term,5,2048,2920.247,32768,0,0,1
prime_dot,q100_n1024,crypto_bigint_reduce,5,2048,2503.194,32768,0,0,1
prime_dot,q100_n1024,existing_delayed,5,2048,2406.901,32768,0,0,1
prime_dot,q100_n1024,acc4,5,2048,2372.396,32768,0,0,1
prime_dot,q100_n1024,eager_raw,5,2048,6608.988,32768,0,0,1
prime_dot,q100_n1024,checked_per_term,6,2048,2915.202,32768,0,0,1
prime_dot,q100_n1024,acc8,6,2048,2503.540,32768,0,0,1
prime_dot,q100_n1024,eager_raw,6,2048,6601.156,32768,0,0,1
prime_dot,q100_n1024,acc2,6,2048,2393.860,32768,0,0,1
prime_dot,q100_n1024,convert_then_delayed,6,2048,2918.396,65536,2,32768,1
prime_dot,q100_n1024,crypto_bigint_reduce,6,2048,2509.236,32768,0,0,1
prime_dot,q100_n1024,acc4,6,2048,2365.031,32768,0,0,1
prime_dot,q100_n1024,existing_delayed,6,2048,2404.215,32768,0,0,1
prime_dot,q100_n1024,checked_per_term,7,2048,2923.482,32768,0,0,1
prime_dot,q100_n1024,eager_raw,7,2048,6599.223,32768,0,0,1
prime_dot,q100_n1024,convert_then_delayed,7,2048,2906.494,65536,2,32768,1
prime_dot,q100_n1024,acc2,7,2048,2392.395,32768,0,0,1
prime_dot,q100_n1024,acc8,7,2048,2493.185,32768,0,0,1
prime_dot,q100_n1024,crypto_bigint_reduce,7,2048,2493.774,32768,0,0,1
prime_dot,q100_n1024,existing_delayed,7,2048,2398.295,32768,0,0,1
prime_dot,q100_n1024,acc4,7,2048,2355.204,32768,0,0,1
prime_dot,q100_n1024,existing_delayed,8,2048,2392.273,32768,0,0,1
prime_dot,q100_n1024,crypto_bigint_reduce,8,2048,2498.515,32768,0,0,1
prime_dot,q100_n1024,checked_per_term,8,2048,2915.914,32768,0,0,1
prime_dot,q100_n1024,acc4,8,2048,2360.087,32768,0,0,1
prime_dot,q100_n1024,eager_raw,8,2048,6588.969,32768,0,0,1
prime_dot,q100_n1024,acc2,8,2048,2384.888,32768,0,0,1
prime_dot,q100_n1024,acc8,8,2048,2485.901,32768,0,0,1
prime_dot,q100_n1024,convert_then_delayed,8,2048,2907.511,65536,2,32768,1
prime_dot,q100_n1024,acc8,9,2048,2479.289,32768,0,0,1
prime_dot,q100_n1024,acc4,9,2048,2353.618,32768,0,0,1
prime_dot,q100_n1024,crypto_bigint_reduce,9,2048,2489.115,32768,0,0,1
prime_dot,q100_n1024,existing_delayed,9,2048,2383.260,32768,0,0,1
prime_dot,q100_n1024,eager_raw,9,2048,6582.621,32768,0,0,1
prime_dot,q100_n1024,convert_then_delayed,9,2048,2901.733,65536,2,32768,1
prime_dot,q100_n1024,checked_per_term,9,2048,2920.959,32768,0,0,1
prime_dot,q100_n1024,acc2,9,2048,2382.344,32768,0,0,1
prime_dot,q100_n1024,convert_then_delayed,10,2048,2905.884,65536,2,32768,1
prime_dot,q100_n1024,acc2,10,2048,2382.284,32768,0,0,1
prime_dot,q100_n1024,crypto_bigint_reduce,10,2048,2501.221,32768,0,0,1
prime_dot,q100_n1024,acc8,10,2048,2478.516,32768,0,0,1
prime_dot,q100_n1024,existing_delayed,10,2048,2390.950,32768,0,0,1
prime_dot,q100_n1024,acc4,10,2048,2368.367,32768,0,0,1
prime_dot,q100_n1024,checked_per_term,10,2048,2915.365,32768,0,0,1
prime_dot,q100_n1024,eager_raw,10,2048,6581.319,32768,0,0,1
prime_dot,q100_n1024,crypto_bigint_reduce,11,2048,2496.643,32768,0,0,1
prime_dot,q100_n1024,existing_delayed,11,2048,2387.797,32768,0,0,1
prime_dot,q100_n1024,acc8,11,2048,2473.552,32768,0,0,1
prime_dot,q100_n1024,convert_then_delayed,11,2048,2907.410,65536,2,32768,1
prime_dot,q100_n1024,acc4,11,2048,2362.366,32768,0,0,1
prime_dot,q100_n1024,acc2,11,2048,2381.754,32768,0,0,1
prime_dot,q100_n1024,checked_per_term,11,2048,2914.469,32768,0,0,1
prime_dot,q100_n1024,eager_raw,11,2048,6577.576,32768,0,0,1
prime_dot,q100_n1024,crypto_bigint_reduce,12,2048,2494.222,32768,0,0,1
prime_dot,q100_n1024,checked_per_term,12,2048,2916.748,32768,0,0,1
prime_dot,q100_n1024,acc2,12,2048,2384.888,32768,0,0,1
prime_dot,q100_n1024,existing_delayed,12,2048,2393.778,32768,0,0,1
prime_dot,q100_n1024,acc8,12,2048,2486.063,32768,0,0,1
prime_dot,q100_n1024,convert_then_delayed,12,2048,2910.461,65536,2,32768,1
prime_dot,q100_n1024,acc4,12,2048,2355.917,32768,0,0,1
prime_dot,q100_n1024,eager_raw,12,2048,6860.779,32768,0,0,1
prime_dot,q100_n1024,checked_per_term,13,2048,3036.499,32768,0,0,1
prime_dot,q100_n1024,acc4,13,2048,2443.990,32768,0,0,1
prime_dot,q100_n1024,eager_raw,13,2048,6923.096,32768,0,0,1
prime_dot,q100_n1024,acc8,13,2048,2501.343,32768,0,0,1
prime_dot,q100_n1024,existing_delayed,13,2048,2455.811,32768,0,0,1
prime_dot,q100_n1024,acc2,13,2048,2407.898,32768,0,0,1
prime_dot,q100_n1024,crypto_bigint_reduce,13,2048,2595.316,32768,0,0,1
prime_dot,q100_n1024,convert_then_delayed,13,2048,3022.644,65536,2,32768,1
prime_dot,q100_n1024,acc8,14,2048,2634.542,32768,0,0,1
prime_dot,q100_n1024,convert_then_delayed,14,2048,2951.904,65536,2,32768,1
prime_dot,q100_n1024,acc4,14,2048,2363.403,32768,0,0,1
prime_dot,q100_n1024,existing_delayed,14,2048,2399.129,32768,0,0,1
prime_dot,q100_n1024,acc2,14,2048,2488.647,32768,0,0,1
prime_dot,q100_n1024,eager_raw,14,2048,6939.596,32768,0,0,1
prime_dot,q100_n1024,crypto_bigint_reduce,14,2048,2595.520,32768,0,0,1
prime_dot,q100_n1024,checked_per_term,14,2048,3019.185,32768,0,0,1
prime_dot,q100_n1024,eager_raw,15,2048,6778.178,32768,0,0,1
prime_dot,q100_n1024,checked_per_term,15,2048,2917.847,32768,0,0,1
prime_dot,q100_n1024,acc2,15,2048,2476.665,32768,0,0,1
prime_dot,q100_n1024,acc4,15,2048,2587.362,32768,0,0,1
prime_dot,q100_n1024,convert_then_delayed,15,2048,3013.468,65536,2,32768,1
prime_dot,q100_n1024,existing_delayed,15,2048,2404.399,32768,0,0,1
prime_dot,q100_n1024,acc8,15,2048,2510.641,32768,0,0,1
prime_dot,q100_n1024,crypto_bigint_reduce,15,2048,2501.343,32768,0,0,1
prime_dot,q100_n1024,acc2,16,2048,2473.246,32768,0,0,1
prime_dot,q100_n1024,existing_delayed,16,2048,2397.807,32768,0,0,1
prime_dot,q100_n1024,convert_then_delayed,16,2048,3012.288,65536,2,32768,1
prime_dot,q100_n1024,checked_per_term,16,2048,2945.780,32768,0,0,1
prime_dot,q100_n1024,acc8,16,2048,2742.574,32768,0,0,1
prime_dot,q100_n1024,eager_raw,16,2048,6763.204,32768,0,0,1
prime_dot,q100_n1024,acc4,16,2048,2407.288,32768,0,0,1
prime_dot,q100_n1024,crypto_bigint_reduce,16,2048,2503.845,32768,0,0,1
prime_dot,q100_n1024,eager_raw,17,2048,6923.666,32768,0,0,1
prime_dot,q100_n1024,existing_delayed,17,2048,2478.577,32768,0,0,1
prime_dot,q100_n1024,acc2,17,2048,2536.764,32768,0,0,1
prime_dot,q100_n1024,convert_then_delayed,17,2048,2923.299,65536,2,32768,1
prime_dot,q100_n1024,checked_per_term,17,2048,2980.937,32768,0,0,1
prime_dot,q100_n1024,acc4,17,2048,2479.085,32768,0,0,1
prime_dot,q100_n1024,crypto_bigint_reduce,17,2048,2685.750,32768,0,0,1
prime_dot,q100_n1024,acc8,17,2048,2478.983,32768,0,0,1
prime_dot,q100_n1024,existing_delayed,18,2048,2455.464,32768,0,0,1
prime_dot,q100_n1024,acc4,18,2048,2587.036,32768,0,0,1
prime_dot,q100_n1024,crypto_bigint_reduce,18,2048,2507.446,32768,0,0,1
prime_dot,q100_n1024,convert_then_delayed,18,2048,2918.355,65536,2,32768,1
prime_dot,q100_n1024,acc2,18,2048,2401.408,32768,0,0,1
prime_dot,q100_n1024,checked_per_term,18,2048,2927.145,32768,0,0,1
prime_dot,q100_n1024,acc8,18,2048,2511.556,32768,0,0,1
prime_dot,q100_n1024,eager_raw,18,2048,6609.843,32768,0,0,1
prime_dot,q100_n1024,crypto_bigint_reduce,19,2048,2518.331,32768,0,0,1
prime_dot,q100_n1024,acc8,19,2048,2505.147,32768,0,0,1
prime_dot,q100_n1024,checked_per_term,19,2048,2929.911,32768,0,0,1
prime_dot,q100_n1024,existing_delayed,19,2048,2407.837,32768,0,0,1
prime_dot,q100_n1024,convert_then_delayed,19,2048,2925.333,65536,2,32768,1
prime_dot,q100_n1024,acc2,19,2048,2393.147,32768,0,0,1
prime_dot,q100_n1024,eager_raw,19,2048,6611.613,32768,0,0,1
prime_dot,q100_n1024,acc4,19,2048,2377.645,32768,0,0,1
prime_dot,q100_n1024,convert_then_delayed,20,2048,2932.495,65536,2,32768,1
prime_dot,q100_n1024,acc2,20,2048,2400.696,32768,0,0,1
prime_dot,q100_n1024,acc4,20,2048,2376.160,32768,0,0,1
prime_dot,q100_n1024,existing_delayed,20,2048,2409.464,32768,0,0,1
prime_dot,q100_n1024,eager_raw,20,2048,6603.475,32768,0,0,1
prime_dot,q100_n1024,checked_per_term,20,2048,2935.140,32768,0,0,1
prime_dot,q100_n1024,acc8,20,2048,2497.701,32768,0,0,1
prime_dot,q100_n1024,crypto_bigint_reduce,20,2048,2510.905,32768,0,0,1
prime_dot,q100_n1024,eager_raw,21,2048,6629.598,32768,0,0,1
prime_dot,q100_n1024,convert_then_delayed,21,2048,2920.166,65536,2,32768,1
prime_dot,q100_n1024,acc4,21,2048,2388.143,32768,0,0,1
prime_dot,q100_n1024,checked_per_term,21,2048,2931.193,32768,0,0,1
prime_dot,q100_n1024,acc2,21,2048,2394.531,32768,0,0,1
prime_dot,q100_n1024,crypto_bigint_reduce,21,2048,2512.695,32768,0,0,1
prime_dot,q100_n1024,acc8,21,2048,2510.233,32768,0,0,1
prime_dot,q100_n1024,existing_delayed,21,2048,2401.631,32768,0,0,1
prime_dot,q100_n1024,existing_delayed,22,2048,2404.907,32768,0,0,1
prime_dot,q100_n1024,eager_raw,22,2048,6584.656,32768,0,0,1
prime_dot,q100_n1024,acc4,22,2048,2364.807,32768,0,0,1
prime_dot,q100_n1024,checked_per_term,22,2048,2922.689,32768,0,0,1
prime_dot,q100_n1024,crypto_bigint_reduce,22,2048,2495.524,32768,0,0,1
prime_dot,q100_n1024,acc8,22,2048,2501.627,32768,0,0,1
prime_dot,q100_n1024,acc2,22,2048,2382.812,32768,0,0,1
prime_dot,q100_n1024,convert_then_delayed,22,2048,2926.534,65536,2,32768,1
prime_dot,q100_n1024,checked_per_term,23,2048,2912.679,32768,0,0,1
prime_dot,q100_n1024,convert_then_delayed,23,2048,2907.267,65536,2,32768,1
prime_dot,q100_n1024,crypto_bigint_reduce,23,2048,2495.219,32768,0,0,1
prime_dot,q100_n1024,acc2,23,2048,2386.373,32768,0,0,1
prime_dot,q100_n1024,existing_delayed,23,2048,2400.269,32768,0,0,1
prime_dot,q100_n1024,acc8,23,2048,2480.530,32768,0,0,1
prime_dot,q100_n1024,eager_raw,23,2048,6578.573,32768,0,0,1
prime_dot,q100_n1024,acc4,23,2048,2365.946,32768,0,0,1
prime_dot,q100_n1024,convert_then_delayed,24,2048,2900.513,65536,2,32768,1
prime_dot,q100_n1024,acc4,24,2048,2364.970,32768,0,0,1
prime_dot,q100_n1024,acc2,24,2048,2380.412,32768,0,0,1
prime_dot,q100_n1024,crypto_bigint_reduce,24,2048,2492.757,32768,0,0,1
prime_dot,q100_n1024,existing_delayed,24,2048,2396.118,32768,0,0,1
prime_dot,q100_n1024,acc8,24,2048,2485.209,32768,0,0,1
prime_dot,q100_n1024,eager_raw,24,2048,6716.512,32768,0,0,1
prime_dot,q100_n1024,checked_per_term,24,2048,2931.478,32768,0,0,1
prime_dot,q100_n1024,acc2,25,2048,2387.044,32768,0,0,1
prime_dot,q100_n1024,acc4,25,2048,2378.561,32768,0,0,1
prime_dot,q100_n1024,eager_raw,25,2048,6744.466,32768,0,0,1
prime_dot,q100_n1024,acc8,25,2048,2553.955,32768,0,0,1
prime_dot,q100_n1024,convert_then_delayed,25,2048,2938.477,65536,2,32768,1
prime_dot,q100_n1024,existing_delayed,25,2048,2425.964,32768,0,0,1
prime_dot,q100_n1024,checked_per_term,25,2048,2922.668,32768,0,0,1
prime_dot,q100_n1024,crypto_bigint_reduce,25,2048,2510.844,32768,0,0,1
prime_dot,q100_n1024,acc8,26,2048,2499.979,32768,0,0,1
prime_dot,q100_n1024,convert_then_delayed,26,2048,2919.881,65536,2,32768,1
prime_dot,q100_n1024,acc2,26,2048,2394.918,32768,0,0,1
prime_dot,q100_n1024,acc4,26,2048,2370.728,32768,0,0,1
prime_dot,q100_n1024,eager_raw,26,2048,6589.152,32768,0,0,1
prime_dot,q100_n1024,crypto_bigint_reduce,26,2048,2498.556,32768,0,0,1
prime_dot,q100_n1024,checked_per_term,26,2048,2920.593,32768,0,0,1
prime_dot,q100_n1024,existing_delayed,26,2048,2390.910,32768,0,0,1
prime_dot,q100_n1024,convert_then_delayed,27,2048,2900.513,65536,2,32768,1
prime_dot,q100_n1024,acc4,27,2048,2361.389,32768,0,0,1
prime_dot,q100_n1024,acc8,27,2048,2504.944,32768,0,0,1
prime_dot,q100_n1024,eager_raw,27,2048,6580.566,32768,0,0,1
prime_dot,q100_n1024,crypto_bigint_reduce,27,2048,2496.419,32768,0,0,1
prime_dot,q100_n1024,acc2,27,2048,2388.285,32768,0,0,1
prime_dot,q100_n1024,checked_per_term,27,2048,2919.881,32768,0,0,1
prime_dot,q100_n1024,existing_delayed,27,2048,2398.193,32768,0,0,1
prime_dot,q100_n1024,convert_then_delayed,28,2048,2916.036,65536,2,32768,1
prime_dot,q100_n1024,eager_raw,28,2048,6587.891,32768,0,0,1
prime_dot,q100_n1024,acc4,28,2048,2365.295,32768,0,0,1
prime_dot,q100_n1024,crypto_bigint_reduce,28,2048,2498.169,32768,0,0,1
prime_dot,q100_n1024,acc2,28,2048,2382.812,32768,0,0,1
prime_dot,q100_n1024,existing_delayed,28,2048,2395.447,32768,0,0,1
prime_dot,q100_n1024,acc8,28,2048,2486.613,32768,0,0,1
prime_dot,q100_n1024,checked_per_term,28,2048,2914.673,32768,0,0,1
prime_dot,q100_n1024,acc2,29,2048,2380.412,32768,0,0,1
prime_dot,q100_n1024,acc8,29,2048,2493.733,32768,0,0,1
prime_dot,q100_n1024,existing_delayed,29,2048,2400.554,32768,0,0,1
prime_dot,q100_n1024,crypto_bigint_reduce,29,2048,2493.978,32768,0,0,1
prime_dot,q100_n1024,acc4,29,2048,2361.979,32768,0,0,1
prime_dot,q100_n1024,eager_raw,29,2048,6572.733,32768,0,0,1
prime_dot,q100_n1024,convert_then_delayed,29,2048,2936.422,65536,2,32768,1
prime_dot,q100_n1024,checked_per_term,29,2048,3054.871,32768,0,0,1
prime_dot,q100_n1024,convert_then_delayed,30,2048,3059.957,65536,2,32768,1
prime_dot,q100_n1024,acc4,30,2048,2433.594,32768,0,0,1
prime_dot,q100_n1024,existing_delayed,30,2048,2516.866,32768,0,0,1
prime_dot,q100_n1024,eager_raw,30,2048,6584.961,32768,0,0,1
prime_dot,q100_n1024,crypto_bigint_reduce,30,2048,2499.959,32768,0,0,1
prime_dot,q100_n1024,acc8,30,2048,2485.291,32768,0,0,1
prime_dot,q100_n1024,acc2,30,2048,2390.788,32768,0,0,1
prime_dot,q100_n1024,checked_per_term,30,2048,2914.531,32768,0,0,1
prime_dot,q100_n1024,existing_delayed,31,2048,2399.496,32768,0,0,1
prime_dot,q100_n1024,eager_raw,31,2048,6601.827,32768,0,0,1
prime_dot,q100_n1024,crypto_bigint_reduce,31,2048,2501.546,32768,0,0,1
prime_dot,q100_n1024,acc2,31,2048,2386.576,32768,0,0,1
prime_dot,q100_n1024,acc4,31,2048,2360.413,32768,0,0,1
prime_dot,q100_n1024,acc8,31,2048,2477.051,32768,0,0,1
prime_dot,q100_n1024,convert_then_delayed,31,2048,2906.881,65536,2,32768,1
prime_dot,q100_n1024,checked_per_term,31,2048,2913.696,32768,0,0,1
prime_linear,q100_n1024,acc4,0,2048,1320.658,24576,0,0,1
prime_linear,q100_n1024,acc2,0,2048,1404.256,24576,0,0,1
prime_linear,q100_n1024,acc8,0,2048,1323.730,24576,0,0,1
prime_linear,q100_n1024,existing_delayed,0,2048,1489.319,24576,0,0,1
prime_linear,q100_n1024,crypto_bigint_reduce,0,2048,1598.572,24576,0,0,1
prime_linear,q100_n1024,acc8,1,2048,1316.508,24576,0,0,1
prime_linear,q100_n1024,existing_delayed,1,2048,1495.077,24576,0,0,1
prime_linear,q100_n1024,acc4,1,2048,1321.554,24576,0,0,1
prime_linear,q100_n1024,crypto_bigint_reduce,1,2048,1586.446,24576,0,0,1
prime_linear,q100_n1024,acc2,1,2048,1403.381,24576,0,0,1
prime_linear,q100_n1024,acc2,2,2048,1404.561,24576,0,0,1
prime_linear,q100_n1024,acc4,2,2048,1321.391,24576,0,0,1
prime_linear,q100_n1024,existing_delayed,2,2048,1489.868,24576,0,0,1
prime_linear,q100_n1024,crypto_bigint_reduce,2,2048,1583.211,24576,0,0,1
prime_linear,q100_n1024,acc8,2,2048,1314.819,24576,0,0,1
prime_linear,q100_n1024,crypto_bigint_reduce,3,2048,1581.095,24576,0,0,1
prime_linear,q100_n1024,acc4,3,2048,1322.876,24576,0,0,1
prime_linear,q100_n1024,acc2,3,2048,1414.774,24576,0,0,1
prime_linear,q100_n1024,existing_delayed,3,2048,1490.071,24576,0,0,1
prime_linear,q100_n1024,acc8,3,2048,1317.240,24576,0,0,1
prime_linear,q100_n1024,acc4,4,2048,1322.327,24576,0,0,1
prime_linear,q100_n1024,crypto_bigint_reduce,4,2048,1587.219,24576,0,0,1
prime_linear,q100_n1024,acc8,4,2048,1319.031,24576,0,0,1
prime_linear,q100_n1024,existing_delayed,4,2048,1491.475,24576,0,0,1
prime_linear,q100_n1024,acc2,4,2048,1405.131,24576,0,0,1
prime_linear,q100_n1024,existing_delayed,5,2048,1493.205,24576,0,0,1
prime_linear,q100_n1024,acc8,5,2048,1316.711,24576,0,0,1
prime_linear,q100_n1024,acc2,5,2048,1419.108,24576,0,0,1
prime_linear,q100_n1024,acc4,5,2048,1323.669,24576,0,0,1
prime_linear,q100_n1024,crypto_bigint_reduce,5,2048,1610.229,24576,0,0,1
prime_linear,q100_n1024,acc2,6,2048,1414.144,24576,0,0,1
prime_linear,q100_n1024,acc4,6,2048,1322.998,24576,0,0,1
prime_linear,q100_n1024,existing_delayed,6,2048,1488.119,24576,0,0,1
prime_linear,q100_n1024,acc8,6,2048,1316.996,24576,0,0,1
prime_linear,q100_n1024,crypto_bigint_reduce,6,2048,1586.263,24576,0,0,1
prime_linear,q100_n1024,existing_delayed,7,2048,1495.016,24576,0,0,1
prime_linear,q100_n1024,acc4,7,2048,1322.062,24576,0,0,1
prime_linear,q100_n1024,acc2,7,2048,1403.748,24576,0,0,1
prime_linear,q100_n1024,crypto_bigint_reduce,7,2048,1584.025,24576,0,0,1
prime_linear,q100_n1024,acc8,7,2048,1322.225,24576,0,0,1
prime_linear,q100_n1024,existing_delayed,8,2048,1494.141,24576,0,0,1
prime_linear,q100_n1024,acc8,8,2048,1318.400,24576,0,0,1
prime_linear,q100_n1024,acc4,8,2048,1322.672,24576,0,0,1
prime_linear,q100_n1024,acc2,8,2048,1411.946,24576,0,0,1
prime_linear,q100_n1024,crypto_bigint_reduce,8,2048,1584.270,24576,0,0,1
prime_linear,q100_n1024,acc4,9,2048,1322.266,24576,0,0,1
prime_linear,q100_n1024,crypto_bigint_reduce,9,2048,1583.842,24576,0,0,1
prime_linear,q100_n1024,existing_delayed,9,2048,1487.284,24576,0,0,1
prime_linear,q100_n1024,acc8,9,2048,1316.183,24576,0,0,1
prime_linear,q100_n1024,acc2,9,2048,1398.030,24576,0,0,1
prime_linear,q100_n1024,acc4,10,2048,1322.774,24576,0,0,1
prime_linear,q100_n1024,existing_delayed,10,2048,1558.451,24576,0,0,1
prime_linear,q100_n1024,crypto_bigint_reduce,10,2048,1686.259,24576,0,0,1
prime_linear,q100_n1024,acc8,10,2048,1421.448,24576,0,0,1
prime_linear,q100_n1024,acc2,10,2048,1509.786,24576,0,0,1
prime_linear,q100_n1024,acc4,11,2048,1415.324,24576,0,0,1
prime_linear,q100_n1024,crypto_bigint_reduce,11,2048,1599.772,24576,0,0,1
prime_linear,q100_n1024,existing_delayed,11,2048,1561.320,24576,0,0,1
prime_linear,q100_n1024,acc8,11,2048,1418.355,24576,0,0,1
prime_linear,q100_n1024,acc2,11,2048,1449.300,24576,0,0,1
prime_linear,q100_n1024,crypto_bigint_reduce,12,2048,1656.372,24576,0,0,1
prime_linear,q100_n1024,acc8,12,2048,1373.148,24576,0,0,1
prime_linear,q100_n1024,acc2,12,2048,1450.297,24576,0,0,1
prime_linear,q100_n1024,existing_delayed,12,2048,1544.454,24576,0,0,1
prime_linear,q100_n1024,acc4,12,2048,1362.447,24576,0,0,1
prime_linear,q100_n1024,existing_delayed,13,2048,1540.446,24576,0,0,1
prime_linear,q100_n1024,acc2,13,2048,1448.202,24576,0,0,1
prime_linear,q100_n1024,crypto_bigint_reduce,13,2048,1690.287,24576,0,0,1
prime_linear,q100_n1024,acc4,13,2048,1374.796,24576,0,0,1
prime_linear,q100_n1024,acc8,13,2048,1358.968,24576,0,0,1
prime_linear,q100_n1024,acc2,14,2048,1445.862,24576,0,0,1
prime_linear,q100_n1024,crypto_bigint_reduce,14,2048,1631.917,24576,0,0,1
prime_linear,q100_n1024,existing_delayed,14,2048,1546.468,24576,0,0,1
prime_linear,q100_n1024,acc8,14,2048,1363.953,24576,0,0,1
prime_linear,q100_n1024,acc4,14,2048,1367.167,24576,0,0,1
prime_linear,q100_n1024,existing_delayed,15,2048,1546.753,24576,0,0,1
prime_linear,q100_n1024,crypto_bigint_reduce,15,2048,1611.938,24576,0,0,1
prime_linear,q100_n1024,acc8,15,2048,1320.882,24576,0,0,1
prime_linear,q100_n1024,acc4,15,2048,1320.618,24576,0,0,1
prime_linear,q100_n1024,acc2,15,2048,1403.625,24576,0,0,1
prime_linear,q100_n1024,acc8,16,2048,1315.247,24576,0,0,1
prime_linear,q100_n1024,acc2,16,2048,1403.483,24576,0,0,1
prime_linear,q100_n1024,existing_delayed,16,2048,1496.989,24576,0,0,1
prime_linear,q100_n1024,crypto_bigint_reduce,16,2048,1601.257,24576,0,0,1
prime_linear,q100_n1024,acc4,16,2048,1408.752,24576,0,0,1
prime_linear,q100_n1024,acc4,17,2048,1422.302,24576,0,0,1
prime_linear,q100_n1024,acc8,17,2048,1341.023,24576,0,0,1
prime_linear,q100_n1024,existing_delayed,17,2048,1497.416,24576,0,0,1
prime_linear,q100_n1024,crypto_bigint_reduce,17,2048,1597.636,24576,0,0,1
prime_linear,q100_n1024,acc2,17,2048,1439.250,24576,0,0,1
prime_linear,q100_n1024,crypto_bigint_reduce,18,2048,1643.433,24576,0,0,1
prime_linear,q100_n1024,acc8,18,2048,1363.362,24576,0,0,1
prime_linear,q100_n1024,existing_delayed,18,2048,1548.014,24576,0,0,1
prime_linear,q100_n1024,acc2,18,2048,1441.101,24576,0,0,1
prime_linear,q100_n1024,acc4,18,2048,1360.128,24576,0,0,1
prime_linear,q100_n1024,acc4,19,2048,1361.145,24576,0,0,1
prime_linear,q100_n1024,crypto_bigint_reduce,19,2048,1642.151,24576,0,0,1
prime_linear,q100_n1024,acc8,19,2048,1364.197,24576,0,0,1
prime_linear,q100_n1024,existing_delayed,19,2048,1545.857,24576,0,0,1
prime_linear,q100_n1024,acc2,19,2048,1445.129,24576,0,0,1
prime_linear,q100_n1024,acc2,20,2048,1446.370,24576,0,0,1
prime_linear,q100_n1024,acc4,20,2048,1360.982,24576,0,0,1
prime_linear,q100_n1024,existing_delayed,20,2048,1538.778,24576,0,0,1
prime_linear,q100_n1024,crypto_bigint_reduce,20,2048,1642.171,24576,0,0,1
prime_linear,q100_n1024,acc8,20,2048,1361.023,24576,0,0,1
prime_linear,q100_n1024,acc8,21,2048,1354.370,24576,0,0,1
prime_linear,q100_n1024,existing_delayed,21,2048,1533.956,24576,0,0,1
prime_linear,q100_n1024,acc4,21,2048,1348.673,24576,0,0,1
prime_linear,q100_n1024,crypto_bigint_reduce,21,2048,1609.294,24576,0,0,1
prime_linear,q100_n1024,acc2,21,2048,1439.087,24576,0,0,1
prime_linear,q100_n1024,acc2,22,2048,1438.944,24576,0,0,1
prime_linear,q100_n1024,crypto_bigint_reduce,22,2048,1609.293,24576,0,0,1
prime_linear,q100_n1024,acc4,22,2048,1327.087,24576,0,0,1
prime_linear,q100_n1024,acc8,22,2048,1313.843,24576,0,0,1
prime_linear,q100_n1024,existing_delayed,22,2048,1484.253,24576,0,0,1
prime_linear,q100_n1024,acc8,23,2048,1314.636,24576,0,0,1
prime_linear,q100_n1024,existing_delayed,23,2048,1484.944,24576,0,0,1
prime_linear,q100_n1024,crypto_bigint_reduce,23,2048,1581.238,24576,0,0,1
prime_linear,q100_n1024,acc2,23,2048,1410.543,24576,0,0,1
prime_linear,q100_n1024,acc4,23,2048,1320.537,24576,0,0,1
prime_linear,q100_n1024,acc8,24,2048,1320.557,24576,0,0,1
prime_linear,q100_n1024,acc4,24,2048,1320.658,24576,0,0,1
prime_linear,q100_n1024,existing_delayed,24,2048,1487.447,24576,0,0,1
prime_linear,q100_n1024,acc2,24,2048,1407.694,24576,0,0,1
prime_linear,q100_n1024,crypto_bigint_reduce,24,2048,1589.823,24576,0,0,1
prime_linear,q100_n1024,acc2,25,2048,1427.795,24576,0,0,1
prime_linear,q100_n1024,acc8,25,2048,1321.940,24576,0,0,1
prime_linear,q100_n1024,crypto_bigint_reduce,25,2048,1594.543,24576,0,0,1
prime_linear,q100_n1024,existing_delayed,25,2048,1500.102,24576,0,0,1
prime_linear,q100_n1024,acc4,25,2048,1320.088,24576,0,0,1
prime_linear,q100_n1024,acc4,26,2048,1321.167,24576,0,0,1
prime_linear,q100_n1024,acc8,26,2048,1318.868,24576,0,0,1
prime_linear,q100_n1024,crypto_bigint_reduce,26,2048,1598.042,24576,0,0,1
prime_linear,q100_n1024,acc2,26,2048,1404.968,24576,0,0,1
prime_linear,q100_n1024,existing_delayed,26,2048,1497.192,24576,0,0,1
prime_linear,q100_n1024,acc4,27,2048,1320.536,24576,0,0,1
prime_linear,q100_n1024,acc2,27,2048,1401.550,24576,0,0,1
prime_linear,q100_n1024,crypto_bigint_reduce,27,2048,1590.332,24576,0,0,1
prime_linear,q100_n1024,existing_delayed,27,2048,1499.837,24576,0,0,1
prime_linear,q100_n1024,acc8,27,2048,1321.085,24576,0,0,1
prime_linear,q100_n1024,acc2,28,2048,1449.341,24576,0,0,1
prime_linear,q100_n1024,acc8,28,2048,1326.803,24576,0,0,1
prime_linear,q100_n1024,acc4,28,2048,1320.374,24576,0,0,1
prime_linear,q100_n1024,existing_delayed,28,2048,1497.559,24576,0,0,1
prime_linear,q100_n1024,crypto_bigint_reduce,28,2048,1593.119,24576,0,0,1
prime_linear,q100_n1024,existing_delayed,29,2048,1495.565,24576,0,0,1
prime_linear,q100_n1024,crypto_bigint_reduce,29,2048,1585.531,24576,0,0,1
prime_linear,q100_n1024,acc4,29,2048,1321.899,24576,0,0,1
prime_linear,q100_n1024,acc8,29,2048,1319.804,24576,0,0,1
prime_linear,q100_n1024,acc2,29,2048,1405.375,24576,0,0,1
prime_linear,q100_n1024,existing_delayed,30,2048,1495.972,24576,0,0,1
prime_linear,q100_n1024,acc8,30,2048,1319.926,24576,0,0,1
prime_linear,q100_n1024,acc4,30,2048,1322.286,24576,0,0,1
prime_linear,q100_n1024,acc2,30,2048,1406.087,24576,0,0,1
prime_linear,q100_n1024,crypto_bigint_reduce,30,2048,1590.881,24576,0,0,1
prime_linear,q100_n1024,acc2,31,2048,1403.707,24576,0,0,1
prime_linear,q100_n1024,existing_delayed,31,2048,1486.511,24576,0,0,1
prime_linear,q100_n1024,crypto_bigint_reduce,31,2048,1586.141,24576,0,0,1
prime_linear,q100_n1024,acc4,31,2048,1321.757,24576,0,0,1
prime_linear,q100_n1024,acc8,31,2048,1314.555,24576,0,0,1
prime_mul,q100_n1048576,raw_ctx,0,1,5091875.000,50331648,0,0,1
prime_mul,q100_n1048576,configured_field,0,1,8327375.000,251658240,0,0,1
prime_mul,q100_n1048576,branded,0,1,5100958.000,50331648,0,0,1
prime_mul,q100_n1048576,checked_per_term,0,1,5673250.000,50331648,0,0,1
prime_mul,q100_n1048576,raw_ctx,1,1,5085792.000,50331648,0,0,1
prime_mul,q100_n1048576,configured_field,1,1,8494000.000,251658240,0,0,1
prime_mul,q100_n1048576,branded,1,1,5191417.000,50331648,0,0,1
prime_mul,q100_n1048576,checked_per_term,1,1,5653917.000,50331648,0,0,1
prime_mul,q100_n1048576,raw_ctx,2,1,5057584.000,50331648,0,0,1
prime_mul,q100_n1048576,branded,2,1,5167208.000,50331648,0,0,1
prime_mul,q100_n1048576,configured_field,2,1,8218792.000,251658240,0,0,1
prime_mul,q100_n1048576,checked_per_term,2,1,5703958.000,50331648,0,0,1
prime_mul,q100_n1048576,checked_per_term,3,1,5630916.000,50331648,0,0,1
prime_mul,q100_n1048576,branded,3,1,5182292.000,50331648,0,0,1
prime_mul,q100_n1048576,raw_ctx,3,1,5161209.000,50331648,0,0,1
prime_mul,q100_n1048576,configured_field,3,1,8169583.000,251658240,0,0,1
prime_mul,q100_n1048576,branded,4,1,5115959.000,50331648,0,0,1
prime_mul,q100_n1048576,checked_per_term,4,1,5654000.000,50331648,0,0,1
prime_mul,q100_n1048576,raw_ctx,4,1,5163916.000,50331648,0,0,1
prime_mul,q100_n1048576,configured_field,4,1,8218333.000,251658240,0,0,1
prime_mul,q100_n1048576,raw_ctx,5,1,5213125.000,50331648,0,0,1
prime_mul,q100_n1048576,checked_per_term,5,1,5620333.000,50331648,0,0,1
prime_mul,q100_n1048576,branded,5,1,5204667.000,50331648,0,0,1
prime_mul,q100_n1048576,configured_field,5,1,8177375.000,251658240,0,0,1
prime_mul,q100_n1048576,raw_ctx,6,1,5123125.000,50331648,0,0,1
prime_mul,q100_n1048576,checked_per_term,6,1,5693958.000,50331648,0,0,1
prime_mul,q100_n1048576,branded,6,1,5073834.000,50331648,0,0,1
prime_mul,q100_n1048576,configured_field,6,1,8173833.000,251658240,0,0,1
prime_mul,q100_n1048576,branded,7,1,5104459.000,50331648,0,0,1
prime_mul,q100_n1048576,checked_per_term,7,1,5713208.000,50331648,0,0,1
prime_mul,q100_n1048576,raw_ctx,7,1,5202791.000,50331648,0,0,1
prime_mul,q100_n1048576,configured_field,7,1,8178584.000,251658240,0,0,1
prime_mul,q100_n1048576,configured_field,8,1,8185125.000,251658240,0,0,1
prime_mul,q100_n1048576,raw_ctx,8,1,5141458.000,50331648,0,0,1
prime_mul,q100_n1048576,checked_per_term,8,1,5682125.000,50331648,0,0,1
prime_mul,q100_n1048576,branded,8,1,5076209.000,50331648,0,0,1
prime_mul,q100_n1048576,branded,9,1,5146334.000,50331648,0,0,1
prime_mul,q100_n1048576,raw_ctx,9,1,5140792.000,50331648,0,0,1
prime_mul,q100_n1048576,configured_field,9,1,8151583.000,251658240,0,0,1
prime_mul,q100_n1048576,checked_per_term,9,1,5690292.000,50331648,0,0,1
prime_mul,q100_n1048576,configured_field,10,1,8169584.000,251658240,0,0,1
prime_mul,q100_n1048576,branded,10,1,5099208.000,50331648,0,0,1
prime_mul,q100_n1048576,raw_ctx,10,1,5163542.000,50331648,0,0,1
prime_mul,q100_n1048576,checked_per_term,10,1,5580166.000,50331648,0,0,1
prime_mul,q100_n1048576,raw_ctx,11,1,5051834.000,50331648,0,0,1
prime_mul,q100_n1048576,branded,11,1,5088084.000,50331648,0,0,1
prime_mul,q100_n1048576,configured_field,11,1,8137291.000,251658240,0,0,1
prime_mul,q100_n1048576,checked_per_term,11,1,5557708.000,50331648,0,0,1
prime_mul,q100_n1048576,raw_ctx,12,1,4969083.000,50331648,0,0,1
prime_mul,q100_n1048576,configured_field,12,1,8127084.000,251658240,0,0,1
prime_mul,q100_n1048576,checked_per_term,12,1,5579875.000,50331648,0,0,1
prime_mul,q100_n1048576,branded,12,1,5064667.000,50331648,0,0,1
prime_mul,q100_n1048576,branded,13,1,5147000.000,50331648,0,0,1
prime_mul,q100_n1048576,checked_per_term,13,1,5707750.000,50331648,0,0,1
prime_mul,q100_n1048576,configured_field,13,1,8154333.000,251658240,0,0,1
prime_mul,q100_n1048576,raw_ctx,13,1,5095000.000,50331648,0,0,1
prime_mul,q100_n1048576,branded,14,1,5125583.000,50331648,0,0,1
prime_mul,q100_n1048576,configured_field,14,1,8132542.000,251658240,0,0,1
prime_mul,q100_n1048576,raw_ctx,14,1,5080208.000,50331648,0,0,1
prime_mul,q100_n1048576,checked_per_term,14,1,5673667.000,50331648,0,0,1
prime_mul,q100_n1048576,raw_ctx,15,1,5077459.000,50331648,0,0,1
prime_mul,q100_n1048576,checked_per_term,15,1,5686125.000,50331648,0,0,1
prime_mul,q100_n1048576,branded,15,1,5104166.000,50331648,0,0,1
prime_mul,q100_n1048576,configured_field,15,1,8153292.000,251658240,0,0,1
prime_mul,q100_n1048576,raw_ctx,16,1,5067208.000,50331648,0,0,1
prime_mul,q100_n1048576,configured_field,16,1,8141583.000,251658240,0,0,1
prime_mul,q100_n1048576,branded,16,1,5126584.000,50331648,0,0,1
prime_mul,q100_n1048576,checked_per_term,16,1,5594875.000,50331648,0,0,1
prime_mul,q100_n1048576,raw_ctx,17,1,5138875.000,50331648,0,0,1
prime_mul,q100_n1048576,branded,17,1,5143541.000,50331648,0,0,1
prime_mul,q100_n1048576,checked_per_term,17,1,5696417.000,50331648,0,0,1
prime_mul,q100_n1048576,configured_field,17,1,8159333.000,251658240,0,0,1
prime_mul,q100_n1048576,branded,18,1,5106666.000,50331648,0,0,1
prime_mul,q100_n1048576,raw_ctx,18,1,5133500.000,50331648,0,0,1
prime_mul,q100_n1048576,checked_per_term,18,1,5632041.000,50331648,0,0,1
prime_mul,q100_n1048576,configured_field,18,1,8124750.000,251658240,0,0,1
prime_mul,q100_n1048576,checked_per_term,19,1,5714625.000,50331648,0,0,1
prime_mul,q100_n1048576,branded,19,1,5135750.000,50331648,0,0,1
prime_mul,q100_n1048576,configured_field,19,1,8164292.000,251658240,0,0,1
prime_mul,q100_n1048576,raw_ctx,19,1,5034916.000,50331648,0,0,1
prime_mul,q100_n1048576,raw_ctx,20,1,5074042.000,50331648,0,0,1
prime_mul,q100_n1048576,configured_field,20,1,8141583.000,251658240,0,0,1
prime_mul,q100_n1048576,checked_per_term,20,1,5689958.000,50331648,0,0,1
prime_mul,q100_n1048576,branded,20,1,5180625.000,50331648,0,0,1
prime_mul,q100_n1048576,checked_per_term,21,1,5664167.000,50331648,0,0,1
prime_mul,q100_n1048576,raw_ctx,21,1,5067083.000,50331648,0,0,1
prime_mul,q100_n1048576,configured_field,21,1,8184125.000,251658240,0,0,1
prime_mul,q100_n1048576,branded,21,1,5083708.000,50331648,0,0,1
prime_mul,q100_n1048576,branded,22,1,5172667.000,50331648,0,0,1
prime_mul,q100_n1048576,configured_field,22,1,8152792.000,251658240,0,0,1
prime_mul,q100_n1048576,raw_ctx,22,1,5134125.000,50331648,0,0,1
prime_mul,q100_n1048576,checked_per_term,22,1,5689125.000,50331648,0,0,1
prime_mul,q100_n1048576,configured_field,23,1,8155000.000,251658240,0,0,1
prime_mul,q100_n1048576,checked_per_term,23,1,5729000.000,50331648,0,0,1
prime_mul,q100_n1048576,branded,23,1,5076708.000,50331648,0,0,1
prime_mul,q100_n1048576,raw_ctx,23,1,5150958.000,50331648,0,0,1
prime_mul,q100_n1048576,checked_per_term,24,1,5671459.000,50331648,0,0,1
prime_mul,q100_n1048576,branded,24,1,5099667.000,50331648,0,0,1
prime_mul,q100_n1048576,raw_ctx,24,1,5102667.000,50331648,0,0,1
prime_mul,q100_n1048576,configured_field,24,1,8180834.000,251658240,0,0,1
prime_mul,q100_n1048576,raw_ctx,25,1,5134625.000,50331648,0,0,1
prime_mul,q100_n1048576,checked_per_term,25,1,5611958.000,50331648,0,0,1
prime_mul,q100_n1048576,configured_field,25,1,8139709.000,251658240,0,0,1
prime_mul,q100_n1048576,branded,25,1,5098833.000,50331648,0,0,1
prime_mul,q100_n1048576,configured_field,26,1,8116292.000,251658240,0,0,1
prime_mul,q100_n1048576,branded,26,1,5004875.000,50331648,0,0,1
prime_mul,q100_n1048576,raw_ctx,26,1,5003000.000,50331648,0,0,1
prime_mul,q100_n1048576,checked_per_term,26,1,5643917.000,50331648,0,0,1
prime_mul,q100_n1048576,checked_per_term,27,1,5623958.000,50331648,0,0,1
prime_mul,q100_n1048576,configured_field,27,1,8315042.000,251658240,0,0,1
prime_mul,q100_n1048576,raw_ctx,27,1,5155750.000,50331648,0,0,1
prime_mul,q100_n1048576,branded,27,1,5096584.000,50331648,0,0,1
prime_mul,q100_n1048576,configured_field,28,1,8166583.000,251658240,0,0,1
prime_mul,q100_n1048576,raw_ctx,28,1,5115042.000,50331648,0,0,1
prime_mul,q100_n1048576,checked_per_term,28,1,5663750.000,50331648,0,0,1
prime_mul,q100_n1048576,branded,28,1,5059542.000,50331648,0,0,1
prime_mul,q100_n1048576,raw_ctx,29,1,5090917.000,50331648,0,0,1
prime_mul,q100_n1048576,checked_per_term,29,1,5638500.000,50331648,0,0,1
prime_mul,q100_n1048576,configured_field,29,1,8188500.000,251658240,0,0,1
prime_mul,q100_n1048576,branded,29,1,5099292.000,50331648,0,0,1
prime_mul,q100_n1048576,checked_per_term,30,1,5703625.000,50331648,0,0,1
prime_mul,q100_n1048576,branded,30,1,5099584.000,50331648,0,0,1
prime_mul,q100_n1048576,raw_ctx,30,1,5056875.000,50331648,0,0,1
prime_mul,q100_n1048576,configured_field,30,1,8163208.000,251658240,0,0,1
prime_mul,q100_n1048576,checked_per_term,31,1,5646292.000,50331648,0,0,1
prime_mul,q100_n1048576,branded,31,1,5187417.000,50331648,0,0,1
prime_mul,q100_n1048576,raw_ctx,31,1,5074209.000,50331648,0,0,1
prime_mul,q100_n1048576,configured_field,31,1,8210500.000,251658240,0,0,1
prime_dot,q100_n1048576,acc4,0,2,2429458.500,33554432,0,0,1
prime_dot,q100_n1048576,acc8,0,2,2528729.000,33554432,0,0,1
prime_dot,q100_n1048576,checked_per_term,0,2,3015292.000,33554432,0,0,1
prime_dot,q100_n1048576,eager_raw,0,2,6770729.500,33554432,0,0,1
prime_dot,q100_n1048576,acc2,0,2,2454042.000,33554432,0,0,1
prime_dot,q100_n1048576,existing_delayed,0,2,2459958.000,33554432,0,0,1
prime_dot,q100_n1048576,convert_then_delayed,0,2,3112500.000,67108864,2,33554432,1
prime_dot,q100_n1048576,crypto_bigint_reduce,0,2,2459833.500,33554432,0,0,1
prime_dot,q100_n1048576,crypto_bigint_reduce,1,2,2454875.000,33554432,0,0,1
prime_dot,q100_n1048576,acc2,1,2,2469937.500,33554432,0,0,1
prime_dot,q100_n1048576,checked_per_term,1,2,3016208.500,33554432,0,0,1
prime_dot,q100_n1048576,eager_raw,1,2,6755896.000,33554432,0,0,1
prime_dot,q100_n1048576,acc4,1,2,2426979.000,33554432,0,0,1
prime_dot,q100_n1048576,acc8,1,2,2535604.000,33554432,0,0,1
prime_dot,q100_n1048576,convert_then_delayed,1,2,3115146.000,67108864,2,33554432,1
prime_dot,q100_n1048576,existing_delayed,1,2,2465062.500,33554432,0,0,1
prime_dot,q100_n1048576,crypto_bigint_reduce,2,2,2461625.000,33554432,0,0,1
prime_dot,q100_n1048576,eager_raw,2,2,6768687.500,33554432,0,0,1
prime_dot,q100_n1048576,acc2,2,2,2460958.000,33554432,0,0,1
prime_dot,q100_n1048576,convert_then_delayed,2,2,3106166.500,67108864,2,33554432,1
prime_dot,q100_n1048576,acc4,2,2,2436562.500,33554432,0,0,1
prime_dot,q100_n1048576,acc8,2,2,2534416.500,33554432,0,0,1
prime_dot,q100_n1048576,existing_delayed,2,2,2456896.000,33554432,0,0,1
prime_dot,q100_n1048576,checked_per_term,2,2,3016937.500,33554432,0,0,1
prime_dot,q100_n1048576,checked_per_term,3,2,3016021.000,33554432,0,0,1
prime_dot,q100_n1048576,existing_delayed,3,2,2458937.500,33554432,0,0,1
prime_dot,q100_n1048576,acc2,3,2,2451375.000,33554432,0,0,1
prime_dot,q100_n1048576,crypto_bigint_reduce,3,2,2457146.000,33554432,0,0,1
prime_dot,q100_n1048576,convert_then_delayed,3,2,3139333.500,67108864,2,33554432,1
prime_dot,q100_n1048576,acc4,3,2,2433458.500,33554432,0,0,1
prime_dot,q100_n1048576,eager_raw,3,2,6766729.000,33554432,0,0,1
prime_dot,q100_n1048576,acc8,3,2,2534520.500,33554432,0,0,1
prime_dot,q100_n1048576,acc8,4,2,2540375.000,33554432,0,0,1
prime_dot,q100_n1048576,convert_then_delayed,4,2,3117104.000,67108864,2,33554432,1
prime_dot,q100_n1048576,existing_delayed,4,2,2471916.500,33554432,0,0,1
prime_dot,q100_n1048576,crypto_bigint_reduce,4,2,2453729.000,33554432,0,0,1
prime_dot,q100_n1048576,acc4,4,2,2434562.500,33554432,0,0,1
prime_dot,q100_n1048576,checked_per_term,4,2,3042708.000,33554432,0,0,1
prime_dot,q100_n1048576,acc2,4,2,2549833.500,33554432,0,0,1
prime_dot,q100_n1048576,eager_raw,4,2,6797271.000,33554432,0,0,1
prime_dot,q100_n1048576,acc8,5,2,2534791.500,33554432,0,0,1
prime_dot,q100_n1048576,convert_then_delayed,5,2,3108770.500,67108864,2,33554432,1
prime_dot,q100_n1048576,existing_delayed,5,2,2468750.000,33554432,0,0,1
prime_dot,q100_n1048576,eager_raw,5,2,6770562.500,33554432,0,0,1
prime_dot,q100_n1048576,acc2,5,2,2473187.500,33554432,0,0,1
prime_dot,q100_n1048576,checked_per_term,5,2,3020979.000,33554432,0,0,1
prime_dot,q100_n1048576,acc4,5,2,2423958.000,33554432,0,0,1
prime_dot,q100_n1048576,crypto_bigint_reduce,5,2,2456458.500,33554432,0,0,1
prime_dot,q100_n1048576,crypto_bigint_reduce,6,2,2450479.000,33554432,0,0,1
prime_dot,q100_n1048576,eager_raw,6,2,6753458.500,33554432,0,0,1
prime_dot,q100_n1048576,acc2,6,2,2461917.000,33554432,0,0,1
prime_dot,q100_n1048576,convert_then_delayed,6,2,3111396.000,67108864,2,33554432,1
prime_dot,q100_n1048576,existing_delayed,6,2,2460896.000,33554432,0,0,1
prime_dot,q100_n1048576,checked_per_term,6,2,3033458.000,33554432,0,0,1
prime_dot,q100_n1048576,acc8,6,2,2536917.000,33554432,0,0,1
prime_dot,q100_n1048576,acc4,6,2,2443937.500,33554432,0,0,1
prime_dot,q100_n1048576,checked_per_term,7,2,3023770.500,33554432,0,0,1
prime_dot,q100_n1048576,crypto_bigint_reduce,7,2,2469604.500,33554432,0,0,1
prime_dot,q100_n1048576,acc2,7,2,2473854.000,33554432,0,0,1
prime_dot,q100_n1048576,existing_delayed,7,2,2460000.000,33554432,0,0,1
prime_dot,q100_n1048576,acc4,7,2,2445375.000,33554432,0,0,1
prime_dot,q100_n1048576,convert_then_delayed,7,2,3156854.500,67108864,2,33554432,1
prime_dot,q100_n1048576,acc8,7,2,2551021.000,33554432,0,0,1
prime_dot,q100_n1048576,eager_raw,7,2,6774625.000,33554432,0,0,1
prime_dot,q100_n1048576,existing_delayed,8,2,2466625.000,33554432,0,0,1
prime_dot,q100_n1048576,convert_then_delayed,8,2,3107312.500,67108864,2,33554432,1
prime_dot,q100_n1048576,crypto_bigint_reduce,8,2,2486479.000,33554432,0,0,1
prime_dot,q100_n1048576,eager_raw,8,2,6838958.500,33554432,0,0,1
prime_dot,q100_n1048576,acc2,8,2,2480125.000,33554432,0,0,1
prime_dot,q100_n1048576,checked_per_term,8,2,3034708.500,33554432,0,0,1
prime_dot,q100_n1048576,acc8,8,2,2545791.500,33554432,0,0,1
prime_dot,q100_n1048576,acc4,8,2,2442791.500,33554432,0,0,1
prime_dot,q100_n1048576,acc8,9,2,2537916.500,33554432,0,0,1
prime_dot,q100_n1048576,convert_then_delayed,9,2,3098604.000,67108864,2,33554432,1
prime_dot,q100_n1048576,existing_delayed,9,2,2525250.000,33554432,0,0,1
prime_dot,q100_n1048576,eager_raw,9,2,7119625.000,33554432,0,0,1
prime_dot,q100_n1048576,acc4,9,2,2460187.500,33554432,0,0,1
prime_dot,q100_n1048576,checked_per_term,9,2,3032000.000,33554432,0,0,1
prime_dot,q100_n1048576,acc2,9,2,2467042.000,33554432,0,0,1
prime_dot,q100_n1048576,crypto_bigint_reduce,9,2,2467000.000,33554432,0,0,1
prime_dot,q100_n1048576,existing_delayed,10,2,2469854.500,33554432,0,0,1
prime_dot,q100_n1048576,acc2,10,2,2462375.000,33554432,0,0,1
prime_dot,q100_n1048576,acc4,10,2,2434104.000,33554432,0,0,1
prime_dot,q100_n1048576,checked_per_term,10,2,3018083.500,33554432,0,0,1
prime_dot,q100_n1048576,convert_then_delayed,10,2,3117812.500,67108864,2,33554432,1
prime_dot,q100_n1048576,acc8,10,2,2553479.000,33554432,0,0,1
prime_dot,q100_n1048576,crypto_bigint_reduce,10,2,2465395.500,33554432,0,0,1
prime_dot,q100_n1048576,eager_raw,10,2,6757270.500,33554432,0,0,1
prime_dot,q100_n1048576,acc8,11,2,2547729.000,33554432,0,0,1
prime_dot,q100_n1048576,acc2,11,2,2465145.500,33554432,0,0,1
prime_dot,q100_n1048576,existing_delayed,11,2,2455854.000,33554432,0,0,1
prime_dot,q100_n1048576,crypto_bigint_reduce,11,2,2459083.500,33554432,0,0,1
prime_dot,q100_n1048576,acc4,11,2,2441562.500,33554432,0,0,1
prime_dot,q100_n1048576,convert_then_delayed,11,2,3133208.500,67108864,2,33554432,1
prime_dot,q100_n1048576,eager_raw,11,2,6769625.000,33554432,0,0,1
prime_dot,q100_n1048576,checked_per_term,11,2,3021187.500,33554432,0,0,1
prime_dot,q100_n1048576,convert_then_delayed,12,2,3105687.500,67108864,2,33554432,1
prime_dot,q100_n1048576,existing_delayed,12,2,2460604.500,33554432,0,0,1
prime_dot,q100_n1048576,checked_per_term,12,2,3017000.000,33554432,0,0,1
prime_dot,q100_n1048576,acc4,12,2,2423604.500,33554432,0,0,1
prime_dot,q100_n1048576,eager_raw,12,2,6726145.500,33554432,0,0,1
prime_dot,q100_n1048576,crypto_bigint_reduce,12,2,2448458.500,33554432,0,0,1
prime_dot,q100_n1048576,acc8,12,2,2530146.000,33554432,0,0,1
prime_dot,q100_n1048576,acc2,12,2,2468146.000,33554432,0,0,1
prime_dot,q100_n1048576,acc8,13,2,2525417.000,33554432,0,0,1
prime_dot,q100_n1048576,existing_delayed,13,2,2453271.000,33554432,0,0,1
prime_dot,q100_n1048576,checked_per_term,13,2,3020125.000,33554432,0,0,1
prime_dot,q100_n1048576,convert_then_delayed,13,2,3135583.500,67108864,2,33554432,1
prime_dot,q100_n1048576,acc4,13,2,2443083.500,33554432,0,0,1
prime_dot,q100_n1048576,eager_raw,13,2,6760958.500,33554432,0,0,1
prime_dot,q100_n1048576,crypto_bigint_reduce,13,2,2461687.500,33554432,0,0,1
prime_dot,q100_n1048576,acc2,13,2,2464270.500,33554432,0,0,1
prime_dot,q100_n1048576,acc2,14,2,2462229.000,33554432,0,0,1
prime_dot,q100_n1048576,existing_delayed,14,2,2451000.000,33554432,0,0,1
prime_dot,q100_n1048576,checked_per_term,14,2,3022854.500,33554432,0,0,1
prime_dot,q100_n1048576,convert_then_delayed,14,2,3114437.500,67108864,2,33554432,1
prime_dot,q100_n1048576,crypto_bigint_reduce,14,2,2463750.000,33554432,0,0,1
prime_dot,q100_n1048576,eager_raw,14,2,6772437.500,33554432,0,0,1
prime_dot,q100_n1048576,acc8,14,2,2539333.000,33554432,0,0,1
prime_dot,q100_n1048576,acc4,14,2,2443021.000,33554432,0,0,1
prime_dot,q100_n1048576,crypto_bigint_reduce,15,2,2465208.500,33554432,0,0,1
prime_dot,q100_n1048576,acc8,15,2,2540437.500,33554432,0,0,1
prime_dot,q100_n1048576,existing_delayed,15,2,2462146.000,33554432,0,0,1
prime_dot,q100_n1048576,eager_raw,15,2,6775271.000,33554432,0,0,1
prime_dot,q100_n1048576,convert_then_delayed,15,2,3117416.500,67108864,2,33554432,1
prime_dot,q100_n1048576,checked_per_term,15,2,3022854.000,33554432,0,0,1
prime_dot,q100_n1048576,acc2,15,2,2457125.000,33554432,0,0,1
prime_dot,q100_n1048576,acc4,15,2,2439229.500,33554432,0,0,1
prime_dot,q100_n1048576,eager_raw,16,2,6769020.500,33554432,0,0,1
prime_dot,q100_n1048576,acc4,16,2,2427042.000,33554432,0,0,1
prime_dot,q100_n1048576,crypto_bigint_reduce,16,2,2447521.000,33554432,0,0,1
prime_dot,q100_n1048576,acc8,16,2,2525625.000,33554432,0,0,1
prime_dot,q100_n1048576,existing_delayed,16,2,2457770.500,33554432,0,0,1
prime_dot,q100_n1048576,convert_then_delayed,16,2,3103083.500,67108864,2,33554432,1
prime_dot,q100_n1048576,checked_per_term,16,2,3025771.000,33554432,0,0,1
prime_dot,q100_n1048576,acc2,16,2,2460708.500,33554432,0,0,1
prime_dot,q100_n1048576,eager_raw,17,2,6784062.500,33554432,0,0,1
prime_dot,q100_n1048576,checked_per_term,17,2,3022541.500,33554432,0,0,1
prime_dot,q100_n1048576,crypto_bigint_reduce,17,2,2464208.500,33554432,0,0,1
prime_dot,q100_n1048576,acc8,17,2,2551479.000,33554432,0,0,1
prime_dot,q100_n1048576,acc4,17,2,2434729.000,33554432,0,0,1
prime_dot,q100_n1048576,existing_delayed,17,2,2468812.500,33554432,0,0,1
prime_dot,q100_n1048576,convert_then_delayed,17,2,3119041.500,67108864,2,33554432,1
prime_dot,q100_n1048576,acc2,17,2,2468417.000,33554432,0,0,1
prime_dot,q100_n1048576,acc2,18,2,2470166.500,33554432,0,0,1
prime_dot,q100_n1048576,checked_per_term,18,2,3018479.000,33554432,0,0,1
prime_dot,q100_n1048576,acc8,18,2,2554541.500,33554432,0,0,1
prime_dot,q100_n1048576,convert_then_delayed,18,2,3122375.000,67108864,2,33554432,1
prime_dot,q100_n1048576,crypto_bigint_reduce,18,2,2458812.500,33554432,0,0,1
prime_dot,q100_n1048576,acc4,18,2,2445729.500,33554432,0,0,1
prime_dot,q100_n1048576,eager_raw,18,2,6764729.000,33554432,0,0,1
prime_dot,q100_n1048576,existing_delayed,18,2,2465562.500,33554432,0,0,1
prime_dot,q100_n1048576,convert_then_delayed,19,2,3128625.000,67108864,2,33554432,1
prime_dot,q100_n1048576,crypto_bigint_reduce,19,2,2459104.500,33554432,0,0,1
prime_dot,q100_n1048576,acc4,19,2,2425250.000,33554432,0,0,1
prime_dot,q100_n1048576,acc8,19,2,2542979.000,33554432,0,0,1
prime_dot,q100_n1048576,checked_per_term,19,2,3020396.000,33554432,0,0,1
prime_dot,q100_n1048576,existing_delayed,19,2,2452167.000,33554432,0,0,1
prime_dot,q100_n1048576,eager_raw,19,2,6783104.500,33554432,0,0,1
prime_dot,q100_n1048576,acc2,19,2,2467541.500,33554432,0,0,1
prime_dot,q100_n1048576,acc2,20,2,2469145.500,33554432,0,0,1
prime_dot,q100_n1048576,acc8,20,2,2540937.500,33554432,0,0,1
prime_dot,q100_n1048576,eager_raw,20,2,6767687.500,33554432,0,0,1
prime_dot,q100_n1048576,existing_delayed,20,2,2463750.000,33554432,0,0,1
prime_dot,q100_n1048576,checked_per_term,20,2,3022896.000,33554432,0,0,1
prime_dot,q100_n1048576,crypto_bigint_reduce,20,2,2462583.000,33554432,0,0,1
prime_dot,q100_n1048576,acc4,20,2,2443625.000,33554432,0,0,1
prime_dot,q100_n1048576,convert_then_delayed,20,2,3137145.500,67108864,2,33554432,1
prime_dot,q100_n1048576,acc8,21,2,2541458.000,33554432,0,0,1
prime_dot,q100_n1048576,eager_raw,21,2,6787458.500,33554432,0,0,1
prime_dot,q100_n1048576,acc2,21,2,2519937.500,33554432,0,0,1
prime_dot,q100_n1048576,checked_per_term,21,2,3025250.000,33554432,0,0,1
prime_dot,q100_n1048576,acc4,21,2,2455875.000,33554432,0,0,1
prime_dot,q100_n1048576,crypto_bigint_reduce,21,2,2462020.500,33554432,0,0,1
prime_dot,q100_n1048576,existing_delayed,21,2,2456896.000,33554432,0,0,1
prime_dot,q100_n1048576,convert_then_delayed,21,2,3132395.500,67108864,2,33554432,1
prime_dot,q100_n1048576,crypto_bigint_reduce,22,2,2458646.000,33554432,0,0,1
prime_dot,q100_n1048576,checked_per_term,22,2,3019521.000,33554432,0,0,1
prime_dot,q100_n1048576,existing_delayed,22,2,2464917.000,33554432,0,0,1
prime_dot,q100_n1048576,convert_then_delayed,22,2,3099292.000,67108864,2,33554432,1
prime_dot,q100_n1048576,eager_raw,22,2,6772625.000,33554432,0,0,1
prime_dot,q100_n1048576,acc4,22,2,2458792.000,33554432,0,0,1
prime_dot,q100_n1048576,acc2,22,2,2472271.000,33554432,0,0,1
prime_dot,q100_n1048576,acc8,22,2,2542791.500,33554432,0,0,1
prime_dot,q100_n1048576,convert_then_delayed,23,2,3127979.500,67108864,2,33554432,1
prime_dot,q100_n1048576,acc8,23,2,2550750.000,33554432,0,0,1
prime_dot,q100_n1048576,acc2,23,2,2470104.000,33554432,0,0,1
prime_dot,q100_n1048576,eager_raw,23,2,6786021.000,33554432,0,0,1
prime_dot,q100_n1048576,acc4,23,2,2444291.500,33554432,0,0,1
prime_dot,q100_n1048576,crypto_bigint_reduce,23,2,2468375.000,33554432,0,0,1
prime_dot,q100_n1048576,checked_per_term,23,2,3025667.000,33554432,0,0,1
prime_dot,q100_n1048576,existing_delayed,23,2,2464479.000,33554432,0,0,1
prime_dot,q100_n1048576,acc4,24,2,2441125.000,33554432,0,0,1
prime_dot,q100_n1048576,eager_raw,24,2,6785145.500,33554432,0,0,1
prime_dot,q100_n1048576,existing_delayed,24,2,2458646.000,33554432,0,0,1
prime_dot,q100_n1048576,convert_then_delayed,24,2,3134646.000,67108864,2,33554432,1
prime_dot,q100_n1048576,crypto_bigint_reduce,24,2,2455208.500,33554432,0,0,1
prime_dot,q100_n1048576,checked_per_term,24,2,3096854.500,33554432,0,0,1
prime_dot,q100_n1048576,acc2,24,2,2555042.000,33554432,0,0,1
prime_dot,q100_n1048576,acc8,24,2,2675854.000,33554432,0,0,1
prime_dot,q100_n1048576,checked_per_term,25,2,3023479.500,33554432,0,0,1
prime_dot,q100_n1048576,acc8,25,2,2527208.500,33554432,0,0,1
prime_dot,q100_n1048576,convert_then_delayed,25,2,3130916.500,67108864,2,33554432,1
prime_dot,q100_n1048576,existing_delayed,25,2,2456291.500,33554432,0,0,1
prime_dot,q100_n1048576,acc4,25,2,2437833.000,33554432,0,0,1
prime_dot,q100_n1048576,crypto_bigint_reduce,25,2,2468250.000,33554432,0,0,1
prime_dot,q100_n1048576,acc2,25,2,2469687.500,33554432,0,0,1
prime_dot,q100_n1048576,eager_raw,25,2,6775083.500,33554432,0,0,1
prime_dot,q100_n1048576,crypto_bigint_reduce,26,2,2477146.000,33554432,0,0,1
prime_dot,q100_n1048576,existing_delayed,26,2,2468604.000,33554432,0,0,1
prime_dot,q100_n1048576,acc8,26,2,2535166.500,33554432,0,0,1
prime_dot,q100_n1048576,eager_raw,26,2,6752104.000,33554432,0,0,1
prime_dot,q100_n1048576,acc2,26,2,2460542.000,33554432,0,0,1
prime_dot,q100_n1048576,checked_per_term,26,2,3016458.500,33554432,0,0,1
prime_dot,q100_n1048576,acc4,26,2,2462437.500,33554432,0,0,1
prime_dot,q100_n1048576,convert_then_delayed,26,2,3222270.500,67108864,2,33554432,1
prime_dot,q100_n1048576,crypto_bigint_reduce,27,2,2536666.500,33554432,0,0,1
prime_dot,q100_n1048576,eager_raw,27,2,6961312.500,33554432,0,0,1
prime_dot,q100_n1048576,acc4,27,2,2489875.000,33554432,0,0,1
prime_dot,q100_n1048576,acc8,27,2,2601208.500,33554432,0,0,1
prime_dot,q100_n1048576,checked_per_term,27,2,3087437.500,33554432,0,0,1
prime_dot,q100_n1048576,convert_then_delayed,27,2,3104104.000,67108864,2,33554432,1
prime_dot,q100_n1048576,existing_delayed,27,2,2456625.000,33554432,0,0,1
prime_dot,q100_n1048576,acc2,27,2,2467917.000,33554432,0,0,1
prime_dot,q100_n1048576,acc2,28,2,2466104.000,33554432,0,0,1
prime_dot,q100_n1048576,convert_then_delayed,28,2,3146250.000,67108864,2,33554432,1
prime_dot,q100_n1048576,crypto_bigint_reduce,28,2,2467604.000,33554432,0,0,1
prime_dot,q100_n1048576,acc8,28,2,2540437.500,33554432,0,0,1
prime_dot,q100_n1048576,acc4,28,2,2441146.000,33554432,0,0,1
prime_dot,q100_n1048576,checked_per_term,28,2,3019020.500,33554432,0,0,1
prime_dot,q100_n1048576,existing_delayed,28,2,2467958.000,33554432,0,0,1
prime_dot,q100_n1048576,eager_raw,28,2,6779792.000,33554432,0,0,1
prime_dot,q100_n1048576,acc4,29,2,2436187.500,33554432,0,0,1
prime_dot,q100_n1048576,acc8,29,2,2539646.000,33554432,0,0,1
prime_dot,q100_n1048576,acc2,29,2,2462625.000,33554432,0,0,1
prime_dot,q100_n1048576,checked_per_term,29,2,3020479.000,33554432,0,0,1
prime_dot,q100_n1048576,eager_raw,29,2,6781604.500,33554432,0,0,1
prime_dot,q100_n1048576,crypto_bigint_reduce,29,2,2465062.500,33554432,0,0,1
prime_dot,q100_n1048576,existing_delayed,29,2,2464687.500,33554432,0,0,1
prime_dot,q100_n1048576,convert_then_delayed,29,2,3115833.500,67108864,2,33554432,1
prime_dot,q100_n1048576,existing_delayed,30,2,2462270.500,33554432,0,0,1
prime_dot,q100_n1048576,crypto_bigint_reduce,30,2,2456750.000,33554432,0,0,1
prime_dot,q100_n1048576,acc2,30,2,2461042.000,33554432,0,0,1
prime_dot,q100_n1048576,acc4,30,2,2425917.000,33554432,0,0,1
prime_dot,q100_n1048576,convert_then_delayed,30,2,3139104.000,67108864,2,33554432,1
prime_dot,q100_n1048576,checked_per_term,30,2,3043771.000,33554432,0,0,1
prime_dot,q100_n1048576,acc8,30,2,2538916.500,33554432,0,0,1
prime_dot,q100_n1048576,eager_raw,30,2,6863333.500,33554432,0,0,1
prime_dot,q100_n1048576,existing_delayed,31,2,2479458.500,33554432,0,0,1
prime_dot,q100_n1048576,eager_raw,31,2,6783291.500,33554432,0,0,1
prime_dot,q100_n1048576,acc4,31,2,2493104.500,33554432,0,0,1
prime_dot,q100_n1048576,acc8,31,2,2612875.000,33554432,0,0,1
prime_dot,q100_n1048576,checked_per_term,31,2,3029479.000,33554432,0,0,1
prime_dot,q100_n1048576,acc2,31,2,2464292.000,33554432,0,0,1
prime_dot,q100_n1048576,convert_then_delayed,31,2,3140208.500,67108864,2,33554432,1
prime_dot,q100_n1048576,crypto_bigint_reduce,31,2,2471375.000,33554432,0,0,1
prime_linear,q100_n1048576,acc2,0,2,1427229.500,25165824,0,0,1
prime_linear,q100_n1048576,crypto_bigint_reduce,0,2,1525208.000,25165824,0,0,1
prime_linear,q100_n1048576,acc4,0,2,1349979.500,25165824,0,0,1
prime_linear,q100_n1048576,acc8,0,2,1350562.500,25165824,0,0,1
prime_linear,q100_n1048576,existing_delayed,0,2,1521208.500,25165824,0,0,1
prime_linear,q100_n1048576,crypto_bigint_reduce,1,2,1519708.000,25165824,0,0,1
prime_linear,q100_n1048576,acc8,1,2,1330187.500,25165824,0,0,1
prime_linear,q100_n1048576,acc4,1,2,1344646.000,25165824,0,0,1
prime_linear,q100_n1048576,existing_delayed,1,2,1526812.500,25165824,0,0,1
prime_linear,q100_n1048576,acc2,1,2,1426771.000,25165824,0,0,1
prime_linear,q100_n1048576,acc8,2,2,1340125.000,25165824,0,0,1
prime_linear,q100_n1048576,crypto_bigint_reduce,2,2,1546104.000,25165824,0,0,1
prime_linear,q100_n1048576,acc4,2,2,1549979.000,25165824,0,0,1
prime_linear,q100_n1048576,acc2,2,2,1464479.000,25165824,0,0,1
prime_linear,q100_n1048576,existing_delayed,2,2,1539521.000,25165824,0,0,1
prime_linear,q100_n1048576,crypto_bigint_reduce,3,2,1529958.500,25165824,0,0,1
prime_linear,q100_n1048576,acc2,3,2,1425291.500,25165824,0,0,1
prime_linear,q100_n1048576,acc4,3,2,1342812.500,25165824,0,0,1
prime_linear,q100_n1048576,existing_delayed,3,2,1519500.000,25165824,0,0,1
prime_linear,q100_n1048576,acc8,3,2,1342208.500,25165824,0,0,1
prime_linear,q100_n1048576,crypto_bigint_reduce,4,2,1525292.000,25165824,0,0,1
prime_linear,q100_n1048576,acc2,4,2,1430937.500,25165824,0,0,1
prime_linear,q100_n1048576,acc8,4,2,1338521.000,25165824,0,0,1
prime_linear,q100_n1048576,existing_delayed,4,2,1520145.500,25165824,0,0,1
prime_linear,q100_n1048576,acc4,4,2,1352354.000,25165824,0,0,1
prime_linear,q100_n1048576,crypto_bigint_reduce,5,2,1526104.000,25165824,0,0,1
prime_linear,q100_n1048576,acc2,5,2,1436458.000,25165824,0,0,1
prime_linear,q100_n1048576,acc4,5,2,1341020.500,25165824,0,0,1
prime_linear,q100_n1048576,existing_delayed,5,2,1514770.500,25165824,0,0,1
prime_linear,q100_n1048576,acc8,5,2,1333833.500,25165824,0,0,1
prime_linear,q100_n1048576,existing_delayed,6,2,1521854.000,25165824,0,0,1
prime_linear,q100_n1048576,acc4,6,2,1341062.500,25165824,0,0,1
prime_linear,q100_n1048576,crypto_bigint_reduce,6,2,1523333.500,25165824,0,0,1
prime_linear,q100_n1048576,acc8,6,2,1343500.000,25165824,0,0,1
prime_linear,q100_n1048576,acc2,6,2,1421604.000,25165824,0,0,1
prime_linear,q100_n1048576,acc8,7,2,1335479.000,25165824,0,0,1
prime_linear,q100_n1048576,crypto_bigint_reduce,7,2,1511791.500,25165824,0,0,1
prime_linear,q100_n1048576,acc4,7,2,1342791.500,25165824,0,0,1
prime_linear,q100_n1048576,existing_delayed,7,2,1520750.000,25165824,0,0,1
prime_linear,q100_n1048576,acc2,7,2,1421416.500,25165824,0,0,1
prime_linear,q100_n1048576,acc4,8,2,1343333.500,25165824,0,0,1
prime_linear,q100_n1048576,acc2,8,2,1420625.000,25165824,0,0,1
prime_linear,q100_n1048576,acc8,8,2,1340041.500,25165824,0,0,1
prime_linear,q100_n1048576,crypto_bigint_reduce,8,2,1519021.000,25165824,0,0,1
prime_linear,q100_n1048576,existing_delayed,8,2,1525791.500,25165824,0,0,1
prime_linear,q100_n1048576,acc8,9,2,1336375.000,25165824,0,0,1
prime_linear,q100_n1048576,crypto_bigint_reduce,9,2,1527437.500,25165824,0,0,1
prime_linear,q100_n1048576,acc2,9,2,1422271.000,25165824,0,0,1
prime_linear,q100_n1048576,existing_delayed,9,2,1515271.000,25165824,0,0,1
prime_linear,q100_n1048576,acc4,9,2,1339958.000,25165824,0,0,1
prime_linear,q100_n1048576,acc2,10,2,1460729.000,25165824,0,0,1
prime_linear,q100_n1048576,existing_delayed,10,2,1545396.000,25165824,0,0,1
prime_linear,q100_n1048576,acc4,10,2,1338771.000,25165824,0,0,1
prime_linear,q100_n1048576,crypto_bigint_reduce,10,2,1512812.500,25165824,0,0,1
prime_linear,q100_n1048576,acc8,10,2,1337562.500,25165824,0,0,1
prime_linear,q100_n1048576,acc4,11,2,1341000.000,25165824,0,0,1
prime_linear,q100_n1048576,acc8,11,2,1367812.500,25165824,0,0,1
prime_linear,q100_n1048576,acc2,11,2,1506312.500,25165824,0,0,1
prime_linear,q100_n1048576,crypto_bigint_reduce,11,2,1705958.500,25165824,0,0,1
prime_linear,q100_n1048576,existing_delayed,11,2,1735854.000,25165824,0,0,1
prime_linear,q100_n1048576,acc8,12,2,1412917.000,25165824,0,0,1
prime_linear,q100_n1048576,acc4,12,2,1381271.000,25165824,0,0,1
prime_linear,q100_n1048576,existing_delayed,12,2,1554104.000,25165824,0,0,1
prime_linear,q100_n1048576,acc2,12,2,1422375.000,25165824,0,0,1
prime_linear,q100_n1048576,crypto_bigint_reduce,12,2,1535270.500,25165824,0,0,1
prime_linear,q100_n1048576,acc4,13,2,1347854.500,25165824,0,0,1
prime_linear,q100_n1048576,acc8,13,2,1348270.500,25165824,0,0,1
prime_linear,q100_n1048576,acc2,13,2,1428833.500,25165824,0,0,1
prime_linear,q100_n1048576,crypto_bigint_reduce,13,2,1520417.000,25165824,0,0,1
prime_linear,q100_n1048576,existing_delayed,13,2,1526875.000,25165824,0,0,1
prime_linear,q100_n1048576,crypto_bigint_reduce,14,2,1530979.000,25165824,0,0,1
prime_linear,q100_n1048576,acc2,14,2,1431458.500,25165824,0,0,1
prime_linear,q100_n1048576,acc8,14,2,1339292.000,25165824,0,0,1
prime_linear,q100_n1048576,acc4,14,2,1357458.000,25165824,0,0,1
prime_linear,q100_n1048576,existing_delayed,14,2,1536625.000,25165824,0,0,1
prime_linear,q100_n1048576,acc8,15,2,1336979.500,25165824,0,0,1
prime_linear,q100_n1048576,existing_delayed,15,2,1527166.500,25165824,0,0,1
prime_linear,q100_n1048576,acc2,15,2,1432896.000,25165824,0,0,1
prime_linear,q100_n1048576,acc4,15,2,1414833.500,25165824,0,0,1
prime_linear,q100_n1048576,crypto_bigint_reduce,15,2,1595708.500,25165824,0,0,1
prime_linear,q100_n1048576,existing_delayed,16,2,1519312.500,25165824,0,0,1
prime_linear,q100_n1048576,acc2,16,2,1478354.500,25165824,0,0,1
prime_linear,q100_n1048576,acc4,16,2,1426125.000,25165824,0,0,1
prime_linear,q100_n1048576,crypto_bigint_reduce,16,2,1514562.500,25165824,0,0,1
prime_linear,q100_n1048576,acc8,16,2,1350146.000,25165824,0,0,1
prime_linear,q100_n1048576,existing_delayed,17,2,1526666.500,25165824,0,0,1
prime_linear,q100_n1048576,acc4,17,2,1341187.500,25165824,0,0,1
prime_linear,q100_n1048576,acc2,17,2,1422708.500,25165824,0,0,1
prime_linear,q100_n1048576,acc8,17,2,1341416.500,25165824,0,0,1
prime_linear,q100_n1048576,crypto_bigint_reduce,17,2,1522708.000,25165824,0,0,1
prime_linear,q100_n1048576,acc4,18,2,1343687.500,25165824,0,0,1
prime_linear,q100_n1048576,crypto_bigint_reduce,18,2,1520937.500,25165824,0,0,1
prime_linear,q100_n1048576,acc8,18,2,1343417.000,25165824,0,0,1
prime_linear,q100_n1048576,existing_delayed,18,2,1520521.000,25165824,0,0,1
prime_linear,q100_n1048576,acc2,18,2,1420125.000,25165824,0,0,1
prime_linear,q100_n1048576,acc8,19,2,1337604.500,25165824,0,0,1
prime_linear,q100_n1048576,acc4,19,2,1347333.000,25165824,0,0,1
prime_linear,q100_n1048576,acc2,19,2,1419458.000,25165824,0,0,1
prime_linear,q100_n1048576,existing_delayed,19,2,1519229.000,25165824,0,0,1
prime_linear,q100_n1048576,crypto_bigint_reduce,19,2,1523958.500,25165824,0,0,1
prime_linear,q100_n1048576,existing_delayed,20,2,1519896.000,25165824,0,0,1
prime_linear,q100_n1048576,acc8,20,2,1337958.000,25165824,0,0,1
prime_linear,q100_n1048576,acc2,20,2,1424520.500,25165824,0,0,1
prime_linear,q100_n1048576,crypto_bigint_reduce,20,2,1517521.000,25165824,0,0,1
prime_linear,q100_n1048576,acc4,20,2,1340562.500,25165824,0,0,1
prime_linear,q100_n1048576,acc4,21,2,1344250.000,25165824,0,0,1
prime_linear,q100_n1048576,acc2,21,2,1419646.000,25165824,0,0,1
prime_linear,q100_n1048576,crypto_bigint_reduce,21,2,1512729.000,25165824,0,0,1
prime_linear,q100_n1048576,existing_delayed,21,2,1517333.000,25165824,0,0,1
prime_linear,q100_n1048576,acc8,21,2,1331020.500,25165824,0,0,1
prime_linear,q100_n1048576,acc2,22,2,1426354.000,25165824,0,0,1
prime_linear,q100_n1048576,acc8,22,2,1335354.500,25165824,0,0,1
prime_linear,q100_n1048576,acc4,22,2,1341166.500,25165824,0,0,1
prime_linear,q100_n1048576,crypto_bigint_reduce,22,2,1531375.000,25165824,0,0,1
prime_linear,q100_n1048576,existing_delayed,22,2,1516104.000,25165824,0,0,1
prime_linear,q100_n1048576,acc8,23,2,1338541.500,25165824,0,0,1
prime_linear,q100_n1048576,existing_delayed,23,2,1528395.500,25165824,0,0,1
prime_linear,q100_n1048576,acc4,23,2,1340208.500,25165824,0,0,1
prime_linear,q100_n1048576,crypto_bigint_reduce,23,2,1523250.000,25165824,0,0,1
prime_linear,q100_n1048576,acc2,23,2,1422375.000,25165824,0,0,1
prime_linear,q100_n1048576,acc8,24,2,1339270.500,25165824,0,0,1
prime_linear,q100_n1048576,acc2,24,2,1417896.000,25165824,0,0,1
prime_linear,q100_n1048576,crypto_bigint_reduce,24,2,1526042.000,25165824,0,0,1
prime_linear,q100_n1048576,acc4,24,2,1342875.000,25165824,0,0,1
prime_linear,q100_n1048576,existing_delayed,24,2,1521937.500,25165824,0,0,1
prime_linear,q100_n1048576,acc8,25,2,1341604.000,25165824,0,0,1
prime_linear,q100_n1048576,existing_delayed,25,2,1515666.500,25165824,0,0,1
prime_linear,q100_n1048576,acc2,25,2,1422500.000,25165824,0,0,1
prime_linear,q100_n1048576,acc4,25,2,1341229.500,25165824,0,0,1
prime_linear,q100_n1048576,crypto_bigint_reduce,25,2,1517812.500,25165824,0,0,1
prime_linear,q100_n1048576,existing_delayed,26,2,1519167.000,25165824,0,0,1
prime_linear,q100_n1048576,crypto_bigint_reduce,26,2,1515916.500,25165824,0,0,1
prime_linear,q100_n1048576,acc2,26,2,1421812.500,25165824,0,0,1
prime_linear,q100_n1048576,acc8,26,2,1338791.500,25165824,0,0,1
prime_linear,q100_n1048576,acc4,26,2,1341271.000,25165824,0,0,1
prime_linear,q100_n1048576,acc2,27,2,1425458.500,25165824,0,0,1
prime_linear,q100_n1048576,acc8,27,2,1333604.000,25165824,0,0,1
prime_linear,q100_n1048576,acc4,27,2,1341958.500,25165824,0,0,1
prime_linear,q100_n1048576,crypto_bigint_reduce,27,2,1519333.000,25165824,0,0,1
prime_linear,q100_n1048576,existing_delayed,27,2,1515979.000,25165824,0,0,1
prime_linear,q100_n1048576,acc4,28,2,1340958.500,25165824,0,0,1
prime_linear,q100_n1048576,acc2,28,2,1420771.000,25165824,0,0,1
prime_linear,q100_n1048576,crypto_bigint_reduce,28,2,1523604.000,25165824,0,0,1
prime_linear,q100_n1048576,existing_delayed,28,2,1521020.500,25165824,0,0,1
prime_linear,q100_n1048576,acc8,28,2,1340146.000,25165824,0,0,1
prime_linear,q100_n1048576,crypto_bigint_reduce,29,2,1520708.500,25165824,0,0,1
prime_linear,q100_n1048576,existing_delayed,29,2,1523833.500,25165824,0,0,1
prime_linear,q100_n1048576,acc8,29,2,1333771.000,25165824,0,0,1
prime_linear,q100_n1048576,acc2,29,2,1425937.500,25165824,0,0,1
prime_linear,q100_n1048576,acc4,29,2,1339958.500,25165824,0,0,1
prime_linear,q100_n1048576,existing_delayed,30,2,1514500.000,25165824,0,0,1
prime_linear,q100_n1048576,acc2,30,2,1426646.000,25165824,0,0,1
prime_linear,q100_n1048576,acc8,30,2,1338271.000,25165824,0,0,1
prime_linear,q100_n1048576,acc4,30,2,1341000.000,25165824,0,0,1
prime_linear,q100_n1048576,crypto_bigint_reduce,30,2,1515541.500,25165824,0,0,1
prime_linear,q100_n1048576,acc4,31,2,1347312.500,25165824,0,0,1
prime_linear,q100_n1048576,crypto_bigint_reduce,31,2,1520020.500,25165824,0,0,1
prime_linear,q100_n1048576,existing_delayed,31,2,1515062.500,25165824,0,0,1
prime_linear,q100_n1048576,acc2,31,2,1421520.500,25165824,0,0,1
prime_linear,q100_n1048576,acc8,31,2,1336937.500,25165824,0,0,1
prime_reduce_product,128,existing_optimized,0,262144,15.976,40,0,0,1
prime_reduce_product,128,crypto_bigint,0,262144,139.060,40,0,0,1
prime_reduce_product,128,existing_optimized,1,262144,15.867,40,0,0,1
prime_reduce_product,128,crypto_bigint,1,262144,138.694,40,0,0,1
prime_reduce_product,128,existing_optimized,2,262144,15.914,40,0,0,1
prime_reduce_product,128,crypto_bigint,2,262144,138.653,40,0,0,1
prime_reduce_product,128,existing_optimized,3,262144,15.906,40,0,0,1
prime_reduce_product,128,crypto_bigint,3,262144,138.614,40,0,0,1
prime_reduce_product,128,crypto_bigint,4,262144,138.944,40,0,0,1
prime_reduce_product,128,existing_optimized,4,262144,15.889,40,0,0,1
prime_reduce_product,128,existing_optimized,5,262144,15.946,40,0,0,1
prime_reduce_product,128,crypto_bigint,5,262144,138.837,40,0,0,1
prime_reduce_product,128,existing_optimized,6,262144,15.951,40,0,0,1
prime_reduce_product,128,crypto_bigint,6,262144,138.796,40,0,0,1
prime_reduce_product,128,crypto_bigint,7,262144,138.920,40,0,0,1
prime_reduce_product,128,existing_optimized,7,262144,15.917,40,0,0,1
prime_reduce_product,128,crypto_bigint,8,262144,138.805,40,0,0,1
prime_reduce_product,128,existing_optimized,8,262144,15.875,40,0,0,1
prime_reduce_product,128,crypto_bigint,9,262144,143.128,40,0,0,1
prime_reduce_product,128,existing_optimized,9,262144,15.906,40,0,0,1
prime_reduce_product,128,crypto_bigint,10,262144,139.002,40,0,0,1
prime_reduce_product,128,existing_optimized,10,262144,15.951,40,0,0,1
prime_reduce_product,128,existing_optimized,11,262144,16.016,40,0,0,1
prime_reduce_product,128,crypto_bigint,11,262144,138.949,40,0,0,1
prime_reduce_product,128,crypto_bigint,12,262144,139.454,40,0,0,1
prime_reduce_product,128,existing_optimized,12,262144,15.884,40,0,0,1
prime_reduce_product,128,existing_optimized,13,262144,15.858,40,0,0,1
prime_reduce_product,128,crypto_bigint,13,262144,140.134,40,0,0,1
prime_reduce_product,128,existing_optimized,14,262144,15.964,40,0,0,1
prime_reduce_product,128,crypto_bigint,14,262144,139.308,40,0,0,1
prime_reduce_product,128,existing_optimized,15,262144,15.908,40,0,0,1
prime_reduce_product,128,crypto_bigint,15,262144,139.129,40,0,0,1
prime_reduce_product,128,existing_optimized,16,262144,15.930,40,0,0,1
prime_reduce_product,128,crypto_bigint,16,262144,138.976,40,0,0,1
prime_reduce_product,128,existing_optimized,17,262144,15.979,40,0,0,1
prime_reduce_product,128,crypto_bigint,17,262144,139.070,40,0,0,1
prime_reduce_product,128,existing_optimized,18,262144,15.935,40,0,0,1
prime_reduce_product,128,crypto_bigint,18,262144,138.804,40,0,0,1
prime_reduce_product,128,existing_optimized,19,262144,15.935,40,0,0,1
prime_reduce_product,128,crypto_bigint,19,262144,138.885,40,0,0,1
prime_reduce_product,128,existing_optimized,20,262144,15.918,40,0,0,1
prime_reduce_product,128,crypto_bigint,20,262144,138.777,40,0,0,1
prime_reduce_product,128,existing_optimized,21,262144,15.972,40,0,0,1
prime_reduce_product,128,crypto_bigint,21,262144,138.806,40,0,0,1
prime_reduce_product,128,existing_optimized,22,262144,15.887,40,0,0,1
prime_reduce_product,128,crypto_bigint,22,262144,138.756,40,0,0,1
prime_reduce_product,128,existing_optimized,23,262144,15.875,40,0,0,1
prime_reduce_product,128,crypto_bigint,23,262144,138.737,40,0,0,1
prime_reduce_product,128,crypto_bigint,24,262144,138.741,40,0,0,1
prime_reduce_product,128,existing_optimized,24,262144,15.898,40,0,0,1
prime_reduce_product,128,crypto_bigint,25,262144,138.740,40,0,0,1
prime_reduce_product,128,existing_optimized,25,262144,15.886,40,0,0,1
prime_reduce_product,128,crypto_bigint,26,262144,138.587,40,0,0,1
prime_reduce_product,128,existing_optimized,26,262144,15.894,40,0,0,1
prime_reduce_product,128,crypto_bigint,27,262144,138.842,40,0,0,1
prime_reduce_product,128,existing_optimized,27,262144,15.933,40,0,0,1
prime_reduce_product,128,existing_optimized,28,262144,15.875,40,0,0,1
prime_reduce_product,128,crypto_bigint,28,262144,140.769,40,0,0,1
prime_reduce_product,128,existing_optimized,29,262144,15.922,40,0,0,1
prime_reduce_product,128,crypto_bigint,29,262144,139.134,40,0,0,1
prime_reduce_product,128,crypto_bigint,30,262144,138.988,40,0,0,1
prime_reduce_product,128,existing_optimized,30,262144,15.866,40,0,0,1
prime_reduce_product,128,existing_optimized,31,262144,15.859,40,0,0,1
prime_reduce_product,128,crypto_bigint,31,262144,138.925,40,0,0,1
prime_reduce_linear,128,crypto_bigint,0,262144,98.496,40,0,0,1
prime_reduce_linear,128,existing_optimized,0,262144,13.252,40,0,0,1
prime_reduce_linear,128,crypto_bigint,1,262144,98.506,40,0,0,1
prime_reduce_linear,128,existing_optimized,1,262144,13.295,40,0,0,1
prime_reduce_linear,128,crypto_bigint,2,262144,98.369,40,0,0,1
prime_reduce_linear,128,existing_optimized,2,262144,13.252,40,0,0,1
prime_reduce_linear,128,existing_optimized,3,262144,13.294,40,0,0,1
prime_reduce_linear,128,crypto_bigint,3,262144,98.535,40,0,0,1
prime_reduce_linear,128,crypto_bigint,4,262144,98.483,40,0,0,1
prime_reduce_linear,128,existing_optimized,4,262144,13.274,40,0,0,1
prime_reduce_linear,128,existing_optimized,5,262144,13.254,40,0,0,1
prime_reduce_linear,128,crypto_bigint,5,262144,98.417,40,0,0,1
prime_reduce_linear,128,crypto_bigint,6,262144,98.397,40,0,0,1
prime_reduce_linear,128,existing_optimized,6,262144,13.235,40,0,0,1
prime_reduce_linear,128,crypto_bigint,7,262144,98.429,40,0,0,1
prime_reduce_linear,128,existing_optimized,7,262144,13.285,40,0,0,1
prime_reduce_linear,128,crypto_bigint,8,262144,98.454,40,0,0,1
prime_reduce_linear,128,existing_optimized,8,262144,13.253,40,0,0,1
prime_reduce_linear,128,existing_optimized,9,262144,13.274,40,0,0,1
prime_reduce_linear,128,crypto_bigint,9,262144,98.433,40,0,0,1
prime_reduce_linear,128,crypto_bigint,10,262144,98.639,40,0,0,1
prime_reduce_linear,128,existing_optimized,10,262144,13.343,40,0,0,1
prime_reduce_linear,128,existing_optimized,11,262144,13.248,40,0,0,1
prime_reduce_linear,128,crypto_bigint,11,262144,98.514,40,0,0,1
prime_reduce_linear,128,existing_optimized,12,262144,13.230,40,0,0,1
prime_reduce_linear,128,crypto_bigint,12,262144,98.524,40,0,0,1
prime_reduce_linear,128,crypto_bigint,13,262144,98.446,40,0,0,1
prime_reduce_linear,128,existing_optimized,13,262144,13.230,40,0,0,1
prime_reduce_linear,128,crypto_bigint,14,262144,98.527,40,0,0,1
prime_reduce_linear,128,existing_optimized,14,262144,13.238,40,0,0,1
prime_reduce_linear,128,crypto_bigint,15,262144,98.505,40,0,0,1
prime_reduce_linear,128,existing_optimized,15,262144,13.260,40,0,0,1
prime_reduce_linear,128,crypto_bigint,16,262144,98.524,40,0,0,1
prime_reduce_linear,128,existing_optimized,16,262144,13.309,40,0,0,1
prime_reduce_linear,128,crypto_bigint,17,262144,98.533,40,0,0,1
prime_reduce_linear,128,existing_optimized,17,262144,13.297,40,0,0,1
prime_reduce_linear,128,existing_optimized,18,262144,13.280,40,0,0,1
prime_reduce_linear,128,crypto_bigint,18,262144,98.495,40,0,0,1
prime_reduce_linear,128,crypto_bigint,19,262144,98.552,40,0,0,1
prime_reduce_linear,128,existing_optimized,19,262144,13.274,40,0,0,1
prime_reduce_linear,128,existing_optimized,20,262144,13.248,40,0,0,1
prime_reduce_linear,128,crypto_bigint,20,262144,98.382,40,0,0,1
prime_reduce_linear,128,existing_optimized,21,262144,13.304,40,0,0,1
prime_reduce_linear,128,crypto_bigint,21,262144,98.539,40,0,0,1
prime_reduce_linear,128,existing_optimized,22,262144,13.240,40,0,0,1
prime_reduce_linear,128,crypto_bigint,22,262144,98.477,40,0,0,1
prime_reduce_linear,128,existing_optimized,23,262144,13.275,40,0,0,1
prime_reduce_linear,128,crypto_bigint,23,262144,98.421,40,0,0,1
prime_reduce_linear,128,crypto_bigint,24,262144,98.398,40,0,0,1
prime_reduce_linear,128,existing_optimized,24,262144,13.257,40,0,0,1
prime_reduce_linear,128,crypto_bigint,25,262144,98.414,40,0,0,1
prime_reduce_linear,128,existing_optimized,25,262144,13.258,40,0,0,1
prime_reduce_linear,128,existing_optimized,26,262144,13.263,40,0,0,1
prime_reduce_linear,128,crypto_bigint,26,262144,98.429,40,0,0,1
prime_reduce_linear,128,crypto_bigint,27,262144,98.330,40,0,0,1
prime_reduce_linear,128,existing_optimized,27,262144,13.223,40,0,0,1
prime_reduce_linear,128,crypto_bigint,28,262144,98.558,40,0,0,1
prime_reduce_linear,128,existing_optimized,28,262144,13.306,40,0,0,1
prime_reduce_linear,128,crypto_bigint,29,262144,98.532,40,0,0,1
prime_reduce_linear,128,existing_optimized,29,262144,13.230,40,0,0,1
prime_reduce_linear,128,existing_optimized,30,262144,13.232,40,0,0,1
prime_reduce_linear,128,crypto_bigint,30,262144,100.169,40,0,0,1
prime_reduce_linear,128,crypto_bigint,31,262144,98.704,40,0,0,1
prime_reduce_linear,128,existing_optimized,31,262144,13.255,40,0,0,1
prime_setup,128,existing_contexts,0,16384,209.503,64,0,0,1
prime_setup,128,existing_contexts,1,16384,209.300,64,0,0,1
prime_setup,128,existing_contexts,2,16384,209.401,64,0,0,1
prime_setup,128,existing_contexts,3,16384,209.905,64,0,0,1
prime_setup,128,existing_contexts,4,16384,209.841,64,0,0,1
prime_setup,128,existing_contexts,5,16384,209.696,64,0,0,1
prime_setup,128,existing_contexts,6,16384,210.152,64,0,0,1
prime_setup,128,existing_contexts,7,16384,209.300,64,0,0,1
prime_setup,128,existing_contexts,8,16384,209.117,64,0,0,1
prime_setup,128,existing_contexts,9,16384,210.500,64,0,0,1
prime_setup,128,existing_contexts,10,16384,209.735,64,0,0,1
prime_setup,128,existing_contexts,11,16384,210.126,64,0,0,1
prime_setup,128,existing_contexts,12,16384,209.936,64,0,0,1
prime_setup,128,existing_contexts,13,16384,208.936,64,0,0,1
prime_setup,128,existing_contexts,14,16384,209.366,64,0,0,1
prime_setup,128,existing_contexts,15,16384,209.803,64,0,0,1
prime_setup,128,existing_contexts,16,16384,210.157,64,0,0,1
prime_setup,128,existing_contexts,17,16384,208.621,64,0,0,1
prime_setup,128,existing_contexts,18,16384,208.422,64,0,0,1
prime_setup,128,existing_contexts,19,16384,209.478,64,0,0,1
prime_setup,128,existing_contexts,20,16384,210.424,64,0,0,1
prime_setup,128,existing_contexts,21,16384,208.847,64,0,0,1
prime_setup,128,existing_contexts,22,16384,209.785,64,0,0,1
prime_setup,128,existing_contexts,23,16384,209.412,64,0,0,1
prime_setup,128,existing_contexts,24,16384,209.066,64,0,0,1
prime_setup,128,existing_contexts,25,16384,209.569,64,0,0,1
prime_setup,128,existing_contexts,26,16384,208.766,64,0,0,1
prime_setup,128,existing_contexts,27,16384,209.526,64,0,0,1
prime_setup,128,existing_contexts,28,16384,209.923,64,0,0,1
prime_setup,128,existing_contexts,29,16384,209.518,64,0,0,1
prime_setup,128,existing_contexts,30,16384,209.239,64,0,0,1
prime_setup,128,existing_contexts,31,16384,208.104,64,0,0,1
prime_mul,q128_n16,configured_field,0,65536,123.713,3840,0,0,1
prime_mul,q128_n16,raw_ctx,0,65536,77.490,768,0,0,1
prime_mul,q128_n16,checked_per_term,0,65536,86.515,768,0,0,1
prime_mul,q128_n16,branded,0,65536,79.447,768,0,0,1
prime_mul,q128_n16,raw_ctx,1,65536,77.741,768,0,0,1
prime_mul,q128_n16,configured_field,1,65536,122.975,3840,0,0,1
prime_mul,q128_n16,checked_per_term,1,65536,86.370,768,0,0,1
prime_mul,q128_n16,branded,1,65536,79.262,768,0,0,1
prime_mul,q128_n16,raw_ctx,2,65536,77.614,768,0,0,1
prime_mul,q128_n16,checked_per_term,2,65536,86.452,768,0,0,1
prime_mul,q128_n16,configured_field,2,65536,123.099,3840,0,0,1
prime_mul,q128_n16,branded,2,65536,79.565,768,0,0,1
prime_mul,q128_n16,raw_ctx,3,65536,77.499,768,0,0,1
prime_mul,q128_n16,checked_per_term,3,65536,86.772,768,0,0,1
prime_mul,q128_n16,branded,3,65536,80.130,768,0,0,1
prime_mul,q128_n16,configured_field,3,65536,126.159,3840,0,0,1
prime_mul,q128_n16,configured_field,4,65536,123.810,3840,0,0,1
prime_mul,q128_n16,branded,4,65536,79.508,768,0,0,1
prime_mul,q128_n16,checked_per_term,4,65536,86.779,768,0,0,1
prime_mul,q128_n16,raw_ctx,4,65536,77.946,768,0,0,1
prime_mul,q128_n16,checked_per_term,5,65536,86.594,768,0,0,1
prime_mul,q128_n16,raw_ctx,5,65536,78.099,768,0,0,1
prime_mul,q128_n16,branded,5,65536,84.330,768,0,0,1
prime_mul,q128_n16,configured_field,5,65536,127.458,3840,0,0,1
prime_mul,q128_n16,configured_field,6,65536,124.129,3840,0,0,1
prime_mul,q128_n16,branded,6,65536,79.835,768,0,0,1
prime_mul,q128_n16,raw_ctx,6,65536,78.570,768,0,0,1
prime_mul,q128_n16,checked_per_term,6,65536,86.784,768,0,0,1
prime_mul,q128_n16,configured_field,7,65536,123.505,3840,0,0,1
prime_mul,q128_n16,checked_per_term,7,65536,87.210,768,0,0,1
prime_mul,q128_n16,branded,7,65536,79.642,768,0,0,1
prime_mul,q128_n16,raw_ctx,7,65536,77.845,768,0,0,1
prime_mul,q128_n16,raw_ctx,8,65536,77.837,768,0,0,1
prime_mul,q128_n16,configured_field,8,65536,123.238,3840,0,0,1
prime_mul,q128_n16,branded,8,65536,79.343,768,0,0,1
prime_mul,q128_n16,checked_per_term,8,65536,86.433,768,0,0,1
prime_mul,q128_n16,branded,9,65536,79.862,768,0,0,1
prime_mul,q128_n16,configured_field,9,65536,123.534,3840,0,0,1
prime_mul,q128_n16,checked_per_term,9,65536,86.560,768,0,0,1
prime_mul,q128_n16,raw_ctx,9,65536,77.971,768,0,0,1
prime_mul,q128_n16,branded,10,65536,79.509,768,0,0,1
prime_mul,q128_n16,configured_field,10,65536,123.449,3840,0,0,1
prime_mul,q128_n16,raw_ctx,10,65536,78.116,768,0,0,1
prime_mul,q128_n16,checked_per_term,10,65536,86.514,768,0,0,1
prime_mul,q128_n16,configured_field,11,65536,124.632,3840,0,0,1
prime_mul,q128_n16,branded,11,65536,79.413,768,0,0,1
prime_mul,q128_n16,checked_per_term,11,65536,86.719,768,0,0,1
prime_mul,q128_n16,raw_ctx,11,65536,77.734,768,0,0,1
prime_mul,q128_n16,checked_per_term,12,65536,86.461,768,0,0,1
prime_mul,q128_n16,raw_ctx,12,65536,77.556,768,0,0,1
prime_mul,q128_n16,branded,12,65536,79.645,768,0,0,1
prime_mul,q128_n16,configured_field,12,65536,122.893,3840,0,0,1
prime_mul,q128_n16,raw_ctx,13,65536,77.638,768,0,0,1
prime_mul,q128_n16,branded,13,65536,79.530,768,0,0,1
prime_mul,q128_n16,configured_field,13,65536,122.866,3840,0,0,1
prime_mul,q128_n16,checked_per_term,13,65536,86.622,768,0,0,1
prime_mul,q128_n16,raw_ctx,14,65536,77.738,768,0,0,1
prime_mul,q128_n16,configured_field,14,65536,123.416,3840,0,0,1
prime_mul,q128_n16,branded,14,65536,79.423,768,0,0,1
prime_mul,q128_n16,checked_per_term,14,65536,86.476,768,0,0,1
prime_mul,q128_n16,checked_per_term,15,65536,86.513,768,0,0,1
prime_mul,q128_n16,raw_ctx,15,65536,77.574,768,0,0,1
prime_mul,q128_n16,configured_field,15,65536,123.157,3840,0,0,1
prime_mul,q128_n16,branded,15,65536,79.007,768,0,0,1
prime_mul,q128_n16,raw_ctx,16,65536,77.471,768,0,0,1
prime_mul,q128_n16,checked_per_term,16,65536,86.522,768,0,0,1
prime_mul,q128_n16,configured_field,16,65536,123.196,3840,0,0,1
prime_mul,q128_n16,branded,16,65536,79.453,768,0,0,1
prime_mul,q128_n16,raw_ctx,17,65536,77.482,768,0,0,1
prime_mul,q128_n16,checked_per_term,17,65536,86.514,768,0,0,1
prime_mul,q128_n16,branded,17,65536,79.240,768,0,0,1
prime_mul,q128_n16,configured_field,17,65536,123.044,3840,0,0,1
prime_mul,q128_n16,raw_ctx,18,65536,77.592,768,0,0,1
prime_mul,q128_n16,branded,18,65536,79.315,768,0,0,1
prime_mul,q128_n16,configured_field,18,65536,123.131,3840,0,0,1
prime_mul,q128_n16,checked_per_term,18,65536,86.399,768,0,0,1
prime_mul,q128_n16,configured_field,19,65536,122.719,3840,0,0,1
prime_mul,q128_n16,raw_ctx,19,65536,77.882,768,0,0,1
prime_mul,q128_n16,checked_per_term,19,65536,86.592,768,0,0,1
prime_mul,q128_n16,branded,19,65536,79.410,768,0,0,1
prime_mul,q128_n16,configured_field,20,65536,123.315,3840,0,0,1
prime_mul,q128_n16,checked_per_term,20,65536,86.714,768,0,0,1
prime_mul,q128_n16,branded,20,65536,79.524,768,0,0,1
prime_mul,q128_n16,raw_ctx,20,65536,77.513,768,0,0,1
prime_mul,q128_n16,branded,21,65536,79.339,768,0,0,1
prime_mul,q128_n16,checked_per_term,21,65536,86.826,768,0,0,1
prime_mul,q128_n16,raw_ctx,21,65536,78.037,768,0,0,1
prime_mul,q128_n16,configured_field,21,65536,123.523,3840,0,0,1
prime_mul,q128_n16,branded,22,65536,79.458,768,0,0,1
prime_mul,q128_n16,raw_ctx,22,65536,77.525,768,0,0,1
prime_mul,q128_n16,checked_per_term,22,65536,86.776,768,0,0,1
prime_mul,q128_n16,configured_field,22,65536,123.053,3840,0,0,1
prime_mul,q128_n16,branded,23,65536,79.082,768,0,0,1
prime_mul,q128_n16,checked_per_term,23,65536,86.768,768,0,0,1
prime_mul,q128_n16,configured_field,23,65536,123.205,3840,0,0,1
prime_mul,q128_n16,raw_ctx,23,65536,77.855,768,0,0,1
prime_mul,q128_n16,branded,24,65536,79.590,768,0,0,1
prime_mul,q128_n16,checked_per_term,24,65536,86.529,768,0,0,1
prime_mul,q128_n16,raw_ctx,24,65536,77.044,768,0,0,1
prime_mul,q128_n16,configured_field,24,65536,123.386,3840,0,0,1
prime_mul,q128_n16,raw_ctx,25,65536,77.578,768,0,0,1
prime_mul,q128_n16,checked_per_term,25,65536,86.679,768,0,0,1
prime_mul,q128_n16,branded,25,65536,79.192,768,0,0,1
prime_mul,q128_n16,configured_field,25,65536,123.340,3840,0,0,1
prime_mul,q128_n16,checked_per_term,26,65536,86.526,768,0,0,1
prime_mul,q128_n16,raw_ctx,26,65536,77.689,768,0,0,1
prime_mul,q128_n16,branded,26,65536,79.147,768,0,0,1
prime_mul,q128_n16,configured_field,26,65536,122.883,3840,0,0,1
prime_mul,q128_n16,branded,27,65536,79.247,768,0,0,1
prime_mul,q128_n16,checked_per_term,27,65536,86.535,768,0,0,1
prime_mul,q128_n16,raw_ctx,27,65536,77.635,768,0,0,1
prime_mul,q128_n16,configured_field,27,65536,123.282,3840,0,0,1
prime_mul,q128_n16,branded,28,65536,79.154,768,0,0,1
prime_mul,q128_n16,raw_ctx,28,65536,77.758,768,0,0,1
prime_mul,q128_n16,configured_field,28,65536,122.938,3840,0,0,1
prime_mul,q128_n16,checked_per_term,28,65536,86.482,768,0,0,1
prime_mul,q128_n16,configured_field,29,65536,123.063,3840,0,0,1
prime_mul,q128_n16,checked_per_term,29,65536,86.308,768,0,0,1
prime_mul,q128_n16,raw_ctx,29,65536,77.288,768,0,0,1
prime_mul,q128_n16,branded,29,65536,78.918,768,0,0,1
prime_mul,q128_n16,branded,30,65536,79.105,768,0,0,1
prime_mul,q128_n16,raw_ctx,30,65536,77.658,768,0,0,1
prime_mul,q128_n16,configured_field,30,65536,122.961,3840,0,0,1
prime_mul,q128_n16,checked_per_term,30,65536,86.433,768,0,0,1
prime_mul,q128_n16,configured_field,31,65536,122.665,3840,0,0,1
prime_mul,q128_n16,checked_per_term,31,65536,86.469,768,0,0,1
prime_mul,q128_n16,branded,31,65536,79.105,768,0,0,1
prime_mul,q128_n16,raw_ctx,31,65536,77.649,768,0,0,1
prime_dot,q128_n16,checked_per_term,0,65536,67.033,512,0,0,1
prime_dot,q128_n16,eager_raw,0,65536,101.318,512,0,0,1
prime_dot,q128_n16,crypto_bigint_reduce,0,65536,149.209,512,0,0,1
prime_dot,q128_n16,acc8,0,65536,63.475,512,0,0,1
prime_dot,q128_n16,acc2,0,65536,58.600,512,0,0,1
prime_dot,q128_n16,convert_then_delayed,0,65536,118.497,1024,2,512,1
prime_dot,q128_n16,existing_delayed,0,65536,57.727,512,0,0,1
prime_dot,q128_n16,acc4,0,65536,60.365,512,0,0,1
prime_dot,q128_n16,crypto_bigint_reduce,1,65536,148.968,512,0,0,1
prime_dot,q128_n16,acc8,1,65536,63.386,512,0,0,1
prime_dot,q128_n16,convert_then_delayed,1,65536,118.985,1024,2,512,1
prime_dot,q128_n16,acc2,1,65536,58.733,512,0,0,1
prime_dot,q128_n16,checked_per_term,1,65536,66.876,512,0,0,1
prime_dot,q128_n16,acc4,1,65536,60.292,512,0,0,1
prime_dot,q128_n16,eager_raw,1,65536,101.102,512,0,0,1
prime_dot,q128_n16,existing_delayed,1,65536,57.822,512,0,0,1
prime_dot,q128_n16,acc2,2,65536,58.682,512,0,0,1
prime_dot,q128_n16,acc8,2,65536,63.484,512,0,0,1
prime_dot,q128_n16,acc4,2,65536,60.637,512,0,0,1
prime_dot,q128_n16,eager_raw,2,65536,101.469,512,0,0,1
prime_dot,q128_n16,convert_then_delayed,2,65536,119.204,1024,2,512,1
prime_dot,q128_n16,checked_per_term,2,65536,66.706,512,0,0,1
prime_dot,q128_n16,existing_delayed,2,65536,57.836,512,0,0,1
prime_dot,q128_n16,crypto_bigint_reduce,2,65536,149.204,512,0,0,1
prime_dot,q128_n16,existing_delayed,3,65536,57.786,512,0,0,1
prime_dot,q128_n16,acc2,3,65536,59.553,512,0,0,1
prime_dot,q128_n16,convert_then_delayed,3,65536,123.316,1024,2,512,1
prime_dot,q128_n16,checked_per_term,3,65536,71.170,512,0,0,1
prime_dot,q128_n16,acc4,3,65536,60.931,512,0,0,1
prime_dot,q128_n16,eager_raw,3,65536,102.930,512,0,0,1
prime_dot,q128_n16,acc8,3,65536,63.787,512,0,0,1
prime_dot,q128_n16,crypto_bigint_reduce,3,65536,150.220,512,0,0,1
prime_dot,q128_n16,acc8,4,65536,63.798,512,0,0,1
prime_dot,q128_n16,acc2,4,65536,58.657,512,0,0,1
prime_dot,q128_n16,eager_raw,4,65536,101.393,512,0,0,1
prime_dot,q128_n16,crypto_bigint_reduce,4,65536,149.697,512,0,0,1
prime_dot,q128_n16,acc4,4,65536,60.873,512,0,0,1
prime_dot,q128_n16,checked_per_term,4,65536,67.252,512,0,0,1
prime_dot,q128_n16,convert_then_delayed,4,65536,119.553,1024,2,512,1
prime_dot,q128_n16,existing_delayed,4,65536,58.180,512,0,0,1
prime_dot,q128_n16,acc4,5,65536,60.638,512,0,0,1
prime_dot,q128_n16,acc8,5,65536,63.676,512,0,0,1
prime_dot,q128_n16,crypto_bigint_reduce,5,65536,149.540,512,0,0,1
prime_dot,q128_n16,eager_raw,5,65536,101.342,512,0,0,1
prime_dot,q128_n16,acc2,5,65536,58.904,512,0,0,1
prime_dot,q128_n16,existing_delayed,5,65536,57.910,512,0,0,1
prime_dot,q128_n16,convert_then_delayed,5,65536,119.369,1024,2,512,1
prime_dot,q128_n16,checked_per_term,5,65536,66.792,512,0,0,1
prime_dot,q128_n16,checked_per_term,6,65536,66.748,512,0,0,1
prime_dot,q128_n16,convert_then_delayed,6,65536,118.578,1024,2,512,1
prime_dot,q128_n16,existing_delayed,6,65536,58.004,512,0,0,1
prime_dot,q128_n16,acc4,6,65536,60.738,512,0,0,1
prime_dot,q128_n16,acc8,6,65536,63.538,512,0,0,1
prime_dot,q128_n16,eager_raw,6,65536,101.119,512,0,0,1
prime_dot,q128_n16,acc2,6,65536,58.861,512,0,0,1
prime_dot,q128_n16,crypto_bigint_reduce,6,65536,149.394,512,0,0,1
prime_dot,q128_n16,crypto_bigint_reduce,7,65536,149.220,512,0,0,1
prime_dot,q128_n16,eager_raw,7,65536,101.181,512,0,0,1
prime_dot,q128_n16,acc2,7,65536,58.874,512,0,0,1
prime_dot,q128_n16,acc4,7,65536,60.605,512,0,0,1
prime_dot,q128_n16,existing_delayed,7,65536,58.003,512,0,0,1
prime_dot,q128_n16,checked_per_term,7,65536,67.070,512,0,0,1
prime_dot,q128_n16,acc8,7,65536,63.413,512,0,0,1
prime_dot,q128_n16,convert_then_delayed,7,65536,119.172,1024,2,512,1
prime_dot,q128_n16,acc8,8,65536,63.563,512,0,0,1
prime_dot,q128_n16,checked_per_term,8,65536,66.877,512,0,0,1
prime_dot,q128_n16,acc2,8,65536,58.706,512,0,0,1
prime_dot,q128_n16,existing_delayed,8,65536,57.966,512,0,0,1
prime_dot,q128_n16,eager_raw,8,65536,101.245,512,0,0,1
prime_dot,q128_n16,crypto_bigint_reduce,8,65536,149.793,512,0,0,1
prime_dot,q128_n16,convert_then_delayed,8,65536,119.834,1024,2,512,1
prime_dot,q128_n16,acc4,8,65536,60.892,512,0,0,1
prime_dot,q128_n16,acc8,9,65536,63.692,512,0,0,1
prime_dot,q128_n16,existing_delayed,9,65536,57.950,512,0,0,1
prime_dot,q128_n16,eager_raw,9,65536,101.399,512,0,0,1
prime_dot,q128_n16,checked_per_term,9,65536,66.789,512,0,0,1
prime_dot,q128_n16,acc2,9,65536,59.055,512,0,0,1
prime_dot,q128_n16,convert_then_delayed,9,65536,118.758,1024,2,512,1
prime_dot,q128_n16,crypto_bigint_reduce,9,65536,149.199,512,0,0,1
prime_dot,q128_n16,acc4,9,65536,60.912,512,0,0,1
prime_dot,q128_n16,acc2,10,65536,58.772,512,0,0,1
prime_dot,q128_n16,checked_per_term,10,65536,67.102,512,0,0,1
prime_dot,q128_n16,acc8,10,65536,63.520,512,0,0,1
prime_dot,q128_n16,existing_delayed,10,65536,58.048,512,0,0,1
prime_dot,q128_n16,acc4,10,65536,60.768,512,0,0,1
prime_dot,q128_n16,crypto_bigint_reduce,10,65536,149.258,512,0,0,1
prime_dot,q128_n16,eager_raw,10,65536,101.086,512,0,0,1
prime_dot,q128_n16,convert_then_delayed,10,65536,118.926,1024,2,512,1
prime_dot,q128_n16,eager_raw,11,65536,101.105,512,0,0,1
prime_dot,q128_n16,existing_delayed,11,65536,57.983,512,0,0,1
prime_dot,q128_n16,acc4,11,65536,60.412,512,0,0,1
prime_dot,q128_n16,convert_then_delayed,11,65536,118.685,1024,2,512,1
prime_dot,q128_n16,crypto_bigint_reduce,11,65536,149.589,512,0,0,1
prime_dot,q128_n16,acc2,11,65536,58.707,512,0,0,1
prime_dot,q128_n16,checked_per_term,11,65536,66.913,512,0,0,1
prime_dot,q128_n16,acc8,11,65536,63.559,512,0,0,1
prime_dot,q128_n16,checked_per_term,12,65536,66.951,512,0,0,1
prime_dot,q128_n16,convert_then_delayed,12,65536,119.295,1024,2,512,1
prime_dot,q128_n16,acc8,12,65536,63.392,512,0,0,1
prime_dot,q128_n16,existing_delayed,12,65536,57.736,512,0,0,1
prime_dot,q128_n16,eager_raw,12,65536,100.838,512,0,0,1
prime_dot,q128_n16,acc2,12,65536,58.732,512,0,0,1
prime_dot,q128_n16,crypto_bigint_reduce,12,65536,149.380,512,0,0,1
prime_dot,q128_n16,acc4,12,65536,60.507,512,0,0,1
prime_dot,q128_n16,acc8,13,65536,63.344,512,0,0,1
prime_dot,q128_n16,crypto_bigint_reduce,13,65536,150.846,512,0,0,1
prime_dot,q128_n16,convert_then_delayed,13,65536,119.363,1024,2,512,1
prime_dot,q128_n16,acc4,13,65536,60.593,512,0,0,1
prime_dot,q128_n16,existing_delayed,13,65536,57.983,512,0,0,1
prime_dot,q128_n16,checked_per_term,13,65536,67.036,512,0,0,1
prime_dot,q128_n16,eager_raw,13,65536,100.985,512,0,0,1
prime_dot,q128_n16,acc2,13,65536,58.742,512,0,0,1
prime_dot,q128_n16,checked_per_term,14,65536,66.909,512,0,0,1
prime_dot,q128_n16,existing_delayed,14,65536,58.033,512,0,0,1
prime_dot,q128_n16,acc8,14,65536,63.672,512,0,0,1
prime_dot,q128_n16,crypto_bigint_reduce,14,65536,149.452,512,0,0,1
prime_dot,q128_n16,acc4,14,65536,60.829,512,0,0,1
prime_dot,q128_n16,convert_then_delayed,14,65536,118.810,1024,2,512,1
prime_dot,q128_n16,eager_raw,14,65536,101.103,512,0,0,1
prime_dot,q128_n16,acc2,14,65536,58.977,512,0,0,1
prime_dot,q128_n16,eager_raw,15,65536,101.154,512,0,0,1
prime_dot,q128_n16,convert_then_delayed,15,65536,119.397,1024,2,512,1
prime_dot,q128_n16,acc8,15,65536,63.601,512,0,0,1
prime_dot,q128_n16,acc4,15,65536,60.631,512,0,0,1
prime_dot,q128_n16,checked_per_term,15,65536,67.031,512,0,0,1
prime_dot,q128_n16,acc2,15,65536,58.690,512,0,0,1
prime_dot,q128_n16,crypto_bigint_reduce,15,65536,149.317,512,0,0,1
prime_dot,q128_n16,existing_delayed,15,65536,57.973,512,0,0,1
prime_dot,q128_n16,checked_per_term,16,65536,66.914,512,0,0,1
prime_dot,q128_n16,acc8,16,65536,63.393,512,0,0,1
prime_dot,q128_n16,existing_delayed,16,65536,57.859,512,0,0,1
prime_dot,q128_n16,acc4,16,65536,60.460,512,0,0,1
prime_dot,q128_n16,convert_then_delayed,16,65536,118.890,1024,2,512,1
prime_dot,q128_n16,acc2,16,65536,58.947,512,0,0,1
prime_dot,q128_n16,eager_raw,16,65536,101.086,512,0,0,1
prime_dot,q128_n16,crypto_bigint_reduce,16,65536,149.188,512,0,0,1
prime_dot,q128_n16,convert_then_delayed,17,65536,119.034,1024,2,512,1
prime_dot,q128_n16,checked_per_term,17,65536,66.823,512,0,0,1
prime_dot,q128_n16,crypto_bigint_reduce,17,65536,149.495,512,0,0,1
prime_dot,q128_n16,eager_raw,17,65536,101.128,512,0,0,1
prime_dot,q128_n16,existing_delayed,17,65536,57.878,512,0,0,1
prime_dot,q128_n16,acc8,17,65536,63.531,512,0,0,1
prime_dot,q128_n16,acc2,17,65536,58.783,512,0,0,1
prime_dot,q128_n16,acc4,17,65536,60.445,512,0,0,1
prime_dot,q128_n16,acc4,18,65536,60.677,512,0,0,1
prime_dot,q128_n16,acc2,18,65536,58.692,512,0,0,1
prime_dot,q128_n16,crypto_bigint_reduce,18,65536,149.076,512,0,0,1
prime_dot,q128_n16,existing_delayed,18,65536,58.054,512,0,0,1
prime_dot,q128_n16,eager_raw,18,65536,101.011,512,0,0,1
prime_dot,q128_n16,checked_per_term,18,65536,66.862,512,0,0,1
prime_dot,q128_n16,convert_then_delayed,18,65536,118.619,1024,2,512,1
prime_dot,q128_n16,acc8,18,65536,63.491,512,0,0,1
prime_dot,q128_n16,crypto_bigint_reduce,19,65536,148.934,512,0,0,1
prime_dot,q128_n16,convert_then_delayed,19,65536,118.828,1024,2,512,1
prime_dot,q128_n16,acc2,19,65536,58.762,512,0,0,1
prime_dot,q128_n16,existing_delayed,19,65536,57.758,512,0,0,1
prime_dot,q128_n16,acc8,19,65536,63.365,512,0,0,1
prime_dot,q128_n16,checked_per_term,19,65536,66.805,512,0,0,1
prime_dot,q128_n16,acc4,19,65536,60.456,512,0,0,1
prime_dot,q128_n16,eager_raw,19,65536,100.859,512,0,0,1
prime_dot,q128_n16,checked_per_term,20,65536,66.830,512,0,0,1
prime_dot,q128_n16,acc2,20,65536,58.696,512,0,0,1
prime_dot,q128_n16,crypto_bigint_reduce,20,65536,149.229,512,0,0,1
prime_dot,q128_n16,eager_raw,20,65536,100.980,512,0,0,1
prime_dot,q128_n16,acc4,20,65536,60.654,512,0,0,1
prime_dot,q128_n16,existing_delayed,20,65536,57.981,512,0,0,1
prime_dot,q128_n16,convert_then_delayed,20,65536,119.047,1024,2,512,1
prime_dot,q128_n16,acc8,20,65536,63.418,512,0,0,1
prime_dot,q128_n16,acc4,21,65536,60.488,512,0,0,1
prime_dot,q128_n16,acc8,21,65536,63.469,512,0,0,1
prime_dot,q128_n16,checked_per_term,21,65536,66.898,512,0,0,1
prime_dot,q128_n16,acc2,21,65536,58.824,512,0,0,1
prime_dot,q128_n16,eager_raw,21,65536,101.123,512,0,0,1
prime_dot,q128_n16,convert_then_delayed,21,65536,118.942,1024,2,512,1
prime_dot,q128_n16,crypto_bigint_reduce,21,65536,149.081,512,0,0,1
prime_dot,q128_n16,existing_delayed,21,65536,57.742,512,0,0,1
prime_dot,q128_n16,acc4,22,65536,60.502,512,0,0,1
prime_dot,q128_n16,convert_then_delayed,22,65536,118.778,1024,2,512,1
prime_dot,q128_n16,crypto_bigint_reduce,22,65536,152.086,512,0,0,1
prime_dot,q128_n16,eager_raw,22,65536,102.186,512,0,0,1
prime_dot,q128_n16,checked_per_term,22,65536,66.865,512,0,0,1
prime_dot,q128_n16,existing_delayed,22,65536,57.726,512,0,0,1
prime_dot,q128_n16,acc2,22,65536,58.728,512,0,0,1
prime_dot,q128_n16,acc8,22,65536,63.215,512,0,0,1
prime_dot,q128_n16,checked_per_term,23,65536,67.198,512,0,0,1
prime_dot,q128_n16,acc4,23,65536,60.295,512,0,0,1
prime_dot,q128_n16,existing_delayed,23,65536,57.859,512,0,0,1
prime_dot,q128_n16,eager_raw,23,65536,101.342,512,0,0,1
prime_dot,q128_n16,convert_then_delayed,23,65536,119.115,1024,2,512,1
prime_dot,q128_n16,acc8,23,65536,63.931,512,0,0,1
prime_dot,q128_n16,acc2,23,65536,59.131,512,0,0,1
prime_dot,q128_n16,crypto_bigint_reduce,23,65536,150.011,512,0,0,1
prime_dot,q128_n16,existing_delayed,24,65536,58.001,512,0,0,1
prime_dot,q128_n16,crypto_bigint_reduce,24,65536,149.579,512,0,0,1
prime_dot,q128_n16,checked_per_term,24,65536,67.333,512,0,0,1
prime_dot,q128_n16,eager_raw,24,65536,101.217,512,0,0,1
prime_dot,q128_n16,acc8,24,65536,63.887,512,0,0,1
prime_dot,q128_n16,acc4,24,65536,60.510,512,0,0,1
prime_dot,q128_n16,acc2,24,65536,58.742,512,0,0,1
prime_dot,q128_n16,convert_then_delayed,24,65536,119.037,1024,2,512,1
prime_dot,q128_n16,convert_then_delayed,25,65536,118.820,1024,2,512,1
prime_dot,q128_n16,acc4,25,65536,60.402,512,0,0,1
prime_dot,q128_n16,checked_per_term,25,65536,67.217,512,0,0,1
prime_dot,q128_n16,existing_delayed,25,65536,57.788,512,0,0,1
prime_dot,q128_n16,acc2,25,65536,58.872,512,0,0,1
prime_dot,q128_n16,eager_raw,25,65536,101.419,512,0,0,1
prime_dot,q128_n16,acc8,25,65536,63.363,512,0,0,1
prime_dot,q128_n16,crypto_bigint_reduce,25,65536,149.130,512,0,0,1
prime_dot,q128_n16,checked_per_term,26,65536,67.071,512,0,0,1
prime_dot,q128_n16,eager_raw,26,65536,101.756,512,0,0,1
prime_dot,q128_n16,convert_then_delayed,26,65536,119.211,1024,2,512,1
prime_dot,q128_n16,crypto_bigint_reduce,26,65536,148.932,512,0,0,1
prime_dot,q128_n16,acc4,26,65536,60.460,512,0,0,1
prime_dot,q128_n16,acc2,26,65536,58.655,512,0,0,1
prime_dot,q128_n16,existing_delayed,26,65536,57.964,512,0,0,1
prime_dot,q128_n16,acc8,26,65536,63.523,512,0,0,1
prime_dot,q128_n16,eager_raw,27,65536,101.185,512,0,0,1
prime_dot,q128_n16,existing_delayed,27,65536,57.910,512,0,0,1
prime_dot,q128_n16,checked_per_term,27,65536,67.122,512,0,0,1
prime_dot,q128_n16,crypto_bigint_reduce,27,65536,149.065,512,0,0,1
prime_dot,q128_n16,acc8,27,65536,63.489,512,0,0,1
prime_dot,q128_n16,acc2,27,65536,58.683,512,0,0,1
prime_dot,q128_n16,convert_then_delayed,27,65536,119.202,1024,2,512,1
prime_dot,q128_n16,acc4,27,65536,60.487,512,0,0,1
prime_dot,q128_n16,acc4,28,65536,60.336,512,0,0,1
prime_dot,q128_n16,acc2,28,65536,58.625,512,0,0,1
prime_dot,q128_n16,convert_then_delayed,28,65536,119.017,1024,2,512,1
prime_dot,q128_n16,eager_raw,28,65536,101.011,512,0,0,1
prime_dot,q128_n16,acc8,28,65536,63.552,512,0,0,1
prime_dot,q128_n16,crypto_bigint_reduce,28,65536,149.275,512,0,0,1
prime_dot,q128_n16,checked_per_term,28,65536,66.683,512,0,0,1
prime_dot,q128_n16,existing_delayed,28,65536,58.628,512,0,0,1
prime_dot,q128_n16,crypto_bigint_reduce,29,65536,328.121,512,0,0,1
prime_dot,q128_n16,convert_then_delayed,29,65536,293.290,1024,2,512,1
prime_dot,q128_n16,acc2,29,65536,110.749,512,0,0,1
prime_dot,q128_n16,checked_per_term,29,65536,68.855,512,0,0,1
prime_dot,q128_n16,acc8,29,65536,66.864,512,0,0,1
prime_dot,q128_n16,existing_delayed,29,65536,61.460,512,0,0,1
prime_dot,q128_n16,eager_raw,29,65536,104.085,512,0,0,1
prime_dot,q128_n16,acc4,29,65536,60.481,512,0,0,1
prime_dot,q128_n16,acc2,30,65536,58.716,512,0,0,1
prime_dot,q128_n16,acc4,30,65536,60.873,512,0,0,1
prime_dot,q128_n16,acc8,30,65536,63.914,512,0,0,1
prime_dot,q128_n16,eager_raw,30,65536,100.856,512,0,0,1
prime_dot,q128_n16,checked_per_term,30,65536,67.230,512,0,0,1
prime_dot,q128_n16,crypto_bigint_reduce,30,65536,149.334,512,0,0,1
prime_dot,q128_n16,convert_then_delayed,30,65536,119.076,1024,2,512,1
prime_dot,q128_n16,existing_delayed,30,65536,57.884,512,0,0,1
prime_dot,q128_n16,checked_per_term,31,65536,66.676,512,0,0,1
prime_dot,q128_n16,acc8,31,65536,63.466,512,0,0,1
prime_dot,q128_n16,crypto_bigint_reduce,31,65536,149.676,512,0,0,1
prime_dot,q128_n16,acc2,31,65536,58.832,512,0,0,1
prime_dot,q128_n16,acc4,31,65536,60.411,512,0,0,1
prime_dot,q128_n16,eager_raw,31,65536,101.011,512,0,0,1
prime_dot,q128_n16,convert_then_delayed,31,65536,119.279,1024,2,512,1
prime_dot,q128_n16,existing_delayed,31,65536,58.060,512,0,0,1
prime_linear,q128_n16,crypto_bigint_reduce,0,131072,128.097,384,0,0,1
prime_linear,q128_n16,acc2,0,131072,39.783,384,0,0,1
prime_linear,q128_n16,acc8,0,131072,44.248,384,0,0,1
prime_linear,q128_n16,existing_delayed,0,131072,40.030,384,0,0,1
prime_linear,q128_n16,acc4,0,131072,42.723,384,0,0,1
prime_linear,q128_n16,acc2,1,131072,40.244,384,0,0,1
prime_linear,q128_n16,acc4,1,131072,40.010,384,0,0,1
prime_linear,q128_n16,crypto_bigint_reduce,1,131072,129.104,384,0,0,1
prime_linear,q128_n16,acc8,1,131072,42.628,384,0,0,1
prime_linear,q128_n16,existing_delayed,1,131072,40.199,384,0,0,1
prime_linear,q128_n16,acc8,2,131072,42.597,384,0,0,1
prime_linear,q128_n16,existing_delayed,2,131072,40.039,384,0,0,1
prime_linear,q128_n16,acc2,2,131072,40.307,384,0,0,1
prime_linear,q128_n16,crypto_bigint_reduce,2,131072,128.888,384,0,0,1
prime_linear,q128_n16,acc4,2,131072,39.721,384,0,0,1
prime_linear,q128_n16,acc2,3,131072,39.790,384,0,0,1
prime_linear,q128_n16,acc4,3,131072,39.543,384,0,0,1
prime_linear,q128_n16,acc8,3,131072,42.292,384,0,0,1
prime_linear,q128_n16,existing_delayed,3,131072,39.974,384,0,0,1
prime_linear,q128_n16,crypto_bigint_reduce,3,131072,128.652,384,0,0,1
prime_linear,q128_n16,acc2,4,131072,39.918,384,0,0,1
prime_linear,q128_n16,acc8,4,131072,42.516,384,0,0,1
prime_linear,q128_n16,acc4,4,131072,39.691,384,0,0,1
prime_linear,q128_n16,existing_delayed,4,131072,39.814,384,0,0,1
prime_linear,q128_n16,crypto_bigint_reduce,4,131072,128.480,384,0,0,1
prime_linear,q128_n16,acc8,5,131072,43.691,384,0,0,1
prime_linear,q128_n16,crypto_bigint_reduce,5,131072,128.779,384,0,0,1
prime_linear,q128_n16,existing_delayed,5,131072,40.098,384,0,0,1
prime_linear,q128_n16,acc2,5,131072,40.034,384,0,0,1
prime_linear,q128_n16,acc4,5,131072,39.805,384,0,0,1
prime_linear,q128_n16,acc8,6,131072,42.496,384,0,0,1
prime_linear,q128_n16,crypto_bigint_reduce,6,131072,128.700,384,0,0,1
prime_linear,q128_n16,existing_delayed,6,131072,39.951,384,0,0,1
prime_linear,q128_n16,acc4,6,131072,39.767,384,0,0,1
prime_linear,q128_n16,acc2,6,131072,40.189,384,0,0,1
prime_linear,q128_n16,acc8,7,131072,42.439,384,0,0,1
prime_linear,q128_n16,acc2,7,131072,40.088,384,0,0,1
prime_linear,q128_n16,crypto_bigint_reduce,7,131072,128.885,384,0,0,1
prime_linear,q128_n16,acc4,7,131072,39.795,384,0,0,1
prime_linear,q128_n16,existing_delayed,7,131072,40.026,384,0,0,1
prime_linear,q128_n16,acc2,8,131072,39.820,384,0,0,1
prime_linear,q128_n16,existing_delayed,8,131072,39.933,384,0,0,1
prime_linear,q128_n16,acc8,8,131072,42.494,384,0,0,1
prime_linear,q128_n16,crypto_bigint_reduce,8,131072,128.404,384,0,0,1
prime_linear,q128_n16,acc4,8,131072,39.657,384,0,0,1
prime_linear,q128_n16,existing_delayed,9,131072,39.946,384,0,0,1
prime_linear,q128_n16,acc8,9,131072,42.422,384,0,0,1
prime_linear,q128_n16,crypto_bigint_reduce,9,131072,128.647,384,0,0,1
prime_linear,q128_n16,acc4,9,131072,39.817,384,0,0,1
prime_linear,q128_n16,acc2,9,131072,40.026,384,0,0,1
prime_linear,q128_n16,existing_delayed,10,131072,39.823,384,0,0,1
prime_linear,q128_n16,acc4,10,131072,39.651,384,0,0,1
prime_linear,q128_n16,acc8,10,131072,42.404,384,0,0,1
prime_linear,q128_n16,crypto_bigint_reduce,10,131072,128.903,384,0,0,1
prime_linear,q128_n16,acc2,10,131072,39.897,384,0,0,1
prime_linear,q128_n16,acc2,11,131072,39.903,384,0,0,1
prime_linear,q128_n16,acc8,11,131072,42.368,384,0,0,1
prime_linear,q128_n16,acc4,11,131072,39.642,384,0,0,1
prime_linear,q128_n16,crypto_bigint_reduce,11,131072,128.153,384,0,0,1
prime_linear,q128_n16,existing_delayed,11,131072,39.844,384,0,0,1
prime_linear,q128_n16,acc4,12,131072,39.570,384,0,0,1
prime_linear,q128_n16,existing_delayed,12,131072,39.762,384,0,0,1
prime_linear,q128_n16,acc2,12,131072,39.801,384,0,0,1
prime_linear,q128_n16,acc8,12,131072,42.384,384,0,0,1
prime_linear,q128_n16,crypto_bigint_reduce,12,131072,128.312,384,0,0,1
prime_linear,q128_n16,acc8,13,131072,42.399,384,0,0,1
prime_linear,q128_n16,existing_delayed,13,131072,39.896,384,0,0,1
prime_linear,q128_n16,acc2,13,131072,39.996,384,0,0,1
prime_linear,q128_n16,crypto_bigint_reduce,13,131072,128.439,384,0,0,1
prime_linear,q128_n16,acc4,13,131072,39.700,384,0,0,1
prime_linear,q128_n16,acc4,14,131072,39.671,384,0,0,1
prime_linear,q128_n16,existing_delayed,14,131072,39.883,384,0,0,1
prime_linear,q128_n16,acc8,14,131072,42.513,384,0,0,1
prime_linear,q128_n16,acc2,14,131072,39.943,384,0,0,1
prime_linear,q128_n16,crypto_bigint_reduce,14,131072,128.187,384,0,0,1
prime_linear,q128_n16,crypto_bigint_reduce,15,131072,128.137,384,0,0,1
prime_linear,q128_n16,existing_delayed,15,131072,39.752,384,0,0,1
prime_linear,q128_n16,acc2,15,131072,39.920,384,0,0,1
prime_linear,q128_n16,acc4,15,131072,39.611,384,0,0,1
prime_linear,q128_n16,acc8,15,131072,42.432,384,0,0,1
prime_linear,q128_n16,crypto_bigint_reduce,16,131072,128.169,384,0,0,1
prime_linear,q128_n16,acc2,16,131072,39.836,384,0,0,1
prime_linear,q128_n16,acc8,16,131072,42.316,384,0,0,1
prime_linear,q128_n16,existing_delayed,16,131072,39.863,384,0,0,1
prime_linear,q128_n16,acc4,16,131072,39.622,384,0,0,1
prime_linear,q128_n16,existing_delayed,17,131072,39.755,384,0,0,1
prime_linear,q128_n16,acc4,17,131072,39.675,384,0,0,1
prime_linear,q128_n16,crypto_bigint_reduce,17,131072,128.386,384,0,0,1
prime_linear,q128_n16,acc2,17,131072,40.176,384,0,0,1
prime_linear,q128_n16,acc8,17,131072,42.385,384,0,0,1
prime_linear,q128_n16,acc4,18,131072,39.721,384,0,0,1
prime_linear,q128_n16,existing_delayed,18,131072,39.802,384,0,0,1
prime_linear,q128_n16,crypto_bigint_reduce,18,131072,128.143,384,0,0,1
prime_linear,q128_n16,acc8,18,131072,42.340,384,0,0,1
prime_linear,q128_n16,acc2,18,131072,39.888,384,0,0,1
prime_linear,q128_n16,crypto_bigint_reduce,19,131072,128.062,384,0,0,1
prime_linear,q128_n16,existing_delayed,19,131072,39.771,384,0,0,1
prime_linear,q128_n16,acc4,19,131072,39.756,384,0,0,1
prime_linear,q128_n16,acc8,19,131072,42.260,384,0,0,1
prime_linear,q128_n16,acc2,19,131072,39.834,384,0,0,1
prime_linear,q128_n16,acc4,20,131072,39.513,384,0,0,1
prime_linear,q128_n16,acc2,20,131072,39.782,384,0,0,1
prime_linear,q128_n16,crypto_bigint_reduce,20,131072,129.145,384,0,0,1
prime_linear,q128_n16,acc8,20,131072,42.352,384,0,0,1
prime_linear,q128_n16,existing_delayed,20,131072,39.804,384,0,0,1
prime_linear,q128_n16,crypto_bigint_reduce,21,131072,129.738,384,0,0,1
prime_linear,q128_n16,existing_delayed,21,131072,41.174,384,0,0,1
prime_linear,q128_n16,acc2,21,131072,41.434,384,0,0,1
prime_linear,q128_n16,acc8,21,131072,42.331,384,0,0,1
prime_linear,q128_n16,acc4,21,131072,40.420,384,0,0,1
prime_linear,q128_n16,acc2,22,131072,39.893,384,0,0,1
prime_linear,q128_n16,acc8,22,131072,42.481,384,0,0,1
prime_linear,q128_n16,existing_delayed,22,131072,40.082,384,0,0,1
prime_linear,q128_n16,crypto_bigint_reduce,22,131072,129.957,384,0,0,1
prime_linear,q128_n16,acc4,22,131072,39.806,384,0,0,1
prime_linear,q128_n16,crypto_bigint_reduce,23,131072,128.942,384,0,0,1
prime_linear,q128_n16,acc8,23,131072,42.604,384,0,0,1
prime_linear,q128_n16,acc2,23,131072,39.985,384,0,0,1
prime_linear,q128_n16,acc4,23,131072,39.809,384,0,0,1
prime_linear,q128_n16,existing_delayed,23,131072,40.161,384,0,0,1
prime_linear,q128_n16,acc4,24,131072,39.873,384,0,0,1
prime_linear,q128_n16,existing_delayed,24,131072,39.940,384,0,0,1
prime_linear,q128_n16,acc2,24,131072,40.339,384,0,0,1
prime_linear,q128_n16,crypto_bigint_reduce,24,131072,128.797,384,0,0,1
prime_linear,q128_n16,acc8,24,131072,42.378,384,0,0,1
prime_linear,q128_n16,crypto_bigint_reduce,25,131072,128.767,384,0,0,1
prime_linear,q128_n16,acc8,25,131072,42.319,384,0,0,1
prime_linear,q128_n16,acc4,25,131072,39.819,384,0,0,1
prime_linear,q128_n16,acc2,25,131072,39.985,384,0,0,1
prime_linear,q128_n16,existing_delayed,25,131072,40.004,384,0,0,1
prime_linear,q128_n16,existing_delayed,26,131072,40.026,384,0,0,1
prime_linear,q128_n16,acc8,26,131072,42.465,384,0,0,1
prime_linear,q128_n16,crypto_bigint_reduce,26,131072,128.503,384,0,0,1
prime_linear,q128_n16,acc4,26,131072,39.574,384,0,0,1
prime_linear,q128_n16,acc2,26,131072,40.224,384,0,0,1
prime_linear,q128_n16,acc2,27,131072,40.071,384,0,0,1
prime_linear,q128_n16,existing_delayed,27,131072,39.943,384,0,0,1
prime_linear,q128_n16,crypto_bigint_reduce,27,131072,128.325,384,0,0,1
prime_linear,q128_n16,acc8,27,131072,42.262,384,0,0,1
prime_linear,q128_n16,acc4,27,131072,39.582,384,0,0,1
prime_linear,q128_n16,acc8,28,131072,42.271,384,0,0,1
prime_linear,q128_n16,acc4,28,131072,39.570,384,0,0,1
prime_linear,q128_n16,crypto_bigint_reduce,28,131072,128.279,384,0,0,1
prime_linear,q128_n16,acc2,28,131072,40.107,384,0,0,1
prime_linear,q128_n16,existing_delayed,28,131072,39.903,384,0,0,1
prime_linear,q128_n16,existing_delayed,29,131072,39.811,384,0,0,1
prime_linear,q128_n16,acc8,29,131072,42.467,384,0,0,1
prime_linear,q128_n16,acc2,29,131072,39.863,384,0,0,1
prime_linear,q128_n16,crypto_bigint_reduce,29,131072,128.653,384,0,0,1
prime_linear,q128_n16,acc4,29,131072,39.722,384,0,0,1
prime_linear,q128_n16,existing_delayed,30,131072,39.931,384,0,0,1
prime_linear,q128_n16,acc2,30,131072,39.864,384,0,0,1
prime_linear,q128_n16,acc8,30,131072,42.414,384,0,0,1
prime_linear,q128_n16,crypto_bigint_reduce,30,131072,128.224,384,0,0,1
prime_linear,q128_n16,acc4,30,131072,39.665,384,0,0,1
prime_linear,q128_n16,crypto_bigint_reduce,31,131072,128.464,384,0,0,1
prime_linear,q128_n16,existing_delayed,31,131072,39.859,384,0,0,1
prime_linear,q128_n16,acc8,31,131072,42.430,384,0,0,1
prime_linear,q128_n16,acc4,31,131072,39.680,384,0,0,1
prime_linear,q128_n16,acc2,31,131072,39.908,384,0,0,1
prime_mul,q128_n1024,branded,0,1024,4831.055,49152,0,0,1
prime_mul,q128_n1024,raw_ctx,0,1024,4834.392,49152,0,0,1
prime_mul,q128_n1024,configured_field,0,1024,7758.016,245760,0,0,1
prime_mul,q128_n1024,checked_per_term,0,1024,5399.536,49152,0,0,1
prime_mul,q128_n1024,branded,1,1024,4851.685,49152,0,0,1
prime_mul,q128_n1024,raw_ctx,1,1024,4836.263,49152,0,0,1
prime_mul,q128_n1024,checked_per_term,1,1024,5539.633,49152,0,0,1
prime_mul,q128_n1024,configured_field,1,1024,8100.464,245760,0,0,1
prime_mul,q128_n1024,raw_ctx,2,1024,4878.987,49152,0,0,1
prime_mul,q128_n1024,configured_field,2,1024,7806.111,245760,0,0,1
prime_mul,q128_n1024,branded,2,1024,4859.619,49152,0,0,1
prime_mul,q128_n1024,checked_per_term,2,1024,5413.330,49152,0,0,1
prime_mul,q128_n1024,raw_ctx,3,1024,4831.014,49152,0,0,1
prime_mul,q128_n1024,branded,3,1024,4840.779,49152,0,0,1
prime_mul,q128_n1024,configured_field,3,1024,7784.180,245760,0,0,1
prime_mul,q128_n1024,checked_per_term,3,1024,5378.012,49152,0,0,1
prime_mul,q128_n1024,raw_ctx,4,1024,4843.344,49152,0,0,1
prime_mul,q128_n1024,branded,4,1024,4837.076,49152,0,0,1
prime_mul,q128_n1024,configured_field,4,1024,7754.517,245760,0,0,1
prime_mul,q128_n1024,checked_per_term,4,1024,5399.008,49152,0,0,1
prime_mul,q128_n1024,branded,5,1024,4815.063,49152,0,0,1
prime_mul,q128_n1024,configured_field,5,1024,7827.393,245760,0,0,1
prime_mul,q128_n1024,checked_per_term,5,1024,5390.787,49152,0,0,1
prime_mul,q128_n1024,raw_ctx,5,1024,4849.731,49152,0,0,1
prime_mul,q128_n1024,branded,6,1024,4846.640,49152,0,0,1
prime_mul,q128_n1024,checked_per_term,6,1024,5408.163,49152,0,0,1
prime_mul,q128_n1024,raw_ctx,6,1024,4846.313,49152,0,0,1
prime_mul,q128_n1024,configured_field,6,1024,7815.511,245760,0,0,1
prime_mul,q128_n1024,configured_field,7,1024,7810.913,245760,0,0,1
prime_mul,q128_n1024,checked_per_term,7,1024,5395.101,49152,0,0,1
prime_mul,q128_n1024,branded,7,1024,4836.101,49152,0,0,1
prime_mul,q128_n1024,raw_ctx,7,1024,4834.595,49152,0,0,1
prime_mul,q128_n1024,raw_ctx,8,1024,4830.078,49152,0,0,1
prime_mul,q128_n1024,configured_field,8,1024,7771.810,245760,0,0,1
prime_mul,q128_n1024,branded,8,1024,4847.249,49152,0,0,1
prime_mul,q128_n1024,checked_per_term,8,1024,5376.669,49152,0,0,1
prime_mul,q128_n1024,checked_per_term,9,1024,5391.724,49152,0,0,1
prime_mul,q128_n1024,raw_ctx,9,1024,4838.501,49152,0,0,1
prime_mul,q128_n1024,branded,9,1024,4848.633,49152,0,0,1
prime_mul,q128_n1024,configured_field,9,1024,7739.055,245760,0,0,1
prime_mul,q128_n1024,checked_per_term,10,1024,5391.032,49152,0,0,1
prime_mul,q128_n1024,configured_field,10,1024,7756.998,245760,0,0,1
prime_mul,q128_n1024,branded,10,1024,4834.961,49152,0,0,1
prime_mul,q128_n1024,raw_ctx,10,1024,4836.426,49152,0,0,1
prime_mul,q128_n1024,checked_per_term,11,1024,5377.116,49152,0,0,1
prime_mul,q128_n1024,configured_field,11,1024,7770.386,245760,0,0,1
prime_mul,q128_n1024,branded,11,1024,4857.178,49152,0,0,1
prime_mul,q128_n1024,raw_ctx,11,1024,4827.271,49152,0,0,1
prime_mul,q128_n1024,branded,12,1024,4859.497,49152,0,0,1
prime_mul,q128_n1024,configured_field,12,1024,7752.604,245760,0,0,1
prime_mul,q128_n1024,raw_ctx,12,1024,4857.341,49152,0,0,1
prime_mul,q128_n1024,checked_per_term,12,1024,5398.641,49152,0,0,1
prime_mul,q128_n1024,checked_per_term,13,1024,5373.169,49152,0,0,1
prime_mul,q128_n1024,configured_field,13,1024,7729.573,245760,0,0,1
prime_mul,q128_n1024,branded,13,1024,4955.363,49152,0,0,1
prime_mul,q128_n1024,raw_ctx,13,1024,4986.735,49152,0,0,1
prime_mul,q128_n1024,branded,14,1024,4992.188,49152,0,0,1
prime_mul,q128_n1024,checked_per_term,14,1024,5485.474,49152,0,0,1
prime_mul,q128_n1024,configured_field,14,1024,7705.363,245760,0,0,1
prime_mul,q128_n1024,raw_ctx,14,1024,4826.660,49152,0,0,1
prime_mul,q128_n1024,checked_per_term,15,1024,5380.411,49152,0,0,1
prime_mul,q128_n1024,branded,15,1024,4836.385,49152,0,0,1
prime_mul,q128_n1024,raw_ctx,15,1024,4830.281,49152,0,0,1
prime_mul,q128_n1024,configured_field,15,1024,7779.175,245760,0,0,1
prime_mul,q128_n1024,configured_field,16,1024,7778.728,245760,0,0,1
prime_mul,q128_n1024,raw_ctx,16,1024,4839.966,49152,0,0,1
prime_mul,q128_n1024,branded,16,1024,4859.172,49152,0,0,1
prime_mul,q128_n1024,checked_per_term,16,1024,5391.927,49152,0,0,1
prime_mul,q128_n1024,configured_field,17,1024,7808.675,245760,0,0,1
prime_mul,q128_n1024,branded,17,1024,4844.482,49152,0,0,1
prime_mul,q128_n1024,raw_ctx,17,1024,4816.244,49152,0,0,1
prime_mul,q128_n1024,checked_per_term,17,1024,5415.242,49152,0,0,1
prime_mul,q128_n1024,checked_per_term,18,1024,5391.073,49152,0,0,1
prime_mul,q128_n1024,branded,18,1024,4825.236,49152,0,0,1
prime_mul,q128_n1024,raw_ctx,18,1024,4860.107,49152,0,0,1
prime_mul,q128_n1024,configured_field,18,1024,7779.053,245760,0,0,1
prime_mul,q128_n1024,raw_ctx,19,1024,4844.442,49152,0,0,1
prime_mul,q128_n1024,branded,19,1024,4832.723,49152,0,0,1
prime_mul,q128_n1024,checked_per_term,19,1024,5513.713,49152,0,0,1
prime_mul,q128_n1024,configured_field,19,1024,7802.449,245760,0,0,1
prime_mul,q128_n1024,configured_field,20,1024,7840.942,245760,0,0,1
prime_mul,q128_n1024,checked_per_term,20,1024,5394.612,49152,0,0,1
prime_mul,q128_n1024,branded,20,1024,4870.483,49152,0,0,1
prime_mul,q128_n1024,raw_ctx,20,1024,4856.038,49152,0,0,1
prime_mul,q128_n1024,raw_ctx,21,1024,4823.242,49152,0,0,1
prime_mul,q128_n1024,branded,21,1024,4873.088,49152,0,0,1
prime_mul,q128_n1024,configured_field,21,1024,7812.784,245760,0,0,1
prime_mul,q128_n1024,checked_per_term,21,1024,5415.120,49152,0,0,1
prime_mul,q128_n1024,branded,22,1024,4860.311,49152,0,0,1
prime_mul,q128_n1024,raw_ctx,22,1024,4848.145,49152,0,0,1
prime_mul,q128_n1024,checked_per_term,22,1024,5413.208,49152,0,0,1
prime_mul,q128_n1024,configured_field,22,1024,7790.445,245760,0,0,1
prime_mul,q128_n1024,branded,23,1024,4844.971,49152,0,0,1
prime_mul,q128_n1024,configured_field,23,1024,7802.246,245760,0,0,1
prime_mul,q128_n1024,raw_ctx,23,1024,4848.104,49152,0,0,1
prime_mul,q128_n1024,checked_per_term,23,1024,5386.230,49152,0,0,1
prime_mul,q128_n1024,checked_per_term,24,1024,5399.374,49152,0,0,1
prime_mul,q128_n1024,branded,24,1024,4856.689,49152,0,0,1
prime_mul,q128_n1024,raw_ctx,24,1024,4836.263,49152,0,0,1
prime_mul,q128_n1024,configured_field,24,1024,7783.772,245760,0,0,1
prime_mul,q128_n1024,configured_field,25,1024,7792.766,245760,0,0,1
prime_mul,q128_n1024,checked_per_term,25,1024,5385.945,49152,0,0,1
prime_mul,q128_n1024,branded,25,1024,4830.484,49152,0,0,1
prime_mul,q128_n1024,raw_ctx,25,1024,4823.486,49152,0,0,1
prime_mul,q128_n1024,branded,26,1024,4842.204,49152,0,0,1
prime_mul,q128_n1024,checked_per_term,26,1024,5378.215,49152,0,0,1
prime_mul,q128_n1024,configured_field,26,1024,7805.380,245760,0,0,1
prime_mul,q128_n1024,raw_ctx,26,1024,5027.059,49152,0,0,1
prime_mul,q128_n1024,raw_ctx,27,1024,4824.422,49152,0,0,1
prime_mul,q128_n1024,configured_field,27,1024,7791.748,245760,0,0,1
prime_mul,q128_n1024,checked_per_term,27,1024,5408.122,49152,0,0,1
prime_mul,q128_n1024,branded,27,1024,4847.412,49152,0,0,1
prime_mul,q128_n1024,configured_field,28,1024,7825.684,245760,0,0,1
prime_mul,q128_n1024,checked_per_term,28,1024,5393.026,49152,0,0,1
prime_mul,q128_n1024,branded,28,1024,4872.559,49152,0,0,1
prime_mul,q128_n1024,raw_ctx,28,1024,4844.890,49152,0,0,1
prime_mul,q128_n1024,branded,29,1024,4835.002,49152,0,0,1
prime_mul,q128_n1024,checked_per_term,29,1024,5412.842,49152,0,0,1
prime_mul,q128_n1024,configured_field,29,1024,7817.139,245760,0,0,1
prime_mul,q128_n1024,raw_ctx,29,1024,4847.371,49152,0,0,1
prime_mul,q128_n1024,configured_field,30,1024,7806.600,245760,0,0,1
prime_mul,q128_n1024,raw_ctx,30,1024,4852.701,49152,0,0,1
prime_mul,q128_n1024,checked_per_term,30,1024,5396.851,49152,0,0,1
prime_mul,q128_n1024,branded,30,1024,4857.991,49152,0,0,1
prime_mul,q128_n1024,raw_ctx,31,1024,4834.351,49152,0,0,1
prime_mul,q128_n1024,branded,31,1024,4859.294,49152,0,0,1
prime_mul,q128_n1024,checked_per_term,31,1024,5400.960,49152,0,0,1
prime_mul,q128_n1024,configured_field,31,1024,7769.328,245760,0,0,1
prime_dot,q128_n1024,checked_per_term,0,2048,2914.124,32768,0,0,1
prime_dot,q128_n1024,crypto_bigint_reduce,0,2048,2510.702,32768,0,0,1
prime_dot,q128_n1024,existing_delayed,0,2048,2398.315,32768,0,0,1
prime_dot,q128_n1024,acc4,0,2048,2362.000,32768,0,0,1
prime_dot,q128_n1024,eager_raw,0,2048,6562.073,32768,0,0,1
prime_dot,q128_n1024,convert_then_delayed,0,2048,2911.417,65536,2,32768,1
prime_dot,q128_n1024,acc8,0,2048,2490.967,32768,0,0,1
prime_dot,q128_n1024,acc2,0,2048,2384.481,32768,0,0,1
prime_dot,q128_n1024,acc8,1,2048,2485.982,32768,0,0,1
prime_dot,q128_n1024,acc4,1,2048,2356.120,32768,0,0,1
prime_dot,q128_n1024,eager_raw,1,2048,6555.725,32768,0,0,1
prime_dot,q128_n1024,existing_delayed,1,2048,2392.497,32768,0,0,1
prime_dot,q128_n1024,convert_then_delayed,1,2048,2909.647,65536,2,32768,1
prime_dot,q128_n1024,acc2,1,2048,2388.042,32768,0,0,1
prime_dot,q128_n1024,checked_per_term,1,2048,2915.507,32768,0,0,1
prime_dot,q128_n1024,crypto_bigint_reduce,1,2048,2508.728,32768,0,0,1
prime_dot,q128_n1024,checked_per_term,2,2048,2915.263,32768,0,0,1
prime_dot,q128_n1024,acc2,2,2048,2388.794,32768,0,0,1
prime_dot,q128_n1024,acc8,2,2048,2483.765,32768,0,0,1
prime_dot,q128_n1024,acc4,2,2048,2368.123,32768,0,0,1
prime_dot,q128_n1024,existing_delayed,2,2048,2382.101,32768,0,0,1
prime_dot,q128_n1024,eager_raw,2,2048,6577.372,32768,0,0,1
prime_dot,q128_n1024,crypto_bigint_reduce,2,2048,2507.670,32768,0,0,1
prime_dot,q128_n1024,convert_then_delayed,2,2048,2914.938,65536,2,32768,1
prime_dot,q128_n1024,acc8,3,2048,2640.605,32768,0,0,1
prime_dot,q128_n1024,acc2,3,2048,2469.950,32768,0,0,1
prime_dot,q128_n1024,convert_then_delayed,3,2048,3150.330,65536,2,32768,1
prime_dot,q128_n1024,eager_raw,3,2048,6667.419,32768,0,0,1
prime_dot,q128_n1024,checked_per_term,3,2048,2916.138,32768,0,0,1
prime_dot,q128_n1024,existing_delayed,3,2048,2395.447,32768,0,0,1
prime_dot,q128_n1024,crypto_bigint_reduce,3,2048,2511.068,32768,0,0,1
prime_dot,q128_n1024,acc4,3,2048,2370.768,32768,0,0,1
prime_dot,q128_n1024,existing_delayed,4,2048,2402.771,32768,0,0,1
prime_dot,q128_n1024,acc8,4,2048,2493.021,32768,0,0,1
prime_dot,q128_n1024,checked_per_term,4,2048,2923.645,32768,0,0,1
prime_dot,q128_n1024,convert_then_delayed,4,2048,2914.083,65536,2,32768,1
prime_dot,q128_n1024,acc2,4,2048,2387.268,32768,0,0,1
prime_dot,q128_n1024,acc4,4,2048,2373.047,32768,0,0,1
prime_dot,q128_n1024,crypto_bigint_reduce,4,2048,2512.187,32768,0,0,1
prime_dot,q128_n1024,eager_raw,4,2048,6586.650,32768,0,0,1
prime_dot,q128_n1024,acc2,5,2048,2387.736,32768,0,0,1
prime_dot,q128_n1024,convert_then_delayed,5,2048,2911.397,65536,2,32768,1
prime_dot,q128_n1024,crypto_bigint_reduce,5,2048,2512.960,32768,0,0,1
prime_dot,q128_n1024,acc8,5,2048,2491.557,32768,0,0,1
prime_dot,q128_n1024,acc4,5,2048,2371.134,32768,0,0,1
prime_dot,q128_n1024,checked_per_term,5,2048,2914.551,32768,0,0,1
prime_dot,q128_n1024,eager_raw,5,2048,6574.646,32768,0,0,1
prime_dot,q128_n1024,existing_delayed,5,2048,2388.326,32768,0,0,1
prime_dot,q128_n1024,eager_raw,6,2048,6575.480,32768,0,0,1
prime_dot,q128_n1024,acc2,6,2048,2384.725,32768,0,0,1
prime_dot,q128_n1024,convert_then_delayed,6,2048,2910.238,65536,2,32768,1
prime_dot,q128_n1024,crypto_bigint_reduce,6,2048,2506.002,32768,0,0,1
prime_dot,q128_n1024,acc4,6,2048,2358.521,32768,0,0,1
prime_dot,q128_n1024,checked_per_term,6,2048,2914.266,32768,0,0,1
prime_dot,q128_n1024,existing_delayed,6,2048,2391.521,32768,0,0,1
prime_dot,q128_n1024,acc8,6,2048,2485.962,32768,0,0,1
prime_dot,q128_n1024,crypto_bigint_reduce,7,2048,2507.487,32768,0,0,1
prime_dot,q128_n1024,convert_then_delayed,7,2048,2902.303,65536,2,32768,1
prime_dot,q128_n1024,acc4,7,2048,2360.311,32768,0,0,1
prime_dot,q128_n1024,acc2,7,2048,2381.124,32768,0,0,1
prime_dot,q128_n1024,existing_delayed,7,2048,2390.604,32768,0,0,1
prime_dot,q128_n1024,acc8,7,2048,2487.325,32768,0,0,1
prime_dot,q128_n1024,eager_raw,7,2048,6570.659,32768,0,0,1
prime_dot,q128_n1024,checked_per_term,7,2048,2915.853,32768,0,0,1
prime_dot,q128_n1024,acc2,8,2048,2376.872,32768,0,0,1
prime_dot,q128_n1024,eager_raw,8,2048,6552.734,32768,0,0,1
prime_dot,q128_n1024,crypto_bigint_reduce,8,2048,2511.149,32768,0,0,1
prime_dot,q128_n1024,convert_then_delayed,8,2048,2909.302,65536,2,32768,1
prime_dot,q128_n1024,checked_per_term,8,2048,2917.277,32768,0,0,1
prime_dot,q128_n1024,acc4,8,2048,2357.564,32768,0,0,1
prime_dot,q128_n1024,acc8,8,2048,2488.892,32768,0,0,1
prime_dot,q128_n1024,existing_delayed,8,2048,2385.986,32768,0,0,1
prime_dot,q128_n1024,acc2,9,2048,2386.658,32768,0,0,1
prime_dot,q128_n1024,eager_raw,9,2048,6604.614,32768,0,0,1
prime_dot,q128_n1024,acc8,9,2048,2485.250,32768,0,0,1
prime_dot,q128_n1024,crypto_bigint_reduce,9,2048,2508.219,32768,0,0,1
prime_dot,q128_n1024,checked_per_term,9,2048,2918.986,32768,0,0,1
prime_dot,q128_n1024,convert_then_delayed,9,2048,2909.790,65536,2,32768,1
prime_dot,q128_n1024,acc4,9,2048,2371.521,32768,0,0,1
prime_dot,q128_n1024,existing_delayed,9,2048,2394.511,32768,0,0,1
prime_dot,q128_n1024,acc8,10,2048,2476.542,32768,0,0,1
prime_dot,q128_n1024,crypto_bigint_reduce,10,2048,2508.199,32768,0,0,1
prime_dot,q128_n1024,acc2,10,2048,2378.744,32768,0,0,1
prime_dot,q128_n1024,convert_then_delayed,10,2048,2896.301,65536,2,32768,1
prime_dot,q128_n1024,existing_delayed,10,2048,2395.060,32768,0,0,1
prime_dot,q128_n1024,checked_per_term,10,2048,2914.470,32768,0,0,1
prime_dot,q128_n1024,eager_raw,10,2048,6727.010,32768,0,0,1
prime_dot,q128_n1024,acc4,10,2048,2366.943,32768,0,0,1
prime_dot,q128_n1024,crypto_bigint_reduce,11,2048,2512.899,32768,0,0,1
prime_dot,q128_n1024,convert_then_delayed,11,2048,2920.736,65536,2,32768,1
prime_dot,q128_n1024,checked_per_term,11,2048,2926.147,32768,0,0,1
prime_dot,q128_n1024,existing_delayed,11,2048,2398.254,32768,0,0,1
prime_dot,q128_n1024,acc8,11,2048,2493.510,32768,0,0,1
prime_dot,q128_n1024,acc2,11,2048,2383.240,32768,0,0,1
prime_dot,q128_n1024,eager_raw,11,2048,6595.927,32768,0,0,1
prime_dot,q128_n1024,acc4,11,2048,2360.779,32768,0,0,1
prime_dot,q128_n1024,eager_raw,12,2048,6563.599,32768,0,0,1
prime_dot,q128_n1024,acc2,12,2048,2381.307,32768,0,0,1
prime_dot,q128_n1024,acc4,12,2048,2359.192,32768,0,0,1
prime_dot,q128_n1024,crypto_bigint_reduce,12,2048,2511.760,32768,0,0,1
prime_dot,q128_n1024,existing_delayed,12,2048,2389.709,32768,0,0,1
prime_dot,q128_n1024,checked_per_term,12,2048,2912.882,32768,0,0,1
prime_dot,q128_n1024,convert_then_delayed,12,2048,2900.533,65536,2,32768,1
prime_dot,q128_n1024,acc8,12,2048,2482.748,32768,0,0,1
prime_dot,q128_n1024,acc2,13,2048,2380.005,32768,0,0,1
prime_dot,q128_n1024,acc8,13,2048,2479.960,32768,0,0,1
prime_dot,q128_n1024,checked_per_term,13,2048,2914.287,32768,0,0,1
prime_dot,q128_n1024,existing_delayed,13,2048,2385.213,32768,0,0,1
prime_dot,q128_n1024,crypto_bigint_reduce,13,2048,2506.307,32768,0,0,1
prime_dot,q128_n1024,acc4,13,2048,2376.221,32768,0,0,1
prime_dot,q128_n1024,convert_then_delayed,13,2048,2947.144,65536,2,32768,1
prime_dot,q128_n1024,eager_raw,13,2048,6603.922,32768,0,0,1
prime_dot,q128_n1024,existing_delayed,14,2048,2388.021,32768,0,0,1
prime_dot,q128_n1024,acc4,14,2048,2372.233,32768,0,0,1
prime_dot,q128_n1024,eager_raw,14,2048,6578.938,32768,0,0,1
prime_dot,q128_n1024,acc2,14,2048,2391.174,32768,0,0,1
prime_dot,q128_n1024,convert_then_delayed,14,2048,2920.268,65536,2,32768,1
prime_dot,q128_n1024,checked_per_term,14,2048,2915.039,32768,0,0,1
prime_dot,q128_n1024,acc8,14,2048,2488.851,32768,0,0,1
prime_dot,q128_n1024,crypto_bigint_reduce,14,2048,2516.521,32768,0,0,1
prime_dot,q128_n1024,acc4,15,2048,2365.316,32768,0,0,1
prime_dot,q128_n1024,crypto_bigint_reduce,15,2048,2504.984,32768,0,0,1
prime_dot,q128_n1024,acc8,15,2048,2479.817,32768,0,0,1
prime_dot,q128_n1024,acc2,15,2048,2383.240,32768,0,0,1
prime_dot,q128_n1024,checked_per_term,15,2048,2911.743,32768,0,0,1
prime_dot,q128_n1024,existing_delayed,15,2048,2390.117,32768,0,0,1
prime_dot,q128_n1024,convert_then_delayed,15,2048,2900.065,65536,2,32768,1
prime_dot,q128_n1024,eager_raw,15,2048,6576.579,32768,0,0,1
prime_dot,q128_n1024,existing_delayed,16,2048,2393.127,32768,0,0,1
prime_dot,q128_n1024,checked_per_term,16,2048,2916.911,32768,0,0,1
prime_dot,q128_n1024,convert_then_delayed,16,2048,2905.701,65536,2,32768,1
prime_dot,q128_n1024,acc4,16,2048,2360.779,32768,0,0,1
prime_dot,q128_n1024,crypto_bigint_reduce,16,2048,2512.980,32768,0,0,1
prime_dot,q128_n1024,acc8,16,2048,2490.662,32768,0,0,1
prime_dot,q128_n1024,eager_raw,16,2048,6581.319,32768,0,0,1
prime_dot,q128_n1024,acc2,16,2048,2379.272,32768,0,0,1
prime_dot,q128_n1024,checked_per_term,17,2048,2922.791,32768,0,0,1
prime_dot,q128_n1024,crypto_bigint_reduce,17,2048,2506.571,32768,0,0,1
prime_dot,q128_n1024,acc2,17,2048,2385.884,32768,0,0,1
prime_dot,q128_n1024,existing_delayed,17,2048,2390.035,32768,0,0,1
prime_dot,q128_n1024,acc4,17,2048,2364.807,32768,0,0,1
prime_dot,q128_n1024,convert_then_delayed,17,2048,2910.746,65536,2,32768,1
prime_dot,q128_n1024,eager_raw,17,2048,6575.582,32768,0,0,1
prime_dot,q128_n1024,acc8,17,2048,2483.887,32768,0,0,1
prime_dot,q128_n1024,eager_raw,18,2048,6573.324,32768,0,0,1
prime_dot,q128_n1024,acc8,18,2048,2486.349,32768,0,0,1
prime_dot,q128_n1024,acc2,18,2048,2387.227,32768,0,0,1
prime_dot,q128_n1024,convert_then_delayed,18,2048,2910.421,65536,2,32768,1
prime_dot,q128_n1024,crypto_bigint_reduce,18,2048,2505.147,32768,0,0,1
prime_dot,q128_n1024,acc4,18,2048,2391.215,32768,0,0,1
prime_dot,q128_n1024,existing_delayed,18,2048,2467.488,32768,0,0,1
prime_dot,q128_n1024,checked_per_term,18,2048,3041.850,32768,0,0,1
prime_dot,q128_n1024,crypto_bigint_reduce,19,2048,2577.860,32768,0,0,1
prime_dot,q128_n1024,acc2,19,2048,2381.673,32768,0,0,1
prime_dot,q128_n1024,acc8,19,2048,2487.284,32768,0,0,1
prime_dot,q128_n1024,eager_raw,19,2048,6576.803,32768,0,0,1
prime_dot,q128_n1024,existing_delayed,19,2048,2390.503,32768,0,0,1
prime_dot,q128_n1024,checked_per_term,19,2048,2916.870,32768,0,0,1
prime_dot,q128_n1024,convert_then_delayed,19,2048,2909.648,65536,2,32768,1
prime_dot,q128_n1024,acc4,19,2048,2367.371,32768,0,0,1
prime_dot,q128_n1024,crypto_bigint_reduce,20,2048,2509.318,32768,0,0,1
prime_dot,q128_n1024,acc8,20,2048,2488.607,32768,0,0,1
prime_dot,q128_n1024,existing_delayed,20,2048,2403.788,32768,0,0,1
prime_dot,q128_n1024,acc2,20,2048,2378.336,32768,0,0,1
prime_dot,q128_n1024,convert_then_delayed,20,2048,2896.484,65536,2,32768,1
prime_dot,q128_n1024,eager_raw,20,2048,6570.353,32768,0,0,1
prime_dot,q128_n1024,acc4,20,2048,2358.479,32768,0,0,1
prime_dot,q128_n1024,checked_per_term,20,2048,2914.774,32768,0,0,1
prime_dot,q128_n1024,crypto_bigint_reduce,21,2048,2510.722,32768,0,0,1
prime_dot,q128_n1024,eager_raw,21,2048,6583.231,32768,0,0,1
prime_dot,q128_n1024,checked_per_term,21,2048,2918.803,32768,0,0,1
prime_dot,q128_n1024,acc4,21,2048,2366.618,32768,0,0,1
prime_dot,q128_n1024,acc2,21,2048,2380.514,32768,0,0,1
prime_dot,q128_n1024,existing_delayed,21,2048,2382.223,32768,0,0,1
prime_dot,q128_n1024,acc8,21,2048,2482.646,32768,0,0,1
prime_dot,q128_n1024,convert_then_delayed,21,2048,2902.039,65536,2,32768,1
prime_dot,q128_n1024,acc2,22,2048,2374.084,32768,0,0,1
prime_dot,q128_n1024,crypto_bigint_reduce,22,2048,2506.165,32768,0,0,1
prime_dot,q128_n1024,acc8,22,2048,2492.676,32768,0,0,1
prime_dot,q128_n1024,existing_delayed,22,2048,2384.725,32768,0,0,1
prime_dot,q128_n1024,convert_then_delayed,22,2048,2896.484,65536,2,32768,1
prime_dot,q128_n1024,acc4,22,2048,2360.107,32768,0,0,1
prime_dot,q128_n1024,checked_per_term,22,2048,2914.062,32768,0,0,1
prime_dot,q128_n1024,eager_raw,22,2048,6573.669,32768,0,0,1
prime_dot,q128_n1024,acc4,23,2048,2363.566,32768,0,0,1
prime_dot,q128_n1024,convert_then_delayed,23,2048,2904.500,65536,2,32768,1
prime_dot,q128_n1024,acc8,23,2048,2482.096,32768,0,0,1
prime_dot,q128_n1024,existing_delayed,23,2048,2394.552,32768,0,0,1
prime_dot,q128_n1024,checked_per_term,23,2048,2914.530,32768,0,0,1
prime_dot,q128_n1024,crypto_bigint_reduce,23,2048,2508.260,32768,0,0,1
prime_dot,q128_n1024,eager_raw,23,2048,6632.629,32768,0,0,1
prime_dot,q128_n1024,acc2,23,2048,2384.297,32768,0,0,1
prime_dot,q128_n1024,existing_delayed,24,2048,2398.905,32768,0,0,1
prime_dot,q128_n1024,acc8,24,2048,2488.973,32768,0,0,1
prime_dot,q128_n1024,crypto_bigint_reduce,24,2048,2508.646,32768,0,0,1
prime_dot,q128_n1024,eager_raw,24,2048,6596.964,32768,0,0,1
prime_dot,q128_n1024,acc4,24,2048,2369.527,32768,0,0,1
prime_dot,q128_n1024,acc2,24,2048,2385.844,32768,0,0,1
prime_dot,q128_n1024,convert_then_delayed,24,2048,2909.119,65536,2,32768,1
prime_dot,q128_n1024,checked_per_term,24,2048,2915.121,32768,0,0,1
prime_dot,q128_n1024,checked_per_term,25,2048,2918.620,32768,0,0,1
prime_dot,q128_n1024,eager_raw,25,2048,6567.688,32768,0,0,1
prime_dot,q128_n1024,convert_then_delayed,25,2048,2890.910,65536,2,32768,1
prime_dot,q128_n1024,existing_delayed,25,2048,2385.396,32768,0,0,1
prime_dot,q128_n1024,acc2,25,2048,2382.141,32768,0,0,1
prime_dot,q128_n1024,acc8,25,2048,2500.570,32768,0,0,1
prime_dot,q128_n1024,acc4,25,2048,2366.109,32768,0,0,1
prime_dot,q128_n1024,crypto_bigint_reduce,25,2048,2507.854,32768,0,0,1
prime_dot,q128_n1024,acc8,26,2048,2500.204,32768,0,0,1
prime_dot,q128_n1024,acc4,26,2048,2362.081,32768,0,0,1
prime_dot,q128_n1024,convert_then_delayed,26,2048,2912.638,65536,2,32768,1
prime_dot,q128_n1024,checked_per_term,26,2048,2916.809,32768,0,0,1
prime_dot,q128_n1024,eager_raw,26,2048,6600.362,32768,0,0,1
prime_dot,q128_n1024,existing_delayed,26,2048,2399.516,32768,0,0,1
prime_dot,q128_n1024,crypto_bigint_reduce,26,2048,2509.583,32768,0,0,1
prime_dot,q128_n1024,acc2,26,2048,2389.648,32768,0,0,1
prime_dot,q128_n1024,existing_delayed,27,2048,2385.193,32768,0,0,1
prime_dot,q128_n1024,eager_raw,27,2048,6583.130,32768,0,0,1
prime_dot,q128_n1024,checked_per_term,27,2048,2913.615,32768,0,0,1
prime_dot,q128_n1024,convert_then_delayed,27,2048,2904.459,65536,2,32768,1
prime_dot,q128_n1024,acc2,27,2048,2379.679,32768,0,0,1
prime_dot,q128_n1024,acc8,27,2048,2488.261,32768,0,0,1
prime_dot,q128_n1024,acc4,27,2048,2364.115,32768,0,0,1
prime_dot,q128_n1024,crypto_bigint_reduce,27,2048,2503.438,32768,0,0,1
prime_dot,q128_n1024,crypto_bigint_reduce,28,2048,2505.371,32768,0,0,1
prime_dot,q128_n1024,checked_per_term,28,2048,2918.091,32768,0,0,1
prime_dot,q128_n1024,acc4,28,2048,2356.079,32768,0,0,1
prime_dot,q128_n1024,existing_delayed,28,2048,2386.067,32768,0,0,1
prime_dot,q128_n1024,convert_then_delayed,28,2048,2905.701,65536,2,32768,1
prime_dot,q128_n1024,acc2,28,2048,2384.420,32768,0,0,1
prime_dot,q128_n1024,acc8,28,2048,2493.652,32768,0,0,1
prime_dot,q128_n1024,eager_raw,28,2048,6577.352,32768,0,0,1
prime_dot,q128_n1024,convert_then_delayed,29,2048,2904.948,65536,2,32768,1
prime_dot,q128_n1024,acc2,29,2048,2386.637,32768,0,0,1
prime_dot,q128_n1024,eager_raw,29,2048,6574.870,32768,0,0,1
prime_dot,q128_n1024,existing_delayed,29,2048,2392.822,32768,0,0,1
prime_dot,q128_n1024,checked_per_term,29,2048,2913.737,32768,0,0,1
prime_dot,q128_n1024,crypto_bigint_reduce,29,2048,2504.537,32768,0,0,1
prime_dot,q128_n1024,acc8,29,2048,2483.398,32768,0,0,1
prime_dot,q128_n1024,acc4,29,2048,2361.369,32768,0,0,1
prime_dot,q128_n1024,crypto_bigint_reduce,30,2048,2517.741,32768,0,0,1
prime_dot,q128_n1024,convert_then_delayed,30,2048,2906.413,65536,2,32768,1
prime_dot,q128_n1024,acc2,30,2048,2385.274,32768,0,0,1
prime_dot,q128_n1024,existing_delayed,30,2048,2393.982,32768,0,0,1
prime_dot,q128_n1024,acc4,30,2048,2362.325,32768,0,0,1
prime_dot,q128_n1024,eager_raw,30,2048,6600.932,32768,0,0,1
prime_dot,q128_n1024,checked_per_term,30,2048,2914.469,32768,0,0,1
prime_dot,q128_n1024,acc8,30,2048,2481.873,32768,0,0,1
prime_dot,q128_n1024,acc2,31,2048,2385.945,32768,0,0,1
prime_dot,q128_n1024,crypto_bigint_reduce,31,2048,2510.966,32768,0,0,1
prime_dot,q128_n1024,acc8,31,2048,2495.768,32768,0,0,1
prime_dot,q128_n1024,eager_raw,31,2048,6566.081,32768,0,0,1
prime_dot,q128_n1024,acc4,31,2048,2363.485,32768,0,0,1
prime_dot,q128_n1024,convert_then_delayed,31,2048,2912.557,65536,2,32768,1
prime_dot,q128_n1024,checked_per_term,31,2048,2919.353,32768,0,0,1
prime_dot,q128_n1024,existing_delayed,31,2048,2395.467,32768,0,0,1
prime_linear,q128_n1024,acc2,0,2048,1403.687,24576,0,0,1
prime_linear,q128_n1024,acc4,0,2048,1324.056,24576,0,0,1
prime_linear,q128_n1024,existing_delayed,0,2048,1492.879,24576,0,0,1
prime_linear,q128_n1024,crypto_bigint_reduce,0,2048,1598.287,24576,0,0,1
prime_linear,q128_n1024,acc8,0,2048,1323.568,24576,0,0,1
prime_linear,q128_n1024,acc8,1,2048,1319.702,24576,0,0,1
prime_linear,q128_n1024,existing_delayed,1,2048,1489.868,24576,0,0,1
prime_linear,q128_n1024,acc4,1,2048,1323.120,24576,0,0,1
prime_linear,q128_n1024,acc2,1,2048,1406.596,24576,0,0,1
prime_linear,q128_n1024,crypto_bigint_reduce,1,2048,1586.609,24576,0,0,1
prime_linear,q128_n1024,acc4,2,2048,1328.979,24576,0,0,1
prime_linear,q128_n1024,acc8,2,2048,1316.406,24576,0,0,1
prime_linear,q128_n1024,crypto_bigint_reduce,2,2048,1591.756,24576,0,0,1
prime_linear,q128_n1024,acc2,2,2048,1405.477,24576,0,0,1
prime_linear,q128_n1024,existing_delayed,2,2048,1484.985,24576,0,0,1
prime_linear,q128_n1024,acc4,3,2048,1324.483,24576,0,0,1
prime_linear,q128_n1024,existing_delayed,3,2048,1497.152,24576,0,0,1
prime_linear,q128_n1024,acc2,3,2048,1411.051,24576,0,0,1
prime_linear,q128_n1024,acc8,3,2048,1316.508,24576,0,0,1
prime_linear,q128_n1024,crypto_bigint_reduce,3,2048,1581.889,24576,0,0,1
prime_linear,q128_n1024,acc4,4,2048,1325.826,24576,0,0,1
prime_linear,q128_n1024,acc8,4,2048,1320.475,24576,0,0,1
prime_linear,q128_n1024,acc2,4,2048,1408.041,24576,0,0,1
prime_linear,q128_n1024,crypto_bigint_reduce,4,2048,1579.427,24576,0,0,1
prime_linear,q128_n1024,existing_delayed,4,2048,1491.150,24576,0,0,1
prime_linear,q128_n1024,acc4,5,2048,1323.466,24576,0,0,1
prime_linear,q128_n1024,acc8,5,2048,1317.667,24576,0,0,1
prime_linear,q128_n1024,existing_delayed,5,2048,1494.202,24576,0,0,1
prime_linear,q128_n1024,acc2,5,2048,1407.552,24576,0,0,1
prime_linear,q128_n1024,crypto_bigint_reduce,5,2048,1582.011,24576,0,0,1
prime_linear,q128_n1024,acc2,6,2048,1406.820,24576,0,0,1
prime_linear,q128_n1024,crypto_bigint_reduce,6,2048,1584.493,24576,0,0,1
prime_linear,q128_n1024,acc4,6,2048,1323.100,24576,0,0,1
prime_linear,q128_n1024,existing_delayed,6,2048,1495.199,24576,0,0,1
prime_linear,q128_n1024,acc8,6,2048,1318.481,24576,0,0,1
prime_linear,q128_n1024,acc8,7,2048,1317.098,24576,0,0,1
prime_linear,q128_n1024,acc2,7,2048,1410.116,24576,0,0,1
prime_linear,q128_n1024,acc4,7,2048,1333.537,24576,0,0,1
prime_linear,q128_n1024,crypto_bigint_reduce,7,2048,1595.316,24576,0,0,1
prime_linear,q128_n1024,existing_delayed,7,2048,1509.318,24576,0,0,1
prime_linear,q128_n1024,acc2,8,2048,1403.809,24576,0,0,1
prime_linear,q128_n1024,existing_delayed,8,2048,1488.912,24576,0,0,1
prime_linear,q128_n1024,acc4,8,2048,1322.937,24576,0,0,1
prime_linear,q128_n1024,acc8,8,2048,1321.777,24576,0,0,1
prime_linear,q128_n1024,crypto_bigint_reduce,8,2048,1585.815,24576,0,0,1
prime_linear,q128_n1024,acc8,9,2048,1322.429,24576,0,0,1
prime_linear,q128_n1024,acc4,9,2048,1325.887,24576,0,0,1
prime_linear,q128_n1024,existing_delayed,9,2048,1484.253,24576,0,0,1
prime_linear,q128_n1024,crypto_bigint_reduce,9,2048,1585.510,24576,0,0,1
prime_linear,q128_n1024,acc2,9,2048,1415.995,24576,0,0,1
prime_linear,q128_n1024,acc8,10,2048,1320.577,24576,0,0,1
prime_linear,q128_n1024,acc4,10,2048,1324.137,24576,0,0,1
prime_linear,q128_n1024,crypto_bigint_reduce,10,2048,1584.981,24576,0,0,1
prime_linear,q128_n1024,existing_delayed,10,2048,1485.921,24576,0,0,1
prime_linear,q128_n1024,acc2,10,2048,1411.886,24576,0,0,1
prime_linear,q128_n1024,acc4,11,2048,1326.782,24576,0,0,1
prime_linear,q128_n1024,crypto_bigint_reduce,11,2048,1579.447,24576,0,0,1
prime_linear,q128_n1024,acc8,11,2048,1317.118,24576,0,0,1
prime_linear,q128_n1024,acc2,11,2048,1405.029,24576,0,0,1
prime_linear,q128_n1024,existing_delayed,11,2048,1493.713,24576,0,0,1
prime_linear,q128_n1024,existing_delayed,12,2048,1493.652,24576,0,0,1
prime_linear,q128_n1024,acc2,12,2048,1404.500,24576,0,0,1
prime_linear,q128_n1024,acc4,12,2048,1322.998,24576,0,0,1
prime_linear,q128_n1024,acc8,12,2048,1318.034,24576,0,0,1
prime_linear,q128_n1024,crypto_bigint_reduce,12,2048,1584.554,24576,0,0,1
prime_linear,q128_n1024,acc4,13,2048,1324.728,24576,0,0,1
prime_linear,q128_n1024,existing_delayed,13,2048,1486.491,24576,0,0,1
prime_linear,q128_n1024,acc8,13,2048,1315.166,24576,0,0,1
prime_linear,q128_n1024,crypto_bigint_reduce,13,2048,1586.568,24576,0,0,1
prime_linear,q128_n1024,acc2,13,2048,1408.224,24576,0,0,1
prime_linear,q128_n1024,existing_delayed,14,2048,1492.004,24576,0,0,1
prime_linear,q128_n1024,acc8,14,2048,1320.719,24576,0,0,1
prime_linear,q128_n1024,acc4,14,2048,1327.535,24576,0,0,1
prime_linear,q128_n1024,crypto_bigint_reduce,14,2048,1581.869,24576,0,0,1
prime_linear,q128_n1024,acc2,14,2048,1410.197,24576,0,0,1
prime_linear,q128_n1024,acc4,15,2048,1323.914,24576,0,0,1
prime_linear,q128_n1024,crypto_bigint_reduce,15,2048,1587.443,24576,0,0,1
prime_linear,q128_n1024,existing_delayed,15,2048,1491.048,24576,0,0,1
prime_linear,q128_n1024,acc8,15,2048,1316.000,24576,0,0,1
prime_linear,q128_n1024,acc2,15,2048,1411.906,24576,0,0,1
prime_linear,q128_n1024,acc8,16,2048,1322.408,24576,0,0,1
prime_linear,q128_n1024,existing_delayed,16,2048,1490.926,24576,0,0,1
prime_linear,q128_n1024,acc4,16,2048,1324.565,24576,0,0,1
prime_linear,q128_n1024,acc2,16,2048,1414.083,24576,0,0,1
prime_linear,q128_n1024,crypto_bigint_reduce,16,2048,1582.377,24576,0,0,1
prime_linear,q128_n1024,existing_delayed,17,2048,1488.647,24576,0,0,1
prime_linear,q128_n1024,acc4,17,2048,1325.928,24576,0,0,1
prime_linear,q128_n1024,acc2,17,2048,1409.261,24576,0,0,1
prime_linear,q128_n1024,crypto_bigint_reduce,17,2048,1583.964,24576,0,0,1
prime_linear,q128_n1024,acc8,17,2048,1315.410,24576,0,0,1
prime_linear,q128_n1024,acc8,18,2048,1318.095,24576,0,0,1
prime_linear,q128_n1024,crypto_bigint_reduce,18,2048,1583.944,24576,0,0,1
prime_linear,q128_n1024,existing_delayed,18,2048,1489.075,24576,0,0,1
prime_linear,q128_n1024,acc2,18,2048,1412.170,24576,0,0,1
prime_linear,q128_n1024,acc4,18,2048,1323.568,24576,0,0,1
prime_linear,q128_n1024,acc4,19,2048,1325.073,24576,0,0,1
prime_linear,q128_n1024,existing_delayed,19,2048,1490.295,24576,0,0,1
prime_linear,q128_n1024,acc8,19,2048,1316.610,24576,0,0,1
prime_linear,q128_n1024,crypto_bigint_reduce,19,2048,1583.008,24576,0,0,1
prime_linear,q128_n1024,acc2,19,2048,1412.700,24576,0,0,1
prime_linear,q128_n1024,acc4,20,2048,1324.259,24576,0,0,1
prime_linear,q128_n1024,acc2,20,2048,1412.781,24576,0,0,1
prime_linear,q128_n1024,existing_delayed,20,2048,1490.845,24576,0,0,1
prime_linear,q128_n1024,crypto_bigint_reduce,20,2048,1581.706,24576,0,0,1
prime_linear,q128_n1024,acc8,20,2048,1317.566,24576,0,0,1
prime_linear,q128_n1024,existing_delayed,21,2048,1490.743,24576,0,0,1
prime_linear,q128_n1024,acc2,21,2048,1410.177,24576,0,0,1
prime_linear,q128_n1024,acc8,21,2048,1319.356,24576,0,0,1
prime_linear,q128_n1024,acc4,21,2048,1323.527,24576,0,0,1
prime_linear,q128_n1024,crypto_bigint_reduce,21,2048,1581.462,24576,0,0,1
prime_linear,q128_n1024,acc2,22,2048,1413.798,24576,0,0,1
prime_linear,q128_n1024,acc4,22,2048,1323.608,24576,0,0,1
prime_linear,q128_n1024,crypto_bigint_reduce,22,2048,1584.697,24576,0,0,1
prime_linear,q128_n1024,acc8,22,2048,1318.746,24576,0,0,1
prime_linear,q128_n1024,existing_delayed,22,2048,1488.525,24576,0,0,1
prime_linear,q128_n1024,acc4,23,2048,1327.311,24576,0,0,1
prime_linear,q128_n1024,crypto_bigint_reduce,23,2048,1585.978,24576,0,0,1
prime_linear,q128_n1024,acc8,23,2048,1316.244,24576,0,0,1
prime_linear,q128_n1024,existing_delayed,23,2048,1486.084,24576,0,0,1
prime_linear,q128_n1024,acc2,23,2048,1416.728,24576,0,0,1
prime_linear,q128_n1024,acc8,24,2048,1319.214,24576,0,0,1
prime_linear,q128_n1024,existing_delayed,24,2048,1487.997,24576,0,0,1
prime_linear,q128_n1024,acc2,24,2048,1406.046,24576,0,0,1
prime_linear,q128_n1024,crypto_bigint_reduce,24,2048,1587.443,24576,0,0,1
prime_linear,q128_n1024,acc4,24,2048,1324.076,24576,0,0,1
prime_linear,q128_n1024,acc2,25,2048,1421.570,24576,0,0,1
prime_linear,q128_n1024,acc4,25,2048,1324.463,24576,0,0,1
prime_linear,q128_n1024,existing_delayed,25,2048,1489.929,24576,0,0,1
prime_linear,q128_n1024,crypto_bigint_reduce,25,2048,1581.441,24576,0,0,1
prime_linear,q128_n1024,acc8,25,2048,1316.264,24576,0,0,1
prime_linear,q128_n1024,acc4,26,2048,1324.158,24576,0,0,1
prime_linear,q128_n1024,acc2,26,2048,1406.291,24576,0,0,1
prime_linear,q128_n1024,existing_delayed,26,2048,1488.281,24576,0,0,1
prime_linear,q128_n1024,crypto_bigint_reduce,26,2048,1583.923,24576,0,0,1
prime_linear,q128_n1024,acc8,26,2048,1314.229,24576,0,0,1
prime_linear,q128_n1024,existing_delayed,27,2048,1488.708,24576,0,0,1
prime_linear,q128_n1024,acc2,27,2048,1409.973,24576,0,0,1
prime_linear,q128_n1024,acc8,27,2048,1320.149,24576,0,0,1
prime_linear,q128_n1024,crypto_bigint_reduce,27,2048,1582.052,24576,0,0,1
prime_linear,q128_n1024,acc4,27,2048,1324.605,24576,0,0,1
prime_linear,q128_n1024,existing_delayed,28,2048,1496.399,24576,0,0,1
prime_linear,q128_n1024,acc2,28,2048,1403.849,24576,0,0,1
prime_linear,q128_n1024,acc8,28,2048,1315.877,24576,0,0,1
prime_linear,q128_n1024,crypto_bigint_reduce,28,2048,1580.994,24576,0,0,1
prime_linear,q128_n1024,acc4,28,2048,1324.768,24576,0,0,1
prime_linear,q128_n1024,crypto_bigint_reduce,29,2048,1581.400,24576,0,0,1
prime_linear,q128_n1024,acc4,29,2048,1324.178,24576,0,0,1
prime_linear,q128_n1024,acc2,29,2048,1406.291,24576,0,0,1
prime_linear,q128_n1024,acc8,29,2048,1318.034,24576,0,0,1
prime_linear,q128_n1024,existing_delayed,29,2048,1488.240,24576,0,0,1
prime_linear,q128_n1024,acc8,30,2048,1323.120,24576,0,0,1
prime_linear,q128_n1024,acc4,30,2048,1324.219,24576,0,0,1
prime_linear,q128_n1024,existing_delayed,30,2048,1487.691,24576,0,0,1
prime_linear,q128_n1024,crypto_bigint_reduce,30,2048,1585.551,24576,0,0,1
prime_linear,q128_n1024,acc2,30,2048,1410.909,24576,0,0,1
prime_linear,q128_n1024,acc4,31,2048,1324.097,24576,0,0,1
prime_linear,q128_n1024,acc2,31,2048,1416.361,24576,0,0,1
prime_linear,q128_n1024,acc8,31,2048,1317.403,24576,0,0,1
prime_linear,q128_n1024,crypto_bigint_reduce,31,2048,1579.387,24576,0,0,1
prime_linear,q128_n1024,existing_delayed,31,2048,1481.974,24576,0,0,1
prime_mul,q128_n1048576,raw_ctx,0,1,5168500.000,50331648,0,0,1
prime_mul,q128_n1048576,checked_per_term,0,1,5716375.000,50331648,0,0,1
prime_mul,q128_n1048576,branded,0,1,5031916.000,50331648,0,0,1
prime_mul,q128_n1048576,configured_field,0,1,8141333.000,251658240,0,0,1
prime_mul,q128_n1048576,branded,1,1,5054042.000,50331648,0,0,1
prime_mul,q128_n1048576,configured_field,1,1,8154292.000,251658240,0,0,1
prime_mul,q128_n1048576,raw_ctx,1,1,5327667.000,50331648,0,0,1
prime_mul,q128_n1048576,checked_per_term,1,1,5899917.000,50331648,0,0,1
prime_mul,q128_n1048576,branded,2,1,5365583.000,50331648,0,0,1
prime_mul,q128_n1048576,configured_field,2,1,8486333.000,251658240,0,0,1
prime_mul,q128_n1048576,raw_ctx,2,1,5061959.000,50331648,0,0,1
prime_mul,q128_n1048576,checked_per_term,2,1,5635875.000,50331648,0,0,1
prime_mul,q128_n1048576,checked_per_term,3,1,5576958.000,50331648,0,0,1
prime_mul,q128_n1048576,configured_field,3,1,8094167.000,251658240,0,0,1
prime_mul,q128_n1048576,raw_ctx,3,1,5137292.000,50331648,0,0,1
prime_mul,q128_n1048576,branded,3,1,5107875.000,50331648,0,0,1
prime_mul,q128_n1048576,configured_field,4,1,8145292.000,251658240,0,0,1
prime_mul,q128_n1048576,branded,4,1,5114917.000,50331648,0,0,1
prime_mul,q128_n1048576,checked_per_term,4,1,5641583.000,50331648,0,0,1
prime_mul,q128_n1048576,raw_ctx,4,1,5151041.000,50331648,0,0,1
prime_mul,q128_n1048576,raw_ctx,5,1,5081667.000,50331648,0,0,1
prime_mul,q128_n1048576,branded,5,1,5030292.000,50331648,0,0,1
prime_mul,q128_n1048576,checked_per_term,5,1,5610667.000,50331648,0,0,1
prime_mul,q128_n1048576,configured_field,5,1,8109041.000,251658240,0,0,1
prime_mul,q128_n1048576,configured_field,6,1,8121666.000,251658240,0,0,1
prime_mul,q128_n1048576,raw_ctx,6,1,5114042.000,50331648,0,0,1
prime_mul,q128_n1048576,checked_per_term,6,1,6202708.000,50331648,0,0,1
prime_mul,q128_n1048576,branded,6,1,5107000.000,50331648,0,0,1
prime_mul,q128_n1048576,branded,7,1,5070333.000,50331648,0,0,1
prime_mul,q128_n1048576,checked_per_term,7,1,5858083.000,50331648,0,0,1
prime_mul,q128_n1048576,raw_ctx,7,1,5480209.000,50331648,0,0,1
prime_mul,q128_n1048576,configured_field,7,1,8433875.000,251658240,0,0,1
prime_mul,q128_n1048576,raw_ctx,8,1,5104875.000,50331648,0,0,1
prime_mul,q128_n1048576,checked_per_term,8,1,5665333.000,50331648,0,0,1
prime_mul,q128_n1048576,branded,8,1,5088583.000,50331648,0,0,1
prime_mul,q128_n1048576,configured_field,8,1,8186250.000,251658240,0,0,1
prime_mul,q128_n1048576,checked_per_term,9,1,5666125.000,50331648,0,0,1
prime_mul,q128_n1048576,configured_field,9,1,8791292.000,251658240,0,0,1
prime_mul,q128_n1048576,raw_ctx,9,1,5125125.000,50331648,0,0,1
prime_mul,q128_n1048576,branded,9,1,5091041.000,50331648,0,0,1
prime_mul,q128_n1048576,checked_per_term,10,1,5677875.000,50331648,0,0,1
prime_mul,q128_n1048576,configured_field,10,1,8126167.000,251658240,0,0,1
prime_mul,q128_n1048576,raw_ctx,10,1,5060375.000,50331648,0,0,1
prime_mul,q128_n1048576,branded,10,1,5050250.000,50331648,0,0,1
prime_mul,q128_n1048576,branded,11,1,5045291.000,50331648,0,0,1
prime_mul,q128_n1048576,checked_per_term,11,1,5557125.000,50331648,0,0,1
prime_mul,q128_n1048576,configured_field,11,1,8126375.000,251658240,0,0,1
prime_mul,q128_n1048576,raw_ctx,11,1,4997084.000,50331648,0,0,1
prime_mul,q128_n1048576,checked_per_term,12,1,5628417.000,50331648,0,0,1
prime_mul,q128_n1048576,branded,12,1,5180167.000,50331648,0,0,1
prime_mul,q128_n1048576,raw_ctx,12,1,5222833.000,50331648,0,0,1
prime_mul,q128_n1048576,configured_field,12,1,8366375.000,251658240,0,0,1
prime_mul,q128_n1048576,raw_ctx,13,1,5306084.000,50331648,0,0,1
prime_mul,q128_n1048576,checked_per_term,13,1,5852792.000,50331648,0,0,1
prime_mul,q128_n1048576,configured_field,13,1,8357125.000,251658240,0,0,1
prime_mul,q128_n1048576,branded,13,1,5307000.000,50331648,0,0,1
prime_mul,q128_n1048576,configured_field,14,1,8163125.000,251658240,0,0,1
prime_mul,q128_n1048576,branded,14,1,5028084.000,50331648,0,0,1
prime_mul,q128_n1048576,raw_ctx,14,1,5008083.000,50331648,0,0,1
prime_mul,q128_n1048576,checked_per_term,14,1,5621792.000,50331648,0,0,1
prime_mul,q128_n1048576,raw_ctx,15,1,5132709.000,50331648,0,0,1
prime_mul,q128_n1048576,branded,15,1,5135250.000,50331648,0,0,1
prime_mul,q128_n1048576,configured_field,15,1,8141250.000,251658240,0,0,1
prime_mul,q128_n1048576,checked_per_term,15,1,5654708.000,50331648,0,0,1
prime_mul,q128_n1048576,checked_per_term,16,1,5689333.000,50331648,0,0,1
prime_mul,q128_n1048576,configured_field,16,1,8166416.000,251658240,0,0,1
prime_mul,q128_n1048576,raw_ctx,16,1,5047375.000,50331648,0,0,1
prime_mul,q128_n1048576,branded,16,1,5140292.000,50331648,0,0,1
prime_mul,q128_n1048576,branded,17,1,5101000.000,50331648,0,0,1
prime_mul,q128_n1048576,checked_per_term,17,1,5597250.000,50331648,0,0,1
prime_mul,q128_n1048576,raw_ctx,17,1,5125667.000,50331648,0,0,1
prime_mul,q128_n1048576,configured_field,17,1,8179416.000,251658240,0,0,1
prime_mul,q128_n1048576,raw_ctx,18,1,5155708.000,50331648,0,0,1
prime_mul,q128_n1048576,configured_field,18,1,8152250.000,251658240,0,0,1
prime_mul,q128_n1048576,branded,18,1,5020125.000,50331648,0,0,1
prime_mul,q128_n1048576,checked_per_term,18,1,5613750.000,50331648,0,0,1
prime_mul,q128_n1048576,branded,19,1,5030708.000,50331648,0,0,1
prime_mul,q128_n1048576,configured_field,19,1,8099042.000,251658240,0,0,1
prime_mul,q128_n1048576,raw_ctx,19,1,4999541.000,50331648,0,0,1
prime_mul,q128_n1048576,checked_per_term,19,1,5567875.000,50331648,0,0,1
prime_mul,q128_n1048576,configured_field,20,1,8111542.000,251658240,0,0,1
prime_mul,q128_n1048576,raw_ctx,20,1,5048375.000,50331648,0,0,1
prime_mul,q128_n1048576,checked_per_term,20,1,5633667.000,50331648,0,0,1
prime_mul,q128_n1048576,branded,20,1,5158083.000,50331648,0,0,1
prime_mul,q128_n1048576,checked_per_term,21,1,5653708.000,50331648,0,0,1
prime_mul,q128_n1048576,configured_field,21,1,8163250.000,251658240,0,0,1
prime_mul,q128_n1048576,raw_ctx,21,1,5016250.000,50331648,0,0,1
prime_mul,q128_n1048576,branded,21,1,5115334.000,50331648,0,0,1
prime_mul,q128_n1048576,raw_ctx,22,1,5019417.000,50331648,0,0,1
prime_mul,q128_n1048576,branded,22,1,5133958.000,50331648,0,0,1
prime_mul,q128_n1048576,configured_field,22,1,8172166.000,251658240,0,0,1
prime_mul,q128_n1048576,checked_per_term,22,1,5729500.000,50331648,0,0,1
prime_mul,q128_n1048576,raw_ctx,23,1,5114209.000,50331648,0,0,1
prime_mul,q128_n1048576,checked_per_term,23,1,5704042.000,50331648,0,0,1
prime_mul,q128_n1048576,configured_field,23,1,8139792.000,251658240,0,0,1
prime_mul,q128_n1048576,branded,23,1,5117916.000,50331648,0,0,1
prime_mul,q128_n1048576,branded,24,1,5048750.000,50331648,0,0,1
prime_mul,q128_n1048576,checked_per_term,24,1,5651917.000,50331648,0,0,1
prime_mul,q128_n1048576,configured_field,24,1,8182834.000,251658240,0,0,1
prime_mul,q128_n1048576,raw_ctx,24,1,5141166.000,50331648,0,0,1
prime_mul,q128_n1048576,raw_ctx,25,1,5065167.000,50331648,0,0,1
prime_mul,q128_n1048576,checked_per_term,25,1,5722250.000,50331648,0,0,1
prime_mul,q128_n1048576,configured_field,25,1,8169542.000,251658240,0,0,1
prime_mul,q128_n1048576,branded,25,1,5094209.000,50331648,0,0,1
prime_mul,q128_n1048576,checked_per_term,26,1,5706916.000,50331648,0,0,1
prime_mul,q128_n1048576,configured_field,26,1,8136167.000,251658240,0,0,1
prime_mul,q128_n1048576,branded,26,1,5022958.000,50331648,0,0,1
prime_mul,q128_n1048576,raw_ctx,26,1,5018542.000,50331648,0,0,1
prime_mul,q128_n1048576,branded,27,1,5137958.000,50331648,0,0,1
prime_mul,q128_n1048576,configured_field,27,1,8138458.000,251658240,0,0,1
prime_mul,q128_n1048576,checked_per_term,27,1,5727916.000,50331648,0,0,1
prime_mul,q128_n1048576,raw_ctx,27,1,5062375.000,50331648,0,0,1
prime_mul,q128_n1048576,raw_ctx,28,1,5050041.000,50331648,0,0,1
prime_mul,q128_n1048576,branded,28,1,5093375.000,50331648,0,0,1
prime_mul,q128_n1048576,configured_field,28,1,8125291.000,251658240,0,0,1
prime_mul,q128_n1048576,checked_per_term,28,1,5673250.000,50331648,0,0,1
prime_mul,q128_n1048576,branded,29,1,5098625.000,50331648,0,0,1
prime_mul,q128_n1048576,checked_per_term,29,1,5633833.000,50331648,0,0,1
prime_mul,q128_n1048576,raw_ctx,29,1,5166542.000,50331648,0,0,1
prime_mul,q128_n1048576,configured_field,29,1,8127416.000,251658240,0,0,1
prime_mul,q128_n1048576,branded,30,1,5108042.000,50331648,0,0,1
prime_mul,q128_n1048576,configured_field,30,1,8188250.000,251658240,0,0,1
prime_mul,q128_n1048576,raw_ctx,30,1,5090750.000,50331648,0,0,1
prime_mul,q128_n1048576,checked_per_term,30,1,5657458.000,50331648,0,0,1
prime_mul,q128_n1048576,raw_ctx,31,1,5108125.000,50331648,0,0,1
prime_mul,q128_n1048576,configured_field,31,1,8137166.000,251658240,0,0,1
prime_mul,q128_n1048576,checked_per_term,31,1,5713208.000,50331648,0,0,1
prime_mul,q128_n1048576,branded,31,1,5071167.000,50331648,0,0,1
prime_dot,q128_n1048576,checked_per_term,0,2,3022937.500,33554432,0,0,1
prime_dot,q128_n1048576,acc8,0,2,2541958.500,33554432,0,0,1
prime_dot,q128_n1048576,existing_delayed,0,2,2453645.500,33554432,0,0,1
prime_dot,q128_n1048576,eager_raw,0,2,6767416.500,33554432,0,0,1
prime_dot,q128_n1048576,crypto_bigint_reduce,0,2,2467979.000,33554432,0,0,1
prime_dot,q128_n1048576,acc2,0,2,2462437.500,33554432,0,0,1
prime_dot,q128_n1048576,acc4,0,2,2431791.500,33554432,0,0,1
prime_dot,q128_n1048576,convert_then_delayed,0,2,3125021.000,67108864,2,33554432,1
prime_dot,q128_n1048576,existing_delayed,1,2,2464458.500,33554432,0,0,1
prime_dot,q128_n1048576,acc8,1,2,2536166.500,33554432,0,0,1
prime_dot,q128_n1048576,acc4,1,2,2436291.500,33554432,0,0,1
prime_dot,q128_n1048576,crypto_bigint_reduce,1,2,2460583.500,33554432,0,0,1
prime_dot,q128_n1048576,acc2,1,2,2453667.000,33554432,0,0,1
prime_dot,q128_n1048576,convert_then_delayed,1,2,3131583.500,67108864,2,33554432,1
prime_dot,q128_n1048576,checked_per_term,1,2,3025000.000,33554432,0,0,1
prime_dot,q128_n1048576,eager_raw,1,2,6761250.000,33554432,0,0,1
prime_dot,q128_n1048576,checked_per_term,2,2,3017354.500,33554432,0,0,1
prime_dot,q128_n1048576,acc2,2,2,2462083.500,33554432,0,0,1
prime_dot,q128_n1048576,convert_then_delayed,2,2,3121500.000,67108864,2,33554432,1
prime_dot,q128_n1048576,existing_delayed,2,2,2468854.500,33554432,0,0,1
prime_dot,q128_n1048576,crypto_bigint_reduce,2,2,2457583.000,33554432,0,0,1
prime_dot,q128_n1048576,eager_raw,2,2,6767270.500,33554432,0,0,1
prime_dot,q128_n1048576,acc8,2,2,2541000.000,33554432,0,0,1
prime_dot,q128_n1048576,acc4,2,2,2431437.500,33554432,0,0,1
prime_dot,q128_n1048576,eager_raw,3,2,6750812.500,33554432,0,0,1
prime_dot,q128_n1048576,acc2,3,2,2453875.000,33554432,0,0,1
prime_dot,q128_n1048576,crypto_bigint_reduce,3,2,2448562.500,33554432,0,0,1
prime_dot,q128_n1048576,convert_then_delayed,3,2,3136333.500,67108864,2,33554432,1
prime_dot,q128_n1048576,acc8,3,2,2539417.000,33554432,0,0,1
prime_dot,q128_n1048576,existing_delayed,3,2,2455458.000,33554432,0,0,1
prime_dot,q128_n1048576,acc4,3,2,2438895.500,33554432,0,0,1
prime_dot,q128_n1048576,checked_per_term,3,2,3020646.000,33554432,0,0,1
prime_dot,q128_n1048576,checked_per_term,4,2,3020833.500,33554432,0,0,1
prime_dot,q128_n1048576,eager_raw,4,2,6774750.000,33554432,0,0,1
prime_dot,q128_n1048576,crypto_bigint_reduce,4,2,2469021.000,33554432,0,0,1
prime_dot,q128_n1048576,existing_delayed,4,2,2463645.500,33554432,0,0,1
prime_dot,q128_n1048576,acc2,4,2,2466354.500,33554432,0,0,1
prime_dot,q128_n1048576,convert_then_delayed,4,2,3120646.000,67108864,2,33554432,1
prime_dot,q128_n1048576,acc8,4,2,2536166.500,33554432,0,0,1
prime_dot,q128_n1048576,acc4,4,2,2438583.500,33554432,0,0,1
prime_dot,q128_n1048576,acc4,5,2,2439208.500,33554432,0,0,1
prime_dot,q128_n1048576,checked_per_term,5,2,3018291.500,33554432,0,0,1
prime_dot,q128_n1048576,eager_raw,5,2,6770708.000,33554432,0,0,1
prime_dot,q128_n1048576,acc2,5,2,2463854.000,33554432,0,0,1
prime_dot,q128_n1048576,convert_then_delayed,5,2,3137166.500,67108864,2,33554432,1
prime_dot,q128_n1048576,existing_delayed,5,2,2460041.500,33554432,0,0,1
prime_dot,q128_n1048576,acc8,5,2,2549416.500,33554432,0,0,1
prime_dot,q128_n1048576,crypto_bigint_reduce,5,2,2454646.000,33554432,0,0,1
prime_dot,q128_n1048576,acc2,6,2,2530354.000,33554432,0,0,1
prime_dot,q128_n1048576,checked_per_term,6,2,3045208.500,33554432,0,0,1
prime_dot,q128_n1048576,acc4,6,2,2474458.000,33554432,0,0,1
prime_dot,q128_n1048576,existing_delayed,6,2,2507271.000,33554432,0,0,1
prime_dot,q128_n1048576,acc8,6,2,2624916.500,33554432,0,0,1
prime_dot,q128_n1048576,eager_raw,6,2,7049125.000,33554432,0,0,1
prime_dot,q128_n1048576,crypto_bigint_reduce,6,2,2555604.500,33554432,0,0,1
prime_dot,q128_n1048576,convert_then_delayed,6,2,3199875.000,67108864,2,33554432,1
prime_dot,q128_n1048576,existing_delayed,7,2,2537250.000,33554432,0,0,1
prime_dot,q128_n1048576,checked_per_term,7,2,3113166.500,33554432,0,0,1
prime_dot,q128_n1048576,acc4,7,2,2505270.500,33554432,0,0,1
prime_dot,q128_n1048576,crypto_bigint_reduce,7,2,2554875.000,33554432,0,0,1
prime_dot,q128_n1048576,acc8,7,2,2658458.500,33554432,0,0,1
prime_dot,q128_n1048576,acc2,7,2,2544333.000,33554432,0,0,1
prime_dot,q128_n1048576,convert_then_delayed,7,2,3257333.500,67108864,2,33554432,1
prime_dot,q128_n1048576,eager_raw,7,2,7074250.000,33554432,0,0,1
prime_dot,q128_n1048576,existing_delayed,8,2,2455562.500,33554432,0,0,1
prime_dot,q128_n1048576,acc2,8,2,2533208.500,33554432,0,0,1
prime_dot,q128_n1048576,eager_raw,8,2,7033854.000,33554432,0,0,1
prime_dot,q128_n1048576,crypto_bigint_reduce,8,2,2533917.000,33554432,0,0,1
prime_dot,q128_n1048576,acc4,8,2,2510541.500,33554432,0,0,1
prime_dot,q128_n1048576,convert_then_delayed,8,2,3227562.500,67108864,2,33554432,1
prime_dot,q128_n1048576,checked_per_term,8,2,3078875.000,33554432,0,0,1
prime_dot,q128_n1048576,acc8,8,2,2581458.500,33554432,0,0,1
prime_dot,q128_n1048576,checked_per_term,9,2,3079333.500,33554432,0,0,1
prime_dot,q128_n1048576,convert_then_delayed,9,2,3387916.500,67108864,2,33554432,1
prime_dot,q128_n1048576,acc4,9,2,2569437.500,33554432,0,0,1
prime_dot,q128_n1048576,crypto_bigint_reduce,9,2,2549854.000,33554432,0,0,1
prime_dot,q128_n1048576,acc8,9,2,2679229.000,33554432,0,0,1
prime_dot,q128_n1048576,eager_raw,9,2,6869229.500,33554432,0,0,1
prime_dot,q128_n1048576,acc2,9,2,2465333.500,33554432,0,0,1
prime_dot,q128_n1048576,existing_delayed,9,2,2462812.500,33554432,0,0,1
prime_dot,q128_n1048576,crypto_bigint_reduce,10,2,2459333.000,33554432,0,0,1
prime_dot,q128_n1048576,existing_delayed,10,2,2467896.000,33554432,0,0,1
prime_dot,q128_n1048576,acc4,10,2,2436895.500,33554432,0,0,1
prime_dot,q128_n1048576,acc8,10,2,2537000.000,33554432,0,0,1
prime_dot,q128_n1048576,checked_per_term,10,2,3023646.000,33554432,0,0,1
prime_dot,q128_n1048576,convert_then_delayed,10,2,3118083.500,67108864,2,33554432,1
prime_dot,q128_n1048576,acc2,10,2,2490354.500,33554432,0,0,1
prime_dot,q128_n1048576,eager_raw,10,2,6758479.500,33554432,0,0,1
prime_dot,q128_n1048576,convert_then_delayed,11,2,3108979.000,67108864,2,33554432,1
prime_dot,q128_n1048576,crypto_bigint_reduce,11,2,2459354.500,33554432,0,0,1
prime_dot,q128_n1048576,acc4,11,2,2427416.500,33554432,0,0,1
prime_dot,q128_n1048576,acc2,11,2,2461375.000,33554432,0,0,1
prime_dot,q128_n1048576,checked_per_term,11,2,3022062.500,33554432,0,0,1
prime_dot,q128_n1048576,existing_delayed,11,2,2454833.500,33554432,0,0,1
prime_dot,q128_n1048576,eager_raw,11,2,6773166.500,33554432,0,0,1
prime_dot,q128_n1048576,acc8,11,2,2543937.500,33554432,0,0,1
prime_dot,q128_n1048576,acc2,12,2,2460250.000,33554432,0,0,1
prime_dot,q128_n1048576,acc4,12,2,2431104.000,33554432,0,0,1
prime_dot,q128_n1048576,acc8,12,2,2545521.000,33554432,0,0,1
prime_dot,q128_n1048576,convert_then_delayed,12,2,3114291.500,67108864,2,33554432,1
prime_dot,q128_n1048576,crypto_bigint_reduce,12,2,2456375.000,33554432,0,0,1
prime_dot,q128_n1048576,checked_per_term,12,2,3017625.000,33554432,0,0,1
prime_dot,q128_n1048576,existing_delayed,12,2,2471750.000,33554432,0,0,1
prime_dot,q128_n1048576,eager_raw,12,2,6766667.000,33554432,0,0,1
prime_dot,q128_n1048576,checked_per_term,13,2,3017145.500,33554432,0,0,1
prime_dot,q128_n1048576,acc8,13,2,2534208.000,33554432,0,0,1
prime_dot,q128_n1048576,acc4,13,2,2427312.500,33554432,0,0,1
prime_dot,q128_n1048576,crypto_bigint_reduce,13,2,2460396.000,33554432,0,0,1
prime_dot,q128_n1048576,acc2,13,2,2460125.000,33554432,0,0,1
prime_dot,q128_n1048576,existing_delayed,13,2,2454875.000,33554432,0,0,1
prime_dot,q128_n1048576,eager_raw,13,2,6761229.500,33554432,0,0,1
prime_dot,q128_n1048576,convert_then_delayed,13,2,3096146.000,67108864,2,33554432,1
prime_dot,q128_n1048576,convert_then_delayed,14,2,3109500.000,67108864,2,33554432,1
prime_dot,q128_n1048576,crypto_bigint_reduce,14,2,2450125.000,33554432,0,0,1
prime_dot,q128_n1048576,acc8,14,2,2523916.500,33554432,0,0,1
prime_dot,q128_n1048576,eager_raw,14,2,6750958.500,33554432,0,0,1
prime_dot,q128_n1048576,checked_per_term,14,2,3020208.500,33554432,0,0,1
prime_dot,q128_n1048576,existing_delayed,14,2,2464583.500,33554432,0,0,1
prime_dot,q128_n1048576,acc2,14,2,2468229.000,33554432,0,0,1
prime_dot,q128_n1048576,acc4,14,2,2426729.000,33554432,0,0,1
prime_dot,q128_n1048576,acc8,15,2,2534083.500,33554432,0,0,1
prime_dot,q128_n1048576,crypto_bigint_reduce,15,2,2455333.000,33554432,0,0,1
prime_dot,q128_n1048576,eager_raw,15,2,6766000.000,33554432,0,0,1
prime_dot,q128_n1048576,checked_per_term,15,2,3020312.500,33554432,0,0,1
prime_dot,q128_n1048576,convert_then_delayed,15,2,3139375.000,67108864,2,33554432,1
prime_dot,q128_n1048576,existing_delayed,15,2,2455937.500,33554432,0,0,1
prime_dot,q128_n1048576,acc2,15,2,2464187.500,33554432,0,0,1
prime_dot,q128_n1048576,acc4,15,2,2431792.000,33554432,0,0,1
prime_dot,q128_n1048576,existing_delayed,16,2,2468437.500,33554432,0,0,1
prime_dot,q128_n1048576,convert_then_delayed,16,2,3133708.500,67108864,2,33554432,1
prime_dot,q128_n1048576,acc2,16,2,2461104.000,33554432,0,0,1
prime_dot,q128_n1048576,eager_raw,16,2,6759417.000,33554432,0,0,1
prime_dot,q128_n1048576,checked_per_term,16,2,3018125.000,33554432,0,0,1
prime_dot,q128_n1048576,crypto_bigint_reduce,16,2,2469271.000,33554432,0,0,1
prime_dot,q128_n1048576,acc8,16,2,2537125.000,33554432,0,0,1
prime_dot,q128_n1048576,acc4,16,2,2425562.500,33554432,0,0,1
prime_dot,q128_n1048576,checked_per_term,17,2,3022833.500,33554432,0,0,1
prime_dot,q128_n1048576,eager_raw,17,2,6772354.000,33554432,0,0,1
prime_dot,q128_n1048576,convert_then_delayed,17,2,3120958.500,67108864,2,33554432,1
prime_dot,q128_n1048576,crypto_bigint_reduce,17,2,2449395.500,33554432,0,0,1
prime_dot,q128_n1048576,acc2,17,2,2456125.000,33554432,0,0,1
prime_dot,q128_n1048576,existing_delayed,17,2,2455979.500,33554432,0,0,1
prime_dot,q128_n1048576,acc4,17,2,2426729.000,33554432,0,0,1
prime_dot,q128_n1048576,acc8,17,2,2531791.500,33554432,0,0,1
prime_dot,q128_n1048576,convert_then_delayed,18,2,3105750.000,67108864,2,33554432,1
prime_dot,q128_n1048576,acc2,18,2,2463979.000,33554432,0,0,1
prime_dot,q128_n1048576,acc4,18,2,2420520.500,33554432,0,0,1
prime_dot,q128_n1048576,crypto_bigint_reduce,18,2,2456125.000,33554432,0,0,1
prime_dot,q128_n1048576,eager_raw,18,2,6748500.000,33554432,0,0,1
prime_dot,q128_n1048576,acc8,18,2,2529979.500,33554432,0,0,1
prime_dot,q128_n1048576,existing_delayed,18,2,2458791.500,33554432,0,0,1
prime_dot,q128_n1048576,checked_per_term,18,2,3025187.500,33554432,0,0,1
prime_dot,q128_n1048576,checked_per_term,19,2,3016437.500,33554432,0,0,1
prime_dot,q128_n1048576,acc4,19,2,2439625.000,33554432,0,0,1
prime_dot,q128_n1048576,acc8,19,2,2527479.000,33554432,0,0,1
prime_dot,q128_n1048576,eager_raw,19,2,6822645.500,33554432,0,0,1
prime_dot,q128_n1048576,existing_delayed,19,2,2494187.500,33554432,0,0,1
prime_dot,q128_n1048576,acc2,19,2,2467083.500,33554432,0,0,1
prime_dot,q128_n1048576,crypto_bigint_reduce,19,2,2473979.000,33554432,0,0,1
prime_dot,q128_n1048576,convert_then_delayed,19,2,3143750.000,67108864,2,33554432,1
prime_dot,q128_n1048576,convert_then_delayed,20,2,3169917.000,67108864,2,33554432,1
prime_dot,q128_n1048576,checked_per_term,20,2,3035083.000,33554432,0,0,1
prime_dot,q128_n1048576,acc4,20,2,2431562.500,33554432,0,0,1
prime_dot,q128_n1048576,crypto_bigint_reduce,20,2,2469271.000,33554432,0,0,1
prime_dot,q128_n1048576,eager_raw,20,2,6762062.500,33554432,0,0,1
prime_dot,q128_n1048576,existing_delayed,20,2,2472166.500,33554432,0,0,1
prime_dot,q128_n1048576,acc8,20,2,2546646.000,33554432,0,0,1
prime_dot,q128_n1048576,acc2,20,2,2455208.500,33554432,0,0,1
prime_dot,q128_n1048576,convert_then_delayed,21,2,3127771.000,67108864,2,33554432,1
prime_dot,q128_n1048576,checked_per_term,21,2,3021187.500,33554432,0,0,1
prime_dot,q128_n1048576,acc2,21,2,2462395.500,33554432,0,0,1
prime_dot,q128_n1048576,acc4,21,2,2443958.000,33554432,0,0,1
prime_dot,q128_n1048576,acc8,21,2,2527312.500,33554432,0,0,1
prime_dot,q128_n1048576,eager_raw,21,2,6755208.500,33554432,0,0,1
prime_dot,q128_n1048576,existing_delayed,21,2,2458396.000,33554432,0,0,1
prime_dot,q128_n1048576,crypto_bigint_reduce,21,2,2456875.000,33554432,0,0,1
prime_dot,q128_n1048576,crypto_bigint_reduce,22,2,2465104.500,33554432,0,0,1
prime_dot,q128_n1048576,eager_raw,22,2,6749729.000,33554432,0,0,1
prime_dot,q128_n1048576,convert_then_delayed,22,2,3088354.500,67108864,2,33554432,1
prime_dot,q128_n1048576,checked_per_term,22,2,3035604.500,33554432,0,0,1
prime_dot,q128_n1048576,acc8,22,2,2529104.500,33554432,0,0,1
prime_dot,q128_n1048576,acc4,22,2,2417729.000,33554432,0,0,1
prime_dot,q128_n1048576,acc2,22,2,2466312.500,33554432,0,0,1
prime_dot,q128_n1048576,existing_delayed,22,2,2458354.000,33554432,0,0,1
prime_dot,q128_n1048576,crypto_bigint_reduce,23,2,2454937.500,33554432,0,0,1
prime_dot,q128_n1048576,convert_then_delayed,23,2,3083770.500,67108864,2,33554432,1
prime_dot,q128_n1048576,acc4,23,2,2431125.000,33554432,0,0,1
prime_dot,q128_n1048576,acc8,23,2,2530083.500,33554432,0,0,1
prime_dot,q128_n1048576,acc2,23,2,2451562.500,33554432,0,0,1
prime_dot,q128_n1048576,checked_per_term,23,2,3014437.500,33554432,0,0,1
prime_dot,q128_n1048576,eager_raw,23,2,6754146.000,33554432,0,0,1
prime_dot,q128_n1048576,existing_delayed,23,2,2449708.500,33554432,0,0,1
prime_dot,q128_n1048576,existing_delayed,24,2,2467229.000,33554432,0,0,1
prime_dot,q128_n1048576,checked_per_term,24,2,3016312.500,33554432,0,0,1
prime_dot,q128_n1048576,acc8,24,2,2524687.500,33554432,0,0,1
prime_dot,q128_n1048576,acc4,24,2,2428000.000,33554432,0,0,1
prime_dot,q128_n1048576,convert_then_delayed,24,2,3106916.500,67108864,2,33554432,1
prime_dot,q128_n1048576,crypto_bigint_reduce,24,2,2452958.000,33554432,0,0,1
prime_dot,q128_n1048576,acc2,24,2,2455583.500,33554432,0,0,1
prime_dot,q128_n1048576,eager_raw,24,2,6841562.500,33554432,0,0,1
prime_dot,q128_n1048576,convert_then_delayed,25,2,3309937.500,67108864,2,33554432,1
prime_dot,q128_n1048576,existing_delayed,25,2,2489896.000,33554432,0,0,1
prime_dot,q128_n1048576,acc4,25,2,2558312.500,33554432,0,0,1
prime_dot,q128_n1048576,checked_per_term,25,2,3039145.500,33554432,0,0,1
prime_dot,q128_n1048576,eager_raw,25,2,6765646.000,33554432,0,0,1
prime_dot,q128_n1048576,acc8,25,2,2531145.500,33554432,0,0,1
prime_dot,q128_n1048576,acc2,25,2,2451604.000,33554432,0,0,1
prime_dot,q128_n1048576,crypto_bigint_reduce,25,2,2455792.000,33554432,0,0,1
prime_dot,q128_n1048576,acc2,26,2,2452604.500,33554432,0,0,1
prime_dot,q128_n1048576,checked_per_term,26,2,3029625.000,33554432,0,0,1
prime_dot,q128_n1048576,convert_then_delayed,26,2,3109229.000,67108864,2,33554432,1
prime_dot,q128_n1048576,crypto_bigint_reduce,26,2,2462479.000,33554432,0,0,1
prime_dot,q128_n1048576,eager_raw,26,2,6752145.500,33554432,0,0,1
prime_dot,q128_n1048576,acc8,26,2,2534208.000,33554432,0,0,1
prime_dot,q128_n1048576,existing_delayed,26,2,2465937.500,33554432,0,0,1
prime_dot,q128_n1048576,acc4,26,2,2423604.500,33554432,0,0,1
prime_dot,q128_n1048576,checked_per_term,27,2,3017208.500,33554432,0,0,1
prime_dot,q128_n1048576,acc2,27,2,2456833.500,33554432,0,0,1
prime_dot,q128_n1048576,existing_delayed,27,2,2450854.000,33554432,0,0,1
prime_dot,q128_n1048576,acc4,27,2,2430791.500,33554432,0,0,1
prime_dot,q128_n1048576,acc8,27,2,2525500.000,33554432,0,0,1
prime_dot,q128_n1048576,eager_raw,27,2,6732521.000,33554432,0,0,1
prime_dot,q128_n1048576,crypto_bigint_reduce,27,2,2450854.000,33554432,0,0,1
prime_dot,q128_n1048576,convert_then_delayed,27,2,3108333.500,67108864,2,33554432,1
prime_dot,q128_n1048576,checked_per_term,28,2,3018833.500,33554432,0,0,1
prime_dot,q128_n1048576,acc8,28,2,2523104.000,33554432,0,0,1
prime_dot,q128_n1048576,acc4,28,2,2418146.000,33554432,0,0,1
prime_dot,q128_n1048576,crypto_bigint_reduce,28,2,2448958.000,33554432,0,0,1
prime_dot,q128_n1048576,convert_then_delayed,28,2,3099521.000,67108864,2,33554432,1
prime_dot,q128_n1048576,existing_delayed,28,2,2449291.500,33554432,0,0,1
prime_dot,q128_n1048576,acc2,28,2,2445896.000,33554432,0,0,1
prime_dot,q128_n1048576,eager_raw,28,2,6722917.000,33554432,0,0,1
prime_dot,q128_n1048576,acc8,29,2,2521145.500,33554432,0,0,1
prime_dot,q128_n1048576,checked_per_term,29,2,3016041.500,33554432,0,0,1
prime_dot,q128_n1048576,existing_delayed,29,2,2454375.000,33554432,0,0,1
prime_dot,q128_n1048576,convert_then_delayed,29,2,3114750.000,67108864,2,33554432,1
prime_dot,q128_n1048576,acc2,29,2,2458521.000,33554432,0,0,1
prime_dot,q128_n1048576,acc4,29,2,2436187.500,33554432,0,0,1
prime_dot,q128_n1048576,crypto_bigint_reduce,29,2,2450771.000,33554432,0,0,1
prime_dot,q128_n1048576,eager_raw,29,2,6753396.000,33554432,0,0,1
prime_dot,q128_n1048576,convert_then_delayed,30,2,3103667.000,67108864,2,33554432,1
prime_dot,q128_n1048576,acc8,30,2,2541500.000,33554432,0,0,1
prime_dot,q128_n1048576,crypto_bigint_reduce,30,2,2451354.500,33554432,0,0,1
prime_dot,q128_n1048576,acc4,30,2,2426354.000,33554432,0,0,1
prime_dot,q128_n1048576,acc2,30,2,2459708.000,33554432,0,0,1
prime_dot,q128_n1048576,checked_per_term,30,2,3016562.500,33554432,0,0,1
prime_dot,q128_n1048576,eager_raw,30,2,6779354.000,33554432,0,0,1
prime_dot,q128_n1048576,existing_delayed,30,2,2465375.000,33554432,0,0,1
prime_dot,q128_n1048576,acc2,31,2,2458104.000,33554432,0,0,1
prime_dot,q128_n1048576,eager_raw,31,2,6750708.500,33554432,0,0,1
prime_dot,q128_n1048576,existing_delayed,31,2,2455437.500,33554432,0,0,1
prime_dot,q128_n1048576,acc4,31,2,2438604.000,33554432,0,0,1
prime_dot,q128_n1048576,acc8,31,2,2528979.500,33554432,0,0,1
prime_dot,q128_n1048576,convert_then_delayed,31,2,3127396.000,67108864,2,33554432,1
prime_dot,q128_n1048576,crypto_bigint_reduce,31,2,2468166.500,33554432,0,0,1
prime_dot,q128_n1048576,checked_per_term,31,2,3024604.000,33554432,0,0,1
prime_linear,q128_n1048576,existing_delayed,0,2,1568750.000,25165824,0,0,1
prime_linear,q128_n1048576,acc2,0,2,1478125.000,25165824,0,0,1
prime_linear,q128_n1048576,acc8,0,2,1375646.000,25165824,0,0,1
prime_linear,q128_n1048576,crypto_bigint_reduce,0,2,1547145.500,25165824,0,0,1
prime_linear,q128_n1048576,acc4,0,2,1345104.000,25165824,0,0,1
prime_linear,q128_n1048576,existing_delayed,1,2,1520604.000,25165824,0,0,1
prime_linear,q128_n1048576,crypto_bigint_reduce,1,2,1517042.000,25165824,0,0,1
prime_linear,q128_n1048576,acc4,1,2,1344458.000,25165824,0,0,1
prime_linear,q128_n1048576,acc2,1,2,1432500.000,25165824,0,0,1
prime_linear,q128_n1048576,acc8,1,2,1334416.500,25165824,0,0,1
prime_linear,q128_n1048576,acc2,2,2,1422083.000,25165824,0,0,1
prime_linear,q128_n1048576,existing_delayed,2,2,1518208.500,25165824,0,0,1
prime_linear,q128_n1048576,acc8,2,2,1338833.500,25165824,0,0,1
prime_linear,q128_n1048576,crypto_bigint_reduce,2,2,1523687.500,25165824,0,0,1
prime_linear,q128_n1048576,acc4,2,2,1340437.500,25165824,0,0,1
prime_linear,q128_n1048576,crypto_bigint_reduce,3,2,1518833.000,25165824,0,0,1
prime_linear,q128_n1048576,acc2,3,2,1418395.500,25165824,0,0,1
prime_linear,q128_n1048576,acc4,3,2,1340417.000,25165824,0,0,1
prime_linear,q128_n1048576,acc8,3,2,1340021.000,25165824,0,0,1
prime_linear,q128_n1048576,existing_delayed,3,2,1522812.500,25165824,0,0,1
prime_linear,q128_n1048576,acc8,4,2,1337145.500,25165824,0,0,1
prime_linear,q128_n1048576,acc4,4,2,1343354.500,25165824,0,0,1
prime_linear,q128_n1048576,acc2,4,2,1417437.500,25165824,0,0,1
prime_linear,q128_n1048576,existing_delayed,4,2,1524208.500,25165824,0,0,1
prime_linear,q128_n1048576,crypto_bigint_reduce,4,2,1522916.500,25165824,0,0,1
prime_linear,q128_n1048576,acc4,5,2,1341687.500,25165824,0,0,1
prime_linear,q128_n1048576,crypto_bigint_reduce,5,2,1528146.000,25165824,0,0,1
prime_linear,q128_n1048576,acc8,5,2,1336708.500,25165824,0,0,1
prime_linear,q128_n1048576,existing_delayed,5,2,1522750.000,25165824,0,0,1
prime_linear,q128_n1048576,acc2,5,2,1421146.000,25165824,0,0,1
prime_linear,q128_n1048576,existing_delayed,6,2,1517062.500,25165824,0,0,1
prime_linear,q128_n1048576,acc2,6,2,1419916.500,25165824,0,0,1
prime_linear,q128_n1048576,acc8,6,2,1335604.000,25165824,0,0,1
prime_linear,q128_n1048576,acc4,6,2,1346854.500,25165824,0,0,1
prime_linear,q128_n1048576,crypto_bigint_reduce,6,2,1518104.000,25165824,0,0,1
prime_linear,q128_n1048576,existing_delayed,7,2,1518625.000,25165824,0,0,1
prime_linear,q128_n1048576,acc4,7,2,1343167.000,25165824,0,0,1
prime_linear,q128_n1048576,crypto_bigint_reduce,7,2,1513020.500,25165824,0,0,1
prime_linear,q128_n1048576,acc2,7,2,1419146.000,25165824,0,0,1
prime_linear,q128_n1048576,acc8,7,2,1336333.500,25165824,0,0,1
prime_linear,q128_n1048576,acc2,8,2,1420062.500,25165824,0,0,1
prime_linear,q128_n1048576,acc8,8,2,1338125.000,25165824,0,0,1
prime_linear,q128_n1048576,existing_delayed,8,2,1520562.500,25165824,0,0,1
prime_linear,q128_n1048576,acc4,8,2,1342146.000,25165824,0,0,1
prime_linear,q128_n1048576,crypto_bigint_reduce,8,2,1522833.500,25165824,0,0,1
prime_linear,q128_n1048576,acc2,9,2,1420417.000,25165824,0,0,1
prime_linear,q128_n1048576,acc8,9,2,1339104.000,25165824,0,0,1
prime_linear,q128_n1048576,crypto_bigint_reduce,9,2,1521062.500,25165824,0,0,1
prime_linear,q128_n1048576,acc4,9,2,1340083.500,25165824,0,0,1
prime_linear,q128_n1048576,existing_delayed,9,2,1516770.500,25165824,0,0,1
prime_linear,q128_n1048576,acc4,10,2,1341416.500,25165824,0,0,1
prime_linear,q128_n1048576,existing_delayed,10,2,1512625.000,25165824,0,0,1
prime_linear,q128_n1048576,acc2,10,2,1422729.000,25165824,0,0,1
prime_linear,q128_n1048576,acc8,10,2,1335458.500,25165824,0,0,1
prime_linear,q128_n1048576,crypto_bigint_reduce,10,2,1515958.000,25165824,0,0,1
prime_linear,q128_n1048576,acc4,11,2,1340041.500,25165824,0,0,1
prime_linear,q128_n1048576,crypto_bigint_reduce,11,2,1511083.500,25165824,0,0,1
prime_linear,q128_n1048576,existing_delayed,11,2,1513854.000,25165824,0,0,1
prime_linear,q128_n1048576,acc2,11,2,1421562.500,25165824,0,0,1
prime_linear,q128_n1048576,acc8,11,2,1342042.000,25165824,0,0,1
prime_linear,q128_n1048576,acc8,12,2,1340146.000,25165824,0,0,1
prime_linear,q128_n1048576,existing_delayed,12,2,1516292.000,25165824,0,0,1
prime_linear,q128_n1048576,crypto_bigint_reduce,12,2,1527062.500,25165824,0,0,1
prime_linear,q128_n1048576,acc2,12,2,1420646.000,25165824,0,0,1
prime_linear,q128_n1048576,acc4,12,2,1341583.000,25165824,0,0,1
prime_linear,q128_n1048576,acc8,13,2,1332020.500,25165824,0,0,1
prime_linear,q128_n1048576,acc2,13,2,1423791.500,25165824,0,0,1
prime_linear,q128_n1048576,crypto_bigint_reduce,13,2,1517083.000,25165824,0,0,1
prime_linear,q128_n1048576,existing_delayed,13,2,1515291.500,25165824,0,0,1
prime_linear,q128_n1048576,acc4,13,2,1340271.000,25165824,0,0,1
prime_linear,q128_n1048576,crypto_bigint_reduce,14,2,1511833.000,25165824,0,0,1
prime_linear,q128_n1048576,acc4,14,2,1342354.500,25165824,0,0,1
prime_linear,q128_n1048576,acc8,14,2,1339229.000,25165824,0,0,1
prime_linear,q128_n1048576,existing_delayed,14,2,1514667.000,25165824,0,0,1
prime_linear,q128_n1048576,acc2,14,2,1419416.500,25165824,0,0,1
prime_linear,q128_n1048576,crypto_bigint_reduce,15,2,1519479.500,25165824,0,0,1
prime_linear,q128_n1048576,existing_delayed,15,2,1512083.500,25165824,0,0,1
prime_linear,q128_n1048576,acc2,15,2,1421021.000,25165824,0,0,1
prime_linear,q128_n1048576,acc8,15,2,1338166.500,25165824,0,0,1
prime_linear,q128_n1048576,acc4,15,2,1345917.000,25165824,0,0,1
prime_linear,q128_n1048576,crypto_bigint_reduce,16,2,1517958.000,25165824,0,0,1
prime_linear,q128_n1048576,acc2,16,2,1419500.000,25165824,0,0,1
prime_linear,q128_n1048576,acc4,16,2,1343208.500,25165824,0,0,1
prime_linear,q128_n1048576,existing_delayed,16,2,1512146.000,25165824,0,0,1
prime_linear,q128_n1048576,acc8,16,2,1336521.000,25165824,0,0,1
prime_linear,q128_n1048576,acc2,17,2,1423500.000,25165824,0,0,1
prime_linear,q128_n1048576,existing_delayed,17,2,1515750.000,25165824,0,0,1
prime_linear,q128_n1048576,acc4,17,2,1340166.500,25165824,0,0,1
prime_linear,q128_n1048576,crypto_bigint_reduce,17,2,1519312.500,25165824,0,0,1
prime_linear,q128_n1048576,acc8,17,2,1338395.500,25165824,0,0,1
prime_linear,q128_n1048576,crypto_bigint_reduce,18,2,1522125.000,25165824,0,0,1
prime_linear,q128_n1048576,acc4,18,2,1340875.000,25165824,0,0,1
prime_linear,q128_n1048576,existing_delayed,18,2,1522541.500,25165824,0,0,1
prime_linear,q128_n1048576,acc8,18,2,1335541.500,25165824,0,0,1
prime_linear,q128_n1048576,acc2,18,2,1422729.000,25165824,0,0,1
prime_linear,q128_n1048576,existing_delayed,19,2,1518270.500,25165824,0,0,1
prime_linear,q128_n1048576,acc4,19,2,1341708.000,25165824,0,0,1
prime_linear,q128_n1048576,crypto_bigint_reduce,19,2,1516937.500,25165824,0,0,1
prime_linear,q128_n1048576,acc8,19,2,1331437.500,25165824,0,0,1
prime_linear,q128_n1048576,acc2,19,2,1425125.000,25165824,0,0,1
prime_linear,q128_n1048576,acc4,20,2,1339312.500,25165824,0,0,1
prime_linear,q128_n1048576,acc8,20,2,1338083.000,25165824,0,0,1
prime_linear,q128_n1048576,acc2,20,2,1421458.000,25165824,0,0,1
prime_linear,q128_n1048576,existing_delayed,20,2,1513666.500,25165824,0,0,1
prime_linear,q128_n1048576,crypto_bigint_reduce,20,2,1517958.500,25165824,0,0,1
prime_linear,q128_n1048576,acc4,21,2,1339771.000,25165824,0,0,1
prime_linear,q128_n1048576,acc2,21,2,1428833.500,25165824,0,0,1
prime_linear,q128_n1048576,acc8,21,2,1384625.000,25165824,0,0,1
prime_linear,q128_n1048576,existing_delayed,21,2,1570104.000,25165824,0,0,1
prime_linear,q128_n1048576,crypto_bigint_reduce,21,2,1566979.000,25165824,0,0,1
prime_linear,q128_n1048576,acc4,22,2,1422917.000,25165824,0,0,1
prime_linear,q128_n1048576,crypto_bigint_reduce,22,2,1571395.500,25165824,0,0,1
prime_linear,q128_n1048576,acc2,22,2,1419104.500,25165824,0,0,1
prime_linear,q128_n1048576,acc8,22,2,1337500.000,25165824,0,0,1
prime_linear,q128_n1048576,existing_delayed,22,2,1520083.500,25165824,0,0,1
prime_linear,q128_n1048576,acc2,23,2,1426541.500,25165824,0,0,1
prime_linear,q128_n1048576,crypto_bigint_reduce,23,2,1517291.500,25165824,0,0,1
prime_linear,q128_n1048576,acc4,23,2,1340458.500,25165824,0,0,1
prime_linear,q128_n1048576,acc8,23,2,1333937.500,25165824,0,0,1
prime_linear,q128_n1048576,existing_delayed,23,2,1523562.500,25165824,0,0,1
prime_linear,q128_n1048576,existing_delayed,24,2,1522937.500,25165824,0,0,1
prime_linear,q128_n1048576,acc8,24,2,1331875.000,25165824,0,0,1
prime_linear,q128_n1048576,acc4,24,2,1340687.500,25165824,0,0,1
prime_linear,q128_n1048576,crypto_bigint_reduce,24,2,1516833.500,25165824,0,0,1
prime_linear,q128_n1048576,acc2,24,2,1420521.000,25165824,0,0,1
prime_linear,q128_n1048576,acc2,25,2,1420312.500,25165824,0,0,1
prime_linear,q128_n1048576,acc8,25,2,1334604.500,25165824,0,0,1
prime_linear,q128_n1048576,acc4,25,2,1342687.500,25165824,0,0,1
prime_linear,q128_n1048576,existing_delayed,25,2,1513958.500,25165824,0,0,1
prime_linear,q128_n1048576,crypto_bigint_reduce,25,2,1523062.500,25165824,0,0,1
prime_linear,q128_n1048576,crypto_bigint_reduce,26,2,1511896.000,25165824,0,0,1
prime_linear,q128_n1048576,existing_delayed,26,2,1509916.500,25165824,0,0,1
prime_linear,q128_n1048576,acc2,26,2,1424875.000,25165824,0,0,1
prime_linear,q128_n1048576,acc4,26,2,1340375.000,25165824,0,0,1
prime_linear,q128_n1048576,acc8,26,2,1336521.000,25165824,0,0,1
prime_linear,q128_n1048576,crypto_bigint_reduce,27,2,1517646.000,25165824,0,0,1
prime_linear,q128_n1048576,acc4,27,2,1340458.000,25165824,0,0,1
prime_linear,q128_n1048576,existing_delayed,27,2,1517625.000,25165824,0,0,1
prime_linear,q128_n1048576,acc2,27,2,1420604.000,25165824,0,0,1
prime_linear,q128_n1048576,acc8,27,2,1339041.500,25165824,0,0,1
prime_linear,q128_n1048576,acc8,28,2,1337854.500,25165824,0,0,1
prime_linear,q128_n1048576,acc2,28,2,1422583.500,25165824,0,0,1
prime_linear,q128_n1048576,existing_delayed,28,2,1515021.000,25165824,0,0,1
prime_linear,q128_n1048576,crypto_bigint_reduce,28,2,1513875.000,25165824,0,0,1
prime_linear,q128_n1048576,acc4,28,2,1342167.000,25165824,0,0,1
prime_linear,q128_n1048576,crypto_bigint_reduce,29,2,1514958.000,25165824,0,0,1
prime_linear,q128_n1048576,acc4,29,2,1345291.500,25165824,0,0,1
prime_linear,q128_n1048576,acc8,29,2,1336312.500,25165824,0,0,1
prime_linear,q128_n1048576,acc2,29,2,1429729.000,25165824,0,0,1
prime_linear,q128_n1048576,existing_delayed,29,2,1515250.000,25165824,0,0,1
prime_linear,q128_n1048576,acc4,30,2,1342062.500,25165824,0,0,1
prime_linear,q128_n1048576,acc2,30,2,1427333.000,25165824,0,0,1
prime_linear,q128_n1048576,acc8,30,2,1339646.000,25165824,0,0,1
prime_linear,q128_n1048576,existing_delayed,30,2,1514729.000,25165824,0,0,1
prime_linear,q128_n1048576,crypto_bigint_reduce,30,2,1522812.500,25165824,0,0,1
prime_linear,q128_n1048576,existing_delayed,31,2,1525479.000,25165824,0,0,1
prime_linear,q128_n1048576,acc4,31,2,1340771.000,25165824,0,0,1
prime_linear,q128_n1048576,crypto_bigint_reduce,31,2,1514833.500,25165824,0,0,1
prime_linear,q128_n1048576,acc8,31,2,1339896.000,25165824,0,0,1
prime_linear,q128_n1048576,acc2,31,2,1420833.000,25165824,0,0,1
integer_mac,l1_n16,checked_per_term,0,1048576,13.097,256,0,0,1
integer_mac,l1_n16,fused,0,1048576,5.839,256,0,0,1
integer_mac,l1_n16,circuit_z,0,1048576,5.450,256,0,0,1
integer_mac,l1_n16,fused,1,1048576,5.855,256,0,0,1
integer_mac,l1_n16,circuit_z,1,1048576,5.463,256,0,0,1
integer_mac,l1_n16,checked_per_term,1,1048576,13.164,256,0,0,1
integer_mac,l1_n16,checked_per_term,2,1048576,13.213,256,0,0,1
integer_mac,l1_n16,fused,2,1048576,5.892,256,0,0,1
integer_mac,l1_n16,circuit_z,2,1048576,5.462,256,0,0,1
integer_mac,l1_n16,fused,3,1048576,5.846,256,0,0,1
integer_mac,l1_n16,circuit_z,3,1048576,5.459,256,0,0,1
integer_mac,l1_n16,checked_per_term,3,1048576,13.291,256,0,0,1
integer_mac,l1_n16,checked_per_term,4,1048576,13.102,256,0,0,1
integer_mac,l1_n16,circuit_z,4,1048576,5.520,256,0,0,1
integer_mac,l1_n16,fused,4,1048576,5.877,256,0,0,1
integer_mac,l1_n16,fused,5,1048576,5.875,256,0,0,1
integer_mac,l1_n16,circuit_z,5,1048576,5.460,256,0,0,1
integer_mac,l1_n16,checked_per_term,5,1048576,13.114,256,0,0,1
integer_mac,l1_n16,circuit_z,6,1048576,5.490,256,0,0,1
integer_mac,l1_n16,fused,6,1048576,5.853,256,0,0,1
integer_mac,l1_n16,checked_per_term,6,1048576,13.213,256,0,0,1
integer_mac,l1_n16,checked_per_term,7,1048576,13.134,256,0,0,1
integer_mac,l1_n16,fused,7,1048576,5.866,256,0,0,1
integer_mac,l1_n16,circuit_z,7,1048576,5.477,256,0,0,1
integer_mac,l1_n16,circuit_z,8,1048576,5.457,256,0,0,1
integer_mac,l1_n16,checked_per_term,8,1048576,13.149,256,0,0,1
integer_mac,l1_n16,fused,8,1048576,5.845,256,0,0,1
integer_mac,l1_n16,circuit_z,9,1048576,5.466,256,0,0,1
integer_mac,l1_n16,fused,9,1048576,5.824,256,0,0,1
integer_mac,l1_n16,checked_per_term,9,1048576,13.088,256,0,0,1
integer_mac,l1_n16,checked_per_term,10,1048576,13.184,256,0,0,1
integer_mac,l1_n16,fused,10,1048576,5.823,256,0,0,1
integer_mac,l1_n16,circuit_z,10,1048576,5.434,256,0,0,1
integer_mac,l1_n16,fused,11,1048576,5.840,256,0,0,1
integer_mac,l1_n16,checked_per_term,11,1048576,13.132,256,0,0,1
integer_mac,l1_n16,circuit_z,11,1048576,5.449,256,0,0,1
integer_mac,l1_n16,checked_per_term,12,1048576,13.169,256,0,0,1
integer_mac,l1_n16,circuit_z,12,1048576,5.512,256,0,0,1
integer_mac,l1_n16,fused,12,1048576,5.835,256,0,0,1
integer_mac,l1_n16,fused,13,1048576,5.863,256,0,0,1
integer_mac,l1_n16,circuit_z,13,1048576,5.468,256,0,0,1
integer_mac,l1_n16,checked_per_term,13,1048576,13.267,256,0,0,1
integer_mac,l1_n16,fused,14,1048576,5.861,256,0,0,1
integer_mac,l1_n16,circuit_z,14,1048576,5.510,256,0,0,1
integer_mac,l1_n16,checked_per_term,14,1048576,13.257,256,0,0,1
integer_mac,l1_n16,checked_per_term,15,1048576,13.144,256,0,0,1
integer_mac,l1_n16,circuit_z,15,1048576,5.461,256,0,0,1
integer_mac,l1_n16,fused,15,1048576,5.845,256,0,0,1
integer_mac,l1_n16,circuit_z,16,1048576,5.429,256,0,0,1
integer_mac,l1_n16,checked_per_term,16,1048576,13.094,256,0,0,1
integer_mac,l1_n16,fused,16,1048576,5.841,256,0,0,1
integer_mac,l1_n16,checked_per_term,17,1048576,13.154,256,0,0,1
integer_mac,l1_n16,fused,17,1048576,5.843,256,0,0,1
integer_mac,l1_n16,circuit_z,17,1048576,5.434,256,0,0,1
integer_mac,l1_n16,circuit_z,18,1048576,5.438,256,0,0,1
integer_mac,l1_n16,checked_per_term,18,1048576,13.291,256,0,0,1
integer_mac,l1_n16,fused,18,1048576,5.844,256,0,0,1
integer_mac,l1_n16,checked_per_term,19,1048576,13.125,256,0,0,1
integer_mac,l1_n16,fused,19,1048576,5.851,256,0,0,1
integer_mac,l1_n16,circuit_z,19,1048576,5.471,256,0,0,1
integer_mac,l1_n16,checked_per_term,20,1048576,13.093,256,0,0,1
integer_mac,l1_n16,circuit_z,20,1048576,5.462,256,0,0,1
integer_mac,l1_n16,fused,20,1048576,5.823,256,0,0,1
integer_mac,l1_n16,circuit_z,21,1048576,5.464,256,0,0,1
integer_mac,l1_n16,fused,21,1048576,5.926,256,0,0,1
integer_mac,l1_n16,checked_per_term,21,1048576,13.233,256,0,0,1
integer_mac,l1_n16,fused,22,1048576,5.841,256,0,0,1
integer_mac,l1_n16,circuit_z,22,1048576,5.534,256,0,0,1
integer_mac,l1_n16,checked_per_term,22,1048576,13.339,256,0,0,1
integer_mac,l1_n16,circuit_z,23,1048576,5.424,256,0,0,1
integer_mac,l1_n16,checked_per_term,23,1048576,13.100,256,0,0,1
integer_mac,l1_n16,fused,23,1048576,5.828,256,0,0,1
integer_mac,l1_n16,checked_per_term,24,1048576,13.139,256,0,0,1
integer_mac,l1_n16,circuit_z,24,1048576,5.468,256,0,0,1
integer_mac,l1_n16,fused,24,1048576,5.840,256,0,0,1
integer_mac,l1_n16,fused,25,1048576,5.854,256,0,0,1
integer_mac,l1_n16,checked_per_term,25,1048576,13.164,256,0,0,1
integer_mac,l1_n16,circuit_z,25,1048576,5.455,256,0,0,1
integer_mac,l1_n16,checked_per_term,26,1048576,13.177,256,0,0,1
integer_mac,l1_n16,circuit_z,26,1048576,5.470,256,0,0,1
integer_mac,l1_n16,fused,26,1048576,5.860,256,0,0,1
integer_mac,l1_n16,checked_per_term,27,1048576,13.353,256,0,0,1
integer_mac,l1_n16,circuit_z,27,1048576,5.474,256,0,0,1
integer_mac,l1_n16,fused,27,1048576,5.863,256,0,0,1
integer_mac,l1_n16,fused,28,1048576,5.967,256,0,0,1
integer_mac,l1_n16,checked_per_term,28,1048576,13.284,256,0,0,1
integer_mac,l1_n16,circuit_z,28,1048576,5.434,256,0,0,1
integer_mac,l1_n16,fused,29,1048576,5.851,256,0,0,1
integer_mac,l1_n16,circuit_z,29,1048576,5.516,256,0,0,1
integer_mac,l1_n16,checked_per_term,29,1048576,13.342,256,0,0,1
integer_mac,l1_n16,circuit_z,30,1048576,5.473,256,0,0,1
integer_mac,l1_n16,checked_per_term,30,1048576,13.162,256,0,0,1
integer_mac,l1_n16,fused,30,1048576,5.844,256,0,0,1
integer_mac,l1_n16,circuit_z,31,1048576,5.479,256,0,0,1
integer_mac,l1_n16,checked_per_term,31,1048576,13.091,256,0,0,1
integer_mac,l1_n16,fused,31,1048576,5.830,256,0,0,1
integer_mac,l1_n1024,circuit_z,0,16384,321.569,16384,0,0,1
integer_mac,l1_n1024,checked_per_term,0,16384,766.416,16384,0,0,1
integer_mac,l1_n1024,fused,0,16384,336.525,16384,0,0,1
integer_mac,l1_n1024,circuit_z,1,16384,321.925,16384,0,0,1
integer_mac,l1_n1024,fused,1,16384,336.993,16384,0,0,1
integer_mac,l1_n1024,checked_per_term,1,16384,768.634,16384,0,0,1
integer_mac,l1_n1024,circuit_z,2,16384,322.416,16384,0,0,1
integer_mac,l1_n1024,fused,2,16384,337.486,16384,0,0,1
integer_mac,l1_n1024,checked_per_term,2,16384,767.825,16384,0,0,1
integer_mac,l1_n1024,fused,3,16384,337.952,16384,0,0,1
integer_mac,l1_n1024,circuit_z,3,16384,322.273,16384,0,0,1
integer_mac,l1_n1024,checked_per_term,3,16384,768.697,16384,0,0,1
integer_mac,l1_n1024,circuit_z,4,16384,323.168,16384,0,0,1
integer_mac,l1_n1024,checked_per_term,4,16384,778.982,16384,0,0,1
integer_mac,l1_n1024,fused,4,16384,339.607,16384,0,0,1
integer_mac,l1_n1024,fused,5,16384,337.374,16384,0,0,1
integer_mac,l1_n1024,checked_per_term,5,16384,769.742,16384,0,0,1
integer_mac,l1_n1024,circuit_z,5,16384,323.357,16384,0,0,1
integer_mac,l1_n1024,circuit_z,6,16384,323.496,16384,0,0,1
integer_mac,l1_n1024,fused,6,16384,339.381,16384,0,0,1
integer_mac,l1_n1024,checked_per_term,6,16384,770.999,16384,0,0,1
integer_mac,l1_n1024,circuit_z,7,16384,324.760,16384,0,0,1
integer_mac,l1_n1024,checked_per_term,7,16384,769.587,16384,0,0,1
integer_mac,l1_n1024,fused,7,16384,339.424,16384,0,0,1
integer_mac,l1_n1024,checked_per_term,8,16384,769.638,16384,0,0,1
integer_mac,l1_n1024,circuit_z,8,16384,321.932,16384,0,0,1
integer_mac,l1_n1024,fused,8,16384,338.247,16384,0,0,1
integer_mac,l1_n1024,checked_per_term,9,16384,769.648,16384,0,0,1
integer_mac,l1_n1024,circuit_z,9,16384,323.629,16384,0,0,1
integer_mac,l1_n1024,fused,9,16384,337.369,16384,0,0,1
integer_mac,l1_n1024,circuit_z,10,16384,324.061,16384,0,0,1
integer_mac,l1_n1024,checked_per_term,10,16384,769.020,16384,0,0,1
integer_mac,l1_n1024,fused,10,16384,338.977,16384,0,0,1
integer_mac,l1_n1024,fused,11,16384,337.603,16384,0,0,1
integer_mac,l1_n1024,circuit_z,11,16384,323.769,16384,0,0,1
integer_mac,l1_n1024,checked_per_term,11,16384,769.137,16384,0,0,1
integer_mac,l1_n1024,fused,12,16384,337.878,16384,0,0,1
integer_mac,l1_n1024,circuit_z,12,16384,323.090,16384,0,0,1
integer_mac,l1_n1024,checked_per_term,12,16384,767.682,16384,0,0,1
integer_mac,l1_n1024,fused,13,16384,336.894,16384,0,0,1
integer_mac,l1_n1024,circuit_z,13,16384,321.187,16384,0,0,1
integer_mac,l1_n1024,checked_per_term,13,16384,767.654,16384,0,0,1
integer_mac,l1_n1024,circuit_z,14,16384,321.767,16384,0,0,1
integer_mac,l1_n1024,checked_per_term,14,16384,775.403,16384,0,0,1
integer_mac,l1_n1024,fused,14,16384,360.120,16384,0,0,1
integer_mac,l1_n1024,circuit_z,15,16384,347.173,16384,0,0,1
integer_mac,l1_n1024,fused,15,16384,347.735,16384,0,0,1
integer_mac,l1_n1024,checked_per_term,15,16384,770.437,16384,0,0,1
integer_mac,l1_n1024,checked_per_term,16,16384,769.552,16384,0,0,1
integer_mac,l1_n1024,fused,16,16384,337.987,16384,0,0,1
integer_mac,l1_n1024,circuit_z,16,16384,324.699,16384,0,0,1
integer_mac,l1_n1024,checked_per_term,17,16384,769.714,16384,0,0,1
integer_mac,l1_n1024,fused,17,16384,338.603,16384,0,0,1
integer_mac,l1_n1024,circuit_z,17,16384,323.115,16384,0,0,1
integer_mac,l1_n1024,checked_per_term,18,16384,769.635,16384,0,0,1
integer_mac,l1_n1024,circuit_z,18,16384,322.141,16384,0,0,1
integer_mac,l1_n1024,fused,18,16384,338.015,16384,0,0,1
integer_mac,l1_n1024,checked_per_term,19,16384,770.332,16384,0,0,1
integer_mac,l1_n1024,circuit_z,19,16384,329.910,16384,0,0,1
integer_mac,l1_n1024,fused,19,16384,340.118,16384,0,0,1
integer_mac,l1_n1024,circuit_z,20,16384,321.996,16384,0,0,1
integer_mac,l1_n1024,checked_per_term,20,16384,767.906,16384,0,0,1
integer_mac,l1_n1024,fused,20,16384,337.751,16384,0,0,1
integer_mac,l1_n1024,circuit_z,21,16384,322.734,16384,0,0,1
integer_mac,l1_n1024,fused,21,16384,338.303,16384,0,0,1
integer_mac,l1_n1024,checked_per_term,21,16384,768.387,16384,0,0,1
integer_mac,l1_n1024,checked_per_term,22,16384,768.850,16384,0,0,1
integer_mac,l1_n1024,fused,22,16384,337.626,16384,0,0,1
integer_mac,l1_n1024,circuit_z,22,16384,321.386,16384,0,0,1
integer_mac,l1_n1024,circuit_z,23,16384,322.240,16384,0,0,1
integer_mac,l1_n1024,checked_per_term,23,16384,767.512,16384,0,0,1
integer_mac,l1_n1024,fused,23,16384,338.203,16384,0,0,1
integer_mac,l1_n1024,circuit_z,24,16384,322.072,16384,0,0,1
integer_mac,l1_n1024,checked_per_term,24,16384,768.562,16384,0,0,1
integer_mac,l1_n1024,fused,24,16384,337.100,16384,0,0,1
integer_mac,l1_n1024,circuit_z,25,16384,323.237,16384,0,0,1
integer_mac,l1_n1024,fused,25,16384,337.552,16384,0,0,1
integer_mac,l1_n1024,checked_per_term,25,16384,768.277,16384,0,0,1
integer_mac,l1_n1024,circuit_z,26,16384,322.283,16384,0,0,1
integer_mac,l1_n1024,checked_per_term,26,16384,767.942,16384,0,0,1
integer_mac,l1_n1024,fused,26,16384,337.362,16384,0,0,1
integer_mac,l1_n1024,checked_per_term,27,16384,768.583,16384,0,0,1
integer_mac,l1_n1024,circuit_z,27,16384,321.866,16384,0,0,1
integer_mac,l1_n1024,fused,27,16384,336.955,16384,0,0,1
integer_mac,l1_n1024,fused,28,16384,338.132,16384,0,0,1
integer_mac,l1_n1024,checked_per_term,28,16384,767.489,16384,0,0,1
integer_mac,l1_n1024,circuit_z,28,16384,322.744,16384,0,0,1
integer_mac,l1_n1024,circuit_z,29,16384,321.709,16384,0,0,1
integer_mac,l1_n1024,checked_per_term,29,16384,768.878,16384,0,0,1
integer_mac,l1_n1024,fused,29,16384,338.514,16384,0,0,1
integer_mac,l1_n1024,checked_per_term,30,16384,768.021,16384,0,0,1
integer_mac,l1_n1024,circuit_z,30,16384,321.752,16384,0,0,1
integer_mac,l1_n1024,fused,30,16384,337.405,16384,0,0,1
integer_mac,l1_n1024,checked_per_term,31,16384,768.366,16384,0,0,1
integer_mac,l1_n1024,circuit_z,31,16384,324.997,16384,0,0,1
integer_mac,l1_n1024,fused,31,16384,337.257,16384,0,0,1
integer_mac,l1_n65536,fused,0,256,20448.895,1048576,0,0,1
integer_mac,l1_n65536,checked_per_term,0,256,48456.707,1048576,0,0,1
integer_mac,l1_n65536,circuit_z,0,256,20427.574,1048576,0,0,1
integer_mac,l1_n65536,checked_per_term,1,256,48461.590,1048576,0,0,1
integer_mac,l1_n65536,fused,1,256,20418.785,1048576,0,0,1
integer_mac,l1_n65536,circuit_z,1,256,20510.902,1048576,0,0,1
integer_mac,l1_n65536,circuit_z,2,256,20395.672,1048576,0,0,1
integer_mac,l1_n65536,fused,2,256,20534.180,1048576,0,0,1
integer_mac,l1_n65536,checked_per_term,2,256,48480.957,1048576,0,0,1
integer_mac,l1_n65536,fused,3,256,20448.078,1048576,0,0,1
integer_mac,l1_n65536,checked_per_term,3,256,48450.684,1048576,0,0,1
integer_mac,l1_n65536,circuit_z,3,256,20448.891,1048576,0,0,1
integer_mac,l1_n65536,circuit_z,4,256,20491.535,1048576,0,0,1
integer_mac,l1_n65536,checked_per_term,4,256,48480.305,1048576,0,0,1
integer_mac,l1_n65536,fused,4,256,20437.500,1048576,0,0,1
integer_mac,l1_n65536,checked_per_term,5,256,48452.148,1048576,0,0,1
integer_mac,l1_n65536,circuit_z,5,256,20427.246,1048576,0,0,1
integer_mac,l1_n65536,fused,5,256,20432.617,1048576,0,0,1
integer_mac,l1_n65536,fused,6,256,20486.492,1048576,0,0,1
integer_mac,l1_n65536,checked_per_term,6,256,48469.727,1048576,0,0,1
integer_mac,l1_n65536,circuit_z,6,256,20341.145,1048576,0,0,1
integer_mac,l1_n65536,circuit_z,7,256,20554.035,1048576,0,0,1
integer_mac,l1_n65536,fused,7,256,20442.871,1048576,0,0,1
integer_mac,l1_n65536,checked_per_term,7,256,48937.824,1048576,0,0,1
integer_mac,l1_n65536,fused,8,256,21186.035,1048576,0,0,1
integer_mac,l1_n65536,checked_per_term,8,256,48824.055,1048576,0,0,1
integer_mac,l1_n65536,circuit_z,8,256,20526.695,1048576,0,0,1
integer_mac,l1_n65536,circuit_z,9,256,20588.539,1048576,0,0,1
integer_mac,l1_n65536,checked_per_term,9,256,48699.219,1048576,0,0,1
integer_mac,l1_n65536,fused,9,256,20539.223,1048576,0,0,1
integer_mac,l1_n65536,circuit_z,10,256,20561.523,1048576,0,0,1
integer_mac,l1_n65536,checked_per_term,10,256,48733.562,1048576,0,0,1
integer_mac,l1_n65536,fused,10,256,20574.383,1048576,0,0,1
integer_mac,l1_n65536,circuit_z,11,256,20444.336,1048576,0,0,1
integer_mac,l1_n65536,fused,11,256,20530.273,1048576,0,0,1
integer_mac,l1_n65536,checked_per_term,11,256,48636.066,1048576,0,0,1
integer_mac,l1_n65536,fused,12,256,20573.895,1048576,0,0,1
integer_mac,l1_n65536,circuit_z,12,256,20388.512,1048576,0,0,1
integer_mac,l1_n65536,checked_per_term,12,256,48656.086,1048576,0,0,1
integer_mac,l1_n65536,circuit_z,13,256,20496.582,1048576,0,0,1
integer_mac,l1_n65536,checked_per_term,13,256,48569.172,1048576,0,0,1
integer_mac,l1_n65536,fused,13,256,20534.832,1048576,0,0,1
integer_mac,l1_n65536,circuit_z,14,256,20491.047,1048576,0,0,1
integer_mac,l1_n65536,fused,14,256,20449.707,1048576,0,0,1
integer_mac,l1_n65536,checked_per_term,14,256,48633.465,1048576,0,0,1
integer_mac,l1_n65536,fused,15,256,20561.688,1048576,0,0,1
integer_mac,l1_n65536,circuit_z,15,256,20419.434,1048576,0,0,1
integer_mac,l1_n65536,checked_per_term,15,256,49558.430,1048576,0,0,1
integer_mac,l1_n65536,fused,16,256,21708.332,1048576,0,0,1
integer_mac,l1_n65536,checked_per_term,16,256,48567.547,1048576,0,0,1
integer_mac,l1_n65536,circuit_z,16,256,20645.348,1048576,0,0,1
integer_mac,l1_n65536,fused,17,256,20482.586,1048576,0,0,1
integer_mac,l1_n65536,checked_per_term,17,256,48626.629,1048576,0,0,1
integer_mac,l1_n65536,circuit_z,17,256,20506.836,1048576,0,0,1
integer_mac,l1_n65536,circuit_z,18,256,20473.957,1048576,0,0,1
integer_mac,l1_n65536,checked_per_term,18,256,48731.445,1048576,0,0,1
integer_mac,l1_n65536,fused,18,256,20527.180,1048576,0,0,1
integer_mac,l1_n65536,fused,19,256,20422.203,1048576,0,0,1
integer_mac,l1_n65536,checked_per_term,19,256,48586.102,1048576,0,0,1
integer_mac,l1_n65536,circuit_z,19,256,20438.152,1048576,0,0,1
integer_mac,l1_n65536,circuit_z,20,256,20397.949,1048576,0,0,1
integer_mac,l1_n65536,fused,20,256,20507.000,1048576,0,0,1
integer_mac,l1_n65536,checked_per_term,20,256,48547.688,1048576,0,0,1
integer_mac,l1_n65536,fused,21,256,20456.867,1048576,0,0,1
integer_mac,l1_n65536,checked_per_term,21,256,48548.988,1048576,0,0,1
integer_mac,l1_n65536,circuit_z,21,256,20353.027,1048576,0,0,1
integer_mac,l1_n65536,circuit_z,22,256,20363.445,1048576,0,0,1
integer_mac,l1_n65536,fused,22,256,20380.695,1048576,0,0,1
integer_mac,l1_n65536,checked_per_term,22,256,48566.406,1048576,0,0,1
integer_mac,l1_n65536,circuit_z,23,256,20434.730,1048576,0,0,1
integer_mac,l1_n65536,checked_per_term,23,256,48570.961,1048576,0,0,1
integer_mac,l1_n65536,fused,23,256,20494.465,1048576,0,0,1
integer_mac,l1_n65536,circuit_z,24,256,20476.562,1048576,0,0,1
integer_mac,l1_n65536,fused,24,256,20482.098,1048576,0,0,1
integer_mac,l1_n65536,checked_per_term,24,256,48612.469,1048576,0,0,1
integer_mac,l1_n65536,fused,25,256,20490.070,1048576,0,0,1
integer_mac,l1_n65536,circuit_z,25,256,20394.371,1048576,0,0,1
integer_mac,l1_n65536,checked_per_term,25,256,48598.145,1048576,0,0,1
integer_mac,l1_n65536,circuit_z,26,256,20443.688,1048576,0,0,1
integer_mac,l1_n65536,fused,26,256,20498.047,1048576,0,0,1
integer_mac,l1_n65536,checked_per_term,26,256,48497.719,1048576,0,0,1
integer_mac,l1_n65536,circuit_z,27,256,20428.223,1048576,0,0,1
integer_mac,l1_n65536,checked_per_term,27,256,48990.723,1048576,0,0,1
integer_mac,l1_n65536,fused,27,256,20459.309,1048576,0,0,1
integer_mac,l1_n65536,fused,28,256,20458.660,1048576,0,0,1
integer_mac,l1_n65536,circuit_z,28,256,20412.762,1048576,0,0,1
integer_mac,l1_n65536,checked_per_term,28,256,48445.641,1048576,0,0,1
integer_mac,l1_n65536,circuit_z,29,256,20387.695,1048576,0,0,1
integer_mac,l1_n65536,checked_per_term,29,256,48581.219,1048576,0,0,1
integer_mac,l1_n65536,fused,29,256,20438.477,1048576,0,0,1
integer_mac,l1_n65536,checked_per_term,30,256,48475.586,1048576,0,0,1
integer_mac,l1_n65536,circuit_z,30,256,20476.562,1048576,0,0,1
integer_mac,l1_n65536,fused,30,256,20419.434,1048576,0,0,1
integer_mac,l1_n65536,checked_per_term,31,256,48463.055,1048576,0,0,1
integer_mac,l1_n65536,circuit_z,31,256,20363.934,1048576,0,0,1
integer_mac,l1_n65536,fused,31,256,20416.668,1048576,0,0,1
integer_mac,l2_n16,checked_per_term,0,262144,21.791,512,0,0,1
integer_mac,l2_n16,fused,0,262144,16.200,512,0,0,1
integer_mac,l2_n16,circuit_z,0,262144,12.270,512,0,0,1
integer_mac,l2_n16,checked_per_term,1,262144,21.988,512,0,0,1
integer_mac,l2_n16,fused,1,262144,16.229,512,0,0,1
integer_mac,l2_n16,circuit_z,1,262144,12.301,512,0,0,1
integer_mac,l2_n16,fused,2,262144,16.203,512,0,0,1
integer_mac,l2_n16,circuit_z,2,262144,12.257,512,0,0,1
integer_mac,l2_n16,checked_per_term,2,262144,21.633,512,0,0,1
integer_mac,l2_n16,circuit_z,3,262144,12.302,512,0,0,1
integer_mac,l2_n16,fused,3,262144,16.174,512,0,0,1
integer_mac,l2_n16,checked_per_term,3,262144,21.583,512,0,0,1
integer_mac,l2_n16,checked_per_term,4,262144,21.653,512,0,0,1
integer_mac,l2_n16,circuit_z,4,262144,12.316,512,0,0,1
integer_mac,l2_n16,fused,4,262144,16.143,512,0,0,1
integer_mac,l2_n16,fused,5,262144,16.096,512,0,0,1
integer_mac,l2_n16,circuit_z,5,262144,12.217,512,0,0,1
integer_mac,l2_n16,checked_per_term,5,262144,21.561,512,0,0,1
integer_mac,l2_n16,checked_per_term,6,262144,22.454,512,0,0,1
integer_mac,l2_n16,fused,6,262144,16.529,512,0,0,1
integer_mac,l2_n16,circuit_z,6,262144,13.005,512,0,0,1
integer_mac,l2_n16,fused,7,262144,17.233,512,0,0,1
integer_mac,l2_n16,checked_per_term,7,262144,23.101,512,0,0,1
integer_mac,l2_n16,circuit_z,7,262144,12.411,512,0,0,1
integer_mac,l2_n16,fused,8,262144,16.301,512,0,0,1
integer_mac,l2_n16,circuit_z,8,262144,12.367,512,0,0,1
integer_mac,l2_n16,checked_per_term,8,262144,21.828,512,0,0,1
integer_mac,l2_n16,checked_per_term,9,262144,22.031,512,0,0,1
integer_mac,l2_n16,fused,9,262144,16.160,512,0,0,1
integer_mac,l2_n16,circuit_z,9,262144,12.222,512,0,0,1
integer_mac,l2_n16,fused,10,262144,16.118,512,0,0,1
integer_mac,l2_n16,circuit_z,10,262144,12.238,512,0,0,1
integer_mac,l2_n16,checked_per_term,10,262144,22.361,512,0,0,1
integer_mac,l2_n16,circuit_z,11,262144,12.240,512,0,0,1
integer_mac,l2_n16,fused,11,262144,16.112,512,0,0,1
integer_mac,l2_n16,checked_per_term,11,262144,20.933,512,0,0,1
integer_mac,l2_n16,checked_per_term,12,262144,22.114,512,0,0,1
integer_mac,l2_n16,circuit_z,12,262144,12.329,512,0,0,1
integer_mac,l2_n16,fused,12,262144,16.235,512,0,0,1
integer_mac,l2_n16,fused,13,262144,16.289,512,0,0,1
integer_mac,l2_n16,checked_per_term,13,262144,21.823,512,0,0,1
integer_mac,l2_n16,circuit_z,13,262144,12.282,512,0,0,1
integer_mac,l2_n16,circuit_z,14,262144,12.299,512,0,0,1
integer_mac,l2_n16,checked_per_term,14,262144,21.944,512,0,0,1
integer_mac,l2_n16,fused,14,262144,16.273,512,0,0,1
integer_mac,l2_n16,circuit_z,15,262144,12.249,512,0,0,1
integer_mac,l2_n16,fused,15,262144,16.201,512,0,0,1
integer_mac,l2_n16,checked_per_term,15,262144,21.742,512,0,0,1
integer_mac,l2_n16,checked_per_term,16,262144,21.820,512,0,0,1
integer_mac,l2_n16,circuit_z,16,262144,12.247,512,0,0,1
integer_mac,l2_n16,fused,16,262144,16.132,512,0,0,1
integer_mac,l2_n16,circuit_z,17,262144,12.279,512,0,0,1
integer_mac,l2_n16,checked_per_term,17,262144,21.734,512,0,0,1
integer_mac,l2_n16,fused,17,262144,16.167,512,0,0,1
integer_mac,l2_n16,fused,18,262144,16.197,512,0,0,1
integer_mac,l2_n16,circuit_z,18,262144,12.302,512,0,0,1
integer_mac,l2_n16,checked_per_term,18,262144,21.744,512,0,0,1
integer_mac,l2_n16,circuit_z,19,262144,12.279,512,0,0,1
integer_mac,l2_n16,checked_per_term,19,262144,21.640,512,0,0,1
integer_mac,l2_n16,fused,19,262144,16.215,512,0,0,1
integer_mac,l2_n16,circuit_z,20,262144,12.330,512,0,0,1
integer_mac,l2_n16,checked_per_term,20,262144,21.144,512,0,0,1
integer_mac,l2_n16,fused,20,262144,16.217,512,0,0,1
integer_mac,l2_n16,fused,21,262144,16.147,512,0,0,1
integer_mac,l2_n16,checked_per_term,21,262144,21.849,512,0,0,1
integer_mac,l2_n16,circuit_z,21,262144,12.347,512,0,0,1
integer_mac,l2_n16,circuit_z,22,262144,12.263,512,0,0,1
integer_mac,l2_n16,checked_per_term,22,262144,21.689,512,0,0,1
integer_mac,l2_n16,fused,22,262144,16.126,512,0,0,1
integer_mac,l2_n16,fused,23,262144,16.153,512,0,0,1
integer_mac,l2_n16,checked_per_term,23,262144,21.735,512,0,0,1
integer_mac,l2_n16,circuit_z,23,262144,12.322,512,0,0,1
integer_mac,l2_n16,fused,24,262144,16.196,512,0,0,1
integer_mac,l2_n16,circuit_z,24,262144,12.240,512,0,0,1
integer_mac,l2_n16,checked_per_term,24,262144,21.869,512,0,0,1
integer_mac,l2_n16,checked_per_term,25,262144,21.442,512,0,0,1
integer_mac,l2_n16,circuit_z,25,262144,12.268,512,0,0,1
integer_mac,l2_n16,fused,25,262144,16.168,512,0,0,1
integer_mac,l2_n16,fused,26,262144,16.146,512,0,0,1
integer_mac,l2_n16,checked_per_term,26,262144,21.395,512,0,0,1
integer_mac,l2_n16,circuit_z,26,262144,12.271,512,0,0,1
integer_mac,l2_n16,fused,27,262144,16.131,512,0,0,1
integer_mac,l2_n16,checked_per_term,27,262144,21.528,512,0,0,1
integer_mac,l2_n16,circuit_z,27,262144,12.279,512,0,0,1
integer_mac,l2_n16,checked_per_term,28,262144,21.877,512,0,0,1
integer_mac,l2_n16,fused,28,262144,16.168,512,0,0,1
integer_mac,l2_n16,circuit_z,28,262144,12.231,512,0,0,1
integer_mac,l2_n16,checked_per_term,29,262144,21.927,512,0,0,1
integer_mac,l2_n16,fused,29,262144,16.132,512,0,0,1
integer_mac,l2_n16,circuit_z,29,262144,12.280,512,0,0,1
integer_mac,l2_n16,checked_per_term,30,262144,21.725,512,0,0,1
integer_mac,l2_n16,fused,30,262144,16.170,512,0,0,1
integer_mac,l2_n16,circuit_z,30,262144,12.266,512,0,0,1
integer_mac,l2_n16,checked_per_term,31,262144,21.115,512,0,0,1
integer_mac,l2_n16,circuit_z,31,262144,12.235,512,0,0,1
integer_mac,l2_n16,fused,31,262144,16.164,512,0,0,1
integer_mac,l2_n1024,fused,0,8192,1608.917,32768,0,0,1
integer_mac,l2_n1024,circuit_z,0,8192,673.854,32768,0,0,1
integer_mac,l2_n1024,checked_per_term,0,8192,1590.393,32768,0,0,1
integer_mac,l2_n1024,fused,1,8192,1609.797,32768,0,0,1
integer_mac,l2_n1024,circuit_z,1,8192,675.405,32768,0,0,1
integer_mac,l2_n1024,checked_per_term,1,8192,1585.846,32768,0,0,1
integer_mac,l2_n1024,circuit_z,2,8192,672.729,32768,0,0,1
integer_mac,l2_n1024,fused,2,8192,1612.737,32768,0,0,1
integer_mac,l2_n1024,checked_per_term,2,8192,1594.213,32768,0,0,1
integer_mac,l2_n1024,checked_per_term,3,8192,1597.748,32768,0,0,1
integer_mac,l2_n1024,circuit_z,3,8192,676.839,32768,0,0,1
integer_mac,l2_n1024,fused,3,8192,1613.800,32768,0,0,1
integer_mac,l2_n1024,checked_per_term,4,8192,1597.443,32768,0,0,1
integer_mac,l2_n1024,circuit_z,4,8192,675.914,32768,0,0,1
integer_mac,l2_n1024,fused,4,8192,1608.943,32768,0,0,1
integer_mac,l2_n1024,fused,5,8192,1614.100,32768,0,0,1
integer_mac,l2_n1024,circuit_z,5,8192,677.470,32768,0,0,1
integer_mac,l2_n1024,checked_per_term,5,8192,1590.444,32768,0,0,1
integer_mac,l2_n1024,circuit_z,6,8192,677.714,32768,0,0,1
integer_mac,l2_n1024,checked_per_term,6,8192,1591.426,32768,0,0,1
integer_mac,l2_n1024,fused,6,8192,1609.228,32768,0,0,1
integer_mac,l2_n1024,fused,7,8192,1610.336,32768,0,0,1
integer_mac,l2_n1024,checked_per_term,7,8192,1591.090,32768,0,0,1
integer_mac,l2_n1024,circuit_z,7,8192,673.589,32768,0,0,1
integer_mac,l2_n1024,circuit_z,8,8192,675.771,32768,0,0,1
integer_mac,l2_n1024,checked_per_term,8,8192,1591.558,32768,0,0,1
integer_mac,l2_n1024,fused,8,8192,1612.178,32768,0,0,1
integer_mac,l2_n1024,circuit_z,9,8192,675.227,32768,0,0,1
integer_mac,l2_n1024,fused,9,8192,1610.280,32768,0,0,1
integer_mac,l2_n1024,checked_per_term,9,8192,1587.916,32768,0,0,1
integer_mac,l2_n1024,checked_per_term,10,8192,1588.394,32768,0,0,1
integer_mac,l2_n1024,circuit_z,10,8192,677.226,32768,0,0,1
integer_mac,l2_n1024,fused,10,8192,1612.366,32768,0,0,1
integer_mac,l2_n1024,circuit_z,11,8192,676.442,32768,0,0,1
integer_mac,l2_n1024,fused,11,8192,1611.104,32768,0,0,1
integer_mac,l2_n1024,checked_per_term,11,8192,1592.021,32768,0,0,1
integer_mac,l2_n1024,fused,12,8192,1611.038,32768,0,0,1
integer_mac,l2_n1024,checked_per_term,12,8192,1589.666,32768,0,0,1
integer_mac,l2_n1024,circuit_z,12,8192,674.749,32768,0,0,1
integer_mac,l2_n1024,checked_per_term,13,8192,1595.194,32768,0,0,1
integer_mac,l2_n1024,circuit_z,13,8192,675.405,32768,0,0,1
integer_mac,l2_n1024,fused,13,8192,1610.107,32768,0,0,1
integer_mac,l2_n1024,fused,14,8192,1611.710,32768,0,0,1
integer_mac,l2_n1024,checked_per_term,14,8192,1591.670,32768,0,0,1
integer_mac,l2_n1024,circuit_z,14,8192,674.688,32768,0,0,1
integer_mac,l2_n1024,checked_per_term,15,8192,1622.996,32768,0,0,1
integer_mac,l2_n1024,circuit_z,15,8192,680.145,32768,0,0,1
integer_mac,l2_n1024,fused,15,8192,1611.583,32768,0,0,1
integer_mac,l2_n1024,fused,16,8192,1615.799,32768,0,0,1
integer_mac,l2_n1024,circuit_z,16,8192,681.920,32768,0,0,1
integer_mac,l2_n1024,checked_per_term,16,8192,1682.638,32768,0,0,1
integer_mac,l2_n1024,checked_per_term,17,8192,1623.352,32768,0,0,1
integer_mac,l2_n1024,fused,17,8192,1616.231,32768,0,0,1
integer_mac,l2_n1024,circuit_z,17,8192,674.891,32768,0,0,1
integer_mac,l2_n1024,fused,18,8192,1609.100,32768,0,0,1
integer_mac,l2_n1024,circuit_z,18,8192,676.661,32768,0,0,1
integer_mac,l2_n1024,checked_per_term,18,8192,1595.179,32768,0,0,1
integer_mac,l2_n1024,checked_per_term,19,8192,1592.463,32768,0,0,1
integer_mac,l2_n1024,circuit_z,19,8192,677.795,32768,0,0,1
integer_mac,l2_n1024,fused,19,8192,1611.796,32768,0,0,1
integer_mac,l2_n1024,circuit_z,20,8192,679.209,32768,0,0,1
integer_mac,l2_n1024,checked_per_term,20,8192,1600.632,32768,0,0,1
integer_mac,l2_n1024,fused,20,8192,1610.443,32768,0,0,1
integer_mac,l2_n1024,fused,21,8192,1613.866,32768,0,0,1
integer_mac,l2_n1024,circuit_z,21,8192,675.741,32768,0,0,1
integer_mac,l2_n1024,checked_per_term,21,8192,1589.615,32768,0,0,1
integer_mac,l2_n1024,circuit_z,22,8192,677.526,32768,0,0,1
integer_mac,l2_n1024,checked_per_term,22,8192,1594.950,32768,0,0,1
integer_mac,l2_n1024,fused,22,8192,1610.504,32768,0,0,1
integer_mac,l2_n1024,fused,23,8192,1608.663,32768,0,0,1
integer_mac,l2_n1024,circuit_z,23,8192,676.239,32768,0,0,1
integer_mac,l2_n1024,checked_per_term,23,8192,1592.860,32768,0,0,1
integer_mac,l2_n1024,fused,24,8192,1613.032,32768,0,0,1
integer_mac,l2_n1024,checked_per_term,24,8192,1591.939,32768,0,0,1
integer_mac,l2_n1024,circuit_z,24,8192,674.606,32768,0,0,1
integer_mac,l2_n1024,checked_per_term,25,8192,1589.035,32768,0,0,1
integer_mac,l2_n1024,circuit_z,25,8192,677.389,32768,0,0,1
integer_mac,l2_n1024,fused,25,8192,1611.476,32768,0,0,1
integer_mac,l2_n1024,fused,26,8192,1611.155,32768,0,0,1
integer_mac,l2_n1024,checked_per_term,26,8192,1590.851,32768,0,0,1
integer_mac,l2_n1024,circuit_z,26,8192,674.861,32768,0,0,1
integer_mac,l2_n1024,circuit_z,27,8192,676.402,32768,0,0,1
integer_mac,l2_n1024,checked_per_term,27,8192,1585.693,32768,0,0,1
integer_mac,l2_n1024,fused,27,8192,1608.770,32768,0,0,1
integer_mac,l2_n1024,circuit_z,28,8192,674.723,32768,0,0,1
integer_mac,l2_n1024,checked_per_term,28,8192,1590.602,32768,0,0,1
integer_mac,l2_n1024,fused,28,8192,1615.763,32768,0,0,1
integer_mac,l2_n1024,circuit_z,29,8192,708.557,32768,0,0,1
integer_mac,l2_n1024,checked_per_term,29,8192,1596.252,32768,0,0,1
integer_mac,l2_n1024,fused,29,8192,1615.402,32768,0,0,1
integer_mac,l2_n1024,circuit_z,30,8192,681.569,32768,0,0,1
integer_mac,l2_n1024,checked_per_term,30,8192,1595.484,32768,0,0,1
integer_mac,l2_n1024,fused,30,8192,1616.582,32768,0,0,1
integer_mac,l2_n1024,fused,31,8192,1617.452,32768,0,0,1
integer_mac,l2_n1024,checked_per_term,31,8192,1593.521,32768,0,0,1
integer_mac,l2_n1024,circuit_z,31,8192,677.958,32768,0,0,1
integer_mac,l2_n65536,fused,0,128,102101.234,2097152,0,0,1
integer_mac,l2_n65536,circuit_z,0,128,43226.891,2097152,0,0,1
integer_mac,l2_n65536,checked_per_term,0,128,102230.141,2097152,0,0,1
integer_mac,l2_n65536,circuit_z,1,128,43125.648,2097152,0,0,1
integer_mac,l2_n65536,checked_per_term,1,128,102481.125,2097152,0,0,1
integer_mac,l2_n65536,fused,1,128,101927.078,2097152,0,0,1
integer_mac,l2_n65536,circuit_z,2,128,43161.453,2097152,0,0,1
integer_mac,l2_n65536,checked_per_term,2,128,104432.945,2097152,0,0,1
integer_mac,l2_n65536,fused,2,128,102228.516,2097152,0,0,1
integer_mac,l2_n65536,checked_per_term,3,128,102501.953,2097152,0,0,1
integer_mac,l2_n65536,circuit_z,3,128,43143.883,2097152,0,0,1
integer_mac,l2_n65536,fused,3,128,102118.812,2097152,0,0,1
integer_mac,l2_n65536,checked_per_term,4,128,102440.102,2097152,0,0,1
integer_mac,l2_n65536,circuit_z,4,128,43374.023,2097152,0,0,1
integer_mac,l2_n65536,fused,4,128,101873.047,2097152,0,0,1
integer_mac,l2_n65536,fused,5,128,101928.062,2097152,0,0,1
integer_mac,l2_n65536,circuit_z,5,128,43307.617,2097152,0,0,1
integer_mac,l2_n65536,checked_per_term,5,128,102425.133,2097152,0,0,1
integer_mac,l2_n65536,checked_per_term,6,128,102328.453,2097152,0,0,1
integer_mac,l2_n65536,circuit_z,6,128,43211.914,2097152,0,0,1
integer_mac,l2_n65536,fused,6,128,102080.398,2097152,0,0,1
integer_mac,l2_n65536,fused,7,128,101975.906,2097152,0,0,1
integer_mac,l2_n65536,checked_per_term,7,128,102145.836,2097152,0,0,1
integer_mac,l2_n65536,circuit_z,7,128,42972.008,2097152,0,0,1
integer_mac,l2_n65536,fused,8,128,101753.578,2097152,0,0,1
integer_mac,l2_n65536,circuit_z,8,128,42991.867,2097152,0,0,1
integer_mac,l2_n65536,checked_per_term,8,128,106475.906,2097152,0,0,1
integer_mac,l2_n65536,checked_per_term,9,128,103028.977,2097152,0,0,1
integer_mac,l2_n65536,fused,9,128,101821.938,2097152,0,0,1
integer_mac,l2_n65536,circuit_z,9,128,43379.227,2097152,0,0,1
integer_mac,l2_n65536,checked_per_term,10,128,102681.312,2097152,0,0,1
integer_mac,l2_n65536,circuit_z,10,128,43220.047,2097152,0,0,1
integer_mac,l2_n65536,fused,10,128,103576.172,2097152,0,0,1
integer_mac,l2_n65536,checked_per_term,11,128,104598.312,2097152,0,0,1
integer_mac,l2_n65536,circuit_z,11,128,42928.711,2097152,0,0,1
integer_mac,l2_n65536,fused,11,128,101805.344,2097152,0,0,1
integer_mac,l2_n65536,fused,12,128,102686.523,2097152,0,0,1
integer_mac,l2_n65536,checked_per_term,12,128,102341.148,2097152,0,0,1
integer_mac,l2_n65536,circuit_z,12,128,43057.289,2097152,0,0,1
integer_mac,l2_n65536,checked_per_term,13,128,102473.633,2097152,0,0,1
integer_mac,l2_n65536,fused,13,128,101969.070,2097152,0,0,1
integer_mac,l2_n65536,circuit_z,13,128,43256.836,2097152,0,0,1
integer_mac,l2_n65536,checked_per_term,14,128,102434.250,2097152,0,0,1
integer_mac,l2_n65536,fused,14,128,102000.977,2097152,0,0,1
integer_mac,l2_n65536,circuit_z,14,128,43212.891,2097152,0,0,1
integer_mac,l2_n65536,fused,15,128,101952.148,2097152,0,0,1
integer_mac,l2_n65536,circuit_z,15,128,43098.633,2097152,0,0,1
integer_mac,l2_n65536,checked_per_term,15,128,102501.625,2097152,0,0,1
integer_mac,l2_n65536,fused,16,128,102057.938,2097152,0,0,1
integer_mac,l2_n65536,checked_per_term,16,128,102380.859,2097152,0,0,1
integer_mac,l2_n65536,circuit_z,16,128,43292.648,2097152,0,0,1
integer_mac,l2_n65536,fused,17,128,101906.250,2097152,0,0,1
integer_mac,l2_n65536,checked_per_term,17,128,102132.812,2097152,0,0,1
integer_mac,l2_n65536,circuit_z,17,128,42899.414,2097152,0,0,1
integer_mac,l2_n65536,circuit_z,18,128,42919.594,2097152,0,0,1
integer_mac,l2_n65536,checked_per_term,18,128,103352.211,2097152,0,0,1
integer_mac,l2_n65536,fused,18,128,101967.445,2097152,0,0,1
integer_mac,l2_n65536,fused,19,128,101918.945,2097152,0,0,1
integer_mac,l2_n65536,circuit_z,19,128,43119.469,2097152,0,0,1
integer_mac,l2_n65536,checked_per_term,19,128,102331.055,2097152,0,0,1
integer_mac,l2_n65536,checked_per_term,20,128,102086.258,2097152,0,0,1
integer_mac,l2_n65536,fused,20,128,101867.516,2097152,0,0,1
integer_mac,l2_n65536,circuit_z,20,128,42884.117,2097152,0,0,1
integer_mac,l2_n65536,checked_per_term,21,128,102499.352,2097152,0,0,1
integer_mac,l2_n65536,circuit_z,21,128,43098.961,2097152,0,0,1
integer_mac,l2_n65536,fused,21,128,102016.281,2097152,0,0,1
integer_mac,l2_n65536,fused,22,128,101835.938,2097152,0,0,1
integer_mac,l2_n65536,circuit_z,22,128,43263.672,2097152,0,0,1
integer_mac,l2_n65536,checked_per_term,22,128,102587.891,2097152,0,0,1
integer_mac,l2_n65536,fused,23,128,102169.273,2097152,0,0,1
integer_mac,l2_n65536,circuit_z,23,128,43128.578,2097152,0,0,1
integer_mac,l2_n65536,checked_per_term,23,128,102509.766,2097152,0,0,1
integer_mac,l2_n65536,checked_per_term,24,128,102645.508,2097152,0,0,1
integer_mac,l2_n65536,fused,24,128,101980.141,2097152,0,0,1
integer_mac,l2_n65536,circuit_z,24,128,43125.000,2097152,0,0,1
integer_mac,l2_n65536,circuit_z,25,128,43288.414,2097152,0,0,1
integer_mac,l2_n65536,checked_per_term,25,128,102348.953,2097152,0,0,1
integer_mac,l2_n65536,fused,25,128,101691.727,2097152,0,0,1
integer_mac,l2_n65536,circuit_z,26,128,43175.781,2097152,0,0,1
integer_mac,l2_n65536,fused,26,128,102016.930,2097152,0,0,1
integer_mac,l2_n65536,checked_per_term,26,128,102015.953,2097152,0,0,1
integer_mac,l2_n65536,circuit_z,27,128,43002.281,2097152,0,0,1
integer_mac,l2_n65536,fused,27,128,102128.578,2097152,0,0,1
integer_mac,l2_n65536,checked_per_term,27,128,102485.680,2097152,0,0,1
integer_mac,l2_n65536,fused,28,128,102086.914,2097152,0,0,1
integer_mac,l2_n65536,circuit_z,28,128,43255.211,2097152,0,0,1
integer_mac,l2_n65536,checked_per_term,28,128,102344.727,2097152,0,0,1
integer_mac,l2_n65536,checked_per_term,29,128,102596.680,2097152,0,0,1
integer_mac,l2_n65536,circuit_z,29,128,43388.344,2097152,0,0,1
integer_mac,l2_n65536,fused,29,128,102058.266,2097152,0,0,1
integer_mac,l2_n65536,circuit_z,30,128,43375.977,2097152,0,0,1
integer_mac,l2_n65536,fused,30,128,102208.008,2097152,0,0,1
integer_mac,l2_n65536,checked_per_term,30,128,102787.438,2097152,0,0,1
integer_mac,l2_n65536,checked_per_term,31,128,102118.812,2097152,0,0,1
integer_mac,l2_n65536,circuit_z,31,128,42948.562,2097152,0,0,1
integer_mac,l2_n65536,fused,31,128,101992.188,2097152,0,0,1
integer_mac,l4_n16,fused,0,65536,57.587,1024,0,0,1
integer_mac,l4_n16,checked_per_term,0,65536,57.664,1024,0,0,1
integer_mac,l4_n16,circuit_z,0,65536,52.736,1024,0,0,1
integer_mac,l4_n16,checked_per_term,1,65536,57.670,1024,0,0,1
integer_mac,l4_n16,fused,1,65536,57.102,1024,0,0,1
integer_mac,l4_n16,circuit_z,1,65536,52.619,1024,0,0,1
integer_mac,l4_n16,checked_per_term,2,65536,57.688,1024,0,0,1
integer_mac,l4_n16,circuit_z,2,65536,52.608,1024,0,0,1
integer_mac,l4_n16,fused,2,65536,57.049,1024,0,0,1
integer_mac,l4_n16,checked_per_term,3,65536,57.510,1024,0,0,1
integer_mac,l4_n16,fused,3,65536,56.839,1024,0,0,1
integer_mac,l4_n16,circuit_z,3,65536,52.266,1024,0,0,1
integer_mac,l4_n16,checked_per_term,4,65536,57.391,1024,0,0,1
integer_mac,l4_n16,fused,4,65536,56.770,1024,0,0,1
integer_mac,l4_n16,circuit_z,4,65536,52.416,1024,0,0,1
integer_mac,l4_n16,circuit_z,5,65536,52.004,1024,0,0,1
integer_mac,l4_n16,checked_per_term,5,65536,57.309,1024,0,0,1
integer_mac,l4_n16,fused,5,65536,56.992,1024,0,0,1
integer_mac,l4_n16,fused,6,65536,56.705,1024,0,0,1
integer_mac,l4_n16,checked_per_term,6,65536,57.145,1024,0,0,1
integer_mac,l4_n16,circuit_z,6,65536,52.185,1024,0,0,1
integer_mac,l4_n16,checked_per_term,7,65536,57.100,1024,0,0,1
integer_mac,l4_n16,fused,7,65536,56.857,1024,0,0,1
integer_mac,l4_n16,circuit_z,7,65536,52.073,1024,0,0,1
integer_mac,l4_n16,checked_per_term,8,65536,57.172,1024,0,0,1
integer_mac,l4_n16,fused,8,65536,57.130,1024,0,0,1
integer_mac,l4_n16,circuit_z,8,65536,52.035,1024,0,0,1
integer_mac,l4_n16,circuit_z,9,65536,52.212,1024,0,0,1
integer_mac,l4_n16,checked_per_term,9,65536,57.373,1024,0,0,1
integer_mac,l4_n16,fused,9,65536,57.038,1024,0,0,1
integer_mac,l4_n16,checked_per_term,10,65536,57.245,1024,0,0,1
integer_mac,l4_n16,circuit_z,10,65536,52.505,1024,0,0,1
integer_mac,l4_n16,fused,10,65536,56.596,1024,0,0,1
integer_mac,l4_n16,checked_per_term,11,65536,57.326,1024,0,0,1
integer_mac,l4_n16,fused,11,65536,56.412,1024,0,0,1
integer_mac,l4_n16,circuit_z,11,65536,52.589,1024,0,0,1
integer_mac,l4_n16,circuit_z,12,65536,52.296,1024,0,0,1
integer_mac,l4_n16,fused,12,65536,56.600,1024,0,0,1
integer_mac,l4_n16,checked_per_term,12,65536,57.346,1024,0,0,1
integer_mac,l4_n16,circuit_z,13,65536,52.203,1024,0,0,1
integer_mac,l4_n16,checked_per_term,13,65536,57.425,1024,0,0,1
integer_mac,l4_n16,fused,13,65536,56.459,1024,0,0,1
integer_mac,l4_n16,fused,14,65536,56.838,1024,0,0,1
integer_mac,l4_n16,circuit_z,14,65536,52.333,1024,0,0,1
integer_mac,l4_n16,checked_per_term,14,65536,57.328,1024,0,0,1
integer_mac,l4_n16,circuit_z,15,65536,52.347,1024,0,0,1
integer_mac,l4_n16,checked_per_term,15,65536,57.533,1024,0,0,1
integer_mac,l4_n16,fused,15,65536,57.195,1024,0,0,1
integer_mac,l4_n16,circuit_z,16,65536,52.159,1024,0,0,1
integer_mac,l4_n16,checked_per_term,16,65536,57.367,1024,0,0,1
integer_mac,l4_n16,fused,16,65536,56.677,1024,0,0,1
integer_mac,l4_n16,checked_per_term,17,65536,57.357,1024,0,0,1
integer_mac,l4_n16,circuit_z,17,65536,51.983,1024,0,0,1
integer_mac,l4_n16,fused,17,65536,56.087,1024,0,0,1
integer_mac,l4_n16,circuit_z,18,65536,52.126,1024,0,0,1
integer_mac,l4_n16,fused,18,65536,56.562,1024,0,0,1
integer_mac,l4_n16,checked_per_term,18,65536,57.366,1024,0,0,1
integer_mac,l4_n16,fused,19,65536,56.657,1024,0,0,1
integer_mac,l4_n16,circuit_z,19,65536,51.900,1024,0,0,1
integer_mac,l4_n16,checked_per_term,19,65536,57.241,1024,0,0,1
integer_mac,l4_n16,fused,20,65536,57.008,1024,0,0,1
integer_mac,l4_n16,checked_per_term,20,65536,57.383,1024,0,0,1
integer_mac,l4_n16,circuit_z,20,65536,52.081,1024,0,0,1
integer_mac,l4_n16,checked_per_term,21,65536,57.154,1024,0,0,1
integer_mac,l4_n16,fused,21,65536,56.517,1024,0,0,1
integer_mac,l4_n16,circuit_z,21,65536,52.190,1024,0,0,1
integer_mac,l4_n16,checked_per_term,22,65536,57.339,1024,0,0,1
integer_mac,l4_n16,circuit_z,22,65536,52.387,1024,0,0,1
integer_mac,l4_n16,fused,22,65536,57.202,1024,0,0,1
integer_mac,l4_n16,circuit_z,23,65536,52.046,1024,0,0,1
integer_mac,l4_n16,fused,23,65536,56.625,1024,0,0,1
integer_mac,l4_n16,checked_per_term,23,65536,57.245,1024,0,0,1
integer_mac,l4_n16,fused,24,65536,56.784,1024,0,0,1
integer_mac,l4_n16,checked_per_term,24,65536,57.177,1024,0,0,1
integer_mac,l4_n16,circuit_z,24,65536,51.892,1024,0,0,1
integer_mac,l4_n16,fused,25,65536,56.346,1024,0,0,1
integer_mac,l4_n16,checked_per_term,25,65536,57.137,1024,0,0,1
integer_mac,l4_n16,circuit_z,25,65536,52.120,1024,0,0,1
integer_mac,l4_n16,fused,26,65536,56.401,1024,0,0,1
integer_mac,l4_n16,checked_per_term,26,65536,57.257,1024,0,0,1
integer_mac,l4_n16,circuit_z,26,65536,52.612,1024,0,0,1
integer_mac,l4_n16,checked_per_term,27,65536,57.255,1024,0,0,1
integer_mac,l4_n16,fused,27,65536,56.348,1024,0,0,1
integer_mac,l4_n16,circuit_z,27,65536,51.835,1024,0,0,1
integer_mac,l4_n16,checked_per_term,28,65536,57.344,1024,0,0,1
integer_mac,l4_n16,circuit_z,28,65536,52.057,1024,0,0,1
integer_mac,l4_n16,fused,28,65536,56.959,1024,0,0,1
integer_mac,l4_n16,checked_per_term,29,65536,57.114,1024,0,0,1
integer_mac,l4_n16,fused,29,65536,56.976,1024,0,0,1
integer_mac,l4_n16,circuit_z,29,65536,52.249,1024,0,0,1
integer_mac,l4_n16,fused,30,65536,56.332,1024,0,0,1
integer_mac,l4_n16,circuit_z,30,65536,52.324,1024,0,0,1
integer_mac,l4_n16,checked_per_term,30,65536,57.514,1024,0,0,1
integer_mac,l4_n16,circuit_z,31,65536,52.005,1024,0,0,1
integer_mac,l4_n16,fused,31,65536,56.986,1024,0,0,1
integer_mac,l4_n16,checked_per_term,31,65536,57.187,1024,0,0,1
integer_mac,l4_n1024,circuit_z,0,1024,3130.656,65536,0,0,1
integer_mac,l4_n1024,checked_per_term,0,1024,3712.891,65536,0,0,1
integer_mac,l4_n1024,fused,0,1024,4172.934,65536,0,0,1
integer_mac,l4_n1024,fused,1,1024,4158.936,65536,0,0,1
integer_mac,l4_n1024,circuit_z,1,1024,3122.965,65536,0,0,1
integer_mac,l4_n1024,checked_per_term,1,1024,3705.078,65536,0,0,1
integer_mac,l4_n1024,checked_per_term,2,1024,3708.902,65536,0,0,1
integer_mac,l4_n1024,circuit_z,2,1024,3140.503,65536,0,0,1
integer_mac,l4_n1024,fused,2,1024,4165.365,65536,0,0,1
integer_mac,l4_n1024,fused,3,1024,4163.126,65536,0,0,1
integer_mac,l4_n1024,circuit_z,3,1024,3134.359,65536,0,0,1
integer_mac,l4_n1024,checked_per_term,3,1024,3711.792,65536,0,0,1
integer_mac,l4_n1024,circuit_z,4,1024,3135.498,65536,0,0,1
integer_mac,l4_n1024,checked_per_term,4,1024,3725.424,65536,0,0,1
integer_mac,l4_n1024,fused,4,1024,4165.365,65536,0,0,1
integer_mac,l4_n1024,fused,5,1024,4167.766,65536,0,0,1
integer_mac,l4_n1024,checked_per_term,5,1024,3712.036,65536,0,0,1
integer_mac,l4_n1024,circuit_z,5,1024,3147.055,65536,0,0,1
integer_mac,l4_n1024,fused,6,1024,4175.659,65536,0,0,1
integer_mac,l4_n1024,checked_per_term,6,1024,3719.441,65536,0,0,1
integer_mac,l4_n1024,circuit_z,6,1024,3141.724,65536,0,0,1
integer_mac,l4_n1024,circuit_z,7,1024,3149.129,65536,0,0,1
integer_mac,l4_n1024,fused,7,1024,4172.444,65536,0,0,1
integer_mac,l4_n1024,checked_per_term,7,1024,3714.803,65536,0,0,1
integer_mac,l4_n1024,circuit_z,8,1024,3132.080,65536,0,0,1
integer_mac,l4_n1024,checked_per_term,8,1024,3723.186,65536,0,0,1
integer_mac,l4_n1024,fused,8,1024,4178.914,65536,0,0,1
integer_mac,l4_n1024,fused,9,1024,4177.449,65536,0,0,1
integer_mac,l4_n1024,circuit_z,9,1024,3151.286,65536,0,0,1
integer_mac,l4_n1024,checked_per_term,9,1024,3711.751,65536,0,0,1
integer_mac,l4_n1024,checked_per_term,10,1024,3721.802,65536,0,0,1
integer_mac,l4_n1024,fused,10,1024,4186.808,65536,0,0,1
integer_mac,l4_n1024,circuit_z,10,1024,3136.108,65536,0,0,1
integer_mac,l4_n1024,fused,11,1024,4168.579,65536,0,0,1
integer_mac,l4_n1024,circuit_z,11,1024,3145.060,65536,0,0,1
integer_mac,l4_n1024,checked_per_term,11,1024,3717.448,65536,0,0,1
integer_mac,l4_n1024,fused,12,1024,4173.584,65536,0,0,1
integer_mac,l4_n1024,circuit_z,12,1024,3138.672,65536,0,0,1
integer_mac,l4_n1024,checked_per_term,12,1024,3715.942,65536,0,0,1
integer_mac,l4_n1024,checked_per_term,13,1024,3719.563,65536,0,0,1
integer_mac,l4_n1024,fused,13,1024,4171.712,65536,0,0,1
integer_mac,l4_n1024,circuit_z,13,1024,3138.632,65536,0,0,1
integer_mac,l4_n1024,circuit_z,14,1024,3135.173,65536,0,0,1
integer_mac,l4_n1024,checked_per_term,14,1024,3717.041,65536,0,0,1
integer_mac,l4_n1024,fused,14,1024,4186.808,65536,0,0,1
integer_mac,l4_n1024,circuit_z,15,1024,3168.863,65536,0,0,1
integer_mac,l4_n1024,checked_per_term,15,1024,3704.183,65536,0,0,1
integer_mac,l4_n1024,fused,15,1024,4170.206,65536,0,0,1
integer_mac,l4_n1024,circuit_z,16,1024,3192.464,65536,0,0,1
integer_mac,l4_n1024,checked_per_term,16,1024,3922.771,65536,0,0,1
integer_mac,l4_n1024,fused,16,1024,4253.418,65536,0,0,1
integer_mac,l4_n1024,circuit_z,17,1024,3145.142,65536,0,0,1
integer_mac,l4_n1024,checked_per_term,17,1024,3728.800,65536,0,0,1
integer_mac,l4_n1024,fused,17,1024,4180.867,65536,0,0,1
integer_mac,l4_n1024,circuit_z,18,1024,3163.777,65536,0,0,1
integer_mac,l4_n1024,checked_per_term,18,1024,3722.249,65536,0,0,1
integer_mac,l4_n1024,fused,18,1024,4188.110,65536,0,0,1
integer_mac,l4_n1024,fused,19,1024,4168.416,65536,0,0,1
integer_mac,l4_n1024,checked_per_term,19,1024,3719.320,65536,0,0,1
integer_mac,l4_n1024,circuit_z,19,1024,3139.038,65536,0,0,1
integer_mac,l4_n1024,fused,20,1024,4178.264,65536,0,0,1
integer_mac,l4_n1024,circuit_z,20,1024,3152.506,65536,0,0,1
integer_mac,l4_n1024,checked_per_term,20,1024,3932.699,65536,0,0,1
integer_mac,l4_n1024,checked_per_term,21,1024,3742.880,65536,0,0,1
integer_mac,l4_n1024,fused,21,1024,4241.455,65536,0,0,1
integer_mac,l4_n1024,circuit_z,21,1024,3317.749,65536,0,0,1
integer_mac,l4_n1024,fused,22,1024,4172.607,65536,0,0,1
integer_mac,l4_n1024,checked_per_term,22,1024,3731.730,65536,0,0,1
integer_mac,l4_n1024,circuit_z,22,1024,3145.142,65536,0,0,1
integer_mac,l4_n1024,fused,23,1024,4184.245,65536,0,0,1
integer_mac,l4_n1024,circuit_z,23,1024,3161.133,65536,0,0,1
integer_mac,l4_n1024,checked_per_term,23,1024,3737.346,65536,0,0,1
integer_mac,l4_n1024,fused,24,1024,4163.940,65536,0,0,1
integer_mac,l4_n1024,checked_per_term,24,1024,3724.895,65536,0,0,1
integer_mac,l4_n1024,circuit_z,24,1024,3159.140,65536,0,0,1
integer_mac,l4_n1024,checked_per_term,25,1024,3720.865,65536,0,0,1
integer_mac,l4_n1024,circuit_z,25,1024,3141.072,65536,0,0,1
integer_mac,l4_n1024,fused,25,1024,4195.068,65536,0,0,1
integer_mac,l4_n1024,checked_per_term,26,1024,3739.665,65536,0,0,1
integer_mac,l4_n1024,circuit_z,26,1024,3165.201,65536,0,0,1
integer_mac,l4_n1024,fused,26,1024,4179.688,65536,0,0,1
integer_mac,l4_n1024,checked_per_term,27,1024,3745.972,65536,0,0,1
integer_mac,l4_n1024,fused,27,1024,4176.798,65536,0,0,1
integer_mac,l4_n1024,circuit_z,27,1024,3129.068,65536,0,0,1
integer_mac,l4_n1024,fused,28,1024,4176.392,65536,0,0,1
integer_mac,l4_n1024,checked_per_term,28,1024,3732.992,65536,0,0,1
integer_mac,l4_n1024,circuit_z,28,1024,3131.592,65536,0,0,1
integer_mac,l4_n1024,fused,29,1024,4174.521,65536,0,0,1
integer_mac,l4_n1024,checked_per_term,29,1024,3728.638,65536,0,0,1
integer_mac,l4_n1024,circuit_z,29,1024,3148.845,65536,0,0,1
integer_mac,l4_n1024,fused,30,1024,4191.040,65536,0,0,1
integer_mac,l4_n1024,circuit_z,30,1024,3162.842,65536,0,0,1
integer_mac,l4_n1024,checked_per_term,30,1024,3734.781,65536,0,0,1
integer_mac,l4_n1024,circuit_z,31,1024,3178.914,65536,0,0,1
integer_mac,l4_n1024,checked_per_term,31,1024,3715.901,65536,0,0,1
integer_mac,l4_n1024,fused,31,1024,4190.471,65536,0,0,1
integer_mac,l4_n65536,fused,0,16,265023.438,4194304,0,0,1
integer_mac,l4_n65536,circuit_z,0,16,203205.750,4194304,0,0,1
integer_mac,l4_n65536,checked_per_term,0,16,231018.250,4194304,0,0,1
integer_mac,l4_n65536,checked_per_term,1,16,229838.500,4194304,0,0,1
integer_mac,l4_n65536,circuit_z,1,16,202312.500,4194304,0,0,1
integer_mac,l4_n65536,fused,1,16,265487.000,4194304,0,0,1
integer_mac,l4_n65536,fused,2,16,265541.625,4194304,0,0,1
integer_mac,l4_n65536,checked_per_term,2,16,230257.812,4194304,0,0,1
integer_mac,l4_n65536,circuit_z,2,16,202307.312,4194304,0,0,1
integer_mac,l4_n65536,circuit_z,3,16,202916.688,4194304,0,0,1
integer_mac,l4_n65536,fused,3,16,265351.562,4194304,0,0,1
integer_mac,l4_n65536,checked_per_term,3,16,229687.500,4194304,0,0,1
integer_mac,l4_n65536,fused,4,16,265153.625,4194304,0,0,1
integer_mac,l4_n65536,circuit_z,4,16,202526.062,4194304,0,0,1
integer_mac,l4_n65536,checked_per_term,4,16,230882.812,4194304,0,0,1
integer_mac,l4_n65536,checked_per_term,5,16,230091.188,4194304,0,0,1
integer_mac,l4_n65536,fused,5,16,265151.062,4194304,0,0,1
integer_mac,l4_n65536,circuit_z,5,16,202026.000,4194304,0,0,1
integer_mac,l4_n65536,circuit_z,6,16,201802.062,4194304,0,0,1
integer_mac,l4_n65536,fused,6,16,265023.438,4194304,0,0,1
integer_mac,l4_n65536,checked_per_term,6,16,229635.375,4194304,0,0,1
integer_mac,l4_n65536,checked_per_term,7,16,229643.188,4194304,0,0,1
integer_mac,l4_n65536,circuit_z,7,16,203557.312,4194304,0,0,1
integer_mac,l4_n65536,fused,7,16,265770.812,4194304,0,0,1
integer_mac,l4_n65536,checked_per_term,8,16,230166.625,4194304,0,0,1
integer_mac,l4_n65536,circuit_z,8,16,201950.562,4194304,0,0,1
integer_mac,l4_n65536,fused,8,16,264466.125,4194304,0,0,1
integer_mac,l4_n65536,circuit_z,9,16,201859.375,4194304,0,0,1
integer_mac,l4_n65536,checked_per_term,9,16,229372.375,4194304,0,0,1
integer_mac,l4_n65536,fused,9,16,265747.438,4194304,0,0,1
integer_mac,l4_n65536,checked_per_term,10,16,230867.188,4194304,0,0,1
integer_mac,l4_n65536,fused,10,16,265445.312,4194304,0,0,1
integer_mac,l4_n65536,circuit_z,10,16,201994.750,4194304,0,0,1
integer_mac,l4_n65536,fused,11,16,265070.312,4194304,0,0,1
integer_mac,l4_n65536,checked_per_term,11,16,229752.625,4194304,0,0,1
integer_mac,l4_n65536,circuit_z,11,16,202971.375,4194304,0,0,1
integer_mac,l4_n65536,circuit_z,12,16,203125.000,4194304,0,0,1
integer_mac,l4_n65536,checked_per_term,12,16,230091.125,4194304,0,0,1
integer_mac,l4_n65536,fused,12,16,265596.375,4194304,0,0,1
integer_mac,l4_n65536,circuit_z,13,16,201773.438,4194304,0,0,1
integer_mac,l4_n65536,fused,13,16,265013.062,4194304,0,0,1
integer_mac,l4_n65536,checked_per_term,13,16,230312.500,4194304,0,0,1
integer_mac,l4_n65536,fused,14,16,265705.750,4194304,0,0,1
integer_mac,l4_n65536,circuit_z,14,16,202575.562,4194304,0,0,1
integer_mac,l4_n65536,checked_per_term,14,16,230130.188,4194304,0,0,1
integer_mac,l4_n65536,circuit_z,15,16,202148.438,4194304,0,0,1
integer_mac,l4_n65536,fused,15,16,265497.375,4194304,0,0,1
integer_mac,l4_n65536,checked_per_term,15,16,229898.438,4194304,0,0,1
integer_mac,l4_n65536,circuit_z,16,16,203273.438,4194304,0,0,1
integer_mac,l4_n65536,checked_per_term,16,16,229973.938,4194304,0,0,1
integer_mac,l4_n65536,fused,16,16,264882.812,4194304,0,0,1
integer_mac,l4_n65536,checked_per_term,17,16,230372.438,4194304,0,0,1
integer_mac,l4_n65536,fused,17,16,265934.938,4194304,0,0,1
integer_mac,l4_n65536,circuit_z,17,16,202835.938,4194304,0,0,1
integer_mac,l4_n65536,circuit_z,18,16,202138.000,4194304,0,0,1
integer_mac,l4_n65536,fused,18,16,265653.688,4194304,0,0,1
integer_mac,l4_n65536,checked_per_term,18,16,230466.188,4194304,0,0,1
integer_mac,l4_n65536,checked_per_term,19,16,230848.938,4194304,0,0,1
integer_mac,l4_n65536,circuit_z,19,16,202721.375,4194304,0,0,1
integer_mac,l4_n65536,fused,19,16,264862.000,4194304,0,0,1
integer_mac,l4_n65536,fused,20,16,265812.500,4194304,0,0,1
integer_mac,l4_n65536,circuit_z,20,16,202770.812,4194304,0,0,1
integer_mac,l4_n65536,checked_per_term,20,16,229791.688,4194304,0,0,1
integer_mac,l4_n65536,circuit_z,21,16,202460.938,4194304,0,0,1
integer_mac,l4_n65536,fused,21,16,265393.250,4194304,0,0,1
integer_mac,l4_n65536,checked_per_term,21,16,231166.625,4194304,0,0,1
integer_mac,l4_n65536,circuit_z,22,16,202885.438,4194304,0,0,1
integer_mac,l4_n65536,checked_per_term,22,16,229619.812,4194304,0,0,1
integer_mac,l4_n65536,fused,22,16,264979.125,4194304,0,0,1
integer_mac,l4_n65536,fused,23,16,265578.125,4194304,0,0,1
integer_mac,l4_n65536,checked_per_term,23,16,229947.938,4194304,0,0,1
integer_mac,l4_n65536,circuit_z,23,16,202510.438,4194304,0,0,1
integer_mac,l4_n65536,circuit_z,24,16,201567.688,4194304,0,0,1
integer_mac,l4_n65536,fused,24,16,265377.625,4194304,0,0,1
integer_mac,l4_n65536,checked_per_term,24,16,230489.562,4194304,0,0,1
integer_mac,l4_n65536,checked_per_term,25,16,230286.438,4194304,0,0,1
integer_mac,l4_n65536,circuit_z,25,16,202481.750,4194304,0,0,1
integer_mac,l4_n65536,fused,25,16,265385.438,4194304,0,0,1
integer_mac,l4_n65536,checked_per_term,26,16,230291.625,4194304,0,0,1
integer_mac,l4_n65536,circuit_z,26,16,202143.250,4194304,0,0,1
integer_mac,l4_n65536,fused,26,16,265312.500,4194304,0,0,1
integer_mac,l4_n65536,fused,27,16,265088.562,4194304,0,0,1
integer_mac,l4_n65536,circuit_z,27,16,203739.562,4194304,0,0,1
integer_mac,l4_n65536,checked_per_term,27,16,230067.688,4194304,0,0,1
integer_mac,l4_n65536,circuit_z,28,16,202710.938,4194304,0,0,1
integer_mac,l4_n65536,fused,28,16,265523.438,4194304,0,0,1
integer_mac,l4_n65536,checked_per_term,28,16,230401.062,4194304,0,0,1
integer_mac,l4_n65536,fused,29,16,265890.625,4194304,0,0,1
integer_mac,l4_n65536,circuit_z,29,16,203036.500,4194304,0,0,1
integer_mac,l4_n65536,checked_per_term,29,16,229947.938,4194304,0,0,1
integer_mac,l4_n65536,circuit_z,30,16,203075.562,4194304,0,0,1
integer_mac,l4_n65536,fused,30,16,264916.625,4194304,0,0,1
integer_mac,l4_n65536,checked_per_term,30,16,229966.125,4194304,0,0,1
integer_mac,l4_n65536,circuit_z,31,16,201927.062,4194304,0,0,1
integer_mac,l4_n65536,fused,31,16,264653.688,4194304,0,0,1
integer_mac,l4_n65536,checked_per_term,31,16,230645.875,4194304,0,0,1
integer_mac,l9_n16,fused,0,16384,269.923,2304,0,0,1
integer_mac,l9_n16,checked_per_term,0,16384,317.113,2304,0,0,1
integer_mac,l9_n16,circuit_z,0,16384,327.034,2304,0,0,1
integer_mac,l9_n16,circuit_z,1,16384,327.799,2304,0,0,1
integer_mac,l9_n16,checked_per_term,1,16384,317.474,2304,0,0,1
integer_mac,l9_n16,fused,1,16384,270.065,2304,0,0,1
integer_mac,l9_n16,fused,2,16384,270.353,2304,0,0,1
integer_mac,l9_n16,checked_per_term,2,16384,317.184,2304,0,0,1
integer_mac,l9_n16,circuit_z,2,16384,326.909,2304,0,0,1
integer_mac,l9_n16,checked_per_term,3,16384,317.184,2304,0,0,1
integer_mac,l9_n16,fused,3,16384,269.508,2304,0,0,1
integer_mac,l9_n16,circuit_z,3,16384,327.426,2304,0,0,1
integer_mac,l9_n16,checked_per_term,4,16384,317.619,2304,0,0,1
integer_mac,l9_n16,circuit_z,4,16384,328.634,2304,0,0,1
integer_mac,l9_n16,fused,4,16384,270.554,2304,0,0,1
integer_mac,l9_n16,fused,5,16384,270.856,2304,0,0,1
integer_mac,l9_n16,checked_per_term,5,16384,317.635,2304,0,0,1
integer_mac,l9_n16,circuit_z,5,16384,327.540,2304,0,0,1
integer_mac,l9_n16,checked_per_term,6,16384,327.962,2304,0,0,1
integer_mac,l9_n16,fused,6,16384,272.110,2304,0,0,1
integer_mac,l9_n16,circuit_z,6,16384,328.247,2304,0,0,1
integer_mac,l9_n16,circuit_z,7,16384,329.142,2304,0,0,1
integer_mac,l9_n16,checked_per_term,7,16384,317.154,2304,0,0,1
integer_mac,l9_n16,fused,7,16384,270.432,2304,0,0,1
integer_mac,l9_n16,circuit_z,8,16384,328.629,2304,0,0,1
integer_mac,l9_n16,checked_per_term,8,16384,318.726,2304,0,0,1
integer_mac,l9_n16,fused,8,16384,270.856,2304,0,0,1
integer_mac,l9_n16,checked_per_term,9,16384,317.851,2304,0,0,1
integer_mac,l9_n16,fused,9,16384,271.128,2304,0,0,1
integer_mac,l9_n16,circuit_z,9,16384,329.753,2304,0,0,1
integer_mac,l9_n16,fused,10,16384,270.482,2304,0,0,1
integer_mac,l9_n16,circuit_z,10,16384,328.222,2304,0,0,1
integer_mac,l9_n16,checked_per_term,10,16384,317.014,2304,0,0,1
integer_mac,l9_n16,checked_per_term,11,16384,318.349,2304,0,0,1
integer_mac,l9_n16,fused,11,16384,270.571,2304,0,0,1
integer_mac,l9_n16,circuit_z,11,16384,327.705,2304,0,0,1
integer_mac,l9_n16,circuit_z,12,16384,328.163,2304,0,0,1
integer_mac,l9_n16,checked_per_term,12,16384,317.663,2304,0,0,1
integer_mac,l9_n16,fused,12,16384,269.915,2304,0,0,1
integer_mac,l9_n16,fused,13,16384,270.533,2304,0,0,1
integer_mac,l9_n16,circuit_z,13,16384,328.578,2304,0,0,1
integer_mac,l9_n16,checked_per_term,13,16384,317.024,2304,0,0,1
integer_mac,l9_n16,circuit_z,14,16384,325.943,2304,0,0,1
integer_mac,l9_n16,fused,14,16384,269.455,2304,0,0,1
integer_mac,l9_n16,checked_per_term,14,16384,317.106,2304,0,0,1
integer_mac,l9_n16,fused,15,16384,270.233,2304,0,0,1
integer_mac,l9_n16,circuit_z,15,16384,328.224,2304,0,0,1
integer_mac,l9_n16,checked_per_term,15,16384,316.923,2304,0,0,1
integer_mac,l9_n16,fused,16,16384,270.157,2304,0,0,1
integer_mac,l9_n16,circuit_z,16,16384,327.398,2304,0,0,1
integer_mac,l9_n16,checked_per_term,16,16384,317.345,2304,0,0,1
integer_mac,l9_n16,circuit_z,17,16384,327.288,2304,0,0,1
integer_mac,l9_n16,fused,17,16384,269.969,2304,0,0,1
integer_mac,l9_n16,checked_per_term,17,16384,327.332,2304,0,0,1
integer_mac,l9_n16,fused,18,16384,279.869,2304,0,0,1
integer_mac,l9_n16,checked_per_term,18,16384,332.827,2304,0,0,1
integer_mac,l9_n16,circuit_z,18,16384,328.835,2304,0,0,1
integer_mac,l9_n16,checked_per_term,19,16384,316.948,2304,0,0,1
integer_mac,l9_n16,circuit_z,19,16384,328.239,2304,0,0,1
integer_mac,l9_n16,fused,19,16384,270.363,2304,0,0,1
integer_mac,l9_n16,fused,20,16384,270.627,2304,0,0,1
integer_mac,l9_n16,circuit_z,20,16384,329.516,2304,0,0,1
integer_mac,l9_n16,checked_per_term,20,16384,318.578,2304,0,0,1
integer_mac,l9_n16,fused,21,16384,269.775,2304,0,0,1
integer_mac,l9_n16,checked_per_term,21,16384,317.263,2304,0,0,1
integer_mac,l9_n16,circuit_z,21,16384,328.412,2304,0,0,1
integer_mac,l9_n16,checked_per_term,22,16384,319.453,2304,0,0,1
integer_mac,l9_n16,circuit_z,22,16384,328.239,2304,0,0,1
integer_mac,l9_n16,fused,22,16384,270.075,2304,0,0,1
integer_mac,l9_n16,fused,23,16384,269.671,2304,0,0,1
integer_mac,l9_n16,circuit_z,23,16384,328.163,2304,0,0,1
integer_mac,l9_n16,checked_per_term,23,16384,317.396,2304,0,0,1
integer_mac,l9_n16,fused,24,16384,270.515,2304,0,0,1
integer_mac,l9_n16,checked_per_term,24,16384,317.042,2304,0,0,1
integer_mac,l9_n16,circuit_z,24,16384,327.169,2304,0,0,1
integer_mac,l9_n16,fused,25,16384,270.378,2304,0,0,1
integer_mac,l9_n16,checked_per_term,25,16384,318.077,2304,0,0,1
integer_mac,l9_n16,circuit_z,25,16384,327.202,2304,0,0,1
integer_mac,l9_n16,circuit_z,26,16384,328.196,2304,0,0,1
integer_mac,l9_n16,fused,26,16384,269.816,2304,0,0,1
integer_mac,l9_n16,checked_per_term,26,16384,316.770,2304,0,0,1
integer_mac,l9_n16,checked_per_term,27,16384,316.544,2304,0,0,1
integer_mac,l9_n16,circuit_z,27,16384,326.083,2304,0,0,1
integer_mac,l9_n16,fused,27,16384,269.557,2304,0,0,1
integer_mac,l9_n16,checked_per_term,28,16384,317.116,2304,0,0,1
integer_mac,l9_n16,fused,28,16384,269.854,2304,0,0,1
integer_mac,l9_n16,circuit_z,28,16384,328.974,2304,0,0,1
integer_mac,l9_n16,circuit_z,29,16384,327.367,2304,0,0,1
integer_mac,l9_n16,checked_per_term,29,16384,317.205,2304,0,0,1
integer_mac,l9_n16,fused,29,16384,271.344,2304,0,0,1
integer_mac,l9_n16,checked_per_term,30,16384,318.062,2304,0,0,1
integer_mac,l9_n16,circuit_z,30,16384,327.777,2304,0,0,1
integer_mac,l9_n16,fused,30,16384,270.284,2304,0,0,1
integer_mac,l9_n16,circuit_z,31,16384,327.637,2304,0,0,1
integer_mac,l9_n16,fused,31,16384,270.871,2304,0,0,1
integer_mac,l9_n16,checked_per_term,31,16384,317.075,2304,0,0,1
integer_mac,l9_n1024,checked_per_term,0,256,20288.250,147456,0,0,1
integer_mac,l9_n1024,circuit_z,0,256,21300.133,147456,0,0,1
integer_mac,l9_n1024,fused,0,256,17196.453,147456,0,0,1
integer_mac,l9_n1024,checked_per_term,1,256,20247.723,147456,0,0,1
integer_mac,l9_n1024,circuit_z,1,256,21263.348,147456,0,0,1
integer_mac,l9_n1024,fused,1,256,17189.289,147456,0,0,1
integer_mac,l9_n1024,circuit_z,2,256,21247.559,147456,0,0,1
integer_mac,l9_n1024,checked_per_term,2,256,20254.883,147456,0,0,1
integer_mac,l9_n1024,fused,2,256,17234.863,147456,0,0,1
integer_mac,l9_n1024,fused,3,256,17263.996,147456,0,0,1
integer_mac,l9_n1024,circuit_z,3,256,21241.699,147456,0,0,1
integer_mac,l9_n1024,checked_per_term,3,256,20240.070,147456,0,0,1
integer_mac,l9_n1024,fused,4,256,17234.863,147456,0,0,1
integer_mac,l9_n1024,checked_per_term,4,256,20249.188,147456,0,0,1
integer_mac,l9_n1024,circuit_z,4,256,21245.930,147456,0,0,1
integer_mac,l9_n1024,circuit_z,5,256,21220.379,147456,0,0,1
integer_mac,l9_n1024,fused,5,256,17228.352,147456,0,0,1
integer_mac,l9_n1024,checked_per_term,5,256,20258.301,147456,0,0,1
integer_mac,l9_n1024,circuit_z,6,256,21260.254,147456,0,0,1
integer_mac,l9_n1024,fused,6,256,17198.406,147456,0,0,1
integer_mac,l9_n1024,checked_per_term,6,256,20258.625,147456,0,0,1
integer_mac,l9_n1024,checked_per_term,7,256,20236.004,147456,0,0,1
integer_mac,l9_n1024,circuit_z,7,256,21250.977,147456,0,0,1
integer_mac,l9_n1024,fused,7,256,17207.031,147456,0,0,1
integer_mac,l9_n1024,fused,8,256,17189.941,147456,0,0,1
integer_mac,l9_n1024,circuit_z,8,256,21264.488,147456,0,0,1
integer_mac,l9_n1024,checked_per_term,8,256,20243.977,147456,0,0,1
integer_mac,l9_n1024,fused,9,256,17198.895,147456,0,0,1
integer_mac,l9_n1024,checked_per_term,9,256,20279.461,147456,0,0,1
integer_mac,l9_n1024,circuit_z,9,256,21263.184,147456,0,0,1
integer_mac,l9_n1024,fused,10,256,17213.543,147456,0,0,1
integer_mac,l9_n1024,circuit_z,10,256,21252.441,147456,0,0,1
integer_mac,l9_n1024,checked_per_term,10,256,20280.109,147456,0,0,1
integer_mac,l9_n1024,fused,11,256,17183.594,147456,0,0,1
integer_mac,l9_n1024,circuit_z,11,256,21230.797,147456,0,0,1
integer_mac,l9_n1024,checked_per_term,11,256,20239.422,147456,0,0,1
integer_mac,l9_n1024,checked_per_term,12,256,20278.809,147456,0,0,1
integer_mac,l9_n1024,fused,12,256,17220.867,147456,0,0,1
integer_mac,l9_n1024,circuit_z,12,256,21257.977,147456,0,0,1
integer_mac,l9_n1024,checked_per_term,13,256,20217.773,147456,0,0,1
integer_mac,l9_n1024,fused,13,256,17184.734,147456,0,0,1
integer_mac,l9_n1024,circuit_z,13,256,21226.402,147456,0,0,1
integer_mac,l9_n1024,checked_per_term,14,256,20250.164,147456,0,0,1
integer_mac,l9_n1024,circuit_z,14,256,21236.816,147456,0,0,1
integer_mac,l9_n1024,fused,14,256,17227.703,147456,0,0,1
integer_mac,l9_n1024,circuit_z,15,256,21232.586,147456,0,0,1
integer_mac,l9_n1024,fused,15,256,17177.570,147456,0,0,1
integer_mac,l9_n1024,checked_per_term,15,256,20215.984,147456,0,0,1
integer_mac,l9_n1024,circuit_z,16,256,21260.582,147456,0,0,1
integer_mac,l9_n1024,fused,16,256,17267.414,147456,0,0,1
integer_mac,l9_n1024,checked_per_term,16,256,20252.770,147456,0,0,1
integer_mac,l9_n1024,circuit_z,17,256,21263.348,147456,0,0,1
integer_mac,l9_n1024,checked_per_term,17,256,21040.691,147456,0,0,1
integer_mac,l9_n1024,fused,17,256,17236.656,147456,0,0,1
integer_mac,l9_n1024,circuit_z,18,256,21430.012,147456,0,0,1
integer_mac,l9_n1024,fused,18,256,17223.469,147456,0,0,1
integer_mac,l9_n1024,checked_per_term,18,256,20311.523,147456,0,0,1
integer_mac,l9_n1024,circuit_z,19,256,21234.863,147456,0,0,1
integer_mac,l9_n1024,fused,19,256,17269.371,147456,0,0,1
integer_mac,l9_n1024,checked_per_term,19,256,20325.520,147456,0,0,1
integer_mac,l9_n1024,fused,20,256,17214.191,147456,0,0,1
integer_mac,l9_n1024,checked_per_term,20,256,20275.391,147456,0,0,1
integer_mac,l9_n1024,circuit_z,20,256,21360.188,147456,0,0,1
integer_mac,l9_n1024,fused,21,256,17213.379,147456,0,0,1
integer_mac,l9_n1024,circuit_z,21,256,21281.574,147456,0,0,1
integer_mac,l9_n1024,checked_per_term,21,256,20259.766,147456,0,0,1
integer_mac,l9_n1024,circuit_z,22,256,21414.715,147456,0,0,1
integer_mac,l9_n1024,checked_per_term,22,256,20326.984,147456,0,0,1
integer_mac,l9_n1024,fused,22,256,17223.633,147456,0,0,1
integer_mac,l9_n1024,circuit_z,23,256,21418.945,147456,0,0,1
integer_mac,l9_n1024,fused,23,256,17214.844,147456,0,0,1
integer_mac,l9_n1024,checked_per_term,23,256,20238.605,147456,0,0,1
integer_mac,l9_n1024,checked_per_term,24,256,20298.012,147456,0,0,1
integer_mac,l9_n1024,fused,24,256,17266.277,147456,0,0,1
integer_mac,l9_n1024,circuit_z,24,256,21354.656,147456,0,0,1
integer_mac,l9_n1024,fused,25,256,17221.031,147456,0,0,1
integer_mac,l9_n1024,circuit_z,25,256,21350.586,147456,0,0,1
integer_mac,l9_n1024,checked_per_term,25,256,20294.270,147456,0,0,1
integer_mac,l9_n1024,checked_per_term,26,256,20216.633,147456,0,0,1
integer_mac,l9_n1024,fused,26,256,17218.590,147456,0,0,1
integer_mac,l9_n1024,circuit_z,26,256,21332.031,147456,0,0,1
integer_mac,l9_n1024,fused,27,256,17256.020,147456,0,0,1
integer_mac,l9_n1024,circuit_z,27,256,21435.219,147456,0,0,1
integer_mac,l9_n1024,checked_per_term,27,256,20240.887,147456,0,0,1
integer_mac,l9_n1024,checked_per_term,28,256,20261.070,147456,0,0,1
integer_mac,l9_n1024,fused,28,256,17252.277,147456,0,0,1
integer_mac,l9_n1024,circuit_z,28,256,21431.312,147456,0,0,1
integer_mac,l9_n1024,fused,29,256,17223.633,147456,0,0,1
integer_mac,l9_n1024,checked_per_term,29,256,20287.922,147456,0,0,1
integer_mac,l9_n1024,circuit_z,29,256,21443.520,147456,0,0,1
integer_mac,l9_n1024,fused,30,256,17269.207,147456,0,0,1
integer_mac,l9_n1024,circuit_z,30,256,21219.562,147456,0,0,1
integer_mac,l9_n1024,checked_per_term,30,256,20308.105,147456,0,0,1
integer_mac,l9_n1024,circuit_z,31,256,21291.504,147456,0,0,1
integer_mac,l9_n1024,fused,31,256,17178.387,147456,0,0,1
integer_mac,l9_n1024,checked_per_term,31,256,20298.016,147456,0,0,1
integer_mac,l9_n65536,fused,0,4,1108927.000,9437184,0,0,1
integer_mac,l9_n65536,checked_per_term,0,4,1300520.750,9437184,0,0,1
integer_mac,l9_n65536,circuit_z,0,4,1369822.750,9437184,0,0,1
integer_mac,l9_n65536,circuit_z,1,4,1378635.500,9437184,0,0,1
integer_mac,l9_n65536,fused,1,4,1113958.250,9437184,0,0,1
integer_mac,l9_n65536,checked_per_term,1,4,1309448.000,9437184,0,0,1
integer_mac,l9_n65536,circuit_z,2,4,1376093.750,9437184,0,0,1
integer_mac,l9_n65536,checked_per_term,2,4,1301406.250,9437184,0,0,1
integer_mac,l9_n65536,fused,2,4,1114875.000,9437184,0,0,1
integer_mac,l9_n65536,fused,3,4,1114166.750,9437184,0,0,1
integer_mac,l9_n65536,circuit_z,3,4,1374083.250,9437184,0,0,1
integer_mac,l9_n65536,checked_per_term,3,4,1304625.000,9437184,0,0,1
integer_mac,l9_n65536,circuit_z,4,4,1372854.250,9437184,0,0,1
integer_mac,l9_n65536,checked_per_term,4,4,1303906.250,9437184,0,0,1
integer_mac,l9_n65536,fused,4,4,1114437.500,9437184,0,0,1
integer_mac,l9_n65536,checked_per_term,5,4,1304656.250,9437184,0,0,1
integer_mac,l9_n65536,circuit_z,5,4,1373093.750,9437184,0,0,1
integer_mac,l9_n65536,fused,5,4,1115541.750,9437184,0,0,1
integer_mac,l9_n65536,checked_per_term,6,4,1304281.250,9437184,0,0,1
integer_mac,l9_n65536,circuit_z,6,4,1370468.750,9437184,0,0,1
integer_mac,l9_n65536,fused,6,4,1114656.250,9437184,0,0,1
integer_mac,l9_n65536,fused,7,4,1114270.750,9437184,0,0,1
integer_mac,l9_n65536,circuit_z,7,4,1369916.750,9437184,0,0,1
integer_mac,l9_n65536,checked_per_term,7,4,1304062.500,9437184,0,0,1
integer_mac,l9_n65536,circuit_z,8,4,1373520.750,9437184,0,0,1
integer_mac,l9_n65536,checked_per_term,8,4,1304448.000,9437184,0,0,1
integer_mac,l9_n65536,fused,8,4,1110333.250,9437184,0,0,1
integer_mac,l9_n65536,checked_per_term,9,4,1301458.250,9437184,0,0,1
integer_mac,l9_n65536,circuit_z,9,4,1374020.750,9437184,0,0,1
integer_mac,l9_n65536,fused,9,4,1116885.250,9437184,0,0,1
integer_mac,l9_n65536,fused,10,4,1116968.750,9437184,0,0,1
integer_mac,l9_n65536,checked_per_term,10,4,1303781.250,9437184,0,0,1
integer_mac,l9_n65536,circuit_z,10,4,1375833.250,9437184,0,0,1
integer_mac,l9_n65536,checked_per_term,11,4,1303260.250,9437184,0,0,1
integer_mac,l9_n65536,circuit_z,11,4,1379729.250,9437184,0,0,1
integer_mac,l9_n65536,fused,11,4,1114385.500,9437184,0,0,1
integer_mac,l9_n65536,circuit_z,12,4,1373937.500,9437184,0,0,1
integer_mac,l9_n65536,fused,12,4,1113573.000,9437184,0,0,1
integer_mac,l9_n65536,checked_per_term,12,4,1301458.500,9437184,0,0,1
integer_mac,l9_n65536,circuit_z,13,4,1370062.500,9437184,0,0,1
integer_mac,l9_n65536,checked_per_term,13,4,1305239.750,9437184,0,0,1
integer_mac,l9_n65536,fused,13,4,1114541.500,9437184,0,0,1
integer_mac,l9_n65536,checked_per_term,14,4,1309927.000,9437184,0,0,1
integer_mac,l9_n65536,circuit_z,14,4,1412812.500,9437184,0,0,1
integer_mac,l9_n65536,fused,14,4,1143833.250,9437184,0,0,1
integer_mac,l9_n65536,fused,15,4,1142989.500,9437184,0,0,1
integer_mac,l9_n65536,checked_per_term,15,4,1339406.250,9437184,0,0,1
integer_mac,l9_n65536,circuit_z,15,4,1410073.000,9437184,0,0,1
integer_mac,l9_n65536,circuit_z,16,4,1398020.750,9437184,0,0,1
integer_mac,l9_n65536,fused,16,4,1144520.750,9437184,0,0,1
integer_mac,l9_n65536,checked_per_term,16,4,1300760.500,9437184,0,0,1
integer_mac,l9_n65536,circuit_z,17,4,1369666.750,9437184,0,0,1
integer_mac,l9_n65536,fused,17,4,1112031.250,9437184,0,0,1
integer_mac,l9_n65536,checked_per_term,17,4,1302448.000,9437184,0,0,1
integer_mac,l9_n65536,fused,18,4,1114822.750,9437184,0,0,1
integer_mac,l9_n65536,checked_per_term,18,4,1302583.250,9437184,0,0,1
integer_mac,l9_n65536,circuit_z,18,4,1377781.250,9437184,0,0,1
integer_mac,l9_n65536,checked_per_term,19,4,1302291.750,9437184,0,0,1
integer_mac,l9_n65536,circuit_z,19,4,1368041.500,9437184,0,0,1
integer_mac,l9_n65536,fused,19,4,1110364.500,9437184,0,0,1
integer_mac,l9_n65536,circuit_z,20,4,1372698.000,9437184,0,0,1
integer_mac,l9_n65536,fused,20,4,1111635.250,9437184,0,0,1
integer_mac,l9_n65536,checked_per_term,20,4,1304552.000,9437184,0,0,1
integer_mac,l9_n65536,fused,21,4,1112968.750,9437184,0,0,1
integer_mac,l9_n65536,checked_per_term,21,4,1303843.750,9437184,0,0,1
integer_mac,l9_n65536,circuit_z,21,4,1374291.750,9437184,0,0,1
integer_mac,l9_n65536,checked_per_term,22,4,1301802.000,9437184,0,0,1
integer_mac,l9_n65536,fused,22,4,1111031.250,9437184,0,0,1
integer_mac,l9_n65536,circuit_z,22,4,1371239.500,9437184,0,0,1
integer_mac,l9_n65536,checked_per_term,23,4,1301364.500,9437184,0,0,1
integer_mac,l9_n65536,fused,23,4,1112395.750,9437184,0,0,1
integer_mac,l9_n65536,circuit_z,23,4,1371010.500,9437184,0,0,1
integer_mac,l9_n65536,fused,24,4,1112208.500,9437184,0,0,1
integer_mac,l9_n65536,checked_per_term,24,4,1299739.750,9437184,0,0,1
integer_mac,l9_n65536,circuit_z,24,4,1366645.750,9437184,0,0,1
integer_mac,l9_n65536,checked_per_term,25,4,1299229.250,9437184,0,0,1
integer_mac,l9_n65536,fused,25,4,1108770.750,9437184,0,0,1
integer_mac,l9_n65536,circuit_z,25,4,1364812.500,9437184,0,0,1
integer_mac,l9_n65536,fused,26,4,1109041.750,9437184,0,0,1
integer_mac,l9_n65536,checked_per_term,26,4,1299656.250,9437184,0,0,1
integer_mac,l9_n65536,circuit_z,26,4,1365520.750,9437184,0,0,1
integer_mac,l9_n65536,fused,27,4,1116489.500,9437184,0,0,1
integer_mac,l9_n65536,checked_per_term,27,4,1305031.250,9437184,0,0,1
integer_mac,l9_n65536,circuit_z,27,4,1374906.250,9437184,0,0,1
integer_mac,l9_n65536,fused,28,4,1117593.750,9437184,0,0,1
integer_mac,l9_n65536,circuit_z,28,4,1378645.750,9437184,0,0,1
integer_mac,l9_n65536,checked_per_term,28,4,1300968.750,9437184,0,0,1
integer_mac,l9_n65536,circuit_z,29,4,1371906.250,9437184,0,0,1
integer_mac,l9_n65536,checked_per_term,29,4,1304896.000,9437184,0,0,1
integer_mac,l9_n65536,fused,29,4,1110739.750,9437184,0,0,1
integer_mac,l9_n65536,checked_per_term,30,4,1301593.750,9437184,0,0,1
integer_mac,l9_n65536,fused,30,4,1115291.750,9437184,0,0,1
integer_mac,l9_n65536,circuit_z,30,4,1377583.500,9437184,0,0,1
integer_mac,l9_n65536,fused,31,4,1111447.750,9437184,0,0,1
integer_mac,l9_n65536,checked_per_term,31,4,1301104.000,9437184,0,0,1
integer_mac,l9_n65536,circuit_z,31,4,1373396.000,9437184,0,0,1
p256_product,active4_n16,fixed9,0,16384,998.851,4608,0,0,1
p256_product,active4_n16,existing_p256,0,16384,326.866,4608,0,0,1
p256_product,active4_n16,public_bound4,0,16384,102.732,4608,0,0,1
p256_product,active4_n16,existing_p256,1,16384,324.938,4608,0,0,1
p256_product,active4_n16,fixed9,1,16384,1014.623,4608,0,0,1
p256_product,active4_n16,public_bound4,1,16384,102.592,4608,0,0,1
p256_product,active4_n16,fixed9,2,16384,1015.345,4608,0,0,1
p256_product,active4_n16,existing_p256,2,16384,327.657,4608,0,0,1
p256_product,active4_n16,public_bound4,2,16384,102.417,4608,0,0,1
p256_product,active4_n16,public_bound4,3,16384,102.379,4608,0,0,1
p256_product,active4_n16,existing_p256,3,16384,329.755,4608,0,0,1
p256_product,active4_n16,fixed9,3,16384,1041.987,4608,0,0,1
p256_product,active4_n16,fixed9,4,16384,1077.156,4608,0,0,1
p256_product,active4_n16,existing_p256,4,16384,329.371,4608,0,0,1
p256_product,active4_n16,public_bound4,4,16384,103.091,4608,0,0,1
p256_product,active4_n16,fixed9,5,16384,1034.103,4608,0,0,1
p256_product,active4_n16,existing_p256,5,16384,326.930,4608,0,0,1
p256_product,active4_n16,public_bound4,5,16384,102.270,4608,0,0,1
p256_product,active4_n16,fixed9,6,16384,1005.587,4608,0,0,1
p256_product,active4_n16,public_bound4,6,16384,102.257,4608,0,0,1
p256_product,active4_n16,existing_p256,6,16384,326.159,4608,0,0,1
p256_product,active4_n16,existing_p256,7,16384,326.241,4608,0,0,1
p256_product,active4_n16,fixed9,7,16384,982.722,4608,0,0,1
p256_product,active4_n16,public_bound4,7,16384,102.063,4608,0,0,1
p256_product,active4_n16,public_bound4,8,16384,102.076,4608,0,0,1
p256_product,active4_n16,fixed9,8,16384,977.783,4608,0,0,1
p256_product,active4_n16,existing_p256,8,16384,325.500,4608,0,0,1
p256_product,active4_n16,fixed9,9,16384,964.320,4608,0,0,1
p256_product,active4_n16,public_bound4,9,16384,102.483,4608,0,0,1
p256_product,active4_n16,existing_p256,9,16384,326.823,4608,0,0,1
p256_product,active4_n16,public_bound4,10,16384,103.282,4608,0,0,1
p256_product,active4_n16,fixed9,10,16384,976.161,4608,0,0,1
p256_product,active4_n16,existing_p256,10,16384,324.674,4608,0,0,1
p256_product,active4_n16,existing_p256,11,16384,328.344,4608,0,0,1
p256_product,active4_n16,fixed9,11,16384,974.912,4608,0,0,1
p256_product,active4_n16,public_bound4,11,16384,103.048,4608,0,0,1
p256_product,active4_n16,existing_p256,12,16384,326.487,4608,0,0,1
p256_product,active4_n16,public_bound4,12,16384,102.506,4608,0,0,1
p256_product,active4_n16,fixed9,12,16384,998.413,4608,0,0,1
p256_product,active4_n16,public_bound4,13,16384,102.346,4608,0,0,1
p256_product,active4_n16,existing_p256,13,16384,325.406,4608,0,0,1
p256_product,active4_n16,fixed9,13,16384,995.303,4608,0,0,1
p256_product,active4_n16,public_bound4,14,16384,102.333,4608,0,0,1
p256_product,active4_n16,existing_p256,14,16384,327.286,4608,0,0,1
p256_product,active4_n16,fixed9,14,16384,947.141,4608,0,0,1
p256_product,active4_n16,existing_p256,15,16384,325.831,4608,0,0,1
p256_product,active4_n16,public_bound4,15,16384,102.687,4608,0,0,1
p256_product,active4_n16,fixed9,15,16384,984.744,4608,0,0,1
p256_product,active4_n16,existing_p256,16,16384,324.450,4608,0,0,1
p256_product,active4_n16,fixed9,16,16384,978.475,4608,0,0,1
p256_product,active4_n16,public_bound4,16,16384,102.562,4608,0,0,1
p256_product,active4_n16,existing_p256,17,16384,326.553,4608,0,0,1
p256_product,active4_n16,fixed9,17,16384,935.768,4608,0,0,1
p256_product,active4_n16,public_bound4,17,16384,103.088,4608,0,0,1
p256_product,active4_n16,existing_p256,18,16384,325.803,4608,0,0,1
p256_product,active4_n16,fixed9,18,16384,953.985,4608,0,0,1
p256_product,active4_n16,public_bound4,18,16384,103.060,4608,0,0,1
p256_product,active4_n16,fixed9,19,16384,999.985,4608,0,0,1
p256_product,active4_n16,public_bound4,19,16384,102.585,4608,0,0,1
p256_product,active4_n16,existing_p256,19,16384,325.829,4608,0,0,1
p256_product,active4_n16,public_bound4,20,16384,102.587,4608,0,0,1
p256_product,active4_n16,fixed9,20,16384,994.181,4608,0,0,1
p256_product,active4_n16,existing_p256,20,16384,325.010,4608,0,0,1
p256_product,active4_n16,existing_p256,21,16384,323.207,4608,0,0,1
p256_product,active4_n16,public_bound4,21,16384,102.206,4608,0,0,1
p256_product,active4_n16,fixed9,21,16384,980.710,4608,0,0,1
p256_product,active4_n16,existing_p256,22,16384,326.164,4608,0,0,1
p256_product,active4_n16,public_bound4,22,16384,102.389,4608,0,0,1
p256_product,active4_n16,fixed9,22,16384,993.632,4608,0,0,1
p256_product,active4_n16,existing_p256,23,16384,326.617,4608,0,0,1
p256_product,active4_n16,fixed9,23,16384,1029.439,4608,0,0,1
p256_product,active4_n16,public_bound4,23,16384,102.529,4608,0,0,1
p256_product,active4_n16,existing_p256,24,16384,324.557,4608,0,0,1
p256_product,active4_n16,public_bound4,24,16384,102.676,4608,0,0,1
p256_product,active4_n16,fixed9,24,16384,982.051,4608,0,0,1
p256_product,active4_n16,public_bound4,25,16384,102.554,4608,0,0,1
p256_product,active4_n16,fixed9,25,16384,1011.823,4608,0,0,1
p256_product,active4_n16,existing_p256,25,16384,325.284,4608,0,0,1
p256_product,active4_n16,public_bound4,26,16384,102.295,4608,0,0,1
p256_product,active4_n16,existing_p256,26,16384,325.668,4608,0,0,1
p256_product,active4_n16,fixed9,26,16384,974.991,4608,0,0,1
p256_product,active4_n16,fixed9,27,16384,983.345,4608,0,0,1
p256_product,active4_n16,public_bound4,27,16384,102.371,4608,0,0,1
p256_product,active4_n16,existing_p256,27,16384,324.572,4608,0,0,1
p256_product,active4_n16,existing_p256,28,16384,325.203,4608,0,0,1
p256_product,active4_n16,public_bound4,28,16384,102.702,4608,0,0,1
p256_product,active4_n16,fixed9,28,16384,1005.463,4608,0,0,1
p256_product,active4_n16,public_bound4,29,16384,102.247,4608,0,0,1
p256_product,active4_n16,existing_p256,29,16384,324.160,4608,0,0,1
p256_product,active4_n16,fixed9,29,16384,994.209,4608,0,0,1
p256_product,active4_n16,fixed9,30,16384,992.246,4608,0,0,1
p256_product,active4_n16,existing_p256,30,16384,324.857,4608,0,0,1
p256_product,active4_n16,public_bound4,30,16384,102.730,4608,0,0,1
p256_product,active4_n16,public_bound4,31,16384,103.190,4608,0,0,1
p256_product,active4_n16,existing_p256,31,16384,326.352,4608,0,0,1
p256_product,active4_n16,fixed9,31,16384,1024.480,4608,0,0,1
p256_product,active4_n1024,existing_p256,0,256,21117.836,294912,0,0,1
p256_product,active4_n1024,public_bound4,0,256,6603.188,294912,0,0,1
p256_product,active4_n1024,fixed9,0,256,64762.859,294912,0,0,1
p256_product,active4_n1024,existing_p256,1,256,21070.473,294912,0,0,1
p256_product,active4_n1024,fixed9,1,256,65494.953,294912,0,0,1
p256_product,active4_n1024,public_bound4,1,256,6592.773,294912,0,0,1
p256_product,active4_n1024,fixed9,2,256,64573.402,294912,0,0,1
p256_product,active4_n1024,public_bound4,2,256,6652.020,294912,0,0,1
p256_product,active4_n1024,existing_p256,2,256,21041.016,294912,0,0,1
p256_product,active4_n1024,public_bound4,3,256,6679.363,294912,0,0,1
p256_product,active4_n1024,existing_p256,3,256,21224.609,294912,0,0,1
p256_product,active4_n1024,fixed9,3,256,65547.852,294912,0,0,1
p256_product,active4_n1024,public_bound4,4,256,6629.559,294912,0,0,1
p256_product,active4_n1024,fixed9,4,256,65433.430,294912,0,0,1
p256_product,active4_n1024,existing_p256,4,256,21214.680,294912,0,0,1
p256_product,active4_n1024,public_bound4,5,256,6923.340,294912,0,0,1
p256_product,active4_n1024,existing_p256,5,256,21830.078,294912,0,0,1
p256_product,active4_n1024,fixed9,5,256,65930.500,294912,0,0,1
p256_product,active4_n1024,public_bound4,6,256,6682.945,294912,0,0,1
p256_product,active4_n1024,existing_p256,6,256,21183.430,294912,0,0,1
p256_product,active4_n1024,fixed9,6,256,65470.055,294912,0,0,1
p256_product,active4_n1024,fixed9,7,256,66398.113,294912,0,0,1
p256_product,active4_n1024,public_bound4,7,256,6589.684,294912,0,0,1
p256_product,active4_n1024,existing_p256,7,256,21070.637,294912,0,0,1
p256_product,active4_n1024,public_bound4,8,256,6669.922,294912,0,0,1
p256_product,active4_n1024,fixed9,8,256,65753.094,294912,0,0,1
p256_product,active4_n1024,existing_p256,8,256,20926.105,294912,0,0,1
p256_product,active4_n1024,existing_p256,9,256,20956.703,294912,0,0,1
p256_product,active4_n1024,fixed9,9,256,64444.988,294912,0,0,1
p256_product,active4_n1024,public_bound4,9,256,6624.512,294912,0,0,1
p256_product,active4_n1024,public_bound4,10,256,6707.520,294912,0,0,1
p256_product,active4_n1024,existing_p256,10,256,21120.766,294912,0,0,1
p256_product,active4_n1024,fixed9,10,256,62011.555,294912,0,0,1
p256_product,active4_n1024,existing_p256,11,256,21184.895,294912,0,0,1
p256_product,active4_n1024,fixed9,11,256,64260.254,294912,0,0,1
p256_product,active4_n1024,public_bound4,11,256,6630.207,294912,0,0,1
p256_product,active4_n1024,existing_p256,12,256,21029.785,294912,0,0,1
p256_product,active4_n1024,fixed9,12,256,65039.715,294912,0,0,1
p256_product,active4_n1024,public_bound4,12,256,6701.172,294912,0,0,1
p256_product,active4_n1024,public_bound4,13,256,6683.105,294912,0,0,1
p256_product,active4_n1024,fixed9,13,256,65630.699,294912,0,0,1
p256_product,active4_n1024,existing_p256,13,256,21050.129,294912,0,0,1
p256_product,active4_n1024,public_bound4,14,256,6641.926,294912,0,0,1
p256_product,active4_n1024,fixed9,14,256,64166.992,294912,0,0,1
p256_product,active4_n1024,existing_p256,14,256,21069.984,294912,0,0,1
p256_product,active4_n1024,fixed9,15,256,63759.605,294912,0,0,1
p256_product,active4_n1024,public_bound4,15,256,6607.258,294912,0,0,1
p256_product,active4_n1024,existing_p256,15,256,20993.328,294912,0,0,1
p256_product,active4_n1024,existing_p256,16,256,21017.250,294912,0,0,1
p256_product,active4_n1024,fixed9,16,256,64604.492,294912,0,0,1
p256_product,active4_n1024,public_bound4,16,256,6624.836,294912,0,0,1
p256_product,active4_n1024,fixed9,17,256,64217.934,294912,0,0,1
p256_product,active4_n1024,existing_p256,17,256,21063.801,294912,0,0,1
p256_product,active4_n1024,public_bound4,17,256,6666.504,294912,0,0,1
p256_product,active4_n1024,existing_p256,18,256,20963.055,294912,0,0,1
p256_product,active4_n1024,public_bound4,18,256,6627.117,294912,0,0,1
p256_product,active4_n1024,fixed9,18,256,63007.160,294912,0,0,1
p256_product,active4_n1024,fixed9,19,256,65292.969,294912,0,0,1
p256_product,active4_n1024,public_bound4,19,256,6577.477,294912,0,0,1
p256_product,active4_n1024,existing_p256,19,256,20951.984,294912,0,0,1
p256_product,active4_n1024,fixed9,20,256,62220.867,294912,0,0,1
p256_product,active4_n1024,existing_p256,20,256,20946.938,294912,0,0,1
p256_product,active4_n1024,public_bound4,20,256,6637.531,294912,0,0,1
p256_product,active4_n1024,fixed9,21,256,63825.195,294912,0,0,1
p256_product,active4_n1024,public_bound4,21,256,6637.859,294912,0,0,1
p256_product,active4_n1024,existing_p256,21,256,21051.270,294912,0,0,1
p256_product,active4_n1024,existing_p256,22,256,21030.598,294912,0,0,1
p256_product,active4_n1024,public_bound4,22,256,6624.836,294912,0,0,1
p256_product,active4_n1024,fixed9,22,256,62934.570,294912,0,0,1
p256_product,active4_n1024,existing_p256,23,256,21000.977,294912,0,0,1
p256_product,active4_n1024,public_bound4,23,256,6627.602,294912,0,0,1
p256_product,active4_n1024,fixed9,23,256,64924.480,294912,0,0,1
p256_product,active4_n1024,public_bound4,24,256,6594.074,294912,0,0,1
p256_product,active4_n1024,fixed9,24,256,60614.422,294912,0,0,1
p256_product,active4_n1024,existing_p256,24,256,20872.234,294912,0,0,1
p256_product,active4_n1024,fixed9,25,256,61591.148,294912,0,0,1
p256_product,active4_n1024,existing_p256,25,256,20961.750,294912,0,0,1
p256_product,active4_n1024,public_bound4,25,256,6607.910,294912,0,0,1
p256_product,active4_n1024,public_bound4,26,256,6614.258,294912,0,0,1
p256_product,active4_n1024,fixed9,26,256,65798.340,294912,0,0,1
p256_product,active4_n1024,existing_p256,26,256,21044.598,294912,0,0,1
p256_product,active4_n1024,fixed9,27,256,65972.984,294912,0,0,1
p256_product,active4_n1024,public_bound4,27,256,6622.883,294912,0,0,1
p256_product,active4_n1024,existing_p256,27,256,20930.016,294912,0,0,1
p256_product,active4_n1024,existing_p256,28,256,20998.859,294912,0,0,1
p256_product,active4_n1024,public_bound4,28,256,6631.184,294912,0,0,1
p256_product,active4_n1024,fixed9,28,256,63309.242,294912,0,0,1
p256_product,active4_n1024,existing_p256,29,256,20972.168,294912,0,0,1
p256_product,active4_n1024,fixed9,29,256,65584.961,294912,0,0,1
p256_product,active4_n1024,public_bound4,29,256,6615.559,294912,0,0,1
p256_product,active4_n1024,fixed9,30,256,64115.883,294912,0,0,1
p256_product,active4_n1024,public_bound4,30,256,6616.535,294912,0,0,1
p256_product,active4_n1024,existing_p256,30,256,21046.387,294912,0,0,1
p256_product,active4_n1024,public_bound4,31,256,6651.203,294912,0,0,1
p256_product,active4_n1024,fixed9,31,256,65053.223,294912,0,0,1
p256_product,active4_n1024,existing_p256,31,256,21023.113,294912,0,0,1
p256_product,active4_n65536,existing_p256,0,4,1381083.250,18874368,0,0,1
p256_product,active4_n65536,public_bound4,0,4,447135.500,18874368,0,0,1
p256_product,active4_n65536,fixed9,0,4,4346031.250,18874368,0,0,1
p256_product,active4_n65536,existing_p256,1,4,1386739.500,18874368,0,0,1
p256_product,active4_n65536,fixed9,1,4,4340500.000,18874368,0,0,1
p256_product,active4_n65536,public_bound4,1,4,451312.500,18874368,0,0,1
p256_product,active4_n65536,public_bound4,2,4,449177.250,18874368,0,0,1
p256_product,active4_n65536,fixed9,2,4,4234927.000,18874368,0,0,1
p256_product,active4_n65536,existing_p256,2,4,1379646.000,18874368,0,0,1
p256_product,active4_n65536,existing_p256,3,4,1389833.250,18874368,0,0,1
p256_product,active4_n65536,fixed9,3,4,4329937.500,18874368,0,0,1
p256_product,active4_n65536,public_bound4,3,4,452500.000,18874368,0,0,1
p256_product,active4_n65536,fixed9,4,4,4305916.750,18874368,0,0,1
p256_product,active4_n65536,existing_p256,4,4,1373552.000,18874368,0,0,1
p256_product,active4_n65536,public_bound4,4,4,451093.750,18874368,0,0,1
p256_product,active4_n65536,public_bound4,5,4,449968.750,18874368,0,0,1
p256_product,active4_n65536,existing_p256,5,4,1376531.250,18874368,0,0,1
p256_product,active4_n65536,fixed9,5,4,4372604.000,18874368,0,0,1
p256_product,active4_n65536,fixed9,6,4,4372625.000,18874368,0,0,1
p256_product,active4_n65536,existing_p256,6,4,1372343.750,18874368,0,0,1
p256_product,active4_n65536,public_bound4,6,4,451822.750,18874368,0,0,1
p256_product,active4_n65536,fixed9,7,4,4329062.500,18874368,0,0,1
p256_product,active4_n65536,public_bound4,7,4,448687.500,18874368,0,0,1
p256_product,active4_n65536,existing_p256,7,4,1370281.250,18874368,0,0,1
p256_product,active4_n65536,public_bound4,8,4,451635.500,18874368,0,0,1
p256_product,active4_n65536,existing_p256,8,4,1380229.250,18874368,0,0,1
p256_product,active4_n65536,fixed9,8,4,4344521.000,18874368,0,0,1
p256_product,active4_n65536,fixed9,9,4,4363010.250,18874368,0,0,1
p256_product,active4_n65536,existing_p256,9,4,1369364.500,18874368,0,0,1
p256_product,active4_n65536,public_bound4,9,4,447458.250,18874368,0,0,1
p256_product,active4_n65536,public_bound4,10,4,450197.750,18874368,0,0,1
p256_product,active4_n65536,existing_p256,10,4,1383583.250,18874368,0,0,1
p256_product,active4_n65536,fixed9,10,4,4326041.750,18874368,0,0,1
p256_product,active4_n65536,fixed9,11,4,4360541.750,18874368,0,0,1
p256_product,active4_n65536,existing_p256,11,4,1375020.750,18874368,0,0,1
p256_product,active4_n65536,public_bound4,11,4,445583.500,18874368,0,0,1
p256_product,active4_n65536,public_bound4,12,4,446458.250,18874368,0,0,1
p256_product,active4_n65536,existing_p256,12,4,1372385.500,18874368,0,0,1
p256_product,active4_n65536,fixed9,12,4,4318343.750,18874368,0,0,1
p256_product,active4_n65536,public_bound4,13,4,446281.250,18874368,0,0,1
p256_product,active4_n65536,fixed9,13,4,4321281.250,18874368,0,0,1
p256_product,active4_n65536,existing_p256,13,4,1384260.500,18874368,0,0,1
p256_product,active4_n65536,fixed9,14,4,4341062.500,18874368,0,0,1
p256_product,active4_n65536,existing_p256,14,4,1370895.750,18874368,0,0,1
p256_product,active4_n65536,public_bound4,14,4,445406.250,18874368,0,0,1
p256_product,active4_n65536,existing_p256,15,4,1384927.000,18874368,0,0,1
p256_product,active4_n65536,fixed9,15,4,4259187.500,18874368,0,0,1
p256_product,active4_n65536,public_bound4,15,4,450343.750,18874368,0,0,1
p256_product,active4_n65536,public_bound4,16,4,444677.000,18874368,0,0,1
p256_product,active4_n65536,existing_p256,16,4,1365208.250,18874368,0,0,1
p256_product,active4_n65536,fixed9,16,4,4339760.500,18874368,0,0,1
p256_product,active4_n65536,existing_p256,17,4,1379781.250,18874368,0,0,1
p256_product,active4_n65536,public_bound4,17,4,448937.500,18874368,0,0,1
p256_product,active4_n65536,fixed9,17,4,4348270.750,18874368,0,0,1
p256_product,active4_n65536,fixed9,18,4,4350489.500,18874368,0,0,1
p256_product,active4_n65536,existing_p256,18,4,1379062.500,18874368,0,0,1
p256_product,active4_n65536,public_bound4,18,4,446854.250,18874368,0,0,1
p256_product,active4_n65536,existing_p256,19,4,1378114.750,18874368,0,0,1
p256_product,active4_n65536,fixed9,19,4,4328989.750,18874368,0,0,1
p256_product,active4_n65536,public_bound4,19,4,449343.750,18874368,0,0,1
p256_product,active4_n65536,fixed9,20,4,4255448.000,18874368,0,0,1
p256_product,active4_n65536,public_bound4,20,4,444843.750,18874368,0,0,1
p256_product,active4_n65536,existing_p256,20,4,1367406.250,18874368,0,0,1
p256_product,active4_n65536,existing_p256,21,4,1365041.750,18874368,0,0,1
p256_product,active4_n65536,public_bound4,21,4,444739.500,18874368,0,0,1
p256_product,active4_n65536,fixed9,21,4,4293260.500,18874368,0,0,1
p256_product,active4_n65536,fixed9,22,4,4299104.000,18874368,0,0,1
p256_product,active4_n65536,existing_p256,22,4,1370635.500,18874368,0,0,1
p256_product,active4_n65536,public_bound4,22,4,449104.000,18874368,0,0,1
p256_product,active4_n65536,fixed9,23,4,4278302.250,18874368,0,0,1
p256_product,active4_n65536,public_bound4,23,4,447416.750,18874368,0,0,1
p256_product,active4_n65536,existing_p256,23,4,1378958.500,18874368,0,0,1
p256_product,active4_n65536,existing_p256,24,4,1374708.500,18874368,0,0,1
p256_product,active4_n65536,fixed9,24,4,4333739.500,18874368,0,0,1
p256_product,active4_n65536,public_bound4,24,4,451052.000,18874368,0,0,1
p256_product,active4_n65536,existing_p256,25,4,1377125.000,18874368,0,0,1
p256_product,active4_n65536,fixed9,25,4,4342718.750,18874368,0,0,1
p256_product,active4_n65536,public_bound4,25,4,448031.250,18874368,0,0,1
p256_product,active4_n65536,existing_p256,26,4,1365395.750,18874368,0,0,1
p256_product,active4_n65536,fixed9,26,4,4254479.000,18874368,0,0,1
p256_product,active4_n65536,public_bound4,26,4,468500.000,18874368,0,0,1
p256_product,active4_n65536,existing_p256,27,4,1448947.750,18874368,0,0,1
p256_product,active4_n65536,public_bound4,27,4,481229.250,18874368,0,0,1
p256_product,active4_n65536,fixed9,27,4,4306843.750,18874368,0,0,1
p256_product,active4_n65536,public_bound4,28,4,446770.750,18874368,0,0,1
p256_product,active4_n65536,existing_p256,28,4,1369979.250,18874368,0,0,1
p256_product,active4_n65536,fixed9,28,4,4334447.750,18874368,0,0,1
p256_product,active4_n65536,fixed9,29,4,4266125.000,18874368,0,0,1
p256_product,active4_n65536,existing_p256,29,4,1401885.500,18874368,0,0,1
p256_product,active4_n65536,public_bound4,29,4,445125.000,18874368,0,0,1
p256_product,active4_n65536,public_bound4,30,4,445552.000,18874368,0,0,1
p256_product,active4_n65536,fixed9,30,4,4307906.250,18874368,0,0,1
p256_product,active4_n65536,existing_p256,30,4,1377781.250,18874368,0,0,1
p256_product,active4_n65536,existing_p256,31,4,1371093.750,18874368,0,0,1
p256_product,active4_n65536,public_bound4,31,4,445385.500,18874368,0,0,1
p256_product,active4_n65536,fixed9,31,4,4349916.500,18874368,0,0,1
p256_product,active9_n16,existing_p256,0,4096,919.505,4608,0,0,1
p256_product,active9_n16,fixed9,0,4096,925.903,4608,0,0,1
p256_product,active9_n16,existing_p256,1,4096,927.236,4608,0,0,1
p256_product,active9_n16,fixed9,1,4096,1029.785,4608,0,0,1
p256_product,active9_n16,existing_p256,2,4096,919.729,4608,0,0,1
p256_product,active9_n16,fixed9,2,4096,928.955,4608,0,0,1
p256_product,active9_n16,fixed9,3,4096,1010.966,4608,0,0,1
p256_product,active9_n16,existing_p256,3,4096,920.705,4608,0,0,1
p256_product,active9_n16,fixed9,4,4096,1025.228,4608,0,0,1
p256_product,active9_n16,existing_p256,4,4096,919.271,4608,0,0,1
p256_product,active9_n16,fixed9,5,4096,949.971,4608,0,0,1
p256_product,active9_n16,existing_p256,5,4096,926.595,4608,0,0,1
p256_product,active9_n16,fixed9,6,4096,998.179,4608,0,0,1
p256_product,active9_n16,existing_p256,6,4096,923.848,4608,0,0,1
p256_product,active9_n16,fixed9,7,4096,972.575,4608,0,0,1
p256_product,active9_n16,existing_p256,7,4096,920.573,4608,0,0,1
p256_product,active9_n16,existing_p256,8,4096,926.046,4608,0,0,1
p256_product,active9_n16,fixed9,8,4096,976.725,4608,0,0,1
p256_product,active9_n16,fixed9,9,4096,998.311,4608,0,0,1
p256_product,active9_n16,existing_p256,9,4096,924.306,4608,0,0,1
p256_product,active9_n16,fixed9,10,4096,929.321,4608,0,0,1
p256_product,active9_n16,existing_p256,10,4096,925.557,4608,0,0,1
p256_product,active9_n16,fixed9,11,4096,931.173,4608,0,0,1
p256_product,active9_n16,existing_p256,11,4096,923.716,4608,0,0,1
p256_product,active9_n16,fixed9,12,4096,1002.512,4608,0,0,1
p256_product,active9_n16,existing_p256,12,4096,922.455,4608,0,0,1
p256_product,active9_n16,fixed9,13,4096,926.402,4608,0,0,1
p256_product,active9_n16,existing_p256,13,4096,929.891,4608,0,0,1
p256_product,active9_n16,existing_p256,14,4096,922.465,4608,0,0,1
p256_product,active9_n16,fixed9,14,4096,951.660,4608,0,0,1
p256_product,active9_n16,fixed9,15,4096,993.276,4608,0,0,1
p256_product,active9_n16,existing_p256,15,4096,921.875,4608,0,0,1
p256_product,active9_n16,fixed9,16,4096,986.247,4608,0,0,1
p256_product,active9_n16,existing_p256,16,4096,923.360,4608,0,0,1
p256_product,active9_n16,existing_p256,17,4096,923.228,4608,0,0,1
p256_product,active9_n16,fixed9,17,4096,961.304,4608,0,0,1
p256_product,active9_n16,fixed9,18,4096,1031.321,4608,0,0,1
p256_product,active9_n16,existing_p256,18,4096,922.353,4608,0,0,1
p256_product,active9_n16,existing_p256,19,4096,922.791,4608,0,0,1
p256_product,active9_n16,fixed9,19,4096,936.696,4608,0,0,1
p256_product,active9_n16,fixed9,20,4096,991.618,4608,0,0,1
p256_product,active9_n16,existing_p256,20,4096,925.191,4608,0,0,1
p256_product,active9_n16,existing_p256,21,4096,922.557,4608,0,0,1
p256_product,active9_n16,fixed9,21,4096,946.350,4608,0,0,1
p256_product,active9_n16,fixed9,22,4096,1002.330,4608,0,0,1
p256_product,active9_n16,existing_p256,22,4096,924.500,4608,0,0,1
p256_product,active9_n16,fixed9,23,4096,992.350,4608,0,0,1
p256_product,active9_n16,existing_p256,23,4096,920.705,4608,0,0,1
p256_product,active9_n16,fixed9,24,4096,927.867,4608,0,0,1
p256_product,active9_n16,existing_p256,24,4096,921.926,4608,0,0,1
p256_product,active9_n16,fixed9,25,4096,926.066,4608,0,0,1
p256_product,active9_n16,existing_p256,25,4096,921.936,4608,0,0,1
p256_product,active9_n16,fixed9,26,4096,928.802,4608,0,0,1
p256_product,active9_n16,existing_p256,26,4096,923.553,4608,0,0,1
p256_product,active9_n16,existing_p256,27,4096,922.404,4608,0,0,1
p256_product,active9_n16,fixed9,27,4096,1004.272,4608,0,0,1
p256_product,active9_n16,fixed9,28,4096,1021.993,4608,0,0,1
p256_product,active9_n16,existing_p256,28,4096,921.967,4608,0,0,1
p256_product,active9_n16,fixed9,29,4096,1017.497,4608,0,0,1
p256_product,active9_n16,existing_p256,29,4096,927.521,4608,0,0,1
p256_product,active9_n16,fixed9,30,4096,925.039,4608,0,0,1
p256_product,active9_n16,existing_p256,30,4096,964.437,4608,0,0,1
p256_product,active9_n16,existing_p256,31,4096,996.907,4608,0,0,1
p256_product,active9_n16,fixed9,31,4096,998.861,4608,0,0,1
p256_product,active9_n1024,fixed9,0,64,61375.656,294912,0,0,1
p256_product,active9_n1024,existing_p256,0,64,59121.094,294912,0,0,1
p256_product,active9_n1024,fixed9,1,64,64107.422,294912,0,0,1
p256_product,active9_n1024,existing_p256,1,64,59123.703,294912,0,0,1
p256_product,active9_n1024,fixed9,2,64,64317.703,294912,0,0,1
p256_product,active9_n1024,existing_p256,2,64,58945.953,294912,0,0,1
p256_product,active9_n1024,existing_p256,3,64,58712.234,294912,0,0,1
p256_product,active9_n1024,fixed9,3,64,66032.547,294912,0,0,1
p256_product,active9_n1024,existing_p256,4,64,59031.891,294912,0,0,1
p256_product,active9_n1024,fixed9,4,64,65482.422,294912,0,0,1
p256_product,active9_n1024,existing_p256,5,64,58990.234,294912,0,0,1
p256_product,active9_n1024,fixed9,5,64,60113.938,294912,0,0,1
p256_product,active9_n1024,fixed9,6,64,65638.672,294912,0,0,1
p256_product,active9_n1024,existing_p256,6,64,59051.438,294912,0,0,1
p256_product,active9_n1024,fixed9,7,64,59663.406,294912,0,0,1
p256_product,active9_n1024,existing_p256,7,64,58754.562,294912,0,0,1
p256_product,active9_n1024,fixed9,8,64,62595.703,294912,0,0,1
p256_product,active9_n1024,existing_p256,8,64,58938.141,294912,0,0,1
p256_product,active9_n1024,fixed9,9,64,59136.719,294912,0,0,1
p256_product,active9_n1024,existing_p256,9,64,58707.031,294912,0,0,1
p256_product,active9_n1024,existing_p256,10,64,58634.109,294912,0,0,1
p256_product,active9_n1024,fixed9,10,64,67175.141,294912,0,0,1
p256_product,active9_n1024,fixed9,11,64,67688.141,294912,0,0,1
p256_product,active9_n1024,existing_p256,11,64,59169.922,294912,0,0,1
p256_product,active9_n1024,fixed9,12,64,65949.859,294912,0,0,1
p256_product,active9_n1024,existing_p256,12,64,58948.562,294912,0,0,1
p256_product,active9_n1024,fixed9,13,64,63708.984,294912,0,0,1
p256_product,active9_n1024,existing_p256,13,64,59269.531,294912,0,0,1
p256_product,active9_n1024,fixed9,14,64,62680.328,294912,0,0,1
p256_product,active9_n1024,existing_p256,14,64,59001.953,294912,0,0,1
p256_product,active9_n1024,existing_p256,15,64,58765.625,294912,0,0,1
p256_product,active9_n1024,fixed9,15,64,63619.797,294912,0,0,1
p256_product,active9_n1024,fixed9,16,64,67757.812,294912,0,0,1
p256_product,active9_n1024,existing_p256,16,64,59001.953,294912,0,0,1
p256_product,active9_n1024,fixed9,17,64,62295.578,294912,0,0,1
p256_product,active9_n1024,existing_p256,17,64,59005.219,294912,0,0,1
p256_product,active9_n1024,existing_p256,18,64,58968.750,294912,0,0,1
p256_product,active9_n1024,fixed9,18,64,60488.281,294912,0,0,1
p256_product,active9_n1024,fixed9,19,64,63620.438,294912,0,0,1
p256_product,active9_n1024,existing_p256,19,64,59148.438,294912,0,0,1
p256_product,active9_n1024,fixed9,20,64,64682.297,294912,0,0,1
p256_product,active9_n1024,existing_p256,20,64,58915.359,294912,0,0,1
p256_product,active9_n1024,fixed9,21,64,63403.000,294912,0,0,1
p256_product,active9_n1024,existing_p256,21,64,59208.984,294912,0,0,1
p256_product,active9_n1024,existing_p256,22,64,58874.344,294912,0,0,1
p256_product,active9_n1024,fixed9,22,64,65430.344,294912,0,0,1
p256_product,active9_n1024,existing_p256,23,64,59013.016,294912,0,0,1
p256_product,active9_n1024,fixed9,23,64,64789.062,294912,0,0,1
p256_product,active9_n1024,existing_p256,24,64,59126.312,294912,0,0,1
p256_product,active9_n1024,fixed9,24,64,61016.266,294912,0,0,1
p256_product,active9_n1024,fixed9,25,64,64746.094,294912,0,0,1
p256_product,active9_n1024,existing_p256,25,64,58957.031,294912,0,0,1
p256_product,active9_n1024,fixed9,26,64,64783.859,294912,0,0,1
p256_product,active9_n1024,existing_p256,26,64,59039.062,294912,0,0,1
p256_product,active9_n1024,existing_p256,27,64,58808.594,294912,0,0,1
p256_product,active9_n1024,fixed9,27,64,59093.750,294912,0,0,1
p256_product,active9_n1024,fixed9,28,64,59189.453,294912,0,0,1
p256_product,active9_n1024,existing_p256,28,64,59088.547,294912,0,0,1
p256_product,active9_n1024,existing_p256,29,64,61082.031,294912,0,0,1
p256_product,active9_n1024,fixed9,29,64,68067.062,294912,0,0,1
p256_product,active9_n1024,fixed9,30,64,62584.625,294912,0,0,1
p256_product,active9_n1024,existing_p256,30,64,59667.312,294912,0,0,1
p256_product,active9_n1024,existing_p256,31,64,58964.844,294912,0,0,1
p256_product,active9_n1024,fixed9,31,64,60571.609,294912,0,0,1
p256_product,active9_n65536,fixed9,0,1,4460958.000,18874368,0,0,1
p256_product,active9_n65536,existing_p256,0,1,3902292.000,18874368,0,0,1
p256_product,active9_n65536,fixed9,1,1,4332625.000,18874368,0,0,1
p256_product,active9_n65536,existing_p256,1,1,4085250.000,18874368,0,0,1
p256_product,active9_n65536,fixed9,2,1,4252542.000,18874368,0,0,1
p256_product,active9_n65536,existing_p256,2,1,3807791.000,18874368,0,0,1
p256_product,active9_n65536,fixed9,3,1,4246792.000,18874368,0,0,1
p256_product,active9_n65536,existing_p256,3,1,3812167.000,18874368,0,0,1
p256_product,active9_n65536,fixed9,4,1,4100292.000,18874368,0,0,1
p256_product,active9_n65536,existing_p256,4,1,3801500.000,18874368,0,0,1
p256_product,active9_n65536,existing_p256,5,1,3821458.000,18874368,0,0,1
p256_product,active9_n65536,fixed9,5,1,4082958.000,18874368,0,0,1
p256_product,active9_n65536,fixed9,6,1,4303250.000,18874368,0,0,1
p256_product,active9_n65536,existing_p256,6,1,3801292.000,18874368,0,0,1
p256_product,active9_n65536,existing_p256,7,1,3820458.000,18874368,0,0,1
p256_product,active9_n65536,fixed9,7,1,4212459.000,18874368,0,0,1
p256_product,active9_n65536,fixed9,8,1,4272625.000,18874368,0,0,1
p256_product,active9_n65536,existing_p256,8,1,3806375.000,18874368,0,0,1
p256_product,active9_n65536,fixed9,9,1,4214083.000,18874368,0,0,1
p256_product,active9_n65536,existing_p256,9,1,3809500.000,18874368,0,0,1
p256_product,active9_n65536,fixed9,10,1,4202791.000,18874368,0,0,1
p256_product,active9_n65536,existing_p256,10,1,3816584.000,18874368,0,0,1
p256_product,active9_n65536,existing_p256,11,1,3792542.000,18874368,0,0,1
p256_product,active9_n65536,fixed9,11,1,4244959.000,18874368,0,0,1
p256_product,active9_n65536,fixed9,12,1,4506833.000,18874368,0,0,1
p256_product,active9_n65536,existing_p256,12,1,4099875.000,18874368,0,0,1
p256_product,active9_n65536,fixed9,13,1,4467000.000,18874368,0,0,1
p256_product,active9_n65536,existing_p256,13,1,4124292.000,18874368,0,0,1
p256_product,active9_n65536,fixed9,14,1,4180541.000,18874368,0,0,1
p256_product,active9_n65536,existing_p256,14,1,3802834.000,18874368,0,0,1
p256_product,active9_n65536,existing_p256,15,1,3807625.000,18874368,0,0,1
p256_product,active9_n65536,fixed9,15,1,4276291.000,18874368,0,0,1
p256_product,active9_n65536,fixed9,16,1,4326292.000,18874368,0,0,1
p256_product,active9_n65536,existing_p256,16,1,3789541.000,18874368,0,0,1
p256_product,active9_n65536,fixed9,17,1,4299209.000,18874368,0,0,1
p256_product,active9_n65536,existing_p256,17,1,3827250.000,18874368,0,0,1
p256_product,active9_n65536,fixed9,18,1,4115708.000,18874368,0,0,1
p256_product,active9_n65536,existing_p256,18,1,3809708.000,18874368,0,0,1
p256_product,active9_n65536,existing_p256,19,1,3828459.000,18874368,0,0,1
p256_product,active9_n65536,fixed9,19,1,4167083.000,18874368,0,0,1
p256_product,active9_n65536,existing_p256,20,1,3800000.000,18874368,0,0,1
p256_product,active9_n65536,fixed9,20,1,4252958.000,18874368,0,0,1
p256_product,active9_n65536,fixed9,21,1,4348000.000,18874368,0,0,1
p256_product,active9_n65536,existing_p256,21,1,3811541.000,18874368,0,0,1
p256_product,active9_n65536,fixed9,22,1,4235250.000,18874368,0,0,1
p256_product,active9_n65536,existing_p256,22,1,3788542.000,18874368,0,0,1
p256_product,active9_n65536,fixed9,23,1,4198584.000,18874368,0,0,1
p256_product,active9_n65536,existing_p256,23,1,3805083.000,18874368,0,0,1
p256_product,active9_n65536,existing_p256,24,1,3808500.000,18874368,0,0,1
p256_product,active9_n65536,fixed9,24,1,4236125.000,18874368,0,0,1
p256_product,active9_n65536,existing_p256,25,1,3787750.000,18874368,0,0,1
p256_product,active9_n65536,fixed9,25,1,4099542.000,18874368,0,0,1
p256_product,active9_n65536,existing_p256,26,1,3817250.000,18874368,0,0,1
p256_product,active9_n65536,fixed9,26,1,4067500.000,18874368,0,0,1
p256_product,active9_n65536,fixed9,27,1,4276833.000,18874368,0,0,1
p256_product,active9_n65536,existing_p256,27,1,3796500.000,18874368,0,0,1
p256_product,active9_n65536,fixed9,28,1,4076875.000,18874368,0,0,1
p256_product,active9_n65536,existing_p256,28,1,3808334.000,18874368,0,0,1
p256_product,active9_n65536,fixed9,29,1,4208959.000,18874368,0,0,1
p256_product,active9_n65536,existing_p256,29,1,3809291.000,18874368,0,0,1
p256_product,active9_n65536,existing_p256,30,1,3856416.000,18874368,0,0,1
p256_product,active9_n65536,fixed9,30,1,4055667.000,18874368,0,0,1
p256_product,active9_n65536,existing_p256,31,1,3824167.000,18874368,0,0,1
p256_product,active9_n65536,fixed9,31,1,4266333.000,18874368,0,0,1
projection,q100_l2_n16,runtime_modulus,0,1024,3150.432,768,8,128,1
projection,q100_l2_n16,fixed_crypto_bigint_vartime,0,1024,778.850,512,0,0,1
projection,q100_l2_n16,runtime_modulus,1,1024,3159.017,768,8,128,1
projection,q100_l2_n16,fixed_crypto_bigint_vartime,1,1024,781.697,512,0,0,1
projection,q100_l2_n16,runtime_modulus,2,1024,3140.991,768,8,128,1
projection,q100_l2_n16,fixed_crypto_bigint_vartime,2,1024,782.268,512,0,0,1
projection,q100_l2_n16,fixed_crypto_bigint_vartime,3,1024,783.731,512,0,0,1
projection,q100_l2_n16,runtime_modulus,3,1024,3152.669,768,8,128,1
projection,q100_l2_n16,fixed_crypto_bigint_vartime,4,1024,778.117,512,0,0,1
projection,q100_l2_n16,runtime_modulus,4,1024,3147.380,768,8,128,1
projection,q100_l2_n16,runtime_modulus,5,1024,3144.857,768,8,128,1
projection,q100_l2_n16,fixed_crypto_bigint_vartime,5,1024,776.611,512,0,0,1
projection,q100_l2_n16,fixed_crypto_bigint_vartime,6,1024,783.895,512,0,0,1
projection,q100_l2_n16,runtime_modulus,6,1024,3172.241,768,8,128,1
projection,q100_l2_n16,runtime_modulus,7,1024,3145.183,768,8,128,1
projection,q100_l2_n16,fixed_crypto_bigint_vartime,7,1024,777.873,512,0,0,1
projection,q100_l2_n16,runtime_modulus,8,1024,3143.799,768,8,128,1
projection,q100_l2_n16,fixed_crypto_bigint_vartime,8,1024,781.006,512,0,0,1
projection,q100_l2_n16,runtime_modulus,9,1024,3147.095,768,8,128,1
projection,q100_l2_n16,fixed_crypto_bigint_vartime,9,1024,784.139,512,0,0,1
projection,q100_l2_n16,runtime_modulus,10,1024,3143.351,768,8,128,1
projection,q100_l2_n16,fixed_crypto_bigint_vartime,10,1024,777.059,512,0,0,1
projection,q100_l2_n16,runtime_modulus,11,1024,3146.484,768,8,128,1
projection,q100_l2_n16,fixed_crypto_bigint_vartime,11,1024,778.768,512,0,0,1
projection,q100_l2_n16,fixed_crypto_bigint_vartime,12,1024,779.297,512,0,0,1
projection,q100_l2_n16,runtime_modulus,12,1024,3143.880,768,8,128,1
projection,q100_l2_n16,runtime_modulus,13,1024,3147.298,768,8,128,1
projection,q100_l2_n16,fixed_crypto_bigint_vartime,13,1024,781.494,512,0,0,1
projection,q100_l2_n16,runtime_modulus,14,1024,3145.670,768,8,128,1
projection,q100_l2_n16,fixed_crypto_bigint_vartime,14,1024,781.006,512,0,0,1
projection,q100_l2_n16,fixed_crypto_bigint_vartime,15,1024,781.820,512,0,0,1
projection,q100_l2_n16,runtime_modulus,15,1024,3155.313,768,8,128,1
projection,q100_l2_n16,runtime_modulus,16,1024,3156.901,768,8,128,1
projection,q100_l2_n16,fixed_crypto_bigint_vartime,16,1024,780.273,512,0,0,1
projection,q100_l2_n16,fixed_crypto_bigint_vartime,17,1024,781.535,512,0,0,1
projection,q100_l2_n16,runtime_modulus,17,1024,3144.327,768,8,128,1
projection,q100_l2_n16,runtime_modulus,18,1024,3142.049,768,8,128,1
projection,q100_l2_n16,fixed_crypto_bigint_vartime,18,1024,787.557,512,0,0,1
projection,q100_l2_n16,fixed_crypto_bigint_vartime,19,1024,782.837,512,0,0,1
projection,q100_l2_n16,runtime_modulus,19,1024,3154.704,768,8,128,1
projection,q100_l2_n16,runtime_modulus,20,1024,3140.015,768,8,128,1
projection,q100_l2_n16,fixed_crypto_bigint_vartime,20,1024,779.175,512,0,0,1
projection,q100_l2_n16,runtime_modulus,21,1024,3150.920,768,8,128,1
projection,q100_l2_n16,fixed_crypto_bigint_vartime,21,1024,777.994,512,0,0,1
projection,q100_l2_n16,fixed_crypto_bigint_vartime,22,1024,782.267,512,0,0,1
projection,q100_l2_n16,runtime_modulus,22,1024,3141.113,768,8,128,1
projection,q100_l2_n16,fixed_crypto_bigint_vartime,23,1024,780.762,512,0,0,1
projection,q100_l2_n16,runtime_modulus,23,1024,3149.861,768,8,128,1
projection,q100_l2_n16,fixed_crypto_bigint_vartime,24,1024,783.773,512,0,0,1
projection,q100_l2_n16,runtime_modulus,24,1024,3149.821,768,8,128,1
projection,q100_l2_n16,fixed_crypto_bigint_vartime,25,1024,784.627,512,0,0,1
projection,q100_l2_n16,runtime_modulus,25,1024,3149.333,768,8,128,1
projection,q100_l2_n16,fixed_crypto_bigint_vartime,26,1024,779.500,512,0,0,1
projection,q100_l2_n16,runtime_modulus,26,1024,3146.851,768,8,128,1
projection,q100_l2_n16,runtime_modulus,27,1024,3141.154,768,8,128,1
projection,q100_l2_n16,fixed_crypto_bigint_vartime,27,1024,780.966,512,0,0,1
projection,q100_l2_n16,runtime_modulus,28,1024,3135.579,768,8,128,1
projection,q100_l2_n16,fixed_crypto_bigint_vartime,28,1024,778.971,512,0,0,1
projection,q100_l2_n16,runtime_modulus,29,1024,3133.464,768,8,128,1
projection,q100_l2_n16,fixed_crypto_bigint_vartime,29,1024,776.896,512,0,0,1
projection,q100_l2_n16,runtime_modulus,30,1024,3135.213,768,8,128,1
projection,q100_l2_n16,fixed_crypto_bigint_vartime,30,1024,779.053,512,0,0,1
projection,q100_l2_n16,fixed_crypto_bigint_vartime,31,1024,779.134,512,0,0,1
projection,q100_l2_n16,runtime_modulus,31,1024,3132.690,768,8,128,1
projection,q100_l2_n1024,fixed_crypto_bigint_vartime,0,8,49453.125,32768,0,0,1
projection,q100_l2_n1024,runtime_modulus,0,8,549484.375,49152,510,8160,1
projection,q100_l2_n1024,runtime_modulus,1,8,546218.750,49152,510,8160,1
projection,q100_l2_n1024,fixed_crypto_bigint_vartime,1,8,49463.500,32768,0,0,1
projection,q100_l2_n1024,fixed_crypto_bigint_vartime,2,8,49401.000,32768,0,0,1
projection,q100_l2_n1024,runtime_modulus,2,8,547677.000,49152,510,8160,1
projection,q100_l2_n1024,fixed_crypto_bigint_vartime,3,8,49260.375,32768,0,0,1
projection,q100_l2_n1024,runtime_modulus,3,8,545791.750,49152,510,8160,1
projection,q100_l2_n1024,fixed_crypto_bigint_vartime,4,8,49140.625,32768,0,0,1
projection,q100_l2_n1024,runtime_modulus,4,8,548864.500,49152,510,8160,1
projection,q100_l2_n1024,runtime_modulus,5,8,548177.125,49152,510,8160,1
projection,q100_l2_n1024,fixed_crypto_bigint_vartime,5,8,49104.250,32768,0,0,1
projection,q100_l2_n1024,fixed_crypto_bigint_vartime,6,8,49151.125,32768,0,0,1
projection,q100_l2_n1024,runtime_modulus,6,8,545213.500,49152,510,8160,1
projection,q100_l2_n1024,runtime_modulus,7,8,546041.750,49152,510,8160,1
projection,q100_l2_n1024,fixed_crypto_bigint_vartime,7,8,49088.500,32768,0,0,1
projection,q100_l2_n1024,runtime_modulus,8,8,548020.875,49152,510,8160,1
projection,q100_l2_n1024,fixed_crypto_bigint_vartime,8,8,49354.250,32768,0,0,1
projection,q100_l2_n1024,runtime_modulus,9,8,547557.375,49152,510,8160,1
projection,q100_l2_n1024,fixed_crypto_bigint_vartime,9,8,49270.750,32768,0,0,1
projection,q100_l2_n1024,fixed_crypto_bigint_vartime,10,8,49156.250,32768,0,0,1
projection,q100_l2_n1024,runtime_modulus,10,8,546135.375,49152,510,8160,1
projection,q100_l2_n1024,runtime_modulus,11,8,545937.500,49152,510,8160,1
projection,q100_l2_n1024,fixed_crypto_bigint_vartime,11,8,49218.750,32768,0,0,1
projection,q100_l2_n1024,runtime_modulus,12,8,544281.250,49152,510,8160,1
projection,q100_l2_n1024,fixed_crypto_bigint_vartime,12,8,49145.750,32768,0,0,1
projection,q100_l2_n1024,runtime_modulus,13,8,543302.125,49152,510,8160,1
projection,q100_l2_n1024,fixed_crypto_bigint_vartime,13,8,49171.875,32768,0,0,1
projection,q100_l2_n1024,fixed_crypto_bigint_vartime,14,8,49151.000,32768,0,0,1
projection,q100_l2_n1024,runtime_modulus,14,8,558468.750,49152,510,8160,1
projection,q100_l2_n1024,runtime_modulus,15,8,547484.375,49152,510,8160,1
projection,q100_l2_n1024,fixed_crypto_bigint_vartime,15,8,49125.000,32768,0,0,1
projection,q100_l2_n1024,fixed_crypto_bigint_vartime,16,8,49171.875,32768,0,0,1
projection,q100_l2_n1024,runtime_modulus,16,8,546687.500,49152,510,8160,1
projection,q100_l2_n1024,fixed_crypto_bigint_vartime,17,8,49338.500,32768,0,0,1
projection,q100_l2_n1024,runtime_modulus,17,8,548296.875,49152,510,8160,1
projection,q100_l2_n1024,runtime_modulus,18,8,547484.375,49152,510,8160,1
projection,q100_l2_n1024,fixed_crypto_bigint_vartime,18,8,49755.125,32768,0,0,1
projection,q100_l2_n1024,runtime_modulus,19,8,548687.500,49152,510,8160,1
projection,q100_l2_n1024,fixed_crypto_bigint_vartime,19,8,49197.875,32768,0,0,1
projection,q100_l2_n1024,runtime_modulus,20,8,547083.375,49152,510,8160,1
projection,q100_l2_n1024,fixed_crypto_bigint_vartime,20,8,49145.875,32768,0,0,1
projection,q100_l2_n1024,fixed_crypto_bigint_vartime,21,8,49473.875,32768,0,0,1
projection,q100_l2_n1024,runtime_modulus,21,8,549359.375,49152,510,8160,1
projection,q100_l2_n1024,runtime_modulus,22,8,546505.250,49152,510,8160,1
projection,q100_l2_n1024,fixed_crypto_bigint_vartime,22,8,49104.125,32768,0,0,1
projection,q100_l2_n1024,fixed_crypto_bigint_vartime,23,8,49182.250,32768,0,0,1
projection,q100_l2_n1024,runtime_modulus,23,8,546203.125,49152,510,8160,1
projection,q100_l2_n1024,fixed_crypto_bigint_vartime,24,8,49161.500,32768,0,0,1
projection,q100_l2_n1024,runtime_modulus,24,8,548817.750,49152,510,8160,1
projection,q100_l2_n1024,runtime_modulus,25,8,545442.750,49152,510,8160,1
projection,q100_l2_n1024,fixed_crypto_bigint_vartime,25,8,49380.250,32768,0,0,1
projection,q100_l2_n1024,runtime_modulus,26,8,544453.125,49152,510,8160,1
projection,q100_l2_n1024,fixed_crypto_bigint_vartime,26,8,49161.500,32768,0,0,1
projection,q100_l2_n1024,runtime_modulus,27,8,548536.500,49152,510,8160,1
projection,q100_l2_n1024,fixed_crypto_bigint_vartime,27,8,49244.875,32768,0,0,1
projection,q100_l2_n1024,fixed_crypto_bigint_vartime,28,8,49375.000,32768,0,0,1
projection,q100_l2_n1024,runtime_modulus,28,8,547770.750,49152,510,8160,1
projection,q100_l2_n1024,fixed_crypto_bigint_vartime,29,8,49343.750,32768,0,0,1
projection,q100_l2_n1024,runtime_modulus,29,8,548349.000,49152,510,8160,1
projection,q100_l2_n1024,runtime_modulus,30,8,548187.500,49152,510,8160,1
projection,q100_l2_n1024,fixed_crypto_bigint_vartime,30,8,49286.500,32768,0,0,1
projection,q100_l2_n1024,runtime_modulus,31,8,548390.625,49152,510,8160,1
projection,q100_l2_n1024,fixed_crypto_bigint_vartime,31,8,49687.500,32768,0,0,1
projection,q128_l2_n16,fixed_crypto_bigint_vartime,0,16384,740.651,512,0,0,1
projection,q128_l2_n16,runtime_modulus,0,16384,319.588,768,0,0,1
projection,q128_l2_n16,fixed_crypto_bigint_vartime,1,16384,740.407,512,0,0,1
projection,q128_l2_n16,runtime_modulus,1,16384,323.532,768,0,0,1
projection,q128_l2_n16,fixed_crypto_bigint_vartime,2,16384,740.039,512,0,0,1
projection,q128_l2_n16,runtime_modulus,2,16384,321.589,768,0,0,1
projection,q128_l2_n16,fixed_crypto_bigint_vartime,3,16384,739.382,512,0,0,1
projection,q128_l2_n16,runtime_modulus,3,16384,321.902,768,0,0,1
projection,q128_l2_n16,fixed_crypto_bigint_vartime,4,16384,738.019,512,0,0,1
projection,q128_l2_n16,runtime_modulus,4,16384,322.484,768,0,0,1
projection,q128_l2_n16,runtime_modulus,5,16384,321.269,768,0,0,1
projection,q128_l2_n16,fixed_crypto_bigint_vartime,5,16384,737.920,512,0,0,1
projection,q128_l2_n16,runtime_modulus,6,16384,310.415,768,0,0,1
projection,q128_l2_n16,fixed_crypto_bigint_vartime,6,16384,737.366,512,0,0,1
projection,q128_l2_n16,runtime_modulus,7,16384,318.225,768,0,0,1
projection,q128_l2_n16,fixed_crypto_bigint_vartime,7,16384,737.022,512,0,0,1
projection,q128_l2_n16,fixed_crypto_bigint_vartime,8,16384,736.710,512,0,0,1
projection,q128_l2_n16,runtime_modulus,8,16384,315.559,768,0,0,1
projection,q128_l2_n16,fixed_crypto_bigint_vartime,9,16384,737.549,512,0,0,1
projection,q128_l2_n16,runtime_modulus,9,16384,323.090,768,0,0,1
projection,q128_l2_n16,runtime_modulus,10,16384,319.956,768,0,0,1
projection,q128_l2_n16,fixed_crypto_bigint_vartime,10,16384,739.530,512,0,0,1
projection,q128_l2_n16,runtime_modulus,11,16384,310.598,768,0,0,1
projection,q128_l2_n16,fixed_crypto_bigint_vartime,11,16384,737.485,512,0,0,1
projection,q128_l2_n16,runtime_modulus,12,16384,320.452,768,0,0,1
projection,q128_l2_n16,fixed_crypto_bigint_vartime,12,16384,738.485,512,0,0,1
projection,q128_l2_n16,fixed_crypto_bigint_vartime,13,16384,737.348,512,0,0,1
projection,q128_l2_n16,runtime_modulus,13,16384,319.974,768,0,0,1
projection,q128_l2_n16,runtime_modulus,14,16384,323.224,768,0,0,1
projection,q128_l2_n16,fixed_crypto_bigint_vartime,14,16384,736.092,512,0,0,1
projection,q128_l2_n16,fixed_crypto_bigint_vartime,15,16384,739.464,512,0,0,1
projection,q128_l2_n16,runtime_modulus,15,16384,314.532,768,0,0,1
projection,q128_l2_n16,runtime_modulus,16,16384,324.277,768,0,0,1
projection,q128_l2_n16,fixed_crypto_bigint_vartime,16,16384,739.207,512,0,0,1
projection,q128_l2_n16,fixed_crypto_bigint_vartime,17,16384,738.866,512,0,0,1
projection,q128_l2_n16,runtime_modulus,17,16384,322.672,768,0,0,1
projection,q128_l2_n16,fixed_crypto_bigint_vartime,18,16384,736.857,512,0,0,1
projection,q128_l2_n16,runtime_modulus,18,16384,322.589,768,0,0,1
projection,q128_l2_n16,runtime_modulus,19,16384,321.116,768,0,0,1
projection,q128_l2_n16,fixed_crypto_bigint_vartime,19,16384,739.212,512,0,0,1
projection,q128_l2_n16,runtime_modulus,20,16384,323.606,768,0,0,1
projection,q128_l2_n16,fixed_crypto_bigint_vartime,20,16384,738.617,512,0,0,1
projection,q128_l2_n16,fixed_crypto_bigint_vartime,21,16384,738.314,512,0,0,1
projection,q128_l2_n16,runtime_modulus,21,16384,322.225,768,0,0,1
projection,q128_l2_n16,fixed_crypto_bigint_vartime,22,16384,739.220,512,0,0,1
projection,q128_l2_n16,runtime_modulus,22,16384,322.998,768,0,0,1
projection,q128_l2_n16,fixed_crypto_bigint_vartime,23,16384,738.515,512,0,0,1
projection,q128_l2_n16,runtime_modulus,23,16384,315.419,768,0,0,1
projection,q128_l2_n16,runtime_modulus,24,16384,325.483,768,0,0,1
projection,q128_l2_n16,fixed_crypto_bigint_vartime,24,16384,738.269,512,0,0,1
projection,q128_l2_n16,fixed_crypto_bigint_vartime,25,16384,742.439,512,0,0,1
projection,q128_l2_n16,runtime_modulus,25,16384,324.710,768,0,0,1
projection,q128_l2_n16,fixed_crypto_bigint_vartime,26,16384,735.522,512,0,0,1
projection,q128_l2_n16,runtime_modulus,26,16384,322.492,768,0,0,1
projection,q128_l2_n16,fixed_crypto_bigint_vartime,27,16384,740.611,512,0,0,1
projection,q128_l2_n16,runtime_modulus,27,16384,322.690,768,0,0,1
projection,q128_l2_n16,fixed_crypto_bigint_vartime,28,16384,740.789,512,0,0,1
projection,q128_l2_n16,runtime_modulus,28,16384,321.554,768,0,0,1
projection,q128_l2_n16,fixed_crypto_bigint_vartime,29,16384,739.499,512,0,0,1
projection,q128_l2_n16,runtime_modulus,29,16384,318.347,768,0,0,1
projection,q128_l2_n16,fixed_crypto_bigint_vartime,30,16384,740.875,512,0,0,1
projection,q128_l2_n16,runtime_modulus,30,16384,324.643,768,0,0,1
projection,q128_l2_n16,fixed_crypto_bigint_vartime,31,16384,740.944,512,0,0,1
projection,q128_l2_n16,runtime_modulus,31,16384,320.081,768,0,0,1
projection,q128_l2_n1024,fixed_crypto_bigint_vartime,0,256,46453.289,32768,0,0,1
projection,q128_l2_n1024,runtime_modulus,0,256,23016.926,49152,0,0,1
projection,q128_l2_n1024,fixed_crypto_bigint_vartime,1,256,46501.789,32768,0,0,1
projection,q128_l2_n1024,runtime_modulus,1,256,23127.770,49152,0,0,1
projection,q128_l2_n1024,runtime_modulus,2,256,23181.152,49152,0,0,1
projection,q128_l2_n1024,fixed_crypto_bigint_vartime,2,256,46437.500,32768,0,0,1
projection,q128_l2_n1024,runtime_modulus,3,256,22847.008,49152,0,0,1
projection,q128_l2_n1024,fixed_crypto_bigint_vartime,3,256,46504.395,32768,0,0,1
projection,q128_l2_n1024,runtime_modulus,4,256,22943.199,49152,0,0,1
projection,q128_l2_n1024,fixed_crypto_bigint_vartime,4,256,46288.738,32768,0,0,1
projection,q128_l2_n1024,runtime_modulus,5,256,22944.172,49152,0,0,1
projection,q128_l2_n1024,fixed_crypto_bigint_vartime,5,256,46352.703,32768,0,0,1
projection,q128_l2_n1024,fixed_crypto_bigint_vartime,6,256,46502.770,32768,0,0,1
projection,q128_l2_n1024,runtime_modulus,6,256,23123.535,49152,0,0,1
projection,q128_l2_n1024,runtime_modulus,7,256,23303.223,49152,0,0,1
projection,q128_l2_n1024,fixed_crypto_bigint_vartime,7,256,46484.699,32768,0,0,1
projection,q128_l2_n1024,runtime_modulus,8,256,23223.473,49152,0,0,1
projection,q128_l2_n1024,fixed_crypto_bigint_vartime,8,256,46523.438,32768,0,0,1
projection,q128_l2_n1024,runtime_modulus,9,256,23010.254,49152,0,0,1
projection,q128_l2_n1024,fixed_crypto_bigint_vartime,9,256,46569.824,32768,0,0,1
projection,q128_l2_n1024,fixed_crypto_bigint_vartime,10,256,46609.699,32768,0,0,1
projection,q128_l2_n1024,runtime_modulus,10,256,23182.941,49152,0,0,1
projection,q128_l2_n1024,runtime_modulus,11,256,23234.211,49152,0,0,1
projection,q128_l2_n1024,fixed_crypto_bigint_vartime,11,256,46402.344,32768,0,0,1
projection,q128_l2_n1024,runtime_modulus,12,256,23145.836,49152,0,0,1
projection,q128_l2_n1024,fixed_crypto_bigint_vartime,12,256,46459.637,32768,0,0,1
projection,q128_l2_n1024,fixed_crypto_bigint_vartime,13,256,46404.137,32768,0,0,1
projection,q128_l2_n1024,runtime_modulus,13,256,22979.980,49152,0,0,1
projection,q128_l2_n1024,runtime_modulus,14,256,23142.418,49152,0,0,1
projection,q128_l2_n1024,fixed_crypto_bigint_vartime,14,256,46401.527,32768,0,0,1
projection,q128_l2_n1024,fixed_crypto_bigint_vartime,15,256,46513.672,32768,0,0,1
projection,q128_l2_n1024,runtime_modulus,15,256,23053.711,49152,0,0,1
projection,q128_l2_n1024,runtime_modulus,16,256,23157.555,49152,0,0,1
projection,q128_l2_n1024,fixed_crypto_bigint_vartime,16,256,46862.305,32768,0,0,1
projection,q128_l2_n1024,fixed_crypto_bigint_vartime,17,256,49360.676,32768,0,0,1
projection,q128_l2_n1024,runtime_modulus,17,256,24230.469,49152,0,0,1
projection,q128_l2_n1024,runtime_modulus,18,256,23247.234,49152,0,0,1
projection,q128_l2_n1024,fixed_crypto_bigint_vartime,18,256,46465.980,32768,0,0,1
projection,q128_l2_n1024,runtime_modulus,19,256,23329.426,49152,0,0,1
projection,q128_l2_n1024,fixed_crypto_bigint_vartime,19,256,46647.297,32768,0,0,1
projection,q128_l2_n1024,fixed_crypto_bigint_vartime,20,256,46635.742,32768,0,0,1
projection,q128_l2_n1024,runtime_modulus,20,256,23122.723,49152,0,0,1
projection,q128_l2_n1024,runtime_modulus,21,256,23363.770,49152,0,0,1
projection,q128_l2_n1024,fixed_crypto_bigint_vartime,21,256,46599.281,32768,0,0,1
projection,q128_l2_n1024,fixed_crypto_bigint_vartime,22,256,46435.547,32768,0,0,1
projection,q128_l2_n1024,runtime_modulus,22,256,22938.477,49152,0,0,1
projection,q128_l2_n1024,fixed_crypto_bigint_vartime,23,256,46506.836,32768,0,0,1
projection,q128_l2_n1024,runtime_modulus,23,256,23131.184,49152,0,0,1
projection,q128_l2_n1024,fixed_crypto_bigint_vartime,24,256,46396.324,32768,0,0,1
projection,q128_l2_n1024,runtime_modulus,24,256,22574.547,49152,0,0,1
projection,q128_l2_n1024,runtime_modulus,25,256,23143.555,49152,0,0,1
projection,q128_l2_n1024,fixed_crypto_bigint_vartime,25,256,46296.059,32768,0,0,1
projection,q128_l2_n1024,runtime_modulus,26,256,22660.480,49152,0,0,1
projection,q128_l2_n1024,fixed_crypto_bigint_vartime,26,256,47551.918,32768,0,0,1
projection,q128_l2_n1024,fixed_crypto_bigint_vartime,27,256,46419.922,32768,0,0,1
projection,q128_l2_n1024,runtime_modulus,27,256,23128.582,49152,0,0,1
projection,q128_l2_n1024,fixed_crypto_bigint_vartime,28,256,46539.715,32768,0,0,1
projection,q128_l2_n1024,runtime_modulus,28,256,22611.492,49152,0,0,1
projection,q128_l2_n1024,runtime_modulus,29,256,23343.750,49152,0,0,1
projection,q128_l2_n1024,fixed_crypto_bigint_vartime,29,256,46484.375,32768,0,0,1
projection,q128_l2_n1024,fixed_crypto_bigint_vartime,30,256,48032.062,32768,0,0,1
projection,q128_l2_n1024,runtime_modulus,30,256,23075.195,49152,0,0,1
projection,q128_l2_n1024,fixed_crypto_bigint_vartime,31,256,46579.590,32768,0,0,1
projection,q128_l2_n1024,runtime_modulus,31,256,23065.590,49152,0,0,1
projection,q100_l4_n16,fixed_crypto_bigint_vartime,0,512,1235.189,768,0,0,1
projection,q100_l4_n16,runtime_modulus,0,512,6607.990,1024,9,288,1
projection,q100_l4_n16,fixed_crypto_bigint_vartime,1,512,1235.514,768,0,0,1
projection,q100_l4_n16,runtime_modulus,1,512,6567.301,1024,9,288,1
projection,q100_l4_n16,runtime_modulus,2,512,6502.521,1024,9,288,1
projection,q100_l4_n16,fixed_crypto_bigint_vartime,2,512,1239.096,768,0,0,1
projection,q100_l4_n16,fixed_crypto_bigint_vartime,3,512,1239.176,768,0,0,1
projection,q100_l4_n16,runtime_modulus,3,512,6460.693,1024,9,288,1
projection,q100_l4_n16,fixed_crypto_bigint_vartime,4,512,1240.967,768,0,0,1
projection,q100_l4_n16,runtime_modulus,4,512,6462.482,1024,9,288,1
projection,q100_l4_n16,runtime_modulus,5,512,6440.918,1024,9,288,1
projection,q100_l4_n16,fixed_crypto_bigint_vartime,5,512,1245.768,768,0,0,1
projection,q100_l4_n16,fixed_crypto_bigint_vartime,6,512,1245.850,768,0,0,1
projection,q100_l4_n16,runtime_modulus,6,512,6441.812,1024,9,288,1
projection,q100_l4_n16,fixed_crypto_bigint_vartime,7,512,1232.422,768,0,0,1
projection,q100_l4_n16,runtime_modulus,7,512,6429.932,1024,9,288,1
projection,q100_l4_n16,fixed_crypto_bigint_vartime,8,512,1242.756,768,0,0,1
projection,q100_l4_n16,runtime_modulus,8,512,6439.373,1024,9,288,1
projection,q100_l4_n16,runtime_modulus,9,512,6431.641,1024,9,288,1
projection,q100_l4_n16,fixed_crypto_bigint_vartime,9,512,1237.713,768,0,0,1
projection,q100_l4_n16,runtime_modulus,10,512,6430.826,1024,9,288,1
projection,q100_l4_n16,fixed_crypto_bigint_vartime,10,512,1238.525,768,0,0,1
projection,q100_l4_n16,runtime_modulus,11,512,6436.930,1024,9,288,1
projection,q100_l4_n16,fixed_crypto_bigint_vartime,11,512,1241.619,768,0,0,1
projection,q100_l4_n16,fixed_crypto_bigint_vartime,12,512,1236.166,768,0,0,1
projection,q100_l4_n16,runtime_modulus,12,512,6433.838,1024,9,288,1
projection,q100_l4_n16,runtime_modulus,13,512,6394.938,1024,9,288,1
projection,q100_l4_n16,fixed_crypto_bigint_vartime,13,512,1232.422,768,0,0,1
projection,q100_l4_n16,runtime_modulus,14,512,6384.602,1024,9,288,1
projection,q100_l4_n16,fixed_crypto_bigint_vartime,14,512,1248.535,768,0,0,1
projection,q100_l4_n16,runtime_modulus,15,512,6384.115,1024,9,288,1
projection,q100_l4_n16,fixed_crypto_bigint_vartime,15,512,1230.225,768,0,0,1
projection,q100_l4_n16,runtime_modulus,16,512,6387.613,1024,9,288,1
projection,q100_l4_n16,fixed_crypto_bigint_vartime,16,512,1230.713,768,0,0,1
projection,q100_l4_n16,runtime_modulus,17,512,6398.193,1024,9,288,1
projection,q100_l4_n16,fixed_crypto_bigint_vartime,17,512,1229.492,768,0,0,1
projection,q100_l4_n16,runtime_modulus,18,512,6380.859,1024,9,288,1
projection,q100_l4_n16,fixed_crypto_bigint_vartime,18,512,1229.004,768,0,0,1
projection,q100_l4_n16,runtime_modulus,19,512,6399.008,1024,9,288,1
projection,q100_l4_n16,fixed_crypto_bigint_vartime,19,512,1230.793,768,0,0,1
projection,q100_l4_n16,runtime_modulus,20,512,6387.207,1024,9,288,1
projection,q100_l4_n16,fixed_crypto_bigint_vartime,20,512,1239.340,768,0,0,1
projection,q100_l4_n16,runtime_modulus,21,512,7886.557,1024,9,288,1
projection,q100_l4_n16,fixed_crypto_bigint_vartime,21,512,1239.582,768,0,0,1
projection,q100_l4_n16,fixed_crypto_bigint_vartime,22,512,1230.875,768,0,0,1
projection,q100_l4_n16,runtime_modulus,22,512,6578.857,1024,9,288,1
projection,q100_l4_n16,fixed_crypto_bigint_vartime,23,512,1237.711,768,0,0,1
projection,q100_l4_n16,runtime_modulus,23,512,6522.949,1024,9,288,1
projection,q100_l4_n16,runtime_modulus,24,512,6513.102,1024,9,288,1
projection,q100_l4_n16,fixed_crypto_bigint_vartime,24,512,1240.885,768,0,0,1
projection,q100_l4_n16,fixed_crypto_bigint_vartime,25,512,1254.230,768,0,0,1
projection,q100_l4_n16,runtime_modulus,25,512,6493.488,1024,9,288,1
projection,q100_l4_n16,fixed_crypto_bigint_vartime,26,512,1238.525,768,0,0,1
projection,q100_l4_n16,runtime_modulus,26,512,6471.924,1024,9,288,1
projection,q100_l4_n16,runtime_modulus,27,512,6441.650,1024,9,288,1
projection,q100_l4_n16,fixed_crypto_bigint_vartime,27,512,1246.094,768,0,0,1
projection,q100_l4_n16,fixed_crypto_bigint_vartime,28,512,1235.760,768,0,0,1
projection,q100_l4_n16,runtime_modulus,28,512,6457.193,1024,9,288,1
projection,q100_l4_n16,fixed_crypto_bigint_vartime,29,512,1239.178,768,0,0,1
projection,q100_l4_n16,runtime_modulus,29,512,6448.730,1024,9,288,1
projection,q100_l4_n16,fixed_crypto_bigint_vartime,30,512,1239.340,768,0,0,1
projection,q100_l4_n16,runtime_modulus,30,512,6435.221,1024,9,288,1
projection,q100_l4_n16,fixed_crypto_bigint_vartime,31,512,1233.479,768,0,0,1
projection,q100_l4_n16,runtime_modulus,31,512,6430.744,1024,9,288,1
projection,q100_l4_n1024,runtime_modulus,0,4,1332489.500,65536,519,16608,1
projection,q100_l4_n1024,fixed_crypto_bigint_vartime,0,4,79031.250,49152,0,0,1
projection,q100_l4_n1024,runtime_modulus,1,4,1331395.750,65536,519,16608,1
projection,q100_l4_n1024,fixed_crypto_bigint_vartime,1,4,78239.750,49152,0,0,1
projection,q100_l4_n1024,fixed_crypto_bigint_vartime,2,4,78229.250,49152,0,0,1
projection,q100_l4_n1024,runtime_modulus,2,4,1327375.000,65536,519,16608,1
projection,q100_l4_n1024,runtime_modulus,3,4,1328625.000,65536,519,16608,1
projection,q100_l4_n1024,fixed_crypto_bigint_vartime,3,4,78291.750,49152,0,0,1
projection,q100_l4_n1024,fixed_crypto_bigint_vartime,4,4,78146.000,49152,0,0,1
projection,q100_l4_n1024,runtime_modulus,4,4,1326260.500,65536,519,16608,1
projection,q100_l4_n1024,runtime_modulus,5,4,1327531.250,65536,519,16608,1
projection,q100_l4_n1024,fixed_crypto_bigint_vartime,5,4,78468.750,49152,0,0,1
projection,q100_l4_n1024,fixed_crypto_bigint_vartime,6,4,78510.500,49152,0,0,1
projection,q100_l4_n1024,runtime_modulus,6,4,1332021.000,65536,519,16608,1
projection,q100_l4_n1024,fixed_crypto_bigint_vartime,7,4,78104.250,49152,0,0,1
projection,q100_l4_n1024,runtime_modulus,7,4,1336083.250,65536,519,16608,1
projection,q100_l4_n1024,fixed_crypto_bigint_vartime,8,4,78187.500,49152,0,0,1
projection,q100_l4_n1024,runtime_modulus,8,4,1343937.500,65536,519,16608,1
projection,q100_l4_n1024,fixed_crypto_bigint_vartime,9,4,78239.500,49152,0,0,1
projection,q100_l4_n1024,runtime_modulus,9,4,1338802.250,65536,519,16608,1
projection,q100_l4_n1024,runtime_modulus,10,4,1334916.750,65536,519,16608,1
projection,q100_l4_n1024,fixed_crypto_bigint_vartime,10,4,78812.500,49152,0,0,1
projection,q100_l4_n1024,runtime_modulus,11,4,1337020.750,65536,519,16608,1
projection,q100_l4_n1024,fixed_crypto_bigint_vartime,11,4,78354.250,49152,0,0,1
projection,q100_l4_n1024,runtime_modulus,12,4,1332645.750,65536,519,16608,1
projection,q100_l4_n1024,fixed_crypto_bigint_vartime,12,4,78198.000,49152,0,0,1
projection,q100_l4_n1024,fixed_crypto_bigint_vartime,13,4,78385.500,49152,0,0,1
projection,q100_l4_n1024,runtime_modulus,13,4,1331145.750,65536,519,16608,1
projection,q100_l4_n1024,fixed_crypto_bigint_vartime,14,4,78396.000,49152,0,0,1
projection,q100_l4_n1024,runtime_modulus,14,4,1331250.000,65536,519,16608,1
projection,q100_l4_n1024,fixed_crypto_bigint_vartime,15,4,78021.000,49152,0,0,1
projection,q100_l4_n1024,runtime_modulus,15,4,1333656.250,65536,519,16608,1
projection,q100_l4_n1024,runtime_modulus,16,4,1331937.500,65536,519,16608,1
projection,q100_l4_n1024,fixed_crypto_bigint_vartime,16,4,78250.000,49152,0,0,1
projection,q100_l4_n1024,fixed_crypto_bigint_vartime,17,4,78718.750,49152,0,0,1
projection,q100_l4_n1024,runtime_modulus,17,4,1332208.250,65536,519,16608,1
projection,q100_l4_n1024,runtime_modulus,18,4,1330073.000,65536,519,16608,1
projection,q100_l4_n1024,fixed_crypto_bigint_vartime,18,4,78479.250,49152,0,0,1
projection,q100_l4_n1024,fixed_crypto_bigint_vartime,19,4,78271.000,49152,0,0,1
projection,q100_l4_n1024,runtime_modulus,19,4,1330760.250,65536,519,16608,1
projection,q100_l4_n1024,runtime_modulus,20,4,1329021.000,65536,519,16608,1
projection,q100_l4_n1024,fixed_crypto_bigint_vartime,20,4,78135.500,49152,0,0,1
projection,q100_l4_n1024,fixed_crypto_bigint_vartime,21,4,78166.500,49152,0,0,1
projection,q100_l4_n1024,runtime_modulus,21,4,1330812.500,65536,519,16608,1
projection,q100_l4_n1024,fixed_crypto_bigint_vartime,22,4,78333.500,49152,0,0,1
projection,q100_l4_n1024,runtime_modulus,22,4,1332885.250,65536,519,16608,1
projection,q100_l4_n1024,runtime_modulus,23,4,1329729.000,65536,519,16608,1
projection,q100_l4_n1024,fixed_crypto_bigint_vartime,23,4,78052.000,49152,0,0,1
projection,q100_l4_n1024,fixed_crypto_bigint_vartime,24,4,78052.250,49152,0,0,1
projection,q100_l4_n1024,runtime_modulus,24,4,1329354.250,65536,519,16608,1
projection,q100_l4_n1024,runtime_modulus,25,4,1328604.250,65536,519,16608,1
projection,q100_l4_n1024,fixed_crypto_bigint_vartime,25,4,78270.750,49152,0,0,1
projection,q100_l4_n1024,runtime_modulus,26,4,1330833.500,65536,519,16608,1
projection,q100_l4_n1024,fixed_crypto_bigint_vartime,26,4,78510.250,49152,0,0,1
projection,q100_l4_n1024,runtime_modulus,27,4,1327427.000,65536,519,16608,1
projection,q100_l4_n1024,fixed_crypto_bigint_vartime,27,4,79104.250,49152,0,0,1
projection,q100_l4_n1024,runtime_modulus,28,4,1331427.000,65536,519,16608,1
projection,q100_l4_n1024,fixed_crypto_bigint_vartime,28,4,78156.250,49152,0,0,1
projection,q100_l4_n1024,runtime_modulus,29,4,1330708.250,65536,519,16608,1
projection,q100_l4_n1024,fixed_crypto_bigint_vartime,29,4,78146.000,49152,0,0,1
projection,q100_l4_n1024,fixed_crypto_bigint_vartime,30,4,78166.500,49152,0,0,1
projection,q100_l4_n1024,runtime_modulus,30,4,1331604.250,65536,519,16608,1
projection,q100_l4_n1024,runtime_modulus,31,4,1354729.250,65536,519,16608,1
projection,q100_l4_n1024,fixed_crypto_bigint_vartime,31,4,78656.250,49152,0,0,1
projection,q128_l4_n16,fixed_crypto_bigint_vartime,0,4096,1163.310,768,0,0,1
projection,q128_l4_n16,runtime_modulus,0,4096,1196.981,1024,0,0,1
projection,q128_l4_n16,fixed_crypto_bigint_vartime,1,4096,1160.665,768,0,0,1
projection,q128_l4_n16,runtime_modulus,1,4096,1307.139,1024,0,0,1
projection,q128_l4_n16,runtime_modulus,2,4096,1280.131,1024,0,0,1
projection,q128_l4_n16,fixed_crypto_bigint_vartime,2,4096,1160.126,768,0,0,1
projection,q128_l4_n16,runtime_modulus,3,4096,1191.050,1024,0,0,1
projection,q128_l4_n16,fixed_crypto_bigint_vartime,3,4096,1166.260,768,0,0,1
projection,q128_l4_n16,runtime_modulus,4,4096,1307.932,1024,0,0,1
projection,q128_l4_n16,fixed_crypto_bigint_vartime,4,4096,1162.852,768,0,0,1
projection,q128_l4_n16,runtime_modulus,5,4096,1231.171,1024,0,0,1
projection,q128_l4_n16,fixed_crypto_bigint_vartime,5,4096,1168.844,768,0,0,1
projection,q128_l4_n16,runtime_modulus,6,4096,1178.650,1024,0,0,1
projection,q128_l4_n16,fixed_crypto_bigint_vartime,6,4096,1163.594,768,0,0,1
projection,q128_l4_n16,runtime_modulus,7,4096,1308.583,1024,0,0,1
projection,q128_l4_n16,fixed_crypto_bigint_vartime,7,4096,1164.683,768,0,0,1
projection,q128_l4_n16,runtime_modulus,8,4096,1301.097,1024,0,0,1
projection,q128_l4_n16,fixed_crypto_bigint_vartime,8,4096,1166.718,768,0,0,1
projection,q128_l4_n16,fixed_crypto_bigint_vartime,9,4096,1164.846,768,0,0,1
projection,q128_l4_n16,runtime_modulus,9,4096,1302.297,1024,0,0,1
projection,q128_l4_n16,runtime_modulus,10,4096,1315.989,1024,0,0,1
projection,q128_l4_n16,fixed_crypto_bigint_vartime,10,4096,1167.460,768,0,0,1
projection,q128_l4_n16,fixed_crypto_bigint_vartime,11,4096,1159.872,768,0,0,1
projection,q128_l4_n16,runtime_modulus,11,4096,1313.283,1024,0,0,1
projection,q128_l4_n16,runtime_modulus,12,4096,1244.893,1024,0,0,1
projection,q128_l4_n16,fixed_crypto_bigint_vartime,12,4096,1180.847,768,0,0,1
projection,q128_l4_n16,fixed_crypto_bigint_vartime,13,4096,1164.896,768,0,0,1
projection,q128_l4_n16,runtime_modulus,13,4096,1289.653,1024,0,0,1
projection,q128_l4_n16,fixed_crypto_bigint_vartime,14,4096,1166.066,768,0,0,1
projection,q128_l4_n16,runtime_modulus,14,4096,1305.278,1024,0,0,1
projection,q128_l4_n16,fixed_crypto_bigint_vartime,15,4096,1168.823,768,0,0,1
projection,q128_l4_n16,runtime_modulus,15,4096,1303.030,1024,0,0,1
projection,q128_l4_n16,fixed_crypto_bigint_vartime,16,4096,1161.377,768,0,0,1
projection,q128_l4_n16,runtime_modulus,16,4096,1182.587,1024,0,0,1
projection,q128_l4_n16,runtime_modulus,17,4096,1263.133,1024,0,0,1
projection,q128_l4_n16,fixed_crypto_bigint_vartime,17,4096,1213.826,768,0,0,1
projection,q128_l4_n16,runtime_modulus,18,4096,1307.088,1024,0,0,1
projection,q128_l4_n16,fixed_crypto_bigint_vartime,18,4096,1164.805,768,0,0,1
projection,q128_l4_n16,runtime_modulus,19,4096,1332.855,1024,0,0,1
projection,q128_l4_n16,fixed_crypto_bigint_vartime,19,4096,1164.469,768,0,0,1
projection,q128_l4_n16,fixed_crypto_bigint_vartime,20,4096,1165.385,768,0,0,1
projection,q128_l4_n16,runtime_modulus,20,4096,1239.950,1024,0,0,1
projection,q128_l4_n16,runtime_modulus,21,4096,1307.424,1024,0,0,1
projection,q128_l4_n16,fixed_crypto_bigint_vartime,21,4096,1164.754,768,0,0,1
projection,q128_l4_n16,fixed_crypto_bigint_vartime,22,4096,1199.086,768,0,0,1
projection,q128_l4_n16,runtime_modulus,22,4096,1215.861,1024,0,0,1
projection,q128_l4_n16,fixed_crypto_bigint_vartime,23,4096,1168.081,768,0,0,1
projection,q128_l4_n16,runtime_modulus,23,4096,1307.027,1024,0,0,1
projection,q128_l4_n16,fixed_crypto_bigint_vartime,24,4096,1169.678,768,0,0,1
projection,q128_l4_n16,runtime_modulus,24,4096,1252.228,1024,0,0,1
projection,q128_l4_n16,runtime_modulus,25,4096,1312.571,1024,0,0,1
projection,q128_l4_n16,fixed_crypto_bigint_vartime,25,4096,1167.155,768,0,0,1
projection,q128_l4_n16,runtime_modulus,26,4096,1253.204,1024,0,0,1
projection,q128_l4_n16,fixed_crypto_bigint_vartime,26,4096,1163.025,768,0,0,1
projection,q128_l4_n16,runtime_modulus,27,4096,1276.204,1024,0,0,1
projection,q128_l4_n16,fixed_crypto_bigint_vartime,27,4096,1168.823,768,0,0,1
projection,q128_l4_n16,runtime_modulus,28,4096,1262.716,1024,0,0,1
projection,q128_l4_n16,fixed_crypto_bigint_vartime,28,4096,1174.327,768,0,0,1
projection,q128_l4_n16,runtime_modulus,29,4096,1303.284,1024,0,0,1
projection,q128_l4_n16,fixed_crypto_bigint_vartime,29,4096,1162.923,768,0,0,1
projection,q128_l4_n16,runtime_modulus,30,4096,1258.993,1024,0,0,1
projection,q128_l4_n16,fixed_crypto_bigint_vartime,30,4096,1167.989,768,0,0,1
projection,q128_l4_n16,runtime_modulus,31,4096,1216.024,1024,0,0,1
projection,q128_l4_n16,fixed_crypto_bigint_vartime,31,4096,1166.514,768,0,0,1
projection,q128_l4_n1024,runtime_modulus,0,64,87229.828,65536,0,0,1
projection,q128_l4_n1024,fixed_crypto_bigint_vartime,0,64,74526.688,49152,0,0,1
projection,q128_l4_n1024,runtime_modulus,1,64,87128.266,65536,0,0,1
projection,q128_l4_n1024,fixed_crypto_bigint_vartime,1,64,74207.031,49152,0,0,1
projection,q128_l4_n1024,runtime_modulus,2,64,86582.688,65536,0,0,1
projection,q128_l4_n1024,fixed_crypto_bigint_vartime,2,64,73894.531,49152,0,0,1
projection,q128_l4_n1024,fixed_crypto_bigint_vartime,3,64,73992.188,49152,0,0,1
projection,q128_l4_n1024,runtime_modulus,3,64,81807.938,65536,0,0,1
projection,q128_l4_n1024,fixed_crypto_bigint_vartime,4,64,74184.906,49152,0,0,1
projection,q128_l4_n1024,runtime_modulus,4,64,85732.422,65536,0,0,1
projection,q128_l4_n1024,fixed_crypto_bigint_vartime,5,64,74038.422,49152,0,0,1
projection,q128_l4_n1024,runtime_modulus,5,64,84120.438,65536,0,0,1
projection,q128_l4_n1024,fixed_crypto_bigint_vartime,6,64,74227.859,49152,0,0,1
projection,q128_l4_n1024,runtime_modulus,6,64,81703.766,65536,0,0,1
projection,q128_l4_n1024,fixed_crypto_bigint_vartime,7,64,73852.859,49152,0,0,1
projection,q128_l4_n1024,runtime_modulus,7,64,81658.859,65536,0,0,1
projection,q128_l4_n1024,fixed_crypto_bigint_vartime,8,64,73942.719,49152,0,0,1
projection,q128_l4_n1024,runtime_modulus,8,64,87213.531,65536,0,0,1
projection,q128_l4_n1024,fixed_crypto_bigint_vartime,9,64,73856.125,49152,0,0,1
projection,q128_l4_n1024,runtime_modulus,9,64,82072.906,65536,0,0,1
projection,q128_l4_n1024,fixed_crypto_bigint_vartime,10,64,74046.219,49152,0,0,1
projection,q128_l4_n1024,runtime_modulus,10,64,83453.125,65536,0,0,1
projection,q128_l4_n1024,runtime_modulus,11,64,87313.141,65536,0,0,1
projection,q128_l4_n1024,fixed_crypto_bigint_vartime,11,64,73871.734,49152,0,0,1
projection,q128_l4_n1024,runtime_modulus,12,64,84139.969,65536,0,0,1
projection,q128_l4_n1024,fixed_crypto_bigint_vartime,12,64,73987.625,49152,0,0,1
projection,q128_l4_n1024,runtime_modulus,13,64,81658.203,65536,0,0,1
projection,q128_l4_n1024,fixed_crypto_bigint_vartime,13,64,73779.938,49152,0,0,1
projection,q128_l4_n1024,fixed_crypto_bigint_vartime,14,64,74009.109,49152,0,0,1
projection,q128_l4_n1024,runtime_modulus,14,64,81765.625,65536,0,0,1
projection,q128_l4_n1024,fixed_crypto_bigint_vartime,15,64,73953.781,49152,0,0,1
projection,q128_l4_n1024,runtime_modulus,15,64,81654.297,65536,0,0,1
projection,q128_l4_n1024,fixed_crypto_bigint_vartime,16,64,74045.562,49152,0,0,1
projection,q128_l4_n1024,runtime_modulus,16,64,85745.453,65536,0,0,1
projection,q128_l4_n1024,fixed_crypto_bigint_vartime,17,64,74171.219,49152,0,0,1
projection,q128_l4_n1024,runtime_modulus,17,64,86687.500,65536,0,0,1
projection,q128_l4_n1024,fixed_crypto_bigint_vartime,18,64,74105.469,49152,0,0,1
projection,q128_l4_n1024,runtime_modulus,18,64,81637.359,65536,0,0,1
projection,q128_l4_n1024,runtime_modulus,19,64,81733.719,65536,0,0,1
projection,q128_l4_n1024,fixed_crypto_bigint_vartime,19,64,74046.219,49152,0,0,1
projection,q128_l4_n1024,fixed_crypto_bigint_vartime,20,64,73977.859,49152,0,0,1
projection,q128_l4_n1024,runtime_modulus,20,64,86916.672,65536,0,0,1
projection,q128_l4_n1024,runtime_modulus,21,64,87209.641,65536,0,0,1
projection,q128_l4_n1024,fixed_crypto_bigint_vartime,21,64,74123.047,49152,0,0,1
projection,q128_l4_n1024,runtime_modulus,22,64,81755.859,65536,0,0,1
projection,q128_l4_n1024,fixed_crypto_bigint_vartime,22,64,74195.312,49152,0,0,1
projection,q128_l4_n1024,runtime_modulus,23,64,86068.359,65536,0,0,1
projection,q128_l4_n1024,fixed_crypto_bigint_vartime,23,64,74016.266,49152,0,0,1
projection,q128_l4_n1024,fixed_crypto_bigint_vartime,24,64,74176.422,49152,0,0,1
projection,q128_l4_n1024,runtime_modulus,24,64,83494.141,65536,0,0,1
projection,q128_l4_n1024,fixed_crypto_bigint_vartime,25,64,73875.656,49152,0,0,1
projection,q128_l4_n1024,runtime_modulus,25,64,85698.578,65536,0,0,1
projection,q128_l4_n1024,fixed_crypto_bigint_vartime,26,64,78159.516,49152,0,0,1
projection,q128_l4_n1024,runtime_modulus,26,64,84929.031,65536,0,0,1
projection,q128_l4_n1024,runtime_modulus,27,64,87122.391,65536,0,0,1
projection,q128_l4_n1024,fixed_crypto_bigint_vartime,27,64,73868.484,49152,0,0,1
projection,q128_l4_n1024,runtime_modulus,28,64,86746.094,65536,0,0,1
projection,q128_l4_n1024,fixed_crypto_bigint_vartime,28,64,73910.812,49152,0,0,1
projection,q128_l4_n1024,fixed_crypto_bigint_vartime,29,64,73842.453,49152,0,0,1
projection,q128_l4_n1024,runtime_modulus,29,64,85108.719,65536,0,0,1
projection,q128_l4_n1024,fixed_crypto_bigint_vartime,30,64,73742.188,49152,0,0,1
projection,q128_l4_n1024,runtime_modulus,30,64,85338.531,65536,0,0,1
projection,q128_l4_n1024,runtime_modulus,31,64,87335.938,65536,0,0,1
projection,q128_l4_n1024,fixed_crypto_bigint_vartime,31,64,74220.703,49152,0,0,1
projection,q100_l9_n16,runtime_modulus,0,128,35317.383,1664,7,504,1
projection,q100_l9_n16,fixed_crypto_bigint_vartime,0,128,2427.414,1408,0,0,1
projection,q100_l9_n16,runtime_modulus,1,128,34021.484,1664,7,504,1
projection,q100_l9_n16,fixed_crypto_bigint_vartime,1,128,2404.625,1408,0,0,1
projection,q100_l9_n16,fixed_crypto_bigint_vartime,2,128,2406.250,1408,0,0,1
projection,q100_l9_n16,runtime_modulus,2,128,33547.531,1664,7,504,1
projection,q100_l9_n16,runtime_modulus,3,128,33438.156,1664,7,504,1
projection,q100_l9_n16,fixed_crypto_bigint_vartime,3,128,2433.266,1408,0,0,1
projection,q100_l9_n16,runtime_modulus,4,128,33040.039,1664,7,504,1
projection,q100_l9_n16,fixed_crypto_bigint_vartime,4,128,2409.836,1408,0,0,1
projection,q100_l9_n16,fixed_crypto_bigint_vartime,5,128,2408.203,1408,0,0,1
projection,q100_l9_n16,runtime_modulus,5,128,32504.883,1664,7,504,1
projection,q100_l9_n16,runtime_modulus,6,128,31908.531,1664,7,504,1
projection,q100_l9_n16,fixed_crypto_bigint_vartime,6,128,2406.578,1408,0,0,1
projection,q100_l9_n16,fixed_crypto_bigint_vartime,7,128,2411.133,1408,0,0,1
projection,q100_l9_n16,runtime_modulus,7,128,31338.539,1664,7,504,1
projection,q100_l9_n16,runtime_modulus,8,128,31069.984,1664,7,504,1
projection,q100_l9_n16,fixed_crypto_bigint_vartime,8,128,2409.828,1408,0,0,1
projection,q100_l9_n16,fixed_crypto_bigint_vartime,9,128,2406.578,1408,0,0,1
projection,q100_l9_n16,runtime_modulus,9,128,31406.250,1664,7,504,1
projection,q100_l9_n16,fixed_crypto_bigint_vartime,10,128,2416.992,1408,0,0,1
projection,q100_l9_n16,runtime_modulus,10,128,31820.961,1664,7,504,1
projection,q100_l9_n16,fixed_crypto_bigint_vartime,11,128,2416.016,1408,0,0,1
projection,q100_l9_n16,runtime_modulus,11,128,31484.703,1664,7,504,1
projection,q100_l9_n16,runtime_modulus,12,128,31447.922,1664,7,504,1
projection,q100_l9_n16,fixed_crypto_bigint_vartime,12,128,2409.180,1408,0,0,1
projection,q100_l9_n16,runtime_modulus,13,128,31342.773,1664,7,504,1
projection,q100_l9_n16,fixed_crypto_bigint_vartime,13,128,2397.461,1408,0,0,1
projection,q100_l9_n16,runtime_modulus,14,128,31253.906,1664,7,504,1
projection,q100_l9_n16,fixed_crypto_bigint_vartime,14,128,2402.016,1408,0,0,1
projection,q100_l9_n16,runtime_modulus,15,128,30959.633,1664,7,504,1
projection,q100_l9_n16,fixed_crypto_bigint_vartime,15,128,2406.898,1408,0,0,1
projection,q100_l9_n16,runtime_modulus,16,128,30799.484,1664,7,504,1
projection,q100_l9_n16,fixed_crypto_bigint_vartime,16,128,2397.789,1408,0,0,1
projection,q100_l9_n16,runtime_modulus,17,128,30869.469,1664,7,504,1
projection,q100_l9_n16,fixed_crypto_bigint_vartime,17,128,2399.086,1408,0,0,1
projection,q100_l9_n16,runtime_modulus,18,128,30758.789,1664,7,504,1
projection,q100_l9_n16,fixed_crypto_bigint_vartime,18,128,2405.273,1408,0,0,1
projection,q100_l9_n16,fixed_crypto_bigint_vartime,19,128,2404.625,1408,0,0,1
projection,q100_l9_n16,runtime_modulus,19,128,30638.672,1664,7,504,1
projection,q100_l9_n16,fixed_crypto_bigint_vartime,20,128,2398.117,1408,0,0,1
projection,q100_l9_n16,runtime_modulus,20,128,30560.547,1664,7,504,1
projection,q100_l9_n16,runtime_modulus,21,128,30480.141,1664,7,504,1
projection,q100_l9_n16,fixed_crypto_bigint_vartime,21,128,2398.758,1408,0,0,1
projection,q100_l9_n16,runtime_modulus,22,128,30465.492,1664,7,504,1
projection,q100_l9_n16,fixed_crypto_bigint_vartime,22,128,2419.594,1408,0,0,1
projection,q100_l9_n16,fixed_crypto_bigint_vartime,23,128,2395.180,1408,0,0,1
projection,q100_l9_n16,runtime_modulus,23,128,30680.664,1664,7,504,1
projection,q100_l9_n16,fixed_crypto_bigint_vartime,24,128,2420.250,1408,0,0,1
projection,q100_l9_n16,runtime_modulus,24,128,30997.391,1664,7,504,1
projection,q100_l9_n16,runtime_modulus,25,128,30469.406,1664,7,504,1
projection,q100_l9_n16,fixed_crypto_bigint_vartime,25,128,2402.344,1408,0,0,1
projection,q100_l9_n16,fixed_crypto_bigint_vartime,26,128,2460.938,1408,0,0,1
projection,q100_l9_n16,runtime_modulus,26,128,30358.727,1664,7,504,1
projection,q100_l9_n16,runtime_modulus,27,128,30260.086,1664,7,504,1
projection,q100_l9_n16,fixed_crypto_bigint_vartime,27,128,2416.016,1408,0,0,1
projection,q100_l9_n16,runtime_modulus,28,128,30222.656,1664,7,504,1
projection,q100_l9_n16,fixed_crypto_bigint_vartime,28,128,2402.016,1408,0,0,1
projection,q100_l9_n16,runtime_modulus,29,128,30087.891,1664,7,504,1
projection,q100_l9_n16,fixed_crypto_bigint_vartime,29,128,2400.062,1408,0,0,1
projection,q100_l9_n16,runtime_modulus,30,128,31600.258,1664,7,504,1
projection,q100_l9_n16,fixed_crypto_bigint_vartime,30,128,2408.852,1408,0,0,1
projection,q100_l9_n16,runtime_modulus,31,128,31029.945,1664,7,504,1
projection,q100_l9_n16,fixed_crypto_bigint_vartime,31,128,2411.453,1408,0,0,1
projection,q100_l9_n1024,fixed_crypto_bigint_vartime,0,1,153750.000,90112,0,0,1
projection,q100_l9_n1024,runtime_modulus,0,1,3305000.000,106496,518,37296,1
projection,q100_l9_n1024,fixed_crypto_bigint_vartime,1,1,154167.000,90112,0,0,1
projection,q100_l9_n1024,runtime_modulus,1,1,3298042.000,106496,518,37296,1
projection,q100_l9_n1024,fixed_crypto_bigint_vartime,2,1,154000.000,90112,0,0,1
projection,q100_l9_n1024,runtime_modulus,2,1,3422209.000,106496,518,37296,1
projection,q100_l9_n1024,runtime_modulus,3,1,3421750.000,106496,518,37296,1
projection,q100_l9_n1024,fixed_crypto_bigint_vartime,3,1,158959.000,90112,0,0,1
projection,q100_l9_n1024,fixed_crypto_bigint_vartime,4,1,158875.000,90112,0,0,1
projection,q100_l9_n1024,runtime_modulus,4,1,3430958.000,106496,518,37296,1
projection,q100_l9_n1024,runtime_modulus,5,1,3431875.000,106496,518,37296,1
projection,q100_l9_n1024,fixed_crypto_bigint_vartime,5,1,159625.000,90112,0,0,1
projection,q100_l9_n1024,fixed_crypto_bigint_vartime,6,1,159750.000,90112,0,0,1
projection,q100_l9_n1024,runtime_modulus,6,1,3448750.000,106496,518,37296,1
projection,q100_l9_n1024,fixed_crypto_bigint_vartime,7,1,160292.000,90112,0,0,1
projection,q100_l9_n1024,runtime_modulus,7,1,3489417.000,106496,518,37296,1
projection,q100_l9_n1024,fixed_crypto_bigint_vartime,8,1,154667.000,90112,0,0,1
projection,q100_l9_n1024,runtime_modulus,8,1,3314125.000,106496,518,37296,1
projection,q100_l9_n1024,runtime_modulus,9,1,3356500.000,106496,518,37296,1
projection,q100_l9_n1024,fixed_crypto_bigint_vartime,9,1,156958.000,90112,0,0,1
projection,q100_l9_n1024,runtime_modulus,10,1,3320417.000,106496,518,37296,1
projection,q100_l9_n1024,fixed_crypto_bigint_vartime,10,1,154083.000,90112,0,0,1
projection,q100_l9_n1024,fixed_crypto_bigint_vartime,11,1,154541.000,90112,0,0,1
projection,q100_l9_n1024,runtime_modulus,11,1,3313833.000,106496,518,37296,1
projection,q100_l9_n1024,runtime_modulus,12,1,3315667.000,106496,518,37296,1
projection,q100_l9_n1024,fixed_crypto_bigint_vartime,12,1,154917.000,90112,0,0,1
projection,q100_l9_n1024,fixed_crypto_bigint_vartime,13,1,154834.000,90112,0,0,1
projection,q100_l9_n1024,runtime_modulus,13,1,3328500.000,106496,518,37296,1
projection,q100_l9_n1024,runtime_modulus,14,1,3366333.000,106496,518,37296,1
projection,q100_l9_n1024,fixed_crypto_bigint_vartime,14,1,168084.000,90112,0,0,1
projection,q100_l9_n1024,runtime_modulus,15,1,3561167.000,106496,518,37296,1
projection,q100_l9_n1024,fixed_crypto_bigint_vartime,15,1,163083.000,90112,0,0,1
projection,q100_l9_n1024,runtime_modulus,16,1,3347208.000,106496,518,37296,1
projection,q100_l9_n1024,fixed_crypto_bigint_vartime,16,1,157750.000,90112,0,0,1
projection,q100_l9_n1024,fixed_crypto_bigint_vartime,17,1,154792.000,90112,0,0,1
projection,q100_l9_n1024,runtime_modulus,17,1,3302875.000,106496,518,37296,1
projection,q100_l9_n1024,runtime_modulus,18,1,3324375.000,106496,518,37296,1
projection,q100_l9_n1024,fixed_crypto_bigint_vartime,18,1,154041.000,90112,0,0,1
projection,q100_l9_n1024,fixed_crypto_bigint_vartime,19,1,154917.000,90112,0,0,1
projection,q100_l9_n1024,runtime_modulus,19,1,3312833.000,106496,518,37296,1
projection,q100_l9_n1024,runtime_modulus,20,1,3348333.000,106496,518,37296,1
projection,q100_l9_n1024,fixed_crypto_bigint_vartime,20,1,155166.000,90112,0,0,1
projection,q100_l9_n1024,fixed_crypto_bigint_vartime,21,1,156541.000,90112,0,0,1
projection,q100_l9_n1024,runtime_modulus,21,1,3419792.000,106496,518,37296,1
projection,q100_l9_n1024,fixed_crypto_bigint_vartime,22,1,154541.000,90112,0,0,1
projection,q100_l9_n1024,runtime_modulus,22,1,3326416.000,106496,518,37296,1
projection,q100_l9_n1024,fixed_crypto_bigint_vartime,23,1,153833.000,90112,0,0,1
projection,q100_l9_n1024,runtime_modulus,23,1,3316875.000,106496,518,37296,1
projection,q100_l9_n1024,runtime_modulus,24,1,3293792.000,106496,518,37296,1
projection,q100_l9_n1024,fixed_crypto_bigint_vartime,24,1,158916.000,90112,0,0,1
projection,q100_l9_n1024,fixed_crypto_bigint_vartime,25,1,153917.000,90112,0,0,1
projection,q100_l9_n1024,runtime_modulus,25,1,3378625.000,106496,518,37296,1
projection,q100_l9_n1024,fixed_crypto_bigint_vartime,26,1,154458.000,90112,0,0,1
projection,q100_l9_n1024,runtime_modulus,26,1,3341625.000,106496,518,37296,1
projection,q100_l9_n1024,runtime_modulus,27,1,3348291.000,106496,518,37296,1
projection,q100_l9_n1024,fixed_crypto_bigint_vartime,27,1,154667.000,90112,0,0,1
projection,q100_l9_n1024,runtime_modulus,28,1,3297875.000,106496,518,37296,1
projection,q100_l9_n1024,fixed_crypto_bigint_vartime,28,1,155291.000,90112,0,0,1
projection,q100_l9_n1024,runtime_modulus,29,1,3310875.000,106496,518,37296,1
projection,q100_l9_n1024,fixed_crypto_bigint_vartime,29,1,154709.000,90112,0,0,1
projection,q100_l9_n1024,fixed_crypto_bigint_vartime,30,1,154542.000,90112,0,0,1
projection,q100_l9_n1024,runtime_modulus,30,1,3316625.000,106496,518,37296,1
projection,q100_l9_n1024,fixed_crypto_bigint_vartime,31,1,156125.000,90112,0,0,1
projection,q100_l9_n1024,runtime_modulus,31,1,3304458.000,106496,518,37296,1
projection,q128_l9_n16,fixed_crypto_bigint_vartime,0,1024,2339.519,1408,0,0,1
projection,q128_l9_n16,runtime_modulus,0,1024,3281.087,1664,0,0,1
projection,q128_l9_n16,fixed_crypto_bigint_vartime,1,1024,2335.815,1408,0,0,1
projection,q128_l9_n16,runtime_modulus,1,1024,3254.272,1664,0,0,1
projection,q128_l9_n16,fixed_crypto_bigint_vartime,2,1024,2344.075,1408,0,0,1
projection,q128_l9_n16,runtime_modulus,2,1024,3311.523,1664,0,0,1
projection,q128_l9_n16,fixed_crypto_bigint_vartime,3,1024,2331.828,1408,0,0,1
projection,q128_l9_n16,runtime_modulus,3,1024,3260.823,1664,0,0,1
projection,q128_l9_n16,runtime_modulus,4,1024,3247.803,1664,0,0,1
projection,q128_l9_n16,fixed_crypto_bigint_vartime,4,1024,2340.047,1408,0,0,1
projection,q128_l9_n16,runtime_modulus,5,1024,3267.171,1664,0,0,1
projection,q128_l9_n16,fixed_crypto_bigint_vartime,5,1024,2340.576,1408,0,0,1
projection,q128_l9_n16,fixed_crypto_bigint_vartime,6,1024,2340.820,1408,0,0,1
projection,q128_l9_n16,runtime_modulus,6,1024,3273.682,1664,0,0,1
projection,q128_l9_n16,fixed_crypto_bigint_vartime,7,1024,2344.401,1408,0,0,1
projection,q128_l9_n16,runtime_modulus,7,1024,3258.505,1664,0,0,1
projection,q128_l9_n16,runtime_modulus,8,1024,3245.402,1664,0,0,1
projection,q128_l9_n16,fixed_crypto_bigint_vartime,8,1024,2339.111,1408,0,0,1
projection,q128_l9_n16,fixed_crypto_bigint_vartime,9,1024,2342.122,1408,0,0,1
projection,q128_l9_n16,runtime_modulus,9,1024,3256.307,1664,0,0,1
projection,q128_l9_n16,runtime_modulus,10,1024,3248.413,1664,0,0,1
projection,q128_l9_n16,fixed_crypto_bigint_vartime,10,1024,2338.745,1408,0,0,1
projection,q128_l9_n16,fixed_crypto_bigint_vartime,11,1024,2340.291,1408,0,0,1
projection,q128_l9_n16,runtime_modulus,11,1024,3238.933,1664,0,0,1
projection,q128_l9_n16,fixed_crypto_bigint_vartime,12,1024,2347.616,1408,0,0,1
projection,q128_l9_n16,runtime_modulus,12,1024,3249.471,1664,0,0,1
projection,q128_l9_n16,fixed_crypto_bigint_vartime,13,1024,2332.683,1408,0,0,1
projection,q128_l9_n16,runtime_modulus,13,1024,3251.140,1664,0,0,1
projection,q128_l9_n16,fixed_crypto_bigint_vartime,14,1024,2343.343,1408,0,0,1
projection,q128_l9_n16,runtime_modulus,14,1024,3253.865,1664,0,0,1
projection,q128_l9_n16,runtime_modulus,15,1024,3339.355,1664,0,0,1
projection,q128_l9_n16,fixed_crypto_bigint_vartime,15,1024,2333.048,1408,0,0,1
projection,q128_l9_n16,runtime_modulus,16,1024,3239.665,1664,0,0,1
projection,q128_l9_n16,fixed_crypto_bigint_vartime,16,1024,2338.786,1408,0,0,1
projection,q128_l9_n16,fixed_crypto_bigint_vartime,17,1024,2332.438,1408,0,0,1
projection,q128_l9_n16,runtime_modulus,17,1024,3238.444,1664,0,0,1
projection,q128_l9_n16,fixed_crypto_bigint_vartime,18,1024,2352.376,1408,0,0,1
projection,q128_l9_n16,runtime_modulus,18,1024,3247.273,1664,0,0,1
projection,q128_l9_n16,fixed_crypto_bigint_vartime,19,1024,2345.133,1408,0,0,1
projection,q128_l9_n16,runtime_modulus,19,1024,3246.053,1664,0,0,1
projection,q128_l9_n16,fixed_crypto_bigint_vartime,20,1024,2341.878,1408,0,0,1
projection,q128_l9_n16,runtime_modulus,20,1024,3239.746,1664,0,0,1
projection,q128_l9_n16,fixed_crypto_bigint_vartime,21,1024,2356.282,1408,0,0,1
projection,q128_l9_n16,runtime_modulus,21,1024,3257.894,1664,0,0,1
projection,q128_l9_n16,fixed_crypto_bigint_vartime,22,1024,2339.722,1408,0,0,1
projection,q128_l9_n16,runtime_modulus,22,1024,3309.082,1664,0,0,1
projection,q128_l9_n16,fixed_crypto_bigint_vartime,23,1024,2335.002,1408,0,0,1
projection,q128_l9_n16,runtime_modulus,23,1024,3240.805,1664,0,0,1
projection,q128_l9_n16,runtime_modulus,24,1024,3241.781,1664,0,0,1
projection,q128_l9_n16,fixed_crypto_bigint_vartime,24,1024,2343.425,1408,0,0,1
projection,q128_l9_n16,runtime_modulus,25,1024,3284.871,1664,0,0,1
projection,q128_l9_n16,fixed_crypto_bigint_vartime,25,1024,2391.602,1408,0,0,1
projection,q128_l9_n16,runtime_modulus,26,1024,3353.923,1664,0,0,1
projection,q128_l9_n16,fixed_crypto_bigint_vartime,26,1024,2412.720,1408,0,0,1
projection,q128_l9_n16,fixed_crypto_bigint_vartime,27,1024,2485.515,1408,0,0,1
projection,q128_l9_n16,runtime_modulus,27,1024,3466.553,1664,0,0,1
projection,q128_l9_n16,fixed_crypto_bigint_vartime,28,1024,2424.398,1408,0,0,1
projection,q128_l9_n16,runtime_modulus,28,1024,3346.232,1664,0,0,1
projection,q128_l9_n16,fixed_crypto_bigint_vartime,29,1024,2357.341,1408,0,0,1
projection,q128_l9_n16,runtime_modulus,29,1024,3261.516,1664,0,0,1
projection,q128_l9_n16,fixed_crypto_bigint_vartime,30,1024,2339.193,1408,0,0,1
projection,q128_l9_n16,runtime_modulus,30,1024,3258.911,1664,0,0,1
projection,q128_l9_n16,runtime_modulus,31,1024,3259.806,1664,0,0,1
projection,q128_l9_n16,fixed_crypto_bigint_vartime,31,1024,2345.703,1408,0,0,1
projection,q128_l9_n1024,runtime_modulus,0,16,234424.500,106496,0,0,1
projection,q128_l9_n1024,fixed_crypto_bigint_vartime,0,16,150473.938,90112,0,0,1
projection,q128_l9_n1024,fixed_crypto_bigint_vartime,1,16,150177.125,90112,0,0,1
projection,q128_l9_n1024,runtime_modulus,1,16,231263.000,106496,0,0,1
projection,q128_l9_n1024,fixed_crypto_bigint_vartime,2,16,149828.125,90112,0,0,1
projection,q128_l9_n1024,runtime_modulus,2,16,231289.062,106496,0,0,1
projection,q128_l9_n1024,fixed_crypto_bigint_vartime,3,16,150929.688,90112,0,0,1
projection,q128_l9_n1024,runtime_modulus,3,16,231861.938,106496,0,0,1
projection,q128_l9_n1024,runtime_modulus,4,16,231447.875,106496,0,0,1
projection,q128_l9_n1024,fixed_crypto_bigint_vartime,4,16,149934.938,90112,0,0,1
projection,q128_l9_n1024,fixed_crypto_bigint_vartime,5,16,149971.375,90112,0,0,1
projection,q128_l9_n1024,runtime_modulus,5,16,231653.688,106496,0,0,1
projection,q128_l9_n1024,fixed_crypto_bigint_vartime,6,16,150203.125,90112,0,0,1
projection,q128_l9_n1024,runtime_modulus,6,16,231778.688,106496,0,0,1
projection,q128_l9_n1024,runtime_modulus,7,16,231505.188,106496,0,0,1
projection,q128_l9_n1024,fixed_crypto_bigint_vartime,7,16,149854.188,90112,0,0,1
projection,q128_l9_n1024,fixed_crypto_bigint_vartime,8,16,150364.562,90112,0,0,1
projection,q128_l9_n1024,runtime_modulus,8,16,231309.938,106496,0,0,1
projection,q128_l9_n1024,fixed_crypto_bigint_vartime,9,16,149765.625,90112,0,0,1
projection,q128_l9_n1024,runtime_modulus,9,16,230833.312,106496,0,0,1
projection,q128_l9_n1024,runtime_modulus,10,16,230934.938,106496,0,0,1
projection,q128_l9_n1024,fixed_crypto_bigint_vartime,10,16,150200.562,90112,0,0,1
projection,q128_l9_n1024,fixed_crypto_bigint_vartime,11,16,149927.062,90112,0,0,1
projection,q128_l9_n1024,runtime_modulus,11,16,230804.688,106496,0,0,1
projection,q128_l9_n1024,runtime_modulus,12,16,231940.062,106496,0,0,1
projection,q128_l9_n1024,fixed_crypto_bigint_vartime,12,16,150148.438,90112,0,0,1
projection,q128_l9_n1024,runtime_modulus,13,16,231179.688,106496,0,0,1
projection,q128_l9_n1024,fixed_crypto_bigint_vartime,13,16,149674.500,90112,0,0,1
projection,q128_l9_n1024,runtime_modulus,14,16,231182.250,106496,0,0,1
projection,q128_l9_n1024,fixed_crypto_bigint_vartime,14,16,150177.125,90112,0,0,1
projection,q128_l9_n1024,fixed_crypto_bigint_vartime,15,16,150460.938,90112,0,0,1
projection,q128_l9_n1024,runtime_modulus,15,16,231427.062,106496,0,0,1
projection,q128_l9_n1024,runtime_modulus,16,16,231312.500,106496,0,0,1
projection,q128_l9_n1024,fixed_crypto_bigint_vartime,16,16,149752.625,90112,0,0,1
projection,q128_l9_n1024,fixed_crypto_bigint_vartime,17,16,150200.500,90112,0,0,1
projection,q128_l9_n1024,runtime_modulus,17,16,231382.812,106496,0,0,1
projection,q128_l9_n1024,fixed_crypto_bigint_vartime,18,16,149994.750,90112,0,0,1
projection,q128_l9_n1024,runtime_modulus,18,16,231203.125,106496,0,0,1
projection,q128_l9_n1024,fixed_crypto_bigint_vartime,19,16,149869.812,90112,0,0,1
projection,q128_l9_n1024,runtime_modulus,19,16,231033.875,106496,0,0,1
projection,q128_l9_n1024,fixed_crypto_bigint_vartime,20,16,150033.875,90112,0,0,1
projection,q128_l9_n1024,runtime_modulus,20,16,231398.438,106496,0,0,1
projection,q128_l9_n1024,runtime_modulus,21,16,231513.062,106496,0,0,1
projection,q128_l9_n1024,fixed_crypto_bigint_vartime,21,16,149877.625,90112,0,0,1
projection,q128_l9_n1024,fixed_crypto_bigint_vartime,22,16,149776.062,90112,0,0,1
projection,q128_l9_n1024,runtime_modulus,22,16,231950.562,106496,0,0,1
projection,q128_l9_n1024,runtime_modulus,23,16,232567.688,106496,0,0,1
projection,q128_l9_n1024,fixed_crypto_bigint_vartime,23,16,149945.312,90112,0,0,1
projection,q128_l9_n1024,fixed_crypto_bigint_vartime,24,16,150356.812,90112,0,0,1
projection,q128_l9_n1024,runtime_modulus,24,16,231588.562,106496,0,0,1
projection,q128_l9_n1024,fixed_crypto_bigint_vartime,25,16,149859.375,90112,0,0,1
projection,q128_l9_n1024,runtime_modulus,25,16,231606.812,106496,0,0,1
projection,q128_l9_n1024,runtime_modulus,26,16,231351.562,106496,0,0,1
projection,q128_l9_n1024,fixed_crypto_bigint_vartime,26,16,149825.500,90112,0,0,1
projection,q128_l9_n1024,runtime_modulus,27,16,231445.312,106496,0,0,1
projection,q128_l9_n1024,fixed_crypto_bigint_vartime,27,16,150255.188,90112,0,0,1
projection,q128_l9_n1024,fixed_crypto_bigint_vartime,28,16,149674.438,90112,0,0,1
projection,q128_l9_n1024,runtime_modulus,28,16,231989.562,106496,0,0,1
projection,q128_l9_n1024,fixed_crypto_bigint_vartime,29,16,150546.875,90112,0,0,1
projection,q128_l9_n1024,runtime_modulus,29,16,231354.188,106496,0,0,1
projection,q128_l9_n1024,fixed_crypto_bigint_vartime,30,16,150158.875,90112,0,0,1
projection,q128_l9_n1024,runtime_modulus,30,16,231489.562,106496,0,0,1
projection,q128_l9_n1024,runtime_modulus,31,16,232940.062,106496,0,0,1
projection,q128_l9_n1024,fixed_crypto_bigint_vartime,31,16,150414.062,90112,0,0,1
