family,size,variant,rep,iterations,ns,bytes,allocations,allocated_bytes,correctness
products,16,shared_unroll4,0,262144,35.528,768,0,0,1
products,16,shared_unroll2,0,262144,16.672,768,0,0,1
products,16,scalar_lanes,0,262144,16.061,768,0,0,1
products,16,flock,0,262144,16.131,768,0,0,1
products,16,karatsuba,0,262144,50.501,768,0,0,1
products,16,shared,0,262144,16.469,768,0,0,1
products,16,schoolbook,0,262144,42.928,768,0,0,1
products,16,karatsuba_barrett,0,262144,27.767,768,0,0,1
products,16,shared_unroll8,0,262144,17.389,768,0,0,1
products,16,schoolbook,1,262144,42.936,768,0,0,1
products,16,karatsuba_barrett,1,262144,27.777,768,0,0,1
products,16,scalar_lanes,1,262144,16.127,768,0,0,1
products,16,karatsuba,1,262144,50.473,768,0,0,1
products,16,shared_unroll8,1,262144,17.398,768,0,0,1
products,16,shared,1,262144,16.439,768,0,0,1
products,16,shared_unroll4,1,262144,36.181,768,0,0,1
products,16,flock,1,262144,16.132,768,0,0,1
products,16,shared_unroll2,1,262144,17.125,768,0,0,1
products,16,shared_unroll4,2,262144,36.294,768,0,0,1
products,16,scalar_lanes,2,262144,16.133,768,0,0,1
products,16,karatsuba,2,262144,50.457,768,0,0,1
products,16,shared_unroll8,2,262144,17.384,768,0,0,1
products,16,shared_unroll2,2,262144,16.984,768,0,0,1
products,16,shared,2,262144,16.435,768,0,0,1
products,16,schoolbook,2,262144,42.910,768,0,0,1
products,16,flock,2,262144,16.125,768,0,0,1
products,16,karatsuba_barrett,2,262144,27.778,768,0,0,1
products,16,shared_unroll8,3,262144,17.380,768,0,0,1
products,16,scalar_lanes,3,262144,16.118,768,0,0,1
products,16,schoolbook,3,262144,42.924,768,0,0,1
products,16,karatsuba,3,262144,50.430,768,0,0,1
products,16,karatsuba_barrett,3,262144,27.771,768,0,0,1
products,16,shared_unroll2,3,262144,16.997,768,0,0,1
products,16,shared_unroll4,3,262144,36.181,768,0,0,1
products,16,flock,3,262144,16.109,768,0,0,1
products,16,shared,3,262144,16.448,768,0,0,1
products,16,shared_unroll4,4,262144,36.234,768,0,0,1
products,16,karatsuba,4,262144,50.431,768,0,0,1
products,16,karatsuba_barrett,4,262144,27.774,768,0,0,1
products,16,shared,4,262144,16.436,768,0,0,1
products,16,schoolbook,4,262144,42.910,768,0,0,1
products,16,shared_unroll2,4,262144,16.994,768,0,0,1
products,16,flock,4,262144,16.116,768,0,0,1
products,16,scalar_lanes,4,262144,16.125,768,0,0,1
products,16,shared_unroll8,4,262144,17.378,768,0,0,1
products,16,karatsuba,5,262144,50.448,768,0,0,1
products,16,shared_unroll4,5,262144,36.199,768,0,0,1
products,16,shared_unroll2,5,262144,16.983,768,0,0,1
products,16,schoolbook,5,262144,43.448,768,0,0,1
products,16,scalar_lanes,5,262144,16.499,768,0,0,1
products,16,flock,5,262144,16.659,768,0,0,1
products,16,shared,5,262144,16.442,768,0,0,1
products,16,shared_unroll8,5,262144,17.391,768,0,0,1
products,16,karatsuba_barrett,5,262144,27.788,768,0,0,1
products,16,schoolbook,6,262144,42.948,768,0,0,1
products,16,scalar_lanes,6,262144,16.158,768,0,0,1
products,16,flock,6,262144,16.117,768,0,0,1
products,16,karatsuba,6,262144,50.449,768,0,0,1
products,16,shared_unroll2,6,262144,17.015,768,0,0,1
products,16,shared,6,262144,16.446,768,0,0,1
products,16,shared_unroll4,6,262144,36.182,768,0,0,1
products,16,karatsuba_barrett,6,262144,27.751,768,0,0,1
products,16,shared_unroll8,6,262144,17.452,768,0,0,1
products,16,scalar_lanes,7,262144,16.120,768,0,0,1
products,16,shared_unroll8,7,262144,17.411,768,0,0,1
products,16,shared_unroll2,7,262144,16.969,768,0,0,1
products,16,karatsuba_barrett,7,262144,27.777,768,0,0,1
products,16,shared_unroll4,7,262144,36.284,768,0,0,1
products,16,karatsuba,7,262144,50.446,768,0,0,1
products,16,flock,7,262144,16.134,768,0,0,1
products,16,schoolbook,7,262144,42.899,768,0,0,1
products,16,shared,7,262144,16.432,768,0,0,1
products,16,shared_unroll2,8,262144,16.998,768,0,0,1
products,16,shared_unroll8,8,262144,17.378,768,0,0,1
products,16,flock,8,262144,16.110,768,0,0,1
products,16,karatsuba,8,262144,50.497,768,0,0,1
products,16,shared_unroll4,8,262144,36.214,768,0,0,1
products,16,karatsuba_barrett,8,262144,27.775,768,0,0,1
products,16,scalar_lanes,8,262144,16.131,768,0,0,1
products,16,shared,8,262144,16.432,768,0,0,1
products,16,schoolbook,8,262144,42.907,768,0,0,1
products,16,shared_unroll8,9,262144,17.430,768,0,0,1
products,16,shared_unroll4,9,262144,36.203,768,0,0,1
products,16,schoolbook,9,262144,43.017,768,0,0,1
products,16,karatsuba_barrett,9,262144,27.763,768,0,0,1
products,16,shared_unroll2,9,262144,16.989,768,0,0,1
products,16,scalar_lanes,9,262144,16.129,768,0,0,1
products,16,shared,9,262144,16.430,768,0,0,1
products,16,flock,9,262144,16.112,768,0,0,1
products,16,karatsuba,9,262144,50.443,768,0,0,1
products,16,shared_unroll8,10,262144,17.376,768,0,0,1
products,16,scalar_lanes,10,262144,16.120,768,0,0,1
products,16,shared,10,262144,16.459,768,0,0,1
products,16,karatsuba,10,262144,50.433,768,0,0,1
products,16,flock,10,262144,16.125,768,0,0,1
products,16,shared_unroll4,10,262144,36.599,768,0,0,1
products,16,schoolbook,10,262144,43.547,768,0,0,1
products,16,karatsuba_barrett,10,262144,28.211,768,0,0,1
products,16,shared_unroll2,10,262144,17.030,768,0,0,1
products,16,flock,11,262144,16.138,768,0,0,1
products,16,shared_unroll8,11,262144,17.407,768,0,0,1
products,16,karatsuba,11,262144,50.172,768,0,0,1
products,16,shared_unroll4,11,262144,35.632,768,0,0,1
products,16,schoolbook,11,262144,42.253,768,0,0,1
products,16,shared,11,262144,16.229,768,0,0,1
products,16,karatsuba_barrett,11,262144,27.465,768,0,0,1
products,16,scalar_lanes,11,262144,16.093,768,0,0,1
products,16,shared_unroll2,11,262144,16.679,768,0,0,1
products,16,shared_unroll4,12,262144,35.578,768,0,0,1
products,16,shared_unroll8,12,262144,17.053,768,0,0,1
products,16,schoolbook,12,262144,42.138,768,0,0,1
products,16,karatsuba,12,262144,49.486,768,0,0,1
products,16,shared_unroll2,12,262144,16.663,768,0,0,1
products,16,shared,12,262144,16.419,768,0,0,1
products,16,scalar_lanes,12,262144,16.116,768,0,0,1
products,16,karatsuba_barrett,12,262144,27.757,768,0,0,1
products,16,flock,12,262144,16.118,768,0,0,1
products,16,schoolbook,13,262144,42.906,768,0,0,1
products,16,shared_unroll8,13,262144,17.380,768,0,0,1
products,16,karatsuba,13,262144,50.469,768,0,0,1
products,16,shared,13,262144,16.448,768,0,0,1
products,16,shared_unroll4,13,262144,36.219,768,0,0,1
products,16,karatsuba_barrett,13,262144,27.762,768,0,0,1
products,16,scalar_lanes,13,262144,16.129,768,0,0,1
products,16,flock,13,262144,16.109,768,0,0,1
products,16,shared_unroll2,13,262144,17.006,768,0,0,1
products,16,shared_unroll4,14,262144,36.551,768,0,0,1
products,16,shared_unroll2,14,262144,16.991,768,0,0,1
products,16,shared,14,262144,16.131,768,0,0,1
products,16,flock,14,262144,15.935,768,0,0,1
products,16,schoolbook,14,262144,42.351,768,0,0,1
products,16,karatsuba,14,262144,49.526,768,0,0,1
products,16,shared_unroll8,14,262144,17.339,768,0,0,1
products,16,karatsuba_barrett,14,262144,27.718,768,0,0,1
products,16,scalar_lanes,14,262144,16.125,768,0,0,1
products,16,shared_unroll2,15,262144,17.015,768,0,0,1
products,16,karatsuba,15,262144,50.447,768,0,0,1
products,16,scalar_lanes,15,262144,16.120,768,0,0,1
products,16,schoolbook,15,262144,42.908,768,0,0,1
products,16,shared_unroll4,15,262144,36.191,768,0,0,1
products,16,shared,15,262144,16.433,768,0,0,1
products,16,flock,15,262144,16.136,768,0,0,1
products,16,karatsuba_barrett,15,262144,27.819,768,0,0,1
products,16,shared_unroll8,15,262144,17.378,768,0,0,1
products,16,schoolbook,16,262144,42.921,768,0,0,1
products,16,karatsuba,16,262144,50.480,768,0,0,1
products,16,shared_unroll2,16,262144,16.972,768,0,0,1
products,16,flock,16,262144,16.325,768,0,0,1
products,16,shared_unroll8,16,262144,17.723,768,0,0,1
products,16,karatsuba_barrett,16,262144,28.340,768,0,0,1
products,16,scalar_lanes,16,262144,16.461,768,0,0,1
products,16,shared_unroll4,16,262144,36.714,768,0,0,1
products,16,shared,16,262144,16.662,768,0,0,1
products,16,karatsuba,17,262144,49.518,768,0,0,1
products,16,scalar_lanes,17,262144,16.008,768,0,0,1
products,16,karatsuba_barrett,17,262144,28.451,768,0,0,1
products,16,shared_unroll4,17,262144,36.841,768,0,0,1
products,16,shared_unroll2,17,262144,17.196,768,0,0,1
products,16,shared,17,262144,16.362,768,0,0,1
products,16,schoolbook,17,262144,42.923,768,0,0,1
products,16,shared_unroll8,17,262144,17.381,768,0,0,1
products,16,flock,17,262144,16.133,768,0,0,1
products,16,karatsuba_barrett,18,262144,27.785,768,0,0,1
products,16,shared_unroll4,18,262144,36.210,768,0,0,1
products,16,flock,18,262144,16.128,768,0,0,1
products,16,scalar_lanes,18,262144,16.121,768,0,0,1
products,16,shared,18,262144,16.437,768,0,0,1
products,16,shared_unroll8,18,262144,17.385,768,0,0,1
products,16,karatsuba,18,262144,51.223,768,0,0,1
products,16,shared_unroll2,18,262144,17.657,768,0,0,1
products,16,schoolbook,18,262144,42.798,768,0,0,1
products,16,shared_unroll8,19,262144,17.579,768,0,0,1
products,16,shared,19,262144,16.630,768,0,0,1
products,16,schoolbook,19,262144,43.856,768,0,0,1
products,16,scalar_lanes,19,262144,16.361,768,0,0,1
products,16,shared_unroll2,19,262144,17.273,768,0,0,1
products,16,karatsuba,19,262144,50.310,768,0,0,1
products,16,karatsuba_barrett,19,262144,28.151,768,0,0,1
products,16,flock,19,262144,16.328,768,0,0,1
products,16,shared_unroll4,19,262144,36.699,768,0,0,1
products,16,shared_unroll2,20,262144,17.199,768,0,0,1
products,16,shared,20,262144,16.662,768,0,0,1
products,16,karatsuba,20,262144,51.056,768,0,0,1
products,16,karatsuba_barrett,20,262144,28.103,768,0,0,1
products,16,schoolbook,20,262144,43.612,768,0,0,1
products,16,shared_unroll4,20,262144,36.405,768,0,0,1
products,16,flock,20,262144,16.068,768,0,0,1
products,16,shared_unroll8,20,262144,17.392,768,0,0,1
products,16,scalar_lanes,20,262144,16.120,768,0,0,1
products,16,shared,21,262144,16.453,768,0,0,1
products,16,schoolbook,21,262144,42.950,768,0,0,1
products,16,flock,21,262144,16.128,768,0,0,1
products,16,shared_unroll4,21,262144,36.197,768,0,0,1
products,16,scalar_lanes,21,262144,16.166,768,0,0,1
products,16,karatsuba,21,262144,50.533,768,0,0,1
products,16,karatsuba_barrett,21,262144,27.273,768,0,0,1
products,16,shared_unroll8,21,262144,17.395,768,0,0,1
products,16,shared_unroll2,21,262144,16.977,768,0,0,1
products,16,karatsuba,22,262144,50.434,768,0,0,1
products,16,schoolbook,22,262144,42.929,768,0,0,1
products,16,shared_unroll2,22,262144,16.976,768,0,0,1
products,16,flock,22,262144,16.129,768,0,0,1
products,16,scalar_lanes,22,262144,16.124,768,0,0,1
products,16,shared,22,262144,16.428,768,0,0,1
products,16,shared_unroll4,22,262144,36.186,768,0,0,1
products,16,shared_unroll8,22,262144,17.389,768,0,0,1
products,16,karatsuba_barrett,22,262144,27.762,768,0,0,1
products,16,shared_unroll4,23,262144,36.207,768,0,0,1
products,16,shared_unroll2,23,262144,16.977,768,0,0,1
products,16,karatsuba_barrett,23,262144,27.799,768,0,0,1
products,16,shared,23,262144,16.418,768,0,0,1
products,16,shared_unroll8,23,262144,17.389,768,0,0,1
products,16,flock,23,262144,16.115,768,0,0,1
products,16,scalar_lanes,23,262144,16.119,768,0,0,1
products,16,schoolbook,23,262144,42.919,768,0,0,1
products,16,karatsuba,23,262144,50.440,768,0,0,1
products,16,schoolbook,24,262144,42.923,768,0,0,1
products,16,shared_unroll8,24,262144,17.417,768,0,0,1
products,16,scalar_lanes,24,262144,16.153,768,0,0,1
products,16,karatsuba,24,262144,50.410,768,0,0,1
products,16,shared_unroll4,24,262144,36.192,768,0,0,1
products,16,shared_unroll2,24,262144,17.171,768,0,0,1
products,16,karatsuba_barrett,24,262144,27.731,768,0,0,1
products,16,shared,24,262144,16.432,768,0,0,1
products,16,flock,24,262144,16.121,768,0,0,1
products,16,scalar_lanes,25,262144,16.154,768,0,0,1
products,16,shared_unroll4,25,262144,36.191,768,0,0,1
products,16,shared_unroll2,25,262144,16.980,768,0,0,1
products,16,karatsuba,25,262144,50.440,768,0,0,1
products,16,karatsuba_barrett,25,262144,27.775,768,0,0,1
products,16,flock,25,262144,16.122,768,0,0,1
products,16,schoolbook,25,262144,42.923,768,0,0,1
products,16,shared,25,262144,16.441,768,0,0,1
products,16,shared_unroll8,25,262144,17.430,768,0,0,1
products,16,shared_unroll8,26,262144,17.390,768,0,0,1
products,16,karatsuba_barrett,26,262144,28.197,768,0,0,1
products,16,scalar_lanes,26,262144,16.633,768,0,0,1
products,16,karatsuba,26,262144,51.607,768,0,0,1
products,16,shared,26,262144,16.337,768,0,0,1
products,16,schoolbook,26,262144,42.173,768,0,0,1
products,16,shared_unroll2,26,262144,16.885,768,0,0,1
products,16,flock,26,262144,16.135,768,0,0,1
products,16,shared_unroll4,26,262144,36.177,768,0,0,1
products,16,scalar_lanes,27,262144,16.144,768,0,0,1
products,16,shared_unroll4,27,262144,36.231,768,0,0,1
products,16,karatsuba,27,262144,50.507,768,0,0,1
products,16,shared_unroll8,27,262144,17.397,768,0,0,1
products,16,karatsuba_barrett,27,262144,27.800,768,0,0,1
products,16,flock,27,262144,16.121,768,0,0,1
products,16,shared,27,262144,16.450,768,0,0,1
products,16,shared_unroll2,27,262144,16.967,768,0,0,1
products,16,schoolbook,27,262144,42.994,768,0,0,1
products,16,schoolbook,28,262144,42.860,768,0,0,1
products,16,shared_unroll4,28,262144,35.508,768,0,0,1
products,16,scalar_lanes,28,262144,15.977,768,0,0,1
products,16,shared,28,262144,16.443,768,0,0,1
products,16,karatsuba_barrett,28,262144,27.798,768,0,0,1
products,16,karatsuba,28,262144,50.608,768,0,0,1
products,16,shared_unroll2,28,262144,16.981,768,0,0,1
products,16,flock,28,262144,16.122,768,0,0,1
products,16,shared_unroll8,28,262144,17.385,768,0,0,1
products,16,scalar_lanes,29,262144,16.132,768,0,0,1
products,16,schoolbook,29,262144,42.948,768,0,0,1
products,16,karatsuba_barrett,29,262144,28.192,768,0,0,1
products,16,shared_unroll4,29,262144,35.954,768,0,0,1
products,16,karatsuba,29,262144,49.592,768,0,0,1
products,16,shared_unroll2,29,262144,16.958,768,0,0,1
products,16,shared,29,262144,16.445,768,0,0,1
products,16,flock,29,262144,16.155,768,0,0,1
products,16,shared_unroll8,29,262144,17.374,768,0,0,1
products,16,shared_unroll8,30,262144,17.441,768,0,0,1
products,16,shared_unroll2,30,262144,16.716,768,0,0,1
products,16,shared_unroll4,30,262144,35.553,768,0,0,1
products,16,karatsuba_barrett,30,262144,27.496,768,0,0,1
products,16,scalar_lanes,30,262144,16.138,768,0,0,1
products,16,karatsuba,30,262144,49.572,768,0,0,1
products,16,flock,30,262144,15.844,768,0,0,1
products,16,shared,30,262144,16.343,768,0,0,1
products,16,schoolbook,30,262144,42.421,768,0,0,1
products,16,shared_unroll4,31,262144,35.539,768,0,0,1
products,16,flock,31,262144,15.829,768,0,0,1
products,16,shared_unroll8,31,262144,17.381,768,0,0,1
products,16,shared_unroll2,31,262144,16.970,768,0,0,1
products,16,karatsuba_barrett,31,262144,27.790,768,0,0,1
products,16,shared,31,262144,16.438,768,0,0,1
products,16,scalar_lanes,31,262144,16.112,768,0,0,1
products,16,karatsuba,31,262144,50.465,768,0,0,1
products,16,schoolbook,31,262144,42.848,768,0,0,1
products,16,karatsuba,32,262144,49.593,768,0,0,1
products,16,shared_unroll4,32,262144,35.517,768,0,0,1
products,16,shared_unroll2,32,262144,16.658,768,0,0,1
products,16,flock,32,262144,15.849,768,0,0,1
products,16,shared,32,262144,16.446,768,0,0,1
products,16,schoolbook,32,262144,42.959,768,0,0,1
products,16,scalar_lanes,32,262144,16.123,768,0,0,1
products,16,karatsuba_barrett,32,262144,27.793,768,0,0,1
products,16,shared_unroll8,32,262144,17.391,768,0,0,1
products,16,shared_unroll4,33,262144,36.200,768,0,0,1
products,16,karatsuba_barrett,33,262144,27.751,768,0,0,1
products,16,flock,33,262144,16.136,768,0,0,1
products,16,shared,33,262144,16.435,768,0,0,1
products,16,scalar_lanes,33,262144,16.131,768,0,0,1
products,16,schoolbook,33,262144,42.924,768,0,0,1
products,16,karatsuba,33,262144,50.453,768,0,0,1
products,16,shared_unroll8,33,262144,17.391,768,0,0,1
products,16,shared_unroll2,33,262144,16.970,768,0,0,1
products,16,shared,34,262144,16.436,768,0,0,1
products,16,scalar_lanes,34,262144,16.132,768,0,0,1
products,16,karatsuba,34,262144,50.442,768,0,0,1
products,16,shared_unroll8,34,262144,17.395,768,0,0,1
products,16,flock,34,262144,16.132,768,0,0,1
products,16,karatsuba_barrett,34,262144,27.762,768,0,0,1
products,16,shared_unroll4,34,262144,36.220,768,0,0,1
products,16,shared_unroll2,34,262144,16.974,768,0,0,1
products,16,schoolbook,34,262144,43.056,768,0,0,1
products,16,shared_unroll4,35,262144,36.232,768,0,0,1
products,16,scalar_lanes,35,262144,16.145,768,0,0,1
products,16,shared,35,262144,16.423,768,0,0,1
products,16,karatsuba,35,262144,50.497,768,0,0,1
products,16,shared_unroll2,35,262144,16.980,768,0,0,1
products,16,flock,35,262144,16.119,768,0,0,1
products,16,karatsuba_barrett,35,262144,27.778,768,0,0,1
products,16,shared_unroll8,35,262144,17.435,768,0,0,1
products,16,schoolbook,35,262144,43.094,768,0,0,1
products,16,flock,36,262144,16.145,768,0,0,1
products,16,shared_unroll4,36,262144,36.234,768,0,0,1
products,16,shared_unroll2,36,262144,16.981,768,0,0,1
products,16,karatsuba_barrett,36,262144,27.752,768,0,0,1
products,16,scalar_lanes,36,262144,16.127,768,0,0,1
products,16,schoolbook,36,262144,42.914,768,0,0,1
products,16,karatsuba,36,262144,50.414,768,0,0,1
products,16,shared_unroll8,36,262144,17.385,768,0,0,1
products,16,shared,36,262144,16.422,768,0,0,1
products,16,scalar_lanes,37,262144,16.140,768,0,0,1
products,16,shared_unroll4,37,262144,36.245,768,0,0,1
products,16,shared_unroll2,37,262144,17.011,768,0,0,1
products,16,karatsuba,37,262144,50.422,768,0,0,1
products,16,shared_unroll8,37,262144,17.394,768,0,0,1
products,16,schoolbook,37,262144,42.951,768,0,0,1
products,16,flock,37,262144,16.117,768,0,0,1
products,16,karatsuba_barrett,37,262144,27.773,768,0,0,1
products,16,shared,37,262144,16.429,768,0,0,1
products,16,schoolbook,38,262144,42.898,768,0,0,1
products,16,shared,38,262144,16.448,768,0,0,1
products,16,flock,38,262144,16.118,768,0,0,1
products,16,shared_unroll8,38,262144,17.383,768,0,0,1
products,16,shared_unroll4,38,262144,36.186,768,0,0,1
products,16,karatsuba_barrett,38,262144,27.760,768,0,0,1
products,16,shared_unroll2,38,262144,16.972,768,0,0,1
products,16,scalar_lanes,38,262144,16.106,768,0,0,1
products,16,karatsuba,38,262144,50.408,768,0,0,1
products,16,schoolbook,39,262144,42.922,768,0,0,1
products,16,shared,39,262144,16.417,768,0,0,1
products,16,shared_unroll8,39,262144,17.397,768,0,0,1
products,16,shared_unroll2,39,262144,17.158,768,0,0,1
products,16,karatsuba,39,262144,51.764,768,0,0,1
products,16,scalar_lanes,39,262144,16.133,768,0,0,1
products,16,flock,39,262144,16.121,768,0,0,1
products,16,shared_unroll4,39,262144,36.758,768,0,0,1
products,16,karatsuba_barrett,39,262144,27.886,768,0,0,1
products,16,schoolbook,40,262144,42.271,768,0,0,1
products,16,shared,40,262144,16.295,768,0,0,1
products,16,scalar_lanes,40,262144,16.127,768,0,0,1
products,16,flock,40,262144,16.207,768,0,0,1
products,16,shared_unroll8,40,262144,17.177,768,0,0,1
products,16,shared_unroll4,40,262144,35.623,768,0,0,1
products,16,shared_unroll2,40,262144,16.726,768,0,0,1
products,16,karatsuba,40,262144,49.563,768,0,0,1
products,16,karatsuba_barrett,40,262144,27.409,768,0,0,1
products,16,karatsuba,41,262144,49.610,768,0,0,1
products,16,scalar_lanes,41,262144,16.068,768,0,0,1
products,16,flock,41,262144,16.158,768,0,0,1
products,16,shared_unroll4,41,262144,36.214,768,0,0,1
products,16,shared_unroll2,41,262144,17.001,768,0,0,1
products,16,shared,41,262144,16.436,768,0,0,1
products,16,karatsuba_barrett,41,262144,27.772,768,0,0,1
products,16,schoolbook,41,262144,42.921,768,0,0,1
products,16,shared_unroll8,41,262144,17.392,768,0,0,1
products,16,shared_unroll8,42,262144,17.375,768,0,0,1
products,16,schoolbook,42,262144,43.222,768,0,0,1
products,16,karatsuba_barrett,42,262144,27.373,768,0,0,1
products,16,flock,42,262144,15.905,768,0,0,1
products,16,karatsuba,42,262144,49.792,768,0,0,1
products,16,shared_unroll2,42,262144,16.711,768,0,0,1
products,16,shared,42,262144,16.252,768,0,0,1
products,16,scalar_lanes,42,262144,15.839,768,0,0,1
products,16,shared_unroll4,42,262144,35.584,768,0,0,1
products,16,shared_unroll4,43,262144,35.522,768,0,0,1
products,16,shared,43,262144,16.125,768,0,0,1
products,16,schoolbook,43,262144,42.083,768,0,0,1
products,16,shared_unroll2,43,262144,16.641,768,0,0,1
products,16,karatsuba_barrett,43,262144,27.705,768,0,0,1
products,16,scalar_lanes,43,262144,16.101,768,0,0,1
products,16,shared_unroll8,43,262144,17.386,768,0,0,1
products,16,flock,43,262144,16.118,768,0,0,1
products,16,karatsuba,43,262144,50.476,768,0,0,1
products,16,karatsuba,44,262144,50.435,768,0,0,1
products,16,schoolbook,44,262144,43.050,768,0,0,1
products,16,shared_unroll4,44,262144,35.505,768,0,0,1
products,16,shared_unroll8,44,262144,17.054,768,0,0,1
products,16,scalar_lanes,44,262144,16.072,768,0,0,1
products,16,karatsuba_barrett,44,262144,27.822,768,0,0,1
products,16,shared,44,262144,16.418,768,0,0,1
products,16,shared_unroll2,44,262144,16.983,768,0,0,1
products,16,flock,44,262144,16.243,768,0,0,1
products,16,karatsuba,45,262144,51.081,768,0,0,1
products,16,shared_unroll2,45,262144,17.071,768,0,0,1
products,16,shared,45,262144,16.421,768,0,0,1
products,16,flock,45,262144,16.118,768,0,0,1
products,16,karatsuba_barrett,45,262144,27.775,768,0,0,1
products,16,schoolbook,45,262144,42.917,768,0,0,1
products,16,shared_unroll8,45,262144,17.444,768,0,0,1
products,16,shared_unroll4,45,262144,36.183,768,0,0,1
products,16,scalar_lanes,45,262144,16.100,768,0,0,1
products,16,karatsuba_barrett,46,262144,27.801,768,0,0,1
products,16,schoolbook,46,262144,42.899,768,0,0,1
products,16,shared_unroll8,46,262144,17.386,768,0,0,1
products,16,shared_unroll4,46,262144,36.184,768,0,0,1
products,16,karatsuba,46,262144,49.536,768,0,0,1
products,16,shared_unroll2,46,262144,16.808,768,0,0,1
products,16,scalar_lanes,46,262144,16.128,768,0,0,1
products,16,shared,46,262144,16.434,768,0,0,1
products,16,flock,46,262144,16.106,768,0,0,1
products,16,karatsuba,47,262144,50.457,768,0,0,1
products,16,shared,47,262144,16.424,768,0,0,1
products,16,shared_unroll4,47,262144,36.167,768,0,0,1
products,16,shared_unroll2,47,262144,16.764,768,0,0,1
products,16,karatsuba_barrett,47,262144,27.760,768,0,0,1
products,16,schoolbook,47,262144,42.897,768,0,0,1
products,16,shared_unroll8,47,262144,17.399,768,0,0,1
products,16,flock,47,262144,16.123,768,0,0,1
products,16,scalar_lanes,47,262144,16.123,768,0,0,1
products,16,shared_unroll8,48,262144,17.370,768,0,0,1
products,16,shared_unroll4,48,262144,36.193,768,0,0,1
products,16,schoolbook,48,262144,42.779,768,0,0,1
products,16,karatsuba,48,262144,49.500,768,0,0,1
products,16,scalar_lanes,48,262144,15.909,768,0,0,1
products,16,shared,48,262144,16.437,768,0,0,1
products,16,flock,48,262144,16.119,768,0,0,1
products,16,shared_unroll2,48,262144,16.960,768,0,0,1
products,16,karatsuba_barrett,48,262144,27.780,768,0,0,1
products,16,shared,49,262144,16.452,768,0,0,1
products,16,schoolbook,49,262144,42.920,768,0,0,1
products,16,shared_unroll4,49,262144,36.158,768,0,0,1
products,16,flock,49,262144,15.939,768,0,0,1
products,16,karatsuba,49,262144,50.459,768,0,0,1
products,16,shared_unroll8,49,262144,17.422,768,0,0,1
products,16,karatsuba_barrett,49,262144,27.745,768,0,0,1
products,16,shared_unroll2,49,262144,17.021,768,0,0,1
products,16,scalar_lanes,49,262144,16.110,768,0,0,1
products,16,shared_unroll2,50,262144,16.991,768,0,0,1
products,16,flock,50,262144,16.117,768,0,0,1
products,16,karatsuba,50,262144,50.426,768,0,0,1
products,16,scalar_lanes,50,262144,16.164,768,0,0,1
products,16,shared,50,262144,16.551,768,0,0,1
products,16,shared_unroll4,50,262144,36.388,768,0,0,1
products,16,karatsuba_barrett,50,262144,27.986,768,0,0,1
products,16,schoolbook,50,262144,43.474,768,0,0,1
products,16,shared_unroll8,50,262144,17.586,768,0,0,1
products,16,karatsuba_barrett,51,262144,28.167,768,0,0,1
products,16,scalar_lanes,51,262144,16.335,768,0,0,1
products,16,schoolbook,51,262144,43.214,768,0,0,1
products,16,shared_unroll2,51,262144,16.991,768,0,0,1
products,16,flock,51,262144,16.129,768,0,0,1
products,16,shared,51,262144,16.433,768,0,0,1
products,16,shared_unroll8,51,262144,17.395,768,0,0,1
products,16,karatsuba,51,262144,50.435,768,0,0,1
products,16,shared_unroll4,51,262144,36.185,768,0,0,1
products,16,shared,52,262144,16.417,768,0,0,1
products,16,scalar_lanes,52,262144,16.113,768,0,0,1
products,16,shared_unroll8,52,262144,17.413,768,0,0,1
products,16,shared_unroll2,52,262144,17.023,768,0,0,1
products,16,shared_unroll4,52,262144,36.177,768,0,0,1
products,16,flock,52,262144,16.121,768,0,0,1
products,16,karatsuba,52,262144,50.497,768,0,0,1
products,16,schoolbook,52,262144,43.126,768,0,0,1
products,16,karatsuba_barrett,52,262144,27.771,768,0,0,1
products,16,schoolbook,53,262144,42.917,768,0,0,1
products,16,scalar_lanes,53,262144,16.644,768,0,0,1
products,16,shared,53,262144,16.131,768,0,0,1
products,16,shared_unroll2,53,262144,16.765,768,0,0,1
products,16,shared_unroll8,53,262144,17.148,768,0,0,1
products,16,shared_unroll4,53,262144,35.776,768,0,0,1
products,16,karatsuba,53,262144,49.693,768,0,0,1
products,16,karatsuba_barrett,53,262144,27.463,768,0,0,1
products,16,flock,53,262144,15.843,768,0,0,1
products,16,schoolbook,54,262144,42.266,768,0,0,1
products,16,karatsuba,54,262144,49.642,768,0,0,1
products,16,scalar_lanes,54,262144,15.850,768,0,0,1
products,16,karatsuba_barrett,54,262144,27.468,768,0,0,1
products,16,shared_unroll2,54,262144,16.988,768,0,0,1
products,16,flock,54,262144,16.132,768,0,0,1
products,16,shared,54,262144,16.436,768,0,0,1
products,16,shared_unroll4,54,262144,36.198,768,0,0,1
products,16,shared_unroll8,54,262144,17.189,768,0,0,1
products,16,shared,55,262144,16.437,768,0,0,1
products,16,shared_unroll2,55,262144,17.043,768,0,0,1
products,16,scalar_lanes,55,262144,16.103,768,0,0,1
products,16,karatsuba,55,262144,50.444,768,0,0,1
products,16,shared_unroll8,55,262144,17.404,768,0,0,1
products,16,shared_unroll4,55,262144,36.166,768,0,0,1
products,16,flock,55,262144,15.881,768,0,0,1
products,16,karatsuba_barrett,55,262144,27.797,768,0,0,1
products,16,schoolbook,55,262144,42.950,768,0,0,1
products,16,shared_unroll2,56,262144,16.988,768,0,0,1
products,16,karatsuba,56,262144,50.382,768,0,0,1
products,16,scalar_lanes,56,262144,15.926,768,0,0,1
products,16,shared_unroll4,56,262144,36.181,768,0,0,1
products,16,karatsuba_barrett,56,262144,27.771,768,0,0,1
products,16,shared,56,262144,16.431,768,0,0,1
products,16,schoolbook,56,262144,42.933,768,0,0,1
products,16,flock,56,262144,16.118,768,0,0,1
products,16,shared_unroll8,56,262144,17.402,768,0,0,1
products,16,scalar_lanes,57,262144,16.162,768,0,0,1
products,16,schoolbook,57,262144,42.955,768,0,0,1
products,16,flock,57,262144,16.107,768,0,0,1
products,16,shared,57,262144,16.418,768,0,0,1
products,16,shared_unroll8,57,262144,17.395,768,0,0,1
products,16,karatsuba_barrett,57,262144,27.764,768,0,0,1
products,16,karatsuba,57,262144,50.465,768,0,0,1
products,16,shared_unroll4,57,262144,36.108,768,0,0,1
products,16,shared_unroll2,57,262144,16.761,768,0,0,1
products,16,flock,58,262144,16.124,768,0,0,1
products,16,shared_unroll2,58,262144,16.966,768,0,0,1
products,16,schoolbook,58,262144,42.948,768,0,0,1
products,16,shared_unroll4,58,262144,35.964,768,0,0,1
products,16,shared_unroll8,58,262144,17.070,768,0,0,1
products,16,karatsuba_barrett,58,262144,27.694,768,0,0,1
products,16,shared,58,262144,16.455,768,0,0,1
products,16,scalar_lanes,58,262144,16.137,768,0,0,1
products,16,karatsuba,58,262144,50.446,768,0,0,1
products,16,karatsuba,59,262144,50.511,768,0,0,1
products,16,shared,59,262144,16.434,768,0,0,1
products,16,karatsuba_barrett,59,262144,27.744,768,0,0,1
products,16,scalar_lanes,59,262144,16.101,768,0,0,1
products,16,flock,59,262144,16.129,768,0,0,1
products,16,shared_unroll8,59,262144,17.377,768,0,0,1
products,16,shared_unroll4,59,262144,36.268,768,0,0,1
products,16,schoolbook,59,262144,42.466,768,0,0,1
products,16,shared_unroll2,59,262144,17.166,768,0,0,1
products,16,shared_unroll4,60,262144,37.353,768,0,0,1
products,16,flock,60,262144,16.924,768,0,0,1
products,16,shared_unroll8,60,262144,17.806,768,0,0,1
products,16,karatsuba,60,262144,49.630,768,0,0,1
products,16,schoolbook,60,262144,42.141,768,0,0,1
products,16,scalar_lanes,60,262144,15.997,768,0,0,1
products,16,shared_unroll2,60,262144,16.985,768,0,0,1
products,16,karatsuba_barrett,60,262144,27.760,768,0,0,1
products,16,shared,60,262144,16.433,768,0,0,1
products,16,shared_unroll4,61,262144,36.360,768,0,0,1
products,16,scalar_lanes,61,262144,16.115,768,0,0,1
products,16,shared_unroll2,61,262144,16.979,768,0,0,1
products,16,schoolbook,61,262144,42.923,768,0,0,1
products,16,shared_unroll8,61,262144,17.374,768,0,0,1
products,16,shared,61,262144,16.428,768,0,0,1
products,16,flock,61,262144,16.118,768,0,0,1
products,16,karatsuba,61,262144,50.453,768,0,0,1
products,16,karatsuba_barrett,61,262144,28.240,768,0,0,1
products,16,karatsuba_barrett,62,262144,27.335,768,0,0,1
products,16,shared_unroll4,62,262144,35.524,768,0,0,1
products,16,karatsuba,62,262144,49.689,768,0,0,1
products,16,shared_unroll2,62,262144,16.730,768,0,0,1
products,16,schoolbook,62,262144,43.031,768,0,0,1
products,16,shared_unroll8,62,262144,17.384,768,0,0,1
products,16,flock,62,262144,16.109,768,0,0,1
products,16,shared,62,262144,16.433,768,0,0,1
products,16,scalar_lanes,62,262144,16.129,768,0,0,1
products,16,shared_unroll8,63,262144,17.378,768,0,0,1
products,16,shared_unroll2,63,262144,16.975,768,0,0,1
products,16,flock,63,262144,16.121,768,0,0,1
products,16,schoolbook,63,262144,42.913,768,0,0,1
products,16,shared_unroll4,63,262144,36.188,768,0,0,1
products,16,karatsuba_barrett,63,262144,27.792,768,0,0,1
products,16,shared,63,262144,16.425,768,0,0,1
products,16,karatsuba,63,262144,50.433,768,0,0,1
products,16,scalar_lanes,63,262144,16.113,768,0,0,1
products,1024,shared_unroll8,0,4096,912.191,49152,0,0,1
products,1024,shared_unroll4,0,4096,912.486,49152,0,0,1
products,1024,schoolbook,0,4096,2610.504,49152,0,0,1
products,1024,shared_unroll2,0,4096,911.184,49152,0,0,1
products,1024,scalar_lanes,0,4096,857.473,49152,0,0,1
products,1024,shared,0,4096,912.689,49152,0,0,1
products,1024,flock,0,4096,857.910,49152,0,0,1
products,1024,karatsuba_barrett,0,4096,1599.345,49152,0,0,1
products,1024,karatsuba,0,4096,3050.608,49152,0,0,1
products,1024,shared,1,4096,910.919,49152,0,0,1
products,1024,shared_unroll4,1,4096,912.302,49152,0,0,1
products,1024,karatsuba,1,4096,3051.137,49152,0,0,1
products,1024,flock,1,4096,858.002,49152,0,0,1
products,1024,karatsuba_barrett,1,4096,1600.230,49152,0,0,1
products,1024,shared_unroll2,1,4096,911.885,49152,0,0,1
products,1024,scalar_lanes,1,4096,859.965,49152,0,0,1
products,1024,shared_unroll8,1,4096,913.025,49152,0,0,1
products,1024,schoolbook,1,4096,2613.942,49152,0,0,1
products,1024,karatsuba_barrett,2,4096,1600.901,49152,0,0,1
products,1024,scalar_lanes,2,4096,857.808,49152,0,0,1
products,1024,shared_unroll4,2,4096,913.198,49152,0,0,1
products,1024,shared,2,4096,912.018,49152,0,0,1
products,1024,shared_unroll2,2,4096,912.445,49152,0,0,1
products,1024,shared_unroll8,2,4096,914.805,49152,0,0,1
products,1024,karatsuba,2,4096,3060.344,49152,0,0,1
products,1024,flock,2,4096,842.662,49152,0,0,1
products,1024,schoolbook,2,4096,2586.812,49152,0,0,1
products,1024,shared_unroll8,3,4096,941.681,49152,0,0,1
products,1024,schoolbook,3,4096,2567.780,49152,0,0,1
products,1024,karatsuba,3,4096,3005.300,49152,0,0,1
products,1024,shared,3,4096,902.029,49152,0,0,1
products,1024,flock,3,4096,859.924,49152,0,0,1
products,1024,shared_unroll2,3,4096,912.465,49152,0,0,1
products,1024,scalar_lanes,3,4096,858.663,49152,0,0,1
products,1024,shared_unroll4,3,4096,914.246,49152,0,0,1
products,1024,karatsuba_barrett,3,4096,1575.226,49152,0,0,1
products,1024,karatsuba,4,4096,2997.172,49152,0,0,1
products,1024,karatsuba_barrett,4,4096,1577.921,49152,0,0,1
products,1024,shared_unroll4,4,4096,895.345,49152,0,0,1
products,1024,shared_unroll2,4,4096,896.413,49152,0,0,1
products,1024,flock,4,4096,841.980,49152,0,0,1
products,1024,shared_unroll8,4,4096,913.300,49152,0,0,1
products,1024,shared,4,4096,912.181,49152,0,0,1
products,1024,scalar_lanes,4,4096,860.352,49152,0,0,1
products,1024,schoolbook,4,4096,2607.829,49152,0,0,1
products,1024,scalar_lanes,5,4096,851.298,49152,0,0,1
products,1024,schoolbook,5,4096,2608.093,49152,0,0,1
products,1024,shared,5,4096,904.083,49152,0,0,1
products,1024,shared_unroll4,5,4096,912.038,49152,0,0,1
products,1024,shared_unroll2,5,4096,913.035,49152,0,0,1
products,1024,karatsuba,5,4096,3053.070,49152,0,0,1
products,1024,flock,5,4096,859.243,49152,0,0,1
products,1024,karatsuba_barrett,5,4096,1603.373,49152,0,0,1
products,1024,shared_unroll8,5,4096,912.465,49152,0,0,1
products,1024,shared_unroll8,6,4096,911.967,49152,0,0,1
products,1024,shared_unroll2,6,4096,913.839,49152,0,0,1
products,1024,flock,6,4096,857.971,49152,0,0,1
products,1024,schoolbook,6,4096,2611.603,49152,0,0,1
products,1024,karatsuba_barrett,6,4096,1599.040,49152,0,0,1
products,1024,shared_unroll4,6,4096,913.534,49152,0,0,1
products,1024,karatsuba,6,4096,2998.220,49152,0,0,1
products,1024,scalar_lanes,6,4096,851.115,49152,0,0,1
products,1024,shared,6,4096,916.524,49152,0,0,1
products,1024,karatsuba_barrett,7,4096,1605.550,49152,0,0,1
products,1024,scalar_lanes,7,4096,858.083,49152,0,0,1
products,1024,shared_unroll8,7,4096,912.638,49152,0,0,1
products,1024,shared_unroll2,7,4096,914.347,49152,0,0,1
products,1024,flock,7,4096,857.605,49152,0,0,1
products,1024,shared_unroll4,7,4096,912.130,49152,0,0,1
products,1024,schoolbook,7,4096,2609.467,49152,0,0,1
products,1024,karatsuba,7,4096,3052.969,49152,0,0,1
products,1024,shared,7,4096,911.774,49152,0,0,1
products,1024,shared,8,4096,912.618,49152,0,0,1
products,1024,shared_unroll8,8,4096,913.869,49152,0,0,1
products,1024,schoolbook,8,4096,2609.701,49152,0,0,1
products,1024,karatsuba_barrett,8,4096,1597.850,49152,0,0,1
products,1024,karatsuba,8,4096,3049.937,49152,0,0,1
products,1024,scalar_lanes,8,4096,857.737,49152,0,0,1
products,1024,shared_unroll2,8,4096,911.855,49152,0,0,1
products,1024,shared_unroll4,8,4096,913.157,49152,0,0,1
products,1024,flock,8,4096,858.114,49152,0,0,1
products,1024,shared_unroll8,9,4096,912.425,49152,0,0,1
products,1024,shared_unroll4,9,4096,912.404,49152,0,0,1
products,1024,flock,9,4096,857.758,49152,0,0,1
products,1024,shared_unroll2,9,4096,914.042,49152,0,0,1
products,1024,schoolbook,9,4096,2610.545,49152,0,0,1
products,1024,scalar_lanes,9,4096,857.218,49152,0,0,1
products,1024,karatsuba_barrett,9,4096,1600.830,49152,0,0,1
products,1024,karatsuba,9,4096,3053.650,49152,0,0,1
products,1024,shared,9,4096,911.326,49152,0,0,1
products,1024,shared_unroll8,10,4096,912.231,49152,0,0,1
products,1024,karatsuba,10,4096,3050.283,49152,0,0,1
products,1024,shared,10,4096,911.611,49152,0,0,1
products,1024,flock,10,4096,858.134,49152,0,0,1
products,1024,shared_unroll4,10,4096,911.153,49152,0,0,1
products,1024,shared_unroll2,10,4096,914.388,49152,0,0,1
products,1024,schoolbook,10,4096,2597.626,49152,0,0,1
products,1024,karatsuba_barrett,10,4096,1572.947,49152,0,0,1
products,1024,scalar_lanes,10,4096,845.886,49152,0,0,1
products,1024,scalar_lanes,11,4096,840.861,49152,0,0,1
products,1024,schoolbook,11,4096,2649.638,49152,0,0,1
products,1024,shared_unroll8,11,4096,934.631,49152,0,0,1
products,1024,shared,11,4096,945.496,49152,0,0,1
products,1024,shared_unroll4,11,4096,894.765,49152,0,0,1
products,1024,karatsuba_barrett,11,4096,1585.419,49152,0,0,1
products,1024,shared_unroll2,11,4096,899.261,49152,0,0,1
products,1024,flock,11,4096,859.354,49152,0,0,1
products,1024,karatsuba,11,4096,3049.978,49152,0,0,1
products,1024,flock,12,4096,858.175,49152,0,0,1
products,1024,karatsuba,12,4096,3037.028,49152,0,0,1
products,1024,shared_unroll4,12,4096,906.006,49152,0,0,1
products,1024,shared_unroll2,12,4096,913.910,49152,0,0,1
products,1024,schoolbook,12,4096,2612.946,49152,0,0,1
products,1024,karatsuba_barrett,12,4096,1600.362,49152,0,0,1
products,1024,shared,12,4096,912.781,49152,0,0,1
products,1024,shared_unroll8,12,4096,912.649,49152,0,0,1
products,1024,scalar_lanes,12,4096,863.454,49152,0,0,1
products,1024,shared,13,4096,912.069,49152,0,0,1
products,1024,karatsuba,13,4096,3053.426,49152,0,0,1
products,1024,karatsuba_barrett,13,4096,1602.173,49152,0,0,1
products,1024,schoolbook,13,4096,2616.008,49152,0,0,1
products,1024,flock,13,4096,857.666,49152,0,0,1
products,1024,shared_unroll2,13,4096,913.188,49152,0,0,1
products,1024,shared_unroll4,13,4096,912.160,49152,0,0,1
products,1024,shared_unroll8,13,4096,912.394,49152,0,0,1
products,1024,scalar_lanes,13,4096,857.961,49152,0,0,1
products,1024,shared_unroll4,14,4096,912.109,49152,0,0,1
products,1024,karatsuba_barrett,14,4096,1603.343,49152,0,0,1
products,1024,scalar_lanes,14,4096,857.961,49152,0,0,1
products,1024,flock,14,4096,858.948,49152,0,0,1
products,1024,shared_unroll2,14,4096,911.234,49152,0,0,1
products,1024,shared,14,4096,911.682,49152,0,0,1
products,1024,karatsuba,14,4096,3052.755,49152,0,0,1
products,1024,shared_unroll8,14,4096,911.947,49152,0,0,1
products,1024,schoolbook,14,4096,2609.761,49152,0,0,1
products,1024,scalar_lanes,15,4096,858.246,49152,0,0,1
products,1024,shared_unroll4,15,4096,912.801,49152,0,0,1
products,1024,shared_unroll8,15,4096,913.727,49152,0,0,1
products,1024,karatsuba,15,4096,3050.720,49152,0,0,1
products,1024,schoolbook,15,4096,2612.040,49152,0,0,1
products,1024,karatsuba_barrett,15,4096,1600.474,49152,0,0,1
products,1024,flock,15,4096,858.134,49152,0,0,1
products,1024,shared,15,4096,912.811,49152,0,0,1
products,1024,shared_unroll2,15,4096,911.540,49152,0,0,1
products,1024,shared,16,4096,912.781,49152,0,0,1
products,1024,karatsuba_barrett,16,4096,1599.558,49152,0,0,1
products,1024,schoolbook,16,4096,2610.046,49152,0,0,1
products,1024,karatsuba,16,4096,3049.764,49152,0,0,1
products,1024,scalar_lanes,16,4096,858.327,49152,0,0,1
products,1024,shared_unroll4,16,4096,911.997,49152,0,0,1
products,1024,flock,16,4096,858.866,49152,0,0,1
products,1024,shared_unroll8,16,4096,912.740,49152,0,0,1
products,1024,shared_unroll2,16,4096,911.977,49152,0,0,1
products,1024,scalar_lanes,17,4096,858.541,49152,0,0,1
products,1024,schoolbook,17,4096,2611.176,49152,0,0,1
products,1024,shared_unroll2,17,4096,911.814,49152,0,0,1
products,1024,shared_unroll4,17,4096,912.689,49152,0,0,1
products,1024,karatsuba,17,4096,3049.805,49152,0,0,1
products,1024,karatsuba_barrett,17,4096,1597.839,49152,0,0,1
products,1024,flock,17,4096,858.378,49152,0,0,1
products,1024,shared,17,4096,910.645,49152,0,0,1
products,1024,shared_unroll8,17,4096,913.045,49152,0,0,1
products,1024,karatsuba,18,4096,3049.500,49152,0,0,1
products,1024,shared_unroll8,18,4096,912.140,49152,0,0,1
products,1024,scalar_lanes,18,4096,857.219,49152,0,0,1
products,1024,flock,18,4096,860.067,49152,0,0,1
products,1024,shared_unroll2,18,4096,912.028,49152,0,0,1
products,1024,shared_unroll4,18,4096,912.903,49152,0,0,1
products,1024,karatsuba_barrett,18,4096,1598.999,49152,0,0,1
products,1024,schoolbook,18,4096,2611.969,49152,0,0,1
products,1024,shared,18,4096,915.659,49152,0,0,1
products,1024,karatsuba,19,4096,3051.646,49152,0,0,1
products,1024,flock,19,4096,858.083,49152,0,0,1
products,1024,schoolbook,19,4096,2610.453,49152,0,0,1
products,1024,shared_unroll4,19,4096,913.147,49152,0,0,1
products,1024,karatsuba_barrett,19,4096,1598.155,49152,0,0,1
products,1024,shared,19,4096,912.933,49152,0,0,1
products,1024,scalar_lanes,19,4096,857.869,49152,0,0,1
products,1024,shared_unroll2,19,4096,913.055,49152,0,0,1
products,1024,shared_unroll8,19,4096,913.106,49152,0,0,1
products,1024,flock,20,4096,857.656,49152,0,0,1
products,1024,shared,20,4096,912.455,49152,0,0,1
products,1024,karatsuba,20,4096,3049.622,49152,0,0,1
products,1024,karatsuba_barrett,20,4096,1599.304,49152,0,0,1
products,1024,shared_unroll2,20,4096,914.296,49152,0,0,1
products,1024,shared_unroll8,20,4096,911.896,49152,0,0,1
products,1024,shared_unroll4,20,4096,912.771,49152,0,0,1
products,1024,schoolbook,20,4096,2611.145,49152,0,0,1
products,1024,scalar_lanes,20,4096,857.910,49152,0,0,1
products,1024,schoolbook,21,4096,2611.094,49152,0,0,1
products,1024,shared_unroll8,21,4096,912.211,49152,0,0,1
products,1024,flock,21,4096,858.602,49152,0,0,1
products,1024,karatsuba_barrett,21,4096,1596.985,49152,0,0,1
products,1024,shared_unroll2,21,4096,912.923,49152,0,0,1
products,1024,scalar_lanes,21,4096,857.951,49152,0,0,1
products,1024,karatsuba,21,4096,3048.838,49152,0,0,1
products,1024,shared,21,4096,911.825,49152,0,0,1
products,1024,shared_unroll4,21,4096,912.292,49152,0,0,1
products,1024,schoolbook,22,4096,2610.738,49152,0,0,1
products,1024,shared_unroll4,22,4096,914.062,49152,0,0,1
products,1024,karatsuba,22,4096,3051.798,49152,0,0,1
products,1024,shared_unroll2,22,4096,911.519,49152,0,0,1
products,1024,flock,22,4096,857.717,49152,0,0,1
products,1024,shared_unroll8,22,4096,912.344,49152,0,0,1
products,1024,scalar_lanes,22,4096,857.758,49152,0,0,1
products,1024,karatsuba_barrett,22,4096,1599.548,49152,0,0,1
products,1024,shared,22,4096,911.275,49152,0,0,1
products,1024,shared_unroll2,23,4096,912.699,49152,0,0,1
products,1024,schoolbook,23,4096,2612.885,49152,0,0,1
products,1024,shared_unroll4,23,4096,911.469,49152,0,0,1
products,1024,karatsuba_barrett,23,4096,1600.352,49152,0,0,1
products,1024,scalar_lanes,23,4096,857.524,49152,0,0,1
products,1024,karatsuba,23,4096,3051.503,49152,0,0,1
products,1024,shared,23,4096,912.425,49152,0,0,1
products,1024,shared_unroll8,23,4096,913.015,49152,0,0,1
products,1024,flock,23,4096,859.375,49152,0,0,1
products,1024,shared_unroll8,24,4096,914.001,49152,0,0,1
products,1024,karatsuba,24,4096,3053.864,49152,0,0,1
products,1024,schoolbook,24,4096,2611.776,49152,0,0,1
products,1024,shared_unroll4,24,4096,913.045,49152,0,0,1
products,1024,shared_unroll2,24,4096,911.224,49152,0,0,1
products,1024,shared,24,4096,910.706,49152,0,0,1
products,1024,flock,24,4096,858.531,49152,0,0,1
products,1024,scalar_lanes,24,4096,857.788,49152,0,0,1
products,1024,karatsuba_barrett,24,4096,1600.555,49152,0,0,1
products,1024,shared,25,4096,912.954,49152,0,0,1
products,1024,shared_unroll2,25,4096,912.618,49152,0,0,1
products,1024,shared_unroll8,25,4096,913.646,49152,0,0,1
products,1024,flock,25,4096,857.951,49152,0,0,1
products,1024,karatsuba_barrett,25,4096,1600.148,49152,0,0,1
products,1024,shared_unroll4,25,4096,912.394,49152,0,0,1
products,1024,karatsuba,25,4096,3050.069,49152,0,0,1
products,1024,schoolbook,25,4096,2609.222,49152,0,0,1
products,1024,scalar_lanes,25,4096,857.198,49152,0,0,1
products,1024,shared_unroll4,26,4096,911.957,49152,0,0,1
products,1024,shared_unroll8,26,4096,913.523,49152,0,0,1
products,1024,schoolbook,26,4096,2610.352,49152,0,0,1
products,1024,karatsuba,26,4096,3051.260,49152,0,0,1
products,1024,flock,26,4096,857.412,49152,0,0,1
products,1024,shared_unroll2,26,4096,912.608,49152,0,0,1
products,1024,shared,26,4096,911.804,49152,0,0,1
products,1024,scalar_lanes,26,4096,857.259,49152,0,0,1
products,1024,karatsuba_barrett,26,4096,1599.284,49152,0,0,1
products,1024,flock,27,4096,859.446,49152,0,0,1
products,1024,shared_unroll2,27,4096,912.933,49152,0,0,1
products,1024,schoolbook,27,4096,2609.945,49152,0,0,1
products,1024,karatsuba_barrett,27,4096,1599.966,49152,0,0,1
products,1024,shared_unroll4,27,4096,913.778,49152,0,0,1
products,1024,scalar_lanes,27,4096,861.186,49152,0,0,1
products,1024,karatsuba,27,4096,3059.011,49152,0,0,1
products,1024,shared,27,4096,911.428,49152,0,0,1
products,1024,shared_unroll8,27,4096,912.272,49152,0,0,1
products,1024,shared_unroll8,28,4096,913.147,49152,0,0,1
products,1024,karatsuba_barrett,28,4096,1600.179,49152,0,0,1
products,1024,flock,28,4096,858.754,49152,0,0,1
products,1024,shared,28,4096,911.977,49152,0,0,1
products,1024,schoolbook,28,4096,2610.769,49152,0,0,1
products,1024,shared_unroll2,28,4096,911.641,49152,0,0,1
products,1024,shared_unroll4,28,4096,912.791,49152,0,0,1
products,1024,scalar_lanes,28,4096,857.401,49152,0,0,1
products,1024,karatsuba,28,4096,3054.657,49152,0,0,1
products,1024,shared_unroll8,29,4096,913.177,49152,0,0,1
products,1024,karatsuba_barrett,29,4096,1600.871,49152,0,0,1
products,1024,shared_unroll4,29,4096,911.835,49152,0,0,1
products,1024,schoolbook,29,4096,2610.952,49152,0,0,1
products,1024,scalar_lanes,29,4096,856.771,49152,0,0,1
products,1024,shared_unroll2,29,4096,913.045,49152,0,0,1
products,1024,karatsuba,29,4096,3050.680,49152,0,0,1
products,1024,shared,29,4096,911.682,49152,0,0,1
products,1024,flock,29,4096,860.179,49152,0,0,1
products,1024,shared_unroll4,30,4096,912.455,49152,0,0,1
products,1024,karatsuba_barrett,30,4096,1599.833,49152,0,0,1
products,1024,scalar_lanes,30,4096,857.605,49152,0,0,1
products,1024,karatsuba,30,4096,3051.554,49152,0,0,1
products,1024,shared_unroll8,30,4096,913.523,49152,0,0,1
products,1024,schoolbook,30,4096,2610.352,49152,0,0,1
products,1024,flock,30,4096,858.561,49152,0,0,1
products,1024,shared_unroll2,30,4096,912.038,49152,0,0,1
products,1024,shared,30,4096,912.659,49152,0,0,1
products,1024,scalar_lanes,31,4096,856.628,49152,0,0,1
products,1024,karatsuba_barrett,31,4096,1599.192,49152,0,0,1
products,1024,flock,31,4096,858.114,49152,0,0,1
products,1024,karatsuba,31,4096,3051.097,49152,0,0,1
products,1024,shared,31,4096,912.628,49152,0,0,1
products,1024,shared_unroll8,31,4096,912.842,49152,0,0,1
products,1024,shared_unroll2,31,4096,912.272,49152,0,0,1
products,1024,schoolbook,31,4096,2611.094,49152,0,0,1
products,1024,shared_unroll4,31,4096,911.672,49152,0,0,1
products,1024,shared_unroll4,32,4096,911.621,49152,0,0,1
products,1024,shared_unroll2,32,4096,913.076,49152,0,0,1
products,1024,shared,32,4096,912.364,49152,0,0,1
products,1024,karatsuba,32,4096,3050.405,49152,0,0,1
products,1024,flock,32,4096,858.561,49152,0,0,1
products,1024,schoolbook,32,4096,2611.338,49152,0,0,1
products,1024,shared_unroll8,32,4096,912.466,49152,0,0,1
products,1024,karatsuba_barrett,32,4096,1599.457,49152,0,0,1
products,1024,scalar_lanes,32,4096,858.948,49152,0,0,1
products,1024,flock,33,4096,858.694,49152,0,0,1
products,1024,karatsuba_barrett,33,4096,1598.419,49152,0,0,1
products,1024,karatsuba,33,4096,3049.764,49152,0,0,1
products,1024,scalar_lanes,33,4096,858.622,49152,0,0,1
products,1024,shared_unroll2,33,4096,911.642,49152,0,0,1
products,1024,shared_unroll4,33,4096,912.231,49152,0,0,1
products,1024,shared_unroll8,33,4096,912.384,49152,0,0,1
products,1024,schoolbook,33,4096,2610.046,49152,0,0,1
products,1024,shared,33,4096,911.052,49152,0,0,1
products,1024,scalar_lanes,34,4096,857.483,49152,0,0,1
products,1024,karatsuba_barrett,34,4096,1610.270,49152,0,0,1
products,1024,karatsuba,34,4096,3051.127,49152,0,0,1
products,1024,shared_unroll4,34,4096,911.672,49152,0,0,1
products,1024,schoolbook,34,4096,2610.311,49152,0,0,1
products,1024,flock,34,4096,858.582,49152,0,0,1
products,1024,shared,34,4096,912.638,49152,0,0,1
products,1024,shared_unroll2,34,4096,912.781,49152,0,0,1
products,1024,shared_unroll8,34,4096,913.727,49152,0,0,1
products,1024,shared_unroll8,35,4096,912.425,49152,0,0,1
products,1024,schoolbook,35,4096,2611.369,49152,0,0,1
products,1024,shared,35,4096,912.323,49152,0,0,1
products,1024,flock,35,4096,859.263,49152,0,0,1
products,1024,karatsuba_barrett,35,4096,1599.202,49152,0,0,1
products,1024,karatsuba,35,4096,3053.782,49152,0,0,1
products,1024,shared_unroll2,35,4096,911.621,49152,0,0,1
products,1024,shared_unroll4,35,4096,912.140,49152,0,0,1
products,1024,scalar_lanes,35,4096,858.877,49152,0,0,1
products,1024,shared_unroll4,36,4096,911.570,49152,0,0,1
products,1024,scalar_lanes,36,4096,856.191,49152,0,0,1
products,1024,flock,36,4096,864.624,49152,0,0,1
products,1024,shared_unroll8,36,4096,949.402,49152,0,0,1
products,1024,shared_unroll2,36,4096,955.973,49152,0,0,1
products,1024,karatsuba,36,4096,3113.302,49152,0,0,1
products,1024,shared,36,4096,902.130,49152,0,0,1
products,1024,schoolbook,36,4096,2567.566,49152,0,0,1
products,1024,karatsuba_barrett,36,4096,1593.160,49152,0,0,1
products,1024,shared_unroll2,37,4096,913.259,49152,0,0,1
products,1024,karatsuba,37,4096,3049.540,49152,0,0,1
products,1024,shared_unroll4,37,4096,912.496,49152,0,0,1
products,1024,scalar_lanes,37,4096,858.134,49152,0,0,1
products,1024,shared_unroll8,37,4096,914.815,49152,0,0,1
products,1024,schoolbook,37,4096,2613.953,49152,0,0,1
products,1024,karatsuba_barrett,37,4096,1601.217,49152,0,0,1
products,1024,shared,37,4096,912.120,49152,0,0,1
products,1024,flock,37,4096,858.704,49152,0,0,1
products,1024,karatsuba_barrett,38,4096,1599.905,49152,0,0,1
products,1024,shared_unroll8,38,4096,913.778,49152,0,0,1
products,1024,shared,38,4096,911.530,49152,0,0,1
products,1024,scalar_lanes,38,4096,858.063,49152,0,0,1
products,1024,shared_unroll4,38,4096,912.883,49152,0,0,1
products,1024,flock,38,4096,857.697,49152,0,0,1
products,1024,shared_unroll2,38,4096,915.029,49152,0,0,1
products,1024,karatsuba,38,4096,3071.442,49152,0,0,1
products,1024,schoolbook,38,4096,2589.335,49152,0,0,1
products,1024,scalar_lanes,39,4096,854.594,49152,0,0,1
products,1024,shared_unroll4,39,4096,911.926,49152,0,0,1
products,1024,karatsuba_barrett,39,4096,1600.616,49152,0,0,1
products,1024,karatsuba,39,4096,3050.323,49152,0,0,1
products,1024,flock,39,4096,860.982,49152,0,0,1
products,1024,shared,39,4096,916.097,49152,0,0,1
products,1024,shared_unroll2,39,4096,911.886,49152,0,0,1
products,1024,schoolbook,39,4096,2610.850,49152,0,0,1
products,1024,shared_unroll8,39,4096,917.074,49152,0,0,1
products,1024,karatsuba_barrett,40,4096,1611.186,49152,0,0,1
products,1024,karatsuba,40,4096,3068.166,49152,0,0,1
products,1024,scalar_lanes,40,4096,842.021,49152,0,0,1
products,1024,shared_unroll8,40,4096,912.455,49152,0,0,1
products,1024,schoolbook,40,4096,2585.347,49152,0,0,1
products,1024,flock,40,4096,854.716,49152,0,0,1
products,1024,shared,40,4096,915.131,49152,0,0,1
products,1024,shared_unroll2,40,4096,913.106,49152,0,0,1
products,1024,shared_unroll4,40,4096,913.432,49152,0,0,1
products,1024,karatsuba,41,4096,3052.378,49152,0,0,1
products,1024,flock,41,4096,858.826,49152,0,0,1
products,1024,karatsuba_barrett,41,4096,1601.420,49152,0,0,1
products,1024,shared,41,4096,915.619,49152,0,0,1
products,1024,shared_unroll2,41,4096,912.893,49152,0,0,1
products,1024,scalar_lanes,41,4096,858.551,49152,0,0,1
products,1024,schoolbook,41,4096,2611.460,49152,0,0,1
products,1024,shared_unroll4,41,4096,913.147,49152,0,0,1
products,1024,shared_unroll8,41,4096,913.076,49152,0,0,1
products,1024,shared,42,4096,911.865,49152,0,0,1
products,1024,shared_unroll2,42,4096,912.984,49152,0,0,1
products,1024,karatsuba_barrett,42,4096,1601.939,49152,0,0,1
products,1024,karatsuba,42,4096,3051.270,49152,0,0,1
products,1024,schoolbook,42,4096,2611.582,49152,0,0,1
products,1024,shared_unroll8,42,4096,913.177,49152,0,0,1
products,1024,scalar_lanes,42,4096,858.765,49152,0,0,1
products,1024,flock,42,4096,857.748,49152,0,0,1
products,1024,shared_unroll4,42,4096,912.669,49152,0,0,1
products,1024,shared_unroll4,43,4096,912.577,49152,0,0,1
products,1024,shared,43,4096,912.466,49152,0,0,1
products,1024,schoolbook,43,4096,2611.857,49152,0,0,1
products,1024,flock,43,4096,859.243,49152,0,0,1
products,1024,karatsuba_barrett,43,4096,1598.816,49152,0,0,1
products,1024,scalar_lanes,43,4096,859.283,49152,0,0,1
products,1024,shared_unroll8,43,4096,912.221,49152,0,0,1
products,1024,karatsuba,43,4096,3024.394,49152,0,0,1
products,1024,shared_unroll2,43,4096,895.467,49152,0,0,1
products,1024,scalar_lanes,44,4096,840.759,49152,0,0,1
products,1024,karatsuba_barrett,44,4096,1584.330,49152,0,0,1
products,1024,karatsuba,44,4096,3002.553,49152,0,0,1
products,1024,shared_unroll4,44,4096,894.552,49152,0,0,1
products,1024,schoolbook,44,4096,2564.474,49152,0,0,1
products,1024,shared_unroll8,44,4096,908.559,49152,0,0,1
products,1024,shared_unroll2,44,4096,914.571,49152,0,0,1
products,1024,shared,44,4096,911.926,49152,0,0,1
products,1024,flock,44,4096,858.582,49152,0,0,1
products,1024,shared_unroll4,45,4096,912.069,49152,0,0,1
products,1024,karatsuba,45,4096,3029.531,49152,0,0,1
products,1024,flock,45,4096,851.654,49152,0,0,1
products,1024,karatsuba_barrett,45,4096,1599.884,49152,0,0,1
products,1024,shared,45,4096,912.964,49152,0,0,1
products,1024,schoolbook,45,4096,2605.845,49152,0,0,1
products,1024,shared_unroll8,45,4096,907.196,49152,0,0,1
products,1024,shared_unroll2,45,4096,913.076,49152,0,0,1
products,1024,scalar_lanes,45,4096,857.869,49152,0,0,1
products,1024,shared,46,4096,911.285,49152,0,0,1
products,1024,schoolbook,46,4096,2609.843,49152,0,0,1
products,1024,karatsuba_barrett,46,4096,1592.051,49152,0,0,1
products,1024,shared_unroll2,46,4096,912.445,49152,0,0,1
products,1024,scalar_lanes,46,4096,858.480,49152,0,0,1
products,1024,shared_unroll4,46,4096,911.611,49152,0,0,1
products,1024,shared_unroll8,46,4096,913.656,49152,0,0,1
products,1024,karatsuba,46,4096,3051.249,49152,0,0,1
products,1024,flock,46,4096,857.920,49152,0,0,1
products,1024,scalar_lanes,47,4096,857.422,49152,0,0,1
products,1024,karatsuba_barrett,47,4096,1600.128,49152,0,0,1
products,1024,flock,47,4096,857.432,49152,0,0,1
products,1024,shared_unroll4,47,4096,913.066,49152,0,0,1
products,1024,shared_unroll8,47,4096,912.781,49152,0,0,1
products,1024,shared_unroll2,47,4096,912.781,49152,0,0,1
products,1024,shared,47,4096,911.825,49152,0,0,1
products,1024,karatsuba,47,4096,3050.385,49152,0,0,1
products,1024,schoolbook,47,4096,2608.612,49152,0,0,1
products,1024,shared,48,4096,905.172,49152,0,0,1
products,1024,karatsuba,48,4096,3035.217,49152,0,0,1
products,1024,karatsuba_barrett,48,4096,1602.051,49152,0,0,1
products,1024,flock,48,4096,857.900,49152,0,0,1
products,1024,scalar_lanes,48,4096,858.114,49152,0,0,1
products,1024,shared_unroll2,48,4096,913.940,49152,0,0,1
products,1024,shared_unroll8,48,4096,914.561,49152,0,0,1
products,1024,schoolbook,48,4096,2610.117,49152,0,0,1
products,1024,shared_unroll4,48,4096,912.048,49152,0,0,1
products,1024,shared_unroll4,49,4096,912.699,49152,0,0,1
products,1024,scalar_lanes,49,4096,857.920,49152,0,0,1
products,1024,shared_unroll8,49,4096,913.127,49152,0,0,1
products,1024,karatsuba,49,4096,3050.964,49152,0,0,1
products,1024,schoolbook,49,4096,2604.472,49152,0,0,1
products,1024,flock,49,4096,850.067,49152,0,0,1
products,1024,shared_unroll2,49,4096,912.944,49152,0,0,1
products,1024,karatsuba_barrett,49,4096,1598.236,49152,0,0,1
products,1024,shared,49,4096,912.374,49152,0,0,1
products,1024,scalar_lanes,50,4096,857.635,49152,0,0,1
products,1024,schoolbook,50,4096,2610.545,49152,0,0,1
products,1024,karatsuba_barrett,50,4096,1599.965,49152,0,0,1
products,1024,shared_unroll4,50,4096,911.591,49152,0,0,1
products,1024,shared,50,4096,911.621,49152,0,0,1
products,1024,flock,50,4096,858.673,49152,0,0,1
products,1024,karatsuba,50,4096,3051.117,49152,0,0,1
products,1024,shared_unroll8,50,4096,912.496,49152,0,0,1
products,1024,shared_unroll2,50,4096,913.534,49152,0,0,1
products,1024,schoolbook,51,4096,2610.342,49152,0,0,1
products,1024,shared_unroll8,51,4096,912.313,49152,0,0,1
products,1024,shared,51,4096,912.496,49152,0,0,1
products,1024,karatsuba,51,4096,3050.649,49152,0,0,1
products,1024,scalar_lanes,51,4096,857.819,49152,0,0,1
products,1024,shared_unroll2,51,4096,912.832,49152,0,0,1
products,1024,karatsuba_barrett,51,4096,1598.633,49152,0,0,1
products,1024,flock,51,4096,859.111,49152,0,0,1
products,1024,shared_unroll4,51,4096,913.981,49152,0,0,1
products,1024,schoolbook,52,4096,2609.690,49152,0,0,1
products,1024,karatsuba,52,4096,3070.221,49152,0,0,1
products,1024,shared_unroll8,52,4096,926.798,49152,0,0,1
products,1024,shared,52,4096,932.882,49152,0,0,1
products,1024,shared_unroll4,52,4096,953.471,49152,0,0,1
products,1024,flock,52,4096,844.421,49152,0,0,1
products,1024,shared_unroll2,52,4096,909.037,49152,0,0,1
products,1024,karatsuba_barrett,52,4096,1570.587,49152,0,0,1
products,1024,scalar_lanes,52,4096,854.014,49152,0,0,1
products,1024,karatsuba,53,4096,3020.589,49152,0,0,1
products,1024,shared_unroll2,53,4096,902.049,49152,0,0,1
products,1024,karatsuba_barrett,53,4096,1598.836,49152,0,0,1
products,1024,scalar_lanes,53,4096,858.165,49152,0,0,1
products,1024,schoolbook,53,4096,2612.152,49152,0,0,1
products,1024,shared_unroll8,53,4096,913.065,49152,0,0,1
products,1024,flock,53,4096,859.314,49152,0,0,1
products,1024,shared_unroll4,53,4096,914.876,49152,0,0,1
products,1024,shared,53,4096,912.455,49152,0,0,1
products,1024,flock,54,4096,859.222,49152,0,0,1
products,1024,shared_unroll4,54,4096,912.089,49152,0,0,1
products,1024,karatsuba,54,4096,3047.699,49152,0,0,1
products,1024,karatsuba_barrett,54,4096,1599.752,49152,0,0,1
products,1024,scalar_lanes,54,4096,858.083,49152,0,0,1
products,1024,schoolbook,54,4096,2618.368,49152,0,0,1
products,1024,shared,54,4096,912.354,49152,0,0,1
products,1024,shared_unroll8,54,4096,912.313,49152,0,0,1
products,1024,shared_unroll2,54,4096,911.713,49152,0,0,1
products,1024,shared,55,4096,911.479,49152,0,0,1
products,1024,karatsuba,55,4096,3052.653,49152,0,0,1
products,1024,flock,55,4096,858.368,49152,0,0,1
products,1024,shared_unroll4,55,4096,914.022,49152,0,0,1
products,1024,karatsuba_barrett,55,4096,1600.494,49152,0,0,1
products,1024,schoolbook,55,4096,2610.504,49152,0,0,1
products,1024,shared_unroll2,55,4096,913.432,49152,0,0,1
products,1024,shared_unroll8,55,4096,912.730,49152,0,0,1
products,1024,scalar_lanes,55,4096,858.042,49152,0,0,1
products,1024,schoolbook,56,4096,2610.830,49152,0,0,1
products,1024,karatsuba,56,4096,3050.842,49152,0,0,1
products,1024,scalar_lanes,56,4096,857.798,49152,0,0,1
products,1024,shared_unroll4,56,4096,914.175,49152,0,0,1
products,1024,shared_unroll8,56,4096,912.425,49152,0,0,1
products,1024,shared_unroll2,56,4096,912.119,49152,0,0,1
products,1024,karatsuba_barrett,56,4096,1607.178,49152,0,0,1
products,1024,shared,56,4096,912.313,49152,0,0,1
products,1024,flock,56,4096,857.778,49152,0,0,1
products,1024,shared_unroll8,57,4096,912.638,49152,0,0,1
products,1024,shared_unroll2,57,4096,912.231,49152,0,0,1
products,1024,flock,57,4096,858.989,49152,0,0,1
products,1024,karatsuba_barrett,57,4096,1599.915,49152,0,0,1
products,1024,shared,57,4096,912.740,49152,0,0,1
products,1024,schoolbook,57,4096,2610.992,49152,0,0,1
products,1024,karatsuba,57,4096,3050.252,49152,0,0,1
products,1024,shared_unroll4,57,4096,912.923,49152,0,0,1
products,1024,scalar_lanes,57,4096,858.042,49152,0,0,1
products,1024,shared_unroll2,58,4096,912.150,49152,0,0,1
products,1024,shared_unroll4,58,4096,912.516,49152,0,0,1
products,1024,shared,58,4096,913.666,49152,0,0,1
products,1024,schoolbook,58,4096,2610.667,49152,0,0,1
products,1024,shared_unroll8,58,4096,912.364,49152,0,0,1
products,1024,flock,58,4096,859.853,49152,0,0,1
products,1024,scalar_lanes,58,4096,857.635,49152,0,0,1
products,1024,karatsuba,58,4096,3055.796,49152,0,0,1
products,1024,karatsuba_barrett,58,4096,1600.098,49152,0,0,1
products,1024,karatsuba_barrett,59,4096,1601.115,49152,0,0,1
products,1024,karatsuba,59,4096,3057.261,49152,0,0,1
products,1024,flock,59,4096,857.219,49152,0,0,1
products,1024,shared_unroll4,59,4096,913.005,49152,0,0,1
products,1024,shared,59,4096,912.394,49152,0,0,1
products,1024,schoolbook,59,4096,2609.935,49152,0,0,1
products,1024,scalar_lanes,59,4096,859.070,49152,0,0,1
products,1024,shared_unroll8,59,4096,912.354,49152,0,0,1
products,1024,shared_unroll2,59,4096,911.937,49152,0,0,1
products,1024,flock,60,4096,858.989,49152,0,0,1
products,1024,karatsuba_barrett,60,4096,1600.800,49152,0,0,1
products,1024,karatsuba,60,4096,3055.440,49152,0,0,1
products,1024,shared_unroll4,60,4096,913.544,49152,0,0,1
products,1024,shared,60,4096,910.909,49152,0,0,1
products,1024,scalar_lanes,60,4096,858.236,49152,0,0,1
products,1024,schoolbook,60,4096,2610.921,49152,0,0,1
products,1024,shared_unroll8,60,4096,915.609,49152,0,0,1
products,1024,shared_unroll2,60,4096,913.320,49152,0,0,1
products,1024,shared_unroll4,61,4096,916.799,49152,0,0,1
products,1024,shared_unroll8,61,4096,912.547,49152,0,0,1
products,1024,scalar_lanes,61,4096,858.002,49152,0,0,1
products,1024,shared,61,4096,911.509,49152,0,0,1
products,1024,shared_unroll2,61,4096,912.974,49152,0,0,1
products,1024,karatsuba,61,4096,3052.216,49152,0,0,1
products,1024,flock,61,4096,857.961,49152,0,0,1
products,1024,karatsuba_barrett,61,4096,1599.772,49152,0,0,1
products,1024,schoolbook,61,4096,2610.046,49152,0,0,1
products,1024,shared_unroll4,62,4096,911.835,49152,0,0,1
products,1024,schoolbook,62,4096,2609.792,49152,0,0,1
products,1024,shared_unroll2,62,4096,911.703,49152,0,0,1
products,1024,karatsuba_barrett,62,4096,1599.670,49152,0,0,1
products,1024,shared,62,4096,911.763,49152,0,0,1
products,1024,flock,62,4096,858.490,49152,0,0,1
products,1024,scalar_lanes,62,4096,857.361,49152,0,0,1
products,1024,shared_unroll8,62,4096,912.781,49152,0,0,1
products,1024,karatsuba,62,4096,3051.147,49152,0,0,1
products,1024,shared,63,4096,911.794,49152,0,0,1
products,1024,shared_unroll2,63,4096,913.004,49152,0,0,1
products,1024,karatsuba_barrett,63,4096,1599.324,49152,0,0,1
products,1024,flock,63,4096,859.171,49152,0,0,1
products,1024,karatsuba,63,4096,3050.781,49152,0,0,1
products,1024,shared_unroll8,63,4096,912.303,49152,0,0,1
products,1024,shared_unroll4,63,4096,912.822,49152,0,0,1
products,1024,schoolbook,63,4096,2611.053,49152,0,0,1
products,1024,scalar_lanes,63,4096,857.096,49152,0,0,1
products,1048576,flock,0,4,889093.750,50331648,0,0,1
products,1048576,shared_unroll8,0,4,945604.000,50331648,0,0,1
products,1048576,shared,0,4,942791.750,50331648,0,0,1
products,1048576,karatsuba,0,4,3149541.500,50331648,0,0,1
products,1048576,scalar_lanes,0,4,891395.750,50331648,0,0,1
products,1048576,shared_unroll4,0,4,939937.500,50331648,0,0,1
products,1048576,schoolbook,0,4,2685041.750,50331648,0,0,1
products,1048576,karatsuba_barrett,0,4,1692791.750,50331648,0,0,1
products,1048576,shared_unroll2,0,4,942354.000,50331648,0,0,1
products,1048576,karatsuba_barrett,1,4,1703104.250,50331648,0,0,1
products,1048576,shared_unroll2,1,4,1138937.500,50331648,0,0,1
products,1048576,karatsuba,1,4,3252489.750,50331648,0,0,1
products,1048576,shared,1,4,943698.000,50331648,0,0,1
products,1048576,shared_unroll8,1,4,943604.000,50331648,0,0,1
products,1048576,shared_unroll4,1,4,943104.250,50331648,0,0,1
products,1048576,flock,1,4,892406.250,50331648,0,0,1
products,1048576,schoolbook,1,4,2689427.000,50331648,0,0,1
products,1048576,scalar_lanes,1,4,889333.500,50331648,0,0,1
products,1048576,shared_unroll4,2,4,944187.500,50331648,0,0,1
products,1048576,karatsuba,2,4,3154427.250,50331648,0,0,1
products,1048576,scalar_lanes,2,4,889916.750,50331648,0,0,1
products,1048576,shared,2,4,945604.250,50331648,0,0,1
products,1048576,karatsuba_barrett,2,4,1704979.250,50331648,0,0,1
products,1048576,flock,2,4,922052.000,50331648,0,0,1
products,1048576,schoolbook,2,4,2708281.250,50331648,0,0,1
products,1048576,shared_unroll8,2,4,1090448.000,50331648,0,0,1
products,1048576,shared_unroll2,2,4,942552.000,50331648,0,0,1
products,1048576,shared_unroll4,3,4,977271.000,50331648,0,0,1
products,1048576,flock,3,4,889968.750,50331648,0,0,1
products,1048576,shared,3,4,946270.750,50331648,0,0,1
products,1048576,karatsuba,3,4,3147229.250,50331648,0,0,1
products,1048576,scalar_lanes,3,4,889093.750,50331648,0,0,1
products,1048576,shared_unroll2,3,4,945375.000,50331648,0,0,1
products,1048576,shared_unroll8,3,4,946885.250,50331648,0,0,1
products,1048576,karatsuba_barrett,3,4,1696114.500,50331648,0,0,1
products,1048576,schoolbook,3,4,2697833.250,50331648,0,0,1
products,1048576,shared,4,4,943875.000,50331648,0,0,1
products,1048576,scalar_lanes,4,4,898406.250,50331648,0,0,1
products,1048576,schoolbook,4,4,2691958.250,50331648,0,0,1
products,1048576,flock,4,4,891854.250,50331648,0,0,1
products,1048576,karatsuba_barrett,4,4,1696968.750,50331648,0,0,1
products,1048576,karatsuba,4,4,3149541.750,50331648,0,0,1
products,1048576,shared_unroll2,4,4,943197.750,50331648,0,0,1
products,1048576,shared_unroll8,4,4,945520.750,50331648,0,0,1
products,1048576,shared_unroll4,4,4,949385.500,50331648,0,0,1
products,1048576,shared_unroll2,5,4,942500.000,50331648,0,0,1
products,1048576,karatsuba,5,4,3148385.500,50331648,0,0,1
products,1048576,shared,5,4,944229.250,50331648,0,0,1
products,1048576,karatsuba_barrett,5,4,1695656.250,50331648,0,0,1
products,1048576,schoolbook,5,4,2691197.750,50331648,0,0,1
products,1048576,shared_unroll8,5,4,943270.750,50331648,0,0,1
products,1048576,flock,5,4,888302.250,50331648,0,0,1
products,1048576,shared_unroll4,5,4,944187.500,50331648,0,0,1
products,1048576,scalar_lanes,5,4,888989.500,50331648,0,0,1
products,1048576,shared_unroll4,6,4,945781.250,50331648,0,0,1
products,1048576,karatsuba_barrett,6,4,1696177.000,50331648,0,0,1
products,1048576,shared,6,4,946135.250,50331648,0,0,1
products,1048576,flock,6,4,893958.500,50331648,0,0,1
products,1048576,scalar_lanes,6,4,958354.250,50331648,0,0,1
products,1048576,shared_unroll8,6,4,970968.750,50331648,0,0,1
products,1048576,karatsuba,6,4,3133156.250,50331648,0,0,1
products,1048576,schoolbook,6,4,2655010.500,50331648,0,0,1
products,1048576,shared_unroll2,6,4,1042583.250,50331648,0,0,1
products,1048576,shared_unroll2,7,4,1039989.500,50331648,0,0,1
products,1048576,shared_unroll4,7,4,1232396.000,50331648,0,0,1
products,1048576,shared_unroll8,7,4,993458.250,50331648,0,0,1
products,1048576,karatsuba,7,4,3209885.250,50331648,0,0,1
products,1048576,scalar_lanes,7,4,918187.500,50331648,0,0,1
products,1048576,flock,7,4,931823.000,50331648,0,0,1
products,1048576,karatsuba_barrett,7,4,1735677.000,50331648,0,0,1
products,1048576,shared,7,4,963062.500,50331648,0,0,1
products,1048576,schoolbook,7,4,2736239.500,50331648,0,0,1
products,1048576,scalar_lanes,8,4,892021.000,50331648,0,0,1
products,1048576,shared_unroll2,8,4,949687.500,50331648,0,0,1
products,1048576,flock,8,4,890031.250,50331648,0,0,1
products,1048576,schoolbook,8,4,2693468.750,50331648,0,0,1
products,1048576,shared_unroll8,8,4,955635.250,50331648,0,0,1
products,1048576,shared_unroll4,8,4,942604.000,50331648,0,0,1
products,1048576,karatsuba,8,4,3151770.750,50331648,0,0,1
products,1048576,shared,8,4,948927.250,50331648,0,0,1
products,1048576,karatsuba_barrett,8,4,1696739.750,50331648,0,0,1
products,1048576,scalar_lanes,9,4,891062.500,50331648,0,0,1
products,1048576,shared_unroll4,9,4,948468.750,50331648,0,0,1
products,1048576,schoolbook,9,4,2691406.250,50331648,0,0,1
products,1048576,karatsuba,9,4,3149270.750,50331648,0,0,1
products,1048576,flock,9,4,897968.750,50331648,0,0,1
products,1048576,shared,9,4,948802.000,50331648,0,0,1
products,1048576,shared_unroll8,9,4,945468.750,50331648,0,0,1
products,1048576,karatsuba_barrett,9,4,1698906.250,50331648,0,0,1
products,1048576,shared_unroll2,9,4,945031.250,50331648,0,0,1
products,1048576,flock,10,4,891604.250,50331648,0,0,1
products,1048576,karatsuba,10,4,3150468.750,50331648,0,0,1
products,1048576,scalar_lanes,10,4,891677.250,50331648,0,0,1
products,1048576,shared,10,4,943395.750,50331648,0,0,1
products,1048576,shared_unroll2,10,4,940927.000,50331648,0,0,1
products,1048576,schoolbook,10,4,2691854.250,50331648,0,0,1
products,1048576,karatsuba_barrett,10,4,1699791.500,50331648,0,0,1
products,1048576,shared_unroll4,10,4,942812.500,50331648,0,0,1
products,1048576,shared_unroll8,10,4,941854.000,50331648,0,0,1
products,1048576,shared,11,4,989010.500,50331648,0,0,1
products,1048576,karatsuba,11,4,3282927.250,50331648,0,0,1
products,1048576,shared_unroll4,11,4,1006041.500,50331648,0,0,1
products,1048576,scalar_lanes,11,4,951781.250,50331648,0,0,1
products,1048576,schoolbook,11,4,2640281.250,50331648,0,0,1
products,1048576,flock,11,4,881145.750,50331648,0,0,1
products,1048576,shared_unroll8,11,4,969739.500,50331648,0,0,1
products,1048576,shared_unroll2,11,4,943145.750,50331648,0,0,1
products,1048576,karatsuba_barrett,11,4,1696864.500,50331648,0,0,1
products,1048576,schoolbook,12,4,2695448.000,50331648,0,0,1
products,1048576,scalar_lanes,12,4,887458.500,50331648,0,0,1
products,1048576,karatsuba,12,4,3159010.500,50331648,0,0,1
products,1048576,flock,12,4,894041.750,50331648,0,0,1
products,1048576,shared_unroll4,12,4,942146.000,50331648,0,0,1
products,1048576,shared_unroll8,12,4,945500.000,50331648,0,0,1
products,1048576,shared,12,4,942927.000,50331648,0,0,1
products,1048576,shared_unroll2,12,4,942406.250,50331648,0,0,1
products,1048576,karatsuba_barrett,12,4,1696281.250,50331648,0,0,1
products,1048576,flock,13,4,887927.000,50331648,0,0,1
products,1048576,shared_unroll4,13,4,942041.750,50331648,0,0,1
products,1048576,karatsuba,13,4,3165896.000,50331648,0,0,1
products,1048576,shared_unroll8,13,4,989979.250,50331648,0,0,1
products,1048576,karatsuba_barrett,13,4,1702843.750,50331648,0,0,1
products,1048576,scalar_lanes,13,4,887656.250,50331648,0,0,1
products,1048576,schoolbook,13,4,2693916.750,50331648,0,0,1
products,1048576,shared,13,4,941614.500,50331648,0,0,1
products,1048576,shared_unroll2,13,4,945927.000,50331648,0,0,1
products,1048576,karatsuba,14,4,3148573.000,50331648,0,0,1
products,1048576,flock,14,4,885875.000,50331648,0,0,1
products,1048576,scalar_lanes,14,4,898406.250,50331648,0,0,1
products,1048576,karatsuba_barrett,14,4,1707010.500,50331648,0,0,1
products,1048576,shared_unroll4,14,4,944822.750,50331648,0,0,1
products,1048576,shared_unroll8,14,4,946396.000,50331648,0,0,1
products,1048576,shared_unroll2,14,4,942052.250,50331648,0,0,1
products,1048576,schoolbook,14,4,2693218.750,50331648,0,0,1
products,1048576,shared,14,4,946052.000,50331648,0,0,1
products,1048576,shared_unroll8,15,4,940323.000,50331648,0,0,1
products,1048576,karatsuba,15,4,3150135.500,50331648,0,0,1
products,1048576,flock,15,4,888760.500,50331648,0,0,1
products,1048576,schoolbook,15,4,2693062.500,50331648,0,0,1
products,1048576,karatsuba_barrett,15,4,1696468.750,50331648,0,0,1
products,1048576,shared_unroll2,15,4,944750.000,50331648,0,0,1
products,1048576,shared_unroll4,15,4,942010.500,50331648,0,0,1
products,1048576,shared,15,4,942708.250,50331648,0,0,1
products,1048576,scalar_lanes,15,4,890656.250,50331648,0,0,1
products,1048576,karatsuba,16,4,3150833.250,50331648,0,0,1
products,1048576,schoolbook,16,4,2691791.500,50331648,0,0,1
products,1048576,shared_unroll4,16,4,942260.500,50331648,0,0,1
products,1048576,shared_unroll2,16,4,943166.750,50331648,0,0,1
products,1048576,shared,16,4,943333.250,50331648,0,0,1
products,1048576,scalar_lanes,16,4,889916.500,50331648,0,0,1
products,1048576,karatsuba_barrett,16,4,1695281.250,50331648,0,0,1
products,1048576,flock,16,4,888822.750,50331648,0,0,1
products,1048576,shared_unroll8,16,4,942958.250,50331648,0,0,1
products,1048576,shared_unroll2,17,4,942479.000,50331648,0,0,1
products,1048576,karatsuba_barrett,17,4,1698937.500,50331648,0,0,1
products,1048576,shared_unroll8,17,4,941041.500,50331648,0,0,1
products,1048576,scalar_lanes,17,4,889041.750,50331648,0,0,1
products,1048576,flock,17,4,889198.000,50331648,0,0,1
products,1048576,karatsuba,17,4,3158854.250,50331648,0,0,1
products,1048576,schoolbook,17,4,2697281.250,50331648,0,0,1
products,1048576,shared,17,4,947802.000,50331648,0,0,1
products,1048576,shared_unroll4,17,4,947104.250,50331648,0,0,1
products,1048576,scalar_lanes,18,4,891510.250,50331648,0,0,1
products,1048576,flock,18,4,888687.500,50331648,0,0,1
products,1048576,shared_unroll8,18,4,942291.750,50331648,0,0,1
products,1048576,schoolbook,18,4,2693521.000,50331648,0,0,1
products,1048576,karatsuba_barrett,18,4,1694937.500,50331648,0,0,1
products,1048576,shared_unroll4,18,4,943729.250,50331648,0,0,1
products,1048576,shared,18,4,941854.250,50331648,0,0,1
products,1048576,shared_unroll2,18,4,941135.500,50331648,0,0,1
products,1048576,karatsuba,18,4,3178708.250,50331648,0,0,1
products,1048576,shared_unroll4,19,4,959166.750,50331648,0,0,1
products,1048576,karatsuba_barrett,19,4,1700583.250,50331648,0,0,1
products,1048576,karatsuba,19,4,3158489.500,50331648,0,0,1
products,1048576,schoolbook,19,4,2698479.250,50331648,0,0,1
products,1048576,flock,19,4,901416.750,50331648,0,0,1
products,1048576,shared_unroll8,19,4,945093.750,50331648,0,0,1
products,1048576,shared,19,4,956708.250,50331648,0,0,1
products,1048576,shared_unroll2,19,4,1000854.250,50331648,0,0,1
products,1048576,scalar_lanes,19,4,894656.250,50331648,0,0,1
products,1048576,karatsuba,20,4,3153937.500,50331648,0,0,1
products,1048576,schoolbook,20,4,2695531.250,50331648,0,0,1
products,1048576,shared_unroll8,20,4,951948.000,50331648,0,0,1
products,1048576,flock,20,4,889177.250,50331648,0,0,1
products,1048576,shared,20,4,945656.250,50331648,0,0,1
products,1048576,shared_unroll4,20,4,944187.500,50331648,0,0,1
products,1048576,scalar_lanes,20,4,892500.000,50331648,0,0,1
products,1048576,karatsuba_barrett,20,4,1695218.750,50331648,0,0,1
products,1048576,shared_unroll2,20,4,947573.000,50331648,0,0,1
products,1048576,shared_unroll4,21,4,940354.000,50331648,0,0,1
products,1048576,karatsuba_barrett,21,4,1696646.000,50331648,0,0,1
products,1048576,schoolbook,21,4,2693552.000,50331648,0,0,1
products,1048576,karatsuba,21,4,3155125.000,50331648,0,0,1
products,1048576,shared,21,4,945458.500,50331648,0,0,1
products,1048576,flock,21,4,894083.500,50331648,0,0,1
products,1048576,shared_unroll2,21,4,943583.250,50331648,0,0,1
products,1048576,scalar_lanes,21,4,891947.750,50331648,0,0,1
products,1048576,shared_unroll8,21,4,939520.750,50331648,0,0,1
products,1048576,karatsuba_barrett,22,4,1698708.250,50331648,0,0,1
products,1048576,flock,22,4,888500.000,50331648,0,0,1
products,1048576,shared_unroll8,22,4,951145.750,50331648,0,0,1
products,1048576,scalar_lanes,22,4,888396.000,50331648,0,0,1
products,1048576,shared,22,4,949968.750,50331648,0,0,1
products,1048576,schoolbook,22,4,2692687.500,50331648,0,0,1
products,1048576,shared_unroll2,22,4,940708.250,50331648,0,0,1
products,1048576,shared_unroll4,22,4,962500.000,50331648,0,0,1
products,1048576,karatsuba,22,4,3187646.000,50331648,0,0,1
products,1048576,karatsuba,23,4,3159395.750,50331648,0,0,1
products,1048576,schoolbook,23,4,2701052.250,50331648,0,0,1
products,1048576,shared_unroll8,23,4,942073.000,50331648,0,0,1
products,1048576,shared_unroll4,23,4,946968.750,50331648,0,0,1
products,1048576,scalar_lanes,23,4,888896.000,50331648,0,0,1
products,1048576,flock,23,4,890885.250,50331648,0,0,1
products,1048576,karatsuba_barrett,23,4,1699041.750,50331648,0,0,1
products,1048576,shared_unroll2,23,4,950656.250,50331648,0,0,1
products,1048576,shared,23,4,946635.500,50331648,0,0,1
products,1048576,flock,24,4,888958.500,50331648,0,0,1
products,1048576,schoolbook,24,4,2693948.000,50331648,0,0,1
products,1048576,shared_unroll8,24,4,946020.750,50331648,0,0,1
products,1048576,karatsuba_barrett,24,4,1696458.500,50331648,0,0,1
products,1048576,shared,24,4,950187.500,50331648,0,0,1
products,1048576,scalar_lanes,24,4,888812.500,50331648,0,0,1
products,1048576,shared_unroll2,24,4,943718.750,50331648,0,0,1
products,1048576,karatsuba,24,4,3154791.750,50331648,0,0,1
products,1048576,shared_unroll4,24,4,942645.750,50331648,0,0,1
products,1048576,flock,25,4,886198.000,50331648,0,0,1
products,1048576,shared_unroll4,25,4,944270.750,50331648,0,0,1
products,1048576,shared,25,4,943864.500,50331648,0,0,1
products,1048576,karatsuba_barrett,25,4,1697968.750,50331648,0,0,1
products,1048576,karatsuba,25,4,3154104.000,50331648,0,0,1
products,1048576,schoolbook,25,4,2711260.500,50331648,0,0,1
products,1048576,scalar_lanes,25,4,909771.000,50331648,0,0,1
products,1048576,shared_unroll8,25,4,954364.750,50331648,0,0,1
products,1048576,shared_unroll2,25,4,951322.750,50331648,0,0,1
products,1048576,flock,26,4,903000.000,50331648,0,0,1
products,1048576,shared,26,4,951354.250,50331648,0,0,1
products,1048576,scalar_lanes,26,4,893906.250,50331648,0,0,1
products,1048576,shared_unroll4,26,4,948823.000,50331648,0,0,1
products,1048576,karatsuba,26,4,3147114.500,50331648,0,0,1
products,1048576,shared_unroll8,26,4,949479.000,50331648,0,0,1
products,1048576,schoolbook,26,4,2690000.000,50331648,0,0,1
products,1048576,shared_unroll2,26,4,944687.500,50331648,0,0,1
products,1048576,karatsuba_barrett,26,4,1710364.500,50331648,0,0,1
products,1048576,karatsuba_barrett,27,4,1706447.750,50331648,0,0,1
products,1048576,karatsuba,27,4,3204198.000,50331648,0,0,1
products,1048576,scalar_lanes,27,4,887323.000,50331648,0,0,1
products,1048576,schoolbook,27,4,2695239.500,50331648,0,0,1
products,1048576,flock,27,4,887041.750,50331648,0,0,1
products,1048576,shared_unroll8,27,4,943593.750,50331648,0,0,1
products,1048576,shared_unroll4,27,4,941750.000,50331648,0,0,1
products,1048576,shared_unroll2,27,4,942125.000,50331648,0,0,1
products,1048576,shared,27,4,946823.000,50331648,0,0,1
products,1048576,shared,28,4,945000.000,50331648,0,0,1
products,1048576,schoolbook,28,4,2695854.250,50331648,0,0,1
products,1048576,flock,28,4,891125.000,50331648,0,0,1
products,1048576,shared_unroll8,28,4,945541.750,50331648,0,0,1
products,1048576,scalar_lanes,28,4,889437.500,50331648,0,0,1
products,1048576,karatsuba_barrett,28,4,1694927.250,50331648,0,0,1
products,1048576,karatsuba,28,4,3150000.000,50331648,0,0,1
products,1048576,shared_unroll4,28,4,945364.500,50331648,0,0,1
products,1048576,shared_unroll2,28,4,942645.750,50331648,0,0,1
products,1048576,karatsuba,29,4,3154021.000,50331648,0,0,1
products,1048576,shared_unroll4,29,4,958531.250,50331648,0,0,1
products,1048576,scalar_lanes,29,4,889739.750,50331648,0,0,1
products,1048576,shared_unroll8,29,4,942531.250,50331648,0,0,1
products,1048576,karatsuba_barrett,29,4,1695239.750,50331648,0,0,1
products,1048576,flock,29,4,888625.000,50331648,0,0,1
products,1048576,shared_unroll2,29,4,942145.750,50331648,0,0,1
products,1048576,schoolbook,29,4,2689958.500,50331648,0,0,1
products,1048576,shared,29,4,944093.750,50331648,0,0,1
products,1048576,flock,30,4,889906.250,50331648,0,0,1
products,1048576,shared_unroll4,30,4,942385.500,50331648,0,0,1
products,1048576,shared,30,4,942198.000,50331648,0,0,1
products,1048576,karatsuba_barrett,30,4,1698250.000,50331648,0,0,1
products,1048576,shared_unroll2,30,4,943479.250,50331648,0,0,1
products,1048576,shared_unroll8,30,4,942385.500,50331648,0,0,1
products,1048576,schoolbook,30,4,2694937.500,50331648,0,0,1
products,1048576,karatsuba,30,4,3156281.250,50331648,0,0,1
products,1048576,scalar_lanes,30,4,963312.500,50331648,0,0,1
products,1048576,scalar_lanes,31,4,970239.500,50331648,0,0,1
products,1048576,shared_unroll8,31,4,928260.250,50331648,0,0,1
products,1048576,flock,31,4,891104.000,50331648,0,0,1
products,1048576,shared_unroll2,31,4,946447.750,50331648,0,0,1
products,1048576,karatsuba,31,4,3109489.500,50331648,0,0,1
products,1048576,schoolbook,31,4,2641000.000,50331648,0,0,1
products,1048576,shared,31,4,987312.500,50331648,0,0,1
products,1048576,shared_unroll4,31,4,941468.750,50331648,0,0,1
products,1048576,karatsuba_barrett,31,4,1702552.250,50331648,0,0,1
products,1048576,flock,32,4,889479.250,50331648,0,0,1
products,1048576,karatsuba_barrett,32,4,1707354.250,50331648,0,0,1
products,1048576,shared_unroll8,32,4,941218.750,50331648,0,0,1
products,1048576,schoolbook,32,4,2656333.250,50331648,0,0,1
products,1048576,shared_unroll2,32,4,949333.250,50331648,0,0,1
products,1048576,karatsuba,32,4,3090646.000,50331648,0,0,1
products,1048576,shared,32,4,946979.000,50331648,0,0,1
products,1048576,scalar_lanes,32,4,889052.250,50331648,0,0,1
products,1048576,shared_unroll4,32,4,943146.000,50331648,0,0,1
products,1048576,karatsuba,33,4,3154104.000,50331648,0,0,1
products,1048576,shared_unroll8,33,4,942593.750,50331648,0,0,1
products,1048576,schoolbook,33,4,2688979.250,50331648,0,0,1
products,1048576,karatsuba_barrett,33,4,1697135.250,50331648,0,0,1
products,1048576,shared,33,4,942156.250,50331648,0,0,1
products,1048576,scalar_lanes,33,4,892864.500,50331648,0,0,1
products,1048576,shared_unroll2,33,4,942833.500,50331648,0,0,1
products,1048576,flock,33,4,890229.000,50331648,0,0,1
products,1048576,shared_unroll4,33,4,945833.250,50331648,0,0,1
products,1048576,schoolbook,34,4,2688406.250,50331648,0,0,1
products,1048576,scalar_lanes,34,4,888635.500,50331648,0,0,1
products,1048576,karatsuba_barrett,34,4,1697916.500,50331648,0,0,1
products,1048576,flock,34,4,912698.000,50331648,0,0,1
products,1048576,karatsuba,34,4,3150833.250,50331648,0,0,1
products,1048576,shared,34,4,945989.500,50331648,0,0,1
products,1048576,shared_unroll8,34,4,943062.500,50331648,0,0,1
products,1048576,shared_unroll4,34,4,942739.750,50331648,0,0,1
products,1048576,shared_unroll2,34,4,941073.000,50331648,0,0,1
products,1048576,schoolbook,35,4,2691479.250,50331648,0,0,1
products,1048576,karatsuba_barrett,35,4,1696854.000,50331648,0,0,1
products,1048576,scalar_lanes,35,4,888781.250,50331648,0,0,1
products,1048576,shared_unroll4,35,4,941145.750,50331648,0,0,1
products,1048576,shared_unroll2,35,4,948531.250,50331648,0,0,1
products,1048576,flock,35,4,890052.250,50331648,0,0,1
products,1048576,shared,35,4,943093.750,50331648,0,0,1
products,1048576,karatsuba,35,4,3148739.750,50331648,0,0,1
products,1048576,shared_unroll8,35,4,941989.500,50331648,0,0,1
products,1048576,shared_unroll4,36,4,943500.000,50331648,0,0,1
products,1048576,karatsuba,36,4,3149927.250,50331648,0,0,1
products,1048576,flock,36,4,887510.500,50331648,0,0,1
products,1048576,shared_unroll2,36,4,944500.000,50331648,0,0,1
products,1048576,karatsuba_barrett,36,4,1694562.500,50331648,0,0,1
products,1048576,scalar_lanes,36,4,893802.250,50331648,0,0,1
products,1048576,schoolbook,36,4,2692500.000,50331648,0,0,1
products,1048576,shared,36,4,943489.750,50331648,0,0,1
products,1048576,shared_unroll8,36,4,943364.750,50331648,0,0,1
products,1048576,schoolbook,37,4,2692218.750,50331648,0,0,1
products,1048576,shared_unroll8,37,4,944197.750,50331648,0,0,1
products,1048576,flock,37,4,891323.000,50331648,0,0,1
products,1048576,karatsuba,37,4,3149312.500,50331648,0,0,1
products,1048576,shared_unroll2,37,4,942500.000,50331648,0,0,1
products,1048576,shared,37,4,944750.000,50331648,0,0,1
products,1048576,scalar_lanes,37,4,892364.500,50331648,0,0,1
products,1048576,shared_unroll4,37,4,941750.000,50331648,0,0,1
products,1048576,karatsuba_barrett,37,4,1697739.500,50331648,0,0,1
products,1048576,scalar_lanes,38,4,888479.000,50331648,0,0,1
products,1048576,shared_unroll8,38,4,943895.750,50331648,0,0,1
products,1048576,shared_unroll2,38,4,947843.750,50331648,0,0,1
products,1048576,karatsuba_barrett,38,4,1694375.000,50331648,0,0,1
products,1048576,shared_unroll4,38,4,943656.250,50331648,0,0,1
products,1048576,shared,38,4,943531.250,50331648,0,0,1
products,1048576,schoolbook,38,4,2692708.250,50331648,0,0,1
products,1048576,flock,38,4,892198.000,50331648,0,0,1
products,1048576,karatsuba,38,4,3151958.500,50331648,0,0,1
products,1048576,karatsuba_barrett,39,4,1694989.500,50331648,0,0,1
products,1048576,shared_unroll2,39,4,943218.750,50331648,0,0,1
products,1048576,scalar_lanes,39,4,890573.000,50331648,0,0,1
products,1048576,schoolbook,39,4,2690156.250,50331648,0,0,1
products,1048576,karatsuba,39,4,3149708.250,50331648,0,0,1
products,1048576,shared,39,4,943979.000,50331648,0,0,1
products,1048576,shared_unroll4,39,4,943083.500,50331648,0,0,1
products,1048576,flock,39,4,890416.750,50331648,0,0,1
products,1048576,shared_unroll8,39,4,943250.000,50331648,0,0,1
products,1048576,flock,40,4,889823.000,50331648,0,0,1
products,1048576,shared,40,4,944937.500,50331648,0,0,1
products,1048576,scalar_lanes,40,4,888187.500,50331648,0,0,1
products,1048576,shared_unroll8,40,4,942989.750,50331648,0,0,1
products,1048576,shared_unroll4,40,4,940260.250,50331648,0,0,1
products,1048576,schoolbook,40,4,2698041.500,50331648,0,0,1
products,1048576,karatsuba_barrett,40,4,1696271.000,50331648,0,0,1
products,1048576,karatsuba,40,4,3149468.750,50331648,0,0,1
products,1048576,shared_unroll2,40,4,942864.750,50331648,0,0,1
products,1048576,karatsuba,41,4,3153593.750,50331648,0,0,1
products,1048576,shared_unroll4,41,4,942791.750,50331648,0,0,1
products,1048576,karatsuba_barrett,41,4,1694656.250,50331648,0,0,1
products,1048576,flock,41,4,889000.000,50331648,0,0,1
products,1048576,schoolbook,41,4,2690750.000,50331648,0,0,1
products,1048576,shared_unroll2,41,4,944385.500,50331648,0,0,1
products,1048576,scalar_lanes,41,4,889948.000,50331648,0,0,1
products,1048576,shared_unroll8,41,4,942489.500,50331648,0,0,1
products,1048576,shared,41,4,946364.750,50331648,0,0,1
products,1048576,shared_unroll8,42,4,942177.000,50331648,0,0,1
products,1048576,shared_unroll2,42,4,944447.750,50331648,0,0,1
products,1048576,flock,42,4,891145.750,50331648,0,0,1
products,1048576,shared_unroll4,42,4,940145.750,50331648,0,0,1
products,1048576,karatsuba,42,4,3141354.250,50331648,0,0,1
products,1048576,shared,42,4,942427.000,50331648,0,0,1
products,1048576,scalar_lanes,42,4,886375.000,50331648,0,0,1
products,1048576,karatsuba_barrett,42,4,1696687.500,50331648,0,0,1
products,1048576,schoolbook,42,4,2757562.500,50331648,0,0,1
products,1048576,shared_unroll4,43,4,942927.000,50331648,0,0,1
products,1048576,karatsuba_barrett,43,4,1698187.500,50331648,0,0,1
products,1048576,shared_unroll8,43,4,944396.000,50331648,0,0,1
products,1048576,schoolbook,43,4,2695250.000,50331648,0,0,1
products,1048576,shared,43,4,947177.000,50331648,0,0,1
products,1048576,flock,43,4,889812.500,50331648,0,0,1
products,1048576,karatsuba,43,4,3150854.250,50331648,0,0,1
products,1048576,shared_unroll2,43,4,944989.500,50331648,0,0,1
products,1048576,scalar_lanes,43,4,890166.750,50331648,0,0,1
products,1048576,shared_unroll8,44,4,947177.000,50331648,0,0,1
products,1048576,schoolbook,44,4,2689646.000,50331648,0,0,1
products,1048576,karatsuba_barrett,44,4,1699458.500,50331648,0,0,1
products,1048576,shared,44,4,947260.250,50331648,0,0,1
products,1048576,flock,44,4,889666.750,50331648,0,0,1
products,1048576,karatsuba,44,4,3150698.000,50331648,0,0,1
products,1048576,shared_unroll4,44,4,946677.000,50331648,0,0,1
products,1048576,scalar_lanes,44,4,889583.500,50331648,0,0,1
products,1048576,shared_unroll2,44,4,940864.500,50331648,0,0,1
products,1048576,shared_unroll4,45,4,942437.500,50331648,0,0,1
products,1048576,schoolbook,45,4,2691521.000,50331648,0,0,1
products,1048576,karatsuba,45,4,3145312.500,50331648,0,0,1
products,1048576,shared_unroll2,45,4,939958.250,50331648,0,0,1
products,1048576,karatsuba_barrett,45,4,1693718.750,50331648,0,0,1
products,1048576,scalar_lanes,45,4,891750.000,50331648,0,0,1
products,1048576,flock,45,4,886896.000,50331648,0,0,1
products,1048576,shared,45,4,942208.250,50331648,0,0,1
products,1048576,shared_unroll8,45,4,947958.500,50331648,0,0,1
products,1048576,shared,46,4,942520.750,50331648,0,0,1
products,1048576,shared_unroll2,46,4,941260.500,50331648,0,0,1
products,1048576,scalar_lanes,46,4,893041.750,50331648,0,0,1
products,1048576,karatsuba,46,4,3153322.750,50331648,0,0,1
products,1048576,shared_unroll4,46,4,943531.250,50331648,0,0,1
products,1048576,flock,46,4,893333.500,50331648,0,0,1
products,1048576,shared_unroll8,46,4,943531.250,50331648,0,0,1
products,1048576,schoolbook,46,4,2691583.500,50331648,0,0,1
products,1048576,karatsuba_barrett,46,4,1699468.750,50331648,0,0,1
products,1048576,karatsuba,47,4,3153156.250,50331648,0,0,1
products,1048576,shared_unroll2,47,4,945604.250,50331648,0,0,1
products,1048576,shared_unroll8,47,4,947114.750,50331648,0,0,1
products,1048576,scalar_lanes,47,4,890781.250,50331648,0,0,1
products,1048576,shared,47,4,947302.000,50331648,0,0,1
products,1048576,flock,47,4,889958.500,50331648,0,0,1
products,1048576,shared_unroll4,47,4,944010.250,50331648,0,0,1
products,1048576,schoolbook,47,4,2692552.000,50331648,0,0,1
products,1048576,karatsuba_barrett,47,4,1695333.250,50331648,0,0,1
products,1048576,scalar_lanes,48,4,891625.000,50331648,0,0,1
products,1048576,shared_unroll4,48,4,951052.000,50331648,0,0,1
products,1048576,karatsuba,48,4,3149625.000,50331648,0,0,1
products,1048576,shared,48,4,945718.750,50331648,0,0,1
products,1048576,karatsuba_barrett,48,4,1695823.000,50331648,0,0,1
products,1048576,shared_unroll2,48,4,945093.750,50331648,0,0,1
products,1048576,schoolbook,48,4,2694146.000,50331648,0,0,1
products,1048576,flock,48,4,890406.250,50331648,0,0,1
products,1048576,shared_unroll8,48,4,944833.250,50331648,0,0,1
products,1048576,schoolbook,49,4,2691739.500,50331648,0,0,1
products,1048576,scalar_lanes,49,4,892646.000,50331648,0,0,1
products,1048576,karatsuba_barrett,49,4,1688843.750,50331648,0,0,1
products,1048576,flock,49,4,888510.250,50331648,0,0,1
products,1048576,shared_unroll4,49,4,944958.500,50331648,0,0,1
products,1048576,shared_unroll8,49,4,947948.000,50331648,0,0,1
products,1048576,karatsuba,49,4,3146802.000,50331648,0,0,1
products,1048576,shared,49,4,948739.500,50331648,0,0,1
products,1048576,shared_unroll2,49,4,942010.250,50331648,0,0,1
products,1048576,schoolbook,50,4,2689760.250,50331648,0,0,1
products,1048576,shared_unroll2,50,4,945562.500,50331648,0,0,1
products,1048576,shared_unroll8,50,4,953010.500,50331648,0,0,1
products,1048576,scalar_lanes,50,4,892635.500,50331648,0,0,1
products,1048576,karatsuba_barrett,50,4,1692239.500,50331648,0,0,1
products,1048576,shared_unroll4,50,4,947156.250,50331648,0,0,1
products,1048576,shared,50,4,949364.750,50331648,0,0,1
products,1048576,flock,50,4,891552.000,50331648,0,0,1
products,1048576,karatsuba,50,4,3144864.500,50331648,0,0,1
products,1048576,shared,51,4,946677.000,50331648,0,0,1
products,1048576,shared_unroll4,51,4,943791.750,50331648,0,0,1
products,1048576,karatsuba,51,4,3146312.500,50331648,0,0,1
products,1048576,karatsuba_barrett,51,4,1754479.250,50331648,0,0,1
products,1048576,shared_unroll2,51,4,964177.000,50331648,0,0,1
products,1048576,flock,51,4,959062.500,50331648,0,0,1
products,1048576,scalar_lanes,51,4,978104.250,50331648,0,0,1
products,1048576,schoolbook,51,4,2655145.750,50331648,0,0,1
products,1048576,shared_unroll8,51,4,930760.500,50331648,0,0,1
products,1048576,shared,52,4,946062.500,50331648,0,0,1
products,1048576,karatsuba,52,4,3162479.250,50331648,0,0,1
products,1048576,schoolbook,52,4,2706812.500,50331648,0,0,1
products,1048576,scalar_lanes,52,4,931104.250,50331648,0,0,1
products,1048576,shared_unroll8,52,4,943854.000,50331648,0,0,1
products,1048576,flock,52,4,893312.500,50331648,0,0,1
products,1048576,shared_unroll2,52,4,959937.500,50331648,0,0,1
products,1048576,shared_unroll4,52,4,958198.000,50331648,0,0,1
products,1048576,karatsuba_barrett,52,4,1691854.250,50331648,0,0,1
products,1048576,shared,53,4,946208.250,50331648,0,0,1
products,1048576,flock,53,4,896031.250,50331648,0,0,1
products,1048576,shared_unroll4,53,4,943125.000,50331648,0,0,1
products,1048576,shared_unroll2,53,4,942187.500,50331648,0,0,1
products,1048576,shared_unroll8,53,4,947281.250,50331648,0,0,1
products,1048576,karatsuba,53,4,3153229.250,50331648,0,0,1
products,1048576,schoolbook,53,4,2721312.500,50331648,0,0,1
products,1048576,scalar_lanes,53,4,899052.000,50331648,0,0,1
products,1048576,karatsuba_barrett,53,4,1700468.750,50331648,0,0,1
products,1048576,shared_unroll8,54,4,942489.750,50331648,0,0,1
products,1048576,shared_unroll2,54,4,952291.750,50331648,0,0,1
products,1048576,scalar_lanes,54,4,891646.000,50331648,0,0,1
products,1048576,karatsuba,54,4,3151416.750,50331648,0,0,1
products,1048576,shared_unroll4,54,4,943229.000,50331648,0,0,1
products,1048576,shared,54,4,970614.750,50331648,0,0,1
products,1048576,schoolbook,54,4,2691406.250,50331648,0,0,1
products,1048576,flock,54,4,893156.250,50331648,0,0,1
products,1048576,karatsuba_barrett,54,4,1696989.500,50331648,0,0,1
products,1048576,flock,55,4,893833.250,50331648,0,0,1
products,1048576,shared_unroll8,55,4,944052.250,50331648,0,0,1
products,1048576,karatsuba,55,4,3157489.750,50331648,0,0,1
products,1048576,shared,55,4,946302.250,50331648,0,0,1
products,1048576,scalar_lanes,55,4,891208.500,50331648,0,0,1
products,1048576,schoolbook,55,4,2689250.000,50331648,0,0,1
products,1048576,karatsuba_barrett,55,4,1693156.250,50331648,0,0,1
products,1048576,shared_unroll2,55,4,939385.500,50331648,0,0,1
products,1048576,shared_unroll4,55,4,941375.000,50331648,0,0,1
products,1048576,karatsuba,56,4,3153385.500,50331648,0,0,1
products,1048576,shared_unroll4,56,4,942510.250,50331648,0,0,1
products,1048576,shared_unroll2,56,4,941968.750,50331648,0,0,1
products,1048576,flock,56,4,886645.750,50331648,0,0,1
products,1048576,karatsuba_barrett,56,4,1694197.750,50331648,0,0,1
products,1048576,scalar_lanes,56,4,890208.250,50331648,0,0,1
products,1048576,shared,56,4,946156.250,50331648,0,0,1
products,1048576,shared_unroll8,56,4,946312.500,50331648,0,0,1
products,1048576,schoolbook,56,4,2685364.500,50331648,0,0,1
products,1048576,karatsuba_barrett,57,4,1697791.500,50331648,0,0,1
products,1048576,scalar_lanes,57,4,891062.500,50331648,0,0,1
products,1048576,shared_unroll4,57,4,943479.250,50331648,0,0,1
products,1048576,shared_unroll2,57,4,941937.500,50331648,0,0,1
products,1048576,flock,57,4,886458.500,50331648,0,0,1
products,1048576,shared_unroll8,57,4,940333.250,50331648,0,0,1
products,1048576,schoolbook,57,4,2683895.750,50331648,0,0,1
products,1048576,karatsuba,57,4,3150427.000,50331648,0,0,1
products,1048576,shared,57,4,943687.500,50331648,0,0,1
products,1048576,scalar_lanes,58,4,888437.500,50331648,0,0,1
products,1048576,shared_unroll4,58,4,946645.750,50331648,0,0,1
products,1048576,shared_unroll8,58,4,944708.250,50331648,0,0,1
products,1048576,karatsuba,58,4,3147520.750,50331648,0,0,1
products,1048576,flock,58,4,893593.750,50331648,0,0,1
products,1048576,shared,58,4,944916.500,50331648,0,0,1
products,1048576,karatsuba_barrett,58,4,1696916.750,50331648,0,0,1
products,1048576,schoolbook,58,4,2692177.000,50331648,0,0,1
products,1048576,shared_unroll2,58,4,943135.250,50331648,0,0,1
products,1048576,shared_unroll8,59,4,946635.250,50331648,0,0,1
products,1048576,schoolbook,59,4,2689312.500,50331648,0,0,1
products,1048576,shared,59,4,944291.500,50331648,0,0,1
products,1048576,karatsuba,59,4,3148687.500,50331648,0,0,1
products,1048576,flock,59,4,889114.500,50331648,0,0,1
products,1048576,shared_unroll4,59,4,946510.250,50331648,0,0,1
products,1048576,karatsuba_barrett,59,4,1697854.000,50331648,0,0,1
products,1048576,scalar_lanes,59,4,890718.750,50331648,0,0,1
products,1048576,shared_unroll2,59,4,944322.750,50331648,0,0,1
products,1048576,shared,60,4,944541.500,50331648,0,0,1
products,1048576,shared_unroll2,60,4,944541.750,50331648,0,0,1
products,1048576,schoolbook,60,4,2687770.750,50331648,0,0,1
products,1048576,shared_unroll8,60,4,947979.250,50331648,0,0,1
products,1048576,karatsuba_barrett,60,4,1692166.750,50331648,0,0,1
products,1048576,shared_unroll4,60,4,945229.250,50331648,0,0,1
products,1048576,flock,60,4,890854.000,50331648,0,0,1
products,1048576,karatsuba,60,4,3152656.250,50331648,0,0,1
products,1048576,scalar_lanes,60,4,892666.500,50331648,0,0,1
products,1048576,shared_unroll8,61,4,944656.250,50331648,0,0,1
products,1048576,scalar_lanes,61,4,889489.750,50331648,0,0,1
products,1048576,schoolbook,61,4,2694937.500,50331648,0,0,1
products,1048576,karatsuba,61,4,3154052.250,50331648,0,0,1
products,1048576,karatsuba_barrett,61,4,1696572.750,50331648,0,0,1
products,1048576,shared,61,4,945291.750,50331648,0,0,1
products,1048576,shared_unroll4,61,4,943583.250,50331648,0,0,1
products,1048576,shared_unroll2,61,4,949771.000,50331648,0,0,1
products,1048576,flock,61,4,890385.250,50331648,0,0,1
products,1048576,karatsuba_barrett,62,4,1699166.750,50331648,0,0,1
products,1048576,karatsuba,62,4,3154760.500,50331648,0,0,1
products,1048576,shared,62,4,943802.000,50331648,0,0,1
products,1048576,shared_unroll4,62,4,950062.500,50331648,0,0,1
products,1048576,shared_unroll2,62,4,946520.750,50331648,0,0,1
products,1048576,shared_unroll8,62,4,946458.500,50331648,0,0,1
products,1048576,schoolbook,62,4,2693781.250,50331648,0,0,1
products,1048576,flock,62,4,889875.000,50331648,0,0,1
products,1048576,scalar_lanes,62,4,900000.000,50331648,0,0,1
products,1048576,karatsuba_barrett,63,4,1745875.000,50331648,0,0,1
products,1048576,karatsuba,63,4,3184802.250,50331648,0,0,1
products,1048576,flock,63,4,905479.250,50331648,0,0,1
products,1048576,shared_unroll4,63,4,945875.000,50331648,0,0,1
products,1048576,shared,63,4,966843.750,50331648,0,0,1
products,1048576,shared_unroll8,63,4,942125.000,50331648,0,0,1
products,1048576,scalar_lanes,63,4,888812.500,50331648,0,0,1
products,1048576,schoolbook,63,4,2677041.750,50331648,0,0,1
products,1048576,shared_unroll2,63,4,936125.000,50331648,0,0,1
butterfly,full_n1024,flock,0,4096,1155.233,65536,0,0,1
butterfly,full_n1024,specialized,0,4096,1088.247,65536,0,0,1
butterfly,full_n1024,scalar_lanes,0,4096,1147.959,65536,0,0,1
butterfly,full_n1024,prepared,0,4096,1107.971,65536,0,0,1
butterfly,full_n1024,shared,0,4096,1156.046,65536,0,0,1
butterfly,full_n1024,flock,1,4096,1159.210,65536,0,0,1
butterfly,full_n1024,specialized,1,4096,1103.688,65536,0,0,1
butterfly,full_n1024,scalar_lanes,1,4096,1158.620,65536,0,0,1
butterfly,full_n1024,shared,1,4096,1158.173,65536,0,0,1
butterfly,full_n1024,prepared,1,4096,1104.248,65536,0,0,1
butterfly,full_n1024,shared,2,4096,1158.773,65536,0,0,1
butterfly,full_n1024,scalar_lanes,2,4096,1153.300,65536,0,0,1
butterfly,full_n1024,specialized,2,4096,1102.122,65536,0,0,1
butterfly,full_n1024,prepared,2,4096,1101.797,65536,0,0,1
butterfly,full_n1024,flock,2,4096,1156.891,65536,0,0,1
butterfly,full_n1024,flock,3,4096,1155.324,65536,0,0,1
butterfly,full_n1024,specialized,3,4096,1103.861,65536,0,0,1
butterfly,full_n1024,prepared,3,4096,1103.526,65536,0,0,1
butterfly,full_n1024,scalar_lanes,3,4096,1156.168,65536,0,0,1
butterfly,full_n1024,shared,3,4096,1155.446,65536,0,0,1
butterfly,full_n1024,flock,4,4096,1155.670,65536,0,0,1
butterfly,full_n1024,prepared,4,4096,1102.203,65536,0,0,1
butterfly,full_n1024,scalar_lanes,4,4096,1156.810,65536,0,0,1
butterfly,full_n1024,shared,4,4096,1155.823,65536,0,0,1
butterfly,full_n1024,specialized,4,4096,1102.590,65536,0,0,1
butterfly,full_n1024,scalar_lanes,5,4096,1155.060,65536,0,0,1
butterfly,full_n1024,shared,5,4096,1155.914,65536,0,0,1
butterfly,full_n1024,flock,5,4096,1155.304,65536,0,0,1
butterfly,full_n1024,specialized,5,4096,1106.089,65536,0,0,1
butterfly,full_n1024,prepared,5,4096,1101.369,65536,0,0,1
butterfly,full_n1024,specialized,6,4096,1103.098,65536,0,0,1
butterfly,full_n1024,flock,6,4096,1154.551,65536,0,0,1
butterfly,full_n1024,prepared,6,4096,1102.264,65536,0,0,1
butterfly,full_n1024,shared,6,4096,1154.246,65536,0,0,1
butterfly,full_n1024,scalar_lanes,6,4096,1159.302,65536,0,0,1
butterfly,full_n1024,flock,7,4096,1172.709,65536,0,0,1
butterfly,full_n1024,shared,7,4096,1171.417,65536,0,0,1
butterfly,full_n1024,specialized,7,4096,1129.252,65536,0,0,1
butterfly,full_n1024,prepared,7,4096,1101.705,65536,0,0,1
butterfly,full_n1024,scalar_lanes,7,4096,1158.926,65536,0,0,1
butterfly,full_n1024,flock,8,4096,1157.328,65536,0,0,1
butterfly,full_n1024,specialized,8,4096,1103.455,65536,0,0,1
butterfly,full_n1024,scalar_lanes,8,4096,1154.439,65536,0,0,1
butterfly,full_n1024,shared,8,4096,1156.362,65536,0,0,1
butterfly,full_n1024,prepared,8,4096,1103.180,65536,0,0,1
butterfly,full_n1024,scalar_lanes,9,4096,1160.177,65536,0,0,1
butterfly,full_n1024,shared,9,4096,1156.352,65536,0,0,1
butterfly,full_n1024,specialized,9,4096,1103.617,65536,0,0,1
butterfly,full_n1024,flock,9,4096,1156.891,65536,0,0,1
butterfly,full_n1024,prepared,9,4096,1102.224,65536,0,0,1
butterfly,full_n1024,shared,10,4096,1156.097,65536,0,0,1
butterfly,full_n1024,specialized,10,4096,1104.116,65536,0,0,1
butterfly,full_n1024,prepared,10,4096,1103.383,65536,0,0,1
butterfly,full_n1024,flock,10,4096,1155.192,65536,0,0,1
butterfly,full_n1024,scalar_lanes,10,4096,1156.494,65536,0,0,1
butterfly,full_n1024,prepared,11,4096,1100.067,65536,0,0,1
butterfly,full_n1024,flock,11,4096,1154.165,65536,0,0,1
butterfly,full_n1024,shared,11,4096,1155.334,65536,0,0,1
butterfly,full_n1024,scalar_lanes,11,4096,1156.820,65536,0,0,1
butterfly,full_n1024,specialized,11,4096,1102.264,65536,0,0,1
butterfly,full_n1024,shared,12,4096,1161.194,65536,0,0,1
butterfly,full_n1024,prepared,12,4096,1102.468,65536,0,0,1
butterfly,full_n1024,flock,12,4096,1157.278,65536,0,0,1
butterfly,full_n1024,scalar_lanes,12,4096,1155.060,65536,0,0,1
butterfly,full_n1024,specialized,12,4096,1101.583,65536,0,0,1
butterfly,full_n1024,prepared,13,4096,1101.308,65536,0,0,1
butterfly,full_n1024,scalar_lanes,13,4096,1154.399,65536,0,0,1
butterfly,full_n1024,shared,13,4096,1156.006,65536,0,0,1
butterfly,full_n1024,flock,13,4096,1155.477,65536,0,0,1
butterfly,full_n1024,specialized,13,4096,1102.335,65536,0,0,1
butterfly,full_n1024,prepared,14,4096,1100.871,65536,0,0,1
butterfly,full_n1024,scalar_lanes,14,4096,1156.626,65536,0,0,1
butterfly,full_n1024,flock,14,4096,1154.602,65536,0,0,1
butterfly,full_n1024,specialized,14,4096,1103.017,65536,0,0,1
butterfly,full_n1024,shared,14,4096,1155.243,65536,0,0,1
butterfly,full_n1024,shared,15,4096,1156.158,65536,0,0,1
butterfly,full_n1024,flock,15,4096,1154.561,65536,0,0,1
butterfly,full_n1024,scalar_lanes,15,4096,1155.436,65536,0,0,1
butterfly,full_n1024,prepared,15,4096,1100.179,65536,0,0,1
butterfly,full_n1024,specialized,15,4096,1105.937,65536,0,0,1
butterfly,full_n1024,prepared,16,4096,1101.735,65536,0,0,1
butterfly,full_n1024,shared,16,4096,1153.829,65536,0,0,1
butterfly,full_n1024,scalar_lanes,16,4096,1155.863,65536,0,0,1
butterfly,full_n1024,flock,16,4096,1158.315,65536,0,0,1
butterfly,full_n1024,specialized,16,4096,1106.303,65536,0,0,1
butterfly,full_n1024,prepared,17,4096,1101.481,65536,0,0,1
butterfly,full_n1024,scalar_lanes,17,4096,1155.334,65536,0,0,1
butterfly,full_n1024,specialized,17,4096,1102.803,65536,0,0,1
butterfly,full_n1024,shared,17,4096,1156.423,65536,0,0,1
butterfly,full_n1024,flock,17,4096,1156.403,65536,0,0,1
butterfly,full_n1024,scalar_lanes,18,4096,1156.596,65536,0,0,1
butterfly,full_n1024,shared,18,4096,1154.541,65536,0,0,1
butterfly,full_n1024,flock,18,4096,1156.118,65536,0,0,1
butterfly,full_n1024,specialized,18,4096,1102.092,65536,0,0,1
butterfly,full_n1024,prepared,18,4096,1103.363,65536,0,0,1
butterfly,full_n1024,specialized,19,4096,1102.875,65536,0,0,1
butterfly,full_n1024,flock,19,4096,1154.978,65536,0,0,1
butterfly,full_n1024,scalar_lanes,19,4096,1157.501,65536,0,0,1
butterfly,full_n1024,shared,19,4096,1155.009,65536,0,0,1
butterfly,full_n1024,prepared,19,4096,1102.417,65536,0,0,1
butterfly,full_n1024,prepared,20,4096,1100.891,65536,0,0,1
butterfly,full_n1024,shared,20,4096,1155.731,65536,0,0,1
butterfly,full_n1024,specialized,20,4096,1102.661,65536,0,0,1
butterfly,full_n1024,flock,20,4096,1155.283,65536,0,0,1
butterfly,full_n1024,scalar_lanes,20,4096,1155.029,65536,0,0,1
butterfly,full_n1024,flock,21,4096,1156.840,65536,0,0,1
butterfly,full_n1024,specialized,21,4096,1104.686,65536,0,0,1
butterfly,full_n1024,shared,21,4096,1155.121,65536,0,0,1
butterfly,full_n1024,scalar_lanes,21,4096,1156.281,65536,0,0,1
butterfly,full_n1024,prepared,21,4096,1105.113,65536,0,0,1
butterfly,full_n1024,scalar_lanes,22,4096,1157.196,65536,0,0,1
butterfly,full_n1024,shared,22,4096,1154.531,65536,0,0,1
butterfly,full_n1024,prepared,22,4096,1102.671,65536,0,0,1
butterfly,full_n1024,specialized,22,4096,1102.763,65536,0,0,1
butterfly,full_n1024,flock,22,4096,1155.436,65536,0,0,1
butterfly,full_n1024,flock,23,4096,1154.419,65536,0,0,1
butterfly,full_n1024,prepared,23,4096,1102.051,65536,0,0,1
butterfly,full_n1024,specialized,23,4096,1101.542,65536,0,0,1
butterfly,full_n1024,scalar_lanes,23,4096,1156.067,65536,0,0,1
butterfly,full_n1024,shared,23,4096,1154.612,65536,0,0,1
butterfly,full_n1024,scalar_lanes,24,4096,1160.217,65536,0,0,1
butterfly,full_n1024,specialized,24,4096,1104.523,65536,0,0,1
butterfly,full_n1024,prepared,24,4096,1100.260,65536,0,0,1
butterfly,full_n1024,shared,24,4096,1155.457,65536,0,0,1
butterfly,full_n1024,flock,24,4096,1154.877,65536,0,0,1
butterfly,full_n1024,scalar_lanes,25,4096,1155.813,65536,0,0,1
butterfly,full_n1024,shared,25,4096,1154.490,65536,0,0,1
butterfly,full_n1024,flock,25,4096,1154.755,65536,0,0,1
butterfly,full_n1024,specialized,25,4096,1102.936,65536,0,0,1
butterfly,full_n1024,prepared,25,4096,1102.600,65536,0,0,1
butterfly,full_n1024,shared,26,4096,1154.724,65536,0,0,1
butterfly,full_n1024,prepared,26,4096,1100.627,65536,0,0,1
butterfly,full_n1024,scalar_lanes,26,4096,1154.755,65536,0,0,1
butterfly,full_n1024,specialized,26,4096,1103.251,65536,0,0,1
butterfly,full_n1024,flock,26,4096,1154.175,65536,0,0,1
butterfly,full_n1024,scalar_lanes,27,4096,1155.874,65536,0,0,1
butterfly,full_n1024,specialized,27,4096,1102.610,65536,0,0,1
butterfly,full_n1024,prepared,27,4096,1101.410,65536,0,0,1
butterfly,full_n1024,shared,27,4096,1154.541,65536,0,0,1
butterfly,full_n1024,flock,27,4096,1154.948,65536,0,0,1
butterfly,full_n1024,prepared,28,4096,1102.020,65536,0,0,1
butterfly,full_n1024,flock,28,4096,1154.724,65536,0,0,1
butterfly,full_n1024,specialized,28,4096,1102.936,65536,0,0,1
butterfly,full_n1024,shared,28,4096,1154.287,65536,0,0,1
butterfly,full_n1024,scalar_lanes,28,4096,1156.332,65536,0,0,1
butterfly,full_n1024,prepared,29,4096,1101.206,65536,0,0,1
butterfly,full_n1024,scalar_lanes,29,4096,1155.050,65536,0,0,1
butterfly,full_n1024,shared,29,4096,1154.572,65536,0,0,1
butterfly,full_n1024,flock,29,4096,1156.392,65536,0,0,1
butterfly,full_n1024,specialized,29,4096,1103.109,65536,0,0,1
butterfly,full_n1024,prepared,30,4096,1100.372,65536,0,0,1
butterfly,full_n1024,flock,30,4096,1155.538,65536,0,0,1
butterfly,full_n1024,specialized,30,4096,1102.061,65536,0,0,1
butterfly,full_n1024,shared,30,4096,1155.589,65536,0,0,1
butterfly,full_n1024,scalar_lanes,30,4096,1154.388,65536,0,0,1
butterfly,full_n1024,flock,31,4096,1156.260,65536,0,0,1
butterfly,full_n1024,scalar_lanes,31,4096,1155.253,65536,0,0,1
butterfly,full_n1024,prepared,31,4096,1101.288,65536,0,0,1
butterfly,full_n1024,shared,31,4096,1155.080,65536,0,0,1
butterfly,full_n1024,specialized,31,4096,1105.153,65536,0,0,1
butterfly,full_n1024,scalar_lanes,32,4096,1155.070,65536,0,0,1
butterfly,full_n1024,flock,32,4096,1154.521,65536,0,0,1
butterfly,full_n1024,specialized,32,4096,1102.275,65536,0,0,1
butterfly,full_n1024,prepared,32,4096,1102.031,65536,0,0,1
butterfly,full_n1024,shared,32,4096,1154.917,65536,0,0,1
butterfly,full_n1024,flock,33,4096,1153.951,65536,0,0,1
butterfly,full_n1024,prepared,33,4096,1101.736,65536,0,0,1
butterfly,full_n1024,scalar_lanes,33,4096,1155.731,65536,0,0,1
butterfly,full_n1024,specialized,33,4096,1102.305,65536,0,0,1
butterfly,full_n1024,shared,33,4096,1153.778,65536,0,0,1
butterfly,full_n1024,specialized,34,4096,1102.824,65536,0,0,1
butterfly,full_n1024,scalar_lanes,34,4096,1156.087,65536,0,0,1
butterfly,full_n1024,shared,34,4096,1156.128,65536,0,0,1
butterfly,full_n1024,flock,34,4096,1154.236,65536,0,0,1
butterfly,full_n1024,prepared,34,4096,1102.763,65536,0,0,1
butterfly,full_n1024,scalar_lanes,35,4096,1155.355,65536,0,0,1
butterfly,full_n1024,specialized,35,4096,1102.987,65536,0,0,1
butterfly,full_n1024,flock,35,4096,1154.277,65536,0,0,1
butterfly,full_n1024,prepared,35,4096,1101.094,65536,0,0,1
butterfly,full_n1024,shared,35,4096,1154.978,65536,0,0,1
butterfly,full_n1024,shared,36,4096,1154.683,65536,0,0,1
butterfly,full_n1024,specialized,36,4096,1102.885,65536,0,0,1
butterfly,full_n1024,scalar_lanes,36,4096,1153.941,65536,0,0,1
butterfly,full_n1024,flock,36,4096,1155.345,65536,0,0,1
butterfly,full_n1024,prepared,36,4096,1101.532,65536,0,0,1
butterfly,full_n1024,scalar_lanes,37,4096,1155.426,65536,0,0,1
butterfly,full_n1024,prepared,37,4096,1100.271,65536,0,0,1
butterfly,full_n1024,specialized,37,4096,1102.173,65536,0,0,1
butterfly,full_n1024,shared,37,4096,1154.683,65536,0,0,1
butterfly,full_n1024,flock,37,4096,1155.874,65536,0,0,1
butterfly,full_n1024,specialized,38,4096,1102.051,65536,0,0,1
butterfly,full_n1024,shared,38,4096,1154.968,65536,0,0,1
butterfly,full_n1024,scalar_lanes,38,4096,1154.877,65536,0,0,1
butterfly,full_n1024,prepared,38,4096,1103.302,65536,0,0,1
butterfly,full_n1024,flock,38,4096,1154.653,65536,0,0,1
butterfly,full_n1024,specialized,39,4096,1101.430,65536,0,0,1
butterfly,full_n1024,shared,39,4096,1155.111,65536,0,0,1
butterfly,full_n1024,scalar_lanes,39,4096,1155.070,65536,0,0,1
butterfly,full_n1024,prepared,39,4096,1102.254,65536,0,0,1
butterfly,full_n1024,flock,39,4096,1154.276,65536,0,0,1
butterfly,full_n1024,specialized,40,4096,1102.570,65536,0,0,1
butterfly,full_n1024,prepared,40,4096,1101.451,65536,0,0,1
butterfly,full_n1024,scalar_lanes,40,4096,1157.603,65536,0,0,1
butterfly,full_n1024,flock,40,4096,1155.355,65536,0,0,1
butterfly,full_n1024,shared,40,4096,1155.263,65536,0,0,1
butterfly,full_n1024,scalar_lanes,41,4096,1155.111,65536,0,0,1
butterfly,full_n1024,flock,41,4096,1155.996,65536,0,0,1
butterfly,full_n1024,specialized,41,4096,1102.193,65536,0,0,1
butterfly,full_n1024,shared,41,4096,1154.877,65536,0,0,1
butterfly,full_n1024,prepared,41,4096,1101.410,65536,0,0,1
butterfly,full_n1024,shared,42,4096,1154.846,65536,0,0,1
butterfly,full_n1024,prepared,42,4096,1102.356,65536,0,0,1
butterfly,full_n1024,flock,42,4096,1154.724,65536,0,0,1
butterfly,full_n1024,scalar_lanes,42,4096,1155.619,65536,0,0,1
butterfly,full_n1024,specialized,42,4096,1102.529,65536,0,0,1
butterfly,full_n1024,specialized,43,4096,1106.995,65536,0,0,1
butterfly,full_n1024,shared,43,4096,1159.231,65536,0,0,1
butterfly,full_n1024,scalar_lanes,43,4096,1161.367,65536,0,0,1
butterfly,full_n1024,prepared,43,4096,1100.657,65536,0,0,1
butterfly,full_n1024,flock,43,4096,1155.741,65536,0,0,1
butterfly,full_n1024,prepared,44,4096,1101.339,65536,0,0,1
butterfly,full_n1024,flock,44,4096,1155.792,65536,0,0,1
butterfly,full_n1024,specialized,44,4096,1102.814,65536,0,0,1
butterfly,full_n1024,scalar_lanes,44,4096,1157.481,65536,0,0,1
butterfly,full_n1024,shared,44,4096,1155.111,65536,0,0,1
butterfly,full_n1024,shared,45,4096,1154.561,65536,0,0,1
butterfly,full_n1024,prepared,45,4096,1102.061,65536,0,0,1
butterfly,full_n1024,specialized,45,4096,1101.827,65536,0,0,1
butterfly,full_n1024,flock,45,4096,1155.568,65536,0,0,1
butterfly,full_n1024,scalar_lanes,45,4096,1154.439,65536,0,0,1
butterfly,full_n1024,specialized,46,4096,1103.343,65536,0,0,1
butterfly,full_n1024,prepared,46,4096,1102.020,65536,0,0,1
butterfly,full_n1024,scalar_lanes,46,4096,1157.176,65536,0,0,1
butterfly,full_n1024,shared,46,4096,1153.961,65536,0,0,1
butterfly,full_n1024,flock,46,4096,1156.576,65536,0,0,1
butterfly,full_n1024,flock,47,4096,1154.541,65536,0,0,1
butterfly,full_n1024,specialized,47,4096,1104.879,65536,0,0,1
butterfly,full_n1024,prepared,47,4096,1101.227,65536,0,0,1
butterfly,full_n1024,shared,47,4096,1153.727,65536,0,0,1
butterfly,full_n1024,scalar_lanes,47,4096,1157.959,65536,0,0,1
butterfly,full_n1024,flock,48,4096,1154.633,65536,0,0,1
butterfly,full_n1024,specialized,48,4096,1102.071,65536,0,0,1
butterfly,full_n1024,shared,48,4096,1156.209,65536,0,0,1
butterfly,full_n1024,prepared,48,4096,1102.254,65536,0,0,1
butterfly,full_n1024,scalar_lanes,48,4096,1154.958,65536,0,0,1
butterfly,full_n1024,prepared,49,4096,1101.207,65536,0,0,1
butterfly,full_n1024,specialized,49,4096,1102.356,65536,0,0,1
butterfly,full_n1024,flock,49,4096,1155.863,65536,0,0,1
butterfly,full_n1024,scalar_lanes,49,4096,1154.938,65536,0,0,1
butterfly,full_n1024,shared,49,4096,1155.202,65536,0,0,1
butterfly,full_n1024,specialized,50,4096,1102.153,65536,0,0,1
butterfly,full_n1024,shared,50,4096,1156.769,65536,0,0,1
butterfly,full_n1024,flock,50,4096,1154.826,65536,0,0,1
butterfly,full_n1024,scalar_lanes,50,4096,1154.510,65536,0,0,1
butterfly,full_n1024,prepared,50,4096,1102.041,65536,0,0,1
butterfly,full_n1024,specialized,51,4096,1102.244,65536,0,0,1
butterfly,full_n1024,scalar_lanes,51,4096,1155.690,65536,0,0,1
butterfly,full_n1024,prepared,51,4096,1100.454,65536,0,0,1
butterfly,full_n1024,shared,51,4096,1155.334,65536,0,0,1
butterfly,full_n1024,flock,51,4096,1155.487,65536,0,0,1
butterfly,full_n1024,flock,52,4096,1156.168,65536,0,0,1
butterfly,full_n1024,specialized,52,4096,1102.285,65536,0,0,1
butterfly,full_n1024,prepared,52,4096,1101.624,65536,0,0,1
butterfly,full_n1024,shared,52,4096,1154.561,65536,0,0,1
butterfly,full_n1024,scalar_lanes,52,4096,1155.833,65536,0,0,1
butterfly,full_n1024,scalar_lanes,53,4096,1154.470,65536,0,0,1
butterfly,full_n1024,flock,53,4096,1155.925,65536,0,0,1
butterfly,full_n1024,shared,53,4096,1155.731,65536,0,0,1
butterfly,full_n1024,prepared,53,4096,1101.369,65536,0,0,1
butterfly,full_n1024,specialized,53,4096,1103.668,65536,0,0,1
butterfly,full_n1024,flock,54,4096,1156.657,65536,0,0,1
butterfly,full_n1024,shared,54,4096,1155.741,65536,0,0,1
butterfly,full_n1024,prepared,54,4096,1101.359,65536,0,0,1
butterfly,full_n1024,scalar_lanes,54,4096,1157.206,65536,0,0,1
butterfly,full_n1024,specialized,54,4096,1102.173,65536,0,0,1
butterfly,full_n1024,prepared,55,4096,1102.244,65536,0,0,1
butterfly,full_n1024,flock,55,4096,1154.622,65536,0,0,1
butterfly,full_n1024,specialized,55,4096,1102.275,65536,0,0,1
butterfly,full_n1024,shared,55,4096,1154.663,65536,0,0,1
butterfly,full_n1024,scalar_lanes,55,4096,1155.945,65536,0,0,1
butterfly,full_n1024,specialized,56,4096,1102.834,65536,0,0,1
butterfly,full_n1024,shared,56,4096,1157.216,65536,0,0,1
butterfly,full_n1024,prepared,56,4096,1101.105,65536,0,0,1
butterfly,full_n1024,scalar_lanes,56,4096,1154.938,65536,0,0,1
butterfly,full_n1024,flock,56,4096,1155.812,65536,0,0,1
butterfly,full_n1024,prepared,57,4096,1100.708,65536,0,0,1
butterfly,full_n1024,specialized,57,4096,1102.997,65536,0,0,1
butterfly,full_n1024,scalar_lanes,57,4096,1156.484,65536,0,0,1
butterfly,full_n1024,flock,57,4096,1157.033,65536,0,0,1
butterfly,full_n1024,shared,57,4096,1154.826,65536,0,0,1
butterfly,full_n1024,shared,58,4096,1156.047,65536,0,0,1
butterfly,full_n1024,flock,58,4096,1154.948,65536,0,0,1
butterfly,full_n1024,specialized,58,4096,1101.857,65536,0,0,1
butterfly,full_n1024,prepared,58,4096,1100.016,65536,0,0,1
butterfly,full_n1024,scalar_lanes,58,4096,1155.365,65536,0,0,1
butterfly,full_n1024,prepared,59,4096,1101.390,65536,0,0,1
butterfly,full_n1024,specialized,59,4096,1102.671,65536,0,0,1
butterfly,full_n1024,flock,59,4096,1155.701,65536,0,0,1
butterfly,full_n1024,scalar_lanes,59,4096,1155.019,65536,0,0,1
butterfly,full_n1024,shared,59,4096,1154.979,65536,0,0,1
butterfly,full_n1024,specialized,60,4096,1102.427,65536,0,0,1
butterfly,full_n1024,shared,60,4096,1155.111,65536,0,0,1
butterfly,full_n1024,scalar_lanes,60,4096,1155.263,65536,0,0,1
butterfly,full_n1024,prepared,60,4096,1103.994,65536,0,0,1
butterfly,full_n1024,flock,60,4096,1152.924,65536,0,0,1
butterfly,full_n1024,flock,61,4096,1155.100,65536,0,0,1
butterfly,full_n1024,prepared,61,4096,1101.339,65536,0,0,1
butterfly,full_n1024,scalar_lanes,61,4096,1155.365,65536,0,0,1
butterfly,full_n1024,specialized,61,4096,1102.214,65536,0,0,1
butterfly,full_n1024,shared,61,4096,1157.023,65536,0,0,1
butterfly,full_n1024,prepared,62,4096,1101.349,65536,0,0,1
butterfly,full_n1024,specialized,62,4096,1101.105,65536,0,0,1
butterfly,full_n1024,flock,62,4096,1167.206,65536,0,0,1
butterfly,full_n1024,shared,62,4096,1177.206,65536,0,0,1
butterfly,full_n1024,scalar_lanes,62,4096,1209.086,65536,0,0,1
butterfly,full_n1024,flock,63,4096,1207.428,65536,0,0,1
butterfly,full_n1024,specialized,63,4096,1122.406,65536,0,0,1
butterfly,full_n1024,scalar_lanes,63,4096,1159.200,65536,0,0,1
butterfly,full_n1024,shared,63,4096,1157.237,65536,0,0,1
butterfly,full_n1024,prepared,63,4096,1102.315,65536,0,0,1
fixed,full_n65536,specialized,0,64,47233.062,2097152,0,0,1
fixed,full_n65536,prepared,0,64,47249.344,2097152,0,0,1
fixed,full_n65536,scalar_lanes,0,64,52662.766,2097152,0,0,1
fixed,full_n65536,shared,0,64,54315.750,2097152,0,0,1
fixed,full_n65536,flock,0,64,52595.703,2097152,0,0,1
fixed,full_n65536,flock,1,64,52763.031,2097152,0,0,1
fixed,full_n65536,scalar_lanes,1,64,52800.781,2097152,0,0,1
fixed,full_n65536,specialized,1,64,47336.594,2097152,0,0,1
fixed,full_n65536,prepared,1,64,47351.562,2097152,0,0,1
fixed,full_n65536,shared,1,64,53939.453,2097152,0,0,1
fixed,full_n65536,flock,2,64,52543.625,2097152,0,0,1
fixed,full_n65536,scalar_lanes,2,64,52656.906,2097152,0,0,1
fixed,full_n65536,specialized,2,64,47257.156,2097152,0,0,1
fixed,full_n65536,prepared,2,64,47321.609,2097152,0,0,1
fixed,full_n65536,shared,2,64,54551.438,2097152,0,0,1
fixed,full_n65536,specialized,3,64,47094.391,2097152,0,0,1
fixed,full_n65536,flock,3,64,52686.844,2097152,0,0,1
fixed,full_n65536,scalar_lanes,3,64,52766.266,2097152,0,0,1
fixed,full_n65536,shared,3,64,54225.266,2097152,0,0,1
fixed,full_n65536,prepared,3,64,47196.609,2097152,0,0,1
fixed,full_n65536,shared,4,64,53961.578,2097152,0,0,1
fixed,full_n65536,specialized,4,64,47341.156,2097152,0,0,1
fixed,full_n65536,prepared,4,64,48414.062,2097152,0,0,1
fixed,full_n65536,flock,4,64,53320.969,2097152,0,0,1
fixed,full_n65536,scalar_lanes,4,64,52776.703,2097152,0,0,1
fixed,full_n65536,specialized,5,64,47208.328,2097152,0,0,1
fixed,full_n65536,shared,5,64,53796.219,2097152,0,0,1
fixed,full_n65536,scalar_lanes,5,64,52591.141,2097152,0,0,1
fixed,full_n65536,flock,5,64,52699.219,2097152,0,0,1
fixed,full_n65536,prepared,5,64,47236.328,2097152,0,0,1
fixed,full_n65536,flock,6,64,52549.484,2097152,0,0,1
fixed,full_n65536,prepared,6,64,47193.359,2097152,0,0,1
fixed,full_n65536,specialized,6,64,47207.688,2097152,0,0,1
fixed,full_n65536,scalar_lanes,6,64,52562.500,2097152,0,0,1
fixed,full_n65536,shared,6,64,53723.297,2097152,0,0,1
fixed,full_n65536,flock,7,64,52492.188,2097152,0,0,1
fixed,full_n65536,specialized,7,64,47216.156,2097152,0,0,1
fixed,full_n65536,scalar_lanes,7,64,52563.797,2097152,0,0,1
fixed,full_n65536,prepared,7,64,47772.141,2097152,0,0,1
fixed,full_n65536,shared,7,64,53863.938,2097152,0,0,1
fixed,full_n65536,prepared,8,64,47304.047,2097152,0,0,1
fixed,full_n65536,flock,8,64,52581.375,2097152,0,0,1
fixed,full_n65536,shared,8,64,53648.438,2097152,0,0,1
fixed,full_n65536,scalar_lanes,8,64,52701.172,2097152,0,0,1
fixed,full_n65536,specialized,8,64,47180.328,2097152,0,0,1
fixed,full_n65536,prepared,9,64,47284.500,2097152,0,0,1
fixed,full_n65536,specialized,9,64,47338.547,2097152,0,0,1
fixed,full_n65536,flock,9,64,52695.969,2097152,0,0,1
fixed,full_n65536,shared,9,64,54175.781,2097152,0,0,1
fixed,full_n65536,scalar_lanes,9,64,52708.984,2097152,0,0,1
fixed,full_n65536,flock,10,64,52783.859,2097152,0,0,1
fixed,full_n65536,specialized,10,64,47395.844,2097152,0,0,1
fixed,full_n65536,shared,10,64,54326.172,2097152,0,0,1
fixed,full_n65536,scalar_lanes,10,64,52598.297,2097152,0,0,1
fixed,full_n65536,prepared,10,64,47358.719,2097152,0,0,1
fixed,full_n65536,scalar_lanes,11,64,52720.047,2097152,0,0,1
fixed,full_n65536,flock,11,64,52623.047,2097152,0,0,1
fixed,full_n65536,prepared,11,64,47301.438,2097152,0,0,1
fixed,full_n65536,specialized,11,64,47348.953,2097152,0,0,1
fixed,full_n65536,shared,11,64,54495.453,2097152,0,0,1
fixed,full_n65536,shared,12,64,54611.969,2097152,0,0,1
fixed,full_n65536,flock,12,64,52600.922,2097152,0,0,1
fixed,full_n65536,prepared,12,64,47264.328,2097152,0,0,1
fixed,full_n65536,scalar_lanes,12,64,52658.859,2097152,0,0,1
fixed,full_n65536,specialized,12,64,47324.875,2097152,0,0,1
fixed,full_n65536,specialized,13,64,47253.250,2097152,0,0,1
fixed,full_n65536,shared,13,64,54448.562,2097152,0,0,1
fixed,full_n65536,scalar_lanes,13,64,52644.531,2097152,0,0,1
fixed,full_n65536,prepared,13,64,47233.078,2097152,0,0,1
fixed,full_n65536,flock,13,64,52567.703,2097152,0,0,1
fixed,full_n65536,flock,14,64,52629.562,2097152,0,0,1
fixed,full_n65536,prepared,14,64,47212.234,2097152,0,0,1
fixed,full_n65536,scalar_lanes,14,64,52447.266,2097152,0,0,1
fixed,full_n65536,shared,14,64,54320.312,2097152,0,0,1
fixed,full_n65536,specialized,14,64,47241.531,2097152,0,0,1
fixed,full_n65536,scalar_lanes,15,64,52595.703,2097152,0,0,1
fixed,full_n65536,flock,15,64,52589.844,2097152,0,0,1
fixed,full_n65536,specialized,15,64,47297.531,2097152,0,0,1
fixed,full_n65536,shared,15,64,54610.031,2097152,0,0,1
fixed,full_n65536,prepared,15,64,47306.000,2097152,0,0,1
fixed,full_n65536,flock,16,64,52676.438,2097152,0,0,1
fixed,full_n65536,scalar_lanes,16,64,52589.844,2097152,0,0,1
fixed,full_n65536,specialized,16,64,47213.531,2097152,0,0,1
fixed,full_n65536,prepared,16,64,47228.516,2097152,0,0,1
fixed,full_n65536,shared,16,64,54587.891,2097152,0,0,1
fixed,full_n65536,flock,17,64,52540.359,2097152,0,0,1
fixed,full_n65536,specialized,17,64,47302.078,2097152,0,0,1
fixed,full_n65536,shared,17,64,53860.031,2097152,0,0,1
fixed,full_n65536,scalar_lanes,17,64,52605.469,2097152,0,0,1
fixed,full_n65536,prepared,17,64,47133.453,2097152,0,0,1
fixed,full_n65536,specialized,18,64,46998.703,2097152,0,0,1
fixed,full_n65536,flock,18,64,52557.297,2097152,0,0,1
fixed,full_n65536,scalar_lanes,18,64,52550.781,2097152,0,0,1
fixed,full_n65536,shared,18,64,54123.047,2097152,0,0,1
fixed,full_n65536,prepared,18,64,47212.234,2097152,0,0,1
fixed,full_n65536,flock,19,64,52623.688,2097152,0,0,1
fixed,full_n65536,prepared,19,64,47193.359,2097152,0,0,1
fixed,full_n65536,specialized,19,64,47173.172,2097152,0,0,1
fixed,full_n65536,shared,19,64,54403.000,2097152,0,0,1
fixed,full_n65536,scalar_lanes,19,64,52521.484,2097152,0,0,1
fixed,full_n65536,shared,20,64,54128.250,2097152,0,0,1
fixed,full_n65536,scalar_lanes,20,64,52675.141,2097152,0,0,1
fixed,full_n65536,flock,20,64,52567.062,2097152,0,0,1
fixed,full_n65536,prepared,20,64,47094.391,2097152,0,0,1
fixed,full_n65536,specialized,20,64,47290.375,2097152,0,0,1
fixed,full_n65536,specialized,21,64,47136.062,2097152,0,0,1
fixed,full_n65536,scalar_lanes,21,64,52622.391,2097152,0,0,1
fixed,full_n65536,flock,21,64,52677.734,2097152,0,0,1
fixed,full_n65536,prepared,21,64,47315.766,2097152,0,0,1
fixed,full_n65536,shared,21,64,54187.500,2097152,0,0,1
fixed,full_n65536,specialized,22,64,47085.281,2097152,0,0,1
fixed,full_n65536,scalar_lanes,22,64,52523.438,2097152,0,0,1
fixed,full_n65536,flock,22,64,53270.188,2097152,0,0,1
fixed,full_n65536,shared,22,64,55708.328,2097152,0,0,1
fixed,full_n65536,prepared,22,64,48059.891,2097152,0,0,1
fixed,full_n65536,specialized,23,64,47211.578,2097152,0,0,1
fixed,full_n65536,flock,23,64,52622.391,2097152,0,0,1
fixed,full_n65536,scalar_lanes,23,64,52824.859,2097152,0,0,1
fixed,full_n65536,prepared,23,64,47231.766,2097152,0,0,1
fixed,full_n65536,shared,23,64,54007.172,2097152,0,0,1
fixed,full_n65536,scalar_lanes,24,64,52589.188,2097152,0,0,1
fixed,full_n65536,flock,24,64,52554.031,2097152,0,0,1
fixed,full_n65536,shared,24,64,54365.875,2097152,0,0,1
fixed,full_n65536,specialized,24,64,47186.844,2097152,0,0,1
fixed,full_n65536,prepared,24,64,48388.016,2097152,0,0,1
fixed,full_n65536,flock,25,64,53000.000,2097152,0,0,1
fixed,full_n65536,specialized,25,64,46670.562,2097152,0,0,1
fixed,full_n65536,scalar_lanes,25,64,52448.578,2097152,0,0,1
fixed,full_n65536,shared,25,64,53899.094,2097152,0,0,1
fixed,full_n65536,prepared,25,64,47532.562,2097152,0,0,1
fixed,full_n65536,specialized,26,64,47244.797,2097152,0,0,1
fixed,full_n65536,shared,26,64,52992.844,2097152,0,0,1
fixed,full_n65536,prepared,26,64,46500.656,2097152,0,0,1
fixed,full_n65536,scalar_lanes,26,64,51902.344,2097152,0,0,1
fixed,full_n65536,flock,26,64,52548.172,2097152,0,0,1
fixed,full_n65536,shared,27,64,54245.453,2097152,0,0,1
fixed,full_n65536,flock,27,64,51605.469,2097152,0,0,1
fixed,full_n65536,specialized,27,64,46899.750,2097152,0,0,1
fixed,full_n65536,scalar_lanes,27,64,52673.172,2097152,0,0,1
fixed,full_n65536,prepared,27,64,47234.375,2097152,0,0,1
fixed,full_n65536,specialized,28,64,47274.094,2097152,0,0,1
fixed,full_n65536,shared,28,64,54591.141,2097152,0,0,1
fixed,full_n65536,flock,28,64,52583.984,2097152,0,0,1
fixed,full_n65536,prepared,28,64,47162.109,2097152,0,0,1
fixed,full_n65536,scalar_lanes,28,64,52591.141,2097152,0,0,1
fixed,full_n65536,specialized,29,64,47274.734,2097152,0,0,1
fixed,full_n65536,prepared,29,64,47233.062,2097152,0,0,1
fixed,full_n65536,shared,29,64,54813.141,2097152,0,0,1
fixed,full_n65536,flock,29,64,52557.938,2097152,0,0,1
fixed,full_n65536,scalar_lanes,29,64,52593.094,2097152,0,0,1
fixed,full_n65536,shared,30,64,54047.531,2097152,0,0,1
fixed,full_n65536,specialized,30,64,47195.312,2097152,0,0,1
fixed,full_n65536,scalar_lanes,30,64,52667.328,2097152,0,0,1
fixed,full_n65536,flock,30,64,52669.922,2097152,0,0,1
fixed,full_n65536,prepared,30,64,47227.859,2097152,0,0,1
fixed,full_n65536,shared,31,64,54509.766,2097152,0,0,1
fixed,full_n65536,scalar_lanes,31,64,52514.328,2097152,0,0,1
fixed,full_n65536,prepared,31,64,47259.766,2097152,0,0,1
fixed,full_n65536,flock,31,64,52641.922,2097152,0,0,1
fixed,full_n65536,specialized,31,64,47166.672,2097152,0,0,1
fixed,full_n65536,prepared,32,64,47339.844,2097152,0,0,1
fixed,full_n65536,flock,32,64,52689.453,2097152,0,0,1
fixed,full_n65536,shared,32,64,54061.188,2097152,0,0,1
fixed,full_n65536,specialized,32,64,47315.750,2097152,0,0,1
fixed,full_n65536,scalar_lanes,32,64,52661.469,2097152,0,0,1
fixed,full_n65536,specialized,33,64,47246.094,2097152,0,0,1
fixed,full_n65536,prepared,33,64,47091.156,2097152,0,0,1
fixed,full_n65536,flock,33,64,52636.078,2097152,0,0,1
fixed,full_n65536,scalar_lanes,33,64,52623.047,2097152,0,0,1
fixed,full_n65536,shared,33,64,53804.688,2097152,0,0,1
fixed,full_n65536,flock,34,64,52545.578,2097152,0,0,1
fixed,full_n65536,specialized,34,64,47813.797,2097152,0,0,1
fixed,full_n65536,shared,34,64,54305.984,2097152,0,0,1
fixed,full_n65536,scalar_lanes,34,64,52535.797,2097152,0,0,1
fixed,full_n65536,prepared,34,64,48309.234,2097152,0,0,1
fixed,full_n65536,scalar_lanes,35,64,53925.125,2097152,0,0,1
fixed,full_n65536,specialized,35,64,48613.281,2097152,0,0,1
fixed,full_n65536,shared,35,64,53996.094,2097152,0,0,1
fixed,full_n65536,flock,35,64,52555.984,2097152,0,0,1
fixed,full_n65536,prepared,35,64,47306.000,2097152,0,0,1
fixed,full_n65536,flock,36,64,52697.906,2097152,0,0,1
fixed,full_n65536,prepared,36,64,47252.609,2097152,0,0,1
fixed,full_n65536,scalar_lanes,36,64,52504.562,2097152,0,0,1
fixed,full_n65536,specialized,36,64,47191.406,2097152,0,0,1
fixed,full_n65536,shared,36,64,53981.781,2097152,0,0,1
fixed,full_n65536,flock,37,64,52621.734,2097152,0,0,1
fixed,full_n65536,shared,37,64,54059.234,2097152,0,0,1
fixed,full_n65536,prepared,37,64,47101.562,2097152,0,0,1
fixed,full_n65536,specialized,37,64,47220.047,2097152,0,0,1
fixed,full_n65536,scalar_lanes,37,64,52608.719,2097152,0,0,1
fixed,full_n65536,prepared,38,64,47220.062,2097152,0,0,1
fixed,full_n65536,flock,38,64,52660.812,2097152,0,0,1
fixed,full_n65536,scalar_lanes,38,64,52513.672,2097152,0,0,1
fixed,full_n65536,specialized,38,64,47093.750,2097152,0,0,1
fixed,full_n65536,shared,38,64,54089.203,2097152,0,0,1
fixed,full_n65536,scalar_lanes,39,64,52546.219,2097152,0,0,1
fixed,full_n65536,shared,39,64,53942.703,2097152,0,0,1
fixed,full_n65536,flock,39,64,52537.109,2097152,0,0,1
fixed,full_n65536,prepared,39,64,47134.125,2097152,0,0,1
fixed,full_n65536,specialized,39,64,47174.484,2097152,0,0,1
fixed,full_n65536,prepared,40,64,47271.484,2097152,0,0,1
fixed,full_n65536,shared,40,64,53904.297,2097152,0,0,1
fixed,full_n65536,scalar_lanes,40,64,52662.109,2097152,0,0,1
fixed,full_n65536,flock,40,64,52581.375,2097152,0,0,1
fixed,full_n65536,specialized,40,64,47203.781,2097152,0,0,1
fixed,full_n65536,flock,41,64,52631.500,2097152,0,0,1
fixed,full_n65536,shared,41,64,54281.906,2097152,0,0,1
fixed,full_n65536,prepared,41,64,47339.844,2097152,0,0,1
fixed,full_n65536,specialized,41,64,47333.984,2097152,0,0,1
fixed,full_n65536,scalar_lanes,41,64,52662.766,2097152,0,0,1
fixed,full_n65536,shared,42,64,54021.484,2097152,0,0,1
fixed,full_n65536,scalar_lanes,42,64,52607.422,2097152,0,0,1
fixed,full_n65536,specialized,42,64,47358.734,2097152,0,0,1
fixed,full_n65536,flock,42,64,52666.672,2097152,0,0,1
fixed,full_n65536,prepared,42,64,47243.500,2097152,0,0,1
fixed,full_n65536,prepared,43,64,47339.844,2097152,0,0,1
fixed,full_n65536,flock,43,64,52598.953,2097152,0,0,1
fixed,full_n65536,scalar_lanes,43,64,52572.922,2097152,0,0,1
fixed,full_n65536,specialized,43,64,47515.625,2097152,0,0,1
fixed,full_n65536,shared,43,64,54142.578,2097152,0,0,1
fixed,full_n65536,specialized,44,64,47249.359,2097152,0,0,1
fixed,full_n65536,flock,44,64,52663.406,2097152,0,0,1
fixed,full_n65536,prepared,44,64,47281.891,2097152,0,0,1
fixed,full_n65536,shared,44,64,54751.953,2097152,0,0,1
fixed,full_n65536,scalar_lanes,44,64,52564.453,2097152,0,0,1
fixed,full_n65536,flock,45,64,53063.141,2097152,0,0,1
fixed,full_n65536,prepared,45,64,48396.484,2097152,0,0,1
fixed,full_n65536,specialized,45,64,46799.469,2097152,0,0,1
fixed,full_n65536,shared,45,64,54520.828,2097152,0,0,1
fixed,full_n65536,scalar_lanes,45,64,52817.703,2097152,0,0,1
fixed,full_n65536,shared,46,64,53923.828,2097152,0,0,1
fixed,full_n65536,scalar_lanes,46,64,52669.281,2097152,0,0,1
fixed,full_n65536,specialized,46,64,47158.859,2097152,0,0,1
fixed,full_n65536,flock,46,64,52925.781,2097152,0,0,1
fixed,full_n65536,prepared,46,64,47480.469,2097152,0,0,1
fixed,full_n65536,flock,47,64,52998.703,2097152,0,0,1
fixed,full_n65536,prepared,47,64,47370.438,2097152,0,0,1
fixed,full_n65536,shared,47,64,54106.781,2097152,0,0,1
fixed,full_n65536,specialized,47,64,47252.609,2097152,0,0,1
fixed,full_n65536,scalar_lanes,47,64,52632.156,2097152,0,0,1
fixed,full_n65536,specialized,48,64,47282.547,2097152,0,0,1
fixed,full_n65536,scalar_lanes,48,64,52768.234,2097152,0,0,1
fixed,full_n65536,flock,48,64,52635.422,2097152,0,0,1
fixed,full_n65536,prepared,48,64,47210.281,2097152,0,0,1
fixed,full_n65536,shared,48,64,54747.391,2097152,0,0,1
fixed,full_n65536,flock,49,64,52873.688,2097152,0,0,1
fixed,full_n65536,shared,49,64,53916.016,2097152,0,0,1
fixed,full_n65536,specialized,49,64,47880.859,2097152,0,0,1
fixed,full_n65536,prepared,49,64,47749.344,2097152,0,0,1
fixed,full_n65536,scalar_lanes,49,64,54099.609,2097152,0,0,1
fixed,full_n65536,shared,50,64,55914.703,2097152,0,0,1
fixed,full_n65536,specialized,50,64,47957.688,2097152,0,0,1
fixed,full_n65536,prepared,50,64,47292.969,2097152,0,0,1
fixed,full_n65536,scalar_lanes,50,64,52837.250,2097152,0,0,1
fixed,full_n65536,flock,50,64,52802.078,2097152,0,0,1
fixed,full_n65536,shared,51,64,53809.906,2097152,0,0,1
fixed,full_n65536,specialized,51,64,47521.484,2097152,0,0,1
fixed,full_n65536,scalar_lanes,51,64,52932.281,2097152,0,0,1
fixed,full_n65536,flock,51,64,52692.703,2097152,0,0,1
fixed,full_n65536,prepared,51,64,47432.938,2097152,0,0,1
fixed,full_n65536,shared,52,64,53832.031,2097152,0,0,1
fixed,full_n65536,scalar_lanes,52,64,53089.188,2097152,0,0,1
fixed,full_n65536,specialized,52,64,48380.859,2097152,0,0,1
fixed,full_n65536,prepared,52,64,47868.484,2097152,0,0,1
fixed,full_n65536,flock,52,64,53861.984,2097152,0,0,1
fixed,full_n65536,shared,53,64,54114.578,2097152,0,0,1
fixed,full_n65536,specialized,53,64,48026.047,2097152,0,0,1
fixed,full_n65536,scalar_lanes,53,64,53496.094,2097152,0,0,1
fixed,full_n65536,prepared,53,64,48453.766,2097152,0,0,1
fixed,full_n65536,flock,53,64,52844.406,2097152,0,0,1
fixed,full_n65536,shared,54,64,54983.078,2097152,0,0,1
fixed,full_n65536,scalar_lanes,54,64,53274.734,2097152,0,0,1
fixed,full_n65536,specialized,54,64,48053.375,2097152,0,0,1
fixed,full_n65536,prepared,54,64,48503.906,2097152,0,0,1
fixed,full_n65536,flock,54,64,52753.250,2097152,0,0,1
fixed,full_n65536,scalar_lanes,55,64,52759.109,2097152,0,0,1
fixed,full_n65536,flock,55,64,52577.469,2097152,0,0,1
fixed,full_n65536,shared,55,64,54604.812,2097152,0,0,1
fixed,full_n65536,prepared,55,64,47473.953,2097152,0,0,1
fixed,full_n65536,specialized,55,64,47330.078,2097152,0,0,1
fixed,full_n65536,prepared,56,64,47581.375,2097152,0,0,1
fixed,full_n65536,flock,56,64,52667.328,2097152,0,0,1
fixed,full_n65536,shared,56,64,54146.484,2097152,0,0,1
fixed,full_n65536,scalar_lanes,56,64,53486.328,2097152,0,0,1
fixed,full_n65536,specialized,56,64,47287.109,2097152,0,0,1
fixed,full_n65536,shared,57,64,53872.391,2097152,0,0,1
fixed,full_n65536,prepared,57,64,47127.609,2097152,0,0,1
fixed,full_n65536,scalar_lanes,57,64,52620.453,2097152,0,0,1
fixed,full_n65536,flock,57,64,52575.531,2097152,0,0,1
fixed,full_n65536,specialized,57,64,47222.000,2097152,0,0,1
fixed,full_n65536,scalar_lanes,58,64,52665.359,2097152,0,0,1
fixed,full_n65536,flock,58,64,52522.141,2097152,0,0,1
fixed,full_n65536,specialized,58,64,47168.625,2097152,0,0,1
fixed,full_n65536,shared,58,64,53938.812,2097152,0,0,1
fixed,full_n65536,prepared,58,64,47397.141,2097152,0,0,1
fixed,full_n65536,specialized,59,64,47334.641,2097152,0,0,1
fixed,full_n65536,flock,59,64,52839.203,2097152,0,0,1
fixed,full_n65536,scalar_lanes,59,64,52444.016,2097152,0,0,1
fixed,full_n65536,shared,59,64,54583.344,2097152,0,0,1
fixed,full_n65536,prepared,59,64,47733.078,2097152,0,0,1
fixed,full_n65536,scalar_lanes,60,64,52803.391,2097152,0,0,1
fixed,full_n65536,flock,60,64,52604.172,2097152,0,0,1
fixed,full_n65536,prepared,60,64,47417.969,2097152,0,0,1
fixed,full_n65536,specialized,60,64,47328.125,2097152,0,0,1
fixed,full_n65536,shared,60,64,53904.297,2097152,0,0,1
fixed,full_n65536,shared,61,64,54181.641,2097152,0,0,1
fixed,full_n65536,specialized,61,64,47136.062,2097152,0,0,1
fixed,full_n65536,flock,61,64,52552.734,2097152,0,0,1
fixed,full_n65536,scalar_lanes,61,64,52796.234,2097152,0,0,1
fixed,full_n65536,prepared,61,64,47313.797,2097152,0,0,1
fixed,full_n65536,specialized,62,64,47416.016,2097152,0,0,1
fixed,full_n65536,scalar_lanes,62,64,52856.781,2097152,0,0,1
fixed,full_n65536,flock,62,64,52445.969,2097152,0,0,1
fixed,full_n65536,prepared,62,64,48569.000,2097152,0,0,1
fixed,full_n65536,shared,62,64,54308.594,2097152,0,0,1
fixed,full_n65536,flock,63,64,52750.000,2097152,0,0,1
fixed,full_n65536,prepared,63,64,47407.562,2097152,0,0,1
fixed,full_n65536,scalar_lanes,63,64,52818.359,2097152,0,0,1
fixed,full_n65536,shared,63,64,54656.906,2097152,0,0,1
fixed,full_n65536,specialized,63,64,47048.828,2097152,0,0,1
butterfly,full_n65536,prepared,0,64,71364.594,4194304,0,0,1
butterfly,full_n65536,shared,0,64,74418.609,4194304,0,0,1
butterfly,full_n65536,specialized,0,64,70621.094,4194304,0,0,1
butterfly,full_n65536,flock,0,64,74278.000,4194304,0,0,1
butterfly,full_n65536,scalar_lanes,0,64,74278.641,4194304,0,0,1
butterfly,full_n65536,specialized,1,64,70528.641,4194304,0,0,1
butterfly,full_n65536,prepared,1,64,70733.719,4194304,0,0,1
butterfly,full_n65536,flock,1,64,73994.141,4194304,0,0,1
butterfly,full_n65536,shared,1,64,74124.344,4194304,0,0,1
butterfly,full_n65536,scalar_lanes,1,64,74138.016,4194304,0,0,1
butterfly,full_n65536,specialized,2,64,70641.922,4194304,0,0,1
butterfly,full_n65536,scalar_lanes,2,64,74139.312,4194304,0,0,1
butterfly,full_n65536,prepared,2,64,70679.688,4194304,0,0,1
butterfly,full_n65536,shared,2,64,73996.094,4194304,0,0,1
butterfly,full_n65536,flock,2,64,74130.859,4194304,0,0,1
butterfly,full_n65536,scalar_lanes,3,64,74184.906,4194304,0,0,1
butterfly,full_n65536,specialized,3,64,70738.281,4194304,0,0,1
butterfly,full_n65536,shared,3,64,74001.297,4194304,0,0,1
butterfly,full_n65536,prepared,3,64,70533.844,4194304,0,0,1
butterfly,full_n65536,flock,3,64,74111.328,4194304,0,0,1
butterfly,full_n65536,shared,4,64,74164.703,4194304,0,0,1
butterfly,full_n65536,flock,4,64,74093.109,4194304,0,0,1
butterfly,full_n65536,specialized,4,64,70470.062,4194304,0,0,1
butterfly,full_n65536,prepared,4,64,70628.250,4194304,0,0,1
butterfly,full_n65536,scalar_lanes,4,64,74110.031,4194304,0,0,1
butterfly,full_n65536,specialized,5,64,70651.031,4194304,0,0,1
butterfly,full_n65536,prepared,5,64,70365.234,4194304,0,0,1
butterfly,full_n65536,scalar_lanes,5,64,74023.438,4194304,0,0,1
butterfly,full_n65536,flock,5,64,74216.797,4194304,0,0,1
butterfly,full_n65536,shared,5,64,75585.938,4194304,0,0,1
butterfly,full_n65536,prepared,6,64,70694.000,4194304,0,0,1
butterfly,full_n65536,scalar_lanes,6,64,74046.875,4194304,0,0,1
butterfly,full_n65536,specialized,6,64,70569.016,4194304,0,0,1
butterfly,full_n65536,flock,6,64,74124.344,4194304,0,0,1
butterfly,full_n65536,shared,6,64,73981.109,4194304,0,0,1
butterfly,full_n65536,prepared,7,64,70547.531,4194304,0,0,1
butterfly,full_n65536,shared,7,64,74147.797,4194304,0,0,1
butterfly,full_n65536,flock,7,64,74047.531,4194304,0,0,1
butterfly,full_n65536,specialized,7,64,70642.578,4194304,0,0,1
butterfly,full_n65536,scalar_lanes,7,64,74144.531,4194304,0,0,1
butterfly,full_n65536,shared,8,64,74141.281,4194304,0,0,1
butterfly,full_n65536,specialized,8,64,70490.234,4194304,0,0,1
butterfly,full_n65536,flock,8,64,74112.625,4194304,0,0,1
butterfly,full_n65536,prepared,8,64,70647.781,4194304,0,0,1
butterfly,full_n65536,scalar_lanes,8,64,73972.656,4194304,0,0,1
butterfly,full_n65536,specialized,9,64,70570.969,4194304,0,0,1
butterfly,full_n65536,shared,9,64,74201.172,4194304,0,0,1
butterfly,full_n65536,prepared,9,64,70657.547,4194304,0,0,1
butterfly,full_n65536,flock,9,64,74005.859,4194304,0,0,1
butterfly,full_n65536,scalar_lanes,9,64,74082.688,4194304,0,0,1
butterfly,full_n65536,prepared,10,64,70634.766,4194304,0,0,1
butterfly,full_n65536,specialized,10,64,70592.453,4194304,0,0,1
butterfly,full_n65536,flock,10,64,73919.922,4194304,0,0,1
butterfly,full_n65536,shared,10,64,74076.172,4194304,0,0,1
butterfly,full_n65536,scalar_lanes,10,64,74195.312,4194304,0,0,1
butterfly,full_n65536,prepared,11,64,70569.656,4194304,0,0,1
butterfly,full_n65536,shared,11,64,74037.766,4194304,0,0,1
butterfly,full_n65536,flock,11,64,73976.562,4194304,0,0,1
butterfly,full_n65536,scalar_lanes,11,64,74088.531,4194304,0,0,1
butterfly,full_n65536,specialized,11,64,70584.641,4194304,0,0,1
butterfly,full_n65536,specialized,12,64,70436.188,4194304,0,0,1
butterfly,full_n65536,flock,12,64,74111.984,4194304,0,0,1
butterfly,full_n65536,prepared,12,64,70718.750,4194304,0,0,1
butterfly,full_n65536,shared,12,64,73960.938,4194304,0,0,1
butterfly,full_n65536,scalar_lanes,12,64,74132.812,4194304,0,0,1
butterfly,full_n65536,flock,13,64,74085.297,4194304,0,0,1
butterfly,full_n65536,shared,13,64,74069.672,4194304,0,0,1
butterfly,full_n65536,prepared,13,64,70606.125,4194304,0,0,1
butterfly,full_n65536,scalar_lanes,13,64,74207.031,4194304,0,0,1
butterfly,full_n65536,specialized,13,64,70424.484,4194304,0,0,1
butterfly,full_n65536,shared,14,64,74254.547,4194304,0,0,1
butterfly,full_n65536,specialized,14,64,70647.797,4194304,0,0,1
butterfly,full_n65536,scalar_lanes,14,64,73936.188,4194304,0,0,1
butterfly,full_n65536,flock,14,64,74132.812,4194304,0,0,1
butterfly,full_n65536,prepared,14,64,70670.562,4194304,0,0,1
butterfly,full_n65536,shared,15,64,73927.734,4194304,0,0,1
butterfly,full_n65536,scalar_lanes,15,64,74139.969,4194304,0,0,1
butterfly,full_n65536,specialized,15,64,70697.266,4194304,0,0,1
butterfly,full_n65536,flock,15,64,73927.734,4194304,0,0,1
butterfly,full_n65536,prepared,15,64,70669.281,4194304,0,0,1
butterfly,full_n65536,specialized,16,64,70581.375,4194304,0,0,1
butterfly,full_n65536,flock,16,64,73990.234,4194304,0,0,1
butterfly,full_n65536,scalar_lanes,16,64,74316.406,4194304,0,0,1
butterfly,full_n65536,prepared,16,64,70619.797,4194304,0,0,1
butterfly,full_n65536,shared,16,64,74287.766,4194304,0,0,1
butterfly,full_n65536,flock,17,64,74205.734,4194304,0,0,1
butterfly,full_n65536,shared,17,64,73948.578,4194304,0,0,1
butterfly,full_n65536,scalar_lanes,17,64,74151.688,4194304,0,0,1
butterfly,full_n65536,prepared,17,64,70746.094,4194304,0,0,1
butterfly,full_n65536,specialized,17,64,70459.641,4194304,0,0,1
butterfly,full_n65536,shared,18,64,74147.141,4194304,0,0,1
butterfly,full_n65536,scalar_lanes,18,64,74207.031,4194304,0,0,1
butterfly,full_n65536,prepared,18,64,70449.875,4194304,0,0,1
butterfly,full_n65536,specialized,18,64,70599.609,4194304,0,0,1
butterfly,full_n65536,flock,18,64,74191.406,4194304,0,0,1
butterfly,full_n65536,specialized,19,64,70442.703,4194304,0,0,1
butterfly,full_n65536,scalar_lanes,19,64,74184.234,4194304,0,0,1
butterfly,full_n65536,flock,19,64,74140.625,4194304,0,0,1
butterfly,full_n65536,shared,19,64,74070.969,4194304,0,0,1
butterfly,full_n65536,prepared,19,64,70559.906,4194304,0,0,1
butterfly,full_n65536,specialized,20,64,70542.969,4194304,0,0,1
butterfly,full_n65536,flock,20,64,74082.688,4194304,0,0,1
butterfly,full_n65536,prepared,20,64,70597.000,4194304,0,0,1
butterfly,full_n65536,scalar_lanes,20,64,74179.688,4194304,0,0,1
butterfly,full_n65536,shared,20,64,74073.562,4194304,0,0,1
butterfly,full_n65536,flock,21,64,74203.125,4194304,0,0,1
butterfly,full_n65536,scalar_lanes,21,64,74305.344,4194304,0,0,1
butterfly,full_n65536,prepared,21,64,70626.312,4194304,0,0,1
butterfly,full_n65536,shared,21,64,74261.062,4194304,0,0,1
butterfly,full_n65536,specialized,21,64,70964.844,4194304,0,0,1
butterfly,full_n65536,prepared,22,64,70679.688,4194304,0,0,1
butterfly,full_n65536,shared,22,64,74216.141,4194304,0,0,1
butterfly,full_n65536,flock,22,64,74097.656,4194304,0,0,1
butterfly,full_n65536,scalar_lanes,22,64,74165.375,4194304,0,0,1
butterfly,full_n65536,specialized,22,64,70589.844,4194304,0,0,1
butterfly,full_n65536,shared,23,64,74169.266,4194304,0,0,1
butterfly,full_n65536,specialized,23,64,70602.875,4194304,0,0,1
butterfly,full_n65536,prepared,23,64,70639.328,4194304,0,0,1
butterfly,full_n65536,flock,23,64,74218.094,4194304,0,0,1
butterfly,full_n65536,scalar_lanes,23,64,74083.344,4194304,0,0,1
butterfly,full_n65536,flock,24,64,73991.547,4194304,0,0,1
butterfly,full_n65536,shared,24,64,74161.469,4194304,0,0,1
butterfly,full_n65536,scalar_lanes,24,64,74173.172,4194304,0,0,1
butterfly,full_n65536,specialized,24,64,70595.062,4194304,0,0,1
butterfly,full_n65536,prepared,24,64,73059.891,4194304,0,0,1
butterfly,full_n65536,specialized,25,64,71582.688,4194304,0,0,1
butterfly,full_n65536,flock,25,64,74223.953,4194304,0,0,1
butterfly,full_n65536,shared,25,64,74143.875,4194304,0,0,1
butterfly,full_n65536,prepared,25,64,70651.703,4194304,0,0,1
butterfly,full_n65536,scalar_lanes,25,64,74137.375,4194304,0,0,1
butterfly,full_n65536,flock,26,64,74175.125,4194304,0,0,1
butterfly,full_n65536,shared,26,64,74175.781,4194304,0,0,1
butterfly,full_n65536,prepared,26,64,70585.297,4194304,0,0,1
butterfly,full_n65536,scalar_lanes,26,64,74173.172,4194304,0,0,1
butterfly,full_n65536,specialized,26,64,70612.625,4194304,0,0,1
butterfly,full_n65536,prepared,27,64,70718.750,4194304,0,0,1
butterfly,full_n65536,shared,27,64,74205.734,4194304,0,0,1
butterfly,full_n65536,specialized,27,64,70771.484,4194304,0,0,1
butterfly,full_n65536,flock,27,64,74339.844,4194304,0,0,1
butterfly,full_n65536,scalar_lanes,27,64,74153.641,4194304,0,0,1
butterfly,full_n65536,prepared,28,64,70560.547,4194304,0,0,1
butterfly,full_n65536,scalar_lanes,28,64,74141.281,4194304,0,0,1
butterfly,full_n65536,specialized,28,64,70634.109,4194304,0,0,1
butterfly,full_n65536,shared,28,64,74243.484,4194304,0,0,1
butterfly,full_n65536,flock,28,64,74082.031,4194304,0,0,1
butterfly,full_n65536,flock,29,64,74149.734,4194304,0,0,1
butterfly,full_n65536,prepared,29,64,70804.688,4194304,0,0,1
butterfly,full_n65536,scalar_lanes,29,64,74002.594,4194304,0,0,1
butterfly,full_n65536,specialized,29,64,70830.078,4194304,0,0,1
butterfly,full_n65536,shared,29,64,74352.219,4194304,0,0,1
butterfly,full_n65536,scalar_lanes,30,64,74224.609,4194304,0,0,1
butterfly,full_n65536,flock,30,64,74155.609,4194304,0,0,1
butterfly,full_n65536,prepared,30,64,70591.797,4194304,0,0,1
butterfly,full_n65536,shared,30,64,74118.484,4194304,0,0,1
butterfly,full_n65536,specialized,30,64,70563.141,4194304,0,0,1
butterfly,full_n65536,shared,31,64,74204.422,4194304,0,0,1
butterfly,full_n65536,specialized,31,64,70602.219,4194304,0,0,1
butterfly,full_n65536,flock,31,64,73990.891,4194304,0,0,1
butterfly,full_n65536,scalar_lanes,31,64,74160.812,4194304,0,0,1
butterfly,full_n65536,prepared,31,64,70582.688,4194304,0,0,1
butterfly,full_n65536,specialized,32,64,70556.000,4194304,0,0,1
butterfly,full_n65536,flock,32,64,74210.938,4194304,0,0,1
butterfly,full_n65536,prepared,32,64,70616.547,4194304,0,0,1
butterfly,full_n65536,scalar_lanes,32,64,74205.719,4194304,0,0,1
butterfly,full_n65536,shared,32,64,74085.281,4194304,0,0,1
butterfly,full_n65536,shared,33,64,74056.641,4194304,0,0,1
butterfly,full_n65536,prepared,33,64,70569.656,4194304,0,0,1
butterfly,full_n65536,scalar_lanes,33,64,74116.531,4194304,0,0,1
butterfly,full_n65536,flock,33,64,74106.125,4194304,0,0,1
butterfly,full_n65536,specialized,33,64,70587.250,4194304,0,0,1
butterfly,full_n65536,specialized,34,64,70516.922,4194304,0,0,1
butterfly,full_n65536,prepared,34,64,70660.797,4194304,0,0,1
butterfly,full_n65536,scalar_lanes,34,64,74072.906,4194304,0,0,1
butterfly,full_n65536,shared,34,64,74059.906,4194304,0,0,1
butterfly,full_n65536,flock,34,64,74078.125,4194304,0,0,1
butterfly,full_n65536,shared,35,64,73954.422,4194304,0,0,1
butterfly,full_n65536,scalar_lanes,35,64,74096.344,4194304,0,0,1
butterfly,full_n65536,prepared,35,64,70560.547,4194304,0,0,1
butterfly,full_n65536,flock,35,64,74037.750,4194304,0,0,1
butterfly,full_n65536,specialized,35,64,70560.547,4194304,0,0,1
butterfly,full_n65536,prepared,36,64,70653.641,4194304,0,0,1
butterfly,full_n65536,flock,36,64,74158.859,4194304,0,0,1
butterfly,full_n65536,scalar_lanes,36,64,74096.344,4194304,0,0,1
butterfly,full_n65536,specialized,36,64,70529.297,4194304,0,0,1
butterfly,full_n65536,shared,36,64,74183.594,4194304,0,0,1
butterfly,full_n65536,shared,37,64,74086.594,4194304,0,0,1
butterfly,full_n65536,scalar_lanes,37,64,74141.266,4194304,0,0,1
butterfly,full_n65536,specialized,37,64,70585.297,4194304,0,0,1
butterfly,full_n65536,prepared,37,64,70489.594,4194304,0,0,1
butterfly,full_n65536,flock,37,64,74703.125,4194304,0,0,1
butterfly,full_n65536,flock,38,64,74078.125,4194304,0,0,1
butterfly,full_n65536,shared,38,64,74253.250,4194304,0,0,1
butterfly,full_n65536,scalar_lanes,38,64,74311.844,4194304,0,0,1
butterfly,full_n65536,prepared,38,64,70633.469,4194304,0,0,1
butterfly,full_n65536,specialized,38,64,70572.266,4194304,0,0,1
butterfly,full_n65536,prepared,39,64,70701.828,4194304,0,0,1
butterfly,full_n65536,shared,39,64,74136.062,4194304,0,0,1
butterfly,full_n65536,scalar_lanes,39,64,74141.281,4194304,0,0,1
butterfly,full_n65536,specialized,39,64,70561.188,4194304,0,0,1
butterfly,full_n65536,flock,39,64,74108.078,4194304,0,0,1
butterfly,full_n65536,flock,40,64,74150.391,4194304,0,0,1
butterfly,full_n65536,shared,40,64,74056.641,4194304,0,0,1
butterfly,full_n65536,scalar_lanes,40,64,74186.859,4194304,0,0,1
butterfly,full_n65536,specialized,40,64,70655.609,4194304,0,0,1
butterfly,full_n65536,prepared,40,64,70757.812,4194304,0,0,1
butterfly,full_n65536,specialized,41,64,70494.797,4194304,0,0,1
butterfly,full_n65536,shared,41,64,74014.969,4194304,0,0,1
butterfly,full_n65536,flock,41,64,74148.438,4194304,0,0,1
butterfly,full_n65536,prepared,41,64,70663.422,4194304,0,0,1
butterfly,full_n65536,scalar_lanes,41,64,74169.266,4194304,0,0,1
butterfly,full_n65536,flock,42,64,74529.953,4194304,0,0,1
butterfly,full_n65536,specialized,42,64,70778.000,4194304,0,0,1
butterfly,full_n65536,shared,42,64,74235.688,4194304,0,0,1
butterfly,full_n65536,scalar_lanes,42,64,76414.719,4194304,0,0,1
butterfly,full_n65536,prepared,42,64,71095.703,4194304,0,0,1
butterfly,full_n65536,shared,43,64,74259.109,4194304,0,0,1
butterfly,full_n65536,specialized,43,64,71115.891,4194304,0,0,1
butterfly,full_n65536,prepared,43,64,70891.281,4194304,0,0,1
butterfly,full_n65536,scalar_lanes,43,64,74559.891,4194304,0,0,1
butterfly,full_n65536,flock,43,64,74264.312,4194304,0,0,1
butterfly,full_n65536,shared,44,64,76117.188,4194304,0,0,1
butterfly,full_n65536,specialized,44,64,73160.812,4194304,0,0,1
butterfly,full_n65536,prepared,44,64,76054.047,4194304,0,0,1
butterfly,full_n65536,scalar_lanes,44,64,77195.953,4194304,0,0,1
butterfly,full_n65536,flock,44,64,74962.891,4194304,0,0,1
butterfly,full_n65536,specialized,45,64,71157.547,4194304,0,0,1
butterfly,full_n65536,prepared,45,64,70776.703,4194304,0,0,1
butterfly,full_n65536,flock,45,64,74298.828,4194304,0,0,1
butterfly,full_n65536,shared,45,64,74449.875,4194304,0,0,1
butterfly,full_n65536,scalar_lanes,45,64,73985.031,4194304,0,0,1
butterfly,full_n65536,scalar_lanes,46,64,74357.422,4194304,0,0,1
butterfly,full_n65536,shared,46,64,74447.922,4194304,0,0,1
butterfly,full_n65536,specialized,46,64,70607.422,4194304,0,0,1
butterfly,full_n65536,flock,46,64,74401.688,4194304,0,0,1
butterfly,full_n65536,prepared,46,64,70724.609,4194304,0,0,1
butterfly,full_n65536,flock,47,64,74391.266,4194304,0,0,1
butterfly,full_n65536,specialized,47,64,70591.797,4194304,0,0,1
butterfly,full_n65536,scalar_lanes,47,64,74264.328,4194304,0,0,1
butterfly,full_n65536,shared,47,64,74080.734,4194304,0,0,1
butterfly,full_n65536,prepared,47,64,70651.688,4194304,0,0,1
butterfly,full_n65536,prepared,48,64,70279.953,4194304,0,0,1
butterfly,full_n65536,specialized,48,64,70401.047,4194304,0,0,1
butterfly,full_n65536,scalar_lanes,48,64,74077.484,4194304,0,0,1
butterfly,full_n65536,flock,48,64,74150.391,4194304,0,0,1
butterfly,full_n65536,shared,48,64,74116.531,4194304,0,0,1
butterfly,full_n65536,specialized,49,64,71246.094,4194304,0,0,1
butterfly,full_n65536,flock,49,64,75272.141,4194304,0,0,1
butterfly,full_n65536,scalar_lanes,49,64,74151.703,4194304,0,0,1
butterfly,full_n65536,prepared,49,64,70638.016,4194304,0,0,1
butterfly,full_n65536,shared,49,64,74153.000,4194304,0,0,1
butterfly,full_n65536,flock,50,64,74145.188,4194304,0,0,1
butterfly,full_n65536,specialized,50,64,70580.078,4194304,0,0,1
butterfly,full_n65536,scalar_lanes,50,64,73936.844,4194304,0,0,1
butterfly,full_n65536,shared,50,64,73995.453,4194304,0,0,1
butterfly,full_n65536,prepared,50,64,70575.516,4194304,0,0,1
butterfly,full_n65536,shared,51,64,74057.297,4194304,0,0,1
butterfly,full_n65536,flock,51,64,74217.453,4194304,0,0,1
butterfly,full_n65536,prepared,51,64,70982.422,4194304,0,0,1
butterfly,full_n65536,specialized,51,64,71785.156,4194304,0,0,1
butterfly,full_n65536,scalar_lanes,51,64,74089.844,4194304,0,0,1
butterfly,full_n65536,flock,52,64,73998.047,4194304,0,0,1
butterfly,full_n65536,prepared,52,64,70529.297,4194304,0,0,1
butterfly,full_n65536,specialized,52,64,70510.406,4194304,0,0,1
butterfly,full_n65536,shared,52,64,74136.719,4194304,0,0,1
butterfly,full_n65536,scalar_lanes,52,64,74162.109,4194304,0,0,1
butterfly,full_n65536,scalar_lanes,53,64,74057.297,4194304,0,0,1
butterfly,full_n65536,flock,53,64,74100.266,4194304,0,0,1
butterfly,full_n65536,shared,53,64,74306.641,4194304,0,0,1
butterfly,full_n65536,specialized,53,64,70501.953,4194304,0,0,1
butterfly,full_n65536,prepared,53,64,70587.234,4194304,0,0,1
butterfly,full_n65536,shared,54,64,74175.781,4194304,0,0,1
butterfly,full_n65536,prepared,54,64,70456.391,4194304,0,0,1
butterfly,full_n65536,specialized,54,64,70613.938,4194304,0,0,1
butterfly,full_n65536,flock,54,64,74126.312,4194304,0,0,1
butterfly,full_n65536,scalar_lanes,54,64,74061.203,4194304,0,0,1
butterfly,full_n65536,specialized,55,64,70648.438,4194304,0,0,1
butterfly,full_n65536,scalar_lanes,55,64,74061.844,4194304,0,0,1
butterfly,full_n65536,prepared,55,64,70490.891,4194304,0,0,1
butterfly,full_n65536,shared,55,64,74202.469,4194304,0,0,1
butterfly,full_n65536,flock,55,64,74173.828,4194304,0,0,1
butterfly,full_n65536,flock,56,64,74039.719,4194304,0,0,1
butterfly,full_n65536,prepared,56,64,70487.625,4194304,0,0,1
butterfly,full_n65536,shared,56,64,74089.203,4194304,0,0,1
butterfly,full_n65536,scalar_lanes,56,64,73960.938,4194304,0,0,1
butterfly,full_n65536,specialized,56,64,70499.359,4194304,0,0,1
butterfly,full_n65536,prepared,57,64,70477.859,4194304,0,0,1
butterfly,full_n65536,shared,57,64,74046.875,4194304,0,0,1
butterfly,full_n65536,flock,57,64,74003.906,4194304,0,0,1
butterfly,full_n65536,scalar_lanes,57,64,74116.547,4194304,0,0,1
butterfly,full_n65536,specialized,57,64,70466.156,4194304,0,0,1
butterfly,full_n65536,flock,58,64,74042.969,4194304,0,0,1
butterfly,full_n65536,prepared,58,64,70542.969,4194304,0,0,1
butterfly,full_n65536,scalar_lanes,58,64,73925.125,4194304,0,0,1
butterfly,full_n65536,specialized,58,64,70492.188,4194304,0,0,1
butterfly,full_n65536,shared,58,64,74186.188,4194304,0,0,1
butterfly,full_n65536,flock,59,64,74020.188,4194304,0,0,1
butterfly,full_n65536,scalar_lanes,59,64,74121.750,4194304,0,0,1
butterfly,full_n65536,shared,59,64,74093.094,4194304,0,0,1
butterfly,full_n65536,prepared,59,64,70440.750,4194304,0,0,1
butterfly,full_n65536,specialized,59,64,70376.953,4194304,0,0,1
butterfly,full_n65536,prepared,60,64,70492.188,4194304,0,0,1
butterfly,full_n65536,scalar_lanes,60,64,74162.750,4194304,0,0,1
butterfly,full_n65536,shared,60,64,74000.000,4194304,0,0,1
butterfly,full_n65536,flock,60,64,73912.109,4194304,0,0,1
butterfly,full_n65536,specialized,60,64,70421.219,4194304,0,0,1
butterfly,full_n65536,flock,61,64,74075.516,4194304,0,0,1
butterfly,full_n65536,prepared,61,64,70533.859,4194304,0,0,1
butterfly,full_n65536,scalar_lanes,61,64,73970.703,4194304,0,0,1
butterfly,full_n65536,specialized,61,64,70424.469,4194304,0,0,1
butterfly,full_n65536,shared,61,64,74043.625,4194304,0,0,1
butterfly,full_n65536,flock,62,64,74065.750,4194304,0,0,1
butterfly,full_n65536,shared,62,64,73996.750,4194304,0,0,1
butterfly,full_n65536,specialized,62,64,70407.547,4194304,0,0,1
butterfly,full_n65536,scalar_lanes,62,64,74059.906,4194304,0,0,1
butterfly,full_n65536,prepared,62,64,70832.688,4194304,0,0,1
butterfly,full_n65536,scalar_lanes,63,64,74020.172,4194304,0,0,1
butterfly,full_n65536,shared,63,64,74046.875,4194304,0,0,1
butterfly,full_n65536,prepared,63,64,70522.781,4194304,0,0,1
butterfly,full_n65536,flock,63,64,74193.359,4194304,0,0,1
butterfly,full_n65536,specialized,63,64,70447.266,4194304,0,0,1
fixed,full_n1048576,prepared,0,4,765937.500,33554432,0,0,1
fixed,full_n1048576,shared,0,4,848698.000,33554432,0,0,1
fixed,full_n1048576,specialized,0,4,764593.750,33554432,0,0,1
fixed,full_n1048576,scalar_lanes,0,4,859239.500,33554432,0,0,1
fixed,full_n1048576,flock,0,4,866833.250,33554432,0,0,1
fixed,full_n1048576,flock,1,4,858791.750,33554432,0,0,1
fixed,full_n1048576,prepared,1,4,767687.500,33554432,0,0,1
fixed,full_n1048576,shared,1,4,852448.000,33554432,0,0,1
fixed,full_n1048576,specialized,1,4,762531.250,33554432,0,0,1
fixed,full_n1048576,scalar_lanes,1,4,849729.000,33554432,0,0,1
fixed,full_n1048576,scalar_lanes,2,4,848073.000,33554432,0,0,1
fixed,full_n1048576,shared,2,4,851198.000,33554432,0,0,1
fixed,full_n1048576,prepared,2,4,764291.750,33554432,0,0,1
fixed,full_n1048576,specialized,2,4,762958.250,33554432,0,0,1
fixed,full_n1048576,flock,2,4,850427.000,33554432,0,0,1
fixed,full_n1048576,scalar_lanes,3,4,852145.750,33554432,0,0,1
fixed,full_n1048576,flock,3,4,855166.750,33554432,0,0,1
fixed,full_n1048576,specialized,3,4,764458.500,33554432,0,0,1
fixed,full_n1048576,prepared,3,4,763437.500,33554432,0,0,1
fixed,full_n1048576,shared,3,4,849760.250,33554432,0,0,1
fixed,full_n1048576,specialized,4,4,766302.250,33554432,0,0,1
fixed,full_n1048576,prepared,4,4,768270.750,33554432,0,0,1
fixed,full_n1048576,shared,4,4,852427.250,33554432,0,0,1
fixed,full_n1048576,scalar_lanes,4,4,850885.250,33554432,0,0,1
fixed,full_n1048576,flock,4,4,861177.000,33554432,0,0,1
fixed,full_n1048576,shared,5,4,882489.750,33554432,0,0,1
fixed,full_n1048576,scalar_lanes,5,4,866541.500,33554432,0,0,1
fixed,full_n1048576,prepared,5,4,776343.750,33554432,0,0,1
fixed,full_n1048576,specialized,5,4,790729.250,33554432,0,0,1
fixed,full_n1048576,flock,5,4,848739.500,33554432,0,0,1
fixed,full_n1048576,shared,6,4,850156.250,33554432,0,0,1
fixed,full_n1048576,specialized,6,4,764906.250,33554432,0,0,1
fixed,full_n1048576,scalar_lanes,6,4,849322.750,33554432,0,0,1
fixed,full_n1048576,flock,6,4,857833.250,33554432,0,0,1
fixed,full_n1048576,prepared,6,4,764760.500,33554432,0,0,1
fixed,full_n1048576,shared,7,4,850187.500,33554432,0,0,1
fixed,full_n1048576,prepared,7,4,772031.250,33554432,0,0,1
fixed,full_n1048576,flock,7,4,841104.000,33554432,0,0,1
fixed,full_n1048576,specialized,7,4,761718.750,33554432,0,0,1
fixed,full_n1048576,scalar_lanes,7,4,849197.750,33554432,0,0,1
fixed,full_n1048576,scalar_lanes,8,4,851646.000,33554432,0,0,1
fixed,full_n1048576,shared,8,4,855229.250,33554432,0,0,1
fixed,full_n1048576,prepared,8,4,750343.750,33554432,0,0,1
fixed,full_n1048576,flock,8,4,853427.000,33554432,0,0,1
fixed,full_n1048576,specialized,8,4,757427.250,33554432,0,0,1
fixed,full_n1048576,scalar_lanes,9,4,844666.750,33554432,0,0,1
fixed,full_n1048576,flock,9,4,851687.500,33554432,0,0,1
fixed,full_n1048576,specialized,9,4,762500.000,33554432,0,0,1
fixed,full_n1048576,shared,9,4,853906.250,33554432,0,0,1
fixed,full_n1048576,prepared,9,4,754323.000,33554432,0,0,1
fixed,full_n1048576,prepared,10,4,763687.500,33554432,0,0,1
fixed,full_n1048576,flock,10,4,854125.000,33554432,0,0,1
fixed,full_n1048576,shared,10,4,848406.250,33554432,0,0,1
fixed,full_n1048576,scalar_lanes,10,4,853864.750,33554432,0,0,1
fixed,full_n1048576,specialized,10,4,762781.250,33554432,0,0,1
fixed,full_n1048576,specialized,11,4,764989.750,33554432,0,0,1
fixed,full_n1048576,prepared,11,4,768698.000,33554432,0,0,1
fixed,full_n1048576,flock,11,4,848218.750,33554432,0,0,1
fixed,full_n1048576,shared,11,4,857458.500,33554432,0,0,1
fixed,full_n1048576,scalar_lanes,11,4,850823.000,33554432,0,0,1
fixed,full_n1048576,scalar_lanes,12,4,852510.500,33554432,0,0,1
fixed,full_n1048576,prepared,12,4,766135.250,33554432,0,0,1
fixed,full_n1048576,flock,12,4,852104.000,33554432,0,0,1
fixed,full_n1048576,specialized,12,4,766156.250,33554432,0,0,1
fixed,full_n1048576,shared,12,4,851229.250,33554432,0,0,1
fixed,full_n1048576,specialized,13,4,764885.250,33554432,0,0,1
fixed,full_n1048576,flock,13,4,850093.750,33554432,0,0,1
fixed,full_n1048576,prepared,13,4,766375.000,33554432,0,0,1
fixed,full_n1048576,scalar_lanes,13,4,848375.000,33554432,0,0,1
fixed,full_n1048576,shared,13,4,850510.500,33554432,0,0,1
fixed,full_n1048576,prepared,14,4,766187.500,33554432,0,0,1
fixed,full_n1048576,scalar_lanes,14,4,854052.000,33554432,0,0,1
fixed,full_n1048576,flock,14,4,850333.250,33554432,0,0,1
fixed,full_n1048576,shared,14,4,852166.750,33554432,0,0,1
fixed,full_n1048576,specialized,14,4,767135.500,33554432,0,0,1
fixed,full_n1048576,scalar_lanes,15,4,849239.750,33554432,0,0,1
fixed,full_n1048576,flock,15,4,856875.000,33554432,0,0,1
fixed,full_n1048576,prepared,15,4,765052.250,33554432,0,0,1
fixed,full_n1048576,shared,15,4,851385.500,33554432,0,0,1
fixed,full_n1048576,specialized,15,4,770250.000,33554432,0,0,1
fixed,full_n1048576,shared,16,4,852052.250,33554432,0,0,1
fixed,full_n1048576,specialized,16,4,770697.750,33554432,0,0,1
fixed,full_n1048576,scalar_lanes,16,4,851614.500,33554432,0,0,1
fixed,full_n1048576,flock,16,4,852083.500,33554432,0,0,1
fixed,full_n1048576,prepared,16,4,767750.000,33554432,0,0,1
fixed,full_n1048576,shared,17,4,850823.000,33554432,0,0,1
fixed,full_n1048576,flock,17,4,848729.000,33554432,0,0,1
fixed,full_n1048576,specialized,17,4,765864.500,33554432,0,0,1
fixed,full_n1048576,prepared,17,4,766229.000,33554432,0,0,1
fixed,full_n1048576,scalar_lanes,17,4,850573.000,33554432,0,0,1
fixed,full_n1048576,scalar_lanes,18,4,856000.000,33554432,0,0,1
fixed,full_n1048576,flock,18,4,849823.000,33554432,0,0,1
fixed,full_n1048576,shared,18,4,849583.500,33554432,0,0,1
fixed,full_n1048576,specialized,18,4,765187.500,33554432,0,0,1
fixed,full_n1048576,prepared,18,4,764875.000,33554432,0,0,1
fixed,full_n1048576,shared,19,4,867000.000,33554432,0,0,1
fixed,full_n1048576,flock,19,4,864448.000,33554432,0,0,1
fixed,full_n1048576,scalar_lanes,19,4,872531.250,33554432,0,0,1
fixed,full_n1048576,prepared,19,4,774281.250,33554432,0,0,1
fixed,full_n1048576,specialized,19,4,798218.750,33554432,0,0,1
fixed,full_n1048576,prepared,20,4,799229.250,33554432,0,0,1
fixed,full_n1048576,specialized,20,4,764593.750,33554432,0,0,1
fixed,full_n1048576,shared,20,4,848125.000,33554432,0,0,1
fixed,full_n1048576,scalar_lanes,20,4,850677.250,33554432,0,0,1
fixed,full_n1048576,flock,20,4,851458.250,33554432,0,0,1
fixed,full_n1048576,prepared,21,4,764833.250,33554432,0,0,1
fixed,full_n1048576,flock,21,4,850354.000,33554432,0,0,1
fixed,full_n1048576,scalar_lanes,21,4,850562.500,33554432,0,0,1
fixed,full_n1048576,specialized,21,4,766260.250,33554432,0,0,1
fixed,full_n1048576,shared,21,4,852687.500,33554432,0,0,1
fixed,full_n1048576,prepared,22,4,763031.250,33554432,0,0,1
fixed,full_n1048576,flock,22,4,850791.750,33554432,0,0,1
fixed,full_n1048576,scalar_lanes,22,4,850875.000,33554432,0,0,1
fixed,full_n1048576,shared,22,4,849052.000,33554432,0,0,1
fixed,full_n1048576,specialized,22,4,765052.000,33554432,0,0,1
fixed,full_n1048576,scalar_lanes,23,4,850385.500,33554432,0,0,1
fixed,full_n1048576,prepared,23,4,769197.750,33554432,0,0,1
fixed,full_n1048576,shared,23,4,848010.500,33554432,0,0,1
fixed,full_n1048576,specialized,23,4,767406.250,33554432,0,0,1
fixed,full_n1048576,flock,23,4,849375.000,33554432,0,0,1
fixed,full_n1048576,specialized,24,4,766979.250,33554432,0,0,1
fixed,full_n1048576,scalar_lanes,24,4,851333.250,33554432,0,0,1
fixed,full_n1048576,flock,24,4,854031.250,33554432,0,0,1
fixed,full_n1048576,shared,24,4,850583.250,33554432,0,0,1
fixed,full_n1048576,prepared,24,4,767125.000,33554432,0,0,1
fixed,full_n1048576,prepared,25,4,764146.000,33554432,0,0,1
fixed,full_n1048576,shared,25,4,848041.750,33554432,0,0,1
fixed,full_n1048576,scalar_lanes,25,4,851271.000,33554432,0,0,1
fixed,full_n1048576,flock,25,4,852989.500,33554432,0,0,1
fixed,full_n1048576,specialized,25,4,768302.250,33554432,0,0,1
fixed,full_n1048576,specialized,26,4,771375.000,33554432,0,0,1
fixed,full_n1048576,flock,26,4,852625.000,33554432,0,0,1
fixed,full_n1048576,prepared,26,4,777010.500,33554432,0,0,1
fixed,full_n1048576,scalar_lanes,26,4,851468.750,33554432,0,0,1
fixed,full_n1048576,shared,26,4,852781.250,33554432,0,0,1
fixed,full_n1048576,scalar_lanes,27,4,850448.000,33554432,0,0,1
fixed,full_n1048576,specialized,27,4,764677.250,33554432,0,0,1
fixed,full_n1048576,prepared,27,4,765531.250,33554432,0,0,1
fixed,full_n1048576,flock,27,4,854041.750,33554432,0,0,1
fixed,full_n1048576,shared,27,4,851500.000,33554432,0,0,1
fixed,full_n1048576,shared,28,4,853135.500,33554432,0,0,1
fixed,full_n1048576,scalar_lanes,28,4,851104.250,33554432,0,0,1
fixed,full_n1048576,prepared,28,4,767500.000,33554432,0,0,1
fixed,full_n1048576,specialized,28,4,770323.000,33554432,0,0,1
fixed,full_n1048576,flock,28,4,848968.750,33554432,0,0,1
fixed,full_n1048576,prepared,29,4,765822.750,33554432,0,0,1
fixed,full_n1048576,specialized,29,4,768198.000,33554432,0,0,1
fixed,full_n1048576,scalar_lanes,29,4,849593.750,33554432,0,0,1
fixed,full_n1048576,flock,29,4,849697.750,33554432,0,0,1
fixed,full_n1048576,shared,29,4,848635.500,33554432,0,0,1
fixed,full_n1048576,prepared,30,4,765760.500,33554432,0,0,1
fixed,full_n1048576,flock,30,4,848625.000,33554432,0,0,1
fixed,full_n1048576,scalar_lanes,30,4,852135.500,33554432,0,0,1
fixed,full_n1048576,specialized,30,4,764781.250,33554432,0,0,1
fixed,full_n1048576,shared,30,4,851791.750,33554432,0,0,1
fixed,full_n1048576,flock,31,4,851062.500,33554432,0,0,1
fixed,full_n1048576,specialized,31,4,765802.000,33554432,0,0,1
fixed,full_n1048576,shared,31,4,849375.000,33554432,0,0,1
fixed,full_n1048576,scalar_lanes,31,4,853479.250,33554432,0,0,1
fixed,full_n1048576,prepared,31,4,766281.250,33554432,0,0,1
fixed,full_n1048576,specialized,32,4,767927.000,33554432,0,0,1
fixed,full_n1048576,scalar_lanes,32,4,860093.750,33554432,0,0,1
fixed,full_n1048576,shared,32,4,848270.750,33554432,0,0,1
fixed,full_n1048576,flock,32,4,864510.500,33554432,0,0,1
fixed,full_n1048576,prepared,32,4,767604.250,33554432,0,0,1
fixed,full_n1048576,shared,33,4,853208.250,33554432,0,0,1
fixed,full_n1048576,flock,33,4,849760.500,33554432,0,0,1
fixed,full_n1048576,prepared,33,4,766604.250,33554432,0,0,1
fixed,full_n1048576,specialized,33,4,764916.750,33554432,0,0,1
fixed,full_n1048576,scalar_lanes,33,4,850229.000,33554432,0,0,1
fixed,full_n1048576,scalar_lanes,34,4,850531.250,33554432,0,0,1
fixed,full_n1048576,flock,34,4,850104.000,33554432,0,0,1
fixed,full_n1048576,specialized,34,4,766698.000,33554432,0,0,1
fixed,full_n1048576,shared,34,4,849593.750,33554432,0,0,1
fixed,full_n1048576,prepared,34,4,765208.250,33554432,0,0,1
fixed,full_n1048576,shared,35,4,857010.500,33554432,0,0,1
fixed,full_n1048576,prepared,35,4,767000.000,33554432,0,0,1
fixed,full_n1048576,flock,35,4,852447.750,33554432,0,0,1
fixed,full_n1048576,scalar_lanes,35,4,848489.750,33554432,0,0,1
fixed,full_n1048576,specialized,35,4,764010.250,33554432,0,0,1
fixed,full_n1048576,shared,36,4,853104.250,33554432,0,0,1
fixed,full_n1048576,flock,36,4,851937.500,33554432,0,0,1
fixed,full_n1048576,scalar_lanes,36,4,848208.250,33554432,0,0,1
fixed,full_n1048576,prepared,36,4,764666.500,33554432,0,0,1
fixed,full_n1048576,specialized,36,4,764270.750,33554432,0,0,1
fixed,full_n1048576,prepared,37,4,764541.500,33554432,0,0,1
fixed,full_n1048576,specialized,37,4,765250.000,33554432,0,0,1
fixed,full_n1048576,scalar_lanes,37,4,848198.000,33554432,0,0,1
fixed,full_n1048576,shared,37,4,849750.000,33554432,0,0,1
fixed,full_n1048576,flock,37,4,849593.750,33554432,0,0,1
fixed,full_n1048576,shared,38,4,864447.750,33554432,0,0,1
fixed,full_n1048576,flock,38,4,858218.750,33554432,0,0,1
fixed,full_n1048576,specialized,38,4,765343.750,33554432,0,0,1
fixed,full_n1048576,scalar_lanes,38,4,847864.500,33554432,0,0,1
fixed,full_n1048576,prepared,38,4,763791.500,33554432,0,0,1
fixed,full_n1048576,flock,39,4,853312.500,33554432,0,0,1
fixed,full_n1048576,specialized,39,4,762510.500,33554432,0,0,1
fixed,full_n1048576,scalar_lanes,39,4,851156.250,33554432,0,0,1
fixed,full_n1048576,prepared,39,4,764864.500,33554432,0,0,1
fixed,full_n1048576,shared,39,4,848135.500,33554432,0,0,1
fixed,full_n1048576,scalar_lanes,40,4,852541.500,33554432,0,0,1
fixed,full_n1048576,specialized,40,4,767312.500,33554432,0,0,1
fixed,full_n1048576,flock,40,4,849312.500,33554432,0,0,1
fixed,full_n1048576,shared,40,4,853062.500,33554432,0,0,1
fixed,full_n1048576,prepared,40,4,765802.000,33554432,0,0,1
fixed,full_n1048576,scalar_lanes,41,4,847573.000,33554432,0,0,1
fixed,full_n1048576,shared,41,4,848375.000,33554432,0,0,1
fixed,full_n1048576,specialized,41,4,767937.500,33554432,0,0,1
fixed,full_n1048576,flock,41,4,850500.000,33554432,0,0,1
fixed,full_n1048576,prepared,41,4,765812.500,33554432,0,0,1
fixed,full_n1048576,specialized,42,4,764000.000,33554432,0,0,1
fixed,full_n1048576,scalar_lanes,42,4,850041.750,33554432,0,0,1
fixed,full_n1048576,shared,42,4,848010.500,33554432,0,0,1
fixed,full_n1048576,prepared,42,4,765854.250,33554432,0,0,1
fixed,full_n1048576,flock,42,4,853875.000,33554432,0,0,1
fixed,full_n1048576,prepared,43,4,783541.500,33554432,0,0,1
fixed,full_n1048576,flock,43,4,850010.500,33554432,0,0,1
fixed,full_n1048576,scalar_lanes,43,4,850250.000,33554432,0,0,1
fixed,full_n1048576,shared,43,4,848489.500,33554432,0,0,1
fixed,full_n1048576,specialized,43,4,771083.250,33554432,0,0,1
fixed,full_n1048576,flock,44,4,850385.500,33554432,0,0,1
fixed,full_n1048576,shared,44,4,848135.250,33554432,0,0,1
fixed,full_n1048576,scalar_lanes,44,4,857333.500,33554432,0,0,1
fixed,full_n1048576,prepared,44,4,764447.750,33554432,0,0,1
fixed,full_n1048576,specialized,44,4,765958.500,33554432,0,0,1
fixed,full_n1048576,scalar_lanes,45,4,853323.000,33554432,0,0,1
fixed,full_n1048576,shared,45,4,850635.500,33554432,0,0,1
fixed,full_n1048576,specialized,45,4,763833.250,33554432,0,0,1
fixed,full_n1048576,flock,45,4,851687.500,33554432,0,0,1
fixed,full_n1048576,prepared,45,4,784448.000,33554432,0,0,1
fixed,full_n1048576,flock,46,4,861521.000,33554432,0,0,1
fixed,full_n1048576,specialized,46,4,771000.000,33554432,0,0,1
fixed,full_n1048576,shared,46,4,847885.250,33554432,0,0,1
fixed,full_n1048576,scalar_lanes,46,4,847177.000,33554432,0,0,1
fixed,full_n1048576,prepared,46,4,773552.000,33554432,0,0,1
fixed,full_n1048576,scalar_lanes,47,4,852354.250,33554432,0,0,1
fixed,full_n1048576,shared,47,4,848479.000,33554432,0,0,1
fixed,full_n1048576,prepared,47,4,763593.750,33554432,0,0,1
fixed,full_n1048576,specialized,47,4,764229.250,33554432,0,0,1
fixed,full_n1048576,flock,47,4,852145.750,33554432,0,0,1
fixed,full_n1048576,prepared,48,4,765177.000,33554432,0,0,1
fixed,full_n1048576,shared,48,4,852927.000,33554432,0,0,1
fixed,full_n1048576,flock,48,4,841729.250,33554432,0,0,1
fixed,full_n1048576,specialized,48,4,763583.250,33554432,0,0,1
fixed,full_n1048576,scalar_lanes,48,4,851666.750,33554432,0,0,1
fixed,full_n1048576,specialized,49,4,774406.250,33554432,0,0,1
fixed,full_n1048576,prepared,49,4,769510.500,33554432,0,0,1
fixed,full_n1048576,shared,49,4,858364.500,33554432,0,0,1
fixed,full_n1048576,flock,49,4,854020.750,33554432,0,0,1
fixed,full_n1048576,scalar_lanes,49,4,850281.250,33554432,0,0,1
fixed,full_n1048576,shared,50,4,845489.750,33554432,0,0,1
fixed,full_n1048576,specialized,50,4,772010.500,33554432,0,0,1
fixed,full_n1048576,scalar_lanes,50,4,852354.250,33554432,0,0,1
fixed,full_n1048576,flock,50,4,855552.250,33554432,0,0,1
fixed,full_n1048576,prepared,50,4,773479.250,33554432,0,0,1
fixed,full_n1048576,specialized,51,4,762625.000,33554432,0,0,1
fixed,full_n1048576,prepared,51,4,765458.250,33554432,0,0,1
fixed,full_n1048576,shared,51,4,855760.500,33554432,0,0,1
fixed,full_n1048576,flock,51,4,859573.000,33554432,0,0,1
fixed,full_n1048576,scalar_lanes,51,4,853989.500,33554432,0,0,1
fixed,full_n1048576,specialized,52,4,761448.000,33554432,0,0,1
fixed,full_n1048576,flock,52,4,849625.000,33554432,0,0,1
fixed,full_n1048576,scalar_lanes,52,4,867187.500,33554432,0,0,1
fixed,full_n1048576,prepared,52,4,871729.250,33554432,0,0,1
fixed,full_n1048576,shared,52,4,858166.500,33554432,0,0,1
fixed,full_n1048576,flock,53,4,868447.750,33554432,0,0,1
fixed,full_n1048576,specialized,53,4,773187.500,33554432,0,0,1
fixed,full_n1048576,shared,53,4,855416.500,33554432,0,0,1
fixed,full_n1048576,scalar_lanes,53,4,851198.000,33554432,0,0,1
fixed,full_n1048576,prepared,53,4,772854.250,33554432,0,0,1
fixed,full_n1048576,specialized,54,4,770010.500,33554432,0,0,1
fixed,full_n1048576,prepared,54,4,766270.750,33554432,0,0,1
fixed,full_n1048576,scalar_lanes,54,4,856135.500,33554432,0,0,1
fixed,full_n1048576,flock,54,4,850958.250,33554432,0,0,1
fixed,full_n1048576,shared,54,4,853979.250,33554432,0,0,1
fixed,full_n1048576,flock,55,4,849479.000,33554432,0,0,1
fixed,full_n1048576,shared,55,4,838781.250,33554432,0,0,1
fixed,full_n1048576,scalar_lanes,55,4,852021.000,33554432,0,0,1
fixed,full_n1048576,prepared,55,4,769000.000,33554432,0,0,1
fixed,full_n1048576,specialized,55,4,766364.500,33554432,0,0,1
fixed,full_n1048576,prepared,56,4,766718.750,33554432,0,0,1
fixed,full_n1048576,specialized,56,4,769312.500,33554432,0,0,1
fixed,full_n1048576,scalar_lanes,56,4,851614.750,33554432,0,0,1
fixed,full_n1048576,shared,56,4,850646.000,33554432,0,0,1
fixed,full_n1048576,flock,56,4,855885.500,33554432,0,0,1
fixed,full_n1048576,prepared,57,4,765760.250,33554432,0,0,1
fixed,full_n1048576,flock,57,4,852510.250,33554432,0,0,1
fixed,full_n1048576,specialized,57,4,766385.250,33554432,0,0,1
fixed,full_n1048576,scalar_lanes,57,4,853718.750,33554432,0,0,1
fixed,full_n1048576,shared,57,4,851635.250,33554432,0,0,1
fixed,full_n1048576,flock,58,4,849208.250,33554432,0,0,1
fixed,full_n1048576,specialized,58,4,764698.000,33554432,0,0,1
fixed,full_n1048576,shared,58,4,851020.750,33554432,0,0,1
fixed,full_n1048576,prepared,58,4,767166.500,33554432,0,0,1
fixed,full_n1048576,scalar_lanes,58,4,850354.250,33554432,0,0,1
fixed,full_n1048576,specialized,59,4,767875.000,33554432,0,0,1
fixed,full_n1048576,prepared,59,4,766989.500,33554432,0,0,1
fixed,full_n1048576,scalar_lanes,59,4,852468.750,33554432,0,0,1
fixed,full_n1048576,shared,59,4,850791.750,33554432,0,0,1
fixed,full_n1048576,flock,59,4,850323.000,33554432,0,0,1
fixed,full_n1048576,scalar_lanes,60,4,852791.750,33554432,0,0,1
fixed,full_n1048576,shared,60,4,850739.500,33554432,0,0,1
fixed,full_n1048576,prepared,60,4,763854.250,33554432,0,0,1
fixed,full_n1048576,specialized,60,4,767177.000,33554432,0,0,1
fixed,full_n1048576,flock,60,4,850958.250,33554432,0,0,1
fixed,full_n1048576,prepared,61,4,765583.250,33554432,0,0,1
fixed,full_n1048576,shared,61,4,850260.250,33554432,0,0,1
fixed,full_n1048576,scalar_lanes,61,4,850521.000,33554432,0,0,1
fixed,full_n1048576,specialized,61,4,765614.750,33554432,0,0,1
fixed,full_n1048576,flock,61,4,853208.500,33554432,0,0,1
fixed,full_n1048576,shared,62,4,847614.500,33554432,0,0,1
fixed,full_n1048576,flock,62,4,849843.750,33554432,0,0,1
fixed,full_n1048576,specialized,62,4,768979.250,33554432,0,0,1
fixed,full_n1048576,scalar_lanes,62,4,849750.000,33554432,0,0,1
fixed,full_n1048576,prepared,62,4,765593.750,33554432,0,0,1
fixed,full_n1048576,shared,63,4,858812.500,33554432,0,0,1
fixed,full_n1048576,specialized,63,4,762260.500,33554432,0,0,1
fixed,full_n1048576,prepared,63,4,762822.750,33554432,0,0,1
fixed,full_n1048576,flock,63,4,849822.750,33554432,0,0,1
fixed,full_n1048576,scalar_lanes,63,4,849604.250,33554432,0,0,1
butterfly,full_n1048576,scalar_lanes,0,4,1198552.250,67108864,0,0,1
butterfly,full_n1048576,flock,0,4,1196760.500,67108864,0,0,1
butterfly,full_n1048576,specialized,0,4,1142510.500,67108864,0,0,1
butterfly,full_n1048576,shared,0,4,1195593.750,67108864,0,0,1
butterfly,full_n1048576,prepared,0,4,1140968.750,67108864,0,0,1
butterfly,full_n1048576,scalar_lanes,1,4,1196323.000,67108864,0,0,1
butterfly,full_n1048576,flock,1,4,1190812.500,67108864,0,0,1
butterfly,full_n1048576,specialized,1,4,1135906.250,67108864,0,0,1
butterfly,full_n1048576,shared,1,4,1192354.250,67108864,0,0,1
butterfly,full_n1048576,prepared,1,4,1136208.250,67108864,0,0,1
butterfly,full_n1048576,prepared,2,4,1140322.750,67108864,0,0,1
butterfly,full_n1048576,specialized,2,4,1135718.750,67108864,0,0,1
butterfly,full_n1048576,scalar_lanes,2,4,1191010.500,67108864,0,0,1
butterfly,full_n1048576,shared,2,4,1219312.500,67108864,0,0,1
butterfly,full_n1048576,flock,2,4,1223260.500,67108864,0,0,1
butterfly,full_n1048576,shared,3,4,1191843.750,67108864,0,0,1
butterfly,full_n1048576,prepared,3,4,1136562.500,67108864,0,0,1
butterfly,full_n1048576,flock,3,4,1194614.500,67108864,0,0,1
butterfly,full_n1048576,specialized,3,4,1136312.500,67108864,0,0,1
butterfly,full_n1048576,scalar_lanes,3,4,1197458.500,67108864,0,0,1
butterfly,full_n1048576,flock,4,4,1193937.500,67108864,0,0,1
butterfly,full_n1048576,specialized,4,4,1141666.750,67108864,0,0,1
butterfly,full_n1048576,shared,4,4,1198791.500,67108864,0,0,1
butterfly,full_n1048576,prepared,4,4,1148645.750,67108864,0,0,1
butterfly,full_n1048576,scalar_lanes,4,4,1193448.000,67108864,0,0,1
butterfly,full_n1048576,flock,5,4,1192572.750,67108864,0,0,1
butterfly,full_n1048576,shared,5,4,1192729.250,67108864,0,0,1
butterfly,full_n1048576,specialized,5,4,1139583.500,67108864,0,0,1
butterfly,full_n1048576,scalar_lanes,5,4,1189541.500,67108864,0,0,1
butterfly,full_n1048576,prepared,5,4,1138614.750,67108864,0,0,1
butterfly,full_n1048576,flock,6,4,1190552.000,67108864,0,0,1
butterfly,full_n1048576,prepared,6,4,1137187.500,67108864,0,0,1
butterfly,full_n1048576,shared,6,4,1189468.750,67108864,0,0,1
butterfly,full_n1048576,scalar_lanes,6,4,1197135.500,67108864,0,0,1
butterfly,full_n1048576,specialized,6,4,1135250.000,67108864,0,0,1
butterfly,full_n1048576,scalar_lanes,7,4,1189583.250,67108864,0,0,1
butterfly,full_n1048576,flock,7,4,1190771.000,67108864,0,0,1
butterfly,full_n1048576,shared,7,4,1189760.500,67108864,0,0,1
butterfly,full_n1048576,specialized,7,4,1137677.250,67108864,0,0,1
butterfly,full_n1048576,prepared,7,4,1141156.250,67108864,0,0,1
butterfly,full_n1048576,prepared,8,4,1138010.250,67108864,0,0,1
butterfly,full_n1048576,shared,8,4,1190468.750,67108864,0,0,1
butterfly,full_n1048576,specialized,8,4,1143135.250,67108864,0,0,1
butterfly,full_n1048576,scalar_lanes,8,4,1192958.500,67108864,0,0,1
butterfly,full_n1048576,flock,8,4,1194437.500,67108864,0,0,1
butterfly,full_n1048576,shared,9,4,1193552.000,67108864,0,0,1
butterfly,full_n1048576,flock,9,4,1194458.500,67108864,0,0,1
butterfly,full_n1048576,prepared,9,4,1138958.250,67108864,0,0,1
butterfly,full_n1048576,scalar_lanes,9,4,1194593.750,67108864,0,0,1
butterfly,full_n1048576,specialized,9,4,1136604.250,67108864,0,0,1
butterfly,full_n1048576,specialized,10,4,1135979.000,67108864,0,0,1
butterfly,full_n1048576,scalar_lanes,10,4,1190781.250,67108864,0,0,1
butterfly,full_n1048576,shared,10,4,1191552.250,67108864,0,0,1
butterfly,full_n1048576,prepared,10,4,1143281.250,67108864,0,0,1
butterfly,full_n1048576,flock,10,4,1195479.250,67108864,0,0,1
butterfly,full_n1048576,scalar_lanes,11,4,1194385.250,67108864,0,0,1
butterfly,full_n1048576,specialized,11,4,1140781.250,67108864,0,0,1
butterfly,full_n1048576,shared,11,4,1198687.500,67108864,0,0,1
butterfly,full_n1048576,flock,11,4,1193031.250,67108864,0,0,1
butterfly,full_n1048576,prepared,11,4,1144208.250,67108864,0,0,1
butterfly,full_n1048576,flock,12,4,1195989.500,67108864,0,0,1
butterfly,full_n1048576,specialized,12,4,1144989.750,67108864,0,0,1
butterfly,full_n1048576,shared,12,4,1195448.000,67108864,0,0,1
butterfly,full_n1048576,scalar_lanes,12,4,1200489.750,67108864,0,0,1
butterfly,full_n1048576,prepared,12,4,1141020.750,67108864,0,0,1
butterfly,full_n1048576,scalar_lanes,13,4,1197333.250,67108864,0,0,1
butterfly,full_n1048576,shared,13,4,1190895.750,67108864,0,0,1
butterfly,full_n1048576,prepared,13,4,1140302.250,67108864,0,0,1
butterfly,full_n1048576,flock,13,4,1196521.000,67108864,0,0,1
butterfly,full_n1048576,specialized,13,4,1138395.750,67108864,0,0,1
butterfly,full_n1048576,shared,14,4,1193239.500,67108864,0,0,1
butterfly,full_n1048576,scalar_lanes,14,4,1200187.500,67108864,0,0,1
butterfly,full_n1048576,prepared,14,4,1151604.000,67108864,0,0,1
butterfly,full_n1048576,flock,14,4,1197302.000,67108864,0,0,1
butterfly,full_n1048576,specialized,14,4,1140270.750,67108864,0,0,1
butterfly,full_n1048576,specialized,15,4,1136833.250,67108864,0,0,1
butterfly,full_n1048576,flock,15,4,1197729.000,67108864,0,0,1
butterfly,full_n1048576,shared,15,4,1190593.750,67108864,0,0,1
butterfly,full_n1048576,prepared,15,4,1137125.000,67108864,0,0,1
butterfly,full_n1048576,scalar_lanes,15,4,1192677.000,67108864,0,0,1
butterfly,full_n1048576,shared,16,4,1200979.250,67108864,0,0,1
butterfly,full_n1048576,prepared,16,4,1148343.750,67108864,0,0,1
butterfly,full_n1048576,specialized,16,4,1151198.000,67108864,0,0,1
butterfly,full_n1048576,scalar_lanes,16,4,1198260.250,67108864,0,0,1
butterfly,full_n1048576,flock,16,4,1202385.500,67108864,0,0,1
butterfly,full_n1048576,scalar_lanes,17,4,1203198.000,67108864,0,0,1
butterfly,full_n1048576,specialized,17,4,1143583.250,67108864,0,0,1
butterfly,full_n1048576,flock,17,4,1197573.000,67108864,0,0,1
butterfly,full_n1048576,shared,17,4,1195802.250,67108864,0,0,1
butterfly,full_n1048576,prepared,17,4,1144020.750,67108864,0,0,1
butterfly,full_n1048576,flock,18,4,1194854.000,67108864,0,0,1
butterfly,full_n1048576,shared,18,4,1198104.250,67108864,0,0,1
butterfly,full_n1048576,scalar_lanes,18,4,1196135.500,67108864,0,0,1
butterfly,full_n1048576,specialized,18,4,1146000.000,67108864,0,0,1
butterfly,full_n1048576,prepared,18,4,1145583.500,67108864,0,0,1
butterfly,full_n1048576,shared,19,4,1201125.000,67108864,0,0,1
butterfly,full_n1048576,scalar_lanes,19,4,1194448.000,67108864,0,0,1
butterfly,full_n1048576,flock,19,4,1198093.750,67108864,0,0,1
butterfly,full_n1048576,specialized,19,4,1141260.500,67108864,0,0,1
butterfly,full_n1048576,prepared,19,4,1143802.250,67108864,0,0,1
butterfly,full_n1048576,specialized,20,4,1142031.250,67108864,0,0,1
butterfly,full_n1048576,scalar_lanes,20,4,1195677.250,67108864,0,0,1
butterfly,full_n1048576,prepared,20,4,1143271.000,67108864,0,0,1
butterfly,full_n1048576,flock,20,4,1194448.000,67108864,0,0,1
butterfly,full_n1048576,shared,20,4,1198166.750,67108864,0,0,1
butterfly,full_n1048576,shared,21,4,1194156.250,67108864,0,0,1
butterfly,full_n1048576,flock,21,4,1197948.000,67108864,0,0,1
butterfly,full_n1048576,specialized,21,4,1153291.500,67108864,0,0,1
butterfly,full_n1048576,prepared,21,4,1275541.750,67108864,0,0,1
butterfly,full_n1048576,scalar_lanes,21,4,1283135.250,67108864,0,0,1
butterfly,full_n1048576,shared,22,4,1291291.750,67108864,0,0,1
butterfly,full_n1048576,prepared,22,4,1217010.500,67108864,0,0,1
butterfly,full_n1048576,flock,22,4,1215062.500,67108864,0,0,1
butterfly,full_n1048576,scalar_lanes,22,4,1193843.750,67108864,0,0,1
butterfly,full_n1048576,specialized,22,4,1148166.750,67108864,0,0,1
butterfly,full_n1048576,prepared,23,4,1142052.250,67108864,0,0,1
butterfly,full_n1048576,shared,23,4,1205000.000,67108864,0,0,1
butterfly,full_n1048576,flock,23,4,1204322.750,67108864,0,0,1
butterfly,full_n1048576,scalar_lanes,23,4,1200385.250,67108864,0,0,1
butterfly,full_n1048576,specialized,23,4,1152916.500,67108864,0,0,1
butterfly,full_n1048576,shared,24,4,1194020.750,67108864,0,0,1
butterfly,full_n1048576,specialized,24,4,1149229.250,67108864,0,0,1
butterfly,full_n1048576,flock,24,4,1200073.000,67108864,0,0,1
butterfly,full_n1048576,prepared,24,4,1152031.250,67108864,0,0,1
butterfly,full_n1048576,scalar_lanes,24,4,1205822.750,67108864,0,0,1
butterfly,full_n1048576,specialized,25,4,1146416.750,67108864,0,0,1
butterfly,full_n1048576,shared,25,4,1205468.750,67108864,0,0,1
butterfly,full_n1048576,scalar_lanes,25,4,1194760.500,67108864,0,0,1
butterfly,full_n1048576,prepared,25,4,1146541.500,67108864,0,0,1
butterfly,full_n1048576,flock,25,4,1194864.500,67108864,0,0,1
butterfly,full_n1048576,specialized,26,4,1148395.750,67108864,0,0,1
butterfly,full_n1048576,flock,26,4,1198666.750,67108864,0,0,1
butterfly,full_n1048576,scalar_lanes,26,4,1196562.500,67108864,0,0,1
butterfly,full_n1048576,shared,26,4,1220281.250,67108864,0,0,1
butterfly,full_n1048576,prepared,26,4,1153864.500,67108864,0,0,1
butterfly,full_n1048576,scalar_lanes,27,4,1200927.000,67108864,0,0,1
butterfly,full_n1048576,shared,27,4,1194479.250,67108864,0,0,1
butterfly,full_n1048576,specialized,27,4,1145520.750,67108864,0,0,1
butterfly,full_n1048576,prepared,27,4,1148166.750,67108864,0,0,1
butterfly,full_n1048576,flock,27,4,1193166.750,67108864,0,0,1
butterfly,full_n1048576,flock,28,4,1199781.250,67108864,0,0,1
butterfly,full_n1048576,shared,28,4,1196312.500,67108864,0,0,1
butterfly,full_n1048576,scalar_lanes,28,4,1200833.250,67108864,0,0,1
butterfly,full_n1048576,prepared,28,4,1139958.500,67108864,0,0,1
butterfly,full_n1048576,specialized,28,4,1145729.000,67108864,0,0,1
butterfly,full_n1048576,specialized,29,4,1160125.000,67108864,0,0,1
butterfly,full_n1048576,shared,29,4,1207843.750,67108864,0,0,1
butterfly,full_n1048576,scalar_lanes,29,4,1207375.000,67108864,0,0,1
butterfly,full_n1048576,prepared,29,4,1142760.250,67108864,0,0,1
butterfly,full_n1048576,flock,29,4,1193989.500,67108864,0,0,1
butterfly,full_n1048576,prepared,30,4,1141760.250,67108864,0,0,1
butterfly,full_n1048576,shared,30,4,1193187.500,67108864,0,0,1
butterfly,full_n1048576,flock,30,4,1193760.500,67108864,0,0,1
butterfly,full_n1048576,specialized,30,4,1140552.000,67108864,0,0,1
butterfly,full_n1048576,scalar_lanes,30,4,1193979.250,67108864,0,0,1
butterfly,full_n1048576,shared,31,4,1196895.750,67108864,0,0,1
butterfly,full_n1048576,specialized,31,4,1138697.750,67108864,0,0,1
butterfly,full_n1048576,flock,31,4,1194364.500,67108864,0,0,1
butterfly,full_n1048576,scalar_lanes,31,4,1193916.750,67108864,0,0,1
butterfly,full_n1048576,prepared,31,4,1143166.500,67108864,0,0,1
butterfly,full_n1048576,shared,32,4,1199333.250,67108864,0,0,1
butterfly,full_n1048576,scalar_lanes,32,4,1197645.750,67108864,0,0,1
butterfly,full_n1048576,prepared,32,4,1140396.000,67108864,0,0,1
butterfly,full_n1048576,flock,32,4,1195229.250,67108864,0,0,1
butterfly,full_n1048576,specialized,32,4,1143625.000,67108864,0,0,1
butterfly,full_n1048576,shared,33,4,1195729.250,67108864,0,0,1
butterfly,full_n1048576,prepared,33,4,1143948.000,67108864,0,0,1
butterfly,full_n1048576,flock,33,4,1193250.000,67108864,0,0,1
butterfly,full_n1048576,scalar_lanes,33,4,1193770.750,67108864,0,0,1
butterfly,full_n1048576,specialized,33,4,1143895.750,67108864,0,0,1
butterfly,full_n1048576,prepared,34,4,1141250.000,67108864,0,0,1
butterfly,full_n1048576,shared,34,4,1191666.750,67108864,0,0,1
butterfly,full_n1048576,specialized,34,4,1141010.500,67108864,0,0,1
butterfly,full_n1048576,flock,34,4,1193927.000,67108864,0,0,1
butterfly,full_n1048576,scalar_lanes,34,4,1194896.000,67108864,0,0,1
butterfly,full_n1048576,prepared,35,4,1139906.250,67108864,0,0,1
butterfly,full_n1048576,flock,35,4,1195729.000,67108864,0,0,1
butterfly,full_n1048576,scalar_lanes,35,4,1192781.250,67108864,0,0,1
butterfly,full_n1048576,specialized,35,4,1139479.000,67108864,0,0,1
butterfly,full_n1048576,shared,35,4,1194083.250,67108864,0,0,1
butterfly,full_n1048576,specialized,36,4,1143791.750,67108864,0,0,1
butterfly,full_n1048576,scalar_lanes,36,4,1192843.750,67108864,0,0,1
butterfly,full_n1048576,prepared,36,4,1141354.000,67108864,0,0,1
butterfly,full_n1048576,shared,36,4,1194031.250,67108864,0,0,1
butterfly,full_n1048576,flock,36,4,1194822.750,67108864,0,0,1
butterfly,full_n1048576,specialized,37,4,1137031.250,67108864,0,0,1
butterfly,full_n1048576,shared,37,4,1193572.750,67108864,0,0,1
butterfly,full_n1048576,prepared,37,4,1141125.000,67108864,0,0,1
butterfly,full_n1048576,scalar_lanes,37,4,1193062.500,67108864,0,0,1
butterfly,full_n1048576,flock,37,4,1200593.750,67108864,0,0,1
butterfly,full_n1048576,shared,38,4,1192614.500,67108864,0,0,1
butterfly,full_n1048576,flock,38,4,1198791.750,67108864,0,0,1
butterfly,full_n1048576,prepared,38,4,1140104.250,67108864,0,0,1
butterfly,full_n1048576,specialized,38,4,1141041.750,67108864,0,0,1
butterfly,full_n1048576,scalar_lanes,38,4,1193343.750,67108864,0,0,1
butterfly,full_n1048576,shared,39,4,1194218.750,67108864,0,0,1
butterfly,full_n1048576,flock,39,4,1193271.000,67108864,0,0,1
butterfly,full_n1048576,scalar_lanes,39,4,1195666.750,67108864,0,0,1
butterfly,full_n1048576,specialized,39,4,1139343.750,67108864,0,0,1
butterfly,full_n1048576,prepared,39,4,1139718.750,67108864,0,0,1
butterfly,full_n1048576,scalar_lanes,40,4,1194020.750,67108864,0,0,1
butterfly,full_n1048576,specialized,40,4,1141104.250,67108864,0,0,1
butterfly,full_n1048576,prepared,40,4,1141093.750,67108864,0,0,1
butterfly,full_n1048576,shared,40,4,1198145.750,67108864,0,0,1
butterfly,full_n1048576,flock,40,4,1195041.750,67108864,0,0,1
butterfly,full_n1048576,specialized,41,4,1139395.750,67108864,0,0,1
butterfly,full_n1048576,prepared,41,4,1143270.750,67108864,0,0,1
butterfly,full_n1048576,scalar_lanes,41,4,1192396.000,67108864,0,0,1
butterfly,full_n1048576,flock,41,4,1199885.500,67108864,0,0,1
butterfly,full_n1048576,shared,41,4,1194125.000,67108864,0,0,1
butterfly,full_n1048576,flock,42,4,1195354.000,67108864,0,0,1
butterfly,full_n1048576,shared,42,4,1192885.250,67108864,0,0,1
butterfly,full_n1048576,prepared,42,4,1146260.250,67108864,0,0,1
butterfly,full_n1048576,scalar_lanes,42,4,1194927.000,67108864,0,0,1
butterfly,full_n1048576,specialized,42,4,1142791.750,67108864,0,0,1
butterfly,full_n1048576,scalar_lanes,43,4,1191948.000,67108864,0,0,1
butterfly,full_n1048576,specialized,43,4,1136750.000,67108864,0,0,1
butterfly,full_n1048576,shared,43,4,1190489.500,67108864,0,0,1
butterfly,full_n1048576,flock,43,4,1191010.250,67108864,0,0,1
butterfly,full_n1048576,prepared,43,4,1138583.250,67108864,0,0,1
butterfly,full_n1048576,shared,44,4,1196541.500,67108864,0,0,1
butterfly,full_n1048576,scalar_lanes,44,4,1193771.000,67108864,0,0,1
butterfly,full_n1048576,flock,44,4,1190302.000,67108864,0,0,1
butterfly,full_n1048576,specialized,44,4,1142437.500,67108864,0,0,1
butterfly,full_n1048576,prepared,44,4,1140322.750,67108864,0,0,1
butterfly,full_n1048576,scalar_lanes,45,4,1190760.500,67108864,0,0,1
butterfly,full_n1048576,specialized,45,4,1135343.750,67108864,0,0,1
butterfly,full_n1048576,prepared,45,4,1144198.000,67108864,0,0,1
butterfly,full_n1048576,flock,45,4,1193833.500,67108864,0,0,1
butterfly,full_n1048576,shared,45,4,1191823.000,67108864,0,0,1
butterfly,full_n1048576,shared,46,4,1191843.750,67108864,0,0,1
butterfly,full_n1048576,scalar_lanes,46,4,1197229.250,67108864,0,0,1
butterfly,full_n1048576,prepared,46,4,1137864.750,67108864,0,0,1
butterfly,full_n1048576,flock,46,4,1190968.750,67108864,0,0,1
butterfly,full_n1048576,specialized,46,4,1143302.250,67108864,0,0,1
butterfly,full_n1048576,specialized,47,4,1142354.000,67108864,0,0,1
butterfly,full_n1048576,flock,47,4,1190021.000,67108864,0,0,1
butterfly,full_n1048576,prepared,47,4,1140218.750,67108864,0,0,1
butterfly,full_n1048576,shared,47,4,1196771.000,67108864,0,0,1
butterfly,full_n1048576,scalar_lanes,47,4,1232677.250,67108864,0,0,1
butterfly,full_n1048576,prepared,48,4,1166239.500,67108864,0,0,1
butterfly,full_n1048576,shared,48,4,1196698.000,67108864,0,0,1
butterfly,full_n1048576,specialized,48,4,1142708.250,67108864,0,0,1
butterfly,full_n1048576,scalar_lanes,48,4,1194677.250,67108864,0,0,1
butterfly,full_n1048576,flock,48,4,1196885.500,67108864,0,0,1
butterfly,full_n1048576,specialized,49,4,1146218.750,67108864,0,0,1
butterfly,full_n1048576,prepared,49,4,1143500.000,67108864,0,0,1
butterfly,full_n1048576,flock,49,4,1193593.750,67108864,0,0,1
butterfly,full_n1048576,scalar_lanes,49,4,1196302.000,67108864,0,0,1
butterfly,full_n1048576,shared,49,4,1195146.000,67108864,0,0,1
butterfly,full_n1048576,prepared,50,4,1139583.250,67108864,0,0,1
butterfly,full_n1048576,flock,50,4,1195468.750,67108864,0,0,1
butterfly,full_n1048576,shared,50,4,1196281.250,67108864,0,0,1
butterfly,full_n1048576,scalar_lanes,50,4,1191229.250,67108864,0,0,1
butterfly,full_n1048576,specialized,50,4,1149781.250,67108864,0,0,1
butterfly,full_n1048576,scalar_lanes,51,4,1194656.250,67108864,0,0,1
butterfly,full_n1048576,specialized,51,4,1146145.750,67108864,0,0,1
butterfly,full_n1048576,flock,51,4,1195718.750,67108864,0,0,1
butterfly,full_n1048576,shared,51,4,1194364.750,67108864,0,0,1
butterfly,full_n1048576,prepared,51,4,1141458.500,67108864,0,0,1
butterfly,full_n1048576,prepared,52,4,1140968.750,67108864,0,0,1
butterfly,full_n1048576,specialized,52,4,1141145.750,67108864,0,0,1
butterfly,full_n1048576,flock,52,4,1192812.500,67108864,0,0,1
butterfly,full_n1048576,shared,52,4,1198250.000,67108864,0,0,1
butterfly,full_n1048576,scalar_lanes,52,4,1195562.500,67108864,0,0,1
butterfly,full_n1048576,flock,53,4,1196416.500,67108864,0,0,1
butterfly,full_n1048576,specialized,53,4,1139646.000,67108864,0,0,1
butterfly,full_n1048576,prepared,53,4,1137656.250,67108864,0,0,1
butterfly,full_n1048576,shared,53,4,1208521.000,67108864,0,0,1
butterfly,full_n1048576,scalar_lanes,53,4,1197916.750,67108864,0,0,1
butterfly,full_n1048576,shared,54,4,1201645.750,67108864,0,0,1
butterfly,full_n1048576,prepared,54,4,1146750.000,67108864,0,0,1
butterfly,full_n1048576,specialized,54,4,1146198.000,67108864,0,0,1
butterfly,full_n1048576,flock,54,4,1195677.000,67108864,0,0,1
butterfly,full_n1048576,scalar_lanes,54,4,1201604.000,67108864,0,0,1
butterfly,full_n1048576,shared,55,4,1197864.750,67108864,0,0,1
butterfly,full_n1048576,specialized,55,4,1143666.750,67108864,0,0,1
butterfly,full_n1048576,scalar_lanes,55,4,1194250.000,67108864,0,0,1
butterfly,full_n1048576,flock,55,4,1198833.250,67108864,0,0,1
butterfly,full_n1048576,prepared,55,4,1141645.750,67108864,0,0,1
butterfly,full_n1048576,prepared,56,4,1142708.250,67108864,0,0,1
butterfly,full_n1048576,specialized,56,4,1141437.500,67108864,0,0,1
butterfly,full_n1048576,shared,56,4,1197229.250,67108864,0,0,1
butterfly,full_n1048576,flock,56,4,1197510.500,67108864,0,0,1
butterfly,full_n1048576,scalar_lanes,56,4,1202875.000,67108864,0,0,1
butterfly,full_n1048576,flock,57,4,1201875.000,67108864,0,0,1
butterfly,full_n1048576,scalar_lanes,57,4,1254927.250,67108864,0,0,1
butterfly,full_n1048576,shared,57,4,1207854.250,67108864,0,0,1
butterfly,full_n1048576,specialized,57,4,1205562.500,67108864,0,0,1
butterfly,full_n1048576,prepared,57,4,1216896.000,67108864,0,0,1
butterfly,full_n1048576,specialized,58,4,1200770.750,67108864,0,0,1
butterfly,full_n1048576,flock,58,4,1253958.500,67108864,0,0,1
butterfly,full_n1048576,prepared,58,4,1153573.000,67108864,0,0,1
butterfly,full_n1048576,scalar_lanes,58,4,1195479.250,67108864,0,0,1
butterfly,full_n1048576,shared,58,4,1208927.250,67108864,0,0,1
butterfly,full_n1048576,specialized,59,4,1149531.250,67108864,0,0,1
butterfly,full_n1048576,flock,59,4,1195833.250,67108864,0,0,1
butterfly,full_n1048576,prepared,59,4,1151083.250,67108864,0,0,1
butterfly,full_n1048576,scalar_lanes,59,4,1195343.750,67108864,0,0,1
butterfly,full_n1048576,shared,59,4,1207177.000,67108864,0,0,1
butterfly,full_n1048576,scalar_lanes,60,4,1195291.750,67108864,0,0,1
butterfly,full_n1048576,shared,60,4,1207489.750,67108864,0,0,1
butterfly,full_n1048576,prepared,60,4,1160250.000,67108864,0,0,1
butterfly,full_n1048576,specialized,60,4,1150312.500,67108864,0,0,1
butterfly,full_n1048576,flock,60,4,1203635.250,67108864,0,0,1
butterfly,full_n1048576,specialized,61,4,1152625.000,67108864,0,0,1
butterfly,full_n1048576,scalar_lanes,61,4,1209948.000,67108864,0,0,1
butterfly,full_n1048576,prepared,61,4,1156270.750,67108864,0,0,1
butterfly,full_n1048576,shared,61,4,1201125.000,67108864,0,0,1
butterfly,full_n1048576,flock,61,4,1201614.500,67108864,0,0,1
butterfly,full_n1048576,shared,62,4,1196083.250,67108864,0,0,1
butterfly,full_n1048576,scalar_lanes,62,4,1201041.750,67108864,0,0,1
butterfly,full_n1048576,specialized,62,4,1143937.500,67108864,0,0,1
butterfly,full_n1048576,prepared,62,4,1160781.250,67108864,0,0,1
butterfly,full_n1048576,flock,62,4,1202229.250,67108864,0,0,1
butterfly,full_n1048576,specialized,63,4,1148479.250,67108864,0,0,1
butterfly,full_n1048576,prepared,63,4,1140750.000,67108864,0,0,1
butterfly,full_n1048576,scalar_lanes,63,4,1203146.000,67108864,0,0,1
butterfly,full_n1048576,flock,63,4,1201531.250,67108864,0,0,1
butterfly,full_n1048576,shared,63,4,1195187.500,67108864,0,0,1
prime_mul,q100_n16,checked_per_term,0,65536,87.945,768,0,0,1
prime_mul,q100_n16,branded,0,65536,78.715,768,0,0,1
prime_mul,q100_n16,configured_field,0,65536,122.876,3840,0,0,1
prime_mul,q100_n16,raw_ctx,0,65536,76.662,768,0,0,1
prime_mul,q100_n16,checked_per_term,1,65536,86.179,768,0,0,1
prime_mul,q100_n16,configured_field,1,65536,122.623,3840,0,0,1
prime_mul,q100_n16,raw_ctx,1,65536,76.687,768,0,0,1
prime_mul,q100_n16,branded,1,65536,77.347,768,0,0,1
prime_mul,q100_n16,branded,2,65536,77.337,768,0,0,1
prime_mul,q100_n16,raw_ctx,2,65536,76.801,768,0,0,1
prime_mul,q100_n16,configured_field,2,65536,122.815,3840,0,0,1
prime_mul,q100_n16,checked_per_term,2,65536,86.185,768,0,0,1
prime_mul,q100_n16,raw_ctx,3,65536,76.642,768,0,0,1
prime_mul,q100_n16,branded,3,65536,77.377,768,0,0,1
prime_mul,q100_n16,configured_field,3,65536,122.654,3840,0,0,1
prime_mul,q100_n16,checked_per_term,3,65536,86.198,768,0,0,1
prime_mul,q100_n16,checked_per_term,4,65536,86.251,768,0,0,1
prime_mul,q100_n16,configured_field,4,65536,122.684,3840,0,0,1
prime_mul,q100_n16,raw_ctx,4,65536,76.654,768,0,0,1
prime_mul,q100_n16,branded,4,65536,77.363,768,0,0,1
prime_mul,q100_n16,branded,5,65536,77.332,768,0,0,1
prime_mul,q100_n16,raw_ctx,5,65536,76.691,768,0,0,1
prime_mul,q100_n16,configured_field,5,65536,122.616,3840,0,0,1
prime_mul,q100_n16,checked_per_term,5,65536,86.228,768,0,0,1
prime_mul,q100_n16,checked_per_term,6,65536,86.280,768,0,0,1
prime_mul,q100_n16,branded,6,65536,77.300,768,0,0,1
prime_mul,q100_n16,configured_field,6,65536,122.632,3840,0,0,1
prime_mul,q100_n16,raw_ctx,6,65536,76.614,768,0,0,1
prime_mul,q100_n16,configured_field,7,65536,122.592,3840,0,0,1
prime_mul,q100_n16,checked_per_term,7,65536,86.271,768,0,0,1
prime_mul,q100_n16,branded,7,65536,77.278,768,0,0,1
prime_mul,q100_n16,raw_ctx,7,65536,76.661,768,0,0,1
prime_mul,q100_n16,checked_per_term,8,65536,86.300,768,0,0,1
prime_mul,q100_n16,raw_ctx,8,65536,76.845,768,0,0,1
prime_mul,q100_n16,configured_field,8,65536,122.679,3840,0,0,1
prime_mul,q100_n16,branded,8,65536,77.288,768,0,0,1
prime_mul,q100_n16,checked_per_term,9,65536,86.196,768,0,0,1
prime_mul,q100_n16,configured_field,9,65536,122.627,3840,0,0,1
prime_mul,q100_n16,branded,9,65536,77.548,768,0,0,1
prime_mul,q100_n16,raw_ctx,9,65536,76.736,768,0,0,1
prime_mul,q100_n16,configured_field,10,65536,122.672,3840,0,0,1
prime_mul,q100_n16,raw_ctx,10,65536,76.828,768,0,0,1
prime_mul,q100_n16,branded,10,65536,77.447,768,0,0,1
prime_mul,q100_n16,checked_per_term,10,65536,86.162,768,0,0,1
prime_mul,q100_n16,configured_field,11,65536,122.627,3840,0,0,1
prime_mul,q100_n16,raw_ctx,11,65536,76.724,768,0,0,1
prime_mul,q100_n16,branded,11,65536,77.384,768,0,0,1
prime_mul,q100_n16,checked_per_term,11,65536,86.288,768,0,0,1
prime_mul,q100_n16,checked_per_term,12,65536,86.290,768,0,0,1
prime_mul,q100_n16,branded,12,65536,77.257,768,0,0,1
prime_mul,q100_n16,configured_field,12,65536,122.780,3840,0,0,1
prime_mul,q100_n16,raw_ctx,12,65536,76.656,768,0,0,1
prime_mul,q100_n16,branded,13,65536,77.255,768,0,0,1
prime_mul,q100_n16,raw_ctx,13,65536,76.820,768,0,0,1
prime_mul,q100_n16,configured_field,13,65536,122.620,3840,0,0,1
prime_mul,q100_n16,checked_per_term,13,65536,86.185,768,0,0,1
prime_mul,q100_n16,configured_field,14,65536,122.597,3840,0,0,1
prime_mul,q100_n16,checked_per_term,14,65536,86.140,768,0,0,1
prime_mul,q100_n16,raw_ctx,14,65536,76.667,768,0,0,1
prime_mul,q100_n16,branded,14,65536,77.270,768,0,0,1
prime_mul,q100_n16,branded,15,65536,77.439,768,0,0,1
prime_mul,q100_n16,raw_ctx,15,65536,76.674,768,0,0,1
prime_mul,q100_n16,checked_per_term,15,65536,86.381,768,0,0,1
prime_mul,q100_n16,configured_field,15,65536,122.623,3840,0,0,1
prime_mul,q100_n16,raw_ctx,16,65536,76.620,768,0,0,1
prime_mul,q100_n16,branded,16,65536,77.354,768,0,0,1
prime_mul,q100_n16,configured_field,16,65536,123.964,3840,0,0,1
prime_mul,q100_n16,checked_per_term,16,65536,87.192,768,0,0,1
prime_mul,q100_n16,configured_field,17,65536,122.737,3840,0,0,1
prime_mul,q100_n16,branded,17,65536,77.339,768,0,0,1
prime_mul,q100_n16,raw_ctx,17,65536,76.814,768,0,0,1
prime_mul,q100_n16,checked_per_term,17,65536,86.194,768,0,0,1
prime_mul,q100_n16,branded,18,65536,77.391,768,0,0,1
prime_mul,q100_n16,configured_field,18,65536,122.864,3840,0,0,1
prime_mul,q100_n16,checked_per_term,18,65536,86.222,768,0,0,1
prime_mul,q100_n16,raw_ctx,18,65536,76.686,768,0,0,1
prime_mul,q100_n16,checked_per_term,19,65536,85.954,768,0,0,1
prime_mul,q100_n16,configured_field,19,65536,122.722,3840,0,0,1
prime_mul,q100_n16,raw_ctx,19,65536,76.614,768,0,0,1
prime_mul,q100_n16,branded,19,65536,77.334,768,0,0,1
prime_mul,q100_n16,checked_per_term,20,65536,85.890,768,0,0,1
prime_mul,q100_n16,raw_ctx,20,65536,76.625,768,0,0,1
prime_mul,q100_n16,configured_field,20,65536,122.622,3840,0,0,1
prime_mul,q100_n16,branded,20,65536,77.293,768,0,0,1
prime_mul,q100_n16,raw_ctx,21,65536,77.014,768,0,0,1
prime_mul,q100_n16,configured_field,21,65536,122.588,3840,0,0,1
prime_mul,q100_n16,branded,21,65536,77.297,768,0,0,1
prime_mul,q100_n16,checked_per_term,21,65536,86.332,768,0,0,1
prime_mul,q100_n16,branded,22,65536,77.295,768,0,0,1
prime_mul,q100_n16,checked_per_term,22,65536,86.289,768,0,0,1
prime_mul,q100_n16,raw_ctx,22,65536,76.628,768,0,0,1
prime_mul,q100_n16,configured_field,22,65536,122.892,3840,0,0,1
prime_mul,q100_n16,raw_ctx,23,65536,76.623,768,0,0,1
prime_mul,q100_n16,checked_per_term,23,65536,86.294,768,0,0,1
prime_mul,q100_n16,configured_field,23,65536,122.583,3840,0,0,1
prime_mul,q100_n16,branded,23,65536,77.289,768,0,0,1
prime_mul,q100_n16,checked_per_term,24,65536,86.150,768,0,0,1
prime_mul,q100_n16,raw_ctx,24,65536,76.712,768,0,0,1
prime_mul,q100_n16,branded,24,65536,77.332,768,0,0,1
prime_mul,q100_n16,configured_field,24,65536,122.656,3840,0,0,1
prime_mul,q100_n16,raw_ctx,25,65536,76.710,768,0,0,1
prime_mul,q100_n16,configured_field,25,65536,122.892,3840,0,0,1
prime_mul,q100_n16,branded,25,65536,77.421,768,0,0,1
prime_mul,q100_n16,checked_per_term,25,65536,86.143,768,0,0,1
prime_mul,q100_n16,branded,26,65536,77.379,768,0,0,1
prime_mul,q100_n16,checked_per_term,26,65536,86.191,768,0,0,1
prime_mul,q100_n16,raw_ctx,26,65536,76.696,768,0,0,1
prime_mul,q100_n16,configured_field,26,65536,122.922,3840,0,0,1
prime_mul,q100_n16,checked_per_term,27,65536,86.230,768,0,0,1
prime_mul,q100_n16,configured_field,27,65536,122.686,3840,0,0,1
prime_mul,q100_n16,raw_ctx,27,65536,76.822,768,0,0,1
prime_mul,q100_n16,branded,27,65536,77.470,768,0,0,1
prime_mul,q100_n16,configured_field,28,65536,123.039,3840,0,0,1
prime_mul,q100_n16,checked_per_term,28,65536,86.732,768,0,0,1
prime_mul,q100_n16,raw_ctx,28,65536,76.727,768,0,0,1
prime_mul,q100_n16,branded,28,65536,77.426,768,0,0,1
prime_mul,q100_n16,raw_ctx,29,65536,76.740,768,0,0,1
prime_mul,q100_n16,configured_field,29,65536,122.705,3840,0,0,1
prime_mul,q100_n16,branded,29,65536,77.475,768,0,0,1
prime_mul,q100_n16,checked_per_term,29,65536,86.427,768,0,0,1
prime_mul,q100_n16,checked_per_term,30,65536,86.174,768,0,0,1
prime_mul,q100_n16,configured_field,30,65536,122.718,3840,0,0,1
prime_mul,q100_n16,branded,30,65536,77.468,768,0,0,1
prime_mul,q100_n16,raw_ctx,30,65536,76.661,768,0,0,1
prime_mul,q100_n16,branded,31,65536,77.393,768,0,0,1
prime_mul,q100_n16,raw_ctx,31,65536,76.674,768,0,0,1
prime_mul,q100_n16,checked_per_term,31,65536,86.262,768,0,0,1
prime_mul,q100_n16,configured_field,31,65536,122.883,3840,0,0,1
prime_mul,q100_n16,checked_per_term,32,65536,86.254,768,0,0,1
prime_mul,q100_n16,raw_ctx,32,65536,76.669,768,0,0,1
prime_mul,q100_n16,branded,32,65536,77.332,768,0,0,1
prime_mul,q100_n16,configured_field,32,65536,122.927,3840,0,0,1
prime_mul,q100_n16,checked_per_term,33,65536,86.184,768,0,0,1
prime_mul,q100_n16,configured_field,33,65536,122.666,3840,0,0,1
prime_mul,q100_n16,raw_ctx,33,65536,76.733,768,0,0,1
prime_mul,q100_n16,branded,33,65536,77.543,768,0,0,1
prime_mul,q100_n16,configured_field,34,65536,122.637,3840,0,0,1
prime_mul,q100_n16,branded,34,65536,77.353,768,0,0,1
prime_mul,q100_n16,raw_ctx,34,65536,78.941,768,0,0,1
prime_mul,q100_n16,checked_per_term,34,65536,88.614,768,0,0,1
prime_mul,q100_n16,configured_field,35,65536,122.879,3840,0,0,1
prime_mul,q100_n16,checked_per_term,35,65536,86.117,768,0,0,1
prime_mul,q100_n16,branded,35,65536,77.716,768,0,0,1
prime_mul,q100_n16,raw_ctx,35,65536,76.654,768,0,0,1
prime_mul,q100_n16,branded,36,65536,77.370,768,0,0,1
prime_mul,q100_n16,checked_per_term,36,65536,86.170,768,0,0,1
prime_mul,q100_n16,configured_field,36,65536,122.660,3840,0,0,1
prime_mul,q100_n16,raw_ctx,36,65536,76.686,768,0,0,1
prime_mul,q100_n16,branded,37,65536,77.318,768,0,0,1
prime_mul,q100_n16,checked_per_term,37,65536,86.241,768,0,0,1
prime_mul,q100_n16,raw_ctx,37,65536,76.669,768,0,0,1
prime_mul,q100_n16,configured_field,37,65536,122.836,3840,0,0,1
prime_mul,q100_n16,branded,38,65536,77.527,768,0,0,1
prime_mul,q100_n16,checked_per_term,38,65536,86.496,768,0,0,1
prime_mul,q100_n16,configured_field,38,65536,122.915,3840,0,0,1
prime_mul,q100_n16,raw_ctx,38,65536,76.694,768,0,0,1
prime_mul,q100_n16,branded,39,65536,77.317,768,0,0,1
prime_mul,q100_n16,configured_field,39,65536,122.762,3840,0,0,1
prime_mul,q100_n16,raw_ctx,39,65536,76.668,768,0,0,1
prime_mul,q100_n16,checked_per_term,39,65536,86.601,768,0,0,1
prime_mul,q100_n16,configured_field,40,65536,122.700,3840,0,0,1
prime_mul,q100_n16,raw_ctx,40,65536,76.747,768,0,0,1
prime_mul,q100_n16,branded,40,65536,77.394,768,0,0,1
prime_mul,q100_n16,checked_per_term,40,65536,86.215,768,0,0,1
prime_mul,q100_n16,raw_ctx,41,65536,76.757,768,0,0,1
prime_mul,q100_n16,branded,41,65536,77.353,768,0,0,1
prime_mul,q100_n16,checked_per_term,41,65536,86.315,768,0,0,1
prime_mul,q100_n16,configured_field,41,65536,122.793,3840,0,0,1
prime_mul,q100_n16,branded,42,65536,77.564,768,0,0,1
prime_mul,q100_n16,configured_field,42,65536,122.820,3840,0,0,1
prime_mul,q100_n16,checked_per_term,42,65536,86.169,768,0,0,1
prime_mul,q100_n16,raw_ctx,42,65536,76.721,768,0,0,1
prime_mul,q100_n16,branded,43,65536,77.307,768,0,0,1
prime_mul,q100_n16,checked_per_term,43,65536,86.151,768,0,0,1
prime_mul,q100_n16,configured_field,43,65536,122.683,3840,0,0,1
prime_mul,q100_n16,raw_ctx,43,65536,76.653,768,0,0,1
prime_mul,q100_n16,checked_per_term,44,65536,86.269,768,0,0,1
prime_mul,q100_n16,raw_ctx,44,65536,76.656,768,0,0,1
prime_mul,q100_n16,branded,44,65536,77.399,768,0,0,1
prime_mul,q100_n16,configured_field,44,65536,122.852,3840,0,0,1
prime_mul,q100_n16,branded,45,65536,77.301,768,0,0,1
prime_mul,q100_n16,checked_per_term,45,65536,87.496,768,0,0,1
prime_mul,q100_n16,configured_field,45,65536,129.523,3840,0,0,1
prime_mul,q100_n16,raw_ctx,45,65536,82.186,768,0,0,1
prime_mul,q100_n16,raw_ctx,46,65536,80.612,768,0,0,1
prime_mul,q100_n16,configured_field,46,65536,124.760,3840,0,0,1
prime_mul,q100_n16,branded,46,65536,80.425,768,0,0,1
prime_mul,q100_n16,checked_per_term,46,65536,89.514,768,0,0,1
prime_mul,q100_n16,raw_ctx,47,65536,81.357,768,0,0,1
prime_mul,q100_n16,checked_per_term,47,65536,90.071,768,0,0,1
prime_mul,q100_n16,branded,47,65536,82.602,768,0,0,1
prime_mul,q100_n16,configured_field,47,65536,123.082,3840,0,0,1
prime_mul,q100_n16,checked_per_term,48,65536,89.094,768,0,0,1
prime_mul,q100_n16,branded,48,65536,79.920,768,0,0,1
prime_mul,q100_n16,raw_ctx,48,65536,79.947,768,0,0,1
prime_mul,q100_n16,configured_field,48,65536,128.633,3840,0,0,1
prime_mul,q100_n16,branded,49,65536,80.990,768,0,0,1
prime_mul,q100_n16,configured_field,49,65536,128.443,3840,0,0,1
prime_mul,q100_n16,raw_ctx,49,65536,78.592,768,0,0,1
prime_mul,q100_n16,checked_per_term,49,65536,86.334,768,0,0,1
prime_mul,q100_n16,configured_field,50,65536,122.789,3840,0,0,1
prime_mul,q100_n16,raw_ctx,50,65536,76.783,768,0,0,1
prime_mul,q100_n16,checked_per_term,50,65536,86.222,768,0,0,1
prime_mul,q100_n16,branded,50,65536,77.732,768,0,0,1
prime_mul,q100_n16,raw_ctx,51,65536,76.766,768,0,0,1
prime_mul,q100_n16,checked_per_term,51,65536,86.254,768,0,0,1
prime_mul,q100_n16,configured_field,51,65536,122.720,3840,0,0,1
prime_mul,q100_n16,branded,51,65536,78.058,768,0,0,1
prime_mul,q100_n16,raw_ctx,52,65536,76.765,768,0,0,1
prime_mul,q100_n16,configured_field,52,65536,122.939,3840,0,0,1
prime_mul,q100_n16,branded,52,65536,77.409,768,0,0,1
prime_mul,q100_n16,checked_per_term,52,65536,86.262,768,0,0,1
prime_mul,q100_n16,branded,53,65536,77.611,768,0,0,1
prime_mul,q100_n16,configured_field,53,65536,122.870,3840,0,0,1
prime_mul,q100_n16,raw_ctx,53,65536,76.882,768,0,0,1
prime_mul,q100_n16,checked_per_term,53,65536,86.332,768,0,0,1
prime_mul,q100_n16,checked_per_term,54,65536,86.367,768,0,0,1
prime_mul,q100_n16,branded,54,65536,77.464,768,0,0,1
prime_mul,q100_n16,configured_field,54,65536,122.739,3840,0,0,1
prime_mul,q100_n16,raw_ctx,54,65536,76.760,768,0,0,1
prime_mul,q100_n16,configured_field,55,65536,122.807,3840,0,0,1
prime_mul,q100_n16,raw_ctx,55,65536,77.732,768,0,0,1
prime_mul,q100_n16,checked_per_term,55,65536,89.003,768,0,0,1
prime_mul,q100_n16,branded,55,65536,77.659,768,0,0,1
prime_mul,q100_n16,checked_per_term,56,65536,86.309,768,0,0,1
prime_mul,q100_n16,configured_field,56,65536,122.761,3840,0,0,1
prime_mul,q100_n16,branded,56,65536,81.262,768,0,0,1
prime_mul,q100_n16,raw_ctx,56,65536,78.751,768,0,0,1
prime_mul,q100_n16,checked_per_term,57,65536,88.528,768,0,0,1
prime_mul,q100_n16,raw_ctx,57,65536,76.614,768,0,0,1
prime_mul,q100_n16,branded,57,65536,77.382,768,0,0,1
prime_mul,q100_n16,configured_field,57,65536,123.742,3840,0,0,1
prime_mul,q100_n16,branded,58,65536,81.292,768,0,0,1
prime_mul,q100_n16,configured_field,58,65536,127.963,3840,0,0,1
prime_mul,q100_n16,checked_per_term,58,65536,90.377,768,0,0,1
prime_mul,q100_n16,raw_ctx,58,65536,81.483,768,0,0,1
prime_mul,q100_n16,raw_ctx,59,65536,79.421,768,0,0,1
prime_mul,q100_n16,branded,59,65536,77.972,768,0,0,1
prime_mul,q100_n16,configured_field,59,65536,123.400,3840,0,0,1
prime_mul,q100_n16,checked_per_term,59,65536,86.197,768,0,0,1
prime_mul,q100_n16,checked_per_term,60,65536,86.233,768,0,0,1
prime_mul,q100_n16,configured_field,60,65536,122.728,3840,0,0,1
prime_mul,q100_n16,branded,60,65536,77.412,768,0,0,1
prime_mul,q100_n16,raw_ctx,60,65536,76.693,768,0,0,1
prime_mul,q100_n16,branded,61,65536,77.426,768,0,0,1
prime_mul,q100_n16,checked_per_term,61,65536,86.300,768,0,0,1
prime_mul,q100_n16,raw_ctx,61,65536,76.751,768,0,0,1
prime_mul,q100_n16,configured_field,61,65536,123.170,3840,0,0,1
prime_mul,q100_n16,checked_per_term,62,65536,86.262,768,0,0,1
prime_mul,q100_n16,configured_field,62,65536,122.666,3840,0,0,1
prime_mul,q100_n16,raw_ctx,62,65536,78.088,768,0,0,1
prime_mul,q100_n16,branded,62,65536,79.975,768,0,0,1
prime_mul,q100_n16,configured_field,63,65536,123.158,3840,0,0,1
prime_mul,q100_n16,checked_per_term,63,65536,86.981,768,0,0,1
prime_mul,q100_n16,raw_ctx,63,65536,81.603,768,0,0,1
prime_mul,q100_n16,branded,63,65536,82.038,768,0,0,1
prime_mul,q100_n1024,branded,0,1024,4813.273,49152,0,0,1
prime_mul,q100_n1024,configured_field,0,1024,7716.227,245760,0,0,1
prime_mul,q100_n1024,checked_per_term,0,1024,5385.620,49152,0,0,1
prime_mul,q100_n1024,raw_ctx,0,1024,4975.180,49152,0,0,1
prime_mul,q100_n1024,branded,1,1024,4873.454,49152,0,0,1
prime_mul,q100_n1024,configured_field,1,1024,7964.885,245760,0,0,1
prime_mul,q100_n1024,checked_per_term,1,1024,5458.984,49152,0,0,1
prime_mul,q100_n1024,raw_ctx,1,1024,4813.110,49152,0,0,1
prime_mul,q100_n1024,branded,2,1024,4817.058,49152,0,0,1
prime_mul,q100_n1024,configured_field,2,1024,7714.925,245760,0,0,1
prime_mul,q100_n1024,raw_ctx,2,1024,4878.743,49152,0,0,1
prime_mul,q100_n1024,checked_per_term,2,1024,5551.880,49152,0,0,1
prime_mul,q100_n1024,checked_per_term,3,1024,5425.578,49152,0,0,1
prime_mul,q100_n1024,configured_field,3,1024,7767.903,245760,0,0,1
prime_mul,q100_n1024,raw_ctx,3,1024,4872.722,49152,0,0,1
prime_mul,q100_n1024,branded,3,1024,4830.485,49152,0,0,1
prime_mul,q100_n1024,configured_field,4,1024,7768.596,245760,0,0,1
prime_mul,q100_n1024,checked_per_term,4,1024,5394.979,49152,0,0,1
prime_mul,q100_n1024,branded,4,1024,4833.049,49152,0,0,1
prime_mul,q100_n1024,raw_ctx,4,1024,4814.087,49152,0,0,1
prime_mul,q100_n1024,configured_field,5,1024,7715.739,245760,0,0,1
prime_mul,q100_n1024,branded,5,1024,4813.437,49152,0,0,1
prime_mul,q100_n1024,checked_per_term,5,1024,5387.980,49152,0,0,1
prime_mul,q100_n1024,raw_ctx,5,1024,4810.628,49152,0,0,1
prime_mul,q100_n1024,configured_field,6,1024,7721.639,245760,0,0,1
prime_mul,q100_n1024,checked_per_term,6,1024,5366.577,49152,0,0,1
prime_mul,q100_n1024,branded,6,1024,4810.466,49152,0,0,1
prime_mul,q100_n1024,raw_ctx,6,1024,4812.053,49152,0,0,1
prime_mul,q100_n1024,checked_per_term,7,1024,5370.524,49152,0,0,1
prime_mul,q100_n1024,configured_field,7,1024,7706.137,245760,0,0,1
prime_mul,q100_n1024,branded,7,1024,4809.896,49152,0,0,1
prime_mul,q100_n1024,raw_ctx,7,1024,4805.745,49152,0,0,1
prime_mul,q100_n1024,branded,8,1024,4816.609,49152,0,0,1
prime_mul,q100_n1024,raw_ctx,8,1024,5055.826,49152,0,0,1
prime_mul,q100_n1024,checked_per_term,8,1024,5724.935,49152,0,0,1
prime_mul,q100_n1024,configured_field,8,1024,7831.665,245760,0,0,1
prime_mul,q100_n1024,branded,9,1024,4907.389,49152,0,0,1
prime_mul,q100_n1024,configured_field,9,1024,7784.342,245760,0,0,1
prime_mul,q100_n1024,checked_per_term,9,1024,5373.007,49152,0,0,1
prime_mul,q100_n1024,raw_ctx,9,1024,4843.791,49152,0,0,1
prime_mul,q100_n1024,raw_ctx,10,1024,4834.392,49152,0,0,1
prime_mul,q100_n1024,branded,10,1024,4820.760,49152,0,0,1
prime_mul,q100_n1024,configured_field,10,1024,7741.415,245760,0,0,1
prime_mul,q100_n1024,checked_per_term,10,1024,5385.742,49152,0,0,1
prime_mul,q100_n1024,raw_ctx,11,1024,4815.104,49152,0,0,1
prime_mul,q100_n1024,checked_per_term,11,1024,5400.146,49152,0,0,1
prime_mul,q100_n1024,configured_field,11,1024,7742.635,245760,0,0,1
prime_mul,q100_n1024,branded,11,1024,4832.275,49152,0,0,1
prime_mul,q100_n1024,checked_per_term,12,1024,5381.877,49152,0,0,1
prime_mul,q100_n1024,raw_ctx,12,1024,4847.696,49152,0,0,1
prime_mul,q100_n1024,configured_field,12,1024,7726.644,245760,0,0,1
prime_mul,q100_n1024,branded,12,1024,4820.190,49152,0,0,1
prime_mul,q100_n1024,configured_field,13,1024,7736.328,245760,0,0,1
prime_mul,q100_n1024,checked_per_term,13,1024,5377.808,49152,0,0,1
prime_mul,q100_n1024,raw_ctx,13,1024,4820.557,49152,0,0,1
prime_mul,q100_n1024,branded,13,1024,4826.212,49152,0,0,1
prime_mul,q100_n1024,branded,14,1024,4817.709,49152,0,0,1
prime_mul,q100_n1024,raw_ctx,14,1024,4813.477,49152,0,0,1
prime_mul,q100_n1024,checked_per_term,14,1024,5380.453,49152,0,0,1
prime_mul,q100_n1024,configured_field,14,1024,7734.375,245760,0,0,1
prime_mul,q100_n1024,checked_per_term,15,1024,5384.114,49152,0,0,1
prime_mul,q100_n1024,raw_ctx,15,1024,4811.727,49152,0,0,1
prime_mul,q100_n1024,branded,15,1024,4825.235,49152,0,0,1
prime_mul,q100_n1024,configured_field,15,1024,7735.352,245760,0,0,1
prime_mul,q100_n1024,branded,16,1024,4819.906,49152,0,0,1
prime_mul,q100_n1024,configured_field,16,1024,7738.078,245760,0,0,1
prime_mul,q100_n1024,checked_per_term,16,1024,5380.371,49152,0,0,1
prime_mul,q100_n1024,raw_ctx,16,1024,4821.817,49152,0,0,1
prime_mul,q100_n1024,checked_per_term,17,1024,5371.948,49152,0,0,1
prime_mul,q100_n1024,raw_ctx,17,1024,4818.277,49152,0,0,1
prime_mul,q100_n1024,configured_field,17,1024,7701.172,245760,0,0,1
prime_mul,q100_n1024,branded,17,1024,4879.191,49152,0,0,1
prime_mul,q100_n1024,branded,18,1024,5012.492,49152,0,0,1
prime_mul,q100_n1024,raw_ctx,18,1024,5066.977,49152,0,0,1
prime_mul,q100_n1024,checked_per_term,18,1024,5620.157,49152,0,0,1
prime_mul,q100_n1024,configured_field,18,1024,7820.964,245760,0,0,1
prime_mul,q100_n1024,configured_field,19,1024,7781.453,245760,0,0,1
prime_mul,q100_n1024,raw_ctx,19,1024,5089.070,49152,0,0,1
prime_mul,q100_n1024,branded,19,1024,4958.781,49152,0,0,1
prime_mul,q100_n1024,checked_per_term,19,1024,5378.418,49152,0,0,1
prime_mul,q100_n1024,checked_per_term,20,1024,5371.460,49152,0,0,1
prime_mul,q100_n1024,configured_field,20,1024,7711.955,245760,0,0,1
prime_mul,q100_n1024,branded,20,1024,4831.380,49152,0,0,1
prime_mul,q100_n1024,raw_ctx,20,1024,4883.748,49152,0,0,1
prime_mul,q100_n1024,checked_per_term,21,1024,5521.118,49152,0,0,1
prime_mul,q100_n1024,configured_field,21,1024,8210.611,245760,0,0,1
prime_mul,q100_n1024,branded,21,1024,4908.162,49152,0,0,1
prime_mul,q100_n1024,raw_ctx,21,1024,4818.074,49152,0,0,1
prime_mul,q100_n1024,branded,22,1024,4819.092,49152,0,0,1
prime_mul,q100_n1024,configured_field,22,1024,7725.261,245760,0,0,1
prime_mul,q100_n1024,raw_ctx,22,1024,4832.926,49152,0,0,1
prime_mul,q100_n1024,checked_per_term,22,1024,5539.958,49152,0,0,1
prime_mul,q100_n1024,configured_field,23,1024,8020.101,245760,0,0,1
prime_mul,q100_n1024,checked_per_term,23,1024,5389.689,49152,0,0,1
prime_mul,q100_n1024,branded,23,1024,4822.835,49152,0,0,1
prime_mul,q100_n1024,raw_ctx,23,1024,4816.406,49152,0,0,1
prime_mul,q100_n1024,checked_per_term,24,1024,5368.368,49152,0,0,1
prime_mul,q100_n1024,configured_field,24,1024,7731.445,245760,0,0,1
prime_mul,q100_n1024,raw_ctx,24,1024,4984.212,49152,0,0,1
prime_mul,q100_n1024,branded,24,1024,4825.236,49152,0,0,1
prime_mul,q100_n1024,branded,25,1024,4847.128,49152,0,0,1
prime_mul,q100_n1024,configured_field,25,1024,8043.986,245760,0,0,1
prime_mul,q100_n1024,checked_per_term,25,1024,5493.774,49152,0,0,1
prime_mul,q100_n1024,raw_ctx,25,1024,4812.906,49152,0,0,1
prime_mul,q100_n1024,configured_field,26,1024,7745.483,245760,0,0,1
prime_mul,q100_n1024,branded,26,1024,4822.591,49152,0,0,1
prime_mul,q100_n1024,checked_per_term,26,1024,5376.912,49152,0,0,1
prime_mul,q100_n1024,raw_ctx,26,1024,4859.213,49152,0,0,1
prime_mul,q100_n1024,branded,27,1024,4833.333,49152,0,0,1
prime_mul,q100_n1024,checked_per_term,27,1024,5380.859,49152,0,0,1
prime_mul,q100_n1024,configured_field,27,1024,7732.748,245760,0,0,1
prime_mul,q100_n1024,raw_ctx,27,1024,4813.354,49152,0,0,1
prime_mul,q100_n1024,configured_field,28,1024,7734.741,245760,0,0,1
prime_mul,q100_n1024,branded,28,1024,5047.078,49152,0,0,1
prime_mul,q100_n1024,raw_ctx,28,1024,4932.414,49152,0,0,1
prime_mul,q100_n1024,checked_per_term,28,1024,5377.115,49152,0,0,1
prime_mul,q100_n1024,raw_ctx,29,1024,4812.581,49152,0,0,1
prime_mul,q100_n1024,branded,29,1024,4813.884,49152,0,0,1
prime_mul,q100_n1024,checked_per_term,29,1024,5366.740,49152,0,0,1
prime_mul,q100_n1024,configured_field,29,1024,7863.770,245760,0,0,1
prime_mul,q100_n1024,raw_ctx,30,1024,4967.245,49152,0,0,1
prime_mul,q100_n1024,branded,30,1024,4870.687,49152,0,0,1
prime_mul,q100_n1024,configured_field,30,1024,7722.087,245760,0,0,1
prime_mul,q100_n1024,checked_per_term,30,1024,5371.013,49152,0,0,1
prime_mul,q100_n1024,branded,31,1024,4960.083,49152,0,0,1
prime_mul,q100_n1024,raw_ctx,31,1024,5125.936,49152,0,0,1
prime_mul,q100_n1024,configured_field,31,1024,8231.894,245760,0,0,1
prime_mul,q100_n1024,checked_per_term,31,1024,5693.766,49152,0,0,1
prime_mul,q100_n1024,branded,32,1024,4890.259,49152,0,0,1
prime_mul,q100_n1024,checked_per_term,32,1024,5365.804,49152,0,0,1
prime_mul,q100_n1024,configured_field,32,1024,7719.319,245760,0,0,1
prime_mul,q100_n1024,raw_ctx,32,1024,4808.757,49152,0,0,1
prime_mul,q100_n1024,configured_field,33,1024,7802.571,245760,0,0,1
prime_mul,q100_n1024,checked_per_term,33,1024,5527.100,49152,0,0,1
prime_mul,q100_n1024,branded,33,1024,5049.561,49152,0,0,1
prime_mul,q100_n1024,raw_ctx,33,1024,5107.341,49152,0,0,1
prime_mul,q100_n1024,checked_per_term,34,1024,5580.078,49152,0,0,1
prime_mul,q100_n1024,configured_field,34,1024,7777.588,245760,0,0,1
prime_mul,q100_n1024,raw_ctx,34,1024,4813.150,49152,0,0,1
prime_mul,q100_n1024,branded,34,1024,4813.273,49152,0,0,1
prime_mul,q100_n1024,raw_ctx,35,1024,4817.953,49152,0,0,1
prime_mul,q100_n1024,branded,35,1024,4845.012,49152,0,0,1
prime_mul,q100_n1024,checked_per_term,35,1024,5370.810,49152,0,0,1
prime_mul,q100_n1024,configured_field,35,1024,7784.220,245760,0,0,1
prime_mul,q100_n1024,raw_ctx,36,1024,4817.261,49152,0,0,1
prime_mul,q100_n1024,configured_field,36,1024,7775.635,245760,0,0,1
prime_mul,q100_n1024,checked_per_term,36,1024,5367.961,49152,0,0,1
prime_mul,q100_n1024,branded,36,1024,4868.571,49152,0,0,1
prime_mul,q100_n1024,configured_field,37,1024,7767.538,245760,0,0,1
prime_mul,q100_n1024,checked_per_term,37,1024,5368.530,49152,0,0,1
prime_mul,q100_n1024,raw_ctx,37,1024,4809.774,49152,0,0,1
prime_mul,q100_n1024,branded,37,1024,4815.918,49152,0,0,1
prime_mul,q100_n1024,raw_ctx,38,1024,4809.489,49152,0,0,1
prime_mul,q100_n1024,branded,38,1024,5091.919,49152,0,0,1
prime_mul,q100_n1024,checked_per_term,38,1024,5749.837,49152,0,0,1
prime_mul,q100_n1024,configured_field,38,1024,7834.677,245760,0,0,1
prime_mul,q100_n1024,checked_per_term,39,1024,5373.535,49152,0,0,1
prime_mul,q100_n1024,branded,39,1024,4815.349,49152,0,0,1
prime_mul,q100_n1024,configured_field,39,1024,7727.458,245760,0,0,1
prime_mul,q100_n1024,raw_ctx,39,1024,4888.347,49152,0,0,1
prime_mul,q100_n1024,configured_field,40,1024,8051.392,245760,0,0,1
prime_mul,q100_n1024,raw_ctx,40,1024,4963.257,49152,0,0,1
prime_mul,q100_n1024,branded,40,1024,4823.242,49152,0,0,1
prime_mul,q100_n1024,checked_per_term,40,1024,5391.684,49152,0,0,1
prime_mul,q100_n1024,configured_field,41,1024,7779.297,245760,0,0,1
prime_mul,q100_n1024,branded,41,1024,4828.776,49152,0,0,1
prime_mul,q100_n1024,raw_ctx,41,1024,4819.174,49152,0,0,1
prime_mul,q100_n1024,checked_per_term,41,1024,5369.019,49152,0,0,1
prime_mul,q100_n1024,raw_ctx,42,1024,4830.933,49152,0,0,1
prime_mul,q100_n1024,branded,42,1024,4824.747,49152,0,0,1
prime_mul,q100_n1024,checked_per_term,42,1024,5369.304,49152,0,0,1
prime_mul,q100_n1024,configured_field,42,1024,7757.609,245760,0,0,1
prime_mul,q100_n1024,checked_per_term,43,1024,5381.999,49152,0,0,1
prime_mul,q100_n1024,configured_field,43,1024,7754.842,245760,0,0,1
prime_mul,q100_n1024,raw_ctx,43,1024,4824.626,49152,0,0,1
prime_mul,q100_n1024,branded,43,1024,4843.628,49152,0,0,1
prime_mul,q100_n1024,raw_ctx,44,1024,4839.559,49152,0,0,1
prime_mul,q100_n1024,configured_field,44,1024,7763.672,245760,0,0,1
prime_mul,q100_n1024,checked_per_term,44,1024,5386.312,49152,0,0,1
prime_mul,q100_n1024,branded,44,1024,4815.186,49152,0,0,1
prime_mul,q100_n1024,raw_ctx,45,1024,4809.001,49152,0,0,1
prime_mul,q100_n1024,branded,45,1024,4810.059,49152,0,0,1
prime_mul,q100_n1024,checked_per_term,45,1024,5373.657,49152,0,0,1
prime_mul,q100_n1024,configured_field,45,1024,7787.476,245760,0,0,1
prime_mul,q100_n1024,branded,46,1024,4851.440,49152,0,0,1
prime_mul,q100_n1024,configured_field,46,1024,7795.288,245760,0,0,1
prime_mul,q100_n1024,raw_ctx,46,1024,4823.608,49152,0,0,1
prime_mul,q100_n1024,checked_per_term,46,1024,5401.733,49152,0,0,1
prime_mul,q100_n1024,branded,47,1024,4826.578,49152,0,0,1
prime_mul,q100_n1024,configured_field,47,1024,7723.227,245760,0,0,1
prime_mul,q100_n1024,checked_per_term,47,1024,5366.943,49152,0,0,1
prime_mul,q100_n1024,raw_ctx,47,1024,4817.139,49152,0,0,1
prime_mul,q100_n1024,configured_field,48,1024,7751.993,245760,0,0,1
prime_mul,q100_n1024,branded,48,1024,4834.025,49152,0,0,1
prime_mul,q100_n1024,checked_per_term,48,1024,5375.122,49152,0,0,1
prime_mul,q100_n1024,raw_ctx,48,1024,4815.837,49152,0,0,1
prime_mul,q100_n1024,configured_field,49,1024,7736.979,245760,0,0,1
prime_mul,q100_n1024,checked_per_term,49,1024,5393.799,49152,0,0,1
prime_mul,q100_n1024,branded,49,1024,4830.933,49152,0,0,1
prime_mul,q100_n1024,raw_ctx,49,1024,4824.748,49152,0,0,1
prime_mul,q100_n1024,checked_per_term,50,1024,5402.548,49152,0,0,1
prime_mul,q100_n1024,branded,50,1024,4846.518,49152,0,0,1
prime_mul,q100_n1024,configured_field,50,1024,7768.148,245760,0,0,1
prime_mul,q100_n1024,raw_ctx,50,1024,4826.213,49152,0,0,1
prime_mul,q100_n1024,raw_ctx,51,1024,4821.614,49152,0,0,1
prime_mul,q100_n1024,branded,51,1024,4828.572,49152,0,0,1
prime_mul,q100_n1024,configured_field,51,1024,7750.650,245760,0,0,1
prime_mul,q100_n1024,checked_per_term,51,1024,5376.384,49152,0,0,1
prime_mul,q100_n1024,branded,52,1024,4818.277,49152,0,0,1
prime_mul,q100_n1024,configured_field,52,1024,7752.686,245760,0,0,1
prime_mul,q100_n1024,checked_per_term,52,1024,5406.860,49152,0,0,1
prime_mul,q100_n1024,raw_ctx,52,1024,4832.316,49152,0,0,1
prime_mul,q100_n1024,raw_ctx,53,1024,4822.916,49152,0,0,1
prime_mul,q100_n1024,checked_per_term,53,1024,5382.120,49152,0,0,1
prime_mul,q100_n1024,branded,53,1024,4808.635,49152,0,0,1
prime_mul,q100_n1024,configured_field,53,1024,7732.869,245760,0,0,1
prime_mul,q100_n1024,checked_per_term,54,1024,5399.088,49152,0,0,1
prime_mul,q100_n1024,configured_field,54,1024,7815.511,245760,0,0,1
prime_mul,q100_n1024,branded,54,1024,4827.474,49152,0,0,1
prime_mul,q100_n1024,raw_ctx,54,1024,4862.508,49152,0,0,1
prime_mul,q100_n1024,raw_ctx,55,1024,4867.472,49152,0,0,1
prime_mul,q100_n1024,branded,55,1024,4861.897,49152,0,0,1
prime_mul,q100_n1024,checked_per_term,55,1024,5385.416,49152,0,0,1
prime_mul,q100_n1024,configured_field,55,1024,7768.595,245760,0,0,1
prime_mul,q100_n1024,raw_ctx,56,1024,4822.021,49152,0,0,1
prime_mul,q100_n1024,branded,56,1024,4814.819,49152,0,0,1
prime_mul,q100_n1024,configured_field,56,1024,7731.283,245760,0,0,1
prime_mul,q100_n1024,checked_per_term,56,1024,5374.594,49152,0,0,1
prime_mul,q100_n1024,configured_field,57,1024,7726.807,245760,0,0,1
prime_mul,q100_n1024,branded,57,1024,4820.109,49152,0,0,1
prime_mul,q100_n1024,checked_per_term,57,1024,5401.652,49152,0,0,1
prime_mul,q100_n1024,raw_ctx,57,1024,4835.612,49152,0,0,1
prime_mul,q100_n1024,raw_ctx,58,1024,4838.949,49152,0,0,1
prime_mul,q100_n1024,branded,58,1024,4840.413,49152,0,0,1
prime_mul,q100_n1024,checked_per_term,58,1024,5381.226,49152,0,0,1
prime_mul,q100_n1024,configured_field,58,1024,7826.782,245760,0,0,1
prime_mul,q100_n1024,configured_field,59,1024,7810.466,245760,0,0,1
prime_mul,q100_n1024,checked_per_term,59,1024,5376.913,49152,0,0,1
prime_mul,q100_n1024,branded,59,1024,4827.271,49152,0,0,1
prime_mul,q100_n1024,raw_ctx,59,1024,4849.568,49152,0,0,1
prime_mul,q100_n1024,branded,60,1024,4850.668,49152,0,0,1
prime_mul,q100_n1024,checked_per_term,60,1024,5392.740,49152,0,0,1
prime_mul,q100_n1024,configured_field,60,1024,7745.198,245760,0,0,1
prime_mul,q100_n1024,raw_ctx,60,1024,4838.420,49152,0,0,1
prime_mul,q100_n1024,raw_ctx,61,1024,4822.021,49152,0,0,1
prime_mul,q100_n1024,configured_field,61,1024,7715.902,245760,0,0,1
prime_mul,q100_n1024,checked_per_term,61,1024,5369.548,49152,0,0,1
prime_mul,q100_n1024,branded,61,1024,4826.213,49152,0,0,1
prime_mul,q100_n1024,branded,62,1024,4828.938,49152,0,0,1
prime_mul,q100_n1024,raw_ctx,62,1024,4853.801,49152,0,0,1
prime_mul,q100_n1024,checked_per_term,62,1024,5385.132,49152,0,0,1
prime_mul,q100_n1024,configured_field,62,1024,7747.966,245760,0,0,1
prime_mul,q100_n1024,branded,63,1024,4829.346,49152,0,0,1
prime_mul,q100_n1024,checked_per_term,63,1024,5390.096,49152,0,0,1
prime_mul,q100_n1024,configured_field,63,1024,7755.249,245760,0,0,1
prime_mul,q100_n1024,raw_ctx,63,1024,4834.473,49152,0,0,1
prime_dot,q100_n1024,acc8,0,2048,2497.518,32768,0,0,1
prime_dot,q100_n1024,acc4,0,2048,2372.253,32768,0,0,1
prime_dot,q100_n1024,eager_raw,0,2048,6571.635,32768,0,0,1
prime_dot,q100_n1024,checked_per_term,0,2048,2913.879,32768,0,0,1
prime_dot,q100_n1024,convert_then_delayed,0,2048,2888.102,65536,2,32768,1
prime_dot,q100_n1024,acc2,0,2048,2380.554,32768,0,0,1
prime_dot,q100_n1024,crypto_bigint_reduce,0,2048,2500.041,32768,0,0,1
prime_dot,q100_n1024,existing_delayed,0,2048,2397.909,32768,0,0,1
prime_dot,q100_n1024,checked_per_term,1,2048,2916.077,32768,0,0,1
prime_dot,q100_n1024,acc2,1,2048,2379.964,32768,0,0,1
prime_dot,q100_n1024,acc4,1,2048,2355.265,32768,0,0,1
prime_dot,q100_n1024,crypto_bigint_reduce,1,2048,2487.305,32768,0,0,1
prime_dot,q100_n1024,convert_then_delayed,1,2048,2884.603,65536,2,32768,1
prime_dot,q100_n1024,existing_delayed,1,2048,2384.053,32768,0,0,1
prime_dot,q100_n1024,eager_raw,1,2048,6553.426,32768,0,0,1
prime_dot,q100_n1024,acc8,1,2048,2487.040,32768,0,0,1
prime_dot,q100_n1024,crypto_bigint_reduce,2,2048,2483.561,32768,0,0,1
prime_dot,q100_n1024,acc8,2,2048,2475.973,32768,0,0,1
prime_dot,q100_n1024,existing_delayed,2,2048,2382.304,32768,0,0,1
prime_dot,q100_n1024,acc2,2,2048,2378.581,32768,0,0,1
prime_dot,q100_n1024,acc4,2,2048,2356.059,32768,0,0,1
prime_dot,q100_n1024,checked_per_term,2,2048,2913.960,32768,0,0,1
prime_dot,q100_n1024,convert_then_delayed,2,2048,2882.731,65536,2,32768,1
prime_dot,q100_n1024,eager_raw,2,2048,6561.381,32768,0,0,1
prime_dot,q100_n1024,eager_raw,3,2048,6563.741,32768,0,0,1
prime_dot,q100_n1024,existing_delayed,3,2048,2387.146,32768,0,0,1
prime_dot,q100_n1024,acc8,3,2048,2477.417,32768,0,0,1
prime_dot,q100_n1024,convert_then_delayed,3,2048,2879.028,65536,2,32768,1
prime_dot,q100_n1024,crypto_bigint_reduce,3,2048,2486.531,32768,0,0,1
prime_dot,q100_n1024,acc4,3,2048,2353.475,32768,0,0,1
prime_dot,q100_n1024,checked_per_term,3,2048,3056.111,32768,0,0,1
prime_dot,q100_n1024,acc2,3,2048,2472.453,32768,0,0,1
prime_dot,q100_n1024,crypto_bigint_reduce,4,2048,2613.770,32768,0,0,1
prime_dot,q100_n1024,acc2,4,2048,2521.892,32768,0,0,1
prime_dot,q100_n1024,acc4,4,2048,2367.656,32768,0,0,1
prime_dot,q100_n1024,acc8,4,2048,2478.536,32768,0,0,1
prime_dot,q100_n1024,eager_raw,4,2048,6559.814,32768,0,0,1
prime_dot,q100_n1024,convert_then_delayed,4,2048,2881.104,65536,2,32768,1
prime_dot,q100_n1024,checked_per_term,4,2048,2912.374,32768,0,0,1
prime_dot,q100_n1024,existing_delayed,4,2048,2385.803,32768,0,0,1
prime_dot,q100_n1024,acc4,5,2048,2355.937,32768,0,0,1
prime_dot,q100_n1024,eager_raw,5,2048,6572.388,32768,0,0,1
prime_dot,q100_n1024,crypto_bigint_reduce,5,2048,2488.058,32768,0,0,1
prime_dot,q100_n1024,convert_then_delayed,5,2048,2878.316,65536,2,32768,1
prime_dot,q100_n1024,existing_delayed,5,2048,2384.644,32768,0,0,1
prime_dot,q100_n1024,acc8,5,2048,2474.976,32768,0,0,1
prime_dot,q100_n1024,acc2,5,2048,2375.956,32768,0,0,1
prime_dot,q100_n1024,checked_per_term,5,2048,2917.887,32768,0,0,1
prime_dot,q100_n1024,acc4,6,2048,2354.675,32768,0,0,1
prime_dot,q100_n1024,checked_per_term,6,2048,2923.849,32768,0,0,1
prime_dot,q100_n1024,acc2,6,2048,2400.391,32768,0,0,1
prime_dot,q100_n1024,crypto_bigint_reduce,6,2048,2508.728,32768,0,0,1
prime_dot,q100_n1024,acc8,6,2048,2479.431,32768,0,0,1
prime_dot,q100_n1024,existing_delayed,6,2048,2386.169,32768,0,0,1
prime_dot,q100_n1024,eager_raw,6,2048,6559.286,32768,0,0,1
prime_dot,q100_n1024,convert_then_delayed,6,2048,2882.365,65536,2,32768,1
prime_dot,q100_n1024,acc4,7,2048,2356.242,32768,0,0,1
prime_dot,q100_n1024,acc2,7,2048,2378.622,32768,0,0,1
prime_dot,q100_n1024,eager_raw,7,2048,6563.212,32768,0,0,1
prime_dot,q100_n1024,acc8,7,2048,2512.187,32768,0,0,1
prime_dot,q100_n1024,checked_per_term,7,2048,2991.394,32768,0,0,1
prime_dot,q100_n1024,existing_delayed,7,2048,2409.119,32768,0,0,1
prime_dot,q100_n1024,crypto_bigint_reduce,7,2048,2504.700,32768,0,0,1
prime_dot,q100_n1024,convert_then_delayed,7,2048,2890.117,65536,2,32768,1
prime_dot,q100_n1024,checked_per_term,8,2048,2913.412,32768,0,0,1
prime_dot,q100_n1024,existing_delayed,8,2048,2400.858,32768,0,0,1
prime_dot,q100_n1024,acc4,8,2048,2360.901,32768,0,0,1
prime_dot,q100_n1024,crypto_bigint_reduce,8,2048,2493.327,32768,0,0,1
prime_dot,q100_n1024,convert_then_delayed,8,2048,2889.343,65536,2,32768,1
prime_dot,q100_n1024,acc2,8,2048,2379.517,32768,0,0,1
prime_dot,q100_n1024,acc8,8,2048,2487.936,32768,0,0,1
prime_dot,q100_n1024,eager_raw,8,2048,6572.917,32768,0,0,1
prime_dot,q100_n1024,acc2,9,2048,2379.578,32768,0,0,1
prime_dot,q100_n1024,acc4,9,2048,2363.342,32768,0,0,1
prime_dot,q100_n1024,crypto_bigint_reduce,9,2048,2488.464,32768,0,0,1
prime_dot,q100_n1024,convert_then_delayed,9,2048,2885.274,65536,2,32768,1
prime_dot,q100_n1024,acc8,9,2048,2481.588,32768,0,0,1
prime_dot,q100_n1024,eager_raw,9,2048,6564.840,32768,0,0,1
prime_dot,q100_n1024,checked_per_term,9,2048,2919.759,32768,0,0,1
prime_dot,q100_n1024,existing_delayed,9,2048,2386.942,32768,0,0,1
prime_dot,q100_n1024,acc2,10,2048,2373.413,32768,0,0,1
prime_dot,q100_n1024,convert_then_delayed,10,2048,2891.459,65536,2,32768,1
prime_dot,q100_n1024,existing_delayed,10,2048,2393.331,32768,0,0,1
prime_dot,q100_n1024,acc4,10,2048,2358.053,32768,0,0,1
prime_dot,q100_n1024,crypto_bigint_reduce,10,2048,2499.125,32768,0,0,1
prime_dot,q100_n1024,eager_raw,10,2048,6573.486,32768,0,0,1
prime_dot,q100_n1024,acc8,10,2048,2473.857,32768,0,0,1
prime_dot,q100_n1024,checked_per_term,10,2048,2916.422,32768,0,0,1
prime_dot,q100_n1024,acc2,11,2048,2375.509,32768,0,0,1
prime_dot,q100_n1024,acc8,11,2048,2476.725,32768,0,0,1
prime_dot,q100_n1024,existing_delayed,11,2048,2388.062,32768,0,0,1
prime_dot,q100_n1024,acc4,11,2048,2353.292,32768,0,0,1
prime_dot,q100_n1024,crypto_bigint_reduce,11,2048,2491.312,32768,0,0,1
prime_dot,q100_n1024,eager_raw,11,2048,6554.728,32768,0,0,1
prime_dot,q100_n1024,convert_then_delayed,11,2048,2885.702,65536,2,32768,1
prime_dot,q100_n1024,checked_per_term,11,2048,2913.106,32768,0,0,1
prime_dot,q100_n1024,eager_raw,12,2048,6563.416,32768,0,0,1
prime_dot,q100_n1024,acc4,12,2048,2353.251,32768,0,0,1
prime_dot,q100_n1024,acc2,12,2048,2378.438,32768,0,0,1
prime_dot,q100_n1024,checked_per_term,12,2048,2913.025,32768,0,0,1
prime_dot,q100_n1024,acc8,12,2048,2475.667,32768,0,0,1
prime_dot,q100_n1024,convert_then_delayed,12,2048,2882.100,65536,2,32768,1
prime_dot,q100_n1024,crypto_bigint_reduce,12,2048,2486.471,32768,0,0,1
prime_dot,q100_n1024,existing_delayed,12,2048,2381.551,32768,0,0,1
prime_dot,q100_n1024,crypto_bigint_reduce,13,2048,2485.514,32768,0,0,1
prime_dot,q100_n1024,checked_per_term,13,2048,2911.926,32768,0,0,1
prime_dot,q100_n1024,eager_raw,13,2048,6553.508,32768,0,0,1
prime_dot,q100_n1024,acc8,13,2048,2515.055,32768,0,0,1
prime_dot,q100_n1024,acc4,13,2048,2473.145,32768,0,0,1
prime_dot,q100_n1024,acc2,13,2048,2489.522,32768,0,0,1
prime_dot,q100_n1024,convert_then_delayed,13,2048,2920.898,65536,2,32768,1
prime_dot,q100_n1024,existing_delayed,13,2048,2380.798,32768,0,0,1
prime_dot,q100_n1024,acc4,14,2048,2352.621,32768,0,0,1
prime_dot,q100_n1024,acc2,14,2048,2373.413,32768,0,0,1
prime_dot,q100_n1024,crypto_bigint_reduce,14,2048,2488.688,32768,0,0,1
prime_dot,q100_n1024,convert_then_delayed,14,2048,2887.248,65536,2,32768,1
prime_dot,q100_n1024,checked_per_term,14,2048,3042.053,32768,0,0,1
prime_dot,q100_n1024,existing_delayed,14,2048,2527.120,32768,0,0,1
prime_dot,q100_n1024,eager_raw,14,2048,6762.411,32768,0,0,1
prime_dot,q100_n1024,acc8,14,2048,2553.080,32768,0,0,1
prime_dot,q100_n1024,acc4,15,2048,2427.246,32768,0,0,1
prime_dot,q100_n1024,crypto_bigint_reduce,15,2048,2531.006,32768,0,0,1
prime_dot,q100_n1024,acc8,15,2048,2474.569,32768,0,0,1
prime_dot,q100_n1024,convert_then_delayed,15,2048,2885.600,65536,2,32768,1
prime_dot,q100_n1024,existing_delayed,15,2048,2382.507,32768,0,0,1
prime_dot,q100_n1024,checked_per_term,15,2048,2918.986,32768,0,0,1
prime_dot,q100_n1024,acc2,15,2048,2376.546,32768,0,0,1
prime_dot,q100_n1024,eager_raw,15,2048,6563.924,32768,0,0,1
prime_dot,q100_n1024,crypto_bigint_reduce,16,2048,2486.511,32768,0,0,1
prime_dot,q100_n1024,checked_per_term,16,2048,2922.872,32768,0,0,1
prime_dot,q100_n1024,acc2,16,2048,2383.138,32768,0,0,1
prime_dot,q100_n1024,acc8,16,2048,2482.971,32768,0,0,1
prime_dot,q100_n1024,eager_raw,16,2048,6550.395,32768,0,0,1
prime_dot,q100_n1024,convert_then_delayed,16,2048,2900.940,65536,2,32768,1
prime_dot,q100_n1024,existing_delayed,16,2048,2446.371,32768,0,0,1
prime_dot,q100_n1024,acc4,16,2048,2351.644,32768,0,0,1
prime_dot,q100_n1024,acc4,17,2048,2356.750,32768,0,0,1
prime_dot,q100_n1024,acc2,17,2048,2374.959,32768,0,0,1
prime_dot,q100_n1024,checked_per_term,17,2048,2993.795,32768,0,0,1
prime_dot,q100_n1024,eager_raw,17,2048,6621.257,32768,0,0,1
prime_dot,q100_n1024,acc8,17,2048,2476.664,32768,0,0,1
prime_dot,q100_n1024,convert_then_delayed,17,2048,2887.980,65536,2,32768,1
prime_dot,q100_n1024,existing_delayed,17,2048,2457.153,32768,0,0,1
prime_dot,q100_n1024,crypto_bigint_reduce,17,2048,2566.345,32768,0,0,1
prime_dot,q100_n1024,acc4,18,2048,2428.508,32768,0,0,1
prime_dot,q100_n1024,convert_then_delayed,18,2048,2939.453,65536,2,32768,1
prime_dot,q100_n1024,eager_raw,18,2048,6571.126,32768,0,0,1
prime_dot,q100_n1024,checked_per_term,18,2048,2919.596,32768,0,0,1
prime_dot,q100_n1024,acc8,18,2048,2482.259,32768,0,0,1
prime_dot,q100_n1024,crypto_bigint_reduce,18,2048,2489.542,32768,0,0,1
prime_dot,q100_n1024,acc2,18,2048,2375.061,32768,0,0,1
prime_dot,q100_n1024,existing_delayed,18,2048,2387.064,32768,0,0,1
prime_dot,q100_n1024,acc2,19,2048,2381.246,32768,0,0,1
prime_dot,q100_n1024,checked_per_term,19,2048,2912.720,32768,0,0,1
prime_dot,q100_n1024,convert_then_delayed,19,2048,2876.770,65536,2,32768,1
prime_dot,q100_n1024,acc8,19,2048,2479.512,32768,0,0,1
prime_dot,q100_n1024,crypto_bigint_reduce,19,2048,2488.098,32768,0,0,1
prime_dot,q100_n1024,existing_delayed,19,2048,2389.018,32768,0,0,1
prime_dot,q100_n1024,eager_raw,19,2048,6566.589,32768,0,0,1
prime_dot,q100_n1024,acc4,19,2048,2352.153,32768,0,0,1
prime_dot,q100_n1024,eager_raw,20,2048,6549.785,32768,0,0,1
prime_dot,q100_n1024,acc8,20,2048,2479.818,32768,0,0,1
prime_dot,q100_n1024,checked_per_term,20,2048,2921.570,32768,0,0,1
prime_dot,q100_n1024,crypto_bigint_reduce,20,2048,2488.993,32768,0,0,1
prime_dot,q100_n1024,acc2,20,2048,2480.306,32768,0,0,1
prime_dot,q100_n1024,existing_delayed,20,2048,2389.913,32768,0,0,1
prime_dot,q100_n1024,acc4,20,2048,2405.619,32768,0,0,1
prime_dot,q100_n1024,convert_then_delayed,20,2048,2894.714,65536,2,32768,1
prime_dot,q100_n1024,checked_per_term,21,2048,2957.214,32768,0,0,1
prime_dot,q100_n1024,eager_raw,21,2048,6565.267,32768,0,0,1
prime_dot,q100_n1024,convert_then_delayed,21,2048,2883.219,65536,2,32768,1
prime_dot,q100_n1024,crypto_bigint_reduce,21,2048,2496.969,32768,0,0,1
prime_dot,q100_n1024,existing_delayed,21,2048,2396.973,32768,0,0,1
prime_dot,q100_n1024,acc8,21,2048,2477.173,32768,0,0,1
prime_dot,q100_n1024,acc4,21,2048,2365.519,32768,0,0,1
prime_dot,q100_n1024,acc2,21,2048,2396.647,32768,0,0,1
prime_dot,q100_n1024,convert_then_delayed,22,2048,2905.151,65536,2,32768,1
prime_dot,q100_n1024,existing_delayed,22,2048,2423.930,32768,0,0,1
prime_dot,q100_n1024,crypto_bigint_reduce,22,2048,2510.396,32768,0,0,1
prime_dot,q100_n1024,acc8,22,2048,2500.569,32768,0,0,1
prime_dot,q100_n1024,checked_per_term,22,2048,2922.771,32768,0,0,1
prime_dot,q100_n1024,eager_raw,22,2048,6563.680,32768,0,0,1
prime_dot,q100_n1024,acc2,22,2048,2388.672,32768,0,0,1
prime_dot,q100_n1024,acc4,22,2048,2360.087,32768,0,0,1
prime_dot,q100_n1024,checked_per_term,23,2048,2929.626,32768,0,0,1
prime_dot,q100_n1024,acc2,23,2048,2378.031,32768,0,0,1
prime_dot,q100_n1024,existing_delayed,23,2048,2383.057,32768,0,0,1
prime_dot,q100_n1024,convert_then_delayed,23,2048,2901.896,65536,2,32768,1
prime_dot,q100_n1024,crypto_bigint_reduce,23,2048,2502.747,32768,0,0,1
prime_dot,q100_n1024,acc4,23,2048,2358.012,32768,0,0,1
prime_dot,q100_n1024,acc8,23,2048,2501.038,32768,0,0,1
prime_dot,q100_n1024,eager_raw,23,2048,6599.528,32768,0,0,1
prime_dot,q100_n1024,acc2,24,2048,2399.516,32768,0,0,1
prime_dot,q100_n1024,convert_then_delayed,24,2048,2898.865,65536,2,32768,1
prime_dot,q100_n1024,acc4,24,2048,2354.309,32768,0,0,1
prime_dot,q100_n1024,crypto_bigint_reduce,24,2048,2493.652,32768,0,0,1
prime_dot,q100_n1024,eager_raw,24,2048,6564.677,32768,0,0,1
prime_dot,q100_n1024,acc8,24,2048,2563.965,32768,0,0,1
prime_dot,q100_n1024,existing_delayed,24,2048,2406.332,32768,0,0,1
prime_dot,q100_n1024,checked_per_term,24,2048,2916.789,32768,0,0,1
prime_dot,q100_n1024,existing_delayed,25,2048,2388.407,32768,0,0,1
prime_dot,q100_n1024,eager_raw,25,2048,6583.679,32768,0,0,1
prime_dot,q100_n1024,convert_then_delayed,25,2048,2967.875,65536,2,32768,1
prime_dot,q100_n1024,checked_per_term,25,2048,2917.379,32768,0,0,1
prime_dot,q100_n1024,acc2,25,2048,2378.703,32768,0,0,1
prime_dot,q100_n1024,acc8,25,2048,2479.960,32768,0,0,1
prime_dot,q100_n1024,crypto_bigint_reduce,25,2048,2491.984,32768,0,0,1
prime_dot,q100_n1024,acc4,25,2048,2365.763,32768,0,0,1
prime_dot,q100_n1024,convert_then_delayed,26,2048,2882.345,65536,2,32768,1
prime_dot,q100_n1024,acc2,26,2048,2379.435,32768,0,0,1
prime_dot,q100_n1024,acc4,26,2048,2353.882,32768,0,0,1
prime_dot,q100_n1024,eager_raw,26,2048,6563.029,32768,0,0,1
prime_dot,q100_n1024,acc8,26,2048,2474.670,32768,0,0,1
prime_dot,q100_n1024,checked_per_term,26,2048,2938.518,32768,0,0,1
prime_dot,q100_n1024,crypto_bigint_reduce,26,2048,2489.848,32768,0,0,1
prime_dot,q100_n1024,existing_delayed,26,2048,2385.559,32768,0,0,1
prime_dot,q100_n1024,crypto_bigint_reduce,27,2048,2485.840,32768,0,0,1
prime_dot,q100_n1024,eager_raw,27,2048,6563.762,32768,0,0,1
prime_dot,q100_n1024,acc8,27,2048,2476.013,32768,0,0,1
prime_dot,q100_n1024,convert_then_delayed,27,2048,2881.836,65536,2,32768,1
prime_dot,q100_n1024,acc4,27,2048,2352.987,32768,0,0,1
prime_dot,q100_n1024,checked_per_term,27,2048,2917.928,32768,0,0,1
prime_dot,q100_n1024,existing_delayed,27,2048,2384.236,32768,0,0,1
prime_dot,q100_n1024,acc2,27,2048,2377.218,32768,0,0,1
prime_dot,q100_n1024,existing_delayed,28,2048,2383.545,32768,0,0,1
prime_dot,q100_n1024,checked_per_term,28,2048,2917.033,32768,0,0,1
prime_dot,q100_n1024,convert_then_delayed,28,2048,2882.609,65536,2,32768,1
prime_dot,q100_n1024,eager_raw,28,2048,6555.257,32768,0,0,1
prime_dot,q100_n1024,crypto_bigint_reduce,28,2048,2483.439,32768,0,0,1
prime_dot,q100_n1024,acc4,28,2048,2354.716,32768,0,0,1
prime_dot,q100_n1024,acc8,28,2048,2475.810,32768,0,0,1
prime_dot,q100_n1024,acc2,28,2048,2376.038,32768,0,0,1
prime_dot,q100_n1024,crypto_bigint_reduce,29,2048,2486.857,32768,0,0,1
prime_dot,q100_n1024,existing_delayed,29,2048,2383.504,32768,0,0,1
prime_dot,q100_n1024,checked_per_term,29,2048,2912.354,32768,0,0,1
prime_dot,q100_n1024,acc8,29,2048,2476.379,32768,0,0,1
prime_dot,q100_n1024,convert_then_delayed,29,2048,2888.794,65536,2,32768,1
prime_dot,q100_n1024,acc4,29,2048,2353.027,32768,0,0,1
prime_dot,q100_n1024,acc2,29,2048,2380.839,32768,0,0,1
prime_dot,q100_n1024,eager_raw,29,2048,6552.307,32768,0,0,1
prime_dot,q100_n1024,acc2,30,2048,2375.082,32768,0,0,1
prime_dot,q100_n1024,eager_raw,30,2048,6551.045,32768,0,0,1
prime_dot,q100_n1024,acc4,30,2048,2353.597,32768,0,0,1
prime_dot,q100_n1024,acc8,30,2048,2481.018,32768,0,0,1
prime_dot,q100_n1024,crypto_bigint_reduce,30,2048,2487.325,32768,0,0,1
prime_dot,q100_n1024,checked_per_term,30,2048,2917.786,32768,0,0,1
prime_dot,q100_n1024,existing_delayed,30,2048,2381.042,32768,0,0,1
prime_dot,q100_n1024,convert_then_delayed,30,2048,2879.110,65536,2,32768,1
prime_dot,q100_n1024,existing_delayed,31,2048,2383.728,32768,0,0,1
prime_dot,q100_n1024,acc8,31,2048,2478.210,32768,0,0,1
prime_dot,q100_n1024,checked_per_term,31,2048,2914.999,32768,0,0,1
prime_dot,q100_n1024,crypto_bigint_reduce,31,2048,2492.594,32768,0,0,1
prime_dot,q100_n1024,eager_raw,31,2048,6557.027,32768,0,0,1
prime_dot,q100_n1024,acc4,31,2048,2359.192,32768,0,0,1
prime_dot,q100_n1024,convert_then_delayed,31,2048,2881.327,65536,2,32768,1
prime_dot,q100_n1024,acc2,31,2048,2380.005,32768,0,0,1
prime_dot,q100_n1024,checked_per_term,32,2048,2913.696,32768,0,0,1
prime_dot,q100_n1024,acc8,32,2048,2479.350,32768,0,0,1
prime_dot,q100_n1024,eager_raw,32,2048,6555.440,32768,0,0,1
prime_dot,q100_n1024,acc4,32,2048,2357.605,32768,0,0,1
prime_dot,q100_n1024,acc2,32,2048,2375.265,32768,0,0,1
prime_dot,q100_n1024,crypto_bigint_reduce,32,2048,2487.549,32768,0,0,1
prime_dot,q100_n1024,convert_then_delayed,32,2048,2880.310,65536,2,32768,1
prime_dot,q100_n1024,existing_delayed,32,2048,2388.672,32768,0,0,1
prime_dot,q100_n1024,existing_delayed,33,2048,2381.632,32768,0,0,1
prime_dot,q100_n1024,acc4,33,2048,2352.621,32768,0,0,1
prime_dot,q100_n1024,checked_per_term,33,2048,2918.559,32768,0,0,1
prime_dot,q100_n1024,eager_raw,33,2048,6571.981,32768,0,0,1
prime_dot,q100_n1024,acc2,33,2048,2374.898,32768,0,0,1
prime_dot,q100_n1024,crypto_bigint_reduce,33,2048,2492.554,32768,0,0,1
prime_dot,q100_n1024,acc8,33,2048,2519.409,32768,0,0,1
prime_dot,q100_n1024,convert_then_delayed,33,2048,2939.900,65536,2,32768,1
prime_dot,q100_n1024,checked_per_term,34,2048,2937.093,32768,0,0,1
prime_dot,q100_n1024,crypto_bigint_reduce,34,2048,2496.867,32768,0,0,1
prime_dot,q100_n1024,acc2,34,2048,2386.759,32768,0,0,1
prime_dot,q100_n1024,existing_delayed,34,2048,2384.054,32768,0,0,1
prime_dot,q100_n1024,convert_then_delayed,34,2048,2886.394,65536,2,32768,1
prime_dot,q100_n1024,eager_raw,34,2048,6576.558,32768,0,0,1
prime_dot,q100_n1024,acc4,34,2048,2361.511,32768,0,0,1
prime_dot,q100_n1024,acc8,34,2048,2495.911,32768,0,0,1
prime_dot,q100_n1024,acc2,35,2048,2375.977,32768,0,0,1
prime_dot,q100_n1024,eager_raw,35,2048,6574.707,32768,0,0,1
prime_dot,q100_n1024,convert_then_delayed,35,2048,2887.289,65536,2,32768,1
prime_dot,q100_n1024,acc4,35,2048,2358.317,32768,0,0,1
prime_dot,q100_n1024,existing_delayed,35,2048,2389.445,32768,0,0,1
prime_dot,q100_n1024,crypto_bigint_reduce,35,2048,2499.207,32768,0,0,1
prime_dot,q100_n1024,acc8,35,2048,2478.861,32768,0,0,1
prime_dot,q100_n1024,checked_per_term,35,2048,2923.625,32768,0,0,1
prime_dot,q100_n1024,acc8,36,2048,2473.755,32768,0,0,1
prime_dot,q100_n1024,acc4,36,2048,2355.774,32768,0,0,1
prime_dot,q100_n1024,crypto_bigint_reduce,36,2048,2486.532,32768,0,0,1
prime_dot,q100_n1024,convert_then_delayed,36,2048,2885.152,65536,2,32768,1
prime_dot,q100_n1024,acc2,36,2048,2387.003,32768,0,0,1
prime_dot,q100_n1024,eager_raw,36,2048,6553.040,32768,0,0,1
prime_dot,q100_n1024,existing_delayed,36,2048,2384.623,32768,0,0,1
prime_dot,q100_n1024,checked_per_term,36,2048,2962.463,32768,0,0,1
prime_dot,q100_n1024,eager_raw,37,2048,6584.167,32768,0,0,1
prime_dot,q100_n1024,checked_per_term,37,2048,2915.690,32768,0,0,1
prime_dot,q100_n1024,existing_delayed,37,2048,2412.801,32768,0,0,1
prime_dot,q100_n1024,acc4,37,2048,2360.311,32768,0,0,1
prime_dot,q100_n1024,convert_then_delayed,37,2048,2915.487,65536,2,32768,1
prime_dot,q100_n1024,acc2,37,2048,2410.950,32768,0,0,1
prime_dot,q100_n1024,crypto_bigint_reduce,37,2048,2486.430,32768,0,0,1
prime_dot,q100_n1024,acc8,37,2048,2529.419,32768,0,0,1
prime_dot,q100_n1024,checked_per_term,38,2048,3066.345,32768,0,0,1
prime_dot,q100_n1024,acc4,38,2048,2487.508,32768,0,0,1
prime_dot,q100_n1024,convert_then_delayed,38,2048,3066.101,65536,2,32768,1
prime_dot,q100_n1024,existing_delayed,38,2048,2459.758,32768,0,0,1
prime_dot,q100_n1024,acc2,38,2048,2408.102,32768,0,0,1
prime_dot,q100_n1024,crypto_bigint_reduce,38,2048,2581.624,32768,0,0,1
prime_dot,q100_n1024,eager_raw,38,2048,6851.420,32768,0,0,1
prime_dot,q100_n1024,acc8,38,2048,2521.932,32768,0,0,1
prime_dot,q100_n1024,checked_per_term,39,2048,2940.796,32768,0,0,1
prime_dot,q100_n1024,convert_then_delayed,39,2048,2922.140,65536,2,32768,1
prime_dot,q100_n1024,eager_raw,39,2048,6594.136,32768,0,0,1
prime_dot,q100_n1024,crypto_bigint_reduce,39,2048,2567.708,32768,0,0,1
prime_dot,q100_n1024,acc2,39,2048,2480.123,32768,0,0,1
prime_dot,q100_n1024,existing_delayed,39,2048,2495.992,32768,0,0,1
prime_dot,q100_n1024,acc8,39,2048,2620.544,32768,0,0,1
prime_dot,q100_n1024,acc4,39,2048,2465.983,32768,0,0,1
prime_dot,q100_n1024,acc4,40,2048,2424.967,32768,0,0,1
prime_dot,q100_n1024,acc2,40,2048,2550.659,32768,0,0,1
prime_dot,q100_n1024,existing_delayed,40,2048,2532.715,32768,0,0,1
prime_dot,q100_n1024,eager_raw,40,2048,6715.352,32768,0,0,1
prime_dot,q100_n1024,crypto_bigint_reduce,40,2048,2611.918,32768,0,0,1
prime_dot,q100_n1024,acc8,40,2048,2640.991,32768,0,0,1
prime_dot,q100_n1024,convert_then_delayed,40,2048,3070.557,65536,2,32768,1
prime_dot,q100_n1024,checked_per_term,40,2048,3012.797,32768,0,0,1
prime_dot,q100_n1024,acc2,41,2048,2466.288,32768,0,0,1
prime_dot,q100_n1024,convert_then_delayed,41,2048,2898.193,65536,2,32768,1
prime_dot,q100_n1024,acc4,41,2048,2354.614,32768,0,0,1
prime_dot,q100_n1024,checked_per_term,41,2048,2912.191,32768,0,0,1
prime_dot,q100_n1024,acc8,41,2048,2475.443,32768,0,0,1
prime_dot,q100_n1024,eager_raw,41,2048,6551.514,32768,0,0,1
prime_dot,q100_n1024,existing_delayed,41,2048,2386.760,32768,0,0,1
prime_dot,q100_n1024,crypto_bigint_reduce,41,2048,2488.708,32768,0,0,1
prime_dot,q100_n1024,crypto_bigint_reduce,42,2048,2491.068,32768,0,0,1
prime_dot,q100_n1024,eager_raw,42,2048,6567.790,32768,0,0,1
prime_dot,q100_n1024,existing_delayed,42,2048,2387.532,32768,0,0,1
prime_dot,q100_n1024,acc8,42,2048,2482.727,32768,0,0,1
prime_dot,q100_n1024,checked_per_term,42,2048,2932.210,32768,0,0,1
prime_dot,q100_n1024,acc4,42,2048,2359.172,32768,0,0,1
prime_dot,q100_n1024,acc2,42,2048,2384.644,32768,0,0,1
prime_dot,q100_n1024,convert_then_delayed,42,2048,2878.316,65536,2,32768,1
prime_dot,q100_n1024,crypto_bigint_reduce,43,2048,2489.645,32768,0,0,1
prime_dot,q100_n1024,acc4,43,2048,2360.433,32768,0,0,1
prime_dot,q100_n1024,checked_per_term,43,2048,2925.903,32768,0,0,1
prime_dot,q100_n1024,acc8,43,2048,2494.100,32768,0,0,1
prime_dot,q100_n1024,existing_delayed,43,2048,2388.550,32768,0,0,1
prime_dot,q100_n1024,acc2,43,2048,2382.101,32768,0,0,1
prime_dot,q100_n1024,eager_raw,43,2048,6559.753,32768,0,0,1
prime_dot,q100_n1024,convert_then_delayed,43,2048,2883.118,65536,2,32768,1
prime_dot,q100_n1024,acc8,44,2048,2478.638,32768,0,0,1
prime_dot,q100_n1024,existing_delayed,44,2048,2391.439,32768,0,0,1
prime_dot,q100_n1024,acc2,44,2048,2377.848,32768,0,0,1
prime_dot,q100_n1024,checked_per_term,44,2048,2914.693,32768,0,0,1
prime_dot,q100_n1024,crypto_bigint_reduce,44,2048,2485.901,32768,0,0,1
prime_dot,q100_n1024,eager_raw,44,2048,6570.801,32768,0,0,1
prime_dot,q100_n1024,acc4,44,2048,2354.248,32768,0,0,1
prime_dot,q100_n1024,convert_then_delayed,44,2048,2882.751,65536,2,32768,1
prime_dot,q100_n1024,acc4,45,2048,2355.326,32768,0,0,1
prime_dot,q100_n1024,acc2,45,2048,2375.204,32768,0,0,1
prime_dot,q100_n1024,crypto_bigint_reduce,45,2048,2488.383,32768,0,0,1
prime_dot,q100_n1024,checked_per_term,45,2048,2911.336,32768,0,0,1
prime_dot,q100_n1024,existing_delayed,45,2048,2387.451,32768,0,0,1
prime_dot,q100_n1024,acc8,45,2048,2477.641,32768,0,0,1
prime_dot,q100_n1024,convert_then_delayed,45,2048,2885.396,65536,2,32768,1
prime_dot,q100_n1024,eager_raw,45,2048,6546.468,32768,0,0,1
prime_dot,q100_n1024,existing_delayed,46,2048,2381.795,32768,0,0,1
prime_dot,q100_n1024,convert_then_delayed,46,2048,2951.904,65536,2,32768,1
prime_dot,q100_n1024,acc8,46,2048,2590.393,32768,0,0,1
prime_dot,q100_n1024,crypto_bigint_reduce,46,2048,2603.597,32768,0,0,1
prime_dot,q100_n1024,checked_per_term,46,2048,3123.067,32768,0,0,1
prime_dot,q100_n1024,eager_raw,46,2048,6626.587,32768,0,0,1
prime_dot,q100_n1024,acc2,46,2048,2405.070,32768,0,0,1
prime_dot,q100_n1024,acc4,46,2048,2383.626,32768,0,0,1
prime_dot,q100_n1024,checked_per_term,47,2048,2937.358,32768,0,0,1
prime_dot,q100_n1024,acc4,47,2048,2363.484,32768,0,0,1
prime_dot,q100_n1024,convert_then_delayed,47,2048,2886.739,65536,2,32768,1
prime_dot,q100_n1024,acc8,47,2048,2486.816,32768,0,0,1
prime_dot,q100_n1024,crypto_bigint_reduce,47,2048,2496.887,32768,0,0,1
prime_dot,q100_n1024,existing_delayed,47,2048,2394.531,32768,0,0,1
prime_dot,q100_n1024,acc2,47,2048,2388.143,32768,0,0,1
prime_dot,q100_n1024,eager_raw,47,2048,6558.817,32768,0,0,1
prime_dot,q100_n1024,existing_delayed,48,2048,2386.312,32768,0,0,1
prime_dot,q100_n1024,acc8,48,2048,2474.406,32768,0,0,1
prime_dot,q100_n1024,checked_per_term,48,2048,2913.065,32768,0,0,1
prime_dot,q100_n1024,eager_raw,48,2048,6557.271,32768,0,0,1
prime_dot,q100_n1024,crypto_bigint_reduce,48,2048,2532.674,32768,0,0,1
prime_dot,q100_n1024,convert_then_delayed,48,2048,2896.606,65536,2,32768,1
prime_dot,q100_n1024,acc2,48,2048,2376.038,32768,0,0,1
prime_dot,q100_n1024,acc4,48,2048,2351.847,32768,0,0,1
prime_dot,q100_n1024,acc4,49,2048,2352.865,32768,0,0,1
prime_dot,q100_n1024,existing_delayed,49,2048,2380.961,32768,0,0,1
prime_dot,q100_n1024,convert_then_delayed,49,2048,2884.827,65536,2,32768,1
prime_dot,q100_n1024,eager_raw,49,2048,6564.372,32768,0,0,1
prime_dot,q100_n1024,checked_per_term,49,2048,2917.908,32768,0,0,1
prime_dot,q100_n1024,crypto_bigint_reduce,49,2048,2487.386,32768,0,0,1
prime_dot,q100_n1024,acc8,49,2048,2489.014,32768,0,0,1
prime_dot,q100_n1024,acc2,49,2048,2378.194,32768,0,0,1
prime_dot,q100_n1024,acc8,50,2048,2475.972,32768,0,0,1
prime_dot,q100_n1024,checked_per_term,50,2048,2911.865,32768,0,0,1
prime_dot,q100_n1024,crypto_bigint_reduce,50,2048,2493.469,32768,0,0,1
prime_dot,q100_n1024,convert_then_delayed,50,2048,2880.900,65536,2,32768,1
prime_dot,q100_n1024,acc2,50,2048,2478.109,32768,0,0,1
prime_dot,q100_n1024,existing_delayed,50,2048,2386.373,32768,0,0,1
prime_dot,q100_n1024,eager_raw,50,2048,6587.057,32768,0,0,1
prime_dot,q100_n1024,acc4,50,2048,2357.707,32768,0,0,1
prime_dot,q100_n1024,acc2,51,2048,2392.293,32768,0,0,1
prime_dot,q100_n1024,eager_raw,51,2048,6612.020,32768,0,0,1
prime_dot,q100_n1024,acc4,51,2048,2399.618,32768,0,0,1
prime_dot,q100_n1024,checked_per_term,51,2048,2998.901,32768,0,0,1
prime_dot,q100_n1024,convert_then_delayed,51,2048,2957.255,65536,2,32768,1
prime_dot,q100_n1024,existing_delayed,51,2048,2456.604,32768,0,0,1
prime_dot,q100_n1024,acc8,51,2048,2551.453,32768,0,0,1
prime_dot,q100_n1024,crypto_bigint_reduce,51,2048,2551.392,32768,0,0,1
prime_dot,q100_n1024,eager_raw,52,2048,6640.055,32768,0,0,1
prime_dot,q100_n1024,existing_delayed,52,2048,2384.196,32768,0,0,1
prime_dot,q100_n1024,acc4,52,2048,2354.024,32768,0,0,1
prime_dot,q100_n1024,acc8,52,2048,2474.711,32768,0,0,1
prime_dot,q100_n1024,checked_per_term,52,2048,2915.039,32768,0,0,1
prime_dot,q100_n1024,acc2,52,2048,2384.685,32768,0,0,1
prime_dot,q100_n1024,convert_then_delayed,52,2048,2880.208,65536,2,32768,1
prime_dot,q100_n1024,crypto_bigint_reduce,52,2048,2485.128,32768,0,0,1
prime_dot,q100_n1024,acc2,53,2048,2379.476,32768,0,0,1
prime_dot,q100_n1024,convert_then_delayed,53,2048,2888.509,65536,2,32768,1
prime_dot,q100_n1024,acc8,53,2048,2480.387,32768,0,0,1
prime_dot,q100_n1024,existing_delayed,53,2048,2388.367,32768,0,0,1
prime_dot,q100_n1024,crypto_bigint_reduce,53,2048,2484.985,32768,0,0,1
prime_dot,q100_n1024,acc4,53,2048,2355.326,32768,0,0,1
prime_dot,q100_n1024,eager_raw,53,2048,6551.473,32768,0,0,1
prime_dot,q100_n1024,checked_per_term,53,2048,2921.590,32768,0,0,1
prime_dot,q100_n1024,crypto_bigint_reduce,54,2048,2493.937,32768,0,0,1
prime_dot,q100_n1024,existing_delayed,54,2048,2389.974,32768,0,0,1
prime_dot,q100_n1024,acc8,54,2048,2482.462,32768,0,0,1
prime_dot,q100_n1024,checked_per_term,54,2048,2911.764,32768,0,0,1
prime_dot,q100_n1024,convert_then_delayed,54,2048,2888.245,65536,2,32768,1
prime_dot,q100_n1024,acc4,54,2048,2354.105,32768,0,0,1
prime_dot,q100_n1024,acc2,54,2048,2381.938,32768,0,0,1
prime_dot,q100_n1024,eager_raw,54,2048,6556.763,32768,0,0,1
prime_dot,q100_n1024,eager_raw,55,2048,6547.607,32768,0,0,1
prime_dot,q100_n1024,acc4,55,2048,2355.062,32768,0,0,1
prime_dot,q100_n1024,checked_per_term,55,2048,2912.415,32768,0,0,1
prime_dot,q100_n1024,acc8,55,2048,2477.600,32768,0,0,1
prime_dot,q100_n1024,acc2,55,2048,2375.244,32768,0,0,1
prime_dot,q100_n1024,existing_delayed,55,2048,2386.007,32768,0,0,1
prime_dot,q100_n1024,crypto_bigint_reduce,55,2048,2486.958,32768,0,0,1
prime_dot,q100_n1024,convert_then_delayed,55,2048,2889.730,65536,2,32768,1
prime_dot,q100_n1024,crypto_bigint_reduce,56,2048,2487.264,32768,0,0,1
prime_dot,q100_n1024,existing_delayed,56,2048,2382.670,32768,0,0,1
prime_dot,q100_n1024,acc4,56,2048,2357.178,32768,0,0,1
prime_dot,q100_n1024,eager_raw,56,2048,6554.891,32768,0,0,1
prime_dot,q100_n1024,checked_per_term,56,2048,2911.987,32768,0,0,1
prime_dot,q100_n1024,acc8,56,2048,2474.507,32768,0,0,1
prime_dot,q100_n1024,convert_then_delayed,56,2048,2886.230,65536,2,32768,1
prime_dot,q100_n1024,acc2,56,2048,2375.895,32768,0,0,1
prime_dot,q100_n1024,checked_per_term,57,2048,2914.164,32768,0,0,1
prime_dot,q100_n1024,crypto_bigint_reduce,57,2048,2484.029,32768,0,0,1
prime_dot,q100_n1024,convert_then_delayed,57,2048,2882.202,65536,2,32768,1
prime_dot,q100_n1024,acc4,57,2048,2366.374,32768,0,0,1
prime_dot,q100_n1024,acc2,57,2048,2387.207,32768,0,0,1
prime_dot,q100_n1024,existing_delayed,57,2048,2386.210,32768,0,0,1
prime_dot,q100_n1024,eager_raw,57,2048,6562.907,32768,0,0,1
prime_dot,q100_n1024,acc8,57,2048,2483.337,32768,0,0,1
prime_dot,q100_n1024,eager_raw,58,2048,6560.140,32768,0,0,1
prime_dot,q100_n1024,acc8,58,2048,2476.420,32768,0,0,1
prime_dot,q100_n1024,existing_delayed,58,2048,2388.000,32768,0,0,1
prime_dot,q100_n1024,convert_then_delayed,58,2048,2897.095,65536,2,32768,1
prime_dot,q100_n1024,checked_per_term,58,2048,2913.615,32768,0,0,1
prime_dot,q100_n1024,crypto_bigint_reduce,58,2048,2492.432,32768,0,0,1
prime_dot,q100_n1024,acc4,58,2048,2358.032,32768,0,0,1
prime_dot,q100_n1024,acc2,58,2048,2376.180,32768,0,0,1
prime_dot,q100_n1024,acc4,59,2048,2362.773,32768,0,0,1
prime_dot,q100_n1024,crypto_bigint_reduce,59,2048,2484.090,32768,0,0,1
prime_dot,q100_n1024,acc2,59,2048,2381.673,32768,0,0,1
prime_dot,q100_n1024,acc8,59,2048,2480.265,32768,0,0,1
prime_dot,q100_n1024,checked_per_term,59,2048,2913.757,32768,0,0,1
prime_dot,q100_n1024,eager_raw,59,2048,6547.363,32768,0,0,1
prime_dot,q100_n1024,existing_delayed,59,2048,2387.268,32768,0,0,1
prime_dot,q100_n1024,convert_then_delayed,59,2048,2907.430,65536,2,32768,1
prime_dot,q100_n1024,eager_raw,60,2048,6564.209,32768,0,0,1
prime_dot,q100_n1024,convert_then_delayed,60,2048,2891.377,65536,2,32768,1
prime_dot,q100_n1024,existing_delayed,60,2048,2388.834,32768,0,0,1
prime_dot,q100_n1024,acc2,60,2048,2376.221,32768,0,0,1
prime_dot,q100_n1024,acc8,60,2048,2485.962,32768,0,0,1
prime_dot,q100_n1024,crypto_bigint_reduce,60,2048,2487.793,32768,0,0,1
prime_dot,q100_n1024,acc4,60,2048,2357.076,32768,0,0,1
prime_dot,q100_n1024,checked_per_term,60,2048,2921.000,32768,0,0,1
prime_dot,q100_n1024,checked_per_term,61,2048,2916.992,32768,0,0,1
prime_dot,q100_n1024,existing_delayed,61,2048,2382.243,32768,0,0,1
prime_dot,q100_n1024,acc2,61,2048,2385.233,32768,0,0,1
prime_dot,q100_n1024,eager_raw,61,2048,6574.890,32768,0,0,1
prime_dot,q100_n1024,crypto_bigint_reduce,61,2048,2490.132,32768,0,0,1
prime_dot,q100_n1024,acc8,61,2048,2485.413,32768,0,0,1
prime_dot,q100_n1024,acc4,61,2048,2368.713,32768,0,0,1
prime_dot,q100_n1024,convert_then_delayed,61,2048,2892.191,65536,2,32768,1
prime_dot,q100_n1024,checked_per_term,62,2048,2917.603,32768,0,0,1
prime_dot,q100_n1024,acc4,62,2048,2352.966,32768,0,0,1
prime_dot,q100_n1024,existing_delayed,62,2048,2395.345,32768,0,0,1
prime_dot,q100_n1024,eager_raw,62,2048,6574.056,32768,0,0,1
prime_dot,q100_n1024,crypto_bigint_reduce,62,2048,2491.028,32768,0,0,1
prime_dot,q100_n1024,acc8,62,2048,2477.966,32768,0,0,1
prime_dot,q100_n1024,acc2,62,2048,2411.621,32768,0,0,1
prime_dot,q100_n1024,convert_then_delayed,62,2048,3015.849,65536,2,32768,1
prime_dot,q100_n1024,acc4,63,2048,2459.391,32768,0,0,1
prime_dot,q100_n1024,crypto_bigint_reduce,63,2048,2600.912,32768,0,0,1
prime_dot,q100_n1024,acc2,63,2048,2381.958,32768,0,0,1
prime_dot,q100_n1024,eager_raw,63,2048,6563.945,32768,0,0,1
prime_dot,q100_n1024,existing_delayed,63,2048,2390.340,32768,0,0,1
prime_dot,q100_n1024,convert_then_delayed,63,2048,2895.040,65536,2,32768,1
prime_dot,q100_n1024,checked_per_term,63,2048,2910.991,32768,0,0,1
prime_dot,q100_n1024,acc8,63,2048,2483.073,32768,0,0,1
prime_mul,q128_n16,checked_per_term,0,65536,86.212,768,0,0,1
prime_mul,q128_n16,configured_field,0,65536,123.111,3840,0,0,1
prime_mul,q128_n16,branded,0,65536,77.564,768,0,0,1
prime_mul,q128_n16,raw_ctx,0,65536,76.882,768,0,0,1
prime_mul,q128_n16,configured_field,1,65536,122.849,3840,0,0,1
prime_mul,q128_n16,checked_per_term,1,65536,86.459,768,0,0,1
prime_mul,q128_n16,branded,1,65536,78.353,768,0,0,1
prime_mul,q128_n16,raw_ctx,1,65536,77.029,768,0,0,1
prime_mul,q128_n16,checked_per_term,2,65536,86.663,768,0,0,1
prime_mul,q128_n16,raw_ctx,2,65536,78.065,768,0,0,1
prime_mul,q128_n16,configured_field,2,65536,123.778,3840,0,0,1
prime_mul,q128_n16,branded,2,65536,77.710,768,0,0,1
prime_mul,q128_n16,branded,3,65536,78.112,768,0,0,1
prime_mul,q128_n16,configured_field,3,65536,123.849,3840,0,0,1
prime_mul,q128_n16,raw_ctx,3,65536,77.323,768,0,0,1
prime_mul,q128_n16,checked_per_term,3,65536,86.963,768,0,0,1
prime_mul,q128_n16,checked_per_term,4,65536,86.827,768,0,0,1
prime_mul,q128_n16,configured_field,4,65536,123.858,3840,0,0,1
prime_mul,q128_n16,raw_ctx,4,65536,77.266,768,0,0,1
prime_mul,q128_n16,branded,4,65536,78.074,768,0,0,1
prime_mul,q128_n16,configured_field,5,65536,123.899,3840,0,0,1
prime_mul,q128_n16,raw_ctx,5,65536,77.243,768,0,0,1
prime_mul,q128_n16,branded,5,65536,78.046,768,0,0,1
prime_mul,q128_n16,checked_per_term,5,65536,87.078,768,0,0,1
prime_mul,q128_n16,branded,6,65536,78.554,768,0,0,1
prime_mul,q128_n16,configured_field,6,65536,125.673,3840,0,0,1
prime_mul,q128_n16,raw_ctx,6,65536,77.485,768,0,0,1
prime_mul,q128_n16,checked_per_term,6,65536,87.383,768,0,0,1
prime_mul,q128_n16,checked_per_term,7,65536,86.480,768,0,0,1
prime_mul,q128_n16,branded,7,65536,77.759,768,0,0,1
prime_mul,q128_n16,raw_ctx,7,65536,77.362,768,0,0,1
prime_mul,q128_n16,configured_field,7,65536,123.415,3840,0,0,1
prime_mul,q128_n16,raw_ctx,8,65536,76.989,768,0,0,1
prime_mul,q128_n16,checked_per_term,8,65536,87.331,768,0,0,1
prime_mul,q128_n16,configured_field,8,65536,123.991,3840,0,0,1
prime_mul,q128_n16,branded,8,65536,78.316,768,0,0,1
prime_mul,q128_n16,raw_ctx,9,65536,77.119,768,0,0,1
prime_mul,q128_n16,branded,9,65536,78.442,768,0,0,1
prime_mul,q128_n16,configured_field,9,65536,123.950,3840,0,0,1
prime_mul,q128_n16,checked_per_term,9,65536,86.810,768,0,0,1
prime_mul,q128_n16,raw_ctx,10,65536,77.560,768,0,0,1
prime_mul,q128_n16,configured_field,10,65536,123.985,3840,0,0,1
prime_mul,q128_n16,checked_per_term,10,65536,87.230,768,0,0,1
prime_mul,q128_n16,branded,10,65536,78.037,768,0,0,1
prime_mul,q128_n16,raw_ctx,11,65536,77.386,768,0,0,1
prime_mul,q128_n16,configured_field,11,65536,123.491,3840,0,0,1
prime_mul,q128_n16,branded,11,65536,78.301,768,0,0,1
prime_mul,q128_n16,checked_per_term,11,65536,86.941,768,0,0,1
prime_mul,q128_n16,raw_ctx,12,65536,77.290,768,0,0,1
prime_mul,q128_n16,checked_per_term,12,65536,87.134,768,0,0,1
prime_mul,q128_n16,configured_field,12,65536,123.938,3840,0,0,1
prime_mul,q128_n16,branded,12,65536,78.030,768,0,0,1
prime_mul,q128_n16,configured_field,13,65536,123.652,3840,0,0,1
prime_mul,q128_n16,checked_per_term,13,65536,86.980,768,0,0,1
prime_mul,q128_n16,raw_ctx,13,65536,76.997,768,0,0,1
prime_mul,q128_n16,branded,13,65536,77.531,768,0,0,1
prime_mul,q128_n16,checked_per_term,14,65536,86.452,768,0,0,1
prime_mul,q128_n16,configured_field,14,65536,123.144,3840,0,0,1
prime_mul,q128_n16,raw_ctx,14,65536,76.885,768,0,0,1
prime_mul,q128_n16,branded,14,65536,77.664,768,0,0,1
prime_mul,q128_n16,raw_ctx,15,65536,77.408,768,0,0,1
prime_mul,q128_n16,checked_per_term,15,65536,86.441,768,0,0,1
prime_mul,q128_n16,configured_field,15,65536,123.557,3840,0,0,1
prime_mul,q128_n16,branded,15,65536,77.857,768,0,0,1
prime_mul,q128_n16,raw_ctx,16,65536,77.030,768,0,0,1
prime_mul,q128_n16,branded,16,65536,77.812,768,0,0,1
prime_mul,q128_n16,checked_per_term,16,65536,86.568,768,0,0,1
prime_mul,q128_n16,configured_field,16,65536,123.201,3840,0,0,1
prime_mul,q128_n16,branded,17,65536,77.747,768,0,0,1
prime_mul,q128_n16,raw_ctx,17,65536,77.204,768,0,0,1
prime_mul,q128_n16,configured_field,17,65536,123.395,3840,0,0,1
prime_mul,q128_n16,checked_per_term,17,65536,86.708,768,0,0,1
prime_mul,q128_n16,configured_field,18,65536,123.243,3840,0,0,1
prime_mul,q128_n16,branded,18,65536,77.461,768,0,0,1
prime_mul,q128_n16,checked_per_term,18,65536,86.344,768,0,0,1
prime_mul,q128_n16,raw_ctx,18,65536,76.674,768,0,0,1
prime_mul,q128_n16,branded,19,65536,77.287,768,0,0,1
prime_mul,q128_n16,configured_field,19,65536,122.829,3840,0,0,1
prime_mul,q128_n16,raw_ctx,19,65536,76.628,768,0,0,1
prime_mul,q128_n16,checked_per_term,19,65536,87.008,768,0,0,1
prime_mul,q128_n16,configured_field,20,65536,127.535,3840,0,0,1
prime_mul,q128_n16,raw_ctx,20,65536,77.252,768,0,0,1
prime_mul,q128_n16,branded,20,65536,80.748,768,0,0,1
prime_mul,q128_n16,checked_per_term,20,65536,89.188,768,0,0,1
prime_mul,q128_n16,branded,21,65536,77.382,768,0,0,1
prime_mul,q128_n16,checked_per_term,21,65536,86.185,768,0,0,1
prime_mul,q128_n16,raw_ctx,21,65536,76.623,768,0,0,1
prime_mul,q128_n16,configured_field,21,65536,123.196,3840,0,0,1
prime_mul,q128_n16,checked_per_term,22,65536,88.123,768,0,0,1
prime_mul,q128_n16,branded,22,65536,79.397,768,0,0,1
prime_mul,q128_n16,raw_ctx,22,65536,78.484,768,0,0,1
prime_mul,q128_n16,configured_field,22,65536,128.984,3840,0,0,1
prime_mul,q128_n16,configured_field,23,65536,127.464,3840,0,0,1
prime_mul,q128_n16,checked_per_term,23,65536,90.570,768,0,0,1
prime_mul,q128_n16,branded,23,65536,78.397,768,0,0,1
prime_mul,q128_n16,raw_ctx,23,65536,76.640,768,0,0,1
prime_mul,q128_n16,raw_ctx,24,65536,76.693,768,0,0,1
prime_mul,q128_n16,checked_per_term,24,65536,87.737,768,0,0,1
prime_mul,q128_n16,branded,24,65536,81.367,768,0,0,1
prime_mul,q128_n16,configured_field,24,65536,129.587,3840,0,0,1
prime_mul,q128_n16,checked_per_term,25,65536,87.710,768,0,0,1
prime_mul,q128_n16,configured_field,25,65536,123.110,3840,0,0,1
prime_mul,q128_n16,branded,25,65536,77.814,768,0,0,1
prime_mul,q128_n16,raw_ctx,25,65536,76.911,768,0,0,1
prime_mul,q128_n16,branded,26,65536,77.422,768,0,0,1
prime_mul,q128_n16,checked_per_term,26,65536,86.859,768,0,0,1
prime_mul,q128_n16,configured_field,26,65536,124.106,3840,0,0,1
prime_mul,q128_n16,raw_ctx,26,65536,77.083,768,0,0,1
prime_mul,q128_n16,configured_field,27,65536,124.079,3840,0,0,1
prime_mul,q128_n16,raw_ctx,27,65536,77.159,768,0,0,1
prime_mul,q128_n16,branded,27,65536,77.877,768,0,0,1
prime_mul,q128_n16,checked_per_term,27,65536,86.806,768,0,0,1
prime_mul,q128_n16,raw_ctx,28,65536,77.108,768,0,0,1
prime_mul,q128_n16,branded,28,65536,77.736,768,0,0,1
prime_mul,q128_n16,configured_field,28,65536,123.950,3840,0,0,1
prime_mul,q128_n16,checked_per_term,28,65536,86.720,768,0,0,1
prime_mul,q128_n16,configured_field,29,65536,123.254,3840,0,0,1
prime_mul,q128_n16,checked_per_term,29,65536,86.289,768,0,0,1
prime_mul,q128_n16,branded,29,65536,77.620,768,0,0,1
prime_mul,q128_n16,raw_ctx,29,65536,77.168,768,0,0,1
prime_mul,q128_n16,configured_field,30,65536,123.280,3840,0,0,1
prime_mul,q128_n16,branded,30,65536,77.694,768,0,0,1
prime_mul,q128_n16,checked_per_term,30,65536,86.513,768,0,0,1
prime_mul,q128_n16,raw_ctx,30,65536,76.915,768,0,0,1
prime_mul,q128_n16,raw_ctx,31,65536,76.972,768,0,0,1
prime_mul,q128_n16,checked_per_term,31,65536,86.615,768,0,0,1
prime_mul,q128_n16,configured_field,31,65536,123.252,3840,0,0,1
prime_mul,q128_n16,branded,31,65536,77.593,768,0,0,1
prime_mul,q128_n16,raw_ctx,32,65536,77.089,768,0,0,1
prime_mul,q128_n16,branded,32,65536,77.615,768,0,0,1
prime_mul,q128_n16,configured_field,32,65536,122.804,3840,0,0,1
prime_mul,q128_n16,checked_per_term,32,65536,86.325,768,0,0,1
prime_mul,q128_n16,raw_ctx,33,65536,77.113,768,0,0,1
prime_mul,q128_n16,checked_per_term,33,65536,86.656,768,0,0,1
prime_mul,q128_n16,configured_field,33,65536,123.348,3840,0,0,1
prime_mul,q128_n16,branded,33,65536,77.784,768,0,0,1
prime_mul,q128_n16,branded,34,65536,77.788,768,0,0,1
prime_mul,q128_n16,configured_field,34,65536,123.437,3840,0,0,1
prime_mul,q128_n16,checked_per_term,34,65536,86.637,768,0,0,1
prime_mul,q128_n16,raw_ctx,34,65536,77.269,768,0,0,1
prime_mul,q128_n16,raw_ctx,35,65536,76.989,768,0,0,1
prime_mul,q128_n16,configured_field,35,65536,123.612,3840,0,0,1
prime_mul,q128_n16,branded,35,65536,77.735,768,0,0,1
prime_mul,q128_n16,checked_per_term,35,65536,86.795,768,0,0,1
prime_mul,q128_n16,branded,36,65536,77.490,768,0,0,1
prime_mul,q128_n16,raw_ctx,36,65536,77.274,768,0,0,1
prime_mul,q128_n16,configured_field,36,65536,123.386,3840,0,0,1
prime_mul,q128_n16,checked_per_term,36,65536,86.727,768,0,0,1
prime_mul,q128_n16,checked_per_term,37,65536,86.327,768,0,0,1
prime_mul,q128_n16,raw_ctx,37,65536,77.227,768,0,0,1
prime_mul,q128_n16,configured_field,37,65536,123.380,3840,0,0,1
prime_mul,q128_n16,branded,37,65536,77.920,768,0,0,1
prime_mul,q128_n16,raw_ctx,38,65536,76.845,768,0,0,1
prime_mul,q128_n16,checked_per_term,38,65536,86.396,768,0,0,1
prime_mul,q128_n16,configured_field,38,65536,123.082,3840,0,0,1
prime_mul,q128_n16,branded,38,65536,77.531,768,0,0,1
prime_mul,q128_n16,configured_field,39,65536,122.944,3840,0,0,1
prime_mul,q128_n16,checked_per_term,39,65536,86.170,768,0,0,1
prime_mul,q128_n16,raw_ctx,39,65536,76.928,768,0,0,1
prime_mul,q128_n16,branded,39,65536,77.896,768,0,0,1
prime_mul,q128_n16,raw_ctx,40,65536,76.999,768,0,0,1
prime_mul,q128_n16,configured_field,40,65536,123.468,3840,0,0,1
prime_mul,q128_n16,checked_per_term,40,65536,86.330,768,0,0,1
prime_mul,q128_n16,branded,40,65536,77.361,768,0,0,1
prime_mul,q128_n16,branded,41,65536,77.319,768,0,0,1
prime_mul,q128_n16,configured_field,41,65536,122.606,3840,0,0,1
prime_mul,q128_n16,raw_ctx,41,65536,76.989,768,0,0,1
prime_mul,q128_n16,checked_per_term,41,65536,86.760,768,0,0,1
prime_mul,q128_n16,raw_ctx,42,65536,76.956,768,0,0,1
prime_mul,q128_n16,branded,42,65536,77.703,768,0,0,1
prime_mul,q128_n16,configured_field,42,65536,123.530,3840,0,0,1
prime_mul,q128_n16,checked_per_term,42,65536,86.430,768,0,0,1
prime_mul,q128_n16,configured_field,43,65536,123.585,3840,0,0,1
prime_mul,q128_n16,checked_per_term,43,65536,86.501,768,0,0,1
prime_mul,q128_n16,raw_ctx,43,65536,77.324,768,0,0,1
prime_mul,q128_n16,branded,43,65536,77.454,768,0,0,1
prime_mul,q128_n16,configured_field,44,65536,122.947,3840,0,0,1
prime_mul,q128_n16,branded,44,65536,77.689,768,0,0,1
prime_mul,q128_n16,checked_per_term,44,65536,86.690,768,0,0,1
prime_mul,q128_n16,raw_ctx,44,65536,76.744,768,0,0,1
prime_mul,q128_n16,checked_per_term,45,65536,86.411,768,0,0,1
prime_mul,q128_n16,branded,45,65536,77.658,768,0,0,1
prime_mul,q128_n16,configured_field,45,65536,123.382,3840,0,0,1
prime_mul,q128_n16,raw_ctx,45,65536,76.876,768,0,0,1
prime_mul,q128_n16,configured_field,46,65536,123.178,3840,0,0,1
prime_mul,q128_n16,raw_ctx,46,65536,77.240,768,0,0,1
prime_mul,q128_n16,checked_per_term,46,65536,86.676,768,0,0,1
prime_mul,q128_n16,branded,46,65536,77.700,768,0,0,1
prime_mul,q128_n16,branded,47,65536,77.655,768,0,0,1
prime_mul,q128_n16,configured_field,47,65536,123.612,3840,0,0,1
prime_mul,q128_n16,checked_per_term,47,65536,86.472,768,0,0,1
prime_mul,q128_n16,raw_ctx,47,65536,76.988,768,0,0,1
prime_mul,q128_n16,configured_field,48,65536,123.312,3840,0,0,1
prime_mul,q128_n16,raw_ctx,48,65536,77.158,768,0,0,1
prime_mul,q128_n16,checked_per_term,48,65536,86.636,768,0,0,1
prime_mul,q128_n16,branded,48,65536,77.803,768,0,0,1
prime_mul,q128_n16,raw_ctx,49,65536,76.934,768,0,0,1
prime_mul,q128_n16,configured_field,49,65536,124.159,3840,0,0,1
prime_mul,q128_n16,checked_per_term,49,65536,86.588,768,0,0,1
prime_mul,q128_n16,branded,49,65536,77.796,768,0,0,1
prime_mul,q128_n16,branded,50,65536,77.693,768,0,0,1
prime_mul,q128_n16,checked_per_term,50,65536,86.497,768,0,0,1
prime_mul,q128_n16,raw_ctx,50,65536,77.269,768,0,0,1
prime_mul,q128_n16,configured_field,50,65536,122.780,3840,0,0,1
prime_mul,q128_n16,branded,51,65536,80.180,768,0,0,1
prime_mul,q128_n16,raw_ctx,51,65536,81.215,768,0,0,1
prime_mul,q128_n16,checked_per_term,51,65536,92.154,768,0,0,1
prime_mul,q128_n16,configured_field,51,65536,128.299,3840,0,0,1
prime_mul,q128_n16,checked_per_term,52,65536,86.871,768,0,0,1
prime_mul,q128_n16,raw_ctx,52,65536,77.552,768,0,0,1
prime_mul,q128_n16,branded,52,65536,77.904,768,0,0,1
prime_mul,q128_n16,configured_field,52,65536,124.336,3840,0,0,1
prime_mul,q128_n16,raw_ctx,53,65536,77.541,768,0,0,1
prime_mul,q128_n16,branded,53,65536,77.991,768,0,0,1
prime_mul,q128_n16,configured_field,53,65536,124.444,3840,0,0,1
prime_mul,q128_n16,checked_per_term,53,65536,87.016,768,0,0,1
prime_mul,q128_n16,branded,54,65536,77.971,768,0,0,1
prime_mul,q128_n16,raw_ctx,54,65536,77.579,768,0,0,1
prime_mul,q128_n16,configured_field,54,65536,123.932,3840,0,0,1
prime_mul,q128_n16,checked_per_term,54,65536,86.672,768,0,0,1
prime_mul,q128_n16,checked_per_term,55,65536,86.664,768,0,0,1
prime_mul,q128_n16,raw_ctx,55,65536,77.088,768,0,0,1
prime_mul,q128_n16,configured_field,55,65536,123.933,3840,0,0,1
prime_mul,q128_n16,branded,55,65536,78.154,768,0,0,1
prime_mul,q128_n16,checked_per_term,56,65536,86.798,768,0,0,1
prime_mul,q128_n16,configured_field,56,65536,123.564,3840,0,0,1
prime_mul,q128_n16,raw_ctx,56,65536,76.946,768,0,0,1
prime_mul,q128_n16,branded,56,65536,77.559,768,0,0,1
prime_mul,q128_n16,branded,57,65536,77.717,768,0,0,1
prime_mul,q128_n16,checked_per_term,57,65536,86.643,768,0,0,1
prime_mul,q128_n16,configured_field,57,65536,123.333,3840,0,0,1
prime_mul,q128_n16,raw_ctx,57,65536,77.431,768,0,0,1
prime_mul,q128_n16,raw_ctx,58,65536,77.105,768,0,0,1
prime_mul,q128_n16,checked_per_term,58,65536,86.739,768,0,0,1
prime_mul,q128_n16,branded,58,65536,77.745,768,0,0,1
prime_mul,q128_n16,configured_field,58,65536,123.892,3840,0,0,1
prime_mul,q128_n16,checked_per_term,59,65536,86.620,768,0,0,1
prime_mul,q128_n16,branded,59,65536,77.955,768,0,0,1
prime_mul,q128_n16,raw_ctx,59,65536,77.195,768,0,0,1
prime_mul,q128_n16,configured_field,59,65536,123.607,3840,0,0,1
prime_mul,q128_n16,branded,60,65536,77.623,768,0,0,1
prime_mul,q128_n16,raw_ctx,60,65536,77.208,768,0,0,1
prime_mul,q128_n16,checked_per_term,60,65536,86.413,768,0,0,1
prime_mul,q128_n16,configured_field,60,65536,122.896,3840,0,0,1
prime_mul,q128_n16,checked_per_term,61,65536,86.665,768,0,0,1
prime_mul,q128_n16,branded,61,65536,78.693,768,0,0,1
prime_mul,q128_n16,configured_field,61,65536,124.618,3840,0,0,1
prime_mul,q128_n16,raw_ctx,61,65536,77.255,768,0,0,1
prime_mul,q128_n16,branded,62,65536,78.067,768,0,0,1
prime_mul,q128_n16,checked_per_term,62,65536,86.759,768,0,0,1
prime_mul,q128_n16,configured_field,62,65536,123.560,3840,0,0,1
prime_mul,q128_n16,raw_ctx,62,65536,77.003,768,0,0,1
prime_mul,q128_n16,raw_ctx,63,65536,76.820,768,0,0,1
prime_mul,q128_n16,checked_per_term,63,65536,86.702,768,0,0,1
prime_mul,q128_n16,configured_field,63,65536,123.454,3840,0,0,1
prime_mul,q128_n16,branded,63,65536,77.735,768,0,0,1
prime_mul,q128_n1024,checked_per_term,0,1024,5389.119,49152,0,0,1
prime_mul,q128_n1024,branded,0,1024,4861.653,49152,0,0,1
prime_mul,q128_n1024,configured_field,0,1024,7785.970,245760,0,0,1
prime_mul,q128_n1024,raw_ctx,0,1024,4854.980,49152,0,0,1
prime_mul,q128_n1024,checked_per_term,1,1024,5395.183,49152,0,0,1
prime_mul,q128_n1024,configured_field,1,1024,7753.987,245760,0,0,1
prime_mul,q128_n1024,branded,1,1024,4819.458,49152,0,0,1
prime_mul,q128_n1024,raw_ctx,1,1024,4823.120,49152,0,0,1
prime_mul,q128_n1024,configured_field,2,1024,7710.083,245760,0,0,1
prime_mul,q128_n1024,branded,2,1024,4813.436,49152,0,0,1
prime_mul,q128_n1024,raw_ctx,2,1024,4816.406,49152,0,0,1
prime_mul,q128_n1024,checked_per_term,2,1024,5400.310,49152,0,0,1
prime_mul,q128_n1024,checked_per_term,3,1024,5393.596,49152,0,0,1
prime_mul,q128_n1024,branded,3,1024,4837.158,49152,0,0,1
prime_mul,q128_n1024,configured_field,3,1024,7782.186,245760,0,0,1
prime_mul,q128_n1024,raw_ctx,3,1024,4832.072,49152,0,0,1
prime_mul,q128_n1024,configured_field,4,1024,7814.575,245760,0,0,1
prime_mul,q128_n1024,checked_per_term,4,1024,5386.557,49152,0,0,1
prime_mul,q128_n1024,branded,4,1024,4858.114,49152,0,0,1
prime_mul,q128_n1024,raw_ctx,4,1024,4835.571,49152,0,0,1
prime_mul,q128_n1024,branded,5,1024,4845.093,49152,0,0,1
prime_mul,q128_n1024,configured_field,5,1024,7774.943,245760,0,0,1
prime_mul,q128_n1024,raw_ctx,5,1024,4835.367,49152,0,0,1
prime_mul,q128_n1024,checked_per_term,5,1024,5409.790,49152,0,0,1
prime_mul,q128_n1024,raw_ctx,6,1024,4828.938,49152,0,0,1
prime_mul,q128_n1024,branded,6,1024,4867.473,49152,0,0,1
prime_mul,q128_n1024,configured_field,6,1024,7758.707,245760,0,0,1
prime_mul,q128_n1024,checked_per_term,6,1024,5389.323,49152,0,0,1
prime_mul,q128_n1024,checked_per_term,7,1024,5415.649,49152,0,0,1
prime_mul,q128_n1024,configured_field,7,1024,7770.508,245760,0,0,1
prime_mul,q128_n1024,raw_ctx,7,1024,4846.191,49152,0,0,1
prime_mul,q128_n1024,branded,7,1024,4848.267,49152,0,0,1
prime_mul,q128_n1024,branded,8,1024,4833.821,49152,0,0,1
prime_mul,q128_n1024,checked_per_term,8,1024,5417.969,49152,0,0,1
prime_mul,q128_n1024,configured_field,8,1024,7742.554,245760,0,0,1
prime_mul,q128_n1024,raw_ctx,8,1024,4830.811,49152,0,0,1
prime_mul,q128_n1024,raw_ctx,9,1024,4830.322,49152,0,0,1
prime_mul,q128_n1024,configured_field,9,1024,7788.655,245760,0,0,1
prime_mul,q128_n1024,branded,9,1024,4812.663,49152,0,0,1
prime_mul,q128_n1024,checked_per_term,9,1024,5385.498,49152,0,0,1
prime_mul,q128_n1024,configured_field,10,1024,7768.066,245760,0,0,1
prime_mul,q128_n1024,branded,10,1024,4830.811,49152,0,0,1
prime_mul,q128_n1024,raw_ctx,10,1024,4825.439,49152,0,0,1
prime_mul,q128_n1024,checked_per_term,10,1024,5368.652,49152,0,0,1
prime_mul,q128_n1024,configured_field,11,1024,7731.934,245760,0,0,1
prime_mul,q128_n1024,raw_ctx,11,1024,4829.387,49152,0,0,1
prime_mul,q128_n1024,checked_per_term,11,1024,5368.693,49152,0,0,1
prime_mul,q128_n1024,branded,11,1024,4852.173,49152,0,0,1
prime_mul,q128_n1024,branded,12,1024,4851.318,49152,0,0,1
prime_mul,q128_n1024,raw_ctx,12,1024,4809.367,49152,0,0,1
prime_mul,q128_n1024,checked_per_term,12,1024,5380.655,49152,0,0,1
prime_mul,q128_n1024,configured_field,12,1024,7765.462,245760,0,0,1
prime_mul,q128_n1024,configured_field,13,1024,7778.727,245760,0,0,1
prime_mul,q128_n1024,branded,13,1024,4820.720,49152,0,0,1
prime_mul,q128_n1024,raw_ctx,13,1024,4851.889,49152,0,0,1
prime_mul,q128_n1024,checked_per_term,13,1024,5388.428,49152,0,0,1
prime_mul,q128_n1024,checked_per_term,14,1024,5403.035,49152,0,0,1
prime_mul,q128_n1024,raw_ctx,14,1024,4842.570,49152,0,0,1
prime_mul,q128_n1024,branded,14,1024,4849.487,49152,0,0,1
prime_mul,q128_n1024,configured_field,14,1024,7768.352,245760,0,0,1
prime_mul,q128_n1024,configured_field,15,1024,7784.912,245760,0,0,1
prime_mul,q128_n1024,raw_ctx,15,1024,4848.795,49152,0,0,1
prime_mul,q128_n1024,branded,15,1024,4836.304,49152,0,0,1
prime_mul,q128_n1024,checked_per_term,15,1024,5390.178,49152,0,0,1
prime_mul,q128_n1024,checked_per_term,16,1024,5415.608,49152,0,0,1
prime_mul,q128_n1024,raw_ctx,16,1024,4842.244,49152,0,0,1
prime_mul,q128_n1024,configured_field,16,1024,7761.189,245760,0,0,1
prime_mul,q128_n1024,branded,16,1024,4834.879,49152,0,0,1
prime_mul,q128_n1024,raw_ctx,17,1024,4834.636,49152,0,0,1
prime_mul,q128_n1024,configured_field,17,1024,7738.606,245760,0,0,1
prime_mul,q128_n1024,checked_per_term,17,1024,5402.548,49152,0,0,1
prime_mul,q128_n1024,branded,17,1024,4820.963,49152,0,0,1
prime_mul,q128_n1024,configured_field,18,1024,7802.734,245760,0,0,1
prime_mul,q128_n1024,raw_ctx,18,1024,4826.050,49152,0,0,1
prime_mul,q128_n1024,branded,18,1024,4844.686,49152,0,0,1
prime_mul,q128_n1024,checked_per_term,18,1024,5401.814,49152,0,0,1
prime_mul,q128_n1024,checked_per_term,19,1024,5388.672,49152,0,0,1
prime_mul,q128_n1024,configured_field,19,1024,7768.921,245760,0,0,1
prime_mul,q128_n1024,raw_ctx,19,1024,4843.100,49152,0,0,1
prime_mul,q128_n1024,branded,19,1024,4836.873,49152,0,0,1
prime_mul,q128_n1024,branded,20,1024,4838.338,49152,0,0,1
prime_mul,q128_n1024,checked_per_term,20,1024,5400.716,49152,0,0,1
prime_mul,q128_n1024,configured_field,20,1024,7764.607,245760,0,0,1
prime_mul,q128_n1024,raw_ctx,20,1024,4844.522,49152,0,0,1
prime_mul,q128_n1024,configured_field,21,1024,7729.004,245760,0,0,1
prime_mul,q128_n1024,raw_ctx,21,1024,4821.533,49152,0,0,1
prime_mul,q128_n1024,checked_per_term,21,1024,5378.255,49152,0,0,1
prime_mul,q128_n1024,branded,21,1024,4807.210,49152,0,0,1
prime_mul,q128_n1024,raw_ctx,22,1024,4973.308,49152,0,0,1
prime_mul,q128_n1024,checked_per_term,22,1024,5590.291,49152,0,0,1
prime_mul,q128_n1024,branded,22,1024,5068.156,49152,0,0,1
prime_mul,q128_n1024,configured_field,22,1024,8126.343,245760,0,0,1
prime_mul,q128_n1024,raw_ctx,23,1024,4876.831,49152,0,0,1
prime_mul,q128_n1024,checked_per_term,23,1024,5420.125,49152,0,0,1
prime_mul,q128_n1024,configured_field,23,1024,7839.152,245760,0,0,1
prime_mul,q128_n1024,branded,23,1024,4909.424,49152,0,0,1
prime_mul,q128_n1024,checked_per_term,24,1024,5419.149,49152,0,0,1
prime_mul,q128_n1024,branded,24,1024,4876.059,49152,0,0,1
prime_mul,q128_n1024,raw_ctx,24,1024,4888.753,49152,0,0,1
prime_mul,q128_n1024,configured_field,24,1024,7900.879,245760,0,0,1
prime_mul,q128_n1024,raw_ctx,25,1024,4879.721,49152,0,0,1
prime_mul,q128_n1024,branded,25,1024,4866.659,49152,0,0,1
prime_mul,q128_n1024,checked_per_term,25,1024,5429.483,49152,0,0,1
prime_mul,q128_n1024,configured_field,25,1024,7807.495,245760,0,0,1
prime_mul,q128_n1024,configured_field,26,1024,7842.245,245760,0,0,1
prime_mul,q128_n1024,branded,26,1024,4863.851,49152,0,0,1
prime_mul,q128_n1024,raw_ctx,26,1024,4873.372,49152,0,0,1
prime_mul,q128_n1024,checked_per_term,26,1024,5403.687,49152,0,0,1
prime_mul,q128_n1024,raw_ctx,27,1024,4867.798,49152,0,0,1
prime_mul,q128_n1024,checked_per_term,27,1024,5401.042,49152,0,0,1
prime_mul,q128_n1024,branded,27,1024,4833.943,49152,0,0,1
prime_mul,q128_n1024,configured_field,27,1024,7780.192,245760,0,0,1
prime_mul,q128_n1024,checked_per_term,28,1024,5415.730,49152,0,0,1
prime_mul,q128_n1024,branded,28,1024,4865.193,49152,0,0,1
prime_mul,q128_n1024,configured_field,28,1024,7872.314,245760,0,0,1
prime_mul,q128_n1024,raw_ctx,28,1024,4845.540,49152,0,0,1
prime_mul,q128_n1024,configured_field,29,1024,7851.766,245760,0,0,1
prime_mul,q128_n1024,raw_ctx,29,1024,4847.371,49152,0,0,1
prime_mul,q128_n1024,branded,29,1024,4831.990,49152,0,0,1
prime_mul,q128_n1024,checked_per_term,29,1024,5401.978,49152,0,0,1
prime_mul,q128_n1024,checked_per_term,30,1024,5366.577,49152,0,0,1
prime_mul,q128_n1024,raw_ctx,30,1024,4845.093,49152,0,0,1
prime_mul,q128_n1024,branded,30,1024,4852.579,49152,0,0,1
prime_mul,q128_n1024,configured_field,30,1024,7779.785,245760,0,0,1
prime_mul,q128_n1024,branded,31,1024,4841.879,49152,0,0,1
prime_mul,q128_n1024,configured_field,31,1024,7807.821,245760,0,0,1
prime_mul,q128_n1024,raw_ctx,31,1024,4845.947,49152,0,0,1
prime_mul,q128_n1024,checked_per_term,31,1024,5401.651,49152,0,0,1
prime_mul,q128_n1024,raw_ctx,32,1024,4841.391,49152,0,0,1
prime_mul,q128_n1024,branded,32,1024,4838.054,49152,0,0,1
prime_mul,q128_n1024,configured_field,32,1024,7793.172,245760,0,0,1
prime_mul,q128_n1024,checked_per_term,32,1024,5395.304,49152,0,0,1
prime_mul,q128_n1024,checked_per_term,33,1024,5395.305,49152,0,0,1
prime_mul,q128_n1024,raw_ctx,33,1024,4844.320,49152,0,0,1
prime_mul,q128_n1024,configured_field,33,1024,7795.776,245760,0,0,1
prime_mul,q128_n1024,branded,33,1024,4839.071,49152,0,0,1
prime_mul,q128_n1024,configured_field,34,1024,7776.651,245760,0,0,1
prime_mul,q128_n1024,checked_per_term,34,1024,5411.092,49152,0,0,1
prime_mul,q128_n1024,raw_ctx,34,1024,4833.740,49152,0,0,1
prime_mul,q128_n1024,branded,34,1024,4840.006,49152,0,0,1
prime_mul,q128_n1024,raw_ctx,35,1024,4833.049,49152,0,0,1
prime_mul,q128_n1024,checked_per_term,35,1024,5391.805,49152,0,0,1
prime_mul,q128_n1024,branded,35,1024,4844.604,49152,0,0,1
prime_mul,q128_n1024,configured_field,35,1024,7757.935,245760,0,0,1
prime_mul,q128_n1024,branded,36,1024,4853.108,49152,0,0,1
prime_mul,q128_n1024,checked_per_term,36,1024,5396.077,49152,0,0,1
prime_mul,q128_n1024,configured_field,36,1024,7735.434,245760,0,0,1
prime_mul,q128_n1024,raw_ctx,36,1024,4815.512,49152,0,0,1
prime_mul,q128_n1024,configured_field,37,1024,7734.985,245760,0,0,1
prime_mul,q128_n1024,branded,37,1024,4825.603,49152,0,0,1
prime_mul,q128_n1024,raw_ctx,37,1024,4828.369,49152,0,0,1
prime_mul,q128_n1024,checked_per_term,37,1024,5394.938,49152,0,0,1
prime_mul,q128_n1024,configured_field,38,1024,7773.844,245760,0,0,1
prime_mul,q128_n1024,branded,38,1024,4833.700,49152,0,0,1
prime_mul,q128_n1024,checked_per_term,38,1024,5378.621,49152,0,0,1
prime_mul,q128_n1024,raw_ctx,38,1024,4827.922,49152,0,0,1
prime_mul,q128_n1024,raw_ctx,39,1024,4845.093,49152,0,0,1
prime_mul,q128_n1024,configured_field,39,1024,7770.793,245760,0,0,1
prime_mul,q128_n1024,branded,39,1024,4838.135,49152,0,0,1
prime_mul,q128_n1024,checked_per_term,39,1024,5397.624,49152,0,0,1
prime_mul,q128_n1024,branded,40,1024,4837.851,49152,0,0,1
prime_mul,q128_n1024,checked_per_term,40,1024,5393.473,49152,0,0,1
prime_mul,q128_n1024,configured_field,40,1024,7817.139,245760,0,0,1
prime_mul,q128_n1024,raw_ctx,40,1024,4859.945,49152,0,0,1
prime_mul,q128_n1024,branded,41,1024,4831.461,49152,0,0,1
prime_mul,q128_n1024,configured_field,41,1024,7770.874,245760,0,0,1
prime_mul,q128_n1024,checked_per_term,41,1024,5402.100,49152,0,0,1
prime_mul,q128_n1024,raw_ctx,41,1024,4823.771,49152,0,0,1
prime_mul,q128_n1024,checked_per_term,42,1024,5381.062,49152,0,0,1
prime_mul,q128_n1024,branded,42,1024,4830.485,49152,0,0,1
prime_mul,q128_n1024,raw_ctx,42,1024,4834.229,49152,0,0,1
prime_mul,q128_n1024,configured_field,42,1024,7793.579,245760,0,0,1
prime_mul,q128_n1024,configured_field,43,1024,7769.084,245760,0,0,1
prime_mul,q128_n1024,branded,43,1024,4850.830,49152,0,0,1
prime_mul,q128_n1024,raw_ctx,43,1024,4838.054,49152,0,0,1
prime_mul,q128_n1024,checked_per_term,43,1024,5384.929,49152,0,0,1
prime_mul,q128_n1024,raw_ctx,44,1024,4842.000,49152,0,0,1
prime_mul,q128_n1024,configured_field,44,1024,7766.073,245760,0,0,1
prime_mul,q128_n1024,checked_per_term,44,1024,5397.624,49152,0,0,1
prime_mul,q128_n1024,branded,44,1024,4827.312,49152,0,0,1
prime_mul,q128_n1024,checked_per_term,45,1024,5402.060,49152,0,0,1
prime_mul,q128_n1024,configured_field,45,1024,7755.167,245760,0,0,1
prime_mul,q128_n1024,raw_ctx,45,1024,4833.089,49152,0,0,1
prime_mul,q128_n1024,branded,45,1024,4856.486,49152,0,0,1
prime_mul,q128_n1024,configured_field,46,1024,7770.061,245760,0,0,1
prime_mul,q128_n1024,branded,46,1024,4838.053,49152,0,0,1
prime_mul,q128_n1024,raw_ctx,46,1024,4841.675,49152,0,0,1
prime_mul,q128_n1024,checked_per_term,46,1024,5391.031,49152,0,0,1
prime_mul,q128_n1024,branded,47,1024,4829.468,49152,0,0,1
prime_mul,q128_n1024,configured_field,47,1024,7698.894,245760,0,0,1
prime_mul,q128_n1024,raw_ctx,47,1024,4819.174,49152,0,0,1
prime_mul,q128_n1024,checked_per_term,47,1024,5394.369,49152,0,0,1
prime_mul,q128_n1024,configured_field,48,1024,7763.144,245760,0,0,1
prime_mul,q128_n1024,branded,48,1024,4840.576,49152,0,0,1
prime_mul,q128_n1024,checked_per_term,48,1024,5390.015,49152,0,0,1
prime_mul,q128_n1024,raw_ctx,48,1024,4849.691,49152,0,0,1
prime_mul,q128_n1024,raw_ctx,49,1024,4826.416,49152,0,0,1
prime_mul,q128_n1024,checked_per_term,49,1024,5393.148,49152,0,0,1
prime_mul,q128_n1024,branded,49,1024,4837.891,49152,0,0,1
prime_mul,q128_n1024,configured_field,49,1024,7754.028,245760,0,0,1
prime_mul,q128_n1024,checked_per_term,50,1024,5395.996,49152,0,0,1
prime_mul,q128_n1024,raw_ctx,50,1024,4831.868,49152,0,0,1
prime_mul,q128_n1024,configured_field,50,1024,7738.729,245760,0,0,1
prime_mul,q128_n1024,branded,50,1024,4828.938,49152,0,0,1
prime_mul,q128_n1024,raw_ctx,51,1024,4841.472,49152,0,0,1
prime_mul,q128_n1024,configured_field,51,1024,7758.261,245760,0,0,1
prime_mul,q128_n1024,branded,51,1024,4829.427,49152,0,0,1
prime_mul,q128_n1024,checked_per_term,51,1024,5385.823,49152,0,0,1
prime_mul,q128_n1024,branded,52,1024,4839.193,49152,0,0,1
prime_mul,q128_n1024,checked_per_term,52,1024,5389.852,49152,0,0,1
prime_mul,q128_n1024,raw_ctx,52,1024,4833.211,49152,0,0,1
prime_mul,q128_n1024,configured_field,52,1024,7767.171,245760,0,0,1
prime_mul,q128_n1024,configured_field,53,1024,7779.338,245760,0,0,1
prime_mul,q128_n1024,checked_per_term,53,1024,5399.495,49152,0,0,1
prime_mul,q128_n1024,branded,53,1024,4825.479,49152,0,0,1
prime_mul,q128_n1024,raw_ctx,53,1024,4828.450,49152,0,0,1
prime_mul,q128_n1024,checked_per_term,54,1024,5387.532,49152,0,0,1
prime_mul,q128_n1024,branded,54,1024,4835.938,49152,0,0,1
prime_mul,q128_n1024,configured_field,54,1024,7751.261,245760,0,0,1
prime_mul,q128_n1024,raw_ctx,54,1024,4834.024,49152,0,0,1
prime_mul,q128_n1024,raw_ctx,55,1024,4843.588,49152,0,0,1
prime_mul,q128_n1024,checked_per_term,55,1024,5385.213,49152,0,0,1
prime_mul,q128_n1024,branded,55,1024,4832.234,49152,0,0,1
prime_mul,q128_n1024,configured_field,55,1024,7746.745,245760,0,0,1
prime_mul,q128_n1024,configured_field,56,1024,7773.315,245760,0,0,1
prime_mul,q128_n1024,raw_ctx,56,1024,4839.233,49152,0,0,1
prime_mul,q128_n1024,checked_per_term,56,1024,5396.769,49152,0,0,1
prime_mul,q128_n1024,branded,56,1024,4840.291,49152,0,0,1
prime_mul,q128_n1024,raw_ctx,57,1024,4828.897,49152,0,0,1
prime_mul,q128_n1024,branded,57,1024,4832.886,49152,0,0,1
prime_mul,q128_n1024,checked_per_term,57,1024,5402.669,49152,0,0,1
prime_mul,q128_n1024,configured_field,57,1024,7757.324,245760,0,0,1
prime_mul,q128_n1024,checked_per_term,58,1024,5377.482,49152,0,0,1
prime_mul,q128_n1024,configured_field,58,1024,7743.082,245760,0,0,1
prime_mul,q128_n1024,branded,58,1024,4845.174,49152,0,0,1
prime_mul,q128_n1024,raw_ctx,58,1024,4921.753,49152,0,0,1
prime_mul,q128_n1024,configured_field,59,1024,8234.782,245760,0,0,1
prime_mul,q128_n1024,raw_ctx,59,1024,5213.054,49152,0,0,1
prime_mul,q128_n1024,branded,59,1024,5000.203,49152,0,0,1
prime_mul,q128_n1024,checked_per_term,59,1024,5588.542,49152,0,0,1
prime_mul,q128_n1024,branded,60,1024,5220.540,49152,0,0,1
prime_mul,q128_n1024,checked_per_term,60,1024,5740.642,49152,0,0,1
prime_mul,q128_n1024,raw_ctx,60,1024,5081.218,49152,0,0,1
prime_mul,q128_n1024,configured_field,60,1024,8126.099,245760,0,0,1
prime_mul,q128_n1024,raw_ctx,61,1024,4990.153,49152,0,0,1
prime_mul,q128_n1024,checked_per_term,61,1024,5672.893,49152,0,0,1
prime_mul,q128_n1024,configured_field,61,1024,8141.684,245760,0,0,1
prime_mul,q128_n1024,branded,61,1024,5175.375,49152,0,0,1
prime_mul,q128_n1024,branded,62,1024,4867.146,49152,0,0,1
prime_mul,q128_n1024,raw_ctx,62,1024,4865.479,49152,0,0,1
prime_mul,q128_n1024,checked_per_term,62,1024,5674.846,49152,0,0,1
prime_mul,q128_n1024,configured_field,62,1024,7976.644,245760,0,0,1
prime_mul,q128_n1024,checked_per_term,63,1024,5587.728,49152,0,0,1
prime_mul,q128_n1024,raw_ctx,63,1024,5089.560,49152,0,0,1
prime_mul,q128_n1024,configured_field,63,1024,8295.166,245760,0,0,1
prime_mul,q128_n1024,branded,63,1024,4875.732,49152,0,0,1
integer_mac,l1_n1024,circuit_z,0,16384,336.286,16384,0,0,1
integer_mac,l1_n1024,fused,0,16384,337.784,16384,0,0,1
integer_mac,l1_n1024,checked_per_term,0,16384,788.081,16384,0,0,1
integer_mac,l1_n1024,checked_per_term,1,16384,788.259,16384,0,0,1
integer_mac,l1_n1024,fused,1,16384,330.884,16384,0,0,1
integer_mac,l1_n1024,circuit_z,1,16384,345.960,16384,0,0,1
integer_mac,l1_n1024,checked_per_term,2,16384,804.075,16384,0,0,1
integer_mac,l1_n1024,fused,2,16384,333.468,16384,0,0,1
integer_mac,l1_n1024,circuit_z,2,16384,344.152,16384,0,0,1
integer_mac,l1_n1024,checked_per_term,3,16384,804.573,16384,0,0,1
integer_mac,l1_n1024,fused,3,16384,336.049,16384,0,0,1
integer_mac,l1_n1024,circuit_z,3,16384,323.626,16384,0,0,1
integer_mac,l1_n1024,fused,4,16384,340.998,16384,0,0,1
integer_mac,l1_n1024,circuit_z,4,16384,344.678,16384,0,0,1
integer_mac,l1_n1024,checked_per_term,4,16384,783.730,16384,0,0,1
integer_mac,l1_n1024,checked_per_term,5,16384,814.186,16384,0,0,1
integer_mac,l1_n1024,fused,5,16384,343.597,16384,0,0,1
integer_mac,l1_n1024,circuit_z,5,16384,335.002,16384,0,0,1
integer_mac,l1_n1024,circuit_z,6,16384,338.852,16384,0,0,1
integer_mac,l1_n1024,checked_per_term,6,16384,787.852,16384,0,0,1
integer_mac,l1_n1024,fused,6,16384,332.115,16384,0,0,1
integer_mac,l1_n1024,circuit_z,7,16384,342.451,16384,0,0,1
integer_mac,l1_n1024,fused,7,16384,342.341,16384,0,0,1
integer_mac,l1_n1024,checked_per_term,7,16384,791.153,16384,0,0,1
integer_mac,l1_n1024,checked_per_term,8,16384,790.057,16384,0,0,1
integer_mac,l1_n1024,circuit_z,8,16384,330.040,16384,0,0,1
integer_mac,l1_n1024,fused,8,16384,329.714,16384,0,0,1
integer_mac,l1_n1024,checked_per_term,9,16384,785.746,16384,0,0,1
integer_mac,l1_n1024,fused,9,16384,325.900,16384,0,0,1
integer_mac,l1_n1024,circuit_z,9,16384,325.645,16384,0,0,1
integer_mac,l1_n1024,checked_per_term,10,16384,771.375,16384,0,0,1
integer_mac,l1_n1024,fused,10,16384,325.333,16384,0,0,1
integer_mac,l1_n1024,circuit_z,10,16384,324.926,16384,0,0,1
integer_mac,l1_n1024,fused,11,16384,323.781,16384,0,0,1
integer_mac,l1_n1024,circuit_z,11,16384,323.878,16384,0,0,1
integer_mac,l1_n1024,checked_per_term,11,16384,776.576,16384,0,0,1
integer_mac,l1_n1024,checked_per_term,12,16384,814.250,16384,0,0,1
integer_mac,l1_n1024,circuit_z,12,16384,339.539,16384,0,0,1
integer_mac,l1_n1024,fused,12,16384,333.158,16384,0,0,1
integer_mac,l1_n1024,checked_per_term,13,16384,772.967,16384,0,0,1
integer_mac,l1_n1024,circuit_z,13,16384,324.849,16384,0,0,1
integer_mac,l1_n1024,fused,13,16384,324.682,16384,0,0,1
integer_mac,l1_n1024,circuit_z,14,16384,323.703,16384,0,0,1
integer_mac,l1_n1024,checked_per_term,14,16384,795.141,16384,0,0,1
integer_mac,l1_n1024,fused,14,16384,327.604,16384,0,0,1
integer_mac,l1_n1024,fused,15,16384,326.843,16384,0,0,1
integer_mac,l1_n1024,circuit_z,15,16384,324.094,16384,0,0,1
integer_mac,l1_n1024,checked_per_term,15,16384,788.409,16384,0,0,1
integer_mac,l1_n1024,checked_per_term,16,16384,816.167,16384,0,0,1
integer_mac,l1_n1024,circuit_z,16,16384,335.358,16384,0,0,1
integer_mac,l1_n1024,fused,16,16384,337.634,16384,0,0,1
integer_mac,l1_n1024,checked_per_term,17,16384,802.083,16384,0,0,1
integer_mac,l1_n1024,circuit_z,17,16384,343.750,16384,0,0,1
integer_mac,l1_n1024,fused,17,16384,341.492,16384,0,0,1
integer_mac,l1_n1024,circuit_z,18,16384,336.121,16384,0,0,1
integer_mac,l1_n1024,fused,18,16384,340.492,16384,0,0,1
integer_mac,l1_n1024,checked_per_term,18,16384,800.453,16384,0,0,1
integer_mac,l1_n1024,checked_per_term,19,16384,786.674,16384,0,0,1
integer_mac,l1_n1024,fused,19,16384,323.853,16384,0,0,1
integer_mac,l1_n1024,circuit_z,19,16384,324.326,16384,0,0,1
integer_mac,l1_n1024,circuit_z,20,16384,324.542,16384,0,0,1
integer_mac,l1_n1024,fused,20,16384,326.452,16384,0,0,1
integer_mac,l1_n1024,checked_per_term,20,16384,772.842,16384,0,0,1
integer_mac,l1_n1024,fused,21,16384,323.817,16384,0,0,1
integer_mac,l1_n1024,circuit_z,21,16384,322.350,16384,0,0,1
integer_mac,l1_n1024,checked_per_term,21,16384,768.448,16384,0,0,1
integer_mac,l1_n1024,checked_per_term,22,16384,769.625,16384,0,0,1
integer_mac,l1_n1024,circuit_z,22,16384,322.894,16384,0,0,1
integer_mac,l1_n1024,fused,22,16384,332.207,16384,0,0,1
integer_mac,l1_n1024,fused,23,16384,339.205,16384,0,0,1
integer_mac,l1_n1024,checked_per_term,23,16384,795.776,16384,0,0,1
integer_mac,l1_n1024,circuit_z,23,16384,338.224,16384,0,0,1
integer_mac,l1_n1024,checked_per_term,24,16384,800.018,16384,0,0,1
integer_mac,l1_n1024,fused,24,16384,344.004,16384,0,0,1
integer_mac,l1_n1024,circuit_z,24,16384,338.326,16384,0,0,1
integer_mac,l1_n1024,fused,25,16384,340.032,16384,0,0,1
integer_mac,l1_n1024,checked_per_term,25,16384,777.954,16384,0,0,1
integer_mac,l1_n1024,circuit_z,25,16384,324.514,16384,0,0,1
integer_mac,l1_n1024,checked_per_term,26,16384,776.029,16384,0,0,1
integer_mac,l1_n1024,fused,26,16384,328.524,16384,0,0,1
integer_mac,l1_n1024,circuit_z,26,16384,323.321,16384,0,0,1
integer_mac,l1_n1024,circuit_z,27,16384,336.586,16384,0,0,1
integer_mac,l1_n1024,fused,27,16384,324.811,16384,0,0,1
integer_mac,l1_n1024,checked_per_term,27,16384,772.349,16384,0,0,1
integer_mac,l1_n1024,circuit_z,28,16384,324.033,16384,0,0,1
integer_mac,l1_n1024,checked_per_term,28,16384,771.584,16384,0,0,1
integer_mac,l1_n1024,fused,28,16384,331.512,16384,0,0,1
integer_mac,l1_n1024,fused,29,16384,324.320,16384,0,0,1
integer_mac,l1_n1024,circuit_z,29,16384,332.164,16384,0,0,1
integer_mac,l1_n1024,checked_per_term,29,16384,798.431,16384,0,0,1
integer_mac,l1_n1024,circuit_z,30,16384,336.662,16384,0,0,1
integer_mac,l1_n1024,fused,30,16384,333.575,16384,0,0,1
integer_mac,l1_n1024,checked_per_term,30,16384,805.888,16384,0,0,1
integer_mac,l1_n1024,fused,31,16384,343.320,16384,0,0,1
integer_mac,l1_n1024,checked_per_term,31,16384,778.597,16384,0,0,1
integer_mac,l1_n1024,circuit_z,31,16384,325.765,16384,0,0,1
integer_mac,l1_n1024,fused,32,16384,324.615,16384,0,0,1
integer_mac,l1_n1024,circuit_z,32,16384,324.300,16384,0,0,1
integer_mac,l1_n1024,checked_per_term,32,16384,772.588,16384,0,0,1
integer_mac,l1_n1024,checked_per_term,33,16384,771.688,16384,0,0,1
integer_mac,l1_n1024,fused,33,16384,324.097,16384,0,0,1
integer_mac,l1_n1024,circuit_z,33,16384,323.252,16384,0,0,1
integer_mac,l1_n1024,checked_per_term,34,16384,772.591,16384,0,0,1
integer_mac,l1_n1024,fused,34,16384,323.835,16384,0,0,1
integer_mac,l1_n1024,circuit_z,34,16384,323.008,16384,0,0,1
integer_mac,l1_n1024,checked_per_term,35,16384,768.316,16384,0,0,1
integer_mac,l1_n1024,circuit_z,35,16384,321.465,16384,0,0,1
integer_mac,l1_n1024,fused,35,16384,326.586,16384,0,0,1
integer_mac,l1_n1024,circuit_z,36,16384,323.537,16384,0,0,1
integer_mac,l1_n1024,fused,36,16384,324.997,16384,0,0,1
integer_mac,l1_n1024,checked_per_term,36,16384,770.538,16384,0,0,1
integer_mac,l1_n1024,checked_per_term,37,16384,777.463,16384,0,0,1
integer_mac,l1_n1024,fused,37,16384,325.582,16384,0,0,1
integer_mac,l1_n1024,circuit_z,37,16384,335.798,16384,0,0,1
integer_mac,l1_n1024,checked_per_term,38,16384,814.079,16384,0,0,1
integer_mac,l1_n1024,circuit_z,38,16384,345.370,16384,0,0,1
integer_mac,l1_n1024,fused,38,16384,341.446,16384,0,0,1
integer_mac,l1_n1024,checked_per_term,39,16384,797.358,16384,0,0,1
integer_mac,l1_n1024,circuit_z,39,16384,339.740,16384,0,0,1
integer_mac,l1_n1024,fused,39,16384,343.536,16384,0,0,1
integer_mac,l1_n1024,circuit_z,40,16384,343.023,16384,0,0,1
integer_mac,l1_n1024,fused,40,16384,349.396,16384,0,0,1
integer_mac,l1_n1024,checked_per_term,40,16384,818.171,16384,0,0,1
integer_mac,l1_n1024,circuit_z,41,16384,347.959,16384,0,0,1
integer_mac,l1_n1024,fused,41,16384,348.002,16384,0,0,1
integer_mac,l1_n1024,checked_per_term,41,16384,817.464,16384,0,0,1
integer_mac,l1_n1024,fused,42,16384,346.919,16384,0,0,1
integer_mac,l1_n1024,circuit_z,42,16384,346.814,16384,0,0,1
integer_mac,l1_n1024,checked_per_term,42,16384,819.064,16384,0,0,1
integer_mac,l1_n1024,checked_per_term,43,16384,824.193,16384,0,0,1
integer_mac,l1_n1024,circuit_z,43,16384,344.310,16384,0,0,1
integer_mac,l1_n1024,fused,43,16384,344.505,16384,0,0,1
integer_mac,l1_n1024,fused,44,16384,342.626,16384,0,0,1
integer_mac,l1_n1024,circuit_z,44,16384,343.529,16384,0,0,1
integer_mac,l1_n1024,checked_per_term,44,16384,810.946,16384,0,0,1
integer_mac,l1_n1024,circuit_z,45,16384,343.152,16384,0,0,1
integer_mac,l1_n1024,checked_per_term,45,16384,823.944,16384,0,0,1
integer_mac,l1_n1024,fused,45,16384,348.137,16384,0,0,1
integer_mac,l1_n1024,circuit_z,46,16384,338.921,16384,0,0,1
integer_mac,l1_n1024,fused,46,16384,342.814,16384,0,0,1
integer_mac,l1_n1024,checked_per_term,46,16384,834.496,16384,0,0,1
integer_mac,l1_n1024,checked_per_term,47,16384,849.106,16384,0,0,1
integer_mac,l1_n1024,circuit_z,47,16384,342.428,16384,0,0,1
integer_mac,l1_n1024,fused,47,16384,334.946,16384,0,0,1
integer_mac,l1_n1024,checked_per_term,48,16384,780.530,16384,0,0,1
integer_mac,l1_n1024,circuit_z,48,16384,325.559,16384,0,0,1
integer_mac,l1_n1024,fused,48,16384,325.457,16384,0,0,1
integer_mac,l1_n1024,fused,49,16384,337.799,16384,0,0,1
integer_mac,l1_n1024,circuit_z,49,16384,329.048,16384,0,0,1
integer_mac,l1_n1024,checked_per_term,49,16384,792.290,16384,0,0,1
integer_mac,l1_n1024,fused,50,16384,338.084,16384,0,0,1
integer_mac,l1_n1024,circuit_z,50,16384,346.110,16384,0,0,1
integer_mac,l1_n1024,checked_per_term,50,16384,794.347,16384,0,0,1
integer_mac,l1_n1024,fused,51,16384,338.478,16384,0,0,1
integer_mac,l1_n1024,checked_per_term,51,16384,790.888,16384,0,0,1
integer_mac,l1_n1024,circuit_z,51,16384,326.388,16384,0,0,1
integer_mac,l1_n1024,fused,52,16384,337.293,16384,0,0,1
integer_mac,l1_n1024,checked_per_term,52,16384,827.471,16384,0,0,1
integer_mac,l1_n1024,circuit_z,52,16384,336.138,16384,0,0,1
integer_mac,l1_n1024,circuit_z,53,16384,336.344,16384,0,0,1
integer_mac,l1_n1024,checked_per_term,53,16384,803.429,16384,0,0,1
integer_mac,l1_n1024,fused,53,16384,332.530,16384,0,0,1
integer_mac,l1_n1024,circuit_z,54,16384,323.484,16384,0,0,1
integer_mac,l1_n1024,fused,54,16384,339.152,16384,0,0,1
integer_mac,l1_n1024,checked_per_term,54,16384,786.491,16384,0,0,1
integer_mac,l1_n1024,checked_per_term,55,16384,816.493,16384,0,0,1
integer_mac,l1_n1024,circuit_z,55,16384,348.602,16384,0,0,1
integer_mac,l1_n1024,fused,55,16384,325.864,16384,0,0,1
integer_mac,l1_n1024,fused,56,16384,332.527,16384,0,0,1
integer_mac,l1_n1024,checked_per_term,56,16384,793.167,16384,0,0,1
integer_mac,l1_n1024,circuit_z,56,16384,333.328,16384,0,0,1
integer_mac,l1_n1024,fused,57,16384,348.442,16384,0,0,1
integer_mac,l1_n1024,circuit_z,57,16384,330.358,16384,0,0,1
integer_mac,l1_n1024,checked_per_term,57,16384,791.189,16384,0,0,1
integer_mac,l1_n1024,fused,58,16384,324.219,16384,0,0,1
integer_mac,l1_n1024,circuit_z,58,16384,341.563,16384,0,0,1
integer_mac,l1_n1024,checked_per_term,58,16384,824.944,16384,0,0,1
integer_mac,l1_n1024,circuit_z,59,16384,336.734,16384,0,0,1
integer_mac,l1_n1024,fused,59,16384,345.408,16384,0,0,1
integer_mac,l1_n1024,checked_per_term,59,16384,818.804,16384,0,0,1
integer_mac,l1_n1024,circuit_z,60,16384,338.013,16384,0,0,1
integer_mac,l1_n1024,fused,60,16384,358.813,16384,0,0,1
integer_mac,l1_n1024,checked_per_term,60,16384,778.600,16384,0,0,1
integer_mac,l1_n1024,circuit_z,61,16384,348.780,16384,0,0,1
integer_mac,l1_n1024,fused,61,16384,331.141,16384,0,0,1
integer_mac,l1_n1024,checked_per_term,61,16384,801.491,16384,0,0,1
integer_mac,l1_n1024,checked_per_term,62,16384,788.953,16384,0,0,1
integer_mac,l1_n1024,fused,62,16384,324.046,16384,0,0,1
integer_mac,l1_n1024,circuit_z,62,16384,322.296,16384,0,0,1
integer_mac,l1_n1024,fused,63,16384,324.265,16384,0,0,1
integer_mac,l1_n1024,circuit_z,63,16384,333.989,16384,0,0,1
integer_mac,l1_n1024,checked_per_term,63,16384,777.336,16384,0,0,1
integer_mac,l1_n65536,checked_per_term,0,256,49619.793,1048576,0,0,1
integer_mac,l1_n65536,fused,0,256,21145.832,1048576,0,0,1
integer_mac,l1_n65536,circuit_z,0,256,20954.590,1048576,0,0,1
integer_mac,l1_n65536,checked_per_term,1,256,50423.668,1048576,0,0,1
integer_mac,l1_n65536,fused,1,256,21388.508,1048576,0,0,1
integer_mac,l1_n65536,circuit_z,1,256,21159.344,1048576,0,0,1
integer_mac,l1_n65536,checked_per_term,2,256,49888.184,1048576,0,0,1
integer_mac,l1_n65536,fused,2,256,22498.699,1048576,0,0,1
integer_mac,l1_n65536,circuit_z,2,256,20994.141,1048576,0,0,1
integer_mac,l1_n65536,checked_per_term,3,256,49953.285,1048576,0,0,1
integer_mac,l1_n65536,fused,3,256,23601.238,1048576,0,0,1
integer_mac,l1_n65536,circuit_z,3,256,20887.695,1048576,0,0,1
integer_mac,l1_n65536,circuit_z,4,256,21802.898,1048576,0,0,1
integer_mac,l1_n65536,fused,4,256,21458.008,1048576,0,0,1
integer_mac,l1_n65536,checked_per_term,4,256,50334.309,1048576,0,0,1
integer_mac,l1_n65536,checked_per_term,5,256,49817.707,1048576,0,0,1
integer_mac,l1_n65536,circuit_z,5,256,21110.676,1048576,0,0,1
integer_mac,l1_n65536,fused,5,256,21486.816,1048576,0,0,1
integer_mac,l1_n65536,fused,6,256,25174.969,1048576,0,0,1
integer_mac,l1_n65536,circuit_z,6,256,21044.762,1048576,0,0,1
integer_mac,l1_n65536,checked_per_term,6,256,51849.445,1048576,0,0,1
integer_mac,l1_n65536,fused,7,256,21749.672,1048576,0,0,1
integer_mac,l1_n65536,checked_per_term,7,256,49845.215,1048576,0,0,1
integer_mac,l1_n65536,circuit_z,7,256,23148.113,1048576,0,0,1
integer_mac,l1_n65536,fused,8,256,20930.828,1048576,0,0,1
integer_mac,l1_n65536,circuit_z,8,256,20838.867,1048576,0,0,1
integer_mac,l1_n65536,checked_per_term,8,256,51353.027,1048576,0,0,1
integer_mac,l1_n65536,fused,9,256,21479.656,1048576,0,0,1
integer_mac,l1_n65536,checked_per_term,9,256,51288.738,1048576,0,0,1
integer_mac,l1_n65536,circuit_z,9,256,21896.645,1048576,0,0,1
integer_mac,l1_n65536,circuit_z,10,256,21955.406,1048576,0,0,1
integer_mac,l1_n65536,checked_per_term,10,256,51652.508,1048576,0,0,1
integer_mac,l1_n65536,fused,10,256,21823.082,1048576,0,0,1
integer_mac,l1_n65536,checked_per_term,11,256,51938.805,1048576,0,0,1
integer_mac,l1_n65536,fused,11,256,21864.258,1048576,0,0,1
integer_mac,l1_n65536,circuit_z,11,256,30516.926,1048576,0,0,1
integer_mac,l1_n65536,checked_per_term,12,256,62919.922,1048576,0,0,1
integer_mac,l1_n65536,fused,12,256,27497.559,1048576,0,0,1
integer_mac,l1_n65536,circuit_z,12,256,25143.883,1048576,0,0,1
integer_mac,l1_n65536,circuit_z,13,256,21671.062,1048576,0,0,1
integer_mac,l1_n65536,checked_per_term,13,256,53071.125,1048576,0,0,1
integer_mac,l1_n65536,fused,13,256,38248.375,1048576,0,0,1
integer_mac,l1_n65536,circuit_z,14,256,23953.938,1048576,0,0,1
integer_mac,l1_n65536,checked_per_term,14,256,51732.582,1048576,0,0,1
integer_mac,l1_n65536,fused,14,256,21280.926,1048576,0,0,1
integer_mac,l1_n65536,checked_per_term,15,256,52120.930,1048576,0,0,1
integer_mac,l1_n65536,circuit_z,15,256,21791.504,1048576,0,0,1
integer_mac,l1_n65536,fused,15,256,21887.859,1048576,0,0,1
integer_mac,l1_n65536,circuit_z,16,256,21737.957,1048576,0,0,1
integer_mac,l1_n65536,checked_per_term,16,256,53381.184,1048576,0,0,1
integer_mac,l1_n65536,fused,16,256,21695.965,1048576,0,0,1
integer_mac,l1_n65536,checked_per_term,17,256,51769.203,1048576,0,0,1
integer_mac,l1_n65536,fused,17,256,21699.379,1048576,0,0,1
integer_mac,l1_n65536,circuit_z,17,256,21771.648,1048576,0,0,1
integer_mac,l1_n65536,fused,18,256,22805.176,1048576,0,0,1
integer_mac,l1_n65536,checked_per_term,18,256,58724.121,1048576,0,0,1
integer_mac,l1_n65536,circuit_z,18,256,22412.598,1048576,0,0,1
integer_mac,l1_n65536,circuit_z,19,256,21495.605,1048576,0,0,1
integer_mac,l1_n65536,checked_per_term,19,256,54014.809,1048576,0,0,1
integer_mac,l1_n65536,fused,19,256,21666.832,1048576,0,0,1
integer_mac,l1_n65536,fused,20,256,21946.289,1048576,0,0,1
integer_mac,l1_n65536,checked_per_term,20,256,60118.164,1048576,0,0,1
integer_mac,l1_n65536,circuit_z,20,256,24941.730,1048576,0,0,1
integer_mac,l1_n65536,circuit_z,21,256,21795.410,1048576,0,0,1
integer_mac,l1_n65536,fused,21,256,21878.582,1048576,0,0,1
integer_mac,l1_n65536,checked_per_term,21,256,51960.777,1048576,0,0,1
integer_mac,l1_n65536,fused,22,256,21960.938,1048576,0,0,1
integer_mac,l1_n65536,circuit_z,22,256,23230.957,1048576,0,0,1
integer_mac,l1_n65536,checked_per_term,22,256,52671.062,1048576,0,0,1
integer_mac,l1_n65536,circuit_z,23,256,21748.047,1048576,0,0,1
integer_mac,l1_n65536,fused,23,256,21828.777,1048576,0,0,1
integer_mac,l1_n65536,checked_per_term,23,256,51459.145,1048576,0,0,1
integer_mac,l1_n65536,fused,24,256,21225.910,1048576,0,0,1
integer_mac,l1_n65536,checked_per_term,24,256,51653.320,1048576,0,0,1
integer_mac,l1_n65536,circuit_z,24,256,21657.715,1048576,0,0,1
integer_mac,l1_n65536,circuit_z,25,256,22238.770,1048576,0,0,1
integer_mac,l1_n65536,fused,25,256,21665.527,1048576,0,0,1
integer_mac,l1_n65536,checked_per_term,25,256,52080.078,1048576,0,0,1
integer_mac,l1_n65536,fused,26,256,21093.422,1048576,0,0,1
integer_mac,l1_n65536,checked_per_term,26,256,49904.297,1048576,0,0,1
integer_mac,l1_n65536,circuit_z,26,256,21295.570,1048576,0,0,1
integer_mac,l1_n65536,fused,27,256,21361.816,1048576,0,0,1
integer_mac,l1_n65536,circuit_z,27,256,21089.355,1048576,0,0,1
integer_mac,l1_n65536,checked_per_term,27,256,49669.273,1048576,0,0,1
integer_mac,l1_n65536,fused,28,256,21353.516,1048576,0,0,1
integer_mac,l1_n65536,circuit_z,28,256,21360.188,1048576,0,0,1
integer_mac,l1_n65536,checked_per_term,28,256,50581.703,1048576,0,0,1
integer_mac,l1_n65536,circuit_z,29,256,21589.031,1048576,0,0,1
integer_mac,l1_n65536,checked_per_term,29,256,51429.523,1048576,0,0,1
integer_mac,l1_n65536,fused,29,256,21564.125,1048576,0,0,1
integer_mac,l1_n65536,checked_per_term,30,256,49315.105,1048576,0,0,1
integer_mac,l1_n65536,circuit_z,30,256,21307.781,1048576,0,0,1
integer_mac,l1_n65536,fused,30,256,21422.363,1048576,0,0,1
integer_mac,l1_n65536,circuit_z,31,256,21329.914,1048576,0,0,1
integer_mac,l1_n65536,checked_per_term,31,256,51876.305,1048576,0,0,1
integer_mac,l1_n65536,fused,31,256,21527.832,1048576,0,0,1
integer_mac,l1_n65536,fused,32,256,20508.789,1048576,0,0,1
integer_mac,l1_n65536,checked_per_term,32,256,51549.480,1048576,0,0,1
integer_mac,l1_n65536,circuit_z,32,256,21557.941,1048576,0,0,1
integer_mac,l1_n65536,fused,33,256,21522.949,1048576,0,0,1
integer_mac,l1_n65536,circuit_z,33,256,21923.504,1048576,0,0,1
integer_mac,l1_n65536,checked_per_term,33,256,52035.809,1048576,0,0,1
integer_mac,l1_n65536,circuit_z,34,256,22034.020,1048576,0,0,1
integer_mac,l1_n65536,checked_per_term,34,256,52092.285,1048576,0,0,1
integer_mac,l1_n65536,fused,34,256,25316.566,1048576,0,0,1
integer_mac,l1_n65536,circuit_z,35,256,32995.930,1048576,0,0,1
integer_mac,l1_n65536,fused,35,256,21837.078,1048576,0,0,1
integer_mac,l1_n65536,checked_per_term,35,256,51804.852,1048576,0,0,1
integer_mac,l1_n65536,fused,36,256,21124.023,1048576,0,0,1
integer_mac,l1_n65536,circuit_z,36,256,20941.895,1048576,0,0,1
integer_mac,l1_n65536,checked_per_term,36,256,50597.008,1048576,0,0,1
integer_mac,l1_n65536,fused,37,256,21076.172,1048576,0,0,1
integer_mac,l1_n65536,circuit_z,37,256,21040.367,1048576,0,0,1
integer_mac,l1_n65536,checked_per_term,37,256,51305.340,1048576,0,0,1
integer_mac,l1_n65536,circuit_z,38,256,21136.066,1048576,0,0,1
integer_mac,l1_n65536,fused,38,256,21325.195,1048576,0,0,1
integer_mac,l1_n65536,checked_per_term,38,256,51783.855,1048576,0,0,1
integer_mac,l1_n65536,fused,39,256,21958.820,1048576,0,0,1
integer_mac,l1_n65536,checked_per_term,39,256,51559.242,1048576,0,0,1
integer_mac,l1_n65536,circuit_z,39,256,21330.238,1048576,0,0,1
integer_mac,l1_n65536,checked_per_term,40,256,51975.586,1048576,0,0,1
integer_mac,l1_n65536,fused,40,256,20987.957,1048576,0,0,1
integer_mac,l1_n65536,circuit_z,40,256,21575.848,1048576,0,0,1
integer_mac,l1_n65536,fused,41,256,21913.574,1048576,0,0,1
integer_mac,l1_n65536,circuit_z,41,256,21702.148,1048576,0,0,1
integer_mac,l1_n65536,checked_per_term,41,256,53133.629,1048576,0,0,1
integer_mac,l1_n65536,fused,42,256,21194.172,1048576,0,0,1
integer_mac,l1_n65536,circuit_z,42,256,21091.469,1048576,0,0,1
integer_mac,l1_n65536,checked_per_term,42,256,50475.258,1048576,0,0,1
integer_mac,l1_n65536,checked_per_term,43,256,51479.168,1048576,0,0,1
integer_mac,l1_n65536,fused,43,256,21987.145,1048576,0,0,1
integer_mac,l1_n65536,circuit_z,43,256,22069.176,1048576,0,0,1
integer_mac,l1_n65536,fused,44,256,21914.715,1048576,0,0,1
integer_mac,l1_n65536,checked_per_term,44,256,50268.555,1048576,0,0,1
integer_mac,l1_n65536,circuit_z,44,256,20948.891,1048576,0,0,1
integer_mac,l1_n65536,checked_per_term,45,256,51298.500,1048576,0,0,1
integer_mac,l1_n65536,circuit_z,45,256,21788.898,1048576,0,0,1
integer_mac,l1_n65536,fused,45,256,21809.734,1048576,0,0,1
integer_mac,l1_n65536,fused,46,256,21084.961,1048576,0,0,1
integer_mac,l1_n65536,checked_per_term,46,256,51684.246,1048576,0,0,1
integer_mac,l1_n65536,circuit_z,46,256,21399.414,1048576,0,0,1
integer_mac,l1_n65536,fused,47,256,21030.109,1048576,0,0,1
integer_mac,l1_n65536,circuit_z,47,256,21048.664,1048576,0,0,1
integer_mac,l1_n65536,checked_per_term,47,256,51250.648,1048576,0,0,1
integer_mac,l1_n65536,fused,48,256,22042.645,1048576,0,0,1
integer_mac,l1_n65536,checked_per_term,48,256,51645.508,1048576,0,0,1
integer_mac,l1_n65536,circuit_z,48,256,21991.211,1048576,0,0,1
integer_mac,l1_n65536,fused,49,256,21176.598,1048576,0,0,1
integer_mac,l1_n65536,checked_per_term,49,256,51662.109,1048576,0,0,1
integer_mac,l1_n65536,circuit_z,49,256,21793.621,1048576,0,0,1
integer_mac,l1_n65536,circuit_z,50,256,21907.387,1048576,0,0,1
integer_mac,l1_n65536,fused,50,256,21964.195,1048576,0,0,1
integer_mac,l1_n65536,checked_per_term,50,256,50864.258,1048576,0,0,1
integer_mac,l1_n65536,circuit_z,51,256,21729.004,1048576,0,0,1
integer_mac,l1_n65536,checked_per_term,51,256,51197.266,1048576,0,0,1
integer_mac,l1_n65536,fused,51,256,20447.754,1048576,0,0,1
integer_mac,l1_n65536,fused,52,256,21663.410,1048576,0,0,1
integer_mac,l1_n65536,circuit_z,52,256,21800.133,1048576,0,0,1
integer_mac,l1_n65536,checked_per_term,52,256,51026.203,1048576,0,0,1
integer_mac,l1_n65536,circuit_z,53,256,20947.430,1048576,0,0,1
integer_mac,l1_n65536,fused,53,256,21412.434,1048576,0,0,1
integer_mac,l1_n65536,checked_per_term,53,256,51716.473,1048576,0,0,1
integer_mac,l1_n65536,fused,54,256,21398.438,1048576,0,0,1
integer_mac,l1_n65536,circuit_z,54,256,20945.148,1048576,0,0,1
integer_mac,l1_n65536,checked_per_term,54,256,51969.238,1048576,0,0,1
integer_mac,l1_n65536,checked_per_term,55,256,49209.797,1048576,0,0,1
integer_mac,l1_n65536,circuit_z,55,256,21647.785,1048576,0,0,1
integer_mac,l1_n65536,fused,55,256,21701.336,1048576,0,0,1
integer_mac,l1_n65536,checked_per_term,56,256,50451.500,1048576,0,0,1
integer_mac,l1_n65536,circuit_z,56,256,20326.824,1048576,0,0,1
integer_mac,l1_n65536,fused,56,256,21168.133,1048576,0,0,1
integer_mac,l1_n65536,circuit_z,57,256,21194.176,1048576,0,0,1
integer_mac,l1_n65536,checked_per_term,57,256,50934.734,1048576,0,0,1
integer_mac,l1_n65536,fused,57,256,21549.156,1048576,0,0,1
integer_mac,l1_n65536,checked_per_term,58,256,51187.336,1048576,0,0,1
integer_mac,l1_n65536,fused,58,256,21644.043,1048576,0,0,1
integer_mac,l1_n65536,circuit_z,58,256,21477.051,1048576,0,0,1
integer_mac,l1_n65536,checked_per_term,59,256,51382.652,1048576,0,0,1
integer_mac,l1_n65536,fused,59,256,21516.602,1048576,0,0,1
integer_mac,l1_n65536,circuit_z,59,256,21767.906,1048576,0,0,1
integer_mac,l1_n65536,checked_per_term,60,256,51354.816,1048576,0,0,1
integer_mac,l1_n65536,fused,60,256,21203.613,1048576,0,0,1
integer_mac,l1_n65536,circuit_z,60,256,21633.137,1048576,0,0,1
integer_mac,l1_n65536,checked_per_term,61,256,50697.918,1048576,0,0,1
integer_mac,l1_n65536,fused,61,256,21556.316,1048576,0,0,1
integer_mac,l1_n65536,circuit_z,61,256,21650.551,1048576,0,0,1
integer_mac,l1_n65536,checked_per_term,62,256,51322.102,1048576,0,0,1
integer_mac,l1_n65536,circuit_z,62,256,21552.086,1048576,0,0,1
integer_mac,l1_n65536,fused,62,256,21660.156,1048576,0,0,1
integer_mac,l1_n65536,fused,63,256,21861.328,1048576,0,0,1
integer_mac,l1_n65536,circuit_z,63,256,21756.184,1048576,0,0,1
integer_mac,l1_n65536,checked_per_term,63,256,51089.191,1048576,0,0,1
