family,size,variant,rep,iterations,ns,bytes
dot,16,flock,0,131072,21.801,512
dot,16,wide8,0,131072,21.883,512
dot,16,shared,0,131072,20.617,512
dot,16,wide2,0,131072,17.664,512
dot,16,wide4,0,131072,17.975,512
dot,16,scalar_lanes,0,131072,20.284,512
dot,16,wide16,0,131072,37.831,512
dot,16,wide1,0,131072,15.583,512
dot,16,vec2,0,131072,33.665,512
dot,16,wide1,1,131072,15.030,512
dot,16,scalar_lanes,1,131072,16.596,512
dot,16,wide8,1,131072,16.561,512
dot,16,shared,1,131072,16.562,512
dot,16,vec2,1,131072,30.383,512
dot,16,wide2,1,131072,14.304,512
dot,16,flock,1,131072,15.811,512
dot,16,wide4,1,131072,14.404,512
dot,16,wide16,1,131072,32.348,512
dot,16,scalar_lanes,2,131072,15.125,512
dot,16,wide16,2,131072,31.400,512
dot,16,flock,2,131072,15.407,512
dot,16,wide8,2,131072,15.182,512
dot,16,wide4,2,131072,13.855,512
dot,16,shared,2,131072,15.104,512
dot,16,wide1,2,131072,13.439,512
dot,16,wide2,2,131072,13.607,512
dot,16,vec2,2,131072,28.472,512
dot,16,wide8,3,131072,15.573,512
dot,16,wide16,3,131072,32.212,512
dot,16,wide2,3,131072,13.592,512
dot,16,wide1,3,131072,13.082,512
dot,16,scalar_lanes,3,131072,15.613,512
dot,16,vec2,3,131072,27.784,512
dot,16,wide4,3,131072,13.685,512
dot,16,flock,3,131072,15.365,512
dot,16,shared,3,131072,15.305,512
dot,16,wide2,4,131072,13.601,512
dot,16,vec2,4,131072,28.218,512
dot,16,shared,4,131072,15.618,512
dot,16,wide4,4,131072,13.833,512
dot,16,wide16,4,131072,30.931,512
dot,16,wide8,4,131072,15.558,512
dot,16,wide1,4,131072,12.990,512
dot,16,scalar_lanes,4,131072,15.121,512
dot,16,flock,4,131072,15.195,512
dot,16,vec2,5,131072,28.765,512
dot,16,wide4,5,131072,13.932,512
dot,16,wide16,5,131072,30.912,512
dot,16,wide2,5,131072,13.727,512
dot,16,wide8,5,131072,15.087,512
dot,16,wide1,5,131072,13.325,512
dot,16,shared,5,131072,15.335,512
dot,16,scalar_lanes,5,131072,17.991,512
dot,16,flock,5,131072,15.625,512
dot,16,wide2,6,131072,13.845,512
dot,16,wide4,6,131072,13.650,512
dot,16,wide8,6,131072,15.084,512
dot,16,wide16,6,131072,32.445,512
dot,16,vec2,6,131072,29.040,512
dot,16,shared,6,131072,15.084,512
dot,16,flock,6,131072,14.966,512
dot,16,wide1,6,131072,13.376,512
dot,16,scalar_lanes,6,131072,15.618,512
dot,16,wide2,7,131072,14.054,512
dot,16,shared,7,131072,14.896,512
dot,16,wide4,7,131072,13.867,512
dot,16,wide16,7,131072,32.309,512
dot,16,scalar_lanes,7,131072,15.469,512
dot,16,wide8,7,131072,15.604,512
dot,16,vec2,7,131072,29.019,512
dot,16,flock,7,131072,15.135,512
dot,16,wide1,7,131072,12.996,512
dot,16,flock,8,131072,14.891,512
dot,16,wide1,8,131072,13.229,512
dot,16,wide2,8,131072,14.032,512
dot,16,wide8,8,131072,14.948,512
dot,16,shared,8,131072,14.967,512
dot,16,scalar_lanes,8,131072,14.982,512
dot,16,wide16,8,131072,32.034,512
dot,16,vec2,8,131072,29.145,512
dot,16,wide4,8,131072,14.352,512
dot,16,wide4,9,131072,14.236,512
dot,16,shared,9,131072,15.524,512
dot,16,wide1,9,131072,13.389,512
dot,16,wide2,9,131072,14.269,512
dot,16,wide8,9,131072,15.106,512
dot,16,flock,9,131072,15.016,512
dot,16,vec2,9,131072,29.104,512
dot,16,wide16,9,131072,31.994,512
dot,16,scalar_lanes,9,131072,15.201,512
dot,16,wide16,10,131072,32.043,512
dot,16,wide2,10,131072,14.023,512
dot,16,vec2,10,131072,28.745,512
dot,16,wide8,10,131072,16.101,512
dot,16,shared,10,131072,15.753,512
dot,16,wide4,10,131072,14.146,512
dot,16,flock,10,131072,15.756,512
dot,16,scalar_lanes,10,131072,14.906,512
dot,16,wide1,10,131072,13.845,512
dot,16,shared,11,131072,15.586,512
dot,16,scalar_lanes,11,131072,15.535,512
dot,16,flock,11,131072,16.035,512
dot,16,wide4,11,131072,14.172,512
dot,16,wide16,11,131072,32.374,512
dot,16,wide2,11,131072,13.930,512
dot,16,vec2,11,131072,29.486,512
dot,16,wide8,11,131072,15.619,512
dot,16,wide1,11,131072,13.609,512
dot,16,wide16,12,131072,31.497,512
dot,16,scalar_lanes,12,131072,14.818,512
dot,16,wide8,12,131072,15.237,512
dot,16,wide4,12,131072,14.257,512
dot,16,wide2,12,131072,14.290,512
dot,16,shared,12,131072,15.456,512
dot,16,flock,12,131072,15.159,512
dot,16,wide1,12,131072,15.258,512
dot,16,vec2,12,131072,30.306,512
dot,16,wide4,13,131072,14.544,512
dot,16,wide16,13,131072,33.764,512
dot,16,shared,13,131072,15.927,512
dot,16,vec2,13,131072,29.467,512
dot,16,flock,13,131072,16.034,512
dot,16,wide2,13,131072,14.211,512
dot,16,wide8,13,131072,15.740,512
dot,16,wide1,13,131072,13.703,512
dot,16,scalar_lanes,13,131072,15.723,512
dot,16,flock,14,131072,15.293,512
dot,16,shared,14,131072,15.541,512
dot,16,wide2,14,131072,14.126,512
dot,16,vec2,14,131072,31.142,512
dot,16,wide1,14,131072,14.221,512
dot,16,scalar_lanes,14,131072,15.452,512
dot,16,wide16,14,131072,33.344,512
dot,16,wide4,14,131072,14.437,512
dot,16,wide8,14,131072,16.160,512
dot,16,wide1,15,131072,13.943,512
dot,16,flock,15,131072,16.074,512
dot,16,wide4,15,131072,14.597,512
dot,16,scalar_lanes,15,131072,15.829,512
dot,16,wide2,15,131072,14.530,512
dot,16,wide16,15,131072,32.161,512
dot,16,vec2,15,131072,29.697,512
dot,16,wide8,15,131072,15.947,512
dot,16,shared,15,131072,15.805,512
dot,16,wide1,16,131072,13.885,512
dot,16,wide4,16,131072,14.637,512
dot,16,wide16,16,131072,32.509,512
dot,16,wide2,16,131072,14.511,512
dot,16,flock,16,131072,15.902,512
dot,16,scalar_lanes,16,131072,15.257,512
dot,16,shared,16,131072,15.150,512
dot,16,vec2,16,131072,28.720,512
dot,16,wide8,16,131072,15.641,512
dot,16,wide8,17,131072,15.506,512
dot,16,wide1,17,131072,13.407,512
dot,16,wide16,17,131072,32.511,512
dot,16,shared,17,131072,15.644,512
dot,16,wide4,17,131072,14.541,512
dot,16,vec2,17,131072,29.017,512
dot,16,flock,17,131072,15.868,512
dot,16,scalar_lanes,17,131072,15.775,512
dot,16,wide2,17,131072,14.269,512
dot,16,wide1,18,131072,13.990,512
dot,16,flock,18,131072,15.586,512
dot,16,wide16,18,131072,32.342,512
dot,16,wide2,18,131072,13.992,512
dot,16,wide4,18,131072,14.173,512
dot,16,scalar_lanes,18,131072,15.373,512
dot,16,wide8,18,131072,15.587,512
dot,16,shared,18,131072,16.471,512
dot,16,vec2,18,131072,29.255,512
dot,16,wide8,19,131072,15.470,512
dot,16,flock,19,131072,16.323,512
dot,16,wide4,19,131072,13.765,512
dot,16,wide1,19,131072,13.154,512
dot,16,wide2,19,131072,13.651,512
dot,16,vec2,19,131072,28.450,512
dot,16,shared,19,131072,15.582,512
dot,16,scalar_lanes,19,131072,15.434,512
dot,16,wide16,19,131072,33.017,512
dot,16,wide1,20,131072,13.899,512
dot,16,flock,20,131072,15.987,512
dot,16,wide2,20,131072,13.823,512
dot,16,scalar_lanes,20,131072,15.872,512
dot,16,shared,20,131072,15.464,512
dot,16,wide4,20,131072,14.015,512
dot,16,wide8,20,131072,16.120,512
dot,16,vec2,20,131072,29.510,512
dot,16,wide16,20,131072,31.427,512
dot,16,flock,21,131072,15.884,512
dot,16,wide4,21,131072,14.061,512
dot,16,scalar_lanes,21,131072,15.232,512
dot,16,wide16,21,131072,32.017,512
dot,16,wide8,21,131072,15.454,512
dot,16,wide2,21,131072,13.999,512
dot,16,shared,21,131072,15.901,512
dot,16,wide1,21,131072,13.770,512
dot,16,vec2,21,131072,29.627,512
dot,16,flock,22,131072,14.967,512
dot,16,scalar_lanes,22,131072,15.207,512
dot,16,wide1,22,131072,13.201,512
dot,16,wide4,22,131072,14.136,512
dot,16,wide16,22,131072,31.852,512
dot,16,wide8,22,131072,15.712,512
dot,16,vec2,22,131072,28.541,512
dot,16,wide2,22,131072,14.214,512
dot,16,shared,22,131072,16.132,512
dot,16,scalar_lanes,23,131072,15.359,512
dot,16,flock,23,131072,15.244,512
dot,16,vec2,23,131072,28.216,512
dot,16,wide4,23,131072,13.835,512
dot,16,wide1,23,131072,13.518,512
dot,16,wide2,23,131072,13.781,512
dot,16,shared,23,131072,15.323,512
dot,16,wide16,23,131072,32.045,512
dot,16,wide8,23,131072,15.690,512
dot,16,shared,24,131072,15.877,512
dot,16,wide2,24,131072,14.203,512
dot,16,scalar_lanes,24,131072,15.260,512
dot,16,vec2,24,131072,29.151,512
dot,16,wide8,24,131072,16.241,512
dot,16,wide1,24,131072,13.831,512
dot,16,flock,24,131072,15.379,512
dot,16,wide16,24,131072,31.395,512
dot,16,wide4,24,131072,14.156,512
dot,16,wide4,25,131072,14.082,512
dot,16,wide2,25,131072,13.795,512
dot,16,vec2,25,131072,29.187,512
dot,16,shared,25,131072,15.512,512
dot,16,wide1,25,131072,13.578,512
dot,16,wide16,25,131072,32.189,512
dot,16,scalar_lanes,25,131072,15.361,512
dot,16,wide8,25,131072,15.386,512
dot,16,flock,25,131072,15.344,512
dot,16,wide16,26,131072,32.983,512
dot,16,shared,26,131072,15.673,512
dot,16,wide4,26,131072,14.386,512
dot,16,wide1,26,131072,13.732,512
dot,16,scalar_lanes,26,131072,16.040,512
dot,16,flock,26,131072,15.248,512
dot,16,wide2,26,131072,13.709,512
dot,16,wide8,26,131072,15.424,512
dot,16,vec2,26,131072,29.249,512
dot,16,wide16,27,131072,31.678,512
dot,16,wide1,27,131072,14.082,512
dot,16,wide8,27,131072,16.069,512
dot,16,scalar_lanes,27,131072,16.093,512
dot,16,flock,27,131072,15.903,512
dot,16,vec2,27,131072,29.965,512
dot,16,wide2,27,131072,14.334,512
dot,16,wide4,27,131072,14.614,512
dot,16,shared,27,131072,15.938,512
dot,16,vec2,28,131072,29.884,512
dot,16,wide1,28,131072,13.926,512
dot,16,wide8,28,131072,16.061,512
dot,16,flock,28,131072,15.814,512
dot,16,wide4,28,131072,14.478,512
dot,16,shared,28,131072,15.460,512
dot,16,wide2,28,131072,13.696,512
dot,16,wide16,28,131072,32.340,512
dot,16,scalar_lanes,28,131072,15.331,512
dot,16,shared,29,131072,15.683,512
dot,16,wide16,29,131072,33.321,512
dot,16,wide4,29,131072,14.366,512
dot,16,wide1,29,131072,13.566,512
dot,16,flock,29,131072,16.127,512
dot,16,wide8,29,131072,15.463,512
dot,16,scalar_lanes,29,131072,15.452,512
dot,16,wide2,29,131072,14.395,512
dot,16,vec2,29,131072,30.217,512
dot,16,shared,30,131072,15.936,512
dot,16,wide1,30,131072,13.952,512
dot,16,wide2,30,131072,14.218,512
dot,16,vec2,30,131072,28.332,512
dot,16,flock,30,131072,15.139,512
dot,16,wide8,30,131072,15.393,512
dot,16,scalar_lanes,30,131072,15.793,512
dot,16,wide16,30,131072,32.129,512
dot,16,wide4,30,131072,14.386,512
dot,16,wide16,31,131072,32.129,512
dot,16,wide1,31,131072,13.506,512
dot,16,wide2,31,131072,14.141,512
dot,16,vec2,31,131072,29.500,512
dot,16,flock,31,131072,16.066,512
dot,16,shared,31,131072,15.788,512
dot,16,wide8,31,131072,16.621,512
dot,16,wide4,31,131072,14.241,512
dot,16,scalar_lanes,31,131072,15.431,512
products,16,shared_unroll2,0,262144,17.407,768
products,16,schoolbook,0,262144,43.597,768
products,16,karatsuba,0,262144,51.377,768
products,16,shared,0,262144,16.766,768
products,16,shared_unroll8,0,262144,17.532,768
products,16,karatsuba_barrett,0,262144,85.296,768
products,16,shared_unroll4,0,262144,24.537,768
products,16,flock,0,262144,16.472,768
products,16,scalar_lanes,0,262144,17.886,768
products,16,shared_unroll2,1,262144,18.221,768
products,16,scalar_lanes,1,262144,17.850,768
products,16,shared_unroll8,1,262144,18.170,768
products,16,karatsuba_barrett,1,262144,30.914,768
products,16,shared_unroll4,1,262144,18.190,768
products,16,flock,1,262144,16.598,768
products,16,karatsuba,1,262144,53.274,768
products,16,schoolbook,1,262144,44.690,768
products,16,shared,1,262144,17.120,768
products,16,flock,2,262144,16.638,768
products,16,scalar_lanes,2,262144,18.058,768
products,16,karatsuba_barrett,2,262144,29.503,768
products,16,karatsuba,2,262144,52.705,768
products,16,schoolbook,2,262144,45.039,768
products,16,shared,2,262144,17.177,768
products,16,shared_unroll8,2,262144,17.887,768
products,16,shared_unroll4,2,262144,22.375,768
products,16,shared_unroll2,2,262144,17.125,768
products,16,schoolbook,3,262144,44.340,768
products,16,shared_unroll2,3,262144,17.233,768
products,16,karatsuba,3,262144,53.110,768
products,16,scalar_lanes,3,262144,17.097,768
products,16,shared_unroll8,3,262144,17.802,768
products,16,karatsuba_barrett,3,262144,29.729,768
products,16,shared_unroll4,3,262144,18.435,768
products,16,flock,3,262144,18.334,768
products,16,shared,3,262144,16.989,768
products,16,scalar_lanes,4,262144,16.730,768
products,16,schoolbook,4,262144,44.597,768
products,16,karatsuba_barrett,4,262144,29.966,768
products,16,shared_unroll2,4,262144,17.741,768
products,16,shared_unroll8,4,262144,18.713,768
products,16,shared_unroll4,4,262144,17.630,768
products,16,flock,4,262144,16.804,768
products,16,shared,4,262144,16.505,768
products,16,karatsuba,4,262144,51.623,768
products,16,shared_unroll8,5,262144,17.869,768
products,16,flock,5,262144,16.391,768
products,16,scalar_lanes,5,262144,16.342,768
products,16,karatsuba_barrett,5,262144,28.935,768
products,16,schoolbook,5,262144,44.608,768
products,16,shared_unroll4,5,262144,17.275,768
products,16,shared_unroll2,5,262144,17.336,768
products,16,shared,5,262144,16.660,768
products,16,karatsuba,5,262144,50.247,768
products,16,shared_unroll2,6,262144,17.288,768
products,16,scalar_lanes,6,262144,16.383,768
products,16,flock,6,262144,16.333,768
products,16,shared_unroll4,6,262144,17.011,768
products,16,schoolbook,6,262144,43.233,768
products,16,shared,6,262144,16.737,768
products,16,shared_unroll8,6,262144,17.642,768
products,16,karatsuba_barrett,6,262144,28.858,768
products,16,karatsuba,6,262144,50.939,768
products,16,karatsuba_barrett,7,262144,28.385,768
products,16,shared_unroll2,7,262144,17.012,768
products,16,scalar_lanes,7,262144,16.282,768
products,16,shared_unroll8,7,262144,17.722,768
products,16,shared,7,262144,16.509,768
products,16,schoolbook,7,262144,43.495,768
products,16,shared_unroll4,7,262144,17.420,768
products,16,karatsuba,7,262144,51.325,768
products,16,flock,7,262144,15.896,768
products,16,shared_unroll8,8,262144,17.836,768
products,16,shared,8,262144,16.178,768
products,16,karatsuba,8,262144,50.254,768
products,16,karatsuba_barrett,8,262144,28.618,768
products,16,flock,8,262144,16.299,768
products,16,shared_unroll2,8,262144,17.374,768
products,16,schoolbook,8,262144,43.690,768
products,16,scalar_lanes,8,262144,16.349,768
products,16,shared_unroll4,8,262144,17.387,768
products,16,scalar_lanes,9,262144,16.411,768
products,16,schoolbook,9,262144,43.786,768
products,16,karatsuba,9,262144,51.661,768
products,16,shared_unroll8,9,262144,17.492,768
products,16,shared,9,262144,16.801,768
products,16,shared_unroll4,9,262144,17.454,768
products,16,karatsuba_barrett,9,262144,28.943,768
products,16,flock,9,262144,16.564,768
products,16,shared_unroll2,9,262144,17.092,768
products,16,schoolbook,10,262144,43.709,768
products,16,karatsuba,10,262144,50.141,768
products,16,shared_unroll8,10,262144,17.354,768
products,16,shared_unroll2,10,262144,16.868,768
products,16,scalar_lanes,10,262144,16.426,768
products,16,shared_unroll4,10,262144,17.011,768
products,16,flock,10,262144,16.414,768
products,16,shared,10,262144,16.508,768
products,16,karatsuba_barrett,10,262144,28.640,768
products,16,flock,11,262144,16.537,768
products,16,shared_unroll8,11,262144,17.442,768
products,16,shared,11,262144,16.700,768
products,16,shared_unroll2,11,262144,17.231,768
products,16,shared_unroll4,11,262144,17.325,768
products,16,karatsuba,11,262144,50.824,768
products,16,karatsuba_barrett,11,262144,28.645,768
products,16,schoolbook,11,262144,43.747,768
products,16,scalar_lanes,11,262144,16.437,768
products,16,karatsuba,12,262144,50.612,768
products,16,schoolbook,12,262144,42.619,768
products,16,shared_unroll2,12,262144,17.012,768
products,16,flock,12,262144,16.037,768
products,16,shared,12,262144,16.715,768
products,16,shared_unroll4,12,262144,17.612,768
products,16,karatsuba_barrett,12,262144,28.686,768
products,16,shared_unroll8,12,262144,18.486,768
products,16,scalar_lanes,12,262144,16.651,768
products,16,flock,13,262144,15.860,768
products,16,shared_unroll8,13,262144,18.082,768
products,16,shared,13,262144,17.082,768
products,16,shared_unroll2,13,262144,17.562,768
products,16,schoolbook,13,262144,43.461,768
products,16,shared_unroll4,13,262144,17.414,768
products,16,karatsuba,13,262144,51.143,768
products,16,scalar_lanes,13,262144,16.429,768
products,16,karatsuba_barrett,13,262144,28.692,768
products,16,schoolbook,14,262144,43.428,768
products,16,shared_unroll8,14,262144,17.575,768
products,16,shared,14,262144,16.982,768
products,16,scalar_lanes,14,262144,16.410,768
products,16,shared_unroll2,14,262144,17.268,768
products,16,shared_unroll4,14,262144,17.793,768
products,16,karatsuba_barrett,14,262144,29.934,768
products,16,flock,14,262144,17.592,768
products,16,karatsuba,14,262144,51.614,768
products,16,karatsuba,15,262144,51.658,768
products,16,karatsuba_barrett,15,262144,29.390,768
products,16,shared_unroll2,15,262144,17.699,768
products,16,shared_unroll8,15,262144,17.095,768
products,16,scalar_lanes,15,262144,16.557,768
products,16,shared_unroll4,15,262144,17.826,768
products,16,shared,15,262144,16.553,768
products,16,flock,15,262144,16.437,768
products,16,schoolbook,15,262144,43.025,768
products,16,shared,16,262144,16.711,768
products,16,shared_unroll2,16,262144,17.064,768
products,16,karatsuba_barrett,16,262144,28.778,768
products,16,karatsuba,16,262144,51.483,768
products,16,flock,16,262144,17.493,768
products,16,schoolbook,16,262144,44.008,768
products,16,shared_unroll4,16,262144,17.243,768
products,16,scalar_lanes,16,262144,16.186,768
products,16,shared_unroll8,16,262144,17.237,768
products,16,shared_unroll4,17,262144,17.406,768
products,16,schoolbook,17,262144,43.550,768
products,16,shared_unroll2,17,262144,17.275,768
products,16,karatsuba_barrett,17,262144,28.671,768
products,16,flock,17,262144,16.173,768
products,16,shared_unroll8,17,262144,17.681,768
products,16,karatsuba,17,262144,50.852,768
products,16,shared,17,262144,16.469,768
products,16,scalar_lanes,17,262144,16.085,768
products,16,karatsuba_barrett,18,262144,28.935,768
products,16,shared,18,262144,16.703,768
products,16,scalar_lanes,18,262144,16.308,768
products,16,flock,18,262144,16.493,768
products,16,shared_unroll8,18,262144,17.677,768
products,16,karatsuba,18,262144,51.157,768
products,16,shared_unroll4,18,262144,17.561,768
products,16,schoolbook,18,262144,42.897,768
products,16,shared_unroll2,18,262144,17.363,768
products,16,shared,19,262144,16.744,768
products,16,karatsuba_barrett,19,262144,28.746,768
products,16,karatsuba,19,262144,50.511,768
products,16,schoolbook,19,262144,43.516,768
products,16,shared_unroll8,19,262144,17.197,768
products,16,shared_unroll4,19,262144,17.544,768
products,16,scalar_lanes,19,262144,16.208,768
products,16,flock,19,262144,16.558,768
products,16,shared_unroll2,19,262144,17.120,768
products,16,shared_unroll4,20,262144,17.502,768
products,16,karatsuba_barrett,20,262144,28.722,768
products,16,flock,20,262144,16.254,768
products,16,shared_unroll2,20,262144,17.279,768
products,16,shared,20,262144,16.565,768
products,16,scalar_lanes,20,262144,16.296,768
products,16,schoolbook,20,262144,43.115,768
products,16,shared_unroll8,20,262144,17.524,768
products,16,karatsuba,20,262144,50.238,768
products,16,shared_unroll4,21,262144,17.272,768
products,16,shared,21,262144,16.692,768
products,16,shared_unroll8,21,262144,17.417,768
products,16,flock,21,262144,16.330,768
products,16,shared_unroll2,21,262144,17.528,768
products,16,schoolbook,21,262144,43.202,768
products,16,karatsuba,21,262144,50.825,768
products,16,scalar_lanes,21,262144,16.078,768
products,16,karatsuba_barrett,21,262144,28.784,768
products,16,karatsuba,22,262144,50.273,768
products,16,shared_unroll2,22,262144,17.208,768
products,16,karatsuba_barrett,22,262144,28.416,768
products,16,schoolbook,22,262144,43.255,768
products,16,shared,22,262144,16.430,768
products,16,flock,22,262144,16.462,768
products,16,scalar_lanes,22,262144,16.271,768
products,16,shared_unroll8,22,262144,17.585,768
products,16,shared_unroll4,22,262144,17.507,768
products,16,karatsuba_barrett,23,262144,28.415,768
products,16,scalar_lanes,23,262144,16.344,768
products,16,shared,23,262144,16.650,768
products,16,schoolbook,23,262144,43.407,768
products,16,shared_unroll8,23,262144,17.205,768
products,16,flock,23,262144,16.446,768
products,16,karatsuba,23,262144,51.123,768
products,16,shared_unroll4,23,262144,17.430,768
products,16,shared_unroll2,23,262144,17.203,768
products,16,shared_unroll8,24,262144,17.407,768
products,16,shared_unroll4,24,262144,17.235,768
products,16,karatsuba,24,262144,50.709,768
products,16,scalar_lanes,24,262144,16.352,768
products,16,flock,24,262144,16.185,768
products,16,karatsuba_barrett,24,262144,28.790,768
products,16,shared_unroll2,24,262144,17.320,768
products,16,shared,24,262144,16.521,768
products,16,schoolbook,24,262144,43.756,768
products,16,shared_unroll8,25,262144,17.330,768
products,16,shared_unroll4,25,262144,17.569,768
products,16,shared_unroll2,25,262144,16.818,768
products,16,flock,25,262144,16.449,768
products,16,schoolbook,25,262144,42.994,768
products,16,karatsuba,25,262144,50.714,768
products,16,scalar_lanes,25,262144,15.872,768
products,16,karatsuba_barrett,25,262144,27.968,768
products,16,shared,25,262144,16.723,768
products,16,flock,26,262144,16.080,768
products,16,shared_unroll8,26,262144,17.775,768
products,16,karatsuba_barrett,26,262144,28.994,768
products,16,shared,26,262144,16.532,768
products,16,shared_unroll4,26,262144,17.611,768
products,16,shared_unroll2,26,262144,17.139,768
products,16,schoolbook,26,262144,43.874,768
products,16,scalar_lanes,26,262144,16.084,768
products,16,karatsuba,26,262144,50.649,768
products,16,scalar_lanes,27,262144,15.957,768
products,16,shared_unroll4,27,262144,17.519,768
products,16,schoolbook,27,262144,43.448,768
products,16,shared_unroll8,27,262144,17.615,768
products,16,shared_unroll2,27,262144,16.995,768
products,16,flock,27,262144,16.326,768
products,16,karatsuba,27,262144,50.162,768
products,16,karatsuba_barrett,27,262144,28.708,768
products,16,shared,27,262144,16.749,768
products,16,shared_unroll2,28,262144,17.181,768
products,16,flock,28,262144,16.404,768
products,16,shared,28,262144,16.487,768
products,16,shared_unroll4,28,262144,17.584,768
products,16,karatsuba_barrett,28,262144,28.973,768
products,16,shared_unroll8,28,262144,17.210,768
products,16,schoolbook,28,262144,43.081,768
products,16,scalar_lanes,28,262144,16.153,768
products,16,karatsuba,28,262144,50.722,768
products,16,scalar_lanes,29,262144,16.125,768
products,16,shared,29,262144,16.821,768
products,16,shared_unroll2,29,262144,17.283,768
products,16,shared_unroll4,29,262144,17.237,768
products,16,schoolbook,29,262144,42.621,768
products,16,shared_unroll8,29,262144,17.635,768
products,16,flock,29,262144,16.045,768
products,16,karatsuba_barrett,29,262144,29.090,768
products,16,karatsuba,29,262144,51.740,768
products,16,karatsuba_barrett,30,262144,28.919,768
products,16,shared_unroll4,30,262144,16.981,768
products,16,flock,30,262144,16.418,768
products,16,shared_unroll8,30,262144,18.068,768
products,16,shared_unroll2,30,262144,17.035,768
products,16,scalar_lanes,30,262144,16.345,768
products,16,karatsuba,30,262144,50.313,768
products,16,schoolbook,30,262144,43.414,768
products,16,shared,30,262144,16.705,768
products,16,shared,31,262144,16.618,768
products,16,shared_unroll8,31,262144,17.486,768
products,16,scalar_lanes,31,262144,16.467,768
products,16,shared_unroll2,31,262144,17.049,768
products,16,flock,31,262144,16.479,768
products,16,karatsuba,31,262144,50.899,768
products,16,shared_unroll4,31,262144,17.413,768
products,16,karatsuba_barrett,31,262144,28.845,768
products,16,schoolbook,31,262144,43.367,768
dot,1024,vec2,0,4096,1719.645,32768
dot,1024,wide2,0,4096,693.146,32768
dot,1024,shared,0,4096,870.707,32768
dot,1024,wide16,0,4096,1098.307,32768
dot,1024,flock,0,4096,875.081,32768
dot,1024,wide1,0,4096,697.937,32768
dot,1024,wide4,0,4096,702.484,32768
dot,1024,wide8,0,4096,757.894,32768
dot,1024,scalar_lanes,0,4096,850.037,32768
dot,1024,vec2,1,4096,1722.341,32768
dot,1024,wide1,1,4096,685.638,32768
dot,1024,wide4,1,4096,710.805,32768
dot,1024,wide2,1,4096,695.811,32768
dot,1024,shared,1,4096,863.220,32768
dot,1024,wide16,1,4096,1113.912,32768
dot,1024,flock,1,4096,858.755,32768
dot,1024,scalar_lanes,1,4096,874.003,32768
dot,1024,wide8,1,4096,738.902,32768
dot,1024,wide4,2,4096,703.379,32768
dot,1024,vec2,2,4096,1715.322,32768
dot,1024,wide8,2,4096,752.309,32768
dot,1024,scalar_lanes,2,4096,861.440,32768
dot,1024,shared,2,4096,874.033,32768
dot,1024,flock,2,4096,862.895,32768
dot,1024,wide16,2,4096,1109.578,32768
dot,1024,wide2,2,4096,700.358,32768
dot,1024,wide1,2,4096,695.038,32768
dot,1024,scalar_lanes,3,4096,873.494,32768
dot,1024,wide8,3,4096,736.227,32768
dot,1024,shared,3,4096,865.417,32768
dot,1024,wide4,3,4096,705.058,32768
dot,1024,wide1,3,4096,694.916,32768
dot,1024,wide2,3,4096,705.678,32768
dot,1024,wide16,3,4096,1109.009,32768
dot,1024,flock,3,4096,881.327,32768
dot,1024,vec2,3,4096,1739.044,32768
dot,1024,wide4,4,4096,709.707,32768
dot,1024,wide16,4,4096,1097.788,32768
dot,1024,scalar_lanes,4,4096,875.722,32768
dot,1024,vec2,4,4096,1697.276,32768
dot,1024,wide1,4,4096,695.323,32768
dot,1024,wide8,4,4096,736.583,32768
dot,1024,wide2,4,4096,709.849,32768
dot,1024,flock,4,4096,861.613,32768
dot,1024,shared,4,4096,859.314,32768
dot,1024,wide8,5,4096,755.452,32768
dot,1024,shared,5,4096,860.769,32768
dot,1024,flock,5,4096,873.474,32768
dot,1024,wide1,5,4096,701.070,32768
dot,1024,vec2,5,4096,1718.882,32768
dot,1024,wide2,5,4096,693.634,32768
dot,1024,wide4,5,4096,697.174,32768
dot,1024,wide16,5,4096,1118.815,32768
dot,1024,scalar_lanes,5,4096,895.844,32768
dot,1024,flock,6,4096,948.252,32768
dot,1024,wide8,6,4096,749.675,32768
dot,1024,wide1,6,4096,707.052,32768
dot,1024,vec2,6,4096,1696.055,32768
dot,1024,wide2,6,4096,704.122,32768
dot,1024,wide16,6,4096,1103.109,32768
dot,1024,shared,6,4096,878.947,32768
dot,1024,wide4,6,4096,695.729,32768
dot,1024,scalar_lanes,6,4096,880.157,32768
dot,1024,shared,7,4096,866.882,32768
dot,1024,wide2,7,4096,699.514,32768
dot,1024,vec2,7,4096,1723.114,32768
dot,1024,scalar_lanes,7,4096,876.719,32768
dot,1024,wide1,7,4096,687.642,32768
dot,1024,wide16,7,4096,1112.681,32768
dot,1024,wide4,7,4096,697.815,32768
dot,1024,flock,7,4096,858.307,32768
dot,1024,wide8,7,4096,749.471,32768
dot,1024,wide16,8,4096,1105.021,32768
dot,1024,wide1,8,4096,704.803,32768
dot,1024,wide8,8,4096,754.659,32768
dot,1024,shared,8,4096,859.222,32768
dot,1024,wide4,8,4096,711.609,32768
dot,1024,vec2,8,4096,1724.701,32768
dot,1024,wide2,8,4096,699.453,32768
dot,1024,flock,8,4096,860.097,32768
dot,1024,scalar_lanes,8,4096,872.213,32768
dot,1024,wide16,9,4096,1097.687,32768
dot,1024,vec2,9,4096,1713.267,32768
dot,1024,shared,9,4096,873.820,32768
dot,1024,scalar_lanes,9,4096,861.053,32768
dot,1024,wide8,9,4096,736.470,32768
dot,1024,wide4,9,4096,702.688,32768
dot,1024,wide2,9,4096,693.553,32768
dot,1024,wide1,9,4096,695.913,32768
dot,1024,flock,9,4096,868.622,32768
dot,1024,vec2,10,4096,1713.033,32768
dot,1024,wide16,10,4096,1093.831,32768
dot,1024,wide8,10,4096,747.803,32768
dot,1024,wide1,10,4096,696.777,32768
dot,1024,wide2,10,4096,698.710,32768
dot,1024,scalar_lanes,10,4096,879.964,32768
dot,1024,wide4,10,4096,699.107,32768
dot,1024,flock,10,4096,867.015,32768
dot,1024,shared,10,4096,863.363,32768
dot,1024,wide4,11,4096,701.070,32768
dot,1024,shared,11,4096,882.395,32768
dot,1024,wide1,11,4096,709.473,32768
dot,1024,scalar_lanes,11,4096,877.167,32768
dot,1024,wide2,11,4096,713.419,32768
dot,1024,wide8,11,4096,725.087,32768
dot,1024,flock,11,4096,852.620,32768
dot,1024,wide16,11,4096,1113.332,32768
dot,1024,vec2,11,4096,1728.912,32768
dot,1024,wide16,12,4096,1141.856,32768
dot,1024,wide8,12,4096,729.807,32768
dot,1024,wide4,12,4096,696.920,32768
dot,1024,scalar_lanes,12,4096,864.492,32768
dot,1024,wide1,12,4096,699.453,32768
dot,1024,wide2,12,4096,722.076,32768
dot,1024,shared,12,4096,907.552,32768
dot,1024,vec2,12,4096,1728.567,32768
dot,1024,flock,12,4096,867.360,32768
dot,1024,flock,13,4096,860.382,32768
dot,1024,scalar_lanes,13,4096,861.389,32768
dot,1024,wide16,13,4096,1113.678,32768
dot,1024,vec2,13,4096,1690.887,32768
dot,1024,shared,13,4096,887.003,32768
dot,1024,wide4,13,4096,699.951,32768
dot,1024,wide2,13,4096,710.480,32768
dot,1024,wide8,13,4096,743.408,32768
dot,1024,wide1,13,4096,698.568,32768
dot,1024,wide2,14,4096,713.277,32768
dot,1024,shared,14,4096,861.470,32768
dot,1024,wide8,14,4096,736.877,32768
dot,1024,wide4,14,4096,715.027,32768
dot,1024,vec2,14,4096,1729.340,32768
dot,1024,scalar_lanes,14,4096,875.529,32768
dot,1024,wide1,14,4096,700.887,32768
dot,1024,flock,14,4096,881.826,32768
dot,1024,wide16,14,4096,1096.700,32768
dot,1024,shared,15,4096,874.359,32768
dot,1024,wide4,15,4096,695.496,32768
dot,1024,flock,15,4096,867.401,32768
dot,1024,wide8,15,4096,737.844,32768
dot,1024,wide1,15,4096,695.425,32768
dot,1024,wide16,15,4096,1111.888,32768
dot,1024,scalar_lanes,15,4096,860.545,32768
dot,1024,vec2,15,4096,1719.737,32768
dot,1024,wide2,15,4096,690.125,32768
dot,1024,wide1,16,4096,720.469,32768
dot,1024,vec2,16,4096,1705.536,32768
dot,1024,wide2,16,4096,700.328,32768
dot,1024,scalar_lanes,16,4096,864.227,32768
dot,1024,wide16,16,4096,1115.184,32768
dot,1024,shared,16,4096,861.288,32768
dot,1024,wide8,16,4096,750.112,32768
dot,1024,wide4,16,4096,697.052,32768
dot,1024,flock,16,4096,868.774,32768
dot,1024,scalar_lanes,17,4096,890.249,32768
dot,1024,wide4,17,4096,688.060,32768
dot,1024,wide1,17,4096,688.141,32768
dot,1024,shared,17,4096,854.960,32768
dot,1024,flock,17,4096,849.131,32768
dot,1024,wide16,17,4096,1137.126,32768
dot,1024,vec2,17,4096,1743.510,32768
dot,1024,wide2,17,4096,711.599,32768
dot,1024,wide8,17,4096,739.512,32768
dot,1024,wide2,18,4096,694.305,32768
dot,1024,scalar_lanes,18,4096,849.579,32768
dot,1024,flock,18,4096,879.466,32768
dot,1024,shared,18,4096,845.856,32768
dot,1024,wide8,18,4096,747.976,32768
dot,1024,vec2,18,4096,1733.968,32768
dot,1024,wide4,18,4096,717.478,32768
dot,1024,wide16,18,4096,1129.201,32768
dot,1024,wide1,18,4096,692.973,32768
dot,1024,wide1,19,4096,717.428,32768
dot,1024,wide2,19,4096,687.775,32768
dot,1024,flock,19,4096,880.961,32768
dot,1024,wide8,19,4096,732.300,32768
dot,1024,vec2,19,4096,1700.724,32768
dot,1024,wide16,19,4096,1097.941,32768
dot,1024,wide4,19,4096,698.710,32768
dot,1024,scalar_lanes,19,4096,850.616,32768
dot,1024,shared,19,4096,874.898,32768
dot,1024,flock,20,4096,845.072,32768
dot,1024,wide4,20,4096,699.331,32768
dot,1024,wide8,20,4096,756.266,32768
dot,1024,vec2,20,4096,1730.876,32768
dot,1024,scalar_lanes,20,4096,867.961,32768
dot,1024,wide2,20,4096,710.012,32768
dot,1024,wide16,20,4096,1106.120,32768
dot,1024,wide1,20,4096,699.025,32768
dot,1024,shared,20,4096,865.417,32768
dot,1024,wide4,21,4096,689.036,32768
dot,1024,scalar_lanes,21,4096,877.136,32768
dot,1024,wide16,21,4096,1105.316,32768
dot,1024,flock,21,4096,873.301,32768
dot,1024,vec2,21,4096,1715.881,32768
dot,1024,wide1,21,4096,717.407,32768
dot,1024,wide2,21,4096,701.508,32768
dot,1024,wide8,21,4096,746.470,32768
dot,1024,shared,21,4096,866.465,32768
dot,1024,shared,22,4096,863.129,32768
dot,1024,flock,22,4096,876.851,32768
dot,1024,wide8,22,4096,738.688,32768
dot,1024,wide2,22,4096,707.336,32768
dot,1024,vec2,22,4096,1754.049,32768
dot,1024,wide1,22,4096,730.560,32768
dot,1024,wide4,22,4096,703.217,32768
dot,1024,wide16,22,4096,1105.835,32768
dot,1024,scalar_lanes,22,4096,848.155,32768
dot,1024,scalar_lanes,23,4096,867.086,32768
dot,1024,wide2,23,4096,713.735,32768
dot,1024,wide16,23,4096,1102.397,32768
dot,1024,vec2,23,4096,1726.990,32768
dot,1024,wide8,23,4096,756.653,32768
dot,1024,wide4,23,4096,698.446,32768
dot,1024,wide1,23,4096,697.662,32768
dot,1024,shared,23,4096,880.503,32768
dot,1024,flock,23,4096,860.433,32768
dot,1024,wide4,24,4096,702.586,32768
dot,1024,wide2,24,4096,708.994,32768
dot,1024,scalar_lanes,24,4096,861.948,32768
dot,1024,wide16,24,4096,1113.932,32768
dot,1024,wide8,24,4096,736.877,32768
dot,1024,wide1,24,4096,708.689,32768
dot,1024,vec2,24,4096,1726.146,32768
dot,1024,flock,24,4096,865.427,32768
dot,1024,shared,24,4096,847.402,32768
dot,1024,wide4,25,4096,709.707,32768
dot,1024,wide2,25,4096,701.864,32768
dot,1024,shared,25,4096,868.683,32768
dot,1024,wide1,25,4096,707.072,32768
dot,1024,vec2,25,4096,1719.869,32768
dot,1024,wide8,25,4096,740.560,32768
dot,1024,flock,25,4096,851.542,32768
dot,1024,wide16,25,4096,1121.094,32768
dot,1024,scalar_lanes,25,4096,849.904,32768
dot,1024,shared,26,4096,873.372,32768
dot,1024,wide2,26,4096,699.361,32768
dot,1024,flock,26,4096,863.200,32768
dot,1024,vec2,26,4096,1712.759,32768
dot,1024,wide1,26,4096,681.509,32768
dot,1024,wide16,26,4096,1080.455,32768
dot,1024,wide4,26,4096,692.505,32768
dot,1024,wide8,26,4096,741.170,32768
dot,1024,scalar_lanes,26,4096,854.991,32768
dot,1024,flock,27,4096,881.561,32768
dot,1024,scalar_lanes,27,4096,862.874,32768
dot,1024,wide2,27,4096,706.533,32768
dot,1024,shared,27,4096,874.451,32768
dot,1024,wide8,27,4096,737.447,32768
dot,1024,vec2,27,4096,1757.599,32768
dot,1024,wide4,27,4096,712.911,32768
dot,1024,wide1,27,4096,725.148,32768
dot,1024,wide16,27,4096,1080.872,32768
dot,1024,scalar_lanes,28,4096,878.387,32768
dot,1024,wide16,28,4096,1100.443,32768
dot,1024,wide4,28,4096,711.528,32768
dot,1024,wide8,28,4096,744.059,32768
dot,1024,wide1,28,4096,728.444,32768
dot,1024,flock,28,4096,879.211,32768
dot,1024,wide2,28,4096,712.514,32768
dot,1024,vec2,28,4096,1722.097,32768
dot,1024,shared,28,4096,876.160,32768
dot,1024,wide2,29,4096,711.283,32768
dot,1024,shared,29,4096,861.176,32768
dot,1024,vec2,29,4096,1730.164,32768
dot,1024,wide8,29,4096,749.329,32768
dot,1024,wide4,29,4096,699.524,32768
dot,1024,wide16,29,4096,1101.786,32768
dot,1024,wide1,29,4096,709.961,32768
dot,1024,flock,29,4096,872.569,32768
dot,1024,scalar_lanes,29,4096,868.296,32768
dot,1024,wide16,30,4096,1103.373,32768
dot,1024,wide4,30,4096,707.235,32768
dot,1024,wide8,30,4096,740.295,32768
dot,1024,vec2,30,4096,1724.335,32768
dot,1024,scalar_lanes,30,4096,886.943,32768
dot,1024,wide2,30,4096,721.965,32768
dot,1024,flock,30,4096,868.856,32768
dot,1024,shared,30,4096,861.389,32768
dot,1024,wide1,30,4096,712.972,32768
dot,1024,wide16,31,4096,1136.597,32768
dot,1024,vec2,31,4096,1710.693,32768
dot,1024,wide1,31,4096,705.648,32768
dot,1024,scalar_lanes,31,4096,866.486,32768
dot,1024,wide2,31,4096,698.751,32768
dot,1024,flock,31,4096,870.809,32768
dot,1024,wide4,31,4096,703.949,32768
dot,1024,wide8,31,4096,751.333,32768
dot,1024,shared,31,4096,878.733,32768
products,1024,schoolbook,0,4096,2769.053,49152
products,1024,shared_unroll2,0,4096,927.144,49152
products,1024,scalar_lanes,0,4096,862.264,49152
products,1024,karatsuba_barrett,0,4096,1624.278,49152
products,1024,shared,0,4096,914.836,49152
products,1024,flock,0,4096,883.342,49152
products,1024,shared_unroll8,0,4096,923.320,49152
products,1024,karatsuba,0,4096,3079.051,49152
products,1024,shared_unroll4,0,4096,913.249,49152
products,1024,scalar_lanes,1,4096,873.545,49152
products,1024,shared,1,4096,922.587,49152
products,1024,shared_unroll4,1,4096,931.630,49152
products,1024,karatsuba,1,4096,3068.115,49152
products,1024,karatsuba_barrett,1,4096,1606.425,49152
products,1024,shared_unroll8,1,4096,959.544,49152
products,1024,schoolbook,1,4096,2644.267,49152
products,1024,flock,1,4096,853.068,49152
products,1024,shared_unroll2,1,4096,923.442,49152
products,1024,shared_unroll2,2,4096,902.802,49152
products,1024,schoolbook,2,4096,2628.265,49152
products,1024,flock,2,4096,865.601,49152
products,1024,karatsuba_barrett,2,4096,1606.791,49152
products,1024,shared,2,4096,930.888,49152
products,1024,scalar_lanes,2,4096,968.170,49152
products,1024,shared_unroll4,2,4096,936.310,49152
products,1024,shared_unroll8,2,4096,922.862,49152
products,1024,karatsuba,2,4096,3162.170,49152
products,1024,schoolbook,3,4096,2675.222,49152
products,1024,shared,3,4096,935.994,49152
products,1024,flock,3,4096,867.808,49152
products,1024,karatsuba_barrett,3,4096,1618.602,49152
products,1024,shared_unroll2,3,4096,921.051,49152
products,1024,shared_unroll4,3,4096,953.532,49152
products,1024,shared_unroll8,3,4096,934.021,49152
products,1024,scalar_lanes,3,4096,887.207,49152
products,1024,karatsuba,3,4096,3115.479,49152
products,1024,scalar_lanes,4,4096,887.655,49152
products,1024,schoolbook,4,4096,2631.165,49152
products,1024,karatsuba_barrett,4,4096,1587.026,49152
products,1024,flock,4,4096,842.539,49152
products,1024,shared_unroll4,4,4096,920.258,49152
products,1024,shared_unroll8,4,4096,914.205,49152
products,1024,shared,4,4096,933.848,49152
products,1024,karatsuba,4,4096,3023.600,49152
products,1024,shared_unroll2,4,4096,911.377,49152
products,1024,karatsuba_barrett,5,4096,1634.115,49152
products,1024,schoolbook,5,4096,2632.080,49152
products,1024,scalar_lanes,5,4096,851.217,49152
products,1024,karatsuba,5,4096,3098.490,49152
products,1024,flock,5,4096,874.725,49152
products,1024,shared_unroll2,5,4096,914.174,49152
products,1024,shared_unroll8,5,4096,925.018,49152
products,1024,shared_unroll4,5,4096,912.994,49152
products,1024,shared,5,4096,926.564,49152
products,1024,scalar_lanes,6,4096,858.266,49152
products,1024,flock,6,4096,857.798,49152
products,1024,schoolbook,6,4096,2646.250,49152
products,1024,shared_unroll4,6,4096,908.681,49152
products,1024,shared,6,4096,917.094,49152
products,1024,shared_unroll8,6,4096,907.990,49152
products,1024,shared_unroll2,6,4096,919.729,49152
products,1024,karatsuba_barrett,6,4096,1616.557,49152
products,1024,karatsuba,6,4096,3045.054,49152
products,1024,shared,7,4096,905.833,49152
products,1024,scalar_lanes,7,4096,869.863,49152
products,1024,karatsuba,7,4096,3055.979,49152
products,1024,shared_unroll8,7,4096,959.981,49152
products,1024,shared_unroll4,7,4096,897.898,49152
products,1024,karatsuba_barrett,7,4096,1588.542,49152
products,1024,schoolbook,7,4096,2618.225,49152
products,1024,flock,7,4096,868.835,49152
products,1024,shared_unroll2,7,4096,913.361,49152
products,1024,scalar_lanes,8,4096,872.579,49152
products,1024,shared,8,4096,929.138,49152
products,1024,flock,8,4096,849.253,49152
products,1024,shared_unroll8,8,4096,917.948,49152
products,1024,karatsuba_barrett,8,4096,1602.132,49152
products,1024,schoolbook,8,4096,2606.038,49152
products,1024,karatsuba,8,4096,3038.981,49152
products,1024,shared_unroll4,8,4096,912.771,49152
products,1024,shared_unroll2,8,4096,906.189,49152
products,1024,shared_unroll4,9,4096,930.573,49152
products,1024,karatsuba,9,4096,3096.303,49152
products,1024,shared,9,4096,916.341,49152
products,1024,scalar_lanes,9,4096,858.103,49152
products,1024,karatsuba_barrett,9,4096,1601.817,49152
products,1024,shared_unroll2,9,4096,927.836,49152
products,1024,shared_unroll8,9,4096,912.598,49152
products,1024,schoolbook,9,4096,2619.313,49152
products,1024,flock,9,4096,886.953,49152
products,1024,karatsuba_barrett,10,4096,1615.448,49152
products,1024,karatsuba,10,4096,3059.489,49152
products,1024,shared_unroll8,10,4096,920.034,49152
products,1024,shared_unroll4,10,4096,934.631,49152
products,1024,schoolbook,10,4096,2612.355,49152
products,1024,scalar_lanes,10,4096,889.821,49152
products,1024,flock,10,4096,852.234,49152
products,1024,shared,10,4096,936.646,49152
products,1024,shared_unroll2,10,4096,925.313,49152
products,1024,shared,11,4096,923.452,49152
products,1024,shared_unroll8,11,4096,929.728,49152
products,1024,shared_unroll2,11,4096,913.422,49152
products,1024,shared_unroll4,11,4096,936.595,49152
products,1024,karatsuba,11,4096,3097.473,49152
products,1024,karatsuba_barrett,11,4096,1620.443,49152
products,1024,schoolbook,11,4096,2609.884,49152
products,1024,flock,11,4096,864.125,49152
products,1024,scalar_lanes,11,4096,863.271,49152
products,1024,shared_unroll8,12,4096,930.023,49152
products,1024,karatsuba,12,4096,3088.837,49152
products,1024,shared_unroll2,12,4096,942.098,49152
products,1024,shared_unroll4,12,4096,932.536,49152
products,1024,shared,12,4096,946.920,49152
products,1024,karatsuba_barrett,12,4096,1615.021,49152
products,1024,schoolbook,12,4096,2636.108,49152
products,1024,flock,12,4096,889.272,49152
products,1024,scalar_lanes,12,4096,878.306,49152
products,1024,flock,13,4096,845.093,49152
products,1024,scalar_lanes,13,4096,864.441,49152
products,1024,shared,13,4096,928.131,49152
products,1024,karatsuba_barrett,13,4096,1682.973,49152
products,1024,schoolbook,13,4096,2633.535,49152
products,1024,shared_unroll4,13,4096,928.721,49152
products,1024,karatsuba,13,4096,3060.516,49152
products,1024,shared_unroll8,13,4096,918.925,49152
products,1024,shared_unroll2,13,4096,925.039,49152
products,1024,shared_unroll8,14,4096,917.918,49152
products,1024,karatsuba_barrett,14,4096,1628.438,49152
products,1024,shared,14,4096,937.917,49152
products,1024,shared_unroll4,14,4096,918.142,49152
products,1024,schoolbook,14,4096,2657.145,49152
products,1024,karatsuba,14,4096,3098.206,49152
products,1024,shared_unroll2,14,4096,900.665,49152
products,1024,flock,14,4096,860.341,49152
products,1024,scalar_lanes,14,4096,855.255,49152
products,1024,scalar_lanes,15,4096,879.333,49152
products,1024,karatsuba,15,4096,3029.104,49152
products,1024,schoolbook,15,4096,2594.259,49152
products,1024,flock,15,4096,863.658,49152
products,1024,shared_unroll4,15,4096,906.474,49152
products,1024,shared,15,4096,932.902,49152
products,1024,shared_unroll2,15,4096,915.456,49152
products,1024,shared_unroll8,15,4096,928.243,49152
products,1024,karatsuba_barrett,15,4096,1615.061,49152
products,1024,schoolbook,16,4096,2639.231,49152
products,1024,shared_unroll8,16,4096,908.417,49152
products,1024,shared_unroll2,16,4096,936.127,49152
products,1024,shared,16,4096,916.982,49152
products,1024,karatsuba,16,4096,3104.329,49152
products,1024,flock,16,4096,863.403,49152
products,1024,shared_unroll4,16,4096,930.186,49152
products,1024,karatsuba_barrett,16,4096,1641.652,49152
products,1024,scalar_lanes,16,4096,885.376,49152
products,1024,flock,17,4096,867.818,49152
products,1024,karatsuba,17,4096,3087.667,49152
products,1024,shared_unroll8,17,4096,933.217,49152
products,1024,shared,17,4096,944.031,49152
products,1024,shared_unroll2,17,4096,916.911,49152
products,1024,karatsuba_barrett,17,4096,1598.135,49152
products,1024,schoolbook,17,4096,2575.521,49152
products,1024,scalar_lanes,17,4096,866.699,49152
products,1024,shared_unroll4,17,4096,911.295,49152
products,1024,karatsuba_barrett,18,4096,1627.136,49152
products,1024,shared_unroll4,18,4096,914.968,49152
products,1024,shared,18,4096,923.228,49152
products,1024,scalar_lanes,18,4096,862.040,49152
products,1024,shared_unroll8,18,4096,927.714,49152
products,1024,shared_unroll2,18,4096,917.826,49152
products,1024,karatsuba,18,4096,3084.025,49152
products,1024,flock,18,4096,847.076,49152
products,1024,schoolbook,18,4096,2642.690,49152
products,1024,shared,19,4096,931.132,49152
products,1024,shared_unroll2,19,4096,914.469,49152
products,1024,karatsuba_barrett,19,4096,1596.181,49152
products,1024,shared_unroll4,19,4096,916.351,49152
products,1024,shared_unroll8,19,4096,915.314,49152
products,1024,karatsuba,19,4096,3036.753,49152
products,1024,flock,19,4096,851.512,49152
products,1024,scalar_lanes,19,4096,847.575,49152
products,1024,schoolbook,19,4096,2641.062,49152
products,1024,shared,20,4096,918.935,49152
products,1024,shared_unroll8,20,4096,920.624,49152
products,1024,karatsuba,20,4096,3076.996,49152
products,1024,karatsuba_barrett,20,4096,1616.801,49152
products,1024,schoolbook,20,4096,2591.553,49152
products,1024,scalar_lanes,20,4096,865.580,49152
products,1024,shared_unroll4,20,4096,916.575,49152
products,1024,flock,20,4096,862.752,49152
products,1024,shared_unroll2,20,4096,929.962,49152
products,1024,shared,21,4096,913.849,49152
products,1024,flock,21,4096,876.841,49152
products,1024,shared_unroll2,21,4096,914.835,49152
products,1024,scalar_lanes,21,4096,876.485,49152
products,1024,shared_unroll4,21,4096,914.978,49152
products,1024,karatsuba_barrett,21,4096,1627.686,49152
products,1024,shared_unroll8,21,4096,907.206,49152
products,1024,karatsuba,21,4096,3059.225,49152
products,1024,schoolbook,21,4096,2607.697,49152
products,1024,flock,22,4096,890.167,49152
products,1024,scalar_lanes,22,4096,882.701,49152
products,1024,shared_unroll4,22,4096,925.364,49152
products,1024,karatsuba_barrett,22,4096,1596.029,49152
products,1024,karatsuba,22,4096,3239.949,49152
products,1024,schoolbook,22,4096,2590.027,49152
products,1024,shared_unroll8,22,4096,915.995,49152
products,1024,shared,22,4096,903.585,49152
products,1024,shared_unroll2,22,4096,920.726,49152
products,1024,flock,23,4096,876.526,49152
products,1024,scalar_lanes,23,4096,858.653,49152
products,1024,shared_unroll4,23,4096,927.246,49152
products,1024,shared_unroll8,23,4096,913.066,49152
products,1024,karatsuba,23,4096,3051.687,49152
products,1024,schoolbook,23,4096,2619.639,49152
products,1024,shared,23,4096,898.102,49152
products,1024,shared_unroll2,23,4096,910.594,49152
products,1024,karatsuba_barrett,23,4096,1594.971,49152
products,1024,karatsuba_barrett,24,4096,1609.507,49152
products,1024,shared_unroll4,24,4096,907.471,49152
products,1024,shared_unroll8,24,4096,934.652,49152
products,1024,karatsuba,24,4096,3085.978,49152
products,1024,schoolbook,24,4096,2645.742,49152
products,1024,shared_unroll2,24,4096,935.649,49152
products,1024,shared,24,4096,895.457,49152
products,1024,flock,24,4096,856.669,49152
products,1024,scalar_lanes,24,4096,852.366,49152
products,1024,schoolbook,25,4096,2591.177,49152
products,1024,shared,25,4096,919.780,49152
products,1024,karatsuba,25,4096,3096.649,49152
products,1024,shared_unroll8,25,4096,948.669,49152
products,1024,scalar_lanes,25,4096,867.432,49152
products,1024,shared_unroll2,25,4096,899.943,49152
products,1024,shared_unroll4,25,4096,905.762,49152
products,1024,karatsuba_barrett,25,4096,1624.186,49152
products,1024,flock,25,4096,865.967,49152
products,1024,karatsuba,26,4096,3064.870,49152
products,1024,shared_unroll2,26,4096,914.744,49152
products,1024,shared_unroll8,26,4096,926.798,49152
products,1024,schoolbook,26,4096,2611.562,49152
products,1024,flock,26,4096,854.034,49152
products,1024,scalar_lanes,26,4096,876.628,49152
products,1024,shared_unroll4,26,4096,909.719,49152
products,1024,karatsuba_barrett,26,4096,1635.651,49152
products,1024,shared,26,4096,920.380,49152
products,1024,shared_unroll4,27,4096,930.603,49152
products,1024,shared,27,4096,912.028,49152
products,1024,shared_unroll2,27,4096,937.480,49152
products,1024,scalar_lanes,27,4096,860.759,49152
products,1024,shared_unroll8,27,4096,933.594,49152
products,1024,schoolbook,27,4096,2623.138,49152
products,1024,karatsuba_barrett,27,4096,1622.172,49152
products,1024,karatsuba,27,4096,3089.467,49152
products,1024,flock,27,4096,854.014,49152
products,1024,schoolbook,28,4096,2600.637,49152
products,1024,karatsuba_barrett,28,4096,1625.977,49152
products,1024,scalar_lanes,28,4096,858.673,49152
products,1024,shared_unroll4,28,4096,933.024,49152
products,1024,flock,28,4096,866.852,49152
products,1024,shared,28,4096,935.028,49152
products,1024,shared_unroll8,28,4096,917.684,49152
products,1024,karatsuba,28,4096,3077.158,49152
products,1024,shared_unroll2,28,4096,926.382,49152
products,1024,shared,29,4096,922.841,49152
products,1024,schoolbook,29,4096,2658.895,49152
products,1024,karatsuba_barrett,29,4096,1628.560,49152
products,1024,scalar_lanes,29,4096,876.048,49152
products,1024,shared_unroll2,29,4096,925.212,49152
products,1024,shared_unroll8,29,4096,929.301,49152
products,1024,flock,29,4096,844.991,49152
products,1024,shared_unroll4,29,4096,929.810,49152
products,1024,karatsuba,29,4096,3061.188,49152
products,1024,schoolbook,30,4096,2633.341,49152
products,1024,shared_unroll8,30,4096,900.625,49152
products,1024,flock,30,4096,862.000,49152
products,1024,karatsuba_barrett,30,4096,1621.836,49152
products,1024,karatsuba,30,4096,3064.514,49152
products,1024,shared_unroll4,30,4096,912.943,49152
products,1024,shared_unroll2,30,4096,930.288,49152
products,1024,shared,30,4096,904.094,49152
products,1024,scalar_lanes,30,4096,894.002,49152
products,1024,scalar_lanes,31,4096,861.745,49152
products,1024,shared,31,4096,916.219,49152
products,1024,karatsuba,31,4096,3058.217,49152
products,1024,shared_unroll2,31,4096,906.698,49152
products,1024,shared_unroll4,31,4096,946.167,49152
products,1024,schoolbook,31,4096,2700.043,49152
products,1024,shared_unroll8,31,4096,899.435,49152
products,1024,flock,31,4096,857.778,49152
products,1024,karatsuba_barrett,31,4096,1614.309,49152
dot,65536,wide2,0,64,44201.172,2097152
dot,65536,wide16,0,64,69911.453,2097152
dot,65536,shared,0,64,54817.703,2097152
dot,65536,flock,0,64,56266.938,2097152
dot,65536,wide8,0,64,45979.812,2097152
dot,65536,wide1,0,64,44060.547,2097152
dot,65536,wide4,0,64,44191.406,2097152
dot,65536,vec2,0,64,110210.938,2097152
dot,65536,scalar_lanes,0,64,54768.234,2097152
dot,65536,vec2,1,64,108490.891,2097152
dot,65536,scalar_lanes,1,64,54186.188,2097152
dot,65536,wide2,1,64,45192.703,2097152
dot,65536,wide1,1,64,44643.219,2097152
dot,65536,flock,1,64,54384.766,2097152
dot,65536,wide16,1,64,71557.953,2097152
dot,65536,wide8,1,64,46509.109,2097152
dot,65536,shared,1,64,56186.844,2097152
dot,65536,wide4,1,64,44210.281,2097152
dot,65536,wide1,2,64,44067.062,2097152
dot,65536,shared,2,64,55973.969,2097152
dot,65536,wide2,2,64,44069.000,2097152
dot,65536,vec2,2,64,110096.344,2097152
dot,65536,wide4,2,64,44180.328,2097152
dot,65536,scalar_lanes,2,64,55662.109,2097152
dot,65536,flock,2,64,55012.375,2097152
dot,65536,wide16,2,64,69934.891,2097152
dot,65536,wide8,2,64,47323.562,2097152
dot,65536,wide8,3,64,46860.031,2097152
dot,65536,scalar_lanes,3,64,55920.578,2097152
dot,65536,wide2,3,64,44086.578,2097152
dot,65536,wide4,3,64,45026.703,2097152
dot,65536,vec2,3,64,110408.859,2097152
dot,65536,flock,3,64,55684.250,2097152
dot,65536,shared,3,64,54626.297,2097152
dot,65536,wide1,3,64,44751.953,2097152
dot,65536,wide16,3,64,69779.953,2097152
dot,65536,wide16,4,64,68839.844,2097152
dot,65536,wide4,4,64,45603.516,2097152
dot,65536,scalar_lanes,4,64,55475.266,2097152
dot,65536,wide1,4,64,45471.359,2097152
dot,65536,shared,4,64,55066.406,2097152
dot,65536,flock,4,64,55851.562,2097152
dot,65536,vec2,4,64,109347.000,2097152
dot,65536,wide2,4,64,45023.438,2097152
dot,65536,wide8,4,64,46817.703,2097152
dot,65536,wide4,5,64,44865.234,2097152
dot,65536,vec2,5,64,109936.844,2097152
dot,65536,wide16,5,64,70785.812,2097152
dot,65536,scalar_lanes,5,64,54764.328,2097152
dot,65536,wide1,5,64,45277.984,2097152
dot,65536,wide8,5,64,47050.125,2097152
dot,65536,flock,5,64,55055.984,2097152
dot,65536,wide2,5,64,44935.547,2097152
dot,65536,shared,5,64,54629.562,2097152
dot,65536,wide8,6,64,47541.016,2097152
dot,65536,wide1,6,64,44775.391,2097152
dot,65536,wide4,6,64,44303.391,2097152
dot,65536,scalar_lanes,6,64,55865.891,2097152
dot,65536,flock,6,64,55110.031,2097152
dot,65536,shared,6,64,57228.516,2097152
dot,65536,vec2,6,64,111501.297,2097152
dot,65536,wide16,6,64,69374.359,2097152
dot,65536,wide2,6,64,43839.188,2097152
dot,65536,wide4,7,64,44950.531,2097152
dot,65536,wide1,7,64,43240.875,2097152
dot,65536,wide8,7,64,46652.344,2097152
dot,65536,flock,7,64,55574.219,2097152
dot,65536,shared,7,64,54791.016,2097152
dot,65536,wide16,7,64,69723.969,2097152
dot,65536,scalar_lanes,7,64,54638.016,2097152
dot,65536,vec2,7,64,110069.016,2097152
dot,65536,wide2,7,64,44169.922,2097152
dot,65536,wide1,8,64,44836.594,2097152
dot,65536,wide8,8,64,46932.938,2097152
dot,65536,scalar_lanes,8,64,55292.969,2097152
dot,65536,flock,8,64,55069.656,2097152
dot,65536,wide2,8,64,44196.609,2097152
dot,65536,shared,8,64,55447.266,2097152
dot,65536,wide4,8,64,44229.172,2097152
dot,65536,wide16,8,64,69828.125,2097152
dot,65536,vec2,8,64,110074.219,2097152
dot,65536,wide2,9,64,45626.953,2097152
dot,65536,vec2,9,64,110035.812,2097152
dot,65536,flock,9,64,55580.078,2097152
dot,65536,scalar_lanes,9,64,55279.297,2097152
dot,65536,wide8,9,64,47469.391,2097152
dot,65536,wide1,9,64,44206.391,2097152
dot,65536,wide16,9,64,69987.625,2097152
dot,65536,shared,9,64,54990.234,2097152
dot,65536,wide4,9,64,44631.516,2097152
dot,65536,flock,10,64,56679.047,2097152
dot,65536,wide4,10,64,45613.938,2097152
dot,65536,wide16,10,64,69047.531,2097152
dot,65536,wide2,10,64,45133.469,2097152
dot,65536,shared,10,64,56360.031,2097152
dot,65536,wide8,10,64,47418.625,2097152
dot,65536,scalar_lanes,10,64,55123.703,2097152
dot,65536,wide1,10,64,45083.984,2097152
dot,65536,vec2,10,64,110858.719,2097152
dot,65536,wide4,11,64,44384.766,2097152
dot,65536,scalar_lanes,11,64,54700.516,2097152
dot,65536,wide2,11,64,45270.172,2097152
dot,65536,flock,11,64,54964.844,2097152
dot,65536,wide1,11,64,44398.438,2097152
dot,65536,wide16,11,64,69429.031,2097152
dot,65536,wide8,11,64,47148.438,2097152
dot,65536,shared,11,64,55583.984,2097152
dot,65536,vec2,11,64,109776.688,2097152
dot,65536,wide8,12,64,46972.000,2097152
dot,65536,wide2,12,64,44020.828,2097152
dot,65536,wide16,12,64,70526.688,2097152
dot,65536,wide4,12,64,44188.141,2097152
dot,65536,shared,12,64,55426.438,2097152
dot,65536,wide1,12,64,44563.797,2097152
dot,65536,flock,12,64,54862.625,2097152
dot,65536,scalar_lanes,12,64,55712.250,2097152
dot,65536,vec2,12,64,112345.703,2097152
dot,65536,scalar_lanes,13,64,54534.500,2097152
dot,65536,wide4,13,64,44886.719,2097152
dot,65536,wide8,13,64,50919.281,2097152
dot,65536,vec2,13,64,112307.953,2097152
dot,65536,wide16,13,64,68830.078,2097152
dot,65536,flock,13,64,55461.578,2097152
dot,65536,wide1,13,64,43274.750,2097152
dot,65536,wide2,13,64,43771.484,2097152
dot,65536,shared,13,64,56201.172,2097152
dot,65536,scalar_lanes,14,64,54916.656,2097152
dot,65536,wide4,14,64,44923.828,2097152
dot,65536,wide1,14,64,44225.906,2097152
dot,65536,flock,14,64,54681.641,2097152
dot,65536,vec2,14,64,110165.359,2097152
dot,65536,wide16,14,64,69933.594,2097152
dot,65536,wide8,14,64,46696.609,2097152
dot,65536,shared,14,64,55573.578,2097152
dot,65536,wide2,14,64,44536.453,2097152
dot,65536,vec2,15,64,109966.797,2097152
dot,65536,wide4,15,64,43970.047,2097152
dot,65536,shared,15,64,55125.656,2097152
dot,65536,wide1,15,64,44580.078,2097152
dot,65536,flock,15,64,54587.891,2097152
dot,65536,scalar_lanes,15,64,55361.328,2097152
dot,65536,wide8,15,64,46765.625,2097152
dot,65536,wide16,15,64,69804.688,2097152
dot,65536,wide2,15,64,44175.781,2097152
dot,65536,wide4,16,64,44384.766,2097152
dot,65536,wide16,16,64,70082.688,2097152
dot,65536,vec2,16,64,110671.219,2097152
dot,65536,flock,16,64,55387.375,2097152
dot,65536,shared,16,64,55167.969,2097152
dot,65536,wide8,16,64,47585.938,2097152
dot,65536,scalar_lanes,16,64,54731.125,2097152
dot,65536,wide2,16,64,45042.312,2097152
dot,65536,wide1,16,64,44232.422,2097152
dot,65536,vec2,17,64,109227.219,2097152
dot,65536,flock,17,64,54128.906,2097152
dot,65536,scalar_lanes,17,64,55569.672,2097152
dot,65536,wide1,17,64,44926.438,2097152
dot,65536,wide2,17,64,44997.406,2097152
dot,65536,wide8,17,64,46809.250,2097152
dot,65536,wide4,17,64,44820.969,2097152
dot,65536,wide16,17,64,72177.078,2097152
dot,65536,shared,17,64,56834.641,2097152
dot,65536,wide8,18,64,48392.578,2097152
dot,65536,wide4,18,64,45023.438,2097152
dot,65536,flock,18,64,54129.547,2097152
dot,65536,wide16,18,64,70220.703,2097152
dot,65536,vec2,18,64,109007.156,2097152
dot,65536,wide2,18,64,44802.734,2097152
dot,65536,wide1,18,64,44070.312,2097152
dot,65536,scalar_lanes,18,64,55221.344,2097152
dot,65536,shared,18,64,58439.453,2097152
dot,65536,scalar_lanes,19,64,56434.250,2097152
dot,65536,wide1,19,64,43937.500,2097152
dot,65536,flock,19,64,55898.438,2097152
dot,65536,shared,19,64,55460.938,2097152
dot,65536,wide16,19,64,70849.609,2097152
dot,65536,vec2,19,64,109014.969,2097152
dot,65536,wide8,19,64,48016.938,2097152
dot,65536,wide4,19,64,44726.562,2097152
dot,65536,wide2,19,64,44755.219,2097152
dot,65536,scalar_lanes,20,64,56389.312,2097152
dot,65536,flock,20,64,55911.453,2097152
dot,65536,shared,20,64,56126.953,2097152
dot,65536,wide1,20,64,44774.734,2097152
dot,65536,wide4,20,64,44838.531,2097152
dot,65536,wide8,20,64,48239.594,2097152
dot,65536,wide2,20,64,44270.844,2097152
dot,65536,vec2,20,64,110237.641,2097152
dot,65536,wide16,20,64,69139.984,2097152
dot,65536,wide1,21,64,44241.531,2097152
dot,65536,vec2,21,64,111345.062,2097152
dot,65536,flock,21,64,54833.344,2097152
dot,65536,wide2,21,64,45326.828,2097152
dot,65536,wide16,21,64,72208.344,2097152
dot,65536,wide4,21,64,46498.047,2097152
dot,65536,wide8,21,64,53134.766,2097152
dot,65536,scalar_lanes,21,64,58075.531,2097152
dot,65536,shared,21,64,57007.172,2097152
dot,65536,wide1,22,64,45981.766,2097152
dot,65536,wide16,22,64,70108.719,2097152
dot,65536,vec2,22,64,113090.484,2097152
dot,65536,flock,22,64,57837.891,2097152
dot,65536,wide2,22,64,45776.688,2097152
dot,65536,scalar_lanes,22,64,57666.016,2097152
dot,65536,shared,22,64,55621.094,2097152
dot,65536,wide4,22,64,45113.938,2097152
dot,65536,wide8,22,64,57523.438,2097152
dot,65536,wide4,23,64,44145.188,2097152
dot,65536,wide1,23,64,46096.344,2097152
dot,65536,wide8,23,64,47706.375,2097152
dot,65536,flock,23,64,55353.516,2097152
dot,65536,shared,23,64,56522.125,2097152
dot,65536,wide2,23,64,46380.859,2097152
dot,65536,wide16,23,64,71894.531,2097152
dot,65536,scalar_lanes,23,64,56618.484,2097152
dot,65536,vec2,23,64,113217.453,2097152
dot,65536,wide8,24,64,47282.547,2097152
dot,65536,wide4,24,64,47086.594,2097152
dot,65536,wide2,24,64,46926.438,2097152
dot,65536,vec2,24,64,119203.125,2097152
dot,65536,shared,24,64,61219.391,2097152
dot,65536,flock,24,64,55287.766,2097152
dot,65536,wide16,24,64,73033.203,2097152
dot,65536,wide1,24,64,47915.359,2097152
dot,65536,scalar_lanes,24,64,55951.172,2097152
dot,65536,wide1,25,64,45515.625,2097152
dot,65536,vec2,25,64,113740.875,2097152
dot,65536,wide8,25,64,49429.031,2097152
dot,65536,wide4,25,64,46137.359,2097152
dot,65536,flock,25,64,58697.922,2097152
dot,65536,wide2,25,64,45807.938,2097152
dot,65536,wide16,25,64,72639.984,2097152
dot,65536,scalar_lanes,25,64,69019.531,2097152
dot,65536,shared,25,64,57886.078,2097152
dot,65536,vec2,26,64,118062.500,2097152
dot,65536,flock,26,64,56294.281,2097152
dot,65536,wide8,26,64,68361.328,2097152
dot,65536,wide4,26,64,46363.281,2097152
dot,65536,shared,26,64,55436.859,2097152
dot,65536,wide1,26,64,45123.703,2097152
dot,65536,scalar_lanes,26,64,58050.781,2097152
dot,65536,wide2,26,64,48236.984,2097152
dot,65536,wide16,26,64,75095.703,2097152
dot,65536,wide16,27,64,71473.312,2097152
dot,65536,flock,27,64,58972.656,2097152
dot,65536,scalar_lanes,27,64,56485.031,2097152
dot,65536,wide4,27,64,46420.562,2097152
dot,65536,vec2,27,64,119259.766,2097152
dot,65536,wide8,27,64,49189.453,2097152
dot,65536,wide1,27,64,45208.344,2097152
dot,65536,shared,27,64,58180.984,2097152
dot,65536,wide2,27,64,46072.922,2097152
dot,65536,shared,28,64,56902.344,2097152
dot,65536,flock,28,64,59158.844,2097152
dot,65536,wide1,28,64,46110.672,2097152
dot,65536,wide4,28,64,47871.750,2097152
dot,65536,wide2,28,64,46260.422,2097152
dot,65536,scalar_lanes,28,64,64689.453,2097152
dot,65536,wide8,28,64,50701.172,2097152
dot,65536,vec2,28,64,116554.031,2097152
dot,65536,wide16,28,64,78434.250,2097152
dot,65536,wide2,29,64,52324.219,2097152
dot,65536,wide4,29,64,52763.672,2097152
dot,65536,wide16,29,64,73084.641,2097152
dot,65536,shared,29,64,80590.500,2097152
dot,65536,scalar_lanes,29,64,123746.750,2097152
dot,65536,vec2,29,64,152494.797,2097152
dot,65536,flock,29,64,58736.984,2097152
dot,65536,wide1,29,64,46033.844,2097152
dot,65536,wide8,29,64,49861.984,2097152
dot,65536,wide8,30,64,48916.016,2097152
dot,65536,wide16,30,64,72435.547,2097152
dot,65536,scalar_lanes,30,64,57036.469,2097152
dot,65536,wide4,30,64,45884.766,2097152
dot,65536,wide1,30,64,48945.312,2097152
dot,65536,vec2,30,64,110973.969,2097152
dot,65536,flock,30,64,55766.938,2097152
dot,65536,wide2,30,64,48520.828,2097152
dot,65536,shared,30,64,57832.688,2097152
dot,65536,scalar_lanes,31,64,57408.203,2097152
dot,65536,flock,31,64,56539.703,2097152
dot,65536,wide2,31,64,44570.312,2097152
dot,65536,vec2,31,64,111437.500,2097152
dot,65536,shared,31,64,55889.969,2097152
dot,65536,wide4,31,64,46068.359,2097152
dot,65536,wide8,31,64,46735.672,2097152
dot,65536,wide16,31,64,70473.953,2097152
dot,65536,wide1,31,64,44283.203,2097152
products,65536,scalar_lanes,0,64,55916.016,3145728
products,65536,shared_unroll8,0,64,58723.969,3145728
products,65536,karatsuba,0,64,203251.297,3145728
products,65536,schoolbook,0,64,170571.609,3145728
products,65536,shared_unroll4,0,64,59055.328,3145728
products,65536,flock,0,64,54958.344,3145728
products,65536,karatsuba_barrett,0,64,106940.109,3145728
products,65536,shared,0,64,60138.016,3145728
products,65536,shared_unroll2,0,64,58599.609,3145728
products,65536,schoolbook,1,64,169827.469,3145728
products,65536,karatsuba,1,64,200318.359,3145728
products,65536,shared_unroll2,1,64,61626.953,3145728
products,65536,karatsuba_barrett,1,64,107811.203,3145728
products,65536,scalar_lanes,1,64,54245.438,3145728
products,65536,shared_unroll8,1,64,58842.453,3145728
products,65536,shared_unroll4,1,64,59665.359,3145728
products,65536,shared,1,64,59588.531,3145728
products,65536,flock,1,64,55012.375,3145728
products,65536,shared_unroll2,2,64,59204.438,3145728
products,65536,karatsuba,2,64,198228.516,3145728
products,65536,scalar_lanes,2,64,54361.969,3145728
products,65536,karatsuba_barrett,2,64,105572.922,3145728
products,65536,shared_unroll4,2,64,58417.969,3145728
products,65536,shared_unroll8,2,64,60444.656,3145728
products,65536,flock,2,64,55602.859,3145728
products,65536,schoolbook,2,64,169271.484,3145728
products,65536,shared,2,64,60370.438,3145728
products,65536,shared_unroll2,3,64,60022.141,3145728
products,65536,shared_unroll8,3,64,65158.203,3145728
products,65536,scalar_lanes,3,64,58371.734,3145728
products,65536,shared_unroll4,3,64,59039.719,3145728
products,65536,karatsuba_barrett,3,64,110444.656,3145728
products,65536,shared,3,64,59356.781,3145728
products,65536,flock,3,64,63973.969,3145728
products,65536,schoolbook,3,64,173145.188,3145728
products,65536,karatsuba,3,64,206569.000,3145728
products,65536,karatsuba_barrett,4,64,109628.250,3145728
products,65536,schoolbook,4,64,171223.297,3145728
products,65536,flock,4,64,57257.812,3145728
products,65536,shared_unroll8,4,64,59868.484,3145728
products,65536,karatsuba,4,64,203671.234,3145728
products,65536,shared_unroll2,4,64,58309.891,3145728
products,65536,scalar_lanes,4,64,58462.234,3145728
products,65536,shared_unroll4,4,64,59281.250,3145728
products,65536,shared,4,64,60284.500,3145728
products,65536,flock,5,64,59755.859,3145728
products,65536,shared_unroll4,5,64,59931.641,3145728
products,65536,shared,5,64,60852.203,3145728
products,65536,scalar_lanes,5,64,58848.969,3145728
products,65536,shared_unroll8,5,64,61228.516,3145728
products,65536,karatsuba,5,64,202189.453,3145728
products,65536,karatsuba_barrett,5,64,105551.422,3145728
products,65536,schoolbook,5,64,179094.391,3145728
products,65536,shared_unroll2,5,64,61461.594,3145728
products,65536,shared,6,64,59345.703,3145728
products,65536,shared_unroll4,6,64,60329.438,3145728
products,65536,shared_unroll2,6,64,61277.344,3145728
products,65536,schoolbook,6,64,178379.547,3145728
products,65536,karatsuba_barrett,6,64,104641.938,3145728
products,65536,karatsuba,6,64,202249.344,3145728
products,65536,shared_unroll8,6,64,59365.234,3145728
products,65536,scalar_lanes,6,64,55338.547,3145728
products,65536,flock,6,64,57493.484,3145728
products,65536,shared_unroll4,7,64,62304.688,3145728
products,65536,karatsuba_barrett,7,64,112052.078,3145728
products,65536,karatsuba,7,64,204755.859,3145728
products,65536,shared_unroll8,7,64,62864.594,3145728
products,65536,scalar_lanes,7,64,55902.344,3145728
products,65536,schoolbook,7,64,172916.016,3145728
products,65536,shared_unroll2,7,64,59012.375,3145728
products,65536,flock,7,64,55104.172,3145728
products,65536,shared,7,64,60152.984,3145728
products,65536,schoolbook,8,64,173343.750,3145728
products,65536,scalar_lanes,8,64,58391.281,3145728
products,65536,karatsuba,8,64,198545.562,3145728
products,65536,shared_unroll8,8,64,61028.000,3145728
products,65536,flock,8,64,55285.812,3145728
products,65536,karatsuba_barrett,8,64,107123.047,3145728
products,65536,shared,8,64,58677.078,3145728
products,65536,shared_unroll2,8,64,59517.578,3145728
products,65536,shared_unroll4,8,64,58535.156,3145728
products,65536,schoolbook,9,64,168896.484,3145728
products,65536,shared_unroll8,9,64,58735.672,3145728
products,65536,shared,9,64,60434.891,3145728
products,65536,shared_unroll2,9,64,61379.547,3145728
products,65536,scalar_lanes,9,64,55444.672,3145728
products,65536,shared_unroll4,9,64,60381.516,3145728
products,65536,karatsuba_barrett,9,64,105158.203,3145728
products,65536,flock,9,64,56695.969,3145728
products,65536,karatsuba,9,64,203046.219,3145728
products,65536,karatsuba,10,64,198430.328,3145728
products,65536,karatsuba_barrett,10,64,105968.750,3145728
products,65536,shared_unroll2,10,64,58522.797,3145728
products,65536,flock,10,64,56462.891,3145728
products,65536,shared,10,64,58787.766,3145728
products,65536,schoolbook,10,64,169930.344,3145728
products,65536,scalar_lanes,10,64,55488.922,3145728
products,65536,shared_unroll4,10,64,58905.594,3145728
products,65536,shared_unroll8,10,64,58462.891,3145728
products,65536,shared,11,64,59496.750,3145728
products,65536,karatsuba_barrett,11,64,104565.109,3145728
products,65536,schoolbook,11,64,168992.828,3145728
products,65536,shared_unroll8,11,64,61143.234,3145728
products,65536,scalar_lanes,11,64,57667.969,3145728
products,65536,shared_unroll4,11,64,58631.516,3145728
products,65536,flock,11,64,55843.094,3145728
products,65536,karatsuba,11,64,195477.219,3145728
products,65536,shared_unroll2,11,64,58949.219,3145728
products,65536,scalar_lanes,12,64,56069.016,3145728
products,65536,schoolbook,12,64,169062.500,3145728
products,65536,shared_unroll2,12,64,58110.031,3145728
products,65536,karatsuba_barrett,12,64,104808.594,3145728
products,65536,shared,12,64,58313.156,3145728
products,65536,flock,12,64,55720.703,3145728
products,65536,shared_unroll4,12,64,58153.641,3145728
products,65536,shared_unroll8,12,64,58310.547,3145728
products,65536,karatsuba,12,64,202783.859,3145728
products,65536,schoolbook,13,64,171736.969,3145728
products,65536,shared_unroll8,13,64,59033.203,3145728
products,65536,scalar_lanes,13,64,55924.484,3145728
products,65536,shared,13,64,58557.281,3145728
products,65536,shared_unroll4,13,64,59326.828,3145728
products,65536,karatsuba_barrett,13,64,110091.797,3145728
products,65536,karatsuba,13,64,203336.578,3145728
products,65536,shared_unroll2,13,64,61332.672,3145728
products,65536,flock,13,64,55476.562,3145728
products,65536,shared,14,64,59192.062,3145728
products,65536,flock,14,64,56470.062,3145728
products,65536,scalar_lanes,14,64,55746.094,3145728
products,65536,shared_unroll2,14,64,59240.234,3145728
products,65536,schoolbook,14,64,172736.984,3145728
products,65536,karatsuba_barrett,14,64,107400.391,3145728
products,65536,shared_unroll4,14,64,58980.469,3145728
products,65536,shared_unroll8,14,64,63595.703,3145728
products,65536,karatsuba,14,64,201377.594,3145728
products,65536,shared_unroll8,15,64,59953.125,3145728
products,65536,schoolbook,15,64,175261.719,3145728
products,65536,karatsuba,15,64,199705.719,3145728
products,65536,flock,15,64,54859.375,3145728
products,65536,shared_unroll2,15,64,60807.938,3145728
products,65536,karatsuba_barrett,15,64,105486.328,3145728
products,65536,shared_unroll4,15,64,60350.266,3145728
products,65536,scalar_lanes,15,64,56420.578,3145728
products,65536,shared,15,64,60099.609,3145728
products,65536,karatsuba,16,64,201847.000,3145728
products,65536,karatsuba_barrett,16,64,107760.422,3145728
products,65536,shared,16,64,60209.641,3145728
products,65536,scalar_lanes,16,64,56531.250,3145728
products,65536,schoolbook,16,64,172079.422,3145728
products,65536,shared_unroll2,16,64,60589.844,3145728
products,65536,flock,16,64,58256.516,3145728
products,65536,shared_unroll8,16,64,59230.469,3145728
products,65536,shared_unroll4,16,64,60943.359,3145728
products,65536,shared,17,64,61144.531,3145728
products,65536,scalar_lanes,17,64,57034.500,3145728
products,65536,karatsuba,17,64,199708.328,3145728
products,65536,schoolbook,17,64,173682.297,3145728
products,65536,shared_unroll4,17,64,61380.859,3145728
products,65536,flock,17,64,56552.734,3145728
products,65536,shared_unroll2,17,64,61750.656,3145728
products,65536,karatsuba_barrett,17,64,108677.078,3145728
products,65536,shared_unroll8,17,64,59681.000,3145728
products,65536,karatsuba,18,64,202000.000,3145728
products,65536,shared_unroll4,18,64,59211.594,3145728
products,65536,karatsuba_barrett,18,64,108423.828,3145728
products,65536,shared_unroll8,18,64,59347.656,3145728
products,65536,scalar_lanes,18,64,56737.641,3145728
products,65536,shared,18,64,60097.656,3145728
products,65536,schoolbook,18,64,175370.438,3145728
products,65536,flock,18,64,56716.797,3145728
products,65536,shared_unroll2,18,64,61009.125,3145728
products,65536,shared_unroll8,19,64,58384.109,3145728
products,65536,flock,19,64,55922.531,3145728
products,65536,karatsuba,19,64,201207.031,3145728
products,65536,shared_unroll4,19,64,61345.047,3145728
products,65536,karatsuba_barrett,19,64,107130.219,3145728
products,65536,shared,19,64,59838.547,3145728
products,65536,shared_unroll2,19,64,60390.625,3145728
products,65536,scalar_lanes,19,64,56389.969,3145728
products,65536,schoolbook,19,64,171001.953,3145728
products,65536,schoolbook,20,64,171436.859,3145728
products,65536,shared_unroll4,20,64,88426.438,3145728
products,65536,scalar_lanes,20,64,56916.016,3145728
products,65536,shared_unroll8,20,64,61581.391,3145728
products,65536,shared,20,64,61801.422,3145728
products,65536,karatsuba,20,64,197648.438,3145728
products,65536,flock,20,64,56643.234,3145728
products,65536,karatsuba_barrett,20,64,106340.500,3145728
products,65536,shared_unroll2,20,64,60331.375,3145728
products,65536,schoolbook,21,64,169011.062,3145728
products,65536,shared_unroll4,21,64,59670.578,3145728
products,65536,karatsuba,21,64,200717.438,3145728
products,65536,shared,21,64,58510.422,3145728
products,65536,shared_unroll2,21,64,61118.484,3145728
products,65536,scalar_lanes,21,64,55929.688,3145728
products,65536,flock,21,64,55832.031,3145728
products,65536,karatsuba_barrett,21,64,106055.344,3145728
products,65536,shared_unroll8,21,64,58641.281,3145728
products,65536,shared_unroll2,22,64,59334.641,3145728
products,65536,shared,22,64,59467.438,3145728
products,65536,scalar_lanes,22,64,55641.266,3145728
products,65536,shared_unroll4,22,64,61156.891,3145728
products,65536,flock,22,64,55388.016,3145728
products,65536,karatsuba_barrett,22,64,107074.859,3145728
products,65536,karatsuba,22,64,198134.766,3145728
products,65536,shared_unroll8,22,64,59238.938,3145728
products,65536,schoolbook,22,64,168329.422,3145728
products,65536,shared_unroll2,23,64,59417.328,3145728
products,65536,karatsuba,23,64,194546.875,3145728
products,65536,karatsuba_barrett,23,64,104702.469,3145728
products,65536,scalar_lanes,23,64,55588.531,3145728
products,65536,flock,23,64,55297.531,3145728
products,65536,shared_unroll8,23,64,58486.984,3145728
products,65536,schoolbook,23,64,170316.406,3145728
products,65536,shared_unroll4,23,64,58181.641,3145728
products,65536,shared,23,64,59001.953,3145728
products,65536,shared,24,64,58388.672,3145728
products,65536,shared_unroll4,24,64,59414.062,3145728
products,65536,flock,24,64,55006.500,3145728
products,65536,karatsuba,24,64,198467.453,3145728
products,65536,shared_unroll8,24,64,58487.641,3145728
products,65536,schoolbook,24,64,167574.875,3145728
products,65536,scalar_lanes,24,64,54793.625,3145728
products,65536,shared_unroll2,24,64,58074.859,3145728
products,65536,karatsuba_barrett,24,64,105051.422,3145728
products,65536,karatsuba,25,64,197595.062,3145728
products,65536,karatsuba_barrett,25,64,104369.141,3145728
products,65536,schoolbook,25,64,170199.219,3145728
products,65536,shared_unroll4,25,64,57812.500,3145728
products,65536,shared_unroll2,25,64,58471.359,3145728
products,65536,shared_unroll8,25,64,57997.391,3145728
products,65536,scalar_lanes,25,64,54840.500,3145728
products,65536,flock,25,64,55322.266,3145728
products,65536,shared,25,64,58247.391,3145728
products,65536,flock,26,64,55888.672,3145728
products,65536,karatsuba_barrett,26,64,104328.125,3145728
products,65536,shared_unroll2,26,64,60550.141,3145728
products,65536,scalar_lanes,26,64,56425.781,3145728
products,65536,shared,26,64,60570.969,3145728
products,65536,karatsuba,26,64,203361.328,3145728
products,65536,shared_unroll4,26,64,60218.109,3145728
products,65536,shared_unroll8,26,64,58745.438,3145728
products,65536,schoolbook,26,64,168906.250,3145728
products,65536,schoolbook,27,64,178326.172,3145728
products,65536,karatsuba,27,64,209406.891,3145728
products,65536,scalar_lanes,27,64,55343.750,3145728
products,65536,flock,27,64,54672.516,3145728
products,65536,shared_unroll8,27,64,59425.781,3145728
products,65536,shared,27,64,58235.031,3145728
products,65536,karatsuba_barrett,27,64,104742.188,3145728
products,65536,shared_unroll2,27,64,59086.594,3145728
products,65536,shared_unroll4,27,64,59319.672,3145728
products,65536,karatsuba_barrett,28,64,106753.906,3145728
products,65536,karatsuba,28,64,197746.094,3145728
products,65536,flock,28,64,56317.062,3145728
products,65536,shared_unroll2,28,64,58246.750,3145728
products,65536,schoolbook,28,64,166003.266,3145728
products,65536,shared_unroll8,28,64,58792.969,3145728
products,65536,shared,28,64,58642.578,3145728
products,65536,scalar_lanes,28,64,54283.203,3145728
products,65536,shared_unroll4,28,64,57727.219,3145728
products,65536,scalar_lanes,29,64,56488.281,3145728
products,65536,shared,29,64,58454.422,3145728
products,65536,flock,29,64,55988.281,3145728
products,65536,shared_unroll8,29,64,57380.859,3145728
products,65536,karatsuba,29,64,199673.828,3145728
products,65536,schoolbook,29,64,171366.547,3145728
products,65536,shared_unroll4,29,64,59210.297,3145728
products,65536,karatsuba_barrett,29,64,107538.422,3145728
products,65536,shared_unroll2,29,64,59051.438,3145728
products,65536,schoolbook,30,64,169897.781,3145728
products,65536,shared_unroll2,30,64,58679.688,3145728
products,65536,shared_unroll8,30,64,59772.781,3145728
products,65536,shared_unroll4,30,64,59303.391,3145728
products,65536,karatsuba,30,64,200068.359,3145728
products,65536,shared,30,64,58530.594,3145728
products,65536,flock,30,64,55432.297,3145728
products,65536,karatsuba_barrett,30,64,106872.406,3145728
products,65536,scalar_lanes,30,64,55095.703,3145728
products,65536,scalar_lanes,31,64,56246.094,3145728
products,65536,shared_unroll4,31,64,58011.719,3145728
products,65536,shared,31,64,58329.438,3145728
products,65536,shared_unroll2,31,64,59132.812,3145728
products,65536,karatsuba,31,64,199507.172,3145728
products,65536,shared_unroll8,31,64,60120.438,3145728
products,65536,schoolbook,31,64,167671.875,3145728
products,65536,karatsuba_barrett,31,64,106302.094,3145728
products,65536,flock,31,64,54832.031,3145728
dot,1048576,wide2,0,4,721000.000,33554432
dot,1048576,flock,0,4,914021.000,33554432
dot,1048576,wide16,0,4,1095760.500,33554432
dot,1048576,vec2,0,4,1760104.000,33554432
dot,1048576,wide1,0,4,721260.500,33554432
dot,1048576,shared,0,4,890437.500,33554432
dot,1048576,wide4,0,4,721781.250,33554432
dot,1048576,wide8,0,4,764843.750,33554432
dot,1048576,scalar_lanes,0,4,901218.750,33554432
dot,1048576,wide1,1,4,786625.000,33554432
dot,1048576,wide8,1,4,788312.500,33554432
dot,1048576,flock,1,4,885791.500,33554432
dot,1048576,scalar_lanes,1,4,888989.500,33554432
dot,1048576,wide16,1,4,1107656.250,33554432
dot,1048576,vec2,1,4,1759145.750,33554432
dot,1048576,shared,1,4,886333.250,33554432
dot,1048576,wide2,1,4,738916.500,33554432
dot,1048576,wide4,1,4,737229.250,33554432
dot,1048576,scalar_lanes,2,4,893020.750,33554432
dot,1048576,shared,2,4,895812.500,33554432
dot,1048576,wide1,2,4,720958.250,33554432
dot,1048576,vec2,2,4,1759021.000,33554432
dot,1048576,wide2,2,4,884281.250,33554432
dot,1048576,wide4,2,4,797250.000,33554432
dot,1048576,wide16,2,4,1159937.500,33554432
dot,1048576,flock,2,4,1929000.000,33554432
dot,1048576,wide8,2,4,1013958.250,33554432
dot,1048576,scalar_lanes,3,4,5725187.500,33554432
dot,1048576,wide1,3,4,810271.000,33554432
dot,1048576,wide8,3,4,801375.000,33554432
dot,1048576,flock,3,4,934968.750,33554432
dot,1048576,shared,3,4,937604.000,33554432
dot,1048576,vec2,3,4,4367229.250,33554432
dot,1048576,wide4,3,4,2952229.250,33554432
dot,1048576,wide2,3,4,775958.500,33554432
dot,1048576,wide16,3,4,4157635.250,33554432
dot,1048576,wide8,4,4,3847875.000,33554432
dot,1048576,wide4,4,4,3583593.750,33554432
dot,1048576,wide16,4,4,1497093.750,33554432
dot,1048576,flock,4,4,925343.750,33554432
dot,1048576,vec2,4,4,1807156.250,33554432
dot,1048576,scalar_lanes,4,4,904781.250,33554432
dot,1048576,wide1,4,4,756510.500,33554432
dot,1048576,wide2,4,4,723583.500,33554432
dot,1048576,shared,4,4,893364.750,33554432
dot,1048576,wide4,5,4,774927.250,33554432
dot,1048576,scalar_lanes,5,4,924521.000,33554432
dot,1048576,wide16,5,4,2319864.500,33554432
dot,1048576,flock,5,4,927406.250,33554432
dot,1048576,shared,5,4,1675843.750,33554432
dot,1048576,wide2,5,4,1328354.250,33554432
dot,1048576,wide1,5,4,2024791.500,33554432
dot,1048576,vec2,5,4,2992083.250,33554432
dot,1048576,wide8,5,4,1771427.000,33554432
dot,1048576,vec2,6,4,7368375.000,33554432
dot,1048576,wide1,6,4,1039177.000,33554432
dot,1048576,wide2,6,4,935541.750,33554432
dot,1048576,wide4,6,4,748823.000,33554432
dot,1048576,shared,6,4,952843.750,33554432
dot,1048576,scalar_lanes,6,4,931635.500,33554432
dot,1048576,flock,6,4,1120823.000,33554432
dot,1048576,wide16,6,4,1130531.250,33554432
dot,1048576,wide8,6,4,792145.750,33554432
dot,1048576,shared,7,4,928614.500,33554432
dot,1048576,wide16,7,4,1287520.750,33554432
dot,1048576,wide1,7,4,1073010.250,33554432
dot,1048576,wide2,7,4,799812.500,33554432
dot,1048576,wide4,7,4,1078510.500,33554432
dot,1048576,scalar_lanes,7,4,940698.000,33554432
dot,1048576,flock,7,4,1670156.250,33554432
dot,1048576,vec2,7,4,2028114.750,33554432
dot,1048576,wide8,7,4,878125.000,33554432
dot,1048576,vec2,8,4,2944968.750,33554432
dot,1048576,wide1,8,4,725114.500,33554432
dot,1048576,flock,8,4,930385.250,33554432
dot,1048576,scalar_lanes,8,4,899135.500,33554432
dot,1048576,wide2,8,4,726229.250,33554432
dot,1048576,wide4,8,4,808573.000,33554432
dot,1048576,shared,8,4,889229.250,33554432
dot,1048576,wide16,8,4,1132583.250,33554432
dot,1048576,wide8,8,4,763958.250,33554432
dot,1048576,vec2,9,4,1799958.250,33554432
dot,1048576,wide8,9,4,816322.750,33554432
dot,1048576,shared,9,4,921843.750,33554432
dot,1048576,wide4,9,4,723791.500,33554432
dot,1048576,flock,9,4,909760.250,33554432
dot,1048576,wide16,9,4,1143708.250,33554432
dot,1048576,wide2,9,4,778864.500,33554432
dot,1048576,scalar_lanes,9,4,908093.750,33554432
dot,1048576,wide1,9,4,717333.500,33554432
dot,1048576,wide1,10,4,770250.000,33554432
dot,1048576,scalar_lanes,10,4,882562.500,33554432
dot,1048576,wide2,10,4,723177.250,33554432
dot,1048576,shared,10,4,920489.750,33554432
dot,1048576,wide8,10,4,765260.500,33554432
dot,1048576,wide16,10,4,1145208.250,33554432
dot,1048576,wide4,10,4,766427.000,33554432
dot,1048576,vec2,10,4,1769062.500,33554432
dot,1048576,flock,10,4,942052.000,33554432
dot,1048576,wide16,11,4,1108375.000,33554432
dot,1048576,shared,11,4,947135.250,33554432
dot,1048576,vec2,11,4,1769781.250,33554432
dot,1048576,wide8,11,4,811395.750,33554432
dot,1048576,wide4,11,4,777083.500,33554432
dot,1048576,flock,11,4,931073.000,33554432
dot,1048576,wide2,11,4,756073.000,33554432
dot,1048576,wide1,11,4,726427.000,33554432
dot,1048576,scalar_lanes,11,4,905541.500,33554432
dot,1048576,scalar_lanes,12,4,915416.750,33554432
dot,1048576,wide1,12,4,773687.500,33554432
dot,1048576,shared,12,4,891250.000,33554432
dot,1048576,wide8,12,4,778771.000,33554432
dot,1048576,wide4,12,4,738458.500,33554432
dot,1048576,wide16,12,4,1105385.500,33554432
dot,1048576,vec2,12,4,1794645.750,33554432
dot,1048576,wide2,12,4,719989.750,33554432
dot,1048576,flock,12,4,936875.000,33554432
dot,1048576,wide1,13,4,722708.250,33554432
dot,1048576,wide4,13,4,769604.250,33554432
dot,1048576,flock,13,4,914250.000,33554432
dot,1048576,wide8,13,4,780552.250,33554432
dot,1048576,wide2,13,4,724864.500,33554432
dot,1048576,shared,13,4,946489.500,33554432
dot,1048576,scalar_lanes,13,4,940895.750,33554432
dot,1048576,wide16,13,4,1136791.750,33554432
dot,1048576,vec2,13,4,1788708.250,33554432
dot,1048576,wide16,14,4,1154291.500,33554432
dot,1048576,wide4,14,4,722489.750,33554432
dot,1048576,scalar_lanes,14,4,899323.000,33554432
dot,1048576,wide8,14,4,787021.000,33554432
dot,1048576,shared,14,4,883635.250,33554432
dot,1048576,flock,14,4,908812.500,33554432
dot,1048576,wide1,14,4,723989.500,33554432
dot,1048576,vec2,14,4,1776396.000,33554432
dot,1048576,wide2,14,4,721666.750,33554432
dot,1048576,wide1,15,4,723083.500,33554432
dot,1048576,vec2,15,4,1771770.750,33554432
dot,1048576,wide16,15,4,1114093.750,33554432
dot,1048576,wide2,15,4,732104.000,33554432
dot,1048576,wide4,15,4,734270.750,33554432
dot,1048576,flock,15,4,896187.500,33554432
dot,1048576,shared,15,4,889822.750,33554432
dot,1048576,scalar_lanes,15,4,887218.750,33554432
dot,1048576,wide8,15,4,761760.500,33554432
dot,1048576,wide16,16,4,1107156.250,33554432
dot,1048576,flock,16,4,892270.750,33554432
dot,1048576,shared,16,4,883573.000,33554432
dot,1048576,scalar_lanes,16,4,893739.750,33554432
dot,1048576,wide1,16,4,722135.500,33554432
dot,1048576,vec2,16,4,1765635.250,33554432
dot,1048576,wide4,16,4,724864.500,33554432
dot,1048576,wide8,16,4,763396.000,33554432
dot,1048576,wide2,16,4,728218.750,33554432
dot,1048576,vec2,17,4,1760729.250,33554432
dot,1048576,scalar_lanes,17,4,897521.000,33554432
dot,1048576,flock,17,4,887562.500,33554432
dot,1048576,wide8,17,4,767375.000,33554432
dot,1048576,wide16,17,4,1106885.500,33554432
dot,1048576,wide2,17,4,718896.000,33554432
dot,1048576,shared,17,4,886020.750,33554432
dot,1048576,wide4,17,4,721218.750,33554432
dot,1048576,wide1,17,4,723833.250,33554432
dot,1048576,scalar_lanes,18,4,892010.500,33554432
dot,1048576,wide4,18,4,721968.750,33554432
dot,1048576,wide8,18,4,776427.000,33554432
dot,1048576,shared,18,4,886822.750,33554432
dot,1048576,vec2,18,4,1761468.750,33554432
dot,1048576,wide2,18,4,720635.500,33554432
dot,1048576,flock,18,4,892187.500,33554432
dot,1048576,wide16,18,4,1108437.500,33554432
dot,1048576,wide1,18,4,725125.000,33554432
dot,1048576,shared,19,4,891198.000,33554432
dot,1048576,wide2,19,4,721187.500,33554432
dot,1048576,scalar_lanes,19,4,885802.000,33554432
dot,1048576,wide16,19,4,1110572.750,33554432
dot,1048576,flock,19,4,886916.500,33554432
dot,1048576,vec2,19,4,1766208.250,33554432
dot,1048576,wide1,19,4,724781.250,33554432
dot,1048576,wide8,19,4,764229.250,33554432
dot,1048576,wide4,19,4,724875.000,33554432
dot,1048576,scalar_lanes,20,4,883896.000,33554432
dot,1048576,wide8,20,4,763104.000,33554432
dot,1048576,wide4,20,4,728552.000,33554432
dot,1048576,flock,20,4,889927.000,33554432
dot,1048576,vec2,20,4,1761937.500,33554432
dot,1048576,shared,20,4,891781.250,33554432
dot,1048576,wide1,20,4,719427.000,33554432
dot,1048576,wide2,20,4,724000.000,33554432
dot,1048576,wide16,20,4,1107750.000,33554432
dot,1048576,wide8,21,4,765625.000,33554432
dot,1048576,scalar_lanes,21,4,891489.750,33554432
dot,1048576,wide2,21,4,720927.000,33554432
dot,1048576,wide4,21,4,723218.750,33554432
dot,1048576,wide1,21,4,727531.250,33554432
dot,1048576,flock,21,4,885948.000,33554432
dot,1048576,shared,21,4,897802.000,33554432
dot,1048576,wide16,21,4,1105802.000,33554432
dot,1048576,vec2,21,4,1763406.250,33554432
dot,1048576,flock,22,4,887656.250,33554432
dot,1048576,wide8,22,4,761822.750,33554432
dot,1048576,scalar_lanes,22,4,887781.250,33554432
dot,1048576,wide16,22,4,1107791.750,33554432
dot,1048576,vec2,22,4,1765479.250,33554432
dot,1048576,wide4,22,4,722166.500,33554432
dot,1048576,wide1,22,4,723031.250,33554432
dot,1048576,shared,22,4,895541.750,33554432
dot,1048576,wide2,22,4,720416.500,33554432
dot,1048576,wide16,23,4,1111166.500,33554432
dot,1048576,scalar_lanes,23,4,889916.750,33554432
dot,1048576,wide1,23,4,728395.750,33554432
dot,1048576,wide2,23,4,726583.250,33554432
dot,1048576,wide4,23,4,718927.250,33554432
dot,1048576,vec2,23,4,1773770.750,33554432
dot,1048576,shared,23,4,892812.500,33554432
dot,1048576,flock,23,4,897593.750,33554432
dot,1048576,wide8,23,4,765458.250,33554432
dot,1048576,shared,24,4,888260.250,33554432
dot,1048576,wide16,24,4,1108562.500,33554432
dot,1048576,wide2,24,4,721896.000,33554432
dot,1048576,wide8,24,4,770364.750,33554432
dot,1048576,wide4,24,4,719708.250,33554432
dot,1048576,scalar_lanes,24,4,889218.750,33554432
dot,1048576,flock,24,4,892322.750,33554432
dot,1048576,vec2,24,4,1762916.750,33554432
dot,1048576,wide1,24,4,723937.500,33554432
dot,1048576,wide8,25,4,764614.750,33554432
dot,1048576,wide2,25,4,728073.000,33554432
dot,1048576,wide4,25,4,724656.250,33554432
dot,1048576,vec2,25,4,1762427.250,33554432
dot,1048576,scalar_lanes,25,4,890208.250,33554432
dot,1048576,wide16,25,4,1118541.500,33554432
dot,1048576,flock,25,4,891666.500,33554432
dot,1048576,shared,25,4,891000.000,33554432
dot,1048576,wide1,25,4,719708.250,33554432
dot,1048576,scalar_lanes,26,4,891062.500,33554432
dot,1048576,wide16,26,4,1109302.000,33554432
dot,1048576,flock,26,4,889854.250,33554432
dot,1048576,vec2,26,4,1765146.000,33554432
dot,1048576,shared,26,4,891750.000,33554432
dot,1048576,wide8,26,4,769864.500,33554432
dot,1048576,wide1,26,4,728448.000,33554432
dot,1048576,wide4,26,4,721812.500,33554432
dot,1048576,wide2,26,4,722812.500,33554432
dot,1048576,shared,27,4,892968.750,33554432
dot,1048576,wide8,27,4,760385.250,33554432
dot,1048576,wide4,27,4,723135.500,33554432
dot,1048576,flock,27,4,889229.250,33554432
dot,1048576,scalar_lanes,27,4,884614.750,33554432
dot,1048576,wide2,27,4,728521.000,33554432
dot,1048576,vec2,27,4,1761823.000,33554432
dot,1048576,wide1,27,4,728302.000,33554432
dot,1048576,wide16,27,4,1108479.250,33554432
dot,1048576,flock,28,4,891416.750,33554432
dot,1048576,scalar_lanes,28,4,887020.750,33554432
dot,1048576,shared,28,4,889333.250,33554432
dot,1048576,wide8,28,4,765312.500,33554432
dot,1048576,vec2,28,4,1759896.000,33554432
dot,1048576,wide16,28,4,1105052.000,33554432
dot,1048576,wide1,28,4,731864.500,33554432
dot,1048576,wide2,28,4,720468.750,33554432
dot,1048576,wide4,28,4,726979.250,33554432
dot,1048576,wide1,29,4,723156.250,33554432
dot,1048576,flock,29,4,888479.250,33554432
dot,1048576,scalar_lanes,29,4,897302.000,33554432
dot,1048576,wide8,29,4,763770.750,33554432
dot,1048576,wide4,29,4,720521.000,33554432
dot,1048576,shared,29,4,896312.500,33554432
dot,1048576,wide2,29,4,719395.750,33554432
dot,1048576,vec2,29,4,1763364.500,33554432
dot,1048576,wide16,29,4,1111604.000,33554432
dot,1048576,wide16,30,4,1106604.250,33554432
dot,1048576,wide2,30,4,720520.750,33554432
dot,1048576,flock,30,4,901250.000,33554432
dot,1048576,wide1,30,4,723625.000,33554432
dot,1048576,wide8,30,4,779239.500,33554432
dot,1048576,vec2,30,4,1763729.250,33554432
dot,1048576,scalar_lanes,30,4,894854.250,33554432
dot,1048576,wide4,30,4,718687.500,33554432
dot,1048576,shared,30,4,896458.250,33554432
dot,1048576,shared,31,4,881364.750,33554432
dot,1048576,wide16,31,4,1119416.500,33554432
dot,1048576,wide4,31,4,730458.250,33554432
dot,1048576,wide1,31,4,720333.250,33554432
dot,1048576,wide2,31,4,726145.750,33554432
dot,1048576,flock,31,4,892302.000,33554432
dot,1048576,scalar_lanes,31,4,888802.250,33554432
dot,1048576,wide8,31,4,761135.250,33554432
dot,1048576,vec2,31,4,1767635.250,33554432
products,1048576,flock,0,4,905968.750,50331648
products,1048576,shared_unroll8,0,4,960021.000,50331648
products,1048576,shared,0,4,974052.000,50331648
products,1048576,scalar_lanes,0,4,893093.750,50331648
products,1048576,karatsuba_barrett,0,4,1721239.500,50331648
products,1048576,shared_unroll2,0,4,949208.250,50331648
products,1048576,shared_unroll4,0,4,954218.750,50331648
products,1048576,karatsuba,0,4,3189156.250,50331648
products,1048576,schoolbook,0,4,2705729.000,50331648
products,1048576,shared_unroll4,1,4,951468.750,50331648
products,1048576,schoolbook,1,4,2697843.750,50331648
products,1048576,shared_unroll2,1,4,952520.750,50331648
products,1048576,shared,1,4,954854.000,50331648
products,1048576,shared_unroll8,1,4,1008510.250,50331648
products,1048576,flock,1,4,895302.000,50331648
products,1048576,karatsuba,1,4,3187625.000,50331648
products,1048576,karatsuba_barrett,1,4,1727166.750,50331648
products,1048576,scalar_lanes,1,4,889916.750,50331648
products,1048576,shared,2,4,967343.750,50331648
products,1048576,karatsuba,2,4,3168906.250,50331648
products,1048576,shared_unroll4,2,4,957718.750,50331648
products,1048576,scalar_lanes,2,4,903427.000,50331648
products,1048576,shared_unroll2,2,4,970281.250,50331648
products,1048576,karatsuba_barrett,2,4,1709239.500,50331648
products,1048576,shared_unroll8,2,4,977364.500,50331648
products,1048576,schoolbook,2,4,2717270.750,50331648
products,1048576,flock,2,4,901395.750,50331648
products,1048576,scalar_lanes,3,4,913198.000,50331648
products,1048576,karatsuba,3,4,3188520.750,50331648
products,1048576,shared_unroll8,3,4,961937.500,50331648
products,1048576,shared_unroll4,3,4,956197.750,50331648
products,1048576,karatsuba_barrett,3,4,1702395.750,50331648
products,1048576,shared_unroll2,3,4,963968.750,50331648
products,1048576,shared,3,4,948698.000,50331648
products,1048576,schoolbook,3,4,2712572.750,50331648
products,1048576,flock,3,4,908698.000,50331648
products,1048576,shared_unroll8,4,4,946906.250,50331648
products,1048576,schoolbook,4,4,2709343.750,50331648
products,1048576,karatsuba,4,4,3167885.500,50331648
products,1048576,flock,4,4,895312.500,50331648
products,1048576,shared,4,4,955916.500,50331648
products,1048576,scalar_lanes,4,4,912156.250,50331648
products,1048576,shared_unroll2,4,4,954739.500,50331648
products,1048576,shared_unroll4,4,4,950458.250,50331648
products,1048576,karatsuba_barrett,4,4,1728437.500,50331648
products,1048576,flock,5,4,905114.500,50331648
products,1048576,karatsuba_barrett,5,4,1708125.000,50331648
products,1048576,shared_unroll8,5,4,958781.250,50331648
products,1048576,shared_unroll4,5,4,951083.250,50331648
products,1048576,karatsuba,5,4,3175979.250,50331648
products,1048576,shared,5,4,969875.000,50331648
products,1048576,scalar_lanes,5,4,919177.000,50331648
products,1048576,schoolbook,5,4,2725531.250,50331648
products,1048576,shared_unroll2,5,4,964271.000,50331648
products,1048576,shared_unroll4,6,4,974708.250,50331648
products,1048576,shared_unroll8,6,4,985302.000,50331648
products,1048576,shared,6,4,969187.500,50331648
products,1048576,scalar_lanes,6,4,912739.750,50331648
products,1048576,schoolbook,6,4,2716208.500,50331648
products,1048576,karatsuba_barrett,6,4,1750145.750,50331648
products,1048576,flock,6,4,899291.750,50331648
products,1048576,karatsuba,6,4,3171052.000,50331648
products,1048576,shared_unroll2,6,4,970552.000,50331648
products,1048576,schoolbook,7,4,2726146.000,50331648
products,1048576,shared_unroll2,7,4,966145.750,50331648
products,1048576,shared_unroll4,7,4,949875.000,50331648
products,1048576,karatsuba_barrett,7,4,1715239.500,50331648
products,1048576,shared_unroll8,7,4,988187.500,50331648
products,1048576,shared,7,4,949062.500,50331648
products,1048576,flock,7,4,907260.500,50331648
products,1048576,scalar_lanes,7,4,902843.750,50331648
products,1048576,karatsuba,7,4,3178697.750,50331648
products,1048576,schoolbook,8,4,2719458.250,50331648
products,1048576,shared_unroll4,8,4,948489.500,50331648
products,1048576,shared,8,4,987729.250,50331648
products,1048576,flock,8,4,901614.500,50331648
products,1048576,karatsuba,8,4,3182739.500,50331648
products,1048576,shared_unroll8,8,4,949625.000,50331648
products,1048576,scalar_lanes,8,4,899583.250,50331648
products,1048576,karatsuba_barrett,8,4,1705583.250,50331648
products,1048576,shared_unroll2,8,4,980614.500,50331648
products,1048576,scalar_lanes,9,4,910104.000,50331648
products,1048576,shared,9,4,981854.250,50331648
products,1048576,schoolbook,9,4,2722979.250,50331648
products,1048576,shared_unroll8,9,4,966114.500,50331648
products,1048576,shared_unroll4,9,4,953343.750,50331648
products,1048576,karatsuba_barrett,9,4,1725187.500,50331648
products,1048576,karatsuba,9,4,3182916.750,50331648
products,1048576,shared_unroll2,9,4,975198.000,50331648
products,1048576,flock,9,4,910416.500,50331648
products,1048576,shared_unroll8,10,4,960573.000,50331648
products,1048576,shared,10,4,946416.750,50331648
products,1048576,karatsuba_barrett,10,4,1724218.750,50331648
products,1048576,shared_unroll2,10,4,1060771.000,50331648
products,1048576,schoolbook,10,4,2845770.750,50331648
products,1048576,karatsuba,10,4,3178166.750,50331648
products,1048576,scalar_lanes,10,4,911354.250,50331648
products,1048576,flock,10,4,895791.750,50331648
products,1048576,shared_unroll4,10,4,974437.500,50331648
products,1048576,scalar_lanes,11,4,892989.500,50331648
products,1048576,shared,11,4,964000.000,50331648
products,1048576,karatsuba,11,4,3167031.250,50331648
products,1048576,karatsuba_barrett,11,4,1736354.000,50331648
products,1048576,shared_unroll2,11,4,963968.750,50331648
products,1048576,shared_unroll4,11,4,990146.000,50331648
products,1048576,shared_unroll8,11,4,1069427.250,50331648
products,1048576,schoolbook,11,4,2725146.000,50331648
products,1048576,flock,11,4,899552.000,50331648
products,1048576,flock,12,4,908823.000,50331648
products,1048576,karatsuba,12,4,3150395.750,50331648
products,1048576,shared_unroll8,12,4,955323.000,50331648
products,1048576,shared_unroll4,12,4,977031.250,50331648
products,1048576,shared_unroll2,12,4,994218.750,50331648
products,1048576,scalar_lanes,12,4,906135.250,50331648
products,1048576,shared,12,4,949979.000,50331648
products,1048576,karatsuba_barrett,12,4,1713625.000,50331648
products,1048576,schoolbook,12,4,2747906.250,50331648
products,1048576,shared_unroll8,13,4,969270.750,50331648
products,1048576,scalar_lanes,13,4,894729.000,50331648
products,1048576,shared_unroll2,13,4,960760.500,50331648
products,1048576,shared_unroll4,13,4,1056531.250,50331648
products,1048576,karatsuba_barrett,13,4,1710823.000,50331648
products,1048576,shared,13,4,964354.250,50331648
products,1048576,schoolbook,13,4,2709312.500,50331648
products,1048576,flock,13,4,915677.000,50331648
products,1048576,karatsuba,13,4,3178770.750,50331648
products,1048576,karatsuba,14,4,3182281.250,50331648
products,1048576,shared_unroll4,14,4,948666.750,50331648
products,1048576,shared_unroll2,14,4,949041.500,50331648
products,1048576,karatsuba_barrett,14,4,1702135.500,50331648
products,1048576,shared,14,4,957739.500,50331648
products,1048576,schoolbook,14,4,2711104.250,50331648
products,1048576,shared_unroll8,14,4,957104.250,50331648
products,1048576,flock,14,4,910323.000,50331648
products,1048576,scalar_lanes,14,4,900093.750,50331648
products,1048576,karatsuba,15,4,3158989.750,50331648
products,1048576,schoolbook,15,4,2720625.000,50331648
products,1048576,flock,15,4,905187.500,50331648
products,1048576,scalar_lanes,15,4,904375.000,50331648
products,1048576,shared_unroll8,15,4,958479.000,50331648
products,1048576,shared_unroll4,15,4,970718.750,50331648
products,1048576,shared_unroll2,15,4,968593.750,50331648
products,1048576,karatsuba_barrett,15,4,1721781.250,50331648
products,1048576,shared,15,4,961812.500,50331648
products,1048576,flock,16,4,897416.750,50331648
products,1048576,shared_unroll8,16,4,958958.250,50331648
products,1048576,shared_unroll4,16,4,956968.750,50331648
products,1048576,karatsuba_barrett,16,4,1708666.750,50331648
products,1048576,shared_unroll2,16,4,958771.000,50331648
products,1048576,karatsuba,16,4,3175427.000,50331648
products,1048576,schoolbook,16,4,2719750.000,50331648
products,1048576,scalar_lanes,16,4,905229.250,50331648
products,1048576,shared,16,4,960291.750,50331648
products,1048576,scalar_lanes,17,4,906833.500,50331648
products,1048576,flock,17,4,893958.250,50331648
products,1048576,shared_unroll8,17,4,958614.500,50331648
products,1048576,karatsuba_barrett,17,4,1715812.500,50331648
products,1048576,shared_unroll2,17,4,950896.000,50331648
products,1048576,karatsuba,17,4,3176895.750,50331648
products,1048576,shared,17,4,979489.500,50331648
products,1048576,schoolbook,17,4,2727552.250,50331648
products,1048576,shared_unroll4,17,4,965958.500,50331648
products,1048576,shared_unroll4,18,4,953375.000,50331648
products,1048576,scalar_lanes,18,4,900604.250,50331648
products,1048576,karatsuba_barrett,18,4,1719041.750,50331648
products,1048576,shared_unroll8,18,4,974229.000,50331648
products,1048576,schoolbook,18,4,2703750.000,50331648
products,1048576,shared,18,4,953218.750,50331648
products,1048576,flock,18,4,915823.000,50331648
products,1048576,shared_unroll2,18,4,948437.500,50331648
products,1048576,karatsuba,18,4,3181427.250,50331648
products,1048576,flock,19,4,896000.000,50331648
products,1048576,shared_unroll4,19,4,961458.250,50331648
products,1048576,karatsuba,19,4,3169000.000,50331648
products,1048576,shared,19,4,965854.250,50331648
products,1048576,karatsuba_barrett,19,4,1703708.250,50331648
products,1048576,shared_unroll2,19,4,959968.750,50331648
products,1048576,schoolbook,19,4,2736468.750,50331648
products,1048576,scalar_lanes,19,4,903166.750,50331648
products,1048576,shared_unroll8,19,4,951406.250,50331648
products,1048576,shared_unroll8,20,4,970677.250,50331648
products,1048576,karatsuba,20,4,3178427.000,50331648
products,1048576,shared,20,4,957562.500,50331648
products,1048576,schoolbook,20,4,2728896.000,50331648
products,1048576,karatsuba_barrett,20,4,1704489.500,50331648
products,1048576,shared_unroll2,20,4,950979.250,50331648
products,1048576,scalar_lanes,20,4,914968.750,50331648
products,1048576,shared_unroll4,20,4,964739.500,50331648
products,1048576,flock,20,4,908083.500,50331648
products,1048576,shared_unroll2,21,4,964166.750,50331648
products,1048576,karatsuba_barrett,21,4,1717354.250,50331648
products,1048576,shared_unroll4,21,4,952531.250,50331648
products,1048576,scalar_lanes,21,4,903062.500,50331648
products,1048576,shared_unroll8,21,4,956291.500,50331648
products,1048576,shared,21,4,951385.250,50331648
products,1048576,flock,21,4,895572.750,50331648
products,1048576,karatsuba,21,4,3167770.750,50331648
products,1048576,schoolbook,21,4,2710781.250,50331648
products,1048576,flock,22,4,1046854.250,50331648
products,1048576,shared_unroll8,22,4,1002739.500,50331648
products,1048576,shared_unroll2,22,4,962625.000,50331648
products,1048576,scalar_lanes,22,4,934427.000,50331648
products,1048576,karatsuba,22,4,3173291.750,50331648
products,1048576,shared_unroll4,22,4,980062.500,50331648
products,1048576,shared,22,4,952875.000,50331648
products,1048576,schoolbook,22,4,2742614.500,50331648
products,1048576,karatsuba_barrett,22,4,1714854.250,50331648
products,1048576,shared_unroll4,23,4,950646.000,50331648
products,1048576,karatsuba,23,4,3188093.750,50331648
products,1048576,shared_unroll8,23,4,1004177.000,50331648
products,1048576,flock,23,4,934437.500,50331648
products,1048576,schoolbook,23,4,2769708.500,50331648
products,1048576,shared_unroll2,23,4,989000.000,50331648
products,1048576,shared,23,4,986760.500,50331648
products,1048576,scalar_lanes,23,4,918208.250,50331648
products,1048576,karatsuba_barrett,23,4,1710573.000,50331648
products,1048576,shared,24,4,957447.750,50331648
products,1048576,flock,24,4,937583.250,50331648
products,1048576,karatsuba_barrett,24,4,1708916.750,50331648
products,1048576,karatsuba,24,4,3158895.750,50331648
products,1048576,schoolbook,24,4,2701791.750,50331648
products,1048576,shared_unroll4,24,4,951635.500,50331648
products,1048576,scalar_lanes,24,4,898052.250,50331648
products,1048576,shared_unroll8,24,4,980427.250,50331648
products,1048576,shared_unroll2,24,4,952260.500,50331648
products,1048576,shared,25,4,977729.000,50331648
products,1048576,scalar_lanes,25,4,888802.000,50331648
products,1048576,flock,25,4,898875.000,50331648
products,1048576,shared_unroll8,25,4,952833.250,50331648
products,1048576,karatsuba,25,4,3174062.500,50331648
products,1048576,shared_unroll4,25,4,950416.750,50331648
products,1048576,shared_unroll2,25,4,959729.250,50331648
products,1048576,schoolbook,25,4,2725656.250,50331648
products,1048576,karatsuba_barrett,25,4,1713645.750,50331648
products,1048576,scalar_lanes,26,4,909239.500,50331648
products,1048576,shared_unroll4,26,4,970145.750,50331648
products,1048576,flock,26,4,906708.250,50331648
products,1048576,shared,26,4,967312.500,50331648
products,1048576,shared_unroll2,26,4,952948.000,50331648
products,1048576,shared_unroll8,26,4,966885.250,50331648
products,1048576,karatsuba,26,4,3180948.000,50331648
products,1048576,schoolbook,26,4,2746552.250,50331648
products,1048576,karatsuba_barrett,26,4,1706531.250,50331648
products,1048576,flock,27,4,907958.250,50331648
products,1048576,karatsuba,27,4,3183635.250,50331648
products,1048576,karatsuba_barrett,27,4,1709895.750,50331648
products,1048576,shared_unroll8,27,4,950198.000,50331648
products,1048576,scalar_lanes,27,4,907968.750,50331648
products,1048576,shared_unroll4,27,4,963354.000,50331648
products,1048576,shared_unroll2,27,4,965156.250,50331648
products,1048576,schoolbook,27,4,2714385.250,50331648
products,1048576,shared,27,4,967218.750,50331648
products,1048576,shared_unroll2,28,4,953593.750,50331648
products,1048576,shared,28,4,964500.000,50331648
products,1048576,shared_unroll4,28,4,950802.000,50331648
products,1048576,schoolbook,28,4,2711458.250,50331648
products,1048576,karatsuba_barrett,28,4,1701645.750,50331648
products,1048576,flock,28,4,926156.250,50331648
products,1048576,scalar_lanes,28,4,894468.750,50331648
products,1048576,shared_unroll8,28,4,955729.000,50331648
products,1048576,karatsuba,28,4,3191833.500,50331648
products,1048576,flock,29,4,899323.000,50331648
products,1048576,shared_unroll2,29,4,955229.000,50331648
products,1048576,shared,29,4,955989.500,50331648
products,1048576,karatsuba_barrett,29,4,1724447.750,50331648
products,1048576,shared_unroll4,29,4,974323.000,50331648
products,1048576,shared_unroll8,29,4,953864.750,50331648
products,1048576,schoolbook,29,4,2717520.750,50331648
products,1048576,scalar_lanes,29,4,901333.500,50331648
products,1048576,karatsuba,29,4,3173302.250,50331648
products,1048576,schoolbook,30,4,2701468.750,50331648
products,1048576,shared_unroll4,30,4,956916.750,50331648
products,1048576,shared_unroll2,30,4,960468.750,50331648
products,1048576,shared,30,4,958229.000,50331648
products,1048576,karatsuba,30,4,3158270.750,50331648
products,1048576,karatsuba_barrett,30,4,1710052.000,50331648
products,1048576,flock,30,4,901395.750,50331648
products,1048576,shared_unroll8,30,4,947375.000,50331648
products,1048576,scalar_lanes,30,4,906177.000,50331648
products,1048576,schoolbook,31,4,2704708.250,50331648
products,1048576,karatsuba_barrett,31,4,1698395.750,50331648
products,1048576,shared,31,4,951322.750,50331648
products,1048576,flock,31,4,894271.000,50331648
products,1048576,shared_unroll4,31,4,955271.000,50331648
products,1048576,scalar_lanes,31,4,904718.750,50331648
products,1048576,karatsuba,31,4,3158645.750,50331648
products,1048576,shared_unroll2,31,4,959562.500,50331648
products,1048576,shared_unroll8,31,4,951927.250,50331648
chain,1024,karatsuba_barrett,0,512,10062.500,16384
chain,1024,shared,0,512,8103.352,16384
chain,1024,karatsuba,0,512,8982.666,16384
chain,1024,scalar_lanes,0,512,8101.074,16384
chain,1024,schoolbook,0,512,10339.926,16384
chain,1024,flock,0,512,8070.068,16384
chain,1024,karatsuba_barrett,1,512,9867.920,16384
chain,1024,shared,1,512,7958.252,16384
chain,1024,scalar_lanes,1,512,7959.717,16384
chain,1024,schoolbook,1,512,10125.895,16384
chain,1024,flock,1,512,8056.479,16384
chain,1024,karatsuba,1,512,8837.646,16384
chain,1024,scalar_lanes,2,512,7968.342,16384
chain,1024,flock,2,512,8061.361,16384
chain,1024,karatsuba_barrett,2,512,9896.402,16384
chain,1024,shared,2,512,7956.299,16384
chain,1024,karatsuba,2,512,8804.117,16384
chain,1024,schoolbook,2,512,10156.820,16384
chain,1024,karatsuba,3,512,8836.264,16384
chain,1024,shared,3,512,7972.656,16384
chain,1024,flock,3,512,8074.625,16384
chain,1024,schoolbook,3,512,10186.359,16384
chain,1024,scalar_lanes,3,512,7972.006,16384
chain,1024,karatsuba_barrett,3,512,9864.990,16384
chain,1024,karatsuba,4,512,8840.982,16384
chain,1024,flock,4,512,8076.254,16384
chain,1024,shared,4,512,7960.693,16384
chain,1024,karatsuba_barrett,4,512,9883.219,16384
chain,1024,scalar_lanes,4,512,7986.979,16384
chain,1024,schoolbook,4,512,10131.430,16384
chain,1024,karatsuba,5,512,8817.139,16384
chain,1024,schoolbook,5,512,10168.863,16384
chain,1024,flock,5,512,8098.227,16384
chain,1024,karatsuba_barrett,5,512,9923.746,16384
chain,1024,scalar_lanes,5,512,8093.018,16384
chain,1024,shared,5,512,8291.098,16384
chain,1024,schoolbook,6,512,10359.539,16384
chain,1024,flock,6,512,8344.238,16384
chain,1024,karatsuba_barrett,6,512,9915.039,16384
chain,1024,shared,6,512,8044.027,16384
chain,1024,scalar_lanes,6,512,8165.609,16384
chain,1024,karatsuba,6,512,8948.730,16384
chain,1024,karatsuba_barrett,7,512,9884.684,16384
chain,1024,flock,7,512,8053.873,16384
chain,1024,scalar_lanes,7,512,7971.762,16384
chain,1024,schoolbook,7,512,10164.713,16384
chain,1024,shared,7,512,8020.590,16384
chain,1024,karatsuba,7,512,8835.611,16384
chain,1024,shared,8,512,8014.240,16384
chain,1024,karatsuba_barrett,8,512,9948.648,16384
chain,1024,flock,8,512,8141.357,16384
chain,1024,schoolbook,8,512,10207.357,16384
chain,1024,karatsuba,8,512,8848.959,16384
chain,1024,scalar_lanes,8,512,7967.205,16384
chain,1024,flock,9,512,8251.789,16384
chain,1024,schoolbook,9,512,10378.336,16384
chain,1024,shared,9,512,7996.256,16384
chain,1024,karatsuba,9,512,9045.166,16384
chain,1024,karatsuba_barrett,9,512,9935.709,16384
chain,1024,scalar_lanes,9,512,8028.482,16384
chain,1024,scalar_lanes,10,512,7999.512,16384
chain,1024,karatsuba_barrett,10,512,9949.381,16384
chain,1024,schoolbook,10,512,10287.760,16384
chain,1024,shared,10,512,7948.078,16384
chain,1024,flock,10,512,8110.514,16384
chain,1024,karatsuba,10,512,8880.047,16384
chain,1024,shared,11,512,8031.656,16384
chain,1024,scalar_lanes,11,512,8012.371,16384
chain,1024,schoolbook,11,512,10351.074,16384
chain,1024,karatsuba,11,512,8842.691,16384
chain,1024,flock,11,512,8128.662,16384
chain,1024,karatsuba_barrett,11,512,9891.113,16384
chain,1024,scalar_lanes,12,512,8044.922,16384
chain,1024,karatsuba,12,512,8843.914,16384
chain,1024,shared,12,512,8052.002,16384
chain,1024,flock,12,512,8049.072,16384
chain,1024,karatsuba_barrett,12,512,9981.445,16384
chain,1024,schoolbook,12,512,10367.920,16384
chain,1024,shared,13,512,7984.375,16384
chain,1024,karatsuba_barrett,13,512,9980.875,16384
chain,1024,scalar_lanes,13,512,7997.559,16384
chain,1024,flock,13,512,8141.684,16384
chain,1024,karatsuba,13,512,8862.631,16384
chain,1024,schoolbook,13,512,10207.602,16384
chain,1024,schoolbook,14,512,10233.072,16384
chain,1024,karatsuba_barrett,14,512,9906.656,16384
chain,1024,shared,14,512,7995.035,16384
chain,1024,scalar_lanes,14,512,7956.705,16384
chain,1024,karatsuba,14,512,9046.875,16384
chain,1024,flock,14,512,8110.840,16384
chain,1024,schoolbook,15,512,10190.754,16384
chain,1024,shared,15,512,7982.016,16384
chain,1024,karatsuba,15,512,8926.920,16384
chain,1024,flock,15,512,8247.070,16384
chain,1024,karatsuba_barrett,15,512,10412.598,16384
chain,1024,scalar_lanes,15,512,8274.088,16384
chain,1024,flock,16,512,8061.850,16384
chain,1024,schoolbook,16,512,10191.570,16384
chain,1024,scalar_lanes,16,512,7975.586,16384
chain,1024,shared,16,512,8227.295,16384
chain,1024,karatsuba,16,512,8805.256,16384
chain,1024,karatsuba_barrett,16,512,9900.391,16384
chain,1024,flock,17,512,8060.709,16384
chain,1024,shared,17,512,8193.439,16384
chain,1024,scalar_lanes,17,512,8022.787,16384
chain,1024,schoolbook,17,512,10195.312,16384
chain,1024,karatsuba,17,512,8940.592,16384
chain,1024,karatsuba_barrett,17,512,9884.033,16384
chain,1024,flock,18,512,8325.928,16384
chain,1024,schoolbook,18,512,10149.576,16384
chain,1024,karatsuba,18,512,8847.818,16384
chain,1024,scalar_lanes,18,512,7977.945,16384
chain,1024,shared,18,512,7996.256,16384
chain,1024,karatsuba_barrett,18,512,9869.629,16384
chain,1024,flock,19,512,8168.701,16384
chain,1024,scalar_lanes,19,512,7964.600,16384
chain,1024,schoolbook,19,512,10428.141,16384
chain,1024,karatsuba_barrett,19,512,10313.232,16384
chain,1024,karatsuba,19,512,8833.496,16384
chain,1024,shared,19,512,8196.209,16384
chain,1024,scalar_lanes,20,512,7953.207,16384
chain,1024,karatsuba,20,512,8886.150,16384
chain,1024,karatsuba_barrett,20,512,9857.828,16384
chain,1024,flock,20,512,8319.256,16384
chain,1024,schoolbook,20,512,10211.346,16384
chain,1024,shared,20,512,7955.404,16384
chain,1024,shared,21,512,8054.199,16384
chain,1024,karatsuba_barrett,21,512,9865.641,16384
chain,1024,schoolbook,21,512,10228.924,16384
chain,1024,scalar_lanes,21,512,7972.086,16384
chain,1024,flock,21,512,8141.684,16384
chain,1024,karatsuba,21,512,8823.648,16384
chain,1024,karatsuba_barrett,22,512,10165.689,16384
chain,1024,flock,22,512,8046.469,16384
chain,1024,schoolbook,22,512,10391.846,16384
chain,1024,karatsuba,22,512,9109.863,16384
chain,1024,shared,22,512,7960.043,16384
chain,1024,scalar_lanes,22,512,8063.641,16384
chain,1024,karatsuba_barrett,23,512,9874.186,16384
chain,1024,scalar_lanes,23,512,8094.889,16384
chain,1024,karatsuba,23,512,8806.885,16384
chain,1024,schoolbook,23,512,10237.549,16384
chain,1024,shared,23,512,7963.949,16384
chain,1024,flock,23,512,8304.525,16384
chain,1024,karatsuba_barrett,24,512,9861.736,16384
chain,1024,karatsuba,24,512,8836.994,16384
chain,1024,flock,24,512,8082.113,16384
chain,1024,schoolbook,24,512,10170.084,16384
chain,1024,shared,24,512,8196.533,16384
chain,1024,scalar_lanes,24,512,8061.605,16384
chain,1024,schoolbook,25,512,10239.096,16384
chain,1024,karatsuba_barrett,25,512,10061.197,16384
chain,1024,flock,25,512,8152.506,16384
chain,1024,karatsuba,25,512,8818.279,16384
chain,1024,scalar_lanes,25,512,8048.176,16384
chain,1024,shared,25,512,7965.006,16384
chain,1024,karatsuba,26,512,9073.404,16384
chain,1024,karatsuba_barrett,26,512,9952.637,16384
chain,1024,flock,26,512,8090.008,16384
chain,1024,shared,26,512,8040.609,16384
chain,1024,scalar_lanes,26,512,7966.389,16384
chain,1024,schoolbook,26,512,10300.537,16384
chain,1024,karatsuba_barrett,27,512,9894.531,16384
chain,1024,schoolbook,27,512,10396.402,16384
chain,1024,scalar_lanes,27,512,7974.527,16384
chain,1024,flock,27,512,8344.564,16384
chain,1024,shared,27,512,7967.529,16384
chain,1024,karatsuba,27,512,9124.756,16384
chain,1024,karatsuba_barrett,28,512,9983.480,16384
chain,1024,scalar_lanes,28,512,8010.010,16384
chain,1024,flock,28,512,8142.090,16384
chain,1024,shared,28,512,7954.020,16384
chain,1024,karatsuba,28,512,8934.734,16384
chain,1024,schoolbook,28,512,10118.002,16384
chain,1024,scalar_lanes,29,512,8080.322,16384
chain,1024,schoolbook,29,512,10130.045,16384
chain,1024,shared,29,512,8212.564,16384
chain,1024,karatsuba,29,512,8859.455,16384
chain,1024,flock,29,512,8214.762,16384
chain,1024,karatsuba_barrett,29,512,10122.477,16384
chain,1024,schoolbook,30,512,10131.186,16384
chain,1024,karatsuba_barrett,30,512,9949.219,16384
chain,1024,flock,30,512,8063.477,16384
chain,1024,karatsuba,30,512,9125.977,16384
chain,1024,shared,30,512,7965.252,16384
chain,1024,scalar_lanes,30,512,8071.939,16384
chain,1024,karatsuba,31,512,8871.582,16384
chain,1024,flock,31,512,8133.383,16384
chain,1024,scalar_lanes,31,512,7999.268,16384
chain,1024,schoolbook,31,512,10285.971,16384
chain,1024,karatsuba_barrett,31,512,10106.281,16384
chain,1024,shared,31,512,7949.219,16384
ntt,log8_lanes1,prepared_twiddle,0,2048,2411.967,8192
ntt,log8_lanes1,reset_only,0,2048,147.156,8192
ntt,log8_lanes1,flock,0,2048,2542.318,8192
ntt,log8_lanes1,shared_twiddle,0,2048,2448.812,8192
ntt,log8_lanes1,shared_generic,0,2048,2288.473,8192
ntt,log8_lanes1,prepared_twiddle,1,2048,2323.527,8192
ntt,log8_lanes1,reset_only,1,2048,61.951,8192
ntt,log8_lanes1,shared_generic,1,2048,2257.080,8192
ntt,log8_lanes1,shared_twiddle,1,2048,2432.597,8192
ntt,log8_lanes1,flock,1,2048,2519.104,8192
ntt,log8_lanes1,shared_generic,2,2048,2309.794,8192
ntt,log8_lanes1,prepared_twiddle,2,2048,2365.132,8192
ntt,log8_lanes1,shared_twiddle,2,2048,2426.046,8192
ntt,log8_lanes1,reset_only,2,2048,56.437,8192
ntt,log8_lanes1,flock,2,2048,2553.569,8192
ntt,log8_lanes1,reset_only,3,2048,53.182,8192
ntt,log8_lanes1,prepared_twiddle,3,2048,2313.354,8192
ntt,log8_lanes1,shared_twiddle,3,2048,2400.126,8192
ntt,log8_lanes1,shared_generic,3,2048,2286.520,8192
ntt,log8_lanes1,flock,3,2048,2621.501,8192
ntt,log8_lanes1,prepared_twiddle,4,2048,2495.972,8192
ntt,log8_lanes1,shared_generic,4,2048,2349.447,8192
ntt,log8_lanes1,shared_twiddle,4,2048,2399.740,8192
ntt,log8_lanes1,flock,4,2048,2538.229,8192
ntt,log8_lanes1,reset_only,4,2048,55.746,8192
ntt,log8_lanes1,shared_generic,5,2048,2308.756,8192
ntt,log8_lanes1,flock,5,2048,2585.775,8192
ntt,log8_lanes1,prepared_twiddle,5,2048,2307.739,8192
ntt,log8_lanes1,shared_twiddle,5,2048,2477.315,8192
ntt,log8_lanes1,reset_only,5,2048,52.612,8192
ntt,log8_lanes1,reset_only,6,2048,52.511,8192
ntt,log8_lanes1,shared_generic,6,2048,2241.150,8192
ntt,log8_lanes1,prepared_twiddle,6,2048,2382.996,8192
ntt,log8_lanes1,flock,6,2048,2552.938,8192
ntt,log8_lanes1,shared_twiddle,6,2048,2444.153,8192
ntt,log8_lanes1,shared_generic,7,2048,2277.588,8192
ntt,log8_lanes1,flock,7,2048,2546.896,8192
ntt,log8_lanes1,prepared_twiddle,7,2048,2373.556,8192
ntt,log8_lanes1,reset_only,7,2048,52.755,8192
ntt,log8_lanes1,shared_twiddle,7,2048,2429.871,8192
ntt,log8_lanes1,reset_only,8,2048,52.470,8192
ntt,log8_lanes1,flock,8,2048,2502.686,8192
ntt,log8_lanes1,shared_generic,8,2048,2292.928,8192
ntt,log8_lanes1,shared_twiddle,8,2048,2355.753,8192
ntt,log8_lanes1,prepared_twiddle,8,2048,2291.850,8192
ntt,log8_lanes1,prepared_twiddle,9,2048,2325.134,8192
ntt,log8_lanes1,shared_twiddle,9,2048,2404.459,8192
ntt,log8_lanes1,flock,9,2048,2637.837,8192
ntt,log8_lanes1,shared_generic,9,2048,2229.492,8192
ntt,log8_lanes1,reset_only,9,2048,52.633,8192
ntt,log8_lanes1,flock,10,2048,2529.582,8192
ntt,log8_lanes1,shared_twiddle,10,2048,2368.144,8192
ntt,log8_lanes1,shared_generic,10,2048,2215.779,8192
ntt,log8_lanes1,prepared_twiddle,10,2048,2366.455,8192
ntt,log8_lanes1,reset_only,10,2048,52.612,8192
ntt,log8_lanes1,shared_generic,11,2048,2224.304,8192
ntt,log8_lanes1,reset_only,11,2048,52.836,8192
ntt,log8_lanes1,prepared_twiddle,11,2048,2334.879,8192
ntt,log8_lanes1,shared_twiddle,11,2048,2363.525,8192
ntt,log8_lanes1,flock,11,2048,2538.717,8192
ntt,log8_lanes1,shared_twiddle,12,2048,2442.464,8192
ntt,log8_lanes1,prepared_twiddle,12,2048,2333.659,8192
ntt,log8_lanes1,flock,12,2048,2530.823,8192
ntt,log8_lanes1,shared_generic,12,2048,2425.964,8192
ntt,log8_lanes1,reset_only,12,2048,55.379,8192
ntt,log8_lanes1,shared_twiddle,13,2048,2454.569,8192
ntt,log8_lanes1,prepared_twiddle,13,2048,2480.388,8192
ntt,log8_lanes1,shared_generic,13,2048,2247.314,8192
ntt,log8_lanes1,flock,13,2048,2700.439,8192
ntt,log8_lanes1,reset_only,13,2048,56.254,8192
ntt,log8_lanes1,prepared_twiddle,14,2048,2378.174,8192
ntt,log8_lanes1,reset_only,14,2048,142.069,8192
ntt,log8_lanes1,shared_generic,14,2048,2329.570,8192
ntt,log8_lanes1,flock,14,2048,2695.435,8192
ntt,log8_lanes1,shared_twiddle,14,2048,2435.974,8192
ntt,log8_lanes1,shared_twiddle,15,2048,2456.156,8192
ntt,log8_lanes1,reset_only,15,2048,54.932,8192
ntt,log8_lanes1,prepared_twiddle,15,2048,2396.383,8192
ntt,log8_lanes1,shared_generic,15,2048,2451.416,8192
ntt,log8_lanes1,flock,15,2048,2722.066,8192
ntt,log8_lanes1,reset_only,16,2048,53.528,8192
ntt,log8_lanes1,shared_generic,16,2048,2413.594,8192
ntt,log8_lanes1,prepared_twiddle,16,2048,2426.453,8192
ntt,log8_lanes1,flock,16,2048,2768.372,8192
ntt,log8_lanes1,shared_twiddle,16,2048,2498.088,8192
ntt,log8_lanes1,reset_only,17,2048,56.030,8192
ntt,log8_lanes1,shared_twiddle,17,2048,2556.905,8192
ntt,log8_lanes1,prepared_twiddle,17,2048,2509.562,8192
ntt,log8_lanes1,flock,17,2048,2610.616,8192
ntt,log8_lanes1,shared_generic,17,2048,2487.345,8192
ntt,log8_lanes1,reset_only,18,2048,58.553,8192
ntt,log8_lanes1,flock,18,2048,2723.836,8192
ntt,log8_lanes1,shared_generic,18,2048,2297.262,8192
ntt,log8_lanes1,prepared_twiddle,18,2048,2436.747,8192
ntt,log8_lanes1,shared_twiddle,18,2048,2487.630,8192
ntt,log8_lanes1,shared_twiddle,19,2048,2515.808,8192
ntt,log8_lanes1,shared_generic,19,2048,2276.103,8192
ntt,log8_lanes1,flock,19,2048,2543.498,8192
ntt,log8_lanes1,reset_only,19,2048,56.091,8192
ntt,log8_lanes1,prepared_twiddle,19,2048,2446.574,8192
ntt,log8_lanes1,flock,20,2048,2713.013,8192
ntt,log8_lanes1,shared_generic,20,2048,2423.157,8192
ntt,log8_lanes1,reset_only,20,2048,54.403,8192
ntt,log8_lanes1,shared_twiddle,20,2048,2467.692,8192
ntt,log8_lanes1,prepared_twiddle,20,2048,2368.978,8192
ntt,log8_lanes1,prepared_twiddle,21,2048,2309.326,8192
ntt,log8_lanes1,flock,21,2048,2632.304,8192
ntt,log8_lanes1,shared_twiddle,21,2048,2433.817,8192
ntt,log8_lanes1,shared_generic,21,2048,2419.820,8192
ntt,log8_lanes1,reset_only,21,2048,53.772,8192
ntt,log8_lanes1,shared_twiddle,22,2048,2409.058,8192
ntt,log8_lanes1,reset_only,22,2048,54.037,8192
ntt,log8_lanes1,flock,22,2048,2579.244,8192
ntt,log8_lanes1,shared_generic,22,2048,2281.982,8192
ntt,log8_lanes1,prepared_twiddle,22,2048,2392.029,8192
ntt,log8_lanes1,flock,23,2048,2668.070,8192
ntt,log8_lanes1,prepared_twiddle,23,2048,2310.181,8192
ntt,log8_lanes1,shared_generic,23,2048,2261.698,8192
ntt,log8_lanes1,shared_twiddle,23,2048,2383.932,8192
ntt,log8_lanes1,reset_only,23,2048,53.609,8192
ntt,log8_lanes1,reset_only,24,2048,62.337,8192
ntt,log8_lanes1,flock,24,2048,2578.450,8192
ntt,log8_lanes1,shared_twiddle,24,2048,2450.256,8192
ntt,log8_lanes1,prepared_twiddle,24,2048,2296.062,8192
ntt,log8_lanes1,shared_generic,24,2048,2241.923,8192
ntt,log8_lanes1,prepared_twiddle,25,2048,2312.724,8192
ntt,log8_lanes1,shared_generic,25,2048,2354.980,8192
ntt,log8_lanes1,shared_twiddle,25,2048,2391.602,8192
ntt,log8_lanes1,reset_only,25,2048,52.531,8192
ntt,log8_lanes1,flock,25,2048,2510.376,8192
ntt,log8_lanes1,reset_only,26,2048,52.693,8192
ntt,log8_lanes1,flock,26,2048,2512.370,8192
ntt,log8_lanes1,prepared_twiddle,26,2048,2351.135,8192
ntt,log8_lanes1,shared_twiddle,26,2048,2403.809,8192
ntt,log8_lanes1,shared_generic,26,2048,2275.452,8192
ntt,log8_lanes1,shared_generic,27,2048,2230.103,8192
ntt,log8_lanes1,reset_only,27,2048,52.897,8192
ntt,log8_lanes1,shared_twiddle,27,2048,2452.006,8192
ntt,log8_lanes1,flock,27,2048,2515.117,8192
ntt,log8_lanes1,prepared_twiddle,27,2048,2376.160,8192
ntt,log8_lanes1,shared_twiddle,28,2048,2402.405,8192
ntt,log8_lanes1,flock,28,2048,2499.064,8192
ntt,log8_lanes1,reset_only,28,2048,53.304,8192
ntt,log8_lanes1,shared_generic,28,2048,2318.888,8192
ntt,log8_lanes1,prepared_twiddle,28,2048,2302.002,8192
ntt,log8_lanes1,shared_twiddle,29,2048,2400.879,8192
ntt,log8_lanes1,flock,29,2048,2562.744,8192
ntt,log8_lanes1,reset_only,29,2048,52.429,8192
ntt,log8_lanes1,prepared_twiddle,29,2048,2313.070,8192
ntt,log8_lanes1,shared_generic,29,2048,2272.542,8192
ntt,log8_lanes1,shared_twiddle,30,2048,2376.872,8192
ntt,log8_lanes1,shared_generic,30,2048,2240.193,8192
ntt,log8_lanes1,reset_only,30,2048,53.935,8192
ntt,log8_lanes1,prepared_twiddle,30,2048,2311.707,8192
ntt,log8_lanes1,flock,30,2048,2507.629,8192
ntt,log8_lanes1,flock,31,2048,2528.910,8192
ntt,log8_lanes1,reset_only,31,2048,53.467,8192
ntt,log8_lanes1,shared_generic,31,2048,2260.559,8192
ntt,log8_lanes1,shared_twiddle,31,2048,2397.400,8192
ntt,log8_lanes1,prepared_twiddle,31,2048,2310.343,8192
ntt,log8_lanes32,flock,0,128,45446.289,262144
ntt,log8_lanes32,shared_generic,0,128,43168.617,262144
ntt,log8_lanes32,shared_twiddle,0,128,39371.414,262144
ntt,log8_lanes32,prepared_twiddle,0,128,38329.102,262144
ntt,log8_lanes32,reset_only,0,128,1947.266,262144
ntt,log8_lanes32,flock,1,128,45556.641,262144
ntt,log8_lanes32,shared_generic,1,128,43250.656,262144
ntt,log8_lanes32,prepared_twiddle,1,128,38760.086,262144
ntt,log8_lanes32,shared_twiddle,1,128,39230.469,262144
ntt,log8_lanes32,reset_only,1,128,2160.156,262144
ntt,log8_lanes32,shared_twiddle,2,128,39916.672,262144
ntt,log8_lanes32,shared_generic,2,128,43432.617,262144
ntt,log8_lanes32,flock,2,128,45431.969,262144
ntt,log8_lanes32,prepared_twiddle,2,128,39665.695,262144
ntt,log8_lanes32,reset_only,2,128,1956.383,262144
ntt,log8_lanes32,shared_twiddle,3,128,39472.656,262144
ntt,log8_lanes32,shared_generic,3,128,43428.711,262144
ntt,log8_lanes32,prepared_twiddle,3,128,39301.758,262144
ntt,log8_lanes32,flock,3,128,45445.312,262144
ntt,log8_lanes32,reset_only,3,128,2005.859,262144
ntt,log8_lanes32,flock,4,128,46090.172,262144
ntt,log8_lanes32,shared_twiddle,4,128,38630.211,262144
ntt,log8_lanes32,prepared_twiddle,4,128,38365.891,262144
ntt,log8_lanes32,reset_only,4,128,1968.102,262144
ntt,log8_lanes32,shared_generic,4,128,44639.969,262144
ntt,log8_lanes32,flock,5,128,46749.023,262144
ntt,log8_lanes32,shared_generic,5,128,42694.008,262144
ntt,log8_lanes32,prepared_twiddle,5,128,38437.500,262144
ntt,log8_lanes32,reset_only,5,128,2005.203,262144
ntt,log8_lanes32,shared_twiddle,5,128,39147.141,262144
ntt,log8_lanes32,flock,6,128,45288.086,262144
ntt,log8_lanes32,prepared_twiddle,6,128,39893.227,262144
ntt,log8_lanes32,shared_twiddle,6,128,39426.430,262144
ntt,log8_lanes32,reset_only,6,128,1975.258,262144
ntt,log8_lanes32,shared_generic,6,128,45162.758,262144
ntt,log8_lanes32,reset_only,7,128,2171.227,262144
ntt,log8_lanes32,shared_generic,7,128,43684.898,262144
ntt,log8_lanes32,prepared_twiddle,7,128,39259.109,262144
ntt,log8_lanes32,shared_twiddle,7,128,40039.062,262144
ntt,log8_lanes32,flock,7,128,46804.031,262144
ntt,log8_lanes32,shared_generic,8,128,43323.570,262144
ntt,log8_lanes32,flock,8,128,47119.469,262144
ntt,log8_lanes32,prepared_twiddle,8,128,39824.219,262144
ntt,log8_lanes32,shared_twiddle,8,128,38553.383,262144
ntt,log8_lanes32,reset_only,8,128,2048.828,262144
ntt,log8_lanes32,reset_only,9,128,2055.664,262144
ntt,log8_lanes32,flock,9,128,45201.500,262144
ntt,log8_lanes32,shared_twiddle,9,128,39517.578,262144
ntt,log8_lanes32,shared_generic,9,128,43643.883,262144
ntt,log8_lanes32,prepared_twiddle,9,128,39206.055,262144
ntt,log8_lanes32,reset_only,10,128,1948.242,262144
ntt,log8_lanes32,prepared_twiddle,10,128,38829.102,262144
ntt,log8_lanes32,shared_generic,10,128,42882.164,262144
ntt,log8_lanes32,shared_twiddle,10,128,39404.953,262144
ntt,log8_lanes32,flock,10,128,45828.125,262144
ntt,log8_lanes32,reset_only,11,128,2015.953,262144
ntt,log8_lanes32,prepared_twiddle,11,128,39287.438,262144
ntt,log8_lanes32,flock,11,128,46001.305,262144
ntt,log8_lanes32,shared_twiddle,11,128,39533.852,262144
ntt,log8_lanes32,shared_generic,11,128,42849.281,262144
ntt,log8_lanes32,prepared_twiddle,12,128,38742.836,262144
ntt,log8_lanes32,reset_only,12,128,1940.430,262144
ntt,log8_lanes32,flock,12,128,45972.008,262144
ntt,log8_lanes32,shared_generic,12,128,42647.141,262144
ntt,log8_lanes32,shared_twiddle,12,128,39081.383,262144
ntt,log8_lanes32,reset_only,13,128,1931.969,262144
ntt,log8_lanes32,flock,13,128,45711.266,262144
ntt,log8_lanes32,shared_generic,13,128,42836.586,262144
ntt,log8_lanes32,shared_twiddle,13,128,40143.875,262144
ntt,log8_lanes32,prepared_twiddle,13,128,38718.750,262144
ntt,log8_lanes32,reset_only,14,128,2094.727,262144
ntt,log8_lanes32,shared_twiddle,14,128,39895.828,262144
ntt,log8_lanes32,prepared_twiddle,14,128,39375.977,262144
ntt,log8_lanes32,shared_generic,14,128,42879.883,262144
ntt,log8_lanes32,flock,14,128,45475.906,262144
ntt,log8_lanes32,prepared_twiddle,15,128,39593.094,262144
ntt,log8_lanes32,shared_twiddle,15,128,39100.258,262144
ntt,log8_lanes32,reset_only,15,128,1939.773,262144
ntt,log8_lanes32,shared_generic,15,128,44124.023,262144
ntt,log8_lanes32,flock,15,128,45631.836,262144
ntt,log8_lanes32,prepared_twiddle,16,128,38646.156,262144
ntt,log8_lanes32,shared_twiddle,16,128,38710.289,262144
ntt,log8_lanes32,shared_generic,16,128,43519.203,262144
ntt,log8_lanes32,reset_only,16,128,1980.797,262144
ntt,log8_lanes32,flock,16,128,45250.000,262144
ntt,log8_lanes32,flock,17,128,45357.750,262144
ntt,log8_lanes32,shared_generic,17,128,43618.492,262144
ntt,log8_lanes32,prepared_twiddle,17,128,38880.211,262144
ntt,log8_lanes32,shared_twiddle,17,128,39984.047,262144
ntt,log8_lanes32,reset_only,17,128,1911.781,262144
ntt,log8_lanes32,shared_generic,18,128,43340.820,262144
ntt,log8_lanes32,flock,18,128,45405.922,262144
ntt,log8_lanes32,shared_twiddle,18,128,39733.070,262144
ntt,log8_lanes32,prepared_twiddle,18,128,39392.258,262144
ntt,log8_lanes32,reset_only,18,128,2069.336,262144
ntt,log8_lanes32,reset_only,19,128,2068.031,262144
ntt,log8_lanes32,shared_generic,19,128,43184.891,262144
ntt,log8_lanes32,flock,19,128,46204.430,262144
ntt,log8_lanes32,shared_twiddle,19,128,39272.781,262144
ntt,log8_lanes32,prepared_twiddle,19,128,38724.938,262144
ntt,log8_lanes32,shared_twiddle,20,128,40184.570,262144
ntt,log8_lanes32,reset_only,20,128,1905.602,262144
ntt,log8_lanes32,flock,20,128,45562.500,262144
ntt,log8_lanes32,prepared_twiddle,20,128,39233.398,262144
ntt,log8_lanes32,shared_generic,20,128,43969.406,262144
ntt,log8_lanes32,shared_generic,21,128,43163.406,262144
ntt,log8_lanes32,flock,21,128,45705.398,262144
ntt,log8_lanes32,reset_only,21,128,2013.992,262144
ntt,log8_lanes32,prepared_twiddle,21,128,39563.805,262144
ntt,log8_lanes32,shared_twiddle,21,128,39502.602,262144
ntt,log8_lanes32,prepared_twiddle,22,128,39775.391,262144
ntt,log8_lanes32,reset_only,22,128,1920.578,262144
ntt,log8_lanes32,shared_generic,22,128,43888.344,262144
ntt,log8_lanes32,flock,22,128,45783.203,262144
ntt,log8_lanes32,shared_twiddle,22,128,39334.312,262144
ntt,log8_lanes32,prepared_twiddle,23,128,39040.039,262144
ntt,log8_lanes32,shared_generic,23,128,43145.180,262144
ntt,log8_lanes32,flock,23,128,45662.109,262144
ntt,log8_lanes32,shared_twiddle,23,128,40103.844,262144
ntt,log8_lanes32,reset_only,23,128,2005.531,262144
ntt,log8_lanes32,flock,24,128,45158.852,262144
ntt,log8_lanes32,prepared_twiddle,24,128,40196.289,262144
ntt,log8_lanes32,shared_generic,24,128,43495.117,262144
ntt,log8_lanes32,reset_only,24,128,1908.531,262144
ntt,log8_lanes32,shared_twiddle,24,128,38844.406,262144
ntt,log8_lanes32,shared_twiddle,25,128,39205.734,262144
ntt,log8_lanes32,reset_only,25,128,2182.617,262144
ntt,log8_lanes32,prepared_twiddle,25,128,38877.930,262144
ntt,log8_lanes32,flock,25,128,45700.844,262144
ntt,log8_lanes32,shared_generic,25,128,43612.953,262144
ntt,log8_lanes32,flock,26,128,46463.867,262144
ntt,log8_lanes32,prepared_twiddle,26,128,39167.320,262144
ntt,log8_lanes32,reset_only,26,128,1890.297,262144
ntt,log8_lanes32,shared_twiddle,26,128,41053.383,262144
ntt,log8_lanes32,shared_generic,26,128,43546.547,262144
ntt,log8_lanes32,flock,27,128,45122.727,262144
ntt,log8_lanes32,prepared_twiddle,27,128,39229.812,262144
ntt,log8_lanes32,shared_generic,27,128,42779.297,262144
ntt,log8_lanes32,shared_twiddle,27,128,39573.898,262144
ntt,log8_lanes32,reset_only,27,128,2009.109,262144
ntt,log8_lanes32,reset_only,28,128,2007.484,262144
ntt,log8_lanes32,prepared_twiddle,28,128,39127.602,262144
ntt,log8_lanes32,flock,28,128,44923.180,262144
ntt,log8_lanes32,shared_twiddle,28,128,40447.922,262144
ntt,log8_lanes32,shared_generic,28,128,43958.328,262144
ntt,log8_lanes32,prepared_twiddle,29,128,38266.273,262144
ntt,log8_lanes32,reset_only,29,128,1866.539,262144
ntt,log8_lanes32,shared_generic,29,128,42793.945,262144
ntt,log8_lanes32,flock,29,128,45605.469,262144
ntt,log8_lanes32,shared_twiddle,29,128,38822.922,262144
ntt,log8_lanes32,shared_generic,30,128,43789.391,262144
ntt,log8_lanes32,shared_twiddle,30,128,40032.555,262144
ntt,log8_lanes32,flock,30,128,44681.312,262144
ntt,log8_lanes32,prepared_twiddle,30,128,38839.844,262144
ntt,log8_lanes32,reset_only,30,128,1980.789,262144
ntt,log8_lanes32,flock,31,128,46127.930,262144
ntt,log8_lanes32,shared_generic,31,128,42836.914,262144
ntt,log8_lanes32,shared_twiddle,31,128,39069.016,262144
ntt,log8_lanes32,reset_only,31,128,2181.312,262144
ntt,log8_lanes32,prepared_twiddle,31,128,39418.945,262144
ntt,log12_lanes8,reset_only,0,8,8531.250,1048576
ntt,log12_lanes8,flock,0,8,400224.000,1048576
ntt,log12_lanes8,shared_generic,0,8,380656.250,1048576
ntt,log12_lanes8,shared_twiddle,0,8,390171.875,1048576
ntt,log12_lanes8,prepared_twiddle,0,8,379890.625,1048576
ntt,log12_lanes8,prepared_twiddle,1,8,381724.000,1048576
ntt,log12_lanes8,flock,1,8,405182.250,1048576
ntt,log12_lanes8,shared_generic,1,8,376958.250,1048576
ntt,log12_lanes8,reset_only,1,8,8656.250,1048576
ntt,log12_lanes8,shared_twiddle,1,8,395692.625,1048576
ntt,log12_lanes8,prepared_twiddle,2,8,378640.625,1048576
ntt,log12_lanes8,reset_only,2,8,9161.375,1048576
ntt,log12_lanes8,shared_generic,2,8,375552.125,1048576
ntt,log12_lanes8,flock,2,8,421145.750,1048576
ntt,log12_lanes8,shared_twiddle,2,8,390640.625,1048576
ntt,log12_lanes8,flock,3,8,411224.000,1048576
ntt,log12_lanes8,shared_generic,3,8,371588.625,1048576
ntt,log12_lanes8,prepared_twiddle,3,8,374474.000,1048576
ntt,log12_lanes8,shared_twiddle,3,8,401666.625,1048576
ntt,log12_lanes8,reset_only,3,8,8739.625,1048576
ntt,log12_lanes8,shared_generic,4,8,377895.875,1048576
ntt,log12_lanes8,flock,4,8,401250.000,1048576
ntt,log12_lanes8,reset_only,4,8,10286.375,1048576
ntt,log12_lanes8,shared_twiddle,4,8,410828.125,1048576
ntt,log12_lanes8,prepared_twiddle,4,8,392604.250,1048576
ntt,log12_lanes8,flock,5,8,421224.000,1048576
ntt,log12_lanes8,prepared_twiddle,5,8,370276.000,1048576
ntt,log12_lanes8,reset_only,5,8,8390.625,1048576
ntt,log12_lanes8,shared_twiddle,5,8,386677.125,1048576
ntt,log12_lanes8,shared_generic,5,8,381770.875,1048576
ntt,log12_lanes8,prepared_twiddle,6,8,378614.625,1048576
ntt,log12_lanes8,reset_only,6,8,8588.625,1048576
ntt,log12_lanes8,flock,6,8,412927.125,1048576
ntt,log12_lanes8,shared_twiddle,6,8,388406.250,1048576
ntt,log12_lanes8,shared_generic,6,8,377354.125,1048576
ntt,log12_lanes8,prepared_twiddle,7,8,389203.125,1048576
ntt,log12_lanes8,reset_only,7,8,8552.125,1048576
ntt,log12_lanes8,shared_generic,7,8,380651.000,1048576
ntt,log12_lanes8,shared_twiddle,7,8,382906.250,1048576
ntt,log12_lanes8,flock,7,8,409942.750,1048576
ntt,log12_lanes8,reset_only,8,8,8416.750,1048576
ntt,log12_lanes8,shared_generic,8,8,373541.625,1048576
ntt,log12_lanes8,shared_twiddle,8,8,415322.875,1048576
ntt,log12_lanes8,flock,8,8,395192.750,1048576
ntt,log12_lanes8,prepared_twiddle,8,8,384588.500,1048576
ntt,log12_lanes8,flock,9,8,422046.875,1048576
ntt,log12_lanes8,prepared_twiddle,9,8,376546.875,1048576
ntt,log12_lanes8,reset_only,9,8,8437.500,1048576
ntt,log12_lanes8,shared_twiddle,9,8,390895.875,1048576
ntt,log12_lanes8,shared_generic,9,8,395479.250,1048576
ntt,log12_lanes8,reset_only,10,8,8682.375,1048576
ntt,log12_lanes8,shared_twiddle,10,8,388213.500,1048576
ntt,log12_lanes8,prepared_twiddle,10,8,408213.625,1048576
ntt,log12_lanes8,flock,10,8,394979.125,1048576
ntt,log12_lanes8,shared_generic,10,8,376281.250,1048576
ntt,log12_lanes8,shared_generic,11,8,380927.125,1048576
ntt,log12_lanes8,prepared_twiddle,11,8,386505.125,1048576
ntt,log12_lanes8,reset_only,11,8,8823.000,1048576
ntt,log12_lanes8,flock,11,8,431510.375,1048576
ntt,log12_lanes8,shared_twiddle,11,8,392265.625,1048576
ntt,log12_lanes8,reset_only,12,8,8536.500,1048576
ntt,log12_lanes8,flock,12,8,409213.500,1048576
ntt,log12_lanes8,shared_generic,12,8,396359.375,1048576
ntt,log12_lanes8,prepared_twiddle,12,8,375718.750,1048576
ntt,log12_lanes8,shared_twiddle,12,8,385599.000,1048576
ntt,log12_lanes8,shared_twiddle,13,8,390630.250,1048576
ntt,log12_lanes8,flock,13,8,400781.250,1048576
ntt,log12_lanes8,reset_only,13,8,8505.125,1048576
ntt,log12_lanes8,shared_generic,13,8,393343.750,1048576
ntt,log12_lanes8,prepared_twiddle,13,8,376161.500,1048576
ntt,log12_lanes8,reset_only,14,8,8734.375,1048576
ntt,log12_lanes8,prepared_twiddle,14,8,379489.625,1048576
ntt,log12_lanes8,shared_generic,14,8,407833.375,1048576
ntt,log12_lanes8,shared_twiddle,14,8,387541.625,1048576
ntt,log12_lanes8,flock,14,8,400583.375,1048576
ntt,log12_lanes8,prepared_twiddle,15,8,383073.000,1048576
ntt,log12_lanes8,shared_generic,15,8,379807.375,1048576
ntt,log12_lanes8,shared_twiddle,15,8,406588.500,1048576
ntt,log12_lanes8,flock,15,8,399416.625,1048576
ntt,log12_lanes8,reset_only,15,8,8557.250,1048576
ntt,log12_lanes8,shared_twiddle,16,8,394661.500,1048576
ntt,log12_lanes8,prepared_twiddle,16,8,380578.125,1048576
ntt,log12_lanes8,reset_only,16,8,8708.375,1048576
ntt,log12_lanes8,shared_generic,16,8,385031.250,1048576
ntt,log12_lanes8,flock,16,8,393197.875,1048576
ntt,log12_lanes8,shared_twiddle,17,8,394338.625,1048576
ntt,log12_lanes8,shared_generic,17,8,375916.625,1048576
ntt,log12_lanes8,reset_only,17,8,8541.750,1048576
ntt,log12_lanes8,flock,17,8,413599.000,1048576
ntt,log12_lanes8,prepared_twiddle,17,8,369494.750,1048576
ntt,log12_lanes8,shared_generic,18,8,379807.250,1048576
ntt,log12_lanes8,shared_twiddle,18,8,399708.375,1048576
ntt,log12_lanes8,flock,18,8,401625.000,1048576
ntt,log12_lanes8,reset_only,18,8,8755.125,1048576
ntt,log12_lanes8,prepared_twiddle,18,8,406406.250,1048576
ntt,log12_lanes8,prepared_twiddle,19,8,378557.375,1048576
ntt,log12_lanes8,reset_only,19,8,8458.250,1048576
ntt,log12_lanes8,shared_twiddle,19,8,387510.375,1048576
ntt,log12_lanes8,flock,19,8,415229.250,1048576
ntt,log12_lanes8,shared_generic,19,8,377088.500,1048576
ntt,log12_lanes8,reset_only,20,8,8692.625,1048576
ntt,log12_lanes8,flock,20,8,408026.125,1048576
ntt,log12_lanes8,shared_generic,20,8,394083.250,1048576
ntt,log12_lanes8,shared_twiddle,20,8,392500.000,1048576
ntt,log12_lanes8,prepared_twiddle,20,8,397572.875,1048576
ntt,log12_lanes8,shared_twiddle,21,8,396359.375,1048576
ntt,log12_lanes8,flock,21,8,407552.125,1048576
ntt,log12_lanes8,shared_generic,21,8,384739.500,1048576
ntt,log12_lanes8,reset_only,21,8,8489.500,1048576
ntt,log12_lanes8,prepared_twiddle,21,8,379239.625,1048576
ntt,log12_lanes8,flock,22,8,407104.125,1048576
ntt,log12_lanes8,shared_generic,22,8,368312.500,1048576
ntt,log12_lanes8,shared_twiddle,22,8,410781.250,1048576
ntt,log12_lanes8,prepared_twiddle,22,8,380265.625,1048576
ntt,log12_lanes8,reset_only,22,8,8578.125,1048576
ntt,log12_lanes8,shared_generic,23,8,375744.875,1048576
ntt,log12_lanes8,flock,23,8,406838.625,1048576
ntt,log12_lanes8,prepared_twiddle,23,8,376505.250,1048576
ntt,log12_lanes8,reset_only,23,8,8437.500,1048576
ntt,log12_lanes8,shared_twiddle,23,8,384359.375,1048576
ntt,log12_lanes8,reset_only,24,8,8468.750,1048576
ntt,log12_lanes8,shared_generic,24,8,374859.375,1048576
ntt,log12_lanes8,shared_twiddle,24,8,411421.875,1048576
ntt,log12_lanes8,flock,24,8,399531.250,1048576
ntt,log12_lanes8,prepared_twiddle,24,8,401302.125,1048576
ntt,log12_lanes8,shared_generic,25,8,378031.250,1048576
ntt,log12_lanes8,prepared_twiddle,25,8,377244.750,1048576
ntt,log12_lanes8,flock,25,8,413140.625,1048576
ntt,log12_lanes8,reset_only,25,8,8447.875,1048576
ntt,log12_lanes8,shared_twiddle,25,8,391052.125,1048576
ntt,log12_lanes8,prepared_twiddle,26,8,382026.125,1048576
ntt,log12_lanes8,shared_generic,26,8,376473.875,1048576
ntt,log12_lanes8,flock,26,8,399666.625,1048576
ntt,log12_lanes8,reset_only,26,8,8567.750,1048576
ntt,log12_lanes8,shared_twiddle,26,8,392437.500,1048576
ntt,log12_lanes8,reset_only,27,8,8437.500,1048576
ntt,log12_lanes8,flock,27,8,400312.500,1048576
ntt,log12_lanes8,shared_generic,27,8,387349.000,1048576
ntt,log12_lanes8,shared_twiddle,27,8,386916.750,1048576
ntt,log12_lanes8,prepared_twiddle,27,8,375286.375,1048576
ntt,log12_lanes8,prepared_twiddle,28,8,385015.625,1048576
ntt,log12_lanes8,reset_only,28,8,11093.750,1048576
ntt,log12_lanes8,shared_generic,28,8,374244.750,1048576
ntt,log12_lanes8,shared_twiddle,28,8,392953.125,1048576
ntt,log12_lanes8,flock,28,8,410526.125,1048576
ntt,log12_lanes8,shared_generic,29,8,376322.875,1048576
ntt,log12_lanes8,prepared_twiddle,29,8,378947.875,1048576
ntt,log12_lanes8,reset_only,29,8,8697.875,1048576
ntt,log12_lanes8,flock,29,8,412093.750,1048576
ntt,log12_lanes8,shared_twiddle,29,8,393010.375,1048576
ntt,log12_lanes8,flock,30,8,400177.125,1048576
ntt,log12_lanes8,shared_generic,30,8,379270.875,1048576
ntt,log12_lanes8,shared_twiddle,30,8,395307.250,1048576
ntt,log12_lanes8,prepared_twiddle,30,8,387614.625,1048576
ntt,log12_lanes8,reset_only,30,8,8614.625,1048576
ntt,log12_lanes8,shared_generic,31,8,377479.125,1048576
ntt,log12_lanes8,prepared_twiddle,31,8,382698.000,1048576
ntt,log12_lanes8,reset_only,31,8,9567.750,1048576
ntt,log12_lanes8,flock,31,8,428156.250,1048576
ntt,log12_lanes8,shared_twiddle,31,8,386963.500,1048576
ntt,log15_lanes32,shared_twiddle,0,1,16533834.000,33554432
ntt,log15_lanes32,shared_generic,0,1,15409875.000,33554432
ntt,log15_lanes32,prepared_twiddle,0,1,15901916.000,33554432
ntt,log15_lanes32,flock,0,1,11053292.000,33554432
ntt,log15_lanes32,reset_only,0,1,360625.000,33554432
ntt,log15_lanes32,prepared_twiddle,1,1,13672416.000,33554432
ntt,log15_lanes32,shared_twiddle,1,1,15924333.000,33554432
ntt,log15_lanes32,flock,1,1,10961666.000,33554432
ntt,log15_lanes32,reset_only,1,1,347000.000,33554432
ntt,log15_lanes32,shared_generic,1,1,13368500.000,33554432
ntt,log15_lanes32,shared_twiddle,2,1,16075875.000,33554432
ntt,log15_lanes32,prepared_twiddle,2,1,12893417.000,33554432
ntt,log15_lanes32,reset_only,2,1,387500.000,33554432
ntt,log15_lanes32,shared_generic,2,1,16558292.000,33554432
ntt,log15_lanes32,flock,2,1,11242958.000,33554432
ntt,log15_lanes32,reset_only,3,1,413167.000,33554432
ntt,log15_lanes32,shared_twiddle,3,1,12761417.000,33554432
ntt,log15_lanes32,flock,3,1,11165125.000,33554432
ntt,log15_lanes32,prepared_twiddle,3,1,12648333.000,33554432
ntt,log15_lanes32,shared_generic,3,1,12464375.000,33554432
ntt,log15_lanes32,shared_twiddle,4,1,13093459.000,33554432
ntt,log15_lanes32,flock,4,1,11205583.000,33554432
ntt,log15_lanes32,prepared_twiddle,4,1,12304542.000,33554432
ntt,log15_lanes32,reset_only,4,1,430125.000,33554432
ntt,log15_lanes32,shared_generic,4,1,17230000.000,33554432
ntt,log15_lanes32,shared_generic,5,1,12623292.000,33554432
ntt,log15_lanes32,prepared_twiddle,5,1,12339000.000,33554432
ntt,log15_lanes32,flock,5,1,11552334.000,33554432
ntt,log15_lanes32,shared_twiddle,5,1,12763791.000,33554432
ntt,log15_lanes32,reset_only,5,1,384667.000,33554432
ntt,log15_lanes32,prepared_twiddle,6,1,18610334.000,33554432
ntt,log15_lanes32,shared_twiddle,6,1,15470000.000,33554432
ntt,log15_lanes32,reset_only,6,1,367708.000,33554432
ntt,log15_lanes32,shared_generic,6,1,14703291.000,33554432
ntt,log15_lanes32,flock,6,1,10915084.000,33554432
ntt,log15_lanes32,shared_twiddle,7,1,12830042.000,33554432
ntt,log15_lanes32,prepared_twiddle,7,1,16751041.000,33554432
ntt,log15_lanes32,shared_generic,7,1,14611208.000,33554432
ntt,log15_lanes32,reset_only,7,1,361666.000,33554432
ntt,log15_lanes32,flock,7,1,10963500.000,33554432
ntt,log15_lanes32,shared_twiddle,8,1,14189416.000,33554432
ntt,log15_lanes32,reset_only,8,1,361209.000,33554432
ntt,log15_lanes32,prepared_twiddle,8,1,12662250.000,33554432
ntt,log15_lanes32,shared_generic,8,1,17163291.000,33554432
ntt,log15_lanes32,flock,8,1,11170042.000,33554432
ntt,log15_lanes32,shared_twiddle,9,1,12792916.000,33554432
ntt,log15_lanes32,reset_only,9,1,371417.000,33554432
ntt,log15_lanes32,shared_generic,9,1,13492666.000,33554432
ntt,log15_lanes32,prepared_twiddle,9,1,13952792.000,33554432
ntt,log15_lanes32,flock,9,1,11156584.000,33554432
ntt,log15_lanes32,shared_twiddle,10,1,13683417.000,33554432
ntt,log15_lanes32,reset_only,10,1,355500.000,33554432
ntt,log15_lanes32,prepared_twiddle,10,1,12822625.000,33554432
ntt,log15_lanes32,shared_generic,10,1,15714500.000,33554432
ntt,log15_lanes32,flock,10,1,11009083.000,33554432
ntt,log15_lanes32,shared_generic,11,1,12642791.000,33554432
ntt,log15_lanes32,reset_only,11,1,376167.000,33554432
ntt,log15_lanes32,prepared_twiddle,11,1,12481584.000,33554432
ntt,log15_lanes32,flock,11,1,11226042.000,33554432
ntt,log15_lanes32,shared_twiddle,11,1,14412416.000,33554432
ntt,log15_lanes32,shared_generic,12,1,12258458.000,33554432
ntt,log15_lanes32,prepared_twiddle,12,1,16052959.000,33554432
ntt,log15_lanes32,flock,12,1,11096916.000,33554432
ntt,log15_lanes32,reset_only,12,1,339417.000,33554432
ntt,log15_lanes32,shared_twiddle,12,1,13555708.000,33554432
ntt,log15_lanes32,reset_only,13,1,376125.000,33554432
ntt,log15_lanes32,shared_twiddle,13,1,14640667.000,33554432
ntt,log15_lanes32,flock,13,1,11258125.000,33554432
ntt,log15_lanes32,prepared_twiddle,13,1,13680250.000,33554432
ntt,log15_lanes32,shared_generic,13,1,13212833.000,33554432
ntt,log15_lanes32,reset_only,14,1,423416.000,33554432
ntt,log15_lanes32,prepared_twiddle,14,1,17329833.000,33554432
ntt,log15_lanes32,shared_twiddle,14,1,14146208.000,33554432
ntt,log15_lanes32,shared_generic,14,1,15310083.000,33554432
ntt,log15_lanes32,flock,14,1,11057875.000,33554432
ntt,log15_lanes32,flock,15,1,11151542.000,33554432
ntt,log15_lanes32,reset_only,15,1,364583.000,33554432
ntt,log15_lanes32,shared_generic,15,1,12572709.000,33554432
ntt,log15_lanes32,shared_twiddle,15,1,14600625.000,33554432
ntt,log15_lanes32,prepared_twiddle,15,1,16771167.000,33554432
ntt,log15_lanes32,flock,16,1,10827417.000,33554432
ntt,log15_lanes32,shared_generic,16,1,13299209.000,33554432
ntt,log15_lanes32,reset_only,16,1,403000.000,33554432
ntt,log15_lanes32,prepared_twiddle,16,1,13640458.000,33554432
ntt,log15_lanes32,shared_twiddle,16,1,14069125.000,33554432
ntt,log15_lanes32,shared_twiddle,17,1,14193584.000,33554432
ntt,log15_lanes32,prepared_twiddle,17,1,16162750.000,33554432
ntt,log15_lanes32,reset_only,17,1,393292.000,33554432
ntt,log15_lanes32,flock,17,1,11021458.000,33554432
ntt,log15_lanes32,shared_generic,17,1,13091125.000,33554432
ntt,log15_lanes32,shared_twiddle,18,1,18822041.000,33554432
ntt,log15_lanes32,shared_generic,18,1,14827417.000,33554432
ntt,log15_lanes32,prepared_twiddle,18,1,13884459.000,33554432
ntt,log15_lanes32,flock,18,1,11117542.000,33554432
ntt,log15_lanes32,reset_only,18,1,353500.000,33554432
ntt,log15_lanes32,flock,19,1,11230916.000,33554432
ntt,log15_lanes32,reset_only,19,1,384000.000,33554432
ntt,log15_lanes32,shared_generic,19,1,12845709.000,33554432
ntt,log15_lanes32,shared_twiddle,19,1,12885834.000,33554432
ntt,log15_lanes32,prepared_twiddle,19,1,12448959.000,33554432
ntt,log15_lanes32,shared_twiddle,20,1,13581333.000,33554432
ntt,log15_lanes32,flock,20,1,11149875.000,33554432
ntt,log15_lanes32,reset_only,20,1,350583.000,33554432
ntt,log15_lanes32,shared_generic,20,1,12961500.000,33554432
ntt,log15_lanes32,prepared_twiddle,20,1,12359416.000,33554432
ntt,log15_lanes32,shared_generic,21,1,17154083.000,33554432
ntt,log15_lanes32,prepared_twiddle,21,1,16540417.000,33554432
ntt,log15_lanes32,reset_only,21,1,371250.000,33554432
ntt,log15_lanes32,shared_twiddle,21,1,13582959.000,33554432
ntt,log15_lanes32,flock,21,1,10956708.000,33554432
ntt,log15_lanes32,reset_only,22,1,345292.000,33554432
ntt,log15_lanes32,flock,22,1,11396834.000,33554432
ntt,log15_lanes32,prepared_twiddle,22,1,12471292.000,33554432
ntt,log15_lanes32,shared_twiddle,22,1,12672875.000,33554432
ntt,log15_lanes32,shared_generic,22,1,12648291.000,33554432
ntt,log15_lanes32,prepared_twiddle,23,1,12514167.000,33554432
ntt,log15_lanes32,reset_only,23,1,357458.000,33554432
ntt,log15_lanes32,shared_twiddle,23,1,12475125.000,33554432
ntt,log15_lanes32,flock,23,1,11403208.000,33554432
ntt,log15_lanes32,shared_generic,23,1,12379667.000,33554432
ntt,log15_lanes32,shared_generic,24,1,17496583.000,33554432
ntt,log15_lanes32,reset_only,24,1,384917.000,33554432
ntt,log15_lanes32,flock,24,1,11177208.000,33554432
ntt,log15_lanes32,shared_twiddle,24,1,12887333.000,33554432
ntt,log15_lanes32,prepared_twiddle,24,1,17013209.000,33554432
ntt,log15_lanes32,reset_only,25,1,389958.000,33554432
ntt,log15_lanes32,shared_generic,25,1,14280250.000,33554432
ntt,log15_lanes32,prepared_twiddle,25,1,14984416.000,33554432
ntt,log15_lanes32,shared_twiddle,25,1,20378375.000,33554432
ntt,log15_lanes32,flock,25,1,11112750.000,33554432
ntt,log15_lanes32,prepared_twiddle,26,1,12537667.000,33554432
ntt,log15_lanes32,flock,26,1,11010958.000,33554432
ntt,log15_lanes32,shared_generic,26,1,13389208.000,33554432
ntt,log15_lanes32,shared_twiddle,26,1,17379667.000,33554432
ntt,log15_lanes32,reset_only,26,1,374125.000,33554432
ntt,log15_lanes32,shared_generic,27,1,12838417.000,33554432
ntt,log15_lanes32,reset_only,27,1,362875.000,33554432
ntt,log15_lanes32,prepared_twiddle,27,1,12899125.000,33554432
ntt,log15_lanes32,shared_twiddle,27,1,15769750.000,33554432
ntt,log15_lanes32,flock,27,1,11298167.000,33554432
ntt,log15_lanes32,flock,28,1,11210375.000,33554432
ntt,log15_lanes32,shared_generic,28,1,13539917.000,33554432
ntt,log15_lanes32,shared_twiddle,28,1,14777708.000,33554432
ntt,log15_lanes32,prepared_twiddle,28,1,13959292.000,33554432
ntt,log15_lanes32,reset_only,28,1,379584.000,33554432
ntt,log15_lanes32,reset_only,29,1,341167.000,33554432
ntt,log15_lanes32,shared_generic,29,1,18577625.000,33554432
ntt,log15_lanes32,prepared_twiddle,29,1,13646125.000,33554432
ntt,log15_lanes32,flock,29,1,10890541.000,33554432
ntt,log15_lanes32,shared_twiddle,29,1,14323667.000,33554432
ntt,log15_lanes32,flock,30,1,10996292.000,33554432
ntt,log15_lanes32,prepared_twiddle,30,1,13491291.000,33554432
ntt,log15_lanes32,shared_generic,30,1,16464583.000,33554432
ntt,log15_lanes32,shared_twiddle,30,1,14478333.000,33554432
ntt,log15_lanes32,reset_only,30,1,359458.000,33554432
ntt,log15_lanes32,shared_generic,31,1,12651500.000,33554432
ntt,log15_lanes32,shared_twiddle,31,1,17020708.000,33554432
ntt,log15_lanes32,prepared_twiddle,31,1,17366042.000,33554432
ntt,log15_lanes32,reset_only,31,1,360250.000,33554432
ntt,log15_lanes32,flock,31,1,11117042.000,33554432
