series_id,label,metric,median_ns,median_ms,p10_ms,p20_ms,p30_ms,p40_ms,p50_ms,p60_ms,p70_ms,p80_ms,p90_ms,n,warmups,excluded_samples,representative_run_id,geometry_scale,root_boundary,pcs_derived
mul-1789307827063594000-u32-mod32-limber-15,u32-mod32 2^15 limber | native parameters,end-to-end,289111166,289.111166,269.7974502,270.0349834,273.9452332,281.5281996,289.111166,292.8215832,296.5320004,300.6764506,305.2549338,5,1,0,mul-1789307827063594000-u32-mod32-limber-15-1,1,declared-root,false
mul-1789307827063594000-u32-mod32-limber-15,u32-mod32 2^15 limber | native parameters,witness-generation,553042,0.553042,0.5434918,0.5443586,0.546442,0.549742,0.553042,0.5654916,0.5779412,0.5869244,0.5924412,5,1,0,mul-1789307827063594000-u32-mod32-limber-15-1,1,declared-root,false
mul-1789307827063594000-u32-mod32-limber-15,u32-mod32 2^15 limber | native parameters,preparation,5910208,5.910208,5.0699086,5.3633582,5.590108,5.750158,5.910208,6.2983416,6.6864752,8.4944002,11.7221166,5,1,0,mul-1789307827063594000-u32-mod32-limber-15-1,1,declared-root,false
mul-1789307827063594000-u32-mod32-limber-15,u32-mod32 2^15 limber | native parameters,proving,235551291,235.551291,213.0913838,215.5211006,220.4990254,228.0251582,235.551291,235.7895914,236.0278918,240.133792,248.107292,5,1,0,mul-1789307827063594000-u32-mod32-limber-15-1,1,declared-root,false
mul-1789307827063594000-u32-mod32-limber-15,u32-mod32 2^15 limber | native parameters,commit,26634041,26.634041,25.873975,26.211325,26.4308082,26.5324246,26.634041,32.1852914,37.7365418,41.5570168,43.6467164,5,1,0,mul-1789307827063594000-u32-mod32-limber-15-1,1,declared-root,false
mul-1789307827063594000-u32-mod32-limber-15,u32-mod32 2^15 limber | native parameters,pcs,201568834,201.568834,188.5855082,190.9152254,193.977834,197.773334,201.568834,205.3881336,209.2074332,214.9115746,222.5005578,5,1,0,mul-1789307827063594000-u32-mod32-limber-15-1,1,declared-root,false
mul-1789307827063594000-u32-mod32-limber-15,u32-mod32 2^15 limber | native parameters,opening-proof,165700084,165.700084,160.1957168,160.7696836,161.9853504,163.8427172,165.700084,173.1613004,180.6225168,184.5985916,185.0895248,5,1,0,mul-1789307827063594000-u32-mod32-limber-15-1,1,declared-root,false
mul-1789307827063594000-u32-mod32-limber-15,u32-mod32 2^15 limber | native parameters,constraint-proof,18545042,18.545042,18.286759,18.384059,18.4551756,18.5001088,18.545042,18.7130088,18.8809756,18.9749172,18.9948336,5,1,0,mul-1789307827063594000-u32-mod32-limber-15-1,1,declared-root,false
mul-1789307827063594000-u32-mod32-limber-15,u32-mod32 2^15 limber | native parameters,verification,53739500,53.739500,53.1324668,53.3138496,53.4715328,53.6055164,53.739500,55.797450,57.855400,59.6719584,61.2471252,5,1,0,mul-1789307827063594000-u32-mod32-limber-15-1,1,declared-root,false
mul-1789307827063594000-u32-mod32-limber-16,u32-mod32 2^16 limber | native parameters,end-to-end,491866375,491.866375,461.6644416,466.2551752,473.2137086,482.5400418,491.866375,501.9265582,511.9867414,520.4366664,527.2763332,5,1,0,mul-1789307827063594000-u32-mod32-limber-16-3,1,declared-root,false
mul-1789307827063594000-u32-mod32-limber-16,u32-mod32 2^16 limber | native parameters,witness-generation,1062833,1.062833,1.0432334,1.0545498,1.060733,1.061783,1.062833,1.0659162,1.0689994,1.0739078,1.0806414,5,1,0,mul-1789307827063594000-u32-mod32-limber-16-3,1,declared-root,false
mul-1789307827063594000-u32-mod32-limber-16,u32-mod32 2^16 limber | native parameters,preparation,11377750,11.377750,9.7797914,10.0857918,10.4665836,10.9221668,11.377750,11.4934332,11.6091164,12.2962498,13.5548334,5,1,0,mul-1789307827063594000-u32-mod32-limber-16-3,1,declared-root,false
mul-1789307827063594000-u32-mod32-limber-16,u32-mod32 2^16 limber | native parameters,proving,423120042,423.120042,394.2098086,398.7379922,405.4256756,414.2728588,423.120042,433.063242,443.006442,451.5461336,458.6823168,5,1,0,mul-1789307827063594000-u32-mod32-limber-16-3,1,declared-root,false
mul-1789307827063594000-u32-mod32-limber-16,u32-mod32 2^16 limber | native parameters,commit,67703209,67.703209,59.748750,60.790750,62.5900418,65.1466254,67.703209,71.4966422,75.2900754,80.5994086,87.4246418,5,1,0,mul-1789307827063594000-u32-mod32-limber-16-3,1,declared-root,false
mul-1789307827063594000-u32-mod32-limber-16,u32-mod32 2^16 limber | native parameters,pcs,376712542,376.712542,346.6921498,350.2222166,356.9323084,366.8224252,376.712542,386.5604252,396.4083084,405.1674916,412.8379748,5,1,0,mul-1789307827063594000-u32-mod32-limber-16-3,1,declared-root,false
mul-1789307827063594000-u32-mod32-limber-16,u32-mod32 2^16 limber | native parameters,opening-proof,309009333,309.009333,286.4223998,290.9944666,296.4262666,302.7177998,309.009333,315.063783,321.118233,324.568083,325.413333,5,1,0,mul-1789307827063594000-u32-mod32-limber-16-3,1,declared-root,false
mul-1789307827063594000-u32-mod32-limber-16,u32-mod32 2^16 limber | native parameters,constraint-proof,33924291,33.924291,33.4546496,33.7523832,33.9058582,33.9150746,33.924291,34.2593914,34.5944918,34.8490002,35.0229166,5,1,0,mul-1789307827063594000-u32-mod32-limber-16-3,1,declared-root,false
mul-1789307827063594000-u32-mod32-limber-16,u32-mod32 2^16 limber | native parameters,verification,68283875,68.283875,67.440658,67.504358,67.6857414,67.9848082,68.283875,68.4631082,68.6423414,68.7897914,68.9054582,5,1,0,mul-1789307827063594000-u32-mod32-limber-16-3,1,declared-root,false
mul-1789307827063594000-u32-mod32-limber-17,u32-mod32 2^17 limber | native parameters,end-to-end,872389459,872.389459,827.6217668,828.9414496,838.1589246,855.2741918,872.389459,881.5389254,890.6883918,904.0860418,921.7318754,5,1,0,mul-1789307827063594000-u32-mod32-limber-17-5,1,declared-root,false
mul-1789307827063594000-u32-mod32-limber-17,u32-mod32 2^17 limber | native parameters,witness-generation,2118041,2.118041,2.0843248,2.0976916,2.1071082,2.1125746,2.118041,2.1261914,2.1343418,2.171192,2.236742,5,1,0,mul-1789307827063594000-u32-mod32-limber-17-5,1,declared-root,false
mul-1789307827063594000-u32-mod32-limber-17,u32-mod32 2^17 limber | native parameters,preparation,22390208,22.390208,21.0506998,21.2955666,21.6124416,22.0013248,22.390208,24.4588916,26.5275752,28.589567,30.644867,5,1,0,mul-1789307827063594000-u32-mod32-limber-17-5,1,declared-root,false
mul-1789307827063594000-u32-mod32-limber-17,u32-mod32 2^17 limber | native parameters,proving,776665375,776.665375,722.4064252,727.8668084,739.810675,758.238025,776.665375,785.2671918,793.8690086,805.6198504,820.5197172,5,1,0,mul-1789307827063594000-u32-mod32-limber-17-5,1,declared-root,false
mul-1789307827063594000-u32-mod32-limber-17,u32-mod32 2^17 limber | native parameters,commit,118121750,118.121750,108.0957414,110.6353578,113.1484828,115.6351164,118.121750,121.687750,125.253750,128.7057334,132.0437002,5,1,0,mul-1789307827063594000-u32-mod32-limber-17-5,1,declared-root,false
mul-1789307827063594000-u32-mod32-limber-17,u32-mod32 2^17 limber | native parameters,pcs,643053583,643.053583,629.2213086,636.0869922,640.2265838,641.6400834,643.053583,658.0304498,673.0073166,692.6840668,717.0607004,5,1,0,mul-1789307827063594000-u32-mod32-limber-17-5,1,declared-root,false
mul-1789307827063594000-u32-mod32-limber-17,u32-mod32 2^17 limber | native parameters,opening-proof,521398084,521.398084,516.3298998,516.6429666,517.7192168,519.5586504,521.398084,540.275084,559.152084,576.0836006,591.0696338,5,1,0,mul-1789307827063594000-u32-mod32-limber-17-5,1,declared-root,false
mul-1789307827063594000-u32-mod32-limber-17,u32-mod32 2^17 limber | native parameters,constraint-proof,69492042,69.492042,66.1804498,67.4825666,68.4053084,68.9486752,69.492042,79.2612752,89.0305084,94.879650,96.808700,5,1,0,mul-1789307827063594000-u32-mod32-limber-17-5,1,declared-root,false
mul-1789307827063594000-u32-mod32-limber-17,u32-mod32 2^17 limber | native parameters,verification,97073750,97.073750,95.6917578,95.7007246,95.9789164,96.5263332,97.073750,99.8198168,102.5658836,105.678192,109.156742,5,1,0,mul-1789307827063594000-u32-mod32-limber-17-5,1,declared-root,false
mul-1789307827063594000-u32-mod32-limber-18,u32-mod32 2^18 limber | native parameters,end-to-end,1485841916,1485.841916,1433.4451082,1450.7173414,1464.6511496,1475.2465328,1485.841916,1510.8605496,1535.8791832,1572.800150,1621.623450,5,1,0,mul-1789307827063594000-u32-mod32-limber-18-4,1,declared-root,false
mul-1789307827063594000-u32-mod32-limber-18,u32-mod32 2^18 limber | native parameters,witness-generation,4342000,4.342000,4.247325,4.252525,4.272500,4.307250,4.342000,4.376050,4.410100,4.456750,4.516000,5,1,0,mul-1789307827063594000-u32-mod32-limber-18-4,1,declared-root,false
mul-1789307827063594000-u32-mod32-limber-18,u32-mod32 2^18 limber | native parameters,preparation,46202041,46.202041,42.5120998,44.8416166,46.0455082,46.1237746,46.202041,46.6604746,47.1189082,48.0500084,49.4537752,5,1,0,mul-1789307827063594000-u32-mod32-limber-18-4,1,declared-root,false
mul-1789307827063594000-u32-mod32-limber-18,u32-mod32 2^18 limber | native parameters,proving,1342930875,1342.930875,1281.559050,1291.018850,1305.185175,1324.058025,1342.930875,1366.752425,1390.573975,1422.4561584,1462.3989752,5,1,0,mul-1789307827063594000-u32-mod32-limber-18-4,1,declared-root,false
mul-1789307827063594000-u32-mod32-limber-18,u32-mod32 2^18 limber | native parameters,commit,205351917,205.351917,178.0986664,179.8613328,185.6645162,195.5082166,205.351917,215.1548834,224.9578498,230.142358,230.708408,5,1,0,mul-1789307827063594000-u32-mod32-limber-18-4,1,declared-root,false
mul-1789307827063594000-u32-mod32-limber-18,u32-mod32 2^18 limber | native parameters,pcs,1145657042,1145.657042,1103.8677664,1105.5922828,1114.2950412,1129.9760416,1145.657042,1167.4582752,1189.2595084,1221.9833666,1265.6298498,5,1,0,mul-1789307827063594000-u32-mod32-limber-18-4,1,declared-root,false
mul-1789307827063594000-u32-mod32-limber-18,u32-mod32 2^18 limber | native parameters,opening-proof,940305125,940.305125,925.750025,925.788175,928.706825,934.505975,940.305125,952.3033918,964.3016586,991.8410086,1034.9214418,5,1,0,mul-1789307827063594000-u32-mod32-limber-18-4,1,declared-root,false
mul-1789307827063594000-u32-mod32-limber-18,u32-mod32 2^18 limber | native parameters,constraint-proof,138827584,138.827584,130.2753418,135.1538086,137.8399504,138.3337672,138.827584,142.014534,145.201484,147.5701088,149.1204084,5,1,0,mul-1789307827063594000-u32-mod32-limber-18-4,1,declared-root,false
mul-1789307827063594000-u32-mod32-limber-18,u32-mod32 2^18 limber | native parameters,verification,145876916,145.876916,143.3610498,143.8272666,144.4236832,145.1502996,145.876916,152.9625496,160.0481832,164.490575,166.289725,5,1,0,mul-1789307827063594000-u32-mod32-limber-18-4,1,declared-root,false
mul-1789307827063594000-u32-mod32-limber-19,u32-mod32 2^19 limber | native parameters,end-to-end,2742611500,2742.611500,2681.2984416,2712.7383412,2731.2889328,2736.9502164,2742.611500,2747.8974332,2753.1833664,2761.8839746,2773.9992578,5,1,0,mul-1789307827063594000-u32-mod32-limber-19-5,1,declared-root,false
mul-1789307827063594000-u32-mod32-limber-19,u32-mod32 2^19 limber | native parameters,witness-generation,8465541,8.465541,8.3808832,8.4092664,8.4318746,8.4487078,8.465541,8.4748246,8.4841082,8.583825,8.773975,5,1,0,mul-1789307827063594000-u32-mod32-limber-19-5,1,declared-root,false
mul-1789307827063594000-u32-mod32-limber-19,u32-mod32 2^19 limber | native parameters,preparation,83161459,83.161459,78.2324252,78.9020584,80.0217918,81.5916254,83.161459,83.5530922,83.9447254,85.4415502,88.0435666,5,1,0,mul-1789307827063594000-u32-mod32-limber-19-5,1,declared-root,false
mul-1789307827063594000-u32-mod32-limber-19,u32-mod32 2^19 limber | native parameters,proving,2497755250,2497.755250,2438.6379248,2468.0873916,2485.800750,2491.778000,2497.755250,2502.3938832,2507.0325164,2515.9985414,2529.2919582,5,1,0,mul-1789307827063594000-u32-mod32-limber-19-5,1,declared-root,false
mul-1789307827063594000-u32-mod32-limber-19,u32-mod32 2^19 limber | native parameters,commit,387558125,387.558125,376.9623254,378.3619418,380.761025,384.159575,387.558125,388.9631914,390.3682578,395.622991,404.727391,5,1,0,mul-1789307827063594000-u32-mod32-limber-19-5,1,declared-root,false
mul-1789307827063594000-u32-mod32-limber-19,u32-mod32 2^19 limber | native parameters,pcs,2144349624,2144.349624,2103.5479996,2130.6512492,2144.232224,2144.290924,2144.349624,2148.9284576,2153.5072912,2163.3172166,2178.3582338,5,1,0,mul-1789307827063594000-u32-mod32-limber-19-5,1,declared-root,false
mul-1789307827063594000-u32-mod32-limber-19,u32-mod32 2^19 limber | native parameters,opening-proof,1753132083,1753.132083,1705.5391082,1722.1915914,1735.040683,1744.086383,1753.132083,1762.573233,1772.014383,1784.9552748,1801.3959084,5,1,0,mul-1789307827063594000-u32-mod32-limber-19-5,1,declared-root,false
mul-1789307827063594000-u32-mod32-limber-19,u32-mod32 2^19 limber | native parameters,constraint-proof,250096292,250.096292,246.2170914,246.6100578,247.4644912,248.7803916,250.096292,251.551092,253.005892,257.6814086,265.5776418,5,1,0,mul-1789307827063594000-u32-mod32-limber-19-5,1,declared-root,false
mul-1789307827063594000-u32-mod32-limber-19,u32-mod32 2^19 limber | native parameters,verification,244828000,244.828000,241.7804754,242.9164918,243.753200,244.290600,244.828000,245.139300,245.450600,245.7717334,246.1027002,5,1,0,mul-1789307827063594000-u32-mod32-limber-19-5,1,declared-root,false
mul-1789307827063594000-u32-mod32-limber-20,u32-mod32 2^20 limber | native parameters,end-to-end,4995200542,4995.200542,4703.061850,4711.299450,4771.3747084,4883.2876252,4995.200542,5060.3155584,5125.4305748,5180.1593414,5224.5018582,5,1,0,mul-1789307827063594000-u32-mod32-limber-20-5,1,declared-root,false
mul-1789307827063594000-u32-mod32-limber-20,u32-mod32 2^20 limber | native parameters,witness-generation,16762667,16.762667,16.4964246,16.5368082,16.5981334,16.6804002,16.762667,16.9884334,17.2141998,17.333283,17.345683,5,1,0,mul-1789307827063594000-u32-mod32-limber-20-5,1,declared-root,false
mul-1789307827063594000-u32-mod32-limber-20,u32-mod32 2^20 limber | native parameters,preparation,141062167,141.062167,132.9941498,136.1722166,138.4214334,139.7418002,141.062167,142.9044502,144.7467334,149.999175,158.661775,5,1,0,mul-1789307827063594000-u32-mod32-limber-20-5,1,declared-root,false
mul-1789307827063594000-u32-mod32-limber-20,u32-mod32 2^20 limber | native parameters,proving,4567181417,4567.181417,4276.764967,4284.807517,4344.499317,4455.840367,4567.181417,4638.4202166,4709.6590162,4761.6769996,4794.4741668,5,1,0,mul-1789307827063594000-u32-mod32-limber-20-5,1,declared-root,false
mul-1789307827063594000-u32-mod32-limber-20,u32-mod32 2^20 limber | native parameters,commit,653019375,653.019375,613.9004332,614.6821164,622.6622414,637.8408082,653.019375,674.807925,696.596475,708.0712666,709.2322998,5,1,0,mul-1789307827063594000-u32-mod32-limber-20-5,1,declared-root,false
mul-1789307827063594000-u32-mod32-limber-20,u32-mod32 2^20 limber | native parameters,pcs,3900449042,3900.449042,3633.7539834,3639.2408838,3693.6772756,3797.0631588,3900.449042,3964.0116416,4027.5742412,4068.8876244,4087.9517912,5,1,0,mul-1789307827063594000-u32-mod32-limber-20-5,1,declared-root,false
mul-1789307827063594000-u32-mod32-limber-20,u32-mod32 2^20 limber | native parameters,opening-proof,3287330292,3287.330292,2998.6566254,3008.3482918,3068.0213584,3177.6758252,3287.330292,3311.9830584,3336.6358248,3359.074808,3379.300008,5,1,0,mul-1789307827063594000-u32-mod32-limber-20-5,1,declared-root,false
mul-1789307827063594000-u32-mod32-limber-20,u32-mod32 2^20 limber | native parameters,constraint-proof,501248375,501.248375,489.7884668,496.7591836,500.4453086,500.8468418,501.248375,502.584725,503.921075,516.6908918,540.8941754,5,1,0,mul-1789307827063594000-u32-mod32-limber-20-5,1,declared-root,false
mul-1789307827063594000-u32-mod32-limber-20,u32-mod32 2^20 limber | native parameters,verification,426576167,426.576167,418.0515836,423.4099172,426.1865006,426.3813338,426.576167,427.147767,427.719367,430.7139254,436.1314422,5,1,0,mul-1789307827063594000-u32-mod32-limber-20-5,1,declared-root,false
mul-1789307827063594000-u32-mod32-limber-21,u32-mod32 2^21 limber | native parameters,end-to-end,9992457000,9992.457000,9689.4650588,9775.1913256,9852.9349672,9922.6959836,9992.457000,10028.3479168,10064.2388336,10082.4816752,10083.0764416,5,1,0,mul-1789307827063594000-u32-mod32-limber-21-5,1,declared-root,false
mul-1789307827063594000-u32-mod32-limber-21,u32-mod32 2^21 limber | native parameters,witness-generation,33072583,33.072583,33.0072414,33.0311078,33.0489494,33.0607662,33.072583,35.1067166,37.1408502,38.3307252,38.6763416,5,1,0,mul-1789307827063594000-u32-mod32-limber-21-5,1,declared-root,false
mul-1789307827063594000-u32-mod32-limber-21,u32-mod32 2^21 limber | native parameters,preparation,333463709,333.463709,275.202492,309.534192,328.0527754,330.7582422,333.463709,334.9808422,336.4979754,338.066192,339.685492,5,1,0,mul-1789307827063594000-u32-mod32-limber-21-5,1,declared-root,false
mul-1789307827063594000-u32-mod32-limber-21,u32-mod32 2^21 limber | native parameters,proving,9059830125,9059.830125,8878.5304082,8953.0091914,9004.1648914,9031.9975082,9059.830125,9080.3073582,9100.7845914,9138.021133,9192.016983,5,1,0,mul-1789307827063594000-u32-mod32-limber-21-5,1,declared-root,false
mul-1789307827063594000-u32-mod32-limber-21,u32-mod32 2^21 limber | native parameters,commit,1402650000,1402.650000,1245.3914662,1290.3850994,1330.8355328,1366.7427664,1402.650000,1402.994950,1403.339900,1420.283475,1453.825675,5,1,0,mul-1789307827063594000-u32-mod32-limber-21-5,1,declared-root,false
mul-1789307827063594000-u32-mod32-limber-21,u32-mod32 2^21 limber | native parameters,pcs,7697559084,7697.559084,7590.9423328,7595.6204156,7617.8793824,7657.7192332,7697.559084,7723.8844336,7750.2097832,7775.436233,7799.563783,5,1,0,mul-1789307827063594000-u32-mod32-limber-21-5,1,declared-root,false
mul-1789307827063594000-u32-mod32-limber-21,u32-mod32 2^21 limber | native parameters,opening-proof,6294909084,6294.909084,6279.6337662,6283.2629494,6287.0438496,6290.9764668,6294.909084,6331.2920172,6367.6749504,6392.7289252,6406.4539416,5,1,0,mul-1789307827063594000-u32-mod32-limber-21-5,1,declared-root,false
mul-1789307827063594000-u32-mod32-limber-21,u32-mod32 2^21 limber | native parameters,constraint-proof,987960333,987.960333,957.2326082,970.6120914,979.433533,983.696933,987.960333,1003.7377498,1019.5151666,1031.8675916,1040.7950248,5,1,0,mul-1789307827063594000-u32-mod32-limber-21-5,1,declared-root,false
mul-1789307827063594000-u32-mod32-limber-21,u32-mod32 2^21 limber | native parameters,verification,836144375,836.144375,810.9064914,822.1566918,829.4543086,832.7993418,836.144375,874.7273914,913.3104078,940.6058996,956.6138668,5,1,0,mul-1789307827063594000-u32-mod32-limber-21-5,1,declared-root,false
mul-1789307827063594000-u32-mod32-limber-22,u32-mod32 2^22 limber | native parameters,end-to-end,21955711375,21955.711375,21158.086325,21371.559525,21573.779175,21764.745275,21955.711375,22185.5992414,22415.4871078,22589.1409746,22706.5608418,5,1,0,mul-1789307827063594000-u32-mod32-limber-22-1,1,declared-root,false
mul-1789307827063594000-u32-mod32-limber-22,u32-mod32 2^22 limber | native parameters,witness-generation,97328250,97.328250,77.4104504,81.9058168,86.788450,92.058350,97.328250,106.3393668,115.3504836,120.8277836,122.7712668,5,1,0,mul-1789307827063594000-u32-mod32-limber-22-1,1,declared-root,false
mul-1789307827063594000-u32-mod32-limber-22,u32-mod32 2^22 limber | native parameters,preparation,717484209,717.484209,697.8910084,710.8703088,717.384809,717.434509,717.484209,724.5584586,731.6327082,739.8141748,749.1028584,5,1,0,mul-1789307827063594000-u32-mod32-limber-22-1,1,declared-root,false
mul-1789307827063594000-u32-mod32-limber-22,u32-mod32 2^22 limber | native parameters,proving,19825411417,19825.411417,19148.7813998,19347.3679666,19522.4112834,19673.9113502,19825.411417,19925.756417,20026.101417,20119.3701418,20205.5625914,5,1,0,mul-1789307827063594000-u32-mod32-limber-22-1,1,declared-root,false
mul-1789307827063594000-u32-mod32-limber-22,u32-mod32 2^22 limber | native parameters,commit,2778701542,2778.701542,2647.788483,2716.948133,2756.9626748,2767.8321084,2778.701542,2808.606892,2838.512242,2902.7089002,3001.1968666,5,1,0,mul-1789307827063594000-u32-mod32-limber-22-1,1,declared-root,false
mul-1789307827063594000-u32-mod32-limber-22,u32-mod32 2^22 limber | native parameters,pcs,16304784375,16304.784375,15999.9619336,16065.5456172,16139.6268422,16222.2056086,16304.784375,16376.4930582,16448.2017414,16668.469333,17037.295833,5,1,0,mul-1789307827063594000-u32-mod32-limber-22-1,1,declared-root,false
mul-1789307827063594000-u32-mod32-limber-22,u32-mod32 2^22 limber | native parameters,opening-proof,13451319458,13451.319458,13334.081317,13348.526717,13374.8634252,13413.0914416,13451.319458,13563.8029248,13676.2863916,13847.310000,14076.873750,5,1,0,mul-1789307827063594000-u32-mod32-limber-22-1,1,declared-root,false
mul-1789307827063594000-u32-mod32-limber-22,u32-mod32 2^22 limber | native parameters,constraint-proof,2655542791,2655.542791,2086.7533332,2091.6476664,2206.3844246,2430.9636078,2655.542791,2659.3062414,2663.0696918,2681.7547752,2715.3614916,5,1,0,mul-1789307827063594000-u32-mod32-limber-22-1,1,declared-root,false
mul-1789307827063594000-u32-mod32-limber-22,u32-mod32 2^22 limber | native parameters,verification,2031592750,2031.592750,1925.3882248,1971.3807416,2001.820150,2016.706450,2031.592750,2114.4086164,2197.2244828,2390.6119994,2694.5711662,5,1,0,mul-1789307827063594000-u32-mod32-limber-22-1,1,declared-root,false
mul-1789309433396486000-u32-mod32-binius64-15,u32-mod32 2^15 binius64 | initial rate 1/2,end-to-end,53519666,53.519666,52.6099412,52.6926744,52.891166,53.205416,53.519666,53.5850996,53.6505332,53.8076668,54.0565004,5,1,0,mul-1789309433396486000-u32-mod32-binius64-15-5,1,declared-root,false
mul-1789309433396486000-u32-mod32-binius64-15,u32-mod32 2^15 binius64 | initial rate 1/2,witness-generation,895000,0.895000,0.889900,0.892300,0.893800,0.894400,0.895000,0.8988996,0.9027992,0.9063158,0.9094494,5,1,0,mul-1789309433396486000-u32-mod32-binius64-15-5,1,declared-root,false
mul-1789309433396486000-u32-mod32-binius64-15,u32-mod32 2^15 binius64 | initial rate 1/2,proving,51111125,51.111125,50.156400,50.252550,50.462725,50.786925,51.111125,51.1565586,51.2019922,51.3526338,51.6084834,5,1,0,mul-1789309433396486000-u32-mod32-binius64-15-5,1,declared-root,false
mul-1789309433396486000-u32-mod32-binius64-15,u32-mod32 2^15 binius64 | initial rate 1/2,commit,1875833,1.875833,1.7822164,1.7944328,1.8155994,1.8457162,1.875833,1.8927334,1.9096338,1.9222422,1.9305586,5,1,0,mul-1789309433396486000-u32-mod32-binius64-15-5,1,declared-root,false
mul-1789309433396486000-u32-mod32-binius64-15,u32-mod32 2^15 binius64 | initial rate 1/2,pcs,7353208,7.353208,7.2924496,7.3189832,7.3364416,7.3448248,7.353208,7.3768584,7.4005088,7.4665672,7.5750336,5,1,0,mul-1789309433396486000-u32-mod32-binius64-15-5,1,declared-root,false
mul-1789309433396486000-u32-mod32-binius64-15,u32-mod32 2^15 binius64 | initial rate 1/2,opening-proof,5552667,5.552667,5.3997162,5.4093494,5.4418662,5.4972666,5.552667,5.5885338,5.6244006,5.6627922,5.7037086,5,1,0,mul-1789309433396486000-u32-mod32-binius64-15-5,1,declared-root,false
mul-1789309433396486000-u32-mod32-binius64-15,u32-mod32 2^15 binius64 | initial rate 1/2,constraint-proof,42871375,42.871375,41.7037836,41.9660672,42.2520422,42.5617086,42.871375,42.8817414,42.8921078,43.0372078,43.3170414,5,1,0,mul-1789309433396486000-u32-mod32-binius64-15-5,1,declared-root,false
mul-1789309433396486000-u32-mod32-binius64-15,u32-mod32 2^15 binius64 | initial rate 1/2,verification,2430334,2.430334,2.405817,2.417467,2.4247004,2.4275172,2.430334,2.4373672,2.4444004,2.4492752,2.4519916,5,1,0,mul-1789309433396486000-u32-mod32-binius64-15-5,1,declared-root,false
mul-1789309433396486000-u32-mod32-binius64-16,u32-mod32 2^16 binius64 | initial rate 1/2,end-to-end,74548292,74.548292,73.5437164,74.0041828,74.2971912,74.4227416,74.548292,75.2625252,75.9767584,76.3639166,76.4239998,5,1,0,mul-1789309433396486000-u32-mod32-binius64-16-2,1,declared-root,false
mul-1789309433396486000-u32-mod32-binius64-16,u32-mod32 2^16 binius64 | initial rate 1/2,witness-generation,1825292,1.825292,1.8086256,1.8103752,1.8140584,1.8196752,1.825292,1.848442,1.871592,1.8834254,1.8839422,5,1,0,mul-1789309433396486000-u32-mod32-binius64-16-2,1,declared-root,false
mul-1789309433396486000-u32-mod32-binius64-16,u32-mod32 2^16 binius64 | initial rate 1/2,proving,71750917,71.750917,70.8220168,71.2507836,71.522317,71.636617,71.750917,72.489717,73.228517,73.6249502,73.6790166,5,1,0,mul-1789309433396486000-u32-mod32-binius64-16-2,1,declared-root,false
mul-1789309433396486000-u32-mod32-binius64-16,u32-mod32 2^16 binius64 | initial rate 1/2,commit,2942834,2.942834,2.5965504,2.7232668,2.8178668,2.8803504,2.942834,2.9529004,2.9629668,3.0051668,3.0795004,5,1,0,mul-1789309433396486000-u32-mod32-binius64-16-2,1,declared-root,false
mul-1789309433396486000-u32-mod32-binius64-16,u32-mod32 2^16 binius64 | initial rate 1/2,pcs,9395542,9.395542,9.0168418,9.2528086,9.375742,9.385642,9.395542,9.4827588,9.5699756,9.6170506,9.6239838,5,1,0,mul-1789309433396486000-u32-mod32-binius64-16-2,1,declared-root,false
mul-1789309433396486000-u32-mod32-binius64-16,u32-mod32 2^16 binius64 | initial rate 1/2,opening-proof,6427958,6.427958,6.3576414,6.4042418,6.4276252,6.4277916,6.427958,6.4406748,6.4533916,6.5366584,6.6904752,5,1,0,mul-1789309433396486000-u32-mod32-binius64-16-2,1,declared-root,false
mul-1789309433396486000-u32-mod32-binius64-16,u32-mod32 2^16 binius64 | initial rate 1/2,constraint-proof,60301250,60.301250,59.881200,60.062900,60.183250,60.242250,60.301250,61.0314164,61.7615828,62.2031078,62.3559914,5,1,0,mul-1789309433396486000-u32-mod32-binius64-16-2,1,declared-root,false
mul-1789309433396486000-u32-mod32-binius64-16,u32-mod32 2^16 binius64 | initial rate 1/2,verification,2741291,2.741291,2.6971914,2.7155918,2.7280918,2.7346914,2.741291,2.7479746,2.7546582,2.7637166,2.7751498,5,1,0,mul-1789309433396486000-u32-mod32-binius64-16-2,1,declared-root,false
mul-1789309433396486000-u32-mod32-binius64-17,u32-mod32 2^17 binius64 | initial rate 1/2,end-to-end,118806666,118.806666,117.6509254,118.2461418,118.5963332,118.7014996,118.806666,119.9165332,121.0264004,122.1221338,123.2037334,5,1,0,mul-1789309433396486000-u32-mod32-binius64-17-2,1,declared-root,false
mul-1789309433396486000-u32-mod32-binius64-17,u32-mod32 2^17 binius64 | initial rate 1/2,witness-generation,3741374,3.741374,3.6867828,3.6993996,3.7128412,3.7271076,3.741374,3.7483908,3.7554076,3.775966,3.810066,5,1,0,mul-1789309433396486000-u32-mod32-binius64-17-2,1,declared-root,false
mul-1789309433396486000-u32-mod32-binius64-17,u32-mod32 2^17 binius64 | initial rate 1/2,proving,115605166,115.605166,114.420850,115.003200,115.3565332,115.4808496,115.605166,116.713716,117.822266,118.8311244,119.7402912,5,1,0,mul-1789309433396486000-u32-mod32-binius64-17-2,1,declared-root,false
mul-1789309433396486000-u32-mod32-binius64-17,u32-mod32 2^17 binius64 | initial rate 1/2,commit,4416541,4.416541,4.3886082,4.3930914,4.3995746,4.4080578,4.416541,4.5259078,4.6352746,4.7006582,4.7220586,5,1,0,mul-1789309433396486000-u32-mod32-binius64-17-2,1,declared-root,false
mul-1789309433396486000-u32-mod32-binius64-17,u32-mod32 2^17 binius64 | initial rate 1/2,pcs,12901125,12.901125,12.7229582,12.7314574,12.7687906,12.8349578,12.901125,12.9408414,12.9805578,13.0224578,13.0665414,5,1,0,mul-1789309433396486000-u32-mod32-binius64-17-2,1,declared-root,false
mul-1789309433396486000-u32-mod32-binius64-17,u32-mod32 2^17 binius64 | initial rate 1/2,opening-proof,8319166,8.319166,8.0670668,8.1631336,8.2327668,8.2759664,8.319166,8.4335328,8.5478996,8.6293664,8.6779332,5,1,0,mul-1789309433396486000-u32-mod32-binius64-17-2,1,declared-root,false
mul-1789309433396486000-u32-mod32-binius64-17,u32-mod32 2^17 binius64 | initial rate 1/2,constraint-proof,98993209,98.993209,97.8363664,98.4707328,98.8289746,98.9110918,98.993209,100.0380254,101.0828418,102.0475416,102.9321248,5,1,0,mul-1789309433396486000-u32-mod32-binius64-17-2,1,declared-root,false
mul-1789309433396486000-u32-mod32-binius64-17,u32-mod32 2^17 binius64 | initial rate 1/2,verification,3206291,3.206291,3.191875,3.193125,3.1962582,3.2012746,3.206291,3.218641,3.230991,3.3146744,3.4696912,5,1,0,mul-1789309433396486000-u32-mod32-binius64-17-2,1,declared-root,false
mul-1789309433396486000-u32-mod32-binius64-18,u32-mod32 2^18 binius64 | initial rate 1/2,end-to-end,223188875,223.188875,216.2004416,220.7676752,223.0788086,223.1338418,223.188875,224.6587414,226.1286078,231.8505412,241.8245416,5,1,0,mul-1789309433396486000-u32-mod32-binius64-18-2,1,declared-root,false
mul-1789309433396486000-u32-mod32-binius64-18,u32-mod32 2^18 binius64 | initial rate 1/2,witness-generation,7051291,7.051291,7.0006422,7.0080754,7.0196918,7.0354914,7.051291,7.0934078,7.1355246,7.1715914,7.2016082,5,1,0,mul-1789309433396486000-u32-mod32-binius64-18-2,1,declared-root,false
mul-1789309433396486000-u32-mod32-binius64-18,u32-mod32 2^18 binius64 | initial rate 1/2,proving,218884417,218.884417,211.5947668,216.2399496,218.6269162,218.7556666,218.884417,220.448617,222.012817,227.6769918,237.4411414,5,1,0,mul-1789309433396486000-u32-mod32-binius64-18-2,1,declared-root,false
mul-1789309433396486000-u32-mod32-binius64-18,u32-mod32 2^18 binius64 | initial rate 1/2,commit,9101500,9.101500,7.4976498,7.7739666,8.150000,8.625750,9.101500,9.3247836,9.5480672,9.6947672,9.7648836,5,1,0,mul-1789309433396486000-u32-mod32-binius64-18-2,1,declared-root,false
mul-1789309433396486000-u32-mod32-binius64-18,u32-mod32 2^18 binius64 | initial rate 1/2,pcs,19858166,19.858166,18.4052748,18.6890916,19.0364332,19.4472996,19.858166,20.3110164,20.7638668,21.0089338,21.0462174,5,1,0,mul-1789309433396486000-u32-mod32-binius64-18-2,1,declared-root,false
mul-1789309433396486000-u32-mod32-binius64-18,u32-mod32 2^18 binius64 | initial rate 1/2,opening-proof,10918875,10.918875,10.8140496,10.8714332,10.903875,10.911375,10.918875,11.0134418,11.1080086,11.208992,11.316392,5,1,0,mul-1789309433396486000-u32-mod32-binius64-18-2,1,declared-root,false
mul-1789309433396486000-u32-mod32-binius64-18,u32-mod32 2^18 binius64 | initial rate 1/2,constraint-proof,192641041,192.641041,183.450258,188.218808,191.0106746,191.8258578,192.641041,194.6418414,196.6426418,202.174117,211.236267,5,1,0,mul-1789309433396486000-u32-mod32-binius64-18-2,1,declared-root,false
mul-1789309433396486000-u32-mod32-binius64-18,u32-mod32 2^18 binius64 | initial rate 1/2,verification,4583834,4.583834,4.0951328,4.1315996,4.2366332,4.4102336,4.583834,4.5969672,4.6101004,4.6278836,4.6503168,5,1,0,mul-1789309433396486000-u32-mod32-binius64-18-2,1,declared-root,false
mul-1789309433396486000-u32-mod32-binius64-19,u32-mod32 2^19 binius64 | initial rate 1/2,end-to-end,476200166,476.200166,422.5968338,425.0730006,436.2889004,456.2445332,476.200166,476.4348496,476.6695332,498.8467916,542.9666248,5,1,0,mul-1789309433396486000-u32-mod32-binius64-19-2,1,declared-root,false
mul-1789309433396486000-u32-mod32-binius64-19,u32-mod32 2^19 binius64 | initial rate 1/2,witness-generation,14295083,14.295083,14.082500,14.154000,14.2108166,14.2529498,14.295083,18.2042998,22.1135166,24.112175,24.200275,5,1,0,mul-1789309433396486000-u32-mod32-binius64-19-2,1,declared-root,false
mul-1789309433396486000-u32-mod32-binius64-19,u32-mod32 2^19 binius64 | initial rate 1/2,proving,464991500,464.991500,411.4227668,414.2195336,425.4926336,445.2420668,464.991500,465.0488332,465.1061664,487.3296664,531.7193332,5,1,0,mul-1789309433396486000-u32-mod32-binius64-19-2,1,declared-root,false
mul-1789309433396486000-u32-mod32-binius64-19,u32-mod32 2^19 binius64 | initial rate 1/2,commit,19820291,19.820291,16.7270084,17.8499748,18.6932246,19.2567578,19.820291,21.9893414,24.1583918,27.0741754,30.7366922,5,1,0,mul-1789309433396486000-u32-mod32-binius64-19-2,1,declared-root,false
mul-1789309433396486000-u32-mod32-binius64-19,u32-mod32 2^19 binius64 | initial rate 1/2,pcs,41478709,41.478709,35.3145744,35.6801908,36.986141,39.232425,41.478709,41.6783922,41.8780754,43.6951836,47.1297168,5,1,0,mul-1789309433396486000-u32-mod32-binius64-19-2,1,declared-root,false
mul-1789309433396486000-u32-mod32-binius64-19,u32-mod32 2^19 binius64 | initial rate 1/2,opening-proof,16537500,16.537500,16.0916412,16.1405744,16.2395328,16.3885164,16.537500,16.616500,16.695500,18.5629334,22.2188002,5,1,0,mul-1789309433396486000-u32-mod32-binius64-19-2,1,declared-root,false
mul-1789309433396486000-u32-mod32-binius64-19,u32-mod32 2^19 binius64 | initial rate 1/2,constraint-proof,400518875,400.518875,355.349758,358.391058,368.0331414,384.2760082,400.518875,402.5957418,404.6726086,427.7968254,471.9683922,5,1,0,mul-1789309433396486000-u32-mod32-binius64-19-2,1,declared-root,false
mul-1789309433396486000-u32-mod32-binius64-19,u32-mod32 2^19 binius64 | initial rate 1/2,verification,11196917,11.196917,10.7956586,10.9086082,11.0114498,11.1041834,11.196917,11.3113338,11.4257506,11.5146588,11.5780584,5,1,0,mul-1789309433396486000-u32-mod32-binius64-19-2,1,declared-root,false
mul-1789309433396486000-u32-mod32-binius64-20,u32-mod32 2^20 binius64 | initial rate 1/2,end-to-end,788909000,788.909000,783.296408,784.489358,785.8504664,787.3797332,788.909000,788.9548832,789.0007664,791.0814082,795.1968086,5,1,0,mul-1789309433396486000-u32-mod32-binius64-20-1,1,declared-root,false
mul-1789309433396486000-u32-mod32-binius64-20,u32-mod32 2^20 binius64 | initial rate 1/2,witness-generation,28017042,28.017042,27.9015508,27.9470176,27.9792092,27.9981256,28.017042,28.032892,28.048742,28.0933004,28.1665672,5,1,0,mul-1789309433396486000-u32-mod32-binius64-20-1,1,declared-root,false
mul-1789309433396486000-u32-mod32-binius64-20,u32-mod32 2^20 binius64 | initial rate 1/2,proving,767487375,767.487375,762.1995998,763.2566166,764.525575,766.006475,767.487375,767.7154414,767.9435078,770.1809162,774.4276666,5,1,0,mul-1789309433396486000-u32-mod32-binius64-20-1,1,declared-root,false
mul-1789309433396486000-u32-mod32-binius64-20,u32-mod32 2^20 binius64 | initial rate 1/2,commit,31263416,31.263416,30.2865418,30.4007086,30.6189168,30.9411664,31.263416,31.4998996,31.7363832,32.3873584,33.4528252,5,1,0,mul-1789309433396486000-u32-mod32-binius64-20-1,1,declared-root,false
mul-1789309433396486000-u32-mod32-binius64-20,u32-mod32 2^20 binius64 | initial rate 1/2,pcs,59660999,59.660999,58.3597328,58.9000496,59.2683662,59.4646826,59.660999,59.8703498,60.0797006,60.8129424,62.0700752,5,1,0,mul-1789309433396486000-u32-mod32-binius64-20-1,1,declared-root,false
mul-1789309433396486000-u32-mod32-binius64-20,u32-mod32 2^20 binius64 | initial rate 1/2,opening-proof,28397583,28.397583,27.4481662,27.5807494,27.7971494,28.0973662,28.397583,28.5621162,28.7266494,28.9924496,29.3595168,5,1,0,mul-1789309433396486000-u32-mod32-binius64-20-1,1,declared-root,false
mul-1789309433396486000-u32-mod32-binius64-20,u32-mod32 2^20 binius64 | initial rate 1/2,constraint-proof,679543834,679.543834,672.0473916,674.3779912,676.3433996,677.9436168,679.543834,680.661084,681.778334,684.167859,687.829659,5,1,0,mul-1789309433396486000-u32-mod32-binius64-20-1,1,declared-root,false
mul-1789309433396486000-u32-mod32-binius64-20,u32-mod32 2^20 binius64 | initial rate 1/2,verification,20955584,20.955584,20.7560162,20.8849494,20.9506496,20.9531168,20.955584,21.0892504,21.2229168,21.313775,21.361825,5,1,0,mul-1789309433396486000-u32-mod32-binius64-20-1,1,declared-root,false
mul-1789309433396486000-u32-mod32-binius64-21,u32-mod32 2^21 binius64 | initial rate 1/2,end-to-end,1522349542,1522.349542,1513.8242998,1516.1632666,1518.3361084,1520.3428252,1522.349542,1537.762492,1553.175442,1598.2279836,1672.9201168,5,1,0,mul-1789309433396486000-u32-mod32-binius64-21-3,1,declared-root,false
mul-1789309433396486000-u32-mod32-binius64-21,u32-mod32 2^21 binius64 | initial rate 1/2,witness-generation,56174707,56.174707,55.5150502,55.6226834,55.7761414,55.9754242,56.174707,56.2348406,56.2949742,56.419766,56.609216,5,1,0,mul-1789309433396486000-u32-mod32-binius64-21-3,1,declared-root,false
mul-1789309433396486000-u32-mod32-binius64-21,u32-mod32 2^21 binius64 | initial rate 1/2,proving,1485505625,1485.505625,1479.2548998,1481.6794666,1483.414525,1484.460075,1485.505625,1502.9568414,1520.4080578,1564.279741,1634.571891,5,1,0,mul-1789309433396486000-u32-mod32-binius64-21-3,1,declared-root,false
mul-1789309433396486000-u32-mod32-binius64-21,u32-mod32 2^21 binius64 | initial rate 1/2,commit,60995625,60.995625,59.7809918,59.8383586,60.0927586,60.5441918,60.995625,61.619875,62.244125,62.9007334,63.5897002,5,1,0,mul-1789309433396486000-u32-mod32-binius64-21-3,1,declared-root,false
mul-1789309433396486000-u32-mod32-binius64-21,u32-mod32 2^21 binius64 | initial rate 1/2,pcs,110887875,110.887875,109.0162498,109.0834166,109.471175,110.179525,110.887875,112.3776582,113.8674414,123.3962164,140.9639832,5,1,0,mul-1789309433396486000-u32-mod32-binius64-21-3,1,declared-root,false
mul-1789309433396486000-u32-mod32-binius64-21,u32-mod32 2^21 binius64 | initial rate 1/2,opening-proof,49225458,49.225458,48.205475,48.289575,48.5103916,48.8679248,49.225458,49.6687412,50.1120244,59.9998744,79.3322912,5,1,0,mul-1789309433396486000-u32-mod32-binius64-21-3,1,declared-root,false
mul-1789309433396486000-u32-mod32-binius64-21,u32-mod32 2^21 binius64 | initial rate 1/2,constraint-proof,1320829459,1320.829459,1310.5883418,1312.0813086,1314.4281254,1317.6287922,1320.829459,1337.9547254,1355.0799918,1388.9357916,1439.5221248,5,1,0,mul-1789309433396486000-u32-mod32-binius64-21-3,1,declared-root,false
mul-1789309433396486000-u32-mod32-binius64-21,u32-mod32 2^21 binius64 | initial rate 1/2,verification,34643292,34.643292,32.813825,33.891025,34.4723584,34.5578252,34.643292,35.518592,36.393892,38.0126918,40.3749914,5,1,0,mul-1789309433396486000-u32-mod32-binius64-21-3,1,declared-root,false
mul-1789309433396486000-u32-mod32-binius64-22,u32-mod32 2^22 binius64 | initial rate 1/2,end-to-end,2985296250,2985.296250,2892.285425,2902.692975,2923.376650,2954.336450,2985.296250,3212.3123832,3439.3285164,3643.522583,3824.894583,5,1,0,mul-1789309433396486000-u32-mod32-binius64-22-3,1,declared-root,false
mul-1789309433396486000-u32-mod32-binius64-22,u32-mod32 2^22 binius64 | initial rate 1/2,witness-generation,129576584,129.576584,111.9912838,113.0834006,116.818884,123.197734,129.576584,145.2651504,160.9537168,219.8138418,321.8455254,5,1,0,mul-1789309433396486000-u32-mod32-binius64-22-3,1,declared-root,false
mul-1789309433396486000-u32-mod32-binius64-22,u32-mod32 2^22 binius64 | initial rate 1/2,proving,2928249917,2928.249917,2837.1026422,2847.1093254,2867.340117,2897.795017,2928.249917,3042.1328002,3156.0156834,3361.2094168,3657.7140004,5,1,0,mul-1789309433396486000-u32-mod32-binius64-22-3,1,declared-root,false
mul-1789309433396486000-u32-mod32-binius64-22,u32-mod32 2^22 binius64 | initial rate 1/2,commit,135191625,135.191625,129.4198832,130.3325164,131.6693914,133.4305082,135.191625,138.1767914,141.1619578,144.6337662,148.5922166,5,1,0,mul-1789309433396486000-u32-mod32-binius64-22-3,1,declared-root,false
mul-1789309433396486000-u32-mod32-binius64-22,u32-mod32 2^22 binius64 | initial rate 1/2,pcs,230889958,230.889958,220.6799496,221.0097332,223.1176916,227.0038248,230.889958,232.0658084,233.2416588,235.9741506,240.2632838,5,1,0,mul-1789309433396486000-u32-mod32-binius64-22-3,1,declared-root,false
mul-1789309433396486000-u32-mod32-binius64-22,u32-mod32 2^22 binius64 | initial rate 1/2,opening-proof,89561333,89.561333,86.8839668,87.7849336,88.5006002,89.0309666,89.561333,90.5374998,91.5136666,94.6658668,99.9941004,5,1,0,mul-1789309433396486000-u32-mod32-binius64-22-3,1,declared-root,false
mul-1789309433396486000-u32-mod32-binius64-22,u32-mod32 2^22 binius64 | initial rate 1/2,constraint-proof,2538227667,2538.227667,2488.2737838,2509.9654006,2524.2945006,2531.2610838,2538.227667,2669.1159166,2800.0041662,2949.5061578,3117.6218914,5,1,0,mul-1789309433396486000-u32-mod32-binius64-22-3,1,declared-root,false
mul-1789309433396486000-u32-mod32-binius64-22,u32-mod32 2^22 binius64 | initial rate 1/2,verification,55772500,55.772500,53.1300912,54.2239744,54.9712328,55.3718664,55.772500,56.2771332,56.7817664,113.6009414,226.7346582,5,1,0,mul-1789309433396486000-u32-mod32-binius64-22-3,1,declared-root,false
mul-1789309433396486000-u32-mod32-binius64-ligerito-15,u32-mod32 2^15 binius64-ligerito | initial rate 1/2,end-to-end,56682542,56.682542,55.6697168,56.1230996,56.4163412,56.5494416,56.682542,57.161842,57.641142,58.0527336,58.3966168,5,1,0,mul-1789309433396486000-u32-mod32-binius64-ligerito-15-3,1,declared-root,false
mul-1789309433396486000-u32-mod32-binius64-ligerito-15,u32-mod32 2^15 binius64-ligerito | initial rate 1/2,witness-generation,866583,0.866583,0.8451832,0.8541164,0.860183,0.863383,0.866583,0.871033,0.875483,0.8817082,0.8897086,5,1,0,mul-1789309433396486000-u32-mod32-binius64-ligerito-15-3,1,declared-root,false
mul-1789309433396486000-u32-mod32-binius64-ligerito-15,u32-mod32 2^15 binius64-ligerito | initial rate 1/2,proving,52306833,52.306833,51.2327168,51.6776836,51.9815002,52.1441666,52.306833,52.752983,53.199133,53.6023998,53.9627834,5,1,0,mul-1789309433396486000-u32-mod32-binius64-ligerito-15-3,1,declared-root,false
mul-1789309433396486000-u32-mod32-binius64-ligerito-15,u32-mod32 2^15 binius64-ligerito | initial rate 1/2,commit,1758792,1.758792,1.5467582,1.5728914,1.6205248,1.6896584,1.758792,1.7595752,1.7603584,1.7706918,1.7905754,5,1,0,mul-1789309433396486000-u32-mod32-binius64-ligerito-15-3,1,declared-root,false
mul-1789309433396486000-u32-mod32-binius64-ligerito-15,u32-mod32 2^15 binius64-ligerito | initial rate 1/2,pcs,9840875,9.840875,9.6271908,9.6917576,9.7474078,9.7941414,9.840875,9.8815082,9.9221414,10.0289914,10.2020582,5,1,0,mul-1789309433396486000-u32-mod32-binius64-ligerito-15-3,1,declared-root,false
mul-1789309433396486000-u32-mod32-binius64-ligerito-15,u32-mod32 2^15 binius64-ligerito | initial rate 1/2,opening-proof,8183666,8.183666,8.0180496,8.0594332,8.1008332,8.1422496,8.183666,8.191566,8.199466,8.275666,8.420166,5,1,0,mul-1789309433396486000-u32-mod32-binius64-ligerito-15-3,1,declared-root,false
mul-1789309433396486000-u32-mod32-binius64-ligerito-15,u32-mod32 2^15 binius64-ligerito | initial rate 1/2,constraint-proof,41388292,41.388292,40.5950172,40.9387004,41.166092,41.277192,41.388292,41.9069088,42.4255256,42.7407338,42.8525334,5,1,0,mul-1789309433396486000-u32-mod32-binius64-ligerito-15-3,1,declared-root,false
mul-1789309433396486000-u32-mod32-binius64-ligerito-15,u32-mod32 2^15 binius64-ligerito | initial rate 1/2,verification,4417458,4.417458,4.3783582,4.3930914,4.403858,4.410658,4.417458,4.4243748,4.4312916,4.436775,4.440825,5,1,0,mul-1789309433396486000-u32-mod32-binius64-ligerito-15-3,1,declared-root,false
mul-1789309433396486000-u32-mod32-binius64-ligerito-16,u32-mod32 2^16 binius64-ligerito | initial rate 1/2,end-to-end,94433667,94.433667,82.3389834,83.8385498,86.5573998,90.4955334,94.433667,95.2701838,96.1067006,121.585984,171.708034,5,1,0,mul-1789309433396486000-u32-mod32-binius64-ligerito-16-1,1,declared-root,false
mul-1789309433396486000-u32-mod32-binius64-ligerito-16,u32-mod32 2^16 binius64-ligerito | initial rate 1/2,witness-generation,1700375,1.700375,1.6810832,1.6909164,1.6967414,1.6985582,1.700375,1.7125586,1.7247422,1.7382338,1.7530334,5,1,0,mul-1789309433396486000-u32-mod32-binius64-ligerito-16-1,1,declared-root,false
mul-1789309433396486000-u32-mod32-binius64-ligerito-16,u32-mod32 2^16 binius64-ligerito | initial rate 1/2,proving,89441875,89.441875,77.4184916,78.8592752,81.5521086,85.4969918,89.441875,90.2855582,91.1292414,116.6285998,166.7836334,5,1,0,mul-1789309433396486000-u32-mod32-binius64-ligerito-16-1,1,declared-root,false
mul-1789309433396486000-u32-mod32-binius64-ligerito-16,u32-mod32 2^16 binius64-ligerito | initial rate 1/2,commit,3015959,3.015959,2.8810002,2.9073334,2.9395918,2.9777754,3.015959,3.1997422,3.3835254,3.477617,3.482017,5,1,0,mul-1789309433396486000-u32-mod32-binius64-ligerito-16-1,1,declared-root,false
mul-1789309433396486000-u32-mod32-binius64-ligerito-16,u32-mod32 2^16 binius64-ligerito | initial rate 1/2,pcs,16242792,16.242792,15.5557754,15.6825918,15.8453584,16.0440752,16.242792,17.688392,19.133992,22.742492,28.513892,5,1,0,mul-1789309433396486000-u32-mod32-binius64-ligerito-16-1,1,declared-root,false
mul-1789309433396486000-u32-mod32-binius64-ligerito-16,u32-mod32 2^16 binius64-ligerito | initial rate 1/2,opening-proof,13322292,13.322292,12.3275498,12.3845166,12.5948584,12.9585752,13.322292,14.7942252,16.2661584,19.761475,25.280175,5,1,0,mul-1789309433396486000-u32-mod32-binius64-ligerito-16-1,1,declared-root,false
mul-1789309433396486000-u32-mod32-binius64-ligerito-16,u32-mod32 2^16 binius64-ligerito | initial rate 1/2,constraint-proof,69900833,69.900833,60.0338502,61.3502834,63.5869666,66.7438998,69.900833,70.475983,71.051133,93.2184996,136.9780828,5,1,0,mul-1789309433396486000-u32-mod32-binius64-ligerito-16-1,1,declared-root,false
mul-1789309433396486000-u32-mod32-binius64-ligerito-16,u32-mod32 2^16 binius64-ligerito | initial rate 1/2,verification,4958500,4.958500,4.859116,4.870066,4.8921328,4.9253164,4.958500,4.9655168,4.9725336,4.9786668,4.9839164,5,1,0,mul-1789309433396486000-u32-mod32-binius64-ligerito-16-1,1,declared-root,false
mul-1789309433396486000-u32-mod32-binius64-ligerito-17,u32-mod32 2^17 binius64-ligerito | initial rate 1/2,end-to-end,131514000,131.514000,128.328275,129.540675,130.420300,130.967150,131.514000,132.2344668,132.9549336,134.8885752,138.0353916,5,1,0,mul-1789309433396486000-u32-mod32-binius64-ligerito-17-5,1,declared-root,false
mul-1789309433396486000-u32-mod32-binius64-ligerito-17,u32-mod32 2^17 binius64-ligerito | initial rate 1/2,witness-generation,3319708,3.319708,3.3158166,3.3168002,3.3177752,3.3187416,3.319708,3.3373916,3.3550752,3.3680836,3.3764168,5,1,0,mul-1789309433396486000-u32-mod32-binius64-ligerito-17-5,1,declared-root,false
mul-1789309433396486000-u32-mod32-binius64-ligerito-17,u32-mod32 2^17 binius64-ligerito | initial rate 1/2,proving,125590291,125.590291,122.3919086,123.5989422,124.4800254,125.0351582,125.590291,126.2488246,126.9073582,128.8262084,132.0053752,5,1,0,mul-1789309433396486000-u32-mod32-binius64-ligerito-17-5,1,declared-root,false
mul-1789309433396486000-u32-mod32-binius64-ligerito-17,u32-mod32 2^17 binius64-ligerito | initial rate 1/2,commit,5056084,5.056084,4.8727582,4.9256414,4.9728832,5.0144836,5.056084,5.4141504,5.7722168,5.967650,6.000450,5,1,0,mul-1789309433396486000-u32-mod32-binius64-ligerito-17-5,1,declared-root,false
mul-1789309433396486000-u32-mod32-binius64-ligerito-17,u32-mod32 2^17 binius64-ligerito | initial rate 1/2,pcs,21417416,21.417416,20.4541332,20.7107664,20.9547496,21.1860828,21.417416,21.4321172,21.4468184,21.5332184,21.6913172,5,1,0,mul-1789309433396486000-u32-mod32-binius64-ligerito-17-5,1,declared-root,false
mul-1789309433396486000-u32-mod32-binius64-ligerito-17,u32-mod32 2^17 binius64-ligerito | initial rate 1/2,opening-proof,15816166,15.816166,15.0308666,15.1739002,15.3595668,15.5878664,15.816166,16.0489336,16.2817012,16.4379762,16.5177586,5,1,0,mul-1789309433396486000-u32-mod32-binius64-ligerito-17-5,1,declared-root,false
mul-1789309433396486000-u32-mod32-binius64-ligerito-17,u32-mod32 2^17 binius64-ligerito | initial rate 1/2,constraint-proof,101295293,101.295293,98.234676,98.919476,99.6685594,100.4819262,101.295293,101.724925,102.154557,103.8602236,106.8419248,5,1,0,mul-1789309433396486000-u32-mod32-binius64-ligerito-17-5,1,declared-root,false
mul-1789309433396486000-u32-mod32-binius64-ligerito-17,u32-mod32 2^17 binius64-ligerito | initial rate 1/2,verification,5930625,5.930625,5.910142,5.913992,5.9188586,5.9247418,5.930625,5.952125,5.973625,6.000350,6.032300,5,1,0,mul-1789309433396486000-u32-mod32-binius64-ligerito-17-5,1,declared-root,false
mul-1789309433396486000-u32-mod32-binius64-ligerito-18,u32-mod32 2^18 binius64-ligerito | initial rate 1/2,end-to-end,264497500,264.497500,223.9318832,224.1785164,232.3409664,248.4192332,264.497500,271.1435668,277.7896336,289.6767668,306.8049664,5,1,0,mul-1789309433396486000-u32-mod32-binius64-ligerito-18-1,1,declared-root,false
mul-1789309433396486000-u32-mod32-binius64-ligerito-18,u32-mod32 2^18 binius64-ligerito | initial rate 1/2,witness-generation,6629041,6.629041,6.6130252,6.6150084,6.6186082,6.6238246,6.629041,6.6697414,6.7104418,6.7471336,6.7798168,5,1,0,mul-1789309433396486000-u32-mod32-binius64-ligerito-18-1,1,declared-root,false
mul-1789309433396486000-u32-mod32-binius64-ligerito-18,u32-mod32 2^18 binius64-ligerito | initial rate 1/2,proving,258309083,258.309083,217.0107754,217.2965918,225.6134166,241.9612498,258.309083,264.4090662,270.5090494,282.1332494,299.2816662,5,1,0,mul-1789309433396486000-u32-mod32-binius64-ligerito-18-1,1,declared-root,false
mul-1789309433396486000-u32-mod32-binius64-ligerito-18,u32-mod32 2^18 binius64-ligerito | initial rate 1/2,commit,10014125,10.014125,9.2421164,9.3294828,9.5013578,9.7577414,10.014125,10.5581918,11.1022586,11.6571252,12.2227916,5,1,0,mul-1789309433396486000-u32-mod32-binius64-ligerito-18-1,1,declared-root,false
mul-1789309433396486000-u32-mod32-binius64-ligerito-18,u32-mod32 2^18 binius64-ligerito | initial rate 1/2,pcs,35241584,35.241584,31.9585082,33.0938914,33.9775832,34.6095836,35.241584,36.4244836,37.6073832,41.6094248,48.4306084,5,1,0,mul-1789309433396486000-u32-mod32-binius64-ligerito-18-1,1,declared-root,false
mul-1789309433396486000-u32-mod32-binius64-ligerito-18,u32-mod32 2^18 binius64-ligerito | initial rate 1/2,opening-proof,26086834,26.086834,21.1038586,21.3345922,22.377334,24.232084,26.086834,26.3819168,26.6769996,30.5071662,37.8724166,5,1,0,mul-1789309433396486000-u32-mod32-binius64-ligerito-18-1,1,declared-root,false
mul-1789309433396486000-u32-mod32-binius64-ligerito-18,u32-mod32 2^18 binius64-ligerito | initial rate 1/2,constraint-proof,217685000,217.685000,176.7731334,178.8341838,187.4287672,202.5568836,217.685000,222.0106332,226.3362664,233.6836246,244.0527078,5,1,0,mul-1789309433396486000-u32-mod32-binius64-ligerito-18-1,1,declared-root,false
mul-1789309433396486000-u32-mod32-binius64-ligerito-18,u32-mod32 2^18 binius64-ligerito | initial rate 1/2,verification,7486500,7.486500,6.1970834,6.2200838,6.4825672,6.9845336,7.486500,7.5070832,7.5276664,7.5422832,7.5509336,5,1,0,mul-1789309433396486000-u32-mod32-binius64-ligerito-18-1,1,declared-root,false
mul-1789309433396486000-u32-mod32-binius64-ligerito-19,u32-mod32 2^19 binius64-ligerito | initial rate 1/2,end-to-end,462282041,462.282041,453.6000418,457.3407086,459.8252418,461.0536414,462.282041,462.3219746,462.3619082,463.064075,464.428475,5,1,0,mul-1789309433396486000-u32-mod32-binius64-ligerito-19-3,1,declared-root,false
mul-1789309433396486000-u32-mod32-binius64-ligerito-19,u32-mod32 2^19 binius64-ligerito | initial rate 1/2,witness-generation,13372500,13.372500,13.3605414,13.3647078,13.3679328,13.3702164,13.372500,13.4378164,13.5031328,13.549391,13.576591,5,1,0,mul-1789309433396486000-u32-mod32-binius64-ligerito-19-3,1,declared-root,false
mul-1789309433396486000-u32-mod32-binius64-ligerito-19,u32-mod32 2^19 binius64-ligerito | initial rate 1/2,proving,451875166,451.875166,442.8309246,446.3350582,448.8447332,450.3599496,451.875166,452.0357496,452.1963332,452.966175,454.345275,5,1,0,mul-1789309433396486000-u32-mod32-binius64-ligerito-19-3,1,declared-root,false
mul-1789309433396486000-u32-mod32-binius64-ligerito-19,u32-mod32 2^19 binius64-ligerito | initial rate 1/2,commit,20982583,20.982583,19.3897248,19.8947416,20.3143166,20.6484498,20.982583,21.1099498,21.2373166,22.2289666,24.0848998,5,1,0,mul-1789309433396486000-u32-mod32-binius64-ligerito-19-3,1,declared-root,false
mul-1789309433396486000-u32-mod32-binius64-ligerito-19,u32-mod32 2^19 binius64-ligerito | initial rate 1/2,pcs,52665958,52.665958,49.5656332,51.0065164,51.914758,52.290358,52.665958,53.0052076,53.3444572,54.3565992,56.0416336,5,1,0,mul-1789309433396486000-u32-mod32-binius64-ligerito-19-3,1,declared-root,false
mul-1789309433396486000-u32-mod32-binius64-ligerito-19,u32-mod32 2^19 binius64-ligerito | initial rate 1/2,opening-proof,31579708,31.579708,30.0900084,30.9399748,31.407908,31.493808,31.579708,31.6621588,31.7446096,31.9349678,32.2332334,5,1,0,mul-1789309433396486000-u32-mod32-binius64-ligerito-19-3,1,declared-root,false
mul-1789309433396486000-u32-mod32-binius64-ligerito-19,u32-mod32 2^19 binius64-ligerito | initial rate 1/2,constraint-proof,383836833,383.836833,379.0091252,380.9777924,382.3370674,383.0869502,383.836833,384.0531506,384.2694682,384.5391018,384.8620514,5,1,0,mul-1789309433396486000-u32-mod32-binius64-ligerito-19-3,1,declared-root,false
mul-1789309433396486000-u32-mod32-binius64-ligerito-19,u32-mod32 2^19 binius64-ligerito | initial rate 1/2,verification,10392208,10.392208,10.067417,10.083167,10.1512752,10.2717416,10.392208,10.4418748,10.4915416,10.6350416,10.8723748,5,1,0,mul-1789309433396486000-u32-mod32-binius64-ligerito-19-3,1,declared-root,false
mul-1789309433396486000-u32-mod32-binius64-ligerito-20,u32-mod32 2^20 binius64-ligerito | initial rate 1/2,end-to-end,952186584,952.186584,951.2913078,951.5110746,951.7340832,951.9603336,952.186584,953.5531668,954.9197496,957.3830494,960.9430662,5,1,0,mul-1789309433396486000-u32-mod32-binius64-ligerito-20-4,1,declared-root,false
mul-1789309433396486000-u32-mod32-binius64-ligerito-20,u32-mod32 2^20 binius64-ligerito | initial rate 1/2,witness-generation,26568583,26.568583,26.334850,26.454700,26.5254166,26.5469998,26.568583,26.5817666,26.5949502,26.6303004,26.6878172,5,1,0,mul-1789309433396486000-u32-mod32-binius64-ligerito-20-4,1,declared-root,false
mul-1789309433396486000-u32-mod32-binius64-ligerito-20,u32-mod32 2^20 binius64-ligerito | initial rate 1/2,proving,935898834,935.898834,934.9362088,935.0818756,935.303534,935.601184,935.898834,936.6388004,937.3787668,939.8322668,943.9993004,5,1,0,mul-1789309433396486000-u32-mod32-binius64-ligerito-20-4,1,declared-root,false
mul-1789309433396486000-u32-mod32-binius64-ligerito-20,u32-mod32 2^20 binius64-ligerito | initial rate 1/2,commit,38332083,38.332083,37.4126918,37.6560086,37.8885502,38.1103166,38.332083,38.3584662,38.3848494,38.638041,39.118041,5,1,0,mul-1789309433396486000-u32-mod32-binius64-ligerito-20-4,1,declared-root,false
mul-1789309433396486000-u32-mod32-binius64-ligerito-20,u32-mod32 2^20 binius64-ligerito | initial rate 1/2,pcs,96947208,96.947208,94.8955748,95.1591916,95.6222416,96.2847248,96.947208,97.7650908,98.5829736,99.083607,99.266991,5,1,0,mul-1789309433396486000-u32-mod32-binius64-ligerito-20-4,1,declared-root,false
mul-1789309433396486000-u32-mod32-binius64-ligerito-20,u32-mod32 2^20 binius64-ligerito | initial rate 1/2,opening-proof,58615125,58.615125,57.482883,57.503183,57.7336914,58.1744082,58.615125,58.9266246,59.2381242,59.725566,60.388950,5,1,0,mul-1789309433396486000-u32-mod32-binius64-ligerito-20-4,1,declared-root,false
mul-1789309433396486000-u32-mod32-binius64-ligerito-20,u32-mod32 2^20 binius64-ligerito | initial rate 1/2,constraint-proof,811012834,811.012834,807.8864678,807.8976006,808.5251004,809.7689672,811.012834,812.7890504,814.5652668,817.4907834,821.5656002,5,1,0,mul-1789309433396486000-u32-mod32-binius64-ligerito-20-4,1,declared-root,false
mul-1789309433396486000-u32-mod32-binius64-ligerito-20,u32-mod32 2^20 binius64-ligerito | initial rate 1/2,verification,16321583,16.321583,16.2691586,16.2709422,16.2817838,16.3016834,16.321583,16.3736334,16.4256838,16.729434,17.284884,5,1,0,mul-1789309433396486000-u32-mod32-binius64-ligerito-20-4,1,declared-root,false
mul-1789309433396486000-u32-mod32-binius64-ligerito-21,u32-mod32 2^21 binius64-ligerito | initial rate 1/2,end-to-end,1842877042,1842.877042,1833.9277416,1839.1980252,1842.041942,1842.459492,1842.877042,1844.9370752,1846.9971084,1852.8076916,1862.3688248,5,1,0,mul-1789309433396486000-u32-mod32-binius64-ligerito-21-5,1,declared-root,false
mul-1789309433396486000-u32-mod32-binius64-ligerito-21,u32-mod32 2^21 binius64-ligerito | initial rate 1/2,witness-generation,53335958,53.335958,52.9962498,53.2016666,53.3106916,53.3233248,53.335958,53.3414916,53.3470252,53.3751336,53.4258168,5,1,0,mul-1789309433396486000-u32-mod32-binius64-ligerito-21-5,1,declared-root,false
mul-1789309433396486000-u32-mod32-binius64-ligerito-21,u32-mod32 2^21 binius64-ligerito | initial rate 1/2,proving,1816507542,1816.507542,1807.2687088,1812.9708756,1815.9590756,1816.2333088,1816.507542,1818.403842,1820.300142,1826.197067,1836.094617,5,1,0,mul-1789309433396486000-u32-mod32-binius64-ligerito-21-5,1,declared-root,false
mul-1789309433396486000-u32-mod32-binius64-ligerito-21,u32-mod32 2^21 binius64-ligerito | initial rate 1/2,commit,76091292,76.091292,75.1453918,75.1866586,75.384092,75.737692,76.091292,76.6876088,77.2839256,78.5060006,80.3538338,5,1,0,mul-1789309433396486000-u32-mod32-binius64-ligerito-21-5,1,declared-root,false
mul-1789309433396486000-u32-mod32-binius64-ligerito-21,u32-mod32 2^21 binius64-ligerito | initial rate 1/2,pcs,215117084,215.117084,212.3782582,212.6298914,213.2279832,214.1725336,215.117084,215.6960508,216.2750176,216.8655426,217.4676258,5,1,0,mul-1789309433396486000-u32-mod32-binius64-ligerito-21-5,1,declared-root,false
mul-1789309433396486000-u32-mod32-binius64-ligerito-21,u32-mod32 2^21 binius64-ligerito | initial rate 1/2,opening-proof,137548416,137.548416,134.5582502,136.2010834,137.1276832,137.3380496,137.548416,138.7183332,139.8882504,140.4760922,140.4818586,5,1,0,mul-1789309433396486000-u32-mod32-binius64-ligerito-21-5,1,declared-root,false
mul-1789309433396486000-u32-mod32-binius64-ligerito-21,u32-mod32 2^21 binius64-ligerito | initial rate 1/2,constraint-proof,1548746376,1548.746376,1535.255632,1540.156432,1543.8347408,1546.2905584,1548.746376,1550.9115756,1553.0767752,1558.467625,1567.084125,5,1,0,mul-1789309433396486000-u32-mod32-binius64-ligerito-21-5,1,declared-root,false
mul-1789309433396486000-u32-mod32-binius64-ligerito-21,u32-mod32 2^21 binius64-ligerito | initial rate 1/2,verification,26354333,26.354333,25.9524002,25.9816334,26.0678666,26.2110998,26.354333,26.5171998,26.6800666,26.8242666,26.9497998,5,1,0,mul-1789309433396486000-u32-mod32-binius64-ligerito-21-5,1,declared-root,false
mul-1789309433396486000-u32-mod32-binius64-ligerito-22,u32-mod32 2^22 binius64-ligerito | initial rate 1/2,end-to-end,3870304750,3870.304750,3789.1300918,3805.0425586,3824.4599836,3847.3823668,3870.304750,3879.777600,3889.250450,3909.6858582,3941.0838246,5,1,0,mul-1789309433396486000-u32-mod32-binius64-ligerito-22-4,1,declared-root,false
mul-1789309433396486000-u32-mod32-binius64-ligerito-22,u32-mod32 2^22 binius64-ligerito | initial rate 1/2,witness-generation,107305458,107.305458,107.0756416,107.1187412,107.1733244,107.2393912,107.305458,107.5049248,107.7043916,131.3397334,178.4109502,5,1,0,mul-1789309433396486000-u32-mod32-binius64-ligerito-22-4,1,declared-root,false
mul-1789309433396486000-u32-mod32-binius64-ligerito-22,u32-mod32 2^22 binius64-ligerito | initial rate 1/2,proving,3812119083,3812.119083,3724.639000,3742.550000,3763.6282166,3787.8736498,3812.119083,3823.6608998,3835.2027166,3858.0005666,3892.0544498,5,1,0,mul-1789309433396486000-u32-mod32-binius64-ligerito-22-4,1,declared-root,false
mul-1789309433396486000-u32-mod32-binius64-ligerito-22,u32-mod32 2^22 binius64-ligerito | initial rate 1/2,commit,159883666,159.883666,158.968225,159.067325,159.2702332,159.5769496,159.883666,160.6820996,161.4805332,166.5662834,175.9393502,5,1,0,mul-1789309433396486000-u32-mod32-binius64-ligerito-22-4,1,declared-root,false
mul-1789309433396486000-u32-mod32-binius64-ligerito-22,u32-mod32 2^22 binius64-ligerito | initial rate 1/2,pcs,489134666,489.134666,471.8722158,481.1646826,486.475666,487.805166,489.134666,493.0620992,496.9895324,502.7192408,510.2512244,5,1,0,mul-1789309433396486000-u32-mod32-binius64-ligerito-22-4,1,declared-root,false
mul-1789309433396486000-u32-mod32-binius64-ligerito-22,u32-mod32 2^22 binius64-ligerito | initial rate 1/2,opening-proof,330017791,330.017791,312.5972744,321.4839248,326.7453582,328.3815746,330.017791,330.998991,331.980191,333.3913326,335.2324158,5,1,0,mul-1789309433396486000-u32-mod32-binius64-ligerito-22-4,1,declared-root,false
mul-1789309433396486000-u32-mod32-binius64-ligerito-22,u32-mod32 2^22 binius64-ligerito | initial rate 1/2,constraint-proof,3151537167,3151.537167,3095.691842,3096.861142,3108.264067,3129.900617,3151.537167,3186.5202838,3221.5034006,3257.4720174,3294.4261342,5,1,0,mul-1789309433396486000-u32-mod32-binius64-ligerito-22-4,1,declared-root,false
mul-1789309433396486000-u32-mod32-binius64-ligerito-22,u32-mod32 2^22 binius64-ligerito | initial rate 1/2,verification,58170000,58.170000,49.0122166,51.6677662,54.0304328,56.1002164,58.170000,59.4924332,60.8148664,62.4744664,64.4712332,5,1,0,mul-1789309433396486000-u32-mod32-binius64-ligerito-22-4,1,declared-root,false
mul-1789309433396486000-u32-mod32-f2z-15,u32-mod32 2^15 f2z | initial rate 1/2,end-to-end,28442959,28.442959,28.288075,28.333775,28.3738918,28.4084254,28.442959,28.6486254,28.8542918,28.9927168,29.0639004,5,1,0,mul-1789309433396486000-u32-mod32-f2z-15-4,1,declared-root,false
mul-1789309433396486000-u32-mod32-f2z-15,u32-mod32 2^15 f2z | initial rate 1/2,witness-generation,74541,0.074541,0.0724578,0.0728746,0.0733746,0.0739578,0.074541,0.0762746,0.0780082,0.0788834,0.0789002,5,1,0,mul-1789309433396486000-u32-mod32-f2z-15-4,1,declared-root,false
mul-1789309433396486000-u32-mod32-f2z-15,u32-mod32 2^15 f2z | initial rate 1/2,preparation,185083,0.185083,0.1823668,0.1837336,0.1845502,0.1848166,0.185083,0.185283,0.185483,0.1856664,0.1858332,5,1,0,mul-1789309433396486000-u32-mod32-f2z-15-4,1,declared-root,false
mul-1789309433396486000-u32-mod32-f2z-15,u32-mod32 2^15 f2z | initial rate 1/2,proving,24715792,24.715792,24.2284334,24.2481998,24.3496248,24.5327084,24.715792,24.7620088,24.8082256,24.8531172,24.8966836,5,1,0,mul-1789309433396486000-u32-mod32-f2z-15-4,1,declared-root,false
mul-1789309433396486000-u32-mod32-f2z-15,u32-mod32 2^15 f2z | initial rate 1/2,commit,1129333,1.129333,1.028800,1.091600,1.1242666,1.1267998,1.129333,1.1364166,1.1435002,1.1520836,1.1621668,5,1,0,mul-1789309433396486000-u32-mod32-f2z-15-4,1,declared-root,false
mul-1789309433396486000-u32-mod32-f2z-15,u32-mod32 2^15 f2z | initial rate 1/2,pcs,21798958,21.798958,21.6156164,21.6167328,21.6536244,21.7262912,21.798958,21.9130084,22.0270588,22.1418838,22.2574834,5,1,0,mul-1789309433396486000-u32-mod32-f2z-15-4,1,declared-root,false
mul-1789309433396486000-u32-mod32-f2z-15,u32-mod32 2^15 f2z | initial rate 1/2,opening-proof,20669625,20.669625,20.4787494,20.4872498,20.527125,20.598375,20.669625,20.8490086,21.0283922,21.1346338,21.1677334,5,1,0,mul-1789309433396486000-u32-mod32-f2z-15-4,1,declared-root,false
mul-1789309433396486000-u32-mod32-f2z-15,u32-mod32 2^15 f2z | initial rate 1/2,constraint-proof,2247667,2.247667,2.1884914,2.1886078,2.2004662,2.2240666,2.247667,2.2521002,2.2565334,2.327475,2.464925,5,1,0,mul-1789309433396486000-u32-mod32-f2z-15-4,1,declared-root,false
mul-1789309433396486000-u32-mod32-f2z-15,u32-mod32 2^15 f2z | initial rate 1/2,verification,4112500,4.112500,3.8190332,3.9224004,4.0017672,4.0571336,4.112500,4.122650,4.132800,4.147225,4.165925,5,1,0,mul-1789309433396486000-u32-mod32-f2z-15-4,1,declared-root,false
mul-1789309433396486000-u32-mod32-f2z-16,u32-mod32 2^16 f2z | initial rate 1/2,end-to-end,41741500,41.741500,38.7918748,38.8947916,39.505300,40.623400,41.741500,42.089700,42.437900,42.790600,43.147800,5,1,0,mul-1789309433396486000-u32-mod32-f2z-16-4,1,declared-root,false
mul-1789309433396486000-u32-mod32-f2z-16,u32-mod32 2^16 f2z | initial rate 1/2,witness-generation,144166,0.144166,0.1316248,0.1352916,0.1385332,0.1413496,0.144166,0.1453832,0.1466004,0.1504422,0.1569086,5,1,0,mul-1789309433396486000-u32-mod32-f2z-16-4,1,declared-root,false
mul-1789309433396486000-u32-mod32-f2z-16,u32-mod32 2^16 f2z | initial rate 1/2,preparation,198041,0.198041,0.1965832,0.1969164,0.1972746,0.1976578,0.198041,0.1982078,0.1983746,0.1996082,0.2019086,5,1,0,mul-1789309433396486000-u32-mod32-f2z-16-4,1,declared-root,false
mul-1789309433396486000-u32-mod32-f2z-16,u32-mod32 2^16 f2z | initial rate 1/2,proving,38149250,38.149250,35.1906748,35.2343916,35.834850,36.992050,38.149250,38.7246168,39.2999836,39.6192668,39.6824664,5,1,0,mul-1789309433396486000-u32-mod32-f2z-16-4,1,declared-root,false
mul-1789309433396486000-u32-mod32-f2z-16,u32-mod32 2^16 f2z | initial rate 1/2,commit,1615541,1.615541,1.425717,1.527767,1.5861418,1.6008414,1.615541,1.7090578,1.8025746,1.8553914,1.8675082,5,1,0,mul-1789309433396486000-u32-mod32-f2z-16-4,1,declared-root,false
mul-1789309433396486000-u32-mod32-f2z-16,u32-mod32 2^16 f2z | initial rate 1/2,pcs,34373458,34.373458,31.4152082,31.5027914,32.111958,33.242708,34.373458,34.8846744,35.3958908,35.7341576,35.8994748,5,1,0,mul-1789309433396486000-u32-mod32-f2z-16-4,1,declared-root,false
mul-1789309433396486000-u32-mod32-f2z-16,u32-mod32 2^16 f2z | initial rate 1/2,opening-proof,32493833,32.493833,29.6740916,29.8698912,30.4729994,31.4834162,32.493833,33.110683,33.727533,34.1769914,34.4590582,5,1,0,mul-1789309433396486000-u32-mod32-f2z-16-4,1,declared-root,false
mul-1789309433396486000-u32-mod32-f2z-16,u32-mod32 2^16 f2z | initial rate 1/2,constraint-proof,3259375,3.259375,3.1126916,3.1768412,3.2190078,3.2391914,3.259375,3.2606414,3.2619078,3.3210494,3.4380662,5,1,0,mul-1789309433396486000-u32-mod32-f2z-16-4,1,declared-root,false
mul-1789309433396486000-u32-mod32-f2z-16,u32-mod32 2^16 f2z | initial rate 1/2,verification,3581292,3.581292,3.220700,3.427650,3.5411584,3.5612252,3.581292,3.620492,3.659692,3.6933836,3.7215668,5,1,0,mul-1789309433396486000-u32-mod32-f2z-16-4,1,declared-root,false
mul-1789309433396486000-u32-mod32-f2z-17,u32-mod32 2^17 f2z | initial rate 1/2,end-to-end,58542917,58.542917,57.5544588,57.6406256,57.8555506,58.1992338,58.542917,58.5850166,58.6271162,58.8121328,59.1400664,5,1,0,mul-1789309433396486000-u32-mod32-f2z-17-3,1,declared-root,false
mul-1789309433396486000-u32-mod32-f2z-17,u32-mod32 2^17 f2z | initial rate 1/2,witness-generation,250875,0.250875,0.2469414,0.2490078,0.2502078,0.2505414,0.250875,0.2576918,0.2645086,0.2683336,0.2691668,5,1,0,mul-1789309433396486000-u32-mod32-f2z-17-3,1,declared-root,false
mul-1789309433396486000-u32-mod32-f2z-17,u32-mod32 2^17 f2z | initial rate 1/2,preparation,190916,0.190916,0.1856002,0.1860334,0.1871832,0.1890496,0.190916,0.1920996,0.1932832,0.1949416,0.1970748,5,1,0,mul-1789309433396486000-u32-mod32-f2z-17-3,1,declared-root,false
mul-1789309433396486000-u32-mod32-f2z-17,u32-mod32 2^17 f2z | initial rate 1/2,proving,54100625,54.100625,52.8263668,53.0164836,53.3093586,53.7049918,54.100625,54.2257918,54.3509586,54.5710336,54.8860168,5,1,0,mul-1789309433396486000-u32-mod32-f2z-17-3,1,declared-root,false
mul-1789309433396486000-u32-mod32-f2z-17,u32-mod32 2^17 f2z | initial rate 1/2,commit,2614458,2.614458,2.5631662,2.5712494,2.5831244,2.5987912,2.614458,2.6988416,2.7832252,2.8417668,2.8744664,5,1,0,mul-1789309433396486000-u32-mod32-f2z-17-3,1,declared-root,false
mul-1789309433396486000-u32-mod32-f2z-17,u32-mod32 2^17 f2z | initial rate 1/2,pcs,48037084,48.037084,47.221199,47.294149,47.471916,47.754500,48.037084,48.2375836,48.4380832,48.7167496,49.0735828,5,1,0,mul-1789309433396486000-u32-mod32-f2z-17-3,1,declared-root,false
mul-1789309433396486000-u32-mod32-f2z-17,u32-mod32 2^17 f2z | initial rate 1/2,opening-proof,45211667,45.211667,44.446783,44.652483,44.8465998,45.0291334,45.211667,45.4965502,45.7814334,46.1141666,46.4947498,5,1,0,mul-1789309433396486000-u32-mod32-f2z-17-3,1,declared-root,false
mul-1789309433396486000-u32-mod32-f2z-17,u32-mod32 2^17 f2z | initial rate 1/2,constraint-proof,5021958,5.021958,4.8080002,4.8525834,4.9042916,4.9631248,5.021958,5.0405748,5.0591916,5.175025,5.388075,5,1,0,mul-1789309433396486000-u32-mod32-f2z-17-3,1,declared-root,false
mul-1789309433396486000-u32-mod32-f2z-17,u32-mod32 2^17 f2z | initial rate 1/2,verification,4430500,4.430500,4.232475,4.244075,4.286000,4.358250,4.430500,4.482650,4.534800,4.6129918,4.7172254,5,1,0,mul-1789309433396486000-u32-mod32-f2z-17-3,1,declared-root,false
mul-1789309433396486000-u32-mod32-f2z-18,u32-mod32 2^18 f2z | initial rate 1/2,end-to-end,92362583,92.362583,90.5310166,90.5973662,90.9769494,91.6697662,92.362583,92.824833,93.287083,94.1102164,95.2942332,5,1,0,mul-1789309433396486000-u32-mod32-f2z-18-5,1,declared-root,false
mul-1789309433396486000-u32-mod32-f2z-18,u32-mod32 2^18 f2z | initial rate 1/2,witness-generation,529084,0.529084,0.4849752,0.4889084,0.4985168,0.5138004,0.529084,0.5302168,0.5313496,0.5356078,0.5429914,5,1,0,mul-1789309433396486000-u32-mod32-f2z-18-5,1,declared-root,false
mul-1789309433396486000-u32-mod32-f2z-18,u32-mod32 2^18 f2z | initial rate 1/2,preparation,190875,0.190875,0.1880166,0.1884502,0.1891086,0.1899918,0.190875,0.198925,0.206975,0.2138416,0.2195248,5,1,0,mul-1789309433396486000-u32-mod32-f2z-18-5,1,declared-root,false
mul-1789309433396486000-u32-mod32-f2z-18,u32-mod32 2^18 f2z | initial rate 1/2,proving,87676750,87.676750,85.7324998,85.7874166,86.187250,86.932000,87.676750,87.9112332,88.1457164,88.9422164,90.3007332,5,1,0,mul-1789309433396486000-u32-mod32-f2z-18-5,1,declared-root,false
mul-1789309433396486000-u32-mod32-f2z-18,u32-mod32 2^18 f2z | initial rate 1/2,commit,4535500,4.535500,4.0998414,4.1013078,4.1887328,4.3621164,4.535500,4.5401668,4.5448336,4.5914752,4.6800916,5,1,0,mul-1789309433396486000-u32-mod32-f2z-18-5,1,declared-root,false
mul-1789309433396486000-u32-mod32-f2z-18,u32-mod32 2^18 f2z | initial rate 1/2,pcs,79630375,79.630375,77.182216,77.292266,77.8039078,78.7171414,79.630375,79.6745086,79.7186422,80.4206838,81.7806334,5,1,0,mul-1789309433396486000-u32-mod32-f2z-18-5,1,declared-root,false
mul-1789309433396486000-u32-mod32-f2z-18,u32-mod32 2^18 f2z | initial rate 1/2,opening-proof,75193542,75.193542,72.5067912,72.7101244,73.2881412,74.2408416,75.193542,75.3274588,75.4613756,76.2311088,77.6366584,5,1,0,mul-1789309433396486000-u32-mod32-f2z-18-5,1,declared-root,false
mul-1789309433396486000-u32-mod32-f2z-18,u32-mod32 2^18 f2z | initial rate 1/2,constraint-proof,7379208,7.379208,7.0784666,7.2256002,7.3151752,7.3471916,7.379208,7.3820248,7.3848416,7.409200,7.455100,5,1,0,mul-1789309433396486000-u32-mod32-f2z-18-5,1,declared-root,false
mul-1789309433396486000-u32-mod32-f2z-18,u32-mod32 2^18 f2z | initial rate 1/2,verification,4803000,4.803000,4.7121664,4.7526668,4.7789336,4.7909668,4.803000,4.8040668,4.8051336,4.8931586,5.0681418,5,1,0,mul-1789309433396486000-u32-mod32-f2z-18-5,1,declared-root,false
mul-1789309433396486000-u32-mod32-f2z-19,u32-mod32 2^19 f2z | initial rate 1/2,end-to-end,214331291,214.331291,197.0123584,199.3810088,203.3185254,208.8249082,214.331291,214.6617746,214.9922582,226.385575,248.841725,5,1,0,mul-1789309433396486000-u32-mod32-f2z-19-4,1,declared-root,false
mul-1789309433396486000-u32-mod32-f2z-19,u32-mod32 2^19 f2z | initial rate 1/2,witness-generation,976500,0.976500,0.9291418,0.9429086,0.9551336,0.9658168,0.976500,0.9765336,0.9765672,0.9872672,1.0086336,5,1,0,mul-1789309433396486000-u32-mod32-f2z-19-4,1,declared-root,false
mul-1789309433396486000-u32-mod32-f2z-19,u32-mod32 2^19 f2z | initial rate 1/2,preparation,191000,0.191000,0.1880246,0.1892582,0.190100,0.190550,0.191000,0.191350,0.191700,0.1919666,0.1921498,5,1,0,mul-1789309433396486000-u32-mod32-f2z-19-4,1,declared-root,false
mul-1789309433396486000-u32-mod32-f2z-19,u32-mod32 2^19 f2z | initial rate 1/2,proving,209428625,209.428625,192.2435996,194.4362832,198.311825,203.870225,209.428625,209.522875,209.617125,221.054025,243.833575,5,1,0,mul-1789309433396486000-u32-mod32-f2z-19-4,1,declared-root,false
mul-1789309433396486000-u32-mod32-f2z-19,u32-mod32 2^19 f2z | initial rate 1/2,commit,9217583,9.217583,7.1740252,7.2845084,7.7153166,8.4664498,9.217583,12.3406998,15.4638166,17.185700,17.506350,5,1,0,mul-1789309433396486000-u32-mod32-f2z-19-4,1,declared-root,false
mul-1789309433396486000-u32-mod32-f2z-19,u32-mod32 2^19 f2z | initial rate 1/2,pcs,195919749,195.919749,179.602833,181.942167,185.673417,190.796583,195.919749,196.2766658,196.6335826,208.2046162,230.9897666,5,1,0,mul-1789309433396486000-u32-mod32-f2z-19-4,1,declared-root,false
mul-1789309433396486000-u32-mod32-f2z-19,u32-mod32 2^19 f2z | initial rate 1/2,opening-proof,178985041,178.985041,166.451708,172.665292,176.4146754,177.6998582,178.985041,182.071891,185.158741,198.7040078,222.7076914,5,1,0,mul-1789309433396486000-u32-mod32-f2z-19-4,1,declared-root,false
mul-1789309433396486000-u32-mod32-f2z-19,u32-mod32 2^19 f2z | initial rate 1/2,constraint-proof,10943208,10.943208,10.758692,10.875092,10.9352752,10.9392416,10.943208,10.9758416,11.0084752,11.1483168,11.3953664,5,1,0,mul-1789309433396486000-u32-mod32-f2z-19-4,1,declared-root,false
mul-1789309433396486000-u32-mod32-f2z-19,u32-mod32 2^19 f2z | initial rate 1/2,verification,4674291,4.674291,4.6111834,4.6405338,4.6590254,4.6666582,4.674291,4.8136746,4.9530582,5.161725,5.439675,5,1,0,mul-1789309433396486000-u32-mod32-f2z-19-4,1,declared-root,false
mul-1789309433396486000-u32-mod32-f2z-20,u32-mod32 2^20 f2z | initial rate 1/2,end-to-end,290284209,290.284209,282.6279586,282.7162082,284.2651082,287.2746586,290.284209,291.7321586,293.1801082,295.6497414,299.1410582,5,1,0,mul-1789309433396486000-u32-mod32-f2z-20-1,1,declared-root,false
mul-1789309433396486000-u32-mod32-f2z-20,u32-mod32 2^20 f2z | initial rate 1/2,witness-generation,2043958,2.043958,1.9090584,1.9275748,1.958258,2.001108,2.043958,2.050058,2.056158,2.0600164,2.0616332,5,1,0,mul-1789309433396486000-u32-mod32-f2z-20-1,1,declared-root,false
mul-1789309433396486000-u32-mod32-f2z-20,u32-mod32 2^20 f2z | initial rate 1/2,preparation,200959,0.200959,0.199091,0.199141,0.1995246,0.2002418,0.200959,0.2012754,0.2015918,0.202550,0.204150,5,1,0,mul-1789309433396486000-u32-mod32-f2z-20-1,1,declared-root,false
mul-1789309433396486000-u32-mod32-f2z-20,u32-mod32 2^20 f2z | initial rate 1/2,proving,284707250,284.707250,276.9422668,276.9806996,278.5413828,281.6243164,284.707250,285.934950,287.162650,289.5969666,293.2378998,5,1,0,mul-1789309433396486000-u32-mod32-f2z-20-1,1,declared-root,false
mul-1789309433396486000-u32-mod32-f2z-20,u32-mod32 2^20 f2z | initial rate 1/2,commit,16178375,16.178375,15.366525,15.472175,15.655675,15.917025,16.178375,16.4210914,16.6638078,16.829616,16.918516,5,1,0,mul-1789309433396486000-u32-mod32-f2z-20-1,1,declared-root,false
mul-1789309433396486000-u32-mod32-f2z-20,u32-mod32 2^20 f2z | initial rate 1/2,pcs,261018792,261.018792,250.8063254,252.0230258,254.3088592,257.6638256,261.018792,261.024108,261.029424,263.4003572,268.1369076,5,1,0,mul-1789309433396486000-u32-mod32-f2z-20-1,1,declared-root,false
mul-1789309433396486000-u32-mod32-f2z-20,u32-mod32 2^20 f2z | initial rate 1/2,opening-proof,244246916,244.246916,234.1305258,235.6788426,238.011784,241.129350,244.246916,244.7456664,245.2444168,247.9175502,252.7650666,5,1,0,mul-1789309433396486000-u32-mod32-f2z-20-1,1,declared-root,false
mul-1789309433396486000-u32-mod32-f2z-20,u32-mod32 2^20 f2z | initial rate 1/2,constraint-proof,20742417,20.742417,20.3294496,20.4277332,20.5299834,20.6362002,20.742417,21.7264834,22.7105498,23.3595414,23.6734582,5,1,0,mul-1789309433396486000-u32-mod32-f2z-20-1,1,declared-root,false
mul-1789309433396486000-u32-mod32-f2z-20,u32-mod32 2^20 f2z | initial rate 1/2,verification,5742584,5.742584,5.588458,5.611208,5.6465832,5.6945836,5.742584,5.7450504,5.7475168,5.8222582,5.9692746,5,1,0,mul-1789309433396486000-u32-mod32-f2z-20-1,1,declared-root,false
mul-1789309433396486000-u32-mod32-f2z-21,u32-mod32 2^21 f2z | initial rate 1/2,end-to-end,545349292,545.349292,535.6303084,538.1534088,540.6018256,542.9755588,545.349292,546.9038752,548.4584584,550.2534916,552.2889748,5,1,0,mul-1789309433396486000-u32-mod32-f2z-21-5,1,declared-root,false
mul-1789309433396486000-u32-mod32-f2z-21,u32-mod32 2^21 f2z | initial rate 1/2,witness-generation,4194459,4.194459,3.8806662,3.8859994,3.9498246,4.0721418,4.194459,4.1961418,4.1978246,4.2047162,4.2168166,5,1,0,mul-1789309433396486000-u32-mod32-f2z-21-5,1,declared-root,false
mul-1789309433396486000-u32-mod32-f2z-21,u32-mod32 2^21 f2z | initial rate 1/2,preparation,187542,0.187542,0.1837332,0.1852164,0.1862748,0.1869084,0.187542,0.1886752,0.1898084,0.192675,0.197275,5,1,0,mul-1789309433396486000-u32-mod32-f2z-21-5,1,declared-root,false
mul-1789309433396486000-u32-mod32-f2z-21,u32-mod32 2^21 f2z | initial rate 1/2,proving,537367375,537.367375,527.5156672,530.0690004,532.5500086,534.9586918,537.367375,538.959175,540.550975,542.317175,544.257775,5,1,0,mul-1789309433396486000-u32-mod32-f2z-21-5,1,declared-root,false
mul-1789309433396486000-u32-mod32-f2z-21,u32-mod32 2^21 f2z | initial rate 1/2,commit,30820583,30.820583,29.2548082,29.7427414,30.153483,30.487033,30.820583,31.0021334,31.1836838,31.4950504,31.9362332,5,1,0,mul-1789309433396486000-u32-mod32-f2z-21-5,1,declared-root,false
mul-1789309433396486000-u32-mod32-f2z-21,u32-mod32 2^21 f2z | initial rate 1/2,pcs,494463501,494.463501,484.308167,486.946917,489.5057338,491.9846174,494.463501,495.6365834,496.8096658,497.909974,498.937508,5,1,0,mul-1789309433396486000-u32-mod32-f2z-21-5,1,declared-root,false
mul-1789309433396486000-u32-mod32-f2z-21,u32-mod32 2^21 f2z | initial rate 1/2,opening-proof,463189042,463.189042,455.0533588,457.2041756,459.2614756,461.2252588,463.189042,463.9209416,464.6528412,465.8439246,467.4941918,5,1,0,mul-1789309433396486000-u32-mod32-f2z-21-5,1,declared-root,false
mul-1789309433396486000-u32-mod32-f2z-21,u32-mod32 2^21 f2z | initial rate 1/2,constraint-proof,36419333,36.419333,36.0545328,36.1336496,36.222433,36.320883,36.419333,36.8045666,37.1898002,37.844742,38.769392,5,1,0,mul-1789309433396486000-u32-mod32-f2z-21-5,1,declared-root,false
mul-1789309433396486000-u32-mod32-f2z-21,u32-mod32 2^21 f2z | initial rate 1/2,verification,8058458,8.058458,7.9155418,7.9534586,7.9896252,8.0240416,8.058458,8.0812248,8.1039916,8.1190916,8.1265248,5,1,0,mul-1789309433396486000-u32-mod32-f2z-21-5,1,declared-root,false
mul-1789309433396486000-u32-mod32-f2z-22,u32-mod32 2^22 f2z | initial rate 1/2,end-to-end,1090366208,1090.366208,1040.6589918,1072.7858586,1089.1526752,1089.7594416,1090.366208,1099.441508,1108.516808,1114.6371246,1117.8024578,5,1,0,mul-1789309433396486000-u32-mod32-f2z-22-3,1,declared-root,false
mul-1789309433396486000-u32-mod32-f2z-22,u32-mod32 2^22 f2z | initial rate 1/2,witness-generation,7749542,7.749542,7.4738836,7.6051832,7.6865748,7.7180584,7.749542,7.8735084,7.9974748,8.0735164,8.1016332,5,1,0,mul-1789309433396486000-u32-mod32-f2z-22-3,1,declared-root,false
mul-1789309433396486000-u32-mod32-f2z-22,u32-mod32 2^22 f2z | initial rate 1/2,preparation,226500,0.226500,0.2236666,0.2242502,0.2249336,0.2257168,0.226500,0.228250,0.230000,0.230975,0.231175,5,1,0,mul-1789309433396486000-u32-mod32-f2z-22-3,1,declared-root,false
mul-1789309433396486000-u32-mod32-f2z-22,u32-mod32 2^22 f2z | initial rate 1/2,proving,1082332708,1082.332708,1033.3203998,1065.4427166,1081.6696416,1082.0011748,1082.332708,1091.7069412,1101.0811744,1107.2770494,1110.2945662,5,1,0,mul-1789309433396486000-u32-mod32-f2z-22-3,1,declared-root,false
mul-1789309433396486000-u32-mod32-f2z-22,u32-mod32 2^22 f2z | initial rate 1/2,commit,62432292,62.432292,58.267233,58.962883,59.9350248,61.1836584,62.432292,62.625492,62.818692,64.2188752,66.8260416,5,1,0,mul-1789309433396486000-u32-mod32-f2z-22-3,1,declared-root,false
mul-1789309433396486000-u32-mod32-f2z-22,u32-mod32 2^22 f2z | initial rate 1/2,pcs,995476666,995.476666,944.7020256,965.1055092,979.341134,987.408900,995.476666,1003.3971828,1011.3176996,1017.0118498,1020.4796334,5,1,0,mul-1789309433396486000-u32-mod32-f2z-22-3,1,declared-root,false
mul-1789309433396486000-u32-mod32-f2z-22,u32-mod32 2^22 f2z | initial rate 1/2,opening-proof,936165958,936.165958,885.186159,903.645359,917.5331588,926.8495584,936.165958,940.0374748,943.9089916,948.882225,954.957175,5,1,0,mul-1789309433396486000-u32-mod32-f2z-22-3,1,declared-root,false
mul-1789309433396486000-u32-mod32-f2z-22,u32-mod32 2^22 f2z | initial rate 1/2,constraint-proof,74543625,74.543625,65.7923672,67.7371504,69.8763586,72.2099918,74.543625,74.9133082,75.2829914,77.7342664,82.2671332,5,1,0,mul-1789309433396486000-u32-mod32-f2z-22-3,1,declared-root,false
mul-1789309433396486000-u32-mod32-f2z-22,u32-mod32 2^22 f2z | initial rate 1/2,verification,7328959,7.328959,7.294550,7.313850,7.3245918,7.3267754,7.328959,7.4551254,7.5812918,7.7198582,7.8708246,5,1,0,mul-1789309433396486000-u32-mod32-f2z-22-3,1,declared-root,false
mul-1789309433396486000-u32-mod32-plonky3-fri-15,u32-mod32 2^15 plonky3-fri | initial rate 1/2,end-to-end,458958417,458.958417,444.163900,449.289800,453.2738834,456.1161502,458.958417,478.3185502,497.6786834,508.7050416,511.3976248,5,1,0,mul-1789309433396486000-u32-mod32-plonky3-fri-15-2,1,declared-root,false
mul-1789309433396486000-u32-mod32-plonky3-fri-15,u32-mod32 2^15 plonky3-fri | initial rate 1/2,witness-generation,2813916,2.813916,2.7333664,2.7712328,2.794916,2.804416,2.813916,2.8238664,2.8338168,2.8565336,2.8920168,5,1,0,mul-1789309433396486000-u32-mod32-plonky3-fri-15-2,1,declared-root,false
mul-1789309433396486000-u32-mod32-plonky3-fri-15,u32-mod32 2^15 plonky3-fri | initial rate 1/2,proving,429399458,429.399458,415.0908836,420.4521832,424.386158,426.892808,429.399458,449.0910248,468.7825916,479.7936584,482.1242252,5,1,0,mul-1789309433396486000-u32-mod32-plonky3-fri-15-2,1,declared-root,false
mul-1789309433396486000-u32-mod32-plonky3-fri-15,u32-mod32 2^15 plonky3-fri | initial rate 1/2,commit,327768375,327.768375,321.9531418,322.2036586,323.4168086,325.5925918,327.768375,330.8798082,333.9912414,341.8945496,354.5897328,5,1,0,mul-1789309433396486000-u32-mod32-plonky3-fri-15-2,1,declared-root,false
mul-1789309433396486000-u32-mod32-plonky3-fri-15,u32-mod32 2^15 plonky3-fri | initial rate 1/2,pcs,390601583,390.601583,379.359542,384.147792,387.3538502,388.9777166,390.601583,392.4313166,394.2610502,401.9647584,415.5424412,5,1,0,mul-1789309433396486000-u32-mod32-plonky3-fri-15-2,1,declared-root,false
mul-1789309433396486000-u32-mod32-plonky3-fri-15,u32-mod32 2^15 plonky3-fri | initial rate 1/2,opening-proof,59628959,59.628959,54.8548418,57.4673086,58.9446254,59.2867922,59.628959,60.5114586,61.3939582,63.247958,66.073458,5,1,0,mul-1789309433396486000-u32-mod32-plonky3-fri-15-2,1,declared-root,false
mul-1789309433396486000-u32-mod32-plonky3-fri-15,u32-mod32 2^15 plonky3-fri | initial rate 1/2,constraint-proof,35979667,35.979667,32.8749084,33.4571088,34.1945006,35.0870838,35.979667,42.5365834,49.0934998,58.0437996,69.3874828,5,1,0,mul-1789309433396486000-u32-mod32-plonky3-fri-15-2,1,declared-root,false
mul-1789309433396486000-u32-mod32-plonky3-fri-15,u32-mod32 2^15 plonky3-fri | initial rate 1/2,verification,28748583,28.748583,28.1643666,28.1698162,28.2877494,28.5181662,28.748583,28.8471498,28.9457166,29.011425,29.044275,5,1,0,mul-1789309433396486000-u32-mod32-plonky3-fri-15-2,1,declared-root,false
mul-1789309433396486000-u32-mod32-plonky3-fri-16,u32-mod32 2^16 plonky3-fri | initial rate 1/2,end-to-end,796696334,796.696334,791.142200,791.189900,792.3102668,794.5033004,796.696334,800.161034,803.625734,809.4146756,817.5278588,5,1,0,mul-1789309433396486000-u32-mod32-plonky3-fri-16-2,1,declared-root,false
mul-1789309433396486000-u32-mod32-plonky3-fri-16,u32-mod32 2^16 plonky3-fri | initial rate 1/2,witness-generation,5708666,5.708666,5.4942164,5.5101828,5.556266,5.632466,5.708666,5.7363496,5.7640332,5.797750,5.837500,5,1,0,mul-1789309433396486000-u32-mod32-plonky3-fri-16-2,1,declared-root,false
mul-1789309433396486000-u32-mod32-plonky3-fri-16,u32-mod32 2^16 plonky3-fri | initial rate 1/2,proving,764184292,764.184292,758.638075,758.728775,759.8561584,762.0202252,764.184292,768.0266916,771.8690912,777.7727996,785.7378168,5,1,0,mul-1789309433396486000-u32-mod32-plonky3-fri-16-2,1,declared-root,false
mul-1789309433396486000-u32-mod32-plonky3-fri-16,u32-mod32 2^16 plonky3-fri | initial rate 1/2,commit,591571459,591.571459,586.2375082,589.7446414,591.5128582,591.5421586,591.571459,597.4868586,603.4022582,609.6845664,616.3337832,5,1,0,mul-1789309433396486000-u32-mod32-plonky3-fri-16-2,1,declared-root,false
mul-1789309433396486000-u32-mod32-plonky3-fri-16,u32-mod32 2^16 plonky3-fri | initial rate 1/2,pcs,689671791,689.671791,684.1177418,687.2726086,689.0143918,689.3430914,689.671791,695.3749246,701.0780582,707.4573332,714.5127496,5,1,0,mul-1789309433396486000-u32-mod32-plonky3-fri-16-2,1,declared-root,false
mul-1789309433396486000-u32-mod32-plonky3-fri-16,u32-mod32 2^16 plonky3-fri | initial rate 1/2,opening-proof,98173583,98.173583,97.3950166,97.5114502,97.6904502,97.9320166,98.173583,98.1971498,98.2207166,98.3030332,98.4440996,5,1,0,mul-1789309433396486000-u32-mod32-plonky3-fri-16-2,1,declared-root,false
mul-1789309433396486000-u32-mod32-plonky3-fri-16,u32-mod32 2^16 plonky3-fri | initial rate 1/2,constraint-proof,66218666,66.218666,64.2143588,64.3151756,64.7362004,65.4774332,66.218666,67.2082996,68.1979332,69.3690334,70.7216002,5,1,0,mul-1789309433396486000-u32-mod32-plonky3-fri-16-2,1,declared-root,false
mul-1789309433396486000-u32-mod32-plonky3-fri-16,u32-mod32 2^16 plonky3-fri | initial rate 1/2,verification,31732458,31.732458,31.132575,31.286025,31.4366916,31.5845748,31.732458,31.8013416,31.8702252,31.9253918,31.9668414,5,1,0,mul-1789309433396486000-u32-mod32-plonky3-fri-16-2,1,declared-root,false
mul-1789309433396486000-u32-mod32-plonky3-fri-17,u32-mod32 2^17 plonky3-fri | initial rate 1/2,end-to-end,1594930333,1594.930333,1574.127617,1579.588567,1584.8413002,1589.8858166,1594.930333,1622.4210998,1649.9118666,1665.1749584,1668.2103752,5,1,0,mul-1789309433396486000-u32-mod32-plonky3-fri-17-3,1,declared-root,false
mul-1789309433396486000-u32-mod32-plonky3-fri-17,u32-mod32 2^17 plonky3-fri | initial rate 1/2,witness-generation,11861167,11.861167,11.4435162,11.4921994,11.5854662,11.7233166,11.861167,12.0141002,12.1670334,12.2535666,12.2736998,5,1,0,mul-1789309433396486000-u32-mod32-plonky3-fri-17-3,1,declared-root,false
mul-1789309433396486000-u32-mod32-plonky3-fri-17,u32-mod32 2^17 plonky3-fri | initial rate 1/2,proving,1559926667,1559.926667,1538.5935334,1544.2038998,1549.5925998,1554.7596334,1559.926667,1587.1940166,1614.4613662,1629.7724078,1633.1271414,5,1,0,mul-1789309433396486000-u32-mod32-plonky3-fri-17-3,1,declared-root,false
mul-1789309433396486000-u32-mod32-plonky3-fri-17,u32-mod32 2^17 plonky3-fri | initial rate 1/2,commit,1215603208,1215.603208,1207.6826668,1212.6254996,1215.1981744,1215.4006912,1215.603208,1224.414308,1233.225408,1239.9024414,1244.4454082,5,1,0,mul-1789309433396486000-u32-mod32-plonky3-fri-17-3,1,declared-root,false
mul-1789309433396486000-u32-mod32-plonky3-fri-17,u32-mod32 2^17 plonky3-fri | initial rate 1/2,pcs,1419936750,1419.936750,1398.8124086,1403.6886082,1408.8887164,1414.4127332,1419.936750,1443.940350,1467.943950,1480.0410748,1480.2317244,5,1,0,mul-1789309433396486000-u32-mod32-plonky3-fri-17-3,1,declared-root,false
mul-1789309433396486000-u32-mod32-plonky3-fri-17,u32-mod32 2^17 plonky3-fri | initial rate 1/2,opening-proof,204333542,204.333542,191.0964252,191.1630584,193.8238084,199.0786752,204.333542,214.9830752,225.6326084,233.3241832,238.0577996,5,1,0,mul-1789309433396486000-u32-mod32-plonky3-fri-17-3,1,declared-root,false
mul-1789309433396486000-u32-mod32-plonky3-fri-17,u32-mod32 2^17 plonky3-fri | initial rate 1/2,constraint-proof,129448583,129.448583,127.7307086,127.9697922,128.3611838,128.9048834,129.448583,131.9952662,134.5419494,137.4082328,140.5941164,5,1,0,mul-1789309433396486000-u32-mod32-plonky3-fri-17-3,1,declared-root,false
mul-1789309433396486000-u32-mod32-plonky3-fri-17,u32-mod32 2^17 plonky3-fri | initial rate 1/2,verification,34633000,34.633000,34.2139002,34.3033834,34.405100,34.519050,34.633000,34.737000,34.841000,34.9174834,34.9664502,5,1,0,mul-1789309433396486000-u32-mod32-plonky3-fri-17-3,1,declared-root,false
mul-1789309433396486000-u32-mod32-plonky3-fri-18,u32-mod32 2^18 plonky3-fri | initial rate 1/2,end-to-end,3327848375,3327.848375,3194.8029416,3221.2953412,3253.2029078,3290.5256414,3327.848375,3336.2845918,3344.7208086,3355.9719586,3370.0380418,5,1,0,mul-1789309433396486000-u32-mod32-plonky3-fri-18-2,1,declared-root,false
mul-1789309433396486000-u32-mod32-plonky3-fri-18,u32-mod32 2^18 plonky3-fri | initial rate 1/2,witness-generation,28430375,28.430375,28.1262504,28.1641668,28.232575,28.331475,28.430375,29.334425,30.238475,31.088500,31.884500,5,1,0,mul-1789309433396486000-u32-mod32-plonky3-fri-18-2,1,declared-root,false
mul-1789309433396486000-u32-mod32-plonky3-fri-18,u32-mod32 2^18 plonky3-fri | initial rate 1/2,proving,3289228875,3289.228875,3156.5103836,3182.5834332,3214.3417414,3251.7853082,3289.228875,3297.987825,3306.746775,3317.5682584,3330.4522752,5,1,0,mul-1789309433396486000-u32-mod32-plonky3-fri-18-2,1,declared-root,false
mul-1789309433396486000-u32-mod32-plonky3-fri-18,u32-mod32 2^18 plonky3-fri | initial rate 1/2,commit,2480629000,2480.629000,2451.1102088,2461.1593756,2469.0729672,2474.8509836,2480.629000,2509.9994332,2539.3698664,2556.4561914,2561.2584082,5,1,0,mul-1789309433396486000-u32-mod32-plonky3-fri-18-2,1,declared-root,false
mul-1789309433396486000-u32-mod32-plonky3-fri-18,u32-mod32 2^18 plonky3-fri | initial rate 1/2,pcs,2962924209,2962.924209,2864.4463172,2874.7823004,2896.5450754,2929.7346422,2962.924209,2966.8727254,2970.8212418,2975.6511584,2981.3624752,5,1,0,mul-1789309433396486000-u32-mod32-plonky3-fri-18-2,1,declared-root,false
mul-1789309433396486000-u32-mod32-plonky3-fri-18,u32-mod32 2^18 plonky3-fri | initial rate 1/2,opening-proof,413766333,413.766333,386.7827504,400.0841668,408.1411666,410.9537498,413.766333,421.4672834,429.1682338,450.7876006,486.3253838,5,1,0,mul-1789309433396486000-u32-mod32-plonky3-fri-18-2,1,declared-root,false
mul-1789309433396486000-u32-mod32-plonky3-fri-18,u32-mod32 2^18 plonky3-fri | initial rate 1/2,constraint-proof,291338667,291.338667,263.8018414,279.4036418,288.031367,289.685017,291.338667,293.0336338,294.7286006,304.925684,323.624884,5,1,0,mul-1789309433396486000-u32-mod32-plonky3-fri-18-2,1,declared-root,false
mul-1789309433396486000-u32-mod32-plonky3-fri-18,u32-mod32 2^18 plonky3-fri | initial rate 1/2,verification,37936000,37.936000,37.1748582,37.2000914,37.3573664,37.6466832,37.936000,38.0405168,38.1450336,38.5697586,39.3146918,5,1,0,mul-1789309433396486000-u32-mod32-plonky3-fri-18-2,1,declared-root,false
mul-1789309433396486000-u32-mod32-plonky3-fri-19,u32-mod32 2^19 plonky3-fri | initial rate 1/2,end-to-end,6194747750,6194.747750,6169.795850,6184.140700,6192.000050,6193.373900,6194.747750,6214.268450,6233.789150,6253.3069084,6272.8217252,5,1,0,mul-1789309433396486000-u32-mod32-plonky3-fri-19-2,1,declared-root,false
mul-1789309433396486000-u32-mod32-plonky3-fri-19,u32-mod32 2^19 plonky3-fri | initial rate 1/2,witness-generation,46944209,46.944209,45.9419836,46.0637172,46.288509,46.616359,46.944209,47.5838918,48.2235746,51.0747244,56.1373412,5,1,0,mul-1789309433396486000-u32-mod32-plonky3-fri-19-2,1,declared-root,false
mul-1789309433396486000-u32-mod32-plonky3-fri-19,u32-mod32 2^19 plonky3-fri | initial rate 1/2,proving,6152799833,6152.799833,6128.101117,6142.417317,6150.2203002,6151.5100666,6152.799833,6172.6014498,6192.4030666,6211.991225,6231.365925,5,1,0,mul-1789309433396486000-u32-mod32-plonky3-fri-19-2,1,declared-root,false
mul-1789309433396486000-u32-mod32-plonky3-fri-19,u32-mod32 2^19 plonky3-fri | initial rate 1/2,commit,4850789625,4850.789625,4818.9743586,4834.3363422,4843.7717922,4847.2807086,4850.789625,4857.2563418,4863.7230586,4884.2083836,4918.7123168,5,1,0,mul-1789309433396486000-u32-mod32-plonky3-fri-19-2,1,declared-root,false
mul-1789309433396486000-u32-mod32-plonky3-fri-19,u32-mod32 2^19 plonky3-fri | initial rate 1/2,pcs,5608528666,5608.528666,5576.482459,5595.601459,5605.8345004,5607.1815832,5608.528666,5613.9833328,5619.4379996,5636.5232746,5665.2391578,5,1,0,mul-1789309433396486000-u32-mod32-plonky3-fri-19-2,1,declared-root,false
mul-1789309433396486000-u32-mod32-plonky3-fri-19,u32-mod32 2^19 plonky3-fri | initial rate 1/2,opening-proof,755208916,755.208916,745.9437082,751.1486254,754.0426504,754.6257832,755.208916,756.220966,757.233016,758.8199578,760.9817914,5,1,0,mul-1789309433396486000-u32-mod32-plonky3-fri-19-2,1,declared-root,false
mul-1789309433396486000-u32-mod32-plonky3-fri-19,u32-mod32 2^19 plonky3-fri | initial rate 1/2,constraint-proof,507837958,507.837958,497.1916834,499.5026998,502.094158,504.966058,507.837958,509.0733084,510.3086588,512.521334,515.711334,5,1,0,mul-1789309433396486000-u32-mod32-plonky3-fri-19-2,1,declared-root,false
mul-1789309433396486000-u32-mod32-plonky3-fri-19,u32-mod32 2^19 plonky3-fri | initial rate 1/2,verification,40909542,40.909542,40.6073748,40.7827916,40.8783084,40.8939252,40.909542,40.940242,40.970942,41.0287336,41.1136168,5,1,0,mul-1789309433396486000-u32-mod32-plonky3-fri-19-2,1,declared-root,false
mul-1789309433396486000-u32-mod32-plonky3-fri-20,u32-mod32 2^20 plonky3-fri | initial rate 1/2,end-to-end,12352724750,12352.724750,12252.9418832,12300.8987664,12330.4467164,12341.5857332,12352.724750,12362.4771668,12372.2295836,12381.682692,12390.836492,5,1,0,mul-1789309433396486000-u32-mod32-plonky3-fri-20-5,1,declared-root,false
mul-1789309433396486000-u32-mod32-plonky3-fri-20,u32-mod32 2^20 plonky3-fri | initial rate 1/2,witness-generation,92605334,92.605334,91.2298834,91.9335998,92.3494332,92.4773836,92.605334,92.7997504,92.9941668,97.7637916,107.1086248,5,1,0,mul-1789309433396486000-u32-mod32-plonky3-fri-20-5,1,declared-root,false
mul-1789309433396486000-u32-mod32-plonky3-fri-20,u32-mod32 2^20 plonky3-fri | initial rate 1/2,proving,12307746542,12307.746542,12207.9444912,12255.8715244,12285.4173412,12296.5819416,12307.746542,12317.4708752,12327.1952084,12336.794400,12346.268450,5,1,0,mul-1789309433396486000-u32-mod32-plonky3-fri-20-5,1,declared-root,false
mul-1789309433396486000-u32-mod32-plonky3-fri-20,u32-mod32 2^20 plonky3-fri | initial rate 1/2,commit,9736849208,9736.849208,9632.9779748,9682.6932416,9713.4105416,9725.1298748,9736.849208,9755.6720748,9774.4949416,9785.4672916,9788.5891248,5,1,0,mul-1789309433396486000-u32-mod32-plonky3-fri-20-5,1,declared-root,false
mul-1789309433396486000-u32-mod32-plonky3-fri-20,u32-mod32 2^20 plonky3-fri | initial rate 1/2,pcs,11208602625,11208.602625,11100.6856336,11157.2585172,11190.1564922,11199.3795586,11208.602625,11223.0132418,11237.4238586,11246.9729836,11251.6606168,5,1,0,mul-1789309433396486000-u32-mod32-plonky3-fri-20-5,1,declared-root,false
mul-1789309433396486000-u32-mod32-plonky3-fri-20,u32-mod32 2^20 plonky3-fri | initial rate 1/2,opening-proof,1464637292,1464.637292,1460.773692,1460.824592,1461.607492,1463.122392,1464.637292,1467.483742,1470.330192,1473.0015504,1475.4978172,5,1,0,mul-1789309433396486000-u32-mod32-plonky3-fri-20-5,1,declared-root,false
mul-1789309433396486000-u32-mod32-plonky3-fri-20,u32-mod32 2^20 plonky3-fri | initial rate 1/2,constraint-proof,1001149250,1001.149250,996.824333,998.545333,999.7545164,1000.4518832,1001.149250,1003.2842168,1005.4191836,1006.9536336,1007.8875668,5,1,0,mul-1789309433396486000-u32-mod32-plonky3-fri-20-5,1,declared-root,false
mul-1789309433396486000-u32-mod32-plonky3-fri-20,u32-mod32 2^20 plonky3-fri | initial rate 1/2,verification,44177500,44.177500,43.745850,44.027950,44.170700,44.174100,44.177500,44.2084832,44.2394664,44.2618998,44.2757834,5,1,0,mul-1789309433396486000-u32-mod32-plonky3-fri-20-5,1,declared-root,false
mul-1789309433396486000-u32-mod32-plonky3-fri-21,u32-mod32 2^21 plonky3-fri | initial rate 1/2,end-to-end,24939514459,24939.514459,24825.1559084,24831.7110248,24855.8937582,24897.7041086,24939.514459,25016.4668754,25093.4192918,25457.4354166,26108.5152498,5,1,0,mul-1789309433396486000-u32-mod32-plonky3-fri-21-3,1,declared-root,false
mul-1789309433396486000-u32-mod32-plonky3-fri-21,u32-mod32 2^21 plonky3-fri | initial rate 1/2,witness-generation,196105792,196.105792,182.6810082,183.8018914,186.7110248,191.4084084,196.105792,217.4979084,238.8900248,255.378633,266.963733,5,1,0,mul-1789309433396486000-u32-mod32-plonky3-fri-21-3,1,declared-root,false
mul-1789309433396486000-u32-mod32-plonky3-fri-21,u32-mod32 2^21 plonky3-fri | initial rate 1/2,proving,24888973334,24888.973334,24776.0777582,24782.1268914,24805.9158332,24847.4445836,24888.973334,24966.5497672,25044.1262004,25408.3577086,26059.2442918,5,1,0,mul-1789309433396486000-u32-mod32-plonky3-fri-21-3,1,declared-root,false
mul-1789309433396486000-u32-mod32-plonky3-fri-21,u32-mod32 2^21 plonky3-fri | initial rate 1/2,commit,19626790916,19626.790916,19574.1787832,19589.7283164,19603.3606496,19615.0757828,19626.790916,19702.9783496,19779.1657832,20122.0922584,20731.7577752,5,1,0,mul-1789309433396486000-u32-mod32-plonky3-fri-21-3,1,declared-root,false
mul-1789309433396486000-u32-mod32-plonky3-fri-21,u32-mod32 2^21 plonky3-fri | initial rate 1/2,pcs,22609547917,22609.547917,22497.8062324,22512.6530488,22537.970749,22573.759333,22609.547917,22675.0021834,22740.4564498,23091.0811914,23726.8764082,5,1,0,mul-1789309433396486000-u32-mod32-plonky3-fri-21-3,1,declared-root,false
mul-1789309433396486000-u32-mod32-plonky3-fri-21,u32-mod32 2^21 plonky3-fri | initial rate 1/2,opening-proof,2955924083,2955.924083,2888.5880162,2891.7196994,2905.8132494,2930.8686662,2955.924083,2982.053783,3008.183483,3027.1823998,3039.0505334,5,1,0,mul-1789309433396486000-u32-mod32-plonky3-fri-21-3,1,declared-root,false
mul-1789309433396486000-u32-mod32-plonky3-fri-21,u32-mod32 2^21 plonky3-fri | initial rate 1/2,constraint-proof,2046336208,2046.336208,1996.1384252,2011.3670584,2024.4523416,2035.3942748,2046.336208,2048.1103912,2049.8845744,2052.8897494,2057.1259162,5,1,0,mul-1789309433396486000-u32-mod32-plonky3-fri-21-3,1,declared-root,false
mul-1789309433396486000-u32-mod32-plonky3-fri-21,u32-mod32 2^21 plonky3-fri | initial rate 1/2,verification,48498625,48.498625,47.874350,48.041200,48.199425,48.349025,48.498625,48.643025,48.787425,49.0193916,49.3389248,5,1,0,mul-1789309433396486000-u32-mod32-plonky3-fri-21-3,1,declared-root,false
mul-1789309433396486000-u32-mod32-plonky3-fri-22,u32-mod32 2^22 plonky3-fri | initial rate 1/2,end-to-end,49260840709,49260.840709,49208.0376414,49214.3149918,49226.1310754,49243.4858922,49260.840709,49306.5191254,49352.1975418,49422.3747416,49517.0507248,5,1,0,mul-1789309433396486000-u32-mod32-plonky3-fri-22-2,1,declared-root,false
mul-1789309433396486000-u32-mod32-plonky3-fri-22,u32-mod32 2^22 plonky3-fri | initial rate 1/2,witness-generation,362424417,362.424417,360.7129918,361.6603586,362.192117,362.308267,362.424417,362.6538502,362.8832834,363.5756332,364.7308996,5,1,0,mul-1789309433396486000-u32-mod32-plonky3-fri-22-2,1,declared-root,false
mul-1789309433396486000-u32-mod32-plonky3-fri-22,u32-mod32 2^22 plonky3-fri | initial rate 1/2,proving,49207478583,49207.478583,49154.7528082,49161.1280754,49172.9482838,49190.2134334,49207.478583,49253.3871498,49299.2957166,49369.5088666,49464.0265998,5,1,0,mul-1789309433396486000-u32-mod32-plonky3-fri-22-2,1,declared-root,false
mul-1789309433396486000-u32-mod32-plonky3-fri-22,u32-mod32 2^22 plonky3-fri | initial rate 1/2,commit,39078096458,39078.096458,39002.6695332,39018.7943164,39037.104658,39057.600558,39078.096458,39086.3969248,39094.6973916,39137.9356416,39216.1116748,5,1,0,mul-1789309433396486000-u32-mod32-plonky3-fri-22-2,1,declared-root,false
mul-1789309433396486000-u32-mod32-plonky3-fri-22,u32-mod32 2^22 plonky3-fri | initial rate 1/2,pcs,44814683208,44814.683208,44683.1414916,44737.6876912,44774.9052744,44794.7942412,44814.683208,44834.8392248,44854.9952416,44911.2974998,45003.7459994,5,1,0,mul-1789309433396486000-u32-mod32-plonky3-fri-22-2,1,declared-root,false
mul-1789309433396486000-u32-mod32-plonky3-fri-22,u32-mod32 2^22 plonky3-fri | initial rate 1/2,opening-proof,5738104083,5738.104083,5671.5645584,5701.0785748,5720.289283,5729.196683,5738.104083,5757.6531666,5777.2022502,5789.9627918,5795.9347914,5,1,0,mul-1789309433396486000-u32-mod32-plonky3-fri-22-2,1,declared-root,false
mul-1789309433396486000-u32-mod32-plonky3-fri-22,u32-mod32 2^22 plonky3-fri | initial rate 1/2,constraint-proof,4020392625,4020.392625,3948.268158,3985.758358,4007.6812914,4014.0369582,4020.392625,4023.697925,4027.003225,4038.7455082,4058.9247746,5,1,0,mul-1789309433396486000-u32-mod32-plonky3-fri-22-2,1,declared-root,false
mul-1789309433396486000-u32-mod32-plonky3-fri-22,u32-mod32 2^22 plonky3-fri | initial rate 1/2,verification,52204916,52.204916,51.9750252,52.1252584,52.2012832,52.2030996,52.204916,52.2836996,52.3624832,52.404200,52.408850,5,1,0,mul-1789309433396486000-u32-mod32-plonky3-fri-22-2,1,declared-root,false
mul-1789310451492235000-u32-mod32-binius64-15,u32-mod32 2^15 binius64 | initial rate 1/4,end-to-end,51850917,51.850917,51.319742,51.435192,51.564517,51.707717,51.850917,52.1123502,52.3737834,52.530050,52.581150,5,1,0,mul-1789310451492235000-u32-mod32-binius64-15-5,1,declared-root,false
mul-1789310451492235000-u32-mod32-binius64-15,u32-mod32 2^15 binius64 | initial rate 1/4,witness-generation,912042,0.912042,0.8993762,0.9049594,0.9086092,0.9103256,0.912042,0.9147084,0.9173748,0.9207414,0.9248082,5,1,0,mul-1789310451492235000-u32-mod32-binius64-15-5,1,declared-root,false
mul-1789310451492235000-u32-mod32-binius64-15,u32-mod32 2^15 binius64 | initial rate 1/4,proving,49659500,49.659500,49.0838082,49.2052414,49.3446664,49.5020832,49.659500,49.903700,50.147900,50.3005084,50.3615252,5,1,0,mul-1789310451492235000-u32-mod32-binius64-15-5,1,declared-root,false
mul-1789310451492235000-u32-mod32-binius64-15,u32-mod32 2^15 binius64 | initial rate 1/4,commit,2837333,2.837333,2.7357588,2.7649756,2.7911338,2.8142334,2.837333,2.8941498,2.9509666,2.9978582,3.0348246,5,1,0,mul-1789310451492235000-u32-mod32-binius64-15-5,1,declared-root,false
mul-1789310451492235000-u32-mod32-binius64-15,u32-mod32 2^15 binius64 | initial rate 1/4,pcs,7500792,7.500792,7.158625,7.246375,7.3323584,7.4165752,7.500792,7.5404752,7.5801584,7.6369248,7.7107744,5,1,0,mul-1789310451492235000-u32-mod32-binius64-15-5,1,declared-root,false
mul-1789310451492235000-u32-mod32-binius64-15,u32-mod32 2^15 binius64 | initial rate 1/4,opening-proof,4620625,4.620625,4.3997666,4.4352002,4.4864586,4.5535418,4.620625,4.6575082,4.6943914,4.714508,4.717858,5,1,0,mul-1789310451492235000-u32-mod32-binius64-15-5,1,declared-root,false
mul-1789310451492235000-u32-mod32-binius64-15,u32-mod32 2^15 binius64 | initial rate 1/4,constraint-proof,41131500,41.131500,40.786308,40.829908,40.9076664,41.0195832,41.131500,41.2972168,41.4629336,41.7168086,42.0588418,5,1,0,mul-1789310451492235000-u32-mod32-binius64-15-5,1,declared-root,false
mul-1789310451492235000-u32-mod32-binius64-15,u32-mod32 2^15 binius64 | initial rate 1/4,verification,2216125,2.216125,2.1870502,2.1936834,2.200825,2.208475,2.216125,2.2185586,2.2209922,2.2237504,2.2268332,5,1,0,mul-1789310451492235000-u32-mod32-binius64-15-5,1,declared-root,false
mul-1789310451492235000-u32-mod32-binius64-16,u32-mod32 2^16 binius64 | initial rate 1/4,end-to-end,74011750,74.011750,72.0462082,72.9877914,73.5692164,73.7904832,74.011750,74.4134168,74.8150836,75.0391004,75.0854672,5,1,0,mul-1789310451492235000-u32-mod32-binius64-16-1,1,declared-root,false
mul-1789310451492235000-u32-mod32-binius64-16,u32-mod32 2^16 binius64 | initial rate 1/4,witness-generation,1826041,1.826041,1.8029756,1.8076592,1.813209,1.819625,1.826041,1.8265082,1.8269754,1.8352924,1.8514592,5,1,0,mul-1789310451492235000-u32-mod32-binius64-16-1,1,declared-root,false
mul-1789310451492235000-u32-mod32-binius64-16,u32-mod32 2^16 binius64 | initial rate 1/4,proving,71535041,71.535041,69.531817,70.468717,71.0567418,71.2958914,71.535041,71.8723414,72.2096418,72.4257836,72.5207668,5,1,0,mul-1789310451492235000-u32-mod32-binius64-16-1,1,declared-root,false
mul-1789310451492235000-u32-mod32-binius64-16,u32-mod32 2^16 binius64 | initial rate 1/4,commit,3911708,3.911708,3.7009166,3.8152502,3.8802752,3.8959916,3.911708,3.989908,4.068108,4.2048496,4.4001328,5,1,0,mul-1789310451492235000-u32-mod32-binius64-16-1,1,declared-root,false
mul-1789310451492235000-u32-mod32-binius64-16,u32-mod32 2^16 binius64 | initial rate 1/4,pcs,9835292,9.835292,9.376842,9.451308,9.5578912,9.6965916,9.835292,9.8593416,9.8833912,9.9632992,10.0990656,5,1,0,mul-1789310451492235000-u32-mod32-binius64-16-1,1,declared-root,false
mul-1789310451492235000-u32-mod32-binius64-16,u32-mod32 2^16 binius64 | initial rate 1/4,opening-proof,5788208,5.788208,5.5137418,5.5975246,5.6691744,5.7286912,5.788208,5.833708,5.879208,5.9062832,5.9149336,5,1,0,mul-1789310451492235000-u32-mod32-binius64-16-1,1,declared-root,false
mul-1789310451492235000-u32-mod32-binius64-16,u32-mod32 2^16 binius64 | initial rate 1/4,constraint-proof,59475209,59.475209,58.1464664,58.8385168,59.2426754,59.3589422,59.475209,59.9617754,60.4483418,60.799575,61.015475,5,1,0,mul-1789310451492235000-u32-mod32-binius64-16-1,1,declared-root,false
mul-1789310451492235000-u32-mod32-binius64-16,u32-mod32 2^16 binius64 | initial rate 1/4,verification,2504958,2.504958,2.4773416,2.4919752,2.5004252,2.5026916,2.504958,2.507208,2.509458,2.5331832,2.5783836,5,1,0,mul-1789310451492235000-u32-mod32-binius64-16-1,1,declared-root,false
mul-1789310451492235000-u32-mod32-binius64-17,u32-mod32 2^17 binius64 | initial rate 1/4,end-to-end,120967250,120.967250,119.6799004,120.2222168,120.588150,120.777700,120.967250,121.9028832,122.8385164,125.3181664,129.3418332,5,1,0,mul-1789310451492235000-u32-mod32-binius64-17-4,1,declared-root,false
mul-1789310451492235000-u32-mod32-binius64-17,u32-mod32 2^17 binius64 | initial rate 1/4,witness-generation,3642207,3.642207,3.5613502,3.5652834,3.5822414,3.6122242,3.642207,3.6691742,3.6961414,3.7168502,3.7313006,5,1,0,mul-1789310451492235000-u32-mod32-binius64-17-4,1,declared-root,false
mul-1789310451492235000-u32-mod32-binius64-17,u32-mod32 2^17 binius64 | initial rate 1/4,proving,117920792,117.920792,116.3729918,117.0618586,117.509192,117.714992,117.920792,118.8918084,119.8628248,122.133983,125.705283,5,1,0,mul-1789310451492235000-u32-mod32-binius64-17-4,1,declared-root,false
mul-1789310451492235000-u32-mod32-binius64-17,u32-mod32 2^17 binius64 | initial rate 1/4,commit,7078750,7.078750,6.8257084,6.9024588,6.9684172,7.0235836,7.078750,7.292300,7.505850,7.8376334,8.2876502,5,1,0,mul-1789310451492235000-u32-mod32-binius64-17-4,1,declared-root,false
mul-1789310451492235000-u32-mod32-binius64-17,u32-mod32 2^17 binius64 | initial rate 1/4,pcs,15176751,15.176751,14.7205582,15.0239914,15.1759166,15.1763338,15.176751,15.2472674,15.3177838,15.6271836,16.1754668,5,1,0,mul-1789310451492235000-u32-mod32-binius64-17-4,1,declared-root,false
mul-1789310451492235000-u32-mod32-binius64-17,u32-mod32 2^17 binius64 | initial rate 1/4,opening-proof,7986083,7.986083,7.697067,7.725967,7.7895502,7.8878166,7.986083,8.030433,8.074783,8.1247498,8.1803334,5,1,0,mul-1789310451492235000-u32-mod32-binius64-17-4,1,declared-root,false
mul-1789310451492235000-u32-mod32-binius64-17,u32-mod32 2^17 binius64 | initial rate 1/4,constraint-proof,98891083,98.891083,97.9978164,98.3246328,98.5686494,98.7298662,98.891083,99.2705998,99.6501166,101.974975,106.245175,5,1,0,mul-1789310451492235000-u32-mod32-binius64-17-4,1,declared-root,false
mul-1789310451492235000-u32-mod32-binius64-17,u32-mod32 2^17 binius64 | initial rate 1/4,verification,3076083,3.076083,2.9822672,3.0177004,3.0435502,3.0598166,3.076083,3.2224662,3.3688494,3.5691828,3.8234664,5,1,0,mul-1789310451492235000-u32-mod32-binius64-17-4,1,declared-root,false
mul-1789310451492235000-u32-mod32-binius64-18,u32-mod32 2^18 binius64 | initial rate 1/4,end-to-end,203952209,203.952209,201.4657832,202.8985664,203.6824082,203.8173086,203.952209,204.5993422,205.2464754,206.2239836,207.5318668,5,1,0,mul-1789310451492235000-u32-mod32-binius64-18-1,1,declared-root,false
mul-1789310451492235000-u32-mod32-binius64-18,u32-mod32 2^18 binius64 | initial rate 1/4,witness-generation,7120417,7.120417,7.0246668,7.0618336,7.088417,7.104417,7.120417,7.1243338,7.1282506,7.1316338,7.1344834,5,1,0,mul-1789310451492235000-u32-mod32-binius64-18-1,1,declared-root,false
mul-1789310451492235000-u32-mod32-binius64-18,u32-mod32 2^18 binius64 | initial rate 1/4,proving,199115042,199.115042,196.9774422,198.1949254,198.865942,198.990492,199.115042,199.9857088,200.8563756,201.9580672,203.2907836,5,1,0,mul-1789310451492235000-u32-mod32-binius64-18-1,1,declared-root,false
mul-1789310451492235000-u32-mod32-binius64-18,u32-mod32 2^18 binius64 | initial rate 1/4,commit,13893208,13.893208,12.9767666,13.4164502,13.6876752,13.7904416,13.893208,14.013758,14.134308,14.3533332,14.6708336,5,1,0,mul-1789310451492235000-u32-mod32-binius64-18-1,1,declared-root,false
mul-1789310451492235000-u32-mod32-binius64-18,u32-mod32 2^18 binius64 | initial rate 1/4,pcs,24735083,24.735083,23.8189584,24.3098748,24.591283,24.663183,24.735083,24.7768166,24.8185502,25.1046088,25.6349924,5,1,0,mul-1789310451492235000-u32-mod32-binius64-18-1,1,declared-root,false
mul-1789310451492235000-u32-mod32-binius64-18,u32-mod32 2^18 binius64 | initial rate 1/4,opening-proof,10790959,10.790959,10.589150,10.637800,10.6878918,10.7394254,10.790959,10.9453922,11.0998254,11.1822586,11.1926918,5,1,0,mul-1789310451492235000-u32-mod32-binius64-18-1,1,declared-root,false
mul-1789310451492235000-u32-mod32-binius64-18,u32-mod32 2^18 binius64 | initial rate 1/4,constraint-proof,167215917,167.215917,165.9708918,166.5291586,166.889817,167.052867,167.215917,167.5316334,167.8473498,168.9829164,170.9383332,5,1,0,mul-1789310451492235000-u32-mod32-binius64-18-1,1,declared-root,false
mul-1789310451492235000-u32-mod32-binius64-18,u32-mod32 2^18 binius64 | initial rate 1/4,verification,4266833,4.266833,4.2264754,4.2507418,4.2636666,4.2652498,4.266833,4.3559998,4.4451666,4.6194418,4.8788254,5,1,0,mul-1789310451492235000-u32-mod32-binius64-18-1,1,declared-root,false
mul-1789310451492235000-u32-mod32-binius64-19,u32-mod32 2^19 binius64 | initial rate 1/4,end-to-end,370502542,370.502542,367.1175088,368.7802256,369.7897756,370.1461588,370.502542,371.0114088,371.5202756,372.136759,372.860859,5,1,0,mul-1789310451492235000-u32-mod32-binius64-19-5,1,declared-root,false
mul-1789310451492235000-u32-mod32-binius64-19,u32-mod32 2^19 binius64 | initial rate 1/4,witness-generation,14172333,14.172333,13.976933,14.002533,14.046733,14.109533,14.172333,14.1904166,14.2085002,14.240717,14.287067,5,1,0,mul-1789310451492235000-u32-mod32-binius64-19-5,1,declared-root,false
mul-1789310451492235000-u32-mod32-binius64-19,u32-mod32 2^19 binius64 | initial rate 1/4,proving,359730417,359.730417,357.167342,358.722892,359.546617,359.638517,359.730417,360.4151338,361.0998506,361.7632588,362.4053584,5,1,0,mul-1789310451492235000-u32-mod32-binius64-19-5,1,declared-root,false
mul-1789310451492235000-u32-mod32-binius64-19,u32-mod32 2^19 binius64 | initial rate 1/4,commit,27899500,27.899500,27.0186996,27.2974832,27.529400,27.714450,27.899500,28.618100,29.336700,29.7123166,29.7449498,5,1,0,mul-1789310451492235000-u32-mod32-binius64-19-5,1,declared-root,false
mul-1789310451492235000-u32-mod32-binius64-19,u32-mod32 2^19 binius64 | initial rate 1/4,pcs,44982125,44.982125,44.4308742,44.7250414,44.894125,44.938125,44.982125,45.4739414,45.9657578,46.3462246,46.6153418,5,1,0,mul-1789310451492235000-u32-mod32-binius64-19-5,1,declared-root,false
mul-1789310451492235000-u32-mod32-binius64-19,u32-mod32 2^19 binius64 | initial rate 1/4,opening-proof,17188459,17.188459,16.6494998,16.8649166,17.0157918,17.1021254,17.188459,17.2717918,17.3551246,17.4264828,17.4858664,5,1,0,mul-1789310451492235000-u32-mod32-binius64-19-5,1,declared-root,false
mul-1789310451492235000-u32-mod32-binius64-19,u32-mod32 2^19 binius64 | initial rate 1/4,constraint-proof,300346791,300.346791,297.560492,298.543192,299.2969918,299.8218914,300.346791,300.4028414,300.4588918,301.3740754,303.1483922,5,1,0,mul-1789310451492235000-u32-mod32-binius64-19-5,1,declared-root,false
mul-1789310451492235000-u32-mod32-binius64-19,u32-mod32 2^19 binius64 | initial rate 1/4,verification,10321667,10.321667,9.9399252,10.0470584,10.1448334,10.2332502,10.321667,10.4033338,10.4850006,10.5730172,10.6673836,5,1,0,mul-1789310451492235000-u32-mod32-binius64-19-5,1,declared-root,false
mul-1789310451492235000-u32-mod32-binius64-20,u32-mod32 2^20 binius64 | initial rate 1/4,end-to-end,808394875,808.394875,798.8787084,799.2731248,801.2552414,804.8250582,808.394875,814.7401914,821.0855078,825.3708994,827.5963662,5,1,0,mul-1789310451492235000-u32-mod32-binius64-20-1,1,declared-root,false
mul-1789310451492235000-u32-mod32-binius64-20,u32-mod32 2^20 binius64 | initial rate 1/4,witness-generation,27729708,27.729708,27.7090256,27.7122592,27.7170424,27.7233752,27.729708,27.822008,27.914308,27.9625746,27.9668078,5,1,0,mul-1789310451492235000-u32-mod32-binius64-20-1,1,declared-root,false
mul-1789310451492235000-u32-mod32-binius64-20,u32-mod32 2^20 binius64 | initial rate 1/4,proving,787979042,787.979042,778.8740418,779.1594586,781.037542,784.508292,787.979042,794.4060252,800.8330084,805.0701668,807.1175004,5,1,0,mul-1789310451492235000-u32-mod32-binius64-20-1,1,declared-root,false
mul-1789310451492235000-u32-mod32-binius64-20,u32-mod32 2^20 binius64 | initial rate 1/4,commit,54598417,54.598417,53.703950,54.043900,54.2907834,54.4446002,54.598417,54.9540834,55.3097498,56.6524082,58.9820586,5,1,0,mul-1789310451492235000-u32-mod32-binius64-20-1,1,declared-root,false
mul-1789310451492235000-u32-mod32-binius64-20,u32-mod32 2^20 binius64 | initial rate 1/4,pcs,83222292,83.222292,82.757175,82.983225,83.1214584,83.1718752,83.222292,83.9759088,84.7295256,86.3073256,88.7093088,5,1,0,mul-1789310451492235000-u32-mod32-binius64-20-1,1,declared-root,false
mul-1789310451492235000-u32-mod32-binius64-20,u32-mod32 2^20 binius64 | initial rate 1/4,opening-proof,29167125,29.167125,28.0399586,28.3452082,28.6316914,28.8994082,29.167125,29.4201082,29.6730914,30.0181582,30.4553086,5,1,0,mul-1789310451492235000-u32-mod32-binius64-20-1,1,declared-root,false
mul-1789310451492235000-u32-mod32-binius64-20,u32-mod32 2^20 binius64 | initial rate 1/4,constraint-proof,677128667,677.128667,666.798608,667.173508,669.3144998,673.2215834,677.128667,680.3494002,683.5701334,687.8674334,693.2413002,5,1,0,mul-1789310451492235000-u32-mod32-binius64-20-1,1,declared-root,false
mul-1789310451492235000-u32-mod32-binius64-20,u32-mod32 2^20 binius64 | initial rate 1/4,verification,20199750,20.199750,19.9932164,20.1025168,20.1656836,20.1827168,20.199750,20.281050,20.362350,20.451725,20.549175,5,1,0,mul-1789310451492235000-u32-mod32-binius64-20-1,1,declared-root,false
mul-1789310451492235000-u32-mod32-binius64-21,u32-mod32 2^21 binius64 | initial rate 1/4,end-to-end,1581875375,1581.875375,1577.060100,1577.776950,1578.883375,1580.379375,1581.875375,1586.0021582,1590.1289414,1592.8685496,1594.2209828,5,1,0,mul-1789310451492235000-u32-mod32-binius64-21-4,1,declared-root,false
mul-1789310451492235000-u32-mod32-binius64-21,u32-mod32 2^21 binius64 | initial rate 1/4,witness-generation,55798000,55.798000,55.1837008,55.2033176,55.3301008,55.5640504,55.798000,55.896500,55.995000,56.0766748,56.1415244,5,1,0,mul-1789310451492235000-u32-mod32-binius64-21-4,1,declared-root,false
mul-1789310451492235000-u32-mod32-binius64-21,u32-mod32 2^21 binius64 | initial rate 1/4,proving,1548819584,1548.819584,1544.845717,1545.485767,1546.4085504,1547.6140672,1548.819584,1550.5535504,1552.2875168,1554.5436668,1557.3220004,5,1,0,mul-1789310451492235000-u32-mod32-binius64-21-4,1,declared-root,false
mul-1789310451492235000-u32-mod32-binius64-21,u32-mod32 2^21 binius64 | initial rate 1/4,commit,114862084,114.862084,109.9879998,112.2969166,113.7335168,114.2978004,114.862084,115.6289672,116.3958504,117.0150836,117.4866668,5,1,0,mul-1789310451492235000-u32-mod32-binius64-21-4,1,declared-root,false
mul-1789310451492235000-u32-mod32-binius64-21,u32-mod32 2^21 binius64 | initial rate 1/4,pcs,168054459,168.054459,161.916800,164.682350,166.4629918,167.2587254,168.054459,168.5609254,169.0673918,169.3377834,169.3721002,5,1,0,mul-1789310451492235000-u32-mod32-binius64-21-4,1,declared-root,false
mul-1789310451492235000-u32-mod32-binius64-21,u32-mod32 2^21 binius64 | initial rate 1/4,opening-proof,52613750,52.613750,51.4062918,51.4502086,51.7004836,52.1571168,52.613750,52.619100,52.624450,52.740175,52.966275,5,1,0,mul-1789310451492235000-u32-mod32-binius64-21-4,1,declared-root,false
mul-1789310451492235000-u32-mod32-binius64-21,u32-mod32 2^21 binius64 | initial rate 1/4,constraint-proof,1327586083,1327.586083,1321.1892338,1323.4198006,1325.1452838,1326.3656834,1327.586083,1330.3124998,1333.0389166,1334.712575,1335.333475,5,1,0,mul-1789310451492235000-u32-mod32-binius64-21-4,1,declared-root,false
mul-1789310451492235000-u32-mod32-binius64-21,u32-mod32 2^21 binius64 | initial rate 1/4,verification,32318458,32.318458,32.098958,32.117208,32.164758,32.241608,32.318458,32.6071748,32.8958916,34.913725,38.660675,5,1,0,mul-1789310451492235000-u32-mod32-binius64-21-4,1,declared-root,false
mul-1789310451492235000-u32-mod32-binius64-22,u32-mod32 2^22 binius64 | initial rate 1/4,end-to-end,2981258750,2981.258750,2912.821442,2938.547842,2957.3805836,2969.3196668,2981.258750,3034.7922168,3088.3256836,3376.705392,3899.931342,5,1,0,mul-1789310451492235000-u32-mod32-binius64-22-5,1,declared-root,false
mul-1789310451492235000-u32-mod32-binius64-22,u32-mod32 2^22 binius64 | initial rate 1/4,witness-generation,116179583,116.179583,112.3143502,112.6747834,113.5199166,114.8497498,116.179583,130.033383,143.887183,189.0304498,265.4631834,5,1,0,mul-1789310451492235000-u32-mod32-binius64-22-5,1,declared-root,false
mul-1789310451492235000-u32-mod32-binius64-22,u32-mod32 2^22 binius64 | initial rate 1/4,proving,2909425917,2909.425917,2854.8861252,2882.2189584,2898.5934834,2904.0097002,2909.425917,2961.0064334,3012.5869498,3304.1888414,3835.8121082,5,1,0,mul-1789310451492235000-u32-mod32-binius64-22-5,1,declared-root,false
mul-1789310451492235000-u32-mod32-binius64-22,u32-mod32 2^22 binius64 | initial rate 1/4,commit,238804583,238.804583,233.553542,235.860042,237.3715502,238.0880666,238.804583,245.5663166,252.3280502,261.8707086,274.1942918,5,1,0,mul-1789310451492235000-u32-mod32-binius64-22-5,1,declared-root,false
mul-1789310451492235000-u32-mod32-binius64-22,u32-mod32 2^22 binius64 | initial rate 1/4,pcs,352013709,352.013709,333.9171918,336.2630086,340.3514754,346.1825922,352.013709,356.726609,361.439509,371.4278588,386.6916584,5,1,0,mul-1789310451492235000-u32-mod32-binius64-22-5,1,declared-root,false
mul-1789310451492235000-u32-mod32-binius64-22,u32-mod32 2^22 binius64 | initial rate 1/4,opening-proof,100324333,100.324333,97.2354088,98.1660256,98.9699338,99.6471334,100.324333,106.369633,112.414933,117.7065998,122.2446334,5,1,0,mul-1789310451492235000-u32-mod32-binius64-22-5,1,declared-root,false
mul-1789310451492235000-u32-mod32-binius64-22,u32-mod32 2^22 binius64 | initial rate 1/4,constraint-proof,2446452458,2446.452458,2366.5649082,2408.4591914,2432.815558,2439.634008,2446.452458,2505.4320748,2564.4116916,2799.8286584,3211.6829752,5,1,0,mul-1789310451492235000-u32-mod32-binius64-22-5,1,declared-root,false
mul-1789310451492235000-u32-mod32-binius64-22,u32-mod32 2^22 binius64 | initial rate 1/4,verification,59530125,59.530125,55.5924336,55.6705332,56.4736914,58.0019082,59.530125,64.446575,69.363025,72.7978166,74.7509498,5,1,0,mul-1789310451492235000-u32-mod32-binius64-22-5,1,declared-root,false
mul-1789310451492235000-u32-mod32-binius64-ligerito-15,u32-mod32 2^15 binius64-ligerito | initial rate 1/4,end-to-end,56485625,56.485625,56.4009416,56.4423412,56.4675578,56.4765914,56.485625,57.286625,58.087625,58.525675,58.600775,5,1,0,mul-1789310451492235000-u32-mod32-binius64-ligerito-15-4,1,declared-root,false
mul-1789310451492235000-u32-mod32-binius64-ligerito-15,u32-mod32 2^15 binius64-ligerito | initial rate 1/4,witness-generation,832000,0.832000,0.8281584,0.8301088,0.8312672,0.8316336,0.832000,0.8346168,0.8372336,0.8438752,0.8545416,5,1,0,mul-1789310451492235000-u32-mod32-binius64-ligerito-15-4,1,declared-root,false
mul-1789310451492235000-u32-mod32-binius64-ligerito-15,u32-mod32 2^15 binius64-ligerito | initial rate 1/4,proving,52747833,52.747833,52.6169338,52.6657006,52.7016338,52.7247334,52.747833,53.5456166,54.3434002,54.7960418,54.9035414,5,1,0,mul-1789310451492235000-u32-mod32-binius64-ligerito-15-4,1,declared-root,false
mul-1789310451492235000-u32-mod32-binius64-ligerito-15,u32-mod32 2^15 binius64-ligerito | initial rate 1/4,commit,2468875,2.468875,2.1788418,2.2363086,2.3058086,2.3873418,2.468875,2.4883582,2.5078414,2.5716496,2.6797828,5,1,0,mul-1789310451492235000-u32-mod32-binius64-ligerito-15-4,1,declared-root,false
mul-1789310451492235000-u32-mod32-binius64-ligerito-15,u32-mod32 2^15 binius64-ligerito | initial rate 1/4,pcs,12154708,12.154708,11.696742,11.807192,11.9208752,12.0377916,12.154708,12.2178744,12.2810408,12.4234824,12.6451992,5,1,0,mul-1789310451492235000-u32-mod32-binius64-ligerito-15-4,1,declared-root,false
mul-1789310451492235000-u32-mod32-binius64-ligerito-15,u32-mod32 2^15 binius64-ligerito | initial rate 1/4,opening-proof,9741042,9.741042,9.4670832,9.6129164,9.6968748,9.7189584,9.741042,9.7626416,9.7842412,9.8518328,9.9654164,5,1,0,mul-1789310451492235000-u32-mod32-binius64-ligerito-15-4,1,declared-root,false
mul-1789310451492235000-u32-mod32-binius64-ligerito-15,u32-mod32 2^15 binius64-ligerito | initial rate 1/4,constraint-proof,40033416,40.033416,39.5496844,39.6369508,39.7511504,39.8922832,40.033416,40.404750,40.776084,41.2143174,41.7194502,5,1,0,mul-1789310451492235000-u32-mod32-binius64-ligerito-15-4,1,declared-root,false
mul-1789310451492235000-u32-mod32-binius64-ligerito-15,u32-mod32 2^15 binius64-ligerito | initial rate 1/4,verification,3729000,3.729000,3.682558,3.710408,3.7252664,3.7271332,3.729000,3.738950,3.748900,3.7582084,3.7668752,5,1,0,mul-1789310451492235000-u32-mod32-binius64-ligerito-15-4,1,declared-root,false
mul-1789310451492235000-u32-mod32-binius64-ligerito-16,u32-mod32 2^16 binius64-ligerito | initial rate 1/4,end-to-end,83292875,83.292875,82.814900,82.838800,82.939175,83.116025,83.292875,83.5136914,83.7345078,83.9804828,84.2516164,5,1,0,mul-1789310451492235000-u32-mod32-binius64-ligerito-16-5,1,declared-root,false
mul-1789310451492235000-u32-mod32-binius64-ligerito-16,u32-mod32 2^16 binius64-ligerito | initial rate 1/4,witness-generation,1658875,1.658875,1.6517998,1.6530166,1.654675,1.656775,1.658875,1.6593082,1.6597414,1.6732748,1.6999084,5,1,0,mul-1789310451492235000-u32-mod32-binius64-ligerito-16-5,1,declared-root,false
mul-1789310451492235000-u32-mod32-binius64-ligerito-16,u32-mod32 2^16 binius64-ligerito | initial rate 1/4,proving,79004792,79.004792,78.494367,78.532317,78.641992,78.823392,79.004792,79.2158252,79.4268584,79.669925,79.945025,5,1,0,mul-1789310451492235000-u32-mod32-binius64-ligerito-16-5,1,declared-root,false
mul-1789310451492235000-u32-mod32-binius64-ligerito-16,u32-mod32 2^16 binius64-ligerito | initial rate 1/4,commit,4094000,4.094000,4.0612838,4.0636506,4.0706672,4.0823336,4.094000,4.2829836,4.4719672,4.5925338,4.6446834,5,1,0,mul-1789310451492235000-u32-mod32-binius64-ligerito-16-5,1,declared-root,false
mul-1789310451492235000-u32-mod32-binius64-ligerito-16,u32-mod32 2^16 binius64-ligerito | initial rate 1/4,pcs,18670209,18.670209,18.5807172,18.6013504,18.6233754,18.6467922,18.670209,18.7074922,18.7447754,18.8077836,18.8965168,5,1,0,mul-1789310451492235000-u32-mod32-binius64-ligerito-16-5,1,declared-root,false
mul-1789310451492235000-u32-mod32-binius64-ligerito-16,u32-mod32 2^16 binius64-ligerito | initial rate 1/4,opening-proof,14466084,14.466084,14.1424916,14.2397752,14.3239504,14.3950172,14.466084,14.5218004,14.5775168,14.625200,14.664850,5,1,0,mul-1789310451492235000-u32-mod32-binius64-ligerito-16-5,1,declared-root,false
mul-1789310451492235000-u32-mod32-binius64-ligerito-16,u32-mod32 2^16 binius64-ligerito | initial rate 1/4,constraint-proof,58263708,58.263708,58.017091,58.094391,58.1591744,58.2114412,58.263708,58.6489248,59.0341416,59.342350,59.573550,5,1,0,mul-1789310451492235000-u32-mod32-binius64-ligerito-16-5,1,declared-root,false
mul-1789310451492235000-u32-mod32-binius64-ligerito-16,u32-mod32 2^16 binius64-ligerito | initial rate 1/4,verification,4288167,4.288167,4.2796502,4.2838834,4.2864334,4.2873002,4.288167,4.2927502,4.2973334,4.3041084,4.3130752,5,1,0,mul-1789310451492235000-u32-mod32-binius64-ligerito-16-5,1,declared-root,false
mul-1789310451492235000-u32-mod32-binius64-ligerito-17,u32-mod32 2^17 binius64-ligerito | initial rate 1/4,end-to-end,133372708,133.372708,132.4205166,132.8004502,133.0668752,133.2197916,133.372708,133.5981084,133.8235088,134.1386756,134.5436088,5,1,0,mul-1789310451492235000-u32-mod32-binius64-ligerito-17-5,1,declared-root,false
mul-1789310451492235000-u32-mod32-binius64-ligerito-17,u32-mod32 2^17 binius64-ligerito | initial rate 1/4,witness-generation,3369958,3.369958,3.319125,3.322125,3.3328916,3.3514248,3.369958,3.3751412,3.3803244,3.392316,3.411116,5,1,0,mul-1789310451492235000-u32-mod32-binius64-ligerito-17-5,1,declared-root,false
mul-1789310451492235000-u32-mod32-binius64-ligerito-17,u32-mod32 2^17 binius64-ligerito | initial rate 1/4,proving,128239917,128.239917,127.3005248,127.6495916,127.9072834,128.0736002,128.239917,128.4068002,128.5736834,128.879300,129.323650,5,1,0,mul-1789310451492235000-u32-mod32-binius64-ligerito-17-5,1,declared-root,false
mul-1789310451492235000-u32-mod32-binius64-ligerito-17,u32-mod32 2^17 binius64-ligerito | initial rate 1/4,commit,8928375,8.928375,8.6289248,8.7008916,8.775175,8.851775,8.928375,8.940075,8.951775,9.0188082,9.1411746,5,1,0,mul-1789310451492235000-u32-mod32-binius64-ligerito-17-5,1,declared-root,false
mul-1789310451492235000-u32-mod32-binius64-ligerito-17,u32-mod32 2^17 binius64-ligerito | initial rate 1/4,pcs,26334376,26.334376,25.7220756,25.9795252,26.1534752,26.2439256,26.334376,26.3446252,26.3548744,26.640316,27.200950,5,1,0,mul-1789310451492235000-u32-mod32-binius64-ligerito-17-5,1,declared-root,false
mul-1789310451492235000-u32-mod32-binius64-ligerito-17,u32-mod32 2^17 binius64-ligerito | initial rate 1/4,opening-proof,17150625,17.150625,16.983184,17.058700,17.1072914,17.1289582,17.150625,17.2527754,17.3549258,17.7297426,18.3772258,5,1,0,mul-1789310451492235000-u32-mod32-binius64-ligerito-17-5,1,declared-root,false
mul-1789310451492235000-u32-mod32-binius64-ligerito-17,u32-mod32 2^17 binius64-ligerito | initial rate 1/4,constraint-proof,98720999,98.720999,97.7205832,98.3149164,98.6338662,98.6774326,98.720999,98.7490658,98.7771326,98.8113494,98.8517162,5,1,0,mul-1789310451492235000-u32-mod32-binius64-ligerito-17-5,1,declared-root,false
mul-1789310451492235000-u32-mod32-binius64-ligerito-17,u32-mod32 2^17 binius64-ligerito | initial rate 1/4,verification,5149666,5.149666,5.0918668,5.1088996,5.123866,5.136766,5.149666,5.1561332,5.1626004,5.1856422,5.2252586,5,1,0,mul-1789310451492235000-u32-mod32-binius64-ligerito-17-5,1,declared-root,false
mul-1789310451492235000-u32-mod32-binius64-ligerito-18,u32-mod32 2^18 binius64-ligerito | initial rate 1/4,end-to-end,223309875,223.309875,222.3697166,222.8342662,223.1152078,223.2125414,223.309875,224.1839418,225.0580086,226.1444754,227.4433422,5,1,0,mul-1789310451492235000-u32-mod32-binius64-ligerito-18-2,1,declared-root,false
mul-1789310451492235000-u32-mod32-binius64-ligerito-18,u32-mod32 2^18 binius64-ligerito | initial rate 1/4,witness-generation,6603833,6.603833,6.5834168,6.5857496,6.5902994,6.5970662,6.603833,6.6155166,6.6272002,6.6577668,6.7072164,5,1,0,mul-1789310451492235000-u32-mod32-binius64-ligerito-18-2,1,declared-root,false
mul-1789310451492235000-u32-mod32-binius64-ligerito-18,u32-mod32 2^18 binius64-ligerito | initial rate 1/4,proving,217644083,217.644083,216.3445498,217.0050166,217.3970166,217.5205498,217.644083,218.289183,218.934283,219.8783082,221.1212586,5,1,0,mul-1789310451492235000-u32-mod32-binius64-ligerito-18-2,1,declared-root,false
mul-1789310451492235000-u32-mod32-binius64-ligerito-18,u32-mod32 2^18 binius64-ligerito | initial rate 1/4,commit,17719167,17.719167,16.4860422,16.7711254,17.074767,17.396967,17.719167,17.760967,17.802767,17.9217252,18.1178416,5,1,0,mul-1789310451492235000-u32-mod32-binius64-ligerito-18-2,1,declared-root,false
mul-1789310451492235000-u32-mod32-binius64-ligerito-18,u32-mod32 2^18 binius64-ligerito | initial rate 1/4,pcs,43734458,43.734458,42.909942,43.413342,43.6789252,43.7066916,43.734458,44.4206584,45.1068588,45.4923008,45.5769844,5,1,0,mul-1789310451492235000-u32-mod32-binius64-ligerito-18-2,1,declared-root,false
mul-1789310451492235000-u32-mod32-binius64-ligerito-18,u32-mod32 2^18 binius64-ligerito | initial rate 1/4,opening-proof,26205583,26.205583,25.630650,25.840800,25.9978166,26.1016998,26.205583,26.7738666,27.3421502,27.8506338,28.2993174,5,1,0,mul-1789310451492235000-u32-mod32-binius64-ligerito-18-2,1,declared-root,false
mul-1789310451492235000-u32-mod32-binius64-ligerito-18,u32-mod32 2^18 binius64-ligerito | initial rate 1/4,constraint-proof,167187125,167.187125,165.659433,166.282783,166.7129914,166.9500582,167.187125,167.875575,168.564025,169.1253248,169.5594744,5,1,0,mul-1789310451492235000-u32-mod32-binius64-ligerito-18-2,1,declared-root,false
mul-1789310451492235000-u32-mod32-binius64-ligerito-18,u32-mod32 2^18 binius64-ligerito | initial rate 1/4,verification,6205542,6.205542,5.6261588,5.8495256,6.0100756,6.1078088,6.205542,6.2121584,6.2187748,6.2503498,6.3068834,5,1,0,mul-1789310451492235000-u32-mod32-binius64-ligerito-18-2,1,declared-root,false
mul-1789310451492235000-u32-mod32-binius64-ligerito-19,u32-mod32 2^19 binius64-ligerito | initial rate 1/4,end-to-end,446831833,446.831833,435.1351916,436.4279252,439.0258002,442.9288166,446.831833,449.9441666,453.0565002,456.4684836,460.1801168,5,1,0,mul-1789310451492235000-u32-mod32-binius64-ligerito-19-1,1,declared-root,false
mul-1789310451492235000-u32-mod32-binius64-ligerito-19,u32-mod32 2^19 binius64-ligerito | initial rate 1/4,witness-generation,13458042,13.458042,13.3158332,13.3784164,13.4193748,13.4387084,13.458042,13.4674084,13.4767748,13.4864746,13.4965078,5,1,0,mul-1789310451492235000-u32-mod32-binius64-ligerito-19-1,1,declared-root,false
mul-1789310451492235000-u32-mod32-binius64-ligerito-19,u32-mod32 2^19 binius64-ligerito | initial rate 1/4,proving,438196209,438.196209,426.3343248,427.9989416,430.7042418,434.4502254,438.196209,441.1534922,444.1107754,447.5065252,451.3407416,5,1,0,mul-1789310451492235000-u32-mod32-binius64-ligerito-19-1,1,declared-root,false
mul-1789310451492235000-u32-mod32-binius64-ligerito-19,u32-mod32 2^19 binius64-ligerito | initial rate 1/4,commit,32075792,32.075792,30.8222502,31.0390834,31.3331584,31.7044752,32.075792,32.3046088,32.5334256,32.8749922,33.3293086,5,1,0,mul-1789310451492235000-u32-mod32-binius64-ligerito-19-1,1,declared-root,false
mul-1789310451492235000-u32-mod32-binius64-ligerito-19,u32-mod32 2^19 binius64-ligerito | initial rate 1/4,pcs,69485750,69.485750,65.828592,66.389808,67.2334828,68.3596164,69.485750,69.764550,70.043350,70.4695168,71.0430504,5,1,0,mul-1789310451492235000-u32-mod32-binius64-ligerito-19-1,1,declared-root,false
mul-1789310451492235000-u32-mod32-binius64-ligerito-19,u32-mod32 2^19 binius64-ligerito | initial rate 1/4,opening-proof,36399125,36.399125,35.0063418,35.3507246,35.6981578,36.0486414,36.399125,36.5746414,36.7501578,37.3784912,38.4596416,5,1,0,mul-1789310451492235000-u32-mod32-binius64-ligerito-19-1,1,declared-root,false
mul-1789310451492235000-u32-mod32-binius64-ligerito-19,u32-mod32 2^19 binius64-ligerito | initial rate 1/4,constraint-proof,354898583,354.898583,346.8342164,347.9985168,349.8442502,352.3714166,354.898583,356.9984162,359.0982494,362.350983,366.756617,5,1,0,mul-1789310451492235000-u32-mod32-binius64-ligerito-19-1,1,declared-root,false
mul-1789310451492235000-u32-mod32-binius64-ligerito-19,u32-mod32 2^19 binius64-ligerito | initial rate 1/4,verification,8699250,8.699250,8.381600,8.539200,8.634250,8.666750,8.699250,8.822150,8.945050,9.036900,9.097700,5,1,0,mul-1789310451492235000-u32-mod32-binius64-ligerito-19-1,1,declared-root,false
mul-1789310451492235000-u32-mod32-binius64-ligerito-20,u32-mod32 2^20 binius64-ligerito | initial rate 1/4,end-to-end,944593167,944.593167,938.9945998,940.9816166,942.4987334,943.5459502,944.593167,945.6057002,946.6182334,952.621050,963.614150,5,1,0,mul-1789310451492235000-u32-mod32-binius64-ligerito-20-4,1,declared-root,false
mul-1789310451492235000-u32-mod32-binius64-ligerito-20,u32-mod32 2^20 binius64-ligerito | initial rate 1/4,witness-generation,26534667,26.534667,26.4587166,26.4631002,26.479167,26.506917,26.534667,26.584017,26.633367,26.6835254,26.7344922,5,1,0,mul-1789310451492235000-u32-mod32-binius64-ligerito-20-4,1,declared-root,false
mul-1789310451492235000-u32-mod32-binius64-ligerito-20,u32-mod32 2^20 binius64-ligerito | initial rate 1/4,proving,930442791,930.442791,924.9257082,926.9376254,928.4434254,929.4431082,930.442791,931.1180582,931.7933254,937.8238506,949.2096338,5,1,0,mul-1789310451492235000-u32-mod32-binius64-ligerito-20-4,1,declared-root,false
mul-1789310451492235000-u32-mod32-binius64-ligerito-20,u32-mod32 2^20 binius64-ligerito | initial rate 1/4,commit,66491750,66.491750,64.7091832,64.7281164,65.0884164,65.7900832,66.491750,67.8540168,69.2162836,71.8459752,75.7430916,5,1,0,mul-1789310451492235000-u32-mod32-binius64-ligerito-20-4,1,declared-root,false
mul-1789310451492235000-u32-mod32-binius64-ligerito-20,u32-mod32 2^20 binius64-ligerito | initial rate 1/4,pcs,130510667,130.510667,127.250216,127.874350,128.651267,129.580967,130.510667,131.3063834,132.1020998,134.3551332,138.0654836,5,1,0,mul-1789310451492235000-u32-mod32-binius64-ligerito-20-4,1,declared-root,false
mul-1789310451492235000-u32-mod32-binius64-ligerito-20,u32-mod32 2^20 binius64-ligerito | initial rate 1/4,opening-proof,62602541,62.602541,61.9873498,62.0862006,62.229009,62.415775,62.602541,62.9599914,63.3174418,63.600717,63.809817,5,1,0,mul-1789310451492235000-u32-mod32-binius64-ligerito-20-4,1,declared-root,false
mul-1789310451492235000-u32-mod32-binius64-ligerito-20,u32-mod32 2^20 binius64-ligerito | initial rate 1/4,constraint-proof,773603376,773.603376,767.7907586,770.6658922,772.4034424,773.0034092,773.603376,774.1832424,774.7631088,778.2266668,784.5739164,5,1,0,mul-1789310451492235000-u32-mod32-binius64-ligerito-20-4,1,declared-root,false
mul-1789310451492235000-u32-mod32-binius64-ligerito-20,u32-mod32 2^20 binius64-ligerito | initial rate 1/4,verification,14078625,14.078625,14.005483,14.013133,14.0292914,14.0539582,14.078625,14.100475,14.122325,14.3024084,14.6407252,5,1,0,mul-1789310451492235000-u32-mod32-binius64-ligerito-20-4,1,declared-root,false
mul-1789310451492235000-u32-mod32-binius64-ligerito-21,u32-mod32 2^21 binius64-ligerito | initial rate 1/4,end-to-end,1934249375,1934.249375,1897.4855584,1905.8403248,1914.8640414,1924.5567082,1934.249375,1937.965975,1941.682575,1947.7696416,1956.2271748,5,1,0,mul-1789310451492235000-u32-mod32-binius64-ligerito-21-2,1,declared-root,false
mul-1789310451492235000-u32-mod32-binius64-ligerito-21,u32-mod32 2^21 binius64-ligerito | initial rate 1/4,witness-generation,53077292,53.077292,52.8778418,52.9760586,53.035592,53.056442,53.077292,53.2461088,53.4149256,53.5150756,53.5465588,5,1,0,mul-1789310451492235000-u32-mod32-binius64-ligerito-21-2,1,declared-root,false
mul-1789310451492235000-u32-mod32-binius64-ligerito-21,u32-mod32 2^21 binius64-ligerito | initial rate 1/4,proving,1907251875,1907.251875,1870.876892,1879.498992,1888.4984086,1897.8751418,1907.251875,1911.482825,1915.713775,1922.158025,1930.815575,5,1,0,mul-1789310451492235000-u32-mod32-binius64-ligerito-21-2,1,declared-root,false
mul-1789310451492235000-u32-mod32-binius64-ligerito-21,u32-mod32 2^21 binius64-ligerito | initial rate 1/4,commit,133278875,133.278875,131.3162334,132.2210498,132.7945414,133.0367082,133.278875,133.4210086,133.5631422,134.2883172,135.5965336,5,1,0,mul-1789310451492235000-u32-mod32-binius64-ligerito-21-2,1,declared-root,false
mul-1789310451492235000-u32-mod32-binius64-ligerito-21,u32-mod32 2^21 binius64-ligerito | initial rate 1/4,pcs,312250959,312.250959,309.7445678,310.0406346,310.6011262,311.4260426,312.250959,313.8076582,315.3643574,316.5750656,317.4397828,5,1,0,mul-1789310451492235000-u32-mod32-binius64-ligerito-21-2,1,declared-root,false
mul-1789310451492235000-u32-mod32-binius64-ligerito-21,u32-mod32 2^21 binius64-ligerito | initial rate 1/4,opening-proof,179037084,179.037084,177.5925758,178.2753586,178.7008168,178.8689504,179.037084,179.9821504,180.9272168,181.8136498,182.6414494,5,1,0,mul-1789310451492235000-u32-mod32-binius64-ligerito-21-2,1,declared-root,false
mul-1789310451492235000-u32-mod32-binius64-ligerito-21,u32-mod32 2^21 binius64-ligerito | initial rate 1/4,constraint-proof,1540238958,1540.238958,1506.169616,1514.219482,1522.6433236,1531.4411408,1540.238958,1541.722258,1543.205558,1548.8777332,1558.7387836,5,1,0,mul-1789310451492235000-u32-mod32-binius64-ligerito-21-2,1,declared-root,false
mul-1789310451492235000-u32-mod32-binius64-ligerito-21,u32-mod32 2^21 binius64-ligerito | initial rate 1/4,verification,26193750,26.193750,25.3966422,25.5963254,25.7956836,25.9947168,26.193750,26.4605668,26.7273836,26.8845586,26.9320918,5,1,0,mul-1789310451492235000-u32-mod32-binius64-ligerito-21-2,1,declared-root,false
mul-1789310451492235000-u32-mod32-binius64-ligerito-22,u32-mod32 2^22 binius64-ligerito | initial rate 1/4,end-to-end,4001308250,4001.308250,3790.1395672,3823.8413004,3872.8153836,3937.0618168,4001.308250,4025.4526332,4049.5970164,4117.1646164,4228.1554332,5,1,0,mul-1789310451492235000-u32-mod32-binius64-ligerito-22-4,1,declared-root,false
mul-1789310451492235000-u32-mod32-binius64-ligerito-22,u32-mod32 2^22 binius64-ligerito | initial rate 1/4,witness-generation,108882167,108.882167,107.0113836,107.3467672,107.7880006,108.3350838,108.882167,110.4797834,112.0773998,133.4538998,174.6092834,5,1,0,mul-1789310451492235000-u32-mod32-binius64-ligerito-22-4,1,declared-root,false
mul-1789310451492235000-u32-mod32-binius64-ligerito-22,u32-mod32 2^22 binius64-ligerito | initial rate 1/4,proving,3950089625,3950.089625,3737.4367582,3766.6083914,3814.9732914,3882.5314582,3950.089625,3965.3748418,3980.6600586,4048.755792,4169.662042,5,1,0,mul-1789310451492235000-u32-mod32-binius64-ligerito-22-4,1,declared-root,false
mul-1789310451492235000-u32-mod32-binius64-ligerito-22,u32-mod32 2^22 binius64-ligerito | initial rate 1/4,commit,299237833,299.237833,284.2289246,285.5650582,288.8340666,294.0359498,299.237833,301.8647166,304.4916002,312.7948586,326.7744918,5,1,0,mul-1789310451492235000-u32-mod32-binius64-ligerito-22-4,1,declared-root,false
mul-1789310451492235000-u32-mod32-binius64-ligerito-22,u32-mod32 2^22 binius64-ligerito | initial rate 1/4,pcs,541973876,541.973876,537.1124992,537.2510824,538.2510744,540.1124752,541.973876,543.213592,544.453308,559.1755244,587.3802412,5,1,0,mul-1789310451492235000-u32-mod32-binius64-ligerito-22-4,1,declared-root,false
mul-1789310451492235000-u32-mod32-binius64-ligerito-22,u32-mod32 2^22 binius64-ligerito | initial rate 1/4,opening-proof,250740791,250.740791,240.0354336,243.9020332,246.8164246,248.7786078,250.740791,252.2155078,253.6902246,258.508233,266.669533,5,1,0,mul-1789310451492235000-u32-mod32-binius64-ligerito-22-4,1,declared-root,false
mul-1789310451492235000-u32-mod32-binius64-ligerito-22,u32-mod32 2^22 binius64-ligerito | initial rate 1/4,constraint-proof,3153727042,3153.727042,3089.3605166,3117.6169502,3136.141542,3144.934292,3153.727042,3209.8117588,3265.8964756,3361.7544338,3497.3856334,5,1,0,mul-1789310451492235000-u32-mod32-binius64-ligerito-22-4,1,declared-root,false
mul-1789310451492235000-u32-mod32-binius64-ligerito-22,u32-mod32 2^22 binius64-ligerito | initial rate 1/4,verification,51200500,51.200500,48.3174164,48.4790828,49.0880328,50.1442664,51.200500,54.512650,57.824800,62.255050,67.803400,5,1,0,mul-1789310451492235000-u32-mod32-binius64-ligerito-22-4,1,declared-root,false
mul-1789310451492235000-u32-mod32-f2z-15,u32-mod32 2^15 f2z | initial rate 1/4,end-to-end,27795625,27.795625,27.3806248,27.4870416,27.591325,27.693475,27.795625,27.8503082,27.9049914,28.0246746,28.2093578,5,1,0,mul-1789310451492235000-u32-mod32-f2z-15-2,1,declared-root,false
mul-1789310451492235000-u32-mod32-f2z-15,u32-mod32 2^15 f2z | initial rate 1/4,witness-generation,70875,0.070875,0.0693584,0.0701748,0.0706414,0.0707582,0.070875,0.0721582,0.0734414,0.0743998,0.0750334,5,1,0,mul-1789310451492235000-u32-mod32-f2z-15-2,1,declared-root,false
mul-1789310451492235000-u32-mod32-f2z-15,u32-mod32 2^15 f2z | initial rate 1/4,preparation,187125,0.187125,0.1850248,0.1850916,0.185525,0.186325,0.187125,0.187875,0.188625,0.1891084,0.1893252,5,1,0,mul-1789310451492235000-u32-mod32-f2z-15-2,1,declared-root,false
mul-1789310451492235000-u32-mod32-f2z-15,u32-mod32 2^15 f2z | initial rate 1/4,proving,24226333,24.226333,23.8109662,23.9325994,24.0399994,24.1331662,24.226333,24.293933,24.361533,24.4260164,24.4873832,5,1,0,mul-1789310451492235000-u32-mod32-f2z-15-2,1,declared-root,false
mul-1789310451492235000-u32-mod32-f2z-15,u32-mod32 2^15 f2z | initial rate 1/4,commit,1416750,1.416750,1.377833,1.390583,1.4009164,1.4088332,1.416750,1.453700,1.490650,1.528600,1.567550,5,1,0,mul-1789310451492235000-u32-mod32-f2z-15-2,1,declared-root,false
mul-1789310451492235000-u32-mod32-f2z-15,u32-mod32 2^15 f2z | initial rate 1/4,pcs,21654000,21.654000,21.1734668,21.2341836,21.3424336,21.4982168,21.654000,21.762500,21.871000,21.9347334,21.9537002,5,1,0,mul-1789310451492235000-u32-mod32-f2z-15-2,1,declared-root,false
mul-1789310451492235000-u32-mod32-f2z-15,u32-mod32 2^15 f2z | initial rate 1/4,opening-proof,20144875,20.144875,19.787717,19.827767,19.9072086,20.0260418,20.144875,20.2333918,20.3219086,20.398592,20.463442,5,1,0,mul-1789310451492235000-u32-mod32-f2z-15-2,1,declared-root,false
mul-1789310451492235000-u32-mod32-f2z-15,u32-mod32 2^15 f2z | initial rate 1/4,constraint-proof,2189166,2.189166,2.1348332,2.1691664,2.1868996,2.1880328,2.189166,2.1967996,2.2044332,2.2339916,2.2854748,5,1,0,mul-1789310451492235000-u32-mod32-f2z-15-2,1,declared-root,false
mul-1789310451492235000-u32-mod32-f2z-15,u32-mod32 2^15 f2z | initial rate 1/4,verification,3573459,3.573459,3.4475252,3.5065084,3.5434918,3.5584754,3.573459,3.622309,3.671159,3.7226756,3.7768588,5,1,0,mul-1789310451492235000-u32-mod32-f2z-15-2,1,declared-root,false
mul-1789310451492235000-u32-mod32-f2z-16,u32-mod32 2^16 f2z | initial rate 1/4,end-to-end,37830833,37.830833,37.2837082,37.3855414,37.515333,37.673083,37.830833,37.8736498,37.9164666,39.050200,41.274850,5,1,0,mul-1789310451492235000-u32-mod32-f2z-16-4,1,declared-root,false
mul-1789310451492235000-u32-mod32-f2z-16,u32-mod32 2^16 f2z | initial rate 1/4,witness-generation,137417,0.137417,0.1358832,0.1367664,0.1372498,0.1373334,0.137417,0.1399166,0.1424162,0.1454744,0.1490912,5,1,0,mul-1789310451492235000-u32-mod32-f2z-16-4,1,declared-root,false
mul-1789310451492235000-u32-mod32-f2z-16,u32-mod32 2^16 f2z | initial rate 1/4,preparation,207750,0.207750,0.205750,0.206000,0.206450,0.207100,0.207750,0.2077664,0.2077828,0.2088328,0.2109164,5,1,0,mul-1789310451492235000-u32-mod32-f2z-16-4,1,declared-root,false
mul-1789310451492235000-u32-mod32-f2z-16,u32-mod32 2^16 f2z | initial rate 1/4,proving,34446709,34.446709,34.1374248,34.2346416,34.3159418,34.3813254,34.446709,34.4999418,34.5531746,35.6996662,37.9394166,5,1,0,mul-1789310451492235000-u32-mod32-f2z-16-4,1,declared-root,false
mul-1789310451492235000-u32-mod32-f2z-16,u32-mod32 2^16 f2z | initial rate 1/4,commit,2411416,2.411416,2.0879252,2.2755584,2.3777832,2.3945996,2.411416,2.4739496,2.5364832,2.5806332,2.6063996,5,1,0,mul-1789310451492235000-u32-mod32-f2z-16-4,1,declared-root,false
mul-1789310451492235000-u32-mod32-f2z-16,u32-mod32 2^16 f2z | initial rate 1/4,pcs,31033499,31.033499,30.467634,30.649350,30.7988662,30.9161826,31.033499,31.0511158,31.0687326,32.1989912,34.4418916,5,1,0,mul-1789310451492235000-u32-mod32-f2z-16-4,1,declared-root,false
mul-1789310451492235000-u32-mod32-f2z-16,u32-mod32 2^16 f2z | initial rate 1/4,opening-proof,28401333,28.401333,27.9624176,28.2066672,28.3433002,28.3723166,28.401333,28.5240662,28.6467994,29.9234328,32.3539664,5,1,0,mul-1789310451492235000-u32-mod32-f2z-16-4,1,declared-root,false
mul-1789310451492235000-u32-mod32-f2z-16,u32-mod32 2^16 f2z | initial rate 1/4,constraint-proof,2990875,2.990875,2.9394662,2.9663494,2.9820078,2.9864414,2.990875,3.0033918,3.0159086,3.0667502,3.1559166,5,1,0,mul-1789310451492235000-u32-mod32-f2z-16-4,1,declared-root,false
mul-1789310451492235000-u32-mod32-f2z-16,u32-mod32 2^16 f2z | initial rate 1/4,verification,3310333,3.310333,3.136150,3.140300,3.1759666,3.2431498,3.310333,3.3257498,3.3411666,3.3538082,3.3636746,5,1,0,mul-1789310451492235000-u32-mod32-f2z-16-4,1,declared-root,false
mul-1789310451492235000-u32-mod32-f2z-17,u32-mod32 2^17 f2z | initial rate 1/4,end-to-end,58311333,58.311333,57.1897582,57.3883914,57.652433,57.981883,58.311333,58.3602998,58.4092666,58.9263584,59.9115752,5,1,0,mul-1789310451492235000-u32-mod32-f2z-17-2,1,declared-root,false
mul-1789310451492235000-u32-mod32-f2z-17,u32-mod32 2^17 f2z | initial rate 1/4,witness-generation,248250,0.248250,0.245217,0.247017,0.2479836,0.2481168,0.248250,0.2521668,0.2560836,0.2625252,0.2714916,5,1,0,mul-1789310451492235000-u32-mod32-f2z-17-2,1,declared-root,false
mul-1789310451492235000-u32-mod32-f2z-17,u32-mod32 2^17 f2z | initial rate 1/4,preparation,242875,0.242875,0.2404748,0.2417416,0.242475,0.242675,0.242875,0.243525,0.244175,0.2496166,0.2598498,5,1,0,mul-1789310451492235000-u32-mod32-f2z-17-2,1,declared-root,false
mul-1789310451492235000-u32-mod32-f2z-17,u32-mod32 2^17 f2z | initial rate 1/4,proving,54093209,54.093209,53.0132664,53.3596168,53.6448754,53.8690422,54.093209,54.2084754,54.3237418,54.7661418,55.5356754,5,1,0,mul-1789310451492235000-u32-mod32-f2z-17-2,1,declared-root,false
mul-1789310451492235000-u32-mod32-f2z-17,u32-mod32 2^17 f2z | initial rate 1/4,commit,3715791,3.715791,3.642525,3.676925,3.6984582,3.7071246,3.715791,3.7488082,3.7818254,3.7995254,3.8019082,5,1,0,mul-1789310451492235000-u32-mod32-f2z-17-2,1,declared-root,false
mul-1789310451492235000-u32-mod32-f2z-17,u32-mod32 2^17 f2z | initial rate 1/4,pcs,48338999,48.338999,47.534900,48.054050,48.3186998,48.3288494,48.338999,48.5694498,48.7999006,49.249376,49.917876,5,1,0,mul-1789310451492235000-u32-mod32-f2z-17-2,1,declared-root,false
mul-1789310451492235000-u32-mod32-f2z-17,u32-mod32 2^17 f2z | initial rate 1/4,opening-proof,44597834,44.597834,43.8584582,44.3092914,44.5473332,44.5725836,44.597834,44.8054172,45.0130004,45.4718838,46.1820674,5,1,0,mul-1789310451492235000-u32-mod32-f2z-17-2,1,declared-root,false
mul-1789310451492235000-u32-mod32-f2z-17,u32-mod32 2^17 f2z | initial rate 1/4,constraint-proof,4901417,4.901417,4.522925,4.631725,4.7291834,4.8153002,4.901417,4.914517,4.927617,4.953167,4.991167,5,1,0,mul-1789310451492235000-u32-mod32-f2z-17-2,1,declared-root,false
mul-1789310451492235000-u32-mod32-f2z-17,u32-mod32 2^17 f2z | initial rate 1/4,verification,4202541,4.202541,3.9804422,4.0199254,4.0722418,4.1373914,4.202541,4.2445578,4.2865746,4.3621664,4.4713332,5,1,0,mul-1789310451492235000-u32-mod32-f2z-17-2,1,declared-root,false
mul-1789310451492235000-u32-mod32-f2z-18,u32-mod32 2^18 f2z | initial rate 1/4,end-to-end,93121209,93.121209,91.4161246,92.5407082,93.1066418,93.1139254,93.121209,93.8613586,94.6015082,95.6302914,96.9477082,5,1,0,mul-1789310451492235000-u32-mod32-f2z-18-1,1,declared-root,false
mul-1789310451492235000-u32-mod32-f2z-18,u32-mod32 2^18 f2z | initial rate 1/4,witness-generation,481833,0.481833,0.4751914,0.4755078,0.4768994,0.4793662,0.481833,0.4997666,0.5177002,0.5287168,0.5328164,5,1,0,mul-1789310451492235000-u32-mod32-f2z-18-1,1,declared-root,false
mul-1789310451492235000-u32-mod32-f2z-18,u32-mod32 2^18 f2z | initial rate 1/4,preparation,183209,0.183209,0.1809582,0.1818754,0.182509,0.182859,0.183209,0.1833586,0.1835082,0.1836246,0.1837078,5,1,0,mul-1789310451492235000-u32-mod32-f2z-18-1,1,declared-root,false
mul-1789310451492235000-u32-mod32-f2z-18,u32-mod32 2^18 f2z | initial rate 1/4,proving,88305292,88.305292,86.7848582,87.7960914,88.3024248,88.3038584,88.305292,89.0884916,89.8716912,90.8776412,92.1063416,5,1,0,mul-1789310451492235000-u32-mod32-f2z-18-1,1,declared-root,false
mul-1789310451492235000-u32-mod32-f2z-18,u32-mod32 2^18 f2z | initial rate 1/4,commit,6321208,6.321208,5.9710916,6.0404752,6.1243752,6.2227916,6.321208,6.6010412,6.8808744,7.0970744,7.2496412,5,1,0,mul-1789310451492235000-u32-mod32-f2z-18-1,1,declared-root,false
mul-1789310451492235000-u32-mod32-f2z-18,u32-mod32 2^18 f2z | initial rate 1/4,pcs,79832917,79.832917,78.4440996,79.2740332,79.7177834,79.7753502,79.832917,80.7747002,81.7164834,82.7780166,83.9592998,5,1,0,mul-1789310451492235000-u32-mod32-f2z-18-1,1,declared-root,false
mul-1789310451492235000-u32-mod32-f2z-18,u32-mod32 2^18 f2z | initial rate 1/4,opening-proof,73757750,73.757750,71.9421916,72.1719252,72.5809836,73.1693668,73.757750,74.6011168,75.4444836,76.316892,77.218342,5,1,0,mul-1789310451492235000-u32-mod32-f2z-18-1,1,declared-root,false
mul-1789310451492235000-u32-mod32-f2z-18,u32-mod32 2^18 f2z | initial rate 1/4,constraint-proof,7077458,7.077458,7.0225248,7.0283416,7.0404916,7.0589748,7.077458,7.1957412,7.3140244,7.407541,7.476291,5,1,0,mul-1789310451492235000-u32-mod32-f2z-18-1,1,declared-root,false
mul-1789310451492235000-u32-mod32-f2z-18,u32-mod32 2^18 f2z | initial rate 1/4,verification,4782959,4.782959,4.5818586,4.6573422,4.712659,4.747809,4.782959,4.7935254,4.8040918,4.8306582,4.8732246,5,1,0,mul-1789310451492235000-u32-mod32-f2z-18-1,1,declared-root,false
mul-1789310451492235000-u32-mod32-f2z-19,u32-mod32 2^19 f2z | initial rate 1/4,end-to-end,155813792,155.813792,151.8334752,152.2561584,153.1367584,154.4752752,155.813792,156.7811584,157.7485248,158.5255164,159.1121332,5,1,0,mul-1789310451492235000-u32-mod32-f2z-19-4,1,declared-root,false
mul-1789310451492235000-u32-mod32-f2z-19,u32-mod32 2^19 f2z | initial rate 1/4,witness-generation,910250,0.910250,0.9068832,0.9085164,0.9095164,0.9098832,0.910250,0.956700,1.003150,1.0309584,1.0401252,5,1,0,mul-1789310451492235000-u32-mod32-f2z-19-4,1,declared-root,false
mul-1789310451492235000-u32-mod32-f2z-19,u32-mod32 2^19 f2z | initial rate 1/4,preparation,190292,0.190292,0.1892502,0.1898334,0.1901584,0.1902252,0.190292,0.1910588,0.1918256,0.1931172,0.1949336,5,1,0,mul-1789310451492235000-u32-mod32-f2z-19-4,1,declared-root,false
mul-1789310451492235000-u32-mod32-f2z-19,u32-mod32 2^19 f2z | initial rate 1/4,proving,151032000,151.032000,146.6807164,147.1362668,148.0976336,149.5648168,151.032000,152.083000,153.134000,153.9200418,154.4411254,5,1,0,mul-1789310451492235000-u32-mod32-f2z-19-4,1,declared-root,false
mul-1789310451492235000-u32-mod32-f2z-19,u32-mod32 2^19 f2z | initial rate 1/4,commit,11816834,11.816834,11.0576414,11.2446578,11.4338996,11.6253668,11.816834,11.8189504,11.8210668,12.0466334,12.4956502,5,1,0,mul-1789310451492235000-u32-mod32-f2z-19-4,1,declared-root,false
mul-1789310451492235000-u32-mod32-f2z-19,u32-mod32 2^19 f2z | initial rate 1/4,pcs,137870750,137.870750,133.4604826,134.2952162,135.3442164,136.6074832,137.870750,138.9244832,139.9782164,140.7202332,141.1505336,5,1,0,mul-1789310451492235000-u32-mod32-f2z-19-4,1,declared-root,false
mul-1789310451492235000-u32-mod32-f2z-19,u32-mod32 2^19 f2z | initial rate 1/4,opening-proof,124926083,124.926083,121.928733,122.569883,123.297583,124.111833,124.926083,126.809433,128.692783,129.6603664,129.7121832,5,1,0,mul-1789310451492235000-u32-mod32-f2z-19-4,1,declared-root,false
mul-1789310451492235000-u32-mod32-f2z-19,u32-mod32 2^19 f2z | initial rate 1/4,constraint-proof,11378209,11.378209,10.9777498,11.2211666,11.3499418,11.3640754,11.378209,11.4113922,11.4445754,11.5344752,11.6810916,5,1,0,mul-1789310451492235000-u32-mod32-f2z-19-4,1,declared-root,false
mul-1789310451492235000-u32-mod32-f2z-19,u32-mod32 2^19 f2z | initial rate 1/4,verification,4771500,4.771500,4.6272002,4.6924834,4.734400,4.752950,4.771500,4.8995168,5.0275336,5.1082002,5.1415166,5,1,0,mul-1789310451492235000-u32-mod32-f2z-19-4,1,declared-root,false
mul-1789310451492235000-u32-mod32-f2z-20,u32-mod32 2^20 f2z | initial rate 1/4,end-to-end,283364916,283.364916,276.8286418,279.3315746,281.139416,282.252166,283.364916,284.0875664,284.8102168,286.135367,288.063017,5,1,0,mul-1789310451492235000-u32-mod32-f2z-20-4,1,declared-root,false
mul-1789310451492235000-u32-mod32-f2z-20,u32-mod32 2^20 f2z | initial rate 1/4,witness-generation,2086292,2.086292,2.0724418,2.0725086,2.075292,2.080792,2.086292,2.0917752,2.0972584,2.1102416,2.1307248,5,1,0,mul-1789310451492235000-u32-mod32-f2z-20-4,1,declared-root,false
mul-1789310451492235000-u32-mod32-f2z-20,u32-mod32 2^20 f2z | initial rate 1/4,preparation,225208,0.225208,0.2224004,0.2229668,0.2236416,0.2244248,0.225208,0.2256916,0.2261752,0.2329504,0.2460172,5,1,0,mul-1789310451492235000-u32-mod32-f2z-20-4,1,declared-root,false
mul-1789310451492235000-u32-mod32-f2z-20,u32-mod32 2^20 f2z | initial rate 1/4,proving,277870792,277.870792,271.6672332,274.3940504,276.1801256,277.0254588,277.870792,278.5881588,279.3055256,280.5856756,282.4286088,5,1,0,mul-1789310451492235000-u32-mod32-f2z-20-4,1,declared-root,false
mul-1789310451492235000-u32-mod32-f2z-20,u32-mod32 2^20 f2z | initial rate 1/4,commit,24081208,24.081208,23.344275,23.669175,23.8815416,23.9813748,24.081208,24.161258,24.241308,24.3282248,24.4220084,5,1,0,mul-1789310451492235000-u32-mod32-f2z-20-4,1,declared-root,false
mul-1789310451492235000-u32-mod32-f2z-20,u32-mod32 2^20 f2z | initial rate 1/4,pcs,254712917,254.712917,248.1836324,250.8688488,252.711749,253.712333,254.712917,255.0392998,255.3656826,256.6472574,258.8840242,5,1,0,mul-1789310451492235000-u32-mod32-f2z-20-4,1,declared-root,false
mul-1789310451492235000-u32-mod32-f2z-20,u32-mod32 2^20 f2z | initial rate 1/4,opening-proof,230197125,230.197125,224.2521742,226.8375574,228.5436242,229.3703746,230.197125,230.6172914,231.0374578,232.618316,235.359866,5,1,0,mul-1789310451492235000-u32-mod32-f2z-20-4,1,declared-root,false
mul-1789310451492235000-u32-mod32-f2z-20,u32-mod32 2^20 f2z | initial rate 1/4,constraint-proof,19718041,19.718041,19.5560416,19.5628752,19.5966418,19.6573414,19.718041,19.7843414,19.8506418,20.0144752,20.2758416,5,1,0,mul-1789310451492235000-u32-mod32-f2z-20-4,1,declared-root,false
mul-1789310451492235000-u32-mod32-f2z-20,u32-mod32 2^20 f2z | initial rate 1/4,verification,5482459,5.482459,5.0372996,5.2619332,5.3958918,5.4391754,5.482459,5.487959,5.493459,5.5384088,5.6228084,5,1,0,mul-1789310451492235000-u32-mod32-f2z-20-4,1,declared-root,false
mul-1789310451492235000-u32-mod32-f2z-21,u32-mod32 2^21 f2z | initial rate 1/4,end-to-end,565130750,565.130750,556.776025,562.001675,564.717750,564.924250,565.130750,566.6188164,568.1068828,570.2134994,572.9386662,5,1,0,mul-1789310451492235000-u32-mod32-f2z-21-2,1,declared-root,false
mul-1789310451492235000-u32-mod32-f2z-21,u32-mod32 2^21 f2z | initial rate 1/4,witness-generation,4155875,4.155875,3.7981918,3.8017586,3.8740086,4.0149418,4.155875,4.1604582,4.1650414,4.1707664,4.1776332,5,1,0,mul-1789310451492235000-u32-mod32-f2z-21-2,1,declared-root,false
mul-1789310451492235000-u32-mod32-f2z-21,u32-mod32 2^21 f2z | initial rate 1/4,preparation,183625,0.183625,0.1821246,0.1829582,0.183425,0.183525,0.183625,0.1837918,0.1839586,0.1840586,0.1840918,5,1,0,mul-1789310451492235000-u32-mod32-f2z-21-2,1,declared-root,false
mul-1789310451492235000-u32-mod32-f2z-21,u32-mod32 2^21 f2z | initial rate 1/4,proving,557958541,557.958541,549.0002002,553.7912334,556.5411082,557.2498246,557.958541,559.4306746,560.9028082,562.9368166,565.5326998,5,1,0,mul-1789310451492235000-u32-mod32-f2z-21-2,1,declared-root,false
mul-1789310451492235000-u32-mod32-f2z-21,u32-mod32 2^21 f2z | initial rate 1/4,commit,45708958,45.708958,44.3922588,44.4007256,44.6657588,45.1873584,45.708958,46.1284416,46.5479252,49.1981086,54.0789918,5,1,0,mul-1789310451492235000-u32-mod32-f2z-21-2,1,declared-root,false
mul-1789310451492235000-u32-mod32-f2z-21,u32-mod32 2^21 f2z | initial rate 1/4,pcs,511233001,511.233001,504.695934,508.365784,510.4071674,510.8200842,511.233001,513.8997338,516.5664666,519.3258248,522.1778084,5,1,0,mul-1789310451492235000-u32-mod32-f2z-21-2,1,declared-root,false
mul-1789310451492235000-u32-mod32-f2z-21,u32-mod32 2^21 f2z | initial rate 1/4,opening-proof,466069917,466.069917,459.3498918,462.0786586,463.968417,465.019167,466.069917,466.3816338,466.6933506,467.9175422,470.0542086,5,1,0,mul-1789310451492235000-u32-mod32-f2z-21-2,1,declared-root,false
mul-1789310451492235000-u32-mod32-f2z-21,u32-mod32 2^21 f2z | initial rate 1/4,constraint-proof,36797000,36.797000,35.895008,36.357308,36.6301664,36.7135832,36.797000,37.3699336,37.9428672,38.7520088,39.7973584,5,1,0,mul-1789310451492235000-u32-mod32-f2z-21-2,1,declared-root,false
mul-1789310451492235000-u32-mod32-f2z-21,u32-mod32 2^21 f2z | initial rate 1/4,verification,7328375,7.328375,7.176625,7.192375,7.225875,7.277125,7.328375,7.4068914,7.4854078,7.7023828,8.0578164,5,1,0,mul-1789310451492235000-u32-mod32-f2z-21-2,1,declared-root,false
mul-1789310451492235000-u32-mod32-f2z-22,u32-mod32 2^22 f2z | initial rate 1/4,end-to-end,1076885084,1076.885084,1059.2908498,1069.7918666,1075.4109168,1076.1480004,1076.885084,1079.8002336,1082.7153832,1087.7885414,1095.0197082,5,1,0,mul-1789310451492235000-u32-mod32-f2z-22-4,1,declared-root,false
mul-1789310451492235000-u32-mod32-f2z-22,u32-mod32 2^22 f2z | initial rate 1/4,witness-generation,7693833,7.693833,7.6098168,7.6291336,7.6498002,7.6718166,7.693833,7.7232662,7.7526994,7.8756744,8.0921912,5,1,0,mul-1789310451492235000-u32-mod32-f2z-22-4,1,declared-root,false
mul-1789310451492235000-u32-mod32-f2z-22,u32-mod32 2^22 f2z | initial rate 1/4,preparation,191500,0.191500,0.1904248,0.1908916,0.191200,0.191350,0.191500,0.1915836,0.1916672,0.193384,0.196734,5,1,0,mul-1789310451492235000-u32-mod32-f2z-22-4,1,declared-root,false
mul-1789310451492235000-u32-mod32-f2z-22,u32-mod32 2^22 f2z | initial rate 1/4,proving,1069610250,1069.610250,1052.283808,1062.706408,1068.2562164,1068.9332332,1069.610250,1072.4356832,1075.2611164,1080.394083,1087.834583,5,1,0,mul-1789310451492235000-u32-mod32-f2z-22-4,1,declared-root,false
mul-1789310451492235000-u32-mod32-f2z-22,u32-mod32 2^22 f2z | initial rate 1/4,commit,96101333,96.101333,95.6548332,95.8804164,96.014833,96.058083,96.101333,96.105883,96.110433,96.282658,96.622558,5,1,0,mul-1789310451492235000-u32-mod32-f2z-22-4,1,declared-root,false
mul-1789310451492235000-u32-mod32-f2z-22,u32-mod32 2^22 f2z | initial rate 1/4,pcs,986552209,986.552209,971.9639584,981.3433748,986.1369082,986.3445586,986.552209,989.5878586,992.6235082,997.769183,1005.024883,5,1,0,mul-1789310451492235000-u32-mod32-f2z-22-4,1,declared-root,false
mul-1789310451492235000-u32-mod32-f2z-22,u32-mod32 2^22 f2z | initial rate 1/4,opening-proof,891122959,891.122959,875.8580754,885.2329418,890.1608918,890.6419254,891.122959,893.5453254,895.9676918,901.000575,908.643975,5,1,0,mul-1789310451492235000-u32-mod32-f2z-22-4,1,declared-root,false
mul-1789310451492235000-u32-mod32-f2z-22,u32-mod32 2^22 f2z | initial rate 1/4,constraint-proof,69693500,69.693500,67.6345086,68.7088922,69.3355672,69.5145336,69.693500,69.7213668,69.7492336,69.9024254,70.1809422,5,1,0,mul-1789310451492235000-u32-mod32-f2z-22-4,1,declared-root,false
mul-1789310451492235000-u32-mod32-f2z-22,u32-mod32 2^22 f2z | initial rate 1/4,verification,7112750,7.112750,6.9348916,6.9535752,6.9928836,7.0528168,7.112750,7.1732832,7.2338164,7.3085746,7.3975578,5,1,0,mul-1789310451492235000-u32-mod32-f2z-22-4,1,declared-root,false
mul-1789310451492235000-u32-mod32-plonky3-fri-15,u32-mod32 2^15 plonky3-fri | initial rate 1/4,end-to-end,775704250,775.704250,762.819267,764.622367,767.5599836,771.6321168,775.704250,777.174300,778.644350,780.7918666,783.6168498,5,1,0,mul-1789310451492235000-u32-mod32-plonky3-fri-15-5,1,declared-root,false
mul-1789310451492235000-u32-mod32-plonky3-fri-15,u32-mod32 2^15 plonky3-fri | initial rate 1/4,witness-generation,3514792,3.514792,2.7123578,2.7194246,2.8813248,3.1980584,3.514792,3.5226416,3.5304912,3.5680328,3.6352664,5,1,0,mul-1789310451492235000-u32-mod32-plonky3-fri-15-5,1,declared-root,false
mul-1789310451492235000-u32-mod32-plonky3-fri-15,u32-mod32 2^15 plonky3-fri | initial rate 1/4,proving,758243000,758.243000,745.250775,747.091925,750.058600,754.150800,758.243000,759.5157332,760.7884664,762.953608,766.011158,5,1,0,mul-1789310451492235000-u32-mod32-plonky3-fri-15-5,1,declared-root,false
mul-1789310451492235000-u32-mod32-plonky3-fri-15,u32-mod32 2^15 plonky3-fri | initial rate 1/4,commit,588440916,588.440916,582.0654746,582.9446582,584.3955832,586.4182496,588.440916,592.3857664,596.3306168,601.328317,607.378867,5,1,0,mul-1789310451492235000-u32-mod32-plonky3-fri-15-5,1,declared-root,false
mul-1789310451492235000-u32-mod32-plonky3-fri-15,u32-mod32 2^15 plonky3-fri | initial rate 1/4,pcs,695022917,695.022917,684.059383,684.145433,686.3553498,690.6891334,695.022917,697.1145998,699.2062826,701.8083576,704.9208248,5,1,0,mul-1789310451492235000-u32-mod32-plonky3-fri-15-5,1,declared-root,false
mul-1789310451492235000-u32-mod32-plonky3-fri-15,u32-mod32 2^15 plonky3-fri | initial rate 1/4,opening-proof,96719875,96.719875,95.0613418,95.5188086,95.9420086,96.3309418,96.719875,98.2675582,99.8152414,104.284433,111.675133,5,1,0,mul-1789310451492235000-u32-mod32-plonky3-fri-15-5,1,declared-root,false
mul-1789310451492235000-u32-mod32-plonky3-fri-15,u32-mod32 2^15 plonky3-fri | initial rate 1/4,constraint-proof,57620959,57.620959,56.8032996,57.1369332,57.3671918,57.4940754,57.620959,58.431709,59.242459,59.9780338,60.6384334,5,1,0,mul-1789310451492235000-u32-mod32-plonky3-fri-15-5,1,declared-root,false
mul-1789310451492235000-u32-mod32-plonky3-fri-15,u32-mod32 2^15 plonky3-fri | initial rate 1/4,verification,17018916,17.018916,16.9167336,16.9493832,16.9763496,16.9976328,17.018916,17.053266,17.087616,17.1706994,17.3025162,5,1,0,mul-1789310451492235000-u32-mod32-plonky3-fri-15-5,1,declared-root,false
mul-1789310451492235000-u32-mod32-plonky3-fri-16,u32-mod32 2^16 plonky3-fri | initial rate 1/4,end-to-end,1492722291,1492.722291,1470.8678502,1477.9180334,1483.6989582,1488.2106246,1492.722291,1494.6059582,1496.4896254,1519.477209,1563.568709,5,1,0,mul-1789310451492235000-u32-mod32-plonky3-fri-16-2,1,declared-root,false
mul-1789310451492235000-u32-mod32-plonky3-fri-16,u32-mod32 2^16 plonky3-fri | initial rate 1/4,witness-generation,7121625,7.121625,6.9651082,7.0073414,7.0470914,7.0843582,7.121625,7.1595918,7.1975586,7.277567,7.399617,5,1,0,mul-1789310451492235000-u32-mod32-plonky3-fri-16-2,1,declared-root,false
mul-1789310451492235000-u32-mod32-plonky3-fri-16,u32-mod32 2^16 plonky3-fri | initial rate 1/4,proving,1473776333,1473.776333,1451.7893002,1458.5674334,1464.3204666,1469.0483998,1473.776333,1475.4859998,1477.1956666,1500.0395416,1544.0176248,5,1,0,mul-1789310451492235000-u32-mod32-plonky3-fri-16-2,1,declared-root,false
mul-1789310451492235000-u32-mod32-plonky3-fri-16,u32-mod32 2^16 plonky3-fri | initial rate 1/4,commit,1158636750,1158.636750,1150.3359086,1151.1511082,1152.9743164,1155.8055332,1158.636750,1162.430350,1166.223950,1188.7245834,1229.9322502,5,1,0,mul-1789310451492235000-u32-mod32-plonky3-fri-16-2,1,declared-root,false
mul-1789310451492235000-u32-mod32-plonky3-fri-16,u32-mod32 2^16 plonky3-fri | initial rate 1/4,pcs,1359800292,1359.800292,1333.4628836,1336.1235172,1341.9231256,1350.8617088,1359.800292,1360.0697252,1360.3391584,1380.449500,1420.400750,5,1,0,mul-1789310451492235000-u32-mod32-plonky3-fri-16-2,1,declared-root,false
mul-1789310451492235000-u32-mod32-plonky3-fri-16,u32-mod32 2^16 plonky3-fri | initial rate 1/4,opening-proof,189212083,189.212083,182.7193752,186.1952084,188.1889166,188.7004998,189.212083,190.1990666,191.1860502,193.7110586,197.7740918,5,1,0,mul-1789310451492235000-u32-mod32-plonky3-fri-16-2,1,declared-root,false
mul-1789310451492235000-u32-mod32-plonky3-fri-16,u32-mod32 2^16 plonky3-fri | initial rate 1/4,constraint-proof,110014750,110.014750,107.0264162,107.0459994,107.6475828,108.8311664,110.014750,112.9853668,115.9559836,118.0305586,119.2090918,5,1,0,mul-1789310451492235000-u32-mod32-plonky3-fri-16-2,1,declared-root,false
mul-1789310451492235000-u32-mod32-plonky3-fri-16,u32-mod32 2^16 plonky3-fri | initial rate 1/4,verification,18850583,18.850583,18.3385752,18.3948584,18.5085166,18.6795498,18.850583,18.8952498,18.9399166,18.995000,19.060500,5,1,0,mul-1789310451492235000-u32-mod32-plonky3-fri-16-2,1,declared-root,false
mul-1789310451492235000-u32-mod32-plonky3-fri-17,u32-mod32 2^17 plonky3-fri | initial rate 1/4,end-to-end,2997472500,2997.472500,2947.873400,2963.691800,2976.775300,2987.123900,2997.472500,3001.1571336,3004.8417672,3013.3314172,3026.6260836,5,1,0,mul-1789310451492235000-u32-mod32-plonky3-fri-17-3,1,declared-root,false
mul-1789310451492235000-u32-mod32-plonky3-fri-17,u32-mod32 2^17 plonky3-fri | initial rate 1/4,witness-generation,14248167,14.248167,14.0021834,14.0511998,14.1101998,14.1791834,14.248167,14.2970502,14.3459334,14.4237416,14.5304748,5,1,0,mul-1789310451492235000-u32-mod32-plonky3-fri-17-3,1,declared-root,false
mul-1789310451492235000-u32-mod32-plonky3-fri-17,u32-mod32 2^17 plonky3-fri | initial rate 1/4,proving,2976665709,2976.665709,2927.1130334,2942.9306498,2956.0047082,2966.3352086,2976.665709,2980.2970586,2983.9284082,2992.4334914,3005.8123082,5,1,0,mul-1789310451492235000-u32-mod32-plonky3-fri-17-3,1,declared-root,false
mul-1789310451492235000-u32-mod32-plonky3-fri-17,u32-mod32 2^17 plonky3-fri | initial rate 1/4,commit,2356857417,2356.857417,2322.5189252,2335.6550584,2345.1499834,2351.0037002,2356.857417,2364.8848334,2372.9122498,2385.9278332,2403.9315836,5,1,0,mul-1789310451492235000-u32-mod32-plonky3-fri-17-3,1,declared-root,false
mul-1789310451492235000-u32-mod32-plonky3-fri-17,u32-mod32 2^17 plonky3-fri | initial rate 1/4,pcs,2715259542,2715.259542,2691.4189168,2705.9975836,2713.681442,2714.470492,2715.259542,2729.3955584,2743.5315748,2757.7601832,2772.0813836,5,1,0,mul-1789310451492235000-u32-mod32-plonky3-fri-17-3,1,declared-root,false
mul-1789310451492235000-u32-mod32-plonky3-fri-17,u32-mod32 2^17 plonky3-fri | initial rate 1/4,opening-proof,367457458,367.457458,360.828175,363.254225,365.0652916,366.2613748,367.457458,368.8999916,370.3425252,371.5857586,372.6296918,5,1,0,mul-1789310451492235000-u32-mod32-plonky3-fri-17-3,1,declared-root,false
mul-1789310451492235000-u32-mod32-plonky3-fri-17,u32-mod32 2^17 plonky3-fri | initial rate 1/4,constraint-proof,220858000,220.858000,219.416450,220.032650,220.444200,220.651100,220.858000,221.7682668,222.6785336,227.8527252,237.2908416,5,1,0,mul-1789310451492235000-u32-mod32-plonky3-fri-17-3,1,declared-root,false
mul-1789310451492235000-u32-mod32-plonky3-fri-17,u32-mod32 2^17 plonky3-fri | initial rate 1/4,verification,20208625,20.208625,20.193650,20.199300,20.203425,20.206025,20.208625,20.2280082,20.2473914,20.2822664,20.3326332,5,1,0,mul-1789310451492235000-u32-mod32-plonky3-fri-17-3,1,declared-root,false
mul-1789310451492235000-u32-mod32-plonky3-fri-18,u32-mod32 2^18 plonky3-fri | initial rate 1/4,end-to-end,5876061750,5876.061750,5808.0047586,5834.2038922,5853.0551172,5864.5584336,5876.061750,5877.337250,5878.612750,5883.543875,5892.130625,5,1,0,mul-1789310451492235000-u32-mod32-plonky3-fri-18-2,1,declared-root,false
mul-1789310451492235000-u32-mod32-plonky3-fri-18,u32-mod32 2^18 plonky3-fri | initial rate 1/4,witness-generation,28346833,28.346833,28.2470168,28.2892836,28.3177002,28.3322666,28.346833,28.522683,28.698533,28.9310664,29.2202832,5,1,0,mul-1789310451492235000-u32-mod32-plonky3-fri-18-2,1,declared-root,false
mul-1789310451492235000-u32-mod32-plonky3-fri-18,u32-mod32 2^18 plonky3-fri | initial rate 1/4,proving,5853421750,5853.421750,5785.3867582,5811.5533914,5830.3937164,5841.9077332,5853.421750,5854.493650,5855.565550,5860.4657916,5869.1943748,5,1,0,mul-1789310451492235000-u32-mod32-plonky3-fri-18-2,1,declared-root,false
mul-1789310451492235000-u32-mod32-plonky3-fri-18,u32-mod32 2^18 plonky3-fri | initial rate 1/4,commit,4651476125,4651.476125,4605.0597418,4635.3468586,4650.6875586,4651.0818418,4651.476125,4661.757575,4672.039025,4683.2245082,4695.3140246,5,1,0,mul-1789310451492235000-u32-mod32-plonky3-fri-18-2,1,declared-root,false
mul-1789310451492235000-u32-mod32-plonky3-fri-18,u32-mod32 2^18 plonky3-fri | initial rate 1/4,pcs,5384222458,5384.222458,5318.1755832,5346.5670004,5365.4546588,5374.8385584,5384.222458,5385.3790916,5386.5357252,5392.3959334,5402.9597162,5,1,0,mul-1789310451492235000-u32-mod32-plonky3-fri-18-2,1,declared-root,false
mul-1789310451492235000-u32-mod32-plonky3-fri-18,u32-mod32 2^18 plonky3-fri | initial rate 1/4,opening-proof,710272292,710.272292,706.489058,706.858158,707.6886248,708.9804584,710.272292,712.1679916,714.0636912,719.1368162,727.3873666,5,1,0,mul-1789310451492235000-u32-mod32-plonky3-fri-18-2,1,declared-root,false
mul-1789310451492235000-u32-mod32-plonky3-fri-18,u32-mod32 2^18 plonky3-fri | initial rate 1/4,constraint-proof,440158208,440.158208,435.0107582,435.6921414,436.857908,438.508058,440.158208,440.4757412,440.7932744,440.9724578,441.0132914,5,1,0,mul-1789310451492235000-u32-mod32-plonky3-fri-18-2,1,declared-root,false
mul-1789310451492235000-u32-mod32-plonky3-fri-18,u32-mod32 2^18 plonky3-fri | initial rate 1/4,verification,22075875,22.075875,22.0332172,22.0488504,22.0605086,22.0681918,22.075875,22.132275,22.188675,22.2850916,22.4215248,5,1,0,mul-1789310451492235000-u32-mod32-plonky3-fri-18-2,1,declared-root,false
mul-1789310451492235000-u32-mod32-plonky3-fri-19,u32-mod32 2^19 plonky3-fri | initial rate 1/4,end-to-end,11685741166,11685.741166,11555.133525,11567.617425,11596.2357332,11640.9884496,11685.741166,11693.7932832,11701.8454004,11711.9001088,11723.9574084,5,1,0,mul-1789310451492235000-u32-mod32-plonky3-fri-19-4,1,declared-root,false
mul-1789310451492235000-u32-mod32-plonky3-fri-19,u32-mod32 2^19 plonky3-fri | initial rate 1/4,witness-generation,45575292,45.575292,44.8748586,45.1868422,45.3893256,45.4823088,45.575292,50.6995584,55.8238248,59.2944914,61.1115582,5,1,0,mul-1789310451492235000-u32-mod32-plonky3-fri-19-4,1,declared-root,false
mul-1789310451492235000-u32-mod32-plonky3-fri-19,u32-mod32 2^19 plonky3-fri | initial rate 1/4,proving,11661481583,11661.481583,11530.773017,11543.266867,11571.9073502,11616.6944666,11661.481583,11669.3285998,11677.1756166,11687.224975,11699.476675,5,1,0,mul-1789310451492235000-u32-mod32-plonky3-fri-19-4,1,declared-root,false
mul-1789310451492235000-u32-mod32-plonky3-fri-19,u32-mod32 2^19 plonky3-fri | initial rate 1/4,commit,9354275083,9354.275083,9244.5606668,9247.5373336,9270.0755502,9312.1753166,9354.275083,9357.3712666,9360.4674502,9362.8043586,9364.3819918,5,1,0,mul-1789310451492235000-u32-mod32-plonky3-fri-19-4,1,declared-root,false
mul-1789310451492235000-u32-mod32-plonky3-fri-19,u32-mod32 2^19 plonky3-fri | initial rate 1/4,pcs,10741179042,10741.179042,10614.628075,10622.812775,10649.7599084,10695.4694752,10741.179042,10748.309392,10755.439742,10765.6395252,10778.9087416,5,1,0,mul-1789310451492235000-u32-mod32-plonky3-fri-19-4,1,declared-root,false
mul-1789310451492235000-u32-mod32-plonky3-fri-19,u32-mod32 2^19 plonky3-fri | initial rate 1/4,opening-proof,1386903959,1386.903959,1370.0674082,1375.2754414,1379.6843582,1383.2941586,1386.903959,1390.9381254,1394.9722918,1402.8351666,1414.5267498,5,1,0,mul-1789310451492235000-u32-mod32-plonky3-fri-19-4,1,declared-root,false
mul-1789310451492235000-u32-mod32-plonky3-fri-19,u32-mod32 2^19 plonky3-fri | initial rate 1/4,constraint-proof,866214666,866.214666,861.1406584,863.1632748,864.5825996,865.3986328,866.214666,869.3927828,872.5708996,874.4660414,875.0782082,5,1,0,mul-1789310451492235000-u32-mod32-plonky3-fri-19-4,1,declared-root,false
mul-1789310451492235000-u32-mod32-plonky3-fri-19,u32-mod32 2^19 plonky3-fri | initial rate 1/4,verification,23704834,23.704834,23.6590082,23.6626414,23.6725332,23.6886836,23.704834,23.7292172,23.7536004,23.8401668,23.9889164,5,1,0,mul-1789310451492235000-u32-mod32-plonky3-fri-19-4,1,declared-root,false
mul-1789310451492235000-u32-mod32-plonky3-fri-20,u32-mod32 2^20 plonky3-fri | initial rate 1/4,end-to-end,23653741916,23653.741916,23571.9174252,23600.9570584,23623.1298832,23638.4358996,23653.741916,23704.5917328,23755.4415496,24081.961158,24684.150558,5,1,0,mul-1789310451492235000-u32-mod32-plonky3-fri-20-5,1,declared-root,false
mul-1789310451492235000-u32-mod32-plonky3-fri-20,u32-mod32 2^20 plonky3-fri | initial rate 1/4,witness-generation,90604625,90.604625,89.0517246,89.7116582,90.154225,90.379425,90.604625,90.7509582,90.8972914,95.897883,105.752733,5,1,0,mul-1789310451492235000-u32-mod32-plonky3-fri-20-5,1,declared-root,false
mul-1789310451492235000-u32-mod32-plonky3-fri-20,u32-mod32 2^20 plonky3-fri | initial rate 1/4,proving,23627476375,23627.476375,23545.477325,23574.506775,23596.712475,23612.094425,23627.476375,23678.238525,23729.000675,24055.4309416,24657.5293248,5,1,0,mul-1789310451492235000-u32-mod32-plonky3-fri-20-5,1,declared-root,false
mul-1789310451492235000-u32-mod32-plonky3-fri-20,u32-mod32 2^20 plonky3-fri | initial rate 1/4,commit,18992027208,18992.027208,18867.9886002,18910.7340334,18944.0908416,18968.0590248,18992.027208,18994.2217248,18996.4162416,19272.037175,19821.084525,5,1,0,mul-1789310451492235000-u32-mod32-plonky3-fri-20-5,1,declared-root,false
mul-1789310451492235000-u32-mod32-plonky3-fri-20,u32-mod32 2^20 plonky3-fri | initial rate 1/4,pcs,21773523625,21773.523625,21666.2171752,21696.4110584,21723.911125,21748.717375,21773.523625,21790.3187914,21807.1139578,22095.7680412,22656.2810416,5,1,0,mul-1789310451492235000-u32-mod32-plonky3-fri-20-5,1,declared-root,false
mul-1789310451492235000-u32-mod32-plonky3-fri-20,u32-mod32 2^20 plonky3-fri | initial rate 1/4,opening-proof,2810780125,2810.780125,2777.366575,2778.723025,2785.677025,2798.228575,2810.780125,2815.8618082,2820.9434914,2828.1198998,2837.3910334,5,1,0,mul-1789310451492235000-u32-mod32-plonky3-fri-20-5,1,declared-root,false
mul-1789310451492235000-u32-mod32-plonky3-fri-20,u32-mod32 2^20 plonky3-fri | initial rate 1/4,constraint-proof,1755020542,1755.020542,1739.1418996,1747.2793832,1752.0826084,1753.5515752,1755.020542,1778.6194416,1802.2183412,1826.8698078,1852.5738414,5,1,0,mul-1789310451492235000-u32-mod32-plonky3-fri-20-5,1,declared-root,false
mul-1789310451492235000-u32-mod32-plonky3-fri-20,u32-mod32 2^20 plonky3-fri | initial rate 1/4,verification,25809542,25.809542,25.6922164,25.7550168,25.791042,25.800292,25.809542,25.8192084,25.8288748,25.876533,25.962183,5,1,0,mul-1789310451492235000-u32-mod32-plonky3-fri-20-5,1,declared-root,false
mul-1789310451492235000-u32-mod32-plonky3-fri-21,u32-mod32 2^21 plonky3-fri | initial rate 1/4,end-to-end,47709845250,47709.845250,47159.3735336,47194.2763172,47311.3512172,47510.5982336,47709.845250,47761.5077832,47813.1703164,47850.4287248,47873.2830084,5,1,0,mul-1789310451492235000-u32-mod32-plonky3-fri-21-5,1,declared-root,false
mul-1789310451492235000-u32-mod32-plonky3-fri-21,u32-mod32 2^21 plonky3-fri | initial rate 1/4,witness-generation,179070750,179.070750,177.3161172,177.9664004,178.4473836,178.7590668,179.070750,204.451550,229.832350,244.147425,247.396775,5,1,0,mul-1789310451492235000-u32-mod32-plonky3-fri-21-5,1,declared-root,false
mul-1789310451492235000-u32-mod32-plonky3-fri-21,u32-mod32 2^21 plonky3-fri | initial rate 1/4,proving,47680650000,47680.650000,47129.9471082,47164.6495914,47281.7306664,47481.1903332,47680.650000,47732.2891836,47783.9283672,47821.2702422,47844.3148086,5,1,0,mul-1789310451492235000-u32-mod32-plonky3-fri-21-5,1,declared-root,false
mul-1789310451492235000-u32-mod32-plonky3-fri-21,u32-mod32 2^21 plonky3-fri | initial rate 1/4,commit,38236748084,38236.748084,37793.4893498,37800.9838666,37891.1345168,38063.9413004,38236.748084,38304.0265168,38371.3049496,38407.0482746,38411.2564918,5,1,0,mul-1789310451492235000-u32-mod32-plonky3-fri-21-5,1,declared-root,false
mul-1789310451492235000-u32-mod32-plonky3-fri-21,u32-mod32 2^21 plonky3-fri | initial rate 1/4,pcs,43830213000,43830.213000,43254.6762164,43287.8726828,43409.6193328,43619.9161664,43830.213000,43910.4141504,43990.6153008,44033.540809,44039.190675,5,1,0,mul-1789310451492235000-u32-mod32-plonky3-fri-21-5,1,declared-root,false
mul-1789310451492235000-u32-mod32-plonky3-fri-21,u32-mod32 2^21 plonky3-fri | initial rate 1/4,opening-proof,5593464916,5593.464916,5457.4396082,5498.1305914,5533.4738496,5563.4693828,5593.464916,5602.1794164,5610.8939168,5620.1802086,5630.0382918,5,1,0,mul-1789310451492235000-u32-mod32-plonky3-fri-21-5,1,declared-root,false
mul-1789310451492235000-u32-mod32-plonky3-fri-21,u32-mod32 2^21 plonky3-fri | initial rate 1/4,constraint-proof,3520943958,3520.943958,3507.442842,3512.858142,3516.6414252,3518.7926916,3520.943958,3537.6831748,3554.4223916,3566.3423418,3573.4430254,5,1,0,mul-1789310451492235000-u32-mod32-plonky3-fri-21-5,1,declared-root,false
mul-1789310451492235000-u32-mod32-plonky3-fri-21,u32-mod32 2^21 plonky3-fri | initial rate 1/4,verification,28452875,28.452875,28.1899168,28.3595836,28.4461086,28.4494918,28.452875,28.4714918,28.4901086,28.5926252,28.7790416,5,1,0,mul-1789310451492235000-u32-mod32-plonky3-fri-21-5,1,declared-root,false
mul-1789310451492235000-u32-mod32-plonky3-fri-22,u32-mod32 2^22 plonky3-fri | initial rate 1/4,end-to-end,96976016375,96976.016375,94871.6186496,94995.2933832,95440.907875,96208.462125,96976.016375,96981.0357582,96986.0551414,97483.0945164,98472.1538832,5,1,0,mul-1789310451492235000-u32-mod32-plonky3-fri-22-4,1,declared-root,false
mul-1789310451492235000-u32-mod32-plonky3-fri-22,u32-mod32 2^22 plonky3-fri | initial rate 1/4,witness-generation,368655583,368.655583,364.562625,364.908375,365.7961166,367.2258498,368.655583,370.3303166,372.0050502,373.1486586,373.7611418,5,1,0,mul-1789310451492235000-u32-mod32-plonky3-fri-22-4,1,declared-root,false
mul-1789310451492235000-u32-mod32-plonky3-fri-22,u32-mod32 2^22 plonky3-fri | initial rate 1/4,proving,96944566875,96944.566875,94840.4824752,94964.2066584,95409.768375,96177.167625,96944.566875,96949.7726918,96954.9785086,97451.9967336,98440.8273668,5,1,0,mul-1789310451492235000-u32-mod32-plonky3-fri-22-4,1,declared-root,false
mul-1789310451492235000-u32-mod32-plonky3-fri-22,u32-mod32 2^22 plonky3-fri | initial rate 1/4,commit,77412353291,77412.353291,75926.0188662,75931.0313994,76229.300791,76820.827041,77412.353291,77426.8711414,77441.3889918,77757.0107836,78373.7365168,5,1,0,mul-1789310451492235000-u32-mod32-plonky3-fri-22-4,1,declared-root,false
mul-1789310451492235000-u32-mod32-plonky3-fri-22,u32-mod32 2^22 plonky3-fri | initial rate 1/4,pcs,88816355708,88816.355708,87184.847924,87285.574974,87632.0219408,88224.1888244,88816.355708,88898.5378576,88980.7200072,89493.6042906,90437.1907078,5,1,0,mul-1789310451492235000-u32-mod32-plonky3-fri-22-4,1,declared-root,false
mul-1789310451492235000-u32-mod32-plonky3-fri-22,u32-mod32 2^22 plonky3-fri | initial rate 1/4,opening-proof,11414932166,11414.932166,11237.4330412,11324.2828744,11377.152666,11396.042416,11414.932166,11492.742416,11570.552666,11765.6292078,12077.9720414,5,1,0,mul-1789310451492235000-u32-mod32-plonky3-fri-22-4,1,declared-root,false
mul-1789310451492235000-u32-mod32-plonky3-fri-22,u32-mod32 2^22 plonky3-fri | initial rate 1/4,constraint-proof,7222669291,7222.669291,7100.1107666,7103.5299502,7128.7254918,7175.6973914,7222.669291,7267.7461246,7312.8229582,7379.5206166,7467.8390998,5,1,0,mul-1789310451492235000-u32-mod32-plonky3-fri-22-4,1,declared-root,false
mul-1789310451492235000-u32-mod32-plonky3-fri-22,u32-mod32 2^22 plonky3-fri | initial rate 1/4,verification,30458917,30.458917,30.2302248,30.2344916,30.2810834,30.3700002,30.458917,30.5120338,30.5651506,30.6215172,30.6811336,5,1,0,mul-1789310451492235000-u32-mod32-plonky3-fri-22-4,1,declared-root,false
mul-1789312118991002000-u32-mod32-binius64-15,u32-mod32 2^15 binius64 | initial rate 1/8,end-to-end,52982417,52.982417,52.3225418,52.3642086,52.504517,52.743467,52.982417,53.2931002,53.6037834,53.8354084,53.9879752,5,1,0,mul-1789312118991002000-u32-mod32-binius64-15-3,1,declared-root,false
mul-1789312118991002000-u32-mod32-binius64-15,u32-mod32 2^15 binius64 | initial rate 1/8,witness-generation,887500,0.887500,0.8827588,0.8846416,0.8859664,0.8867332,0.887500,0.8903996,0.8932992,0.918249,0.965249,5,1,0,mul-1789312118991002000-u32-mod32-binius64-15-3,1,declared-root,false
mul-1789312118991002000-u32-mod32-binius64-15,u32-mod32 2^15 binius64 | initial rate 1/8,proving,50783250,50.783250,50.1160914,50.1615578,50.3040828,50.5436664,50.783250,51.0920664,51.4008828,51.6324244,51.7866912,5,1,0,mul-1789312118991002000-u32-mod32-binius64-15-3,1,declared-root,false
mul-1789312118991002000-u32-mod32-binius64-15,u32-mod32 2^15 binius64 | initial rate 1/8,commit,3925333,3.925333,3.3047084,3.3536248,3.487533,3.706433,3.925333,4.1115666,4.2978002,4.406967,4.439067,5,1,0,mul-1789312118991002000-u32-mod32-binius64-15-3,1,declared-root,false
mul-1789312118991002000-u32-mod32-binius64-15,u32-mod32 2^15 binius64 | initial rate 1/8,pcs,8432791,8.432791,7.8862414,7.9026918,8.0152918,8.2240414,8.432791,8.6879746,8.9431582,9.1579834,9.3324502,5,1,0,mul-1789312118991002000-u32-mod32-binius64-15-3,1,declared-root,false
mul-1789312118991002000-u32-mod32-binius64-15,u32-mod32 2^15 binius64 | initial rate 1/8,opening-proof,4655125,4.655125,4.498008,4.504308,4.5369914,4.5960582,4.655125,4.6650082,4.6748914,4.7510164,4.8933832,5,1,0,mul-1789312118991002000-u32-mod32-binius64-15-3,1,declared-root,false
mul-1789312118991002000-u32-mod32-binius64-15,u32-mod32 2^15 binius64 | initial rate 1/8,constraint-proof,41406500,41.406500,41.1875164,41.2331168,41.2860336,41.3462668,41.406500,41.4182168,41.4299336,41.5149836,41.6733668,5,1,0,mul-1789312118991002000-u32-mod32-binius64-15-3,1,declared-root,false
mul-1789312118991002000-u32-mod32-binius64-15,u32-mod32 2^15 binius64 | initial rate 1/8,verification,2190459,2.190459,2.1881002,2.1885334,2.1890918,2.1897754,2.190459,2.1914086,2.1923582,2.1935496,2.1949828,5,1,0,mul-1789312118991002000-u32-mod32-binius64-15-3,1,declared-root,false
mul-1789312118991002000-u32-mod32-binius64-16,u32-mod32 2^16 binius64 | initial rate 1/8,end-to-end,79580917,79.580917,77.6729334,78.1239498,78.5957498,79.0883334,79.580917,79.882367,80.183817,80.4604002,80.7121166,5,1,0,mul-1789312118991002000-u32-mod32-binius64-16-2,1,declared-root,false
mul-1789312118991002000-u32-mod32-binius64-16,u32-mod32 2^16 binius64 | initial rate 1/8,witness-generation,1825292,1.825292,1.8068744,1.8112908,1.8158576,1.8205748,1.825292,1.8383084,1.8513248,1.8639832,1.8762836,5,1,0,mul-1789312118991002000-u32-mod32-binius64-16-2,1,declared-root,false
mul-1789312118991002000-u32-mod32-binius64-16,u32-mod32 2^16 binius64 | initial rate 1/8,proving,76998833,76.998833,75.0664166,75.5479162,76.0306994,76.5147662,76.998833,77.3136166,77.6284002,77.8702004,78.0390172,5,1,0,mul-1789312118991002000-u32-mod32-binius64-16-2,1,declared-root,false
mul-1789312118991002000-u32-mod32-binius64-16,u32-mod32 2^16 binius64 | initial rate 1/8,commit,6823291,6.823291,6.6017578,6.7487246,6.8224246,6.8228578,6.823291,6.8357914,6.8482918,7.106742,7.611142,5,1,0,mul-1789312118991002000-u32-mod32-binius64-16-2,1,declared-root,false
mul-1789312118991002000-u32-mod32-binius64-16,u32-mod32 2^16 binius64 | initial rate 1/8,pcs,12992000,12.992000,12.7585074,12.8550578,12.9210664,12.9565332,12.992000,13.0462496,13.1004992,13.272316,13.561700,5,1,0,mul-1789312118991002000-u32-mod32-binius64-16-2,1,declared-root,false
mul-1789312118991002000-u32-mod32-binius64-16,u32-mod32 2^16 binius64 | initial rate 1/8,opening-proof,6137458,6.137458,5.873342,6.011142,6.0915252,6.1144916,6.137458,6.1653412,6.1932244,6.226816,6.266116,5,1,0,mul-1789312118991002000-u32-mod32-binius64-16-2,1,declared-root,false
mul-1789312118991002000-u32-mod32-binius64-16,u32-mod32 2^16 binius64 | initial rate 1/8,constraint-proof,62018292,62.018292,60.3744088,60.9822756,61.4326256,61.7254588,62.018292,62.2000252,62.3817584,62.5700584,62.7649252,5,1,0,mul-1789312118991002000-u32-mod32-binius64-16-2,1,declared-root,false
mul-1789312118991002000-u32-mod32-binius64-16,u32-mod32 2^16 binius64 | initial rate 1/8,verification,2571333,2.571333,2.542125,2.547125,2.5539666,2.5626498,2.571333,2.5932998,2.6152666,2.6499918,2.6974754,5,1,0,mul-1789312118991002000-u32-mod32-binius64-16-2,1,declared-root,false
mul-1789312118991002000-u32-mod32-binius64-17,u32-mod32 2^17 binius64 | initial rate 1/8,end-to-end,130496625,130.496625,125.4568414,126.4325578,127.6356578,129.0661414,130.496625,131.9485418,133.4004586,134.9819752,136.6930916,5,1,0,mul-1789312118991002000-u32-mod32-binius64-17-3,1,declared-root,false
mul-1789312118991002000-u32-mod32-binius64-17,u32-mod32 2^17 binius64 | initial rate 1/8,witness-generation,3606459,3.606459,3.576724,3.578574,3.584891,3.595675,3.606459,3.6087422,3.6110254,3.6174586,3.6280418,5,1,0,mul-1789312118991002000-u32-mod32-binius64-17-3,1,declared-root,false
mul-1789312118991002000-u32-mod32-binius64-17,u32-mod32 2^17 binius64 | initial rate 1/8,proving,127475666,127.475666,122.5985422,123.5613754,124.7293668,126.1025164,127.475666,128.9981496,130.5206332,132.096500,133.725750,5,1,0,mul-1789312118991002000-u32-mod32-binius64-17-3,1,declared-root,false
mul-1789312118991002000-u32-mod32-binius64-17,u32-mod32 2^17 binius64 | initial rate 1/8,commit,13419625,13.419625,13.1741498,13.2392166,13.301325,13.360475,13.419625,14.0268086,14.6339922,15.1472922,15.5667086,5,1,0,mul-1789312118991002000-u32-mod32-binius64-17-3,1,declared-root,false
mul-1789312118991002000-u32-mod32-binius64-17,u32-mod32 2^17 binius64 | initial rate 1/8,pcs,23617084,23.617084,21.684925,21.861975,22.2838168,22.9504504,23.617084,24.0973004,24.5775168,25.2394332,26.0830496,5,1,0,mul-1789312118991002000-u32-mod32-binius64-17-3,1,declared-root,false
mul-1789312118991002000-u32-mod32-binius64-17,u32-mod32 2^17 binius64 | initial rate 1/8,opening-proof,8679500,8.679500,8.4516252,8.5044584,8.560600,8.620050,8.679500,8.740300,8.801100,9.7961832,11.7255496,5,1,0,mul-1789312118991002000-u32-mod32-binius64-17-3,1,declared-root,false
mul-1789312118991002000-u32-mod32-binius64-17,u32-mod32 2^17 binius64 | initial rate 1/8,constraint-proof,98988458,98.988458,96.6275082,96.7301414,97.222858,98.105658,98.988458,99.6912748,100.3940916,102.5506668,106.1610004,5,1,0,mul-1789312118991002000-u32-mod32-binius64-17-3,1,declared-root,false
mul-1789312118991002000-u32-mod32-binius64-17,u32-mod32 2^17 binius64 | initial rate 1/8,verification,2865833,2.865833,2.8347164,2.8349328,2.8411994,2.8535162,2.865833,2.9233662,2.9808994,3.0155246,3.0272418,5,1,0,mul-1789312118991002000-u32-mod32-binius64-17-3,1,declared-root,false
mul-1789312118991002000-u32-mod32-binius64-18,u32-mod32 2^18 binius64 | initial rate 1/8,end-to-end,223509792,223.509792,220.827425,222.538475,223.4171584,223.4634752,223.509792,223.9012752,224.2927584,225.1767084,226.5531252,5,1,0,mul-1789312118991002000-u32-mod32-binius64-18-4,1,declared-root,false
mul-1789312118991002000-u32-mod32-binius64-18,u32-mod32 2^18 binius64 | initial rate 1/8,witness-generation,7063375,7.063375,7.025300,7.027100,7.035075,7.049225,7.063375,7.1056082,7.1478414,7.1737664,7.1833832,5,1,0,mul-1789312118991002000-u32-mod32-binius64-18-4,1,declared-root,false
mul-1789312118991002000-u32-mod32-binius64-18,u32-mod32 2^18 binius64 | initial rate 1/8,proving,219329834,219.329834,216.4571586,218.1878582,219.1085332,219.2191836,219.329834,219.5127672,219.6957004,220.546617,222.065517,5,1,0,mul-1789312118991002000-u32-mod32-binius64-18-4,1,declared-root,false
mul-1789312118991002000-u32-mod32-binius64-18,u32-mod32 2^18 binius64 | initial rate 1/8,commit,26777042,26.777042,26.1178504,26.4986168,26.7066084,26.7418252,26.777042,27.6512084,28.5253748,29.5852248,30.8307584,5,1,0,mul-1789312118991002000-u32-mod32-binius64-18-4,1,declared-root,false
mul-1789312118991002000-u32-mod32-binius64-18,u32-mod32 2^18 binius64 | initial rate 1/8,pcs,39031917,39.031917,38.4815676,38.7564672,38.921517,38.976717,39.031917,40.0873334,41.1427498,42.2100914,43.2893582,5,1,0,mul-1789312118991002000-u32-mod32-binius64-18-4,1,declared-root,false
mul-1789312118991002000-u32-mod32-binius64-18,u32-mod32 2^18 binius64 | initial rate 1/8,opening-proof,12342917,12.342917,12.1870582,12.2572414,12.3024498,12.3226834,12.342917,12.3935838,12.4442506,12.5172672,12.6126336,5,1,0,mul-1789312118991002000-u32-mod32-binius64-18-4,1,declared-root,false
mul-1789312118991002000-u32-mod32-binius64-18,u32-mod32 2^18 binius64 | initial rate 1/8,constraint-proof,173663292,173.663292,168.0036916,168.4209252,169.636292,171.649792,173.663292,173.8244416,173.9855912,174.1942412,174.4503916,5,1,0,mul-1789312118991002000-u32-mod32-binius64-18-4,1,declared-root,false
mul-1789312118991002000-u32-mod32-binius64-18,u32-mod32 2^18 binius64 | initial rate 1/8,verification,4379625,4.379625,4.166683,4.278533,4.3434914,4.3615582,4.379625,4.4059414,4.4322578,4.4943662,4.5922666,5,1,0,mul-1789312118991002000-u32-mod32-binius64-18-4,1,declared-root,false
mul-1789312118991002000-u32-mod32-binius64-19,u32-mod32 2^19 binius64 | initial rate 1/8,end-to-end,412249333,412.249333,411.9745586,412.0009082,412.061133,412.155233,412.249333,417.0152498,421.7811666,427.7046416,434.7856748,5,1,0,mul-1789312118991002000-u32-mod32-binius64-19-5,1,declared-root,false
mul-1789312118991002000-u32-mod32-binius64-19,u32-mod32 2^19 binius64 | initial rate 1/8,witness-generation,14145458,14.145458,13.925783,13.957483,14.007758,14.076608,14.145458,14.1490916,14.1527252,14.1622504,14.1776672,5,1,0,mul-1789312118991002000-u32-mod32-binius64-19-5,1,declared-root,false
mul-1789312118991002000-u32-mod32-binius64-19,u32-mod32 2^19 binius64 | initial rate 1/8,proving,400929000,400.929000,400.5835836,400.7835832,400.8926664,400.9108332,400.929000,405.4426332,409.9562664,415.8876746,423.2368578,5,1,0,mul-1789312118991002000-u32-mod32-binius64-19-5,1,declared-root,false
mul-1789312118991002000-u32-mod32-binius64-19,u32-mod32 2^19 binius64 | initial rate 1/8,commit,58242709,58.242709,52.3754002,53.8188834,55.2810418,56.7618754,58.242709,58.3865254,58.5303418,58.8269834,59.2764502,5,1,0,mul-1789312118991002000-u32-mod32-binius64-19-5,1,declared-root,false
mul-1789312118991002000-u32-mod32-binius64-19,u32-mod32 2^19 binius64 | initial rate 1/8,pcs,78710959,78.710959,73.2200248,75.3765916,76.9060918,77.8085254,78.710959,78.753009,78.795059,79.0293006,79.4557338,5,1,0,mul-1789312118991002000-u32-mod32-binius64-19-5,1,declared-root,false
mul-1789312118991002000-u32-mod32-binius64-19,u32-mod32 2^19 binius64 | initial rate 1/8,opening-proof,20156250,20.156250,20.1178418,20.1269746,20.1364828,20.1463664,20.156250,20.323100,20.489950,20.841550,21.377900,5,1,0,mul-1789312118991002000-u32-mod32-binius64-19-5,1,declared-root,false
mul-1789312118991002000-u32-mod32-binius64-19,u32-mod32 2^19 binius64 | initial rate 1/8,constraint-proof,310244625,310.244625,307.1570998,307.4941166,308.179025,309.211825,310.244625,313.8264582,317.4082914,324.4772498,335.0333334,5,1,0,mul-1789312118991002000-u32-mod32-binius64-19-5,1,declared-root,false
mul-1789312118991002000-u32-mod32-binius64-19,u32-mod32 2^19 binius64 | initial rate 1/8,verification,11308708,11.308708,11.1797254,11.2394918,11.2772416,11.2929748,11.308708,11.4067248,11.5047416,11.630825,11.784975,5,1,0,mul-1789312118991002000-u32-mod32-binius64-19-5,1,declared-root,false
mul-1789312118991002000-u32-mod32-binius64-20,u32-mod32 2^20 binius64 | initial rate 1/8,end-to-end,862156375,862.156375,857.6071254,858.4140418,859.485275,860.820825,862.156375,865.999475,869.842575,876.6339082,886.3734746,5,1,0,mul-1789312118991002000-u32-mod32-binius64-20-3,1,declared-root,false
mul-1789312118991002000-u32-mod32-binius64-20,u32-mod32 2^20 binius64 | initial rate 1/8,witness-generation,28062958,28.062958,27.9534578,27.9711246,27.996558,28.029758,28.062958,28.0830916,28.1032252,28.123742,28.144642,5,1,0,mul-1789312118991002000-u32-mod32-binius64-20-3,1,declared-root,false
mul-1789312118991002000-u32-mod32-binius64-20,u32-mod32 2^20 binius64 | initial rate 1/8,proving,841406750,841.406750,837.414075,837.823025,838.703350,840.055050,841.406750,845.4828668,849.5589836,856.5623002,866.4928166,5,1,0,mul-1789312118991002000-u32-mod32-binius64-20-3,1,declared-root,false
mul-1789312118991002000-u32-mod32-binius64-20,u32-mod32 2^20 binius64 | initial rate 1/8,commit,111596333,111.596333,106.2600414,107.1404578,108.3837994,109.9900662,111.596333,111.844883,112.093433,112.2268914,112.2452582,5,1,0,mul-1789312118991002000-u32-mod32-binius64-20-3,1,declared-root,false
mul-1789312118991002000-u32-mod32-binius64-20,u32-mod32 2^20 binius64 | initial rate 1/8,pcs,146021624,146.021624,141.6011084,142.4344248,143.4851912,144.7534076,146.021624,146.0958744,146.1701248,146.5360916,147.1937748,5,1,0,mul-1789312118991002000-u32-mod32-binius64-20-3,1,declared-root,false
mul-1789312118991002000-u32-mod32-binius64-20,u32-mod32 2^20 binius64 | initial rate 1/8,opening-proof,35270417,35.270417,34.1362914,34.3289578,34.5943162,34.9323666,35.270417,35.317517,35.364617,35.4372836,35.5355168,5,1,0,mul-1789312118991002000-u32-mod32-binius64-20-3,1,declared-root,false
mul-1789312118991002000-u32-mod32-binius64-20,u32-mod32 2^20 binius64 | initial rate 1/8,constraint-proof,669284958,669.284958,664.546059,666.209909,667.4904588,668.3877084,669.284958,673.8615248,678.4380916,684.652900,692.505950,5,1,0,mul-1789312118991002000-u32-mod32-binius64-20-3,1,declared-root,false
mul-1789312118991002000-u32-mod32-binius64-20,u32-mod32 2^20 binius64 | initial rate 1/8,verification,20155292,20.155292,19.7205082,19.7628914,19.8583248,20.0068084,20.155292,20.388592,20.621892,20.7467336,20.7631168,5,1,0,mul-1789312118991002000-u32-mod32-binius64-20-3,1,declared-root,false
mul-1789312118991002000-u32-mod32-binius64-21,u32-mod32 2^21 binius64 | initial rate 1/8,end-to-end,1789764666,1789.764666,1731.8212588,1742.0939756,1755.7372004,1772.7509332,1789.764666,1792.0632664,1794.3618668,1851.3717918,1963.0930414,5,1,0,mul-1789312118991002000-u32-mod32-binius64-21-1,1,declared-root,false
mul-1789312118991002000-u32-mod32-binius64-21,u32-mod32 2^21 binius64 | initial rate 1/8,witness-generation,56514875,56.514875,55.8251578,55.8677746,56.0142414,56.2645582,56.514875,57.6163414,58.7178078,59.2892494,59.3306662,5,1,0,mul-1789312118991002000-u32-mod32-binius64-21-1,1,declared-root,false
mul-1789312118991002000-u32-mod32-binius64-21,u32-mod32 2^21 binius64 | initial rate 1/8,proving,1755064666,1755.064666,1697.642258,1708.762308,1722.4707996,1738.7677328,1755.064666,1757.8622496,1760.6598332,1816.2276168,1924.5656004,5,1,0,mul-1789312118991002000-u32-mod32-binius64-21-1,1,declared-root,false
mul-1789312118991002000-u32-mod32-binius64-21,u32-mod32 2^21 binius64 | initial rate 1/8,commit,241799916,241.799916,240.3318582,240.9433414,241.3592496,241.5795828,241.799916,243.1542996,244.5086832,258.4477918,284.9716254,5,1,0,mul-1789312118991002000-u32-mod32-binius64-21-1,1,declared-root,false
mul-1789312118991002000-u32-mod32-binius64-21,u32-mod32 2^21 binius64 | initial rate 1/8,pcs,311531917,311.531917,307.0469492,307.4537324,308.4320826,309.9819998,311.531917,317.5262502,323.5205834,337.1915502,358.5391506,5,1,0,mul-1789312118991002000-u32-mod32-binius64-21-1,1,declared-root,false
mul-1789312118991002000-u32-mod32-binius64-21,u32-mod32 2^21 binius64 | initial rate 1/8,opening-proof,66919791,66.919791,66.0527416,66.2482752,66.4607918,66.6902914,66.919791,67.5083914,68.0969918,71.766767,78.517717,5,1,0,mul-1789312118991002000-u32-mod32-binius64-21-1,1,declared-root,false
mul-1789312118991002000-u32-mod32-binius64-21,u32-mod32 2^21 binius64 | initial rate 1/8,constraint-proof,1346956125,1346.956125,1320.8021418,1322.1653246,1327.6687578,1337.3124414,1346.956125,1364.917225,1382.878325,1443.576200,1547.010850,5,1,0,mul-1789312118991002000-u32-mod32-binius64-21-1,1,declared-root,false
mul-1789312118991002000-u32-mod32-binius64-21,u32-mod32 2^21 binius64 | initial rate 1/8,verification,34683125,34.683125,33.1113336,33.3304172,33.6885922,34.1858586,34.683125,34.8150914,34.9470578,36.3895078,39.1424414,5,1,0,mul-1789312118991002000-u32-mod32-binius64-21-1,1,declared-root,false
mul-1789312118991002000-u32-mod32-binius64-22,u32-mod32 2^22 binius64 | initial rate 1/8,end-to-end,4479474250,4479.474250,4225.5006832,4309.3308664,4376.8916164,4428.1829332,4479.474250,4675.2588668,4871.0434836,4972.1363418,4978.5374414,5,1,0,mul-1789312118991002000-u32-mod32-binius64-22-4,1,declared-root,false
mul-1789312118991002000-u32-mod32-binius64-22,u32-mod32 2^22 binius64 | initial rate 1/8,witness-generation,179694875,179.694875,147.8945754,163.7275258,173.2541758,176.4745254,179.694875,235.6039582,291.5130414,333.6225166,361.9323838,5,1,0,mul-1789312118991002000-u32-mod32-binius64-22-4,1,declared-root,false
mul-1789312118991002000-u32-mod32-binius64-22,u32-mod32 2^22 binius64 | initial rate 1/8,proving,3929880208,3929.880208,3905.3060588,3917.0755756,3924.3443088,3927.1122584,3929.880208,4167.8681416,4405.8560752,4542.9369252,4579.1106916,5,1,0,mul-1789312118991002000-u32-mod32-binius64-22-4,1,declared-root,false
mul-1789312118991002000-u32-mod32-binius64-22,u32-mod32 2^22 binius64 | initial rate 1/8,commit,554437375,554.437375,504.2173248,525.7784416,540.134675,547.286025,554.437375,557.7342418,561.0311086,576.6943254,604.7238922,5,1,0,mul-1789312118991002000-u32-mod32-binius64-22-4,1,declared-root,false
mul-1789312118991002000-u32-mod32-binius64-22,u32-mod32 2^22 binius64 | initial rate 1/8,pcs,690808834,690.808834,662.9300998,675.2958666,683.3447668,687.0768004,690.808834,710.2542836,729.6997332,745.3038166,757.0665338,5,1,0,mul-1789312118991002000-u32-mod32-binius64-22-4,1,declared-root,false
mul-1789312118991002000-u32-mod32-binius64-22,u32-mod32 2^22 binius64 | initial rate 1/8,opening-proof,136075792,136.075792,127.4765418,127.9117086,129.718592,132.897192,136.075792,148.8087252,161.5416584,174.8991916,188.8813248,5,1,0,mul-1789312118991002000-u32-mod32-binius64-22-4,1,declared-root,false
mul-1789312118991002000-u32-mod32-binius64-22,u32-mod32 2^22 binius64 | initial rate 1/8,constraint-proof,3110848917,3110.848917,2978.2819332,3027.6868664,3064.0812498,3087.4650834,3110.848917,3248.9631666,3387.0774162,3487.6524328,3550.6882164,5,1,0,mul-1789312118991002000-u32-mod32-binius64-22-4,1,declared-root,false
mul-1789312118991002000-u32-mod32-binius64-22,u32-mod32 2^22 binius64 | initial rate 1/8,verification,428272959,428.272959,268.5224584,325.2663748,368.5652582,398.4191086,428.272959,440.9904254,453.7078918,485.2383666,535.5818498,5,1,0,mul-1789312118991002000-u32-mod32-binius64-22-4,1,declared-root,false
mul-1789312118991002000-u32-mod32-binius64-ligerito-15,u32-mod32 2^15 binius64-ligerito | initial rate 1/8,end-to-end,57752750,57.752750,56.6780166,56.8407002,57.0881836,57.4204668,57.752750,57.7803168,57.8078836,57.8343252,57.8596416,5,1,0,mul-1789312118991002000-u32-mod32-binius64-ligerito-15-5,1,declared-root,false
mul-1789312118991002000-u32-mod32-binius64-ligerito-15,u32-mod32 2^15 binius64-ligerito | initial rate 1/8,witness-generation,826917,0.826917,0.8243578,0.8251746,0.8258498,0.8263834,0.826917,0.8287666,0.8306162,0.8395828,0.8556664,5,1,0,mul-1789312118991002000-u32-mod32-binius64-ligerito-15-5,1,declared-root,false
mul-1789312118991002000-u32-mod32-binius64-ligerito-15,u32-mod32 2^15 binius64-ligerito | initial rate 1/8,proving,54170792,54.170792,53.0575912,53.1909744,53.4402912,53.8055416,54.170792,54.173492,54.176192,54.1987836,54.2412668,5,1,0,mul-1789312118991002000-u32-mod32-binius64-ligerito-15-5,1,declared-root,false
mul-1789312118991002000-u32-mod32-binius64-ligerito-15,u32-mod32 2^15 binius64-ligerito | initial rate 1/8,commit,3911208,3.911208,3.527142,3.630492,3.7279752,3.8195916,3.911208,3.943908,3.976608,4.1310914,4.4073582,5,1,0,mul-1789312118991002000-u32-mod32-binius64-ligerito-15-5,1,declared-root,false
mul-1789312118991002000-u32-mod32-binius64-ligerito-15,u32-mod32 2^15 binius64-ligerito | initial rate 1/8,pcs,12414960,12.414960,12.3560502,12.3869334,12.404892,12.409926,12.414960,12.534626,12.654292,12.7906584,12.9437252,5,1,0,mul-1789312118991002000-u32-mod32-binius64-ligerito-15-5,1,declared-root,false
mul-1789312118991002000-u32-mod32-binius64-ligerito-15,u32-mod32 2^15 binius64-ligerito | initial rate 1/8,opening-proof,8721167,8.721167,8.4134838,8.4138006,8.4754006,8.5982838,8.721167,8.7258174,8.7304678,8.781951,8.880267,5,1,0,mul-1789312118991002000-u32-mod32-binius64-ligerito-15-5,1,declared-root,false
mul-1789312118991002000-u32-mod32-binius64-ligerito-15,u32-mod32 2^15 binius64-ligerito | initial rate 1/8,constraint-proof,40129666,40.129666,39.7875412,39.9589584,40.0616668,40.0956664,40.129666,40.300166,40.470666,40.6408742,40.8107906,5,1,0,mul-1789312118991002000-u32-mod32-binius64-ligerito-15-5,1,declared-root,false
mul-1789312118991002000-u32-mod32-binius64-ligerito-15,u32-mod32 2^15 binius64-ligerito | initial rate 1/8,verification,3576000,3.576000,3.5433164,3.5603828,3.5703328,3.5731664,3.576000,3.6063168,3.6366336,3.660267,3.677217,5,1,0,mul-1789312118991002000-u32-mod32-binius64-ligerito-15-5,1,declared-root,false
mul-1789312118991002000-u32-mod32-binius64-ligerito-16,u32-mod32 2^16 binius64-ligerito | initial rate 1/8,end-to-end,83813959,83.813959,83.3237504,83.5974168,83.7501918,83.7820754,83.813959,83.9578754,84.1017918,84.268675,84.458525,5,1,0,mul-1789312118991002000-u32-mod32-binius64-ligerito-16-5,1,declared-root,false
mul-1789312118991002000-u32-mod32-binius64-ligerito-16,u32-mod32 2^16 binius64-ligerito | initial rate 1/8,witness-generation,1683083,1.683083,1.6692752,1.6780084,1.6825166,1.6827998,1.683083,1.6918666,1.7006502,1.7081586,1.7143918,5,1,0,mul-1789312118991002000-u32-mod32-binius64-ligerito-16-5,1,declared-root,false
mul-1789312118991002000-u32-mod32-binius64-ligerito-16,u32-mod32 2^16 binius64-ligerito | initial rate 1/8,proving,79785667,79.785667,79.2952578,79.5697246,79.7226998,79.7541834,79.785667,79.9368002,80.0879334,80.2561832,80.4415496,5,1,0,mul-1789312118991002000-u32-mod32-binius64-ligerito-16-5,1,declared-root,false
mul-1789312118991002000-u32-mod32-binius64-ligerito-16,u32-mod32 2^16 binius64-ligerito | initial rate 1/8,commit,8145292,8.145292,7.8860334,7.8931498,7.9464248,8.0458584,8.145292,8.1667752,8.1882584,8.2208332,8.2644996,5,1,0,mul-1789312118991002000-u32-mod32-binius64-ligerito-16-5,1,declared-root,false
mul-1789312118991002000-u32-mod32-binius64-ligerito-16,u32-mod32 2^16 binius64-ligerito | initial rate 1/8,pcs,18513043,18.513043,18.322166,18.392500,18.4447422,18.4788926,18.513043,18.5471094,18.5811758,18.622567,18.671283,5,1,0,mul-1789312118991002000-u32-mod32-binius64-ligerito-16-5,1,declared-root,false
mul-1789312118991002000-u32-mod32-binius64-ligerito-16,u32-mod32 2^16 binius64-ligerito | initial rate 1/8,opening-proof,10399209,10.399209,10.3601748,10.3652256,10.3740426,10.3866258,10.399209,10.4042586,10.4093082,10.4392164,10.4939832,5,1,0,mul-1789312118991002000-u32-mod32-binius64-ligerito-16-5,1,declared-root,false
mul-1789312118991002000-u32-mod32-binius64-ligerito-16,u32-mod32 2^16 binius64-ligerito | initial rate 1/8,constraint-proof,59426873,59.426873,59.1359678,59.2634346,59.347109,59.386991,59.426873,59.6358402,59.8448074,60.005891,60.119091,5,1,0,mul-1789312118991002000-u32-mod32-binius64-ligerito-16-5,1,declared-root,false
mul-1789312118991002000-u32-mod32-binius64-ligerito-16,u32-mod32 2^16 binius64-ligerito | initial rate 1/8,verification,4013875,4.013875,4.0028582,4.0070914,4.0101414,4.0120082,4.013875,4.0145586,4.0152422,4.0156672,4.0158336,5,1,0,mul-1789312118991002000-u32-mod32-binius64-ligerito-16-5,1,declared-root,false
mul-1789312118991002000-u32-mod32-binius64-ligerito-17,u32-mod32 2^17 binius64-ligerito | initial rate 1/8,end-to-end,138615791,138.615791,136.0145002,136.2658334,136.8363582,137.7260746,138.615791,138.7647246,138.9136582,140.282625,142.871625,5,1,0,mul-1789312118991002000-u32-mod32-binius64-ligerito-17-3,1,declared-root,false
mul-1789312118991002000-u32-mod32-binius64-ligerito-17,u32-mod32 2^17 binius64-ligerito | initial rate 1/8,witness-generation,3378000,3.378000,3.3199332,3.3513664,3.3692664,3.3736332,3.378000,3.3874668,3.3969336,3.4118418,3.4321914,5,1,0,mul-1789312118991002000-u32-mod32-binius64-ligerito-17-3,1,declared-root,false
mul-1789312118991002000-u32-mod32-binius64-ligerito-17,u32-mod32 2^17 binius64-ligerito | initial rate 1/8,proving,133703500,133.703500,131.1616164,131.3398168,131.8838336,132.7936668,133.703500,133.8791164,134.0547328,135.4197828,137.9742664,5,1,0,mul-1789312118991002000-u32-mod32-binius64-ligerito-17-3,1,declared-root,false
mul-1789312118991002000-u32-mod32-binius64-ligerito-17,u32-mod32 2^17 binius64-ligerito | initial rate 1/8,commit,15079292,15.079292,14.6112996,14.6556832,14.7581584,14.9187252,15.079292,15.288092,15.496892,15.7575168,16.0699664,5,1,0,mul-1789312118991002000-u32-mod32-binius64-ligerito-17-3,1,declared-root,false
mul-1789312118991002000-u32-mod32-binius64-ligerito-17,u32-mod32 2^17 binius64-ligerito | initial rate 1/8,pcs,30895334,30.895334,30.253650,30.330050,30.4736668,30.6845004,30.895334,31.0191836,31.1430332,31.222958,31.258958,5,1,0,mul-1789312118991002000-u32-mod32-binius64-ligerito-17-3,1,declared-root,false
mul-1789312118991002000-u32-mod32-binius64-ligerito-17,u32-mod32 2^17 binius64-ligerito | initial rate 1/8,opening-proof,15603666,15.603666,15.1472752,15.3820084,15.5202332,15.5619496,15.603666,15.6827332,15.7618004,15.8042756,15.8101588,5,1,0,mul-1789312118991002000-u32-mod32-binius64-ligerito-17-3,1,declared-root,false
mul-1789312118991002000-u32-mod32-binius64-ligerito-17,u32-mod32 2^17 binius64-ligerito | initial rate 1/8,constraint-proof,99723500,99.723500,96.9039252,97.4825584,98.162200,98.942850,99.723500,99.7923336,99.8611672,101.0880588,103.4730084,5,1,0,mul-1789312118991002000-u32-mod32-binius64-ligerito-17-3,1,declared-root,false
mul-1789312118991002000-u32-mod32-binius64-ligerito-17,u32-mod32 2^17 binius64-ligerito | initial rate 1/8,verification,4897750,4.897750,4.7932002,4.8194834,4.845650,4.871700,4.897750,4.9058664,4.9139828,4.9240994,4.9362162,5,1,0,mul-1789312118991002000-u32-mod32-binius64-ligerito-17-3,1,declared-root,false
mul-1789312118991002000-u32-mod32-binius64-ligerito-18,u32-mod32 2^18 binius64-ligerito | initial rate 1/8,end-to-end,243063625,243.063625,239.4267502,240.6455834,241.616725,242.340175,243.063625,243.1878918,243.3121586,244.5570254,246.9224922,5,1,0,mul-1789312118991002000-u32-mod32-binius64-ligerito-18-4,1,declared-root,false
mul-1789312118991002000-u32-mod32-binius64-ligerito-18,u32-mod32 2^18 binius64-ligerito | initial rate 1/8,witness-generation,6635292,6.635292,6.6099748,6.6157416,6.6219584,6.6286252,6.635292,6.6401084,6.6449248,6.6821498,6.7517834,5,1,0,mul-1789312118991002000-u32-mod32-binius64-ligerito-18-4,1,declared-root,false
mul-1789312118991002000-u32-mod32-binius64-ligerito-18,u32-mod32 2^18 binius64-ligerito | initial rate 1/8,proving,237414625,237.414625,233.7710248,234.9290916,235.889425,236.652025,237.414625,237.5394582,237.6642914,238.9183914,241.3017582,5,1,0,mul-1789312118991002000-u32-mod32-binius64-ligerito-18-4,1,declared-root,false
mul-1789312118991002000-u32-mod32-binius64-ligerito-18,u32-mod32 2^18 binius64-ligerito | initial rate 1/8,commit,32426458,32.426458,30.4895584,30.7035748,31.133758,31.780108,32.426458,32.5200412,32.6136244,33.2080494,34.3033162,5,1,0,mul-1789312118991002000-u32-mod32-binius64-ligerito-18-4,1,declared-root,false
mul-1789312118991002000-u32-mod32-binius64-ligerito-18,u32-mod32 2^18 binius64-ligerito | initial rate 1/8,pcs,59805499,59.805499,58.5011912,59.0551744,59.4268326,59.6161658,59.805499,61.0369662,62.2684334,63.7739586,65.5535418,5,1,0,mul-1789312118991002000-u32-mod32-binius64-ligerito-18-4,1,declared-root,false
mul-1789312118991002000-u32-mod32-binius64-ligerito-18,u32-mod32 2^18 binius64-ligerito | initial rate 1/8,opening-proof,27671666,27.671666,27.2812834,27.4174838,27.5228004,27.5972332,27.671666,28.0116328,28.3515996,29.7985998,32.3526334,5,1,0,mul-1789312118991002000-u32-mod32-binius64-ligerito-18-4,1,declared-root,false
mul-1789312118991002000-u32-mod32-binius64-ligerito-18,u32-mod32 2^18 binius64-ligerito | initial rate 1/8,constraint-proof,169656083,169.656083,166.7037336,167.3175492,168.0307822,168.8434326,169.656083,170.136383,170.616683,171.0152164,171.3319832,5,1,0,mul-1789312118991002000-u32-mod32-binius64-ligerito-18-4,1,declared-root,false
mul-1789312118991002000-u32-mod32-binius64-ligerito-18,u32-mod32 2^18 binius64-ligerito | initial rate 1/8,verification,5588000,5.588000,5.4262746,5.5300082,5.583100,5.585550,5.588000,5.6457164,5.7034328,5.7747828,5.8597664,5,1,0,mul-1789312118991002000-u32-mod32-binius64-ligerito-18-4,1,declared-root,false
mul-1789312118991002000-u32-mod32-binius64-ligerito-19,u32-mod32 2^19 binius64-ligerito | initial rate 1/8,end-to-end,486921333,486.921333,481.4210252,483.9177584,485.5171666,486.2192498,486.921333,490.8084498,494.6955666,501.5307166,511.3138998,5,1,0,mul-1789312118991002000-u32-mod32-binius64-ligerito-19-4,1,declared-root,false
mul-1789312118991002000-u32-mod32-binius64-ligerito-19,u32-mod32 2^19 binius64-ligerito | initial rate 1/8,witness-generation,13393500,13.393500,13.2940914,13.3093078,13.3322328,13.3628664,13.393500,13.4028332,13.4121664,13.4243414,13.4393582,5,1,0,mul-1789312118991002000-u32-mod32-binius64-ligerito-19-4,1,declared-root,false
mul-1789312118991002000-u32-mod32-binius64-ligerito-19,u32-mod32 2^19 binius64-ligerito | initial rate 1/8,proving,477943209,477.943209,473.1113498,475.7176166,477.2052418,477.5742254,477.943209,482.1655086,486.3878082,493.3855082,503.1586086,5,1,0,mul-1789312118991002000-u32-mod32-binius64-ligerito-19-4,1,declared-root,false
mul-1789312118991002000-u32-mod32-binius64-ligerito-19,u32-mod32 2^19 binius64-ligerito | initial rate 1/8,commit,59088833,59.088833,56.0577248,56.5014916,57.1964666,58.1426498,59.088833,59.6173498,60.1458666,60.528875,60.766375,5,1,0,mul-1789312118991002000-u32-mod32-binius64-ligerito-19-4,1,declared-root,false
mul-1789312118991002000-u32-mod32-binius64-ligerito-19,u32-mod32 2^19 binius64-ligerito | initial rate 1/8,pcs,103659917,103.659917,100.2615412,101.7716244,102.7533162,103.2066166,103.659917,103.7201002,103.7802834,103.982875,104.327875,5,1,0,mul-1789312118991002000-u32-mod32-binius64-ligerito-19-4,1,declared-root,false
mul-1789312118991002000-u32-mod32-binius64-ligerito-19,u32-mod32 2^19 binius64-ligerito | initial rate 1/8,opening-proof,44262750,44.262750,42.938900,43.071300,43.362550,43.812650,44.262750,44.3860836,44.5094172,44.8175254,45.3104082,5,1,0,mul-1789312118991002000-u32-mod32-binius64-ligerito-19-4,1,declared-root,false
mul-1789312118991002000-u32-mod32-binius64-ligerito-19,u32-mod32 2^19 binius64-ligerito | initial rate 1/8,constraint-proof,361449626,361.449626,355.709242,358.200442,359.8467588,360.6481924,361.449626,364.8898088,368.3299916,376.1047248,388.2140084,5,1,0,mul-1789312118991002000-u32-mod32-binius64-ligerito-19-4,1,declared-root,false
mul-1789312118991002000-u32-mod32-binius64-ligerito-19,u32-mod32 2^19 binius64-ligerito | initial rate 1/8,verification,8152000,8.152000,8.1261004,8.1288668,8.134600,8.143300,8.152000,8.2532832,8.3545664,8.5161664,8.7380832,5,1,0,mul-1789312118991002000-u32-mod32-binius64-ligerito-19-4,1,declared-root,false
mul-1789312118991002000-u32-mod32-binius64-ligerito-20,u32-mod32 2^20 binius64-ligerito | initial rate 1/8,end-to-end,1149620792,1149.620792,1146.4075248,1147.4738416,1148.3297584,1148.9752752,1149.620792,1150.362792,1151.104792,1153.8486586,1158.5943918,5,1,0,mul-1789312118991002000-u32-mod32-binius64-ligerito-20-2,1,declared-root,false
mul-1789312118991002000-u32-mod32-binius64-ligerito-20,u32-mod32 2^20 binius64-ligerito | initial rate 1/8,witness-generation,26827458,26.827458,26.7733582,26.7765914,26.788058,26.807758,26.827458,26.956358,27.085258,27.3030414,27.6097082,5,1,0,mul-1789312118991002000-u32-mod32-binius64-ligerito-20-2,1,declared-root,false
mul-1789312118991002000-u32-mod32-binius64-ligerito-20,u32-mod32 2^20 binius64-ligerito | initial rate 1/8,proving,1134442250,1134.442250,1131.1536338,1132.3146006,1133.2045172,1133.8233836,1134.442250,1135.2014164,1135.9605828,1138.710566,1143.451366,5,1,0,mul-1789312118991002000-u32-mod32-binius64-ligerito-20-2,1,declared-root,false
mul-1789312118991002000-u32-mod32-binius64-ligerito-20,u32-mod32 2^20 binius64-ligerito | initial rate 1/8,commit,131212375,131.212375,127.701059,129.457659,130.5112422,130.8618086,131.212375,131.4581082,131.7038414,131.8931746,132.0261078,5,1,0,mul-1789312118991002000-u32-mod32-binius64-ligerito-20-2,1,declared-root,false
mul-1789312118991002000-u32-mod32-binius64-ligerito-20,u32-mod32 2^20 binius64-ligerito | initial rate 1/8,pcs,306498375,306.498375,304.472276,305.257176,305.8193758,306.1588754,306.498375,306.795075,307.091775,307.473333,307.939749,5,1,0,mul-1789312118991002000-u32-mod32-binius64-ligerito-20-2,1,declared-root,false
mul-1789312118991002000-u32-mod32-binius64-ligerito-20,u32-mod32 2^20 binius64-ligerito | initial rate 1/8,opening-proof,174671667,174.671667,173.7857506,174.2200842,174.4841342,174.5779006,174.671667,175.3018498,175.9320326,177.2568324,179.2762492,5,1,0,mul-1789312118991002000-u32-mod32-binius64-ligerito-20-2,1,declared-root,false
mul-1789312118991002000-u32-mod32-binius64-ligerito-20,u32-mod32 2^20 binius64-ligerito | initial rate 1/8,constraint-proof,799697042,799.697042,798.3768912,798.7121584,799.043242,799.370142,799.697042,800.2354084,800.7737748,803.2206082,807.5759086,5,1,0,mul-1789312118991002000-u32-mod32-binius64-ligerito-20-2,1,declared-root,false
mul-1789312118991002000-u32-mod32-binius64-ligerito-20,u32-mod32 2^20 binius64-ligerito | initial rate 1/8,verification,15133166,15.133166,15.102342,15.113392,15.1217668,15.1274664,15.133166,15.1454164,15.1576668,15.1977252,15.2655916,5,1,0,mul-1789312118991002000-u32-mod32-binius64-ligerito-20-2,1,declared-root,false
mul-1789312118991002000-u32-mod32-binius64-ligerito-21,u32-mod32 2^21 binius64-ligerito | initial rate 1/8,end-to-end,2162499542,2162.499542,2145.908692,2155.570592,2160.821142,2161.660342,2162.499542,2172.6170916,2182.7346412,2192.3913244,2201.5871412,5,1,0,mul-1789312118991002000-u32-mod32-binius64-ligerito-21-4,1,declared-root,false
mul-1789312118991002000-u32-mod32-binius64-ligerito-21,u32-mod32 2^21 binius64-ligerito | initial rate 1/8,witness-generation,53455458,53.455458,53.0859584,53.0946248,53.170258,53.312858,53.455458,53.4557584,53.4560588,53.5728588,53.8061584,5,1,0,mul-1789312118991002000-u32-mod32-binius64-ligerito-21-4,1,declared-root,false
mul-1789312118991002000-u32-mod32-binius64-ligerito-21,u32-mod32 2^21 binius64-ligerito | initial rate 1/8,proving,2136144875,2136.144875,2119.3768082,2128.8427414,2134.0895414,2135.1172082,2136.144875,2146.0920082,2156.0391414,2165.6558248,2174.9420584,5,1,0,mul-1789312118991002000-u32-mod32-binius64-ligerito-21-4,1,declared-root,false
mul-1789312118991002000-u32-mod32-binius64-ligerito-21,u32-mod32 2^21 binius64-ligerito | initial rate 1/8,commit,264155792,264.155792,259.028642,261.043242,262.471592,263.313692,264.155792,264.5830084,265.0102248,268.790058,275.922508,5,1,0,mul-1789312118991002000-u32-mod32-binius64-ligerito-21-4,1,declared-root,false
mul-1789312118991002000-u32-mod32-binius64-ligerito-21,u32-mod32 2^21 binius64-ligerito | initial rate 1/8,pcs,466694542,466.694542,457.6699336,459.2668672,461.3911756,464.0428588,466.694542,473.9734584,481.2523748,485.2947746,486.1006578,5,1,0,mul-1789312118991002000-u32-mod32-binius64-ligerito-21-4,1,declared-root,false
mul-1789312118991002000-u32-mod32-binius64-ligerito-21,u32-mod32 2^21 binius64-ligerito | initial rate 1/8,opening-proof,201836875,201.836875,197.1693084,198.4290748,199.6145414,200.7257082,201.836875,202.959725,204.082575,208.0517416,214.8672248,5,1,0,mul-1789312118991002000-u32-mod32-binius64-ligerito-21-4,1,declared-root,false
mul-1789312118991002000-u32-mod32-binius64-ligerito-21,u32-mod32 2^21 binius64-ligerito | initial rate 1/8,constraint-proof,1625187125,1625.187125,1592.690258,1593.872224,1600.6079906,1612.8975578,1625.187125,1630.7874246,1636.3877242,1640.0558326,1641.7917498,5,1,0,mul-1789312118991002000-u32-mod32-binius64-ligerito-21-4,1,declared-root,false
mul-1789312118991002000-u32-mod32-binius64-ligerito-21,u32-mod32 2^21 binius64-ligerito | initial rate 1/8,verification,26536583,26.536583,26.324217,26.333267,26.3775502,26.4570666,26.536583,26.6273662,26.7181494,26.7724744,26.7903412,5,1,0,mul-1789312118991002000-u32-mod32-binius64-ligerito-21-4,1,declared-root,false
mul-1789312118991002000-u32-mod32-binius64-ligerito-22,u32-mod32 2^22 binius64-ligerito | initial rate 1/8,end-to-end,4815825167,4815.825167,4607.3524252,4639.1943084,4687.2572334,4751.5412002,4815.825167,4843.4459502,4871.0667334,4975.441725,5156.570925,5,1,0,mul-1789312118991002000-u32-mod32-binius64-ligerito-22-4,1,declared-root,false
mul-1789312118991002000-u32-mod32-binius64-ligerito-22,u32-mod32 2^22 binius64-ligerito | initial rate 1/8,witness-generation,120355042,120.355042,113.056342,117.517392,119.869342,120.112192,120.355042,121.563292,122.771542,128.227992,137.932642,5,1,0,mul-1789312118991002000-u32-mod32-binius64-ligerito-22-4,1,declared-root,false
mul-1789312118991002000-u32-mod32-binius64-ligerito-22,u32-mod32 2^22 binius64-ligerito | initial rate 1/8,proving,4757642291,4757.642291,4544.0777084,4577.7841248,4627.2383246,4692.4403078,4757.642291,4788.8373914,4820.0324918,4923.136442,5098.149242,5,1,0,mul-1789312118991002000-u32-mod32-binius64-ligerito-22-4,1,declared-root,false
mul-1789312118991002000-u32-mod32-binius64-ligerito-22,u32-mod32 2^22 binius64-ligerito | initial rate 1/8,commit,572462917,572.462917,557.7414414,561.1058418,564.723017,568.592967,572.462917,578.6321502,584.8013834,608.8549668,650.7929004,5,1,0,mul-1789312118991002000-u32-mod32-binius64-ligerito-22-4,1,declared-root,false
mul-1789312118991002000-u32-mod32-binius64-ligerito-22,u32-mod32 2^22 binius64-ligerito | initial rate 1/8,pcs,926493707,926.493707,913.6724752,920.2299084,924.1056414,925.2996742,926.493707,945.848041,965.202375,1000.5358002,1051.8483166,5,1,0,mul-1789312118991002000-u32-mod32-binius64-ligerito-22-4,1,declared-root,false
mul-1789312118991002000-u32-mod32-binius64-ligerito-22,u32-mod32 2^22 binius64-ligerito | initial rate 1/8,opening-proof,372116666,372.116666,345.0795082,355.5068914,362.9997996,367.5582328,372.116666,378.0674164,384.0181668,391.6808334,401.0554162,5,1,0,mul-1789312118991002000-u32-mod32-binius64-ligerito-22-4,1,declared-root,false
mul-1789312118991002000-u32-mod32-binius64-ligerito-22,u32-mod32 2^22 binius64-ligerito | initial rate 1/8,constraint-proof,3710122333,3710.122333,3505.450317,3551.165467,3601.2429002,3655.6826166,3710.122333,3719.1791498,3728.2359666,3790.138725,3904.887425,5,1,0,mul-1789312118991002000-u32-mod32-binius64-ligerito-22-4,1,declared-root,false
mul-1789312118991002000-u32-mod32-binius64-ligerito-22,u32-mod32 2^22 binius64-ligerito | initial rate 1/8,verification,60457125,60.457125,52.8020086,56.3776422,58.6237922,59.5404586,60.457125,62.080675,63.704225,64.6369334,64.8788002,5,1,0,mul-1789312118991002000-u32-mod32-binius64-ligerito-22-4,1,declared-root,false
mul-1789312118991002000-u32-mod32-f2z-15,u32-mod32 2^15 f2z | initial rate 1/8,end-to-end,27691792,27.691792,27.3862586,27.4003082,27.4642248,27.5780084,27.691792,27.7407752,27.7897584,27.9733084,28.2914252,5,1,0,mul-1789312118991002000-u32-mod32-f2z-15-2,1,declared-root,false
mul-1789312118991002000-u32-mod32-f2z-15,u32-mod32 2^15 f2z | initial rate 1/8,witness-generation,72666,0.072666,0.0692168,0.0696836,0.0704668,0.0715664,0.072666,0.072966,0.073266,0.0739662,0.0750666,5,1,0,mul-1789312118991002000-u32-mod32-f2z-15-2,1,declared-root,false
mul-1789312118991002000-u32-mod32-f2z-15,u32-mod32 2^15 f2z | initial rate 1/8,preparation,226500,0.226500,0.2210666,0.2213002,0.2224336,0.2244668,0.226500,0.2266168,0.2267336,0.2269336,0.2272168,5,1,0,mul-1789312118991002000-u32-mod32-f2z-15-2,1,declared-root,false
mul-1789312118991002000-u32-mod32-f2z-15,u32-mod32 2^15 f2z | initial rate 1/8,proving,24169750,24.169750,23.8776584,23.9493588,24.0221172,24.0959336,24.169750,24.2225168,24.2752836,24.508542,24.922292,5,1,0,mul-1789312118991002000-u32-mod32-f2z-15-2,1,declared-root,false
mul-1789312118991002000-u32-mod32-f2z-15,u32-mod32 2^15 f2z | initial rate 1/8,commit,1741084,1.741084,1.6894496,1.7232332,1.7403168,1.7407004,1.741084,1.7487168,1.7563496,1.7622494,1.7664162,5,1,0,mul-1789312118991002000-u32-mod32-f2z-15-2,1,declared-root,false
mul-1789312118991002000-u32-mod32-f2z-15,u32-mod32 2^15 f2z | initial rate 1/8,pcs,21387791,21.387791,21.279708,21.289292,21.3128254,21.3503082,21.387791,21.5493918,21.7109926,21.9681676,22.3209168,5,1,0,mul-1789312118991002000-u32-mod32-f2z-15-2,1,declared-root,false
mul-1789312118991002000-u32-mod32-f2z-15,u32-mod32 2^15 f2z | initial rate 1/8,opening-proof,19732125,19.732125,19.5275584,19.5451588,19.5895922,19.6608586,19.732125,19.8595586,19.9869922,20.2211838,20.5621334,5,1,0,mul-1789312118991002000-u32-mod32-f2z-15-2,1,declared-root,false
mul-1789312118991002000-u32-mod32-f2z-15,u32-mod32 2^15 f2z | initial rate 1/8,constraint-proof,2262458,2.262458,2.1027498,2.1121666,2.1459916,2.2042248,2.262458,2.2659084,2.2693588,2.2849756,2.3127588,5,1,0,mul-1789312118991002000-u32-mod32-f2z-15-2,1,declared-root,false
mul-1789312118991002000-u32-mod32-f2z-15,u32-mod32 2^15 f2z | initial rate 1/8,verification,3410542,3.410542,3.3088912,3.3548244,3.3843412,3.3974416,3.410542,3.4681416,3.5257412,3.5704078,3.6021414,5,1,0,mul-1789312118991002000-u32-mod32-f2z-15-2,1,declared-root,false
mul-1789312118991002000-u32-mod32-f2z-16,u32-mod32 2^16 f2z | initial rate 1/8,end-to-end,39512292,39.512292,39.028975,39.323075,39.4785584,39.4954252,39.512292,39.7983252,40.0843584,40.364750,40.639500,5,1,0,mul-1789312118991002000-u32-mod32-f2z-16-1,1,declared-root,false
mul-1789312118991002000-u32-mod32-f2z-16,u32-mod32 2^16 f2z | initial rate 1/8,witness-generation,141166,0.141166,0.136033,0.137983,0.1393996,0.1402828,0.141166,0.1442664,0.1473668,0.1503502,0.1532166,5,1,0,mul-1789312118991002000-u32-mod32-f2z-16-1,1,declared-root,false
mul-1789312118991002000-u32-mod32-f2z-16,u32-mod32 2^16 f2z | initial rate 1/8,preparation,186209,0.186209,0.1843668,0.1844836,0.1848754,0.1855422,0.186209,0.1862918,0.1863746,0.1871412,0.1885916,5,1,0,mul-1789312118991002000-u32-mod32-f2z-16-1,1,declared-root,false
mul-1789312118991002000-u32-mod32-f2z-16,u32-mod32 2^16 f2z | initial rate 1/8,proving,36365916,36.365916,35.6453084,35.8458248,36.0300496,36.1979828,36.365916,36.6626328,36.9593496,37.177008,37.315608,5,1,0,mul-1789312118991002000-u32-mod32-f2z-16-1,1,declared-root,false
mul-1789312118991002000-u32-mod32-f2z-16,u32-mod32 2^16 f2z | initial rate 1/8,commit,3350375,3.350375,2.9048918,3.0080746,3.1178078,3.2340914,3.350375,3.3970582,3.4437414,3.4693248,3.4738084,5,1,0,mul-1789312118991002000-u32-mod32-f2z-16-1,1,declared-root,false
mul-1789312118991002000-u32-mod32-f2z-16,u32-mod32 2^16 f2z | initial rate 1/8,pcs,32656291,32.656291,31.859992,32.115858,32.326291,32.491291,32.656291,32.9162414,33.1761918,33.347042,33.428792,5,1,0,mul-1789312118991002000-u32-mod32-f2z-16-1,1,declared-root,false
mul-1789312118991002000-u32-mod32-f2z-16,u32-mod32 2^16 f2z | initial rate 1/8,opening-proof,29596625,29.596625,28.7869916,28.7972752,28.9612586,29.2789418,29.596625,29.689125,29.781625,29.8943334,30.0272502,5,1,0,mul-1789312118991002000-u32-mod32-f2z-16-1,1,declared-root,false
mul-1789312118991002000-u32-mod32-f2z-16,u32-mod32 2^16 f2z | initial rate 1/8,constraint-proof,3272583,3.272583,3.1943004,3.2010168,3.2180166,3.2452998,3.272583,3.2906666,3.3087502,3.3405168,3.3859664,5,1,0,mul-1789312118991002000-u32-mod32-f2z-16-1,1,declared-root,false
mul-1789312118991002000-u32-mod32-f2z-16,u32-mod32 2^16 f2z | initial rate 1/8,verification,3279000,3.279000,3.0997336,3.1054672,3.1424672,3.2107336,3.279000,3.347750,3.416500,3.4718582,3.5138246,5,1,0,mul-1789312118991002000-u32-mod32-f2z-16-1,1,declared-root,false
mul-1789312118991002000-u32-mod32-f2z-17,u32-mod32 2^17 f2z | initial rate 1/8,end-to-end,57292917,57.292917,56.1459332,56.1643664,56.3974498,56.8451834,57.292917,57.4609166,57.6289162,57.9409494,58.3970162,5,1,0,mul-1789312118991002000-u32-mod32-f2z-17-1,1,declared-root,false
mul-1789312118991002000-u32-mod32-f2z-17,u32-mod32 2^17 f2z | initial rate 1/8,witness-generation,263250,0.263250,0.2521586,0.2546922,0.2574172,0.2603336,0.263250,0.265950,0.268650,0.2706582,0.2719746,5,1,0,mul-1789312118991002000-u32-mod32-f2z-17-1,1,declared-root,false
mul-1789312118991002000-u32-mod32-f2z-17,u32-mod32 2^17 f2z | initial rate 1/8,preparation,208416,0.208416,0.2067164,0.2072668,0.2077168,0.2080664,0.208416,0.2085996,0.2087832,0.2094082,0.2104746,5,1,0,mul-1789312118991002000-u32-mod32-f2z-17-1,1,declared-root,false
mul-1789312118991002000-u32-mod32-f2z-17,u32-mod32 2^17 f2z | initial rate 1/8,proving,53156959,53.156959,52.5672002,52.7077334,52.8537918,53.0053754,53.156959,53.4190922,53.6812254,54.108442,54.700742,5,1,0,mul-1789312118991002000-u32-mod32-f2z-17-1,1,declared-root,false
mul-1789312118991002000-u32-mod32-f2z-17,u32-mod32 2^17 f2z | initial rate 1/8,commit,5162333,5.162333,4.8353002,4.9756834,5.0691666,5.1157498,5.162333,5.4095166,5.6567002,5.8971836,6.1309668,5,1,0,mul-1789312118991002000-u32-mod32-f2z-17-1,1,declared-root,false
mul-1789312118991002000-u32-mod32-f2z-17,u32-mod32 2^17 f2z | initial rate 1/8,pcs,48470875,48.470875,47.4516166,47.4856502,47.6963086,48.0835918,48.470875,48.7299922,48.9891094,49.2547844,49.5270172,5,1,0,mul-1789312118991002000-u32-mod32-f2z-17-1,1,declared-root,false
mul-1789312118991002000-u32-mod32-f2z-17,u32-mod32 2^17 f2z | initial rate 1/8,opening-proof,43425000,43.425000,41.935525,42.148675,42.489200,42.957100,43.425000,43.428800,43.432600,43.6323502,44.0280506,5,1,0,mul-1789312118991002000-u32-mod32-f2z-17-1,1,declared-root,false
mul-1789312118991002000-u32-mod32-f2z-17,u32-mod32 2^17 f2z | initial rate 1/8,constraint-proof,4304416,4.304416,3.9952416,4.0031912,4.066616,4.185516,4.304416,4.3605832,4.4167504,4.512584,4.648084,5,1,0,mul-1789312118991002000-u32-mod32-f2z-17-1,1,declared-root,false
mul-1789312118991002000-u32-mod32-f2z-17,u32-mod32 2^17 f2z | initial rate 1/8,verification,3685375,3.685375,3.4476922,3.5121754,3.5726086,3.6289918,3.685375,3.7658586,3.8463422,3.933859,4.028409,5,1,0,mul-1789312118991002000-u32-mod32-f2z-17-1,1,declared-root,false
mul-1789312118991002000-u32-mod32-f2z-18,u32-mod32 2^18 f2z | initial rate 1/8,end-to-end,96756958,96.756958,95.938100,96.096950,96.2924916,96.5247248,96.756958,98.289608,99.822258,100.9122914,101.5597082,5,1,0,mul-1789312118991002000-u32-mod32-f2z-18-3,1,declared-root,false
mul-1789312118991002000-u32-mod32-f2z-18,u32-mod32 2^18 f2z | initial rate 1/8,witness-generation,483041,0.483041,0.4780664,0.4794668,0.4807418,0.4818914,0.483041,0.4861414,0.4892418,0.5014836,0.5228668,5,1,0,mul-1789312118991002000-u32-mod32-f2z-18-3,1,declared-root,false
mul-1789312118991002000-u32-mod32-f2z-18,u32-mod32 2^18 f2z | initial rate 1/8,preparation,217416,0.217416,0.2138668,0.2142336,0.2150168,0.2162164,0.217416,0.219366,0.221316,0.2254078,0.2316414,5,1,0,mul-1789312118991002000-u32-mod32-f2z-18-3,1,declared-root,false
mul-1789312118991002000-u32-mod32-f2z-18,u32-mod32 2^18 f2z | initial rate 1/8,proving,92327042,92.327042,91.3715502,91.7721834,92.0434084,92.1852252,92.327042,93.9578916,95.5887412,96.7048578,97.3062414,5,1,0,mul-1789312118991002000-u32-mod32-f2z-18-3,1,declared-root,false
mul-1789312118991002000-u32-mod32-f2z-18,u32-mod32 2^18 f2z | initial rate 1/8,commit,11420375,11.420375,10.2218832,10.4688504,10.7579422,11.0891586,11.420375,11.433025,11.445675,11.8802084,12.7366252,5,1,0,mul-1789312118991002000-u32-mod32-f2z-18-3,1,declared-root,false
mul-1789312118991002000-u32-mod32-f2z-18,u32-mod32 2^18 f2z | initial rate 1/8,pcs,84600417,84.600417,82.9670742,83.2279414,83.6067834,84.1036002,84.600417,86.0202674,87.4401178,88.326226,88.678592,5,1,0,mul-1789312118991002000-u32-mod32-f2z-18-3,1,declared-root,false
mul-1789312118991002000-u32-mod32-f2z-18,u32-mod32 2^18 f2z | initial rate 1/8,opening-proof,73148417,73.148417,72.2553164,72.5726328,72.8147162,72.9815666,73.148417,74.0642166,74.9800162,75.8618746,76.7097918,5,1,0,mul-1789312118991002000-u32-mod32-f2z-18-3,1,declared-root,false
mul-1789312118991002000-u32-mod32-f2z-18,u32-mod32 2^18 f2z | initial rate 1/8,constraint-proof,7140500,7.140500,6.8097164,6.9801828,7.0804328,7.1104664,7.140500,7.2705336,7.4005672,7.5038922,7.5805086,5,1,0,mul-1789312118991002000-u32-mod32-f2z-18-3,1,declared-root,false
mul-1789312118991002000-u32-mod32-f2z-18,u32-mod32 2^18 f2z | initial rate 1/8,verification,4285375,4.285375,4.180009,4.187309,4.2098422,4.2476086,4.285375,4.3371914,4.3890078,4.4912496,4.6439168,5,1,0,mul-1789312118991002000-u32-mod32-f2z-18-3,1,declared-root,false
mul-1789312118991002000-u32-mod32-f2z-19,u32-mod32 2^19 f2z | initial rate 1/8,end-to-end,178103334,178.103334,171.9264498,175.8685666,177.8923668,177.9978504,178.103334,179.8645336,181.6257332,183.929233,186.775033,5,1,0,mul-1789312118991002000-u32-mod32-f2z-19-4,1,declared-root,false
mul-1789312118991002000-u32-mod32-f2z-19,u32-mod32 2^19 f2z | initial rate 1/8,witness-generation,1057541,1.057541,0.9713416,0.9972252,1.0196418,1.0385914,1.057541,1.058691,1.059841,1.0604412,1.0604916,5,1,0,mul-1789312118991002000-u32-mod32-f2z-19-4,1,declared-root,false
mul-1789312118991002000-u32-mod32-f2z-19,u32-mod32 2^19 f2z | initial rate 1/8,preparation,186917,0.186917,0.1834414,0.1857578,0.1869162,0.1869166,0.186917,0.1872666,0.1876162,0.1879078,0.1881414,5,1,0,mul-1789312118991002000-u32-mod32-f2z-19-4,1,declared-root,false
mul-1789312118991002000-u32-mod32-f2z-19,u32-mod32 2^19 f2z | initial rate 1/8,proving,173119000,173.119000,167.0189332,170.8623664,172.8510664,172.9850332,173.119000,174.8687668,176.6185336,178.8879754,181.6770922,5,1,0,mul-1789312118991002000-u32-mod32-f2z-19-4,1,declared-root,false
mul-1789312118991002000-u32-mod32-f2z-19,u32-mod32 2^19 f2z | initial rate 1/8,commit,20434291,20.434291,20.1705082,20.3407254,20.4275254,20.4309082,20.434291,20.5704246,20.7065582,20.8815584,21.0954252,5,1,0,mul-1789312118991002000-u32-mod32-f2z-19-4,1,declared-root,false
mul-1789312118991002000-u32-mod32-f2z-19,u32-mod32 2^19 f2z | initial rate 1/8,pcs,159547625,159.547625,152.8963998,157.3057166,159.517825,159.532725,159.547625,161.1041586,162.6606922,164.7874838,167.4845334,5,1,0,mul-1789312118991002000-u32-mod32-f2z-19-4,1,declared-root,false
mul-1789312118991002000-u32-mod32-f2z-19,u32-mod32 2^19 f2z | initial rate 1/8,opening-proof,139113334,139.113334,132.7258916,136.9649912,139.0902996,139.1018168,139.113334,140.533734,141.954134,143.9059254,146.3891082,5,1,0,mul-1789312118991002000-u32-mod32-f2z-19-4,1,declared-root,false
mul-1789312118991002000-u32-mod32-f2z-19,u32-mod32 2^19 f2z | initial rate 1/8,constraint-proof,12081292,12.081292,11.4987004,11.5870668,11.7212584,11.9012752,12.081292,12.1993252,12.3173584,12.449850,12.596800,5,1,0,mul-1789312118991002000-u32-mod32-f2z-19-4,1,declared-root,false
mul-1789312118991002000-u32-mod32-f2z-19,u32-mod32 2^19 f2z | initial rate 1/8,verification,5001208,5.001208,4.8676916,4.9374252,4.9780752,4.9896416,5.001208,5.0181916,5.0351752,5.0633336,5.1026668,5,1,0,mul-1789312118991002000-u32-mod32-f2z-19-4,1,declared-root,false
mul-1789312118991002000-u32-mod32-f2z-20,u32-mod32 2^20 f2z | initial rate 1/8,end-to-end,300361375,300.361375,298.0898078,298.3380746,298.8420414,299.6017082,300.361375,300.698025,301.034675,301.2180666,301.2481998,5,1,0,mul-1789312118991002000-u32-mod32-f2z-20-4,1,declared-root,false
mul-1789312118991002000-u32-mod32-f2z-20,u32-mod32 2^20 f2z | initial rate 1/8,witness-generation,1839792,1.839792,1.8170916,1.8172252,1.821792,1.830792,1.839792,1.8451252,1.8504584,1.8964334,1.9830502,5,1,0,mul-1789312118991002000-u32-mod32-f2z-20-4,1,declared-root,false
mul-1789312118991002000-u32-mod32-f2z-20,u32-mod32 2^20 f2z | initial rate 1/8,preparation,195875,0.195875,0.1934836,0.1947172,0.1954422,0.1956586,0.195875,0.1969918,0.1981086,0.199042,0.199792,5,1,0,mul-1789312118991002000-u32-mod32-f2z-20-4,1,declared-root,false
mul-1789312118991002000-u32-mod32-f2z-20,u32-mod32 2^20 f2z | initial rate 1/8,proving,294716708,294.716708,292.9941418,293.5984086,294.0637752,294.3902416,294.716708,295.0291248,295.3415416,295.508500,295.530000,5,1,0,mul-1789312118991002000-u32-mod32-f2z-20-4,1,declared-root,false
mul-1789312118991002000-u32-mod32-f2z-20,u32-mod32 2^20 f2z | initial rate 1/8,commit,37719875,37.719875,36.8668918,37.2821586,37.5358086,37.6278418,37.719875,38.078875,38.437875,38.6611416,38.7486748,5,1,0,mul-1789312118991002000-u32-mod32-f2z-20-4,1,declared-root,false
mul-1789312118991002000-u32-mod32-f2z-20,u32-mod32 2^20 f2z | initial rate 1/8,pcs,271699333,271.699333,270.7050912,271.1937244,271.4902994,271.5948162,271.699333,271.936383,272.173433,272.4185248,272.6716584,5,1,0,mul-1789312118991002000-u32-mod32-f2z-20-4,1,declared-root,false
mul-1789312118991002000-u32-mod32-f2z-20,u32-mod32 2^20 f2z | initial rate 1/8,opening-proof,233718166,233.718166,233.2314748,233.3809916,233.5082332,233.6131996,233.718166,233.7368328,233.7554996,234.0988664,234.7669332,5,1,0,mul-1789312118991002000-u32-mod32-f2z-20-4,1,declared-root,false
mul-1789312118991002000-u32-mod32-f2z-20,u32-mod32 2^20 f2z | initial rate 1/8,constraint-proof,19278750,19.278750,18.7111916,18.7924252,18.9221836,19.1004668,19.278750,19.5182168,19.7576836,19.888267,19.909967,5,1,0,mul-1789312118991002000-u32-mod32-f2z-20-4,1,declared-root,false
mul-1789312118991002000-u32-mod32-f2z-20,u32-mod32 2^20 f2z | initial rate 1/8,verification,5630041,5.630041,4.9029754,5.2607418,5.4777082,5.5538746,5.630041,5.6339582,5.6378754,5.6657256,5.7175088,5,1,0,mul-1789312118991002000-u32-mod32-f2z-20-4,1,declared-root,false
mul-1789312118991002000-u32-mod32-f2z-21,u32-mod32 2^21 f2z | initial rate 1/8,end-to-end,631472500,631.472500,609.393708,614.290208,619.6852664,625.5788832,631.472500,635.7398336,640.0071672,645.5536006,652.3791338,5,1,0,mul-1789312118991002000-u32-mod32-f2z-21-2,1,declared-root,false
mul-1789312118991002000-u32-mod32-f2z-21,u32-mod32 2^21 f2z | initial rate 1/8,witness-generation,4183875,4.183875,3.8959586,3.9082922,3.9683422,4.0761086,4.183875,4.1853418,4.1868086,4.197492,4.217392,5,1,0,mul-1789312118991002000-u32-mod32-f2z-21-2,1,declared-root,false
mul-1789312118991002000-u32-mod32-f2z-21,u32-mod32 2^21 f2z | initial rate 1/8,preparation,247459,0.247459,0.241425,0.242475,0.2438918,0.2456754,0.247459,0.2474754,0.2474918,0.2624582,0.2923746,5,1,0,mul-1789312118991002000-u32-mod32-f2z-21-2,1,declared-root,false
mul-1789312118991002000-u32-mod32-f2z-21,u32-mod32 2^21 f2z | initial rate 1/8,proving,623914291,623.914291,601.8482662,607.0191994,612.466591,618.190441,623.914291,628.3598246,632.8053582,638.1325332,644.3413496,5,1,0,mul-1789312118991002000-u32-mod32-f2z-21-2,1,declared-root,false
mul-1789312118991002000-u32-mod32-f2z-21,u32-mod32 2^21 f2z | initial rate 1/8,commit,78455667,78.455667,76.0739252,77.4370584,78.1860334,78.3208502,78.455667,80.401067,82.346467,92.2687002,110.1677666,5,1,0,mul-1789312118991002000-u32-mod32-f2z-21-2,1,declared-root,false
mul-1789312118991002000-u32-mod32-f2z-21,u32-mod32 2^21 f2z | initial rate 1/8,pcs,579086001,579.086001,555.2966998,562.5438166,568.7511002,573.9185506,579.086001,582.9977006,586.9094002,591.6010582,597.0726746,5,1,0,mul-1789312118991002000-u32-mod32-f2z-21-2,1,declared-root,false
mul-1789312118991002000-u32-mod32-f2z-21,u32-mod32 2^21 f2z | initial rate 1/8,opening-proof,488048750,488.048750,473.7942578,474.2497246,477.1917164,482.6202332,488.048750,491.1359836,494.2232172,498.6953838,504.5524834,5,1,0,mul-1789312118991002000-u32-mod32-f2z-21-2,1,declared-root,false
mul-1789312118991002000-u32-mod32-f2z-21,u32-mod32 2^21 f2z | initial rate 1/8,constraint-proof,39269792,39.269792,37.041200,37.347150,37.8540584,38.5619252,39.269792,39.7794752,40.2891584,40.5945416,40.6956248,5,1,0,mul-1789312118991002000-u32-mod32-f2z-21-2,1,declared-root,false
mul-1789312118991002000-u32-mod32-f2z-21,u32-mod32 2^21 f2z | initial rate 1/8,verification,7546333,7.546333,7.1072584,7.1165588,7.2062338,7.3762834,7.546333,7.6506666,7.7550002,7.9739918,8.3076414,5,1,0,mul-1789312118991002000-u32-mod32-f2z-21-2,1,declared-root,false
mul-1789312118991002000-u32-mod32-f2z-22,u32-mod32 2^22 f2z | initial rate 1/8,end-to-end,1228812625,1228.812625,1202.182609,1218.603009,1227.2130922,1228.0128586,1228.812625,1232.8080418,1236.8034586,1245.9379836,1260.2116168,5,1,0,mul-1789312118991002000-u32-mod32-f2z-22-1,1,declared-root,false
mul-1789312118991002000-u32-mod32-f2z-22,u32-mod32 2^22 f2z | initial rate 1/8,witness-generation,8261500,8.261500,7.6329086,7.6566922,7.7871672,8.0243336,8.261500,8.3125168,8.3635336,8.406867,8.442517,5,1,0,mul-1789312118991002000-u32-mod32-f2z-22-1,1,declared-root,false
mul-1789312118991002000-u32-mod32-f2z-22,u32-mod32 2^22 f2z | initial rate 1/8,preparation,187292,0.187292,0.184617,0.184817,0.185392,0.186342,0.187292,0.188992,0.190692,0.1919502,0.1927666,5,1,0,mul-1789312118991002000-u32-mod32-f2z-22-1,1,declared-root,false
mul-1789312118991002000-u32-mod32-f2z-22,u32-mod32 2^22 f2z | initial rate 1/8,proving,1222014333,1222.014333,1194.1906666,1210.0627502,1218.8019002,1220.4081166,1222.014333,1225.7893998,1229.5644666,1236.7900666,1247.4661998,5,1,0,mul-1789312118991002000-u32-mod32-f2z-22-1,1,declared-root,false
mul-1789312118991002000-u32-mod32-f2z-22,u32-mod32 2^22 f2z | initial rate 1/8,commit,169790375,169.790375,166.7373418,166.7560586,167.3704086,168.5803918,169.790375,171.197425,172.604475,174.080450,175.625350,5,1,0,mul-1789312118991002000-u32-mod32-f2z-22-1,1,declared-root,false
mul-1789312118991002000-u32-mod32-f2z-22,u32-mod32 2^22 f2z | initial rate 1/8,pcs,1134832374,1134.832374,1111.3761494,1124.6262158,1131.967474,1133.399924,1134.832374,1139.5665412,1144.3007084,1151.5954502,1161.4507666,5,1,0,mul-1789312118991002000-u32-mod32-f2z-22-1,1,declared-root,false
mul-1789312118991002000-u32-mod32-f2z-22,u32-mod32 2^22 f2z | initial rate 1/8,opening-proof,964532624,964.532624,941.6111744,954.8866408,962.126024,963.329324,964.532624,970.6805244,976.8284248,982.7490666,988.4424498,5,1,0,mul-1789312118991002000-u32-mod32-f2z-22-1,1,declared-root,false
mul-1789312118991002000-u32-mod32-f2z-22,u32-mod32 2^22 f2z | initial rate 1/8,constraint-proof,71437667,71.437667,68.6539998,69.8696666,70.6695334,71.0536002,71.437667,72.2872166,73.1367662,74.2849162,75.7316666,5,1,0,mul-1789312118991002000-u32-mod32-f2z-22-1,1,declared-root,false
mul-1789312118991002000-u32-mod32-f2z-22,u32-mod32 2^22 f2z | initial rate 1/8,verification,7430709,7.430709,7.0057912,7.2258744,7.3548746,7.3927918,7.430709,7.9790586,8.5274082,10.307333,13.318833,5,1,0,mul-1789312118991002000-u32-mod32-f2z-22-1,1,declared-root,false
mul-1789312118991002000-u32-mod32-plonky3-fri-15,u32-mod32 2^15 plonky3-fri | initial rate 1/8,end-to-end,1450088625,1450.088625,1405.7878082,1407.0183254,1416.1245922,1433.1066086,1450.088625,1468.071225,1486.053825,1500.2563334,1510.6787502,5,1,0,mul-1789312118991002000-u32-mod32-plonky3-fri-15-3,1,declared-root,false
mul-1789312118991002000-u32-mod32-plonky3-fri-15,u32-mod32 2^15 plonky3-fri | initial rate 1/8,witness-generation,2704208,2.704208,2.671333,2.674833,2.682108,2.693158,2.704208,2.727808,2.751408,2.8179664,2.9274832,5,1,0,mul-1789312118991002000-u32-mod32-plonky3-fri-15-3,1,declared-root,false
mul-1789312118991002000-u32-mod32-plonky3-fri-15,u32-mod32 2^15 plonky3-fri | initial rate 1/8,proving,1431448750,1431.448750,1387.4220084,1388.5639748,1397.5977164,1414.5232332,1431.448750,1449.4108332,1467.3729164,1481.4918998,1491.7677834,5,1,0,mul-1789312118991002000-u32-mod32-plonky3-fri-15-3,1,declared-root,false
mul-1789312118991002000-u32-mod32-plonky3-fri-15,u32-mod32 2^15 plonky3-fri | initial rate 1/8,commit,1153498875,1153.498875,1109.591200,1112.186150,1121.486675,1137.492775,1153.498875,1166.7257918,1179.9527086,1191.7708586,1202.1802418,5,1,0,mul-1789312118991002000-u32-mod32-plonky3-fri-15-3,1,declared-root,false
mul-1789312118991002000-u32-mod32-plonky3-fri-15,u32-mod32 2^15 plonky3-fri | initial rate 1/8,pcs,1323741666,1323.741666,1282.6662496,1282.8613332,1291.1154332,1307.4285496,1323.741666,1340.802250,1357.862834,1371.8609674,1382.7966502,5,1,0,mul-1789312118991002000-u32-mod32-plonky3-fri-15-3,1,declared-root,false
mul-1789312118991002000-u32-mod32-plonky3-fri-15,u32-mod32 2^15 plonky3-fri | initial rate 1/8,opening-proof,175474916,175.474916,169.7822664,170.0892828,171.289216,173.382066,175.474916,177.2157332,178.9565504,180.0901088,180.6164084,5,1,0,mul-1789312118991002000-u32-mod32-plonky3-fri-15-3,1,declared-root,false
mul-1789312118991002000-u32-mod32-plonky3-fri-15,u32-mod32 2^15 plonky3-fri | initial rate 1/8,constraint-proof,104631167,104.631167,101.9010918,103.2758086,104.096767,104.363967,104.631167,105.0208502,105.4105334,105.9290666,106.5764498,5,1,0,mul-1789312118991002000-u32-mod32-plonky3-fri-15-3,1,declared-root,false
mul-1789312118991002000-u32-mod32-plonky3-fri-15,u32-mod32 2^15 plonky3-fri | initial rate 1/8,verification,18128750,18.128750,17.844133,17.933683,18.0085164,18.0686332,18.128750,18.145350,18.161950,18.2416082,18.3843246,5,1,0,mul-1789312118991002000-u32-mod32-plonky3-fri-15-3,1,declared-root,false
mul-1789312118991002000-u32-mod32-plonky3-fri-16,u32-mod32 2^16 plonky3-fri | initial rate 1/8,end-to-end,2931615625,2931.615625,2912.2408002,2921.2586834,2926.937225,2929.276425,2931.615625,2933.4146086,2935.2135922,2944.3890004,2960.9408332,5,1,0,mul-1789312118991002000-u32-mod32-plonky3-fri-16-3,1,declared-root,false
mul-1789312118991002000-u32-mod32-plonky3-fri-16,u32-mod32 2^16 plonky3-fri | initial rate 1/8,witness-generation,6952542,6.952542,5.5737332,5.5983004,5.8789756,6.4157588,6.952542,7.0629584,7.1733748,7.2667164,7.3429832,5,1,0,mul-1789312118991002000-u32-mod32-plonky3-fri-16-3,1,declared-root,false
mul-1789312118991002000-u32-mod32-plonky3-fri-16,u32-mod32 2^16 plonky3-fri | initial rate 1/8,proving,2910613334,2910.613334,2891.167083,2900.206583,2905.9037332,2908.2585336,2910.613334,2912.3977336,2914.1821332,2923.3468998,2939.8920334,5,1,0,mul-1789312118991002000-u32-mod32-plonky3-fri-16-3,1,declared-root,false
mul-1789312118991002000-u32-mod32-plonky3-fri-16,u32-mod32 2^16 plonky3-fri | initial rate 1/8,commit,2343312750,2343.312750,2328.0035748,2334.8934416,2339.333250,2341.323000,2343.312750,2343.5189668,2343.7251836,2350.2101586,2362.9738918,5,1,0,mul-1789312118991002000-u32-mod32-plonky3-fri-16-3,1,declared-root,false
mul-1789312118991002000-u32-mod32-plonky3-fri-16,u32-mod32 2^16 plonky3-fri | initial rate 1/8,pcs,2693869708,2693.869708,2676.0396666,2686.1165002,2691.6978752,2692.7837916,2693.869708,2695.8209416,2697.7721752,2706.4818668,2721.9500164,5,1,0,mul-1789312118991002000-u32-mod32-plonky3-fri-16-3,1,declared-root,false
mul-1789312118991002000-u32-mod32-plonky3-fri-16,u32-mod32 2^16 plonky3-fri | initial rate 1/8,opening-proof,352816542,352.816542,347.1322582,349.4153914,351.0088748,351.9127084,352.816542,353.6577252,354.4989084,356.2717082,358.9761246,5,1,0,mul-1789312118991002000-u32-mod32-plonky3-fri-16-3,1,declared-root,false
mul-1789312118991002000-u32-mod32-plonky3-fri-16,u32-mod32 2^16 plonky3-fri | initial rate 1/8,constraint-proof,209275166,209.275166,207.4539662,208.6033494,209.197466,209.236316,209.275166,209.8348828,210.3945996,211.2257248,212.3282584,5,1,0,mul-1789312118991002000-u32-mod32-plonky3-fri-16-3,1,declared-root,false
mul-1789312118991002000-u32-mod32-plonky3-fri-16,u32-mod32 2^16 plonky3-fri | initial rate 1/8,verification,20486708,20.486708,20.4581834,20.4739498,20.482808,20.484758,20.486708,20.4952416,20.5037752,20.5159252,20.5316916,5,1,0,mul-1789312118991002000-u32-mod32-plonky3-fri-16-3,1,declared-root,false
mul-1789312118991002000-u32-mod32-plonky3-fri-17,u32-mod32 2^17 plonky3-fri | initial rate 1/8,end-to-end,5846289584,5846.289584,5777.328800,5798.691600,5816.7563168,5831.5229504,5846.289584,5852.3003004,5858.3110168,5870.4555084,5888.7337752,5,1,0,mul-1789312118991002000-u32-mod32-plonky3-fri-17-1,1,declared-root,false
mul-1789312118991002000-u32-mod32-plonky3-fri-17,u32-mod32 2^17 plonky3-fri | initial rate 1/8,witness-generation,14233084,14.233084,11.347592,11.525892,12.1386504,13.1858672,14.233084,14.2894836,14.3458832,14.4224414,14.5191582,5,1,0,mul-1789312118991002000-u32-mod32-plonky3-fri-17-1,1,declared-root,false
mul-1789312118991002000-u32-mod32-plonky3-fri-17,u32-mod32 2^17 plonky3-fri | initial rate 1/8,proving,5823866417,5823.866417,5754.589333,5776.082583,5794.2366498,5809.0515334,5823.866417,5829.4973166,5835.1282162,5847.2693412,5865.9206916,5,1,0,mul-1789312118991002000-u32-mod32-plonky3-fri-17-1,1,declared-root,false
mul-1789312118991002000-u32-mod32-plonky3-fri-17,u32-mod32 2^17 plonky3-fri | initial rate 1/8,commit,4672260000,4672.260000,4630.5420832,4638.4821664,4648.4137664,4660.3368832,4672.260000,4688.4920668,4704.7241336,4716.0136004,4722.3604672,5,1,0,mul-1789312118991002000-u32-mod32-plonky3-fri-17-1,1,declared-root,false
mul-1789312118991002000-u32-mod32-plonky3-fri-17,u32-mod32 2^17 plonky3-fri | initial rate 1/8,pcs,5380519625,5380.519625,5332.5146086,5353.1047582,5366.8237914,5373.6717082,5380.519625,5384.7988254,5389.0780258,5401.0135676,5420.6054508,5,1,0,mul-1789312118991002000-u32-mod32-plonky3-fri-17-1,1,declared-root,false
mul-1789312118991002000-u32-mod32-plonky3-fri-17,u32-mod32 2^17 plonky3-fri | initial rate 1/8,opening-proof,691139833,691.139833,682.755459,687.133459,689.6859338,690.4128834,691.139833,699.2798998,707.4199666,716.8054834,727.4364502,5,1,0,mul-1789312118991002000-u32-mod32-plonky3-fri-17-1,1,declared-root,false
mul-1789312118991002000-u32-mod32-plonky3-fri-17,u32-mod32 2^17 plonky3-fri | initial rate 1/8,constraint-proof,418373417,418.373417,409.2492252,409.7216584,411.6409834,415.0072002,418.373417,424.1104338,429.8474506,434.7742838,438.8909334,5,1,0,mul-1789312118991002000-u32-mod32-plonky3-fri-17-1,1,declared-root,false
mul-1789312118991002000-u32-mod32-plonky3-fri-17,u32-mod32 2^17 plonky3-fri | initial rate 1/8,verification,21976125,21.976125,21.862625,21.870125,21.894325,21.935225,21.976125,22.1053918,22.2346586,22.3951668,22.5869164,5,1,0,mul-1789312118991002000-u32-mod32-plonky3-fri-17-1,1,declared-root,false
mul-1789312118991002000-u32-mod32-plonky3-fri-18,u32-mod32 2^18 plonky3-fri | initial rate 1/8,end-to-end,11747726334,11747.726334,11691.3179916,11707.0741912,11721.5070996,11734.6167168,11747.726334,11777.8557004,11807.9850668,11832.864025,11852.492575,5,1,0,mul-1789312118991002000-u32-mod32-plonky3-fri-18-3,1,declared-root,false
mul-1789312118991002000-u32-mod32-plonky3-fri-18,u32-mod32 2^18 plonky3-fri | initial rate 1/8,witness-generation,28730292,28.730292,23.8463086,24.2167422,25.2676256,26.9989588,28.730292,28.8684752,29.0066584,29.0844168,29.1017504,5,1,0,mul-1789312118991002000-u32-mod32-plonky3-fri-18-3,1,declared-root,false
mul-1789312118991002000-u32-mod32-plonky3-fri-18,u32-mod32 2^18 plonky3-fri | initial rate 1/8,proving,11723421917,11723.421917,11667.1928666,11682.9036502,11697.291617,11710.356767,11723.421917,11753.555817,11783.689717,11808.4598252,11827.8661416,5,1,0,mul-1789312118991002000-u32-mod32-plonky3-fri-18-3,1,declared-root,false
mul-1789312118991002000-u32-mod32-plonky3-fri-18,u32-mod32 2^18 plonky3-fri | initial rate 1/8,commit,9499820042,9499.820042,9393.223808,9406.083408,9429.9745748,9464.8973084,9499.820042,9535.3376584,9570.8552748,9589.9631246,9592.6612078,5,1,0,mul-1789312118991002000-u32-mod32-plonky3-fri-18-3,1,declared-root,false
mul-1789312118991002000-u32-mod32-plonky3-fri-18,u32-mod32 2^18 plonky3-fri | initial rate 1/8,pcs,10863143875,10863.143875,10804.7158914,10815.1009078,10828.8635078,10846.0036914,10863.143875,10894.750325,10926.356775,10951.6654832,10970.6764496,5,1,0,mul-1789312118991002000-u32-mod32-plonky3-fri-18-3,1,declared-root,false
mul-1789312118991002000-u32-mod32-plonky3-fri-18,u32-mod32 2^18 plonky3-fri | initial rate 1/8,opening-proof,1381817667,1381.817667,1357.4570834,1361.3682498,1367.0225998,1374.4201334,1381.817667,1386.8218502,1391.8260334,1403.4483416,1421.6887748,5,1,0,mul-1789312118991002000-u32-mod32-plonky3-fri-18-3,1,declared-root,false
mul-1789312118991002000-u32-mod32-plonky3-fri-18,u32-mod32 2^18 plonky3-fri | initial rate 1/8,constraint-proof,833143292,833.143292,827.8099838,828.1878006,829.3300256,831.2366588,833.143292,834.5887584,836.0342248,837.6755998,839.5128834,5,1,0,mul-1789312118991002000-u32-mod32-plonky3-fri-18-3,1,declared-root,false
mul-1789312118991002000-u32-mod32-plonky3-fri-18,u32-mod32 2^18 plonky3-fri | initial rate 1/8,verification,23665291,23.665291,23.4962086,23.5594582,23.6059246,23.6356078,23.665291,23.673541,23.681791,23.7943494,24.0112162,5,1,0,mul-1789312118991002000-u32-mod32-plonky3-fri-18-3,1,declared-root,false
mul-1789312118991002000-u32-mod32-plonky3-fri-19,u32-mod32 2^19 plonky3-fri | initial rate 1/8,end-to-end,23028005166,23028.005166,22941.693325,22947.566275,22966.0032332,22997.0041996,23028.005166,23031.3237328,23034.6422996,23055.6192746,23094.2546578,5,1,0,mul-1789312118991002000-u32-mod32-plonky3-fri-19-1,1,declared-root,false
mul-1789312118991002000-u32-mod32-plonky3-fri-19,u32-mod32 2^19 plonky3-fri | initial rate 1/8,witness-generation,45203541,45.203541,44.8333916,44.9054912,44.993941,45.098741,45.203541,45.2925914,45.3816418,45.6964168,46.2369164,5,1,0,mul-1789312118991002000-u32-mod32-plonky3-fri-19-1,1,declared-root,false
mul-1789312118991002000-u32-mod32-plonky3-fri-19,u32-mod32 2^19 plonky3-fri | initial rate 1/8,proving,23002167708,23002.167708,22915.3574002,22921.2333834,22939.7706416,22970.9691748,23002.167708,23005.263858,23008.360008,23029.2699914,23067.9938082,5,1,0,mul-1789312118991002000-u32-mod32-plonky3-fri-19-1,1,declared-root,false
mul-1789312118991002000-u32-mod32-plonky3-fri-19,u32-mod32 2^19 plonky3-fri | initial rate 1/8,commit,18650024959,18650.024959,18536.0113086,18540.0852422,18563.702759,18606.863859,18650.024959,18652.0585086,18654.0920582,18673.3867998,18709.9427334,5,1,0,mul-1789312118991002000-u32-mod32-plonky3-fri-19-1,1,declared-root,false
mul-1789312118991002000-u32-mod32-plonky3-fri-19,u32-mod32 2^19 plonky3-fri | initial rate 1/8,pcs,21326830459,21326.830459,21206.5805754,21212.5759418,21237.8249918,21282.3277254,21326.830459,21327.7971922,21328.7639254,21334.9804584,21346.4467912,5,1,0,mul-1789312118991002000-u32-mod32-plonky3-fri-19-1,1,declared-root,false
mul-1789312118991002000-u32-mod32-plonky3-fri-19,u32-mod32 2^19 plonky3-fri | initial rate 1/8,opening-proof,2676805500,2676.805500,2613.034375,2643.320125,2662.131500,2669.468500,2676.805500,2679.537800,2682.270100,2687.4698582,2695.1370746,5,1,0,mul-1789312118991002000-u32-mod32-plonky3-fri-19-1,1,declared-root,false
mul-1789312118991002000-u32-mod32-plonky3-fri-19,u32-mod32 2^19 plonky3-fri | initial rate 1/8,constraint-proof,1614609667,1614.609667,1599.9808172,1602.9665504,1606.489467,1610.549567,1614.609667,1627.0831002,1639.5565334,1650.5028416,1659.9220248,5,1,0,mul-1789312118991002000-u32-mod32-plonky3-fri-19-1,1,declared-root,false
mul-1789312118991002000-u32-mod32-plonky3-fri-19,u32-mod32 2^19 plonky3-fri | initial rate 1/8,verification,25671375,25.671375,25.3116082,25.4433414,25.5416414,25.6065082,25.671375,25.6723086,25.6732422,25.6781422,25.6870086,5,1,0,mul-1789312118991002000-u32-mod32-plonky3-fri-19-1,1,declared-root,false
mul-1789312118991002000-u32-mod32-plonky3-fri-20,u32-mod32 2^20 plonky3-fri | initial rate 1/8,end-to-end,46525349917,46525.349917,45839.2139496,45984.3302332,46150.5806834,46337.9653002,46525.349917,46555.4422166,46585.5345162,46628.8639994,46685.4306662,5,1,0,mul-1789312118991002000-u32-mod32-plonky3-fri-20-2,1,declared-root,false
mul-1789312118991002000-u32-mod32-plonky3-fri-20,u32-mod32 2^20 plonky3-fri | initial rate 1/8,witness-generation,111672375,111.672375,91.097042,91.117792,95.2370086,103.4546918,111.672375,113.153825,114.635275,116.1257334,117.6252002,5,1,0,mul-1789312118991002000-u32-mod32-plonky3-fri-20-2,1,declared-root,false
mul-1789312118991002000-u32-mod32-plonky3-fri-20,u32-mod32 2^20 plonky3-fri | initial rate 1/8,proving,46496709875,46496.709875,45810.577700,45955.555650,46121.777675,46309.243775,46496.709875,46526.929575,46557.149275,46600.491100,46656.955050,5,1,0,mul-1789312118991002000-u32-mod32-plonky3-fri-20-2,1,declared-root,false
mul-1789312118991002000-u32-mod32-plonky3-fri-20,u32-mod32 2^20 plonky3-fri | initial rate 1/8,commit,37683485791,37683.485791,36923.9474502,37009.1679834,37178.1197582,37430.8027746,37683.485791,37691.5319246,37699.5780582,37704.633475,37706.698175,5,1,0,mul-1789312118991002000-u32-mod32-plonky3-fri-20-2,1,declared-root,false
mul-1789312118991002000-u32-mod32-plonky3-fri-20,u32-mod32 2^20 plonky3-fri | initial rate 1/8,pcs,43057925666,43057.925666,42395.6460334,42544.8429838,42707.1383004,42882.5319832,43057.925666,43076.4347164,43094.9437668,43119.8279336,43151.0872168,5,1,0,mul-1789312118991002000-u32-mod32-plonky3-fri-20-2,1,declared-root,false
mul-1789312118991002000-u32-mod32-plonky3-fri-20,u32-mod32 2^20 plonky3-fri | initial rate 1/8,opening-proof,5407722166,5407.722166,5382.8380918,5391.2363086,5397.8927668,5402.8074664,5407.722166,5436.1314496,5464.5407332,5496.5289418,5532.0960754,5,1,0,mul-1789312118991002000-u32-mod32-plonky3-fri-20-2,1,declared-root,false
mul-1789312118991002000-u32-mod32-plonky3-fri-20,u32-mod32 2^20 plonky3-fri | initial rate 1/8,constraint-proof,3259398584,3259.398584,3218.9532166,3232.9043502,3243.7836504,3251.5911172,3259.398584,3262.4068172,3265.4150504,3278.4912168,3301.6353164,5,1,0,mul-1789312118991002000-u32-mod32-plonky3-fri-20-2,1,declared-root,false
mul-1789312118991002000-u32-mod32-plonky3-fri-20,u32-mod32 2^20 plonky3-fri | initial rate 1/8,verification,27885333,27.885333,27.7063754,27.7747918,27.8242666,27.8547998,27.885333,27.9009166,27.9165002,27.967692,28.054492,5,1,0,mul-1789312118991002000-u32-mod32-plonky3-fri-20-2,1,declared-root,false
mul-1789312118991002000-u32-mod32-plonky3-fri-21,u32-mod32 2^21 plonky3-fri | initial rate 1/8,end-to-end,99799579375,99799.579375,99360.048208,99495.903208,99610.9804414,99705.2799082,99799.579375,99875.719425,99951.859475,100113.5294334,100360.7293002,5,1,0,mul-1789312118991002000-u32-mod32-plonky3-fri-21-1,1,declared-root,false
mul-1789312118991002000-u32-mod32-plonky3-fri-21,u32-mod32 2^21 plonky3-fri | initial rate 1/8,witness-generation,194715792,194.715792,185.0920252,185.2377584,187.1916584,190.9537252,194.715792,194.8445252,194.9732584,248.1196666,354.2837498,5,1,0,mul-1789312118991002000-u32-mod32-plonky3-fri-21-1,1,declared-root,false
mul-1789312118991002000-u32-mod32-plonky3-fri-21,u32-mod32 2^21 plonky3-fri | initial rate 1/8,proving,99768613708,99768.613708,99328.9501416,99464.9947412,99580.1363744,99674.3750412,99768.613708,99844.811008,99921.008308,100082.3934246,100328.9663578,5,1,0,mul-1789312118991002000-u32-mod32-plonky3-fri-21-1,1,declared-root,false
mul-1789312118991002000-u32-mod32-plonky3-fri-21,u32-mod32 2^21 plonky3-fri | initial rate 1/8,commit,80895303833,80895.303833,79787.4174584,80199.2937088,80503.2462338,80699.2750334,80895.303833,81171.8457166,81448.3876002,81623.4419086,81697.0086418,5,1,0,mul-1789312118991002000-u32-mod32-plonky3-fri-21-1,1,declared-root,false
mul-1789312118991002000-u32-mod32-plonky3-fri-21,u32-mod32 2^21 plonky3-fri | initial rate 1/8,pcs,92209709541,92209.709541,91750.0288336,91854.1124172,91966.8652754,92088.2874082,92209.709541,92413.0828414,92616.4561418,92764.5147752,92857.2587416,5,1,0,mul-1789312118991002000-u32-mod32-plonky3-fri-21-1,1,declared-root,false
mul-1789312118991002000-u32-mod32-plonky3-fri-21,u32-mod32 2^21 plonky3-fri | initial rate 1/8,opening-proof,11314405708,11314.405708,11150.6614832,11169.8387164,11206.423008,11260.414358,11314.405708,11389.0123748,11463.6190416,11654.8187084,11962.6113752,5,1,0,mul-1789312118991002000-u32-mod32-plonky3-fri-21-1,1,declared-root,false
mul-1789312118991002000-u32-mod32-plonky3-fri-21,u32-mod32 2^21 plonky3-fri | initial rate 1/8,constraint-proof,6930194750,6930.194750,6798.037283,6798.376483,6824.8758164,6877.5352832,6930.194750,6931.7182668,6933.2417836,7038.1030252,7246.3019916,5,1,0,mul-1789312118991002000-u32-mod32-plonky3-fri-21-1,1,declared-root,false
mul-1789312118991002000-u32-mod32-plonky3-fri-21,u32-mod32 2^21 plonky3-fri | initial rate 1/8,verification,30254750,30.254750,30.057300,30.074100,30.116950,30.185850,30.254750,30.3662336,30.4777172,30.7580756,31.2073088,5,1,0,mul-1789312118991002000-u32-mod32-plonky3-fri-21-1,1,declared-root,false
mul-1789312118991002000-u32-mod32-plonky3-fri-22,u32-mod32 2^22 plonky3-fri | initial rate 1/8,end-to-end,231208304458,231208.304458,226468.4612746,227336.6302582,228458.2326916,229833.2685748,231208.304458,235466.5851912,239724.8659244,242546.5983328,243931.7824164,5,1,0,mul-1789312118991002000-u32-mod32-plonky3-fri-22-5,1,declared-root,false
mul-1789312118991002000-u32-mod32-plonky3-fri-22,u32-mod32 2^22 plonky3-fri | initial rate 1/8,witness-generation,507261750,507.261750,477.4075828,479.4804996,485.8659164,496.5638332,507.261750,510.1265668,512.9913836,519.8223668,530.6195164,5,1,0,mul-1789312118991002000-u32-mod32-plonky3-fri-22-5,1,declared-root,false
mul-1789312118991002000-u32-mod32-plonky3-fri-22,u32-mod32 2^22 plonky3-fri | initial rate 1/8,proving,231171035292,231171.035292,226429.6227834,227297.0498998,228418.8178248,229794.9265584,231171.035292,235429.0846584,239687.1340248,242508.8120664,243894.1187832,5,1,0,mul-1789312118991002000-u32-mod32-plonky3-fri-22-5,1,declared-root,false
mul-1789312118991002000-u32-mod32-plonky3-fri-22,u32-mod32 2^22 plonky3-fri | initial rate 1/8,commit,169248229167,169248.229167,167281.6362836,168262.5723172,168852.0781006,169050.1536338,169248.229167,169488.223367,169728.217567,172367.0084836,177404.5961168,5,1,0,mul-1789312118991002000-u32-mod32-plonky3-fri-22-5,1,declared-root,false
mul-1789312118991002000-u32-mod32-plonky3-fri-22,u32-mod32 2^22 plonky3-fri | initial rate 1/8,pcs,207480140000,207480.140000,204975.2978086,205648.8472422,206284.5255672,206882.3327836,207480.140000,211888.1050336,216296.0700672,218905.100884,219715.197484,5,1,0,mul-1789312118991002000-u32-mod32-plonky3-fri-22-5,1,declared-root,false
mul-1789312118991002000-u32-mod32-plonky3-fri-22,u32-mod32 2^22 plonky3-fri | initial rate 1/8,opening-proof,38001048125,38001.048125,37392.3191082,37552.0565914,37705.7498914,37853.3990082,38001.048125,38033.8730086,38066.6978922,40316.8529506,44784.3381838,5,1,0,mul-1789312118991002000-u32-mod32-plonky3-fri-22-5,1,declared-root,false
mul-1789312118991002000-u32-mod32-plonky3-fri-22,u32-mod32 2^22 plonky3-fri | initial rate 1/8,constraint-proof,17615284959,17615.284959,17120.7792916,17149.2496252,17253.8448254,17434.5648922,17615.284959,18346.0135086,19076.7420582,20071.2857498,21329.6445834,5,1,0,mul-1789312118991002000-u32-mod32-plonky3-fri-22-5,1,declared-root,false
mul-1789312118991002000-u32-mod32-plonky3-fri-22,u32-mod32 2^22 plonky3-fri | initial rate 1/8,verification,35766584,35.766584,35.198642,35.460992,35.6270504,35.6968172,35.766584,35.7880504,35.8095168,36.3598418,37.4390254,5,1,0,mul-1789312118991002000-u32-mod32-plonky3-fri-22-5,1,declared-root,false
