family,size,variant,rep,iterations,ns,bytes,allocations,allocated_bytes,correctness
opt_exact_signed_mac,l2_n16,signed_columns,0,65536,86.892,512,0,0,1
opt_exact_signed_mac,l2_n16,wide_then_add,0,65536,82.086,512,0,0,1
opt_exact_signed_mac,l2_n16,fused_exact,0,65536,64.179,512,0,0,1
opt_exact_signed_mac,l2_n16,fused_exact,1,65536,63.763,512,0,0,1
opt_exact_signed_mac,l2_n16,signed_columns,1,65536,87.646,512,0,0,1
opt_exact_signed_mac,l2_n16,wide_then_add,1,65536,78.638,512,0,0,1
opt_exact_signed_mac,l2_n16,wide_then_add,2,65536,77.403,512,0,0,1
opt_exact_signed_mac,l2_n16,fused_exact,2,65536,61.711,512,0,0,1
opt_exact_signed_mac,l2_n16,signed_columns,2,65536,82.465,512,0,0,1
opt_exact_signed_mac,l2_n16,fused_exact,3,65536,60.167,512,0,0,1
opt_exact_signed_mac,l2_n16,signed_columns,3,65536,83.244,512,0,0,1
opt_exact_signed_mac,l2_n16,wide_then_add,3,65536,79.377,512,0,0,1
opt_exact_signed_mac,l2_n16,wide_then_add,4,65536,76.153,512,0,0,1
opt_exact_signed_mac,l2_n16,fused_exact,4,65536,63.300,512,0,0,1
opt_exact_signed_mac,l2_n16,signed_columns,4,65536,84.794,512,0,0,1
opt_exact_signed_mac,l2_n16,signed_columns,5,65536,84.448,512,0,0,1
opt_exact_signed_mac,l2_n16,wide_then_add,5,65536,88.411,512,0,0,1
opt_exact_signed_mac,l2_n16,fused_exact,5,65536,66.433,512,0,0,1
opt_exact_signed_mac,l2_n16,signed_columns,6,65536,90.196,512,0,0,1
opt_exact_signed_mac,l2_n16,wide_then_add,6,65536,86.519,512,0,0,1
opt_exact_signed_mac,l2_n16,fused_exact,6,65536,67.821,512,0,0,1
opt_exact_signed_mac,l2_n16,fused_exact,7,65536,68.629,512,0,0,1
opt_exact_signed_mac,l2_n16,signed_columns,7,65536,91.983,512,0,0,1
opt_exact_signed_mac,l2_n16,wide_then_add,7,65536,85.481,512,0,0,1
opt_exact_signed_mac,l2_n16,wide_then_add,8,65536,82.172,512,0,0,1
opt_exact_signed_mac,l2_n16,fused_exact,8,65536,63.943,512,0,0,1
opt_exact_signed_mac,l2_n16,signed_columns,8,65536,86.826,512,0,0,1
opt_exact_signed_mac,l2_n16,fused_exact,9,65536,62.424,512,0,0,1
opt_exact_signed_mac,l2_n16,wide_then_add,9,65536,76.772,512,0,0,1
opt_exact_signed_mac,l2_n16,signed_columns,9,65536,81.624,512,0,0,1
opt_exact_signed_mac,l2_n16,wide_then_add,10,65536,76.705,512,0,0,1
opt_exact_signed_mac,l2_n16,fused_exact,10,65536,60.183,512,0,0,1
opt_exact_signed_mac,l2_n16,signed_columns,10,65536,81.345,512,0,0,1
opt_exact_signed_mac,l2_n16,fused_exact,11,65536,60.143,512,0,0,1
opt_exact_signed_mac,l2_n16,wide_then_add,11,65536,76.515,512,0,0,1
opt_exact_signed_mac,l2_n16,signed_columns,11,65536,81.300,512,0,0,1
opt_exact_signed_mac,l2_n16,fused_exact,12,65536,60.244,512,0,0,1
opt_exact_signed_mac,l2_n16,wide_then_add,12,65536,76.857,512,0,0,1
opt_exact_signed_mac,l2_n16,signed_columns,12,65536,82.115,512,0,0,1
opt_exact_signed_mac,l2_n16,fused_exact,13,65536,63.468,512,0,0,1
opt_exact_signed_mac,l2_n16,wide_then_add,13,65536,76.421,512,0,0,1
opt_exact_signed_mac,l2_n16,signed_columns,13,65536,85.222,512,0,0,1
opt_exact_signed_mac,l2_n16,wide_then_add,14,65536,78.694,512,0,0,1
opt_exact_signed_mac,l2_n16,fused_exact,14,65536,62.952,512,0,0,1
opt_exact_signed_mac,l2_n16,signed_columns,14,65536,87.111,512,0,0,1
opt_exact_signed_mac,l2_n16,signed_columns,15,65536,88.309,512,0,0,1
opt_exact_signed_mac,l2_n16,fused_exact,15,65536,63.587,512,0,0,1
opt_exact_signed_mac,l2_n16,wide_then_add,15,65536,80.959,512,0,0,1
opt_exact_signed_mac,l2_n16,wide_then_add,16,65536,81.554,512,0,0,1
opt_exact_signed_mac,l2_n16,fused_exact,16,65536,64.212,512,0,0,1
opt_exact_signed_mac,l2_n16,signed_columns,16,65536,86.135,512,0,0,1
opt_exact_signed_mac,l2_n16,fused_exact,17,65536,63.900,512,0,0,1
opt_exact_signed_mac,l2_n16,wide_then_add,17,65536,81.753,512,0,0,1
opt_exact_signed_mac,l2_n16,signed_columns,17,65536,86.525,512,0,0,1
opt_exact_signed_mac,l2_n16,signed_columns,18,65536,86.274,512,0,0,1
opt_exact_signed_mac,l2_n16,wide_then_add,18,65536,79.917,512,0,0,1
opt_exact_signed_mac,l2_n16,fused_exact,18,65536,60.171,512,0,0,1
opt_exact_signed_mac,l2_n16,wide_then_add,19,65536,77.103,512,0,0,1
opt_exact_signed_mac,l2_n16,signed_columns,19,65536,84.159,512,0,0,1
opt_exact_signed_mac,l2_n16,fused_exact,19,65536,63.255,512,0,0,1
opt_exact_signed_mac,l2_n16,fused_exact,20,65536,61.712,512,0,0,1
opt_exact_signed_mac,l2_n16,wide_then_add,20,65536,80.814,512,0,0,1
opt_exact_signed_mac,l2_n16,signed_columns,20,65536,82.915,512,0,0,1
opt_exact_signed_mac,l2_n16,signed_columns,21,65536,87.838,512,0,0,1
opt_exact_signed_mac,l2_n16,fused_exact,21,65536,65.701,512,0,0,1
opt_exact_signed_mac,l2_n16,wide_then_add,21,65536,81.542,512,0,0,1
opt_exact_signed_mac,l2_n16,wide_then_add,22,65536,79.357,512,0,0,1
opt_exact_signed_mac,l2_n16,fused_exact,22,65536,63.972,512,0,0,1
opt_exact_signed_mac,l2_n16,signed_columns,22,65536,89.361,512,0,0,1
opt_exact_signed_mac,l2_n16,signed_columns,23,65536,88.450,512,0,0,1
opt_exact_signed_mac,l2_n16,wide_then_add,23,65536,83.405,512,0,0,1
opt_exact_signed_mac,l2_n16,fused_exact,23,65536,65.584,512,0,0,1
opt_exact_signed_mac,l2_n16,wide_then_add,24,65536,82.886,512,0,0,1
opt_exact_signed_mac,l2_n16,fused_exact,24,65536,66.282,512,0,0,1
opt_exact_signed_mac,l2_n16,signed_columns,24,65536,84.550,512,0,0,1
opt_exact_signed_mac,l2_n16,fused_exact,25,65536,61.945,512,0,0,1
opt_exact_signed_mac,l2_n16,wide_then_add,25,65536,76.868,512,0,0,1
opt_exact_signed_mac,l2_n16,signed_columns,25,65536,81.621,512,0,0,1
opt_exact_signed_mac,l2_n16,fused_exact,26,65536,60.408,512,0,0,1
opt_exact_signed_mac,l2_n16,signed_columns,26,65536,82.596,512,0,0,1
opt_exact_signed_mac,l2_n16,wide_then_add,26,65536,81.860,512,0,0,1
opt_exact_signed_mac,l2_n16,signed_columns,27,65536,86.541,512,0,0,1
opt_exact_signed_mac,l2_n16,fused_exact,27,65536,63.683,512,0,0,1
opt_exact_signed_mac,l2_n16,wide_then_add,27,65536,82.655,512,0,0,1
opt_exact_signed_mac,l2_n16,wide_then_add,28,65536,81.106,512,0,0,1
opt_exact_signed_mac,l2_n16,fused_exact,28,65536,63.629,512,0,0,1
opt_exact_signed_mac,l2_n16,signed_columns,28,65536,86.169,512,0,0,1
opt_exact_signed_mac,l2_n16,fused_exact,29,65536,65.830,512,0,0,1
opt_exact_signed_mac,l2_n16,signed_columns,29,65536,91.137,512,0,0,1
opt_exact_signed_mac,l2_n16,wide_then_add,29,65536,79.592,512,0,0,1
opt_exact_signed_mac,l2_n16,fused_exact,30,65536,62.202,512,0,0,1
opt_exact_signed_mac,l2_n16,signed_columns,30,65536,86.751,512,0,0,1
opt_exact_signed_mac,l2_n16,wide_then_add,30,65536,77.645,512,0,0,1
opt_exact_signed_mac,l2_n16,fused_exact,31,65536,60.366,512,0,0,1
opt_exact_signed_mac,l2_n16,signed_columns,31,65536,81.309,512,0,0,1
opt_exact_signed_mac,l2_n16,wide_then_add,31,65536,80.026,512,0,0,1
opt_exact_signed_mac,l2_n1024,wide_then_add,0,1024,4818.766,32768,0,0,1
opt_exact_signed_mac,l2_n1024,fused_exact,0,1024,3804.810,32768,0,0,1
opt_exact_signed_mac,l2_n1024,signed_columns,0,1024,5113.199,32768,0,0,1
opt_exact_signed_mac,l2_n1024,signed_columns,1,1024,5239.827,32768,0,0,1
opt_exact_signed_mac,l2_n1024,fused_exact,1,1024,3978.434,32768,0,0,1
opt_exact_signed_mac,l2_n1024,wide_then_add,1,1024,5170.695,32768,0,0,1
opt_exact_signed_mac,l2_n1024,wide_then_add,2,1024,5172.037,32768,0,0,1
opt_exact_signed_mac,l2_n1024,fused_exact,2,1024,4028.076,32768,0,0,1
opt_exact_signed_mac,l2_n1024,signed_columns,2,1024,5418.335,32768,0,0,1
opt_exact_signed_mac,l2_n1024,signed_columns,3,1024,5531.575,32768,0,0,1
opt_exact_signed_mac,l2_n1024,fused_exact,3,1024,4045.288,32768,0,0,1
opt_exact_signed_mac,l2_n1024,wide_then_add,3,1024,5086.954,32768,0,0,1
opt_exact_signed_mac,l2_n1024,signed_columns,4,1024,5425.415,32768,0,0,1
opt_exact_signed_mac,l2_n1024,fused_exact,4,1024,4072.307,32768,0,0,1
opt_exact_signed_mac,l2_n1024,wide_then_add,4,1024,5199.911,32768,0,0,1
opt_exact_signed_mac,l2_n1024,fused_exact,5,1024,4054.280,32768,0,0,1
opt_exact_signed_mac,l2_n1024,signed_columns,5,1024,5322.266,32768,0,0,1
opt_exact_signed_mac,l2_n1024,wide_then_add,5,1024,5106.405,32768,0,0,1
opt_exact_signed_mac,l2_n1024,fused_exact,6,1024,4107.218,32768,0,0,1
opt_exact_signed_mac,l2_n1024,wide_then_add,6,1024,5145.548,32768,0,0,1
opt_exact_signed_mac,l2_n1024,signed_columns,6,1024,5404.419,32768,0,0,1
opt_exact_signed_mac,l2_n1024,wide_then_add,7,1024,5074.463,32768,0,0,1
opt_exact_signed_mac,l2_n1024,fused_exact,7,1024,3939.697,32768,0,0,1
opt_exact_signed_mac,l2_n1024,signed_columns,7,1024,5505.249,32768,0,0,1
opt_exact_signed_mac,l2_n1024,signed_columns,8,1024,5582.886,32768,0,0,1
opt_exact_signed_mac,l2_n1024,wide_then_add,8,1024,5146.851,32768,0,0,1
opt_exact_signed_mac,l2_n1024,fused_exact,8,1024,4067.098,32768,0,0,1
opt_exact_signed_mac,l2_n1024,wide_then_add,9,1024,4986.247,32768,0,0,1
opt_exact_signed_mac,l2_n1024,fused_exact,9,1024,3790.405,32768,0,0,1
opt_exact_signed_mac,l2_n1024,signed_columns,9,1024,5151.978,32768,0,0,1
opt_exact_signed_mac,l2_n1024,wide_then_add,10,1024,4807.129,32768,0,0,1
opt_exact_signed_mac,l2_n1024,fused_exact,10,1024,3764.812,32768,0,0,1
opt_exact_signed_mac,l2_n1024,signed_columns,10,1024,5105.957,32768,0,0,1
opt_exact_signed_mac,l2_n1024,signed_columns,11,1024,5421.061,32768,0,0,1
opt_exact_signed_mac,l2_n1024,fused_exact,11,1024,4109.050,32768,0,0,1
opt_exact_signed_mac,l2_n1024,wide_then_add,11,1024,5434.978,32768,0,0,1
opt_exact_signed_mac,l2_n1024,fused_exact,12,1024,4215.495,32768,0,0,1
opt_exact_signed_mac,l2_n1024,signed_columns,12,1024,5646.810,32768,0,0,1
opt_exact_signed_mac,l2_n1024,wide_then_add,12,1024,5277.141,32768,0,0,1
opt_exact_signed_mac,l2_n1024,fused_exact,13,1024,4147.623,32768,0,0,1
opt_exact_signed_mac,l2_n1024,wide_then_add,13,1024,5211.752,32768,0,0,1
opt_exact_signed_mac,l2_n1024,signed_columns,13,1024,5395.630,32768,0,0,1
opt_exact_signed_mac,l2_n1024,signed_columns,14,1024,5620.280,32768,0,0,1
opt_exact_signed_mac,l2_n1024,fused_exact,14,1024,4168.864,32768,0,0,1
opt_exact_signed_mac,l2_n1024,wide_then_add,14,1024,5200.887,32768,0,0,1
opt_exact_signed_mac,l2_n1024,fused_exact,15,1024,3922.648,32768,0,0,1
opt_exact_signed_mac,l2_n1024,wide_then_add,15,1024,4877.441,32768,0,0,1
opt_exact_signed_mac,l2_n1024,signed_columns,15,1024,5106.242,32768,0,0,1
opt_exact_signed_mac,l2_n1024,fused_exact,16,1024,3777.506,32768,0,0,1
opt_exact_signed_mac,l2_n1024,signed_columns,16,1024,5097.330,32768,0,0,1
opt_exact_signed_mac,l2_n1024,wide_then_add,16,1024,4781.047,32768,0,0,1
opt_exact_signed_mac,l2_n1024,wide_then_add,17,1024,4779.378,32768,0,0,1
opt_exact_signed_mac,l2_n1024,fused_exact,17,1024,3784.587,32768,0,0,1
opt_exact_signed_mac,l2_n1024,signed_columns,17,1024,5112.590,32768,0,0,1
opt_exact_signed_mac,l2_n1024,signed_columns,18,1024,5103.963,32768,0,0,1
opt_exact_signed_mac,l2_n1024,fused_exact,18,1024,3755.655,32768,0,0,1
opt_exact_signed_mac,l2_n1024,wide_then_add,18,1024,4785.400,32768,0,0,1
opt_exact_signed_mac,l2_n1024,wide_then_add,19,1024,4796.713,32768,0,0,1
opt_exact_signed_mac,l2_n1024,fused_exact,19,1024,3767.903,32768,0,0,1
opt_exact_signed_mac,l2_n1024,signed_columns,19,1024,5095.988,32768,0,0,1
opt_exact_signed_mac,l2_n1024,signed_columns,20,1024,5095.825,32768,0,0,1
opt_exact_signed_mac,l2_n1024,wide_then_add,20,1024,4788.330,32768,0,0,1
opt_exact_signed_mac,l2_n1024,fused_exact,20,1024,3772.257,32768,0,0,1
opt_exact_signed_mac,l2_n1024,wide_then_add,21,1024,4803.508,32768,0,0,1
opt_exact_signed_mac,l2_n1024,signed_columns,21,1024,5112.102,32768,0,0,1
opt_exact_signed_mac,l2_n1024,fused_exact,21,1024,3753.743,32768,0,0,1
opt_exact_signed_mac,l2_n1024,fused_exact,22,1024,3751.831,32768,0,0,1
opt_exact_signed_mac,l2_n1024,wide_then_add,22,1024,4833.903,32768,0,0,1
opt_exact_signed_mac,l2_n1024,signed_columns,22,1024,5440.633,32768,0,0,1
opt_exact_signed_mac,l2_n1024,signed_columns,23,1024,5350.424,32768,0,0,1
opt_exact_signed_mac,l2_n1024,wide_then_add,23,1024,4870.728,32768,0,0,1
opt_exact_signed_mac,l2_n1024,fused_exact,23,1024,4194.295,32768,0,0,1
opt_exact_signed_mac,l2_n1024,fused_exact,24,1024,4063.354,32768,0,0,1
opt_exact_signed_mac,l2_n1024,signed_columns,24,1024,5460.815,32768,0,0,1
opt_exact_signed_mac,l2_n1024,wide_then_add,24,1024,5261.108,32768,0,0,1
opt_exact_signed_mac,l2_n1024,signed_columns,25,1024,5618.612,32768,0,0,1
opt_exact_signed_mac,l2_n1024,wide_then_add,25,1024,5259.236,32768,0,0,1
opt_exact_signed_mac,l2_n1024,fused_exact,25,1024,3977.824,32768,0,0,1
opt_exact_signed_mac,l2_n1024,wide_then_add,26,1024,5086.507,32768,0,0,1
opt_exact_signed_mac,l2_n1024,fused_exact,26,1024,3987.834,32768,0,0,1
opt_exact_signed_mac,l2_n1024,signed_columns,26,1024,5419.881,32768,0,0,1
opt_exact_signed_mac,l2_n1024,wide_then_add,27,1024,5108.276,32768,0,0,1
opt_exact_signed_mac,l2_n1024,signed_columns,27,1024,5403.727,32768,0,0,1
opt_exact_signed_mac,l2_n1024,fused_exact,27,1024,3774.170,32768,0,0,1
opt_exact_signed_mac,l2_n1024,fused_exact,28,1024,3767.659,32768,0,0,1
opt_exact_signed_mac,l2_n1024,wide_then_add,28,1024,4792.236,32768,0,0,1
opt_exact_signed_mac,l2_n1024,signed_columns,28,1024,5106.079,32768,0,0,1
opt_exact_signed_mac,l2_n1024,fused_exact,29,1024,3945.068,32768,0,0,1
opt_exact_signed_mac,l2_n1024,signed_columns,29,1024,5208.984,32768,0,0,1
opt_exact_signed_mac,l2_n1024,wide_then_add,29,1024,4822.754,32768,0,0,1
opt_exact_signed_mac,l2_n1024,wide_then_add,30,1024,5021.973,32768,0,0,1
opt_exact_signed_mac,l2_n1024,fused_exact,30,1024,3832.601,32768,0,0,1
opt_exact_signed_mac,l2_n1024,signed_columns,30,1024,5279.622,32768,0,0,1
opt_exact_signed_mac,l2_n1024,fused_exact,31,1024,4052.246,32768,0,0,1
opt_exact_signed_mac,l2_n1024,signed_columns,31,1024,5517.497,32768,0,0,1
opt_exact_signed_mac,l2_n1024,wide_then_add,31,1024,5382.446,32768,0,0,1
opt_exact_signed_mac,l4_n16,fused_exact,0,16384,231.061,1024,0,0,1
opt_exact_signed_mac,l4_n16,wide_then_add,0,16384,237.396,1024,0,0,1
opt_exact_signed_mac,l4_n16,signed_columns,0,16384,169.029,1024,0,0,1
opt_exact_signed_mac,l4_n16,signed_columns,1,16384,169.960,1024,0,0,1
opt_exact_signed_mac,l4_n16,wide_then_add,1,16384,239.166,1024,0,0,1
opt_exact_signed_mac,l4_n16,fused_exact,1,16384,230.461,1024,0,0,1
opt_exact_signed_mac,l4_n16,wide_then_add,2,16384,239.614,1024,0,0,1
opt_exact_signed_mac,l4_n16,fused_exact,2,16384,230.331,1024,0,0,1
opt_exact_signed_mac,l4_n16,signed_columns,2,16384,171.349,1024,0,0,1
opt_exact_signed_mac,l4_n16,wide_then_add,3,16384,239.553,1024,0,0,1
opt_exact_signed_mac,l4_n16,signed_columns,3,16384,166.720,1024,0,0,1
opt_exact_signed_mac,l4_n16,fused_exact,3,16384,216.064,1024,0,0,1
opt_exact_signed_mac,l4_n16,fused_exact,4,16384,216.573,1024,0,0,1
opt_exact_signed_mac,l4_n16,signed_columns,4,16384,160.741,1024,0,0,1
opt_exact_signed_mac,l4_n16,wide_then_add,4,16384,224.116,1024,0,0,1
opt_exact_signed_mac,l4_n16,signed_columns,5,16384,160.405,1024,0,0,1
opt_exact_signed_mac,l4_n16,wide_then_add,5,16384,223.824,1024,0,0,1
opt_exact_signed_mac,l4_n16,fused_exact,5,16384,215.286,1024,0,0,1
opt_exact_signed_mac,l4_n16,fused_exact,6,16384,215.332,1024,0,0,1
opt_exact_signed_mac,l4_n16,signed_columns,6,16384,160.314,1024,0,0,1
opt_exact_signed_mac,l4_n16,wide_then_add,6,16384,224.546,1024,0,0,1
opt_exact_signed_mac,l4_n16,signed_columns,7,16384,160.629,1024,0,0,1
opt_exact_signed_mac,l4_n16,fused_exact,7,16384,215.497,1024,0,0,1
opt_exact_signed_mac,l4_n16,wide_then_add,7,16384,224.716,1024,0,0,1
opt_exact_signed_mac,l4_n16,signed_columns,8,16384,160.418,1024,0,0,1
opt_exact_signed_mac,l4_n16,wide_then_add,8,16384,224.312,1024,0,0,1
opt_exact_signed_mac,l4_n16,fused_exact,8,16384,215.508,1024,0,0,1
opt_exact_signed_mac,l4_n16,signed_columns,9,16384,165.189,1024,0,0,1
opt_exact_signed_mac,l4_n16,fused_exact,9,16384,225.764,1024,0,0,1
opt_exact_signed_mac,l4_n16,wide_then_add,9,16384,231.794,1024,0,0,1
opt_exact_signed_mac,l4_n16,wide_then_add,10,16384,230.220,1024,0,0,1
opt_exact_signed_mac,l4_n16,signed_columns,10,16384,169.584,1024,0,0,1
opt_exact_signed_mac,l4_n16,fused_exact,10,16384,233.320,1024,0,0,1
opt_exact_signed_mac,l4_n16,signed_columns,11,16384,171.511,1024,0,0,1
opt_exact_signed_mac,l4_n16,wide_then_add,11,16384,245.023,1024,0,0,1
opt_exact_signed_mac,l4_n16,fused_exact,11,16384,236.209,1024,0,0,1
opt_exact_signed_mac,l4_n16,signed_columns,12,16384,173.904,1024,0,0,1
opt_exact_signed_mac,l4_n16,wide_then_add,12,16384,244.870,1024,0,0,1
opt_exact_signed_mac,l4_n16,fused_exact,12,16384,231.794,1024,0,0,1
opt_exact_signed_mac,l4_n16,fused_exact,13,16384,232.892,1024,0,0,1
opt_exact_signed_mac,l4_n16,wide_then_add,13,16384,243.225,1024,0,0,1
opt_exact_signed_mac,l4_n16,signed_columns,13,16384,171.461,1024,0,0,1
opt_exact_signed_mac,l4_n16,wide_then_add,14,16384,237.645,1024,0,0,1
opt_exact_signed_mac,l4_n16,signed_columns,14,16384,170.392,1024,0,0,1
opt_exact_signed_mac,l4_n16,fused_exact,14,16384,231.394,1024,0,0,1
opt_exact_signed_mac,l4_n16,signed_columns,15,16384,171.567,1024,0,0,1
opt_exact_signed_mac,l4_n16,wide_then_add,15,16384,234.968,1024,0,0,1
opt_exact_signed_mac,l4_n16,fused_exact,15,16384,223.139,1024,0,0,1
opt_exact_signed_mac,l4_n16,fused_exact,16,16384,224.538,1024,0,0,1
opt_exact_signed_mac,l4_n16,wide_then_add,16,16384,224.129,1024,0,0,1
opt_exact_signed_mac,l4_n16,signed_columns,16,16384,160.838,1024,0,0,1
opt_exact_signed_mac,l4_n16,wide_then_add,17,16384,224.559,1024,0,0,1
opt_exact_signed_mac,l4_n16,signed_columns,17,16384,160.281,1024,0,0,1
opt_exact_signed_mac,l4_n16,fused_exact,17,16384,215.215,1024,0,0,1
opt_exact_signed_mac,l4_n16,fused_exact,18,16384,217.720,1024,0,0,1
opt_exact_signed_mac,l4_n16,signed_columns,18,16384,168.482,1024,0,0,1
opt_exact_signed_mac,l4_n16,wide_then_add,18,16384,231.443,1024,0,0,1
opt_exact_signed_mac,l4_n16,fused_exact,19,16384,224.210,1024,0,0,1
opt_exact_signed_mac,l4_n16,wide_then_add,19,16384,228.099,1024,0,0,1
opt_exact_signed_mac,l4_n16,signed_columns,19,16384,171.196,1024,0,0,1
opt_exact_signed_mac,l4_n16,wide_then_add,20,16384,242.689,1024,0,0,1
opt_exact_signed_mac,l4_n16,signed_columns,20,16384,181.310,1024,0,0,1
opt_exact_signed_mac,l4_n16,fused_exact,20,16384,235.761,1024,0,0,1
opt_exact_signed_mac,l4_n16,wide_then_add,21,16384,246.157,1024,0,0,1
opt_exact_signed_mac,l4_n16,fused_exact,21,16384,231.425,1024,0,0,1
opt_exact_signed_mac,l4_n16,signed_columns,21,16384,176.799,1024,0,0,1
opt_exact_signed_mac,l4_n16,fused_exact,22,16384,245.794,1024,0,0,1
opt_exact_signed_mac,l4_n16,signed_columns,22,16384,173.604,1024,0,0,1
opt_exact_signed_mac,l4_n16,wide_then_add,22,16384,243.563,1024,0,0,1
opt_exact_signed_mac,l4_n16,fused_exact,23,16384,238.256,1024,0,0,1
opt_exact_signed_mac,l4_n16,signed_columns,23,16384,174.301,1024,0,0,1
opt_exact_signed_mac,l4_n16,wide_then_add,23,16384,245.600,1024,0,0,1
opt_exact_signed_mac,l4_n16,fused_exact,24,16384,235.942,1024,0,0,1
opt_exact_signed_mac,l4_n16,signed_columns,24,16384,170.967,1024,0,0,1
opt_exact_signed_mac,l4_n16,wide_then_add,24,16384,237.803,1024,0,0,1
opt_exact_signed_mac,l4_n16,wide_then_add,25,16384,239.955,1024,0,0,1
opt_exact_signed_mac,l4_n16,fused_exact,25,16384,222.094,1024,0,0,1
opt_exact_signed_mac,l4_n16,signed_columns,25,16384,160.683,1024,0,0,1
opt_exact_signed_mac,l4_n16,fused_exact,26,16384,217.692,1024,0,0,1
opt_exact_signed_mac,l4_n16,signed_columns,26,16384,167.035,1024,0,0,1
opt_exact_signed_mac,l4_n16,wide_then_add,26,16384,226.303,1024,0,0,1
opt_exact_signed_mac,l4_n16,signed_columns,27,16384,161.369,1024,0,0,1
opt_exact_signed_mac,l4_n16,wide_then_add,27,16384,225.456,1024,0,0,1
opt_exact_signed_mac,l4_n16,fused_exact,27,16384,230.390,1024,0,0,1
opt_exact_signed_mac,l4_n16,signed_columns,28,16384,175.664,1024,0,0,1
opt_exact_signed_mac,l4_n16,wide_then_add,28,16384,234.062,1024,0,0,1
opt_exact_signed_mac,l4_n16,fused_exact,28,16384,227.442,1024,0,0,1
opt_exact_signed_mac,l4_n16,wide_then_add,29,16384,234.118,1024,0,0,1
opt_exact_signed_mac,l4_n16,fused_exact,29,16384,225.016,1024,0,0,1
opt_exact_signed_mac,l4_n16,signed_columns,29,16384,167.539,1024,0,0,1
opt_exact_signed_mac,l4_n16,fused_exact,30,16384,229.922,1024,0,0,1
opt_exact_signed_mac,l4_n16,wide_then_add,30,16384,244.787,1024,0,0,1
opt_exact_signed_mac,l4_n16,signed_columns,30,16384,175.911,1024,0,0,1
opt_exact_signed_mac,l4_n16,signed_columns,31,16384,174.411,1024,0,0,1
opt_exact_signed_mac,l4_n16,fused_exact,31,16384,230.375,1024,0,0,1
opt_exact_signed_mac,l4_n16,wide_then_add,31,16384,240.626,1024,0,0,1
opt_exact_signed_mac,l4_n1024,signed_columns,0,256,10654.137,65536,0,0,1
opt_exact_signed_mac,l4_n1024,fused_exact,0,256,13887.047,65536,0,0,1
opt_exact_signed_mac,l4_n1024,wide_then_add,0,256,14393.066,65536,0,0,1
opt_exact_signed_mac,l4_n1024,fused_exact,1,256,13807.777,65536,0,0,1
opt_exact_signed_mac,l4_n1024,wide_then_add,1,256,14254.230,65536,0,0,1
opt_exact_signed_mac,l4_n1024,signed_columns,1,256,10189.617,65536,0,0,1
opt_exact_signed_mac,l4_n1024,signed_columns,2,256,10125.648,65536,0,0,1
opt_exact_signed_mac,l4_n1024,wide_then_add,2,256,14221.516,65536,0,0,1
opt_exact_signed_mac,l4_n1024,fused_exact,2,256,13975.586,65536,0,0,1
opt_exact_signed_mac,l4_n1024,fused_exact,3,256,14593.098,65536,0,0,1
opt_exact_signed_mac,l4_n1024,signed_columns,3,256,10585.609,65536,0,0,1
opt_exact_signed_mac,l4_n1024,wide_then_add,3,256,15451.336,65536,0,0,1
opt_exact_signed_mac,l4_n1024,wide_then_add,4,256,14708.172,65536,0,0,1
opt_exact_signed_mac,l4_n1024,fused_exact,4,256,14123.047,65536,0,0,1
opt_exact_signed_mac,l4_n1024,signed_columns,4,256,10562.336,65536,0,0,1
opt_exact_signed_mac,l4_n1024,wide_then_add,5,256,14856.121,65536,0,0,1
opt_exact_signed_mac,l4_n1024,fused_exact,5,256,14084.309,65536,0,0,1
opt_exact_signed_mac,l4_n1024,signed_columns,5,256,11000.488,65536,0,0,1
opt_exact_signed_mac,l4_n1024,wide_then_add,6,256,15528.320,65536,0,0,1
opt_exact_signed_mac,l4_n1024,fused_exact,6,256,14865.070,65536,0,0,1
opt_exact_signed_mac,l4_n1024,signed_columns,6,256,10941.566,65536,0,0,1
opt_exact_signed_mac,l4_n1024,wide_then_add,7,256,15070.152,65536,0,0,1
opt_exact_signed_mac,l4_n1024,fused_exact,7,256,14547.363,65536,0,0,1
opt_exact_signed_mac,l4_n1024,signed_columns,7,256,10653.973,65536,0,0,1
opt_exact_signed_mac,l4_n1024,signed_columns,8,256,10882.973,65536,0,0,1
opt_exact_signed_mac,l4_n1024,fused_exact,8,256,14744.465,65536,0,0,1
opt_exact_signed_mac,l4_n1024,wide_then_add,8,256,14316.566,65536,0,0,1
opt_exact_signed_mac,l4_n1024,wide_then_add,9,256,14201.824,65536,0,0,1
opt_exact_signed_mac,l4_n1024,signed_columns,9,256,10040.039,65536,0,0,1
opt_exact_signed_mac,l4_n1024,fused_exact,9,256,13764.160,65536,0,0,1
opt_exact_signed_mac,l4_n1024,fused_exact,10,256,13722.980,65536,0,0,1
opt_exact_signed_mac,l4_n1024,wide_then_add,10,256,14373.047,65536,0,0,1
opt_exact_signed_mac,l4_n1024,signed_columns,10,256,11145.668,65536,0,0,1
opt_exact_signed_mac,l4_n1024,wide_then_add,11,256,15714.031,65536,0,0,1
opt_exact_signed_mac,l4_n1024,signed_columns,11,256,10616.051,65536,0,0,1
opt_exact_signed_mac,l4_n1024,fused_exact,11,256,14616.699,65536,0,0,1
opt_exact_signed_mac,l4_n1024,fused_exact,12,256,14602.539,65536,0,0,1
opt_exact_signed_mac,l4_n1024,signed_columns,12,256,10648.438,65536,0,0,1
opt_exact_signed_mac,l4_n1024,wide_then_add,12,256,15125.324,65536,0,0,1
opt_exact_signed_mac,l4_n1024,fused_exact,13,256,14664.551,65536,0,0,1
opt_exact_signed_mac,l4_n1024,wide_then_add,13,256,15502.766,65536,0,0,1
opt_exact_signed_mac,l4_n1024,signed_columns,13,256,10602.379,65536,0,0,1
opt_exact_signed_mac,l4_n1024,wide_then_add,14,256,15029.625,65536,0,0,1
opt_exact_signed_mac,l4_n1024,signed_columns,14,256,10761.719,65536,0,0,1
opt_exact_signed_mac,l4_n1024,fused_exact,14,256,14515.137,65536,0,0,1
opt_exact_signed_mac,l4_n1024,signed_columns,15,256,10744.953,65536,0,0,1
opt_exact_signed_mac,l4_n1024,fused_exact,15,256,14557.129,65536,0,0,1
opt_exact_signed_mac,l4_n1024,wide_then_add,15,256,15675.617,65536,0,0,1
opt_exact_signed_mac,l4_n1024,signed_columns,16,256,11426.270,65536,0,0,1
opt_exact_signed_mac,l4_n1024,fused_exact,16,256,14809.082,65536,0,0,1
opt_exact_signed_mac,l4_n1024,wide_then_add,16,256,15025.555,65536,0,0,1
opt_exact_signed_mac,l4_n1024,signed_columns,17,256,10395.184,65536,0,0,1
opt_exact_signed_mac,l4_n1024,fused_exact,17,256,14243.164,65536,0,0,1
opt_exact_signed_mac,l4_n1024,wide_then_add,17,256,14677.410,65536,0,0,1
opt_exact_signed_mac,l4_n1024,fused_exact,18,256,14266.926,65536,0,0,1
opt_exact_signed_mac,l4_n1024,signed_columns,18,256,10362.305,65536,0,0,1
opt_exact_signed_mac,l4_n1024,wide_then_add,18,256,14601.238,65536,0,0,1
opt_exact_signed_mac,l4_n1024,fused_exact,19,256,14125.160,65536,0,0,1
opt_exact_signed_mac,l4_n1024,signed_columns,19,256,10626.465,65536,0,0,1
opt_exact_signed_mac,l4_n1024,wide_then_add,19,256,15377.766,65536,0,0,1
opt_exact_signed_mac,l4_n1024,wide_then_add,20,256,14760.090,65536,0,0,1
opt_exact_signed_mac,l4_n1024,fused_exact,20,256,13906.086,65536,0,0,1
opt_exact_signed_mac,l4_n1024,signed_columns,20,256,10598.145,65536,0,0,1
opt_exact_signed_mac,l4_n1024,wide_then_add,21,256,14910.805,65536,0,0,1
opt_exact_signed_mac,l4_n1024,signed_columns,21,256,10839.191,65536,0,0,1
opt_exact_signed_mac,l4_n1024,fused_exact,21,256,15796.387,65536,0,0,1
opt_exact_signed_mac,l4_n1024,signed_columns,22,256,12323.891,65536,0,0,1
opt_exact_signed_mac,l4_n1024,fused_exact,22,256,15757.000,65536,0,0,1
opt_exact_signed_mac,l4_n1024,wide_then_add,22,256,15485.352,65536,0,0,1
opt_exact_signed_mac,l4_n1024,fused_exact,23,256,14625.812,65536,0,0,1
opt_exact_signed_mac,l4_n1024,wide_then_add,23,256,15362.305,65536,0,0,1
opt_exact_signed_mac,l4_n1024,signed_columns,23,256,10897.949,65536,0,0,1
opt_exact_signed_mac,l4_n1024,fused_exact,24,256,14423.012,65536,0,0,1
opt_exact_signed_mac,l4_n1024,wide_then_add,24,256,15360.352,65536,0,0,1
opt_exact_signed_mac,l4_n1024,signed_columns,24,256,11276.695,65536,0,0,1
opt_exact_signed_mac,l4_n1024,fused_exact,25,256,14865.070,65536,0,0,1
opt_exact_signed_mac,l4_n1024,wide_then_add,25,256,15098.309,65536,0,0,1
opt_exact_signed_mac,l4_n1024,signed_columns,25,256,10452.148,65536,0,0,1
opt_exact_signed_mac,l4_n1024,signed_columns,26,256,10802.082,65536,0,0,1
opt_exact_signed_mac,l4_n1024,wide_then_add,26,256,14460.613,65536,0,0,1
opt_exact_signed_mac,l4_n1024,fused_exact,26,256,14269.695,65536,0,0,1
opt_exact_signed_mac,l4_n1024,signed_columns,27,256,9992.840,65536,0,0,1
opt_exact_signed_mac,l4_n1024,wide_then_add,27,256,14329.750,65536,0,0,1
opt_exact_signed_mac,l4_n1024,fused_exact,27,256,13710.121,65536,0,0,1
opt_exact_signed_mac,l4_n1024,signed_columns,28,256,10020.996,65536,0,0,1
opt_exact_signed_mac,l4_n1024,wide_then_add,28,256,14240.398,65536,0,0,1
opt_exact_signed_mac,l4_n1024,fused_exact,28,256,13700.355,65536,0,0,1
opt_exact_signed_mac,l4_n1024,fused_exact,29,256,13690.270,65536,0,0,1
opt_exact_signed_mac,l4_n1024,wide_then_add,29,256,14201.660,65536,0,0,1
opt_exact_signed_mac,l4_n1024,signed_columns,29,256,10000.328,65536,0,0,1
opt_exact_signed_mac,l4_n1024,wide_then_add,30,256,14162.926,65536,0,0,1
opt_exact_signed_mac,l4_n1024,signed_columns,30,256,9999.348,65536,0,0,1
opt_exact_signed_mac,l4_n1024,fused_exact,30,256,13725.098,65536,0,0,1
opt_exact_signed_mac,l4_n1024,fused_exact,31,256,13691.895,65536,0,0,1
opt_exact_signed_mac,l4_n1024,signed_columns,31,256,9999.836,65536,0,0,1
opt_exact_signed_mac,l4_n1024,wide_then_add,31,256,14259.605,65536,0,0,1
opt_exact_signed_mac,l9_n16,signed_columns,0,4096,723.857,2304,0,0,1
opt_exact_signed_mac,l9_n16,fused_exact,0,4096,1449.880,2304,0,0,1
opt_exact_signed_mac,l9_n16,wide_then_add,0,4096,1101.939,2304,0,0,1
opt_exact_signed_mac,l9_n16,fused_exact,1,4096,1446.727,2304,0,0,1
opt_exact_signed_mac,l9_n16,signed_columns,1,4096,714.956,2304,0,0,1
opt_exact_signed_mac,l9_n16,wide_then_add,1,4096,1092.092,2304,0,0,1
opt_exact_signed_mac,l9_n16,wide_then_add,2,4096,1096.730,2304,0,0,1
opt_exact_signed_mac,l9_n16,fused_exact,2,4096,1453.451,2304,0,0,1
opt_exact_signed_mac,l9_n16,signed_columns,2,4096,735.901,2304,0,0,1
opt_exact_signed_mac,l9_n16,fused_exact,3,4096,1479.543,2304,0,0,1
opt_exact_signed_mac,l9_n16,signed_columns,3,4096,744.690,2304,0,0,1
opt_exact_signed_mac,l9_n16,wide_then_add,3,4096,1138.601,2304,0,0,1
opt_exact_signed_mac,l9_n16,signed_columns,4,4096,760.173,2304,0,0,1
opt_exact_signed_mac,l9_n16,fused_exact,4,4096,1630.381,2304,0,0,1
opt_exact_signed_mac,l9_n16,wide_then_add,4,4096,1162.191,2304,0,0,1
opt_exact_signed_mac,l9_n16,signed_columns,5,4096,758.311,2304,0,0,1
opt_exact_signed_mac,l9_n16,wide_then_add,5,4096,1104.187,2304,0,0,1
opt_exact_signed_mac,l9_n16,fused_exact,5,4096,1586.334,2304,0,0,1
opt_exact_signed_mac,l9_n16,wide_then_add,6,4096,1185.384,2304,0,0,1
opt_exact_signed_mac,l9_n16,signed_columns,6,4096,761.729,2304,0,0,1
opt_exact_signed_mac,l9_n16,fused_exact,6,4096,1536.804,2304,0,0,1
opt_exact_signed_mac,l9_n16,signed_columns,7,4096,759.054,2304,0,0,1
opt_exact_signed_mac,l9_n16,fused_exact,7,4096,1560.038,2304,0,0,1
opt_exact_signed_mac,l9_n16,wide_then_add,7,4096,1082.021,2304,0,0,1
opt_exact_signed_mac,l9_n16,wide_then_add,8,4096,1081.899,2304,0,0,1
opt_exact_signed_mac,l9_n16,fused_exact,8,4096,1453.990,2304,0,0,1
opt_exact_signed_mac,l9_n16,signed_columns,8,4096,715.993,2304,0,0,1
opt_exact_signed_mac,l9_n16,signed_columns,9,4096,718.953,2304,0,0,1
opt_exact_signed_mac,l9_n16,fused_exact,9,4096,1446.645,2304,0,0,1
opt_exact_signed_mac,l9_n16,wide_then_add,9,4096,1102.732,2304,0,0,1
opt_exact_signed_mac,l9_n16,signed_columns,10,4096,745.056,2304,0,0,1
opt_exact_signed_mac,l9_n16,fused_exact,10,4096,1506.480,2304,0,0,1
opt_exact_signed_mac,l9_n16,wide_then_add,10,4096,1151.245,2304,0,0,1
opt_exact_signed_mac,l9_n16,signed_columns,11,4096,757.670,2304,0,0,1
opt_exact_signed_mac,l9_n16,fused_exact,11,4096,1477.946,2304,0,0,1
opt_exact_signed_mac,l9_n16,wide_then_add,11,4096,1107.432,2304,0,0,1
opt_exact_signed_mac,l9_n16,wide_then_add,12,4096,1131.175,2304,0,0,1
opt_exact_signed_mac,l9_n16,fused_exact,12,4096,1553.284,2304,0,0,1
opt_exact_signed_mac,l9_n16,signed_columns,12,4096,748.657,2304,0,0,1
opt_exact_signed_mac,l9_n16,wide_then_add,13,4096,1192.067,2304,0,0,1
opt_exact_signed_mac,l9_n16,fused_exact,13,4096,1523.895,2304,0,0,1
opt_exact_signed_mac,l9_n16,signed_columns,13,4096,756.134,2304,0,0,1
opt_exact_signed_mac,l9_n16,wide_then_add,14,4096,1140.788,2304,0,0,1
opt_exact_signed_mac,l9_n16,fused_exact,14,4096,1536.245,2304,0,0,1
opt_exact_signed_mac,l9_n16,signed_columns,14,4096,761.393,2304,0,0,1
opt_exact_signed_mac,l9_n16,fused_exact,15,4096,1537.618,2304,0,0,1
opt_exact_signed_mac,l9_n16,wide_then_add,15,4096,1164.419,2304,0,0,1
opt_exact_signed_mac,l9_n16,signed_columns,15,4096,762.360,2304,0,0,1
opt_exact_signed_mac,l9_n16,wide_then_add,16,4096,1152.354,2304,0,0,1
opt_exact_signed_mac,l9_n16,signed_columns,16,4096,722.666,2304,0,0,1
opt_exact_signed_mac,l9_n16,fused_exact,16,4096,1453.735,2304,0,0,1
opt_exact_signed_mac,l9_n16,wide_then_add,17,4096,1096.436,2304,0,0,1
opt_exact_signed_mac,l9_n16,fused_exact,17,4096,1448.476,2304,0,0,1
opt_exact_signed_mac,l9_n16,signed_columns,17,4096,718.953,2304,0,0,1
opt_exact_signed_mac,l9_n16,fused_exact,18,4096,1450.836,2304,0,0,1
opt_exact_signed_mac,l9_n16,wide_then_add,18,4096,1085.348,2304,0,0,1
opt_exact_signed_mac,l9_n16,signed_columns,18,4096,714.732,2304,0,0,1
opt_exact_signed_mac,l9_n16,wide_then_add,19,4096,1093.109,2304,0,0,1
opt_exact_signed_mac,l9_n16,signed_columns,19,4096,717.163,2304,0,0,1
opt_exact_signed_mac,l9_n16,fused_exact,19,4096,1453.125,2304,0,0,1
opt_exact_signed_mac,l9_n16,wide_then_add,20,4096,1093.465,2304,0,0,1
opt_exact_signed_mac,l9_n16,signed_columns,20,4096,727.844,2304,0,0,1
opt_exact_signed_mac,l9_n16,fused_exact,20,4096,1460.948,2304,0,0,1
opt_exact_signed_mac,l9_n16,fused_exact,21,4096,1476.969,2304,0,0,1
opt_exact_signed_mac,l9_n16,wide_then_add,21,4096,1145.660,2304,0,0,1
opt_exact_signed_mac,l9_n16,signed_columns,21,4096,756.439,2304,0,0,1
opt_exact_signed_mac,l9_n16,fused_exact,22,4096,1541.260,2304,0,0,1
opt_exact_signed_mac,l9_n16,signed_columns,22,4096,762.461,2304,0,0,1
opt_exact_signed_mac,l9_n16,wide_then_add,22,4096,1163.666,2304,0,0,1
opt_exact_signed_mac,l9_n16,wide_then_add,23,4096,1158.569,2304,0,0,1
opt_exact_signed_mac,l9_n16,signed_columns,23,4096,757.792,2304,0,0,1
opt_exact_signed_mac,l9_n16,fused_exact,23,4096,1615.092,2304,0,0,1
opt_exact_signed_mac,l9_n16,wide_then_add,24,4096,1155.996,2304,0,0,1
opt_exact_signed_mac,l9_n16,fused_exact,24,4096,1584.625,2304,0,0,1
opt_exact_signed_mac,l9_n16,signed_columns,24,4096,787.944,2304,0,0,1
opt_exact_signed_mac,l9_n16,wide_then_add,25,4096,1176.402,2304,0,0,1
opt_exact_signed_mac,l9_n16,fused_exact,25,4096,1480.326,2304,0,0,1
opt_exact_signed_mac,l9_n16,signed_columns,25,4096,721.181,2304,0,0,1
opt_exact_signed_mac,l9_n16,signed_columns,26,4096,721.069,2304,0,0,1
opt_exact_signed_mac,l9_n16,fused_exact,26,4096,1449.249,2304,0,0,1
opt_exact_signed_mac,l9_n16,wide_then_add,26,4096,1130.686,2304,0,0,1
opt_exact_signed_mac,l9_n16,wide_then_add,27,4096,1171.010,2304,0,0,1
opt_exact_signed_mac,l9_n16,fused_exact,27,4096,1541.138,2304,0,0,1
opt_exact_signed_mac,l9_n16,signed_columns,27,4096,772.837,2304,0,0,1
opt_exact_signed_mac,l9_n16,wide_then_add,28,4096,1227.682,2304,0,0,1
opt_exact_signed_mac,l9_n16,fused_exact,28,4096,1502.380,2304,0,0,1
opt_exact_signed_mac,l9_n16,signed_columns,28,4096,756.439,2304,0,0,1
opt_exact_signed_mac,l9_n16,signed_columns,29,4096,775.034,2304,0,0,1
opt_exact_signed_mac,l9_n16,fused_exact,29,4096,1561.177,2304,0,0,1
opt_exact_signed_mac,l9_n16,wide_then_add,29,4096,1161.062,2304,0,0,1
opt_exact_signed_mac,l9_n16,signed_columns,30,4096,764.455,2304,0,0,1
opt_exact_signed_mac,l9_n16,fused_exact,30,4096,1540.507,2304,0,0,1
opt_exact_signed_mac,l9_n16,wide_then_add,30,4096,1162.344,2304,0,0,1
opt_exact_signed_mac,l9_n16,signed_columns,31,4096,725.871,2304,0,0,1
opt_exact_signed_mac,l9_n16,fused_exact,31,4096,1448.049,2304,0,0,1
opt_exact_signed_mac,l9_n16,wide_then_add,31,4096,1079.865,2304,0,0,1
opt_exact_signed_mac,l9_n1024,fused_exact,0,64,91173.188,147456,0,0,1
opt_exact_signed_mac,l9_n1024,signed_columns,0,64,47229.812,147456,0,0,1
opt_exact_signed_mac,l9_n1024,wide_then_add,0,64,70658.203,147456,0,0,1
opt_exact_signed_mac,l9_n1024,wide_then_add,1,64,73439.453,147456,0,0,1
opt_exact_signed_mac,l9_n1024,fused_exact,1,64,96363.938,147456,0,0,1
opt_exact_signed_mac,l9_n1024,signed_columns,1,64,49744.797,147456,0,0,1
opt_exact_signed_mac,l9_n1024,fused_exact,2,64,98684.250,147456,0,0,1
opt_exact_signed_mac,l9_n1024,signed_columns,2,64,50458.984,147456,0,0,1
opt_exact_signed_mac,l9_n1024,wide_then_add,2,64,73544.922,147456,0,0,1
opt_exact_signed_mac,l9_n1024,signed_columns,3,64,50390.625,147456,0,0,1
opt_exact_signed_mac,l9_n1024,wide_then_add,3,64,73358.719,147456,0,0,1
opt_exact_signed_mac,l9_n1024,fused_exact,3,64,97557.938,147456,0,0,1
opt_exact_signed_mac,l9_n1024,fused_exact,4,64,96610.672,147456,0,0,1
opt_exact_signed_mac,l9_n1024,signed_columns,4,64,49632.812,147456,0,0,1
opt_exact_signed_mac,l9_n1024,wide_then_add,4,64,73702.484,147456,0,0,1
opt_exact_signed_mac,l9_n1024,signed_columns,5,64,51637.359,147456,0,0,1
opt_exact_signed_mac,l9_n1024,fused_exact,5,64,94528.000,147456,0,0,1
opt_exact_signed_mac,l9_n1024,wide_then_add,5,64,70862.625,147456,0,0,1
opt_exact_signed_mac,l9_n1024,fused_exact,6,64,91656.250,147456,0,0,1
opt_exact_signed_mac,l9_n1024,signed_columns,6,64,47389.969,147456,0,0,1
opt_exact_signed_mac,l9_n1024,wide_then_add,6,64,70130.219,147456,0,0,1
opt_exact_signed_mac,l9_n1024,signed_columns,7,64,50768.234,147456,0,0,1
opt_exact_signed_mac,l9_n1024,fused_exact,7,64,98428.391,147456,0,0,1
opt_exact_signed_mac,l9_n1024,wide_then_add,7,64,74224.609,147456,0,0,1
opt_exact_signed_mac,l9_n1024,fused_exact,8,64,96337.250,147456,0,0,1
opt_exact_signed_mac,l9_n1024,signed_columns,8,64,50085.938,147456,0,0,1
opt_exact_signed_mac,l9_n1024,wide_then_add,8,64,75038.406,147456,0,0,1
opt_exact_signed_mac,l9_n1024,signed_columns,9,64,50664.062,147456,0,0,1
opt_exact_signed_mac,l9_n1024,wide_then_add,9,64,75199.219,147456,0,0,1
opt_exact_signed_mac,l9_n1024,fused_exact,9,64,96527.344,147456,0,0,1
opt_exact_signed_mac,l9_n1024,fused_exact,10,64,97055.984,147456,0,0,1
opt_exact_signed_mac,l9_n1024,wide_then_add,10,64,72034.500,147456,0,0,1
opt_exact_signed_mac,l9_n1024,signed_columns,10,64,50153.656,147456,0,0,1
opt_exact_signed_mac,l9_n1024,wide_then_add,11,64,71938.797,147456,0,0,1
opt_exact_signed_mac,l9_n1024,signed_columns,11,64,47139.328,147456,0,0,1
opt_exact_signed_mac,l9_n1024,fused_exact,11,64,94240.891,147456,0,0,1
opt_exact_signed_mac,l9_n1024,wide_then_add,12,64,70829.438,147456,0,0,1
opt_exact_signed_mac,l9_n1024,signed_columns,12,64,47043.609,147456,0,0,1
opt_exact_signed_mac,l9_n1024,fused_exact,12,64,94529.953,147456,0,0,1
opt_exact_signed_mac,l9_n1024,wide_then_add,13,64,75539.062,147456,0,0,1
opt_exact_signed_mac,l9_n1024,fused_exact,13,64,99824.219,147456,0,0,1
opt_exact_signed_mac,l9_n1024,signed_columns,13,64,50480.469,147456,0,0,1
opt_exact_signed_mac,l9_n1024,signed_columns,14,64,50880.859,147456,0,0,1
opt_exact_signed_mac,l9_n1024,wide_then_add,14,64,72932.953,147456,0,0,1
opt_exact_signed_mac,l9_n1024,fused_exact,14,64,93821.609,147456,0,0,1
opt_exact_signed_mac,l9_n1024,signed_columns,15,64,52417.969,147456,0,0,1
opt_exact_signed_mac,l9_n1024,wide_then_add,15,64,75973.953,147456,0,0,1
opt_exact_signed_mac,l9_n1024,fused_exact,15,64,99961.578,147456,0,0,1
opt_exact_signed_mac,l9_n1024,fused_exact,16,64,98654.297,147456,0,0,1
opt_exact_signed_mac,l9_n1024,signed_columns,16,64,53585.938,147456,0,0,1
opt_exact_signed_mac,l9_n1024,wide_then_add,16,64,72423.188,147456,0,0,1
opt_exact_signed_mac,l9_n1024,fused_exact,17,64,93190.766,147456,0,0,1
opt_exact_signed_mac,l9_n1024,wide_then_add,17,64,69126.297,147456,0,0,1
opt_exact_signed_mac,l9_n1024,signed_columns,17,64,47177.078,147456,0,0,1
opt_exact_signed_mac,l9_n1024,signed_columns,18,64,46865.891,147456,0,0,1
opt_exact_signed_mac,l9_n1024,wide_then_add,18,64,69410.156,147456,0,0,1
opt_exact_signed_mac,l9_n1024,fused_exact,18,64,90614.594,147456,0,0,1
opt_exact_signed_mac,l9_n1024,fused_exact,19,64,91093.750,147456,0,0,1
opt_exact_signed_mac,l9_n1024,wide_then_add,19,64,69496.750,147456,0,0,1
opt_exact_signed_mac,l9_n1024,signed_columns,19,64,46832.672,147456,0,0,1
opt_exact_signed_mac,l9_n1024,wide_then_add,20,64,69406.250,147456,0,0,1
opt_exact_signed_mac,l9_n1024,fused_exact,20,64,90514.969,147456,0,0,1
opt_exact_signed_mac,l9_n1024,signed_columns,20,64,46840.500,147456,0,0,1
opt_exact_signed_mac,l9_n1024,signed_columns,21,64,48496.750,147456,0,0,1
opt_exact_signed_mac,l9_n1024,fused_exact,21,64,97794.266,147456,0,0,1
opt_exact_signed_mac,l9_n1024,wide_then_add,21,64,72837.891,147456,0,0,1
opt_exact_signed_mac,l9_n1024,fused_exact,22,64,95743.484,147456,0,0,1
opt_exact_signed_mac,l9_n1024,signed_columns,22,64,50695.312,147456,0,0,1
opt_exact_signed_mac,l9_n1024,wide_then_add,22,64,74872.391,147456,0,0,1
opt_exact_signed_mac,l9_n1024,fused_exact,23,64,100212.891,147456,0,0,1
opt_exact_signed_mac,l9_n1024,signed_columns,23,64,52516.922,147456,0,0,1
opt_exact_signed_mac,l9_n1024,wide_then_add,23,64,75040.375,147456,0,0,1
opt_exact_signed_mac,l9_n1024,signed_columns,24,64,51070.312,147456,0,0,1
opt_exact_signed_mac,l9_n1024,wide_then_add,24,64,72229.172,147456,0,0,1
opt_exact_signed_mac,l9_n1024,fused_exact,24,64,95498.047,147456,0,0,1
opt_exact_signed_mac,l9_n1024,signed_columns,25,64,50019.531,147456,0,0,1
opt_exact_signed_mac,l9_n1024,fused_exact,25,64,95338.531,147456,0,0,1
opt_exact_signed_mac,l9_n1024,wide_then_add,25,64,71340.500,147456,0,0,1
opt_exact_signed_mac,l9_n1024,signed_columns,26,64,46988.922,147456,0,0,1
opt_exact_signed_mac,l9_n1024,fused_exact,26,64,91118.484,147456,0,0,1
opt_exact_signed_mac,l9_n1024,wide_then_add,26,64,69333.328,147456,0,0,1
opt_exact_signed_mac,l9_n1024,signed_columns,27,64,46923.828,147456,0,0,1
opt_exact_signed_mac,l9_n1024,wide_then_add,27,64,68848.312,147456,0,0,1
opt_exact_signed_mac,l9_n1024,fused_exact,27,64,91676.438,147456,0,0,1
opt_exact_signed_mac,l9_n1024,signed_columns,28,64,48050.141,147456,0,0,1
opt_exact_signed_mac,l9_n1024,fused_exact,28,64,91669.922,147456,0,0,1
opt_exact_signed_mac,l9_n1024,wide_then_add,28,64,71041.672,147456,0,0,1
opt_exact_signed_mac,l9_n1024,fused_exact,29,64,91511.719,147456,0,0,1
opt_exact_signed_mac,l9_n1024,wide_then_add,29,64,69150.391,147456,0,0,1
opt_exact_signed_mac,l9_n1024,signed_columns,29,64,47841.797,147456,0,0,1
opt_exact_signed_mac,l9_n1024,fused_exact,30,64,91683.594,147456,0,0,1
opt_exact_signed_mac,l9_n1024,wide_then_add,30,64,69253.906,147456,0,0,1
opt_exact_signed_mac,l9_n1024,signed_columns,30,64,47852.875,147456,0,0,1
opt_exact_signed_mac,l9_n1024,fused_exact,31,64,91943.359,147456,0,0,1
opt_exact_signed_mac,l9_n1024,signed_columns,31,64,47811.844,147456,0,0,1
opt_exact_signed_mac,l9_n1024,wide_then_add,31,64,71044.266,147456,0,0,1
opt_batch_inverse,q100_nonzero_n1024,compact_vartime,0,128,27685.875,0,2,98304,1
opt_batch_inverse,q100_nonzero_n1024,production_one_inverse,0,128,28854.492,0,2,163840,1
opt_batch_inverse,q100_nonzero_n1024,public_nonzero,0,128,27880.211,0,2,98288,1
opt_batch_inverse,q100_nonzero_n1024,compact_ct,0,128,28059.242,0,2,98304,1
opt_batch_inverse,q100_nonzero_n1024,public_nonzero,1,128,27612.953,0,2,98288,1
opt_batch_inverse,q100_nonzero_n1024,production_one_inverse,1,128,28402.664,0,2,163840,1
opt_batch_inverse,q100_nonzero_n1024,compact_ct,1,128,27973.305,0,2,98304,1
opt_batch_inverse,q100_nonzero_n1024,compact_vartime,1,128,27612.633,0,2,98304,1
opt_batch_inverse,q100_nonzero_n1024,production_one_inverse,2,128,31029.617,0,2,163840,1
opt_batch_inverse,q100_nonzero_n1024,public_nonzero,2,128,28704.430,0,2,98288,1
opt_batch_inverse,q100_nonzero_n1024,compact_ct,2,128,27847.984,0,2,98304,1
opt_batch_inverse,q100_nonzero_n1024,compact_vartime,2,128,28843.750,0,2,98304,1
opt_batch_inverse,q100_nonzero_n1024,production_one_inverse,3,128,28568.031,0,2,163840,1
opt_batch_inverse,q100_nonzero_n1024,compact_ct,3,128,28780.922,0,2,98304,1
opt_batch_inverse,q100_nonzero_n1024,public_nonzero,3,128,28465.820,0,2,98288,1
opt_batch_inverse,q100_nonzero_n1024,compact_vartime,3,128,27798.828,0,2,98304,1
opt_batch_inverse,q100_nonzero_n1024,public_nonzero,4,128,26653.641,0,2,98288,1
opt_batch_inverse,q100_nonzero_n1024,compact_vartime,4,128,27283.531,0,2,98304,1
opt_batch_inverse,q100_nonzero_n1024,production_one_inverse,4,128,27478.188,0,2,163840,1
opt_batch_inverse,q100_nonzero_n1024,compact_ct,4,128,26462.242,0,2,98304,1
opt_batch_inverse,q100_nonzero_n1024,compact_ct,5,128,26596.031,0,2,98304,1
opt_batch_inverse,q100_nonzero_n1024,compact_vartime,5,128,26209.305,0,2,98304,1
opt_batch_inverse,q100_nonzero_n1024,public_nonzero,5,128,26101.234,0,2,98288,1
opt_batch_inverse,q100_nonzero_n1024,production_one_inverse,5,128,26988.930,0,2,163840,1
opt_batch_inverse,q100_nonzero_n1024,compact_vartime,6,128,26114.906,0,2,98304,1
opt_batch_inverse,q100_nonzero_n1024,production_one_inverse,6,128,27026.695,0,2,163840,1
opt_batch_inverse,q100_nonzero_n1024,public_nonzero,6,128,26134.766,0,2,98288,1
opt_batch_inverse,q100_nonzero_n1024,compact_ct,6,128,26488.938,0,2,98304,1
opt_batch_inverse,q100_nonzero_n1024,public_nonzero,7,128,27149.414,0,2,98288,1
opt_batch_inverse,q100_nonzero_n1024,compact_ct,7,128,29393.227,0,2,98304,1
opt_batch_inverse,q100_nonzero_n1024,production_one_inverse,7,128,28559.570,0,2,163840,1
opt_batch_inverse,q100_nonzero_n1024,compact_vartime,7,128,27343.750,0,2,98304,1
opt_batch_inverse,q100_nonzero_n1024,production_one_inverse,8,128,28544.922,0,2,163840,1
opt_batch_inverse,q100_nonzero_n1024,compact_ct,8,128,27842.117,0,2,98304,1
opt_batch_inverse,q100_nonzero_n1024,public_nonzero,8,128,27515.953,0,2,98288,1
opt_batch_inverse,q100_nonzero_n1024,compact_vartime,8,128,27905.602,0,2,98304,1
opt_batch_inverse,q100_nonzero_n1024,production_one_inverse,9,128,28526.695,0,2,163840,1
opt_batch_inverse,q100_nonzero_n1024,public_nonzero,9,128,27290.039,0,2,98288,1
opt_batch_inverse,q100_nonzero_n1024,compact_vartime,9,128,27136.719,0,2,98304,1
opt_batch_inverse,q100_nonzero_n1024,compact_ct,9,128,27877.930,0,2,98304,1
opt_batch_inverse,q100_nonzero_n1024,public_nonzero,10,128,27463.867,0,2,98288,1
opt_batch_inverse,q100_nonzero_n1024,production_one_inverse,10,128,29212.891,0,2,163840,1
opt_batch_inverse,q100_nonzero_n1024,compact_ct,10,128,29356.773,0,2,98304,1
opt_batch_inverse,q100_nonzero_n1024,compact_vartime,10,128,29295.898,0,2,98304,1
opt_batch_inverse,q100_nonzero_n1024,public_nonzero,11,128,28854.492,0,2,98288,1
opt_batch_inverse,q100_nonzero_n1024,production_one_inverse,11,128,27699.219,0,2,163840,1
opt_batch_inverse,q100_nonzero_n1024,compact_vartime,11,128,25815.109,0,2,98304,1
opt_batch_inverse,q100_nonzero_n1024,compact_ct,11,128,26242.188,0,2,98304,1
opt_batch_inverse,q100_nonzero_n1024,compact_ct,12,128,27003.906,0,2,98304,1
opt_batch_inverse,q100_nonzero_n1024,compact_vartime,12,128,25916.992,0,2,98304,1
opt_batch_inverse,q100_nonzero_n1024,public_nonzero,12,128,25819.336,0,2,98288,1
opt_batch_inverse,q100_nonzero_n1024,production_one_inverse,12,128,26819.664,0,2,163840,1
opt_batch_inverse,q100_nonzero_n1024,compact_ct,13,128,26085.289,0,2,98304,1
opt_batch_inverse,q100_nonzero_n1024,compact_vartime,13,128,25756.188,0,2,98304,1
opt_batch_inverse,q100_nonzero_n1024,production_one_inverse,13,128,26712.242,0,2,163840,1
opt_batch_inverse,q100_nonzero_n1024,public_nonzero,13,128,25924.156,0,2,98288,1
opt_batch_inverse,q100_nonzero_n1024,compact_vartime,14,128,25766.273,0,2,98304,1
opt_batch_inverse,q100_nonzero_n1024,production_one_inverse,14,128,26732.750,0,2,163840,1
opt_batch_inverse,q100_nonzero_n1024,public_nonzero,14,128,25774.094,0,2,98288,1
opt_batch_inverse,q100_nonzero_n1024,compact_ct,14,128,26098.633,0,2,98304,1
opt_batch_inverse,q100_nonzero_n1024,production_one_inverse,15,128,26726.883,0,2,163840,1
opt_batch_inverse,q100_nonzero_n1024,compact_vartime,15,128,25767.578,0,2,98304,1
opt_batch_inverse,q100_nonzero_n1024,compact_ct,15,128,26102.211,0,2,98304,1
opt_batch_inverse,q100_nonzero_n1024,public_nonzero,15,128,26692.711,0,2,98288,1
opt_batch_inverse,q100_nonzero_n1024,public_nonzero,16,128,26752.930,0,2,98288,1
opt_batch_inverse,q100_nonzero_n1024,production_one_inverse,16,128,27393.555,0,2,163840,1
opt_batch_inverse,q100_nonzero_n1024,compact_ct,16,128,27964.516,0,2,98304,1
opt_batch_inverse,q100_nonzero_n1024,compact_vartime,16,128,28280.594,0,2,98304,1
opt_batch_inverse,q100_nonzero_n1024,public_nonzero,17,128,27646.805,0,2,98288,1
opt_batch_inverse,q100_nonzero_n1024,production_one_inverse,17,128,28625.648,0,2,163840,1
opt_batch_inverse,q100_nonzero_n1024,compact_ct,17,128,28822.586,0,2,98304,1
opt_batch_inverse,q100_nonzero_n1024,compact_vartime,17,128,28529.953,0,2,98304,1
opt_batch_inverse,q100_nonzero_n1024,compact_ct,18,128,29477.859,0,2,98304,1
opt_batch_inverse,q100_nonzero_n1024,production_one_inverse,18,128,30143.234,0,2,163840,1
opt_batch_inverse,q100_nonzero_n1024,public_nonzero,18,128,27551.109,0,2,98288,1
opt_batch_inverse,q100_nonzero_n1024,compact_vartime,18,128,26240.234,0,2,98304,1
opt_batch_inverse,q100_nonzero_n1024,compact_vartime,19,128,27151.695,0,2,98304,1
opt_batch_inverse,q100_nonzero_n1024,production_one_inverse,19,128,28524.742,0,2,163840,1
opt_batch_inverse,q100_nonzero_n1024,compact_ct,19,128,28930.992,0,2,98304,1
opt_batch_inverse,q100_nonzero_n1024,public_nonzero,19,128,27950.844,0,2,98288,1
opt_batch_inverse,q100_nonzero_n1024,public_nonzero,20,128,27429.031,0,2,98288,1
opt_batch_inverse,q100_nonzero_n1024,production_one_inverse,20,128,28381.508,0,2,163840,1
opt_batch_inverse,q100_nonzero_n1024,compact_ct,20,128,27798.828,0,2,98304,1
opt_batch_inverse,q100_nonzero_n1024,compact_vartime,20,128,26043.625,0,2,98304,1
opt_batch_inverse,q100_nonzero_n1024,public_nonzero,21,128,25800.133,0,2,98288,1
opt_batch_inverse,q100_nonzero_n1024,compact_ct,21,128,26247.727,0,2,98304,1
opt_batch_inverse,q100_nonzero_n1024,compact_vartime,21,128,25820.969,0,2,98304,1
opt_batch_inverse,q100_nonzero_n1024,production_one_inverse,21,128,26784.180,0,2,163840,1
opt_batch_inverse,q100_nonzero_n1024,compact_ct,22,128,26111.328,0,2,98304,1
opt_batch_inverse,q100_nonzero_n1024,production_one_inverse,22,128,26784.828,0,2,163840,1
opt_batch_inverse,q100_nonzero_n1024,public_nonzero,22,128,25822.594,0,2,98288,1
opt_batch_inverse,q100_nonzero_n1024,compact_vartime,22,128,25882.812,0,2,98304,1
opt_batch_inverse,q100_nonzero_n1024,compact_vartime,23,128,27403.969,0,2,98304,1
opt_batch_inverse,q100_nonzero_n1024,production_one_inverse,23,128,28399.734,0,2,163840,1
opt_batch_inverse,q100_nonzero_n1024,compact_ct,23,128,28042.320,0,2,98304,1
opt_batch_inverse,q100_nonzero_n1024,public_nonzero,23,128,27485.031,0,2,98288,1
opt_batch_inverse,q100_nonzero_n1024,production_one_inverse,24,128,28772.789,0,2,163840,1
opt_batch_inverse,q100_nonzero_n1024,compact_vartime,24,128,27652.672,0,2,98304,1
opt_batch_inverse,q100_nonzero_n1024,compact_ct,24,128,27376.633,0,2,98304,1
opt_batch_inverse,q100_nonzero_n1024,public_nonzero,24,128,26727.539,0,2,98288,1
opt_batch_inverse,q100_nonzero_n1024,compact_ct,25,128,28057.289,0,2,98304,1
opt_batch_inverse,q100_nonzero_n1024,production_one_inverse,25,128,28538.414,0,2,163840,1
opt_batch_inverse,q100_nonzero_n1024,public_nonzero,25,128,27735.672,0,2,98288,1
opt_batch_inverse,q100_nonzero_n1024,compact_vartime,25,128,27744.789,0,2,98304,1
opt_batch_inverse,q100_nonzero_n1024,compact_ct,26,128,28439.781,0,2,98304,1
opt_batch_inverse,q100_nonzero_n1024,compact_vartime,26,128,26838.211,0,2,98304,1
opt_batch_inverse,q100_nonzero_n1024,production_one_inverse,26,128,27844.727,0,2,163840,1
opt_batch_inverse,q100_nonzero_n1024,public_nonzero,26,128,27774.742,0,2,98288,1
opt_batch_inverse,q100_nonzero_n1024,compact_vartime,27,128,26640.305,0,2,98304,1
opt_batch_inverse,q100_nonzero_n1024,production_one_inverse,27,128,26733.727,0,2,163840,1
opt_batch_inverse,q100_nonzero_n1024,compact_ct,27,128,27213.219,0,2,98304,1
opt_batch_inverse,q100_nonzero_n1024,public_nonzero,27,128,26648.109,0,2,98288,1
opt_batch_inverse,q100_nonzero_n1024,compact_ct,28,128,26207.359,0,2,98304,1
opt_batch_inverse,q100_nonzero_n1024,compact_vartime,28,128,26083.664,0,2,98304,1
opt_batch_inverse,q100_nonzero_n1024,public_nonzero,28,128,27327.148,0,2,98288,1
opt_batch_inverse,q100_nonzero_n1024,production_one_inverse,28,128,28302.734,0,2,163840,1
opt_batch_inverse,q100_nonzero_n1024,compact_vartime,29,128,27632.812,0,2,98304,1
opt_batch_inverse,q100_nonzero_n1024,compact_ct,29,128,27914.391,0,2,98304,1
opt_batch_inverse,q100_nonzero_n1024,public_nonzero,29,128,27640.625,0,2,98288,1
opt_batch_inverse,q100_nonzero_n1024,production_one_inverse,29,128,28584.961,0,2,163840,1
opt_batch_inverse,q100_nonzero_n1024,compact_ct,30,128,27768.555,0,2,98304,1
opt_batch_inverse,q100_nonzero_n1024,production_one_inverse,30,128,29291.992,0,2,163840,1
opt_batch_inverse,q100_nonzero_n1024,compact_vartime,30,128,28840.172,0,2,98304,1
opt_batch_inverse,q100_nonzero_n1024,public_nonzero,30,128,28709.641,0,2,98288,1
opt_batch_inverse,q100_nonzero_n1024,public_nonzero,31,128,28555.016,0,2,98288,1
opt_batch_inverse,q100_nonzero_n1024,production_one_inverse,31,128,29583.656,0,2,163840,1
opt_batch_inverse,q100_nonzero_n1024,compact_ct,31,128,28364.578,0,2,98304,1
opt_batch_inverse,q100_nonzero_n1024,compact_vartime,31,128,28268.555,0,2,98304,1
opt_batch_inverse,q100_mixed_n1024,compact_ct,0,256,26183.594,0,2,98304,1
opt_batch_inverse,q100_mixed_n1024,production_one_inverse,0,256,21068.359,0,2,163840,1
opt_batch_inverse,q100_mixed_n1024,compact_vartime,0,256,27484.699,0,2,98304,1
opt_batch_inverse,q100_mixed_n1024,public_nonzero,0,256,19075.195,0,2,98272,1
opt_batch_inverse,q100_mixed_n1024,production_one_inverse,1,256,22519.531,0,2,163840,1
opt_batch_inverse,q100_mixed_n1024,compact_vartime,1,256,27448.402,0,2,98304,1
opt_batch_inverse,q100_mixed_n1024,public_nonzero,1,256,19304.359,0,2,98272,1
opt_batch_inverse,q100_mixed_n1024,compact_ct,1,256,28764.973,0,2,98304,1
opt_batch_inverse,q100_mixed_n1024,production_one_inverse,2,256,21848.469,0,2,163840,1
opt_batch_inverse,q100_mixed_n1024,compact_ct,2,256,28190.430,0,2,98304,1
opt_batch_inverse,q100_mixed_n1024,compact_vartime,2,256,27687.340,0,2,98304,1
opt_batch_inverse,q100_mixed_n1024,public_nonzero,2,256,18669.270,0,2,98272,1
opt_batch_inverse,q100_mixed_n1024,public_nonzero,3,256,18787.270,0,2,98272,1
opt_batch_inverse,q100_mixed_n1024,production_one_inverse,3,256,21270.508,0,2,163840,1
opt_batch_inverse,q100_mixed_n1024,compact_ct,3,256,26183.105,0,2,98304,1
opt_batch_inverse,q100_mixed_n1024,compact_vartime,3,256,27073.895,0,2,98304,1
opt_batch_inverse,q100_mixed_n1024,public_nonzero,4,256,19056.152,0,2,98272,1
opt_batch_inverse,q100_mixed_n1024,compact_ct,4,256,27812.660,0,2,98304,1
opt_batch_inverse,q100_mixed_n1024,compact_vartime,4,256,27609.699,0,2,98304,1
opt_batch_inverse,q100_mixed_n1024,production_one_inverse,4,256,22329.590,0,2,163840,1
opt_batch_inverse,q100_mixed_n1024,production_one_inverse,5,256,22164.875,0,2,163840,1
opt_batch_inverse,q100_mixed_n1024,compact_vartime,5,256,27554.199,0,2,98304,1
opt_batch_inverse,q100_mixed_n1024,compact_ct,5,256,28248.211,0,2,98304,1
opt_batch_inverse,q100_mixed_n1024,public_nonzero,5,256,19229.980,0,2,98272,1
opt_batch_inverse,q100_mixed_n1024,compact_ct,6,256,27418.297,0,2,98304,1
opt_batch_inverse,q100_mixed_n1024,public_nonzero,6,256,18240.723,0,2,98272,1
opt_batch_inverse,q100_mixed_n1024,compact_vartime,6,256,25862.145,0,2,98304,1
opt_batch_inverse,q100_mixed_n1024,production_one_inverse,6,256,21047.203,0,2,163840,1
opt_batch_inverse,q100_mixed_n1024,compact_ct,7,256,27560.383,0,2,98304,1
opt_batch_inverse,q100_mixed_n1024,production_one_inverse,7,256,23077.797,0,2,163840,1
opt_batch_inverse,q100_mixed_n1024,public_nonzero,7,256,19498.535,0,2,98272,1
opt_batch_inverse,q100_mixed_n1024,compact_vartime,7,256,28016.930,0,2,98304,1
opt_batch_inverse,q100_mixed_n1024,compact_ct,8,256,28260.742,0,2,98304,1
opt_batch_inverse,q100_mixed_n1024,compact_vartime,8,256,29164.227,0,2,98304,1
opt_batch_inverse,q100_mixed_n1024,production_one_inverse,8,256,22641.926,0,2,163840,1
opt_batch_inverse,q100_mixed_n1024,public_nonzero,8,256,20545.734,0,2,98272,1
opt_batch_inverse,q100_mixed_n1024,production_one_inverse,9,256,23256.348,0,2,163840,1
opt_batch_inverse,q100_mixed_n1024,compact_ct,9,256,26439.941,0,2,98304,1
opt_batch_inverse,q100_mixed_n1024,public_nonzero,9,256,18180.012,0,2,98272,1
opt_batch_inverse,q100_mixed_n1024,compact_vartime,9,256,26465.656,0,2,98304,1
opt_batch_inverse,q100_mixed_n1024,production_one_inverse,10,256,21243.004,0,2,163840,1
opt_batch_inverse,q100_mixed_n1024,compact_vartime,10,256,26965.984,0,2,98304,1
opt_batch_inverse,q100_mixed_n1024,public_nonzero,10,256,19364.746,0,2,98272,1
opt_batch_inverse,q100_mixed_n1024,compact_ct,10,256,27902.344,0,2,98304,1
opt_batch_inverse,q100_mixed_n1024,compact_ct,11,256,28223.145,0,2,98304,1
opt_batch_inverse,q100_mixed_n1024,compact_vartime,11,256,29754.559,0,2,98304,1
opt_batch_inverse,q100_mixed_n1024,production_one_inverse,11,256,23089.680,0,2,163840,1
opt_batch_inverse,q100_mixed_n1024,public_nonzero,11,256,19317.219,0,2,98272,1
opt_batch_inverse,q100_mixed_n1024,production_one_inverse,12,256,22354.820,0,2,163840,1
opt_batch_inverse,q100_mixed_n1024,public_nonzero,12,256,19242.023,0,2,98272,1
opt_batch_inverse,q100_mixed_n1024,compact_ct,12,256,27316.082,0,2,98304,1
opt_batch_inverse,q100_mixed_n1024,compact_vartime,12,256,26051.270,0,2,98304,1
opt_batch_inverse,q100_mixed_n1024,public_nonzero,13,256,18211.590,0,2,98272,1
opt_batch_inverse,q100_mixed_n1024,compact_ct,13,256,26310.711,0,2,98304,1
opt_batch_inverse,q100_mixed_n1024,compact_vartime,13,256,27407.879,0,2,98304,1
opt_batch_inverse,q100_mixed_n1024,production_one_inverse,13,256,22556.805,0,2,163840,1
opt_batch_inverse,q100_mixed_n1024,compact_ct,14,256,29452.312,0,2,98304,1
opt_batch_inverse,q100_mixed_n1024,compact_vartime,14,256,29063.477,0,2,98304,1
opt_batch_inverse,q100_mixed_n1024,production_one_inverse,14,256,23091.309,0,2,163840,1
opt_batch_inverse,q100_mixed_n1024,public_nonzero,14,256,19678.551,0,2,98272,1
opt_batch_inverse,q100_mixed_n1024,compact_vartime,15,256,27565.590,0,2,98304,1
opt_batch_inverse,q100_mixed_n1024,compact_ct,15,256,27979.980,0,2,98304,1
opt_batch_inverse,q100_mixed_n1024,public_nonzero,15,256,19115.234,0,2,98272,1
opt_batch_inverse,q100_mixed_n1024,production_one_inverse,15,256,20963.215,0,2,163840,1
opt_batch_inverse,q100_mixed_n1024,public_nonzero,16,256,18000.816,0,2,98272,1
opt_batch_inverse,q100_mixed_n1024,compact_ct,16,256,26186.684,0,2,98304,1
opt_batch_inverse,q100_mixed_n1024,production_one_inverse,16,256,20957.848,0,2,163840,1
opt_batch_inverse,q100_mixed_n1024,compact_vartime,16,256,25809.242,0,2,98304,1
opt_batch_inverse,q100_mixed_n1024,production_one_inverse,17,256,20980.145,0,2,163840,1
opt_batch_inverse,q100_mixed_n1024,compact_ct,17,256,26133.625,0,2,98304,1
opt_batch_inverse,q100_mixed_n1024,public_nonzero,17,256,17949.055,0,2,98272,1
opt_batch_inverse,q100_mixed_n1024,compact_vartime,17,256,25783.203,0,2,98304,1
opt_batch_inverse,q100_mixed_n1024,public_nonzero,18,256,18060.387,0,2,98272,1
opt_batch_inverse,q100_mixed_n1024,compact_vartime,18,256,25838.055,0,2,98304,1
opt_batch_inverse,q100_mixed_n1024,compact_ct,18,256,26210.773,0,2,98304,1
opt_batch_inverse,q100_mixed_n1024,production_one_inverse,18,256,20953.125,0,2,163840,1
opt_batch_inverse,q100_mixed_n1024,compact_ct,19,256,26194.824,0,2,98304,1
opt_batch_inverse,q100_mixed_n1024,public_nonzero,19,256,18024.902,0,2,98272,1
opt_batch_inverse,q100_mixed_n1024,compact_vartime,19,256,27083.172,0,2,98304,1
opt_batch_inverse,q100_mixed_n1024,production_one_inverse,19,256,22077.801,0,2,163840,1
opt_batch_inverse,q100_mixed_n1024,compact_vartime,20,256,26635.418,0,2,98304,1
opt_batch_inverse,q100_mixed_n1024,compact_ct,20,256,26472.168,0,2,98304,1
opt_batch_inverse,q100_mixed_n1024,public_nonzero,20,256,18115.559,0,2,98272,1
opt_batch_inverse,q100_mixed_n1024,production_one_inverse,20,256,22036.781,0,2,163840,1
opt_batch_inverse,q100_mixed_n1024,compact_ct,21,256,27577.312,0,2,98304,1
opt_batch_inverse,q100_mixed_n1024,public_nonzero,21,256,19320.801,0,2,98272,1
opt_batch_inverse,q100_mixed_n1024,compact_vartime,21,256,27112.141,0,2,98304,1
opt_batch_inverse,q100_mixed_n1024,production_one_inverse,21,256,22339.031,0,2,163840,1
opt_batch_inverse,q100_mixed_n1024,public_nonzero,22,256,18635.094,0,2,98272,1
opt_batch_inverse,q100_mixed_n1024,compact_ct,22,256,27992.023,0,2,98304,1
opt_batch_inverse,q100_mixed_n1024,production_one_inverse,22,256,22728.355,0,2,163840,1
opt_batch_inverse,q100_mixed_n1024,compact_vartime,22,256,27436.523,0,2,98304,1
opt_batch_inverse,q100_mixed_n1024,production_one_inverse,23,256,22467.285,0,2,163840,1
opt_batch_inverse,q100_mixed_n1024,compact_ct,23,256,27716.961,0,2,98304,1
opt_batch_inverse,q100_mixed_n1024,compact_vartime,23,256,27821.777,0,2,98304,1
opt_batch_inverse,q100_mixed_n1024,public_nonzero,23,256,19414.711,0,2,98272,1
opt_batch_inverse,q100_mixed_n1024,compact_vartime,24,256,27569.660,0,2,98304,1
opt_batch_inverse,q100_mixed_n1024,production_one_inverse,24,256,23281.738,0,2,163840,1
opt_batch_inverse,q100_mixed_n1024,public_nonzero,24,256,20216.309,0,2,98272,1
opt_batch_inverse,q100_mixed_n1024,compact_ct,24,256,29114.422,0,2,98304,1
opt_batch_inverse,q100_mixed_n1024,public_nonzero,25,256,20661.785,0,2,98272,1
opt_batch_inverse,q100_mixed_n1024,production_one_inverse,25,256,23256.508,0,2,163840,1
opt_batch_inverse,q100_mixed_n1024,compact_ct,25,256,28776.855,0,2,98304,1
opt_batch_inverse,q100_mixed_n1024,compact_vartime,25,256,26691.242,0,2,98304,1
opt_batch_inverse,q100_mixed_n1024,public_nonzero,26,256,17956.215,0,2,98272,1
opt_batch_inverse,q100_mixed_n1024,compact_ct,26,256,26148.113,0,2,98304,1
opt_batch_inverse,q100_mixed_n1024,compact_vartime,26,256,25803.223,0,2,98304,1
opt_batch_inverse,q100_mixed_n1024,production_one_inverse,26,256,21001.465,0,2,163840,1
opt_batch_inverse,q100_mixed_n1024,compact_vartime,27,256,25789.391,0,2,98304,1
opt_batch_inverse,q100_mixed_n1024,compact_ct,27,256,26226.562,0,2,98304,1
opt_batch_inverse,q100_mixed_n1024,public_nonzero,27,256,18324.379,0,2,98272,1
opt_batch_inverse,q100_mixed_n1024,production_one_inverse,27,256,21271.324,0,2,163840,1
opt_batch_inverse,q100_mixed_n1024,public_nonzero,28,256,18268.066,0,2,98272,1
opt_batch_inverse,q100_mixed_n1024,compact_vartime,28,256,26122.883,0,2,98304,1
opt_batch_inverse,q100_mixed_n1024,compact_ct,28,256,26532.551,0,2,98304,1
opt_batch_inverse,q100_mixed_n1024,production_one_inverse,28,256,21748.047,0,2,163840,1
opt_batch_inverse,q100_mixed_n1024,compact_ct,29,256,27984.375,0,2,98304,1
opt_batch_inverse,q100_mixed_n1024,public_nonzero,29,256,18542.156,0,2,98272,1
opt_batch_inverse,q100_mixed_n1024,production_one_inverse,29,256,21067.219,0,2,163840,1
opt_batch_inverse,q100_mixed_n1024,compact_vartime,29,256,27085.449,0,2,98304,1
opt_batch_inverse,q100_mixed_n1024,public_nonzero,30,256,18909.180,0,2,98272,1
opt_batch_inverse,q100_mixed_n1024,compact_ct,30,256,28324.383,0,2,98304,1
opt_batch_inverse,q100_mixed_n1024,production_one_inverse,30,256,22135.742,0,2,163840,1
opt_batch_inverse,q100_mixed_n1024,compact_vartime,30,256,27433.270,0,2,98304,1
opt_batch_inverse,q100_mixed_n1024,production_one_inverse,31,256,22351.398,0,2,163840,1
opt_batch_inverse,q100_mixed_n1024,compact_ct,31,256,27683.270,0,2,98304,1
opt_batch_inverse,q100_mixed_n1024,compact_vartime,31,256,27498.859,0,2,98304,1
opt_batch_inverse,q100_mixed_n1024,public_nonzero,31,256,20851.727,0,2,98272,1
opt_batch_inverse,q100_zero_n1024,public_nonzero,0,1024,1656.331,0,1,81920,1
opt_batch_inverse,q100_zero_n1024,compact_ct,0,1024,26940.267,0,2,98304,1
opt_batch_inverse,q100_zero_n1024,production_one_inverse,0,1024,4726.115,0,2,163840,1
opt_batch_inverse,q100_zero_n1024,compact_vartime,0,1024,27621.745,0,2,98304,1
opt_batch_inverse,q100_zero_n1024,production_one_inverse,1,1024,4532.674,0,2,163840,1
opt_batch_inverse,q100_zero_n1024,compact_ct,1,1024,26856.852,0,2,98304,1
opt_batch_inverse,q100_zero_n1024,public_nonzero,1,1024,1529.378,0,1,81920,1
opt_batch_inverse,q100_zero_n1024,compact_vartime,1,1024,25621.013,0,2,98304,1
opt_batch_inverse,q100_zero_n1024,production_one_inverse,2,1024,4250.122,0,2,163840,1
opt_batch_inverse,q100_zero_n1024,compact_vartime,2,1024,25652.954,0,2,98304,1
opt_batch_inverse,q100_zero_n1024,public_nonzero,2,1024,1600.464,0,1,81920,1
opt_batch_inverse,q100_zero_n1024,compact_ct,2,1024,26968.547,0,2,98304,1
opt_batch_inverse,q100_zero_n1024,compact_vartime,3,1024,27234.660,0,2,98304,1
opt_batch_inverse,q100_zero_n1024,compact_ct,3,1024,28239.949,0,2,98304,1
opt_batch_inverse,q100_zero_n1024,public_nonzero,3,1024,1843.384,0,1,81920,1
opt_batch_inverse,q100_zero_n1024,production_one_inverse,3,1024,4248.453,0,2,163840,1
opt_batch_inverse,q100_zero_n1024,compact_ct,4,1024,26293.782,0,2,98304,1
opt_batch_inverse,q100_zero_n1024,production_one_inverse,4,1024,4222.656,0,2,163840,1
opt_batch_inverse,q100_zero_n1024,public_nonzero,4,1024,1376.791,0,1,81920,1
opt_batch_inverse,q100_zero_n1024,compact_vartime,4,1024,25736.775,0,2,98304,1
opt_batch_inverse,q100_zero_n1024,compact_vartime,5,1024,28059.448,0,2,98304,1
opt_batch_inverse,q100_zero_n1024,compact_ct,5,1024,28126.831,0,2,98304,1
opt_batch_inverse,q100_zero_n1024,public_nonzero,5,1024,1542.399,0,1,81920,1
opt_batch_inverse,q100_zero_n1024,production_one_inverse,5,1024,4296.550,0,2,163840,1
opt_batch_inverse,q100_zero_n1024,compact_ct,6,1024,27532.308,0,2,98304,1
opt_batch_inverse,q100_zero_n1024,public_nonzero,6,1024,1702.962,0,1,81920,1
opt_batch_inverse,q100_zero_n1024,production_one_inverse,6,1024,4539.795,0,2,163840,1
opt_batch_inverse,q100_zero_n1024,compact_vartime,6,1024,27704.265,0,2,98304,1
opt_batch_inverse,q100_zero_n1024,compact_vartime,7,1024,26322.592,0,2,98304,1
opt_batch_inverse,q100_zero_n1024,production_one_inverse,7,1024,4376.221,0,2,163840,1
opt_batch_inverse,q100_zero_n1024,public_nonzero,7,1024,1557.902,0,1,81920,1
opt_batch_inverse,q100_zero_n1024,compact_ct,7,1024,28040.039,0,2,98304,1
opt_batch_inverse,q100_zero_n1024,production_one_inverse,8,1024,5024.536,0,2,163840,1
opt_batch_inverse,q100_zero_n1024,compact_vartime,8,1024,26889.526,0,2,98304,1
opt_batch_inverse,q100_zero_n1024,public_nonzero,8,1024,1559.204,0,1,81920,1
opt_batch_inverse,q100_zero_n1024,compact_ct,8,1024,27720.540,0,2,98304,1
opt_batch_inverse,q100_zero_n1024,public_nonzero,9,1024,1803.629,0,1,81920,1
opt_batch_inverse,q100_zero_n1024,compact_vartime,9,1024,27374.756,0,2,98304,1
opt_batch_inverse,q100_zero_n1024,production_one_inverse,9,1024,4587.077,0,2,163840,1
opt_batch_inverse,q100_zero_n1024,compact_ct,9,1024,27051.677,0,2,98304,1
opt_batch_inverse,q100_zero_n1024,compact_vartime,10,1024,28212.280,0,2,98304,1
opt_batch_inverse,q100_zero_n1024,production_one_inverse,10,1024,4570.271,0,2,163840,1
opt_batch_inverse,q100_zero_n1024,public_nonzero,10,1024,1682.129,0,1,81920,1
opt_batch_inverse,q100_zero_n1024,compact_ct,10,1024,26993.408,0,2,98304,1
opt_batch_inverse,q100_zero_n1024,production_one_inverse,11,1024,4378.052,0,2,163840,1
opt_batch_inverse,q100_zero_n1024,public_nonzero,11,1024,1428.589,0,1,81920,1
opt_batch_inverse,q100_zero_n1024,compact_vartime,11,1024,25755.574,0,2,98304,1
opt_batch_inverse,q100_zero_n1024,compact_ct,11,1024,26342.814,0,2,98304,1
opt_batch_inverse,q100_zero_n1024,compact_vartime,12,1024,27822.632,0,2,98304,1
opt_batch_inverse,q100_zero_n1024,production_one_inverse,12,1024,4804.118,0,2,163840,1
opt_batch_inverse,q100_zero_n1024,public_nonzero,12,1024,1686.687,0,1,81920,1
opt_batch_inverse,q100_zero_n1024,compact_ct,12,1024,27862.508,0,2,98304,1
opt_batch_inverse,q100_zero_n1024,production_one_inverse,13,1024,4231.201,0,2,163840,1
opt_batch_inverse,q100_zero_n1024,public_nonzero,13,1024,1381.022,0,1,81920,1
opt_batch_inverse,q100_zero_n1024,compact_ct,13,1024,26120.850,0,2,98304,1
opt_batch_inverse,q100_zero_n1024,compact_vartime,13,1024,25765.218,0,2,98304,1
opt_batch_inverse,q100_zero_n1024,compact_vartime,14,1024,27970.378,0,2,98304,1
opt_batch_inverse,q100_zero_n1024,public_nonzero,14,1024,1824.910,0,1,81920,1
opt_batch_inverse,q100_zero_n1024,compact_ct,14,1024,28862.915,0,2,98304,1
opt_batch_inverse,q100_zero_n1024,production_one_inverse,14,1024,4379.517,0,2,163840,1
opt_batch_inverse,q100_zero_n1024,compact_vartime,15,1024,25652.140,0,2,98304,1
opt_batch_inverse,q100_zero_n1024,compact_ct,15,1024,26154.297,0,2,98304,1
opt_batch_inverse,q100_zero_n1024,public_nonzero,15,1024,1549.561,0,1,81920,1
opt_batch_inverse,q100_zero_n1024,production_one_inverse,15,1024,4235.147,0,2,163840,1
opt_batch_inverse,q100_zero_n1024,production_one_inverse,16,1024,4245.321,0,2,163840,1
opt_batch_inverse,q100_zero_n1024,compact_vartime,16,1024,25941.812,0,2,98304,1
opt_batch_inverse,q100_zero_n1024,public_nonzero,16,1024,1609.781,0,1,81920,1
opt_batch_inverse,q100_zero_n1024,compact_ct,16,1024,26471.069,0,2,98304,1
opt_batch_inverse,q100_zero_n1024,public_nonzero,17,1024,1675.009,0,1,81920,1
opt_batch_inverse,q100_zero_n1024,compact_vartime,17,1024,27207.112,0,2,98304,1
opt_batch_inverse,q100_zero_n1024,production_one_inverse,17,1024,4866.048,0,2,163840,1
opt_batch_inverse,q100_zero_n1024,compact_ct,17,1024,28147.909,0,2,98304,1
opt_batch_inverse,q100_zero_n1024,compact_vartime,18,1024,27022.014,0,2,98304,1
opt_batch_inverse,q100_zero_n1024,compact_ct,18,1024,28025.879,0,2,98304,1
opt_batch_inverse,q100_zero_n1024,production_one_inverse,18,1024,4606.934,0,2,163840,1
opt_batch_inverse,q100_zero_n1024,public_nonzero,18,1024,1727.945,0,1,81920,1
opt_batch_inverse,q100_zero_n1024,compact_ct,19,1024,27087.280,0,2,98304,1
opt_batch_inverse,q100_zero_n1024,production_one_inverse,19,1024,4643.677,0,2,163840,1
opt_batch_inverse,q100_zero_n1024,public_nonzero,19,1024,1708.171,0,1,81920,1
opt_batch_inverse,q100_zero_n1024,compact_vartime,19,1024,27847.005,0,2,98304,1
opt_batch_inverse,q100_zero_n1024,compact_vartime,20,1024,27022.543,0,2,98304,1
opt_batch_inverse,q100_zero_n1024,compact_ct,20,1024,26193.726,0,2,98304,1
opt_batch_inverse,q100_zero_n1024,public_nonzero,20,1024,1592.488,0,1,81920,1
opt_batch_inverse,q100_zero_n1024,production_one_inverse,20,1024,4238.566,0,2,163840,1
opt_batch_inverse,q100_zero_n1024,public_nonzero,21,1024,1398.519,0,1,81920,1
opt_batch_inverse,q100_zero_n1024,compact_vartime,21,1024,25709.595,0,2,98304,1
opt_batch_inverse,q100_zero_n1024,compact_ct,21,1024,26231.975,0,2,98304,1
opt_batch_inverse,q100_zero_n1024,production_one_inverse,21,1024,4217.285,0,2,163840,1
opt_batch_inverse,q100_zero_n1024,compact_ct,22,1024,28012.736,0,2,98304,1
opt_batch_inverse,q100_zero_n1024,production_one_inverse,22,1024,4499.308,0,2,163840,1
opt_batch_inverse,q100_zero_n1024,compact_vartime,22,1024,27282.104,0,2,98304,1
opt_batch_inverse,q100_zero_n1024,public_nonzero,22,1024,1752.075,0,1,81920,1
opt_batch_inverse,q100_zero_n1024,public_nonzero,23,1024,1959.432,0,1,81920,1
opt_batch_inverse,q100_zero_n1024,compact_ct,23,1024,26958.090,0,2,98304,1
opt_batch_inverse,q100_zero_n1024,production_one_inverse,23,1024,4367.432,0,2,163840,1
opt_batch_inverse,q100_zero_n1024,compact_vartime,23,1024,25643.636,0,2,98304,1
opt_batch_inverse,q100_zero_n1024,compact_ct,24,1024,27409.546,0,2,98304,1
opt_batch_inverse,q100_zero_n1024,public_nonzero,24,1024,1802.694,0,1,81920,1
opt_batch_inverse,q100_zero_n1024,compact_vartime,24,1024,27772.583,0,2,98304,1
opt_batch_inverse,q100_zero_n1024,production_one_inverse,24,1024,4531.087,0,2,163840,1
opt_batch_inverse,q100_zero_n1024,production_one_inverse,25,1024,4553.427,0,2,163840,1
opt_batch_inverse,q100_zero_n1024,public_nonzero,25,1024,1468.262,0,1,81920,1
opt_batch_inverse,q100_zero_n1024,compact_ct,25,1024,28264.485,0,2,98304,1
opt_batch_inverse,q100_zero_n1024,compact_vartime,25,1024,27170.776,0,2,98304,1
opt_batch_inverse,q100_zero_n1024,public_nonzero,26,1024,1594.319,0,1,81920,1
opt_batch_inverse,q100_zero_n1024,production_one_inverse,26,1024,4316.854,0,2,163840,1
opt_batch_inverse,q100_zero_n1024,compact_vartime,26,1024,27743.083,0,2,98304,1
opt_batch_inverse,q100_zero_n1024,compact_ct,26,1024,28518.596,0,2,98304,1
opt_batch_inverse,q100_zero_n1024,compact_ct,27,1024,26717.936,0,2,98304,1
opt_batch_inverse,q100_zero_n1024,public_nonzero,27,1024,1623.657,0,1,81920,1
opt_batch_inverse,q100_zero_n1024,compact_vartime,27,1024,26519.043,0,2,98304,1
opt_batch_inverse,q100_zero_n1024,production_one_inverse,27,1024,4498.657,0,2,163840,1
opt_batch_inverse,q100_zero_n1024,compact_vartime,28,1024,27665.486,0,2,98304,1
opt_batch_inverse,q100_zero_n1024,public_nonzero,28,1024,1693.807,0,1,81920,1
opt_batch_inverse,q100_zero_n1024,production_one_inverse,28,1024,4507.405,0,2,163840,1
opt_batch_inverse,q100_zero_n1024,compact_ct,28,1024,27246.338,0,2,98304,1
opt_batch_inverse,q100_zero_n1024,production_one_inverse,29,1024,4220.215,0,2,163840,1
opt_batch_inverse,q100_zero_n1024,compact_vartime,29,1024,25701.294,0,2,98304,1
opt_batch_inverse,q100_zero_n1024,compact_ct,29,1024,26948.812,0,2,98304,1
opt_batch_inverse,q100_zero_n1024,public_nonzero,29,1024,1861.734,0,1,81920,1
opt_batch_inverse,q100_zero_n1024,production_one_inverse,30,1024,4313.843,0,2,163840,1
opt_batch_inverse,q100_zero_n1024,public_nonzero,30,1024,1441.325,0,1,81920,1
opt_batch_inverse,q100_zero_n1024,compact_vartime,30,1024,26485.962,0,2,98304,1
opt_batch_inverse,q100_zero_n1024,compact_ct,30,1024,28826.944,0,2,98304,1
opt_batch_inverse,q100_zero_n1024,production_one_inverse,31,1024,4773.438,0,2,163840,1
opt_batch_inverse,q100_zero_n1024,compact_ct,31,1024,28426.514,0,2,98304,1
opt_batch_inverse,q100_zero_n1024,compact_vartime,31,1024,26872.844,0,2,98304,1
opt_batch_inverse,q100_zero_n1024,public_nonzero,31,1024,1639.729,0,1,81920,1
opt_batch_inverse,q128_nonzero_n1024,public_nonzero,0,128,30487.305,0,2,98288,1
opt_batch_inverse,q128_nonzero_n1024,compact_vartime,0,128,28410.477,0,2,98304,1
opt_batch_inverse,q128_nonzero_n1024,production_one_inverse,0,128,28863.938,0,2,163840,1
opt_batch_inverse,q128_nonzero_n1024,compact_ct,0,128,28027.672,0,2,98304,1
opt_batch_inverse,q128_nonzero_n1024,public_nonzero,1,128,28814.453,0,2,98288,1
opt_batch_inverse,q128_nonzero_n1024,compact_vartime,1,128,29642.578,0,2,98304,1
opt_batch_inverse,q128_nonzero_n1024,production_one_inverse,1,128,29193.359,0,2,163840,1
opt_batch_inverse,q128_nonzero_n1024,compact_ct,1,128,29082.031,0,2,98304,1
opt_batch_inverse,q128_nonzero_n1024,compact_vartime,2,128,29395.188,0,2,98304,1
opt_batch_inverse,q128_nonzero_n1024,production_one_inverse,2,128,27881.836,0,2,163840,1
opt_batch_inverse,q128_nonzero_n1024,public_nonzero,2,128,26954.750,0,2,98288,1
opt_batch_inverse,q128_nonzero_n1024,compact_ct,2,128,27236.977,0,2,98304,1
opt_batch_inverse,q128_nonzero_n1024,production_one_inverse,3,128,27191.406,0,2,163840,1
opt_batch_inverse,q128_nonzero_n1024,public_nonzero,3,128,26280.602,0,2,98288,1
opt_batch_inverse,q128_nonzero_n1024,compact_ct,3,128,26649.742,0,2,98304,1
opt_batch_inverse,q128_nonzero_n1024,compact_vartime,3,128,26472.328,0,2,98304,1
opt_batch_inverse,q128_nonzero_n1024,public_nonzero,4,128,26301.438,0,2,98288,1
opt_batch_inverse,q128_nonzero_n1024,compact_ct,4,128,26553.383,0,2,98304,1
opt_batch_inverse,q128_nonzero_n1024,compact_vartime,4,128,26012.375,0,2,98304,1
opt_batch_inverse,q128_nonzero_n1024,production_one_inverse,4,128,27188.477,0,2,163840,1
opt_batch_inverse,q128_nonzero_n1024,public_nonzero,5,128,26288.086,0,2,98288,1
opt_batch_inverse,q128_nonzero_n1024,compact_ct,5,128,26120.445,0,2,98304,1
opt_batch_inverse,q128_nonzero_n1024,production_one_inverse,5,128,26837.234,0,2,163840,1
opt_batch_inverse,q128_nonzero_n1024,compact_vartime,5,128,26120.438,0,2,98304,1
opt_batch_inverse,q128_nonzero_n1024,compact_ct,6,128,26545.242,0,2,98304,1
opt_batch_inverse,q128_nonzero_n1024,public_nonzero,6,128,25672.203,0,2,98288,1
opt_batch_inverse,q128_nonzero_n1024,production_one_inverse,6,128,26425.453,0,2,163840,1
opt_batch_inverse,q128_nonzero_n1024,compact_vartime,6,128,26159.508,0,2,98304,1
opt_batch_inverse,q128_nonzero_n1024,compact_vartime,7,128,26069.336,0,2,98304,1
opt_batch_inverse,q128_nonzero_n1024,compact_ct,7,128,26319.336,0,2,98304,1
opt_batch_inverse,q128_nonzero_n1024,production_one_inverse,7,128,26913.734,0,2,163840,1
opt_batch_inverse,q128_nonzero_n1024,public_nonzero,7,128,26013.672,0,2,98288,1
opt_batch_inverse,q128_nonzero_n1024,compact_vartime,8,128,25986.648,0,2,98304,1
opt_batch_inverse,q128_nonzero_n1024,compact_ct,8,128,26142.578,0,2,98304,1
opt_batch_inverse,q128_nonzero_n1024,public_nonzero,8,128,26029.953,0,2,98288,1
opt_batch_inverse,q128_nonzero_n1024,production_one_inverse,8,128,26843.430,0,2,163840,1
opt_batch_inverse,q128_nonzero_n1024,compact_vartime,9,128,26056.312,0,2,98304,1
opt_batch_inverse,q128_nonzero_n1024,production_one_inverse,9,128,26893.883,0,2,163840,1
opt_batch_inverse,q128_nonzero_n1024,public_nonzero,9,128,25939.453,0,2,98288,1
opt_batch_inverse,q128_nonzero_n1024,compact_ct,9,128,26214.516,0,2,98304,1
opt_batch_inverse,q128_nonzero_n1024,production_one_inverse,10,128,27267.250,0,2,163840,1
opt_batch_inverse,q128_nonzero_n1024,compact_ct,10,128,27669.273,0,2,98304,1
opt_batch_inverse,q128_nonzero_n1024,compact_vartime,10,128,26510.086,0,2,98304,1
opt_batch_inverse,q128_nonzero_n1024,public_nonzero,10,128,27332.031,0,2,98288,1
opt_batch_inverse,q128_nonzero_n1024,compact_ct,11,128,27793.617,0,2,98304,1
opt_batch_inverse,q128_nonzero_n1024,compact_vartime,11,128,26958.664,0,2,98304,1
opt_batch_inverse,q128_nonzero_n1024,production_one_inverse,11,128,27686.852,0,2,163840,1
opt_batch_inverse,q128_nonzero_n1024,public_nonzero,11,128,26287.109,0,2,98288,1
opt_batch_inverse,q128_nonzero_n1024,public_nonzero,12,128,26399.742,0,2,98288,1
opt_batch_inverse,q128_nonzero_n1024,compact_ct,12,128,27014.320,0,2,98304,1
opt_batch_inverse,q128_nonzero_n1024,production_one_inverse,12,128,27833.656,0,2,163840,1
opt_batch_inverse,q128_nonzero_n1024,compact_vartime,12,128,26483.719,0,2,98304,1
opt_batch_inverse,q128_nonzero_n1024,compact_vartime,13,128,26375.977,0,2,98304,1
opt_batch_inverse,q128_nonzero_n1024,production_one_inverse,13,128,27434.891,0,2,163840,1
opt_batch_inverse,q128_nonzero_n1024,public_nonzero,13,128,26529.297,0,2,98288,1
opt_batch_inverse,q128_nonzero_n1024,compact_ct,13,128,26180.336,0,2,98304,1
opt_batch_inverse,q128_nonzero_n1024,compact_vartime,14,128,25979.164,0,2,98304,1
opt_batch_inverse,q128_nonzero_n1024,production_one_inverse,14,128,26974.281,0,2,163840,1
opt_batch_inverse,q128_nonzero_n1024,compact_ct,14,128,26188.797,0,2,98304,1
opt_batch_inverse,q128_nonzero_n1024,public_nonzero,14,128,25952.805,0,2,98288,1
opt_batch_inverse,q128_nonzero_n1024,production_one_inverse,15,128,26913.414,0,2,163840,1
opt_batch_inverse,q128_nonzero_n1024,compact_ct,15,128,26158.203,0,2,98304,1
opt_batch_inverse,q128_nonzero_n1024,compact_vartime,15,128,26045.570,0,2,98304,1
opt_batch_inverse,q128_nonzero_n1024,public_nonzero,15,128,25977.219,0,2,98288,1
opt_batch_inverse,q128_nonzero_n1024,public_nonzero,16,128,25954.102,0,2,98288,1
opt_batch_inverse,q128_nonzero_n1024,production_one_inverse,16,128,26820.312,0,2,163840,1
opt_batch_inverse,q128_nonzero_n1024,compact_ct,16,128,26165.367,0,2,98304,1
opt_batch_inverse,q128_nonzero_n1024,compact_vartime,16,128,25959.641,0,2,98304,1
opt_batch_inverse,q128_nonzero_n1024,compact_ct,17,128,26142.578,0,2,98304,1
opt_batch_inverse,q128_nonzero_n1024,compact_vartime,17,128,25950.195,0,2,98304,1
opt_batch_inverse,q128_nonzero_n1024,public_nonzero,17,128,26008.141,0,2,98288,1
opt_batch_inverse,q128_nonzero_n1024,production_one_inverse,17,128,26895.836,0,2,163840,1
opt_batch_inverse,q128_nonzero_n1024,compact_ct,18,128,26133.789,0,2,98304,1
opt_batch_inverse,q128_nonzero_n1024,public_nonzero,18,128,25937.500,0,2,98288,1
opt_batch_inverse,q128_nonzero_n1024,compact_vartime,18,128,25973.633,0,2,98304,1
opt_batch_inverse,q128_nonzero_n1024,production_one_inverse,18,128,26990.555,0,2,163840,1
opt_batch_inverse,q128_nonzero_n1024,compact_vartime,19,128,25939.125,0,2,98304,1
opt_batch_inverse,q128_nonzero_n1024,public_nonzero,19,128,25950.844,0,2,98288,1
opt_batch_inverse,q128_nonzero_n1024,compact_ct,19,128,26263.672,0,2,98304,1
opt_batch_inverse,q128_nonzero_n1024,production_one_inverse,19,128,26827.477,0,2,163840,1
opt_batch_inverse,q128_nonzero_n1024,public_nonzero,20,128,25913.734,0,2,98288,1
opt_batch_inverse,q128_nonzero_n1024,compact_ct,20,128,26121.094,0,2,98304,1
opt_batch_inverse,q128_nonzero_n1024,production_one_inverse,20,128,26948.570,0,2,163840,1
opt_batch_inverse,q128_nonzero_n1024,compact_vartime,20,128,26523.438,0,2,98304,1
opt_batch_inverse,q128_nonzero_n1024,production_one_inverse,21,128,27193.688,0,2,163840,1
opt_batch_inverse,q128_nonzero_n1024,compact_vartime,21,128,26267.250,0,2,98304,1
opt_batch_inverse,q128_nonzero_n1024,public_nonzero,21,128,26325.195,0,2,98288,1
opt_batch_inverse,q128_nonzero_n1024,compact_ct,21,128,26691.086,0,2,98304,1
opt_batch_inverse,q128_nonzero_n1024,public_nonzero,22,128,26706.383,0,2,98288,1
opt_batch_inverse,q128_nonzero_n1024,compact_ct,22,128,27169.266,0,2,98304,1
opt_batch_inverse,q128_nonzero_n1024,compact_vartime,22,128,26915.367,0,2,98304,1
opt_batch_inverse,q128_nonzero_n1024,production_one_inverse,22,128,28165.688,0,2,163840,1
opt_batch_inverse,q128_nonzero_n1024,compact_vartime,23,128,26995.773,0,2,98304,1
opt_batch_inverse,q128_nonzero_n1024,public_nonzero,23,128,27187.820,0,2,98288,1
opt_batch_inverse,q128_nonzero_n1024,compact_ct,23,128,27808.594,0,2,98304,1
opt_batch_inverse,q128_nonzero_n1024,production_one_inverse,23,128,27789.062,0,2,163840,1
opt_batch_inverse,q128_nonzero_n1024,compact_vartime,24,128,26122.719,0,2,98304,1
opt_batch_inverse,q128_nonzero_n1024,compact_ct,24,128,26156.898,0,2,98304,1
opt_batch_inverse,q128_nonzero_n1024,production_one_inverse,24,128,26888.023,0,2,163840,1
opt_batch_inverse,q128_nonzero_n1024,public_nonzero,24,128,26054.688,0,2,98288,1
opt_batch_inverse,q128_nonzero_n1024,compact_vartime,25,128,25958.984,0,2,98304,1
opt_batch_inverse,q128_nonzero_n1024,public_nonzero,25,128,25982.094,0,2,98288,1
opt_batch_inverse,q128_nonzero_n1024,compact_ct,25,128,26132.484,0,2,98304,1
opt_batch_inverse,q128_nonzero_n1024,production_one_inverse,25,128,26833.984,0,2,163840,1
opt_batch_inverse,q128_nonzero_n1024,compact_ct,26,128,26147.133,0,2,98304,1
opt_batch_inverse,q128_nonzero_n1024,production_one_inverse,26,128,26839.195,0,2,163840,1
opt_batch_inverse,q128_nonzero_n1024,public_nonzero,26,128,25966.148,0,2,98288,1
opt_batch_inverse,q128_nonzero_n1024,compact_vartime,26,128,26066.086,0,2,98304,1
opt_batch_inverse,q128_nonzero_n1024,production_one_inverse,27,128,26895.180,0,2,163840,1
opt_batch_inverse,q128_nonzero_n1024,public_nonzero,27,128,25958.984,0,2,98288,1
opt_batch_inverse,q128_nonzero_n1024,compact_vartime,27,128,25919.922,0,2,98304,1
opt_batch_inverse,q128_nonzero_n1024,compact_ct,27,128,26121.742,0,2,98304,1
opt_batch_inverse,q128_nonzero_n1024,production_one_inverse,28,128,26846.680,0,2,163840,1
opt_batch_inverse,q128_nonzero_n1024,compact_vartime,28,128,26031.570,0,2,98304,1
opt_batch_inverse,q128_nonzero_n1024,public_nonzero,28,128,25936.844,0,2,98288,1
opt_batch_inverse,q128_nonzero_n1024,compact_ct,28,128,26119.789,0,2,98304,1
opt_batch_inverse,q128_nonzero_n1024,compact_vartime,29,128,26020.828,0,2,98304,1
opt_batch_inverse,q128_nonzero_n1024,public_nonzero,29,128,25963.539,0,2,98288,1
opt_batch_inverse,q128_nonzero_n1024,production_one_inverse,29,128,26855.141,0,2,163840,1
opt_batch_inverse,q128_nonzero_n1024,compact_ct,29,128,26140.625,0,2,98304,1
opt_batch_inverse,q128_nonzero_n1024,production_one_inverse,30,128,26834.312,0,2,163840,1
opt_batch_inverse,q128_nonzero_n1024,public_nonzero,30,128,25915.367,0,2,98288,1
opt_batch_inverse,q128_nonzero_n1024,compact_ct,30,128,26314.133,0,2,98304,1
opt_batch_inverse,q128_nonzero_n1024,compact_vartime,30,128,25942.383,0,2,98304,1
opt_batch_inverse,q128_nonzero_n1024,compact_vartime,31,128,25905.273,0,2,98304,1
opt_batch_inverse,q128_nonzero_n1024,compact_ct,31,128,27266.930,0,2,98304,1
opt_batch_inverse,q128_nonzero_n1024,production_one_inverse,31,128,27705.727,0,2,163840,1
opt_batch_inverse,q128_nonzero_n1024,public_nonzero,31,128,26271.805,0,2,98288,1
opt_batch_inverse,q128_mixed_n1024,public_nonzero,0,256,18898.762,0,2,98272,1
opt_batch_inverse,q128_mixed_n1024,compact_ct,0,256,27398.926,0,2,98304,1
opt_batch_inverse,q128_mixed_n1024,production_one_inverse,0,256,21353.840,0,2,163840,1
opt_batch_inverse,q128_mixed_n1024,compact_vartime,0,256,25968.098,0,2,98304,1
opt_batch_inverse,q128_mixed_n1024,compact_ct,1,256,26196.777,0,2,98304,1
opt_batch_inverse,q128_mixed_n1024,public_nonzero,1,256,18128.582,0,2,98272,1
opt_batch_inverse,q128_mixed_n1024,production_one_inverse,1,256,21200.359,0,2,163840,1
opt_batch_inverse,q128_mixed_n1024,compact_vartime,1,256,26007.324,0,2,98304,1
opt_batch_inverse,q128_mixed_n1024,compact_vartime,2,256,25968.426,0,2,98304,1
opt_batch_inverse,q128_mixed_n1024,production_one_inverse,2,256,21145.996,0,2,163840,1
opt_batch_inverse,q128_mixed_n1024,public_nonzero,2,256,18186.035,0,2,98272,1
opt_batch_inverse,q128_mixed_n1024,compact_ct,2,256,26182.289,0,2,98304,1
opt_batch_inverse,q128_mixed_n1024,public_nonzero,3,256,18191.078,0,2,98272,1
opt_batch_inverse,q128_mixed_n1024,compact_ct,3,256,26174.969,0,2,98304,1
opt_batch_inverse,q128_mixed_n1024,production_one_inverse,3,256,21120.930,0,2,163840,1
opt_batch_inverse,q128_mixed_n1024,compact_vartime,3,256,25962.566,0,2,98304,1
opt_batch_inverse,q128_mixed_n1024,production_one_inverse,4,256,21372.070,0,2,163840,1
opt_batch_inverse,q128_mixed_n1024,public_nonzero,4,256,18836.102,0,2,98272,1
opt_batch_inverse,q128_mixed_n1024,compact_vartime,4,256,26637.367,0,2,98304,1
opt_batch_inverse,q128_mixed_n1024,compact_ct,4,256,27411.457,0,2,98304,1
opt_batch_inverse,q128_mixed_n1024,public_nonzero,5,256,18979.004,0,2,98272,1
opt_batch_inverse,q128_mixed_n1024,production_one_inverse,5,256,22558.922,0,2,163840,1
opt_batch_inverse,q128_mixed_n1024,compact_vartime,5,256,27490.398,0,2,98304,1
opt_batch_inverse,q128_mixed_n1024,compact_ct,5,256,28340.332,0,2,98304,1
opt_batch_inverse,q128_mixed_n1024,compact_vartime,6,256,27465.008,0,2,98304,1
opt_batch_inverse,q128_mixed_n1024,compact_ct,6,256,27886.066,0,2,98304,1
opt_batch_inverse,q128_mixed_n1024,public_nonzero,6,256,19583.008,0,2,98272,1
opt_batch_inverse,q128_mixed_n1024,production_one_inverse,6,256,21807.129,0,2,163840,1
opt_batch_inverse,q128_mixed_n1024,compact_vartime,7,256,25987.469,0,2,98304,1
opt_batch_inverse,q128_mixed_n1024,production_one_inverse,7,256,21229.816,0,2,163840,1
opt_batch_inverse,q128_mixed_n1024,compact_ct,7,256,26543.621,0,2,98304,1
opt_batch_inverse,q128_mixed_n1024,public_nonzero,7,256,19034.180,0,2,98272,1
opt_batch_inverse,q128_mixed_n1024,compact_ct,8,256,27794.270,0,2,98304,1
opt_batch_inverse,q128_mixed_n1024,public_nonzero,8,256,19615.887,0,2,98272,1
opt_batch_inverse,q128_mixed_n1024,compact_vartime,8,256,27918.617,0,2,98304,1
opt_batch_inverse,q128_mixed_n1024,production_one_inverse,8,256,22610.680,0,2,163840,1
opt_batch_inverse,q128_mixed_n1024,compact_vartime,9,256,27780.273,0,2,98304,1
opt_batch_inverse,q128_mixed_n1024,compact_ct,9,256,27889.977,0,2,98304,1
opt_batch_inverse,q128_mixed_n1024,production_one_inverse,9,256,22420.410,0,2,163840,1
opt_batch_inverse,q128_mixed_n1024,public_nonzero,9,256,19389.160,0,2,98272,1
opt_batch_inverse,q128_mixed_n1024,compact_vartime,10,256,28035.645,0,2,98304,1
opt_batch_inverse,q128_mixed_n1024,compact_ct,10,256,26293.457,0,2,98304,1
opt_batch_inverse,q128_mixed_n1024,public_nonzero,10,256,18241.211,0,2,98272,1
opt_batch_inverse,q128_mixed_n1024,production_one_inverse,10,256,21239.258,0,2,163840,1
opt_batch_inverse,q128_mixed_n1024,compact_ct,11,256,26282.551,0,2,98304,1
opt_batch_inverse,q128_mixed_n1024,public_nonzero,11,256,18301.758,0,2,98272,1
opt_batch_inverse,q128_mixed_n1024,production_one_inverse,11,256,21950.359,0,2,163840,1
opt_batch_inverse,q128_mixed_n1024,compact_vartime,11,256,26783.527,0,2,98304,1
opt_batch_inverse,q128_mixed_n1024,compact_vartime,12,256,28097.656,0,2,98304,1
opt_batch_inverse,q128_mixed_n1024,production_one_inverse,12,256,22625.488,0,2,163840,1
opt_batch_inverse,q128_mixed_n1024,compact_ct,12,256,27664.875,0,2,98304,1
opt_batch_inverse,q128_mixed_n1024,public_nonzero,12,256,20495.445,0,2,98272,1
opt_batch_inverse,q128_mixed_n1024,compact_ct,13,256,27190.266,0,2,98304,1
opt_batch_inverse,q128_mixed_n1024,compact_vartime,13,256,28650.555,0,2,98304,1
opt_batch_inverse,q128_mixed_n1024,production_one_inverse,13,256,23073.406,0,2,163840,1
opt_batch_inverse,q128_mixed_n1024,public_nonzero,13,256,19555.176,0,2,98272,1
opt_batch_inverse,q128_mixed_n1024,compact_vartime,14,256,27610.680,0,2,98304,1
opt_batch_inverse,q128_mixed_n1024,compact_ct,14,256,27186.523,0,2,98304,1
opt_batch_inverse,q128_mixed_n1024,public_nonzero,14,256,18772.461,0,2,98272,1
opt_batch_inverse,q128_mixed_n1024,production_one_inverse,14,256,21469.238,0,2,163840,1
opt_batch_inverse,q128_mixed_n1024,compact_ct,15,256,26284.504,0,2,98304,1
opt_batch_inverse,q128_mixed_n1024,public_nonzero,15,256,18336.750,0,2,98272,1
opt_batch_inverse,q128_mixed_n1024,production_one_inverse,15,256,23816.895,0,2,163840,1
opt_batch_inverse,q128_mixed_n1024,compact_vartime,15,256,27194.496,0,2,98304,1
opt_batch_inverse,q128_mixed_n1024,public_nonzero,16,256,19509.441,0,2,98272,1
opt_batch_inverse,q128_mixed_n1024,production_one_inverse,16,256,22980.469,0,2,163840,1
opt_batch_inverse,q128_mixed_n1024,compact_vartime,16,256,27797.039,0,2,98304,1
opt_batch_inverse,q128_mixed_n1024,compact_ct,16,256,27839.844,0,2,98304,1
opt_batch_inverse,q128_mixed_n1024,production_one_inverse,17,256,22549.969,0,2,163840,1
opt_batch_inverse,q128_mixed_n1024,public_nonzero,17,256,19344.891,0,2,98272,1
opt_batch_inverse,q128_mixed_n1024,compact_ct,17,256,27833.984,0,2,98304,1
opt_batch_inverse,q128_mixed_n1024,compact_vartime,17,256,26840.168,0,2,98304,1
opt_batch_inverse,q128_mixed_n1024,compact_ct,18,256,26169.105,0,2,98304,1
opt_batch_inverse,q128_mixed_n1024,public_nonzero,18,256,18141.113,0,2,98272,1
opt_batch_inverse,q128_mixed_n1024,production_one_inverse,18,256,21127.605,0,2,163840,1
opt_batch_inverse,q128_mixed_n1024,compact_vartime,18,256,26001.953,0,2,98304,1
opt_batch_inverse,q128_mixed_n1024,production_one_inverse,19,256,21311.688,0,2,163840,1
opt_batch_inverse,q128_mixed_n1024,compact_vartime,19,256,26099.770,0,2,98304,1
opt_batch_inverse,q128_mixed_n1024,compact_ct,19,256,26363.770,0,2,98304,1
opt_batch_inverse,q128_mixed_n1024,public_nonzero,19,256,18163.734,0,2,98272,1
opt_batch_inverse,q128_mixed_n1024,production_one_inverse,20,256,21116.211,0,2,163840,1
opt_batch_inverse,q128_mixed_n1024,public_nonzero,20,256,18178.223,0,2,98272,1
opt_batch_inverse,q128_mixed_n1024,compact_ct,20,256,26125.324,0,2,98304,1
opt_batch_inverse,q128_mixed_n1024,compact_vartime,20,256,26583.660,0,2,98304,1
opt_batch_inverse,q128_mixed_n1024,public_nonzero,21,256,17895.836,0,2,98272,1
opt_batch_inverse,q128_mixed_n1024,production_one_inverse,21,256,21122.234,0,2,163840,1
opt_batch_inverse,q128_mixed_n1024,compact_ct,21,256,25783.691,0,2,98304,1
opt_batch_inverse,q128_mixed_n1024,compact_vartime,21,256,26405.273,0,2,98304,1
opt_batch_inverse,q128_mixed_n1024,public_nonzero,22,256,18112.469,0,2,98272,1
opt_batch_inverse,q128_mixed_n1024,compact_ct,22,256,26951.336,0,2,98304,1
opt_batch_inverse,q128_mixed_n1024,compact_vartime,22,256,26885.578,0,2,98304,1
opt_batch_inverse,q128_mixed_n1024,production_one_inverse,22,256,23282.715,0,2,163840,1
opt_batch_inverse,q128_mixed_n1024,public_nonzero,23,256,19377.117,0,2,98272,1
opt_batch_inverse,q128_mixed_n1024,compact_ct,23,256,27823.242,0,2,98304,1
opt_batch_inverse,q128_mixed_n1024,production_one_inverse,23,256,23874.840,0,2,163840,1
opt_batch_inverse,q128_mixed_n1024,compact_vartime,23,256,28962.078,0,2,98304,1
opt_batch_inverse,q128_mixed_n1024,production_one_inverse,24,256,23213.867,0,2,163840,1
opt_batch_inverse,q128_mixed_n1024,compact_ct,24,256,27814.617,0,2,98304,1
opt_batch_inverse,q128_mixed_n1024,compact_vartime,24,256,26541.340,0,2,98304,1
opt_batch_inverse,q128_mixed_n1024,public_nonzero,24,256,18213.055,0,2,98272,1
opt_batch_inverse,q128_mixed_n1024,compact_vartime,25,256,25996.418,0,2,98304,1
opt_batch_inverse,q128_mixed_n1024,public_nonzero,25,256,18182.777,0,2,98272,1
opt_batch_inverse,q128_mixed_n1024,production_one_inverse,25,256,21201.984,0,2,163840,1
opt_batch_inverse,q128_mixed_n1024,compact_ct,25,256,26298.664,0,2,98304,1
opt_batch_inverse,q128_mixed_n1024,compact_vartime,26,256,25906.574,0,2,98304,1
opt_batch_inverse,q128_mixed_n1024,public_nonzero,26,256,18123.047,0,2,98272,1
opt_batch_inverse,q128_mixed_n1024,compact_ct,26,256,26997.070,0,2,98304,1
opt_batch_inverse,q128_mixed_n1024,production_one_inverse,26,256,23381.996,0,2,163840,1
opt_batch_inverse,q128_mixed_n1024,production_one_inverse,27,256,23488.281,0,2,163840,1
opt_batch_inverse,q128_mixed_n1024,compact_vartime,27,256,29051.105,0,2,98304,1
opt_batch_inverse,q128_mixed_n1024,public_nonzero,27,256,19633.465,0,2,98272,1
opt_batch_inverse,q128_mixed_n1024,compact_ct,27,256,28527.184,0,2,98304,1
opt_batch_inverse,q128_mixed_n1024,public_nonzero,28,256,20090.492,0,2,98272,1
opt_batch_inverse,q128_mixed_n1024,compact_vartime,28,256,28230.793,0,2,98304,1
opt_batch_inverse,q128_mixed_n1024,production_one_inverse,28,256,22513.184,0,2,163840,1
opt_batch_inverse,q128_mixed_n1024,compact_ct,28,256,27783.852,0,2,98304,1
opt_batch_inverse,q128_mixed_n1024,compact_vartime,29,256,26726.891,0,2,98304,1
opt_batch_inverse,q128_mixed_n1024,production_one_inverse,29,256,21178.059,0,2,163840,1
opt_batch_inverse,q128_mixed_n1024,compact_ct,29,256,26134.277,0,2,98304,1
opt_batch_inverse,q128_mixed_n1024,public_nonzero,29,256,18091.797,0,2,98272,1
opt_batch_inverse,q128_mixed_n1024,compact_vartime,30,256,26019.207,0,2,98304,1
opt_batch_inverse,q128_mixed_n1024,compact_ct,30,256,26129.395,0,2,98304,1
opt_batch_inverse,q128_mixed_n1024,production_one_inverse,30,256,21113.930,0,2,163840,1
opt_batch_inverse,q128_mixed_n1024,public_nonzero,30,256,18186.688,0,2,98272,1
opt_batch_inverse,q128_mixed_n1024,public_nonzero,31,256,18112.305,0,2,98272,1
opt_batch_inverse,q128_mixed_n1024,production_one_inverse,31,256,21116.047,0,2,163840,1
opt_batch_inverse,q128_mixed_n1024,compact_ct,31,256,26151.367,0,2,98304,1
opt_batch_inverse,q128_mixed_n1024,compact_vartime,31,256,25979.656,0,2,98304,1
opt_batch_inverse,q128_zero_n1024,compact_vartime,0,1024,26863.322,0,2,98304,1
opt_batch_inverse,q128_zero_n1024,production_one_inverse,0,1024,4510.295,0,2,163840,1
opt_batch_inverse,q128_zero_n1024,compact_ct,0,1024,28144.775,0,2,98304,1
opt_batch_inverse,q128_zero_n1024,public_nonzero,0,1024,1635.132,0,1,81920,1
opt_batch_inverse,q128_zero_n1024,compact_vartime,1,1024,27421.875,0,2,98304,1
opt_batch_inverse,q128_zero_n1024,public_nonzero,1,1024,1611.897,0,1,81920,1
opt_batch_inverse,q128_zero_n1024,compact_ct,1,1024,26805.623,0,2,98304,1
opt_batch_inverse,q128_zero_n1024,production_one_inverse,1,1024,4305.257,0,2,163840,1
opt_batch_inverse,q128_zero_n1024,production_one_inverse,2,1024,4439.128,0,2,163840,1
opt_batch_inverse,q128_zero_n1024,compact_ct,2,1024,26739.421,0,2,98304,1
opt_batch_inverse,q128_zero_n1024,public_nonzero,2,1024,1549.602,0,1,81920,1
opt_batch_inverse,q128_zero_n1024,compact_vartime,2,1024,26680.298,0,2,98304,1
opt_batch_inverse,q128_zero_n1024,compact_vartime,3,1024,27637.695,0,2,98304,1
opt_batch_inverse,q128_zero_n1024,public_nonzero,3,1024,1718.831,0,1,81920,1
opt_batch_inverse,q128_zero_n1024,compact_ct,3,1024,27415.649,0,2,98304,1
opt_batch_inverse,q128_zero_n1024,production_one_inverse,3,1024,4520.671,0,2,163840,1
opt_batch_inverse,q128_zero_n1024,compact_ct,4,1024,26693.562,0,2,98304,1
opt_batch_inverse,q128_zero_n1024,production_one_inverse,4,1024,4454.224,0,2,163840,1
opt_batch_inverse,q128_zero_n1024,compact_vartime,4,1024,26249.878,0,2,98304,1
opt_batch_inverse,q128_zero_n1024,public_nonzero,4,1024,1551.066,0,1,81920,1
opt_batch_inverse,q128_zero_n1024,public_nonzero,5,1024,1559.042,0,1,81920,1
opt_batch_inverse,q128_zero_n1024,compact_ct,5,1024,26178.020,0,2,98304,1
opt_batch_inverse,q128_zero_n1024,compact_vartime,5,1024,25954.630,0,2,98304,1
opt_batch_inverse,q128_zero_n1024,production_one_inverse,5,1024,4386.189,0,2,163840,1
opt_batch_inverse,q128_zero_n1024,compact_ct,6,1024,27516.562,0,2,98304,1
opt_batch_inverse,q128_zero_n1024,compact_vartime,6,1024,27595.663,0,2,98304,1
opt_batch_inverse,q128_zero_n1024,production_one_inverse,6,1024,4483.602,0,2,163840,1
opt_batch_inverse,q128_zero_n1024,public_nonzero,6,1024,1501.872,0,1,81920,1
opt_batch_inverse,q128_zero_n1024,public_nonzero,7,1024,1399.739,0,1,81920,1
opt_batch_inverse,q128_zero_n1024,compact_ct,7,1024,26484.457,0,2,98304,1
opt_batch_inverse,q128_zero_n1024,compact_vartime,7,1024,27557.536,0,2,98304,1
opt_batch_inverse,q128_zero_n1024,production_one_inverse,7,1024,4465.250,0,2,163840,1
opt_batch_inverse,q128_zero_n1024,public_nonzero,8,1024,1492.839,0,1,81920,1
opt_batch_inverse,q128_zero_n1024,production_one_inverse,8,1024,4569.824,0,2,163840,1
opt_batch_inverse,q128_zero_n1024,compact_vartime,8,1024,27877.482,0,2,98304,1
opt_batch_inverse,q128_zero_n1024,compact_ct,8,1024,26626.709,0,2,98304,1
opt_batch_inverse,q128_zero_n1024,compact_ct,9,1024,29318.604,0,2,98304,1
opt_batch_inverse,q128_zero_n1024,compact_vartime,9,1024,27182.047,0,2,98304,1
opt_batch_inverse,q128_zero_n1024,production_one_inverse,9,1024,4368.978,0,2,163840,1
opt_batch_inverse,q128_zero_n1024,public_nonzero,9,1024,1489.055,0,1,81920,1
opt_batch_inverse,q128_zero_n1024,compact_vartime,10,1024,27025.228,0,2,98304,1
opt_batch_inverse,q128_zero_n1024,production_one_inverse,10,1024,4565.267,0,2,163840,1
opt_batch_inverse,q128_zero_n1024,compact_ct,10,1024,28317.220,0,2,98304,1
opt_batch_inverse,q128_zero_n1024,public_nonzero,10,1024,1755.900,0,1,81920,1
opt_batch_inverse,q128_zero_n1024,compact_ct,11,1024,26506.185,0,2,98304,1
opt_batch_inverse,q128_zero_n1024,public_nonzero,11,1024,1578.328,0,1,81920,1
opt_batch_inverse,q128_zero_n1024,compact_vartime,11,1024,26917.644,0,2,98304,1
opt_batch_inverse,q128_zero_n1024,production_one_inverse,11,1024,4651.448,0,2,163840,1
opt_batch_inverse,q128_zero_n1024,production_one_inverse,12,1024,4544.759,0,2,163840,1
opt_batch_inverse,q128_zero_n1024,compact_ct,12,1024,28450.968,0,2,98304,1
opt_batch_inverse,q128_zero_n1024,public_nonzero,12,1024,1725.586,0,1,81920,1
opt_batch_inverse,q128_zero_n1024,compact_vartime,12,1024,26769.368,0,2,98304,1
opt_batch_inverse,q128_zero_n1024,public_nonzero,13,1024,1553.467,0,1,81920,1
opt_batch_inverse,q128_zero_n1024,compact_ct,13,1024,26608.521,0,2,98304,1
opt_batch_inverse,q128_zero_n1024,production_one_inverse,13,1024,4291.382,0,2,163840,1
opt_batch_inverse,q128_zero_n1024,compact_vartime,13,1024,28316.690,0,2,98304,1
opt_batch_inverse,q128_zero_n1024,production_one_inverse,14,1024,4551.758,0,2,163840,1
opt_batch_inverse,q128_zero_n1024,public_nonzero,14,1024,1556.315,0,1,81920,1
opt_batch_inverse,q128_zero_n1024,compact_vartime,14,1024,27906.575,0,2,98304,1
opt_batch_inverse,q128_zero_n1024,compact_ct,14,1024,26519.694,0,2,98304,1
opt_batch_inverse,q128_zero_n1024,compact_vartime,15,1024,26050.781,0,2,98304,1
opt_batch_inverse,q128_zero_n1024,production_one_inverse,15,1024,4221.150,0,2,163840,1
opt_batch_inverse,q128_zero_n1024,compact_ct,15,1024,26818.604,0,2,98304,1
opt_batch_inverse,q128_zero_n1024,public_nonzero,15,1024,1635.376,0,1,81920,1
opt_batch_inverse,q128_zero_n1024,public_nonzero,16,1024,1570.312,0,1,81920,1
opt_batch_inverse,q128_zero_n1024,compact_ct,16,1024,27983.032,0,2,98304,1
opt_batch_inverse,q128_zero_n1024,production_one_inverse,16,1024,4847.046,0,2,163840,1
opt_batch_inverse,q128_zero_n1024,compact_vartime,16,1024,27590.048,0,2,98304,1
opt_batch_inverse,q128_zero_n1024,production_one_inverse,17,1024,4327.719,0,2,163840,1
opt_batch_inverse,q128_zero_n1024,public_nonzero,17,1024,1420.532,0,1,81920,1
opt_batch_inverse,q128_zero_n1024,compact_ct,17,1024,27446.127,0,2,98304,1
opt_batch_inverse,q128_zero_n1024,compact_vartime,17,1024,28130.818,0,2,98304,1
opt_batch_inverse,q128_zero_n1024,production_one_inverse,18,1024,4599.243,0,2,163840,1
opt_batch_inverse,q128_zero_n1024,compact_ct,18,1024,27197.388,0,2,98304,1
opt_batch_inverse,q128_zero_n1024,compact_vartime,18,1024,27350.749,0,2,98304,1
opt_batch_inverse,q128_zero_n1024,public_nonzero,18,1024,1751.018,0,1,81920,1
opt_batch_inverse,q128_zero_n1024,production_one_inverse,19,1024,4533.203,0,2,163840,1
opt_batch_inverse,q128_zero_n1024,compact_vartime,19,1024,27753.621,0,2,98304,1
opt_batch_inverse,q128_zero_n1024,compact_ct,19,1024,26484.781,0,2,98304,1
opt_batch_inverse,q128_zero_n1024,public_nonzero,19,1024,1554.606,0,1,81920,1
opt_batch_inverse,q128_zero_n1024,compact_vartime,20,1024,25944.905,0,2,98304,1
opt_batch_inverse,q128_zero_n1024,public_nonzero,20,1024,1620.239,0,1,81920,1
opt_batch_inverse,q128_zero_n1024,production_one_inverse,20,1024,4239.055,0,2,163840,1
opt_batch_inverse,q128_zero_n1024,compact_ct,20,1024,26160.889,0,2,98304,1
opt_batch_inverse,q128_zero_n1024,production_one_inverse,21,1024,4322.428,0,2,163840,1
opt_batch_inverse,q128_zero_n1024,compact_ct,21,1024,27002.930,0,2,98304,1
opt_batch_inverse,q128_zero_n1024,compact_vartime,21,1024,27952.962,0,2,98304,1
opt_batch_inverse,q128_zero_n1024,public_nonzero,21,1024,1655.029,0,1,81920,1
opt_batch_inverse,q128_zero_n1024,compact_ct,22,1024,27894.694,0,2,98304,1
opt_batch_inverse,q128_zero_n1024,public_nonzero,22,1024,1668.620,0,1,81920,1
opt_batch_inverse,q128_zero_n1024,production_one_inverse,22,1024,4651.652,0,2,163840,1
opt_batch_inverse,q128_zero_n1024,compact_vartime,22,1024,28176.555,0,2,98304,1
opt_batch_inverse,q128_zero_n1024,production_one_inverse,23,1024,4552.205,0,2,163840,1
opt_batch_inverse,q128_zero_n1024,compact_ct,23,1024,27912.354,0,2,98304,1
opt_batch_inverse,q128_zero_n1024,compact_vartime,23,1024,25941.813,0,2,98304,1
opt_batch_inverse,q128_zero_n1024,public_nonzero,23,1024,1526.652,0,1,81920,1
opt_batch_inverse,q128_zero_n1024,compact_ct,24,1024,27393.474,0,2,98304,1
opt_batch_inverse,q128_zero_n1024,production_one_inverse,24,1024,4911.174,0,2,163840,1
opt_batch_inverse,q128_zero_n1024,compact_vartime,24,1024,28187.053,0,2,98304,1
opt_batch_inverse,q128_zero_n1024,public_nonzero,24,1024,1732.910,0,1,81920,1
opt_batch_inverse,q128_zero_n1024,public_nonzero,25,1024,1781.250,0,1,81920,1
opt_batch_inverse,q128_zero_n1024,compact_vartime,25,1024,26506.917,0,2,98304,1
opt_batch_inverse,q128_zero_n1024,production_one_inverse,25,1024,4222.534,0,2,163840,1
opt_batch_inverse,q128_zero_n1024,compact_ct,25,1024,26899.496,0,2,98304,1
opt_batch_inverse,q128_zero_n1024,compact_vartime,26,1024,26098.918,0,2,98304,1
opt_batch_inverse,q128_zero_n1024,compact_ct,26,1024,27820.435,0,2,98304,1
opt_batch_inverse,q128_zero_n1024,public_nonzero,26,1024,1697.795,0,1,81920,1
opt_batch_inverse,q128_zero_n1024,production_one_inverse,26,1024,4538.370,0,2,163840,1
opt_batch_inverse,q128_zero_n1024,compact_ct,27,1024,28063.313,0,2,98304,1
opt_batch_inverse,q128_zero_n1024,public_nonzero,27,1024,1607.463,0,1,81920,1
opt_batch_inverse,q128_zero_n1024,production_one_inverse,27,1024,4273.153,0,2,163840,1
opt_batch_inverse,q128_zero_n1024,compact_vartime,27,1024,26652.385,0,2,98304,1
opt_batch_inverse,q128_zero_n1024,production_one_inverse,28,1024,4524.129,0,2,163840,1
opt_batch_inverse,q128_zero_n1024,public_nonzero,28,1024,1485.758,0,1,81920,1
opt_batch_inverse,q128_zero_n1024,compact_ct,28,1024,28781.006,0,2,98304,1
opt_batch_inverse,q128_zero_n1024,compact_vartime,28,1024,27291.301,0,2,98304,1
opt_batch_inverse,q128_zero_n1024,compact_vartime,29,1024,26732.178,0,2,98304,1
opt_batch_inverse,q128_zero_n1024,public_nonzero,29,1024,1651.163,0,1,81920,1
opt_batch_inverse,q128_zero_n1024,production_one_inverse,29,1024,4433.878,0,2,163840,1
opt_batch_inverse,q128_zero_n1024,compact_ct,29,1024,28203.450,0,2,98304,1
opt_batch_inverse,q128_zero_n1024,compact_ct,30,1024,26787.557,0,2,98304,1
opt_batch_inverse,q128_zero_n1024,compact_vartime,30,1024,26210.815,0,2,98304,1
opt_batch_inverse,q128_zero_n1024,production_one_inverse,30,1024,4515.178,0,2,163840,1
opt_batch_inverse,q128_zero_n1024,public_nonzero,30,1024,1518.270,0,1,81920,1
opt_batch_inverse,q128_zero_n1024,compact_vartime,31,1024,27984.985,0,2,98304,1
opt_batch_inverse,q128_zero_n1024,compact_ct,31,1024,27943.481,0,2,98304,1
opt_batch_inverse,q128_zero_n1024,public_nonzero,31,1024,1545.410,0,1,81920,1
opt_batch_inverse,q128_zero_n1024,production_one_inverse,31,1024,4273.966,0,2,163840,1
opt_gf_grid,16,direct_pass,0,4096,809.530,16384,0,0,1
opt_gf_grid,16,direct_tiles,0,4096,810.760,16384,0,0,1
opt_gf_grid,16,production_fused,0,4096,819.051,16384,0,0,1
opt_gf_grid,16,chunked,0,4096,831.095,16384,0,0,1
opt_gf_grid,16,production_fused,1,4096,821.950,16384,0,0,1
opt_gf_grid,16,chunked,1,4096,833.659,16384,0,0,1
opt_gf_grid,16,direct_pass,1,4096,843.058,16384,0,0,1
opt_gf_grid,16,direct_tiles,1,4096,856.527,16384,0,0,1
opt_gf_grid,16,chunked,2,4096,884.735,16384,0,0,1
opt_gf_grid,16,direct_pass,2,4096,882.009,16384,0,0,1
opt_gf_grid,16,direct_tiles,2,4096,863.058,16384,0,0,1
opt_gf_grid,16,production_fused,2,4096,879.710,16384,0,0,1
opt_gf_grid,16,production_fused,3,4096,943.552,16384,0,0,1
opt_gf_grid,16,direct_pass,3,4096,928.406,16384,0,0,1
opt_gf_grid,16,direct_tiles,3,4096,910.421,16384,0,0,1
opt_gf_grid,16,chunked,3,4096,921.499,16384,0,0,1
opt_gf_grid,16,chunked,4,4096,889.781,16384,0,0,1
opt_gf_grid,16,direct_pass,4,4096,863.485,16384,0,0,1
opt_gf_grid,16,direct_tiles,4,4096,876.058,16384,0,0,1
opt_gf_grid,16,production_fused,4,4096,890.727,16384,0,0,1
opt_gf_grid,16,direct_pass,5,4096,835.938,16384,0,0,1
opt_gf_grid,16,direct_tiles,5,4096,830.383,16384,0,0,1
opt_gf_grid,16,production_fused,5,4096,823.558,16384,0,0,1
opt_gf_grid,16,chunked,5,4096,856.486,16384,0,0,1
opt_gf_grid,16,chunked,6,4096,835.775,16384,0,0,1
opt_gf_grid,16,direct_pass,6,4096,805.979,16384,0,0,1
opt_gf_grid,16,production_fused,6,4096,826.935,16384,0,0,1
opt_gf_grid,16,direct_tiles,6,4096,803.528,16384,0,0,1
opt_gf_grid,16,direct_tiles,7,4096,804.535,16384,0,0,1
opt_gf_grid,16,direct_pass,7,4096,836.151,16384,0,0,1
opt_gf_grid,16,production_fused,7,4096,872.620,16384,0,0,1
opt_gf_grid,16,chunked,7,4096,878.886,16384,0,0,1
opt_gf_grid,16,direct_tiles,8,4096,849.080,16384,0,0,1
opt_gf_grid,16,production_fused,8,4096,874.094,16384,0,0,1
opt_gf_grid,16,chunked,8,4096,877.899,16384,0,0,1
opt_gf_grid,16,direct_pass,8,4096,857.483,16384,0,0,1
opt_gf_grid,16,production_fused,9,4096,864.858,16384,0,0,1
opt_gf_grid,16,direct_pass,9,4096,860.565,16384,0,0,1
opt_gf_grid,16,direct_tiles,9,4096,852.417,16384,0,0,1
opt_gf_grid,16,chunked,9,4096,883.687,16384,0,0,1
opt_gf_grid,16,direct_pass,10,4096,873.627,16384,0,0,1
opt_gf_grid,16,chunked,10,4096,890.340,16384,0,0,1
opt_gf_grid,16,production_fused,10,4096,868.052,16384,0,0,1
opt_gf_grid,16,direct_tiles,10,4096,859.111,16384,0,0,1
opt_gf_grid,16,chunked,11,4096,888.428,16384,0,0,1
opt_gf_grid,16,direct_pass,11,4096,840.800,16384,0,0,1
opt_gf_grid,16,production_fused,11,4096,824.677,16384,0,0,1
opt_gf_grid,16,direct_tiles,11,4096,803.507,16384,0,0,1
opt_gf_grid,16,direct_pass,12,4096,804.952,16384,0,0,1
opt_gf_grid,16,direct_tiles,12,4096,847.107,16384,0,0,1
opt_gf_grid,16,production_fused,12,4096,902.842,16384,0,0,1
opt_gf_grid,16,chunked,12,4096,851.440,16384,0,0,1
opt_gf_grid,16,production_fused,13,4096,866.089,16384,0,0,1
opt_gf_grid,16,chunked,13,4096,848.826,16384,0,0,1
opt_gf_grid,16,direct_tiles,13,4096,822.764,16384,0,0,1
opt_gf_grid,16,direct_pass,13,4096,840.800,16384,0,0,1
opt_gf_grid,16,chunked,14,4096,870.402,16384,0,0,1
opt_gf_grid,16,direct_tiles,14,4096,827.454,16384,0,0,1
opt_gf_grid,16,production_fused,14,4096,906.921,16384,0,0,1
opt_gf_grid,16,direct_pass,14,4096,887.583,16384,0,0,1
opt_gf_grid,16,direct_pass,15,4096,893.850,16384,0,0,1
opt_gf_grid,16,direct_tiles,15,4096,907.786,16384,0,0,1
opt_gf_grid,16,chunked,15,4096,955.994,16384,0,0,1
opt_gf_grid,16,production_fused,15,4096,855.875,16384,0,0,1
opt_gf_grid,16,production_fused,16,4096,874.410,16384,0,0,1
opt_gf_grid,16,direct_pass,16,4096,881.510,16384,0,0,1
opt_gf_grid,16,direct_tiles,16,4096,934.062,16384,0,0,1
opt_gf_grid,16,chunked,16,4096,900.045,16384,0,0,1
opt_gf_grid,16,chunked,17,4096,912.740,16384,0,0,1
opt_gf_grid,16,direct_pass,17,4096,844.900,16384,0,0,1
opt_gf_grid,16,production_fused,17,4096,873.332,16384,0,0,1
opt_gf_grid,16,direct_tiles,17,4096,889.587,16384,0,0,1
opt_gf_grid,16,direct_pass,18,4096,896.505,16384,0,0,1
opt_gf_grid,16,direct_tiles,18,4096,839.610,16384,0,0,1
opt_gf_grid,16,chunked,18,4096,878.662,16384,0,0,1
opt_gf_grid,16,production_fused,18,4096,838.857,16384,0,0,1
opt_gf_grid,16,direct_tiles,19,4096,822.581,16384,0,0,1
opt_gf_grid,16,chunked,19,4096,874.857,16384,0,0,1
opt_gf_grid,16,direct_pass,19,4096,832.743,16384,0,0,1
opt_gf_grid,16,production_fused,19,4096,862.233,16384,0,0,1
opt_gf_grid,16,direct_pass,20,4096,853.404,16384,0,0,1
opt_gf_grid,16,chunked,20,4096,876.139,16384,0,0,1
opt_gf_grid,16,direct_tiles,20,4096,839.447,16384,0,0,1
opt_gf_grid,16,production_fused,20,4096,891.154,16384,0,0,1
opt_gf_grid,16,production_fused,21,4096,912.262,16384,0,0,1
opt_gf_grid,16,direct_pass,21,4096,923.452,16384,0,0,1
opt_gf_grid,16,direct_tiles,21,4096,898.438,16384,0,0,1
opt_gf_grid,16,chunked,21,4096,940.023,16384,0,0,1
opt_gf_grid,16,chunked,22,4096,922.445,16384,0,0,1
opt_gf_grid,16,production_fused,22,4096,928.854,16384,0,0,1
opt_gf_grid,16,direct_tiles,22,4096,873.199,16384,0,0,1
opt_gf_grid,16,direct_pass,22,4096,867.839,16384,0,0,1
opt_gf_grid,16,chunked,23,4096,893.585,16384,0,0,1
opt_gf_grid,16,direct_pass,23,4096,871.725,16384,0,0,1
opt_gf_grid,16,production_fused,23,4096,884.267,16384,0,0,1
opt_gf_grid,16,direct_tiles,23,4096,875.082,16384,0,0,1
opt_gf_grid,16,direct_tiles,24,4096,874.146,16384,0,0,1
opt_gf_grid,16,direct_pass,24,4096,840.434,16384,0,0,1
opt_gf_grid,16,production_fused,24,4096,830.292,16384,0,0,1
opt_gf_grid,16,chunked,24,4096,838.877,16384,0,0,1
opt_gf_grid,16,direct_pass,25,4096,813.283,16384,0,0,1
opt_gf_grid,16,production_fused,25,4096,828.044,16384,0,0,1
opt_gf_grid,16,chunked,25,4096,838.186,16384,0,0,1
opt_gf_grid,16,direct_tiles,25,4096,819.031,16384,0,0,1
opt_gf_grid,16,direct_tiles,26,4096,846.893,16384,0,0,1
opt_gf_grid,16,direct_pass,26,4096,873.362,16384,0,0,1
opt_gf_grid,16,chunked,26,4096,872.396,16384,0,0,1
opt_gf_grid,16,production_fused,26,4096,847.727,16384,0,0,1
opt_gf_grid,16,production_fused,27,4096,890.361,16384,0,0,1
opt_gf_grid,16,direct_tiles,27,4096,842.763,16384,0,0,1
opt_gf_grid,16,direct_pass,27,4096,856.130,16384,0,0,1
opt_gf_grid,16,chunked,27,4096,863.322,16384,0,0,1
opt_gf_grid,16,direct_pass,28,4096,822.866,16384,0,0,1
opt_gf_grid,16,production_fused,28,4096,855.845,16384,0,0,1
opt_gf_grid,16,direct_tiles,28,4096,930.003,16384,0,0,1
opt_gf_grid,16,chunked,28,4096,934.418,16384,0,0,1
opt_gf_grid,16,production_fused,29,4096,897.258,16384,0,0,1
opt_gf_grid,16,direct_pass,29,4096,865.621,16384,0,0,1
opt_gf_grid,16,direct_tiles,29,4096,866.129,16384,0,0,1
opt_gf_grid,16,chunked,29,4096,889.486,16384,0,0,1
opt_gf_grid,16,chunked,30,4096,881.388,16384,0,0,1
opt_gf_grid,16,direct_pass,30,4096,858.856,16384,0,0,1
opt_gf_grid,16,production_fused,30,4096,871.185,16384,0,0,1
opt_gf_grid,16,direct_tiles,30,4096,857.320,16384,0,0,1
opt_gf_grid,16,chunked,31,4096,888.041,16384,0,0,1
opt_gf_grid,16,direct_pass,31,4096,857.198,16384,0,0,1
opt_gf_grid,16,production_fused,31,4096,886.617,16384,0,0,1
opt_gf_grid,16,direct_tiles,31,4096,846.710,16384,0,0,1
opt_gf_grid,1024,chunked,0,64,54986.984,1048576,0,0,1
opt_gf_grid,1024,direct_pass,0,64,50651.031,1048576,0,0,1
opt_gf_grid,1024,direct_tiles,0,64,51030.594,1048576,0,0,1
opt_gf_grid,1024,production_fused,0,64,52980.469,1048576,0,0,1
opt_gf_grid,1024,chunked,1,64,54996.750,1048576,0,0,1
opt_gf_grid,1024,production_fused,1,64,52636.719,1048576,0,0,1
opt_gf_grid,1024,direct_pass,1,64,50662.109,1048576,0,0,1
opt_gf_grid,1024,direct_tiles,1,64,50809.891,1048576,0,0,1
opt_gf_grid,1024,chunked,2,64,54981.125,1048576,0,0,1
opt_gf_grid,1024,production_fused,2,64,52811.203,1048576,0,0,1
opt_gf_grid,1024,direct_pass,2,64,52097.000,1048576,0,0,1
opt_gf_grid,1024,direct_tiles,2,64,52478.516,1048576,0,0,1
opt_gf_grid,1024,direct_tiles,3,64,52820.312,1048576,0,0,1
opt_gf_grid,1024,production_fused,3,64,55498.688,1048576,0,0,1
opt_gf_grid,1024,chunked,3,64,59979.812,1048576,0,0,1
opt_gf_grid,1024,direct_pass,3,64,59473.969,1048576,0,0,1
opt_gf_grid,1024,direct_tiles,4,64,58641.281,1048576,0,0,1
opt_gf_grid,1024,production_fused,4,64,60291.672,1048576,0,0,1
opt_gf_grid,1024,direct_pass,4,64,57133.469,1048576,0,0,1
opt_gf_grid,1024,chunked,4,64,59491.531,1048576,0,0,1
opt_gf_grid,1024,direct_tiles,5,64,57754.562,1048576,0,0,1
opt_gf_grid,1024,chunked,5,64,62386.719,1048576,0,0,1
opt_gf_grid,1024,production_fused,5,64,61429.688,1048576,0,0,1
opt_gf_grid,1024,direct_pass,5,64,57933.594,1048576,0,0,1
opt_gf_grid,1024,production_fused,6,64,57162.766,1048576,0,0,1
opt_gf_grid,1024,chunked,6,64,59326.828,1048576,0,0,1
opt_gf_grid,1024,direct_tiles,6,64,55093.109,1048576,0,0,1
opt_gf_grid,1024,direct_pass,6,64,54563.797,1048576,0,0,1
opt_gf_grid,1024,chunked,7,64,56358.078,1048576,0,0,1
opt_gf_grid,1024,direct_tiles,7,64,50938.156,1048576,0,0,1
opt_gf_grid,1024,production_fused,7,64,52501.953,1048576,0,0,1
opt_gf_grid,1024,direct_pass,7,64,50705.734,1048576,0,0,1
opt_gf_grid,1024,production_fused,8,64,52469.391,1048576,0,0,1
opt_gf_grid,1024,direct_pass,8,64,50931.641,1048576,0,0,1
opt_gf_grid,1024,chunked,8,64,55156.250,1048576,0,0,1
opt_gf_grid,1024,direct_tiles,8,64,50798.828,1048576,0,0,1
opt_gf_grid,1024,direct_tiles,9,64,50863.281,1048576,0,0,1
opt_gf_grid,1024,chunked,9,64,54728.516,1048576,0,0,1
opt_gf_grid,1024,production_fused,9,64,52481.125,1048576,0,0,1
opt_gf_grid,1024,direct_pass,9,64,50711.594,1048576,0,0,1
opt_gf_grid,1024,direct_pass,10,64,50606.766,1048576,0,0,1
opt_gf_grid,1024,production_fused,10,64,52590.484,1048576,0,0,1
opt_gf_grid,1024,direct_tiles,10,64,51173.828,1048576,0,0,1
opt_gf_grid,1024,chunked,10,64,54840.500,1048576,0,0,1
opt_gf_grid,1024,production_fused,11,64,52481.766,1048576,0,0,1
opt_gf_grid,1024,direct_tiles,11,64,50781.250,1048576,0,0,1
opt_gf_grid,1024,chunked,11,64,55339.844,1048576,0,0,1
opt_gf_grid,1024,direct_pass,11,64,50885.422,1048576,0,0,1
opt_gf_grid,1024,direct_tiles,12,64,50795.578,1048576,0,0,1
opt_gf_grid,1024,production_fused,12,64,52472.656,1048576,0,0,1
opt_gf_grid,1024,direct_pass,12,64,50640.625,1048576,0,0,1
opt_gf_grid,1024,chunked,12,64,54695.312,1048576,0,0,1
opt_gf_grid,1024,production_fused,13,64,56679.047,1048576,0,0,1
opt_gf_grid,1024,direct_tiles,13,64,51781.250,1048576,0,0,1
opt_gf_grid,1024,direct_pass,13,64,53304.688,1048576,0,0,1
opt_gf_grid,1024,chunked,13,64,58687.500,1048576,0,0,1
opt_gf_grid,1024,chunked,14,64,57854.812,1048576,0,0,1
opt_gf_grid,1024,direct_pass,14,64,52602.203,1048576,0,0,1
opt_gf_grid,1024,direct_tiles,14,64,54460.938,1048576,0,0,1
opt_gf_grid,1024,production_fused,14,64,53714.188,1048576,0,0,1
opt_gf_grid,1024,direct_tiles,15,64,51392.578,1048576,0,0,1
opt_gf_grid,1024,production_fused,15,64,55136.719,1048576,0,0,1
opt_gf_grid,1024,direct_pass,15,64,54122.391,1048576,0,0,1
opt_gf_grid,1024,chunked,15,64,59907.547,1048576,0,0,1
opt_gf_grid,1024,direct_pass,16,64,53548.188,1048576,0,0,1
opt_gf_grid,1024,direct_tiles,16,64,52832.688,1048576,0,0,1
opt_gf_grid,1024,chunked,16,64,54787.109,1048576,0,0,1
opt_gf_grid,1024,production_fused,16,64,52647.125,1048576,0,0,1
opt_gf_grid,1024,direct_pass,17,64,50729.828,1048576,0,0,1
opt_gf_grid,1024,production_fused,17,64,52466.141,1048576,0,0,1
opt_gf_grid,1024,direct_tiles,17,64,50892.578,1048576,0,0,1
opt_gf_grid,1024,chunked,17,64,55221.359,1048576,0,0,1
opt_gf_grid,1024,production_fused,18,64,55486.328,1048576,0,0,1
opt_gf_grid,1024,direct_tiles,18,64,54350.250,1048576,0,0,1
opt_gf_grid,1024,direct_pass,18,64,53961.578,1048576,0,0,1
opt_gf_grid,1024,chunked,18,64,57638.016,1048576,0,0,1
opt_gf_grid,1024,chunked,19,64,58807.297,1048576,0,0,1
opt_gf_grid,1024,production_fused,19,64,55632.812,1048576,0,0,1
opt_gf_grid,1024,direct_tiles,19,64,54172.531,1048576,0,0,1
opt_gf_grid,1024,direct_pass,19,64,53729.156,1048576,0,0,1
opt_gf_grid,1024,production_fused,20,64,56450.531,1048576,0,0,1
opt_gf_grid,1024,direct_tiles,20,64,55339.844,1048576,0,0,1
opt_gf_grid,1024,direct_pass,20,64,62273.438,1048576,0,0,1
opt_gf_grid,1024,chunked,20,64,62983.719,1048576,0,0,1
opt_gf_grid,1024,direct_tiles,21,64,56257.156,1048576,0,0,1
opt_gf_grid,1024,production_fused,21,64,57347.656,1048576,0,0,1
opt_gf_grid,1024,chunked,21,64,59677.078,1048576,0,0,1
opt_gf_grid,1024,direct_pass,21,64,55238.281,1048576,0,0,1
opt_gf_grid,1024,direct_tiles,22,64,54886.719,1048576,0,0,1
opt_gf_grid,1024,direct_pass,22,64,54733.734,1048576,0,0,1
opt_gf_grid,1024,chunked,22,64,56363.281,1048576,0,0,1
opt_gf_grid,1024,production_fused,22,64,52601.562,1048576,0,0,1
opt_gf_grid,1024,direct_pass,23,64,52938.812,1048576,0,0,1
opt_gf_grid,1024,chunked,23,64,58236.984,1048576,0,0,1
opt_gf_grid,1024,production_fused,23,64,56447.906,1048576,0,0,1
opt_gf_grid,1024,direct_tiles,23,64,55637.359,1048576,0,0,1
opt_gf_grid,1024,chunked,24,64,55569.656,1048576,0,0,1
opt_gf_grid,1024,direct_tiles,24,64,51380.859,1048576,0,0,1
opt_gf_grid,1024,direct_pass,24,64,51944.672,1048576,0,0,1
opt_gf_grid,1024,production_fused,24,64,54751.953,1048576,0,0,1
opt_gf_grid,1024,direct_tiles,25,64,51888.031,1048576,0,0,1
opt_gf_grid,1024,direct_pass,25,64,51803.375,1048576,0,0,1
opt_gf_grid,1024,production_fused,25,64,53149.734,1048576,0,0,1
opt_gf_grid,1024,chunked,25,64,55347.000,1048576,0,0,1
opt_gf_grid,1024,chunked,26,64,58959.641,1048576,0,0,1
opt_gf_grid,1024,production_fused,26,64,59263.672,1048576,0,0,1
opt_gf_grid,1024,direct_pass,26,64,54834.641,1048576,0,0,1
opt_gf_grid,1024,direct_tiles,26,64,54652.344,1048576,0,0,1
opt_gf_grid,1024,direct_tiles,27,64,54759.766,1048576,0,0,1
opt_gf_grid,1024,direct_pass,27,64,54878.250,1048576,0,0,1
opt_gf_grid,1024,production_fused,27,64,57020.844,1048576,0,0,1
opt_gf_grid,1024,chunked,27,64,58831.375,1048576,0,0,1
opt_gf_grid,1024,production_fused,28,64,56302.078,1048576,0,0,1
opt_gf_grid,1024,direct_pass,28,64,54757.156,1048576,0,0,1
opt_gf_grid,1024,chunked,28,64,59340.500,1048576,0,0,1
opt_gf_grid,1024,direct_tiles,28,64,54908.859,1048576,0,0,1
opt_gf_grid,1024,direct_pass,29,64,55223.953,1048576,0,0,1
opt_gf_grid,1024,production_fused,29,64,56962.891,1048576,0,0,1
opt_gf_grid,1024,chunked,29,64,57800.125,1048576,0,0,1
opt_gf_grid,1024,direct_tiles,29,64,53767.578,1048576,0,0,1
opt_gf_grid,1024,direct_tiles,30,64,56784.500,1048576,0,0,1
opt_gf_grid,1024,production_fused,30,64,59363.281,1048576,0,0,1
opt_gf_grid,1024,direct_pass,30,64,53920.578,1048576,0,0,1
opt_gf_grid,1024,chunked,30,64,60703.125,1048576,0,0,1
opt_gf_grid,1024,production_fused,31,64,57076.828,1048576,0,0,1
opt_gf_grid,1024,direct_pass,31,64,55279.938,1048576,0,0,1
opt_gf_grid,1024,chunked,31,64,59482.422,1048576,0,0,1
opt_gf_grid,1024,direct_tiles,31,64,54554.031,1048576,0,0,1
opt_f2_poly_dot,a3_b7_dense_n16,public_fused,0,32768,161.091,1280,0,0,1
opt_f2_poly_dot,a3_b7_dense_n16,production_zero_skip,0,32768,147.888,1280,0,0,1
opt_f2_poly_dot,a3_b7_dense_n16,public_blocks32,0,32768,112.863,1280,0,0,1
opt_f2_poly_dot,a3_b7_dense_n16,public_blocks8,0,32768,111.502,1280,0,0,1
opt_f2_poly_dot,a3_b7_dense_n16,public_adaptive,0,32768,93.623,1280,0,0,1
opt_f2_poly_dot,a3_b7_dense_n16,public_scan,0,32768,129.178,1280,0,0,1
opt_f2_poly_dot,a3_b7_dense_n16,row_density,0,32768,95.191,1280,0,0,1
opt_f2_poly_dot,a3_b7_dense_n16,fixed_schedule,0,32768,90.705,1280,0,0,1
opt_f2_poly_dot,a3_b7_dense_n16,public_classified,0,32768,98.930,1280,0,0,1
opt_f2_poly_dot,a3_b7_dense_n16,public_masks,0,32768,147.079,1280,0,0,1
opt_f2_poly_dot,a3_b7_dense_n16,public_masks,1,32768,145.369,1280,0,0,1
opt_f2_poly_dot,a3_b7_dense_n16,public_classified,1,32768,93.567,1280,0,0,1
opt_f2_poly_dot,a3_b7_dense_n16,fixed_schedule,1,32768,86.745,1280,0,0,1
opt_f2_poly_dot,a3_b7_dense_n16,public_blocks8,1,32768,105.429,1280,0,0,1
opt_f2_poly_dot,a3_b7_dense_n16,public_scan,1,32768,128.742,1280,0,0,1
opt_f2_poly_dot,a3_b7_dense_n16,public_adaptive,1,32768,95.353,1280,0,0,1
opt_f2_poly_dot,a3_b7_dense_n16,production_zero_skip,1,32768,142.676,1280,0,0,1
opt_f2_poly_dot,a3_b7_dense_n16,public_blocks32,1,32768,107.680,1280,0,0,1
opt_f2_poly_dot,a3_b7_dense_n16,public_fused,1,32768,155.314,1280,0,0,1
opt_f2_poly_dot,a3_b7_dense_n16,row_density,1,32768,88.701,1280,0,0,1
opt_f2_poly_dot,a3_b7_dense_n16,production_zero_skip,2,32768,142.470,1280,0,0,1
opt_f2_poly_dot,a3_b7_dense_n16,public_masks,2,32768,146.666,1280,0,0,1
opt_f2_poly_dot,a3_b7_dense_n16,public_fused,2,32768,171.775,1280,0,0,1
opt_f2_poly_dot,a3_b7_dense_n16,public_blocks32,2,32768,118.884,1280,0,0,1
opt_f2_poly_dot,a3_b7_dense_n16,row_density,2,32768,98.909,1280,0,0,1
opt_f2_poly_dot,a3_b7_dense_n16,public_blocks8,2,32768,117.359,1280,0,0,1
opt_f2_poly_dot,a3_b7_dense_n16,fixed_schedule,2,32768,90.052,1280,0,0,1
opt_f2_poly_dot,a3_b7_dense_n16,public_scan,2,32768,127.977,1280,0,0,1
opt_f2_poly_dot,a3_b7_dense_n16,public_classified,2,32768,100.032,1280,0,0,1
opt_f2_poly_dot,a3_b7_dense_n16,public_adaptive,2,32768,91.944,1280,0,0,1
opt_f2_poly_dot,a3_b7_dense_n16,public_scan,3,32768,129.038,1280,0,0,1
opt_f2_poly_dot,a3_b7_dense_n16,production_zero_skip,3,32768,148.318,1280,0,0,1
opt_f2_poly_dot,a3_b7_dense_n16,public_classified,3,32768,99.271,1280,0,0,1
opt_f2_poly_dot,a3_b7_dense_n16,public_blocks8,3,32768,112.756,1280,0,0,1
opt_f2_poly_dot,a3_b7_dense_n16,public_blocks32,3,32768,111.280,1280,0,0,1
opt_f2_poly_dot,a3_b7_dense_n16,row_density,3,32768,91.790,1280,0,0,1
opt_f2_poly_dot,a3_b7_dense_n16,fixed_schedule,3,32768,85.528,1280,0,0,1
opt_f2_poly_dot,a3_b7_dense_n16,public_adaptive,3,32768,88.375,1280,0,0,1
opt_f2_poly_dot,a3_b7_dense_n16,public_masks,3,32768,141.575,1280,0,0,1
opt_f2_poly_dot,a3_b7_dense_n16,public_fused,3,32768,157.604,1280,0,0,1
opt_f2_poly_dot,a3_b7_dense_n16,public_masks,4,32768,145.048,1280,0,0,1
opt_f2_poly_dot,a3_b7_dense_n16,row_density,4,32768,94.842,1280,0,0,1
opt_f2_poly_dot,a3_b7_dense_n16,public_blocks8,4,32768,108.032,1280,0,0,1
opt_f2_poly_dot,a3_b7_dense_n16,public_classified,4,32768,95.088,1280,0,0,1
opt_f2_poly_dot,a3_b7_dense_n16,public_adaptive,4,32768,87.777,1280,0,0,1
opt_f2_poly_dot,a3_b7_dense_n16,public_fused,4,32768,163.718,1280,0,0,1
opt_f2_poly_dot,a3_b7_dense_n16,fixed_schedule,4,32768,88.720,1280,0,0,1
opt_f2_poly_dot,a3_b7_dense_n16,public_scan,4,32768,125.802,1280,0,0,1
opt_f2_poly_dot,a3_b7_dense_n16,production_zero_skip,4,32768,148.207,1280,0,0,1
opt_f2_poly_dot,a3_b7_dense_n16,public_blocks32,4,32768,114.853,1280,0,0,1
opt_f2_poly_dot,a3_b7_dense_n16,fixed_schedule,5,32768,91.642,1280,0,0,1
opt_f2_poly_dot,a3_b7_dense_n16,row_density,5,32768,97.851,1280,0,0,1
opt_f2_poly_dot,a3_b7_dense_n16,public_scan,5,32768,126.315,1280,0,0,1
opt_f2_poly_dot,a3_b7_dense_n16,public_classified,5,32768,95.582,1280,0,0,1
opt_f2_poly_dot,a3_b7_dense_n16,production_zero_skip,5,32768,147.121,1280,0,0,1
opt_f2_poly_dot,a3_b7_dense_n16,public_adaptive,5,32768,94.434,1280,0,0,1
opt_f2_poly_dot,a3_b7_dense_n16,public_masks,5,32768,146.133,1280,0,0,1
opt_f2_poly_dot,a3_b7_dense_n16,public_fused,5,32768,164.029,1280,0,0,1
opt_f2_poly_dot,a3_b7_dense_n16,public_blocks8,5,32768,110.584,1280,0,0,1
opt_f2_poly_dot,a3_b7_dense_n16,public_blocks32,5,32768,110.795,1280,0,0,1
opt_f2_poly_dot,a3_b7_dense_n16,public_masks,6,32768,139.208,1280,0,0,1
opt_f2_poly_dot,a3_b7_dense_n16,production_zero_skip,6,32768,141.155,1280,0,0,1
opt_f2_poly_dot,a3_b7_dense_n16,public_scan,6,32768,121.232,1280,0,0,1
opt_f2_poly_dot,a3_b7_dense_n16,public_blocks32,6,32768,106.356,1280,0,0,1
opt_f2_poly_dot,a3_b7_dense_n16,public_fused,6,32768,153.394,1280,0,0,1
opt_f2_poly_dot,a3_b7_dense_n16,row_density,6,32768,88.406,1280,0,0,1
opt_f2_poly_dot,a3_b7_dense_n16,public_blocks8,6,32768,104.836,1280,0,0,1
opt_f2_poly_dot,a3_b7_dense_n16,public_classified,6,32768,93.875,1280,0,0,1
opt_f2_poly_dot,a3_b7_dense_n16,fixed_schedule,6,32768,85.615,1280,0,0,1
opt_f2_poly_dot,a3_b7_dense_n16,public_adaptive,6,32768,87.468,1280,0,0,1
opt_f2_poly_dot,a3_b7_dense_n16,public_blocks32,7,32768,105.757,1280,0,0,1
opt_f2_poly_dot,a3_b7_dense_n16,public_classified,7,32768,93.550,1280,0,0,1
opt_f2_poly_dot,a3_b7_dense_n16,row_density,7,32768,88.130,1280,0,0,1
opt_f2_poly_dot,a3_b7_dense_n16,public_fused,7,32768,153.510,1280,0,0,1
opt_f2_poly_dot,a3_b7_dense_n16,public_blocks8,7,32768,104.465,1280,0,0,1
opt_f2_poly_dot,a3_b7_dense_n16,fixed_schedule,7,32768,85.070,1280,0,0,1
opt_f2_poly_dot,a3_b7_dense_n16,public_adaptive,7,32768,87.620,1280,0,0,1
opt_f2_poly_dot,a3_b7_dense_n16,public_masks,7,32768,139.598,1280,0,0,1
opt_f2_poly_dot,a3_b7_dense_n16,production_zero_skip,7,32768,143.637,1280,0,0,1
opt_f2_poly_dot,a3_b7_dense_n16,public_scan,7,32768,124.238,1280,0,0,1
opt_f2_poly_dot,a3_b7_dense_n16,row_density,8,32768,98.066,1280,0,0,1
opt_f2_poly_dot,a3_b7_dense_n16,public_adaptive,8,32768,100.010,1280,0,0,1
opt_f2_poly_dot,a3_b7_dense_n16,public_fused,8,32768,168.162,1280,0,0,1
opt_f2_poly_dot,a3_b7_dense_n16,fixed_schedule,8,32768,96.528,1280,0,0,1
opt_f2_poly_dot,a3_b7_dense_n16,public_scan,8,32768,134.303,1280,0,0,1
opt_f2_poly_dot,a3_b7_dense_n16,production_zero_skip,8,32768,150.457,1280,0,0,1
opt_f2_poly_dot,a3_b7_dense_n16,public_blocks8,8,32768,114.307,1280,0,0,1
opt_f2_poly_dot,a3_b7_dense_n16,public_masks,8,32768,155.538,1280,0,0,1
opt_f2_poly_dot,a3_b7_dense_n16,public_classified,8,32768,106.158,1280,0,0,1
opt_f2_poly_dot,a3_b7_dense_n16,public_blocks32,8,32768,113.452,1280,0,0,1
opt_f2_poly_dot,a3_b7_dense_n16,public_masks,9,32768,147.991,1280,0,0,1
opt_f2_poly_dot,a3_b7_dense_n16,fixed_schedule,9,32768,86.525,1280,0,0,1
opt_f2_poly_dot,a3_b7_dense_n16,row_density,9,32768,88.568,1280,0,0,1
opt_f2_poly_dot,a3_b7_dense_n16,public_scan,9,32768,120.940,1280,0,0,1
opt_f2_poly_dot,a3_b7_dense_n16,public_blocks8,9,32768,104.576,1280,0,0,1
opt_f2_poly_dot,a3_b7_dense_n16,public_adaptive,9,32768,87.751,1280,0,0,1
opt_f2_poly_dot,a3_b7_dense_n16,public_fused,9,32768,153.524,1280,0,0,1
opt_f2_poly_dot,a3_b7_dense_n16,public_classified,9,32768,93.493,1280,0,0,1
opt_f2_poly_dot,a3_b7_dense_n16,public_blocks32,9,32768,105.623,1280,0,0,1
opt_f2_poly_dot,a3_b7_dense_n16,production_zero_skip,9,32768,139.652,1280,0,0,1
opt_f2_poly_dot,a3_b7_dense_n16,public_adaptive,10,32768,87.711,1280,0,0,1
opt_f2_poly_dot,a3_b7_dense_n16,public_blocks8,10,32768,107.164,1280,0,0,1
opt_f2_poly_dot,a3_b7_dense_n16,public_fused,10,32768,157.228,1280,0,0,1
opt_f2_poly_dot,a3_b7_dense_n16,public_classified,10,32768,95.654,1280,0,0,1
opt_f2_poly_dot,a3_b7_dense_n16,public_blocks32,10,32768,107.217,1280,0,0,1
opt_f2_poly_dot,a3_b7_dense_n16,public_masks,10,32768,147.598,1280,0,0,1
opt_f2_poly_dot,a3_b7_dense_n16,production_zero_skip,10,32768,150.617,1280,0,0,1
opt_f2_poly_dot,a3_b7_dense_n16,row_density,10,32768,99.012,1280,0,0,1
opt_f2_poly_dot,a3_b7_dense_n16,fixed_schedule,10,32768,98.763,1280,0,0,1
opt_f2_poly_dot,a3_b7_dense_n16,public_scan,10,32768,130.136,1280,0,0,1
opt_f2_poly_dot,a3_b7_dense_n16,public_masks,11,32768,149.854,1280,0,0,1
opt_f2_poly_dot,a3_b7_dense_n16,public_classified,11,32768,103.587,1280,0,0,1
opt_f2_poly_dot,a3_b7_dense_n16,production_zero_skip,11,32768,146.390,1280,0,0,1
opt_f2_poly_dot,a3_b7_dense_n16,public_fused,11,32768,172.272,1280,0,0,1
opt_f2_poly_dot,a3_b7_dense_n16,public_scan,11,32768,136.225,1280,0,0,1
opt_f2_poly_dot,a3_b7_dense_n16,public_blocks8,11,32768,118.219,1280,0,0,1
opt_f2_poly_dot,a3_b7_dense_n16,public_blocks32,11,32768,117.438,1280,0,0,1
opt_f2_poly_dot,a3_b7_dense_n16,public_adaptive,11,32768,91.550,1280,0,0,1
opt_f2_poly_dot,a3_b7_dense_n16,fixed_schedule,11,32768,90.446,1280,0,0,1
opt_f2_poly_dot,a3_b7_dense_n16,row_density,11,32768,90.665,1280,0,0,1
opt_f2_poly_dot,a3_b7_dense_n16,public_blocks32,12,32768,106.790,1280,0,0,1
opt_f2_poly_dot,a3_b7_dense_n16,public_classified,12,32768,97.655,1280,0,0,1
opt_f2_poly_dot,a3_b7_dense_n16,row_density,12,32768,89.347,1280,0,0,1
opt_f2_poly_dot,a3_b7_dense_n16,public_scan,12,32768,122.899,1280,0,0,1
opt_f2_poly_dot,a3_b7_dense_n16,public_masks,12,32768,152.534,1280,0,0,1
opt_f2_poly_dot,a3_b7_dense_n16,fixed_schedule,12,32768,90.291,1280,0,0,1
opt_f2_poly_dot,a3_b7_dense_n16,production_zero_skip,12,32768,148.584,1280,0,0,1
opt_f2_poly_dot,a3_b7_dense_n16,public_fused,12,32768,162.693,1280,0,0,1
opt_f2_poly_dot,a3_b7_dense_n16,public_adaptive,12,32768,92.490,1280,0,0,1
opt_f2_poly_dot,a3_b7_dense_n16,public_blocks8,12,32768,110.161,1280,0,0,1
opt_f2_poly_dot,a3_b7_dense_n16,public_classified,13,32768,99.431,1280,0,0,1
opt_f2_poly_dot,a3_b7_dense_n16,production_zero_skip,13,32768,148.131,1280,0,0,1
opt_f2_poly_dot,a3_b7_dense_n16,public_scan,13,32768,126.993,1280,0,0,1
opt_f2_poly_dot,a3_b7_dense_n16,public_blocks32,13,32768,113.873,1280,0,0,1
opt_f2_poly_dot,a3_b7_dense_n16,row_density,13,32768,94.147,1280,0,0,1
opt_f2_poly_dot,a3_b7_dense_n16,fixed_schedule,13,32768,90.500,1280,0,0,1
opt_f2_poly_dot,a3_b7_dense_n16,public_blocks8,13,32768,111.145,1280,0,0,1
opt_f2_poly_dot,a3_b7_dense_n16,public_masks,13,32768,143.936,1280,0,0,1
opt_f2_poly_dot,a3_b7_dense_n16,public_adaptive,13,32768,87.456,1280,0,0,1
opt_f2_poly_dot,a3_b7_dense_n16,public_fused,13,32768,153.840,1280,0,0,1
opt_f2_poly_dot,a3_b7_dense_n16,row_density,14,32768,88.191,1280,0,0,1
opt_f2_poly_dot,a3_b7_dense_n16,public_blocks8,14,32768,104.585,1280,0,0,1
opt_f2_poly_dot,a3_b7_dense_n16,production_zero_skip,14,32768,139.250,1280,0,0,1
opt_f2_poly_dot,a3_b7_dense_n16,public_blocks32,14,32768,105.820,1280,0,0,1
opt_f2_poly_dot,a3_b7_dense_n16,fixed_schedule,14,32768,85.086,1280,0,0,1
opt_f2_poly_dot,a3_b7_dense_n16,public_adaptive,14,32768,87.512,1280,0,0,1
opt_f2_poly_dot,a3_b7_dense_n16,public_masks,14,32768,139.028,1280,0,0,1
opt_f2_poly_dot,a3_b7_dense_n16,public_fused,14,32768,155.012,1280,0,0,1
opt_f2_poly_dot,a3_b7_dense_n16,public_classified,14,32768,93.452,1280,0,0,1
opt_f2_poly_dot,a3_b7_dense_n16,public_scan,14,32768,120.651,1280,0,0,1
opt_f2_poly_dot,a3_b7_dense_n16,production_zero_skip,15,32768,138.967,1280,0,0,1
opt_f2_poly_dot,a3_b7_dense_n16,public_blocks8,15,32768,106.155,1280,0,0,1
opt_f2_poly_dot,a3_b7_dense_n16,public_classified,15,32768,95.099,1280,0,0,1
opt_f2_poly_dot,a3_b7_dense_n16,row_density,15,32768,89.105,1280,0,0,1
opt_f2_poly_dot,a3_b7_dense_n16,public_fused,15,32768,155.696,1280,0,0,1
opt_f2_poly_dot,a3_b7_dense_n16,public_blocks32,15,32768,106.636,1280,0,0,1
opt_f2_poly_dot,a3_b7_dense_n16,fixed_schedule,15,32768,84.947,1280,0,0,1
opt_f2_poly_dot,a3_b7_dense_n16,public_scan,15,32768,126.228,1280,0,0,1
opt_f2_poly_dot,a3_b7_dense_n16,public_adaptive,15,32768,92.744,1280,0,0,1
opt_f2_poly_dot,a3_b7_dense_n16,public_masks,15,32768,149.254,1280,0,0,1
opt_f2_poly_dot,a3_b7_dense_n16,row_density,16,32768,97.109,1280,0,0,1
opt_f2_poly_dot,a3_b7_dense_n16,public_fused,16,32768,166.237,1280,0,0,1
opt_f2_poly_dot,a3_b7_dense_n16,public_classified,16,32768,100.681,1280,0,0,1
opt_f2_poly_dot,a3_b7_dense_n16,public_scan,16,32768,135.729,1280,0,0,1
opt_f2_poly_dot,a3_b7_dense_n16,public_masks,16,32768,154.655,1280,0,0,1
opt_f2_poly_dot,a3_b7_dense_n16,public_blocks32,16,32768,117.346,1280,0,0,1
opt_f2_poly_dot,a3_b7_dense_n16,public_blocks8,16,32768,113.206,1280,0,0,1
opt_f2_poly_dot,a3_b7_dense_n16,production_zero_skip,16,32768,156.432,1280,0,0,1
opt_f2_poly_dot,a3_b7_dense_n16,public_adaptive,16,32768,93.235,1280,0,0,1
opt_f2_poly_dot,a3_b7_dense_n16,fixed_schedule,16,32768,87.240,1280,0,0,1
opt_f2_poly_dot,a3_b7_dense_n16,public_fused,17,32768,162.500,1280,0,0,1
opt_f2_poly_dot,a3_b7_dense_n16,public_classified,17,32768,97.458,1280,0,0,1
opt_f2_poly_dot,a3_b7_dense_n16,production_zero_skip,17,32768,144.464,1280,0,0,1
opt_f2_poly_dot,a3_b7_dense_n16,fixed_schedule,17,32768,86.309,1280,0,0,1
opt_f2_poly_dot,a3_b7_dense_n16,public_scan,17,32768,123.711,1280,0,0,1
opt_f2_poly_dot,a3_b7_dense_n16,public_adaptive,17,32768,96.842,1280,0,0,1
opt_f2_poly_dot,a3_b7_dense_n16,row_density,17,32768,99.305,1280,0,0,1
opt_f2_poly_dot,a3_b7_dense_n16,public_blocks8,17,32768,113.205,1280,0,0,1
opt_f2_poly_dot,a3_b7_dense_n16,public_blocks32,17,32768,112.401,1280,0,0,1
opt_f2_poly_dot,a3_b7_dense_n16,public_masks,17,32768,148.079,1280,0,0,1
opt_f2_poly_dot,a3_b7_dense_n16,public_blocks32,18,32768,113.168,1280,0,0,1
opt_f2_poly_dot,a3_b7_dense_n16,production_zero_skip,18,32768,148.735,1280,0,0,1
opt_f2_poly_dot,a3_b7_dense_n16,public_blocks8,18,32768,110.692,1280,0,0,1
opt_f2_poly_dot,a3_b7_dense_n16,fixed_schedule,18,32768,91.438,1280,0,0,1
opt_f2_poly_dot,a3_b7_dense_n16,public_classified,18,32768,99.775,1280,0,0,1
opt_f2_poly_dot,a3_b7_dense_n16,public_adaptive,18,32768,93.332,1280,0,0,1
opt_f2_poly_dot,a3_b7_dense_n16,public_fused,18,32768,163.067,1280,0,0,1
opt_f2_poly_dot,a3_b7_dense_n16,row_density,18,32768,94.907,1280,0,0,1
opt_f2_poly_dot,a3_b7_dense_n16,public_masks,18,32768,147.903,1280,0,0,1
opt_f2_poly_dot,a3_b7_dense_n16,public_scan,18,32768,126.883,1280,0,0,1
opt_f2_poly_dot,a3_b7_dense_n16,public_adaptive,19,32768,87.629,1280,0,0,1
opt_f2_poly_dot,a3_b7_dense_n16,public_blocks32,19,32768,106.010,1280,0,0,1
opt_f2_poly_dot,a3_b7_dense_n16,public_masks,19,32768,139.132,1280,0,0,1
opt_f2_poly_dot,a3_b7_dense_n16,public_classified,19,32768,93.830,1280,0,0,1
opt_f2_poly_dot,a3_b7_dense_n16,public_fused,19,32768,154.627,1280,0,0,1
opt_f2_poly_dot,a3_b7_dense_n16,production_zero_skip,19,32768,140.521,1280,0,0,1
opt_f2_poly_dot,a3_b7_dense_n16,public_blocks8,19,32768,104.635,1280,0,0,1
opt_f2_poly_dot,a3_b7_dense_n16,public_scan,19,32768,120.725,1280,0,0,1
opt_f2_poly_dot,a3_b7_dense_n16,fixed_schedule,19,32768,85.316,1280,0,0,1
opt_f2_poly_dot,a3_b7_dense_n16,row_density,19,32768,92.064,1280,0,0,1
opt_f2_poly_dot,a3_b7_dense_n16,public_adaptive,20,32768,93.497,1280,0,0,1
opt_f2_poly_dot,a3_b7_dense_n16,public_blocks32,20,32768,112.134,1280,0,0,1
opt_f2_poly_dot,a3_b7_dense_n16,production_zero_skip,20,32768,157.350,1280,0,0,1
opt_f2_poly_dot,a3_b7_dense_n16,public_blocks8,20,32768,120.146,1280,0,0,1
opt_f2_poly_dot,a3_b7_dense_n16,row_density,20,32768,100.786,1280,0,0,1
opt_f2_poly_dot,a3_b7_dense_n16,public_scan,20,32768,137.058,1280,0,0,1
opt_f2_poly_dot,a3_b7_dense_n16,public_classified,20,32768,106.642,1280,0,0,1
opt_f2_poly_dot,a3_b7_dense_n16,public_fused,20,32768,174.067,1280,0,0,1
opt_f2_poly_dot,a3_b7_dense_n16,public_masks,20,32768,152.360,1280,0,0,1
opt_f2_poly_dot,a3_b7_dense_n16,fixed_schedule,20,32768,90.908,1280,0,0,1
opt_f2_poly_dot,a3_b7_dense_n16,public_blocks8,21,32768,111.521,1280,0,0,1
opt_f2_poly_dot,a3_b7_dense_n16,public_fused,21,32768,158.344,1280,0,0,1
opt_f2_poly_dot,a3_b7_dense_n16,public_masks,21,32768,148.214,1280,0,0,1
opt_f2_poly_dot,a3_b7_dense_n16,production_zero_skip,21,32768,143.164,1280,0,0,1
opt_f2_poly_dot,a3_b7_dense_n16,public_adaptive,21,32768,88.008,1280,0,0,1
opt_f2_poly_dot,a3_b7_dense_n16,public_blocks32,21,32768,105.755,1280,0,0,1
opt_f2_poly_dot,a3_b7_dense_n16,fixed_schedule,21,32768,85.403,1280,0,0,1
opt_f2_poly_dot,a3_b7_dense_n16,public_scan,21,32768,123.648,1280,0,0,1
opt_f2_poly_dot,a3_b7_dense_n16,row_density,21,32768,88.566,1280,0,0,1
opt_f2_poly_dot,a3_b7_dense_n16,public_classified,21,32768,93.611,1280,0,0,1
opt_f2_poly_dot,a3_b7_dense_n16,public_adaptive,22,32768,88.120,1280,0,0,1
opt_f2_poly_dot,a3_b7_dense_n16,fixed_schedule,22,32768,85.693,1280,0,0,1
opt_f2_poly_dot,a3_b7_dense_n16,public_blocks32,22,32768,106.311,1280,0,0,1
opt_f2_poly_dot,a3_b7_dense_n16,public_blocks8,22,32768,104.210,1280,0,0,1
opt_f2_poly_dot,a3_b7_dense_n16,public_classified,22,32768,93.441,1280,0,0,1
opt_f2_poly_dot,a3_b7_dense_n16,public_scan,22,32768,121.143,1280,0,0,1
opt_f2_poly_dot,a3_b7_dense_n16,public_masks,22,32768,138.695,1280,0,0,1
opt_f2_poly_dot,a3_b7_dense_n16,public_fused,22,32768,153.895,1280,0,0,1
opt_f2_poly_dot,a3_b7_dense_n16,production_zero_skip,22,32768,139.052,1280,0,0,1
opt_f2_poly_dot,a3_b7_dense_n16,row_density,22,32768,88.858,1280,0,0,1
opt_f2_poly_dot,a3_b7_dense_n16,public_classified,23,32768,94.021,1280,0,0,1
opt_f2_poly_dot,a3_b7_dense_n16,fixed_schedule,23,32768,85.425,1280,0,0,1
opt_f2_poly_dot,a3_b7_dense_n16,row_density,23,32768,88.278,1280,0,0,1
opt_f2_poly_dot,a3_b7_dense_n16,public_masks,23,32768,140.190,1280,0,0,1
opt_f2_poly_dot,a3_b7_dense_n16,public_adaptive,23,32768,88.084,1280,0,0,1
opt_f2_poly_dot,a3_b7_dense_n16,production_zero_skip,23,32768,139.184,1280,0,0,1
opt_f2_poly_dot,a3_b7_dense_n16,public_blocks32,23,32768,106.321,1280,0,0,1
opt_f2_poly_dot,a3_b7_dense_n16,public_blocks8,23,32768,104.167,1280,0,0,1
opt_f2_poly_dot,a3_b7_dense_n16,public_fused,23,32768,153.906,1280,0,0,1
opt_f2_poly_dot,a3_b7_dense_n16,public_scan,23,32768,120.775,1280,0,0,1
opt_f2_poly_dot,a3_b7_dense_n16,production_zero_skip,24,32768,139.290,1280,0,0,1
opt_f2_poly_dot,a3_b7_dense_n16,public_blocks8,24,32768,104.739,1280,0,0,1
opt_f2_poly_dot,a3_b7_dense_n16,public_adaptive,24,32768,87.875,1280,0,0,1
opt_f2_poly_dot,a3_b7_dense_n16,row_density,24,32768,88.559,1280,0,0,1
opt_f2_poly_dot,a3_b7_dense_n16,public_masks,24,32768,140.258,1280,0,0,1
opt_f2_poly_dot,a3_b7_dense_n16,public_scan,24,32768,120.745,1280,0,0,1
opt_f2_poly_dot,a3_b7_dense_n16,fixed_schedule,24,32768,85.215,1280,0,0,1
opt_f2_poly_dot,a3_b7_dense_n16,public_fused,24,32768,153.666,1280,0,0,1
opt_f2_poly_dot,a3_b7_dense_n16,public_classified,24,32768,94.181,1280,0,0,1
opt_f2_poly_dot,a3_b7_dense_n16,public_blocks32,24,32768,106.495,1280,0,0,1
opt_f2_poly_dot,a3_b7_dense_n16,public_blocks8,25,32768,104.047,1280,0,0,1
opt_f2_poly_dot,a3_b7_dense_n16,public_blocks32,25,32768,105.769,1280,0,0,1
opt_f2_poly_dot,a3_b7_dense_n16,production_zero_skip,25,32768,139.336,1280,0,0,1
opt_f2_poly_dot,a3_b7_dense_n16,public_classified,25,32768,93.446,1280,0,0,1
opt_f2_poly_dot,a3_b7_dense_n16,public_scan,25,32768,120.757,1280,0,0,1
opt_f2_poly_dot,a3_b7_dense_n16,public_fused,25,32768,153.609,1280,0,0,1
opt_f2_poly_dot,a3_b7_dense_n16,public_adaptive,25,32768,87.643,1280,0,0,1
opt_f2_poly_dot,a3_b7_dense_n16,row_density,25,32768,88.250,1280,0,0,1
opt_f2_poly_dot,a3_b7_dense_n16,public_masks,25,32768,139.556,1280,0,0,1
opt_f2_poly_dot,a3_b7_dense_n16,fixed_schedule,25,32768,85.986,1280,0,0,1
opt_f2_poly_dot,a3_b7_dense_n16,public_scan,26,32768,120.948,1280,0,0,1
opt_f2_poly_dot,a3_b7_dense_n16,public_masks,26,32768,138.893,1280,0,0,1
opt_f2_poly_dot,a3_b7_dense_n16,fixed_schedule,26,32768,85.112,1280,0,0,1
opt_f2_poly_dot,a3_b7_dense_n16,public_fused,26,32768,153.426,1280,0,0,1
opt_f2_poly_dot,a3_b7_dense_n16,public_blocks8,26,32768,104.499,1280,0,0,1
opt_f2_poly_dot,a3_b7_dense_n16,public_classified,26,32768,94.120,1280,0,0,1
opt_f2_poly_dot,a3_b7_dense_n16,public_adaptive,26,32768,88.788,1280,0,0,1
opt_f2_poly_dot,a3_b7_dense_n16,public_blocks32,26,32768,106.920,1280,0,0,1
opt_f2_poly_dot,a3_b7_dense_n16,row_density,26,32768,88.331,1280,0,0,1
opt_f2_poly_dot,a3_b7_dense_n16,production_zero_skip,26,32768,139.814,1280,0,0,1
opt_f2_poly_dot,a3_b7_dense_n16,fixed_schedule,27,32768,85.021,1280,0,0,1
opt_f2_poly_dot,a3_b7_dense_n16,public_blocks32,27,32768,105.729,1280,0,0,1
opt_f2_poly_dot,a3_b7_dense_n16,public_classified,27,32768,93.438,1280,0,0,1
opt_f2_poly_dot,a3_b7_dense_n16,production_zero_skip,27,32768,138.954,1280,0,0,1
opt_f2_poly_dot,a3_b7_dense_n16,public_adaptive,27,32768,87.453,1280,0,0,1
opt_f2_poly_dot,a3_b7_dense_n16,public_scan,27,32768,126.199,1280,0,0,1
opt_f2_poly_dot,a3_b7_dense_n16,public_masks,27,32768,152.504,1280,0,0,1
opt_f2_poly_dot,a3_b7_dense_n16,public_blocks8,27,32768,116.713,1280,0,0,1
opt_f2_poly_dot,a3_b7_dense_n16,public_fused,27,32768,172.384,1280,0,0,1
opt_f2_poly_dot,a3_b7_dense_n16,row_density,27,32768,98.128,1280,0,0,1
opt_f2_poly_dot,a3_b7_dense_n16,row_density,28,32768,98.329,1280,0,0,1
opt_f2_poly_dot,a3_b7_dense_n16,public_blocks32,28,32768,117.048,1280,0,0,1
opt_f2_poly_dot,a3_b7_dense_n16,public_masks,28,32768,144.403,1280,0,0,1
opt_f2_poly_dot,a3_b7_dense_n16,production_zero_skip,28,32768,147.602,1280,0,0,1
opt_f2_poly_dot,a3_b7_dense_n16,public_adaptive,28,32768,94.527,1280,0,0,1
opt_f2_poly_dot,a3_b7_dense_n16,public_scan,28,32768,128.952,1280,0,0,1
opt_f2_poly_dot,a3_b7_dense_n16,public_blocks8,28,32768,111.057,1280,0,0,1
opt_f2_poly_dot,a3_b7_dense_n16,fixed_schedule,28,32768,91.231,1280,0,0,1
opt_f2_poly_dot,a3_b7_dense_n16,public_fused,28,32768,165.871,1280,0,0,1
opt_f2_poly_dot,a3_b7_dense_n16,public_classified,28,32768,103.760,1280,0,0,1
opt_f2_poly_dot,a3_b7_dense_n16,public_classified,29,32768,98.803,1280,0,0,1
opt_f2_poly_dot,a3_b7_dense_n16,production_zero_skip,29,32768,143.504,1280,0,0,1
opt_f2_poly_dot,a3_b7_dense_n16,fixed_schedule,29,32768,88.839,1280,0,0,1
opt_f2_poly_dot,a3_b7_dense_n16,public_fused,29,32768,153.598,1280,0,0,1
opt_f2_poly_dot,a3_b7_dense_n16,public_blocks8,29,32768,104.042,1280,0,0,1
opt_f2_poly_dot,a3_b7_dense_n16,public_blocks32,29,32768,105.882,1280,0,0,1
opt_f2_poly_dot,a3_b7_dense_n16,public_scan,29,32768,120.675,1280,0,0,1
opt_f2_poly_dot,a3_b7_dense_n16,row_density,29,32768,88.353,1280,0,0,1
opt_f2_poly_dot,a3_b7_dense_n16,public_adaptive,29,32768,87.560,1280,0,0,1
opt_f2_poly_dot,a3_b7_dense_n16,public_masks,29,32768,138.755,1280,0,0,1
opt_f2_poly_dot,a3_b7_dense_n16,row_density,30,32768,88.258,1280,0,0,1
opt_f2_poly_dot,a3_b7_dense_n16,public_scan,30,32768,120.637,1280,0,0,1
opt_f2_poly_dot,a3_b7_dense_n16,public_blocks8,30,32768,104.117,1280,0,0,1
opt_f2_poly_dot,a3_b7_dense_n16,fixed_schedule,30,32768,85.012,1280,0,0,1
opt_f2_poly_dot,a3_b7_dense_n16,public_adaptive,30,32768,91.671,1280,0,0,1
opt_f2_poly_dot,a3_b7_dense_n16,public_blocks32,30,32768,109.927,1280,0,0,1
opt_f2_poly_dot,a3_b7_dense_n16,public_masks,30,32768,140.367,1280,0,0,1
opt_f2_poly_dot,a3_b7_dense_n16,public_fused,30,32768,155.051,1280,0,0,1
opt_f2_poly_dot,a3_b7_dense_n16,public_classified,30,32768,94.339,1280,0,0,1
opt_f2_poly_dot,a3_b7_dense_n16,production_zero_skip,30,32768,139.455,1280,0,0,1
opt_f2_poly_dot,a3_b7_dense_n16,public_scan,31,32768,129.246,1280,0,0,1
opt_f2_poly_dot,a3_b7_dense_n16,public_masks,31,32768,154.835,1280,0,0,1
opt_f2_poly_dot,a3_b7_dense_n16,production_zero_skip,31,32768,147.196,1280,0,0,1
opt_f2_poly_dot,a3_b7_dense_n16,public_fused,31,32768,163.756,1280,0,0,1
opt_f2_poly_dot,a3_b7_dense_n16,fixed_schedule,31,32768,92.749,1280,0,0,1
opt_f2_poly_dot,a3_b7_dense_n16,public_adaptive,31,32768,94.769,1280,0,0,1
opt_f2_poly_dot,a3_b7_dense_n16,public_blocks32,31,32768,114.049,1280,0,0,1
opt_f2_poly_dot,a3_b7_dense_n16,row_density,31,32768,92.859,1280,0,0,1
opt_f2_poly_dot,a3_b7_dense_n16,public_blocks8,31,32768,111.085,1280,0,0,1
opt_f2_poly_dot,a3_b7_dense_n16,public_classified,31,32768,100.360,1280,0,0,1
opt_f2_poly_dot,a3_b7_dense_n1024,public_classified,0,512,6168.375,81920,0,0,1
opt_f2_poly_dot,a3_b7_dense_n1024,fixed_schedule,0,512,6883.545,81920,0,0,1
opt_f2_poly_dot,a3_b7_dense_n1024,public_adaptive,0,512,6899.088,81920,0,0,1
opt_f2_poly_dot,a3_b7_dense_n1024,public_fused,0,512,9632.650,81920,0,0,1
opt_f2_poly_dot,a3_b7_dense_n1024,public_blocks32,0,512,7721.191,81920,0,0,1
opt_f2_poly_dot,a3_b7_dense_n1024,public_blocks8,0,512,6449.057,81920,0,0,1
opt_f2_poly_dot,a3_b7_dense_n1024,public_masks,0,512,9156.900,81920,0,0,1
opt_f2_poly_dot,a3_b7_dense_n1024,public_scan,0,512,8081.463,81920,0,0,1
opt_f2_poly_dot,a3_b7_dense_n1024,production_zero_skip,0,512,8610.270,81920,0,0,1
opt_f2_poly_dot,a3_b7_dense_n1024,row_density,0,512,5688.559,81920,0,0,1
opt_f2_poly_dot,a3_b7_dense_n1024,public_masks,1,512,9004.883,81920,0,0,1
opt_f2_poly_dot,a3_b7_dense_n1024,public_blocks8,1,512,6482.746,81920,0,0,1
opt_f2_poly_dot,a3_b7_dense_n1024,public_scan,1,512,7647.705,81920,0,0,1
opt_f2_poly_dot,a3_b7_dense_n1024,production_zero_skip,1,512,8200.684,81920,0,0,1
opt_f2_poly_dot,a3_b7_dense_n1024,public_blocks32,1,512,7703.938,81920,0,0,1
opt_f2_poly_dot,a3_b7_dense_n1024,public_fused,1,512,9624.676,81920,0,0,1
opt_f2_poly_dot,a3_b7_dense_n1024,row_density,1,512,5613.770,81920,0,0,1
opt_f2_poly_dot,a3_b7_dense_n1024,fixed_schedule,1,512,6883.707,81920,0,0,1
opt_f2_poly_dot,a3_b7_dense_n1024,public_adaptive,1,512,6956.217,81920,0,0,1
opt_f2_poly_dot,a3_b7_dense_n1024,public_classified,1,512,5991.211,81920,0,0,1
opt_f2_poly_dot,a3_b7_dense_n1024,public_blocks32,2,512,8207.031,81920,0,0,1
opt_f2_poly_dot,a3_b7_dense_n1024,public_adaptive,2,512,6985.922,81920,0,0,1
opt_f2_poly_dot,a3_b7_dense_n1024,row_density,2,512,5878.174,81920,0,0,1
opt_f2_poly_dot,a3_b7_dense_n1024,production_zero_skip,2,512,8677.572,81920,0,0,1
opt_f2_poly_dot,a3_b7_dense_n1024,public_masks,2,512,9458.172,81920,0,0,1
opt_f2_poly_dot,a3_b7_dense_n1024,public_blocks8,2,512,6860.107,81920,0,0,1
opt_f2_poly_dot,a3_b7_dense_n1024,public_fused,2,512,10273.764,81920,0,0,1
opt_f2_poly_dot,a3_b7_dense_n1024,public_classified,2,512,6181.885,81920,0,0,1
opt_f2_poly_dot,a3_b7_dense_n1024,fixed_schedule,2,512,6941.082,81920,0,0,1
opt_f2_poly_dot,a3_b7_dense_n1024,public_scan,2,512,8157.389,81920,0,0,1
opt_f2_poly_dot,a3_b7_dense_n1024,public_fused,3,512,10394.775,81920,0,0,1
opt_f2_poly_dot,a3_b7_dense_n1024,production_zero_skip,3,512,9204.590,81920,0,0,1
opt_f2_poly_dot,a3_b7_dense_n1024,public_scan,3,512,8162.273,81920,0,0,1
opt_f2_poly_dot,a3_b7_dense_n1024,public_adaptive,3,512,7268.717,81920,0,0,1
opt_f2_poly_dot,a3_b7_dense_n1024,public_blocks32,3,512,8506.592,81920,0,0,1
opt_f2_poly_dot,a3_b7_dense_n1024,row_density,3,512,5845.541,81920,0,0,1
opt_f2_poly_dot,a3_b7_dense_n1024,public_masks,3,512,9466.553,81920,0,0,1
opt_f2_poly_dot,a3_b7_dense_n1024,public_classified,3,512,6059.002,81920,0,0,1
opt_f2_poly_dot,a3_b7_dense_n1024,public_blocks8,3,512,6859.781,81920,0,0,1
opt_f2_poly_dot,a3_b7_dense_n1024,fixed_schedule,3,512,6965.008,81920,0,0,1
opt_f2_poly_dot,a3_b7_dense_n1024,public_blocks32,4,512,8174.805,81920,0,0,1
opt_f2_poly_dot,a3_b7_dense_n1024,production_zero_skip,4,512,8666.992,81920,0,0,1
opt_f2_poly_dot,a3_b7_dense_n1024,public_scan,4,512,8139.730,81920,0,0,1
opt_f2_poly_dot,a3_b7_dense_n1024,public_fused,4,512,10332.275,81920,0,0,1
opt_f2_poly_dot,a3_b7_dense_n1024,public_masks,4,512,9690.754,81920,0,0,1
opt_f2_poly_dot,a3_b7_dense_n1024,row_density,4,512,6069.336,81920,0,0,1
opt_f2_poly_dot,a3_b7_dense_n1024,fixed_schedule,4,512,6943.766,81920,0,0,1
opt_f2_poly_dot,a3_b7_dense_n1024,public_adaptive,4,512,7084.635,81920,0,0,1
opt_f2_poly_dot,a3_b7_dense_n1024,public_blocks8,4,512,6777.182,81920,0,0,1
opt_f2_poly_dot,a3_b7_dense_n1024,public_classified,4,512,6304.688,81920,0,0,1
opt_f2_poly_dot,a3_b7_dense_n1024,public_masks,5,512,9349.445,81920,0,0,1
opt_f2_poly_dot,a3_b7_dense_n1024,production_zero_skip,5,512,8193.195,81920,0,0,1
opt_f2_poly_dot,a3_b7_dense_n1024,public_fused,5,512,10045.980,81920,0,0,1
opt_f2_poly_dot,a3_b7_dense_n1024,public_blocks8,5,512,6495.523,81920,0,0,1
opt_f2_poly_dot,a3_b7_dense_n1024,public_classified,5,512,5977.621,81920,0,0,1
opt_f2_poly_dot,a3_b7_dense_n1024,fixed_schedule,5,512,7008.219,81920,0,0,1
opt_f2_poly_dot,a3_b7_dense_n1024,row_density,5,512,5846.109,81920,0,0,1
opt_f2_poly_dot,a3_b7_dense_n1024,public_scan,5,512,8179.932,81920,0,0,1
opt_f2_poly_dot,a3_b7_dense_n1024,public_blocks32,5,512,8319.174,81920,0,0,1
opt_f2_poly_dot,a3_b7_dense_n1024,public_adaptive,5,512,7172.852,81920,0,0,1
opt_f2_poly_dot,a3_b7_dense_n1024,public_scan,6,512,8146.811,81920,0,0,1
opt_f2_poly_dot,a3_b7_dense_n1024,public_classified,6,512,6262.615,81920,0,0,1
opt_f2_poly_dot,a3_b7_dense_n1024,production_zero_skip,6,512,8691.814,81920,0,0,1
opt_f2_poly_dot,a3_b7_dense_n1024,public_blocks8,6,512,6855.795,81920,0,0,1
opt_f2_poly_dot,a3_b7_dense_n1024,fixed_schedule,6,512,6952.066,81920,0,0,1
opt_f2_poly_dot,a3_b7_dense_n1024,public_adaptive,6,512,6985.516,81920,0,0,1
opt_f2_poly_dot,a3_b7_dense_n1024,public_fused,6,512,10141.357,81920,0,0,1
opt_f2_poly_dot,a3_b7_dense_n1024,public_masks,6,512,9484.049,81920,0,0,1
opt_f2_poly_dot,a3_b7_dense_n1024,row_density,6,512,5850.586,81920,0,0,1
opt_f2_poly_dot,a3_b7_dense_n1024,public_blocks32,6,512,7826.904,81920,0,0,1
opt_f2_poly_dot,a3_b7_dense_n1024,fixed_schedule,7,512,6547.445,81920,0,0,1
opt_f2_poly_dot,a3_b7_dense_n1024,public_blocks32,7,512,7716.553,81920,0,0,1
opt_f2_poly_dot,a3_b7_dense_n1024,production_zero_skip,7,512,8281.658,81920,0,0,1
opt_f2_poly_dot,a3_b7_dense_n1024,public_scan,7,512,7652.588,81920,0,0,1
opt_f2_poly_dot,a3_b7_dense_n1024,public_fused,7,512,10026.611,81920,0,0,1
opt_f2_poly_dot,a3_b7_dense_n1024,public_blocks8,7,512,6510.090,81920,0,0,1
opt_f2_poly_dot,a3_b7_dense_n1024,public_classified,7,512,5843.506,81920,0,0,1
opt_f2_poly_dot,a3_b7_dense_n1024,public_masks,7,512,8952.881,81920,0,0,1
opt_f2_poly_dot,a3_b7_dense_n1024,row_density,7,512,5924.316,81920,0,0,1
opt_f2_poly_dot,a3_b7_dense_n1024,public_adaptive,7,512,6772.949,81920,0,0,1
opt_f2_poly_dot,a3_b7_dense_n1024,public_classified,8,512,5898.193,81920,0,0,1
opt_f2_poly_dot,a3_b7_dense_n1024,fixed_schedule,8,512,6729.980,81920,0,0,1
opt_f2_poly_dot,a3_b7_dense_n1024,public_blocks8,8,512,6486.816,81920,0,0,1
opt_f2_poly_dot,a3_b7_dense_n1024,production_zero_skip,8,512,8591.471,81920,0,0,1
opt_f2_poly_dot,a3_b7_dense_n1024,public_adaptive,8,512,7335.123,81920,0,0,1
opt_f2_poly_dot,a3_b7_dense_n1024,public_masks,8,512,9844.809,81920,0,0,1
opt_f2_poly_dot,a3_b7_dense_n1024,public_scan,8,512,8246.256,81920,0,0,1
opt_f2_poly_dot,a3_b7_dense_n1024,public_fused,8,512,10351.318,81920,0,0,1
opt_f2_poly_dot,a3_b7_dense_n1024,row_density,8,512,6052.816,81920,0,0,1
opt_f2_poly_dot,a3_b7_dense_n1024,public_blocks32,8,512,8440.430,81920,0,0,1
opt_f2_poly_dot,a3_b7_dense_n1024,fixed_schedule,9,512,6938.150,81920,0,0,1
opt_f2_poly_dot,a3_b7_dense_n1024,public_blocks8,9,512,6870.443,81920,0,0,1
opt_f2_poly_dot,a3_b7_dense_n1024,public_fused,9,512,10384.766,81920,0,0,1
opt_f2_poly_dot,a3_b7_dense_n1024,public_scan,9,512,8626.139,81920,0,0,1
opt_f2_poly_dot,a3_b7_dense_n1024,public_blocks32,9,512,7855.957,81920,0,0,1
opt_f2_poly_dot,a3_b7_dense_n1024,public_adaptive,9,512,6600.342,81920,0,0,1
opt_f2_poly_dot,a3_b7_dense_n1024,public_masks,9,512,9007.406,81920,0,0,1
opt_f2_poly_dot,a3_b7_dense_n1024,public_classified,9,512,5824.951,81920,0,0,1
opt_f2_poly_dot,a3_b7_dense_n1024,row_density,9,512,5505.941,81920,0,0,1
opt_f2_poly_dot,a3_b7_dense_n1024,production_zero_skip,9,512,8357.422,81920,0,0,1
opt_f2_poly_dot,a3_b7_dense_n1024,row_density,10,512,6007.242,81920,0,0,1
opt_f2_poly_dot,a3_b7_dense_n1024,public_blocks8,10,512,7271.729,81920,0,0,1
opt_f2_poly_dot,a3_b7_dense_n1024,public_scan,10,512,8711.020,81920,0,0,1
opt_f2_poly_dot,a3_b7_dense_n1024,public_adaptive,10,512,7143.963,81920,0,0,1
opt_f2_poly_dot,a3_b7_dense_n1024,public_blocks32,10,512,7989.420,81920,0,0,1
opt_f2_poly_dot,a3_b7_dense_n1024,public_classified,10,512,5949.545,81920,0,0,1
opt_f2_poly_dot,a3_b7_dense_n1024,public_masks,10,512,9474.527,81920,0,0,1
opt_f2_poly_dot,a3_b7_dense_n1024,fixed_schedule,10,512,6944.254,81920,0,0,1
opt_f2_poly_dot,a3_b7_dense_n1024,production_zero_skip,10,512,8695.557,81920,0,0,1
opt_f2_poly_dot,a3_b7_dense_n1024,public_fused,10,512,10193.195,81920,0,0,1
opt_f2_poly_dot,a3_b7_dense_n1024,public_masks,11,512,9509.277,81920,0,0,1
opt_f2_poly_dot,a3_b7_dense_n1024,production_zero_skip,11,512,8705.242,81920,0,0,1
opt_f2_poly_dot,a3_b7_dense_n1024,public_classified,11,512,6078.451,81920,0,0,1
opt_f2_poly_dot,a3_b7_dense_n1024,row_density,11,512,5608.725,81920,0,0,1
opt_f2_poly_dot,a3_b7_dense_n1024,public_scan,11,512,7854.004,81920,0,0,1
opt_f2_poly_dot,a3_b7_dense_n1024,fixed_schedule,11,512,6546.957,81920,0,0,1
opt_f2_poly_dot,a3_b7_dense_n1024,public_fused,11,512,9815.754,81920,0,0,1
opt_f2_poly_dot,a3_b7_dense_n1024,public_adaptive,11,512,6989.096,81920,0,0,1
opt_f2_poly_dot,a3_b7_dense_n1024,public_blocks8,11,512,6672.201,81920,0,0,1
opt_f2_poly_dot,a3_b7_dense_n1024,public_blocks32,11,512,8212.484,81920,0,0,1
opt_f2_poly_dot,a3_b7_dense_n1024,public_blocks32,12,512,7792.236,81920,0,0,1
opt_f2_poly_dot,a3_b7_dense_n1024,public_masks,12,512,9847.574,81920,0,0,1
opt_f2_poly_dot,a3_b7_dense_n1024,public_adaptive,12,512,7338.297,81920,0,0,1
opt_f2_poly_dot,a3_b7_dense_n1024,row_density,12,512,5940.512,81920,0,0,1
opt_f2_poly_dot,a3_b7_dense_n1024,fixed_schedule,12,512,6907.227,81920,0,0,1
opt_f2_poly_dot,a3_b7_dense_n1024,public_scan,12,512,8701.904,81920,0,0,1
opt_f2_poly_dot,a3_b7_dense_n1024,production_zero_skip,12,512,8785.807,81920,0,0,1
opt_f2_poly_dot,a3_b7_dense_n1024,public_fused,12,512,10345.297,81920,0,0,1
opt_f2_poly_dot,a3_b7_dense_n1024,public_classified,12,512,6166.016,81920,0,0,1
opt_f2_poly_dot,a3_b7_dense_n1024,public_blocks8,12,512,6729.086,81920,0,0,1
opt_f2_poly_dot,a3_b7_dense_n1024,public_adaptive,13,512,7019.938,81920,0,0,1
opt_f2_poly_dot,a3_b7_dense_n1024,row_density,13,512,5801.514,81920,0,0,1
opt_f2_poly_dot,a3_b7_dense_n1024,public_classified,13,512,6004.965,81920,0,0,1
opt_f2_poly_dot,a3_b7_dense_n1024,public_scan,13,512,8175.049,81920,0,0,1
opt_f2_poly_dot,a3_b7_dense_n1024,public_fused,13,512,9792.969,81920,0,0,1
opt_f2_poly_dot,a3_b7_dense_n1024,production_zero_skip,13,512,8179.117,81920,0,0,1
opt_f2_poly_dot,a3_b7_dense_n1024,fixed_schedule,13,512,6533.773,81920,0,0,1
opt_f2_poly_dot,a3_b7_dense_n1024,public_blocks32,13,512,7701.660,81920,0,0,1
opt_f2_poly_dot,a3_b7_dense_n1024,public_blocks8,13,512,6462.078,81920,0,0,1
opt_f2_poly_dot,a3_b7_dense_n1024,public_masks,13,512,8929.443,81920,0,0,1
opt_f2_poly_dot,a3_b7_dense_n1024,row_density,14,512,5546.957,81920,0,0,1
opt_f2_poly_dot,a3_b7_dense_n1024,public_blocks8,14,512,6444.010,81920,0,0,1
opt_f2_poly_dot,a3_b7_dense_n1024,fixed_schedule,14,512,6541.260,81920,0,0,1
opt_f2_poly_dot,a3_b7_dense_n1024,public_adaptive,14,512,6641.195,81920,0,0,1
opt_f2_poly_dot,a3_b7_dense_n1024,public_fused,14,512,9674.154,81920,0,0,1
opt_f2_poly_dot,a3_b7_dense_n1024,public_scan,14,512,7705.078,81920,0,0,1
opt_f2_poly_dot,a3_b7_dense_n1024,public_blocks32,14,512,7840.088,81920,0,0,1
opt_f2_poly_dot,a3_b7_dense_n1024,public_masks,14,512,8906.006,81920,0,0,1
opt_f2_poly_dot,a3_b7_dense_n1024,public_classified,14,512,5821.695,81920,0,0,1
opt_f2_poly_dot,a3_b7_dense_n1024,production_zero_skip,14,512,8283.285,81920,0,0,1
opt_f2_poly_dot,a3_b7_dense_n1024,public_scan,15,512,8263.590,81920,0,0,1
opt_f2_poly_dot,a3_b7_dense_n1024,public_fused,15,512,9627.197,81920,0,0,1
opt_f2_poly_dot,a3_b7_dense_n1024,fixed_schedule,15,512,6652.914,81920,0,0,1
opt_f2_poly_dot,a3_b7_dense_n1024,production_zero_skip,15,512,8343.344,81920,0,0,1
opt_f2_poly_dot,a3_b7_dense_n1024,public_adaptive,15,512,6599.936,81920,0,0,1
opt_f2_poly_dot,a3_b7_dense_n1024,public_blocks8,15,512,6459.961,81920,0,0,1
opt_f2_poly_dot,a3_b7_dense_n1024,public_classified,15,512,5867.512,81920,0,0,1
opt_f2_poly_dot,a3_b7_dense_n1024,public_blocks32,15,512,8275.229,81920,0,0,1
opt_f2_poly_dot,a3_b7_dense_n1024,public_masks,15,512,10202.312,81920,0,0,1
opt_f2_poly_dot,a3_b7_dense_n1024,row_density,15,512,5974.445,81920,0,0,1
opt_f2_poly_dot,a3_b7_dense_n1024,row_density,16,512,5943.035,81920,0,0,1
opt_f2_poly_dot,a3_b7_dense_n1024,public_blocks8,16,512,6893.391,81920,0,0,1
opt_f2_poly_dot,a3_b7_dense_n1024,public_adaptive,16,512,7142.172,81920,0,0,1
opt_f2_poly_dot,a3_b7_dense_n1024,public_masks,16,512,9536.051,81920,0,0,1
opt_f2_poly_dot,a3_b7_dense_n1024,production_zero_skip,16,512,9156.332,81920,0,0,1
opt_f2_poly_dot,a3_b7_dense_n1024,fixed_schedule,16,512,7369.547,81920,0,0,1
opt_f2_poly_dot,a3_b7_dense_n1024,public_scan,16,512,8718.344,81920,0,0,1
opt_f2_poly_dot,a3_b7_dense_n1024,public_classified,16,512,6675.701,81920,0,0,1
opt_f2_poly_dot,a3_b7_dense_n1024,public_blocks32,16,512,8523.846,81920,0,0,1
opt_f2_poly_dot,a3_b7_dense_n1024,public_fused,16,512,9606.689,81920,0,0,1
opt_f2_poly_dot,a3_b7_dense_n1024,public_classified,17,512,5838.217,81920,0,0,1
opt_f2_poly_dot,a3_b7_dense_n1024,public_fused,17,512,9753.012,81920,0,0,1
opt_f2_poly_dot,a3_b7_dense_n1024,public_blocks8,17,512,6449.383,81920,0,0,1
opt_f2_poly_dot,a3_b7_dense_n1024,public_masks,17,512,9115.803,81920,0,0,1
opt_f2_poly_dot,a3_b7_dense_n1024,public_adaptive,17,512,7254.395,81920,0,0,1
opt_f2_poly_dot,a3_b7_dense_n1024,public_blocks32,17,512,8344.156,81920,0,0,1
opt_f2_poly_dot,a3_b7_dense_n1024,row_density,17,512,5852.213,81920,0,0,1
opt_f2_poly_dot,a3_b7_dense_n1024,fixed_schedule,17,512,6918.701,81920,0,0,1
opt_f2_poly_dot,a3_b7_dense_n1024,production_zero_skip,17,512,8420.898,81920,0,0,1
opt_f2_poly_dot,a3_b7_dense_n1024,public_scan,17,512,8066.324,81920,0,0,1
opt_f2_poly_dot,a3_b7_dense_n1024,row_density,18,512,5893.146,81920,0,0,1
opt_f2_poly_dot,a3_b7_dense_n1024,public_blocks32,18,512,8153.482,81920,0,0,1
opt_f2_poly_dot,a3_b7_dense_n1024,fixed_schedule,18,512,6988.607,81920,0,0,1
opt_f2_poly_dot,a3_b7_dense_n1024,public_classified,18,512,6186.441,81920,0,0,1
opt_f2_poly_dot,a3_b7_dense_n1024,public_fused,18,512,10181.885,81920,0,0,1
opt_f2_poly_dot,a3_b7_dense_n1024,public_blocks8,18,512,6884.277,81920,0,0,1
opt_f2_poly_dot,a3_b7_dense_n1024,public_masks,18,512,9485.758,81920,0,0,1
opt_f2_poly_dot,a3_b7_dense_n1024,production_zero_skip,18,512,8632.568,81920,0,0,1
opt_f2_poly_dot,a3_b7_dense_n1024,public_adaptive,18,512,6785.238,81920,0,0,1
opt_f2_poly_dot,a3_b7_dense_n1024,public_scan,18,512,8150.555,81920,0,0,1
opt_f2_poly_dot,a3_b7_dense_n1024,public_blocks32,19,512,8211.506,81920,0,0,1
opt_f2_poly_dot,a3_b7_dense_n1024,public_fused,19,512,10258.707,81920,0,0,1
opt_f2_poly_dot,a3_b7_dense_n1024,public_adaptive,19,512,6707.031,81920,0,0,1
opt_f2_poly_dot,a3_b7_dense_n1024,public_classified,19,512,5795.166,81920,0,0,1
opt_f2_poly_dot,a3_b7_dense_n1024,row_density,19,512,5647.869,81920,0,0,1
opt_f2_poly_dot,a3_b7_dense_n1024,public_masks,19,512,9649.984,81920,0,0,1
opt_f2_poly_dot,a3_b7_dense_n1024,public_scan,19,512,8521.973,81920,0,0,1
opt_f2_poly_dot,a3_b7_dense_n1024,fixed_schedule,19,512,7493.326,81920,0,0,1
opt_f2_poly_dot,a3_b7_dense_n1024,public_blocks8,19,512,7404.867,81920,0,0,1
opt_f2_poly_dot,a3_b7_dense_n1024,production_zero_skip,19,512,9171.631,81920,0,0,1
opt_f2_poly_dot,a3_b7_dense_n1024,public_blocks32,20,512,8686.604,81920,0,0,1
opt_f2_poly_dot,a3_b7_dense_n1024,production_zero_skip,20,512,8514.240,81920,0,0,1
opt_f2_poly_dot,a3_b7_dense_n1024,row_density,20,512,5731.445,81920,0,0,1
opt_f2_poly_dot,a3_b7_dense_n1024,public_adaptive,20,512,7052.652,81920,0,0,1
opt_f2_poly_dot,a3_b7_dense_n1024,fixed_schedule,20,512,7074.545,81920,0,0,1
opt_f2_poly_dot,a3_b7_dense_n1024,public_masks,20,512,9558.023,81920,0,0,1
opt_f2_poly_dot,a3_b7_dense_n1024,public_blocks8,20,512,6876.791,81920,0,0,1
opt_f2_poly_dot,a3_b7_dense_n1024,public_fused,20,512,10044.922,81920,0,0,1
opt_f2_poly_dot,a3_b7_dense_n1024,public_classified,20,512,5836.344,81920,0,0,1
opt_f2_poly_dot,a3_b7_dense_n1024,public_scan,20,512,7651.855,81920,0,0,1
opt_f2_poly_dot,a3_b7_dense_n1024,public_blocks8,21,512,6450.439,81920,0,0,1
opt_f2_poly_dot,a3_b7_dense_n1024,public_scan,21,512,7672.607,81920,0,0,1
opt_f2_poly_dot,a3_b7_dense_n1024,public_fused,21,512,9697.348,81920,0,0,1
opt_f2_poly_dot,a3_b7_dense_n1024,public_blocks32,21,512,7699.627,81920,0,0,1
opt_f2_poly_dot,a3_b7_dense_n1024,public_adaptive,21,512,6578.938,81920,0,0,1
opt_f2_poly_dot,a3_b7_dense_n1024,fixed_schedule,21,512,6560.465,81920,0,0,1
opt_f2_poly_dot,a3_b7_dense_n1024,public_masks,21,512,8936.605,81920,0,0,1
opt_f2_poly_dot,a3_b7_dense_n1024,public_classified,21,512,5824.869,81920,0,0,1
opt_f2_poly_dot,a3_b7_dense_n1024,row_density,21,512,5505.859,81920,0,0,1
opt_f2_poly_dot,a3_b7_dense_n1024,production_zero_skip,21,512,8172.039,81920,0,0,1
opt_f2_poly_dot,a3_b7_dense_n1024,public_masks,22,512,8925.375,81920,0,0,1
opt_f2_poly_dot,a3_b7_dense_n1024,public_classified,22,512,5744.223,81920,0,0,1
opt_f2_poly_dot,a3_b7_dense_n1024,fixed_schedule,22,512,6556.314,81920,0,0,1
opt_f2_poly_dot,a3_b7_dense_n1024,public_adaptive,22,512,6617.432,81920,0,0,1
opt_f2_poly_dot,a3_b7_dense_n1024,public_blocks32,22,512,7697.834,81920,0,0,1
opt_f2_poly_dot,a3_b7_dense_n1024,public_blocks8,22,512,6462.809,81920,0,0,1
opt_f2_poly_dot,a3_b7_dense_n1024,production_zero_skip,22,512,8165.527,81920,0,0,1
opt_f2_poly_dot,a3_b7_dense_n1024,row_density,22,512,5502.523,81920,0,0,1
opt_f2_poly_dot,a3_b7_dense_n1024,public_fused,22,512,9611.328,81920,0,0,1
opt_f2_poly_dot,a3_b7_dense_n1024,public_scan,22,512,7652.750,81920,0,0,1
opt_f2_poly_dot,a3_b7_dense_n1024,public_scan,23,512,7657.553,81920,0,0,1
opt_f2_poly_dot,a3_b7_dense_n1024,public_fused,23,512,9634.521,81920,0,0,1
opt_f2_poly_dot,a3_b7_dense_n1024,public_adaptive,23,512,6586.506,81920,0,0,1
opt_f2_poly_dot,a3_b7_dense_n1024,production_zero_skip,23,512,8216.146,81920,0,0,1
opt_f2_poly_dot,a3_b7_dense_n1024,public_classified,23,512,6023.355,81920,0,0,1
opt_f2_poly_dot,a3_b7_dense_n1024,row_density,23,512,5770.102,81920,0,0,1
opt_f2_poly_dot,a3_b7_dense_n1024,public_masks,23,512,9273.357,81920,0,0,1
opt_f2_poly_dot,a3_b7_dense_n1024,fixed_schedule,23,512,7043.375,81920,0,0,1
opt_f2_poly_dot,a3_b7_dense_n1024,public_blocks32,23,512,7928.305,81920,0,0,1
opt_f2_poly_dot,a3_b7_dense_n1024,public_blocks8,23,512,6513.428,81920,0,0,1
opt_f2_poly_dot,a3_b7_dense_n1024,fixed_schedule,24,512,6711.752,81920,0,0,1
opt_f2_poly_dot,a3_b7_dense_n1024,public_scan,24,512,7902.994,81920,0,0,1
opt_f2_poly_dot,a3_b7_dense_n1024,row_density,24,512,5592.611,81920,0,0,1
opt_f2_poly_dot,a3_b7_dense_n1024,public_blocks8,24,512,6557.617,81920,0,0,1
opt_f2_poly_dot,a3_b7_dense_n1024,public_masks,24,512,9059.570,81920,0,0,1
opt_f2_poly_dot,a3_b7_dense_n1024,public_fused,24,512,9880.859,81920,0,0,1
opt_f2_poly_dot,a3_b7_dense_n1024,public_blocks32,24,512,7952.312,81920,0,0,1
opt_f2_poly_dot,a3_b7_dense_n1024,public_classified,24,512,5807.699,81920,0,0,1
opt_f2_poly_dot,a3_b7_dense_n1024,production_zero_skip,24,512,8264.729,81920,0,0,1
opt_f2_poly_dot,a3_b7_dense_n1024,public_adaptive,24,512,6648.682,81920,0,0,1
opt_f2_poly_dot,a3_b7_dense_n1024,public_classified,25,512,6022.055,81920,0,0,1
opt_f2_poly_dot,a3_b7_dense_n1024,public_adaptive,25,512,7023.600,81920,0,0,1
opt_f2_poly_dot,a3_b7_dense_n1024,public_scan,25,512,8272.543,81920,0,0,1
opt_f2_poly_dot,a3_b7_dense_n1024,row_density,25,512,5582.031,81920,0,0,1
opt_f2_poly_dot,a3_b7_dense_n1024,public_blocks8,25,512,6669.270,81920,0,0,1
opt_f2_poly_dot,a3_b7_dense_n1024,fixed_schedule,25,512,6874.838,81920,0,0,1
opt_f2_poly_dot,a3_b7_dense_n1024,public_blocks32,25,512,8135.662,81920,0,0,1
opt_f2_poly_dot,a3_b7_dense_n1024,public_masks,25,512,9474.771,81920,0,0,1
opt_f2_poly_dot,a3_b7_dense_n1024,public_fused,25,512,10168.863,81920,0,0,1
opt_f2_poly_dot,a3_b7_dense_n1024,production_zero_skip,25,512,8612.631,81920,0,0,1
opt_f2_poly_dot,a3_b7_dense_n1024,public_masks,26,512,9347.494,81920,0,0,1
opt_f2_poly_dot,a3_b7_dense_n1024,public_classified,26,512,6141.277,81920,0,0,1
opt_f2_poly_dot,a3_b7_dense_n1024,fixed_schedule,26,512,6979.330,81920,0,0,1
opt_f2_poly_dot,a3_b7_dense_n1024,public_blocks8,26,512,6920.898,81920,0,0,1
opt_f2_poly_dot,a3_b7_dense_n1024,public_fused,26,512,10210.857,81920,0,0,1
opt_f2_poly_dot,a3_b7_dense_n1024,production_zero_skip,26,512,8924.641,81920,0,0,1
opt_f2_poly_dot,a3_b7_dense_n1024,public_blocks32,26,512,8341.309,81920,0,0,1
opt_f2_poly_dot,a3_b7_dense_n1024,public_adaptive,26,512,7021.811,81920,0,0,1
opt_f2_poly_dot,a3_b7_dense_n1024,public_scan,26,512,7862.387,81920,0,0,1
opt_f2_poly_dot,a3_b7_dense_n1024,row_density,26,512,5904.541,81920,0,0,1
opt_f2_poly_dot,a3_b7_dense_n1024,public_blocks32,27,512,8292.562,81920,0,0,1
opt_f2_poly_dot,a3_b7_dense_n1024,public_scan,27,512,8140.461,81920,0,0,1
opt_f2_poly_dot,a3_b7_dense_n1024,public_adaptive,27,512,7112.385,81920,0,0,1
opt_f2_poly_dot,a3_b7_dense_n1024,public_masks,27,512,9525.229,81920,0,0,1
opt_f2_poly_dot,a3_b7_dense_n1024,public_fused,27,512,10256.348,81920,0,0,1
opt_f2_poly_dot,a3_b7_dense_n1024,production_zero_skip,27,512,8647.135,81920,0,0,1
opt_f2_poly_dot,a3_b7_dense_n1024,row_density,27,512,6143.146,81920,0,0,1
opt_f2_poly_dot,a3_b7_dense_n1024,fixed_schedule,27,512,6865.154,81920,0,0,1
opt_f2_poly_dot,a3_b7_dense_n1024,public_classified,27,512,5916.422,81920,0,0,1
opt_f2_poly_dot,a3_b7_dense_n1024,public_blocks8,27,512,6595.133,81920,0,0,1
opt_f2_poly_dot,a3_b7_dense_n1024,fixed_schedule,28,512,7069.986,81920,0,0,1
opt_f2_poly_dot,a3_b7_dense_n1024,public_blocks8,28,512,7016.195,81920,0,0,1
opt_f2_poly_dot,a3_b7_dense_n1024,public_classified,28,512,6570.881,81920,0,0,1
opt_f2_poly_dot,a3_b7_dense_n1024,production_zero_skip,28,512,9229.168,81920,0,0,1
opt_f2_poly_dot,a3_b7_dense_n1024,public_blocks32,28,512,7970.703,81920,0,0,1
opt_f2_poly_dot,a3_b7_dense_n1024,public_adaptive,28,512,6591.473,81920,0,0,1
opt_f2_poly_dot,a3_b7_dense_n1024,public_masks,28,512,9364.178,81920,0,0,1
opt_f2_poly_dot,a3_b7_dense_n1024,public_fused,28,512,9708.658,81920,0,0,1
opt_f2_poly_dot,a3_b7_dense_n1024,row_density,28,512,5539.227,81920,0,0,1
opt_f2_poly_dot,a3_b7_dense_n1024,public_scan,28,512,7655.682,81920,0,0,1
opt_f2_poly_dot,a3_b7_dense_n1024,fixed_schedule,29,512,6551.432,81920,0,0,1
opt_f2_poly_dot,a3_b7_dense_n1024,public_fused,29,512,9694.580,81920,0,0,1
opt_f2_poly_dot,a3_b7_dense_n1024,public_classified,29,512,5826.010,81920,0,0,1
opt_f2_poly_dot,a3_b7_dense_n1024,public_blocks32,29,512,7716.797,81920,0,0,1
opt_f2_poly_dot,a3_b7_dense_n1024,public_masks,29,512,8906.006,81920,0,0,1
opt_f2_poly_dot,a3_b7_dense_n1024,public_blocks8,29,512,6441.080,81920,0,0,1
opt_f2_poly_dot,a3_b7_dense_n1024,public_adaptive,29,512,6579.590,81920,0,0,1
opt_f2_poly_dot,a3_b7_dense_n1024,public_scan,29,512,7664.959,81920,0,0,1
opt_f2_poly_dot,a3_b7_dense_n1024,production_zero_skip,29,512,8170.816,81920,0,0,1
opt_f2_poly_dot,a3_b7_dense_n1024,row_density,29,512,5512.613,81920,0,0,1
opt_f2_poly_dot,a3_b7_dense_n1024,public_blocks32,30,512,7698.162,81920,0,0,1
opt_f2_poly_dot,a3_b7_dense_n1024,public_blocks8,30,512,6450.766,81920,0,0,1
opt_f2_poly_dot,a3_b7_dense_n1024,public_classified,30,512,5825.113,81920,0,0,1
opt_f2_poly_dot,a3_b7_dense_n1024,fixed_schedule,30,512,6545.654,81920,0,0,1
opt_f2_poly_dot,a3_b7_dense_n1024,public_scan,30,512,7698.322,81920,0,0,1
opt_f2_poly_dot,a3_b7_dense_n1024,public_adaptive,30,512,6576.416,81920,0,0,1
opt_f2_poly_dot,a3_b7_dense_n1024,public_masks,30,512,8905.191,81920,0,0,1
opt_f2_poly_dot,a3_b7_dense_n1024,production_zero_skip,30,512,8161.213,81920,0,0,1
opt_f2_poly_dot,a3_b7_dense_n1024,public_fused,30,512,9609.701,81920,0,0,1
opt_f2_poly_dot,a3_b7_dense_n1024,row_density,30,512,5505.777,81920,0,0,1
opt_f2_poly_dot,a3_b7_dense_n1024,row_density,31,512,5524.170,81920,0,0,1
opt_f2_poly_dot,a3_b7_dense_n1024,production_zero_skip,31,512,8157.471,81920,0,0,1
opt_f2_poly_dot,a3_b7_dense_n1024,fixed_schedule,31,512,6539.143,81920,0,0,1
opt_f2_poly_dot,a3_b7_dense_n1024,public_blocks8,31,512,6493.570,81920,0,0,1
opt_f2_poly_dot,a3_b7_dense_n1024,public_masks,31,512,9430.176,81920,0,0,1
opt_f2_poly_dot,a3_b7_dense_n1024,public_adaptive,31,512,6788.654,81920,0,0,1
opt_f2_poly_dot,a3_b7_dense_n1024,public_scan,31,512,7984.539,81920,0,0,1
opt_f2_poly_dot,a3_b7_dense_n1024,public_blocks32,31,512,8080.648,81920,0,0,1
opt_f2_poly_dot,a3_b7_dense_n1024,public_fused,31,512,10150.309,81920,0,0,1
opt_f2_poly_dot,a3_b7_dense_n1024,public_classified,31,512,6071.289,81920,0,0,1
opt_f2_poly_dot,a3_b7_sparse_n16,public_masks,0,65536,112.373,1280,0,0,1
opt_f2_poly_dot,a3_b7_sparse_n16,public_blocks32,0,65536,51.366,1280,0,0,1
opt_f2_poly_dot,a3_b7_sparse_n16,public_fused,0,65536,48.986,1280,0,0,1
opt_f2_poly_dot,a3_b7_sparse_n16,public_adaptive,0,65536,48.862,1280,0,0,1
opt_f2_poly_dot,a3_b7_sparse_n16,public_blocks8,0,65536,55.384,1280,0,0,1
opt_f2_poly_dot,a3_b7_sparse_n16,production_zero_skip,0,65536,56.379,1280,0,0,1
opt_f2_poly_dot,a3_b7_sparse_n16,public_scan,0,65536,47.613,1280,0,0,1
opt_f2_poly_dot,a3_b7_sparse_n16,public_classified,0,65536,52.977,1280,0,0,1
opt_f2_poly_dot,a3_b7_sparse_n16,fixed_schedule,0,65536,89.441,1280,0,0,1
opt_f2_poly_dot,a3_b7_sparse_n16,row_density,0,65536,53.275,1280,0,0,1
opt_f2_poly_dot,a3_b7_sparse_n16,row_density,1,65536,51.992,1280,0,0,1
opt_f2_poly_dot,a3_b7_sparse_n16,public_classified,1,65536,50.117,1280,0,0,1
opt_f2_poly_dot,a3_b7_sparse_n16,public_scan,1,65536,46.169,1280,0,0,1
opt_f2_poly_dot,a3_b7_sparse_n16,public_fused,1,65536,46.233,1280,0,0,1
opt_f2_poly_dot,a3_b7_sparse_n16,fixed_schedule,1,65536,85.379,1280,0,0,1
opt_f2_poly_dot,a3_b7_sparse_n16,production_zero_skip,1,65536,52.818,1280,0,0,1
opt_f2_poly_dot,a3_b7_sparse_n16,public_blocks32,1,65536,48.667,1280,0,0,1
opt_f2_poly_dot,a3_b7_sparse_n16,public_blocks8,1,65536,53.401,1280,0,0,1
opt_f2_poly_dot,a3_b7_sparse_n16,public_adaptive,1,65536,49.131,1280,0,0,1
opt_f2_poly_dot,a3_b7_sparse_n16,public_masks,1,65536,107.130,1280,0,0,1
opt_f2_poly_dot,a3_b7_sparse_n16,public_blocks8,2,65536,53.070,1280,0,0,1
opt_f2_poly_dot,a3_b7_sparse_n16,public_fused,2,65536,45.862,1280,0,0,1
opt_f2_poly_dot,a3_b7_sparse_n16,public_masks,2,65536,107.891,1280,0,0,1
opt_f2_poly_dot,a3_b7_sparse_n16,fixed_schedule,2,65536,91.597,1280,0,0,1
opt_f2_poly_dot,a3_b7_sparse_n16,public_scan,2,65536,52.627,1280,0,0,1
opt_f2_poly_dot,a3_b7_sparse_n16,public_blocks32,2,65536,53.076,1280,0,0,1
opt_f2_poly_dot,a3_b7_sparse_n16,production_zero_skip,2,65536,58.105,1280,0,0,1
opt_f2_poly_dot,a3_b7_sparse_n16,row_density,2,65536,56.210,1280,0,0,1
opt_f2_poly_dot,a3_b7_sparse_n16,public_classified,2,65536,53.438,1280,0,0,1
opt_f2_poly_dot,a3_b7_sparse_n16,public_adaptive,2,65536,47.513,1280,0,0,1
opt_f2_poly_dot,a3_b7_sparse_n16,public_masks,3,65536,107.360,1280,0,0,1
opt_f2_poly_dot,a3_b7_sparse_n16,production_zero_skip,3,65536,56.794,1280,0,0,1
opt_f2_poly_dot,a3_b7_sparse_n16,row_density,3,65536,55.826,1280,0,0,1
opt_f2_poly_dot,a3_b7_sparse_n16,public_scan,3,65536,49.589,1280,0,0,1
opt_f2_poly_dot,a3_b7_sparse_n16,public_blocks32,3,65536,51.849,1280,0,0,1
opt_f2_poly_dot,a3_b7_sparse_n16,public_classified,3,65536,53.753,1280,0,0,1
opt_f2_poly_dot,a3_b7_sparse_n16,public_blocks8,3,65536,52.933,1280,0,0,1
opt_f2_poly_dot,a3_b7_sparse_n16,public_fused,3,65536,45.617,1280,0,0,1
opt_f2_poly_dot,a3_b7_sparse_n16,public_adaptive,3,65536,45.943,1280,0,0,1
opt_f2_poly_dot,a3_b7_sparse_n16,fixed_schedule,3,65536,85.681,1280,0,0,1
opt_f2_poly_dot,a3_b7_sparse_n16,public_adaptive,4,65536,46.472,1280,0,0,1
opt_f2_poly_dot,a3_b7_sparse_n16,public_masks,4,65536,103.245,1280,0,0,1
opt_f2_poly_dot,a3_b7_sparse_n16,production_zero_skip,4,65536,52.873,1280,0,0,1
opt_f2_poly_dot,a3_b7_sparse_n16,row_density,4,65536,52.280,1280,0,0,1
opt_f2_poly_dot,a3_b7_sparse_n16,public_scan,4,65536,46.814,1280,0,0,1
opt_f2_poly_dot,a3_b7_sparse_n16,public_fused,4,65536,45.872,1280,0,0,1
opt_f2_poly_dot,a3_b7_sparse_n16,public_blocks8,4,65536,52.027,1280,0,0,1
opt_f2_poly_dot,a3_b7_sparse_n16,fixed_schedule,4,65536,85.575,1280,0,0,1
opt_f2_poly_dot,a3_b7_sparse_n16,public_blocks32,4,65536,48.367,1280,0,0,1
opt_f2_poly_dot,a3_b7_sparse_n16,public_classified,4,65536,50.488,1280,0,0,1
opt_f2_poly_dot,a3_b7_sparse_n16,fixed_schedule,5,65536,86.463,1280,0,0,1
opt_f2_poly_dot,a3_b7_sparse_n16,public_adaptive,5,65536,45.813,1280,0,0,1
opt_f2_poly_dot,a3_b7_sparse_n16,production_zero_skip,5,65536,53.007,1280,0,0,1
opt_f2_poly_dot,a3_b7_sparse_n16,public_fused,5,65536,47.595,1280,0,0,1
opt_f2_poly_dot,a3_b7_sparse_n16,public_masks,5,65536,101.634,1280,0,0,1
opt_f2_poly_dot,a3_b7_sparse_n16,public_scan,5,65536,47.686,1280,0,0,1
opt_f2_poly_dot,a3_b7_sparse_n16,public_blocks8,5,65536,53.317,1280,0,0,1
opt_f2_poly_dot,a3_b7_sparse_n16,public_blocks32,5,65536,49.309,1280,0,0,1
opt_f2_poly_dot,a3_b7_sparse_n16,public_classified,5,65536,51.392,1280,0,0,1
opt_f2_poly_dot,a3_b7_sparse_n16,row_density,5,65536,51.973,1280,0,0,1
opt_f2_poly_dot,a3_b7_sparse_n16,production_zero_skip,6,65536,54.026,1280,0,0,1
opt_f2_poly_dot,a3_b7_sparse_n16,public_masks,6,65536,103.804,1280,0,0,1
opt_f2_poly_dot,a3_b7_sparse_n16,public_fused,6,65536,45.197,1280,0,0,1
opt_f2_poly_dot,a3_b7_sparse_n16,public_classified,6,65536,50.365,1280,0,0,1
opt_f2_poly_dot,a3_b7_sparse_n16,fixed_schedule,6,65536,88.367,1280,0,0,1
opt_f2_poly_dot,a3_b7_sparse_n16,public_blocks32,6,65536,51.095,1280,0,0,1
opt_f2_poly_dot,a3_b7_sparse_n16,public_scan,6,65536,48.807,1280,0,0,1
opt_f2_poly_dot,a3_b7_sparse_n16,row_density,6,65536,53.174,1280,0,0,1
opt_f2_poly_dot,a3_b7_sparse_n16,public_blocks8,6,65536,54.836,1280,0,0,1
opt_f2_poly_dot,a3_b7_sparse_n16,public_adaptive,6,65536,48.784,1280,0,0,1
opt_f2_poly_dot,a3_b7_sparse_n16,public_masks,7,65536,109.983,1280,0,0,1
opt_f2_poly_dot,a3_b7_sparse_n16,row_density,7,65536,55.716,1280,0,0,1
opt_f2_poly_dot,a3_b7_sparse_n16,public_fused,7,65536,47.906,1280,0,0,1
opt_f2_poly_dot,a3_b7_sparse_n16,public_scan,7,65536,48.962,1280,0,0,1
opt_f2_poly_dot,a3_b7_sparse_n16,public_adaptive,7,65536,48.890,1280,0,0,1
opt_f2_poly_dot,a3_b7_sparse_n16,public_blocks8,7,65536,55.139,1280,0,0,1
opt_f2_poly_dot,a3_b7_sparse_n16,fixed_schedule,7,65536,91.014,1280,0,0,1
opt_f2_poly_dot,a3_b7_sparse_n16,production_zero_skip,7,65536,57.578,1280,0,0,1
opt_f2_poly_dot,a3_b7_sparse_n16,public_classified,7,65536,55.387,1280,0,0,1
opt_f2_poly_dot,a3_b7_sparse_n16,public_blocks32,7,65536,49.332,1280,0,0,1
opt_f2_poly_dot,a3_b7_sparse_n16,production_zero_skip,8,65536,52.397,1280,0,0,1
opt_f2_poly_dot,a3_b7_sparse_n16,public_blocks8,8,65536,53.190,1280,0,0,1
opt_f2_poly_dot,a3_b7_sparse_n16,public_blocks32,8,65536,53.804,1280,0,0,1
opt_f2_poly_dot,a3_b7_sparse_n16,public_masks,8,65536,105.256,1280,0,0,1
opt_f2_poly_dot,a3_b7_sparse_n16,public_scan,8,65536,48.015,1280,0,0,1
opt_f2_poly_dot,a3_b7_sparse_n16,public_adaptive,8,65536,46.293,1280,0,0,1
opt_f2_poly_dot,a3_b7_sparse_n16,row_density,8,65536,52.001,1280,0,0,1
opt_f2_poly_dot,a3_b7_sparse_n16,public_fused,8,65536,49.151,1280,0,0,1
opt_f2_poly_dot,a3_b7_sparse_n16,public_classified,8,65536,52.572,1280,0,0,1
opt_f2_poly_dot,a3_b7_sparse_n16,fixed_schedule,8,65536,89.616,1280,0,0,1
opt_f2_poly_dot,a3_b7_sparse_n16,public_classified,9,65536,53.577,1280,0,0,1
opt_f2_poly_dot,a3_b7_sparse_n16,public_blocks8,9,65536,56.825,1280,0,0,1
opt_f2_poly_dot,a3_b7_sparse_n16,public_adaptive,9,65536,49.673,1280,0,0,1
opt_f2_poly_dot,a3_b7_sparse_n16,public_scan,9,65536,50.508,1280,0,0,1
opt_f2_poly_dot,a3_b7_sparse_n16,fixed_schedule,9,65536,95.720,1280,0,0,1
opt_f2_poly_dot,a3_b7_sparse_n16,production_zero_skip,9,65536,60.507,1280,0,0,1
opt_f2_poly_dot,a3_b7_sparse_n16,row_density,9,65536,59.249,1280,0,0,1
opt_f2_poly_dot,a3_b7_sparse_n16,public_masks,9,65536,117.260,1280,0,0,1
opt_f2_poly_dot,a3_b7_sparse_n16,public_blocks32,9,65536,48.725,1280,0,0,1
opt_f2_poly_dot,a3_b7_sparse_n16,public_fused,9,65536,45.994,1280,0,0,1
opt_f2_poly_dot,a3_b7_sparse_n16,public_masks,10,65536,102.637,1280,0,0,1
opt_f2_poly_dot,a3_b7_sparse_n16,public_blocks8,10,65536,51.955,1280,0,0,1
opt_f2_poly_dot,a3_b7_sparse_n16,public_adaptive,10,65536,46.147,1280,0,0,1
opt_f2_poly_dot,a3_b7_sparse_n16,public_classified,10,65536,49.992,1280,0,0,1
opt_f2_poly_dot,a3_b7_sparse_n16,public_blocks32,10,65536,48.007,1280,0,0,1
opt_f2_poly_dot,a3_b7_sparse_n16,production_zero_skip,10,65536,52.380,1280,0,0,1
opt_f2_poly_dot,a3_b7_sparse_n16,row_density,10,65536,51.670,1280,0,0,1
opt_f2_poly_dot,a3_b7_sparse_n16,public_fused,10,65536,45.218,1280,0,0,1
opt_f2_poly_dot,a3_b7_sparse_n16,public_scan,10,65536,46.392,1280,0,0,1
opt_f2_poly_dot,a3_b7_sparse_n16,fixed_schedule,10,65536,85.020,1280,0,0,1
opt_f2_poly_dot,a3_b7_sparse_n16,public_blocks8,11,65536,51.771,1280,0,0,1
opt_f2_poly_dot,a3_b7_sparse_n16,fixed_schedule,11,65536,85.010,1280,0,0,1
opt_f2_poly_dot,a3_b7_sparse_n16,production_zero_skip,11,65536,52.805,1280,0,0,1
opt_f2_poly_dot,a3_b7_sparse_n16,public_fused,11,65536,46.218,1280,0,0,1
opt_f2_poly_dot,a3_b7_sparse_n16,public_scan,11,65536,46.724,1280,0,0,1
opt_f2_poly_dot,a3_b7_sparse_n16,public_adaptive,11,65536,47.784,1280,0,0,1
opt_f2_poly_dot,a3_b7_sparse_n16,public_masks,11,65536,110.463,1280,0,0,1
opt_f2_poly_dot,a3_b7_sparse_n16,public_blocks32,11,65536,54.029,1280,0,0,1
opt_f2_poly_dot,a3_b7_sparse_n16,row_density,11,65536,58.094,1280,0,0,1
opt_f2_poly_dot,a3_b7_sparse_n16,public_classified,11,65536,54.797,1280,0,0,1
opt_f2_poly_dot,a3_b7_sparse_n16,public_masks,12,65536,112.038,1280,0,0,1
opt_f2_poly_dot,a3_b7_sparse_n16,public_adaptive,12,65536,51.418,1280,0,0,1
opt_f2_poly_dot,a3_b7_sparse_n16,public_blocks8,12,65536,55.327,1280,0,0,1
opt_f2_poly_dot,a3_b7_sparse_n16,public_scan,12,65536,52.959,1280,0,0,1
opt_f2_poly_dot,a3_b7_sparse_n16,production_zero_skip,12,65536,56.801,1280,0,0,1
opt_f2_poly_dot,a3_b7_sparse_n16,fixed_schedule,12,65536,92.700,1280,0,0,1
opt_f2_poly_dot,a3_b7_sparse_n16,public_classified,12,65536,52.684,1280,0,0,1
opt_f2_poly_dot,a3_b7_sparse_n16,public_fused,12,65536,47.462,1280,0,0,1
opt_f2_poly_dot,a3_b7_sparse_n16,row_density,12,65536,51.732,1280,0,0,1
opt_f2_poly_dot,a3_b7_sparse_n16,public_blocks32,12,65536,48.898,1280,0,0,1
opt_f2_poly_dot,a3_b7_sparse_n16,public_adaptive,13,65536,46.937,1280,0,0,1
opt_f2_poly_dot,a3_b7_sparse_n16,public_scan,13,65536,46.707,1280,0,0,1
opt_f2_poly_dot,a3_b7_sparse_n16,public_masks,13,65536,104.597,1280,0,0,1
opt_f2_poly_dot,a3_b7_sparse_n16,production_zero_skip,13,65536,53.917,1280,0,0,1
opt_f2_poly_dot,a3_b7_sparse_n16,public_blocks8,13,65536,53.869,1280,0,0,1
opt_f2_poly_dot,a3_b7_sparse_n16,row_density,13,65536,52.437,1280,0,0,1
opt_f2_poly_dot,a3_b7_sparse_n16,public_classified,13,65536,52.357,1280,0,0,1
opt_f2_poly_dot,a3_b7_sparse_n16,public_fused,13,65536,48.749,1280,0,0,1
opt_f2_poly_dot,a3_b7_sparse_n16,fixed_schedule,13,65536,88.269,1280,0,0,1
opt_f2_poly_dot,a3_b7_sparse_n16,public_blocks32,13,65536,50.426,1280,0,0,1
opt_f2_poly_dot,a3_b7_sparse_n16,production_zero_skip,14,65536,54.712,1280,0,0,1
opt_f2_poly_dot,a3_b7_sparse_n16,public_blocks32,14,65536,49.892,1280,0,0,1
opt_f2_poly_dot,a3_b7_sparse_n16,public_blocks8,14,65536,54.059,1280,0,0,1
opt_f2_poly_dot,a3_b7_sparse_n16,public_adaptive,14,65536,46.800,1280,0,0,1
opt_f2_poly_dot,a3_b7_sparse_n16,row_density,14,65536,54.565,1280,0,0,1
opt_f2_poly_dot,a3_b7_sparse_n16,public_classified,14,65536,52.502,1280,0,0,1
opt_f2_poly_dot,a3_b7_sparse_n16,public_scan,14,65536,48.368,1280,0,0,1
opt_f2_poly_dot,a3_b7_sparse_n16,fixed_schedule,14,65536,89.206,1280,0,0,1
opt_f2_poly_dot,a3_b7_sparse_n16,public_masks,14,65536,109.808,1280,0,0,1
opt_f2_poly_dot,a3_b7_sparse_n16,public_fused,14,65536,50.102,1280,0,0,1
opt_f2_poly_dot,a3_b7_sparse_n16,fixed_schedule,15,65536,92.471,1280,0,0,1
opt_f2_poly_dot,a3_b7_sparse_n16,public_fused,15,65536,49.601,1280,0,0,1
opt_f2_poly_dot,a3_b7_sparse_n16,public_scan,15,65536,52.606,1280,0,0,1
opt_f2_poly_dot,a3_b7_sparse_n16,public_blocks8,15,65536,55.580,1280,0,0,1
opt_f2_poly_dot,a3_b7_sparse_n16,public_masks,15,65536,112.521,1280,0,0,1
opt_f2_poly_dot,a3_b7_sparse_n16,production_zero_skip,15,65536,59.241,1280,0,0,1
opt_f2_poly_dot,a3_b7_sparse_n16,public_classified,15,65536,57.597,1280,0,0,1
opt_f2_poly_dot,a3_b7_sparse_n16,public_blocks32,15,65536,54.588,1280,0,0,1
opt_f2_poly_dot,a3_b7_sparse_n16,row_density,15,65536,58.997,1280,0,0,1
opt_f2_poly_dot,a3_b7_sparse_n16,public_adaptive,15,65536,53.405,1280,0,0,1
opt_f2_poly_dot,a3_b7_sparse_n16,public_blocks32,16,65536,55.464,1280,0,0,1
opt_f2_poly_dot,a3_b7_sparse_n16,row_density,16,65536,60.939,1280,0,0,1
opt_f2_poly_dot,a3_b7_sparse_n16,public_fused,16,65536,47.295,1280,0,0,1
opt_f2_poly_dot,a3_b7_sparse_n16,public_adaptive,16,65536,46.003,1280,0,0,1
opt_f2_poly_dot,a3_b7_sparse_n16,public_classified,16,65536,52.100,1280,0,0,1
opt_f2_poly_dot,a3_b7_sparse_n16,public_masks,16,65536,106.298,1280,0,0,1
opt_f2_poly_dot,a3_b7_sparse_n16,public_scan,16,65536,48.557,1280,0,0,1
opt_f2_poly_dot,a3_b7_sparse_n16,production_zero_skip,16,65536,54.794,1280,0,0,1
opt_f2_poly_dot,a3_b7_sparse_n16,fixed_schedule,16,65536,90.109,1280,0,0,1
opt_f2_poly_dot,a3_b7_sparse_n16,public_blocks8,16,65536,53.778,1280,0,0,1
opt_f2_poly_dot,a3_b7_sparse_n16,public_scan,17,65536,48.369,1280,0,0,1
opt_f2_poly_dot,a3_b7_sparse_n16,public_adaptive,17,65536,47.983,1280,0,0,1
opt_f2_poly_dot,a3_b7_sparse_n16,public_masks,17,65536,105.897,1280,0,0,1
opt_f2_poly_dot,a3_b7_sparse_n16,production_zero_skip,17,65536,55.075,1280,0,0,1
opt_f2_poly_dot,a3_b7_sparse_n16,public_blocks32,17,65536,49.840,1280,0,0,1
opt_f2_poly_dot,a3_b7_sparse_n16,public_fused,17,65536,47.652,1280,0,0,1
opt_f2_poly_dot,a3_b7_sparse_n16,row_density,17,65536,53.868,1280,0,0,1
opt_f2_poly_dot,a3_b7_sparse_n16,fixed_schedule,17,65536,89.308,1280,0,0,1
opt_f2_poly_dot,a3_b7_sparse_n16,public_blocks8,17,65536,54.090,1280,0,0,1
opt_f2_poly_dot,a3_b7_sparse_n16,public_classified,17,65536,52.126,1280,0,0,1
opt_f2_poly_dot,a3_b7_sparse_n16,public_blocks8,18,65536,54.149,1280,0,0,1
opt_f2_poly_dot,a3_b7_sparse_n16,production_zero_skip,18,65536,54.459,1280,0,0,1
opt_f2_poly_dot,a3_b7_sparse_n16,row_density,18,65536,53.846,1280,0,0,1
opt_f2_poly_dot,a3_b7_sparse_n16,public_masks,18,65536,106.291,1280,0,0,1
opt_f2_poly_dot,a3_b7_sparse_n16,public_blocks32,18,65536,49.908,1280,0,0,1
opt_f2_poly_dot,a3_b7_sparse_n16,public_adaptive,18,65536,48.090,1280,0,0,1
opt_f2_poly_dot,a3_b7_sparse_n16,fixed_schedule,18,65536,89.130,1280,0,0,1
opt_f2_poly_dot,a3_b7_sparse_n16,public_fused,18,65536,47.396,1280,0,0,1
opt_f2_poly_dot,a3_b7_sparse_n16,public_classified,18,65536,52.291,1280,0,0,1
opt_f2_poly_dot,a3_b7_sparse_n16,public_scan,18,65536,48.725,1280,0,0,1
opt_f2_poly_dot,a3_b7_sparse_n16,public_scan,19,65536,47.472,1280,0,0,1
opt_f2_poly_dot,a3_b7_sparse_n16,production_zero_skip,19,65536,53.555,1280,0,0,1
opt_f2_poly_dot,a3_b7_sparse_n16,public_adaptive,19,65536,49.195,1280,0,0,1
opt_f2_poly_dot,a3_b7_sparse_n16,public_classified,19,65536,52.128,1280,0,0,1
opt_f2_poly_dot,a3_b7_sparse_n16,row_density,19,65536,53.858,1280,0,0,1
opt_f2_poly_dot,a3_b7_sparse_n16,fixed_schedule,19,65536,88.961,1280,0,0,1
opt_f2_poly_dot,a3_b7_sparse_n16,public_blocks8,19,65536,54.066,1280,0,0,1
opt_f2_poly_dot,a3_b7_sparse_n16,public_fused,19,65536,47.509,1280,0,0,1
opt_f2_poly_dot,a3_b7_sparse_n16,public_blocks32,19,65536,49.812,1280,0,0,1
opt_f2_poly_dot,a3_b7_sparse_n16,public_masks,19,65536,107.875,1280,0,0,1
opt_f2_poly_dot,a3_b7_sparse_n16,production_zero_skip,20,65536,55.819,1280,0,0,1
opt_f2_poly_dot,a3_b7_sparse_n16,public_blocks32,20,65536,50.611,1280,0,0,1
opt_f2_poly_dot,a3_b7_sparse_n16,public_fused,20,65536,49.719,1280,0,0,1
opt_f2_poly_dot,a3_b7_sparse_n16,public_blocks8,20,65536,57.824,1280,0,0,1
opt_f2_poly_dot,a3_b7_sparse_n16,public_adaptive,20,65536,47.040,1280,0,0,1
opt_f2_poly_dot,a3_b7_sparse_n16,fixed_schedule,20,65536,87.327,1280,0,0,1
opt_f2_poly_dot,a3_b7_sparse_n16,public_scan,20,65536,49.842,1280,0,0,1
opt_f2_poly_dot,a3_b7_sparse_n16,row_density,20,65536,54.263,1280,0,0,1
opt_f2_poly_dot,a3_b7_sparse_n16,public_masks,20,65536,109.247,1280,0,0,1
opt_f2_poly_dot,a3_b7_sparse_n16,public_classified,20,65536,50.426,1280,0,0,1
opt_f2_poly_dot,a3_b7_sparse_n16,public_blocks32,21,65536,48.865,1280,0,0,1
opt_f2_poly_dot,a3_b7_sparse_n16,public_classified,21,65536,50.462,1280,0,0,1
opt_f2_poly_dot,a3_b7_sparse_n16,public_scan,21,65536,48.613,1280,0,0,1
opt_f2_poly_dot,a3_b7_sparse_n16,fixed_schedule,21,65536,89.703,1280,0,0,1
opt_f2_poly_dot,a3_b7_sparse_n16,public_fused,21,65536,48.651,1280,0,0,1
opt_f2_poly_dot,a3_b7_sparse_n16,public_blocks8,21,65536,56.629,1280,0,0,1
opt_f2_poly_dot,a3_b7_sparse_n16,public_adaptive,21,65536,50.098,1280,0,0,1
opt_f2_poly_dot,a3_b7_sparse_n16,row_density,21,65536,55.187,1280,0,0,1
opt_f2_poly_dot,a3_b7_sparse_n16,public_masks,21,65536,109.797,1280,0,0,1
opt_f2_poly_dot,a3_b7_sparse_n16,production_zero_skip,21,65536,55.895,1280,0,0,1
opt_f2_poly_dot,a3_b7_sparse_n16,production_zero_skip,22,65536,56.016,1280,0,0,1
opt_f2_poly_dot,a3_b7_sparse_n16,public_fused,22,65536,48.636,1280,0,0,1
opt_f2_poly_dot,a3_b7_sparse_n16,public_classified,22,65536,54.195,1280,0,0,1
opt_f2_poly_dot,a3_b7_sparse_n16,public_adaptive,22,65536,50.014,1280,0,0,1
opt_f2_poly_dot,a3_b7_sparse_n16,public_blocks32,22,65536,51.587,1280,0,0,1
opt_f2_poly_dot,a3_b7_sparse_n16,row_density,22,65536,55.695,1280,0,0,1
opt_f2_poly_dot,a3_b7_sparse_n16,public_blocks8,22,65536,55.763,1280,0,0,1
opt_f2_poly_dot,a3_b7_sparse_n16,public_masks,22,65536,110.464,1280,0,0,1
opt_f2_poly_dot,a3_b7_sparse_n16,fixed_schedule,22,65536,86.857,1280,0,0,1
opt_f2_poly_dot,a3_b7_sparse_n16,public_scan,22,65536,47.259,1280,0,0,1
opt_f2_poly_dot,a3_b7_sparse_n16,public_scan,23,65536,47.415,1280,0,0,1
opt_f2_poly_dot,a3_b7_sparse_n16,fixed_schedule,23,65536,86.006,1280,0,0,1
opt_f2_poly_dot,a3_b7_sparse_n16,production_zero_skip,23,65536,52.692,1280,0,0,1
opt_f2_poly_dot,a3_b7_sparse_n16,row_density,23,65536,52.149,1280,0,0,1
opt_f2_poly_dot,a3_b7_sparse_n16,public_fused,23,65536,45.779,1280,0,0,1
opt_f2_poly_dot,a3_b7_sparse_n16,public_adaptive,23,65536,46.303,1280,0,0,1
opt_f2_poly_dot,a3_b7_sparse_n16,public_classified,23,65536,50.577,1280,0,0,1
opt_f2_poly_dot,a3_b7_sparse_n16,public_blocks32,23,65536,48.921,1280,0,0,1
opt_f2_poly_dot,a3_b7_sparse_n16,public_blocks8,23,65536,52.489,1280,0,0,1
opt_f2_poly_dot,a3_b7_sparse_n16,public_masks,23,65536,103.146,1280,0,0,1
opt_f2_poly_dot,a3_b7_sparse_n16,fixed_schedule,24,65536,86.189,1280,0,0,1
opt_f2_poly_dot,a3_b7_sparse_n16,public_fused,24,65536,45.794,1280,0,0,1
opt_f2_poly_dot,a3_b7_sparse_n16,public_adaptive,24,65536,46.493,1280,0,0,1
opt_f2_poly_dot,a3_b7_sparse_n16,public_classified,24,65536,51.211,1280,0,0,1
opt_f2_poly_dot,a3_b7_sparse_n16,public_blocks32,24,65536,48.632,1280,0,0,1
opt_f2_poly_dot,a3_b7_sparse_n16,production_zero_skip,24,65536,52.842,1280,0,0,1
opt_f2_poly_dot,a3_b7_sparse_n16,public_scan,24,65536,47.270,1280,0,0,1
opt_f2_poly_dot,a3_b7_sparse_n16,public_blocks8,24,65536,52.569,1280,0,0,1
opt_f2_poly_dot,a3_b7_sparse_n16,row_density,24,65536,52.284,1280,0,0,1
opt_f2_poly_dot,a3_b7_sparse_n16,public_masks,24,65536,103.103,1280,0,0,1
opt_f2_poly_dot,a3_b7_sparse_n16,public_fused,25,65536,45.677,1280,0,0,1
opt_f2_poly_dot,a3_b7_sparse_n16,public_scan,25,65536,46.817,1280,0,0,1
opt_f2_poly_dot,a3_b7_sparse_n16,fixed_schedule,25,65536,86.445,1280,0,0,1
opt_f2_poly_dot,a3_b7_sparse_n16,public_masks,25,65536,103.360,1280,0,0,1
opt_f2_poly_dot,a3_b7_sparse_n16,row_density,25,65536,52.244,1280,0,0,1
opt_f2_poly_dot,a3_b7_sparse_n16,public_blocks8,25,65536,52.469,1280,0,0,1
opt_f2_poly_dot,a3_b7_sparse_n16,public_classified,25,65536,50.837,1280,0,0,1
opt_f2_poly_dot,a3_b7_sparse_n16,public_blocks32,25,65536,50.056,1280,0,0,1
opt_f2_poly_dot,a3_b7_sparse_n16,production_zero_skip,25,65536,54.124,1280,0,0,1
opt_f2_poly_dot,a3_b7_sparse_n16,public_adaptive,25,65536,47.791,1280,0,0,1
opt_f2_poly_dot,a3_b7_sparse_n16,public_scan,26,65536,47.817,1280,0,0,1
opt_f2_poly_dot,a3_b7_sparse_n16,production_zero_skip,26,65536,54.829,1280,0,0,1
opt_f2_poly_dot,a3_b7_sparse_n16,public_blocks32,26,65536,50.924,1280,0,0,1
opt_f2_poly_dot,a3_b7_sparse_n16,public_classified,26,65536,52.654,1280,0,0,1
opt_f2_poly_dot,a3_b7_sparse_n16,public_blocks8,26,65536,53.756,1280,0,0,1
opt_f2_poly_dot,a3_b7_sparse_n16,row_density,26,65536,53.710,1280,0,0,1
opt_f2_poly_dot,a3_b7_sparse_n16,public_fused,26,65536,46.293,1280,0,0,1
opt_f2_poly_dot,a3_b7_sparse_n16,fixed_schedule,26,65536,87.676,1280,0,0,1
opt_f2_poly_dot,a3_b7_sparse_n16,public_masks,26,65536,104.251,1280,0,0,1
opt_f2_poly_dot,a3_b7_sparse_n16,public_adaptive,26,65536,46.383,1280,0,0,1
opt_f2_poly_dot,a3_b7_sparse_n16,row_density,27,65536,52.723,1280,0,0,1
opt_f2_poly_dot,a3_b7_sparse_n16,public_adaptive,27,65536,46.988,1280,0,0,1
opt_f2_poly_dot,a3_b7_sparse_n16,public_scan,27,65536,46.805,1280,0,0,1
opt_f2_poly_dot,a3_b7_sparse_n16,public_classified,27,65536,50.454,1280,0,0,1
opt_f2_poly_dot,a3_b7_sparse_n16,fixed_schedule,27,65536,86.145,1280,0,0,1
opt_f2_poly_dot,a3_b7_sparse_n16,production_zero_skip,27,65536,53.022,1280,0,0,1
opt_f2_poly_dot,a3_b7_sparse_n16,public_blocks8,27,65536,53.674,1280,0,0,1
opt_f2_poly_dot,a3_b7_sparse_n16,public_blocks32,27,65536,49.536,1280,0,0,1
opt_f2_poly_dot,a3_b7_sparse_n16,public_fused,27,65536,46.821,1280,0,0,1
opt_f2_poly_dot,a3_b7_sparse_n16,public_masks,27,65536,104.832,1280,0,0,1
opt_f2_poly_dot,a3_b7_sparse_n16,fixed_schedule,28,65536,86.384,1280,0,0,1
opt_f2_poly_dot,a3_b7_sparse_n16,production_zero_skip,28,65536,52.995,1280,0,0,1
opt_f2_poly_dot,a3_b7_sparse_n16,row_density,28,65536,52.134,1280,0,0,1
opt_f2_poly_dot,a3_b7_sparse_n16,public_blocks32,28,65536,48.167,1280,0,0,1
opt_f2_poly_dot,a3_b7_sparse_n16,public_scan,28,65536,47.183,1280,0,0,1
opt_f2_poly_dot,a3_b7_sparse_n16,public_masks,28,65536,104.061,1280,0,0,1
opt_f2_poly_dot,a3_b7_sparse_n16,public_adaptive,28,65536,47.690,1280,0,0,1
opt_f2_poly_dot,a3_b7_sparse_n16,public_fused,28,65536,46.497,1280,0,0,1
opt_f2_poly_dot,a3_b7_sparse_n16,public_blocks8,28,65536,53.598,1280,0,0,1
opt_f2_poly_dot,a3_b7_sparse_n16,public_classified,28,65536,52.198,1280,0,0,1
opt_f2_poly_dot,a3_b7_sparse_n16,public_scan,29,65536,52.668,1280,0,0,1
opt_f2_poly_dot,a3_b7_sparse_n16,row_density,29,65536,58.690,1280,0,0,1
opt_f2_poly_dot,a3_b7_sparse_n16,public_fused,29,65536,49.414,1280,0,0,1
opt_f2_poly_dot,a3_b7_sparse_n16,public_classified,29,65536,54.019,1280,0,0,1
opt_f2_poly_dot,a3_b7_sparse_n16,public_blocks8,29,65536,56.266,1280,0,0,1
opt_f2_poly_dot,a3_b7_sparse_n16,production_zero_skip,29,65536,56.040,1280,0,0,1
opt_f2_poly_dot,a3_b7_sparse_n16,fixed_schedule,29,65536,90.788,1280,0,0,1
opt_f2_poly_dot,a3_b7_sparse_n16,public_adaptive,29,65536,50.156,1280,0,0,1
opt_f2_poly_dot,a3_b7_sparse_n16,public_masks,29,65536,109.467,1280,0,0,1
opt_f2_poly_dot,a3_b7_sparse_n16,public_blocks32,29,65536,51.949,1280,0,0,1
opt_f2_poly_dot,a3_b7_sparse_n16,row_density,30,65536,55.147,1280,0,0,1
opt_f2_poly_dot,a3_b7_sparse_n16,public_scan,30,65536,50.887,1280,0,0,1
opt_f2_poly_dot,a3_b7_sparse_n16,public_blocks8,30,65536,56.398,1280,0,0,1
opt_f2_poly_dot,a3_b7_sparse_n16,public_masks,30,65536,110.321,1280,0,0,1
opt_f2_poly_dot,a3_b7_sparse_n16,fixed_schedule,30,65536,86.649,1280,0,0,1
opt_f2_poly_dot,a3_b7_sparse_n16,public_blocks32,30,65536,48.227,1280,0,0,1
opt_f2_poly_dot,a3_b7_sparse_n16,public_fused,30,65536,46.324,1280,0,0,1
opt_f2_poly_dot,a3_b7_sparse_n16,public_adaptive,30,65536,46.685,1280,0,0,1
opt_f2_poly_dot,a3_b7_sparse_n16,production_zero_skip,30,65536,53.338,1280,0,0,1
opt_f2_poly_dot,a3_b7_sparse_n16,public_classified,30,65536,50.554,1280,0,0,1
opt_f2_poly_dot,a3_b7_sparse_n16,public_fused,31,65536,46.977,1280,0,0,1
opt_f2_poly_dot,a3_b7_sparse_n16,public_scan,31,65536,46.722,1280,0,0,1
opt_f2_poly_dot,a3_b7_sparse_n16,public_classified,31,65536,50.496,1280,0,0,1
opt_f2_poly_dot,a3_b7_sparse_n16,public_adaptive,31,65536,46.329,1280,0,0,1
opt_f2_poly_dot,a3_b7_sparse_n16,public_blocks32,31,65536,48.272,1280,0,0,1
opt_f2_poly_dot,a3_b7_sparse_n16,public_blocks8,31,65536,52.507,1280,0,0,1
opt_f2_poly_dot,a3_b7_sparse_n16,public_masks,31,65536,102.373,1280,0,0,1
opt_f2_poly_dot,a3_b7_sparse_n16,production_zero_skip,31,65536,54.948,1280,0,0,1
opt_f2_poly_dot,a3_b7_sparse_n16,row_density,31,65536,54.794,1280,0,0,1
opt_f2_poly_dot,a3_b7_sparse_n16,fixed_schedule,31,65536,89.949,1280,0,0,1
opt_f2_poly_dot,a3_b7_sparse_n1024,public_blocks32,0,1024,3275.554,81920,0,0,1
opt_f2_poly_dot,a3_b7_sparse_n1024,public_masks,0,1024,4018.229,81920,0,0,1
opt_f2_poly_dot,a3_b7_sparse_n1024,public_blocks8,0,1024,3708.658,81920,0,0,1
opt_f2_poly_dot,a3_b7_sparse_n1024,public_adaptive,0,1024,3372.233,81920,0,0,1
opt_f2_poly_dot,a3_b7_sparse_n1024,public_fused,0,1024,3303.263,81920,0,0,1
opt_f2_poly_dot,a3_b7_sparse_n1024,public_classified,0,1024,5650.269,81920,0,0,1
opt_f2_poly_dot,a3_b7_sparse_n1024,production_zero_skip,0,1024,3951.457,81920,0,0,1
opt_f2_poly_dot,a3_b7_sparse_n1024,public_scan,0,1024,3318.237,81920,0,0,1
opt_f2_poly_dot,a3_b7_sparse_n1024,row_density,0,1024,5710.693,81920,0,0,1
opt_f2_poly_dot,a3_b7_sparse_n1024,fixed_schedule,0,1024,7012.329,81920,0,0,1
opt_f2_poly_dot,a3_b7_sparse_n1024,production_zero_skip,1,1024,3745.442,81920,0,0,1
opt_f2_poly_dot,a3_b7_sparse_n1024,public_blocks32,1,1024,3302.287,81920,0,0,1
opt_f2_poly_dot,a3_b7_sparse_n1024,public_masks,1,1024,4157.471,81920,0,0,1
opt_f2_poly_dot,a3_b7_sparse_n1024,row_density,1,1024,5792.398,81920,0,0,1
opt_f2_poly_dot,a3_b7_sparse_n1024,public_classified,1,1024,5759.847,81920,0,0,1
opt_f2_poly_dot,a3_b7_sparse_n1024,fixed_schedule,1,1024,6952.271,81920,0,0,1
opt_f2_poly_dot,a3_b7_sparse_n1024,public_scan,1,1024,3260.214,81920,0,0,1
opt_f2_poly_dot,a3_b7_sparse_n1024,public_adaptive,1,1024,3247.600,81920,0,0,1
opt_f2_poly_dot,a3_b7_sparse_n1024,public_fused,1,1024,3243.774,81920,0,0,1
opt_f2_poly_dot,a3_b7_sparse_n1024,public_blocks8,1,1024,3657.756,81920,0,0,1
opt_f2_poly_dot,a3_b7_sparse_n1024,fixed_schedule,2,1024,6778.768,81920,0,0,1
opt_f2_poly_dot,a3_b7_sparse_n1024,public_fused,2,1024,3075.521,81920,0,0,1
opt_f2_poly_dot,a3_b7_sparse_n1024,row_density,2,1024,5531.332,81920,0,0,1
opt_f2_poly_dot,a3_b7_sparse_n1024,production_zero_skip,2,1024,3790.202,81920,0,0,1
opt_f2_poly_dot,a3_b7_sparse_n1024,public_blocks32,2,1024,3286.824,81920,0,0,1
opt_f2_poly_dot,a3_b7_sparse_n1024,public_classified,2,1024,5529.947,81920,0,0,1
opt_f2_poly_dot,a3_b7_sparse_n1024,public_masks,2,1024,4029.704,81920,0,0,1
opt_f2_poly_dot,a3_b7_sparse_n1024,public_blocks8,2,1024,3801.351,81920,0,0,1
opt_f2_poly_dot,a3_b7_sparse_n1024,public_adaptive,2,1024,3310.425,81920,0,0,1
opt_f2_poly_dot,a3_b7_sparse_n1024,public_scan,2,1024,3233.073,81920,0,0,1
opt_f2_poly_dot,a3_b7_sparse_n1024,public_masks,3,1024,3932.698,81920,0,0,1
opt_f2_poly_dot,a3_b7_sparse_n1024,fixed_schedule,3,1024,6605.632,81920,0,0,1
opt_f2_poly_dot,a3_b7_sparse_n1024,public_fused,3,1024,3173.503,81920,0,0,1
opt_f2_poly_dot,a3_b7_sparse_n1024,production_zero_skip,3,1024,3985.434,81920,0,0,1
opt_f2_poly_dot,a3_b7_sparse_n1024,public_blocks8,3,1024,4011.434,81920,0,0,1
opt_f2_poly_dot,a3_b7_sparse_n1024,public_scan,3,1024,3472.575,81920,0,0,1
opt_f2_poly_dot,a3_b7_sparse_n1024,row_density,3,1024,5896.159,81920,0,0,1
opt_f2_poly_dot,a3_b7_sparse_n1024,public_blocks32,3,1024,3604.777,81920,0,0,1
opt_f2_poly_dot,a3_b7_sparse_n1024,public_adaptive,3,1024,3277.263,81920,0,0,1
opt_f2_poly_dot,a3_b7_sparse_n1024,public_classified,3,1024,5809.814,81920,0,0,1
opt_f2_poly_dot,a3_b7_sparse_n1024,public_blocks32,4,1024,3411.215,81920,0,0,1
opt_f2_poly_dot,a3_b7_sparse_n1024,public_masks,4,1024,4232.626,81920,0,0,1
opt_f2_poly_dot,a3_b7_sparse_n1024,fixed_schedule,4,1024,7065.267,81920,0,0,1
opt_f2_poly_dot,a3_b7_sparse_n1024,public_scan,4,1024,3304.240,81920,0,0,1
opt_f2_poly_dot,a3_b7_sparse_n1024,public_adaptive,4,1024,3294.027,81920,0,0,1
opt_f2_poly_dot,a3_b7_sparse_n1024,public_classified,4,1024,5801.473,81920,0,0,1
opt_f2_poly_dot,a3_b7_sparse_n1024,public_blocks8,4,1024,3912.964,81920,0,0,1
opt_f2_poly_dot,a3_b7_sparse_n1024,production_zero_skip,4,1024,3818.115,81920,0,0,1
opt_f2_poly_dot,a3_b7_sparse_n1024,row_density,4,1024,5403.076,81920,0,0,1
opt_f2_poly_dot,a3_b7_sparse_n1024,public_fused,4,1024,3072.795,81920,0,0,1
opt_f2_poly_dot,a3_b7_sparse_n1024,production_zero_skip,5,1024,3586.629,81920,0,0,1
opt_f2_poly_dot,a3_b7_sparse_n1024,public_fused,5,1024,3060.710,81920,0,0,1
opt_f2_poly_dot,a3_b7_sparse_n1024,row_density,5,1024,5366.943,81920,0,0,1
opt_f2_poly_dot,a3_b7_sparse_n1024,public_blocks8,5,1024,3573.242,81920,0,0,1
opt_f2_poly_dot,a3_b7_sparse_n1024,fixed_schedule,5,1024,6672.607,81920,0,0,1
opt_f2_poly_dot,a3_b7_sparse_n1024,public_masks,5,1024,3999.390,81920,0,0,1
opt_f2_poly_dot,a3_b7_sparse_n1024,public_classified,5,1024,5457.479,81920,0,0,1
opt_f2_poly_dot,a3_b7_sparse_n1024,public_scan,5,1024,3248.128,81920,0,0,1
opt_f2_poly_dot,a3_b7_sparse_n1024,public_adaptive,5,1024,3084.310,81920,0,0,1
opt_f2_poly_dot,a3_b7_sparse_n1024,public_blocks32,5,1024,3216.797,81920,0,0,1
opt_f2_poly_dot,a3_b7_sparse_n1024,public_scan,6,1024,3102.295,81920,0,0,1
opt_f2_poly_dot,a3_b7_sparse_n1024,production_zero_skip,6,1024,3697.917,81920,0,0,1
opt_f2_poly_dot,a3_b7_sparse_n1024,public_classified,6,1024,5519.653,81920,0,0,1
opt_f2_poly_dot,a3_b7_sparse_n1024,public_masks,6,1024,3960.327,81920,0,0,1
opt_f2_poly_dot,a3_b7_sparse_n1024,row_density,6,1024,5593.832,81920,0,0,1
opt_f2_poly_dot,a3_b7_sparse_n1024,fixed_schedule,6,1024,6869.182,81920,0,0,1
opt_f2_poly_dot,a3_b7_sparse_n1024,public_fused,6,1024,3152.222,81920,0,0,1
opt_f2_poly_dot,a3_b7_sparse_n1024,public_adaptive,6,1024,3185.018,81920,0,0,1
opt_f2_poly_dot,a3_b7_sparse_n1024,public_blocks8,6,1024,4016.438,81920,0,0,1
opt_f2_poly_dot,a3_b7_sparse_n1024,public_blocks32,6,1024,3632.487,81920,0,0,1
opt_f2_poly_dot,a3_b7_sparse_n1024,public_scan,7,1024,3486.531,81920,0,0,1
opt_f2_poly_dot,a3_b7_sparse_n1024,public_fused,7,1024,3413.046,81920,0,0,1
opt_f2_poly_dot,a3_b7_sparse_n1024,production_zero_skip,7,1024,3805.095,81920,0,0,1
opt_f2_poly_dot,a3_b7_sparse_n1024,fixed_schedule,7,1024,7117.879,81920,0,0,1
opt_f2_poly_dot,a3_b7_sparse_n1024,public_blocks8,7,1024,3850.668,81920,0,0,1
opt_f2_poly_dot,a3_b7_sparse_n1024,public_adaptive,7,1024,3388.062,81920,0,0,1
opt_f2_poly_dot,a3_b7_sparse_n1024,public_blocks32,7,1024,3444.539,81920,0,0,1
opt_f2_poly_dot,a3_b7_sparse_n1024,public_classified,7,1024,5789.673,81920,0,0,1
opt_f2_poly_dot,a3_b7_sparse_n1024,public_masks,7,1024,4262.736,81920,0,0,1
opt_f2_poly_dot,a3_b7_sparse_n1024,row_density,7,1024,5762.817,81920,0,0,1
opt_f2_poly_dot,a3_b7_sparse_n1024,public_masks,8,1024,3921.061,81920,0,0,1
opt_f2_poly_dot,a3_b7_sparse_n1024,public_classified,8,1024,5361.898,81920,0,0,1
opt_f2_poly_dot,a3_b7_sparse_n1024,public_scan,8,1024,3173.381,81920,0,0,1
opt_f2_poly_dot,a3_b7_sparse_n1024,row_density,8,1024,5381.267,81920,0,0,1
opt_f2_poly_dot,a3_b7_sparse_n1024,public_adaptive,8,1024,3132.446,81920,0,0,1
opt_f2_poly_dot,a3_b7_sparse_n1024,fixed_schedule,8,1024,6623.291,81920,0,0,1
opt_f2_poly_dot,a3_b7_sparse_n1024,production_zero_skip,8,1024,3602.905,81920,0,0,1
opt_f2_poly_dot,a3_b7_sparse_n1024,public_blocks8,8,1024,3578.329,81920,0,0,1
opt_f2_poly_dot,a3_b7_sparse_n1024,public_fused,8,1024,3126.221,81920,0,0,1
opt_f2_poly_dot,a3_b7_sparse_n1024,public_blocks32,8,1024,3209.717,81920,0,0,1
opt_f2_poly_dot,a3_b7_sparse_n1024,public_blocks8,9,1024,3541.830,81920,0,0,1
opt_f2_poly_dot,a3_b7_sparse_n1024,production_zero_skip,9,1024,3579.142,81920,0,0,1
opt_f2_poly_dot,a3_b7_sparse_n1024,public_masks,9,1024,4029.622,81920,0,0,1
opt_f2_poly_dot,a3_b7_sparse_n1024,public_fused,9,1024,3183.879,81920,0,0,1
opt_f2_poly_dot,a3_b7_sparse_n1024,public_blocks32,9,1024,3216.471,81920,0,0,1
opt_f2_poly_dot,a3_b7_sparse_n1024,fixed_schedule,9,1024,6822.185,81920,0,0,1
opt_f2_poly_dot,a3_b7_sparse_n1024,public_classified,9,1024,5429.158,81920,0,0,1
opt_f2_poly_dot,a3_b7_sparse_n1024,public_scan,9,1024,3154.622,81920,0,0,1
opt_f2_poly_dot,a3_b7_sparse_n1024,public_adaptive,9,1024,3249.959,81920,0,0,1
opt_f2_poly_dot,a3_b7_sparse_n1024,row_density,9,1024,5543.010,81920,0,0,1
opt_f2_poly_dot,a3_b7_sparse_n1024,row_density,10,1024,5582.071,81920,0,0,1
opt_f2_poly_dot,a3_b7_sparse_n1024,public_classified,10,1024,5477.905,81920,0,0,1
opt_f2_poly_dot,a3_b7_sparse_n1024,public_masks,10,1024,4190.186,81920,0,0,1
opt_f2_poly_dot,a3_b7_sparse_n1024,public_blocks8,10,1024,3622.151,81920,0,0,1
opt_f2_poly_dot,a3_b7_sparse_n1024,public_fused,10,1024,3112.183,81920,0,0,1
opt_f2_poly_dot,a3_b7_sparse_n1024,public_adaptive,10,1024,3140.422,81920,0,0,1
opt_f2_poly_dot,a3_b7_sparse_n1024,fixed_schedule,10,1024,6598.186,81920,0,0,1
opt_f2_poly_dot,a3_b7_sparse_n1024,public_blocks32,10,1024,3188.761,81920,0,0,1
opt_f2_poly_dot,a3_b7_sparse_n1024,public_scan,10,1024,3131.836,81920,0,0,1
opt_f2_poly_dot,a3_b7_sparse_n1024,production_zero_skip,10,1024,3613.974,81920,0,0,1
opt_f2_poly_dot,a3_b7_sparse_n1024,public_fused,11,1024,3063.273,81920,0,0,1
opt_f2_poly_dot,a3_b7_sparse_n1024,production_zero_skip,11,1024,3594.320,81920,0,0,1
opt_f2_poly_dot,a3_b7_sparse_n1024,public_blocks8,11,1024,3604.004,81920,0,0,1
opt_f2_poly_dot,a3_b7_sparse_n1024,fixed_schedule,11,1024,6636.922,81920,0,0,1
opt_f2_poly_dot,a3_b7_sparse_n1024,public_adaptive,11,1024,3318.115,81920,0,0,1
opt_f2_poly_dot,a3_b7_sparse_n1024,public_scan,11,1024,3271.973,81920,0,0,1
opt_f2_poly_dot,a3_b7_sparse_n1024,row_density,11,1024,5610.392,81920,0,0,1
opt_f2_poly_dot,a3_b7_sparse_n1024,public_classified,11,1024,5829.671,81920,0,0,1
opt_f2_poly_dot,a3_b7_sparse_n1024,public_blocks32,11,1024,3198.975,81920,0,0,1
opt_f2_poly_dot,a3_b7_sparse_n1024,public_masks,11,1024,4021.892,81920,0,0,1
opt_f2_poly_dot,a3_b7_sparse_n1024,public_fused,12,1024,3328.003,81920,0,0,1
opt_f2_poly_dot,a3_b7_sparse_n1024,public_scan,12,1024,3198.689,81920,0,0,1
opt_f2_poly_dot,a3_b7_sparse_n1024,production_zero_skip,12,1024,3779.013,81920,0,0,1
opt_f2_poly_dot,a3_b7_sparse_n1024,fixed_schedule,12,1024,6635.986,81920,0,0,1
opt_f2_poly_dot,a3_b7_sparse_n1024,public_blocks8,12,1024,3625.122,81920,0,0,1
opt_f2_poly_dot,a3_b7_sparse_n1024,public_classified,12,1024,5377.930,81920,0,0,1
opt_f2_poly_dot,a3_b7_sparse_n1024,row_density,12,1024,5364.624,81920,0,0,1
opt_f2_poly_dot,a3_b7_sparse_n1024,public_blocks32,12,1024,3333.496,81920,0,0,1
opt_f2_poly_dot,a3_b7_sparse_n1024,public_adaptive,12,1024,3086.710,81920,0,0,1
opt_f2_poly_dot,a3_b7_sparse_n1024,public_masks,12,1024,3934.163,81920,0,0,1
opt_f2_poly_dot,a3_b7_sparse_n1024,public_blocks32,13,1024,3159.343,81920,0,0,1
opt_f2_poly_dot,a3_b7_sparse_n1024,production_zero_skip,13,1024,3590.576,81920,0,0,1
opt_f2_poly_dot,a3_b7_sparse_n1024,public_scan,13,1024,3072.754,81920,0,0,1
opt_f2_poly_dot,a3_b7_sparse_n1024,public_classified,13,1024,5364.177,81920,0,0,1
opt_f2_poly_dot,a3_b7_sparse_n1024,fixed_schedule,13,1024,6591.553,81920,0,0,1
opt_f2_poly_dot,a3_b7_sparse_n1024,row_density,13,1024,5361.572,81920,0,0,1
opt_f2_poly_dot,a3_b7_sparse_n1024,public_adaptive,13,1024,3081.746,81920,0,0,1
opt_f2_poly_dot,a3_b7_sparse_n1024,public_fused,13,1024,3116.699,81920,0,0,1
opt_f2_poly_dot,a3_b7_sparse_n1024,public_masks,13,1024,4078.979,81920,0,0,1
opt_f2_poly_dot,a3_b7_sparse_n1024,public_blocks8,13,1024,3849.527,81920,0,0,1
opt_f2_poly_dot,a3_b7_sparse_n1024,public_fused,14,1024,3490.601,81920,0,0,1
opt_f2_poly_dot,a3_b7_sparse_n1024,public_blocks32,14,1024,3319.702,81920,0,0,1
opt_f2_poly_dot,a3_b7_sparse_n1024,row_density,14,1024,5635.010,81920,0,0,1
opt_f2_poly_dot,a3_b7_sparse_n1024,public_blocks8,14,1024,3673.218,81920,0,0,1
opt_f2_poly_dot,a3_b7_sparse_n1024,public_scan,14,1024,3234.741,81920,0,0,1
opt_f2_poly_dot,a3_b7_sparse_n1024,production_zero_skip,14,1024,3771.932,81920,0,0,1
opt_f2_poly_dot,a3_b7_sparse_n1024,public_classified,14,1024,5534.790,81920,0,0,1
opt_f2_poly_dot,a3_b7_sparse_n1024,public_masks,14,1024,3951.213,81920,0,0,1
opt_f2_poly_dot,a3_b7_sparse_n1024,fixed_schedule,14,1024,6635.864,81920,0,0,1
opt_f2_poly_dot,a3_b7_sparse_n1024,public_adaptive,14,1024,3099.283,81920,0,0,1
opt_f2_poly_dot,a3_b7_sparse_n1024,public_blocks8,15,1024,3571.980,81920,0,0,1
opt_f2_poly_dot,a3_b7_sparse_n1024,fixed_schedule,15,1024,6718.750,81920,0,0,1
opt_f2_poly_dot,a3_b7_sparse_n1024,public_fused,15,1024,3073.894,81920,0,0,1
opt_f2_poly_dot,a3_b7_sparse_n1024,public_blocks32,15,1024,3303.182,81920,0,0,1
opt_f2_poly_dot,a3_b7_sparse_n1024,public_masks,15,1024,3934.651,81920,0,0,1
opt_f2_poly_dot,a3_b7_sparse_n1024,public_adaptive,15,1024,3033.163,81920,0,0,1
opt_f2_poly_dot,a3_b7_sparse_n1024,production_zero_skip,15,1024,3641.113,81920,0,0,1
opt_f2_poly_dot,a3_b7_sparse_n1024,public_classified,15,1024,5402.141,81920,0,0,1
opt_f2_poly_dot,a3_b7_sparse_n1024,row_density,15,1024,5368.652,81920,0,0,1
opt_f2_poly_dot,a3_b7_sparse_n1024,public_scan,15,1024,3273.804,81920,0,0,1
opt_f2_poly_dot,a3_b7_sparse_n1024,public_adaptive,16,1024,3276.286,81920,0,0,1
opt_f2_poly_dot,a3_b7_sparse_n1024,public_classified,16,1024,5335.124,81920,0,0,1
opt_f2_poly_dot,a3_b7_sparse_n1024,public_blocks8,16,1024,3502.278,81920,0,0,1
opt_f2_poly_dot,a3_b7_sparse_n1024,public_scan,16,1024,3045.735,81920,0,0,1
opt_f2_poly_dot,a3_b7_sparse_n1024,row_density,16,1024,5379.395,81920,0,0,1
opt_f2_poly_dot,a3_b7_sparse_n1024,public_blocks32,16,1024,3200.357,81920,0,0,1
opt_f2_poly_dot,a3_b7_sparse_n1024,public_fused,16,1024,3049.886,81920,0,0,1
opt_f2_poly_dot,a3_b7_sparse_n1024,public_masks,16,1024,3902.588,81920,0,0,1
opt_f2_poly_dot,a3_b7_sparse_n1024,fixed_schedule,16,1024,6580.566,81920,0,0,1
opt_f2_poly_dot,a3_b7_sparse_n1024,production_zero_skip,16,1024,3581.381,81920,0,0,1
opt_f2_poly_dot,a3_b7_sparse_n1024,public_blocks8,17,1024,3994.141,81920,0,0,1
opt_f2_poly_dot,a3_b7_sparse_n1024,public_masks,17,1024,3892.822,81920,0,0,1
opt_f2_poly_dot,a3_b7_sparse_n1024,public_blocks32,17,1024,3248.088,81920,0,0,1
opt_f2_poly_dot,a3_b7_sparse_n1024,public_adaptive,17,1024,3093.425,81920,0,0,1
opt_f2_poly_dot,a3_b7_sparse_n1024,public_classified,17,1024,5368.123,81920,0,0,1
opt_f2_poly_dot,a3_b7_sparse_n1024,public_fused,17,1024,3125.407,81920,0,0,1
opt_f2_poly_dot,a3_b7_sparse_n1024,production_zero_skip,17,1024,3605.631,81920,0,0,1
opt_f2_poly_dot,a3_b7_sparse_n1024,fixed_schedule,17,1024,6644.653,81920,0,0,1
opt_f2_poly_dot,a3_b7_sparse_n1024,row_density,17,1024,5357.666,81920,0,0,1
opt_f2_poly_dot,a3_b7_sparse_n1024,public_scan,17,1024,3113.159,81920,0,0,1
opt_f2_poly_dot,a3_b7_sparse_n1024,fixed_schedule,18,1024,6880.534,81920,0,0,1
opt_f2_poly_dot,a3_b7_sparse_n1024,public_classified,18,1024,5647.867,81920,0,0,1
opt_f2_poly_dot,a3_b7_sparse_n1024,production_zero_skip,18,1024,4002.197,81920,0,0,1
opt_f2_poly_dot,a3_b7_sparse_n1024,public_scan,18,1024,3407.104,81920,0,0,1
opt_f2_poly_dot,a3_b7_sparse_n1024,public_masks,18,1024,4457.886,81920,0,0,1
opt_f2_poly_dot,a3_b7_sparse_n1024,public_blocks8,18,1024,4063.518,81920,0,0,1
opt_f2_poly_dot,a3_b7_sparse_n1024,public_adaptive,18,1024,3407.471,81920,0,0,1
opt_f2_poly_dot,a3_b7_sparse_n1024,public_fused,18,1024,3465.454,81920,0,0,1
opt_f2_poly_dot,a3_b7_sparse_n1024,public_blocks32,18,1024,3631.510,81920,0,0,1
opt_f2_poly_dot,a3_b7_sparse_n1024,row_density,18,1024,5762.776,81920,0,0,1
opt_f2_poly_dot,a3_b7_sparse_n1024,fixed_schedule,19,1024,7022.949,81920,0,0,1
opt_f2_poly_dot,a3_b7_sparse_n1024,public_blocks32,19,1024,3158.122,81920,0,0,1
opt_f2_poly_dot,a3_b7_sparse_n1024,production_zero_skip,19,1024,3612.427,81920,0,0,1
opt_f2_poly_dot,a3_b7_sparse_n1024,public_classified,19,1024,5355.591,81920,0,0,1
opt_f2_poly_dot,a3_b7_sparse_n1024,row_density,19,1024,5322.998,81920,0,0,1
opt_f2_poly_dot,a3_b7_sparse_n1024,public_scan,19,1024,3333.008,81920,0,0,1
opt_f2_poly_dot,a3_b7_sparse_n1024,public_masks,19,1024,3894.165,81920,0,0,1
opt_f2_poly_dot,a3_b7_sparse_n1024,public_adaptive,19,1024,3183.309,81920,0,0,1
opt_f2_poly_dot,a3_b7_sparse_n1024,public_fused,19,1024,3153.401,81920,0,0,1
opt_f2_poly_dot,a3_b7_sparse_n1024,public_blocks8,19,1024,3509.277,81920,0,0,1
opt_f2_poly_dot,a3_b7_sparse_n1024,public_adaptive,20,1024,3028.036,81920,0,0,1
opt_f2_poly_dot,a3_b7_sparse_n1024,public_scan,20,1024,3028.483,81920,0,0,1
opt_f2_poly_dot,a3_b7_sparse_n1024,row_density,20,1024,5322.266,81920,0,0,1
opt_f2_poly_dot,a3_b7_sparse_n1024,production_zero_skip,20,1024,3543.620,81920,0,0,1
opt_f2_poly_dot,a3_b7_sparse_n1024,public_masks,20,1024,3904.297,81920,0,0,1
opt_f2_poly_dot,a3_b7_sparse_n1024,public_classified,20,1024,5314.982,81920,0,0,1
opt_f2_poly_dot,a3_b7_sparse_n1024,fixed_schedule,20,1024,6546.224,81920,0,0,1
opt_f2_poly_dot,a3_b7_sparse_n1024,public_blocks32,20,1024,3159.830,81920,0,0,1
opt_f2_poly_dot,a3_b7_sparse_n1024,public_blocks8,20,1024,3514.119,81920,0,0,1
opt_f2_poly_dot,a3_b7_sparse_n1024,public_fused,20,1024,3049.642,81920,0,0,1
opt_f2_poly_dot,a3_b7_sparse_n1024,public_masks,21,1024,3876.587,81920,0,0,1
opt_f2_poly_dot,a3_b7_sparse_n1024,public_classified,21,1024,5309.937,81920,0,0,1
opt_f2_poly_dot,a3_b7_sparse_n1024,public_blocks8,21,1024,3505.859,81920,0,0,1
opt_f2_poly_dot,a3_b7_sparse_n1024,production_zero_skip,21,1024,3537.598,81920,0,0,1
opt_f2_poly_dot,a3_b7_sparse_n1024,row_density,21,1024,5306.234,81920,0,0,1
opt_f2_poly_dot,a3_b7_sparse_n1024,public_blocks32,21,1024,3147.217,81920,0,0,1
opt_f2_poly_dot,a3_b7_sparse_n1024,fixed_schedule,21,1024,6649.984,81920,0,0,1
opt_f2_poly_dot,a3_b7_sparse_n1024,public_adaptive,21,1024,3131.511,81920,0,0,1
opt_f2_poly_dot,a3_b7_sparse_n1024,public_fused,21,1024,3093.344,81920,0,0,1
opt_f2_poly_dot,a3_b7_sparse_n1024,public_scan,21,1024,3098.633,81920,0,0,1
opt_f2_poly_dot,a3_b7_sparse_n1024,public_classified,22,1024,5597.656,81920,0,0,1
opt_f2_poly_dot,a3_b7_sparse_n1024,fixed_schedule,22,1024,6862.631,81920,0,0,1
opt_f2_poly_dot,a3_b7_sparse_n1024,public_masks,22,1024,4106.485,81920,0,0,1
opt_f2_poly_dot,a3_b7_sparse_n1024,public_adaptive,22,1024,3040.242,81920,0,0,1
opt_f2_poly_dot,a3_b7_sparse_n1024,public_scan,22,1024,3120.239,81920,0,0,1
opt_f2_poly_dot,a3_b7_sparse_n1024,production_zero_skip,22,1024,3846.924,81920,0,0,1
opt_f2_poly_dot,a3_b7_sparse_n1024,public_fused,22,1024,3286.661,81920,0,0,1
opt_f2_poly_dot,a3_b7_sparse_n1024,public_blocks8,22,1024,4249.959,81920,0,0,1
opt_f2_poly_dot,a3_b7_sparse_n1024,row_density,22,1024,5662.598,81920,0,0,1
opt_f2_poly_dot,a3_b7_sparse_n1024,public_blocks32,22,1024,3375.041,81920,0,0,1
opt_f2_poly_dot,a3_b7_sparse_n1024,row_density,23,1024,5788.452,81920,0,0,1
opt_f2_poly_dot,a3_b7_sparse_n1024,public_scan,23,1024,3724.243,81920,0,0,1
opt_f2_poly_dot,a3_b7_sparse_n1024,public_blocks32,23,1024,3352.254,81920,0,0,1
opt_f2_poly_dot,a3_b7_sparse_n1024,public_adaptive,23,1024,3187.215,81920,0,0,1
opt_f2_poly_dot,a3_b7_sparse_n1024,production_zero_skip,23,1024,3788.696,81920,0,0,1
opt_f2_poly_dot,a3_b7_sparse_n1024,fixed_schedule,23,1024,7001.018,81920,0,0,1
opt_f2_poly_dot,a3_b7_sparse_n1024,public_masks,23,1024,4146.118,81920,0,0,1
opt_f2_poly_dot,a3_b7_sparse_n1024,public_classified,23,1024,5648.111,81920,0,0,1
opt_f2_poly_dot,a3_b7_sparse_n1024,public_blocks8,23,1024,3755.940,81920,0,0,1
opt_f2_poly_dot,a3_b7_sparse_n1024,public_fused,23,1024,3261.067,81920,0,0,1
opt_f2_poly_dot,a3_b7_sparse_n1024,public_blocks32,24,1024,3145.712,81920,0,0,1
opt_f2_poly_dot,a3_b7_sparse_n1024,public_classified,24,1024,5585.205,81920,0,0,1
opt_f2_poly_dot,a3_b7_sparse_n1024,production_zero_skip,24,1024,3626.953,81920,0,0,1
opt_f2_poly_dot,a3_b7_sparse_n1024,public_fused,24,1024,3103.068,81920,0,0,1
opt_f2_poly_dot,a3_b7_sparse_n1024,public_scan,24,1024,3069.784,81920,0,0,1
opt_f2_poly_dot,a3_b7_sparse_n1024,fixed_schedule,24,1024,6558.472,81920,0,0,1
opt_f2_poly_dot,a3_b7_sparse_n1024,public_adaptive,24,1024,3046.062,81920,0,0,1
opt_f2_poly_dot,a3_b7_sparse_n1024,public_blocks8,24,1024,3556.926,81920,0,0,1
opt_f2_poly_dot,a3_b7_sparse_n1024,row_density,24,1024,5358.154,81920,0,0,1
opt_f2_poly_dot,a3_b7_sparse_n1024,public_masks,24,1024,3911.377,81920,0,0,1
opt_f2_poly_dot,a3_b7_sparse_n1024,public_masks,25,1024,3906.738,81920,0,0,1
opt_f2_poly_dot,a3_b7_sparse_n1024,public_adaptive,25,1024,3143.106,81920,0,0,1
opt_f2_poly_dot,a3_b7_sparse_n1024,row_density,25,1024,5502.197,81920,0,0,1
opt_f2_poly_dot,a3_b7_sparse_n1024,public_fused,25,1024,3106.974,81920,0,0,1
opt_f2_poly_dot,a3_b7_sparse_n1024,public_classified,25,1024,5377.848,81920,0,0,1
opt_f2_poly_dot,a3_b7_sparse_n1024,production_zero_skip,25,1024,3591.593,81920,0,0,1
opt_f2_poly_dot,a3_b7_sparse_n1024,fixed_schedule,25,1024,7030.762,81920,0,0,1
opt_f2_poly_dot,a3_b7_sparse_n1024,public_blocks32,25,1024,3546.102,81920,0,0,1
opt_f2_poly_dot,a3_b7_sparse_n1024,public_blocks8,25,1024,3944.743,81920,0,0,1
opt_f2_poly_dot,a3_b7_sparse_n1024,public_scan,25,1024,3253.743,81920,0,0,1
opt_f2_poly_dot,a3_b7_sparse_n1024,public_classified,26,1024,5736.816,81920,0,0,1
opt_f2_poly_dot,a3_b7_sparse_n1024,public_adaptive,26,1024,3256.592,81920,0,0,1
opt_f2_poly_dot,a3_b7_sparse_n1024,public_fused,26,1024,3167.398,81920,0,0,1
opt_f2_poly_dot,a3_b7_sparse_n1024,public_blocks8,26,1024,3808.023,81920,0,0,1
opt_f2_poly_dot,a3_b7_sparse_n1024,row_density,26,1024,5664.999,81920,0,0,1
opt_f2_poly_dot,a3_b7_sparse_n1024,public_scan,26,1024,3220.337,81920,0,0,1
opt_f2_poly_dot,a3_b7_sparse_n1024,public_masks,26,1024,4128.011,81920,0,0,1
opt_f2_poly_dot,a3_b7_sparse_n1024,fixed_schedule,26,1024,6965.536,81920,0,0,1
opt_f2_poly_dot,a3_b7_sparse_n1024,public_blocks32,26,1024,3338.623,81920,0,0,1
opt_f2_poly_dot,a3_b7_sparse_n1024,production_zero_skip,26,1024,3831.787,81920,0,0,1
opt_f2_poly_dot,a3_b7_sparse_n1024,public_classified,27,1024,5494.629,81920,0,0,1
opt_f2_poly_dot,a3_b7_sparse_n1024,production_zero_skip,27,1024,3557.536,81920,0,0,1
opt_f2_poly_dot,a3_b7_sparse_n1024,public_scan,27,1024,3033.773,81920,0,0,1
opt_f2_poly_dot,a3_b7_sparse_n1024,row_density,27,1024,5305.786,81920,0,0,1
opt_f2_poly_dot,a3_b7_sparse_n1024,public_adaptive,27,1024,3024.333,81920,0,0,1
opt_f2_poly_dot,a3_b7_sparse_n1024,public_masks,27,1024,3883.789,81920,0,0,1
opt_f2_poly_dot,a3_b7_sparse_n1024,public_blocks32,27,1024,3141.643,81920,0,0,1
opt_f2_poly_dot,a3_b7_sparse_n1024,fixed_schedule,27,1024,6540.242,81920,0,0,1
opt_f2_poly_dot,a3_b7_sparse_n1024,public_fused,27,1024,3031.779,81920,0,0,1
opt_f2_poly_dot,a3_b7_sparse_n1024,public_blocks8,27,1024,3503.459,81920,0,0,1
opt_f2_poly_dot,a3_b7_sparse_n1024,public_adaptive,28,1024,3044.353,81920,0,0,1
opt_f2_poly_dot,a3_b7_sparse_n1024,row_density,28,1024,5302.042,81920,0,0,1
opt_f2_poly_dot,a3_b7_sparse_n1024,public_scan,28,1024,3033.569,81920,0,0,1
opt_f2_poly_dot,a3_b7_sparse_n1024,public_classified,28,1024,5310.669,81920,0,0,1
opt_f2_poly_dot,a3_b7_sparse_n1024,production_zero_skip,28,1024,3612.468,81920,0,0,1
opt_f2_poly_dot,a3_b7_sparse_n1024,public_blocks32,28,1024,3319.254,81920,0,0,1
opt_f2_poly_dot,a3_b7_sparse_n1024,public_blocks8,28,1024,3605.266,81920,0,0,1
opt_f2_poly_dot,a3_b7_sparse_n1024,fixed_schedule,28,1024,6704.020,81920,0,0,1
opt_f2_poly_dot,a3_b7_sparse_n1024,public_fused,28,1024,3071.818,81920,0,0,1
opt_f2_poly_dot,a3_b7_sparse_n1024,public_masks,28,1024,3934.367,81920,0,0,1
opt_f2_poly_dot,a3_b7_sparse_n1024,public_scan,29,1024,3073.283,81920,0,0,1
opt_f2_poly_dot,a3_b7_sparse_n1024,public_classified,29,1024,5442.546,81920,0,0,1
opt_f2_poly_dot,a3_b7_sparse_n1024,production_zero_skip,29,1024,3741.821,81920,0,0,1
opt_f2_poly_dot,a3_b7_sparse_n1024,public_blocks32,29,1024,3284.871,81920,0,0,1
opt_f2_poly_dot,a3_b7_sparse_n1024,public_fused,29,1024,3151.204,81920,0,0,1
opt_f2_poly_dot,a3_b7_sparse_n1024,row_density,29,1024,5418.010,81920,0,0,1
opt_f2_poly_dot,a3_b7_sparse_n1024,public_adaptive,29,1024,3030.111,81920,0,0,1
opt_f2_poly_dot,a3_b7_sparse_n1024,public_blocks8,29,1024,3481.119,81920,0,0,1
opt_f2_poly_dot,a3_b7_sparse_n1024,public_masks,29,1024,3883.017,81920,0,0,1
opt_f2_poly_dot,a3_b7_sparse_n1024,fixed_schedule,29,1024,6548.137,81920,0,0,1
opt_f2_poly_dot,a3_b7_sparse_n1024,public_adaptive,30,1024,3045.125,81920,0,0,1
opt_f2_poly_dot,a3_b7_sparse_n1024,public_masks,30,1024,3878.621,81920,0,0,1
opt_f2_poly_dot,a3_b7_sparse_n1024,public_scan,30,1024,3023.967,81920,0,0,1
opt_f2_poly_dot,a3_b7_sparse_n1024,row_density,30,1024,5301.270,81920,0,0,1
opt_f2_poly_dot,a3_b7_sparse_n1024,public_fused,30,1024,3023.520,81920,0,0,1
opt_f2_poly_dot,a3_b7_sparse_n1024,production_zero_skip,30,1024,3543.417,81920,0,0,1
opt_f2_poly_dot,a3_b7_sparse_n1024,fixed_schedule,30,1024,6591.146,81920,0,0,1
opt_f2_poly_dot,a3_b7_sparse_n1024,public_blocks32,30,1024,3279.053,81920,0,0,1
opt_f2_poly_dot,a3_b7_sparse_n1024,public_classified,30,1024,5514.853,81920,0,0,1
opt_f2_poly_dot,a3_b7_sparse_n1024,public_blocks8,30,1024,3649.699,81920,0,0,1
opt_f2_poly_dot,a3_b7_sparse_n1024,public_scan,31,1024,3175.211,81920,0,0,1
opt_f2_poly_dot,a3_b7_sparse_n1024,row_density,31,1024,5562.988,81920,0,0,1
opt_f2_poly_dot,a3_b7_sparse_n1024,public_blocks32,31,1024,3325.195,81920,0,0,1
opt_f2_poly_dot,a3_b7_sparse_n1024,public_classified,31,1024,5548.421,81920,0,0,1
opt_f2_poly_dot,a3_b7_sparse_n1024,fixed_schedule,31,1024,6895.996,81920,0,0,1
opt_f2_poly_dot,a3_b7_sparse_n1024,public_adaptive,31,1024,3182.129,81920,0,0,1
opt_f2_poly_dot,a3_b7_sparse_n1024,public_blocks8,31,1024,3689.169,81920,0,0,1
opt_f2_poly_dot,a3_b7_sparse_n1024,public_fused,31,1024,3213.217,81920,0,0,1
opt_f2_poly_dot,a3_b7_sparse_n1024,public_masks,31,1024,4296.631,81920,0,0,1
opt_f2_poly_dot,a3_b7_sparse_n1024,production_zero_skip,31,1024,3835.205,81920,0,0,1
opt_f2_poly_dot,a3_b7_zero_n16,fixed_schedule,0,131072,89.572,1280,0,0,1
opt_f2_poly_dot,a3_b7_zero_n16,production_zero_skip,0,131072,20.115,1280,0,0,1
opt_f2_poly_dot,a3_b7_zero_n16,public_adaptive,0,131072,19.333,1280,0,0,1
opt_f2_poly_dot,a3_b7_zero_n16,public_blocks32,0,131072,21.239,1280,0,0,1
opt_f2_poly_dot,a3_b7_zero_n16,row_density,0,131072,8.890,1280,0,0,1
opt_f2_poly_dot,a3_b7_zero_n16,public_blocks8,0,131072,25.983,1280,0,0,1
opt_f2_poly_dot,a3_b7_zero_n16,public_fused,0,131072,19.591,1280,0,0,1
opt_f2_poly_dot,a3_b7_zero_n16,public_scan,0,131072,10.042,1280,0,0,1
opt_f2_poly_dot,a3_b7_zero_n16,public_classified,0,131072,9.102,1280,0,0,1
opt_f2_poly_dot,a3_b7_zero_n16,public_masks,0,131072,18.752,1280,0,0,1
opt_f2_poly_dot,a3_b7_zero_n16,public_blocks8,1,131072,26.170,1280,0,0,1
opt_f2_poly_dot,a3_b7_zero_n16,row_density,1,131072,8.712,1280,0,0,1
opt_f2_poly_dot,a3_b7_zero_n16,public_scan,1,131072,9.524,1280,0,0,1
opt_f2_poly_dot,a3_b7_zero_n16,public_blocks32,1,131072,21.223,1280,0,0,1
opt_f2_poly_dot,a3_b7_zero_n16,public_classified,1,131072,8.792,1280,0,0,1
opt_f2_poly_dot,a3_b7_zero_n16,public_fused,1,131072,18.668,1280,0,0,1
opt_f2_poly_dot,a3_b7_zero_n16,fixed_schedule,1,131072,85.057,1280,0,0,1
opt_f2_poly_dot,a3_b7_zero_n16,public_masks,1,131072,17.468,1280,0,0,1
opt_f2_poly_dot,a3_b7_zero_n16,production_zero_skip,1,131072,20.026,1280,0,0,1
opt_f2_poly_dot,a3_b7_zero_n16,public_adaptive,1,131072,19.294,1280,0,0,1
opt_f2_poly_dot,a3_b7_zero_n16,production_zero_skip,2,131072,20.048,1280,0,0,1
opt_f2_poly_dot,a3_b7_zero_n16,fixed_schedule,2,131072,85.439,1280,0,0,1
opt_f2_poly_dot,a3_b7_zero_n16,public_classified,2,131072,8.699,1280,0,0,1
opt_f2_poly_dot,a3_b7_zero_n16,public_adaptive,2,131072,19.307,1280,0,0,1
opt_f2_poly_dot,a3_b7_zero_n16,public_blocks8,2,131072,25.301,1280,0,0,1
opt_f2_poly_dot,a3_b7_zero_n16,row_density,2,131072,8.698,1280,0,0,1
opt_f2_poly_dot,a3_b7_zero_n16,public_fused,2,131072,18.678,1280,0,0,1
opt_f2_poly_dot,a3_b7_zero_n16,public_blocks32,2,131072,21.194,1280,0,0,1
opt_f2_poly_dot,a3_b7_zero_n16,public_scan,2,131072,9.592,1280,0,0,1
opt_f2_poly_dot,a3_b7_zero_n16,public_masks,2,131072,17.566,1280,0,0,1
opt_f2_poly_dot,a3_b7_zero_n16,public_blocks32,3,131072,21.208,1280,0,0,1
opt_f2_poly_dot,a3_b7_zero_n16,production_zero_skip,3,131072,20.096,1280,0,0,1
opt_f2_poly_dot,a3_b7_zero_n16,row_density,3,131072,8.737,1280,0,0,1
opt_f2_poly_dot,a3_b7_zero_n16,public_scan,3,131072,9.551,1280,0,0,1
opt_f2_poly_dot,a3_b7_zero_n16,public_classified,3,131072,8.708,1280,0,0,1
opt_f2_poly_dot,a3_b7_zero_n16,public_masks,3,131072,17.468,1280,0,0,1
opt_f2_poly_dot,a3_b7_zero_n16,public_blocks8,3,131072,25.261,1280,0,0,1
opt_f2_poly_dot,a3_b7_zero_n16,public_adaptive,3,131072,19.920,1280,0,0,1
opt_f2_poly_dot,a3_b7_zero_n16,public_fused,3,131072,19.621,1280,0,0,1
opt_f2_poly_dot,a3_b7_zero_n16,fixed_schedule,3,131072,89.760,1280,0,0,1
opt_f2_poly_dot,a3_b7_zero_n16,public_classified,4,131072,9.006,1280,0,0,1
opt_f2_poly_dot,a3_b7_zero_n16,public_adaptive,4,131072,20.098,1280,0,0,1
opt_f2_poly_dot,a3_b7_zero_n16,row_density,4,131072,9.463,1280,0,0,1
opt_f2_poly_dot,a3_b7_zero_n16,fixed_schedule,4,131072,94.837,1280,0,0,1
opt_f2_poly_dot,a3_b7_zero_n16,public_masks,4,131072,19.287,1280,0,0,1
opt_f2_poly_dot,a3_b7_zero_n16,public_scan,4,131072,10.467,1280,0,0,1
opt_f2_poly_dot,a3_b7_zero_n16,public_blocks8,4,131072,27.841,1280,0,0,1
opt_f2_poly_dot,a3_b7_zero_n16,production_zero_skip,4,131072,21.551,1280,0,0,1
opt_f2_poly_dot,a3_b7_zero_n16,public_fused,4,131072,20.439,1280,0,0,1
opt_f2_poly_dot,a3_b7_zero_n16,public_blocks32,4,131072,22.297,1280,0,0,1
opt_f2_poly_dot,a3_b7_zero_n16,public_blocks32,5,131072,22.393,1280,0,0,1
opt_f2_poly_dot,a3_b7_zero_n16,public_fused,5,131072,19.715,1280,0,0,1
opt_f2_poly_dot,a3_b7_zero_n16,row_density,5,131072,8.848,1280,0,0,1
opt_f2_poly_dot,a3_b7_zero_n16,public_masks,5,131072,18.460,1280,0,0,1
opt_f2_poly_dot,a3_b7_zero_n16,public_blocks8,5,131072,27.048,1280,0,0,1
opt_f2_poly_dot,a3_b7_zero_n16,production_zero_skip,5,131072,21.948,1280,0,0,1
opt_f2_poly_dot,a3_b7_zero_n16,public_scan,5,131072,9.633,1280,0,0,1
opt_f2_poly_dot,a3_b7_zero_n16,public_adaptive,5,131072,19.308,1280,0,0,1
opt_f2_poly_dot,a3_b7_zero_n16,fixed_schedule,5,131072,85.405,1280,0,0,1
opt_f2_poly_dot,a3_b7_zero_n16,public_classified,5,131072,8.776,1280,0,0,1
opt_f2_poly_dot,a3_b7_zero_n16,public_classified,6,131072,8.869,1280,0,0,1
opt_f2_poly_dot,a3_b7_zero_n16,public_blocks32,6,131072,21.203,1280,0,0,1
opt_f2_poly_dot,a3_b7_zero_n16,fixed_schedule,6,131072,86.024,1280,0,0,1
opt_f2_poly_dot,a3_b7_zero_n16,production_zero_skip,6,131072,20.588,1280,0,0,1
opt_f2_poly_dot,a3_b7_zero_n16,row_density,6,131072,8.579,1280,0,0,1
opt_f2_poly_dot,a3_b7_zero_n16,public_fused,6,131072,18.289,1280,0,0,1
opt_f2_poly_dot,a3_b7_zero_n16,public_masks,6,131072,17.334,1280,0,0,1
opt_f2_poly_dot,a3_b7_zero_n16,public_scan,6,131072,9.518,1280,0,0,1
opt_f2_poly_dot,a3_b7_zero_n16,public_adaptive,6,131072,19.833,1280,0,0,1
opt_f2_poly_dot,a3_b7_zero_n16,public_blocks8,6,131072,25.592,1280,0,0,1
opt_f2_poly_dot,a3_b7_zero_n16,row_density,7,131072,8.761,1280,0,0,1
opt_f2_poly_dot,a3_b7_zero_n16,public_blocks8,7,131072,25.330,1280,0,0,1
opt_f2_poly_dot,a3_b7_zero_n16,public_classified,7,131072,8.774,1280,0,0,1
opt_f2_poly_dot,a3_b7_zero_n16,public_blocks32,7,131072,21.215,1280,0,0,1
opt_f2_poly_dot,a3_b7_zero_n16,public_masks,7,131072,17.677,1280,0,0,1
opt_f2_poly_dot,a3_b7_zero_n16,public_adaptive,7,131072,19.343,1280,0,0,1
opt_f2_poly_dot,a3_b7_zero_n16,public_fused,7,131072,18.683,1280,0,0,1
opt_f2_poly_dot,a3_b7_zero_n16,public_scan,7,131072,9.510,1280,0,0,1
opt_f2_poly_dot,a3_b7_zero_n16,fixed_schedule,7,131072,85.523,1280,0,0,1
opt_f2_poly_dot,a3_b7_zero_n16,production_zero_skip,7,131072,20.503,1280,0,0,1
opt_f2_poly_dot,a3_b7_zero_n16,public_masks,8,131072,18.751,1280,0,0,1
opt_f2_poly_dot,a3_b7_zero_n16,fixed_schedule,8,131072,91.201,1280,0,0,1
opt_f2_poly_dot,a3_b7_zero_n16,public_blocks8,8,131072,26.851,1280,0,0,1
opt_f2_poly_dot,a3_b7_zero_n16,public_fused,8,131072,19.913,1280,0,0,1
opt_f2_poly_dot,a3_b7_zero_n16,row_density,8,131072,9.264,1280,0,0,1
opt_f2_poly_dot,a3_b7_zero_n16,public_classified,8,131072,9.192,1280,0,0,1
opt_f2_poly_dot,a3_b7_zero_n16,public_scan,8,131072,10.210,1280,0,0,1
opt_f2_poly_dot,a3_b7_zero_n16,public_adaptive,8,131072,20.646,1280,0,0,1
opt_f2_poly_dot,a3_b7_zero_n16,production_zero_skip,8,131072,22.242,1280,0,0,1
opt_f2_poly_dot,a3_b7_zero_n16,public_blocks32,8,131072,22.519,1280,0,0,1
opt_f2_poly_dot,a3_b7_zero_n16,row_density,9,131072,9.417,1280,0,0,1
opt_f2_poly_dot,a3_b7_zero_n16,public_blocks8,9,131072,26.772,1280,0,0,1
opt_f2_poly_dot,a3_b7_zero_n16,production_zero_skip,9,131072,22.124,1280,0,0,1
opt_f2_poly_dot,a3_b7_zero_n16,public_fused,9,131072,20.554,1280,0,0,1
opt_f2_poly_dot,a3_b7_zero_n16,public_adaptive,9,131072,21.403,1280,0,0,1
opt_f2_poly_dot,a3_b7_zero_n16,public_masks,9,131072,18.519,1280,0,0,1
opt_f2_poly_dot,a3_b7_zero_n16,public_scan,9,131072,9.961,1280,0,0,1
opt_f2_poly_dot,a3_b7_zero_n16,fixed_schedule,9,131072,90.414,1280,0,0,1
opt_f2_poly_dot,a3_b7_zero_n16,public_classified,9,131072,9.336,1280,0,0,1
opt_f2_poly_dot,a3_b7_zero_n16,public_blocks32,9,131072,22.504,1280,0,0,1
opt_f2_poly_dot,a3_b7_zero_n16,public_adaptive,10,131072,20.500,1280,0,0,1
opt_f2_poly_dot,a3_b7_zero_n16,production_zero_skip,10,131072,21.601,1280,0,0,1
opt_f2_poly_dot,a3_b7_zero_n16,public_classified,10,131072,9.335,1280,0,0,1
opt_f2_poly_dot,a3_b7_zero_n16,public_masks,10,131072,18.365,1280,0,0,1
opt_f2_poly_dot,a3_b7_zero_n16,fixed_schedule,10,131072,93.033,1280,0,0,1
opt_f2_poly_dot,a3_b7_zero_n16,public_blocks8,10,131072,27.578,1280,0,0,1
opt_f2_poly_dot,a3_b7_zero_n16,public_blocks32,10,131072,23.661,1280,0,0,1
opt_f2_poly_dot,a3_b7_zero_n16,public_scan,10,131072,10.669,1280,0,0,1
opt_f2_poly_dot,a3_b7_zero_n16,row_density,10,131072,9.722,1280,0,0,1
opt_f2_poly_dot,a3_b7_zero_n16,public_fused,10,131072,20.101,1280,0,0,1
opt_f2_poly_dot,a3_b7_zero_n16,production_zero_skip,11,131072,22.365,1280,0,0,1
opt_f2_poly_dot,a3_b7_zero_n16,public_blocks8,11,131072,30.031,1280,0,0,1
opt_f2_poly_dot,a3_b7_zero_n16,public_masks,11,131072,18.571,1280,0,0,1
opt_f2_poly_dot,a3_b7_zero_n16,public_classified,11,131072,9.299,1280,0,0,1
opt_f2_poly_dot,a3_b7_zero_n16,public_adaptive,11,131072,20.307,1280,0,0,1
opt_f2_poly_dot,a3_b7_zero_n16,public_fused,11,131072,19.037,1280,0,0,1
opt_f2_poly_dot,a3_b7_zero_n16,public_blocks32,11,131072,21.236,1280,0,0,1
opt_f2_poly_dot,a3_b7_zero_n16,fixed_schedule,11,131072,85.601,1280,0,0,1
opt_f2_poly_dot,a3_b7_zero_n16,public_scan,11,131072,9.500,1280,0,0,1
opt_f2_poly_dot,a3_b7_zero_n16,row_density,11,131072,8.746,1280,0,0,1
opt_f2_poly_dot,a3_b7_zero_n16,public_scan,12,131072,9.551,1280,0,0,1
opt_f2_poly_dot,a3_b7_zero_n16,public_classified,12,131072,8.890,1280,0,0,1
opt_f2_poly_dot,a3_b7_zero_n16,public_masks,12,131072,17.789,1280,0,0,1
opt_f2_poly_dot,a3_b7_zero_n16,public_fused,12,131072,18.908,1280,0,0,1
opt_f2_poly_dot,a3_b7_zero_n16,production_zero_skip,12,131072,20.370,1280,0,0,1
opt_f2_poly_dot,a3_b7_zero_n16,row_density,12,131072,8.917,1280,0,0,1
opt_f2_poly_dot,a3_b7_zero_n16,public_adaptive,12,131072,19.994,1280,0,0,1
opt_f2_poly_dot,a3_b7_zero_n16,public_blocks8,12,131072,26.705,1280,0,0,1
opt_f2_poly_dot,a3_b7_zero_n16,public_blocks32,12,131072,22.240,1280,0,0,1
opt_f2_poly_dot,a3_b7_zero_n16,fixed_schedule,12,131072,86.278,1280,0,0,1
opt_f2_poly_dot,a3_b7_zero_n16,production_zero_skip,13,131072,20.880,1280,0,0,1
opt_f2_poly_dot,a3_b7_zero_n16,row_density,13,131072,8.799,1280,0,0,1
opt_f2_poly_dot,a3_b7_zero_n16,public_masks,13,131072,17.985,1280,0,0,1
opt_f2_poly_dot,a3_b7_zero_n16,fixed_schedule,13,131072,86.697,1280,0,0,1
opt_f2_poly_dot,a3_b7_zero_n16,public_classified,13,131072,8.740,1280,0,0,1
opt_f2_poly_dot,a3_b7_zero_n16,public_adaptive,13,131072,19.359,1280,0,0,1
opt_f2_poly_dot,a3_b7_zero_n16,public_blocks32,13,131072,21.669,1280,0,0,1
opt_f2_poly_dot,a3_b7_zero_n16,public_scan,13,131072,9.596,1280,0,0,1
opt_f2_poly_dot,a3_b7_zero_n16,public_blocks8,13,131072,25.312,1280,0,0,1
opt_f2_poly_dot,a3_b7_zero_n16,public_fused,13,131072,18.997,1280,0,0,1
opt_f2_poly_dot,a3_b7_zero_n16,public_masks,14,131072,18.092,1280,0,0,1
opt_f2_poly_dot,a3_b7_zero_n16,public_fused,14,131072,18.310,1280,0,0,1
opt_f2_poly_dot,a3_b7_zero_n16,public_scan,14,131072,9.302,1280,0,0,1
opt_f2_poly_dot,a3_b7_zero_n16,row_density,14,131072,8.551,1280,0,0,1
opt_f2_poly_dot,a3_b7_zero_n16,fixed_schedule,14,131072,85.621,1280,0,0,1
opt_f2_poly_dot,a3_b7_zero_n16,production_zero_skip,14,131072,20.132,1280,0,0,1
opt_f2_poly_dot,a3_b7_zero_n16,public_blocks8,14,131072,25.412,1280,0,0,1
opt_f2_poly_dot,a3_b7_zero_n16,public_classified,14,131072,8.773,1280,0,0,1
opt_f2_poly_dot,a3_b7_zero_n16,public_adaptive,14,131072,19.413,1280,0,0,1
opt_f2_poly_dot,a3_b7_zero_n16,public_blocks32,14,131072,21.218,1280,0,0,1
opt_f2_poly_dot,a3_b7_zero_n16,public_adaptive,15,131072,19.299,1280,0,0,1
opt_f2_poly_dot,a3_b7_zero_n16,public_blocks32,15,131072,21.167,1280,0,0,1
opt_f2_poly_dot,a3_b7_zero_n16,public_blocks8,15,131072,25.384,1280,0,0,1
opt_f2_poly_dot,a3_b7_zero_n16,public_classified,15,131072,8.732,1280,0,0,1
opt_f2_poly_dot,a3_b7_zero_n16,fixed_schedule,15,131072,84.980,1280,0,0,1
opt_f2_poly_dot,a3_b7_zero_n16,row_density,15,131072,8.712,1280,0,0,1
opt_f2_poly_dot,a3_b7_zero_n16,public_scan,15,131072,9.472,1280,0,0,1
opt_f2_poly_dot,a3_b7_zero_n16,public_fused,15,131072,18.637,1280,0,0,1
opt_f2_poly_dot,a3_b7_zero_n16,public_masks,15,131072,17.461,1280,0,0,1
opt_f2_poly_dot,a3_b7_zero_n16,production_zero_skip,15,131072,20.058,1280,0,0,1
opt_f2_poly_dot,a3_b7_zero_n16,public_masks,16,131072,17.469,1280,0,0,1
opt_f2_poly_dot,a3_b7_zero_n16,public_fused,16,131072,18.661,1280,0,0,1
opt_f2_poly_dot,a3_b7_zero_n16,public_blocks8,16,131072,25.254,1280,0,0,1
opt_f2_poly_dot,a3_b7_zero_n16,public_scan,16,131072,9.472,1280,0,0,1
opt_f2_poly_dot,a3_b7_zero_n16,row_density,16,131072,8.732,1280,0,0,1
opt_f2_poly_dot,a3_b7_zero_n16,public_blocks32,16,131072,22.797,1280,0,0,1
opt_f2_poly_dot,a3_b7_zero_n16,public_classified,16,131072,8.877,1280,0,0,1
opt_f2_poly_dot,a3_b7_zero_n16,production_zero_skip,16,131072,20.544,1280,0,0,1
opt_f2_poly_dot,a3_b7_zero_n16,fixed_schedule,16,131072,87.422,1280,0,0,1
opt_f2_poly_dot,a3_b7_zero_n16,public_adaptive,16,131072,20.702,1280,0,0,1
opt_f2_poly_dot,a3_b7_zero_n16,public_blocks32,17,131072,22.797,1280,0,0,1
opt_f2_poly_dot,a3_b7_zero_n16,fixed_schedule,17,131072,92.112,1280,0,0,1
opt_f2_poly_dot,a3_b7_zero_n16,public_masks,17,131072,20.450,1280,0,0,1
opt_f2_poly_dot,a3_b7_zero_n16,public_adaptive,17,131072,21.802,1280,0,0,1
opt_f2_poly_dot,a3_b7_zero_n16,row_density,17,131072,9.927,1280,0,0,1
opt_f2_poly_dot,a3_b7_zero_n16,public_scan,17,131072,10.569,1280,0,0,1
opt_f2_poly_dot,a3_b7_zero_n16,public_fused,17,131072,20.889,1280,0,0,1
opt_f2_poly_dot,a3_b7_zero_n16,public_blocks8,17,131072,29.132,1280,0,0,1
opt_f2_poly_dot,a3_b7_zero_n16,public_classified,17,131072,9.792,1280,0,0,1
opt_f2_poly_dot,a3_b7_zero_n16,production_zero_skip,17,131072,22.603,1280,0,0,1
opt_f2_poly_dot,a3_b7_zero_n16,public_blocks32,18,131072,23.196,1280,0,0,1
opt_f2_poly_dot,a3_b7_zero_n16,public_masks,18,131072,18.529,1280,0,0,1
opt_f2_poly_dot,a3_b7_zero_n16,fixed_schedule,18,131072,88.567,1280,0,0,1
opt_f2_poly_dot,a3_b7_zero_n16,public_classified,18,131072,8.710,1280,0,0,1
opt_f2_poly_dot,a3_b7_zero_n16,row_density,18,131072,9.068,1280,0,0,1
opt_f2_poly_dot,a3_b7_zero_n16,public_blocks8,18,131072,25.398,1280,0,0,1
opt_f2_poly_dot,a3_b7_zero_n16,public_fused,18,131072,18.757,1280,0,0,1
opt_f2_poly_dot,a3_b7_zero_n16,production_zero_skip,18,131072,20.166,1280,0,0,1
opt_f2_poly_dot,a3_b7_zero_n16,public_scan,18,131072,9.570,1280,0,0,1
opt_f2_poly_dot,a3_b7_zero_n16,public_adaptive,18,131072,19.880,1280,0,0,1
opt_f2_poly_dot,a3_b7_zero_n16,fixed_schedule,19,131072,87.870,1280,0,0,1
opt_f2_poly_dot,a3_b7_zero_n16,public_blocks32,19,131072,22.633,1280,0,0,1
opt_f2_poly_dot,a3_b7_zero_n16,public_adaptive,19,131072,20.352,1280,0,0,1
opt_f2_poly_dot,a3_b7_zero_n16,production_zero_skip,19,131072,21.183,1280,0,0,1
opt_f2_poly_dot,a3_b7_zero_n16,public_fused,19,131072,19.672,1280,0,0,1
opt_f2_poly_dot,a3_b7_zero_n16,public_scan,19,131072,10.039,1280,0,0,1
opt_f2_poly_dot,a3_b7_zero_n16,public_masks,19,131072,18.607,1280,0,0,1
opt_f2_poly_dot,a3_b7_zero_n16,public_blocks8,19,131072,26.647,1280,0,0,1
opt_f2_poly_dot,a3_b7_zero_n16,public_classified,19,131072,9.247,1280,0,0,1
opt_f2_poly_dot,a3_b7_zero_n16,row_density,19,131072,9.193,1280,0,0,1
opt_f2_poly_dot,a3_b7_zero_n16,public_classified,20,131072,9.259,1280,0,0,1
opt_f2_poly_dot,a3_b7_zero_n16,public_blocks32,20,131072,22.343,1280,0,0,1
opt_f2_poly_dot,a3_b7_zero_n16,fixed_schedule,20,131072,90.708,1280,0,0,1
opt_f2_poly_dot,a3_b7_zero_n16,public_scan,20,131072,10.278,1280,0,0,1
opt_f2_poly_dot,a3_b7_zero_n16,public_adaptive,20,131072,20.928,1280,0,0,1
opt_f2_poly_dot,a3_b7_zero_n16,public_fused,20,131072,20.667,1280,0,0,1
opt_f2_poly_dot,a3_b7_zero_n16,public_masks,20,131072,19.488,1280,0,0,1
opt_f2_poly_dot,a3_b7_zero_n16,public_blocks8,20,131072,26.075,1280,0,0,1
opt_f2_poly_dot,a3_b7_zero_n16,production_zero_skip,20,131072,20.619,1280,0,0,1
opt_f2_poly_dot,a3_b7_zero_n16,row_density,20,131072,9.125,1280,0,0,1
opt_f2_poly_dot,a3_b7_zero_n16,fixed_schedule,21,131072,86.121,1280,0,0,1
opt_f2_poly_dot,a3_b7_zero_n16,production_zero_skip,21,131072,20.019,1280,0,0,1
opt_f2_poly_dot,a3_b7_zero_n16,row_density,21,131072,8.706,1280,0,0,1
opt_f2_poly_dot,a3_b7_zero_n16,public_adaptive,21,131072,19.313,1280,0,0,1
opt_f2_poly_dot,a3_b7_zero_n16,public_masks,21,131072,17.697,1280,0,0,1
opt_f2_poly_dot,a3_b7_zero_n16,public_blocks8,21,131072,25.889,1280,0,0,1
opt_f2_poly_dot,a3_b7_zero_n16,public_scan,21,131072,9.653,1280,0,0,1
opt_f2_poly_dot,a3_b7_zero_n16,public_classified,21,131072,9.573,1280,0,0,1
opt_f2_poly_dot,a3_b7_zero_n16,public_blocks32,21,131072,20.769,1280,0,0,1
opt_f2_poly_dot,a3_b7_zero_n16,public_fused,21,131072,18.610,1280,0,0,1
opt_f2_poly_dot,a3_b7_zero_n16,public_blocks32,22,131072,21.296,1280,0,0,1
opt_f2_poly_dot,a3_b7_zero_n16,public_classified,22,131072,8.831,1280,0,0,1
opt_f2_poly_dot,a3_b7_zero_n16,public_masks,22,131072,17.619,1280,0,0,1
opt_f2_poly_dot,a3_b7_zero_n16,fixed_schedule,22,131072,85.211,1280,0,0,1
opt_f2_poly_dot,a3_b7_zero_n16,row_density,22,131072,8.730,1280,0,0,1
opt_f2_poly_dot,a3_b7_zero_n16,production_zero_skip,22,131072,20.454,1280,0,0,1
opt_f2_poly_dot,a3_b7_zero_n16,public_adaptive,22,131072,19.546,1280,0,0,1
opt_f2_poly_dot,a3_b7_zero_n16,public_scan,22,131072,9.851,1280,0,0,1
opt_f2_poly_dot,a3_b7_zero_n16,public_blocks8,22,131072,25.639,1280,0,0,1
opt_f2_poly_dot,a3_b7_zero_n16,public_fused,22,131072,18.746,1280,0,0,1
opt_f2_poly_dot,a3_b7_zero_n16,public_fused,23,131072,19.231,1280,0,0,1
opt_f2_poly_dot,a3_b7_zero_n16,production_zero_skip,23,131072,19.660,1280,0,0,1
opt_f2_poly_dot,a3_b7_zero_n16,public_masks,23,131072,17.239,1280,0,0,1
opt_f2_poly_dot,a3_b7_zero_n16,fixed_schedule,23,131072,85.818,1280,0,0,1
opt_f2_poly_dot,a3_b7_zero_n16,public_adaptive,23,131072,19.287,1280,0,0,1
opt_f2_poly_dot,a3_b7_zero_n16,public_blocks32,23,131072,21.151,1280,0,0,1
opt_f2_poly_dot,a3_b7_zero_n16,row_density,23,131072,8.724,1280,0,0,1
opt_f2_poly_dot,a3_b7_zero_n16,public_classified,23,131072,9.048,1280,0,0,1
opt_f2_poly_dot,a3_b7_zero_n16,public_blocks8,23,131072,26.450,1280,0,0,1
opt_f2_poly_dot,a3_b7_zero_n16,public_scan,23,131072,9.776,1280,0,0,1
opt_f2_poly_dot,a3_b7_zero_n16,fixed_schedule,24,131072,91.659,1280,0,0,1
opt_f2_poly_dot,a3_b7_zero_n16,public_blocks8,24,131072,28.227,1280,0,0,1
opt_f2_poly_dot,a3_b7_zero_n16,public_scan,24,131072,9.978,1280,0,0,1
opt_f2_poly_dot,a3_b7_zero_n16,public_fused,24,131072,20.485,1280,0,0,1
opt_f2_poly_dot,a3_b7_zero_n16,row_density,24,131072,9.686,1280,0,0,1
opt_f2_poly_dot,a3_b7_zero_n16,public_adaptive,24,131072,21.472,1280,0,0,1
opt_f2_poly_dot,a3_b7_zero_n16,public_classified,24,131072,9.578,1280,0,0,1
opt_f2_poly_dot,a3_b7_zero_n16,public_blocks32,24,131072,23.005,1280,0,0,1
opt_f2_poly_dot,a3_b7_zero_n16,public_masks,24,131072,18.818,1280,0,0,1
opt_f2_poly_dot,a3_b7_zero_n16,production_zero_skip,24,131072,22.997,1280,0,0,1
opt_f2_poly_dot,a3_b7_zero_n16,row_density,25,131072,9.768,1280,0,0,1
opt_f2_poly_dot,a3_b7_zero_n16,public_adaptive,25,131072,21.741,1280,0,0,1
opt_f2_poly_dot,a3_b7_zero_n16,public_scan,25,131072,10.611,1280,0,0,1
opt_f2_poly_dot,a3_b7_zero_n16,public_blocks32,25,131072,23.766,1280,0,0,1
opt_f2_poly_dot,a3_b7_zero_n16,public_classified,25,131072,9.075,1280,0,0,1
opt_f2_poly_dot,a3_b7_zero_n16,fixed_schedule,25,131072,90.739,1280,0,0,1
opt_f2_poly_dot,a3_b7_zero_n16,public_fused,25,131072,19.265,1280,0,0,1
opt_f2_poly_dot,a3_b7_zero_n16,public_blocks8,25,131072,25.373,1280,0,0,1
opt_f2_poly_dot,a3_b7_zero_n16,public_masks,25,131072,17.626,1280,0,0,1
opt_f2_poly_dot,a3_b7_zero_n16,production_zero_skip,25,131072,20.199,1280,0,0,1
opt_f2_poly_dot,a3_b7_zero_n16,public_adaptive,26,131072,19.357,1280,0,0,1
opt_f2_poly_dot,a3_b7_zero_n16,public_classified,26,131072,8.703,1280,0,0,1
opt_f2_poly_dot,a3_b7_zero_n16,public_scan,26,131072,9.482,1280,0,0,1
opt_f2_poly_dot,a3_b7_zero_n16,public_masks,26,131072,17.525,1280,0,0,1
opt_f2_poly_dot,a3_b7_zero_n16,row_density,26,131072,8.727,1280,0,0,1
opt_f2_poly_dot,a3_b7_zero_n16,public_blocks32,26,131072,21.758,1280,0,0,1
opt_f2_poly_dot,a3_b7_zero_n16,production_zero_skip,26,131072,20.332,1280,0,0,1
opt_f2_poly_dot,a3_b7_zero_n16,public_blocks8,26,131072,25.831,1280,0,0,1
opt_f2_poly_dot,a3_b7_zero_n16,public_fused,26,131072,19.255,1280,0,0,1
opt_f2_poly_dot,a3_b7_zero_n16,fixed_schedule,26,131072,88.803,1280,0,0,1
opt_f2_poly_dot,a3_b7_zero_n16,public_fused,27,131072,19.175,1280,0,0,1
opt_f2_poly_dot,a3_b7_zero_n16,row_density,27,131072,9.198,1280,0,0,1
opt_f2_poly_dot,a3_b7_zero_n16,public_masks,27,131072,18.222,1280,0,0,1
opt_f2_poly_dot,a3_b7_zero_n16,public_blocks32,27,131072,21.925,1280,0,0,1
opt_f2_poly_dot,a3_b7_zero_n16,fixed_schedule,27,131072,86.302,1280,0,0,1
opt_f2_poly_dot,a3_b7_zero_n16,public_classified,27,131072,8.787,1280,0,0,1
opt_f2_poly_dot,a3_b7_zero_n16,public_adaptive,27,131072,19.480,1280,0,0,1
opt_f2_poly_dot,a3_b7_zero_n16,public_blocks8,27,131072,25.684,1280,0,0,1
opt_f2_poly_dot,a3_b7_zero_n16,public_scan,27,131072,9.582,1280,0,0,1
opt_f2_poly_dot,a3_b7_zero_n16,production_zero_skip,27,131072,20.296,1280,0,0,1
opt_f2_poly_dot,a3_b7_zero_n16,public_blocks8,28,131072,25.600,1280,0,0,1
opt_f2_poly_dot,a3_b7_zero_n16,row_density,28,131072,8.905,1280,0,0,1
opt_f2_poly_dot,a3_b7_zero_n16,production_zero_skip,28,131072,20.347,1280,0,0,1
opt_f2_poly_dot,a3_b7_zero_n16,public_blocks32,28,131072,22.153,1280,0,0,1
opt_f2_poly_dot,a3_b7_zero_n16,fixed_schedule,28,131072,91.078,1280,0,0,1
opt_f2_poly_dot,a3_b7_zero_n16,public_adaptive,28,131072,21.997,1280,0,0,1
opt_f2_poly_dot,a3_b7_zero_n16,public_classified,28,131072,9.918,1280,0,0,1
opt_f2_poly_dot,a3_b7_zero_n16,public_fused,28,131072,21.725,1280,0,0,1
opt_f2_poly_dot,a3_b7_zero_n16,public_masks,28,131072,19.838,1280,0,0,1
opt_f2_poly_dot,a3_b7_zero_n16,public_scan,28,131072,10.487,1280,0,0,1
opt_f2_poly_dot,a3_b7_zero_n16,production_zero_skip,29,131072,23.214,1280,0,0,1
opt_f2_poly_dot,a3_b7_zero_n16,public_classified,29,131072,9.940,1280,0,0,1
opt_f2_poly_dot,a3_b7_zero_n16,public_blocks8,29,131072,29.055,1280,0,0,1
opt_f2_poly_dot,a3_b7_zero_n16,public_adaptive,29,131072,21.276,1280,0,0,1
opt_f2_poly_dot,a3_b7_zero_n16,public_blocks32,29,131072,23.735,1280,0,0,1
opt_f2_poly_dot,a3_b7_zero_n16,fixed_schedule,29,131072,94.165,1280,0,0,1
opt_f2_poly_dot,a3_b7_zero_n16,public_masks,29,131072,19.240,1280,0,0,1
opt_f2_poly_dot,a3_b7_zero_n16,public_fused,29,131072,20.071,1280,0,0,1
opt_f2_poly_dot,a3_b7_zero_n16,row_density,29,131072,9.252,1280,0,0,1
opt_f2_poly_dot,a3_b7_zero_n16,public_scan,29,131072,9.597,1280,0,0,1
opt_f2_poly_dot,a3_b7_zero_n16,production_zero_skip,30,131072,20.137,1280,0,0,1
opt_f2_poly_dot,a3_b7_zero_n16,row_density,30,131072,8.789,1280,0,0,1
opt_f2_poly_dot,a3_b7_zero_n16,public_masks,30,131072,18.607,1280,0,0,1
opt_f2_poly_dot,a3_b7_zero_n16,public_adaptive,30,131072,19.641,1280,0,0,1
opt_f2_poly_dot,a3_b7_zero_n16,public_blocks8,30,131072,25.530,1280,0,0,1
opt_f2_poly_dot,a3_b7_zero_n16,public_blocks32,30,131072,21.323,1280,0,0,1
opt_f2_poly_dot,a3_b7_zero_n16,public_classified,30,131072,8.797,1280,0,0,1
opt_f2_poly_dot,a3_b7_zero_n16,fixed_schedule,30,131072,86.644,1280,0,0,1
opt_f2_poly_dot,a3_b7_zero_n16,public_scan,30,131072,9.632,1280,0,0,1
opt_f2_poly_dot,a3_b7_zero_n16,public_fused,30,131072,18.953,1280,0,0,1
opt_f2_poly_dot,a3_b7_zero_n16,public_scan,31,131072,9.636,1280,0,0,1
opt_f2_poly_dot,a3_b7_zero_n16,public_blocks32,31,131072,21.499,1280,0,0,1
opt_f2_poly_dot,a3_b7_zero_n16,public_classified,31,131072,8.839,1280,0,0,1
opt_f2_poly_dot,a3_b7_zero_n16,public_masks,31,131072,18.872,1280,0,0,1
opt_f2_poly_dot,a3_b7_zero_n16,public_fused,31,131072,19.734,1280,0,0,1
opt_f2_poly_dot,a3_b7_zero_n16,production_zero_skip,31,131072,22.261,1280,0,0,1
opt_f2_poly_dot,a3_b7_zero_n16,public_adaptive,31,131072,20.328,1280,0,0,1
opt_f2_poly_dot,a3_b7_zero_n16,row_density,31,131072,9.203,1280,0,0,1
opt_f2_poly_dot,a3_b7_zero_n16,fixed_schedule,31,131072,89.034,1280,0,0,1
opt_f2_poly_dot,a3_b7_zero_n16,public_blocks8,31,131072,26.998,1280,0,0,1
opt_f2_poly_dot,a3_b7_zero_n1024,fixed_schedule,0,4096,7121.775,81920,0,0,1
opt_f2_poly_dot,a3_b7_zero_n1024,public_masks,0,4096,996.897,81920,0,0,1
opt_f2_poly_dot,a3_b7_zero_n1024,row_density,0,4096,442.617,81920,0,0,1
opt_f2_poly_dot,a3_b7_zero_n1024,production_zero_skip,0,4096,1165.212,81920,0,0,1
opt_f2_poly_dot,a3_b7_zero_n1024,public_adaptive,0,4096,981.303,81920,0,0,1
opt_f2_poly_dot,a3_b7_zero_n1024,public_blocks8,0,4096,1425.527,81920,0,0,1
opt_f2_poly_dot,a3_b7_zero_n1024,public_classified,0,4096,417.013,81920,0,0,1
opt_f2_poly_dot,a3_b7_zero_n1024,public_fused,0,4096,983.226,81920,0,0,1
opt_f2_poly_dot,a3_b7_zero_n1024,public_blocks32,0,4096,1094.574,81920,0,0,1
opt_f2_poly_dot,a3_b7_zero_n1024,public_scan,0,4096,452.586,81920,0,0,1
opt_f2_poly_dot,a3_b7_zero_n1024,public_blocks8,1,4096,1424.855,81920,0,0,1
opt_f2_poly_dot,a3_b7_zero_n1024,public_scan,1,4096,453.217,81920,0,0,1
opt_f2_poly_dot,a3_b7_zero_n1024,fixed_schedule,1,4096,6552.317,81920,0,0,1
opt_f2_poly_dot,a3_b7_zero_n1024,public_masks,1,4096,933.848,81920,0,0,1
opt_f2_poly_dot,a3_b7_zero_n1024,public_adaptive,1,4096,979.258,81920,0,0,1
opt_f2_poly_dot,a3_b7_zero_n1024,public_blocks32,1,4096,1093.557,81920,0,0,1
opt_f2_poly_dot,a3_b7_zero_n1024,public_fused,1,4096,979.024,81920,0,0,1
opt_f2_poly_dot,a3_b7_zero_n1024,public_classified,1,4096,415.985,81920,0,0,1
opt_f2_poly_dot,a3_b7_zero_n1024,production_zero_skip,1,4096,1102.651,81920,0,0,1
opt_f2_poly_dot,a3_b7_zero_n1024,row_density,1,4096,414.815,81920,0,0,1
opt_f2_poly_dot,a3_b7_zero_n1024,public_masks,2,4096,932.180,81920,0,0,1
opt_f2_poly_dot,a3_b7_zero_n1024,row_density,2,4096,417.429,81920,0,0,1
opt_f2_poly_dot,a3_b7_zero_n1024,public_adaptive,2,4096,982.066,81920,0,0,1
opt_f2_poly_dot,a3_b7_zero_n1024,public_scan,2,4096,453.379,81920,0,0,1
opt_f2_poly_dot,a3_b7_zero_n1024,public_blocks8,2,4096,1421.936,81920,0,0,1
opt_f2_poly_dot,a3_b7_zero_n1024,public_classified,2,4096,414.876,81920,0,0,1
opt_f2_poly_dot,a3_b7_zero_n1024,production_zero_skip,2,4096,1099.182,81920,0,0,1
opt_f2_poly_dot,a3_b7_zero_n1024,public_blocks32,2,4096,1094.014,81920,0,0,1
opt_f2_poly_dot,a3_b7_zero_n1024,fixed_schedule,2,4096,6669.098,81920,0,0,1
opt_f2_poly_dot,a3_b7_zero_n1024,public_fused,2,4096,981.008,81920,0,0,1
opt_f2_poly_dot,a3_b7_zero_n1024,public_classified,3,4096,444.570,81920,0,0,1
opt_f2_poly_dot,a3_b7_zero_n1024,public_scan,3,4096,504.354,81920,0,0,1
opt_f2_poly_dot,a3_b7_zero_n1024,row_density,3,4096,434.916,81920,0,0,1
opt_f2_poly_dot,a3_b7_zero_n1024,fixed_schedule,3,4096,7099.508,81920,0,0,1
opt_f2_poly_dot,a3_b7_zero_n1024,public_blocks32,3,4096,1249.715,81920,0,0,1
opt_f2_poly_dot,a3_b7_zero_n1024,production_zero_skip,3,4096,1206.055,81920,0,0,1
opt_f2_poly_dot,a3_b7_zero_n1024,public_fused,3,4096,1022.695,81920,0,0,1
opt_f2_poly_dot,a3_b7_zero_n1024,public_masks,3,4096,960.266,81920,0,0,1
opt_f2_poly_dot,a3_b7_zero_n1024,public_blocks8,3,4096,1507.894,81920,0,0,1
opt_f2_poly_dot,a3_b7_zero_n1024,public_adaptive,3,4096,1009.166,81920,0,0,1
opt_f2_poly_dot,a3_b7_zero_n1024,public_adaptive,4,4096,1040.965,81920,0,0,1
opt_f2_poly_dot,a3_b7_zero_n1024,public_fused,4,4096,1004.242,81920,0,0,1
opt_f2_poly_dot,a3_b7_zero_n1024,public_classified,4,4096,413.666,81920,0,0,1
opt_f2_poly_dot,a3_b7_zero_n1024,public_masks,4,4096,933.146,81920,0,0,1
opt_f2_poly_dot,a3_b7_zero_n1024,production_zero_skip,4,4096,1100.993,81920,0,0,1
opt_f2_poly_dot,a3_b7_zero_n1024,public_scan,4,4096,452.118,81920,0,0,1
opt_f2_poly_dot,a3_b7_zero_n1024,row_density,4,4096,415.019,81920,0,0,1
opt_f2_poly_dot,a3_b7_zero_n1024,public_blocks32,4,4096,1093.384,81920,0,0,1
opt_f2_poly_dot,a3_b7_zero_n1024,public_blocks8,4,4096,1427.541,81920,0,0,1
opt_f2_poly_dot,a3_b7_zero_n1024,fixed_schedule,4,4096,6588.257,81920,0,0,1
opt_f2_poly_dot,a3_b7_zero_n1024,public_masks,5,4096,971.212,81920,0,0,1
opt_f2_poly_dot,a3_b7_zero_n1024,production_zero_skip,5,4096,1157.501,81920,0,0,1
opt_f2_poly_dot,a3_b7_zero_n1024,fixed_schedule,5,4096,6771.729,81920,0,0,1
opt_f2_poly_dot,a3_b7_zero_n1024,public_fused,5,4096,1065.877,81920,0,0,1
opt_f2_poly_dot,a3_b7_zero_n1024,public_scan,5,4096,496.480,81920,0,0,1
opt_f2_poly_dot,a3_b7_zero_n1024,public_classified,5,4096,449.270,81920,0,0,1
opt_f2_poly_dot,a3_b7_zero_n1024,public_blocks8,5,4096,1506.287,81920,0,0,1
opt_f2_poly_dot,a3_b7_zero_n1024,public_adaptive,5,4096,1035.421,81920,0,0,1
opt_f2_poly_dot,a3_b7_zero_n1024,row_density,5,4096,441.671,81920,0,0,1
opt_f2_poly_dot,a3_b7_zero_n1024,public_blocks32,5,4096,1156.362,81920,0,0,1
opt_f2_poly_dot,a3_b7_zero_n1024,public_fused,6,4096,1043.701,81920,0,0,1
opt_f2_poly_dot,a3_b7_zero_n1024,fixed_schedule,6,4096,6923.787,81920,0,0,1
opt_f2_poly_dot,a3_b7_zero_n1024,public_blocks8,6,4096,1423.350,81920,0,0,1
opt_f2_poly_dot,a3_b7_zero_n1024,public_blocks32,6,4096,1095.683,81920,0,0,1
opt_f2_poly_dot,a3_b7_zero_n1024,public_adaptive,6,4096,981.038,81920,0,0,1
opt_f2_poly_dot,a3_b7_zero_n1024,public_classified,6,4096,416.250,81920,0,0,1
opt_f2_poly_dot,a3_b7_zero_n1024,row_density,6,4096,415.568,81920,0,0,1
opt_f2_poly_dot,a3_b7_zero_n1024,production_zero_skip,6,4096,1100.332,81920,0,0,1
opt_f2_poly_dot,a3_b7_zero_n1024,public_scan,6,4096,453.410,81920,0,0,1
opt_f2_poly_dot,a3_b7_zero_n1024,public_masks,6,4096,933.034,81920,0,0,1
opt_f2_poly_dot,a3_b7_zero_n1024,public_scan,7,4096,452.993,81920,0,0,1
opt_f2_poly_dot,a3_b7_zero_n1024,production_zero_skip,7,4096,1111.165,81920,0,0,1
opt_f2_poly_dot,a3_b7_zero_n1024,public_masks,7,4096,932.444,81920,0,0,1
opt_f2_poly_dot,a3_b7_zero_n1024,public_fused,7,4096,989.044,81920,0,0,1
opt_f2_poly_dot,a3_b7_zero_n1024,public_blocks32,7,4096,1102.234,81920,0,0,1
opt_f2_poly_dot,a3_b7_zero_n1024,public_classified,7,4096,416.311,81920,0,0,1
opt_f2_poly_dot,a3_b7_zero_n1024,row_density,7,4096,416.951,81920,0,0,1
opt_f2_poly_dot,a3_b7_zero_n1024,public_adaptive,7,4096,1012.105,81920,0,0,1
opt_f2_poly_dot,a3_b7_zero_n1024,fixed_schedule,7,4096,6579.631,81920,0,0,1
opt_f2_poly_dot,a3_b7_zero_n1024,public_blocks8,7,4096,1469.950,81920,0,0,1
opt_f2_poly_dot,a3_b7_zero_n1024,production_zero_skip,8,4096,1131.551,81920,0,0,1
opt_f2_poly_dot,a3_b7_zero_n1024,public_fused,8,4096,962.209,81920,0,0,1
opt_f2_poly_dot,a3_b7_zero_n1024,public_blocks32,8,4096,1099.925,81920,0,0,1
opt_f2_poly_dot,a3_b7_zero_n1024,fixed_schedule,8,4096,6580.363,81920,0,0,1
opt_f2_poly_dot,a3_b7_zero_n1024,public_scan,8,4096,454.895,81920,0,0,1
opt_f2_poly_dot,a3_b7_zero_n1024,public_masks,8,4096,934.682,81920,0,0,1
opt_f2_poly_dot,a3_b7_zero_n1024,row_density,8,4096,417.714,81920,0,0,1
opt_f2_poly_dot,a3_b7_zero_n1024,public_blocks8,8,4096,1425.883,81920,0,0,1
opt_f2_poly_dot,a3_b7_zero_n1024,public_adaptive,8,4096,994.914,81920,0,0,1
opt_f2_poly_dot,a3_b7_zero_n1024,public_classified,8,4096,413.584,81920,0,0,1
opt_f2_poly_dot,a3_b7_zero_n1024,public_blocks8,9,4096,1424.072,81920,0,0,1
opt_f2_poly_dot,a3_b7_zero_n1024,public_masks,9,4096,932.943,81920,0,0,1
opt_f2_poly_dot,a3_b7_zero_n1024,public_fused,9,4096,980.967,81920,0,0,1
opt_f2_poly_dot,a3_b7_zero_n1024,public_adaptive,9,4096,989.054,81920,0,0,1
opt_f2_poly_dot,a3_b7_zero_n1024,public_scan,9,4096,473.399,81920,0,0,1
opt_f2_poly_dot,a3_b7_zero_n1024,production_zero_skip,9,4096,1127.573,81920,0,0,1
opt_f2_poly_dot,a3_b7_zero_n1024,public_classified,9,4096,415.853,81920,0,0,1
opt_f2_poly_dot,a3_b7_zero_n1024,fixed_schedule,9,4096,6592.133,81920,0,0,1
opt_f2_poly_dot,a3_b7_zero_n1024,row_density,9,4096,416.534,81920,0,0,1
opt_f2_poly_dot,a3_b7_zero_n1024,public_blocks32,9,4096,1124.298,81920,0,0,1
opt_f2_poly_dot,a3_b7_zero_n1024,public_masks,10,4096,970.449,81920,0,0,1
opt_f2_poly_dot,a3_b7_zero_n1024,public_scan,10,4096,472.666,81920,0,0,1
opt_f2_poly_dot,a3_b7_zero_n1024,row_density,10,4096,432.872,81920,0,0,1
opt_f2_poly_dot,a3_b7_zero_n1024,public_fused,10,4096,1020.711,81920,0,0,1
opt_f2_poly_dot,a3_b7_zero_n1024,fixed_schedule,10,4096,6687.836,81920,0,0,1
opt_f2_poly_dot,a3_b7_zero_n1024,public_blocks8,10,4096,1448.456,81920,0,0,1
opt_f2_poly_dot,a3_b7_zero_n1024,public_classified,10,4096,420.848,81920,0,0,1
opt_f2_poly_dot,a3_b7_zero_n1024,public_adaptive,10,4096,1012.532,81920,0,0,1
opt_f2_poly_dot,a3_b7_zero_n1024,public_blocks32,10,4096,1131.979,81920,0,0,1
opt_f2_poly_dot,a3_b7_zero_n1024,production_zero_skip,10,4096,1143.667,81920,0,0,1
opt_f2_poly_dot,a3_b7_zero_n1024,fixed_schedule,11,4096,6781.921,81920,0,0,1
opt_f2_poly_dot,a3_b7_zero_n1024,row_density,11,4096,464.539,81920,0,0,1
opt_f2_poly_dot,a3_b7_zero_n1024,public_fused,11,4096,1051.046,81920,0,0,1
opt_f2_poly_dot,a3_b7_zero_n1024,public_masks,11,4096,996.368,81920,0,0,1
opt_f2_poly_dot,a3_b7_zero_n1024,public_adaptive,11,4096,1080.576,81920,0,0,1
opt_f2_poly_dot,a3_b7_zero_n1024,public_scan,11,4096,490.733,81920,0,0,1
opt_f2_poly_dot,a3_b7_zero_n1024,public_blocks32,11,4096,1203.247,81920,0,0,1
opt_f2_poly_dot,a3_b7_zero_n1024,public_classified,11,4096,443.766,81920,0,0,1
opt_f2_poly_dot,a3_b7_zero_n1024,production_zero_skip,11,4096,1174.886,81920,0,0,1
opt_f2_poly_dot,a3_b7_zero_n1024,public_blocks8,11,4096,1486.715,81920,0,0,1
opt_f2_poly_dot,a3_b7_zero_n1024,production_zero_skip,12,4096,1141.693,81920,0,0,1
opt_f2_poly_dot,a3_b7_zero_n1024,public_fused,12,4096,1040.273,81920,0,0,1
opt_f2_poly_dot,a3_b7_zero_n1024,public_blocks32,12,4096,1125.682,81920,0,0,1
opt_f2_poly_dot,a3_b7_zero_n1024,public_scan,12,4096,452.830,81920,0,0,1
opt_f2_poly_dot,a3_b7_zero_n1024,public_masks,12,4096,939.921,81920,0,0,1
opt_f2_poly_dot,a3_b7_zero_n1024,public_blocks8,12,4096,1424.459,81920,0,0,1
opt_f2_poly_dot,a3_b7_zero_n1024,fixed_schedule,12,4096,6563.405,81920,0,0,1
opt_f2_poly_dot,a3_b7_zero_n1024,public_adaptive,12,4096,979.726,81920,0,0,1
opt_f2_poly_dot,a3_b7_zero_n1024,public_classified,12,4096,415.303,81920,0,0,1
opt_f2_poly_dot,a3_b7_zero_n1024,row_density,12,4096,415.609,81920,0,0,1
opt_f2_poly_dot,a3_b7_zero_n1024,public_masks,13,4096,932.200,81920,0,0,1
opt_f2_poly_dot,a3_b7_zero_n1024,public_blocks8,13,4096,1423.014,81920,0,0,1
opt_f2_poly_dot,a3_b7_zero_n1024,production_zero_skip,13,4096,1100.861,81920,0,0,1
opt_f2_poly_dot,a3_b7_zero_n1024,row_density,13,4096,416.901,81920,0,0,1
opt_f2_poly_dot,a3_b7_zero_n1024,fixed_schedule,13,4096,6543.610,81920,0,0,1
opt_f2_poly_dot,a3_b7_zero_n1024,public_adaptive,13,4096,980.408,81920,0,0,1
opt_f2_poly_dot,a3_b7_zero_n1024,public_classified,13,4096,418.620,81920,0,0,1
opt_f2_poly_dot,a3_b7_zero_n1024,public_scan,13,4096,457.367,81920,0,0,1
opt_f2_poly_dot,a3_b7_zero_n1024,public_fused,13,4096,982.076,81920,0,0,1
opt_f2_poly_dot,a3_b7_zero_n1024,public_blocks32,13,4096,1103.160,81920,0,0,1
opt_f2_poly_dot,a3_b7_zero_n1024,production_zero_skip,14,4096,1162.964,81920,0,0,1
opt_f2_poly_dot,a3_b7_zero_n1024,public_masks,14,4096,921.356,81920,0,0,1
opt_f2_poly_dot,a3_b7_zero_n1024,row_density,14,4096,406.403,81920,0,0,1
opt_f2_poly_dot,a3_b7_zero_n1024,public_classified,14,4096,412.903,81920,0,0,1
opt_f2_poly_dot,a3_b7_zero_n1024,fixed_schedule,14,4096,6862.406,81920,0,0,1
opt_f2_poly_dot,a3_b7_zero_n1024,public_blocks8,14,4096,1483.521,81920,0,0,1
opt_f2_poly_dot,a3_b7_zero_n1024,public_fused,14,4096,1035.828,81920,0,0,1
opt_f2_poly_dot,a3_b7_zero_n1024,public_scan,14,4096,475.118,81920,0,0,1
opt_f2_poly_dot,a3_b7_zero_n1024,public_adaptive,14,4096,1026.744,81920,0,0,1
opt_f2_poly_dot,a3_b7_zero_n1024,public_blocks32,14,4096,1161.255,81920,0,0,1
opt_f2_poly_dot,a3_b7_zero_n1024,public_blocks32,15,4096,1149.536,81920,0,0,1
opt_f2_poly_dot,a3_b7_zero_n1024,public_blocks8,15,4096,1500.732,81920,0,0,1
opt_f2_poly_dot,a3_b7_zero_n1024,public_scan,15,4096,479.838,81920,0,0,1
opt_f2_poly_dot,a3_b7_zero_n1024,public_masks,15,4096,986.613,81920,0,0,1
opt_f2_poly_dot,a3_b7_zero_n1024,public_adaptive,15,4096,1039.429,81920,0,0,1
opt_f2_poly_dot,a3_b7_zero_n1024,row_density,15,4096,467.244,81920,0,0,1
opt_f2_poly_dot,a3_b7_zero_n1024,public_classified,15,4096,452.677,81920,0,0,1
opt_f2_poly_dot,a3_b7_zero_n1024,production_zero_skip,15,4096,1105.774,81920,0,0,1
opt_f2_poly_dot,a3_b7_zero_n1024,fixed_schedule,15,4096,6693.899,81920,0,0,1
opt_f2_poly_dot,a3_b7_zero_n1024,public_fused,15,4096,984.558,81920,0,0,1
opt_f2_poly_dot,a3_b7_zero_n1024,public_adaptive,16,4096,1019.836,81920,0,0,1
opt_f2_poly_dot,a3_b7_zero_n1024,public_fused,16,4096,994.558,81920,0,0,1
opt_f2_poly_dot,a3_b7_zero_n1024,production_zero_skip,16,4096,1107.554,81920,0,0,1
opt_f2_poly_dot,a3_b7_zero_n1024,public_blocks32,16,4096,1099.314,81920,0,0,1
opt_f2_poly_dot,a3_b7_zero_n1024,public_classified,16,4096,415.192,81920,0,0,1
opt_f2_poly_dot,a3_b7_zero_n1024,row_density,16,4096,414.408,81920,0,0,1
opt_f2_poly_dot,a3_b7_zero_n1024,public_blocks8,16,4096,1428.823,81920,0,0,1
opt_f2_poly_dot,a3_b7_zero_n1024,public_scan,16,4096,456.177,81920,0,0,1
opt_f2_poly_dot,a3_b7_zero_n1024,public_masks,16,4096,934.855,81920,0,0,1
opt_f2_poly_dot,a3_b7_zero_n1024,fixed_schedule,16,4096,6573.629,81920,0,0,1
opt_f2_poly_dot,a3_b7_zero_n1024,public_adaptive,17,4096,981.486,81920,0,0,1
opt_f2_poly_dot,a3_b7_zero_n1024,public_blocks32,17,4096,1100.891,81920,0,0,1
opt_f2_poly_dot,a3_b7_zero_n1024,public_scan,17,4096,454.712,81920,0,0,1
opt_f2_poly_dot,a3_b7_zero_n1024,public_classified,17,4096,415.283,81920,0,0,1
opt_f2_poly_dot,a3_b7_zero_n1024,fixed_schedule,17,4096,6570.364,81920,0,0,1
opt_f2_poly_dot,a3_b7_zero_n1024,production_zero_skip,17,4096,1102.295,81920,0,0,1
opt_f2_poly_dot,a3_b7_zero_n1024,row_density,17,4096,416.301,81920,0,0,1
opt_f2_poly_dot,a3_b7_zero_n1024,public_masks,17,4096,933.034,81920,0,0,1
opt_f2_poly_dot,a3_b7_zero_n1024,public_blocks8,17,4096,1422.607,81920,0,0,1
opt_f2_poly_dot,a3_b7_zero_n1024,public_fused,17,4096,979.686,81920,0,0,1
opt_f2_poly_dot,a3_b7_zero_n1024,public_masks,18,4096,932.373,81920,0,0,1
opt_f2_poly_dot,a3_b7_zero_n1024,public_adaptive,18,4096,981.201,81920,0,0,1
opt_f2_poly_dot,a3_b7_zero_n1024,public_blocks32,18,4096,1093.750,81920,0,0,1
opt_f2_poly_dot,a3_b7_zero_n1024,public_scan,18,4096,452.250,81920,0,0,1
opt_f2_poly_dot,a3_b7_zero_n1024,public_blocks8,18,4096,1422.984,81920,0,0,1
opt_f2_poly_dot,a3_b7_zero_n1024,row_density,18,4096,414.825,81920,0,0,1
opt_f2_poly_dot,a3_b7_zero_n1024,fixed_schedule,18,4096,6725.260,81920,0,0,1
opt_f2_poly_dot,a3_b7_zero_n1024,public_classified,18,4096,419.667,81920,0,0,1
opt_f2_poly_dot,a3_b7_zero_n1024,public_fused,18,4096,996.439,81920,0,0,1
opt_f2_poly_dot,a3_b7_zero_n1024,production_zero_skip,18,4096,1112.366,81920,0,0,1
opt_f2_poly_dot,a3_b7_zero_n1024,public_blocks8,19,4096,1451.670,81920,0,0,1
opt_f2_poly_dot,a3_b7_zero_n1024,public_masks,19,4096,965.566,81920,0,0,1
opt_f2_poly_dot,a3_b7_zero_n1024,fixed_schedule,19,4096,6694.000,81920,0,0,1
opt_f2_poly_dot,a3_b7_zero_n1024,public_adaptive,19,4096,981.374,81920,0,0,1
opt_f2_poly_dot,a3_b7_zero_n1024,production_zero_skip,19,4096,1104.269,81920,0,0,1
opt_f2_poly_dot,a3_b7_zero_n1024,public_scan,19,4096,452.789,81920,0,0,1
opt_f2_poly_dot,a3_b7_zero_n1024,public_classified,19,4096,413.747,81920,0,0,1
opt_f2_poly_dot,a3_b7_zero_n1024,public_fused,19,4096,980.703,81920,0,0,1
opt_f2_poly_dot,a3_b7_zero_n1024,public_blocks32,19,4096,1094.798,81920,0,0,1
opt_f2_poly_dot,a3_b7_zero_n1024,row_density,19,4096,414.215,81920,0,0,1
opt_f2_poly_dot,a3_b7_zero_n1024,fixed_schedule,20,4096,6554.169,81920,0,0,1
opt_f2_poly_dot,a3_b7_zero_n1024,row_density,20,4096,413.574,81920,0,0,1
opt_f2_poly_dot,a3_b7_zero_n1024,public_blocks32,20,4096,1093.374,81920,0,0,1
opt_f2_poly_dot,a3_b7_zero_n1024,public_scan,20,4096,452.230,81920,0,0,1
opt_f2_poly_dot,a3_b7_zero_n1024,public_masks,20,4096,957.703,81920,0,0,1
opt_f2_poly_dot,a3_b7_zero_n1024,production_zero_skip,20,4096,1100.789,81920,0,0,1
opt_f2_poly_dot,a3_b7_zero_n1024,public_fused,20,4096,979.838,81920,0,0,1
opt_f2_poly_dot,a3_b7_zero_n1024,public_classified,20,4096,415.853,81920,0,0,1
opt_f2_poly_dot,a3_b7_zero_n1024,public_adaptive,20,4096,984.853,81920,0,0,1
opt_f2_poly_dot,a3_b7_zero_n1024,public_blocks8,20,4096,1429.525,81920,0,0,1
opt_f2_poly_dot,a3_b7_zero_n1024,public_scan,21,4096,454.468,81920,0,0,1
opt_f2_poly_dot,a3_b7_zero_n1024,public_classified,21,4096,417.979,81920,0,0,1
opt_f2_poly_dot,a3_b7_zero_n1024,public_adaptive,21,4096,1014.241,81920,0,0,1
opt_f2_poly_dot,a3_b7_zero_n1024,public_masks,21,4096,996.073,81920,0,0,1
opt_f2_poly_dot,a3_b7_zero_n1024,row_density,21,4096,437.520,81920,0,0,1
opt_f2_poly_dot,a3_b7_zero_n1024,production_zero_skip,21,4096,1119.598,81920,0,0,1
opt_f2_poly_dot,a3_b7_zero_n1024,fixed_schedule,21,4096,6759.145,81920,0,0,1
opt_f2_poly_dot,a3_b7_zero_n1024,public_fused,21,4096,1051.687,81920,0,0,1
opt_f2_poly_dot,a3_b7_zero_n1024,public_blocks32,21,4096,1075.460,81920,0,0,1
opt_f2_poly_dot,a3_b7_zero_n1024,public_blocks8,21,4096,1410.858,81920,0,0,1
opt_f2_poly_dot,a3_b7_zero_n1024,public_blocks32,22,4096,1094.330,81920,0,0,1
opt_f2_poly_dot,a3_b7_zero_n1024,public_masks,22,4096,933.156,81920,0,0,1
opt_f2_poly_dot,a3_b7_zero_n1024,fixed_schedule,22,4096,6551.076,81920,0,0,1
opt_f2_poly_dot,a3_b7_zero_n1024,public_scan,22,4096,455.963,81920,0,0,1
opt_f2_poly_dot,a3_b7_zero_n1024,public_classified,22,4096,418.884,81920,0,0,1
opt_f2_poly_dot,a3_b7_zero_n1024,public_fused,22,4096,978.617,81920,0,0,1
opt_f2_poly_dot,a3_b7_zero_n1024,public_blocks8,22,4096,1423.187,81920,0,0,1
opt_f2_poly_dot,a3_b7_zero_n1024,production_zero_skip,22,4096,1099.864,81920,0,0,1
opt_f2_poly_dot,a3_b7_zero_n1024,public_adaptive,22,4096,979.960,81920,0,0,1
opt_f2_poly_dot,a3_b7_zero_n1024,row_density,22,4096,414.652,81920,0,0,1
opt_f2_poly_dot,a3_b7_zero_n1024,fixed_schedule,23,4096,6555.094,81920,0,0,1
opt_f2_poly_dot,a3_b7_zero_n1024,production_zero_skip,23,4096,1100.260,81920,0,0,1
opt_f2_poly_dot,a3_b7_zero_n1024,public_scan,23,4096,454.264,81920,0,0,1
opt_f2_poly_dot,a3_b7_zero_n1024,row_density,23,4096,414.215,81920,0,0,1
opt_f2_poly_dot,a3_b7_zero_n1024,public_adaptive,23,4096,980.001,81920,0,0,1
opt_f2_poly_dot,a3_b7_zero_n1024,public_blocks8,23,4096,1422.780,81920,0,0,1
opt_f2_poly_dot,a3_b7_zero_n1024,public_classified,23,4096,418.569,81920,0,0,1
opt_f2_poly_dot,a3_b7_zero_n1024,public_masks,23,4096,933.665,81920,0,0,1
opt_f2_poly_dot,a3_b7_zero_n1024,public_blocks32,23,4096,1084.218,81920,0,0,1
opt_f2_poly_dot,a3_b7_zero_n1024,public_fused,23,4096,963.186,81920,0,0,1
opt_f2_poly_dot,a3_b7_zero_n1024,public_scan,24,4096,443.807,81920,0,0,1
opt_f2_poly_dot,a3_b7_zero_n1024,public_adaptive,24,4096,963.125,81920,0,0,1
opt_f2_poly_dot,a3_b7_zero_n1024,public_fused,24,4096,961.283,81920,0,0,1
opt_f2_poly_dot,a3_b7_zero_n1024,public_blocks8,24,4096,1418.335,81920,0,0,1
opt_f2_poly_dot,a3_b7_zero_n1024,row_density,24,4096,426.615,81920,0,0,1
opt_f2_poly_dot,a3_b7_zero_n1024,production_zero_skip,24,4096,1102.437,81920,0,0,1
opt_f2_poly_dot,a3_b7_zero_n1024,public_classified,24,4096,432.007,81920,0,0,1
opt_f2_poly_dot,a3_b7_zero_n1024,fixed_schedule,24,4096,6679.515,81920,0,0,1
opt_f2_poly_dot,a3_b7_zero_n1024,public_blocks32,24,4096,1076.864,81920,0,0,1
opt_f2_poly_dot,a3_b7_zero_n1024,public_masks,24,4096,963.715,81920,0,0,1
opt_f2_poly_dot,a3_b7_zero_n1024,public_scan,25,4096,464.742,81920,0,0,1
opt_f2_poly_dot,a3_b7_zero_n1024,production_zero_skip,25,4096,1127.818,81920,0,0,1
opt_f2_poly_dot,a3_b7_zero_n1024,public_blocks32,25,4096,1152.792,81920,0,0,1
opt_f2_poly_dot,a3_b7_zero_n1024,row_density,25,4096,433.380,81920,0,0,1
opt_f2_poly_dot,a3_b7_zero_n1024,public_masks,25,4096,999.969,81920,0,0,1
opt_f2_poly_dot,a3_b7_zero_n1024,fixed_schedule,25,4096,6863.444,81920,0,0,1
opt_f2_poly_dot,a3_b7_zero_n1024,public_blocks8,25,4096,1528.239,81920,0,0,1
opt_f2_poly_dot,a3_b7_zero_n1024,public_adaptive,25,4096,1034.068,81920,0,0,1
opt_f2_poly_dot,a3_b7_zero_n1024,public_fused,25,4096,1010.712,81920,0,0,1
opt_f2_poly_dot,a3_b7_zero_n1024,public_classified,25,4096,463.562,81920,0,0,1
opt_f2_poly_dot,a3_b7_zero_n1024,public_fused,26,4096,1018.870,81920,0,0,1
opt_f2_poly_dot,a3_b7_zero_n1024,row_density,26,4096,434.306,81920,0,0,1
opt_f2_poly_dot,a3_b7_zero_n1024,public_blocks32,26,4096,1152.700,81920,0,0,1
opt_f2_poly_dot,a3_b7_zero_n1024,public_adaptive,26,4096,1017.191,81920,0,0,1
opt_f2_poly_dot,a3_b7_zero_n1024,fixed_schedule,26,4096,7050.049,81920,0,0,1
opt_f2_poly_dot,a3_b7_zero_n1024,public_masks,26,4096,934.164,81920,0,0,1
opt_f2_poly_dot,a3_b7_zero_n1024,public_classified,26,4096,415.293,81920,0,0,1
opt_f2_poly_dot,a3_b7_zero_n1024,production_zero_skip,26,4096,1181.641,81920,0,0,1
opt_f2_poly_dot,a3_b7_zero_n1024,public_scan,26,4096,452.566,81920,0,0,1
opt_f2_poly_dot,a3_b7_zero_n1024,public_blocks8,26,4096,1441.946,81920,0,0,1
opt_f2_poly_dot,a3_b7_zero_n1024,public_adaptive,27,4096,1025.106,81920,0,0,1
opt_f2_poly_dot,a3_b7_zero_n1024,public_scan,27,4096,461.589,81920,0,0,1
opt_f2_poly_dot,a3_b7_zero_n1024,row_density,27,4096,420.787,81920,0,0,1
opt_f2_poly_dot,a3_b7_zero_n1024,public_blocks32,27,4096,1117.411,81920,0,0,1
opt_f2_poly_dot,a3_b7_zero_n1024,public_blocks8,27,4096,1540.405,81920,0,0,1
opt_f2_poly_dot,a3_b7_zero_n1024,production_zero_skip,27,4096,1172.363,81920,0,0,1
opt_f2_poly_dot,a3_b7_zero_n1024,public_masks,27,4096,950.684,81920,0,0,1
opt_f2_poly_dot,a3_b7_zero_n1024,public_fused,27,4096,1033.569,81920,0,0,1
opt_f2_poly_dot,a3_b7_zero_n1024,fixed_schedule,27,4096,6764.018,81920,0,0,1
opt_f2_poly_dot,a3_b7_zero_n1024,public_classified,27,4096,417.674,81920,0,0,1
opt_f2_poly_dot,a3_b7_zero_n1024,row_density,28,4096,454.244,81920,0,0,1
opt_f2_poly_dot,a3_b7_zero_n1024,public_blocks8,28,4096,1486.206,81920,0,0,1
opt_f2_poly_dot,a3_b7_zero_n1024,production_zero_skip,28,4096,1148.285,81920,0,0,1
opt_f2_poly_dot,a3_b7_zero_n1024,public_masks,28,4096,964.111,81920,0,0,1
opt_f2_poly_dot,a3_b7_zero_n1024,public_adaptive,28,4096,1017.507,81920,0,0,1
opt_f2_poly_dot,a3_b7_zero_n1024,public_scan,28,4096,454.346,81920,0,0,1
opt_f2_poly_dot,a3_b7_zero_n1024,fixed_schedule,28,4096,6943.644,81920,0,0,1
opt_f2_poly_dot,a3_b7_zero_n1024,public_classified,28,4096,436.564,81920,0,0,1
opt_f2_poly_dot,a3_b7_zero_n1024,public_blocks32,28,4096,1183.441,81920,0,0,1
opt_f2_poly_dot,a3_b7_zero_n1024,public_fused,28,4096,1057.760,81920,0,0,1
opt_f2_poly_dot,a3_b7_zero_n1024,public_blocks8,29,4096,1449.819,81920,0,0,1
opt_f2_poly_dot,a3_b7_zero_n1024,fixed_schedule,29,4096,6884.135,81920,0,0,1
opt_f2_poly_dot,a3_b7_zero_n1024,public_blocks32,29,4096,1261.098,81920,0,0,1
opt_f2_poly_dot,a3_b7_zero_n1024,public_scan,29,4096,456.889,81920,0,0,1
opt_f2_poly_dot,a3_b7_zero_n1024,public_classified,29,4096,446.615,81920,0,0,1
opt_f2_poly_dot,a3_b7_zero_n1024,public_adaptive,29,4096,1039.642,81920,0,0,1
opt_f2_poly_dot,a3_b7_zero_n1024,row_density,29,4096,449.127,81920,0,0,1
opt_f2_poly_dot,a3_b7_zero_n1024,public_masks,29,4096,982.473,81920,0,0,1
opt_f2_poly_dot,a3_b7_zero_n1024,public_fused,29,4096,1044.830,81920,0,0,1
opt_f2_poly_dot,a3_b7_zero_n1024,production_zero_skip,29,4096,1176.178,81920,0,0,1
opt_f2_poly_dot,a3_b7_zero_n1024,row_density,30,4096,443.034,81920,0,0,1
opt_f2_poly_dot,a3_b7_zero_n1024,public_classified,30,4096,417.989,81920,0,0,1
opt_f2_poly_dot,a3_b7_zero_n1024,public_scan,30,4096,482.452,81920,0,0,1
opt_f2_poly_dot,a3_b7_zero_n1024,public_blocks8,30,4096,1510.081,81920,0,0,1
opt_f2_poly_dot,a3_b7_zero_n1024,fixed_schedule,30,4096,6893.066,81920,0,0,1
opt_f2_poly_dot,a3_b7_zero_n1024,public_fused,30,4096,986.827,81920,0,0,1
opt_f2_poly_dot,a3_b7_zero_n1024,public_masks,30,4096,936.188,81920,0,0,1
opt_f2_poly_dot,a3_b7_zero_n1024,public_blocks32,30,4096,1126.231,81920,0,0,1
opt_f2_poly_dot,a3_b7_zero_n1024,public_adaptive,30,4096,1024.628,81920,0,0,1
opt_f2_poly_dot,a3_b7_zero_n1024,production_zero_skip,30,4096,1145.528,81920,0,0,1
opt_f2_poly_dot,a3_b7_zero_n1024,public_blocks8,31,4096,1485.006,81920,0,0,1
opt_f2_poly_dot,a3_b7_zero_n1024,public_masks,31,4096,956.268,81920,0,0,1
opt_f2_poly_dot,a3_b7_zero_n1024,production_zero_skip,31,4096,1164.164,81920,0,0,1
opt_f2_poly_dot,a3_b7_zero_n1024,public_classified,31,4096,434.174,81920,0,0,1
opt_f2_poly_dot,a3_b7_zero_n1024,public_blocks32,31,4096,1136.454,81920,0,0,1
opt_f2_poly_dot,a3_b7_zero_n1024,public_fused,31,4096,1038.768,81920,0,0,1
opt_f2_poly_dot,a3_b7_zero_n1024,row_density,31,4096,445.007,81920,0,0,1
opt_f2_poly_dot,a3_b7_zero_n1024,public_scan,31,4096,478.495,81920,0,0,1
opt_f2_poly_dot,a3_b7_zero_n1024,fixed_schedule,31,4096,6868.673,81920,0,0,1
opt_f2_poly_dot,a3_b7_zero_n1024,public_adaptive,31,4096,981.140,81920,0,0,1
opt_f2_poly_dot,a3_b7_dense_prefix_n16,fixed_schedule,0,65536,87.977,1280,0,0,1
opt_f2_poly_dot,a3_b7_dense_prefix_n16,public_classified,0,65536,66.922,1280,0,0,1
opt_f2_poly_dot,a3_b7_dense_prefix_n16,public_adaptive,0,65536,88.751,1280,0,0,1
opt_f2_poly_dot,a3_b7_dense_prefix_n16,public_scan,0,65536,80.095,1280,0,0,1
opt_f2_poly_dot,a3_b7_dense_prefix_n16,production_zero_skip,0,65536,82.749,1280,0,0,1
opt_f2_poly_dot,a3_b7_dense_prefix_n16,row_density,0,65536,67.352,1280,0,0,1
opt_f2_poly_dot,a3_b7_dense_prefix_n16,public_fused,0,65536,78.481,1280,0,0,1
opt_f2_poly_dot,a3_b7_dense_prefix_n16,public_masks,0,65536,76.087,1280,0,0,1
opt_f2_poly_dot,a3_b7_dense_prefix_n16,public_blocks8,0,65536,87.138,1280,0,0,1
opt_f2_poly_dot,a3_b7_dense_prefix_n16,public_blocks32,0,65536,92.681,1280,0,0,1
opt_f2_poly_dot,a3_b7_dense_prefix_n16,public_blocks32,1,65536,88.697,1280,0,0,1
opt_f2_poly_dot,a3_b7_dense_prefix_n16,row_density,1,65536,73.352,1280,0,0,1
opt_f2_poly_dot,a3_b7_dense_prefix_n16,public_fused,1,65536,86.992,1280,0,0,1
opt_f2_poly_dot,a3_b7_dense_prefix_n16,production_zero_skip,1,65536,89.471,1280,0,0,1
opt_f2_poly_dot,a3_b7_dense_prefix_n16,public_masks,1,65536,77.546,1280,0,0,1
opt_f2_poly_dot,a3_b7_dense_prefix_n16,public_scan,1,65536,88.165,1280,0,0,1
opt_f2_poly_dot,a3_b7_dense_prefix_n16,public_adaptive,1,65536,94.608,1280,0,0,1
opt_f2_poly_dot,a3_b7_dense_prefix_n16,public_classified,1,65536,70.101,1280,0,0,1
opt_f2_poly_dot,a3_b7_dense_prefix_n16,fixed_schedule,1,65536,90.665,1280,0,0,1
opt_f2_poly_dot,a3_b7_dense_prefix_n16,public_blocks8,1,65536,89.568,1280,0,0,1
opt_f2_poly_dot,a3_b7_dense_prefix_n16,public_adaptive,2,65536,87.975,1280,0,0,1
opt_f2_poly_dot,a3_b7_dense_prefix_n16,public_masks,2,65536,72.302,1280,0,0,1
opt_f2_poly_dot,a3_b7_dense_prefix_n16,public_blocks32,2,65536,82.888,1280,0,0,1
opt_f2_poly_dot,a3_b7_dense_prefix_n16,public_fused,2,65536,77.712,1280,0,0,1
opt_f2_poly_dot,a3_b7_dense_prefix_n16,public_classified,2,65536,66.534,1280,0,0,1
opt_f2_poly_dot,a3_b7_dense_prefix_n16,public_scan,2,65536,81.045,1280,0,0,1
opt_f2_poly_dot,a3_b7_dense_prefix_n16,fixed_schedule,2,65536,84.977,1280,0,0,1
opt_f2_poly_dot,a3_b7_dense_prefix_n16,row_density,2,65536,66.467,1280,0,0,1
opt_f2_poly_dot,a3_b7_dense_prefix_n16,production_zero_skip,2,65536,82.360,1280,0,0,1
opt_f2_poly_dot,a3_b7_dense_prefix_n16,public_blocks8,2,65536,85.196,1280,0,0,1
opt_f2_poly_dot,a3_b7_dense_prefix_n16,production_zero_skip,3,65536,82.322,1280,0,0,1
opt_f2_poly_dot,a3_b7_dense_prefix_n16,public_scan,3,65536,79.374,1280,0,0,1
opt_f2_poly_dot,a3_b7_dense_prefix_n16,public_blocks8,3,65536,85.220,1280,0,0,1
opt_f2_poly_dot,a3_b7_dense_prefix_n16,row_density,3,65536,66.253,1280,0,0,1
opt_f2_poly_dot,a3_b7_dense_prefix_n16,public_classified,3,65536,66.642,1280,0,0,1
opt_f2_poly_dot,a3_b7_dense_prefix_n16,public_adaptive,3,65536,88.348,1280,0,0,1
opt_f2_poly_dot,a3_b7_dense_prefix_n16,fixed_schedule,3,65536,84.987,1280,0,0,1
opt_f2_poly_dot,a3_b7_dense_prefix_n16,public_fused,3,65536,78.331,1280,0,0,1
opt_f2_poly_dot,a3_b7_dense_prefix_n16,public_masks,3,65536,72.932,1280,0,0,1
opt_f2_poly_dot,a3_b7_dense_prefix_n16,public_blocks32,3,65536,82.605,1280,0,0,1
opt_f2_poly_dot,a3_b7_dense_prefix_n16,public_blocks8,4,65536,84.851,1280,0,0,1
opt_f2_poly_dot,a3_b7_dense_prefix_n16,fixed_schedule,4,65536,85.160,1280,0,0,1
opt_f2_poly_dot,a3_b7_dense_prefix_n16,public_classified,4,65536,65.975,1280,0,0,1
opt_f2_poly_dot,a3_b7_dense_prefix_n16,public_fused,4,65536,77.788,1280,0,0,1
opt_f2_poly_dot,a3_b7_dense_prefix_n16,public_adaptive,4,65536,93.768,1280,0,0,1
opt_f2_poly_dot,a3_b7_dense_prefix_n16,row_density,4,65536,68.727,1280,0,0,1
opt_f2_poly_dot,a3_b7_dense_prefix_n16,public_masks,4,65536,75.526,1280,0,0,1
opt_f2_poly_dot,a3_b7_dense_prefix_n16,public_scan,4,65536,80.705,1280,0,0,1
opt_f2_poly_dot,a3_b7_dense_prefix_n16,production_zero_skip,4,65536,83.824,1280,0,0,1
opt_f2_poly_dot,a3_b7_dense_prefix_n16,public_blocks32,4,65536,88.085,1280,0,0,1
opt_f2_poly_dot,a3_b7_dense_prefix_n16,public_fused,5,65536,80.386,1280,0,0,1
opt_f2_poly_dot,a3_b7_dense_prefix_n16,public_masks,5,65536,75.883,1280,0,0,1
opt_f2_poly_dot,a3_b7_dense_prefix_n16,public_blocks8,5,65536,89.123,1280,0,0,1
opt_f2_poly_dot,a3_b7_dense_prefix_n16,public_classified,5,65536,66.933,1280,0,0,1
opt_f2_poly_dot,a3_b7_dense_prefix_n16,row_density,5,65536,66.480,1280,0,0,1
opt_f2_poly_dot,a3_b7_dense_prefix_n16,public_scan,5,65536,79.652,1280,0,0,1
opt_f2_poly_dot,a3_b7_dense_prefix_n16,public_adaptive,5,65536,87.599,1280,0,0,1
opt_f2_poly_dot,a3_b7_dense_prefix_n16,public_blocks32,5,65536,84.241,1280,0,0,1
opt_f2_poly_dot,a3_b7_dense_prefix_n16,fixed_schedule,5,65536,85.904,1280,0,0,1
opt_f2_poly_dot,a3_b7_dense_prefix_n16,production_zero_skip,5,65536,82.257,1280,0,0,1
opt_f2_poly_dot,a3_b7_dense_prefix_n16,production_zero_skip,6,65536,82.235,1280,0,0,1
opt_f2_poly_dot,a3_b7_dense_prefix_n16,row_density,6,65536,66.089,1280,0,0,1
opt_f2_poly_dot,a3_b7_dense_prefix_n16,public_fused,6,65536,78.104,1280,0,0,1
opt_f2_poly_dot,a3_b7_dense_prefix_n16,fixed_schedule,6,65536,85.104,1280,0,0,1
opt_f2_poly_dot,a3_b7_dense_prefix_n16,public_blocks8,6,65536,84.723,1280,0,0,1
opt_f2_poly_dot,a3_b7_dense_prefix_n16,public_classified,6,65536,65.814,1280,0,0,1
opt_f2_poly_dot,a3_b7_dense_prefix_n16,public_masks,6,65536,72.957,1280,0,0,1
opt_f2_poly_dot,a3_b7_dense_prefix_n16,public_blocks32,6,65536,82.696,1280,0,0,1
opt_f2_poly_dot,a3_b7_dense_prefix_n16,public_adaptive,6,65536,87.587,1280,0,0,1
opt_f2_poly_dot,a3_b7_dense_prefix_n16,public_scan,6,65536,79.422,1280,0,0,1
opt_f2_poly_dot,a3_b7_dense_prefix_n16,public_fused,7,65536,77.688,1280,0,0,1
opt_f2_poly_dot,a3_b7_dense_prefix_n16,public_classified,7,65536,66.568,1280,0,0,1
opt_f2_poly_dot,a3_b7_dense_prefix_n16,row_density,7,65536,68.247,1280,0,0,1
opt_f2_poly_dot,a3_b7_dense_prefix_n16,public_blocks32,7,65536,85.110,1280,0,0,1
opt_f2_poly_dot,a3_b7_dense_prefix_n16,public_blocks8,7,65536,85.688,1280,0,0,1
opt_f2_poly_dot,a3_b7_dense_prefix_n16,fixed_schedule,7,65536,85.540,1280,0,0,1
opt_f2_poly_dot,a3_b7_dense_prefix_n16,public_masks,7,65536,82.263,1280,0,0,1
opt_f2_poly_dot,a3_b7_dense_prefix_n16,public_adaptive,7,65536,95.036,1280,0,0,1
opt_f2_poly_dot,a3_b7_dense_prefix_n16,public_scan,7,65536,81.462,1280,0,0,1
opt_f2_poly_dot,a3_b7_dense_prefix_n16,production_zero_skip,7,65536,85.684,1280,0,0,1
opt_f2_poly_dot,a3_b7_dense_prefix_n16,fixed_schedule,8,65536,87.345,1280,0,0,1
opt_f2_poly_dot,a3_b7_dense_prefix_n16,public_masks,8,65536,72.983,1280,0,0,1
opt_f2_poly_dot,a3_b7_dense_prefix_n16,public_scan,8,65536,79.562,1280,0,0,1
opt_f2_poly_dot,a3_b7_dense_prefix_n16,public_blocks32,8,65536,82.708,1280,0,0,1
opt_f2_poly_dot,a3_b7_dense_prefix_n16,public_adaptive,8,65536,87.548,1280,0,0,1
opt_f2_poly_dot,a3_b7_dense_prefix_n16,public_fused,8,65536,77.682,1280,0,0,1
opt_f2_poly_dot,a3_b7_dense_prefix_n16,public_classified,8,65536,65.996,1280,0,0,1
opt_f2_poly_dot,a3_b7_dense_prefix_n16,production_zero_skip,8,65536,82.528,1280,0,0,1
opt_f2_poly_dot,a3_b7_dense_prefix_n16,public_blocks8,8,65536,85.185,1280,0,0,1
opt_f2_poly_dot,a3_b7_dense_prefix_n16,row_density,8,65536,65.834,1280,0,0,1
opt_f2_poly_dot,a3_b7_dense_prefix_n16,production_zero_skip,9,65536,83.074,1280,0,0,1
opt_f2_poly_dot,a3_b7_dense_prefix_n16,public_scan,9,65536,80.473,1280,0,0,1
opt_f2_poly_dot,a3_b7_dense_prefix_n16,public_masks,9,65536,73.472,1280,0,0,1
opt_f2_poly_dot,a3_b7_dense_prefix_n16,row_density,9,65536,67.465,1280,0,0,1
opt_f2_poly_dot,a3_b7_dense_prefix_n16,fixed_schedule,9,65536,86.692,1280,0,0,1
opt_f2_poly_dot,a3_b7_dense_prefix_n16,public_adaptive,9,65536,89.155,1280,0,0,1
opt_f2_poly_dot,a3_b7_dense_prefix_n16,public_classified,9,65536,67.134,1280,0,0,1
opt_f2_poly_dot,a3_b7_dense_prefix_n16,public_blocks8,9,65536,87.208,1280,0,0,1
opt_f2_poly_dot,a3_b7_dense_prefix_n16,public_blocks32,9,65536,82.878,1280,0,0,1
opt_f2_poly_dot,a3_b7_dense_prefix_n16,public_fused,9,65536,77.822,1280,0,0,1
opt_f2_poly_dot,a3_b7_dense_prefix_n16,public_classified,10,65536,65.712,1280,0,0,1
opt_f2_poly_dot,a3_b7_dense_prefix_n16,production_zero_skip,10,65536,82.237,1280,0,0,1
opt_f2_poly_dot,a3_b7_dense_prefix_n16,public_fused,10,65536,77.869,1280,0,0,1
opt_f2_poly_dot,a3_b7_dense_prefix_n16,fixed_schedule,10,65536,85.567,1280,0,0,1
opt_f2_poly_dot,a3_b7_dense_prefix_n16,public_blocks8,10,65536,85.398,1280,0,0,1
opt_f2_poly_dot,a3_b7_dense_prefix_n16,row_density,10,65536,65.873,1280,0,0,1
opt_f2_poly_dot,a3_b7_dense_prefix_n16,public_blocks32,10,65536,82.657,1280,0,0,1
opt_f2_poly_dot,a3_b7_dense_prefix_n16,public_masks,10,65536,72.495,1280,0,0,1
opt_f2_poly_dot,a3_b7_dense_prefix_n16,public_adaptive,10,65536,87.600,1280,0,0,1
opt_f2_poly_dot,a3_b7_dense_prefix_n16,public_scan,10,65536,79.696,1280,0,0,1
opt_f2_poly_dot,a3_b7_dense_prefix_n16,public_blocks8,11,65536,85.320,1280,0,0,1
opt_f2_poly_dot,a3_b7_dense_prefix_n16,public_masks,11,65536,72.772,1280,0,0,1
opt_f2_poly_dot,a3_b7_dense_prefix_n16,public_scan,11,65536,81.982,1280,0,0,1
opt_f2_poly_dot,a3_b7_dense_prefix_n16,public_fused,11,65536,81.043,1280,0,0,1
opt_f2_poly_dot,a3_b7_dense_prefix_n16,production_zero_skip,11,65536,83.845,1280,0,0,1
opt_f2_poly_dot,a3_b7_dense_prefix_n16,public_adaptive,11,65536,88.490,1280,0,0,1
opt_f2_poly_dot,a3_b7_dense_prefix_n16,row_density,11,65536,66.301,1280,0,0,1
opt_f2_poly_dot,a3_b7_dense_prefix_n16,fixed_schedule,11,65536,85.956,1280,0,0,1
opt_f2_poly_dot,a3_b7_dense_prefix_n16,public_blocks32,11,65536,82.994,1280,0,0,1
opt_f2_poly_dot,a3_b7_dense_prefix_n16,public_classified,11,65536,66.194,1280,0,0,1
opt_f2_poly_dot,a3_b7_dense_prefix_n16,public_fused,12,65536,77.953,1280,0,0,1
opt_f2_poly_dot,a3_b7_dense_prefix_n16,public_blocks8,12,65536,85.711,1280,0,0,1
opt_f2_poly_dot,a3_b7_dense_prefix_n16,row_density,12,65536,66.228,1280,0,0,1
opt_f2_poly_dot,a3_b7_dense_prefix_n16,public_blocks32,12,65536,82.802,1280,0,0,1
opt_f2_poly_dot,a3_b7_dense_prefix_n16,public_scan,12,65536,79.243,1280,0,0,1
opt_f2_poly_dot,a3_b7_dense_prefix_n16,public_adaptive,12,65536,88.017,1280,0,0,1
opt_f2_poly_dot,a3_b7_dense_prefix_n16,public_classified,12,65536,66.783,1280,0,0,1
opt_f2_poly_dot,a3_b7_dense_prefix_n16,production_zero_skip,12,65536,81.518,1280,0,0,1
opt_f2_poly_dot,a3_b7_dense_prefix_n16,fixed_schedule,12,65536,88.539,1280,0,0,1
opt_f2_poly_dot,a3_b7_dense_prefix_n16,public_masks,12,65536,76.537,1280,0,0,1
opt_f2_poly_dot,a3_b7_dense_prefix_n16,public_fused,13,65536,88.999,1280,0,0,1
opt_f2_poly_dot,a3_b7_dense_prefix_n16,public_adaptive,13,65536,93.204,1280,0,0,1
opt_f2_poly_dot,a3_b7_dense_prefix_n16,public_blocks8,13,65536,90.570,1280,0,0,1
opt_f2_poly_dot,a3_b7_dense_prefix_n16,row_density,13,65536,68.384,1280,0,0,1
opt_f2_poly_dot,a3_b7_dense_prefix_n16,public_classified,13,65536,69.881,1280,0,0,1
opt_f2_poly_dot,a3_b7_dense_prefix_n16,public_masks,13,65536,78.650,1280,0,0,1
opt_f2_poly_dot,a3_b7_dense_prefix_n16,public_scan,13,65536,84.518,1280,0,0,1
opt_f2_poly_dot,a3_b7_dense_prefix_n16,production_zero_skip,13,65536,87.145,1280,0,0,1
opt_f2_poly_dot,a3_b7_dense_prefix_n16,fixed_schedule,13,65536,90.521,1280,0,0,1
opt_f2_poly_dot,a3_b7_dense_prefix_n16,public_blocks32,13,65536,88.116,1280,0,0,1
opt_f2_poly_dot,a3_b7_dense_prefix_n16,public_classified,14,65536,68.598,1280,0,0,1
opt_f2_poly_dot,a3_b7_dense_prefix_n16,public_blocks32,14,65536,83.778,1280,0,0,1
opt_f2_poly_dot,a3_b7_dense_prefix_n16,public_fused,14,65536,78.135,1280,0,0,1
opt_f2_poly_dot,a3_b7_dense_prefix_n16,public_scan,14,65536,79.446,1280,0,0,1
opt_f2_poly_dot,a3_b7_dense_prefix_n16,public_adaptive,14,65536,89.645,1280,0,0,1
opt_f2_poly_dot,a3_b7_dense_prefix_n16,row_density,14,65536,66.156,1280,0,0,1
opt_f2_poly_dot,a3_b7_dense_prefix_n16,public_blocks8,14,65536,86.084,1280,0,0,1
opt_f2_poly_dot,a3_b7_dense_prefix_n16,fixed_schedule,14,65536,84.710,1280,0,0,1
opt_f2_poly_dot,a3_b7_dense_prefix_n16,production_zero_skip,14,65536,85.687,1280,0,0,1
opt_f2_poly_dot,a3_b7_dense_prefix_n16,public_masks,14,65536,73.257,1280,0,0,1
opt_f2_poly_dot,a3_b7_dense_prefix_n16,public_scan,15,65536,80.803,1280,0,0,1
opt_f2_poly_dot,a3_b7_dense_prefix_n16,fixed_schedule,15,65536,91.829,1280,0,0,1
opt_f2_poly_dot,a3_b7_dense_prefix_n16,public_classified,15,65536,71.251,1280,0,0,1
opt_f2_poly_dot,a3_b7_dense_prefix_n16,public_adaptive,15,65536,92.227,1280,0,0,1
opt_f2_poly_dot,a3_b7_dense_prefix_n16,production_zero_skip,15,65536,91.841,1280,0,0,1
opt_f2_poly_dot,a3_b7_dense_prefix_n16,row_density,15,65536,74.347,1280,0,0,1
opt_f2_poly_dot,a3_b7_dense_prefix_n16,public_blocks32,15,65536,88.127,1280,0,0,1
opt_f2_poly_dot,a3_b7_dense_prefix_n16,public_fused,15,65536,84.471,1280,0,0,1
opt_f2_poly_dot,a3_b7_dense_prefix_n16,public_blocks8,15,65536,91.221,1280,0,0,1
opt_f2_poly_dot,a3_b7_dense_prefix_n16,public_masks,15,65536,77.586,1280,0,0,1
opt_f2_poly_dot,a3_b7_dense_prefix_n16,row_density,16,65536,70.931,1280,0,0,1
opt_f2_poly_dot,a3_b7_dense_prefix_n16,fixed_schedule,16,65536,89.052,1280,0,0,1
opt_f2_poly_dot,a3_b7_dense_prefix_n16,public_blocks32,16,65536,90.935,1280,0,0,1
opt_f2_poly_dot,a3_b7_dense_prefix_n16,public_scan,16,65536,84.707,1280,0,0,1
opt_f2_poly_dot,a3_b7_dense_prefix_n16,production_zero_skip,16,65536,87.651,1280,0,0,1
opt_f2_poly_dot,a3_b7_dense_prefix_n16,public_fused,16,65536,82.722,1280,0,0,1
opt_f2_poly_dot,a3_b7_dense_prefix_n16,public_masks,16,65536,77.063,1280,0,0,1
opt_f2_poly_dot,a3_b7_dense_prefix_n16,public_adaptive,16,65536,97.589,1280,0,0,1
opt_f2_poly_dot,a3_b7_dense_prefix_n16,public_blocks8,16,65536,94.365,1280,0,0,1
opt_f2_poly_dot,a3_b7_dense_prefix_n16,public_classified,16,65536,74.500,1280,0,0,1
opt_f2_poly_dot,a3_b7_dense_prefix_n16,public_blocks8,17,65536,93.222,1280,0,0,1
opt_f2_poly_dot,a3_b7_dense_prefix_n16,public_adaptive,17,65536,100.093,1280,0,0,1
opt_f2_poly_dot,a3_b7_dense_prefix_n16,public_scan,17,65536,83.457,1280,0,0,1
opt_f2_poly_dot,a3_b7_dense_prefix_n16,public_masks,17,65536,76.569,1280,0,0,1
opt_f2_poly_dot,a3_b7_dense_prefix_n16,public_blocks32,17,65536,85.755,1280,0,0,1
opt_f2_poly_dot,a3_b7_dense_prefix_n16,production_zero_skip,17,65536,82.661,1280,0,0,1
opt_f2_poly_dot,a3_b7_dense_prefix_n16,fixed_schedule,17,65536,86.456,1280,0,0,1
opt_f2_poly_dot,a3_b7_dense_prefix_n16,row_density,17,65536,68.747,1280,0,0,1
opt_f2_poly_dot,a3_b7_dense_prefix_n16,public_classified,17,65536,66.973,1280,0,0,1
opt_f2_poly_dot,a3_b7_dense_prefix_n16,public_fused,17,65536,79.966,1280,0,0,1
opt_f2_poly_dot,a3_b7_dense_prefix_n16,public_scan,18,65536,83.462,1280,0,0,1
opt_f2_poly_dot,a3_b7_dense_prefix_n16,public_blocks8,18,65536,89.177,1280,0,0,1
opt_f2_poly_dot,a3_b7_dense_prefix_n16,fixed_schedule,18,65536,87.994,1280,0,0,1
opt_f2_poly_dot,a3_b7_dense_prefix_n16,public_classified,18,65536,69.973,1280,0,0,1
opt_f2_poly_dot,a3_b7_dense_prefix_n16,public_blocks32,18,65536,87.027,1280,0,0,1
opt_f2_poly_dot,a3_b7_dense_prefix_n16,public_masks,18,65536,75.984,1280,0,0,1
opt_f2_poly_dot,a3_b7_dense_prefix_n16,production_zero_skip,18,65536,84.015,1280,0,0,1
opt_f2_poly_dot,a3_b7_dense_prefix_n16,public_fused,18,65536,81.656,1280,0,0,1
opt_f2_poly_dot,a3_b7_dense_prefix_n16,public_adaptive,18,65536,87.788,1280,0,0,1
opt_f2_poly_dot,a3_b7_dense_prefix_n16,row_density,18,65536,67.628,1280,0,0,1
opt_f2_poly_dot,a3_b7_dense_prefix_n16,public_scan,19,65536,79.487,1280,0,0,1
opt_f2_poly_dot,a3_b7_dense_prefix_n16,production_zero_skip,19,65536,82.036,1280,0,0,1
opt_f2_poly_dot,a3_b7_dense_prefix_n16,public_classified,19,65536,66.041,1280,0,0,1
opt_f2_poly_dot,a3_b7_dense_prefix_n16,fixed_schedule,19,65536,85.120,1280,0,0,1
opt_f2_poly_dot,a3_b7_dense_prefix_n16,public_adaptive,19,65536,88.198,1280,0,0,1
opt_f2_poly_dot,a3_b7_dense_prefix_n16,public_fused,19,65536,78.019,1280,0,0,1
opt_f2_poly_dot,a3_b7_dense_prefix_n16,public_masks,19,65536,72.621,1280,0,0,1
opt_f2_poly_dot,a3_b7_dense_prefix_n16,row_density,19,65536,66.389,1280,0,0,1
opt_f2_poly_dot,a3_b7_dense_prefix_n16,public_blocks32,19,65536,82.785,1280,0,0,1
opt_f2_poly_dot,a3_b7_dense_prefix_n16,public_blocks8,19,65536,85.014,1280,0,0,1
opt_f2_poly_dot,a3_b7_dense_prefix_n16,public_fused,20,65536,77.641,1280,0,0,1
opt_f2_poly_dot,a3_b7_dense_prefix_n16,fixed_schedule,20,65536,85.309,1280,0,0,1
opt_f2_poly_dot,a3_b7_dense_prefix_n16,public_scan,20,65536,79.651,1280,0,0,1
opt_f2_poly_dot,a3_b7_dense_prefix_n16,public_classified,20,65536,65.907,1280,0,0,1
opt_f2_poly_dot,a3_b7_dense_prefix_n16,public_blocks32,20,65536,82.836,1280,0,0,1
opt_f2_poly_dot,a3_b7_dense_prefix_n16,public_masks,20,65536,73.097,1280,0,0,1
opt_f2_poly_dot,a3_b7_dense_prefix_n16,public_blocks8,20,65536,84.831,1280,0,0,1
opt_f2_poly_dot,a3_b7_dense_prefix_n16,production_zero_skip,20,65536,82.211,1280,0,0,1
opt_f2_poly_dot,a3_b7_dense_prefix_n16,public_adaptive,20,65536,92.880,1280,0,0,1
opt_f2_poly_dot,a3_b7_dense_prefix_n16,row_density,20,65536,69.198,1280,0,0,1
opt_f2_poly_dot,a3_b7_dense_prefix_n16,fixed_schedule,21,65536,87.622,1280,0,0,1
opt_f2_poly_dot,a3_b7_dense_prefix_n16,public_blocks8,21,65536,89.841,1280,0,0,1
opt_f2_poly_dot,a3_b7_dense_prefix_n16,public_adaptive,21,65536,89.733,1280,0,0,1
opt_f2_poly_dot,a3_b7_dense_prefix_n16,public_masks,21,65536,77.869,1280,0,0,1
opt_f2_poly_dot,a3_b7_dense_prefix_n16,public_blocks32,21,65536,84.281,1280,0,0,1
opt_f2_poly_dot,a3_b7_dense_prefix_n16,public_classified,21,65536,65.341,1280,0,0,1
opt_f2_poly_dot,a3_b7_dense_prefix_n16,production_zero_skip,21,65536,82.455,1280,0,0,1
opt_f2_poly_dot,a3_b7_dense_prefix_n16,public_fused,21,65536,80.437,1280,0,0,1
opt_f2_poly_dot,a3_b7_dense_prefix_n16,public_scan,21,65536,82.884,1280,0,0,1
opt_f2_poly_dot,a3_b7_dense_prefix_n16,row_density,21,65536,68.615,1280,0,0,1
opt_f2_poly_dot,a3_b7_dense_prefix_n16,row_density,22,65536,68.815,1280,0,0,1
opt_f2_poly_dot,a3_b7_dense_prefix_n16,public_blocks32,22,65536,87.426,1280,0,0,1
opt_f2_poly_dot,a3_b7_dense_prefix_n16,public_adaptive,22,65536,90.370,1280,0,0,1
opt_f2_poly_dot,a3_b7_dense_prefix_n16,fixed_schedule,22,65536,90.463,1280,0,0,1
opt_f2_poly_dot,a3_b7_dense_prefix_n16,public_blocks8,22,65536,90.083,1280,0,0,1
opt_f2_poly_dot,a3_b7_dense_prefix_n16,public_masks,22,65536,77.026,1280,0,0,1
opt_f2_poly_dot,a3_b7_dense_prefix_n16,public_scan,22,65536,86.484,1280,0,0,1
opt_f2_poly_dot,a3_b7_dense_prefix_n16,production_zero_skip,22,65536,87.336,1280,0,0,1
opt_f2_poly_dot,a3_b7_dense_prefix_n16,public_fused,22,65536,83.467,1280,0,0,1
opt_f2_poly_dot,a3_b7_dense_prefix_n16,public_classified,22,65536,70.637,1280,0,0,1
opt_f2_poly_dot,a3_b7_dense_prefix_n16,public_blocks32,23,65536,91.721,1280,0,0,1
opt_f2_poly_dot,a3_b7_dense_prefix_n16,row_density,23,65536,68.805,1280,0,0,1
opt_f2_poly_dot,a3_b7_dense_prefix_n16,fixed_schedule,23,65536,90.171,1280,0,0,1
opt_f2_poly_dot,a3_b7_dense_prefix_n16,public_fused,23,65536,84.600,1280,0,0,1
opt_f2_poly_dot,a3_b7_dense_prefix_n16,production_zero_skip,23,65536,88.943,1280,0,0,1
opt_f2_poly_dot,a3_b7_dense_prefix_n16,public_scan,23,65536,84.546,1280,0,0,1
opt_f2_poly_dot,a3_b7_dense_prefix_n16,public_blocks8,23,65536,91.242,1280,0,0,1
opt_f2_poly_dot,a3_b7_dense_prefix_n16,public_adaptive,23,65536,93.122,1280,0,0,1
opt_f2_poly_dot,a3_b7_dense_prefix_n16,public_classified,23,65536,69.925,1280,0,0,1
opt_f2_poly_dot,a3_b7_dense_prefix_n16,public_masks,23,65536,78.126,1280,0,0,1
opt_f2_poly_dot,a3_b7_dense_prefix_n16,public_blocks8,24,65536,87.079,1280,0,0,1
opt_f2_poly_dot,a3_b7_dense_prefix_n16,public_adaptive,24,65536,87.934,1280,0,0,1
opt_f2_poly_dot,a3_b7_dense_prefix_n16,row_density,24,65536,66.012,1280,0,0,1
opt_f2_poly_dot,a3_b7_dense_prefix_n16,public_fused,24,65536,78.155,1280,0,0,1
opt_f2_poly_dot,a3_b7_dense_prefix_n16,public_blocks32,24,65536,82.891,1280,0,0,1
opt_f2_poly_dot,a3_b7_dense_prefix_n16,public_classified,24,65536,66.045,1280,0,0,1
opt_f2_poly_dot,a3_b7_dense_prefix_n16,fixed_schedule,24,65536,84.973,1280,0,0,1
opt_f2_poly_dot,a3_b7_dense_prefix_n16,public_masks,24,65536,73.018,1280,0,0,1
opt_f2_poly_dot,a3_b7_dense_prefix_n16,production_zero_skip,24,65536,82.150,1280,0,0,1
opt_f2_poly_dot,a3_b7_dense_prefix_n16,public_scan,24,65536,79.449,1280,0,0,1
opt_f2_poly_dot,a3_b7_dense_prefix_n16,public_scan,25,65536,79.513,1280,0,0,1
opt_f2_poly_dot,a3_b7_dense_prefix_n16,row_density,25,65536,66.046,1280,0,0,1
opt_f2_poly_dot,a3_b7_dense_prefix_n16,public_fused,25,65536,77.822,1280,0,0,1
opt_f2_poly_dot,a3_b7_dense_prefix_n16,public_adaptive,25,65536,88.296,1280,0,0,1
opt_f2_poly_dot,a3_b7_dense_prefix_n16,fixed_schedule,25,65536,86.523,1280,0,0,1
opt_f2_poly_dot,a3_b7_dense_prefix_n16,production_zero_skip,25,65536,82.478,1280,0,0,1
opt_f2_poly_dot,a3_b7_dense_prefix_n16,public_blocks8,25,65536,86.093,1280,0,0,1
opt_f2_poly_dot,a3_b7_dense_prefix_n16,public_blocks32,25,65536,83.539,1280,0,0,1
opt_f2_poly_dot,a3_b7_dense_prefix_n16,public_classified,25,65536,66.458,1280,0,0,1
opt_f2_poly_dot,a3_b7_dense_prefix_n16,public_masks,25,65536,72.827,1280,0,0,1
opt_f2_poly_dot,a3_b7_dense_prefix_n16,fixed_schedule,26,65536,85.148,1280,0,0,1
opt_f2_poly_dot,a3_b7_dense_prefix_n16,row_density,26,65536,65.943,1280,0,0,1
opt_f2_poly_dot,a3_b7_dense_prefix_n16,public_adaptive,26,65536,88.102,1280,0,0,1
opt_f2_poly_dot,a3_b7_dense_prefix_n16,public_fused,26,65536,80.039,1280,0,0,1
opt_f2_poly_dot,a3_b7_dense_prefix_n16,public_blocks8,26,65536,89.051,1280,0,0,1
opt_f2_poly_dot,a3_b7_dense_prefix_n16,public_blocks32,26,65536,89.532,1280,0,0,1
opt_f2_poly_dot,a3_b7_dense_prefix_n16,public_masks,26,65536,78.543,1280,0,0,1
opt_f2_poly_dot,a3_b7_dense_prefix_n16,production_zero_skip,26,65536,84.527,1280,0,0,1
opt_f2_poly_dot,a3_b7_dense_prefix_n16,public_classified,26,65536,69.895,1280,0,0,1
opt_f2_poly_dot,a3_b7_dense_prefix_n16,public_scan,26,65536,82.445,1280,0,0,1
opt_f2_poly_dot,a3_b7_dense_prefix_n16,public_blocks8,27,65536,91.501,1280,0,0,1
opt_f2_poly_dot,a3_b7_dense_prefix_n16,fixed_schedule,27,65536,90.148,1280,0,0,1
opt_f2_poly_dot,a3_b7_dense_prefix_n16,public_scan,27,65536,84.112,1280,0,0,1
opt_f2_poly_dot,a3_b7_dense_prefix_n16,public_classified,27,65536,70.392,1280,0,0,1
opt_f2_poly_dot,a3_b7_dense_prefix_n16,public_masks,27,65536,75.595,1280,0,0,1
opt_f2_poly_dot,a3_b7_dense_prefix_n16,production_zero_skip,27,65536,83.455,1280,0,0,1
opt_f2_poly_dot,a3_b7_dense_prefix_n16,row_density,27,65536,70.322,1280,0,0,1
opt_f2_poly_dot,a3_b7_dense_prefix_n16,public_adaptive,27,65536,91.953,1280,0,0,1
opt_f2_poly_dot,a3_b7_dense_prefix_n16,public_fused,27,65536,83.754,1280,0,0,1
opt_f2_poly_dot,a3_b7_dense_prefix_n16,public_blocks32,27,65536,89.500,1280,0,0,1
opt_f2_poly_dot,a3_b7_dense_prefix_n16,public_blocks8,28,65536,90.185,1280,0,0,1
opt_f2_poly_dot,a3_b7_dense_prefix_n16,public_blocks32,28,65536,87.913,1280,0,0,1
opt_f2_poly_dot,a3_b7_dense_prefix_n16,fixed_schedule,28,65536,94.964,1280,0,0,1
opt_f2_poly_dot,a3_b7_dense_prefix_n16,public_scan,28,65536,85.031,1280,0,0,1
opt_f2_poly_dot,a3_b7_dense_prefix_n16,public_masks,28,65536,78.419,1280,0,0,1
opt_f2_poly_dot,a3_b7_dense_prefix_n16,public_classified,28,65536,69.805,1280,0,0,1
opt_f2_poly_dot,a3_b7_dense_prefix_n16,production_zero_skip,28,65536,85.442,1280,0,0,1
opt_f2_poly_dot,a3_b7_dense_prefix_n16,row_density,28,65536,66.614,1280,0,0,1
opt_f2_poly_dot,a3_b7_dense_prefix_n16,public_adaptive,28,65536,87.906,1280,0,0,1
opt_f2_poly_dot,a3_b7_dense_prefix_n16,public_fused,28,65536,78.216,1280,0,0,1
opt_f2_poly_dot,a3_b7_dense_prefix_n16,fixed_schedule,29,65536,87.401,1280,0,0,1
opt_f2_poly_dot,a3_b7_dense_prefix_n16,production_zero_skip,29,65536,82.680,1280,0,0,1
opt_f2_poly_dot,a3_b7_dense_prefix_n16,public_blocks32,29,65536,83.268,1280,0,0,1
opt_f2_poly_dot,a3_b7_dense_prefix_n16,public_adaptive,29,65536,88.126,1280,0,0,1
opt_f2_poly_dot,a3_b7_dense_prefix_n16,public_fused,29,65536,80.015,1280,0,0,1
opt_f2_poly_dot,a3_b7_dense_prefix_n16,public_masks,29,65536,74.207,1280,0,0,1
opt_f2_poly_dot,a3_b7_dense_prefix_n16,public_blocks8,29,65536,85.086,1280,0,0,1
opt_f2_poly_dot,a3_b7_dense_prefix_n16,row_density,29,65536,66.154,1280,0,0,1
opt_f2_poly_dot,a3_b7_dense_prefix_n16,public_classified,29,65536,65.854,1280,0,0,1
opt_f2_poly_dot,a3_b7_dense_prefix_n16,public_scan,29,65536,80.664,1280,0,0,1
opt_f2_poly_dot,a3_b7_dense_prefix_n16,production_zero_skip,30,65536,82.377,1280,0,0,1
opt_f2_poly_dot,a3_b7_dense_prefix_n16,row_density,30,65536,66.294,1280,0,0,1
opt_f2_poly_dot,a3_b7_dense_prefix_n16,public_masks,30,65536,73.245,1280,0,0,1
opt_f2_poly_dot,a3_b7_dense_prefix_n16,public_classified,30,65536,66.192,1280,0,0,1
opt_f2_poly_dot,a3_b7_dense_prefix_n16,public_adaptive,30,65536,88.732,1280,0,0,1
opt_f2_poly_dot,a3_b7_dense_prefix_n16,public_fused,30,65536,78.163,1280,0,0,1
opt_f2_poly_dot,a3_b7_dense_prefix_n16,fixed_schedule,30,65536,85.165,1280,0,0,1
opt_f2_poly_dot,a3_b7_dense_prefix_n16,public_scan,30,65536,81.624,1280,0,0,1
opt_f2_poly_dot,a3_b7_dense_prefix_n16,public_blocks32,30,65536,83.886,1280,0,0,1
opt_f2_poly_dot,a3_b7_dense_prefix_n16,public_blocks8,30,65536,85.943,1280,0,0,1
opt_f2_poly_dot,a3_b7_dense_prefix_n16,public_adaptive,31,65536,88.111,1280,0,0,1
opt_f2_poly_dot,a3_b7_dense_prefix_n16,row_density,31,65536,66.585,1280,0,0,1
opt_f2_poly_dot,a3_b7_dense_prefix_n16,fixed_schedule,31,65536,85.723,1280,0,0,1
opt_f2_poly_dot,a3_b7_dense_prefix_n16,public_blocks8,31,65536,85.344,1280,0,0,1
opt_f2_poly_dot,a3_b7_dense_prefix_n16,public_classified,31,65536,69.449,1280,0,0,1
opt_f2_poly_dot,a3_b7_dense_prefix_n16,public_fused,31,65536,82.457,1280,0,0,1
opt_f2_poly_dot,a3_b7_dense_prefix_n16,public_blocks32,31,65536,85.141,1280,0,0,1
opt_f2_poly_dot,a3_b7_dense_prefix_n16,production_zero_skip,31,65536,88.548,1280,0,0,1
opt_f2_poly_dot,a3_b7_dense_prefix_n16,public_masks,31,65536,76.280,1280,0,0,1
opt_f2_poly_dot,a3_b7_dense_prefix_n16,public_scan,31,65536,81.079,1280,0,0,1
opt_f2_poly_dot,a3_b7_dense_prefix_n1024,row_density,0,1024,5210.775,81920,0,0,1
opt_f2_poly_dot,a3_b7_dense_prefix_n1024,public_adaptive,0,1024,6846.802,81920,0,0,1
opt_f2_poly_dot,a3_b7_dense_prefix_n1024,public_blocks8,0,1024,3622.843,81920,0,0,1
opt_f2_poly_dot,a3_b7_dense_prefix_n1024,public_scan,0,1024,3388.632,81920,0,0,1
opt_f2_poly_dot,a3_b7_dense_prefix_n1024,public_masks,0,1024,3943.074,81920,0,0,1
opt_f2_poly_dot,a3_b7_dense_prefix_n1024,public_blocks32,0,1024,3124.837,81920,0,0,1
opt_f2_poly_dot,a3_b7_dense_prefix_n1024,public_fused,0,1024,3223.877,81920,0,0,1
opt_f2_poly_dot,a3_b7_dense_prefix_n1024,fixed_schedule,0,1024,7144.897,81920,0,0,1
opt_f2_poly_dot,a3_b7_dense_prefix_n1024,production_zero_skip,0,1024,3847.330,81920,0,0,1
opt_f2_poly_dot,a3_b7_dense_prefix_n1024,public_classified,0,1024,5270.590,81920,0,0,1
opt_f2_poly_dot,a3_b7_dense_prefix_n1024,public_masks,1,1024,4006.021,81920,0,0,1
opt_f2_poly_dot,a3_b7_dense_prefix_n1024,row_density,1,1024,5259.074,81920,0,0,1
opt_f2_poly_dot,a3_b7_dense_prefix_n1024,public_blocks8,1,1024,3704.184,81920,0,0,1
opt_f2_poly_dot,a3_b7_dense_prefix_n1024,production_zero_skip,1,1024,3789.307,81920,0,0,1
opt_f2_poly_dot,a3_b7_dense_prefix_n1024,public_blocks32,1,1024,3564.615,81920,0,0,1
opt_f2_poly_dot,a3_b7_dense_prefix_n1024,public_classified,1,1024,5467.285,81920,0,0,1
opt_f2_poly_dot,a3_b7_dense_prefix_n1024,public_fused,1,1024,3300.252,81920,0,0,1
opt_f2_poly_dot,a3_b7_dense_prefix_n1024,fixed_schedule,1,1024,7196.289,81920,0,0,1
opt_f2_poly_dot,a3_b7_dense_prefix_n1024,public_adaptive,1,1024,6837.158,81920,0,0,1
opt_f2_poly_dot,a3_b7_dense_prefix_n1024,public_scan,1,1024,3088.054,81920,0,0,1
opt_f2_poly_dot,a3_b7_dense_prefix_n1024,public_blocks8,2,1024,3664.551,81920,0,0,1
opt_f2_poly_dot,a3_b7_dense_prefix_n1024,fixed_schedule,2,1024,6669.107,81920,0,0,1
opt_f2_poly_dot,a3_b7_dense_prefix_n1024,production_zero_skip,2,1024,3706.177,81920,0,0,1
opt_f2_poly_dot,a3_b7_dense_prefix_n1024,public_scan,2,1024,3252.075,81920,0,0,1
opt_f2_poly_dot,a3_b7_dense_prefix_n1024,public_blocks32,2,1024,3206.461,81920,0,0,1
opt_f2_poly_dot,a3_b7_dense_prefix_n1024,public_fused,2,1024,2990.479,81920,0,0,1
opt_f2_poly_dot,a3_b7_dense_prefix_n1024,public_masks,2,1024,3826.945,81920,0,0,1
opt_f2_poly_dot,a3_b7_dense_prefix_n1024,row_density,2,1024,5151.164,81920,0,0,1
opt_f2_poly_dot,a3_b7_dense_prefix_n1024,public_adaptive,2,1024,6654.582,81920,0,0,1
opt_f2_poly_dot,a3_b7_dense_prefix_n1024,public_classified,2,1024,5133.749,81920,0,0,1
opt_f2_poly_dot,a3_b7_dense_prefix_n1024,production_zero_skip,3,1024,3458.211,81920,0,0,1
opt_f2_poly_dot,a3_b7_dense_prefix_n1024,fixed_schedule,3,1024,6603.964,81920,0,0,1
opt_f2_poly_dot,a3_b7_dense_prefix_n1024,row_density,3,1024,5014.688,81920,0,0,1
opt_f2_poly_dot,a3_b7_dense_prefix_n1024,public_masks,3,1024,3818.441,81920,0,0,1
opt_f2_poly_dot,a3_b7_dense_prefix_n1024,public_blocks32,3,1024,3122.559,81920,0,0,1
opt_f2_poly_dot,a3_b7_dense_prefix_n1024,public_classified,3,1024,5185.913,81920,0,0,1
opt_f2_poly_dot,a3_b7_dense_prefix_n1024,public_fused,3,1024,3196.492,81920,0,0,1
opt_f2_poly_dot,a3_b7_dense_prefix_n1024,public_scan,3,1024,3062.052,81920,0,0,1
opt_f2_poly_dot,a3_b7_dense_prefix_n1024,public_adaptive,3,1024,6808.023,81920,0,0,1
opt_f2_poly_dot,a3_b7_dense_prefix_n1024,public_blocks8,3,1024,3667.480,81920,0,0,1
opt_f2_poly_dot,a3_b7_dense_prefix_n1024,fixed_schedule,4,1024,6828.247,81920,0,0,1
opt_f2_poly_dot,a3_b7_dense_prefix_n1024,public_blocks32,4,1024,3179.973,81920,0,0,1
opt_f2_poly_dot,a3_b7_dense_prefix_n1024,public_masks,4,1024,3967.936,81920,0,0,1
opt_f2_poly_dot,a3_b7_dense_prefix_n1024,public_blocks8,4,1024,3579.631,81920,0,0,1
opt_f2_poly_dot,a3_b7_dense_prefix_n1024,production_zero_skip,4,1024,3592.488,81920,0,0,1
opt_f2_poly_dot,a3_b7_dense_prefix_n1024,public_adaptive,4,1024,6710.815,81920,0,0,1
opt_f2_poly_dot,a3_b7_dense_prefix_n1024,public_classified,4,1024,5122.355,81920,0,0,1
opt_f2_poly_dot,a3_b7_dense_prefix_n1024,public_scan,4,1024,3049.275,81920,0,0,1
opt_f2_poly_dot,a3_b7_dense_prefix_n1024,public_fused,4,1024,3020.793,81920,0,0,1
opt_f2_poly_dot,a3_b7_dense_prefix_n1024,row_density,4,1024,5094.890,81920,0,0,1
opt_f2_poly_dot,a3_b7_dense_prefix_n1024,public_masks,5,1024,3809.896,81920,0,0,1
opt_f2_poly_dot,a3_b7_dense_prefix_n1024,public_blocks32,5,1024,3068.278,81920,0,0,1
opt_f2_poly_dot,a3_b7_dense_prefix_n1024,public_classified,5,1024,5179.770,81920,0,0,1
opt_f2_poly_dot,a3_b7_dense_prefix_n1024,public_blocks8,5,1024,3627.197,81920,0,0,1
opt_f2_poly_dot,a3_b7_dense_prefix_n1024,public_fused,5,1024,2956.747,81920,0,0,1
opt_f2_poly_dot,a3_b7_dense_prefix_n1024,public_adaptive,5,1024,6588.908,81920,0,0,1
opt_f2_poly_dot,a3_b7_dense_prefix_n1024,public_scan,5,1024,2961.264,81920,0,0,1
opt_f2_poly_dot,a3_b7_dense_prefix_n1024,fixed_schedule,5,1024,6595.987,81920,0,0,1
opt_f2_poly_dot,a3_b7_dense_prefix_n1024,row_density,5,1024,5296.143,81920,0,0,1
opt_f2_poly_dot,a3_b7_dense_prefix_n1024,production_zero_skip,5,1024,3684.854,81920,0,0,1
opt_f2_poly_dot,a3_b7_dense_prefix_n1024,fixed_schedule,6,1024,6467.285,81920,0,0,1
opt_f2_poly_dot,a3_b7_dense_prefix_n1024,row_density,6,1024,5305.745,81920,0,0,1
opt_f2_poly_dot,a3_b7_dense_prefix_n1024,public_adaptive,6,1024,7013.550,81920,0,0,1
opt_f2_poly_dot,a3_b7_dense_prefix_n1024,public_masks,6,1024,4063.680,81920,0,0,1
opt_f2_poly_dot,a3_b7_dense_prefix_n1024,public_blocks32,6,1024,3671.997,81920,0,0,1
opt_f2_poly_dot,a3_b7_dense_prefix_n1024,public_fused,6,1024,3317.668,81920,0,0,1
opt_f2_poly_dot,a3_b7_dense_prefix_n1024,public_classified,6,1024,5309.163,81920,0,0,1
opt_f2_poly_dot,a3_b7_dense_prefix_n1024,public_blocks8,6,1024,3731.567,81920,0,0,1
opt_f2_poly_dot,a3_b7_dense_prefix_n1024,public_scan,6,1024,3247.314,81920,0,0,1
opt_f2_poly_dot,a3_b7_dense_prefix_n1024,production_zero_skip,6,1024,4067.708,81920,0,0,1
opt_f2_poly_dot,a3_b7_dense_prefix_n1024,public_masks,7,1024,3961.426,81920,0,0,1
opt_f2_poly_dot,a3_b7_dense_prefix_n1024,public_blocks32,7,1024,3245.483,81920,0,0,1
opt_f2_poly_dot,a3_b7_dense_prefix_n1024,public_classified,7,1024,5444.499,81920,0,0,1
opt_f2_poly_dot,a3_b7_dense_prefix_n1024,public_scan,7,1024,3147.095,81920,0,0,1
opt_f2_poly_dot,a3_b7_dense_prefix_n1024,row_density,7,1024,5241.781,81920,0,0,1
opt_f2_poly_dot,a3_b7_dense_prefix_n1024,public_blocks8,7,1024,3722.534,81920,0,0,1
opt_f2_poly_dot,a3_b7_dense_prefix_n1024,fixed_schedule,7,1024,6905.191,81920,0,0,1
opt_f2_poly_dot,a3_b7_dense_prefix_n1024,public_fused,7,1024,2981.771,81920,0,0,1
opt_f2_poly_dot,a3_b7_dense_prefix_n1024,public_adaptive,7,1024,6589.804,81920,0,0,1
opt_f2_poly_dot,a3_b7_dense_prefix_n1024,production_zero_skip,7,1024,3564.575,81920,0,0,1
opt_f2_poly_dot,a3_b7_dense_prefix_n1024,public_blocks8,8,1024,3760.620,81920,0,0,1
opt_f2_poly_dot,a3_b7_dense_prefix_n1024,row_density,8,1024,5067.708,81920,0,0,1
opt_f2_poly_dot,a3_b7_dense_prefix_n1024,public_classified,8,1024,5061.646,81920,0,0,1
opt_f2_poly_dot,a3_b7_dense_prefix_n1024,public_adaptive,8,1024,6588.867,81920,0,0,1
opt_f2_poly_dot,a3_b7_dense_prefix_n1024,public_blocks32,8,1024,3092.245,81920,0,0,1
opt_f2_poly_dot,a3_b7_dense_prefix_n1024,public_fused,8,1024,3000.488,81920,0,0,1
opt_f2_poly_dot,a3_b7_dense_prefix_n1024,production_zero_skip,8,1024,3483.765,81920,0,0,1
opt_f2_poly_dot,a3_b7_dense_prefix_n1024,public_masks,8,1024,3762.288,81920,0,0,1
opt_f2_poly_dot,a3_b7_dense_prefix_n1024,fixed_schedule,8,1024,6565.145,81920,0,0,1
opt_f2_poly_dot,a3_b7_dense_prefix_n1024,public_scan,8,1024,3044.556,81920,0,0,1
opt_f2_poly_dot,a3_b7_dense_prefix_n1024,production_zero_skip,9,1024,3435.751,81920,0,0,1
opt_f2_poly_dot,a3_b7_dense_prefix_n1024,public_classified,9,1024,5240.642,81920,0,0,1
opt_f2_poly_dot,a3_b7_dense_prefix_n1024,row_density,9,1024,5386.027,81920,0,0,1
opt_f2_poly_dot,a3_b7_dense_prefix_n1024,public_blocks32,9,1024,3373.291,81920,0,0,1
opt_f2_poly_dot,a3_b7_dense_prefix_n1024,public_scan,9,1024,3145.792,81920,0,0,1
opt_f2_poly_dot,a3_b7_dense_prefix_n1024,public_masks,9,1024,3970.499,81920,0,0,1
opt_f2_poly_dot,a3_b7_dense_prefix_n1024,fixed_schedule,9,1024,7010.214,81920,0,0,1
opt_f2_poly_dot,a3_b7_dense_prefix_n1024,public_blocks8,9,1024,3684.407,81920,0,0,1
opt_f2_poly_dot,a3_b7_dense_prefix_n1024,public_fused,9,1024,3138.224,81920,0,0,1
opt_f2_poly_dot,a3_b7_dense_prefix_n1024,public_adaptive,9,1024,6984.822,81920,0,0,1
opt_f2_poly_dot,a3_b7_dense_prefix_n1024,fixed_schedule,10,1024,6983.316,81920,0,0,1
opt_f2_poly_dot,a3_b7_dense_prefix_n1024,public_classified,10,1024,5406.087,81920,0,0,1
opt_f2_poly_dot,a3_b7_dense_prefix_n1024,public_masks,10,1024,4169.352,81920,0,0,1
opt_f2_poly_dot,a3_b7_dense_prefix_n1024,public_scan,10,1024,3379.191,81920,0,0,1
opt_f2_poly_dot,a3_b7_dense_prefix_n1024,row_density,10,1024,5171.631,81920,0,0,1
opt_f2_poly_dot,a3_b7_dense_prefix_n1024,public_blocks8,10,1024,3515.055,81920,0,0,1
opt_f2_poly_dot,a3_b7_dense_prefix_n1024,public_fused,10,1024,3006.063,81920,0,0,1
opt_f2_poly_dot,a3_b7_dense_prefix_n1024,public_blocks32,10,1024,3215.902,81920,0,0,1
opt_f2_poly_dot,a3_b7_dense_prefix_n1024,production_zero_skip,10,1024,3427.856,81920,0,0,1
opt_f2_poly_dot,a3_b7_dense_prefix_n1024,public_adaptive,10,1024,6707.275,81920,0,0,1
opt_f2_poly_dot,a3_b7_dense_prefix_n1024,row_density,11,1024,5438.069,81920,0,0,1
opt_f2_poly_dot,a3_b7_dense_prefix_n1024,production_zero_skip,11,1024,3607.015,81920,0,0,1
opt_f2_poly_dot,a3_b7_dense_prefix_n1024,public_classified,11,1024,5398.804,81920,0,0,1
opt_f2_poly_dot,a3_b7_dense_prefix_n1024,public_adaptive,11,1024,7072.632,81920,0,0,1
opt_f2_poly_dot,a3_b7_dense_prefix_n1024,public_blocks8,11,1024,3674.967,81920,0,0,1
opt_f2_poly_dot,a3_b7_dense_prefix_n1024,public_fused,11,1024,3149.292,81920,0,0,1
opt_f2_poly_dot,a3_b7_dense_prefix_n1024,fixed_schedule,11,1024,6958.536,81920,0,0,1
opt_f2_poly_dot,a3_b7_dense_prefix_n1024,public_scan,11,1024,3464.030,81920,0,0,1
opt_f2_poly_dot,a3_b7_dense_prefix_n1024,public_blocks32,11,1024,3222.006,81920,0,0,1
opt_f2_poly_dot,a3_b7_dense_prefix_n1024,public_masks,11,1024,3891.927,81920,0,0,1
opt_f2_poly_dot,a3_b7_dense_prefix_n1024,public_classified,12,1024,5353.271,81920,0,0,1
opt_f2_poly_dot,a3_b7_dense_prefix_n1024,public_fused,12,1024,3379.395,81920,0,0,1
opt_f2_poly_dot,a3_b7_dense_prefix_n1024,public_blocks32,12,1024,3341.715,81920,0,0,1
opt_f2_poly_dot,a3_b7_dense_prefix_n1024,production_zero_skip,12,1024,3481.975,81920,0,0,1
opt_f2_poly_dot,a3_b7_dense_prefix_n1024,public_masks,12,1024,3821.248,81920,0,0,1
opt_f2_poly_dot,a3_b7_dense_prefix_n1024,public_adaptive,12,1024,6642.415,81920,0,0,1
opt_f2_poly_dot,a3_b7_dense_prefix_n1024,row_density,12,1024,5074.178,81920,0,0,1
opt_f2_poly_dot,a3_b7_dense_prefix_n1024,public_scan,12,1024,2976.562,81920,0,0,1
opt_f2_poly_dot,a3_b7_dense_prefix_n1024,public_blocks8,12,1024,3605.754,81920,0,0,1
opt_f2_poly_dot,a3_b7_dense_prefix_n1024,fixed_schedule,12,1024,6867.838,81920,0,0,1
opt_f2_poly_dot,a3_b7_dense_prefix_n1024,public_fused,13,1024,3043.538,81920,0,0,1
opt_f2_poly_dot,a3_b7_dense_prefix_n1024,row_density,13,1024,5383.464,81920,0,0,1
opt_f2_poly_dot,a3_b7_dense_prefix_n1024,fixed_schedule,13,1024,7029.215,81920,0,0,1
opt_f2_poly_dot,a3_b7_dense_prefix_n1024,public_blocks8,13,1024,3865.723,81920,0,0,1
opt_f2_poly_dot,a3_b7_dense_prefix_n1024,public_blocks32,13,1024,3252.441,81920,0,0,1
opt_f2_poly_dot,a3_b7_dense_prefix_n1024,public_scan,13,1024,3210.611,81920,0,0,1
opt_f2_poly_dot,a3_b7_dense_prefix_n1024,public_masks,13,1024,3975.017,81920,0,0,1
opt_f2_poly_dot,a3_b7_dense_prefix_n1024,production_zero_skip,13,1024,3932.373,81920,0,0,1
opt_f2_poly_dot,a3_b7_dense_prefix_n1024,public_adaptive,13,1024,7050.984,81920,0,0,1
opt_f2_poly_dot,a3_b7_dense_prefix_n1024,public_classified,13,1024,5432.170,81920,0,0,1
opt_f2_poly_dot,a3_b7_dense_prefix_n1024,public_fused,14,1024,3127.848,81920,0,0,1
opt_f2_poly_dot,a3_b7_dense_prefix_n1024,production_zero_skip,14,1024,3597.046,81920,0,0,1
opt_f2_poly_dot,a3_b7_dense_prefix_n1024,public_blocks8,14,1024,3566.936,81920,0,0,1
opt_f2_poly_dot,a3_b7_dense_prefix_n1024,public_classified,14,1024,5199.260,81920,0,0,1
opt_f2_poly_dot,a3_b7_dense_prefix_n1024,public_adaptive,14,1024,6636.597,81920,0,0,1
opt_f2_poly_dot,a3_b7_dense_prefix_n1024,public_scan,14,1024,2982.666,81920,0,0,1
opt_f2_poly_dot,a3_b7_dense_prefix_n1024,row_density,14,1024,5118.693,81920,0,0,1
opt_f2_poly_dot,a3_b7_dense_prefix_n1024,public_masks,14,1024,3818.767,81920,0,0,1
opt_f2_poly_dot,a3_b7_dense_prefix_n1024,public_blocks32,14,1024,3124.390,81920,0,0,1
opt_f2_poly_dot,a3_b7_dense_prefix_n1024,fixed_schedule,14,1024,6588.867,81920,0,0,1
opt_f2_poly_dot,a3_b7_dense_prefix_n1024,public_blocks8,15,1024,3457.845,81920,0,0,1
opt_f2_poly_dot,a3_b7_dense_prefix_n1024,public_masks,15,1024,3764.526,81920,0,0,1
opt_f2_poly_dot,a3_b7_dense_prefix_n1024,production_zero_skip,15,1024,3451.416,81920,0,0,1
opt_f2_poly_dot,a3_b7_dense_prefix_n1024,public_classified,15,1024,5149.536,81920,0,0,1
opt_f2_poly_dot,a3_b7_dense_prefix_n1024,fixed_schedule,15,1024,6733.438,81920,0,0,1
opt_f2_poly_dot,a3_b7_dense_prefix_n1024,public_scan,15,1024,3001.058,81920,0,0,1
opt_f2_poly_dot,a3_b7_dense_prefix_n1024,public_fused,15,1024,2963.176,81920,0,0,1
opt_f2_poly_dot,a3_b7_dense_prefix_n1024,public_adaptive,15,1024,6706.381,81920,0,0,1
opt_f2_poly_dot,a3_b7_dense_prefix_n1024,public_blocks32,15,1024,3130.778,81920,0,0,1
opt_f2_poly_dot,a3_b7_dense_prefix_n1024,row_density,15,1024,5109.212,81920,0,0,1
opt_f2_poly_dot,a3_b7_dense_prefix_n1024,public_blocks8,16,1024,3571.818,81920,0,0,1
opt_f2_poly_dot,a3_b7_dense_prefix_n1024,fixed_schedule,16,1024,6562.337,81920,0,0,1
opt_f2_poly_dot,a3_b7_dense_prefix_n1024,row_density,16,1024,5252.116,81920,0,0,1
opt_f2_poly_dot,a3_b7_dense_prefix_n1024,public_masks,16,1024,3996.704,81920,0,0,1
opt_f2_poly_dot,a3_b7_dense_prefix_n1024,public_scan,16,1024,3258.952,81920,0,0,1
opt_f2_poly_dot,a3_b7_dense_prefix_n1024,public_classified,16,1024,5483.195,81920,0,0,1
opt_f2_poly_dot,a3_b7_dense_prefix_n1024,public_fused,16,1024,3310.222,81920,0,0,1
opt_f2_poly_dot,a3_b7_dense_prefix_n1024,public_blocks32,16,1024,3434.651,81920,0,0,1
opt_f2_poly_dot,a3_b7_dense_prefix_n1024,public_adaptive,16,1024,7304.688,81920,0,0,1
opt_f2_poly_dot,a3_b7_dense_prefix_n1024,production_zero_skip,16,1024,3731.201,81920,0,0,1
opt_f2_poly_dot,a3_b7_dense_prefix_n1024,public_adaptive,17,1024,7240.926,81920,0,0,1
opt_f2_poly_dot,a3_b7_dense_prefix_n1024,row_density,17,1024,5314.575,81920,0,0,1
opt_f2_poly_dot,a3_b7_dense_prefix_n1024,public_blocks32,17,1024,3337.687,81920,0,0,1
opt_f2_poly_dot,a3_b7_dense_prefix_n1024,public_blocks8,17,1024,3777.873,81920,0,0,1
opt_f2_poly_dot,a3_b7_dense_prefix_n1024,public_classified,17,1024,5447.998,81920,0,0,1
opt_f2_poly_dot,a3_b7_dense_prefix_n1024,public_scan,17,1024,3130.655,81920,0,0,1
opt_f2_poly_dot,a3_b7_dense_prefix_n1024,public_fused,17,1024,3110.840,81920,0,0,1
opt_f2_poly_dot,a3_b7_dense_prefix_n1024,fixed_schedule,17,1024,6932.292,81920,0,0,1
opt_f2_poly_dot,a3_b7_dense_prefix_n1024,production_zero_skip,17,1024,3578.897,81920,0,0,1
opt_f2_poly_dot,a3_b7_dense_prefix_n1024,public_masks,17,1024,3790.527,81920,0,0,1
opt_f2_poly_dot,a3_b7_dense_prefix_n1024,public_adaptive,18,1024,6586.345,81920,0,0,1
opt_f2_poly_dot,a3_b7_dense_prefix_n1024,row_density,18,1024,5063.069,81920,0,0,1
opt_f2_poly_dot,a3_b7_dense_prefix_n1024,public_masks,18,1024,3742.554,81920,0,0,1
opt_f2_poly_dot,a3_b7_dense_prefix_n1024,production_zero_skip,18,1024,3503.987,81920,0,0,1
opt_f2_poly_dot,a3_b7_dense_prefix_n1024,public_blocks8,18,1024,3547.688,81920,0,0,1
opt_f2_poly_dot,a3_b7_dense_prefix_n1024,fixed_schedule,18,1024,6841.228,81920,0,0,1
opt_f2_poly_dot,a3_b7_dense_prefix_n1024,public_classified,18,1024,5382.121,81920,0,0,1
opt_f2_poly_dot,a3_b7_dense_prefix_n1024,public_scan,18,1024,3140.503,81920,0,0,1
opt_f2_poly_dot,a3_b7_dense_prefix_n1024,public_fused,18,1024,2996.094,81920,0,0,1
opt_f2_poly_dot,a3_b7_dense_prefix_n1024,public_blocks32,18,1024,3155.396,81920,0,0,1
opt_f2_poly_dot,a3_b7_dense_prefix_n1024,fixed_schedule,19,1024,6663.249,81920,0,0,1
opt_f2_poly_dot,a3_b7_dense_prefix_n1024,public_blocks8,19,1024,3988.851,81920,0,0,1
opt_f2_poly_dot,a3_b7_dense_prefix_n1024,public_adaptive,19,1024,7155.151,81920,0,0,1
opt_f2_poly_dot,a3_b7_dense_prefix_n1024,public_scan,19,1024,3147.705,81920,0,0,1
opt_f2_poly_dot,a3_b7_dense_prefix_n1024,production_zero_skip,19,1024,3564.453,81920,0,0,1
opt_f2_poly_dot,a3_b7_dense_prefix_n1024,public_classified,19,1024,5450.398,81920,0,0,1
opt_f2_poly_dot,a3_b7_dense_prefix_n1024,public_blocks32,19,1024,3953.328,81920,0,0,1
opt_f2_poly_dot,a3_b7_dense_prefix_n1024,public_masks,19,1024,4005.045,81920,0,0,1
opt_f2_poly_dot,a3_b7_dense_prefix_n1024,row_density,19,1024,5435.791,81920,0,0,1
opt_f2_poly_dot,a3_b7_dense_prefix_n1024,public_fused,19,1024,3251.993,81920,0,0,1
opt_f2_poly_dot,a3_b7_dense_prefix_n1024,public_blocks32,20,1024,3605.957,81920,0,0,1
opt_f2_poly_dot,a3_b7_dense_prefix_n1024,public_adaptive,20,1024,7151.978,81920,0,0,1
opt_f2_poly_dot,a3_b7_dense_prefix_n1024,row_density,20,1024,5393.351,81920,0,0,1
opt_f2_poly_dot,a3_b7_dense_prefix_n1024,fixed_schedule,20,1024,6782.553,81920,0,0,1
opt_f2_poly_dot,a3_b7_dense_prefix_n1024,production_zero_skip,20,1024,3434.082,81920,0,0,1
opt_f2_poly_dot,a3_b7_dense_prefix_n1024,public_blocks8,20,1024,3437.338,81920,0,0,1
opt_f2_poly_dot,a3_b7_dense_prefix_n1024,public_masks,20,1024,3967.610,81920,0,0,1
opt_f2_poly_dot,a3_b7_dense_prefix_n1024,public_classified,20,1024,5188.151,81920,0,0,1
opt_f2_poly_dot,a3_b7_dense_prefix_n1024,public_fused,20,1024,3104.695,81920,0,0,1
opt_f2_poly_dot,a3_b7_dense_prefix_n1024,public_scan,20,1024,3091.472,81920,0,0,1
opt_f2_poly_dot,a3_b7_dense_prefix_n1024,public_classified,21,1024,5240.071,81920,0,0,1
opt_f2_poly_dot,a3_b7_dense_prefix_n1024,row_density,21,1024,5843.506,81920,0,0,1
opt_f2_poly_dot,a3_b7_dense_prefix_n1024,public_fused,21,1024,3504.395,81920,0,0,1
opt_f2_poly_dot,a3_b7_dense_prefix_n1024,public_adaptive,21,1024,7126.668,81920,0,0,1
opt_f2_poly_dot,a3_b7_dense_prefix_n1024,public_blocks8,21,1024,3775.310,81920,0,0,1
opt_f2_poly_dot,a3_b7_dense_prefix_n1024,fixed_schedule,21,1024,6992.513,81920,0,0,1
opt_f2_poly_dot,a3_b7_dense_prefix_n1024,public_scan,21,1024,3139.852,81920,0,0,1
opt_f2_poly_dot,a3_b7_dense_prefix_n1024,public_masks,21,1024,4025.310,81920,0,0,1
opt_f2_poly_dot,a3_b7_dense_prefix_n1024,public_blocks32,21,1024,3347.087,81920,0,0,1
opt_f2_poly_dot,a3_b7_dense_prefix_n1024,production_zero_skip,21,1024,3701.376,81920,0,0,1
opt_f2_poly_dot,a3_b7_dense_prefix_n1024,public_blocks32,22,1024,3253.703,81920,0,0,1
opt_f2_poly_dot,a3_b7_dense_prefix_n1024,fixed_schedule,22,1024,7010.092,81920,0,0,1
opt_f2_poly_dot,a3_b7_dense_prefix_n1024,public_masks,22,1024,3965.332,81920,0,0,1
opt_f2_poly_dot,a3_b7_dense_prefix_n1024,public_scan,22,1024,2969.156,81920,0,0,1
opt_f2_poly_dot,a3_b7_dense_prefix_n1024,public_classified,22,1024,5131.795,81920,0,0,1
opt_f2_poly_dot,a3_b7_dense_prefix_n1024,public_blocks8,22,1024,3700.114,81920,0,0,1
opt_f2_poly_dot,a3_b7_dense_prefix_n1024,public_fused,22,1024,3128.093,81920,0,0,1
opt_f2_poly_dot,a3_b7_dense_prefix_n1024,row_density,22,1024,5236.531,81920,0,0,1
opt_f2_poly_dot,a3_b7_dense_prefix_n1024,production_zero_skip,22,1024,3516.927,81920,0,0,1
opt_f2_poly_dot,a3_b7_dense_prefix_n1024,public_adaptive,22,1024,7047.160,81920,0,0,1
opt_f2_poly_dot,a3_b7_dense_prefix_n1024,public_scan,23,1024,3296.712,81920,0,0,1
opt_f2_poly_dot,a3_b7_dense_prefix_n1024,fixed_schedule,23,1024,7183.187,81920,0,0,1
opt_f2_poly_dot,a3_b7_dense_prefix_n1024,public_blocks32,23,1024,3328.207,81920,0,0,1
opt_f2_poly_dot,a3_b7_dense_prefix_n1024,production_zero_skip,23,1024,3843.750,81920,0,0,1
opt_f2_poly_dot,a3_b7_dense_prefix_n1024,public_blocks8,23,1024,3993.042,81920,0,0,1
opt_f2_poly_dot,a3_b7_dense_prefix_n1024,public_classified,23,1024,5394.897,81920,0,0,1
opt_f2_poly_dot,a3_b7_dense_prefix_n1024,public_masks,23,1024,4019.002,81920,0,0,1
opt_f2_poly_dot,a3_b7_dense_prefix_n1024,public_fused,23,1024,3121.298,81920,0,0,1
opt_f2_poly_dot,a3_b7_dense_prefix_n1024,row_density,23,1024,5415.771,81920,0,0,1
opt_f2_poly_dot,a3_b7_dense_prefix_n1024,public_adaptive,23,1024,7026.774,81920,0,0,1
opt_f2_poly_dot,a3_b7_dense_prefix_n1024,fixed_schedule,24,1024,6998.779,81920,0,0,1
opt_f2_poly_dot,a3_b7_dense_prefix_n1024,public_scan,24,1024,3152.222,81920,0,0,1
opt_f2_poly_dot,a3_b7_dense_prefix_n1024,public_masks,24,1024,3882.243,81920,0,0,1
opt_f2_poly_dot,a3_b7_dense_prefix_n1024,production_zero_skip,24,1024,3491.983,81920,0,0,1
opt_f2_poly_dot,a3_b7_dense_prefix_n1024,public_adaptive,24,1024,6600.302,81920,0,0,1
opt_f2_poly_dot,a3_b7_dense_prefix_n1024,public_fused,24,1024,2978.719,81920,0,0,1
opt_f2_poly_dot,a3_b7_dense_prefix_n1024,public_blocks8,24,1024,3419.148,81920,0,0,1
opt_f2_poly_dot,a3_b7_dense_prefix_n1024,public_blocks32,24,1024,3197.429,81920,0,0,1
opt_f2_poly_dot,a3_b7_dense_prefix_n1024,public_classified,24,1024,5067.343,81920,0,0,1
opt_f2_poly_dot,a3_b7_dense_prefix_n1024,row_density,24,1024,5066.936,81920,0,0,1
opt_f2_poly_dot,a3_b7_dense_prefix_n1024,public_scan,25,1024,3028.483,81920,0,0,1
opt_f2_poly_dot,a3_b7_dense_prefix_n1024,public_masks,25,1024,3990.397,81920,0,0,1
opt_f2_poly_dot,a3_b7_dense_prefix_n1024,public_adaptive,25,1024,6965.006,81920,0,0,1
opt_f2_poly_dot,a3_b7_dense_prefix_n1024,production_zero_skip,25,1024,3987.834,81920,0,0,1
opt_f2_poly_dot,a3_b7_dense_prefix_n1024,public_classified,25,1024,5283.406,81920,0,0,1
opt_f2_poly_dot,a3_b7_dense_prefix_n1024,fixed_schedule,25,1024,7024.129,81920,0,0,1
opt_f2_poly_dot,a3_b7_dense_prefix_n1024,row_density,25,1024,5531.169,81920,0,0,1
opt_f2_poly_dot,a3_b7_dense_prefix_n1024,public_blocks8,25,1024,3679.117,81920,0,0,1
opt_f2_poly_dot,a3_b7_dense_prefix_n1024,public_fused,25,1024,3178.304,81920,0,0,1
opt_f2_poly_dot,a3_b7_dense_prefix_n1024,public_blocks32,25,1024,3461.914,81920,0,0,1
opt_f2_poly_dot,a3_b7_dense_prefix_n1024,public_fused,26,1024,3038.411,81920,0,0,1
opt_f2_poly_dot,a3_b7_dense_prefix_n1024,public_classified,26,1024,5300.496,81920,0,0,1
opt_f2_poly_dot,a3_b7_dense_prefix_n1024,row_density,26,1024,5508.057,81920,0,0,1
opt_f2_poly_dot,a3_b7_dense_prefix_n1024,public_blocks32,26,1024,3131.267,81920,0,0,1
opt_f2_poly_dot,a3_b7_dense_prefix_n1024,public_masks,26,1024,3798.177,81920,0,0,1
opt_f2_poly_dot,a3_b7_dense_prefix_n1024,fixed_schedule,26,1024,6555.990,81920,0,0,1
opt_f2_poly_dot,a3_b7_dense_prefix_n1024,public_scan,26,1024,2972.087,81920,0,0,1
opt_f2_poly_dot,a3_b7_dense_prefix_n1024,public_blocks8,26,1024,3446.899,81920,0,0,1
opt_f2_poly_dot,a3_b7_dense_prefix_n1024,public_adaptive,26,1024,6597.086,81920,0,0,1
opt_f2_poly_dot,a3_b7_dense_prefix_n1024,production_zero_skip,26,1024,3505.087,81920,0,0,1
opt_f2_poly_dot,a3_b7_dense_prefix_n1024,public_classified,27,1024,5305.339,81920,0,0,1
opt_f2_poly_dot,a3_b7_dense_prefix_n1024,public_fused,27,1024,3257.976,81920,0,0,1
opt_f2_poly_dot,a3_b7_dense_prefix_n1024,public_scan,27,1024,3214.396,81920,0,0,1
opt_f2_poly_dot,a3_b7_dense_prefix_n1024,fixed_schedule,27,1024,7015.422,81920,0,0,1
opt_f2_poly_dot,a3_b7_dense_prefix_n1024,public_adaptive,27,1024,6855.429,81920,0,0,1
opt_f2_poly_dot,a3_b7_dense_prefix_n1024,production_zero_skip,27,1024,3699.057,81920,0,0,1
opt_f2_poly_dot,a3_b7_dense_prefix_n1024,row_density,27,1024,5510.132,81920,0,0,1
opt_f2_poly_dot,a3_b7_dense_prefix_n1024,public_blocks32,27,1024,3456.340,81920,0,0,1
opt_f2_poly_dot,a3_b7_dense_prefix_n1024,public_masks,27,1024,4022.665,81920,0,0,1
opt_f2_poly_dot,a3_b7_dense_prefix_n1024,public_blocks8,27,1024,3856.853,81920,0,0,1
opt_f2_poly_dot,a3_b7_dense_prefix_n1024,public_blocks8,28,1024,3806.641,81920,0,0,1
opt_f2_poly_dot,a3_b7_dense_prefix_n1024,public_adaptive,28,1024,7124.187,81920,0,0,1
opt_f2_poly_dot,a3_b7_dense_prefix_n1024,fixed_schedule,28,1024,6605.591,81920,0,0,1
opt_f2_poly_dot,a3_b7_dense_prefix_n1024,public_blocks32,28,1024,3080.892,81920,0,0,1
opt_f2_poly_dot,a3_b7_dense_prefix_n1024,public_fused,28,1024,2954.834,81920,0,0,1
opt_f2_poly_dot,a3_b7_dense_prefix_n1024,public_scan,28,1024,2956.746,81920,0,0,1
opt_f2_poly_dot,a3_b7_dense_prefix_n1024,row_density,28,1024,5151.855,81920,0,0,1
opt_f2_poly_dot,a3_b7_dense_prefix_n1024,public_classified,28,1024,5149.943,81920,0,0,1
opt_f2_poly_dot,a3_b7_dense_prefix_n1024,production_zero_skip,28,1024,3609.171,81920,0,0,1
opt_f2_poly_dot,a3_b7_dense_prefix_n1024,public_masks,28,1024,3771.118,81920,0,0,1
opt_f2_poly_dot,a3_b7_dense_prefix_n1024,public_classified,29,1024,5098.755,81920,0,0,1
opt_f2_poly_dot,a3_b7_dense_prefix_n1024,public_scan,29,1024,3288.615,81920,0,0,1
opt_f2_poly_dot,a3_b7_dense_prefix_n1024,public_blocks32,29,1024,3139.282,81920,0,0,1
opt_f2_poly_dot,a3_b7_dense_prefix_n1024,public_blocks8,29,1024,3581.096,81920,0,0,1
opt_f2_poly_dot,a3_b7_dense_prefix_n1024,production_zero_skip,29,1024,3411.702,81920,0,0,1
opt_f2_poly_dot,a3_b7_dense_prefix_n1024,public_masks,29,1024,3769.490,81920,0,0,1
opt_f2_poly_dot,a3_b7_dense_prefix_n1024,fixed_schedule,29,1024,6728.719,81920,0,0,1
opt_f2_poly_dot,a3_b7_dense_prefix_n1024,row_density,29,1024,5191.203,81920,0,0,1
opt_f2_poly_dot,a3_b7_dense_prefix_n1024,public_adaptive,29,1024,6932.210,81920,0,0,1
opt_f2_poly_dot,a3_b7_dense_prefix_n1024,public_fused,29,1024,3152.303,81920,0,0,1
opt_f2_poly_dot,a3_b7_dense_prefix_n1024,public_scan,30,1024,3154.948,81920,0,0,1
opt_f2_poly_dot,a3_b7_dense_prefix_n1024,public_classified,30,1024,5513.794,81920,0,0,1
opt_f2_poly_dot,a3_b7_dense_prefix_n1024,public_blocks32,30,1024,3434.041,81920,0,0,1
opt_f2_poly_dot,a3_b7_dense_prefix_n1024,public_fused,30,1024,3043.985,81920,0,0,1
opt_f2_poly_dot,a3_b7_dense_prefix_n1024,public_adaptive,30,1024,7024.374,81920,0,0,1
opt_f2_poly_dot,a3_b7_dense_prefix_n1024,fixed_schedule,30,1024,7022.542,81920,0,0,1
opt_f2_poly_dot,a3_b7_dense_prefix_n1024,row_density,30,1024,5420.370,81920,0,0,1
opt_f2_poly_dot,a3_b7_dense_prefix_n1024,production_zero_skip,30,1024,3692.749,81920,0,0,1
opt_f2_poly_dot,a3_b7_dense_prefix_n1024,public_masks,30,1024,3968.059,81920,0,0,1
opt_f2_poly_dot,a3_b7_dense_prefix_n1024,public_blocks8,30,1024,3484.294,81920,0,0,1
opt_f2_poly_dot,a3_b7_dense_prefix_n1024,fixed_schedule,31,1024,6752.319,81920,0,0,1
opt_f2_poly_dot,a3_b7_dense_prefix_n1024,public_classified,31,1024,5138.428,81920,0,0,1
opt_f2_poly_dot,a3_b7_dense_prefix_n1024,public_fused,31,1024,2991.821,81920,0,0,1
opt_f2_poly_dot,a3_b7_dense_prefix_n1024,public_masks,31,1024,3783.772,81920,0,0,1
opt_f2_poly_dot,a3_b7_dense_prefix_n1024,public_scan,31,1024,2963.461,81920,0,0,1
opt_f2_poly_dot,a3_b7_dense_prefix_n1024,row_density,31,1024,5096.842,81920,0,0,1
opt_f2_poly_dot,a3_b7_dense_prefix_n1024,public_adaptive,31,1024,6716.268,81920,0,0,1
opt_f2_poly_dot,a3_b7_dense_prefix_n1024,public_blocks32,31,1024,3087.729,81920,0,0,1
opt_f2_poly_dot,a3_b7_dense_prefix_n1024,public_blocks8,31,1024,3400.716,81920,0,0,1
opt_f2_poly_dot,a3_b7_dense_prefix_n1024,production_zero_skip,31,1024,3833.048,81920,0,0,1
opt_f2_poly_dot,a3_b7_sparse_prefix_n16,row_density,0,32768,74.243,1280,0,0,1
opt_f2_poly_dot,a3_b7_sparse_prefix_n16,fixed_schedule,0,32768,92.871,1280,0,0,1
opt_f2_poly_dot,a3_b7_sparse_prefix_n16,public_classified,0,32768,80.884,1280,0,0,1
opt_f2_poly_dot,a3_b7_sparse_prefix_n16,public_masks,0,32768,110.288,1280,0,0,1
opt_f2_poly_dot,a3_b7_sparse_prefix_n16,public_scan,0,32768,97.075,1280,0,0,1
opt_f2_poly_dot,a3_b7_sparse_prefix_n16,public_blocks8,0,32768,102.828,1280,0,0,1
opt_f2_poly_dot,a3_b7_sparse_prefix_n16,public_fused,0,32768,124.064,1280,0,0,1
opt_f2_poly_dot,a3_b7_sparse_prefix_n16,public_adaptive,0,32768,125.636,1280,0,0,1
opt_f2_poly_dot,a3_b7_sparse_prefix_n16,public_blocks32,0,32768,128.980,1280,0,0,1
opt_f2_poly_dot,a3_b7_sparse_prefix_n16,production_zero_skip,0,32768,112.087,1280,0,0,1
opt_f2_poly_dot,a3_b7_sparse_prefix_n16,public_scan,1,32768,101.562,1280,0,0,1
opt_f2_poly_dot,a3_b7_sparse_prefix_n16,public_classified,1,32768,77.368,1280,0,0,1
opt_f2_poly_dot,a3_b7_sparse_prefix_n16,public_fused,1,32768,124.532,1280,0,0,1
opt_f2_poly_dot,a3_b7_sparse_prefix_n16,public_blocks8,1,32768,99.565,1280,0,0,1
opt_f2_poly_dot,a3_b7_sparse_prefix_n16,public_masks,1,32768,107.340,1280,0,0,1
opt_f2_poly_dot,a3_b7_sparse_prefix_n16,row_density,1,32768,69.721,1280,0,0,1
opt_f2_poly_dot,a3_b7_sparse_prefix_n16,public_adaptive,1,32768,122.239,1280,0,0,1
opt_f2_poly_dot,a3_b7_sparse_prefix_n16,production_zero_skip,1,32768,113.703,1280,0,0,1
opt_f2_poly_dot,a3_b7_sparse_prefix_n16,fixed_schedule,1,32768,91.000,1280,0,0,1
opt_f2_poly_dot,a3_b7_sparse_prefix_n16,public_blocks32,1,32768,127.654,1280,0,0,1
opt_f2_poly_dot,a3_b7_sparse_prefix_n16,fixed_schedule,2,32768,88.254,1280,0,0,1
opt_f2_poly_dot,a3_b7_sparse_prefix_n16,public_scan,2,32768,101.453,1280,0,0,1
opt_f2_poly_dot,a3_b7_sparse_prefix_n16,public_classified,2,32768,75.560,1280,0,0,1
opt_f2_poly_dot,a3_b7_sparse_prefix_n16,public_blocks32,2,32768,125.285,1280,0,0,1
opt_f2_poly_dot,a3_b7_sparse_prefix_n16,production_zero_skip,2,32768,106.932,1280,0,0,1
opt_f2_poly_dot,a3_b7_sparse_prefix_n16,public_masks,2,32768,107.583,1280,0,0,1
opt_f2_poly_dot,a3_b7_sparse_prefix_n16,public_fused,2,32768,123.369,1280,0,0,1
opt_f2_poly_dot,a3_b7_sparse_prefix_n16,row_density,2,32768,71.360,1280,0,0,1
opt_f2_poly_dot,a3_b7_sparse_prefix_n16,public_blocks8,2,32768,98.409,1280,0,0,1
opt_f2_poly_dot,a3_b7_sparse_prefix_n16,public_adaptive,2,32768,119.303,1280,0,0,1
opt_f2_poly_dot,a3_b7_sparse_prefix_n16,production_zero_skip,3,32768,108.518,1280,0,0,1
opt_f2_poly_dot,a3_b7_sparse_prefix_n16,public_adaptive,3,32768,120.515,1280,0,0,1
opt_f2_poly_dot,a3_b7_sparse_prefix_n16,public_scan,3,32768,95.222,1280,0,0,1
opt_f2_poly_dot,a3_b7_sparse_prefix_n16,fixed_schedule,3,32768,85.559,1280,0,0,1
opt_f2_poly_dot,a3_b7_sparse_prefix_n16,public_classified,3,32768,75.582,1280,0,0,1
opt_f2_poly_dot,a3_b7_sparse_prefix_n16,row_density,3,32768,69.379,1280,0,0,1
opt_f2_poly_dot,a3_b7_sparse_prefix_n16,public_masks,3,32768,105.554,1280,0,0,1
opt_f2_poly_dot,a3_b7_sparse_prefix_n16,public_fused,3,32768,119.603,1280,0,0,1
opt_f2_poly_dot,a3_b7_sparse_prefix_n16,public_blocks8,3,32768,100.384,1280,0,0,1
opt_f2_poly_dot,a3_b7_sparse_prefix_n16,public_blocks32,3,32768,120.936,1280,0,0,1
opt_f2_poly_dot,a3_b7_sparse_prefix_n16,public_adaptive,4,32768,117.305,1280,0,0,1
opt_f2_poly_dot,a3_b7_sparse_prefix_n16,public_fused,4,32768,117.462,1280,0,0,1
opt_f2_poly_dot,a3_b7_sparse_prefix_n16,public_blocks8,4,32768,96.325,1280,0,0,1
opt_f2_poly_dot,a3_b7_sparse_prefix_n16,public_scan,4,32768,94.849,1280,0,0,1
opt_f2_poly_dot,a3_b7_sparse_prefix_n16,public_classified,4,32768,72.362,1280,0,0,1
opt_f2_poly_dot,a3_b7_sparse_prefix_n16,public_blocks32,4,32768,120.099,1280,0,0,1
opt_f2_poly_dot,a3_b7_sparse_prefix_n16,production_zero_skip,4,32768,107.054,1280,0,0,1
opt_f2_poly_dot,a3_b7_sparse_prefix_n16,fixed_schedule,4,32768,84.935,1280,0,0,1
opt_f2_poly_dot,a3_b7_sparse_prefix_n16,public_masks,4,32768,104.131,1280,0,0,1
opt_f2_poly_dot,a3_b7_sparse_prefix_n16,row_density,4,32768,68.506,1280,0,0,1
opt_f2_poly_dot,a3_b7_sparse_prefix_n16,row_density,5,32768,69.248,1280,0,0,1
opt_f2_poly_dot,a3_b7_sparse_prefix_n16,public_masks,5,32768,103.903,1280,0,0,1
opt_f2_poly_dot,a3_b7_sparse_prefix_n16,public_adaptive,5,32768,116.900,1280,0,0,1
opt_f2_poly_dot,a3_b7_sparse_prefix_n16,public_blocks32,5,32768,121.457,1280,0,0,1
opt_f2_poly_dot,a3_b7_sparse_prefix_n16,public_fused,5,32768,117.135,1280,0,0,1
opt_f2_poly_dot,a3_b7_sparse_prefix_n16,fixed_schedule,5,32768,84.981,1280,0,0,1
opt_f2_poly_dot,a3_b7_sparse_prefix_n16,public_blocks8,5,32768,96.338,1280,0,0,1
opt_f2_poly_dot,a3_b7_sparse_prefix_n16,public_classified,5,32768,72.464,1280,0,0,1
opt_f2_poly_dot,a3_b7_sparse_prefix_n16,production_zero_skip,5,32768,105.843,1280,0,0,1
opt_f2_poly_dot,a3_b7_sparse_prefix_n16,public_scan,5,32768,96.038,1280,0,0,1
opt_f2_poly_dot,a3_b7_sparse_prefix_n16,fixed_schedule,6,32768,85.430,1280,0,0,1
opt_f2_poly_dot,a3_b7_sparse_prefix_n16,public_masks,6,32768,103.959,1280,0,0,1
opt_f2_poly_dot,a3_b7_sparse_prefix_n16,public_scan,6,32768,95.070,1280,0,0,1
opt_f2_poly_dot,a3_b7_sparse_prefix_n16,public_adaptive,6,32768,117.293,1280,0,0,1
opt_f2_poly_dot,a3_b7_sparse_prefix_n16,row_density,6,32768,68.564,1280,0,0,1
opt_f2_poly_dot,a3_b7_sparse_prefix_n16,public_blocks8,6,32768,96.219,1280,0,0,1
opt_f2_poly_dot,a3_b7_sparse_prefix_n16,public_blocks32,6,32768,121.114,1280,0,0,1
opt_f2_poly_dot,a3_b7_sparse_prefix_n16,public_classified,6,32768,72.598,1280,0,0,1
opt_f2_poly_dot,a3_b7_sparse_prefix_n16,public_fused,6,32768,120.314,1280,0,0,1
opt_f2_poly_dot,a3_b7_sparse_prefix_n16,production_zero_skip,6,32768,110.719,1280,0,0,1
opt_f2_poly_dot,a3_b7_sparse_prefix_n16,public_classified,7,32768,72.061,1280,0,0,1
opt_f2_poly_dot,a3_b7_sparse_prefix_n16,fixed_schedule,7,32768,84.975,1280,0,0,1
opt_f2_poly_dot,a3_b7_sparse_prefix_n16,public_fused,7,32768,121.489,1280,0,0,1
opt_f2_poly_dot,a3_b7_sparse_prefix_n16,public_blocks32,7,32768,120.983,1280,0,0,1
opt_f2_poly_dot,a3_b7_sparse_prefix_n16,row_density,7,32768,68.966,1280,0,0,1
opt_f2_poly_dot,a3_b7_sparse_prefix_n16,public_scan,7,32768,100.980,1280,0,0,1
opt_f2_poly_dot,a3_b7_sparse_prefix_n16,production_zero_skip,7,32768,109.549,1280,0,0,1
opt_f2_poly_dot,a3_b7_sparse_prefix_n16,public_adaptive,7,32768,121.235,1280,0,0,1
opt_f2_poly_dot,a3_b7_sparse_prefix_n16,public_blocks8,7,32768,99.098,1280,0,0,1
opt_f2_poly_dot,a3_b7_sparse_prefix_n16,public_masks,7,32768,108.893,1280,0,0,1
opt_f2_poly_dot,a3_b7_sparse_prefix_n16,public_classified,8,32768,75.067,1280,0,0,1
opt_f2_poly_dot,a3_b7_sparse_prefix_n16,row_density,8,32768,70.436,1280,0,0,1
opt_f2_poly_dot,a3_b7_sparse_prefix_n16,public_blocks32,8,32768,125.333,1280,0,0,1
opt_f2_poly_dot,a3_b7_sparse_prefix_n16,public_scan,8,32768,95.261,1280,0,0,1
opt_f2_poly_dot,a3_b7_sparse_prefix_n16,public_fused,8,32768,117.318,1280,0,0,1
opt_f2_poly_dot,a3_b7_sparse_prefix_n16,fixed_schedule,8,32768,84.947,1280,0,0,1
opt_f2_poly_dot,a3_b7_sparse_prefix_n16,public_blocks8,8,32768,96.306,1280,0,0,1
opt_f2_poly_dot,a3_b7_sparse_prefix_n16,production_zero_skip,8,32768,104.960,1280,0,0,1
opt_f2_poly_dot,a3_b7_sparse_prefix_n16,public_adaptive,8,32768,118.526,1280,0,0,1
opt_f2_poly_dot,a3_b7_sparse_prefix_n16,public_masks,8,32768,104.116,1280,0,0,1
opt_f2_poly_dot,a3_b7_sparse_prefix_n16,public_adaptive,9,32768,117.006,1280,0,0,1
opt_f2_poly_dot,a3_b7_sparse_prefix_n16,fixed_schedule,9,32768,85.192,1280,0,0,1
opt_f2_poly_dot,a3_b7_sparse_prefix_n16,public_scan,9,32768,95.277,1280,0,0,1
opt_f2_poly_dot,a3_b7_sparse_prefix_n16,public_fused,9,32768,117.193,1280,0,0,1
opt_f2_poly_dot,a3_b7_sparse_prefix_n16,row_density,9,32768,69.029,1280,0,0,1
opt_f2_poly_dot,a3_b7_sparse_prefix_n16,public_masks,9,32768,103.935,1280,0,0,1
opt_f2_poly_dot,a3_b7_sparse_prefix_n16,public_classified,9,32768,72.384,1280,0,0,1
opt_f2_poly_dot,a3_b7_sparse_prefix_n16,public_blocks32,9,32768,121.951,1280,0,0,1
opt_f2_poly_dot,a3_b7_sparse_prefix_n16,public_blocks8,9,32768,98.990,1280,0,0,1
opt_f2_poly_dot,a3_b7_sparse_prefix_n16,production_zero_skip,9,32768,106.716,1280,0,0,1
opt_f2_poly_dot,a3_b7_sparse_prefix_n16,public_fused,10,32768,118.362,1280,0,0,1
opt_f2_poly_dot,a3_b7_sparse_prefix_n16,public_adaptive,10,32768,121.090,1280,0,0,1
opt_f2_poly_dot,a3_b7_sparse_prefix_n16,public_blocks8,10,32768,102.922,1280,0,0,1
opt_f2_poly_dot,a3_b7_sparse_prefix_n16,public_classified,10,32768,75.457,1280,0,0,1
opt_f2_poly_dot,a3_b7_sparse_prefix_n16,production_zero_skip,10,32768,108.832,1280,0,0,1
opt_f2_poly_dot,a3_b7_sparse_prefix_n16,row_density,10,32768,70.934,1280,0,0,1
opt_f2_poly_dot,a3_b7_sparse_prefix_n16,public_masks,10,32768,107.385,1280,0,0,1
opt_f2_poly_dot,a3_b7_sparse_prefix_n16,public_blocks32,10,32768,124.346,1280,0,0,1
opt_f2_poly_dot,a3_b7_sparse_prefix_n16,public_scan,10,32768,95.983,1280,0,0,1
opt_f2_poly_dot,a3_b7_sparse_prefix_n16,fixed_schedule,10,32768,85.768,1280,0,0,1
opt_f2_poly_dot,a3_b7_sparse_prefix_n16,fixed_schedule,11,32768,86.272,1280,0,0,1
opt_f2_poly_dot,a3_b7_sparse_prefix_n16,production_zero_skip,11,32768,106.097,1280,0,0,1
opt_f2_poly_dot,a3_b7_sparse_prefix_n16,public_scan,11,32768,97.851,1280,0,0,1
opt_f2_poly_dot,a3_b7_sparse_prefix_n16,public_blocks32,11,32768,124.930,1280,0,0,1
opt_f2_poly_dot,a3_b7_sparse_prefix_n16,public_blocks8,11,32768,99.660,1280,0,0,1
opt_f2_poly_dot,a3_b7_sparse_prefix_n16,public_fused,11,32768,119.886,1280,0,0,1
opt_f2_poly_dot,a3_b7_sparse_prefix_n16,row_density,11,32768,73.568,1280,0,0,1
opt_f2_poly_dot,a3_b7_sparse_prefix_n16,public_adaptive,11,32768,123.132,1280,0,0,1
opt_f2_poly_dot,a3_b7_sparse_prefix_n16,public_classified,11,32768,77.333,1280,0,0,1
opt_f2_poly_dot,a3_b7_sparse_prefix_n16,public_masks,11,32768,114.552,1280,0,0,1
opt_f2_poly_dot,a3_b7_sparse_prefix_n16,public_masks,12,32768,111.271,1280,0,0,1
opt_f2_poly_dot,a3_b7_sparse_prefix_n16,public_blocks32,12,32768,128.352,1280,0,0,1
opt_f2_poly_dot,a3_b7_sparse_prefix_n16,public_scan,12,32768,101.097,1280,0,0,1
opt_f2_poly_dot,a3_b7_sparse_prefix_n16,public_fused,12,32768,122.378,1280,0,0,1
opt_f2_poly_dot,a3_b7_sparse_prefix_n16,production_zero_skip,12,32768,109.542,1280,0,0,1
opt_f2_poly_dot,a3_b7_sparse_prefix_n16,public_classified,12,32768,77.157,1280,0,0,1
opt_f2_poly_dot,a3_b7_sparse_prefix_n16,fixed_schedule,12,32768,89.648,1280,0,0,1
opt_f2_poly_dot,a3_b7_sparse_prefix_n16,public_adaptive,12,32768,124.660,1280,0,0,1
opt_f2_poly_dot,a3_b7_sparse_prefix_n16,public_blocks8,12,32768,102.688,1280,0,0,1
opt_f2_poly_dot,a3_b7_sparse_prefix_n16,row_density,12,32768,72.374,1280,0,0,1
opt_f2_poly_dot,a3_b7_sparse_prefix_n16,public_fused,13,32768,117.980,1280,0,0,1
opt_f2_poly_dot,a3_b7_sparse_prefix_n16,public_adaptive,13,32768,116.801,1280,0,0,1
opt_f2_poly_dot,a3_b7_sparse_prefix_n16,public_scan,13,32768,95.020,1280,0,0,1
opt_f2_poly_dot,a3_b7_sparse_prefix_n16,public_blocks32,13,32768,120.346,1280,0,0,1
opt_f2_poly_dot,a3_b7_sparse_prefix_n16,row_density,13,32768,68.480,1280,0,0,1
opt_f2_poly_dot,a3_b7_sparse_prefix_n16,production_zero_skip,13,32768,105.164,1280,0,0,1
opt_f2_poly_dot,a3_b7_sparse_prefix_n16,fixed_schedule,13,32768,85.250,1280,0,0,1
opt_f2_poly_dot,a3_b7_sparse_prefix_n16,public_classified,13,32768,72.301,1280,0,0,1
opt_f2_poly_dot,a3_b7_sparse_prefix_n16,public_masks,13,32768,105.342,1280,0,0,1
opt_f2_poly_dot,a3_b7_sparse_prefix_n16,public_blocks8,13,32768,97.619,1280,0,0,1
opt_f2_poly_dot,a3_b7_sparse_prefix_n16,public_blocks8,14,32768,96.231,1280,0,0,1
opt_f2_poly_dot,a3_b7_sparse_prefix_n16,public_masks,14,32768,105.366,1280,0,0,1
opt_f2_poly_dot,a3_b7_sparse_prefix_n16,public_fused,14,32768,120.537,1280,0,0,1
opt_f2_poly_dot,a3_b7_sparse_prefix_n16,production_zero_skip,14,32768,109.428,1280,0,0,1
opt_f2_poly_dot,a3_b7_sparse_prefix_n16,public_scan,14,32768,95.735,1280,0,0,1
opt_f2_poly_dot,a3_b7_sparse_prefix_n16,row_density,14,32768,68.675,1280,0,0,1
opt_f2_poly_dot,a3_b7_sparse_prefix_n16,fixed_schedule,14,32768,85.448,1280,0,0,1
opt_f2_poly_dot,a3_b7_sparse_prefix_n16,public_blocks32,14,32768,121.515,1280,0,0,1
opt_f2_poly_dot,a3_b7_sparse_prefix_n16,public_classified,14,32768,72.978,1280,0,0,1
opt_f2_poly_dot,a3_b7_sparse_prefix_n16,public_adaptive,14,32768,120.577,1280,0,0,1
opt_f2_poly_dot,a3_b7_sparse_prefix_n16,public_masks,15,32768,104.212,1280,0,0,1
opt_f2_poly_dot,a3_b7_sparse_prefix_n16,public_blocks32,15,32768,122.106,1280,0,0,1
opt_f2_poly_dot,a3_b7_sparse_prefix_n16,public_adaptive,15,32768,117.627,1280,0,0,1
opt_f2_poly_dot,a3_b7_sparse_prefix_n16,public_fused,15,32768,118.113,1280,0,0,1
opt_f2_poly_dot,a3_b7_sparse_prefix_n16,production_zero_skip,15,32768,106.524,1280,0,0,1
opt_f2_poly_dot,a3_b7_sparse_prefix_n16,fixed_schedule,15,32768,85.615,1280,0,0,1
opt_f2_poly_dot,a3_b7_sparse_prefix_n16,public_scan,15,32768,96.687,1280,0,0,1
opt_f2_poly_dot,a3_b7_sparse_prefix_n16,row_density,15,32768,72.486,1280,0,0,1
opt_f2_poly_dot,a3_b7_sparse_prefix_n16,public_blocks8,15,32768,99.068,1280,0,0,1
opt_f2_poly_dot,a3_b7_sparse_prefix_n16,public_classified,15,32768,76.043,1280,0,0,1
opt_f2_poly_dot,a3_b7_sparse_prefix_n16,public_masks,16,32768,103.795,1280,0,0,1
opt_f2_poly_dot,a3_b7_sparse_prefix_n16,production_zero_skip,16,32768,110.077,1280,0,0,1
opt_f2_poly_dot,a3_b7_sparse_prefix_n16,fixed_schedule,16,32768,86.308,1280,0,0,1
opt_f2_poly_dot,a3_b7_sparse_prefix_n16,public_blocks32,16,32768,122.644,1280,0,0,1
opt_f2_poly_dot,a3_b7_sparse_prefix_n16,public_blocks8,16,32768,98.835,1280,0,0,1
opt_f2_poly_dot,a3_b7_sparse_prefix_n16,public_scan,16,32768,97.619,1280,0,0,1
opt_f2_poly_dot,a3_b7_sparse_prefix_n16,public_fused,16,32768,121.990,1280,0,0,1
opt_f2_poly_dot,a3_b7_sparse_prefix_n16,row_density,16,32768,70.852,1280,0,0,1
opt_f2_poly_dot,a3_b7_sparse_prefix_n16,public_classified,16,32768,72.334,1280,0,0,1
opt_f2_poly_dot,a3_b7_sparse_prefix_n16,public_adaptive,16,32768,121.231,1280,0,0,1
opt_f2_poly_dot,a3_b7_sparse_prefix_n16,public_fused,17,32768,126.419,1280,0,0,1
opt_f2_poly_dot,a3_b7_sparse_prefix_n16,public_blocks32,17,32768,131.578,1280,0,0,1
opt_f2_poly_dot,a3_b7_sparse_prefix_n16,row_density,17,32768,70.822,1280,0,0,1
opt_f2_poly_dot,a3_b7_sparse_prefix_n16,public_blocks8,17,32768,101.008,1280,0,0,1
opt_f2_poly_dot,a3_b7_sparse_prefix_n16,public_classified,17,32768,75.729,1280,0,0,1
opt_f2_poly_dot,a3_b7_sparse_prefix_n16,fixed_schedule,17,32768,89.411,1280,0,0,1
opt_f2_poly_dot,a3_b7_sparse_prefix_n16,production_zero_skip,17,32768,112.025,1280,0,0,1
opt_f2_poly_dot,a3_b7_sparse_prefix_n16,public_adaptive,17,32768,124.856,1280,0,0,1
opt_f2_poly_dot,a3_b7_sparse_prefix_n16,public_scan,17,32768,100.459,1280,0,0,1
opt_f2_poly_dot,a3_b7_sparse_prefix_n16,public_masks,17,32768,110.742,1280,0,0,1
opt_f2_poly_dot,a3_b7_sparse_prefix_n16,public_masks,18,32768,110.673,1280,0,0,1
opt_f2_poly_dot,a3_b7_sparse_prefix_n16,public_blocks32,18,32768,128.468,1280,0,0,1
opt_f2_poly_dot,a3_b7_sparse_prefix_n16,fixed_schedule,18,32768,91.100,1280,0,0,1
opt_f2_poly_dot,a3_b7_sparse_prefix_n16,public_adaptive,18,32768,125.838,1280,0,0,1
opt_f2_poly_dot,a3_b7_sparse_prefix_n16,production_zero_skip,18,32768,113.665,1280,0,0,1
opt_f2_poly_dot,a3_b7_sparse_prefix_n16,row_density,18,32768,74.078,1280,0,0,1
opt_f2_poly_dot,a3_b7_sparse_prefix_n16,public_scan,18,32768,103.343,1280,0,0,1
opt_f2_poly_dot,a3_b7_sparse_prefix_n16,public_classified,18,32768,79.753,1280,0,0,1
opt_f2_poly_dot,a3_b7_sparse_prefix_n16,public_fused,18,32768,126.611,1280,0,0,1
opt_f2_poly_dot,a3_b7_sparse_prefix_n16,public_blocks8,18,32768,98.918,1280,0,0,1
opt_f2_poly_dot,a3_b7_sparse_prefix_n16,public_scan,19,32768,96.355,1280,0,0,1
opt_f2_poly_dot,a3_b7_sparse_prefix_n16,public_blocks8,19,32768,98.881,1280,0,0,1
opt_f2_poly_dot,a3_b7_sparse_prefix_n16,public_classified,19,32768,73.455,1280,0,0,1
opt_f2_poly_dot,a3_b7_sparse_prefix_n16,public_masks,19,32768,105.106,1280,0,0,1
opt_f2_poly_dot,a3_b7_sparse_prefix_n16,row_density,19,32768,68.846,1280,0,0,1
opt_f2_poly_dot,a3_b7_sparse_prefix_n16,public_adaptive,19,32768,118.132,1280,0,0,1
opt_f2_poly_dot,a3_b7_sparse_prefix_n16,public_blocks32,19,32768,120.183,1280,0,0,1
opt_f2_poly_dot,a3_b7_sparse_prefix_n16,fixed_schedule,19,32768,85.248,1280,0,0,1
opt_f2_poly_dot,a3_b7_sparse_prefix_n16,public_fused,19,32768,121.853,1280,0,0,1
opt_f2_poly_dot,a3_b7_sparse_prefix_n16,production_zero_skip,19,32768,113.853,1280,0,0,1
opt_f2_poly_dot,a3_b7_sparse_prefix_n16,row_density,20,32768,73.151,1280,0,0,1
opt_f2_poly_dot,a3_b7_sparse_prefix_n16,public_adaptive,20,32768,124.805,1280,0,0,1
opt_f2_poly_dot,a3_b7_sparse_prefix_n16,production_zero_skip,20,32768,111.996,1280,0,0,1
opt_f2_poly_dot,a3_b7_sparse_prefix_n16,public_blocks8,20,32768,102.779,1280,0,0,1
opt_f2_poly_dot,a3_b7_sparse_prefix_n16,public_classified,20,32768,77.323,1280,0,0,1
opt_f2_poly_dot,a3_b7_sparse_prefix_n16,fixed_schedule,20,32768,90.402,1280,0,0,1
opt_f2_poly_dot,a3_b7_sparse_prefix_n16,public_fused,20,32768,124.611,1280,0,0,1
opt_f2_poly_dot,a3_b7_sparse_prefix_n16,public_masks,20,32768,110.703,1280,0,0,1
opt_f2_poly_dot,a3_b7_sparse_prefix_n16,public_scan,20,32768,101.621,1280,0,0,1
opt_f2_poly_dot,a3_b7_sparse_prefix_n16,public_blocks32,20,32768,127.710,1280,0,0,1
opt_f2_poly_dot,a3_b7_sparse_prefix_n16,public_classified,21,32768,80.018,1280,0,0,1
opt_f2_poly_dot,a3_b7_sparse_prefix_n16,public_blocks8,21,32768,105.054,1280,0,0,1
opt_f2_poly_dot,a3_b7_sparse_prefix_n16,public_blocks32,21,32768,132.191,1280,0,0,1
opt_f2_poly_dot,a3_b7_sparse_prefix_n16,fixed_schedule,21,32768,89.361,1280,0,0,1
opt_f2_poly_dot,a3_b7_sparse_prefix_n16,public_scan,21,32768,99.589,1280,0,0,1
opt_f2_poly_dot,a3_b7_sparse_prefix_n16,public_fused,21,32768,122.182,1280,0,0,1
opt_f2_poly_dot,a3_b7_sparse_prefix_n16,production_zero_skip,21,32768,108.166,1280,0,0,1
opt_f2_poly_dot,a3_b7_sparse_prefix_n16,row_density,21,32768,70.019,1280,0,0,1
opt_f2_poly_dot,a3_b7_sparse_prefix_n16,public_adaptive,21,32768,119.544,1280,0,0,1
opt_f2_poly_dot,a3_b7_sparse_prefix_n16,public_masks,21,32768,105.459,1280,0,0,1
opt_f2_poly_dot,a3_b7_sparse_prefix_n16,public_classified,22,32768,72.474,1280,0,0,1
opt_f2_poly_dot,a3_b7_sparse_prefix_n16,public_blocks32,22,32768,121.810,1280,0,0,1
opt_f2_poly_dot,a3_b7_sparse_prefix_n16,public_blocks8,22,32768,100.881,1280,0,0,1
opt_f2_poly_dot,a3_b7_sparse_prefix_n16,public_fused,22,32768,124.566,1280,0,0,1
opt_f2_poly_dot,a3_b7_sparse_prefix_n16,public_scan,22,32768,106.088,1280,0,0,1
opt_f2_poly_dot,a3_b7_sparse_prefix_n16,public_masks,22,32768,114.882,1280,0,0,1
opt_f2_poly_dot,a3_b7_sparse_prefix_n16,production_zero_skip,22,32768,113.441,1280,0,0,1
opt_f2_poly_dot,a3_b7_sparse_prefix_n16,row_density,22,32768,72.979,1280,0,0,1
opt_f2_poly_dot,a3_b7_sparse_prefix_n16,fixed_schedule,22,32768,90.146,1280,0,0,1
opt_f2_poly_dot,a3_b7_sparse_prefix_n16,public_adaptive,22,32768,123.030,1280,0,0,1
opt_f2_poly_dot,a3_b7_sparse_prefix_n16,public_fused,23,32768,126.050,1280,0,0,1
opt_f2_poly_dot,a3_b7_sparse_prefix_n16,public_blocks8,23,32768,102.678,1280,0,0,1
opt_f2_poly_dot,a3_b7_sparse_prefix_n16,row_density,23,32768,73.559,1280,0,0,1
opt_f2_poly_dot,a3_b7_sparse_prefix_n16,public_classified,23,32768,78.512,1280,0,0,1
opt_f2_poly_dot,a3_b7_sparse_prefix_n16,public_masks,23,32768,112.094,1280,0,0,1
opt_f2_poly_dot,a3_b7_sparse_prefix_n16,production_zero_skip,23,32768,112.885,1280,0,0,1
opt_f2_poly_dot,a3_b7_sparse_prefix_n16,fixed_schedule,23,32768,91.309,1280,0,0,1
opt_f2_poly_dot,a3_b7_sparse_prefix_n16,public_blocks32,23,32768,127.977,1280,0,0,1
opt_f2_poly_dot,a3_b7_sparse_prefix_n16,public_adaptive,23,32768,123.978,1280,0,0,1
opt_f2_poly_dot,a3_b7_sparse_prefix_n16,public_scan,23,32768,96.555,1280,0,0,1
opt_f2_poly_dot,a3_b7_sparse_prefix_n16,public_adaptive,24,32768,119.090,1280,0,0,1
opt_f2_poly_dot,a3_b7_sparse_prefix_n16,public_masks,24,32768,112.948,1280,0,0,1
opt_f2_poly_dot,a3_b7_sparse_prefix_n16,public_blocks32,24,32768,127.424,1280,0,0,1
opt_f2_poly_dot,a3_b7_sparse_prefix_n16,public_fused,24,32768,121.733,1280,0,0,1
opt_f2_poly_dot,a3_b7_sparse_prefix_n16,row_density,24,32768,71.625,1280,0,0,1
opt_f2_poly_dot,a3_b7_sparse_prefix_n16,public_classified,24,32768,74.534,1280,0,0,1
opt_f2_poly_dot,a3_b7_sparse_prefix_n16,fixed_schedule,24,32768,89.315,1280,0,0,1
opt_f2_poly_dot,a3_b7_sparse_prefix_n16,public_scan,24,32768,106.792,1280,0,0,1
opt_f2_poly_dot,a3_b7_sparse_prefix_n16,public_blocks8,24,32768,104.445,1280,0,0,1
opt_f2_poly_dot,a3_b7_sparse_prefix_n16,production_zero_skip,24,32768,116.016,1280,0,0,1
opt_f2_poly_dot,a3_b7_sparse_prefix_n16,public_blocks8,25,32768,105.428,1280,0,0,1
opt_f2_poly_dot,a3_b7_sparse_prefix_n16,public_blocks32,25,32768,136.438,1280,0,0,1
opt_f2_poly_dot,a3_b7_sparse_prefix_n16,public_classified,25,32768,78.986,1280,0,0,1
opt_f2_poly_dot,a3_b7_sparse_prefix_n16,public_adaptive,25,32768,128.676,1280,0,0,1
opt_f2_poly_dot,a3_b7_sparse_prefix_n16,fixed_schedule,25,32768,91.657,1280,0,0,1
opt_f2_poly_dot,a3_b7_sparse_prefix_n16,public_scan,25,32768,102.576,1280,0,0,1
opt_f2_poly_dot,a3_b7_sparse_prefix_n16,public_masks,25,32768,111.670,1280,0,0,1
opt_f2_poly_dot,a3_b7_sparse_prefix_n16,production_zero_skip,25,32768,112.703,1280,0,0,1
opt_f2_poly_dot,a3_b7_sparse_prefix_n16,row_density,25,32768,72.210,1280,0,0,1
opt_f2_poly_dot,a3_b7_sparse_prefix_n16,public_fused,25,32768,124.880,1280,0,0,1
opt_f2_poly_dot,a3_b7_sparse_prefix_n16,production_zero_skip,26,32768,112.689,1280,0,0,1
opt_f2_poly_dot,a3_b7_sparse_prefix_n16,public_blocks8,26,32768,102.468,1280,0,0,1
opt_f2_poly_dot,a3_b7_sparse_prefix_n16,public_classified,26,32768,77.530,1280,0,0,1
opt_f2_poly_dot,a3_b7_sparse_prefix_n16,public_masks,26,32768,110.380,1280,0,0,1
opt_f2_poly_dot,a3_b7_sparse_prefix_n16,public_blocks32,26,32768,120.391,1280,0,0,1
opt_f2_poly_dot,a3_b7_sparse_prefix_n16,row_density,26,32768,68.368,1280,0,0,1
opt_f2_poly_dot,a3_b7_sparse_prefix_n16,fixed_schedule,26,32768,85.046,1280,0,0,1
opt_f2_poly_dot,a3_b7_sparse_prefix_n16,public_fused,26,32768,117.214,1280,0,0,1
opt_f2_poly_dot,a3_b7_sparse_prefix_n16,public_scan,26,32768,94.808,1280,0,0,1
opt_f2_poly_dot,a3_b7_sparse_prefix_n16,public_adaptive,26,32768,116.642,1280,0,0,1
opt_f2_poly_dot,a3_b7_sparse_prefix_n16,public_masks,27,32768,105.488,1280,0,0,1
opt_f2_poly_dot,a3_b7_sparse_prefix_n16,public_classified,27,32768,78.882,1280,0,0,1
opt_f2_poly_dot,a3_b7_sparse_prefix_n16,row_density,27,32768,69.360,1280,0,0,1
opt_f2_poly_dot,a3_b7_sparse_prefix_n16,public_fused,27,32768,118.309,1280,0,0,1
opt_f2_poly_dot,a3_b7_sparse_prefix_n16,public_blocks32,27,32768,125.757,1280,0,0,1
opt_f2_poly_dot,a3_b7_sparse_prefix_n16,fixed_schedule,27,32768,89.963,1280,0,0,1
opt_f2_poly_dot,a3_b7_sparse_prefix_n16,production_zero_skip,27,32768,109.571,1280,0,0,1
opt_f2_poly_dot,a3_b7_sparse_prefix_n16,public_adaptive,27,32768,120.541,1280,0,0,1
opt_f2_poly_dot,a3_b7_sparse_prefix_n16,public_scan,27,32768,98.165,1280,0,0,1
opt_f2_poly_dot,a3_b7_sparse_prefix_n16,public_blocks8,27,32768,104.270,1280,0,0,1
opt_f2_poly_dot,a3_b7_sparse_prefix_n16,public_masks,28,32768,106.000,1280,0,0,1
opt_f2_poly_dot,a3_b7_sparse_prefix_n16,public_adaptive,28,32768,116.667,1280,0,0,1
opt_f2_poly_dot,a3_b7_sparse_prefix_n16,public_scan,28,32768,96.470,1280,0,0,1
opt_f2_poly_dot,a3_b7_sparse_prefix_n16,public_classified,28,32768,76.594,1280,0,0,1
opt_f2_poly_dot,a3_b7_sparse_prefix_n16,production_zero_skip,28,32768,116.783,1280,0,0,1
opt_f2_poly_dot,a3_b7_sparse_prefix_n16,public_fused,28,32768,124.255,1280,0,0,1
opt_f2_poly_dot,a3_b7_sparse_prefix_n16,row_density,28,32768,72.530,1280,0,0,1
opt_f2_poly_dot,a3_b7_sparse_prefix_n16,public_blocks32,28,32768,127.795,1280,0,0,1
opt_f2_poly_dot,a3_b7_sparse_prefix_n16,fixed_schedule,28,32768,90.638,1280,0,0,1
opt_f2_poly_dot,a3_b7_sparse_prefix_n16,public_blocks8,28,32768,103.170,1280,0,0,1
opt_f2_poly_dot,a3_b7_sparse_prefix_n16,fixed_schedule,29,32768,90.926,1280,0,0,1
opt_f2_poly_dot,a3_b7_sparse_prefix_n16,production_zero_skip,29,32768,112.011,1280,0,0,1
opt_f2_poly_dot,a3_b7_sparse_prefix_n16,public_scan,29,32768,100.527,1280,0,0,1
opt_f2_poly_dot,a3_b7_sparse_prefix_n16,public_classified,29,32768,77.306,1280,0,0,1
opt_f2_poly_dot,a3_b7_sparse_prefix_n16,row_density,29,32768,72.589,1280,0,0,1
opt_f2_poly_dot,a3_b7_sparse_prefix_n16,public_fused,29,32768,123.959,1280,0,0,1
opt_f2_poly_dot,a3_b7_sparse_prefix_n16,public_blocks32,29,32768,128.273,1280,0,0,1
opt_f2_poly_dot,a3_b7_sparse_prefix_n16,public_blocks8,29,32768,101.517,1280,0,0,1
opt_f2_poly_dot,a3_b7_sparse_prefix_n16,public_adaptive,29,32768,124.833,1280,0,0,1
opt_f2_poly_dot,a3_b7_sparse_prefix_n16,public_masks,29,32768,110.082,1280,0,0,1
opt_f2_poly_dot,a3_b7_sparse_prefix_n16,row_density,30,32768,70.510,1280,0,0,1
opt_f2_poly_dot,a3_b7_sparse_prefix_n16,public_blocks32,30,32768,120.663,1280,0,0,1
opt_f2_poly_dot,a3_b7_sparse_prefix_n16,fixed_schedule,30,32768,91.330,1280,0,0,1
opt_f2_poly_dot,a3_b7_sparse_prefix_n16,public_classified,30,32768,74.790,1280,0,0,1
opt_f2_poly_dot,a3_b7_sparse_prefix_n16,public_blocks8,30,32768,100.170,1280,0,0,1
opt_f2_poly_dot,a3_b7_sparse_prefix_n16,public_scan,30,32768,99.870,1280,0,0,1
opt_f2_poly_dot,a3_b7_sparse_prefix_n16,public_adaptive,30,32768,119.565,1280,0,0,1
opt_f2_poly_dot,a3_b7_sparse_prefix_n16,public_masks,30,32768,110.561,1280,0,0,1
opt_f2_poly_dot,a3_b7_sparse_prefix_n16,public_fused,30,32768,125.727,1280,0,0,1
opt_f2_poly_dot,a3_b7_sparse_prefix_n16,production_zero_skip,30,32768,114.221,1280,0,0,1
opt_f2_poly_dot,a3_b7_sparse_prefix_n16,production_zero_skip,31,32768,117.076,1280,0,0,1
opt_f2_poly_dot,a3_b7_sparse_prefix_n16,public_fused,31,32768,128.777,1280,0,0,1
opt_f2_poly_dot,a3_b7_sparse_prefix_n16,public_blocks32,31,32768,129.757,1280,0,0,1
opt_f2_poly_dot,a3_b7_sparse_prefix_n16,public_adaptive,31,32768,123.850,1280,0,0,1
opt_f2_poly_dot,a3_b7_sparse_prefix_n16,public_classified,31,32768,76.742,1280,0,0,1
opt_f2_poly_dot,a3_b7_sparse_prefix_n16,public_scan,31,32768,100.600,1280,0,0,1
opt_f2_poly_dot,a3_b7_sparse_prefix_n16,public_blocks8,31,32768,103.518,1280,0,0,1
opt_f2_poly_dot,a3_b7_sparse_prefix_n16,fixed_schedule,31,32768,91.401,1280,0,0,1
opt_f2_poly_dot,a3_b7_sparse_prefix_n16,public_masks,31,32768,112.473,1280,0,0,1
opt_f2_poly_dot,a3_b7_sparse_prefix_n16,row_density,31,32768,72.684,1280,0,0,1
opt_f2_poly_dot,a3_b7_sparse_prefix_n1024,production_zero_skip,0,512,8649.006,81920,0,0,1
opt_f2_poly_dot,a3_b7_sparse_prefix_n1024,public_fused,0,512,9499.918,81920,0,0,1
opt_f2_poly_dot,a3_b7_sparse_prefix_n1024,public_adaptive,0,512,9568.521,81920,0,0,1
opt_f2_poly_dot,a3_b7_sparse_prefix_n1024,row_density,0,512,5503.254,81920,0,0,1
opt_f2_poly_dot,a3_b7_sparse_prefix_n1024,public_scan,0,512,7653.076,81920,0,0,1
opt_f2_poly_dot,a3_b7_sparse_prefix_n1024,fixed_schedule,0,512,6616.375,81920,0,0,1
opt_f2_poly_dot,a3_b7_sparse_prefix_n1024,public_classified,0,512,5826.740,81920,0,0,1
opt_f2_poly_dot,a3_b7_sparse_prefix_n1024,public_blocks32,0,512,7771.076,81920,0,0,1
opt_f2_poly_dot,a3_b7_sparse_prefix_n1024,public_blocks8,0,512,6447.348,81920,0,0,1
opt_f2_poly_dot,a3_b7_sparse_prefix_n1024,public_masks,0,512,8873.129,81920,0,0,1
opt_f2_poly_dot,a3_b7_sparse_prefix_n1024,public_blocks32,1,512,7739.096,81920,0,0,1
opt_f2_poly_dot,a3_b7_sparse_prefix_n1024,production_zero_skip,1,512,8151.938,81920,0,0,1
opt_f2_poly_dot,a3_b7_sparse_prefix_n1024,public_scan,1,512,7619.873,81920,0,0,1
opt_f2_poly_dot,a3_b7_sparse_prefix_n1024,fixed_schedule,1,512,6586.834,81920,0,0,1
opt_f2_poly_dot,a3_b7_sparse_prefix_n1024,public_adaptive,1,512,9533.854,81920,0,0,1
opt_f2_poly_dot,a3_b7_sparse_prefix_n1024,public_fused,1,512,10189.533,81920,0,0,1
opt_f2_poly_dot,a3_b7_sparse_prefix_n1024,public_masks,1,512,9140.789,81920,0,0,1
opt_f2_poly_dot,a3_b7_sparse_prefix_n1024,public_blocks8,1,512,6554.688,81920,0,0,1
opt_f2_poly_dot,a3_b7_sparse_prefix_n1024,public_classified,1,512,5943.686,81920,0,0,1
opt_f2_poly_dot,a3_b7_sparse_prefix_n1024,row_density,1,512,5582.357,81920,0,0,1
opt_f2_poly_dot,a3_b7_sparse_prefix_n1024,public_scan,2,512,7725.830,81920,0,0,1
opt_f2_poly_dot,a3_b7_sparse_prefix_n1024,public_blocks8,2,512,6556.396,81920,0,0,1
opt_f2_poly_dot,a3_b7_sparse_prefix_n1024,public_classified,2,512,5875.732,81920,0,0,1
opt_f2_poly_dot,a3_b7_sparse_prefix_n1024,public_masks,2,512,9257.732,81920,0,0,1
opt_f2_poly_dot,a3_b7_sparse_prefix_n1024,public_fused,2,512,9682.373,81920,0,0,1
opt_f2_poly_dot,a3_b7_sparse_prefix_n1024,production_zero_skip,2,512,8174.072,81920,0,0,1
opt_f2_poly_dot,a3_b7_sparse_prefix_n1024,public_blocks32,2,512,7759.604,81920,0,0,1
opt_f2_poly_dot,a3_b7_sparse_prefix_n1024,fixed_schedule,2,512,6846.924,81920,0,0,1
opt_f2_poly_dot,a3_b7_sparse_prefix_n1024,row_density,2,512,5814.453,81920,0,0,1
opt_f2_poly_dot,a3_b7_sparse_prefix_n1024,public_adaptive,2,512,9788.494,81920,0,0,1
opt_f2_poly_dot,a3_b7_sparse_prefix_n1024,production_zero_skip,3,512,8652.182,81920,0,0,1
opt_f2_poly_dot,a3_b7_sparse_prefix_n1024,public_scan,3,512,8030.191,81920,0,0,1
opt_f2_poly_dot,a3_b7_sparse_prefix_n1024,public_adaptive,3,512,10065.266,81920,0,0,1
opt_f2_poly_dot,a3_b7_sparse_prefix_n1024,public_classified,3,512,6136.557,81920,0,0,1
opt_f2_poly_dot,a3_b7_sparse_prefix_n1024,public_fused,3,512,10036.947,81920,0,0,1
opt_f2_poly_dot,a3_b7_sparse_prefix_n1024,fixed_schedule,3,512,6926.920,81920,0,0,1
opt_f2_poly_dot,a3_b7_sparse_prefix_n1024,public_blocks8,3,512,6800.537,81920,0,0,1
opt_f2_poly_dot,a3_b7_sparse_prefix_n1024,row_density,3,512,5870.688,81920,0,0,1
opt_f2_poly_dot,a3_b7_sparse_prefix_n1024,public_masks,3,512,9567.547,81920,0,0,1
opt_f2_poly_dot,a3_b7_sparse_prefix_n1024,public_blocks32,3,512,8524.902,81920,0,0,1
opt_f2_poly_dot,a3_b7_sparse_prefix_n1024,public_adaptive,4,512,9956.705,81920,0,0,1
opt_f2_poly_dot,a3_b7_sparse_prefix_n1024,public_blocks8,4,512,6878.010,81920,0,0,1
opt_f2_poly_dot,a3_b7_sparse_prefix_n1024,public_fused,4,512,9696.453,81920,0,0,1
opt_f2_poly_dot,a3_b7_sparse_prefix_n1024,fixed_schedule,4,512,6611.816,81920,0,0,1
opt_f2_poly_dot,a3_b7_sparse_prefix_n1024,row_density,4,512,5626.791,81920,0,0,1
opt_f2_poly_dot,a3_b7_sparse_prefix_n1024,public_blocks32,4,512,8074.055,81920,0,0,1
opt_f2_poly_dot,a3_b7_sparse_prefix_n1024,production_zero_skip,4,512,8295.572,81920,0,0,1
opt_f2_poly_dot,a3_b7_sparse_prefix_n1024,public_scan,4,512,7706.869,81920,0,0,1
opt_f2_poly_dot,a3_b7_sparse_prefix_n1024,public_classified,4,512,5828.533,81920,0,0,1
opt_f2_poly_dot,a3_b7_sparse_prefix_n1024,public_masks,4,512,8976.238,81920,0,0,1
opt_f2_poly_dot,a3_b7_sparse_prefix_n1024,public_masks,5,512,8905.600,81920,0,0,1
opt_f2_poly_dot,a3_b7_sparse_prefix_n1024,public_blocks32,5,512,7794.678,81920,0,0,1
opt_f2_poly_dot,a3_b7_sparse_prefix_n1024,row_density,5,512,5749.268,81920,0,0,1
opt_f2_poly_dot,a3_b7_sparse_prefix_n1024,fixed_schedule,5,512,6952.799,81920,0,0,1
opt_f2_poly_dot,a3_b7_sparse_prefix_n1024,public_fused,5,512,10179.279,81920,0,0,1
opt_f2_poly_dot,a3_b7_sparse_prefix_n1024,production_zero_skip,5,512,8999.188,81920,0,0,1
opt_f2_poly_dot,a3_b7_sparse_prefix_n1024,public_classified,5,512,6794.514,81920,0,0,1
opt_f2_poly_dot,a3_b7_sparse_prefix_n1024,public_adaptive,5,512,10155.029,81920,0,0,1
opt_f2_poly_dot,a3_b7_sparse_prefix_n1024,public_scan,5,512,8162.354,81920,0,0,1
opt_f2_poly_dot,a3_b7_sparse_prefix_n1024,public_blocks8,5,512,6844.482,81920,0,0,1
opt_f2_poly_dot,a3_b7_sparse_prefix_n1024,public_classified,6,512,6194.824,81920,0,0,1
opt_f2_poly_dot,a3_b7_sparse_prefix_n1024,public_fused,6,512,10275.473,81920,0,0,1
opt_f2_poly_dot,a3_b7_sparse_prefix_n1024,public_blocks32,6,512,8303.305,81920,0,0,1
opt_f2_poly_dot,a3_b7_sparse_prefix_n1024,fixed_schedule,6,512,7494.223,81920,0,0,1
opt_f2_poly_dot,a3_b7_sparse_prefix_n1024,public_blocks8,6,512,7181.479,81920,0,0,1
opt_f2_poly_dot,a3_b7_sparse_prefix_n1024,row_density,6,512,5995.199,81920,0,0,1
opt_f2_poly_dot,a3_b7_sparse_prefix_n1024,public_adaptive,6,512,10250.244,81920,0,0,1
opt_f2_poly_dot,a3_b7_sparse_prefix_n1024,public_scan,6,512,7779.215,81920,0,0,1
opt_f2_poly_dot,a3_b7_sparse_prefix_n1024,production_zero_skip,6,512,8485.025,81920,0,0,1
opt_f2_poly_dot,a3_b7_sparse_prefix_n1024,public_masks,6,512,9318.766,81920,0,0,1
opt_f2_poly_dot,a3_b7_sparse_prefix_n1024,public_masks,7,512,8972.332,81920,0,0,1
opt_f2_poly_dot,a3_b7_sparse_prefix_n1024,public_blocks8,7,512,6558.918,81920,0,0,1
opt_f2_poly_dot,a3_b7_sparse_prefix_n1024,fixed_schedule,7,512,6646.322,81920,0,0,1
opt_f2_poly_dot,a3_b7_sparse_prefix_n1024,public_adaptive,7,512,9655.354,81920,0,0,1
opt_f2_poly_dot,a3_b7_sparse_prefix_n1024,production_zero_skip,7,512,8281.658,81920,0,0,1
opt_f2_poly_dot,a3_b7_sparse_prefix_n1024,public_blocks32,7,512,7890.787,81920,0,0,1
opt_f2_poly_dot,a3_b7_sparse_prefix_n1024,public_scan,7,512,7755.859,81920,0,0,1
opt_f2_poly_dot,a3_b7_sparse_prefix_n1024,public_classified,7,512,5843.912,81920,0,0,1
opt_f2_poly_dot,a3_b7_sparse_prefix_n1024,public_fused,7,512,9873.373,81920,0,0,1
opt_f2_poly_dot,a3_b7_sparse_prefix_n1024,row_density,7,512,6104.492,81920,0,0,1
opt_f2_poly_dot,a3_b7_sparse_prefix_n1024,row_density,8,512,5792.725,81920,0,0,1
opt_f2_poly_dot,a3_b7_sparse_prefix_n1024,public_blocks32,8,512,7980.793,81920,0,0,1
opt_f2_poly_dot,a3_b7_sparse_prefix_n1024,public_fused,8,512,10003.906,81920,0,0,1
opt_f2_poly_dot,a3_b7_sparse_prefix_n1024,public_masks,8,512,9107.666,81920,0,0,1
opt_f2_poly_dot,a3_b7_sparse_prefix_n1024,public_scan,8,512,8571.941,81920,0,0,1
opt_f2_poly_dot,a3_b7_sparse_prefix_n1024,public_classified,8,512,6325.357,81920,0,0,1
opt_f2_poly_dot,a3_b7_sparse_prefix_n1024,public_blocks8,8,512,6879.068,81920,0,0,1
opt_f2_poly_dot,a3_b7_sparse_prefix_n1024,production_zero_skip,8,512,8749.918,81920,0,0,1
opt_f2_poly_dot,a3_b7_sparse_prefix_n1024,public_adaptive,8,512,9872.395,81920,0,0,1
opt_f2_poly_dot,a3_b7_sparse_prefix_n1024,fixed_schedule,8,512,7282.227,81920,0,0,1
opt_f2_poly_dot,a3_b7_sparse_prefix_n1024,row_density,9,512,6245.197,81920,0,0,1
opt_f2_poly_dot,a3_b7_sparse_prefix_n1024,fixed_schedule,9,512,8548.502,81920,0,0,1
opt_f2_poly_dot,a3_b7_sparse_prefix_n1024,public_masks,9,512,10015.789,81920,0,0,1
opt_f2_poly_dot,a3_b7_sparse_prefix_n1024,public_scan,9,512,9382.324,81920,0,0,1
opt_f2_poly_dot,a3_b7_sparse_prefix_n1024,public_classified,9,512,5812.338,81920,0,0,1
opt_f2_poly_dot,a3_b7_sparse_prefix_n1024,production_zero_skip,9,512,8293.295,81920,0,0,1
opt_f2_poly_dot,a3_b7_sparse_prefix_n1024,public_blocks8,9,512,6554.117,81920,0,0,1
opt_f2_poly_dot,a3_b7_sparse_prefix_n1024,public_adaptive,9,512,9573.730,81920,0,0,1
opt_f2_poly_dot,a3_b7_sparse_prefix_n1024,public_fused,9,512,9588.703,81920,0,0,1
opt_f2_poly_dot,a3_b7_sparse_prefix_n1024,public_blocks32,9,512,7752.197,81920,0,0,1
opt_f2_poly_dot,a3_b7_sparse_prefix_n1024,row_density,10,512,5875.568,81920,0,0,1
opt_f2_poly_dot,a3_b7_sparse_prefix_n1024,public_adaptive,10,512,9971.924,81920,0,0,1
opt_f2_poly_dot,a3_b7_sparse_prefix_n1024,public_blocks8,10,512,6596.680,81920,0,0,1
opt_f2_poly_dot,a3_b7_sparse_prefix_n1024,public_classified,10,512,5817.545,81920,0,0,1
opt_f2_poly_dot,a3_b7_sparse_prefix_n1024,public_scan,10,512,7664.795,81920,0,0,1
opt_f2_poly_dot,a3_b7_sparse_prefix_n1024,public_blocks32,10,512,7749.918,81920,0,0,1
opt_f2_poly_dot,a3_b7_sparse_prefix_n1024,fixed_schedule,10,512,6613.443,81920,0,0,1
opt_f2_poly_dot,a3_b7_sparse_prefix_n1024,public_fused,10,512,9727.295,81920,0,0,1
opt_f2_poly_dot,a3_b7_sparse_prefix_n1024,production_zero_skip,10,512,8268.146,81920,0,0,1
opt_f2_poly_dot,a3_b7_sparse_prefix_n1024,public_masks,10,512,8907.795,81920,0,0,1
opt_f2_poly_dot,a3_b7_sparse_prefix_n1024,public_fused,11,512,9535.645,81920,0,0,1
opt_f2_poly_dot,a3_b7_sparse_prefix_n1024,public_classified,11,512,5835.531,81920,0,0,1
opt_f2_poly_dot,a3_b7_sparse_prefix_n1024,public_scan,11,512,7691.000,81920,0,0,1
opt_f2_poly_dot,a3_b7_sparse_prefix_n1024,public_masks,11,512,9457.520,81920,0,0,1
opt_f2_poly_dot,a3_b7_sparse_prefix_n1024,public_blocks8,11,512,6467.365,81920,0,0,1
opt_f2_poly_dot,a3_b7_sparse_prefix_n1024,public_adaptive,11,512,9674.887,81920,0,0,1
opt_f2_poly_dot,a3_b7_sparse_prefix_n1024,public_blocks32,11,512,7830.729,81920,0,0,1
opt_f2_poly_dot,a3_b7_sparse_prefix_n1024,fixed_schedule,11,512,6613.037,81920,0,0,1
opt_f2_poly_dot,a3_b7_sparse_prefix_n1024,row_density,11,512,5570.557,81920,0,0,1
opt_f2_poly_dot,a3_b7_sparse_prefix_n1024,production_zero_skip,11,512,8225.750,81920,0,0,1
opt_f2_poly_dot,a3_b7_sparse_prefix_n1024,public_masks,12,512,9137.531,81920,0,0,1
opt_f2_poly_dot,a3_b7_sparse_prefix_n1024,production_zero_skip,12,512,8239.422,81920,0,0,1
opt_f2_poly_dot,a3_b7_sparse_prefix_n1024,public_blocks32,12,512,7762.533,81920,0,0,1
opt_f2_poly_dot,a3_b7_sparse_prefix_n1024,public_scan,12,512,7650.064,81920,0,0,1
opt_f2_poly_dot,a3_b7_sparse_prefix_n1024,public_adaptive,12,512,9583.902,81920,0,0,1
opt_f2_poly_dot,a3_b7_sparse_prefix_n1024,fixed_schedule,12,512,6580.975,81920,0,0,1
opt_f2_poly_dot,a3_b7_sparse_prefix_n1024,public_blocks8,12,512,6524.902,81920,0,0,1
opt_f2_poly_dot,a3_b7_sparse_prefix_n1024,row_density,12,512,5756.836,81920,0,0,1
opt_f2_poly_dot,a3_b7_sparse_prefix_n1024,public_fused,12,512,9918.863,81920,0,0,1
opt_f2_poly_dot,a3_b7_sparse_prefix_n1024,public_classified,12,512,6067.383,81920,0,0,1
opt_f2_poly_dot,a3_b7_sparse_prefix_n1024,production_zero_skip,13,512,8492.594,81920,0,0,1
opt_f2_poly_dot,a3_b7_sparse_prefix_n1024,public_masks,13,512,9374.676,81920,0,0,1
opt_f2_poly_dot,a3_b7_sparse_prefix_n1024,row_density,13,512,5672.527,81920,0,0,1
opt_f2_poly_dot,a3_b7_sparse_prefix_n1024,public_blocks32,13,512,8085.693,81920,0,0,1
opt_f2_poly_dot,a3_b7_sparse_prefix_n1024,public_adaptive,13,512,9952.881,81920,0,0,1
opt_f2_poly_dot,a3_b7_sparse_prefix_n1024,public_scan,13,512,7852.783,81920,0,0,1
opt_f2_poly_dot,a3_b7_sparse_prefix_n1024,public_classified,13,512,5994.711,81920,0,0,1
opt_f2_poly_dot,a3_b7_sparse_prefix_n1024,public_fused,13,512,9988.852,81920,0,0,1
opt_f2_poly_dot,a3_b7_sparse_prefix_n1024,public_blocks8,13,512,6689.127,81920,0,0,1
opt_f2_poly_dot,a3_b7_sparse_prefix_n1024,fixed_schedule,13,512,6797.607,81920,0,0,1
opt_f2_poly_dot,a3_b7_sparse_prefix_n1024,public_blocks8,14,512,6728.027,81920,0,0,1
opt_f2_poly_dot,a3_b7_sparse_prefix_n1024,public_classified,14,512,5726.318,81920,0,0,1
opt_f2_poly_dot,a3_b7_sparse_prefix_n1024,public_blocks32,14,512,7762.533,81920,0,0,1
opt_f2_poly_dot,a3_b7_sparse_prefix_n1024,public_adaptive,14,512,10082.357,81920,0,0,1
opt_f2_poly_dot,a3_b7_sparse_prefix_n1024,row_density,14,512,5645.752,81920,0,0,1
opt_f2_poly_dot,a3_b7_sparse_prefix_n1024,fixed_schedule,14,512,6756.592,81920,0,0,1
opt_f2_poly_dot,a3_b7_sparse_prefix_n1024,public_fused,14,512,9747.721,81920,0,0,1
opt_f2_poly_dot,a3_b7_sparse_prefix_n1024,public_scan,14,512,7677.979,81920,0,0,1
opt_f2_poly_dot,a3_b7_sparse_prefix_n1024,production_zero_skip,14,512,8156.088,81920,0,0,1
opt_f2_poly_dot,a3_b7_sparse_prefix_n1024,public_masks,14,512,8869.547,81920,0,0,1
opt_f2_poly_dot,a3_b7_sparse_prefix_n1024,fixed_schedule,15,512,6543.945,81920,0,0,1
opt_f2_poly_dot,a3_b7_sparse_prefix_n1024,public_scan,15,512,7683.676,81920,0,0,1
opt_f2_poly_dot,a3_b7_sparse_prefix_n1024,public_adaptive,15,512,9555.176,81920,0,0,1
opt_f2_poly_dot,a3_b7_sparse_prefix_n1024,public_blocks8,15,512,6480.875,81920,0,0,1
opt_f2_poly_dot,a3_b7_sparse_prefix_n1024,row_density,15,512,5495.768,81920,0,0,1
opt_f2_poly_dot,a3_b7_sparse_prefix_n1024,public_classified,15,512,5807.779,81920,0,0,1
opt_f2_poly_dot,a3_b7_sparse_prefix_n1024,public_fused,15,512,9617.352,81920,0,0,1
opt_f2_poly_dot,a3_b7_sparse_prefix_n1024,public_masks,15,512,8909.100,81920,0,0,1
opt_f2_poly_dot,a3_b7_sparse_prefix_n1024,public_blocks32,15,512,7734.537,81920,0,0,1
opt_f2_poly_dot,a3_b7_sparse_prefix_n1024,production_zero_skip,15,512,8176.270,81920,0,0,1
opt_f2_poly_dot,a3_b7_sparse_prefix_n1024,public_blocks8,16,512,6438.557,81920,0,0,1
opt_f2_poly_dot,a3_b7_sparse_prefix_n1024,production_zero_skip,16,512,8169.434,81920,0,0,1
opt_f2_poly_dot,a3_b7_sparse_prefix_n1024,fixed_schedule,16,512,6539.795,81920,0,0,1
opt_f2_poly_dot,a3_b7_sparse_prefix_n1024,public_fused,16,512,9496.500,81920,0,0,1
opt_f2_poly_dot,a3_b7_sparse_prefix_n1024,public_classified,16,512,5816.162,81920,0,0,1
opt_f2_poly_dot,a3_b7_sparse_prefix_n1024,public_scan,16,512,7651.611,81920,0,0,1
opt_f2_poly_dot,a3_b7_sparse_prefix_n1024,public_masks,16,512,8872.639,81920,0,0,1
opt_f2_poly_dot,a3_b7_sparse_prefix_n1024,public_adaptive,16,512,9482.828,81920,0,0,1
opt_f2_poly_dot,a3_b7_sparse_prefix_n1024,public_blocks32,16,512,7836.182,81920,0,0,1
opt_f2_poly_dot,a3_b7_sparse_prefix_n1024,row_density,16,512,5427.814,81920,0,0,1
opt_f2_poly_dot,a3_b7_sparse_prefix_n1024,public_classified,17,512,5827.719,81920,0,0,1
opt_f2_poly_dot,a3_b7_sparse_prefix_n1024,public_blocks8,17,512,6744.465,81920,0,0,1
opt_f2_poly_dot,a3_b7_sparse_prefix_n1024,row_density,17,512,5733.887,81920,0,0,1
opt_f2_poly_dot,a3_b7_sparse_prefix_n1024,fixed_schedule,17,512,6867.512,81920,0,0,1
opt_f2_poly_dot,a3_b7_sparse_prefix_n1024,public_masks,17,512,9365.314,81920,0,0,1
opt_f2_poly_dot,a3_b7_sparse_prefix_n1024,production_zero_skip,17,512,8429.852,81920,0,0,1
opt_f2_poly_dot,a3_b7_sparse_prefix_n1024,public_adaptive,17,512,9958.820,81920,0,0,1
opt_f2_poly_dot,a3_b7_sparse_prefix_n1024,public_blocks32,17,512,7902.182,81920,0,0,1
opt_f2_poly_dot,a3_b7_sparse_prefix_n1024,public_scan,17,512,8110.271,81920,0,0,1
opt_f2_poly_dot,a3_b7_sparse_prefix_n1024,public_fused,17,512,9807.373,81920,0,0,1
opt_f2_poly_dot,a3_b7_sparse_prefix_n1024,fixed_schedule,18,512,6647.297,81920,0,0,1
opt_f2_poly_dot,a3_b7_sparse_prefix_n1024,public_fused,18,512,9827.230,81920,0,0,1
opt_f2_poly_dot,a3_b7_sparse_prefix_n1024,public_blocks32,18,512,8059.734,81920,0,0,1
opt_f2_poly_dot,a3_b7_sparse_prefix_n1024,public_masks,18,512,9017.904,81920,0,0,1
opt_f2_poly_dot,a3_b7_sparse_prefix_n1024,public_blocks8,18,512,6557.537,81920,0,0,1
opt_f2_poly_dot,a3_b7_sparse_prefix_n1024,production_zero_skip,18,512,8208.822,81920,0,0,1
opt_f2_poly_dot,a3_b7_sparse_prefix_n1024,public_classified,18,512,5877.521,81920,0,0,1
opt_f2_poly_dot,a3_b7_sparse_prefix_n1024,public_scan,18,512,7746.664,81920,0,0,1
opt_f2_poly_dot,a3_b7_sparse_prefix_n1024,public_adaptive,18,512,9805.014,81920,0,0,1
opt_f2_poly_dot,a3_b7_sparse_prefix_n1024,row_density,18,512,5567.059,81920,0,0,1
opt_f2_poly_dot,a3_b7_sparse_prefix_n1024,public_scan,19,512,7757.162,81920,0,0,1
opt_f2_poly_dot,a3_b7_sparse_prefix_n1024,row_density,19,512,5598.553,81920,0,0,1
opt_f2_poly_dot,a3_b7_sparse_prefix_n1024,public_masks,19,512,9131.184,81920,0,0,1
opt_f2_poly_dot,a3_b7_sparse_prefix_n1024,public_blocks8,19,512,6635.254,81920,0,0,1
opt_f2_poly_dot,a3_b7_sparse_prefix_n1024,public_fused,19,512,9849.121,81920,0,0,1
opt_f2_poly_dot,a3_b7_sparse_prefix_n1024,public_adaptive,19,512,9764.566,81920,0,0,1
opt_f2_poly_dot,a3_b7_sparse_prefix_n1024,public_classified,19,512,5946.289,81920,0,0,1
opt_f2_poly_dot,a3_b7_sparse_prefix_n1024,public_blocks32,19,512,7894.938,81920,0,0,1
opt_f2_poly_dot,a3_b7_sparse_prefix_n1024,fixed_schedule,19,512,6650.797,81920,0,0,1
opt_f2_poly_dot,a3_b7_sparse_prefix_n1024,production_zero_skip,19,512,8275.555,81920,0,0,1
opt_f2_poly_dot,a3_b7_sparse_prefix_n1024,production_zero_skip,20,512,8272.867,81920,0,0,1
opt_f2_poly_dot,a3_b7_sparse_prefix_n1024,row_density,20,512,5572.348,81920,0,0,1
opt_f2_poly_dot,a3_b7_sparse_prefix_n1024,public_fused,20,512,9763.266,81920,0,0,1
opt_f2_poly_dot,a3_b7_sparse_prefix_n1024,fixed_schedule,20,512,6646.566,81920,0,0,1
opt_f2_poly_dot,a3_b7_sparse_prefix_n1024,public_masks,20,512,9019.451,81920,0,0,1
opt_f2_poly_dot,a3_b7_sparse_prefix_n1024,public_scan,20,512,7716.961,81920,0,0,1
opt_f2_poly_dot,a3_b7_sparse_prefix_n1024,public_blocks32,20,512,7838.623,81920,0,0,1
opt_f2_poly_dot,a3_b7_sparse_prefix_n1024,public_blocks8,20,512,6871.338,81920,0,0,1
opt_f2_poly_dot,a3_b7_sparse_prefix_n1024,public_adaptive,20,512,9652.344,81920,0,0,1
opt_f2_poly_dot,a3_b7_sparse_prefix_n1024,public_classified,20,512,5890.543,81920,0,0,1
opt_f2_poly_dot,a3_b7_sparse_prefix_n1024,fixed_schedule,21,512,6861.084,81920,0,0,1
opt_f2_poly_dot,a3_b7_sparse_prefix_n1024,public_classified,21,512,5865.234,81920,0,0,1
opt_f2_poly_dot,a3_b7_sparse_prefix_n1024,public_blocks8,21,512,6479.412,81920,0,0,1
opt_f2_poly_dot,a3_b7_sparse_prefix_n1024,public_blocks32,21,512,8128.906,81920,0,0,1
opt_f2_poly_dot,a3_b7_sparse_prefix_n1024,row_density,21,512,5829.102,81920,0,0,1
opt_f2_poly_dot,a3_b7_sparse_prefix_n1024,public_masks,21,512,9238.932,81920,0,0,1
opt_f2_poly_dot,a3_b7_sparse_prefix_n1024,public_scan,21,512,7814.045,81920,0,0,1
opt_f2_poly_dot,a3_b7_sparse_prefix_n1024,production_zero_skip,21,512,8353.678,81920,0,0,1
opt_f2_poly_dot,a3_b7_sparse_prefix_n1024,public_adaptive,21,512,9974.447,81920,0,0,1
opt_f2_poly_dot,a3_b7_sparse_prefix_n1024,public_fused,21,512,9784.750,81920,0,0,1
opt_f2_poly_dot,a3_b7_sparse_prefix_n1024,public_masks,22,512,8987.061,81920,0,0,1
opt_f2_poly_dot,a3_b7_sparse_prefix_n1024,public_blocks8,22,512,6529.053,81920,0,0,1
opt_f2_poly_dot,a3_b7_sparse_prefix_n1024,public_classified,22,512,5881.756,81920,0,0,1
opt_f2_poly_dot,a3_b7_sparse_prefix_n1024,public_blocks32,22,512,7862.631,81920,0,0,1
opt_f2_poly_dot,a3_b7_sparse_prefix_n1024,fixed_schedule,22,512,6626.221,81920,0,0,1
opt_f2_poly_dot,a3_b7_sparse_prefix_n1024,row_density,22,512,5664.145,81920,0,0,1
opt_f2_poly_dot,a3_b7_sparse_prefix_n1024,production_zero_skip,22,512,8697.266,81920,0,0,1
opt_f2_poly_dot,a3_b7_sparse_prefix_n1024,public_scan,22,512,8013.754,81920,0,0,1
opt_f2_poly_dot,a3_b7_sparse_prefix_n1024,public_fused,22,512,10397.055,81920,0,0,1
opt_f2_poly_dot,a3_b7_sparse_prefix_n1024,public_adaptive,22,512,10249.512,81920,0,0,1
opt_f2_poly_dot,a3_b7_sparse_prefix_n1024,public_fused,23,512,10646.566,81920,0,0,1
opt_f2_poly_dot,a3_b7_sparse_prefix_n1024,production_zero_skip,23,512,9316.568,81920,0,0,1
opt_f2_poly_dot,a3_b7_sparse_prefix_n1024,public_blocks8,23,512,7273.518,81920,0,0,1
opt_f2_poly_dot,a3_b7_sparse_prefix_n1024,fixed_schedule,23,512,7137.371,81920,0,0,1
opt_f2_poly_dot,a3_b7_sparse_prefix_n1024,public_adaptive,23,512,10006.836,81920,0,0,1
opt_f2_poly_dot,a3_b7_sparse_prefix_n1024,public_masks,23,512,9390.381,81920,0,0,1
opt_f2_poly_dot,a3_b7_sparse_prefix_n1024,row_density,23,512,6334.637,81920,0,0,1
opt_f2_poly_dot,a3_b7_sparse_prefix_n1024,public_scan,23,512,8550.049,81920,0,0,1
opt_f2_poly_dot,a3_b7_sparse_prefix_n1024,public_blocks32,23,512,8556.967,81920,0,0,1
opt_f2_poly_dot,a3_b7_sparse_prefix_n1024,public_classified,23,512,6064.129,81920,0,0,1
opt_f2_poly_dot,a3_b7_sparse_prefix_n1024,production_zero_skip,24,512,8620.199,81920,0,0,1
opt_f2_poly_dot,a3_b7_sparse_prefix_n1024,public_classified,24,512,6085.693,81920,0,0,1
opt_f2_poly_dot,a3_b7_sparse_prefix_n1024,public_masks,24,512,8949.301,81920,0,0,1
opt_f2_poly_dot,a3_b7_sparse_prefix_n1024,public_adaptive,24,512,9888.348,81920,0,0,1
opt_f2_poly_dot,a3_b7_sparse_prefix_n1024,fixed_schedule,24,512,6819.012,81920,0,0,1
opt_f2_poly_dot,a3_b7_sparse_prefix_n1024,public_blocks8,24,512,6535.318,81920,0,0,1
opt_f2_poly_dot,a3_b7_sparse_prefix_n1024,public_blocks32,24,512,8089.436,81920,0,0,1
opt_f2_poly_dot,a3_b7_sparse_prefix_n1024,public_scan,24,512,7849.609,81920,0,0,1
opt_f2_poly_dot,a3_b7_sparse_prefix_n1024,row_density,24,512,5677.408,81920,0,0,1
opt_f2_poly_dot,a3_b7_sparse_prefix_n1024,public_fused,24,512,10076.334,81920,0,0,1
opt_f2_poly_dot,a3_b7_sparse_prefix_n1024,fixed_schedule,25,512,6825.520,81920,0,0,1
opt_f2_poly_dot,a3_b7_sparse_prefix_n1024,public_fused,25,512,10026.287,81920,0,0,1
opt_f2_poly_dot,a3_b7_sparse_prefix_n1024,row_density,25,512,5719.645,81920,0,0,1
opt_f2_poly_dot,a3_b7_sparse_prefix_n1024,public_adaptive,25,512,9899.496,81920,0,0,1
opt_f2_poly_dot,a3_b7_sparse_prefix_n1024,public_scan,25,512,8600.830,81920,0,0,1
opt_f2_poly_dot,a3_b7_sparse_prefix_n1024,public_blocks32,25,512,8406.088,81920,0,0,1
opt_f2_poly_dot,a3_b7_sparse_prefix_n1024,public_blocks8,25,512,6970.297,81920,0,0,1
opt_f2_poly_dot,a3_b7_sparse_prefix_n1024,production_zero_skip,25,512,8974.201,81920,0,0,1
opt_f2_poly_dot,a3_b7_sparse_prefix_n1024,public_classified,25,512,6435.221,81920,0,0,1
opt_f2_poly_dot,a3_b7_sparse_prefix_n1024,public_masks,25,512,9883.057,81920,0,0,1
opt_f2_poly_dot,a3_b7_sparse_prefix_n1024,production_zero_skip,26,512,8488.119,81920,0,0,1
opt_f2_poly_dot,a3_b7_sparse_prefix_n1024,public_masks,26,512,9465.250,81920,0,0,1
opt_f2_poly_dot,a3_b7_sparse_prefix_n1024,public_blocks8,26,512,6573.648,81920,0,0,1
opt_f2_poly_dot,a3_b7_sparse_prefix_n1024,row_density,26,512,5562.580,81920,0,0,1
opt_f2_poly_dot,a3_b7_sparse_prefix_n1024,public_blocks32,26,512,7975.992,81920,0,0,1
opt_f2_poly_dot,a3_b7_sparse_prefix_n1024,fixed_schedule,26,512,6604.004,81920,0,0,1
opt_f2_poly_dot,a3_b7_sparse_prefix_n1024,public_classified,26,512,5955.729,81920,0,0,1
opt_f2_poly_dot,a3_b7_sparse_prefix_n1024,public_fused,26,512,10006.754,81920,0,0,1
opt_f2_poly_dot,a3_b7_sparse_prefix_n1024,public_adaptive,26,512,9926.676,81920,0,0,1
opt_f2_poly_dot,a3_b7_sparse_prefix_n1024,public_scan,26,512,7669.596,81920,0,0,1
opt_f2_poly_dot,a3_b7_sparse_prefix_n1024,public_scan,27,512,7735.678,81920,0,0,1
opt_f2_poly_dot,a3_b7_sparse_prefix_n1024,production_zero_skip,27,512,8488.607,81920,0,0,1
opt_f2_poly_dot,a3_b7_sparse_prefix_n1024,public_masks,27,512,9008.789,81920,0,0,1
opt_f2_poly_dot,a3_b7_sparse_prefix_n1024,public_adaptive,27,512,9751.627,81920,0,0,1
opt_f2_poly_dot,a3_b7_sparse_prefix_n1024,public_classified,27,512,5853.598,81920,0,0,1
opt_f2_poly_dot,a3_b7_sparse_prefix_n1024,fixed_schedule,27,512,6629.477,81920,0,0,1
opt_f2_poly_dot,a3_b7_sparse_prefix_n1024,public_blocks32,27,512,8185.223,81920,0,0,1
opt_f2_poly_dot,a3_b7_sparse_prefix_n1024,public_blocks8,27,512,6521.729,81920,0,0,1
opt_f2_poly_dot,a3_b7_sparse_prefix_n1024,public_fused,27,512,9927.408,81920,0,0,1
opt_f2_poly_dot,a3_b7_sparse_prefix_n1024,row_density,27,512,6042.969,81920,0,0,1
opt_f2_poly_dot,a3_b7_sparse_prefix_n1024,public_blocks8,28,512,6963.867,81920,0,0,1
opt_f2_poly_dot,a3_b7_sparse_prefix_n1024,public_classified,28,512,6398.438,81920,0,0,1
opt_f2_poly_dot,a3_b7_sparse_prefix_n1024,public_scan,28,512,8532.633,81920,0,0,1
opt_f2_poly_dot,a3_b7_sparse_prefix_n1024,public_blocks32,28,512,8073.975,81920,0,0,1
opt_f2_poly_dot,a3_b7_sparse_prefix_n1024,public_masks,28,512,9200.033,81920,0,0,1
opt_f2_poly_dot,a3_b7_sparse_prefix_n1024,production_zero_skip,28,512,8903.646,81920,0,0,1
opt_f2_poly_dot,a3_b7_sparse_prefix_n1024,row_density,28,512,6077.637,81920,0,0,1
opt_f2_poly_dot,a3_b7_sparse_prefix_n1024,public_adaptive,28,512,10154.623,81920,0,0,1
opt_f2_poly_dot,a3_b7_sparse_prefix_n1024,public_fused,28,512,9958.172,81920,0,0,1
opt_f2_poly_dot,a3_b7_sparse_prefix_n1024,fixed_schedule,28,512,6755.207,81920,0,0,1
opt_f2_poly_dot,a3_b7_sparse_prefix_n1024,public_adaptive,29,512,10432.699,81920,0,0,1
opt_f2_poly_dot,a3_b7_sparse_prefix_n1024,public_fused,29,512,10095.541,81920,0,0,1
opt_f2_poly_dot,a3_b7_sparse_prefix_n1024,public_classified,29,512,6429.770,81920,0,0,1
opt_f2_poly_dot,a3_b7_sparse_prefix_n1024,row_density,29,512,5977.457,81920,0,0,1
opt_f2_poly_dot,a3_b7_sparse_prefix_n1024,production_zero_skip,29,512,8317.059,81920,0,0,1
opt_f2_poly_dot,a3_b7_sparse_prefix_n1024,public_masks,29,512,9278.973,81920,0,0,1
opt_f2_poly_dot,a3_b7_sparse_prefix_n1024,public_blocks8,29,512,6445.150,81920,0,0,1
opt_f2_poly_dot,a3_b7_sparse_prefix_n1024,public_scan,29,512,7879.801,81920,0,0,1
opt_f2_poly_dot,a3_b7_sparse_prefix_n1024,public_blocks32,29,512,8086.020,81920,0,0,1
opt_f2_poly_dot,a3_b7_sparse_prefix_n1024,fixed_schedule,29,512,6799.072,81920,0,0,1
opt_f2_poly_dot,a3_b7_sparse_prefix_n1024,public_adaptive,30,512,9946.695,81920,0,0,1
opt_f2_poly_dot,a3_b7_sparse_prefix_n1024,public_blocks32,30,512,7973.551,81920,0,0,1
opt_f2_poly_dot,a3_b7_sparse_prefix_n1024,row_density,30,512,5527.262,81920,0,0,1
opt_f2_poly_dot,a3_b7_sparse_prefix_n1024,public_blocks8,30,512,6470.623,81920,0,0,1
opt_f2_poly_dot,a3_b7_sparse_prefix_n1024,public_fused,30,512,9572.510,81920,0,0,1
opt_f2_poly_dot,a3_b7_sparse_prefix_n1024,fixed_schedule,30,512,6627.035,81920,0,0,1
opt_f2_poly_dot,a3_b7_sparse_prefix_n1024,public_scan,30,512,7668.213,81920,0,0,1
opt_f2_poly_dot,a3_b7_sparse_prefix_n1024,public_masks,30,512,9092.447,81920,0,0,1
opt_f2_poly_dot,a3_b7_sparse_prefix_n1024,public_classified,30,512,6133.221,81920,0,0,1
opt_f2_poly_dot,a3_b7_sparse_prefix_n1024,production_zero_skip,30,512,8514.811,81920,0,0,1
opt_f2_poly_dot,a3_b7_sparse_prefix_n1024,public_fused,31,512,9898.193,81920,0,0,1
opt_f2_poly_dot,a3_b7_sparse_prefix_n1024,row_density,31,512,5525.229,81920,0,0,1
opt_f2_poly_dot,a3_b7_sparse_prefix_n1024,production_zero_skip,31,512,8318.521,81920,0,0,1
opt_f2_poly_dot,a3_b7_sparse_prefix_n1024,public_blocks8,31,512,6547.688,81920,0,0,1
opt_f2_poly_dot,a3_b7_sparse_prefix_n1024,public_classified,31,512,5876.465,81920,0,0,1
opt_f2_poly_dot,a3_b7_sparse_prefix_n1024,public_adaptive,31,512,9648.029,81920,0,0,1
opt_f2_poly_dot,a3_b7_sparse_prefix_n1024,public_blocks32,31,512,7830.729,81920,0,0,1
opt_f2_poly_dot,a3_b7_sparse_prefix_n1024,fixed_schedule,31,512,6676.107,81920,0,0,1
opt_f2_poly_dot,a3_b7_sparse_prefix_n1024,public_scan,31,512,7724.934,81920,0,0,1
opt_f2_poly_dot,a3_b7_sparse_prefix_n1024,public_masks,31,512,8991.535,81920,0,0,1
opt_f2_poly_dot,a3_b7_alternating_n16,production_zero_skip,0,65536,79.388,1280,0,0,1
opt_f2_poly_dot,a3_b7_alternating_n16,public_fused,0,65536,80.302,1280,0,0,1
opt_f2_poly_dot,a3_b7_alternating_n16,public_blocks8,0,65536,88.007,1280,0,0,1
opt_f2_poly_dot,a3_b7_alternating_n16,public_classified,0,65536,51.758,1280,0,0,1
opt_f2_poly_dot,a3_b7_alternating_n16,public_masks,0,65536,70.486,1280,0,0,1
opt_f2_poly_dot,a3_b7_alternating_n16,public_adaptive,0,65536,80.357,1280,0,0,1
opt_f2_poly_dot,a3_b7_alternating_n16,row_density,0,65536,49.573,1280,0,0,1
opt_f2_poly_dot,a3_b7_alternating_n16,fixed_schedule,0,65536,86.629,1280,0,0,1
opt_f2_poly_dot,a3_b7_alternating_n16,public_scan,0,65536,68.305,1280,0,0,1
opt_f2_poly_dot,a3_b7_alternating_n16,public_blocks32,0,65536,85.350,1280,0,0,1
opt_f2_poly_dot,a3_b7_alternating_n16,public_adaptive,1,65536,81.838,1280,0,0,1
opt_f2_poly_dot,a3_b7_alternating_n16,row_density,1,65536,51.016,1280,0,0,1
opt_f2_poly_dot,a3_b7_alternating_n16,public_masks,1,65536,74.876,1280,0,0,1
opt_f2_poly_dot,a3_b7_alternating_n16,public_fused,1,65536,81.196,1280,0,0,1
opt_f2_poly_dot,a3_b7_alternating_n16,production_zero_skip,1,65536,82.950,1280,0,0,1
opt_f2_poly_dot,a3_b7_alternating_n16,public_blocks32,1,65536,88.355,1280,0,0,1
opt_f2_poly_dot,a3_b7_alternating_n16,public_scan,1,65536,68.161,1280,0,0,1
opt_f2_poly_dot,a3_b7_alternating_n16,fixed_schedule,1,65536,89.256,1280,0,0,1
opt_f2_poly_dot,a3_b7_alternating_n16,public_blocks8,1,65536,93.285,1280,0,0,1
opt_f2_poly_dot,a3_b7_alternating_n16,public_classified,1,65536,51.415,1280,0,0,1
opt_f2_poly_dot,a3_b7_alternating_n16,public_classified,2,65536,52.189,1280,0,0,1
opt_f2_poly_dot,a3_b7_alternating_n16,fixed_schedule,2,65536,88.476,1280,0,0,1
opt_f2_poly_dot,a3_b7_alternating_n16,public_masks,2,65536,73.926,1280,0,0,1
opt_f2_poly_dot,a3_b7_alternating_n16,row_density,2,65536,52.121,1280,0,0,1
opt_f2_poly_dot,a3_b7_alternating_n16,production_zero_skip,2,65536,83.209,1280,0,0,1
opt_f2_poly_dot,a3_b7_alternating_n16,public_adaptive,2,65536,85.635,1280,0,0,1
opt_f2_poly_dot,a3_b7_alternating_n16,public_fused,2,65536,85.824,1280,0,0,1
opt_f2_poly_dot,a3_b7_alternating_n16,public_scan,2,65536,72.405,1280,0,0,1
opt_f2_poly_dot,a3_b7_alternating_n16,public_blocks8,2,65536,96.141,1280,0,0,1
opt_f2_poly_dot,a3_b7_alternating_n16,public_blocks32,2,65536,87.416,1280,0,0,1
opt_f2_poly_dot,a3_b7_alternating_n16,public_fused,3,65536,84.485,1280,0,0,1
opt_f2_poly_dot,a3_b7_alternating_n16,public_blocks8,3,65536,91.646,1280,0,0,1
opt_f2_poly_dot,a3_b7_alternating_n16,public_masks,3,65536,75.001,1280,0,0,1
opt_f2_poly_dot,a3_b7_alternating_n16,production_zero_skip,3,65536,83.596,1280,0,0,1
opt_f2_poly_dot,a3_b7_alternating_n16,fixed_schedule,3,65536,86.498,1280,0,0,1
opt_f2_poly_dot,a3_b7_alternating_n16,public_adaptive,3,65536,81.396,1280,0,0,1
opt_f2_poly_dot,a3_b7_alternating_n16,public_classified,3,65536,51.914,1280,0,0,1
opt_f2_poly_dot,a3_b7_alternating_n16,public_blocks32,3,65536,86.234,1280,0,0,1
opt_f2_poly_dot,a3_b7_alternating_n16,public_scan,3,65536,69.099,1280,0,0,1
opt_f2_poly_dot,a3_b7_alternating_n16,row_density,3,65536,49.939,1280,0,0,1
opt_f2_poly_dot,a3_b7_alternating_n16,fixed_schedule,4,65536,87.139,1280,0,0,1
opt_f2_poly_dot,a3_b7_alternating_n16,public_blocks8,4,65536,88.151,1280,0,0,1
opt_f2_poly_dot,a3_b7_alternating_n16,public_classified,4,65536,50.865,1280,0,0,1
opt_f2_poly_dot,a3_b7_alternating_n16,public_scan,4,65536,68.352,1280,0,0,1
opt_f2_poly_dot,a3_b7_alternating_n16,public_blocks32,4,65536,84.387,1280,0,0,1
opt_f2_poly_dot,a3_b7_alternating_n16,row_density,4,65536,49.241,1280,0,0,1
opt_f2_poly_dot,a3_b7_alternating_n16,public_fused,4,65536,80.711,1280,0,0,1
opt_f2_poly_dot,a3_b7_alternating_n16,production_zero_skip,4,65536,78.835,1280,0,0,1
opt_f2_poly_dot,a3_b7_alternating_n16,public_masks,4,65536,70.618,1280,0,0,1
opt_f2_poly_dot,a3_b7_alternating_n16,public_adaptive,4,65536,80.754,1280,0,0,1
opt_f2_poly_dot,a3_b7_alternating_n16,public_blocks8,5,65536,88.607,1280,0,0,1
opt_f2_poly_dot,a3_b7_alternating_n16,public_scan,5,65536,72.321,1280,0,0,1
opt_f2_poly_dot,a3_b7_alternating_n16,public_fused,5,65536,80.467,1280,0,0,1
opt_f2_poly_dot,a3_b7_alternating_n16,public_blocks32,5,65536,87.030,1280,0,0,1
opt_f2_poly_dot,a3_b7_alternating_n16,public_masks,5,65536,72.531,1280,0,0,1
opt_f2_poly_dot,a3_b7_alternating_n16,row_density,5,65536,50.704,1280,0,0,1
opt_f2_poly_dot,a3_b7_alternating_n16,public_adaptive,5,65536,81.451,1280,0,0,1
opt_f2_poly_dot,a3_b7_alternating_n16,fixed_schedule,5,65536,89.997,1280,0,0,1
opt_f2_poly_dot,a3_b7_alternating_n16,public_classified,5,65536,50.851,1280,0,0,1
opt_f2_poly_dot,a3_b7_alternating_n16,production_zero_skip,5,65536,82.421,1280,0,0,1
opt_f2_poly_dot,a3_b7_alternating_n16,public_adaptive,6,65536,89.599,1280,0,0,1
opt_f2_poly_dot,a3_b7_alternating_n16,fixed_schedule,6,65536,95.363,1280,0,0,1
opt_f2_poly_dot,a3_b7_alternating_n16,public_fused,6,65536,87.687,1280,0,0,1
opt_f2_poly_dot,a3_b7_alternating_n16,production_zero_skip,6,65536,85.485,1280,0,0,1
opt_f2_poly_dot,a3_b7_alternating_n16,public_scan,6,65536,70.807,1280,0,0,1
opt_f2_poly_dot,a3_b7_alternating_n16,public_blocks8,6,65536,93.842,1280,0,0,1
opt_f2_poly_dot,a3_b7_alternating_n16,row_density,6,65536,50.812,1280,0,0,1
opt_f2_poly_dot,a3_b7_alternating_n16,public_blocks32,6,65536,87.227,1280,0,0,1
opt_f2_poly_dot,a3_b7_alternating_n16,public_masks,6,65536,72.309,1280,0,0,1
opt_f2_poly_dot,a3_b7_alternating_n16,public_classified,6,65536,53.249,1280,0,0,1
opt_f2_poly_dot,a3_b7_alternating_n16,production_zero_skip,7,65536,87.473,1280,0,0,1
opt_f2_poly_dot,a3_b7_alternating_n16,row_density,7,65536,53.634,1280,0,0,1
opt_f2_poly_dot,a3_b7_alternating_n16,public_masks,7,65536,71.650,1280,0,0,1
opt_f2_poly_dot,a3_b7_alternating_n16,public_adaptive,7,65536,80.523,1280,0,0,1
opt_f2_poly_dot,a3_b7_alternating_n16,public_blocks8,7,65536,87.584,1280,0,0,1
opt_f2_poly_dot,a3_b7_alternating_n16,public_blocks32,7,65536,83.866,1280,0,0,1
opt_f2_poly_dot,a3_b7_alternating_n16,public_scan,7,65536,68.569,1280,0,0,1
opt_f2_poly_dot,a3_b7_alternating_n16,public_classified,7,65536,50.997,1280,0,0,1
opt_f2_poly_dot,a3_b7_alternating_n16,fixed_schedule,7,65536,85.367,1280,0,0,1
opt_f2_poly_dot,a3_b7_alternating_n16,public_fused,7,65536,81.460,1280,0,0,1
opt_f2_poly_dot,a3_b7_alternating_n16,row_density,8,65536,52.709,1280,0,0,1
opt_f2_poly_dot,a3_b7_alternating_n16,public_classified,8,65536,52.083,1280,0,0,1
opt_f2_poly_dot,a3_b7_alternating_n16,public_blocks32,8,65536,87.401,1280,0,0,1
opt_f2_poly_dot,a3_b7_alternating_n16,public_scan,8,65536,68.841,1280,0,0,1
opt_f2_poly_dot,a3_b7_alternating_n16,public_adaptive,8,65536,85.078,1280,0,0,1
opt_f2_poly_dot,a3_b7_alternating_n16,public_masks,8,65536,73.239,1280,0,0,1
opt_f2_poly_dot,a3_b7_alternating_n16,production_zero_skip,8,65536,80.886,1280,0,0,1
opt_f2_poly_dot,a3_b7_alternating_n16,public_fused,8,65536,83.898,1280,0,0,1
opt_f2_poly_dot,a3_b7_alternating_n16,fixed_schedule,8,65536,87.900,1280,0,0,1
opt_f2_poly_dot,a3_b7_alternating_n16,public_blocks8,8,65536,87.422,1280,0,0,1
opt_f2_poly_dot,a3_b7_alternating_n16,public_scan,9,65536,67.531,1280,0,0,1
opt_f2_poly_dot,a3_b7_alternating_n16,public_masks,9,65536,69.656,1280,0,0,1
opt_f2_poly_dot,a3_b7_alternating_n16,fixed_schedule,9,65536,85.290,1280,0,0,1
opt_f2_poly_dot,a3_b7_alternating_n16,public_adaptive,9,65536,80.324,1280,0,0,1
opt_f2_poly_dot,a3_b7_alternating_n16,production_zero_skip,9,65536,77.869,1280,0,0,1
opt_f2_poly_dot,a3_b7_alternating_n16,public_fused,9,65536,79.624,1280,0,0,1
opt_f2_poly_dot,a3_b7_alternating_n16,public_blocks32,9,65536,83.082,1280,0,0,1
opt_f2_poly_dot,a3_b7_alternating_n16,public_classified,9,65536,50.274,1280,0,0,1
opt_f2_poly_dot,a3_b7_alternating_n16,row_density,9,65536,48.658,1280,0,0,1
opt_f2_poly_dot,a3_b7_alternating_n16,public_blocks8,9,65536,86.706,1280,0,0,1
opt_f2_poly_dot,a3_b7_alternating_n16,fixed_schedule,10,65536,85.300,1280,0,0,1
opt_f2_poly_dot,a3_b7_alternating_n16,public_fused,10,65536,79.659,1280,0,0,1
opt_f2_poly_dot,a3_b7_alternating_n16,public_adaptive,10,65536,79.693,1280,0,0,1
opt_f2_poly_dot,a3_b7_alternating_n16,row_density,10,65536,48.764,1280,0,0,1
opt_f2_poly_dot,a3_b7_alternating_n16,public_blocks32,10,65536,83.508,1280,0,0,1
opt_f2_poly_dot,a3_b7_alternating_n16,public_masks,10,65536,69.489,1280,0,0,1
opt_f2_poly_dot,a3_b7_alternating_n16,production_zero_skip,10,65536,77.793,1280,0,0,1
opt_f2_poly_dot,a3_b7_alternating_n16,public_scan,10,65536,67.692,1280,0,0,1
opt_f2_poly_dot,a3_b7_alternating_n16,public_classified,10,65536,50.324,1280,0,0,1
opt_f2_poly_dot,a3_b7_alternating_n16,public_blocks8,10,65536,90.328,1280,0,0,1
opt_f2_poly_dot,a3_b7_alternating_n16,public_blocks32,11,65536,84.771,1280,0,0,1
opt_f2_poly_dot,a3_b7_alternating_n16,public_fused,11,65536,85.020,1280,0,0,1
opt_f2_poly_dot,a3_b7_alternating_n16,fixed_schedule,11,65536,88.914,1280,0,0,1
opt_f2_poly_dot,a3_b7_alternating_n16,row_density,11,65536,51.157,1280,0,0,1
opt_f2_poly_dot,a3_b7_alternating_n16,public_classified,11,65536,52.243,1280,0,0,1
opt_f2_poly_dot,a3_b7_alternating_n16,production_zero_skip,11,65536,80.062,1280,0,0,1
opt_f2_poly_dot,a3_b7_alternating_n16,public_masks,11,65536,71.589,1280,0,0,1
opt_f2_poly_dot,a3_b7_alternating_n16,public_scan,11,65536,69.639,1280,0,0,1
opt_f2_poly_dot,a3_b7_alternating_n16,public_adaptive,11,65536,82.143,1280,0,0,1
opt_f2_poly_dot,a3_b7_alternating_n16,public_blocks8,11,65536,88.083,1280,0,0,1
opt_f2_poly_dot,a3_b7_alternating_n16,fixed_schedule,12,65536,85.257,1280,0,0,1
opt_f2_poly_dot,a3_b7_alternating_n16,production_zero_skip,12,65536,77.764,1280,0,0,1
opt_f2_poly_dot,a3_b7_alternating_n16,public_classified,12,65536,50.261,1280,0,0,1
opt_f2_poly_dot,a3_b7_alternating_n16,public_blocks8,12,65536,87.041,1280,0,0,1
opt_f2_poly_dot,a3_b7_alternating_n16,public_fused,12,65536,79.709,1280,0,0,1
opt_f2_poly_dot,a3_b7_alternating_n16,public_masks,12,65536,69.581,1280,0,0,1
opt_f2_poly_dot,a3_b7_alternating_n16,public_adaptive,12,65536,79.575,1280,0,0,1
opt_f2_poly_dot,a3_b7_alternating_n16,row_density,12,65536,48.642,1280,0,0,1
opt_f2_poly_dot,a3_b7_alternating_n16,public_blocks32,12,65536,83.030,1280,0,0,1
opt_f2_poly_dot,a3_b7_alternating_n16,public_scan,12,65536,68.801,1280,0,0,1
opt_f2_poly_dot,a3_b7_alternating_n16,fixed_schedule,13,65536,86.447,1280,0,0,1
opt_f2_poly_dot,a3_b7_alternating_n16,public_classified,13,65536,51.853,1280,0,0,1
opt_f2_poly_dot,a3_b7_alternating_n16,row_density,13,65536,49.072,1280,0,0,1
opt_f2_poly_dot,a3_b7_alternating_n16,public_fused,13,65536,82.556,1280,0,0,1
opt_f2_poly_dot,a3_b7_alternating_n16,public_blocks32,13,65536,86.970,1280,0,0,1
opt_f2_poly_dot,a3_b7_alternating_n16,public_scan,13,65536,72.180,1280,0,0,1
opt_f2_poly_dot,a3_b7_alternating_n16,public_blocks8,13,65536,90.452,1280,0,0,1
opt_f2_poly_dot,a3_b7_alternating_n16,production_zero_skip,13,65536,82.242,1280,0,0,1
opt_f2_poly_dot,a3_b7_alternating_n16,public_adaptive,13,65536,84.379,1280,0,0,1
opt_f2_poly_dot,a3_b7_alternating_n16,public_masks,13,65536,76.162,1280,0,0,1
opt_f2_poly_dot,a3_b7_alternating_n16,public_blocks32,14,65536,92.456,1280,0,0,1
opt_f2_poly_dot,a3_b7_alternating_n16,public_blocks8,14,65536,94.083,1280,0,0,1
opt_f2_poly_dot,a3_b7_alternating_n16,public_adaptive,14,65536,85.314,1280,0,0,1
opt_f2_poly_dot,a3_b7_alternating_n16,row_density,14,65536,52.526,1280,0,0,1
opt_f2_poly_dot,a3_b7_alternating_n16,public_masks,14,65536,75.350,1280,0,0,1
opt_f2_poly_dot,a3_b7_alternating_n16,public_scan,14,65536,70.059,1280,0,0,1
opt_f2_poly_dot,a3_b7_alternating_n16,public_fused,14,65536,84.843,1280,0,0,1
opt_f2_poly_dot,a3_b7_alternating_n16,production_zero_skip,14,65536,80.804,1280,0,0,1
opt_f2_poly_dot,a3_b7_alternating_n16,public_classified,14,65536,54.591,1280,0,0,1
opt_f2_poly_dot,a3_b7_alternating_n16,fixed_schedule,14,65536,88.847,1280,0,0,1
opt_f2_poly_dot,a3_b7_alternating_n16,fixed_schedule,15,65536,92.229,1280,0,0,1
opt_f2_poly_dot,a3_b7_alternating_n16,public_adaptive,15,65536,87.243,1280,0,0,1
opt_f2_poly_dot,a3_b7_alternating_n16,public_classified,15,65536,54.073,1280,0,0,1
opt_f2_poly_dot,a3_b7_alternating_n16,production_zero_skip,15,65536,82.560,1280,0,0,1
opt_f2_poly_dot,a3_b7_alternating_n16,public_masks,15,65536,77.141,1280,0,0,1
opt_f2_poly_dot,a3_b7_alternating_n16,row_density,15,65536,50.081,1280,0,0,1
opt_f2_poly_dot,a3_b7_alternating_n16,public_scan,15,65536,70.787,1280,0,0,1
opt_f2_poly_dot,a3_b7_alternating_n16,public_fused,15,65536,82.956,1280,0,0,1
opt_f2_poly_dot,a3_b7_alternating_n16,public_blocks8,15,65536,91.442,1280,0,0,1
opt_f2_poly_dot,a3_b7_alternating_n16,public_blocks32,15,65536,91.884,1280,0,0,1
opt_f2_poly_dot,a3_b7_alternating_n16,fixed_schedule,16,65536,88.571,1280,0,0,1
opt_f2_poly_dot,a3_b7_alternating_n16,row_density,16,65536,49.002,1280,0,0,1
opt_f2_poly_dot,a3_b7_alternating_n16,public_classified,16,65536,50.234,1280,0,0,1
opt_f2_poly_dot,a3_b7_alternating_n16,public_scan,16,65536,67.852,1280,0,0,1
opt_f2_poly_dot,a3_b7_alternating_n16,public_blocks8,16,65536,87.406,1280,0,0,1
opt_f2_poly_dot,a3_b7_alternating_n16,public_adaptive,16,65536,80.226,1280,0,0,1
opt_f2_poly_dot,a3_b7_alternating_n16,production_zero_skip,16,65536,78.488,1280,0,0,1
opt_f2_poly_dot,a3_b7_alternating_n16,public_fused,16,65536,80.793,1280,0,0,1
opt_f2_poly_dot,a3_b7_alternating_n16,public_blocks32,16,65536,86.663,1280,0,0,1
opt_f2_poly_dot,a3_b7_alternating_n16,public_masks,16,65536,71.238,1280,0,0,1
opt_f2_poly_dot,a3_b7_alternating_n16,public_scan,17,65536,68.881,1280,0,0,1
opt_f2_poly_dot,a3_b7_alternating_n16,production_zero_skip,17,65536,79.667,1280,0,0,1
opt_f2_poly_dot,a3_b7_alternating_n16,public_blocks8,17,65536,90.176,1280,0,0,1
opt_f2_poly_dot,a3_b7_alternating_n16,public_masks,17,65536,71.670,1280,0,0,1
opt_f2_poly_dot,a3_b7_alternating_n16,fixed_schedule,17,65536,87.236,1280,0,0,1
opt_f2_poly_dot,a3_b7_alternating_n16,public_adaptive,17,65536,80.324,1280,0,0,1
opt_f2_poly_dot,a3_b7_alternating_n16,public_classified,17,65536,50.650,1280,0,0,1
opt_f2_poly_dot,a3_b7_alternating_n16,row_density,17,65536,49.380,1280,0,0,1
opt_f2_poly_dot,a3_b7_alternating_n16,public_blocks32,17,65536,85.600,1280,0,0,1
opt_f2_poly_dot,a3_b7_alternating_n16,public_fused,17,65536,80.161,1280,0,0,1
opt_f2_poly_dot,a3_b7_alternating_n16,row_density,18,65536,49.016,1280,0,0,1
opt_f2_poly_dot,a3_b7_alternating_n16,public_fused,18,65536,80.702,1280,0,0,1
opt_f2_poly_dot,a3_b7_alternating_n16,production_zero_skip,18,65536,79.110,1280,0,0,1
opt_f2_poly_dot,a3_b7_alternating_n16,public_classified,18,65536,52.490,1280,0,0,1
opt_f2_poly_dot,a3_b7_alternating_n16,fixed_schedule,18,65536,87.233,1280,0,0,1
opt_f2_poly_dot,a3_b7_alternating_n16,public_blocks32,18,65536,83.859,1280,0,0,1
opt_f2_poly_dot,a3_b7_alternating_n16,public_adaptive,18,65536,80.386,1280,0,0,1
opt_f2_poly_dot,a3_b7_alternating_n16,public_masks,18,65536,70.838,1280,0,0,1
opt_f2_poly_dot,a3_b7_alternating_n16,public_blocks8,18,65536,89.362,1280,0,0,1
opt_f2_poly_dot,a3_b7_alternating_n16,public_scan,18,65536,68.096,1280,0,0,1
opt_f2_poly_dot,a3_b7_alternating_n16,public_blocks8,19,65536,88.541,1280,0,0,1
opt_f2_poly_dot,a3_b7_alternating_n16,public_blocks32,19,65536,84.106,1280,0,0,1
opt_f2_poly_dot,a3_b7_alternating_n16,public_masks,19,65536,70.092,1280,0,0,1
opt_f2_poly_dot,a3_b7_alternating_n16,public_fused,19,65536,80.571,1280,0,0,1
opt_f2_poly_dot,a3_b7_alternating_n16,public_classified,19,65536,52.593,1280,0,0,1
opt_f2_poly_dot,a3_b7_alternating_n16,fixed_schedule,19,65536,89.918,1280,0,0,1
opt_f2_poly_dot,a3_b7_alternating_n16,public_scan,19,65536,71.854,1280,0,0,1
opt_f2_poly_dot,a3_b7_alternating_n16,production_zero_skip,19,65536,84.784,1280,0,0,1
opt_f2_poly_dot,a3_b7_alternating_n16,row_density,19,65536,54.536,1280,0,0,1
opt_f2_poly_dot,a3_b7_alternating_n16,public_adaptive,19,65536,88.001,1280,0,0,1
opt_f2_poly_dot,a3_b7_alternating_n16,public_blocks8,20,65536,93.926,1280,0,0,1
opt_f2_poly_dot,a3_b7_alternating_n16,public_classified,20,65536,53.999,1280,0,0,1
opt_f2_poly_dot,a3_b7_alternating_n16,public_fused,20,65536,83.996,1280,0,0,1
opt_f2_poly_dot,a3_b7_alternating_n16,public_blocks32,20,65536,92.817,1280,0,0,1
opt_f2_poly_dot,a3_b7_alternating_n16,public_adaptive,20,65536,86.962,1280,0,0,1
opt_f2_poly_dot,a3_b7_alternating_n16,production_zero_skip,20,65536,85.765,1280,0,0,1
opt_f2_poly_dot,a3_b7_alternating_n16,public_masks,20,65536,72.729,1280,0,0,1
opt_f2_poly_dot,a3_b7_alternating_n16,row_density,20,65536,51.507,1280,0,0,1
opt_f2_poly_dot,a3_b7_alternating_n16,fixed_schedule,20,65536,91.373,1280,0,0,1
opt_f2_poly_dot,a3_b7_alternating_n16,public_scan,20,65536,69.380,1280,0,0,1
opt_f2_poly_dot,a3_b7_alternating_n16,public_masks,21,65536,69.473,1280,0,0,1
opt_f2_poly_dot,a3_b7_alternating_n16,row_density,21,65536,48.627,1280,0,0,1
opt_f2_poly_dot,a3_b7_alternating_n16,public_scan,21,65536,67.607,1280,0,0,1
opt_f2_poly_dot,a3_b7_alternating_n16,public_classified,21,65536,50.364,1280,0,0,1
opt_f2_poly_dot,a3_b7_alternating_n16,production_zero_skip,21,65536,78.049,1280,0,0,1
opt_f2_poly_dot,a3_b7_alternating_n16,public_adaptive,21,65536,79.694,1280,0,0,1
opt_f2_poly_dot,a3_b7_alternating_n16,public_blocks8,21,65536,93.764,1280,0,0,1
opt_f2_poly_dot,a3_b7_alternating_n16,fixed_schedule,21,65536,86.116,1280,0,0,1
opt_f2_poly_dot,a3_b7_alternating_n16,public_blocks32,21,65536,88.111,1280,0,0,1
opt_f2_poly_dot,a3_b7_alternating_n16,public_fused,21,65536,84.767,1280,0,0,1
opt_f2_poly_dot,a3_b7_alternating_n16,public_blocks32,22,65536,87.131,1280,0,0,1
opt_f2_poly_dot,a3_b7_alternating_n16,production_zero_skip,22,65536,82.726,1280,0,0,1
opt_f2_poly_dot,a3_b7_alternating_n16,row_density,22,65536,50.168,1280,0,0,1
opt_f2_poly_dot,a3_b7_alternating_n16,public_masks,22,65536,73.451,1280,0,0,1
opt_f2_poly_dot,a3_b7_alternating_n16,fixed_schedule,22,65536,86.692,1280,0,0,1
opt_f2_poly_dot,a3_b7_alternating_n16,public_fused,22,65536,81.440,1280,0,0,1
opt_f2_poly_dot,a3_b7_alternating_n16,public_scan,22,65536,67.479,1280,0,0,1
opt_f2_poly_dot,a3_b7_alternating_n16,public_adaptive,22,65536,80.515,1280,0,0,1
opt_f2_poly_dot,a3_b7_alternating_n16,public_classified,22,65536,50.344,1280,0,0,1
opt_f2_poly_dot,a3_b7_alternating_n16,public_blocks8,22,65536,86.819,1280,0,0,1
opt_f2_poly_dot,a3_b7_alternating_n16,public_classified,23,65536,50.334,1280,0,0,1
opt_f2_poly_dot,a3_b7_alternating_n16,public_blocks8,23,65536,87.011,1280,0,0,1
opt_f2_poly_dot,a3_b7_alternating_n16,public_blocks32,23,65536,83.430,1280,0,0,1
opt_f2_poly_dot,a3_b7_alternating_n16,public_scan,23,65536,67.417,1280,0,0,1
opt_f2_poly_dot,a3_b7_alternating_n16,public_adaptive,23,65536,81.429,1280,0,0,1
opt_f2_poly_dot,a3_b7_alternating_n16,public_fused,23,65536,80.372,1280,0,0,1
opt_f2_poly_dot,a3_b7_alternating_n16,public_masks,23,65536,69.644,1280,0,0,1
opt_f2_poly_dot,a3_b7_alternating_n16,row_density,23,65536,48.845,1280,0,0,1
opt_f2_poly_dot,a3_b7_alternating_n16,production_zero_skip,23,65536,78.398,1280,0,0,1
opt_f2_poly_dot,a3_b7_alternating_n16,fixed_schedule,23,65536,85.219,1280,0,0,1
opt_f2_poly_dot,a3_b7_alternating_n16,public_scan,24,65536,68.242,1280,0,0,1
opt_f2_poly_dot,a3_b7_alternating_n16,row_density,24,65536,51.855,1280,0,0,1
opt_f2_poly_dot,a3_b7_alternating_n16,public_fused,24,65536,82.935,1280,0,0,1
opt_f2_poly_dot,a3_b7_alternating_n16,fixed_schedule,24,65536,91.280,1280,0,0,1
opt_f2_poly_dot,a3_b7_alternating_n16,public_classified,24,65536,50.793,1280,0,0,1
opt_f2_poly_dot,a3_b7_alternating_n16,public_blocks8,24,65536,87.862,1280,0,0,1
opt_f2_poly_dot,a3_b7_alternating_n16,public_blocks32,24,65536,83.495,1280,0,0,1
opt_f2_poly_dot,a3_b7_alternating_n16,production_zero_skip,24,65536,78.979,1280,0,0,1
opt_f2_poly_dot,a3_b7_alternating_n16,public_masks,24,65536,69.649,1280,0,0,1
opt_f2_poly_dot,a3_b7_alternating_n16,public_adaptive,24,65536,80.346,1280,0,0,1
opt_f2_poly_dot,a3_b7_alternating_n16,public_blocks8,25,65536,87.929,1280,0,0,1
opt_f2_poly_dot,a3_b7_alternating_n16,public_fused,25,65536,79.586,1280,0,0,1
opt_f2_poly_dot,a3_b7_alternating_n16,public_adaptive,25,65536,79.845,1280,0,0,1
opt_f2_poly_dot,a3_b7_alternating_n16,public_blocks32,25,65536,83.649,1280,0,0,1
opt_f2_poly_dot,a3_b7_alternating_n16,public_masks,25,65536,69.494,1280,0,0,1
opt_f2_poly_dot,a3_b7_alternating_n16,public_classified,25,65536,55.013,1280,0,0,1
opt_f2_poly_dot,a3_b7_alternating_n16,production_zero_skip,25,65536,78.258,1280,0,0,1
opt_f2_poly_dot,a3_b7_alternating_n16,fixed_schedule,25,65536,88.599,1280,0,0,1
opt_f2_poly_dot,a3_b7_alternating_n16,row_density,25,65536,50.791,1280,0,0,1
opt_f2_poly_dot,a3_b7_alternating_n16,public_scan,25,65536,69.969,1280,0,0,1
opt_f2_poly_dot,a3_b7_alternating_n16,row_density,26,65536,50.417,1280,0,0,1
opt_f2_poly_dot,a3_b7_alternating_n16,public_scan,26,65536,71.044,1280,0,0,1
opt_f2_poly_dot,a3_b7_alternating_n16,public_classified,26,65536,52.839,1280,0,0,1
opt_f2_poly_dot,a3_b7_alternating_n16,production_zero_skip,26,65536,79.575,1280,0,0,1
opt_f2_poly_dot,a3_b7_alternating_n16,public_fused,26,65536,80.987,1280,0,0,1
opt_f2_poly_dot,a3_b7_alternating_n16,public_masks,26,65536,71.689,1280,0,0,1
opt_f2_poly_dot,a3_b7_alternating_n16,public_blocks8,26,65536,88.879,1280,0,0,1
opt_f2_poly_dot,a3_b7_alternating_n16,fixed_schedule,26,65536,85.708,1280,0,0,1
opt_f2_poly_dot,a3_b7_alternating_n16,public_adaptive,26,65536,79.895,1280,0,0,1
opt_f2_poly_dot,a3_b7_alternating_n16,public_blocks32,26,65536,83.532,1280,0,0,1
opt_f2_poly_dot,a3_b7_alternating_n16,row_density,27,65536,49.135,1280,0,0,1
opt_f2_poly_dot,a3_b7_alternating_n16,public_blocks8,27,65536,87.771,1280,0,0,1
opt_f2_poly_dot,a3_b7_alternating_n16,public_fused,27,65536,80.185,1280,0,0,1
opt_f2_poly_dot,a3_b7_alternating_n16,production_zero_skip,27,65536,78.010,1280,0,0,1
opt_f2_poly_dot,a3_b7_alternating_n16,public_masks,27,65536,69.901,1280,0,0,1
opt_f2_poly_dot,a3_b7_alternating_n16,public_blocks32,27,65536,86.340,1280,0,0,1
opt_f2_poly_dot,a3_b7_alternating_n16,public_classified,27,65536,50.882,1280,0,0,1
opt_f2_poly_dot,a3_b7_alternating_n16,public_adaptive,27,65536,81.865,1280,0,0,1
opt_f2_poly_dot,a3_b7_alternating_n16,public_scan,27,65536,70.127,1280,0,0,1
opt_f2_poly_dot,a3_b7_alternating_n16,fixed_schedule,27,65536,88.402,1280,0,0,1
opt_f2_poly_dot,a3_b7_alternating_n16,public_blocks32,28,65536,84.075,1280,0,0,1
opt_f2_poly_dot,a3_b7_alternating_n16,public_masks,28,65536,70.679,1280,0,0,1
opt_f2_poly_dot,a3_b7_alternating_n16,row_density,28,65536,51.618,1280,0,0,1
opt_f2_poly_dot,a3_b7_alternating_n16,fixed_schedule,28,65536,88.439,1280,0,0,1
opt_f2_poly_dot,a3_b7_alternating_n16,public_classified,28,65536,52.364,1280,0,0,1
opt_f2_poly_dot,a3_b7_alternating_n16,public_blocks8,28,65536,91.023,1280,0,0,1
opt_f2_poly_dot,a3_b7_alternating_n16,public_scan,28,65536,70.205,1280,0,0,1
opt_f2_poly_dot,a3_b7_alternating_n16,production_zero_skip,28,65536,83.139,1280,0,0,1
opt_f2_poly_dot,a3_b7_alternating_n16,public_adaptive,28,65536,83.381,1280,0,0,1
opt_f2_poly_dot,a3_b7_alternating_n16,public_fused,28,65536,83.806,1280,0,0,1
opt_f2_poly_dot,a3_b7_alternating_n16,production_zero_skip,29,65536,82.420,1280,0,0,1
opt_f2_poly_dot,a3_b7_alternating_n16,row_density,29,65536,51.053,1280,0,0,1
opt_f2_poly_dot,a3_b7_alternating_n16,fixed_schedule,29,65536,91.145,1280,0,0,1
opt_f2_poly_dot,a3_b7_alternating_n16,public_scan,29,65536,69.974,1280,0,0,1
opt_f2_poly_dot,a3_b7_alternating_n16,public_blocks32,29,65536,88.099,1280,0,0,1
opt_f2_poly_dot,a3_b7_alternating_n16,public_fused,29,65536,85.100,1280,0,0,1
opt_f2_poly_dot,a3_b7_alternating_n16,public_adaptive,29,65536,85.170,1280,0,0,1
opt_f2_poly_dot,a3_b7_alternating_n16,public_blocks8,29,65536,87.645,1280,0,0,1
opt_f2_poly_dot,a3_b7_alternating_n16,public_classified,29,65536,50.365,1280,0,0,1
opt_f2_poly_dot,a3_b7_alternating_n16,public_masks,29,65536,69.763,1280,0,0,1
opt_f2_poly_dot,a3_b7_alternating_n16,public_blocks32,30,65536,83.536,1280,0,0,1
opt_f2_poly_dot,a3_b7_alternating_n16,public_scan,30,65536,67.486,1280,0,0,1
opt_f2_poly_dot,a3_b7_alternating_n16,public_fused,30,65536,79.709,1280,0,0,1
opt_f2_poly_dot,a3_b7_alternating_n16,fixed_schedule,30,65536,86.134,1280,0,0,1
opt_f2_poly_dot,a3_b7_alternating_n16,public_adaptive,30,65536,81.577,1280,0,0,1
opt_f2_poly_dot,a3_b7_alternating_n16,public_classified,30,65536,51.233,1280,0,0,1
opt_f2_poly_dot,a3_b7_alternating_n16,row_density,30,65536,50.669,1280,0,0,1
opt_f2_poly_dot,a3_b7_alternating_n16,public_masks,30,65536,73.019,1280,0,0,1
opt_f2_poly_dot,a3_b7_alternating_n16,public_blocks8,30,65536,90.438,1280,0,0,1
opt_f2_poly_dot,a3_b7_alternating_n16,production_zero_skip,30,65536,79.515,1280,0,0,1
opt_f2_poly_dot,a3_b7_alternating_n16,public_classified,31,65536,51.208,1280,0,0,1
opt_f2_poly_dot,a3_b7_alternating_n16,public_masks,31,65536,70.844,1280,0,0,1
opt_f2_poly_dot,a3_b7_alternating_n16,public_adaptive,31,65536,81.387,1280,0,0,1
opt_f2_poly_dot,a3_b7_alternating_n16,fixed_schedule,31,65536,86.788,1280,0,0,1
opt_f2_poly_dot,a3_b7_alternating_n16,production_zero_skip,31,65536,79.366,1280,0,0,1
opt_f2_poly_dot,a3_b7_alternating_n16,public_blocks32,31,65536,86.987,1280,0,0,1
opt_f2_poly_dot,a3_b7_alternating_n16,public_fused,31,65536,81.544,1280,0,0,1
opt_f2_poly_dot,a3_b7_alternating_n16,row_density,31,65536,48.688,1280,0,0,1
opt_f2_poly_dot,a3_b7_alternating_n16,public_scan,31,65536,69.276,1280,0,0,1
opt_f2_poly_dot,a3_b7_alternating_n16,public_blocks8,31,65536,87.538,1280,0,0,1
opt_f2_poly_dot,a3_b7_alternating_n1024,public_scan,0,1024,4262.817,81920,0,0,1
opt_f2_poly_dot,a3_b7_alternating_n1024,public_classified,0,1024,3097.412,81920,0,0,1
opt_f2_poly_dot,a3_b7_alternating_n1024,fixed_schedule,0,1024,6671.143,81920,0,0,1
opt_f2_poly_dot,a3_b7_alternating_n1024,public_blocks8,0,1024,5348.999,81920,0,0,1
opt_f2_poly_dot,a3_b7_alternating_n1024,production_zero_skip,0,1024,4694.539,81920,0,0,1
opt_f2_poly_dot,a3_b7_alternating_n1024,public_adaptive,0,1024,4933.879,81920,0,0,1
opt_f2_poly_dot,a3_b7_alternating_n1024,public_masks,0,1024,4506.308,81920,0,0,1
opt_f2_poly_dot,a3_b7_alternating_n1024,public_fused,0,1024,5003.418,81920,0,0,1
opt_f2_poly_dot,a3_b7_alternating_n1024,public_blocks32,0,1024,5050.293,81920,0,0,1
opt_f2_poly_dot,a3_b7_alternating_n1024,row_density,0,1024,2999.512,81920,0,0,1
opt_f2_poly_dot,a3_b7_alternating_n1024,public_adaptive,1,1024,4878.418,81920,0,0,1
opt_f2_poly_dot,a3_b7_alternating_n1024,public_blocks32,1,1024,5020.630,81920,0,0,1
opt_f2_poly_dot,a3_b7_alternating_n1024,production_zero_skip,1,1024,4706.421,81920,0,0,1
opt_f2_poly_dot,a3_b7_alternating_n1024,public_blocks8,1,1024,5302.328,81920,0,0,1
opt_f2_poly_dot,a3_b7_alternating_n1024,fixed_schedule,1,1024,6429.484,81920,0,0,1
opt_f2_poly_dot,a3_b7_alternating_n1024,public_masks,1,1024,4682.088,81920,0,0,1
opt_f2_poly_dot,a3_b7_alternating_n1024,row_density,1,1024,3196.940,81920,0,0,1
opt_f2_poly_dot,a3_b7_alternating_n1024,public_fused,1,1024,5167.317,81920,0,0,1
opt_f2_poly_dot,a3_b7_alternating_n1024,public_classified,1,1024,3303.508,81920,0,0,1
opt_f2_poly_dot,a3_b7_alternating_n1024,public_scan,1,1024,4572.469,81920,0,0,1
opt_f2_poly_dot,a3_b7_alternating_n1024,production_zero_skip,2,1024,5094.523,81920,0,0,1
opt_f2_poly_dot,a3_b7_alternating_n1024,public_blocks8,2,1024,5366.252,81920,0,0,1
opt_f2_poly_dot,a3_b7_alternating_n1024,public_adaptive,2,1024,5138.265,81920,0,0,1
opt_f2_poly_dot,a3_b7_alternating_n1024,public_masks,2,1024,4821.858,81920,0,0,1
opt_f2_poly_dot,a3_b7_alternating_n1024,row_density,2,1024,3293.782,81920,0,0,1
opt_f2_poly_dot,a3_b7_alternating_n1024,fixed_schedule,2,1024,7103.475,81920,0,0,1
opt_f2_poly_dot,a3_b7_alternating_n1024,public_blocks32,2,1024,5492.879,81920,0,0,1
opt_f2_poly_dot,a3_b7_alternating_n1024,public_scan,2,1024,4339.722,81920,0,0,1
opt_f2_poly_dot,a3_b7_alternating_n1024,public_fused,2,1024,4880.981,81920,0,0,1
opt_f2_poly_dot,a3_b7_alternating_n1024,public_classified,2,1024,3234.985,81920,0,0,1
opt_f2_poly_dot,a3_b7_alternating_n1024,public_masks,3,1024,4726.603,81920,0,0,1
opt_f2_poly_dot,a3_b7_alternating_n1024,fixed_schedule,3,1024,6739.095,81920,0,0,1
opt_f2_poly_dot,a3_b7_alternating_n1024,public_classified,3,1024,3092.692,81920,0,0,1
opt_f2_poly_dot,a3_b7_alternating_n1024,production_zero_skip,3,1024,4678.142,81920,0,0,1
opt_f2_poly_dot,a3_b7_alternating_n1024,public_fused,3,1024,4843.790,81920,0,0,1
opt_f2_poly_dot,a3_b7_alternating_n1024,public_blocks8,3,1024,5296.021,81920,0,0,1
opt_f2_poly_dot,a3_b7_alternating_n1024,public_blocks32,3,1024,4937.459,81920,0,0,1
opt_f2_poly_dot,a3_b7_alternating_n1024,row_density,3,1024,3066.000,81920,0,0,1
opt_f2_poly_dot,a3_b7_alternating_n1024,public_scan,3,1024,4342.041,81920,0,0,1
opt_f2_poly_dot,a3_b7_alternating_n1024,public_adaptive,3,1024,4938.924,81920,0,0,1
opt_f2_poly_dot,a3_b7_alternating_n1024,fixed_schedule,4,1024,6636.230,81920,0,0,1
opt_f2_poly_dot,a3_b7_alternating_n1024,public_masks,4,1024,4554.240,81920,0,0,1
opt_f2_poly_dot,a3_b7_alternating_n1024,public_fused,4,1024,4834.635,81920,0,0,1
opt_f2_poly_dot,a3_b7_alternating_n1024,public_classified,4,1024,3116.251,81920,0,0,1
opt_f2_poly_dot,a3_b7_alternating_n1024,production_zero_skip,4,1024,4666.179,81920,0,0,1
opt_f2_poly_dot,a3_b7_alternating_n1024,public_scan,4,1024,4266.602,81920,0,0,1
opt_f2_poly_dot,a3_b7_alternating_n1024,public_adaptive,4,1024,5176.514,81920,0,0,1
opt_f2_poly_dot,a3_b7_alternating_n1024,row_density,4,1024,3146.159,81920,0,0,1
opt_f2_poly_dot,a3_b7_alternating_n1024,public_blocks8,4,1024,5649.170,81920,0,0,1
opt_f2_poly_dot,a3_b7_alternating_n1024,public_blocks32,4,1024,5140.463,81920,0,0,1
opt_f2_poly_dot,a3_b7_alternating_n1024,row_density,5,1024,3046.956,81920,0,0,1
opt_f2_poly_dot,a3_b7_alternating_n1024,public_scan,5,1024,4242.960,81920,0,0,1
opt_f2_poly_dot,a3_b7_alternating_n1024,public_masks,5,1024,4604.980,81920,0,0,1
opt_f2_poly_dot,a3_b7_alternating_n1024,public_adaptive,5,1024,4868.449,81920,0,0,1
opt_f2_poly_dot,a3_b7_alternating_n1024,fixed_schedule,5,1024,6644.043,81920,0,0,1
opt_f2_poly_dot,a3_b7_alternating_n1024,production_zero_skip,5,1024,4695.068,81920,0,0,1
opt_f2_poly_dot,a3_b7_alternating_n1024,public_blocks32,5,1024,5316.650,81920,0,0,1
opt_f2_poly_dot,a3_b7_alternating_n1024,public_classified,5,1024,3252.075,81920,0,0,1
opt_f2_poly_dot,a3_b7_alternating_n1024,public_blocks8,5,1024,5465.251,81920,0,0,1
opt_f2_poly_dot,a3_b7_alternating_n1024,public_fused,5,1024,4957.764,81920,0,0,1
opt_f2_poly_dot,a3_b7_alternating_n1024,public_classified,6,1024,3156.738,81920,0,0,1
opt_f2_poly_dot,a3_b7_alternating_n1024,production_zero_skip,6,1024,4625.854,81920,0,0,1
opt_f2_poly_dot,a3_b7_alternating_n1024,public_blocks8,6,1024,5384.725,81920,0,0,1
opt_f2_poly_dot,a3_b7_alternating_n1024,public_scan,6,1024,4406.738,81920,0,0,1
opt_f2_poly_dot,a3_b7_alternating_n1024,public_masks,6,1024,4560.587,81920,0,0,1
opt_f2_poly_dot,a3_b7_alternating_n1024,public_fused,6,1024,4907.389,81920,0,0,1
opt_f2_poly_dot,a3_b7_alternating_n1024,row_density,6,1024,3056.722,81920,0,0,1
opt_f2_poly_dot,a3_b7_alternating_n1024,fixed_schedule,6,1024,6866.333,81920,0,0,1
opt_f2_poly_dot,a3_b7_alternating_n1024,public_adaptive,6,1024,5122.519,81920,0,0,1
opt_f2_poly_dot,a3_b7_alternating_n1024,public_blocks32,6,1024,5052.246,81920,0,0,1
opt_f2_poly_dot,a3_b7_alternating_n1024,fixed_schedule,7,1024,6645.345,81920,0,0,1
opt_f2_poly_dot,a3_b7_alternating_n1024,public_masks,7,1024,4490.071,81920,0,0,1
opt_f2_poly_dot,a3_b7_alternating_n1024,row_density,7,1024,3038.737,81920,0,0,1
opt_f2_poly_dot,a3_b7_alternating_n1024,public_classified,7,1024,3080.566,81920,0,0,1
opt_f2_poly_dot,a3_b7_alternating_n1024,public_blocks8,7,1024,5193.685,81920,0,0,1
opt_f2_poly_dot,a3_b7_alternating_n1024,public_blocks32,7,1024,4980.510,81920,0,0,1
opt_f2_poly_dot,a3_b7_alternating_n1024,public_fused,7,1024,4837.891,81920,0,0,1
opt_f2_poly_dot,a3_b7_alternating_n1024,production_zero_skip,7,1024,4624.309,81920,0,0,1
opt_f2_poly_dot,a3_b7_alternating_n1024,public_scan,7,1024,4293.823,81920,0,0,1
opt_f2_poly_dot,a3_b7_alternating_n1024,public_adaptive,7,1024,4841.064,81920,0,0,1
opt_f2_poly_dot,a3_b7_alternating_n1024,public_scan,8,1024,4228.597,81920,0,0,1
opt_f2_poly_dot,a3_b7_alternating_n1024,production_zero_skip,8,1024,4996.379,81920,0,0,1
opt_f2_poly_dot,a3_b7_alternating_n1024,public_blocks8,8,1024,5543.010,81920,0,0,1
opt_f2_poly_dot,a3_b7_alternating_n1024,row_density,8,1024,3106.607,81920,0,0,1
opt_f2_poly_dot,a3_b7_alternating_n1024,public_masks,8,1024,4500.041,81920,0,0,1
opt_f2_poly_dot,a3_b7_alternating_n1024,public_blocks32,8,1024,5187.459,81920,0,0,1
opt_f2_poly_dot,a3_b7_alternating_n1024,public_fused,8,1024,4904.663,81920,0,0,1
opt_f2_poly_dot,a3_b7_alternating_n1024,fixed_schedule,8,1024,6793.254,81920,0,0,1
opt_f2_poly_dot,a3_b7_alternating_n1024,public_classified,8,1024,3098.674,81920,0,0,1
opt_f2_poly_dot,a3_b7_alternating_n1024,public_adaptive,8,1024,5091.105,81920,0,0,1
opt_f2_poly_dot,a3_b7_alternating_n1024,public_classified,9,1024,3101.074,81920,0,0,1
opt_f2_poly_dot,a3_b7_alternating_n1024,public_blocks8,9,1024,5285.645,81920,0,0,1
opt_f2_poly_dot,a3_b7_alternating_n1024,production_zero_skip,9,1024,4645.183,81920,0,0,1
opt_f2_poly_dot,a3_b7_alternating_n1024,public_adaptive,9,1024,4848.592,81920,0,0,1
opt_f2_poly_dot,a3_b7_alternating_n1024,public_masks,9,1024,4461.426,81920,0,0,1
opt_f2_poly_dot,a3_b7_alternating_n1024,public_blocks32,9,1024,4934.163,81920,0,0,1
opt_f2_poly_dot,a3_b7_alternating_n1024,row_density,9,1024,2978.230,81920,0,0,1
opt_f2_poly_dot,a3_b7_alternating_n1024,fixed_schedule,9,1024,6591.756,81920,0,0,1
opt_f2_poly_dot,a3_b7_alternating_n1024,public_fused,9,1024,4877.400,81920,0,0,1
opt_f2_poly_dot,a3_b7_alternating_n1024,public_scan,9,1024,4223.104,81920,0,0,1
opt_f2_poly_dot,a3_b7_alternating_n1024,public_blocks32,10,1024,4942.789,81920,0,0,1
opt_f2_poly_dot,a3_b7_alternating_n1024,public_blocks8,10,1024,5180.867,81920,0,0,1
opt_f2_poly_dot,a3_b7_alternating_n1024,public_adaptive,10,1024,4849.772,81920,0,0,1
opt_f2_poly_dot,a3_b7_alternating_n1024,public_masks,10,1024,4467.082,81920,0,0,1
opt_f2_poly_dot,a3_b7_alternating_n1024,row_density,10,1024,2985.312,81920,0,0,1
opt_f2_poly_dot,a3_b7_alternating_n1024,fixed_schedule,10,1024,6570.149,81920,0,0,1
opt_f2_poly_dot,a3_b7_alternating_n1024,production_zero_skip,10,1024,4742.757,81920,0,0,1
opt_f2_poly_dot,a3_b7_alternating_n1024,public_scan,10,1024,4402.995,81920,0,0,1
opt_f2_poly_dot,a3_b7_alternating_n1024,public_fused,10,1024,4852.905,81920,0,0,1
opt_f2_poly_dot,a3_b7_alternating_n1024,public_classified,10,1024,3082.520,81920,0,0,1
opt_f2_poly_dot,a3_b7_alternating_n1024,fixed_schedule,11,1024,6643.352,81920,0,0,1
opt_f2_poly_dot,a3_b7_alternating_n1024,public_blocks32,11,1024,5299.031,81920,0,0,1
opt_f2_poly_dot,a3_b7_alternating_n1024,public_fused,11,1024,5141.479,81920,0,0,1
opt_f2_poly_dot,a3_b7_alternating_n1024,public_scan,11,1024,4524.210,81920,0,0,1
opt_f2_poly_dot,a3_b7_alternating_n1024,row_density,11,1024,3177.409,81920,0,0,1
opt_f2_poly_dot,a3_b7_alternating_n1024,public_adaptive,11,1024,5007.690,81920,0,0,1
opt_f2_poly_dot,a3_b7_alternating_n1024,production_zero_skip,11,1024,4674.642,81920,0,0,1
opt_f2_poly_dot,a3_b7_alternating_n1024,public_blocks8,11,1024,5226.155,81920,0,0,1
opt_f2_poly_dot,a3_b7_alternating_n1024,public_masks,11,1024,4500.041,81920,0,0,1
opt_f2_poly_dot,a3_b7_alternating_n1024,public_classified,11,1024,3126.628,81920,0,0,1
opt_f2_poly_dot,a3_b7_alternating_n1024,public_adaptive,12,1024,4962.442,81920,0,0,1
opt_f2_poly_dot,a3_b7_alternating_n1024,fixed_schedule,12,1024,6547.363,81920,0,0,1
opt_f2_poly_dot,a3_b7_alternating_n1024,public_blocks32,12,1024,4934.937,81920,0,0,1
opt_f2_poly_dot,a3_b7_alternating_n1024,public_blocks8,12,1024,5202.148,81920,0,0,1
opt_f2_poly_dot,a3_b7_alternating_n1024,public_scan,12,1024,4225.139,81920,0,0,1
opt_f2_poly_dot,a3_b7_alternating_n1024,public_masks,12,1024,4455.363,81920,0,0,1
opt_f2_poly_dot,a3_b7_alternating_n1024,production_zero_skip,12,1024,4616.740,81920,0,0,1
opt_f2_poly_dot,a3_b7_alternating_n1024,row_density,12,1024,2979.451,81920,0,0,1
opt_f2_poly_dot,a3_b7_alternating_n1024,public_fused,12,1024,4849.568,81920,0,0,1
opt_f2_poly_dot,a3_b7_alternating_n1024,public_classified,12,1024,3099.446,81920,0,0,1
opt_f2_poly_dot,a3_b7_alternating_n1024,public_adaptive,13,1024,4851.236,81920,0,0,1
opt_f2_poly_dot,a3_b7_alternating_n1024,public_blocks8,13,1024,5180.176,81920,0,0,1
opt_f2_poly_dot,a3_b7_alternating_n1024,fixed_schedule,13,1024,6536.173,81920,0,0,1
opt_f2_poly_dot,a3_b7_alternating_n1024,public_fused,13,1024,4831.706,81920,0,0,1
opt_f2_poly_dot,a3_b7_alternating_n1024,public_masks,13,1024,4473.470,81920,0,0,1
opt_f2_poly_dot,a3_b7_alternating_n1024,production_zero_skip,13,1024,4610.637,81920,0,0,1
opt_f2_poly_dot,a3_b7_alternating_n1024,public_scan,13,1024,4238.321,81920,0,0,1
opt_f2_poly_dot,a3_b7_alternating_n1024,public_classified,13,1024,3084.961,81920,0,0,1
opt_f2_poly_dot,a3_b7_alternating_n1024,public_blocks32,13,1024,4911.296,81920,0,0,1
opt_f2_poly_dot,a3_b7_alternating_n1024,row_density,13,1024,2971.843,81920,0,0,1
opt_f2_poly_dot,a3_b7_alternating_n1024,public_classified,14,1024,3081.055,81920,0,0,1
opt_f2_poly_dot,a3_b7_alternating_n1024,public_scan,14,1024,4243.448,81920,0,0,1
opt_f2_poly_dot,a3_b7_alternating_n1024,production_zero_skip,14,1024,4784.628,81920,0,0,1
opt_f2_poly_dot,a3_b7_alternating_n1024,fixed_schedule,14,1024,7018.962,81920,0,0,1
opt_f2_poly_dot,a3_b7_alternating_n1024,public_blocks32,14,1024,5191.446,81920,0,0,1
opt_f2_poly_dot,a3_b7_alternating_n1024,public_fused,14,1024,5076.701,81920,0,0,1
opt_f2_poly_dot,a3_b7_alternating_n1024,row_density,14,1024,3102.051,81920,0,0,1
opt_f2_poly_dot,a3_b7_alternating_n1024,public_masks,14,1024,4620.158,81920,0,0,1
opt_f2_poly_dot,a3_b7_alternating_n1024,public_adaptive,14,1024,5010.091,81920,0,0,1
opt_f2_poly_dot,a3_b7_alternating_n1024,public_blocks8,14,1024,5336.182,81920,0,0,1
opt_f2_poly_dot,a3_b7_alternating_n1024,public_blocks32,15,1024,5126.628,81920,0,0,1
opt_f2_poly_dot,a3_b7_alternating_n1024,public_fused,15,1024,4974.324,81920,0,0,1
opt_f2_poly_dot,a3_b7_alternating_n1024,public_adaptive,15,1024,4860.962,81920,0,0,1
opt_f2_poly_dot,a3_b7_alternating_n1024,public_blocks8,15,1024,5194.865,81920,0,0,1
opt_f2_poly_dot,a3_b7_alternating_n1024,public_scan,15,1024,4240.845,81920,0,0,1
opt_f2_poly_dot,a3_b7_alternating_n1024,fixed_schedule,15,1024,6681.479,81920,0,0,1
opt_f2_poly_dot,a3_b7_alternating_n1024,public_masks,15,1024,4620.687,81920,0,0,1
opt_f2_poly_dot,a3_b7_alternating_n1024,public_classified,15,1024,3210.083,81920,0,0,1
opt_f2_poly_dot,a3_b7_alternating_n1024,production_zero_skip,15,1024,4897.217,81920,0,0,1
opt_f2_poly_dot,a3_b7_alternating_n1024,row_density,15,1024,3117.920,81920,0,0,1
opt_f2_poly_dot,a3_b7_alternating_n1024,production_zero_skip,16,1024,4880.208,81920,0,0,1
opt_f2_poly_dot,a3_b7_alternating_n1024,public_classified,16,1024,3248.535,81920,0,0,1
opt_f2_poly_dot,a3_b7_alternating_n1024,fixed_schedule,16,1024,6967.855,81920,0,0,1
opt_f2_poly_dot,a3_b7_alternating_n1024,public_masks,16,1024,4693.359,81920,0,0,1
opt_f2_poly_dot,a3_b7_alternating_n1024,public_adaptive,16,1024,5135.010,81920,0,0,1
opt_f2_poly_dot,a3_b7_alternating_n1024,public_scan,16,1024,4475.016,81920,0,0,1
opt_f2_poly_dot,a3_b7_alternating_n1024,public_fused,16,1024,5098.674,81920,0,0,1
opt_f2_poly_dot,a3_b7_alternating_n1024,public_blocks32,16,1024,5217.041,81920,0,0,1
opt_f2_poly_dot,a3_b7_alternating_n1024,row_density,16,1024,3185.018,81920,0,0,1
opt_f2_poly_dot,a3_b7_alternating_n1024,public_blocks8,16,1024,5451.742,81920,0,0,1
opt_f2_poly_dot,a3_b7_alternating_n1024,public_adaptive,17,1024,5098.958,81920,0,0,1
opt_f2_poly_dot,a3_b7_alternating_n1024,public_blocks8,17,1024,5738.321,81920,0,0,1
opt_f2_poly_dot,a3_b7_alternating_n1024,public_classified,17,1024,3239.502,81920,0,0,1
opt_f2_poly_dot,a3_b7_alternating_n1024,public_scan,17,1024,4575.847,81920,0,0,1
opt_f2_poly_dot,a3_b7_alternating_n1024,production_zero_skip,17,1024,5084.961,81920,0,0,1
opt_f2_poly_dot,a3_b7_alternating_n1024,row_density,17,1024,3223.307,81920,0,0,1
opt_f2_poly_dot,a3_b7_alternating_n1024,fixed_schedule,17,1024,7111.734,81920,0,0,1
opt_f2_poly_dot,a3_b7_alternating_n1024,public_blocks32,17,1024,5440.593,81920,0,0,1
opt_f2_poly_dot,a3_b7_alternating_n1024,public_fused,17,1024,5413.492,81920,0,0,1
opt_f2_poly_dot,a3_b7_alternating_n1024,public_masks,17,1024,4995.605,81920,0,0,1
opt_f2_poly_dot,a3_b7_alternating_n1024,public_blocks8,18,1024,5634.359,81920,0,0,1
opt_f2_poly_dot,a3_b7_alternating_n1024,public_classified,18,1024,3256.796,81920,0,0,1
opt_f2_poly_dot,a3_b7_alternating_n1024,public_fused,18,1024,4925.089,81920,0,0,1
opt_f2_poly_dot,a3_b7_alternating_n1024,fixed_schedule,18,1024,6541.829,81920,0,0,1
opt_f2_poly_dot,a3_b7_alternating_n1024,production_zero_skip,18,1024,4620.605,81920,0,0,1
opt_f2_poly_dot,a3_b7_alternating_n1024,row_density,18,1024,2972.941,81920,0,0,1
opt_f2_poly_dot,a3_b7_alternating_n1024,public_masks,18,1024,4457.927,81920,0,0,1
opt_f2_poly_dot,a3_b7_alternating_n1024,public_blocks32,18,1024,4930.664,81920,0,0,1
opt_f2_poly_dot,a3_b7_alternating_n1024,public_scan,18,1024,4244.629,81920,0,0,1
opt_f2_poly_dot,a3_b7_alternating_n1024,public_adaptive,18,1024,4866.130,81920,0,0,1
opt_f2_poly_dot,a3_b7_alternating_n1024,public_masks,19,1024,4456.259,81920,0,0,1
opt_f2_poly_dot,a3_b7_alternating_n1024,production_zero_skip,19,1024,4615.274,81920,0,0,1
opt_f2_poly_dot,a3_b7_alternating_n1024,public_adaptive,19,1024,4829.631,81920,0,0,1
opt_f2_poly_dot,a3_b7_alternating_n1024,public_scan,19,1024,4236.368,81920,0,0,1
opt_f2_poly_dot,a3_b7_alternating_n1024,row_density,19,1024,2976.196,81920,0,0,1
opt_f2_poly_dot,a3_b7_alternating_n1024,fixed_schedule,19,1024,6538.777,81920,0,0,1
opt_f2_poly_dot,a3_b7_alternating_n1024,public_blocks32,19,1024,4912.394,81920,0,0,1
opt_f2_poly_dot,a3_b7_alternating_n1024,public_blocks8,19,1024,5203.328,81920,0,0,1
opt_f2_poly_dot,a3_b7_alternating_n1024,public_fused,19,1024,4845.581,81920,0,0,1
opt_f2_poly_dot,a3_b7_alternating_n1024,public_classified,19,1024,3092.610,81920,0,0,1
opt_f2_poly_dot,a3_b7_alternating_n1024,row_density,20,1024,2977.092,81920,0,0,1
opt_f2_poly_dot,a3_b7_alternating_n1024,public_scan,20,1024,4226.358,81920,0,0,1
opt_f2_poly_dot,a3_b7_alternating_n1024,public_blocks8,20,1024,5183.594,81920,0,0,1
opt_f2_poly_dot,a3_b7_alternating_n1024,fixed_schedule,20,1024,6537.231,81920,0,0,1
opt_f2_poly_dot,a3_b7_alternating_n1024,public_adaptive,20,1024,4844.727,81920,0,0,1
opt_f2_poly_dot,a3_b7_alternating_n1024,public_fused,20,1024,4832.071,81920,0,0,1
opt_f2_poly_dot,a3_b7_alternating_n1024,public_classified,20,1024,3085.164,81920,0,0,1
opt_f2_poly_dot,a3_b7_alternating_n1024,public_blocks32,20,1024,4909.668,81920,0,0,1
opt_f2_poly_dot,a3_b7_alternating_n1024,public_masks,20,1024,4469.971,81920,0,0,1
opt_f2_poly_dot,a3_b7_alternating_n1024,production_zero_skip,20,1024,4614.787,81920,0,0,1
opt_f2_poly_dot,a3_b7_alternating_n1024,public_classified,21,1024,3081.746,81920,0,0,1
opt_f2_poly_dot,a3_b7_alternating_n1024,public_scan,21,1024,4231.934,81920,0,0,1
opt_f2_poly_dot,a3_b7_alternating_n1024,row_density,21,1024,3006.836,81920,0,0,1
opt_f2_poly_dot,a3_b7_alternating_n1024,fixed_schedule,21,1024,6650.920,81920,0,0,1
opt_f2_poly_dot,a3_b7_alternating_n1024,public_adaptive,21,1024,4934.204,81920,0,0,1
opt_f2_poly_dot,a3_b7_alternating_n1024,public_blocks8,21,1024,5269.531,81920,0,0,1
opt_f2_poly_dot,a3_b7_alternating_n1024,public_fused,21,1024,5004.395,81920,0,0,1
opt_f2_poly_dot,a3_b7_alternating_n1024,public_masks,21,1024,4920.329,81920,0,0,1
opt_f2_poly_dot,a3_b7_alternating_n1024,production_zero_skip,21,1024,4996.135,81920,0,0,1
opt_f2_poly_dot,a3_b7_alternating_n1024,public_blocks32,21,1024,5482.625,81920,0,0,1
opt_f2_poly_dot,a3_b7_alternating_n1024,public_fused,22,1024,4958.618,81920,0,0,1
opt_f2_poly_dot,a3_b7_alternating_n1024,row_density,22,1024,3088.786,81920,0,0,1
opt_f2_poly_dot,a3_b7_alternating_n1024,public_masks,22,1024,4772.014,81920,0,0,1
opt_f2_poly_dot,a3_b7_alternating_n1024,fixed_schedule,22,1024,6930.136,81920,0,0,1
opt_f2_poly_dot,a3_b7_alternating_n1024,public_scan,22,1024,4447.754,81920,0,0,1
opt_f2_poly_dot,a3_b7_alternating_n1024,public_blocks8,22,1024,5489.950,81920,0,0,1
opt_f2_poly_dot,a3_b7_alternating_n1024,public_classified,22,1024,3248.494,81920,0,0,1
opt_f2_poly_dot,a3_b7_alternating_n1024,production_zero_skip,22,1024,4880.940,81920,0,0,1
opt_f2_poly_dot,a3_b7_alternating_n1024,public_blocks32,22,1024,5198.201,81920,0,0,1
opt_f2_poly_dot,a3_b7_alternating_n1024,public_adaptive,22,1024,5187.540,81920,0,0,1
opt_f2_poly_dot,a3_b7_alternating_n1024,public_blocks32,23,1024,5116.821,81920,0,0,1
opt_f2_poly_dot,a3_b7_alternating_n1024,row_density,23,1024,3083.618,81920,0,0,1
opt_f2_poly_dot,a3_b7_alternating_n1024,public_fused,23,1024,4891.928,81920,0,0,1
opt_f2_poly_dot,a3_b7_alternating_n1024,production_zero_skip,23,1024,4653.320,81920,0,0,1
opt_f2_poly_dot,a3_b7_alternating_n1024,public_scan,23,1024,4233.562,81920,0,0,1
opt_f2_poly_dot,a3_b7_alternating_n1024,public_masks,23,1024,4485.229,81920,0,0,1
opt_f2_poly_dot,a3_b7_alternating_n1024,public_blocks8,23,1024,5203.084,81920,0,0,1
opt_f2_poly_dot,a3_b7_alternating_n1024,public_adaptive,23,1024,4884.603,81920,0,0,1
opt_f2_poly_dot,a3_b7_alternating_n1024,fixed_schedule,23,1024,6609.944,81920,0,0,1
opt_f2_poly_dot,a3_b7_alternating_n1024,public_classified,23,1024,3117.595,81920,0,0,1
opt_f2_poly_dot,a3_b7_alternating_n1024,public_adaptive,24,1024,4947.876,81920,0,0,1
opt_f2_poly_dot,a3_b7_alternating_n1024,public_blocks8,24,1024,5527.954,81920,0,0,1
opt_f2_poly_dot,a3_b7_alternating_n1024,fixed_schedule,24,1024,6758.667,81920,0,0,1
opt_f2_poly_dot,a3_b7_alternating_n1024,public_scan,24,1024,4265.096,81920,0,0,1
opt_f2_poly_dot,a3_b7_alternating_n1024,row_density,24,1024,3035.686,81920,0,0,1
opt_f2_poly_dot,a3_b7_alternating_n1024,public_fused,24,1024,5002.197,81920,0,0,1
opt_f2_poly_dot,a3_b7_alternating_n1024,public_classified,24,1024,3108.032,81920,0,0,1
opt_f2_poly_dot,a3_b7_alternating_n1024,public_masks,24,1024,4644.165,81920,0,0,1
opt_f2_poly_dot,a3_b7_alternating_n1024,public_blocks32,24,1024,5151.693,81920,0,0,1
opt_f2_poly_dot,a3_b7_alternating_n1024,production_zero_skip,24,1024,4914.876,81920,0,0,1
opt_f2_poly_dot,a3_b7_alternating_n1024,public_scan,25,1024,4533.325,81920,0,0,1
opt_f2_poly_dot,a3_b7_alternating_n1024,public_fused,25,1024,5092.041,81920,0,0,1
opt_f2_poly_dot,a3_b7_alternating_n1024,public_blocks32,25,1024,5419.271,81920,0,0,1
opt_f2_poly_dot,a3_b7_alternating_n1024,public_adaptive,25,1024,5220.866,81920,0,0,1
opt_f2_poly_dot,a3_b7_alternating_n1024,public_blocks8,25,1024,5561.076,81920,0,0,1
opt_f2_poly_dot,a3_b7_alternating_n1024,production_zero_skip,25,1024,4954.021,81920,0,0,1
opt_f2_poly_dot,a3_b7_alternating_n1024,row_density,25,1024,3068.441,81920,0,0,1
opt_f2_poly_dot,a3_b7_alternating_n1024,fixed_schedule,25,1024,7033.000,81920,0,0,1
opt_f2_poly_dot,a3_b7_alternating_n1024,public_classified,25,1024,3312.866,81920,0,0,1
opt_f2_poly_dot,a3_b7_alternating_n1024,public_masks,25,1024,4779.175,81920,0,0,1
opt_f2_poly_dot,a3_b7_alternating_n1024,production_zero_skip,26,1024,4674.643,81920,0,0,1
opt_f2_poly_dot,a3_b7_alternating_n1024,public_masks,26,1024,4473.795,81920,0,0,1
opt_f2_poly_dot,a3_b7_alternating_n1024,public_blocks8,26,1024,5201.212,81920,0,0,1
opt_f2_poly_dot,a3_b7_alternating_n1024,row_density,26,1024,2978.068,81920,0,0,1
opt_f2_poly_dot,a3_b7_alternating_n1024,fixed_schedule,26,1024,6562.012,81920,0,0,1
opt_f2_poly_dot,a3_b7_alternating_n1024,public_classified,26,1024,3092.773,81920,0,0,1
opt_f2_poly_dot,a3_b7_alternating_n1024,public_fused,26,1024,4848.999,81920,0,0,1
opt_f2_poly_dot,a3_b7_alternating_n1024,public_scan,26,1024,4235.921,81920,0,0,1
opt_f2_poly_dot,a3_b7_alternating_n1024,public_blocks32,26,1024,4947.917,81920,0,0,1
opt_f2_poly_dot,a3_b7_alternating_n1024,public_adaptive,26,1024,4833.008,81920,0,0,1
opt_f2_poly_dot,a3_b7_alternating_n1024,fixed_schedule,27,1024,6901.367,81920,0,0,1
opt_f2_poly_dot,a3_b7_alternating_n1024,production_zero_skip,27,1024,4711.914,81920,0,0,1
opt_f2_poly_dot,a3_b7_alternating_n1024,row_density,27,1024,3048.177,81920,0,0,1
opt_f2_poly_dot,a3_b7_alternating_n1024,public_fused,27,1024,4975.870,81920,0,0,1
opt_f2_poly_dot,a3_b7_alternating_n1024,public_scan,27,1024,4235.025,81920,0,0,1
opt_f2_poly_dot,a3_b7_alternating_n1024,public_blocks8,27,1024,5242.635,81920,0,0,1
opt_f2_poly_dot,a3_b7_alternating_n1024,public_classified,27,1024,3141.765,81920,0,0,1
opt_f2_poly_dot,a3_b7_alternating_n1024,public_blocks32,27,1024,5286.580,81920,0,0,1
opt_f2_poly_dot,a3_b7_alternating_n1024,public_masks,27,1024,4988.892,81920,0,0,1
opt_f2_poly_dot,a3_b7_alternating_n1024,public_adaptive,27,1024,5345.174,81920,0,0,1
opt_f2_poly_dot,a3_b7_alternating_n1024,fixed_schedule,28,1024,7031.088,81920,0,0,1
opt_f2_poly_dot,a3_b7_alternating_n1024,public_adaptive,28,1024,5147.664,81920,0,0,1
opt_f2_poly_dot,a3_b7_alternating_n1024,public_blocks32,28,1024,5227.539,81920,0,0,1
opt_f2_poly_dot,a3_b7_alternating_n1024,public_masks,28,1024,4758.342,81920,0,0,1
opt_f2_poly_dot,a3_b7_alternating_n1024,public_blocks8,28,1024,5523.274,81920,0,0,1
opt_f2_poly_dot,a3_b7_alternating_n1024,row_density,28,1024,3160.440,81920,0,0,1
opt_f2_poly_dot,a3_b7_alternating_n1024,public_classified,28,1024,3293.295,81920,0,0,1
opt_f2_poly_dot,a3_b7_alternating_n1024,production_zero_skip,28,1024,4928.996,81920,0,0,1
opt_f2_poly_dot,a3_b7_alternating_n1024,public_scan,28,1024,4505.005,81920,0,0,1
opt_f2_poly_dot,a3_b7_alternating_n1024,public_fused,28,1024,5066.895,81920,0,0,1
opt_f2_poly_dot,a3_b7_alternating_n1024,public_scan,29,1024,4442.261,81920,0,0,1
opt_f2_poly_dot,a3_b7_alternating_n1024,public_blocks8,29,1024,5554.891,81920,0,0,1
opt_f2_poly_dot,a3_b7_alternating_n1024,public_classified,29,1024,3317.871,81920,0,0,1
opt_f2_poly_dot,a3_b7_alternating_n1024,fixed_schedule,29,1024,6948.771,81920,0,0,1
opt_f2_poly_dot,a3_b7_alternating_n1024,public_fused,29,1024,5158.609,81920,0,0,1
opt_f2_poly_dot,a3_b7_alternating_n1024,production_zero_skip,29,1024,4924.153,81920,0,0,1
opt_f2_poly_dot,a3_b7_alternating_n1024,public_blocks32,29,1024,5221.354,81920,0,0,1
opt_f2_poly_dot,a3_b7_alternating_n1024,row_density,29,1024,3164.185,81920,0,0,1
opt_f2_poly_dot,a3_b7_alternating_n1024,public_masks,29,1024,4778.604,81920,0,0,1
opt_f2_poly_dot,a3_b7_alternating_n1024,public_adaptive,29,1024,5343.465,81920,0,0,1
opt_f2_poly_dot,a3_b7_alternating_n1024,public_classified,30,1024,3471.354,81920,0,0,1
opt_f2_poly_dot,a3_b7_alternating_n1024,public_blocks32,30,1024,5079.386,81920,0,0,1
opt_f2_poly_dot,a3_b7_alternating_n1024,public_masks,30,1024,4585.367,81920,0,0,1
opt_f2_poly_dot,a3_b7_alternating_n1024,public_blocks8,30,1024,5345.377,81920,0,0,1
opt_f2_poly_dot,a3_b7_alternating_n1024,public_adaptive,30,1024,5005.534,81920,0,0,1
opt_f2_poly_dot,a3_b7_alternating_n1024,public_fused,30,1024,5277.018,81920,0,0,1
opt_f2_poly_dot,a3_b7_alternating_n1024,row_density,30,1024,3103.638,81920,0,0,1
opt_f2_poly_dot,a3_b7_alternating_n1024,production_zero_skip,30,1024,4841.431,81920,0,0,1
opt_f2_poly_dot,a3_b7_alternating_n1024,public_scan,30,1024,4779.094,81920,0,0,1
opt_f2_poly_dot,a3_b7_alternating_n1024,fixed_schedule,30,1024,7093.303,81920,0,0,1
opt_f2_poly_dot,a3_b7_alternating_n1024,public_classified,31,1024,3280.965,81920,0,0,1
opt_f2_poly_dot,a3_b7_alternating_n1024,public_scan,31,1024,4505.981,81920,0,0,1
opt_f2_poly_dot,a3_b7_alternating_n1024,row_density,31,1024,3175.049,81920,0,0,1
opt_f2_poly_dot,a3_b7_alternating_n1024,public_adaptive,31,1024,5220.500,81920,0,0,1
opt_f2_poly_dot,a3_b7_alternating_n1024,public_blocks32,31,1024,5757.731,81920,0,0,1
opt_f2_poly_dot,a3_b7_alternating_n1024,public_masks,31,1024,4763.550,81920,0,0,1
opt_f2_poly_dot,a3_b7_alternating_n1024,public_blocks8,31,1024,5536.377,81920,0,0,1
opt_f2_poly_dot,a3_b7_alternating_n1024,fixed_schedule,31,1024,6933.838,81920,0,0,1
opt_f2_poly_dot,a3_b7_alternating_n1024,public_fused,31,1024,5173.056,81920,0,0,1
opt_f2_poly_dot,a3_b7_alternating_n1024,production_zero_skip,31,1024,4676.188,81920,0,0,1
opt_ood,log10,tiled_1024,0,1024,2178.142,16384,2,16400,1
opt_ood,log10,tiled_grouped,0,1024,2174.154,16384,2,16400,1
opt_ood,log10,indexed_products,0,1024,2318.074,16384,2,16400,1
opt_ood,log10,production_blocked,0,1024,3042.317,16384,13,32832,1
opt_ood,log10,vector_products,0,1024,2315.430,16384,3,16464,1
opt_ood,log10,tiled_collect,0,1024,2209.310,16384,2,16400,1
opt_ood,log10,tiled_256,0,1024,1198.771,16384,2,4160,1
opt_ood,log10,prepared_products,0,1024,2291.911,16384,3,16464,1
opt_ood,log10,collect_products,0,1024,2298.747,16384,3,16464,1
opt_ood,log10,vector_2048,0,1024,2283.895,16384,2,16400,1
opt_ood,log10,reuse_products,0,1024,2190.186,16384,2,16400,1
opt_ood,log10,vector_1024,0,1024,2290.202,16384,2,16400,1
opt_ood,log10,vector_1024,1,1024,2296.021,16384,2,16400,1
opt_ood,log10,tiled_grouped,1,1024,2173.381,16384,2,16400,1
opt_ood,log10,vector_products,1,1024,2319.458,16384,3,16464,1
opt_ood,log10,vector_2048,1,1024,2290.568,16384,2,16400,1
opt_ood,log10,production_blocked,1,1024,3035.034,16384,13,32832,1
opt_ood,log10,prepared_products,1,1024,2302.165,16384,3,16464,1
opt_ood,log10,reuse_products,1,1024,2206.625,16384,2,16400,1
opt_ood,log10,tiled_collect,1,1024,2216.675,16384,2,16400,1
opt_ood,log10,tiled_1024,1,1024,2198.608,16384,2,16400,1
opt_ood,log10,indexed_products,1,1024,2295.817,16384,2,16400,1
opt_ood,log10,tiled_256,1,1024,1191.366,16384,2,4160,1
opt_ood,log10,collect_products,1,1024,2304.646,16384,3,16464,1
opt_ood,log10,vector_1024,2,1024,2289.754,16384,2,16400,1
opt_ood,log10,tiled_256,2,1024,1192.586,16384,2,4160,1
opt_ood,log10,production_blocked,2,1024,3042.684,16384,13,32832,1
opt_ood,log10,collect_products,2,1024,2329.631,16384,3,16464,1
opt_ood,log10,prepared_products,2,1024,2293.213,16384,3,16464,1
opt_ood,log10,indexed_products,2,1024,2296.265,16384,2,16400,1
opt_ood,log10,vector_2048,2,1024,2277.181,16384,2,16400,1
opt_ood,log10,reuse_products,2,1024,2212.688,16384,2,16400,1
opt_ood,log10,tiled_1024,2,1024,2189.128,16384,2,16400,1
opt_ood,log10,tiled_collect,2,1024,2209.514,16384,2,16400,1
opt_ood,log10,tiled_grouped,2,1024,2184.652,16384,2,16400,1
opt_ood,log10,vector_products,2,1024,2318.115,16384,3,16464,1
opt_ood,log10,vector_1024,3,1024,2302.531,16384,2,16400,1
opt_ood,log10,vector_products,3,1024,2317.261,16384,3,16464,1
opt_ood,log10,prepared_products,3,1024,2308.350,16384,3,16464,1
opt_ood,log10,tiled_256,3,1024,1195.598,16384,2,4160,1
opt_ood,log10,reuse_products,3,1024,2216.716,16384,2,16400,1
opt_ood,log10,vector_2048,3,1024,2286.946,16384,2,16400,1
opt_ood,log10,tiled_1024,3,1024,2203.451,16384,2,16400,1
opt_ood,log10,tiled_grouped,3,1024,2299.316,16384,2,16400,1
opt_ood,log10,collect_products,3,1024,2483.357,16384,3,16464,1
opt_ood,log10,production_blocked,3,1024,3165.731,16384,13,32832,1
opt_ood,log10,indexed_products,3,1024,2367.798,16384,2,16400,1
opt_ood,log10,tiled_collect,3,1024,2325.317,16384,2,16400,1
opt_ood,log10,vector_1024,4,1024,2387.980,16384,2,16400,1
opt_ood,log10,vector_products,4,1024,2354.940,16384,3,16464,1
opt_ood,log10,tiled_1024,4,1024,2179.932,16384,2,16400,1
opt_ood,log10,prepared_products,4,1024,2309.326,16384,3,16464,1
opt_ood,log10,tiled_256,4,1024,1201.132,16384,2,4160,1
opt_ood,log10,reuse_products,4,1024,2209.799,16384,2,16400,1
opt_ood,log10,vector_2048,4,1024,2287.639,16384,2,16400,1
opt_ood,log10,production_blocked,4,1024,3051.677,16384,13,32832,1
opt_ood,log10,tiled_grouped,4,1024,2188.559,16384,2,16400,1
opt_ood,log10,tiled_collect,4,1024,2236.246,16384,2,16400,1
opt_ood,log10,collect_products,4,1024,2490.031,16384,3,16464,1
opt_ood,log10,indexed_products,4,1024,2391.153,16384,2,16400,1
opt_ood,log10,tiled_grouped,5,1024,2188.925,16384,2,16400,1
opt_ood,log10,production_blocked,5,1024,3081.462,16384,13,32832,1
opt_ood,log10,collect_products,5,1024,2456.461,16384,3,16464,1
opt_ood,log10,vector_products,5,1024,2449.219,16384,3,16464,1
opt_ood,log10,prepared_products,5,1024,2399.820,16384,3,16464,1
opt_ood,log10,vector_2048,5,1024,2457.723,16384,2,16400,1
opt_ood,log10,tiled_collect,5,1024,2337.280,16384,2,16400,1
opt_ood,log10,tiled_256,5,1024,1267.375,16384,2,4160,1
opt_ood,log10,vector_1024,5,1024,2316.447,16384,2,16400,1
opt_ood,log10,reuse_products,5,1024,2234.659,16384,2,16400,1
opt_ood,log10,tiled_1024,5,1024,2188.110,16384,2,16400,1
opt_ood,log10,indexed_products,5,1024,2427.979,16384,2,16400,1
opt_ood,log10,prepared_products,6,1024,2324.179,16384,3,16464,1
opt_ood,log10,indexed_products,6,1024,2351.033,16384,2,16400,1
opt_ood,log10,vector_1024,6,1024,2332.642,16384,2,16400,1
opt_ood,log10,tiled_1024,6,1024,2260.661,16384,2,16400,1
opt_ood,log10,vector_2048,6,1024,2527.710,16384,2,16400,1
opt_ood,log10,collect_products,6,1024,2565.267,16384,3,16464,1
opt_ood,log10,tiled_grouped,6,1024,2275.716,16384,2,16400,1
opt_ood,log10,production_blocked,6,1024,3086.507,16384,13,32832,1
opt_ood,log10,vector_products,6,1024,2364.380,16384,3,16464,1
opt_ood,log10,tiled_256,6,1024,1213.054,16384,2,4160,1
opt_ood,log10,reuse_products,6,1024,2304.281,16384,2,16400,1
opt_ood,log10,tiled_collect,6,1024,2287.924,16384,2,16400,1
opt_ood,log10,vector_2048,7,1024,2373.657,16384,2,16400,1
opt_ood,log10,production_blocked,7,1024,3141.195,16384,13,32832,1
opt_ood,log10,tiled_1024,7,1024,2294.475,16384,2,16400,1
opt_ood,log10,tiled_256,7,1024,1249.756,16384,2,4160,1
opt_ood,log10,indexed_products,7,1024,2382.283,16384,2,16400,1
opt_ood,log10,tiled_collect,7,1024,2378.133,16384,2,16400,1
opt_ood,log10,reuse_products,7,1024,2325.806,16384,2,16400,1
opt_ood,log10,collect_products,7,1024,2425.659,16384,3,16464,1
opt_ood,log10,prepared_products,7,1024,2447.307,16384,3,16464,1
opt_ood,log10,vector_1024,7,1024,2390.259,16384,2,16400,1
opt_ood,log10,tiled_grouped,7,1024,2309.529,16384,2,16400,1
opt_ood,log10,vector_products,7,1024,2431.804,16384,3,16464,1
opt_ood,log10,vector_1024,8,1024,2409.587,16384,2,16400,1
opt_ood,log10,indexed_products,8,1024,2441.162,16384,2,16400,1
opt_ood,log10,prepared_products,8,1024,2444.092,16384,3,16464,1
opt_ood,log10,vector_products,8,1024,2489.827,16384,3,16464,1
opt_ood,log10,collect_products,8,1024,2472.493,16384,3,16464,1
opt_ood,log10,tiled_1024,8,1024,2321.167,16384,2,16400,1
opt_ood,log10,tiled_grouped,8,1024,2294.394,16384,2,16400,1
opt_ood,log10,production_blocked,8,1024,3254.110,16384,13,32832,1
opt_ood,log10,tiled_256,8,1024,1263.143,16384,2,4160,1
opt_ood,log10,tiled_collect,8,1024,2346.802,16384,2,16400,1
opt_ood,log10,reuse_products,8,1024,2326.294,16384,2,16400,1
opt_ood,log10,vector_2048,8,1024,2423.218,16384,2,16400,1
opt_ood,log10,tiled_1024,9,1024,2276.042,16384,2,16400,1
opt_ood,log10,vector_2048,9,1024,2262.166,16384,2,16400,1
opt_ood,log10,tiled_grouped,9,1024,2173.422,16384,2,16400,1
opt_ood,log10,prepared_products,9,1024,2301.880,16384,3,16464,1
opt_ood,log10,collect_products,9,1024,2299.601,16384,3,16464,1
opt_ood,log10,production_blocked,9,1024,3031.982,16384,13,32832,1
opt_ood,log10,reuse_products,9,1024,2202.841,16384,2,16400,1
opt_ood,log10,tiled_collect,9,1024,2201.985,16384,2,16400,1
opt_ood,log10,tiled_256,9,1024,1193.115,16384,2,4160,1
opt_ood,log10,vector_1024,9,1024,2313.313,16384,2,16400,1
opt_ood,log10,vector_products,9,1024,2393.352,16384,3,16464,1
opt_ood,log10,indexed_products,9,1024,2355.347,16384,2,16400,1
opt_ood,log10,vector_2048,10,1024,2371.420,16384,2,16400,1
opt_ood,log10,reuse_products,10,1024,2186.728,16384,2,16400,1
opt_ood,log10,tiled_collect,10,1024,2235.271,16384,2,16400,1
opt_ood,log10,tiled_1024,10,1024,2186.320,16384,2,16400,1
opt_ood,log10,prepared_products,10,1024,2330.241,16384,3,16464,1
opt_ood,log10,vector_products,10,1024,2409.668,16384,3,16464,1
opt_ood,log10,vector_1024,10,1024,2337.117,16384,2,16400,1
opt_ood,log10,indexed_products,10,1024,2397.135,16384,2,16400,1
opt_ood,log10,tiled_256,10,1024,1226.970,16384,2,4160,1
opt_ood,log10,production_blocked,10,1024,3157.104,16384,13,32832,1
opt_ood,log10,collect_products,10,1024,2407.022,16384,3,16464,1
opt_ood,log10,tiled_grouped,10,1024,2201.375,16384,2,16400,1
opt_ood,log10,prepared_products,11,1024,2330.688,16384,3,16464,1
opt_ood,log10,vector_2048,11,1024,2306.600,16384,2,16400,1
opt_ood,log10,tiled_256,11,1024,1202.718,16384,2,4160,1
opt_ood,log10,tiled_collect,11,1024,2212.077,16384,2,16400,1
opt_ood,log10,production_blocked,11,1024,3043.498,16384,13,32832,1
opt_ood,log10,tiled_grouped,11,1024,2191.813,16384,2,16400,1
opt_ood,log10,vector_1024,11,1024,2280.843,16384,2,16400,1
opt_ood,log10,indexed_products,11,1024,2299.846,16384,2,16400,1
opt_ood,log10,vector_products,11,1024,2318.115,16384,3,16464,1
opt_ood,log10,reuse_products,11,1024,2205.525,16384,2,16400,1
opt_ood,log10,tiled_1024,11,1024,2176.229,16384,2,16400,1
opt_ood,log10,collect_products,11,1024,2289.633,16384,3,16464,1
opt_ood,log10,tiled_collect,12,1024,2202.922,16384,2,16400,1
opt_ood,log10,tiled_1024,12,1024,2199.097,16384,2,16400,1
opt_ood,log10,prepared_products,12,1024,2296.713,16384,3,16464,1
opt_ood,log10,vector_1024,12,1024,2302.979,16384,2,16400,1
opt_ood,log10,reuse_products,12,1024,2208.293,16384,2,16400,1
opt_ood,log10,vector_products,12,1024,2316.406,16384,3,16464,1
opt_ood,log10,tiled_256,12,1024,1193.645,16384,2,4160,1
opt_ood,log10,tiled_grouped,12,1024,2196.696,16384,2,16400,1
opt_ood,log10,indexed_products,12,1024,2294.719,16384,2,16400,1
opt_ood,log10,production_blocked,12,1024,3061.604,16384,13,32832,1
opt_ood,log10,vector_2048,12,1024,2286.743,16384,2,16400,1
opt_ood,log10,collect_products,12,1024,2335.205,16384,3,16464,1
opt_ood,log10,tiled_256,13,1024,1192.545,16384,2,4160,1
opt_ood,log10,production_blocked,13,1024,3065.104,16384,13,32832,1
opt_ood,log10,vector_2048,13,1024,2280.436,16384,2,16400,1
opt_ood,log10,tiled_1024,13,1024,2366.293,16384,2,16400,1
opt_ood,log10,tiled_grouped,13,1024,2313.518,16384,2,16400,1
opt_ood,log10,vector_products,13,1024,2448.771,16384,3,16464,1
opt_ood,log10,collect_products,13,1024,2361.735,16384,3,16464,1
opt_ood,log10,vector_1024,13,1024,2308.350,16384,2,16400,1
opt_ood,log10,tiled_collect,13,1024,2235.677,16384,2,16400,1
opt_ood,log10,prepared_products,13,1024,2327.312,16384,3,16464,1
opt_ood,log10,indexed_products,13,1024,2326.294,16384,2,16400,1
opt_ood,log10,reuse_products,13,1024,2215.128,16384,2,16400,1
opt_ood,log10,tiled_1024,14,1024,2212.320,16384,2,16400,1
opt_ood,log10,prepared_products,14,1024,2320.760,16384,3,16464,1
opt_ood,log10,vector_products,14,1024,2314.290,16384,3,16464,1
opt_ood,log10,tiled_collect,14,1024,2254.802,16384,2,16400,1
opt_ood,log10,indexed_products,14,1024,2375.569,16384,2,16400,1
opt_ood,log10,vector_2048,14,1024,2373.413,16384,2,16400,1
opt_ood,log10,tiled_grouped,14,1024,2251.424,16384,2,16400,1
opt_ood,log10,production_blocked,14,1024,3159.872,16384,13,32832,1
opt_ood,log10,vector_1024,14,1024,2342.855,16384,2,16400,1
opt_ood,log10,collect_products,14,1024,2381.511,16384,3,16464,1
opt_ood,log10,tiled_256,14,1024,1216.635,16384,2,4160,1
opt_ood,log10,reuse_products,14,1024,2200.521,16384,2,16400,1
opt_ood,log10,collect_products,15,1024,2329.875,16384,3,16464,1
opt_ood,log10,tiled_collect,15,1024,2204.752,16384,2,16400,1
opt_ood,log10,tiled_256,15,1024,1197.754,16384,2,4160,1
opt_ood,log10,vector_2048,15,1024,2276.408,16384,2,16400,1
opt_ood,log10,vector_1024,15,1024,2286.580,16384,2,16400,1
opt_ood,log10,reuse_products,15,1024,2200.195,16384,2,16400,1
opt_ood,log10,prepared_products,15,1024,2299.194,16384,3,16464,1
opt_ood,log10,production_blocked,15,1024,3045.614,16384,13,32832,1
opt_ood,log10,tiled_1024,15,1024,2171.671,16384,2,16400,1
opt_ood,log10,tiled_grouped,15,1024,2169.393,16384,2,16400,1
opt_ood,log10,vector_products,15,1024,2316.569,16384,3,16464,1
opt_ood,log10,indexed_products,15,1024,2304.321,16384,2,16400,1
opt_ood,log10,indexed_products,16,1024,2293.620,16384,2,16400,1
opt_ood,log10,vector_2048,16,1024,2292.806,16384,2,16400,1
opt_ood,log10,tiled_256,16,1024,1198.894,16384,2,4160,1
opt_ood,log10,tiled_1024,16,1024,2184.448,16384,2,16400,1
opt_ood,log10,vector_products,16,1024,2316.488,16384,3,16464,1
opt_ood,log10,collect_products,16,1024,2310.384,16384,3,16464,1
opt_ood,log10,prepared_products,16,1024,2287.027,16384,3,16464,1
opt_ood,log10,reuse_products,16,1024,2203.979,16384,2,16400,1
opt_ood,log10,production_blocked,16,1024,3029.785,16384,13,32832,1
opt_ood,log10,vector_1024,16,1024,2279.582,16384,2,16400,1
opt_ood,log10,tiled_collect,16,1024,2200.684,16384,2,16400,1
opt_ood,log10,tiled_grouped,16,1024,2248.739,16384,2,16400,1
opt_ood,log10,vector_1024,17,1024,2375.081,16384,2,16400,1
opt_ood,log10,vector_products,17,1024,2391.398,16384,3,16464,1
opt_ood,log10,tiled_1024,17,1024,2335.002,16384,2,16400,1
opt_ood,log10,tiled_collect,17,1024,2278.646,16384,2,16400,1
opt_ood,log10,production_blocked,17,1024,3259.604,16384,13,32832,1
opt_ood,log10,tiled_256,17,1024,1268.677,16384,2,4160,1
opt_ood,log10,tiled_grouped,17,1024,2282.309,16384,2,16400,1
opt_ood,log10,reuse_products,17,1024,2270.874,16384,2,16400,1
opt_ood,log10,prepared_products,17,1024,2423.259,16384,3,16464,1
opt_ood,log10,collect_products,17,1024,2416.423,16384,3,16464,1
opt_ood,log10,indexed_products,17,1024,2443.156,16384,2,16400,1
opt_ood,log10,vector_2048,17,1024,2444.946,16384,2,16400,1
opt_ood,log10,tiled_collect,18,1024,2390.259,16384,2,16400,1
opt_ood,log10,collect_products,18,1024,2443.726,16384,3,16464,1
opt_ood,log10,prepared_products,18,1024,2414.754,16384,3,16464,1
opt_ood,log10,vector_1024,18,1024,2413.005,16384,2,16400,1
opt_ood,log10,indexed_products,18,1024,2437.459,16384,2,16400,1
opt_ood,log10,vector_products,18,1024,2448.486,16384,3,16464,1
opt_ood,log10,vector_2048,18,1024,2413.411,16384,2,16400,1
opt_ood,log10,production_blocked,18,1024,3260.254,16384,13,32832,1
opt_ood,log10,tiled_grouped,18,1024,2334.106,16384,2,16400,1
opt_ood,log10,reuse_products,18,1024,2326.619,16384,2,16400,1
opt_ood,log10,tiled_256,18,1024,1297.566,16384,2,4160,1
opt_ood,log10,tiled_1024,18,1024,2310.303,16384,2,16400,1
opt_ood,log10,tiled_collect,19,1024,2313.599,16384,2,16400,1
opt_ood,log10,production_blocked,19,1024,3256.511,16384,13,32832,1
opt_ood,log10,vector_products,19,1024,2468.831,16384,3,16464,1
opt_ood,log10,reuse_products,19,1024,2272.664,16384,2,16400,1
opt_ood,log10,tiled_1024,19,1024,2195.761,16384,2,16400,1
opt_ood,log10,vector_2048,19,1024,2321.573,16384,2,16400,1
opt_ood,log10,tiled_grouped,19,1024,2185.710,16384,2,16400,1
opt_ood,log10,collect_products,19,1024,2328.979,16384,3,16464,1
opt_ood,log10,indexed_products,19,1024,2305.542,16384,2,16400,1
opt_ood,log10,prepared_products,19,1024,2301.717,16384,3,16464,1
opt_ood,log10,tiled_256,19,1024,1201.416,16384,2,4160,1
opt_ood,log10,vector_1024,19,1024,2291.179,16384,2,16400,1
opt_ood,log10,vector_products,20,1024,2327.474,16384,3,16464,1
opt_ood,log10,indexed_products,20,1024,2305.827,16384,2,16400,1
opt_ood,log10,tiled_256,20,1024,1192.343,16384,2,4160,1
opt_ood,log10,vector_2048,20,1024,2319.784,16384,2,16400,1
opt_ood,log10,tiled_collect,20,1024,2275.351,16384,2,16400,1
opt_ood,log10,vector_1024,20,1024,2331.543,16384,2,16400,1
opt_ood,log10,reuse_products,20,1024,2221.191,16384,2,16400,1
opt_ood,log10,collect_products,20,1024,2341.187,16384,3,16464,1
opt_ood,log10,prepared_products,20,1024,2293.783,16384,3,16464,1
opt_ood,log10,tiled_1024,20,1024,2184.285,16384,2,16400,1
opt_ood,log10,tiled_grouped,20,1024,2173.503,16384,2,16400,1
opt_ood,log10,production_blocked,20,1024,3048.015,16384,13,32832,1
opt_ood,log10,vector_products,21,1024,2316.487,16384,3,16464,1
opt_ood,log10,tiled_256,21,1024,1193.848,16384,2,4160,1
opt_ood,log10,tiled_collect,21,1024,2333.130,16384,2,16400,1
opt_ood,log10,tiled_grouped,21,1024,2240.072,16384,2,16400,1
opt_ood,log10,production_blocked,21,1024,3128.865,16384,13,32832,1
opt_ood,log10,vector_1024,21,1024,2260.661,16384,2,16400,1
opt_ood,log10,collect_products,21,1024,2334.513,16384,3,16464,1
opt_ood,log10,reuse_products,21,1024,2263.916,16384,2,16400,1
opt_ood,log10,indexed_products,21,1024,2266.846,16384,2,16400,1
opt_ood,log10,prepared_products,21,1024,2416.016,16384,3,16464,1
opt_ood,log10,vector_2048,21,1024,2392.090,16384,2,16400,1
opt_ood,log10,tiled_1024,21,1024,2286.418,16384,2,16400,1
opt_ood,log10,collect_products,22,1024,2387.777,16384,3,16464,1
opt_ood,log10,tiled_grouped,22,1024,2213.867,16384,2,16400,1
opt_ood,log10,reuse_products,22,1024,2288.940,16384,2,16400,1
opt_ood,log10,vector_products,22,1024,2290.121,16384,3,16464,1
opt_ood,log10,production_blocked,22,1024,3303.182,16384,13,32832,1
opt_ood,log10,prepared_products,22,1024,2501.872,16384,3,16464,1
opt_ood,log10,tiled_collect,22,1024,2385.457,16384,2,16400,1
opt_ood,log10,vector_1024,22,1024,2644.409,16384,2,16400,1
opt_ood,log10,tiled_256,22,1024,1335.246,16384,2,4160,1
opt_ood,log10,vector_2048,22,1024,2395.101,16384,2,16400,1
opt_ood,log10,tiled_1024,22,1024,2227.823,16384,2,16400,1
opt_ood,log10,indexed_products,22,1024,2411.459,16384,2,16400,1
opt_ood,log10,production_blocked,23,1024,3217.244,16384,13,32832,1
opt_ood,log10,indexed_products,23,1024,2402.426,16384,2,16400,1
opt_ood,log10,vector_products,23,1024,2445.516,16384,3,16464,1
opt_ood,log10,collect_products,23,1024,2406.331,16384,3,16464,1
opt_ood,log10,tiled_256,23,1024,1307.576,16384,2,4160,1
opt_ood,log10,reuse_products,23,1024,2307.617,16384,2,16400,1
opt_ood,log10,tiled_1024,23,1024,2244.914,16384,2,16400,1
opt_ood,log10,tiled_grouped,23,1024,2266.438,16384,2,16400,1
opt_ood,log10,vector_2048,23,1024,2401.123,16384,2,16400,1
opt_ood,log10,tiled_collect,23,1024,2442.423,16384,2,16400,1
opt_ood,log10,prepared_products,23,1024,2285.278,16384,3,16464,1
opt_ood,log10,vector_1024,23,1024,2387.898,16384,2,16400,1
opt_ood,log10,collect_products,24,1024,2414.348,16384,3,16464,1
opt_ood,log10,tiled_grouped,24,1024,2440.390,16384,2,16400,1
opt_ood,log10,tiled_256,24,1024,1386.190,16384,2,4160,1
opt_ood,log10,prepared_products,24,1024,2388.306,16384,3,16464,1
opt_ood,log10,reuse_products,24,1024,2263.753,16384,2,16400,1
opt_ood,log10,production_blocked,24,1024,3197.795,16384,13,32832,1
opt_ood,log10,vector_1024,24,1024,2395.630,16384,2,16400,1
opt_ood,log10,tiled_1024,24,1024,2238.565,16384,2,16400,1
opt_ood,log10,indexed_products,24,1024,2352.946,16384,2,16400,1
opt_ood,log10,tiled_collect,24,1024,2280.558,16384,2,16400,1
opt_ood,log10,vector_2048,24,1024,2448.608,16384,2,16400,1
opt_ood,log10,vector_products,24,1024,2326.985,16384,3,16464,1
opt_ood,log10,reuse_products,25,1024,2250.732,16384,2,16400,1
opt_ood,log10,production_blocked,25,1024,3109.253,16384,13,32832,1
opt_ood,log10,tiled_1024,25,1024,2316.365,16384,2,16400,1
opt_ood,log10,tiled_collect,25,1024,2360.107,16384,2,16400,1
opt_ood,log10,vector_2048,25,1024,2467.855,16384,2,16400,1
opt_ood,log10,tiled_grouped,25,1024,2305.095,16384,2,16400,1
opt_ood,log10,indexed_products,25,1024,2449.422,16384,2,16400,1
opt_ood,log10,vector_products,25,1024,2474.487,16384,3,16464,1
opt_ood,log10,tiled_256,25,1024,1299.113,16384,2,4160,1
opt_ood,log10,vector_1024,25,1024,2405.559,16384,2,16400,1
opt_ood,log10,collect_products,25,1024,2459.351,16384,3,16464,1
opt_ood,log10,prepared_products,25,1024,2423.462,16384,3,16464,1
opt_ood,log10,prepared_products,26,1024,2447.388,16384,3,16464,1
opt_ood,log10,reuse_products,26,1024,2349.283,16384,2,16400,1
opt_ood,log10,tiled_grouped,26,1024,2313.232,16384,2,16400,1
opt_ood,log10,vector_products,26,1024,2468.384,16384,3,16464,1
opt_ood,log10,tiled_collect,26,1024,2337.564,16384,2,16400,1
opt_ood,log10,collect_products,26,1024,2439.372,16384,3,16464,1
opt_ood,log10,vector_1024,26,1024,2443.156,16384,2,16400,1
opt_ood,log10,vector_2048,26,1024,2408.651,16384,2,16400,1
opt_ood,log10,production_blocked,26,1024,3263.794,16384,13,32832,1
opt_ood,log10,indexed_products,26,1024,2616.577,16384,2,16400,1
opt_ood,log10,tiled_256,26,1024,1307.495,16384,2,4160,1
opt_ood,log10,tiled_1024,26,1024,2293.254,16384,2,16400,1
opt_ood,log10,production_blocked,27,1024,3039.592,16384,13,32832,1
opt_ood,log10,collect_products,27,1024,2355.997,16384,3,16464,1
opt_ood,log10,vector_1024,27,1024,2424.724,16384,2,16400,1
opt_ood,log10,tiled_collect,27,1024,2310.099,16384,2,16400,1
opt_ood,log10,tiled_grouped,27,1024,2261.108,16384,2,16400,1
opt_ood,log10,vector_products,27,1024,2465.942,16384,3,16464,1
opt_ood,log10,reuse_products,27,1024,2233.765,16384,2,16400,1
opt_ood,log10,vector_2048,27,1024,2438.150,16384,2,16400,1
opt_ood,log10,tiled_256,27,1024,1373.209,16384,2,4160,1
opt_ood,log10,tiled_1024,27,1024,2405.232,16384,2,16400,1
opt_ood,log10,indexed_products,27,1024,2441.895,16384,2,16400,1
opt_ood,log10,prepared_products,27,1024,2495.279,16384,3,16464,1
opt_ood,log10,indexed_products,28,1024,2500.610,16384,2,16400,1
opt_ood,log10,reuse_products,28,1024,2486.491,16384,2,16400,1
opt_ood,log10,production_blocked,28,1024,3453.369,16384,13,32832,1
opt_ood,log10,vector_1024,28,1024,2528.524,16384,2,16400,1
opt_ood,log10,vector_2048,28,1024,2331.665,16384,2,16400,1
opt_ood,log10,prepared_products,28,1024,2328.898,16384,3,16464,1
opt_ood,log10,collect_products,28,1024,2448.120,16384,3,16464,1
opt_ood,log10,vector_products,28,1024,2385.458,16384,3,16464,1
opt_ood,log10,tiled_collect,28,1024,2358.684,16384,2,16400,1
opt_ood,log10,tiled_grouped,28,1024,2294.800,16384,2,16400,1
opt_ood,log10,tiled_256,28,1024,1271.851,16384,2,4160,1
opt_ood,log10,tiled_1024,28,1024,2342.651,16384,2,16400,1
opt_ood,log10,tiled_grouped,29,1024,2331.339,16384,2,16400,1
opt_ood,log10,tiled_1024,29,1024,2302.897,16384,2,16400,1
opt_ood,log10,tiled_256,29,1024,1282.268,16384,2,4160,1
opt_ood,log10,prepared_products,29,1024,2485.352,16384,3,16464,1
opt_ood,log10,reuse_products,29,1024,2351.318,16384,2,16400,1
opt_ood,log10,vector_2048,29,1024,2317.749,16384,2,16400,1
opt_ood,log10,collect_products,29,1024,2292.521,16384,3,16464,1
opt_ood,log10,vector_1024,29,1024,2314.575,16384,2,16400,1
opt_ood,log10,vector_products,29,1024,2314.453,16384,3,16464,1
opt_ood,log10,indexed_products,29,1024,2291.179,16384,2,16400,1
opt_ood,log10,production_blocked,29,1024,3041.910,16384,13,32832,1
opt_ood,log10,tiled_collect,29,1024,2200.317,16384,2,16400,1
opt_ood,log10,vector_2048,30,1024,2283.691,16384,2,16400,1
opt_ood,log10,tiled_1024,30,1024,2215.007,16384,2,16400,1
opt_ood,log10,reuse_products,30,1024,2369.060,16384,2,16400,1
opt_ood,log10,prepared_products,30,1024,2389.079,16384,3,16464,1
opt_ood,log10,collect_products,30,1024,2351.807,16384,3,16464,1
opt_ood,log10,vector_products,30,1024,2327.067,16384,3,16464,1
opt_ood,log10,tiled_grouped,30,1024,2186.157,16384,2,16400,1
opt_ood,log10,tiled_collect,30,1024,2208.781,16384,2,16400,1
opt_ood,log10,tiled_256,30,1024,1192.749,16384,2,4160,1
opt_ood,log10,vector_1024,30,1024,2289.958,16384,2,16400,1
opt_ood,log10,indexed_products,30,1024,2317.301,16384,2,16400,1
opt_ood,log10,production_blocked,30,1024,3049.235,16384,13,32832,1
opt_ood,log10,tiled_1024,31,1024,2208.902,16384,2,16400,1
opt_ood,log10,collect_products,31,1024,2315.389,16384,3,16464,1
opt_ood,log10,prepared_products,31,1024,2324.747,16384,3,16464,1
opt_ood,log10,reuse_products,31,1024,2212.688,16384,2,16400,1
opt_ood,log10,vector_2048,31,1024,2322.998,16384,2,16400,1
opt_ood,log10,vector_products,31,1024,2354.817,16384,3,16464,1
opt_ood,log10,tiled_256,31,1024,1240.967,16384,2,4160,1
opt_ood,log10,tiled_grouped,31,1024,2238.281,16384,2,16400,1
opt_ood,log10,tiled_collect,31,1024,2269.043,16384,2,16400,1
opt_ood,log10,indexed_products,31,1024,2442.180,16384,2,16400,1
opt_ood,log10,production_blocked,31,1024,3097.860,16384,13,32832,1
opt_ood,log10,vector_1024,31,1024,2350.342,16384,2,16400,1
opt_ood,log16,tiled_collect,0,64,49594.391,1048576,2,17408,1
opt_ood,log16,indexed_products,0,64,66960.297,1048576,3,67312,1
opt_ood,log16,reuse_products,0,64,56998.047,1048576,3,67312,1
opt_ood,log16,collect_products,0,64,62041.016,1048576,4,67568,1
opt_ood,log16,tiled_grouped,0,64,46371.094,1048576,2,17408,1
opt_ood,log16,vector_products,0,64,63281.250,1048576,4,67568,1
opt_ood,log16,vector_2048,0,64,52688.797,1048576,2,33280,1
opt_ood,log16,tiled_256,0,64,46345.047,1048576,2,8192,1
opt_ood,log16,prepared_products,0,64,68213.547,1048576,4,67568,1
opt_ood,log16,production_blocked,0,64,73128.266,1048576,20,133328,1
opt_ood,log16,vector_1024,0,64,54733.719,1048576,2,17408,1
opt_ood,log16,tiled_1024,0,64,48526.031,1048576,2,17408,1
opt_ood,log16,tiled_256,1,64,47488.281,1048576,2,8192,1
opt_ood,log16,tiled_collect,1,64,46891.281,1048576,2,17408,1
opt_ood,log16,collect_products,1,64,64544.266,1048576,4,67568,1
opt_ood,log16,vector_2048,1,64,53618.484,1048576,2,33280,1
opt_ood,log16,prepared_products,1,64,63332.688,1048576,4,67568,1
opt_ood,log16,vector_products,1,64,69781.906,1048576,4,67568,1
opt_ood,log16,production_blocked,1,64,72171.234,1048576,20,133328,1
opt_ood,log16,tiled_grouped,1,64,48064.453,1048576,2,17408,1
opt_ood,log16,reuse_products,1,64,63633.469,1048576,3,67312,1
opt_ood,log16,tiled_1024,1,64,49092.438,1048576,2,17408,1
opt_ood,log16,vector_1024,1,64,51778.641,1048576,2,17408,1
opt_ood,log16,indexed_products,1,64,62616.531,1048576,3,67312,1
opt_ood,log16,tiled_256,2,64,46335.297,1048576,2,8192,1
opt_ood,log16,collect_products,2,64,62344.406,1048576,4,67568,1
opt_ood,log16,vector_products,2,64,63034.500,1048576,4,67568,1
opt_ood,log16,production_blocked,2,64,64352.859,1048576,20,133328,1
opt_ood,log16,vector_2048,2,64,52821.609,1048576,2,33280,1
opt_ood,log16,reuse_products,2,64,57314.453,1048576,3,67312,1
opt_ood,log16,tiled_grouped,2,64,46444.656,1048576,2,17408,1
opt_ood,log16,prepared_products,2,64,62304.047,1048576,4,67568,1
opt_ood,log16,tiled_collect,2,64,46503.250,1048576,2,17408,1
opt_ood,log16,tiled_1024,2,64,46471.359,1048576,2,17408,1
opt_ood,log16,indexed_products,2,64,62062.500,1048576,3,67312,1
opt_ood,log16,vector_1024,2,64,51923.172,1048576,2,17408,1
opt_ood,log16,prepared_products,3,64,62231.781,1048576,4,67568,1
opt_ood,log16,vector_2048,3,64,53076.812,1048576,2,33280,1
opt_ood,log16,tiled_256,3,64,46545.578,1048576,2,8192,1
opt_ood,log16,tiled_1024,3,64,46255.859,1048576,2,17408,1
opt_ood,log16,vector_products,3,64,63010.406,1048576,4,67568,1
opt_ood,log16,tiled_collect,3,64,46518.875,1048576,2,17408,1
opt_ood,log16,indexed_products,3,64,62348.312,1048576,3,67312,1
opt_ood,log16,tiled_grouped,3,64,46332.672,1048576,2,17408,1
opt_ood,log16,collect_products,3,64,62921.875,1048576,4,67568,1
opt_ood,log16,vector_1024,3,64,51828.125,1048576,2,17408,1
opt_ood,log16,reuse_products,3,64,57078.125,1048576,3,67312,1
opt_ood,log16,production_blocked,3,64,65044.281,1048576,20,133328,1
opt_ood,log16,indexed_products,4,64,62589.844,1048576,3,67312,1
opt_ood,log16,tiled_1024,4,64,46332.031,1048576,2,17408,1
opt_ood,log16,tiled_grouped,4,64,46244.797,1048576,2,17408,1
opt_ood,log16,tiled_collect,4,64,46270.188,1048576,2,17408,1
opt_ood,log16,prepared_products,4,64,62408.859,1048576,4,67568,1
opt_ood,log16,vector_products,4,64,62742.828,1048576,4,67568,1
opt_ood,log16,tiled_256,4,64,46385.406,1048576,2,8192,1
opt_ood,log16,vector_2048,4,64,52711.578,1048576,2,33280,1
opt_ood,log16,production_blocked,4,64,64716.141,1048576,20,133328,1
opt_ood,log16,collect_products,4,64,62276.031,1048576,4,67568,1
opt_ood,log16,vector_1024,4,64,52017.578,1048576,2,17408,1
opt_ood,log16,reuse_products,4,64,57494.797,1048576,3,67312,1
opt_ood,log16,prepared_products,5,64,62154.953,1048576,4,67568,1
opt_ood,log16,collect_products,5,64,61985.031,1048576,4,67568,1
opt_ood,log16,indexed_products,5,64,62257.172,1048576,3,67312,1
opt_ood,log16,reuse_products,5,64,57765.625,1048576,3,67312,1
opt_ood,log16,tiled_collect,5,64,46626.953,1048576,2,17408,1
opt_ood,log16,tiled_grouped,5,64,46534.500,1048576,2,17408,1
opt_ood,log16,vector_1024,5,64,51988.281,1048576,2,17408,1
opt_ood,log16,vector_2048,5,64,52828.781,1048576,2,33280,1
opt_ood,log16,tiled_256,5,64,46432.938,1048576,2,8192,1
opt_ood,log16,tiled_1024,5,64,46457.688,1048576,2,17408,1
opt_ood,log16,vector_products,5,64,63432.281,1048576,4,67568,1
opt_ood,log16,production_blocked,5,64,64464.844,1048576,20,133328,1
opt_ood,log16,tiled_256,6,64,46899.734,1048576,2,8192,1
opt_ood,log16,production_blocked,6,64,64673.188,1048576,20,133328,1
opt_ood,log16,vector_2048,6,64,52721.359,1048576,2,33280,1
opt_ood,log16,collect_products,6,64,69487.625,1048576,4,67568,1
opt_ood,log16,prepared_products,6,64,73826.828,1048576,4,67568,1
opt_ood,log16,vector_products,6,64,72913.422,1048576,4,67568,1
opt_ood,log16,tiled_1024,6,64,47968.094,1048576,2,17408,1
opt_ood,log16,reuse_products,6,64,58700.531,1048576,3,67312,1
opt_ood,log16,tiled_grouped,6,64,46611.328,1048576,2,17408,1
opt_ood,log16,tiled_collect,6,64,46560.547,1048576,2,17408,1
opt_ood,log16,vector_1024,6,64,54109.375,1048576,2,17408,1
opt_ood,log16,indexed_products,6,64,64178.375,1048576,3,67312,1
opt_ood,log16,vector_1024,7,64,52562.500,1048576,2,17408,1
opt_ood,log16,vector_2048,7,64,53761.719,1048576,2,33280,1
opt_ood,log16,collect_products,7,64,64413.406,1048576,4,67568,1
opt_ood,log16,tiled_grouped,7,64,47074.219,1048576,2,17408,1
opt_ood,log16,reuse_products,7,64,61115.234,1048576,3,67312,1
opt_ood,log16,tiled_256,7,64,46555.328,1048576,2,8192,1
opt_ood,log16,indexed_products,7,64,62289.703,1048576,3,67312,1
opt_ood,log16,tiled_collect,7,64,46325.516,1048576,2,17408,1
opt_ood,log16,vector_products,7,64,62815.750,1048576,4,67568,1
opt_ood,log16,production_blocked,7,64,64156.906,1048576,20,133328,1
opt_ood,log16,prepared_products,7,64,61927.734,1048576,4,67568,1
opt_ood,log16,tiled_1024,7,64,46299.484,1048576,2,17408,1
opt_ood,log16,tiled_1024,8,64,46341.156,1048576,2,17408,1
opt_ood,log16,prepared_products,8,64,62144.531,1048576,4,67568,1
opt_ood,log16,tiled_256,8,64,46326.172,1048576,2,8192,1
opt_ood,log16,tiled_grouped,8,64,46344.391,1048576,2,17408,1
opt_ood,log16,vector_2048,8,64,52748.703,1048576,2,33280,1
opt_ood,log16,vector_1024,8,64,51858.078,1048576,2,17408,1
opt_ood,log16,tiled_collect,8,64,46233.719,1048576,2,17408,1
opt_ood,log16,collect_products,8,64,76707.031,1048576,4,67568,1
opt_ood,log16,reuse_products,8,64,68753.250,1048576,3,67312,1
opt_ood,log16,vector_products,8,64,76412.109,1048576,4,67568,1
opt_ood,log16,production_blocked,8,64,72345.062,1048576,20,133328,1
opt_ood,log16,indexed_products,8,64,70528.000,1048576,3,67312,1
opt_ood,log16,tiled_grouped,9,64,49123.047,1048576,2,17408,1
opt_ood,log16,tiled_256,9,64,47858.078,1048576,2,8192,1
opt_ood,log16,tiled_collect,9,64,51011.719,1048576,2,17408,1
opt_ood,log16,vector_1024,9,64,56134.766,1048576,2,17408,1
opt_ood,log16,tiled_1024,9,64,50054.688,1048576,2,17408,1
opt_ood,log16,production_blocked,9,64,84349.609,1048576,20,133328,1
opt_ood,log16,reuse_products,9,64,66976.562,1048576,3,67312,1
opt_ood,log16,indexed_products,9,64,69488.922,1048576,3,67312,1
opt_ood,log16,prepared_products,9,64,68607.422,1048576,4,67568,1
opt_ood,log16,vector_products,9,64,69757.172,1048576,4,67568,1
opt_ood,log16,collect_products,9,64,67646.484,1048576,4,67568,1
opt_ood,log16,vector_2048,9,64,52705.078,1048576,2,33280,1
opt_ood,log16,prepared_products,10,64,62135.422,1048576,4,67568,1
opt_ood,log16,tiled_collect,10,64,46330.734,1048576,2,17408,1
opt_ood,log16,reuse_products,10,64,57346.359,1048576,3,67312,1
opt_ood,log16,indexed_products,10,64,62284.500,1048576,3,67312,1
opt_ood,log16,vector_2048,10,64,53172.531,1048576,2,33280,1
opt_ood,log16,vector_1024,10,64,52245.438,1048576,2,17408,1
opt_ood,log16,tiled_1024,10,64,46509.766,1048576,2,17408,1
opt_ood,log16,production_blocked,10,64,65091.141,1048576,20,133328,1
opt_ood,log16,vector_products,10,64,66199.219,1048576,4,67568,1
opt_ood,log16,tiled_256,10,64,46746.094,1048576,2,8192,1
opt_ood,log16,collect_products,10,64,62508.469,1048576,4,67568,1
opt_ood,log16,tiled_grouped,10,64,46365.234,1048576,2,17408,1
opt_ood,log16,collect_products,11,64,62274.094,1048576,4,67568,1
opt_ood,log16,vector_products,11,64,62608.719,1048576,4,67568,1
opt_ood,log16,vector_2048,11,64,52721.359,1048576,2,33280,1
opt_ood,log16,prepared_products,11,64,62524.094,1048576,4,67568,1
opt_ood,log16,reuse_products,11,64,57270.188,1048576,3,67312,1
opt_ood,log16,production_blocked,11,64,65009.109,1048576,20,133328,1
opt_ood,log16,vector_1024,11,64,52153.641,1048576,2,17408,1
opt_ood,log16,tiled_256,11,64,46303.391,1048576,2,8192,1
opt_ood,log16,tiled_collect,11,64,46307.953,1048576,2,17408,1
opt_ood,log16,tiled_grouped,11,64,48458.328,1048576,2,17408,1
opt_ood,log16,tiled_1024,11,64,48801.438,1048576,2,17408,1
opt_ood,log16,indexed_products,11,64,74149.734,1048576,3,67312,1
opt_ood,log16,production_blocked,12,64,66656.250,1048576,20,133328,1
opt_ood,log16,prepared_products,12,64,63104.156,1048576,4,67568,1
opt_ood,log16,tiled_256,12,64,48116.547,1048576,2,8192,1
opt_ood,log16,tiled_grouped,12,64,48526.031,1048576,2,17408,1
opt_ood,log16,collect_products,12,64,67222.000,1048576,4,67568,1
opt_ood,log16,vector_products,12,64,70681.000,1048576,4,67568,1
opt_ood,log16,tiled_1024,12,64,49923.828,1048576,2,17408,1
opt_ood,log16,reuse_products,12,64,70725.906,1048576,3,67312,1
opt_ood,log16,vector_1024,12,64,55138.016,1048576,2,17408,1
opt_ood,log16,vector_2048,12,64,56387.375,1048576,2,33280,1
opt_ood,log16,indexed_products,12,64,72625.656,1048576,3,67312,1
opt_ood,log16,tiled_collect,12,64,49439.453,1048576,2,17408,1
opt_ood,log16,vector_1024,13,64,54339.844,1048576,2,17408,1
opt_ood,log16,prepared_products,13,64,69184.891,1048576,4,67568,1
opt_ood,log16,indexed_products,13,64,71770.828,1048576,3,67312,1
opt_ood,log16,tiled_256,13,64,49502.609,1048576,2,8192,1
opt_ood,log16,vector_products,13,64,72050.781,1048576,4,67568,1
opt_ood,log16,tiled_collect,13,64,50490.891,1048576,2,17408,1
opt_ood,log16,collect_products,13,64,70909.500,1048576,4,67568,1
opt_ood,log16,tiled_1024,13,64,46463.547,1048576,2,17408,1
opt_ood,log16,vector_2048,13,64,52788.406,1048576,2,33280,1
opt_ood,log16,tiled_grouped,13,64,46359.375,1048576,2,17408,1
opt_ood,log16,reuse_products,13,64,57957.672,1048576,3,67312,1
opt_ood,log16,production_blocked,13,64,67982.422,1048576,20,133328,1
opt_ood,log16,prepared_products,14,64,66434.250,1048576,4,67568,1
opt_ood,log16,production_blocked,14,64,73335.938,1048576,20,133328,1
opt_ood,log16,vector_products,14,64,65134.766,1048576,4,67568,1
opt_ood,log16,collect_products,14,64,63078.781,1048576,4,67568,1
opt_ood,log16,indexed_products,14,64,63096.344,1048576,3,67312,1
opt_ood,log16,tiled_1024,14,64,46683.594,1048576,2,17408,1
opt_ood,log16,tiled_256,14,64,46608.719,1048576,2,8192,1
opt_ood,log16,tiled_collect,14,64,46433.594,1048576,2,17408,1
opt_ood,log16,vector_2048,14,64,52845.703,1048576,2,33280,1
opt_ood,log16,tiled_grouped,14,64,46350.266,1048576,2,17408,1
opt_ood,log16,vector_1024,14,64,52138.672,1048576,2,17408,1
opt_ood,log16,reuse_products,14,64,57007.812,1048576,3,67312,1
opt_ood,log16,tiled_1024,15,64,47400.391,1048576,2,17408,1
opt_ood,log16,prepared_products,15,64,68372.391,1048576,4,67568,1
opt_ood,log16,tiled_256,15,64,48957.031,1048576,2,8192,1
opt_ood,log16,production_blocked,15,64,69444.656,1048576,20,133328,1
opt_ood,log16,reuse_products,15,64,60492.188,1048576,3,67312,1
opt_ood,log16,tiled_grouped,15,64,49371.750,1048576,2,17408,1
opt_ood,log16,vector_2048,15,64,55241.547,1048576,2,33280,1
opt_ood,log16,indexed_products,15,64,65769.531,1048576,3,67312,1
opt_ood,log16,vector_products,15,64,65190.750,1048576,4,67568,1
opt_ood,log16,vector_1024,15,64,54511.062,1048576,2,17408,1
opt_ood,log16,tiled_collect,15,64,48321.609,1048576,2,17408,1
opt_ood,log16,collect_products,15,64,73102.875,1048576,4,67568,1
opt_ood,log16,tiled_256,16,64,49647.781,1048576,2,8192,1
opt_ood,log16,vector_2048,16,64,54779.938,1048576,2,33280,1
opt_ood,log16,tiled_1024,16,64,48485.688,1048576,2,17408,1
opt_ood,log16,indexed_products,16,64,70796.234,1048576,3,67312,1
opt_ood,log16,vector_products,16,64,71488.281,1048576,4,67568,1
opt_ood,log16,tiled_collect,16,64,49782.547,1048576,2,17408,1
opt_ood,log16,vector_1024,16,64,54938.797,1048576,2,17408,1
opt_ood,log16,reuse_products,16,64,63238.938,1048576,3,67312,1
opt_ood,log16,prepared_products,16,64,70225.906,1048576,4,67568,1
opt_ood,log16,collect_products,16,64,70125.000,1048576,4,67568,1
opt_ood,log16,tiled_grouped,16,64,49608.078,1048576,2,17408,1
opt_ood,log16,production_blocked,16,64,70628.906,1048576,20,133328,1
opt_ood,log16,reuse_products,17,64,65408.203,1048576,3,67312,1
opt_ood,log16,vector_1024,17,64,53223.953,1048576,2,17408,1
opt_ood,log16,prepared_products,17,64,62914.719,1048576,4,67568,1
opt_ood,log16,production_blocked,17,64,64455.078,1048576,20,133328,1
opt_ood,log16,collect_products,17,64,62485.688,1048576,4,67568,1
opt_ood,log16,tiled_grouped,17,64,46332.031,1048576,2,17408,1
opt_ood,log16,tiled_1024,17,64,46256.516,1048576,2,17408,1
opt_ood,log16,tiled_collect,17,64,46604.172,1048576,2,17408,1
opt_ood,log16,tiled_256,17,64,46455.719,1048576,2,8192,1
opt_ood,log16,vector_2048,17,64,53585.281,1048576,2,33280,1
opt_ood,log16,vector_products,17,64,64067.703,1048576,4,67568,1
opt_ood,log16,indexed_products,17,64,63101.562,1048576,3,67312,1
opt_ood,log16,tiled_256,18,64,46423.172,1048576,2,8192,1
opt_ood,log16,tiled_grouped,18,64,46418.625,1048576,2,17408,1
opt_ood,log16,indexed_products,18,64,79504.562,1048576,3,67312,1
opt_ood,log16,vector_1024,18,64,60271.484,1048576,2,17408,1
opt_ood,log16,production_blocked,18,64,86313.156,1048576,20,133328,1
opt_ood,log16,vector_products,18,64,79990.891,1048576,4,67568,1
opt_ood,log16,reuse_products,18,64,78712.891,1048576,3,67312,1
opt_ood,log16,tiled_1024,18,64,51288.422,1048576,2,17408,1
opt_ood,log16,tiled_collect,18,64,51613.938,1048576,2,17408,1
opt_ood,log16,collect_products,18,64,85222.656,1048576,4,67568,1
opt_ood,log16,vector_2048,18,64,58261.719,1048576,2,33280,1
opt_ood,log16,prepared_products,18,64,78714.188,1048576,4,67568,1
opt_ood,log16,production_blocked,19,64,66448.578,1048576,20,133328,1
opt_ood,log16,vector_2048,19,64,53509.766,1048576,2,33280,1
opt_ood,log16,vector_products,19,64,67755.219,1048576,4,67568,1
opt_ood,log16,tiled_256,19,64,48190.750,1048576,2,8192,1
opt_ood,log16,tiled_1024,19,64,46989.578,1048576,2,17408,1
opt_ood,log16,indexed_products,19,64,63271.484,1048576,3,67312,1
opt_ood,log16,vector_1024,19,64,51899.750,1048576,2,17408,1
opt_ood,log16,prepared_products,19,64,63480.469,1048576,4,67568,1
opt_ood,log16,reuse_products,19,64,70156.250,1048576,3,67312,1
opt_ood,log16,tiled_grouped,19,64,51731.766,1048576,2,17408,1
opt_ood,log16,collect_products,19,64,85941.406,1048576,4,67568,1
opt_ood,log16,tiled_collect,19,64,53958.328,1048576,2,17408,1
opt_ood,log16,collect_products,20,64,74244.141,1048576,4,67568,1
opt_ood,log16,vector_products,20,64,77848.953,1048576,4,67568,1
opt_ood,log16,tiled_collect,20,64,50002.609,1048576,2,17408,1
opt_ood,log16,indexed_products,20,64,87785.156,1048576,3,67312,1
opt_ood,log16,vector_1024,20,64,58614.578,1048576,2,17408,1
opt_ood,log16,prepared_products,20,64,86042.969,1048576,4,67568,1
opt_ood,log16,tiled_grouped,20,64,54950.516,1048576,2,17408,1
opt_ood,log16,production_blocked,20,64,77395.844,1048576,20,133328,1
opt_ood,log16,tiled_256,20,64,49783.203,1048576,2,8192,1
opt_ood,log16,tiled_1024,20,64,47973.297,1048576,2,17408,1
opt_ood,log16,vector_2048,20,64,53816.406,1048576,2,33280,1
opt_ood,log16,reuse_products,20,64,64564.453,1048576,3,67312,1
opt_ood,log16,tiled_collect,21,64,47009.766,1048576,2,17408,1
opt_ood,log16,indexed_products,21,64,66231.781,1048576,3,67312,1
opt_ood,log16,vector_2048,21,64,53677.094,1048576,2,33280,1
opt_ood,log16,tiled_1024,21,64,46348.969,1048576,2,17408,1
opt_ood,log16,tiled_grouped,21,64,46272.125,1048576,2,17408,1
opt_ood,log16,vector_1024,21,64,52806.000,1048576,2,17408,1
opt_ood,log16,vector_products,21,64,63218.750,1048576,4,67568,1
opt_ood,log16,tiled_256,21,64,46372.406,1048576,2,8192,1
opt_ood,log16,collect_products,21,64,62376.953,1048576,4,67568,1
opt_ood,log16,production_blocked,21,64,64145.828,1048576,20,133328,1
opt_ood,log16,prepared_products,21,64,61967.453,1048576,4,67568,1
opt_ood,log16,reuse_products,21,64,57072.922,1048576,3,67312,1
opt_ood,log16,tiled_grouped,22,64,46447.266,1048576,2,17408,1
opt_ood,log16,reuse_products,22,64,59940.750,1048576,3,67312,1
opt_ood,log16,indexed_products,22,64,70036.469,1048576,3,67312,1
opt_ood,log16,tiled_1024,22,64,46420.578,1048576,2,17408,1
opt_ood,log16,vector_2048,22,64,53231.766,1048576,2,33280,1
opt_ood,log16,vector_products,22,64,65464.844,1048576,4,67568,1
opt_ood,log16,tiled_collect,22,64,46750.000,1048576,2,17408,1
opt_ood,log16,prepared_products,22,64,62761.719,1048576,4,67568,1
opt_ood,log16,production_blocked,22,64,70568.359,1048576,20,133328,1
opt_ood,log16,tiled_256,22,64,49488.281,1048576,2,8192,1
opt_ood,log16,vector_1024,22,64,53480.469,1048576,2,17408,1
opt_ood,log16,collect_products,22,64,70654.953,1048576,4,67568,1
opt_ood,log16,tiled_256,23,64,49071.609,1048576,2,8192,1
opt_ood,log16,vector_1024,23,64,54563.156,1048576,2,17408,1
opt_ood,log16,indexed_products,23,64,70346.359,1048576,3,67312,1
opt_ood,log16,reuse_products,23,64,65473.953,1048576,3,67312,1
opt_ood,log16,vector_products,23,64,71824.875,1048576,4,67568,1
opt_ood,log16,tiled_grouped,23,64,49946.609,1048576,2,17408,1
opt_ood,log16,vector_2048,23,64,56546.219,1048576,2,33280,1
opt_ood,log16,tiled_collect,23,64,49797.531,1048576,2,17408,1
opt_ood,log16,tiled_1024,23,64,49482.422,1048576,2,17408,1
opt_ood,log16,prepared_products,23,64,70722.000,1048576,4,67568,1
opt_ood,log16,collect_products,23,64,69271.484,1048576,4,67568,1
opt_ood,log16,production_blocked,23,64,67542.969,1048576,20,133328,1
opt_ood,log16,tiled_1024,24,64,46292.969,1048576,2,17408,1
opt_ood,log16,collect_products,24,64,62116.547,1048576,4,67568,1
opt_ood,log16,tiled_256,24,64,46671.875,1048576,2,8192,1
opt_ood,log16,vector_products,24,64,62955.734,1048576,4,67568,1
opt_ood,log16,vector_1024,24,64,56310.547,1048576,2,17408,1
opt_ood,log16,indexed_products,24,64,75918.609,1048576,3,67312,1
opt_ood,log16,tiled_collect,24,64,48542.969,1048576,2,17408,1
opt_ood,log16,production_blocked,24,64,66053.391,1048576,20,133328,1
opt_ood,log16,prepared_products,24,64,62884.109,1048576,4,67568,1
opt_ood,log16,reuse_products,24,64,58065.094,1048576,3,67312,1
opt_ood,log16,vector_2048,24,64,53515.625,1048576,2,33280,1
opt_ood,log16,tiled_grouped,24,64,47188.156,1048576,2,17408,1
opt_ood,log16,production_blocked,25,64,65440.750,1048576,20,133328,1
opt_ood,log16,collect_products,25,64,63491.547,1048576,4,67568,1
opt_ood,log16,vector_products,25,64,74725.266,1048576,4,67568,1
opt_ood,log16,tiled_grouped,25,64,52552.734,1048576,2,17408,1
opt_ood,log16,prepared_products,25,64,73115.891,1048576,4,67568,1
opt_ood,log16,vector_1024,25,64,55284.516,1048576,2,17408,1
opt_ood,log16,vector_2048,25,64,56275.391,1048576,2,33280,1
opt_ood,log16,tiled_collect,25,64,47831.375,1048576,2,17408,1
opt_ood,log16,indexed_products,25,64,69720.047,1048576,3,67312,1
opt_ood,log16,reuse_products,25,64,65198.562,1048576,3,67312,1
opt_ood,log16,tiled_256,25,64,49252.594,1048576,2,8192,1
opt_ood,log16,tiled_1024,25,64,49433.594,1048576,2,17408,1
opt_ood,log16,tiled_1024,26,64,49404.297,1048576,2,17408,1
opt_ood,log16,production_blocked,26,64,72511.719,1048576,20,133328,1
opt_ood,log16,vector_products,26,64,71695.312,1048576,4,67568,1
opt_ood,log16,collect_products,26,64,71195.312,1048576,4,67568,1
opt_ood,log16,tiled_256,26,64,48901.688,1048576,2,8192,1
opt_ood,log16,prepared_products,26,64,66298.828,1048576,4,67568,1
opt_ood,log16,tiled_collect,26,64,47373.688,1048576,2,17408,1
opt_ood,log16,indexed_products,26,64,62591.141,1048576,3,67312,1
opt_ood,log16,reuse_products,26,64,57468.750,1048576,3,67312,1
opt_ood,log16,tiled_grouped,26,64,46433.594,1048576,2,17408,1
opt_ood,log16,vector_2048,26,64,53038.406,1048576,2,33280,1
opt_ood,log16,vector_1024,26,64,52027.984,1048576,2,17408,1
opt_ood,log16,production_blocked,27,64,64686.188,1048576,20,133328,1
opt_ood,log16,tiled_256,27,64,47826.812,1048576,2,8192,1
opt_ood,log16,tiled_grouped,27,64,47354.172,1048576,2,17408,1
opt_ood,log16,tiled_collect,27,64,50893.219,1048576,2,17408,1
opt_ood,log16,vector_products,27,64,86589.844,1048576,4,67568,1
opt_ood,log16,reuse_products,27,64,76250.641,1048576,3,67312,1
opt_ood,log16,collect_products,27,64,98099.609,1048576,4,67568,1
opt_ood,log16,vector_1024,27,64,60360.672,1048576,2,17408,1
opt_ood,log16,prepared_products,27,64,117811.844,1048576,4,67568,1
opt_ood,log16,tiled_1024,27,64,56156.906,1048576,2,17408,1
opt_ood,log16,indexed_products,27,64,97955.734,1048576,3,67312,1
opt_ood,log16,vector_2048,27,64,61583.984,1048576,2,33280,1
opt_ood,log16,vector_2048,28,64,57414.062,1048576,2,33280,1
opt_ood,log16,prepared_products,28,64,72147.781,1048576,4,67568,1
opt_ood,log16,vector_1024,28,64,53239.578,1048576,2,17408,1
opt_ood,log16,reuse_products,28,64,63361.969,1048576,3,67312,1
opt_ood,log16,vector_products,28,64,63238.281,1048576,4,67568,1
opt_ood,log16,tiled_collect,28,64,46367.844,1048576,2,17408,1
opt_ood,log16,tiled_grouped,28,64,46341.156,1048576,2,17408,1
opt_ood,log16,indexed_products,28,64,61931.000,1048576,3,67312,1
opt_ood,log16,production_blocked,28,64,64291.672,1048576,20,133328,1
opt_ood,log16,collect_products,28,64,62068.359,1048576,4,67568,1
opt_ood,log16,tiled_1024,28,64,46285.156,1048576,2,17408,1
opt_ood,log16,tiled_256,28,64,46401.688,1048576,2,8192,1
opt_ood,log16,vector_1024,29,64,51746.750,1048576,2,17408,1
opt_ood,log16,tiled_collect,29,64,46283.859,1048576,2,17408,1
opt_ood,log16,vector_2048,29,64,52754.562,1048576,2,33280,1
opt_ood,log16,tiled_256,29,64,46296.219,1048576,2,8192,1
opt_ood,log16,production_blocked,29,64,69377.609,1048576,20,133328,1
opt_ood,log16,vector_products,29,64,74465.500,1048576,4,67568,1
opt_ood,log16,reuse_products,29,64,59887.375,1048576,3,67312,1
opt_ood,log16,indexed_products,29,64,85879.562,1048576,3,67312,1
opt_ood,log16,tiled_grouped,29,64,46656.250,1048576,2,17408,1
opt_ood,log16,tiled_1024,29,64,46697.266,1048576,2,17408,1
opt_ood,log16,prepared_products,29,64,64416.016,1048576,4,67568,1
opt_ood,log16,collect_products,29,64,64914.703,1048576,4,67568,1
opt_ood,log16,tiled_collect,30,64,46783.203,1048576,2,17408,1
opt_ood,log16,tiled_256,30,64,46783.844,1048576,2,8192,1
opt_ood,log16,vector_products,30,64,63874.344,1048576,4,67568,1
opt_ood,log16,indexed_products,30,64,63712.891,1048576,3,67312,1
opt_ood,log16,prepared_products,30,64,64524.734,1048576,4,67568,1
opt_ood,log16,reuse_products,30,64,59356.766,1048576,3,67312,1
opt_ood,log16,collect_products,30,64,62591.797,1048576,4,67568,1
opt_ood,log16,tiled_1024,30,64,46294.266,1048576,2,17408,1
opt_ood,log16,tiled_grouped,30,64,46350.906,1048576,2,17408,1
opt_ood,log16,vector_2048,30,64,52862.625,1048576,2,33280,1
opt_ood,log16,production_blocked,30,64,65456.391,1048576,20,133328,1
opt_ood,log16,vector_1024,30,64,51875.656,1048576,2,17408,1
opt_ood,log16,prepared_products,31,64,62263.031,1048576,4,67568,1
opt_ood,log16,production_blocked,31,64,64158.859,1048576,20,133328,1
opt_ood,log16,vector_2048,31,64,52688.156,1048576,2,33280,1
opt_ood,log16,vector_products,31,64,62675.125,1048576,4,67568,1
opt_ood,log16,tiled_1024,31,64,46294.266,1048576,2,17408,1
opt_ood,log16,tiled_grouped,31,64,46361.328,1048576,2,17408,1
opt_ood,log16,tiled_collect,31,64,46246.750,1048576,2,17408,1
opt_ood,log16,collect_products,31,64,68407.562,1048576,4,67568,1
opt_ood,log16,reuse_products,31,64,59398.438,1048576,3,67312,1
opt_ood,log16,indexed_products,31,64,64199.219,1048576,3,67312,1
opt_ood,log16,vector_1024,31,64,51947.266,1048576,2,17408,1
opt_ood,log16,tiled_256,31,64,46345.047,1048576,2,8192,1
opt_ood,log18,prepared_products,0,16,214484.375,4194304,4,69104,1
opt_ood,log18,indexed_products,0,16,212817.750,4194304,3,68080,1
opt_ood,log18,vector_2048,0,16,202393.250,4194304,2,34816,1
opt_ood,log18,production_blocked,0,16,216460.938,4194304,22,135632,1
opt_ood,log18,collect_products,0,16,211294.312,4194304,4,69104,1
opt_ood,log18,tiled_1024,0,16,180247.438,4194304,2,20480,1
opt_ood,log18,tiled_collect,0,16,186057.250,4194304,2,20480,1
opt_ood,log18,vector_products,0,16,234799.500,4194304,4,69104,1
opt_ood,log18,vector_1024,0,16,215934.938,4194304,2,20480,1
opt_ood,log18,tiled_grouped,0,16,193708.375,4194304,2,20480,1
opt_ood,log18,tiled_256,0,16,198421.875,4194304,2,20480,1
opt_ood,log18,reuse_products,0,16,206708.312,4194304,3,68080,1
opt_ood,log18,tiled_grouped,1,16,194854.188,4194304,2,20480,1
opt_ood,log18,production_blocked,1,16,235776.062,4194304,22,135632,1
opt_ood,log18,tiled_256,1,16,197880.188,4194304,2,20480,1
opt_ood,log18,prepared_products,1,16,234320.312,4194304,4,69104,1
opt_ood,log18,vector_1024,1,16,219703.125,4194304,2,20480,1
opt_ood,log18,tiled_collect,1,16,192315.125,4194304,2,20480,1
opt_ood,log18,tiled_1024,1,16,194622.438,4194304,2,20480,1
opt_ood,log18,vector_products,1,16,237500.000,4194304,4,69104,1
opt_ood,log18,vector_2048,1,16,219643.250,4194304,2,34816,1
opt_ood,log18,reuse_products,1,16,211460.938,4194304,3,68080,1
opt_ood,log18,collect_products,1,16,235031.250,4194304,4,69104,1
opt_ood,log18,indexed_products,1,16,224192.750,4194304,3,68080,1
opt_ood,log18,tiled_1024,2,16,179747.375,4194304,2,20480,1
opt_ood,log18,vector_products,2,16,214072.875,4194304,4,69104,1
opt_ood,log18,reuse_products,2,16,190468.750,4194304,3,68080,1
opt_ood,log18,vector_2048,2,16,202549.438,4194304,2,34816,1
opt_ood,log18,tiled_256,2,16,183966.125,4194304,2,20480,1
opt_ood,log18,collect_products,2,16,211632.812,4194304,4,69104,1
opt_ood,log18,tiled_grouped,2,16,179799.438,4194304,2,20480,1
opt_ood,log18,indexed_products,2,16,211854.188,4194304,3,68080,1
opt_ood,log18,vector_1024,2,16,201835.938,4194304,2,20480,1
opt_ood,log18,tiled_collect,2,16,179596.375,4194304,2,20480,1
opt_ood,log18,prepared_products,2,16,212125.000,4194304,4,69104,1
opt_ood,log18,production_blocked,2,16,216088.562,4194304,22,135632,1
opt_ood,log18,tiled_256,3,16,184544.250,4194304,2,20480,1
opt_ood,log18,tiled_grouped,3,16,180369.812,4194304,2,20480,1
opt_ood,log18,tiled_1024,3,16,179671.875,4194304,2,20480,1
opt_ood,log18,vector_2048,3,16,208536.500,4194304,2,34816,1
opt_ood,log18,indexed_products,3,16,210789.062,4194304,3,68080,1
opt_ood,log18,reuse_products,3,16,190950.500,4194304,3,68080,1
opt_ood,log18,vector_1024,3,16,209369.750,4194304,2,20480,1
opt_ood,log18,vector_products,3,16,244994.750,4194304,4,69104,1
opt_ood,log18,collect_products,3,16,234072.938,4194304,4,69104,1
opt_ood,log18,prepared_products,3,16,233481.812,4194304,4,69104,1
opt_ood,log18,tiled_collect,3,16,197966.188,4194304,2,20480,1
opt_ood,log18,production_blocked,3,16,221890.625,4194304,22,135632,1
opt_ood,log18,collect_products,4,16,214458.312,4194304,4,69104,1
opt_ood,log18,tiled_collect,4,16,179976.562,4194304,2,20480,1
opt_ood,log18,tiled_1024,4,16,180174.500,4194304,2,20480,1
opt_ood,log18,prepared_products,4,16,212161.438,4194304,4,69104,1
opt_ood,log18,production_blocked,4,16,217567.688,4194304,22,135632,1
opt_ood,log18,vector_1024,4,16,229986.938,4194304,2,20480,1
opt_ood,log18,reuse_products,4,16,223226.562,4194304,3,68080,1
opt_ood,log18,indexed_products,4,16,229903.625,4194304,3,68080,1
opt_ood,log18,vector_products,4,16,233830.688,4194304,4,69104,1
opt_ood,log18,tiled_grouped,4,16,192190.125,4194304,2,20480,1
opt_ood,log18,vector_2048,4,16,214661.438,4194304,2,34816,1
opt_ood,log18,tiled_256,4,16,197244.812,4194304,2,20480,1
opt_ood,log18,indexed_products,5,16,234612.000,4194304,3,68080,1
opt_ood,log18,vector_2048,5,16,214242.188,4194304,2,34816,1
opt_ood,log18,tiled_256,5,16,199622.375,4194304,2,20480,1
opt_ood,log18,tiled_1024,5,16,196460.938,4194304,2,20480,1
opt_ood,log18,tiled_grouped,5,16,192057.312,4194304,2,20480,1
opt_ood,log18,tiled_collect,5,16,193263.000,4194304,2,20480,1
opt_ood,log18,production_blocked,5,16,230125.000,4194304,22,135632,1
opt_ood,log18,collect_products,5,16,229489.562,4194304,4,69104,1
opt_ood,log18,prepared_products,5,16,232731.750,4194304,4,69104,1
opt_ood,log18,vector_products,5,16,247825.500,4194304,4,69104,1
opt_ood,log18,vector_1024,5,16,217083.375,4194304,2,20480,1
opt_ood,log18,reuse_products,5,16,227638.000,4194304,3,68080,1
opt_ood,log18,tiled_256,6,16,206273.438,4194304,2,20480,1
opt_ood,log18,production_blocked,6,16,278471.312,4194304,22,135632,1
opt_ood,log18,tiled_grouped,6,16,201919.250,4194304,2,20480,1
opt_ood,log18,indexed_products,6,16,256708.312,4194304,3,68080,1
opt_ood,log18,collect_products,6,16,257416.625,4194304,4,69104,1
opt_ood,log18,tiled_1024,6,16,203932.312,4194304,2,20480,1
opt_ood,log18,reuse_products,6,16,233208.312,4194304,3,68080,1
opt_ood,log18,vector_products,6,16,256393.188,4194304,4,69104,1
opt_ood,log18,tiled_collect,6,16,203929.688,4194304,2,20480,1
opt_ood,log18,prepared_products,6,16,256721.375,4194304,4,69104,1
opt_ood,log18,vector_1024,6,16,203822.938,4194304,2,20480,1
opt_ood,log18,vector_2048,6,16,207028.688,4194304,2,34816,1
opt_ood,log18,prepared_products,7,16,242971.375,4194304,4,69104,1
opt_ood,log18,tiled_256,7,16,201356.750,4194304,2,20480,1
opt_ood,log18,tiled_grouped,7,16,180213.562,4194304,2,20480,1
opt_ood,log18,collect_products,7,16,217372.438,4194304,4,69104,1
opt_ood,log18,vector_products,7,16,214739.625,4194304,4,69104,1
opt_ood,log18,vector_1024,7,16,201903.625,4194304,2,20480,1
opt_ood,log18,reuse_products,7,16,190036.438,4194304,3,68080,1
opt_ood,log18,tiled_1024,7,16,179786.500,4194304,2,20480,1
opt_ood,log18,vector_2048,7,16,202119.812,4194304,2,34816,1
opt_ood,log18,indexed_products,7,16,210869.812,4194304,3,68080,1
opt_ood,log18,tiled_collect,7,16,198085.938,4194304,2,20480,1
opt_ood,log18,production_blocked,7,16,256614.625,4194304,22,135632,1
opt_ood,log18,vector_2048,8,16,221398.438,4194304,2,34816,1
opt_ood,log18,vector_1024,8,16,205713.562,4194304,2,20480,1
opt_ood,log18,tiled_grouped,8,16,183244.750,4194304,2,20480,1
opt_ood,log18,production_blocked,8,16,225812.500,4194304,22,135632,1
opt_ood,log18,reuse_products,8,16,206364.562,4194304,3,68080,1
opt_ood,log18,tiled_1024,8,16,194091.125,4194304,2,20480,1
opt_ood,log18,indexed_products,8,16,228190.062,4194304,3,68080,1
opt_ood,log18,vector_products,8,16,236385.438,4194304,4,69104,1
opt_ood,log18,collect_products,8,16,233195.312,4194304,4,69104,1
opt_ood,log18,prepared_products,8,16,252859.375,4194304,4,69104,1
opt_ood,log18,tiled_256,8,16,210057.250,4194304,2,20480,1
opt_ood,log18,tiled_collect,8,16,204992.188,4194304,2,20480,1
opt_ood,log18,prepared_products,9,16,271591.125,4194304,4,69104,1
opt_ood,log18,vector_products,9,16,246856.812,4194304,4,69104,1
opt_ood,log18,tiled_256,9,16,202223.938,4194304,2,20480,1
opt_ood,log18,indexed_products,9,16,233145.812,4194304,3,68080,1
opt_ood,log18,tiled_grouped,9,16,191091.188,4194304,2,20480,1
opt_ood,log18,tiled_collect,9,16,189179.688,4194304,2,20480,1
opt_ood,log18,tiled_1024,9,16,188984.375,4194304,2,20480,1
opt_ood,log18,production_blocked,9,16,246036.438,4194304,22,135632,1
opt_ood,log18,reuse_products,9,16,209494.812,4194304,3,68080,1
opt_ood,log18,vector_1024,9,16,219411.438,4194304,2,20480,1
opt_ood,log18,collect_products,9,16,234239.562,4194304,4,69104,1
opt_ood,log18,vector_2048,9,16,216156.250,4194304,2,34816,1
opt_ood,log18,production_blocked,10,16,235612.000,4194304,22,135632,1
opt_ood,log18,tiled_1024,10,16,193252.625,4194304,2,20480,1
opt_ood,log18,tiled_collect,10,16,180156.250,4194304,2,20480,1
opt_ood,log18,vector_1024,10,16,203138.000,4194304,2,20480,1
opt_ood,log18,tiled_256,10,16,186270.812,4194304,2,20480,1
opt_ood,log18,collect_products,10,16,214309.938,4194304,4,69104,1
opt_ood,log18,indexed_products,10,16,214932.250,4194304,3,68080,1
opt_ood,log18,reuse_products,10,16,211481.750,4194304,3,68080,1
opt_ood,log18,vector_2048,10,16,208075.500,4194304,2,34816,1
opt_ood,log18,tiled_grouped,10,16,187460.938,4194304,2,20480,1
opt_ood,log18,prepared_products,10,16,239880.188,4194304,4,69104,1
opt_ood,log18,vector_products,10,16,239213.500,4194304,4,69104,1
opt_ood,log18,vector_products,11,16,238833.312,4194304,4,69104,1
opt_ood,log18,tiled_256,11,16,200755.188,4194304,2,20480,1
opt_ood,log18,production_blocked,11,16,235138.062,4194304,22,135632,1
opt_ood,log18,tiled_1024,11,16,197890.625,4194304,2,20480,1
opt_ood,log18,tiled_collect,11,16,201406.250,4194304,2,20480,1
opt_ood,log18,indexed_products,11,16,254955.688,4194304,3,68080,1
opt_ood,log18,reuse_products,11,16,231796.875,4194304,3,68080,1
opt_ood,log18,vector_2048,11,16,225911.500,4194304,2,34816,1
opt_ood,log18,prepared_products,11,16,255929.688,4194304,4,69104,1
opt_ood,log18,collect_products,11,16,255901.062,4194304,4,69104,1
opt_ood,log18,vector_1024,11,16,241174.438,4194304,2,20480,1
opt_ood,log18,tiled_grouped,11,16,209968.750,4194304,2,20480,1
opt_ood,log18,tiled_256,12,16,187661.500,4194304,2,20480,1
opt_ood,log18,tiled_collect,12,16,184950.562,4194304,2,20480,1
opt_ood,log18,vector_1024,12,16,207057.250,4194304,2,20480,1
opt_ood,log18,tiled_grouped,12,16,187263.000,4194304,2,20480,1
opt_ood,log18,reuse_products,12,16,212205.750,4194304,3,68080,1
opt_ood,log18,collect_products,12,16,219747.375,4194304,4,69104,1
opt_ood,log18,production_blocked,12,16,224877.562,4194304,22,135632,1
opt_ood,log18,vector_products,12,16,232200.500,4194304,4,69104,1
opt_ood,log18,prepared_products,12,16,213796.875,4194304,4,69104,1
opt_ood,log18,vector_2048,12,16,203101.562,4194304,2,34816,1
opt_ood,log18,tiled_1024,12,16,179820.312,4194304,2,20480,1
opt_ood,log18,indexed_products,12,16,220132.812,4194304,3,68080,1
opt_ood,log18,vector_1024,13,16,202033.875,4194304,2,20480,1
opt_ood,log18,tiled_256,13,16,183778.625,4194304,2,20480,1
opt_ood,log18,vector_products,13,16,216807.312,4194304,4,69104,1
opt_ood,log18,vector_2048,13,16,202018.188,4194304,2,34816,1
opt_ood,log18,production_blocked,13,16,216434.875,4194304,22,135632,1
opt_ood,log18,tiled_collect,13,16,179997.375,4194304,2,20480,1
opt_ood,log18,reuse_products,13,16,191033.875,4194304,3,68080,1
opt_ood,log18,prepared_products,13,16,215114.625,4194304,4,69104,1
opt_ood,log18,tiled_grouped,13,16,180098.938,4194304,2,20480,1
opt_ood,log18,collect_products,13,16,227601.562,4194304,4,69104,1
opt_ood,log18,tiled_1024,13,16,200776.062,4194304,2,20480,1
opt_ood,log18,indexed_products,13,16,219630.250,4194304,3,68080,1
opt_ood,log18,tiled_1024,14,16,190044.250,4194304,2,20480,1
opt_ood,log18,vector_products,14,16,226283.812,4194304,4,69104,1
opt_ood,log18,vector_1024,14,16,206039.062,4194304,2,20480,1
opt_ood,log18,tiled_256,14,16,185250.000,4194304,2,20480,1
opt_ood,log18,prepared_products,14,16,214471.375,4194304,4,69104,1
opt_ood,log18,production_blocked,14,16,217216.125,4194304,22,135632,1
opt_ood,log18,reuse_products,14,16,190380.188,4194304,3,68080,1
opt_ood,log18,vector_2048,14,16,210099.000,4194304,2,34816,1
opt_ood,log18,tiled_collect,14,16,186158.875,4194304,2,20480,1
opt_ood,log18,tiled_grouped,14,16,207973.938,4194304,2,20480,1
opt_ood,log18,collect_products,14,16,281437.500,4194304,4,69104,1
opt_ood,log18,indexed_products,14,16,264799.500,4194304,3,68080,1
opt_ood,log18,production_blocked,15,16,242187.500,4194304,22,135632,1
opt_ood,log18,vector_2048,15,16,219338.562,4194304,2,34816,1
opt_ood,log18,vector_1024,15,16,211122.375,4194304,2,20480,1
opt_ood,log18,tiled_256,15,16,188333.375,4194304,2,20480,1
opt_ood,log18,vector_products,15,16,237197.938,4194304,4,69104,1
opt_ood,log18,tiled_collect,15,16,195197.938,4194304,2,20480,1
opt_ood,log18,collect_products,15,16,238401.062,4194304,4,69104,1
opt_ood,log18,prepared_products,15,16,229406.250,4194304,4,69104,1
opt_ood,log18,indexed_products,15,16,231026.000,4194304,3,68080,1
opt_ood,log18,reuse_products,15,16,213890.625,4194304,3,68080,1
opt_ood,log18,tiled_grouped,15,16,192901.062,4194304,2,20480,1
opt_ood,log18,tiled_1024,15,16,196281.250,4194304,2,20480,1
opt_ood,log18,prepared_products,16,16,243065.062,4194304,4,69104,1
opt_ood,log18,vector_1024,16,16,216192.750,4194304,2,20480,1
opt_ood,log18,indexed_products,16,16,219846.375,4194304,3,68080,1
opt_ood,log18,collect_products,16,16,218252.625,4194304,4,69104,1
opt_ood,log18,tiled_256,16,16,184442.750,4194304,2,20480,1
opt_ood,log18,tiled_grouped,16,16,182033.812,4194304,2,20480,1
opt_ood,log18,tiled_collect,16,16,179604.188,4194304,2,20480,1
opt_ood,log18,production_blocked,16,16,215726.562,4194304,22,135632,1
opt_ood,log18,reuse_products,16,16,190304.688,4194304,3,68080,1
opt_ood,log18,vector_2048,16,16,201906.250,4194304,2,34816,1
opt_ood,log18,tiled_1024,16,16,179867.188,4194304,2,20480,1
opt_ood,log18,vector_products,16,16,213760.375,4194304,4,69104,1
opt_ood,log18,tiled_1024,17,16,180164.062,4194304,2,20480,1
opt_ood,log18,vector_1024,17,16,202437.500,4194304,2,20480,1
opt_ood,log18,tiled_collect,17,16,179627.562,4194304,2,20480,1
opt_ood,log18,vector_2048,17,16,202164.062,4194304,2,34816,1
opt_ood,log18,production_blocked,17,16,215638.062,4194304,22,135632,1
opt_ood,log18,prepared_products,17,16,237757.812,4194304,4,69104,1
opt_ood,log18,tiled_256,17,16,192888.000,4194304,2,20480,1
opt_ood,log18,vector_products,17,16,234593.750,4194304,4,69104,1
opt_ood,log18,collect_products,17,16,226947.938,4194304,4,69104,1
opt_ood,log18,tiled_grouped,17,16,184773.438,4194304,2,20480,1
opt_ood,log18,indexed_products,17,16,215099.000,4194304,3,68080,1
opt_ood,log18,reuse_products,17,16,192716.188,4194304,3,68080,1
opt_ood,log18,prepared_products,18,16,229377.625,4194304,4,69104,1
opt_ood,log18,vector_2048,18,16,243192.750,4194304,2,34816,1
opt_ood,log18,tiled_1024,18,16,205255.250,4194304,2,20480,1
opt_ood,log18,collect_products,18,16,260981.812,4194304,4,69104,1
opt_ood,log18,tiled_collect,18,16,205015.625,4194304,2,20480,1
opt_ood,log18,tiled_grouped,18,16,202414.062,4194304,2,20480,1
opt_ood,log18,tiled_256,18,16,202377.625,4194304,2,20480,1
opt_ood,log18,reuse_products,18,16,218734.375,4194304,3,68080,1
opt_ood,log18,vector_products,18,16,241424.438,4194304,4,69104,1
opt_ood,log18,indexed_products,18,16,233237.000,4194304,3,68080,1
opt_ood,log18,vector_1024,18,16,213666.688,4194304,2,20480,1
opt_ood,log18,production_blocked,18,16,244833.312,4194304,22,135632,1
opt_ood,log18,vector_2048,19,16,224429.688,4194304,2,34816,1
opt_ood,log18,reuse_products,19,16,213901.062,4194304,3,68080,1
opt_ood,log18,vector_products,19,16,242359.375,4194304,4,69104,1
opt_ood,log18,vector_1024,19,16,218007.812,4194304,2,20480,1
opt_ood,log18,prepared_products,19,16,218737.000,4194304,4,69104,1
opt_ood,log18,tiled_256,19,16,185812.500,4194304,2,20480,1
opt_ood,log18,production_blocked,19,16,216703.125,4194304,22,135632,1
opt_ood,log18,collect_products,19,16,211234.375,4194304,4,69104,1
opt_ood,log18,tiled_grouped,19,16,179927.062,4194304,2,20480,1
opt_ood,log18,tiled_1024,19,16,179666.625,4194304,2,20480,1
opt_ood,log18,indexed_products,19,16,211015.625,4194304,3,68080,1
opt_ood,log18,tiled_collect,19,16,180018.250,4194304,2,20480,1
opt_ood,log18,vector_products,20,16,214770.812,4194304,4,69104,1
opt_ood,log18,collect_products,20,16,212169.250,4194304,4,69104,1
opt_ood,log18,prepared_products,20,16,214695.312,4194304,4,69104,1
opt_ood,log18,indexed_products,20,16,211289.062,4194304,3,68080,1
opt_ood,log18,tiled_256,20,16,187395.875,4194304,2,20480,1
opt_ood,log18,tiled_grouped,20,16,179861.938,4194304,2,20480,1
opt_ood,log18,reuse_products,20,16,192023.438,4194304,3,68080,1
opt_ood,log18,vector_1024,20,16,202708.312,4194304,2,20480,1
opt_ood,log18,production_blocked,20,16,214843.750,4194304,22,135632,1
opt_ood,log18,vector_2048,20,16,202309.875,4194304,2,34816,1
opt_ood,log18,tiled_1024,20,16,181398.438,4194304,2,20480,1
opt_ood,log18,tiled_collect,20,16,196666.625,4194304,2,20480,1
opt_ood,log18,tiled_1024,21,16,185851.562,4194304,2,20480,1
opt_ood,log18,indexed_products,21,16,239401.062,4194304,3,68080,1
opt_ood,log18,tiled_256,21,16,211247.375,4194304,2,20480,1
opt_ood,log18,vector_2048,21,16,239270.812,4194304,2,34816,1
opt_ood,log18,prepared_products,21,16,253500.000,4194304,4,69104,1
opt_ood,log18,reuse_products,21,16,224078.125,4194304,3,68080,1
opt_ood,log18,tiled_collect,21,16,202127.625,4194304,2,20480,1
opt_ood,log18,collect_products,21,16,262585.938,4194304,4,69104,1
opt_ood,log18,vector_1024,21,16,232221.312,4194304,2,20480,1
opt_ood,log18,production_blocked,21,16,259783.875,4194304,22,135632,1
opt_ood,log18,tiled_grouped,21,16,219580.750,4194304,2,20480,1
opt_ood,log18,vector_products,21,16,260304.688,4194304,4,69104,1
opt_ood,log18,tiled_1024,22,16,208130.250,4194304,2,20480,1
opt_ood,log18,production_blocked,22,16,239614.562,4194304,22,135632,1
opt_ood,log18,indexed_products,22,16,213895.875,4194304,3,68080,1
opt_ood,log18,vector_products,22,16,215583.312,4194304,4,69104,1
opt_ood,log18,prepared_products,22,16,226916.688,4194304,4,69104,1
opt_ood,log18,reuse_products,22,16,200708.312,4194304,3,68080,1
opt_ood,log18,vector_2048,22,16,206518.188,4194304,2,34816,1
opt_ood,log18,vector_1024,22,16,202575.500,4194304,2,20480,1
opt_ood,log18,tiled_collect,22,16,183130.188,4194304,2,20480,1
opt_ood,log18,collect_products,22,16,220218.750,4194304,4,69104,1
opt_ood,log18,tiled_256,22,16,187807.312,4194304,2,20480,1
opt_ood,log18,tiled_grouped,22,16,180346.375,4194304,2,20480,1
opt_ood,log18,indexed_products,23,16,212455.688,4194304,3,68080,1
opt_ood,log18,vector_products,23,16,216500.000,4194304,4,69104,1
opt_ood,log18,collect_products,23,16,214237.000,4194304,4,69104,1
opt_ood,log18,production_blocked,23,16,217648.438,4194304,22,135632,1
opt_ood,log18,tiled_1024,23,16,181145.812,4194304,2,20480,1
opt_ood,log18,vector_2048,23,16,202638.000,4194304,2,34816,1
opt_ood,log18,vector_1024,23,16,203932.312,4194304,2,20480,1
opt_ood,log18,tiled_grouped,23,16,181099.000,4194304,2,20480,1
opt_ood,log18,reuse_products,23,16,190835.938,4194304,3,68080,1
opt_ood,log18,prepared_products,23,16,211411.438,4194304,4,69104,1
opt_ood,log18,tiled_collect,23,16,192031.250,4194304,2,20480,1
opt_ood,log18,tiled_256,23,16,196179.688,4194304,2,20480,1
opt_ood,log18,prepared_products,24,16,232039.062,4194304,4,69104,1
opt_ood,log18,indexed_products,24,16,232544.312,4194304,3,68080,1
opt_ood,log18,tiled_256,24,16,199257.812,4194304,2,20480,1
opt_ood,log18,collect_products,24,16,231843.750,4194304,4,69104,1
opt_ood,log18,tiled_grouped,24,16,193906.250,4194304,2,20480,1
opt_ood,log18,reuse_products,24,16,247348.938,4194304,3,68080,1
opt_ood,log18,vector_2048,24,16,253231.750,4194304,2,34816,1
opt_ood,log18,vector_products,24,16,301328.125,4194304,4,69104,1
opt_ood,log18,production_blocked,24,16,268427.125,4194304,22,135632,1
opt_ood,log18,tiled_1024,24,16,214776.062,4194304,2,20480,1
opt_ood,log18,tiled_collect,24,16,198622.438,4194304,2,20480,1
opt_ood,log18,vector_1024,24,16,220851.562,4194304,2,20480,1
opt_ood,log18,vector_2048,25,16,215682.250,4194304,2,34816,1
opt_ood,log18,production_blocked,25,16,225528.688,4194304,22,135632,1
opt_ood,log18,reuse_products,25,16,201625.000,4194304,3,68080,1
opt_ood,log18,tiled_256,25,16,195117.188,4194304,2,20480,1
opt_ood,log18,tiled_collect,25,16,185481.812,4194304,2,20480,1
opt_ood,log18,tiled_1024,25,16,190455.750,4194304,2,20480,1
opt_ood,log18,tiled_grouped,25,16,183833.312,4194304,2,20480,1
opt_ood,log18,collect_products,25,16,214986.938,4194304,4,69104,1
opt_ood,log18,vector_1024,25,16,201789.062,4194304,2,20480,1
opt_ood,log18,indexed_products,25,16,210974.000,4194304,3,68080,1
opt_ood,log18,vector_products,25,16,214625.000,4194304,4,69104,1
opt_ood,log18,prepared_products,25,16,211591.125,4194304,4,69104,1
opt_ood,log18,tiled_collect,26,16,180627.625,4194304,2,20480,1
opt_ood,log18,tiled_256,26,16,184830.750,4194304,2,20480,1
opt_ood,log18,vector_1024,26,16,201687.500,4194304,2,20480,1
opt_ood,log18,tiled_grouped,26,16,179843.750,4194304,2,20480,1
opt_ood,log18,prepared_products,26,16,211515.625,4194304,4,69104,1
opt_ood,log18,vector_products,26,16,215843.750,4194304,4,69104,1
opt_ood,log18,tiled_1024,26,16,179971.312,4194304,2,20480,1
opt_ood,log18,indexed_products,26,16,210671.875,4194304,3,68080,1
opt_ood,log18,production_blocked,26,16,214518.250,4194304,22,135632,1
opt_ood,log18,vector_2048,26,16,201921.875,4194304,2,34816,1
opt_ood,log18,reuse_products,26,16,190156.250,4194304,3,68080,1
opt_ood,log18,collect_products,26,16,212052.062,4194304,4,69104,1
opt_ood,log18,tiled_grouped,27,16,179773.438,4194304,2,20480,1
opt_ood,log18,vector_products,27,16,214661.438,4194304,4,69104,1
opt_ood,log18,reuse_products,27,16,190328.125,4194304,3,68080,1
opt_ood,log18,production_blocked,27,16,216132.812,4194304,22,135632,1
opt_ood,log18,vector_2048,27,16,202729.188,4194304,2,34816,1
opt_ood,log18,prepared_products,27,16,212744.812,4194304,4,69104,1
opt_ood,log18,collect_products,27,16,211859.375,4194304,4,69104,1
opt_ood,log18,tiled_256,27,16,184940.062,4194304,2,20480,1
opt_ood,log18,indexed_products,27,16,210419.312,4194304,3,68080,1
opt_ood,log18,tiled_collect,27,16,180494.812,4194304,2,20480,1
opt_ood,log18,vector_1024,27,16,201851.562,4194304,2,20480,1
opt_ood,log18,tiled_1024,27,16,179768.188,4194304,2,20480,1
opt_ood,log18,tiled_grouped,28,16,180213.562,4194304,2,20480,1
opt_ood,log18,tiled_256,28,16,184234.375,4194304,2,20480,1
opt_ood,log18,reuse_products,28,16,191828.125,4194304,3,68080,1
opt_ood,log18,tiled_collect,28,16,181255.250,4194304,2,20480,1
opt_ood,log18,production_blocked,28,16,214945.312,4194304,22,135632,1
opt_ood,log18,vector_products,28,16,213929.688,4194304,4,69104,1
opt_ood,log18,collect_products,28,16,211445.312,4194304,4,69104,1
opt_ood,log18,prepared_products,28,16,210908.812,4194304,4,69104,1
opt_ood,log18,vector_1024,28,16,201731.750,4194304,2,20480,1
opt_ood,log18,tiled_1024,28,16,180161.500,4194304,2,20480,1
opt_ood,log18,indexed_products,28,16,211429.688,4194304,3,68080,1
opt_ood,log18,vector_2048,28,16,204049.500,4194304,2,34816,1
opt_ood,log18,tiled_grouped,29,16,179757.812,4194304,2,20480,1
opt_ood,log18,production_blocked,29,16,216380.250,4194304,22,135632,1
opt_ood,log18,tiled_1024,29,16,179786.438,4194304,2,20480,1
opt_ood,log18,vector_2048,29,16,212989.562,4194304,2,34816,1
opt_ood,log18,vector_1024,29,16,204377.625,4194304,2,20480,1
opt_ood,log18,indexed_products,29,16,223731.750,4194304,3,68080,1
opt_ood,log18,tiled_256,29,16,187971.375,4194304,2,20480,1
opt_ood,log18,reuse_products,29,16,219841.125,4194304,3,68080,1
opt_ood,log18,prepared_products,29,16,244682.250,4194304,4,69104,1
opt_ood,log18,collect_products,29,16,236742.188,4194304,4,69104,1
opt_ood,log18,vector_products,29,16,250442.688,4194304,4,69104,1
opt_ood,log18,tiled_collect,29,16,208091.125,4194304,2,20480,1
opt_ood,log18,prepared_products,30,16,265682.312,4194304,4,69104,1
opt_ood,log18,tiled_collect,30,16,204502.625,4194304,2,20480,1
opt_ood,log18,vector_products,30,16,258716.188,4194304,4,69104,1
opt_ood,log18,tiled_grouped,30,16,197140.625,4194304,2,20480,1
opt_ood,log18,production_blocked,30,16,240533.875,4194304,22,135632,1
opt_ood,log18,tiled_256,30,16,199757.812,4194304,2,20480,1
opt_ood,log18,indexed_products,30,16,228377.625,4194304,3,68080,1
opt_ood,log18,tiled_1024,30,16,195304.688,4194304,2,20480,1
opt_ood,log18,vector_2048,30,16,216440.125,4194304,2,34816,1
opt_ood,log18,reuse_products,30,16,220869.812,4194304,3,68080,1
opt_ood,log18,vector_1024,30,16,223364.562,4194304,2,20480,1
opt_ood,log18,collect_products,30,16,234950.500,4194304,4,69104,1
opt_ood,log18,vector_2048,31,16,204239.562,4194304,2,34816,1
opt_ood,log18,indexed_products,31,16,212812.500,4194304,3,68080,1
opt_ood,log18,tiled_256,31,16,184799.500,4194304,2,20480,1
opt_ood,log18,tiled_grouped,31,16,180846.375,4194304,2,20480,1
opt_ood,log18,collect_products,31,16,212242.188,4194304,4,69104,1
opt_ood,log18,production_blocked,31,16,215067.750,4194304,22,135632,1
opt_ood,log18,tiled_collect,31,16,180216.125,4194304,2,20480,1
opt_ood,log18,vector_products,31,16,215838.562,4194304,4,69104,1
opt_ood,log18,tiled_1024,31,16,182640.625,4194304,2,20480,1
opt_ood,log18,reuse_products,31,16,192299.438,4194304,3,68080,1
opt_ood,log18,prepared_products,31,16,214578.125,4194304,4,69104,1
opt_ood,log18,vector_1024,31,16,201783.812,4194304,2,20480,1
opt_ntt,log8_lanes1,incremental,0,2048,1173.177,12288,0,0,1
opt_ntt,log8_lanes1,depth_first,0,2048,4317.525,12288,0,0,1
opt_ntt,log8_lanes1,half_depth,0,2048,3445.841,12288,0,0,1
opt_ntt,log8_lanes1,tiled_half,0,2048,3098.226,12288,0,0,1
opt_ntt,log8_lanes1,production,0,2048,2677.246,12288,0,0,1
opt_ntt,log8_lanes1,incremental,1,2048,1170.878,12288,0,0,1
opt_ntt,log8_lanes1,half_depth,1,2048,3272.197,12288,0,0,1
opt_ntt,log8_lanes1,tiled_half,1,2048,3104.655,12288,0,0,1
opt_ntt,log8_lanes1,depth_first,1,2048,4616.211,12288,0,0,1
opt_ntt,log8_lanes1,production,1,2048,2644.389,12288,0,0,1
opt_ntt,log8_lanes1,half_depth,2,2048,3089.661,12288,0,0,1
opt_ntt,log8_lanes1,production,2,2048,2611.877,12288,0,0,1
opt_ntt,log8_lanes1,depth_first,2,2048,4204.203,12288,0,0,1
opt_ntt,log8_lanes1,incremental,2,2048,1186.259,12288,0,0,1
opt_ntt,log8_lanes1,tiled_half,2,2048,3155.090,12288,0,0,1
opt_ntt,log8_lanes1,half_depth,3,2048,3130.656,12288,0,0,1
opt_ntt,log8_lanes1,depth_first,3,2048,3669.739,12288,0,0,1
opt_ntt,log8_lanes1,production,3,2048,2530.579,12288,0,0,1
opt_ntt,log8_lanes1,incremental,3,2048,1173.259,12288,0,0,1
opt_ntt,log8_lanes1,tiled_half,3,2048,3053.650,12288,0,0,1
opt_ntt,log8_lanes1,production,4,2048,2540.039,12288,0,0,1
opt_ntt,log8_lanes1,depth_first,4,2048,3598.470,12288,0,0,1
opt_ntt,log8_lanes1,half_depth,4,2048,3028.422,12288,0,0,1
opt_ntt,log8_lanes1,tiled_half,4,2048,3029.785,12288,0,0,1
opt_ntt,log8_lanes1,incremental,4,2048,1173.401,12288,0,0,1
opt_ntt,log8_lanes1,tiled_half,5,2048,3022.807,12288,0,0,1
opt_ntt,log8_lanes1,depth_first,5,2048,3598.633,12288,0,0,1
opt_ntt,log8_lanes1,half_depth,5,2048,3138.021,12288,0,0,1
opt_ntt,log8_lanes1,incremental,5,2048,1224.487,12288,0,0,1
opt_ntt,log8_lanes1,production,5,2048,2644.247,12288,0,0,1
opt_ntt,log8_lanes1,production,6,2048,2643.392,12288,0,0,1
opt_ntt,log8_lanes1,incremental,6,2048,1245.809,12288,0,0,1
opt_ntt,log8_lanes1,depth_first,6,2048,3802.104,12288,0,0,1
opt_ntt,log8_lanes1,tiled_half,6,2048,3131.775,12288,0,0,1
opt_ntt,log8_lanes1,half_depth,6,2048,3126.546,12288,0,0,1
opt_ntt,log8_lanes1,production,7,2048,2683.675,12288,0,0,1
opt_ntt,log8_lanes1,half_depth,7,2048,3115.499,12288,0,0,1
opt_ntt,log8_lanes1,depth_first,7,2048,3949.972,12288,0,0,1
opt_ntt,log8_lanes1,tiled_half,7,2048,3136.007,12288,0,0,1
opt_ntt,log8_lanes1,incremental,7,2048,1191.610,12288,0,0,1
opt_ntt,log8_lanes1,incremental,8,2048,1182.027,12288,0,0,1
opt_ntt,log8_lanes1,production,8,2048,2553.528,12288,0,0,1
opt_ntt,log8_lanes1,tiled_half,8,2048,3029.500,12288,0,0,1
opt_ntt,log8_lanes1,depth_first,8,2048,3621.684,12288,0,0,1
opt_ntt,log8_lanes1,half_depth,8,2048,3144.022,12288,0,0,1
opt_ntt,log8_lanes1,production,9,2048,2684.021,12288,0,0,1
opt_ntt,log8_lanes1,tiled_half,9,2048,3174.255,12288,0,0,1
opt_ntt,log8_lanes1,incremental,9,2048,1234.579,12288,0,0,1
opt_ntt,log8_lanes1,depth_first,9,2048,3807.251,12288,0,0,1
opt_ntt,log8_lanes1,half_depth,9,2048,3189.066,12288,0,0,1
opt_ntt,log8_lanes1,half_depth,10,2048,3132.405,12288,0,0,1
opt_ntt,log8_lanes1,incremental,10,2048,1252.279,12288,0,0,1
opt_ntt,log8_lanes1,production,10,2048,2729.594,12288,0,0,1
opt_ntt,log8_lanes1,depth_first,10,2048,4948.608,12288,0,0,1
opt_ntt,log8_lanes1,tiled_half,10,2048,3071.188,12288,0,0,1
opt_ntt,log8_lanes1,production,11,2048,2621.867,12288,0,0,1
opt_ntt,log8_lanes1,tiled_half,11,2048,3600.098,12288,0,0,1
opt_ntt,log8_lanes1,half_depth,11,2048,3315.694,12288,0,0,1
opt_ntt,log8_lanes1,depth_first,11,2048,4590.047,12288,0,0,1
opt_ntt,log8_lanes1,incremental,11,2048,1266.744,12288,0,0,1
opt_ntt,log8_lanes1,incremental,12,2048,1255.981,12288,0,0,1
opt_ntt,log8_lanes1,tiled_half,12,2048,3687.439,12288,0,0,1
opt_ntt,log8_lanes1,half_depth,12,2048,3628.438,12288,0,0,1
opt_ntt,log8_lanes1,depth_first,12,2048,4680.318,12288,0,0,1
opt_ntt,log8_lanes1,production,12,2048,2811.340,12288,0,0,1
opt_ntt,log8_lanes1,production,13,2048,2746.887,12288,0,0,1
opt_ntt,log8_lanes1,incremental,13,2048,1198.893,12288,0,0,1
opt_ntt,log8_lanes1,depth_first,13,2048,3811.096,12288,0,0,1
opt_ntt,log8_lanes1,tiled_half,13,2048,3169.332,12288,0,0,1
opt_ntt,log8_lanes1,half_depth,13,2048,3037.618,12288,0,0,1
opt_ntt,log8_lanes1,half_depth,14,2048,3078.634,12288,0,0,1
opt_ntt,log8_lanes1,depth_first,14,2048,3812.154,12288,0,0,1
opt_ntt,log8_lanes1,incremental,14,2048,1298.645,12288,0,0,1
opt_ntt,log8_lanes1,production,14,2048,2933.756,12288,0,0,1
opt_ntt,log8_lanes1,tiled_half,14,2048,3245.341,12288,0,0,1
opt_ntt,log8_lanes1,depth_first,15,2048,4535.787,12288,0,0,1
opt_ntt,log8_lanes1,production,15,2048,2841.695,12288,0,0,1
opt_ntt,log8_lanes1,incremental,15,2048,1248.067,12288,0,0,1
opt_ntt,log8_lanes1,half_depth,15,2048,3470.683,12288,0,0,1
opt_ntt,log8_lanes1,tiled_half,15,2048,3412.048,12288,0,0,1
opt_ntt,log8_lanes1,half_depth,16,2048,3180.685,12288,0,0,1
opt_ntt,log8_lanes1,tiled_half,16,2048,3150.940,12288,0,0,1
opt_ntt,log8_lanes1,incremental,16,2048,1173.625,12288,0,0,1
opt_ntt,log8_lanes1,production,16,2048,2542.969,12288,0,0,1
opt_ntt,log8_lanes1,depth_first,16,2048,5364.909,12288,0,0,1
opt_ntt,log8_lanes1,depth_first,17,2048,3869.954,12288,0,0,1
opt_ntt,log8_lanes1,tiled_half,17,2048,3437.480,12288,0,0,1
opt_ntt,log8_lanes1,incremental,17,2048,1181.600,12288,0,0,1
opt_ntt,log8_lanes1,production,17,2048,2705.525,12288,0,0,1
opt_ntt,log8_lanes1,half_depth,17,2048,3056.803,12288,0,0,1
opt_ntt,log8_lanes1,tiled_half,18,2048,3062.418,12288,0,0,1
opt_ntt,log8_lanes1,half_depth,18,2048,3357.259,12288,0,0,1
opt_ntt,log8_lanes1,incremental,18,2048,1197.205,12288,0,0,1
opt_ntt,log8_lanes1,depth_first,18,2048,3939.474,12288,0,0,1
opt_ntt,log8_lanes1,production,18,2048,2853.271,12288,0,0,1
opt_ntt,log8_lanes1,incremental,19,2048,1288.737,12288,0,0,1
opt_ntt,log8_lanes1,half_depth,19,2048,3106.303,12288,0,0,1
opt_ntt,log8_lanes1,production,19,2048,2759.196,12288,0,0,1
opt_ntt,log8_lanes1,depth_first,19,2048,4011.312,12288,0,0,1
opt_ntt,log8_lanes1,tiled_half,19,2048,3412.109,12288,0,0,1
opt_ntt,log8_lanes1,incremental,20,2048,1310.079,12288,0,0,1
opt_ntt,log8_lanes1,tiled_half,20,2048,3269.816,12288,0,0,1
opt_ntt,log8_lanes1,depth_first,20,2048,4225.423,12288,0,0,1
opt_ntt,log8_lanes1,production,20,2048,2740.865,12288,0,0,1
opt_ntt,log8_lanes1,half_depth,20,2048,3496.155,12288,0,0,1
opt_ntt,log8_lanes1,tiled_half,21,2048,3530.151,12288,0,0,1
opt_ntt,log8_lanes1,incremental,21,2048,1283.285,12288,0,0,1
opt_ntt,log8_lanes1,production,21,2048,3032.633,12288,0,0,1
opt_ntt,log8_lanes1,half_depth,21,2048,3453.491,12288,0,0,1
opt_ntt,log8_lanes1,depth_first,21,2048,4539.999,12288,0,0,1
opt_ntt,log8_lanes1,depth_first,22,2048,4846.720,12288,0,0,1
opt_ntt,log8_lanes1,incremental,22,2048,1188.721,12288,0,0,1
opt_ntt,log8_lanes1,production,22,2048,2557.841,12288,0,0,1
opt_ntt,log8_lanes1,half_depth,22,2048,3455.953,12288,0,0,1
opt_ntt,log8_lanes1,tiled_half,22,2048,3484.639,12288,0,0,1
opt_ntt,log8_lanes1,depth_first,23,2048,4980.998,12288,0,0,1
opt_ntt,log8_lanes1,half_depth,23,2048,2996.501,12288,0,0,1
opt_ntt,log8_lanes1,production,23,2048,3002.136,12288,0,0,1
opt_ntt,log8_lanes1,tiled_half,23,2048,3205.363,12288,0,0,1
opt_ntt,log8_lanes1,incremental,23,2048,1183.370,12288,0,0,1
opt_ntt,log8_lanes1,depth_first,24,2048,4049.174,12288,0,0,1
opt_ntt,log8_lanes1,production,24,2048,2675.069,12288,0,0,1
opt_ntt,log8_lanes1,half_depth,24,2048,3225.139,12288,0,0,1
opt_ntt,log8_lanes1,tiled_half,24,2048,3063.171,12288,0,0,1
opt_ntt,log8_lanes1,incremental,24,2048,1242.208,12288,0,0,1
opt_ntt,log8_lanes1,production,25,2048,2705.098,12288,0,0,1
opt_ntt,log8_lanes1,tiled_half,25,2048,3384.623,12288,0,0,1
opt_ntt,log8_lanes1,incremental,25,2048,1300.923,12288,0,0,1
opt_ntt,log8_lanes1,half_depth,25,2048,3235.474,12288,0,0,1
opt_ntt,log8_lanes1,depth_first,25,2048,4671.549,12288,0,0,1
opt_ntt,log8_lanes1,half_depth,26,2048,3710.734,12288,0,0,1
opt_ntt,log8_lanes1,tiled_half,26,2048,3105.265,12288,0,0,1
opt_ntt,log8_lanes1,production,26,2048,2664.144,12288,0,0,1
opt_ntt,log8_lanes1,depth_first,26,2048,4733.887,12288,0,0,1
opt_ntt,log8_lanes1,incremental,26,2048,1174.438,12288,0,0,1
opt_ntt,log8_lanes1,production,27,2048,2550.944,12288,0,0,1
opt_ntt,log8_lanes1,tiled_half,27,2048,3235.779,12288,0,0,1
opt_ntt,log8_lanes1,incremental,27,2048,1185.526,12288,0,0,1
opt_ntt,log8_lanes1,depth_first,27,2048,3718.262,12288,0,0,1
opt_ntt,log8_lanes1,half_depth,27,2048,3171.631,12288,0,0,1
opt_ntt,log8_lanes1,depth_first,28,2048,3760.417,12288,0,0,1
opt_ntt,log8_lanes1,incremental,28,2048,1194.132,12288,0,0,1
opt_ntt,log8_lanes1,tiled_half,28,2048,3183.817,12288,0,0,1
opt_ntt,log8_lanes1,production,28,2048,2584.839,12288,0,0,1
opt_ntt,log8_lanes1,half_depth,28,2048,3236.369,12288,0,0,1
opt_ntt,log8_lanes1,production,29,2048,2888.245,12288,0,0,1
opt_ntt,log8_lanes1,half_depth,29,2048,3335.917,12288,0,0,1
opt_ntt,log8_lanes1,incremental,29,2048,1248.800,12288,0,0,1
opt_ntt,log8_lanes1,tiled_half,29,2048,3210.001,12288,0,0,1
opt_ntt,log8_lanes1,depth_first,29,2048,4522.318,12288,0,0,1
opt_ntt,log8_lanes1,half_depth,30,2048,3157.877,12288,0,0,1
opt_ntt,log8_lanes1,incremental,30,2048,1258.016,12288,0,0,1
opt_ntt,log8_lanes1,depth_first,30,2048,4695.170,12288,0,0,1
opt_ntt,log8_lanes1,tiled_half,30,2048,3629.903,12288,0,0,1
opt_ntt,log8_lanes1,production,30,2048,2899.699,12288,0,0,1
opt_ntt,log8_lanes1,half_depth,31,2048,2984.497,12288,0,0,1
opt_ntt,log8_lanes1,tiled_half,31,2048,2976.644,12288,0,0,1
opt_ntt,log8_lanes1,depth_first,31,2048,3930.257,12288,0,0,1
opt_ntt,log8_lanes1,incremental,31,2048,1179.850,12288,0,0,1
opt_ntt,log8_lanes1,production,31,2048,2794.515,12288,0,0,1
opt_ntt,log8_lanes32,depth_first,0,128,39494.141,393216,0,0,1
opt_ntt,log8_lanes32,tiled_half,0,128,30100.914,393216,0,0,1
opt_ntt,log8_lanes32,incremental,0,128,31503.250,393216,0,0,1
opt_ntt,log8_lanes32,half_depth,0,128,31602.211,393216,0,0,1
opt_ntt,log8_lanes32,production,0,128,45797.203,393216,0,0,1
opt_ntt,log8_lanes32,depth_first,1,128,39948.898,393216,0,0,1
opt_ntt,log8_lanes32,production,1,128,45660.805,393216,0,0,1
opt_ntt,log8_lanes32,tiled_half,1,128,30092.773,393216,0,0,1
opt_ntt,log8_lanes32,incremental,1,128,32305.016,393216,0,0,1
opt_ntt,log8_lanes32,half_depth,1,128,30945.641,393216,0,0,1
opt_ntt,log8_lanes32,depth_first,2,128,42320.641,393216,0,0,1
opt_ntt,log8_lanes32,tiled_half,2,128,31542.312,393216,0,0,1
opt_ntt,log8_lanes32,half_depth,2,128,33908.523,393216,0,0,1
opt_ntt,log8_lanes32,production,2,128,45697.594,393216,0,0,1
opt_ntt,log8_lanes32,incremental,2,128,31737.305,393216,0,0,1
opt_ntt,log8_lanes32,production,3,128,45944.016,393216,0,0,1
opt_ntt,log8_lanes32,depth_first,3,128,41798.828,393216,0,0,1
opt_ntt,log8_lanes32,half_depth,3,128,34255.211,393216,0,0,1
opt_ntt,log8_lanes32,tiled_half,3,128,33107.422,393216,0,0,1
opt_ntt,log8_lanes32,incremental,3,128,33276.695,393216,0,0,1
opt_ntt,log8_lanes32,half_depth,4,128,33516.602,393216,0,0,1
opt_ntt,log8_lanes32,depth_first,4,128,41680.016,393216,0,0,1
opt_ntt,log8_lanes32,incremental,4,128,31417.648,393216,0,0,1
opt_ntt,log8_lanes32,tiled_half,4,128,31910.805,393216,0,0,1
opt_ntt,log8_lanes32,production,4,128,48274.086,393216,0,0,1
opt_ntt,log8_lanes32,half_depth,5,128,32540.688,393216,0,0,1
opt_ntt,log8_lanes32,incremental,5,128,32349.938,393216,0,0,1
opt_ntt,log8_lanes32,depth_first,5,128,42372.727,393216,0,0,1
opt_ntt,log8_lanes32,production,5,128,49672.203,393216,0,0,1
opt_ntt,log8_lanes32,tiled_half,5,128,34089.188,393216,0,0,1
opt_ntt,log8_lanes32,half_depth,6,128,32364.906,393216,0,0,1
opt_ntt,log8_lanes32,production,6,128,49998.047,393216,0,0,1
opt_ntt,log8_lanes32,depth_first,6,128,41690.758,393216,0,0,1
opt_ntt,log8_lanes32,tiled_half,6,128,32282.227,393216,0,0,1
opt_ntt,log8_lanes32,incremental,6,128,32115.234,393216,0,0,1
opt_ntt,log8_lanes32,production,7,128,48853.516,393216,0,0,1
opt_ntt,log8_lanes32,half_depth,7,128,32511.391,393216,0,0,1
opt_ntt,log8_lanes32,tiled_half,7,128,32810.219,393216,0,0,1
opt_ntt,log8_lanes32,depth_first,7,128,42456.383,393216,0,0,1
opt_ntt,log8_lanes32,incremental,7,128,32983.398,393216,0,0,1
opt_ntt,log8_lanes32,half_depth,8,128,32961.266,393216,0,0,1
opt_ntt,log8_lanes32,tiled_half,8,128,32049.148,393216,0,0,1
opt_ntt,log8_lanes32,production,8,128,47372.070,393216,0,0,1
opt_ntt,log8_lanes32,depth_first,8,128,39574.219,393216,0,0,1
opt_ntt,log8_lanes32,incremental,8,128,30250.000,393216,0,0,1
opt_ntt,log8_lanes32,half_depth,9,128,30594.078,393216,0,0,1
opt_ntt,log8_lanes32,depth_first,9,128,40200.195,393216,0,0,1
opt_ntt,log8_lanes32,incremental,9,128,31768.875,393216,0,0,1
opt_ntt,log8_lanes32,tiled_half,9,128,30273.766,393216,0,0,1
opt_ntt,log8_lanes32,production,9,128,46150.070,393216,0,0,1
opt_ntt,log8_lanes32,depth_first,10,128,39752.930,393216,0,0,1
opt_ntt,log8_lanes32,incremental,10,128,31864.578,393216,0,0,1
opt_ntt,log8_lanes32,half_depth,10,128,31638.344,393216,0,0,1
opt_ntt,log8_lanes32,tiled_half,10,128,30361.656,393216,0,0,1
opt_ntt,log8_lanes32,production,10,128,46010.094,393216,0,0,1
opt_ntt,log8_lanes32,tiled_half,11,128,30289.391,393216,0,0,1
opt_ntt,log8_lanes32,incremental,11,128,30906.250,393216,0,0,1
opt_ntt,log8_lanes32,half_depth,11,128,32897.789,393216,0,0,1
opt_ntt,log8_lanes32,depth_first,11,128,41967.773,393216,0,0,1
opt_ntt,log8_lanes32,production,11,128,46693.359,393216,0,0,1
opt_ntt,log8_lanes32,half_depth,12,128,32573.242,393216,0,0,1
opt_ntt,log8_lanes32,production,12,128,48816.734,393216,0,0,1
opt_ntt,log8_lanes32,incremental,12,128,32791.992,393216,0,0,1
opt_ntt,log8_lanes32,tiled_half,12,128,32918.617,393216,0,0,1
opt_ntt,log8_lanes32,depth_first,12,128,42697.586,393216,0,0,1
opt_ntt,log8_lanes32,tiled_half,13,128,31292.320,393216,0,0,1
opt_ntt,log8_lanes32,production,13,128,49356.117,393216,0,0,1
opt_ntt,log8_lanes32,depth_first,13,128,42695.312,393216,0,0,1
opt_ntt,log8_lanes32,half_depth,13,128,32257.812,393216,0,0,1
opt_ntt,log8_lanes32,incremental,13,128,31172.531,393216,0,0,1
opt_ntt,log8_lanes32,incremental,14,128,31975.266,393216,0,0,1
opt_ntt,log8_lanes32,production,14,128,46491.531,393216,0,0,1
opt_ntt,log8_lanes32,tiled_half,14,128,30528.969,393216,0,0,1
opt_ntt,log8_lanes32,depth_first,14,128,39892.578,393216,0,0,1
opt_ntt,log8_lanes32,half_depth,14,128,31647.141,393216,0,0,1
opt_ntt,log8_lanes32,half_depth,15,128,32231.445,393216,0,0,1
opt_ntt,log8_lanes32,incremental,15,128,32323.242,393216,0,0,1
opt_ntt,log8_lanes32,depth_first,15,128,39648.766,393216,0,0,1
opt_ntt,log8_lanes32,production,15,128,46597.977,393216,0,0,1
opt_ntt,log8_lanes32,tiled_half,15,128,32308.594,393216,0,0,1
opt_ntt,log8_lanes32,incremental,16,128,33390.945,393216,0,0,1
opt_ntt,log8_lanes32,tiled_half,16,128,32148.766,393216,0,0,1
opt_ntt,log8_lanes32,production,16,128,48763.023,393216,0,0,1
opt_ntt,log8_lanes32,half_depth,16,128,33808.266,393216,0,0,1
opt_ntt,log8_lanes32,depth_first,16,128,42793.289,393216,0,0,1
opt_ntt,log8_lanes32,depth_first,17,128,41981.445,393216,0,0,1
opt_ntt,log8_lanes32,half_depth,17,128,33087.242,393216,0,0,1
opt_ntt,log8_lanes32,tiled_half,17,128,32325.195,393216,0,0,1
opt_ntt,log8_lanes32,production,17,128,48674.805,393216,0,0,1
opt_ntt,log8_lanes32,incremental,17,128,33858.078,393216,0,0,1
opt_ntt,log8_lanes32,tiled_half,18,128,32459.961,393216,0,0,1
opt_ntt,log8_lanes32,incremental,18,128,32998.695,393216,0,0,1
opt_ntt,log8_lanes32,depth_first,18,128,39926.102,393216,0,0,1
opt_ntt,log8_lanes32,half_depth,18,128,32806.961,393216,0,0,1
opt_ntt,log8_lanes32,production,18,128,48225.586,393216,0,0,1
opt_ntt,log8_lanes32,depth_first,19,128,40247.070,393216,0,0,1
opt_ntt,log8_lanes32,incremental,19,128,31726.234,393216,0,0,1
opt_ntt,log8_lanes32,half_depth,19,128,31828.125,393216,0,0,1
opt_ntt,log8_lanes32,production,19,128,45966.141,393216,0,0,1
opt_ntt,log8_lanes32,tiled_half,19,128,30350.258,393216,0,0,1
opt_ntt,log8_lanes32,depth_first,20,128,40263.672,393216,0,0,1
opt_ntt,log8_lanes32,production,20,128,46194.992,393216,0,0,1
opt_ntt,log8_lanes32,tiled_half,20,128,30717.773,393216,0,0,1
opt_ntt,log8_lanes32,incremental,20,128,31649.742,393216,0,0,1
opt_ntt,log8_lanes32,half_depth,20,128,32906.578,393216,0,0,1
opt_ntt,log8_lanes32,depth_first,21,128,43298.180,393216,0,0,1
opt_ntt,log8_lanes32,incremental,21,128,33231.773,393216,0,0,1
opt_ntt,log8_lanes32,production,21,128,50193.039,393216,0,0,1
opt_ntt,log8_lanes32,half_depth,21,128,34943.031,393216,0,0,1
opt_ntt,log8_lanes32,tiled_half,21,128,31853.188,393216,0,0,1
opt_ntt,log8_lanes32,incremental,22,128,31755.859,393216,0,0,1
opt_ntt,log8_lanes32,tiled_half,22,128,31973.305,393216,0,0,1
opt_ntt,log8_lanes32,depth_first,22,128,43587.891,393216,0,0,1
opt_ntt,log8_lanes32,production,22,128,48693.031,393216,0,0,1
opt_ntt,log8_lanes32,half_depth,22,128,33991.211,393216,0,0,1
opt_ntt,log8_lanes32,production,23,128,54348.305,393216,0,0,1
opt_ntt,log8_lanes32,incremental,23,128,35019.859,393216,0,0,1
opt_ntt,log8_lanes32,half_depth,23,128,33562.820,393216,0,0,1
opt_ntt,log8_lanes32,depth_first,23,128,41504.227,393216,0,0,1
opt_ntt,log8_lanes32,tiled_half,23,128,30743.492,393216,0,0,1
opt_ntt,log8_lanes32,depth_first,24,128,40230.469,393216,0,0,1
opt_ntt,log8_lanes32,production,24,128,48274.094,393216,0,0,1
opt_ntt,log8_lanes32,tiled_half,24,128,31941.078,393216,0,0,1
opt_ntt,log8_lanes32,half_depth,24,128,31697.266,393216,0,0,1
opt_ntt,log8_lanes32,incremental,24,128,32763.352,393216,0,0,1
opt_ntt,log8_lanes32,depth_first,25,128,42627.930,393216,0,0,1
opt_ntt,log8_lanes32,half_depth,25,128,33340.820,393216,0,0,1
opt_ntt,log8_lanes32,incremental,25,128,33972.984,393216,0,0,1
opt_ntt,log8_lanes32,production,25,128,49165.359,393216,0,0,1
opt_ntt,log8_lanes32,tiled_half,25,128,32085.938,393216,0,0,1
opt_ntt,log8_lanes32,production,26,128,48743.492,393216,0,0,1
opt_ntt,log8_lanes32,incremental,26,128,33594.070,393216,0,0,1
opt_ntt,log8_lanes32,tiled_half,26,128,32455.078,393216,0,0,1
opt_ntt,log8_lanes32,depth_first,26,128,40357.422,393216,0,0,1
opt_ntt,log8_lanes32,half_depth,26,128,30242.844,393216,0,0,1
opt_ntt,log8_lanes32,production,27,128,45671.875,393216,0,0,1
opt_ntt,log8_lanes32,depth_first,27,128,39951.172,393216,0,0,1
opt_ntt,log8_lanes32,tiled_half,27,128,30272.461,393216,0,0,1
opt_ntt,log8_lanes32,half_depth,27,128,30488.602,393216,0,0,1
opt_ntt,log8_lanes32,incremental,27,128,33319.008,393216,0,0,1
opt_ntt,log8_lanes32,half_depth,28,128,32622.727,393216,0,0,1
opt_ntt,log8_lanes32,tiled_half,28,128,31191.734,393216,0,0,1
opt_ntt,log8_lanes32,incremental,28,128,31800.133,393216,0,0,1
opt_ntt,log8_lanes32,depth_first,28,128,39593.750,393216,0,0,1
opt_ntt,log8_lanes32,production,28,128,47660.805,393216,0,0,1
opt_ntt,log8_lanes32,tiled_half,29,128,33265.953,393216,0,0,1
opt_ntt,log8_lanes32,half_depth,29,128,33700.195,393216,0,0,1
opt_ntt,log8_lanes32,incremental,29,128,34269.531,393216,0,0,1
opt_ntt,log8_lanes32,production,29,128,49175.453,393216,0,0,1
opt_ntt,log8_lanes32,depth_first,29,128,43859.703,393216,0,0,1
opt_ntt,log8_lanes32,production,30,128,51168.945,393216,0,0,1
opt_ntt,log8_lanes32,tiled_half,30,128,33921.219,393216,0,0,1
opt_ntt,log8_lanes32,incremental,30,128,34729.172,393216,0,0,1
opt_ntt,log8_lanes32,depth_first,30,128,42845.055,393216,0,0,1
opt_ntt,log8_lanes32,half_depth,30,128,33931.641,393216,0,0,1
opt_ntt,log8_lanes32,tiled_half,31,128,32263.672,393216,0,0,1
opt_ntt,log8_lanes32,incremental,31,128,33455.734,393216,0,0,1
opt_ntt,log8_lanes32,depth_first,31,128,40808.273,393216,0,0,1
opt_ntt,log8_lanes32,half_depth,31,128,32686.523,393216,0,0,1
opt_ntt,log8_lanes32,production,31,128,46424.805,393216,0,0,1
opt_ntt,log12_lanes8,incremental,0,8,355083.375,1572864,0,0,1
opt_ntt,log12_lanes8,half_depth,0,8,350265.625,1572864,0,0,1
opt_ntt,log12_lanes8,tiled_half,0,8,355020.875,1572864,0,0,1
opt_ntt,log12_lanes8,production,0,8,418218.750,1572864,0,0,1
opt_ntt,log12_lanes8,depth_first,0,8,366250.000,1572864,0,0,1
opt_ntt,log12_lanes8,tiled_half,1,8,344682.250,1572864,0,0,1
opt_ntt,log12_lanes8,half_depth,1,8,332109.375,1572864,0,0,1
opt_ntt,log12_lanes8,depth_first,1,8,365296.875,1572864,0,0,1
opt_ntt,log12_lanes8,incremental,1,8,345281.250,1572864,0,0,1
opt_ntt,log12_lanes8,production,1,8,412448.000,1572864,0,0,1
opt_ntt,log12_lanes8,tiled_half,2,8,338078.125,1572864,0,0,1
opt_ntt,log12_lanes8,depth_first,2,8,369838.625,1572864,0,0,1
opt_ntt,log12_lanes8,incremental,2,8,335989.625,1572864,0,0,1
opt_ntt,log12_lanes8,half_depth,2,8,334192.750,1572864,0,0,1
opt_ntt,log12_lanes8,production,2,8,417250.000,1572864,0,0,1
opt_ntt,log12_lanes8,half_depth,3,8,336442.750,1572864,0,0,1
opt_ntt,log12_lanes8,production,3,8,414635.375,1572864,0,0,1
opt_ntt,log12_lanes8,tiled_half,3,8,342500.000,1572864,0,0,1
opt_ntt,log12_lanes8,incremental,3,8,367474.000,1572864,0,0,1
opt_ntt,log12_lanes8,depth_first,3,8,422401.125,1572864,0,0,1
opt_ntt,log12_lanes8,half_depth,4,8,357151.000,1572864,0,0,1
opt_ntt,log12_lanes8,tiled_half,4,8,353770.750,1572864,0,0,1
opt_ntt,log12_lanes8,incremental,4,8,367703.125,1572864,0,0,1
opt_ntt,log12_lanes8,production,4,8,436781.250,1572864,0,0,1
opt_ntt,log12_lanes8,depth_first,4,8,386703.125,1572864,0,0,1
opt_ntt,log12_lanes8,incremental,5,8,347078.125,1572864,0,0,1
opt_ntt,log12_lanes8,tiled_half,5,8,352937.500,1572864,0,0,1
opt_ntt,log12_lanes8,depth_first,5,8,386875.000,1572864,0,0,1
opt_ntt,log12_lanes8,production,5,8,446088.500,1572864,0,0,1
opt_ntt,log12_lanes8,half_depth,5,8,362458.250,1572864,0,0,1
opt_ntt,log12_lanes8,incremental,6,8,360078.125,1572864,0,0,1
opt_ntt,log12_lanes8,half_depth,6,8,361000.000,1572864,0,0,1
opt_ntt,log12_lanes8,depth_first,6,8,404052.000,1572864,0,0,1
opt_ntt,log12_lanes8,tiled_half,6,8,369067.750,1572864,0,0,1
opt_ntt,log12_lanes8,production,6,8,435041.625,1572864,0,0,1
opt_ntt,log12_lanes8,depth_first,7,8,375020.875,1572864,0,0,1
opt_ntt,log12_lanes8,tiled_half,7,8,359182.250,1572864,0,0,1
opt_ntt,log12_lanes8,production,7,8,448854.125,1572864,0,0,1
opt_ntt,log12_lanes8,incremental,7,8,337984.375,1572864,0,0,1
opt_ntt,log12_lanes8,half_depth,7,8,330755.250,1572864,0,0,1
opt_ntt,log12_lanes8,tiled_half,8,8,328869.750,1572864,0,0,1
opt_ntt,log12_lanes8,half_depth,8,8,330041.750,1572864,0,0,1
opt_ntt,log12_lanes8,production,8,8,407083.250,1572864,0,0,1
opt_ntt,log12_lanes8,depth_first,8,8,359333.250,1572864,0,0,1
opt_ntt,log12_lanes8,incremental,8,8,330817.750,1572864,0,0,1
opt_ntt,log12_lanes8,depth_first,9,8,362291.625,1572864,0,0,1
opt_ntt,log12_lanes8,production,9,8,405557.375,1572864,0,0,1
opt_ntt,log12_lanes8,tiled_half,9,8,325927.125,1572864,0,0,1
opt_ntt,log12_lanes8,incremental,9,8,329463.500,1572864,0,0,1
opt_ntt,log12_lanes8,half_depth,9,8,331671.875,1572864,0,0,1
opt_ntt,log12_lanes8,depth_first,10,8,364895.750,1572864,0,0,1
opt_ntt,log12_lanes8,half_depth,10,8,331036.375,1572864,0,0,1
opt_ntt,log12_lanes8,incremental,10,8,329447.875,1572864,0,0,1
opt_ntt,log12_lanes8,production,10,8,405036.500,1572864,0,0,1
opt_ntt,log12_lanes8,tiled_half,10,8,343104.125,1572864,0,0,1
opt_ntt,log12_lanes8,tiled_half,11,8,346854.125,1572864,0,0,1
opt_ntt,log12_lanes8,production,11,8,442072.875,1572864,0,0,1
opt_ntt,log12_lanes8,half_depth,11,8,337130.250,1572864,0,0,1
opt_ntt,log12_lanes8,incremental,11,8,335109.375,1572864,0,0,1
opt_ntt,log12_lanes8,depth_first,11,8,365994.875,1572864,0,0,1
opt_ntt,log12_lanes8,incremental,12,8,341807.250,1572864,0,0,1
opt_ntt,log12_lanes8,tiled_half,12,8,334067.625,1572864,0,0,1
opt_ntt,log12_lanes8,depth_first,12,8,367505.250,1572864,0,0,1
opt_ntt,log12_lanes8,half_depth,12,8,345703.125,1572864,0,0,1
opt_ntt,log12_lanes8,production,12,8,443755.250,1572864,0,0,1
opt_ntt,log12_lanes8,half_depth,13,8,367755.250,1572864,0,0,1
opt_ntt,log12_lanes8,production,13,8,464484.375,1572864,0,0,1
opt_ntt,log12_lanes8,incremental,13,8,376015.625,1572864,0,0,1
opt_ntt,log12_lanes8,tiled_half,13,8,372781.250,1572864,0,0,1
opt_ntt,log12_lanes8,depth_first,13,8,389458.375,1572864,0,0,1
opt_ntt,log12_lanes8,incremental,14,8,356151.000,1572864,0,0,1
opt_ntt,log12_lanes8,half_depth,14,8,355276.000,1572864,0,0,1
opt_ntt,log12_lanes8,depth_first,14,8,388822.875,1572864,0,0,1
opt_ntt,log12_lanes8,production,14,8,431260.500,1572864,0,0,1
opt_ntt,log12_lanes8,tiled_half,14,8,353948.000,1572864,0,0,1
opt_ntt,log12_lanes8,half_depth,15,8,352401.000,1572864,0,0,1
opt_ntt,log12_lanes8,incremental,15,8,355531.250,1572864,0,0,1
opt_ntt,log12_lanes8,production,15,8,439255.250,1572864,0,0,1
opt_ntt,log12_lanes8,tiled_half,15,8,350072.875,1572864,0,0,1
opt_ntt,log12_lanes8,depth_first,15,8,394875.000,1572864,0,0,1
opt_ntt,log12_lanes8,tiled_half,16,8,364026.000,1572864,0,0,1
opt_ntt,log12_lanes8,half_depth,16,8,354755.125,1572864,0,0,1
opt_ntt,log12_lanes8,depth_first,16,8,388046.875,1572864,0,0,1
opt_ntt,log12_lanes8,incremental,16,8,333682.375,1572864,0,0,1
opt_ntt,log12_lanes8,production,16,8,407531.250,1572864,0,0,1
opt_ntt,log12_lanes8,half_depth,17,8,329807.375,1572864,0,0,1
opt_ntt,log12_lanes8,depth_first,17,8,362744.750,1572864,0,0,1
opt_ntt,log12_lanes8,incremental,17,8,331578.125,1572864,0,0,1
opt_ntt,log12_lanes8,tiled_half,17,8,327901.000,1572864,0,0,1
opt_ntt,log12_lanes8,production,17,8,409692.750,1572864,0,0,1
opt_ntt,log12_lanes8,half_depth,18,8,334203.125,1572864,0,0,1
opt_ntt,log12_lanes8,production,18,8,408494.750,1572864,0,0,1
opt_ntt,log12_lanes8,depth_first,18,8,361760.500,1572864,0,0,1
opt_ntt,log12_lanes8,incremental,18,8,331791.625,1572864,0,0,1
opt_ntt,log12_lanes8,tiled_half,18,8,330671.875,1572864,0,0,1
opt_ntt,log12_lanes8,depth_first,19,8,365916.625,1572864,0,0,1
opt_ntt,log12_lanes8,production,19,8,405182.375,1572864,0,0,1
opt_ntt,log12_lanes8,incremental,19,8,329723.875,1572864,0,0,1
opt_ntt,log12_lanes8,half_depth,19,8,328380.125,1572864,0,0,1
opt_ntt,log12_lanes8,tiled_half,19,8,327442.750,1572864,0,0,1
opt_ntt,log12_lanes8,tiled_half,20,8,326776.000,1572864,0,0,1
opt_ntt,log12_lanes8,incremental,20,8,329265.625,1572864,0,0,1
opt_ntt,log12_lanes8,depth_first,20,8,360916.625,1572864,0,0,1
opt_ntt,log12_lanes8,half_depth,20,8,345489.625,1572864,0,0,1
opt_ntt,log12_lanes8,production,20,8,428557.250,1572864,0,0,1
opt_ntt,log12_lanes8,production,21,8,418421.875,1572864,0,0,1
opt_ntt,log12_lanes8,incremental,21,8,327354.250,1572864,0,0,1
opt_ntt,log12_lanes8,tiled_half,21,8,331385.375,1572864,0,0,1
opt_ntt,log12_lanes8,half_depth,21,8,338682.250,1572864,0,0,1
opt_ntt,log12_lanes8,depth_first,21,8,369817.625,1572864,0,0,1
opt_ntt,log12_lanes8,incremental,22,8,335937.500,1572864,0,0,1
opt_ntt,log12_lanes8,production,22,8,434093.750,1572864,0,0,1
opt_ntt,log12_lanes8,depth_first,22,8,391770.875,1572864,0,0,1
opt_ntt,log12_lanes8,tiled_half,22,8,343916.625,1572864,0,0,1
opt_ntt,log12_lanes8,half_depth,22,8,360869.750,1572864,0,0,1
opt_ntt,log12_lanes8,incremental,23,8,363645.750,1572864,0,0,1
opt_ntt,log12_lanes8,production,23,8,460494.750,1572864,0,0,1
opt_ntt,log12_lanes8,depth_first,23,8,420708.375,1572864,0,0,1
opt_ntt,log12_lanes8,half_depth,23,8,372432.250,1572864,0,0,1
opt_ntt,log12_lanes8,tiled_half,23,8,359489.625,1572864,0,0,1
opt_ntt,log12_lanes8,half_depth,24,8,366203.125,1572864,0,0,1
opt_ntt,log12_lanes8,tiled_half,24,8,376823.000,1572864,0,0,1
opt_ntt,log12_lanes8,depth_first,24,8,397406.250,1572864,0,0,1
opt_ntt,log12_lanes8,production,24,8,446380.125,1572864,0,0,1
opt_ntt,log12_lanes8,incremental,24,8,362791.625,1572864,0,0,1
opt_ntt,log12_lanes8,tiled_half,25,8,362682.375,1572864,0,0,1
opt_ntt,log12_lanes8,depth_first,25,8,396515.625,1572864,0,0,1
opt_ntt,log12_lanes8,incremental,25,8,364656.250,1572864,0,0,1
opt_ntt,log12_lanes8,half_depth,25,8,362890.625,1572864,0,0,1
opt_ntt,log12_lanes8,production,25,8,452078.125,1572864,0,0,1
opt_ntt,log12_lanes8,tiled_half,26,8,357546.875,1572864,0,0,1
opt_ntt,log12_lanes8,depth_first,26,8,397770.875,1572864,0,0,1
opt_ntt,log12_lanes8,incremental,26,8,342078.125,1572864,0,0,1
opt_ntt,log12_lanes8,half_depth,26,8,336536.500,1572864,0,0,1
opt_ntt,log12_lanes8,production,26,8,418432.250,1572864,0,0,1
opt_ntt,log12_lanes8,half_depth,27,8,341609.375,1572864,0,0,1
opt_ntt,log12_lanes8,incremental,27,8,337177.000,1572864,0,0,1
opt_ntt,log12_lanes8,tiled_half,27,8,339765.625,1572864,0,0,1
opt_ntt,log12_lanes8,production,27,8,417645.875,1572864,0,0,1
opt_ntt,log12_lanes8,depth_first,27,8,387718.750,1572864,0,0,1
opt_ntt,log12_lanes8,tiled_half,28,8,356520.750,1572864,0,0,1
opt_ntt,log12_lanes8,depth_first,28,8,373864.625,1572864,0,0,1
opt_ntt,log12_lanes8,production,28,8,429171.875,1572864,0,0,1
opt_ntt,log12_lanes8,half_depth,28,8,354260.375,1572864,0,0,1
opt_ntt,log12_lanes8,incremental,28,8,354849.000,1572864,0,0,1
opt_ntt,log12_lanes8,depth_first,29,8,393692.625,1572864,0,0,1
opt_ntt,log12_lanes8,tiled_half,29,8,356229.125,1572864,0,0,1
opt_ntt,log12_lanes8,production,29,8,446677.000,1572864,0,0,1
opt_ntt,log12_lanes8,incremental,29,8,358401.125,1572864,0,0,1
opt_ntt,log12_lanes8,half_depth,29,8,355250.000,1572864,0,0,1
opt_ntt,log12_lanes8,production,30,8,457177.125,1572864,0,0,1
opt_ntt,log12_lanes8,half_depth,30,8,357484.375,1572864,0,0,1
opt_ntt,log12_lanes8,tiled_half,30,8,362619.875,1572864,0,0,1
opt_ntt,log12_lanes8,incremental,30,8,345979.125,1572864,0,0,1
opt_ntt,log12_lanes8,depth_first,30,8,383479.125,1572864,0,0,1
opt_ntt,log12_lanes8,production,31,8,414130.125,1572864,0,0,1
opt_ntt,log12_lanes8,half_depth,31,8,357041.625,1572864,0,0,1
opt_ntt,log12_lanes8,depth_first,31,8,426578.125,1572864,0,0,1
opt_ntt,log12_lanes8,tiled_half,31,8,387171.875,1572864,0,0,1
opt_ntt,log12_lanes8,incremental,31,8,379375.000,1572864,0,0,1
